en_id,en_slug,it_id,status,fields_updated,error,timestamp
00354e8a-eb98-47a7-9c6d-3f80bf2b3e1d,groping-through-the-dark,fad4fa17-256a-4dca-a1f5-cf3edc4dbc39,ok,"categoria_menu,forma,tema_label,temi",,2026-04-19T08:52:14.656592
0034df2e-363b-494d-9db3-943d35192da0,degrowth-a-book-review,7d80dfa5-5ef5-49fe-9df4-ff511c51488e,ok,"categoria_menu,forma,tema_label,didascalia_copertina,temi",,2026-04-19T08:52:14.653579
00532847-08c4-40de-831b-4ea84b25f875,real-connection,96dba73e-ee2b-4629-ad23-f2e2ccb229dd,ok,"categoria_menu,forma,tema_label,didascalia_copertina,temi,tags",,2026-04-19T08:52:14.658933
0031a4c4-1bb1-4a61-9664-cf8975e9255e,bologna-to-rome-pedaling-possibilities-in-the-rainbow-communitys-tandem-journey,38f5b66a-e4d2-422e-b371-a06529ed1622,ok,"categoria_menu,forma,tema_label,didascalia_copertina,temi",,2026-04-19T08:52:14.650893
00584bb4-7732-4431-ac28-4a70d9d7f1f9,love-and-loneliness-the-price-of-independence,3332a0f1-53a1-453a-80cf-4c2abd95271f,ok,"categoria_menu,forma,tema_label,temi,tags",,2026-04-19T08:52:15.305833
005b5d93-2114-4250-b79e-1ad3033d2270,shadows-and-light-issue-6-1984,36840739-dbda-47a9-aa65-76fe36ba0868,ok,"categoria_menu,forma,tema_label,temi",,2026-04-19T08:52:15.372600
00596edb-69bb-4af7-bc32-23048cbb1b89,22-mini-games-to-play-together,70ca666b-b667-4fd8-a7ad-96e24a30f7fd,ok,"categoria_menu,forma,tema_label,didascalia_copertina,temi,tags",,2026-04-19T08:52:15.363627
005e63bf-90bb-4efa-a721-58773355d8e8,pinocchio-on-stage-theater-that-brings-everyone-together,385caffa-3771-4e51-b1a9-da0cca4ba1bc,ok,"categoria_menu,forma,tema_label,didascalia_copertina,temi,tags",,2026-04-19T08:52:15.388588
00652293-1e1c-465b-9c28-f972705727a6,as-if-it-were-the-most-natural-thing-in-the-world,33b85138-d875-47a7-8e2a-44ba2a273a8a,ok,"categoria_menu,forma,tema_label,didascalia_copertina,temi",,2026-04-19T08:52:15.598817
0077b6f5-7f4a-4c28-97ff-e8fac7ad342c,raging-with-blame-a-mothers-search-for-guilt,7ff5350f-28d3-43af-a97a-62c7b48c8067,ok,"categoria_menu,forma,tema_label,temi,tags",,2026-04-19T08:52:15.717063
0098ffae-272e-4422-a1ae-e3024fdb90d4,the-father-as-citizen,f2414768-25f2-4b52-ba14-a6141742a483,ok,"categoria_menu,forma,tema_label,temi,tags",,2026-04-19T08:52:15.752819
00bc9d8c-2a58-4e5b-bc11-284dc8160c9d,the-endine-community-home,dec393c7-44dd-43ad-a71e-18fd16788bf9,ok,"categoria_menu,forma,tema_label,temi,tags",,2026-04-19T08:52:15.791426
00c1d596-4375-44d3-95e1-85f637ea8287,new-technology-and-disability-handimatica-2002-whats-on-the-agenda,175734ef-cadf-4f91-8c73-cf9399d78305,ok,"categoria_menu,forma,tema_label,temi,tags",,2026-04-19T08:52:15.938552
00c5db78-03cd-4aa2-be34-622f9c72460d,when-i-becomes-we,ede3004f-b032-4a2d-a96a-42bec96f92ef,ok,"categoria_menu,forma,tema_label,didascalia_copertina,temi",,2026-04-19T08:52:16.027520
00f98fde-d04d-413d-a7f2-a9e15b3190ee,a-serious-accident,1893b7cc-fb57-4c59-a345-b62471a35239,ok,"categoria_menu,forma,tema_label,temi,tags",,2026-04-19T08:52:16.120553
0118178b-c37d-4f6e-b7b9-c5541b8c65e5,raising-an-autistic-child-at-home-an-act-of-love,14277843-6047-4613-9a1f-b5351cd8eb4a,ok,"categoria_menu,forma,tema_label,didascalia_copertina,temi",,2026-04-19T08:52:16.199046
0119c70b-04c4-4745-846b-6c99e9c723d2,questions-and-answers-about-your-childs-future,c1a18bf8-3fef-42ec-a740-085ede1e694c,ok,"categoria_menu,forma,tema_label,didascalia_copertina,temi,tags",,2026-04-19T08:52:16.284011
0137deed-a4f2-4745-b8f9-938b5a529054,brick-by-brick,27936de4-5088-41f7-a67c-d3747ee6568e,ok,"categoria_menu,forma,tema_label,temi",,2026-04-19T08:52:16.371983
0141f850-47b9-4dcd-996e-b46650d132a4,a-creative-workshop-in-pantigliate,d03895b2-b216-4887-a767-a3e2d3ba428e,ok,"categoria_menu,forma,tema_label,didascalia_copertina,temi",,2026-04-19T08:52:16.488498
0144e423-fe2c-44d8-a184-5c9434fe1a5b,gospel-imagination-and-intelligence,89c8d840-8349-43ee-b8ee-49d9cb09089d,ok,"categoria_menu,forma,tema_label,didascalia_copertina,temi,tags",,2026-04-19T08:52:16.523917
01556dc0-4ddd-413f-95e4-5240b5feb8e4,a-prophecy,f42d896c-a849-49b7-aaed-110c8324f082,ok,"categoria_menu,forma,tema_label,didascalia_copertina,temi,tags",,2026-04-19T08:52:16.607203
015b4d28-d192-4483-a961-3445d098e30b,your-will-be-done,8135f53f-a53f-4964-a204-a5d1b372ba10,ok,"categoria_menu,forma,tema_label,temi",,2026-04-19T08:52:16.760717
01796052-1cd7-4d7f-ab0e-30bf2c299420,giuseppe-conte-called-me,4c253695-0f5d-4fdb-ab86-2060f1542002,ok,"categoria_menu,forma,tema_label,temi",,2026-04-19T08:52:16.833058
018e0455-8486-4efd-8738-19d36f814ffb,letters-from-our-communities-8ccd,8ccd140e-19d7-43a2-9dd3-1913d4b91e17,ok,"categoria_menu,forma,tema_label,temi",,2026-04-19T08:52:16.889027
019dbdf9-2f50-471b-8b9b-fbbb9cdb6123,the-centenarians-still-unfinished-work,d965c79b-9ac4-4f5c-b056-f419ed243648,ok,"categoria_menu,forma,tema_label,didascalia_copertina,temi,tags",,2026-04-19T08:52:16.949642
01eb7350-397c-4f1e-b976-de50e5fd48a9,he-welcomed-me-in-the-tent,e6b525ba-7611-4ba5-a96c-ab762ad2c04b,ok,"categoria_menu,forma,tema_label,temi,tags",,2026-04-19T08:52:17.128738
01fa9e04-4610-4f47-8563-40a7f48e9af1,careers-in-rehabilitation-and-special-education,89a87a4c-7335-483f-9dc0-f5fd25524036,ok,"categoria_menu,forma,tema_label,temi",,2026-04-19T08:52:17.171038
020b0c9a-f94d-46da-9dc7-19ce08ae2d80,spontaneous-and-personal,9b69135f-f1fe-461b-a39e-006d884bf150,ok,"categoria_menu,forma,tema_label,temi",,2026-04-19T08:52:17.250650
0210ac82-38b7-4bca-9b7c-d630a6942bfb,giannis-work,f76cd21d-1b32-49b3-8aff-af2b2a28083e,ok,"categoria_menu,forma,tema_label,didascalia_copertina,temi,tags",,2026-04-19T08:52:17.313483
025a22cd-f3dc-4348-a59d-1c8ff8a01801,faith-and-light-in-armenia-and-iran,4353e41e-8fea-475a-bd69-fb53ff9faa1c,ok,"categoria_menu,forma,tema_label,didascalia_copertina,temi",,2026-04-19T08:52:17.496091
025def1c-62fe-4f49-9d7b-46abc4ac26d9,elena-and-the-mystery,759a28e5-5a89-40d7-bb8c-4cd1c80e61a7,ok,"categoria_menu,forma,tema_label,didascalia_copertina,temi",,2026-04-19T08:52:17.513558
02600e85-dde1-4a3e-b691-de6817eda737,living-longer-with-disability,daed9249-a8fc-4546-a848-6370023d980b,ok,"categoria_menu,forma,tema_label,didascalia_copertina,temi",,2026-04-19T08:52:17.567238
02769c1a-1f9d-4d60-908d-907d1c48b783,the-son-we-didnt-expect,78b5768e-5a2d-45df-8d67-9bcf93bebfdb,ok,"categoria_menu,forma,tema_label,temi,tags",,2026-04-19T08:52:17.656695
02a43467-5aba-4f43-a046-21c1cc08941e,faith-and-light-1975-annual-report,0dd86432-0a36-4217-9c8c-1de84f833fc6,ok,"categoria_menu,forma,tema_label,didascalia_copertina,temi,tags",,2026-04-19T08:52:17.839111
02aeac05-4b6f-43f4-81d5-0fa671d28118,epilepsy-first-aid-guidelines,144b9230-17bb-4f21-8b47-ebe30a00292f,ok,"categoria_menu,forma,tema_label,didascalia_copertina,temi,tags",,2026-04-19T08:52:17.914428
02aeceb5-dba5-463e-8162-9e709878b611,the-pedagogy-of-innocent-suffering-a-review,b842c431-47cc-40e1-81b2-be1028190a72,ok,"categoria_menu,forma,tema_label,didascalia_copertina,temi",,2026-04-19T08:52:17.963006
02b73473-36c6-4813-a869-2f3ad5a9c1d3,reaching-out-to-parents-of-children-with-disabilities,4325a016-3e74-466a-b36d-ff40970e839c,ok,"categoria_menu,forma,tema_label,temi",,2026-04-19T08:52:18.023293
02b84f72-6737-4604-b623-8803e5c8d13b,summer-together-summer-newsletter-no-21,f0856f08-59bb-40f7-aa00-06b809ef23d3,ok,"categoria_menu,forma,tema_label,didascalia_copertina,temi",,2026-04-19T08:52:18.191561
02fcbdb5-e71d-47ea-9953-5e1db386bf95,a-son-has-been-given-to-us,c5012b09-7c0b-42da-a344-b1e584a77205,ok,"categoria_menu,forma,tema_label,temi",,2026-04-19T08:52:18.316120
02f6efbe-a03b-4319-b4b3-7a2f65fd7b75,a-blade-of-grass,7e3f71c7-b816-4bbd-8b3b-fc624e6fb318,ok,"categoria_menu,forma,tema_label,didascalia_copertina,temi",,2026-04-19T08:52:18.283499
03047da4-6382-4f6d-97b5-f100be1fffc6,does-ombre-e-luci-still-have-a-purpose,19118003-f119-4390-9e82-e661d30603f3,ok,"categoria_menu,forma,tema_label,temi",,2026-04-19T08:52:18.381558
0320fb82-7d60-4459-ad8d-ca0baab6b5ec,meeting-points-serving-playing-working-reflecting,346d55b7-8d0f-4c39-b180-5cbabc5262f2,ok,"categoria_menu,forma,tema_label,didascalia_copertina,temi,tags",,2026-04-19T08:52:18.556871
035b161a-e6e2-4c81-b7b4-59c8b0bc0374,i-get-along-with-everyone,fba37699-9761-4de9-91f4-169b3bff831c,ok,"categoria_menu,forma,tema_label,temi,tags",,2026-04-19T08:52:18.649804
03292f8b-55dd-468c-8525-cb4bbbe5e4fb,in-your-shoes-social-inclusion-through-student-action,b8c7e1c0-69e6-4ed0-a218-90feb8c762bf,ok,"categoria_menu,forma,tema_label,temi,tags",,2026-04-19T08:52:18.636405
036b3f68-38e8-45a5-bd24-1693c22fa2c0,we-all-need-to-get-away-sometimes,189fd20b-2198-4f44-beb1-4e9a60859cf4,ok,"categoria_menu,forma,tema_label,temi",,2026-04-19T08:52:18.726958
037bf822-257e-4e11-a8e1-30f14f1cd2fb,fede-e-luces-1978-pilgrimage-to-assisi-a-preparation,8966e48f-7442-4d7c-a81f-01a51fa2f1a6,ok,"categoria_menu,forma,tema_label,didascalia_copertina,temi,tags",,2026-04-19T08:52:18.873107
03a53566-b677-4079-8c11-58589ef96f8e,our-great-friends-saint-joseph-of-copertino-the-flying-friar,8b86fa89-e832-496d-b44c-6017ba1d3dd5,ok,"categoria_menu,forma,tema_label,temi",,2026-04-19T08:52:18.990239
039a7adf-bbce-4fc0-845f-e82cd7a343e2,behavior-problems-in-children-intervention-strategies,500e4b8c-7127-4c04-8e69-fb63c29c49c3,ok,"categoria_menu,forma,tema_label,didascalia_copertina,temi,tags",,2026-04-19T08:52:18.979118
03af2108-f60c-46b0-88e4-bef32e3122b3,my-africa,51cebab3-7021-421f-8a89-9c0fabd0f618,ok,"categoria_menu,forma,tema_label,temi,tags",,2026-04-19T08:52:19.051979
03b0edd9-eb67-4d83-9382-4621066c6c84,the-ogre-downstairs-a-review,fdf8a237-a6d3-4a66-943e-5b636ce615d7,ok,"categoria_menu,forma,tema_label,didascalia_copertina,temi",,2026-04-19T08:52:19.199857
03bf19b2-ec2f-433f-8734-f504bda833ea,moral-formation-and-the-disabled,1b253602-701a-457c-9861-184d86ee11c5,ok,"categoria_menu,forma,tema_label,temi",,2026-04-19T08:52:19.255550
03c2c87a-bc72-4713-9876-3899ffd22f5a,the-keys-to-the-house,8d84b62a-caa8-4850-8a44-de663fb43f4f,ok,"categoria_menu,forma,tema_label,didascalia_copertina,temi",,2026-04-19T08:52:19.339153
03c68c9a-c3c4-44be-a6b1-8bf076798da4,edinburgh-the-international-gathering-august-19-1990,29c556f3-7447-468e-abc8-584f33edc276,ok,"categoria_menu,forma,tema_label,didascalia_copertina,temi,tags",,2026-04-19T08:52:19.392902
03d48b32-0cb4-44c3-8b14-cca81b19a892,johanns-i-have-loved-you-all-a-review,fffa95d2-8d4b-45c6-842c-6875254c0093,ok,"categoria_menu,forma,tema_label,didascalia_copertina,temi",,2026-04-19T08:52:19.527979
03d8897e-0df6-467c-a1e4-8d157d442906,iron-to-the-magnet,c1eb0b24-0a71-47de-8a64-9ca597e631f2,ok,"categoria_menu,forma,tema_label,temi",,2026-04-19T08:52:19.605896
03db6556-84ab-457c-a85e-110b4afad2b7,the-father-and-the-stranger-a-review,d4114ad3-9abb-4e2d-92b9-12489078b146,ok,"categoria_menu,forma,tema_label,didascalia_copertina,temi",,2026-04-19T08:52:19.708162
03eb0469-7a3c-44e5-ac18-dd5c878fc8bf,snapshot,a241e9b6-2599-4522-9dff-540c5d992e66,ok,"categoria_menu,forma,tema_label,temi,tags",,2026-04-19T08:52:19.759629
03fab69d-68a0-493b-92e0-a760db8805cd,two-small-islands-of-light,6a900cd9-d13d-426a-929c-c81a0fcc273c,ok,"categoria_menu,forma,tema_label,temi,tags",,2026-04-19T08:52:19.853864
03fbb8ad-34f3-4b65-a18c-aa19c696b60f,the-orchard-of-forgotten-fruits-inside-il-muschio,0ed7c3b7-9868-4128-bd78-6f3e5afe7459,ok,"categoria_menu,forma,tema_label,didascalia_copertina,temi",,2026-04-19T08:52:19.897184
04038500-b251-42c4-86e9-6addc3c0e6c1,i-almost-gave-up,8a8b7baf-bf56-48b7-8185-dc587e4b8563,ok,"categoria_menu,forma,tema_label,didascalia_copertina,temi",,2026-04-19T08:52:20.041967
04142ee1-c604-4d65-bb4f-cf52a2cdda4e,stones-in-the-river-a-reckoning-with-difference,7bce5e93-74f3-49ed-90c8-b566a87c64cd,ok,"categoria_menu,forma,tema_label,didascalia_copertina,temi",,2026-04-19T08:52:20.175419
04067856-b51c-4266-acf1-f26ef843b7be,becoming-a-mother,e1cda15a-7c0b-4384-ad76-78ae15d5a78e,ok,"categoria_menu,forma,tema_label,didascalia_copertina,temi,tags",,2026-04-19T08:52:20.108022
041afac9-2cb1-45a3-95b9-4d087ac86f18,my-patience-has-limits,67125a92-fb84-4242-b688-e6dcd2c0318c,ok,"categoria_menu,forma,tema_label,didascalia_copertina,temi",,2026-04-19T08:52:20.229021
042422c1-e9f6-4b7c-8535-a89dcb98f370,faith-and-light-newsletter-no-18,ac8a47f2-f971-4abe-b2d2-e33d742d2294,ok,"categoria_menu,forma,tema_label,temi",,2026-04-19T08:52:20.390097
04353ca6-60e6-4447-ae94-ae98e5a54450,a-teacher-of-lettersgateway-to-life,4d3303dd-3d02-4df9-a01d-f6c6cdb2ba30,ok,"categoria_menu,forma,tema_label,didascalia_copertina,temi,tags",,2026-04-19T08:52:20.458200
04434c12-7aa2-4250-972b-f76be8fa2e24,jun-a-graphic-memoir,806e878b-879b-4013-9ccc-6899ca59375b,ok,"categoria_menu,forma,tema_label,didascalia_copertina,temi",,2026-04-19T08:52:20.508801
0443dc97-1853-4358-9f76-f3b9ab9c3d43,two-new-faith-and-light-communities-celebrate-in-umbria,6a20913f-7f0e-42c9-852a-1aece2f75e8c,ok,"categoria_menu,forma,tema_label,didascalia_copertina,temi",,2026-04-19T08:52:20.572097
04457d85-ed9c-4438-b437-5a2717a6e47a,in-praise-of-fragility-a-review,31696f07-9a15-4292-a4b4-d82786f06657,ok,"categoria_menu,forma,tema_label,didascalia_copertina,temi",,2026-04-19T08:52:20.667225
0451a133-9bb2-45bb-9493-6992ba111418,faith-and-light-regional-updates-issue-121,28758841-7a0c-47a7-8bc7-529c5f297ca9,ok,"categoria_menu,forma,tema_label,didascalia_copertina,temi",,2026-04-19T08:52:20.747265
04541828-91c2-4ac8-bdb1-46a2e3925d78,a-vacation-without-leaving-town,fb263657-2579-41b6-9102-d19329f2e21c,ok,"categoria_menu,forma,tema_label,temi,tags",,2026-04-19T08:52:20.824072
049ddfe6-19db-41df-bfb3-d12d71317b06,stolen-pensions,add50370-efd9-48c0-9cac-352b0ef2138b,ok,"categoria_menu,forma,tema_label,didascalia_copertina,temi",,2026-04-19T08:52:20.885889
04a0b439-6f5d-43ba-b573-adecb8281166,that-precious-third-age,635ee42a-9861-4562-84cc-d843c65b8f64,ok,"categoria_menu,forma,tema_label,temi,tags",,2026-04-19T08:52:20.942446
04a8fcfb-9c81-47ca-9834-48b95a7e55a1,now-she-can-rest,d79e7962-6358-4c10-8838-33db61a1363e,ok,"categoria_menu,forma,tema_label,didascalia_copertina,temi,tags",,2026-04-19T08:52:21.060586
04bccf21-571f-4934-8b60-e7e34052e7fd,twenty-years-of-il-carro,5f0f1c3c-eed3-4a4c-89a5-ac2ad354e478,ok,"categoria_menu,forma,tema_label,temi,tags",,2026-04-19T08:52:21.178664
04b05d3e-0fb5-4f21-b933-88a0516efe9e,the-year-of-the-tiger-begins,39e5bc8b-355d-49e0-b2a3-286413f74d1c,ok,"categoria_menu,forma,tema_label,didascalia_copertina,temi",,2026-04-19T08:52:21.155678
04db3328-c28f-43e8-94ae-c22207d5b127,after-me-the-flood-a-musical-comedy-from-the-faith-and-light-group-of-san-paolo,1f5c7c0a-c892-4d0c-8e67-9eda8a1fc072,ok,"categoria_menu,forma,tema_label,temi,tags",,2026-04-19T08:52:21.249104
0502ae60-c8f3-4b4e-a0b9-7aa61eeb262b,how-faith-and-light-teams-work-together,3598f8e6-9b70-4eaf-8354-221881763b1e,ok,"categoria_menu,forma,tema_label,didascalia_copertina,temi,tags",,2026-04-19T08:52:21.427159
050eefaf-d38e-4539-8684-1d6bce1e12dd,four-days-hand-in-hand,e90f016b-ce94-4c2b-8d93-606caf2d999e,ok,"categoria_menu,forma,tema_label,didascalia_copertina,temi",,2026-04-19T08:52:21.494531
050c231d-501c-4b77-8eef-d731e6201765,journey-of-unchanged-affection-celebrating-24-years-of-faith-and-light,9f5dd50c-cf7e-4a57-bf80-dd7e2f40a71a,ok,"categoria_menu,forma,tema_label,temi,tags",,2026-04-19T08:52:21.484438
0532f879-7357-466f-a219-b508db42521b,don-gnocchi-a-life-for-others-book-review,c8d2945c-966c-4beb-a911-24107c69a953,ok,"categoria_menu,forma,tema_label,didascalia_copertina,temi",,2026-04-19T08:52:21.545940
0538ceeb-295c-4356-9cbf-79815c1edf78,special-olympics-in-sibari-where-everything-is-different-from-everything,02b4030d-9b84-4a5c-af27-309cea2a9671,ok,"categoria_menu,forma,tema_label,temi",,2026-04-19T08:52:21.757078
0543dc1c-ff3f-474c-b4ea-75d6adc5a484,behavioral-therapy-teacch-vs-aba,27c498fa-aa37-493e-8b7e-df67f6e54efc,ok,"categoria_menu,forma,tema_label,temi",,2026-04-19T08:52:21.804119
05475ec6-f50d-4f78-a2ce-cf173448ad33,another-way-of-seeing,086453ff-3d98-4b29-86a8-816a8750a3a2,ok,"categoria_menu,forma,tema_label,didascalia_copertina,temi",,2026-04-19T08:52:21.872523
055190b3-5d28-4bf8-9eef-691cb5fc0485,we-cannot-be-peter-pan-forever,75bfb01f-9358-45db-8e8d-f30e58e94775,ok,"categoria_menu,forma,tema_label,didascalia_copertina,temi",,2026-04-19T08:52:21.891439
0581ea16-504a-4338-a656-a5f5f486566a,the-language-of-flowers-a-review,a9066d13-8267-4edb-b269-573055194f66,ok,"categoria_menu,forma,tema_label,didascalia_copertina,temi",,2026-04-19T08:52:22.091139
05640d60-699d-4926-a19e-4cf527408655,like-penguins-in-the-desert-a-review,8748dd50-69a5-4882-9950-e7a4a82a0a13,ok,"categoria_menu,forma,tema_label,didascalia_copertina,temi",,2026-04-19T08:52:22.089571
05e0fae8-5957-42bb-a7d5-a829808e6811,true-connections,9fb9ccfa-2fbd-4ef0-807c-3d87474c85c1,ok,"categoria_menu,forma,tema_label,didascalia_copertina,temi,tags",,2026-04-19T08:52:22.213420
05e20f40-5537-4182-bbab-0dc422883680,we-celebrate-the-birth-of-a-child-parents-of-children-with-disabilities,a3335fbe-1bee-446f-aafa-21b413a91b2e,ok,"categoria_menu,forma,tema_label,didascalia_copertina,temi,tags",,2026-04-19T08:52:22.223741
0633c829-9174-451b-83a1-77150676ee7c,john-paul-ii-and-people-with-disabilities,8e45bb0b-d8c0-423d-bd45-c8e70f1f8a96,ok,"categoria_menu,forma,tema_label,didascalia_copertina,temi,tags",,2026-04-19T08:52:22.407267
05e3b9ba-50b9-4f52-ae57-a65fa5b5f455,paprika-a-cartoon-that-goes-beyond-disability,2d01aa04-7c6f-4413-98bf-8f0093210608,ok,"categoria_menu,forma,tema_label,temi,tags",,2026-04-19T08:52:22.396774
06780abb-ef94-487a-834b-e6be75dd8a4c,my-brother-in-his-shell,2ddcbae2-6325-462c-96bb-e04648eb1ad3,ok,"categoria_menu,forma,tema_label,temi",,2026-04-19T08:52:22.509404
0690a48f-ed6f-44f8-b206-a33870ee18d6,for-children-carlo,dcc9c901-f5b2-4c54-a21b-83bc85ce1179,ok,"categoria_menu,forma,tema_label,didascalia_copertina,temi,tags",,2026-04-19T08:52:22.548473
06ae136e-2181-4999-abeb-a4ec32ad240f,liesje-my-daughter-book-review,afca52f4-e1d0-4459-938a-4debb13b2796,ok,"categoria_menu,forma,tema_label,didascalia_copertina,temi",,2026-04-19T08:52:22.699025
06b47cab-8ebc-43e6-92af-abcb7eb7bd18,a-mother-of-normal-children,1be4e3c5-9b63-4061-8bd3-519c9bea45d2,ok,"categoria_menu,forma,tema_label,temi",,2026-04-19T08:52:22.722244
06d6e989-8979-4a2c-b40c-195a8e83d2cd,speaking-of-god-to-todays-childrena-review,7cf437d9-98f7-4f8f-bb89-5ea333e7320b,ok,"categoria_menu,forma,tema_label,temi",,2026-04-19T08:52:22.824113
06fa5c9e-acf8-4715-82af-a6ee6acacad1,people-with-multiple-disabilities,d75736a7-174b-4aa1-bdae-c232d18b1a76,ok,"categoria_menu,forma,tema_label,didascalia_copertina,temi,tags",,2026-04-19T08:52:22.896289
0710a79d-c5a0-4d93-b315-1cc234ed0ef1,everyone-moves-better,34b4a5dc-178a-4d1a-bdb3-fdea0e2428b3,ok,"categoria_menu,forma,tema_label,temi,tags",,2026-04-19T08:52:23.049117
0703b94f-293a-42d9-9f5c-2f485b869a74,i-met-jesus-and-he-said-he-loved-me,724cc439-6e38-4a4b-81de-c1a2a86446ad,ok,"categoria_menu,forma,tema_label,temi",,2026-04-19T08:52:23.025093
071f6466-60b2-475d-995b-4c58bbe4b81e,sex-education-for-people-with-handicaps,f2cc57af-9aec-4376-895b-197a2c5a213f,ok,"categoria_menu,forma,tema_label,didascalia_copertina,temi",,2026-04-19T08:52:23.144925
073577a1-6056-4310-807d-0e8fbe8014bd,do-we-dare-trigger-the-avalanche,f286416e-e4e9-4e39-8169-8549bb429f90,ok,"categoria_menu,forma,tema_label,didascalia_copertina,temi",,2026-04-19T08:52:23.235531
075b2bf5-afe5-426f-9cc2-29c3d4155271,dialogo-aperto-n-53-en,0096aa03-dc71-42eb-b3d6-04f88db6a338,ok,"categoria_menu,forma,tema_label,didascalia_copertina,temi",,2026-04-19T08:52:23.460362
073796d4-17b1-4fdb-9ed4-f27b2a8793b3,the-immense-gift-called-vaccine,02b6d565-e218-4374-a508-c0091b091d98,ok,"categoria_menu,forma,tema_label,temi",,2026-04-19T08:52:23.426175
07598f77-3a43-444f-8648-65b7f9035105,why-we-fear-the-migrantand-what-it-says-about-us,232191a7-b554-4fbe-82cd-a8abde5781a5,ok,"categoria_menu,forma,tema_label,didascalia_copertina,temi,tags",,2026-04-19T08:52:23.455141
077361ae-3382-4020-b141-e122026a3614,a-visit-to-loyola-university-rome,32ae57ca-77d2-487e-821e-9be43cfa6a75,ok,"categoria_menu,forma,tema_label,didascalia_copertina,temi",,2026-04-19T08:52:23.647136
0788a413-e2ed-462f-8e69-f44bc6124a83,the-courage-to-change-b23f,b23f7f2e-7702-4ae8-a12c-b1e9835b0e69,ok,"categoria_menu,forma,tema_label,temi,tags",,2026-04-19T08:52:23.872087
078c4525-09e2-41d0-8b0e-f25914349710,i-chose-my-brother,155b2404-32bb-4905-b502-4844d54499b4,ok,"categoria_menu,forma,tema_label,didascalia_copertina,temi,tags",,2026-04-19T08:52:23.925140
078d5718-bd49-4d4b-ab46-3458f1d69a50,nourishing-dreams,95d10373-14dc-4149-bc9f-f7b78401d146,ok,"categoria_menu,forma,tema_label,temi,tags",,2026-04-19T08:52:23.975840
078eb7a2-5765-4484-aa3e-b9ec9a8668a6,julia-jean-and-the-tyranny-of-normal,06ba4ef9-aa9e-47cd-bdd0-881c7daaaa51,ok,"categoria_menu,forma,tema_label,didascalia_copertina,temi,tags",,2026-04-19T08:52:24.012946
0795c75e-cd28-47e2-bfbd-d8789180375b,open-dialogue-no-148,2cede190-56cd-4184-b29e-2bb519604e92,ok,"categoria_menu,forma,tema_label,didascalia_copertina,temi",,2026-04-19T08:52:24.196048
07a52278-d733-43f4-b071-67b8fa9d6f5e,a-fathers-calling,137c2bd4-8b7a-4742-808e-b63dd55b3d47,ok,"categoria_menu,forma,tema_label,didascalia_copertina,temi,tags",,2026-04-19T08:52:24.261318
07c795e7-c137-41b9-a612-f9cb28d1a450,so-that-no-one-is-left-behind,2d55b0b3-8d09-40a8-bf78-b5aad4e7d5c4,ok,"categoria_menu,forma,tema_label,temi",,2026-04-19T08:52:24.293194
07cd73c6-00d8-4c00-8556-b3e8b4411f1a,proud-of-myself,84cb3db9-84d0-4ec1-a400-fb0082a03d0f,ok,"categoria_menu,forma,tema_label,didascalia_copertina,temi",,2026-04-19T08:52:24.360142
07d5a098-1c53-4cc2-974b-7fe32977dde4,the-public-health-service-goes-to-the-mountains,16a2ad8b-ac47-472c-9ffa-e2edd70170dd,ok,"categoria_menu,forma,tema_label,temi",,2026-04-19T08:52:24.528874
07d7d027-4c0a-48a4-9611-b980b79ed383,i-want-my-sea-a-design-exhibition-by-students-and-people-with-disabilities,4fef90f4-5f14-4a56-a5b0-7e6a8f63ff49,ok,"categoria_menu,forma,tema_label,temi",,2026-04-19T08:52:24.624482
07ee7ed1-6b76-4f86-be66-967f31212bb6,horticultural-therapy-comes-to-alessandria,eece2dba-0112-4eb4-9ecc-8d753dcf50da,ok,"categoria_menu,forma,tema_label,temi,tags",,2026-04-19T08:52:24.630043
081130d1-a197-4c00-9c1e-9df15ef91c3d,encounter-at-san-giuseppe-della-pace,295940c7-5c2f-4d2c-87c7-2e2f10e7380a,ok,"categoria_menu,forma,tema_label,temi",,2026-04-19T08:52:24.691847
081b6218-065d-44ab-802b-a47b30d336f7,our-steps-summer-newsletter-no-22,89779148-a840-4894-9b34-7a0b703c8191,ok,"categoria_menu,forma,tema_label,temi",,2026-04-19T08:52:24.892593
08223f9a-7827-4101-bae0-b92526f67a97,many-voices-one-heart,a30af4a5-8264-4103-b2fb-3bea50be7420,ok,"categoria_menu,forma,tema_label,temi",,2026-04-19T08:52:24.938833
08642ecf-fc45-4928-ac9a-8322dbe094a7,for-don-francesco-thirty-years-of-love,3ef0bcb8-fe83-4ea4-871f-f8192543dcd8,ok,"categoria_menu,forma,tema_label,didascalia_copertina,temi,tags",,2026-04-19T08:52:24.973262
0865527e-2649-47c7-8f47-a7d2999d181c,sexuality-and-disability-traumatized,2ca2a785-a122-466f-8dbd-f6b07e28888b,ok,"categoria_menu,forma,tema_label,temi,tags",,2026-04-19T08:52:25.008496
086f1025-0c7b-4960-8099-9b5e413f65d0,a-world-in-transition,2accc805-aea2-43ed-a1df-7e018d809907,ok,"categoria_menu,forma,tema_label,temi",,2026-04-19T08:52:25.207464
0879c1b1-7d5f-4d10-b018-e79cf042a6ab,year-after-year-christmas-still-moves-us,f3319d73-45ff-447c-ac4f-78ee197bf8fb,ok,"categoria_menu,forma,tema_label,didascalia_copertina,temi,tags",,2026-04-19T08:52:25.257950
088ed380-d759-4cb4-a03b-f3a29a8f31f4,what-the-single-desk-classroom-might-teach-us,f254f20b-3f1f-4244-a29a-d16c89eecfe6,ok,"categoria_menu,forma,tema_label,temi,tags",,2026-04-19T08:52:25.329113
089200a1-0ff9-4711-81c8-545a6eccc039,pope-franciss-revolutionary-words,0c8adef1-88c6-4e98-ab95-46167e4c1b05,ok,"categoria_menu,forma,tema_label,temi,tags",,2026-04-19T08:52:25.384558
08927c09-6ced-4353-b827-aec7cf790cff,fede-e-luce-financial-report-for-1976,476c45f8-ff58-4f61-bc30-5f656970a40a,ok,"categoria_menu,forma,tema_label,temi,tags",,2026-04-19T08:52:25.529860
08c47d9b-7ef7-4591-8bdb-6a35ff13996b,friends-of-the-children-in-the-gesu-bambino-ward-at-st-eusebius-institute-vercelli,97ab8f3f-fd7b-4807-8515-f8b3bb8068f9,ok,"categoria_menu,forma,tema_label,temi",,2026-04-19T08:52:25.656080
08dffd2f-a04a-48bb-83ff-806f3e1e1cb2,a-good-and-perfect-gift-6a21,6a219cd6-7b51-4d57-b73e-76eff8cc36ee,ok,"categoria_menu,forma,tema_label,temi",,2026-04-19T08:52:25.695558
09046722-1b1a-4609-bde1-8c9f70756c7c,silent-vigils-in-the-night,5953d29b-c84b-4f2e-91ea-1496d52f5d57,ok,"categoria_menu,forma,tema_label,temi,tags",,2026-04-19T08:52:25.740318
093eab25-b725-4504-b7d2-f0e2c2b3fde9,a-change-of-heart,a72dd4cd-0f80-4a33-baba-adfdeca47430,ok,"categoria_menu,forma,tema_label,didascalia_copertina,temi",,2026-04-19T08:52:25.882562
09539d60-96bd-400d-b487-b10281b15226,the-gift-and-the-city-review,76bf49f9-2b41-4cc5-b11c-0e8f19f35c4d,ok,"categoria_menu,forma,tema_label,didascalia_copertina,temi",,2026-04-19T08:52:25.923370
09707f54-dc02-4fb0-99c5-d0de02e7f417,easter-together-1981,d985eaa8-57f5-4681-9eb5-4ebf75eb489d,ok,"categoria_menu,forma,tema_label,temi,tags",,2026-04-19T08:52:25.988091
097959e6-a5c8-4091-8f52-ae0b0de6a224,reclaiming-her-signature,3f7eaabf-d200-48a3-b11f-b32322b1ef75,ok,"categoria_menu,forma,tema_label,temi",,2026-04-19T08:52:26.073808
09b32951-6b94-45b1-a835-e6d24b733710,teaching-independence-patience-persistence-and-sometimes-toughness,5c478b0c-f4e7-48fe-9273-bd5cfc395727,ok,"categoria_menu,forma,tema_label,didascalia_copertina,temi",,2026-04-19T08:52:26.239107
0988042f-975b-41c9-8782-043b578531be,mothers-of-courage-and-beyond,05ce6045-4e71-4ef0-b40f-af7717cbaf06,ok,"categoria_menu,forma,tema_label,didascalia_copertina,temi",,2026-04-19T08:52:26.208383
09dda440-6095-4965-b294-c9d685970729,she-taught-me-to-love,fc0b8ff8-8b5c-467b-8cc0-99919c61b7e3,ok,"categoria_menu,forma,tema_label,temi,tags",,2026-04-19T08:52:26.360068
09fd8dc7-39e7-4c86-afee-a5fc916e3e54,i-decided-not-to-love-my-brother,4fe7feb6-89e8-4a61-b033-adc43276dacc,ok,"categoria_menu,forma,tema_label,temi",,2026-04-19T08:52:26.403440
0a20dc5d-a6d3-4b0c-badd-3ec33e78a26f,rewards-or-punishment,54c796a2-1e76-431c-ac43-0ed597554ca5,ok,"categoria_menu,forma,tema_label,temi",,2026-04-19T08:52:26.541017
0a496773-073c-452e-8daa-73bc1365cdf3,the-silence-of-the-world-a-review,6ed5322f-337f-4900-a29d-5a039662dd12,ok,"categoria_menu,forma,tema_label,didascalia_copertina,temi",,2026-04-19T08:52:26.576895
0a49d361-4d04-4128-bfea-27aa2983449f,open-dialogue-no-85,c0a6ab00-3cc8-43b3-b18a-0762eb605087,ok,"categoria_menu,forma,tema_label,temi",,2026-04-19T08:52:26.668841
0a8d1f86-384e-4199-8c6e-40229a2a8218,life-faith-and-light-no-5,27769b29-f072-4a95-a5b9-70f9a8a82c25,ok,"categoria_menu,forma,tema_label,didascalia_copertina,temi,tags",,2026-04-19T08:52:26.759746
0aa207de-43eb-40b6-a002-eaef7e8766f5,lift-your-eyes,aae8c231-57ba-46e7-9584-3114a4b05119,ok,"categoria_menu,forma,tema_label,didascalia_copertina,temi,tags",,2026-04-19T08:52:26.906945
0a97a142-0d5b-4a0e-aecb-12243144a8a0,faith-and-light-life-together,ecd64465-9008-4f2a-8a68-9b5316016b34,ok,"categoria_menu,forma,tema_label,didascalia_copertina,temi,tags",,2026-04-19T08:52:26.897138
0aa277af-0f47-4026-a043-a79d34d28393,in-the-spotlight-never-with-a-prosthetic-an-interview-with-cerrie-burnell,26c5e8b3-a4fd-4915-859c-8f79df092970,ok,"categoria_menu,forma,tema_label,temi",,2026-04-19T08:52:26.948726
0abac0ca-0273-456e-aad0-d0a56c3d3dd9,master-bakers-in-31-small-homes,6ac0f84e-da25-4595-b90f-61ca10aa7c24,ok,"categoria_menu,forma,tema_label,didascalia_copertina,temi,tags",,2026-04-19T08:52:27.115005
0ae9ffff-2a7c-46db-a896-077eed4164d1,speechless-when-disability-becomes-comedy,8a701fe7-79dd-4689-a68e-1cc2b6a588a5,ok,"categoria_menu,forma,tema_label,temi",,2026-04-19T08:52:27.238768
0ace676a-de49-4716-9b49-77ac5e0a941f,love-is-not-enough,9459c0be-fee6-4a5e-9b06-19549f6a1ead,ok,"categoria_menu,forma,tema_label,temi",,2026-04-19T08:52:27.222637
0aefd6d5-9381-49e7-bc7d-89a79575f31a,aspergers-children,06f8f7d2-c7e9-413e-94d9-d5e25c0d5166,ok,"categoria_menu,forma,tema_label,didascalia_copertina,temi",,2026-04-19T08:52:27.268453
0b3691a1-146d-4cd8-8ffa-943a8ae238a3,indoor-games-to-beat-the-boredom,6f7d882d-ac53-4e07-968d-15933488807a,ok,"categoria_menu,forma,tema_label,didascalia_copertina,temi,tags",,2026-04-19T08:52:27.495002
0b5053c0-b57a-4584-8cb6-96bc3ad2df42,at-baglionis-concert-which-doesnt-feature-tozzi,72f15ac4-0c10-42b6-822a-06fa2d71ce9e,ok,"categoria_menu,forma,tema_label,didascalia_copertina,temi",,2026-04-19T08:52:27.605414
0b52b137-dc0d-4e49-b304-0df4d075a892,venice-immersive-virtual-reality-comes-to-the-biennale,bdebdfca-25cd-4038-aef3-79749b83e018,ok,"categoria_menu,forma,tema_label,didascalia_copertina,temi",,2026-04-19T08:52:27.609812
0b594fca-9a9d-4f3e-8b0d-17f10034b203,rediscovering-the-domestic-church,b7810fda-08e1-4641-9bc9-30abd1340772,ok,"categoria_menu,forma,tema_label,didascalia_copertina,temi,tags",,2026-04-19T08:52:27.638667
0b599b46-6877-4d30-bdee-fbb7221a16c4,the-city-of-leonia,a1ff0ade-5fc9-4067-857e-2b2b5f6a6c0c,ok,"categoria_menu,forma,tema_label,temi",,2026-04-19T08:52:27.873976
0b6c239e-6ac8-445b-a530-325ffc1aab9a,from-our-communities-no-126,dc5a6e79-9023-4786-818c-c815efcec9d5,ok,"categoria_menu,forma,tema_label,didascalia_copertina,temi,tags",,2026-04-19T08:52:27.927747
0b712e26-48fe-4db7-bc69-6d9fe2e22c50,kairos-a-boxer-with-down-syndrome,c5348ba5-cf0b-4b0d-913c-72ff07c96497,ok,"categoria_menu,forma,tema_label,temi,tags",,2026-04-19T08:52:27.945460
0b7ea083-4ab0-4a02-89b8-b15d6fda0a8a,what-a-parish-community-can-do-for-people-with-disabilities,59160ca9-e5d4-41e9-9057-deb9e7c1d975,ok,"categoria_menu,forma,tema_label,temi,tags",,2026-04-19T08:52:27.999032
0b9c03c6-e526-4c0d-a008-f99e03c0db35,scared-ride-again-for-freea-day-at-romes-luneur,63f54fdf-8abc-4600-813d-22d6d90ac22d,ok,"categoria_menu,forma,tema_label,didascalia_copertina,temi",,2026-04-19T08:52:28.139077
0bb86ebf-1272-4685-a99c-8e5c49220759,stronger-than-their-killers-the-writings-of-seven-trappist-monks,e07d7a81-e232-4c9b-a60a-57e50f4ee162,ok,"categoria_menu,forma,tema_label,didascalia_copertina,temi",,2026-04-19T08:52:28.205610
0bc7d9ed-18a9-460f-8c8d-b790ce33727a,nujeens-extraordinary-journey,b2611295-38cb-4e98-9bce-268f0aff9798,ok,"categoria_menu,forma,tema_label,temi",,2026-04-19T08:52:28.283497
0bca679f-70d8-4e8d-8fcf-86742041437a,the-fear-of-loving-the-handicapped-person-in-society,3c9b3fc4-4199-4702-9273-3786655088aa,ok,"categoria_menu,forma,tema_label,temi",,2026-04-19T08:52:28.348542
0c2a3e12-8dfa-4596-a772-b8eb26272533,through-the-streets-of-rome,d3a35fd7-8fa0-4c60-b681-ac81158007a7,ok,"categoria_menu,forma,tema_label,temi",,2026-04-19T08:52:28.412669
0c4c8e2d-c185-4fcf-95d0-6517c6e21dba,teenagers-abandoned-to-fate,b7cd66ff-7a5d-42c5-b43e-b953d8979c2a,ok,"categoria_menu,forma,tema_label,didascalia_copertina,temi,tags",,2026-04-19T08:52:28.496111
0c5e4faa-9049-402d-bbc2-c955d9aab80f,voices-from-the-lourdes-pilgrimage-of-1981-fragments-of-life-and-faith,ca33b27a-813c-4f3a-bbde-97eaa980bf18,ok,"categoria_menu,forma,tema_label,temi,tags",,2026-04-19T08:52:28.547465
0c6005fd-6c4e-4754-bf26-3a73185f1975,baris-shining-path,25bf5304-8262-485b-8eea-c774d548ce5c,ok,"categoria_menu,forma,tema_label,didascalia_copertina,temi",,2026-04-19T08:52:28.673415
0c7f1e3a-15a8-481f-ba9a-a98c58c760ab,finding-beauty-in-hidden-places,351ba5a0-de90-46ee-8c21-0692664d7a66,ok,"categoria_menu,forma,tema_label,didascalia_copertina,temi",,2026-04-19T08:52:28.711564
0c855587-d181-492c-a636-cc6908d0c8bf,schools-off-to-a-great-start,5ddef829-95d1-440c-8486-2205fde9fa0f,ok,"categoria_menu,forma,tema_label,temi",,2026-04-19T08:52:28.882229
0c9dcfda-a945-4b5e-b3c7-9030ce1aaea3,i-suffer-therefore-we-are-book-review,473fdf8c-3e5f-4dc4-ac76-b9e2937dfc52,ok,"categoria_menu,forma,tema_label,didascalia_copertina,temi",,2026-04-19T08:52:28.923106
0cead8dc-8b0f-45ba-b37d-c728b599046c,as-you-are-a-child-psychiatrists-log-book-review,7fb63e7f-e714-482e-ba44-e50a84050f62,ok,"categoria_menu,forma,tema_label,didascalia_copertina,temi",,2026-04-19T08:52:29.013292
0cce0779-20ce-4ed7-9591-de895790289b,faith-and-light-3,b4a52c3e-19e9-4f96-bf2c-66f3d4862e2a,ok,"categoria_menu,forma,tema_label,didascalia_copertina,temi,tags",,2026-04-19T08:52:28.990059
0cfbee9b-562a-4d68-b6f2-6695ec464297,voices-from-the-ombre-e-luci-archives,12379f44-83c4-4f21-afac-b1e60b949bb9,ok,"categoria_menu,forma,tema_label,didascalia_copertina,temi,tags",,2026-04-19T08:52:29.185014
0d135a40-cfc6-47fa-ad7b-fc930d553292,mr-rain-and-lda-are-one,7b6405bc-908a-4ce8-898f-b92ca11d4e18,ok,"categoria_menu,forma,tema_label,didascalia_copertina,temi",,2026-04-19T08:52:29.256614
0d08d7c9-441b-47e3-8c09-9f64a48cc474,when-waiting-becomes-encounter,6a40ecb0-7c3e-4fac-8ec3-c28a20d2fcdf,ok,"categoria_menu,tema_label,didascalia_copertina,temi,tags",,2026-04-19T08:52:29.190210
0d31b9ba-6575-4da6-9bc1-8ef684fb5f07,the-cat-on-the-desk-newsletter-no-16,b1559bd4-8954-4f33-886e-2e1c07142b4f,ok,"categoria_menu,forma,tema_label,temi,tags",,2026-04-19T08:52:29.315250
0d6c6ad6-45c6-4dbd-94a7-cd17637b81f1,vacation-a-time-to-rest-restore-and-come-alive-again,9cb624a2-fa36-4ea7-ac87-39c41b8cd3e5,ok,"categoria_menu,forma,tema_label,didascalia_copertina,temi",,2026-04-19T08:52:29.548725
0d55eaf0-40a3-4b26-a38b-557a7a9267ca,the-midwife-of-new-things,6da60992-4c97-4750-b0e7-caa6b8e4e329,ok,"categoria_menu,forma,tema_label,temi",,2026-04-19T08:52:29.508889
0d82c431-9373-40eb-af34-d456d7eee7ce,a-rebel-boy,3728a598-42c2-4dbe-afa0-791ebbe00aba,ok,"categoria_menu,forma,tema_label,didascalia_copertina,temi",,2026-04-19T08:52:29.605832
0d8ce302-c69c-4be3-9b08-0d4752bb93f1,i-volunteered-in-brussels,72a19292-633f-47a8-b3cc-b05ff96652f1,ok,"categoria_menu,forma,tema_label,temi,tags",,2026-04-19T08:52:29.672551
0d9745f5-166a-4379-a109-7b3e2dc10b11,ombre-e-luci-issue-17-1987,96e2631b-6bf1-4520-a0de-ddca64afe6fe,ok,"categoria_menu,forma,tema_label,temi",,2026-04-19T08:52:29.874523
0d98dadf-12ad-4309-a6fb-ae9ec25313ee,sex-education-for-people-with-disabilities-a-book-offers-answers,47ed2200-d4e3-4f53-8cc7-5ff343669708,ok,"categoria_menu,forma,tema_label,didascalia_copertina,temi",,2026-04-19T08:52:29.893416
0d9a7871-0d49-4d69-8a39-c224f37209b1,a-handful-of-joy,43462ab6-8921-424f-af16-84c16a02656a,ok,"categoria_menu,forma,tema_label,didascalia_copertina,temi,tags",,2026-04-19T08:52:29.952259
0db7c197-c3ab-4d2c-8680-df54dfb39b74,children-of-a-lesser-god,8cacb601-e987-4ebd-a1f3-f8449cc8c1b3,ok,"categoria_menu,forma,tema_label,temi,tags",,2026-04-19T08:52:30.007092
0de96c98-102f-4dd6-832c-09c77ca8a828,everything-is-possible-a-letter-from-chiara,8ab21944-38a0-4505-ba1e-75703b18ea7a,ok,"categoria_menu,forma,tema_label,temi",,2026-04-19T08:52:30.195498
0dcf0bb2-aa2e-46a8-9d8f-b31c3db71a76,a-village-without-barriers-a-welcome-surprise,cb7e1734-a596-48c8-814f-4b1cd734a511,ok,"categoria_menu,forma,tema_label,didascalia_copertina,temi",,2026-04-19T08:52:30.169847
0dee833f-d9c6-4074-96b3-07af0a387b61,man-looks-at-the-face-god-looks-at-the-heart,d095d16b-c59c-433d-b562-bfd790ab53b4,ok,"categoria_menu,forma,tema_label,temi",,2026-04-19T08:52:30.263208
0e452a72-038c-4e56-a7f9-e3edb88f2ead,from-conference-to-commitment,7452dc4d-57a9-4246-853f-6ea5d34837eb,ok,"categoria_menu,forma,tema_label,didascalia_copertina,temi,tags",,2026-04-19T08:52:30.364392
0e664305-2d84-4b17-9173-026cd80a798b,why-dont-you-understand-me,7185460f-90da-4428-9813-71ada0579078,ok,"categoria_menu,forma,tema_label,temi,tags",,2026-04-19T08:52:30.471825
0e6c7cc3-a96d-472f-864e-f661479adf0e,the-circle-a-place-of-meeting-and-unity,066e2e2e-8703-4bf3-b8ab-97692a13cc3d,ok,"categoria_menu,forma,tema_label,temi,tags",,2026-04-19T08:52:30.483983
0e8c34b4-d8b9-481f-b193-251039a52485,a-promise-kept,994975e8-dfe9-4842-9df3-2bcddaecdc21,ok,"categoria_menu,forma,tema_label,didascalia_copertina,temi",,2026-04-19T08:52:30.537429
0ea1f728-368f-4de6-98a0-afb2384e4b71,my-brother-and-sister-are-deaf,0de652c9-5add-44c5-937d-e7be9ad875b7,ok,"categoria_menu,forma,tema_label,temi,tags",,2026-04-19T08:52:30.693367
0ee258d1-060d-403e-a801-a3b11531d8e8,a-heavy-burden,b553bb6b-807e-4aed-9af3-02df574c3d35,ok,"categoria_menu,forma,tema_label,temi",,2026-04-19T08:52:30.828012
0eb1134b-0b72-4809-a50a-b60b269b2a2c,fede-e-luce-campout-a-life-adventure-together,43016c19-c1ea-4d3e-bd36-b6419e2bb4b5,ok,"categoria_menu,forma,tema_label,temi,tags",,2026-04-19T08:52:30.788894
0ee4e211-82d4-4c9a-a1e5-02177a3d0b3b,real-quality-in-the-care-of-older-adults,83000ec3-bedf-4455-9bfe-14d03aac8941,ok,"categoria_menu,forma,tema_label,temi,tags",,2026-04-19T08:52:30.838932
0f00da35-43f8-4982-9ebf-b9af8c678672,faces-a-poem-by-helene,eb2f1d20-faee-4b7f-9d6a-16de87c6285c,ok,"categoria_menu,forma,tema_label,didascalia_copertina,temi,tags",,2026-04-19T08:52:30.965708
0f218b54-17a3-4817-b3ad-0763749b5a8a,im-twelve-and-im-a-go-go-dancer-they-call-me-princess-stories-of-bullies-lolitas-and-other-children,8dfc6b9e-4939-4ede-99f8-359efe100f58,ok,"categoria_menu,forma,tema_label,didascalia_copertina,temi",,2026-04-19T08:52:31.139357
0f1843ed-2d12-4147-b3ba-c5cd5fe5652d,those-hours-changed-me,a77927b8-c468-4537-b210-00217b463a64,ok,"categoria_menu,forma,tema_label,temi,tags",,2026-04-19T08:52:31.125880
0f4bb922-379f-478d-aa40-3f0f26a0a116,an-open-conversationfor-pope-francis,4f1034ef-fd28-4b95-9ad6-3aa37feeba91,ok,"categoria_menu,forma,tema_label,didascalia_copertina,temi",,2026-04-19T08:52:31.172971
0f4c5667-ee66-48d1-bf4c-d5359e1f7135,free-seminar-in-bari-on-disability-policy,e1d5e91f-61a0-4bba-b32b-65ffcaef3d73,ok,"categoria_menu,forma,tema_label,temi,tags",,2026-04-19T08:52:31.244732
0f837272-c290-474d-a086-632786b46f03,easter-1981-faith-and-light-gathers-at-lourdes,f8ab4dba-5b7e-4abd-ac4f-a0241d4afde2,ok,"categoria_menu,forma,tema_label,temi,tags",,2026-04-19T08:52:31.486773
0f883140-8d9e-40c6-87f5-a13d5c3d1dd9,letters-from-our-readers,7b778942-e516-4b7b-b71a-cee8c9b92371,ok,"categoria_menu,forma,tema_label,temi",,2026-04-19T08:52:31.550077
0f61020f-22a3-4ee0-9e87-3fca65256fc8,learning-disabilities-branded-idiot,3d2302ae-9c44-4a09-803b-323e3a7ceb00,ok,"categoria_menu,forma,tema_label,temi,tags",,2026-04-19T08:52:31.479941
0f9078ed-2cbc-453f-a996-fc6f9cf017ed,when-those-close-to-you-turn-away,ca5b284b-800f-4d93-bcea-1b776ac2a62f,ok,"categoria_menu,forma,tema_label,didascalia_copertina,temi",,2026-04-19T08:52:31.588634
0fd6005c-b5dc-4015-a9a2-bb6b7e1468df,twenty-letters,32ac8257-3d9e-4a41-90d4-cc72e137e385,ok,"categoria_menu,forma,tema_label,didascalia_copertina,temi",,2026-04-19T08:52:31.979792
0fb5d391-6522-4229-9597-b75ec1307135,signs-of-hope,1834334e-092c-46e2-9797-00eb2497bc33,ok,"categoria_menu,forma,tema_label,didascalia_copertina,temi,tags",,2026-04-19T08:52:31.929027
0fed7a0b-89a7-43ab-bbf1-1c7f7ac2ed14,your-word-is-for-everyonehenri-bissonnier,205b8ef9-543d-4c54-a771-104063f70524,ok,"categoria_menu,forma,tema_label,didascalia_copertina,temi",,2026-04-19T08:52:32.057235
0fdd4e37-2128-4ed1-8913-306bcc0d99e6,3-i-protagonisti-i-volti-di-fede-e-luce-persona-con-disabilita-genitori-amici-e-sacerdoti-en,00db1113-5e26-4953-9d1f-499ddbc60521,ok,"categoria_menu,forma,tema_label,didascalia_copertina,temi,tags",,2026-04-19T08:52:31.998763
1023a967-28f1-41b6-b7e5-9d7ae679a3b7,before-its-too-late,f40fa94d-2f99-45f6-8a9e-e5377a4eaabe,ok,"categoria_menu,forma,tema_label,didascalia_copertina,temi,tags",,2026-04-19T08:52:32.255388
1037e010-7c35-46da-8d13-4a3179537ef8,school-disability-and-support-aipds-free-download-guide,c110228b-4306-4270-be91-94d85d74884c,ok,"categoria_menu,forma,tema_label,temi,tags",,2026-04-19T08:52:32.286642
1071100b-ce25-45c6-856f-fcfa71e75ba5,two-videotapes-for-prayer-and-reflection,c73f2854-fdee-4a57-804a-7392b10fb918,ok,"categoria_menu,forma,tema_label,temi",,2026-04-19T08:52:32.403266
1059bf2b-fc58-4cb6-8a70-6e5d681f001a,two-documentaries-on-survival-chernobyl-and-afghanistan,c622c126-dff4-4d11-89d2-c718465cb500,ok,"categoria_menu,forma,tema_label,didascalia_copertina,temi",,2026-04-19T08:52:32.391516
1075c83e-ad7e-4590-9b4c-596f25ec428d,come-down-a-little-farther,8a2f71aa-cf91-422d-8b25-03b9a71a68df,ok,"categoria_menu,forma,tema_label,didascalia_copertina,temi",,2026-04-19T08:52:32.591871
108571d5-b00a-4a4f-a301-29ccd50c3fd8,paola-came-to-live-with-us-comunita-nicodemo,77c1c5b6-e063-4ea0-a359-b361408be0f5,ok,"categoria_menu,forma,tema_label,didascalia_copertina,temi,tags",,2026-04-19T08:52:32.655627
10ef3460-24a4-4e34-97a5-e5a542456be5,healing-through-listening,156eb469-6d65-4679-8e0e-a08dfb0c14ac,ok,"categoria_menu,forma,tema_label,didascalia_copertina,temi",,2026-04-19T08:52:32.764537
109a7e81-4089-419a-9b12-ebf18d31cc23,me-really-me,2e5ec926-f29e-4fa2-89f4-54afa6fee59c,ok,"categoria_menu,forma,tema_label,didascalia_copertina,temi,tags",,2026-04-19T08:52:32.739438
110190a5-256a-4288-90f2-b578be5a8cb7,our-two-meter-puppy,2323d3bf-9c71-4e97-a7f1-01641c8d8dbc,ok,"categoria_menu,forma,tema_label,didascalia_copertina,temi,tags",,2026-04-19T08:52:32.855562
1107909f-6894-4d01-8e11-a782473d3993,in-darios-house,38c39d38-7ff8-441f-8e76-86cea1a88afb,ok,"categoria_menu,forma,tema_label,didascalia_copertina,temi",,2026-04-19T08:52:32.995066
1136ed91-96cc-416b-9d99-e36d8284104b,growing-up,b64599bc-2108-4cce-b022-097e9f2f5ec8,ok,"forma,temi",,2026-04-19T08:52:33.094289
112034be-b006-4429-bd79-397652e8eaea,we-are-grateful-for-this-the-story-of-giannis-parents,dd86c642-9e06-4e3c-9e0c-2474fe8628fb,ok,"categoria_menu,forma,tema_label,didascalia_copertina,temi,tags",,2026-04-19T08:52:33.079141
116727c6-e6cd-4639-956f-bd7b2f906a7e,our-children-with-disabilities-in-school,08af9f88-4825-4a1e-82bf-c6ecd77fd4da,ok,"categoria_menu,forma,tema_label,temi,tags",,2026-04-19T08:52:33.179313
1168a4f9-8eeb-40cf-bcb5-b4112d310c50,now-i-understand-why-i-plant-flowers,dabd6d3e-036e-42e5-8e94-3f086ab525ab,ok,"categoria_menu,forma,tema_label,temi,tags",,2026-04-19T08:52:33.283311
116bf671-f0b9-4cfc-b350-79ab1b9ec6ea,who-knows-the-silent-strength-of-fathers-a-voice-often-unheard,35f24137-19d8-4f8a-818c-7ad21ae540e8,ok,"categoria_menu,forma,tema_label,didascalia_copertina,temi,tags",,2026-04-19T08:52:33.379165
117374a6-59e9-4021-9c32-5633fca8afeb,but-we-are-actors,5da4a328-b429-4a40-84bc-338bfc0e1b61,ok,"categoria_menu,forma,tema_label,temi,tags",,2026-04-19T08:52:33.396609
1182149c-a8d2-4238-9409-7ad33f659acd,where-else-but-in-the-church,30c93b4a-2c5b-4094-83cc-5e38e5d3c080,ok,"categoria_menu,forma,tema_label,didascalia_copertina,temi,tags",,2026-04-19T08:52:33.532128
1186e7f9-f8c7-41c0-98aa-a8dbce8a277f,forza-venite-gente-en,01985697-2281-4344-885a-fcad8f84de16,ok,"categoria_menu,forma,tema_label,temi",,2026-04-19T08:52:33.621336
11877a7e-5daa-49cc-a7f1-c37745cee9a2,friday-gatherings,358569b0-efc0-47cc-b981-8fe83e132d74,ok,"categoria_menu,forma,tema_label,didascalia_copertina,temi,tags",,2026-04-19T08:52:33.762783
1189dbd8-c3ac-47b0-a9c1-1297df1f4b21,finding-my-own-way-one-womans-path-to-independence,363f487c-c5c7-4079-90be-07ecdee2bd85,ok,"categoria_menu,forma,tema_label,didascalia_copertina,temi",,2026-04-19T08:52:33.771056
11dc28f1-6b10-4324-95e4-899103bbc90d,my-mothers-memory-a-book-review,bb00a6b5-455f-4773-b9a8-ae6b220a6d51,ok,"categoria_menu,forma,tema_label,temi",,2026-04-19T08:52:33.847344
11f6f707-c218-44c7-b634-42216110295c,faith-and-light-newsletter-no-21,f8473600-3b2f-467e-8c38-24c9ca478865,ok,"categoria_menu,forma,tema_label,temi",,2026-04-19T08:52:33.921901
12074262-a959-48b3-b748-07b6399eab54,the-blind-dont-dream-in-darkness-living-successfully-with-blindnessa-review,6c6070d7-6f92-48a2-8d33-571a66160587,ok,"categoria_menu,forma,tema_label,temi",,2026-04-19T08:52:34.055960
11f71b47-1e9d-43fb-86d1-1743e3fcc60c,fragility-on-screen-what-to-watch-from-romes-film-festival,9d749986-5d1c-41cb-a51f-11d9e0d88f89,ok,"categoria_menu,forma,tema_label,didascalia_copertina,temi",,2026-04-19T08:52:34.005764
12091ecd-3a7f-4949-9ad7-006bd0141cd6,la-nostra-famiglia,4ef2b888-f1a0-4635-9455-bdacc407e169,ok,"categoria_menu,forma,tema_label,temi,tags",,2026-04-19T08:52:34.127365
120dfaa0-2baa-48ee-b9ef-a8b9b54c4f05,after-were-gone,0f87efa1-df17-4d05-a210-c991102b1794,ok,"categoria_menu,forma,tema_label,didascalia_copertina,temi,tags",,2026-04-19T08:52:34.290034
121e319f-22a9-43e0-87ac-8b9af8e41281,the-gift-of-walking-together,bfb4c824-08e8-48d4-a69c-3eb6dc63bfd5,ok,"categoria_menu,forma,tema_label,didascalia_copertina,temi",,2026-04-19T08:52:34.358531
121e9e54-cd46-4fd0-8142-82eaf9ee7595,a-hymn-to-life-book-review,fb8d1acb-624f-4dca-a43a-de0c61118c41,ok,"categoria_menu,forma,tema_label,temi",,2026-04-19T08:52:34.388687
126c2081-0540-4282-8f17-132e6595c764,emergency-in-a-bottle,47799d45-f618-4847-a56e-a81d474a37bb,ok,"categoria_menu,forma,tema_label,temi,tags",,2026-04-19T08:52:34.444211
12cd4507-1ed5-41c5-8de0-4734fd25441f,joseph-receives-his-first-communion,3036f279-5bf3-404f-8b24-3c6b240831c9,ok,"categoria_menu,forma,tema_label,temi",,2026-04-19T08:52:34.620963
12d163a2-5a41-4fec-b05f-874ab5a543f0,a-handbook-on-disability,226be793-3b5e-4c8c-adea-99a7248162a2,ok,"categoria_menu,forma,tema_label,didascalia_copertina,temi",,2026-04-19T08:52:34.707980
13235c0e-9992-4256-8832-be1be4ae0c96,danieles-life-conversations-after-reading-who-would-i-be-if-i-could-be,8a9a4b65-6492-40b5-9e68-300592884c5c,ok,"categoria_menu,forma,tema_label,temi,tags",,2026-04-19T08:52:34.712652
133a08f5-b087-41f3-944d-c11fbb80b578,the-people-behind-the-scenes,730f1727-9a01-4770-ae10-5648fa0cb43a,ok,"categoria_menu,forma,tema_label,didascalia_copertina,temi",,2026-04-19T08:52:34.897084
132d10d6-a5c5-4930-8c3c-4945ba34bb4a,the-enchanted-broom-a-christmas-tale,8620c6fb-bb90-46c9-8966-690be00a4e3d,ok,"categoria_menu,forma,tema_label,temi,tags",,2026-04-19T08:52:34.816613
134468e6-6780-4747-a582-bcbee54b1c65,five-acts,aeea04fd-17ab-44c1-ad40-d63652e29163,ok,"categoria_menu,forma,tema_label,didascalia_copertina,temi",,2026-04-19T08:52:35.058271
133e037d-b511-4fe4-9561-cfd5d2fb2fb2,mary-of-solitude,15635408-a691-4b68-aaf7-77b071a4e8c8,ok,"categoria_menu,forma,tema_label,temi",,2026-04-19T08:52:35.035878
1371172d-78c4-4b68-aebf-ac9f40bab3de,play-and-the-autistic-child,8df9fe32-86df-49e4-9c48-dd8680c0c9f0,ok,"categoria_menu,forma,tema_label,temi,tags",,2026-04-19T08:52:35.147395
13752760-7157-42c2-9168-fccafe3d47c2,messages-the-complete-communication-toolkit,dcfc38b1-9d07-49c3-be90-818308496542,ok,"categoria_menu,forma,tema_label,temi",,2026-04-19T08:52:35.189005
138f303e-3256-4818-9467-5d90d1c74deb,open-dialogue-no-155,b9901573-827a-4790-918b-20835c2abf48,ok,"categoria_menu,forma,tema_label,didascalia_copertina,temi",,2026-04-19T08:52:35.399651
13a50121-17d2-4257-bf9b-4046243baf76,earth-and-dust-when-two-discarded-lives-find-each-other,1fd3515f-d496-458f-ba48-71347e665ba3,ok,"categoria_menu,forma,tema_label,didascalia_copertina,temi",,2026-04-19T08:52:35.416248
13aa4899-ccab-4e72-86cc-6f015d0b1b39,what-a-mess-coronavirus-and-people-with-disabilities,3cb2b32e-079b-4323-9e8b-85b1d8998e95,ok,"categoria_menu,forma,tema_label,didascalia_copertina,temi,tags",,2026-04-19T08:52:35.465822
13b0dc07-16a6-43dc-9b6b-53d18efd4f7e,living-ordinary-lives,06b2378f-9455-493f-91e0-737d3b5ee0b2,ok,"categoria_menu,forma,tema_label,didascalia_copertina,temi,tags",,2026-04-19T08:52:35.496260
13ee38e3-5956-48ba-81b6-bb2ecdca90e7,anna-smiles-in-the-rain,3409e5cf-44cc-4530-938a-0592afd86555,ok,"categoria_menu,forma,tema_label,didascalia_copertina,temi",,2026-04-19T08:52:35.697242
14005719-6487-4a95-8dd6-f454a6f295f5,take-and-eat-all-of-you,53cee31b-b007-4252-a8ab-75e40bf34d42,ok,"categoria_menu,forma,tema_label,didascalia_copertina,temi,tags",,2026-04-19T08:52:35.740399
141aeade-2a97-4fd3-9e32-c0e69579b893,don-zeno-the-obedient-rebel,869da0cc-6b53-4b44-aa86-25f3c0a6069d,ok,"categoria_menu,forma,tema_label,didascalia_copertina,temi",,2026-04-19T08:52:35.838784
140dd084-83a8-4209-8f12-d7766832ad1e,hope-in-everyday-life-raising-our-son-with-myopathy,e4302b52-fa0f-4383-97c1-2b0690dc3ced,ok,"categoria_menu,forma,tema_label,didascalia_copertina,temi",,2026-04-19T08:52:35.805829
142e811d-66d4-4539-b739-29a108d17b7a,better-to-dance-than-rage,33d8596f-8649-4e02-9e7d-6b704497a1d1,ok,"categoria_menu,forma,tema_label,didascalia_copertina,temi",,2026-04-19T08:52:35.983849
1439daa1-1730-4451-bf5e-523cf6c709ad,my-god-how-hard-it-is-to-live-through-suffering,31996e52-8943-49eb-aa2e-c39603e309bf,ok,"categoria_menu,forma,tema_label,didascalia_copertina,temi,tags",,2026-04-19T08:52:36.028429
14499d65-e5e5-48d6-af94-f4298470e224,questions-from-a-champion,49abf7e8-5073-4ac6-ad29-6ebcffd55cbc,ok,"categoria_menu,forma,tema_label,temi",,2026-04-19T08:52:36.125759
144b24cf-d276-45cc-a5d7-a2729d432b5b,and-i-stayed,720baf37-ed28-42c9-b9c5-aa82f848bcb6,ok,"categoria_menu,forma,tema_label,didascalia_copertina,temi,tags",,2026-04-19T08:52:36.129991
144cc799-f6b9-42e6-a15a-54cccb4193d6,living-with-hepatitis-b-the-weight-of-stigma,45687096-cc1f-4a6e-93b3-29429d809724,ok,"categoria_menu,forma,tema_label,temi",,2026-04-19T08:52:36.290089
145332d3-73ad-4559-aad0-d1b08f3affff,fans-of-access,38637ba9-4ee9-445d-87bd-39e0430ec62c,ok,"categoria_menu,forma,tema_label,didascalia_copertina,temi",,2026-04-19T08:52:36.343415
145a08ff-70d2-4eb8-b773-ae3712d1c258,modesta-valenti-e6c4,e6c44cae-fa89-4ede-a3af-4c5f0eefc3ef,ok,"categoria_menu,forma,tema_label,temi",,2026-04-19T08:52:36.428984
1479794f-33a8-46b5-836a-f13b8a80410d,a-letter-to-my-former-colleagues,b16aa2cb-66be-4ea2-b426-f4382ce9f1aa,ok,"categoria_menu,forma,tema_label,temi",,2026-04-19T08:52:36.624106
1478c734-e0ff-45d4-89ff-cf42312d33d1,walk-a-mile-in-our-wheels-a-wheelchair-journey-at-spain-square,8a29273c-3fe5-49e8-90da-23ad6453af9d,ok,"categoria_menu,forma,tema_label,temi,tags",,2026-04-19T08:52:36.576751
149323a3-0c4e-4ec5-9e56-0940b4b4f1f8,how-insieme-was-born-the-newsletter-of-faith-and-light,d1346cdc-4951-48de-b350-2a0311c8e178,ok,"categoria_menu,forma,tema_label,didascalia_copertina,temi",,2026-04-19T08:52:36.699127
1481cb93-7e0d-42b7-b771-20af974cc4e1,growing-together,1f9c42d1-69bc-46a8-879b-29a2c19c99fb,ok,"categoria_menu,forma,tema_label,temi,tags",,2026-04-19T08:52:36.679081
14d127b6-b4e0-4e81-8c24-f5823d3fd7e6,the-courage-to-be-equal,91425b78-d042-4b9f-9a7e-dfaf929769c6,ok,"categoria_menu,forma,tema_label,temi",,2026-04-19T08:52:36.882600
14e1946a-b2aa-48d7-9d85-5626b04866cf,objects-tell-storiesextraordinary-tales-of-ordinary-things-a-review,4e173928-fa68-4478-8e2d-e1a1f14077e8,ok,"categoria_menu,forma,tema_label,didascalia_copertina,temi",,2026-04-19T08:52:36.892644
14fa6e37-042c-4c3e-acf6-ffcddbfa0f9a,helping-him-become-a-man,47ecccea-6ef1-4953-a45d-b17d70ac65d9,ok,"categoria_menu,forma,tema_label,didascalia_copertina,temi,tags",,2026-04-19T08:52:37.024928
1515bba4-c963-44f5-86bc-90ea0316b324,my-child-with-down-syndrome,60b49afc-5594-4406-a83d-e0473e872e2e,ok,"categoria_menu,forma,tema_label,didascalia_copertina,temi,tags",,2026-04-19T08:52:37.071234
15170f09-865d-4282-a82b-ad02470de35f,the-fight-for-inclusion-a-book-review,c46f12b0-9ff5-4b5c-a342-c39717965879,ok,"categoria_menu,forma,tema_label,didascalia_copertina,temi",,2026-04-19T08:52:37.265425
1517dbd4-3307-4a4e-a32b-7a16ad684e3b,inside-the-little-houses-of-faith-and-light-stories-from-those-whove-been-there,256c9c56-aa19-4168-8358-0e4a0ee75507,ok,"categoria_menu,forma,tema_label,temi,tags",,2026-04-19T08:52:37.301679
155bed73-fdde-44ba-ac2e-2abdd7e50af3,fede-e-luce-we-are-here-too,1fb1759a-3843-485f-8260-8b987438a7f5,ok,"categoria_menu,forma,tema_label,didascalia_copertina,temi",,2026-04-19T08:52:37.437509
15382619-93ba-4d60-8f5e-5bb77c6e23fb,the-arca-vision,6fb97d32-3a7a-4413-bd2d-c89d53810d7e,ok,"categoria_menu,forma,tema_label,temi,tags",,2026-04-19T08:52:37.395380
1570ca21-c400-4029-a847-413f56318712,when-an-afternoon-lasts-forty-years,4102a534-475c-4280-9506-88bed5cd3791,ok,"categoria_menu,forma,tema_label,didascalia_copertina,temi",,2026-04-19T08:52:37.603483
157648a7-249d-4046-b611-261b26de651a,a-letter-of-hope-to-parents,c2d95bbb-2e33-41ad-aaf9-b5013a731da2,ok,"categoria_menu,forma,tema_label,didascalia_copertina,temi,tags",,2026-04-19T08:52:37.663319
158c65b9-80f4-4822-9c66-d050f6df9c9e,my-cousin-paolo,7eb88b95-067e-42e5-a79e-52956a89d4d1,ok,"categoria_menu,forma,tema_label,temi",,2026-04-19T08:52:37.727882
157ec848-daf9-40af-a8a3-7aa5b73b5723,ill-come-after-mass,a083ec67-f771-43b3-b609-bd9f21c068a0,ok,"categoria_menu,forma,tema_label,temi,tags",,2026-04-19T08:52:37.722815
15909db2-e4a5-4db1-97df-fa03cdae6840,the-blind-man-who-didnt-want-to-see-titanic,48c45251-6238-46ac-a0ce-d76ea4c87bbc,ok,"categoria_menu,forma,tema_label,didascalia_copertina,temi",,2026-04-19T08:52:37.887269
15932eb0-e5fa-4d8a-bd1b-bf8cb7951aec,open-forum-no-74,d4539c41-fb93-4a6e-946d-2d2c4869d80a,ok,"categoria_menu,forma,tema_label,didascalia_copertina,temi",,2026-04-19T08:52:37.921652
159991aa-5945-4fb3-bee6-cacc7a5546ac,faith-is-an-encounter,3b145860-fcc2-442a-a20b-aaf17bb0cf60,ok,"categoria_menu,forma,tema_label,temi,tags",,2026-04-19T08:52:38.043670
15e9241c-83d3-41f2-adba-9eec22ac350c,why-not-learn-guitar,368d88bb-2267-4c7d-a51f-e1ca0e53cd71,ok,"categoria_menu,forma,tema_label,temi,tags",,2026-04-19T08:52:38.075713
1663c910-e778-4acf-8f4c-94fb9df94831,those-sitting-down-those-standing-up,f0aa94b5-a9b5-4c81-93bf-65ad5bef223f,ok,"categoria_menu,forma,tema_label,temi",,2026-04-19T08:52:38.275907
16090483-552f-4cc9-a344-4e202395be04,close-your-eyes-and-look-at-me-living-disability-in-the-family-a-review,d41e4fd6-93bb-4ccb-abf4-ebea0c591c96,ok,"categoria_menu,forma,tema_label,didascalia_copertina,temi",,2026-04-19T08:52:38.256237
1673611c-0f99-458e-9b86-359365523e79,when-parents-get-it-wrong-a-practical-guide-to-breaking-bad-habits,7663a046-aea0-4d1b-9ff0-bcd3b00b3b5d,ok,"categoria_menu,forma,tema_label,temi",,2026-04-19T08:52:38.359683
1679d60b-d981-49b1-9d2e-61f25d7cef21,praying-on-a-chair-both-grand-and-simple,3e1037e7-effc-4db3-a259-c66279f0d764,ok,"categoria_menu,forma,tema_label,didascalia_copertina,temi,tags",,2026-04-19T08:52:38.431768
16b5c928-dacd-4086-ab50-db5c2cd8166f,never-stop-believing-a-review,bbab908e-8c73-453d-b126-f15150073bf5,ok,"categoria_menu,forma,tema_label,didascalia_copertina,temi",,2026-04-19T08:52:38.546154
16cda830-4032-464e-b3df-da3d86d513b8,an-active-member-of-the-church,ce733d60-db82-4034-9762-79922700386a,ok,"categoria_menu,forma,tema_label,temi",,2026-04-19T08:52:38.563399
16d9cc83-d4f6-4b3c-9fb8-6da9ab31b7ec,scouting-and-disability,cac2289e-190d-4ed3-816f-224dd34d52ae,ok,"categoria_menu,forma,tema_label,didascalia_copertina,temi,tags",,2026-04-19T08:52:38.641170
16dc952f-0dcb-43f2-ae42-9169c842db1a,a-president-writes-back,43b2a79b-02ac-4ae2-9596-deb74fc20722,ok,"categoria_menu,forma,tema_label,temi",,2026-04-19T08:52:38.770848
16f84f49-571c-46ff-93ea-f811a99d459b,dimitri-theater-dreams-and-direction,cccd4eb2-56d5-4787-acc2-7d3dcd476adf,ok,"categoria_menu,forma,tema_label,temi",,2026-04-19T08:52:38.876274
16f358a0-42a9-4a20-8696-1c08f0fbd88c,easter-1981-at-lourdes,a230f9b9-39e5-4a12-a40f-8a0893edbe9a,ok,"categoria_menu,forma,tema_label,temi,tags",,2026-04-19T08:52:38.845842
16fad091-3bf3-4728-8c3f-82aad58dad2e,what-makes-something-truly-voluntary,96418c1f-7b59-4dae-a690-4aa106174a58,ok,"categoria_menu,forma,tema_label,didascalia_copertina,temi,tags",,2026-04-19T08:52:38.946869
171153f4-346f-4192-86af-21bf373fdf97,when-patients-cannot-speak-for-themselves-a-mothers-proposal,8a91b516-0cc2-4d76-9fa9-7b5239fab921,ok,"categoria_menu,forma,tema_label,didascalia_copertina,temi",,2026-04-19T08:52:39.052183
17360c9b-deb9-43a0-a8a7-21143512dfc0,lucca-exhibits-works-by-artists-with-mental-disabilities,b322e639-4ffd-46ef-9d58-742c2f7f1896,ok,"categoria_menu,forma,tema_label,temi",,2026-04-19T08:52:39.177286
171fdd93-6e7e-4b5a-aebe-c86db4a551d3,from-the-provinces-issue-130,48c89794-3425-4baa-a528-33cf17967fc7,ok,"categoria_menu,forma,tema_label,didascalia_copertina,temi",,2026-04-19T08:52:39.127208
17551cbe-8b3b-4491-b0b7-88518c7b37f5,a-cradle-of-words-meeting-lifes-difficult-beginnings,5f17f718-3ef0-4002-a738-4a864cdb03f2,ok,"categoria_menu,forma,tema_label,didascalia_copertina,temi,tags",,2026-04-19T08:52:39.268956
1759d0f2-0af9-42a7-bb56-8aa8b42f14aa,high-school-with-rett-syndrome,bd1b7116-c4a9-4f8a-9a71-3d72a30ca145,ok,"categoria_menu,forma,tema_label,didascalia_copertina,temi",,2026-04-19T08:52:39.349832
1763d7a3-c642-4e80-ad18-55a4f6095ae8,my-weekend-at-the-villa,2ba9cc10-e2fa-4292-8655-8c9067a27bf1,ok,"categoria_menu,forma,tema_label,temi",,2026-04-19T08:52:39.502358
177b5f47-ec23-424d-92a2-88bcbbd1fb4e,building-the-capacity-to-hope-in-a-psychiatric-hospital,8930298a-5e32-4f78-935d-3e135028a24b,ok,"categoria_menu,forma,tema_label,temi,tags",,2026-04-19T08:52:39.507093
17911b94-569b-41f9-ae7a-2805af169000,we-are-people-too,84fac6ef-d2ac-4df4-8c2b-af3b450c7682,ok,"categoria_menu,forma,tema_label,didascalia_copertina,temi",,2026-04-19T08:52:39.648795
17adb569-27a4-4917-b490-781d2d273a2f,bring-fraternity-joy-and-understanding-of-the-faith,51789abb-e88d-4a80-8b10-44603380942d,ok,"categoria_menu,forma,tema_label,temi",,2026-04-19T08:52:39.693033
17c8d645-476f-4d9b-be5a-3ea2cde91c34,the-light-of-community-lives-in-us,c92eed23-52f8-430f-acb9-991e4966809f,ok,"categoria_menu,forma,tema_label,didascalia_copertina,temi",,2026-04-19T08:52:39.835813
17d971e7-b8a2-4d30-b2e0-ae0fdb8a7d46,open-dialogue-no-142,cdf8ed22-7bb9-4d3d-b1d8-cdc9031066ab,ok,"categoria_menu,forma,tema_label,didascalia_copertina,temi",,2026-04-19T08:52:39.894767
17dca422-a4fe-4d68-9be7-bffbe93e10e7,coffee-or-pizza,8ee6eb07-8860-4243-8c54-8a0571809a74,ok,"categoria_menu,forma,tema_label,didascalia_copertina,temi",,2026-04-19T08:52:39.940189
17e16d4e-524f-432b-bb01-3eca3be0275d,the-tuscolana-is-not-dragoncello,6c4246a0-1574-4c20-94d8-c058d9bc9ca2,ok,"categoria_menu,forma,tema_label,didascalia_copertina,temi",,2026-04-19T08:52:40.012989
17f1575d-1f4e-4e06-a479-78aef86e31ab,four-pages-in-voice-a-listeners-guide,fb4c2a48-fbce-461c-8290-b7583e7c607d,ok,"categoria_menu,forma,tema_label,didascalia_copertina,temi",,2026-04-19T08:52:40.101296
1849144b-8753-423e-a708-89bfc10ae822,fragile-lives-a-path-to-unity,c0985357-8630-4f50-86ae-63059c15b47f,ok,"forma,didascalia_copertina,temi,tags",,2026-04-19T08:52:40.242144
1831257d-7cd2-4cd7-84eb-559069a95585,christians-at-the-church-door,d9e9559b-7b29-4966-9581-93338e260c8e,ok,"categoria_menu,forma,tema_label,temi,tags",,2026-04-19T08:52:40.225159
184d4476-b9bd-4782-91aa-2149291266f5,storia-di-un-padre-en,01754eab-906a-4825-b35b-a69130fbffa7,ok,"categoria_menu,forma,tema_label,temi",,2026-04-19T08:52:40.326518
18618fef-3e0f-495b-8f40-16a20381a6e7,another-year-begins,ad96ac25-c649-4297-acb3-c27cbb0a176d,ok,"categoria_menu,forma,tema_label,didascalia_copertina,temi",,2026-04-19T08:52:40.464361
1874f551-23cb-49ec-8b5b-52020ef9a09a,breath-by-breath-yoga-for-children-and-adolescents-with-special-needs,53bd8066-dd13-4a3c-8b71-9d0c010d9bfb,ok,"categoria_menu,forma,tema_label,didascalia_copertina,temi,tags",,2026-04-19T08:52:40.589121
18976b2e-1162-47d2-a4b1-95944106d468,seeing-yourself-in-the-window,0d39ece7-1c3a-44c4-86dd-8abe7aff2864,ok,"categoria_menu,forma,tema_label,temi",,2026-04-19T08:52:40.605559
18a13c78-94a4-4274-addc-119e1978008c,wait-for-me-im-coming,464dd3fa-b52f-4094-8983-81cac21255ae,ok,"categoria_menu,forma,tema_label,temi",,2026-04-19T08:52:40.685213
18b43fbb-e42a-4e84-bb44-a5b5a4fc14fb,the-little-star-workshop,bf7b3c06-a39b-410c-9ef9-5738965fb101,ok,"categoria_menu,forma,tema_label,temi,tags",,2026-04-19T08:52:40.793562
1955283d-9a3e-4dfb-ae62-cbe15f6e9779,staying-true-to-an-inheritance-what-fidelity-really-means,c1f583cc-1401-4b58-babe-734f323624d7,ok,"categoria_menu,forma,tema_label,temi",,2026-04-19T08:52:40.899890
19569842-1d3a-4fff-b29f-14d6eb73509c,on-the-road-again,223c0c2b-fb6f-4949-93b5-e48fc5a6ad07,ok,"categoria_menu,forma,tema_label,temi",,2026-04-19T08:52:40.923153
198f5c36-c793-42b2-9caa-69d011a00b83,open-dialogue-no-106,9045d12a-484c-40ea-87ca-a2ce1fa97390,ok,"categoria_menu,forma,tema_label,temi",,2026-04-19T08:52:40.972829
1990f47c-c068-4df4-89cc-532c73e18f6b,uildm-italys-fight-against-muscular-dystrophy,36c23a6f-4ecc-467e-b686-11596cb5dcd3,ok,"categoria_menu,forma,tema_label,temi,tags",,2026-04-19T08:52:41.095941
1994170b-910c-43f8-8762-477b88ac0b4a,piero-and-the-butterfly-caterpillara-review,4b99dfdc-bb39-46b7-a80e-c2897f170124,ok,"categoria_menu,forma,tema_label,didascalia_copertina,temi",,2026-04-19T08:52:41.209696
199ed12c-484b-40e9-8cde-e7d87d6f350c,hikari-a-family,e15a987e-2850-44a3-be12-3617a80ba9fb,ok,"categoria_menu,forma,tema_label,didascalia_copertina,temi",,2026-04-19T08:52:41.270852
19a5c716-fce8-4091-b861-c73d21e09ad7,the-2019-budget-law-what-changes-for-people-with-disabilities,cc0023d0-7f9b-44a7-a8db-ed997b990cf5,ok,"categoria_menu,forma,tema_label,temi,tags",,2026-04-19T08:52:41.273801
19add60c-3c68-4393-8618-19bbb7d6edb2,friends-in-paradise-a-review,ba86cdf6-18c1-4cc6-94e4-efa10532786d,ok,"categoria_menu,forma,tema_label,didascalia_copertina,temi",,2026-04-19T08:52:41.463909
19b3f857-ecb0-4536-94e3-d400672b3fed,out-of-focus-a-review,8f832d05-998e-43a8-91a5-c85cd0ac4dfb,ok,"categoria_menu,forma,tema_label,didascalia_copertina,temi",,2026-04-19T08:52:41.548526
19dcb06d-ede3-4cbd-a37f-834d52f9655d,festival-of-light-1976,4997687e-d183-44e0-ae36-a3e42a7940c1,ok,"categoria_menu,forma,tema_label,temi",,2026-04-19T08:52:41.649973
19b75527-8612-42f2-9a0c-c9d35fe04d11,housing-for-adults-with-intellectual-disabilities,6c07897c-5dbe-44f1-82f8-3367732a787c,ok,"categoria_menu,forma,tema_label,temi,tags",,2026-04-19T08:52:41.611277
19ea37ce-65f9-45ea-bdbc-3bf762108b0b,dont-be-ashamed-to-be-happy,f23b2183-79ff-494b-9047-251437c231b3,ok,"categoria_menu,forma,tema_label,temi",,2026-04-19T08:52:41.747394
1a1adbc1-a5e1-4efd-b90d-becaf66543bf,hope-under-strain,5e764b8d-6f87-4924-9943-f63559d76cb6,ok,"categoria_menu,forma,tema_label,didascalia_copertina,temi,tags",,2026-04-19T08:52:41.839798
1a410b36-3b5d-4e69-a910-015bc9d02381,villa-s-giovanni-di-dio,2bee1c21-198f-4bb0-987c-6d7a8dd477aa,ok,"categoria_menu,forma,tema_label,temi,tags",,2026-04-19T08:52:41.930712
1a4170b3-0454-47f9-baa2-5af13cbf183b,two-days-many-questions,b777f620-cede-4fe7-b1ff-a99d51b58199,ok,"categoria_menu,forma,tema_label,temi,tags",,2026-04-19T08:52:42.006419
1a4aea06-ea55-458e-8b44-89f0ec44c923,everyone-gives-everyone-receives,9795608f-ab3d-4ee0-a59d-40ea96c29306,ok,"categoria_menu,forma,tema_label,didascalia_copertina,temi",,2026-04-19T08:52:42.064415
1a514cfe-d329-479e-be18-7295dba26bf7,adesso-saremo-tutti-diversi-en,01b01e50-b60a-4f65-9d66-1de23be0d964,ok,"categoria_menu,forma,tema_label,temi",,2026-04-19T08:52:42.181322
1a615cdf-c715-4ca3-ad07-9f6268ac37ca,ombre-e-luci-no-10-1983,79424c4e-48cc-4ba8-843c-8b6c7723939a,ok,"categoria_menu,forma,tema_label,temi",,2026-04-19T08:52:42.261320
1a87916f-1c07-45cb-887c-0e5b049aaa06,il-carro-a-home-for-everyone,27ae50fa-84c9-4de4-a84e-82aaa15cb18c,ok,"categoria_menu,forma,tema_label,didascalia_copertina,temi,tags",,2026-04-19T08:52:42.269426
1ada7470-c055-4f6f-b273-1b430e9181f5,when-the-world-ended,a362b10c-7afb-45ef-8b31-b451aa35bfad,ok,"categoria_menu,forma,tema_label,temi",,2026-04-19T08:52:42.343396
1addc51e-4eb7-4033-a050-34e09daeb2ae,its-worth-living,96b0e56d-89df-4e13-9267-796c409cb750,ok,"categoria_menu,forma,tema_label,didascalia_copertina,temi",,2026-04-19T08:52:42.448793
1b191171-f260-486e-acf9-cc979d7c5f45,timeline-of-the-inquiry-and-historical-background,df906005-3d79-4262-a9f0-0c9432801ce2,ok,"categoria_menu,forma,tema_label,temi",,2026-04-19T08:52:42.624934
1b15d7b7-8aa3-4748-b335-86393442bab0,a-problem-i-dont-know-how-to-solve,3ac33412-c913-4a91-bf7a-e87ca629dfe9,ok,"categoria_menu,forma,tema_label,temi,tags",,2026-04-19T08:52:42.581883
1b316ccd-f481-44b9-8662-38d98c29e6d0,a-transformation-from-below,e68b3f80-b677-472c-944f-d829f3143124,ok,"categoria_menu,forma,tema_label,didascalia_copertina,temi",,2026-04-19T08:52:42.708273
1b511ba1-3d5e-460a-b4ce-13fd3c359b4e,we-had-no-idea,efe01b57-c338-4bc9-b606-815ef9a0ea14,ok,"categoria_menu,forma,tema_label,temi,tags",,2026-04-19T08:52:42.745282
1b54cb05-3a73-4655-ab66-4bdcba438dd5,parolimparty-inclusive-multisport-event-returns-for-second-year,6c49d911-2e25-45a3-a6d4-fe4aace5c712,ok,"categoria_menu,forma,tema_label,temi,tags",,2026-04-19T08:52:42.913266
1b5898ca-bba1-47ac-89f6-c0c97ca49044,running-toward-francis,ea9c57e4-fcc0-47de-b0ef-97b393aace32,ok,"categoria_menu,forma,tema_label,didascalia_copertina,temi",,2026-04-19T08:52:42.991783
1b76ae8c-644e-4657-9dec-0f058e1ca389,i-voted-no,73bdaaab-1587-4ec0-bb67-5791e9cf77b0,ok,"categoria_menu,forma,tema_label,temi",,2026-04-19T08:52:43.015316
1b7e82b7-7c94-47cf-81c4-4a88d8ad2f80,finding-dory-review,f19b9573-f8bb-4f80-baec-895e5b06b674,ok,"categoria_menu,forma,tema_label,didascalia_copertina,temi",,2026-04-19T08:52:43.103127
1b84ad95-dec9-4474-974e-caf68e56d5e2,saverio-our-brother,62757b1a-870f-4362-99c5-4b59f4676bc1,ok,"categoria_menu,forma,tema_label,temi,tags",,2026-04-19T08:52:43.240469
1b95d37a-c763-4372-bc66-8e437dcb01a2,beneath-the-clocks-eye-review,74cdb30b-169e-4317-b4a2-f865e7f43252,ok,"categoria_menu,forma,tema_label,didascalia_copertina,temi,tags",,2026-04-19T08:52:43.317213
1b94fbac-2652-40f8-9319-478a14699dec,a-city-for-the-boys,4bb839de-9e9c-4e65-addf-2234a3ae3738,ok,"categoria_menu,forma,tema_label,temi",,2026-04-19T08:52:43.287039
1bb28312-c33f-45b8-baf1-e4d30368fe17,what-if-we-rethought-the-shopping-trip,d968e6f4-b67b-435e-a083-a4fd95f89a6a,ok,"categoria_menu,forma,tema_label,didascalia_copertina,temi",,2026-04-19T08:52:43.409688
1bb5f3a1-3163-493f-aa3c-54201e15090a,keeping-the-circle,58bdc64a-3857-442e-b72e-ee86b5b0a623,ok,"categoria_menu,forma,tema_label,didascalia_copertina,temi",,2026-04-19T08:52:43.558491
1bba0938-8b3e-4433-ae66-2703f3d6c39b,venice-82-when-reality-follows-you-into-the-cinema,ba0ccf7b-f6fd-4172-a64c-831060237808,ok,"categoria_menu,forma,tema_label,didascalia_copertina,temi,tags",,2026-04-19T08:52:43.639394
1bd60a82-bf12-40f9-a682-acd20dfe9d5a,il-chicco-a-home-among-larche,09fec868-4e83-40ff-b5a4-729affa11dfe,ok,"categoria_menu,forma,tema_label,temi,tags",,2026-04-19T08:52:43.674400
1beb9008-b312-41bc-aebd-9462831d8107,a-pilgrimage-to-loreto-1979-voices-from-those-who-were-there,fbc036ac-a340-4a5a-a523-260db410e2aa,ok,"categoria_menu,forma,tema_label,temi,tags",,2026-04-19T08:52:43.745334
1bf0e21b-dd97-4718-b28a-5a063a6af527,from-birth,498f4f97-6b5e-4e07-b692-ac517dfad173,ok,"categoria_menu,forma,tema_label,temi",,2026-04-19T08:52:43.914483
1bf338e7-2535-4662-8b0b-1b14b88462cd,in-search-of-the-father-a-history-of-paternity-in-the-modern-age,12f1cbd3-5d79-4cf1-b769-7da15442a4ae,ok,"categoria_menu,forma,tema_label,temi",,2026-04-19T08:52:43.988578
1c1bb947-60d1-4585-93d5-fa14defd084f,dark-and-luminous-a-review,a7cc0df0-42c1-46f9-8dfd-7ab12c14730c,ok,"categoria_menu,forma,tema_label,temi",,2026-04-19T08:52:44.113641
1c1a852b-5f6b-471f-8820-b2d2e9516554,staying-connected-even-when-im-not-always-there,29507a50-11b8-4cdf-a2b4-94b42a8e4441,ok,"categoria_menu,tema_label,didascalia_copertina,temi,tags",,2026-04-19T08:52:44.073817
1c29b5e9-102b-4f91-94f7-be57aba8692d,the-other-people-living-with-disability,babda0d4-4faf-420d-91f8-331cc5804cb3,ok,"categoria_menu,forma,tema_label,didascalia_copertina,temi,tags",,2026-04-19T08:52:44.173770
1c4bc688-e461-436a-adad-8cd85208eb55,choose-your-words-with-care,495b4664-0cd7-4e9d-93fb-5e313a5d9122,ok,"categoria_menu,forma,tema_label,temi,tags",,2026-04-19T08:52:44.255968
1c68a08a-0344-47b2-a674-f7cd918b7dfb,jean-vanier-and-larche-a-communion-of-love,da55a5ea-b89e-4b3a-9a5c-3ec44355f5a7,ok,"categoria_menu,forma,tema_label,didascalia_copertina,temi",,2026-04-19T08:52:44.415703
1cb21430-03fd-4279-b1ed-493872feb014,facilitated-communication-a-voice-that-cannot-be-silenced,ffd622b6-6e73-4daa-9ba4-beaea0afde25,ok,"categoria_menu,forma,tema_label,temi,tags",,2026-04-19T08:52:44.485517
1cefd561-d473-47ae-9c68-5ac168ee8c80,just-south-of-the-equator,4e3ac030-3c2b-412c-9c53-f71538c77771,ok,"categoria_menu,forma,tema_label,didascalia_copertina,temi,tags",,2026-04-19T08:52:44.563822
1ce235e5-544c-4ea4-afcb-deff7cd1ee2d,remembering-nicole-the-most-honest-gift-is-the-gift-of-yourself,46ffb84d-e0c6-4bf1-8bdd-6e99724d5a1b,ok,"categoria_menu,forma,tema_label,didascalia_copertina,temi,tags",,2026-04-19T08:52:44.527872
1d1afe16-4e5a-43bc-9036-ce7ab67e6476,happy-christmas,cfbdd4e0-305b-4c5b-83e1-b061e9ddbb6d,ok,"categoria_menu,forma,tema_label,didascalia_copertina,temi,tags",,2026-04-19T08:52:44.731841
1d2edaa9-c992-4462-9ff1-1858e07f9082,trapped-a-boys-journey-with-attention-deficit-disorder-without-hyperactivity,c7288410-036b-40e1-b1a7-eba504a09e8b,ok,"categoria_menu,forma,tema_label,didascalia_copertina,temi,tags",,2026-04-19T08:52:44.777253
1d45de13-f13a-4116-8f39-c10b29816d45,tell-me-about-the-sea-inside-you-raising-an-autistic-son,d940386b-f5b1-4bca-a9ef-dacacc61429a,ok,"categoria_menu,forma,tema_label,didascalia_copertina,temi",,2026-04-19T08:52:44.883264
1d4e84af-6458-4647-a717-06c12583025a,readers-write-a-critique-of-the-latest-issue-of-insieme,44bc33ca-ec2f-4e2a-b0a0-117f5b69e529,ok,"categoria_menu,forma,tema_label,temi",,2026-04-19T08:52:44.894646
1d5aff08-0ca8-4f81-8e88-360667be060b,eros-and-disability-reflections-and-testimonies,e498d9e4-7c6e-4b06-bc99-d9efe0c56646,ok,"categoria_menu,forma,tema_label,temi",,2026-04-19T08:52:45.038037
1d5cef2d-f7fb-45a7-b699-c697444027e3,the-power-of-words,63ee11f8-ce73-4da0-a7fc-416c2bf09798,ok,"categoria_menu,forma,tema_label,temi",,2026-04-19T08:52:45.083177
1d60baac-5af6-43ee-9264-f0c776bae43a,what-about-the-right-to-study,ace2f282-0cce-4061-a011-7a9b5967d88d,ok,"categoria_menu,forma,tema_label,didascalia_copertina,temi,tags",,2026-04-19T08:52:45.191936
1d9635e8-042d-4d1b-b1c6-e3d40642bfb4,efrems-working-life,e246d2ad-1382-45c6-835b-47fd1ec9ff45,ok,"categoria_menu,forma,tema_label,temi",,2026-04-19T08:52:45.298912
1d83786b-d3b2-4826-8642-525223f2b225,a-fathers-camino-walking-side-by-side-with-my-autistic-son,dccef4dc-92b2-4420-a08e-2aebf2e07565,ok,"categoria_menu,forma,tema_label,didascalia_copertina,temi,tags",,2026-04-19T08:52:45.230931
1d9b4727-5b72-4ad0-9e80-ac83acdac569,light-in-the-shadows,6f3c467b-133a-40ec-8780-d9887f46f921,ok,"categoria_menu,forma,tema_label,temi",,2026-04-19T08:52:45.354667
1d9f7a3d-1bc9-4fd8-abc0-e18ecf309bbd,the-deaf-republica-review,515f8cae-8d17-4b93-89de-40bfb9e92a82,ok,"categoria_menu,forma,tema_label,didascalia_copertina,temi",,2026-04-19T08:52:45.503323
1da6910f-a4db-48c0-bb29-0963d932e6eb,and-the-moon-looked-down-on-mea-review,73704c51-e038-4566-81ad-9ede4f0ee098,ok,"categoria_menu,forma,tema_label,temi",,2026-04-19T08:52:45.645387
1db31d35-0c12-4eb5-8a0e-89140dd5f601,news-from-the-regions-no-142,2b0a434a-dad2-4a80-9447-78c2bb4e00e3,ok,"categoria_menu,forma,tema_label,didascalia_copertina,temi",,2026-04-19T08:52:45.676650
1dcee5cf-cf14-499b-a7bb-5263bfea9a5b,all-together,9ac411a2-684c-45c4-91bd-c626f9b00ea5,ok,"categoria_menu,forma,tema_label,didascalia_copertina,temi,tags",,2026-04-19T08:52:45.687321
1de5458b-e391-4d19-b4d5-7935c55fc9d8,when-dad-died-charles-hid-under-the-table,7cf1bfe5-1c72-408a-9caf-49d72776ee87,ok,"categoria_menu,forma,tema_label,temi,tags",,2026-04-19T08:52:45.837150
1df40790-a1fc-42f3-a8ea-768602795965,a-cooperative-by-the-sea,4a7a3e34-1b4e-4a9d-8a1a-de9da3a32034,ok,"categoria_menu,forma,tema_label,temi,tags",,2026-04-19T08:52:46.000533
1de92e37-a058-4226-a0eb-4e1bc535dbb1,a-token-of-freedombook-review,a07e6f6b-ea0b-433a-9b4b-4182d061b189,ok,"categoria_menu,forma,tema_label,didascalia_copertina,temi",,2026-04-19T08:52:45.986776
1deff2d4-ae54-4da0-821b-c345d92f02b7,how-to-help-your-child-behave-well,72b57ec8-6184-4869-aad9-199016a75174,ok,"categoria_menu,forma,tema_label,didascalia_copertina,temi,tags",,2026-04-19T08:52:45.989634
1e069b06-bc9c-4683-b6b1-93701fdb316f,a-little-madness-to-work-wonders,c211c162-d704-495a-abb1-29b217ff0b5f,ok,"categoria_menu,forma,tema_label,didascalia_copertina,temi",,2026-04-19T08:52:46.160852
1e339d1c-b660-44d8-ad8f-c59c3660b82d,the-gospel-of-the-defeateda-review,6b1db88d-491f-41d7-92a0-1dec2ff2b232,ok,"categoria_menu,forma,tema_label,didascalia_copertina,temi",,2026-04-19T08:52:46.296919
1e3d2edb-b37e-4c2b-978a-8fd01b247dbe,a-birthday-evening-with-friends,cec38f4f-bff3-4e5f-8225-fcd8bc6ccd67,ok,"categoria_menu,tema_label,didascalia_copertina,temi",,2026-04-19T08:52:46.339588
1e61d0e1-4736-46f9-909c-e9bff821b58e,innocent-suffering-a-disabled-child-in-our-family,0b9b285f-1663-40a1-bddd-c133b720fdf4,ok,"categoria_menu,forma,tema_label,temi",,2026-04-19T08:52:46.364177
1e788f0c-d97e-4ec4-8861-2b2b5be2f2e3,pippos-kitchen,68c4430a-673f-40a5-8473-34ad5f060993,ok,"categoria_menu,forma,tema_label,didascalia_copertina,temi,tags",,2026-04-19T08:52:46.460084
1eac137b-7f37-40d6-ac14-94f78041822a,were-you-thinking-of-me,32d3bd7a-ea39-4dcc-9015-53be14426e6e,ok,"categoria_menu,forma,tema_label,didascalia_copertina,temi",,2026-04-19T08:52:46.593438
1eadb1e0-5597-4d07-9226-004021dba1c7,christmas-letters-a-special-conversation-with-our-readers,6fdf9a12-8938-422d-8a59-77fb81c39c53,ok,"categoria_menu,forma,tema_label,temi",,2026-04-19T08:52:46.649849
1ed3d60f-26fa-4a31-a318-99a0f437df61,my-eyes-and-heart-witnessed-wonder,a42b8f11-a71f-40e6-86d3-8d8cc59a5295,ok,"categoria_menu,forma,tema_label,didascalia_copertina,temi,tags",,2026-04-19T08:52:46.665578
1ed54552-4e67-4fdc-b199-c2fa27edcb1a,a-son-for-five-days,edb5316a-e4d5-4542-b1db-aef969adb359,ok,"categoria_menu,forma,tema_label,didascalia_copertina,temi,tags",,2026-04-19T08:52:46.802574
1ef0a000-12a5-4f6c-ba51-f681537041e4,year-end-pizza,cdd3837d-f396-45e8-a8fc-c0f89fd817de,ok,"categoria_menu,forma,tema_label,didascalia_copertina,temi",,2026-04-19T08:52:46.844929
1efae921-3d84-4540-8f77-d30d28fadad0,a-child-with-down-syndrome-is-borna-guide-for-parents,7a395ce2-9825-4920-bc13-d137395e87da,ok,"categoria_menu,forma,tema_label,didascalia_copertina,temi",,2026-04-19T08:52:46.994608
1f118e23-3e28-46bf-b81c-7a30521a32bd,far-east-film-festival-2024-two-films-on-fragility-from-hong-kong-and-taiwan,ef83b890-c4ab-4f76-9f5e-09efd923b263,ok,"categoria_menu,forma,tema_label,didascalia_copertina,temi",,2026-04-19T08:52:47.026299
1f134e16-50c6-4783-a424-8d98063f5e0d,life-reflections-on-disability-culture,3e3d6be3-fe28-4ec5-809f-fca32a301152,ok,"categoria_menu,forma,tema_label,didascalia_copertina,temi",,2026-04-19T08:52:47.123239
1f2c7f1d-5c26-4043-b922-19483144a153,theater-in-the-piazza,4699e20d-ec2e-49ab-98ab-487496a0298a,ok,"categoria_menu,forma,tema_label,temi,tags",,2026-04-19T08:52:47.156225
1f2f3992-4733-4ac4-9c91-7061349981d6,berlinale-74-cinema-disability-and-the-limits-of-representation,f2f58b47-599a-4bf5-8ff5-7c6653279d6c,ok,"categoria_menu,forma,tema_label,didascalia_copertina,temi",,2026-04-19T08:52:47.310288
1f5a640d-ddb0-4197-86ff-92ad88306a3b,already-our-son,7030a7f1-ab51-4d4d-90c6-6d150f0068b8,ok,"categoria_menu,forma,tema_label,didascalia_copertina,temi,tags",,2026-04-19T08:52:47.322732
1f71b87d-52a5-4af9-ba90-9e874419703f,what-luca-meant-in-your-life,f49c3a3d-fe3f-417d-9571-06bfff56db7d,ok,"categoria_menu,forma,tema_label,temi",,2026-04-19T08:52:47.458002
1f6b6e0c-aa64-4e51-8353-41ef8ff4d34e,disability-a-border-to-cross,cea038d8-c040-4fb0-a747-51cbb1769fa5,ok,"categoria_menu,forma,tema_label,didascalia_copertina,temi,tags",,2026-04-19T08:52:47.441597
1faa47ee-392c-4ddd-bf60-bbfce0252f1a,oaza-at-the-borderline-between-fiction-and-reality,f4d2348c-0872-451b-9e6e-b989f9135a36,ok,"categoria_menu,forma,tema_label,temi",,2026-04-19T08:52:47.664189
1fa6a22d-0340-40a8-8c1e-f9d54aa808a5,they-kept-staring,f1d1402a-d895-4f22-a5d6-345af58be8b6,ok,"categoria_menu,forma,tema_label,didascalia_copertina,temi,tags",,2026-04-19T08:52:47.639308
1fbca61d-3cc6-4092-908c-4ae02b02d043,aac-at-the-benedetta-dintino-center-augmentative-and-alternative-communication,ead3120f-9f2c-44b8-bf5f-482051505e6a,ok,"categoria_menu,forma,tema_label,temi",,2026-04-19T08:52:47.764425
1fc0fc43-3e31-4959-b130-3550b439599b,ndangwini-a-home-where-family-exists,f681d1e5-dc48-4b5a-a5cc-c5d4a9b03020,ok,"categoria_menu,forma,tema_label,didascalia_copertina,temi,tags",,2026-04-19T08:52:47.778768
1fc1c90c-dd0e-4aef-a4d7-9ef4f114f5f7,a-place-where-life-takes-root,07e08abb-30e0-4bf1-9e4d-befe56e37c2c,ok,"categoria_menu,forma,tema_label,temi",,2026-04-19T08:52:47.967624
1fc422f8-fd84-4ac9-a6b4-2921145e9708,hand-in-hand-together,b8c584d6-f142-4eff-a0e0-0d35ffdf9d86,ok,"categoria_menu,forma,tema_label,temi",,2026-04-19T08:52:48.037497
1fe1fdbe-a404-40d6-902d-3fab90dae7a5,thank-you-saint-francis-for-walking-with-us,759fc91d-4c81-4a3b-9d81-eca82e6390ac,ok,"categoria_menu,forma,tema_label,didascalia_copertina,temi,tags",,2026-04-19T08:52:48.095059
1ff86253-eb07-4963-ac8b-3f28abe5755d,dear-cardinal-martini,9bb2bb7c-66d9-4a38-8eed-0643dfe701b6,ok,"categoria_menu,forma,tema_label,didascalia_copertina,temi,tags",,2026-04-19T08:52:48.155714
204ce616-f0b5-4de3-845e-45130fa8cacf,off-to-congo,46ba5772-e90e-4fb5-b555-97b419989f11,ok,"categoria_menu,forma,tema_label,didascalia_copertina,temi",,2026-04-19T08:52:48.299200
205c28af-f798-44e5-9f04-5f83730f1d71,celebration-the-heart-of-a-fede-e-luce-community,cd59af0d-6533-4836-aef8-dc467451717f,ok,"categoria_menu,forma,tema_label,temi",,2026-04-19T08:52:48.330351
206ba9cd-4b79-4486-b4f4-64dea6cc7c5c,to-educate-is-to-desire,682fdbdb-1b9e-4bb0-9dae-fd5424200a0c,ok,"categoria_menu,forma,tema_label,didascalia_copertina,temi",,2026-04-19T08:52:48.422078
20a0f2ab-42bb-4dab-a39b-a9a2ddb883f5,the-more-i-dig-the-more-i-find,5ac1ee73-e7ef-4386-93fa-dfc8168107b4,ok,"categoria_menu,forma,tema_label,didascalia_copertina,temi,tags",,2026-04-19T08:52:48.476084
20ab28dd-156b-441f-8e32-989f41385de9,letters-from-our-communities,36701904-5943-45bd-9bca-ace7df8f3679,ok,"categoria_menu,forma,tema_label,temi,tags",,2026-04-19T08:52:48.546893
20b263e1-200c-42c9-bdc3-073bd95ab929,when-parents-roll-up-their-sleeves,cb9a90f5-bd6f-4fc0-b2cd-924a4e16c59d,ok,"categoria_menu,forma,tema_label,didascalia_copertina,temi,tags",,2026-04-19T08:52:48.613124
20dcfa5f-5c9d-4099-9aeb-55001cdb1dcf,beyond-the-limit,80b8a4d3-fd2b-459c-9e6d-dd0e6a0eafb3,ok,"categoria_menu,forma,tema_label,didascalia_copertina,temi",,2026-04-19T08:52:48.688665
20efc1ff-9c20-4e79-ac6d-7a775cd7127c,dear-love,140c839b-4f9f-4560-b358-9c47cb323359,ok,"categoria_menu,forma,tema_label,temi",,2026-04-19T08:52:48.751318
210c0734-2d79-415f-add4-bcb07a2c6a2f,fourteen-years-living-with-them,aba9313c-7522-4ad8-8b78-323472897a8f,ok,"forma,temi",,2026-04-19T08:52:48.838727
211fe065-90eb-49d9-94d0-e128d067d517,loreto-1979-a-pilgrimage-remembered-by-olga-gammarelli,0ba157eb-0808-49b1-bc10-2756ca90497a,ok,"categoria_menu,forma,tema_label,temi,tags",,2026-04-19T08:52:48.998664
212b87eb-35e4-4d1a-a3ae-baefe4a893d4,so-many-questions-before-them,715eb2e1-3b05-407b-a977-9080f077635f,ok,"categoria_menu,forma,tema_label,temi,tags",,2026-04-19T08:52:49.014815
212c8b9b-e140-4e73-8c50-56af2d6451bb,jean-vanier-in-war-torn-lebanon,bbfd245c-40ba-433f-a06b-5c1df958dc9d,ok,"categoria_menu,forma,tema_label,temi",,2026-04-19T08:52:49.083118
212d78eb-7e8a-4e94-bda1-6eeba1c19442,a-thoughtful-guide-to-films-about-disability,fc97d36c-860c-49a1-aeae-b06aefa39d55,ok,"categoria_menu,forma,tema_label,temi,tags",,2026-04-19T08:52:49.171862
213b40f1-935e-4a95-a9f0-3d8cd6997672,the-workshop-where-good-news-gets-made,6adffa89-9ec7-4006-9f7e-c025ff5e8aa8,ok,"categoria_menu,forma,tema_label,didascalia_copertina,temi",,2026-04-19T08:52:49.289292
21565281-6427-4aea-95d4-0c16b5ed1e5e,the-new-after-us-law-what-does-it-actually-do,accc3e9c-5c01-4f36-8ca6-515a6f088f4b,ok,"categoria_menu,forma,tema_label,didascalia_copertina,temi",,2026-04-19T08:52:49.331186
21616e13-657f-4295-a971-c9ee86f41df2,lucass-copernican-revolution,510dde52-0528-4a38-913b-bec76dbd881c,ok,"categoria_menu,forma,tema_label,temi",,2026-04-19T08:52:49.376955
21da227d-36e5-4cb8-ac02-50d012bca19a,merry-christmas-to-you-too,830ac9a1-a030-4ad1-b7f9-8688ea276651,ok,"categoria_menu,forma,tema_label,didascalia_copertina,temi,tags",,2026-04-19T08:52:49.458678
21dcbfe3-804e-475a-88c7-d658f9ed2036,tau-community-our-home,a18471ba-d43c-4f63-ade7-753ab326d3a9,ok,"categoria_menu,forma,tema_label,temi",,2026-04-19T08:52:49.606278
2220f01b-d4d2-43c9-9ab5-8dd330eab1c0,the-poetry-of-the-stars,f7b10dd9-d8a2-4c8e-8ba7-ab68e49fa55f,ok,"categoria_menu,forma,tema_label,didascalia_copertina,temi",,2026-04-19T08:52:49.612032
2234035c-63f3-40d0-ab2b-d51356176388,new-families-a-guide,0ce10120-39e8-493d-8a74-6511d6c3a63c,ok,"categoria_menu,forma,tema_label,didascalia_copertina,temi,tags",,2026-04-19T08:52:49.656257
227f34fd-83b8-4a71-b60f-e77314c7b774,faith-and-light-in-galilee-a-community-takes-root-in-eilaboun,b642327b-ec02-428f-aac2-5c79426a35d0,ok,"categoria_menu,forma,tema_label,temi",,2026-04-19T08:52:49.804194
229e0828-34d0-4129-84c2-46d52eff3ba4,bishops-at-the-opening-of-faith-and-light-in-rome,30b7344b-8277-4d0b-8579-bfe50f8eb843,ok,"categoria_menu,forma,tema_label,didascalia_copertina,temi",,2026-04-19T08:52:49.907416
22a2745c-ab4c-49d8-91b7-ac25c7260d7f,i-cannot-see-gods-wonders-but-i-sing-them,fb3c74ea-a2a6-43d2-b512-6cd22829c6c7,ok,"categoria_menu,forma,tema_label,temi,tags",,2026-04-19T08:52:49.949103
22ad4b6d-9e34-407d-8711-9c2462646a82,30-via-plinio,bd36e66d-e07d-4778-be42-985b916580b7,ok,"categoria_menu,forma,tema_label,temi,tags",,2026-04-19T08:52:50.028318
22cab029-69ff-4a51-b0e8-f4841c163894,parenting-and-disability-a-book-review,a5b00d51-eb49-4a6c-b868-068581100c79,ok,"categoria_menu,forma,tema_label,didascalia_copertina,temi",,2026-04-19T08:52:50.106319
22e3a281-798f-4ba5-9e27-9b72a3e43adf,the-greatest-gift,41a3964a-c7ba-45ed-bae1-07726eb7d4dc,ok,"categoria_menu,forma,tema_label,didascalia_copertina,temi,tags",,2026-04-19T08:52:50.303293
22cec423-3375-4d37-955c-76a1ba265a8a,thank-you-ingrid-we-will-not-forget,4034ab6c-dd36-4e13-bc84-a6d83872c2a1,ok,"categoria_menu,forma,tema_label,didascalia_copertina,temi",,2026-04-19T08:52:50.270270
230a4970-16ef-4e51-8552-f4a60be55bc5,irene-laura-gabrielea-growing-experience,96ab302a-5a68-4490-8b2b-f3bee7a29bb8,ok,"categoria_menu,forma,tema_label,didascalia_copertina,temi,tags",,2026-04-19T08:52:50.352541
233d6891-faa8-4f68-a977-ff1691dde344,love-and-disability-in-the-group-home,bf928b19-ef16-4df4-8868-55a69835b4e6,ok,"categoria_menu,forma,tema_label,temi,tags",,2026-04-19T08:52:50.433488
2352f31a-9029-4a6a-9a3c-e89b08338449,but-costanza-dances-with-the-wind,74900990-263e-44f7-b479-f0b4fc45808a,ok,"categoria_menu,forma,tema_label,temi",,2026-04-19T08:52:50.591662
2348a3d6-0bb7-4136-b672-b01458d2e318,agendo-for-the-agenda-opens-to-civil-society,08bdcb6b-50e8-4b94-af41-c335052cee54,ok,"categoria_menu,forma,tema_label,didascalia_copertina,temi",,2026-04-19T08:52:50.578111
2361822f-14d8-4e14-943e-3f7bcc702442,is-an-open-door-enough,63ce2405-2e03-429a-a1e9-b4901d4df896,ok,"categoria_menu,forma,tema_label,didascalia_copertina,temi,tags",,2026-04-19T08:52:50.694275
23676505-b9e0-4f05-8e40-8fb4a5b8b733,venices-other-story,ca390030-1a46-4dd3-a260-0cedff76a987,ok,"categoria_menu,forma,tema_label,temi",,2026-04-19T08:52:50.780717
2369c6fd-ed1b-47ab-8b4b-33f783332602,whose-difficultytheirs-or-ours,95559245-ba98-4e5d-8bda-dcc733501b58,ok,"categoria_menu,forma,tema_label,didascalia_copertina,temi,tags",,2026-04-19T08:52:50.929433
23ad53e9-e6d5-4765-a305-a3d5578cdf69,open-dialogue-no-63-1998,80d153fd-2ac3-4633-a8fc-74466779d0bd,ok,"categoria_menu,forma,tema_label,didascalia_copertina,temi",,2026-04-19T08:52:50.963871
23b7529e-9ab5-468b-b36b-6a8d28f19ced,the-farm-school-building-work-and-dignity-for-autistic-youth,c0a0ccbb-375e-410e-a42f-c9faf547abd5,ok,"categoria_menu,forma,tema_label,temi",,2026-04-19T08:52:51.033269
23bac5f3-7403-4c76-8f87-5e5b2df5a8c1,the-sipario-restaurant-where-nothing-is-given,13a62468-c126-430a-ab4b-429629482f08,ok,"categoria_menu,forma,tema_label,temi,tags",,2026-04-19T08:52:51.061107
23c9bd3e-744a-4da1-87c6-4fc2f6247639,letter-to-gennarino,d3ce1f49-1c9d-4906-ad00-ae8f92054a74,ok,"categoria_menu,forma,tema_label,temi,tags",,2026-04-19T08:52:51.338804
23f89b2e-93a7-4990-a821-60b1f21d451a,on-the-bus-with-my-sister-life-as-youve-never-seen-it,31314107-fc3a-4d05-8e16-c7225e3eba88,ok,"categoria_menu,forma,tema_label,temi",,2026-04-19T08:52:51.397921
23e8ab4a-617c-4c9f-8bf0-44eaf39e3c45,open-forum-no-70,0301bacd-e47f-4a32-9e33-28251c6d8699,ok,"categoria_menu,forma,tema_label,didascalia_copertina,temi",,2026-04-19T08:52:51.350464
23ebe0e5-cbdf-4fc5-a9ad-a9edec2f5842,everyone-gets-a-medal,930e27d2-7450-45d0-8f46-7d52f0657c87,ok,"categoria_menu,forma,tema_label,didascalia_copertina,temi,tags",,2026-04-19T08:52:51.379031
2426265a-924a-4409-bb51-5dec7cd0a633,open-dialogue-no-43,b8e72d6b-b91d-4f92-a481-48a44279fd64,ok,"categoria_menu,forma,tema_label,didascalia_copertina,temi",,2026-04-19T08:52:51.693150
244ce886-091f-415e-9a6d-8b54394715c9,open-dialogue-no-54,790e02d9-e934-4032-a334-aaca3b743fe9,ok,"categoria_menu,forma,tema_label,didascalia_copertina,temi",,2026-04-19T08:52:51.759922
24382eb5-e50f-49fe-a777-50d240342e12,carugate-teaching-the-faith-together-with-disabled-friends,43df9710-5887-437e-aebc-c82b5e7d7b6d,ok,"categoria_menu,forma,tema_label,temi",,2026-04-19T08:52:51.754212
2467766b-61f5-40a8-b1b8-c63f2423236f,1992-birth-of-catechesis-for-people-with-handicaps,aac226dd-83a1-43bd-b4b3-571974f0653b,ok,"categoria_menu,forma,tema_label,temi",,2026-04-19T08:52:51.796407
248d6334-0bea-4ba6-914d-b3d38bad1b47,villa-pizzone-an-open-gate,65c84abc-c2c7-4dfb-8379-0f883f83e1b2,ok,"categoria_menu,forma,tema_label,didascalia_copertina,temi,tags",,2026-04-19T08:52:51.996284
248df56b-cab7-4edc-8f7e-9f3241c272db,a-special-seminar-the-courage-to-speak-with-them,cc03d76d-5b15-4582-871a-24c4f138684e,ok,"categoria_menu,forma,tema_label,didascalia_copertina,temi",,2026-04-19T08:52:52.126581
24a8a9f3-897a-4004-ac5c-b0b961d35f66,meditation-in-my-own-way,56b96d9f-2f8a-4bef-8591-7b45a5f8be73,ok,"categoria_menu,forma,tema_label,temi,tags",,2026-04-19T08:52:52.138989
24ad1aca-a2a5-4ff6-aec2-4d896cad87a5,cinema-and-disability-boris-sollazzos-three-films,368395cf-048d-4312-8276-83457fd4b588,ok,"categoria_menu,forma,tema_label,temi,tags",,2026-04-19T08:52:52.140659
24ea6e2a-103b-4cf8-9521-5f2fd852ca3b,lucrezia-and-the-marco-of-then-and-now,28a655aa-d7bc-449f-9dbd-3325efa0a43f,ok,"categoria_menu,forma,tema_label,temi",,2026-04-19T08:52:52.362913
24ec322c-5549-45d2-a584-ecb284875587,in-the-car-with-dad-and-umberto-tozzi,a016426b-af2d-4757-bb46-b5ad8085a6d0,ok,"categoria_menu,forma,tema_label,temi",,2026-04-19T08:52:52.456909
24fba62c-96fe-42c1-a6a2-e9918a3a1492,when-love-finds-you,aa013464-19a9-4543-be58-1ee6d7e97af0,ok,"categoria_menu,forma,tema_label,didascalia_copertina,temi",,2026-04-19T08:52:52.485509
2510389e-2973-447f-beed-ec0856b087fa,faith-and-light-larche-ombre-e-luci,50bf0db7-67b2-4757-86c9-d89251ca95a1,ok,"categoria_menu,forma,tema_label,didascalia_copertina,temi",,2026-04-19T08:52:52.581284
25228e5d-0781-467f-bb7f-a91cac0e9d07,sanremo-as-far-as-ive-seen-it-2,d0b35fb4-2e29-4e9d-8731-b922af23f7c1,ok,"categoria_menu,forma,tema_label,didascalia_copertina,temi,tags",,2026-04-19T08:52:52.657786
2525b4c0-eee0-4ef0-b1ea-07dbd8069504,twenty-two-letters,3f0e3011-d2dc-4e4b-9ada-684fb916ca5b,ok,"categoria_menu,forma,tema_label,temi",,2026-04-19T08:52:52.730712
254a2337-7fcf-42ad-87ab-02d23a2f0707,i-wanted-to-stop-but-i-couldnt,1ceb6a33-9ae5-4510-8f47-6c1ccb900498,ok,"categoria_menu,forma,tema_label,temi",,2026-04-19T08:52:52.761374
254c76eb-a6ca-4c65-8742-503564710964,how-olga-rewrites-her-story,431b0e6b-8df3-42c9-a5e1-74a9d786d82c,ok,"categoria_menu,forma,tema_label,temi",,2026-04-19T08:52:52.841227
2596a180-715c-4eb2-970f-36838f51c83c,the-house-in-the-treetop-a-review,08118952-084d-4776-a777-cba26b0df3f3,ok,"categoria_menu,forma,tema_label,temi",,2026-04-19T08:52:53.023429
257c984c-23b7-4e97-822d-47dc2c0f36d2,good-news-for-us-all,09189983-9fc2-4850-b3df-502bca121215,ok,"categoria_menu,forma,tema_label,temi,tags",,2026-04-19T08:52:52.956170
25985576-9fde-4e74-813a-ba95215eb632,betrayed,faee2c67-d074-43ce-b11e-f996e2346662,ok,"categoria_menu,forma,tema_label,temi,tags",,2026-04-19T08:52:53.098347
25d9ecf5-306d-495c-b62c-e45ef6195c7f,three-stories-of-the-spirit-a-pastoral-letter-on-the-gifts-of-the-consoler,5aa8c87c-1731-4849-a78f-b91266aba6f4,ok,"categoria_menu,forma,tema_label,didascalia_copertina,temi",,2026-04-19T08:52:53.185807
25e3a76b-da4e-468f-932f-b7ccf42e2682,alessia-6a5a,6a5ae212-0470-4beb-a429-6f56b8a6e6ed,ok,"categoria_menu,forma,tema_label,temi",,2026-04-19T08:52:53.313359
2603081d-0eee-4ebb-894a-4f8de1d5e9d1,after-school-in-a-roma-camp,9f8f056b-daf3-48c9-b1f4-54eee719a862,ok,"categoria_menu,forma,tema_label,didascalia_copertina,temi",,2026-04-19T08:52:53.341465
2603fb94-62f6-4e60-87b2-e3df4f41d3b0,after-us-the-unfinished-work-of-italys-new-disability-law,19dea50a-c59f-40f4-83cb-2c9c1b17d87b,ok,"categoria_menu,forma,tema_label,temi",,2026-04-19T08:52:53.388510
2608c6ee-e045-4551-8cc8-2eb5e6fad42e,for-you-and-for-everyone-practical-steps-to-make-sure-no-one-feels-turned-away,0ee69b4b-ffc1-49f0-ad45-3110d7ce5f0b,ok,"categoria_menu,forma,tema_label,didascalia_copertina,temi",,2026-04-19T08:52:53.471001
261ad375-7091-420a-bca3-3923aefdbc52,fede-e-luce-1979-financial-report,30f7c8f2-c700-4eb8-9c2e-16f9633a6d84,ok,"categoria_menu,forma,tema_label,temi",,2026-04-19T08:52:53.655619
266b2d9d-1afe-43d8-b354-42c995d72422,a-handicapped-womans-song-of-life,3c009fa1-9ea6-4858-bab2-2d828aca2d35,ok,"categoria_menu,forma,tema_label,temi",,2026-04-19T08:52:53.713073
26507cdc-4ca7-4d53-ba31-7ac5920df0c1,you-cannot-do-it-alone,7ef31df0-f44c-44a0-b9e5-e653ebbbda9b,ok,"categoria_menu,forma,tema_label,temi",,2026-04-19T08:52:53.677000
26794ddb-dc68-4d5f-87e7-2e804c9a4c2b,faith-and-light-newsletter-no-13,130f57d3-53a9-49c3-9bb0-efca3c3f7c46,ok,"categoria_menu,forma,tema_label,didascalia_copertina,temi,tags",,2026-04-19T08:52:53.793360
26890ab9-29fe-4669-a28d-500953146f6f,why-me,6d6cb348-9274-4490-bf14-1b452ec4cfa5,ok,"categoria_menu,forma,tema_label,temi",,2026-04-19T08:52:53.986781
26892ac8-e820-4eee-96f8-1ce59da5e56b,open-dialogue-no-65,689c1946-03df-47e4-bf02-2177caf39ab1,ok,"categoria_menu,forma,tema_label,didascalia_copertina,temi",,2026-04-19T08:52:54.018046
268a9067-6158-4408-8175-11289cbefed4,tears-of-silence,362eca47-274a-4db6-86a6-094051f395d9,ok,"categoria_menu,forma,tema_label,didascalia_copertina,temi",,2026-04-19T08:52:54.026866
26a39b45-8f3d-458e-adcf-4ca0e877837a,toward-a-lasting-peace,a17081e3-1677-4f2d-af22-96a5970a5e08,ok,"categoria_menu,forma,tema_label,didascalia_copertina,temi,tags",,2026-04-19T08:52:54.157890
26dd0757-fb08-460d-968d-11970625250a,for-their-growth-a-summer-reckoning,dacef662-78aa-429d-a5f5-04a4e996b355,ok,"categoria_menu,forma,tema_label,temi",,2026-04-19T08:52:54.294647
26feab10-49e4-4916-a5a3-9fb44dfbbf7e,what-families-teach-us-reflections-from-father-roberti,be096ce1-a60b-4a43-b150-1003a7083431,ok,"categoria_menu,forma,tema_label,temi",,2026-04-19T08:52:54.358820
270e71ec-134f-4fdd-b4dd-e2f9394f3084,the-hidden-treasure,1064d918-f8df-4180-9284-c86d627f54e4,ok,"categoria_menu,forma,tema_label,temi",,2026-04-19T08:52:54.383445
27247de2-6c1c-4b03-8b23-bfe86b0017aa,testing-women-testing-the-fetus-book-review,0a888bb0-a684-40cf-b5f8-08ad78840bbf,ok,"categoria_menu,forma,tema_label,didascalia_copertina,temi",,2026-04-19T08:52:54.510172
272a403a-2d98-40c4-ab01-aa0574de3897,eighteen-book-review,64dec691-ed61-4429-89e5-cf163cfa70a2,ok,"categoria_menu,forma,tema_label,didascalia_copertina,temi",,2026-04-19T08:52:54.615253
274574d6-5b98-43cc-9748-d0d622779445,smiling-faces-are-welcome-a-review,0c1a3fa9-2b11-4ef3-9f87-63f88abca989,ok,"categoria_menu,forma,tema_label,didascalia_copertina,temi",,2026-04-19T08:52:54.729796
27538013-47ac-4a06-b0ce-ca5cd8c8f2f3,from-garden-to-wall,3493c599-4bd1-425e-ae19-86ab2951c954,ok,"categoria_menu,forma,tema_label,temi,tags",,2026-04-19T08:52:54.747001
275698d4-8da4-44cf-9f84-74d5e34d5939,under-indifferent-skies-a-review,b30ef82d-c2ed-4f12-ba52-c60fcc97348e,ok,"categoria_menu,forma,tema_label,temi",,2026-04-19T08:52:54.793427
27c5b4a5-317e-4be3-8190-8f3e513b4270,open-forum-126,5658e899-83f5-43f7-b226-eeb300a92f78,ok,"categoria_menu,forma,tema_label,didascalia_copertina,temi",,2026-04-19T08:52:54.948822
27eccd19-8414-4370-8620-c911012cc859,coming-of-age,bc7e1517-5fdf-4c26-aa26-278c01980a71,ok,"categoria_menu,forma,tema_label,didascalia_copertina,temi",,2026-04-19T08:52:55.112471
27e59b2b-4756-4b8d-b363-1fc1ab391cd2,suitcase-no-baggage,bb60f73c-0a0a-497b-ad16-455873562f61,ok,"categoria_menu,forma,tema_label,didascalia_copertina,temi,tags",,2026-04-19T08:52:55.095396
28219f6a-7d15-43a6-bb0b-a28bf5894ed7,work-stories-who-i-could-become-growing-up-with-intellectual-disability,c14ac867-23de-4fb1-b0ba-852b273dd056,ok,"categoria_menu,forma,tema_label,temi",,2026-04-19T08:52:55.169514
2831be6c-9c66-4e57-a244-95b251452dfa,her-name-is-sara,44838f33-8860-432e-8bb8-c6492b9141f5,ok,"categoria_menu,forma,tema_label,didascalia_copertina,temi,tags",,2026-04-19T08:52:55.276025
289e9ff7-b888-45cb-af2a-8ed60bc3a8f2,fede-e-luce-life-no-27,5ae61626-f97c-4791-b63c-d7c19566393f,ok,"categoria_menu,forma,tema_label,didascalia_copertina,temi,tags",,2026-04-19T08:52:55.423579
28879367-2253-449e-a216-2bff1c730d8d,two-weeks-in-salento,8637449c-fd7c-419f-bd36-edfc25f7dada,ok,"categoria_menu,forma,tema_label,didascalia_copertina,temi",,2026-04-19T08:52:55.412952
28a33cea-6dff-4332-a72d-d1631b4c2083,san-paolo-group-wraps-up-the-season-in-style,d0ad5158-d3a9-4fcc-8490-dd68a574a868,ok,"categoria_menu,forma,tema_label,temi",,2026-04-19T08:52:55.468709
28bdf2eb-2d38-4c57-9036-fe70e1382ba7,living-in-poverty,46eb491c-fc49-4eba-9228-cfd544978da1,ok,"categoria_menu,forma,tema_label,didascalia_copertina,temi,tags",,2026-04-19T08:52:55.619275
28d3268a-6ef5-42c1-a5f2-5992cc8e975e,digitizing-ombre-e-luci-a-family-album-comes-online,848e7b9e-a284-465e-8477-20015d402973,ok,"categoria_menu,forma,tema_label,didascalia_copertina,temi,tags",,2026-04-19T08:52:55.785994
28dcbe91-8599-49e0-8aa2-07d9c430971b,i-am-growing-old,99d9871c-7f72-4ac7-9238-7f478bfa21e1,ok,"categoria_menu,forma,tema_label,temi,tags",,2026-04-19T08:52:55.794695
28f0ee7a-cd99-4fae-a03b-a2c9617d86b6,the-rights-of-disabled-persons-according-to-the-united-nations,0fece992-fae7-4065-9b64-4b0feed36ff3,ok,"categoria_menu,forma,tema_label,temi",,2026-04-19T08:52:55.796871
290a70d5-f18d-4441-a2d4-496003deef5b,a-floatie-water-and-courage,2293e815-f06e-4746-aa1c-27a3dce53c0e,ok,"categoria_menu,forma,tema_label,didascalia_copertina,temi,tags",,2026-04-19T08:52:55.961226
290f6567-c7e2-46e6-84c0-0e9ccf253feb,editorial-issue-1,5ca17502-ab97-455e-8c83-b92b9e68598c,ok,"categoria_menu,forma,tema_label,didascalia_copertina,temi",,2026-04-19T08:52:56.090733
29151e8d-74dd-4de1-bb60-19786c827327,sara-and-emilys-little-sparksa-review,0318f054-e431-4801-ae4d-41d9376c75d7,ok,"categoria_menu,forma,tema_label,didascalia_copertina,temi",,2026-04-19T08:52:56.149317
2934230f-8c72-4e11-a90a-eaca1e41a1e4,why-i-helped,d909657a-9578-4cb7-bdc0-0809b401d0b3,ok,"categoria_menu,forma,tema_label,temi,tags",,2026-04-19T08:52:56.149592
293a9e37-f40a-42e9-a029-aee6e8d8c51c,and-this-is-nothing-a-review,7dd722c9-b926-4853-bd06-020c827ad458,ok,"categoria_menu,forma,tema_label,didascalia_copertina,temi",,2026-04-19T08:52:56.365719
29610056-be46-4a14-8530-9c0f669998fe,eat-well-sleep-welland-connect-with-nature,d5fd84ee-aaf1-423c-9d0e-430884b78299,ok,"categoria_menu,forma,tema_label,temi,tags",,2026-04-19T08:52:56.498814
2944928e-3062-4358-ac44-a6120c137cf4,the-great-ferryman-a-life-in-points,fedb7c38-97be-46df-9ef0-949484960ae7,ok,"categoria_menu,forma,tema_label,didascalia_copertina,temi,tags",,2026-04-19T08:52:56.427314
297a494a-001c-4669-b086-1d63d2cc45c5,supporting-parents-forli-launches-group-sessions-for-families-of-children-with-visual-impairment,07d76729-cad6-40f6-8c77-8935781b8581,ok,"categoria_menu,forma,tema_label,temi,tags",,2026-04-19T08:52:56.573861
297ad8a9-bd78-4eb4-81da-ea8077b1a0e1,why-shouldnt-gabriele-have-a-place,4a8331d5-6da0-45bf-af32-0f01cfa764eb,ok,"categoria_menu,forma,tema_label,didascalia_copertina,temi",,2026-04-19T08:52:56.689388
29916588-b2b5-43bf-aa3c-b3b2bcc7598a,very-young-members-no-3,eea3c50b-7ce3-4a3e-b4a6-b90ccf9e8c40,ok,"categoria_menu,forma,tema_label,temi",,2026-04-19T08:52:56.783621
2994988f-bb77-486e-aa89-ae8df50aa1c6,from-the-rome-film-festival-five-films-on-disability-and-fragility-worth-watching,93b88278-f473-43dd-83ef-ea147b64ef00,ok,"categoria_menu,forma,tema_label,didascalia_copertina,temi",,2026-04-19T08:52:56.799550
29d11ae1-3a03-49f0-bcfd-94b5f9661a4d,a-bishop-as-friend,5e82219a-c947-467c-a944-24fa1222ba72,ok,"categoria_menu,forma,tema_label,didascalia_copertina,temi,tags",,2026-04-19T08:52:56.866301
29ece006-326d-4525-8266-f03a7dd111d5,care-and-civilization,50f92455-58d2-4317-ad79-0a7125bbc810,ok,"categoria_menu,forma,tema_label,didascalia_copertina,temi",,2026-04-19T08:52:56.977784
2a21543f-a4df-4f9d-92f8-22d2373a4ee9,my-sister-drives-me-crazy,a92071bc-b13e-4cf8-96dc-91a78395cccb,ok,"categoria_menu,forma,tema_label,temi",,2026-04-19T08:52:57.107604
2a03eb19-e0b3-4376-bc62-3d3c8511caa5,open-dialogue-no-21,aa1c1457-0c71-44d3-89b2-2e5b8f6ead65,ok,"categoria_menu,forma,tema_label,didascalia_copertina,temi,tags",,2026-04-19T08:52:57.056596
2a228fbc-96c2-4acc-8a51-e3c4f238e26b,faith-and-light-report-from-the-international-gathering-at-versailles,fea208a1-6944-4326-a4e2-16f2040299b7,ok,"categoria_menu,forma,tema_label,didascalia_copertina,temi",,2026-04-19T08:52:57.156430
2a22af15-896e-4f0f-b6a2-b970122fe211,perhaps-its-because-of-my-sister,c3da8590-14d6-4022-8405-f56325399b74,ok,"categoria_menu,forma,tema_label,didascalia_copertina,temi,tags",,2026-04-19T08:52:57.260550
2a31b7a8-8190-4977-81a3-794264094844,the-care-of-love-review,2bf21776-ca37-4f7b-a9cd-1cb55d97769b,ok,"categoria_menu,forma,tema_label,didascalia_copertina,temi",,2026-04-19T08:52:57.409952
2a316187-2fd5-46c0-a245-17c332ab5ffe,all-children-are-special,a7ed3e12-659e-42dd-8946-39a7a7f4c46b,ok,"categoria_menu,forma,tema_label,didascalia_copertina,temi,tags",,2026-04-19T08:52:57.399200
2a4b31f1-3faf-47af-bd5f-f3b620043b60,our-meeting-with-liliana-segre,d75ac67e-2474-451b-8b85-95049f15bff3,ok,"categoria_menu,forma,tema_label,didascalia_copertina,temi",,2026-04-19T08:52:57.519559
2a5b809b-63b9-4196-8033-2bdb7b5f2b72,antarctica-and-the-atypical-life,8bd7497b-ffed-4f88-af16-15f311cbd085,ok,"categoria_menu,forma,tema_label,temi",,2026-04-19T08:52:57.591405
2a7e42bb-031d-42e5-90b0-bd2bd4346641,fede-e-luce-life-and-light-issue-41,2f68e703-bd44-4ee2-91b4-a6fb216b4491,ok,"categoria_menu,forma,tema_label,didascalia_copertina,temi",,2026-04-19T08:52:57.730364
2aa34b20-633d-45c1-94be-9cf77a5528bf,how-to-begin-changing-hearts-and-minds,58131682-3e79-4b0b-8a90-c1157ad4ab43,ok,"categoria_menu,forma,tema_label,temi",,2026-04-19T08:52:57.774523
2a784d76-7c43-4d59-849c-5cdc514a4600,houses-of-charity-f14c,f14cb535-0ade-44b1-9fba-a1b2457a18b0,ok,"categoria_menu,forma,tema_label,temi",,2026-04-19T08:52:57.716642
2ab1bfb3-2ed0-4e79-bab4-0847e41827c7,beautiful-but-useless-a-visit-to-trigoria,cecb3b3a-c797-4632-b8fd-fd8ad1acad3e,ok,"categoria_menu,forma,tema_label,didascalia_copertina,temi",,2026-04-19T08:52:57.910911
2afb9107-68ef-437b-9d8b-1752e910fd18,us-not-them-opening-the-conversation,54f8a74d-ebd4-4e63-b35a-1db6eb9c74cf,ok,"categoria_menu,forma,tema_label,temi",,2026-04-19T08:52:58.088993
2aecf4ec-2406-4c44-8050-0efc53ab2165,a-ships-log,64035ee6-dc18-46e3-aad6-056b76079d0f,ok,"categoria_menu,forma,tema_label,didascalia_copertina,temi",,2026-04-19T08:52:58.043212
2b0cebd6-3695-45c5-b48d-b3c0cecbec4f,alzheimer-so-close-so-far-away,5d867bae-ebe7-4a4b-9963-28543260c8a7,ok,"categoria_menu,forma,tema_label,didascalia_copertina,temi,tags",,2026-04-19T08:52:58.096988
2b16574f-09b2-495f-b770-21fa76feb1cb,open-dialogue-no-169,4633beb6-7eab-4b4f-b8bf-7fc482c75199,ok,"categoria_menu,forma,tema_label,didascalia_copertina,temi,tags",,2026-04-19T08:52:58.245940
2b310d8e-509b-4355-8d75-8c9f21fcd740,doing-the-fathers-will,dcc8d4cd-1ebb-4ad4-9d47-29dd4ccc4c3f,ok,"categoria_menu,forma,tema_label,didascalia_copertina,temi,tags",,2026-04-19T08:52:58.448177
2b2edcb0-97d8-460e-8716-d656e8eec1a9,what-six-year-old-dario-understands-about-faith-and-light,bf628f6f-0192-4026-b633-abdf081ca099,ok,"categoria_menu,forma,tema_label,didascalia_copertina,temi,tags",,2026-04-19T08:52:58.371782
2b4a45f3-d8ec-41cd-a7d4-6a98cff932c1,i-am-a-mother-like-you,8c76e31c-82e8-437d-bf95-1b9bbd1366ea,ok,"categoria_menu,forma,tema_label,didascalia_copertina,temi",,2026-04-19T08:52:58.620592
2b5cfbf0-199b-43b1-ab15-ac636886e56e,opening-our-hearts-to-other-families,22afe8d6-92c1-4c27-9fef-d50b6ec8b4f8,ok,"categoria_menu,forma,tema_label,didascalia_copertina,temi,tags",,2026-04-19T08:52:58.741058
2b5e2d9f-f567-4c91-8e8d-e7f1e170417d,i-was-afraid,61e237e5-44c7-4585-8e2c-5ef79b3d6251,ok,"categoria_menu,forma,tema_label,temi,tags",,2026-04-19T08:52:58.892520
2b71f342-f4e4-470a-9eb1-932f092e5c95,a-letter-to-matteos-classmates,da806054-33ca-4b1d-bdd5-f595cb6ac8d1,ok,"categoria_menu,forma,tema_label,temi,tags",,2026-04-19T08:52:58.907403
2b960f44-68a8-4e64-ab08-81790b3da6c6,what-more-could-i-do,739aea91-911f-4329-9d99-efc7e5f0a39e,ok,"categoria_menu,forma,tema_label,temi",,2026-04-19T08:52:58.971136
2b9c702e-3034-4d6f-9432-2e216fc9468a,lord-make-me-an-instrument-of-your-peace,fe3afb0f-f741-43a0-8ed8-b5a1b6d88dab,ok,"categoria_menu,forma,tema_label,didascalia_copertina,temi,tags",,2026-04-19T08:52:59.104614
2baf63d7-ca7f-4cc9-89c7-a99844ef2c5c,brothers-in-the-dark,32c7c532-45b4-47b8-9af5-2ccc4dda78a9,ok,"categoria_menu,forma,tema_label,temi,tags",,2026-04-19T08:52:59.174812
2bb8b0a6-a74e-406a-b46c-12b791fd3551,abortion-a-history-of-arguments-and-interests-a-review,8cdf486d-b314-4b65-8361-2774b14e09a9,ok,"categoria_menu,forma,tema_label,temi",,2026-04-19T08:52:59.219838
2bc00abc-a696-46b9-8b26-957a3fae2b5b,a-dedication-that-needs-rewriting,d5ad8afa-cd54-42cb-baa8-aa1ac95720ae,ok,"categoria_menu,forma,tema_label,temi",,2026-04-19T08:52:59.280098
2bc6188a-bdf7-4788-a9c2-9103da3d44a5,upstairs-neighbors,0d008f3b-cd2a-46ff-bc26-02b0853f57fa,ok,"categoria_menu,forma,tema_label,temi,tags",,2026-04-19T08:52:59.459472
2bc4730d-ca5d-496e-ae77-98b4260ce8fa,the-chicco,46346575-dfe1-4c92-bd3b-10fd5f318303,ok,"categoria_menu,forma,tema_label,didascalia_copertina,temi,tags",,2026-04-19T08:52:59.454494
2c057e7b-e0ce-46f4-89d8-1520e3c734fa,mom-im-glad-i-was-born,cbf2a6c2-bca7-4ae0-8653-80f771f0d12f,ok,"categoria_menu,forma,tema_label,didascalia_copertina,temi,tags",,2026-04-19T08:52:59.541464
2c23d57b-e30c-49a8-99c0-7135ccfb98d5,dogs-poniesand-sea-lions,f05dbc64-297e-4b3b-8022-79a23d6ef88d,ok,"categoria_menu,forma,tema_label,temi,tags",,2026-04-19T08:52:59.587667
2c5a6d02-7e0b-45df-9301-9042fbd28b4c,shadows-and-light-no-7-1984,afd4c67e-b402-4b2d-852d-65c97db1bb4d,ok,"categoria_menu,forma,tema_label,temi",,2026-04-19T08:52:59.754480
2c5eacb6-4ed8-4318-a6f6-dc2e6f050477,not-for-profit-a-book-review,284c7f02-36a8-45ae-b5f5-f35968b094d8,ok,"categoria_menu,forma,tema_label,didascalia_copertina,temi",,2026-04-19T08:52:59.799197
2c6af417-d0ac-475a-9f8f-e7a12528d304,the-stages-of-life-for-some-but-not-for-all,8f4260c8-7194-4bfe-aef9-649156067392,ok,"categoria_menu,forma,tema_label,temi",,2026-04-19T08:52:59.875172
2c7a1f8d-148b-47b6-aebb-39bf4edcd998,and-it-gets-lonely,55c762bb-237f-48a7-8eb8-51af6e0efc91,ok,"categoria_menu,forma,tema_label,didascalia_copertina,temi,tags",,2026-04-19T08:52:59.905311
2c7df94a-d033-4c4d-88a7-c3c32c613529,starting-a-community,b261ba2c-d648-48ee-af5d-cd03cab50b50,ok,"categoria_menu,forma,tema_label,temi,tags",,2026-04-19T08:53:00.087994
2c8a631f-d8ec-4e52-b10d-72ae0436b59d,siblings-a-book-review,966d482d-e162-4e8f-adcb-0e0d80abc199,ok,"categoria_menu,forma,tema_label,didascalia_copertina,temi",,2026-04-19T08:53:00.104422
2cb9746e-928f-42d8-a8f5-df613641ad90,say-hello-to-your-teacher,263660df-38f8-4f00-a8a2-67d2d48ca3c4,ok,"categoria_menu,forma,tema_label,temi",,2026-04-19T08:53:00.167581
2cbe33e3-31b1-4b5c-a6fb-2d178ac5402a,my-life-is-finding-its-shape-and-color-again,bfc50176-0b50-4176-9521-ab33a2b95491,ok,"categoria_menu,forma,tema_label,temi,tags",,2026-04-19T08:53:00.221853
2cc28c9b-4bba-4b89-b502-e121fb1d7801,forever-elsewherea-review,9dfdb850-68c9-46fe-a928-cc2591019939,ok,"categoria_menu,forma,tema_label,didascalia_copertina,temi",,2026-04-19T08:53:00.443372
2d0edffd-d0a4-4117-a5b5-097b6ecf6ba4,my-time-in-assisi,fe702639-87a1-4ff3-b7b6-b9d6bf38d330,ok,"categoria_menu,forma,tema_label,temi",,2026-04-19T08:53:00.466603
2d2e711b-657c-4495-9407-3ebd4133267b,being-the-father-of-a-child-with-a-disability,450fb3e8-7923-4a68-a3be-84fa9d91ac60,ok,"categoria_menu,forma,tema_label,didascalia_copertina,temi",,2026-04-19T08:53:00.479942
2d355ebb-ae7c-4a8b-8da6-bbafe3d4d71a,open-dialogue-40,c11bc7c3-9585-45ee-8cc4-ec11a4ae3c76,ok,"categoria_menu,forma,tema_label,didascalia_copertina,temi",,2026-04-19T08:53:00.543541
2d54f0c1-fbff-4009-b924-2b72ae1581c9,despite-everything-a-few-disappointments,3e7bb3ec-9651-4b09-89e1-225f00ca995c,ok,"categoria_menu,forma,tema_label,didascalia_copertina,temi",,2026-04-19T08:53:00.737687
2d6df6f4-a019-43f9-b695-5bf13fcbf007,an-institution-my-god,2648f8bb-7056-47b5-9c81-8ab7c3495902,ok,"categoria_menu,forma,tema_label,didascalia_copertina,temi",,2026-04-19T08:53:00.789460
2d66da88-73df-456e-b84d-f516aeec962f,the-right-to-life-before-birtha-review,19cf0c13-ffba-429b-bff1-5098835dd3a5,ok,"categoria_menu,forma,tema_label,didascalia_copertina,temi",,2026-04-19T08:53:00.783279
2d6f6369-19f2-43da-ba6a-91d715580651,the-blessing-embrace-meditating-on-the-prodigal-sons-return,4e06cd54-345b-46be-9ab1-db84dc37c68d,ok,"categoria_menu,forma,tema_label,temi",,2026-04-19T08:53:00.832381
2d82a7d8-2851-4088-a439-ed6ea0ff7377,motherhood-and-disability,ea052bbf-c3e9-403b-846d-0685ae7a03b3,ok,"categoria_menu,forma,tema_label,didascalia_copertina,temi,tags",,2026-04-19T08:53:01.083261
2d8118e0-533b-41b4-9ef1-7bf588d484f7,time-to-learn-book-review,d52d9c9e-d11c-436c-8130-5c6574868ce8,ok,"categoria_menu,forma,tema_label,temi",,2026-04-19T08:53:01.064422
2d859622-673c-4c02-810a-4b9dcaf82891,what-to-do-with-them-casa-del-sole-and-the-solidarity-center,1890f574-4a4d-4e73-b2e3-59074fb30e7d,ok,"categoria_menu,forma,tema_label,didascalia_copertina,temi,tags",,2026-04-19T08:53:01.139852
2db8b0cf-d377-4b27-8399-bc86e152fcff,a-moment-of-awakening,2372a1bb-4f44-49fb-9447-7a61fbc874dc,ok,"categoria_menu,forma,tema_label,temi,tags",,2026-04-19T08:53:01.174429
2dd67a48-46c5-4cda-854a-499fbd89b485,every-disabled-person-is-our-child-an-interview-with-anffas,deaf06c1-9227-4933-ab1b-6aa85df36505,ok,"categoria_menu,forma,tema_label,didascalia_copertina,temi",,2026-04-19T08:53:01.421596
2dc1543f-3941-4d24-9c3e-1c2445086280,when-prenatal-diagnosis-becomes-a-crisis,7baa46dd-46c5-4833-a65a-54ae68d2b370,ok,"categoria_menu,forma,tema_label,temi,tags",,2026-04-19T08:53:01.408288
2de28cca-1f77-4fbf-9e41-438925cfacd8,actors-playing-themselves,c97adf6c-bc9a-4bff-83f4-4041db415bd1,ok,"categoria_menu,forma,tema_label,didascalia_copertina,temi",,2026-04-19T08:53:01.540272
2de7895c-68c1-40f6-982e-d91501e621b6,places-of-relationship,936598df-e04e-4b3a-a60d-59a3337963c3,ok,"categoria_menu,forma,tema_label,didascalia_copertina,temi,tags",,2026-04-19T08:53:01.554102
2de87be4-a732-4670-8d6c-1b673fa0a51a,back-to-the-sea,8def42d4-4702-492e-a031-e3cac710eb16,ok,"categoria_menu,forma,tema_label,temi",,2026-04-19T08:53:01.744463
2dea129c-e519-4c76-a068-41d2095c3198,i-feared-no-one-would-accept-me-as-a-catechist,b8a3d1cd-1143-4c01-b0b0-7a3155a8ebf0,ok,"categoria_menu,forma,tema_label,temi",,2026-04-19T08:53:01.782480
2df0c210-31cb-400f-b752-9969cc258a0a,those-years-between-boston-and-chicago,8b8ca43a-cb74-4018-877e-bb810249f27f,ok,"categoria_menu,forma,tema_label,temi",,2026-04-19T08:53:01.910844
2e09eb40-ec3d-4b35-acb8-0770e3bd12da,the-mystery-of-so-much-good,475fd6e2-dd08-40e5-bde8-e513190f36ce,ok,"categoria_menu,forma,tema_label,didascalia_copertina,temi,tags",,2026-04-19T08:53:01.914194
2e254d5c-e6b8-42eb-9e4b-8be62b210601,neither-he-nor-his-parents,9933fbce-bfb6-44fd-82fd-2d518a93063c,ok,"categoria_menu,forma,tema_label,didascalia_copertina,temi,tags",,2026-04-19T08:53:02.063135
2e276e64-de43-44b1-8141-b2f6d7190e99,the-false-morality-of-finding-down-syndrome-beautiful,962b5077-47e8-4e75-a31b-290c555ffddf,ok,"categoria_menu,forma,tema_label,temi,tags",,2026-04-19T08:53:02.091874
2e3ffeca-94ce-47ad-a3a8-610e39683b4d,cinema-and-disability-three-films-by-armando-damato,606a97cd-41a5-4c64-acc3-a3f5e91cd6e9,ok,"categoria_menu,forma,tema_label,temi",,2026-04-19T08:53:02.238156
2e3207fd-431e-4a00-8a65-170512568415,the-adult-with-mental-disability,c341a46f-faa6-42e7-83d8-66a73462f281,ok,"categoria_menu,forma,tema_label,didascalia_copertina,temi",,2026-04-19T08:53:02.182911
2e4f94a7-e9b6-4521-bf57-094d750bd7ce,a-special-child-in-the-family,9398c7db-c8b1-41c0-a6ad-035096e8fd0e,ok,"categoria_menu,forma,tema_label,didascalia_copertina,temi",,2026-04-19T08:53:02.359993
2e538e35-b94a-4cd7-80ab-76088d21aa39,male-and-female-he-created-them,d31eec01-0e90-46b1-aa35-ca4873756610,ok,"forma,temi,tags",,2026-04-19T08:53:02.381581
2e612649-8baf-49d2-9910-ecfa6f195bf0,we-did-it,38ad6a8e-2a01-4e24-8ef6-1eb79aba1de4,ok,"categoria_menu,forma,tema_label,didascalia_copertina,temi,tags",,2026-04-19T08:53:02.491805
2e72b502-1145-47ff-b945-250b75e7cc0c,one-name,0b830171-6481-424c-a567-ca9fe5af6009,ok,"categoria_menu,forma,tema_label,temi",,2026-04-19T08:53:02.493934
2e8566d3-5d52-4cbb-8255-a8bbefe3a50f,open-dialogue-no-61,f5f81c4f-5690-4b26-9bea-bc308b2564b0,ok,"categoria_menu,forma,tema_label,didascalia_copertina,temi",,2026-04-19T08:53:02.643278
2e927253-8e1c-4a77-94e9-646d62fb856b,the-tractor-cooperative,8fdb572c-31a2-466d-b8c7-26eed5b22e2c,ok,"categoria_menu,forma,tema_label,temi",,2026-04-19T08:53:02.794555
2ecb3c6d-6780-42df-9449-99d4cc48f91a,we-made-it,6200cd81-8fc5-4d0b-a246-30e8fe055910,ok,"categoria_menu,forma,tema_label,didascalia_copertina,temi",,2026-04-19T08:53:02.805419
2e9f3841-009c-4489-bc2a-d7c4753eb385,a-school-worth-following-integration-in-action,ee7562ea-2a0c-4721-9bc3-687be3b7dece,ok,"categoria_menu,forma,tema_label,temi",,2026-04-19T08:53:02.795923
2ecf0893-89b3-4c9b-a3bd-6618fc892151,i-have-to-tie-my-hair-back-thats-the-rule,25a570e6-8f0f-4aff-85dc-1d87c138f072,ok,"categoria_menu,forma,tema_label,didascalia_copertina,temi",,2026-04-19T08:53:02.979356
2ed51211-26a0-44b1-902a-e4f9f1093e07,the-big-watermelon,34620c05-e3d0-4fff-9252-be6d9ec53843,ok,"categoria_menu,forma,tema_label,temi",,2026-04-19T08:53:03.094778
2ef086fe-b8f5-4763-bc39-fd20f5bbbffe,open-dialogue-no-86,5b946603-4fcb-4935-a97e-f14d08d72a25,ok,"categoria_menu,forma,tema_label,didascalia_copertina,temi",,2026-04-19T08:53:03.156626
2ef0c40d-48dd-458f-afbe-5be28b8b28d5,dear-president-sergio-mattarella,d8333faf-6a74-4deb-85c5-af04547e2cd6,ok,"categoria_menu,forma,tema_label,temi",,2026-04-19T08:53:03.158983
2f07b262-a22f-4742-b568-b9586c0c1cf1,our-family-and-disability,f696b4d8-f213-4920-8b9e-b6716580c0a8,ok,"categoria_menu,forma,tema_label,didascalia_copertina,temi",,2026-04-19T08:53:03.363288
2efde4d1-5b76-42df-9786-5d627c0ae7d9,a-conversation-with-cardinal-martini,b5d5bbce-4452-4bb3-8ad7-7bafd59bf000,ok,"categoria_menu,forma,tema_label,temi,tags",,2026-04-19T08:53:03.293151
2f09fc30-d844-4d32-91a7-ea875fc16e6b,the-coordinating-team-how-it-works,b5d49e4a-e7b8-4a3a-a031-a874939eb3ce,ok,"categoria_menu,forma,tema_label,didascalia_copertina,temi,tags",,2026-04-19T08:53:03.533112
2f1b0c9c-2d3a-4530-897d-8f1def7bd7fe,the-early-years-insieme-19741981,c3d14ce3-8f91-4bc4-b518-828a8bb90f99,ok,"categoria_menu,forma,tema_label,didascalia_copertina,temi,tags",,2026-04-19T08:53:03.540894
2f1fecc0-18d2-4aed-872d-c7b13d1203da,all-on-the-road,7449a506-298e-4fb1-a4f9-c9f8531d282e,ok,"categoria_menu,forma,tema_label,temi,tags",,2026-04-19T08:53:03.644336
2f358bcf-9d57-4a49-bc75-eae25620506e,two-films-on-fragility-at-turin-film-festival,aa19bd7b-d3e7-4b1e-8042-e4a6f1e3366f,ok,"categoria_menu,forma,tema_label,didascalia_copertina,temi",,2026-04-19T08:53:03.674173
2f37dc00-3c75-4b4f-9049-78df5f3e3cbe,the-challenge-of-larche,97f06192-00a8-4194-8e53-044dafc00247,ok,"categoria_menu,forma,tema_label,didascalia_copertina,temi",,2026-04-19T08:53:03.921107
2f675def-e179-4878-a6ea-1acf144b8a85,emiliana-and-disability,715cb9e6-3fa6-409a-8221-5df2c9806b48,ok,"categoria_menu,forma,tema_label,didascalia_copertina,temi",,2026-04-19T08:53:03.930827
2f98010e-cabe-4148-a7c8-b29c60f78a24,make-room-for-creativity,c45ec1d3-f1d8-405f-8a26-8514c934d276,ok,"categoria_menu,forma,tema_label,temi",,2026-04-19T08:53:03.984298
2fb890e2-0c47-45ea-8b4d-7a21bed0d525,ombre-e-luci-no-2-1983,ddc043bf-ee02-413c-8512-81421c7ffabc,ok,"categoria_menu,forma,tema_label,temi",,2026-04-19T08:53:03.992449
2fc59625-c82b-403e-b49b-bcf7737e9811,he-needs-a-sheltered-environment,eeb08d85-b01d-4476-bae8-ecce90fff62f,ok,"forma,temi",,2026-04-19T08:53:04.188324
2fcc4416-ce66-4e4c-9110-d3f610c07b17,who-do-we-fall-in-love-with,87dc18a1-824b-46c3-b58d-0ff427701aab,ok,"categoria_menu,forma,tema_label,temi",,2026-04-19T08:53:04.246345
2fc65aa3-5b84-4a85-9f67-7ddac3415c61,confession,d1ce8ae1-daf5-4e69-86b2-75f979c50a3d,ok,"categoria_menu,forma,tema_label,temi",,2026-04-19T08:53:04.228312
2fe1c93f-bb6b-4d5e-8a97-cc5cd6a26304,what-is-faith-and-light-a388,a388d295-7b2e-4443-8d30-8e922776ef59,ok,"categoria_menu,forma,tema_label,didascalia_copertina,temi,tags",,2026-04-19T08:53:04.310869
2ffba938-979b-4d0e-87cb-694b6b5c49f3,now-manuela-can,28dc5054-faae-45ef-a370-e2c3b26b7fab,ok,"categoria_menu,forma,tema_label,didascalia_copertina,temi",,2026-04-19T08:53:04.493090
301d2e32-a6db-4712-94d4-bd64ff8fa7b1,give-your-children-something-different,ff487aa5-4d1b-46cc-8674-f7b496b9d7ee,ok,"categoria_menu,forma,tema_label,didascalia_copertina,temi,tags",,2026-04-19T08:53:04.526760
300f6619-989f-4a5f-a38c-0c945745d295,dossier-refugees,41e7fc08-84e3-42b4-a896-a4868e797807,ok,"categoria_menu,forma,tema_label,didascalia_copertina,temi,tags",,2026-04-19T08:53:04.509593
30412b47-315e-48ee-a366-28e29a976faf,my-first-victory,bad1b0c3-cb68-4a0d-a309-bfe7034c45a4,ok,"categoria_menu,forma,tema_label,didascalia_copertina,temi",,2026-04-19T08:53:04.642701
306941f5-fa25-48c3-b38d-979a8207ea72,the-daughter-of-silence-review,90be02e5-955c-4092-ae80-55e8e4e3dd0a,ok,"categoria_menu,forma,tema_label,didascalia_copertina,temi",,2026-04-19T08:53:04.804825
3083c111-937a-400b-b115-4dc8555f010c,the-officers-ward,ecd574d1-d615-4de2-b5a6-8748d1173430,ok,"categoria_menu,forma,tema_label,temi",,2026-04-19T08:53:04.886823
30882764-9dbc-45a4-bc5b-044f1b4ffe7e,blessings-when-everything-becomes-a-blessing,76277c1a-7a24-40a1-b7a0-98236958b873,ok,"categoria_menu,forma,tema_label,didascalia_copertina,temi,tags",,2026-04-19T08:53:04.930224
30798a3c-033a-47a4-bb1c-3dd83dcf9b69,one-child-one-year-one-family,e584dec4-e348-4b07-852c-2983a4e14f59,ok,"categoria_menu,forma,tema_label,didascalia_copertina,temi,tags",,2026-04-19T08:53:04.874384
30913cb7-8d15-43d8-aa8d-97c95da815e8,speaking-without-words,c44bc36b-954a-4825-bfaf-732bd5938830,ok,"categoria_menu,forma,tema_label,temi,tags",,2026-04-19T08:53:05.070749
30b58589-684a-46e6-82c4-1b29c8621df6,a-day-at-il-melograno,df6e54ed-4d58-4a97-8965-d76ea67b789d,ok,"categoria_menu,forma,tema_label,didascalia_copertina,temi,tags",,2026-04-19T08:53:05.241807
30bb365c-554e-4094-8ecd-2953bf320bbc,after-compulsory-school-a-difficult-choice,19055a68-a5a1-4cb3-8842-4ca46e0a5def,ok,"categoria_menu,forma,tema_label,temi",,2026-04-19T08:53:05.247040
30bfdaf1-4a2c-4f89-a58b-18bd339148cb,dressed-in-clouds,ebbd53b3-1f99-4cbb-96a4-c8112713441b,ok,"categoria_menu,forma,tema_label,didascalia_copertina,temi",,2026-04-19T08:53:05.251032
30c6277f-51f2-45f0-96ae-be2abf9c5389,the-alphabet-of-my-life,9f4cb590-0e40-412a-801e-10deddc0ab87,ok,"categoria_menu,forma,tema_label,didascalia_copertina,temi",,2026-04-19T08:53:05.397211
30d04623-b22e-4cf2-a0fc-c859f82777bc,faith-and-light-communities,3888cd31-dc51-4a04-8f78-3ba75eb7e28d,ok,"categoria_menu,forma,tema_label,temi",,2026-04-19T08:53:05.649684
30c80634-e39d-462c-ac8e-cb46f9250173,learning-to-feel-by-listening-to-the-sea,e6c1b3f0-5fb0-4f8a-931b-0179b98a7ef3,ok,"categoria_menu,forma,tema_label,didascalia_copertina,temi",,2026-04-19T08:53:05.646574
30d47211-7350-4348-8ce8-fc09ff558928,he-loves-me-as-i-am,31c8c895-edfb-4714-aa9e-d74b0c3b9933,ok,"forma,temi",,2026-04-19T08:53:05.670296
30d95d7e-63b2-4c91-9d0e-2c3727fd68ab,there-are-no-words,f95c3e2c-d241-4162-91df-b620cb076ef3,ok,"categoria_menu,forma,tema_label,didascalia_copertina,temi,tags",,2026-04-19T08:53:05.805425
313a9619-8a65-41e5-b2fd-241233137170,what-comes-next,304e8bca-f343-4429-a6a7-9b640cd2562a,ok,"categoria_menu,forma,tema_label,temi",,2026-04-19T08:53:06.039985
30ede5b5-cf0f-4cfb-97d3-adee4ec63c50,grandmas-beautiful-girl,2abeed77-8d2a-4efd-9db5-36b2b8c5724c,ok,"categoria_menu,forma,tema_label,didascalia_copertina,temi",,2026-04-19T08:53:06.011348
313bd308-8bd1-45eb-9b77-06d625bbb299,open-letters,3b1560e9-f53b-4c28-b3ad-8a6d964a579e,ok,"categoria_menu,forma,tema_label,didascalia_copertina,temi,tags",,2026-04-19T08:53:06.049870
3148a033-5678-4c93-b6e3-10e566d8e7f6,they-gave-me-a-dream,ad1fd8da-0f9a-45d5-9bf4-f819d65155da,ok,"categoria_menu,forma,tema_label,didascalia_copertina,temi",,2026-04-19T08:53:06.175540
315c2776-8bd5-437a-a995-69e757748c03,encounters-a855,a8555d7e-b028-42e7-8150-c2b14c7e70fb,ok,"categoria_menu,forma,tema_label,didascalia_copertina,temi,tags",,2026-04-19T08:53:06.393005
31527506-8ec5-41d5-8659-a2e5b8ac3950,learning-disabilities-how-i-discovered-my-childrens-suffering,5643cd98-d4aa-4d41-82e6-98075f3fa21d,ok,"categoria_menu,forma,tema_label,temi,tags",,2026-04-19T08:53:06.388332
3173cca1-317f-42e6-9d1c-87b986300a66,four-of-us-the-il-roveto-community,b2a3e60c-79a2-4f5f-beb5-67b6edb1af04,ok,"categoria_menu,forma,tema_label,didascalia_copertina,temi,tags",,2026-04-19T08:53:06.450862
3180913f-f6a1-4daa-8589-aa7ddd11d20d,parallel-lives-a-human-journey-through-disability-book-review,fdd299d3-59a0-441f-9be5-d1d265445e17,ok,"categoria_menu,forma,tema_label,temi",,2026-04-19T08:53:06.527042
318e1df8-ddf2-45a1-902e-8c6f1167208d,ndoto-ya-samira-il-sogno-di-samira-recensione-en,001b7b7e-7055-4dc4-a8c6-7b5f18139e4e,ok,"categoria_menu,forma,tema_label,temi",,2026-04-19T08:53:06.771510
31b9e708-5dce-484a-ae32-dbe447829e01,faith-and-lights-first-summer-camp,bf60bedc-fdb2-4436-ad75-60e4fd868195,ok,"categoria_menu,forma,tema_label,temi,tags",,2026-04-19T08:53:06.787618
31bd1fc3-16f1-41b5-8009-0a1f7f91bf39,echoes-in-the-press,c91ebb81-c818-43d4-8cad-cc299fb4a7a1,ok,"categoria_menu,forma,tema_label,didascalia_copertina,temi,tags",,2026-04-19T08:53:06.854378
31ec5fae-b9a4-40f0-a5fd-4cdd9d84e51b,eleven-letters-from-mario,ed3a4927-eb81-429d-a1c1-1920008eda0d,ok,"categoria_menu,forma,tema_label,temi",,2026-04-19T08:53:06.914730
31eece0a-48b4-4f31-8629-c50b3f5a746a,nobody-expected-patrick-to-climb,b034f66d-a1d2-43e1-bc4f-e403a9dcc4f6,ok,"categoria_menu,forma,tema_label,didascalia_copertina,temi,tags",,2026-04-19T08:53:07.154913
322440ba-7b90-4cbe-b6bc-eee8ce460336,one-of-a-kind,ba4353df-b651-4464-b32e-136850dc0650,ok,"categoria_menu,forma,tema_label,temi",,2026-04-19T08:53:07.240845
3203844e-7284-47ab-a183-7b045eb2928e,andrea-in-the-classroom,781c4a9c-f4b7-4ca2-9ad8-bf076301dfcf,ok,"categoria_menu,forma,tema_label,didascalia_copertina,temi,tags",,2026-04-19T08:53:07.189416
320eef62-b84c-4da8-94ae-2fa5bcd84aaa,i-am-the-church,ddc7e862-ab99-42b3-99ec-7d9306a68c5b,ok,"categoria_menu,forma,tema_label,temi",,2026-04-19T08:53:07.235531
3229f422-a98b-430c-80ee-36745a0f691a,the-habit-of-living-twenty-years-in-an-iron-lung,ab1f1667-15a3-4f75-ab1b-b9ed99cd8e26,ok,"categoria_menu,forma,tema_label,didascalia_copertina,temi",,2026-04-19T08:53:07.499009
3237db6e-c38b-459d-aec7-0977704ccd98,letters-to-jean-5ca3,5ca39d3c-c04e-487c-b60c-160f8c9798c8,ok,"categoria_menu,forma,tema_label,didascalia_copertina,temi",,2026-04-19T08:53:07.616578
3233bb5f-b221-428c-88a4-68b44bffb613,healing-hands-the-volunteer-shiatsu-workers-of-rome,dbeedf99-72ea-4838-8d02-3225b40a8efa,ok,"categoria_menu,forma,tema_label,temi",,2026-04-19T08:53:07.603836
323e4b7f-1f51-4275-9d5e-7f45ffb19156,how-the-first-fede-e-luce-little-house-was-born-paintbrushes-and-appendicitis,5f20e092-fad2-4150-863a-ac9b82f62577,ok,"categoria_menu,forma,tema_label,didascalia_copertina,temi,tags",,2026-04-19T08:53:07.633310
32415cf6-26d6-4c3c-8b3c-372aacd3069b,it-was-hard-because-i-kept-thinking-of-him,205bff6c-7871-472e-9253-022b086ce955,ok,"categoria_menu,forma,tema_label,didascalia_copertina,temi",,2026-04-19T08:53:07.818260
32588c54-dc8a-418f-bbba-fd7a7dd77d09,the-worlds-most-illustrious-driver,0e2a8758-9b9d-421b-b922-674296ccd27d,ok,"categoria_menu,forma,tema_label,temi",,2026-04-19T08:53:07.986718
324720e8-ccae-41da-bfaa-e2404e8f84d4,viola-and-mimosa-no-139,e3f93c40-ba0b-4456-9a0e-6185a9198ca1,ok,"categoria_menu,forma,tema_label,didascalia_copertina,temi",,2026-04-19T08:53:07.947292
325cdc70-8aab-4182-8bbd-4dec8e7daff6,work,c395ddc2-d2cc-4af8-b361-523b7ab964bd,ok,"categoria_menu,forma,tema_label,temi,tags",,2026-04-19T08:53:07.996578
32901a72-be30-4905-b19a-8dfb2e029d42,healing-with-horses,05686c7b-75ce-4661-a8bd-a391af4cdd32,ok,"categoria_menu,forma,tema_label,didascalia_copertina,temi,tags",,2026-04-19T08:53:08.144960
32c56f47-4e80-4930-9046-13457de11ece,dialogo-aperto-n-109-en,00f4e655-4f85-4338-ac8d-8f97957423b0,ok,"categoria_menu,forma,tema_label,temi,tags",,2026-04-19T08:53:08.264057
32c4de1a-6f78-4d49-b19b-bdc8e9205b9c,boundless-youth-a-film-about-remembering,113f0a54-4893-4d97-972c-9fd9fd8709ca,ok,"categoria_menu,forma,tema_label,didascalia_copertina,temi",,2026-04-19T08:53:08.261707
32cf1e3d-9e5a-4f7c-93be-c0e49075a5bc,it-is-always-easter-the-stone,1c6d3d5c-4aad-4bab-9784-6060bf9f2ceb,ok,"categoria_menu,forma,tema_label,temi",,2026-04-19T08:53:08.339175
32d1f63f-a67c-4818-a55b-30159af898bc,small-messengers-of-love-parents-of-children-with-down-syndrome-book-review,a7d60ac5-b40b-44d4-b462-36e923272e58,ok,"categoria_menu,forma,tema_label,temi,tags",,2026-04-19T08:53:08.458823
32f6b811-1659-4c18-a527-7c382eb4318a,i-hardly-knew-them,374248d3-b83f-49a6-88a2-76e8f6f6532b,ok,"categoria_menu,forma,tema_label,didascalia_copertina,temi,tags",,2026-04-19T08:53:08.600204
32f447a6-fc18-4ec5-acea-931a8988cac2,for-the-children,736f7df3-b289-49c8-a5af-bcbf63a9e017,ok,"categoria_menu,forma,tema_label,temi,tags",,2026-04-19T08:53:08.581032
32f7eb12-1409-4388-8aaa-f8a57c4ff296,a-mother-and-a-theologian,8ad0f45d-96ef-4469-8dff-41bc06c99a6d,ok,"categoria_menu,forma,tema_label,didascalia_copertina,temi,tags",,2026-04-19T08:53:08.610931
331e7f9c-e93b-4d50-9e2f-ca398f0d296b,hostability-lazios-accessible-tourism-initiative-for-young-people-with-disabilities,dc64c6aa-32f1-495e-965b-fd06d4c3a837,ok,"categoria_menu,forma,tema_label,temi",,2026-04-19T08:53:08.796889
3339db5a-6c79-44df-89da-86f9456dedd5,parents-dont-make-us-angry,6f84549a-6dda-4740-957c-1a943b07b43a,ok,"categoria_menu,forma,tema_label,temi,tags",,2026-04-19T08:53:08.939087
3326f2b2-bdb6-4e9b-84f9-d64b248ea73d,the-fourth-moment-between-one-meeting-and-the-next,bacf2922-c597-4f7c-bdbd-b5b3573c2928,ok,"categoria_menu,forma,tema_label,didascalia_copertina,temi,tags",,2026-04-19T08:53:08.927430
3340c348-88af-491b-a527-46c9c088212e,the-seed-a-book-review,7f54605d-c40a-4525-bcbf-b1b4da06fe44,ok,"categoria_menu,forma,tema_label,didascalia_copertina,temi",,2026-04-19T08:53:08.966529
3372801d-f300-41aa-b056-b7132c4e2ccd,pizza-suppli-and-a-drink-for-seven-euros,75917fad-1b73-4f35-b49e-c9cfc954aaaa,ok,"categoria_menu,forma,tema_label,didascalia_copertina,temi",,2026-04-19T08:53:09.101395
33893e74-d8fd-4be9-a2e5-012109d3e379,fede-e-luce-life-issue-148,ca055856-d970-4fe7-a41b-dad33cec2b90,ok,"categoria_menu,forma,tema_label,didascalia_copertina,temi",,2026-04-19T08:53:09.243317
338de884-34ff-4a41-9343-68a35875bf8d,the-penalty-taker-of-tyrrhenian-waters,3665dc26-5d43-47f5-b695-038fe2380aba,ok,"categoria_menu,forma,tema_label,temi",,2026-04-19T08:53:09.297043
339db849-1263-482d-b3bd-def3d070e7aa,two-callings-840d,840db13d-2909-4b76-8e85-9285dbb3227b,ok,"categoria_menu,forma,tema_label,temi",,2026-04-19T08:53:09.298542
33ace811-ec4f-4c29-87a0-91ea8548f6a7,never-alone,8a86b342-5dd6-4f5a-8eb7-e713d7884765,ok,"categoria_menu,forma,tema_label,temi",,2026-04-19T08:53:09.400026
33c0c923-9841-4570-a12f-c563a221a074,lavagna-opens-accessible-beach-for-people-with-disabilities,3c82ba34-de7a-4f04-9b19-8d7626ebc408,ok,"categoria_menu,forma,tema_label,temi",,2026-04-19T08:53:09.489503
33fa9f21-68ae-4bb2-8634-3da54f06bb8c,the-clowns-lesson-miloud-oukili,9c962c25-47d1-4f19-80d0-fde0cf1c05fa,ok,"categoria_menu,forma,tema_label,didascalia_copertina,temi",,2026-04-19T08:53:09.590965
33fbebf5-ec5a-4108-83e2-d916fec0444b,in-gods-image-a-book-review,f2cfcd82-8d40-4595-8326-50a647793891,ok,"categoria_menu,forma,tema_label,didascalia_copertina,temi",,2026-04-19T08:53:09.651393
33fc5d3f-0e93-41ba-811c-1f9a1ba5b40a,vanessas-courage,d8a0b6ac-688a-448c-a243-ab304c67f10f,ok,"categoria_menu,forma,tema_label,temi",,2026-04-19T08:53:09.708402
343709f4-dd5c-4266-ae8b-ebe0c7330268,a-letter-to-mothers-and-fathers,9a32872c-b2bd-4907-8d0d-02d2bd6bf679,ok,"categoria_menu,forma,tema_label,temi,tags",,2026-04-19T08:53:09.766697
347d5930-ef46-4067-bf08-1da8116bcae7,giving-life-a-mothers-testamentbook-review,08e38e52-b390-47c6-942f-d474fbdae7a6,ok,"categoria_menu,forma,tema_label,temi",,2026-04-19T08:53:09.945221
3493fe90-6fd3-4bb9-85a3-066ee755fe69,and-they-call-them-disabled-a-review,36a6855b-ca8f-427e-8dec-601d317bf961,ok,"categoria_menu,forma,tema_label,didascalia_copertina,temi",,2026-04-19T08:53:09.954909
34c45d96-a0a9-4184-adca-99d7a519f3c1,five-loaves-and-two-fish,3e3fb6d2-603f-4582-8214-47c41f4e86f6,ok,"categoria_menu,forma,tema_label,temi",,2026-04-19T08:53:10.017462
34e659db-d4e6-4bbb-b948-d1a27aa31b64,the-gift-giving-season,f84d5a1d-1baa-439d-956a-ae6eb28ab24a,ok,"categoria_menu,forma,tema_label,didascalia_copertina,temi",,2026-04-19T08:53:10.127834
34f5c246-0e47-4120-aacb-e6f8a038ba48,snapshots-from-faith-and-light-communities,e06e4a03-0ac2-463a-9e75-c40ca5bfdccc,ok,"categoria_menu,forma,tema_label,didascalia_copertina,temi",,2026-04-19T08:53:10.231353
34fbc532-d4d7-4ada-8788-0c3cc73e5d7b,it-is-not-so-simple-being-the-mother-of-a-child-with-mild-disability,37dddad4-503e-42e9-adee-a8cd6262aea4,ok,"categoria_menu,forma,tema_label,temi,tags",,2026-04-19T08:53:10.261694
3520da64-3003-4a3f-ae4b-7e038b2822e0,a-letter-to-father-michel-charpantier,2d7d466f-43a0-47c9-9372-d391cfdbcc5e,ok,"categoria_menu,forma,tema_label,temi,tags",,2026-04-19T08:53:10.352088
3522602a-fe13-4546-abf6-f2c82d63dd79,inside-the-hearts-of-mothers-the-light-and-shadow-of-motherhooda-review,539ed1e1-b11f-4693-aa74-f6729823baaf,ok,"categoria_menu,forma,tema_label,didascalia_copertina,temi",,2026-04-19T08:53:10.422981
353f7f4e-51fe-4a27-8c25-beacd12d728d,white-space-a-review,cc3332c5-3b98-4e44-ad30-d1617967baed,ok,"categoria_menu,forma,tema_label,temi",,2026-04-19T08:53:10.537864
354d6897-f180-45b9-a3e3-83c18e8ba1e5,ombre-e-luci-no-8-1984-browsable-issue,80d7211d-ef5c-4003-9db8-3d76d3e3d11d,ok,"categoria_menu,forma,tema_label,temi",,2026-04-19T08:53:10.578682
35637870-0768-4edc-8bb5-52c2f7c22cfa,sexuality-and-disability-dont-wait-to-talk-about-it,ee1e41a8-927f-4bac-b588-aa34b8c8ab39,ok,"categoria_menu,forma,tema_label,temi,tags",,2026-04-19T08:53:10.724932
3553e470-4274-444c-9dea-b09236990147,uncomfortable-conversations-real-friendships,26eadc17-189d-404d-8c66-d7d5c1f324b5,ok,"categoria_menu,forma,tema_label,temi",,2026-04-19T08:53:10.649323
358e501e-7e85-4795-8e15-90156ff52430,ugly-a-book-review,5185ad02-e7a0-4563-8838-3158150f9bf7,ok,"categoria_menu,forma,tema_label,didascalia_copertina,temi",,2026-04-19T08:53:10.843227
356d67f9-7b8c-4cbd-947e-13189a9e043e,the-sunflower-inn,b9768b2a-8472-442f-bba7-fc1656ee4934,ok,"categoria_menu,forma,tema_label,didascalia_copertina,temi,tags",,2026-04-19T08:53:10.831913
35a4771b-b427-4d2f-8406-bdf2dcb87ae4,katimavik-a-meeting-place,2279678a-be2e-4999-989c-5ad885e442bc,ok,"categoria_menu,forma,tema_label,temi,tags",,2026-04-19T08:53:11.082007
35a150cc-c0a5-4457-af24-ee5bcf943b74,spiritually-the-little-sisters-are-not-disabled,0f757ea7-7590-4fac-b579-dc4158eca3d6,ok,"categoria_menu,forma,tema_label,didascalia_copertina,temi,tags",,2026-04-19T08:53:11.055594
35ac1d14-8946-4fc7-9d85-cc79fdd8feed,hello-harry-hi-benny-a-review,f11360e8-4911-4b70-921a-12b4e7936848,ok,"categoria_menu,forma,tema_label,didascalia_copertina,temi",,2026-04-19T08:53:11.124840
35ad1077-c0ae-4f82-b979-85671692afea,topside-little-and-her-mothers-aimless-flight,8bf22541-a7ac-4285-b1e9-95f9137988d4,ok,"categoria_menu,forma,tema_label,temi",,2026-04-19T08:53:11.192708
35c73c30-ac39-4d71-95dd-6307197cdd86,ombre-e-luci-issue-16-1986,4a726f57-993b-48b3-bfe6-aa3b0d0d3823,ok,"categoria_menu,forma,tema_label,temi",,2026-04-19T08:53:11.395157
35d81ece-8427-4ba3-b977-803c2ee9e306,the-hearth-a-therapeutic-community-for-troubled-teens,48809337-95eb-4c30-9cca-40c7e510533f,ok,"categoria_menu,forma,tema_label,temi",,2026-04-19T08:53:11.425679
35fccc76-4a15-485e-a8d5-422b0edd9cab,marymount-an-summer-of-music-and-smiles,e232bfe5-b2c8-408d-972a-4cd5e269406e,ok,"categoria_menu,forma,tema_label,temi,tags",,2026-04-19T08:53:11.428359
360b0e2e-6b1c-4c46-b722-366d9f440322,i-dont-like-going-to-the-movies,d9aa250e-3bd3-4841-aaa0-f8fd6064988a,ok,"categoria_menu,forma,tema_label,temi",,2026-04-19T08:53:11.496102
3613b373-2da9-4170-9840-81b1bcb240a4,summer-camp-diary,bd106954-847e-402c-a528-c44ccb94d23e,ok,"categoria_menu,forma,tema_label,didascalia_copertina,temi",,2026-04-19T08:53:11.706962
360ed663-924c-476e-95e3-728d58e75abd,children-of-us-all,0a9df56e-c162-41b9-9704-c761492729f9,ok,"categoria_menu,forma,tema_label,temi",,2026-04-19T08:53:11.703457
364b2f8f-6a89-43e9-ac2f-b38527a46dc9,moms-magic-chair-a-book-review,b28d73e5-f972-4313-9112-9fa427d1d7ef,ok,"categoria_menu,tema_label,didascalia_copertina,temi",,2026-04-19T08:53:11.768541
364fc660-8543-42ce-971f-6c6358e8a06d,letters-to-jean-don-marco-bove,496670d5-714e-4d5a-a044-72dfa0582f83,ok,"categoria_menu,forma,tema_label,didascalia_copertina,temi",,2026-04-19T08:53:11.832272
3667c1c6-ab90-4d8b-8bbc-0ad35f47a613,what-can-parents-do,7dd44695-dbcf-41bf-a41c-5665b38a912e,ok,"categoria_menu,forma,tema_label,didascalia_copertina,temi,tags",,2026-04-19T08:53:12.028959
36a1a688-a830-4936-a302-8433247c2ba3,close-from-a-distance,4b80fc66-6802-4435-8f17-3b65ac318930,ok,"categoria_menu,forma,tema_label,temi",,2026-04-19T08:53:12.054468
3687629c-887a-44f4-b882-2f66a34ea590,the-power-of-art-from-magic-to-healing,ac3bd51f-ba8c-49e2-a87f-31829c75f4f1,ok,"categoria_menu,forma,tema_label,didascalia_copertina,temi,tags",,2026-04-19T08:53:12.040922
36cd519c-601b-4ea4-8f4e-4de7a5f0e74b,an-evening-at-romes-stadio-dei-marmi-the-special-olympics-open,d6b4ef8d-ba1e-4dc3-a25d-4e5280501d23,ok,"categoria_menu,forma,tema_label,temi,tags",,2026-04-19T08:53:12.119258
36e77919-6c93-4012-86af-a63c80ea71b2,open-dialogue-no-113,6e429e0b-95eb-4d35-9c30-303a05fa8995,ok,"categoria_menu,forma,tema_label,didascalia_copertina,temi",,2026-04-19T08:53:12.373545
36d5b515-53ed-4beb-b16d-1a2ec9a5f35e,faith-and-light-reports-from-the-communities,a643f81a-eec2-4bc1-b5f6-255a0136d66a,ok,"categoria_menu,forma,tema_label,didascalia_copertina,temi",,2026-04-19T08:53:12.355237
36ef2303-18bd-4522-b94a-8e027c0594bb,my-princess-gilda,0f2f51cd-bd97-4a29-8d5c-0988da2b46b2,ok,"categoria_menu,forma,tema_label,didascalia_copertina,temi",,2026-04-19T08:53:12.404666
36f78e1a-a0b7-4dc8-bdf9-967a2d47ea6c,back-to-school-summer-newsletter-no-23,a4341fdf-0913-40a6-a5d9-773539da4104,ok,"categoria_menu,forma,tema_label,didascalia_copertina,temi,tags",,2026-04-19T08:53:12.454226
3722104d-ae88-49d7-9373-6e30ee7794f1,christmas-in-light-and-shadow,ef475bfe-3082-4ccf-a2a7-c1d8a04bd6a5,ok,"categoria_menu,forma,tema_label,temi",,2026-04-19T08:53:12.680320
370d9b43-bad9-4de3-ba59-d70225f663b7,the-doctors-verdict,53729ce1-8e5c-4719-ace3-f684083f1456,ok,"categoria_menu,forma,tema_label,didascalia_copertina,temi,tags",,2026-04-19T08:53:12.673102
372fc996-5fe9-4768-8020-2572a52b5c4a,goals-and-bread-shared,76449755-dff3-4129-b3e4-004784eb90dd,ok,"categoria_menu,forma,tema_label,temi",,2026-04-19T08:53:12.731861
37359c59-29fe-480c-a7e0-58b867f433e9,igor-or-gods-surprise,0729a52b-a726-4dc1-a6b0-17ba1447fc7f,ok,"categoria_menu,forma,tema_label,temi",,2026-04-19T08:53:12.748955
37385272-7f99-4ca1-a1f7-888db243f66a,august-in-the-city,e60088da-59d4-4bdd-bcaf-b5b491cc0bed,ok,"categoria_menu,forma,tema_label,temi",,2026-04-19T08:53:12.988312
3741c107-8f1e-4bf2-a74e-fd6db6b86e92,jean-vanier-from-palestine,b1bd0139-6036-4a17-8364-80e07d249622,ok,"forma,temi",,2026-04-19T08:53:13.044506
3762beac-e8df-49bf-9734-ca1402bf2ee5,always,0cc34515-c4c7-4bc1-ae5a-2d9a04ed5129,ok,"categoria_menu,forma,tema_label,temi",,2026-04-19T08:53:13.083967
3753e1fe-dab4-4e1a-95a5-963ff42b8bdf,marco-cavallo-3259,3259a211-088b-4543-8446-0a025329681c,ok,"categoria_menu,forma,tema_label,didascalia_copertina,temi",,2026-04-19T08:53:13.081639
376bcd09-a1c2-4ecf-8766-803cabfe7c6f,what-more-do-you-need-to-be-happy-a-review,ba06662a-d08a-4d9f-b9f1-d765089979c1,ok,"categoria_menu,forma,tema_label,didascalia_copertina,temi",,2026-04-19T08:53:13.275552
37bc6720-11c0-4e95-b06e-bdbec553b378,the-bodyguards,51e7ad98-76a2-4dd4-a6df-bc9097c55a9f,ok,"categoria_menu,forma,tema_label,temi",,2026-04-19T08:53:13.442789
377adff4-130a-4d15-b0a8-7b870361336a,what-a-father-discovers-in-his-disabled-son,ac3a626a-c49f-47ee-baf6-4fce191b2cae,ok,"categoria_menu,forma,tema_label,temi,tags",,2026-04-19T08:53:13.378242
37b865b7-600e-4051-a44f-25e00166dae9,the-italy-we-dont-see,eb930c97-10fa-44e1-945e-2a492d3d07ac,ok,"categoria_menu,forma,tema_label,didascalia_copertina,temi",,2026-04-19T08:53:13.388231
37c3a9e3-ad69-4280-b76f-15c33b4bb9be,open-dialogue-no-103,0a8f7cb7-b3f3-418c-9e59-8791f78c07a4,ok,"categoria_menu,forma,tema_label,temi",,2026-04-19T08:53:13.583943
37df9f76-6711-40a5-996f-d3a121388cca,the-strength-of-character-a-book-review,14ff9503-eb8f-49e7-a3b8-83881c131892,ok,"categoria_menu,forma,tema_label,temi",,2026-04-19T08:53:13.738085
37c9dd6f-e175-4074-a5f5-56211df6559e,no-pitywhat-do-the-mass-media-tell-us-about-disability,13fe2356-879f-4abb-8fd9-aee8f14cb814,ok,"categoria_menu,forma,tema_label,temi,tags",,2026-04-19T08:53:13.709539
37d4eb80-4a8d-47fe-bc2f-5beabcdbdfd3,following-gios-lead,f65f0561-ca38-45fb-a1f1-94f805a06a7b,ok,"categoria_menu,forma,tema_label,didascalia_copertina,temi,tags",,2026-04-19T08:53:13.732324
37fbf64e-084d-4d68-a05c-d6ee67375340,what-the-pope-really-said-about-epilepsy,d79dc308-c8bc-4b26-a9c3-a54393debd18,ok,"categoria_menu,forma,tema_label,didascalia_copertina,temi,tags",,2026-04-19T08:53:13.915664
381fe1c6-be37-44bb-8e23-b86ce1d84dc7,humor-and-disability-treacherous-ground,4c329d0d-9bf4-4955-b597-435ff6614b77,ok,"categoria_menu,forma,tema_label,didascalia_copertina,temi,tags",,2026-04-19T08:53:14.076393
37fd23a7-e139-49b1-a5c4-4e230c08b7a2,shes-in-fourth-grade-now-and-shes-still-one-of-us,3b867706-a0bc-498d-ad3a-303844cf0945,ok,"categoria_menu,forma,tema_label,temi,tags",,2026-04-19T08:53:14.055280
386c4cea-bbdb-471a-b1ff-043fb052720e,walking-at-your-own-pace-agesci-and-inclusion,33cf87dc-e825-4420-a183-b3c897aec275,ok,"categoria_menu,forma,tema_label,didascalia_copertina,temi,tags",,2026-04-19T08:53:14.104878
3876460a-2520-49f2-8676-dd09b28921a0,the-magic-of-our-days-together,6251d744-6e3f-4db7-9700-8a559da5535f,ok,"categoria_menu,forma,tema_label,didascalia_copertina,temi,tags",,2026-04-19T08:53:14.177050
38b7ac71-71ba-4564-963a-a4b6a8aeece2,forbidden-to-love-him,1f2a3437-11f5-4a77-8453-eaccef4b0ad3,ok,"categoria_menu,forma,tema_label,temi",,2026-04-19T08:53:14.359416
38962131-38d3-4a74-b7c9-7c2191ff4cd9,here-integration-is-not-just-a-word,ab20ea99-f243-43fe-91c2-ee3cf24991ed,ok,"categoria_menu,forma,tema_label,didascalia_copertina,temi,tags",,2026-04-19T08:53:14.357120
38fb43ae-1509-4c88-a2ac-5d306e78d16a,10-good-reasons-to-volunteer,1baa19df-79c7-44ac-ae14-dd9db9b44dbc,ok,"categoria_menu,forma,tema_label,didascalia_copertina,temi",,2026-04-19T08:53:14.463035
38fe7f92-10dc-4834-9d7f-3e7e90a8769a,tuscany-creates-forum-for-disability-organizations,5dd251f9-4aec-4ad0-9ef0-2398486fe8e5,ok,"categoria_menu,forma,tema_label,temi,tags",,2026-04-19T08:53:14.469707
391fd54a-f6be-4934-b2a7-ccab995a7d2f,do-not-be-afraid,2a19a81c-67b3-4685-b915-be15510b0ef4,ok,"categoria_menu,forma,tema_label,temi,tags",,2026-04-19T08:53:14.669339
38fea236-fa89-49c3-9474-819adacba02d,living-with-difference-book-review,4d74f7aa-8c75-429d-be51-199c56934661,ok,"categoria_menu,forma,tema_label,temi",,2026-04-19T08:53:14.658416
393c4449-a511-4003-9553-e31b83a6bcdb,robert-michits-ordination,ff2728b8-2e9a-4166-af9b-69e8f1ab4e22,ok,"categoria_menu,forma,tema_label,temi",,2026-04-19T08:53:14.748911
394dbeca-f9d9-4ea0-9205-a26678e2304e,smack-as-kiss,3792e1d7-ddff-4942-848f-978c3dc4d759,ok,"categoria_menu,forma,tema_label,temi",,2026-04-19T08:53:14.831971
397b2222-ce52-4195-8489-aa4bfadeb709,friends-of-simone,729bc212-9c72-4af1-bc55-43e73ca57dc3,ok,"categoria_menu,forma,tema_label,didascalia_copertina,temi,tags",,2026-04-19T08:53:15.039425
396d04f5-50a3-4aa1-a105-c3225ff6b7a8,as-if-i-were-you,68d8ee28-e50c-42e0-b20c-d6b6c4fcd48e,ok,"categoria_menu,forma,tema_label,didascalia_copertina,temi",,2026-04-19T08:53:15.006295
397fdecc-8b45-4854-a6a2-719b23f100b5,a-guide-for-the-communities,6d689e04-1ed6-4df5-88ec-bed9b2823df5,ok,"categoria_menu,forma,tema_label,temi",,2026-04-19T08:53:15.052190
3992a35d-42a4-49af-9d9c-f81c3b7e5d80,life-together-a-review,69bc26dd-28c2-4262-9703-40a119be9ac0,ok,"categoria_menu,forma,tema_label,didascalia_copertina,temi",,2026-04-19T08:53:15.089503
39d59191-0505-47cc-b575-bc625021ecd8,life-among-siblings,8791a3ce-b4e7-4613-be8b-0ee78e0be1f2,ok,"categoria_menu,forma,tema_label,temi",,2026-04-19T08:53:15.343629
39c8839c-037f-43ea-a590-703bbe69083f,inheritance-and-disabled-children-a-notarys-counsel,63da222f-2bcc-441e-ada5-ebb0100d871a,ok,"categoria_menu,forma,tema_label,temi",,2026-04-19T08:53:15.337131
39beebea-493c-42ee-a666-aa983c5f1cb3,how-to-request-a-wheelchair,cb42af5b-ae14-4755-bff1-c367ec5d4b7a,ok,"categoria_menu,forma,tema_label,didascalia_copertina,temi",,2026-04-19T08:53:15.324968
39debb74-6271-44d5-b261-bbd0cb0204a9,were-all-superheroes,d0de37ac-b5a8-4881-80dd-9f43bd7482d8,ok,"categoria_menu,forma,tema_label,didascalia_copertina,temi,tags",,2026-04-19T08:53:15.366896
39f9e92f-d2ba-40cc-92cb-0fb3d48f8df7,the-discovery-of-dawn-a-review,b0f29ad8-32e1-431a-a139-5f23180f8a54,ok,"categoria_menu,forma,tema_label,didascalia_copertina,temi",,2026-04-19T08:53:15.639842
3a03a463-8cb0-4de9-be2b-e18030ddd41c,a-treasure-beyond-price,2b8dc539-56ad-4c04-a5f2-c487f406cc29,ok,"categoria_menu,forma,tema_label,didascalia_copertina,temi,tags",,2026-04-19T08:53:15.668316
3a01fdfe-7771-45b1-b41a-1ff71873edb0,open-forum-62,a4943ec6-720d-415f-9685-4d969235605a,ok,"categoria_menu,forma,tema_label,didascalia_copertina,temi",,2026-04-19T08:53:15.654057
3a0b0fac-2c94-4ee9-8346-3b42a1e6ee49,breaking-down-the-barriers,b76dcd82-0e46-4fe7-bd6a-af804cbf2151,ok,"categoria_menu,forma,tema_label,didascalia_copertina,temi",,2026-04-19T08:53:15.747438
3a248cc6-b574-4a48-904b-9230e522330b,special-olympics-returns-to-montecatini-june-49,77355c68-68bd-4cbe-b577-a966fe30d10d,ok,"categoria_menu,forma,tema_label,temi,tags",,2026-04-19T08:53:15.956042
3a79bf7e-06a4-4595-a03c-e31de2a73f64,floating-on-an-inner-tube,08275728-87c5-4be8-aadd-c7d59a48fab9,ok,"categoria_menu,forma,tema_label,temi,tags",,2026-04-19T08:53:16.049597
3a7942d1-f480-499d-a238-eb3ba2405a01,neither-right-nor-wrong-a-review,2090d561-e9d8-4a6a-b399-6875c72154db,ok,"categoria_menu,forma,tema_label,didascalia_copertina,temi",,2026-04-19T08:53:16.029348
3a60bd23-ccec-4b5d-af84-d492eeb6a393,against-euthanasia-a-doctors-case,ed253309-4f3e-471d-9c40-aade3531d424,ok,"categoria_menu,forma,tema_label,temi",,2026-04-19T08:53:16.012554
3a87f624-ad9d-419f-9d9f-67e1525e1747,in-the-eucharist-remain-in-me,cbfbcbff-eb28-4d77-bb5d-69eb5226a278,ok,"categoria_menu,forma,tema_label,didascalia_copertina,temi,tags",,2026-04-19T08:53:16.255915
3a9c04bc-7593-4a31-9364-f83996ea4829,the-rest-of-the-storya-review,d8192137-4917-44d7-9cc6-86d03c9a9554,ok,"categoria_menu,forma,tema_label,temi",,2026-04-19T08:53:16.386144
3aba90e5-78bf-498e-8d2d-d6e2f2cd0514,disability-is-not-a-limitif-you-love-me-push-me-to-change,fccd32ab-8bf6-438d-ac96-73c2dbcc5dc5,ok,"categoria_menu,forma,tema_label,didascalia_copertina,temi",,2026-04-19T08:53:16.392606
3ae11e25-0d2d-4fc1-891d-33194ce736e4,gold-every-day,902b511d-ed8e-40d4-88bd-403c6afa2360,ok,"categoria_menu,forma,tema_label,didascalia_copertina,temi,tags",,2026-04-19T08:53:16.392977
3ae1c68a-d161-42a5-b5c5-71688602b4ce,pulce-is-gonea-review,6c8449ab-371a-42f7-98af-3a826817e501,ok,"categoria_menu,forma,tema_label,temi",,2026-04-19T08:53:16.610591
3ae6624d-c899-46e7-be99-07ccf63e4716,thirst-and-the-water-of-hope,0a60e8e8-2660-4598-91c9-1c419b919740,ok,"categoria_menu,forma,tema_label,didascalia_copertina,temi,tags",,2026-04-19T08:53:16.710044
3ae865bd-e1ed-4a07-8ac4-bab0749e0220,francesco-gammarelli-a-life-of-witness,568ecc3b-803b-4c95-9d27-8f875216fca7,ok,"categoria_menu,forma,tema_label,temi",,2026-04-19T08:53:16.767044
3af08b17-cecb-41d9-9fb9-bd7f01c4dcca,how-did-you-grow-up,d2af2db3-e0fa-414c-9c76-9c7c49b0e62d,ok,"categoria_menu,forma,tema_label,didascalia_copertina,temi",,2026-04-19T08:53:16.813514
3b03ab9b-6522-45e0-aeaf-1afc6e59372d,alzheimer-still-always-hand-in-hand,1bdef268-278f-4d0a-b54d-5b98cd327a48,ok,"categoria_menu,forma,tema_label,didascalia_copertina,temi,tags",,2026-04-19T08:53:16.887637
3b46ba34-aa34-443f-b5b5-0fbcad42fc3e,happiness-is-imperfect,9fc4edb2-b7d2-4411-97d8-39b5ae751c3e,ok,"categoria_menu,forma,tema_label,didascalia_copertina,temi,tags",,2026-04-19T08:53:16.969543
3b6d9a5f-9b87-4f55-a44f-7150584a7001,guide-h-fondazione-laboratorio-per-le-politiche-sociali,0d3f746b-a82f-4d7f-aaa4-6c940de3bba2,ok,"categoria_menu,forma,tema_label,didascalia_copertina,temi",,2026-04-19T08:53:17.080438
3b4fe0da-d610-4493-ba38-77040e011326,building-your-totem-understanding-and-valuing-yourself-a-review,d29ee698-54be-4563-85ea-92a61c73ba3a,ok,"categoria_menu,forma,tema_label,temi",,2026-04-19T08:53:17.079730
3b77f1a9-237a-435b-8086-01297cb602df,parents-a-film-review,c6d52dc3-30a5-435b-a153-e8dc7eedee7c,ok,"categoria_menu,forma,tema_label,didascalia_copertina,temi",,2026-04-19T08:53:17.129885
3b923d43-df66-4a7b-a1fe-2364f5fc3d67,museums-for-everyone-the-vami-difference,37528e1d-a816-4aa8-a4cb-f4735f90ed89,ok,"categoria_menu,forma,tema_label,didascalia_copertina,temi",,2026-04-19T08:53:17.355899
3b977b0f-901b-4a80-893e-9c7ae39da4b2,yet-the-sun-still-shines,a52def99-78e5-4167-9bb8-41f8d5874ff8,ok,"categoria_menu,forma,tema_label,temi",,2026-04-19T08:53:17.447950
3b98a0e9-a7f9-4678-aee7-3bb29d9c09ad,anffas-sixty-years-building-the-future,70e2d7fd-d18f-4463-8dae-fed0ec91eda3,ok,"categoria_menu,forma,tema_label,didascalia_copertina,temi,tags",,2026-04-19T08:53:17.467055
3b9a9eb6-2394-42d1-84b5-513a4128bf41,its-good-to-have-a-place-to-work,7cf608be-99bb-42c6-9063-9374cf59436b,ok,"categoria_menu,forma,tema_label,didascalia_copertina,temi,tags",,2026-04-19T08:53:17.475537
3b9fbd8b-9a33-4f12-a40f-17f3fd0189ad,faith-and-light-one-great-family,dcff8316-f3cf-4448-943b-637a9befc247,ok,"categoria_menu,forma,tema_label,didascalia_copertina,temi",,2026-04-19T08:53:17.658141
3ba3c70b-1427-49aa-8f1e-eb8cb97d3d0b,the-violence-of-my-love-dario-levantinos-novel-examined,866ff982-7627-47b9-a0df-4d42178c2618,ok,"categoria_menu,forma,tema_label,temi",,2026-04-19T08:53:17.759446
3bc2533f-20b8-4879-a1ea-211b3cbbf63b,a-day-in-milan-francesca-and-the-aipd-calendar,619b3b0c-209b-4563-a882-a6696e4e03ef,ok,"categoria_menu,forma,tema_label,didascalia_copertina,temi",,2026-04-19T08:53:17.826291
3bc01efc-6783-49eb-bd7e-4014131c5367,im-at-home-with-them,faf823f5-b359-4c20-92ed-07accd1d6500,ok,"categoria_menu,forma,tema_label,didascalia_copertina,temi,tags",,2026-04-19T08:53:17.797811
3bc3db50-7e27-4e04-b121-d5bfc902c287,young-people-im-calling-on-you,2f439154-7f2b-47cb-8a60-7df4d76597ae,ok,"categoria_menu,forma,tema_label,temi",,2026-04-19T08:53:17.959382
3be836fb-3114-483b-bd4f-c342df3f33bb,my-misadventure,ab6aba92-1185-4572-b21c-786006c10d85,ok,"categoria_menu,forma,tema_label,didascalia_copertina,temi,tags",,2026-04-19T08:53:18.008541
3bf25eb7-3480-4c69-a131-c8505243a501,life-faith-and-light-no-22-1979,871d3653-c202-4fcd-bf62-1ec5154d8223,ok,"categoria_menu,forma,tema_label,temi",,2026-04-19T08:53:18.107465
3bf26b16-0d1e-403a-bb21-c03dd78ab408,marta-and-matthews-kitchen,460c381d-2f3b-4902-94a3-d71e15584f42,ok,"categoria_menu,forma,tema_label,temi,tags",,2026-04-19T08:53:18.185149
3bf7706b-ce73-45a6-8994-51e222326849,the-workshop-association-news,3fbaaa30-c4de-481f-aed1-bb4d79b173eb,ok,"categoria_menu,forma,tema_label,temi",,2026-04-19T08:53:18.289501
3c0bcdcc-2755-476f-a318-ba69967ffa4f,living-with-an-autistic-child,ab7f1e73-0a44-4e81-b281-9aba58321e38,ok,"categoria_menu,forma,tema_label,temi,tags",,2026-04-19T08:53:18.297063
3c19d5e1-44e4-40a0-8a80-35755dee4709,a-wedding-like-no-other,8f24754a-c0f4-485c-9354-eeb42d6c614c,ok,"categoria_menu,forma,tema_label,didascalia_copertina,temi,tags",,2026-04-19T08:53:18.370985
3c255c5e-67d1-4122-99ab-9044a369978b,emmas-house-a-home-for-disabled-young-adults-to-live-independently,98f16a26-8ca6-492f-bb42-864449616c2c,ok,"categoria_menu,forma,tema_label,temi",,2026-04-19T08:53:18.487149
3c54a971-7c21-44ef-b135-b49f4ba0770d,recommended-reading-no-23,e615d3a5-66bb-48a4-bc31-0f5dde40a969,ok,"categoria_menu,forma,tema_label,temi",,2026-04-19T08:53:18.614349
3c47c925-d0f9-43c8-aea5-385125fddfdf,the-monastery-giampieros-second-home,97b2c8e2-f8d0-4353-a070-3ba13d03b8f9,ok,"categoria_menu,forma,tema_label,temi,tags",,2026-04-19T08:53:18.559916
3ccf1a79-27d2-42bb-bb17-89cc8da904bd,growing-up-with-my-brother,685353ce-cf12-492b-a1b3-9f12a81aeac1,ok,"categoria_menu,tema_label,didascalia_copertina,temi,tags",,2026-04-19T08:53:18.699024
3cd81bbe-70aa-4d71-bdd6-297bb3f3edbc,a-magazine-a-woman-a-convent,bcedc6a3-1d12-43f1-ab8e-c2e528bba2cf,ok,"categoria_menu,forma,tema_label,temi",,2026-04-19T08:53:18.800001
3ce4176a-715e-403c-bd39-526909fd9281,games-that-make-you-laugh-teaching-teens-through-playa-review,b1cedd6a-bafc-4e6d-b0ef-88f5fcbd490f,ok,"categoria_menu,forma,tema_label,didascalia_copertina,temi",,2026-04-19T08:53:18.863948
3d52656d-8745-4461-8e93-a2a11af9a6f7,holy-patience,47bf8086-ca78-4b83-93b8-f283e00a0eb0,ok,"categoria_menu,forma,tema_label,temi",,2026-04-19T08:53:18.888948
3d91426f-4cb7-4e7a-a88c-e96a01081737,cautious-not-frozen,cf1f763d-ea1c-48fc-90be-1281effb5653,ok,"categoria_menu,forma,tema_label,temi",,2026-04-19T08:53:19.006356
3da7de5a-76eb-4955-8d0e-61447e371c37,rilkes-christmas-letters-to-his-mother,c8a306e5-31a3-4e0f-845e-969aa55095a0,ok,"categoria_menu,forma,tema_label,didascalia_copertina,temi",,2026-04-19T08:53:19.077737
3db05644-6730-472f-ba76-52d970109269,after-were-gone-many-are-still-waiting,5cb2c212-dcce-4c14-8b5f-e1a4242ebd58,ok,"categoria_menu,forma,tema_label,temi",,2026-04-19T08:53:19.168530
3db5bae8-8dfe-4eb2-bbbe-6751472a6c83,davids-mother,f40bd9cb-bd06-4885-b7c4-e73dfe03a334,ok,"categoria_menu,forma,tema_label,temi,tags",,2026-04-19T08:53:19.224659
3dc3510d-175e-4506-8f9b-2674def80bc1,meeting-them-halfway,7db3520e-1f6b-4523-be85-0898371257b2,ok,"categoria_menu,forma,tema_label,temi,tags",,2026-04-19T08:53:19.288234
3dc7df49-16b8-4769-92ab-da0eeeacfcec,workshops-stories-of-work-and-friendship,24682a50-ce9e-409d-9e05-c5be68708981,ok,"categoria_menu,forma,tema_label,temi,tags",,2026-04-19T08:53:19.436634
3dc8128b-e255-4531-a8df-5efccf1ec5ad,when-everything-changes,5979de26-45a3-4976-8ee5-9d621de5ce88,ok,"categoria_menu,forma,tema_label,didascalia_copertina,temi,tags",,2026-04-19T08:53:19.509848
3df68543-9d33-4e5d-8715-7dc0c91a48e1,the-world-as-we-see-it,6428822d-08a0-490e-bd6e-a7f02cf2fdd2,ok,"categoria_menu,forma,tema_label,didascalia_copertina,temi",,2026-04-19T08:53:19.564431
3df8a6a9-bb42-429c-8db4-da5a0530b4f5,my-father-is-a-grain-of-wheata-review,e1ac6a1f-d127-455c-9755-afe7e9c63061,ok,"categoria_menu,forma,tema_label,temi",,2026-04-19T08:53:19.670678
3e000d75-b70d-47ab-b435-7ed625f4d116,94-9-35-18-what-the-numbers-mean,b280cc8d-2582-4686-8581-87b8767f4f5b,ok,"categoria_menu,forma,tema_label,temi",,2026-04-19T08:53:19.798039
3e2cfea2-6042-439a-8795-d5926c60366b,life-can-begin-again-a-review-of-patrick-segals-testament,b2659d92-0078-46b8-8641-c1e3be0a1f72,ok,"categoria_menu,forma,tema_label,didascalia_copertina,temi",,2026-04-19T08:53:19.835971
3e4cd824-f138-4404-bcb4-c41d7596479b,educating-disabled-children-a-book-review,c24cb56b-509a-484d-8ff8-844ed8b47da1,ok,"categoria_menu,forma,tema_label,temi",,2026-04-19T08:53:19.884880
3e545fb7-c452-4828-95be-edaeba266e5f,il-testardo-rehabilitation-center-healing-through-donkeys,7ff201e3-3381-4dc2-bffd-097998243815,ok,"categoria_menu,forma,tema_label,temi,tags",,2026-04-19T08:53:20.019822
3e5b85f5-8074-4ea8-bddc-e3c83dc86389,faith-and-light-the-spring-released,59ed71b2-30c9-45e8-9d95-e7310ec2aee2,ok,"categoria_menu,forma,tema_label,didascalia_copertina,temi",,2026-04-19T08:53:20.076369
3e62de25-6afc-4b88-badd-3bc1a0e00cf4,rarina-a-rare-flower,cd79b223-2408-4b0c-9ab8-e4a0a2200717,ok,"categoria_menu,forma,tema_label,didascalia_copertina,temi,tags",,2026-04-19T08:53:20.140236
3e64d734-e9fe-4a9d-a6c3-0c864588a2d9,together-yesbut-how,da1328bb-ec8b-4613-b6fe-485e897abd3e,ok,"categoria_menu,forma,tema_label,didascalia_copertina,temi,tags",,2026-04-19T08:53:20.183037
3e8618cd-2c03-4994-bac6-9afc3b4bb972,a-wheelchair-among-the-rubble,9cce6c64-626a-4e7a-8cf6-024237057d46,ok,"categoria_menu,forma,tema_label,didascalia_copertina,temi",,2026-04-19T08:53:20.347986
3ebd9e7a-4439-4664-b085-e8b0124de652,do-you-remember-nicole,0e53ffca-33ff-4003-85d5-5557d204ce75,ok,"categoria_menu,forma,tema_label,didascalia_copertina,temi,tags",,2026-04-19T08:53:20.389176
3ec91e94-2d91-4416-aabb-30e6ea8aaa0f,swinging-between-love-and-hate,8dabc561-d981-45bf-979a-39af877da896,ok,"categoria_menu,forma,tema_label,temi,tags",,2026-04-19T08:53:20.446596
3ed86730-bddd-4a10-91d0-2cdc20bd4768,viola-and-valeria,de76576c-838b-418b-8fe4-b8b75f29a91e,ok,"categoria_menu,forma,tema_label,didascalia_copertina,temi",,2026-04-19T08:53:20.531195
3f134596-78d7-445c-a74f-af2ade302326,a-school-where-no-one-is-different,e7543718-e44e-4229-9d56-a1007fcdc9a9,ok,"categoria_menu,forma,tema_label,temi",,2026-04-19T08:53:20.647736
3f208d77-cf53-479b-9d61-9580b2152a97,the-strength-of-fragility,f218828a-397e-4245-a83e-854e9e6bbb80,ok,"categoria_menu,forma,tema_label,didascalia_copertina,temi",,2026-04-19T08:53:20.713319
3f442ee1-9e88-4bc6-8dfc-af6a410a88f2,holiday-with-difference-at-the-heart,beff6862-e36d-4de9-b7cb-c35643d62a68,ok,"categoria_menu,forma,tema_label,didascalia_copertina,temi,tags",,2026-04-19T08:53:20.761249
3f460e6b-504d-4d25-b63d-808a11df41a4,professor-marie-odile-rhethore-19302023,601fd844-4831-4bd0-bc14-53af1974fa16,ok,"categoria_menu,forma,tema_label,didascalia_copertina,temi",,2026-04-19T08:53:20.825224
3f4c5c41-8e76-4946-8efb-860f613a9c69,one-heart-at-a-time,ac6acf0a-6e3c-451b-aa3a-f1e0c55cc18b,ok,"categoria_menu,forma,tema_label,didascalia_copertina,temi,tags",,2026-04-19T08:53:21.000081
3f4bbd78-580f-4f98-8dba-e5c805bcce39,joyeux-noel-2-en,00fef3c7-6f07-45d4-b610-ef5273d84832,ok,"categoria_menu,forma,tema_label,temi,tags",,2026-04-19T08:53:20.967182
3f52312b-6916-4951-8d5c-182ca01b0abe,the-don-lorenzo-milani-center-for-solidarity,bf7247e6-8e33-417f-8e68-68a1e8a7cefb,ok,"categoria_menu,forma,tema_label,didascalia_copertina,temi",,2026-04-19T08:53:21.118801
3f552d01-b053-4932-9cdf-788a58450dae,a-prayer-in-illness,5e2020aa-08bd-46e8-bb9f-2979b2334fee,ok,"categoria_menu,forma,tema_label,temi",,2026-04-19T08:53:21.123340
3f6d4144-d5d2-4a93-ac14-b8034e19801f,dear-love-a-double-thread-connecting-us-to-fragile-peoplea-review,216f674e-10ae-4651-be3b-d27af5954ac4,ok,"categoria_menu,forma,tema_label,temi",,2026-04-19T08:53:21.320568
3f71c850-089b-4e55-bd7e-7b260093267d,christmas-in-my-heart,7b0b5708-2a0e-47d5-b008-e60648f9bdab,ok,"categoria_menu,forma,tema_label,didascalia_copertina,temi,tags",,2026-04-19T08:53:21.343549
3f7b08b2-0de5-4e27-a1c2-d05db6fd9068,faith-and-light-life-together-issue-25,99c841b1-db59-4065-afa3-4f2f99e05c4f,ok,"categoria_menu,forma,tema_label,didascalia_copertina,temi,tags",,2026-04-19T08:53:21.417115
3f7d2f1c-8e24-416c-bcaa-64bae8c7320e,the-circus-of-wonders-a-review,b6e81336-2d12-4917-9526-1092458f951c,ok,"categoria_menu,forma,tema_label,didascalia_copertina,temi",,2026-04-19T08:53:21.446002
3f8715ae-6bfa-4fe7-9493-c1584563a6b5,flaminias-first-communion-changed-us-all,82360036-a043-4b8f-bb86-62a5f453a629,ok,"categoria_menu,forma,tema_label,didascalia_copertina,temi",,2026-04-19T08:53:21.630711
3f8968dc-2079-40c9-b10d-d9ef7126b737,yesterday-today-tomorrow,80f81b09-f0ba-4bca-b9e9-74b540b5d339,ok,"categoria_menu,forma,tema_label,didascalia_copertina,temi,tags",,2026-04-19T08:53:21.706847
3fa57d42-fbd1-4588-8d5a-abe8c31c5366,imperfect,a91b0e07-7362-485a-a050-9b463456af7e,ok,"categoria_menu,forma,tema_label,temi",,2026-04-19T08:53:21.797790
3fa1256c-0efd-4fe6-ac23-fda65308f06f,life-in-faith-and-light-no-15,758524ac-a2da-4c0e-8d21-adcc3e72655e,ok,"categoria_menu,forma,tema_label,didascalia_copertina,temi,tags",,2026-04-19T08:53:21.762355
401ab595-2663-4795-8a7d-f59232faff5c,venice-82-voices-from-the-past-films-that-shape-the-future,c7b719a7-b5b4-4ab5-aad1-571a4747e5f5,ok,"categoria_menu,forma,tema_label,didascalia_copertina,temi,tags",,2026-04-19T08:53:22.004068
3ff13320-692a-4508-b9f8-035477fc469e,mom-were-not-alone,3cbd14ee-4d96-46c7-9e71-a513512ce370,ok,"categoria_menu,forma,tema_label,temi,tags",,2026-04-19T08:53:21.944444
4047424e-6a65-412c-ab09-c4997dff2249,how-we-see-people-different-from-us-alexandre-jolliens-reflections,b8a72bc3-3d66-4316-a4e9-6ea710bfab28,ok,"categoria_menu,forma,tema_label,didascalia_copertina,temi,tags",,2026-04-19T08:53:22.078616
4054d2f4-7d5c-4ad3-91f0-35d9eb546d5e,uncomfortable-wishes-for-the-new-year,3d0da325-ed2a-4b29-8bce-a9d87e790f5b,ok,"categoria_menu,forma,tema_label,didascalia_copertina,temi,tags",,2026-04-19T08:53:22.092364
40a965cc-5c0c-45d4-bb11-4315a867f666,they-are-the-ones-who-unite-us-and-show-us-the-way,c480b751-0a25-4e2e-8e4f-ece3e0a0cf88,ok,"categoria_menu,forma,tema_label,didascalia_copertina,temi,tags",,2026-04-19T08:53:22.329006
4093e721-831d-4b08-bdc5-42271ac19dad,catechesis-and-disability-the-sacrament-of-reconciliation,92e6c3be-4f5c-43e1-afb6-a75dc311ae46,ok,"categoria_menu,forma,tema_label,temi",,2026-04-19T08:53:22.320043
40ca364e-2b2b-4f41-8867-c7f062b1e567,a-catalog-of-good-things,49b8df0c-4734-4469-889c-9116432a12ec,ok,"categoria_menu,forma,tema_label,didascalia_copertina,temi",,2026-04-19T08:53:22.371585
40ce5a65-d1cf-4c4d-8a71-198a69b19f9e,my-second-mime-at-st-peters,0f268790-4a9c-45c1-bf43-b3c746d3fa1d,ok,"categoria_menu,forma,tema_label,didascalia_copertina,temi",,2026-04-19T08:53:22.438848
40ee15d7-b43d-437c-bed7-0d7eea40edc1,you-called-her-to-bear-fruit,4ecbfd2a-737e-405a-a644-2cc4dac8d47d,ok,"categoria_menu,forma,tema_label,didascalia_copertina,temi,tags",,2026-04-19T08:53:22.647867
40cf98e0-e908-4490-bd22-ea1bba9f49b6,no-one-left-behind-christmas-at-the-alveare-workshop,0a17534b-d533-4c23-a6fe-2fd4bb77e4cc,ok,"categoria_menu,forma,tema_label,didascalia_copertina,temi,tags",,2026-04-19T08:53:22.621527
410f0b7d-958d-41ca-a7a0-bb0c78226e5a,the-variety-in-which-we-live,9b87b937-77b7-4074-981b-0acefbfc09fe,ok,"categoria_menu,forma,tema_label,temi",,2026-04-19T08:53:22.721641
411af847-f89e-45dc-9c4f-196d536aa6bf,voices-of-sisters-and-brothers,31cab405-2e3c-4e88-b440-aa921274b93b,ok,"categoria_menu,forma,tema_label,didascalia_copertina,temi,tags",,2026-04-19T08:53:22.736421
411fd841-1d25-4888-9dff-d39920362df2,the-chicco-a-home-for-fabio-and-maria,424a88e9-37ef-46d6-8cf3-074252ea60a0,ok,"categoria_menu,forma,tema_label,didascalia_copertina,temi,tags",,2026-04-19T08:53:22.964026
4130b9db-03f1-4f84-bd87-b4fe7d80adaa,liguria-funds-110-groups-to-serve-disabled-and-elderly-residents,922b00ae-57f7-49a4-9c7a-9164bc21574d,ok,"categoria_menu,forma,tema_label,temi",,2026-04-19T08:53:23.014448
412cbc67-03da-4d0c-ba58-6b19e56667b9,among-my-fathers-last-gifts,092697d1-1946-439c-a1a7-9d98a77b37c2,ok,"categoria_menu,forma,tema_label,didascalia_copertina,temi,tags",,2026-04-19T08:53:22.969200
413ca2c4-d95f-4dfc-84c4-64b5d5ab737d,school-integration-the-real-need-is-supporting-parents-of-non-disabled-children,1f8c2829-2b37-4e63-9571-a6e383172aaa,ok,"categoria_menu,forma,tema_label,temi,tags",,2026-04-19T08:53:23.104816
414068e3-1038-41e0-9987-f05d96f78be3,the-pediatricians-role-in-treating-the-handicapped-child,9be923c3-79f3-4c89-adfd-bf2bca39acbb,ok,"categoria_menu,forma,tema_label,temi,tags",,2026-04-19T08:53:23.339395
4145548c-e3de-46da-af7f-c2bc1599247b,aunt-did-you-know-youre-a-bit-strange-a-review,ed5fbbbf-9cef-44ab-bd91-17a5fc69cd3c,ok,"categoria_menu,forma,tema_label,didascalia_copertina,temi",,2026-04-19T08:53:23.354778
4164bef4-8f24-4091-b686-745978015634,the-fear-of-others,2a96fe6d-74b9-4b9f-a48c-78e63df7b430,ok,"categoria_menu,forma,tema_label,temi",,2026-04-19T08:53:23.359511
41838dfb-d6bf-4188-a369-e55a6a477b08,movies-worth-watching-this-holiday-season,7040a752-ee53-440b-8db2-9b029b24ac77,ok,"categoria_menu,forma,tema_label,didascalia_copertina,temi",,2026-04-19T08:53:23.433851
41b22e3c-18fa-44e6-883e-4a0d4f23b08f,marco-and-daniela,3f6ab185-308c-46a2-9fc2-f84bbe3fec8b,ok,"categoria_menu,forma,tema_label,temi",,2026-04-19T08:53:23.689447
419e112c-f84e-4209-9c47-4a2af9f61af8,a-gathering-at-villa-pacis,8d375b94-f6b9-4534-ab88-34f6307f365a,ok,"categoria_menu,forma,tema_label,didascalia_copertina,temi",,2026-04-19T08:53:23.687687
41b63614-2c1e-425a-9e5d-e6908d16e03c,e-il-carro-va-e-compie-15-anni-en,0409eb70-ef53-4f65-9265-9df1360c29c4,ok,"categoria_menu,forma,tema_label,didascalia_copertina,temi,tags",,2026-04-19T08:53:23.701773
41c1eb38-2b30-4dee-9d2c-9df7d83998a4,the-celebration-goes-on,55451f8e-7239-447f-b05b-293f0927cfd8,ok,"categoria_menu,forma,tema_label,temi,tags",,2026-04-19T08:53:23.762895
41dabb7a-54e7-46a2-aa3c-8d4c64655dca,not-after-us-but-before-like-his-brothers-he-leaves-home,6f014b42-c92f-4819-b855-c47a96a6b23e,ok,"categoria_menu,forma,tema_label,temi",,2026-04-19T08:53:24.055476
41ceb9d4-d0b5-453b-99d0-47d836a008c1,within-our-means-and-according-to-the-gospel,b62e2043-c7a5-4db7-b669-7f9911f75814,ok,"categoria_menu,forma,tema_label,didascalia_copertina,temi,tags",,2026-04-19T08:53:24.015135
41f5c66c-74dd-4f9d-a839-69666e2d7814,the-ferryman,22bb9753-7125-4ac9-bb35-4a72f86cec3b,ok,"categoria_menu,forma,tema_label,temi",,2026-04-19T08:53:24.117919
41ebacfb-ff22-457c-b32b-34cc222a0650,a-taxi-ride-through-the-city,b628a86e-d02f-4eba-96d3-abd9100da964,ok,"categoria_menu,forma,tema_label,temi,tags",,2026-04-19T08:53:24.115459
42048727-ce1c-486b-9aea-d92ed8622d43,nine-dots,1a9efc85-58f9-4303-96c2-8334a2ec0aad,ok,"categoria_menu,forma,tema_label,didascalia_copertina,temi",,2026-04-19T08:53:24.345142
420ba994-d653-4a9b-9e6a-9fdcc16ad679,teaching-faith-a-pedagogy-for-the-modern-catechist,a1b9a6f6-92bf-44f1-8206-41b62d8cfcdb,ok,"categoria_menu,forma,tema_label,didascalia_copertina,temi",,2026-04-19T08:53:24.396786
422a28e6-044f-4a44-bafa-e8bd8014cb3b,the-day-i-became-a-doctor,9e0d7834-62ba-4a3c-bc6c-d0048833d042,ok,"categoria_menu,forma,tema_label,temi",,2026-04-19T08:53:24.453540
4225beaf-dbbd-4388-972d-a85f4cefcb0e,karol-and-me,62d9f167-325b-4fa2-bd17-f25226b46f2e,ok,"categoria_menu,forma,tema_label,didascalia_copertina,temi,tags",,2026-04-19T08:53:24.443795
42459438-2899-4ab4-ae9c-206e31412ae0,what-warms-the-heart,4c021b46-ade7-4e10-9dcd-a9542384dc54,ok,"categoria_menu,forma,tema_label,didascalia_copertina,temi",,2026-04-19T08:53:24.637518
42944075-6742-4782-b893-4e00cb53fa2b,from-the-provinces-regional-updates,43eebabc-c6fd-41c6-ad52-c67bae22906a,ok,"categoria_menu,forma,tema_label,didascalia_copertina,temi",,2026-04-19T08:53:24.700238
42bcf6c6-e759-4a83-a3b0-f6321660066a,emanuela-and-alessia,a9eecc5b-3b04-43de-a8f9-a14ee7662c7d,ok,"categoria_menu,forma,tema_label,temi,tags",,2026-04-19T08:53:24.747152
42c2a880-59dd-4641-a955-861fd84b0914,easter-light-at-fede-e-luce,2a1b9a23-95f3-42a8-a3bf-5ee00647fd4f,ok,"categoria_menu,forma,tema_label,temi,tags",,2026-04-19T08:53:24.812205
42c7b333-2eb7-46d9-8a87-58d59d115c4b,parallel-paths,128cdc76-ed76-4626-87d9-622a1858f775,ok,"categoria_menu,forma,tema_label,temi,tags",,2026-04-19T08:53:25.071465
42cef738-cb9d-4369-895e-f539675ab848,prisoner-of-myself-a-journey-into-autism,0bc960ae-1565-4df2-a5a0-497e7bbfcf33,ok,"categoria_menu,forma,tema_label,didascalia_copertina,temi",,2026-04-19T08:53:25.205693
42d81de8-47d6-4ce6-9ffb-2c98569a0cdd,four-decades-with-fede-e-luce,8622f0d3-3f86-4d86-87b3-ef24977bbd9b,ok,"categoria_menu,forma,tema_label,didascalia_copertina,temi",,2026-04-19T08:53:25.253791
42d2fef0-3745-414c-930c-7111b134ffcb,open-letters-28,55c1d6ba-46b4-4af2-bef0-32528ca0b594,ok,"categoria_menu,forma,tema_label,didascalia_copertina,temi,tags",,2026-04-19T08:53:25.249856
43073ccf-427a-4a1d-a9d6-7eeb13ada905,editorial-on-together,fe9652b9-c1fd-4f5d-a2e6-e7c6444fa888,ok,"categoria_menu,forma,tema_label,temi",,2026-04-19T08:53:25.456973
42f4831f-92af-4d6d-842b-aa89c4918c35,new-law-establishes-companion-allowance-for-the-totally-disabled,117a86ba-17bd-4e3f-ba12-e519499056b2,ok,"categoria_menu,forma,tema_label,temi",,2026-04-19T08:53:25.392702
4308bf89-8591-456c-97ab-3cb2f7e85fa5,enough-now,68fe84ab-cf83-45ab-b8e6-c8fdaa43091a,ok,"categoria_menu,forma,tema_label,didascalia_copertina,temi",,2026-04-19T08:53:25.605845
43165c99-e063-40d1-aa44-05ca71be70ac,swinging-clouds-a-book-review,a7cad527-b9ef-4103-8d1a-622d7ffe2625,ok,"categoria_menu,forma,tema_label,didascalia_copertina,temi",,2026-04-19T08:53:25.660267
4323f0c6-cfea-4f80-b7f0-47d7692b812c,open-dialogue-no-134,74399959-a451-4507-9296-36d1b9a5064e,ok,"categoria_menu,forma,tema_label,didascalia_copertina,temi",,2026-04-19T08:53:25.765747
43192a6a-d65e-424e-a7bb-9e20cfe22200,a-view-to-rediscover,1df08cc7-b311-4dd1-8ba8-7d0a9869dad0,ok,"categoria_menu,forma,tema_label,didascalia_copertina,temi,tags",,2026-04-19T08:53:25.752100
43451277-7fc7-4635-a7b1-c604b6b301c1,books-on-autism-a-reading-list,f99f59a8-1dbe-4c7e-b37e-bb4caa3517f7,ok,"categoria_menu,forma,tema_label,didascalia_copertina,temi,tags",,2026-04-19T08:53:25.922905
43566bf9-da60-4f57-b4dc-c05a8488b617,the-weight-of-their-gaze,9c159b4c-3fbb-4f79-aca8-713eb707caae,ok,"categoria_menu,forma,tema_label,didascalia_copertina,temi,tags",,2026-04-19T08:53:25.954617
4389b44b-2c1b-4c49-b4e1-5ef52bf8c4f9,i-like-it-but-only-sometimes,fd3603e9-a9ac-49c3-ac41-a90cc2e1635f,ok,"categoria_menu,forma,tema_label,temi",,2026-04-19T08:53:26.054765
439935f6-d2e0-430e-a2d2-6d83393e2f74,the-most-beautiful-moment,279db387-e7b5-4266-8281-c1ae962a3796,ok,"categoria_menu,forma,tema_label,didascalia_copertina,temi",,2026-04-19T08:53:26.069490
43c609dc-e034-479a-9c4d-40562dee5a92,words-set-free-a-mothers-half-serious-diary-of-raising-a-disabled-childa-review,9bc6f78f-0cf4-4287-b352-1f5d287f6224,ok,"categoria_menu,forma,tema_label,didascalia_copertina,temi",,2026-04-19T08:53:26.315166
43b094d3-abbf-4dde-9040-f022992437e1,what-enchants-me-when-i-bring-my-children-to-fede-e-luce,fdce94d1-a0c1-42ab-bd57-a278641229ce,ok,"categoria_menu,forma,tema_label,didascalia_copertina,temi,tags",,2026-04-19T08:53:26.260316
43d072f0-46a6-4688-b720-e9ae4160ef7c,stars-of-the-eastimages-from-faith-and-light-communities-in-the-middle-east,812f38a4-b141-41f0-8813-430f0f327bdc,ok,"categoria_menu,forma,tema_label,temi,tags",,2026-04-19T08:53:26.402930
43eaf7eb-4bae-4a3e-8c77-f7bd04d1732c,light-as-a-butterfly-on-anorexia-hunger-for-love-and-recovery,7d86978d-f45c-403a-ad46-13354163267a,ok,"categoria_menu,forma,tema_label,didascalia_copertina,temi",,2026-04-19T08:53:26.410269
43ecb800-d479-46eb-893f-ccd4e9f9600b,newsletter-no-7-the-chair-and-the-study,45290a31-8ada-4402-b6f0-80364805c550,ok,"categoria_menu,forma,tema_label,temi",,2026-04-19T08:53:26.590076
43ecfac0-3612-40e0-b2d0-6b721251e18f,prayer-with-maria-teresa,8c63ca19-7279-4584-a2fb-ef22e329e8c7,ok,"categoria_menu,forma,tema_label,temi,tags",,2026-04-19T08:53:26.637595
43ed6d7c-12ca-45c0-aa76-45b33814cf9c,goodbye-alessandro,27e2ae15-119d-42eb-8da8-1b14d3d52baf,ok,"categoria_menu,forma,tema_label,didascalia_copertina,temi",,2026-04-19T08:53:26.725210
43fad2be-7668-4a7b-9624-af1f766abf0a,scout-leaders-gather-to-welcome-a-child-with-disabilities,7f634e4b-a81c-4769-8cad-d1cf2a522818,ok,"categoria_menu,forma,tema_label,temi,tags",,2026-04-19T08:53:26.772203
4443d89a-467e-4381-8cbb-f32a4929f27b,a-christmas-lullaby-ancient-carol-transcribed-by-a-child,d93f4ba3-267a-4554-ba8c-042bc768c432,ok,"categoria_menu,forma,tema_label,didascalia_copertina,temi",,2026-04-19T08:53:26.951670
43fcc267-6336-43e9-a136-aa13da203b73,the-kitchen-door-is-always-locked,f6ce9949-bc25-40cf-93ce-6b1b76a9a570,ok,"categoria_menu,forma,tema_label,temi,tags",,2026-04-19T08:53:26.920933
444deebc-018b-4139-a164-37ed746ee536,extraordinary-lives,76059b3a-c3fb-4aa6-86a3-56c3a5e99524,ok,"categoria_menu,forma,tema_label,didascalia_copertina,temi",,2026-04-19T08:53:27.009031
4454448d-7363-4946-b45e-a8e65b9038cb,this-year-i-finally-stayed-off-the-snow,2fc8e10a-f4d8-4778-a6f8-5689c11fb727,ok,"categoria_menu,forma,tema_label,didascalia_copertina,temi",,2026-04-19T08:53:27.080834
4480973e-b49a-4949-bce4-1e31512b84a3,a-beautiful-spring-feastwith-room-for-improvement,3f45bbb3-ffce-4fce-b757-0ddb62c1fe19,ok,"categoria_menu,forma,tema_label,didascalia_copertina,temi",,2026-04-19T08:53:27.250882
4470bcc9-b9e5-4a5d-ad90-b3d519be4247,hidden-gifts-discovering-what-people-with-disabilities-can-do,bbd4646c-f567-4a22-a81d-82fe50330644,ok,"categoria_menu,forma,tema_label,temi",,2026-04-19T08:53:27.228695
448de2c5-2ec4-41f2-b611-021f88f5f72a,ombre-e-luci-no-9-1985,dc6125e9-f66a-4d91-93a1-bdfa1dae4db4,ok,"categoria_menu,forma,tema_label,temi",,2026-04-19T08:53:27.372044
44827c86-5fb5-40fc-8d72-3b53fc3cea1f,dialogo-aperto-letters-n-172,54b8362b-9137-44fe-93d0-93d5e06218a3,ok,"categoria_menu,tema_label,didascalia_copertina,temi,tags",,2026-04-19T08:53:27.318151
44937e21-10c6-4bf6-87be-de9f26de6b91,aging-with-intellectual-disability-new-challenges-new-horizons,a5c81dc4-73eb-4f36-811e-6db0f3f628ce,ok,"categoria_menu,forma,tema_label,temi",,2026-04-19T08:53:27.541278
449bdc05-a429-4bb6-85e0-87a46e450a53,not-a-saint,40579869-56c2-4cd7-9099-1555dd007717,ok,"categoria_menu,forma,tema_label,temi",,2026-04-19T08:53:27.574731
449cf29a-27b6-4b42-b8a5-ec7415585514,a-true-story,125e2980-b9c2-41af-a05e-a59abe178c1e,ok,"categoria_menu,forma,tema_label,didascalia_copertina,temi",,2026-04-19T08:53:27.620953
449f2758-9d97-4cf4-8559-737291491a3a,lanno-della-disabilita-nelle-serie-tv-en,00043fb3-65a5-4d82-8506-01cc9f662990,ok,"categoria_menu,forma,tema_label,didascalia_copertina,temi",,2026-04-19T08:53:27.703758
44b70faa-928c-44d2-9ef1-7105cf0ae05a,standing-with-her,3248acde-0880-4590-a5cc-da87eddc3969,ok,"categoria_menu,forma,tema_label,didascalia_copertina,temi,tags",,2026-04-19T08:53:27.771652
44d62ff5-885f-46bd-8ebf-478ac41402b0,a-priests-mission-in-the-fede-e-luce-community,26f669bb-bf6b-4dd2-b600-5d1b78cac8b1,ok,"categoria_menu,forma,tema_label,didascalia_copertina,temi,tags",,2026-04-19T08:53:27.832708
44e458c3-29ff-4938-a560-f906da1efd55,work-concerts-research-and-friends,a67f04f3-8387-4e9e-b1f7-13ce59c3e3c6,ok,"categoria_menu,forma,tema_label,didascalia_copertina,temi",,2026-04-19T08:53:27.869326
44ec827a-5d1d-4394-89ad-2e95aabee157,on-the-side-of-lazarus,06f87b56-2a7b-494a-85e3-52023cc89d43,ok,"categoria_menu,forma,tema_label,didascalia_copertina,temi",,2026-04-19T08:53:27.997919
45116433-34f9-4171-8007-d7d6ebc0afd4,doing-and-being-there,d8dd6a6f-357c-4644-8685-41d894bbbe6b,ok,"categoria_menu,forma,tema_label,didascalia_copertina,temi",,2026-04-19T08:53:28.062362
451b3f20-cba9-4738-a3cf-09ae2dd3a0b3,open-forum-73,dfc1cb56-6e1a-4a3b-8bf5-33390a2d8c62,ok,"categoria_menu,forma,tema_label,didascalia_copertina,temi",,2026-04-19T08:53:28.116134
453bad6c-04f1-4831-b836-7afc86bd4461,18-questions-about-faith-and-light,c65c88f4-fa98-4e95-9d61-8eeacfd49c8a,ok,"categoria_menu,forma,tema_label,temi,tags",,2026-04-19T08:53:28.205453
4553993b-1036-43fb-9804-14e068f34c67,a-little-school-to-grow,c8faa863-2ab6-4cc4-87f6-40b1a96b7bac,ok,"categoria_menu,forma,tema_label,temi",,2026-04-19T08:53:28.306623
455a3a4b-7496-4410-9387-32eb2f15bfda,giulia-isnt-beautiful,a5c2ff63-caf1-4f87-9175-42b684ecadb1,ok,"categoria_menu,forma,tema_label,didascalia_copertina,temi",,2026-04-19T08:53:28.346541
4560fc3c-b490-4154-8cc2-776492165bd7,add-a-place-at-the-tableadopting-children-with-disabilities,7caa1569-8a3c-4f26-90b7-1cba5487a77f,ok,"categoria_menu,forma,tema_label,didascalia_copertina,temi,tags",,2026-04-19T08:53:28.380296
4576bb8f-4b41-455e-83f4-44b34fc10207,undertrained-teachers-in-kindergarten,4f089d80-7909-48df-a3c8-0fe772937a43,ok,"categoria_menu,forma,tema_label,didascalia_copertina,temi,tags",,2026-04-19T08:53:28.526835
457dc3eb-d420-492a-8240-af249688be68,come-possiamo-accompagnare-piccole-e-grandi-crisi-en,04322c36-1c56-4ae1-adbf-71b18c8fbdc7,ok,"categoria_menu,forma,tema_label,didascalia_copertina,temi",,2026-04-19T08:53:28.624638
457d0cfc-9440-4aa3-9c95-8969340299c7,summer-reading-no-18,305e85e4-0399-4138-9dd6-f91b52ead613,ok,"categoria_menu,forma,tema_label,temi,tags",,2026-04-19T08:53:28.612351
458497fc-6b7f-4f69-9275-cd181828a2ff,an-international-gathering-preparation-and-prayer,1a4b6fe7-ca00-42bc-89df-e556d0b42688,ok,"categoria_menu,forma,tema_label,temi",,2026-04-19T08:53:28.741698
4593ee99-a571-4c06-9c7b-364125bd1b40,christ-among-the-alpinia-review,808c0376-ead3-4fdb-85d5-909c1d160367,ok,"categoria_menu,forma,tema_label,temi",,2026-04-19T08:53:28.817896
45cdc4ac-21c9-46ab-a5b1-362d4fbaf779,rome-backs-a-new-pathway-for-mothers-with-disabilities,6587a7cb-0f32-4b7a-bf6d-4e3735d73e53,ok,"categoria_menu,forma,tema_label,didascalia_copertina,temi",,2026-04-19T08:53:28.930680
45d2f53c-316a-4e16-9d8e-ee9365034fc9,getting-by-hanging-on,0f9f90fe-b8b8-4d80-8507-1457464e2200,ok,"categoria_menu,forma,tema_label,didascalia_copertina,temi",,2026-04-19T08:53:28.977637
45de3512-d56f-4c20-a3ea-a008900708f9,life-is-truly-beautiful-and-heres-why,6030885e-ffa6-4e73-b696-c26d5d8ab6d6,ok,"categoria_menu,forma,tema_label,didascalia_copertina,temi",,2026-04-19T08:53:29.039667
4603c6fb-1fd7-484c-82da-ad6551e64464,two-callings,622c04ed-4233-441a-bc6b-438c4e530d5a,ok,"categoria_menu,forma,tema_label,temi,tags",,2026-04-19T08:53:29.132785
4606660e-c43f-45fd-a1bb-48d0de228f93,salvatore-pediatrician-with-achondroplasia,33f461cc-50a6-4c10-90f5-f18d5a433de6,ok,"categoria_menu,forma,tema_label,didascalia_copertina,temi",,2026-04-19T08:53:29.237269
4608baaa-18cc-4b4d-aa76-59d631e3a4e6,sport-and-music-the-path-to-growth,b360d5b8-461a-4b28-a2bc-3e72409396a5,ok,"categoria_menu,forma,tema_label,temi",,2026-04-19T08:53:29.293370
460e92c1-1e74-48fd-ba45-fcb05fe6699b,different,3cabe1a9-ef53-4dc8-a32f-6cebef4fd0ff,ok,"categoria_menu,forma,tema_label,temi",,2026-04-19T08:53:29.312039
46320e3b-0d65-4f97-b18f-bf344a2cb12d,stories-entrusted-to-us,986d8424-47e7-49fc-af84-f23e5016dbb9,ok,"categoria_menu,forma,tema_label,didascalia_copertina,temi,tags",,2026-04-19T08:53:29.432842
464717ae-7fb1-4d9a-b7f4-afa4f4a2590d,casa-loic-opens-its-doors-a-workshop-school-for-young-people-with-handicaps,cbec5a18-4105-43d4-a36a-8453418c5811,ok,"categoria_menu,forma,tema_label,didascalia_copertina,temi",,2026-04-19T08:53:29.561900
4653183b-5811-4db9-b786-4b012f957a12,handle-with-care-a-review-of-marco-boves-book,0702e47c-7c4c-497a-a028-42295e05c287,ok,"categoria_menu,forma,tema_label,didascalia_copertina,temi",,2026-04-19T08:53:29.637365
4654ce8c-749f-40a4-899b-6833c5f7ffe8,a-month-at-larche-1978,c54b3518-4145-498c-8d75-0ff9f26d5f41,ok,"categoria_menu,forma,tema_label,temi,tags",,2026-04-19T08:53:29.664535
4674ddcb-c0b6-4f71-bc51-abf5dff5a345,what-do-you-hope-for,87789714-c3bc-421f-b841-491776865e80,ok,"categoria_menu,forma,tema_label,didascalia_copertina,temi",,2026-04-19T08:53:29.792303
467c5d36-e26f-49d3-9571-88904aa604e4,me-in-pompei,ba2842f2-e352-42cc-9f77-b2f61df71a08,ok,"categoria_menu,tema_label,didascalia_copertina,temi",,2026-04-19T08:53:29.856222
4681a4b5-af66-4d30-9efa-734ca5edf5e5,relationship-and-family,a456b0a3-3179-4831-90e4-2bacab6ad094,ok,"categoria_menu,forma,tema_label,temi",,2026-04-19T08:53:29.986117
468958c2-d7dc-4ede-b014-e5ed0c17510f,my-brother-marco,549a533a-1d3c-47d5-a680-3edcec08a501,ok,"categoria_menu,forma,tema_label,temi,tags",,2026-04-19T08:53:30.051560
468de99f-1b7b-4088-b6a7-300bddd0071a,thank-you-for-letting-me-do-it-myself,18edb49a-6229-41be-91c6-37b85c3e0d24,ok,"categoria_menu,forma,tema_label,temi",,2026-04-19T08:53:30.133402
46dbe72a-d9cd-48ae-859b-2266fa36238b,breaking-ground,f064a87d-a6f8-49c9-bf90-125f50fe0751,ok,"categoria_menu,forma,tema_label,didascalia_copertina,temi,tags",,2026-04-19T08:53:30.196738
46ed41bf-9a18-497f-93f3-007b23644bdb,someone-is-waiting,13c3091d-541e-4f9d-96df-f4780687f266,ok,"categoria_menu,forma,tema_label,didascalia_copertina,temi,tags",,2026-04-19T08:53:30.260279
470b1584-285e-44e5-9db8-80ed372db697,a-day-at-the-quirinal,406aa630-fda9-4847-a83b-812c92e31e16,ok,"categoria_menu,forma,tema_label,didascalia_copertina,temi",,2026-04-19T08:53:30.442872
46f5baa4-59fd-4d8d-b576-a1dff6586997,google-maps-now-shows-accessible-routes,86c02a4e-2073-4cf6-92a7-54128d9bcb83,ok,"categoria_menu,forma,tema_label,temi,tags",,2026-04-19T08:53:30.369934
473402d7-3fe7-45a4-9e7f-b3ae437e76f1,evas-crime,f9ff7767-5e87-4355-a17a-86e66d809cfc,ok,"categoria_menu,forma,tema_label,didascalia_copertina,temi",,2026-04-19T08:53:30.596811
47284250-468a-4fe8-a801-1b4005c26ebf,rosamaria-8312,831229ee-6cd8-41e1-a7f1-fae071436325,ok,"categoria_menu,forma,tema_label,didascalia_copertina,temi,tags",,2026-04-19T08:53:30.555871
473c3c1d-5db1-4009-90b0-b131792e7733,how-children-see,21992d61-9324-4d65-a019-8cf89f4d68dd,ok,"categoria_menu,forma,tema_label,didascalia_copertina,temi,tags",,2026-04-19T08:53:30.731445
4746110e-8bd5-4bf4-ac66-107ccdca3aea,raising-a-child-with-down-syndrome-a-parents-guide,6177c5bd-2b18-442b-a7e6-ee178e2d8cca,ok,"categoria_menu,forma,tema_label,temi",,2026-04-19T08:53:30.773217
47565bed-adcf-4f22-a381-4c67e0e016e0,my-brother-chases-dinosaurs-the-book-and-the-film,d11e208e-a370-474f-b41e-1737962d019a,ok,"categoria_menu,forma,tema_label,temi,tags",,2026-04-19T08:53:30.871725
47563b84-b2d9-487d-8d80-4ecb828ea142,faith-and-light-issue-12,a5651303-f438-4bfc-8101-fc1380e8fd05,ok,"categoria_menu,forma,tema_label,didascalia_copertina,temi,tags",,2026-04-19T08:53:30.840955
476b74bb-931b-4a85-a69b-fcc8406fa591,to-leave-or-stay-migration-in-the-films-of-venice-80,eaeae110-9fdd-4995-9e81-92fa686070c1,ok,"categoria_menu,forma,tema_label,didascalia_copertina,temi",,2026-04-19T08:53:31.074829
475a50cd-6f8b-4668-91a3-e0519a9c6d87,those-who-stay-must-understand-a-review,4fdc0d9f-4c31-4561-aa85-df246ef425cc,ok,"categoria_menu,forma,tema_label,didascalia_copertina,temi,tags",,2026-04-19T08:53:31.058382
479b191a-b4bb-462d-a4b9-beb0a2cefa32,an-erasmus-year-of-faith-and-light,89e7d87d-8bc1-4744-9037-40659a14c8c0,ok,"categoria_menu,forma,tema_label,didascalia_copertina,temi",,2026-04-19T08:53:31.224156
47d3e9bd-00b8-4a63-8d2d-2535f8b5b6c8,airbnb-acquires-accomable-opening-travel-to-disabled-guests,ba8990e3-e3b2-46b1-a61f-1963fe823716,ok,"categoria_menu,forma,tema_label,temi,tags",,2026-04-19T08:53:31.243728
47ec1708-22b8-45f2-a37f-9606f788adac,italy-wins-first-wheelchair-hockey-world-championship,d917254e-45a0-48ad-adef-8c0abe3c08ef,ok,"categoria_menu,forma,tema_label,temi,tags",,2026-04-19T08:53:31.429132
48031d2c-2065-49ef-bc06-4cc6cdc91e79,emotion-has-no-voice,bcebf5d2-05ad-4c86-ad76-579835bbb7e7,ok,"categoria_menu,forma,tema_label,didascalia_copertina,temi,tags",,2026-04-19T08:53:31.443983
4827f112-6479-4fd1-8563-8586a4ae0d4f,i-take-the-bus-alone,ec6e1d40-4cc6-4df8-b10d-2361981fabd2,ok,"categoria_menu,forma,tema_label,temi",,2026-04-19T08:53:31.507231
483a0cc7-e662-49e9-9a7c-52c967d27382,from-that-closet-5c05,5c052c19-9b39-40ce-8413-aab26f4332bf,ok,"categoria_menu,forma,tema_label,didascalia_copertina,temi",,2026-04-19T08:53:31.547278
48571668-6a0d-4228-86b6-df654909fbc2,from-care-to-personhood-six-workshops-by-vedere-oltre,36730e7b-9859-4223-82f0-4fd27a2bb6b2,ok,"categoria_menu,forma,tema_label,didascalia_copertina,temi,tags",,2026-04-19T08:53:31.746592
4843d0cd-39ff-4ab0-b244-41b31bf8344d,summers-here,a3a15452-1a2d-4b8d-8506-ad9573fc30df,ok,"categoria_menu,forma,tema_label,temi",,2026-04-19T08:53:31.732067
48700dc9-3735-4263-a21e-362463e76ac9,news-from-the-provinces-no-149,f1c2ce96-c398-4126-a8f0-8481aff22c9c,ok,"categoria_menu,forma,tema_label,didascalia_copertina,temi",,2026-04-19T08:53:31.798955
48b05975-8bbc-492f-91f1-298f432e32fc,prader-willi-syndrome,fd834213-8c1d-430d-86f8-b8f5839ae902,ok,"categoria_menu,forma,tema_label,temi,tags",,2026-04-19T08:53:31.870603
48e3a2ce-5497-49b6-beba-e8bf9c834444,such-courage-such-hope,5a7e420b-2a1c-44b2-adc4-4134386474f8,ok,"categoria_menu,forma,tema_label,didascalia_copertina,temi",,2026-04-19T08:53:32.108915
48e9bb1d-cfc6-41e9-955a-9f90ce3bd4e9,open-dialogue-1,947142e7-ef03-46e4-b9bb-21d06422fe8b,ok,"categoria_menu,forma,tema_label,temi",,2026-04-19T08:53:32.194202
48e817db-c8c3-4e0e-85e8-6d611a2f96ad,jillian-mercados-revolution,12b1b32e-380c-45cf-8e2c-47b6aa24c1b9,ok,"categoria_menu,forma,tema_label,temi",,2026-04-19T08:53:32.177191
49197a7a-5745-4c5f-a1b6-1eca8616c182,its-raining-cows-new-books-new-ways-of-telling,075d6272-7fdf-4e96-9309-579d85a67001,ok,"categoria_menu,forma,tema_label,didascalia_copertina,temi",,2026-04-19T08:53:32.289477
493207b8-37e9-4d6d-9e6f-1b1b9ad50aca,the-2002-woman-of-the-year-mariangela,cc78e77a-5198-42fc-aee4-78676e38fd93,ok,"categoria_menu,forma,tema_label,temi",,2026-04-19T08:53:32.416724
494372b4-eca1-4317-94c5-d43a7bee3a7c,why-does-disability-exist-is-god-responsible-for-my-handicap,c2da4241-ce1d-4d4f-9ab9-8b0b8e42de0a,ok,"forma,didascalia_copertina,temi",,2026-04-19T08:53:32.494646
495a0d45-2b0c-4798-b2b1-bf316b2c2228,living-together-not-just-side-by-side,88953eda-da4a-4303-8c8d-6fb2aef49a09,ok,"categoria_menu,forma,tema_label,didascalia_copertina,temi",,2026-04-19T08:53:32.495290
49625786-2af8-4336-85c5-b35c81368d56,vita-fede-e-luce-no-28,2c54f5b0-4735-4201-8ef3-8d60a8d31bdc,ok,"categoria_menu,forma,tema_label,didascalia_copertina,temi,tags",,2026-04-19T08:53:32.602196
496b64d3-3520-4c50-ae60-2843573c4b95,go-roma,baa9d8f2-c545-4661-937b-e9f537abee89,ok,"categoria_menu,forma,tema_label,temi",,2026-04-19T08:53:32.781309
4974f36f-1e0d-41c8-99e2-da9e9cf7c123,agnese-spotornos-aspy-girl-a-review,8a5e9701-fb10-43ec-aab0-141c57d4806c,ok,"categoria_menu,forma,tema_label,temi",,2026-04-19T08:53:32.845303
4978e419-4733-4997-8e63-2b0fcded7bc6,teaching-children-with-disabilities-to-dress-themselves,129bf33c-be13-427c-8b98-2cb8d2ced332,ok,"categoria_menu,forma,tema_label,didascalia_copertina,temi,tags",,2026-04-19T08:53:32.895398
498393be-03d6-45ec-844d-9c08478814a0,its-hard-to-say,8353237e-28e1-4d50-b4b7-12353cd196dd,ok,"categoria_menu,forma,tema_label,temi,tags",,2026-04-19T08:53:32.959646
499159a7-1f95-44c2-9e1a-dc259025aca4,waited-for-beloved-transformed,7d38e65e-862e-4174-8339-f7fbe69a916f,ok,"categoria_menu,forma,tema_label,didascalia_copertina,temi",,2026-04-19T08:53:33.048345
49be73c1-a980-4651-8caa-8b80792e83dd,opening-our-eyes-labilitas-mission,e6dc1528-a9b7-4559-880b-f62321eed128,ok,"categoria_menu,forma,tema_label,didascalia_copertina,temi",,2026-04-19T08:53:33.141688
49eb0e34-72e4-4ff9-b8ab-86247b9b5777,sanremo-as-far-as-i-could-see-3,5c73762b-aee5-4fc0-81c8-82ec33c51f75,ok,"categoria_menu,forma,tema_label,didascalia_copertina,temi,tags",,2026-04-19T08:53:33.213039
49f85be4-b7ab-4d33-a837-e4696284281b,shedding-light-on-migration,9935324d-96d5-4b14-a928-10177e29dbbf,ok,"categoria_menu,forma,tema_label,didascalia_copertina,temi,tags",,2026-04-19T08:53:33.257268
4a026e47-e636-4a97-8792-1f0e356aef12,she-was-our-consolation,d5e70269-295f-4547-8839-b195b9ba4388,ok,"categoria_menu,forma,tema_label,didascalia_copertina,temi,tags",,2026-04-19T08:53:33.328741
4a10c4cb-8f7b-41bf-bd8c-ee33f54dfb16,christmas-at-fede-e-luce-how-the-communities-celebrate,aa2fcc2c-fe74-4cd5-8cb5-0edc87949b17,ok,"categoria_menu,forma,tema_label,didascalia_copertina,temi,tags",,2026-04-19T08:53:33.475193
4a3d9002-4e38-4a6f-9495-d6296286dcf9,letters-to-jeandon-marco-bove,cab47806-de28-4469-a937-4d8ecd2c038d,ok,"categoria_menu,forma,tema_label,didascalia_copertina,temi",,2026-04-19T08:53:33.549595
4a47ed2f-609c-42f7-b826-3a1533d47c3d,descending-the-stairs,3930b9f7-b0e1-47a7-8352-075d8b2cd347,ok,"categoria_menu,forma,tema_label,didascalia_copertina,temi,tags",,2026-04-19T08:53:33.555192
4a5f2311-a21c-4f13-8dac-cd4c29a0186e,goodbye-jean,185a5742-4b65-467d-bdf4-260c76682029,ok,"categoria_menu,forma,tema_label,didascalia_copertina,temi",,2026-04-19T08:53:33.621757
4a77d003-e7fe-47f3-8b27-fc6819135d2a,employment-for-people-with-down-syndrome,ce91b045-d8ce-46bf-bfe0-293048682cf8,ok,"categoria_menu,forma,tema_label,didascalia_copertina,temi",,2026-04-19T08:53:33.795596
4a83f3b3-ef15-4260-bcc9-ebc550d755b5,vita-fede-e-luce-n-11-un-campeggio-rocca-papa-ora-comincia-bello-en,03a0653f-6efe-4185-9667-e4bf39525c32,ok,"categoria_menu,forma,tema_label,didascalia_copertina,temi,tags",,2026-04-19T08:53:33.889279
4a7faf57-6c31-457a-9f21-b2ac9f1693b1,when-they-grow-up,d2d4527c-963f-4d7e-9f8d-60a69c56c360,ok,"categoria_menu,forma,tema_label,didascalia_copertina,temi,tags",,2026-04-19T08:53:33.842728
4a8d472c-55d3-45e7-ae23-83c8cc6fcfe2,the-most-like-him,1c2cb0a5-f1c4-44e0-994f-c82eed672721,ok,"categoria_menu,forma,tema_label,didascalia_copertina,temi",,2026-04-19T08:53:33.957644
4a9b6ace-ddad-4897-9a37-90c1d0d925b9,between-a-conclave-and-a-session-of-self-discovery,9cfad386-e7e7-40f2-956b-5318b15237a8,ok,"categoria_menu,forma,tema_label,temi",,2026-04-19T08:53:34.089322
4ad8ee49-e43b-45df-b861-34b5d5713274,a-nativity-scene-at-fede-e-luce,3774805a-f4af-46e6-8b38-3a39cfa0c37d,ok,"categoria_menu,forma,tema_label,temi",,2026-04-19T08:53:34.200121
4aaa3eb0-9a97-4e77-8eea-679f91df96e2,alfedena-1978-e2a1,e2a1012e-b8b1-4bf5-98f0-4dd923b143eb,ok,"categoria_menu,forma,tema_label,temi,tags",,2026-04-19T08:53:34.199770
4ade0406-d388-4e24-bb88-b4e21d36c483,my-first-fede-e-luce-camp,f0ce017c-7b59-4f86-8392-f748607d593c,ok,"categoria_menu,forma,tema_label,didascalia_copertina,temi",,2026-04-19T08:53:34.309404
4ae31f54-5a3f-4903-82fc-7703987d529f,the-family-todaywhat-are-we-missing,fadf682f-24bd-4a23-a561-51bccec489d1,ok,"categoria_menu,forma,tema_label,temi",,2026-04-19T08:53:34.381289
4afc05de-1c44-4997-b191-bf98058a65b7,discards-or-cornerstones,2a297686-7c28-442d-966b-5ab6bba0914b,ok,"categoria_menu,forma,tema_label,temi",,2026-04-19T08:53:34.499817
4afc6045-c57e-4716-ae94-548352ee2770,toward-evening,0f60b383-26e5-4568-bc4e-1508341cabdd,ok,"categoria_menu,forma,tema_label,temi",,2026-04-19T08:53:34.552913
4b153c7c-c9dd-4520-b00a-590788100556,ombre-e-luci-issue-12-1986,6c674946-e2aa-43f8-9032-d64bec83c3e8,ok,"categoria_menu,forma,tema_label,temi",,2026-04-19T08:53:34.618768
4b2ec248-8250-46d1-bc93-56b214f6f607,pilgrims-on-film-sacred-journeys-from-lourdes-to-mecca,48a5edb0-50e4-49f2-a6fa-c7ef30c35d99,ok,"categoria_menu,forma,tema_label,didascalia_copertina,temi,tags",,2026-04-19T08:53:34.694419
4b6571c7-49e3-4786-b3b1-6ad4fd3b4358,open-dialogue-no-122,16a8c89f-e515-4ee1-9b41-bcf010c9321a,ok,"categoria_menu,forma,tema_label,didascalia_copertina,temi",,2026-04-19T08:53:34.855384
4b34a737-00b4-4ee4-89e4-96a6b0791b9b,why-dont-you-take-him-to-lourdes-a-review,432f2ef3-f6f3-4580-b4b2-6b3e9e8214dc,ok,"categoria_menu,forma,tema_label,didascalia_copertina,temi",,2026-04-19T08:53:34.805850
4b81b63a-5cd1-434c-8103-06376f906c35,my-pregnancy-a-different-journey,3bf83a2a-f06d-4954-a571-cc7149691516,ok,"categoria_menu,forma,tema_label,didascalia_copertina,temi",,2026-04-19T08:53:34.909295
4b845666-7f8f-44eb-9a83-a08dacde4c44,ripples-in-the-water,20c33b80-4e33-419c-8b47-e192660167c3,ok,"categoria_menu,forma,tema_label,didascalia_copertina,temi,tags",,2026-04-19T08:53:35.031594
4bb529fa-3e0a-4ef5-89c8-babd890fdc08,i-never-miss-a-meeting,c4b7b71c-b7c7-455d-ae9c-96de671500fc,ok,"categoria_menu,forma,tema_label,didascalia_copertina,temi",,2026-04-19T08:53:35.177743
4bce7e35-4cfa-4e4e-832d-7e9dd29214b3,almond-a-novel-of-emotional-awakening,7a0fc4d6-cefa-40e3-bc86-969fc2a8919f,ok,"categoria_menu,forma,tema_label,didascalia_copertina,temi",,2026-04-19T08:53:35.191539
4bd334bd-1174-4f3a-8dec-766f3a3c40f3,to-my-daughter,9b0a1203-8008-4024-8604-9214d29089c1,ok,"categoria_menu,forma,tema_label,didascalia_copertina,temi",,2026-04-19T08:53:35.239310
4bd8b62f-d0cc-4b4c-97d9-ee88726ad749,christophers-storya-wonder-book-review,bb2bde6e-f5d0-42bc-9df5-4ade569bcfc3,ok,"categoria_menu,forma,tema_label,didascalia_copertina,temi",,2026-04-19T08:53:35.379163
4bde0c65-7671-4c3e-93d0-e6f67a50f25d,the-fear-of-love-a-review,90a9d198-78bd-44ee-9e3a-68043587eeb9,ok,"categoria_menu,forma,tema_label,temi",,2026-04-19T08:53:35.480142
4bee39fd-3ac9-4423-a67a-661322cbdddf,world-down-syndrome-day-2018-what-i-bring-to-my-community,14c131df-8f16-4471-9fd3-afe90f4224fa,ok,"categoria_menu,forma,tema_label,temi,tags",,2026-04-19T08:53:35.550620
4bfc43bc-715d-447a-ac81-9bdcfa84a3e2,in-memoriam-aktion-t4-the-exhibition,72acd395-e9a9-46ae-8037-5ec45f5c43e0,ok,"categoria_menu,forma,tema_label,temi",,2026-04-19T08:53:35.570544
4c4292ba-0cd8-429a-92dd-5654fda6680a,tending-the-land-and-the-people-left-in-your-care,f80331e0-e23a-4c2a-a0b6-5da321fe7ef4,ok,"categoria_menu,forma,tema_label,temi",,2026-04-19T08:53:35.700622
4c6672c5-4f73-488d-8b14-acd6d9514edd,the-beginning-of-a-new-life,16c5e2bd-6d79-4e25-ae5f-52a34a5d54a0,ok,"categoria_menu,forma,tema_label,temi",,2026-04-19T08:53:35.781014
4c9a15c6-f7a5-4f64-856f-3ebd45121529,walking-together-with-you,532c83fd-a44c-4d41-a5ec-13131ffac9e1,ok,"categoria_menu,forma,tema_label,didascalia_copertina,temi",,2026-04-19T08:53:35.888889
4c880935-7370-40aa-9095-c1fdcd250d15,breaking-the-news-of-death-in-our-community,aa8b2d60-e6e4-4324-9f11-1a5e318cf04c,ok,"categoria_menu,forma,tema_label,didascalia_copertina,temi,tags",,2026-04-19T08:53:35.839387
4ca68ad6-3668-4305-981c-092eed90aa3b,ten-steps-to-positive-thinking,b9f1575a-0c5e-4432-b063-f4595924d6f6,ok,"categoria_menu,forma,tema_label,didascalia_copertina,temi",,2026-04-19T08:53:36.044895
4cb8bdc8-65b3-4e41-99c9-8efc3e742176,we-did-it-stories-of-solidarity-weve-reported,5817aa23-b50a-404d-94d9-0f663511c3b5,ok,"categoria_menu,forma,tema_label,temi",,2026-04-19T08:53:36.113923
4cbdb7dc-7c51-47fe-8b16-bfa321bc60de,pino-and-conny-say-i-do,facb0262-f02a-409d-9c7e-c6124bc06da5,ok,"categoria_menu,forma,tema_label,didascalia_copertina,temi",,2026-04-19T08:53:36.177641
4cda6f3f-57f9-4592-a33e-fd6889a30861,new-initiatives-for-people-with-disabilities,30e8263e-1ed0-45f4-b44f-4d9ce521dcf9,ok,"categoria_menu,forma,tema_label,temi,tags",,2026-04-19T08:53:36.191678
4cdf1f22-04f4-444d-9ef4-5e2dd9a24848,a-letter-to-a-doctor-the-birth-of-a-disabled-child,c2c306dd-5595-4984-9972-28bed6e5e34f,ok,"categoria_menu,forma,tema_label,didascalia_copertina,temi",,2026-04-19T08:53:36.317456
4d0fd3a2-3068-4933-89d0-5e920b418a88,a-mission-to-the-end,4804df4a-a2e0-4670-a915-8453d5ca3523,ok,"categoria_menu,forma,tema_label,temi,tags",,2026-04-19T08:53:36.416051
4d130811-282a-4e70-a9b7-17854866b921,on-the-himalaya-with-disabled-teenagers,ca8423dc-a280-40e5-832a-ab133a588786,ok,"categoria_menu,forma,tema_label,temi",,2026-04-19T08:53:36.496899
4d59b95e-fa97-45c7-813f-cc880ba5e2c1,the-apple-is-only-postponed,0af864df-47c8-416e-81bb-3d5e21b0aeda,ok,"categoria_menu,forma,tema_label,temi",,2026-04-19T08:53:36.506618
4d89d9dd-4ada-4c9c-a95d-db86812150ad,when-universities-led-the-way,d8b25916-8da7-4be8-b878-c7fd27c28b56,ok,"categoria_menu,forma,tema_label,didascalia_copertina,temi",,2026-04-19T08:53:36.608454
4d976085-d750-49e0-a313-b7602ea38765,how-fede-e-luce-changed-my-life,7a0c4438-41d9-4f43-8529-a01546a0d424,ok,"categoria_menu,forma,tema_label,temi,tags",,2026-04-19T08:53:36.666565
4d99879c-1f5f-48f1-995e-766552ded000,abib-mohamed-and-naima,c95089f3-0e02-43f1-9b86-842094b6abe4,ok,"categoria_menu,forma,tema_label,didascalia_copertina,temi",,2026-04-19T08:53:36.813448
4dbe4824-1c6c-4ef5-99bd-5e42b7f13a32,giulia-also-known-as-clown-cicciola,12f8fe0f-daf2-4885-b8b3-a66db62c7350,ok,"categoria_menu,forma,tema_label,temi",,2026-04-19T08:53:36.824436
4dcd9ac4-5abb-4a00-891c-bfcf251cf365,hold-her-gaze,b251f14b-e712-475a-8730-bd7fb2c2dfce,ok,"categoria_menu,forma,tema_label,temi",,2026-04-19T08:53:36.874971
4dd04cef-5dca-4c85-8f52-3b832b77293f,grandparents-as-spiritual-guides,93d0016b-a2b4-4bcf-9f59-1f278ea2b396,ok,"categoria_menu,forma,tema_label,temi,tags",,2026-04-19T08:53:36.994420
4dd11822-bb94-4a1b-ab77-5d5df94fd953,open-dialogue-no-118,d42ed98c-ed5a-4453-b0ee-344d87ee3241,ok,"categoria_menu,forma,tema_label,didascalia_copertina,temi",,2026-04-19T08:53:37.107070
4ded24ff-3a7b-4690-9157-3a525f9ebf2f,pato-always-knows-where-to-find-me,4cbf87d7-b071-456e-b023-a01d34b849ea,ok,"categoria_menu,forma,tema_label,didascalia_copertina,temi",,2026-04-19T08:53:37.141457
4e0457d6-7a87-4348-ad95-0ee3340a1df7,at-a-fede-e-luce-film-screening,4af6062a-0259-4293-8828-abae3ed55011,ok,"categoria_menu,forma,tema_label,didascalia_copertina,temi",,2026-04-19T08:53:37.177093
4e12e583-9653-4430-aab5-cb38e0bf02d0,why-dont-we-understand-each-other,94c83822-b7de-422d-b0b5-b32ce0b19aca,ok,"categoria_menu,forma,tema_label,didascalia_copertina,temi,tags",,2026-04-19T08:53:37.308716
4e21d02f-18aa-466a-b5d2-5701b51f933e,the-forestiere-living-in-community-with-the-most-profoundly-disabled,f64fdec4-93d8-443b-90b1-5458aa36e9e9,ok,"categoria_menu,forma,tema_label,temi,tags",,2026-04-19T08:53:37.438142
4e2a3cf5-0362-4a1e-a525-9263e61be7b3,god-loves-me-as-i-am-book-review,8cf1c49e-ed7b-4b86-9d0c-1f1717d9df8a,ok,"categoria_menu,forma,tema_label,temi",,2026-04-19T08:53:37.522953
4e4bb803-ab46-4edf-88fc-7cea0cf8601a,the-spirit-of-the-lord-is-indeed-upon-marco,1479cbc4-5b6b-4865-835d-ea9d2a524068,ok,"categoria_menu,forma,tema_label,temi",,2026-04-19T08:53:37.555561
4e5999de-7290-4de5-8485-a43693d6c53e,did-you-know,79f0e2fb-f2e9-40de-82ed-1ae074153819,ok,"categoria_menu,forma,tema_label,temi",,2026-04-19T08:53:37.691316
4e5bcada-1a36-4581-8323-e3557466ec88,my-experience-with-romes-social-taxi-service,43763759-dca2-4bcf-9c35-b7c2f338c6c9,ok,"categoria_menu,forma,tema_label,didascalia_copertina,temi",,2026-04-19T08:53:37.771639
4e8afeaf-c234-49b3-a17d-738cec26336d,carlos-christmas,09b6722d-5c4a-4a93-a1c0-2b1c41105d59,ok,"categoria_menu,forma,tema_label,didascalia_copertina,temi,tags",,2026-04-19T08:53:37.835271
4e71f6ec-41d5-4c26-b186-53401f48331b,everyone-has-their-place-in-the-community,d1d4058f-799a-446d-8061-6a81612bb109,ok,"categoria_menu,forma,tema_label,didascalia_copertina,temi,tags",,2026-04-19T08:53:37.796301
4ea34e41-49da-429d-a6d2-1d1be3a29890,rediscovering-what-unites-all-hearts,ea019741-d19b-4002-8fa2-cd0c2664071a,ok,"categoria_menu,forma,tema_label,didascalia_copertina,temi,tags",,2026-04-19T08:53:37.982853
4ec5bf4c-5710-49d5-8023-73a81e3cff72,warm-hands-a-book-review,87077151-12c2-4087-b926-908669d0206a,ok,"categoria_menu,forma,tema_label,didascalia_copertina,temi",,2026-04-19T08:53:38.125964
4ee6dc5f-d8d7-48e0-9098-392bab98c390,a-spark-within-elle-mcnicolls-debut-novel,41d07af8-2fed-4003-8b4f-ce439c6e0784,ok,"categoria_menu,forma,tema_label,temi",,2026-04-19T08:53:38.171871
4edfc301-bb38-45e6-9221-20443b4dcd5c,when-silence-speaks,3214454f-c269-453c-8791-4d01f9391fb4,ok,"categoria_menu,forma,tema_label,temi,tags",,2026-04-19T08:53:38.154673
4f09cabf-3610-4bee-afc2-1b20d9fac98b,creativity-and-disability-simple-innovations-that-make-a-difference,70850f58-b27e-4b7d-b608-a833ac639628,ok,"categoria_menu,forma,tema_label,didascalia_copertina,temi",,2026-04-19T08:53:38.328093
4f10b695-0f86-414b-91ec-bb0e9dd628f4,when-kindness-breaks-a-fathers-story-of-the-swing-at-montanelli-gardens,95f095dc-0f23-405b-ac8a-2da4c4f1198c,ok,"categoria_menu,forma,tema_label,temi,tags",,2026-04-19T08:53:38.490501
4f1ec6c3-ea09-4037-9e27-d8d9a5bb7253,best-wishes-for-all,88d2c7bb-6de1-4d38-9e7c-4396690bcd6b,ok,"categoria_menu,forma,tema_label,temi",,2026-04-19T08:53:38.536628
4f11ed7f-c3f0-4e3d-ac2c-bab06ac57d83,caught-off-guardbut-who-isnt,2317e627-98dc-4eef-93c4-c9c0adadb286,ok,"categoria_menu,forma,tema_label,temi,tags",,2026-04-19T08:53:38.504315
4f377047-f4ec-4f43-a352-644bc4314a25,vittorio-and-aunt-minni,06af2aa8-c56f-48a4-85d5-e6c769491a1d,ok,"categoria_menu,forma,tema_label,temi",,2026-04-19T08:53:38.690066
4f3adf28-3695-4c06-8799-baa5f3ed518c,open-dialogue-no-75,4d683e7c-f9a8-4e6a-8443-de67738c3b59,ok,"categoria_menu,forma,tema_label,didascalia_copertina,temi",,2026-04-19T08:53:38.827187
4f413ffe-3f07-45bf-9331-29efc3df1dd5,i-cheered-for-empoli,0b05f890-34d5-413c-a62b-99abdb037558,ok,"categoria_menu,forma,tema_label,didascalia_copertina,temi",,2026-04-19T08:53:38.857089
4f5d062f-425d-461d-929c-c85b1bd26b7f,hey-champion-how-are-you-up-there,721773cd-55c4-4bce-86d2-72ae44bc39e9,ok,"categoria_menu,forma,tema_label,didascalia_copertina,temi,tags",,2026-04-19T08:53:38.901112
4f6d7856-6419-4271-80fb-55d52965adc5,parties-i-want-and-parties-i-dont,458ff9ce-83c5-4baf-8fe0-03bcd12d370f,ok,"categoria_menu,forma,tema_label,didascalia_copertina,temi",,2026-04-19T08:53:38.977888
4f8642e0-bd3b-45f1-a604-0b3d66f2eed0,a-spiritual-truth-that-shatters-everything,04073c8d-6349-4e99-8119-57160053b74e,ok,"categoria_menu,forma,tema_label,temi,tags",,2026-04-19T08:53:39.100700
4f8f3ea2-7933-4601-b1db-70df1d46d794,an-evening-at-the-pizzeria,9c248e1d-f20c-42ae-a054-dad6cecc9209,ok,"categoria_menu,forma,tema_label,temi",,2026-04-19T08:53:39.170464
4f987d58-df4b-4285-ac89-811966ce86e8,my-son-emanuele-a-mothers-extraordinary-journeybook-review,288ba3f2-3a36-445f-8a84-70adf2551e26,ok,"categoria_menu,forma,tema_label,didascalia_copertina,temi",,2026-04-19T08:53:39.242795
4fb5cf38-8a72-414e-b45a-c87c934e710a,where-are-you-little-giulio-review,117caa61-e1d7-4758-8c02-e230429e822d,ok,"categoria_menu,forma,tema_label,didascalia_copertina,temi",,2026-04-19T08:53:39.280105
4fb8a338-f824-4cc9-9385-842ababafe22,and-then-well-talk-about-love,ce13f20b-01f2-47d5-9fd7-b165998f1857,ok,"categoria_menu,forma,tema_label,didascalia_copertina,temi",,2026-04-19T08:53:39.374599
4fb96cc5-abc2-4c4d-b238-dd454cac7679,the-rich-mans-christmas,4a93f8e0-ce42-4f78-90a1-8d301ee34e84,ok,"categoria_menu,forma,tema_label,didascalia_copertina,temi,tags",,2026-04-19T08:53:39.487803
4ffdf1f8-9f4b-48d7-bf8e-82e6c918c144,being-a-mother-what-meaning-does-my-son-paolos-life-have,b82d4971-aaab-40a5-897f-b797598f2586,ok,"categoria_menu,forma,tema_label,temi,tags",,2026-04-19T08:53:39.608065
4fdba863-fa91-411b-bb1b-1d85d8bffc3a,geels-choice,f58a63bb-08ff-4f43-a551-1909579c0498,ok,"categoria_menu,forma,tema_label,didascalia_copertina,temi,tags",,2026-04-19T08:53:39.544891
500bd46f-7a98-4454-a854-b371b4ea47d4,open-dialogue-5,731e5b9b-864e-411a-98eb-a868123b2348,ok,"categoria_menu,forma,tema_label,didascalia_copertina,temi,tags",,2026-04-19T08:53:39.689006
500f4480-25fb-4d38-aac1-c8c0f8d7b78e,swimming-with-love-again,d9e58c1b-efac-414b-9ef4-a51b9c0ed96c,ok,"categoria_menu,forma,tema_label,didascalia_copertina,temi",,2026-04-19T08:53:39.803531
501f4318-78c3-40ec-8e6a-7788c56923b0,what-to-doand-what-not-to-do,a84f3b93-ba90-451d-8ffd-cff2c524306f,ok,"categoria_menu,forma,tema_label,temi,tags",,2026-04-19T08:53:39.939900
50159559-34ff-4a87-ad9f-ee53aa6efc02,every-human-being-is-a-sacred-story,b7073215-750d-4a3e-bb98-b1f35156ad8f,ok,"categoria_menu,forma,tema_label,didascalia_copertina,temi",,2026-04-19T08:53:39.938484
5027718d-79c1-49ce-a9c1-6d6f4f32119a,when-death-comes-the-churchs-obligation-to-include-the-disabled,fa3bb853-b6bc-4f83-bc4c-68c0547b316a,ok,"categoria_menu,forma,tema_label,didascalia_copertina,temi",,2026-04-19T08:53:40.015680
5033b5ae-b2f3-4226-bfe7-c1927c3acf55,the-questions-that-haunt-us-newsletter-no-26,08508620-af4d-4ca1-a72c-57e83f294133,ok,"categoria_menu,forma,tema_label,temi",,2026-04-19T08:53:40.110822
503ca375-c335-4eeb-83c1-102354aaaaae,across-italy-growing-communities,c62edfaf-fdbb-4313-a210-c81827baec4f,ok,"categoria_menu,forma,tema_label,didascalia_copertina,temi",,2026-04-19T08:53:40.256669
505369e0-c446-4af7-a8f5-d9076a408fec,all-are-chosen-yoga-for-people-with-disabilities,f198b1ed-11e3-4229-b43d-d7c0903868c3,ok,"categoria_menu,forma,tema_label,didascalia_copertina,temi,tags",,2026-04-19T08:53:40.259088
505fbc38-502a-4c21-9c77-321807754a0e,a-new-dictionary-of-disability-handicap-and-rehabilitation,7fa00822-775a-4b9f-a591-6b6a9bb72f64,ok,"categoria_menu,forma,tema_label,temi",,2026-04-19T08:53:40.325173
506a9788-72e3-4b42-b28d-c9c8c3bd01fc,my-little-princes,833ccfe1-63b6-498f-b2c1-f928e776e594,ok,"categoria_menu,forma,tema_label,didascalia_copertina,temi,tags",,2026-04-19T08:53:40.453657
506e69f8-d0cc-4f16-85a0-1e297afe10bf,one-step-at-a-time,3288e893-4249-443d-80ea-2273a410c6d2,ok,"categoria_menu,forma,tema_label,temi",,2026-04-19T08:53:40.576565
5077ba82-ffa4-41d0-aa02-297308bb15ad,sunbeams,4fc80043-c1af-485f-b769-6cc150eb870d,ok,"categoria_menu,forma,tema_label,didascalia_copertina,temi,tags",,2026-04-19T08:53:40.642959
5071a937-4922-4c82-89f2-7d0e68c86aa5,more-than-something-to-read,5c5a737d-c1ea-4d8f-8814-0cff4fef136c,ok,"categoria_menu,forma,tema_label,temi,tags",,2026-04-19T08:53:40.622524
507b11b3-d5c7-4223-bdbf-920ac97320a1,the-gaze-of-others,bf5b6108-9635-46e5-aa28-a0d7c0970e69,ok,"categoria_menu,forma,tema_label,temi,tags",,2026-04-19T08:53:40.764712
509c96b1-af42-4f57-a69a-06688ad3316f,the-power-of-tenderness-when-the-spell-broke,ea082fec-9e64-454c-8f74-f20e301b1317,ok,"categoria_menu,forma,tema_label,didascalia_copertina,temi",,2026-04-19T08:53:40.878320
50badf44-8a75-449c-8ca2-61ac54ad0a25,niccolo-among-those-who-made-history,29513721-8c02-491d-8b73-be6c648f4df7,ok,"categoria_menu,forma,tema_label,temi",,2026-04-19T08:53:40.952774
50be73b3-7b2e-4157-9672-42ff0a019bb3,a-beautiful-celebration,d5b5d70b-e72a-4a79-932a-7acb205f28b9,ok,"categoria_menu,forma,tema_label,didascalia_copertina,temi,tags",,2026-04-19T08:53:40.975601
50e3561d-e240-4f8c-9e66-b428064f6ad0,he-stayed-behind-for-me,6b6ffbdc-cf16-4545-8ff0-b86118d0a635,ok,"categoria_menu,forma,tema_label,temi,tags",,2026-04-19T08:53:41.065682
50e72ff2-096c-43b6-b411-342c10adbf96,a-place-to-belong-growing-old-with-dignity,a6b89a35-2d38-42b6-94de-647b3c296e75,ok,"categoria_menu,forma,tema_label,didascalia_copertina,temi",,2026-04-19T08:53:41.197705
50fa6f5d-e5b8-4bfa-a13b-2198e952d42d,still-me-christopher-reeve,e95e1aa5-b753-4878-9c70-55f7eef78b89,ok,"categoria_menu,forma,tema_label,temi,tags",,2026-04-19T08:53:41.272846
50eb1e19-8970-4547-8ee0-76722a9abfa4,the-encounter-that-changes-everything,23b0e60c-baad-4b3d-95dc-9d72f72ee35e,ok,"categoria_menu,forma,tema_label,didascalia_copertina,temi,tags",,2026-04-19T08:53:41.251489
510ee550-74f4-4eec-9564-023c6e9eb633,when-former-nazis-tell-the-story-of-the-holocaust,ebf11660-279f-41b1-a5ab-96ecb07db428,ok,"categoria_menu,forma,tema_label,temi",,2026-04-19T08:53:41.400771
51107d17-f1b4-472c-b592-574fe451bed0,a-hundred-faces-in-one-moment,cd54adca-0b11-48f3-b24c-56d210fc386f,ok,"categoria_menu,forma,tema_label,didascalia_copertina,temi",,2026-04-19T08:53:41.488626
511d8817-ccf5-4a45-a030-96ac9fb94561,dear-roberto,eebd99f7-5ccb-494c-9608-bc548e5421d9,ok,"categoria_menu,forma,tema_label,temi,tags",,2026-04-19T08:53:41.612737
51142667-07b0-450f-87b3-1b93c28bd517,open-forum-102,dc8e0bb6-9b70-49ad-8de8-cf7ba10cc622,ok,"categoria_menu,forma,tema_label,didascalia_copertina,temi",,2026-04-19T08:53:41.605369
514b2875-8322-4bac-95ec-5595757de08f,every-time-i-leave-alfedena,a2dc1536-ebd6-4ed2-9f72-22600a16765a,ok,"categoria_menu,forma,tema_label,temi,tags",,2026-04-19T08:53:41.689066
5157364b-1b76-45ab-8399-269d5297d0df,a-life-made-possible-mental-handicap-and-family,806714d5-6f10-4d28-a763-dc286c28a096,ok,"categoria_menu,forma,tema_label,didascalia_copertina,temi,tags",,2026-04-19T08:53:41.824746
515908b6-f606-479f-8b57-06bba0a890b2,faith-and-healing-a-book-review,dc7922d9-e53c-4cf6-a48e-963bbd287f13,ok,"categoria_menu,forma,tema_label,didascalia_copertina,temi",,2026-04-19T08:53:41.903219
516527d7-cba9-4c3c-b174-d3a59afb1ab1,marco-cavallos-journey-around-the-world,56f97695-4788-4f7e-99ac-39f942138f65,ok,"categoria_menu,forma,tema_label,didascalia_copertina,temi,tags",,2026-04-19T08:53:41.930260
5165465a-fcd2-4a73-93c9-18964ceb5826,mirrors-the-jubilee-of-volunteerism,39b9230d-016a-42b7-98c8-be9c689e2f87,ok,"categoria_menu,forma,tema_label,temi",,2026-04-19T08:53:41.972858
519d1749-25dc-4e2f-9a6f-94ea81e48930,hard-without-music-review,f9fc4b0b-dc03-4f18-ad22-327ef79f4957,ok,"categoria_menu,forma,tema_label,didascalia_copertina,temi,tags",,2026-04-19T08:53:42.176312
517fae36-b184-4b35-9d65-c89dcd6c33ce,seven-voices-parents-and-friends-of-profoundly-handicapped-children,e20c4595-b765-4454-a8bc-68b7225ed0bb,ok,"categoria_menu,forma,tema_label,temi",,2026-04-19T08:53:42.147146
51e1fba1-3027-444f-9150-860a4fdedd81,pharmakon-the-thalidomide-storya-podcast-review,20ffad3d-257c-46eb-a934-45acd53fac21,ok,"categoria_menu,forma,tema_label,didascalia_copertina,temi",,2026-04-19T08:53:42.284936
51ad5fad-c4d7-4841-9909-aa2c7d080605,celebration-at-fede-e-luce,7e5189d1-c887-4c8b-99bc-6ab711deedf4,ok,"categoria_menu,forma,tema_label,temi,tags",,2026-04-19T08:53:42.262539
51f838cb-8700-4607-a34a-ce6e6c8ec879,let-them-come-to-me,5b546ea8-888e-4c63-85c6-c98d406151c4,ok,"categoria_menu,forma,tema_label,didascalia_copertina,temi",,2026-04-19T08:53:42.472822
51e71d05-3222-4b3e-ad3f-096753994e94,an-irish-goodbye,38c54f65-3899-4630-9bde-7976bd94810e,ok,"categoria_menu,forma,tema_label,didascalia_copertina,temi,tags",,2026-04-19T08:53:42.470352
51fd6b6e-01ee-418b-a712-00a89f53fc24,the-birth-of-ombre-e-luci,a7a5f4ca-3d81-458d-a07b-c176791ca6b7,ok,"categoria_menu,forma,tema_label,didascalia_copertina,temi,tags",,2026-04-19T08:53:42.573786
521cbd23-294d-43ec-8148-230785f6199d,pope-francis-at-il-chicco-you-touched-my-heart,5bd20e9d-6f70-4f38-be67-cad2f4ac382f,ok,"categoria_menu,forma,tema_label,didascalia_copertina,temi,tags",,2026-04-19T08:53:42.631567
5230b18b-e5b0-44db-a96c-b86e4611a3c3,stories-worth-keeping,ec02f675-05c5-4a89-aa59-82a6c62554a5,ok,"categoria_menu,forma,tema_label,didascalia_copertina,temi",,2026-04-19T08:53:42.749670
523ec457-e74e-4074-b4e6-32e8ed1b8457,one-two-three-freeze,5fc612a3-bb9d-4413-a4b6-1eb42315c62f,ok,"categoria_menu,forma,tema_label,temi",,2026-04-19T08:53:42.806690
524395a9-5ade-4162-9e1d-fad9ef58d646,beyond-jean-vanier-larca-endures,b73d36d3-c837-4839-a72a-720e0d1695a1,ok,"categoria_menu,forma,tema_label,temi",,2026-04-19T08:53:42.857184
525bbcfd-b6f7-44fd-a315-68c87841b4ee,healers-or-magicians,37784c2c-65cf-4d7d-8237-edf5efe14e76,ok,"categoria_menu,forma,tema_label,didascalia_copertina,temi,tags",,2026-04-19T08:53:42.955825
528e3c5b-8f82-4d05-b0f1-b0f3ff3636ed,teaching-with-love,da93ad4f-75f4-4823-95e1-02519714ba62,ok,"categoria_menu,forma,tema_label,temi,tags",,2026-04-19T08:53:43.015054
52ba4ffa-0fe7-4902-a217-e998d1f4676f,editorial-an-open-letter-to-the-friends-of-faith-and-light,3e70e96b-bf67-43bc-964d-33e7586a08a7,ok,"categoria_menu,forma,tema_label,temi",,2026-04-19T08:53:43.099935
52bd8006-cf66-4ffd-9e3f-6576a8c06243,someone-who-doesnt-leave-us-out,ad80c758-3802-4a3f-b794-040489ed9346,ok,"categoria_menu,forma,tema_label,temi",,2026-04-19T08:53:43.159595
52c3bf0a-0902-4ed2-b5e6-7622c370b8df,open-dialogue-116,a0bedb41-544c-4b7d-9a37-09c6144e51de,ok,"categoria_menu,forma,tema_label,didascalia_copertina,temi",,2026-04-19T08:53:43.322624
52c52d2f-94c7-4287-9f35-b82e3eb04a82,raising-fathers-family-roles-and-transformation,7f26002c-5dff-49f3-a593-61d531804c2b,ok,"categoria_menu,forma,tema_label,temi",,2026-04-19T08:53:43.361360
52cdfac3-a436-4e29-abbb-2a18a371a3ca,philippines-first-confession,7f3db60d-c621-4e06-a8a0-ac3ba957f506,ok,"categoria_menu,forma,tema_label,didascalia_copertina,temi,tags",,2026-04-19T08:53:43.444485
52ff01cf-e202-4ad0-a0d4-629691921c64,unheard,c0a8d7ff-8f59-47d3-b137-89958307c495,ok,"categoria_menu,forma,tema_label,temi",,2026-04-19T08:53:43.461275
5318606b-b374-4775-9485-ca58b59798b8,your-child-has-something-wrong,f089a4c5-c8ed-4eec-8a4f-7e5cf588fa78,ok,"categoria_menu,forma,tema_label,didascalia_copertina,temi",,2026-04-19T08:53:43.677871
5320f2ca-1d58-48d4-90b4-23c949b49f42,maybe-theres-a-reason,ce6c11e9-086b-48bd-bf3a-4c10da90fedc,ok,"categoria_menu,forma,tema_label,temi,tags",,2026-04-19T08:53:43.683724
53243f17-8659-4fc5-a342-fa8ad7414e89,and-a-star-lights-up-from-fear-to-hope-navigating-a-changed-world-since-september-11,ac4ae3d6-48a5-4d73-a56e-23f08bdae28d,ok,"categoria_menu,forma,tema_label,didascalia_copertina,temi,tags",,2026-04-19T08:53:43.797245
533be649-b396-4955-ba69-e5587a9f82a2,what-is-faith-and-light-83e6,83e67ebf-830b-4bd4-a631-9bca46c61d1a,ok,"categoria_menu,forma,tema_label,didascalia_copertina,temi,tags",,2026-04-19T08:53:43.807277
534439a4-3a82-4048-b581-46db57cc13f7,letting-go-preparing-for-life-after-us,d6b42591-67f7-44ad-b46e-5f350d5c08f8,ok,"categoria_menu,forma,tema_label,temi,tags",,2026-04-19T08:53:44.032457
534c07f2-e5b9-44a7-90c5-cdc6ccf3c390,silence,303cda94-c543-473e-8dc7-128240d689a2,ok,"categoria_menu,forma,tema_label,temi",,2026-04-19T08:53:44.037067
5351bcb6-9bc3-432e-886d-09299bf60184,carolines-cart-arrives-in-italy-a-shopping-solution-for-people-with-disabilities,d75c9796-7acd-45f2-9d9b-2ab85c7ddf16,ok,"categoria_menu,forma,tema_label,didascalia_copertina,temi,tags",,2026-04-19T08:53:44.170681
53587f81-c5c8-4194-a72d-ccb647ae530d,open-dialogue-78,600ba450-f930-4324-8223-f93fe3cc7cb1,ok,"categoria_menu,forma,tema_label,didascalia_copertina,temi",,2026-04-19T08:53:44.172404
53b00ffe-925c-4b0b-9d0c-f0ed001390fe,being-a-mother,f4597094-70f7-45f6-9273-58443955258f,ok,"categoria_menu,forma,tema_label,temi,tags",,2026-04-19T08:53:44.371344
53663fa9-b8e8-4bee-9308-bd2cceaad7ea,what-about-vacation,7f56d22a-11d0-463e-909c-3cf7b3130c77,ok,"categoria_menu,forma,tema_label,didascalia_copertina,temi,tags",,2026-04-19T08:53:44.360706
53fbbdb5-314d-4b63-8110-2898c0b92fe4,faith-and-light-newsletter-no-14,735a305d-5982-48f2-ab26-b2e249b73b8c,ok,"categoria_menu,forma,tema_label,temi",,2026-04-19T08:53:44.478436
53df54ef-6031-4620-b255-e8eea38efa56,never-alone-again,965f9683-e47e-41d5-a223-6040df70e7e4,ok,"categoria_menu,forma,tema_label,didascalia_copertina,temi",,2026-04-19T08:53:44.473044
5414a539-8955-446b-981b-212f9c0dd93c,chicco-in-my-arms-one-mothers-journey,e2d998ba-4dd8-4c49-8906-3d8724145a1a,ok,"categoria_menu,forma,tema_label,didascalia_copertina,temi,tags",,2026-04-19T08:53:44.694597
5400c6d8-496d-4bd5-99d3-c7f80429efe8,esperienze-un-week-end-fuori-dallordinario-en,01b82250-16c2-4e98-ad89-d7b5d1e0b83d,ok,"categoria_menu,forma,tema_label,temi,tags",,2026-04-19T08:53:44.678995
5414bcde-8877-4f78-8032-42b1225e711c,unable-to-reinvent-himself,fd76c13e-e3dc-4e34-bcf8-545e32c39244,ok,"categoria_menu,forma,tema_label,didascalia_copertina,temi",,2026-04-19T08:53:44.819934
5418db2f-2ff6-4180-a11c-1cc3e494d1b0,homemade-vegetable-bouillon-a-dream-come-true,a6624755-fd17-4612-b324-fe01960ed087,ok,"categoria_menu,forma,tema_label,didascalia_copertina,temi,tags",,2026-04-19T08:53:44.824548
54246890-1be7-4913-b358-fed2a550cd6e,film-and-disability-three-films-that-matter-according-to-giorgia-sdei,437b17b5-3670-4434-bbfa-fa769802752c,ok,"categoria_menu,forma,tema_label,temi",,2026-04-19T08:53:45.000218
542810d8-c11d-46fa-94d2-8c5688103500,letter-to-your-familya-review,397b4031-60dd-4af9-ae77-3b956fc48c51,ok,"categoria_menu,forma,tema_label,didascalia_copertina,temi",,2026-04-19T08:53:45.072707
5432fbc4-9862-450e-b923-56e1b92f593c,a-school-diary-from-palermos-zisa-quarter,5f72a37f-7467-43c3-8b75-7a2345edf7b2,ok,"categoria_menu,forma,tema_label,temi",,2026-04-19T08:53:45.166664
54347ec4-6f36-45aa-a276-47d285ef842b,special-olympics-no-one-left-behind,0f91b494-e8fa-4156-89fb-744fed06f052,ok,"categoria_menu,forma,tema_label,didascalia_copertina,temi,tags",,2026-04-19T08:53:45.188681
5438643d-ced6-4020-8543-d2fd68d95146,when-an-encounter-changes-everything,dea5b21f-12e6-4f15-97aa-e6033784f0c0,ok,"categoria_menu,tema_label,didascalia_copertina,temi",,2026-04-19T08:53:45.257573
54742eb1-8e14-4710-9935-2cfc5a428dc3,disability-pride-comes-to-rome-a-march-for-the-rights-of-people-with-disabilities,5d36397e-f8b6-47d7-b0f1-8d919397fac3,ok,"categoria_menu,forma,tema_label,temi,tags",,2026-04-19T08:53:45.327333
547ac88c-9a58-44b7-9c03-40e072432765,a-just-and-human-solution-maso-san-pietro,ecef1859-48a8-450c-b630-fae3a09a4174,ok,"categoria_menu,forma,tema_label,didascalia_copertina,temi",,2026-04-19T08:53:45.443985
54880324-7514-402b-a9f6-922edbc89d4e,the-individualized-educational-rehabilitation-plan-for-adults-with-mental-disabilities,219b9630-9bdb-4449-99a8-798cc46d8d5f,ok,"categoria_menu,forma,tema_label,temi",,2026-04-19T08:53:45.592217
547c0b30-2718-4168-81f7-0781227acfee,have-you-ever-tried,3ea73d12-e385-4184-9609-2bd5425eadad,ok,"categoria_menu,forma,tema_label,didascalia_copertina,temi",,2026-04-19T08:53:45.544298
54ab0081-7a89-4f67-b40e-566ef353310d,a-witness-to-miracles,ef0000fe-6f11-4954-890d-1436cfdfe3e8,ok,"categoria_menu,forma,tema_label,didascalia_copertina,temi,tags",,2026-04-19T08:53:45.636332
54bd3df1-64a3-4793-9536-f3bb88e3af43,school-has-startedbut-im-still-not-sure-whats-happening,67be183e-2e78-4640-b3cb-3b3932eecabd,ok,"categoria_menu,forma,tema_label,temi",,2026-04-19T08:53:45.714017
54dae479-10ed-410b-bc9c-3a2222a8a8c7,a-house-for-july,630799b8-b420-4fe4-b3cd-7f3bba2e6e36,ok,"categoria_menu,forma,tema_label,didascalia_copertina,temi,tags",,2026-04-19T08:53:45.844702
54f1651f-daeb-4d88-8a01-5b2aa65cf5c9,autism-a-different-way-of-perceiving-the-world,cb66c7c9-3828-4bd2-b61d-c88bfcc02c95,ok,"categoria_menu,forma,tema_label,didascalia_copertina,temi",,2026-04-19T08:53:45.866258
54f6f366-6fcb-432c-9004-fd8cd08c4ff3,in-praise-of-uglinessa-review,3e8b69c1-52f6-4f7b-bf0e-ebd8b0a72739,ok,"categoria_menu,forma,tema_label,didascalia_copertina,temi",,2026-04-19T08:53:45.912566
550827ee-821d-4355-9ef7-9c02290a7e08,a-my-sisters-and-brothers,c6c47896-46e1-4059-94a5-d7b0870bd907,ok,"categoria_menu,forma,tema_label,didascalia_copertina,temi,tags",,2026-04-19T08:53:46.028241
5515437d-1b91-4ad5-a196-34ba08c87e77,one-of-many,fc825cf9-050f-4a35-8c67-4b55c94e4216,ok,"categoria_menu,forma,tema_label,didascalia_copertina,temi",,2026-04-19T08:53:46.187844
551d6795-ad30-4324-a5b5-e2404716d9bd,i-tried-to-make-my-heart-sing,165249a5-92f6-4830-af14-6a3852955a48,ok,"categoria_menu,forma,tema_label,temi,tags",,2026-04-19T08:53:46.227711
550a73b4-fb5c-482d-a115-21f7f498e30b,the-impossible-becomes-possible-review,f6877d1c-cdd8-4a14-920a-bd61fd86fffc,ok,"categoria_menu,forma,tema_label,didascalia_copertina,temi,tags",,2026-04-19T08:53:46.179867
551faf0f-047f-46d6-880f-1f6312b02573,a-deaf-sons-liberating-revolt,675f09af-48f8-4909-abb9-0b65333f62e8,ok,"categoria_menu,forma,tema_label,temi",,2026-04-19T08:53:46.370737
55246c3c-4a75-4c2e-9f45-1354b502d07d,welcome-to-the-south,6671b829-d957-44e8-8faf-c2ef11467ca7,ok,"categoria_menu,forma,tema_label,didascalia_copertina,temi",,2026-04-19T08:53:46.548953
5560fac3-6983-46b2-a491-fb248ff13731,my-name-is-a-trap-annas-story,19889a58-b4dc-4e9b-8942-5e15e51351df,ok,"categoria_menu,forma,tema_label,didascalia_copertina,temi",,2026-04-19T08:53:46.560682
556224e6-9d51-47b6-a0a3-716d76dcdee4,mom-what-a-camp,21f42ee8-ddc4-449a-a728-59e462a36dc4,ok,"categoria_menu,forma,tema_label,temi,tags",,2026-04-19T08:53:46.589826
558f5132-46f2-4dc8-82a3-9f1457ad783d,teaching-begins-with-observation,6bc3d070-9f30-483a-8ba5-8bdd3be6db2f,ok,"categoria_menu,forma,tema_label,didascalia_copertina,temi",,2026-04-19T08:53:46.668197
55ab30f6-610d-4085-87a3-3fe2e6b23f33,disability-day-more-jobs-more-funding-for-life-after-care,47899aee-5567-4808-8e23-d59fecb16620,ok,"categoria_menu,forma,tema_label,temi",,2026-04-19T08:53:46.880931
558f548f-6c6d-4618-a1c2-227b03cc9218,i-decided,30fea90c-ee69-4521-b6d4-c396725842f5,ok,"categoria_menu,tema_label,didascalia_copertina,temi,tags",,2026-04-19T08:53:46.870120
55b29c5c-9bc0-421b-b84f-755fc7e7e865,until-the-last-breath,c0a47082-6ab8-4c20-900c-6dea9120960b,ok,"categoria_menu,forma,tema_label,temi",,2026-04-19T08:53:46.933683
55beb1b0-5b7a-40f8-ae24-b115dc5da4ce,love-and-disability-dont-i-have-the-right-to-love,d031817d-71c9-48e3-8d42-dc99840ff50b,ok,"categoria_menu,forma,tema_label,temi,tags",,2026-04-19T08:53:46.953001
55ca87f4-fce0-4eae-9217-68a1ce81d1ee,recommended-reading-no-22,3753b303-c35f-4c2f-8c45-d57f60af6609,ok,"categoria_menu,forma,tema_label,temi",,2026-04-19T08:53:47.180554
55daf0f5-458a-46d4-b28f-ef5e38fb0ded,i-am-francescas-father,ead484e2-505c-4286-a54d-ffe323033449,ok,"categoria_menu,forma,tema_label,temi,tags",,2026-04-19T08:53:47.193465
55eb4b13-7c48-4283-8647-ba2bc3775aa6,why-the-doors-remain-closed,65eb77f2-0c08-4f3d-a97a-a2246b47f6d4,ok,"categoria_menu,forma,tema_label,didascalia_copertina,temi,tags",,2026-04-19T08:53:47.234182
55efcb4b-a67e-4087-b89b-ac75f42d855e,what-is-a-sacrament-what-is-the-eucharist-what-is-confession,4332a6bf-8b0e-4ddb-b083-c68021acc6c3,ok,"categoria_menu,forma,tema_label,temi,tags",,2026-04-19T08:53:47.273955
5660dd3f-5f28-407c-b5e7-cc90585b28de,why-sign-language,094046de-5272-4002-8ac1-75611cf4710b,ok,"categoria_menu,forma,tema_label,didascalia_copertina,temi,tags",,2026-04-19T08:53:47.515524
5649d73b-ee4f-474f-8af3-5c65ef42bd1b,did-you-know-these-things,64b95e12-a2e1-442d-b6bc-8bc43d0840e8,ok,"categoria_menu,forma,tema_label,didascalia_copertina,temi,tags",,2026-04-19T08:53:47.504429
567d1f03-258e-4bcc-81a6-275020c27104,hello-welcome-hej-halloziik-halo,6f193ab4-036b-45ad-b232-c32289babad5,ok,"categoria_menu,forma,tema_label,temi,tags",,2026-04-19T08:53:47.557029
56893d4d-b003-4659-9e00-b0108e2dd4fc,the-grading-dilemma,d24d9626-d9b1-44eb-b493-ae2e2d59e34d,ok,"categoria_menu,forma,tema_label,didascalia_copertina,temi,tags",,2026-04-19T08:53:47.608786
56959c45-1b1f-45c3-8ee3-cb432b5cba16,your-word-is-for-everyone,19e31726-4e6a-45e5-9c8c-94fc6258ce4c,ok,"categoria_menu,forma,tema_label,temi",,2026-04-19T08:53:47.830755
56aa92e9-dfbc-4af2-ae8e-0dcc4f8594f0,ugh,f14d5bde-f7ce-4f76-a79c-18159caa1c24,ok,"categoria_menu,forma,tema_label,temi",,2026-04-19T08:53:47.863150
56abef86-18af-4579-848c-0eeae5b699c9,the-siblings,5f70da4e-8d76-40bb-89d0-0ffefcb4d634,ok,"categoria_menu,forma,tema_label,temi,tags",,2026-04-19T08:53:47.878198
56b66135-5148-4db6-8d7b-9ce598c04ce2,depressionwho-will-set-me-free,c4f81f04-508b-411d-a2ad-60060eebb676,ok,"forma,temi",,2026-04-19T08:53:47.939638
56cd25f8-c634-4b21-bf67-c4b0307adc36,in-memory-of-alda-merini,28f0f6f2-3e6f-4836-bc5b-0e8eec07601e,ok,"categoria_menu,forma,tema_label,temi",,2026-04-19T08:53:48.156494
56bd75d2-b03a-4841-8e6e-86d9f1295b52,how-should-we-raise-our-children-a-mother-asks-a-mother-answers,2e2d1064-1909-4028-b75a-f3bc050618b5,ok,"categoria_menu,forma,tema_label,didascalia_copertina,temi,tags",,2026-04-19T08:53:48.152388
56d5f422-da94-4655-856e-a015acbbc839,parks-for-all-milan-opens-its-third-accessible-playground,6eb66e15-7797-4b95-8394-693c509b8301,ok,"categoria_menu,forma,tema_label,temi,tags",,2026-04-19T08:53:48.193863
56dc94f5-999f-482c-86ae-bb9c0fafb00d,faith-and-light-becoming-a-small-sign,c83c69d6-b89f-4b66-9023-2e71f58977d6,ok,"categoria_menu,forma,tema_label,didascalia_copertina,temi,tags",,2026-04-19T08:53:48.279287
56dcd818-1c7d-4545-a713-7cfe93c0dc7d,a-time-to-speak-and-a-time-to-be-silent,fc97805c-9d92-4d04-8345-862724c3500b,ok,"categoria_menu,forma,tema_label,temi,tags",,2026-04-19T08:53:48.474865
56df7c80-f3dc-480f-8e37-f16baf25f9b2,what-italian-cinema-still-gets-wrong-about-autism,4db8526a-096b-4c7e-bb7b-ba0d3d88ac02,ok,"categoria_menu,forma,tema_label,didascalia_copertina,temi,tags",,2026-04-19T08:53:48.488678
56e40bd8-4fe0-4344-a7fc-61e41bda6aed,a-new-hope,3f1772ed-7815-49b4-8c13-b020a8220c22,ok,"categoria_menu,forma,tema_label,temi,tags",,2026-04-19T08:53:48.535659
570785c4-80d4-4d85-b5d4-7ad8d21762dd,amazed-and-grateful,630e3f3c-aa35-4849-abac-6f52338bc9b6,ok,"categoria_menu,forma,tema_label,didascalia_copertina,temi,tags",,2026-04-19T08:53:48.606976
5720ae2b-1c67-44d2-ae5c-bd81201f9d31,at-the-worlds-edge-a-life-for-others,efa90270-47c7-46b7-8e92-4e5790073302,ok,"categoria_menu,forma,tema_label,didascalia_copertina,temi",,2026-04-19T08:53:48.741030
5731a955-db9d-48bb-a858-2cfd61f336c8,the-great-blue-horse-a-review,e807c8ea-71d7-4fae-9e3f-ec9e795713bc,ok,"categoria_menu,forma,tema_label,didascalia_copertina,temi",,2026-04-19T08:53:48.876275
5727d9d0-264c-4e5a-a2b0-730e349874df,a-letter-to-you,f3ff1daa-c3c6-481e-acb0-26b0a1ba49a1,ok,"categoria_menu,forma,tema_label,temi,tags",,2026-04-19T08:53:48.847196
576f3dcc-01c3-449e-9353-2861fdc444f9,choosing-toys-and-games-for-children-with-disabilities,dbdef0b0-aaa8-4d15-bbef-3f9a6fb9287f,ok,"categoria_menu,forma,tema_label,temi,tags",,2026-04-19T08:53:48.923953
57a03510-c52c-4407-8f8a-9ad165e93fbd,disability-and-the-christian-community-pastoral-approaches-to-severe-mental-handicap,e6ced60c-e53a-4a4e-82ff-022cfde8e252,ok,"categoria_menu,forma,tema_label,didascalia_copertina,temi",,2026-04-19T08:53:49.056814
57bb5ebc-ab5e-4a36-b507-07c4aa3f311f,young-ahmed,b5307920-01db-4127-b0a8-853a8fef3e4f,ok,"categoria_menu,forma,tema_label,temi",,2026-04-19T08:53:49.160167
57be5ff2-5b9b-4bf3-bce5-06a5e46bfa28,from-the-communities-issue-138,1d692fa6-eff4-4405-bdf7-aa7bdd033851,ok,"categoria_menu,forma,tema_label,didascalia_copertina,temi",,2026-04-19T08:53:49.190566
57d1ad3b-8a3e-4e82-8db3-c099695dcf78,holding-the-smallest-ones-closer,b2a8e25a-57a1-4655-a2ff-4d1fd5d50e58,ok,"categoria_menu,forma,tema_label,didascalia_copertina,temi,tags",,2026-04-19T08:53:49.286429
57d7d84b-ff5b-4746-a537-697a348a0d04,community-a-place-of-forgiveness-and-celebration,09929e44-3146-4c9f-aade-24606aff5fa4,ok,"categoria_menu,forma,tema_label,temi",,2026-04-19T08:53:49.369680
57d9c111-505e-4b0b-82a6-f10edc08d5fb,dear-sisters-and-brothers,682328f2-4f93-4cf0-99db-c8a6bb7c4c1a,ok,"categoria_menu,forma,tema_label,temi,tags",,2026-04-19T08:53:49.494614
57ee4203-7003-45e3-93d6-285b4c751e54,with-his-father,6a0f80f0-bbff-42e0-8dd2-ad526f1bcd8c,ok,"categoria_menu,forma,tema_label,temi,tags",,2026-04-19T08:53:49.538599
5805434d-c291-47ff-adf9-e51d381671dd,ten-years-of-ombre-e-luci-more-than-a-magazine-a-family,0a36d810-f6cc-4453-8f83-abe48f70f8f2,ok,"categoria_menu,forma,tema_label,didascalia_copertina,temi,tags",,2026-04-19T08:53:49.603828
580b3401-5945-4f35-aa56-ecf42c1d8131,a-holiday-at-europing-an-accessible-paradise-in-tarquinia,ab6b2aab-2784-4257-b632-2ce4314869d0,ok,"categoria_menu,forma,tema_label,didascalia_copertina,temi",,2026-04-19T08:53:49.724829
581493d8-2886-4c3c-8248-86db25d91d4a,handy-cup-9ca8,9ca8ca1a-2319-419a-b0fd-7079ce34778e,ok,"categoria_menu,forma,tema_label,didascalia_copertina,temi",,2026-04-19T08:53:49.848700
585d4b23-41c7-4cb1-9183-a347bd71ea76,you-sustain-me,2f544934-5737-47bb-b80a-0e3e82487a53,ok,"categoria_menu,forma,tema_label,temi,tags",,2026-04-19T08:53:49.952142
58342571-446f-4347-b008-6c5ce1f7e88d,friendship-a-gift-beyond-time,45d6c7a2-29bb-44a9-a739-d60e2cf74922,ok,"categoria_menu,forma,tema_label,didascalia_copertina,temi,tags",,2026-04-19T08:53:49.910531
58863810-d3bc-4fd9-94eb-39db256f1123,grains-of-wheat-from-scripture,31bfd333-81d7-410f-8e81-c9638df4be93,ok,"categoria_menu,forma,tema_label,didascalia_copertina,temi",,2026-04-19T08:53:50.057872
588c8dfe-ac72-412e-b944-39375b9ab11f,why-dont-you-understand-me-d45d,d45d1ee7-a16e-4782-bb27-ea634e3239e8,ok,"categoria_menu,forma,tema_label,temi,tags",,2026-04-19T08:53:50.159926
58a6790e-5ec4-4030-b212-a95efb243d3c,under-the-umbrella,8ac19c56-b5a0-4422-9475-29e94a2291c0,ok,"categoria_menu,forma,tema_label,temi,tags",,2026-04-19T08:53:50.288131
589a3e23-1451-49b3-9623-3840bc357fb4,open-dialogue-no-18,f2509766-ceb2-4f50-a799-226978d326f0,ok,"categoria_menu,forma,tema_label,didascalia_copertina,temi,tags",,2026-04-19T08:53:50.270728
58ada2f8-c90d-4a30-9da1-c843c4804dea,a-vigil-workshop-for-holy-thursday,d849c037-ba12-4e6e-b758-b2c319e180a7,ok,"categoria_menu,forma,tema_label,didascalia_copertina,temi",,2026-04-19T08:53:50.366915
58b03df1-496c-4e42-a4ac-1ceb9c9079d1,letter-from-jean-no-126,3e12e858-18d9-40b4-ba42-b48d32b93ba3,ok,"forma,temi",,2026-04-19T08:53:50.474043
58b5bdbf-4b3d-4cf9-963d-b5eed84c970a,the-risen-christ-makes-us-one-people,56575c19-7b11-4153-a0fb-9e1fbb791ae7,ok,"categoria_menu,forma,tema_label,didascalia_copertina,temi,tags",,2026-04-19T08:53:50.596563
58c74b38-3493-4981-b5c7-6c0bf0e9e38c,your-final-breath,5d423dec-e6f7-4354-9ff1-1a108a519379,ok,"categoria_menu,forma,tema_label,temi",,2026-04-19T08:53:50.623296
58cc08bc-5b6f-4152-a194-7735d042a10b,the-alphabet-were-missing,3f9c3fc4-7043-4139-bd5b-53cdd6a717e6,ok,"categoria_menu,forma,tema_label,didascalia_copertina,temi",,2026-04-19T08:53:50.654658
5913c556-eabd-461b-b204-d0d87e24770d,scouting-for-me,f3de373b-d307-496f-bb5c-5466402eb5bb,ok,"categoria_menu,forma,tema_label,temi,tags",,2026-04-19T08:53:50.783767
59403e6b-65ee-4580-92c9-bed42334ccbe,vaccination-is-not-a-game,ca1efb87-9b9c-4535-909a-dc157ea2228d,ok,"categoria_menu,forma,tema_label,temi",,2026-04-19T08:53:51.019920
5945bc6a-b1bd-4214-8339-775b76455a26,preparing-for-the-sacrament-a-guide-for-young-people-with-disabilities,60bb8ca9-f32c-4902-922e-97604c4de0e6,ok,"categoria_menu,forma,tema_label,temi",,2026-04-19T08:53:51.092895
5948b777-dc82-4ab2-84b9-ad70ed22879f,at-the-popes-birthday-party,99face4a-0fe0-4c8c-abc1-26baab0f51f6,ok,"categoria_menu,forma,tema_label,temi",,2026-04-19T08:53:51.154304
5949a854-91c0-4031-a51c-c23bc32afa8f,how-we-look-at-disability,b00a60db-19d6-4a3a-9c20-bd2ac71c2c78,ok,"categoria_menu,forma,tema_label,didascalia_copertina,temi,tags",,2026-04-19T08:53:51.266626
594a3f09-c7b9-446c-abf2-6a1604880d18,inclusive-schools-taught-me-to-think-critically,752f2dd6-8cf9-43c7-851a-90ea5fac798b,ok,"categoria_menu,forma,tema_label,didascalia_copertina,temi",,2026-04-19T08:53:51.328236
594d8678-220f-4c11-8ac9-e8c072cd68b3,giving-each-person-a-voice,2e689095-5a02-45da-b00c-ed7f414a6ee7,ok,"categoria_menu,forma,tema_label,temi,tags",,2026-04-19T08:53:51.375245
59690172-a15d-482a-9856-f63571ad90f7,mangiare-insieme-en,00f4b82f-7f43-4f70-b89c-3c02257161e6,ok,"categoria_menu,forma,tema_label,didascalia_copertina,temi,tags",,2026-04-19T08:53:51.469214
59962421-3508-45ba-85dc-b24846c56132,giovanni-and-chiara-a-tragedy-in-the-dark,6fe2d926-1c63-4b0c-8f09-e92cda187cbb,ok,"categoria_menu,forma,tema_label,temi",,2026-04-19T08:53:51.635944
598c483a-39e9-453d-a26f-5833360f4db8,so-are-we-going,45c49b41-541e-47dd-bcc2-c2fe04a1b4c2,ok,"categoria_menu,forma,tema_label,didascalia_copertina,temi,tags",,2026-04-19T08:53:51.624025
59cc564e-fb96-4ddd-86ef-a38f5156b831,i-am-with-you-religious-education-for-children-with-mental-disabilities,9c10ef97-995e-4b30-b0a8-3a6e3a6094c1,ok,"categoria_menu,forma,tema_label,didascalia_copertina,temi,tags",,2026-04-19T08:53:51.709218
59d9e280-e519-41e3-b840-af5441fd9379,help-us-make-ombre-e-luci-better,760d7de3-fae7-4b07-ab2d-e942d7202e27,ok,"categoria_menu,forma,tema_label,temi,tags",,2026-04-19T08:53:51.858732
59e26dbf-4028-420c-a024-ae2d24357f0b,should-society-provide-sexual-assistance-to-handicapped-people,272cd267-7966-438c-b6d2-e4ba56048e4e,ok,"categoria_menu,forma,tema_label,temi,tags",,2026-04-19T08:53:51.913817
59ee0a96-b884-4673-b3df-112be80abc22,weve-reached-150,e58b8d94-f75e-4875-8743-49585c00a73e,ok,"categoria_menu,forma,tema_label,temi",,2026-04-19T08:53:51.995285
59fb0880-6c5c-4d45-8d53-957cdc254aa2,where-community-welcomes-without-judgment,6a42355c-3e4c-4a04-a65e-d83cb2f5863d,ok,"categoria_menu,forma,tema_label,temi",,2026-04-19T08:53:52.129432
5a41c640-4d99-4e42-853f-aefeab21b415,at-the-cradle-of-jesus,5df11610-8df3-4645-ace2-8f5199ca76e6,ok,"categoria_menu,forma,tema_label,temi",,2026-04-19T08:53:52.261321
5a0361ef-2bad-43d6-ae7a-e7397921f65a,dear-mothers,815bdada-45df-4bd0-8711-bcf8cc944bdb,ok,"categoria_menu,forma,tema_label,didascalia_copertina,temi",,2026-04-19T08:53:52.243856
5a731275-09f4-45e9-9a09-f2433fd219a9,everyone-laughs-their-own-way-book-review,238f151a-521a-4263-ac19-314b284c3ec3,ok,"categoria_menu,forma,tema_label,didascalia_copertina,temi",,2026-04-19T08:53:52.380316
5a7b6927-6209-46a1-8151-d12aa5ea9b59,always-there,3477bd45-ccc1-4f0a-9ebe-0bd0a8cf3333,ok,"categoria_menu,forma,tema_label,didascalia_copertina,temi,tags",,2026-04-19T08:53:52.452530
5aa8844b-a3ec-4664-85c9-431db4e435d3,educating-for-service,2bbe57c9-405b-4bb8-804c-1d12473e68da,ok,"categoria_menu,forma,tema_label,didascalia_copertina,temi",,2026-04-19T08:53:52.607671
5ab3b249-ff93-453f-a020-55471c3dd0b6,picking-up-the-thread,82208f5d-3f80-445a-aff8-c04ea62a8320,ok,"categoria_menu,forma,tema_label,didascalia_copertina,temi",,2026-04-19T08:53:52.612648
5ac6feba-75b7-40dd-98e7-276d607d692b,don-carlo-gnocchi-a-life-of-daring,c3ff1207-ccbd-496c-aca3-5fa4ca032e94,ok,"categoria_menu,forma,tema_label,didascalia_copertina,temi",,2026-04-19T08:53:52.659897
5acaf06f-531e-47de-ae5e-8b57a241f9f5,dad-where-are-you,fc70bdd8-0f42-4ea4-90d1-f43e26f2abbb,ok,"categoria_menu,forma,tema_label,didascalia_copertina,temi",,2026-04-19T08:53:52.824865
5acf3f79-2e76-4f46-bbc0-0dd829536521,from-the-communities-issue-136,e71bd4dd-e417-4edd-baf8-541bde382136,ok,"categoria_menu,forma,tema_label,didascalia_copertina,temi",,2026-04-19T08:53:52.933011
5ade75de-b27a-484f-bed0-f3945895d5ad,what-kind-of-life-is-this-six-mothers-speak-out,d8f3b153-0a0f-4e3b-a5ba-cfe709eeac70,ok,"categoria_menu,forma,tema_label,didascalia_copertina,temi,tags",,2026-04-19T08:53:52.970957
5b32fec8-c79c-4f6d-ba31-a58d0a0cc6b7,life-in-faith-and-light-no-47,828a359c-4118-4c54-9093-5ae6f160e447,ok,"categoria_menu,forma,tema_label,temi",,2026-04-19T08:53:53.126233
5b589a4a-a019-4f48-8ac6-e396fc297aff,a-thousand-voices,f3014f48-8b7d-44c0-9357-b2d3e04190e5,ok,"categoria_menu,forma,tema_label,didascalia_copertina,temi,tags",,2026-04-19T08:53:53.176325
5b0564aa-94a5-4d0f-b475-2b029d77b2b0,la-misericordia-en,0479795b-9977-4b79-8377-61570e913b1c,ok,"forma,didascalia_copertina,temi,tags",,2026-04-19T08:53:52.989946
5b626f22-83a0-4c8c-9743-d935d31b4709,the-disabled-childfrom-birth-to-belonging,567b142d-f3d8-4bcc-9966-e1b52ff423cf,ok,"categoria_menu,forma,tema_label,didascalia_copertina,temi",,2026-04-19T08:53:53.271864
5b8c3354-2912-4795-9296-2aa9346a8334,nujeens-extraordinary-journeya-review,3ccd1577-de27-41cc-9b4f-1f2d9216f391,ok,"categoria_menu,forma,tema_label,didascalia_copertina,temi",,2026-04-19T08:53:53.373917
5b945426-1aa3-46a8-9460-fe7049dfb3cd,they-needed-us,4a17d0f6-f78b-494e-b34b-780fbdb7fd70,ok,"categoria_menu,forma,tema_label,didascalia_copertina,temi",,2026-04-19T08:53:53.443942
5b9b6560-712c-4817-b831-6bd70eba01ea,forty-two-kilometers-from-salerno-to-new-york,4e4eaff4-b9a0-4998-aa65-030e5933ee7f,ok,"categoria_menu,forma,tema_label,didascalia_copertina,temi",,2026-04-19T08:53:53.521097
5ba5fe31-9b3c-4053-91a1-9eb9b710e996,here-i-am,46a9cb7b-bdab-4046-b687-4af57dfaa3c5,ok,"categoria_menu,forma,tema_label,didascalia_copertina,temi,tags",,2026-04-19T08:53:53.574738
5ba715c7-0ce8-4e39-ab67-5ebfa3b29819,finding-your-people,70865735-e020-42d8-a342-83a97dbd7a29,ok,"categoria_menu,forma,tema_label,didascalia_copertina,temi",,2026-04-19T08:53:53.663717
5bc02485-cd56-4515-ac0d-530e75667b3b,happy-new-year,8eb9ea79-38d7-4e9e-836e-fabc5ed9d8ad,ok,"categoria_menu,forma,tema_label,didascalia_copertina,temi,tags",,2026-04-19T08:53:53.745224
5bc14022-5262-415d-8c04-383874496fca,cottolengo-and-don-guanella-beyond-prejudice,5e68e8aa-429a-4315-926c-22de458a42ed,ok,"categoria_menu,forma,tema_label,didascalia_copertina,temi,tags",,2026-04-19T08:53:53.865813
5bed552c-8243-401e-921b-12c257a47b38,jean-vanier-receives-the-paolo-vi-prize,fce16f1e-f012-4c3d-9753-e3de1e347ba8,ok,"categoria_menu,forma,tema_label,temi",,2026-04-19T08:53:53.899583
5c0f689e-4a3e-47cf-9f31-a311d61641ad,the-brother-she-couldnt-tell-anyone-about,bf9f229b-0e50-47ef-b898-3e902e740312,ok,"categoria_menu,forma,tema_label,didascalia_copertina,temi",,2026-04-19T08:53:53.967115
5c115ade-db78-4e79-9d13-e6b2babd65f9,a-celebration-at-home-with-him,e8249062-3d79-43bb-997e-54c9825f8c9c,ok,"categoria_menu,forma,tema_label,temi",,2026-04-19T08:53:54.074508
5c1231d9-74e9-4ef4-8b4e-db11643a3e2c,making-cinema-heard-accessibility-and-hearing-loss-at-the-rome-film-festival,e0b26071-6cbb-409a-a947-3fb88f92a409,ok,"categoria_menu,tema_label,didascalia_copertina,temi",,2026-04-19T08:53:54.177181
5c2549f5-c349-4043-bfe9-e51499e21575,nourished-by-jesus-through-the-word,cc454696-1a57-43e3-a735-321560e4147a,ok,"categoria_menu,forma,tema_label,didascalia_copertina,temi,tags",,2026-04-19T08:53:54.189884
5c33a924-bd15-4231-bbda-31911e754dfc,arturo-paoli-it-was-worth-ita-review,c3632c69-eea6-4183-8a82-c2a4aae3706e,ok,"categoria_menu,forma,tema_label,temi",,2026-04-19T08:53:54.299264
5c4546a0-eb62-4cbf-8aaf-e2f57f1e3d7e,the-body-of-love,98292efb-8475-4acc-87ed-5d9859509d71,ok,"categoria_menu,forma,tema_label,temi",,2026-04-19T08:53:54.374796
5c5c3a53-e2de-4e37-b131-4e01e2f9c137,rosa-75ba,75ba2cf9-1783-4dc2-ba9f-4c708c740e60,ok,"categoria_menu,forma,tema_label,temi",,2026-04-19T08:53:54.479189
5c91b39c-30a3-43f3-a9f2-14c51dc67350,train-station-support-for-disabled-passengers-at-179-stations-nationwide,8a64ac4c-8cb9-4955-a45e-4203aee2fa9b,ok,"categoria_menu,forma,tema_label,temi",,2026-04-19T08:53:54.486707
5c964472-6411-4dcb-97fa-739305b0b868,with-your-help,3d389f2e-438f-4980-a44f-9d5c68aff96d,ok,"categoria_menu,forma,tema_label,didascalia_copertina,temi",,2026-04-19T08:53:54.594042
5c9790d8-3d79-48b9-ba3c-4e7640cf89a1,where-do-i-find-such-love,a0e13816-0d9d-423b-ba85-c9ea6d6b14f3,ok,"categoria_menu,forma,tema_label,temi,tags",,2026-04-19T08:53:54.680830
5caaf670-a3da-41dd-b315-e4f7f87f4162,the-passion-of-patience,fe5e5c40-4213-4554-84ab-709d8b330231,ok,"categoria_menu,forma,tema_label,didascalia_copertina,temi",,2026-04-19T08:53:54.780146
5ca52a8d-a605-4165-925a-ebbc37ed02f4,open-dialogue-no-27,b08b0922-7d3b-476d-8f2d-7ad302201878,ok,"categoria_menu,forma,tema_label,didascalia_copertina,temi,tags",,2026-04-19T08:53:54.772915
5caccc90-5abf-4601-9b18-9a64484cab01,a-weakened-church-in-its-head-source-and-sign-of-gods-presence,52f03226-bfbd-4e1a-a4d6-47308d89b6ec,ok,"categoria_menu,forma,tema_label,didascalia_copertina,temi,tags",,2026-04-19T08:53:54.891256
5cb24447-80f0-4772-8a2c-7852f9369b80,he-made-them-male-and-female,0432c9c5-8f69-4a0e-af29-1a506b3b8869,ok,"categoria_menu,forma,tema_label,temi,tags",,2026-04-19T08:53:54.979281
5cb53fa7-fb8e-4870-91b5-74961a45cc1d,the-song-of-bernadettea-review,7ea473af-36b5-4f4c-9350-40a875cd28fd,ok,"categoria_menu,forma,tema_label,didascalia_copertina,temi",,2026-04-19T08:53:55.088807
5cc1e635-ed62-4f96-9cbb-8bc0947c162f,why-i-stayed,39b875d4-8b74-43bf-b400-51c555c5ef19,ok,"categoria_menu,forma,tema_label,didascalia_copertina,temi,tags",,2026-04-19T08:53:55.137614
5cc98d5c-878d-438d-a0f3-c64c4acd5f9f,recipes-for-success-healthcare-in-a-family-home,65387068-27a2-45a0-bb03-f6ded16c232c,ok,"categoria_menu,forma,tema_label,didascalia_copertina,temi",,2026-04-19T08:53:55.209763
5ccdcde8-423d-438c-b5f7-475ef0ea8469,shadow-and-light,2d106fb3-39dd-45c1-9a5e-c2cd2ed71d42,ok,"categoria_menu,forma,tema_label,didascalia_copertina,temi",,2026-04-19T08:53:55.283652
5cd0487b-0f8f-483a-9361-40549f07725a,happy-to-be-alive,72713b05-042a-4ff5-8bc3-98e7820379e7,ok,"categoria_menu,forma,tema_label,didascalia_copertina,temi,tags",,2026-04-19T08:53:55.387564
5cd48040-e3a2-484d-bca4-dadb5afae755,friendship-made-flesh,ebae9ca4-4a04-4240-9237-b03232a7fa3f,ok,"categoria_menu,forma,tema_label,didascalia_copertina,temi",,2026-04-19T08:53:55.431324
5cda6cfb-1d7a-4e52-9e0c-4182589311f6,when-film-rescues-theater,d4964c67-2ea7-42b6-887d-9dc3459fdcb5,ok,"categoria_menu,forma,tema_label,temi",,2026-04-19T08:53:55.502330
5ceddf8f-f836-47e1-bc50-ff61cf76ba8b,the-disadvantaged-what-education,e8727cc5-7b66-40f0-995c-27d110283b17,ok,"categoria_menu,forma,tema_label,temi",,2026-04-19T08:53:55.572270
5d0df4bb-8fe8-47c0-a7fd-8ca822a6d317,we-are-fathers-of-disabled-children-a-different-way-of-loving,fbd45d96-2c97-4cb2-a104-7aef2f6944fe,ok,"categoria_menu,forma,tema_label,didascalia_copertina,temi",,2026-04-19T08:53:55.688989
5d2a5cb8-6e29-4d89-8c02-36c55dce42d3,my-period-and-the-vending-machine-at-school,07d7a7c3-7cda-43dd-a10e-f77c67f13da5,ok,"categoria_menu,forma,tema_label,didascalia_copertina,temi",,2026-04-19T08:53:55.799641
5d20b615-9b72-4ffa-a626-9c3857bf56ef,dont-be-afraid-when-i-hold-you,a48610ab-1ff6-4c49-a319-6a67bbb63590,ok,"categoria_menu,forma,tema_label,temi,tags",,2026-04-19T08:53:55.731258
5d320023-c0c6-4cd1-a5a1-8f64bbd8c7d8,the-light-in-your-eyes,56d06f3a-006a-44f5-ada1-42f99ae62262,ok,"categoria_menu,forma,tema_label,didascalia_copertina,temi,tags",,2026-04-19T08:53:55.891829
5d604c76-18e9-42a9-a5e8-914bfb502677,walking-together-toward-unity,d87e65e0-0044-4730-aadf-b990344222dd,ok,"forma,didascalia_copertina,temi,tags",,2026-04-19T08:53:55.993949
5d616f7a-38d5-4e62-9163-56a485f9df9a,nicola-pintus-and-the-filippide-project,7e0eea81-1cbe-4bdf-bf6b-3ec49765eba6,ok,"categoria_menu,forma,tema_label,didascalia_copertina,temi",,2026-04-19T08:53:56.086085
5d619dc2-56e9-4e25-a4b6-7a04acc2d83e,untouchable-a-friendship-against-all-odds,399eeed1-b8c0-4b5d-9ff5-aa5b838a7442,ok,"categoria_menu,forma,tema_label,didascalia_copertina,temi",,2026-04-19T08:53:56.090015
5d684820-f69b-453b-a69b-579f5039fbe8,he-belongs-here-now,35d4b510-7ec2-498e-b497-cf4e92de8311,ok,"categoria_menu,forma,tema_label,didascalia_copertina,temi",,2026-04-19T08:53:56.290796
5d63f7bb-ce84-4921-bbca-053cf5a0214c,open-dialogue-no-153,76a625e5-9627-4c67-871b-545f7700be6f,ok,"categoria_menu,forma,tema_label,didascalia_copertina,temi",,2026-04-19T08:53:56.234107
5d71c42b-6cf2-47b5-973c-2a9f38cc2a26,recovery-techniques-for-the-severely-disabled-the-role-of-socialization,77a2cae7-654c-4178-85c3-4498cc2bd223,ok,"categoria_menu,forma,tema_label,temi",,2026-04-19T08:53:56.400146
5d8d3dae-7e7f-42cb-8837-e81d805ff296,faith-and-light-all-in-leeds,cfcdda97-e5fd-45f5-9ce2-336b138aeca3,ok,"categoria_menu,forma,tema_label,didascalia_copertina,temi",,2026-04-19T08:53:56.427471
5dc0bdd6-3db9-4bff-8ed7-76f31413d50e,black-on-white-a-review,1e801f37-9b2a-45ea-9000-b67c23294f59,ok,"categoria_menu,forma,tema_label,temi",,2026-04-19T08:53:56.589165
5d9fa3f5-c6ee-476d-a038-ad57e2db252a,when-my-disabled-child-lights-up-parents-speak,f26cf7c4-d7fa-41d2-ad31-8e3077928301,ok,"categoria_menu,forma,tema_label,didascalia_copertina,temi",,2026-04-19T08:53:56.584181
5dcc07af-c9d6-41e1-a911-373973b43a4a,the-blessedness-of-poverty,bdb9a244-712a-4537-bd3e-310829c99e2b,ok,"categoria_menu,forma,tema_label,didascalia_copertina,temi,tags",,2026-04-19T08:53:56.678910
5dd3d6fa-1f54-40c8-81ae-aa139cd78161,a-close-look,968537f4-5563-49a8-8e5d-eca13956e4d5,ok,"categoria_menu,forma,tema_label,temi",,2026-04-19T08:53:56.741734
5dd5e080-82b7-4f1b-b234-108a63642502,ecumenism-in-fede-e-luce-a-gift,6d1da456-1615-4c4d-86bc-bb87d00f0593,ok,"categoria_menu,forma,tema_label,didascalia_copertina,temi,tags",,2026-04-19T08:53:56.913289
5dd9d889-0246-4dfa-8ae0-8d435f6586f5,life-as-a-challengea-review,e9cd63c3-41f4-4d09-9e95-f32e0822c46c,ok,"categoria_menu,forma,tema_label,temi",,2026-04-19T08:53:56.991620
5df5c9f4-b957-4a18-99a4-8e3f11f05dd7,berlin-film-festival-past-and-present,aa5c4163-b017-48e7-9ba8-719ad349be9f,ok,"categoria_menu,forma,tema_label,didascalia_copertina,temi",,2026-04-19T08:53:57.077025
5e0b9c7b-1967-475c-a6e9-f38b19eefd2a,an-antidote-to-despair,022ab78d-54b0-4dc6-8171-7c1e142c9a02,ok,"categoria_menu,forma,tema_label,temi,tags",,2026-04-19T08:53:57.124389
5e16f350-a3a5-4a5f-b025-3b8549e9b801,living-well-with-aging-people,752e7118-6b2c-4e9a-bd75-d9455b0e7a0e,ok,"categoria_menu,forma,tema_label,temi",,2026-04-19T08:53:57.279205
5e171137-4cef-43e5-9e5e-a3f7c1acb1ad,sottovento-a-film-worth-seeing,6e2e6842-fb1e-4b8f-a9fb-aa82a34dfd93,ok,"categoria_menu,forma,tema_label,didascalia_copertina,temi",,2026-04-19T08:53:57.313341
5e22d908-459c-4343-91e2-255d6643e207,does-the-church-really-welcome-us,58fae097-c327-4afe-a243-3ad59d102822,ok,"categoria_menu,forma,tema_label,temi",,2026-04-19T08:53:57.384150
5e3f782a-2903-4304-aaa4-c6ea919d72d8,listen-to-what-i-cannot-say,51f8b69b-8f50-41a9-aefe-ea2c003f37a5,ok,"categoria_menu,forma,tema_label,temi,tags",,2026-04-19T08:53:57.445112
5e88c56b-534e-497b-8e11-9e4ce196b3d3,give-her-a-kiss,02ab40b7-a34a-4203-9d62-299120fc9f4d,ok,"categoria_menu,forma,tema_label,temi",,2026-04-19T08:53:57.623245
5e6f3967-281c-4aab-b7ca-0f848ca6958a,trapped-in-the-dream,77e5900e-b7c5-4f3a-9af2-71d76094c971,ok,"forma,temi,tags",,2026-04-19T08:53:57.605482
5e893acb-30e0-45a0-9a11-402e316e6294,i-dont-want-strangers-in-my-house,21944179-5e86-4d1b-9848-71b3b80ddc7a,ok,"categoria_menu,forma,tema_label,temi,tags",,2026-04-19T08:53:57.673784
5e919c69-c8a4-4ee4-a55f-120a466147df,living-the-essential-not-doing-for-but-living-with,95cb39f4-cd36-4310-ad21-4a8504545e6e,ok,"forma,didascalia_copertina,temi",,2026-04-19T08:53:57.782539
5e9e67d4-7019-4c62-b815-3fdb468debe3,fede-e-luce-a-school-of-selflessness,c45a79fa-801d-43eb-8b85-fd95451b4337,ok,"categoria_menu,forma,tema_label,didascalia_copertina,temi,tags",,2026-04-19T08:53:57.898832
5eb42c4b-3a76-4c0a-9408-410b5dc96f5c,fede-e-luce-a-journey-together,d6ae6ecb-93d6-4078-9a44-673f6895afbf,ok,"categoria_menu,forma,tema_label,temi,tags",,2026-04-19T08:53:57.923854
5ec22b2b-6363-4d78-81c9-c2a7b5663e36,the-market-kinga-review,0546dcca-0185-42d5-8ae7-0f269445c6e7,ok,"categoria_menu,forma,tema_label,didascalia_copertina,temi",,2026-04-19T08:53:58.021052
5ed85f55-78cc-4dd3-9181-cf3477b3a3d4,next-time-im-doing-it-again,345e8079-daa0-4d6c-9f5c-ef42bd7c9d79,ok,"categoria_menu,forma,tema_label,temi",,2026-04-19T08:53:58.099161
5efe3a8b-485d-48df-804a-1fcd2ee08bd1,gossip-1c4d,1c4d26c7-f5a3-4de2-84c3-efa2a58e3512,ok,"categoria_menu,forma,tema_label,temi",,2026-04-19T08:53:58.239234
5edd1a59-952b-4c8f-9d74-2d72e324603c,why-have-you-abandoned-us,d44c47ec-c6fd-482f-af00-b2a5e68a64c2,ok,"categoria_menu,forma,tema_label,temi",,2026-04-19T08:53:58.227534
5f14fb2a-39bd-4994-8c25-aadf88b535b2,i-like-going-to-the-sea,56939ca1-f287-4b55-8739-b6440c13f475,ok,"categoria_menu,forma,tema_label,didascalia_copertina,temi",,2026-04-19T08:53:58.327995
5f20eae4-57fd-4766-8c74-0e79df627408,something-new-is-happening,d892ac96-6edd-470f-9ab3-69ad57ae4b34,ok,"categoria_menu,forma,tema_label,temi",,2026-04-19T08:53:58.395431
5f33c5b5-7ab6-488b-8f9c-19896608b746,why-i-said-yes-a-new-leader-takes-the-helm-at-fede-e-luce,e71ff448-b23e-4b57-bd6d-07047bb9ad4a,ok,"categoria_menu,forma,tema_label,temi",,2026-04-19T08:53:58.566578
5f26e43f-a1cd-49be-957d-79b2414b1672,the-absent-father,d338d356-b687-4fd3-9b18-3e8b436a3a16,ok,"categoria_menu,forma,tema_label,temi,tags",,2026-04-19T08:53:58.553803
5f4d0f8b-0f19-4161-9d22-f498be8a8ca3,i-learned-to-swim,a5160b72-0e6d-4114-9bc9-1d817d1758c4,ok,"categoria_menu,forma,tema_label,didascalia_copertina,temi",,2026-04-19T08:53:58.669475
5f498911-b3a4-4943-8ee0-0f16b77782d1,ancora-building-a-home-for-four,adb7073e-fe24-4c58-a3b1-3cc6bd9b644d,ok,"categoria_menu,forma,tema_label,didascalia_copertina,temi,tags",,2026-04-19T08:53:58.623076
5f53039d-b185-4926-84a8-62be98166595,art-lover,a1ebf771-ce56-4da8-94d8-640b2081fede,ok,"categoria_menu,forma,tema_label,temi",,2026-04-19T08:53:58.885197
5f64a498-0236-4807-a0a9-cadcab8355f5,coming-home,fd7d4689-dd02-492f-bc09-000db144f759,ok,"categoria_menu,forma,tema_label,didascalia_copertina,temi",,2026-04-19T08:53:58.942458
5fd76af0-de20-4cc2-bdc4-d51d0e315ecd,open-dialogue-no-158,c0b00a82-193e-4161-b2bf-4706af9c914c,ok,"categoria_menu,forma,tema_label,didascalia_copertina,temi",,2026-04-19T08:53:59.006258
5fc91966-6a87-44d5-acf6-31f09d44ed6c,when-disability-doesnt-stop-at-sixteen,18ec63b5-e8ef-4b73-a84a-17c6dbeefdb2,ok,"categoria_menu,forma,tema_label,temi,tags",,2026-04-19T08:53:58.975011
6006a366-e8f1-4cb7-9c98-afaafb0b4712,the-mystery-of-the-london-eye-review,5bc8139c-3c22-4047-9791-2cd9a6cee825,ok,"categoria_menu,forma,tema_label,didascalia_copertina,temi",,2026-04-19T08:53:59.185545
601297db-1391-4d89-a7bd-be94a53ae7bb,evenings-that-shouldnt-happenand-one-that-did,78a30b98-2849-41cd-81db-c7f00ae77170,ok,"categoria_menu,forma,tema_label,didascalia_copertina,temi",,2026-04-19T08:53:59.251964
60136ae6-0f23-48fb-a522-007f2453af34,from-the-provinces-no-145,10313aa3-0e5f-46d3-b620-a9b28c2d00d4,ok,"categoria_menu,forma,tema_label,didascalia_copertina,temi",,2026-04-19T08:53:59.279367
6016d902-3bef-42e6-8ffa-dc027f8447de,when-they-turn-eighteen-the-disabled-adult-and-the-life-ahead,1542a949-fe70-4d61-b338-50ebc1c88952,ok,"categoria_menu,forma,tema_label,didascalia_copertina,temi,tags",,2026-04-19T08:53:59.323049
601799dd-22fb-42a5-b15a-a9706a30a728,my-left-foot,029cc311-db14-4c56-8e1b-50c73a79d6f6,ok,"categoria_menu,forma,tema_label,temi,tags",,2026-04-19T08:53:59.476057
6044a959-f951-4728-b1bc-cf9054fe2f6d,a-heart-full-of-gratitude,264d666a-9cc6-481f-8acc-9f36a2fa7e46,ok,"categoria_menu,forma,tema_label,didascalia_copertina,temi,tags",,2026-04-19T08:53:59.556787
6052ac3b-9be1-4141-bdae-20d7dda7720e,open-doors-8963,8963b26f-d7cc-487e-987c-11129a17505c,ok,"categoria_menu,forma,tema_label,temi,tags",,2026-04-19T08:53:59.575580
60775dde-bd94-448d-9645-26608c94584b,the-world-of-unnamed-things-a-review,1ede47d6-1387-4aa2-b4d9-09e50016144b,ok,"categoria_menu,forma,tema_label,didascalia_copertina,temi",,2026-04-19T08:53:59.624377
607bd478-becb-43c9-9d36-3e1ebbf740fd,the-bride-and-i-both-wore-white,9572cd98-8080-4bae-b6b8-c9e2f151282c,ok,"categoria_menu,forma,tema_label,didascalia_copertina,temi,tags",,2026-04-19T08:53:59.761344
60cfad5d-30af-4493-ad68-a8f66c6655db,a-priest-among-the-forgotten,7ae2cd4b-ea97-4d85-b0fe-d909369493df,ok,"categoria_menu,forma,tema_label,didascalia_copertina,temi,tags",,2026-04-19T08:53:59.904171
60ef8193-ac3f-4ac9-8b31-fd93ffb9af79,try-again,bcccff71-2f9c-4e91-9730-d08e691b5081,ok,"categoria_menu,forma,tema_label,temi",,2026-04-19T08:53:59.938098
60ea65aa-9f58-4a1f-9a06-0ea0af313734,living-with-dystrophy-an-interview-with-myself,4ef95a11-4673-4739-970d-27432a18fc4c,ok,"categoria_menu,forma,tema_label,didascalia_copertina,temi,tags",,2026-04-19T08:53:59.912182
60f57a7e-f0e0-4d70-826a-6dd9bb833df9,what-will-become-of-my-autistic-son-when-im-gone-a-review,75e48847-ab27-4587-bcad-221e4d767717,ok,"categoria_menu,forma,tema_label,didascalia_copertina,temi",,2026-04-19T08:54:00.061693
611df8db-0a3b-4673-9644-4bf270e7656d,books-for-play,3838c023-5c2e-4b2a-a863-9db95914f16f,ok,"categoria_menu,forma,tema_label,didascalia_copertina,temi",,2026-04-19T08:54:00.253553
613163c3-ebb6-4fa7-88bd-2d7ad9bb9821,christmas-around-the-world-abd6,abd6d4bf-0d30-424f-b4b9-4fcdb5d2cf35,ok,"categoria_menu,forma,tema_label,temi",,2026-04-19T08:54:00.279938
60fce990-a453-4830-9944-79a4b520cc9c,flowers-colors-and-fragrance-a-soap-making-workshop,4f904109-89d7-41d3-a85d-58f7b5e57006,ok,"categoria_menu,forma,tema_label,didascalia_copertina,temi,tags",,2026-04-19T08:54:00.252462
6131aa6e-4f72-4f30-9cb6-e14515313e66,a-smack-like-a-kiss-time-with-my-disabled-son,31631ec1-87c9-46a0-ac67-e6c35fe1ad27,ok,"categoria_menu,forma,tema_label,didascalia_copertina,temi",,2026-04-19T08:54:00.353157
617b09fd-9679-4ed8-a5bf-f466d5442bed,twenty-years-laterthe-same-embrace,cfa5124a-7788-40ac-96e2-c0b8d804389f,ok,"categoria_menu,forma,tema_label,didascalia_copertina,temi",,2026-04-19T08:54:00.588862
615f1b80-14a9-4897-83d5-63b552957370,14-giochi-da-fare-insieme-en,017f58e0-dd07-447f-a0ac-1d16e90e72e3,ok,"categoria_menu,forma,tema_label,didascalia_copertina,temi,tags",,2026-04-19T08:54:00.539043
6193a23f-6fc1-431c-a37f-ee4d3935d3de,three-films-on-disability-claudio-cinuss-essential-list,c35ddf36-45fa-4225-a4df-d9ef3b7889be,ok,"categoria_menu,forma,tema_label,temi",,2026-04-19T08:54:00.605436
61b919cc-8a45-477e-807f-3f22a7c1b0c7,the-power-of-belonging-why-the-blind-side-still-matters,9482d2fe-0c8a-4f83-a2ed-8e6c4b874d35,ok,"categoria_menu,forma,tema_label,didascalia_copertina,temi",,2026-04-19T08:54:00.671774
61d5ee4d-eeaa-4e89-9caa-79dc0e4aa203,walking-with-christ-reflections-on-mission-a-book-review,1812345a-6de9-48a0-be99-5dc25f5fabdb,ok,"categoria_menu,forma,tema_label,temi",,2026-04-19T08:54:00.908192
61d8074c-0848-4a77-bc6b-a0bd18bc66f2,who-tends-the-soul,93b899d7-7bb4-4fa8-96ee-260ee2463875,ok,"categoria_menu,forma,tema_label,temi",,2026-04-19T08:54:00.927048
61cc0a57-8b36-4c52-beab-19e63447c283,craft-books-hands-on-learning,b3a89c4f-b444-4cd0-9ea8-e0acc6c6a079,ok,"categoria_menu,forma,tema_label,didascalia_copertina,temi",,2026-04-19T08:54:00.887665
61da5b05-b7c4-497a-b770-aebc40c389ef,do-good-work-well,646970b6-2db6-4899-b39f-ad15afb035e5,ok,"categoria_menu,forma,tema_label,didascalia_copertina,temi",,2026-04-19T08:54:00.968593
61e2f8be-d6ee-489a-b7c0-27b8472f4a88,benedetta-changed-me,6748a869-18ba-4fce-965f-fd294954dd31,ok,"categoria_menu,forma,tema_label,didascalia_copertina,temi",,2026-04-19T08:54:01.246844
62268e54-cbbf-4394-8cbd-6521ef713f06,when-life-and-love-returned,061f453d-4819-4a40-af83-1aa749e01d1b,ok,"categoria_menu,forma,tema_label,didascalia_copertina,temi,tags",,2026-04-19T08:54:01.293331
61ea83f1-1da0-4c30-8b93-05819a5b4e5c,friends-you-never-see-coming,74d9cfac-e365-4771-8c79-3cdf3180af4e,ok,"categoria_menu,forma,tema_label,temi",,2026-04-19T08:54:01.258464
6224c722-6fc2-494b-974f-a306a5f8b001,a-year-gained-at-the-carro,ba7c256d-b32d-4911-9b83-86a8732a0415,ok,"categoria_menu,forma,tema_label,temi,tags",,2026-04-19T08:54:01.261432
6226c659-8673-490e-9a1f-25d2cc8f3c39,the-boys-of-via-pascolia-review,61169509-6894-4d66-8d90-02352b80a5ca,ok,"categoria_menu,forma,tema_label,temi",,2026-04-19T08:54:01.586785
62409e01-9f27-4491-88f4-378e12405038,when-sleep-wont-come,cdadeeae-e241-429f-97a0-6c19db823204,ok,"categoria_menu,forma,tema_label,temi",,2026-04-19T08:54:01.630697
6233eb0d-e057-4a58-b340-298133b340f4,open-dialogue-no-24,37934758-78d0-4124-8764-858e81bc75e8,ok,"categoria_menu,forma,tema_label,didascalia_copertina,temi,tags",,2026-04-19T08:54:01.608986
622989eb-a118-4fb7-b9c2-c8064470d398,beyond-handicapexperiences-and-approaches-with-autistic-down-syndrome-cerebral-palsy-and-deaf-children,b83b8f5d-b2bb-4118-b7ca-448346b17b78,ok,"categoria_menu,forma,tema_label,didascalia_copertina,temi",,2026-04-19T08:54:01.601684
6283379a-462e-45ea-9df1-21671848bf31,brave-mothers,04736941-e7e4-4101-9043-3290341874bf,ok,"categoria_menu,forma,tema_label,didascalia_copertina,temi,tags",,2026-04-19T08:54:01.908941
6293c34b-1f4d-4403-9f35-6dcb97c065b2,antigone-9bc1,9bc1348f-2a23-47fd-a895-5d9792dcf992,ok,"categoria_menu,forma,tema_label,temi",,2026-04-19T08:54:02.013245
62ac7cee-3efb-4c5f-bc5c-b11fe298833d,shadows-and-light,261fa864-2d32-44aa-8249-a4999201921d,ok,"categoria_menu,forma,tema_label,didascalia_copertina,temi,tags",,2026-04-19T08:54:02.019044
62db24d2-3d9e-4fd9-89e7-26d0083b469c,fede-e-luce-marks-40-years-19712011,604591a9-bd61-4624-a693-22fa22607c4c,ok,"categoria_menu,forma,tema_label,didascalia_copertina,temi,tags",,2026-04-19T08:54:02.026328
62ee3081-fa8e-4ccb-ad1f-faab9f746f24,what-a-fanfare,9f5457e7-2beb-49ba-be12-2b5b6e0dc833,ok,"categoria_menu,forma,tema_label,didascalia_copertina,temi",,2026-04-19T08:54:02.214790
630d4809-5858-4716-adc8-52c0fd08f866,how-to-be-present-to-another-person,89be8904-5603-4420-9ee9-e66ca677bdd6,ok,"categoria_menu,forma,tema_label,didascalia_copertina,temi,tags",,2026-04-19T08:54:02.303913
632e5391-cd96-4131-82e5-bfdd30927068,atad-comes-to-rome-international-conference-on-assistive-technology-for-disability,5634d7ff-8326-47f5-ad4f-7d94937e0441,ok,"categoria_menu,forma,tema_label,temi",,2026-04-19T08:54:02.375163
635ad6f7-1dae-4842-83d1-aaeba99f0667,beyond-the-marketplace,19d772b4-174f-4f09-b177-6d40d9826780,ok,"categoria_menu,forma,tema_label,didascalia_copertina,temi",,2026-04-19T08:54:02.378734
6375e219-4db1-4633-aea9-af39343202bf,robertos-clothespins,3ecc9a3b-d2f9-4cdb-bfb8-dba59efd1a99,ok,"categoria_menu,forma,tema_label,temi",,2026-04-19T08:54:02.529812
63766eff-9f7c-41a4-ba60-93e8c16b8286,when-does-christmas-come,ce05fe09-15c7-4ed0-a4a4-e3d3fb7d8efc,ok,"categoria_menu,forma,tema_label,temi",,2026-04-19T08:54:02.639559
6380e868-0e41-4f30-9c63-36b8b6aac51e,faith-and-light-no-43-a-seminar-on-catechesis-for-people-with-disabilities,a087d056-f19e-476c-81f3-77b29aea80fe,ok,"categoria_menu,forma,tema_label,didascalia_copertina,temi",,2026-04-19T08:54:02.748807
6380c38e-5b29-4e6f-9067-daa127b1057d,i-am-with-you-a-review,ec4883c3-e522-4093-9d2c-2b4d5dafcd88,ok,"categoria_menu,forma,tema_label,didascalia_copertina,temi",,2026-04-19T08:54:02.713885
63b15230-092e-44b3-9d18-9a772f218750,voices-from-camp,a808b56b-7bc4-41e6-af75-9027c9dbd419,ok,"categoria_menu,forma,tema_label,didascalia_copertina,temi,tags",,2026-04-19T08:54:02.788610
63c40acb-f895-4ccf-9754-574abd197948,the-glass-boy-understanding-disability,c5e74e4d-8eda-4864-a957-65546f9f2648,ok,"categoria_menu,forma,tema_label,didascalia_copertina,temi",,2026-04-19T08:54:02.914435
63cda9fb-2473-4549-8083-632f35fcc96a,father-to-son-conversations-on-the-risk-of-raising-childrena-review,fe84cf36-a729-4faf-aecf-ef2b0ab97f56,ok,"categoria_menu,forma,tema_label,didascalia_copertina,temi",,2026-04-19T08:54:02.998092
64134ba4-4191-4c4a-b823-662610094b77,open-dialogue-no-157,8207f46a-8bd0-446e-b08f-54822fbf61eb,ok,"categoria_menu,forma,tema_label,didascalia_copertina,temi",,2026-04-19T08:54:03.001659
6428b42e-774b-46f7-8f88-aed3ed9c41c8,the-tender-child,26687333-0ddf-4365-ad55-ae5f117e864a,ok,"categoria_menu,forma,tema_label,temi",,2026-04-19T08:54:03.129169
643d79a3-4d1b-4816-a606-e49e2c859609,ten-principles-for-teaching-people-with-disabilities,52e7187f-c821-4193-804c-7808b1769be4,ok,"categoria_menu,forma,tema_label,didascalia_copertina,temi,tags",,2026-04-19T08:54:03.211417
646a32bd-3e3d-41c6-a359-24e968d4d24f,beauty-and-disability,f0f839bb-fc72-4097-bcb7-42406c9c24af,ok,"categoria_menu,forma,tema_label,didascalia_copertina,temi",,2026-04-19T08:54:03.306810
64b4ce21-c65f-46ca-b4e5-04a60d2f1742,sharing-the-same-meal,bbca7792-8478-4f5b-b29d-e4b4e03fcd4a,ok,"categoria_menu,forma,tema_label,temi,tags",,2026-04-19T08:54:03.356380
64c16d6a-effd-4e46-8c2e-f2a34f063dee,watch-with-me-hospice-as-an-inspiration-for-care-of-life-review,3499d15e-406e-4d86-9d11-b40831837838,ok,"categoria_menu,forma,tema_label,temi",,2026-04-19T08:54:03.423568
64c60961-097d-4608-addf-51b44beebf66,teaching-the-faith-to-autistic-children,8debfd45-34b2-4c2a-90be-e75a142f0a07,ok,"categoria_menu,forma,tema_label,temi",,2026-04-19T08:54:03.544669
64dbd484-4cf8-4ff3-a5c5-417474f235dc,just-like-any-other-family,d4d7449f-af21-4ada-91bb-8b8eecabacb0,ok,"categoria_menu,forma,tema_label,temi,tags",,2026-04-19T08:54:03.620265
64e3f079-a0e8-450d-a3e8-7e9ffb8f3f01,charles-de-foucauld-jesus-friend-in-the-desert,f6b40e5e-5dd7-43b1-9c2e-6a9582850ea5,ok,"categoria_menu,forma,tema_label,temi",,2026-04-19T08:54:03.724644
65079eba-70fa-459e-81ec-868313bf2600,the-little-star,4ed1ba19-e03e-4bd3-8d48-2b9f146bada3,ok,"categoria_menu,forma,tema_label,didascalia_copertina,temi",,2026-04-19T08:54:03.816776
650c9c45-7c96-46f3-9e99-2581ab4a37f9,faith-and-light-groups-in-1978,cd8495c5-9da9-4c2f-b281-8fcdcecec1f2,ok,"categoria_menu,forma,tema_label,temi",,2026-04-19T08:54:03.880823
651724f3-1409-489e-9932-f9a2dc9d0c41,choosing-a-path-forward,a8252dbd-185a-4cae-bcce-c7b5978300db,ok,"categoria_menu,forma,tema_label,temi",,2026-04-19T08:54:03.987223
652cf3d4-4869-48aa-b4d5-0a20ee776a41,the-broken-body,e5ce0865-1ffe-4c03-8ab7-c6bf47b53a93,ok,"categoria_menu,forma,tema_label,didascalia_copertina,temi",,2026-04-19T08:54:04.038321
65adc212-0968-4aba-903c-51f26cd79d38,the-fall-a-fathers-memories-in-424-stepsa-review,fa5acc0d-e807-4f26-b5c9-94e9799e4cc4,ok,"categoria_menu,forma,tema_label,didascalia_copertina,temi,tags",,2026-04-19T08:54:04.147172
65bc9b04-0e18-4b16-8e2c-19c330044ee7,festival-del-cinema-nuovo-celebrating-disabled-actors-on-screen,8b133595-44d9-4e1e-af74-c777458c46a1,ok,"categoria_menu,forma,tema_label,temi",,2026-04-19T08:54:04.212368
65d18aac-e07d-4d18-8157-8f5565d96f7d,never-alone-three-stories-cd68,cd686221-2f54-4dbd-a684-4a22bb0ed7de,ok,"categoria_menu,forma,tema_label,didascalia_copertina,temi,tags",,2026-04-19T08:54:04.285449
65f6a1ef-3969-4fd1-b3e2-b1c34e9e9d65,the-hunger-for-normalcy,1cfac70a-ca37-4c4e-8580-ae7527a8ae1c,ok,"categoria_menu,forma,tema_label,temi,tags",,2026-04-19T08:54:04.402705
6615bec0-3b4c-4882-b5f6-35b2c419890a,roberto-who-are-you,f63988e7-3a8d-4ffc-bae3-21f1ff1b9057,ok,"categoria_menu,forma,tema_label,temi,tags",,2026-04-19T08:54:04.450301
66551f59-b5d3-4981-98e3-7e6bdae5d1d0,what-to-watch-over-the-holidays,e824662b-4994-413f-8e2d-438d61cbbf6d,ok,"categoria_menu,forma,tema_label,didascalia_copertina,temi",,2026-04-19T08:54:04.491342
6658bb67-5d6f-4d2a-a1cd-91d44ad277c1,the-cri-du-chat-childrens-association,0ef4d3f1-0514-47ab-a80d-14edb00fb8d0,ok,"categoria_menu,forma,tema_label,temi,tags",,2026-04-19T08:54:04.624858
665a34b9-2583-4bee-9bab-e6e59527e5be,catechetical-resources-for-people-with-disabilities,c0a1575c-dafd-49e0-917d-3d65caaf51e2,ok,"categoria_menu,forma,tema_label,temi",,2026-04-19T08:54:04.690770
6665fb25-baf6-4785-9c59-ce583351cdba,faith-and-light-questions-and-answers,7efcbe4e-d993-4fc7-8cfa-adfef4246f6e,ok,"categoria_menu,forma,tema_label,didascalia_copertina,temi,tags",,2026-04-19T08:54:04.774613
66872c4f-509b-4c31-9f51-11a28bea2ab4,the-monks-of-lanuviohow-ethical-banking-financed-a-dream,d997526d-18e8-438c-986d-9eb885d600f8,ok,"categoria_menu,forma,tema_label,didascalia_copertina,temi,tags",,2026-04-19T08:54:04.810869
668c33fb-d538-43b2-a89a-8d381feab176,mariangela-and-santa-silvia-where-it-all-began,84cba335-d887-4ab0-9a52-1701b7cd2995,ok,"categoria_menu,forma,tema_label,didascalia_copertina,temi,tags",,2026-04-19T08:54:04.908571
66a26a17-f0aa-49ee-95ac-4c98c6b1aa38,the-new-after-us-law-questions-still-to-resolve,10967bc5-51f1-46da-babe-75c8a34afcf5,ok,"categoria_menu,forma,tema_label,didascalia_copertina,temi",,2026-04-19T08:54:04.961866
66a3f93c-e914-4347-9c61-34fc726a9c76,trascendere-i-limiti-per-abbracciare-ogni-limite-en,04fbd325-51c2-4592-96a8-1aa2a6bc6791,ok,"categoria_menu,forma,tema_label,didascalia_copertina,temi,tags",,2026-04-19T08:54:05.057860
66aa7a32-965e-41f0-809e-060d9281a0ac,roberta-8c93,8c93f90f-13cc-4b64-a216-b1d5ed15019b,ok,"categoria_menu,forma,tema_label,temi",,2026-04-19T08:54:05.120050
66b91054-92d7-4967-ae29-34be883e97c6,summer-days-at-larche-and-mary-mount,bf60996f-3448-4062-b620-eb2a86f0c4de,ok,"categoria_menu,forma,tema_label,temi,tags",,2026-04-19T08:54:05.178620
66b9e726-e0c7-4054-a948-88cacaf550c7,he-was-always-turned-away,30528160-f530-47a0-9828-fd21dca846ca,ok,"categoria_menu,forma,tema_label,didascalia_copertina,temi,tags",,2026-04-19T08:54:05.240568
66c6073a-eb16-40fe-8d97-d23848e0a43c,as-long-as-my-star-shines,9aa43016-32f3-4fea-8228-96c34a5dcf78,ok,"categoria_menu,forma,tema_label,didascalia_copertina,temi",,2026-04-19T08:54:05.363282
66d433a9-e075-4a35-932b-ea0ac7b6b5b4,my-brother-was-handicapped,204dc2f0-8ca8-4472-ba1a-5dc48dbb8403,ok,"categoria_menu,forma,tema_label,didascalia_copertina,temi,tags",,2026-04-19T08:54:05.421902
66d6e7f2-4f4a-484b-a6c9-fd213505dc77,locarno-77-from-jane-campion-to-saule-bliuvaite,6ce2ad38-365d-4779-9e1e-d1f2013c4e25,ok,"categoria_menu,forma,tema_label,didascalia_copertina,temi,tags",,2026-04-19T08:54:05.475853
66f0c0bd-9c61-4d0f-a586-f2a872a70426,what-the-convention-saysand-doesnt,448a4aa3-c90a-4ce4-9eec-44a9699185bb,ok,"categoria_menu,forma,tema_label,temi,tags",,2026-04-19T08:54:05.544737
670484f1-487a-45b3-b7f7-e245ff21ad86,apadest-a-piedmont-association-for-turner-syndrome-and-a-beautiful-surprise,2d866075-3eb6-43dd-8b82-c5f37594b7bf,ok,"categoria_menu,forma,tema_label,temi",,2026-04-19T08:54:05.625016
6739e062-d1e7-4167-a451-3a69108da3cd,children-discover-ancient-rome,f9d6b095-061f-4262-bb1b-5c6a3ae6ebe6,ok,"categoria_menu,forma,tema_label,didascalia_copertina,temi",,2026-04-19T08:54:05.764594
675669b0-7e24-4daa-a36c-6bec4c38a8fe,you-are-both-lamb-and-shepherd,e9b6fd7b-a150-4034-a87e-13e4deb9f51e,ok,"categoria_menu,forma,tema_label,temi,tags",,2026-04-19T08:54:05.769159
676623de-baf6-4f3c-a365-3c6df3627711,dining-with-a-deaf-person,58c53b8b-065e-42c2-8711-f630bc22e71d,ok,"categoria_menu,forma,tema_label,didascalia_copertina,temi,tags",,2026-04-19T08:54:05.899678
67818857-9229-4b64-b906-eb23cb523659,open-dialogue-33,261c64ea-e0da-4c4c-9c3d-cf8ac2a6e22c,ok,"categoria_menu,forma,tema_label,didascalia_copertina,temi",,2026-04-19T08:54:05.992136
67911724-3cc4-442c-a1cf-85b70e994a86,in-memory-of-don-dario,1ddc9904-d2dd-4002-850f-3c26a1131aec,ok,"categoria_menu,forma,tema_label,didascalia_copertina,temi,tags",,2026-04-19T08:54:06.118737
67932925-ab68-4f16-9fbe-fd28fc1a5cf4,open-dialogue-no-8,84d3bac2-76c1-4da6-9e77-2ffe97799946,ok,"categoria_menu,forma,tema_label,didascalia_copertina,temi,tags",,2026-04-19T08:54:06.146876
67941951-2685-4ba7-a2dd-df0327993627,lost-in-translation,78977391-49ff-4e02-ab00-faf329277e57,ok,"categoria_menu,forma,tema_label,temi",,2026-04-19T08:54:06.181985
67a1724b-e169-4b83-b9ef-9834a13d0059,with-open-arms,1486b446-cc05-4fd6-8b98-fb1b7769bdc6,ok,"categoria_menu,forma,tema_label,temi,tags",,2026-04-19T08:54:06.320860
67b4d68c-fa84-4561-b8dd-ea3b2b42914c,4300-meters-high-newsletter-n-31,c1a90d38-5cee-4771-86ee-b98c6fe77b68,ok,"categoria_menu,forma,tema_label,didascalia_copertina,temi",,2026-04-19T08:54:06.460716
67ac3620-5a66-442b-8689-c26ff1521a21,with-pride-and-tenderness,48f4ffc7-03d2-4881-9803-fb1980e816e1,ok,"categoria_menu,forma,tema_label,didascalia_copertina,temi,tags",,2026-04-19T08:54:06.449426
67b5ddf4-68b7-4b09-9039-50b9e8ff6f18,autism-what-families-need-to-know,7aced81b-ef57-44ad-bbc3-f608e8a27dec,ok,"categoria_menu,forma,tema_label,didascalia_copertina,temi",,2026-04-19T08:54:06.508307
67cf812d-61a7-46b8-8444-122a2abaed16,isaac-the-imperfect-son,b5716033-a7d1-42d4-bcb8-4e5a570d78a3,ok,"categoria_menu,forma,tema_label,temi",,2026-04-19T08:54:06.661161
67e96534-25c8-42ac-b35f-794c5cef2bc5,antonellas-first-carnival,ce80fc40-e60e-49bd-a2e6-77847a83a5f0,ok,"categoria_menu,forma,tema_label,didascalia_copertina,temi,tags",,2026-04-19T08:54:06.826323
67ea74f0-09a2-434f-ad4d-dd694d060ae9,faith-formation-for-all,b0416ed7-4321-4ed0-8dab-930f624af048,ok,"categoria_menu,forma,tema_label,didascalia_copertina,temi",,2026-04-19T08:54:06.848650
680010aa-3ab2-425f-bb55-7d9ed125f254,an-experimental-center-for-autism,27201dc1-5f51-406c-94b1-b512b51c5755,ok,"categoria_menu,forma,tema_label,temi,tags",,2026-04-19T08:54:06.883069
680d962d-e738-4ce3-8bd4-0839b47b9059,winter-retreats-holiday-time-with-disabled-participants,052c88ba-51ea-4459-95b1-8ebf9fd72ebd,ok,"categoria_menu,forma,tema_label,didascalia_copertina,temi,tags",,2026-04-19T08:54:07.006331
680f8e5e-6ccd-4be6-ab47-b02f9b0b8502,the-gift-of-a-face,0a9f07c2-9297-4484-ab9f-146adcb25100,ok,"categoria_menu,forma,tema_label,temi",,2026-04-19T08:54:07.163195
6814c4d6-3330-4921-adf1-ff1fd325faf2,bologna-to-rome-by-tandem,f8cf8779-5848-4ed2-ab8e-6b145c82bf93,ok,"categoria_menu,forma,tema_label,didascalia_copertina,temi",,2026-04-19T08:54:07.191522
681c8121-a725-43ed-bb9b-c8764a8f57e3,on-top-of-the-world-without-taking-a-step,c4b928c8-90d6-4714-8c9a-a7c068f164ef,ok,"categoria_menu,forma,tema_label,didascalia_copertina,temi,tags",,2026-04-19T08:54:07.219815
6854cddf-b25f-48f3-8da5-181d2583c55d,three-days-in-assisi,3dca4e84-4431-450f-8f64-8b5e6d386372,ok,"categoria_menu,forma,tema_label,didascalia_copertina,temi,tags",,2026-04-19T08:54:07.342914
68884553-c54f-40c8-b54b-c2780ed82787,no-child-is-born-bada-book-review,c8cb25a5-8403-44f1-ad96-d408ac88c636,ok,"categoria_menu,forma,tema_label,temi",,2026-04-19T08:54:07.431715
688b02f1-4aee-470a-88f8-a302ebb2580e,she-was-my-motherand-someone-else-entirely,ab6e01b0-5c18-4fd4-ab66-b98f04d612ad,ok,"categoria_menu,forma,tema_label,temi,tags",,2026-04-19T08:54:07.473287
6896b0b0-53d9-4f37-87df-7d7b012eda33,biografilm-festival-bolognas-festival-of-lives,fb008577-d937-4661-9fa4-f07111485717,ok,"categoria_menu,forma,tema_label,temi",,2026-04-19T08:54:07.530575
68b37c54-cf71-4b32-b0bc-9add830f5abe,lourdes-1981-help-us-make-the-pilgrimage-possible,414f49c5-eb9f-494a-b01d-7716268ecdde,ok,"categoria_menu,forma,tema_label,temi,tags",,2026-04-19T08:54:07.658592
68c2157c-f559-4b87-81ea-160473f76670,me-and-my-brother,178a26d0-66aa-4a11-ab9a-8dca9cae082a,ok,"categoria_menu,forma,tema_label,didascalia_copertina,temi,tags",,2026-04-19T08:54:07.726989
68cbc160-8e8d-43fd-b23c-b902a389184f,faith-and-light-international-the-rome-gathering,32c41f9f-6132-447c-bab1-5b2409cdad4e,ok,"categoria_menu,forma,tema_label,didascalia_copertina,temi,tags",,2026-04-19T08:54:07.757174
68cfad04-e3fe-41df-979b-89f40956f72e,rewriting-the-problem-how-a-father-and-son-found-joy-on-two-wheels,7403c3be-1c5b-4aa4-9c75-caea4a3ffcb9,ok,"categoria_menu,forma,tema_label,didascalia_copertina,temi",,2026-04-19T08:54:07.815002
6901a580-891c-41be-9eba-569abc37706a,how-to-teach-your-child,f52794bb-a6f3-4a06-a48f-f142672b86d5,ok,"categoria_menu,forma,tema_label,temi,tags",,2026-04-19T08:54:07.970224
690aab40-48ff-4d79-bfbb-339b5d909175,your-life-and-mine,4e4e807d-1aab-47de-a27e-821bcdef7592,ok,"categoria_menu,forma,tema_label,temi",,2026-04-19T08:54:08.051225
690c0c6e-f768-44b5-b304-2652181b00be,cardinal-martini-on-work-today,cfdbd9d3-e096-4301-a793-c1c102d38508,ok,"categoria_menu,forma,tema_label,didascalia_copertina,temi,tags",,2026-04-19T08:54:08.105961
690aae49-6a83-4960-afba-d395cc22268a,helping-a-child-grieve,b36c4e0d-3397-43da-9d79-28b69c4b1b85,ok,"categoria_menu,forma,tema_label,temi,tags",,2026-04-19T08:54:08.091013
6953d073-b234-4e9a-91df-d418ea58ef98,this-is-beautiful-the-story-of-rospella,0bf72438-1e40-40d0-b025-02a9fee74726,ok,"categoria_menu,forma,tema_label,temi",,2026-04-19T08:54:08.344626
69676bc4-dc18-42c5-87fe-e3c798badb93,life-in-the-provinces-no-150,85dda14c-bc41-40b9-b2da-cfb68f796b75,ok,"categoria_menu,forma,tema_label,didascalia_copertina,temi",,2026-04-19T08:54:08.413255
696a9426-9db8-4b77-8602-249cfa6858e7,a-way-of-prayer,296fd8a8-17c4-46ea-a05d-64a12e9bb2c4,ok,"categoria_menu,forma,tema_label,didascalia_copertina,temi",,2026-04-19T08:54:08.462417
696bca69-842d-47e2-bc56-44c0a9b77ac6,my-son-an-angel-who-chose-to-live-review,f4b8420b-675c-4caa-a11f-7bc5189e32f4,ok,"categoria_menu,forma,tema_label,temi",,2026-04-19T08:54:08.515023
696fc108-4ea6-4c98-bed6-979fcdad76db,being-a-volunteer-beats-being-president,945f3bc9-3b04-40f5-a180-5b87e8b71747,ok,"categoria_menu,forma,tema_label,didascalia_copertina,temi,tags",,2026-04-19T08:54:08.662179
69a3dd3e-2a24-4342-9578-ca98e29ff6ff,twenty-days-of-firsts-at-marina-di-camerota,b8b60b0b-8b54-4417-bb21-87d16961d468,ok,"categoria_menu,forma,tema_label,temi",,2026-04-19T08:54:08.703320
69bee56e-189b-4a8e-bdee-1f0abc70247f,its-not-always-easy-being-a-sister,a27a4ec8-44f1-4041-87fe-b8980d1ae499,ok,"categoria_menu,forma,tema_label,didascalia_copertina,temi,tags",,2026-04-19T08:54:08.773730
69bfce0d-89c0-4b01-8ef3-a24f4e172fc4,the-curiosity-to-tell-the-world,a0615dc7-1dbb-40d9-b8fb-581c194d83ab,ok,"categoria_menu,forma,tema_label,temi",,2026-04-19T08:54:08.827609
69c9876d-a021-4ca3-b7f1-c2c8de109d33,life-faith-and-light-no-45,a6455965-a0e9-4a57-88a1-a618d7824de8,ok,"categoria_menu,forma,tema_label,temi",,2026-04-19T08:54:08.989526
69e33bdf-6e9e-4aa1-80df-aba621d09110,different-families,a1e4551b-a166-41c9-b97c-94dbd74e8892,ok,"categoria_menu,forma,tema_label,didascalia_copertina,temi",,2026-04-19T08:54:09.083521
6a041ce6-5637-421a-96fe-139971d963c5,how-to-approach-someone-with-a-disability,246e9dc7-8ab0-4a1e-b971-783c9ad3a301,ok,"categoria_menu,forma,tema_label,temi,tags",,2026-04-19T08:54:09.140022
6a048bdc-abb5-4b20-ac73-21e3f4e417fa,what-is-a-syndrome,cb7cce7e-9f58-4e76-ba0e-32b505274661,ok,"categoria_menu,forma,tema_label,temi",,2026-04-19T08:54:09.179428
6a0b1a24-3bf2-489c-b42f-e4f55979b34b,worlds-apart,fd53ed1e-e800-4b6c-810e-01e40810c621,ok,"categoria_menu,forma,tema_label,didascalia_copertina,temi",,2026-04-19T08:54:09.307470
6a25ee53-b4ad-403d-b6bc-56eb6acfd420,ombre-e-luci-now-in-english,ca1df646-21ee-41eb-9f63-63b40720f934,ok,"categoria_menu,forma,tema_label,didascalia_copertina,temi",,2026-04-19T08:54:09.411011
6a0c9aca-2407-400c-be64-7773961c8f2a,when-nature-brings-us-back-to-life,96d8a8e8-a178-4eb4-80ce-a3ef35ce0435,ok,"categoria_menu,forma,tema_label,temi",,2026-04-19T08:54:09.379392
6a44ac72-2808-40a0-89b6-9345c73e36ee,le-bambine-africane-sono-una-festa-di-treccine-en,004354e2-1f34-478b-8d60-140298bc0122,ok,"categoria_menu,forma,tema_label,didascalia_copertina,temi,tags",,2026-04-19T08:54:09.482569
6a655f54-d34b-4c2a-b042-3cc1f31f27fa,solidarity-condominiums,2f84bc98-4d2d-4e78-a0b0-2dedd21861e8,ok,"categoria_menu,forma,tema_label,didascalia_copertina,temi,tags",,2026-04-19T08:54:09.647936
6a66df7e-6714-4e19-ad1c-706d9d2aa984,open-forum-150,74cdf413-bcd2-4be9-99e8-c288357a1dae,ok,"categoria_menu,forma,tema_label,didascalia_copertina,temi",,2026-04-19T08:54:09.720849
6a7c33ed-3c60-4558-a22a-4ace1fe68cbb,the-mafia-explained-to-young-peoplea-review,02b43b29-568f-486f-aa7a-a0b720f1f00c,ok,"categoria_menu,forma,tema_label,temi",,2026-04-19T08:54:09.723311
6a93847d-0a05-415f-ac91-24bdc89cd182,fog-in-august,feb1e253-2a87-479c-9365-a65b2706055c,ok,"categoria_menu,forma,tema_label,temi",,2026-04-19T08:54:09.808286
6aaa78f2-5ca1-4b3b-8432-516aaaec7206,a-whirlwind-of-moments,dfc72c02-1d77-4e1e-88dd-ac0c07d4485e,ok,"categoria_menu,forma,tema_label,didascalia_copertina,temi",,2026-04-19T08:54:09.911641
6ab25603-92f1-4c55-89c0-0d9b38161168,all-aboard,1d2707cc-251a-40fb-8953-31d76d400591,ok,"categoria_menu,forma,tema_label,didascalia_copertina,temi,tags",,2026-04-19T08:54:10.059047
6ac83792-619a-4169-83cc-b92ec6048648,faith-and-lights-little-house-what-it-is-what-it-aims-for-and-who-comes,6f740e13-6aab-404c-b1b7-68978a95bebe,ok,"categoria_menu,forma,tema_label,temi,tags",,2026-04-19T08:54:10.064177
6ac954bc-5936-43ab-ae05-c7c51e1d65a1,in-the-name-of-all-of-us,3231b4eb-ccc6-44c1-a35f-533f2ca58535,ok,"categoria_menu,forma,tema_label,didascalia_copertina,temi",,2026-04-19T08:54:10.110098
6ad9650e-737a-49f5-bd96-288238c81677,why-we-do-what-we-do,cd1d3718-e035-484b-abc8-b7f5e40821b2,ok,"categoria_menu,forma,tema_label,temi,tags",,2026-04-19T08:54:10.269241
6afa8b78-d6b3-41f3-90d4-6c3ff4832db2,i-want-to-show-you-a-path,157494e7-0367-4fd8-ae0b-4403db0d0758,ok,"categoria_menu,forma,tema_label,didascalia_copertina,temi,tags",,2026-04-19T08:54:10.328469
6b10421b-a2ae-4c11-a455-ec24d8a2a07e,my-sister,72e827da-51d3-44de-9a5a-7d08d4a9c868,ok,"categoria_menu,forma,tema_label,temi,tags",,2026-04-19T08:54:10.365852
6b2984df-6fb0-42aa-80c5-a09347169c40,dialogo-aperto-n-100-en,03896916-e3f6-4fac-ac7c-00b790da33a5,ok,"categoria_menu,forma,tema_label,didascalia_copertina,temi",,2026-04-19T08:54:10.424719
6b4049d7-b8ac-4f9b-ae21-901ec5ec47f4,francesca-cabrini-crosses-the-sky-a-life-across-continents,ce586535-935d-4098-8600-b98db8fea292,ok,"categoria_menu,forma,tema_label,temi",,2026-04-19T08:54:10.581029
6b45eca7-f6a3-45b6-8bdf-1e02f99c695e,a-perfectly-terrible-faith-and-light-camping-trip,052e8bb1-bdc2-4d2c-9c49-464d42cc6ed5,ok,"categoria_menu,forma,tema_label,didascalia_copertina,temi,tags",,2026-04-19T08:54:10.626864
6b5ca708-7421-4d7c-9264-7076032a5290,welcoming-an-autistic-child,0e053f97-6f21-4bc0-80cd-e732e48a7f3b,ok,"categoria_menu,forma,tema_label,didascalia_copertina,temi",,2026-04-19T08:54:10.699090
6b96d2ee-c9a6-474d-a2b8-976bea713758,disability-dialogue-in-palermo,25fe4cf3-0790-40e2-a791-127b2cacc6a7,ok,"categoria_menu,forma,tema_label,temi,tags",,2026-04-19T08:54:10.716932
6bbde8ab-8801-45ba-bc8c-704411a9e0eb,the-sea-has-no-use,adb66c3b-d445-4680-b280-29322d16a4d0,ok,"categoria_menu,forma,tema_label,temi",,2026-04-19T08:54:10.918344
6bc69980-7c38-45a7-83ce-1db762b25191,if-assisi-1978,1b3ed840-da29-44ea-9a36-9c240d48836b,ok,"categoria_menu,forma,tema_label,temi,tags",,2026-04-19T08:54:10.947860
6bf939b6-0822-4037-8f0c-9b513bbb3eb4,maries-victory,9396bc9b-81e9-435e-8cd3-cc5c026e02a1,ok,"categoria_menu,forma,tema_label,didascalia_copertina,temi",,2026-04-19T08:54:10.990561
6c0834fe-e685-4d0f-9dfd-0c529c4e9874,living-the-final-moment,0b598562-5f7d-4bb6-a270-167e85fb102c,ok,"categoria_menu,forma,tema_label,didascalia_copertina,temi,tags",,2026-04-19T08:54:11.031416
6c2d45b2-9dfe-44fe-821c-ad67ef692645,how-to-fit-a-dozen-years-into-four-lines,b110b366-5db4-4445-8d72-bc209ff4f3b0,ok,"categoria_menu,forma,tema_label,temi,tags",,2026-04-19T08:54:11.239045
6c11a71f-6c68-4644-9fe7-5f63e695392a,julians-story-a-wonder-novella,5be94daa-be28-4cb9-bdc2-388fd0d218bf,ok,"categoria_menu,forma,tema_label,didascalia_copertina,temi",,2026-04-19T08:54:11.202444
6c392944-dd75-4830-b1b9-81b57ccc9fdc,nurturing-talent,7f1d8389-6fe7-4fc4-b454-2a90c7267a6d,ok,"categoria_menu,forma,tema_label,temi",,2026-04-19T08:54:11.295117
6c5e2d40-15c8-4eee-9c72-93682a37af34,finding-peace-a-book-review,b6ecb8f8-f473-453c-ae76-14b077db621b,ok,"categoria_menu,forma,tema_label,temi",,2026-04-19T08:54:11.356344
6ccc3518-b885-45ab-b843-db6b48f09b94,i-saw-so-many-things,244c3333-7adf-42ff-8673-ba4b3a1de43e,ok,"categoria_menu,forma,tema_label,didascalia_copertina,temi,tags",,2026-04-19T08:54:11.581980
6cd8c47d-c459-44d8-8abd-6a3aaf392d85,fragile-girls,36afd46f-1fd3-4e32-915b-6e9fd4f9e874,ok,"categoria_menu,forma,tema_label,didascalia_copertina,temi",,2026-04-19T08:54:11.611325
6c7ff6b2-675e-4d26-992b-61d44e4ccb43,open-dialogue-no-13,56e61a1f-9b79-445b-b26e-730a0fbca1ab,ok,"categoria_menu,forma,tema_label,didascalia_copertina,temi,tags",,2026-04-19T08:54:11.563861
6d07e5c4-e35a-45be-8ec3-9230e0ef03d6,women-in-the-breath-of-ruah-womens-witness-to-jesus-death-and-resurrection-a-review,812e38a8-bd80-487b-8a31-92c52197e26c,ok,"categoria_menu,forma,tema_label,didascalia_copertina,temi",,2026-04-19T08:54:11.672548
6d188ebc-ee67-420c-b774-df609b872b8d,teresa-6964,696406c5-1e11-44f9-8c67-f303b6809d14,ok,"categoria_menu,forma,tema_label,temi",,2026-04-19T08:54:12.010720
6d145bda-6c1b-498e-96f9-44dbb0fc7608,my-life-at-santa-palomba-e394,e394fac3-8070-417a-8568-593443719ae2,ok,"categoria_menu,forma,tema_label,didascalia_copertina,temi,tags",,2026-04-19T08:54:11.998263
6d45ca8f-0659-491d-81e1-68325a4f7588,come-and-see-the-youth-meeting-in-alicante,19f1fecb-d7bf-4e93-b92c-e38efa1e105c,ok,"categoria_menu,forma,tema_label,didascalia_copertina,temi,tags",,2026-04-19T08:54:12.026260
6d30e177-e42b-4418-8604-d9ec27e2181a,i-walked-rome-for-you,040a09ce-1e98-42c5-b281-5dfb0006be1e,ok,"categoria_menu,forma,tema_label,didascalia_copertina,temi,tags",,2026-04-19T08:54:12.014923
6dceac83-dc65-4c7f-b2e9-d13d85680687,three-cups-of-tea-review,1f1bad49-f8d9-4d50-b3f3-c670594f6b4d,ok,"categoria_menu,forma,tema_label,temi",,2026-04-19T08:54:12.393665
6d48d793-951d-44c4-b7a1-c3a682d92cbc,open-dialogue-no-23,ae935619-ee5f-43ca-82bc-f5e265b4b474,ok,"categoria_menu,forma,tema_label,didascalia_copertina,temi",,2026-04-19T08:54:12.324655
6d5bd093-d9ba-4683-b779-566caa3db179,a-celebration-at-castelporziano,fbc87217-85f4-4db1-95fc-cf34dd90a193,ok,"categoria_menu,forma,tema_label,didascalia_copertina,temi",,2026-04-19T08:54:12.355403
6dd3e121-2663-4789-94fc-58ff2c55315f,through-you-free-screening-of-documentary-on-siblings-of-people-with-disabilities,22089713-3e86-4204-9142-cfec62b97323,ok,"categoria_menu,forma,tema_label,temi,tags",,2026-04-19T08:54:12.413984
6def7b56-3eeb-438e-a82d-ff91ee3645d9,every-child-is-a-journey-a-world-to-discover-one-step-at-a-time,4cc0e3b5-a220-48c6-aaef-a64c810d1d66,ok,"categoria_menu,forma,tema_label,didascalia_copertina,temi",,2026-04-19T08:54:12.657740
6dd6187a-e432-44d9-a369-ad5cf1f8163b,the-outsider-and-the-girl,fa1cbe06-707e-4f90-b613-e2a84d1c59e2,ok,"categoria_menu,forma,tema_label,temi",,2026-04-19T08:54:12.641127
6e13f4c9-fc95-4686-afa8-a25a5ec1f08c,lourdes-1991-a-pilgrimage-that-changed-everything,554f207f-f650-4238-9425-9866ac516095,ok,"categoria_menu,forma,tema_label,didascalia_copertina,temi,tags",,2026-04-19T08:54:12.675738
6e47dc25-b04e-4b17-a8a0-ddf1d8b8546a,casa-betanias-new-moon,95e18728-6bbc-4842-86bf-34f2f1e6aec5,ok,"categoria_menu,forma,tema_label,didascalia_copertina,temi",,2026-04-19T08:54:12.724382
6e48b6a5-77b4-4d1b-897d-9c51eed13b46,life-faith-and-light-no-66,93760bde-3cf8-405e-83aa-a5076f723aa1,ok,"categoria_menu,forma,tema_label,didascalia_copertina,temi,tags",,2026-04-19T08:54:12.946894
6e791edf-95b8-459f-9704-f28661ad688c,the-alfedena-effect,301fe983-2923-49d6-a9c1-b3ac911aa25f,ok,"categoria_menu,forma,tema_label,didascalia_copertina,temi,tags",,2026-04-19T08:54:13.004574
6e66a55a-19e4-4e60-915f-ac1fe2258d99,teaching-bowel-and-bladder-control-a-guide-for-parents-and-educators,ed0545e0-f698-45e1-be0b-620a009360f2,ok,"categoria_menu,forma,tema_label,didascalia_copertina,temi,tags",,2026-04-19T08:54:12.948454
6e6fcd21-5a8e-41fc-b521-c188fb17d56c,psychology-and-self-worshipdoes-psychology-help-us-believe,4b7576dc-a0ca-45e6-b27b-5477f7063032,ok,"categoria_menu,forma,tema_label,didascalia_copertina,temi",,2026-04-19T08:54:12.992447
6e7a5cc6-7416-460a-89ab-95819d3983ca,a-short-film-and-a-series-close-out-romes-film-festival,44f47b04-ccb4-41b7-ba67-04aa892a8ec5,ok,"categoria_menu,forma,tema_label,didascalia_copertina,temi",,2026-04-19T08:54:13.215137
6e83ba63-8563-4bb3-8800-3e7dc443c5ea,disabuse-tackling-bullying-and-disability-across-europe,dca973ee-4b79-4f77-820e-9c040e89cd4a,ok,"categoria_menu,forma,tema_label,temi",,2026-04-19T08:54:13.331198
6ea06f8e-e80a-4ae5-9b1a-9133e14beaa6,from-the-provinces-issue-135,280a11bc-b92c-4f9b-a2ca-05244b0a7c1e,ok,"categoria_menu,forma,tema_label,didascalia_copertina,temi",,2026-04-19T08:54:13.356969
6e92142c-60a0-419f-9a08-8f38a83d672a,accompanied-and-cared-for,d1c6ad90-5480-4caa-9465-228b3b29b71a,ok,"categoria_menu,forma,tema_label,didascalia_copertina,temi,tags",,2026-04-19T08:54:13.336062
6ea3e019-4730-473c-8e19-2fd243e0f02b,mental-disability,e14aeba2-9819-4a91-96c0-b57423a13bde,ok,"categoria_menu,forma,tema_label,temi,tags",,2026-04-19T08:54:13.529015
6eacc1ae-9106-47e8-9f27-d95eaea5d551,signs-of-wonder,13861413-06eb-4852-9743-6fb68a007df8,ok,"categoria_menu,forma,tema_label,temi",,2026-04-19T08:54:13.674620
6ecba6ee-97bd-49be-a050-2d39cd50ae92,stories-from-the-margins-at-the-rotterdam-festival,70a68071-ad21-4045-80ed-d07f85ad94bd,ok,"categoria_menu,tema_label,didascalia_copertina,temi",,2026-04-19T08:54:13.701136
6ed6f9a3-ab90-4b83-baf4-ba3e419af381,san-sebastian-the-smallest-of-the-great-festivals,2d9606a2-f400-480b-8a65-c38c048c213c,ok,"categoria_menu,forma,tema_label,didascalia_copertina,temi",,2026-04-19T08:54:13.706479
6efa848b-a606-41a8-806b-4f552b0377a4,alzheimer-im-becoming-more-human,6de1603a-4bba-45ef-ba8d-90ecfd494179,ok,"forma,didascalia_copertina,temi,tags",,2026-04-19T08:54:13.856957
6efb3b28-567e-4045-a1d2-bf8fd0ca7354,between-voices-and-signs-when-language-shapes-connection,be2a9313-8240-4a84-8791-65f9fd3cdfb8,ok,"categoria_menu,forma,tema_label,didascalia_copertina,temi",,2026-04-19T08:54:14.060116
6f2737b4-76ce-46e9-a1da-29995d1a5c66,grandparents-can-do-so-much,15e04c3f-6a0f-49de-a268-55a32ce190db,ok,"categoria_menu,forma,tema_label,temi,tags",,2026-04-19T08:54:14.066728
6f2e23e2-fb26-48a0-87d8-4ee9d0200f3e,how-do-you-believe-in-mary,c0b66341-8f4a-42f8-93ef-871f3d77b28a,ok,"categoria_menu,forma,tema_label,didascalia_copertina,temi",,2026-04-19T08:54:14.075862
6f4877b1-9769-4022-96fa-463b15c31730,faith-and-light-anatomy-of-a-community-of-encounter,70a2078e-c035-4fac-b515-b9101d313e29,ok,"categoria_menu,forma,tema_label,didascalia_copertina,temi,tags",,2026-04-19T08:54:14.176997
6f6bf64d-03dd-4492-ae6e-16a5c64725ed,1500-grams-of-ash-cremation-and-christian-faith-a-review,e44e02ef-23e5-458d-ab9a-e0468621b5d5,ok,"categoria_menu,forma,tema_label,didascalia_copertina,temi",,2026-04-19T08:54:14.498705
6f6eac33-1d85-4dcb-ae75-c4e329fe7c98,breaking-the-silence-of-loneliness,12e2fc5f-c96c-41f9-904c-a60db647d2b5,ok,"categoria_menu,forma,tema_label,temi,tags",,2026-04-19T08:54:14.524527
6f48e75f-78b9-445f-9645-a5a56bbd8753,giacomo-195e,195eacec-a4e0-4ce6-8f39-84e6a8780472,ok,"categoria_menu,forma,tema_label,temi,tags",,2026-04-19T08:54:14.496678
6f91743f-d5b9-49f4-90e5-9b80c57dee27,surprised-by-the-risen-christ-a-review,307a875e-982b-486e-ab06-8ad2016266a0,ok,"categoria_menu,forma,tema_label,didascalia_copertina,temi",,2026-04-19T08:54:14.573411
6f9267a6-0d53-4b67-b596-5d08ce5dfaf2,to-parents-and-friends,4013c2e6-0edf-4298-87f6-e2e4250c93e1,ok,"categoria_menu,forma,tema_label,temi",,2026-04-19T08:54:14.822752
6fa5c026-ce2b-492a-af5e-2ffb2ce52eb2,never-alone-the-faith-and-light-story-a-review,1d3f03e3-f92d-49fd-a492-4a87dda5717e,ok,"categoria_menu,forma,tema_label,didascalia_copertina,temi",,2026-04-19T08:54:14.850013
6fd303c4-c122-424c-92b3-6d89c180799d,ombre-e-luci-no-15-1986,eb6da754-873e-408a-84f2-f81b43d070f2,ok,"categoria_menu,forma,tema_label,temi",,2026-04-19T08:54:14.879980
6fee5686-c644-4371-89ee-ed90a1ff91c1,six-star-hotel,9b791271-6a39-4318-af52-902b945b8e1f,ok,"categoria_menu,forma,tema_label,didascalia_copertina,temi",,2026-04-19T08:54:14.947290
6ffcb885-a378-4ac2-bfdd-f5fc23399496,faith-and-light-a-global-family,7996dc99-61b5-491a-ac74-ebcfe7f34996,ok,"categoria_menu,forma,tema_label,didascalia_copertina,temi,tags",,2026-04-19T08:54:15.161988
6fffcdab-0642-417b-82aa-18e325555bd7,every-march-that-passes,f8fc7798-e407-4c17-9e6c-c763a3a11d96,ok,"categoria_menu,forma,tema_label,temi,tags",,2026-04-19T08:54:15.170306
70311f73-795b-4864-a863-dd2a5efd61bb,open-dialogue-no-110,bbdbf91c-5843-4f4e-ae10-f4b5f0ff179d,ok,"categoria_menu,forma,tema_label,temi",,2026-04-19T08:54:15.242590
7022d023-73e8-48bc-97b5-a8959f596d57,a-path-of-transformation,3d049208-ace5-42a7-8072-d7506f53a274,ok,"categoria_menu,forma,tema_label,didascalia_copertina,temi,tags",,2026-04-19T08:54:15.232166
7032c740-c90b-466d-93b0-8937b60e1ea2,faith-and-light-issue-no-147,1f7dff02-d357-471b-8619-1e7875d9eda8,ok,"categoria_menu,forma,tema_label,didascalia_copertina,temi",,2026-04-19T08:54:15.456656
705a6eb6-e820-47ec-8b02-5807a671e42e,who-helps-the-family-the-specialists,66a72dde-f6a0-40d7-ad49-3f64cda44a51,ok,"categoria_menu,forma,tema_label,temi,tags",,2026-04-19T08:54:15.544368
704788bc-9dc3-4559-9aa5-4ef71cbde1be,viviana-3cfd,3cfd8961-a2d6-4f1d-9e8c-ae0b18970ca8,ok,"categoria_menu,forma,tema_label,temi,tags",,2026-04-19T08:54:15.495938
705f6c50-d6db-4176-9beb-05cfddefcef9,building-a-world-where-everyone-belongs,69c91123-9622-47e2-a85f-c32bd1268855,ok,"categoria_menu,forma,tema_label,temi",,2026-04-19T08:54:15.610802
707cb9f1-3fce-4203-8d8b-d832921e7b89,ennio-the-alien-a-review,f7f2f21d-bad2-4329-ba8d-5a651432c57e,ok,"categoria_menu,forma,tema_label,didascalia_copertina,temi",,2026-04-19T08:54:15.778521
70943fc3-4c0d-498d-8067-c1bdb10f0d89,la-tent-a-home-for-children-under-six,5f130b70-ff63-48ca-9182-50b6691f098b,ok,"categoria_menu,forma,tema_label,didascalia_copertina,temi,tags",,2026-04-19T08:54:15.812013
709a0eb7-f87c-4389-a985-5d958061c91e,fragile-0e07,0e07ca3e-787d-40c6-9c14-995e568c4293,ok,"categoria_menu,forma,tema_label,temi,tags",,2026-04-19T08:54:15.868068
70b4cf5d-8d0e-47bf-9589-c2452a6f7f7a,faith-and-light-newsletter-no-16,c7a93393-2692-4980-8199-5f1520c95f14,ok,"categoria_menu,forma,tema_label,temi,tags",,2026-04-19T08:54:15.908945
70b6a51d-6cbf-4443-a56c-53f7f580c93d,faith-and-light-news-the-festival-of-light-and-more-from-the-movement,af67fdc8-af95-4eb8-984d-71c53a8e16a4,ok,"categoria_menu,forma,tema_label,temi",,2026-04-19T08:54:16.066302
70b7abee-6193-4068-8d49-04fcb043cdd8,the-5th-international-conference-on-autism-1983,b6ce0194-421c-4448-ad78-cddeb1507d0a,ok,"categoria_menu,forma,tema_label,temi",,2026-04-19T08:54:16.110395
70b83b03-5742-46a6-bf62-d8ca40d263b7,christian-life-and-disability,41e78fec-bcaf-44e6-9cf7-a9bdd88838bf,ok,"categoria_menu,forma,tema_label,temi,tags",,2026-04-19T08:54:16.144018
70b96278-46e2-4b14-af20-5aedf8d7c453,i-wanted-to-be-a-butterfly-a-review,eb0b9c9a-a2c5-433b-9850-0a9b334d9fa1,ok,"categoria_menu,forma,tema_label,didascalia_copertina,temi",,2026-04-19T08:54:16.242153
70b9e4f2-0dc1-4bd9-bb25-e79d41ac3fd4,breaking-the-news-how-to-tell-parents-their-child-has-down-syndrome,f8d315dc-cd82-4fd0-a8d2-d5c89b12804d,ok,"categoria_menu,forma,tema_label,didascalia_copertina,temi,tags",,2026-04-19T08:54:16.388193
70c0d256-a847-4b1f-9196-7bdf0ba4c3aa,the-other-daughter,6c7cb0b4-e3e9-43eb-aadc-9fdd07873180,ok,"categoria_menu,forma,tema_label,didascalia_copertina,temi",,2026-04-19T08:54:16.407704
70c56190-45a1-4a1e-9eb1-c3e3ed9083cf,the-magic-of-the-special-olympics-opening-night,51de456d-7463-4a3c-968b-0c621557dd73,ok,"categoria_menu,forma,tema_label,didascalia_copertina,temi,tags",,2026-04-19T08:54:16.455436
70e3b915-7b46-4c4e-9635-662c626720ec,is-there-a-third-way,4d50a4bc-9a79-4305-8f05-ea6c93153a1d,ok,"categoria_menu,forma,tema_label,temi,tags",,2026-04-19T08:54:16.532151
71207e55-67d3-462b-84a9-949991ddc356,observations-of-an-ordinary-mother-a-review,b5f21945-3e70-4378-97a2-62bda7e06a8c,ok,"categoria_menu,forma,tema_label,didascalia_copertina,temi",,2026-04-19T08:54:16.683963
713bb848-bad3-43e7-8df1-5fecff8e4e12,after-us-proceedings-of-the-anffas-conference,5c563462-40cd-4935-883e-66996fe52aec,ok,"categoria_menu,forma,tema_label,didascalia_copertina,temi",,2026-04-19T08:54:16.902715
714055d7-b715-4e10-ae8c-2f6a6267792a,open-dialogue-no-133,9802c9f0-417f-44f3-bfd6-a26ca8eee745,ok,"categoria_menu,forma,tema_label,didascalia_copertina,temi,tags",,2026-04-19T08:54:16.958841
717e01bc-31b5-4523-ada1-e6e0c72a0adb,jean-at-ninety,82d26cd7-07c7-4de5-a973-80e621abed05,ok,"categoria_menu,forma,tema_label,didascalia_copertina,temi",,2026-04-19T08:54:17.040668
719bec52-e231-4a6a-a722-7cbaf7de7809,messengers-of-joy,2dbc3e04-df1d-4767-9ff5-16230f921930,ok,"categoria_menu,forma,tema_label,didascalia_copertina,temi,tags",,2026-04-19T08:54:17.078490
71aa7027-7bc8-460b-884f-c109865f8add,darios-house-arcobaleno-association,0ee0c9ab-fdc7-47ee-8f22-9c762a293480,ok,"categoria_menu,forma,tema_label,temi",,2026-04-19T08:54:17.166431
71ae7574-85dd-486d-84a6-49c40a37a173,a-brother-helped-by-a-brother-is-like-a-fortified-city,9edace2d-8b68-4ddc-8719-562d7261c19d,ok,"categoria_menu,forma,tema_label,didascalia_copertina,temi,tags",,2026-04-19T08:54:17.291849
71c95133-b946-4e11-a68f-46af2701ea0e,how-recognition-of-the-other-restores-trust,a02361fc-36d0-48cf-90a8-f6bb17dd7cc5,ok,"categoria_menu,forma,tema_label,didascalia_copertina,temi,tags",,2026-04-19T08:54:17.376246
7219a9a2-dede-46d1-af14-209d6fef397d,faith-and-light-voices-from-the-provinces,f6928b74-7e5f-4a67-9e6c-a0fb5703329a,ok,"categoria_menu,forma,tema_label,didascalia_copertina,temi",,2026-04-19T08:54:17.493596
71e25cc2-6441-4dad-ad3f-34c85c7fa3ab,did-your-other-children-accept-it,b7a49db6-0d24-4b23-b71d-3ebba20aa6da,ok,"categoria_menu,forma,tema_label,temi,tags",,2026-04-19T08:54:17.436700
722f0240-4540-4782-bf5f-079cddbabef3,the-enchanted-child,69cf9583-2784-4f41-a7f7-ea6c3dcb869e,ok,"categoria_menu,forma,tema_label,didascalia_copertina,temi",,2026-04-19T08:54:17.624380
7254ccef-56fc-474e-84e9-bc39a99d0f83,uncommon-productions,fa036156-1044-4db0-8eca-6d688cc7278c,ok,"categoria_menu,forma,tema_label,didascalia_copertina,temi",,2026-04-19T08:54:17.647139
72629b9e-d155-4ea5-b784-db9c08aacfa8,tikitaka-7026,70266ce1-8c16-4155-b052-4af5f5ad9b41,ok,"categoria_menu,forma,tema_label,didascalia_copertina,temi",,2026-04-19T08:54:17.748272
726e7591-a7f7-4903-a68e-c4173dbf2332,treasuring-every-person,b101410f-13e3-450d-807d-161b15323d81,ok,"categoria_menu,forma,tema_label,didascalia_copertina,temi,tags",,2026-04-19T08:54:17.764556
727d7785-b664-4d32-bdad-4851548f8849,picking-a-flower-and-holding-it-to-the-lighta-book-review,6b37df52-b041-4771-84b2-49d38c0f1b86,ok,"categoria_menu,forma,tema_label,temi",,2026-04-19T08:54:17.992218
727b6ca7-d707-4f0b-835e-406a18b825eb,gentleness-a-review,60d294a9-2bbf-414a-9e94-577cd6377629,ok,"categoria_menu,forma,tema_label,didascalia_copertina,temi",,2026-04-19T08:54:17.990579
728802ec-2233-417a-8f95-57546d4a6b58,what-grit,3b937d8d-0682-42cd-ba0d-ff62f56efc81,ok,"categoria_menu,forma,tema_label,didascalia_copertina,temi",,2026-04-19T08:54:18.072090
72ba17b7-8a14-4c29-9110-560b60a19677,the-gift-of-unity,4e2aa1bc-92e1-416a-bee9-95e934e28e7e,ok,"categoria_menu,forma,tema_label,didascalia_copertina,temi,tags",,2026-04-19T08:54:18.112029
72de2625-6ff5-42a3-8f6e-d99b3e12642c,the-fragile-a-book-review,c59f650a-46d0-4574-9317-8fcf4cf79367,ok,"categoria_menu,forma,tema_label,didascalia_copertina,temi",,2026-04-19T08:54:18.327742
72dc6b47-24c4-411f-a5ca-5b3f367fbaef,what-is-faith-and-light-8c86,8c862c01-fc08-4af0-8d3e-54330629cc01,ok,"categoria_menu,forma,tema_label,didascalia_copertina,temi,tags",,2026-04-19T08:54:18.316873
730d96e0-cc4c-4f5c-a27e-7d7c2d2bfd85,beyond-the-final-waiting-room,c77789c7-c64f-4123-82d1-647c2debbe23,ok,"categoria_menu,forma,tema_label,didascalia_copertina,temi,tags",,2026-04-19T08:54:18.389734
731a2622-2ea2-4d9c-8a27-c38cbce1c7af,monsignor-von-galen-the-courage-of-a-clear-conscience,11eaba40-bfed-4599-9d16-da0410240c93,ok,"categoria_menu,forma,tema_label,didascalia_copertina,temi",,2026-04-19T08:54:18.470882
73420a17-b6db-4c57-a13d-19042f56e229,the-courage-to-change,ab00d3a5-fda9-4675-9acd-8909fc6e7cd9,ok,"categoria_menu,forma,tema_label,didascalia_copertina,temi",,2026-04-19T08:54:18.647660
73336faa-254c-4a58-8f5d-62c743223034,the-foundations-are-laid-now-we-rebuild,77120232-0532-4536-b3cc-27593b727717,ok,"categoria_menu,forma,tema_label,didascalia_copertina,temi",,2026-04-19T08:54:18.642870
73498730-ebbf-4fc5-8647-124c787024d1,i-love-this-child,fb7923ad-4ee5-4b27-9e11-bda4a019d916,ok,"categoria_menu,forma,tema_label,didascalia_copertina,temi,tags",,2026-04-19T08:54:18.674549
734a74d3-8671-4831-b69c-e2c124762bdd,reading-guideissue-29,eab18947-ecf9-4296-ba45-55716b580407,ok,"categoria_menu,forma,tema_label,temi",,2026-04-19T08:54:18.748656
734b414f-bc71-4b7a-8d8a-735c594a1c43,their-own-creed,9af391ae-808b-4272-bdb8-18ba38759bb7,ok,"categoria_menu,forma,tema_label,temi",,2026-04-19T08:54:18.965551
73583a5d-0a5e-4e32-bf57-fbc760ea452c,seeing-beyond-windows-on-a-story-book-review,6f834cae-2a7a-4f58-a137-29d307775479,ok,"categoria_menu,forma,tema_label,didascalia_copertina,temi",,2026-04-19T08:54:19.017538
7370d2a9-4019-4409-bf93-842c1dcb2d8a,children-behind-bars-the-work-of-a-roma-insieme,3c1b7ef5-6b23-48e4-abe8-4f0d785fb4da,ok,"categoria_menu,forma,tema_label,temi",,2026-04-19T08:54:19.037779
734d9f71-b3d3-46d3-88fb-18ac8728af99,creative-activities,e511bb02-fd9e-489e-a25b-796f3247a409,ok,"categoria_menu,forma,tema_label,didascalia_copertina,temi,tags",,2026-04-19T08:54:18.982410
73765ad3-862d-43e0-aa71-932d03f64e06,lower-the-sky-and-come-down,37f495a2-a510-4ae0-a7f3-1bd32295a9a3,ok,"categoria_menu,forma,tema_label,didascalia_copertina,temi",,2026-04-19T08:54:19.195713
737e3cb5-19a0-46e9-8661-efc2bbd8ee48,why-lourdes,4abd0f4b-34e2-4a44-bef8-6f1ada4b41c6,ok,"categoria_menu,forma,tema_label,temi,tags",,2026-04-19T08:54:19.289043
73b45075-d3b5-4e29-abae-59dacd77eb66,george-and-sam-a-mothers-account-of-raising-two-autistic-sons,e78c3b4a-ea08-42d0-a9e9-fef34f67fff3,ok,"categoria_menu,forma,tema_label,didascalia_copertina,temi",,2026-04-19T08:54:19.330890
73ba8d74-62dc-485a-8246-ac82274ada6d,epilepsy-in-the-family-and-at-school,cd11f0a4-5250-4fb8-9d64-11032c101dc4,ok,"categoria_menu,forma,tema_label,didascalia_copertina,temi,tags",,2026-04-19T08:54:19.356199
7406381e-79eb-4941-ba16-9faa70d62519,im-on-strikeand-im-not-alone,308e5af7-2fb4-4102-8e73-a602816c54f7,ok,"categoria_menu,forma,tema_label,temi",,2026-04-19T08:54:19.571776
73f0c103-365b-48fc-b712-69fed97c7346,reframing-cinemas-most-iconic-scenes,8623bfb0-6da7-4718-aeb9-efca56b18a4a,ok,"categoria_menu,forma,tema_label,temi",,2026-04-19T08:54:19.567000
7436da9c-875e-41ab-b33a-ec53d23099f3,city-strategies,a0d24e2b-e841-4d2e-acc5-d9d476a8c969,ok,"categoria_menu,forma,tema_label,didascalia_copertina,temi",,2026-04-19T08:54:19.691021
743e0917-10a7-419e-b22a-5aa4892e10d7,living-with-mental-illness,a45e4b32-16f5-4cac-b89b-cdc4d213c248,ok,"categoria_menu,forma,tema_label,temi,tags",,2026-04-19T08:54:19.725705
745ba5e7-83d6-4784-a3c5-e9d38e3f747e,open-dialogue-no-20,70a9df14-3fe8-4a2c-8ba5-1724abe30e10,ok,"categoria_menu,forma,tema_label,didascalia_copertina,temi,tags",,2026-04-19T08:54:19.881156
746dcbba-a9c1-4167-abbd-55f49af91f85,like-every-other-sunday-anna,b240cca8-a049-4077-8a88-09253a317088,ok,"categoria_menu,forma,tema_label,didascalia_copertina,temi,tags",,2026-04-19T08:54:19.904540
7481e85d-6666-426e-a01f-a6bcb64e7d63,a-good-hamburger,7399c283-a6be-40f3-89ae-5d3edb1a2a44,ok,"categoria_menu,forma,tema_label,temi,tags",,2026-04-19T08:54:20.005156
74894372-4754-4d39-bdf4-fe9aa90a9dab,laughter-begins-in-the-body,2f21df29-faa3-4d20-b759-f20cd0eae089,ok,"categoria_menu,forma,tema_label,didascalia_copertina,temi,tags",,2026-04-19T08:54:20.103417
74af4980-5d3b-4ece-9dad-c7660f6aa323,open-dialogue-no-111,781d22b0-9b86-4452-bf4c-b77aaa75d5da,ok,"categoria_menu,forma,tema_label,temi",,2026-04-19T08:54:20.229075
74afcf02-d466-4565-a919-0b29efe54aa7,pagine-di-caduta-e-ripresa-en,0053b93f-527a-45bc-9a1f-1b9cc76c4a88,ok,"categoria_menu,forma,tema_label,didascalia_copertina,temi",,2026-04-19T08:54:20.290943
748c3435-b0a5-455e-81dc-38dba5a5e6df,after-assisi,6bc6f6b8-b92b-48ac-b58a-09710093fc3e,ok,"categoria_menu,forma,tema_label,didascalia_copertina,temi,tags",,2026-04-19T08:54:20.224521
74b7af66-8bab-4a1d-a778-9c1a9d7c0ba2,a-letter-to-mariangela-and-so-many-others,82feb126-359c-402a-ae81-7551aacff0ba,ok,"categoria_menu,forma,tema_label,temi",,2026-04-19T08:54:20.422459
74d11592-0d7f-41b3-8a74-24e18dd98e3a,it-takes-so-little-to-keep-us-from-feeling-alone,93d081f7-c691-4095-a86d-6ea19a0828d5,ok,"categoria_menu,forma,tema_label,temi",,2026-04-19T08:54:20.559031
74fef5a7-0036-4aab-a6de-406b0b384f09,nearly-accessible-a-journey-on-romes-new-metro-line,6010f7c9-74a2-4c97-93d6-bc3bb017f3e6,ok,"categoria_menu,forma,tema_label,didascalia_copertina",,2026-04-19T08:54:20.638319
74da053e-2196-4973-8295-5a9d074cc3c9,two-ways-of-pilgrimage-one-heart-of-faith,7a3e0e18-220c-473d-9880-1852c35e722c,ok,"categoria_menu,forma,tema_label,temi,tags",,2026-04-19T08:54:20.635792
7510d469-d1c1-4722-b5b0-168818c87cac,they-have-their-own-story,25e7c622-2092-4354-a0f8-055305665166,ok,"categoria_menu,forma,tema_label,temi",,2026-04-19T08:54:20.726911
7531db3d-2a7f-409a-9847-00a97bf804e7,open-forum-no-51,2eec9625-f2d5-42d7-a85e-d2b220281aaa,ok,"categoria_menu,forma,tema_label,didascalia_copertina,temi",,2026-04-19T08:54:20.905512
75450b18-102f-4943-99b4-362493da516f,florent-in-italian-school,f5e5ada1-2bc0-40c5-a064-046bcc333e46,ok,"categoria_menu,forma,tema_label,didascalia_copertina,temi,tags",,2026-04-19T08:54:20.949113
755a14ad-8c27-4c95-9fb0-3a6c3cc658e5,pilgrims-in-community,3ce8dd66-d275-4285-8afa-eb1218f829f9,ok,"categoria_menu,forma,tema_label,didascalia_copertina,temi,tags",,2026-04-19T08:54:21.105375
755b10cf-c404-41bc-95cf-8c46d20dac68,this-summer-were-going,b1ad914e-71fb-4e41-9661-f6f31e4c58d7,ok,"categoria_menu,forma,tema_label,didascalia_copertina,temi",,2026-04-19T08:54:21.114122
7592ed6e-91f8-4b5c-b44e-8bf40ac223b2,young-people-need-concrete-results-not-ideology,2c9f8900-20a0-47a2-bf3c-02baca212a10,ok,"categoria_menu,forma,tema_label,temi,tags",,2026-04-19T08:54:21.159254
759e06ba-0f6d-4cf4-a8f5-b2932b715589,like-a-poem-you-love,5c0153f3-0aee-41cc-be52-31c65a373fcf,ok,"categoria_menu,forma,tema_label,temi,tags",,2026-04-19T08:54:21.270757
759ed6f7-7ec8-4a81-b12e-815ddddc03d5,my-parents-were-right,d2bde9c1-5760-443d-823f-a53a711a21a4,ok,"categoria_menu,forma,tema_label,temi,tags",,2026-04-19T08:54:21.389892
75c58fa2-015a-4ba7-acca-77f110fe21d6,volunteerism-a-library-of-solidarity,d8e84d7c-1ecf-4ece-9f4f-d00251deae8c,ok,"categoria_menu,forma,tema_label,didascalia_copertina,temi",,2026-04-19T08:54:21.475103
75a6e01d-e60b-4e97-9236-bd91f1d8edc6,slowly-i-realized-sergio-was-different,3ac19cdd-c955-4667-851e-b7d3a1a67130,ok,"categoria_menu,forma,tema_label,didascalia_copertina,temi,tags",,2026-04-19T08:54:21.466546
75cb6570-d427-43ff-9bf6-9391f7e550fa,where-the-blade-cuts-and-wounds-heal,ca05501c-f75d-42cc-8a17-a1499a722e9c,ok,"categoria_menu,forma,tema_label,temi",,2026-04-19T08:54:21.640217
75e035f0-aa87-4d9c-acf0-d7ea31f1a1e5,as-tall-as-a-geranium-pot-a-review,024197d3-b6bc-4155-932a-6e767a1a0261,ok,"categoria_menu,forma,tema_label,didascalia_copertina,temi",,2026-04-19T08:54:21.706908
75eb0ed0-d174-41b6-bac8-0d7d6e7659be,et-at-the-bicoca,fd8cd4ea-1bd6-44b2-9841-292dce8186d3,ok,"categoria_menu,forma,tema_label,didascalia_copertina,temi",,2026-04-19T08:54:21.866478
75ef3217-e968-4198-bdd2-6f69ae8c1aea,you-set-us-free-from-evil,8859eed4-71ec-4103-8769-5abe314b7813,ok,"categoria_menu,forma,tema_label,temi",,2026-04-19T08:54:21.889845
75fbfe2c-1d57-4f34-83d7-1a78ff395efb,a-bridge-in-a-nutshell,4ddef51c-2bc1-40d8-8d21-7038090a7be6,ok,"categoria_menu,forma,tema_label,didascalia_copertina,temi",,2026-04-19T08:54:21.977260
75ff0f19-1800-4d19-a138-58ab9622f054,windows-of-hope,2105a9dc-39e4-445f-913b-c3eb6ec67020,ok,"categoria_menu,forma,tema_label,temi",,2026-04-19T08:54:22.091038
760008dc-1021-4e2b-8b67-abdc9dbd3e1e,state-mandated-amniocentesis-and-the-guilt-of-wild-mothers-a-review,77cf28d6-0e09-4582-a5fa-5b916e3aacdb,ok,"categoria_menu,forma,tema_label,didascalia_copertina,temi,tags",,2026-04-19T08:54:22.171433
765d9cd2-fa01-4000-9355-e49c831be75d,faith-and-light,461bff80-badb-4f49-b17d-28c2f06f83c7,ok,"categoria_menu,forma,tema_label,didascalia_copertina,temi,tags",,2026-04-19T08:54:22.221305
76602ccb-5a1e-46ff-8d41-c4878d95622c,full-of-purpose,95d36d18-ced8-4539-9f1d-d764f1958282,ok,"categoria_menu,forma,tema_label,didascalia_copertina,temi,tags",,2026-04-19T08:54:22.284792
7662824d-2bfe-41e5-b4d3-4a6c800b9648,open-dialogue-no-4,d3437d02-edd6-425d-920f-ee3886937b2e,ok,"categoria_menu,forma,tema_label,temi",,2026-04-19T08:54:22.389974
7666ca1b-4c03-4e62-a03a-063011dd978f,we-help-each-other-walk,1cd12122-424a-43ee-8c15-677d1801d4c0,ok,"categoria_menu,forma,tema_label,temi",,2026-04-19T08:54:22.529323
767129b4-0cab-4f3d-b6d3-7509a105de64,pieces-of-a-life,eebd6f02-ce8d-457f-9368-b45ed04e2aae,ok,"categoria_menu,forma,tema_label,temi",,2026-04-19T08:54:22.562161
76793d44-33d4-4072-bccf-148aa4d341b1,two-books-by-federico-de-rosa-what-i-never-said-and-the-island-of-us,6450cee0-a4b4-4ced-99f4-676d5b6687e3,ok,"categoria_menu,forma,tema_label,didascalia_copertina,temi",,2026-04-19T08:54:22.638586
7679c6bd-bcfd-421c-9702-b28dc16c03c0,the-burning-bush-of-santilario,c45c27aa-f9d2-4725-a255-aa5c6acabc5f,ok,"categoria_menu,forma,tema_label,temi,tags",,2026-04-19T08:54:22.713365
76b50749-ac0a-4d49-be25-3fe2499599b0,come-spirit-of-life,ce53aed6-ffa2-4026-bad4-dc5b658d64d2,ok,"categoria_menu,forma,tema_label,temi",,2026-04-19T08:54:22.875343
767cfe8c-6038-413f-be90-7d525ffb3fc1,a-virtual-memory-map-to-fight-alzheimers,a3fabaef-2ea9-49e7-8f7d-4eef5b1e8fe8,ok,"categoria_menu,forma,tema_label,temi,tags",,2026-04-19T08:54:22.818216
76f7e218-ab09-42cb-8514-cad58839c5a5,casablu-a-home-like-any-other,1c49d57d-1a09-452c-b0ad-4e168aa382b9,ok,"categoria_menu,forma,tema_label,didascalia_copertina,temi,tags",,2026-04-19T08:54:22.920527
77389fb3-b7d7-4c37-82ab-582b4e9d0584,who-belongs-in-the-frame,07e6119a-f46f-4f27-b9cd-1492f57f16d9,ok,"categoria_menu,forma,tema_label,temi",,2026-04-19T08:54:23.060145
7742a06a-645f-40b9-a506-e4342f7b79fe,three-films-on-disability-emilio-ranzatos-choice,bd9b1c6d-26df-468b-b799-31159378196d,ok,"categoria_menu,forma,tema_label,temi",,2026-04-19T08:54:23.143392
777ad706-3e8d-4a9b-8eb3-ba28d4e599c1,deaf-blindness-knowledge-as-prevention,8a95de0d-4a05-43c2-9fd6-798e75ef4a0e,ok,"categoria_menu,forma,tema_label,didascalia_copertina,temi",,2026-04-19T08:54:23.176562
77820ca4-f93e-4fa7-a003-1b626ad4afd8,to-see-the-stars-extinguish-your-light,ddad4ed7-1eb9-4f6f-a53d-bb27ee2a9106,ok,"categoria_menu,forma,tema_label,temi,tags",,2026-04-19T08:54:23.259392
77872063-c4c5-4f99-99b1-5ddc00c32018,and-then-what-a-question-about-life-after-parents,0c4c2103-c876-4997-863f-8b9648d6a86a,ok,"categoria_menu,forma,tema_label,temi",,2026-04-19T08:54:23.359828
778807df-6d3b-4985-b2e1-36d311b24928,do-you-love-me-the-final-question,79c1a57d-d3c6-4ece-81e3-cad45c780df4,ok,"categoria_menu,forma,tema_label,didascalia_copertina,temi",,2026-04-19T08:54:23.435667
7789234d-8a99-45f7-9c70-754287f449b5,letters-from-our-community-insieme-n24,d9da201a-8dd5-44d6-8beb-c2d00ba61d34,ok,"categoria_menu,forma,tema_label,temi",,2026-04-19T08:54:23.506889
778eacdb-71b2-40ce-9124-f5ff274147f4,what-clothes-make-of-us,a76742da-9a2f-4635-b4ce-10cef251767e,ok,"categoria_menu,forma,tema_label,temi",,2026-04-19T08:54:23.563990
779a4b71-286d-4d8e-bd80-ac8414462d35,imagine,38cb3f1b-e2f4-4633-af8c-48ecae62f86b,ok,"categoria_menu,forma,tema_label,temi",,2026-04-19T08:54:23.672992
77d18e56-d437-47d0-a855-03cc0a377757,i-never-thought-i-could-march-in-a-wheelchair,22b50490-2c62-4857-a9f7-50d7f3bcec3a,ok,"categoria_menu,forma,tema_label,didascalia_copertina,temi",,2026-04-19T08:54:23.816362
77a4ce8d-d1cb-406b-943d-d063888af73c,why-ombre-e-luci-matters,502c94c3-3826-4281-9aa5-bb1949b239af,ok,"categoria_menu,forma,tema_label,didascalia_copertina,temi",,2026-04-19T08:54:23.789987
77e2c035-b062-4bd9-8d9c-4ebc78dc3b1b,blank-pages,3f558e79-bc85-4891-ac0d-5aef99cae596,ok,"categoria_menu,forma,tema_label,didascalia_copertina,temi",,2026-04-19T08:54:23.861085
77fe3b46-baf9-4a4c-8cc3-6e43e36793cb,finding-the-other-within-me,f2f4dd7d-5f87-446d-b1b6-8d37b028c021,ok,"categoria_menu,forma,tema_label,didascalia_copertina,temi",,2026-04-19T08:54:23.966824
780d67d7-2fac-4594-9372-10939fe9fff1,people-first-a-reflection-on-disability-justice-and-ethics-book-review,4274f5da-4b6d-438d-83a3-295ff1dbe890,ok,"categoria_menu,forma,tema_label,didascalia_copertina,temi",,2026-04-19T08:54:24.076319
7815a5a8-1d1f-4061-9aa2-f573b96acfd7,keep-the-door-open,aeda4c01-7b0c-473a-b58b-8f32298677e2,ok,"categoria_menu,forma,tema_label,didascalia_copertina,temi,tags",,2026-04-19T08:54:24.078513
784198ae-bfc2-4d15-9a73-e8bfbee0c847,the-craft-workshop-of-bastia-umbra,7a589019-c1ec-4698-b82a-5910fa3e4b3f,ok,"categoria_menu,forma,tema_label,didascalia_copertina,temi",,2026-04-19T08:54:24.139163
784bb6f3-2aec-417c-98db-d437847333a5,ci-hanno-scritto-insieme-n-28-en,021db852-2230-4f61-b5bb-dc3c599b0306,ok,"categoria_menu,forma,tema_label,temi",,2026-04-19T08:54:24.271047
78500ca5-5a3c-4fb9-a140-7256c5b1844f,the-road-behind-us,06439a39-b794-497b-92b8-c59662f4a576,ok,"categoria_menu,forma,tema_label,didascalia_copertina,temi",,2026-04-19T08:54:24.363966
785a8193-8cc8-4fcd-9ea4-ace89fe099de,unbind-him,5e59a6f8-a255-4f93-abaf-b742ae69a7b0,ok,"categoria_menu,forma,tema_label,didascalia_copertina,temi",,2026-04-19T08:54:24.390395
7871f82f-734b-4525-aabd-de3424c6f3b5,an-unexpected-gift-discovering-his-talents,9cfc6f42-393b-4bc3-9e0c-1ad0584dad02,ok,"categoria_menu,forma,tema_label,didascalia_copertina,temi",,2026-04-19T08:54:24.436737
7883d221-08a9-4e6b-a3c4-9dda25f993f4,iniziativa-amica-a-home-where-motherhood-becomes-joy-again,d1d9d91b-4c01-4260-8829-c4e4363036e4,ok,"categoria_menu,forma,tema_label,didascalia_copertina,temi",,2026-04-19T08:54:24.678143
7883413d-436d-4794-9c52-95a07b86e247,the-dojo-as-classroom-martial-arts-and-childhood-challenges,0d41123b-ef83-4579-87fa-97da08db2536,ok,"categoria_menu,forma,tema_label,didascalia_copertina,temi,tags",,2026-04-19T08:54:24.648695
78a91b01-bb37-4414-b129-2485d444555a,fragments-of-solitude-a-review,83db7f93-b5d5-4323-ac47-3ef32d30cfa7,ok,"categoria_menu,forma,tema_label,didascalia_copertina,temi",,2026-04-19T08:54:24.776572
78a5506c-dfaf-43f3-bfde-42eb8b33d833,children-and-autism-a-mosaic-of-peace,1f35b790-f44b-4764-9376-d4526946ece1,ok,"categoria_menu,forma,tema_label,didascalia_copertina,temi",,2026-04-19T08:54:24.767717
78de7143-31ed-4700-ae6e-6a929acb083a,daniela-48af,48afff7f-a478-42f6-a747-dbaf07fc7f06,ok,"categoria_menu,forma,tema_label,temi",,2026-04-19T08:54:24.984441
79257fe0-39ee-4ade-9525-864082df4b7a,journey-to-parma-1976-joy-friendship-and-discovery-with-faith-and-light,79b9e4b6-5944-477f-9366-a85fdf8d35e3,ok,"categoria_menu,forma,tema_label,didascalia_copertina,temi,tags",,2026-04-19T08:54:24.998307
794076ac-a62c-4506-bb86-4a12e5df3b4a,open-dialogue-no-37,7902c0b6-337d-4ee1-a645-0f8c109fba77,ok,"categoria_menu,forma,tema_label,didascalia_copertina,temi",,2026-04-19T08:54:25.088745
793ebc30-2056-4c6a-b3e0-2a5553385c4d,open-dialogue-no-10,2c86c9bc-0a0b-40fb-b9a1-c164041eb9b7,ok,"categoria_menu,forma,tema_label,didascalia_copertina,temi",,2026-04-19T08:54:25.084008
794de6eb-b67c-47a3-8fc4-38b4757a4cf1,the-hidden-treasure-in-the-field,e7c0e019-e3cb-4e2f-b6b5-4c1175cc8884,ok,"categoria_menu,forma,tema_label,temi",,2026-04-19T08:54:25.327514
7991aa04-fa5a-465b-8785-8b4e07924b11,i-jump-so-high,2d772203-3631-4095-b555-be6a08dfe450,ok,"categoria_menu,forma,tema_label,temi",,2026-04-19T08:54:25.348720
7996e39a-11a0-492a-85c8-4228ed4caf3b,a-school-of-life-not-always-easy,c0d84fca-9e4f-4bd2-889e-98902e801974,ok,"categoria_menu,forma,tema_label,didascalia_copertina,temi,tags",,2026-04-19T08:54:25.399339
79bac4a3-e2ed-4170-8d2d-7f0356b27499,when-mothers-love-too-much-raising-tyrants-and-dependent-adults,5180c5e9-e403-45a1-a90a-086440180eee,ok,"categoria_menu,forma,tema_label,temi",,2026-04-19T08:54:25.427251
79bd0de7-a5cc-4cea-9855-f5c8bfed69e5,saying-and-doing-bridging-the-gap,93ee9628-33af-469c-855f-850f31ddfc13,ok,"categoria_menu,forma,tema_label,temi",,2026-04-19T08:54:25.623597
79bc3b1b-9dce-4040-af59-6f34921abeb1,the-greek-hour-review,94be75f6-3682-40ed-8512-b7b85e95391f,ok,"categoria_menu,forma,tema_label,didascalia_copertina,temi,tags",,2026-04-19T08:54:25.605282
79eb7486-3619-49e1-b0d4-db3cb22aab0a,a-visit-to-club-avance,7d1e9c63-6be0-4062-8e25-8c4b321f36ce,ok,"categoria_menu,forma,tema_label,temi",,2026-04-19T08:54:25.745785
79c421e0-7606-4a01-9773-752271c63f2c,a-handicapped-child,46bb797d-d244-49f4-bb9a-73fc2a51e7bd,ok,"categoria_menu,forma,tema_label,temi,tags",,2026-04-19T08:54:25.737519
7a04ae40-1c6f-473a-85ef-f3da23c3fa7b,he-wasnt-normal,c8e0084d-2c19-4b12-8441-d3d355f46529,ok,"categoria_menu,forma,tema_label,didascalia_copertina,temi,tags",,2026-04-19T08:54:25.997266
79f18c8e-b573-4f1a-abfa-d616c0d52977,the-song-of-the-magi,dd708cfc-9f76-47c1-995f-72bd3c3bd6ee,ok,"categoria_menu,forma,tema_label,temi,tags",,2026-04-19T08:54:25.937740
7a287b64-52e9-488c-896c-6de2b41c881a,open-dialogue-no-44,d40bb95c-b485-4fb4-afc7-41ee5da196e2,ok,"categoria_menu,forma,tema_label,didascalia_copertina,temi",,2026-04-19T08:54:26.062739
7a326491-0157-4b79-ae95-045a8c26bb85,what-about-the-other-children,7bc024a2-186a-42b0-8268-57c154309eb4,ok,"categoria_menu,forma,tema_label,didascalia_copertina,temi,tags",,2026-04-19T08:54:26.108743
7a438835-7ac3-4a38-b114-6c2475be42a2,texass-amusement-park-built-for-children-with-disabilities,3a3b38e5-0436-4534-863a-9c61a2c4f9ff,ok,"categoria_menu,forma,tema_label,temi",,2026-04-19T08:54:26.302880
7a4b93d6-1f36-4bd3-953c-177657da6802,letters-remembering-gianluca,c1c6e447-6c9f-403a-9b12-445b8eb69544,ok,"categoria_menu,forma,tema_label,temi",,2026-04-19T08:54:26.318901
7a5256c1-03aa-4727-8753-3b9833804903,sasas-storma-review,a7682417-c8b4-4bcc-9199-7efb9f1ca0b1,ok,"categoria_menu,forma,tema_label,didascalia_copertina,temi",,2026-04-19T08:54:26.372498
7a59ddcb-a9f1-4ed9-8492-107d14be02e8,i-am-a-woman-why-do-you-call-me-handicapped,a3bd167f-78fa-4d2c-85fd-67ed667e46a9,ok,"categoria_menu,forma,tema_label,temi,tags",,2026-04-19T08:54:26.421005
7a6ebbbb-3354-43b3-9a9b-7c9c325d19b6,the-evil-of-indifference,cf1a5084-b5fe-45aa-9bff-34e97e20d336,ok,"categoria_menu,forma,tema_label,temi",,2026-04-19T08:54:26.612064
7a9f1f32-7b20-46d2-b0b1-c44a21ebdd34,patience-persistence-and-when-to-be-firm,6419c31c-3f03-4d19-85b4-9a092b0747a1,ok,"categoria_menu,forma,tema_label,temi,tags",,2026-04-19T08:54:26.682739
7a7ab5e7-929d-4ac1-9b9d-e0671b02f020,the-gospel-in-mime-building-bridges,3f4461c7-554b-4deb-9696-8cf1054d42ae,ok,"categoria_menu,forma,tema_label,didascalia_copertina,temi,tags",,2026-04-19T08:54:26.674851
7ab24c76-5e3a-471c-bb72-a671b4c81062,open-dialogue-no-26,d395736f-7b78-474b-aba0-66f433a6f29a,ok,"categoria_menu,forma,tema_label,didascalia_copertina,temi",,2026-04-19T08:54:26.747319
7ab44220-0754-48ee-a88e-14f5c6071a68,for-every-sabina-in-the-world,a5e99be3-0cb5-4a2b-92c7-d8ae321d19d5,ok,"categoria_menu,forma,tema_label,didascalia_copertina,temi",,2026-04-19T08:54:26.920965
7abd0f85-9317-4a32-a8ef-da288a7b3f51,polands-sixth-national-conference-for-special-catechists,fb66a44e-3f01-4f83-84c1-198ce6b4f2d5,ok,"categoria_menu,forma,tema_label,temi",,2026-04-19T08:54:26.996811
7ad92a0a-7070-418b-a14d-7c2ca1105744,a-visit-to-the-little-house,40fb524a-c3a0-4058-a8d4-916bed24ff6d,ok,"categoria_menu,forma,tema_label,temi,tags",,2026-04-19T08:54:27.047462
7adbb859-6575-491f-a416-62ec11c8e9e7,what-more-can-i-tell-you,809ddfed-f701-43c3-81fb-002b286e576c,ok,"categoria_menu,forma,tema_label,didascalia_copertina,temi,tags",,2026-04-19T08:54:27.056571
7adf5b27-bf02-4948-88bf-da9eb79ed83f,blessed-are-the-poor-a-pilgrimage-to-assisi-1978,1b5620ad-c6af-468e-9d1c-6fd07aafc5e6,ok,"categoria_menu,forma,tema_label,temi,tags",,2026-04-19T08:54:27.254312
7af6723e-df79-4a9b-a95a-b415daa53c23,christian-initiation-and-people-with-disabilities-a-review-of-new-guidance,a276d078-c3b9-4d6f-b434-a855c1c3ca7d,ok,"categoria_menu,forma,tema_label,temi",,2026-04-19T08:54:27.362288
7b018c30-9572-4bf2-96e2-18781607654a,for-everyone-people,57ff13a5-d934-4064-8a1e-2f8c4e3c8489,ok,"categoria_menu,forma,tema_label,temi",,2026-04-19T08:54:27.413731
7aec93ab-6dce-4996-892b-2b8e2a5facf2,cardinal-humes-introduction,d51b4480-3158-472d-803a-27233caa14f5,ok,"categoria_menu,forma,tema_label,temi,tags",,2026-04-19T08:54:27.337717
7b01eea2-a6c0-4df6-8462-1b848dbde2e9,the-stage-they-built,613a76c1-fd5a-4304-8c84-28daa0bb9961,ok,"categoria_menu,forma,tema_label,temi,tags",,2026-04-19T08:54:27.551423
7b0c904e-bca9-473d-84d9-df74347dc0da,safe-surfing-how-to-navigate-the-internet-safely,20c50def-3202-4235-8150-512ae858fee0,ok,"categoria_menu,forma,tema_label,didascalia_copertina,temi,tags",,2026-04-19T08:54:27.653620
7b246b13-fa5d-4bf3-8f13-e91c08aebeda,encounters,2f63af17-aa02-48b5-b5b1-b13128dab7c1,ok,"categoria_menu,forma,tema_label,didascalia_copertina,temi,tags",,2026-04-19T08:54:27.724858
7b399ebc-7ce7-41b4-8316-9be7ccfe8c8d,viola-and-mimosa-disappeared,77143d91-1857-4703-b8dd-054abce0dd20,ok,"categoria_menu,forma,tema_label,didascalia_copertina,temi",,2026-04-19T08:54:27.744146
7b3b9ec8-c7a2-4009-9d60-b194198ca315,assisi-1986-a-photographic-record,d86b704c-e052-4470-9433-9bd6d7e53b9d,ok,"categoria_menu,forma,tema_label,didascalia_copertina,temi,tags",,2026-04-19T08:54:27.868795
7b45c2a3-3d27-4743-85f9-62e9aac37a60,thank-you-pope-francis-for-your-love,a8af3c38-828d-4cf1-be6a-621e472f3f39,ok,"categoria_menu,forma,tema_label,didascalia_copertina,temi,tags",,2026-04-19T08:54:28.025358
7b4340e5-96b5-4992-9ae4-8a1fb6645e7e,now-that-i-am-alone-i-am-no-longer-alone,02fce70b-2ebc-458e-b68b-e44e7b1bbda3,ok,"categoria_menu,forma,tema_label,temi,tags",,2026-04-19T08:54:27.994959
7b5fe536-316c-4586-ba21-8b923edde8bc,why-rome-for-the-1975-pilgrimage,75e68114-8aa3-4f31-9c32-1c84987c7927,ok,"categoria_menu,forma,tema_label,didascalia_copertina,temi,tags",,2026-04-19T08:54:28.090801
7b6461cd-133b-4fe1-ab8a-5ba10610d49c,a-correspondence-course-for-parents-of-children-with-down-syndrome,f378f99c-f081-4966-8706-aac6cfc904b0,ok,"categoria_menu,forma,tema_label,didascalia_copertina,temi,tags",,2026-04-19T08:54:28.142726
7b652054-4c89-42ed-81cc-eb950ab9e73c,he-wont-go-to-mass-anymore,b362cc6b-03b2-4796-909d-d0961e9af10b,ok,"categoria_menu,forma,tema_label,temi",,2026-04-19T08:54:28.310106
7b6fd1d0-10e9-45f4-9f12-880393f5d315,call-me-alexa-review,ea83431e-56b7-434e-af18-b7825bcdfe80,ok,"categoria_menu,forma,tema_label,didascalia_copertina,temi",,2026-04-19T08:54:28.341685
7ba58d08-852a-43e1-a883-ee27dc654c57,pilgrims-together-we-are-all-on-a-journey,d0051752-a946-45a0-a96b-801566444be1,ok,"categoria_menu,forma,tema_label,didascalia_copertina,temi,tags",,2026-04-19T08:54:28.426755
7bb31f79-e3fd-46ef-9398-e84ef0e5c8f6,faith-and-light-in-lebanon-choosing-hope-in-war,cf1f27dd-d711-419b-a444-dfcb400ceab6,ok,"categoria_menu,forma,tema_label,didascalia_copertina,temi,tags",,2026-04-19T08:54:28.455071
7bbfa5e7-1208-460a-b0c7-afdead608b85,beyond-the-aquarium,83ca207a-4270-4763-8f91-1cd080694825,ok,"categoria_menu,forma,tema_label,didascalia_copertina,temi",,2026-04-19T08:54:28.603539
7bc4ea89-704c-4a0c-8c98-408077f48744,open-forum-no-55,1c7c61b9-fe40-497d-ab14-e9e4ca8d7aa2,ok,"categoria_menu,forma,tema_label,didascalia_copertina,temi",,2026-04-19T08:54:28.639223
7bda6f27-ec70-41ae-9d4b-d82e19cb3265,international-pilgrimage-to-lourdes-for-easter-april-1216-2001,76a779fa-9742-4c52-9e15-e2c0f6d2f024,ok,"categoria_menu,forma,tema_label,temi",,2026-04-19T08:54:28.754396
7bfc5b87-caac-4fc7-9175-1ee3f3515d17,a-letter,48290a7f-45e6-4bb6-98c5-2b28c42fb6fa,ok,"categoria_menu,forma,tema_label,temi,tags",,2026-04-19T08:54:28.782126
7c18c4d8-530a-47ce-8d97-04ef1cc80c82,my-friend-gimbo-won-the-olympics,3949a716-1c52-48c5-96a3-53f95b6a403e,ok,"categoria_menu,forma,tema_label,temi",,2026-04-19T08:54:28.962950
7c092604-1e19-46db-8cf1-6d73f61eb141,were-we-good-parents,ea8eae6e-ace8-4eb5-a3bf-396f8d41d63b,ok,"categoria_menu,forma,tema_label,temi,tags",,2026-04-19T08:54:28.878708
7c5151cd-dc39-44db-9bb0-086139655228,the-holy-spirit-gift-of-the-risen-jesus,49129ae1-ac92-4869-8b6b-b6597e9c57a7,ok,"categoria_menu,forma,tema_label,didascalia_copertina,temi,tags",,2026-04-19T08:54:29.007196
7c55fa8d-427d-47de-b9b8-f1fb1c64a26a,open-dialogue-no-58,265701e0-9aed-4812-9891-02209f6b13bf,ok,"categoria_menu,forma,tema_label,didascalia_copertina,temi",,2026-04-19T08:54:29.139196
7c59f677-d778-408b-ad54-84b56a295e46,francesca-and-sabrina,e8dff20e-3598-480f-beb0-016dd288c03a,ok,"categoria_menu,forma,tema_label,temi",,2026-04-19T08:54:29.203624
7c6a290c-90c7-40a3-9f9f-a97003ae6764,cecilia-wants-a-home,4ea2abcd-e3c1-43bd-b558-22bdaef7d826,ok,"categoria_menu,forma,tema_label,temi,tags",,2026-04-19T08:54:29.248065
7c74dfed-2074-4114-8ffb-655196aa4884,pablo-che-vede-il-mondo-a-modo-suo-en,000c0b5f-86b8-4d9c-acdd-9d82b9311dd7,ok,"categoria_menu,forma,tema_label,temi",,2026-04-19T08:54:29.340348
7cb26cc1-ff21-4eef-aaef-77e5aba9f459,we-woke-up,b88d8aee-1e34-4716-9a18-d71a05aa27af,ok,"categoria_menu,forma,tema_label,didascalia_copertina,temi",,2026-04-19T08:54:29.485645
7cce157a-08e8-4226-bbdc-f8ebea55ba4e,theater-in-a-faith-and-light-community,e4aa38a2-aacd-4207-a587-039eb1cbc1dc,ok,"categoria_menu,forma,tema_label,temi,tags",,2026-04-19T08:54:29.529713
7d0bf3ce-9982-445b-b71b-dc42819ebc33,signs-a-review,7a50613a-15fe-4b4e-a71a-13ff69f9ca87,ok,"categoria_menu,forma,tema_label,didascalia_copertina,temi",,2026-04-19T08:54:29.594712
7d10d2ad-e80c-4c04-b3aa-306cf22c4874,a-special-wish,d34cae61-65f3-4884-828b-c36998573b3f,ok,"categoria_menu,forma,tema_label,didascalia_copertina,temi,tags",,2026-04-19T08:54:29.672352
7d2fb717-7dfc-46e9-9cb2-0811c8ae9460,locarnos-accessibility-vision,270dd2e4-ae61-40f9-929d-76df86f1aac8,ok,"categoria_menu,forma,tema_label,didascalia_copertina,temi",,2026-04-19T08:54:29.836964
7d1cb58a-37a6-4e59-8350-abb91b7d452f,diving-into-stories-but-never-alone,2b017cbb-c60b-4c31-9494-425723c6ba7d,ok,"categoria_menu,forma,tema_label,didascalia_copertina,temi,tags",,2026-04-19T08:54:29.776959
7d3fb7db-8220-4151-9f45-4659d1cbece1,counseling-in-verse,22042862-1a9c-46c2-8279-e0847923f9e1,ok,"categoria_menu,forma,tema_label,temi",,2026-04-19T08:54:29.912334
7d4e571c-6288-45bc-b006-f8f4248713e4,drawing-near-to-truth,2e2ff878-aa09-42f2-91b4-0c7f507a4cef,ok,"categoria_menu,forma,tema_label,temi",,2026-04-19T08:54:29.962609
7d539718-5752-473b-aadc-cfedb3b6e76d,open-dialogue-no-35,dda613c8-e4da-4414-bc92-e5e74fc6766e,ok,"categoria_menu,forma,tema_label,didascalia_copertina,temi",,2026-04-19T08:54:30.104480
7d58a8ad-a404-42d2-971e-25a26987211d,out-of-the-corner,501500f2-f287-4932-b0aa-d2f54d74a0d0,ok,"categoria_menu,forma,tema_label,temi,tags",,2026-04-19T08:54:30.211391
7d6bed04-43f1-468a-83dc-eb3b22acb880,open-dialogue-no-17,0f10224a-0082-4e33-9a5c-7a3bb607a57d,ok,"categoria_menu,forma,tema_label,didascalia_copertina,temi,tags",,2026-04-19T08:54:30.276000
7d5d96c7-8615-4575-ba4f-23cd51e72444,he-left-home-for-the-first-time,3b66eee2-5ab5-431d-a461-40d0859e9c32,ok,"categoria_menu,forma,tema_label,temi,tags",,2026-04-19T08:54:30.254627
7d8ff4e8-7e7f-4710-9b81-857e2c3c4479,the-toy-cupboard,0e6ec1d5-1787-4328-86f9-07d383cadc46,ok,"categoria_menu,forma,tema_label,temi,tags",,2026-04-19T08:54:30.402899
7da570aa-7c9e-49eb-a40f-8f1229b12632,what-if-being-deaf-were-a-superpower,7b2c69e3-dff9-4242-9851-0a84681823f3,ok,"categoria_menu,forma,tema_label,didascalia_copertina,temi",,2026-04-19T08:54:30.513050
7dbd88a4-94f3-4a16-802d-1aaff9fd5b9f,so-many-new-things,9195fd5e-2e39-4c57-abcf-b5be9a89da69,ok,"categoria_menu,forma,tema_label,didascalia_copertina,temi",,2026-04-19T08:54:30.602701
7db00c3c-4b6d-4d55-9342-921f2e603258,a-bearer-of-good-news,6f004b3c-10c2-45d3-b145-1abec49755be,ok,"categoria_menu,forma,tema_label,didascalia_copertina,temi,tags",,2026-04-19T08:54:30.576474
7dc06790-cb0f-41a8-9ded-8b53b0225ea5,humanitarian-corridors,7cc759ec-991c-4fa5-b534-07bb2cbfadf8,ok,"categoria_menu,forma,tema_label,didascalia_copertina,temi,tags",,2026-04-19T08:54:30.703602
7dc8bb48-24d6-4906-8204-8f6e8820fc2c,as-brother-and-father,53f5b6e7-9ba6-4875-ac14-96a7e4476ecb,ok,"categoria_menu,forma,tema_label,didascalia_copertina,temi,tags",,2026-04-19T08:54:30.782076
7dcd7acb-0648-4b42-b839-40be0e5466a7,sparks-of-friendship,ee6df628-bfce-472c-aebb-404fdc5277bb,ok,"categoria_menu,forma,tema_label,didascalia_copertina,temi,tags",,2026-04-19T08:54:30.911959
7dda32de-740a-4879-8979-81ab7953d407,always-the-bridesmaid-never-the-bride,19530dd6-5e91-4aa0-9d31-6ec457cf3acb,ok,"categoria_menu,forma,tema_label,temi",,2026-04-19T08:54:30.945671
7e043363-4b03-401b-8b6b-6f2c1d759d53,open-dialogue-no-57,b1b698b9-4050-4f7d-a3f1-783ac8af91ff,ok,"categoria_menu,forma,tema_label,didascalia_copertina,temi",,2026-04-19T08:54:31.023918
7e0cacc5-f757-445a-b84f-2943c60a2225,theres-a-problem-we-face-it-head-on,ca68f72a-70b2-4356-b46a-9d05a3c2151b,ok,"categoria_menu,forma,tema_label,didascalia_copertina,temi,tags",,2026-04-19T08:54:31.197866
7e4a8436-1ad0-4891-925d-cbe56cb32cba,through-half-closed-shutters,49107cea-c622-4993-bdcb-eb4a548ba275,ok,"categoria_menu,forma,tema_label,didascalia_copertina,temi,tags",,2026-04-19T08:54:31.322088
7e200044-8679-41f6-abb6-68adb3f890ea,open-dialogue-no-140,e0524b25-9e27-42b8-8b0e-f3ae151af773,ok,"categoria_menu,forma,tema_label,didascalia_copertina,temi",,2026-04-19T08:54:31.318645
7e4e1ba5-7ac1-48f7-a42e-b60788a01ca8,a-place-for-everyone-work-dignity-and-autism-at-autelier,9f4d6472-2956-443e-90c2-3852c6300ce9,ok,"categoria_menu,tema_label,didascalia_copertina,temi",,2026-04-19T08:54:31.361261
7e695d72-6c86-4947-9ab8-e265e3b442d9,meeting-mary-magdalene-from-prison-to-the-religious-lifethe-sisters-of-betania-bear-witness,7069b624-8ac8-4699-9357-5858fcbaf98f,ok,"categoria_menu,forma,tema_label,didascalia_copertina,temi",,2026-04-19T08:54:31.531464
7e83743d-551a-4ed0-ad5a-119b11e9429f,open-forum-no-36,eac86afa-6434-4da3-ac6c-77762ab525af,ok,"categoria_menu,forma,tema_label,didascalia_copertina,temi,tags",,2026-04-19T08:54:31.677066
7e8fb44d-540c-4d25-954c-67533281e18c,stop-and-listen-to-us,272b7a76-e296-4f92-bd71-9f4d48a4d13c,ok,"categoria_menu,forma,tema_label,didascalia_copertina,temi,tags",,2026-04-19T08:54:31.688113
7e913ae0-d640-42b9-bc12-ae6b6f1f3309,open-dialogue-no-22,acbb8dc1-da62-4653-b8d8-cda45b7d02dc,ok,"categoria_menu,forma,tema_label,didascalia_copertina,temi",,2026-04-19T08:54:31.756557
7e9ea383-85f2-4ec4-a38f-2e38597c386c,my-daughters-place-in-the-church,86e74c85-fae2-40bd-9b5d-4f3f2b35bae2,ok,"categoria_menu,forma,tema_label,temi,tags",,2026-04-19T08:54:31.839754
7eafdc34-4500-49b8-a721-165d3cdb2d0f,why-this-pilgrimage,e752e30c-7c1a-4945-baf5-db825d9a05ae,ok,"categoria_menu,forma,tema_label,didascalia_copertina,temi,tags",,2026-04-19T08:54:32.001079
7ecafe9c-a122-4757-a13e-ac0aa63b557d,the-revolution-of-the-knife,9a6603e8-2262-4fe4-ae10-1443f3dfc3ee,ok,"categoria_menu,forma,tema_label,didascalia_copertina,temi",,2026-04-19T08:54:32.032888
7ef99b66-72c0-4305-aac7-d1c3ca46dabc,bearing-fruit-faith-and-light-delegates-gather-from-around-the-world-2002,fd0692be-b7b3-4dcd-bb01-c91d8e738b1c,ok,"categoria_menu,forma,tema_label,temi",,2026-04-19T08:54:32.055854
7f079685-57e9-4660-8a7f-1b898cd12580,a-christmas-story,47e7e1bf-bb90-4541-93eb-17c5a1691d8f,ok,"categoria_menu,forma,tema_label,temi",,2026-04-19T08:54:32.146203
7f19fd7c-7cdd-4683-88d8-c5577498c43c,issue-25-year-6,6e2934ce-b127-4c85-81ce-1e380445e80e,ok,"categoria_menu,forma,tema_label,temi",,2026-04-19T08:54:32.371414
7f14e0dd-8d2f-46f1-879d-9f4a63cb2c49,not-the-child-i-expected,aeb6ba25-1b03-4390-96f1-ebc7a04594c8,ok,"categoria_menu,forma,tema_label,didascalia_copertina,temi",,2026-04-19T08:54:32.307252
7f1a2c1d-1791-4ea2-908b-bb3ebba87fd7,the-eighth-day,a649de78-7d8f-4926-af77-f55bdc254d81,ok,"categoria_menu,forma,tema_label,temi,tags",,2026-04-19T08:54:32.387021
7f373964-f163-4f7f-8ac3-bf13cf414474,sexuality-and-disability-a-garden-of-desire,ab3cd2dd-854a-444f-b2a8-1ba67cab609b,ok,"categoria_menu,forma,tema_label,temi,tags",,2026-04-19T08:54:32.461062
7f73b937-1f4a-4c50-b38e-3183eff73ffb,the-name-tag-says-benedetta-m,335418f1-145e-4e77-8f00-12a7cdcd2bd7,ok,"categoria_menu,forma,tema_label,didascalia_copertina,temi",,2026-04-19T08:54:32.689606
7f7a384d-bd0b-42d8-9933-5094676c4ba8,the-priest-as-a-man-of-compassion,d8995d8b-093d-475b-b106-c1e44ff038ef,ok,"categoria_menu,forma,tema_label,temi,tags",,2026-04-19T08:54:32.692992
7f86832b-8f92-4d43-8bd6-a9ddcf7d6345,school-made-for-every-child,7588ca6e-bd3e-42ae-a1e0-53cecf716e9b,ok,"categoria_menu,forma,tema_label,didascalia_copertina,temi,tags",,2026-04-19T08:54:32.694937
7f909ed6-fb21-40b0-ad1f-06104edc55ba,the-year-i-was-cast-as-the-nativity-cave,4ef48aa3-d717-4b23-9262-74e4e9ebd640,ok,"categoria_menu,forma,tema_label,temi,tags",,2026-04-19T08:54:32.826985
7fbaeda5-6e1f-476a-b031-ff13b21f7daf,a-keychain-just-like-mine,b9c56ad8-2731-4fa6-a55e-d8b5d6ecfcde,ok,"categoria_menu,forma,tema_label,didascalia_copertina,temi",,2026-04-19T08:54:33.059776
7f90a616-f937-4097-b5cf-892a126d32ee,faith-and-light-at-ilkley-an-international-training-course,1b82b5b0-1766-4e52-bd19-d59ccfb65955,ok,"categoria_menu,forma,tema_label,temi,tags",,2026-04-19T08:54:33.026095
7ff67c68-ee40-4d7c-a664-18bffe54bec2,it-seemed-impossible-where-eagles-dare-in-wheelchairs-a-review,af09cb13-9fd9-4322-84ff-43a1d445612e,ok,"categoria_menu,forma,tema_label,temi",,2026-04-19T08:54:33.144306
7fd529e2-b175-4136-8152-0410e9b1c9f5,how-can-i-answer-you-alberto,28de3ce5-dfc1-4fb7-b9a3-43265fa9c1f6,ok,"categoria_menu,forma,tema_label,didascalia_copertina,temi,tags",,2026-04-19T08:54:33.100183
7ffb8efa-25bf-488a-9b4a-cca55ec230aa,answering-your-questions,40529be7-6b5a-4222-8ea4-1cc8d00fc6dc,ok,"categoria_menu,forma,tema_label,didascalia_copertina,temi",,2026-04-19T08:54:33.327066
800ac202-2e4c-4c24-b105-5408ed950a7d,i-wait-for-dawnnot-for-scouts-at-noon-mass,2c69b78a-3238-41d4-b893-5a5f8c758165,ok,"categoria_menu,forma,tema_label,didascalia_copertina,temi",,2026-04-19T08:54:33.390525
802dc6c2-c1a3-4117-beae-fc0eea5b5041,i-cry-out-to-you,519507ff-1e49-4ed6-9a8a-3e28db0ed1ad,ok,"categoria_menu,forma,tema_label,temi",,2026-04-19T08:54:33.455102
802d8eb9-baab-4faf-aba4-767c0778e2ad,a-vitamin-among-the-people,5571cee7-bfff-4602-8607-085c1674be97,ok,"categoria_menu,forma,tema_label,didascalia_copertina,temi,tags",,2026-04-19T08:54:33.450008
807ed4e8-bb56-464b-9246-3c605f1640c9,father-francesco-our-gift,37402465-f304-43d8-882d-9d7253b32587,ok,"categoria_menu,forma,tema_label,didascalia_copertina,temi,tags",,2026-04-19T08:54:33.615695
809f066f-c1d2-4323-a9c6-3bd501521484,a-community-is-being-together,96a0d311-fb0f-4397-b299-00af88ac17e1,ok,"categoria_menu,forma,tema_label,didascalia_copertina,temi,tags",,2026-04-19T08:54:33.646793
80bd098d-9799-4544-b5e5-ba1d109e00c4,bringing-the-mass-to-life-making-it-one,1a054e8a-7339-499f-b1be-27b187efa0f5,ok,"categoria_menu,forma,tema_label,didascalia_copertina,temi",,2026-04-19T08:54:33.780826
80e4d2d7-3510-44b8-860b-4a5284ee47f1,clinical-records-book-review,ceec0518-fb04-4c24-bc1a-c0b0e9fad323,ok,"categoria_menu,forma,tema_label,temi,tags",,2026-04-19T08:54:33.846985
80f4879a-15eb-4349-9857-3d6a04e29d38,we-live-an-ordinary-life,3a49df82-5c30-4889-90bf-8cbc7a6a54c5,ok,"categoria_menu,forma,tema_label,temi,tags",,2026-04-19T08:54:33.914473
81070dbb-5a77-474b-bed5-f0b985317a9a,king-33-and-his-33-golden-buttons-a-review,57d89e82-3b6e-4518-9585-35ba58ce3e47,ok,"categoria_menu,forma,tema_label,didascalia_copertina,temi",,2026-04-19T08:54:33.957189
8109eb9f-e490-4b03-8d03-6d0859ccc3f1,the-weak-as-peacemakers,2ace9da7-e1af-419f-9345-55d2a4cd8f34,ok,"forma,didascalia_copertina,temi,tags",,2026-04-19T08:54:34.130592
8119eaa8-63e5-4a84-8d6b-e01d80c9cce5,the-children-were-there,504775f8-347f-4e3d-9990-84d7be7eb5b6,ok,"categoria_menu,forma,tema_label,temi,tags",,2026-04-19T08:54:34.142436
8124cba2-4b6b-4a4a-844d-277e749c1ecd,the-professor-wants-me-in-class,27fd9b7b-7163-47d6-9dc4-9b06fb275d3d,ok,"categoria_menu,forma,tema_label,didascalia_copertina,temi",,2026-04-19T08:54:34.223140
8141c3e9-11fd-4572-aeb0-3255381a2389,the-grain-living-the-gospel-in-action,a81aa14a-eca2-497e-91e4-a04b6e6e0d73,ok,"categoria_menu,forma,tema_label,didascalia_copertina,temi,tags",,2026-04-19T08:54:34.269438
81501a8f-0b42-44ec-b358-047ac0558a87,that-little-frayed-dota-review,5983ad08-7c51-4d20-a9f9-c7fa45234d85,ok,"categoria_menu,forma,tema_label,temi",,2026-04-19T08:54:34.418256
8181e7d9-8561-4dac-9470-5e6242d4b32b,hope-a-review,3a978dc3-32a4-46fc-960b-40ed86d2f4a1,ok,"categoria_menu,forma,tema_label,didascalia_copertina,temi",,2026-04-19T08:54:34.537972
816ff7aa-0a70-4d7f-86f8-a4764f127e54,70-games-to-calm-your-child-ages-26,e1bc6f30-30e7-4503-ad84-698425e3d9a3,ok,"categoria_menu,forma,tema_label,didascalia_copertina,temi,tags",,2026-04-19T08:54:34.529371
81aedc05-aeb0-4335-9811-65e4c59a56ca,winter-special-olympics-2018-games-begin-march-18,02f5e0bc-b6de-4889-86a8-5fadfda3c936,ok,"categoria_menu,forma,tema_label,temi,tags",,2026-04-19T08:54:34.577365
81b751de-494b-4251-9e4d-423fd5f33832,honor-your-father-and-mother-timeless-pages-on-parents-and-children,eb751dac-ff07-4d9f-9445-c5f929537093,ok,"categoria_menu,forma,tema_label,temi",,2026-04-19T08:54:34.732649
81b78a66-2b91-4dc3-a049-bc4f3799f409,forty-years-of-faith-and-light-a-celebration,f1527fb9-9ecd-41b0-8db8-2150258e7ad4,ok,"categoria_menu,forma,tema_label,didascalia_copertina,temi",,2026-04-19T08:54:34.862932
81c42129-8354-4f53-8c00-2ba6c8d511e6,eyewitness,81572bb0-9467-402f-aba5-4fd9cf39c243,ok,"categoria_menu,forma,tema_label,temi",,2026-04-19T08:54:34.884016
81ca5162-cafc-45b2-94ba-f96bfa115adb,being-the-hearing-daughter-of-deaf-parents,d2456d26-3d54-4b9a-ae44-f53c967e0440,ok,"categoria_menu,forma,tema_label,temi",,2026-04-19T08:54:34.906208
81df09ec-d766-4a9d-bfc9-2c20cc54a2da,faith-and-light-issue-20,49a6984a-26d1-46df-94e5-c5358501c8cd,ok,"categoria_menu,forma,tema_label,temi,tags",,2026-04-19T08:54:35.026897
81dfe77f-b712-4b62-83a1-063f1ad4020e,the-meaning-of-a-life-and-a-choice,cead194c-40a3-40a3-8ad2-6322d60f70c1,ok,"categoria_menu,forma,tema_label,didascalia_copertina,temi",,2026-04-19T08:54:35.170068
81f5d2bd-9abb-4d94-9a5d-e38d3bce4c2e,what-they-say-about-them,709949e6-c17d-443a-9336-eb771d231adf,ok,"categoria_menu,forma,tema_label,didascalia_copertina,temi",,2026-04-19T08:54:35.195774
81fe3c57-8e8d-4615-8135-770a6de4bf39,thank-you-for-this-disabled-child,9eae9275-2524-41d2-a949-667f37b50e84,ok,"categoria_menu,forma,tema_label,didascalia_copertina,temi",,2026-04-19T08:54:35.216779
82176def-c515-41a3-a520-1140609acd24,why-cant-my-dad-play-ball-with-me,21b913de-fd0f-4c53-b359-7b08dd5715d8,ok,"categoria_menu,forma,tema_label,temi",,2026-04-19T08:54:35.396953
8223a756-18b3-4208-905b-552f16c7d5fc,a-beautiful-and-generous-simplicity,5b38ea16-06db-4f3f-8765-ee2731a0d532,ok,"categoria_menu,forma,tema_label,didascalia_copertina,temi",,2026-04-19T08:54:35.456696
823d1b2b-c793-42db-83a4-cabd0d24740a,a-wealth-given-freely,68c0a2ba-5db6-4975-b033-029a2a33682d,ok,"categoria_menu,forma,tema_label,didascalia_copertina,temi,tags",,2026-04-19T08:54:35.546878
82536e3f-3ebc-4cc3-a24c-dd6b14db0ab7,a-light-in-pompei-a-journey-of-faith-and-friendship,449e140b-2396-4d23-9d10-0c7f102f95af,ok,"categoria_menu,forma,tema_label,temi",,2026-04-19T08:54:35.721042
8226f6f2-8ac2-4eba-b72b-7c0e90799677,three-films-on-disability-federica-alianos-picks,2a2896e4-3e70-458e-8045-7f65695d56f5,ok,"categoria_menu,forma,tema_label,temi,tags",,2026-04-19T08:54:35.531446
82575fa6-6f0c-4421-875b-346e60a67081,the-oscars-celebrate-deaf-life-best-short-film-tells-a-deaf-girls-story,22980a7e-ad70-430d-805d-4422c4d01148,ok,"categoria_menu,forma,tema_label,temi",,2026-04-19T08:54:35.798278
82597415-3964-4b99-b7ab-96431edfce89,transforming-practice,86685073-5004-4cd4-99b2-1c62ad6ac2e4,ok,"categoria_menu,forma,tema_label,didascalia_copertina,temi",,2026-04-19T08:54:35.906239
829f040b-b210-4033-8f37-485eca2a0af3,understanding-cri-du-chat-syndrome,a43f5f12-a1d1-46af-80a3-1998d1196bf4,ok,"categoria_menu,forma,tema_label,temi",,2026-04-19T08:54:36.009811
82c20c23-3460-4d9e-b7e8-4d34cd09fac2,the-room-of-the-bear-and-the-bee-a-review,0237d4e3-92da-4562-a09c-7a60ed4ed133,ok,"categoria_menu,forma,tema_label,didascalia_copertina,temi",,2026-04-19T08:54:36.112647
82e96bf6-34e2-445f-a639-b7543d15cbfd,open-dialogue-no-72,18f5f3c7-c10e-4eca-b0ff-90e40473fac5,ok,"categoria_menu,forma,tema_label,temi",,2026-04-19T08:54:36.158622
82f24d2d-8f6b-482a-9b61-6aaef12af428,emmas-backpack-a-book-review,1ecedcb5-d3c5-4c47-bc28-bcd4f3188ec5,ok,"categoria_menu,forma,tema_label,didascalia_copertina,temi,tags",,2026-04-19T08:54:36.233514
82fc2ee3-3f41-42b1-b3ee-5851379e2fd0,he-sees-hears-and-speaks-through-his-hands,a50442fd-ff3f-4fb3-a659-6c9a5467a719,ok,"categoria_menu,forma,tema_label,didascalia_copertina,temi,tags",,2026-04-19T08:54:36.320216
830fbc36-d81a-4d83-a9d1-776b735d67b0,jean-vanier-in-parma-march-1978,a6161c91-527c-4f35-b126-2780092cefb7,ok,"categoria_menu,forma,tema_label,temi,tags",,2026-04-19T08:54:36.500080
82fcabf2-b6d9-4ebc-8122-e38c68652d18,a-guide-to-homes-institutions-and-centers-visited-by-ombre-e-luci,628b6776-f067-4854-a150-77b11995b505,ok,"categoria_menu,forma,tema_label,temi,tags",,2026-04-19T08:54:36.495065
83474659-8989-47b0-900a-d5cb1dac8db8,the-mad-woman-of-piazza-giudia-a-review,16f66b63-16ba-4644-886b-23d64bbad737,ok,"categoria_menu,forma,tema_label,didascalia_copertina,temi",,2026-04-19T08:54:36.583171
8349d97e-2b11-4e8e-8a2a-3ade1f65fb20,the-invisible-care-a-movement-for-family-caregivers,e0901af4-5f5f-46c0-88fe-dc4df28edd70,ok,"categoria_menu,forma,tema_label,didascalia_copertina,temi",,2026-04-19T08:54:36.699056
837d4490-35e6-48b4-8d56-ac273cf3c8aa,a-pencil-in-his-hands,3563450c-df72-4ea2-b803-4a97c27adf42,ok,"categoria_menu,forma,tema_label,temi",,2026-04-19T08:54:36.876146
8358d94e-c3cd-4fe3-b3be-b5229168c617,la-norma-traviata-a-delirious-musical,a984bd3d-250f-4548-919c-a2741ac68565,ok,"categoria_menu,forma,tema_label,temi,tags",,2026-04-19T08:54:36.832870
834a3977-0f25-4c33-9e84-bc171cd79ed2,letters-on-sufferingunderstanding-the-mystery-of-pain,9c91101e-8ea3-45ee-9a0f-3978a481f94e,ok,"categoria_menu,forma,tema_label,didascalia_copertina,temi",,2026-04-19T08:54:36.824617
837e8ec0-39b2-452a-934d-7c4ea55c6a29,the-child-with-epilepsy,3b982e8e-15ac-4951-b092-3f78dc3b1138,ok,"categoria_menu,forma,tema_label,didascalia_copertina,temi,tags",,2026-04-19T08:54:37.035326
8381adfe-00ce-4ccc-b118-69f02ac57b0c,as-in-transparency-diary-of-a-man-with-parkinsonsa-review,8b18ccb3-700c-4578-bccc-2d7458dcbff3,ok,"categoria_menu,forma,tema_label,didascalia_copertina,temi",,2026-04-19T08:54:37.205734
83afd401-46ff-4cab-8112-8d5bfc78aa7c,awakening-hope,8f729b6c-ba37-4c70-b0ad-188367e3e775,ok,"categoria_menu,forma,tema_label,didascalia_copertina,temi,tags",,2026-04-19T08:54:37.238952
83921448-58c1-405e-ad0d-0031353292e4,even-without-hearing-even-without-a-voice,1c206c15-7fd8-4aa9-871e-2242fefd4bfd,ok,"categoria_menu,forma,tema_label,didascalia_copertina,temi,tags",,2026-04-19T08:54:37.229186
83b86358-9409-4dea-9dbc-d78a72f776f5,ombre-e-luci-n-3-1983-sfogliabile-437b,437b29ba-62d9-47c3-b469-7567c3c48075,ok,"categoria_menu,forma,tema_label,temi",,2026-04-19T08:54:37.408916
83e63e34-e28a-49f3-ae02-18d7be91a01e,ombre-e-luci-reader-survey,ed480fe1-cafb-466e-8c06-dd8adbff2344,ok,"categoria_menu,forma,tema_label,didascalia_copertina,temi",,2026-04-19T08:54:37.498867
84088c2d-00a2-4bd3-b8c5-b62b44d7f7a6,teaching-the-prince-of-denmark-a-school-diary-reviewed,b1755421-942a-4e81-b9e4-c616d839b7ca,ok,"categoria_menu,forma,tema_label,didascalia_copertina,temi,tags",,2026-04-19T08:54:37.579708
83fbe420-faad-4e1c-b3ad-2517e6102e6a,i-believe-in-friendship,424d76cd-63a0-47f5-b4ee-bc4f506f5ecf,ok,"categoria_menu,forma,tema_label,didascalia_copertina,temi,tags",,2026-04-19T08:54:37.544647
842040ae-a324-4b41-971f-db4ec3180ec9,open-dialogue-101,13b91f77-be32-461e-b786-753828e04e42,ok,"categoria_menu,forma,tema_label,didascalia_copertina,temi",,2026-04-19T08:54:37.738437
84231c06-d500-4c34-8823-874d597cccfa,the-language-of-hope,e446ed04-c449-4890-a11d-8901b459869c,ok,"categoria_menu,forma,tema_label,didascalia_copertina,temi",,2026-04-19T08:54:37.808825
84358738-9558-420d-bc63-53ef897ed937,im-a-long-distance-mom,6ac9e40e-570c-4708-a8ab-1618afccb030,ok,"categoria_menu,forma,tema_label,temi,tags",,2026-04-19T08:54:37.914961
846aa216-9bfb-4d14-9b4a-52fd9cc251d1,teaching-by-example,ff26c2f9-1650-4528-bf3d-c672592425bd,ok,"categoria_menu,forma,tema_label,didascalia_copertina,temi,tags",,2026-04-19T08:54:37.948022
847def88-1bf1-4eeb-a6fb-a5fa03ba7eb2,pope-francis-on-the-international-day-of-persons-with-disabilities,824891eb-873e-456e-b5a7-9e1a9c5b7871,ok,"categoria_menu,forma,tema_label,temi",,2026-04-19T08:54:37.990871
849d19d6-0efe-49ab-bba1-c272fe19e8ff,spanish-cinema-at-san-sebastian-a-festival-divided,6079bee2-862a-4236-ae61-9402c790465d,ok,"categoria_menu,forma,tema_label,didascalia_copertina,temi",,2026-04-19T08:54:38.126773
84b00c58-c29a-4d49-ae5b-36bc40e03b5d,a-house-as-answer,e29cbf26-249a-4cad-942a-b5bce970a438,ok,"categoria_menu,forma,tema_label,temi,tags",,2026-04-19T08:54:38.216657
84cf4e9a-dd5c-4702-a9b0-6192b184cd1d,different-buds-floral-art-and-disabilitythe-beauty-of-a-path-made-possible,5f271ebe-4e0a-42a5-baa3-be61eeda1853,ok,"categoria_menu,forma,tema_label,didascalia_copertina,temi",,2026-04-19T08:54:38.294641
84c37ade-12fb-43cc-a7b1-a506e511abd9,open-dialogue-no-171,5153bdd7-80dd-407e-ab37-320c26c0ea48,ok,"categoria_menu,forma,tema_label,temi,tags",,2026-04-19T08:54:38.257270
851aff01-bc91-45d9-b62d-db47e0ad1697,federicos-meatballs,6921e0c8-db07-47e6-9623-e88c4d828221,ok,"categoria_menu,forma,tema_label,temi",,2026-04-19T08:54:38.491666
8500787e-370c-4b71-9e8b-0f5ade5a9d38,seven-myths-about-down-syndrome,3b3ed89b-8969-426b-87bb-be32039e9c7c,ok,"categoria_menu,forma,tema_label,didascalia_copertina,temi,tags",,2026-04-19T08:54:38.465916
852d5e53-75a2-4b76-a273-b6ccf1e129ab,when-a-doctor-announces-disability-what-parents-and-physicians-face,b1de1e32-1f09-4b37-ad8b-876278cb3b67,ok,"categoria_menu,forma,tema_label,didascalia_copertina,temi,tags",,2026-04-19T08:54:38.588405
8524c876-34a9-4e92-bf59-20318c7cd889,early-childhood-psychosis-what-is-it,6f70a248-f466-4e58-b721-04aa4af85e4c,ok,"categoria_menu,forma,tema_label,didascalia_copertina,temi,tags",,2026-04-19T08:54:38.581074
854a12d6-3b88-4082-a068-5e00746b6821,when-courage-becomes-the-cure,94b7e70b-7b4e-4bad-b3fd-633437358c8e,ok,"categoria_menu,forma,tema_label,didascalia_copertina,temi,tags",,2026-04-19T08:54:38.815034
8531ea92-c566-4266-9c91-0805db9d11b9,learning-to-live-well-with-jimmy-part-two,23e2667c-e167-42fd-acc6-f0176541cda4,ok,"categoria_menu,forma,tema_label,temi,tags",,2026-04-19T08:54:38.789369
8557be44-faca-4e30-8d8a-dcf55002cec4,lorellas-embrace,0bc3c326-922e-4612-a39e-b55440f0064e,ok,"categoria_menu,forma,tema_label,didascalia_copertina,temi,tags",,2026-04-19T08:54:38.891680
8560b47c-8ae0-4c29-93c2-17e389204f02,integration-in-schools-the-case-for-and-against,5515a544-0e30-4ece-96a8-a1845c97672f,ok,"categoria_menu,forma,tema_label,didascalia_copertina,temi,tags",,2026-04-19T08:54:38.930505
858d7df0-dd93-40fd-bf34-65da6ac1e93e,what-my-teachers-actually-said-about-me,6d34ea66-49e4-45ea-a199-59deab3db2c6,ok,"categoria_menu,forma,tema_label,temi",,2026-04-19T08:54:39.227344
85dc0a5e-2b81-4d1a-ab13-1fc43abfe938,what-a-summer,e210f7be-ccbe-41ec-87cf-2846046eaafb,ok,"categoria_menu,forma,tema_label,temi",,2026-04-19T08:54:39.254355
85be0ac1-78f4-4bdc-9e0a-8b98ea3aa621,facilitated-communicationfrankly-we-were-skeptical,3ae8a16d-313b-40e6-bd22-d9eca65076ee,ok,"categoria_menu,forma,tema_label,temi,tags",,2026-04-19T08:54:39.232025
85ebb7a2-8163-4222-8e61-0e487e36612c,listen-well-joseph,70e366cd-bef2-49fa-bbca-9042e7a97a0b,ok,"categoria_menu,forma,tema_label,didascalia_copertina,temi,tags",,2026-04-19T08:54:39.291596
8603eb4a-dcb0-4584-ae51-e352a0ca0a70,the-mystery-of-the-psychotic-child,4b5cac7d-b643-4691-9e35-a7ec7d802819,ok,"categoria_menu,forma,tema_label,didascalia_copertina,temi,tags",,2026-04-19T08:54:39.563057
860a20d7-b066-4f93-83e9-626e6a7a9d67,a-walk-in-the-countryside,5479a9ec-79f1-4d0a-8139-d97afb0168ed,ok,"categoria_menu,forma,tema_label,didascalia_copertina,temi",,2026-04-19T08:54:39.614840
8610ad5d-ca51-480b-ab38-85aff6ae4882,ill-give-it-a-try,e4620908-89d6-4071-948a-e7a606f3cc73,ok,"categoria_menu,forma,tema_label,didascalia_copertina,temi,tags",,2026-04-19T08:54:39.640217
86201d0d-dc06-4e65-b815-8626183c5c7b,being-adult-being-handicapped,c76dfb4b-445b-420c-a8fd-fbc5f33903fd,ok,"categoria_menu,forma,tema_label,didascalia_copertina,temi",,2026-04-19T08:54:39.642951
86341a0d-c8b8-426d-be07-cf040276b339,keeping-youth-alive-in-my-heart,56b5a49e-c0ef-4800-94c4-28562a16979c,ok,"categoria_menu,forma,tema_label,temi,tags",,2026-04-19T08:54:39.912577
864b6f17-d1a1-444b-b0fa-c0c1e9c46a66,autism-and-childhood-psychosis-in-ombre-e-luci,9eb418be-797d-4c03-be5d-d1fc82658687,ok,"categoria_menu,forma,tema_label,temi",,2026-04-19T08:54:39.979251
8650c0b1-5bd7-415c-b217-8f87b1f8509a,open-dialogue-130,e59569e8-f571-49b2-a101-cebbd6246498,ok,"categoria_menu,forma,tema_label,didascalia_copertina,temi",,2026-04-19T08:54:40.010798
8634d9e7-9c5d-4487-89dc-ecc664c0a9ba,victories-and-struggles,afcbd7c7-b2f8-443a-ade9-430c923c2625,ok,"categoria_menu,forma,tema_label,didascalia_copertina,temi,tags",,2026-04-19T08:54:39.959532
8665905f-88b1-41b6-9dc8-c2968ea1d834,sanremo-as-far-as-i-could-see-1,78f4fdbb-5d02-477c-a595-d69f3f61eaa0,ok,"categoria_menu,forma,tema_label,didascalia_copertina,temi,tags",,2026-04-19T08:54:40.223124
869f5359-8e49-4097-bc68-2b01c0a198f9,journey-through-italy-newsletter-no-25,ceba3702-da31-4219-a77e-f15ea925448b,ok,"categoria_menu,forma,tema_label,temi",,2026-04-19T08:54:40.287707
86e5ffe4-2124-418e-9915-19fa3a15c05b,voices-from-rome-a-1975-pilgrimage-in-testimony-and-hope,1726f9c5-6928-4ece-8f01-eb9c661983fe,ok,"categoria_menu,forma,tema_label,didascalia_copertina,temi,tags",,2026-04-19T08:54:40.336377
86d2e92f-df3b-458e-937f-a5ec8082ef81,epilepsy-a-neurological-disorder-still-misunderstood,2b742ac4-8d34-4154-af27-c0f92f134239,ok,"categoria_menu,forma,tema_label,didascalia_copertina,temi,tags",,2026-04-19T08:54:40.323805
86e64f83-aca9-47af-9022-6991278ef01c,alessandras-choice,9394a4bb-5d83-4356-b161-d270a4ea01fa,ok,"categoria_menu,forma,tema_label,temi,tags",,2026-04-19T08:54:40.545172
86ea277d-e78d-42bb-9e4d-af551322be0a,a-school-for-everyone-newsletter-n-29,4a50b182-ccea-451b-b09b-a75c830140f7,ok,"categoria_menu,forma,tema_label,temi",,2026-04-19T08:54:40.607228
86fbc223-7fbc-413d-8000-2c03fe43ba81,staying-in-this-boat,23b07b0a-4098-4c02-bb01-60b97a52a3ce,ok,"categoria_menu,forma,tema_label,temi,tags",,2026-04-19T08:54:40.680523
86f04a44-c9fc-418f-9881-6bd0e66dca6e,joyeux-noel-543d,543de2ee-8e40-499f-b0c1-745579e7f6dd,ok,"categoria_menu,forma,tema_label,didascalia_copertina,temi,tags",,2026-04-19T08:54:40.678014
8714fb62-17c8-4a5b-81a0-f4d087e8d9d4,dreaming-of-the-paralympics,3bfea4de-5ac1-447c-b145-dd7c19edc9c7,ok,"categoria_menu,forma,tema_label,didascalia_copertina,temi",,2026-04-19T08:54:40.875351
870af581-f92a-461f-8122-2b19dcf62b48,paper-barriers,a400bb59-fd5b-401e-8f2d-94b96ea0a676,ok,"categoria_menu,forma,tema_label,didascalia_copertina,temi,tags",,2026-04-19T08:54:40.872096
875a5545-c2a3-42f8-916b-b66a8f8a68fb,what-grandparents-give-an-extra-tenderness,cf417b9d-ad60-4c34-9896-ef783aaace90,ok,"categoria_menu,forma,tema_label,temi",,2026-04-19T08:54:40.952026
876bc648-3967-4b03-9c6c-36bcc543eb6d,a-photograph-in-black-and-white,1481e650-7b3d-4333-a470-fe2e8eece761,ok,"categoria_menu,forma,tema_label,didascalia_copertina,temi",,2026-04-19T08:54:40.980343
878ce62c-b6f7-4911-a719-aaee69c6d610,yolandas-mimosas,7dcf72a3-6bf4-4e54-8275-a4e0d159f571,ok,"categoria_menu,forma,tema_label,didascalia_copertina,temi",,2026-04-19T08:54:41.142270
878e47a6-0634-4d5a-85c5-5fdac50f261d,letters-to-the-editor-issue-23,9da8cfcb-aeca-4f65-8dcc-8ed8679ccd62,ok,"categoria_menu,forma,tema_label,temi",,2026-04-19T08:54:41.179311
879217fa-28c3-471b-a968-a67d394c2e47,ombre-e-luci-no-1-1983-browse-online,24e5b827-60c5-4ca2-b49c-cbf2cf1d763f,ok,"categoria_menu,forma,tema_label,temi",,2026-04-19T08:54:41.241042
87924f88-9103-4024-9441-691bc6fcc37a,the-language-of-the-body-techniques-and-games-for-animation-through-movement-a-review,3af0d58e-46d5-4702-9303-9e060602898c,ok,"categoria_menu,forma,tema_label,didascalia_copertina,temi",,2026-04-19T08:54:41.281173
87a9daa7-b4d0-4d48-8a18-6df92d407b10,marahba-kiffak-hello-how-are-you-faith-and-light-in-beirut,4636fe58-08ab-4538-a581-3827fe3ca42b,ok,"categoria_menu,forma,tema_label,temi",,2026-04-19T08:54:41.485042
87fbfa7e-64ed-495f-82db-d047840a5999,witnesses-to-encounter,3799bffb-2c88-4f73-9ffc-f5473c0de4cc,ok,"categoria_menu,forma,tema_label,didascalia_copertina,temi,tags",,2026-04-19T08:54:41.490518
8802df65-2cd2-4c44-9746-711fb82ac9ca,being-present-to-the-dying,bbc1f22b-ad11-4bae-bb9f-6eba3b238b3c,ok,"categoria_menu,forma,tema_label,didascalia_copertina,temi,tags",,2026-04-19T08:54:41.538761
8809c531-e251-41ec-babf-c9f042a2d413,syracuse-community-raises-funds-for-accessible-sports-equipment,5e99d925-7cce-4a76-a951-9a1ba8a94f7d,ok,"categoria_menu,forma,tema_label,temi,tags",,2026-04-19T08:54:41.574912
8811b590-91fa-4003-9284-83f40d0716ba,community-as-a-place-of-forgiveness-and-celebration,67795839-857e-4b41-852a-50a5e86bc563,ok,"categoria_menu,forma,tema_label,didascalia_copertina,temi,tags",,2026-04-19T08:54:41.751193
88176892-2e35-4d01-a51a-4b488f91dff4,im-not-afraid-anymorebecause-sara-is-my-best-friend,746776a7-3acc-4eb4-abbd-2341a3b26e3a,ok,"categoria_menu,forma,tema_label,temi",,2026-04-19T08:54:41.820028
8821c96a-69de-46f4-b787-a1d9f56f0ce9,faith-and-light-issue-63,224ab67b-5100-4ed7-bb2b-abc1533a3d48,ok,"categoria_menu,forma,tema_label,didascalia_copertina,temi",,2026-04-19T08:54:41.890906
8843b92b-8d62-4d77-bfc9-c6d8ef28ef72,padel-for-autism-a-game-where-everyone-wins,949f3303-99f4-4e9b-a392-ea6ec8ae151d,ok,"categoria_menu,forma,tema_label,didascalia_copertina,temi,tags",,2026-04-19T08:54:41.929822
88521e2e-cfc0-44cc-92c3-dfb28e102ff9,twenty-years-of-befana,621ea3f0-0827-40b8-a4dc-eb2886e3015d,ok,"categoria_menu,forma,tema_label,didascalia_copertina,temi",,2026-04-19T08:54:42.056538
8858e998-03ee-49b6-b52d-a08a6a611fa3,for-a-friend,645a988e-eab9-49f7-8fda-43d2cdef6bc0,ok,"categoria_menu,forma,tema_label,didascalia_copertina,temi",,2026-04-19T08:54:42.092268
885c6126-3924-47bd-af9f-3f973ff734fe,and-now-comes-the-best-part-newsletter-no-35,9307c42b-946d-42c9-a239-b39160e7f0a6,ok,"categoria_menu,forma,tema_label,temi",,2026-04-19T08:54:42.224652
886371dc-f962-40ce-9999-eb50ed31d613,autistic-children-a-guide-for-parents-book-review,3cc4c476-5b63-4165-b8f8-e79f91ec796c,ok,"categoria_menu,forma,tema_label,didascalia_copertina,temi,tags",,2026-04-19T08:54:42.348612
886a2407-75e8-49fb-a71e-5ff764b1d4d1,a-path-of-love,669fc3eb-b8eb-478f-8366-d4edf4a18620,ok,"categoria_menu,forma,tema_label,didascalia_copertina,temi,tags",,2026-04-19T08:54:42.463685
887ac28a-142f-4d33-b7d9-0510db74385a,when-chance-is-not-chance,47ee6a4f-9a19-4bc7-8101-ed538eddd7f6,ok,"categoria_menu,forma,tema_label,temi,tags",,2026-04-19T08:54:42.547781
889f0957-1efc-469a-a9bc-a7a4b27a2b38,masterchefs-new-recipe-tenderness-without-pity,29340212-e728-4ec7-80c5-6c79dc471213,ok,"categoria_menu,forma,tema_label,didascalia_copertina,temi",,2026-04-19T08:54:42.643719
88d2067c-55a4-45c6-ac36-4276f19c72b7,carlo-gnocchi-selected-writings-19341956,1d786811-cb4c-4c1a-8693-852740ac77c0,ok,"categoria_menu,forma,tema_label,didascalia_copertina,temi",,2026-04-19T08:54:42.732709
88e01dd2-d966-499c-a3e7-abab34bf1034,welcome-at-romes-gates,6fe7bafe-b0dd-4c81-822b-5f7efc4e017b,ok,"categoria_menu,forma,tema_label,temi,tags",,2026-04-19T08:54:42.802538
890728a1-43a1-4fb0-b906-cbe9bee8719b,a-great-prophecy,5c830d68-823d-459b-a685-28caca31b7ab,ok,"categoria_menu,forma,tema_label,didascalia_copertina,temi,tags",,2026-04-19T08:54:42.877340
890ed0fa-95c7-4a42-9b1f-d90b1dc82e91,on-holiday-everything-became-a-game,ff5b72e2-e5e5-46dd-85bd-ca600ea6789e,ok,"categoria_menu,forma,tema_label,temi,tags",,2026-04-19T08:54:42.932444
8911904f-96a2-4d56-bd9b-65f9a8bb26c4,in-motion,64491aba-822d-4bfd-93b2-efee91f6f8cf,ok,"categoria_menu,forma,tema_label,temi",,2026-04-19T08:54:43.072039
89263dc8-a23e-41df-b23f-4b5820f2ab87,jean-and-genevieves-caravan,f3c9e33d-ca1f-49bf-9355-041f4d50070b,ok,"categoria_menu,forma,tema_label,temi,tags",,2026-04-19T08:54:43.125014
893f49e3-1a21-4b80-9de6-fed1fce17064,so-much-work-to-do,f9bd39b5-106a-48de-a4eb-10669b1d5ad5,ok,"categoria_menu,forma,tema_label,didascalia_copertina,temi,tags",,2026-04-19T08:54:43.193894
895a1f45-69c2-4c10-96dc-12c529cb7e27,the-community-that-welcomes-the-rejected-review,46c9a57b-6d23-4f32-98d9-baaab352c009,ok,"categoria_menu,forma,tema_label,didascalia_copertina,temi",,2026-04-19T08:54:43.249443
89726cf1-d554-438d-9c6d-2708fe3c3278,creatures-discomforts,68bc34c0-5b61-4edc-b98f-78f208b3edc8,ok,"categoria_menu,forma,tema_label,didascalia_copertina,temi",,2026-04-19T08:54:43.375479
8975eeba-0d34-480b-9caf-4e8409fb6528,today-im-free,2efe382c-d905-4023-942e-b8195b559b8b,ok,"categoria_menu,forma,tema_label,didascalia_copertina,temi,tags",,2026-04-19T08:54:43.454338
89900a12-7164-41aa-97ba-6700d33b3204,perceval-a-place-to-live-and-learn,4a5cdff5-52e3-4ae1-b79c-285ff9793945,ok,"categoria_menu,forma,tema_label,didascalia_copertina,temi,tags",,2026-04-19T08:54:43.458166
89cf431b-9907-4992-a143-2f8022671fa9,the-right-to-celebrate,6fa943a9-2d67-4f26-8aeb-b6cabe9c26b8,ok,"categoria_menu,forma,tema_label,temi,tags",,2026-04-19T08:54:43.524568
89d317f9-1596-4bdb-a172-6e15d2c137dd,seveso-1976-what-the-dioxin-didnt-tell-us,70b0ab59-3b07-45f8-af74-026946654976,ok,"categoria_menu,forma,tema_label,didascalia_copertina,temi",,2026-04-19T08:54:43.629235
89d5237b-2f6a-457c-a5be-68363a619395,parents-reflect-on-cardinal-martinis-words,09e265e4-da5e-45ce-afe0-0ba125650507,ok,"categoria_menu,forma,tema_label,didascalia_copertina,temi,tags",,2026-04-19T08:54:43.803999
8a061dd1-0433-48ae-9a16-ded3fb460e4e,does-prayer-for-peace-actually-work,9125a582-b25a-4274-8136-41e98ba3b2b7,ok,"categoria_menu,forma,tema_label,didascalia_copertina,temi",,2026-04-19T08:54:43.840072
89e8fd71-cf47-4743-ad71-a5af00d04fd5,invisible-barriers-to-the-heart,eaff175a-b71c-4f14-aaa5-ef6822e29583,ok,"categoria_menu,forma,tema_label,didascalia_copertina,temi",,2026-04-19T08:54:43.817976
8a080a4e-1bac-44f6-8bf7-c4a472f9167d,she-has-a-world-of-her-own-now,f143775a-770d-4569-8e42-3677ac6bab5c,ok,"categoria_menu,forma,tema_label,temi,tags",,2026-04-19T08:54:43.926728
8a11c7dd-3530-4b4e-aff4-72e26aa13210,an-uncommon-leader-for-larche,14c294e5-5f26-43c0-be99-c0619b51f200,ok,"categoria_menu,forma,tema_label,didascalia_copertina,temi,tags",,2026-04-19T08:54:44.166475
8a08e70a-b4e8-4d58-995d-418cd2b83927,dear-nicole,64abaf81-90c5-4baf-945a-b44c9e361ec1,ok,"categoria_menu,forma,tema_label,didascalia_copertina,temi",,2026-04-19T08:54:44.141288
8a2f100a-2553-46a5-b4fa-88675e31bb4e,romanian-invasionsnot-barbaric-at-all,72ffa9cb-8d11-43a4-9a83-65d60b2e5e0e,ok,"categoria_menu,forma,tema_label,temi",,2026-04-19T08:54:44.178534
8a5b391f-b550-4865-ad91-8c8530f7429d,learning-to-dress-myself,07469439-9f51-4903-bff3-fb73cde6188d,ok,"categoria_menu,forma,tema_label,didascalia_copertina,temi",,2026-04-19T08:54:44.263399
8a5b6ed1-03d5-4d75-8542-ebcf1e6ef7bd,scouting-and-disability-a-path-to-growth,fd703a1d-ee2d-4869-8859-257ae98f6f72,ok,"categoria_menu,forma,tema_label,temi,tags",,2026-04-19T08:54:44.470179
8a6ed347-136f-4e50-9a17-9e8160bf9fc8,play-for-all-milan-opens-its-first-accessible-playground,253db069-5e6c-42b0-94ae-ae224b3cfae9,ok,"categoria_menu,forma,tema_label,temi,tags",,2026-04-19T08:54:44.514693
8a635d3b-e4a7-44b5-bcbd-fe57032355cf,the-inkwell-project,98718a6b-19ae-4966-9323-47459720838b,ok,"categoria_menu,forma,tema_label,temi,tags",,2026-04-19T08:54:44.488771
8a79f3ea-30c6-47b6-857f-c71592643f29,living-with-a-child-with-down-syndrome-building-love-and-life-together-day-by-day,2c799b2a-fde0-4574-af9d-7b0132b66fa5,ok,"categoria_menu,forma,tema_label,temi",,2026-04-19T08:54:44.575692
8a8492db-cf5b-4aa5-9396-78470bb6eb31,scraps-of-paradise,b1ff4fda-f1ed-41d8-ae91-d9b0c25e0b1b,ok,"categoria_menu,forma,tema_label,didascalia_copertina,temi",,2026-04-19T08:54:44.773346
8aa36c7b-1213-4a3f-886c-cb86d15344d5,what-gets-under-your-skin-newsletter-no-32,eff75550-bf8d-4be0-a0c7-d516637d53c5,ok,"categoria_menu,forma,tema_label,didascalia_copertina,temi",,2026-04-19T08:54:44.873932
8a96aa25-bff5-496d-909d-f3182cc4cb40,faith-and-light-issue-64,cc24bcb0-3b77-4aa9-b85b-f49be876936a,ok,"categoria_menu,forma,tema_label,didascalia_copertina,temi,tags",,2026-04-19T08:54:44.841453
8ab279a7-2f27-494f-b92b-262d004bfbde,an-angel-sings-blue-the-true-story-of-ceciliaa-review,f135c1eb-7689-4138-9572-5795dff2dc03,ok,"categoria_menu,forma,tema_label,didascalia_copertina,temi",,2026-04-19T08:54:44.929171
8ab7f513-05d0-4ce0-aebc-beb1558bacdd,studentinsella-bringing-students-with-disabilities-into-the-saddle,e5d63219-d637-4e57-bdef-0389792baa82,ok,"categoria_menu,forma,tema_label,temi,tags",,2026-04-19T08:54:45.077433
8ac7ff99-0eef-4ea3-9f53-73c6b02c6e53,open-dialogue-no-138,6e788673-07b1-4367-9ae5-5a0ecc649be9,ok,"categoria_menu,forma,tema_label,didascalia_copertina,temi",,2026-04-19T08:54:45.157203
8acb1d23-272a-416f-ac5d-f16a1c61fb45,parents-of-children-with-disabilities-no-one-disturbs-anyone,3308dd93-2615-4d56-909c-7701fe7f62aa,ok,"categoria_menu,forma,tema_label,didascalia_copertina,temi,tags",,2026-04-19T08:54:45.160297
8ada7c31-628d-4958-9b87-119b6ab21537,faith-and-light-in-iraq,a0b96e26-edd5-4ad1-932d-214d650d5579,ok,"categoria_menu,forma,tema_label,didascalia_copertina,temi",,2026-04-19T08:54:45.256798
8b061f13-0857-40dd-ae5c-e0a1cba2da62,inside-ombre-e-luci-1990,2051e000-9774-4355-8bf9-43422c5ddd44,ok,"categoria_menu,forma,tema_label,didascalia_copertina,temi,tags",,2026-04-19T08:54:45.391307
8b316bd6-a0f9-4189-8394-d15acc77ab37,insieme-is-born-the-newsletter-of-fede-e-luce,d11751b3-d4ef-4bc9-9aeb-7585a1bdc67c,ok,"categoria_menu,forma,tema_label,didascalia_copertina,temi",,2026-04-19T08:54:45.458069
8b5a4b25-7f16-4859-9555-fd9e704f3c4c,francesca-at-the-table-ritual-and-adventure,bd9b6263-d1ca-445c-a763-f7e637623d5b,ok,"categoria_menu,forma,tema_label,didascalia_copertina,temi,tags",,2026-04-19T08:54:45.463315
8b758767-5cf9-4f67-8852-dba400b3e913,viola-the-captain-and-my-little-one,65a190ca-0600-4ebe-b9d3-c9dede15ab43,ok,"categoria_menu,forma,tema_label,didascalia_copertina,temi,tags",,2026-04-19T08:54:45.665307
8b6dca90-5680-4275-87d3-062c46a7e24e,three-films-on-disability-emanuele-raucos-picks,09bd724a-64c3-463c-aa8d-a8ff78b49728,ok,"categoria_menu,forma,tema_label,temi,tags",,2026-04-19T08:54:45.599083
8b968ad1-8a7e-4107-8b9d-00b1d6f642f8,always-respect-the-person,7011b73b-f380-41cd-939b-c051f4467f2f,ok,"categoria_menu,forma,tema_label,didascalia_copertina,temi,tags",,2026-04-19T08:54:45.792086
8bbafdc6-31c3-455e-9aa9-d975f99d44d3,open-forum-94,92b654cc-b8f6-4695-ba26-143b2c0f2967,ok,"categoria_menu,forma,tema_label,didascalia_copertina,temi",,2026-04-19T08:54:45.826381
8be82ca9-2986-46cf-b9f8-6440c394232e,aunt-giuliana-grandmothers-walker-and-my-questions,976b4bf4-b06d-4288-a5a5-78aca957b4db,ok,"categoria_menu,forma,tema_label,temi",,2026-04-19T08:54:46.006267
8bf697d9-df2c-4436-a2c0-d8d87c9c78ae,why-i-bring-my-children-to-fede-e-luce,e5c82a2d-667c-4dc3-a7ed-0d87666fad68,ok,"categoria_menu,forma,tema_label,didascalia_copertina,temi,tags",,2026-04-19T08:54:46.043453
8bfaf904-938f-47d5-b403-cb80baef931f,after-us-with-us-families-and-services-in-the-care-of-disabled-adults,9c274fdc-af7c-454d-b782-b3e299d2b25a,ok,"categoria_menu,forma,tema_label,temi",,2026-04-19T08:54:46.120685
8c1394df-7bed-4924-98b3-45de036bd083,our-choice-cristina,d10bf1f1-f4e2-4fb4-87ed-033f407e5557,ok,"categoria_menu,forma,tema_label,didascalia_copertina,temi,tags",,2026-04-19T08:54:46.159762
8c1fc66b-6cb2-4b56-8b97-c175460c924f,a-vital-presence-teachers-on-valentina,4f86c1ff-66be-4907-b623-e43a15def417,ok,"categoria_menu,forma,tema_label,didascalia_copertina,temi",,2026-04-19T08:54:46.298301
8c3562c0-f7f8-4e6a-a6c9-4be91138cfdf,what-holds-us-together,87857305-d77b-4515-bcba-e4f0086dcfbd,ok,"categoria_menu,forma,tema_label,didascalia_copertina,temi,tags",,2026-04-19T08:54:46.365997
8c422064-41ed-4e1f-a5d6-b5b89f2f9f27,the-girasole-community-and-cooperative,c5060be6-d2d6-401e-90a8-c19d5baab606,ok,"categoria_menu,forma,tema_label,didascalia_copertina,temi,tags",,2026-04-19T08:54:46.403842
8c4c5d04-5a24-4a5e-8199-50763c78a492,faith-and-light-in-motion-issue-9,c2064666-78de-453f-b674-2a027bfaeb89,ok,"categoria_menu,forma,tema_label,didascalia_copertina,temi,tags",,2026-04-19T08:54:46.457011
8c5b553a-758c-4d73-b1b5-c51937166b99,the-uscobufpt-injection,e3a61fe3-3567-44c9-9893-fbe663ea5fb7,ok,"categoria_menu,forma,tema_label,temi",,2026-04-19T08:54:46.623225
8c63d2b3-2399-41c4-b88d-1b3db70e3b56,when-summer-comes,b9b611a1-9ac7-4ad1-9e85-21dc15ce1f53,ok,"categoria_menu,forma,tema_label,temi,tags",,2026-04-19T08:54:46.695345
8c9b80d5-36d5-48f9-9b86-4a297b71a82c,design-contest-create-the-pilgrimage-sticker,9cbe74ad-b91b-46b2-9688-24522a87854e,ok,"categoria_menu,forma,tema_label,didascalia_copertina,temi",,2026-04-19T08:54:46.804368
8cb86751-6080-4086-b557-7e6178422ddd,martini-had-nearly-said-it-all,2d01f5ce-7db8-4bfc-8edf-24e443e2bf15,ok,"categoria_menu,forma,tema_label,temi,tags",,2026-04-19T08:54:46.824620
8cbf567e-abfc-4d3f-af9c-89f9b1707e37,when-pictures-speak-louder-than-words-newsletter-no-15,fd74a522-a3dd-461f-b657-5ae473d43c23,ok,"categoria_menu,forma,tema_label,temi",,2026-04-19T08:54:46.934912
8cc08a36-b958-4c90-9470-803848e02a64,i-couldnt-become-a-sister-because-i-couldnt-read,dc737b40-2de8-4303-a7e5-3cbc9fb18b3f,ok,"categoria_menu,forma,tema_label,didascalia_copertina,temi",,2026-04-19T08:54:47.004313
8ce2f35f-602f-4a84-96bf-ef099446c346,the-years-that-pass,494bcaa6-a58f-4995-96bb-958b8133e989,ok,"categoria_menu,forma,tema_label,temi",,2026-04-19T08:54:47.141259
8d13f2d3-d7f3-4d51-a85a-c8fb6e11cfef,never-alone-three-stories,aaa0af14-754e-4398-9f1d-16e3066fce8a,ok,"categoria_menu,forma,tema_label,didascalia_copertina,temi,tags",,2026-04-19T08:54:47.173865
8d23da0b-f226-48e5-9e18-d5c91f7a162f,i-am-vincent-and-im-not-afraid-a-review,a5241e2a-ceba-4b1a-89d6-8001d0356243,ok,"categoria_menu,forma,tema_label,didascalia_copertina,temi",,2026-04-19T08:54:47.262767
8d28659a-0d08-4e74-ab34-bd06e4cf84cd,living-with-autism-a-survival-guide-for-parents,80d7e27c-6609-4951-b9df-9b358f2667b9,ok,"categoria_menu,forma,tema_label,didascalia_copertina,temi,tags",,2026-04-19T08:54:47.330530
8d2efc69-96f6-4648-ada2-3a4b02c7f03b,the-jubilees-true-joy,5fea959a-6b4f-434c-8e20-d109c578fae8,ok,"categoria_menu,forma,tema_label,didascalia_copertina,temi,tags",,2026-04-19T08:54:47.447009
8d3b07b0-cf95-4666-b598-aba8395a72c7,learning-to-fall,b2859105-cc81-412d-9e52-a1a55fcb214d,ok,"categoria_menu,forma,tema_label,temi",,2026-04-19T08:54:47.503995
8d3c9b78-eef4-4ce7-a5de-d46927df04cb,thursday-means-gnocchi,274400c6-0275-4145-a438-77a188a8294e,ok,"categoria_menu,forma,tema_label,temi",,2026-04-19T08:54:47.535042
8d45e975-f17a-40ee-9289-91a8ac3b7550,something-nobody-saw-coming,e070f419-3e82-437b-a558-46f208d50702,ok,"categoria_menu,forma,tema_label,didascalia_copertina,temi",,2026-04-19T08:54:47.695155
8d55f845-9a85-42d2-b905-278a3f21fc67,the-hidden-side-what-its-really-like-to-be-the-father-of-a-disabled-child,bc3ab4da-fe4e-4c52-8088-cd9ee940fd4a,ok,"categoria_menu,forma,tema_label,didascalia_copertina,temi",,2026-04-19T08:54:47.770405
8d65f644-8dd3-430a-8795-b49726c5a7d1,maria-my-goddaughter,f0474b5a-b0b6-494b-858e-5f191d50f603,ok,"categoria_menu,forma,tema_label,temi,tags",,2026-04-19T08:54:47.792484
8d7b31a7-2785-4c5f-921a-8791382f26a7,to-you-my-child,663408f3-2eae-4640-b08a-172106591a8e,ok,"categoria_menu,forma,tema_label,temi",,2026-04-19T08:54:47.835952
8dc39a7f-e083-450a-9cb3-f5f891b86b97,i-believe-in-you-luca-badettis-transformative-vision-of-disability-and-trust,5d48be5a-333d-49f2-be99-fc5665218518,ok,"categoria_menu,forma,tema_label,temi",,2026-04-19T08:54:48.006352
8dc80039-48c6-42ee-aa33-addea48557a5,teaching-autistic-children-individual-assessment-and-treatment,51106bcd-de3e-40a9-9c68-bd040e164e5f,ok,"categoria_menu,forma,tema_label,didascalia_copertina,temi",,2026-04-19T08:54:48.114600
8e339ffb-c80e-45c7-b8a4-87690b59e0b2,growing-the-chain-the-future-of-insieme,3dec1ed1-b0d9-46d6-a04b-34b83b44316d,ok,"categoria_menu,forma,tema_label,temi",,2026-04-19T08:54:48.143177
8e0eda30-50f9-4d80-92a0-b9fcc418502e,understanding-parkinsons-disease,dca5b44e-f622-41d7-ba13-930db9625bd2,ok,"categoria_menu,forma,tema_label,temi,tags",,2026-04-19T08:54:48.118923
8e47d57e-c02c-4a3e-96bd-bcc60e9e4d85,what-well-see-in-rome-a-pilgrimage-guide-1975,b9f27278-2b04-47cd-be39-6876b2180f42,ok,"categoria_menu,forma,tema_label,didascalia_copertina,temi,tags",,2026-04-19T08:54:48.291350
8e538551-8e01-449b-a1fa-6ab871c3ec3e,how-faith-and-light-is-organized,650ccaed-4dcd-4363-b043-7b96e28bb4b1,ok,"categoria_menu,forma,tema_label,didascalia_copertina,temi,tags",,2026-04-19T08:54:48.402918
8e8fceeb-e2db-4dc6-a7ca-4b0a9a8e6cba,willow,16542cca-35c1-403c-8902-378f3d4bcbda,ok,"categoria_menu,forma,tema_label,temi",,2026-04-19T08:54:48.447426
8e94790e-4a5b-406f-bb8f-70bb419905f6,friendships,fa9ce429-a9b2-491c-aa3b-725ec5e31d89,ok,"categoria_menu,forma,tema_label,temi,tags",,2026-04-19T08:54:48.458135
8ecea912-be13-4642-9474-bc90e93b7d9b,in-the-alleys-of-naples,7aa9e578-67d9-49f7-902a-e4593b805c40,ok,"categoria_menu,forma,tema_label,temi,tags",,2026-04-19T08:54:48.605983
8ecf87d2-4ead-4a3d-89b1-e9325d324917,job-why-a-mothers-dialogue,9a112234-783d-4b9f-855e-1700518d24d2,ok,"categoria_menu,forma,tema_label,didascalia_copertina,temi",,2026-04-19T08:54:48.727060
8ed3004f-e202-4503-945b-61fa7164c33a,fast-forward-a-journey-into-adhd-podcast-review,f50be194-7e34-4e89-8577-438757a32130,ok,"categoria_menu,forma,tema_label,didascalia_copertina,temi,tags",,2026-04-19T08:54:48.762964
8ee703f6-2820-4127-9ec9-29993b850ec5,open-forum-15,9d454645-2afb-4142-8aaf-7ae55391e882,ok,"categoria_menu,forma,tema_label,didascalia_copertina,temi,tags",,2026-04-19T08:54:48.791725
8eeef4ac-178a-442e-b1a1-d98e60b884ce,voices-from-lourdes-the-1971-pilgrimage,14aeb933-78e5-4c6f-b528-88e4295e2c34,ok,"categoria_menu,forma,tema_label,didascalia_copertina,temi,tags",,2026-04-19T08:54:48.883485
8ef36e2c-fc2b-4356-8eab-2691c0aa36d9,why-not-me,07729da3-ab95-4e13-a5db-9d378427fa10,ok,"categoria_menu,forma,tema_label,didascalia_copertina,temi,tags",,2026-04-19T08:54:48.964584
8f031890-8c1d-452e-8ade-1f67251c032b,catechesi-per-disabili-a-roma-un-percorso-formativo-en,00cd8bf8-ea7f-435b-b850-05ba49374771,ok,"categoria_menu,forma,tema_label,temi",,2026-04-19T08:54:49.035601
8f12e366-6968-403a-aaf6-0e6c267ebe2a,small-justice,9814c0fa-9a35-4d51-b41a-d6d1949869f5,ok,"categoria_menu,forma,tema_label,temi",,2026-04-19T08:54:49.147348
8f13c9f2-cd2d-4928-be8a-8afde0ee903a,behind-the-scenes-of-an-hiring,52e0b853-2a87-46c6-9b09-576929358160,ok,"categoria_menu,forma,tema_label,temi",,2026-04-19T08:54:49.192019
8f60c09a-6b3e-46db-94c6-423c6ec31e1a,the-first-avatar-that-signs-understanding-emergencies-in-italian-sign-language,8bf5cfce-9ca0-4069-a8e1-4f12f5951452,ok,"categoria_menu,forma,tema_label,didascalia_copertina,temi",,2026-04-19T08:54:49.238530
8f852425-5dfc-48f1-9c8b-da21f117b4a0,to-all-fede-e-luce-groups,bf406f15-50ae-4609-b5e1-8743df537940,ok,"categoria_menu,forma,tema_label,temi",,2026-04-19T08:54:49.319369
8f854f90-0d4f-450c-8fef-7a7129d169d4,friends-always,d4b2e563-be1a-4b0e-944d-d7cc5ebbe59b,ok,"categoria_menu,forma,tema_label,didascalia_copertina,temi,tags",,2026-04-19T08:54:49.433469
8f87e6c7-6042-402c-9301-e76176da64ff,not-just-all-year-but-all-these-years,29879bb7-f20b-4d13-b501-891e39c75d46,ok,"categoria_menu,forma,tema_label,didascalia_copertina,temi,tags",,2026-04-19T08:54:49.563806
8fa0ba30-7bb7-47bc-9f47-ec4c1da0d5db,an-april-friday-reviews,86a23cdc-89b6-48ef-a61a-273e6c3f616f,ok,"categoria_menu,forma,tema_label,didascalia_copertina,temi,tags",,2026-04-19T08:54:49.605510
8fa25bba-4ba9-466b-ba23-b50253d11170,years-and-years-61ea,61eaa839-55ac-4a42-8e76-e67b3f4e7979,ok,"categoria_menu,forma,tema_label,temi",,2026-04-19T08:54:49.672580
8fc996d9-42d1-4326-8cb5-3ef7e76df5f3,i-want-to-get-married,09b48251-3983-438e-9710-31b26e1d1941,ok,"forma,didascalia_copertina,temi",,2026-04-19T08:54:49.745387
8fcfeea3-9231-4f01-8f08-2be561c343e2,conference-report-the-autistic-child,79baa947-e65f-4fb9-9c33-ed1e1c1d3421,ok,"categoria_menu,forma,tema_label,didascalia_copertina,temi",,2026-04-19T08:54:49.910447
8fda6b1b-ba9b-4dcc-8790-a93601442bff,what-future-do-you-dream-for-your-child,86d54604-ce34-4c14-b980-41cb341e5672,ok,"categoria_menu,forma,tema_label,didascalia_copertina,temi,tags",,2026-04-19T08:54:49.940347
8fe6e954-e0bc-412d-9af6-1adb1f47b607,open-dialogue-no-90,8a428949-6ba1-4a4e-a2e9-26e609c2bed8,ok,"categoria_menu,forma,tema_label,didascalia_copertina,temi",,2026-04-19T08:54:49.995609
8fec1b69-aacb-41bb-98d1-ce343236aafb,january-2003-trosly,7a68b393-450e-4f4b-aab5-05419ec3083c,ok,"forma,temi",,2026-04-19T08:54:50.054620
8ff2a021-5dbc-42d6-9516-6fbda36c3179,learning-to-tie-your-shoes-a-review,6036f8c2-d6e2-4b43-a859-e70f85dde57d,ok,"categoria_menu,forma,tema_label,temi",,2026-04-19T08:54:50.254074
8ff0159c-540f-4bf3-a705-98f7a2e6a2ce,merry-christmas-from-japan,c3904c68-df91-4119-bc13-c4a139a26bec,ok,"categoria_menu,forma,tema_label,didascalia_copertina,temi,tags",,2026-04-19T08:54:50.195529
8ffec382-264e-428e-af1d-6e802b8d0ab1,lent-with-don-marco-2020-podcast,7eb44064-aac2-4e29-8017-3b5bebe78016,ok,"categoria_menu,forma,tema_label,temi,tags",,2026-04-19T08:54:50.312423
9003df2b-77bb-475a-abdb-3f36ac5adb8d,la-torre-a-residential-community,99af6351-e5d8-4244-8204-21c43be9ac23,ok,"categoria_menu,forma,tema_label,didascalia_copertina,temi,tags",,2026-04-19T08:54:50.382776
90582011-cf8a-4970-a6b1-02eec57f856a,you-can-only-laugh-at-what-makes-you-human,c7905575-4411-4877-bb21-8f422b2e41fd,ok,"categoria_menu,forma,tema_label,didascalia_copertina,temi,tags",,2026-04-19T08:54:50.539751
906c981e-763c-4e70-909e-1b9815201e50,swimming-with-love,6251b7d8-f517-43ee-9c7d-8592858b30a8,ok,"categoria_menu,forma,tema_label,didascalia_copertina,temi",,2026-04-19T08:54:50.585547
90541c31-118e-4dc3-8d32-29ec5bfd5fb6,the-blue-class,74986486-3b0a-4c91-a888-657cb88c80ef,ok,"categoria_menu,forma,tema_label,didascalia_copertina,temi,tags",,2026-04-19T08:54:50.533453
907a7354-e3d7-4956-9943-dcf2f7a5107d,why-do-we-ignore-jesuss-answer,630a830b-00da-475b-a687-d0e8147cbfd8,ok,"categoria_menu,forma,tema_label,temi",,2026-04-19T08:54:50.728607
9089451b-98fe-4725-adc1-4924b285f5aa,transforming-our-hearts-mercy-part-2,a018b4cf-3617-4e80-a027-d0dfeb8543ab,ok,"categoria_menu,forma,tema_label,didascalia_copertina,temi",,2026-04-19T08:54:50.921018
90c334ca-13dd-4751-8412-49fb42554b0d,war-borders-and-hope,64ba04b1-ec25-4856-8331-46254eadeb9c,ok,"categoria_menu,forma,tema_label,didascalia_copertina,temi",,2026-04-19T08:54:50.928493
908e3e77-2cf7-4c1a-8dd8-3a58f9220845,the-invisible-paths-newsletter-no-18,25397d17-d1bb-454e-bae9-9814271f6f49,ok,"categoria_menu,forma,tema_label,temi",,2026-04-19T08:54:50.921499
90c6e159-4a41-4ed3-9bad-a66617220f31,rico-oscar-and-the-shadow-thief,9fe05d2a-2755-45d6-a20e-b12b51b5c504,ok,"categoria_menu,forma,tema_label,didascalia_copertina,temi,tags",,2026-04-19T08:54:51.063652
90f5468e-39bb-4777-a58d-61103babd15b,she-is-francesca-period,ed137225-d1b3-4281-80a0-4f1785899619,ok,"categoria_menu,forma,tema_label,temi",,2026-04-19T08:54:51.258695
9108d2a2-8077-47cf-bbbf-5f92f9213fb1,from-the-aquarium-to-the-ocean,02cd4eca-7b7e-4d69-abe2-b33da28abe4e,ok,"categoria_menu,forma,tema_label,didascalia_copertina,temi,tags",,2026-04-19T08:54:51.292697
9108bd39-8a69-46e7-9df1-d229674738f9,taking-up-the-burden-of-the-last,a4feb574-720a-4896-864e-b7f9fe9dc11d,ok,"categoria_menu,forma,tema_label,didascalia_copertina,temi,tags",,2026-04-19T08:54:51.272457
910ee799-a67a-446e-8d62-ad45c7747b8e,and-life-will-bloom-teaching-catholic-faith-in-schools-including-children-with-disabilities,0897e549-3246-4c60-825e-845270615df5,ok,"categoria_menu,forma,tema_label,didascalia_copertina,temi",,2026-04-19T08:54:51.347988
912622ea-c2d9-44b5-8744-c8d543296c2a,in-the-heart-of-illness-communion-is-possible,b61f3b13-2a9e-4287-bc07-460b88e94fe3,ok,"categoria_menu,forma,tema_label,didascalia_copertina,temi",,2026-04-19T08:54:51.563153
914a6c8b-ac53-42ca-8ed8-aa984a6d8507,care-as-calling-four-films-at-the-berlinale-that-demand-reflection,d8db6d6e-8aaf-4a62-9b3b-9c6626f2727d,ok,"categoria_menu,forma,tema_label,didascalia_copertina,temi",,2026-04-19T08:54:51.623728
9150eb6c-bee6-43fc-83d3-153d7917121a,sanremo-as-far-as-i-could-see-5,0ff7cda6-9b2b-436d-9658-b23753209a84,ok,"categoria_menu,forma,tema_label,didascalia_copertina,temi,tags",,2026-04-19T08:54:51.630259
915816c9-118c-4439-bd82-11f164310591,the-dentists-chair,91df13d8-9791-4880-9f6d-871a62e0c3a3,ok,"categoria_menu,forma,tema_label,didascalia_copertina,temi",,2026-04-19T08:54:51.670470
9159b88a-3ab5-41d7-b7b9-998fe77f718b,a-place-in-the-world,46fc8828-831f-4a05-85b4-fb53bc4c2434,ok,"categoria_menu,forma,tema_label,didascalia_copertina,temi,tags",,2026-04-19T08:54:51.877042
9177b893-7c9d-44b1-a27f-4e5282add76a,the-specials-a-review-of-olivier-nakache-and-eric-toledanos-new-film,cf13969e-00cf-4b75-b886-5887e636867b,ok,"categoria_menu,forma,tema_label,didascalia_copertina,temi",,2026-04-19T08:54:51.957165
91a9023c-2505-4137-b7b8-1ee8afb48001,the-arrow-on-viale-marconi,431e4c66-c322-42d6-a667-7a72e6c8b3db,ok,"categoria_menu,forma,tema_label,temi",,2026-04-19T08:54:51.999842
91a86a77-73f8-4f0c-b935-2015dd322be4,a-birthday-at-a-friends-bedside,e4b9ded6-ea5d-4db4-8438-04b8df66c0d1,ok,"categoria_menu,forma,tema_label,temi",,2026-04-19T08:54:51.976550
91b9e2f7-00a1-4193-a8d1-431fa5e1f19a,a-disability-expert-at-the-table-giampiero-griffo-joins-italys-coronavirus-recovery-task-force,8646267f-310b-47cc-8ff4-248a23a22ac5,ok,"categoria_menu,forma,tema_label,temi",,2026-04-19T08:54:52.147149
91cfcf1b-f26c-4843-9c3d-116ed017d0ef,the-most-popular-guy-at-the-velodrome,ec30323f-d1d4-4b73-aea5-6b610ac5ec7e,ok,"categoria_menu,forma,tema_label,didascalia_copertina,temi",,2026-04-19T08:54:52.263668
9206ad3e-8c74-4389-882f-1a4c7a5ec117,children-have-resistanceand-thats-normal,c2b82a3f-0b20-4627-bee2-5115e4fd0089,ok,"categoria_menu,forma,tema_label,didascalia_copertina,temi",,2026-04-19T08:54:52.341004
91f38da2-1e9d-4b7c-8a1a-abae48e6dd1e,the-whole-person-still-unknown,0c7079d5-355d-4a73-a7f8-cbfb445033c9,ok,"categoria_menu,forma,tema_label,didascalia_copertina,temi",,2026-04-19T08:54:52.324274
920f33a8-c239-4f5f-8b05-d9f85702823a,autism-on-screen-italian-cinema-finds-its-authentic-voice,ca6c8927-3e1c-40a4-842b-c5ea84e5d50c,ok,"categoria_menu,forma,tema_label,didascalia_copertina,temi,tags",,2026-04-19T08:54:52.483505
921b6049-185a-4dde-ab08-f1b67e410d7d,the-lesser-evil-juvenile-delinquency-a-problem-for-us-all,6f216349-50ac-4ead-9430-b6dfded760ee,ok,"categoria_menu,forma,tema_label,didascalia_copertina,temi",,2026-04-19T08:54:52.552867
923b2f1a-2883-445f-a8a7-4e4383cbf793,the-life-of-faith-and-light-issue-18,8635e0d6-36ea-47e9-9bc2-c51904556653,ok,"categoria_menu,forma,tema_label,temi",,2026-04-19T08:54:52.707523
924f9d6d-377a-4367-bbc6-1b6764442a0c,a-gift-of-poetry-four-friends-from-comunita-il-roveto,9ea93962-b021-4110-b9fc-75a759be6358,ok,"categoria_menu,forma,tema_label,didascalia_copertina,temi,tags",,2026-04-19T08:54:52.709870
925cdc7a-7236-4564-94e6-81c3ca179067,atypical-newsletter-no-34,3dcefe61-f53e-4eab-96d8-b0914941afec,ok,"categoria_menu,forma,tema_label,temi",,2026-04-19T08:54:52.781741
92a46060-fde6-4bde-8a1c-fbbb35f2b09b,viola-and-bullying,f5e52332-5494-4954-9c20-7fc25bb79874,ok,"categoria_menu,forma,tema_label,didascalia_copertina,temi",,2026-04-19T08:54:52.896332
92ac8904-13b4-4302-aaa9-5cc9e90931c7,like-them,7c8721c1-b15a-4f72-8530-6750b7bf877e,ok,"categoria_menu,forma,tema_label,temi",,2026-04-19T08:54:53.013452
92d72777-5f7a-47ff-a14d-dcbf77325ad4,you-have-turned-my-mourning-into-dancing-a-mothers-journey-from-death-to-resurrectionbook-review,515a6987-d25a-426c-a531-788efc23803c,ok,"categoria_menu,forma,tema_label,didascalia_copertina,temi,tags",,2026-04-19T08:54:53.063314
92dac415-cf1f-4d58-a17c-c9df96da0dbb,the-year-of-encounter-1980,a46c8ad7-a019-4a77-9ede-46a374383105,ok,"categoria_menu,forma,tema_label,temi",,2026-04-19T08:54:53.089321
93079285-5895-4f6f-bc84-8fcb1ae767a6,how-to-separate-a-wave-from-the-sea,d64e202f-d543-4235-994a-b763ec35e2e7,ok,"categoria_menu,forma,tema_label,didascalia_copertina,temi,tags",,2026-04-19T08:54:53.159573
930a6271-3186-4d04-8b9c-1c9edf718d7b,open-dialogue-no-112,7e59eef0-279b-4eec-80f3-c1319ee65dc2,ok,"categoria_menu,forma,tema_label,temi,tags",,2026-04-19T08:54:53.297895
93228b85-0a79-405e-918b-97ece404c72b,first-place,e382cd90-6cc7-453e-96b2-71d30dfc062e,ok,"categoria_menu,forma,tema_label,didascalia_copertina,temi",,2026-04-19T08:54:53.405721
932aa084-8465-490c-a8fc-59b2f02d9145,facing-down-the-fear,0d041112-1abb-4042-b80d-07c2744e1464,ok,"categoria_menu,forma,tema_label,didascalia_copertina,temi,tags",,2026-04-19T08:54:53.443793
935cd87a-c4c4-4810-af0a-2594718c7f36,and-then-we-will-be-safe-alessandra-caratis-powerful-testament,b84a287e-1a30-4bea-b5a6-70cdaad9608d,ok,"categoria_menu,forma,tema_label,temi",,2026-04-19T08:54:53.506499
93657046-b567-4e09-8e11-5a02a23bd68a,alfedena-summer-1976-voices-from-the-camp,6e9d70a9-f58a-4057-b9ef-b8c045575241,ok,"categoria_menu,forma,tema_label,didascalia_copertina,temi,tags",,2026-04-19T08:54:53.639909
93aeec2b-3cdf-4250-a6cf-a017302e3894,the-castle-built-on-sand-a-life-with-schizophrenia,84d8459e-1548-43da-9f56-7f6d45f7b09d,ok,"categoria_menu,forma,tema_label,didascalia_copertina,temi",,2026-04-19T08:54:53.759376
938cea98-ca10-434f-a873-3d6703f3a949,the-community-il-roveto,f2ffadbf-ef7d-41f0-aafe-5b5ef9bc2722,ok,"categoria_menu,forma,tema_label,didascalia_copertina,temi,tags",,2026-04-19T08:54:53.691429
93b15762-ed29-4721-a025-1974208a5b68,stefans-disability-pride-comics-art-and-a-planet-to-save,edfdddd7-4ff5-4959-84c2-7a8a957eb73f,ok,"categoria_menu,forma,tema_label,temi",,2026-04-19T08:54:53.813384
93b3e4e5-074c-4a5b-853c-e5b5a6d755df,from-our-provinces,b54b0c82-2a8d-4915-a052-260ac0451bc4,ok,"categoria_menu,forma,tema_label,didascalia_copertina,temi",,2026-04-19T08:54:53.967981
93cf26b2-66e8-44b3-9089-a210af34fa19,bells-of-celebration,d4a9ccbb-f6eb-4377-8faa-42e20ab74778,ok,"categoria_menu,forma,tema_label,didascalia_copertina,temi",,2026-04-19T08:54:54.077754
93c71dbb-fb9e-403f-925a-2d8614f1eb86,i-met-the-scooppiati,4f6a1abe-7295-4413-ad44-1d9762834af3,ok,"categoria_menu,forma,tema_label,didascalia_copertina,temi",,2026-04-19T08:54:54.073045
93d937ae-30ce-4ae8-a390-e4521b8df74d,roberto-finds-a-new-home,15bfa3b7-ac67-4f9b-ad02-3a70da22d708,ok,"categoria_menu,forma,tema_label,didascalia_copertina,temi,tags",,2026-04-19T08:54:54.131143
93eea7c7-f3a3-44d3-85ff-0d3e0fbbf762,the-time-of-an-ave-maria,cd7ee80d-d634-4274-b478-8365e82b53d4,ok,"categoria_menu,forma,tema_label,didascalia_copertina,temi",,2026-04-19T08:54:54.276676
94061330-2091-4501-9f84-b3ecbf5838d6,the-art-of-wonder,767943e0-83ae-4230-bb41-3ec86adaaaec,ok,"categoria_menu,forma,tema_label,didascalia_copertina,temi",,2026-04-19T08:54:54.366172
93f2c62f-3386-4206-b41a-86b3ed1f63c0,open-dialogue-no-117,0d1e9f8d-03a9-4112-be5f-875abf21d37f,ok,"categoria_menu,forma,tema_label,didascalia_copertina,temi",,2026-04-19T08:54:54.354883
941f86b3-6151-4e72-bb49-be87af7814f3,i-saw-rain-man,f4b94631-9f06-4835-b3a8-fde9f4214e80,ok,"categoria_menu,forma,tema_label,didascalia_copertina,temi,tags",,2026-04-19T08:54:54.483024
94240482-3765-478c-abac-20b639714042,golden-eyes-born-to-livea-review,e9ce6b61-421c-4293-8426-00dffc90dca9,ok,"categoria_menu,forma,tema_label,didascalia_copertina,temi",,2026-04-19T08:54:54.554914
944a9197-7319-4f3f-8429-a3918b59f409,a-fathers-fight-giving-our-disabled-children-better-lives,9117a160-6247-40f5-95eb-67d49519f498,ok,"categoria_menu,forma,tema_label,didascalia_copertina,temi",,2026-04-19T08:54:54.679763
944d01c7-083e-44da-a107-fbd4f493857d,casa-del-sole-a-place-of-serenity,5a2a60d9-2ef7-43f3-bc36-9bfd0d4a8923,ok,"categoria_menu,forma,tema_label,temi,tags",,2026-04-19T08:54:54.686888
94502014-f745-4dad-91f6-7d3b31147382,gods-gifts,be8278c0-e882-4a57-89d4-1b5e3a144d82,ok,"categoria_menu,forma,tema_label,didascalia_copertina,temi",,2026-04-19T08:54:54.845002
94670fc5-c86b-4a2a-a889-df5d46526ccc,cerebral-palsy-in-children,bbcac4f4-0054-4ad5-a419-d5b041e5bba3,ok,"categoria_menu,forma,tema_label,didascalia_copertina,temi,tags",,2026-04-19T08:54:54.873150
9467d4b5-e233-403d-b49c-dffa9dee4c7b,welcoming-the-surprise,de3725ce-c0ab-489a-8d43-1eacc273765f,ok,"categoria_menu,forma,tema_label,didascalia_copertina,temi,tags",,2026-04-19T08:54:54.984638
94772d3f-72a2-4471-ae56-571016e0bb2c,open-forum-no-52,eaf49336-4204-4b02-9b96-3dc05dfb199a,ok,"categoria_menu,forma,tema_label,didascalia_copertina,temi",,2026-04-19T08:54:55.107298
947ef8b0-7ef9-4854-8ec4-cdee771b5871,news-from-the-provinces-issue-144,cc94e37d-ab78-49d3-ab96-0835555e4b0e,ok,"categoria_menu,forma,tema_label,didascalia_copertina,temi",,2026-04-19T08:54:55.175741
94a9b59b-b306-4a70-a35e-866f31544728,living-my-limitations-in-truth,14fc7753-3c0c-4bb0-bc71-d7f897873265,ok,"categoria_menu,forma,tema_label,temi",,2026-04-19T08:54:55.239918
94adeb61-8cff-4759-80d9-7436836c0b75,an-18-year-olds-diy-ramps-using-a-3d-printer-to-break-down-barriers,3ba34750-13d9-459f-afcb-63266ea40dad,ok,"categoria_menu,forma,tema_label,temi",,2026-04-19T08:54:55.342962
94b816a7-7967-4e4e-9300-669ce9f295f8,beyond-the-headlines-living-close-to-ordinary-life,7716e918-9be2-4271-9598-ff6e5fb5f31d,ok,"categoria_menu,forma,tema_label,didascalia_copertina,temi,tags",,2026-04-19T08:54:55.400485
94cfe1ae-8afa-4bfc-a447-7ad171980ec0,the-mosaic-colored-stones,c3e84952-f261-4f47-a525-763793cea139,ok,"categoria_menu,forma,tema_label,didascalia_copertina,temi,tags",,2026-04-19T08:54:55.472062
94e25d8c-802f-409c-9b1b-6c23edd655e7,they-welcomed-us-with-joyone-familys-adoption-story,6fc77e30-760f-403e-8842-6ac72ad35e6f,ok,"categoria_menu,forma,tema_label,temi,tags",,2026-04-19T08:54:55.536769
94f9c096-a64a-4237-b8eb-383022134458,from-our-communities-no-134,daf746ad-cf59-4fa5-9444-613330afa18f,ok,"categoria_menu,forma,tema_label,didascalia_copertina,temi",,2026-04-19T08:54:55.640732
951f678a-2b25-46ec-bbf5-9e57b1241fc1,basaglia-the-doctor-who-freed-the-mad-a-review,e4b2319d-8a62-4929-831b-e1a88cc81f4a,ok,"categoria_menu,forma,tema_label,didascalia_copertina,temi",,2026-04-19T08:54:55.722705
95305113-41dd-4bab-8c42-044ecea627ab,how-to-build-a-faith-and-light-community,bc57ac56-e4bd-4828-a21e-f968131eb574,ok,"categoria_menu,forma,tema_label,temi,tags",,2026-04-19T08:54:55.809332
953a0b67-0c03-41d3-b891-ee042a1f7cfa,odoardo-focherini-righteous-among-the-nations,1bfe42b2-3bee-4e48-af8e-258f0ad018c7,ok,"categoria_menu,forma,tema_label,didascalia_copertina,temi",,2026-04-19T08:54:55.879663
953ca9c0-f87b-440a-b185-26f430f15a85,strong-for-her,c5769fe8-cfb7-4202-bb65-07f9acea18ad,ok,"categoria_menu,forma,tema_label,didascalia_copertina,temi",,2026-04-19T08:54:55.941709
95513ef5-e84d-466a-b392-5f873ae4cf41,when-disability-tests-a-family,1e96c318-bbae-4dde-b493-f4134146c466,ok,"categoria_menu,forma,tema_label,didascalia_copertina,temi",,2026-04-19T08:54:56.056496
95621148-dd2b-4d38-b409-68e583237b7d,no-one-excluded,ad03246e-66d8-48ce-b430-0dc2eeab15ab,ok,"categoria_menu,forma,tema_label,didascalia_copertina,temi,tags",,2026-04-19T08:54:56.115862
9566dfba-e55d-4ecb-83dd-fbda05cbdc41,shaken-and-transformed,ff5d3282-6de1-41ca-8b1c-b0b574e734d6,ok,"categoria_menu,forma,tema_label,didascalia_copertina,temi",,2026-04-19T08:54:56.165494
959a9d86-e843-4338-a639-83c224c207f1,guardianship-without-loss-of-rights-a-judge-explains-italys-new-support-administration-law,0976cf70-2de1-4537-8904-f5d4140dc740,ok,"categoria_menu,forma,tema_label,didascalia_copertina,temi",,2026-04-19T08:54:56.253132
95a104f1-ff9f-44f5-bbfa-335f7bd5de1a,my-headlamp,d123f6c4-a982-47b8-8287-b367ae04b331,ok,"categoria_menu,forma,tema_label,didascalia_copertina,temi",,2026-04-19T08:54:56.343331
95a73eea-a4f7-4bc0-ab2b-3b7a00aef5fd,a-letter-to-jean,282fdf9e-3b6b-48a8-bca9-ff8aa941bb07,ok,"categoria_menu,forma,tema_label,temi",,2026-04-19T08:54:56.475993
95a6bf91-fea0-4b6b-9b1b-7153b9d764ee,from-silence-to-speech,c59bc5c9-e000-421f-a75e-47d43fa7ee63,ok,"categoria_menu,forma,tema_label,didascalia_copertina,temi,tags",,2026-04-19T08:54:56.425241
95aebca2-89bd-4f1a-9fb2-022b36d8e153,a-miracle-of-meeting-at-lourdes,8caa4fe6-b622-4a4c-8dfd-ffe7f8754c3e,ok,"categoria_menu,forma,tema_label,didascalia_copertina,temi,tags",,2026-04-19T08:54:56.542516
95b78d76-0104-4022-8367-7ffe48c084a0,i-never-thought-he-would-have-friends,7b6b6727-3aaa-4787-be86-890c749c7956,ok,"categoria_menu,forma,tema_label,temi,tags",,2026-04-19T08:54:56.624261
95b83d68-a62c-479a-8227-4c5e1db863d3,uncle-jurgens,abf12144-5c97-409a-85a8-ad8d03be029a,ok,"categoria_menu,forma,tema_label,temi,tags",,2026-04-19T08:54:56.740193
95d9e8a5-e89e-44f9-b5c7-70e9c74e22b4,baby-xitter-specialized-babysitting-for-children-with-disabilities,57a80836-58d5-4fdf-ac19-7802c6d7ef78,ok,"categoria_menu,forma,tema_label,didascalia_copertina,temi",,2026-04-19T08:54:56.799950
95e5e8c1-3fb8-4f64-a654-df7389a39f8c,la-storia-di-angelica-en,059f9fbf-7d78-4a48-a6b9-f34453b6baa7,ok,"categoria_menu,forma,tema_label,didascalia_copertina,temi,tags",,2026-04-19T08:54:56.867691
961915d5-f1c1-47e9-a5ef-9eac4a7d9a49,that-cold-winter-sunday,396de8dd-347b-4667-9dbd-6a2f476f7499,ok,"categoria_menu,forma,tema_label,didascalia_copertina,temi,tags",,2026-04-19T08:54:56.926372
96425d3c-6ee2-4501-a19a-6924402619c3,chopin-a-different-kind-of-business,b3dbe032-996d-419c-9551-6e9556f52e4e,ok,"categoria_menu,forma,tema_label,didascalia_copertina,temi",,2026-04-19T08:54:57.099008
965a761f-5dac-48d0-bfa8-043f3a13d791,parents-questions-and-concerns,e8da73c0-0b90-43bb-87b6-e5359203b093,ok,"categoria_menu,forma,tema_label,didascalia_copertina,temi",,2026-04-19T08:54:57.207498
964f48ba-1d00-4e15-ae2c-e0b19734cffc,an-open-letter-to-francis-of-assisi,85057d79-dda1-4c94-b42c-0bcd2d40386c,ok,"categoria_menu,forma,tema_label,temi,tags",,2026-04-19T08:54:57.146370
96698ec1-398a-4ba5-82fe-bdde7fa0867b,open-forum-no-76,2919947b-a3a3-42b8-bac5-fc8d822f5d20,ok,"categoria_menu,forma,tema_label,didascalia_copertina,temi",,2026-04-19T08:54:57.273558
966fa508-6b53-410c-a915-51a3559fb1c3,jean-vanier-responds,579960dd-ecd2-4481-9a79-19626b71d916,ok,"forma,temi",,2026-04-19T08:54:57.372625
96738578-480c-4278-a043-fcc998b8e0ad,a-letter-from-a-mother-in-molise,d5ac45ab-46af-4c7a-8567-5deac6c00684,ok,"categoria_menu,forma,tema_label,temi,tags",,2026-04-19T08:54:57.463158
96786e0b-7947-40ed-a5ec-7eba23461924,then-christmas-arrives-newsletter-no-27,971222a0-9517-4b78-be64-6e3de2f3f74b,ok,"categoria_menu,forma,tema_label,temi",,2026-04-19T08:54:57.535900
968da1f9-bd4e-4fe5-8dbb-3b9eedfdf4e4,open-dialogue-137,f29a6543-7726-470f-93bf-97c7d1977932,ok,"categoria_menu,forma,tema_label,didascalia_copertina,temi",,2026-04-19T08:54:57.623533
9697fd39-4e56-40e3-8c96-6b7601ca9312,why-this-issue-is-about-animation,c6e431b1-c270-4f5a-aff3-a1600126f179,ok,"categoria_menu,forma,tema_label,temi,tags",,2026-04-19T08:54:57.703512
969e52c2-89c9-4625-bb90-6a137043d4bb,disney-my-way-a-summer-camp-full-of-joy-and-friendship,2c909606-60c0-46a9-af16-45bd7fcf7e49,ok,"categoria_menu,forma,tema_label,temi",,2026-04-19T08:54:57.756658
96bcdcff-8fbd-403a-8679-d32e5fc17414,for-all-the-sabinas-of-the-world,765bf120-78e2-45bf-98ae-a9e4ed108493,ok,"categoria_menu,forma,tema_label,didascalia_copertina,temi",,2026-04-19T08:54:57.822874
96c597f4-adc8-40d2-9217-3afb84c4b0a9,alone-then-reborn,d222f36f-1e19-4470-93ca-1724282946ca,ok,"categoria_menu,forma,tema_label,didascalia_copertina,temi",,2026-04-19T08:54:57.880766
96c9464d-6fa7-4515-a841-ca005cd915b8,breaking-through-isolation,74eb0674-50c2-4aa1-99f3-364fc952b904,ok,"categoria_menu,forma,tema_label,temi,tags",,2026-04-19T08:54:58.048744
96f5d511-7894-4f0e-9e71-eaf1e477b17e,open-dialogue-97,81b0edea-a323-414e-871a-1578afb8a587,ok,"categoria_menu,forma,tema_label,didascalia_copertina,temi",,2026-04-19T08:54:58.063784
970d5a6b-b7e4-4f73-8c78-8f7e1c61d448,a-small-mountain-refuge,d64daf49-2bd9-4ed6-81f7-dc75a8e05308,ok,"categoria_menu,forma,tema_label,temi,tags",,2026-04-19T08:54:58.129318
9724f292-58c1-4ede-86a8-bce21583da47,the-challenge-of-loving-more,b86b4ab5-67dd-42be-9b65-b41a4ae1c873,ok,"categoria_menu,forma,tema_label,didascalia_copertina,temi",,2026-04-19T08:54:58.195062
9761edcb-0070-4f31-b6c1-2e7b6570cf4e,flesh-and-blood-for-ghosts,3a78f241-6eb9-4df1-a719-8c116b15fd13,ok,"categoria_menu,forma,tema_label,temi",,2026-04-19T08:54:58.359430
974f3238-2501-4b3a-95b7-bf5230ff5a98,planning-an-olympic-games-event,ccd1cd65-5cf8-4162-b1d0-a43ec9b3e845,ok,"categoria_menu,forma,tema_label,didascalia_copertina,temi,tags",,2026-04-19T08:54:58.303676
97804d3e-5df9-4cf7-a21f-8b118ad7f227,help-wanted-support-for-those-who-seem-not-to-need-it,5310f360-4efd-4b13-adca-155491f5395a,ok,"categoria_menu,forma,tema_label,temi",,2026-04-19T08:54:58.467884
976afbc0-1cdd-4c3b-ab13-3d564bd9340a,she-came-to-help-because-her-cousin-was-waiting-for-john,b3a58ee2-5dae-41b6-9f8d-72ba441548f1,ok,"categoria_menu,forma,tema_label,temi,tags",,2026-04-19T08:54:58.425822
978f45a0-6798-4aaa-9207-7faa13741f25,audio-guides-for-atms-banks-move-to-help-blind-and-low-vision-users,3d17ca5a-64bd-4832-a09b-fc9397992dae,ok,"categoria_menu,forma,tema_label,temi,tags",,2026-04-19T08:54:58.629349
9786814f-e7a5-4145-abdc-7d026970b989,watching-them-flourish,08773ce7-76ac-4d04-8382-b7ad8c34459d,ok,"categoria_menu,forma,tema_label,temi,tags",,2026-04-19T08:54:58.622957
9791e090-c49c-47e2-bf3f-ba4f3f3dc6ed,mime-as-prayer-encountering-the-gospel-at-faith-and-light,f48c02d7-4b7c-46a3-8bfd-37cf28eb0582,ok,"categoria_menu,forma,tema_label,temi",,2026-04-19T08:54:58.761095
979d1436-128f-4a85-bef9-d88fd2345236,two-steps-forward-one-step-back-newsletter-no-20,6a85a5b7-8149-4628-a12a-f77b604382b0,ok,"categoria_menu,forma,tema_label,temi",,2026-04-19T08:54:58.792323
97bb2d02-ece9-4552-9d5b-e5a86eb5feed,an-interview-with-jean-vanier-1895,1895694d-9d0f-493f-bdb6-52bce86b55ab,ok,"categoria_menu,forma,tema_label,didascalia_copertina,temi,tags",,2026-04-19T08:54:58.923370
97ef18de-0318-41d8-8f70-f5bd23ec52bc,from-support-to-participation-inclusive-education-for-children-with-disabilities,4d15b09f-1c7e-4769-9e1b-fcbab01edc3c,ok,"categoria_menu,forma,tema_label,temi,tags",,2026-04-19T08:54:58.948013
97f87943-0cf5-46c8-8e9e-f9c93a8c3339,santegidios-christmas-lunch,55463eb8-8e5b-4f72-a3d3-07c9f636d52b,ok,"categoria_menu,forma,tema_label,didascalia_copertina,temi",,2026-04-19T08:54:59.106646
97f12311-9ab1-4ce7-9469-3d29de561989,hope-makes-no-headlines,d719f0f4-2f11-475a-bc66-4ed4db10ba52,ok,"categoria_menu,forma,tema_label,didascalia_copertina,temi",,2026-04-19T08:54:59.056647
97fff0c6-0184-4a1a-9782-f17422fddb33,promising-television-and-a-flawed-film-at-romes-cinema-festival,72552584-a77b-421e-b11c-568b85d60126,ok,"categoria_menu,forma,tema_label,didascalia_copertina,temi",,2026-04-19T08:54:59.222701
98186f8b-56f5-4d67-922a-4c53643d5f22,rise-up-and-find-hope-again,673c9f3f-8f11-49eb-a483-c2c867ebda1c,ok,"categoria_menu,forma,tema_label,didascalia_copertina,temi,tags",,2026-04-19T08:54:59.249285
9836fed6-d0da-4aa1-bd48-24904cb710f1,tell-me-about-him-why-we-need-to-share-stories-about-othersand-ourselves,f92d75aa-977f-46e9-8fa9-c401f2b13d7b,ok,"categoria_menu,forma,tema_label,didascalia_copertina,temi",,2026-04-19T08:54:59.399039
984325aa-652c-4577-9e2c-a78b706014ed,the-great-family,2cafba79-6f0b-4e32-aeec-dfb47c0bbaba,ok,"categoria_menu,forma,tema_label,temi",,2026-04-19T08:54:59.406768
9869fea4-ce40-43de-8519-b6338b30a24f,a-community-of-communities,52067008-c73e-4dbb-9f07-6d92133b3a2f,ok,"categoria_menu,forma,tema_label,didascalia_copertina,temi",,2026-04-19T08:54:59.551664
98a5f624-1d1f-4c85-aff5-39332456ea37,my-father-is-blind,468b2ffd-2117-48e8-8f84-bdf17042ff88,ok,"categoria_menu,forma,tema_label,temi,tags",,2026-04-19T08:54:59.600534
98c36fe6-0e32-4cf6-949e-fc534578e18e,open-dialogue-no-145,35ecf6b7-33b7-4188-8e4e-c010a4836ab7,ok,"categoria_menu,forma,tema_label,temi",,2026-04-19T08:54:59.719960
98a605d9-7f74-4390-9178-d6e9bcd90b3f,francesco-a-life-of-dignity-and-joy,1d4cc1fd-f381-4b46-87a8-a9b161622abf,ok,"categoria_menu,forma,tema_label,didascalia_copertina,temi",,2026-04-19T08:54:59.676627
98cdcfed-047f-4c69-a63b-7719443633bb,learning-disabilities-who-is-the-real-marco,62d677dd-2655-451a-acef-4054dab9d864,ok,"categoria_menu,forma,tema_label,temi,tags",,2026-04-19T08:54:59.853624
99017c3a-d614-439b-854a-c9e975a17056,life-faith-and-light-issue-no-60,11a65793-87d6-4c94-8307-f4e67c5d54e5,ok,"categoria_menu,forma,tema_label,didascalia_copertina,temi",,2026-04-19T08:54:59.920933
99117162-a2cb-4453-94d1-517184f771bc,it-concerns-us,dbdc5159-d038-4618-a598-9206655247c0,ok,"categoria_menu,forma,tema_label,didascalia_copertina,temi",,2026-04-19T08:54:59.997042
990359fe-cb56-4fea-afa8-e0e9938bd778,a-girl-apart,4a637bd4-6d43-4b48-97ed-0aa2ab8afb1c,ok,"categoria_menu,forma,tema_label,didascalia_copertina,temi,tags",,2026-04-19T08:54:59.986155
991e5b4c-456e-4e17-89e0-aa540019933a,the-hardest-cases,877e450e-9d72-4968-b142-cd0fbcacbc5e,ok,"categoria_menu,forma,tema_label,didascalia_copertina,temi",,2026-04-19T08:55:00.176213
9920bfd1-6181-40f0-a4c4-294e4fc973fd,a-sailor-on-the-train,b151d884-9d9d-4dda-9232-2962d28eed21,ok,"categoria_menu,forma,tema_label,temi,tags",,2026-04-19T08:55:00.195644
9931467b-474c-48d2-8f48-28eea4a5dbb0,the-person-with-disability-sign-of-contradiction-source-of-unity,cde4000b-7486-47db-b378-47d104ae41d7,ok,"categoria_menu,forma,tema_label,temi,tags",,2026-04-19T08:55:00.268824
99559dd8-1eea-4e2c-861f-7b55fd02bbfd,viaggio-italia-around-the-world,9136175b-7c39-4897-8944-984fefc22a7a,ok,"categoria_menu,forma,tema_label,temi",,2026-04-19T08:55:00.329403
99601ed5-7fac-400d-a16a-f675e9f149ac,a-restaurant-that-welcomes-everyone-inside-pizzaut,f3ad4786-64c5-424b-8ba2-8720b9492172,ok,"categoria_menu,forma,tema_label,didascalia_copertina,temi",,2026-04-19T08:55:00.444426
997c2526-5b86-4edb-9b41-f5edd440edcc,bird-the-eel-becomes-a-father,79af6b1e-36af-4cbf-a78f-15af03c8260e,ok,"categoria_menu,forma,tema_label,temi",,2026-04-19T08:55:00.504133
9983a2ef-78e4-493f-b90a-5fcdb6457dd9,a-message-from-siblings-of-people-with-disabilities,732dac2a-0779-483e-890c-790ffd581359,ok,"categoria_menu,forma,tema_label,temi,tags",,2026-04-19T08:55:00.596693
998fd0ab-c4b8-4f6e-8c90-2e87aa941f45,when-a-child-with-disability-is-born,30256585-adae-4e7f-9f42-2ef945902224,ok,"categoria_menu,forma,tema_label,temi,tags",,2026-04-19T08:55:00.649391
99987ee9-d3d5-45e4-8b62-097786d4ceb4,the-perfume-of-apple-strudel,f3f7353b-ac62-4ae5-a2cd-4efe268d0962,ok,"categoria_menu,forma,tema_label,temi",,2026-04-19T08:55:00.763252
999abb02-7064-4e04-b3db-460b2f10fb81,she-doesnt-come-in,1e3d716b-a5eb-4d3c-a1c0-3ca5d867b1f3,ok,"categoria_menu,forma,tema_label,didascalia_copertina,temi,tags",,2026-04-19T08:55:00.839106
999ccf11-922f-4de9-a1d5-7cd68e07e156,charlottes-book-a-review,99d704bb-3bac-4ee0-8676-cca8fde21227,ok,"categoria_menu,forma,tema_label,didascalia_copertina,temi",,2026-04-19T08:55:00.874898
99a99a76-d469-4021-936d-7ac3df2763c2,youve-got-to-give-us-work-and-let-us-sing,c96f9d23-4213-4605-8e45-10c2f206db70,ok,"categoria_menu,forma,tema_label,didascalia_copertina,temi",,2026-04-19T08:55:01.008661
99b2290e-8aad-47a2-af0f-e5dceec9655c,friends-or-brothers,baed41bf-b0e5-4978-a68c-026aa70bcebc,ok,"categoria_menu,forma,tema_label,temi",,2026-04-19T08:55:01.046753
99c011a6-dc8c-424d-88d7-3c4b82e75da9,my-specialty-im-a-catechist,18708c16-679e-4bf9-a9eb-da63155dd14a,ok,"categoria_menu,forma,tema_label,didascalia_copertina,temi",,2026-04-19T08:55:01.151556
99c4ad49-7922-4a76-85a9-056c8f2ea1a3,communion-what-it-means,62ba4df2-4691-4c6f-aa12-983fe2277ddb,ok,"categoria_menu,forma,tema_label,temi",,2026-04-19T08:55:01.189242
99c53e7b-2dff-40bf-b4f9-2b5b14cf971b,bicocas-got-talent-77d0,77d00171-f953-456f-bc3d-659861294180,ok,"categoria_menu,forma,tema_label,didascalia_copertina,temi,tags",,2026-04-19T08:55:01.327458
99c9c70b-8e95-4b9a-8d53-b2097c8b3de1,luca-my-autistic-son,39a81909-db3e-4fc7-9963-71acd186f2bf,ok,"categoria_menu,forma,tema_label,temi",,2026-04-19T08:55:01.387815
99ef84b5-307c-4eea-9179-5223f8d40198,saverio-6ff1,6ff1665d-7f46-4881-ab0b-4aac4f991da6,ok,"categoria_menu,forma,tema_label,didascalia_copertina,temi,tags",,2026-04-19T08:55:01.500424
9a078ee6-eff4-420d-a6dd-2d368026825f,hope-in-many-keys,17d26555-5406-407a-9c8c-09fa61e071c9,ok,"categoria_menu,forma,tema_label,didascalia_copertina,temi",,2026-04-19T08:55:01.515786
9a0f55f1-e31f-4f1a-97b9-0d44725f21f1,forty-eyes-fixed-on-you,2bc68ee5-bab4-4da4-bce2-ec3963ae842b,ok,"categoria_menu,forma,tema_label,temi",,2026-04-19T08:55:01.671577
9a0fc191-e743-47fc-ad38-b1470a9ae20e,people-with-intellectual-disabilities-at-the-ballot-a-tv-discussion,dcfdb4d5-f141-417f-b84f-01f168aab3d0,ok,"categoria_menu,forma,tema_label,temi,tags",,2026-04-19T08:55:01.738752
9a2156ce-1e94-427f-a122-a93c2bb9acce,light-and-joya-book-review,d1b48729-0c1f-432a-a7ca-ade1531677de,ok,"categoria_menu,forma,tema_label,didascalia_copertina,temi",,2026-04-19T08:55:01.818684
9a21d473-c2f4-4ecf-8212-39e4f0f7a5f9,growing-together-on-the-journey,26517be6-1213-4986-aa2a-fdecb268c438,ok,"categoria_menu,forma,tema_label,didascalia_copertina,temi,tags",,2026-04-19T08:55:01.824667
9a287071-ed2d-44e8-bf5a-9118d4816c61,two-stories-about-cristina,79572ee9-9bda-4ea5-92c8-ea7e376938b5,ok,"categoria_menu,forma,tema_label,temi,tags",,2026-04-19T08:55:01.954359
9a2d31ea-10ea-47d8-abfb-5647f72a0e42,what-our-children-needed,57c74680-2170-4385-a7f4-7a448bd380c7,ok,"categoria_menu,forma,tema_label,didascalia_copertina,temi",,2026-04-19T08:55:02.022728
9a97e9ed-9b06-4334-ac2d-802cb279cb7e,how-to-be-a-friend,b6013643-d2a5-42f9-b2d6-8297bafb1838,ok,"categoria_menu,forma,tema_label,temi",,2026-04-19T08:55:02.086481
9ac4f231-259d-4960-861b-cf8377c70689,ombre-e-luci-no-4-1983,39cc9b42-79f7-4f68-a1e4-d982cc6f200e,ok,"categoria_menu,forma,tema_label,temi",,2026-04-19T08:55:02.187493
9ad459e4-f191-476b-b04e-a2dc7d9125cf,valeria-responds-to-monicas-letter-issue-93,e1a2e783-a03c-4c27-a9b0-50cbc4e3fb8f,ok,"categoria_menu,forma,tema_label,temi",,2026-04-19T08:55:02.339611
9ae9c8ee-8f29-4c33-a1f4-f270bacdd944,two-grandmothers-on-a-mission-for-benedetta,f21d9c9a-d5b9-4443-bb40-a997a1a9f70b,ok,"categoria_menu,forma,tema_label,temi",,2026-04-19T08:55:02.347500
9aec2980-5d80-404b-87d7-e439bca9905a,editorial-on-vacation,5cb504d5-84ae-4580-ba5a-d82346f90dbd,ok,"categoria_menu,forma,tema_label,temi",,2026-04-19T08:55:02.401510
9affe38d-7674-4a7d-b04b-1e6269f231df,the-priest-lost-his-mind,16f2009a-79d3-44a8-96d3-6046b3d67c6a,ok,"categoria_menu,forma,tema_label,didascalia_copertina,temi",,2026-04-19T08:55:02.522643
9b04de52-884e-4b61-ae29-5f45b2ac3c55,game-what-kind-of-house-is-it,626429eb-5337-4336-9b31-004a6521c20d,ok,"categoria_menu,forma,tema_label,temi,tags",,2026-04-19T08:55:02.651276
9b057bba-c3cb-4bbf-b068-e476b6d921e8,a-therapeutic-community-in-primavalle,813253c8-a265-4505-ad9b-50b0a66d39e2,ok,"categoria_menu,forma,tema_label,temi,tags",,2026-04-19T08:55:02.672201
9b1c5d29-f3ad-412f-870b-b9a0acb36d51,light-dancing-restless-a-review,d88167f3-2dcb-4120-869e-40b66b40371c,ok,"categoria_menu,forma,tema_label,didascalia_copertina,temi",,2026-04-19T08:55:02.719532
9b2886e0-feb8-4be7-99fb-6cbead019b0d,questions-and-answers-about-faith-and-light,9c3b5638-a6df-42a7-9652-713bf16cb262,ok,"categoria_menu,forma,tema_label,didascalia_copertina,temi,tags",,2026-04-19T08:55:02.846847
9b52d03b-705a-459d-b7c9-d710ccfb396e,open-dialogue-no-147,3d31a78b-1e99-4606-86ef-0628cdc00c70,ok,"categoria_menu,forma,tema_label,didascalia_copertina,temi",,2026-04-19T08:55:03.010893
9b35f396-bafe-40ee-b20c-a979618bae6f,emotional-distress-demands-understanding,eb649bad-3167-43aa-96ae-15cf5791cde3,ok,"categoria_menu,forma,tema_label,temi,tags",,2026-04-19T08:55:03.004391
9b5c1f65-8723-45cf-b253-53b0152ed2d0,what-he-saw-and-what-he-thought,46e0882b-a33e-4dcc-b7da-c3182e730d2c,ok,"categoria_menu,forma,tema_label,temi,tags",,2026-04-19T08:55:03.043525
9b656002-1865-4ef9-a3ab-6a48225a1f92,do-you-remember-brother,a8a3d258-7efb-4cab-81a8-9db1815e51fd,ok,"categoria_menu,forma,tema_label,didascalia_copertina,temi,tags",,2026-04-19T08:55:03.211184
9c05ede6-ed87-49e8-83ee-ceb428c334d9,cardinal-martini-speaks-to-faith-and-light,644be608-31ae-4216-bcd3-9ea950c1a6b2,ok,"categoria_menu,forma,tema_label,didascalia_copertina,temi,tags",,2026-04-19T08:55:03.381152
9b8e69ba-078f-4bbd-9758-b72cbf4124ac,friends-despite-the-war,4d4a87cd-dc2d-481c-99df-0bb057bf7653,ok,"categoria_menu,forma,tema_label,didascalia_copertina,temi,tags",,2026-04-19T08:55:03.340732
9bbb51e8-1de4-4970-a0c3-2c5b611dea74,cascina-rossago-building-a-home-for-young-adults-with-autism,970a6592-5470-4293-9a36-57627cc5350f,ok,"categoria_menu,forma,tema_label,temi,tags",,2026-04-19T08:55:03.345703
9c060e5b-0eb9-4db8-9257-7006b746651f,in-the-name-of-the-father,6a5257c2-37e9-46d7-8ce5-4f2eaa7c1632,ok,"categoria_menu,forma,tema_label,didascalia_copertina,temi,tags",,2026-04-19T08:55:03.565560
9c2039d9-1591-4f65-baf3-57084c088d2d,small-talk-but-extralarge,85c7fd33-200b-4f91-aa1e-680b525a98a6,ok,"categoria_menu,forma,tema_label,didascalia_copertina,temi,tags",,2026-04-19T08:55:03.749444
9c334c53-d50b-48d2-bf8e-222e11875849,do-our-hearts-include-everyone,88e96a7f-ea9a-4946-845c-b4cef542a4f2,ok,"categoria_menu,forma,tema_label,didascalia_copertina,temi,tags",,2026-04-19T08:55:03.758180
9c1ef1e7-7cfb-4180-b682-a72aa6afa223,the-loneliness-of-parents,1f8b4102-6f81-463a-b9fa-339c7488eb3c,ok,"categoria_menu,forma,tema_label,didascalia_copertina,temi,tags",,2026-04-19T08:55:03.725301
9c7d4acd-5f6a-4f63-8e85-9487ef4a6316,the-child-who-wont-eat,c76e9166-5608-4668-acc9-75fa0f7563d0,ok,"categoria_menu,forma,tema_label,didascalia_copertina,temi,tags",,2026-04-19T08:55:03.941519
9c8d1a5e-1d82-496a-b8f0-96ee7f4c941d,three-teachers-one-classroom,476913bd-7eb1-4282-97e0-8c8d190e7392,ok,"categoria_menu,forma,tema_label,temi,tags",,2026-04-19T08:55:04.043238
9ca30f1f-7046-4cf0-83ee-9e73946ab992,a-father-reveals-his-disabled-sons-unique-gift,64a2419e-219a-4314-af88-92fa2ee91d15,ok,"categoria_menu,forma,tema_label,didascalia_copertina,temi",,2026-04-19T08:55:04.096026
9ca97425-4315-4977-b39d-a47405224854,on-the-boat-in-st-peters-square,ee26909c-a557-40ba-9442-55e1ae9f4684,ok,"categoria_menu,forma,tema_label,didascalia_copertina,temi",,2026-04-19T08:55:04.140929
9cc7501d-93d4-4254-880b-b32442e0f7d8,keep-your-eyes-on-enza,4569b0ba-1c58-428a-a01d-7fb07453c762,ok,"categoria_menu,forma,tema_label,temi",,2026-04-19T08:55:04.356602
9cc104bc-3bda-4833-a05f-8dd96f2bf0a7,a-cross-of-sandpaper-teaching-faith-to-children,129b50e2-bc93-4b41-ab41-03e078c3a868,ok,"categoria_menu,forma,tema_label,didascalia_copertina,temi,tags",,2026-04-19T08:55:04.325661
9cd54214-3892-4e44-abaa-81d783084b40,open-dialogue-no-156,f317e774-2382-4c86-8cb8-7c62a932bc11,ok,"categoria_menu,forma,tema_label,didascalia_copertina,temi",,2026-04-19T08:55:04.466255
9ccaf7ad-bc2a-45e3-9107-24b7797e81f5,a-taste-of-old-age,a010f3f7-6401-43bb-964b-f0b65d74a042,ok,"categoria_menu,forma,tema_label,didascalia_copertina,temi",,2026-04-19T08:55:04.451285
9cde1e22-65e5-4fd6-84ea-bda5755d00e2,when-a-child-grieves-understanding-loss-from-birth-to-age-nine,c846636b-ccd1-46f5-94ef-ff51d3ea30bb,ok,"categoria_menu,forma,tema_label,didascalia_copertina,temi,tags",,2026-04-19T08:55:04.658496
9cf375c2-fedc-4a0d-ab96-7117917ee1ef,simona-and-me,eaec3bd3-880a-4396-bef4-f35cd55fbfc4,ok,"categoria_menu,forma,tema_label,didascalia_copertina,temi",,2026-04-19T08:55:04.709832
9d036f88-5258-46af-b189-aa4882803bc1,im-not-losing-mine,b825987c-b70e-4170-a3e4-d99843fb7422,ok,"categoria_menu,forma,tema_label,temi",,2026-04-19T08:55:04.836340
9cfbadcc-e698-4c00-b82d-bfedcec19e91,where-to-begin,b4a7bcc5-d63f-40a6-bf5c-b97f288876af,ok,"categoria_menu,forma,tema_label,didascalia_copertina,temi,tags",,2026-04-19T08:55:04.807880
9d11262d-b927-4764-978e-9b0279c5fdb2,in-personal-prayer,5f2fed49-9264-43db-a390-a8213ac2b5df,ok,"categoria_menu,forma,tema_label,didascalia_copertina,temi,tags",,2026-04-19T08:55:04.955065
9d27d656-d27f-40dc-a6af-e73eb8a891ff,a-choir-for-everyone,6d2f2c1a-c292-4dee-84e7-70fd71bbb166,ok,"categoria_menu,forma,tema_label,didascalia_copertina,temi",,2026-04-19T08:55:05.019806
9d46f514-88c0-44c0-b5e7-763a6609b045,caring-for-profoundly-disabled-adults-voices-and-testimonies,57fb72d5-30c4-4327-aded-35db3c4b7214,ok,"categoria_menu,forma,tema_label,temi,tags",,2026-04-19T08:55:05.182722
9d41013e-3eea-4e99-930f-e6bc52aabf9d,one-egg-two-eggs,43a383cc-1e0a-4887-a856-1df0b91ec653,ok,"categoria_menu,forma,tema_label,didascalia_copertina,temi,tags",,2026-04-19T08:55:05.169498
9d732a7a-2349-456c-beb1-7ff01048e67a,love-desire-and-disability,a6693d21-866a-4222-b69a-494c37487bec,ok,"categoria_menu,forma,tema_label,temi,tags",,2026-04-19T08:55:05.354419
9d6f5461-aedb-473a-b9ec-e1fcd4414057,teaching-faith-to-our-children-with-intellectual-disabilities,6e862138-a0aa-48a3-822d-2297dae2c31c,ok,"categoria_menu,forma,tema_label,temi,tags",,2026-04-19T08:55:05.332870
9dc61e27-5554-41ae-8a80-50ccccc89a17,letters-to-jean-paul-gilbert,55074d8f-78f7-4f1c-b2f6-13fb4c8f0545,ok,"categoria_menu,forma,tema_label,didascalia_copertina,temi",,2026-04-19T08:55:05.565306
9d9da930-9cda-485e-94c2-70ecbe9a7c13,the-solitude-of-prime-numbersa-review,edab790a-875c-45b9-9ba0-1ccea36dabc9,ok,"categoria_menu,forma,tema_label,temi",,2026-04-19T08:55:05.563016
9e0d6eca-0abc-4003-b8c0-d8246fe564a5,faith-and-light-camps-as-a-formative-experience,5153f955-7882-4923-923c-48df765cbec4,ok,"categoria_menu,forma,tema_label,temi",,2026-04-19T08:55:05.723371
9dd36bbb-d77a-4958-b080-275da78f146c,what-doesnt-kill-you-david-lagercrantzs-thriller-and-the-mystery-of-autism,93516f5d-fd6f-4296-931a-3d862c78fe50,ok,"categoria_menu,forma,tema_label,temi",,2026-04-19T08:55:05.686231
9e2d0106-8d0c-4628-a3aa-ce1e7d5011e1,leisure-time-and-life-together,c1ee660c-b02e-4c87-aa84-8a734265a531,ok,"categoria_menu,forma,tema_label,didascalia_copertina,temi,tags",,2026-04-19T08:55:05.904598
9e3d0a7a-1fd4-4884-a23a-2163b00be4ea,building-bridges-an-international-and-national-gathering,262d6ff8-5ea0-42b0-8a9d-c1f7f9c308e6,ok,"categoria_menu,forma,tema_label,temi,tags",,2026-04-19T08:55:05.910584
9e45179a-37d3-47a3-aa0c-67b9ac07550e,disability-and-work-a-new-national-commission-takes-shape,4efade45-5c32-4599-b981-71228f04b2d0,ok,"categoria_menu,forma,tema_label,didascalia_copertina,temi,tags",,2026-04-19T08:55:06.018920
9e7e9920-6d04-4ac4-84ff-f8db63da2255,i-felt-my-responsibility-growing,81bdd80d-ee13-475f-a143-800aeb5e2c6b,ok,"categoria_menu,forma,tema_label,didascalia_copertina,temi,tags",,2026-04-19T08:55:06.059504
9e91b234-e14e-4e86-941a-0219dfcd6d71,where-are-we,12488a15-5c34-4ba5-be4f-fdac7b5db9a1,ok,"categoria_menu,forma,tema_label,didascalia_copertina,temi",,2026-04-19T08:55:06.296645
9ead465e-c2e3-4381-9434-5f1237429d18,open-dialogue-no-125,fa818504-ad14-432b-8575-73e4cbb7f942,ok,"categoria_menu,forma,tema_label,didascalia_copertina,temi",,2026-04-19T08:55:06.302378
9eb1e326-5e47-4554-9525-cb4274d9873f,a-facebook-wall-of-remembrance,23e5c88c-2679-48d4-adae-316ddad05681,ok,"categoria_menu,forma,tema_label,didascalia_copertina,temi",,2026-04-19T08:55:06.347580
9ecbbbe7-9581-4f55-b025-2fad18f0cc4f,giving-them-an-ordinary-life,cfdb7423-628d-4fdb-8092-99b3fd6e1d2b,ok,"categoria_menu,forma,tema_label,temi,tags",,2026-04-19T08:55:06.397812
9eedf474-4552-4aa8-9ed7-11a4a452b21a,the-eighth-day-a-film-review,644721ea-bdac-4a4b-b7ca-e2b7c3bc9f74,ok,"categoria_menu,forma,tema_label,temi",,2026-04-19T08:55:06.626165
9f07f204-d1c7-47b9-a86e-69ad737c8d9f,dialogo-aperto-n-141-en,04a76785-351d-441b-88ec-78e282ea2f1f,ok,"categoria_menu,forma,tema_label,didascalia_copertina,temi",,2026-04-19T08:55:06.691702
9ef4d4f3-cc0c-4637-a7a4-a5d62a45a222,wheelchair-thieves,5559f388-6743-49e1-b7bf-f872b61c2488,ok,"categoria_menu,forma,tema_label,didascalia_copertina,temi,tags",,2026-04-19T08:55:06.658655
9f0cb0bf-b5fc-4b86-9fed-1822eee8c98f,alfedena-1976-a-life-lived-together,a0ad636c-2c7e-40e5-9341-aa2754461cf9,ok,"categoria_menu,forma,tema_label,didascalia_copertina,temi,tags",,2026-04-19T08:55:06.761288
9f11c732-9d23-4968-bd26-c6c0254cc011,the-castawaysa-review,8a32be82-43cd-4da6-bb21-e4d762297c03,ok,"categoria_menu,forma,tema_label,didascalia_copertina,temi",,2026-04-19T08:55:06.923941
9f1f384c-f3dd-4dfa-ac84-71fd96d9b1bb,two-young-friends,ca2e59f8-1447-4d3b-b00c-f3437aae93f8,ok,"categoria_menu,forma,tema_label,temi",,2026-04-19T08:55:06.993225
9f40c170-003e-4b4f-94c7-4b20da7613f5,freewheeling,38f569f5-bd24-497d-89ba-91fdc2fd1c76,ok,"categoria_menu,forma,tema_label,didascalia_copertina,temi",,2026-04-19T08:55:07.028662
9f5ca10e-cd2d-4fa9-bf9c-911c89de751e,spazio-aperto-a-social-cooperative-at-work,85ef7056-72b5-43be-ad66-ac597c63cc3a,ok,"categoria_menu,forma,tema_label,temi",,2026-04-19T08:55:07.143424
9f67b548-6b99-4a7d-9895-7a2dd5aa6093,come-on-benedetta-you-got-it-champ,5aa7d680-be68-43b3-aa9e-b872495b9fb3,ok,"categoria_menu,forma,tema_label,temi",,2026-04-19T08:55:07.242438
9f8018a6-24ff-4b3e-af84-efecce6f88b6,they-call-you,b1e7e104-db3a-4cbd-8997-4d640950c7c3,ok,"categoria_menu,forma,tema_label,didascalia_copertina,temi,tags",,2026-04-19T08:55:07.314006
9f79f6bd-1adb-4d38-9f7c-ba52573feb14,jean-christophe-parisot-a-seeker-of-god,fefb1f59-6dd6-4c32-9a0c-ed53835e0002,ok,"categoria_menu,forma,tema_label,didascalia_copertina,temi,tags",,2026-04-19T08:55:07.297901
9f9916e0-b643-4811-a837-aede7a099c73,why-enhanced-school-and-social-educational-center-for-young-children-matter,c8ab7347-0aab-4048-b7be-5e55e6c2bd0d,ok,"categoria_menu,forma,tema_label,didascalia_copertina,temi,tags",,2026-04-19T08:55:07.448002
9fa5d283-a282-4128-9616-891af1700e7a,a-new-home-oikos,e92f52e7-80d4-47f4-8acc-bfb66c6e6d1f,ok,"categoria_menu,forma,tema_label,didascalia_copertina,temi,tags",,2026-04-19T08:55:07.553399
9fc8567b-5e1b-4f3d-9a93-2cd5ae98d49c,sanremo-as-far-as-i-could-see-4,5690348b-aca8-440c-9d6a-3e45332ce04f,ok,"categoria_menu,forma,tema_label,didascalia_copertina,temi,tags",,2026-04-19T08:55:07.655039
a00271ce-f15f-417b-9730-aee5ca1139e8,i-will-dance-for-you,9e79e056-9e7c-472b-bfbe-7a445c3f69a8,ok,"categoria_menu,forma,tema_label,didascalia_copertina,temi,tags",,2026-04-19T08:55:07.674371
a025795e-24b4-40fe-a495-c389a6a220d9,massimos-christmas,f0bb6c34-8f68-425f-9102-ec1cebb3e857,ok,"categoria_menu,forma,tema_label,temi,tags",,2026-04-19T08:55:07.792852
a033d8f4-fa22-4fbf-ab30-1a1b72fe3e18,they-opened-my-eyes,88b01d42-15bc-4145-80ba-ec1bd0476de0,ok,"categoria_menu,forma,tema_label,didascalia_copertina,temi,tags",,2026-04-19T08:55:07.881308
a0414364-fe3b-4561-a5c8-42d037d609c2,my-fall-from-the-horse,b0b8959a-40b8-48ff-800d-f5d8af127d2d,ok,"categoria_menu,forma,tema_label,temi",,2026-04-19T08:55:08.164648
a04b874b-1d42-4d43-a003-48506ad906bc,how-many-times-do-i-have-to-say-it,5bb94062-2570-4ebf-8cef-85d6f8477c1d,ok,"categoria_menu,forma,tema_label,temi",,2026-04-19T08:55:08.232714
a04be27b-87cf-4a5c-9b2d-8f386580ae1c,youve-written-to-us-insieme-no-26,6b825063-90ea-470b-b5ed-6bfe4af5b0e1,ok,"categoria_menu,forma,tema_label,temi",,2026-04-19T08:55:08.261496
a075491f-fae1-434e-ac87-122ed00878c2,thank-you-mother-pantanella,43c3488f-3372-4f85-909f-8ef56fc7b581,ok,"categoria_menu,forma,tema_label,didascalia_copertina,temi",,2026-04-19T08:55:08.370643
a098076c-32d3-4af0-a006-21f3562e3c0e,the-girl-who-loved-snails,927c26be-9da0-43c4-b100-65bb05629730,ok,"categoria_menu,forma,tema_label,temi",,2026-04-19T08:55:08.455577
a0a59f0b-699c-4d4a-a016-bf771dc1c5e1,nowhere-in-no-one,b0cb0426-8942-465f-a2df-89527270878e,ok,"categoria_menu,forma,tema_label,didascalia_copertina,temi",,2026-04-19T08:55:08.564744
a0d8c015-b4f2-4a5e-9cf2-258b1e39ce80,children-of-the-stars,71afbd0d-e71e-4b96-a9ee-a0db2493b883,ok,"categoria_menu,forma,tema_label,didascalia_copertina,temi,tags",,2026-04-19T08:55:08.685529
a0d6ba13-5312-45e3-aaf0-d88ac2bc784d,behind-the-scenes,c10b70c2-4951-4088-bc24-dd386592bbe3,ok,"categoria_menu,forma,tema_label,didascalia_copertina,temi,tags",,2026-04-19T08:55:08.614795
a0dfdd7e-d5b0-47cf-9a73-33d9ede669f7,the-idea-of-not-going,9f36e096-287c-467d-b635-29317eb7581a,ok,"categoria_menu,forma,tema_label,didascalia_copertina,temi",,2026-04-19T08:55:08.770116
a0e7d16e-aa1a-4fe3-bec5-ec170156eaa5,beyond-labels-what-lies-beneath-adjectives,6db93fd0-afed-4444-bed8-2b5abc40d26d,ok,"categoria_menu,forma,tema_label,temi",,2026-04-19T08:55:08.887995
a0f959bd-da67-411d-828b-1c9419a300ad,keys-and-doors,274be708-fddf-4bb3-8cc9-aa649a5fbd29,ok,"categoria_menu,forma,tema_label,didascalia_copertina,temi,tags",,2026-04-19T08:55:09.038308
a107436c-5acc-4a63-847e-6e88d4a9f792,fashion-and-disability-nothing-is-impossible,88d25536-dbec-486a-a01a-c510f80f4a00,ok,"categoria_menu,forma,tema_label,temi,tags",,2026-04-19T08:55:09.076131
a10d15bd-66b7-413a-8c49-fbb677286cd8,he-showed-us-what-we-had-never-seen-before,20dacc40-080f-4a6d-9d2b-034700b5ec41,ok,"categoria_menu,forma,tema_label,temi",,2026-04-19T08:55:09.163325
a12df9e8-7edb-41b6-86d8-f602643fe070,when-crisis-teaches-us-to-live-finding-meaning-in-pain,3f21f890-3427-41a9-970a-70b35276044f,ok,"categoria_menu,forma,tema_label,didascalia_copertina,temi",,2026-04-19T08:55:09.249211
a1303529-d31a-4b39-b77f-d54262cef4e1,a-window-opens-in-our-lives,bd0777c4-a29f-4059-afda-752c7a8f5bed,ok,"categoria_menu,forma,tema_label,temi",,2026-04-19T08:55:09.455829
a14c6d1d-09bf-4719-8218-76d9f8e2b980,when-pain-knocks-hard,9e5bc10f-b6ce-4bc4-82a7-8067c239d3f1,ok,"categoria_menu,forma,tema_label,temi",,2026-04-19T08:55:09.477245
a1569b79-41ab-433e-9906-2b31cabef11e,blueberries,2cf7ffdf-27ce-49f8-820c-a1674998e043,ok,"categoria_menu,forma,tema_label,didascalia_copertina,temi,tags",,2026-04-19T08:55:09.537598
a17013f4-dd96-41f7-8a22-9f907677b317,why-the-beach-isnt-the-same-anymore,9ba43fb8-3254-4848-a1d0-c8736ac65cc5,ok,"categoria_menu,forma,tema_label,temi",,2026-04-19T08:55:09.567994
a17cbdd2-388a-4772-b6e0-9349edc00457,the-wisdom-tooth-and-voluntary-service,06bf782b-3e7e-4ba3-9e61-6d7c0ff0af98,ok,"categoria_menu,forma,tema_label,didascalia_copertina,temi,tags",,2026-04-19T08:55:09.744477
a1bbbf6b-b977-41af-b9e9-cfc9a125ce22,read-without-rushing,194a8d85-d1a2-47c5-adf8-c26c0d32a830,ok,"categoria_menu,forma,tema_label,didascalia_copertina,temi",,2026-04-19T08:55:09.790517
a1ce9919-0d64-48f7-9bf2-ef12eab8feb1,when-i-knocked-on-the-door-at-lyns-house,6c39a0ca-3a37-43fa-a946-4858adba8710,ok,"categoria_menu,forma,tema_label,didascalia_copertina,temi",,2026-04-19T08:55:09.810049
a1f644a8-971e-4ab1-96e0-b01b124d436e,if-arianna-book-review,1ab0151b-d45f-4284-8e61-bea974fcc6f5,ok,"categoria_menu,forma,tema_label,didascalia_copertina,temi",,2026-04-19T08:55:09.924501
a205866a-d1d1-4fe2-808d-9980bf8b9046,the-plus-able-two-extraordinary-sisters,5f941386-b8e5-4545-9b52-100992b305c6,ok,"categoria_menu,forma,tema_label,didascalia_copertina,temi,tags",,2026-04-19T08:55:09.994699
a223a315-6ed5-4d28-a0e8-abd06e2d34b1,childhood-psychosis-a-practical-guide,8ac02f52-63cc-4bef-8905-2718cdf9341f,ok,"categoria_menu,forma,tema_label,didascalia_copertina,temi,tags",,2026-04-19T08:55:10.134856
a2274e20-0017-4a1a-a16e-e16ff6a15343,school-integration-paolos-looming-loss,578d244c-8f86-4215-a97f-ea489f95201f,ok,"categoria_menu,forma,tema_label,didascalia_copertina,temi,tags",,2026-04-19T08:55:10.143042
a2603f17-d09f-4a31-aa62-df2ef1215cb3,he-waited-for-us-to-notice-him-2d48,2d4819ed-e4b8-4e34-8cd7-61a3927c1e09,ok,"categoria_menu,forma,tema_label,temi,tags",,2026-04-19T08:55:10.241668
a268c51e-c13a-41c7-8db9-6709998802bd,how-to-organize-a-quadriglia-a-complete-guide,04674796-8ac6-4500-a16a-c08cd0161d31,ok,"categoria_menu,forma,tema_label,didascalia_copertina,temi,tags",,2026-04-19T08:55:10.348728
a2753d26-c96b-4875-94e9-c55733dfaeb5,fifty-years-of-pilgrimage,788fb02b-77b1-48fc-8c13-885bd1f7d1eb,ok,"categoria_menu,forma,tema_label,didascalia_copertina,temi,tags",,2026-04-19T08:55:10.457540
a26e43cc-32c1-48fd-b28e-17087907a449,where-parents-meet,9f951677-89cb-4945-b59a-df5f8e8f65a4,ok,"categoria_menu,forma,tema_label,temi,tags",,2026-04-19T08:55:10.428848
a283657b-04c7-49f9-9743-a88ec4674c3c,ill-order-with-you-a-communication-tool-for-children-with-disabilities,65e9a920-ca2d-4f3c-821f-aa75c2e76fef,ok,"categoria_menu,forma,tema_label,temi",,2026-04-19T08:55:10.516021
a2aaaf3c-1a0b-478e-9ac5-765c21a32a39,the-shock-of-vulnerability,697276e4-8be8-4963-bfa8-1630a397683a,ok,"categoria_menu,forma,tema_label,didascalia_copertina,temi,tags",,2026-04-19T08:55:10.669441
a2d13bae-cc5a-421c-b30d-48687f61bbae,he-did-not-love-sofia,94934d6a-76d8-46ba-9b3f-f33dddc9aceb,ok,"categoria_menu,forma,tema_label,temi",,2026-04-19T08:55:10.745826
a2dc6881-1147-48a4-a25e-35f31e97d570,playgrounds,8b3d635a-f1c4-42ac-93ac-67861eeab060,ok,"categoria_menu,forma,tema_label,didascalia_copertina,temi",,2026-04-19T08:55:10.772201
a2df3abb-6ad0-419b-baf9-cd122c63fb5e,a-summer-of-faith-and-light-camps,a45ea0e4-aff1-41a2-a729-f3ccb5d85ad6,ok,"categoria_menu,forma,tema_label,didascalia_copertina,temi,tags",,2026-04-19T08:55:10.831200
a2ee849a-c818-4b1a-9ab5-8dc739481b17,sofia-cavalletti-a-bridge-between-children-and-god,93672432-e508-4055-932e-73a0e7cc1ce7,ok,"categoria_menu,forma,tema_label,didascalia_copertina,temi",,2026-04-19T08:55:10.980898
a30248f8-24b3-4e61-ba23-f8f6600718ee,ethical-banking-a-quiet-revolution-in-finance,b03f83c3-122d-4853-b9b6-ea06a5ab8bf0,ok,"categoria_menu,forma,tema_label,didascalia_copertina,temi,tags",,2026-04-19T08:55:11.023328
a3091151-24ef-4e1e-aef0-d62c049c3ed7,extraordinary-lives-volume-two,5d0962b1-de0d-4be9-bb94-4adb25e76aa5,ok,"categoria_menu,forma,tema_label,temi",,2026-04-19T08:55:11.090664
a32c1f2a-c8e5-479d-9c81-935a97ddfa1d,open-dialogue-no-60,ce24899c-30a5-49a9-8584-77312c25aec2,ok,"categoria_menu,forma,tema_label,didascalia_copertina,temi",,2026-04-19T08:55:11.199640
a33d3dbd-4cb8-47e1-9368-29b2eb8f13e0,the-canticle-of-the-creatures,faf04100-c97b-4a3c-8eb3-793d80431028,ok,"categoria_menu,forma,tema_label,temi",,2026-04-19T08:55:11.279365
a342de69-00a9-416d-916e-9a4e72374f51,giorgios-work-giorgios-life,a5845b87-e516-427f-8c6b-ea5a687e6f4b,ok,"categoria_menu,forma,tema_label,didascalia_copertina,temi,tags",,2026-04-19T08:55:11.332569
a3972fa5-d94b-48cb-a056-15f798ccab99,a-thousand-colors-in-the-canvas-of-friendship,2479f572-f59a-4f5f-b556-37ac832748bf,ok,"categoria_menu,tema_label,didascalia_copertina,temi,tags",,2026-04-19T08:55:11.382602
a39b4629-ba4e-4d24-9f12-c888b367adb5,lorenza-before-she-was-our-disabled-daughter-she-was-our-daughter,a11af852-8363-492f-a7c7-0331127b9513,ok,"categoria_menu,forma,tema_label,didascalia_copertina,temi,tags",,2026-04-19T08:55:11.462601
a3c35700-1642-4314-911a-fd34591a074d,my-son-devours-mea-review,eb4b0fd6-7ec2-4d1e-870c-a0aa4fba0e0b,ok,"categoria_menu,forma,tema_label,didascalia_copertina,temi",,2026-04-19T08:55:11.627823
a3dc7d0a-c2ef-4e46-94be-e03df97d8644,cinema-and-disability-the-films-of-valerio-sammarco,d7071c05-ffd8-42b1-b681-a0fa0e2828dd,ok,"categoria_menu,forma,tema_label,temi",,2026-04-19T08:55:11.696066
a3d42204-162b-4318-b39a-03c9f1f0be7c,i-sang-every-single-one,5a12249a-e735-44ee-ba60-06a6249b43a9,ok,"categoria_menu,forma,tema_label,temi",,2026-04-19T08:55:11.688330
a407122e-7809-40b3-804b-57a003930208,i-feel-at-home-with-them,36f3075c-535f-4ac1-8814-75ddc8b065a0,ok,"categoria_menu,forma,tema_label,didascalia_copertina,temi",,2026-04-19T08:55:11.805730
a43968e5-4886-4b33-afcf-1e8eaf716828,the-secret-music-of-the-earth-a-review,ef14e4b5-25fd-407d-badd-402b1f379f13,ok,"categoria_menu,forma,tema_label,temi",,2026-04-19T08:55:11.859990
a43c73e4-7dd0-44bf-8efd-d8a87f356d52,learning-to-let-go,a7939c6c-ed2a-4163-8269-de929fd73326,ok,"categoria_menu,forma,tema_label,temi,tags",,2026-04-19T08:55:11.994700
a44d4df1-8c98-4531-a863-e99af36ab28d,better-tired-than-bored,5635b10e-69df-4309-a58b-ded795f8e3ec,ok,"categoria_menu,forma,tema_label,temi,tags",,2026-04-19T08:55:12.007868
a454ac74-942f-488a-bede-cd1a1a6692a2,and-they-pay-for-it,0ccfd850-8f78-40ed-9278-7ce04934ab6c,ok,"categoria_menu,forma,tema_label,didascalia_copertina,temi,tags",,2026-04-19T08:55:12.080131
a4713b69-75b1-43ec-92a3-5a29ced5035f,the-man-who-sold-his-skin,cc9b2374-322b-4b13-bace-253706d6d04a,ok,"categoria_menu,forma,tema_label,temi",,2026-04-19T08:55:12.150788
a47fee07-f967-4055-ae85-f93903166f17,pretend-waiter,31591deb-465c-4dc2-a9cc-3ca074569a62,ok,"categoria_menu,forma,tema_label,temi",,2026-04-19T08:55:12.275719
a485f5f7-ddfa-49a1-b6aa-b31d4cc37ea3,ausmerzen-lives-unworthy-of-living,42870a6e-e9fa-4490-bc43-d8650a955fa6,ok,"categoria_menu,forma,tema_label,didascalia_copertina,temi",,2026-04-19T08:55:12.294051
a4a1462d-3a63-4e29-a583-12bc0efda1e0,alberta-and-the-revolution,1933d9cd-94f5-4104-b5bc-488a519da30b,ok,"categoria_menu,forma,tema_label,didascalia_copertina,temi",,2026-04-19T08:55:12.399532
a4a35e42-d30c-4946-ac80-582990e52c4c,help-me-do-it-myself,eda2851a-712c-445e-9834-01089229e532,ok,"categoria_menu,forma,tema_label,temi",,2026-04-19T08:55:12.438885
a4b8253e-17fb-4a2a-aadc-e0ca39a99145,teaching-faith-to-those-who-cannot-speak,660182fc-8a28-4d93-8d1e-b184ff10ca99,ok,"categoria_menu,forma,tema_label,temi,tags",,2026-04-19T08:55:12.591149
a4b96c83-774b-4d53-8d44-1ec0125a141a,dinner-conversation-never-gets-boring,7434ba9e-2fce-4393-b1da-ac0fc747c667,ok,"categoria_menu,forma,tema_label,didascalia_copertina,temi,tags",,2026-04-19T08:55:12.619345
a4bc02e5-a39d-456d-8eeb-995fcd6167bd,letters-from-our-communities-81c1,81c1ec9c-0fbd-45a7-919d-c233e2919aca,ok,"categoria_menu,forma,tema_label,temi",,2026-04-19T08:55:12.691085
a4bdb450-2776-4008-be6f-9dec4e641219,the-panthers-pounce,26706730-5032-4e41-9b5a-c0f1f11dc0e8,ok,"categoria_menu,forma,tema_label,temi",,2026-04-19T08:55:12.733242
a4ce0ac1-5a96-408d-a070-4ba70e80b60b,the-old-king-in-exile-a-review,135cf379-a769-4026-a8cd-d0b18a964bbf,ok,"categoria_menu,forma,tema_label,didascalia_copertina,temi",,2026-04-19T08:55:12.981552
a4dc4ccf-a813-46ee-9f9e-2188e5937e48,thank-you-mariangela,3f181ef3-81da-4fb5-bb3e-95187091b800,ok,"categoria_menu,forma,tema_label,didascalia_copertina,temi,tags",,2026-04-19T08:55:12.986333
a4e4669b-8703-4728-8640-912597a1a7b1,two-dark-eyes,dd0ef4ea-1007-45b2-9bb6-7e990ac34acf,ok,"categoria_menu,forma,tema_label,temi",,2026-04-19T08:55:13.014342
a4fcbb34-6e12-48e6-bdd8-a72029e40503,summer-camp-for-disabled-people-launches-in-eboli-nature-sport-and-culture,b587b2b1-9796-4ef4-87e9-40ce4706e235,ok,"categoria_menu,forma,tema_label,temi,tags",,2026-04-19T08:55:13.038668
a4ffae0b-de41-4891-b9da-25fc9960caa7,archeocasilina-a-guide-to-romes-forgotten-east,0f3bf05c-7114-4a2d-bf83-fd7c1d2fd09f,ok,"categoria_menu,forma,tema_label,didascalia_copertina,temi",,2026-04-19T08:55:13.275417
a5138657-2f04-4c98-88ad-9eaaad19146c,open-dialogue-no-119,794a3134-e3b2-48ea-9b57-7971d795705b,ok,"categoria_menu,forma,tema_label,didascalia_copertina,temi",,2026-04-19T08:55:13.339002
a51df45a-397c-4871-bde1-da0ade2f6902,open-dialogue-no-49,eec74c19-bb08-4ed1-a0df-570da42b031c,ok,"categoria_menu,forma,tema_label,didascalia_copertina,temi",,2026-04-19T08:55:13.390315
a50f6d70-d103-4536-b698-af22f878ba3e,habitat-for-autism-building-dignity-and-community,07f359d7-bfc1-4a6d-b7f0-9d9829f7a7de,ok,"categoria_menu,forma,tema_label,temi",,2026-04-19T08:55:13.320934
a531554d-f11d-4a9b-aaf6-61d49d48c2f8,slow-down,7e0f3b1f-64fe-4b6b-b631-4c74d8a2575f,ok,"categoria_menu,forma,tema_label,temi",,2026-04-19T08:55:13.582380
a546c97d-a566-4bea-a1eb-43a0ce41e88c,us-not-them-opening-the-debate,21f0ff6a-0d4c-4ddd-a8c9-71822403c0fd,ok,"categoria_menu,forma,tema_label,didascalia_copertina,temi",,2026-04-19T08:55:13.642895
a54b0508-f40d-481e-a693-7e5ea0a31109,carmela-and-fourteen-murals-to-change-the-world,9e169138-5042-40bd-be19-13ea1516d431,ok,"categoria_menu,forma,tema_label,temi",,2026-04-19T08:55:13.719067
a54b8128-ffba-419f-bed6-0ceef88ca137,francesca-and-i,cacd5075-9205-483e-974b-c0c958a6563e,ok,"categoria_menu,forma,tema_label,temi,tags",,2026-04-19T08:55:13.722866
a5744de6-5847-4f13-99bb-8365a6d7a41f,life-beside-us-a-review,698f6644-b7b5-40e1-aa10-7804d3fd11f9,ok,"categoria_menu,forma,tema_label,didascalia_copertina,temi,tags",,2026-04-19T08:55:13.873373
a57c4738-b511-4701-bc4f-097f32a22dbf,between-two-tsunamis-newsletter-no-19,127b5a99-b977-47b7-a557-900268a4f93f,ok,"categoria_menu,forma,tema_label,temi",,2026-04-19T08:55:13.916579
a597e6d8-273d-46c6-9bb2-a1f40e20f84c,the-hunger-to-speak,c25bcd82-5793-4225-9ce8-bf336fb746aa,ok,"categoria_menu,forma,tema_label,temi,tags",,2026-04-19T08:55:14.030534
a5a9c3de-9324-4de4-afa2-15ebb9f2d9f7,open-forum-no-64,5f4a4dc9-bc34-4ea0-9341-c1766aa9eca5,ok,"categoria_menu,forma,tema_label,didascalia_copertina,temi,tags",,2026-04-19T08:55:14.072923
a5c40b4c-751a-46ba-960b-dae0fcc7c80f,dear-raffa-life-is-now,5aa91ea6-581f-4ebf-968d-655df1d5127d,ok,"categoria_menu,forma,tema_label,didascalia_copertina,temi,tags",,2026-04-19T08:55:14.223351
a5b2a7b0-f61e-4c29-a133-a04123af7867,stephen-wiltshire-the-autistic-artist-who-draws-new-york-from-memory,9d83f981-4f91-477c-b352-504a003d2c39,ok,"categoria_menu,forma,tema_label,temi,tags",,2026-04-19T08:55:14.170597
a5dfc3bd-5fc2-4129-a08f-b42ed707788d,goodbye-gianluca,685eeb60-25af-480b-9a4d-ba9d6110ec9e,ok,"categoria_menu,forma,tema_label,temi",,2026-04-19T08:55:14.402009
a5d533a3-17c1-4cec-9e41-1aa50cbda8ba,a-spring-of-faith,4d8fb060-43c9-43d0-93a9-3732ddb78f5b,ok,"categoria_menu,forma,tema_label,didascalia_copertina,temi,tags",,2026-04-19T08:55:14.399085
a5fa7bc4-ae71-4e26-83fb-4e31722a90a4,work-and-disability-the-controvento-cooperative,8c9be935-f5f3-4c5b-becd-b90c8f7f067a,ok,"categoria_menu,forma,tema_label,didascalia_copertina,temi",,2026-04-19T08:55:14.528028
a5f2f6ca-6896-41d9-ba41-47caece82300,updates-from-the-provinces,dcfd554b-498a-4432-b630-394f2bdaf0bf,ok,"categoria_menu,forma,tema_label,didascalia_copertina,temi",,2026-04-19T08:55:14.502209
a60fa467-b2c9-4f5a-9abb-09947549aff8,from-despair-to-hope,c22133b9-4dc7-4e24-b029-7e943876c2a2,ok,"categoria_menu,forma,tema_label,didascalia_copertina,temi,tags",,2026-04-19T08:55:14.763419
a61b616e-9b46-4ef5-a7ae-f963c6f10237,more-books-worth-reading,6858b7ec-6641-441d-a83c-9ff7abbafb95,ok,"categoria_menu,forma,tema_label,didascalia_copertina,temi,tags",,2026-04-19T08:55:14.779083
a6230006-f83e-4884-af60-fce4007e2eec,walking-beside-marco,f1ad16de-78ab-4b1c-aeb3-efa0cdd5d742,ok,"categoria_menu,forma,tema_label,temi",,2026-04-19T08:55:14.910626
a623961e-fce2-4ac3-bdc6-47177155cf39,a-letter-to-jean-from-natalia,86923aa3-5fe2-4499-bb02-66f2bc091a30,ok,"categoria_menu,forma,tema_label,temi,tags",,2026-04-19T08:55:14.926464
a64d7a6f-4b52-42bb-8f1f-8d79ad23d92a,a-pilgrimage-to-rome-with-faith-and-light,bf8e4862-471d-4d2e-adc9-1481a853ffc0,ok,"categoria_menu,forma,tema_label,temi,tags",,2026-04-19T08:55:15.174082
a62bd9d8-3d6f-45df-99d7-29c5d2827958,god-has-a-dream-too-a-hope-for-our-time-book-review,5ee91372-0d7e-484a-8db8-f34f07ac0c79,ok,"categoria_menu,forma,tema_label,temi",,2026-04-19T08:55:15.130669
a651d877-32d6-4c9e-a532-c4aa36dd8468,a-book-you-cannot-put-down-reviewing-blessings-by-mary-craig,90f520aa-d162-48e9-af7f-c3d2b07a1dbd,ok,"categoria_menu,forma,tema_label,didascalia_copertina,temi,tags",,2026-04-19T08:55:15.225771
a66124c8-918e-4d02-84ca-0a6eb23eefd6,an-hour-of-music-with-sister-maria,05f832d9-7876-44ec-a47e-cedab29b12bb,ok,"categoria_menu,forma,tema_label,temi,tags",,2026-04-19T08:55:15.254026
a67b5f46-1a6e-4579-a69d-25bd05a34269,our-great-friend-luigi-monza-a-story-in-pictures,31793793-fa14-4869-ae39-7a8212b9d9f5,ok,"categoria_menu,forma,tema_label,didascalia_copertina,temi,tags",,2026-04-19T08:55:15.497734
a66dc12f-1085-46ec-8011-f3efb739f2dc,a-path-toward-the-person,54e6b267-fd73-4f7c-aa18-ab7966ea4390,ok,"categoria_menu,forma,tema_label,temi,tags",,2026-04-19T08:55:15.471865
a68ce599-0492-47d1-943f-76ba55232e27,open-dialogue-71,36a4c808-1d5c-46c6-ad8c-9211fb6eaed6,ok,"categoria_menu,forma,tema_label,didascalia_copertina,temi",,2026-04-19T08:55:15.563745
a69101f9-3a70-4c54-8ac4-9a90842ff3a6,open-dialogue-no-32,64b894ee-60d3-4fa5-9f0f-b7e25dd06de2,ok,"categoria_menu,forma,tema_label,didascalia_copertina,temi",,2026-04-19T08:55:15.578839
a6c8d073-653d-4b30-9d38-02fb50f42ea3,comics-disability-and-faith-a-festival-of-inclusion,b914bb4c-64cf-49da-9cfa-fe661d7a8b55,ok,"categoria_menu,forma,tema_label,temi",,2026-04-19T08:55:15.778953
a6ca5ffa-153a-4c53-bc29-e148130738b2,a-river-the-length-of-the-mediterranean,9fbc2a18-1c32-4770-bb6b-aa15de57973c,ok,"categoria_menu,forma,tema_label,didascalia_copertina,temi",,2026-04-19T08:55:15.806060
a6d76f42-cf5f-4e6f-b0fb-bdbc9989c851,the-cranky-old-woman,0de86860-8f56-4f11-a42c-3b803e1de7df,ok,"categoria_menu,forma,tema_label,temi",,2026-04-19T08:55:15.846904
a6fda1a7-f55d-47c9-b0d8-6d6c32c4ca0e,ivanas-choice-my-life-at-the-carro,eeccdca4-911b-4592-b6c4-7ccf6b00a88f,ok,"categoria_menu,forma,tema_label,didascalia_copertina,temi,tags",,2026-04-19T08:55:15.886556
a710aacc-b26a-4f02-8e09-c48d47b1c8f5,living-with-the-rejected,bf5fbb99-69dd-4174-baf6-11b5ff32b61a,ok,"categoria_menu,forma,tema_label,didascalia_copertina,temi",,2026-04-19T08:55:16.048632
a727a546-6cd0-4ce9-939a-68d13adf176b,learning-together-growing-with-others-for-the-good-of-all,aacac805-ec17-43d8-a820-89dced5dc359,ok,"categoria_menu,forma,tema_label,temi",,2026-04-19T08:55:16.081800
a7471821-5b94-46d1-9cc8-90dc2c677d21,mother-in-community,693ef02f-5897-4068-b3ac-5162a4dbb37f,ok,"categoria_menu,forma,tema_label,didascalia_copertina,temi,tags",,2026-04-19T08:55:16.127164
a74fcfee-b13c-4bcf-afb2-a02e5fcaf6ce,the-architects-of-tomorrow-crispr-cas9,b981d6c9-01fd-4af9-b904-33682a456890,ok,"categoria_menu,forma,tema_label,didascalia_copertina,temi",,2026-04-19T08:55:16.175562
a75751af-6314-4c31-b8be-9248ed71e7b5,the-ark-of-trosly,50bf53e3-19ca-49c6-8988-a59db0254e0b,ok,"categoria_menu,forma,tema_label,didascalia_copertina,temi",,2026-04-19T08:55:16.325236
a76202f5-fe47-488b-9fba-866730def561,what-is-the-point-of-paolos-life,2d00fefd-ee29-439e-b3d2-f7362040a55e,ok,"categoria_menu,forma,tema_label,didascalia_copertina,temi,tags",,2026-04-19T08:55:16.377364
a774d3b1-6ea9-4618-9748-e69bcbdafaf3,concrete-answers-for-real-needs,3b00922f-3abb-4cbf-98c8-0a6b15bb885b,ok,"categoria_menu,forma,tema_label,temi",,2026-04-19T08:55:16.550610
a765cef7-e326-4df1-81f5-a1e7b1657889,the-others-a-son-called-subnormal-book-review,54e6ceaf-bfcb-4d2c-8ad7-f671318e6555,ok,"categoria_menu,forma,tema_label,didascalia_copertina,temi",,2026-04-19T08:55:16.531638
a77a34b5-7a05-4e81-8b09-9c46bc32edcb,open-dialogue-no-69,ea9513cf-8a26-42c9-b52a-b9a0906da242,ok,"categoria_menu,forma,tema_label,didascalia_copertina,temi",,2026-04-19T08:55:16.635329
a781a99f-f479-41ef-8071-d45c6c076166,what-if-jesus-wrote-to-us-today,d3eec3ed-0a03-4d13-b86c-c1aadfc2b603,ok,"categoria_menu,forma,tema_label,didascalia_copertina,temi",,2026-04-19T08:55:16.711639
a79348bc-2abc-4943-bfce-396f69dc9e3e,a-safe-guide-on-the-path,e4b5b84d-1499-4322-91b1-6e935dc4336d,ok,"categoria_menu,forma,tema_label,didascalia_copertina,temi,tags",,2026-04-19T08:55:16.845710
a7bebfc6-6db9-40ea-b639-8c735939588e,theater-is-playand-in-play-we-never-stop-growing,76ebf835-3c18-46d5-82cf-5969954a7ddf,ok,"categoria_menu,forma,tema_label,temi,tags",,2026-04-19T08:55:16.857949
a7c09c77-375a-4a5c-94a2-d7e52de9c50d,a-family-conversation-worth-reading,338532cc-cffb-490d-a24f-dc0d134aaf93,ok,"categoria_menu,forma,tema_label,temi,tags",,2026-04-19T08:55:16.928672
a7d39872-8db6-42a9-9120-b3217d7da6c2,an-interview-with-jean-vanier,9e6f6f8c-1d93-4309-8164-2bc5101ee8a8,ok,"categoria_menu,forma,tema_label,didascalia_copertina,temi,tags",,2026-04-19T08:55:17.028279
a7e36446-8535-46ac-ba00-4fa53357dc06,fifteen-letters-from-our-community,70e1e940-43fe-4082-983d-fe1d0102feb1,ok,"categoria_menu,forma,tema_label,didascalia_copertina,temi",,2026-04-19T08:55:17.160946
a7f02c9f-e1ff-458d-ab09-4cde31f6f05a,here-and-now,3ce06f5d-5d82-4951-85b5-6d4e2607bca5,ok,"categoria_menu,forma,tema_label,didascalia_copertina,temi,tags",,2026-04-19T08:55:17.168917
a80b81b4-9711-4cd7-8542-567dd8ed2840,red-light,8c94d411-2425-403e-9b12-c2514f78d615,ok,"categoria_menu,forma,tema_label,temi,tags",,2026-04-19T08:55:17.241551
a81a1e65-a221-4928-8547-5ad213194117,a-mother-asks-how-do-i-explain,f5f6602e-6aa4-4599-ac3d-9e9f8974e46b,ok,"categoria_menu,forma,tema_label,didascalia_copertina,temi,tags",,2026-04-19T08:55:17.304945
a826a749-a3f3-4403-bf3c-96c338b0c611,saint-francis-larche-and-faith-and-light,cfed8fde-23e6-43ca-a18a-7d43000fc94d,ok,"forma,temi",,2026-04-19T08:55:17.441671
a8381247-4675-460b-b3ef-fca06b2ddd89,fede-e-luce-loyalty-that-restores-joy,8066dcdd-8f66-4f6e-abed-a449c16fe08d,ok,"categoria_menu,forma,tema_label,didascalia_copertina,temi",,2026-04-19T08:55:17.485888
a84d0c83-9673-4d79-8186-cbcf34b94399,the-black-sheep-film-review,eafa165a-4fdd-4ff2-a8cb-b8136dcf008a,ok,"categoria_menu,forma,tema_label,didascalia_copertina,temi",,2026-04-19T08:55:17.531185
a850557f-78eb-4fd1-ba61-0c47b13262d4,the-wagon-a-house-always-full-of-people,f08761cd-be9a-4396-95d6-f64e9c21abf6,ok,"categoria_menu,forma,tema_label,didascalia_copertina,temi",,2026-04-19T08:55:17.662700
a85e91e0-333e-4a50-a96b-ad23560715c6,psychological-support-during-pregnancy,64b13fa1-69d7-40b3-bee1-349e312c3a42,ok,"categoria_menu,forma,tema_label,didascalia_copertina,temi,tags",,2026-04-19T08:55:17.772826
a852793d-03be-4dfe-a217-e7171ab1b3ff,my-strength-in-my-difference,ed02b9f0-ecac-424c-a0be-73956333cdcf,ok,"categoria_menu,forma,tema_label,didascalia_copertina,temi",,2026-04-19T08:55:17.743970
a8936533-7154-4af3-bdb1-c93a95ad4229,after-us-setting-sail,8c85266f-4d78-4df4-8118-56c957a87f99,ok,"categoria_menu,forma,tema_label,didascalia_copertina,temi,tags",,2026-04-19T08:55:17.879707
a8c2ca78-fc9d-43fb-83e7-a5149e34ed0e,all-briciola-needs-is-words,5d376304-67c4-4297-91b2-b9548924cb40,ok,"categoria_menu,forma,tema_label,didascalia_copertina,temi",,2026-04-19T08:55:18.007669
a90522e9-f823-419d-a9f4-c50432db0a88,the-new-after-us-law-what-you-need-to-know,77c04fbd-425b-4846-8923-3cc061109ea6,ok,"categoria_menu,forma,tema_label,temi",,2026-04-19T08:55:18.101460
a911da5a-b46c-4439-a2f9-d9440cf17078,blazing-a-trail-in-albania,827103a6-e203-4c80-b134-e1f4f9b11941,ok,"categoria_menu,forma,tema_label,didascalia_copertina,temi,tags",,2026-04-19T08:55:18.107778
a9149ffe-0d31-4cf2-899b-5ddca14fddff,our-journey,bf71e990-dd47-4828-b61e-57dde9e33e18,ok,"categoria_menu,forma,tema_label,temi,tags",,2026-04-19T08:55:18.207303
a91e7506-ab02-456c-be6b-e9fff7cfce56,i-count-too,b13900e6-e0fc-4e53-ad1a-e2725d595c94,ok,"categoria_menu,forma,tema_label,didascalia_copertina,temi,tags",,2026-04-19T08:55:18.326753
a928b04f-cefe-48ba-8146-e995d1b29e05,games-without-barriers-superheroes-take-over-the-marble-stadium-in-rome,faa86e44-72c5-48e0-a435-a737c7740dd0,ok,"categoria_menu,forma,tema_label,temi,tags",,2026-04-19T08:55:18.448280
a943275b-6620-4144-901a-89f3ab1f1d17,modus-navigandi-a-review,9e43a67a-93df-42f0-a780-e5c8649071da,ok,"categoria_menu,forma,tema_label,didascalia_copertina,temi",,2026-04-19T08:55:18.486037
a996e0d8-e086-45ee-89ed-0dbe3539c2a2,i-can-i-must-i-want,5f072200-b38e-40a3-be1d-e60f3d21c7b5,ok,"categoria_menu,forma,tema_label,didascalia_copertina,temi,tags",,2026-04-19T08:55:18.530026
a99bc21b-329b-4dbb-9fa6-cc3b624259f2,when-disability-goes-unmentioned,152e251f-7145-46e2-a362-114a2f308ed1,ok,"categoria_menu,forma,tema_label,temi",,2026-04-19T08:55:18.619420
a9cfd6ac-f1da-48b5-b6f8-0a94cf268a55,photo-contest-children-at-lourdes,846396ab-8aaa-4146-9b8b-ff13804813bf,ok,"categoria_menu,forma,tema_label,didascalia_copertina,temi,tags",,2026-04-19T08:55:18.735067
a9d6383e-78f9-49d4-a39b-ff872ac350b6,what-is-faith-and-light,3155f8f1-9a24-4372-97cb-b6c2372a6c5b,ok,"categoria_menu,forma,tema_label,didascalia_copertina,temi,tags",,2026-04-19T08:55:18.832678
a9daeff8-dea9-444c-96b4-72f6823b7d54,a-magazine-in-our-building,fe4e1773-6afd-4f4c-b483-f0f958198396,ok,"categoria_menu,forma,tema_label,temi,tags",,2026-04-19T08:55:18.858507
a9df124f-edb2-40ca-ba30-72258fd22c33,what-i-know-about-social-mediaand-what-i-think,79fde51f-556e-4104-8912-ae7511c57478,ok,"categoria_menu,forma,tema_label,didascalia_copertina,temi,tags",,2026-04-19T08:55:18.941799
a9e14b13-71a1-42c8-82c9-efcb8cb2d818,precious-points-of-view,2f8af183-6561-4cca-969b-7af3bd5b7895,ok,"categoria_menu,forma,tema_label,didascalia_copertina,temi",,2026-04-19T08:55:19.073591
aa0c5265-35e7-43c0-8283-d4437ae72537,no-human-being-is-a-stone,18b4ab1a-bf12-45d4-a080-d764d7ee061a,ok,"categoria_menu,forma,tema_label,didascalia_copertina,temi,tags",,2026-04-19T08:55:19.199432
aa077d3a-b14d-4376-84df-b5954b4eb8fe,souhour-a-disabled-syrian-refugee-welcomed-by-a-lebanese-family,d2edf4f7-6a0d-4dd2-bfce-bbaa19c766b2,ok,"categoria_menu,forma,tema_label,temi,tags",,2026-04-19T08:55:19.174023
aa291b4a-a472-4f5a-b50a-2de989b7184a,chiaras-birthday-party,7e12f904-85b5-4149-b0be-636fe77f23ab,ok,"categoria_menu,forma,tema_label,temi",,2026-04-19T08:55:19.364983
aa1f1586-1b60-4930-9fd7-a85ad930861f,faith-and-lights-jubilee,2e4089e8-202d-46fe-b69b-6902d1546a6b,ok,"categoria_menu,forma,tema_label,temi",,2026-04-19T08:55:19.312694
aa6849a2-e16d-403e-9438-64be8c3a389e,my-son-did-not-want-to-see-me-cry,16a88cb9-6459-44df-b928-cdb6848306ec,ok,"categoria_menu,forma,tema_label,didascalia_copertina,temi",,2026-04-19T08:55:19.576970
aa560827-4c64-4905-866c-86e19fa463b2,a-history-of-abortion-book-review,f6c1f930-7dbb-47ad-acaf-8fdca9e18701,ok,"categoria_menu,forma,tema_label,didascalia_copertina,temi,tags",,2026-04-19T08:55:19.568008
aa960e09-79de-462d-a914-a461eaae14f2,dialogue-as-healing,7117fe65-b413-460b-9de2-0b4ba7bf5f59,ok,"categoria_menu,forma,tema_label,didascalia_copertina,temi",,2026-04-19T08:55:19.662709
aa9153fb-5e50-4ac8-9d27-18f481e07a73,the-weak-and-the-strong-find-their-place,663a2fd8-0034-4283-b36f-0400233ca0d4,ok,"forma,temi",,2026-04-19T08:55:19.650872
aacc68a8-4498-40f9-8f71-ad8d6c90f310,viola-and-her-grandmother,af882986-207c-447c-af8f-2aa58d4b6ed9,ok,"categoria_menu,forma,tema_label,didascalia_copertina,temi",,2026-04-19T08:55:19.886050
aacda93b-727b-4774-b878-f317202f444c,tommis-victory,8e6d67c9-e95e-4abd-9ff8-1e9f41fec4f4,ok,"categoria_menu,forma,tema_label,temi",,2026-04-19T08:55:19.894334
aad9d03e-8e90-4ae5-9352-41ae2b483b8c,true-listening,f9263d96-c8c4-4b53-a8bc-f2a30ac076b7,ok,"categoria_menu,forma,tema_label,didascalia_copertina,temi,tags",,2026-04-19T08:55:20.003899
aacebb95-f2c9-4c83-baac-ae73aff1dde9,sexuality-and-disability-the-best-and-worst-in-us,d3320a2e-f17d-4458-a71a-8d2f76382b10,ok,"forma,temi,tags",,2026-04-19T08:55:19.996902
aaf6d35a-a385-45c7-9487-fe1699ef2e9f,davide-at-virginia-raffaeles-samusa,f5e0ffff-de07-4e97-a30f-616a3cbd724f,ok,"categoria_menu,forma,tema_label,temi",,2026-04-19T08:55:20.232820
aaed2771-6db6-4a4a-b5b3-e9b768be2693,tandem-in-trentino-f4ab,f4ab5670-9958-4dba-b9f5-df91d693d5bc,ok,"categoria_menu,forma,tema_label,didascalia_copertina,temi",,2026-04-19T08:55:20.208617
ab08ae86-fc40-4f2c-a19f-d2d14309d3ed,a-gift-to-pass-on,c5f68aec-c341-4bf3-9f8a-665d0233eee2,ok,"categoria_menu,forma,tema_label,didascalia_copertina,temi",,2026-04-19T08:55:20.324308
aaf752e6-8a2e-4bc5-9176-66898cbdc5ed,love-life-a-film-about-second-chances,5aef571b-61f7-4cad-b733-aaf4300e0278,ok,"categoria_menu,forma,tema_label,didascalia_copertina,temi",,2026-04-19T08:55:20.320793
ab0ff778-c274-4379-b74d-e829fece8790,faith-and-light-issue-19,99291dc8-e5f7-4c43-9314-ddd83cc66cfb,ok,"categoria_menu,forma,tema_label,temi,tags",,2026-04-19T08:55:20.513920
ab1af746-dabd-43b9-a575-98b75a7bee2f,the-quiet-grace-that-won-my-son-over,8b490635-5faa-4f21-8f5d-1992a6fff3ec,ok,"categoria_menu,forma,tema_label,didascalia_copertina,temi",,2026-04-19T08:55:20.588619
ab43acbe-6eca-4097-8ba2-ba879daa1e3a,spring-festival-at-villa-pacis-1978,c463b633-a75e-4f94-9c4e-6df652602845,ok,"categoria_menu,forma,tema_label,didascalia_copertina,temi",,2026-04-19T08:55:20.643596
ab4b79d9-1003-491b-bb96-36e814a3e94d,embroidery-class-learning-together-having-fun,fb01fafb-cb06-4bae-9225-e8e7e0430fc6,ok,"categoria_menu,forma,tema_label,temi",,2026-04-19T08:55:20.692516
ab93e8a2-453a-4672-85e5-a560c93522d9,how-to-lead-a-group,b9227437-5703-4ba6-a8f9-a621728fed76,ok,"categoria_menu,forma,tema_label,didascalia_copertina,temi,tags",,2026-04-19T08:55:20.889499
aba25aaf-5c73-437e-8e8e-6bc3ba464917,diversabilita-stories-and-dialogue-from-europes-year-of-disabled-personsa-review,9cb53c18-53b0-42e7-a211-867d6b76416f,ok,"categoria_menu,forma,tema_label,temi",,2026-04-19T08:55:20.958978
abcc73e6-42aa-439d-9255-ad7756101db1,the-roof-romes-oldest-group-home,0c76e00f-8d46-4351-be1b-94bfefd85e03,ok,"categoria_menu,forma,tema_label,temi",,2026-04-19T08:55:20.995954
abf90f18-910f-404a-b4d5-cfc28eb98ffa,the-joy-of-being-a-priest,810f6a09-78fe-40b6-ba71-a5ff472002b2,ok,"categoria_menu,forma,tema_label,temi,tags",,2026-04-19T08:55:21.049025
abfb91f3-86c0-4483-8e72-6517bfa6bdeb,why-i-learned-to-trust,6796319b-5588-4a92-b3d6-00416ea8d30e,ok,"categoria_menu,forma,tema_label,didascalia_copertina,temi,tags",,2026-04-19T08:55:21.227776
ac3e8eab-3538-4476-989f-f8912865d9da,real-stories-of-autistic-children,f1255e87-1779-4906-870e-d9fd1cd5afa1,ok,"categoria_menu,forma,tema_label,didascalia_copertina,temi",,2026-04-19T08:55:21.327253
ac03166b-1464-43af-86ce-09a0b3161a9c,fanha-when-families-say-yes-to-children-with-disabilities,a571f8ca-fe91-4af5-87d1-48653619e0e6,ok,"categoria_menu,forma,tema_label,didascalia_copertina,temi,tags",,2026-04-19T08:55:21.317442
ac693098-aaaf-4e50-9652-2087de0c185b,i-shoot-penalties-too,39f458c2-7b7d-48a4-acff-40ad80757131,ok,"categoria_menu,forma,tema_label,didascalia_copertina,temi",,2026-04-19T08:55:21.388671
ac6f397b-90a8-4c6e-bfd1-b22179f2fc28,taking-on-leadership-in-faith-and-light-yes-or-no,4424470c-89b7-4265-8ccb-34c1c88966ac,ok,"categoria_menu,forma,tema_label,didascalia_copertina,temi,tags",,2026-04-19T08:55:21.504818
aca039ae-7bd6-4d99-96f2-05f56c55028e,mental-illness-behind-bars-in-italy,56cc40fb-8410-4252-9441-ebd587d4172d,ok,"categoria_menu,forma,tema_label,temi",,2026-04-19T08:55:21.707347
acbb37b6-5cbd-4591-947b-8b864684439a,autism-and-facilitated-communication-how-michele-broke-through,d174dd57-324d-4024-99d8-0c25ca56aab1,ok,"categoria_menu,forma,tema_label,didascalia_copertina,temi,tags",,2026-04-19T08:55:21.710600
ac7da0c3-0985-486a-97fe-e3ff2eafa639,faith-and-light-across-the-world-1454-communities-in-77-countries,d1e0f981-73a5-4ff9-bd1f-feeaffd756b1,ok,"categoria_menu,forma,tema_label,didascalia_copertina,temi,tags",,2026-04-19T08:55:21.701716
acd03344-77ef-42d4-8f63-0a3e02ee9402,newsletter-no-12-a-whole-countrys-story,79e11a75-0f9e-4d21-a06b-35875e2cd604,ok,"categoria_menu,forma,tema_label,temi,tags",,2026-04-19T08:55:21.899812
ace5e056-bf1e-4694-9c9e-5ebf9ed76d54,ombre-e-luci-no-18-1987-browse-online,be8470a0-131b-48d1-a04c-ad2c91af3f8a,ok,"categoria_menu,forma,tema_label,temi",,2026-04-19T08:55:22.058246
aceed4ce-b959-4769-af6f-f293ac8a78a5,depression,be69a10d-b62b-4626-970d-a9e7e2cab1a9,ok,"categoria_menu,forma,tema_label,didascalia_copertina,temi",,2026-04-19T08:55:22.099078
acecbc62-f10f-4ca1-aaac-2db4bb947983,january-27-international-holocaust-remembrance-day,66a7cf98-25e1-4a51-a18c-0889e6b4c0ca,ok,"categoria_menu,forma,tema_label,temi,tags",,2026-04-19T08:55:22.080926
acf7223a-7ee2-40c5-8708-80432352f1d2,so-everyone-can-understand,42282325-2d4c-4876-899b-7f9aed44c2a3,ok,"categoria_menu,forma,tema_label,didascalia_copertina,temi,tags",,2026-04-19T08:55:22.260544
ad0b2013-7f24-4ad1-95a0-b8b103e30522,the-boy-who-felt-no-pain,04bdce7a-c04b-4a5c-a003-04518e838bfa,ok,"categoria_menu,forma,tema_label,didascalia_copertina,temi",,2026-04-19T08:55:22.350848
ad14f783-45f5-4444-abf7-f7e54fc310b1,a-paradise-gone-wrong,ac5a4591-2bf8-4a1a-a79b-da3629e4dd73,ok,"categoria_menu,forma,tema_label,didascalia_copertina,temi",,2026-04-19T08:55:22.447857
ad102d10-ee0e-4987-b782-ede182a8b533,open-dialogue-no-123,8226c795-180c-462a-9a31-5928f7aa7ad5,ok,"categoria_menu,forma,tema_label,didascalia_copertina,temi",,2026-04-19T08:55:22.428456
ad4666b5-7ed1-491f-a3e9-3906fa327cab,the-fears-of-growing-old,84e6de7b-8f72-44e3-ac2e-3fb83e08edab,ok,"categoria_menu,forma,tema_label,temi,tags",,2026-04-19T08:55:22.661298
ad47582b-d1ef-4447-81e5-bc6004db1b9a,what-if-i-had-listened-to-my-despair-8ff6,8ff6ce1b-18e3-4ed6-b6ae-cb54941fdcc6,ok,"categoria_menu,forma,tema_label,temi,tags",,2026-04-19T08:55:22.700673
ad527273-b887-4441-ac3c-de3b274fde6c,born-this-way-learning-to-see-beyond-difference-a-review,a8094723-e78b-4b5a-a527-a85bd916973d,ok,"categoria_menu,forma,tema_label,didascalia_copertina,temi",,2026-04-19T08:55:22.780331
ad4f4af9-137c-42bf-8271-3ea66f1b3d76,each-in-our-own-way,cfe4b3ed-0fa6-44fa-a258-e0f3388a70b5,ok,"categoria_menu,forma,tema_label,temi,tags",,2026-04-19T08:55:22.772256
ad75be0c-ed44-4046-9f5d-b3052d670c7c,no-longer-alone-a-mothers-journey-with-fede-e-luce,1ce2c467-2bf0-4b26-a70b-46e2cdc93437,ok,"categoria_menu,tema_label,didascalia_copertina,temi,tags",,2026-04-19T08:55:23.002008
ad6c2515-f427-4bab-9243-1acd1ae12c80,precious-gifts,ddf0f9ad-2ec0-4f06-8854-957e2b716579,ok,"categoria_menu,forma,tema_label,didascalia_copertina,temi,tags",,2026-04-19T08:55:22.979048
ad8e2c87-7e42-47c6-8254-25b7287c329b,a-beautiful-surprise,0a5ccd97-a785-4a70-859c-a8cfca3d8eea,ok,"categoria_menu,forma,tema_label,didascalia_copertina,temi",,2026-04-19T08:55:23.103843
ada6ff18-eeb6-4cb0-baa9-696e2ac587d2,meeting-jesus,e93d1442-4286-4bd8-ab7b-1a726500538b,ok,"categoria_menu,forma,tema_label,didascalia_copertina,temi",,2026-04-19T08:55:23.158873
adbf8598-5dd6-4fa2-9b80-08d1d6b40f9b,when-we-speak-about-them,ccf630a5-7069-4805-8b59-4bd8ff90a3b1,ok,"categoria_menu,forma,tema_label,temi",,2026-04-19T08:55:23.360388
ade6a873-c93a-49a5-b39d-ac3a0582e49e,freedom,b618456b-596e-49f8-9654-5dea36a3c659,ok,"categoria_menu,forma,tema_label,didascalia_copertina,temi,tags",,2026-04-19T08:55:23.386635
ade800e0-86d8-4d76-9390-ecda6be1b1c1,a-different-way-of-seeing,16585a87-dc1e-4d21-874f-166271305219,ok,"categoria_menu,forma,tema_label,didascalia_copertina,temi,tags",,2026-04-19T08:55:23.443747
ae2fe1f2-fd0e-4af8-a904-758bfbf5bc28,venetos-first-co-housing-project-opens-its-doors-to-people-with-disabilities,28dcad3f-81f3-4a3e-928c-b1affc1b23b0,ok,"categoria_menu,forma,tema_label,temi",,2026-04-19T08:55:23.451837
ae3368d0-805d-4fb8-896e-1ea48abbb6d0,a-good-start,9831273d-35e8-4995-a657-81dd99d88f45,ok,"categoria_menu,forma,tema_label,didascalia_copertina,temi",,2026-04-19T08:55:23.641337
ae4a5999-0fac-4640-a14c-70b75ea2d8cb,the-specials-a-film-about-radical-inclusion,1cf94acd-0e13-4238-b051-14bffaf6f684,ok,"categoria_menu,forma,tema_label,didascalia_copertina,temi",,2026-04-19T08:55:23.727940
ae7223da-293f-4634-89fb-cae93a15245b,understanding-autism,94dcf0ea-9eb5-47b1-9af5-a159c890589b,ok,"categoria_menu,forma,tema_label,didascalia_copertina,temi,tags",,2026-04-19T08:55:23.821687
ae5090c1-0de6-4ddd-8334-a756ed96ab31,at-peace-with-myself,516574dd-2e1d-4700-9270-7a30af4f6604,ok,"categoria_menu,forma,tema_label,temi",,2026-04-19T08:55:23.812161
ae836c24-8f66-4b46-8c1c-dbd66a9bea8b,the-temptation-to-run-when-difficulty-strikes,d83eaddb-bc0a-4509-b3b1-0f0d5c203a43,ok,"categoria_menu,forma,tema_label,didascalia_copertina,temi",,2026-04-19T08:55:24.003945
ae7a1641-ef96-4c7d-b6c5-4edb6eb9d23e,love-and-disability-veronica-and-alessandro-get-married,4cc40d1c-5d69-4517-9ed3-481c53df1a55,ok,"categoria_menu,forma,tema_label,temi,tags",,2026-04-19T08:55:23.986432
aeb5c9d5-3e51-44ff-a372-9402190c5deb,disability-and-liturgy-a-new-entry-in-the-liturgy-dictionary-for-priests-and-catechists,b7586600-5258-4e57-afa4-a5267a48ff44,ok,"categoria_menu,forma,tema_label,didascalia_copertina,temi",,2026-04-19T08:55:24.149396
ae8645d7-3644-48a3-8135-a9d0d07adfe6,all-together-wholeheartedly,0970738d-a976-4409-8a0c-e2f8b6216b2a,ok,"categoria_menu,forma,tema_label,didascalia_copertina,temi,tags",,2026-04-19T08:55:24.137184
aedaafbc-7bca-47d7-bd47-0cadc1fe8800,a-prayer-for-children,43cfad63-7ce0-4daa-82dd-9c39b08a5173,ok,"categoria_menu,forma,tema_label,temi,tags",,2026-04-19T08:55:24.381203
aeb6ea34-7f7d-44d9-87e3-91cd294b9844,what-is-a-katimavic,35da8129-0f01-4f87-b78a-05185d24d790,ok,"categoria_menu,forma,tema_label,temi,tags",,2026-04-19T08:55:24.372419
aeddd8d4-429f-48f2-84ed-0fb462e8a11d,what-a-joy-to-take-the-train,ef630eb7-6394-4329-8d77-c38d3fe9c76a,ok,"categoria_menu,forma,tema_label,didascalia_copertina,temi",,2026-04-19T08:55:24.450527
aee0ee8d-713f-4691-844c-04ad892f5278,zigulia-review,787b6eeb-7599-4bc8-ac8d-84dcbb62ef6c,ok,"categoria_menu,forma,tema_label,didascalia_copertina,temi",,2026-04-19T08:55:24.482615
aefddca5-b3b6-46bb-b0ad-a08945e229a8,gianciotto-malatesta-and-the-story-that-doesnt-add-up,ed65bf93-f805-4bee-8124-453969c8282e,ok,"categoria_menu,forma,tema_label,temi",,2026-04-19T08:55:24.660286
af06d03f-e59b-42c9-8abf-c95399781f82,i-am-here-a-review,6b16af99-f888-4d44-889f-ab15c6ce492e,ok,"categoria_menu,forma,tema_label,didascalia_copertina,temi",,2026-04-19T08:55:24.706003
af36d112-5173-4d77-8516-12bb5cf39404,who-would-i-be-if-i-could-a-book-on-adolescence-and-intellectual-disability,fe69ea76-6f70-4ccd-b3b4-ecbffdb02f6c,ok,"categoria_menu,forma,tema_label,temi,tags",,2026-04-19T08:55:24.766286
af6fb55e-8c66-40b7-ba6f-c5a7ae896a06,how-legislative-decree-1822020-takes-us-back-forty-years,e3a58e44-c141-43ed-a28d-bb5058d2525c,ok,"categoria_menu,forma,tema_label,temi",,2026-04-19T08:55:24.953234
af2f2d6e-8cfc-4983-a1e2-1308419e3f1c,sacraments-and-people-with-disabilities,7e20a256-098f-449e-8220-75dff7ebeb8d,ok,"categoria_menu,forma,tema_label,temi",,2026-04-19T08:55:24.757340
af71a753-0da2-453e-ba9a-8f8f46d72852,international-gathering-in-cuneo-april-28-29-1979,82e12b0b-f877-4365-aee4-8a375b6f6bd7,ok,"categoria_menu,forma,tema_label,temi,tags",,2026-04-19T08:55:25.003020
af919c81-98e3-4f6f-9d27-f7720e9e5a7c,revolution-and-experiment-two-essential-films-from-berlin,0c57a31a-014f-4ca1-a91e-0bf467b979a7,ok,"categoria_menu,forma,tema_label,didascalia_copertina,temi",,2026-04-19T08:55:25.071478
af9c6eaa-fe58-4b3c-9ee3-79876c9d3daf,school-tattoos-and-time-that-matters,e8515a66-eed3-4072-a49b-8765c190b901,ok,"categoria_menu,forma,tema_label,didascalia_copertina,temi",,2026-04-19T08:55:25.232839
afc29c1c-7101-4efb-a55e-dc86a9d23d7e,an-open-letter-to-parents-of-children-with-disabilities,d96da3ce-2412-4434-a897-bc78d1bc6241,ok,"categoria_menu,forma,tema_label,didascalia_copertina,temi",,2026-04-19T08:55:25.278318
b0187fa0-e30d-4506-b0b8-79c95f228a45,open-dialogue-no-149,089111bb-ddf6-42ae-b8cd-7106f10eb00a,ok,"categoria_menu,forma,tema_label,didascalia_copertina,temi",,2026-04-19T08:55:25.352267
afe47128-708a-4372-b25f-377efe6f5d1b,mental-retardation-and-genetic-disease-the-search-for-a-cure,4415980f-ec72-4817-b293-c6a8ccbd6dc1,ok,"categoria_menu,forma,tema_label,temi",,2026-04-19T08:55:25.344943
b027f09d-5b53-448f-8023-02c5775bde87,open-dialogue-96,a5fb1d5d-ea6a-46b5-b256-c97c0ce4634b,ok,"categoria_menu,forma,tema_label,didascalia_copertina,temi",,2026-04-19T08:55:25.488930
b02fb61f-8cde-441e-b97f-df5241be8c82,gods-tenderness,034f2701-46d4-426c-8265-0642903a8f64,ok,"categoria_menu,forma,tema_label,temi",,2026-04-19T08:55:25.555983
b03f320b-b7ea-4949-95ad-31102831f177,ready-to-live-it-again,a219304f-2490-408a-868e-410ca7606524,ok,"categoria_menu,forma,tema_label,didascalia_copertina,temi",,2026-04-19T08:55:25.656472
b04e782d-4d6d-4f4f-a527-8961a39f4f94,living-communion,566beefa-ac9b-478f-bcb7-3121f8dd0ac6,ok,"categoria_menu,forma,tema_label,didascalia_copertina,temi,tags",,2026-04-19T08:55:25.658910
b059ea96-93ab-4802-b67c-471d2105bd37,speaking-about-jean-vanier-in-community,67423c92-97c6-4869-b744-7a3a1dc27078,ok,"categoria_menu,forma,tema_label,temi",,2026-04-19T08:55:25.794287
b06923fc-23d9-419d-9d82-c32b80dabe2b,the-painter-who-understood-everything,773a6b77-2b0f-47ff-a6bf-337f918f969f,ok,"categoria_menu,forma,tema_label,temi",,2026-04-19T08:55:25.866450
b0774947-2ef5-490e-b044-9e2109fd3401,documenting-illness-in-real-time,5b11d158-9eee-4653-8d00-a532c2d426ee,ok,"categoria_menu,forma,tema_label,temi",,2026-04-19T08:55:26.023798
b0762887-c05c-4bb9-9597-28e37282dfaf,epilepsys-invisible-mark,3294491c-2623-4925-bfc8-4de2e763b7d2,ok,"categoria_menu,forma,tema_label,didascalia_copertina,temi,tags",,2026-04-19T08:55:26.006599
b0906632-e9b9-4cec-b426-f7ee551126bd,from-the-provinces-no-124,153d52e8-a418-4d61-b45f-5c72628a559c,ok,"categoria_menu,forma,tema_label,didascalia_copertina,temi",,2026-04-19T08:55:26.123113
b0bef996-8562-40b2-8fcd-67c45890b2ec,baskin-comes-to-monopoli,d53866ab-c56c-4fa5-8b87-cf41119e1b53,ok,"categoria_menu,forma,tema_label,didascalia_copertina,temi",,2026-04-19T08:55:26.210176
b0d0d634-cf05-421f-a9f2-0e1cfd591511,a-pilgrimage-of-gratitude,c5544741-289c-470d-b21a-a4d9bf7811f8,ok,"categoria_menu,forma,tema_label,temi",,2026-04-19T08:55:26.342682
b0d14127-b39c-4011-98ff-288f2fc740db,my-friend-sister-marie-theo-of-god,7ea440df-3442-4857-acad-df8b8982015f,ok,"categoria_menu,forma,tema_label,temi",,2026-04-19T08:55:26.359260
b0dd8612-c147-4fd2-a704-6f01f744ce20,how-can-i-tell-you-how-do-i-explain,e6afd926-5e6a-4d0d-8397-8e39c50cf8cc,ok,"categoria_menu,forma,tema_label,temi",,2026-04-19T08:55:26.414605
b0e61677-d0da-4eb0-b0fb-ba1d8400f9f2,me-myself,b0a456f6-30c9-474a-8ff3-7b6e8b91f5c4,ok,"categoria_menu,forma,tema_label,didascalia_copertina,temi",,2026-04-19T08:55:26.524229
b0ec6b5f-9d36-45b2-a17e-07fd55a02878,teaching-children-with-autism-a-practical-method,0a4300d4-8fb5-42f8-b69f-401605141ca5,ok,"categoria_menu,forma,tema_label,didascalia_copertina,temi,tags",,2026-04-19T08:55:26.593368
b0ff674f-5e04-4db1-a15e-dea625a50862,fog-sickness-review,16c68611-4261-48cb-a21e-e2dfb0ac642d,ok,"categoria_menu,forma,tema_label,didascalia_copertina,temi,tags",,2026-04-19T08:55:26.649747
b1259a98-5fe6-4789-b5d3-a59138d2cbd3,small-steps-safely,96bd57ac-4550-4282-8200-700977f8f0e5,ok,"categoria_menu,forma,tema_label,temi",,2026-04-19T08:55:26.706030
b1265ed4-bbc0-4a98-8999-e60c89ae1ceb,jesus-as-friend-a-gospel-path-for-young-people-with-intellectual-disabilities,5f729b2c-e5e3-4bc3-9c8d-01c08f89679b,ok,"categoria_menu,forma,tema_label,temi",,2026-04-19T08:55:26.806877
b12a8b8e-18eb-4549-8136-de6d936bcc1a,beauty-in-the-mind-gronchi-and-dellossos-testament-to-lost-asylums,84007723-f92c-4e72-b258-fbde4ccf9e67,ok,"categoria_menu,forma,tema_label,didascalia_copertina,temi",,2026-04-19T08:55:26.922576
b1366952-70f7-4c74-999b-4ff8d4d6b24e,noris-071f,071f81ec-da06-4a40-9b57-90061364f23d,ok,"categoria_menu,forma,tema_label,didascalia_copertina,temi",,2026-04-19T08:55:26.978442
b136a8ba-4625-4c86-bf48-06a00913983a,how-to-help-him,55d3018a-1124-4bd7-b15d-ec17e98abf39,ok,"categoria_menu,forma,tema_label,temi",,2026-04-19T08:55:27.043858
b142c620-3895-443d-aeb3-fe930c64a99f,effata-open-wide,41029f59-38b8-45e2-88a9-5bf8621675b2,ok,"categoria_menu,forma,tema_label,didascalia_copertina,temi,tags",,2026-04-19T08:55:27.187036
b143d587-1c2b-40ea-9323-e07c1116e372,summer-fun-and-games,1e287c98-f0c7-4be5-8e83-434f9600076d,ok,"categoria_menu,forma,tema_label,didascalia_copertina,temi",,2026-04-19T08:55:27.271622
b1485de4-eb4e-4f2e-ac0c-262a94ce9e8b,the-memory-of-beauty,b415f944-d0eb-4e7e-9f4b-19819c84fb9c,ok,"categoria_menu,forma,tema_label,didascalia_copertina,temi,tags",,2026-04-19T08:55:27.288752
b14d4b49-c3bb-4e87-8844-ef3cedc36f7e,letters-from-moscow-faith-and-light-on-zoom,61d356ad-5888-4ce3-b426-64330895fc4d,ok,"categoria_menu,forma,tema_label,temi",,2026-04-19T08:55:27.342625
b15b5599-7c38-4a98-b442-b916ab75a194,what-strength-she-had,d6b89fcb-014b-43f0-b8ff-a607c3fcdf83,ok,"categoria_menu,forma,tema_label,temi,tags",,2026-04-19T08:55:27.535376
b15ee48e-befb-45de-b9a1-398b1ae62dad,in-memory-of-aldo,3d96eace-de62-4658-8fcd-0f4cd5f24c43,ok,"categoria_menu,forma,tema_label,temi",,2026-04-19T08:55:27.590335
b16b7f8e-deb8-4658-9ce1-3ad126f58ae0,everyone-can-be-a-saint,9bd25ed3-a458-4d5d-8ed5-a338e4f668b3,ok,"categoria_menu,forma,tema_label,didascalia_copertina,temi",,2026-04-19T08:55:27.640595
b1786cc0-c232-4e64-8737-3f814140c2ba,faith-and-light-at-christmas-1977,6a42aa72-4db1-4c4d-be37-bbc5ed3c2ee2,ok,"categoria_menu,forma,tema_label,didascalia_copertina,temi,tags",,2026-04-19T08:55:27.672581
b18e0a6c-186a-4037-b397-04bccd3c566b,before-you-go-a-pilgrims-guide-to-assisi,6bc6bf29-fa4d-43ed-b72c-8220168d26d8,ok,"categoria_menu,forma,tema_label,temi,tags",,2026-04-19T08:55:27.809783
b197c4e2-06d7-4e16-a1cd-3c2f40df422b,born-twice-on-a-fathers-journey,cb22f15a-273a-4430-bce1-c2c7aa78d4fa,ok,"categoria_menu,forma,tema_label,temi,tags",,2026-04-19T08:55:27.898667
b1a4a086-9a12-4f57-bd99-d36f791c347b,school-integration-a-hard-truth-to-tell,3201ad74-6bc6-4c64-b595-21afbf04795e,ok,"categoria_menu,forma,tema_label,didascalia_copertina,temi,tags",,2026-04-19T08:55:27.938471
b1a5d94c-8e0a-471d-873a-c3952ad40dda,a-rainy-day-game,b6235fa9-bbd0-474e-bdd7-fbe4c4d2cbc4,ok,"categoria_menu,forma,tema_label,temi,tags",,2026-04-19T08:55:28.019392
b1b2e4f0-8496-4293-baae-1666fa690021,alices-farm-where-work-becomes-possible,71484d2f-bb1c-46c9-8666-e7720b896361,ok,"categoria_menu,forma,tema_label,didascalia_copertina,temi",,2026-04-19T08:55:28.107819
b1c20e9e-074d-4982-a5b1-8b0ae1f27ac2,a-confirmation-for-all-of-us,680db08e-d6da-46fc-a750-eef6caf071f7,ok,"categoria_menu,forma,tema_label,temi",,2026-04-19T08:55:28.177865
b1df9903-50b2-4c99-8561-db567b1c9682,the-new-girl,87c55d17-ac4d-4545-8d1e-b5513a2be413,ok,"categoria_menu,forma,tema_label,temi",,2026-04-19T08:55:28.272637
b1e75f21-3d52-40a7-b826-f632453723a4,the-brothers-and-sisters-of-people-with-disabilities,9cc952f0-93ff-4a3f-831f-9f0648f78ede,ok,"categoria_menu,forma,tema_label,temi,tags",,2026-04-19T08:55:28.315725
b1f3d521-daa2-4e08-9a01-7fc980798bcf,ive-decided-to-lend-my-voice,7552fcb8-056a-4373-bed9-08aabcbc4121,ok,"categoria_menu,forma,tema_label,didascalia_copertina,temi",,2026-04-19T08:55:28.388313
b200c284-b161-4f8d-895a-be47d689d16b,through-corrados-eyes,574a6fc5-0334-4a85-af97-f5bc5fd0b6ba,ok,"categoria_menu,forma,tema_label,temi",,2026-04-19T08:55:28.448029
b20523fa-414a-425e-b5b5-c68e98128201,jean-vanier-prophet-for-our-time,0fab7d0e-8c31-4ca0-951b-b92fe7ec02f8,ok,"categoria_menu,forma,tema_label,didascalia_copertina,temi",,2026-04-19T08:55:28.587620
b2075629-80d0-4530-b66a-d885d9e59f05,making-the-liturgy-accessible-how-churches-can-welcome-people-with-disabilities,b57c106d-aa82-4148-9635-8fb01516e014,ok,"categoria_menu,forma,tema_label,temi",,2026-04-19T08:55:28.661569
b2357ea6-9eb9-41ca-8441-95e1bdd51edd,the-strength-of-a-fragile-life-one-childs-unplanned-journey,58dc88e1-b24f-46e3-8863-9fef965e13d9,ok,"categoria_menu,forma,tema_label,temi",,2026-04-19T08:55:28.663397
b256a477-2350-4bd1-8c21-4761a705b07e,am-i-responsible-for-my-disabled-sibling,f4c21227-147d-4456-9c16-d0140dc166c9,ok,"categoria_menu,forma,tema_label,didascalia_copertina,temi,tags",,2026-04-19T08:55:28.721722
b289f837-022c-416b-94c9-a7e6085aa1b7,it-ends,1df11293-1cc9-4b3a-943f-f00b3d40c4ab,ok,"categoria_menu,forma,tema_label,temi",,2026-04-19T08:55:28.877964
b29029f3-69f7-4237-bad5-90fc660322cb,the-girotondo-project,b797d6bc-eb8e-40c4-af90-ff05ebbefc6e,ok,"categoria_menu,forma,tema_label,didascalia_copertina,temi,tags",,2026-04-19T08:55:28.939621
b2eea00b-7a70-415f-bbfc-95f1606db86a,whos-afraid-of-informed-consent,ced87d79-b02f-413e-a2ad-af9b42b22681,ok,"categoria_menu,forma,tema_label,temi,tags",,2026-04-19T08:55:29.002055
b2fedab0-c7d2-47df-8ad3-de100308e7a2,volunteering-a-lever-for-life,38cd0c13-998d-4427-a680-f10a24e3c0d5,ok,"categoria_menu,forma,tema_label,didascalia_copertina,temi,tags",,2026-04-19T08:55:29.056631
b2ff1e0b-5cc4-42a9-9d04-198b55cc20f8,stayinghome-this-time-like-everyone-else,28ee9ba3-b371-4224-9d6b-986f9d2fc49e,ok,"categoria_menu,forma,tema_label,didascalia_copertina,temi",,2026-04-19T08:55:29.139353
b306bf70-85b0-4ae1-bf13-556ad77463b2,holy-saturday-at-lourdes-1981,5ce3116d-7a06-4123-89d4-4e5fefdcc65d,ok,"categoria_menu,forma,tema_label,temi,tags",,2026-04-19T08:55:29.219768
b31ddcd6-8653-4866-b844-22f0a10d51fb,ombre-e-luci-no-11-1985,eed9fb87-baeb-4720-8831-18ce057f8fa6,ok,"categoria_menu,forma,tema_label,temi",,2026-04-19T08:55:29.290225
b34c9ef2-d6b1-45cb-a8c9-38c2be952f6b,disability-on-screen-beyond-tokenism,5c4ab5f3-c8be-4f28-8b54-b992b2a50f35,ok,"categoria_menu,forma,tema_label,didascalia_copertina,temi",,2026-04-19T08:55:29.391749
b39661fd-814e-468d-9c7b-94c6ffbb3acf,dont-go-looking-for-salt-in-the-soup,8dfb26c8-158e-448d-bdac-f8ed0915335b,ok,"categoria_menu,forma,tema_label,didascalia_copertina,temi,tags",,2026-04-19T08:55:29.441329
b3974e4a-67b5-4867-b258-96c9076b8b93,happy-new-year-from-ombre-e-luci,8015190b-d8c6-4364-9463-4661ffb0dfc0,ok,"categoria_menu,forma,tema_label,temi",,2026-04-19T08:55:29.491457
b39967cd-0128-4097-b887-26bc9d4d6246,we-are-a-revolution-a-review,f324edec-75d8-4652-a1d0-a739f6b74f21,ok,"categoria_menu,forma,tema_label,didascalia_copertina,temi",,2026-04-19T08:55:29.553284
b3bff65f-f97a-4b69-9880-208fc9c8666e,irenes-home-inside-casa-maria-grazia,b7afa260-7c71-467d-a40d-10e37257b34a,ok,"categoria_menu,forma,tema_label,temi,tags",,2026-04-19T08:55:29.676664
b3c0328a-ac18-4a80-a1f3-7d230db6aa53,filippide-running-together-from-tibet-to-the-north-pole,80f2658d-afe1-42a0-9d82-5c5407cfa33f,ok,"categoria_menu,forma,tema_label,didascalia_copertina,temi",,2026-04-19T08:55:29.742357
b3e8ca18-bfc6-43c8-8480-32b97f6f4b8b,a-mass-made-to-measure-how-parents-and-friends-built-a-liturgy-for-people-with-intellectual-disabilities,e0c6c491-8202-4833-9ace-24dcd6b877d2,ok,"categoria_menu,forma,tema_label,didascalia_copertina,temi",,2026-04-19T08:55:29.784923
b3f4ac7e-c6f8-408e-b841-3550381b58ca,open-dialogue-no-50,6316101b-dbcf-41a0-bb4b-405a22bb4bbe,ok,"categoria_menu,forma,tema_label,didascalia_copertina,temi",,2026-04-19T08:55:29.855482
b41c27d3-71e4-4387-bd26-0946ebf63690,what-the-label-tells,aac66e5d-477a-486d-8275-69e85593d505,ok,"categoria_menu,forma,tema_label,didascalia_copertina,temi,tags",,2026-04-19T08:55:29.970078
b450375b-324b-4a43-95b5-155f2c669bc7,just-a-line,7768221b-ce1f-408e-a7b7-048153907976,ok,"categoria_menu,forma,tema_label,didascalia_copertina,temi",,2026-04-19T08:55:30.045909
b45bc14a-c9d5-49f0-82a2-3b1c0b9591da,letters-to-the-editors-issue-13,daf7b24e-c2ee-40d5-9ffd-6000968d63bb,ok,"categoria_menu,forma,tema_label,temi",,2026-04-19T08:55:30.050027
b47e527c-94dd-4703-adda-b695a86900ed,i-decided-me-myself,208d04e3-4fcb-455a-b398-ce988ef4af11,ok,"categoria_menu,forma,tema_label,temi",,2026-04-19T08:55:30.131914
b492e24c-f917-4c61-a55d-13aac31800f8,sometimes-you-have-to-swear-to-be-heard,c1049bcc-0527-4f92-a10b-14d740d80b9a,ok,"categoria_menu,forma,tema_label,temi",,2026-04-19T08:55:30.343322
b4d73f16-09a7-4a41-94ac-a390f84472bb,a-gathering-of-faith-and-light,2cb11ad6-fcfe-4d15-a58c-5779d63c80da,ok,"categoria_menu,forma,tema_label,didascalia_copertina,temi,tags",,2026-04-19T08:55:30.386020
b51275a0-30e8-464a-b61b-690858c241cc,forgiveness,d7321009-a1c8-44ef-a32b-515775e99410,ok,"categoria_menu,forma,tema_label,didascalia_copertina,temi,tags",,2026-04-19T08:55:30.413515
b4eb1c31-bf92-4be2-8c37-c7f36d488f15,loving-a-mistake-an-interview-with-patricia-bauer,7a6bb820-5e41-4ac7-9f08-a66ada89a736,ok,"categoria_menu,forma,tema_label,didascalia_copertina,temi,tags",,2026-04-19T08:55:30.392810
b51afb38-fb9f-4e96-90ac-dab8fe622e5a,toward-a-theology-that-does-not-disable,c6dc6f80-0ff0-4e76-b022-73f9a27b79e3,ok,"categoria_menu,forma,tema_label,didascalia_copertina,temi",,2026-04-19T08:55:30.658824
b52ddc35-f05e-457b-af91-ce37c1f8bcea,grandparents-an-extra-measure-of-tenderness,188239f1-9dc4-4635-b4d5-a557b8aeb819,ok,"categoria_menu,forma,tema_label,didascalia_copertina,temi",,2026-04-19T08:55:30.692550
b5300e92-1510-40da-b70f-013941c9092f,gods-shoulders-a-review,1be6fbc4-b9ad-4969-ba0e-f3826f8d0178,ok,"categoria_menu,forma,tema_label,didascalia_copertina,temi",,2026-04-19T08:55:30.762257
b537c307-a438-46ff-99bc-f1f4743bd91c,when-i-acted-downwind,3676435a-2e40-4267-860a-5b1081c0f5af,ok,"categoria_menu,forma,tema_label,temi",,2026-04-19T08:55:30.772900
b544f54c-23a5-4489-aade-b3eac655ecad,itaca-an-art-workshop-for-recovery,2d01f039-ea41-41a4-bd3e-165a41f0b561,ok,"categoria_menu,forma,tema_label,temi",,2026-04-19T08:55:30.977367
b55adb39-e0d3-4135-870c-03d6e7a894ff,reclaiming-his-body,3c61e89f-0135-44d4-8400-370e802ecaee,ok,"categoria_menu,forma,tema_label,didascalia_copertina,temi",,2026-04-19T08:55:30.981659
b59ff197-7655-46d0-8021-9de115478270,we-have-a-dream-five-stories-of-fragility-full-of-hope,89ec29c9-488e-411a-a3bf-ad4bb0a952d4,ok,"categoria_menu,forma,tema_label,didascalia_copertina,temi",,2026-04-19T08:55:31.096047
b599c991-ef6a-4842-85d6-b38d3222fcee,a-letter-to-young-people,025ac8ca-fe22-4bd5-8e1a-12ce8a178d72,ok,"categoria_menu,forma,tema_label,temi",,2026-04-19T08:55:31.041831
b5a7ff48-c8f5-418b-aaf3-975fbe20d164,how-i-understand-football,13e7956d-32bf-49c6-aa64-289ea6ee0df5,ok,"categoria_menu,forma,tema_label,didascalia_copertina,temi",,2026-04-19T08:55:31.310133
b5d0fa87-4c79-4790-ba72-089fd513689d,you-called-us-here-we-are,f3c35c93-37eb-411c-bc94-ca417a446499,ok,"categoria_menu,forma,tema_label,didascalia_copertina,temi,tags",,2026-04-19T08:55:31.338968
b5d101fa-d1ab-448a-9aad-0afc26046490,pope-paul-vis-letter-to-the-pilgrims-of-faith-and-light-1975,5945da54-9e7f-4779-abab-a1846f75068d,ok,"categoria_menu,forma,tema_label,didascalia_copertina,temi,tags",,2026-04-19T08:55:31.384780
b5e24957-133b-4557-a1b5-43ae5ce3ed09,what-do-they-understand-and-we,54381f2a-7654-4402-adb1-01c335e23e01,ok,"categoria_menu,forma,tema_label,temi",,2026-04-19T08:55:31.414509
b64721ae-8206-4d81-8d12-4ceaf3611761,the-art-of-forgetting-a-review,9dd0a8c1-d594-4c33-93e6-614ebfc6a805,ok,"categoria_menu,forma,tema_label,temi",,2026-04-19T08:55:31.673021
b5fe3e4c-9254-429d-9066-39203d1d7ecb,making-magic-out-of-mistakes,93efd86f-48ed-451f-b5ac-5171a2f22ccf,ok,"categoria_menu,forma,tema_label,temi",,2026-04-19T08:55:31.644824
b64d704c-c677-4f96-8177-79772cc1d2ae,a-guide-to-good-mannersreview,41829b7e-3bb4-492b-977d-6efa5f19154b,ok,"categoria_menu,forma,tema_label,didascalia_copertina,temi",,2026-04-19T08:55:31.727842
b6494178-90bc-4da4-b81d-036077fe0e80,a-sacred-trust,0df7e1de-1d43-4bfd-a00c-8dec8229f2c1,ok,"categoria_menu,forma,tema_label,temi,tags",,2026-04-19T08:55:31.710177
b662925f-f5af-4e9d-a7fa-46de5aa3b048,a-childs-book-of-god-review,6e778f19-e83d-4dee-a91f-66395afb7083,ok,"categoria_menu,forma,tema_label,temi",,2026-04-19T08:55:31.983299
b66e23ce-acc3-4141-a8e2-40ae377bf25f,life-faith-and-light-news-from-around-the-world,6f05ae1f-4af4-4ba7-946b-f0a9a9782945,ok,"categoria_menu,forma,tema_label,didascalia_copertina,temi,tags",,2026-04-19T08:55:31.988204
b6d1ec70-f5f6-47ab-b2ff-7291f6f31e5c,being-present-to-the-dying-0cf1,0cf1d470-5ff6-4e20-b629-5e33c2ac8db3,ok,"categoria_menu,forma,tema_label,temi,tags",,2026-04-19T08:55:32.025385
b6e857d7-9efe-4b50-8317-5457204c5d95,a-fathers-eyes,efbf962e-61b7-406e-b222-bd71f9c2e975,ok,"categoria_menu,forma,tema_label,temi",,2026-04-19T08:55:32.062944
b70dfa1e-9509-4fd7-907e-28e8f58edbd8,young-heroes,75316db0-2b7d-4de5-a268-1171018f832a,ok,"categoria_menu,forma,tema_label,didascalia_copertina,temi",,2026-04-19T08:55:32.358733
b6f607cb-3123-480b-86be-a2703861f8f4,from-the-street-corner-to-the-aperitivo,f87db6fe-7d0b-4d7c-bff6-4d517fb07e72,ok,"categoria_menu,forma,tema_label,temi",,2026-04-19T08:55:32.344557
b72c4382-2592-4855-8454-cdcab72e9f71,lourdes-1981-good-friday,978f36d3-f991-4750-a21c-01fc4e423582,ok,"categoria_menu,forma,tema_label,temi,tags",,2026-04-19T08:55:32.388515
b73ea584-1471-4b77-a1eb-876774c43c9d,a-school-that-acts-boscoreales-fundraiser-for-students-with-disabilities,d509e673-5c8c-4990-9239-1c54009e9115,ok,"categoria_menu,forma,tema_label,temi,tags",,2026-04-19T08:55:32.442448
b7422da9-b84c-4429-819c-3dece0fed603,travelers-as-community,ec9f3b4e-b7b8-4b6c-96de-7d763d9af938,ok,"categoria_menu,forma,tema_label,temi",,2026-04-19T08:55:32.657353
b748a5a8-8d35-4121-85b7-6cd68ab12b10,the-art-of-making-toys-from-scraps,0301f938-3d8b-4014-8012-47e9fe8a911c,ok,"categoria_menu,forma,tema_label,didascalia_copertina,temi",,2026-04-19T08:55:32.678640
b769a7d2-cdc7-46a3-a2be-457d0c5086be,wherever-i-am-he-is-too,0c3a2d55-7399-4099-be02-3d5b95a8cc93,ok,"categoria_menu,forma,tema_label,didascalia_copertina,temi",,2026-04-19T08:55:32.707703
b781cf3c-8770-41df-ab9c-4fcbc191bb91,naming-the-fear,83a8bad3-3140-4992-9805-a3e0612f4efa,ok,"categoria_menu,forma,tema_label,temi",,2026-04-19T08:55:32.775860
b7a84326-11de-48ba-9278-672a444871d3,the-worlds-third-nation-a-review,7ee0723c-de3d-426b-98e0-ef95976f6943,ok,"categoria_menu,forma,tema_label,temi",,2026-04-19T08:55:32.994516
b79ee8bb-51ec-4ad4-9679-8aba5da1d0cc,from-the-provinces-issue-125,1e1056ea-d2ec-45b0-a00e-765be878839d,ok,"categoria_menu,forma,tema_label,didascalia_copertina,temi,tags",,2026-04-19T08:55:32.992913
b7917e7b-54be-46ec-aa8c-594c0c2b8023,autistic-people-exist-only-while-theyre-in-school,879716ac-a22c-47dd-9285-b332cf6b244e,ok,"categoria_menu,forma,tema_label,didascalia_copertina,temi,tags",,2026-04-19T08:55:32.991674
b7b2f550-ebbe-4767-881d-7e46890b0ec7,the-magazine-of-those-who-write-with-their-eyes,39adcb3d-310c-4fe1-9503-7b520e7d4974,ok,"categoria_menu,forma,tema_label,temi",,2026-04-19T08:55:33.094420
b7bba654-d554-4d56-89b1-d4d8baf6962f,a-real-person,35615098-5b36-4473-a4da-45090178f245,ok,"categoria_menu,forma,tema_label,temi",,2026-04-19T08:55:33.298739
b7d872ef-3db6-4408-b202-5f0f706ad181,simply-maria-book-review,608a8d92-e489-4ac5-be6e-bff3af811013,ok,"categoria_menu,forma,tema_label,temi,tags",,2026-04-19T08:55:33.329974
b7e26912-cdf5-4c27-b3e4-d02ed12000c5,getting-disability-right-on-screen,747d5acf-1541-4200-8843-61078e6a9a1b,ok,"categoria_menu,forma,tema_label,didascalia_copertina,temi,tags",,2026-04-19T08:55:33.381797
b7e3ea81-03fd-43ae-ab8a-b40d51010723,the-light-breath-of-dawn-a-review,b9c55b49-01e0-45b8-b270-2d61bd9e0259,ok,"categoria_menu,forma,tema_label,didascalia_copertina,temi",,2026-04-19T08:55:33.442585
b7f254ae-ba94-4b32-bb66-0ed52b4ee632,understanding-williams-syndrome,c0de59ea-f717-44e1-9951-9a14812eacb2,ok,"categoria_menu,forma,tema_label,temi,tags",,2026-04-19T08:55:33.590786
b7f44c91-b89c-4881-a388-c15cd0b875f9,what-feminism-taught-me-about-disability,2f8919b5-7629-4d7f-be0a-0f546b5972ee,ok,"categoria_menu,forma,tema_label,didascalia_copertina,temi,tags",,2026-04-19T08:55:33.628256
b80931e2-d460-4a26-b029-40e615fab40d,how-they-speak-without-words,c28da680-9060-4680-ba13-e17bda4bb4e4,ok,"categoria_menu,forma,tema_label,didascalia_copertina,temi,tags",,2026-04-19T08:55:33.666217
b816e2ac-0c23-406f-b975-55bb0857b913,law-180-and-mental-illness-in-italy,e6dfd037-bcff-4864-ad41-910738e0bd96,ok,"categoria_menu,forma,tema_label,didascalia_copertina,temi",,2026-04-19T08:55:33.712209
b81a970e-fdfe-4fdb-915e-b2bb5b2f975a,the-child-who-spoke-with-lighta-review,f496dfad-07b6-4354-9106-22e72b91f981,ok,"categoria_menu,forma,tema_label,didascalia_copertina,temi",,2026-04-19T08:55:33.898764
b81ea033-55d3-408f-9b80-e04ab0d8eb15,learning-during-the-holidays,a3db0e90-f7ea-43ac-96df-5e7d4e2078d6,ok,"categoria_menu,forma,tema_label,temi,tags",,2026-04-19T08:55:34.163730
b82dc348-0c20-4e83-8f2d-89600c939ddc,viola-and-mexico,f31cb83a-c172-4630-8347-c1bccb8a8278,ok,"categoria_menu,forma,tema_label,didascalia_copertina,temi",,2026-04-19T08:55:34.171523
b845959c-f997-445d-b1e8-3d8ef90bf9ed,when-eating-becomes-a-struggle,f6583b13-f50b-4b88-9fd8-6279ef85a53d,ok,"categoria_menu,forma,tema_label,didascalia_copertina,temi",,2026-04-19T08:55:34.203304
b847f008-4110-4512-8a4c-208ca2e2d830,the-emporium-of-heaven-and-earth-book-review,0392d995-3177-443f-811d-ba2eb6a29b89,ok,"categoria_menu,forma,tema_label,didascalia_copertina,temi",,2026-04-19T08:55:34.337179
b8504bf7-51a3-41bf-81d0-452e306aed29,faith-and-light-communities-around-the-world,648e5ce2-c867-4090-a837-fbf37d793db1,ok,"categoria_menu,forma,tema_label,temi",,2026-04-19T08:55:34.524549
b85eb229-de3d-4665-9d97-f14779849cc9,se-aspetto-poco-poco-arriva-la-risposta-en,012c99de-a27e-4f63-b43e-8e0c14c7b6a6,ok,"categoria_menu,forma,tema_label,temi",,2026-04-19T08:55:34.553934
b8553807-fdc8-4c8c-bff4-389e79cdbe03,i-choose-to-believe,9f1238dd-7bb2-4e58-8afe-9019745a80e5,ok,"categoria_menu,forma,tema_label,temi,tags",,2026-04-19T08:55:34.528907
b8622fb3-ebd0-48c2-8434-09fec6d7e19b,dancing-oh-oh-ohhh,b0969f4b-dac6-46a5-85b4-42fbf7f79cc7,ok,"categoria_menu,forma,tema_label,temi,tags",,2026-04-19T08:55:34.626104
b863c3f5-7657-4901-bae8-64af811a4047,open-dialogue-no-66,64e04c56-3f4e-4dbe-8505-8d0c87ad8bae,ok,"categoria_menu,forma,tema_label,didascalia_copertina,temi",,2026-04-19T08:55:34.863721
b8ad7773-ea48-4fa7-8ef0-67e8dc106334,whose-hands-will-dry-my-tears-a-review,e5807ae0-97f2-4d07-ba1f-5569ad888c07,ok,"categoria_menu,forma,tema_label,temi",,2026-04-19T08:55:34.926540
b874f189-9ce9-4a4b-b3fe-c0e6e04cea1a,a-priests-journey-with-faith-and-light,4a6d293e-8343-4bbd-ad24-9868afae09c2,ok,"categoria_menu,forma,tema_label,didascalia_copertina,temi,tags",,2026-04-19T08:55:34.874125
b88dc876-ce33-4355-bc27-0d9793e37e81,a-cry-for-peace,91f710e3-73be-4276-a6c2-e220b3b0dbcf,ok,"categoria_menu,forma,tema_label,didascalia_copertina,temi",,2026-04-19T08:55:34.878963
b8b47fa4-3550-43a9-858a-b8c300459c9f,inclusionexclusion-art-by-disabled-artists-from-santegidio-at-the-vittoriano,f0739b58-fc26-4eac-9e5a-da2f389d6a22,ok,"categoria_menu,forma,tema_label,temi,tags",,2026-04-19T08:55:35.188057
b8c529f5-e0cb-4363-b081-6eb92ce556da,gaia-puccio-emanuelaand-so-many-others,897e6a6d-95ce-433a-be62-83c7050e071f,ok,"categoria_menu,forma,tema_label,didascalia_copertina,temi",,2026-04-19T08:55:35.254673
b8c3e601-bcda-4e96-bc87-77b5717eadd8,out-of-the-catacombs-faith-and-light-in-eastern-europe,ca6504ca-ba77-4f74-ba33-4da5c03abf12,ok,"categoria_menu,forma,tema_label,didascalia_copertina,temi,tags",,2026-04-19T08:55:35.228537
b8bcd594-95e2-4525-b6b1-f0d6577b5ee0,the-gift-of-daniela,913758d5-b93b-43bf-926d-5b2bc6bd3048,ok,"categoria_menu,forma,tema_label,didascalia_copertina,temi,tags",,2026-04-19T08:55:35.215570
b8efcc96-2e89-402a-8847-5a06f945fbd1,male-and-female-he-made-them-living-authentic-love,25fc262f-f889-4b4f-93f9-a4ad16a06843,ok,"categoria_menu,forma,tema_label,temi",,2026-04-19T08:55:35.479728
b8f2504b-5181-4994-ae1d-8bfb8c39e20f,selfishness-has-failed-a-review,ff756730-0a1a-43b9-9146-431b9ba8aafd,ok,"categoria_menu,forma,tema_label,didascalia_copertina,temi",,2026-04-19T08:55:35.544633
b913b4d3-2360-4caf-941a-900dc817b8a2,lifes-great-questions,45864bc2-55c2-4205-8d3b-ff1bf406610e,ok,"categoria_menu,forma,tema_label,temi",,2026-04-19T08:55:35.596120
b9108d17-5e90-4909-98a9-cba5fb240852,22-fun-mini-games-to-play-together,a854c975-e1e5-415e-bccf-ffd25ba2eec3,ok,"categoria_menu,forma,tema_label,didascalia_copertina,temi,tags",,2026-04-19T08:55:35.554446
b928a059-5e9d-4a15-a121-d5bcaea6a840,no-one-is-richer-than-me-a-book-review,9ce50113-453d-49f9-ba29-8095a71f8556,ok,"categoria_menu,forma,tema_label,temi",,2026-04-19T08:55:35.799301
b928d8f3-3a0d-4f6e-9230-220b319d426e,wonder-a-review,9b298d12-551d-4be9-af5b-57fb0b810eff,ok,"categoria_menu,forma,tema_label,didascalia_copertina,temi",,2026-04-19T08:55:35.841920
b92b3ee7-1985-417c-8011-4647a209696b,have-you-seen-adriano,61cca815-03e7-4715-aae5-e38c29cc9b34,ok,"categoria_menu,forma,tema_label,temi,tags",,2026-04-19T08:55:35.959609
b92fe9c4-6bc2-4642-84ab-b8b229b85156,a-glimpse-of-larche,7e8a27b8-a706-40e0-a584-467291d17717,ok,"categoria_menu,forma,tema_label,temi,tags",,2026-04-19T08:55:36.005011
b952e2a6-6925-4c89-aa0f-3522e2b09e7b,the-water-problem,310c50d0-f667-4054-bde5-604cef2c0fcf,ok,"categoria_menu,forma,tema_label,didascalia_copertina,temi,tags",,2026-04-19T08:55:36.128187
b95a3f6d-39d1-4e14-912c-2fd66ddc80fa,open-dialogue-144,d7c3bf7a-35ff-445e-b63a-1df0f719451e,ok,"categoria_menu,forma,tema_label,didascalia_copertina,temi",,2026-04-19T08:55:36.195173
b95d0b87-85d8-4239-8807-2ab37fd4029a,how-my-swimming-competition-went,39638a78-87d7-4c19-88d6-35534393635d,ok,"categoria_menu,forma,tema_label,didascalia_copertina,temi",,2026-04-19T08:55:36.307178
b97decf6-53f8-489f-a3e8-26cb284f1ac5,a-right-too-often-denied,597fc026-df99-46e3-8645-fc30d51bdc79,ok,"categoria_menu,forma,tema_label,didascalia_copertina,temi",,2026-04-19T08:55:36.365492
b99c51e0-e306-44e3-adce-6fc952f676b9,keeping-pace-together,d034b1d8-6a06-453b-86f2-0df036c76c0b,ok,"categoria_menu,forma,tema_label,didascalia_copertina,temi,tags",,2026-04-19T08:55:36.522560
b99211b7-00c3-4a67-a2fa-e01ef2db8dfb,open-dialogue-no-9,72bd7def-3c73-4250-b8d5-72791982868e,ok,"categoria_menu,forma,tema_label,didascalia_copertina,temi,tags",,2026-04-19T08:55:36.477813
b9b0c86a-c7fe-4a83-8b2f-3e4aa21931ce,sun-children-four-boys-in-tehran,f549a5a5-8f5e-434c-a42e-2b0f3f13a89b,ok,"categoria_menu,forma,tema_label,temi",,2026-04-19T08:55:36.580878
b9c0650f-1442-495e-ae82-48babf8ef428,shakespeare-vs-insinna,8497f625-bea8-4e11-b480-45613078b9dc,ok,"categoria_menu,forma,tema_label,temi",,2026-04-19T08:55:36.692262
b9ce4084-e3bb-4e18-902f-b45c31585e5e,where-the-handicapped-person-belongs-in-our-communities,62158bd3-001e-4ffb-bd6b-80783b64d30e,ok,"categoria_menu,forma,tema_label,temi,tags",,2026-04-19T08:55:36.875627
b9cc36e5-748f-4f2b-9e1c-5995b14e4666,i-love-life-in-spite-of-everything,fdf4e62b-aa28-4a23-9472-96c658623816,ok,"categoria_menu,forma,tema_label,temi,tags",,2026-04-19T08:55:36.857987
b9df4c3b-eff8-47f8-be46-86467e295bbd,the-potenzoni-case-federica-sciarellis-account,7c5e89a5-d79b-4151-a09d-b7cfbf03418a,ok,"categoria_menu,forma,tema_label,temi",,2026-04-19T08:55:36.927128
b9e04d60-ef53-41a9-9e9d-08aa1fc6ae4b,christmas-1981-a-new-chapter,cd8aa325-3eff-4dfd-b9a6-7d5d408c0908,ok,"categoria_menu,forma,tema_label,temi",,2026-04-19T08:55:37.005047
b9e05465-7724-487c-a2be-480b881e3eae,open-dialogue-no-68,7d57b62e-6d95-4737-a3da-32adfcbad616,ok,"categoria_menu,forma,tema_label,didascalia_copertina,temi",,2026-04-19T08:55:37.216506
b9f71a5f-dc10-4977-a19a-f8dda3e29ac3,violet-and-mimosa-from-mexico-city,25eb52e2-c9ce-4515-95b7-0434d81a8070,ok,"categoria_menu,forma,tema_label,didascalia_copertina,temi",,2026-04-19T08:55:37.245017
ba036587-ad31-4266-bf4d-e3ca4de0dd71,come-to-me-in-the-eucharist,6f77fd2c-dfdc-4cb6-9e73-946b32e20bb0,ok,"categoria_menu,forma,tema_label,didascalia_copertina,temi,tags",,2026-04-19T08:55:37.264390
ba04da73-778e-4bc9-91ec-9fc2a742f4f9,how-many-do-you-know-by-name,83d6cb11-8567-4761-8e72-3b04d0e0c2e8,ok,"categoria_menu,forma,tema_label,temi,tags",,2026-04-19T08:55:37.322859
ba15d252-1e51-4218-b42e-60635ae1642e,zero-to-hero-the-rise-of-so-wa-wai,b0c2a1b4-7595-40b3-9e93-f6355faf72d7,ok,"categoria_menu,forma,tema_label,temi",,2026-04-19T08:55:37.481321
ba2fd4ab-e114-4d11-8cc6-2963096def90,a-mothers-letter-to-the-bishops,ff3c2a08-e67d-4e8e-9877-6b228875f22f,ok,"categoria_menu,forma,tema_label,didascalia_copertina,temi",,2026-04-19T08:55:37.576476
ba35e156-768a-4840-8190-0360713acae9,the-blind-child-with-multiple-disabilities,26b50061-1106-40c5-8680-d144a035d3af,ok,"categoria_menu,forma,tema_label,didascalia_copertina,temi",,2026-04-19T08:55:37.608942
ba421606-1487-476c-88fb-3bcaabca9861,lobsters-and-fractals,559a90bb-8e0b-4b08-a96e-ff3e2d76f65d,ok,"categoria_menu,forma,tema_label,temi",,2026-04-19T08:55:37.640033
ba59207c-bd15-4fc3-b29a-8eacb86ad34f,walking-with-the-saints,3571edee-28d6-4be9-aa78-cfb61ca6f22d,ok,"categoria_menu,forma,tema_label,didascalia_copertina,temi,tags",,2026-04-19T08:55:37.785297
ba683659-1cc4-48c1-abb8-39a417ef46cc,i-decide-to-chew-on-the-upper-left,f532c14f-d1cc-4110-9a7d-a7b7391344c6,ok,"categoria_menu,forma,tema_label,temi",,2026-04-19T08:55:37.978481
ba6107cd-5e6f-4f1a-8f5f-a74151e31057,raymond-carvers-cathedral-a-review,0de1464f-0fa3-4575-8166-3080a1aacbd3,ok,"categoria_menu,forma,tema_label,didascalia_copertina,temi",,2026-04-19T08:55:37.968635
ba789dbe-2e1b-4934-b21b-6ce7e84557c3,for-the-childrenand-for-all-of-us-alice,de80f64a-1009-49d7-9166-ba7c20e73795,ok,"categoria_menu,forma,tema_label,temi,tags",,2026-04-19T08:55:37.985305
ba843c9c-1a21-427e-99fa-e505aa83f305,extraordinary-weddings-love-beyond-disability,3f619bbc-5a8e-4db3-8914-b8847b9f38ab,ok,"categoria_menu,forma,tema_label,temi,tags",,2026-04-19T08:55:38.154159
ba84d335-1902-4c67-9ed1-3ef11699258a,working-at-the-restaurant-is-always-fun,f76318ba-72ac-4e87-96de-4266aeb55f03,ok,"categoria_menu,forma,tema_label,didascalia_copertina,temi",,2026-04-19T08:55:38.305351
ba91a837-09a2-4d7e-9ccd-da0fb345d5ff,building-a-future-for-people-with-disabilities,e0be142a-3a6b-4876-8e5c-3b82b23774e3,ok,"categoria_menu,forma,tema_label,temi,tags",,2026-04-19T08:55:38.360925
ba9716be-efc5-45f5-ba4f-2a9df79deade,the-porcupine-girl-a-book-review,cc2dda82-f9e5-4d5c-af10-c20023829137,ok,"categoria_menu,forma,tema_label,didascalia_copertina,temi",,2026-04-19T08:55:38.376577
baa4a5e6-bee8-4bbb-b5d4-ceecacb97e92,la-lettera-del-papa-wojtyla-en,026303bc-82c2-457d-ab14-df380ad82b04,ok,"categoria_menu,forma,tema_label,didascalia_copertina,temi,tags",,2026-04-19T08:55:38.511479
bab9d3b5-7a8c-4e24-b61b-f504895f0fba,open-dialogue-no-89,24e4b245-3362-4e04-8382-173f1be828a0,ok,"categoria_menu,forma,tema_label,didascalia_copertina,temi",,2026-04-19T08:55:38.638877
badc540b-d60e-4e20-b6ad-4739333a86b4,turin-book-fair-2018-free-guided-tours-of-forbidden-not-to-browse,e0df4895-4abd-4244-80e6-18630133a369,ok,"categoria_menu,forma,tema_label,temi,tags",,2026-04-19T08:55:38.681270
bae228dc-dab8-4972-bb57-7cb28f4d3622,when-love-was-missing,478658ef-ebd3-44f5-8bef-e72cfde02c9d,ok,"categoria_menu,forma,tema_label,temi,tags",,2026-04-19T08:55:38.724582
bae265a0-9f2c-4868-a1fd-2371935c14df,what-is-a-handicap-i-dont-know,8e739a04-3283-49e9-9e74-80838780deba,ok,"categoria_menu,forma,tema_label,didascalia_copertina,temi,tags",,2026-04-19T08:55:38.873192
bae6923e-7a1f-44c1-9ef0-df5f8bfe7f5c,agriculture-and-disability-the-experimental-farm-splende-il-sole,b2ff4d0c-6f5c-4400-b6ea-d6014a084277,ok,"categoria_menu,forma,tema_label,didascalia_copertina,temi",,2026-04-19T08:55:38.945158
baf28127-69de-4c1f-84aa-5b16c4c67dc4,a-garden-for-ophelia,74c8e384-e38f-4344-80bd-f781110d7f4f,ok,"categoria_menu,forma,tema_label,temi",,2026-04-19T08:55:38.990648
baf2d1a1-f936-46c2-90be-5cfcebd092fc,paths-of-inclusion-we-care,85e98d62-b57d-48a0-a135-da1b604af504,ok,"categoria_menu,forma,tema_label,didascalia_copertina,temi,tags",,2026-04-19T08:55:39.038548
bb1c69b3-2785-430e-b26f-c664979250c8,sweet-dreamsa-review,06c82c51-ce0d-42d8-8b20-2728b8c381ea,ok,"categoria_menu,forma,tema_label,didascalia_copertina,temi",,2026-04-19T08:55:39.188296
bb25863d-040f-4cc9-b4d3-27d33a1964f7,recommended-reading-issue-14,47ae67e6-31c1-4291-98f8-f9774a1ab10d,ok,"categoria_menu,forma,tema_label,temi",,2026-04-19T08:55:39.242112
bb5488aa-e209-45aa-83d9-24bd4edbd474,saint-josephs-little-loaves,a0983430-7fa7-44cd-9098-0a0dcc49ff3d,ok,"categoria_menu,forma,tema_label,temi",,2026-04-19T08:55:39.290696
bb738d27-fdfc-4635-aaab-f27446f0100b,olivieros-story,55c61c30-2186-420c-8a3a-8a8de7a0d751,ok,"categoria_menu,forma,tema_label,didascalia_copertina,temi",,2026-04-19T08:55:39.387191
bbca5a79-cacb-44eb-ab8f-2ff6e7532d37,i-dont-know-what-to-expect,b7cd9e3a-6c70-47ff-85b9-cb01e2aa6e54,ok,"categoria_menu,forma,tema_label,didascalia_copertina,temi",,2026-04-19T08:55:39.504084
bb9f3acc-0bbc-421e-91c4-aefa3ddf1129,let-him-go,3a6c7b76-d999-4d2c-99ef-da06ee58e0ad,ok,"categoria_menu,forma,tema_label,temi",,2026-04-19T08:55:39.500373
bbd5b532-2149-4199-9553-f220537c29a4,stories-from-the-far-east,21d375d7-34ed-43f5-a3b9-9ef81bc1bfba,ok,"categoria_menu,forma,tema_label,didascalia_copertina,temi",,2026-04-19T08:55:39.594248
bbe7f00c-4bc4-47ca-874c-8c524fbecb01,a-child-to-know,8f4a95af-fdf3-4b02-8ea6-b4ef1c513648,ok,"categoria_menu,forma,tema_label,didascalia_copertina,temi",,2026-04-19T08:55:39.688285
bc19f639-bd75-4c19-8e76-4a874716f10e,my-sky-is-differentmental-acrobatics-of-a-young-disabled-man,ab768e57-c9e4-4892-bcdf-f70aa0cdaa1d,ok,"categoria_menu,forma,tema_label,didascalia_copertina,temi",,2026-04-19T08:55:39.812438
bbffb42a-387e-4544-bb2e-9b132ce694bd,i-wish-id-known-him-better,5ba52a0b-8051-4aba-90b8-8828e0f113cf,ok,"categoria_menu,forma,tema_label,temi",,2026-04-19T08:55:39.778623
bc25a8a8-6b34-4cd7-84ab-47462c7b5aa7,and-life-will-burst-forth-a-teaching-guide-to-catholic-religion-in-the-classroom,c2803d7d-524b-4531-a632-74f3b3e6109a,ok,"categoria_menu,forma,tema_label,didascalia_copertina,temi",,2026-04-19T08:55:39.892270
bc2af053-bcb5-4500-8088-afdc72c9844c,for-the-childrenflavio,0dc471fe-3e3f-4a6f-89c7-ebb34b154fe7,ok,"categoria_menu,forma,tema_label,temi",,2026-04-19T08:55:39.977888
bc4ed08f-1d2c-4396-90d7-a903bf0cac3d,gold-lying-on-the-ground,360e8ff1-5d6c-4899-aa94-b0a86ae0a62d,ok,"categoria_menu,forma,tema_label,didascalia_copertina,temi",,2026-04-19T08:55:40.098059
bc456ecf-1c47-4e5f-a968-1a62cdeb0ffd,the-message-of-the-jubilee-a-conversation-with-archbishop-rino-fisichella,4b463f24-09a6-454e-8322-42e486c83051,ok,"categoria_menu,forma,tema_label,didascalia_copertina,temi,tags",,2026-04-19T08:55:40.092700
bc508efc-7b4e-4bb4-b080-eaa4a5a7fa9e,open-dialogue-no-22-cb5b,cb5bae77-b8b4-4026-9288-73609edf7a34,ok,"categoria_menu,forma,tema_label,didascalia_copertina,temi",,2026-04-19T08:55:40.174415
bc552714-bb9d-4971-a47e-50ab1c2457d6,how-the-body-heals-the-soul-houria,cac95c3f-d9b7-4f88-845e-9ec8c93d2589,ok,"categoria_menu,forma,tema_label,didascalia_copertina,temi",,2026-04-19T08:55:40.295136
bc7043d3-a6fb-48d9-904a-90ca53005523,a-photograph-from-hong-kong,1ac02678-675d-4c39-b086-842812898095,ok,"categoria_menu,forma,tema_label,didascalia_copertina,temi",,2026-04-19T08:55:40.459697
bc6b8832-0879-4048-9d9c-ae6f2f07bf3d,what-cyrano-teaches,99ce1b26-a509-40cf-8093-4f5ffe6412c1,ok,"categoria_menu,forma,tema_label,temi,tags",,2026-04-19T08:55:40.404867
bc87d62b-e156-486f-a312-3e6a2479095f,the-first-of-many,efbb4c2b-2dc1-4235-abd2-2863ac4966b3,ok,"categoria_menu,forma,tema_label,temi",,2026-04-19T08:55:40.551128
bc9592d9-0750-42ae-ab2a-99d7201cde6e,the-land-of-the-mad-podcast-review,18124f90-6e01-46a6-8555-7ec6ea14746b,ok,"categoria_menu,forma,tema_label,didascalia_copertina,temi,tags",,2026-04-19T08:55:40.605217
bcc1316f-e0a0-4fb5-8fd2-f83c7b361df2,one-more-jump-0762,076265cd-ba33-4f9c-ab7c-a4a78f7f87d4,ok,"categoria_menu,forma,tema_label,temi",,2026-04-19T08:55:40.788383
bc9b05bb-a15a-475a-9f11-0f2c3ead3734,three-days-in-april,dc7b43be-679a-44ef-bd60-cc17014f221a,ok,"categoria_menu,forma,tema_label,didascalia_copertina,temi,tags",,2026-04-19T08:55:40.787241
bce7ea6f-60ca-478c-a0f6-6f15a8870016,working-at-caritas,35db7c3a-4b9d-4a8d-9274-65b9db9b3d3a,ok,"categoria_menu,forma,tema_label,didascalia_copertina,temi",,2026-04-19T08:55:40.872112
bcea3945-cd5c-456b-9aeb-c9f0f1990812,sexuality-and-disability-a-guide-for-living-fully,4a232b60-083a-4872-91d0-751182379c0a,ok,"categoria_menu,forma,tema_label,temi",,2026-04-19T08:55:40.969613
bd0d7ec7-5455-42f4-b58b-85e37ff2f380,the-bodys-privacy-maria-doesnt-know-shame,098509a9-19af-4e70-853c-7fec4ef92324,ok,"categoria_menu,forma,tema_label,temi",,2026-04-19T08:55:41.042460
bd24c069-e530-4601-ac6f-0c322d9fd513,gods-jesters,e2ded77b-c76c-4f22-b044-973fb93d27cd,ok,"categoria_menu,forma,tema_label,temi",,2026-04-19T08:55:41.122250
bd35ae7b-9149-4e25-9cdd-a5eec640388b,i-dont-know-your-language-but-i-want-to-learn-it,ffeb64f5-47d6-406c-905e-0b14ea15627b,ok,"categoria_menu,forma,tema_label,temi",,2026-04-19T08:55:41.141074
bd4882e2-77fd-4028-a50e-5b1d489375d0,come-to-the-table,8f4b037e-45a2-48c2-b1f9-7546b12eb2e2,ok,"categoria_menu,forma,tema_label,didascalia_copertina,temi,tags",,2026-04-19T08:55:41.288699
bd6ddaa2-27e5-4ef9-a58a-8ed0c2f813d3,viola-and-occhiolino,4480085e-a55c-4ef4-a20f-460d90a92b1b,ok,"categoria_menu,forma,tema_label,didascalia_copertina,temi",,2026-04-19T08:55:41.340279
bdc095f1-eb38-485c-98db-8cdaa1127bcc,bedtime,1c46e650-65a9-4603-9c71-c216110bf1d5,ok,"categoria_menu,forma,tema_label,temi",,2026-04-19T08:55:41.474924
bda3beae-bf4e-449e-ad3f-fa57658e4f72,my-dog-chose-me,f18678b8-0fcb-4b34-9a4c-deb3e4fd1d14,ok,"categoria_menu,forma,tema_label,didascalia_copertina,temi",,2026-04-19T08:55:41.463062
bdd139cc-520e-41ce-bb20-fd3d197f5840,christmas-around-the-world,a73c9423-bbd2-47ba-a61b-df2438f8a6a4,ok,"categoria_menu,forma,tema_label,didascalia_copertina,temi,tags",,2026-04-19T08:55:41.615235
bdd30e7b-df85-42b9-9ede-fe8d915fd4d7,an-open-letter-to-a-teacher,344e4397-4bba-4a2c-a502-2f7220d14fe6,ok,"categoria_menu,forma,tema_label,temi",,2026-04-19T08:55:41.652485
bdddb716-46bb-4269-a0c4-b2bff2cfe419,singing-is-playing-playing-is-connection,fa0c883a-4ebd-4519-b8a3-39c9fc903a28,ok,"categoria_menu,forma,tema_label,temi,tags",,2026-04-19T08:55:41.778770
bdfc5600-a2e4-4656-9571-d92b718f4375,the-risk-of-solidarity-silvia-tamberis-vision,78a7de35-8193-4269-a49c-78db2b843339,ok,"categoria_menu,forma,tema_label,temi",,2026-04-19T08:55:41.787599
be14680d-daa7-4ab3-b80a-ebb07fb506ff,il-ricino-a-community-called-home,1dd0982f-8168-4551-af03-1d4fc8a44963,ok,"categoria_menu,forma,tema_label,temi,tags",,2026-04-19T08:55:41.938872
be1d5cdd-056a-4d4e-9e0b-5d999f0bd1ee,gods-tenderness-6649,6649785e-e572-45c3-b2c5-ef7687258430,ok,"categoria_menu,forma,tema_label,didascalia_copertina,temi",,2026-04-19T08:55:41.974860
be2b27f3-1ae4-4334-af64-a8c2f8500737,take-and-eat,d3556b16-0849-4e3b-8d7c-bbe586cfe580,ok,"categoria_menu,forma,tema_label,temi",,2026-04-19T08:55:42.055357
be462158-b9bd-4f52-99e2-f5bcbfc46164,letters-from-our-readers-insieme-no-23,412b81ca-d67d-443e-8239-3ae01aa26eed,ok,"categoria_menu,forma,tema_label,temi",,2026-04-19T08:55:42.072359
be4a4237-4cb3-4e2f-a8fe-df4baa7f89c3,alzheimer-when-the-past-vanishes,9370f693-87f8-4f58-86cb-21fb19d29958,ok,"categoria_menu,forma,tema_label,didascalia_copertina,temi,tags",,2026-04-19T08:55:42.290265
be49654a-22c0-4df6-aaeb-6eaf2f2c09fa,learning-disabilities-a-clumsy-child,448a2e9b-c6d1-4b0a-9da6-f6a0f53c6cbc,ok,"categoria_menu,forma,tema_label,temi,tags",,2026-04-19T08:55:42.275246
be5de9ed-31be-41c6-848c-1cf219fcb79e,try-again-try-a-different-way,a24163c7-b479-4f24-a2b6-b99703cfb923,ok,"categoria_menu,forma,tema_label,temi,tags",,2026-04-19T08:55:42.330669
be83c6e9-5dba-4ccc-88c9-ded7e5e1998c,open-dialogue-no-127,4c50e75d-9c7c-4a91-a55f-b16174a063b6,ok,"categoria_menu,forma,tema_label,didascalia_copertina,temi",,2026-04-19T08:55:42.343902
bf043087-c4d3-405d-80a8-6fac86cae495,one-morning-i-watched-you-wake,c7157ab4-449c-4cdd-8bd0-938f4b899b94,ok,"categoria_menu,forma,tema_label,temi,tags",,2026-04-19T08:55:42.640204
be9d5643-6606-48f0-82cf-5cf51b188b38,philippine-4dc9,4dc9f072-c5c3-458e-a48e-9095c1de7f5a,ok,"categoria_menu,forma,tema_label,temi",,2026-04-19T08:55:42.592549
bec28663-bc89-42d3-a2aa-bba159508462,i-became-a-priest-and-a-father,102a028e-6bbd-4116-9854-2392ce51bc69,ok,"categoria_menu,forma,tema_label,didascalia_copertina,temi,tags",,2026-04-19T08:55:42.596149
bf1578b0-0147-41dc-91f4-2d90b889f3f0,angelo-a-fellow-traveler,05094841-31ae-4dc3-82d0-b074be7368cb,ok,"categoria_menu,forma,tema_label,didascalia_copertina,temi,tags",,2026-04-19T08:55:42.680061
bf3790e4-07d4-42da-8f5b-2da084e11a57,open-dialogue-77,a06a5879-fc65-44e3-86fd-90526076cde8,ok,"categoria_menu,forma,tema_label,didascalia_copertina,temi",,2026-04-19T08:55:42.958805
bf1f0ec1-7d45-4cee-8961-16c345eb9ebb,may-23-1979-a-spring-festival,d87e9f0c-905f-41e4-9d94-427524be69bf,ok,"categoria_menu,forma,tema_label,temi,tags",,2026-04-19T08:55:42.944773
bf32192c-bea8-42fa-8f86-446b1424040a,a-dogs-purpose-took-me-back-in-time,80b26856-bb78-4fce-94db-b92135f37b91,ok,"categoria_menu,forma,tema_label,didascalia_copertina,temi",,2026-04-19T08:55:42.946642
bf8ff15b-8bbc-4f25-867f-aa81f306acb7,life-as-it-is-for-usa-father-a-family-and-a-special-child,51eb0781-0c3b-479a-b78d-afba7af810b3,ok,"categoria_menu,forma,tema_label,temi",,2026-04-19T08:55:42.990211
bf9d0763-8f99-4d7c-a304-a4d8639e975d,teaching-high-school-students-about-disability,7502744d-5d93-4257-bc37-0806487f91eb,ok,"categoria_menu,forma,tema_label,temi,tags",,2026-04-19T08:55:43.306587
bf97669e-9da8-420b-a16a-9600a25ab29e,newsletter-no-8-when-darkness-is-complete,128aaa0e-2931-4d73-8a15-16b94c61dbff,ok,"categoria_menu,forma,tema_label,temi",,2026-04-19T08:55:43.300223
bfa9016c-ce31-42fe-ba8d-0a6fc3a1baba,friendship-across-inequality,aab0614f-5933-4663-b8a8-a5be92b225c2,ok,"categoria_menu,forma,tema_label,didascalia_copertina,temi",,2026-04-19T08:55:43.354035
bfa68ae2-f24b-4d5b-8a79-5462ff89bfed,planning-for-life-after-three-workshops-on-the-future-care-law-in-carpi,d1cc4f67-2359-4607-9ef3-8186fe717532,ok,"categoria_menu,forma,tema_label,temi,tags",,2026-04-19T08:55:43.314197
c0104b74-db03-4fe4-9a80-f02c0b6c6106,when-the-lead-character-becomes-a-prop,dc9eab8e-68b2-4ff0-99ac-f77a5c2b18c5,ok,"categoria_menu,forma,tema_label,didascalia_copertina,temi",,2026-04-19T08:55:43.657030
bfadb6b6-32fd-414c-964f-c141543ed65b,with-the-three-siblings,6b816a9d-e0aa-4d32-b86f-6ed821c6a217,ok,"categoria_menu,forma,tema_label,didascalia_copertina,temi",,2026-04-19T08:55:43.630567
c023f364-c488-40ba-9c78-77c678885081,simple-souls-a-review,09c12b14-dbb7-4a4c-9587-73a7309ff12f,ok,"categoria_menu,forma,tema_label,temi",,2026-04-19T08:55:43.657560
c03dbaae-258f-40ee-971e-3d98ae3b742b,journey-to-lourdes,f9dcfd36-95d3-4048-bf0f-5eeda4a9788f,ok,"categoria_menu,forma,tema_label,didascalia_copertina,temi,tags",,2026-04-19T08:55:43.663696
c04671e2-f0c7-4f9d-9275-097c3016087d,a-day-in-argegno-june-3-1979,7bf8037a-3f7a-4b7e-82b0-541ed62a8563,ok,"categoria_menu,forma,tema_label,temi",,2026-04-19T08:55:43.993053
c03dbd0b-8068-40f8-8b5f-f0e1f61093ee,112-ways-to-help-a-practical-guide-to-disability,d46d0238-2a86-4422-82a1-289dec1c4878,ok,"categoria_menu,forma,tema_label,didascalia_copertina,temi",,2026-04-19T08:55:43.990704
c0569dd6-affc-406c-a1fd-fe41e7d8f5ea,united-in-prayer,f5037d74-07e1-40bd-ac54-f79846462870,ok,"categoria_menu,forma,tema_label,didascalia_copertina,temi",,2026-04-19T08:55:44.042497
c07814ef-0cb8-48e2-b662-cc04d490c0f3,spazio-aperto-a-cooperative-born-from-need,59f4b58a-1592-411e-a86c-994745a226de,ok,"categoria_menu,forma,tema_label,didascalia_copertina,temi,tags",,2026-04-19T08:55:44.044760
c0b073e7-9bba-4dff-9547-8fcc486a3a78,building-welcome,4c725d95-706a-499b-8709-795494b26996,ok,"categoria_menu,forma,tema_label,didascalia_copertina,temi,tags",,2026-04-19T08:55:44.307319
c09db7b5-6888-40c5-8178-5df6d1801be7,open-dialogue-no-12,0ee9bcb6-969b-4017-8f1d-82e81ed5ca2c,ok,"categoria_menu,forma,tema_label,didascalia_copertina,temi,tags",,2026-04-19T08:55:44.305945
c0b69777-3439-4962-8cf0-741b996fe662,what-is-larche,96c3550c-75ec-4f51-bfd5-1b62a76402c4,ok,"categoria_menu,forma,tema_label,temi,tags",,2026-04-19T08:55:44.420130
c0c86ccc-0232-456f-8f2c-1b9513de16dc,slime-review,d82e2b8b-e693-4eb3-8d6d-51cb40155e85,ok,"categoria_menu,forma,tema_label,didascalia_copertina,temi",,2026-04-19T08:55:44.443862
c0feb31c-7438-44f9-9fa3-16266fb3c464,viola-and-mimosa-no-140,af122883-fa7a-4b61-b3bf-e6caf80d6708,ok,"categoria_menu,forma,tema_label,didascalia_copertina,temi",,2026-04-19T08:55:44.715955
c1032e5e-3cf8-4d03-9487-8dcc6f78f30b,jean-vanier-turns-90,40c80f15-a476-4e75-973e-0ad4b7d81134,ok,"categoria_menu,forma,tema_label,didascalia_copertina,temi,tags",,2026-04-19T08:55:44.724518
c108e6d4-96e2-4151-95be-393e55e38c8d,life-faith-and-light-no-24,ffaef8b5-e895-4bd1-81e4-6b3f5182ff27,ok,"categoria_menu,forma,tema_label,temi",,2026-04-19T08:55:44.791735
c11c9b60-124a-4094-ae64-d526f6825050,we-two-are-one-a-review,7a929f97-052d-4fb6-be8c-7aff53a73a79,ok,"categoria_menu,forma,tema_label,didascalia_copertina,temi",,2026-04-19T08:55:44.833772
c17e25d6-6eb8-4e67-8328-dc459a57f3c9,beautiful-all-of-them,9e07e79e-918e-4735-be82-ee22720cf34b,ok,"categoria_menu,forma,tema_label,temi",,2026-04-19T08:55:45.107505
c13ac3e7-a672-47b0-8d5f-bb31229c7655,breaking-the-silence-on-epilepsy-plus-de-gym-for-danny,4d5d7018-eaaa-497d-a542-5189d3291fec,ok,"categoria_menu,forma,tema_label,temi",,2026-04-19T08:55:45.049168
c12c8ed6-4899-4a60-8465-ded59be4bb6e,cristina-acquistapace-when-a-name-becomes-a-calling,d7b1e3fa-3b55-45b9-9a32-1841a552bf06,ok,"categoria_menu,forma,tema_label,temi,tags",,2026-04-19T08:55:45.002914
c1875315-5fb1-4c39-8fc7-af16cc95a199,giuditta-and-the-devils-ear-a-review,52067976-916c-4c8b-9e1f-beee7a2c3b77,ok,"categoria_menu,forma,tema_label,didascalia_copertina,temi",,2026-04-19T08:55:45.163439
c1978597-b1b9-4127-807b-692fecc6c197,ibrahimu-on-justos-shoulders,5f435b1c-ab2b-4265-86ca-fb45588d2c55,ok,"categoria_menu,forma,tema_label,temi",,2026-04-19T08:55:45.418034
c1c8f144-c438-4536-bbb5-2ad3959fe2cd,mental-illness,c3f100fb-2300-4d95-be5d-977bf736b195,ok,"categoria_menu,forma,tema_label,temi,tags",,2026-04-19T08:55:45.420207
c1dfebf4-bf4b-41f4-b499-96f47d94751c,lucio-whos-never-in-a-hurry-and-why-stools-matter,98c296b2-9017-403a-a556-7ab8a2624300,ok,"categoria_menu,forma,tema_label,temi,tags",,2026-04-19T08:55:45.463938
c189fec1-7149-4c78-9c8a-81ab633b6cfe,when-my-child-left-home-for-the-first-time,fac2bdd5-5a76-41f8-9234-7609d4a2283f,ok,"categoria_menu,forma,tema_label,didascalia_copertina,temi,tags",,2026-04-19T08:55:45.415743
c2242a40-cc95-48b1-8632-03344e344c62,open-doors,88a12211-2294-40af-ac08-ee9f3a4d25a7,ok,"categoria_menu,forma,tema_label,didascalia_copertina,temi",,2026-04-19T08:55:45.772066
c2256c11-1443-49f1-a977-ab41997a7f8c,i-dont-like-cooking,6222e441-0b26-47f4-88c6-93fa9aef8cb3,ok,"categoria_menu,forma,tema_label,temi",,2026-04-19T08:55:45.796309
c2132410-7216-47f7-bf1b-2ce98a13181d,with-all-my-strength-special-olympics-youth-games,ab4f319a-878c-4917-8bce-95ae99a173ca,ok,"categoria_menu,forma,tema_label,didascalia_copertina,temi,tags",,2026-04-19T08:55:45.760496
c20d7fc6-e4a1-4b8e-8dab-f0fb3c23a3f3,autistic-children-in-school,96f992aa-5000-4302-a932-a89fb403fedc,ok,"categoria_menu,forma,tema_label,temi,tags",,2026-04-19T08:55:45.738977
c2330279-7e63-4e94-b80e-e99ed0448ab4,dependent-yet-free,b3d0c426-9e94-4c55-a3b1-9e20af72d9af,ok,"categoria_menu,forma,tema_label,didascalia_copertina,temi,tags",,2026-04-19T08:55:46.066391
c23cfbda-6682-46f7-ab6b-6c6d91c1acff,the-keys-to-home-film-review,581b5d13-aa9d-4f14-a029-8e057a24d1ce,ok,"categoria_menu,forma,tema_label,didascalia_copertina,temi",,2026-04-19T08:55:46.092323
c24ceedf-3dca-4822-af6d-f5110266f730,rebirth-and-solidarity-the-storks-of-chernobyl,068dbdca-7efa-4372-90e6-43d08e31b0ee,ok,"categoria_menu,forma,tema_label,didascalia_copertina,temi",,2026-04-19T08:55:46.124485
c24e1578-5018-4fc4-9510-b6bcdf0ac7bc,fanny-who-sees-a-future-for-herself,d2ae20ce-187f-4648-8aff-912e84c665c1,ok,"categoria_menu,forma,tema_label,didascalia_copertina,temi,tags",,2026-04-19T08:55:46.130050
c253018b-bf60-4f46-9ea4-aaea21c7b306,a-friendship-that-changed-everything,9648ac06-3bca-470e-89a1-b0d01d02bc8a,ok,"categoria_menu,forma,tema_label,didascalia_copertina,temi,tags",,2026-04-19T08:55:46.376811
c26d330f-ce2e-4e7b-b1ce-b3b67ff9ff0a,vida-faith-and-light-no-42,effad89a-7b17-42f0-bd3b-61d0f4b704b7,ok,"categoria_menu,forma,tema_label,temi",,2026-04-19T08:55:46.471196
c276f932-e1b5-44e5-b78e-e6696913493b,alone-in-suffering,2e768ee9-463a-4170-90a0-ed0964f83a92,ok,"categoria_menu,forma,tema_label,didascalia_copertina,temi,tags",,2026-04-19T08:55:46.478666
c2a8f03a-792e-4652-b4c0-2e08a9765c5e,alfedena-in-pictures,abbc6ef1-fbb4-4d06-b341-44678424d717,ok,"categoria_menu,forma,tema_label,didascalia_copertina,temi,tags",,2026-04-19T08:55:46.572747
c2cce06b-34b2-4e7c-a542-0aa9f9f56713,gianlucas-elementary-school-is-it-real-integration,75c16576-9aac-48a4-ba6f-6bbbd5641c78,ok,"categoria_menu,forma,tema_label,didascalia_copertina,temi,tags",,2026-04-19T08:55:46.657015
c2d533d1-48a6-4f46-b186-069b41efe60f,the-strength-of-the-weak-the-life-and-thought-of-dietrich-bonhoeffer,fe9d48ba-a550-4a23-8028-0c9aabc46d06,ok,"categoria_menu,forma,tema_label,didascalia_copertina,temi",,2026-04-19T08:55:46.796046
c2f38028-fd69-4565-a3f0-27ef6748ce14,faith-in-action-how-these-children-learn,ebac0af0-6459-4120-9100-7e2caf006d9e,ok,"categoria_menu,forma,tema_label,didascalia_copertina,temi,tags",,2026-04-19T08:55:46.816221
c2f3facf-2deb-4ddf-b481-4284fb1b24ab,life-faith-and-light-no-29,9feaa42e-de28-4985-882f-af8bc7b811f8,ok,"categoria_menu,forma,tema_label,didascalia_copertina,temi,tags",,2026-04-19T08:55:46.867521
c3497a96-04d8-472c-bce2-d2dcc2a7ecf6,all-of-us-need-the-sacraments,c6383822-ee21-4a48-97b7-78b6f33fec0e,ok,"categoria_menu,forma,tema_label,didascalia_copertina,temi",,2026-04-19T08:55:47.116568
c337de74-199f-46a4-86dd-773562a8499c,autism-and-school-integration,2083238a-8092-4b84-ab4a-1886662513d2,ok,"categoria_menu,forma,tema_label,temi,tags",,2026-04-19T08:55:47.005680
c34cebad-857d-4de4-abea-64ec0ae04a2c,fiorangela-a-life-in-full,c6019e14-4a50-491e-85b3-6d5dc8efc5c6,ok,"categoria_menu,forma,tema_label,didascalia_copertina,temi",,2026-04-19T08:55:47.170302
c3708710-5f4f-4417-9342-9d069dc28acd,bells-in-celebration,13ab998b-230a-44bb-b23f-adb077d945a6,ok,"categoria_menu,forma,tema_label,didascalia_copertina,temi",,2026-04-19T08:55:47.313722
c39e4cb5-4c1f-4989-a2d2-ec74dc8082f5,christmas-in-ljubljana,45eda254-3b9a-4429-b555-c3cd7fe17c7a,ok,"categoria_menu,forma,tema_label,didascalia_copertina,temi,tags",,2026-04-19T08:55:47.419925
c39642b3-a375-45fa-850e-a3a0b69185b4,faith-and-light-around-the-world,64f15ed3-0682-4b92-b9e2-e6a164a61a4a,ok,"categoria_menu,forma,tema_label,didascalia_copertina,temi,tags",,2026-04-19T08:55:47.404049
c3a9b46f-7b03-478f-8b45-2789feeb9f76,in-the-same-boat-when-intellectual-disability-enters-the-family-book-review,3f499724-1c78-4c30-bc97-6bea717e1ffe,ok,"categoria_menu,forma,tema_label,temi",,2026-04-19T08:55:47.483002
c3acd9ea-2f03-47fa-a1ab-5f438346817a,the-1975-rome-pilgrimage-what-happened-and-how-much-it-cost,4e199774-3ee5-43fa-b9b3-2b659c219840,ok,"categoria_menu,forma,tema_label,didascalia_copertina,temi,tags",,2026-04-19T08:55:47.578894
c3b1611b-fc23-47d5-98ed-748591972fd4,the-first-night-at-camp,cb2d14dc-9418-464f-afaa-6c9071f545fc,ok,"categoria_menu,forma,tema_label,temi,tags",,2026-04-19T08:55:47.677260
c3d57205-aeca-4ce5-87b2-414474461963,journeys-and-visions-newsletter-no-33,af92c42d-0bcf-4681-b4b3-ea7e70a8d2f1,ok,"categoria_menu,forma,tema_label,didascalia_copertina,temi",,2026-04-19T08:55:47.731524
c3e5e8aa-29c1-460d-adbb-ac675e1093e9,when-others-look-at-us,3daac74b-86a9-48aa-a0f1-997e4e9ac5b9,ok,"categoria_menu,forma,tema_label,temi",,2026-04-19T08:55:47.797066
c41dddfe-0e33-45a4-b63b-e9bf6de52829,nature-and-music,a9d95eee-2b96-4282-9434-c940a6f04aa1,ok,"categoria_menu,forma,tema_label,didascalia_copertina,temi",,2026-04-19T08:55:48.211867
c435fad0-ba01-4a5c-9144-6b9421036e1b,alzheimer-but-first-hes-my-grandfather,f409c987-3990-4a4a-876d-c443f308c1ac,ok,"categoria_menu,forma,tema_label,didascalia_copertina,temi,tags",,2026-04-19T08:55:48.231517
c4383c79-545d-48df-af81-4d6141d3be74,letters-from-our-communities-issue-16,eabe1cf8-fd07-4f48-9c4d-a3e98b4c5707,ok,"categoria_menu,forma,tema_label,temi",,2026-04-19T08:55:48.256575
c452a500-d1ed-4fd7-bc94-cd01c346e3f5,summer-1977-experiences-and-camps,b111fbba-e860-4d37-a011-00ff2260b3a0,ok,"categoria_menu,forma,tema_label,didascalia_copertina,temi,tags",,2026-04-19T08:55:48.275998
c47c606d-d1f6-4fa6-92c3-94d51e446613,the-siblings-we-overlook-brothers-and-sisters-of-children-with-disabilities,ffe27d2d-0026-48e5-9a99-abb9256d1933,ok,"categoria_menu,forma,tema_label,temi,tags",,2026-04-19T08:55:48.468321
c49700d4-28ff-4c03-bd1d-b01b709a090a,why-we-celebrate-twenty-five-years-of-the-carro,daf9fe2a-d07e-4ccb-8655-7da6292e0f82,ok,"categoria_menu,forma,tema_label,didascalia_copertina,temi,tags",,2026-04-19T08:55:48.531699
c4df7a76-0ba0-4e1f-b4f1-db17c35554f2,chronicles-from-the-lunigiana,f3788d9c-67e7-4430-87ff-eb10e8e41dfb,ok,"categoria_menu,forma,tema_label,temi",,2026-04-19T08:55:48.846317
c4b0049a-cdb9-4eb6-9443-9afa85099845,on-reopening-rehabilitation-day-centers,15fe23ef-ee5c-4c36-9827-844332e99d6d,ok,"categoria_menu,forma,tema_label,temi",,2026-04-19T08:55:48.832720
c5069984-5b1a-44ac-8767-fa75894844e5,when-theology-itself-is-disabled,bfe9fceb-a88a-4fcc-b2cb-c27a73550f58,ok,"categoria_menu,forma,tema_label,temi",,2026-04-19T08:55:48.895631
c521754d-a7eb-442b-9312-9df72c3a33e7,the-scent-of-mint,c889b5ba-21af-4564-909b-f9eb60e8d257,ok,"categoria_menu,forma,tema_label,temi,tags",,2026-04-19T08:55:49.054961
c52a3c75-7623-4eb1-b4ba-cf74f73015a3,understanding-autism-a-parents-guide,a2d940c2-cdb1-4d1a-a182-02d1bcab9bd7,ok,"categoria_menu,forma,tema_label,didascalia_copertina,temi",,2026-04-19T08:55:49.192694
c532ef0c-ff81-43e1-ba76-514f530b4398,back-covers,aa1a54ec-f2ae-43cd-988b-04c1f3ac8cff,ok,"categoria_menu,forma,tema_label,temi",,2026-04-19T08:55:49.200842
c54522a2-c2ff-4b48-8ccf-b6b55a236878,i-didnt-know,04b94c87-854a-4041-bfcf-2686569b4ebe,ok,"categoria_menu,forma,tema_label,temi,tags",,2026-04-19T08:55:49.246683
c599c2f4-4363-4472-8e18-b2455cb7062b,a-man-of-the-kingdom,df3253e4-742a-467b-a943-8e792262bfa3,ok,"categoria_menu,forma,tema_label,didascalia_copertina,temi",,2026-04-19T08:55:49.502757
c597e896-d031-4b36-be8f-d3135ed6c982,open-dialogue-issue-41,709dab39-479a-4a9f-b26d-cf152cff9c92,ok,"categoria_menu,forma,tema_label,didascalia_copertina,temi",,2026-04-19T08:55:49.453683
c5c71958-0577-47d5-902a-810430c9bb92,explorers-of-the-mystery-of-the-small,2fe643f4-1668-46fb-b727-63b7d0fd8a26,ok,"categoria_menu,forma,tema_label,didascalia_copertina,temi",,2026-04-19T08:55:49.599441
c59e8a9a-f55e-48d9-8ffb-b16050621591,small-acts-a-whole-life,1329baa8-41f5-48d0-b51d-d62e1bc83780,ok,"categoria_menu,forma,tema_label,temi,tags",,2026-04-19T08:55:49.578612
c5d2d5a9-e954-4b35-90f8-9b62295adf6a,bread-love-and-imagination,be6d64ff-4231-47d1-877f-649466a9dc35,ok,"categoria_menu,forma,tema_label,temi",,2026-04-19T08:55:49.810747
c5e064d3-3336-40b6-ae82-15028918efca,round-table,f6040d81-a08e-4f39-a7d9-ed5c4344c0cc,ok,"categoria_menu,forma,tema_label,didascalia_copertina,temi,tags",,2026-04-19T08:55:49.832740
c5f0f00c-5cee-4675-b07d-7c702073ff46,the-constitution-of-the-poor-book-review,f3a725a5-a077-4da2-9b9f-bb25d6719915,ok,"categoria_menu,tema_label,didascalia_copertina,temi",,2026-04-19T08:55:49.965048
c5e69940-6f34-48fe-a8c9-32630033101c,xavier-mine-ours-a-new-friend,b113d7e8-aaff-473a-a4f3-a8761f7b01f9,ok,"categoria_menu,forma,tema_label,temi,tags",,2026-04-19T08:55:49.946677
c5fe980f-9f88-4bb0-977d-04f6659f6ac4,how-to-say-yes,55ca0854-d7fc-43f6-9c4d-043f91132e75,ok,"categoria_menu,forma,tema_label,temi",,2026-04-19T08:55:50.129823
c61540eb-aad0-4720-8267-2133e68e6ed6,how-ive-changed-over-the-years,5beb3014-23be-4711-b8c0-4fac089d1b32,ok,"categoria_menu,forma,tema_label,temi",,2026-04-19T08:55:50.195259
c6289523-3060-438a-a311-052d5656b54b,faith-and-light-newsletter-no-10-1976,c3289dc6-3375-4e62-bb51-c44bc19a7e31,ok,"categoria_menu,forma,tema_label,didascalia_copertina,temi",,2026-04-19T08:55:50.282498
c63a85b9-1490-49f5-965c-c06315a442cb,preparing-him-to-live-with-others,6c62f7b6-c9e6-4ce2-a79f-68ce58b46718,ok,"categoria_menu,forma,tema_label,temi,tags",,2026-04-19T08:55:50.295502
c6426c06-0255-4fa9-ad7b-b44955c9300b,what-a-degree-is,eed4f610-e17e-4f94-a341-57c8a31e4875,ok,"categoria_menu,forma,tema_label,temi",,2026-04-19T08:55:50.473093
c671fbb4-2ae5-413c-9ecd-5942d8967424,wherever-you-lead-us-every-day,4cc9781c-a364-419e-8180-13d2fb26208c,ok,"categoria_menu,forma,tema_label,temi",,2026-04-19T08:55:50.544797
c684840b-c8f2-40e8-b64e-6549deecb2a5,i-am-not-alone,2680b4d3-6063-4bcd-b196-78f3b6b1c1e5,ok,"categoria_menu,forma,tema_label,didascalia_copertina,temi,tags",,2026-04-19T08:55:50.642376
c6d709e5-bbf4-4843-8f02-13c27408a5f4,rehabilitation-should-happen-in-schoolsbut-the-girl-isnt-allowed-in-class,81fce0d2-e01d-456d-9017-729eb92bc89c,ok,"categoria_menu,forma,tema_label,didascalia_copertina,temi,tags",,2026-04-19T08:55:50.661046
c6e6f75b-a6de-4556-a1eb-d348210187b2,brother-sun-sister-down,4c479628-7600-48cc-bfe5-b76730132627,ok,"categoria_menu,forma,tema_label,temi",,2026-04-19T08:55:50.764052
c70bad4f-2d74-4656-b90e-64245282e15f,the-talking-book-center,b96c4ade-efa2-4ec0-996b-365662b3d355,ok,"categoria_menu,forma,tema_label,temi,tags",,2026-04-19T08:55:50.823355
c712aaaf-3e56-4b68-8134-c618ce8d45b0,at-grandfathers-funeral-why-did-they-put-him-in-a-box,d4c5df31-a95d-499d-8bcd-6c32c7f7e917,ok,"categoria_menu,forma,tema_label,temi,tags",,2026-04-19T08:55:51.010575
c733b5c3-771d-4e85-8c7b-d4657d705b8a,faith-and-light-newsletter-no-20,df88ccc2-3196-4a7b-97f8-16b6fdca725b,ok,"categoria_menu,forma,tema_label,didascalia_copertina,temi,tags",,2026-04-19T08:55:51.012612
c7404c33-9cc6-4f85-8398-46d91c953c30,crotone-launches-experimental-beach-access-program-for-people-with-disabilities,271a4ef5-90f5-47c0-8028-1b197752062a,ok,"categoria_menu,forma,tema_label,temi,tags",,2026-04-19T08:55:51.064087
c773d0b3-ed35-4e04-9514-cbb5389f40cb,achondroplasia-a-medical-overview,794dc47d-9d1c-4581-ad64-810ee7af10b9,ok,"categoria_menu,forma,tema_label,temi,tags",,2026-04-19T08:55:51.156374
c783ab8d-b238-44ed-85cf-8777cad62cf6,the-art-of-getting-back-up,ae3ed560-9f7a-4c49-aebf-dfec995ff713,ok,"categoria_menu,forma,tema_label,didascalia_copertina,temi",,2026-04-19T08:55:51.441892
c77d8e67-2638-47f8-86ed-9c95053262f8,her-first-cry-was-joy,166e6283-a084-4db2-a2b7-e6bfed347cd3,ok,"categoria_menu,forma,tema_label,temi",,2026-04-19T08:55:51.401247
c781f867-7eb0-4713-9175-c9f3bf5f8501,women-of-another-world-a-book-review,c109231b-6f3c-4e7c-8b64-61c3feb97e93,ok,"categoria_menu,tema_label,didascalia_copertina,temi",,2026-04-19T08:55:51.416137
c79d5e0a-013d-4d4c-9b2b-ecfa403f6c9b,open-dialogue-no-16,0674f90d-6555-43ea-ac9c-86e88d65f3b1,ok,"categoria_menu,forma,tema_label,didascalia_copertina,temi,tags",,2026-04-19T08:55:51.500035
c7a3973f-69d2-4944-8389-8c93b6bea972,summer-games-a-book-review,f51b3053-78f3-4a88-9898-6d03d3146030,ok,"categoria_menu,forma,tema_label,didascalia_copertina,temi",,2026-04-19T08:55:51.710080
c79e631c-212e-47df-b3f2-0e5c536f611b,for-me-it-is-happiness,e99974b0-d16b-4ee9-a41d-dbb72eafd09e,ok,"categoria_menu,forma,tema_label,didascalia_copertina,temi,tags",,2026-04-19T08:55:51.708528
c7b53e54-275f-4b47-b57b-0cc772e0bfce,open-dialogue-no-168,33a91f57-1929-4438-9e89-96c1dbfdd558,ok,"categoria_menu,forma,tema_label,didascalia_copertina,temi,tags",,2026-04-19T08:55:51.743270
c7bf939f-cd68-4a16-abad-b7e94ab5abe1,religious-education-of-handicapped-people-henri-bissoniers-vision,d189530c-acc1-4c23-9917-c6a1313f7935,ok,"categoria_menu,forma,tema_label,temi,tags",,2026-04-19T08:55:51.828371
c7d77ee1-2750-42f3-adc2-799f61d779b2,a-useless-god-review,e1baa382-1aaf-4fcb-a11d-b80203b740df,ok,"categoria_menu,forma,tema_label,didascalia_copertina,temi",,2026-04-19T08:55:52.112375
c7c2d351-3ae0-4c63-b6cc-9517994df348,pilgrimage-to-faith-and-light,6dbc6b5d-72c5-4e16-b197-af5247edb7e5,ok,"categoria_menu,forma,tema_label,temi,tags",,2026-04-19T08:55:52.063728
c7c6483a-4a4c-4b8c-849c-5379e3fcbdaf,alices-book,8b098758-906d-4619-a74a-2cb45a3e824a,ok,"categoria_menu,forma,tema_label,didascalia_copertina,temi",,2026-04-19T08:55:52.112037
c7f35aad-7227-4b8e-bcd2-80b7c7c422d5,signs-that-work,8c5916e7-2caa-42b0-bc10-4079a4f2b5f6,ok,"categoria_menu,forma,tema_label,didascalia_copertina,temi,tags",,2026-04-19T08:55:52.193093
c7fe2f8a-3583-4eef-a00a-093bfdbaeffd,how-a-pilgrimage-is-born-in-faith-and-light,afcacfcd-2e34-46d7-a457-4686fd1801b0,ok,"categoria_menu,forma,tema_label,didascalia_copertina,temi,tags",,2026-04-19T08:55:52.411077
c8145fb4-e540-4612-80de-6c32ae5d9946,where-people-with-mental-illness-liveand-how,ab1ca9cb-908b-49d5-9e62-5f36b4c7aa05,ok,"categoria_menu,forma,tema_label,temi,tags",,2026-04-19T08:55:52.463734
c822692d-6423-4c3f-a559-eef3d4f74a53,the-cat-on-the-desk-and-goethes-mountains,4067dc89-6ce7-4fe8-9cc5-f8ed382b7e82,ok,"categoria_menu,forma,tema_label,temi,tags",,2026-04-19T08:55:52.471264
c82db502-234b-4ae8-ab9a-8339b529ac9e,the-weapon-that-won-me-over,f9f84eb2-cc4e-4009-9637-c581cf004215,ok,"categoria_menu,forma,tema_label,temi,tags",,2026-04-19T08:55:52.542118
c84f9b40-51d4-4748-8730-d3944423406a,ill-give-you-disney,fde2e6a5-f139-4c2c-a368-e39add8c766d,ok,"categoria_menu,forma,tema_label,didascalia_copertina,temi",,2026-04-19T08:55:52.707912
c871253e-5edd-4c65-a5dc-20ffadd399d8,down-syndrome-a-guide-for-educators-and-parents,b2738281-e976-45d3-ba34-fcf9a3e6a412,ok,"categoria_menu,forma,tema_label,didascalia_copertina,temi,tags",,2026-04-19T08:55:52.791481
c872e94b-5177-4413-a476-a03a20f612e3,from-dawn-till-well-past-midnight,88d89d52-e65c-40b6-856a-548d444bae25,ok,"categoria_menu,forma,tema_label,temi",,2026-04-19T08:55:52.822770
c88ead07-cbad-476c-b20d-a23813da367a,understanding-hyperactivity,18774d79-3713-4a4e-8cef-b5cd05418ed5,ok,"categoria_menu,forma,tema_label,temi,tags",,2026-04-19T08:55:52.921905
c8a921f0-94c1-458a-9321-5e086b976d01,six-of-us-now,6552e9d0-6e48-4e12-bab9-e6ae083ab0b5,ok,"categoria_menu,forma,tema_label,temi,tags",,2026-04-19T08:55:52.993195
c8bd1682-334f-492a-98eb-06616f0af637,the-mother-of-the-house,7f43f813-c8ac-4ba4-ba7c-7b1396a1e0c0,ok,"categoria_menu,forma,tema_label,temi",,2026-04-19T08:55:53.107411
c8be1a79-36b2-4cf4-a0e3-678537649197,on-feelings-daniele-segres-film-and-what-we-made-of-it,dae6a6f8-a9f3-41f9-866c-53b019f439e5,ok,"categoria_menu,forma,tema_label,didascalia_copertina,temi,tags",,2026-04-19T08:55:53.136837
c8cac1fb-68f5-4767-b2c4-8e59a742924a,cafe-joyeux-how-a-french-cafe-chain-is-changing-livesand-turning-a-profit,1c329bb8-7cdc-4860-b4e4-a84d2d08b68a,ok,"categoria_menu,forma,tema_label,temi",,2026-04-19T08:55:53.299493
c8cda80e-7687-4936-b5eb-3a59216d68f3,singing-together-voices-of-the-soul,839f66ac-21c2-4325-97d6-9eb130bc0662,ok,"categoria_menu,forma,tema_label,temi",,2026-04-19T08:55:53.376041
c8d722f8-0a09-4ee4-acf1-5a00ad8f7731,open-dialogue-107,cf629e88-3ca6-42ac-a063-efe00789552a,ok,"categoria_menu,forma,tema_label,didascalia_copertina,temi",,2026-04-19T08:55:53.414897
c8e63494-f820-4691-bbaa-71a240aef096,these-children-are-sacred,f23d1d48-d253-4b45-8511-f8b6eaf59222,ok,"categoria_menu,forma,tema_label,didascalia_copertina,temi",,2026-04-19T08:55:53.532782
c8f6e9c1-290b-4324-b5b5-e9a379a9ed70,precious-a-film-of-unflinching-power,7f7168b8-f53e-4020-b2da-d0a0cf4076cb,ok,"categoria_menu,forma,tema_label,didascalia_copertina,temi",,2026-04-19T08:55:53.649478
c9117e3b-a624-43eb-9ca6-401d82ec6186,tending-your-desires,6e7cf30a-a09a-4f87-8553-1834b30c4558,ok,"categoria_menu,forma,tema_label,temi,tags",,2026-04-19T08:55:53.748956
c9297c40-4a9b-45a6-beb6-9937f9e2e41e,sometimes-i-want-to-sometimes-i-dont,64b7cc0e-04e1-4ae3-8306-090389c98b33,ok,"categoria_menu,forma,tema_label,temi",,2026-04-19T08:55:53.822465
c8fcde16-65ee-4108-b1f5-930e45532cc4,school-and-disability-what-two-mothers-tell-us-about-inclusion,5dc1fe21-b231-43d5-bd16-cd4228fd05d3,ok,"categoria_menu,forma,tema_label,didascalia_copertina,temi,tags",,2026-04-19T08:55:53.696352
c93af84e-3c99-4971-9ebe-656147f788c4,the-pilgrimages-of-faith-and-light,0a98970a-bff4-4055-b796-4bec1c2d292b,ok,"categoria_menu,forma,tema_label,didascalia_copertina,temi",,2026-04-19T08:55:53.972143
c949083b-d2a8-4a92-89f1-b62d9072b8e2,scuola-viva-active-inclusion-in-action,68372a61-52af-43b3-a81b-1f6fa4045dcd,ok,"categoria_menu,forma,tema_label,temi,tags",,2026-04-19T08:55:54.042244
c995e535-b180-47ad-9032-56ef5ea2eb2d,how-do-we-hold-on-to-what-weve-lived,c2130231-ba89-43e1-a156-8f7d6520f0a8,ok,"categoria_menu,forma,tema_label,didascalia_copertina,temi",,2026-04-19T08:55:54.175534
c9a6668e-2692-4748-bc8d-73f961f2a0e6,where-zenia-met-borys-the-story-of-casa-emmaus-in-lviv,55fa86ba-1f55-4202-9079-8a8f31608cf6,ok,"categoria_menu,forma,tema_label,didascalia_copertina,temi",,2026-04-19T08:55:54.192575
c9b475ac-d53d-4cb9-baa4-656f25b03b2e,open-dialogue-no-2,2aaef25f-06cf-44ba-b4e7-4546c8f9df2f,ok,"categoria_menu,forma,tema_label,didascalia_copertina,temi",,2026-04-19T08:55:54.276047
c9b4ab69-b010-4c6b-8abb-6fa2df10aa82,open-dialogue-no-30,15688e83-2ae8-4850-b78f-e36248845f17,ok,"categoria_menu,forma,tema_label,didascalia_copertina,temi",,2026-04-19T08:55:54.356894
c9c3b64d-50c6-44ee-aa28-fa26e41863ee,letters-to-jean,bda7d270-4d8d-426a-8646-e18348caf523,ok,"categoria_menu,forma,tema_label,didascalia_copertina,temi",,2026-04-19T08:55:54.508558
c9d2b5c6-2aa8-4988-b4d0-ad509fa6665a,viola-and-mimosa-no-137,44784000-600c-442a-a59b-da22d3513b80,ok,"categoria_menu,forma,tema_label,didascalia_copertina,temi",,2026-04-19T08:55:54.530730
c9fe34bd-5058-41f2-8e8e-a44962e3b943,not-a-chance,de3a1d8a-eb7a-498a-a00b-0fcb45f75d2b,ok,"categoria_menu,forma,tema_label,temi",,2026-04-19T08:55:54.595465
ca04530e-6c9f-4094-a860-bb3544414132,i-cleaned-the-table,929d7193-2668-494e-9a6e-13289b625894,ok,"categoria_menu,forma,tema_label,temi",,2026-04-19T08:55:54.690976
ca1087e7-8a78-482d-874c-49f63e84b0b6,proverbs-on-friendship,5672429d-2eee-43c6-b4bd-6858f82976f3,ok,"categoria_menu,forma,tema_label,didascalia_copertina,temi",,2026-04-19T08:55:54.793004
ca20c911-24fc-4c11-96f5-9a9a67f96c79,open-dialogue-no-29,33a772b5-af0e-4c6e-b44b-e1d212aa3419,ok,"categoria_menu,forma,tema_label,didascalia_copertina,temi,tags",,2026-04-19T08:55:54.854269
ca617001-a527-4976-9992-29af1a4f6538,newsletter-no-11-when-we-cannot-say-hello,839086ef-2605-4700-82ea-dd42e7ed12df,ok,"categoria_menu,forma,tema_label,temi,tags",,2026-04-19T08:55:55.013196
ca261c06-06f7-43b5-97f7-5560c54e54a7,the-clear-sky-returns,11f08dda-01be-4961-a41a-ec3ec6f12706,ok,"categoria_menu,forma,tema_label,didascalia_copertina,temi,tags",,2026-04-19T08:55:54.961268
ca7cf559-d0cc-450d-bb50-6f409d47318e,anffas-opens-its-doors-60-years-of-building-the-future,c4329a33-023d-409c-b38a-e5e713fa35d8,ok,"categoria_menu,forma,tema_label,temi,tags",,2026-04-19T08:55:55.134329
ca845eac-7df5-4d4e-bc13-122e527b344e,like-a-mermaid,9b4c46eb-c00a-44e7-8831-4b32a50ee8df,ok,"categoria_menu,forma,tema_label,didascalia_copertina,temi,tags",,2026-04-19T08:55:55.228388
ca8a7b8a-c310-4a9a-b9cc-d6e48b582ff1,psychopathology-and-spiritual-life-suffering-and-human-maturity,784defec-962f-42b7-815e-a341cdf6744d,ok,"categoria_menu,forma,tema_label,didascalia_copertina,temi",,2026-04-19T08:55:55.335475
ca9066a4-1e60-4885-ba64-efafa9fc808e,a-new-legal-tool-supported-administration-for-people-with-disabilities,12765446-e5d9-41c6-baa5-d9bc4fc49d8e,ok,"categoria_menu,forma,tema_label,didascalia_copertina,temi",,2026-04-19T08:55:55.358424
ca90f2f8-9151-46d7-8409-ec3f0d757aed,a-word-of-thanks,1feeeab7-4366-4b2a-a497-982df1e217a7,ok,"categoria_menu,forma,tema_label,temi",,2026-04-19T08:55:55.472771
ca922aae-2e06-44f8-b826-1085fd75b957,and-it-was-a-real-vacation,658a7561-a915-4b89-99f1-aa3913fd5daa,ok,"categoria_menu,forma,tema_label,didascalia_copertina,temi,tags",,2026-04-19T08:55:55.556444
ca937677-8a01-42e3-9fae-69ced0da3fba,making-all-things-new,62e45f5b-db91-4bae-8cb6-e0a7a9975db4,ok,"categoria_menu,forma,tema_label,didascalia_copertina,temi,tags",,2026-04-19T08:55:55.664417
ca9e7748-8afb-422d-8f52-e9737a6cea32,baskin-changed-our-lives,8f5ec9a6-2686-44f7-a2f5-6e3b26495fe1,ok,"categoria_menu,forma,tema_label,didascalia_copertina,temi,tags",,2026-04-19T08:55:55.705875
cabbd8fd-de80-40ab-97e6-d1f98185e8e2,what-facilitated-communication-can-do-an-interview-with-francesca-benassi,3309a799-feb8-46b9-b9b7-d8edd2992334,ok,"categoria_menu,forma,tema_label,didascalia_copertina,temi,tags",,2026-04-19T08:55:55.830269
cac4cd1f-ccf3-4d5d-812f-b811a55e9b76,faith-and-light-in-the-holy-land,c2273be3-e7bc-4400-b4c3-769102c500bd,ok,"categoria_menu,forma,tema_label,didascalia_copertina,temi",,2026-04-19T08:55:55.905754
cadafb53-815e-488e-9fda-0bb6441c2efa,vocabulary-understanding-disability,746e8789-d6eb-40dc-b2b9-370f3b186741,ok,"categoria_menu,forma,tema_label,temi",,2026-04-19T08:55:56.053740
cb0a5b23-9bb2-4224-9519-d4642fb90f43,blind-deaf-unable-to-walk-or-speak,07934e5d-f1c1-4f7b-98fe-e5bfc683eb28,ok,"categoria_menu,forma,tema_label,didascalia_copertina,temi",,2026-04-19T08:55:56.246702
cb0dfa26-b50a-497f-a272-a222338ad429,open-dialogue-no-42,0b75b2d8-2b9e-426e-971b-c8a19ba3386f,ok,"categoria_menu,forma,tema_label,didascalia_copertina,temi",,2026-04-19T08:55:56.370116
cb44e8a7-20d2-43d3-ad14-5497be4cd51c,edith-stein-and-the-courage-of-knowledge,9a2f372f-a692-4de8-8173-5fbf5732f7d2,ok,"categoria_menu,forma,tema_label,didascalia_copertina,temi",,2026-04-19T08:55:56.458145
cb53767a-ef10-4cb9-8032-311ab7504084,adeas-joy,6a43db31-1e0f-40c2-b7a4-f0362a86adde,ok,"categoria_menu,forma,tema_label,didascalia_copertina,temi",,2026-04-19T08:55:56.508965
cb5d4772-0092-4967-9fba-5633d6269bb9,the-capodarco-community,6971badc-d188-4811-8cec-56868eed2ce2,ok,"categoria_menu,forma,tema_label,temi,tags",,2026-04-19T08:55:56.580625
cb888e6f-07f7-4ef9-a5ab-e16fb72817f2,not-gac-but-sac,81d48e8d-0c86-40e1-8b31-ad76b6d8dbe7,ok,"categoria_menu,forma,tema_label,temi",,2026-04-19T08:55:56.704588
cb8f9840-081c-422c-82fc-1154c377f172,teaching-religious-faith-to-children-with-intellectual-disabilities,24d0b6f9-93f7-49d7-b9e6-b35c51cfcebf,ok,"categoria_menu,forma,tema_label,temi,tags",,2026-04-19T08:55:56.792581
cb9f970c-18bf-4887-8404-eedc9ff785a7,inside-the-ombre-e-luci-newsroom,5172a944-fc92-45b2-b38f-89f789cbbccf,ok,"categoria_menu,forma,tema_label,didascalia_copertina,temi,tags",,2026-04-19T08:55:56.808370
cbbfbff7-b9d3-4d64-b944-c39091173457,bedwetting-what-parents-need-to-know,d2cb07c2-9bd0-43a7-b030-84449aa6b643,ok,"categoria_menu,forma,tema_label,temi",,2026-04-19T08:55:56.903388
cbc8e848-a0bc-4000-aaf8-afce6ae62802,god-loves-us-all-unconditionally,8f8eca9f-c061-4679-a30e-217e5c2c6543,ok,"categoria_menu,forma,tema_label,didascalia_copertina,temi,tags",,2026-04-19T08:55:56.971337
cbe17696-5228-4905-8411-d5ba2d56d6f3,how-a-magazine-issue-comes-together,f07d4851-fb8a-49d8-abff-471978d2cb0a,ok,"categoria_menu,forma,tema_label,didascalia_copertina,temi",,2026-04-19T08:55:57.129714
cbdc651d-4755-434f-a3e3-b4334a4ea10b,from-the-provinces-issue-137,569dcf58-4ff3-483e-bea0-eeee17c1eef4,ok,"categoria_menu,forma,tema_label,didascalia_copertina,temi",,2026-04-19T08:55:57.110686
cc20e43b-4759-46e0-be63-e7c1ddf9c455,reading-list-the-little-prince,aa836d31-1771-4a20-993a-1ac657f2e74b,ok,"categoria_menu,forma,tema_label,temi",,2026-04-19T08:55:57.177111
cc4e5386-9386-4cf3-bc59-bf9c5ec1e60e,tender-and-magnetic,80cdbcab-3fb0-4cc6-92cd-1a6ea0d5a800,ok,"categoria_menu,forma,tema_label,temi",,2026-04-19T08:55:57.327142
cc59c89c-aee0-47e2-ac27-247ba4322125,is-there-a-problem-with-your-child,40506837-10f6-4a5b-b8e8-c0427c455376,ok,"categoria_menu,forma,tema_label,temi,tags",,2026-04-19T08:55:57.432401
cc5b80d0-1245-4575-8947-80c966043822,artificial-intelligence-and-editorial-memory-my-work-with-ombre-e-luci,493d6819-da0d-4bd1-850a-2f7efa3b6bf7,ok,"categoria_menu,forma,tema_label,didascalia_copertina,temi",,2026-04-19T08:55:57.525863
cc5acd87-5b87-42c0-b077-7f1390ba3eb5,my-son-i-dont-think-i-can-take-you-to-church-like-this,6d6bed92-f794-4b53-afc6-65a677a27e3b,ok,"categoria_menu,forma,tema_label,didascalia_copertina,temi,tags",,2026-04-19T08:55:57.479694
cc7c1ec6-24d1-438c-bf54-7a2dbb583e38,in-search-of-truth,3608cd08-cf96-47e5-a0e1-326e0d661da9,ok,"forma,temi",,2026-04-19T08:55:57.632320
cc828c39-f674-448e-bc15-bc771714a881,making-a-mass-come-alive-creating-unity-in-worship,f28d6c04-315d-4a66-b83b-0d8f2be45bfb,ok,"categoria_menu,forma,tema_label,temi,tags",,2026-04-19T08:55:57.738383
cca8e859-ec14-4b67-92a8-09c93afb3f7a,not-everything-is-dark,bd7ed4c8-93b7-489f-b3f9-b54f8a12138e,ok,"categoria_menu,forma,tema_label,temi",,2026-04-19T08:55:57.818488
ccac37be-d55a-4902-838a-af8cedf97232,being-a-godfather-changed-his-life,506922c1-cda3-423f-9e13-1b797e7bc8ab,ok,"categoria_menu,forma,tema_label,didascalia_copertina,temi",,2026-04-19T08:55:57.859175
ccb30076-91e2-4850-9ab1-6b27e8459f1d,the-land-of-wonders,4b8f5bb7-73ce-4bab-8095-bc3331b686b8,ok,"categoria_menu,forma,tema_label,temi",,2026-04-19T08:55:57.942014
ccbca77c-9c4e-43c7-81ad-ff3c128c2029,what-is-faith-and-light-and-how-does-it-work,92418e84-baa7-4b1d-ba35-bc7cf72b201d,ok,"categoria_menu,forma,tema_label,temi,tags",,2026-04-19T08:55:58.040636
ccbd9c5d-697e-4a4a-a72c-fd27667fd498,en-garde-ac9d,ac9db228-e674-43eb-93b5-307064875989,ok,"categoria_menu,forma,tema_label,didascalia_copertina,temi",,2026-04-19T08:55:58.116100
ccbfedb6-1629-4915-9d64-36bd4e9ff337,lets-play,c4fe6086-b43e-45ec-b705-f48edf225cff,ok,"categoria_menu,forma,tema_label,temi,tags",,2026-04-19T08:55:58.171299
ccded0de-db79-425e-a046-a6ee4cf3136d,touching-the-grass-together,1c5e6faa-c7e1-430d-8ada-dcd087c1967d,ok,"categoria_menu,forma,tema_label,temi",,2026-04-19T08:55:58.223456
ccedab3e-0625-49dd-b989-e6d6254eb23b,when-your-doctor-dies-finding-care-again,a71dd1d6-2956-4dbf-91d2-206cffda1442,ok,"categoria_menu,forma,tema_label,didascalia_copertina,temi",,2026-04-19T08:55:58.426159
cd078230-3d5c-4c18-b1e3-3c0c9b473c62,the-seasons-of-life,e9b7d91d-cf0e-4a17-8882-8ba087df7274,ok,"categoria_menu,forma,tema_label,didascalia_copertina,temi",,2026-04-19T08:55:58.443345
cd1d2c22-71b4-4542-a68f-a5f70d088061,vacation-the-problem-and-the-answer,88e57c04-3ecc-4a3c-a55e-2e01382d6b08,ok,"categoria_menu,forma,tema_label,didascalia_copertina,temi,tags",,2026-04-19T08:55:58.489973
cd2aaedd-1e79-4146-b407-8f29d53967b9,the-kinnora-choir-of-people-with-and-without-intellectual-disabilities-brings-music-to-sunday-mass,e7282ccf-dae4-467d-ac99-b743beea4dfb,ok,"categoria_menu,forma,tema_label,didascalia_copertina,temi,tags",,2026-04-19T08:55:58.567185
cd3e1445-1ea9-4e94-8b95-d103893f3fdd,should-children-with-disabilities-repeat-school-years-what-families-actually-think,5ca18ae4-9d28-4bf2-8bf2-55b5a2918d91,ok,"categoria_menu,forma,tema_label,temi,tags",,2026-04-19T08:55:58.723438
cd6509dd-5979-4fd9-8570-2be342fb7ce9,eucharist-and-confirmation-for-james,df19bbc0-42e8-4191-bb4e-f03deb00bd22,ok,"categoria_menu,forma,tema_label,temi",,2026-04-19T08:55:58.755077
cd78752b-d2d8-4866-8259-6d76925ba614,once-upon-a-time-in-the-city-of-the-mad,62524cf1-d7af-4829-8270-da1db61f6139,ok,"categoria_menu,forma,tema_label,temi",,2026-04-19T08:55:58.805172
cd8e1682-786b-4d77-9483-40bc16b6e57e,what-not-to-do,7bcad11c-344e-4e63-8763-a2f80365932a,ok,"categoria_menu,forma,tema_label,didascalia_copertina,temi,tags",,2026-04-19T08:55:58.915301
cd993a0e-cef2-4f15-a395-926e193cd6a1,look-theres-sam,da8db409-6e94-4a60-a4f3-cf103b5d5fc2,ok,"categoria_menu,forma,tema_label,temi",,2026-04-19T08:55:59.074841
cdbccffe-c1c3-48c9-989d-bd11114ba4e5,breaking-out-of-the-shell-a-woodworking-workshop-with-a-difference,8c1d257d-d2ba-4f0b-b813-f3c3d4e3347e,ok,"categoria_menu,forma,tema_label,temi",,2026-04-19T08:55:59.125655
cdaa7e7d-5ed9-4558-9dbd-1a9327b4ab2b,gold-prizes-and-provocations-what-to-watch-from-berlin-film-festival-74,40702464-584d-4f84-a859-aa846c81a514,ok,"categoria_menu,forma,tema_label,didascalia_copertina,temi",,2026-04-19T08:55:59.123027
cdc37946-9907-4357-84e8-58375b13b696,a-cat-a-community-and-our-apartheid,35e8de02-77da-418f-bf3e-5bcc7fd8d4ba,ok,"categoria_menu,forma,tema_label,temi,tags",,2026-04-19T08:55:59.322670
cdd06067-d05a-4c0c-aada-70c8169eb6f6,did-you-know-8c26,8c264f10-c2fd-4502-b00f-eada47da43b3,ok,"categoria_menu,forma,tema_label,temi",,2026-04-19T08:55:59.396519
cdd5379d-7a16-4dc1-beea-f96ea208bb3c,open-dialogue-120,20fc2b58-5bf9-4222-af1b-71d8fa925cf3,ok,"categoria_menu,forma,tema_label,didascalia_copertina,temi",,2026-04-19T08:55:59.442515
cde81d36-c3ae-433a-b386-c870b5394f25,the-geniuses-of-the-past-and-autism-today,27d443c7-cec5-4c93-a862-bbd5fff5ce4f,ok,"categoria_menu,forma,tema_label,didascalia_copertina,temi",,2026-04-19T08:55:59.544096
cdeba27e-c0f2-48e3-a0d2-a9f6f9051823,difficult-moments,51de45f4-4bbb-4283-bbe5-50453b52b145,ok,"categoria_menu,forma,tema_label,didascalia_copertina,temi,tags",,2026-04-19T08:55:59.655263
ce4092d2-087e-4a19-ba11-4083a71a413c,specialized-parents-the-pedagogical-consulting-service-of-trento,07ddf975-f5ae-4dd3-9bf2-3c2004d42152,ok,"categoria_menu,forma,tema_label,didascalia_copertina,temi,tags",,2026-04-19T08:55:59.714935
ce486f8d-6629-477e-9989-d38d884beb19,ive-read-every-article-from-ombre-e-luciheres-what-im-learning,de0dbcf5-0790-48ca-9e56-222b43e95feb,ok,"categoria_menu,tema_label,didascalia_copertina,temi",,2026-04-19T08:55:59.753886
ce4e0a9c-f000-4ca7-a97d-f02f8c7a17ca,open-dialogue-no-151,f1257256-2131-4fdd-869b-814d347c0e23,ok,"categoria_menu,forma,tema_label,didascalia_copertina,temi",,2026-04-19T08:55:59.889172
ce594b62-c239-4601-bf79-223f8f430854,a-religious-awakening-for-the-severely-handicapped,d1ea6c52-0576-4175-bed2-b34b9c5c4b40,ok,"categoria_menu,forma,tema_label,didascalia_copertina,temi,tags",,2026-04-19T08:55:59.993446
ce8a729a-ca59-4a74-a7fd-e2ffa55cd9e8,birthday-parties-best-friends-and-a-dad-who-lost-it,c7712c34-dfed-4353-ac6e-2d129cf87a5f,ok,"categoria_menu,forma,tema_label,temi",,2026-04-19T08:56:00.105108
ce75250b-9e41-4a55-b6f6-5fde9593b8dd,my-left-foot-700c,700c6f67-1a53-4f50-9509-cc8390ceb32c,ok,"categoria_menu,forma,tema_label,didascalia_copertina,temi,tags",,2026-04-19T08:56:00.098371
ce8b4c25-f9fa-46fa-a8fd-025f452f344e,i-made-this-movie-for-him-not-for-myself,fe6d5ecd-7046-4501-a86e-afc64de98a10,ok,"categoria_menu,forma,tema_label,didascalia_copertina,temi",,2026-04-19T08:56:00.216140
ce8bf15c-992c-4e50-9ca3-707ce5cfcb3f,the-law-on-integration,06b30b53-01ed-496d-bde2-217a244760c0,ok,"categoria_menu,forma,tema_label,didascalia_copertina,temi,tags",,2026-04-19T08:56:00.342239
ceb46303-48db-4b42-8801-d19024c40f8a,together-newsletter-no-30,df42f3c4-f096-4981-9115-fd3928bc33c9,ok,"categoria_menu,forma,tema_label,temi",,2026-04-19T08:56:00.458406
ce971501-c7ba-4711-89d5-5ac79954ebc2,why-this-special-issue,6eeb2737-43d2-43d1-8dbe-0da7214b8841,ok,"categoria_menu,forma,tema_label,didascalia_copertina,temi,tags",,2026-04-19T08:56:00.424390
ceb65bd9-2e15-424f-987c-88331a26c4c1,faith-and-light-issue-110,4a1f0b5f-fba7-4bf9-a9bd-547576526cbe,ok,"categoria_menu,forma,tema_label,temi",,2026-04-19T08:56:00.603816
ceb91b59-7609-4b3f-982e-781e84361ff8,my-little-one,54b1b924-79c4-4d3f-9c2b-29edf9919f85,ok,"categoria_menu,forma,tema_label,didascalia_copertina,temi,tags",,2026-04-19T08:56:00.752766
cedf2e34-946f-43d5-a262-4bbbac7cd317,i-voted,6cde231d-79be-46c2-9483-e36366c218b1,ok,"categoria_menu,forma,tema_label,temi",,2026-04-19T08:56:00.867816
cebf7910-a06c-4a70-92d7-2d67199a8a60,everything-she-did-for-us,2a379c88-7b08-417f-b824-075f8f1e96d8,ok,"categoria_menu,forma,tema_label,temi,tags",,2026-04-19T08:56:00.847665
cee3bb0a-47e1-49ba-b794-34cccb105861,how-to-take-a-real-vacation,16927269-98d5-4187-9495-dda7000c2b67,ok,"categoria_menu,forma,tema_label,temi",,2026-04-19T08:56:00.936299
cee48eb7-6c19-48e3-9fa3-0988eac49eb3,my-lourdesand-the-directors-version,6deaa692-4a30-4531-9522-90fd16cbc240,ok,"categoria_menu,forma,tema_label,temi",,2026-04-19T08:56:01.080924
cefbb107-752c-4382-ac7e-076ba59935e3,my-resume,6288ec1a-659d-4285-8e7b-0609fc3298b2,ok,"categoria_menu,forma,tema_label,temi",,2026-04-19T08:56:01.196695
ceec882d-2528-42d7-a557-d886729e3081,what-we-look-at-but-dont-see,464effad-cbe0-457b-ba0d-7d625b1404fc,ok,"categoria_menu,forma,tema_label,didascalia_copertina,temi",,2026-04-19T08:56:01.193487
cf13512b-fab7-424e-b2f4-74a02e892633,open-forum-93,9016f0eb-fb01-484b-b21c-34b984236862,ok,"categoria_menu,forma,tema_label,didascalia_copertina,temi",,2026-04-19T08:56:01.272555
cf234274-2be7-49ae-bb18-7d892b7f6558,understanding-more-deeply,649adb8f-dac1-4938-92d0-6879f2776c91,ok,"categoria_menu,forma,tema_label,didascalia_copertina,temi",,2026-04-19T08:56:01.443733
cf6e5f3c-c2ab-482b-b99f-9e03d38dc57d,from-the-provinces-issue-122,6d643bd1-abaa-4e0f-9734-5964c46e4de4,ok,"categoria_menu,forma,tema_label,didascalia_copertina,temi",,2026-04-19T08:56:01.541730
cf89e702-11ae-48e4-aa6c-105d032897bd,pilgrimage-to-assisi-1978-luis-sankales-vision,bcf8ba08-ddce-4398-9173-46534b55d5ae,ok,"categoria_menu,forma,tema_label,temi,tags",,2026-04-19T08:56:01.575624
cf9d8748-865d-4a78-b5de-eb35572901d7,universal-child-allowance-what-changes-for-families,f1e2dbf8-816c-4176-93c5-6fbaba115696,ok,"categoria_menu,forma,tema_label,temi,tags",,2026-04-19T08:56:01.631610
cfa9b9fb-96e6-4ba9-9eb4-254e79702555,the-country-house,af81fad9-8508-4d2b-a946-fa4044b2df6a,ok,"categoria_menu,forma,tema_label,didascalia_copertina,temi",,2026-04-19T08:56:01.736443
cfaed93c-7fda-4585-a616-c647dd5cdc43,a-vision-worthy-of-our-humanity,b7f78061-c117-4617-a5b9-fb25117f0149,ok,"categoria_menu,forma,tema_label,didascalia_copertina,temi",,2026-04-19T08:56:01.833754
cfd4da31-9893-4b16-a644-73d8746e4e55,why-do-children-ask-about-evil-and-suffering-a-review,efb9c874-e427-493c-9239-c76398078702,ok,"categoria_menu,forma,tema_label,temi",,2026-04-19T08:56:01.950295
cfe2f5ea-75ad-4c0c-b534-fd11ac76d4f7,heaven,f6b91e3d-7c3c-4f8b-8203-9ea9de302ea0,ok,"categoria_menu,forma,tema_label,didascalia_copertina,temi",,2026-04-19T08:56:02.074350
cff0bc70-50ff-4407-9933-c52bc1ed2790,how-a-community-team-works-five-core-principles,1702cd27-8afd-479a-9d05-3d81966a4522,ok,"forma,temi",,2026-04-19T08:56:02.076678
cff503c7-66ff-416d-987c-9b65d7c0afd7,marymount-weeks-in-the-sun,81e7d2ac-ae0d-4984-bcf2-c46ccb318db7,ok,"categoria_menu,forma,tema_label,didascalia_copertina,temi,tags",,2026-04-19T08:56:02.139125
d02d683e-2aca-4b08-a4e5-5276c2a2cb76,la-grande-casa-di-peter-pan-en,002d4d0f-53ec-43dc-8717-f6591b260f77,ok,"categoria_menu,forma,tema_label,didascalia_copertina,temi,tags",,2026-04-19T08:56:02.274996
d0519c90-57ee-4925-ab94-75ecfddeeaa3,baglioni-and-the-kangaroo,8604f1c1-94c5-40b6-8669-5f34742c9676,ok,"categoria_menu,forma,tema_label,didascalia_copertina,temi",,2026-04-19T08:56:02.439936
d04256d3-bcc3-4fbc-b3b5-f2b5c708e76f,voices-from-parents,d9624d30-74c0-4552-a006-f460c08c89bc,ok,"categoria_menu,forma,tema_label,didascalia_copertina,temi,tags",,2026-04-19T08:56:02.410663
d059ce21-3ff0-4725-8749-d7455880e182,youre-finally-here,4196d72a-7048-4964-a051-6a81ba66becd,ok,"categoria_menu,forma,tema_label,temi,tags",,2026-04-19T08:56:02.536925
d0dfba2f-5a7e-41d2-860e-90ea9b3b146d,life-in-faith-and-light-no-4,1ed8d481-9b00-4d30-ab2e-9ff69f6c7587,ok,"categoria_menu,forma,tema_label,didascalia_copertina,temi",,2026-04-19T08:56:02.826584
d0d04132-60c6-4cad-a402-16935715d22d,surrender-or-act,2859e4f1-26f7-44bd-93f5-1c80861d8dc3,ok,"categoria_menu,forma,tema_label,didascalia_copertina,temi,tags",,2026-04-19T08:56:02.658192
d0fb0bb6-fbf5-4f45-83a1-94528c34f941,open-forum-no-7,2ec07883-6608-4b4f-8cf9-229523499e4d,ok,"categoria_menu,forma,tema_label,temi,tags",,2026-04-19T08:56:02.832354
d1086a34-63e5-44e7-8e71-429dbf946c95,the-girl-who-ran-on-batteries-a-review,bccf8e0c-d8de-43c9-8058-590f23fdb947,ok,"categoria_menu,forma,tema_label,didascalia_copertina,temi",,2026-04-19T08:56:03.007681
d138c8cf-ba24-46ee-b454-99fb1d40b543,he-waited-for-us-to-notice-him,203d6a48-edf2-4f44-8af6-3d60327b16c2,ok,"categoria_menu,forma,tema_label,temi",,2026-04-19T08:56:03.182344
d10b8686-259c-43f6-8896-834ca7c59332,godparent-to-mario,0a23ed0c-238c-43ea-ba6a-687fd5858944,ok,"categoria_menu,forma,tema_label,temi,tags",,2026-04-19T08:56:03.177727
d1641274-daf1-4b4f-8426-ec3020bae1ef,disability-is-not-a-calling,16349be6-b824-4de7-a42e-cc0b82d2527b,ok,"categoria_menu,forma,tema_label,temi,tags",,2026-04-19T08:56:03.253764
d17cb82e-c957-4167-8b06-8d68716deb9b,jean-vanier-building-christian-unity,2c1a7cfc-853d-4b7a-aed4-920021263e74,ok,"categoria_menu,forma,tema_label,didascalia_copertina,temi,tags",,2026-04-19T08:56:03.405515
d1840c3b-a4be-4fe0-a60c-8270c6d709ca,why-together-special,1d8c36a5-2003-42eb-86ca-0e17f6a1c33d,ok,"categoria_menu,forma,tema_label,temi,tags",,2026-04-19T08:56:03.480211
d1b6d91f-aac4-43c4-bdd0-ef8363728504,the-wheelchair-and-the-grapes,b411e197-6368-4e9a-a5b6-a58b64a33df0,ok,"categoria_menu,forma,tema_label,didascalia_copertina,temi,tags",,2026-04-19T08:56:03.526473
d1c6354f-88ac-49e2-b91b-efc01700a064,giovanissimi-n-7-en,00e21284-b09d-408f-a2d9-ab145a528102,ok,"categoria_menu,forma,tema_label,didascalia_copertina,temi,tags",,2026-04-19T08:56:03.578285
d1e3e0ac-3f2c-435c-8dd6-fecf359def62,the-hive-a-workshop-for-all,7f68191d-1003-4a81-9ea5-fb31c84edf36,ok,"categoria_menu,forma,tema_label,temi,tags",,2026-04-19T08:56:03.734531
d1e4624b-67cd-4971-8ae1-f094e3bd1bba,they-want-to-marry-what-should-they-decide,9c8ecf96-434e-498a-977a-418b7cf6ce5f,ok,"categoria_menu,forma,tema_label,temi,tags",,2026-04-19T08:56:03.796503
d1f83f73-368b-475b-9b0a-1e9f106a3002,open-dialogue-83,cbea8040-2e2d-42b8-b674-1b7bbf9cb6ce,ok,"categoria_menu,forma,tema_label,didascalia_copertina,temi",,2026-04-19T08:56:03.841753
d206b945-b0f2-4979-82a1-ff3c986b05b8,if-someone-knocks,44317813-ca04-475c-a654-a7cf4d3c016f,ok,"categoria_menu,forma,tema_label,temi",,2026-04-19T08:56:03.999365
d24bccfe-1e58-4407-8b38-c1e56140e49c,disability-makes-us-human,d0a69058-ae6a-4c05-9439-b816c7210807,ok,"categoria_menu,forma,tema_label,didascalia_copertina,temi",,2026-04-19T08:56:04.196461
d2253d4c-416c-46c1-ab9f-165228cd083b,scuola-e-disabilita-dallosservatorio-scolastico-deir-ai-as-di-milano-en,01ca4a4b-3dba-46d8-bf6b-08532ac1bbd3,ok,"categoria_menu,forma,tema_label,temi,tags",,2026-04-19T08:56:04.158087
d207238b-201c-4dc4-b9d2-f9039b9570c6,teaching-disabled-children-to-eat-building-independence-and-community-at-the-table,6f9ee262-0586-418f-8355-cfdc20c5220d,ok,"categoria_menu,forma,tema_label,didascalia_copertina,temi,tags",,2026-04-19T08:56:04.143371
d258c832-2c83-410a-8a0c-0a16ce2640f4,my-mother,c8f02ca9-74b7-48fb-b77e-979b6e82c2c4,ok,"categoria_menu,forma,tema_label,temi,tags",,2026-04-19T08:56:04.336784
d25b4cc1-cdf7-4182-85ca-a223022b3183,i-love-working-as-a-waitress,bd30d779-fe93-416e-a0ba-46be57e46889,ok,"categoria_menu,forma,tema_label,temi",,2026-04-19T08:56:04.476672
d27077f4-0d0f-4c68-8ff4-54ecf8ffec56,the-christmas-tale-in-venetian-dialect,c33ab1a0-2b00-495a-af79-d41feb922962,ok,"categoria_menu,forma,tema_label,temi,tags",,2026-04-19T08:56:04.519059
d2723fc2-c2bb-4674-ab31-311e1e9dece7,real-vacations-breaking-the-mold-and-discovering-what-rest-really-means,ee67faab-b870-4ec5-8222-116c32f2d934,ok,"categoria_menu,forma,tema_label,didascalia_copertina,temi,tags",,2026-04-19T08:56:04.523426
d27ea3b6-6fb2-42b8-88ab-7b3186d8e175,so-have-you-made-up-your-mind,dd9d8886-192e-453a-b9a2-a71b0a9d4dd1,ok,"categoria_menu,forma,tema_label,temi,tags",,2026-04-19T08:56:04.662223
d2973874-f7f2-4d3b-a518-882ba9e16458,disability-on-screen-cinema-takes-center-stage-at-turin-and-cagliari,535a1f48-c1b4-4a6f-bdc8-69c8becda9b4,ok,"categoria_menu,forma,tema_label,temi",,2026-04-19T08:56:04.789350
d2991eb3-022e-4d36-8bca-1d4acae40cc9,open-dialogue-no-87,45cfe161-7b0d-4ae0-a66f-927ad57a44e8,ok,"categoria_menu,forma,tema_label,didascalia_copertina,temi",,2026-04-19T08:56:04.838179
d2b77f64-d2a2-413b-b879-bc0d3e8f4a8f,funny-signs-posted-on-church-doors,28f6b37b-f242-4df8-b497-e800d2645354,ok,"categoria_menu,forma,tema_label,didascalia_copertina,temi",,2026-04-19T08:56:04.875373
d2be3690-c6cc-4050-a6a9-a55ead9073e2,november-sale-commitment-and-solidarity,d9ab3bcb-0a03-45b2-9aab-0019419ed99d,ok,"categoria_menu,forma,tema_label,temi",,2026-04-19T08:56:04.952400
d2cb62fa-15c4-48cf-8409-be080eb24601,forever-a-book-review,b2370bca-17ad-4ea6-8fe7-324f6d2cf44a,ok,"categoria_menu,forma,tema_label,didascalia_copertina,temi",,2026-04-19T08:56:05.054616
d2cde140-8577-407c-bc12-0aa0399fd30c,the-partys-guest-list,c3bbd88e-47cd-4827-ba5f-0c3aaf6506a4,ok,"categoria_menu,forma,tema_label,didascalia_copertina,temi",,2026-04-19T08:56:05.208473
d2f1dab3-ee14-4a9d-945f-204fdd3bd235,if-they-dont-act,68bdee70-8845-495d-a86b-eacfb4cb0aff,ok,"categoria_menu,forma,tema_label,didascalia_copertina,temi,tags",,2026-04-19T08:56:05.212019
d2f4fd61-eb75-4ece-bf73-471d559cc628,star-wars-comes-to-the-hospital,a31a609c-90b8-4639-9937-cd730daac40b,ok,"categoria_menu,forma,tema_label,temi",,2026-04-19T08:56:05.267991
d2fca793-0f9c-4c0d-be7e-e8ad47239bdf,dialogo-aperto-n-143-en,003a7fcb-6dcf-4d4c-8747-60111f174ff6,ok,"categoria_menu,forma,tema_label,didascalia_copertina,temi",,2026-04-19T08:56:05.398440
d34822b1-d355-4e5a-aaf8-b5fab44852b6,called-to-bear-fruit,50beb538-53b8-43bf-bef8-18d48a44447f,ok,"categoria_menu,forma,tema_label,didascalia_copertina,temi",,2026-04-19T08:56:05.511331
d357d5d5-6626-4823-8cf4-fe28c3781237,open-dialogue-104,1c136fc2-e196-47b2-b5bc-f6d5cd7f3cb9,ok,"categoria_menu,forma,tema_label,temi",,2026-04-19T08:56:05.575223
d3693186-0181-4825-96a4-1af5adc05990,tell-me-who-you-admire,a2bc4a42-082c-4354-a992-d5f94f572f00,ok,"categoria_menu,forma,tema_label,didascalia_copertina,temi,tags",,2026-04-19T08:56:05.754116
d35c0410-8bf9-4151-98ab-c1c8d3d47881,film-and-disability-three-picks-by-andrea-guglielmino,a6fc12c0-2927-4fc6-9338-c4c9eae9da52,ok,"categoria_menu,forma,tema_label,temi,tags",,2026-04-19T08:56:05.651050
d369c59d-0c70-4955-8398-bf53d1c1f64e,open-forum-139,73be811d-93fb-4092-af89-e81dd84f2cf3,ok,"categoria_menu,forma,tema_label,didascalia_copertina,temi",,2026-04-19T08:56:05.847877
d3767105-c679-417a-978b-c26e200cac01,the-stranger,5b581f03-8891-4e8a-8195-e0fca7ce8453,ok,"categoria_menu,forma,tema_label,temi,tags",,2026-04-19T08:56:05.938051
d379581a-d2fb-4df7-bf4f-9c0bb726f973,spes-contra-spem-discovering-ancient-rome,338c1fbe-9aa3-4469-811b-79741e1ea531,ok,"categoria_menu,forma,tema_label,temi,tags",,2026-04-19T08:56:06.120117
d37b2fa9-2f36-4a2c-a9c0-0b60ef470d58,teaching-children-with-disabilities-a-method-that-works,32c6ee9d-c251-46cb-a909-5192029c3003,ok,"categoria_menu,forma,tema_label,temi",,2026-04-19T08:56:06.204518
d37e006f-3b1f-4b24-a5ab-4c91823f5304,slightly-handicapped-adults,892f21fc-4751-4d3b-8641-1cff531d1cdc,ok,"categoria_menu,forma,tema_label,temi",,2026-04-19T08:56:06.225826
d384ccaa-b7e9-4d16-b70a-740216f654d4,stars-in-the-spotlight-stories-in-the-shadows-three-films-at-the-torino-film-festival,132a106d-229c-4b62-8e00-3142a366769c,ok,"categoria_menu,tema_label,didascalia_copertina,temi,tags",,2026-04-19T08:56:06.279795
d3a4b769-ce3b-49a2-aa23-3d3d26faa969,kripton-a-film-to-break-the-invisibility-of-mental-illness,960f2461-4c15-4ee2-8f92-1313ef633cdd,ok,"categoria_menu,forma,tema_label,didascalia_copertina,temi",,2026-04-19T08:56:06.536927
d39833a7-5e03-4ce4-9262-b0411f26baf7,a-thunderbolt-from-clear-skies,28318de0-0e5c-49e2-acab-b5674f2509f0,ok,"categoria_menu,forma,tema_label,didascalia_copertina,temi",,2026-04-19T08:56:06.455311
d3b53fd1-fb4b-4a1a-8ca2-af901773efa0,merry-christmas-76ac,76ac2032-852c-4f8b-b3ea-f11c3c864792,ok,"categoria_menu,forma,tema_label,didascalia_copertina,temi,tags",,2026-04-19T08:56:06.595414
d3d6f15e-3a60-4b4b-9697-7588faef7ddd,from-a-teachers-diary,1e70f7f9-0c38-4bbc-989b-a8f63405c2e0,ok,"categoria_menu,forma,tema_label,temi,tags",,2026-04-19T08:56:06.762345
d3f9a584-19e5-4263-8568-cd0361202c6e,where-the-watermelons-grow-a-review,ca712a89-9bc4-4b5b-ab69-b4b03384e685,ok,"categoria_menu,forma,tema_label,didascalia_copertina,temi",,2026-04-19T08:56:06.923113
d3ed6122-a1e1-46b3-a846-c433de99cefa,tango-tonight,c9d9bede-6717-407f-ae01-855769f0830a,ok,"categoria_menu,forma,tema_label,didascalia_copertina,temi",,2026-04-19T08:56:06.880580
d4227263-2254-4a73-ada2-5eb0009bea8e,after-passion-comes-resurrection,c4e1daf7-0f03-4926-b1ec-99e17458b05a,ok,"categoria_menu,forma,tema_label,temi,tags",,2026-04-19T08:56:07.047697
d4307c70-922d-4436-8e12-4e24bc8e1475,it-rained-that-day,b1f1b179-cd27-4521-a05d-2317b694a63c,ok,"categoria_menu,forma,tema_label,didascalia_copertina,temi,tags",,2026-04-19T08:56:07.141215
d437ac17-67ea-4da5-ab15-10bec9b6162f,how-to-speak-and-act-around-blind-people,8a102bca-b5ef-4e29-b8fb-d515d5fd4d15,ok,"categoria_menu,forma,tema_label,didascalia_copertina,temi,tags",,2026-04-19T08:56:07.295735
d43ceaa1-1a54-4f8b-adcb-010c57d1a40c,summer-camp-days,c90f5ca5-3656-46e9-830f-170807c61c44,ok,"categoria_menu,forma,tema_label,didascalia_copertina,temi,tags",,2026-04-19T08:56:07.307261
d454a186-7a43-40da-afda-32f4d5fb4b23,roots-and-wings,7a1de8cc-cd34-4acd-8f32-8249a3ea5105,ok,"categoria_menu,forma,tema_label,didascalia_copertina,temi",,2026-04-19T08:56:07.375207
d4671d3e-6bd4-4de2-91f7-73ec96e0ee11,the-lamp-of-wishes,04a7b7f6-60ad-4027-8171-78b39bbe9988,ok,"categoria_menu,forma,tema_label,didascalia_copertina,temi,tags",,2026-04-19T08:56:07.487747
d48c1e3b-ba5d-48a9-b3ed-148414b0325c,my-friend-carlo,c8c38aff-46ca-4fc2-90b5-b4c1f476858a,ok,"categoria_menu,forma,tema_label,temi,tags",,2026-04-19T08:56:07.638783
d48da473-29b3-4167-8824-57ac0803118f,controversy-and-accessibility-at-the-berlinale75,f02cfdb4-f8d4-4275-be94-f39ab4a64c7a,ok,"categoria_menu,forma,tema_label,didascalia_copertina,temi",,2026-04-19T08:56:07.652664
d495d43c-2eaa-45a8-a018-77dffc8e3c0f,shadows-and-light-issue-13-1986,f922f22b-88ed-4f50-a662-5b81364072a3,ok,"categoria_menu,forma,tema_label,temi",,2026-04-19T08:56:07.698812
d4a76a78-ce51-4e25-bad2-1c651afe4e29,one-day-at-a-time-book-review,0eb9eff1-c0ec-453f-a350-49b02bba5fd6,ok,"categoria_menu,forma,tema_label,temi",,2026-04-19T08:56:07.800746
d4b6e60f-1987-4257-b79c-5b0e474f4fde,here-i-amthe-example-of-mary,3662ecf8-a9c1-4c7b-8afc-4ce0cca0e10d,ok,"categoria_menu,forma,tema_label,didascalia_copertina,temi",,2026-04-19T08:56:08.007922
d4caaacc-29e7-4778-a538-79acdcb503c5,wrestling-with-pain,c0eda1f7-eecc-4dbd-a138-4383f8357aea,ok,"categoria_menu,forma,tema_label,didascalia_copertina,temi",,2026-04-19T08:56:08.016843
d4ed62c1-dcf3-46fe-89d0-363de74ef9a2,a-little-provocation,f1450089-0eb8-42f4-b712-c9abd391ef2d,ok,"categoria_menu,forma,tema_label,temi,tags",,2026-04-19T08:56:08.026460
d50d8ddc-27ae-4446-bdcb-b4e7e3666ae1,a-world-to-discover-one-step-at-a-time,bd741429-24ef-4ef2-b17b-30da581f44ea,ok,"categoria_menu,forma,tema_label,temi,tags",,2026-04-19T08:56:08.074284
d528a454-03f2-4d55-a4ff-10f7d18a83e4,vices-and-virtues-of-living-a-review,6425a9e9-46e9-4e66-b965-fad61c227694,ok,"categoria_menu,forma,tema_label,didascalia_copertina,temi",,2026-04-19T08:56:08.331814
d5359497-9912-4f1b-8556-f850f5f89895,faith-and-light-international-and-national-gatherings-1977,0fb48865-578d-463f-b56c-d44dc934b223,ok,"categoria_menu,forma,tema_label,temi,tags",,2026-04-19T08:56:08.359161
d545f38d-c0b9-43f6-aee9-86c4ceb0d410,learning-and-belonging-one-mothers-journey-through-preschool,0ec50f90-a28f-4d3f-a1c0-a5cf09f24e9d,ok,"categoria_menu,forma,tema_label,didascalia_copertina,temi,tags",,2026-04-19T08:56:08.388769
d5497e5d-5a25-4da3-914f-81e222938629,film-and-disability-three-films-according-to-alessandro-de-simone,3ea5fccb-3e15-4a01-8056-11dbaf9f1028,ok,"categoria_menu,forma,tema_label,temi,tags",,2026-04-19T08:56:08.396061
d55ab814-0e14-4e9d-9283-43ecfe71e2c1,living-in-hope,ad3e0e7e-858f-4853-9330-c988cd9d7a07,ok,"categoria_menu,forma,tema_label,temi",,2026-04-19T08:56:08.579909
d585cfad-530a-4126-bbc2-cb406cc901d1,teaching-the-faith-to-autistic-people,aff06702-f5ca-45bc-ae5b-b8c140239a88,ok,"categoria_menu,forma,tema_label,didascalia_copertina,temi",,2026-04-19T08:56:08.745424
d5641510-4b5c-497a-be19-4b0b73641804,a-little-boat,47aac753-15b7-4f4b-ab5e-f813ee9347ac,ok,"categoria_menu,forma,tema_label,didascalia_copertina,temi,tags",,2026-04-19T08:56:08.706613
d597c6f3-9587-4c60-a0e1-55754e9607ca,open-dialogue-no-79,3eb53437-b2d7-4cb3-b1b1-084aadcb2781,ok,"categoria_menu,forma,tema_label,didascalia_copertina,temi",,2026-04-19T08:56:08.859940
d5baa49e-ecb6-4573-a5de-1c674f067ec9,keepers-of-hope,2fd31142-a93d-49c9-97a6-f3dc49f7a36c,ok,"categoria_menu,forma,tema_label,didascalia_copertina,temi",,2026-04-19T08:56:08.910965
d5c9e080-d579-4b49-b0cb-14bda898419a,a-second-chance-book-review,1ee3b18b-64dd-40e1-bc58-49638785462f,ok,"categoria_menu,forma,tema_label,temi",,2026-04-19T08:56:09.056457
d5cf27b8-9c43-4f53-b259-2c1e0861d516,my-life-what-fulfills-me-what-i-want,48426346-7f23-44e7-a33d-210b122ac618,ok,"categoria_menu,forma,tema_label,didascalia_copertina,temi,tags",,2026-04-19T08:56:09.058196
d5ed886a-6a77-4d76-99b1-262be0d16765,never-alone-from-dream-to-promise,ab2b255c-bd1b-40f1-8ca7-561ab5fecc80,ok,"categoria_menu,forma,tema_label,temi",,2026-04-19T08:56:09.272460
d5d3b1fc-fdfb-43d1-b5e2-e78fe47a468e,paolo-and-chiara,377cb831-8331-4f51-b7c0-98a5505d5568,ok,"categoria_menu,forma,tema_label,temi,tags",,2026-04-19T08:56:09.209853
d5f4d738-88e5-4d40-95c6-5dd2f535ca17,has-anything-really-changed,95f357f4-93a1-46d8-ba76-a8ec76dcf309,ok,"categoria_menu,forma,tema_label,didascalia_copertina,temi",,2026-04-19T08:56:09.481339
d5f14f12-8f82-4ac1-89bb-9f76a148f9f8,in-the-storm-yet-not-alone,1f01f403-3b68-41cb-b23d-7855f32ef101,ok,"categoria_menu,tema_label,didascalia_copertina,temi,tags",,2026-04-19T08:56:09.476404
d6070772-4a9f-4871-8174-dd04de6c0b58,newsletter-no-14-full-speed-then-a-halt,69376341-8c05-4e7c-a0a1-c16a9a1e6c48,ok,"categoria_menu,forma,tema_label,temi",,2026-04-19T08:56:09.620850
d6051528-3d39-4043-871d-e22ad4079574,andrea-romeo-on-cinema-and-disability,5d2b046f-050b-48f3-a0e4-59094eec02a7,ok,"categoria_menu,forma,tema_label,temi,tags",,2026-04-19T08:56:09.609790
d60ca1ed-d88d-4d77-8a0a-5022885d87d5,breaking-the-silence,eb98754f-2026-4906-8f46-b328e147e771,ok,"categoria_menu,forma,tema_label,didascalia_copertina,temi",,2026-04-19T08:56:09.817064
d610f7dc-d6e7-4115-b311-c0bbe5cc9650,scouts-at-lourdes,8705be6b-012f-4050-a743-b26c8ec81426,ok,"categoria_menu,forma,tema_label,temi,tags",,2026-04-19T08:56:09.880302
d62ffe84-f873-4d75-8196-cf08163fe260,amen-b165,b16524a3-a126-4cc7-84eb-b8850c2b371b,ok,"categoria_menu,forma,tema_label,didascalia_copertina,temi",,2026-04-19T08:56:09.944080
d664907e-6eb9-4df0-b8c8-c254052955a5,dreams-like-anyone-elses,b255cdc1-f2bd-4551-9a09-338523066ec8,ok,"categoria_menu,forma,tema_label,temi",,2026-04-19T08:56:09.999536
d6ac613f-10b2-404c-bc8b-069dbed0a73d,let-no-one-be-alone,4aa0e462-84be-4c1d-8411-10b112b66b75,ok,"categoria_menu,forma,tema_label,temi,tags",,2026-04-19T08:56:10.189890
d6ad5056-665e-4e7a-a6b1-4ff282221a10,gioia-and-the-othersa-review,11642a63-1000-4c05-8ff9-797ed65e54cd,ok,"categoria_menu,forma,tema_label,didascalia_copertina,temi",,2026-04-19T08:56:10.246372
d6b4fd65-7405-4f20-9875-1f0d3b8cd426,faith-and-light-community-no-38,6b0acd0d-37ac-411b-a486-f2675af8cf2e,ok,"categoria_menu,forma,tema_label,didascalia_copertina,temi",,2026-04-19T08:56:10.292308
d6b7d073-2e3b-4d8e-8619-60addf349cec,i-think-ive-figured-it-out,2abc0059-367f-4790-864d-d74848ecfbbe,ok,"categoria_menu,forma,tema_label,didascalia_copertina,temi,tags",,2026-04-19T08:56:10.348022
d6c1edbb-04d8-4353-bd30-a19692324062,witnesses-to-faith-and-light,0778e3d9-ef86-4505-98bd-4c6cf0ee5129,ok,"categoria_menu,forma,tema_label,didascalia_copertina,temi",,2026-04-19T08:56:10.561799
d7211d10-fa62-4926-aee0-cf030f3e14f0,a-difficult-and-delicate-question,b77aa681-36fb-48f4-a834-a7ea1a2046ba,ok,"categoria_menu,forma,tema_label,didascalia_copertina,temi",,2026-04-19T08:56:10.605450
d7148d6e-7939-4d2a-ae86-19797e3def1a,through-a-childs-eyes,793d3ea3-5c9a-497c-8df3-e3a15b27479a,ok,"categoria_menu,forma,tema_label,didascalia_copertina,temi,tags",,2026-04-19T08:56:10.575840
d72b82ed-3c64-40f9-8411-35d7855029f1,if-you-love-me-say-no-rules-and-the-power-to-help-children-grow,089f627a-37f0-4a2f-b037-7c79bd35e5f1,ok,"categoria_menu,forma,tema_label,didascalia_copertina,temi",,2026-04-19T08:56:10.715032
d753cfa3-ae28-4114-bdaa-165262b8a9bd,newsletter-n-10-when-an-unbelieving-director-looks-at-lourdes,bd51d106-49ca-4b25-acb5-c0d5d6b1eab6,ok,"categoria_menu,forma,tema_label,temi",,2026-04-19T08:56:10.842337
d75f3738-d0a7-4f51-96c8-6c4c797f277f,friendship-at-fede-e-luce-bonds-with-the-weak-and-the-rejected,83268a64-1006-44bd-a777-7f0b6ddd090c,ok,"categoria_menu,forma,tema_label,didascalia_copertina,temi",,2026-04-19T08:56:10.879291
d782804f-ecf7-49d2-8600-44e98175699e,the-little-friars,7ab400e9-1b00-4797-8217-16a82bb5cf77,ok,"categoria_menu,forma,tema_label,temi",,2026-04-19T08:56:10.912359
d78e1a7e-f7df-4f23-abfa-d1fbb271e584,called-to-the-finish-line-all-of-us,5acfad27-f657-44d2-8efa-74a33bdc9671,ok,"categoria_menu,forma,tema_label,didascalia_copertina,temi",,2026-04-19T08:56:11.074448
d7bf9c9f-9933-4c12-b2cf-9ad118be5c65,suffering,f246d62e-60ce-49c0-ac1a-018ce946046c,ok,"forma,temi,tags",,2026-04-19T08:56:11.216032
d79e8eae-adb0-489d-923e-8090742ec51b,faithful-friends,5c6ae639-241b-4216-8e97-75b198ca51fb,ok,"categoria_menu,forma,tema_label,temi,tags",,2026-04-19T08:56:11.160450
d7bee957-3b2b-4b3f-9dbc-2beb0a6cfe0e,in-assisis-waters,6d9ea864-0158-4e7b-9ba8-ec24281c940d,ok,"categoria_menu,forma,tema_label,didascalia_copertina,temi,tags",,2026-04-19T08:56:11.206642
d7d064ad-39cd-4abf-bd9f-8335ea959730,we-not-i,0f5b2ec5-2695-49ac-9c12-ce88e142e6ad,ok,"categoria_menu,forma,tema_label,temi",,2026-04-19T08:56:11.365750
d7d2363c-7d78-497d-b4e2-8f7f11127e67,summer-1978,4a67fdc4-1954-4bce-aa7e-86889a2b4201,ok,"categoria_menu,forma,tema_label,temi,tags",,2026-04-19T08:56:11.522895
d7dbcff8-5157-4b5f-8678-e403a7441903,when-play-is-hard-or-impossible,b97d2547-f045-4e1b-85ac-278adc30649e,ok,"categoria_menu,forma,tema_label,temi,tags",,2026-04-19T08:56:11.541899
d7e4b78a-27ac-4d70-a53f-09486dae7d98,education-in-full-and-the-right-to-spiritual-life,21cb9d4d-5234-4001-aea9-2cf650644cb7,ok,"categoria_menu,forma,tema_label,didascalia_copertina,temi",,2026-04-19T08:56:11.551793
d7f57590-85ad-4abd-b5c8-3adc20a44ba7,their-lives-on-screen,7919e055-0dff-4948-b458-0bd4f57adc15,ok,"categoria_menu,forma,tema_label,didascalia_copertina,temi,tags",,2026-04-19T08:56:11.674661
d817af4f-7fd7-44c2-b9e9-603439452c9c,life-faith-and-light-together-n25,56a1b7bf-f3f2-4d54-938f-07cc8ff0cfa1,ok,"categoria_menu,forma,tema_label,didascalia_copertina,temi",,2026-04-19T08:56:11.844128
d8416bda-9348-4adb-ab95-67e3085fa853,teaching-by-light-sensory-catechesis-for-an-inclusive-spiritual-life,9e63d447-f2e9-48d5-99e2-0a480cc3f3da,ok,"categoria_menu,forma,tema_label,temi",,2026-04-19T08:56:11.900253
d83fcaa0-368d-4231-b360-d6cbc2e91a93,well-figure-it-out,ceb0f15d-dc44-415e-8f1e-23bfad00f784,ok,"categoria_menu,forma,tema_label,didascalia_copertina,temi,tags",,2026-04-19T08:56:11.872896
d842c705-0676-4aed-b6eb-67269f5525c7,clara-goes-to-the-sea-a-review,f6d3b5ae-938f-4209-af08-f61031f7b623,ok,"categoria_menu,forma,tema_label,didascalia_copertina,temi",,2026-04-19T08:56:12.047374
d84cc51f-b42c-40b9-bc94-10fd1cf69328,faith-and-light-issue-48,f690f590-ede4-4330-bbfe-61910f1f68a2,ok,"categoria_menu,forma,tema_label,temi",,2026-04-19T08:56:12.172327
d863ea4f-a1f5-4fe1-b145-6ccd310ef27d,the-hidden-asylums-segregation-of-people-with-disabilities-in-modern-italy,e7dd7cda-67c5-4de1-bab6-5fd77142a8db,ok,"categoria_menu,forma,tema_label,temi",,2026-04-19T08:56:12.260170
d867ff78-30c9-44e8-8f4b-db8a3cb909fc,growing-up-with-down-syndrome,d3a5decb-22b2-401e-94a9-8a144d4ad5b9,ok,"categoria_menu,forma,tema_label,didascalia_copertina,temi,tags",,2026-04-19T08:56:12.275184
d87ef53d-733c-4228-b5c9-bd6778c91849,when-evening-falls,510615b2-08be-48e6-8bbf-3544d5bb4e94,ok,"categoria_menu,forma,tema_label,didascalia_copertina,temi",,2026-04-19T08:56:12.358122
d88ce69b-e2c5-4825-8f10-afecefa00a9b,now-we-know-it-all-has-meaning,3ea8054e-1da1-4bdc-94f3-5eedeb8715b8,ok,"categoria_menu,forma,tema_label,didascalia_copertina,temi",,2026-04-19T08:56:12.467777
d8992284-a23b-4e06-acc6-91628d834c92,i-dont-know-how-to-say-it,def15807-4190-4f17-8b78-36e06750dd5d,ok,"categoria_menu,forma,tema_label,temi,tags",,2026-04-19T08:56:12.528322
d89ab8f5-2595-443d-9a45-fb0d23f67341,three-lives-with-sabina-a-fathers-journey-through-darkness-hope-and-love,0ff97f78-a245-4722-b2fa-2846884a08df,ok,"categoria_menu,forma,tema_label,didascalia_copertina,temi,tags",,2026-04-19T08:56:12.569889
d8a5e3ce-953f-4644-995d-a4a4b2deb737,that-blasted-watermelon,36aa9c83-2ae6-495f-a893-8983bfbcbf50,ok,"categoria_menu,forma,tema_label,didascalia_copertina,temi",,2026-04-19T08:56:12.646450
d8b0553a-d689-49ed-b965-060cc9087e04,the-art-of-asking-for-help,22bf2e65-0ad5-4a90-ae87-4906d292b4d5,ok,"categoria_menu,forma,tema_label,temi",,2026-04-19T08:56:12.841989
d8cc69d6-2083-4666-bf3f-a49bb95f68c0,the-humanity-of-people,0e7188d0-d65a-414d-a391-095e2b0ee5c9,ok,"categoria_menu,forma,tema_label,temi",,2026-04-19T08:56:12.890020
d8f34d2d-9b78-4980-9367-a09ced3631f8,letters-from-our-community-together-no-27,3475632f-16a2-4f2b-ab2d-047a556259f3,ok,"categoria_menu,forma,tema_label,temi",,2026-04-19T08:56:12.924120
d8fa7f02-1d9b-4118-85f9-9332e0926239,love-and-disability-prey,ab2f320d-294c-4501-8feb-60dc2a0a5312,ok,"categoria_menu,forma,tema_label,temi,tags",,2026-04-19T08:56:12.970554
d905a2fc-358f-43c6-963f-bedd7f71000c,letters-to-jean-1846,1846f3fd-39e8-46f3-85d3-161377dcdca2,ok,"categoria_menu,forma,tema_label,didascalia_copertina,temi",,2026-04-19T08:56:13.098577
d922ddce-a7b5-430b-87d1-1fd6c478e544,a-portrait-of-cardinal-carlo-maria-martini-book-review,174f8964-89ae-4fe7-a33c-35633096b93e,ok,"categoria_menu,forma,tema_label,didascalia_copertina,temi,tags",,2026-04-19T08:56:13.152887
d92b28a2-4f72-4e48-95c8-ace46272397a,beyond-family-specialists-and-friends,ae938319-f65e-4585-892b-f02955c232e7,ok,"categoria_menu,forma,tema_label,temi",,2026-04-19T08:56:13.240154
d93eda73-31a0-4129-a02a-b688641fb7bc,with-all-my-heart,ad8695c8-ac09-4d5b-9321-1860575c37f9,ok,"categoria_menu,forma,tema_label,temi",,2026-04-19T08:56:13.295778
d9592fa2-a07d-45c2-b138-97d38610eba2,the-monster-that-ate-gerardo,cecd9d23-1bed-44cd-8d33-1e1f84c62b49,ok,"categoria_menu,forma,tema_label,didascalia_copertina,temi",,2026-04-19T08:56:13.372695
d966eb30-240b-4124-a7e4-52978bb9dd1e,charles-hid-under-the-table,e2c141de-8982-40be-aee0-11c4b6b32427,ok,"categoria_menu,forma,tema_label,temi,tags",,2026-04-19T08:56:13.528134
d96b4b79-d3a6-494c-ba7e-8887281ae0a1,i-am-my-sonbook-review,2ec9f9e8-6acd-4fa0-988d-5383ce7bb442,ok,"categoria_menu,forma,tema_label,didascalia_copertina,temi",,2026-04-19T08:56:13.552556
d970c281-7476-41be-ba01-5d35114119d7,sunday-with-the-disabled,e8201e72-c433-45e8-8fe8-aa5ce3c46de7,ok,"categoria_menu,forma,tema_label,didascalia_copertina,temi",,2026-04-19T08:56:13.678157
d970a0fe-7d5b-4f24-a7f6-ece398537a1f,how-to-talk-to-a-deaf-person,84171e4c-4526-41a7-b3cb-f9b69690ccff,ok,"categoria_menu,forma,tema_label,didascalia_copertina,temi,tags",,2026-04-19T08:56:13.631585
d974eba2-4343-469a-a071-08ec6ee6fc75,life-faith-and-light-no-58,363e59fb-3d7c-410b-b97d-b000151c387b,ok,"categoria_menu,forma,tema_label,temi",,2026-04-19T08:56:13.857308
d977afd8-1b55-474b-88d9-847e5aab270b,life-faith-and-light-together-no-28,f249f2e1-6094-4f99-914b-18b2b0192e11,ok,"categoria_menu,forma,tema_label,temi",,2026-04-19T08:56:13.891599
d9a0e89e-4048-46fc-ae78-bc56a0e409c1,jerome-lejeune-8da6,8da656cf-29c3-4375-8a20-601cc99b2612,ok,"categoria_menu,forma,tema_label,didascalia_copertina,temi",,2026-04-19T08:56:13.996485
d99082d2-2a1e-427e-8170-505322b4a8c8,seven-girls-and-a-sister-at-villa-olmo,3fec7ef2-49ef-4b1e-889d-e57eb7e96d74,ok,"categoria_menu,forma,tema_label,didascalia_copertina,temi,tags",,2026-04-19T08:56:13.975518
d9a8e882-e1c6-4f16-a038-883a3a1b10b9,a-smile-still-lingers-on-my-face,d1bc6936-8af2-4b09-8b76-cc5776cab3f0,ok,"categoria_menu,forma,tema_label,temi",,2026-04-19T08:56:14.170712
d9acc548-0e3a-4195-bf6e-0416aa7c88b5,casa-di-gino-an-agricultural-community,d3a44862-6f92-44fb-9942-fa111cae28d9,ok,"categoria_menu,forma,tema_label,didascalia_copertina,temi,tags",,2026-04-19T08:56:14.198559
d9ced8a7-e084-4706-9218-600307528e8c,a-life-with-faith-and-light-the-beginning-of-a-journey,b751af78-7468-4558-9ef4-0b87603274d7,ok,"categoria_menu,forma,tema_label,didascalia_copertina,temi",,2026-04-19T08:56:14.331213
d9cf0873-fcef-493b-a659-9982f1826021,what-faith-and-light-is-three-answers,b5d41840-f054-4982-b63b-067966cb3f3e,ok,"categoria_menu,forma,tema_label,didascalia_copertina,temi,tags",,2026-04-19T08:56:14.416599
d9b2c0ac-b4f1-4575-bd8f-b10a6d342d89,cinema-and-disability-three-films-by-adriano-ercolani,a98638fa-9b62-4b8e-951f-b3dc565c2803,ok,"categoria_menu,forma,tema_label,temi,tags",,2026-04-19T08:56:14.325929
d9e3b20a-140f-438c-bd20-c84f3851ba90,editorial-the-fears-we-carry,90524970-f60f-4c3f-b438-7d5f14f4e857,ok,"categoria_menu,forma,tema_label,temi",,2026-04-19T08:56:14.541829
d9e46cbe-3c60-46d0-af88-ac8cb20a0b19,fifty-years-together,3579fcb0-be93-4907-8817-b3de76bc94ef,ok,"categoria_menu,forma,tema_label,didascalia_copertina,temi",,2026-04-19T08:56:14.652785
da0210a8-7722-497f-b014-13a35d6c7df0,i-found-work-at-a-pharmaceutical-company,964b2bda-4ee1-4b04-8d47-4c571aa152d1,ok,"categoria_menu,forma,tema_label,temi",,2026-04-19T08:56:14.726875
da0a9188-2ad5-4ee7-bca5-400712b60fab,larche-international-releases-independent-inquiry-findings,a210f23e-5138-4412-a719-49b95ba3b9bb,ok,"categoria_menu,forma,tema_label,temi",,2026-04-19T08:56:14.840784
da26b147-6c1a-426c-8889-2b13d69965bf,come-and-see-a-retreat-with-jean-vanier,22c626f8-423d-4685-ba12-4f5a46e6d0d9,ok,"categoria_menu,forma,tema_label,didascalia_copertina,temi",,2026-04-19T08:56:14.938001
da113966-1c9b-4da2-be55-1e83a0fbde0e,the-difficult-child,1e8f4c46-29d4-46f3-a7f0-7a9eb36aade9,ok,"categoria_menu,forma,tema_label,didascalia_copertina,temi,tags",,2026-04-19T08:56:14.928181
da78fa11-0a15-45ad-bbd0-3476079ae92a,faith-and-light-newsletter-no-12-march-1977,34cd1d0c-4dbb-4f28-9e29-2ff1c6cb4c3c,ok,"categoria_menu,forma,tema_label,didascalia_copertina,temi",,2026-04-19T08:56:15.074484
daf01e52-9c46-4602-a0b9-4b87edaf208d,the-silent-crucifix-an-image-of-christian-revolution,f4f8b1ad-fe3a-4ace-86c3-9a40397cdca3,ok,"categoria_menu,forma,tema_label,temi",,2026-04-19T08:56:15.127229
daf95ebb-8df0-4e07-8368-93bca5fe5bde,john-paul-ii-up-close,9f9fed8a-3d3b-4a22-a558-29fc419cb158,ok,"categoria_menu,forma,tema_label,didascalia_copertina,temi,tags",,2026-04-19T08:56:15.309193
dafeee80-fcf3-4dde-9940-e2ee5476cc36,my-life-at-santa-palomba,36d4480c-5cda-4fbb-8d88-15455af83309,ok,"categoria_menu,forma,tema_label,didascalia_copertina,temi,tags",,2026-04-19T08:56:15.324755
db329afa-6632-408f-a838-a9e46ea3ea94,nostalgia-di-comunione-nuovi-movimenti-sette-cristiane-o-segni-dello-spirito-en,0081e04a-648c-49fa-8ccf-21cd88bc50dc,ok,"categoria_menu,forma,tema_label,temi",,2026-04-19T08:56:15.443100
db160763-a184-4d0e-ac0e-0bbb4a6b3854,bioethics-as-history-a-review,cce1da06-5caf-4fcc-b446-ab42a64f5888,ok,"categoria_menu,forma,tema_label,didascalia_copertina,temi",,2026-04-19T08:56:15.373446
db349f65-73cd-409d-9761-4980db5989cf,those-who-sow-in-tears-will-reap-in-joy,2b237538-6247-4dda-b251-6e8863a68396,ok,"categoria_menu,forma,tema_label,didascalia_copertina,temi,tags",,2026-04-19T08:56:15.610246
db388097-b3eb-47c2-8f0f-a30ffaf125e7,what-it-takes-building-a-school-like-this,118e1aa7-3410-456d-bdeb-f266b3f2612a,ok,"categoria_menu,forma,tema_label,didascalia_copertina,temi,tags",,2026-04-19T08:56:15.664665
db481354-a8dd-4a56-a9e7-11bac078f1ff,autism-and-school-inclusion,a8f45e77-c201-482e-b1a3-0a5e06a53639,ok,"categoria_menu,forma,tema_label,didascalia_copertina,temi,tags",,2026-04-19T08:56:15.777746
db3a71f4-752a-4409-bab4-2ae7fda646fd,the-light-symbol-of-the-1975-rome-pilgrimage,8d47917b-ec01-4959-977d-9e6f45ee00b0,ok,"categoria_menu,forma,tema_label,didascalia_copertina,temi,tags",,2026-04-19T08:56:15.769641
db7a990a-1d57-418d-811b-733638114907,my-child,aaefe82a-3dc0-479b-9f8d-b27e02b6ea59,ok,"categoria_menu,forma,tema_label,didascalia_copertina,temi,tags",,2026-04-19T08:56:15.954659
dba04ba6-2212-4bb9-a7db-ee9edffd38d5,life-in-faith-and-light-issue-26,bf831251-b427-4a30-92c1-393abcf40db0,ok,"categoria_menu,forma,tema_label,didascalia_copertina,temi,tags",,2026-04-19T08:56:16.004534
dba3a4a9-918e-49f9-8062-2845b0e4bfe6,will-we-ever-see-the-light,f1a1d970-d0a9-4916-bce7-b2f67163680c,ok,"categoria_menu,forma,tema_label,temi",,2026-04-19T08:56:16.087234
dbc7a769-7c01-4319-aa24-b971f6ab910e,back-from-vacationnothing-but-camps,1afbfa18-67d2-473f-88d8-5e72e11e6df0,ok,"categoria_menu,forma,tema_label,temi,tags",,2026-04-19T08:56:16.099232
dbd2e4ba-c872-480d-bc48-c8483247008f,after-me-the-flood-a-musical-comedy-by-fede-e-luce-rome,a5e14da6-375d-40a0-ba33-7f4f697af0c2,ok,"categoria_menu,forma,tema_label,temi,tags",,2026-04-19T08:56:16.275824
dbd665e3-eb5b-4151-acc2-a904d87da315,whats-it-to-me-the-common-good-in-times-of-crisis-review,b2928ad6-61a4-4ebc-a727-03dc4639e5af,ok,"categoria_menu,forma,tema_label,temi",,2026-04-19T08:56:16.301687
dbd6b79e-a558-4c65-90fa-94761ecd42c2,mirella-pablo-silvia-claudia-patrizia-580c,580cf8be-0ef8-4624-ac4d-38452722a552,ok,"categoria_menu,forma,tema_label,temi,tags",,2026-04-19T08:56:16.430214
dbdbcd63-c4f3-42dd-9e56-b1d4537f4c07,when-your-grandchild-is-in-your-care,421dd9be-69f4-4e23-870f-09ce4285baaa,ok,"categoria_menu,forma,tema_label,temi",,2026-04-19T08:56:16.441208
dbfcf231-e511-4b55-a612-0bd8c6604a3a,the-boy-who-loved-shakespeare-book-review,783eabb0-7ff4-4574-aef3-52b362adbfb0,ok,"categoria_menu,forma,tema_label,temi",,2026-04-19T08:56:16.599163
dc065e32-f4f4-4870-82bc-4968de11c42d,questions-about-down-syndrome,c8d69626-f470-4234-9f45-e6615750a4b3,ok,"categoria_menu,forma,tema_label,didascalia_copertina,temi,tags",,2026-04-19T08:56:16.660961
dc09384b-86fd-4f14-bfca-b38f5f85213f,caring-is-not-the-same-as-curing,82cfcf11-ed10-4e75-a255-5b977a755d41,ok,"categoria_menu,forma,tema_label,didascalia_copertina,temi",,2026-04-19T08:56:16.716838
dc1266e0-7cd6-415e-915d-d135786fe43c,songs-of-the-1975-rome-pilgrimage,e0f4a2af-29b8-4c7b-b50f-aab20a5ee823,ok,"categoria_menu,forma,tema_label,didascalia_copertina,temi,tags",,2026-04-19T08:56:16.724734
dc2057b1-51c8-45f0-a063-834b39c4e0b1,i-came-home-tonight,8f6993d9-c794-4bee-82ba-03df5a567163,ok,"categoria_menu,forma,tema_label,didascalia_copertina,temi",,2026-04-19T08:56:16.912761
dc221a4f-7015-49ff-87c7-9ce7848b4bc2,loyola-university-5926,5926882d-b53a-4d69-930e-168aba109fa3,ok,"categoria_menu,forma,tema_label,temi,tags",,2026-04-19T08:56:16.991066
dc44c8e8-51ae-4bb3-a8b4-4718a10933c1,the-time-to-understand,56f5cdd9-d0c9-4a8d-b24f-4d4dc0e3f1ac,ok,"categoria_menu,forma,tema_label,didascalia_copertina,temi,tags",,2026-04-19T08:56:17.047695
dc5060a7-edc7-415c-862f-0596103fc787,faith-and-lights-international-assembly-in-brussels-january-1978,5fd8c996-9472-40a0-95c0-119afbdcfcda,ok,"categoria_menu,forma,tema_label,temi,tags",,2026-04-19T08:56:17.087967
dc5e6762-e83a-48a2-b661-3328ef096c79,easter-means-passage,1a311ea3-c9e8-4741-b85e-818bb7c467bc,ok,"categoria_menu,forma,tema_label,didascalia_copertina,temi",,2026-04-19T08:56:17.248090
dc6e8115-5675-4c82-a700-46047b219b71,but-then-he-gives-me-his-precious-smile,f4c1d8bd-d94f-4b8f-9f83-a0069ce5eadc,ok,"categoria_menu,forma,tema_label,didascalia_copertina,temi,tags",,2026-04-19T08:56:17.304101
dc939012-748b-40b2-b33d-11ac629ffd93,30-days-to-understand-autism-a-review,12c7c0b7-d8f8-433e-8dd0-85ebcb838f6d,ok,"categoria_menu,forma,tema_label,didascalia_copertina,temi",,2026-04-19T08:56:17.399203
dc95c944-fea0-431f-87ec-99f0ec4e25c9,isolated-yet-alive-to-the-world,196e737b-5057-4d8c-b6a1-b7ea83a5416f,ok,"categoria_menu,forma,tema_label,didascalia_copertina,temi",,2026-04-19T08:56:17.458576
dc9eb59b-f30a-4349-99cd-739f2e476cd9,life-in-faith-and-light-no-44,80e769fc-a3ba-422d-9bf5-7c0bc0799b84,ok,"categoria_menu,forma,tema_label,didascalia_copertina,temi",,2026-04-19T08:56:17.545929
dd000623-c3b4-45d8-9539-4b19dfcfbf17,writing-does-not-go-into-exile,cc38028f-1f76-4f97-90b1-9d87979255b4,ok,"categoria_menu,forma,tema_label,temi",,2026-04-19T08:56:17.721001
dcafa241-d56d-4e9e-bcf2-29b9eb8b433d,a-school-of-love,79f65629-f27b-40be-bf41-bf17b22c3423,ok,"forma,didascalia_copertina,temi,tags",,2026-04-19T08:56:17.638701
dd01d651-fcc0-46db-b1b0-f32a9ad8e013,the-chicco-at-thirty-they-gave-us-the-answer-our-hearts-were-seeking,79786739-3057-469a-81ac-ecaf1c19f81e,ok,"categoria_menu,forma,tema_label,didascalia_copertina,temi,tags",,2026-04-19T08:56:17.800308
dd48dea0-bdfb-425f-aebd-b5311fb66aba,good-habits-make-all-the-difference,e20d6ad1-8f05-48ce-993d-dfd3dd1045ef,ok,"categoria_menu,forma,tema_label,temi,tags",,2026-04-19T08:56:17.871430
dd50a4ec-426b-4723-ae44-b536ff13b862,seen-with-the-heart,59d921c6-75b0-453c-a361-aceeb1910d97,ok,"categoria_menu,forma,tema_label,temi",,2026-04-19T08:56:17.963456
dd686756-c524-45c7-bbb8-82f97a54c231,short-circuit-a-review,8e731cf6-d082-4d87-96fe-9550ad8ee539,ok,"categoria_menu,forma,tema_label,temi",,2026-04-19T08:56:17.992590
dd75a3b0-b756-4dde-8817-5a11488b35c9,cati-at-37-still-progressing,164f5582-821f-4d13-9790-42e89a490d29,ok,"categoria_menu,forma,tema_label,temi",,2026-04-19T08:56:18.110017
dd929d05-f7f2-4af7-9224-9456385bdcaf,i-speak-only-what-i-know,49deabc5-df26-43db-92d3-d737089a40cb,ok,"categoria_menu,forma,tema_label,didascalia_copertina,temi",,2026-04-19T08:56:18.204368
dda375bf-2c6d-4780-a16b-28fbe398751a,they-extinguished-even-the-moon-a-review,17db9008-1447-4178-a9a7-2d5039b78805,ok,"categoria_menu,forma,tema_label,didascalia_copertina,temi",,2026-04-19T08:56:18.206744
ddb3ed8b-2814-4e89-a6c1-01b9b6c61803,our-house-is-on-fire,d46dcca1-5b8d-44c5-b8c0-13a479aa91df,ok,"categoria_menu,forma,tema_label,temi",,2026-04-19T08:56:18.274438
ddb76881-70c9-4ed7-9f76-a001f4ac19e9,scouting-and-disability-a-place-for-maria-too,9dca7af3-10c9-4305-92df-faa94c0018ff,ok,"categoria_menu,forma,tema_label,temi,tags",,2026-04-19T08:56:18.398635
ddba0d6e-a35e-4d3f-b03b-3b089d233f3a,the-world-in-a-fixed-point-review,af44d6df-ecc3-46fc-95f7-2ee504074765,ok,"categoria_menu,forma,tema_label,didascalia_copertina,temi",,2026-04-19T08:56:18.539362
ddbddeb8-aa44-4834-a707-c3b1be9728d3,how-was-all-this-possible,e818f6f0-d7dc-431f-84de-e0ec5bc0b0bc,ok,"categoria_menu,forma,tema_label,didascalia_copertina,temi,tags",,2026-04-19T08:56:18.542223
ddc810f4-ce1e-40fe-ab2f-cf8077665901,abilioltre-takes-its-street-art-exhibition-to-roma-ostiense-station,58ec1e74-419d-4571-b65c-8f53ebc99286,ok,"categoria_menu,forma,tema_label,temi,tags",,2026-04-19T08:56:18.603294
ddc972a9-76fd-4110-aead-65521a1e66a5,report-card-and-mask,49c5868d-b109-484c-ac3c-55e02c3247ac,ok,"categoria_menu,forma,tema_label,temi",,2026-04-19T08:56:18.743361
ddf1e810-dac1-4929-99e9-e33828a54a05,it-has-to-end-right-now,c4ecd83f-ab56-4f62-bca8-31b8bdf18e5a,ok,"categoria_menu,forma,tema_label,temi",,2026-04-19T08:56:18.891731
ddead178-3fcb-48be-9f3f-ca95cf9fa260,breaking-barriers-my-journey-as-an-autistic-actor,448ad485-799b-49c6-b2e6-efc6ca410acf,ok,"categoria_menu,forma,tema_label,didascalia_copertina,temi",,2026-04-19T08:56:18.887853
ddf7f285-f63c-4e9a-924b-e64be5041f57,a-new-love-story-begins-the-jubilee-year-2016,c688411a-4ea6-432d-b72f-428024f11674,ok,"categoria_menu,forma,tema_label,didascalia_copertina,temi,tags",,2026-04-19T08:56:18.940241
ddfa4c59-3baf-4d80-b23a-850f95150bec,dinner-with-the-ozzimos,8c508cb2-c33c-46ce-9975-d722272ae688,ok,"categoria_menu,forma,tema_label,temi",,2026-04-19T08:56:19.021506
ddfb0d15-e493-4c33-a548-ac6c307ef1ff,very-young-friendstogether-no-5,d07804a6-3f69-4510-8e25-9813b136874a,ok,"categoria_menu,forma,tema_label,temi",,2026-04-19T08:56:19.212706
ddfdf4e0-b322-42d3-8895-247d591d27f5,my-name-is-lucia,af876889-34b9-400b-9c4d-16b1658ce1a7,ok,"categoria_menu,forma,tema_label,didascalia_copertina,temi",,2026-04-19T08:56:19.232779
ddfe80de-8d29-4cbf-8601-6edae39b5c80,an-interview-with-matteo-mazzarotto-and-ivana-perri,61ce029d-e2c6-45f7-b9b2-7b1ab5ce6139,ok,"categoria_menu,forma,tema_label,temi,tags",,2026-04-19T08:56:19.263394
de330484-c88a-4282-b85e-a684424233c5,building-community-the-three-pillars-of-faith-and-light,4deed934-d3fe-4d88-b9cf-97344b2e6718,ok,"categoria_menu,forma,tema_label,didascalia_copertina,temi,tags",,2026-04-19T08:56:19.376045
de3ce598-62fa-4490-976e-4eac0aa6b6d5,a-diary-of-school-daniel-pennacs-testament-to-the-struggling-student,5264a0d4-eccf-4259-9c95-9337ed595057,ok,"categoria_menu,forma,tema_label,temi",,2026-04-19T08:56:19.665235
de376676-cd1f-4153-a9a4-4d64f5048b0d,just-another-day,e46b29ca-586b-4dc1-a401-7f9c619d5509,ok,"categoria_menu,forma,tema_label,didascalia_copertina,temi,tags",,2026-04-19T08:56:19.585492
de38107b-fa09-4ab7-bbdd-4d3298848d72,working-alongside-others,934ce229-b12e-49a7-9234-a4eb7b4eba89,ok,"categoria_menu,forma,tema_label,didascalia_copertina,temi",,2026-04-19T08:56:19.651692
de6958eb-99f1-4140-82ec-b0e605829227,news-from-the-communities,5e586474-c865-402a-80ca-73339a30a3f2,ok,"categoria_menu,forma,tema_label,didascalia_copertina,temi",,2026-04-19T08:56:19.745209
de910390-2b57-4d9a-81f4-d1b59bc5dcd8,mary-the-mother-of-jesus-a-story-for-children,af9886d7-5723-4f7d-8899-0a3b6efe126a,ok,"categoria_menu,forma,tema_label,temi",,2026-04-19T08:56:19.978180
de99d6bc-024a-4021-b2d5-4f7ac13ce2e5,a-crack-in-the-wall,70901f33-1bf4-4521-be64-0abbfe57cb6a,ok,"categoria_menu,forma,tema_label,temi",,2026-04-19T08:56:20.009545
de90de4d-bd61-4997-a16c-a243dd41273c,vicenza-the-professional-training-center-of-the-franciscan-charitas-foundation,16087ec2-941a-497f-b965-9311fc2a448e,ok,"categoria_menu,forma,tema_label,didascalia_copertina,temi,tags",,2026-04-19T08:56:19.956895
debb53bc-681d-45d2-8d07-bd878706d01c,i-am-always-waiting-for-you,a7dcb0a5-d70d-4897-94c3-fef26164b845,ok,"forma,didascalia_copertina,temi,tags",,2026-04-19T08:56:20.063332
ded7ef3c-6325-4abe-a864-254d52b09ffd,at-the-little-march-of-assisi,ffaa7722-a9bd-4ee1-8d42-8a93e934eba5,ok,"categoria_menu,forma,tema_label,temi",,2026-04-19T08:56:20.342333
dee7efb1-ca36-43fc-9ea8-8ce0cf4b9a3a,a-river-of-peace-a-sea-of-jubilees,d81ed109-0869-4906-8716-d7689c15a12a,ok,"categoria_menu,forma,tema_label,didascalia_copertina,temi,tags",,2026-04-19T08:56:20.356769
df039aa9-3a38-4ddf-922b-389047235984,men-of-god-film-review,ee7b20f5-e311-4d30-9710-6ad6f6ae177f,ok,"categoria_menu,forma,tema_label,didascalia_copertina,temi",,2026-04-19T08:56:20.402816
df283c60-838d-47b9-bddf-5fa2383fc681,the-iguana-wont-cooperate-a-review,1ef1948a-e06c-4538-8aa1-ec80869367e3,ok,"categoria_menu,forma,tema_label,didascalia_copertina,temi",,2026-04-19T08:56:20.448435
df56f260-480a-4f84-ad92-06c5b047db59,here-i-am-learning-to-say-yes-with-mary,1dd04fb0-0388-47e0-ab31-fd4b14c9c633,ok,"categoria_menu,forma,tema_label,didascalia_copertina,temi,tags",,2026-04-19T08:56:20.677812
df671a99-9db0-4f5d-b71d-7527144f2778,mysterious-moments,aec41cb3-1401-4875-a782-a2914e440400,ok,"categoria_menu,forma,tema_label,didascalia_copertina,temi",,2026-04-19T08:56:20.745787
df34765d-22d7-4d76-9929-0d4b0a1485ec,film-and-disability-a-special-report,a0d71c11-3fff-4900-bd8f-9d6f98915294,ok,"categoria_menu,forma,tema_label,temi,tags",,2026-04-19T08:56:20.662710
df6d9640-50fc-4178-ae38-88603e08ffcb,this-christmas-alberto-will-be-with-familybut-not-with-us,87bc559d-0442-4f39-9093-47798d27270e,ok,"categoria_menu,forma,tema_label,didascalia_copertina,temi,tags",,2026-04-19T08:56:20.792635
df6fc0b5-5e21-49a8-9f08-f7960325a6f1,a-mass-without-dignity,42b1204b-f9c0-4618-aa7b-471254dd177e,ok,"categoria_menu,forma,tema_label,didascalia_copertina,temi",,2026-04-19T08:56:21.024192
df78b970-5481-4ca1-8145-82eb2f21eb07,open-dialogue-no-115,25d2be2a-01db-4581-aef6-ee1b133986a5,ok,"categoria_menu,forma,tema_label,didascalia_copertina,temi,tags",,2026-04-19T08:56:21.132565
dfa0431c-8884-4cb0-81a3-1ad3efe883e9,riccione-transforms-former-slaughterhouse-into-disability-support-center,e80a07c9-98e8-4c7f-af7c-fc722003f005,ok,"categoria_menu,forma,tema_label,temi,tags",,2026-04-19T08:56:21.229163
dfcab861-d5e8-4cde-8dec-1ef5859a92c2,a-thousand-meals-a-day-at-terra-gaia,66efd588-c5af-4590-8751-86242a7bf5b0,ok,"categoria_menu,forma,tema_label,temi,tags",,2026-04-19T08:56:21.455986
dff00810-a640-4116-abe3-34884ca7089d,the-mayonnaise-jar-and-coffee,11813ce0-b5bb-4025-8367-ebf0914d29df,ok,"categoria_menu,forma,tema_label,didascalia_copertina,temi",,2026-04-19T08:56:21.511996
df96078d-78fe-4f70-aece-3b220139c861,three-films-on-disability-gabriele-niolas-selection,1ad8e744-6692-464b-8285-9175ffa66d00,ok,"categoria_menu,forma,tema_label,temi,tags",,2026-04-19T08:56:21.182078
e01b9e2b-7fac-4097-8ae0-1769cbf82752,if-theres-news-im-happy,1c9cd379-ac8c-4399-97d6-c1f5103a24bf,ok,"categoria_menu,forma,tema_label,didascalia_copertina,temi",,2026-04-19T08:56:21.716435
e03799f4-1e6d-4e67-ad64-220b7cb5d38a,profoundly-handicapped-children,7260eb99-2b9a-473c-82b1-9506bf87ebce,ok,"categoria_menu,forma,tema_label,temi",,2026-04-19T08:56:21.830056
e07a4e43-80a0-44e6-af2f-306b9c5728fe,the-road-ahead,4bdd5743-d8c4-4c9b-9f61-6628776ee135,ok,"categoria_menu,forma,tema_label,didascalia_copertina,temi,tags",,2026-04-19T08:56:21.867715
e03f761b-0c66-4566-93c4-6b0aec5e2e77,climbing-mount-meta-with-them,4ddc6659-2e40-437f-91fa-aa16bf727352,ok,"categoria_menu,forma,tema_label,didascalia_copertina,temi,tags",,2026-04-19T08:56:21.860612
e09f0553-bc09-4ad3-83c6-8bea3697a16e,benedetta-a-sisters-portrait,1d5a32ae-af60-46d4-bc98-869eae280636,ok,"categoria_menu,forma,tema_label,temi,tags",,2026-04-19T08:56:22.030425
e0b06556-317d-4483-8388-839f7f05429c,dont-be-afraid-if-i-embrace-you-a-review,9af33e2f-7d4d-4604-b2e4-5115653ee0e0,ok,"categoria_menu,forma,tema_label,didascalia_copertina,temi",,2026-04-19T08:56:22.235858
e0b50663-05c0-4021-a3f9-d739c9aa9167,getting-ready-for-mass-a-book-review,60f7309f-8c10-4f85-bff9-29cd6b5943b1,ok,"categoria_menu,forma,tema_label,temi",,2026-04-19T08:56:22.259616
e0bdf80e-ffef-4292-ad63-46c8f869b0ff,a-whole-life-ahead-for-those-in-the-third-and-fourth-agesa-review,d66c00d4-3203-4084-be48-80ff6ad16df2,ok,"categoria_menu,forma,tema_label,temi",,2026-04-19T08:56:22.355235
e09fc7b3-31e8-41b6-98fd-af3c2552f122,laughter-takes-serious-work,94c04912-a6b5-495d-86cc-912fabd1a933,ok,"categoria_menu,forma,tema_label,didascalia_copertina,temi,tags",,2026-04-19T08:56:22.141099
e10a5b3d-9013-444a-9863-53c5bfa4c988,growing-togetherleading-a-faith-and-light-community-principles-and-practice,5462b37d-7a99-4946-82cb-ccf05ba1872e,ok,"categoria_menu,forma,tema_label,didascalia_copertina,temi,tags",,2026-04-19T08:56:22.539087
e126afb2-c0b9-4ce0-9ccd-dbae87e36abb,rebel-brains-connecting-to-neurodiversity,fbed64b0-0044-4dee-966e-f92e75c484f1,ok,"categoria_menu,forma,tema_label,didascalia_copertina,temi,tags",,2026-04-19T08:56:22.564855
e13f0dc6-3269-4b75-9330-feab7201815a,the-web,9ede0305-3edc-49d5-a14e-b1603df4e9c0,ok,"categoria_menu,forma,tema_label,temi",,2026-04-19T08:56:22.648866
e1495117-f29b-4e5e-8a62-988e0549931b,a-dance-lesson-together,7f81ab6a-eec3-4d40-ac79-ac18d83c3d7e,ok,"categoria_menu,forma,tema_label,didascalia_copertina,temi",,2026-04-19T08:56:22.804373
e1726089-3259-4ba8-ba30-894cc4eb9937,the-intimacy-of-the-body-standing-before-nudity,d3c6033b-3572-4751-9791-e856fcf8c5ca,ok,"categoria_menu,forma,tema_label,temi",,2026-04-19T08:56:22.904334
e155a044-281f-4f77-805a-51903e5e4694,despite-my-handicap,39f31310-156d-4e31-8cea-4f83b56d1bae,ok,"categoria_menu,forma,tema_label,temi,tags",,2026-04-19T08:56:22.835333
e1775d1b-a34c-4660-ac0a-dcbb0ac568ba,better-than-expected,e24193c2-c220-4f33-88a9-222427d6e4a0,ok,"categoria_menu,forma,tema_label,didascalia_copertina,temi,tags",,2026-04-19T08:56:22.993512
e19a8da0-5512-43e2-9963-529db55bd11d,my-life-as-a-joyful-battle,12c40428-2d81-43ec-9773-7a6f6ee8deb8,ok,"categoria_menu,forma,tema_label,temi",,2026-04-19T08:56:23.121570
e1c16cd3-3e2d-40a1-ac35-4da1fa8dc107,behold-i-make-all-things-new,e03c6f3b-b699-4fb4-b2f0-39ee8ccbcdf3,ok,"categoria_menu,forma,tema_label,temi",,2026-04-19T08:56:23.235067
e1bae5aa-fde8-4234-82d1-1fd08fad672e,the-church-bending-down-to-my-son,ddea33a8-eb53-4ab5-852b-57fa2b0414df,ok,"categoria_menu,forma,tema_label,didascalia_copertina,temi,tags",,2026-04-19T08:56:23.208279
e1dcc6af-8630-4a62-a5d8-1995abe1ff36,open-pages-solidarity-in-action-across-parma-and-its-province-in-the-1990s,a7a787f1-c697-4544-af30-9bd89cc5e1b6,ok,"categoria_menu,forma,tema_label,didascalia_copertina,temi",,2026-04-19T08:56:23.384789
e1ddf0cc-c076-4c82-9093-eeafe9b72ff3,between-heart-and-mind,b14f250f-6636-4b5c-898b-e88e628f3c14,ok,"categoria_menu,forma,tema_label,didascalia_copertina,temi",,2026-04-19T08:56:23.446424
e1fe415c-5c81-406f-a9fd-1811cb08d711,joseph-larsens-white-boat,c921a574-f897-44c1-a0bc-871f599b6f46,ok,"categoria_menu,forma,tema_label,didascalia_copertina,temi",,2026-04-19T08:56:23.639936
e1df4fbe-03e6-4b74-9cbd-9bc4db1a1668,dossier-school-and-disability,9abeb150-7dcf-4f8d-8a6d-eca9529c6c83,ok,"categoria_menu,forma,tema_label,didascalia_copertina,temi,tags",,2026-04-19T08:56:23.603916
e203584a-6bba-4d2b-8c39-14d3039a4af1,giving-him-life,612c6d8e-e3a2-4f45-94c1-e3398b2d9506,ok,"categoria_menu,forma,tema_label,temi",,2026-04-19T08:56:23.695603
e20a5ef8-58bf-44ac-8e8d-be88fcd02eda,the-laquila-model-autism-and-severe-disability,084926d3-fd45-407e-9a04-6e938b25aaef,ok,"categoria_menu,forma,tema_label,temi,tags",,2026-04-19T08:56:23.803698
e218543d-c180-44e4-9570-b9e11148c95e,open-dialogue-121,df49c1bf-bb4d-4119-b4b4-9fe359c9a647,ok,"categoria_menu,forma,tema_label,didascalia_copertina,temi",,2026-04-19T08:56:23.897983
e220b313-7fdd-4b6c-9861-48872fe9fa4f,dont-burden-them-too-much,09432447-e7d4-4923-a7ec-2f882ae6bfd5,ok,"categoria_menu,forma,tema_label,didascalia_copertina,temi,tags",,2026-04-19T08:56:23.954293
e22d4d60-b786-40fe-8735-ae7389cf94e8,who-answers-the-call,8b69dcb3-c762-4d01-8b6a-ed527eb5d99d,ok,"categoria_menu,forma,tema_label,didascalia_copertina,temi",,2026-04-19T08:56:24.020124
e2302c35-515a-45e0-9504-435950c2499c,enricos-difficult-path,06aa8bc7-2f67-4d59-8751-9ab8b64e337c,ok,"categoria_menu,forma,tema_label,temi",,2026-04-19T08:56:24.227191
e24ced6c-cf0a-4221-b577-44f962cf2928,a-new-way-of-seeing-life,b2fb7410-9cdb-46aa-9052-6e375486f829,ok,"categoria_menu,forma,tema_label,didascalia_copertina,temi,tags",,2026-04-19T08:56:24.237796
e263c53e-072e-4240-bbfa-e47f8b419e72,a-sacred-story,99613b71-7c25-4e8e-bf78-d620476c2cda,ok,"categoria_menu,forma,tema_label,didascalia_copertina,temi",,2026-04-19T08:56:24.304296
e26bac65-7c51-40db-bae2-455adbb181f7,what-thirteen-year-old-giorgia-would-find-now,5827f172-c9c5-4849-8f3c-fe34198bb8cc,ok,"categoria_menu,forma,tema_label,didascalia_copertina,temi",,2026-04-19T08:56:24.406564
e26cd2b9-eed1-4131-a173-baf632dfaffb,recognizing-hearing-loss-in-children,c2f8cbc2-dffa-4964-b69e-b5b8e941580f,ok,"categoria_menu,forma,tema_label,didascalia_copertina,temi,tags",,2026-04-19T08:56:24.562085
e284c186-c4e0-4a98-a52e-9b6e6776d406,erasing-them-from-sight,f80b52a9-e576-442b-9b31-16a5841bf724,ok,"categoria_menu,forma,tema_label,temi",,2026-04-19T08:56:24.678615
e27354d9-bf4c-4698-887a-34434ff321b7,italian-bibliography-on-hearing-and-language-disorders,799708c3-244f-4ea1-ba0c-306a4f90e766,ok,"categoria_menu,forma,tema_label,didascalia_copertina,temi",,2026-04-19T08:56:24.663016
e28d0418-7a59-4b11-840e-4051fe20901b,like-me-review,d000ea33-506d-47bf-bf96-40f4156f8687,ok,"categoria_menu,forma,tema_label,didascalia_copertina,temi",,2026-04-19T08:56:24.811214
e28d446b-b199-445e-b5e7-198231501c85,why-health-really-matters,33c72832-e0be-4d64-b720-ce6f0952bbb3,ok,"categoria_menu,forma,tema_label,didascalia_copertina,temi",,2026-04-19T08:56:24.884418
e29c1f80-16fb-495e-bb96-457e4666fe47,starting-over,0d40a0f7-f018-4c55-9470-582a8329eb36,ok,"categoria_menu,forma,tema_label,didascalia_copertina,temi",,2026-04-19T08:56:25.023104
e29cae53-5efc-4f9f-8312-dbee738ee8b2,its-never-too-late,3472ffde-94b0-4d77-b4b4-a3f50516a0ea,ok,"categoria_menu,forma,tema_label,temi",,2026-04-19T08:56:25.062739
e2bd911a-5102-4615-9b7d-2670498a40f1,the-magnificat-and-our-fragility,eb887f9c-6b5d-4673-a8e8-ffc9dcb966d2,ok,"categoria_menu,tema_label,didascalia_copertina,temi",,2026-04-19T08:56:25.219621
e2af5f3b-ae3a-48b0-84d2-ef5c09820099,faith-and-light-in-eastern-europe,a80c99c5-77b9-4b38-b9c4-688c1a063201,ok,"categoria_menu,forma,tema_label,didascalia_copertina,temi,tags",,2026-04-19T08:56:25.205819
e2ded544-0807-4569-9be6-021e72937450,peace-bearers-learning-from-those-with-down-syndrome,28edb7f3-c9de-4bfa-9e4f-91c63cdcba04,ok,"categoria_menu,forma,tema_label,didascalia_copertina,temi",,2026-04-19T08:56:25.359199
e2edfbca-4387-460e-b6bf-79867b75dc45,open-dialogue-no-154,433c8cb1-f588-421f-90d7-a985542ae97d,ok,"categoria_menu,forma,tema_label,didascalia_copertina,temi",,2026-04-19T08:56:25.398944
e2efd409-c27a-4680-931e-8500172f6b08,faith-and-light-in-madrid-hola-madrid,90a7df80-13bb-4b0b-afaf-8238f4279a3f,ok,"categoria_menu,forma,tema_label,didascalia_copertina,temi",,2026-04-19T08:56:25.555253
e2eeb9df-7e6a-4761-b7e6-92c2de1cf805,five-years-of-the-little-house,0949f5c9-1e33-42dd-8310-5c45567e9d21,ok,"categoria_menu,forma,tema_label,temi,tags",,2026-04-19T08:56:25.532471
e32ed581-0e22-40bc-b993-7fe23b4eddc3,uncle-giorgio,b4459b12-1094-4f81-96a0-e5e16b33e982,ok,"categoria_menu,forma,tema_label,temi,tags",,2026-04-19T08:56:25.697475
e2f694cd-0862-41c4-86e9-9c92b791f03b,lourdes-1981-holy-thursday,dfab0c50-51b5-4eea-b461-b748b3d8e132,ok,"categoria_menu,forma,tema_label,temi,tags",,2026-04-19T08:56:25.680248
e333ff9e-2028-4533-ac94-4544d7cc1a62,his-grandparents,3b809e42-f9b4-4424-8952-670c0ccc1f8b,ok,"categoria_menu,forma,tema_label,temi,tags",,2026-04-19T08:56:25.863001
e3407d8d-f766-42a3-9ecc-0c08187f393e,sister-ida-maria-ferris-candies-and-courage,d3375ba5-55d0-4dbc-a5ed-16696918a015,ok,"categoria_menu,forma,tema_label,didascalia_copertina,temi",,2026-04-19T08:56:25.880242
e3481e92-d551-41cf-940c-aaa075e74aaf,birthdays-and-green-passes,991c2350-b911-4e41-92c5-efb21309189c,ok,"categoria_menu,forma,tema_label,temi",,2026-04-19T08:56:26.012046
e34f321b-ad6e-45e2-b465-9132a4502b84,fede-e-luce-issue-23,5230cd2b-b64a-480e-8fca-059b9ca39748,ok,"categoria_menu,forma,tema_label,temi,tags",,2026-04-19T08:56:26.018258
e359dd3c-5f70-42e5-b3b8-310e7a38ae64,when-they-leave-before-us,eacb4f58-68d4-484c-8621-5f9dcd701f57,ok,"categoria_menu,forma,tema_label,temi",,2026-04-19T08:56:26.199448
e351f158-05dc-4ac2-b440-c7313fb5900d,prenatal-diagnosis-what-you-need-to-know,6eff58fa-2601-443f-af27-193d1de6bc12,ok,"categoria_menu,forma,tema_label,temi,tags",,2026-04-19T08:56:26.192715
e3a2ea07-f2ad-45f7-a129-55474fcebd29,always-tantrums-psychologically-sound-stories-to-read-with-your-childrena-review,eca192b5-20dd-40d7-915f-e7f78340c329,ok,"categoria_menu,forma,tema_label,temi",,2026-04-19T08:56:26.300327
e3657947-01d3-4c94-aaa3-1973dd1d5995,theater-without-borders,bbc90912-c35e-4386-aff8-8edc7f8b5c6c,ok,"categoria_menu,forma,tema_label,temi",,2026-04-19T08:56:26.298346
e3b44727-cd03-44a9-92b9-d4783cfdd149,a-week-from-god-and-no-disrespect-to-the-movie,3ecdd045-c5a3-4d5b-bdfd-5c913a9089d5,ok,"categoria_menu,forma,tema_label,didascalia_copertina,temi",,2026-04-19T08:56:26.555317
e3b1ee5d-c855-432e-9bab-46fe3f67cacc,finding-ourselves-unique-growing-together,fd0e498f-8fba-4217-8481-0b9cede063d6,ok,"categoria_menu,forma,tema_label,didascalia_copertina,temi,tags",,2026-04-19T08:56:26.522014
e3d0117e-1158-4c8d-92bf-6d4fd8043954,i-was-so-afraid,b4d5c233-976a-4650-adcf-7140c5d6267c,ok,"categoria_menu,forma,tema_label,temi",,2026-04-19T08:56:26.652433
e3beb010-b8ed-4f4b-a593-707a03510f95,spastic-why-this-term-misrepresents-cerebral-palsy,be8482e9-4d4c-4cb8-80ee-c811eaf61bcf,ok,"categoria_menu,forma,tema_label,didascalia_copertina,temi,tags",,2026-04-19T08:56:26.644860
e3d35c21-f31f-4e06-b563-1c6ad7ca8078,dead-battery,4097dbbb-04b2-47e5-bdf5-bf0752b65fc3,ok,"categoria_menu,forma,tema_label,didascalia_copertina,temi",,2026-04-19T08:56:26.850481
e3fd263c-bc2f-42a8-835c-45f8a9d3dd59,siamo-state-a-parigi-nella-redazione-di-ombres-et-lumiere-en,04e6f278-1a52-4a38-b017-345ad1755ffa,ok,"categoria_menu,forma,tema_label,didascalia_copertina,temi",,2026-04-19T08:56:26.956496
e3fbd8f0-2cce-4ca6-ba02-afc889da41e0,margheritado-you-remember-you-asked-me-for-wool-in-different-colors,7aac526b-d91e-41cd-b0ad-ade4e856557f,ok,"categoria_menu,forma,tema_label,temi",,2026-04-19T08:56:26.921560
e4043346-3424-40e2-90f1-89661da3fc0c,filma-particular-silence,d6f9ace0-4853-44ee-babb-8fb1d45e1a78,ok,"categoria_menu,forma,tema_label,didascalia_copertina,temi",,2026-04-19T08:56:27.022066
e40e60b0-b1f8-47ba-b23a-b3e66e5d8c27,ill-do-it,d97d4b87-cc2b-4b13-85ac-78610cec0950,ok,"categoria_menu,forma,tema_label,temi",,2026-04-19T08:56:27.142624
e4282234-6c67-46a1-9a22-d96b9070aa2f,a-new-shape-for-summer-camp,758738e7-fe46-4c4f-8214-1353d2440adf,ok,"categoria_menu,forma,tema_label,didascalia_copertina,temi,tags",,2026-04-19T08:56:27.252779
e416d1a4-5f6f-4c52-8de1-00862685216a,free-to-live-like-everyone-else-italys-first-national-conference-on-disability-policy,1bfddd2d-5d82-4fe2-b39b-7192cbedde19,ok,"categoria_menu,forma,tema_label,temi",,2026-04-19T08:56:27.234063
e4297ff8-a536-4c9f-b142-3ccbf343d9f6,breaking-the-cycle,b3ace884-a773-4833-99d7-2deee658e4f5,ok,"categoria_menu,forma,tema_label,temi",,2026-04-19T08:56:27.350930
e4473eec-e0a6-4cf5-93da-081ce74372ad,the-disabled-person-in-society-prospects-for-integration-book-review,b570786b-1774-4422-98e3-eb10777fa972,ok,"categoria_menu,forma,tema_label,temi",,2026-04-19T08:56:27.407065
e449a56a-07b1-4e50-936e-370769e5fee5,few-beds-many-families-la-nostra-famiglia-and-the-burden-of-care-in-the-south,56294338-ce10-423c-b7a6-770f0426ac4a,ok,"categoria_menu,forma,tema_label,didascalia_copertina,temi",,2026-04-19T08:56:27.564132
e44dc4cd-3a8b-49e6-b29b-a2c93de17b95,from-our-communities-8bbd,8bbd98d2-f81a-4616-9388-cd6659e55870,ok,"categoria_menu,forma,tema_label,didascalia_copertina,temi",,2026-04-19T08:56:27.566587
e4a6c436-bbe6-4d0d-a73a-ceecbc71136d,john-paul-iis-gift,f6185a1e-8275-4713-8099-1833311d59c3,ok,"categoria_menu,forma,tema_label,didascalia_copertina,temi,tags",,2026-04-19T08:56:27.639533
e4cb2ee9-24d9-4379-b711-d8d8cbaaee48,marijas-christmas-child,8ebe40db-3470-4fbb-9a10-68e4cb7286aa,ok,"categoria_menu,forma,tema_label,didascalia_copertina,temi",,2026-04-19T08:56:27.713141
e4d11444-c2ec-42da-8385-5f83d9d01b2c,what-if-i-had-listened-to-my-despair,8ff6ce1b-18e3-4ed6-b6ae-cb54941fdcc6,ok,"categoria_menu,forma,tema_label,temi,tags",,2026-04-19T08:56:27.909937
e4e45eec-82e9-4e8c-9a50-501b7412f380,why,4b312c20-6e50-4586-8c66-01ccac09b9bf,ok,"categoria_menu,forma,tema_label,didascalia_copertina,temi",,2026-04-19T08:56:27.913756
e4eeac2b-275b-4019-a7c8-823a8c4273b1,open-dialogue-no-135,0f698c73-530d-4596-9c04-8e0f008b4c97,ok,"categoria_menu,forma,tema_label,didascalia_copertina,temi",,2026-04-19T08:56:27.995344
e4f5cfdf-429e-49d7-9ee8-601fa0d7fb7f,my-first-coffee-with-mariangela,8fed3958-b3ba-4588-88c4-d32293656f74,ok,"categoria_menu,forma,tema_label,didascalia_copertina,temi,tags",,2026-04-19T08:56:28.015654
e4fdddf3-05ff-41a1-8720-6e4547d52ec3,what-a-strange-egg,ded44df2-0acc-4582-a91f-618eb49e092b,ok,"categoria_menu,forma,tema_label,temi",,2026-04-19T08:56:28.247443
e4feabd3-a889-4b94-a304-c802b727a7cf,faith-and-light-a-movement,a714dfe7-c5c2-4372-ba4a-e762034e343e,ok,"categoria_menu,forma,tema_label,didascalia_copertina,temi,tags",,2026-04-19T08:56:28.263017
e503cfd2-3550-4c44-a663-e1cfd311f742,tickets-and-drawings,3d8f26df-4008-44d0-a697-a9e921410a38,ok,"categoria_menu,forma,tema_label,temi",,2026-04-19T08:56:28.312905
e51a67cc-10fc-4d7f-b71f-ad72f4dba884,a-tenderness-i-never-knew-i-had,cde6176b-3adc-4237-b1d7-a7430a3b8cfd,ok,"categoria_menu,forma,tema_label,temi",,2026-04-19T08:56:28.373615
e52288cd-5474-4b8d-b074-a455a71ec50d,it-feels-like-yesterday,204b42a4-53db-488f-9023-9a84db4511ce,ok,"categoria_menu,forma,tema_label,temi",,2026-04-19T08:56:28.665469
e51f2b71-3595-481e-a352-9e244b3baa06,open-forum-no-39,959e7216-27f8-4688-a67f-664335e06921,ok,"categoria_menu,forma,tema_label,didascalia_copertina,temi",,2026-04-19T08:56:28.565456
e51ab873-6c6c-47b3-a4d0-48d842857909,olettas-gift-how-a-horse-becomes-healing,37474502-2c6f-4356-a46c-089d30bc6b86,ok,"categoria_menu,forma,tema_label,temi,tags",,2026-04-19T08:56:28.554675
e523581e-6447-47d6-b00c-25b478d1abc4,mother-teresa-of-calcuttafor-children-and-all-of-us,4b87b105-6440-4cf8-a60e-4a82e602f641,ok,"categoria_menu,forma,tema_label,temi",,2026-04-19T08:56:28.712788
e53453dc-c0d6-4ac0-9530-34efaa20cb84,sketch-fleeting-reality-book-review,77c75e2b-9342-43a1-ba52-18806da87487,ok,"categoria_menu,tema_label,didascalia_copertina,temi",,2026-04-19T08:56:28.932189
e534c201-c77c-4488-8691-3ed5d56cb46d,like-a-ray-of-sunlight,c7e1db74-db5b-4fba-a056-8c71494ffd15,ok,"categoria_menu,forma,tema_label,temi",,2026-04-19T08:56:28.947408
e53ac02b-301c-4c79-8914-26bceba06748,when-the-darkness-is-complete,eee45932-983d-4299-a050-8d36c001f310,ok,"categoria_menu,forma,tema_label,temi",,2026-04-19T08:56:28.988042
e5490ffb-aea0-426a-ac49-2415995cd268,singing-my-way,a599a40a-1b6c-4b0d-b24c-e835585aa1c1,ok,"categoria_menu,tema_label,didascalia_copertina,temi",,2026-04-19T08:56:29.068624
e567caad-c7e1-4209-9cf0-eb676f70f8f9,the-fifty-sixth-column-a-practical-tool-for-self-formation-in-the-work-of-care,02bbc330-85fd-4ece-984b-6fd40292d3eb,ok,"categoria_menu,forma,tema_label,didascalia_copertina,temi",,2026-04-19T08:56:29.266638
e5716111-0cbf-4446-b2ac-f40875c4ac74,a-few-rays-of-sunlight-in-syria,a18ce892-6d44-4318-ae58-ec02c85ead66,ok,"categoria_menu,forma,tema_label,didascalia_copertina,temi",,2026-04-19T08:56:29.280627
e593e07c-dedb-40f4-afe8-d61455da8e1d,trembling-wait,aac895c8-e02c-4d13-8954-3328f8db64ec,ok,"categoria_menu,forma,tema_label,temi",,2026-04-19T08:56:29.320414
e59f3c7e-f887-45a5-8888-141fd90d6492,i-want-to-help-but-where-do-i-start,ab1f38fc-43e9-4a78-8d8c-c65656ccfa78,ok,"categoria_menu,forma,tema_label,temi,tags",,2026-04-19T08:56:29.380587
e5ba1ac8-4912-45ab-9d07-ef5ce75b9611,and-here-i-am,6c01bf2c-33f2-461e-b5af-165739131577,ok,"categoria_menu,forma,tema_label,didascalia_copertina,temi,tags",,2026-04-19T08:56:29.570914
e5d05cda-9cf8-48d9-b118-3b8b6956a082,what-i-have-learned,ce35d03e-b6c7-437b-8b5d-b4e3d1d1a469,ok,"categoria_menu,forma,tema_label,temi,tags",,2026-04-19T08:56:29.637354
e5d2a282-cc6b-4f82-acd1-67266c99828c,the-sexual-life-of-people-with-disabilities-what-kind-of-love,808211bf-d593-4313-8565-8968bb9f5908,ok,"categoria_menu,forma,tema_label,temi,tags",,2026-04-19T08:56:29.641614
e5d37530-6c89-4a17-a8ae-58e45aea4554,a-matter-of-conscience,8a0b5455-9f1d-427a-8d30-0b7c57630c03,ok,"categoria_menu,forma,tema_label,temi",,2026-04-19T08:56:29.722701
e5e0a9c8-f1d9-403c-b6a2-8c8a415c178c,it-will-be-beautiful,8331804f-1163-4177-afc0-0677d64b810c,ok,"categoria_menu,forma,tema_label,didascalia_copertina,temi",,2026-04-19T08:56:29.916724
e5fc4727-10f3-4443-9960-eedae289bb1d,my-first-bike-ride,3e2cd66e-8250-42c2-a268-ca7d4f686151,ok,"categoria_menu,forma,tema_label,didascalia_copertina,temi",,2026-04-19T08:56:29.937806
e5ffc48f-35df-4faa-885b-056cbb07637d,no-games-in-the-aquarium,195c1df1-3497-495d-8f0d-cb669fc41cc9,ok,"categoria_menu,forma,tema_label,temi",,2026-04-19T08:56:30.005521
e60c55be-1989-4610-9ed2-3aa8ac67a1e2,the-boy-called-adolf-had-no-eyelashes,91a16735-afba-41d1-af2e-0b6720fd390e,ok,"categoria_menu,forma,tema_label,temi",,2026-04-19T08:56:30.075708
e644cb00-5941-4fdc-90ca-57aa4eccf8ec,for-their-education-a-visit-to-the-romagna-state-school-for-the-blind,8e183947-72ff-49f2-ba1c-f8376fc0006e,ok,"categoria_menu,forma,tema_label,temi,tags",,2026-04-19T08:56:30.283978
e6526618-c0be-4110-be24-e4a592f8eceb,it-can-be-done-up-close-no-one-is-normal,97e1be87-8714-4a8b-b3a0-86d66d0d80d1,ok,"categoria_menu,forma,tema_label,didascalia_copertina,temi",,2026-04-19T08:56:30.340693
e64cbd69-ae61-41c4-a410-ec202c85f341,take-and-eat-of-it-all-of-you,22800435-6a50-42da-9f74-2f903d16253e,ok,"categoria_menu,forma,tema_label,temi",,2026-04-19T08:56:30.317218
e6649266-c0b7-47c9-a97b-749c6891921a,a-lesson-in-love-the-llanelli-south-wales-gathering-of-faith-and-light,a80995c2-c15e-4bbc-acdc-94c61c080441,ok,"categoria_menu,forma,tema_label,temi",,2026-04-19T08:56:30.394629
e6696650-00bf-4989-ae93-9a55f663baec,when-racism-wins,9ce6eaab-f075-4f0a-a1c7-e5a09d957d92,ok,"categoria_menu,forma,tema_label,temi",,2026-04-19T08:56:30.622854
e695e5a2-7232-45dc-b218-d1fd2093a62e,venice-festival-diary-78,c1c4a188-8f4f-4c40-8960-50adfd22367f,ok,"categoria_menu,forma,tema_label,temi",,2026-04-19T08:56:30.707665
e69a52f4-519d-403c-bde4-3c119877fc02,what-matters-is-that-hes-healthy,cd9ff970-633c-4073-b5d1-95e9b36bb9e9,ok,"categoria_menu,forma,tema_label,didascalia_copertina,temi",,2026-04-19T08:56:30.755162
e680a2a1-7304-41a9-a1a2-5c7f3129c78a,captive-minds-jacqueline-baillods-testament-to-children-with-cerebral-palsy,7454891a-94f3-4cd4-98c7-991b3dad5b67,ok,"categoria_menu,forma,tema_label,temi,tags",,2026-04-19T08:56:30.695205
e69cde6d-679c-4768-9475-84d89f8d06f2,crescere-con-il-lavoro-en,00b855b4-1b94-4815-b2ca-e23479dad816,ok,"categoria_menu,forma,tema_label,temi,tags",,2026-04-19T08:56:30.919682
e6b3701e-398b-411b-ad19-33760cc8c86d,dialogo-aperto-n-165-en,00b91bad-8501-4f1c-94b2-881b479ca8eb,ok,"categoria_menu,forma,tema_label,didascalia_copertina,temi",,2026-04-19T08:56:31.069672
e6e7f4f2-9f90-44da-b1f2-0e6e0cf135ae,marriage-between-dream-and-reality,f36d11d2-0f75-4191-8b58-24fabb79e82c,ok,"categoria_menu,forma,tema_label,temi,tags",,2026-04-19T08:56:31.087060
e6b5d73a-f6dd-4dcc-941f-2c66df9cd63b,the-boy-who-played-with-the-moon,11482711-1056-47ed-bb3f-67b0fb4ea43c,ok,"categoria_menu,forma,tema_label,didascalia_copertina,temi,tags",,2026-04-19T08:56:31.072074
e6eade14-598f-4936-92ef-5e558517a27f,i-am-an-african,ec473ea4-c18c-4cd3-a4b7-92f75bac157a,ok,"categoria_menu,forma,tema_label,temi,tags",,2026-04-19T08:56:31.279259
e7226c26-7da8-4204-ba68-c4407f0637a3,abbe-pierre-a-hand-outstretched-to-the-forgotten,3150f340-316e-4cee-b8a7-3d96255a5a57,ok,"categoria_menu,forma,tema_label,temi",,2026-04-19T08:56:31.424975
e6fa7290-1b6d-4a25-810f-d3ee54ec94ae,seventeen-new-sporthabile-centers-open-across-tuscany-for-paralympic-sport,5225f661-a631-4fb7-8096-16e62ef55ae7,ok,"categoria_menu,forma,tema_label,temi,tags",,2026-04-19T08:56:31.423142
e7257294-c91f-4b71-9822-2fd386229882,i-had-to-rethink-everything,44451ee1-88a4-42ff-b7e5-7a593ecd64d5,ok,"categoria_menu,forma,tema_label,didascalia_copertina,temi,tags",,2026-04-19T08:56:31.446303
e72ce628-caa5-4b2b-94bb-1e2714672f40,when-fragility-meets-fragility-disabled-journalists-report-on-migrants,4593c3f9-87b6-4066-9b26-a32ebda53a11,ok,"categoria_menu,forma,tema_label,didascalia_copertina,temi,tags",,2026-04-19T08:56:31.613125
e7477481-21fd-4bee-8e2e-2de775a4c560,spina-bifida-what-you-need-to-know,e1e4ac21-bd85-480c-93ee-9dc5ebd3e3fa,ok,"categoria_menu,forma,tema_label,temi",,2026-04-19T08:56:31.814377
e7465e1d-78b5-45b2-a9b6-5073a8c359e2,the-word-made-flesh,450a75a9-a7a3-464f-8d11-11e5620d3099,ok,"categoria_menu,forma,tema_label,temi",,2026-04-19T08:56:31.806834
e7366a04-15cf-4a00-af0c-648e4f17e8df,when-parents-learn-their-child-is-handicapped,fd993856-2439-4b12-93bd-8b409fb71e01,ok,"categoria_menu,forma,tema_label,didascalia_copertina,temi,tags",,2026-04-19T08:56:31.776286
e7504448-6a59-4c85-b861-1e72fc4f9907,cascina-nibai-a-living-answer,df43fe6f-ee72-4ba7-92af-f50b3101c505,ok,"categoria_menu,forma,tema_label,didascalia_copertina,temi,tags",,2026-04-19T08:56:31.929876
e761464a-cf71-4319-9f52-9f68c66c9697,that-gesture,95d13d63-28f1-4ee6-b827-85c4a74d4c98,ok,"categoria_menu,forma,tema_label,didascalia_copertina,temi,tags",,2026-04-19T08:56:32.116029
e7596fec-4f20-4714-9120-fcb7b0caa790,five-community-residences-models-in-action,4069ac14-f5b7-4913-b70e-7e20c4874315,ok,"categoria_menu,forma,tema_label,didascalia_copertina,temi,tags",,2026-04-19T08:56:32.102855
e772b1fc-167c-4e48-8a38-33a6e578d1d2,the-warmth-of-friendship,06dd85b6-9503-448c-8161-e5e4044c37a2,ok,"categoria_menu,forma,tema_label,didascalia_copertina,temi,tags",,2026-04-19T08:56:32.144670
e774aeb0-b054-4b8b-8946-8760d1150bf7,raise-the-curtain-were-on,636d366c-c975-4cf8-8930-71d3e1be5d76,ok,"categoria_menu,forma,tema_label,temi,tags",,2026-04-19T08:56:32.258011
e7aa4d1c-101f-43d2-a92a-fcde9599a2da,open-dialogue-no-124,9bb1c957-f234-4656-926b-d1fd5c7a5901,ok,"categoria_menu,forma,tema_label,didascalia_copertina,temi",,2026-04-19T08:56:32.459779
e791615e-4115-4fd5-9360-415c0698490a,happily-seated-a-review,5984f7cf-fb01-485a-bdd5-d7efb93cc7d8,ok,"categoria_menu,forma,tema_label,didascalia_copertina,temi",,2026-04-19T08:56:32.459538
e7825104-62d0-4637-b23a-731b540253f9,the-dark-gift,3042c357-18cc-4382-a972-0a0cfb2a8520,ok,"categoria_menu,forma,tema_label,temi",,2026-04-19T08:56:32.446261
e7af2107-4d88-44dc-a724-e65c25f63f56,fausta-022c,022c182e-41bb-411f-83cc-40e25bd3b246,ok,"categoria_menu,forma,tema_label,temi",,2026-04-19T08:56:32.564308
e80ab73c-33ce-43c4-9783-b6d6301674f0,the-special-friend-introducing-autism-to-young-children-a-review,fedaa3dc-9cc3-45c4-9b30-e778b74916b6,ok,"categoria_menu,forma,tema_label,didascalia_copertina,temi",,2026-04-19T08:56:32.797830
e7c007ec-4a87-4914-849f-1aee1b4fb88a,i-hate-this,baa0411b-a2c3-4614-a5ce-242f9b8eb1c9,ok,"categoria_menu,forma,tema_label,temi",,2026-04-19T08:56:32.795788
e7b38fac-154a-4b90-9a15-37ec05239344,ive-come-to-understand,e5958b65-8c83-40b5-b334-46dfff6e077f,ok,"categoria_menu,forma,tema_label,didascalia_copertina,temi,tags",,2026-04-19T08:56:32.786514
e827f7fa-ff87-4ac9-9d7d-38c6eb3ab7d0,life-faith-and-light-no-65,20c34fa5-14bc-4142-9f7d-cd5f3b46f4da,ok,"categoria_menu,forma,tema_label,didascalia_copertina,temi",,2026-04-19T08:56:32.847175
e836cf56-6942-4861-97a9-9d7a0ca3e917,four-cardinal-points-ombre-e-lucis-homes-across-romes-neighborhoods,4f913f1e-2d01-42e3-93f7-f10a91ebcd9d,ok,"categoria_menu,forma,tema_label,didascalia_copertina,temi,tags",,2026-04-19T08:56:33.140388
e82adac1-490a-46e1-a10e-65cd870c9249,being-community-newsletter-no-28,11dd3ca3-17e9-4af1-b94f-7d0b9c839d92,ok,"categoria_menu,forma,tema_label,temi",,2026-04-19T08:56:33.136427
e891e31f-f64c-4b0b-a8da-ddde2acf2d78,schools-of-human-relationship,f5016662-15e9-463a-a64e-3d8f4797daa5,ok,"forma,temi",,2026-04-19T08:56:33.176898
e8454bb2-f607-4dec-b368-6c14bbb69845,you-dont-divorce-your-childrenstaying-good-parents-after-separation,5a812495-e827-43df-b431-6165cd3dc5f9,ok,"categoria_menu,forma,tema_label,didascalia_copertina,temi",,2026-04-19T08:56:33.146408
e8b0415d-1488-44b8-a4eb-92bf5da4afa1,try-again-try-another-way-sex-and-affection,9261158f-ec0c-4373-86c2-f7ec184eb23f,ok,"categoria_menu,forma,tema_label,temi",,2026-04-19T08:56:33.491608
e8c6124e-6019-4462-881d-8ae80fca0b74,newsletter-no-13-new-soundtracks-for-our-cities,5c7057d1-7797-49e9-89c6-f3a11352fdd0,ok,"categoria_menu,forma,tema_label,temi",,2026-04-19T08:56:33.495248
e8d19911-2fad-4dda-a31f-ba9ab8aa4245,the-tenderness-of-jean-one-mans-portrait-in-film,2865ed49-def0-41ac-b578-3bf3f6cd6df3,ok,"categoria_menu,forma,tema_label,temi",,2026-04-19T08:56:33.508274
e8da301c-ad4b-4b92-b318-c910897a3cb2,i-dont-go-to-the-theater-much,b0f69bec-232d-44ae-abca-f33c55110654,ok,"categoria_menu,forma,tema_label,didascalia_copertina,temi",,2026-04-19T08:56:33.539514
e8eac0da-f2e0-4321-ae44-98be16f05150,teresa-a-life-of-work-fully-integrated,903c08fc-4e35-45fe-84db-6fc01b375285,ok,"categoria_menu,forma,tema_label,temi,tags",,2026-04-19T08:56:33.788388
e947b52f-9a12-4a0e-8bfb-b1c80476410b,return-to-assisi-a-pilgrimage-through-rome,245243d9-5744-4027-ad03-266a2db3ef89,ok,"categoria_menu,forma,tema_label,didascalia_copertina,temi,tags",,2026-04-19T08:56:33.874048
e95095f3-0558-4df5-be20-dc123b29276b,open-dialogue-no-98,f721c32b-5d56-419f-9d36-2750ee29ebe3,ok,"categoria_menu,forma,tema_label,didascalia_copertina,temi",,2026-04-19T08:56:33.895882
e94bc548-1d05-4b59-bd02-809651cdbbd8,family-for-whom-family-for-what,47bf6bed-d7bc-496f-9b80-8a0a1609d83e,ok,"categoria_menu,forma,tema_label,didascalia_copertina,temi,tags",,2026-04-19T08:56:33.875436
e965f78a-5ca7-4358-8f8d-f726117a610c,learning-games-for-everyone-think-through-the-answers,698e17b5-e7f9-480f-a96d-54cc2d5c41b5,ok,"categoria_menu,forma,tema_label,temi",,2026-04-19T08:56:34.099331
e96b63ea-d726-4803-b3e6-b65f65f8e7ec,supporting-children-with-cerebral-palsy-in-early-childhood,293979d9-7251-4091-a9d4-f69c93c6793e,ok,"categoria_menu,forma,tema_label,temi,tags",,2026-04-19T08:56:34.205968
e99313bf-f7a3-4b3f-9088-a7171fe08e5c,teresa-twenty-years-of-changing-attitudes-toward-disability,76e4f985-cad7-4ac1-ae01-9b02d2aefb2d,ok,"categoria_menu,forma,tema_label,temi",,2026-04-19T08:56:34.215915
e9b48c0c-3a1a-4bad-ba9f-dfff39907537,living-faith-and-light-issue-62,54c751de-fdea-4bf1-8ba6-1cc7dcfcbab2,ok,"categoria_menu,forma,tema_label,temi,tags",,2026-04-19T08:56:34.248319
e9bf8423-6e9c-4de1-80a3-27d8b1dc9a57,milan-and-clear-vision-a-reflection-for-our-movement,34f499e5-6a67-447d-8d53-417dde447ef0,ok,"categoria_menu,forma,tema_label,temi",,2026-04-19T08:56:34.379660
e9cf9db3-db6b-4a70-b367-728691152732,more-than-a-label,cc623a16-3080-4fd5-814e-1ce6f9d69270,ok,"categoria_menu,forma,tema_label,didascalia_copertina,temi",,2026-04-19T08:56:34.530229
e9d50ed8-4464-4af9-aa74-67d9709ab3cc,art-and-disability-a-visit-to-giotto,5a3d935e-2d85-44eb-a5d4-5cedb68be077,ok,"categoria_menu,forma,tema_label,didascalia_copertina,temi,tags",,2026-04-19T08:56:34.552549
e9f087f6-aac6-4f49-91c5-8789f58fb63d,i-ask-myself,351fc40e-0b4a-4565-acf7-e34673f0baa0,ok,"categoria_menu,forma,tema_label,temi,tags",,2026-04-19T08:56:34.571712
e9f67c11-7f97-4701-9c78-4a45f726ca61,is-leisure-time-really-free,769dc8c5-24b2-4950-9134-94aaaed1f407,ok,"categoria_menu,forma,tema_label,didascalia_copertina,temi",,2026-04-19T08:56:34.682378
ea029020-6c05-4c3c-9cc7-0447d9555377,a-history-of-disability,a7f078be-ec63-45fd-901c-21b8a4c3fc0f,ok,"categoria_menu,forma,tema_label,temi",,2026-04-19T08:56:34.806614
ea0b6597-7341-4690-b80f-0eaf6684d856,my-son-has-friends,796add14-3820-4eb1-bdd0-60e5b6e1e931,ok,"categoria_menu,forma,tema_label,didascalia_copertina,temi,tags",,2026-04-19T08:56:34.878279
ea14f009-0087-4d15-b6df-4f9081a5717d,sergio-is-a-good-gardener,94ef5b2d-7b6a-4f31-b2e3-b3807c7e6bde,ok,"categoria_menu,forma,tema_label,didascalia_copertina,temi,tags",,2026-04-19T08:56:34.915176
ea319aec-a2a9-439b-b7bd-ff0922df457c,the-summer-my-mothers-eyes-turned-green-book-review,ff71966c-bec8-4b1b-b03c-15ea7a92de7d,ok,"categoria_menu,forma,tema_label,temi",,2026-04-19T08:56:34.974962
ea3cf5d1-dcb1-4336-8e7f-3dd308c73a23,educating-children-with-mild-disabilities-what-does-that-mean,b3af8677-bc4a-4151-94ce-275cfebf99a3,ok,"categoria_menu,forma,tema_label,temi,tags",,2026-04-19T08:56:35.174224
ea41ab62-68ea-4457-8a1e-88b831929bbf,signs-of-gods-love,2ce38e6f-66b3-49a3-a5fc-5abef4d3085b,ok,"categoria_menu,forma,tema_label,didascalia_copertina,temi,tags",,2026-04-19T08:56:35.252532
ea4e75eb-4170-449f-b2b5-32e46a620ad9,christmas-in-my-heart-dacf,dacf5e50-3a6b-4982-b40a-29308f775aa3,ok,"categoria_menu,forma,tema_label,didascalia_copertina,temi,tags",,2026-04-19T08:56:35.325111
ea60869a-b3ec-401c-9580-12826d6d103e,open-forum-no-161,06ede3fd-2d2b-4482-8515-021fa47b8d3a,ok,"categoria_menu,forma,tema_label,didascalia_copertina,temi",,2026-04-19T08:56:35.373129
ea6910ad-7899-41c2-aff9-a61b723c1e80,letters-from-our-readers-851e,851ec08e-da62-45eb-aab5-b439f797faeb,ok,"categoria_menu,forma,tema_label,temi",,2026-04-19T08:56:35.574116
ea8baa75-fec4-4b77-93a0-801da318dbf0,three-questions-and-a-pilgrimage,29f95923-8097-4cc8-8aff-7f985e162e76,ok,"categoria_menu,forma,tema_label,didascalia_copertina,temi",,2026-04-19T08:56:35.620096
ea8efa0b-4bd3-42c6-a431-54d833df0288,a-heavy-summer-on-my-heart-and-mind,182467d9-b188-454c-8766-c61db77e247b,ok,"categoria_menu,forma,tema_label,didascalia_copertina,temi",,2026-04-19T08:56:35.681502
ea907191-48a7-4d65-9241-f967a41e3ece,a-story-we-cannot-ignore,7ac03064-3ac9-42c0-bc74-f632c9028a69,ok,"categoria_menu,forma,tema_label,temi",,2026-04-19T08:56:35.738701
ead3c1ba-01d4-445f-9177-12bfd3cde94e,casa-sacra-famiglia-a-home-for-healing-and-belonging,2131ebc6-7c5e-46fa-a544-bee1a52b5be5,ok,"categoria_menu,forma,tema_label,didascalia_copertina,temi,tags",,2026-04-19T08:56:35.912083
ead5ee41-898c-42d5-8a6d-48f88b38384e,the-1998-world-congress-of-ecclesial-movements,fad56a56-3665-4e7f-9fdd-0703c068942e,ok,"categoria_menu,forma,tema_label,temi",,2026-04-19T08:56:35.991677
eae60637-0783-483c-8c9e-8bd1bfc3f51c,the-challenge-of-larche-9372,9372c093-e49f-47bf-9352-7cec3780a7d2,ok,"categoria_menu,forma,tema_label,didascalia_copertina,temi",,2026-04-19T08:56:36.062140
eadedd76-4c66-4ec9-99e7-c63881f98f85,a-long-walk,d5dc529a-07d3-49e4-8f60-81452fafb777,ok,"categoria_menu,forma,tema_label,didascalia_copertina,temi,tags",,2026-04-19T08:56:36.004562
eae7d71b-ea1a-4164-8073-787d86855202,madness-and-love-a-path-to-the-soul-of-mental-illness,4af29649-19b7-42ef-87fe-1ab61c8388f9,ok,"categoria_menu,forma,tema_label,didascalia_copertina,temi",,2026-04-19T08:56:36.262468
eafae3b7-0c44-43b9-8175-48443717aab9,theater-with-people-who-have-disabilities,cdd207fc-b9f4-418b-a799-05cc26535cf4,ok,"categoria_menu,forma,tema_label,didascalia_copertina,temi,tags",,2026-04-19T08:56:36.328299
eb01e92a-42e2-457f-8310-1dc098c5d946,faith-and-light-news-1978-calendar,2053e9b3-05d2-4653-aed7-c7b728ac2380,ok,"categoria_menu,forma,tema_label,didascalia_copertina,temi",,2026-04-19T08:56:36.414472
eaffe4a4-28f0-491f-9f36-ebdbdb6439fa,two-captains,ae5f3d90-ff88-4b4e-af7a-2c2176889f07,ok,"categoria_menu,forma,tema_label,didascalia_copertina,temi,tags",,2026-04-19T08:56:36.364924
eb1591f4-077a-4cb5-be2d-2cdc5056c41b,give-me-liberty-ee18,ee18767e-2dcc-4b1b-90ce-ea6ebc98005c,ok,"categoria_menu,forma,tema_label,didascalia_copertina,temi",,2026-04-19T08:56:36.570287
eb26e003-085e-4611-a4b2-9658bab6945b,i-feel-grown-up,a5b91626-9ebe-42a5-b4b2-2485325ad355,ok,"categoria_menu,forma,tema_label,temi",,2026-04-19T08:56:36.618762
eb28342d-8e65-44c0-9a70-dcac26841829,voices-from-the-silence-a-review,a585e060-035f-4418-be63-003d92f46a1f,ok,"categoria_menu,forma,tema_label,didascalia_copertina,temi",,2026-04-19T08:56:36.729016
eb292b4d-0e23-4bd4-9154-8f01daf1b4fe,il-mio-primo-tuffo-en,00cbad1a-5643-457a-8ae9-d0099362b52a,ok,"categoria_menu,forma,tema_label,didascalia_copertina,temi",,2026-04-19T08:56:36.758085
eb2cd0c8-8237-43be-a808-76399522ffbf,mom-can-i-talk-to-you-a-review,1ce42857-67d4-4131-a070-87e1284503d8,ok,"categoria_menu,forma,tema_label,didascalia_copertina,temi,tags",,2026-04-19T08:56:36.843531
eb32a7c7-7017-4d3a-a24f-a6b2cb7a4b19,a-silent-voice-a-film-review,280c9ebd-2c46-465c-b762-8a6941d16653,ok,"categoria_menu,forma,tema_label,didascalia_copertina,temi",,2026-04-19T08:56:36.917757
eb550fec-500f-4207-8762-1d3851a4d6f0,a-guide-to-catholic-hospitality-in-italy-itinerari-reviewed,f1f77d5e-c688-4bfd-91c7-ced072b90c1d,ok,"categoria_menu,forma,tema_label,temi",,2026-04-19T08:56:37.068776
eb598f2b-7659-4c2c-89e1-9e272ff0bb27,go-to-your-brothers-and-tell-them,bdab4f5e-d5c8-4e5f-945b-7a642c0f31a8,ok,"categoria_menu,forma,tema_label,temi,tags",,2026-04-19T08:56:37.086694
eb657fc0-7746-443a-a18e-5589e19cfbb3,a-mothers-joy-massimos-first-communion,2209ba21-8a6f-410f-a87f-61bf4842f4c2,ok,"categoria_menu,forma,tema_label,temi,tags",,2026-04-19T08:56:37.123684
eb938092-36e1-428d-bec2-956e5a3f0604,loics-blessing-then-and-now,b325c26c-7013-4447-8f39-5c48db11bc63,ok,"categoria_menu,forma,tema_label,didascalia_copertina,temi",,2026-04-19T08:56:37.277367
eb94ef25-5554-4c7d-a8d8-4354ca2b3d54,a-visit-to-the-belgian-center-for-children-with-cerebral-motor-disorders,73b1997f-250c-4557-8146-0e7f6f3f211c,ok,"categoria_menu,forma,tema_label,temi,tags",,2026-04-19T08:56:37.382495
ebd7d051-d20d-4512-8313-d02b0c258022,darios-house-a-home-for-those-left-behind,37256bd0-98f0-47dc-a05f-46d47711f3db,ok,"categoria_menu,forma,tema_label,temi",,2026-04-19T08:56:37.446673
ebd928c1-1039-42eb-b617-1ef80e0e7c5f,we-move-carefully-with-diagnosis,83af4d70-c847-4cdb-88a1-1e796e3a4c65,ok,"categoria_menu,forma,tema_label,didascalia_copertina,temi",,2026-04-19T08:56:37.464009
ebd9dba7-f0dd-43cb-a917-c4810579aa7b,the-paralympics-and-the-tiresome-conflation-of-heroism-and-disability,d07709de-10f2-4a76-aaff-0d14758bd9ad,ok,"categoria_menu,forma,tema_label,didascalia_copertina,temi,tags",,2026-04-19T08:56:37.549600
ebdb3599-9545-438f-bf76-3b02b5e9ca3b,from-darkness-to-light,c2c7fcca-ca99-4ca6-9a6e-2356f73c2dbe,ok,"categoria_menu,forma,tema_label,temi",,2026-04-19T08:56:37.736013
ebe006ed-d137-46d2-9b2c-5644d81f7816,communities-of-familiesa-review,db0837e0-ca78-4323-982b-a8a5787deaa6,ok,"categoria_menu,forma,tema_label,temi",,2026-04-19T08:56:37.780670
ebe227ed-e7c6-46b2-9f1d-8b1c09cd1229,cardinal-martini-addresses-the-faith-and-light-communities,7568bd57-94f8-4d9e-83bc-cb3ac02f5966,ok,"categoria_menu,forma,tema_label,didascalia_copertina,temi,tags",,2026-04-19T08:56:37.827753
ec18604c-d6ea-4946-9c31-9f47c98fcd96,houses-of-charity,20b18b5b-9b46-4530-9390-7c71c7c8ee99,ok,"categoria_menu,forma,tema_label,didascalia_copertina,temi,tags",,2026-04-19T08:56:37.881675
ec1d5e19-5d6d-43e7-890d-339533a73fac,open-dialogue-n108,af0d01e5-6209-4b3a-a27c-d19b078c1996,ok,"categoria_menu,forma,tema_label,temi",,2026-04-19T08:56:38.017310
ec3e5ef0-8a10-4067-bb49-621c9c32687f,between-fear-and-the-need-to-know,26f42ba7-a18a-4d5e-bac3-9d9a2b60b4d2,ok,"categoria_menu,forma,tema_label,didascalia_copertina,temi",,2026-04-19T08:56:38.078576
ec51d862-92f2-4776-8dac-f262ca80be46,on-the-cross-like-jesus,93bdd203-ba07-42b0-bfed-0d3c7ff22906,ok,"categoria_menu,forma,tema_label,didascalia_copertina,temi",,2026-04-19T08:56:38.230334
ec558a04-bfb3-45c7-a446-7efc28993dfe,inclusion-everyday-solidarity,412dc6c7-8491-4060-8b3e-672ed3aa13ca,ok,"categoria_menu,forma,tema_label,didascalia_copertina,temi,tags",,2026-04-19T08:56:38.250390
ec60e389-72cf-4fbb-bff2-101e16c08bfb,only-if,0dd5a5bf-320a-42cd-8b02-3a713b2ec0dc,ok,"categoria_menu,forma,tema_label,didascalia_copertina,temi,tags",,2026-04-19T08:56:38.312829
ecb0c39f-88b8-4d56-9800-58bcb9502a5f,a-singular-offering,8ecd10e3-01c2-44cd-a973-00282351c6a9,ok,"categoria_menu,forma,tema_label,didascalia_copertina,temi,tags",,2026-04-19T08:56:38.497168
eca7f463-456b-42b9-9583-dfe261d5f2e2,faith-and-light-at-fifty-a-journey-still-burning-bright,127506a0-aba2-44b1-b3bc-c935f95ed4d1,ok,"categoria_menu,forma,tema_label,temi,tags",,2026-04-19T08:56:38.430677
eccfffec-05ca-4760-917e-18f12ce68277,network-sociale-building-a-connected-community-in-ravenna,2b4008e1-c957-47dc-beb5-349cb84a70ac,ok,"categoria_menu,forma,tema_label,didascalia_copertina,temi,tags",,2026-04-19T08:56:38.561826
ecd9e834-5668-42d6-966c-3f2050f051a7,cinema-e-disabilita-i-3-film-di-enrica-riera-en,022678c5-2429-4596-9cd1-b5f579c3398f,ok,"categoria_menu,forma,tema_label,temi",,2026-04-19T08:56:38.623594
ecda5dc5-e228-4462-8ebf-7ee825a91d86,the-foreigner,65642612-389f-4f75-8d29-8039b92b868f,ok,"categoria_menu,forma,tema_label,temi",,2026-04-19T08:56:38.783894
ecda6424-f712-45c9-b9dd-3186b5b6be15,disability-and-adult-life-quality-purpose-and-pedagogy,16d4af02-73f7-4762-b1fa-10a493c99f75,ok,"categoria_menu,forma,tema_label,temi",,2026-04-19T08:56:38.821826
ecdc50ef-3fb2-4a4c-b0cc-18b450f0a509,god-makes-no-distinctions,21beb932-d897-4994-a3b1-77188487d881,ok,"categoria_menu,forma,tema_label,temi",,2026-04-19T08:56:38.869433
ecdd7506-abde-4c50-82e1-7eda84255ca7,what-my-sisters-disability-asks-of-our-friendship,39017d9b-a267-4d03-a624-165ccb4c39a2,ok,"categoria_menu,forma,tema_label,temi,tags",,2026-04-19T08:56:38.938842
eced1624-6980-4772-9246-730694413c1a,my-son-drives-me-to-desperation,fc6190a8-8845-4ae0-b1f9-47a7e82eebb9,ok,"categoria_menu,forma,tema_label,didascalia_copertina,temi",,2026-04-19T08:56:39.065173
ecf2cd61-0e56-469a-a0ad-08633e81a206,preparing-for-the-sacrament-of-confirmation,e1cf2c7d-a424-4937-b1e2-5aab4d8046bb,ok,"categoria_menu,forma,tema_label,temi",,2026-04-19T08:56:39.122406
ecfc0de4-7208-4bfc-921c-60f5585bcb1f,museum-for-all,c7788573-724b-4c55-9425-75436255fbf5,ok,"categoria_menu,forma,tema_label,temi",,2026-04-19T08:56:39.139318
ed1836c2-560b-42e4-ad22-899a1e15be4a,you-have-not-yet-been-defeated-a-review,605e344a-6ec5-4e38-9a14-3b332db16929,ok,"categoria_menu,forma,tema_label,temi",,2026-04-19T08:56:39.252930
ed1bd9b9-7a76-4072-ab73-377465fbec23,with-us,4b86605b-6326-4ae1-927d-fac44e7bf933,ok,"categoria_menu,forma,tema_label,didascalia_copertina,temi",,2026-04-19T08:56:39.382826
ed3d495f-4cc5-4242-98a5-f844c3641e9f,jean-vanier-in-kenya-the-story-of-father-gabriel-and-san-martino,a2fdda90-a355-4c61-a0da-f8f88af33fb8,ok,"forma,temi",,2026-04-19T08:56:39.480434
ed41ae41-c1f8-4e09-a54a-f8afbf244040,theater-and-discovery-at-the-beehive,3fbe6612-3560-46d5-a1f9-0a7750c7efe0,ok,"categoria_menu,forma,tema_label,didascalia_copertina,temi,tags",,2026-04-19T08:56:39.510839
ed60cfa6-89a3-48b6-aa22-54b4149d1a3e,do-you-love-jesus-then-thats-enough,68038443-8204-4cc2-9746-d34a2e2b396c,ok,"categoria_menu,forma,tema_label,didascalia_copertina,temi,tags",,2026-04-19T08:56:39.609023
ed756135-2f2c-4a4e-97bb-f28dacfa5641,the-burden-and-the-chosen,40378063-f830-4cf3-9d2f-feb410457a33,ok,"categoria_menu,forma,tema_label,temi",,2026-04-19T08:56:39.694340
ed75b780-a820-40f5-944b-a3a3776f4c6e,the-story-of-john-paul-iis-relic,68d1d9a4-f559-416c-a727-02da77c92d14,ok,"categoria_menu,forma,tema_label,didascalia_copertina,temi",,2026-04-19T08:56:39.811176
edb59073-ab6e-4e27-b3aa-7fafcb200b96,moving-forward,23e7f68c-a4a2-4b89-91cf-c944454f2498,ok,"categoria_menu,forma,tema_label,temi",,2026-04-19T08:56:39.848552
eddbc179-b83b-414e-a867-e4978c45fe96,siblings-of-children-with-disabilities-what-do-they-think-what-do-they-feel,8b845c55-a37e-4ba0-9ee4-5064da3055ed,ok,"categoria_menu,forma,tema_label,didascalia_copertina,temi,tags",,2026-04-19T08:56:39.903000
eddef3f9-1210-42c5-80e8-c63fa00ef228,why-must-we-live-like-this,cd7e19c7-3023-4de0-a27f-e886b4a18f5d,ok,"categoria_menu,forma,tema_label,didascalia_copertina,temi,tags",,2026-04-19T08:56:40.012300
ee09d31e-6e1d-42ba-b23f-e45be7c6c8db,open-dialogue-34,a5fde02b-f9f8-4387-9e03-bcce884cfdba,ok,"categoria_menu,forma,tema_label,didascalia_copertina,temi",,2026-04-19T08:56:40.168608
ee0c3470-951f-4cf7-be72-ca3aea6cc8d7,the-ages-of-miss-uffa-newsletter-no-17,667f350a-ac24-48a8-8f89-40eee7c72bf7,ok,"categoria_menu,forma,tema_label,temi",,2026-04-19T08:56:40.224878
ede39395-5e0e-495e-ab8a-06c84beab650,once-upon-a-time-a-little-red-fish-and-little-duckling,2bf6e796-5702-4015-b905-4c9bdcf7ea6d,ok,"categoria_menu,forma,tema_label,didascalia_copertina,temi",,2026-04-19T08:56:40.160483
ee120e87-2350-4b09-adca-e4d580b845c5,reclaiming-our-humanity,6a456ff6-d37d-43da-95d0-8386aae31551,ok,"forma,temi",,2026-04-19T08:56:40.374468
ee462873-5863-4b53-8808-1492b522db88,the-square-a-restaurant-where-people-with-disabilities-learn-independence,dac7b86e-887c-41ff-9092-d670761eea52,ok,"categoria_menu,forma,tema_label,temi",,2026-04-19T08:56:40.522621
ee51347c-a5de-4c44-abf2-ce48d3729c3c,my-brother-chases-dinosaurs,d99a7278-66bd-4c7c-92f2-d9328b915254,ok,"categoria_menu,forma,tema_label,didascalia_copertina,temi",,2026-04-19T08:56:40.525276
ee539d3e-0e23-428e-93f4-d7a013c60283,which-side-are-you-on,e2deeaf3-4a98-4211-8530-0008dd04ea0a,ok,"categoria_menu,forma,tema_label,didascalia_copertina,temi,tags",,2026-04-19T08:56:40.539130
ee981c00-6737-4684-8dbe-709969d1755c,listen-to-build,47824686-0d8a-4b10-867a-702801672134,ok,"categoria_menu,forma,tema_label,temi",,2026-04-19T08:56:40.707724
eebbfad4-ffe3-4fbc-8019-b5c83406299d,the-friends-trattoria,af17c010-03ea-45db-8388-0369c2712533,ok,"categoria_menu,forma,tema_label,didascalia_copertina,temi",,2026-04-19T08:56:40.839859
eec028a4-594f-404b-8a02-3fac750602b2,brescia-rallies-behind-respite-programs-for-disabled-families,994f451b-4807-4563-8ae0-99eb1de0ebf3,ok,"categoria_menu,forma,tema_label,temi,tags",,2026-04-19T08:56:40.842542
eed3fa40-a50f-4110-9efa-0b66dc8fde78,giovannis-second-chance,23e92712-a603-450c-982e-fc22147543b6,ok,"categoria_menu,forma,tema_label,temi",,2026-04-19T08:56:40.894494
eed7d0a8-25fe-4118-b702-a7d6bb73f6e3,get-to-work,46192328-5215-4f80-97c8-14a7773b702c,ok,"categoria_menu,forma,tema_label,didascalia_copertina,temi",,2026-04-19T08:56:41.008164
eef72f04-bce0-4d7c-a2db-fddf166fda11,designing-a-community,0cf09074-a625-4258-b293-2b6cde43d6ae,ok,"categoria_menu,forma,tema_label,temi,tags",,2026-04-19T08:56:41.161654
ef211370-2af9-4bab-85d0-ac143daffc78,from-the-provinces-issue-140,606bb0e5-577e-4693-9b35-197d3c9a2c23,ok,"categoria_menu,forma,tema_label,didascalia_copertina,temi",,2026-04-19T08:56:41.211214
ef352e6a-833b-4705-b871-58dc67a98121,in-the-ward,abc90360-e5b3-474c-9fe4-758175ddff7a,ok,"categoria_menu,forma,tema_label,didascalia_copertina,temi",,2026-04-19T08:56:41.232336
ef40f8d0-ec73-4698-9d3b-77cb06d9fbc8,trisomy-21-down-syndrome,44e2cc5e-8814-4961-9048-dbfb64d562a8,ok,"categoria_menu,forma,tema_label,didascalia_copertina,temi,tags",,2026-04-19T08:56:41.294766
ef4337e6-c23b-4579-821e-70a6ca557de7,the-courage-to-dare,d869d57a-3690-471f-a084-64f514527d85,ok,"categoria_menu,forma,tema_label,temi",,2026-04-19T08:56:41.425005
ef688fe8-83e2-4e65-8635-5ba4c9c72480,the-santa-silvia-bus,33b5c470-9c73-42b1-99fe-780ebdace3eb,ok,"categoria_menu,forma,tema_label,didascalia_copertina,temi,tags",,2026-04-19T08:56:41.530365
ef7907da-e83a-45b2-a18d-eb4fe481e5ff,special-olympics-30-years-of-winter-games,c1e0c302-d75e-4e86-8ad7-3be578b43d40,ok,"categoria_menu,forma,tema_label,temi,tags",,2026-04-19T08:56:41.568360
ef8911fb-7abb-46ef-aee2-0cd58eec058d,saturday-february-1-1975,f6745b34-f47a-46c8-b90e-e4df1e8d905a,ok,"categoria_menu,forma,tema_label,didascalia_copertina,temi",,2026-04-19T08:56:41.692509
ef89830b-22d7-47a1-8eab-e3fcb394d31b,rare-diseases-what-you-need-to-know,491147f5-1ff6-4c50-9296-c05856f1f8f0,ok,"categoria_menu,forma,tema_label,didascalia_copertina,temi,tags",,2026-04-19T08:56:41.766110
ef8cacfa-8374-453a-80c1-88c2c2b6b92e,brooke-my-special-friend,d6b5aa45-1782-4916-8393-0b03a6cb39c2,ok,"categoria_menu,forma,tema_label,didascalia_copertina,temi",,2026-04-19T08:56:41.831898
ef94e44a-0eae-49df-856c-2db986a90f50,voices-from-mothers,c1899e42-0254-417a-b209-b29744ea9157,ok,"categoria_menu,forma,tema_label,didascalia_copertina,temi,tags",,2026-04-19T08:56:41.890108
ef9b63a0-7949-47ab-ac36-662e47463e94,john-paul-ii-didnt-seem-like-a-priest-or-a-pope,4d46e3f9-2332-4d19-b52b-814f465e9b5b,ok,"categoria_menu,forma,tema_label,didascalia_copertina,temi,tags",,2026-04-19T08:56:41.996602
ef9b972a-0d2b-4509-a43b-528c2a61c6f4,mirtilla-and-the-captain,0bd2d8a5-49cf-4ab4-9007-60ed62be15f9,ok,"categoria_menu,forma,tema_label,didascalia_copertina,temi",,2026-04-19T08:56:42.078680
ef9d84f9-e4e6-48f6-8eb5-fa188fc102a1,i-feel-in-crisis,693c622f-ab4a-4499-a5df-841dc5a8d600,ok,"categoria_menu,forma,tema_label,didascalia_copertina,temi,tags",,2026-04-19T08:56:42.141857
ef9eee83-8738-4f74-ac77-a9b95f4ce2a6,casa-jada-oamis-model-family-home,a93ea67d-1236-4bb8-86ab-de9eb8e42b45,ok,"categoria_menu,forma,tema_label,didascalia_copertina,temi,tags",,2026-04-19T08:56:42.196131
efce5b46-3480-4ece-baf1-416d89125715,a-good-wind,4bdc3e25-4a7f-450f-92b2-ca47739751ef,ok,"categoria_menu,forma,tema_label,didascalia_copertina,temi",,2026-04-19T08:56:42.371557
efcb6489-04bd-489b-b288-fd52be62e7ae,a-lords-honor,074cba3a-2ce2-4cdb-86a8-f62753093e3c,ok,"categoria_menu,forma,tema_label,didascalia_copertina,temi,tags",,2026-04-19T08:56:42.314732
efdba1ec-7a5c-40fe-9a43-305bf78136cf,the-christmas-story-i-tell-my-son,673d0f1c-75cc-4a75-bba2-201c8143cb96,ok,"categoria_menu,forma,tema_label,didascalia_copertina,temi",,2026-04-19T08:56:42.476836
eff3aa1c-301c-4cc7-abe5-1be912d98c8b,do-we-have-a-future,e3d6b2bf-04c5-417e-810d-c249fd8c3a71,ok,"categoria_menu,forma,tema_label,didascalia_copertina,temi",,2026-04-19T08:56:42.542395
f01ba883-d5dd-495b-ad85-f68cbfe9b6d2,a-way-forward-for-the-mentally-ill-together-we-can,f35377f4-4dfc-41c0-be50-bb7c4fb832a5,ok,"categoria_menu,forma,tema_label,temi",,2026-04-19T08:56:42.704936
f0270086-34c7-4a97-bac9-28c84128c46d,slow-steps-book-review,3744e86f-f645-4422-a9b5-ee2ac54f9e85,ok,"categoria_menu,forma,tema_label,didascalia_copertina,temi,tags",,2026-04-19T08:56:42.761974
f06c5b1e-efd9-4219-8cbe-096451117899,ombre-e-luci-issue-14-1986,6fc7bfef-1347-4d69-8258-fb151a229929,ok,"categoria_menu,forma,tema_label,temi",,2026-04-19T08:56:42.879641
f0435c2b-ce44-4260-bfda-b8c23fd0b54a,the-others,09bb8253-671c-44ca-98c3-1f36fa63b36e,ok,"categoria_menu,forma,tema_label,temi,tags",,2026-04-19T08:56:42.789280
f07bd70c-31e6-4754-90d3-db0bb28083d7,me-lorenza-and-the-ham,4b58789a-5dd9-40ea-a3c3-86ca5619e627,ok,"categoria_menu,forma,tema_label,temi",,2026-04-19T08:56:43.031507
f0832524-e195-422c-ab1c-f3e8d5827848,when-life-becomes-this-hard,b50a3393-9e8c-4f68-bbdf-12f2ec219e02,ok,"categoria_menu,forma,tema_label,didascalia_copertina,temi,tags",,2026-04-19T08:56:43.163449
f0970c8a-c047-4675-bfbc-deeb670e6e09,the-gospel-for-all-people-with-mental-disabilities-sunday-in-the-parish-community,4ef8acfd-43b8-4887-b165-84cbef63d3d6,ok,"categoria_menu,forma,tema_label,temi",,2026-04-19T08:56:43.188843
f085b938-1c11-48ea-b701-17321feb30ba,the-intimacy-of-the-body-sharing-your-childs-intimate-care,a6d047d9-657b-4a2e-9b6c-6b8cf18ed97f,ok,"categoria_menu,forma,tema_label,temi",,2026-04-19T08:56:43.184330
f0c1933a-69e3-476e-970f-a3101c2593b4,words-for-grown-ups,67c98064-779d-4d30-87af-06ad28ab67b9,ok,"categoria_menu,forma,tema_label,didascalia_copertina,temi,tags",,2026-04-19T08:56:43.322362
f0f63957-5843-4211-b6e3-e09162230e4d,in-the-south-curve,3c1e3e7b-392d-4e61-8617-8f13a0477254,ok,"categoria_menu,forma,tema_label,temi",,2026-04-19T08:56:43.538145
f102fb20-802f-4b4a-b2f9-67e856006e03,for-love-of-anna-a-true-story-of-an-autistic-girlreview,a113f080-add7-4de0-9222-9af5e0a85aae,ok,"categoria_menu,forma,tema_label,didascalia_copertina,temi",,2026-04-19T08:56:43.547044
f0fe87c2-2143-4f36-b10d-cfe701dce368,my-name-is-charlotte-fien-and-i-have-down-syndrome,6589ce3c-b5c0-4437-9528-f5dd6286bc96,ok,"categoria_menu,forma,tema_label,didascalia_copertina,temi,tags",,2026-04-19T08:56:43.543013
f105bfbf-03c4-4a82-b975-33064bd9bb50,rain-man,fae1d074-fe55-4889-99a8-289a511232ff,ok,"categoria_menu,forma,tema_label,temi,tags",,2026-04-19T08:56:43.677107
f127db6b-d71c-49c1-bdff-84d8277293a9,il-progetto-dandelion-en,01e61c58-8d03-475d-9f6d-20f7d946983e,ok,"categoria_menu,forma,tema_label,didascalia_copertina,temi",,2026-04-19T08:56:43.926964
f10ce026-4247-4c92-bc0b-d02f867a99a9,can-i-say-hello-to-my-mother,0bdeea89-abb9-4121-a4fe-9308ccc533d6,ok,"categoria_menu,forma,tema_label,didascalia_copertina,temi,tags",,2026-04-19T08:56:43.911207
f12f9939-e7c0-41dc-bc80-2d275f614411,hello-im-puccio,a1275143-2e6e-41e6-9123-2ef35a2b3bdf,ok,"categoria_menu,forma,tema_label,didascalia_copertina,temi,tags",,2026-04-19T08:56:43.964166
f186d0de-0ed6-4f5d-828d-05257937c625,cinema-and-disability-three-films-by-edoardo-zaccagnini,f8915d4c-3cd0-4a75-8c0c-2c10acfc9c8d,ok,"categoria_menu,forma,tema_label,temi",,2026-04-19T08:56:44.039099
f1a0151d-ed1e-4800-8823-a44d8b257c1d,the-most-beautiful-thing,b21513ed-d4c8-4f3f-bc83-3fa527295000,ok,"categoria_menu,forma,tema_label,didascalia_copertina,temi",,2026-04-19T08:56:44.205340
f1aa3094-07c8-44d7-b432-101657d22680,disabledmothers,bdd03dc4-17e4-42bd-bd4b-98ae4a38fe01,ok,"categoria_menu,forma,tema_label,didascalia_copertina,temi,tags",,2026-04-19T08:56:44.238031
f1efb568-2238-4345-a61b-c4da2f275217,forty-years-of-ombre-e-luci,8b49cad4-94d8-474c-89fd-d7c94544f97d,ok,"categoria_menu,forma,tema_label,didascalia_copertina,temi",,2026-04-19T08:56:44.322779
f1e5da3c-60c7-4a97-b68a-7eb923dcf385,the-finest-swim-of-my-lifea-review,33b84958-96b8-438d-881f-ea7ef8d8b716,ok,"categoria_menu,forma,tema_label,didascalia_copertina,temi",,2026-04-19T08:56:44.302913
f21c4b3b-8c75-4a3d-82be-8a7ca605cc0e,il-nostro-autismo-quotidiano-storie-di-genitori-e-figli-recensione-en,0143728c-2810-41d1-965e-0ac9b83dd881,ok,"categoria_menu,forma,tema_label,temi",,2026-04-19T08:56:44.514862
f223dd88-38e5-459b-88a4-919b891d5af8,fede-e-luce-transforms,f4daa8a2-3a82-40de-8e2f-609470de6ba4,ok,"categoria_menu,forma,tema_label,temi",,2026-04-19T08:56:44.580644
f2387e6d-7ac1-40bf-a347-c26d6eb65f28,life-in-the-provinces-no-151,554309fc-8834-49ac-be91-d2cec49f0cd8,ok,"categoria_menu,forma,tema_label,didascalia_copertina,temi",,2026-04-19T08:56:44.669087
f233ec01-a6c3-4846-992e-d4a7854efdfa,after-us-the-rights-that-already-exist,8e2c4c18-2cfd-4d17-9105-9d715b785738,ok,"categoria_menu,forma,tema_label,didascalia_copertina,temi,tags",,2026-04-19T08:56:44.666889
f2425048-4989-4a2e-9dc0-8af7843320e5,im-not-used-to-packing-my-bag,594d2a4a-94c4-496e-89d1-6f7b8eb23e41,ok,"categoria_menu,forma,tema_label,temi",,2026-04-19T08:56:44.836085
f2584ee6-b756-4c5d-8888-6ec9355995dd,faith-and-light-day-and-night,1eef1684-6f9b-46ed-8d66-587843744aae,ok,"categoria_menu,forma,tema_label,didascalia_copertina,temi,tags",,2026-04-19T08:56:44.891059
f29abf41-6866-4d1f-9008-80301e5be7bb,football-as-life-training-the-calciosociale-model,75e228fa-1052-4d00-b0f5-79652681c625,ok,"categoria_menu,forma,tema_label,didascalia_copertina,temi",,2026-04-19T08:56:45.158168
f2724861-c299-450c-beb1-c87c4b69ed86,the-handbook-of-good-manners,1a5c8c50-cb50-428c-b82c-0dabbf1cd8bf,ok,"categoria_menu,forma,tema_label,temi",,2026-04-19T08:56:45.080266
f28904b3-10ab-48ef-b75a-b7c815ecc449,factory-work-is-hardand-worth-it,d10c2209-a906-434e-86a0-98bb6c224d1c,ok,"categoria_menu,forma,tema_label,didascalia_copertina,temi",,2026-04-19T08:56:45.098152
f2ae2bc0-7952-46b6-8321-c4dcbb20e73a,where-was-he,af94b87c-caf2-4ab8-a76b-16574e74b89c,ok,"categoria_menu,forma,tema_label,temi,tags",,2026-04-19T08:56:45.265895
f2b791f7-a11c-4242-962a-932b5f8862dd,why-suffering-some-reflections,1e4adf82-446e-430f-9bfb-8d756034a96b,ok,"categoria_menu,forma,tema_label,didascalia_copertina,temi",,2026-04-19T08:56:45.431844
f2c0110d-205d-49f7-bec3-b582464c6c3e,social-cooperatives,708062ea-3b8c-4c4f-be31-8bd975640cfd,ok,"categoria_menu,forma,tema_label,didascalia_copertina,temi,tags",,2026-04-19T08:56:45.448155
f2d8979c-ada5-480b-a884-c1c090283e93,borderline-a-review,c819e2ff-8edb-4b33-8b70-2f0e02f183b4,ok,"categoria_menu,forma,tema_label,didascalia_copertina,temi",,2026-04-19T08:56:45.457372
f2d944b5-cbe1-4d98-baa0-f936ba9a2720,with-mary,c3575e81-c72a-4f46-9f84-9678a132708e,ok,"categoria_menu,forma,tema_label,temi,tags",,2026-04-19T08:56:45.580265
f2da3551-8b2c-4ab9-85fc-230aa76f346e,squizo,345d57e6-ee8b-437e-80fe-19ccd53f18e6,ok,"categoria_menu,forma,tema_label,temi",,2026-04-19T08:56:45.771861
f30ccb7b-b421-4dbb-8225-821708fdfc31,meb-the-joyful-painterone-mans-triumph,1d053491-2bdd-48cc-8efe-9143399056e1,ok,"categoria_menu,forma,tema_label,temi",,2026-04-19T08:56:45.831479
f300863a-0140-4124-af8a-d43e1ad32910,so-many-are-waiting,b7c21d50-73b9-4dff-8e7f-8b2dff9eac09,ok,"categoria_menu,forma,tema_label,temi",,2026-04-19T08:56:45.807009
f31f11f3-d3f8-40af-97c0-d6603524c3ff,opening-your-home-a-practical-guide,e5164732-92fb-4983-9195-5bdda8b074a3,ok,"categoria_menu,forma,tema_label,temi,tags",,2026-04-19T08:56:45.935966
f322c619-58c0-49fa-a15e-bd78609b8acc,sick-with-love,3743ada0-c3ce-45e4-af53-4a1b6d775e35,ok,"categoria_menu,forma,tema_label,didascalia_copertina,temi",,2026-04-19T08:56:46.061373
f32ce3ca-b762-41f8-985b-e4d21a4f7f0f,the-as-of-my-life-book-review,88443e61-cd93-4431-abdc-5650088673f8,ok,"categoria_menu,forma,tema_label,temi",,2026-04-19T08:56:46.130590
f367dfd4-a89f-42b8-8031-30b35a50a725,the-terminally-ill-child-a-book-review,78ad5926-76db-4eb7-bc03-d77a4dd7901e,ok,"categoria_menu,forma,tema_label,didascalia_copertina,temi",,2026-04-19T08:56:46.142887
f37164a2-001a-4010-aeec-59f31c797377,will-you-be-my-friend,aba178a7-638e-420e-b53c-43e08189c510,ok,"categoria_menu,forma,tema_label,temi",,2026-04-19T08:56:46.233674
f3718047-2fbd-46ec-84c1-3888e0a8d8a1,in-welcoming-community,3120ba76-8716-4df7-add5-18d6e53da689,ok,"categoria_menu,forma,tema_label,didascalia_copertina,temi,tags",,2026-04-19T08:56:46.327848
f393fc91-fdac-416a-8574-3005482604cb,recommended-reading-no-26,ecd78380-abea-47cc-a888-c2994b9d3984,ok,"categoria_menu,forma,tema_label,temi",,2026-04-19T08:56:46.456441
f39eb18d-20ec-4d1c-b695-da80bcf47301,faith-and-light-in-africa,618f234c-01a5-4be6-9232-38c91b5c4d25,ok,"categoria_menu,forma,tema_label,didascalia_copertina,temi,tags",,2026-04-19T08:56:46.482118
f3b413e8-c268-4ea9-8c87-72d38b702d84,why-we-came-to-assisi,b0eb072f-5508-4f67-90b2-43dc2900a26f,ok,"categoria_menu,forma,tema_label,didascalia_copertina,temi,tags",,2026-04-19T08:56:46.522538
f3c221c7-d52b-47fd-b427-efed8a0a5fd6,jesuss-answer,7fbc1823-545e-409e-9ccd-bbd083c956d2,ok,"categoria_menu,forma,tema_label,didascalia_copertina,temi",,2026-04-19T08:56:46.675668
f3d3990c-cb71-46d5-94dd-7c90f4226efb,network-through-the-network,9350dfb2-5990-493a-b39c-12a18047c0e7,ok,"categoria_menu,forma,tema_label,temi",,2026-04-19T08:56:46.874086
f3eaa6e8-532d-4d52-ab48-8b667a512216,open-dialogue-no-159,034a313a-c7f2-4e11-9b5d-42f3891571e0,ok,"categoria_menu,forma,tema_label,didascalia_copertina,temi",,2026-04-19T08:56:46.889559
f3d5e586-8d14-4eb1-bd16-d5e409f0bc90,a-different-story-altogether,889eb739-5531-4f78-8f6a-adaa4f1034dd,ok,"categoria_menu,forma,tema_label,temi",,2026-04-19T08:56:46.887667
f3ebacb5-6078-4fc4-a326-9bbe89c99b41,stop-and-understand,3180713e-adec-4f3f-97c1-f6e9f27693f4,ok,"categoria_menu,forma,tema_label,temi",,2026-04-19T08:56:46.952746
f3f8ae5d-b6db-4560-a3b7-d8f376260bf3,fano-2018-our-best-and-brightest,546aee8f-5d0f-4df9-9094-62044c83c4ca,ok,"categoria_menu,forma,tema_label,didascalia_copertina,temi,tags",,2026-04-19T08:56:47.154199
f404fd68-51c9-4401-9796-f61b796b4b24,jean-vaniers-message-to-young-people,66d04bdc-4a30-4857-8b16-be37c14f68d9,ok,"categoria_menu,forma,tema_label,temi",,2026-04-19T08:56:47.249020
f3fc05f5-974a-44fa-9e6b-2a17b6b5bdfc,working-together-an-afternoon-called-workshop,50df621a-1347-464a-bf1e-bcd6d5dc0dc5,ok,"categoria_menu,forma,tema_label,temi,tags",,2026-04-19T08:56:47.209962
f405abdf-d1e6-4a3f-9568-40cc00eb2183,one-night-i-dreamed-you-spoke-a-review,40ec791c-2563-4eb8-91a4-2ffb0592e8d8,ok,"categoria_menu,forma,tema_label,didascalia_copertina,temi",,2026-04-19T08:56:47.312242
f40a59f0-4be5-45a9-bf88-d4555774dcb2,open-dialogue-no-162,b94206e7-5e19-42b4-90d4-04061a44b428,ok,"categoria_menu,forma,tema_label,didascalia_copertina,temi",,2026-04-19T08:56:47.498840
f40cf0e6-35d2-43ca-9380-5dd71118fb08,their-gaze-pierces-our-shadows-a-review,6b6671bc-ccc0-4bdc-aeca-34d1650e1d1a,ok,"categoria_menu,forma,tema_label,didascalia_copertina,temi",,2026-04-19T08:56:47.558691
f412de7c-c3ff-4a6c-a1b1-e797330f8eb1,italys-first-underwater-archaeological-trail-for-divers-with-disabilities,d5ab3f8f-d608-4f61-baf9-98539445d7f8,ok,"categoria_menu,forma,tema_label,temi",,2026-04-19T08:56:47.564354
f43848f7-54bd-4700-a673-7e4707203033,my-son-luciano,f89ef4fa-dbd8-4309-ad18-7dbd8575ddf7,ok,"categoria_menu,forma,tema_label,didascalia_copertina,temi",,2026-04-19T08:56:47.617945
f43e9320-c4fd-4584-8a7b-76a87dbbc949,sunday-afternoon,b8d14365-68c2-4cff-b020-dd232f38350b,ok,"categoria_menu,forma,tema_label,temi",,2026-04-19T08:56:47.838755
f445c96f-cb1f-4574-a8b0-2af3181c116a,but-after-we-meet-they-disappear,293de8d2-bfed-4d80-b844-d28981948202,ok,"categoria_menu,forma,tema_label,didascalia_copertina,temi,tags",,2026-04-19T08:56:48.087603
f4add607-248f-4ca9-ba18-81a48f3e9415,a-new-equestrian-therapy-center-for-children-with-disabilities,49447b91-1102-4ff6-b522-911505972b16,ok,"categoria_menu,forma,tema_label,didascalia_copertina,temi,tags",,2026-04-19T08:56:48.089235
f4c97738-b1a3-4c4d-bba0-880673898891,green-parrots-a-war-surgeons-notebooka-review,bc89f246-d06c-427d-b530-449ed0da1d53,ok,"categoria_menu,forma,tema_label,temi",,2026-04-19T08:56:48.134138
f4ee3558-8ddd-4807-8caf-79a0a63e344c,the-real-bill-to-pay,5510fd93-4ca3-4971-9e94-37eb188eafff,ok,"categoria_menu,forma,tema_label,didascalia_copertina,temi,tags",,2026-04-19T08:56:48.223266
f4f3a068-2486-458e-9f70-c3ef76c8f051,come-and-see-faith-and-lights-youth-formation-week-in-fano,0f1a4aa9-e0c2-440a-a6f2-6879422e3290,ok,"categoria_menu,forma,tema_label,temi,tags",,2026-04-19T08:56:48.422358
f51440c2-27fc-4faa-978b-1905a1467d3e,my-life,a1975166-5cda-4119-8eab-6be5512a7e50,ok,"categoria_menu,forma,tema_label,temi,tags",,2026-04-19T08:56:48.477382
f5128173-c6b1-42af-b8ba-5ede8cbc456c,the-art-of-encounter-overcoming-the-fear-of-difference,4ff88ea2-61e8-4e06-9290-6ae083b3b583,ok,"categoria_menu,forma,tema_label,didascalia_copertina,temi,tags",,2026-04-19T08:56:48.450005
f51f373b-e152-4a68-9cca-2c9dce26200d,shops-and-pants,2ff8c84a-0b15-4bf6-bdd3-f68b312b20ef,ok,"categoria_menu,forma,tema_label,temi",,2026-04-19T08:56:48.578744
f54c9d4c-26e3-41d7-9fb9-5d7f0672a4ed,learning-to-live-well-with-jimmy-part-one,fb0a7578-c0ee-4217-9f89-dceed4bb7264,ok,"categoria_menu,forma,tema_label,temi",,2026-04-19T08:56:48.754121
f581be8f-be58-4f83-8cf3-1df2485ee4c2,left-behind-on-lonely-roads,11075d8d-2306-4dfb-af5a-aff95cad3017,ok,"categoria_menu,forma,tema_label,temi",,2026-04-19T08:56:48.863275
f55e0e8c-bc15-499d-9dcf-6660a365aa6c,the-farm-at-villa-dalme,f3c2b86f-c978-446a-9bda-4f0d40afa2e3,ok,"categoria_menu,forma,tema_label,temi",,2026-04-19T08:56:48.845242
f59190fa-f97b-4ecf-a86c-9b47b6389112,useless-details-a-book-review,21461678-4cec-4dfb-b967-4375827d5f8f,ok,"categoria_menu,forma,tema_label,didascalia_copertina,temi",,2026-04-19T08:56:48.917829
f5b009f7-1c2e-4943-8126-45e2e15c0e83,how-to-say-no-you-cant-have-that,53cbd8de-e19d-4ce7-9dc6-96f045c9d739,ok,"categoria_menu,forma,tema_label,didascalia_copertina,temi,tags",,2026-04-19T08:56:49.052672
f5b11034-01df-45b9-b047-5aab64ddab54,how-a-book-can-change-everything,a86183af-b927-4e21-ac5a-1babc84acf62,ok,"categoria_menu,forma,tema_label,didascalia_copertina,temi",,2026-04-19T08:56:49.137898
f5d62f5f-0b16-4595-8031-848abbffa39c,marie-the-cross-eyed-girl-a-simenon-novel-revisited,595e7df4-7782-4494-a65c-5a9d9024639c,ok,"categoria_menu,forma,tema_label,temi",,2026-04-19T08:56:49.163040
f5f6561f-9e1e-486b-9a0f-a2a60c797fd9,let-me-show-you-rome,69bce178-4c81-434c-8b07-1d3b83d2de7e,ok,"categoria_menu,forma,tema_label,didascalia_copertina,temi",,2026-04-19T08:56:49.221741
f60c806b-4f9f-4be3-8e57-f7eb9474300e,what-freedom-means,e9097700-cbec-48c8-88c8-d2897fcbb2d7,ok,"categoria_menu,forma,tema_label,didascalia_copertina,temi",,2026-04-19T08:56:49.382321
f6302803-6af3-44d7-aa40-4137639572b4,the-others-are-us,e742005d-866a-48c9-9bef-4e88ba2511f6,ok,"categoria_menu,forma,tema_label,temi",,2026-04-19T08:56:49.442535
f622b3cc-3f67-40f0-882d-010d82c84cc5,dialogo-aperto-n-136-en,00b6677a-38b2-43db-a97d-5dbbb36878de,ok,"categoria_menu,forma,tema_label,didascalia_copertina,temi",,2026-04-19T08:56:49.405451
f63f0777-aa3b-4f54-acdf-60407daa3eab,our-part,cdbd2759-321b-4c70-9f5d-ed8ca1469ae2,ok,"categoria_menu,forma,tema_label,temi",,2026-04-19T08:56:49.532208
f6565308-c35e-4bb8-9375-b038775a9e8b,venice-82-how-virtual-reality-cinema-tells-disability-stories-with-empathy,47d67f49-aa27-4783-8a4e-9dc9bd99c675,ok,"categoria_menu,forma,tema_label,didascalia_copertina,temi,tags",,2026-04-19T08:56:49.648414
f68c36d7-9f8f-4d0d-a2a2-dc9f83f85b26,when-death-becomes-a-teacher-what-the-dying-teach-us-about-living,eb1cfda1-875d-4803-a6c5-60891bc8ccaf,ok,"categoria_menu,forma,tema_label,didascalia_copertina,temi",,2026-04-19T08:56:49.751652
f673fb3e-852c-4cd9-b667-f3d35e227192,rediscovering-the-grace-of-confession,2879185b-8cec-45a1-9075-7b956bc9278d,ok,"categoria_menu,forma,tema_label,didascalia_copertina,temi",,2026-04-19T08:56:49.718888
f6b3e8dc-b691-43a5-b28c-9dce52b9aedc,letters-from-our-readers-issue-21,3eca8a1c-b8c0-428e-9ad5-d9ebb716c6e2,ok,"categoria_menu,forma,tema_label,temi",,2026-04-19T08:56:49.898262
f6ac674c-13b7-44fc-902e-495518a6db9c,school-integration-what-it-looks-like-from-the-desk-next-door,e424ba17-caa9-452f-a698-9596e0801e43,ok,"categoria_menu,forma,tema_label,didascalia_copertina,temi,tags",,2026-04-19T08:56:49.831107
f6be0aea-704d-45c6-aca0-9c3881393497,all-but-one-got-in-the-saddle-scuderia-le-forne,32a5f984-b204-4fd7-a845-13ce7cda17de,ok,"categoria_menu,forma,tema_label,temi",,2026-04-19T08:56:50.042349
f6c6784a-2c24-42a6-a171-60cb6db4effe,human-resistance,45ecde77-6dd5-4d05-89cd-ee813e34bf82,ok,"categoria_menu,forma,tema_label,didascalia_copertina,temi",,2026-04-19T08:56:50.046076
f6f33241-22e9-4ff5-a9ad-fab94f97c661,a-signature-isnt-enough,0280a50b-f230-4543-9a9c-0136561bd6e7,ok,"categoria_menu,forma,tema_label,temi",,2026-04-19T08:56:50.168873
f7030ed2-29e9-4b59-ac3e-a1d92460799a,the-young-artist-of-chartres,057ba2cf-96d3-46e2-8786-0e4a2ca368f1,ok,"categoria_menu,forma,tema_label,temi",,2026-04-19T08:56:50.183661
f70aa4d9-b186-4f66-925c-2ac3b5d49c46,being-bea-a-graphic-memoir,d686dd56-706c-4c49-b802-e6bf1879cd04,ok,"categoria_menu,forma,tema_label,didascalia_copertina,temi,tags",,2026-04-19T08:56:50.334506
f7067831-5008-4d07-a6a4-ba7f4c993bd8,our-scoop,e06b0185-c027-4135-87af-ad166baad604,ok,"categoria_menu,forma,tema_label,didascalia_copertina,temi,tags",,2026-04-19T08:56:50.290896
f70c2428-6c61-4f28-81b7-df08d0ce3585,a-week-at-roccamonfina,6d9d598c-c3a5-407e-87a0-49a6fef7c4e1,ok,"categoria_menu,forma,tema_label,didascalia_copertina,temi",,2026-04-19T08:56:50.406944
f7149a39-1963-48d6-98da-1012c0b3639a,better-than-a-magic-wand,abac90d0-16f2-4b93-ba3c-9c5af61d2200,ok,"categoria_menu,forma,tema_label,didascalia_copertina,temi",,2026-04-19T08:56:50.484742
f791fff4-3122-4c9f-be0f-83d53e3017ff,the-strength-of-an-oak-associazione-la-quercia-millenaria,d5f77b04-86a5-4757-b2ad-d6c7d45ab6e8,ok,"categoria_menu,forma,tema_label,temi,tags",,2026-04-19T08:56:50.624603
f76cd24c-6383-4033-8fa6-830e06f4573b,children-are-hope,ed08a35b-280a-406a-9f99-6e6446fefac3,ok,"categoria_menu,forma,tema_label,temi",,2026-04-19T08:56:50.597660
f7adb5b6-1b90-4776-9f97-92bcb34cdb49,do-you-have-a-favorite-child,412ff9b4-cd6b-4424-900d-70e7f33ad217,ok,"categoria_menu,forma,tema_label,temi",,2026-04-19T08:56:50.731061
f7af4533-d809-49c7-a210-bf258a11cd79,life-at-montemigliore,fde13cb0-a6e0-4b31-9542-64befbff6006,ok,"categoria_menu,forma,tema_label,temi",,2026-04-19T08:56:50.826152
f7f64784-1f3b-4225-be1d-e865fc34c1cc,hand-in-hand,d56f5013-21f4-4a83-aa0a-15692a219fd1,ok,"categoria_menu,forma,tema_label,temi",,2026-04-19T08:56:50.926866
f7d547b0-ff44-4b2f-b77e-9d356f4dbef2,you-are-loved-by-god-just-as-you-are,453f0dcf-1c79-417a-a5e5-0ef3bfeb051c,ok,"categoria_menu,forma,tema_label,didascalia_copertina,temi,tags",,2026-04-19T08:56:50.924798
f80c5d04-47c5-402a-99c1-b1ae3c072124,two-brothers-and-the-english-brigade,7c1ffbdd-7047-4659-9ac4-8b21b7bc5b3f,ok,"categoria_menu,forma,tema_label,temi",,2026-04-19T08:56:51.019469
f824078b-430d-47b6-8688-be5ff6fe755c,freedom-has-no-age,9d6ab57e-74f9-4be3-8ba9-69b4714e438c,ok,"categoria_menu,forma,tema_label,didascalia_copertina,temi",,2026-04-19T08:56:51.091466
f835e196-6cc9-41a5-ada3-2170b303f349,open-dialogue-no-95,334e1075-5a55-4eec-8c61-05597405f46e,ok,"categoria_menu,forma,tema_label,didascalia_copertina,temi",,2026-04-19T08:56:51.266014
f841e7f8-95ac-41cf-90f2-51054c51e20b,merry-christmas-dc00,dc00fb23-b72a-4859-be7d-7921dc0883d8,ok,"categoria_menu,forma,tema_label,didascalia_copertina,temi,tags",,2026-04-19T08:56:51.280419
f84ecb17-d236-48f9-999c-d94439800c2d,everyone-has-a-place-in-the-community,7274958f-0acf-4a6b-96b6-989ee9e054d4,ok,"categoria_menu,forma,tema_label,didascalia_copertina,temi,tags",,2026-04-19T08:56:51.320033
f8510f4e-367e-4578-b6f7-9f6d6d19b08d,bad-luck,84f27f78-7dfb-4920-a936-e89f7ad5e435,ok,"categoria_menu,forma,tema_label,didascalia_copertina,temi,tags",,2026-04-19T08:56:51.449084
f8723bf1-970b-40c3-8b93-d4a13e55d319,training-camp-young-people-and-volunteers-with-disabilities-join-civil-protection,a214e8fb-5509-4279-aeb1-47506af3894c,ok,"categoria_menu,forma,tema_label,temi",,2026-04-19T08:56:51.633325
f863c670-d462-4cb9-8690-3c81ac953119,poems-for-francesca,6f578c93-391a-4adb-b1e1-19c586054808,ok,"categoria_menu,forma,tema_label,temi,tags",,2026-04-19T08:56:51.588148
f8817e13-c0b8-4c45-8035-c5fb631c992e,help-me-play,91501a55-3261-4afd-846e-31b6ac82bfbe,ok,"categoria_menu,forma,tema_label,didascalia_copertina,temi",,2026-04-19T08:56:51.670453
f891c7fc-a8c2-49db-ba04-93ceedd78372,cellis-caponata-a-recipe-that-bridges-italy,f10d5b1f-54a1-4f20-86ff-237645405161,ok,"categoria_menu,forma,tema_label,temi",,2026-04-19T08:56:51.784205
f8a6817c-45a5-45b9-bfe3-6738034f55eb,life-in-the-provinces-issue-152,769ab90d-c53f-4d49-91b4-00cc2ba494d9,ok,"categoria_menu,forma,tema_label,didascalia_copertina,temi",,2026-04-19T08:56:51.960754
f89a20c0-11a4-4d80-bd49-30c70df03643,a-pilgrims-journey,71105498-2286-4010-aaa7-d67ef5588f88,ok,"forma,temi",,2026-04-19T08:56:51.925306
f898f6c9-c40b-4143-904f-0f8c665f4e6e,a-christmas-apart,48fcedf4-d40e-432c-a58d-334567f816d9,ok,"categoria_menu,forma,tema_label,temi,tags",,2026-04-19T08:56:51.922057
f8aa4e3c-8091-4117-aa19-99ee7e7cea58,vocazione-di-fede-e-luce-en,01c65522-e584-4199-b98b-c17188bfc8b0,ok,"forma,didascalia_copertina,temi,tags",,2026-04-19T08:56:52.082236
f8d0b2f8-39c7-4713-8aa5-5ca09729e1e6,dancing-but-without-elia-for-now,acb3b938-8499-4b1f-ad2c-7dcb2c375379,ok,"categoria_menu,forma,tema_label,temi",,2026-04-19T08:56:52.258418
f8b76567-d3d1-4679-93d3-5b58f82af4ea,world-autism-awareness-day-the-world-turns-blue,323191d2-51cb-4374-a150-17a7cb434388,ok,"categoria_menu,forma,tema_label,temi",,2026-04-19T08:56:52.255891
f8f0786f-8f1e-4e29-b028-b38d7fc43e2f,the-music-of-the-world,4b3868a5-aa0d-4db7-853d-211e5bd22a36,ok,"categoria_menu,forma,tema_label,didascalia_copertina,temi",,2026-04-19T08:56:52.273822
f8f7f954-a262-46f5-ab8b-90aa92032a5c,immacolatas-courage,0feb7748-c2df-4e2a-be57-386c1e13b101,ok,"categoria_menu,forma,tema_label,didascalia_copertina,temi,tags",,2026-04-19T08:56:52.362095
f8ff5b2e-2723-446d-ab45-d5f6dd74b14b,dear-aunt-cosima,14d99fc6-cff9-4ee1-9498-f68f850d55fe,ok,"categoria_menu,forma,tema_label,didascalia_copertina,temi",,2026-04-19T08:56:52.530988
f90adb4d-31ad-475a-a20a-a1948ebaac3d,the-real-presence,9373bd0d-f9f8-4ae5-be7e-25360da8149e,ok,"categoria_menu,forma,tema_label,temi",,2026-04-19T08:56:52.563412
f915a239-f84d-4098-9f27-6699efbf8a64,disabling-conditions-in-aging-when-health-fails,e88fb51b-4c6c-48f8-a111-4a971491c178,ok,"categoria_menu,forma,tema_label,didascalia_copertina,temi,tags",,2026-04-19T08:56:52.588162
f917ef7a-81a1-4970-aa63-ae1353b3806f,the-logic-of-utopia-the-birth-of-the-capodarco-community,296a4d5f-bca9-4dd9-9083-39510db8dd9d,ok,"categoria_menu,forma,tema_label,temi",,2026-04-19T08:56:52.711217
f98a96ce-d272-4c6b-ae5d-3ff85cad14f0,lelia-b049,b049aedc-7c41-4a2a-a7b1-1a1553e2e7bf,ok,"categoria_menu,forma,tema_label,temi",,2026-04-19T08:56:52.854343
f9459b95-b456-4f0d-99a1-4ddd794acfb3,oltre-la-scienza-umanita-e-buon-senso-in-un-centro-per-la-cura-della-psicosi-en,04474117-46de-4095-b47c-0a19e64706fa,ok,"categoria_menu,forma,tema_label,didascalia_copertina,temi,tags",,2026-04-19T08:56:52.821202
f9946d5d-f893-4e7d-bc3b-744550b42f5f,art-as-language,25faf32f-3ed4-4285-9dde-02eb2a13e858,ok,"categoria_menu,forma,tema_label,didascalia_copertina,temi",,2026-04-19T08:56:52.925820
f9ad3e01-3f1d-4938-9271-8bbbeaccf91c,a-christmas-with-something-more,fdca5924-0cb8-4dd4-ab48-fa7b76be890f,ok,"categoria_menu,forma,tema_label,didascalia_copertina,temi,tags",,2026-04-19T08:56:52.986804
f9b5883b-3d32-4940-932d-71a04810ac81,play-day-2018-in-venice-bridging-the-distance-of-disability-through-sport,a728af0b-9cb1-4871-aa8e-08deca647757,ok,"categoria_menu,forma,tema_label,temi,tags",,2026-04-19T08:56:53.116755
f9ba43c3-d856-4f22-a87a-9527d9693ba4,riding-the-rails-women-hobos-in-america,f7db8010-a37c-464e-a59f-dada9caff141,ok,"categoria_menu,forma,tema_label,temi",,2026-04-19T08:56:53.189208
f9db7093-66de-4744-b189-8223d2b9e8a8,padel-a-word-that-makes-no-sense,741d6a17-7d30-4b1f-9d55-4afa209f5baa,ok,"categoria_menu,forma,tema_label,temi",,2026-04-19T08:56:53.196183
f9f7ea84-1cff-4a0a-b77a-f171beed548f,robertos-mother-writes-to-us,d902ca01-8eae-4683-bef2-bc5e86b43bf7,ok,"categoria_menu,forma,tema_label,didascalia_copertina,temi",,2026-04-19T08:56:53.284547
fa33cb22-3bd7-4495-b49d-befbd026f3f6,in-the-warmth-of-simple-love,0ab0e8ef-64f9-4b99-8a6b-beafa2ede9a9,ok,"categoria_menu,forma,tema_label,didascalia_copertina,temi,tags",,2026-04-19T08:56:53.401017
fa36f0e3-dd03-46ba-9857-26ba64e43ad8,the-invisible-disability,51496080-da49-439e-867b-066ec138edcf,ok,"categoria_menu,forma,tema_label,didascalia_copertina,temi",,2026-04-19T08:56:53.479647
fa4180a9-084d-4b44-baa4-154009147a57,faith-and-light-gathers-at-the-crossroads-the-alps-danube-meeting,c0930ddb-29b3-43be-84af-f1819db07571,ok,"categoria_menu,forma,tema_label,temi",,2026-04-19T08:56:53.536168
fa408505-22ef-4275-a2fc-e6d2f77ee23f,so-many-beautiful-things,4b3edb53-9032-4884-adac-7f78bbf375c3,ok,"categoria_menu,forma,tema_label,temi,tags",,2026-04-19T08:56:53.489187
fa4b5663-75e4-49ea-a39c-904f3d7497f1,gods-euthanasia-a-book-review,bd261c08-80f3-42da-9ed9-1abd2480adfb,ok,"categoria_menu,forma,tema_label,didascalia_copertina,temi",,2026-04-19T08:56:53.714343
fa5a9aff-6c7d-41dd-8569-c54c235aa1e7,the-secret-god-shared-with-me-how-my-friends-taught-me-to-listen,db009561-0a2d-4995-8407-079fe8d55152,ok,"categoria_menu,forma,tema_label,didascalia_copertina,temi,tags",,2026-04-19T08:56:53.815744
fa62572f-7ba6-4ab6-b9fe-bbd495e874c2,im-no-longer-welcome-at-my-parish,906bbacd-cf41-4e9a-883a-4c7325168afa,ok,"categoria_menu,forma,tema_label,didascalia_copertina,temi",,2026-04-19T08:56:53.858184
fa5dd7d2-ff3c-4b3f-bad7-df5343d0fa8c,the-choice-to-be-chosen,cebba4c6-9435-433d-a0aa-10b294935605,ok,"categoria_menu,forma,tema_label,didascalia_copertina,temi,tags",,2026-04-19T08:56:53.842690
fa6e8da6-9b2c-42e4-9f74-24eedbfb49ba,a-womans-time-review,957b6045-de80-417b-b9a8-45f74c16d671,ok,"categoria_menu,forma,tema_label,didascalia_copertina,temi",,2026-04-19T08:56:54.048364
fa73a6bc-0a10-42f3-8487-63636eb0458e,why-i-jump-a-review,21d4527e-7d56-485c-93c5-f5b8dc6304fe,ok,"categoria_menu,forma,tema_label,didascalia_copertina,temi",,2026-04-19T08:56:54.216027
fa830337-be73-41f1-ab3f-da141ff5e9cc,valle-aurelia-boulevard,1a9844ba-df65-48be-b95b-92d62c8c01cd,ok,"categoria_menu,forma,tema_label,didascalia_copertina,temi",,2026-04-19T08:56:54.264961
fa7191c6-b8b6-48cc-8034-429b9cce80ec,jesus-enough-water,21395a2b-5f4f-460b-89eb-916e282d357c,ok,"categoria_menu,forma,tema_label,temi",,2026-04-19T08:56:54.212225
fa856521-0243-47d7-a49b-a20d1bfb66d9,teaching-faith-to-people-with-disabilities,6fec990f-029b-4d7c-b4f5-7ca482bcd82e,ok,"categoria_menu,forma,tema_label,temi",,2026-04-19T08:56:54.447103
fa8bab9b-0023-4503-ae6f-89ffd0e90faf,disintegration-art-from-santegidios-workshops,d16f55d3-5f4a-4a63-b04e-981fd4241ffa,ok,"categoria_menu,forma,tema_label,didascalia_copertina,temi",,2026-04-19T08:56:54.559413
faa8fa15-b564-48a2-9296-0702aaae75be,living-on-our-own,4a1a8502-c2dc-4d33-b58d-2b728b9fd0a4,ok,"categoria_menu,forma,tema_label,temi",,2026-04-19T08:56:54.599344
faa65990-d2d3-4abd-bee2-a96e2f93eba8,multimodal-communication,e0b22b94-3149-421d-bc6b-43c1b733f7b2,ok,"categoria_menu,forma,tema_label,temi,tags",,2026-04-19T08:56:54.594466
faad1eb8-f6a1-4b27-9cd8-ea0e115e27f6,son-mother-b95f,b95feb17-15d7-45fe-a5f9-7bfa08d30349,ok,"categoria_menu,forma,tema_label,temi",,2026-04-19T08:56:54.825418
fab01365-10dd-4d16-9ba5-b195291368b8,your-children,883d585f-974b-4379-bb98-ccf24a70b03c,ok,"categoria_menu,forma,tema_label,didascalia_copertina,temi,tags",,2026-04-19T08:56:54.892062
fad6f0be-003b-4015-a2ba-634b5b725e73,quicksilver,79a02ee5-965b-452a-8f57-9773c19f1994,ok,"categoria_menu,forma,tema_label,didascalia_copertina,temi,tags",,2026-04-19T08:56:55.031926
fac009f0-56c2-4243-83cf-cf8dea1668a0,sergios-world-a-true-story-of-our-time-book-review,4eaa4c16-ef11-412b-9ec0-8dbacf6a4543,ok,"categoria_menu,forma,tema_label,temi",,2026-04-19T08:56:54.984940
fae1a20f-2a84-4e2b-8b1c-5b48e3e5c12a,the-great-love-of-her-sister-marta,bac64caf-1624-4ae8-9f9d-5a3a60bac2d5,ok,"categoria_menu,forma,tema_label,temi,tags",,2026-04-19T08:56:55.139616
fb212f62-855d-4203-af84-da1fa3d4485c,i-publish-books-i-want-everyone-to-read-them,e2b8f0b9-df4e-4ee4-b9d7-f913afc24832,ok,"categoria_menu,forma,tema_label,temi",,2026-04-19T08:56:55.275008
fb32b699-9f9f-4657-b48c-0a63492b9ccf,i-wanted-someone-to-answer-my-questions,32c485c2-962e-420c-b3a2-3e659b0a3a6c,ok,"categoria_menu,forma,tema_label,didascalia_copertina,temi",,2026-04-19T08:56:55.423987
fb21a94b-d26d-45c8-b123-17b168590dba,tools-for-independence-a-pilot-program-for-disabled-people,c6df1807-c36f-46c7-b6bd-b5dc94244ef2,ok,"categoria_menu,forma,tema_label,didascalia_copertina,temi",,2026-04-19T08:56:55.419343
fb494dee-9cbf-40fb-82f5-99a49cd453d0,my-cousin-claudio-and-the-scent-of-lavender,8e92b2b3-a5e8-4674-b72a-2a4e925470e3,ok,"categoria_menu,forma,tema_label,didascalia_copertina,temi",,2026-04-19T08:56:55.530331
fb4f96a8-26d8-49d8-8f5f-befb80120b63,whose-right-is-it,b94d0d60-ffee-40e6-bc90-a3ab61ec221a,ok,"categoria_menu,forma,tema_label,temi,tags",,2026-04-19T08:56:55.642170
fb52de50-c426-4bdc-b4c8-f0a25954a2d9,guido-marangoni-presents-anna-who-smiles-in-the-rain-at-il-chicco,489253e1-a47b-4edc-896e-441fb315cbf4,ok,"categoria_menu,forma,tema_label,temi,tags",,2026-04-19T08:56:55.769266
fb70235a-55b8-47f8-bea7-50a0815b39fd,summer-1980-with-fede-e-luce-the-joy-of-taking-a-holiday-together,62acb75b-68b8-435c-8c15-17bdde7091da,ok,"categoria_menu,forma,tema_label,temi",,2026-04-19T08:56:55.778926
fb7ba3fc-397a-468b-8e63-9f07300805e1,the-primavalle-training-center-one-neighborhood-many-projects,655fcb1d-fab4-47f0-ba66-aa95dcb57640,ok,"categoria_menu,forma,tema_label,didascalia_copertina,temi",,2026-04-19T08:56:55.822597
fb830e7b-a8e3-4822-bd9f-3c5955d06c8a,waited-for-with-open-arms,e6ca5680-6888-4852-9905-68eae5306050,ok,"categoria_menu,forma,tema_label,temi,tags",,2026-04-19T08:56:55.964366
fb8dd0b0-fb4c-4682-b5d9-7a93f46a1bda,the-right-to-a-real-book,7d699d71-bd98-4da1-8001-6fb2436397d8,ok,"categoria_menu,forma,tema_label,temi",,2026-04-19T08:56:56.128923
fbac0432-4a64-4ab7-b4a7-dfd0cdde0d62,different-from-whom-normal-lives-with-handicap,cfc84fa7-2cee-4b69-a630-715560cbbe88,ok,"categoria_menu,forma,tema_label,didascalia_copertina,temi",,2026-04-19T08:56:56.136430
fb9e6231-8857-4038-a341-86c4445346ca,can-a-single-gesture-hold-so-much-meaning,77bf8029-f819-448a-8797-7557199d46ea,ok,"categoria_menu,forma,tema_label,didascalia_copertina,temi,tags",,2026-04-19T08:56:56.130832
fbae4a1a-e0ba-4ff9-b124-957b35c20433,jean-vanier-the-sacrament-of-tenderness,bf42e9bb-19d6-4347-9d4c-5191d7a41218,ok,"categoria_menu,forma,tema_label,temi",,2026-04-19T08:56:56.300659
fbc393ec-fccb-43ed-9fa4-5730538bbef2,why-we-call-ourselves-faith-and-light,32877863-03bd-4e18-80c0-9cf9a7ecbb66,ok,"categoria_menu,forma,tema_label,temi",,2026-04-19T08:56:56.442354
fbd99501-2c5a-41e0-a045-085ace81839f,viola-and-mimosa-a-story-from-manila,6bbba635-11db-48f9-90ea-5c377240a38a,ok,"categoria_menu,forma,tema_label,didascalia_copertina,temi",,2026-04-19T08:56:56.451833
fbdf554e-2e48-4752-abc8-e763eebc01b8,they-are-our-children-too,3c5de293-e686-468e-806a-1db7673e3b20,ok,"categoria_menu,forma,tema_label,didascalia_copertina,temi,tags",,2026-04-19T08:56:56.467051
fbf9d478-7b73-4128-b2d3-7693a330efad,thank-you-father-don-carlo,51152451-7f20-4a36-ad66-aaad3dd21bca,ok,"categoria_menu,forma,tema_label,temi",,2026-04-19T08:56:56.644425
fc40d797-2081-45a5-8101-e65f010d37ef,when-disability-meets-old-age-the-case-of-il-carro,add20b32-fed1-44a3-8d64-cbcc0119ba19,ok,"categoria_menu,forma,tema_label,didascalia_copertina,temi",,2026-04-19T08:56:56.823879
fc5459a6-1863-4df0-a5ab-e6cfc43bdccc,lets-all-go-to-the-pizzeria,df21f592-4b31-456a-b9e7-5b8136a3828b,ok,"categoria_menu,forma,tema_label,temi",,2026-04-19T08:56:56.830062
fc399cf1-fbe4-4394-b28c-b00d7f9e7254,we-picked-the-olives,c5a2b9c4-3489-4c7b-bbaa-c6b5d071fe6a,ok,"categoria_menu,forma,tema_label,didascalia_copertina,temi,tags",,2026-04-19T08:56:56.789107
fc54b15c-bef2-49a1-aefe-ae79388dc0e7,what-to-do-with-our-wounds-a-review,b87f0377-c852-427e-b9ad-65c2c8386e16,ok,"categoria_menu,forma,tema_label,didascalia_copertina,temi",,2026-04-19T08:56:56.971197
fc5ca127-9837-482a-ba62-a9e9d41b67c9,beyond-handicap,929b7a23-7008-4eeb-ad2e-8c18ca9fd822,ok,"categoria_menu,forma,tema_label,temi",,2026-04-19T08:56:57.128495
fc86ceab-81c5-456d-a557-c4c491de1481,living-with-muscular-dystrophy-neuromuscular-disease,dcf0a8a6-3392-44d1-add5-0645aab74253,ok,"categoria_menu,forma,tema_label,temi,tags",,2026-04-19T08:56:57.195821
fc93a95d-8c70-49a7-9b3a-1621ae6ca694,ask-zampetta-and-romeo,aa679859-a775-470b-b4b0-5eb6f14ec2c9,ok,"categoria_menu,forma,tema_label,didascalia_copertina,temi",,2026-04-19T08:56:57.205852
fca1b5d6-3509-4d7e-b9c6-14211c3ad360,open-dialogue-issue-3,c0001d20-ec47-4664-898e-d513fdf4c51e,ok,"categoria_menu,forma,tema_label,didascalia_copertina,temi,tags",,2026-04-19T08:56:57.257811
fcef7dd9-8dc3-4bf0-85b0-10e4ccff9c55,an-act-of-joy-theater-in-a-roman-parish,ca7d1fe8-2310-480b-a2c5-f4b4e6312837,ok,"categoria_menu,forma,tema_label,didascalia_copertina,temi,tags",,2026-04-19T08:56:57.450885
fcfbf173-d76b-40bc-9176-adabc131a66b,spring-has-arrived,6d15fc89-f319-4614-9948-7e8b96d6941c,ok,"categoria_menu,forma,tema_label,didascalia_copertina,temi",,2026-04-19T08:56:57.589607
fcf6bede-0afc-4581-a28f-06504c6dd865,the-wolf-within-us,375a2035-f0eb-4e93-b2dc-e0971cc748dc,ok,"forma,temi",,2026-04-19T08:56:57.576824
fd237a66-e095-4023-ad9e-8923d504c7ef,from-midnight-trams-to-the-spotlight,3ae89194-276d-44c1-b169-3ab7b60371c9,ok,"categoria_menu,forma,tema_label,didascalia_copertina,temi",,2026-04-19T08:56:57.690276
fd3980f8-a9c7-4b30-926c-2382299c7d62,sandrino-and-costello-syndrome,b86711e0-827d-4139-95c8-fdf05bc5e958,ok,"categoria_menu,forma,tema_label,temi,tags",,2026-04-19T08:56:57.758955
fd3f8414-e00d-416c-b97f-4b6d06558862,families-in-exile-wounded-restored-reconciled-a-review,b822bc0b-67d2-419e-aaa6-ed628bbff63a,ok,"categoria_menu,forma,tema_label,didascalia_copertina,temi",,2026-04-19T08:56:57.880431
fd4091d4-603a-4ec7-8928-b550c9a02b08,wonder-giusy-6b04,6b04a8d2-d383-4032-824b-abb5c8446933,ok,"categoria_menu,forma,tema_label,didascalia_copertina,temi",,2026-04-19T08:56:57.920902
fd48e451-2285-4ee8-8351-f5a5edd25c8f,a-smile-masks-a-hardened-heart,8115b42b-eaa3-4959-8772-c691c83fd4e4,ok,"categoria_menu,forma,tema_label,didascalia_copertina,temi",,2026-04-19T08:56:57.978035
fd610b81-6565-4ef6-8ff8-05f5664d1c94,disabled-people-in-the-parish-what-pastors-say,dfb21f68-e4ea-420d-be80-993c1f0e8aee,ok,"categoria_menu,forma,tema_label,temi,tags",,2026-04-19T08:56:58.143246
fd886f1d-e255-4763-a2a9-04c18e81455c,why-not-take-a-vacation,75787ec2-bb87-4a4d-85a0-75020d1e483a,ok,"categoria_menu,forma,tema_label,temi",,2026-04-19T08:56:58.253218
fd7b86be-f935-48f7-aeda-66a9ee27676a,growing-together-the-story-of-a-magazine-that-keeps-expanding,be0921c4-6e91-4885-9d7f-352350b404cd,ok,"categoria_menu,forma,tema_label,didascalia_copertina,temi",,2026-04-19T08:56:58.229235
fd8b4ad0-96f1-4590-8cdf-757b69c4863c,words-matter,b287dfaa-7c35-4641-9cb6-0270be9b5135,ok,"categoria_menu,forma,tema_label,didascalia_copertina,temi,tags",,2026-04-19T08:56:58.321556
fd9091b4-707f-49dc-9318-bf54e5aea714,on-her-path,937ccedb-7536-4ad9-95ab-187885d06b22,ok,"categoria_menu,forma,tema_label,didascalia_copertina,temi,tags",,2026-04-19T08:56:58.458029
fd9a9035-2d9b-4790-b934-0982ec68579e,a-glass-of-water,86cff38d-fba1-4793-816f-eeaa57094185,ok,"categoria_menu,forma,tema_label,didascalia_copertina,temi,tags",,2026-04-19T08:56:58.562231
fda44c69-0f6c-499b-b8f2-83e5ba05444d,how-he-stepped-down-from-the-throne,87e0b8b7-4bc2-47f6-b807-184726b67edb,ok,"categoria_menu,forma,tema_label,didascalia_copertina,temi,tags",,2026-04-19T08:56:58.595805
fdb14d30-22de-48af-b87b-b76497aa4a10,grandpa-is-it-so-awful-to-be-different,cbd66095-3a33-40b2-8c5e-e2d58c98cee6,ok,"categoria_menu,forma,tema_label,temi",,2026-04-19T08:56:58.719879
fdc908d7-23da-4281-bb9e-4f592a39f826,be-there-for-them-a-friends-guide,c1a4e579-6982-4ce8-b4aa-7dbd91de5864,ok,"categoria_menu,forma,tema_label,temi,tags",,2026-04-19T08:56:58.839795
fdda1ff5-3197-424a-a230-f335f558ebcc,stramonioa-book-review,5324dab8-e7cd-4c8e-9d56-4aef7279728f,ok,"categoria_menu,forma,tema_label,temi,tags",,2026-04-19T08:56:58.928802
fdeb8f1e-7886-44f0-9417-4c85a8bd0dba,what-makes-someone-extraordinary-an-interview-with-nick-vujicic,f8f0aa92-9d3a-40af-bf9f-2e5cd3d77387,ok,"categoria_menu,forma,tema_label,didascalia_copertina,temi,tags",,2026-04-19T08:56:58.982327
fdeee30f-47fc-477e-b037-923385fc90c2,epigenetics-and-psychiatric-disease,369d4246-4e16-4d4d-83b9-cc1ba9fadbff,ok,"categoria_menu,forma,tema_label,didascalia_copertina,temi,tags",,2026-04-19T08:56:59.050295
fdf36f67-59c8-4739-b8f0-942b3ae5b2fa,small-but-decisive,c3770593-ef54-4387-bba4-e9a093770e29,ok,"categoria_menu,forma,tema_label,didascalia_copertina,temi,tags",,2026-04-19T08:56:59.182021
fe1780a1-9d9d-4b73-8342-5251b42e166e,ombre-e-luci-issue-5-1984,5ab1ea2d-7a75-410e-a2cc-c8238381b81c,ok,"categoria_menu,forma,tema_label,temi",,2026-04-19T08:56:59.318886
fe0dd4ec-dd23-46b5-bb24-fb990846348c,vadoalmuseo-how-a-bologna-museum-program-builds-independence-for-young-adults-with-intellectual-disabilities,9ec067f6-3988-4a01-904b-0892b44aded2,ok,"categoria_menu,forma,tema_label,temi,tags",,2026-04-19T08:56:59.303388
fe1bce5a-2d0a-4f72-9898-b62b358f3642,franciss-friends,a7d565ff-08e2-4340-b0e1-86464b451646,ok,"categoria_menu,forma,tema_label,didascalia_copertina,temi,tags",,2026-04-19T08:56:59.382911
fe1d0549-53fe-4a46-bd22-b3a14233753e,reality-as-therapy-the-pedagogy-of-shared-life,6b4ffb3d-63aa-4ed1-b3bb-2e7f99fef9a2,ok,"categoria_menu,forma,tema_label,didascalia_copertina,temi",,2026-04-19T08:56:59.525630
fe2d1f5c-7792-4cdc-a691-9b155c82d9a7,still-alice,4cecdd6d-a280-4b63-b733-497c6b7209df,ok,"categoria_menu,forma,tema_label,temi",,2026-04-19T08:56:59.633324
fe262fd6-e373-4047-896e-34451a5edc87,what-a-week,85918b03-894c-458a-a560-503711aa4f73,ok,"categoria_menu,forma,tema_label,didascalia_copertina,temi",,2026-04-19T08:56:59.614061
fe32b40b-16bf-4c10-b065-62e3848876b4,thirty-years-at-larche,afac3e51-057a-4b61-a180-08dfb6cafa34,ok,"forma,temi",,2026-04-19T08:56:59.722085
fe4f22e3-d7ae-4458-b69d-9273b471bfc5,how-does-a-mother-do-it,48700dc6-630c-42d8-a945-a867117efc78,ok,"categoria_menu,forma,tema_label,didascalia_copertina,temi,tags",,2026-04-19T08:56:59.847723
fe56fe7f-b273-4ac9-af89-618aa2c25d5e,open-forum-no-99,bea3eeb0-fe3a-417e-a34f-c12122635e9d,ok,"categoria_menu,forma,tema_label,didascalia_copertina,temi",,2026-04-19T08:56:59.935289
fe637966-9e7b-4975-a83f-5ad761653bf0,faith-and-light-in-switzerland-a-different-set-of-values,bdf939c4-4194-482f-b40b-592d49320cc4,ok,"categoria_menu,forma,tema_label,didascalia_copertina,temi,tags",,2026-04-19T08:56:59.956218
fea0422f-48a3-4a28-8607-74671642e9a3,how-to-throw-a-party,d625f9e2-1ab2-4934-bda8-832b13621cbf,ok,"categoria_menu,forma,tema_label,temi,tags",,2026-04-19T08:57:00.050014
febb2887-7482-4681-be47-deb6bfb503a0,faith-and-light-in-rome-building-community-together,7d4f8b96-ceb9-4cdc-a670-7ccec23ee7ab,ok,"categoria_menu,forma,tema_label,temi",,2026-04-19T08:57:00.184012
fec731b4-4605-4512-93ad-a51fc17c6a6e,maria-and-the-dolphins,b620e28b-f73d-4535-a516-ab0c8f9d8185,ok,"categoria_menu,forma,tema_label,temi",,2026-04-19T08:57:00.257142
febfffe6-58e3-4443-a22e-2c913d265010,the-weight-of-it,b9e1517f-48f4-4a96-bf1c-9018546e3b1a,ok,"categoria_menu,forma,tema_label,temi,tags",,2026-04-19T08:57:00.243806
fed29c8b-1a47-47c0-99e4-929116bf15a5,the-pleasure-of-touch,4421d6b1-6a94-47a2-92a4-25bb7fa5d209,ok,"categoria_menu,forma,tema_label,didascalia_copertina,temi",,2026-04-19T08:57:00.391535
feda60f2-5a8b-434c-a667-9a7e07c225c0,prayer-together-in-community,feaa2c11-5016-4277-b68e-f68874a4c4b1,ok,"categoria_menu,forma,tema_label,didascalia_copertina,temi,tags",,2026-04-19T08:57:00.495909
fee688e4-20f5-4e8a-ae74-0e264c757824,your-name-is-olgaletters-to-my-disabled-daughter,d7264cde-0c7a-4ade-955f-2c4cf105e43d,ok,"categoria_menu,forma,tema_label,didascalia_copertina,temi",,2026-04-19T08:57:00.586768
feecb6e8-367d-437b-874a-618c48136ceb,cecilia-a-first-experience,d7923ee6-003e-4ccd-a7e4-186f5b84113c,ok,"categoria_menu,forma,tema_label,temi,tags",,2026-04-19T08:57:00.605709
ff09414f-473a-4b3d-bdb6-0356f5f47e8f,a-workshop-on-mental-disability-in-adulthood-comes-to-rome,a503c5cb-9d4f-4656-9cd4-4d5a837cd5bf,ok,"categoria_menu,forma,tema_label,temi",,2026-04-19T08:57:00.693963
ff0c2558-02f6-4ccd-8429-19222b2cd84e,as-coco-chanel-knew,876b8f05-23c7-4769-8285-136ee554e16f,ok,"categoria_menu,forma,tema_label,temi,tags",,2026-04-19T08:57:00.805467
ff1b6b7f-35ef-4903-be02-dbed2052ceb2,family-homes-initiatives-and-welcome-centers-for-people-with-disabilities-19831989,6b19b2d6-a9b9-4a9c-ab14-340be7232d8c,ok,"categoria_menu,forma,tema_label,temi,tags",,2026-04-19T08:57:00.936079
ff3c2f05-259b-41a4-927b-9b53ed1b1275,breathing-life-into-fede-e-luce-why-community-animation-matters,ce6d27e0-27b5-4f1f-bb88-10f4b9f71ebd,ok,"categoria_menu,forma,tema_label,temi",,2026-04-19T08:57:00.976717
ff781171-6abb-4bb5-bba0-84897cdda748,do-not-be-afraidit-is-i-who-guide-you,b1b87bcc-a10b-43b7-9891-aceacd043fea,ok,"categoria_menu,forma,tema_label,temi,tags",,2026-04-19T08:57:01.027607
ff8356ec-60c8-40e6-8d80-18ed62bf58fc,from-our-communities,116d691a-490d-43e5-a000-f14179708c7c,ok,"categoria_menu,forma,tema_label,didascalia_copertina,temi",,2026-04-19T08:57:01.078582
ffb16eea-34bd-4fe6-b563-1c125ebf9665,living-in-color,a5994391-1446-4138-83f9-0aa1d0a4f625,ok,"categoria_menu,forma,tema_label,didascalia_copertina,temi",,2026-04-19T08:57:01.355577
ff9b319e-ce4c-454b-87b9-ae31396b3b82,a-good-worker,8f73f81b-c7a8-4118-9f14-35ade0b0843b,ok,"categoria_menu,forma,tema_label,didascalia_copertina,temi",,2026-04-19T08:57:01.283442
ff95c3fd-be13-4d30-a821-4ef1d0b43553,sisters-and-brothers-of-people-with-disabilities,b11ac417-0883-47cd-a719-b1b4ebef8fc0,ok,"categoria_menu,forma,tema_label,didascalia_copertina,temi,tags",,2026-04-19T08:57:01.249766
ffbfa2a8-ea7c-4ec0-8f64-360de2869e28,the-other-family-stories-and-pathways-of-foster-care-at-sos-villagea-review,23507f5a-b3b1-42af-a332-3af86c9cfe59,ok,"categoria_menu,forma,tema_label,didascalia_copertina,temi",,2026-04-19T08:57:01.378969
ffd3da70-0362-4a3b-8c46-a7b1e8e334c1,ombre-e-luci-library,23f87dee-db0b-4360-b12b-3ff1f216cd1d,ok,"categoria_menu,forma,tema_label,temi",,2026-04-19T08:57:01.656206
fffcc828-f35f-48e2-9707-ea8cdc0e11af,citta-futurahow-an-ethical-bank-financed-a-towns-rebirth,037cc3cc-a34e-45fa-8223-1c2ae8470d92,ok,"categoria_menu,forma,tema_label,didascalia_copertina,temi,tags",,2026-04-19T08:57:01.697121
ffd9beb5-34f7-415a-895c-b38abb4d39d1,group-homes-dream-or-reality,3bcba58c-c762-4c08-89de-8937fc5ac30d,ok,"categoria_menu,forma,tema_label,didascalia_copertina,temi,tags",,2026-04-19T08:57:01.688297
