job_id,it_id,it_slug,en_id,en_slug,source_hash,status,error,input_tokens,output_tokens,cost_usd,timestamp
batch-20260418-1k,06dd85b6-9503-448c-8161-e5e4044c37a2,il-calore-dellamicizia,91d8c131-4860-4741-8189-2c7a5bad6faa,the-warmth-of-friendship,73318e42d288c17c,ok,,1117,451,0.002698,2026-04-18T15:28:33.749990
batch-20260418-1k,06ede3fd-2d2b-4482-8515-021fa47b8d3a,dialogo-aperto-n-161,d3ab3b5f-7bfe-404a-a48b-94b8b9ef8530,open-dialogue-no-161,a19d5839d4b7cb97,ok,,4564,2964,0.015507,2026-04-18T15:28:38.791120
batch-20260418-1k,06f87b56-2a7b-494a-85e3-52023cc89d43,dalla-parte-di-lazzaro,30722682-7183-4f86-b987-49751a2a747d,on-the-side-of-lazarus,c000c879886850f1,ok,,2919,1839,0.009691,2026-04-18T15:29:23.930062
batch-20260418-1k,06f8f7d2-c7e9-413e-94d9-d5e25c0d5166,i-bambini-di-asperger,5658842a-b966-4dff-bf6e-40e678f52558,the-children-of-asperger,aeb95b8357a9a878,ok,,1643,920,0.004994,2026-04-18T15:29:46.146776
batch-20260418-1k,0702e47c-7c4c-497a-a028-42295e05c287,maneggiare-con-cura-di-marco-bove-recensione,e1cf48e3-3242-4341-ae86-5beb6214ef9c,handle-with-care-by-marco-bove-review,5e87d64561cb7c47,ok,,1130,470,0.002784,2026-04-18T15:29:53.262161
batch-20260418-1k,071f81ec-da06-4a40-9b57-90061364f23d,noris,,noris,7121def714a6b428,error,HTTP Error 400: Bad Request,1970,1073,0.005868,2026-04-18T15:29:57.537300
batch-20260418-1k,0729a52b-a726-4dc1-a6b0-17ba1447fc7f,igor-o-limprevisto-di-dio,a143ff89-d56b-4590-bf21-9c245d612c73,igor-or-gods-surprise,fc073acdd755b611,ok,,4490,2936,0.015336,2026-04-18T15:30:08.410825
batch-20260418-1k,07469439-9f51-4903-bff3-fb73cde6188d,imparo-a-vestirmi-da-solo,814ce939-5b04-4ae7-8a86-960ebe96ab1b,learning-to-dress-myself,f95fdb5bd8c1ad6e,ok,,848,223,0.00157,2026-04-18T15:30:51.407717
batch-20260418-1k,074cba3a-2ce2-4cdb-86a8-f62753093e3c,lonore-di-un-lord,490c7bb6-ff0c-4d80-8dfb-c07c5d4c0653,the-honour-of-a-lord,f2710be16c1da017,ok,,1415,660,0.003772,2026-04-18T15:30:54.573192
batch-20260418-1k,075d6272-7fdf-4e96-9309-579d85a67001,piovono-mucche-e-altri-nuovi-libri,c9869370-3780-44e9-8c45-d8a5a4ce6030,its-raining-cows-and-other-new-books,394c2082ecc15888,ok,,2667,1631,0.008658,2026-04-18T15:30:59.953319
batch-20260418-1k,076265cd-ba33-4f9c-ab7c-a4a78f7f87d4,one-more-jump,,one-more-jump,648878a18d835143,error,HTTP Error 400: Bad Request,1252,539,0.003158,2026-04-18T15:31:19.898967
batch-20260418-1k,07729da3-ab95-4e13-a5db-9d378427fa10,perche-non-io,bb9051a8-37cb-41a3-95fd-c0402c542d2a,why-not-me,eb6267ee265d3e38,ok,,1640,843,0.004684,2026-04-18T15:31:24.086061
batch-20260418-1k,0778e3d9-ef86-4505-98bd-4c6cf0ee5129,testimoni-di-fede-e-luce,4b0fcb54-cb7a-458e-9b7e-f1faa06eb8ca,witnesses-of-faith-and-light,17e418231339321c,ok,,1127,442,0.00267,2026-04-18T15:31:31.483182
batch-20260418-1k,07934e5d-f1c1-4f7b-98fe-e5bfc683eb28,non-vede-non-sente-non-cammina-non-comunica,f498b9bc-a34c-412f-8056-8c0746cad899,does-not-see-does-not-hear-does-not-walk-does-not-communicate,d549d99915b6bf76,ok,,1082,433,0.002598,2026-04-18T15:31:35.145075
batch-20260418-1k,07d76729-cad6-40f6-8c77-8935781b8581,forli-incontri-a-sostegno-di-genitori-di-figli-con-disabilita-visiva,9c7d69e4-8099-42ed-a6df-9325802c260a,forli-meetings-in-support-of-parents-of-children-with-visual-disability,aa33960abf045351,ok,,1768,1000,0.005414,2026-04-18T15:31:39.283208
batch-20260418-1k,07d7a7c3-7cda-43dd-a10e-f77c67f13da5,il-ciclo-e-la-macchinetta-a-scuola,8eb34f04-266c-45ea-85ec-49a4776ae97b,the-period-and-the-vending-machine-at-school,b364396be65d3211,ok,,1418,684,0.00387,2026-04-18T15:31:47.313769
batch-20260418-1k,07ddf975-f5ae-4dd3-9bf2-3c2004d42152,genitori-speciali-zzati-servizio-di-consulenza-pedagogica-di-trento,0f8f44a3-5768-4a47-8524-4fd5c96d18ed,specialized-parents-pedagogical-consultation-service-of-trento,cf7cca3e5bd9de28,ok,,2851,1616,0.008745,2026-04-18T15:31:52.749696
batch-20260418-1k,07e08abb-30e0-4bf1-9e4d-befe56e37c2c,un-luogo-dove-bello-vivere,e2be6e77-b36c-4260-bc7a-228d5724f8e5,a-place-where-it-is-beautiful-to-live,940a65f244747239,ok,,1977,1075,0.005882,2026-04-18T15:32:13.436766
batch-20260418-1k,07e6119a-f46f-4f27-b9cd-1492f57f16d9,chi-mettere-al-centro-dellobiettivo,40a512a7-54bc-409c-9276-d1837f4efa94,who-to-place-at-the-center-of-the-frame,05763bc7b7f3e3d4,ok,,2242,1265,0.006854,2026-04-18T15:32:24.932372
batch-20260418-1k,07f359d7-bfc1-4a6d-b7f0-9d9829f7a7de,associazione-habitat-per-lautismo-onlus,57bcff80-3b8e-4299-a101-b05af4e573b8,habitat-association-for-autism-onlus,381a80d6a61979c0,ok,,4873,3030,0.016018,2026-04-18T15:32:38.102771
batch-20260418-1k,08118952-084d-4776-a777-cba26b0df3f3,la-casa-in-cima-allalbero-recensione,2fe48cfc-db0b-46fc-afac-f82e5ac1cd53,the-house-in-the-top-of-the-tree-review,41484ce52d9ac425,ok,,933,323,0.002038,2026-04-18T15:33:24.989838
batch-20260418-1k,08275728-87c5-4be8-aadd-c7d59a48fab9,a-galla-sulla-camera-daria,b68d9ba9-95f3-4ab8-bff5-541d8adb1688,floating-on-the-inner-tube,3fdd62ba8ea581d5,ok,,1042,406,0.002458,2026-04-18T15:33:28.264189
batch-20260418-1k,084926d3-fd45-407e-9a04-6e938b25aaef,autismo-e-disabilita-grave-il-modello-laquila,af7a1cc2-e92a-4494-9c46-af99970f2f3b,autism-and-severe-disability-the-laquila-model,bfb2e970e44260c9,ok,,1533,847,0.004614,2026-04-18T15:33:32.372316
batch-20260418-1k,08508620-af4d-4ca1-a72c-57e83f294133,domande-che-assillano-newsletter-26,d7908462-db91-458e-be50-9cd5dc7e759d,the-questions-that-haunt-us-newsletter-no-26,bbed622795f7d997,ok,,2835,1909,0.009904,2026-04-18T15:33:40.218515
batch-20260418-1k,086453ff-3d98-4b29-86a8-816a8750a3a2,un-altro-sguardo,1773e6e4-4fda-4b83-869b-dd64bd02810f,another-look,cc7693ba6fc283a0,ok,,3508,2374,0.012302,2026-04-18T15:34:02.332103
batch-20260418-1k,08773ce7-76ac-4d04-8382-b7ad8c34459d,vederli-migliorare,5bffd92b-b577-4fb1-9d41-f91329088ff4,seeing-them-improve,49f7db7c3d0bac8c,ok,,2316,1292,0.007021,2026-04-18T15:34:25.917006
batch-20260418-1k,089111bb-ddf6-42ae-b8cd-7106f10eb00a,dialogo-aperto-n-149,7f1483b2-b717-4869-a776-8eba8e640fa9,open-dialogue-n-149,ddca9e1de4c3f9f4,ok,,1264,600,0.003411,2026-04-18T15:34:40.875741
batch-20260418-1k,0897e549-3246-4c60-825e-845270615df5,la-vita-esplodera-itinerari-didattico-educativi-per-linsegnamento-della-religione-cattolica-nella-scuola-dellobbligo-anche-per-alunni-portatori-di-handicap,a4933104-3ca9-44a3-b697-1382963baaf5,and-life-will-burst-forth-didactic-and-educational-itineraries-for-teaching-catholic-religion-in-compulsory-school-including-for-pupils-with-handicaps,7ecb8162e6fa6f24,ok,,1007,343,0.002178,2026-04-18T15:34:47.986342
batch-20260418-1k,089f627a-37f0-4a2f-b037-7c79bd35e5f1,se-mi-vuoi-bene-dimmi-di-no-regole-e-potere-positivo-per-aiutare-i-figli-a-crescere,815bc174-6785-4ac8-958f-92b591dad384,if-you-love-me-tell-me-no-rules-and-positive-power-to-help-children-grow,5b98541c30953a4f,ok,,1258,519,0.003082,2026-04-18T15:34:51.783335
batch-20260418-1k,08af9f88-4825-4a1e-82bf-c6ecd77fd4da,i-nostri-figli-con-disabilita-a-scuola,2b1dca35-a775-4d6b-8816-d104ab3c12a2,our-children-with-disabilities-at-school,b40faebad9bb0833,ok,,4297,2769,0.014514,2026-04-18T15:34:56.987313
batch-20260418-1k,08bdcb6b-50e8-4b94-af41-c335052cee54,agendo-per-lagenda-si-apre-alla-societa-civile,5d7ada7e-8ede-443f-b765-ac201b86f43d,acting-for-the-agenda-opens-to-civil-society,40ec138c78ecd527,ok,,2568,1386,0.007598,2026-04-18T15:35:36.886959
batch-20260418-1k,08e38e52-b390-47c6-942f-d474fbdae7a6,letture-consigliate-darti-la-vita-recensione,1f89b4dc-d29e-4389-80c8-446e98c92ed2,recommended-reading-giving-you-life-review,8a3435651ca5b50c,ok,,1122,471,0.002782,2026-04-18T15:35:55.242515
batch-20260418-1k,09189983-9fc2-4850-b3df-502bca121215,la-nostra-buona-novella,51550f69-5275-4df8-b4b9-9efbb5c98d25,our-good-news,64066d2ef967b960,ok,,2759,1665,0.008867,2026-04-18T15:36:00.117507
batch-20260418-1k,092697d1-1946-439c-a1a7-9d98a77b37c2,tra-gli-ultimi-regali-di-mio-padre,79cb7ca2-d0b2-4099-9d71-b1bcab453396,among-my-fathers-last-gifts,9d1286b7b3c998c3,ok,,3214,2120,0.011051,2026-04-18T15:36:19.264614
batch-20260418-1k,094046de-5272-4002-8ac1-75611cf4710b,ascoltare-i-segni-perche-in-lis,63824063-f567-44c9-b2c3-2e0b389bfb71,why-in-lis,37f470156e57b1eb,ok,,2218,1200,0.006574,2026-04-18T15:36:45.071021
batch-20260418-1k,09432447-e7d4-4923-a7ec-2f882ae6bfd5,ma-non-carichiamoli-di-un-peso-eccessivo,d1b4a55b-03e6-4dc3-8558-750d222d3ea9,but-let-us-not-burden-them-with-excessive-weight,b470a1bf351cc262,ok,,3960,2613,0.01362,2026-04-18T15:36:59.304561
batch-20260418-1k,0949f5c9-1e33-42dd-8310-5c45567e9d21,5-anni-di-casetta,9e9e0b1c-0c73-4226-9de1-e53c332d5d6a,5-years-of-casetta,a171b8b47be26a47,ok,,1007,376,0.00231,2026-04-18T15:37:36.762736
batch-20260418-1k,0970738d-a976-4409-8a0c-e2f8b6216b2a,tutti-insieme-fedelucissimamente,1eda9db1-15ba-4c91-822f-4a4a73fb1802,all-together-most-faithfully,ca8bde7f59ce650d,ok,,1893,1064,0.00577,2026-04-18T15:37:40.568278
batch-20260418-1k,0976cf70-2de1-4537-8904-f5d4140dc740,lamministratore-di-sostegno-per-le-persone-con-disabilita-parla-il-giudice-tutelare,5dfd4d47-69b0-4d30-8cbc-0e1bbafa04b4,the-supported-administrator-for-people-with-disabilities-speaking-with-the-guardianship-judge,8cc6ea4f3957356f,ok,,2217,1154,0.00639,2026-04-18T15:37:51.382193
batch-20260418-1k,098509a9-19af-4e70-853c-7fec4ef92324,lintimita-del-corpo-maria-non-ha-il-senso-del-pudore,6889f89a-66d9-4125-a331-7af09c8e8ac9,the-intimacy-of-the-body-maria-has-no-sense-of-modesty,83df2bdbdbd9b6d1,ok,,1412,661,0.003774,2026-04-18T15:38:04.274881
batch-20260418-1k,09929e44-3146-4c9f-aade-24606aff5fa4,la-comunita-luogo-del-perdono-e-della-festa-2,4b0fc762-9650-4e2f-b742-96235926188e,the-community-place-of-forgiveness-and-celebration,b15d049db88cc146,ok,,1512,883,0.004742,2026-04-18T15:38:09.722386
batch-20260418-1k,09b48251-3983-438e-9710-31b26e1d1941,voglio-sposarmi,8529b262-a4d9-49c8-8807-535fb5b1b274,i-want-to-get-married,b048b7ae04c5331c,ok,,3268,2035,0.010754,2026-04-18T15:38:15.299987
batch-20260418-1k,09b6722d-5c4a-4a93-a1c0-2b1c41105d59,il-natale-di-carlo,143cc381-3a77-42b2-a2b9-e7eeb37e04da,carlos-christmas,2eb321fac72627be,ok,,1483,707,0.004014,2026-04-18T15:38:45.149439
batch-20260418-1k,09bb8253-671c-44ca-98c3-1f36fa63b36e,gli-altri,dc9603a5-a060-42a3-b370-dd9320cf0040,the-others,1a00c014e37716e7,ok,,1862,1008,0.005522,2026-04-18T15:38:51.046684
batch-20260418-1k,09bd724a-64c3-463c-aa8d-a8ff78b49728,cinema-e-disabilita-i-3-film-di-emanuele-rauco,7d26ba47-d6d6-41f5-b27f-dec65569f0b8,cinema-and-disability-the-3-films-of-emanuele-rauco,9e0c68a066c9e2bc,ok,,710,126,0.001072,2026-04-18T15:39:01.528742
batch-20260418-1k,09c12b14-dbb7-4a4c-9587-73a7309ff12f,le-anime-semplici-recensione,08ab1f2f-3bae-448e-a836-c384144ca470,simple-souls-review,9fd888f388226f9d,ok,,970,354,0.002192,2026-04-18T15:39:03.566563
batch-20260418-1k,09e265e4-da5e-45ce-afe0-0ba125650507,i-genitori-commentano-le-parole-del-cardinal-martini,d5a5f0f1-95fd-4ceb-a3cf-14fb26412924,parents-comment-on-cardinal-martinis-words,aee8172f02b8536e,ok,,1695,896,0.00494,2026-04-18T15:39:07.152667
batch-20260418-1k,09fec868-4e83-40ff-b5a4-729affa11dfe,chicco-casa-famiglia-dellarche,c22883d2-d554-4d30-aab0-2169d4d33d90,il-chicco-larche-group-home,5dee0ea47e30b96b,ok,,3701,2386,0.012505,2026-04-18T15:39:15.508916
batch-20260418-1k,0a17534b-d533-4c23-a6fe-2fd4bb77e4cc,nessuno-escluso-il-natale-del-laboratorio-lalveare,f2adccb2-2766-4d29-98a2-c7eb7a4e4b8f,no-one-excluded-the-christmas-of-the-lalveare-workshop,67d2dbe09f36e6b3,ok,,2084,1302,0.006875,2026-04-18T15:39:48.259073
batch-20260418-1k,0a23ed0c-238c-43ea-ba6a-687fd5858944,essere-padrino-di-mario,dd0cf3af-fc1c-458d-9f71-0964ae6119aa,being-marios-godfather,38b53b396af95c2a,ok,,1757,946,0.00519,2026-04-18T15:40:00.376752
batch-20260418-1k,0a36d810-f6cc-4453-8f83-abe48f70f8f2,10-anni-di-ombre-e-luci-piu-che-una-rivista-una-grande-famiglia,9a8b4b21-dc28-43e9-8dc7-0e869d1025cd,10-years-of-ombre-e-luci-more-than-a-magazine-a-great-family,7e8926ba745f2309,ok,,1957,1104,0.005982,2026-04-18T15:40:10.619756
batch-20260418-1k,0a4300d4-8fb5-42f8-b69f-401605141ca5,strategie-educative-nellautismo,54313d4f-c833-4183-a5a8-4da6c6fac1e0,educational-strategies-in-autism,b81f66b308073118,ok,,1486,670,0.003869,2026-04-18T15:40:23.111513
batch-20260418-1k,0a5ccd97-a785-4a70-859c-a8cfca3d8eea,sorpresa,6d9d53e3-1a82-460f-b791-cc4009b593c3,a-surprise,aa43a1fd3724766a,ok,,1608,870,0.004766,2026-04-18T15:40:29.777879
batch-20260418-1k,0a60e8e8-2660-4598-91c9-1c419b919740,la-sete-e-lacqua-della-speranza,97523e22-f9f4-402a-987b-2c34eacb2596,the-thirst-and-the-water-of-hope,b6305b6535c41dca,ok,,2207,1216,0.00663,2026-04-18T15:40:37.398367
batch-20260418-1k,0a888bb0-a684-40cf-b5f8-08ad78840bbf,testing-women-testing-the-fetus-recensione,6986d72f-78f0-431b-9c57-9e0fe554dadc,testing-women-testing-the-fetus-review,2ab6c1772cb6e56d,ok,,868,270,0.001774,2026-04-18T15:40:50.272047
batch-20260418-1k,0a8f7cb7-b3f3-418c-9e59-8791f78c07a4,dialogo-aperto-n-103,7a41b759-ca87-47d6-879f-2fea2b2b3b38,open-dialogue-no-103,c03f3de74fbd3691,ok,,3213,2011,0.010614,2026-04-18T15:40:53.116363
batch-20260418-1k,0a98970a-bff4-4055-b796-4bec1c2d292b,i-pellegrinaggi-di-fede-e-luce,e678cafd-51d9-4792-ab9c-de383ae11186,the-pilgrimages-of-faith-and-light,e22c08e5f3b54455,ok,,3202,2319,0.011838,2026-04-18T15:41:23.358308
batch-20260418-1k,0a9df56e-c162-41b9-9704-c761492729f9,i-bambini-di-tutti,2eea1896-3717-4066-a291-310d355df4a2,children-of-all,0c5a6081b46568c1,ok,,1323,635,0.003598,2026-04-18T15:41:44.821494
batch-20260418-1k,0a9f07c2-9297-4484-ab9f-146adcb25100,il-dono-di-un-volto,aca15e6a-3fbc-40fd-8c04-d02e01ece90f,the-gift-of-a-face,7a2336aea1ed7be9,ok,,1311,591,0.003413,2026-04-18T15:41:50.491880
batch-20260418-1k,0ab0e8ef-64f9-4b99-8a6b-beafa2ede9a9,al-tepore-un-amore-semplice,682f5125-165c-421c-940b-9c0adb9eeae3,in-the-warmth-of-a-simple-love,601f51d19233db3a,ok,,1659,834,0.004663,2026-04-18T15:41:55.078612
batch-20260418-1k,0af864df-47c8-416e-81bb-3d5e21b0aeda,la-mela-e-solo-rimandata,245390ae-b5a4-48dc-b9e1-c725010b6bbe,the-apple-is-only-postponed,7fd3e4103bc199ab,ok,,1367,631,0.003618,2026-04-18T15:42:02.522957
batch-20260418-1k,0b05f890-34d5-413c-a62b-99abdb037558,stavolta-ho-tifato-per-la-primavera-dellempoli,e403e09c-a262-46e9-916f-5efce8ad5804,this-time-i-cheered-for-empolis-primavera,298cddf19f1476bc,ok,,1465,724,0.004068,2026-04-18T15:42:08.191960
batch-20260418-1k,0b598562-5f7d-4bb6-a270-167e85fb102c,vivere-lultimo-istante,18dd1aa1-5c8c-456a-999f-1d7bfa483a2c,living-the-last-moment,fefcecd9837c2672,ok,,1190,493,0.002924,2026-04-18T15:42:13.809428
batch-20260418-1k,0b75b2d8-2b9e-426e-971b-c8a19ba3386f,dialogo-aperto-n-42,ff5cdb93-2826-4639-819f-2d6cce164585,open-dialogue-n-42,44e1366ae9bcfce4,ok,,2150,1212,0.006568,2026-04-18T15:42:18.620452
batch-20260418-1k,0b830171-6481-424c-a567-ca9fe5af6009,un-solo-nome,948c43fd-4663-4729-8e03-8693198e423f,one-name-alone,2cc5ff03307e2784,ok,,1147,479,0.002834,2026-04-18T15:42:32.812289
batch-20260418-1k,0b9b285f-1663-40a1-bddd-c133b720fdf4,il-dolore-innocente-un-handicappato-nella-mia-famiglia,db1543c5-1271-408c-af96-3ba96780ba1b,innocent-suffering-a-handicapped-person-in-my-family,95bff7a57658c49d,ok,,930,335,0.002084,2026-04-18T15:42:37.166756
batch-20260418-1k,0ba157eb-0808-49b1-bc10-2756ca90497a,pellegrinaggio-a-loreto-1979-olga-gammarelli,6be456af-118e-4db4-a13f-b14645b6d08a,pilgrimage-to-loreto-1979-recounted-by-olga-gammarelli,fbafd4265dec0e11,ok,,4166,2699,0.014129,2026-04-18T15:42:40.477647
batch-20260418-1k,0bc3c326-922e-4612-a39e-b55440f0064e,labbraccio-di-lorella,834afa42-ebcb-45af-9138-99bb7501f418,lorellas-embrace,2c3c00c25a9e4b13,ok,,1607,814,0.004542,2026-04-18T15:43:19.203915
batch-20260418-1k,0bc960ae-1565-4df2-a5a0-497e7bbfcf33,prigioniero-di-me-stesso-viaggio-dentro-lautismo,09c50e20-3455-4d8f-801d-a8792e94d326,prisoner-of-myself-a-journey-inside-autism,2069e8aa6969f3df,ok,,963,334,0.002106,2026-04-18T15:43:25.685574
batch-20260418-1k,0bd2d8a5-49cf-4ab4-9007-60ed62be15f9,mirtilla-e-il-capitano,b255d192-8674-4052-86aa-befc089b8cbc,mirtilla-and-the-captain,c135ba254cfead5c,ok,,1951,1147,0.006149,2026-04-18T15:43:28.888755
batch-20260418-1k,0bdeea89-abb9-4121-a4fe-9308ccc533d6,posso-salutare-la-mamma,62204d07-7e77-4804-8a6a-dd27ffaca224,can-i-say-hello-to-mom,c3c15ae1934c00c3,ok,,1069,423,0.002547,2026-04-18T15:43:40.829115
batch-20260418-1k,0bf72438-1e40-40d0-b025-02a9fee74726,questa-e-bella-la-storia-di-rospella,9cb15d52-b796-4750-9ac0-0b424ac8be83,this-is-beautiful-the-story-of-rospella,bfdac212d9762e54,ok,,1259,651,0.003611,2026-04-18T15:43:45.154146
batch-20260418-1k,0c1a3fa9-2b11-4ef3-9f87-63f88abca989,sono-graditi-visi-sorridenti-recensione,702fdb60-7b99-4236-bb9c-0773808d69f1,smiling-faces-are-welcome-review,cdbb957eecf98d30,ok,,1147,488,0.00287,2026-04-18T15:43:50.032772
batch-20260418-1k,0c3a2d55-7399-4099-be02-3d5b95a8cc93,dove-ci-sono-io-ce-anche-lui,0bbd4f9f-5989-460e-b4f2-316d306f16ad,where-i-am-he-is-too,52d76858c6d8a084,ok,,1003,374,0.002298,2026-04-18T15:43:54.737137
batch-20260418-1k,0c4c2103-c876-4997-863f-8b9648d6a86a,e-poi-cosa-ne-sara-di-loro-le-domande-sul-dopo-di-noi,b90e6e7c-dfd1-4eda-b6e2-b2b54fc9a591,and-then-what-will-become-of-them-questions-about-the-after-us,47c9071b5ab2eda9,ok,,1454,737,0.004111,2026-04-18T15:43:58.625864
batch-20260418-1k,0c57a31a-014f-4ca1-a91e-0bf467b979a7,cinema-di-rivoluzione-e-sperimentazione-alla-berlinale-74,58672341-b3df-47fb-ba12-0e46df5cf9c6,cinema-of-revolution-and-experimentation-at-berlinale-74,d69ea78d79fd34cb,ok,,1882,1052,0.005714,2026-04-18T15:44:04.299682
batch-20260418-1k,0c7079d5-355d-4a73-a7f8-cbfb445033c9,linterezza-questa-sconosciuta,001a4e9e-b06d-46bc-8edc-0759cc9e4dcb,wholeness-this-unknown,e1438d3a96ac8b41,ok,,3597,2220,0.011758,2026-04-18T15:44:15.364650
batch-20260418-1k,0c76e00f-8d46-4351-be1b-94bfefd85e03,casa-famiglia-il-tetto,20bdfb8b-5b6d-444b-80b6-dd7cafb29bd5,family-home-il-tetto,49e5368bd1e91db9,ok,,2422,1400,0.007538,2026-04-18T15:44:48.509969
batch-20260418-1k,0c8adef1-88c6-4e98-ab95-46167e4c1b05,le-parole-rivoluzionarie-di-papa-francesco,7ee2b2d7-a37a-4d68-b88a-dff1cf821429,the-revolutionary-words-of-pope-francis,bb1ab2c4f8594287,ok,,1150,458,0.002752,2026-04-18T15:45:03.961790
batch-20260418-1k,0cc34515-c4c7-4bc1-ae5a-2d9a04ed5129,sempre,7db85402-066c-48a1-9a18-6e3429b36450,always,d92bb821a902b1fe,ok,,1269,612,0.003463,2026-04-18T15:45:08.376576
batch-20260418-1k,0ccfd850-8f78-40ed-9278-7ce04934ab6c,e-pagano-pure,64c1a4cf-d967-4fb0-9d45-e3e343c88953,and-they-even-pay,6c88063c34832c54,ok,,2209,1318,0.007039,2026-04-18T15:45:13.554247
batch-20260418-1k,0ce10120-39e8-493d-8a74-6511d6c3a63c,nuove-famiglie-istruzioni-per-luso,f7db7ca2-7f1a-4c6c-96d9-9d790de04f42,new-families-instructions-for-use,0e4b53b976704197,ok,,1244,543,0.003167,2026-04-18T15:45:29.481891
batch-20260418-1k,0cf09074-a625-4258-b293-2b6cde43d6ae,come-progettare-una-comunita,c8f690ff-c72b-421c-bfb3-3ea4b6e00b84,how-to-design-a-community,6cb5e1ac33f4c36d,ok,,3008,1832,0.009734,2026-04-18T15:45:33.882271
batch-20260418-1k,0cf1d470-5ff6-4e20-b629-5e33c2ac8db3,essere-vicini-a-chi-e-in-fin-di-vita,f355796a-31d9-4d3e-94ee-6ee7f0a8e3a0,being-close-to-those-at-the-end-of-life,f10b96b8fcc35067,ok,,2570,1535,0.008196,2026-04-18T15:45:56.624374
batch-20260418-1k,0d008f3b-cd2a-46ff-bc26-02b0853f57fa,noi-dei-piani-di-sopra,faad172e-91e6-46af-a53f-e4f0ba412edf,us-from-the-upper-floors,51e0c97bab3b5645,ok,,2080,1210,0.006504,2026-04-18T15:46:15.976318
batch-20260418-1k,0d041112-1abb-4042-b80d-07c2744e1464,affrontare-lenorme-paura-intervista-a-pietro,a02e5287-703a-4efc-813c-b2758c9b24e3,facing-enormous-fear-interview-with-pietro,4e591d63478a2946,ok,,3411,2129,0.011245,2026-04-18T15:46:29.280972
batch-20260418-1k,0d1e9f8d-03a9-4112-be5f-875abf21d37f,dialogo-aperto-n-117,2593d3c3-4ae6-4f93-8f49-35d3ce5ed8d5,open-dialogue-n117,a76932c21c9fe137,ok,,3815,2440,0.012812,2026-04-18T15:46:59.853602
batch-20260418-1k,0d39ece7-1c3a-44c4-86dd-8abe7aff2864,vedersi-in-vetrina,b29ca46a-8158-4623-a9cc-07f125bcc99b,seeing-oneself-in-the-window-display,1cef4ebc163a1528,ok,,2296,1301,0.007041,2026-04-18T15:47:36.434183
batch-20260418-1k,0d3f746b-a82f-4d7f-aaa4-6c940de3bba2,guida-h-fondazione-laboratorio-per-le-politiche-sociali,8274d0e1-f13f-4320-bfe2-89968a88f15c,guide-h-fondazione-laboratorio-per-le-politiche-sociali,d66a8c45c8443069,ok,,854,260,0.001723,2026-04-18T15:47:51.758927
batch-20260418-1k,0d40a0f7-f018-4c55-9470-582a8329eb36,si-ricomincia,38e7d3f6-8369-4cf9-9ce8-4d8673ff8d11,starting-again,261486a6e077d56b,ok,,1830,992,0.005432,2026-04-18T15:47:54.911963
batch-20260418-1k,0d41123b-ef83-4579-87fa-97da08db2536,problematiche-delleta-evolutiva-incontrarsi-sul-dojo,2dfd7f0c-e7de-4797-b6ed-03fa445a5dec,developmental-issues-meeting-on-the-dojo,3a37a91ab3811a96,ok,,1961,1032,0.005697,2026-04-18T15:48:04.483019
batch-20260418-1k,0dc471fe-3e3f-4a6f-89c7-ebb34b154fe7,dedicato-ai-bambini-flavio,d127fd88-5ced-4bcb-a1b8-89ebf178ce56,dedicated-to-children-flavio,a055abe908d8b24b,ok,,2264,1380,0.007331,2026-04-18T15:48:15.513460
batch-20260418-1k,0dd5a5bf-320a-42cd-8b02-3a713b2ec0dc,purche,e797ce64-6b7b-4f4c-aa29-2cc0a2d96619,provided-that,3b95d2a33383c01b,ok,,1812,960,0.00529,2026-04-18T15:48:32.073152
batch-20260418-1k,0dd86432-0a36-4217-9c8c-1de84f833fc6,bilancio-fede-e-luce-1975,3c0e8a33-0349-4e7f-9162-e774e81615c9,faith-and-light-financial-report-1975,0d6ad7f3d3c6028a,ok,,1680,937,0.005092,2026-04-18T15:48:41.980102
batch-20260418-1k,0de1464f-0fa3-4575-8166-3080a1aacbd3,cattedrale-raymond-carver-recensione,e1963670-5bb0-40c0-b737-ac963204d41a,cathedral-by-raymond-carver-review,44761154abaa990c,ok,,1460,737,0.004116,2026-04-18T15:48:51.427233
batch-20260418-1k,0de652c9-5add-44c5-937d-e7be9ad875b7,ho-fratello-e-sorella-sordi,8766cc74-604b-4ae4-a046-369cd34e353d,i-have-a-deaf-brother-and-sister,5f21f7bb68e49487,ok,,1760,934,0.005144,2026-04-18T15:48:57.319947
batch-20260418-1k,0de86860-8f56-4f11-a42c-3b803e1de7df,la-vecchia-signora-brontolona,c27c5d05-97bb-4d62-91a0-048be46372d5,the-grumpy-old-woman,9c1a8a7f11fc83cf,ok,,1541,779,0.004349,2026-04-18T15:49:06.436530
batch-20260418-1k,0df7e1de-1d43-4bfd-a00c-8dec8229f2c1,un-affidamento-speciale,0e33c862-b26f-4d1e-9216-b26527b1ae43,a-special-trust,222e31f5a6d6cb73,ok,,2012,1068,0.005882,2026-04-18T15:49:12.327959
batch-20260418-1k,0e053f97-6f21-4bc0-80cd-e732e48a7f3b,accogliere-un-bambino-autistico,b110803e-5d3d-49d4-abbb-af579905ae34,welcoming-an-autistic-child,9ceedbefbd06f238,ok,,4829,3302,0.017071,2026-04-18T15:49:24.041611
batch-20260418-1k,0e07ca3e-787d-40c6-9c14-995e568c4293,fragile,,fragile,cdc2bb11c0760626,error,HTTP Error 400: Bad Request,1199,526,0.003063,2026-04-18T15:50:09.557835
batch-20260418-1k,0e2a8758-9b9d-421b-b922-674296ccd27d,lautista-piu-illustre,b63aac94-99b7-4161-aaa8-251bb750f988,the-most-illustrious-driver,c6b578a20c3a2968,ok,,2350,1365,0.00734,2026-04-18T15:50:13.483298
batch-20260418-1k,0e53ffca-33ff-4003-85d5-5557d204ce75,ti-ricordi-nicole,bf4d5202-6e67-497f-835c-e00f35554122,do-you-remember-nicole,54b46f6b05f85adc,ok,,1850,1074,0.005776,2026-04-18T15:50:29.389885
batch-20260418-1k,0e6ec1d5-1787-4328-86f9-07d383cadc46,larmadio-dei-giocattoli,bab41e3f-c33e-4399-ac04-c6194b0aaf8d,the-toy-cabinet,01e8c083f6054214,ok,,2103,1100,0.006082,2026-04-18T15:50:39.802584
batch-20260418-1k,0e7188d0-d65a-414d-a391-095e2b0ee5c9,lumanita-delle-persone,e27825ec-780e-4b82-9fc4-e33af7eefb01,the-humanity-of-people,9f44b37ce58d77fa,ok,,1499,704,0.004015,2026-04-18T15:50:51.863413
batch-20260418-1k,0eb9eff1-c0ec-453f-a350-49b02bba5fd6,un-giorno-dopo-laltro-recensione-libro,846d17c6-fdfd-4912-b91d-8e48e95620e1,one-day-after-another-book-review,7380e20484ea15e6,ok,,1151,480,0.002841,2026-04-18T15:50:57.864962
batch-20260418-1k,0ec50f90-a28f-4d3f-a1c0-a5cf09f24e9d,allasilo-nido-tra-apprendimento-e-integrazione-scolastica,e3bcb68b-17f8-40a2-813b-60d281a84eaf,at-the-nursery-school-between-learning-and-school-integration,456551e1d2e1905d,ok,,3261,1965,0.010469,2026-04-18T15:51:01.895485
batch-20260418-1k,0ed7c3b7-9868-4128-bd78-6f3e5afe7459,il-parco-dei-frutti-dimenticati-associazione-il-muschio,538271a7-7650-4010-905d-25cc64acfe79,the-park-of-forgotten-fruits-il-muschio-association,9a78e6800de1c0d8,ok,,3124,1964,0.010355,2026-04-18T15:51:31.032141
batch-20260418-1k,0ee0c9ab-fdc7-47ee-8f22-9c762a293480,la-casa-di-dario-associazione-arcobaleno-onlus,a48f8153-56ce-469d-90e8-ce901b675dae,darios-house-arcobaleno-association-onlus,d55786299805863b,ok,,2252,1296,0.006986,2026-04-18T15:51:56.944341
batch-20260418-1k,0ee69b4b-ffc1-49f0-ad45-3110d7ce5f0b,per-voi-e-per-tutti-consigli-pratici-perche-nessuno-venga-rifiutato,bdcad4e9-fbf3-49b5-adca-37c6d73273c1,for-you-and-for-all-some-practical-advice-so-that-no-one-feels-rejected,3362352a5780f3f6,ok,,1985,1041,0.005752,2026-04-18T15:52:13.046149
batch-20260418-1k,0ee9bcb6-969b-4017-8f1d-82e81ed5ca2c,dialogo-aperto-n-12,5a4d8ac0-0b31-4f1e-b969-9d9b2b6544b3,open-dialogue-no-12,0f3ce07485d650e7,ok,,2056,1169,0.006321,2026-04-18T15:52:23.770394
batch-20260418-1k,0ef4d3f1-0514-47ab-a80d-14edb00fb8d0,associazione-bambini-cri-du-chat,7c4f5877-dfa5-4bf8-b4ee-3df4642618e1,cri-du-chat-childrens-association,c548f48ab84281da,ok,,1264,560,0.003251,2026-04-18T15:52:36.417080
batch-20260418-1k,0f10224a-0082-4e33-9a5c-7a3bb607a57d,dialogo-aperto-n-17,288e8aef-d607-4d80-bfd9-e1c522e88e04,open-dialogue-n17,9441328f045383ba,ok,,1694,877,0.004863,2026-04-18T15:52:40.647324
batch-20260418-1k,0f1a4aa9-e0c2-440a-a6f2-6879422e3290,vieni-e-vedi-a-fano-la-formazione-giovani-di-fede-e-luce,1c217746-999f-41cb-b043-2698d275be94,come-and-see-in-fano-the-youth-formation-of-fede-e-luce,203e3f17d5a5c891,ok,,933,298,0.001938,2026-04-18T15:52:48.251499
batch-20260418-1k,0f268790-4a9c-45c1-bf43-b3c746d3fa1d,mimo-a-san-pietro,ed152761-cc95-4688-8040-ad1ef7ad1201,my-second-mime-at-st-peters,b67d270def58f32a,ok,,1002,409,0.002438,2026-04-18T15:52:51.126216
batch-20260418-1k,0f2f51cd-bd97-4a29-8d5c-0988da2b46b2,la-mia-principessa-gilda,ad87d647-caef-4f7f-aeaf-15152f5eb2db,my-princess-gilda,98f04b9d97e753ef,ok,,855,251,0.001688,2026-04-18T15:52:55.855410
batch-20260418-1k,0f3bf05c-7114-4a2d-bf83-fd7c1d2fd09f,archeocasilina-recensione,bfe287a9-a5ad-49e0-b7a6-7dc4e9e0fd79,archeocasilina-review,e0f8e7f22bcbe1d4,ok,,992,359,0.00223,2026-04-18T15:52:58.765673
batch-20260418-1k,0f5b2ec5-2695-49ac-9c12-ce88e142e6ad,noi-non-io,ec3bc58c-3811-4179-8c11-71ce2d24752f,we-not-i,a4013212dbddee29,ok,,2098,1161,0.006322,2026-04-18T15:53:02.778445
batch-20260418-1k,0f60b383-26e5-4568-bc4e-1508341cabdd,verso-sera,71ed1080-9c59-4d4b-b781-1c6a003be159,toward-evening,751b3a8c3b620568,ok,,1490,706,0.004016,2026-04-18T15:53:16.435218
batch-20260418-1k,0f698c73-530d-4596-9c04-8e0f008b4c97,dialogo-aperto-n-135,81bd5e31-5fc0-4d7b-949e-4adf128f1635,open-dialogue-n135,41c275911b5cfb04,ok,,3784,2395,0.012607,2026-04-18T15:53:22.908673
batch-20260418-1k,0f757ea7-7590-4fac-b579-dc4158eca3d6,spiritualmente-le-piccole-suore-non-sono-handicappate,f0599a71-6f4b-43aa-a914-01e58db60323,spiritually-the-little-sisters-are-not-handicapped,6078963d6eb4eff1,ok,,2573,1537,0.008206,2026-04-18T15:54:00.534871
batch-20260418-1k,0f87efa1-df17-4d05-a210-c991102b1794,il-dopo-di-noi,b1a8179e-4a65-4476-bac5-33c6ff3040e8,the-after-us,f6b0ce0fe3667aac,ok,,2212,1319,0.007046,2026-04-18T15:54:18.176385
batch-20260418-1k,0f91b494-e8fa-4156-89fb-744fed06f052,special-olympics-nessuno-si-deve-sentire-escluso,8cd962df-3fe1-458d-a085-8ccbd05c0d48,special-olympics-no-one-should-feel-excluded,df0862c6dafa1311,ok,,1847,938,0.00523,2026-04-18T15:54:31.997758
batch-20260418-1k,0f9f90fe-b8b8-4d80-8507-1457464e2200,impegnarsi-e-impegnarmi,96e50814-754b-46c3-adf5-db16bb03e1b1,committing-myself-and-being-committed,ef58d8a532f215e0,ok,,1209,496,0.002951,2026-04-18T15:54:40.387591
batch-20260418-1k,0fab7d0e-8c31-4ca0-951b-b92fe7ec02f8,jean-vanier-un-profeta-del-nostro-tempo,5eb0816a-a457-4729-95b3-ae87b041d4ac,jean-vanier-a-prophet-of-our-time,d7d07395f62821c5,ok,,2325,1329,0.007176,2026-04-18T15:54:45.042957
batch-20260418-1k,0fb48865-578d-463f-b56c-d44dc934b223,fede-e-luce-incontri-internazionali-e-nazionali-1977,5174cb4d-6520-48e8-be16-8baba971f823,fede-e-luce-international-and-national-meetings-1977,e95e4838fc2affc2,ok,,1870,1060,0.005736,2026-04-18T15:54:59.538937
batch-20260418-1k,0feb7748-c2df-4e2a-be57-386c1e13b101,coraggio-immacolata,152cff09-96ea-49c0-8a02-734c38584328,courage-immaculate,ca53a1013703b33f,ok,,2068,1197,0.006442,2026-04-18T15:55:07.819843
batch-20260418-1k,0fece992-fae7-4065-9b64-4b0feed36ff3,diritti-delle-persone-disabili-secondo-onu,2630f1da-76d7-4d52-93e2-5362eb896e00,rights-of-persons-with-disabilities-according-to-the-un,0832f4ea87a23c4f,ok,,1741,851,0.004797,2026-04-18T15:55:19.661335
batch-20260418-1k,0ff7cda6-9b2b-436d-9658-b23753209a84,sanremo-fin-dove-lho-visto-5,4f5bd2fb-e43e-4ed8-bd84-29a107e7d35a,sanremo-as-far-as-i-saw-it-5,a9847610f06e84ae,ok,,2940,1929,0.010068,2026-04-18T15:55:26.983570
batch-20260418-1k,102a028e-6bbd-4116-9854-2392ce51bc69,io-prete-ho-adottato-valentino,86a2a23a-ce48-462d-948b-5f58998c4cc7,i-a-priest-have-adopted-valentino,c989e625419b423d,ok,,2683,1601,0.00855,2026-04-18T15:55:50.832957
batch-20260418-1k,10313aa3-0e5f-46d3-b620-a9b28c2d00d4,dalle-province-n-145,b1dbfb28-9a0d-432b-9623-0653913b8aee,from-the-provinces-no-145,f83c45fbd0af4451,ok,,2332,1408,0.007498,2026-04-18T15:56:10.804997
batch-20260418-1k,1064d918-f8df-4180-9284-c86d627f54e4,quel-tesoro-nascosto,f142c60c-6221-47d0-8e3c-9eb86f5aedb9,that-hidden-treasure,028dd1a171a4bf47,ok,,2287,1304,0.007046,2026-04-18T15:56:26.441337
batch-20260418-1k,10967bc5-51f1-46da-babe-75c8a34afcf5,la-nuova-legge-sul-dopo-di-noi-nodi-da-sciogliere,217312d4-9086-4df1-a709-3db830bb33c1,the-new-after-us-law-knots-to-untie,bbcf525c5fb9688e,ok,,2808,1667,0.008914,2026-04-18T15:56:42.407338
batch-20260418-1k,11075d8d-2306-4dfb-af5a-aff95cad3017,abbandonati-su-strade-solitarie,55671db8-8ff6-4c74-b2a7-7ec9485db6c9,abandoned-on-solitary-roads,3635d4f281cb0b9b,ok,,2753,1738,0.009154,2026-04-18T15:57:02.000679
batch-20260418-1k,113f0a54-4893-4d97-972c-9fd9fd8709ca,una-sconfinata-giovinezza-recensione-film,8a0114b2-37ef-4d05-9339-75ef69101d2b,a-boundless-youth-film-review,f6d4d1d609d2dbe1,ok,,1650,831,0.004644,2026-04-18T15:57:23.372836
batch-20260418-1k,11482711-1056-47ed-bb3f-67b0fb4ea43c,bambino-giocava-la-luna,fb052d30-1e66-4bc6-b599-cbe6df8f5303,the-child-who-played-with-the-moon,b7a0f6c9e160e000,ok,,1473,714,0.004034,2026-04-18T15:57:30.137389
batch-20260418-1k,11642a63-1000-4c05-8ff9-797ed65e54cd,gioia-e-le-altre-recensione,b5ef3c5c-f227-4beb-95da-86d3e0167590,joy-and-the-others-review,3b4e222ac7646768,ok,,995,366,0.00226,2026-04-18T15:57:35.589845
batch-20260418-1k,116d691a-490d-43e5-a000-f14179708c7c,dalle-province-n-123,500497c2-a55d-4bf0-ba3e-b16e117d5c9d,from-the-provinces-n-123,6981cf76553da33e,ok,,2026,1163,0.006273,2026-04-18T15:57:39.545776
batch-20260418-1k,117a86ba-17bd-4e3f-ba12-e519499056b2,e-uscita-una-nuova-legge-sullassegno-di-accompagnamento-per-le-persone-totalmente-inabili,9b58d35d-3beb-45b5-bc57-a145824a73e1,a-new-law-on-the-allowance-for-accompanying-totally-disabled-persons-has-been-issued,828462f337fa58b9,ok,,1157,493,0.002898,2026-04-18T15:57:51.117999
batch-20260418-1k,117caa61-e1d7-4758-8c02-e230429e822d,dove-sei-piccolo-giulio-recensione,e8f081dc-f34a-4f27-b60e-5345a4fbad86,where-are-you-little-giulio-review,f5aabc8938a44e79,ok,,992,368,0.002266,2026-04-18T15:57:55.313635
batch-20260418-1k,11813ce0-b5bb-4025-8367-ebf0914d29df,ii-barattolo-di-maionese-e-caffe,691a2b3d-bac6-4efa-9c22-1f25fed85764,the-mayonnaise-jar-and-coffee,e2c71751ccb18ca1,ok,,674,101,0.000943,2026-04-18T15:57:59.082114
batch-20260418-1k,118e1aa7-3410-456d-bdeb-f266b3f2612a,le-condizioni-per-una-scuola-cosi,60bb1013-1d20-4d82-8887-5376e34b1ffc,the-conditions-for-such-a-school,92a9ea0401e20f2b,ok,,1664,859,0.004767,2026-04-18T15:58:01.251305
batch-20260418-1k,11a65793-87d6-4c94-8307-f4e67c5d54e5,vita-fede-e-luci-n-60,c93ef3c2-6301-433f-825c-be8837cfbfb4,life-faith-and-light-n60,68260b7b6c723091,ok,,1799,889,0.004995,2026-04-18T15:58:08.604163
batch-20260418-1k,11dd3ca3-17e9-4af1-b94f-7d0b9c839d92,essere-comunita-newsletter-n-28,3fe4bbe3-17f1-4621-b215-73868b12a45e,being-community-newsletter-n-28,4c9cea3e6ec4cfea,ok,,2438,1560,0.00819,2026-04-18T15:58:20.166166
batch-20260418-1k,11eaba40-bfed-4599-9d16-da0410240c93,monsignor-von-galen-leroismo-di-una-coscienza,c672c5d5-300e-4659-abc1-bd6d00295260,monsignor-von-galen-the-heroism-of-a-conscience,3793865be4b71676,ok,,2291,1325,0.007133,2026-04-18T15:58:35.499684
batch-20260418-1k,11f08dda-01be-4961-a41a-ec3ec6f12706,ma-di-sicuro-torna-il-sereno,bbe3232b-838b-4db6-9db9-6557612ba804,but-the-clear-sky-will-surely-return,9c0569161ae91c48,ok,,1121,464,0.002753,2026-04-18T15:58:49.664894
batch-20260418-1k,12379f44-83c4-4f21-afac-b1e60b949bb9,la-storica-redazione-ombre-luci,2bae0f98-f692-4a2c-afba-763896e2ccf4,the-historic-editorial-board-of-ombre-e-luci,fa53369fcfea1ba2,ok,,3034,1975,0.010327,2026-04-18T15:58:53.771929
batch-20260418-1k,12488a15-5c34-4ba5-be4f-fdac7b5db9a1,dove-siamo-noi,764eecf9-99e7-48fb-b261-9f0a397aca67,where-are-we,9abc90732cdc2153,ok,,1268,554,0.00323,2026-04-18T15:59:20.941028
batch-20260418-1k,125e2980-b9c2-41af-a05e-a59abe178c1e,una-soria-vera,6984bc60-87f5-4fb2-8be0-86050e7e6a3a,a-true-story,ec2d344472852eb5,ok,,3514,2348,0.012203,2026-04-18T15:59:25.665370
batch-20260418-1k,12765446-e5d9-41c6-baa5-d9bc4fc49d8e,una-nuova-legge-lamministratore-di-sostegno-per-le-persone-con-disabilita,ba4e3265-e24f-4753-a4af-92947689144b,a-new-law-the-supported-administrator-for-people-with-disabilities,68bf41c831904fb2,ok,,2313,1256,0.006874,2026-04-18T15:59:57.531353
batch-20260418-1k,127b5a99-b977-47b7-a557-900268a4f93f,davanti-a-due-tsunami-newsletter-n-19,a0a86507-c2b0-4dcb-8905-b64e4b597d48,facing-two-tsunamis-newsletter-n-19,acb695ddad342bac,ok,,3027,2010,0.010462,2026-04-18T16:00:10.506105
batch-20260418-1k,128aaa0e-2931-4d73-8a15-16b94c61dbff,newsletter-09-quando-buio-totale,18a44f93-7021-4634-a9cd-dcb01ab4869c,newsletter-n-8-when-the-darkness-is-total,7c29c8f388472504,ok,,2685,1737,0.009096,2026-04-18T16:00:37.102507
batch-20260418-1k,128cdc76-ed76-4626-87d9-622a1858f775,itinerari-paralleli,a85ac97a-138c-4869-bd4c-3a6f670ea157,parallel-paths,b9e396e56473412e,ok,,2438,1378,0.007462,2026-04-18T16:00:56.123031
batch-20260418-1k,129b50e2-bc93-4b41-ab41-03e078c3a868,per-la-nostra-riflessione-una-croce-di-carta-smerigliata,1082c74f-a63f-40d1-a46f-4af5fabf7667,for-our-reflection-a-cross-of-sandpaper,51fbcfeb58db336c,ok,,1619,814,0.004551,2026-04-18T16:01:13.613218
batch-20260418-1k,129bf33c-be13-427c-8b98-2cb8d2ced332,leducazione-delle-persone-disabili-imparare-a-vestirsi,52165aa2-0df1-46e3-9193-ba420a600936,the-education-of-people-with-disabilities-learning-to-dress,c8b7d61a799521c1,ok,,3396,2109,0.011153,2026-04-18T16:01:20.234315
batch-20260418-1k,12b1b32e-380c-45cf-8e2c-47b6aa24c1b9,jillian-la-divina,64cf8a5e-823b-4f10-8203-7ec6653a0119,jillian-the-divine,652939bb3250e88a,ok,,2348,1348,0.00727,2026-04-18T16:01:46.349126
batch-20260418-1k,12c40428-2d81-43ec-9773-7a6f6ee8deb8,la-mia-vita-come-una-gioiosa-battaglia-alexandre-jollien,5e1009f0-06dd-4ab4-a09a-3f18f33f1f13,my-life-as-a-joyous-battle-alexandre-jollien,7fd830d7194636d4,ok,,2658,1572,0.008414,2026-04-18T16:02:00.845661
batch-20260418-1k,12c7c0b7-d8f8-433e-8dd0-85ebcb838f6d,30-giorni-per-capire-lautismo-recensione,fe40c851-4830-4304-803b-0e144ecf1405,30-days-to-understand-autism-review,905fff81241d8438,ok,,1014,359,0.002247,2026-04-18T16:02:19.105899
batch-20260418-1k,12e2fc5f-c96c-41f9-904c-a60db647d2b5,per-rompere-la-solitudine-2,17d95b32-6a6b-4f46-a369-c8ceefdd0c2e,to-break-loneliness,2b64977e70ec0c71,ok,,1402,631,0.003646,2026-04-18T16:02:22.747465
batch-20260418-1k,12f1cbd3-5d79-4cf1-b769-7da15442a4ae,in-cerca-del-padre-storia-delleta-paterna-in-eta-contemporanea-recensione,866d321c-3af5-40cd-812f-b1395c6fcb3c,in-search-of-the-father-a-history-of-paternal-identity-in-contemporary-times-review,5eda20ca2a1e271e,ok,,1830,990,0.005424,2026-04-18T16:02:30.394964
batch-20260418-1k,12f8fe0f-daf2-4885-b8b3-a66db62c7350,giulia-in-arte-clown-cicciola,2d1d1ea1-a6c1-4072-b5fd-95fbfecef1d5,giulia-stage-name-clown-cicciola,51e31aeaf63a1221,ok,,2263,1310,0.00705,2026-04-18T16:02:40.612976
batch-20260418-1k,130f57d3-53a9-49c3-9bb0-efca3c3f7c46,notiziario-fede-e-luce-n-13,48576d31-0a2f-44c5-883d-2278e0c16491,faith-and-light-newsletter-no-13,afa66f0caf3f7e19,ok,,4098,2529,0.013394,2026-04-18T16:02:55.828070
batch-20260418-1k,1329baa8-41f5-48d0-b51d-d62e1bc83780,umili-gesti-tutta-vita,dc8f63c5-26ee-40d9-9986-67771812a056,humble-gestures-that-are-an-entire-life,821a26be607d6619,ok,,1700,912,0.005008,2026-04-18T16:03:33.197681
batch-20260418-1k,135cf379-a769-4026-a8cd-d0b18a964bbf,il-vecchio-re-nel-suo-esilio-recensione,2fbabbc2-8ab4-4d4e-b9f0-979f1c0cbf4c,the-old-king-in-his-exile-review,589ac01982906c86,ok,,1097,436,0.002622,2026-04-18T16:03:42.323216
batch-20260418-1k,137c2bd4-8b7a-4742-808e-b63dd55b3d47,la-covazione-di-un-papa,08d29045-4281-40e9-9446-4064c06c548c,a-fathers-vocation,9ac28d15ac2a6a44,ok,,2704,1546,0.008347,2026-04-18T16:03:46.234341
batch-20260418-1k,13861413-06eb-4852-9743-6fb68a007df8,segni-di-meraviglia,5ae92bd3-d3d8-4eab-94ea-39453159d05f,signs-of-wonder,2141165dad11bb82,ok,,1855,931,0.005208,2026-04-18T16:04:06.171657
batch-20260418-1k,13a62468-c126-430a-ab4b-429629482f08,ristorante-i-ragazzi-di-sipario-dove-niente-e-scontato,61a991dd-8860-4ad2-a5f6-7869b7f093bf,restaurant-the-boys-of-sipario-where-nothing-is-taken-for-granted,4e353a9ff17759e7,ok,,4023,2518,0.01329,2026-04-18T16:04:16.098164
batch-20260418-1k,13ab998b-230a-44bb-b23f-adb077d945a6,campane-a-festa,9058f18d-0cf2-42ed-b13a-fd094eb7f22b,bells-in-celebration,661e20f1346dea0a,ok,,1282,531,0.00315,2026-04-18T16:04:54.985819
batch-20260418-1k,13b91f77-be32-461e-b786-753828e04e42,dialogo-aperto-n-101,bd36b8ba-62ef-4066-8a1d-48940dd1c002,open-dialogue-no-101,05e9f264781831a6,ok,,2732,1617,0.008654,2026-04-18T16:04:59.945058
batch-20260418-1k,13c3091d-541e-4f9d-96df-f4780687f266,qualcuno-aspetta,8b717df1-8b4c-4b72-97b1-afc0ace2a6ab,someone-is-waiting,3bf33b614cc4235a,ok,,2075,1128,0.006172,2026-04-18T16:05:19.980026
batch-20260418-1k,13e7956d-32bf-49c6-aa64-289ea6ee0df5,il-calcio-spiegato-da-me,d387c732-57dd-4679-8c9d-9a24f9370f1d,football-explained-by-me,2a6b96f8da13b2a0,ok,,1344,648,0.003667,2026-04-18T16:05:32.484497
batch-20260418-1k,13fe2356-879f-4abb-8fd9-aee8f14cb814,nessuna-pieta-che-immagine-trasmettono-dellhandicap-i-mezzi-di-comunicazione-di-massa,8db3845a-4612-459d-8879-0001df30a422,no-mercy-what-image-do-mass-media-transmit-of-handicap,a091b9417b3346d8,ok,,3162,1981,0.010454,2026-04-18T16:05:38.513894
batch-20260418-1k,140c839b-4f9f-4560-b358-9c47cb323359,amore-caro,b0e063dd-f43c-46dd-8366-ed78f0000825,dear-love,b4c9a79b90cafb9e,ok,,886,265,0.001769,2026-04-18T16:06:05.164600
batch-20260418-1k,14277843-6047-4613-9a1f-b5351cd8eb4a,curare-lautismo-a-casa-un-opera-damore,b2ee9bf5-b751-4fca-9a87-caf3f592dfe6,treating-autism-at-home-an-act-of-love,432c8b481ac3eb4e,ok,,3036,1574,0.008725,2026-04-18T16:06:08.321090
batch-20260418-1k,144b9230-17bb-4f21-8b47-ebe30a00292f,epilessia-indicazioni-di-primo-intervento,40979932-a44b-45c6-b09f-bf99cbe5515e,epilepsy-first-aid-guidelines,e531ec9151e91a02,ok,,1462,719,0.004046,2026-04-18T16:06:28.101583
batch-20260418-1k,1479cbc4-5b6b-4865-835d-ea9d2a524068,cresima-marco,50fb2fd7-52c0-4da1-8429-07980026daf7,truly-the-spirit-of-the-lord-is-upon-marco,15ab91b6dfd52434,ok,,2835,1755,0.009288,2026-04-18T16:06:33.976411
batch-20260418-1k,1481e650-7b3d-4333-a470-fe2e8eece761,foto-in-bianco-e-nero,4771bf53-b239-4d72-abcf-e251e66605cd,black-and-white-photo,06ec5d83fe608983,ok,,1856,1020,0.005565,2026-04-18T16:06:53.769589
batch-20260418-1k,1486b446-cc05-4fd6-8b98-fb1b7769bdc6,a-braccia-aperte,ceb7e187-675f-49d1-a66d-984e39e843bb,with-open-arms,9f80ba94be39dd19,ok,,3407,2157,0.011354,2026-04-18T16:07:04.447790
batch-20260418-1k,14aeb933-78e5-4c6f-b528-88e4295e2c34,testimonianze-dal-pellegrinaggio-di-lourdes-1971,b2f6f04a-f84b-496a-a107-2c7400f0807d,testimonies-from-the-lourdes-pilgrimage-of-1971,c3bcfd48f3270733,ok,,3627,2360,0.012342,2026-04-18T16:07:35.441220
batch-20260418-1k,14c131df-8f16-4471-9fd3-afe90f4224fa,wdsd-2018-giornata-mondiale-delle-persone-con-sindrome-di-down,033cfd47-a21d-42a7-9c3f-12d66675ceb7,wdsd-2018-world-down-syndrome-day,58a5a0ab33154c2d,ok,,1405,776,0.004228,2026-04-18T16:08:07.623097
batch-20260418-1k,14c294e5-5f26-43c0-be99-c0619b51f200,un-capo-atipico-per-larca,,an-atypical-leader-for-larche,3a55c3d3deffb7ef,error,HTTP Error 400: Bad Request,2064,1192,0.006419,2026-04-18T16:08:12.575677
batch-20260418-1k,14d99fc6-cff9-4ee1-9498-f68f850d55fe,cara-zia-cosima,82a28db0-ceb8-4db3-9fff-2d4cf84f1c7e,dear-aunt-cosima,9b8430ce0768966c,ok,,1417,713,0.003986,2026-04-18T16:08:24.489017
batch-20260418-1k,14fc7753-3c0c-4bb0-bc71-d7f897873265,vivere-i-miei-limiti-nella-verita,8608a6a2-dd0b-4475-926a-e94757a9d793,living-my-limits-in-truth,1fe951cebc71991c,ok,,2940,1800,0.009552,2026-04-18T16:08:33.074403
batch-20260418-1k,14ff9503-eb8f-49e7-a3b8-83881c131892,la-forza-del-carattere-recensione-libro,97a13cb3-1e37-4354-9360-034eb7094297,the-strength-of-character-book-review,846b90f27096afea,ok,,871,261,0.001741,2026-04-18T16:08:54.441414
batch-20260418-1k,152e251f-7145-46e2-a362-114a2f308ed1,la-disabilita-dellinformazione,5376f2d3-4172-4f6c-836b-a852f7fc13c2,the-disability-of-information,e318a3994b1deb04,ok,,3725,2367,0.012448,2026-04-18T16:08:57.062002
batch-20260418-1k,153d52e8-a418-4d61-b45f-5c72628a559c,dalle-province-124,58589dfb-682f-47f5-8e36-4b3b6c3d7ab0,from-the-provinces-n124,050df9c0968b0316,ok,,2245,1283,0.006928,2026-04-18T16:09:30.759547
batch-20260418-1k,1542a949-fe70-4d61-b338-50ebc1c88952,non-piu-sedici-anni-realta-bisogni-dellhandicappato-diventa-adulto,d40bb685-e46d-444a-bfcd-0c887933bc38,no-longer-sixteen-reality-and-needs-of-the-handicapped-person-becoming-an-adult,2b2702b39b2cbc8c,ok,,1536,748,0.004221,2026-04-18T16:09:45.317692
batch-20260418-1k,155b2404-32bb-4905-b502-4844d54499b4,ho-scelto-mio-fratello,4a5fc7b7-a136-4286-aee5-f3c6cdd652f0,i-chose-my-brother,3ef778fe2eae11f8,ok,,4917,3140,0.016494,2026-04-18T16:09:50.953661
batch-20260418-1k,15635408-a691-4b68-aaf7-77b071a4e8c8,maria-de-la-soledad,9d7e4ad8-4747-4495-a00a-3df8dc7474f6,maria-of-solitude,cce6bdadf202077b,ok,,3290,2009,0.010668,2026-04-18T16:10:39.967465
batch-20260418-1k,15688e83-2ae8-4850-b78f-e36248845f17,dialogo-aperto-n-30,7ee85888-1775-452b-8c25-9abea0b96d50,open-dialogue-no-30,e57c60286216ae79,ok,,2831,1776,0.009369,2026-04-18T16:11:10.140491
batch-20260418-1k,156eb469-6d65-4679-8e0e-a08dfb0c14ac,ascolto-che-guarisce,b83a39b9-ee99-431c-98af-e67f0a5e66c1,the-listening-that-heals,90a67e38add1d95c,ok,,1337,600,0.00347,2026-04-18T16:11:30.122388
batch-20260418-1k,157494e7-0367-4fd8-ae0b-4403db0d0758,voglio-mostrarvi-strada,86d65007-9bf8-4018-af3f-c8fbcb53d58c,i-want-to-show-you-a-path,60740838dd56cfbc,ok,,1374,630,0.003619,2026-04-18T16:11:35.412429
batch-20260418-1k,15bfa3b7-ac67-4f9b-ad02-3a70da22d708,roberto-trova-unaltra-casa,4e894739-c7b5-4747-93d3-e8399d6b4b03,roberto-finds-another-home,369870c6f74fd28c,ok,,2207,1300,0.006966,2026-04-18T16:11:40.697471
batch-20260418-1k,15e04c3f-6a0f-49de-a268-55a32ce190db,i-nonni-possono-fare-molto,0f336927-5777-449c-8f6e-d9bfdbaf1d6b,grandparents-can-do-much,d361a47d90bdb24a,ok,,2338,1397,0.007458,2026-04-18T16:11:55.685599
batch-20260418-1k,15fe23ef-ee5c-4c36-9827-844332e99d6d,centri-diurni-coronavirus,9a7e1fc2-4fd5-4f33-9330-e6065b3a5c92,on-the-concept-of-reopening-rehabilitative-day-centers,f493fbed5cdf030f,ok,,3890,2490,0.013072,2026-04-18T16:12:11.953941
batch-20260418-1k,16087ec2-941a-497f-b965-9311fc2a448e,vicenza-centro-di-formazione-professionale-dell-opera-francescana-charitas,5c624af2-ceaf-4b8c-9350-d5f733cdb14a,vicenza-the-professional-training-center-of-the-franciscan-work-charitas,8d7b78c81941ed2a,ok,,3913,2513,0.013182,2026-04-18T16:12:33.938661
batch-20260418-1k,16349be6-b824-4de7-a42e-cc0b82d2527b,la-disabilita-non-e-una-vocazione-recensione,8041f885-6724-4738-bd30-7f34b4efc8a2,disability-is-not-a-vocation-review,b339cc0081af7fec,ok,,888,288,0.001862,2026-04-18T16:13:10.603202
batch-20260418-1k,164f5582-821f-4d13-9790-42e89a490d29,a-37-anni-cati-progredisce,d1bf0e78-fd0d-406d-bfde-074cf8c62788,at-37-cati-makes-progress,4f4eff7ac163056b,ok,,2301,1314,0.007097,2026-04-18T16:13:13.902424
batch-20260418-1k,165249a5-92f6-4830-af14-6a3852955a48,cercavo-di-far-cantare-il-mio-cuore,59577ced-376e-4a35-ae01-ca987bb75375,i-tried-to-make-my-heart-sing,82e58fd57efd3211,ok,,1806,994,0.005421,2026-04-18T16:13:29.968933
batch-20260418-1k,16542cca-35c1-403c-8902-378f3d4bcbda,willow-vrba,,willow-vrba,866a106189014cb0,error,HTTP Error 400: Bad Request,1138,463,0.002762,2026-04-18T16:13:39.542617
batch-20260418-1k,16585a87-dc1e-4d21-874f-166271305219,da-un-altro-punto-di-vista,f726ee51-900c-4954-911d-aa8dfa3ad1bf,from-another-point-of-view,ae6451de34fb10d3,ok,,1369,663,0.003747,2026-04-18T16:13:44.442955
batch-20260418-1k,166e6283-a084-4db2-a2b7-e6bfed347cd3,il-suo-primo-grido-fu-di-gioia,05669207-b7ab-4972-b0f4-faa72ea5b541,her-first-cry-was-one-of-joy,8324b61ef0810241,ok,,1786,970,0.005309,2026-04-18T16:13:51.067113
batch-20260418-1k,16927269-98d5-4187-9495-dda7000c2b67,come-fare-una-buona-vacanza,a6cd0450-2b27-4625-8d36-0888e4c56e73,how-to-have-a-good-vacation,6dc89ed99a8912ed,ok,,1938,1033,0.005682,2026-04-18T16:14:00.806256
batch-20260418-1k,16a2ad8b-ac47-472c-9ffa-e2edd70170dd,la-asl-va-in-montagna,5dad1cc1-4307-450f-9ae5-f92f9b0956eb,the-asl-goes-to-the-mountains,935836e94c81f842,ok,,1849,949,0.005275,2026-04-18T16:14:11.089080
batch-20260418-1k,16a88cb9-6459-44df-b928-cdb6848306ec,mio-figlio-che-non-voleva-vedermi-piangere,9a51f49c-6221-4193-b93e-642d033e1f0f,my-son-who-did-not-want-to-see-me-cry,a1a6a599ee1a6dd9,ok,,3686,2301,0.012153,2026-04-18T16:14:19.579699
batch-20260418-1k,16a8c89f-e515-4ee1-9b41-bcf010c9321a,dialogo-aperto-n-122,790c27ee-5d3d-4b9a-8454-28fc93a6878e,open-dialogue-n-122,986321eb0093895b,ok,,5280,3515,0.018284,2026-04-18T16:14:54.813264
batch-20260418-1k,16c5e2bd-6d79-4e25-ae5f-52a34a5d54a0,inizio-nuova-vita,f7427b4f-8842-49e7-8cb2-22f3466ab07b,the-beginning-of-a-new-life,1dd18dc9f9c2df0d,ok,,2967,1685,0.009114,2026-04-18T16:15:47.930466
batch-20260418-1k,16c68611-4261-48cb-a21e-e2dfb0ac642d,mal-di-nebbia-recensione,55440996-2cd9-44f5-84c8-bff0e5d68a8e,fog-sickness-review,4f9999e1b19032f9,ok,,933,320,0.002026,2026-04-18T16:16:01.673423
batch-20260418-1k,16d4af02-73f7-4762-b1fa-10a493c99f75,disabilita-ed-eta-adulta-qualita-della-vita-e-progettualita-pedagogica-recensione,3a22e549-ecb1-49cb-b499-8ee30b514ad2,disability-and-adulthood-quality-of-life-and-pedagogical-planning-review,90629cb851c8e088,ok,,1120,446,0.00268,2026-04-18T16:16:05.244858
batch-20260418-1k,16f2009a-79d3-44a8-96d3-6046b3d67c6a,il-signor-parroco-ha-dato-di-matto,42faa2a1-1852-49c5-82fc-44ff08efad4d,the-priest-has-lost-his-mind,3cac4324f7729256,ok,,1024,373,0.002311,2026-04-18T16:16:09.505175
batch-20260418-1k,16f66b63-16ba-4644-886b-23d64bbad737,la-matta-di-piazza-giudia-recensione,f91f0369-c17f-4f22-bd83-5979b259d643,the-mad-woman-of-piazza-giudia-review,fd6b44ddb1ef35c1,ok,,953,356,0.002186,2026-04-18T16:16:15.532121
batch-20260418-1k,1702cd27-8afd-479a-9d05-3d81966a4522,principi-di-azione-per-una-equipe-di-animazione,b9f24894-ed36-4895-b1fa-de03e2b5c413,principles-of-action-for-an-animation-team,19b18373150227ea,ok,,2446,1407,0.007585,2026-04-18T16:16:19.175668
batch-20260418-1k,1726f9c5-6928-4ece-8f01-eb9c661983fe,ricordi-e-speranze-dai-questionari-sul-pellegrinaggio-a-roma-del-1975,64d34d26-bf1f-4875-bd4a-6c7c179496b7,memories-and-hopes-from-questionnaires-on-the-1975-pilgrimage-to-rome,5d43a38d3b5f1997,ok,,3896,2604,0.013533,2026-04-18T16:16:35.720215
batch-20260418-1k,174f8964-89ae-4fe7-a33c-35633096b93e,storia-di-un-uomo-ritratto-di-carlo-maria-martini-recensione,dc7ba30b-4b09-42fb-9ab5-aecd6149a351,story-of-a-man-portrait-of-carlo-maria-martini-review,33ef93b5e812ee53,ok,,1367,630,0.003614,2026-04-18T16:17:09.765520
batch-20260418-1k,175734ef-cadf-4f91-8c73-cf9399d78305,nuove-tecnologie-e-disabilita-handimatica-2002-di-cosa-si-parla,0c8139df-cceb-4642-ab86-30a8ff5f3d82,new-technologies-and-disability-handimatica-2002-what-were-discussing,58ea152b9bcc4603,ok,,1333,595,0.003446,2026-04-18T16:17:15.304810
batch-20260418-1k,178a26d0-66aa-4a11-ab9a-8dca9cae082a,giovanissimi-io-e-mio-fratello,7c138e37-1aec-4ed6-8950-d665a480092d,very-young-people-my-brother-and-me,f3d70c9a7a5927d9,ok,,1156,511,0.002969,2026-04-18T16:17:19.945827
batch-20260418-1k,17d26555-5406-407a-9c8c-09fa61e071c9,declinazioni-di-speranza,15407473-60f9-4b39-9bb7-1be598a1538a,declinations-of-hope,412ef016e94178fd,ok,,1309,579,0.003363,2026-04-18T16:17:23.994346
batch-20260418-1k,17db9008-1447-4178-a9a7-2d5039b78805,avevano-spento-anche-la-luna-recensione,f8122ee8-68cf-400c-ac20-32a08cf24f75,they-had-extinguished-even-the-moon-review,a4fe5c1cc6404735,ok,,1219,537,0.003123,2026-04-18T16:17:29.094681
batch-20260418-1k,1812345a-6de9-48a0-be99-5dc25f5fabdb,con-cristo-sulle-strade-del-mondo-riflessioni-a-tema-missionario-recensione,0df81d1c-e331-46ff-add8-58ccf655eb88,with-christ-on-the-roads-of-the-world-reflections-on-missionary-themes-review,9c77d6366f58b2c3,ok,,833,234,0.001602,2026-04-18T16:17:34.036622
batch-20260418-1k,18124f90-6e01-46a6-8555-7ec6ea14746b,il-paese-dei-pazzi-recensione,661ca583-aa01-4ea4-94e4-bb1714f0d0d9,the-country-of-the-mad-review,3d3f5efa1a173602,ok,,960,330,0.002088,2026-04-18T16:17:36.955620
batch-20260418-1k,182467d9-b188-454c-8766-c61db77e247b,periodo-pesante-su-spalle-e-cuore,762ab817-9d78-4245-b89b-c2159fe53b8c,a-heavy-season-on-shoulders-and-heart,373dccc15e2a9feb,ok,,1036,390,0.002389,2026-04-18T16:17:40.711016
batch-20260418-1k,1834334e-092c-46e2-9797-00eb2497bc33,segni-di-speranza,3ac5eb00-bb3f-494a-8152-143a06d47236,signs-of-hope,c6d910a28da2a6da,ok,,1600,767,0.004348,2026-04-18T16:17:45.055855
batch-20260418-1k,1846f3fd-39e8-46f3-85d3-161377dcdca2,lettere-a-jean-matteo-mazzarotto,852c9694-e6e7-4766-a760-73960900ac61,letters-to-jean-matteo-mazzarotto,cdc863963bbc1c88,ok,,1987,1092,0.005958,2026-04-18T16:17:56.831384
batch-20260418-1k,185a5742-4b65-467d-bdf4-260c76682029,ciao-jean,9c99233d-c163-4c46-b191-8784e6fc448a,hello-jean,3da09ca6801b016b,ok,,1391,682,0.003841,2026-04-18T16:18:12.203942
batch-20260418-1k,18708c16-679e-4bf9-a9eb-da63155dd14a,specialita-catechista,df918749-fefa-4c65-818a-6c2867dc41e5,specialty-catechist,b4ad6c1a41ea2d38,ok,,1869,1056,0.005719,2026-04-18T16:18:16.803129
batch-20260418-1k,18774d79-3713-4a4e-8cef-b5cd05418ed5,cose-liperattivita,941ff965-ffab-49ca-af33-7d027de5b35c,what-is-hyperactivity,6fe849c5ccd3d2f6,ok,,3222,1959,0.010414,2026-04-18T16:18:27.106941
batch-20260418-1k,188239f1-9dc4-4635-b4d5-a557b8aeb819,i-nonni-una-tenerezza-in-piu,fad13ba6-d6f6-4008-9499-8c7042458c3d,grandparents-an-extra-tenderness,dba72d5cdb8b6a6b,ok,,1645,819,0.004592,2026-04-18T16:18:52.599905
batch-20260418-1k,1890f574-4a4d-4e73-b2e3-59074fb30e7d,che-cosa-fare-con-loro-la-casa-del-sole-e-il-centro-di-solidarieta,ea671049-20b3-4dee-9d3e-6f20d7c892b2,what-to-do-with-them-casa-del-sole-and-the-center-of-solidarity,78d9feb03757298e,ok,,2514,1440,0.007771,2026-04-18T16:19:00.557268
batch-20260418-1k,1893b7cc-fb57-4c59-a345-b62471a35239,hanno-avuto-un-grave-incidente,30878591-e817-4138-a19a-0db2d01a41d7,they-had-a-serious-accident,84a052355d1e4996,ok,,2714,1567,0.008439,2026-04-18T16:19:16.617797
batch-20260418-1k,1895694d-9d0f-493f-bdb6-52bce86b55ab,intervista-jeanvanier,3fec4eb0-3dc5-4b2c-934d-b2fff2a47084,interview-with-jean-vanier,de04a1c4d6787cba,ok,,2253,1217,0.00667,2026-04-18T16:19:36.631744
batch-20260418-1k,189fd20b-2198-4f44-beb1-4e9a60859cf4,dobbiamo-svagarci,9f45d7a3-6b67-4a73-b91c-dfa3ab0602b2,every-now-and-then-we-need-to-enjoy-ourselves,6bbf8d2e17062101,ok,,1204,518,0.003035,2026-04-18T16:19:50.727721
batch-20260418-1k,18b4ab1a-bf12-45d4-a080-d764d7ee061a,nessun-uomo-e-una-pietra,b2c57ef6-f932-42a3-9d84-a6586ee4b9e8,no-man-is-a-stone,a4167074017eae1f,ok,,4015,2500,0.013212,2026-04-18T16:19:55.325462
batch-20260418-1k,18ec63b5-e8ef-4b73-a84a-17c6dbeefdb2,non-ha-piu-sedici-anni,d50e01fc-dac7-4488-8004-12996d27b4d9,he-is-no-longer-sixteen-years-old,f172ba144307be55,ok,,3834,2386,0.012611,2026-04-18T16:20:30.800874
batch-20260418-1k,18edb49a-6229-41be-91c6-37b85c3e0d24,grazie-per-avermelo-fatto-fare-da-sola,41c80e2c-3b54-4f02-beed-1c456b31dd97,thank-you-for-letting-me-do-it-myself,5daf4668f2ab30ed,ok,,1608,805,0.004506,2026-04-18T16:21:06.547431
batch-20260418-1k,18f5f3c7-c10e-4eca-b0ff-90e40473fac5,dialogo-aperto-n-72,2687050c-269f-4c15-873e-81e6149dbfbd,open-dialogue-no-72,9e4f6f6c2fc1859a,ok,,2626,1575,0.008401,2026-04-18T16:21:13.009571
batch-20260418-1k,19055a68-a5a1-4cb3-8842-4ca46e0a5def,dopo-la-scuola-dellobbligo-una-scelta-difficile,ee5378c7-6750-4289-a199-5d5bf05153fc,after-compulsory-school-a-difficult-choice,f588843945e5e924,ok,,2728,1595,0.008562,2026-04-18T16:21:32.314827
batch-20260418-1k,19118003-f119-4390-9e82-e661d30603f3,ombre-e-luci-oggi-ha-ancora-senso,61367d6a-6e81-4d70-abb5-bd75dcf76471,ombre-e-luci-today-does-it-still-make-sense,9478acf383dc0ca5,ok,,1728,880,0.004902,2026-04-18T16:21:51.411621
batch-20260418-1k,1933d9cd-94f5-4104-b5bc-488a519da30b,alberta-e-la-rivoluzione,754a0039-5ffe-48c1-9f36-77ee8b103c92,alberta-and-the-revolution,0c4e5d4a417baa44,ok,,3022,1923,0.01011,2026-04-18T16:22:00.083821
batch-20260418-1k,194a8d85-d1a2-47c5-adf8-c26c0d32a830,da-meditare-senza-fretta,ada148c8-33b6-4953-a22e-9bc20426d0e2,to-be-meditated-upon-without-haste,9f66e1f45337af64,ok,,2243,1331,0.007118,2026-04-18T16:22:25.942199
batch-20260418-1k,19530dd6-5e91-4aa0-9d31-6ec457cf3acb,sempre-damigella-mai-sposa,57e8d704-4832-480f-abe1-616887163cac,always-the-bridesmaid-never-the-bride,5f248ded565d3b00,ok,,2686,1599,0.008545,2026-04-18T16:22:40.201874
batch-20260418-1k,195c1df1-3497-495d-8f0d-cb669fc41cc9,niente-giochi-nellacquario,c96dd86a-0c5a-402b-9cdb-466f56a50f99,no-games-in-the-aquarium,8ccd6e82e769b444,ok,,993,345,0.002174,2026-04-18T16:22:59.561678
batch-20260418-1k,195eacec-a4e0-4ce6-8f39-84e6a8780472,giacomo,,giacomo,8c60c267e92a3c13,error,HTTP Error 400: Bad Request,3300,2175,0.01134,2026-04-18T16:23:03.091466
batch-20260418-1k,196e737b-5057-4d8c-b6a1-b7ea83a5416f,isolato-ma-immerso-nella-vita,d600cf6c-d02f-4f8c-a117-32d0011392d8,isolated-yet-immersed-in-life,21ddd3adfdccd372,ok,,2410,1579,0.008244,2026-04-18T16:23:35.252833
batch-20260418-1k,19889a58-b4dc-4e9b-8942-5e15e51351df,il-mio-nome-e-trappola-la-favola-di-anna,538cb7d9-d4a4-4e68-b1ea-9ec25079be48,my-name-is-a-trap-the-fable-of-anna,9b4da32e1e9cb077,ok,,1729,961,0.005227,2026-04-18T16:23:51.584799
batch-20260418-1k,19cf0c13-ffba-429b-bff1-5098835dd3a5,il-diritto-alla-vita-prima-della-nascita-recensione,68a321e7-21bf-42ff-bca2-2d06402e7eca,the-right-to-life-before-birth-review,59b00fffb22dc594,ok,,1160,475,0.002828,2026-04-18T16:24:01.432420
batch-20260418-1k,19d772b4-174f-4f09-b177-6d40d9826780,pretese-fuori-mercato,638a7bd5-8e7c-4fd7-ad0f-33a0f5d001a5,demands-outside-the-market,0982156084381169,ok,,1460,743,0.00414,2026-04-18T16:24:05.870225
batch-20260418-1k,19dea50a-c59f-40f4-83cb-2c9c1b17d87b,dopo-di-noi-i-nodi-da-sciogliere-della-nuova-legge,715f52a7-f507-4c50-a2e8-713a8b48e502,after-us-the-knots-to-untie-in-the-new-law,eb6a072823df1d2b,ok,,2788,1667,0.008898,2026-04-18T16:24:11.507665
batch-20260418-1k,19e31726-4e6a-45e5-9c8c-94fc6258ce4c,la-tua-parola-tutti,1a982370-7140-4ec9-99d3-a9487bcdaee9,your-word-is-for-everyone,9dc11fc6e58a8fac,ok,,2519,1504,0.008031,2026-04-18T16:24:31.051186
batch-20260418-1k,19f1fecb-d7bf-4e93-b92c-e38efa1e105c,come-and-see-meeting-dei-giovani-ad-alicante,7239a15a-798d-496a-89a8-737764dac9ba,come-and-see-meeting-of-young-people-in-alicante,b4db5a3ba282f710,ok,,1627,828,0.004614,2026-04-18T16:24:48.687167
batch-20260418-1k,1a054e8a-7339-499f-b1be-27b187efa0f5,rendere-viva-la-messa-unita,412e1e76-c354-43c1-b0b3-c379cee96ceb,how-to-make-the-mass-come-alive-by-creating-unity,606b3e5ddc0868a7,ok,,3411,2125,0.011229,2026-04-18T16:24:55.680010
batch-20260418-1k,1a311ea3-c9e8-4741-b85e-818bb7c467bc,pasqua-significa-passaggio,9e91aed8-fb55-46eb-bcee-28659b349ae8,easter-means-passage,3d4655fa8b227b6f,ok,,1575,767,0.004328,2026-04-18T16:25:22.864684
batch-20260418-1k,1a4b6fe7-ca00-42bc-89df-e556d0b42688,incontro-internazionale-preparativi-e-spiritualita,41ef9fc3-c088-441d-8854-293c04302a8c,international-meeting-preparations-and-spirituality,4a97ec5399fc2b84,ok,,1333,595,0.003446,2026-04-18T16:25:30.132194
batch-20260418-1k,1a5c8c50-cb50-428c-b82c-0dabbf1cd8bf,il-manuale-della-buona-educazione,07ffc4eb-781b-4971-96ee-d592f646b9c5,the-manual-of-good-manners,a9b43e18709ab123,ok,,1300,616,0.003504,2026-04-18T16:25:35.131868
batch-20260418-1k,1a9844ba-df65-48be-b95b-92d62c8c01cd,viale-di-valle-aurelia,,viale-di-valle-aurelia,f5b3bec7b42fd344,error,HTTP Error 400: Bad Request,2009,1145,0.006187,2026-04-18T16:25:40.259732
batch-20260418-1k,1a9efc85-58f9-4303-96c2-8334a2ec0aad,nove-punti,c7a2c2da-a0d0-478f-bf65-8848ee77a1e8,nine-dots,252c15b9261fb9bd,ok,,1403,672,0.00381,2026-04-18T16:25:52.066384
batch-20260418-1k,1ab0151b-d45f-4284-8e61-bea974fcc6f5,se-arianna-recensione,adbc9c36-f925-4c6a-aa2f-fdefd0264ab8,if-arianna-review,394dfd397818f1eb,ok,,1078,427,0.00257,2026-04-18T16:25:57.401888
batch-20260418-1k,1ac02678-675d-4c39-b086-842812898095,una-foto-da-hong-kong,466226ae-9fa6-49fa-a4e2-92cb26297fe8,a-photo-from-hong-kong,af18afcb7196adfe,ok,,1475,776,0.004284,2026-04-18T16:26:01.528254
batch-20260418-1k,1ad8e744-6692-464b-8285-9175ffa66d00,cinema-e-disabilita-i-3-film-di-gabriele-niola,841baa15-d5a7-40f3-850b-638be603515f,cinema-and-disability-gabriele-niolas-3-films,0d258c662ca3d3da,ok,,675,100,0.00094,2026-04-18T16:26:08.212653
batch-20260418-1k,1afbfa18-67d2-473f-88d8-5e72e11e6df0,al-rientro-dalle-vacanze-campeggi-campeggi-ancora-campeggi,f03a7edb-19af-4b5b-b050-9b140d50c179,returning-from-vacation-camps-camps-and-more-camps,5cfcfb1fdeab645b,ok,,5780,3985,0.020564,2026-04-18T16:26:10.794027
batch-20260418-1k,1b253602-701a-457c-9861-184d86ee11c5,formazione-morale-e-disabili,5e1f8d9a-190f-45af-8e8c-44e815bc527e,moral-formation-and-people-with-disabilities,5fc1c78b5bf7c031,ok,,1941,1018,0.005625,2026-04-18T16:27:12.803895
batch-20260418-1k,1b3ed840-da29-44ea-9a36-9c240d48836b,se-assisi-1978,69d765d3-e113-4ac8-91c1-cda5a1ce8b90,if-assisi-1978,6d467d2a49d3228c,ok,,861,268,0.001761,2026-04-18T16:27:25.590453
batch-20260418-1k,1b5620ad-c6af-468e-9d1c-6fd07aafc5e6,beati-i-poveri-suggerimenti-per-le-tra-giornate-ad-assisi-1978,eb160888-6350-4cdf-9b40-0e0071f6d85f,blessed-are-the-poor-suggestions-for-the-three-days-in-assisi-1978,66931df07dcd2d3f,ok,,3999,2744,0.014175,2026-04-18T16:27:28.461052
batch-20260418-1k,1b82b5b0-1766-4e52-bd19-d59ccfb65955,vita-fede-luce-n-16-corso-formazione-ilkley,439d5a32-f9d7-4d89-9dc1-e6379ee0ae56,life-faith-and-light-no-16-ilkley-training-course,366e5a042509c5af,ok,,4167,2519,0.01341,2026-04-18T16:28:05.387734
batch-20260418-1k,1baa19df-79c7-44ac-ae14-dd9db9b44dbc,10-buoni-motivi-per-fare-volontariato,21b49ab1-e24b-4d55-93a3-4ef65c1c4ef1,10-good-reasons-to-do-volunteer-work,3a2bd3464ad6c219,ok,,1234,553,0.003199,2026-04-18T16:28:43.782680
batch-20260418-1k,1bdef268-278f-4d0a-b54d-5b98cd327a48,alzheimer-ancora-sempre-per-mano,a8dbbe7e-a057-4f25-a15d-f4ebc0eadf22,alzheimer-still-always-hand-in-hand,c43fb24e65ae55ba,ok,,2058,1156,0.00627,2026-04-18T16:28:48.729333
batch-20260418-1k,1be4e3c5-9b63-4061-8bd3-519c9bea45d2,una-mamma-di-bambini-normali,9b17c4fb-400b-4951-a715-b0f4aaaa88e2,a-mother-of-normal-children,3b8cdb475d78e9b4,ok,,1286,580,0.003349,2026-04-18T16:29:12.602568
batch-20260418-1k,1be6fbc4-b9ad-4969-ba0e-f3826f8d0178,le-spalle-di-dio-recensione,ed87ea57-e506-41ad-87ba-eee78c5858a6,gods-shoulders-review,d58ce652a799126c,ok,,910,294,0.001904,2026-04-18T16:29:18.248649
batch-20260418-1k,1bfddd2d-5d82-4fe2-b39b-7192cbedde19,liberi-di-vivere-come-tutti-prima-conferenza-nazionale-delle-politiche-sull-handicap,1536f8a5-5fce-40eb-bfc8-5f7df541dacd,free-to-live-like-everyone-else-first-national-conference-on-handicap-policies,3a45da94e66f0220,ok,,3217,2133,0.011106,2026-04-18T16:29:21.274465
batch-20260418-1k,1bfe42b2-3bee-4e48-af8e-258f0ad018c7,odoardo-focherini-un-giusto-fra-le-nazioni-recensione,081a740a-f521-4ab0-9489-2eaf503783f4,odoardo-focherini-a-righteous-among-the-nations-review,5543ac35ede8f2c3,ok,,1006,382,0.002333,2026-04-18T16:29:44.617448
batch-20260418-1k,1c136fc2-e196-47b2-b5bc-f6d5cd7f3cb9,dialogo-aperto-n-104,affed49d-8b3b-4ca4-b14b-1d083157ab2a,open-dialogue-no-104,ac7e77253d662cef,ok,,1916,1048,0.005725,2026-04-18T16:29:48.228466
batch-20260418-1k,1c206c15-7fd8-4aa9-871e-2242fefd4bfd,anche-se-non-ho-voce-anche-se-non-sento,f8a79dd3-81c4-44a1-9401-2e29322c5f3a,even-if-i-have-no-voice-even-if-i-cannot-hear,48c66bb50b4553e2,ok,,2295,1405,0.007456,2026-04-18T16:29:59.601433
batch-20260418-1k,1c2cb0a5-f1c4-44e0-994f-c82eed672721,quelli-piu-simili-a-lui,0c64ea9d-8983-42ed-8566-0b846b211cb4,those-most-like-him,4ba0b4e9c0a96cbf,ok,,1696,895,0.004937,2026-04-18T16:30:16.722506
batch-20260418-1k,1c329bb8-7cdc-4860-b4e4-a84d2d08b68a,a-parigi-al-caffe-della-gioia-che-piace-anche-a-brigitte-macron,1c91dd39-f211-4108-b847-e8eb49a499b3,france-the-inclusive-cafe-joyeux-project-is-a-success,566901e8b6380a26,ok,,1836,1008,0.005501,2026-04-18T16:30:25.200180
batch-20260418-1k,1c46e650-65a9-4603-9c71-c216110bf1d5,prima-di-andare-a-letto,20e88e76-5085-4c6b-85ab-b3b34fa36247,before-going-to-bed,5088556fb1fd9963,ok,,3504,2250,0.011803,2026-04-18T16:30:35.006418
batch-20260418-1k,1c49d57d-1a09-452c-b0ad-4e168aa382b9,casablu-un-condominio-speciale,5926d26a-57cd-492c-b31a-ee9bd7d5f4f1,casablu-a-special-condominium,51128eb19542a413,ok,,3266,2054,0.010829,2026-04-18T16:31:07.376465
batch-20260418-1k,1c4d26c7-f5a3-4de2-84c3-efa2a58e3512,gossip,,gossip,3b69ebf516e72a5c,error,HTTP Error 400: Bad Request,1264,596,0.003395,2026-04-18T16:31:35.032866
batch-20260418-1k,1c5e6faa-c7e1-430d-8ada-dcd087c1967d,accarezzando-insieme-lerba,dadeb159-f015-4b59-8952-99e70e1e14f8,caressing-the-grass-together,91a802277268e40d,ok,,3200,2072,0.010848,2026-04-18T16:31:39.957115
batch-20260418-1k,1c6d3d5c-4aad-4bab-9784-6060bf9f2ceb,e-sempre-pasqua-il-macigno,736dac7a-774f-4af1-90ef-f9ab3c1e42a4,it-is-always-easter-the-stone,308fb355f29cde03,ok,,994,347,0.002183,2026-04-18T16:32:09.243747
batch-20260418-1k,1c7c61b9-fe40-497d-ab14-e9e4ca8d7aa2,dialogo-aperto-n-55,f3647e1d-9ce7-447f-9434-dccf5a6052af,open-dialogue-no-55,7fbf35a970db30ce,ok,,2707,1616,0.00863,2026-04-18T16:32:13.392735
batch-20260418-1k,1c9cd379-ac8c-4399-97d6-c1f5103a24bf,se-ci-sono-novita-sono-contento,4b12b985-a485-4eaa-b200-a49dab72a7a2,if-there-are-new-things-i-am-happy,dd1019d8ed1767ba,ok,,1251,566,0.003265,2026-04-18T16:32:33.567303
batch-20260418-1k,1cd12122-424a-43ee-8c15-677d1801d4c0,e-ci-aiutiamo-a-camminare,9a6a6d59-a767-45f4-a862-4f4194c9c62f,and-we-help-each-other-to-walk,01865836cb0b2417,ok,,1777,897,0.00501,2026-04-18T16:32:38.603294
batch-20260418-1k,1ce42857-67d4-4131-a070-87e1284503d8,mamma-ti-posso-parlare,d82d9057-3fbe-4eba-801f-13e006b8517e,mom-can-i-talk-to-you-review,14e15017d5a16c1a,ok,,965,347,0.00216,2026-04-18T16:32:46.885615
batch-20260418-1k,1ceb6a33-9ae5-4510-8f47-6c1ccb900498,mi-volevo-fermare-ma-non-ho-potuto,155b75c0-a01d-408a-8149-f17befe50547,i-wanted-to-stop-but-i-couldnt,db0690cd1adf4fbe,ok,,1493,771,0.004278,2026-04-18T16:32:50.126045
batch-20260418-1k,1cf94acd-0e13-4238-b051-14bffaf6f684,the-specials-recensione-tersigni,830b2e57-749c-4b80-84fb-6b41cc0b2213,the-specials-out-of-the-ordinary-tersignis-review,7d6e831d7e9dbc4d,ok,,2366,1347,0.007281,2026-04-18T16:32:56.620598
batch-20260418-1k,1cfac70a-ca37-4c4e-8580-ae7527a8ae1c,fame-di-normalita,7644eb41-6df6-46ca-9226-cb383d43ab48,hunger-for-normalcy,b114dff3ec29eef4,ok,,3288,2047,0.010818,2026-04-18T16:33:13.583405
batch-20260418-1k,1d053491-2bdd-48cc-8efe-9143399056e1,meb-pittore-gioioso-le-conquiste-di-un-mongoloide,730cb9fa-03b9-49b4-94c5-6a90a2eb3756,meb-joyful-painter-the-achievements-of-a-mongoloid,5edb4a04b31912ad,ok,,1094,433,0.002607,2026-04-18T16:33:42.367558
batch-20260418-1k,1d2707cc-251a-40fb-8953-31d76d400591,tutti-a-bordo,d402c647-eeee-4859-8506-58c9c529a380,all-aboard,96ffd6fb7068e636,ok,,1198,507,0.002986,2026-04-18T16:33:46.625757
batch-20260418-1k,1d3f03e3-f92d-49fd-a492-4a87dda5717e,mai-piu-soli-lavventura-di-fede-e-luce-recensione,f2e9da6b-80eb-41b3-93d9-55075e381a56,never-alone-again-the-adventure-of-faith-and-light-review,e9126bea3cea6005,ok,,1300,568,0.003312,2026-04-18T16:33:50.979679
batch-20260418-1k,1d4cc1fd-f381-4b46-87a8-a9b161622abf,francesco-portatore-di-handicap-sorride-alla-vita,a0d3a2e3-cf75-4b47-93a5-a8068396c764,francis-a-bearer-of-handicap-smiles-at-life,fcba61f10390fc79,ok,,1475,741,0.004144,2026-04-18T16:33:55.626897
batch-20260418-1k,1d5a32ae-af60-46d4-bc98-869eae280636,benedetta-raccontata-da-sua-sorella,332e5371-8824-47a4-8ed5-c127f913cf36,benedetta-told-by-her-sister,8a34274c5fed872e,ok,,1865,1051,0.005696,2026-04-18T16:34:03.034566
batch-20260418-1k,1d692fa6-eff4-4405-bdf7-aa7bdd033851,dalle-province-n-138,01a352db-cdcb-4b45-8e7d-e85c69112647,from-the-regions-n138,0a617fd020adc52f,ok,,1949,1109,0.005995,2026-04-18T16:34:13.056502
batch-20260418-1k,1d786811-cb4c-4c1a-8693-852740ac77c0,carlo-gnocchi-gli-scritti-1934-1956,a3ddf9f4-bcc3-48fa-83f0-4c95e0f5d90e,carlo-gnocchi-his-writings-1934-1956,dc52467223fac3b4,ok,,1341,636,0.003617,2026-04-18T16:34:24.682705
batch-20260418-1k,1d8c36a5-2003-42eb-86ca-0e17f6a1c33d,perche-questo-insieme-speciale,02b3da18-73fc-48ad-a12e-0023aad4b07a,why-this-together-special,785ab70fdcf532f4,ok,,1277,550,0.003222,2026-04-18T16:34:30.643296
batch-20260418-1k,1dd04fb0-0388-47e0-ab31-fd4b14c9c633,eccomi,9406cd47-4747-4ff9-a1b1-f4f608c96b49,here-i-am-following-mary-to-learn-the-yes,86df0e12fe4c9bb7,ok,,3713,2410,0.01261,2026-04-18T16:34:35.000984
batch-20260418-1k,1dd0982f-8168-4551-af03-1d4fc8a44963,comunita-il-ricino-di-giona,17d56ddd-6612-4a1d-a334-ec136c90b820,community-il-ricino-of-giona,67cdb3d379d245e0,ok,,2478,1440,0.007742,2026-04-18T16:35:06.227277
batch-20260418-1k,1ddc9904-d2dd-4002-850f-3c26a1131aec,vita-fede-e-luce-n-10-ricordo-di-don-dario,05769a46-5fe4-4463-b4bb-64f9cad80944,fede-e-luce-n-10-in-memory-of-don-dario,120a725e8c26b180,ok,,3924,2699,0.013935,2026-04-18T16:35:23.058210
batch-20260418-1k,1df08cc7-b311-4dd1-8ba8-7d0a9869dad0,un-panorama-riscoprire,713bb961-41d7-4517-964d-c0461230a16d,a-landscape-to-rediscover,7d023b2ee2e00c1e,ok,,3674,2174,0.011635,2026-04-18T16:35:56.982594
batch-20260418-1k,1df11293-1cc9-4b3a-943f-f00b3d40c4ab,si-chiude,df9d44e5-12cd-402d-bd4f-41d9550a5638,it-closes,959707f6cbf35e44,ok,,570,31,0.00058,2026-04-18T16:36:28.196856
batch-20260418-1k,1e1056ea-d2ec-45b0-a00e-765be878839d,dalle-province-n-125,ba220550-97db-4360-ac2a-b8f33895aab1,from-the-provinces-no-125,1bfee604d71e2738,ok,,1863,991,0.005454,2026-04-18T16:36:29.916856
batch-20260418-1k,1e287c98-f0c7-4be5-8e83-434f9600076d,giochi-2022,2544807c-f88f-4940-86fc-8d197e628e92,holiday-time-and-fun,c23dc0b2e612ee7b,ok,,1825,1040,0.00562,2026-04-18T16:36:40.121665
batch-20260418-1k,1e3d716b-a5eb-4d3c-a1c0-3ca5d867b1f3,lei-non-entra,1a13b50a-23b7-4849-8747-910b8702f613,she-does-not-enter,140cd629563d54da,ok,,2947,1792,0.009526,2026-04-18T16:36:49.789768
batch-20260418-1k,1e4adf82-446e-430f-9bfb-8d756034a96b,perche-il-dolore-qualche-riflessione,591a807f-2a53-4947-bf43-228bb33c375c,why-pain-some-reflections,0a17b4986f37651f,ok,,3759,2488,0.012959,2026-04-18T16:37:11.174122
batch-20260418-1k,1e6bde7e-707c-49b7-908f-456a389e08e9,indice-articoli-per-argomenti,,,314ead60c13dce04,error,Quality gate fallito: HTML: tag count: 473 orig vs 303 trad,,,,2026-04-18T16:37:46.377504
batch-20260418-1k,1e70f7f9-0c38-4bbc-989b-a8f63405c2e0,dal-diario-di-un-insegnante,2ee9e398-15f4-4863-9eb6-6dd6a987fb32,from-a-teachers-diary,3ccc5053dc17c380,ok,,2533,1502,0.008034,2026-04-18T16:42:39.014633
batch-20260418-1k,1e801f37-9b2a-45ea-9000-b67c23294f59,bianco-su-nero-recensione,6be7d92f-0752-4829-b7b3-35ce46dca114,black-on-white-review,413e8315195b5c64,ok,,2408,1403,0.007538,2026-04-18T16:42:58.342316
batch-20260418-1k,1e8f4c46-29d4-46f3-a7f0-7a9eb36aade9,il-bambino-difficile,971dbab6-c567-419c-be76-13189ecd86ca,the-difficult-child,fc0b901ff30ed6f0,ok,,2390,1361,0.007356,2026-04-18T16:43:14.832382
batch-20260418-1k,1e96c318-bbae-4dde-b493-f4134146c466,la-famiglia-messa-alla-prova-dalla-disabilita,d04d84bc-1787-43ef-9b96-b3e6c7fff727,the-family-put-to-the-test-by-disability,b7a669d6b2d977d1,ok,,2479,1388,0.007535,2026-04-18T16:43:31.058694
batch-20260418-1k,1ecedcb5-d3c5-4c47-bc28-bcd4f3188ec5,lo-zaino-di-emma-recensione,38d52053-3ca3-4aa8-bad5-119acd84412e,emmas-backpack-review,3c10afe0fd5a0989,ok,,1068,414,0.00251,2026-04-18T16:43:48.305472
batch-20260418-1k,1ed8d481-9b00-4d30-ab2e-9ff69f6c7587,vita-fede-e-luce-n-4,4b8fcbab-bb21-404e-8201-729ba35c3f6c,life-faith-and-light-no-4,886e74de5ca5c958,ok,,1712,856,0.004794,2026-04-18T16:43:53.056555
batch-20260418-1k,1ede47d6-1387-4aa2-b4d9-09e50016144b,il-mondo-delle-cose-senza-nome-recensione,5739b3f7-f1a6-417c-bf21-30e6aaccfc9c,the-world-of-nameless-things-review,d394da0ad675207e,ok,,846,251,0.001681,2026-04-18T16:44:00.590893
batch-20260418-1k,1ee3b18b-64dd-40e1-bc58-49638785462f,la-seconda-occasione-recensione-libro,b5a3cd47-2105-4c20-acdf-fac4e5ffda57,the-second-chance-book-review,854ee523637bbe12,ok,,942,322,0.002042,2026-04-18T16:44:04.222464
batch-20260418-1k,1eef1684-6f9b-46ed-8d66-587843744aae,fede-e-luce-giorno-e-notte,378167ef-0902-4ae7-83ff-33449084ac25,fede-e-luce-day-and-night,7d802b77e834a627,ok,,2321,1332,0.007185,2026-04-18T16:44:08.445631
batch-20260418-1k,1ef1948a-e06c-4538-8aa1-ec80869367e3,liguana-non-vuole-recensione,76d3b580-74ac-45c5-9340-66f87cd2b681,the-iguana-wont-review,7d589373d4510716,ok,,1052,382,0.00237,2026-04-18T16:44:24.671224
batch-20260418-1k,1f1bad49-f8d9-4d50-b3f3-c670594f6b4d,tre-tazze-di-te-recensione,d1082fca-bb5b-48de-a692-c854bf245935,three-cups-of-tea-review,b2b944295cb2eae7,ok,,1068,415,0.002514,2026-04-18T16:44:28.551516
batch-20260418-1k,1f2a3437-11f5-4a77-8453-eaccef4b0ad3,proibito-amarlo,164da8e0-46c8-4fba-beb6-b4ae213502a2,forbidden-to-love-him,fe1159a10885b339,ok,,3683,2399,0.012542,2026-04-18T16:44:32.505478
batch-20260418-1k,1f35b790-f44b-4764-9376-d4526946ece1,bambini-e-autismo-mosaico-della-pace,413b6ae9-1d87-4dba-bb3b-feae5c73e976,children-and-autism-mosaic-of-peace,642f42af767d86cc,ok,,1990,1126,0.006096,2026-04-18T16:45:06.647221
batch-20260418-1k,1f5c7c0a-c892-4d0c-8e67-9eda8a1fc072,dopo-di-me-il-diluvio-commedia-musicale-del-gruppo-fede-e-luce-di-san-paolo,5be7f024-9d99-451b-9b17-7855cd28db3c,after-me-the-flood-musical-comedy-by-the-fede-e-luce-group-of-san-paolo,5a332d377d32060d,ok,,3405,2147,0.011312,2026-04-18T16:45:16.586650
batch-20260418-1k,1f7dff02-d357-471b-8619-1e7875d9eda8,vita-fede-e-luce-n-147,f1d17eae-c95c-4fc5-80c2-4b28a1680c1d,life-faith-and-light-n-147,198963f119cb81f9,ok,,1859,955,0.005307,2026-04-18T16:45:46.811628
batch-20260418-1k,1f8b4102-6f81-463a-b9fa-339c7488eb3c,lesperienza-della-solitudine,02ccd6f1-1ffa-4eea-9fc7-d7532dcccabf,the-experience-of-solitude,45737dce784b4dae,ok,,2142,1194,0.00649,2026-04-18T16:45:56.690802
batch-20260418-1k,1f8c2829-2b37-4e63-9571-a6e383172aaa,integrazione-scolastica-il-sostegno-serve-ai-genitori-dei-ragazzi-sani,c2ef6d63-81ec-4316-a961-5f185515c7f8,school-integration-support-serves-the-parents-of-healthy-children,797aa183cd7f5fec,ok,,2026,1044,0.005797,2026-04-18T16:46:10.032113
batch-20260418-1k,1f9c42d1-69bc-46a8-879b-29a2c19c99fb,crescere-insieme,895d7f6f-5f5d-4e21-9843-4eb2a5ce61b0,growing-together,d998bc9e3b41046c,ok,,2074,1159,0.006295,2026-04-18T16:46:20.787542
batch-20260418-1k,1fb1759a-3843-485f-8260-8b987438a7f5,fede-e-luce-si-ci-siamo-anche-noi,d8830302-1a2e-4a0a-87db-fe2e13c4721b,fede-e-luce-yes-we-are-here-too,803db2633459c810,ok,,3609,2255,0.011907,2026-04-18T16:46:34.008027
batch-20260418-1k,1fd3515f-d496-458f-ba48-71347e665ba3,terra-e-polvere-quando-due-vite-scartate-si-ritrovano,855ef5d8-b49a-48a7-998c-53fda5a33ab8,earth-and-dust-when-two-discarded-lives-find-each-other,c9969621882a33c6,ok,,1725,895,0.00496,2026-04-18T16:47:05.964347
batch-20260418-1k,1feeeab7-4366-4b2a-a497-982df1e217a7,per-dire-grazie,cb6a7d79-2cb2-4055-9684-840601b5dd0d,to-say-thank-you,77379cc38a2240c7,ok,,1220,517,0.003044,2026-04-18T16:47:13.820505
batch-20260418-1k,203d6a48-edf2-4f44-8af6-3d60327b16c2,aspetto-ci-accorgessimo-2,dbd12f38-02f1-4653-babe-8e2f68b3ef11,and-he-waited-for-us-to-notice-him,dc2e8776d833a1bf,ok,,2346,1357,0.007305,2026-04-18T16:47:18.321891
batch-20260418-1k,204b42a4-53db-488f-9023-9a84db4511ce,sembra-ieri-newsletter-estiva-n-24,16ff42c2-5817-4844-8d22-e6b7a1167386,it-seems-like-yesterday-summer-newsletter-no-24,8263fda51570ddf7,ok,,2423,1591,0.008302,2026-04-18T16:47:35.247960
batch-20260418-1k,204dc2f0-8ca8-4472-ba1a-5dc48dbb8403,mio-fratello-era-handicappato,b196e4cc-9030-468d-8feb-dd700e58247c,my-brother-was-handicapped,f860f3cbd69b534d,ok,,2868,1649,0.00889,2026-04-18T16:47:51.688771
batch-20260418-1k,2051e000-9774-4355-8bf9-43422c5ddd44,radiografia-di-ombre-e-luci,d9344710-f753-4980-b981-bf618db3199c,x-ray-of-ombre-e-luci-1990,ea627d243a280b12,ok,,4301,2849,0.014837,2026-04-18T16:48:12.512919
batch-20260418-1k,2053e9b3-05d2-4653-aed7-c7b728ac2380,notiziario-fede-e-luce-calendario-1978,307bcf4c-1eea-472f-8b3a-8105a6063270,fede-e-luce-newsletter-calendar-for-the-coming-year,e70b5405521a3427,ok,,2180,1393,0.007316,2026-04-18T16:48:50.774372
batch-20260418-1k,205b8ef9-543d-4c54-a771-104063f70524,la-tua-parola-e-per-tutti-henri-bissonnier,ac4b878a-2198-421c-872c-991310d027e0,your-word-is-for-everyone-henri-bissonnier,3ae5829ce2666946,ok,,2641,1612,0.008561,2026-04-18T16:49:02.886727
batch-20260418-1k,205bff6c-7871-472e-9253-022b086ce955,era-difficile-perche-pensavo-sempre-a-lui,74ec1b7f-a861-4bcd-9dda-485a2dcdf172,it-was-difficult-because-i-always-thought-of-him,312b0b7a9b02f526,ok,,1452,715,0.004022,2026-04-18T16:49:22.231740
batch-20260418-1k,2083238a-8092-4b84-ab4a-1886662513d2,autismo-e-integrazione-scolastica,07e3c1f6-884a-4be7-a1da-117baa5030cf,autism-and-school-integration,8e72f3500de74e60,ok,,3146,1943,0.010289,2026-04-18T16:49:28.397632
batch-20260418-1k,208d04e3-4fcb-455a-b398-ce988ef4af11,io-lho-deciso-io-me-stessa,388f0f78-5056-4b58-8aa0-5ee42bf97337,i-decided-it-i-myself,06ee5f237759d7fa,ok,,1348,642,0.003646,2026-04-18T16:49:54.442236
batch-20260418-1k,2090d561-e9d8-4a6a-b399-6875c72154db,ne-giusto-ne-sbagliato-recensione,6e59821a-e5e0-4370-b5a4-924146e70fa8,neither-right-nor-wrong-review,3a290c688d32b482,ok,,1344,601,0.003479,2026-04-18T16:50:00.082169
batch-20260418-1k,20b18b5b-9b46-4530-9390-7c71c7c8ee99,le-case-della-carita,7ba209d9-9290-459e-bbf2-7ddd0048cf21,the-houses-of-charity,b026c285b8aa3019,ok,,5191,3716,0.019017,2026-04-18T16:50:08.423695
batch-20260418-1k,20c33b80-4e33-419c-8b47-e192660167c3,come-i-cerchi-nellacqua,aeeab6db-8a40-4806-9561-552cf43f9781,like-circles-in-water,3bfaa5dda68d8e29,ok,,1701,846,0.004745,2026-04-18T16:51:02.859140
batch-20260418-1k,20c34fa5-14bc-4142-9f7d-cd5f3b46f4da,vita-fede-e-luce-n-65,f795b4b4-27ce-4e03-8b76-8625b739292c,life-faith-and-light-no-65,f1530e0827b3f6cf,ok,,3282,2056,0.01085,2026-04-18T16:51:10.301269
batch-20260418-1k,20c50def-3202-4235-8150-512ae858fee0,safesurfing-navigare-nella-rete-in-sicurezza,6acb66e4-cdea-4fca-99ba-193233adc5c8,safesurfing-navigating-the-web-safely,34cf9f5e1af559d4,ok,,3007,1824,0.009702,2026-04-18T16:51:40.630810
batch-20260418-1k,20dacc40-080f-4a6d-9d2b-034700b5ec41,ci-ha-fatto-vedere-cio-che-non-avevamo-ancora-visto,e5f7096d-abf5-41e9-8066-370e9af86dfc,he-showed-us-what-we-had-not-yet-seen,689dbce378a74f8d,ok,,2499,1471,0.007883,2026-04-18T16:52:02.541822
batch-20260418-1k,20fc2b58-5bf9-4222-af1b-71d8fa925cf3,dialogo-aperto-n-120,8141464f-f16d-4d2e-88f3-17e16539488b,open-dialogue-n120,41861c07186ccfde,ok,,2649,1708,0.008951,2026-04-18T16:52:19.201394
batch-20260418-1k,20ffad3d-257c-46eb-a934-45acd53fac21,pharmakon-la-storia-del-talidomide-recensione,2ec62475-5dae-49dd-90c8-1cb334d86b60,pharmakon-the-history-of-thalidomide-review,5859d327a4139875,ok,,1825,948,0.005252,2026-04-18T16:52:37.853007
batch-20260418-1k,2105a9dc-39e4-445f-913b-c3eb6ec67020,finestre-di-speranza,c9d9e078-82e2-4460-a3f6-973760f3c9be,windows-of-hope,fa855dc988ed46b6,ok,,1518,763,0.004266,2026-04-18T16:52:47.018585
batch-20260418-1k,2131ebc6-7c5e-46fa-a544-bee1a52b5be5,casa-sacra-famiglia,db9b550e-c396-4ea3-97d5-8468c8d885fc,sacred-family-house,e5b22a87252602c6,ok,,3034,1754,0.009443,2026-04-18T16:52:52.688765
batch-20260418-1k,21395a2b-5f4f-460b-89eb-916e282d357c,gesu-basta-acqua,b28f1f0d-74c3-4214-9dd7-c3e379356420,jesus-enough-water,9eaf511ff633c590,ok,,923,318,0.00201,2026-04-18T16:53:16.258111
batch-20260418-1k,21461678-4cec-4dfb-b967-4375827d5f8f,dettagli-inutili-recensione,97d47120-915a-4cb9-8f46-e4c5c82a6420,useless-details-review,dd3a7a842a5c5c35,ok,,1010,374,0.002304,2026-04-18T16:53:19.777066
batch-20260418-1k,216f674e-10ae-4651-be3b-d27af5954ac4,amore-caro-a-filo-doppio-con-persone-fragili-recensione,f8829e54-5eea-45b0-bb3f-9ce5ff45f67d,dear-love-double-thread-with-fragile-people-review,e91690132ff10211,ok,,1312,576,0.003354,2026-04-18T16:53:23.405527
batch-20260418-1k,21944179-5e86-4d1b-9848-71b3b80ddc7a,io-non-voglio-estranei-in-casa,2ab49c37-d8fc-44ad-9e24-36666066b4e4,i-dont-want-strangers-in-my-house,54449ff0bb3183b5,ok,,2085,1173,0.00636,2026-04-18T16:53:28.263676
batch-20260418-1k,21992d61-9324-4d65-a019-8cf89f4d68dd,come-guardano-i-bambini,f8f7ab96-68af-452a-a458-c74b28d74428,how-children-look,fa9cd42709157f5e,ok,,1678,902,0.00495,2026-04-18T16:53:42.640567
batch-20260418-1k,219b9630-9bdb-4449-99a8-798cc46d8d5f,il-piano-educativo-riabilitativo-individualizzato-per-il-disabile-mentale-adulto,59e91fc2-2117-4d22-af20-5ce2e6e5fddb,the-individualized-educational-rehabilitation-plan-for-the-adult-mentally-disabled-person,10bbd015c45cd191,ok,,1649,815,0.004579,2026-04-18T16:53:54.274698
batch-20260418-1k,21b913de-fd0f-4c53-b359-7b08dd5715d8,perche-mio-papa-non-puo-giocare-con-me,0942f6b7-7250-4ff8-bf2a-f8d453aebc65,why-cant-my-dad-play-with-me,d46fafecbbcf7b94,ok,,1170,476,0.00284,2026-04-18T16:54:02.150115
batch-20260418-1k,21beb932-d897-4994-a3b1-77188487d881,dio-non-differenze,fad88371-0d57-470f-b407-d7e00c61502d,god-makes-no-distinctions,14037d8d2abbce38,ok,,1848,957,0.005306,2026-04-18T16:54:07.149136
batch-20260418-1k,21cb9d4d-5234-4001-aea9-2cf650644cb7,integralita-delleducazione-e-diritto-allo-spirituale,3a42ec52-7710-4f36-9fb4-d8070fdd2d29,integral-education-and-the-right-to-spiritual-life,f0ffb147191e7ee3,ok,,1348,641,0.003642,2026-04-18T16:54:16.244745
batch-20260418-1k,21d375d7-34ed-43f5-a3b9-9ef81bc1bfba,storie-dallestremo-oriente,272a5f93-dc52-4307-b78c-2e5939859dcc,stories-from-the-far-east,a5f280b9767cf421,ok,,1802,973,0.005334,2026-04-18T16:54:21.340345
batch-20260418-1k,21d4527e-7d56-485c-93c5-f5b8dc6304fe,il-motivo-per-cui-salto-recensione,7530db6d-abca-4898-91b0-3210730e50a9,the-reason-i-jump-review,1e1b6eb6cbbac61b,ok,,1054,405,0.002463,2026-04-18T16:54:31.966716
batch-20260418-1k,21f0ff6a-0d4c-4ddd-a8c9-71822403c0fd,noi-non-loro-apriamo-il-dibattito,898f8bf7-5347-422f-baed-f2d58c70256e,us-not-them-lets-open-the-debate,e326a7254b3573ca,ok,,2678,1789,0.009298,2026-04-18T16:54:35.821915
batch-20260418-1k,21f42ee8-ddc4-449a-a728-59e462a36dc4,mamma-che-campo,48efd887-1a63-422a-90dc-8160f33efcc7,mom-what-a-camp,aca6ca7716705b64,ok,,2361,1338,0.007241,2026-04-18T16:54:55.351614
batch-20260418-1k,22042862-1a9c-46c2-8279-e0847923f9e1,counseling-in-rima,19932f4e-8a39-45eb-85cb-ce8babe17416,counseling-in-rhyme,5c58f750355d7469,ok,,1936,1162,0.006197,2026-04-18T16:55:12.419747
batch-20260418-1k,22089713-3e86-4204-9142-cfec62b97323,attraverso-te-docufilm-in-proiezione-gratuita-al-cineland-di-roma,e2a70b36-d90a-4183-8a43-cd5af225f412,through-you-docufilm-free-screening-at-cineland-in-rome,dc1b17db62d6efc1,ok,,1557,796,0.00443,2026-04-18T16:55:24.413186
batch-20260418-1k,2209ba21-8a6f-410f-a87f-61bf4842f4c2,esperienze-al-gruppo-fede-e-luce-la-mamma-di-massimo,ac59cc83-18f9-4d98-9d26-3a422f157b59,experiences-at-the-fede-e-luce-group-massimos-mother,dc1c94685baadc81,ok,,843,241,0.001638,2026-04-18T16:55:30.010099
batch-20260418-1k,223c0c2b-fb6f-4949-93b5-e48fc5a6ad07,di-nuovo-in-cammino,9d8f24a0-ac18-44cb-8985-ca59cabba8a1,on-the-way-again,c6215d7a1659e1e6,ok,,991,365,0.002253,2026-04-18T16:55:36.294154
batch-20260418-1k,224ab67b-5100-4ed7-bb2b-abc1533a3d48,vita-fede-e-luce-n-63,b5973c27-7bf4-42b6-a72d-6163abc6aa59,fede-e-luce-life-n63,854912de13288efc,ok,,1921,1065,0.005797,2026-04-18T16:55:40.740371
batch-20260418-1k,226be793-3b5e-4c8c-adea-99a7248162a2,manuale-di-informazione-sullhandicap,6910ea79-e4f0-40bb-a791-ef8654c462be,handbook-of-information-on-handicap,5b247751acae0217,ok,,806,187,0.001393,2026-04-18T16:55:52.115723
batch-20260418-1k,2279678a-be2e-4999-989c-5ad885e442bc,katimavik-una-parola-eschimese-che-vuol-dire-incontro,669421af-7eef-4c18-9837-b5419ed36948,katimavik-an-eskimo-word-meaning-encounter,4fe085a90a70baa3,ok,,2393,1434,0.00765,2026-04-18T16:55:56.515702
batch-20260418-1k,22800435-6a50-42da-9f74-2f903d16253e,per-la-nostra-riflessione-prendete-e-mangiatene-tutti,524288dc-1658-41fc-b4c9-49033c2b629d,for-our-reflection-take-this-all-of-you-and-eat-it,aafb76ada221d69c,ok,,1907,1047,0.005714,2026-04-18T16:56:11.482815
batch-20260418-1k,2293e815-f06e-4746-aa1c-27a3dce53c0e,un-salsicciotto-tanta-acqua-un-po-coraggio,80b623b2-0872-4ac2-ad3c-9dfcca30b115,a-float-noodle-plenty-of-water-and-a-bit-of-courage,b2badf1fc411eaa8,ok,,1803,958,0.005274,2026-04-18T16:56:21.030373
batch-20260418-1k,22980a7e-ad70-430d-805d-4422c4d01148,gli-oscar-premiano-la-disabilita-miglior-corto-la-storia-bambina-sorda,0f17482a-9b35-4eba-8bb6-357f37f144cc,the-oscars-reward-disability-the-best-short-film-is-the-story-of-a-deaf-girl,d1759c8f3a05186d,ok,,1373,661,0.003742,2026-04-18T16:56:30.764920
batch-20260418-1k,22afe8d6-92c1-4c27-9fef-d50b6ec8b4f8,aprirsi-ad-altre-famiglie,c28e5321-dd66-4303-9e1d-cdd4d0d4b337,opening-ourselves-to-other-families,f60da67c38dc6d51,ok,,2182,1218,0.006618,2026-04-18T16:56:35.926473
batch-20260418-1k,22b50490-2c62-4857-a9f7-50d7f3bcec3a,piccola-marcia,eaa9f15c-7e8a-4e69-a06d-9ab17d327cdd,i-never-thought-i-would-be-able-to-march-in-a-wheelchair,18c066d5e4b339e4,ok,,1813,1026,0.005554,2026-04-18T16:56:48.227589
batch-20260418-1k,22bb9753-7125-4ac9-bb35-4a72f86cec3b,storia-di-un-traghettatore,dd9d4f1c-ad87-4b78-85d2-9ae3a5fe0fe3,story-of-a-ferryman,2efb59bc5d94bafc,ok,,2624,1609,0.008535,2026-04-18T16:56:57.474483
batch-20260418-1k,22bf2e65-0ad5-4a90-ae87-4906d292b4d5,larte-di-chiedere-aiuto,b2a8d2ff-5eba-49ae-9c71-29b7a7477d91,the-art-of-asking-for-help,25c521c4248b1568,ok,,1217,541,0.003138,2026-04-18T16:57:15.473539
batch-20260418-1k,22c626f8-423d-4685-ba12-4f5a46e6d0d9,venite-e-vedete-un-ritiro-con-jean-vanier,d396f89a-29cf-48d6-a91a-f8828226f864,come-and-see-a-retreat-with-jean-vanier,6cbd0cdc131e2f79,ok,,1541,741,0.004197,2026-04-18T16:57:20.191348
batch-20260418-1k,2317e627-98dc-4eef-93c4-c9c0adadb286,sprovveduto-e-sorpreso-chi-non-lo-e,2ff98cdc-2e28-4653-8a41-b048e0e3fbd6,unprepared-and-surprised-who-isnt,e4ece14dcaea37eb,ok,,2080,1165,0.006324,2026-04-18T16:57:25.888464
batch-20260418-1k,232191a7-b554-4fbe-82cd-a8abde5781a5,insolito-ragionamento-sul-migrante,b9a31e91-e38e-41f8-96db-91222fc8dd9e,unusual-reasoning-on-the-migrant,e75efc28133ed36c,ok,,3648,2314,0.012174,2026-04-18T16:57:38.590179
batch-20260418-1k,2323d3bf-9c71-4e97-a7f1-01641c8d8dbc,il-nostro-cucciolo-di-due-metri-storia-di-un-adozione,a8767f43-3c19-432a-82a1-cdcfacd5da80,our-two-meter-puppy,f56cba04e8b03018,ok,,2751,1751,0.009205,2026-04-18T16:58:11.995769
batch-20260418-1k,23507f5a-b3b1-42af-a332-3af86c9cfe59,l-altra-famiglia-storie-e-percorsi-di-affido-al-villaggio-sos-recensione,2ec00d30-d513-400c-b619-f3b44df04b2c,the-other-family-stories-and-paths-of-foster-care-at-sos-village-review,27eebff9c9d56bb3,ok,,982,367,0.002254,2026-04-18T16:58:32.354446
batch-20260418-1k,2372a1bb-4f44-49fb-9447-7a61fbc874dc,testimonianza-di-un-risveglio,5c21c76b-a9e2-46c3-b38b-269b015ba76d,testimony-of-an-awakening,0eee63816f3dbb04,ok,,1401,713,0.003973,2026-04-18T16:58:37.611764
batch-20260418-1k,238f151a-521a-4263-ac19-314b284c3ec3,ognuno-ride-a-modo-suo-recensione,5afa1ba1-fe4e-4196-a979-9c68de815502,everyone-laughs-in-their-own-way-review,cd2aa41d0f391b26,ok,,2477,1510,0.008022,2026-04-18T16:58:43.394247
batch-20260418-1k,23b07b0a-4098-4c02-bb01-60b97a52a3ce,cercare-di-starci-su-questa-barca,5dab7c88-2b2f-4347-ada0-4a8d81d5860b,trying-to-stay-on-board-this-boat,1986d4bd8be36183,ok,,2125,1204,0.006516,2026-04-18T16:59:03.505713
batch-20260418-1k,23b0e60c-baad-4b3d-95dc-9d72f72ee35e,anelli-di-incontri,d0e1c800-91fd-46e5-a28b-4945d7e753d5,the-encounter-that-changes-your-life,519794bd376fb4b7,ok,,2600,1571,0.008364,2026-04-18T16:59:17.181968
batch-20260418-1k,23ca54c7-2013-49f0-a57f-85f02d868169,together-a-san-pietro,65052164-1019-42fd-a517-acdaec42ba61,together-at-st-peters,b0e1a9ba5a450a9b,ok,,1698,907,0.004986,2026-04-18T16:59:34.944537
batch-20260418-1k,23e2667c-e167-42fd-acc6-f0176541cda4,imparando-a-vivere-bene-con-jimmy-2-parte,3bee68c6-0683-4b8b-9ff0-bc0a6b52db6c,learning-to-live-well-with-jimmy-part-2,3d41fe2418f87e5c,ok,,3754,2235,0.011943,2026-04-18T16:59:42.105896
batch-20260418-1k,23e5c88c-2679-48d4-adae-316ddad05681,bacheca-facebook,34f70582-fe23-4114-9b70-b3514269aa32,facebook-bulletin-board,683b594f9d5c1cfd,ok,,1936,1065,0.005809,2026-04-18T17:00:15.126299
batch-20260418-1k,23e7f68c-a4a2-4b89-91cf-c944454f2498,andiamo-avanti,e9023dfa-d7b0-4547-b9a8-d5979c2e2e32,lets-move-forward,40ae562762c518c5,ok,,2039,1071,0.005915,2026-04-18T17:00:26.506958
batch-20260418-1k,23e92712-a603-450c-982e-fc22147543b6,la-storia-di-giovanni,e35911de-108a-4072-937e-83902866071c,the-story-of-giovanni,e652fa0c69ea210e,ok,,3211,2009,0.010605,2026-04-18T17:00:42.431749
batch-20260418-1k,23f87dee-db0b-4360-b12b-3ff1f216cd1d,biblioteca-ombre-e-luci,49a4ace4-e5bc-42be-88f0-20ca6fe10fd0,ombre-e-luci-library,3b604d1c0f736baa,ok,,12800,8192,0.043008,2026-04-18T17:01:09.011985
batch-20260418-1k,244c3333-7adf-42ff-8673-ba4b3a1de43e,visto-visto-tante-cose,53bc6752-da15-44fd-9264-a8f3248b9b29,i-have-seen-so-many-things,3754a63b4ffbe221,ok,,1579,809,0.004499,2026-04-18T17:02:51.819873
batch-20260418-1k,245243d9-5744-4027-ad03-266a2db3ef89,tornare-ad-assisi-passando-da-roma,d7c594ad-42b9-489d-8263-717e282efb0f,returning-to-assisi-by-way-of-rome,a309a50c3fac05e1,ok,,1580,765,0.004324,2026-04-18T17:02:57.915433
batch-20260418-1k,24682a50-ce9e-409d-9e05-c5be68708981,laboratori-storie-di-lavoro-e-di-amicizia,82d46b45-7208-4139-8bb7-72bab33322aa,workshops-stories-of-work-and-friendship,e9981923922cd658,ok,,2597,1450,0.007878,2026-04-18T17:03:03.858091
batch-20260418-1k,246e9dc7-8ab0-4a1e-b971-783c9ad3a301,comportarvi-incontrate-persona-portatrice-handicap,b34074d9-1ef6-43c9-a617-91d58af012ae,how-to-behave-when-you-meet-a-person-with-a-handicap,9c43ee3c99e035e9,ok,,2044,1237,0.006583,2026-04-18T17:03:24.131538
batch-20260418-1k,2479f572-f59a-4f5f-b556-37ac832748bf,mille-colori-in-un-quadro-di-amici,488d16ba-ffcc-4323-953b-7f46ad332b38,a-thousand-colors-in-a-picture-of-friends,c5dc4d87cf46c833,ok,,1671,908,0.004969,2026-04-18T17:03:34.181032
batch-20260418-1k,24d0b6f9-93f7-49d7-b9e6-b35c51cfcebf,come-fare-leducazione-religiosa,a5b5f92f-8016-4fc2-8af3-80ed79ebdd0c,how-to-provide-religious-education,8e38f307f85fbb10,ok,,1783,956,0.00525,2026-04-18T17:03:43.981290
batch-20260418-1k,24e4b245-3362-4e04-8382-173f1be828a0,dialogo-aperto-n-89,eb331b04-3414-4061-80f3-49bd7e607dd2,open-dialogue-no-89,54739eeb88c79f96,ok,,3415,2138,0.011284,2026-04-18T17:03:52.798623
batch-20260418-1k,24e5b827-60c5-4ca2-b49c-cbf2cf1d763f,ombre-e-luci-n-1-1983-sfogliabile,c0ad83ee-0a45-4651-a89e-e0f113659aa2,ombre-e-luci-n-1-1983-browsable,ffa3f8425fef8472,ok,,590,49,0.000668,2026-04-18T17:04:25.821355
batch-20260418-1k,25397d17-d1bb-454e-bae9-9814271f6f49,i-percorsi-piu-invisibili-newsletter-n-18,3ef32990-b59e-4a36-a21b-b4accbf82d58,the-most-invisible-paths-newsletter-no-18,5435321c6d9c0160,ok,,2261,1439,0.007565,2026-04-18T17:04:28.156034
batch-20260418-1k,253db069-5e6c-42b0-94ae-ae224b3cfae9,gioco-al-centro-milano-inaugura-un-parco-accessibile,52af1c2a-e2df-4b2a-871a-db8293d56f66,play-at-the-center-milan-opens-an-accessible-park,8389dfb68914f6dd,ok,,1460,727,0.004076,2026-04-18T17:04:43.403663
batch-20260418-1k,256c9c56-aa19-4168-8358-0e4a0ee75507,cosa-si-fa-nelle-casette-di-fede-e-luce-le-risposte-di-chi-ce-stato,edbf3aa2-2942-476a-8731-c3a821526b0e,what-do-people-do-in-the-little-houses-of-fede-e-luce-answers-from-those-who-have-been-there,36253e69ac95af6b,ok,,4696,3187,0.016505,2026-04-18T17:04:49.161185
batch-20260418-1k,25a570e6-8f0f-4aff-85dc-1d87c138f072,ho-imparato-da-sola-a-divertirmi,39f33206-3f26-45fd-9927-640f8b292468,forced-to-tie-my-hair-its-the-rule,0b56e65c4481faf0,ok,,1296,578,0.003349,2026-04-18T17:05:33.685262
batch-20260418-1k,25bf5304-8262-485b-8eea-c774d548ce5c,bari-scintillante,b2caa2c2-600c-478e-a25c-4288edca3f41,sparkling-bari,9ba6ebd32fdd764b,ok,,1479,658,0.003815,2026-04-18T17:05:38.752997
batch-20260418-1k,25d2be2a-01db-4581-aef6-ee1b133986a5,dialogo-aperto-n-115,5335e4c7-5616-4c26-968b-717ab5f215c0,open-dialogue-no-115,7e9f073ddf427127,ok,,3168,2053,0.010746,2026-04-18T17:05:46.989592
batch-20260418-1k,25e7c622-2092-4354-a0f8-055305665166,anche-loro-hanno-una-propria-storia,023efe52-5e4b-4ac0-ada3-3d69f4861cf0,they-too-have-their-own-history,9f39d4475ac3d0b1,ok,,3280,1945,0.010404,2026-04-18T17:06:18.060436
batch-20260418-1k,25eb52e2-c9ce-4515-95b7-0434d81a8070,viola-e-mimosa-da-citta-del-messico,b018b1e0-4a81-4d92-8429-c26be5f2c167,viola-and-mimosa-from-mexico-city,95fd4f6db771f046,ok,,1829,1034,0.005599,2026-04-18T17:06:45.928927
batch-20260418-1k,25faf32f-3ed4-4285-9dde-02eb2a13e858,il-linguaggio-dellarte,b243ee1c-9d79-46df-b905-bb607814cc6b,the-language-of-art,75e53b1091417137,ok,,2911,1674,0.009025,2026-04-18T17:06:55.299442
batch-20260418-1k,25fc262f-f889-4b4f-93f9-a4ad16a06843,uomo-e-donna-li-fece-per-una-vita-damore-autentico,1800cebd-e93f-41b5-aee9-ba91945c84c7,man-and-woman-he-made-them-for-a-life-of-authentic-love,6d5eab5ac5df3331,ok,,1039,401,0.002435,2026-04-18T17:07:16.918149
batch-20260418-1k,25fe4cf3-0790-40e2-a791-127b2cacc6a7,dialogo-sulla-disabilita-a-palermo,53027480-a580-48a9-9f8f-285d5fbc5769,dialogue-on-disability-in-palermo,2dd90c7034ef3a6b,ok,,1143,498,0.002906,2026-04-18T17:07:20.713911
batch-20260418-1k,261c64ea-e0da-4c4c-9c3d-cf8ac2a6e22c,dialogo-aperto-n-33,932ed27b-1f20-43ea-b21a-266d2c241057,open-dialogue-no-33,d54e838f6aaa9e6c,ok,,2756,1691,0.008969,2026-04-18T17:07:25.148155
batch-20260418-1k,261fa864-2d32-44aa-8249-a4999201921d,ombre-e-luci,9dd3cd16-a2c6-440f-952f-b7694fc74611,shadows-and-light,78f25edd4a19b281,ok,,1197,510,0.002998,2026-04-18T17:07:47.045603
batch-20260418-1k,262d6ff8-5ea0-42b0-8a9d-c1f7f9c308e6,incontro-internazionale-e-nazionale-un-ponte-di-solidarieta-tra-paesi-e-comunita,ac577c8f-41b6-4c40-9231-99fcc9a23ee6,international-and-national-meeting-a-bridge-of-solidarity-between-countries-and-communities,0c8509bb81ec276d,ok,,1379,621,0.003587,2026-04-18T17:07:51.309286
batch-20260418-1k,263660df-38f8-4f00-a8a2-67d2d48ca3c4,saluta-la-tua-insegnante,9dfb794e-88eb-4da6-b2d7-28385c75c002,greet-your-teacher,d98836471978487b,ok,,1413,644,0.003706,2026-04-18T17:07:56.033078
batch-20260418-1k,2648f8bb-7056-47b5-9c81-8ab7c3495902,istituto-mio-dio,6451fde4-8336-44b8-ba5f-5b0c2a72c384,institute-my-god,712f6e0c94f523bd,ok,,1218,497,0.002962,2026-04-18T17:08:02.380642
batch-20260418-1k,264d666a-9cc6-481f-8acc-9f36a2fa7e46,lanimo-pieno-di-gratitudine,5c3019ad-bee1-4fab-8138-1a0b5b53793f,a-heart-full-of-gratitude,5d8637fdfd1bc27d,ok,,960,312,0.002016,2026-04-18T17:08:07.783736
batch-20260418-1k,26517be6-1213-4986-aa2a-fdecb268c438,viaggio-insieme-per-crescere-tutti,16dc5372-1e8f-49b5-8ec2-3c46bd6dbcfc,journey-together-to-grow-all-of-us,1b919967050d325b,ok,,1333,597,0.003454,2026-04-18T17:08:11.397265
batch-20260418-1k,265701e0-9aed-4812-9891-02209f6b13bf,dialogo-aperto-n-58,424cc285-4f08-4c36-9d87-62739b2fb3da,open-dialogue-no-58,036e8452892bc323,ok,,3211,2043,0.010741,2026-04-18T17:08:16.075347
batch-20260418-1k,26687333-0ddf-4365-ad55-ae5f117e864a,la-bambina-morbida,1bda7f55-d677-4529-97b9-627ab4827ed9,the-soft-child,44a9d32d2750ec88,ok,,1255,621,0.003488,2026-04-18T17:08:46.992255
batch-20260418-1k,26706730-5032-4e41-9b5a-c0f1f11dc0e8,lo-scatto-della-pantera,a6c9afa6-4073-4200-897c-96ced8a4c1dd,the-panthers-pounce,2fa8c73775da3b2d,ok,,1567,828,0.004566,2026-04-18T17:08:51.609880
batch-20260418-1k,2680b4d3-6063-4bcd-b196-78f3b6b1c1e5,ma-non-sono-sola,3a81225b-bc9b-42c4-b90c-656093f0b6a1,but-i-am-not-alone,7c9d0ef9841fda1f,ok,,2063,1100,0.00605,2026-04-18T17:08:58.982885
batch-20260418-1k,26b50061-1106-40c5-8680-d144a035d3af,bambino-non-vedente-pluri-minorato,e098b92f-f127-4481-ac8d-b7f797227d55,the-blind-child-with-multiple-disabilities,0c9d82aa4e444658,ok,,1005,347,0.002192,2026-04-18T17:09:10.906353
batch-20260418-1k,26c5e8b3-a4fd-4915-859c-8f79df092970,sotto-i-riflettori-sempre-senza-protesi,dfe48a27-7dd2-4b72-9075-79c9123b97d0,in-the-spotlight-always-without-prosthetics-an-interview-with-cerrie-burnell,a90923017e444b58,ok,,1882,1013,0.005558,2026-04-18T17:09:14.443656
batch-20260418-1k,26eadc17-189d-404d-8c66-d7d5c1f324b5,dialoghi-scomodi-amicizie-vere,05536b66-5c8b-400b-abcf-676541570034,uncomfortable-dialogues-true-friendships,391c7886ce61e183,ok,,1259,543,0.003179,2026-04-18T17:09:24.338510
batch-20260418-1k,26f42ba7-a18a-4d5e-bac3-9d9a2b60b4d2,tra-paura-e-desiderio-di-sapere,ab9cae6b-f1ec-4e8f-8d2c-9ee09bc8530d,between-fear-and-desire-to-know,4292b4f20fb2f3ed,ok,,1519,727,0.004123,2026-04-18T17:09:29.688859
batch-20260418-1k,26f669bb-bf6b-4dd2-b600-5d1b78cac8b1,la-missione-del-sacerdote-nella-comunita-fede-e-luce,5e03e826-4325-486b-8df8-8858c5b50a9d,the-priests-mission-in-the-fede-e-luce-community,50575fb598a7c06b,ok,,2177,1284,0.006878,2026-04-18T17:09:35.543952
batch-20260418-1k,270dd2e4-ae61-40f9-929d-76df86f1aac8,in-diretta-da-locarno,68337b26-3e46-46fb-8acb-6e48f383fc27,live-from-locarno,1dca72925df0468c,ok,,2226,1221,0.006665,2026-04-18T17:09:48.092146
batch-20260418-1k,271a4ef5-90f5-47c0-8028-1b197752062a,progetto-sperimentale-di-assistenza-balneare-a-crotone,eedd1879-91e5-42b7-bc98-049e841c2378,experimental-beach-assistance-project-in-crotone,7b36dbe0ede5660b,ok,,1147,452,0.002726,2026-04-18T17:10:02.038461
batch-20260418-1k,27201dc1-5f51-406c-94b1-b512b51c5755,centro-sperimentale-per-lautismo,f687f0d7-6569-4889-8084-3b15e0d47ce1,experimental-center-for-autism,94133b9e973ffc0f,ok,,2626,1519,0.008177,2026-04-18T17:10:06.385579
batch-20260418-1k,272b7a76-e296-4f92-bd71-9f4d48a4d13c,fermatevi-per-ascoltarci,af66ac28-116f-4ae9-a995-b8413dc91c82,stop-to-listen-to-us,ce5148e6306e06e2,ok,,797,197,0.001426,2026-04-18T17:10:25.084832
batch-20260418-1k,272cd267-7966-438c-b6d2-e4ba56048e4e,e-legittima-l-assistenza-sessuale-alle-persone-handicappate,e83accd5-04e3-4f42-8350-36344b495c00,is-sexual-assistance-to-handicapped-persons-legitimate,152eed9e2671a82c,ok,,3317,1971,0.010538,2026-04-18T17:10:27.825910
batch-20260418-1k,274400c6-0275-4145-a438-77a188a8294e,giovedi-gnocchi,176fe76d-86f6-4148-8eec-5426578dbf2d,thursday-gnocchi,f6e1bf0029ff0876,ok,,2009,1182,0.006335,2026-04-18T17:10:53.383348
batch-20260418-1k,274be708-fddf-4bb3-8cc9-aa649a5fbd29,di-chiavi-e-di-porte,f834a7c8-2e97-4837-8007-8ca0713d2d57,of-keys-and-doors,3adbf9fdcbb97b9f,ok,,1944,1060,0.005795,2026-04-18T17:11:06.431403
batch-20260418-1k,27769b29-f072-4a95-a5b9-70f9a8a82c25,vita-fede-e-luce-n-5,ec19b965-6f4b-4951-aba0-08ce7b31be66,life-faith-and-light-n-5,98ed1b2069af2946,ok,,2185,1236,0.006692,2026-04-18T17:11:16.330508
batch-20260418-1k,27936de4-5088-41f7-a67c-d3747ee6568e,mattone-su-mattone,2b355d1d-2ed6-4407-8f60-3bdbfcc049d8,brick-upon-brick,a98e8c54b6fb4cc7,ok,,2387,1380,0.00743,2026-04-18T17:11:29.747428
batch-20260418-1k,279db387-e7b5-4266-8281-c1ae962a3796,il-momento-piu-bello,48c0c348-7560-466f-97be-bc58e1d33f67,the-most-beautiful-moment,263063fea318af2c,ok,,781,194,0.001401,2026-04-18T17:11:45.767416
batch-20260418-1k,27ae50fa-84c9-4de4-a84e-82aaa15cb18c,il-carro-una-casa-famiglia-per-tutti,863c3e00-301a-4b34-baab-fc829b5b5df2,the-wagon-a-home-family-for-everyone,bf9ffbc879767575,ok,,1779,907,0.005051,2026-04-18T17:11:48.312381
batch-20260418-1k,27c498fa-aa37-493e-8b7e-df67f6e54efc,terapie-corpontamentali-teacch-vs-aba,93261c5f-18f8-4ca7-ada8-81098bedaf43,behavioral-therapies-teacch-vs-aba,6cf97391f46e3145,ok,,1905,1026,0.005628,2026-04-18T17:11:57.303977
batch-20260418-1k,27d443c7-cec5-4c93-a862-bbd5fff5ce4f,i-geni-del-passato-handiche,47c53dfb-7315-4ea3-bdb2-a368fee9163e,the-geniuses-of-the-past-handiwhat,b780d9cecfeaaeea,ok,,2391,1277,0.007021,2026-04-18T17:12:07.074070
batch-20260418-1k,27e2ae15-119d-42eb-8da8-1b14d3d52baf,alessandro-bertolini,e9485a71-4de1-4222-868a-35e8b4a8452e,hello-alessandro,54f7fd3466daab9d,ok,,779,187,0.001371,2026-04-18T17:12:22.028207
batch-20260418-1k,27fd9b7b-7163-47d6-9dc4-9b06fb275d3d,il-prof-ha-detto-che-mi-vuole,1167cd9a-9c42-419b-824e-90b2b48056da,the-teacher-said-he-wants-me-in-class,c05af0338bca2be8,ok,,1391,695,0.003893,2026-04-18T17:12:24.387844
batch-20260418-1k,280a11bc-b92c-4f9b-a2ca-05244b0a7c1e,dalle-province-n-135,1ca67064-0993-4859-b1a7-aaf9f6397823,from-the-provinces-no-135,6fe375edd6760805,ok,,1955,1082,0.005892,2026-04-18T17:12:30.738295
batch-20260418-1k,280c9ebd-2c46-465c-b762-8a6941d16653,la-forma-della-voce-recensione,585b1af7-456e-447f-a01b-1bb643354176,the-shape-of-voice-review,aeabd94e014a14ce,ok,,1432,771,0.00423,2026-04-18T17:12:41.514783
batch-20260418-1k,282fdf9e-3b6b-48a8-bca9-ff8aa941bb07,lettera-a-jean-annik,51811874-36a8-4d7c-8756-42f46412fd48,letter-to-jean-annick,a9726a855bfbff19,ok,,2756,1686,0.008949,2026-04-18T17:12:52.014901
batch-20260418-1k,28318de0-0e5c-49e2-acab-b5674f2509f0,un-terremoto-a-ciel-sereno,2c927759-74bd-4f49-bd1d-61d74573734f,an-earthquake-from-a-clear-sky,aca0be0446854022,ok,,1882,1005,0.005526,2026-04-18T17:13:13.822706
batch-20260418-1k,284c7f02-36a8-45ae-b5f5-f35968b094d8,nessun-profitto-recensione,b97151ee-fb01-4398-ae57-c9c7fe5b5454,no-profit-review,e2614a0a97956751,ok,,982,324,0.002082,2026-04-18T17:13:24.469029
batch-20260418-1k,2859e4f1-26f7-44bd-93f5-1c80861d8dc3,arrendermi-o-agire,49db4ee3-85f5-4d40-8570-4b4d5984f3e4,surrender-or-act,be9992a2434edfaa,ok,,2917,1784,0.00947,2026-04-18T17:13:27.707848
batch-20260418-1k,2865ed49-def0-41ac-b578-3bf3f6cd6df3,la-tenerezza-di-jean-in-un-film,f21830cf-71a6-4ca2-8646-275284533b6a,the-tenderness-of-jean-in-a-film,58a2af89148ffcfb,ok,,1225,544,0.003156,2026-04-18T17:13:49.596978
batch-20260418-1k,28758841-7a0c-47a7-8bc7-529c5f297ca9,fede-e-luce-dalle-province-n-121,c9fae778-8240-4526-98dd-dba4e9dcd536,fede-e-luce-from-the-provinces-no-121,3d066c71881e2dcd,ok,,2097,1238,0.00663,2026-04-18T17:13:55.103894
batch-20260418-1k,2879185b-8cec-45a1-9075-7b956bc9278d,riscoprire-la-grazia-della-confessione,37de995a-b64e-4917-b047-a5c184bf4b47,rediscovering-the-grace-of-confession,6f61776da34406ae,ok,,2047,1138,0.00619,2026-04-18T17:14:07.532104
batch-20260418-1k,288ba3f2-3a36-445f-8a84-70adf2551e26,mio-figlio-emanuele-la-straordinaria-esperienza-di-una-madre-recensione,0330da61-719b-4255-a257-e277977fe3af,my-son-emanuele-the-extraordinary-experience-of-a-mother-review,0299133ae5d5997f,ok,,1354,630,0.003603,2026-04-18T17:14:19.295195
batch-20260418-1k,289d7da3-3acc-4353-a8a8-e066dab60d6f,mi-importa-solo-come-sei-ora,8c894fa2-4f36-4f43-8b12-7cbfafd95b70,all-that-matters-is-how-you-are-now,8acf80b4dc5ec523,ok,,2392,1539,0.00807,2026-04-18T17:14:25.236870
batch-20260418-1k,28a655aa-d7bc-449f-9dbd-3325efa0a43f,lucrezia-e-il-marco-di-ieri-e-di-oggi,daa44b99-5845-4c0a-8208-bfdc394aa138,lucrezia-and-the-marco-of-yesterday-and-today,1dd9ebefad5a37a3,ok,,2810,1689,0.009004,2026-04-18T17:14:42.113656
batch-20260418-1k,28dc5054-faae-45ef-a370-e2c3b26b7fab,ora-manuela,61a62583-3960-4f5a-ae0d-4c7e0cb617fc,now-manuela,8319aa5322804b67,ok,,4048,2598,0.01363,2026-04-18T17:15:03.395775
batch-20260418-1k,28dcad3f-81f3-4a3e-928c-b1affc1b23b0,apre-la-prima-co-housing-per-persone-con-disabilita-nel-veneto,a9716411-e923-4cc8-b19b-f11dbc76bfd8,first-co-housing-for-people-with-disabilities-opens-in-the-veneto,79d6a50e11117b88,ok,,1331,618,0.003537,2026-04-18T17:15:39.884078
batch-20260418-1k,28de3ce5-dfc1-4fb7-b9a3-43265fa9c1f6,come-risponderti-alberto,3f179a5a-e028-457c-85b9-4e2dd965f058,how-can-i-answer-you-alberto,55fd74df1701fba2,ok,,2505,1490,0.007964,2026-04-18T17:15:45.245623
batch-20260418-1k,28edb7f3-c9de-4bfa-9e4f-91c63cdcba04,irradiare-la-pace-come-fanno-loro,bbb93e21-5d4d-4647-af42-7809fc076a93,radiating-peace-as-they-do,356e138d4822fe42,ok,,2126,1172,0.006389,2026-04-18T17:16:03.456992
batch-20260418-1k,28ee9ba3-b371-4224-9d6b-986f9d2fc49e,iorestoacasa,dd5acef3-e3ec-4ac8-a1cf-eb9ce42ca719,istayathome-this-time-like-everyone-else,e4a298776f17bc9d,ok,,1560,756,0.004272,2026-04-18T17:16:16.077808
batch-20260418-1k,28f0f6f2-3e6f-4836-bc5b-0e8eec07601e,ricordo-di-alda-merini,cd9344ee-80d9-4d01-8311-3a8b7d924c45,in-memory-of-alda-merini,14a9efb95fdd0c2a,ok,,1501,761,0.004245,2026-04-18T17:16:22.266215
batch-20260418-1k,28f6b37b-f242-4df8-b497-e800d2645354,cartelli-divertenti-letti-sulle-porte-delle-parrocchie,91e0e381-76cd-49b7-ae08-08c41134676a,funny-signs-read-on-parish-church-doors,c6bc4bb2148531b0,ok,,1397,649,0.003714,2026-04-18T17:16:28.139292
batch-20260418-1k,2919947b-a3a3-42b8-bac5-fc8d822f5d20,dialogo-aperto-n-76,80673a99-7634-4e2a-84c2-ddf646386166,open-dialogue-no-76,07d43e0699190a8d,ok,,1788,931,0.005154,2026-04-18T17:16:33.218922
batch-20260418-1k,29340212-e728-4ec7-80c5-6c79dc471213,nuova-ricetta-a-masterchef-una-delicatezza-non-pietosa,c80facc1-c958-4b9c-9648-5e07f45d65b8,new-recipe-at-masterchef-a-delicacy-without-pity,07930a215cbc82ce,ok,,1191,496,0.002937,2026-04-18T17:16:42.316613
batch-20260418-1k,293979d9-7251-4091-a9d4-f69c93c6793e,lassistenza-educativa-al-bambino-con-paralisi-cerebrale-nella-prima-infanzia,07d42a71-ad4f-49ec-97bf-640130423d0c,educational-assistance-for-the-child-with-cerebral-palsy-in-early-childhood,75160db985ad1543,ok,,1191,484,0.002889,2026-04-18T17:16:47.373777
batch-20260418-1k,293de8d2-bfed-4d80-b844-d28981948202,ma-dopo-l-incontro-non-li-vedo-piu,72615921-1c85-47f7-bdbe-91e69e2f0f11,but-after-the-meeting-i-dont-see-them-anymore,9cc3c828ae51ef96,ok,,820,250,0.001656,2026-04-18T17:16:51.828051
batch-20260418-1k,29513721-8c02-491d-8b73-be6c648f4df7,ol-incontra-jorit,3e27c25b-837b-4f2e-ae36-84e4831d407a,niccolo-among-those-who-have-made-history,13dbbde89e56293f,ok,,2337,1395,0.00745,2026-04-18T17:16:54.624946
batch-20260418-1k,295940c7-5c2f-4d2c-87c7-2e2f10e7380a,vita-fede-e-luce-n-102-lincontro,d06c64e3-6cca-4143-b526-b844e584ef7c,life-faith-and-light-n-102-the-encounter,ac63b20044198575,ok,,2381,1375,0.007405,2026-04-18T17:17:10.196704
batch-20260418-1k,296a4d5f-bca9-4dd9-9083-39510db8dd9d,la-logica-dellutopia-quando-nacque-la-comunita-di-capodarco-recensione,7c2f8f1a-2bd2-4185-b3dc-40dfec41efc3,the-logic-of-utopia-when-the-capodarco-community-was-born-review,7af97eafc2734843,ok,,1318,619,0.00353,2026-04-18T17:17:26.278561
batch-20260418-1k,296fd8a8-17c4-46ea-a05d-64a12e9bb2c4,cammino-di-preghiera,5f0eccc0-06ca-4d01-8680-24eb207dcd65,a-path-of-prayer,fcd38bc899b40afa,ok,,1245,538,0.003148,2026-04-18T17:17:31.511045
batch-20260418-1k,29879bb7-f20b-4d13-b501-891e39c75d46,non-solo-tutto-lanno-ma-tutti-gli-anni,918866a0-2e71-49ed-9b9f-082b0aa45fcf,not-just-all-year-long-but-all-the-years,aca39e92e744841b,ok,,1474,748,0.004171,2026-04-18T17:17:36.058293
batch-20260418-1k,29c556f3-7447-468e-abc8-584f33edc276,incontro-internazionale-edimburgo-agosto-1990,71eee613-81c8-4a72-a8c1-3ffa7c360ada,international-meeting-edinburgh-august-1-9-1990,2fc8b6b48c2f32fa,ok,,2577,1492,0.00803,2026-04-18T17:17:42.695242
batch-20260418-1k,29f95923-8097-4cc8-8aff-7f985e162e76,tre-domande-ed-un-pellegrinaggio,234d33f0-9d57-4799-a1b7-75b5a7379c2e,three-questions-and-a-pilgrimage,eb8a193f15933cb1,ok,,1411,701,0.003933,2026-04-18T17:18:00.687376
batch-20260418-1k,2a19a81c-67b3-4685-b915-be15510b0ef4,non-temere,3ab921c9-21e3-4ab2-859d-410ad43b6076,do-not-be-afraid,ffba29764ba2b2cf,ok,,895,305,0.001936,2026-04-18T17:18:06.950626
batch-20260418-1k,2a1b9a23-95f3-42a8-a3bf-5ee00647fd4f,fede-e-luce-pasquale,8152c73d-8709-42ce-9efc-7083c7158810,easter-fede-e-luce,412bc14b646d970f,ok,,1983,1104,0.006002,2026-04-18T17:18:09.910251
batch-20260418-1k,2a2896e4-3e70-458e-8045-7f65695d56f5,cinema-e-disabilita-3-film-secondo-federica-aliano,7e9cc3f3-564f-4315-893a-c7038beb84c8,cinema-and-disability-3-films-according-to-federica-aliano,d246b5ccc17c59cd,ok,,674,101,0.000943,2026-04-18T17:18:21.642360
batch-20260418-1k,2a297686-7c28-442d-966b-5ab6bba0914b,scarti-o-pietre-portanti,23cc5b6e-8cb7-4e11-81b2-29fcc758b4eb,discards-or-cornerstones,acb069418e6b8321,ok,,1357,616,0.00355,2026-04-18T17:18:23.544626
batch-20260418-1k,2a379c88-7b08-417f-b824-075f8f1e96d8,tutto-quello-che-ha-fatto-per-noi,184007c1-7d64-44e8-8500-07f7b7c261da,everything-she-has-done-for-us,efdca6a3a383f037,ok,,1533,769,0.004302,2026-04-18T17:18:29.605799
batch-20260418-1k,2a96fe6d-74b9-4b9f-a48c-78e63df7b430,la-paura-degli-altri,008c4b17-ca2e-469b-8555-708a86342115,the-fear-of-others,669b0894e0b92a8d,ok,,1769,955,0.005235,2026-04-18T17:18:35.850942
batch-20260418-1k,2aaef25f-06cf-44ba-b4e7-4546c8f9df2f,dialogo-aperto-numero-2,91b04ded-7736-4450-9c72-271d40f0cd3c,open-dialogue-no-2,1cb4c15b51571ca0,ok,,1766,952,0.005221,2026-04-18T17:18:45.208766
batch-20260418-1k,2abc0059-367f-4790-864d-d74848ecfbbe,mi-saro-fatto-un-idea,6393d02f-19d0-46c0-ab40-445699ccebaf,i-will-have-formed-an-idea,fd326854294daa01,ok,,1576,846,0.004645,2026-04-18T17:18:54.209340
batch-20260418-1k,2abeed77-8d2a-4efd-9db5-36b2b8c5724c,bella-di-nonna,641bc09e-ee6b-49b9-ae95-06932afc2bf9,grandmothers-beauty,cbb59aafc476caef,ok,,2469,1563,0.008227,2026-04-18T17:19:01.095957
batch-20260418-1k,2accc805-aea2-43ed-a1df-7e018d809907,un-mondo-che-cambia,34735c69-ab27-4a52-8649-0075c9fa1012,a-world-that-changes,83b0643696103a45,ok,,1488,695,0.00397,2026-04-18T17:19:18.969415
batch-20260418-1k,2ace9da7-e1af-419f-9345-55d2a4cd8f34,i-deboli-di-pace,c727fc14-6248-4c88-a14d-85c93d485f31,the-weak-as-peacemakers,6a6a5d40a887ea46,ok,,1161,465,0.002789,2026-04-18T17:19:25.028238
batch-20260418-1k,2b0a434a-dad2-4a80-9447-78c2bb4e00e3,dalle-province-n-142,73bf02b0-ddfc-45c1-a893-8ca2a24a872a,from-the-provinces-n142,b6ac4824e1bfa3ac,ok,,2101,1180,0.006401,2026-04-18T17:19:28.907957
batch-20260418-1k,2b237538-6247-4dda-b251-6e8863a68396,chi-ha-seminato-nelle-lacrime-miete-nella-gioia,918f7761-11af-44da-a8de-ffd9b8936ec0,he-who-sows-in-tears-reaps-in-joy,3a281c6685c3bf15,ok,,1288,603,0.003442,2026-04-18T17:19:41.530833
batch-20260418-1k,2b4008e1-c957-47dc-beb5-349cb84a70ac,nasce-network-sociale-la-rete-di-organizzazioni-del-ravennate,495aa8d9-19d4-45e5-bc41-4370d354a95e,social-network-is-born-the-network-of-organizations-in-the-ravenna-area,1cceac6c056621f6,ok,,2359,1402,0.007495,2026-04-18T17:19:46.150836
batch-20260418-1k,2b742ac4-8d34-4154-af27-c0f92f134239,epilessia-una-malattia-neurologica-ancora-sconosciuta,933b366a-055b-4d4b-bdc7-59867c4e2a2c,epilepsy-a-neurological-disease-still-unknown,99512e94f8f75dc7,ok,,2837,1712,0.009118,2026-04-18T17:20:00.093152
batch-20260418-1k,2b8dc539-56ad-4c04-a5f2-c487f406cc29,un-tesoro-inestimabile,795935a2-4700-4965-b3c3-748e6df94756,an-inestimable-treasure,91ac345786dbca99,ok,,2976,1751,0.009385,2026-04-18T17:20:20.029308
batch-20260418-1k,2ba9cc10-e2fa-4292-8655-8c9067a27bf1,per-il-weekend-vado-in-villa-recensione,942c4634-3dfd-496c-a2c7-76c6a691195d,for-the-weekend-im-going-to-the-villa-review,4ee4bfaba35025c0,ok,,878,291,0.001866,2026-04-18T17:20:40.757145
batch-20260418-1k,2bbe57c9-405b-4bb8-804c-1d12473e68da,educare-al-servizio,ab77c550-0489-44d7-8102-d491c3301bcb,educating-toward-service,873c64ee9ac7c970,ok,,1034,394,0.002403,2026-04-18T17:20:43.743741
batch-20260418-1k,2bc68ee5-bab4-4da4-bce2-ec3963ae842b,quaranta-occhi-puntati-dritti-su-di-te,c985f318-7523-4c03-9f02-91b05f6145d3,forty-eyes-fixed-straight-on-you,f41e069bd31f0b88,ok,,2448,1362,0.007406,2026-04-18T17:20:47.705707
batch-20260418-1k,2bee1c21-198f-4bb0-987c-6d7a8dd477aa,villa-san-giovanni-di-dio,0d95cba0-7082-4881-86b2-d9728be2d5b8,villa-s-giovanni-di-dio,3ac66c1f62fd82c5,ok,,2534,1495,0.008007,2026-04-18T17:21:08.457188
batch-20260418-1k,2bf21776-ca37-4f7b-a9cd-1cb55d97769b,la-cura-dellamore-recensione,47ecb1bd-4cce-45f4-814d-a57eaa0b6364,the-care-of-love-review,76c16769ab1b07a0,ok,,932,291,0.00191,2026-04-18T17:21:26.427479
batch-20260418-1k,2bf6e796-5702-4015-b905-4c9bdcf7ea6d,cera-una-volta-un-pescolino-rosso-e-paperottino,81b98c83-3b83-46a4-9f99-ad9b5977af12,once-upon-a-time-a-little-red-fish-and-little-duckling,9ba93c8beb39de33,ok,,1338,614,0.003526,2026-04-18T17:21:29.868212
batch-20260418-1k,2c1a7cfc-853d-4b7a-aed4-920021263e74,vita-fede-luce-53,789ca925-3117-41a0-be49-7d942af19865,life-faith-and-light-n53,4ec5122718d60572,ok,,3052,1840,0.009802,2026-04-18T17:21:34.683873
batch-20260418-1k,2c54f5b0-4735-4201-8ef3-8d60a8d31bdc,vita-fede-e-luce-n-28,f8e1eda6-2201-4f5f-96e5-e43814330d06,life-faith-and-light-n-28,3b4fa9de1cefa1a7,ok,,2959,1858,0.009799,2026-04-18T17:21:57.267938
batch-20260418-1k,2c69b78a-3238-41d4-b893-5a5f8c758165,io-che-aspetto-sempre-lalba-non-gli-scout-alla-messa-di-mezzogiorno,151f4aea-6988-4ce7-bcf3-4f2193fab7b3,i-who-always-await-the-dawn-not-the-scouts-at-the-noon-mass,937035c5ae634e22,ok,,1443,754,0.00417,2026-04-18T17:22:22.520957
batch-20260418-1k,2c799b2a-fde0-4574-af9d-7b0132b66fa5,vivere-con-un-figlio-down-per-costruire-giorno-per-giorno-un-rapporto-damore-e-un-progetto-di-vita,5fc3ed6e-b9da-489e-9a0f-9f94deafb1f8,living-with-a-down-syndrome-child-building-day-by-day-a-relationship-of-love-and-a-life-project,2792a53951c2b614,ok,,1029,366,0.002287,2026-04-18T17:22:28.551662
batch-20260418-1k,2c86c9bc-0a0b-40fb-b9a1-c164041eb9b7,dialogo-aperto-n-10,ddbf02d3-0d62-4ea2-805b-361922ebab27,open-dialogue-no-10,ea1a4f34f74848dd,ok,,2675,1636,0.008684,2026-04-18T17:22:34.046584
batch-20260418-1k,2c9f8900-20a0-47a2-bf3c-02baca212a10,tra-individualismo-e-impegno-i-giovani-hanno-bisogno-di-concretezza,51cedd5f-0902-4712-a442-09b9903ecba7,between-individualism-and-commitment-young-people-need-concrete-results,f77546ec5f3c2c1f,ok,,2072,1151,0.006262,2026-04-18T17:22:55.291031
batch-20260418-1k,2ca2a785-a122-466f-8dbd-f6b07e28888b,sessualita-e-disabilita-traumatizzata,4a6af6ad-03a7-4563-954c-6aa2a76dcc94,sexuality-and-disability-traumatized,68024a8fe88517d7,ok,,1282,563,0.003278,2026-04-18T17:23:08.154625
batch-20260418-1k,2cafba79-6f0b-4e32-aeec-dfb47c0bbaba,la-grande-famiglia,69dc20a4-0476-44ee-930e-2fee6afd6df5,the-great-family,35f44fd736c5b8fc,ok,,10624,7599,0.038895,2026-04-18T17:23:13.120620
batch-20260418-1k,2cb11ad6-fcfe-4d15-a58c-5779d63c80da,incontro-di-una-comunita-di-fede-e-luce,45897e78-19e0-40e2-b962-da241b9e1f7e,meeting-of-a-fede-e-luce-community,444706201a9fccc0,ok,,3379,2221,0.011587,2026-04-18T17:25:12.760503
batch-20260418-1k,2ce38e6f-66b3-49a3-a5fc-5abef4d3085b,segni-dellamore-di-dio,073f51d3-d252-4e67-aec9-4b6901fdf1be,signs-of-gods-love,3ae0254c0e259741,ok,,2220,1193,0.006548,2026-04-18T17:25:45.175854
batch-20260418-1k,2cede190-56cd-4184-b29e-2bb519604e92,dialogo-aperto-n-148,f2f52dc3-e1d3-49a7-acec-63467fac78c2,open-dialogue-no-148,9c70040af8f2d26b,ok,,1427,684,0.003878,2026-04-18T17:25:58.861524
batch-20260418-1k,2cf7ffdf-27ce-49f8-820c-a1674998e043,mirtilli,69b893b5-0fc0-4a5a-89f0-ddd445228ff0,blueberries,66cc78d19a0858b8,ok,,2582,1551,0.00827,2026-04-18T17:26:04.698908
batch-20260418-1k,2d00fefd-ee29-439e-b3d2-f7362040a55e,senso-la-vita-paolo,f2384707-3ac1-4153-91b1-dd7d8c90cf34,what-meaning-does-paolos-life-have,254058fa25e1e473,ok,,2710,1669,0.008844,2026-04-18T17:26:24.767562
batch-20260418-1k,2d01aa04-7c6f-4413-98bf-8f0093210608,paprika-la-serie-cartoni-supera-lhandicap,571efaab-b29d-4db2-a844-77dc95cbc2da,paprika-the-animated-series-that-overcomes-handicap,c6c790ce6ef75011,ok,,1316,642,0.003621,2026-04-18T17:26:45.953772
batch-20260418-1k,2d01f039-ea41-41a4-bd3e-165a41f0b561,itaca-laboratorio-di-attivita-artistiche,8ea08f6d-cbd7-4818-870b-111aa00ae27f,itaca-artistic-activities-laboratory,4d4e11230d510154,ok,,1427,628,0.003654,2026-04-18T17:26:50.852428
batch-20260418-1k,2d01f5ce-7db8-4bfc-8edf-24e443e2bf15,farsi-prossimo-recensione,d96280fb-21df-4297-bf3e-276667846bb2,if-martini-had-said-almost-everything,260aba65697507b8,ok,,1689,826,0.004655,2026-04-18T17:26:56.531840
batch-20260418-1k,2d106fb3-39dd-45c1-9a5e-c2cd2ed71d42,ombra-e-luce,3e8ef947-7ce0-4c86-993b-db1d03d8dae6,shadow-and-light,050e6e4cab80c105,ok,,1780,958,0.005256,2026-04-18T17:27:05.387939
batch-20260418-1k,2d4819ed-e4b8-4e34-8cd7-61a3927c1e09,aspetto-ci-accorgessimo,,and-he-waited-for-us-to-notice-him,4f75f9e13f77fa7a,error,HTTP Error 400: Bad Request,2271,1286,0.006961,2026-04-18T17:27:13.463723
batch-20260418-1k,2d55b0b3-8d09-40a8-bf78-b5aad4e7d5c4,perche-nessuno-sia-dimenticato,609c42af-b04c-44da-9c4b-bdf8eec74e06,so-that-no-one-be-forgotten,8558031b319bcbe0,ok,,4316,2771,0.014537,2026-04-18T17:27:27.719527
batch-20260418-1k,2d772203-3631-4095-b555-be6a08dfe450,faccio-salti-altissimi,0f8187f2-4d2e-4639-ac93-b7889d4cc127,i-jump-so-high,234cde18a8388c70,ok,,1664,1031,0.005455,2026-04-18T17:28:50.133519
batch-20260418-1k,2d7d466f-43a0-47c9-9372-d391cfdbcc5e,lettera-aperta-a-padre-michel-charpantier,2af5e255-4965-4ab6-94fc-0a26fc757d9b,open-letter-to-father-michel-charpantier,be8cc3977e8529aa,ok,,1323,592,0.003426,2026-04-18T17:28:56.692860
batch-20260418-1k,2d866075-3eb6-43dd-8b82-c5f37594b7bf,apadest-associazione-piemontese-amici-della-sindrome-di-turner-una-grande-sorpresa,e3a7d141-eeab-4f07-affb-295cca3b8eed,apadest-piedmont-association-of-friends-of-turner-syndrome-a-great-surprise,249afdac24cdf99e,ok,,2686,1578,0.008461,2026-04-18T17:29:01.778334
batch-20260418-1k,2d9606a2-f400-480b-8a65-c38c048c213c,san-sebastian-il-piu-piccolo-dei-grandi-festival,5a4a9fc5-51ed-4af7-b536-2b2d4d4db563,san-sebastian-the-smallest-of-the-great-festivals,5caeabc496ffbecd,ok,,1906,1080,0.005845,2026-04-18T17:29:20.198926
batch-20260418-1k,2dbc3e04-df1d-4767-9ff5-16230f921930,messaggeri-di-gioia,5a416ec3-3b13-4722-b3fe-143f47cf9ef2,messengers-of-joy,3c6273113a215da2,ok,,3694,2349,0.012351,2026-04-18T17:29:30.933491
batch-20260418-1k,2ddcbae2-6325-462c-96bb-e04648eb1ad3,mio-fratello-nel-suo-guscio,ca194793-93ee-4d6f-893c-44cd5095fb95,my-brother-in-his-shell,ef0e2a4ff76ca73b,ok,,1269,554,0.003231,2026-04-18T17:30:05.194790
batch-20260418-1k,2e2d1064-1909-4028-b75a-f3bc050618b5,sulleducazione-delle-giovani-generazioni-una-mamma-chiede-una-mamma-risponde,7cd00a49-67a7-429f-b729-8440b27d11a9,on-the-education-of-young-generations-a-mother-asks-a-mother-answers,e2220eb5878f17da,ok,,1497,721,0.004082,2026-04-18T17:30:13.440764
batch-20260418-1k,2e2ff878-aa09-42f2-91b4-0c7f507a4cef,accostarsi-alla-verita,4004d4bd-fae7-4289-830b-81aa53736636,drawing-near-to-truth,80fb37720bd6b746,ok,,2289,1362,0.007279,2026-04-18T17:30:19.412349
batch-20260418-1k,2e4089e8-202d-46fe-b69b-6902d1546a6b,il-giubileo-di-fede-e-luce,c444e2f7-f04e-4f02-85bb-d35a5310f858,the-jubilee-of-faith-and-light,6d942c2c64d19865,ok,,1535,721,0.004112,2026-04-18T17:30:33.893085
batch-20260418-1k,2e5ec926-f29e-4fa2-89f4-54afa6fee59c,proprio-io,925f3dde-0d5c-488f-8feb-c4fe8b76acea,me-really-me,73da60271540a329,ok,,2134,1197,0.006495,2026-04-18T17:30:39.435944
batch-20260418-1k,2e689095-5a02-45da-b00c-ed7f414a6ee7,dare-a-ciascuno-una-voce,96bde0bb-ed3d-4dfa-8d2a-b62662af4d72,give-each-one-a-voice,af75480dde498cda,ok,,1009,351,0.002211,2026-04-18T17:30:53.708017
batch-20260418-1k,2e768ee9-463a-4170-90a0-ed0964f83a92,solitudine-nella-sofferenza,276c3ff2-5eb0-431d-818c-6851a5ba7fd5,loneliness-in-suffering,64e1509f05eabae1,ok,,3094,1951,0.010279,2026-04-18T17:30:57.129360
batch-20260418-1k,2ec07883-6608-4b4f-8cf9-229523499e4d,dialogo-aperto-n-7,020e810e-412e-48ba-ae2f-225c55c1791a,open-dialogue-n-7,b469154dcfe61c8a,ok,,2705,1644,0.00874,2026-04-18T17:31:24.462258
batch-20260418-1k,2ec9f9e8-6acd-4fa0-988d-5383ce7bb442,io-figlio-di-mio-figlio-recensione,7efc7899-eff7-47ed-9b33-eb4f1b266299,i-son-of-my-son-review,4cc38f3cd6483ca8,ok,,1330,684,0.0038,2026-04-18T17:31:46.908727
batch-20260418-1k,2eec9625-f2d5-42d7-a85e-d2b220281aaa,dialogo-aperto-n-51,95055541-2b76-4e46-8fd2-ae0ed3c5aa75,open-dialogue-no-51,777dd6ef93f78158,ok,,2744,1704,0.009011,2026-04-18T17:31:51.744824
batch-20260418-1k,2efe382c-d905-4023-942e-b8195b559b8b,oggi-sono-libero,17ba4c8f-b6f7-4ce2-812d-2933f2249d47,today-i-am-free,bc8ac88851243b5e,ok,,1544,763,0.004287,2026-04-18T17:32:11.787035
batch-20260418-1k,2f21df29-faa3-4d20-b759-f20cd0eae089,ridere-a-partire-dal-corpo,cb66f381-5510-4c50-bcc6-7925b01f06cb,laughing-starting-from-the-body,1334ea5a906fdcff,ok,,1749,875,0.004899,2026-04-18T17:32:18.326019
batch-20260418-1k,2f439154-7f2b-47cb-8a60-7df4d76597ae,ragazzi-mi-appello-a-voi,81a96d30-c114-46e1-93c5-12829abd9309,young-people-i-appeal-to-you,de2535aef6d4bd2c,ok,,1803,913,0.005094,2026-04-18T17:32:25.771831
batch-20260418-1k,2f544934-5737-47bb-b80a-0e3e82487a53,tu-sostieni,b56fa079-23dc-4e9c-a009-34db0abd5bd3,you-sustain,6d9874798869a732,ok,,947,327,0.002066,2026-04-18T17:32:35.596029
batch-20260418-1k,2f63af17-aa02-48b5-b5b1-b13128dab7c1,incontri,ee84ce20-e0c3-4e4b-990d-675a25ac1ef3,encounters,74ca2f6504f43376,ok,,1714,844,0.004747,2026-04-18T17:32:39.182270
batch-20260418-1k,2f68e703-bd44-4ee2-91b4-a6fb216b4491,vita-fede-e-luce-n-41,cdaad4fa-b6b3-4aa6-9b6f-21de7b7eb1b2,fede-e-luce-life-n-41,473fef33d640e94e,ok,,1616,829,0.004609,2026-04-18T17:32:46.808803
batch-20260418-1k,2f84bc98-4d2d-4e78-a0b0-2dedd21861e8,i-condomini-solidali,3d235907-8292-435e-95ad-eed6259abf8f,solidarity-condominiums,bfe476e550368f8d,ok,,1872,1003,0.00551,2026-04-18T17:32:53.852597
batch-20260418-1k,2f8919b5-7629-4d7f-be0a-0f546b5972ee,la-lezione-del-femminismo,6b4b2687-6e39-49f1-a34d-4038a563014a,the-lesson-of-feminism,242213f03b88a001,ok,,2022,1117,0.006086,2026-04-18T17:33:02.603699
batch-20260418-1k,2f8af183-6561-4cca-969b-7af3bd5b7895,preziosi-punti-di-vista,239cea27-f2fb-4850-b1f5-86a275c512fe,precious-points-of-view,9dd879313f081889,ok,,1129,444,0.002679,2026-04-18T17:33:14.541888
batch-20260418-1k,2fc8e10a-f4d8-4778-a6f8-5689c11fb727,anche-questanno-sono-riuscita-a-non-andare-sulla-neve,011e97b1-b336-407f-95dd-e08a79565fa1,i-managed-not-to-go-to-the-snow-again-this-year,da95e444f3166a6f,ok,,1273,614,0.003474,2026-04-18T17:33:19.133171
batch-20260418-1k,2fd31142-a93d-49c9-97a6-f3dc49f7a36c,custodi-della-speranza,0b56a89c-88d9-4312-a3cd-ce94779babc2,guardians-of-hope,6d805b45fc03dd2d,ok,,1702,865,0.004822,2026-04-18T17:33:24.927869
batch-20260418-1k,2fe643f4-1668-46fb-b727-63b7d0fd8a26,speleologi-del-mistero-del-piccolo,404e322b-7e0e-480b-95a1-2574db0218c6,speleologists-of-the-mystery-of-the-small,0ed61c572f0db631,ok,,2035,1152,0.006236,2026-04-18T17:33:31.955387
batch-20260418-1k,2ff8c84a-0b15-4bf6-bdd3-f68b312b20ef,negozi-e-pantaloni,440e39b4-87ee-4635-9c74-2cea58b4b729,shops-and-trousers,0adf1cba15414d2e,ok,,1225,535,0.00312,2026-04-18T17:33:43.493612
batch-20260418-1k,301fe983-2923-49d6-a9c1-b3ac911aa25f,effetto-alfedena,41f19eec-928b-4b82-a172-f916ccb933dd,the-alfedena-effect,1e84540460c442cf,ok,,2330,1410,0.007504,2026-04-18T17:33:48.391987
batch-20260418-1k,30256585-adae-4e7f-9f42-2ef945902224,intorno-alla-nascita,cceef700-86fa-4602-8fe6-686a8a56a223,around-birth,311fd5cf87afcbda,ok,,3639,2371,0.012395,2026-04-18T17:34:04.795660
batch-20260418-1k,3036f279-5bf3-404f-8b24-3c6b240831c9,joseph-ha-fatto-la-prima-comunione,30cd4e6f-34ff-445d-8d99-38cee0453748,joseph-made-his-first-communion,7ceb7948f5d137f9,ok,,1179,509,0.002979,2026-04-18T17:34:40.603387
batch-20260418-1k,303cda94-c543-473e-8dc7-128240d689a2,silenzio,7f811de9-6519-4fc8-8dd6-c6298a78375d,silence,5c16598c9386e79e,ok,,1205,490,0.002924,2026-04-18T17:34:45.059290
batch-20260418-1k,3042c357-18cc-4382-a972-0a0cfb2a8520,il-dono-oscuro,c75a6abe-a2c6-4d44-be20-ec3982fc3bee,the-dark-gift,29ceae35b6139eeb,ok,,1439,760,0.004191,2026-04-18T17:34:49.887679
batch-20260418-1k,304e8bca-f343-4429-a6a7-9b640cd2562a,e-domani,d754df85-f985-4c22-9ac9-d5208564d2d4,and-tomorrow,f12ca0cb5a08c2f9,ok,,1190,502,0.00296,2026-04-18T17:34:56.312746
batch-20260418-1k,30528160-f530-47a0-9828-fd21dca846ca,e-sempre-stato-rifiutato,f20ae61a-c77d-40b4-9520-c49f35c640a9,he-has-always-been-rejected,be9e23cda7352126,ok,,3938,2590,0.01351,2026-04-18T17:35:01.434891
batch-20260418-1k,305e85e4-0399-4138-9dd6-f91b52ead613,letture-consigliate-n-18,0bc5d768-c326-4981-ad70-9a86aaec41ef,recommended-reading-no-18,b9d25ca49c55118a,ok,,1381,691,0.003869,2026-04-18T17:35:42.891897
batch-20260418-1k,307a875e-982b-486e-ab06-8ad2016266a0,sorpresi-dal-risorto-recensione,da58b5ed-9943-403a-b83d-3a5c68804ba5,surprised-by-the-risen-one-review,0910425c6e131e51,ok,,966,334,0.002109,2026-04-18T17:35:48.082335
batch-20260418-1k,308e5af7-2fb4-4102-8e73-a602816c54f7,io-sono-in-sciopero-e-non-da-sola,cb8f0aef-3d6d-475d-921b-2ed6f3065408,i-am-on-strike-and-not-alone,eaa0101a6515e0e3,ok,,1374,634,0.003635,2026-04-18T17:35:51.685726
batch-20260418-1k,30b7344b-8277-4d0b-8579-bfe50f8eb843,vescovi-del-sinodo-alla-giornata-di-apertura-di-fede-e-luce,c63a2593-8b27-4b46-b29c-84de9906dc94,bishops-of-the-synod-at-the-opening-day-of-faith-and-light,93ba74c42f80180d,ok,,2447,1398,0.00755,2026-04-18T17:35:56.883083
batch-20260418-1k,30c93b4a-2c5b-4094-83cc-5e38e5d3c080,dove-se-non-in-chiesa,c261ccf4-bc62-4ff1-9d6d-b98297c49a0c,where-if-not-in-church,d6d4dc147a6b9fec,ok,,2416,1317,0.007201,2026-04-18T17:36:11.373967
batch-20260418-1k,30e8263e-1ed0-45f4-b44f-4d9ce521dcf9,novita-per-lhandicap,7d80c46b-0677-4321-b19e-f8301fc3dad5,news-for-the-handicapped,60bf65fc651b095f,ok,,1529,822,0.004511,2026-04-18T17:36:25.806628
batch-20260418-1k,30f7c8f2-c700-4eb8-9c2e-16f9633a6d84,bilancio-fede-e-luce-1979,f7a62295-fca2-4bf3-ad45-3726f8c76946,fede-e-luce-financial-statement-1979,8cb0889adee81335,ok,,1279,651,0.003627,2026-04-18T17:36:32.321592
batch-20260418-1k,30fea90c-ee69-4521-b6d4-c396725842f5,ho-deciso,d86d2e12-54f4-41ee-963a-00ed72ca377b,i-have-decided,af2b9384b581b4c8,ok,,1288,579,0.003346,2026-04-18T17:36:36.843090
batch-20260418-1k,310c50d0-f667-4054-bde5-604cef2c0fcf,il-problema-dellacqua,72951d7b-9cdb-4589-a050-bf0f50ffefc8,the-problem-of-water,48be49e9049b3b9d,ok,,1575,814,0.004516,2026-04-18T17:36:43.103547
batch-20260418-1k,3120ba76-8716-4df7-add5-18d6e53da689,3-in-comunita-accoglienti,adb36bbf-e055-49e9-8c01-3049248a8c41,3-in-welcoming-communities,afffd9104c612756,ok,,1583,786,0.00441,2026-04-18T17:36:49.637433
batch-20260418-1k,31314107-fc3a-4d05-8e16-c7225e3eba88,in-autobus-con-mia-sorella-la-vita-come-non-lavevi-mai-vista,7beb0efd-f8e8-414a-85a5-98ea561e462f,on-the-bus-with-my-sister-life-as-youve-never-seen-it,a22b27197329e8d3,ok,,964,329,0.002087,2026-04-18T17:36:56.893439
batch-20260418-1k,3150f340-316e-4cee-b8a7-3d96255a5a57,labbe-pierre-una-mano-tesa-agli-emarginati,9f2af239-696b-4929-8054-dfb6bd8e8139,abbe-pierre-an-outstretched-hand-to-the-marginalized,4a235d970da03d4c,ok,,1151,461,0.002765,2026-04-18T17:37:00.373810
batch-20260418-1k,3155f8f1-9a24-4372-97cb-b6c2372a6c5b,che-cosa-e-fede-e-luce,f00f5a6b-eaac-4585-b0a8-2849547c4830,what-is-faith-and-light,1e7bbf5bc11946af,ok,,2736,1643,0.008761,2026-04-18T17:37:04.777779
batch-20260418-1k,31591deb-465c-4dc2-a9cc-3ca074569a62,cameriere-per-finta,a0dbdd35-a9e6-42e9-b17c-5e9701495c5d,waiter-for-pretend,4489179d2de17a63,ok,,1283,580,0.003346,2026-04-18T17:37:25.598150
batch-20260418-1k,31631ec1-87c9-46a0-ac67-e6c35fe1ad27,smack-come-bacio-il-tempo-con-mio-figlio-disabile,7e07ade5-5987-4a96-bc38-a4cbedc9485f,smack-as-a-kiss-time-with-my-disabled-son,e381627f5f370340,ok,,1843,1039,0.00563,2026-04-18T17:37:31.192253
batch-20260418-1k,31696f07-9a15-4292-a4b4-d82786f06657,elogio-della-fragilita-recensione,34214286-55ab-40c7-82c7-8a31a9773ce0,in-praise-of-fragility-review,f55e2769d682f108,ok,,1147,494,0.002894,2026-04-18T17:37:41.910564
batch-20260418-1k,31793793-fa14-4869-ae39-7a8212b9d9f5,luigi-monza-una-storia-illustrata,761c8a17-94db-4114-8fbf-228bb5b51f5b,our-great-friends-luigi-monza-an-illustrated-story,e23042e419e0293e,ok,,3355,2517,0.012752,2026-04-18T17:37:45.716111
batch-20260418-1k,3180713e-adec-4f3f-97c1-f6e9f27693f4,fermati-un-momento-per-capire,24626d4d-bc9e-460b-b308-caf76a32f1bb,stop-for-a-moment-to-understand,c8a80d1658c18daf,ok,,2440,1415,0.007612,2026-04-18T17:38:08.563122
batch-20260418-1k,31996e52-8943-49eb-aa2e-c39603e309bf,mio-dio-duro-vivere-nella-prova,989d713e-9c9a-44b6-93f7-5230cfeef938,my-god-how-hard-it-is-to-live-through-trial,b009b5789a767b20,ok,,1978,1101,0.005986,2026-04-18T17:38:25.891535
batch-20260418-1k,31bfd333-81d7-410f-8e81-c9638df4be93,chicchi-di-grano-dalla-bibbia,c599b8a3-219a-49cc-879f-90b7b268b987,grains-of-wheat-from-the-bible,15c3b0fc533f0422,ok,,933,293,0.001918,2026-04-18T17:38:37.488779
batch-20260418-1k,31c8c895-edfb-4714-aa9e-d74b0c3b9933,mi-ama-come-sono,4d7f70d3-7dfb-481b-992a-de52c8b49f49,he-loves-me-as-i-am,7367498fe2d7d3bb,ok,,2663,1583,0.008462,2026-04-18T17:38:40.565424
batch-20260418-1k,31cab405-2e3c-4e88-b440-aa921274b93b,voci-di-sorelle-e-fratelli,e195690b-e752-4eb8-a40a-9637a720a569,voices-of-sisters-and-brothers,4c9f9c5a82840f69,ok,,1513,755,0.00423,2026-04-18T17:39:01.110701
batch-20260418-1k,3201ad74-6bc6-4c64-b595-21afbf04795e,integrazione-a-scuola-una-verita-difficile-a-dirsi,d343ff12-711f-49be-9a48-27e5d687820f,school-integration-a-difficult-truth-to-tell,20c2ae141a94e517,ok,,1952,1053,0.005774,2026-04-18T17:39:07.397609
batch-20260418-1k,3214454f-c269-453c-8791-4d01f9391fb4,quando-il-silenzio-fa-rumore,70c9af16-ea73-46e3-b1af-15ff69ba9cfb,when-silence-makes-noise,67cc3320436e29c2,ok,,2232,1294,0.006962,2026-04-18T17:39:17.297856
batch-20260418-1k,323191d2-51cb-4374-a150-17a7cb434388,giornata-mondiale-dellautismo-il-mondo-si-tinge-di-blu,26ec7d60-28d1-46b8-ade5-351fa27ebc15,world-autism-awareness-day-the-world-turns-blue,597bad2fd622176f,ok,,4224,2814,0.014635,2026-04-18T17:39:31.209891
batch-20260418-1k,3231b4eb-ccc6-44c1-a35f-533f2ca58535,nome-tutti-miei,2b787c56-900d-422d-81f8-e9b324335651,in-the-name-of-all-of-mine,22aaa8c8a4166f3a,ok,,1184,498,0.002939,2026-04-18T17:40:01.713399
batch-20260418-1k,3248acde-0880-4590-a5cc-da87eddc3969,la-nostra-presenza-accanto-a-lei,24841e15-4bdc-48f1-8ed0-9d4e2bc921d0,our-presence-beside-her,2445427feab2804b,ok,,1502,724,0.004098,2026-04-18T17:40:06.521013
batch-20260418-1k,3259a211-088b-4543-8446-0a025329681c,marco-cavallo,,marco-cavallo,d7d82b476712f034,error,HTTP Error 400: Bad Request,1262,550,0.00321,2026-04-18T17:40:13.259487
batch-20260418-1k,32877863-03bd-4e18-80c0-9cf9a7ecbb66,perche-vi-chiamate-fede-e-luce,81eaa691-33e6-4248-9d6f-295cf2efebf4,why-do-you-call-yourselves-faith-and-light,5b613e4eb42cf063,ok,,1468,726,0.004078,2026-04-18T17:40:17.826093
batch-20260418-1k,3288e893-4249-443d-80ea-2273a410c6d2,un-po-alla-volta,dd78d0da-c067-47bf-9f2c-41ea8fe51b85,little-by-little,fad2f556a7b17e7e,ok,,2469,1424,0.007671,2026-04-18T17:40:24.190650
batch-20260418-1k,3294491c-2623-4925-bfc8-4de2e763b7d2,epilessia-una-malattia-che-imprime-un-marchio,7d70b070-5476-4760-8bce-3a2030becf14,epilepsy-a-disease-that-leaves-a-mark,068d237787943f9b,ok,,2318,1379,0.00737,2026-04-18T17:40:41.927893
batch-20260418-1k,32a5f984-b204-4fd7-a845-13ce7cda17de,tutti-tranne-uno-sono-saliti-a-cavallo-scuderia-le-forne,8f6798cb-c63e-4e57-a4cf-943edd99945f,all-but-one-got-on-a-horse-le-forne-stables,4da641a94cd096fd,ok,,2764,1681,0.008935,2026-04-18T17:40:57.225881
batch-20260418-1k,32ac8257-3d9e-4a41-90d4-cc72e137e385,ci-hanno-scritto-n-20,252faed6-e6e8-4a86-9719-caefa14afd18,twenty-letters-have-come-to-us,dc83949bcdde8cba,ok,,2042,1204,0.00645,2026-04-18T17:41:17.773321
batch-20260418-1k,32ae57ca-77d2-487e-821e-9be43cfa6a75,al-loyola-university-rome-center,9377e8ed-27d0-48e9-956e-60b7a6c2684b,at-loyola-university-rome-center,05f101ef9a821a47,ok,,1117,471,0.002778,2026-04-18T17:41:29.776069
batch-20260418-1k,32c41f9f-6132-447c-bab1-5b2409cdad4e,vita-fede-e-luce-n-7-il-convegno-interazionale,10ba99f3-5639-4dab-8da6-c9d6ec6dc45e,fede-e-luce-life-n-7-the-international-conference,a6aa9410844e75d1,ok,,2191,1226,0.006657,2026-04-18T17:41:33.820442
batch-20260418-1k,32c485c2-962e-420c-b3a2-3e659b0a3a6c,volevo-che-qualcuno-rispondesse-alle-mie-domande,fb86aa95-2d2a-4034-9dda-8c3596d038bd,i-wanted-someone-to-answer-my-questions,f43cf1455cfaab30,ok,,1464,666,0.003835,2026-04-18T17:41:47.716876
batch-20260418-1k,32c6ee9d-c251-46cb-a909-5192029c3003,un-metodo-efficace-per-leducazione-dei-bambini-con-disabilita,8031a9f2-381d-4f90-9906-c89576ec2594,an-effective-method-for-the-education-of-children-with-disabilities,ae944362adb97981,ok,,3036,1840,0.009789,2026-04-18T17:41:52.775712
batch-20260418-1k,32c7c532-45b4-47b8-9af5-2ccc4dda78a9,fratelli-nella-notte,753a4932-3a07-42c9-948f-483896014166,brothers-in-the-night,baf5529aaa553843,ok,,1074,421,0.002543,2026-04-18T17:42:17.464539
batch-20260418-1k,32d3bd7a-ea39-4dcc-9015-53be14426e6e,stai-pensando-me,16c1ecb5-bf9e-4db1-804b-4852c2cb2f0a,but-are-you-thinking-of-me,10f17698c80807a4,ok,,1916,1039,0.005689,2026-04-18T17:42:21.874938
batch-20260418-1k,3308dd93-2615-4d56-909c-7701fe7f62aa,genitori-di-persone-con-disabilita-nessuno-disturba-nessuno,da84a10e-1b8a-4689-993f-3cffe0288b17,parents-of-people-with-disabilities-no-one-disturbs-anyone,d2311c780b41d934,ok,,1291,568,0.003305,2026-04-18T17:42:33.429687
batch-20260418-1k,3309a799-feb8-46b9-b9b7-d8edd2992334,parliamo-di-comunicazione-facilitata-intervista-francesca-benassi,1cda9d81-1c27-4df2-8486-26b9db58f868,lets-talk-about-facilitated-communication-an-interview-with-francesca-benassi,8c43ac72808804b0,ok,,3011,1896,0.009993,2026-04-18T17:42:37.943765
batch-20260418-1k,3332a0f1-53a1-453a-80cf-4c2abd95271f,amore-e-disabilita-una-scelta-difficile,1b27a835-5d58-46c9-9b7a-146e5fb779b3,love-and-disability-a-difficult-choice,cf0f312b889e4dbf,ok,,1961,1049,0.005765,2026-04-18T17:43:02.185649
batch-20260418-1k,334e1075-5a55-4eec-8c61-05597405f46e,dialogo-aperto-n-95,387b39ad-bd02-4264-9b43-97a8639301ed,open-dialogue-no-95,d8a34e0ff9fcc8a3,ok,,1619,800,0.004495,2026-04-18T17:43:13.390868
batch-20260418-1k,335418f1-145e-4e77-8f00-12a7cdcd2bd7,sul-cartellino-ce-scritto-benedetta-m,687249f6-2094-490f-a3fc-118dcde260c7,on-the-badge-it-says-benedetta-m,33fa6680ba9bc21c,ok,,1306,623,0.003537,2026-04-18T17:43:20.642214
batch-20260418-1k,338532cc-cffb-490d-a24f-dc0d134aaf93,chiacchierata-in-famiglia-da-meditare,dbb02fcd-c709-4626-8b52-b7eaf59b96bb,family-conversation-to-meditate-upon,5ed1fd7ee331d43c,ok,,5507,4006,0.02043,2026-04-18T17:43:26.030033
batch-20260418-1k,338c1fbe-9aa3-4469-811b-79741e1ea531,spes-contra-spem-alla-scoperta-di-roma-antica,47caec2d-35f2-4d5e-a7f3-e35462ca7c27,spes-contra-spem-discovering-ancient-rome,a3e6c492927c99fc,ok,,1410,769,0.004204,2026-04-18T17:44:25.321814
batch-20260418-1k,33a772b5-af0e-4c6e-b44b-e1d212aa3419,dialogo-aperto-n-29,116190ab-be6d-4236-86df-2f1356edf0d4,open-dialogue-n-29,804f21a69ff0a1e5,ok,,3110,1945,0.010268,2026-04-18T17:44:30.070877
batch-20260418-1k,33a91f57-1929-4438-9e89-96c1dbfdd558,dialogo-aperto-2,62715d5b-ff46-40bf-970b-e9dcac66cb6d,open-dialogue-n168,0cb35d3631471ba6,ok,,1993,1159,0.00623,2026-04-18T17:44:57.118716
batch-20260418-1k,33b5c470-9c73-42b1-99fe-780ebdace3eb,un-autobus-chiamato-santa-silvia,7eeabeac-39a5-45fe-8d6c-e0d4cbd91979,a-bus-called-santa-silvia,6d9760d5706a4111,ok,,2494,1495,0.007975,2026-04-18T17:45:08.680873
batch-20260418-1k,33b84958-96b8-438d-881f-ea7ef8d8b716,recensione-la-piu-bella-nuotata-becker,15f4d645-d5a6-4606-9106-5e957131aa6b,the-most-beautiful-swim-of-my-life-review,2fc85b93d4ddfa66,ok,,966,338,0.002125,2026-04-18T17:45:27.279699
batch-20260418-1k,33b85138-d875-47a7-8e2a-44ba2a273a8a,come-se-fosse-la-cosa-piu-normale-del-mondo,7d3a8502-2979-4bde-823f-4f14191f57b6,as-if-it-were-the-most-normal-thing-in-the-world,3e613db56ec09cf5,ok,,1533,787,0.004374,2026-04-18T17:45:30.758712
batch-20260418-1k,33c72832-e0be-4d64-b720-ce6f0952bbb3,perche-la-salute-conti-davvero,9c990e2a-e38f-4476-886c-7ecc7f552863,why-health-really-matters,14db744ed573ef7f,ok,,1260,530,0.003128,2026-04-18T17:45:37.081478
batch-20260418-1k,33cf87dc-e825-4420-a183-b3c897aec275,con-il-tuo-passo-percorsi-agesci,94825010-25f4-4e74-82a1-3805b81b6a95,with-your-pace-agesci-pathways,7030da4a929bc639,ok,,2719,1507,0.008203,2026-04-18T17:45:41.652776
batch-20260418-1k,33d8596f-8649-4e02-9e7d-6b704497a1d1,meglio-ballare-che-arrabbiarsi,1d8296f4-cb58-4156-8f20-736e2db9c1b8,better-to-dance-than-get-angry,b4db2e67d6f97073,ok,,1283,611,0.00347,2026-04-18T17:46:00.065338
batch-20260418-1k,33f461cc-50a6-4c10-90f5-f18d5a433de6,salvatore-medico-pediatra-acondroplasico,55ccaabe-978e-44e4-ad15-3eb4c38369ab,salvatore-pediatrician-achondroplastic,8f547a8dd7b56845,ok,,2142,1134,0.00625,2026-04-18T17:46:06.288395
batch-20260418-1k,3409e5cf-44cc-4530-938a-0592afd86555,anna-sorride-alla-pioggia,4d93d8b0-5ffd-485b-b074-1d61e79c3097,anna-who-smiles-in-the-rain,0985d54bbe0ab972,ok,,1399,763,0.004171,2026-04-18T17:46:18.180273
batch-20260418-1k,344e4397-4bba-4a2c-a502-2f7220d14fe6,lettera-aperta-a-una-maestra,6fcc7807-c062-42b7-bcd9-4c264d5c015d,open-letter-to-a-teacher,7189c6d85fc0d164,ok,,1618,855,0.004714,2026-04-18T17:46:23.645230
batch-20260418-1k,345d57e6-ee8b-437e-80fe-19ccd53f18e6,sqizo,f870bf72-51a1-4adf-bbca-9fc71da3cf78,squizo,d8f7ab2bf539e34f,ok,,1364,625,0.003591,2026-04-18T17:46:32.256014
batch-20260418-1k,345e8079-daa0-4d6c-9f5c-ef42bd7c9d79,la-prossima-volta-lo-rifaccio,5a481925-eddd-4b5c-9d07-e4a32efec75f,next-time-ill-do-it-again,c826a8baeb73fc84,ok,,1583,812,0.004514,2026-04-18T17:46:37.510385
batch-20260418-1k,34620c05-e3d0-4fff-9252-be6d9ec53843,il-grande-cocomero,3c741026-6262-4111-89b1-e2ae27f1e459,the-great-watermelon,2e1ccb29ce862488,ok,,1196,518,0.003029,2026-04-18T17:46:44.959397
batch-20260418-1k,346d55b7-8d0f-4c39-b180-5cbabc5262f2,punti-incontro-servire-giocare-lavorare-riflettere,b0f05d7c-5b78-4101-ba6e-fb5a147451b2,meeting-points-to-serve-to-play-to-work-to-reflect,f73931937e21dbd2,ok,,4804,3274,0.016939,2026-04-18T17:46:49.295153
batch-20260418-1k,3472ffde-94b0-4d77-b4b4-a3f50516a0ea,non-e-mai-troppo-tardi,2cc8cb8e-5b67-4811-97a3-e5f9c4ef20d0,it-is-never-too-late,dc1174148efa4971,ok,,1433,680,0.003866,2026-04-18T17:47:34.723535
batch-20260418-1k,3475632f-16a2-4f2b-ab2d-047a556259f3,ci-hanno-scritto-insieme-n-27,08fe272c-7616-4f0b-9d4d-1edb7aefad9f,they-have-written-to-us-insieme-n27,fdcadd0c4ebf3bb1,ok,,1993,1178,0.006306,2026-04-18T17:47:40.639732
batch-20260418-1k,3477bd45-ccc1-4f0a-9ebe-0bd0a8cf3333,e-sempre-disponibile,4b190fa5-7abc-4824-b39e-ae5951bf1699,always-available,264021d76242e409,ok,,1416,698,0.003925,2026-04-18T17:47:52.567975
batch-20260418-1k,3493c599-4bd1-425e-ae19-86ab2951c954,dal-prato-alla-parete,50054443-a6d0-4a9c-9c40-9ee79a0cfd72,from-meadow-to-wall,600bccee6fb9078a,ok,,1362,638,0.003642,2026-04-18T17:47:58.283178
batch-20260418-1k,3499d15e-406e-4d86-9d11-b40831837838,vegliate-con-me-hospice-unispirazione-per-la-cura-della-vita-recensione,bc2a7b67-148b-4995-bd87-fe59451d51a7,keep-watch-with-me-hospice-an-inspiration-for-the-care-of-life-review,332fcfb6db04f2aa,ok,,939,313,0.002003,2026-04-18T17:48:03.185144
batch-20260418-1k,34b4a5dc-178a-4d1a-bdb3-fdea0e2428b3,poco-tanto-tutti-stanno-meglio-la-danza,72436a4b-0a56-42ac-b754-6e87f14332e9,little-or-much-everyone-is-better-off-with-dance,d94dd8dce5d54f80,ok,,2248,1288,0.00695,2026-04-18T17:48:06.430263
batch-20260418-1k,34cd1d0c-4dbb-4f28-9e29-2ff1c6cb4c3c,notiziario-fede-e-luce-n-12-marzo-1977,f5cbb69e-24db-4bfa-bbbd-4ba9f9765ded,faith-and-light-newsletter-n12-march-1977,14af5bf0f4a669c5,ok,,3229,1964,0.010439,2026-04-18T17:48:20.652906
batch-20260418-1k,34f499e5-6a67-447d-8d53-417dde447ef0,per-nostra-riflessione-milano-vederci-piu-chiaro,c29b8651-6261-4c42-a127-ed17205edd27,for-our-reflection-milan-seeing-more-clearly,320baa9f100eb018,ok,,3583,2275,0.011966,2026-04-18T17:48:48.092405
batch-20260418-1k,351ba5a0-de90-46ee-8c21-0692664d7a66,cercare-la-bellezza-la-dove-e-nascosta,81c178e3-b7ef-488b-82b0-2b2c462ce765,seeking-beauty-where-it-is-hidden,88f368bd5a5acfb4,ok,,2193,1205,0.006574,2026-04-18T17:49:20.182863
batch-20260418-1k,351fc40e-0b4a-4565-acf7-e34673f0baa0,io-mi-domando,4de30e8f-fc60-4b80-b680-478cae28ff8c,i-wonder,5dea753afa4a418b,ok,,1303,580,0.003362,2026-04-18T17:49:34.136525
batch-20260418-1k,35615098-5b36-4473-a4da-45090178f245,una-persona-vera,90e85bed-384f-40e7-9632-a59b1b255840,a-real-person,082dc543d3152a66,ok,,1732,908,0.005018,2026-04-18T17:49:39.182239
batch-20260418-1k,3563450c-df72-4ea2-b803-4a97c27adf42,una-piccola-matita-nelle-sue-mani,2cf1c3ef-f412-4ef2-bbd4-c221fe7ecbb6,a-small-pencil-in-his-hands,e40f4c3a0628c25a,ok,,2009,1167,0.006275,2026-04-18T17:49:48.171299
batch-20260418-1k,3571edee-28d6-4be9-aa78-cfb61ca6f22d,12-con-i-santi,98aa2a2f-5f64-4cdb-aabc-99cc5f76c63b,12-with-the-saints,33fbf1603a88b1e8,ok,,2982,1921,0.01007,2026-04-18T17:50:00.062499
batch-20260418-1k,3579fcb0-be93-4907-8817-b3de76bc94ef,anniversario-di-matrimonio,ef07ab75-da6e-4dbe-af47-0e74d92582a5,wedding-anniversary,4ec18ebaff26fe91,ok,,1773,895,0.004998,2026-04-18T17:50:20.513676
batch-20260418-1k,358569b0-efc0-47cc-b981-8fe83e132d74,incontrarsi-il-venerdi,b8fcaa91-5acb-443b-9a70-8fc83c1a6670,meeting-on-friday,13881d7bf3abf935,ok,,1956,1143,0.006137,2026-04-18T17:50:28.775768
batch-20260418-1k,3598f8e6-9b70-4eaf-8354-221881763b1e,come-si-fa-fede-e-luce-il-lavoro-in-equipe,f2c3eed2-c162-41b3-a5a9-bb755f1c7cac,how-to-make-faith-and-light-work-teamwork,304b68a39610da1e,ok,,2025,1080,0.00594,2026-04-18T17:50:40.383922
batch-20260418-1k,35d4b510-7ec2-498e-b497-cf4e92de8311,oggi-e-dei-nostri,83915c35-3a39-46ab-beea-8c57b4428a21,today-he-is-one-of-us,d8ffd66fea7b6f7e,ok,,1474,686,0.003923,2026-04-18T17:50:51.661494
batch-20260418-1k,35da8129-0f01-4f87-b78a-05185d24d790,che-cose-un-katimavic,f02ff5b0-3ee9-4b68-998b-185b032d454f,what-is-a-katimavic,7cfa912a3a5ab550,ok,,1438,667,0.003818,2026-04-18T17:50:57.541345
batch-20260418-1k,35db7c3a-4b9d-4a8d-9274-65b9db9b3d3a,lavorando-alla-caritas,90ccf721-f7c1-499c-9e53-e97121e2ccd7,working-at-caritas,6db9ff27a8687d94,ok,,1398,602,0.003526,2026-04-18T17:51:02.909204
batch-20260418-1k,35e8de02-77da-418f-bf3e-5bcc7fd8d4ba,luca-adotta-alba,ffa11e70-1431-4967-af58-0b40379380c5,a-cat-community-and-our-apartheid,8589cdede14f7afd,ok,,2396,1467,0.007785,2026-04-18T17:51:08.333126
batch-20260418-1k,35ecf6b7-33b7-4188-8e4e-c010a4836ab7,dialogo-aperto-n-145,fb4f6831-2ddb-4582-86eb-2a85a56782cf,open-dialogue-no-145,3d8cfae5e39a6453,ok,,2246,1326,0.007101,2026-04-18T17:51:25.540730
batch-20260418-1k,35f24137-19d8-4f8a-818c-7ad21ae540e8,quanti-sanno,561ffd10-a32d-4e29-aa72-2b6a7e1286ab,how-many-know-the-silent-commitment-of-fathers-a-voice-often-unheard,bd28abf3189d7649,ok,,4776,3243,0.016793,2026-04-18T17:51:40.403958
batch-20260418-1k,3608cd08-cf96-47e5-a0e1-326e0d661da9,per-cercare-la-verita,77a8fc43-490c-45cc-a0be-acd1f09b7998,in-search-of-truth,471d40a603f37739,ok,,4494,2851,0.014999,2026-04-18T17:52:26.381302
batch-20260418-1k,360e8ff1-5d6c-4899-aa94-b0a86ae0a62d,loro-che-sta-per-terra,efc4d741-2c52-4523-99d9-ac6aa70bd9c2,the-gold-that-lies-on-the-ground,5004919c200d2fc6,ok,,895,303,0.001928,2026-04-18T17:53:04.636502
batch-20260418-1k,362eca47-274a-4db6-86a6-094051f395d9,larmes-de-silence,1e2b9116-00fa-4fc9-b747-9d40a68b4b9b,tears-of-silence,10c7def68a077d1b,ok,,953,326,0.002066,2026-04-18T17:53:08.165088
batch-20260418-1k,363e59fb-3d7c-410b-b97d-b000151c387b,vita-fede-e-luce-n58-1997,21e29f02-0753-4fd0-8a81-be340ae8e6ab,life-faith-and-light-n-58,8ff0ad0659636e4b,ok,,5463,3886,0.019914,2026-04-18T17:53:11.532590
batch-20260418-1k,363f487c-c5c7-4079-90be-07ecdee2bd85,in-cammino-verso-lautonomia-personale,ae2b75f1-02ff-4a49-bc23-a1df0c16750b,on-the-path-toward-personal-autonomy,a33fe1296303e2dd,ok,,868,260,0.001734,2026-04-18T17:54:05.979878
batch-20260418-1k,3662ecf8-a9c1-4c7b-8afc-4ce0cca0e10d,eccomi-lesempio-di-maria,4dce6e57-3967-4853-870a-1d1632db3cd1,here-i-am-the-example-of-mary,208e37d6c5d4c951,ok,,3322,2077,0.010966,2026-04-18T17:54:09.365703
batch-20260418-1k,3665dc26-5d43-47f5-b695-038fe2380aba,la-rigorista-del-tirreno,31ad015c-1e8e-4616-be6b-6b3f9ff31003,the-rigorist-of-the-tyrrhenian-sea,e3251ca6c4ef5666,ok,,1543,773,0.004326,2026-04-18T17:54:38.222182
batch-20260418-1k,36701904-5943-45bd-9bca-ace7df8f3679,ci-hanno-scritto-n-12,23d21e8c-c1cf-404c-bfc4-7d9826348068,they-have-written-to-us-no-12,754b1199b8b64dcd,ok,,3054,1954,0.010259,2026-04-18T17:54:45.195943
batch-20260418-1k,36730e7b-9859-4223-82f0-4fd27a2bb6b2,dallassistenza-allesistenza-sei-workshop-dellassociazione-vedere-oltre-onlus,70a0ca1b-7158-4233-83aa-748c881ce46d,from-care-to-existence-six-workshops-by-vedere-oltre-association,235e3147d6814cf7,ok,,2237,1171,0.006474,2026-04-18T17:55:12.200255
batch-20260418-1k,3676435a-2e40-4267-860a-5b1081c0f5af,quando-ho-recitato-sottovento,24b75b0c-fef9-4ee9-9ca8-4ca6a1a89e72,when-i-acted-downwind,bd9d60b7553e0cdc,ok,,1144,460,0.002755,2026-04-18T17:55:25.661920
batch-20260418-1k,368395cf-048d-4312-8276-83457fd4b588,cinema-e-disabilita-i-3-film-di-boris-sollazzo,6d6b1932-beef-4d4d-9100-38260a0315e8,cinema-and-disability-boris-sollazzos-3-films,ca503a89913c2906,ok,,667,91,0.000898,2026-04-18T17:55:29.997692
batch-20260418-1k,36840739-dbda-47a9-aa65-76fe36ba0868,ombre-e-luci-n-6-1984-sfogliabile,decea4f5-0cbd-497c-8ad8-dc4dc42f4ea8,ombre-e-luci-n-6-1984-browsable,d3e8779eecc47521,ok,,590,49,0.000668,2026-04-18T17:55:31.931735
batch-20260418-1k,368d88bb-2267-4c7d-a51f-e1ca0e53cd71,suonare-chitarra-ragazzi-down,70bea493-dbf2-4225-aeb5-20f5c5311400,play-guitar-why-not,3895e7750b5ea1e6,ok,,3165,1862,0.00998,2026-04-18T17:55:33.813256
batch-20260418-1k,369d4246-4e16-4d4d-83b9-cc1ba9fadbff,epigenetica-e-malattie-psichiatriche,74d3fc06-f91c-4e99-a6e8-204f5cb789ac,epigenetics-and-psychiatric-diseases,a5b31d157de3f9e7,ok,,3347,2016,0.010742,2026-04-18T17:55:58.851832
batch-20260418-1k,36a4c808-1d5c-46c6-ad8c-9211fb6eaed6,dialogo-aperto-numero-71,2bdc08a6-e54d-4f75-8bf9-5202da8d2e25,open-dialogue-number-71,9b916b33274abd39,ok,,1624,826,0.004603,2026-04-18T17:56:26.175781
batch-20260418-1k,36a6855b-ca8f-427e-8dec-601d317bf961,e-li-chiamano-disabili-recensione,c70516c1-7fd5-49c6-99a6-303bce4a3ec3,and-they-call-them-disabled-review,67e30b791387b07a,ok,,942,319,0.00203,2026-04-18T17:56:34.605864
batch-20260418-1k,36aa9c83-2ae6-495f-a893-8983bfbcbf50,quel-farabutto-del-cocomero,0c197bcb-854d-47ef-94e4-49cf22b6a79b,that-rascal-of-a-watermelon,24f1a14c83fa25e2,ok,,1877,1053,0.005714,2026-04-18T17:56:38.008936
batch-20260418-1k,36afd46f-1fd3-4e32-915b-6e9fd4f9e874,ragazze-fragili,e36c3648-ee63-4257-92e6-04f6396150f0,fragile-girls,3b90d263cb473f92,ok,,2862,1760,0.00933,2026-04-18T17:56:49.634108
batch-20260418-1k,36c23a6f-4ecc-467e-b686-11596cb5dcd3,uildm-unione-italiana-lotta-alla-distrofia-muscolare,e0737ccc-87c3-480e-b9d0-894120027a32,uildm-italian-union-for-the-fight-against-muscular-dystrophy,8f1e073b7ceb6b87,ok,,2431,1416,0.007609,2026-04-18T17:57:11.768498
batch-20260418-1k,36d4480c-5cda-4fbb-8d88-15455af83309,la-mia-vita-santa-palomba,e9102c1c-6cf2-4de2-879f-1c6450f7886e,my-life-at-santa-palomba,82c1d0d4fd96b026,ok,,2587,1647,0.008658,2026-04-18T17:57:26.234396
batch-20260418-1k,36f3075c-535f-4ac1-8814-75ddc8b065a0,ci-sto-bene,fcce88ea-3d82-4d1c-8b3d-b490b3b8590b,i-feel-good-with-them,37b1c2ee88cd130f,ok,,1026,413,0.002473,2026-04-18T17:57:46.361759
batch-20260418-1k,37256bd0-98f0-47dc-a05f-46d47711f3db,la-casa-di-dario-comunita-alloggio,d6dff41e-1124-4eb8-92f7-ef4e36469d50,darios-house-residential-community,ddf668a5c3c4e255,ok,,1659,826,0.004631,2026-04-18T17:57:50.106886
batch-20260418-1k,3728a598-42c2-4dbe-afa0-791ebbe00aba,un-ragazzo-ribelle,61309e1b-f4a2-44a3-a9e8-7def028bdf84,a-rebellious-boy,99d14501af99db0b,ok,,1571,781,0.004381,2026-04-18T17:57:57.203522
batch-20260418-1k,37402465-f304-43d8-882d-9d7253b32587,il-nostro-don-francesco,8769bf05-0be0-411e-a368-4d6b47dcad8f,our-don-francesco,ba8a870c11ed36de,ok,,1672,825,0.004638,2026-04-18T17:58:04.243371
batch-20260418-1k,374248d3-b83f-49a6-88a2-76e8f6f6532b,quasi-non-li-riconoscevo,5c369208-1d79-4d81-b306-5a77649622a4,i-hardly-recognized-them,687d62c36529bdcf,ok,,1654,826,0.004627,2026-04-18T17:58:11.337288
batch-20260418-1k,3743ada0-c3ce-45e4-af53-4a1b6d775e35,ammalati-di-affetto,f81ede8f-1515-44c4-ab02-f1c3a5b8d6f1,ill-with-affection,122eca447cfd9daf,ok,,1517,780,0.004334,2026-04-18T17:58:18.694534
batch-20260418-1k,3744e86f-f645-4422-a9b5-ee2ac54f9e85,passo-lento-recensione,49682911-0814-4bc6-ae6c-0d9bc82d0f5d,slow-pace-review,4e33e4f7f35f0006,ok,,934,295,0.001927,2026-04-18T17:58:24.930190
batch-20260418-1k,37474502-2c6f-4356-a46c-089d30bc6b86,lavventura-di-oletta-quando-il-cavallo-diventa-terapia,514d19f8-d427-4c80-8d64-497625b5f03a,olettas-adventure-when-the-horse-becomes-therapy,1b9d437246cf2aff,ok,,1432,672,0.003834,2026-04-18T17:58:28.096560
batch-20260418-1k,37528e1d-a816-4aa8-a4cb-f4735f90ed89,musei-davvero-per-tutti-grazie-allassociazione-va-m-i-volontari-associati-per-i-musei-italiani,cd09ee06-a35e-408b-88cc-5e106c18700a,museums-truly-for-everyone-thanks-to-the-vami-association,79b8b027c0c361ac,ok,,1910,1044,0.005704,2026-04-18T17:58:33.651121
batch-20260418-1k,3753b303-c35f-4c2f-8c45-d57f60af6609,letture-consigliate-n-22,e265759f-1cd4-455e-97e6-e9fa0823dd4a,recommended-reading-no-22,0641087c34f501b0,ok,,2066,1135,0.006193,2026-04-18T17:58:43.531736
batch-20260418-1k,375a2035-f0eb-4e93-b2dc-e0971cc748dc,quel-lupo-dentro-noi,23a14ef3-c061-46c4-976e-f28384951879,that-wolf-within-us,145d553e976798c8,ok,,3989,2606,0.013615,2026-04-18T17:58:54.565742
batch-20260418-1k,3774805a-f4af-46e6-8b38-3a39cfa0c37d,un-presepe-a-fede-e-luce,ac304c69-f916-40fe-b819-6189c1dde22c,a-nativity-scene-at-fede-e-luce,9a9c291c53c78b87,ok,,2478,1519,0.008058,2026-04-18T17:59:29.330342
batch-20260418-1k,37784c2c-65cf-4d7d-8237-edf5efe14e76,medici-o-stregoni,f543276f-401f-462e-b7e0-ece8d2b7e988,doctors-or-sorcerers,b39905f710358b51,ok,,3003,1801,0.009606,2026-04-18T17:59:45.324332
batch-20260418-1k,377cb831-8331-4f51-b7c0-98a5505d5568,paolo-e-chiara,4ad55048-5c45-43b2-bc0c-c3d9245af4db,paolo-and-chiara,915d6d4d1322af19,ok,,2463,1454,0.007786,2026-04-18T18:00:09.578997
batch-20260418-1k,3792656f-c1bf-435b-8a49-99d07ff059d4,artiste-nellorto,ed5534be-ab29-407a-a38d-3842ad9486fa,artists-in-the-garden,29c07088976d3e50,ok,,2622,1546,0.008282,2026-04-18T18:00:26.678614
batch-20260418-1k,3792e1d7-ddff-4942-848f-978c3dc4d759,smack-come-bacio,37d7ffea-a4c8-43f2-adc3-b71ca426eb1e,smack-as-a-kiss,33d5308806e18564,ok,,1772,970,0.005298,2026-04-18T18:00:46.596350
batch-20260418-1k,37934758-78d0-4124-8764-858e81bc75e8,dialogo-aperto-n-24,47d860d7-6f68-49ec-8f70-ea674cde9951,open-dialogue-n-24,c52b6deedd661cea,ok,,3570,2268,0.011928,2026-04-18T18:00:56.432047
batch-20260418-1k,3799bffb-2c88-4f73-9ffc-f5473c0de4cc,testimoni-dellincontro,1fe3a8ff-b0ba-467a-9a52-d9759a21483c,witnesses-of-encounter,8d82a6bf09accbdb,ok,,4716,3107,0.016201,2026-04-18T18:01:30.233109
batch-20260418-1k,37dddad4-503e-42e9-adee-a8cd6262aea4,non-e-cosi-facile-essere-madre-di-una-bambina-non-grave,3ba6848b-e960-4a13-bb95-fae5a991b8bf,it-is-not-so-easy-to-be-the-mother-of-a-girl-who-is-not-severely-disabled,95a4259f87284dd5,ok,,2145,1196,0.0065,2026-04-18T18:02:17.056890
batch-20260418-1k,37f495a2-a510-4ae0-a7f3-1bd32295a9a3,abbassa-il-cielo-e-scendi-recensione,c021cca9-2697-481f-b9fb-bf7c90727614,lower-the-sky-and-come-down-review,b9435c264d9b5076,ok,,982,372,0.002274,2026-04-18T18:02:30.794043
batch-20260418-1k,3838c023-5c2e-4b2a-a863-9db95914f16f,libri-per-giocare,42b08fe2-ad6f-499e-ba1e-136d5a5095ec,books-for-play,5be9912bab54587f,ok,,1533,753,0.004238,2026-04-18T18:02:34.977525
batch-20260418-1k,385caffa-3771-4e51-b1a9-da0cca4ba1bc,pinocchio-teatro-integrato-ma-non-solo,ace05462-674f-4e90-8edd-d10ecca2bce1,pinocchio-integrated-theater-and-more,78e6d0085767f427,ok,,2409,1367,0.007395,2026-04-18T18:02:40.696143
batch-20260418-1k,38637ba9-4ee9-445d-87bd-39e0430ec62c,tifosi-dellaccessibilita,f965e6a2-b563-4301-a24f-0ade62355497,fans-of-accessibility,dfafcde97c490ebe,ok,,1733,916,0.00505,2026-04-18T18:02:56.913734
batch-20260418-1k,3888cd31-dc51-4a04-8f78-3ba75eb7e28d,comunita-di-fede-e-luce,495316fe-1d1c-4824-a9b5-7c13061a9e34,faith-and-light-communities,c38793f8dc6db78d,ok,,1162,466,0.002794,2026-04-18T18:03:05.856776
batch-20260418-1k,38ad6a8e-2a01-4e24-8ef6-1eb79aba1de4,ce-labbiamo-fatta,b628e1da-c212-4009-9999-e7edad88a117,we-made-it,6e65e0c552039858,ok,,1521,738,0.004169,2026-04-18T18:03:09.866547
batch-20260418-1k,38c39d38-7ff8-441f-8e76-86cea1a88afb,nella-casa-di-dario,bb4b8239-e796-4a1d-9ec9-2cab47c57f6e,in-darios-house,b4314f1d483e50aa,ok,,1903,1063,0.005774,2026-04-18T18:03:16.475051
batch-20260418-1k,38c54f65-3899-4630-9bde-7976bd94810e,addio-irlandese,f256725c-5c11-4a5e-9263-a5a16a81d674,an-irish-goodbye,fc114c86a0470230,ok,,988,344,0.002166,2026-04-18T18:03:26.592751
batch-20260418-1k,38cb3f1b-e2f4-4633-af8c-48ecae62f86b,immaginate,9ee82a5a-68ef-4812-902d-1d0017e40bf6,imagine,eb8a2c8eb79ba2e3,ok,,3873,2369,0.012574,2026-04-18T18:03:30.331270
batch-20260418-1k,38cd0c13-998d-4427-a680-f10a24e3c0d5,volontariato-una-leva-per-la-vita,30158437-a2d2-4b76-a626-000ac33144c9,volunteering-a-lever-for-life,e68840c5e45e4ad4,ok,,2022,1075,0.005918,2026-04-18T18:04:05.897913
batch-20260418-1k,38f569f5-bd24-497d-89ba-91fdc2fd1c76,a-ruota-libera-recensione,1156fffa-40d1-4834-a449-936642053701,freewheeling-review,5e0aa2e7e8e7e1c4,ok,,927,305,0.001962,2026-04-18T18:04:17.162947
batch-20260418-1k,39017d9b-a267-4d03-a624-165ccb4c39a2,le-richieste-della-sorella-di-un-ragazzo-disabile-ai-suoi-amici,b4d36b62-1389-43b1-830c-7160288a9b3e,a-disabled-sisters-requests-to-her-friends,c042a73d46918046,ok,,1406,645,0.003705,2026-04-18T18:04:20.532507
batch-20260418-1k,3930b9f7-b0e1-47a7-8352-075d8b2cd347,scendere-le-scale,47569bb1-4931-4059-a855-0869704e4a7a,going-down-the-stairs,8fa52d96f0e175d2,ok,,4099,2717,0.014147,2026-04-18T18:04:25.984001
batch-20260418-1k,3949a716-1c52-48c5-96a3-53f95b6a403e,il-mio-amico-gimbo-ha-vinto-le-olimpiadi,2f96286c-d47c-456a-9a97-f6dcb335e936,my-friend-gimbo-won-the-olympics,e6479ada42367bd7,ok,,1327,627,0.00357,2026-04-18T18:05:01.480786
batch-20260418-1k,39638a78-87d7-4c19-88d6-35534393635d,come-e-andata-la-mia-gara-di-nuoto,f8b3c32d-5341-4403-8380-2641ff26d9a8,how-did-my-swimming-race-go,5975165985110dde,ok,,862,262,0.001738,2026-04-18T18:05:06.864831
batch-20260418-1k,396de8dd-347b-4667-9dbd-6a2f476f7499,quella-fredda-domenica-dinverno,c4e5164b-9e26-4368-abc4-e310966af330,that-cold-winter-sunday,9c625d722abfe94e,ok,,1333,589,0.003422,2026-04-18T18:05:10.190672
batch-20260418-1k,397b4031-60dd-4af9-ae77-3b956fc48c51,lettera-alla-tua-famiglia-recensione,7f981bee-6c91-46cb-aab3-536b8dbfb49e,letter-to-your-family-review,fd91dfafd27b768f,ok,,1797,946,0.005222,2026-04-18T18:05:15.856179
batch-20260418-1k,399eeed1-b8c0-4b5d-9ff5-aa5b838a7442,quasi-amici-recensione,97763feb-000f-4bd2-8c9d-3764d5b7a659,almost-friends-review,80f4086426caa7f4,ok,,1363,622,0.003578,2026-04-18T18:05:25.606357
batch-20260418-1k,39a81909-db3e-4fc7-9963-71acd186f2bf,luca-mio-figlio-autistico,7f1db2ff-8f00-48ac-9690-b08ca8880a4f,luca-my-autistic-son,43d70961a592ee36,ok,,1535,772,0.004316,2026-04-18T18:05:30.811430
batch-20260418-1k,39adcb3d-310c-4fe1-9503-7b520e7d4974,il-magazine-di-chi-scrive-con-gli-occhi,562bbb83-b7d4-431b-8c9a-57a7006c5502,the-magazine-of-those-who-write-with-their-eyes,d905ef5ef6cac9cc,ok,,2497,1496,0.007982,2026-04-18T18:05:36.949075
batch-20260418-1k,39b875d4-8b74-43bf-b400-51c555c5ef19,forse-per-questo-non-sono-andato-via,2fef5cef-f8d7-44d4-992f-1547ac6e5cdc,perhaps-thats-why-i-didnt-leave,28bea0a8dc52dffa,ok,,1633,819,0.004582,2026-04-18T18:05:54.752751
batch-20260418-1k,39b9230d-016a-42b7-98c8-be9c689e2f87,specchi-il-giubileo-del-mondo-del-volontariato-recensione,11d9086d-8a4e-40d7-84ae-ccd068b6def9,mirrors-the-jubilee-of-the-world-of-volunteerism-review,62fb4c216d39f672,ok,,1126,508,0.002933,2026-04-18T18:06:02.510799
batch-20260418-1k,39cc9b42-79f7-4f68-a1e4-d982cc6f200e,ombre-e-luci-n-4-1983-sfogliabile,670392ef-ada8-4123-adfd-64ea9c608190,ombre-e-luci-n-4-1983-browsable,961fe54440b9017a,ok,,590,49,0.000668,2026-04-18T18:06:06.798243
batch-20260418-1k,39e5bc8b-355d-49e0-b2a3-286413f74d1c,inizio-dellanno-della-tigre,35ac7586-7057-4898-a028-ce194581e35a,beginning-of-the-year-of-the-tiger,7f9ee39c1dd5c562,ok,,1589,765,0.004331,2026-04-18T18:06:08.442614
batch-20260418-1k,39f31310-156d-4e31-8cea-4f83b56d1bae,nonostante-il-mio-handicap,b30b999e-3e79-4160-976b-a6fe37184be2,despite-my-handicap,0d1ccb71d1410d00,ok,,1740,893,0.004964,2026-04-18T18:06:15.548612
batch-20260418-1k,39f458c2-7b7d-48a4-acff-40ad80757131,anche-io-tiro-i-rigori,bd18f952-b644-4216-bfd8-ad2b5ddb9ca6,i-also-take-penalty-kicks,2b133b105c34a07d,ok,,1487,741,0.004154,2026-04-18T18:06:23.541813
batch-20260418-1k,3a3b38e5-0436-4534-863a-9c61a2c4f9ff,texas-il-parco-divertimenti-dedicato-ai-bambini-con-disabilita,5f5ef059-55c1-4cd3-818b-717a1479ec62,texas-the-amusement-park-dedicated-to-children-with-disabilities,52705d5707a64c3f,ok,,1433,684,0.003882,2026-04-18T18:06:29.798978
batch-20260418-1k,3a49df82-5c30-4889-90bf-8cbc7a6a54c5,viviamo-una-vita-normale,967e4bde-7771-4995-b1a7-265184db2708,we-live-a-normal-life,a815b6b3ad9b707f,ok,,1711,869,0.004845,2026-04-18T18:06:34.850410
batch-20260418-1k,3a6c7b76-d999-4d2c-99ef-da06ee58e0ad,lascia-che-vada-a-vivere-fuori-di-casa,6f8d858e-d7fc-47ff-b195-0d5d3fb7a0b1,let-him-go-and-live-away-from-home,061ac69038a62d81,ok,,3550,2257,0.011868,2026-04-18T18:06:42.954621
batch-20260418-1k,3a78f241-6eb9-4df1-a719-8c116b15fd13,i-dimenticati-recensione,2b3c0304-a6d8-412c-b296-cd045e857a39,flesh-and-bone-to-ghosts,458e3e72b9f636ab,ok,,2275,1291,0.006984,2026-04-18T18:07:15.601208
batch-20260418-1k,3a978dc3-32a4-46fc-960b-40ed86d2f4a1,speranza-recensione,d1b71c9f-96a8-49f4-847e-577ba8475c0d,hope-review,0dc13d98f1d45fba,ok,,1003,369,0.002278,2026-04-18T18:07:30.588171
batch-20260418-1k,3ac19cdd-c955-4667-851e-b7d3a1a67130,piano-piano-notai-che-sergio-era-differente,893ca390-ca74-4abe-828d-69b1befd1d91,little-by-little-i-noticed-that-sergio-was-different,28a1387b0cd1062d,ok,,1273,576,0.003322,2026-04-18T18:07:34.588421
batch-20260418-1k,3ac33412-c913-4a91-bf7a-e87ca629dfe9,un-problema-che-non-so-risolvere,68011106-61d0-422f-97d5-e71cfc5a566e,a-problem-i-dont-know-how-to-solve,447a64f14f636343,ok,,1572,815,0.004518,2026-04-18T18:07:39.391162
batch-20260418-1k,3ae89194-276d-44c1-b169-3ab7b60371c9,dai-tram-notturni-alle-luci-del-palco,423cff6f-3dd4-4927-a0b8-7bb9461ebb85,from-midnight-trams-to-the-lights-of-the-stage,fc96f6839ffb44ca,ok,,1881,1017,0.005573,2026-04-18T18:07:46.627980
batch-20260418-1k,3ae8a16d-313b-40e6-bd22-d9eca65076ee,comunicazione-facilitata-sinceramente-increduli,fa8658f7-c2ea-4c39-8a94-359949c1835a,facilitated-communication-sincerely-incredulous,e043a014c419cf10,ok,,1219,550,0.003175,2026-04-18T18:07:56.824786
batch-20260418-1k,3af0d58e-46d5-4702-9303-9e060602898c,le-parole-del-corpo-tecniche-e-giochi-per-lanimazione-attraverso-il-linguaggio-corporeo-recensione,cc0de162-c098-4de9-99ea-90ffd630da7d,the-words-of-the-body-techniques-and-games-for-animation-through-body-language-review,e922c96be84029b5,ok,,927,312,0.00199,2026-04-18T18:08:01.185724
batch-20260418-1k,3b00922f-3abb-4cbf-98c8-0a6b15bb885b,risposte-concrete-per-bisogni-concreti,6f3e91de-b163-4e1a-8085-7208dbe45b6c,concrete-answers-for-concrete-needs,3d257216888f303a,ok,,2131,1239,0.006661,2026-04-18T18:08:04.268797
batch-20260418-1k,3b145860-fcc2-442a-a20b-aaf17bb0cf60,la-fede-e-un-incontro,871bcfb0-eae0-42a9-9361-4e707482914d,faith-is-an-encounter,de705b01b9f6821f,ok,,3049,1864,0.009895,2026-04-18T18:08:18.093753
batch-20260418-1k,3b1560e9-f53b-4c28-b3ad-8a6d964a579e,dialogo-aperto,4c578ff8-e89d-4436-ac68-d1050b93e922,open-dialogue,d71f81a3fcae9f9b,ok,,1888,1082,0.005838,2026-04-18T18:08:42.472368
batch-20260418-1k,3b3ed89b-8969-426b-87bb-be32039e9c7c,7-idee-sulla-sindrome-di-down,42fcae34-9c2a-489d-9b24-435acf26840e,7-ideas-about-down-syndrome,8b80e5645a0333fe,ok,,2583,1446,0.00785,2026-04-18T18:08:53.050622
batch-20260418-1k,3b66eee2-5ab5-431d-a461-40d0859e9c32,si-e-allontanato-per-la-prima-volta,12e964f2-df9d-4c5e-b99b-ad91e1db4505,he-went-away-for-the-first-time,6f97e344251e1350,ok,,1200,525,0.00306,2026-04-18T18:09:08.724100
batch-20260418-1k,3b809e42-f9b4-4424-8952-670c0ccc1f8b,i-suoi-nonni,9c588267-bb80-4fdf-b586-c30a5b2af19c,his-grandparents,1ecc531b39b6e04f,ok,,1931,1056,0.005769,2026-04-18T18:09:13.805741
batch-20260418-1k,3b867706-a0bc-498d-ad3a-303844cf0945,adesso-fa-la-quarta-sta-ancora-con-noi,5ea432e3-207b-4fa5-8503-3abb5d2fa55f,now-shes-in-fourth-grade-shes-still-with-us,b4408ba4666ba9e9,ok,,991,376,0.002297,2026-04-18T18:09:25.913204
batch-20260418-1k,3b937d8d-0682-42cd-ba0d-ff62f56efc81,che-grinta,01b17f46-43cf-4a98-9949-611980c13521,what-grit,f6adf4d35abc503a,ok,,3610,2372,0.012376,2026-04-18T18:09:29.491209
batch-20260418-1k,3b982e8e-15ac-4951-b092-3f78dc3b1138,il-bambino-con-epilessia,ff109832-7669-4efe-b027-1f0fcf53f7c0,the-child-with-epilepsy,bfce953979f8c227,ok,,1150,446,0.002704,2026-04-18T18:10:04.659118
batch-20260418-1k,3ba34750-13d9-459f-afcb-63266ea40dad,rampe-fai-da-te-il-progetto-del-diciottenne-con-una-stampante-3d,f9d0dc86-9dbe-492c-8c81-f5564a17470f,diy-ramps-an-eighteen-year-olds-project-with-a-3d-printer,99c64cdf9fedd044,ok,,2495,1484,0.007932,2026-04-18T18:10:09.257716
batch-20260418-1k,3bcba58c-c762-4c08-89de-8937fc5ac30d,casa-famiglia-sogno-realta,5390432d-4ec4-4535-a611-1a25a4186703,family-home-dream-or-reality,2c126f045d4d2a1a,ok,,1947,1062,0.005806,2026-04-18T18:10:25.722219
batch-20260418-1k,3bf83a2a-f06d-4954-a571-cc7149691516,basterebbe-un-po-di-coerenza,d92b1ab1-0c29-4a6a-97a7-07f5d9d687cb,a-brief-history-of-my-pregnancy,de79e5c639c6f4c6,ok,,1659,797,0.004515,2026-04-18T18:10:36.955944
batch-20260418-1k,3bfea4de-5ac1-447c-b145-dd7c19edc9c7,paralimpiadi-antonietta,8b56b448-04ff-44af-9ff2-108b5d7f65b3,dreaming-of-the-paralympics,df628d6827a168d4,ok,,1773,939,0.005174,2026-04-18T18:10:43.942203
batch-20260418-1k,3c009fa1-9ea6-4858-bab2-2d828aca2d35,inno-alla-vita-di-una-handicappata,2b323928-46c4-4a00-a461-fd31e84fc25c,hymn-to-life-of-a-handicapped-woman,7b75f4dad8f6fe8c,ok,,1293,618,0.003506,2026-04-18T18:10:52.572858
batch-20260418-1k,3c1b7ef5-6b23-48e4-abe8-4f0d785fb4da,piccoli-in-carcere-associazione-a-roma-insieme,babf2c10-6fce-4b7a-8432-ece0782acaa0,children-in-prison-a-roma-insieme-association,2b6fd0a913ae45d4,ok,,2057,1165,0.006306,2026-04-18T18:10:57.491950
batch-20260418-1k,3c1e3e7b-392d-4e61-8617-8f13a0477254,curva-sud,142d56b5-3bc0-402f-94b2-ca365af88fe0,in-the-south-curve,4f341148627d4ff3,ok,,1373,617,0.003566,2026-04-18T18:11:10.343174
batch-20260418-1k,3c5de293-e686-468e-806a-1db7673e3b20,sono-anche-figli-di-tutti,d16e74ac-b4d5-4e51-9da0-b8f272a7a2ba,they-are-also-children-of-all-of-us,2296bc51b230147c,ok,,1223,543,0.00315,2026-04-18T18:11:15.913604
batch-20260418-1k,3c61e89f-0135-44d4-8400-370e802ecaee,rimpadronirsi-del-proprio-corpo,34a78d66-3baf-4828-9ab1-bda18ebb1832,reclaiming-ones-own-body,79f25539823f2fc6,ok,,1322,640,0.003618,2026-04-18T18:11:20.880066
batch-20260418-1k,3c82ba34-de7a-4f04-9b19-8d7626ebc408,lavagna-inaugura-la-spiaggia-accessibile-alle-persone-con-disabilita,5eddfde4-c1aa-4a2f-ab81-5910d0539571,lavagna-inaugurates-beach-accessible-to-people-with-disabilities,eecbdbcf396f1e7c,ok,,1184,476,0.002851,2026-04-18T18:11:26.677991
batch-20260418-1k,3c9b3fc4-4199-4702-9273-3786655088aa,la-paura-di-amare-la-persona-handicappata-nella-societa,998323e9-a069-4229-879f-f2a2e5a7dc7a,the-fear-of-loving-the-handicapped-person-in-society,8494109ae3111357,ok,,1268,579,0.00333,2026-04-18T18:11:31.088484
batch-20260418-1k,3cabe1a9-ef53-4dc8-a32f-6cebef4fd0ff,diversi,b6ccdbd6-f491-4ded-9d09-a0050837925f,different,dbddaa664d7958a9,ok,,2429,1522,0.008031,2026-04-18T18:11:35.569791
batch-20260418-1k,3cb2b32e-079b-4323-9e8b-85b1d8998e95,che-gran-caos-coronavirs-persone-disabilita,a31721a5-a415-4c28-a443-f1d1d6d6f1e0,what-a-mess-coronavirus-in-the-lives-of-people-with-disabilities,3031a1a55f8eef9a,ok,,1484,675,0.003887,2026-04-18T18:11:52.995575
batch-20260418-1k,3cbd14ee-4d96-46c7-9e71-a513512ce370,mamma-non-siamo-soli,26238832-9c79-49e2-beb2-7cbd60763d63,mom-we-are-not-alone,95feb7130edd126e,ok,,1452,693,0.003934,2026-04-18T18:11:59.090789
batch-20260418-1k,3cc4c476-5b63-4165-b8f8-e79f91ec796c,i-bambini-autistici-una-guida-per-genitori-recensione,f5140f92-131c-4767-b611-80fcb3b4e2da,autistic-children-a-guide-for-parents-review,74eb9184b5f3237f,ok,,1239,516,0.003055,2026-04-18T18:12:04.466313
batch-20260418-1k,3ccd1577-de27-41cc-9b4f-1f2d9216f391,lo-straordinario-viaggio-di-nujeen-recensione,a84112f5-1488-4783-9dbf-cea7a66104af,the-extraordinary-journey-of-nujeen-review,e317ae0b2ece91cb,ok,,994,360,0.002235,2026-04-18T18:12:08.329929
batch-20260418-1k,3ce06f5d-5d82-4951-85b5-6d4e2607bca5,qui-e-ora,5bbc8fa0-5f22-4438-8f6f-2a54e86ee5bb,here-and-now,3a06b3ac92d8cc86,ok,,2731,1681,0.008909,2026-04-18T18:12:11.856892
batch-20260418-1k,3ce8dd66-d275-4285-8afa-eb1218f829f9,2-pellegrini-in-comunita,cda31914-faa5-4a63-8a08-9c2ee05434f0,2-pilgrims-in-community,c6a13e1a9a2a9f98,ok,,1749,930,0.005119,2026-04-18T18:12:32.537686
batch-20260418-1k,3cfd8961-a2d6-4f1d-9e8c-ae0b18970ca8,viviana,,viviana,0004b188059c5fa2,error,HTTP Error 400: Bad Request,2271,1316,0.007081,2026-04-18T18:12:40.373266
batch-20260418-1k,3d049208-ace5-42a7-8072-d7506f53a274,cammino-di-trasformazione,48818123-b391-4dc9-b835-46821a65c875,a-journey-of-transformation,499bd74647d30dd6,ok,,1309,560,0.003287,2026-04-18T18:12:57.481882
batch-20260418-1k,3d0da325-ed2a-4b29-8bce-a9d87e790f5b,auguri-scomodi-per-il-nuovo-anno,f0fb1288-e380-4a2a-982c-aa99ad801d53,uncomfortable-wishes-for-the-new-year,a2237d3871fad307,ok,,1668,876,0.004838,2026-04-18T18:13:02.210463
batch-20260418-1k,3d17ca5a-64bd-4832-a09b-fc9397992dae,bancomat-arrivano-le-audioguide-per-non-vedenti,b96a5824-2a3a-4f05-be62-265d5bdcde5b,atms-audio-guides-arrive-for-the-blind,bab548f1c3533fe9,ok,,1452,671,0.003846,2026-04-18T18:13:10.209258
batch-20260418-1k,3d2302ae-9c44-4a09-803b-323e3a7ceb00,disturbi-dellapprendimento-etichettato-idiota,89b1fb1c-5008-432b-bca5-950c0cec33b8,learning-disorders-labeled-idiot,c5dfc8a5c9182eb0,ok,,1303,590,0.003402,2026-04-18T18:13:16.486372
batch-20260418-1k,3d31a78b-1e99-4606-86ef-0628cdc00c70,dialogo-aperto-n-147,c8216676-e9d9-4412-a6e2-f70a6d914c38,open-dialogue-n-147,1965f3fef673d598,ok,,2281,1320,0.007105,2026-04-18T18:13:21.208414
batch-20260418-1k,3d389f2e-438f-4980-a44f-9d5c68aff96d,con-la-vostra-collaborazione,2f4a2408-5045-4637-933f-fe2241ba44db,with-your-collaboration,5c97fd14c7365f79,ok,,1500,672,0.003888,2026-04-18T18:13:37.665492
batch-20260418-1k,3d8f26df-4008-44d0-a697-a9e921410a38,biglietti-e-disegni,f08e6015-57dc-4606-b2f9-d2536762321b,tickets-and-drawings,2515263889e94fa9,ok,,1386,666,0.003773,2026-04-18T18:13:43.324498
batch-20260418-1k,3d96eace-de62-4658-8fcd-0f4cd5f24c43,in-ricordo-di-aldo,e5d48743-d6af-451e-8023-ee19258d1c93,in-memory-of-aldo,727c6f82a2e5de31,ok,,1323,619,0.003534,2026-04-18T18:13:48.563559
batch-20260418-1k,3daac74b-86a9-48aa-a0f1-997e4e9ac5b9,quando-ci-guardagno-gli-altri,47949552-8aa2-46be-8c4f-03c8a1ad8122,when-others-look-at-us,bf9b5ca5f2f331a3,ok,,1400,654,0.003736,2026-04-18T18:13:53.580046
batch-20260418-1k,3dca4e84-4431-450f-8f64-8b5e6d386372,tre-giorni-ad-assisi,116ec65d-5136-4dc8-a09d-28c333835527,three-days-in-assisi,ef8e7130d9bf34d4,ok,,2640,1604,0.008528,2026-04-18T18:14:00.132736
batch-20260418-1k,3dcefe61-f53e-4eab-96d8-b0914941afec,atipici-newsletter-n-34,30e4351d-b8bf-4c74-9e00-02ba8442444c,atypical-newsletter-n-34,3572a7b90caf3a5e,ok,,1668,995,0.005314,2026-04-18T18:14:18.141716
batch-20260418-1k,3dec1ed1-b0d9-46d6-a04b-34b83b44316d,il-futuro-di-insieme-una-catena-che-diventa-sempre-piu-grande,1431d24b-8f64-4e47-bd45-7ad900b9c2af,the-future-of-insieme-a-chain-that-grows-ever-larger,6cca3ed8e02b6cce,ok,,1259,585,0.003347,2026-04-18T18:14:25.048071
batch-20260418-1k,3e1037e7-effc-4db3-a259-c66279f0d764,pregando-su-una-sedia-imponente-e-semplice,e1db77d8-4090-4ed5-baa7-319517a70fcf,praying-on-an-imposing-and-simple-chair,a538e9f186ce979f,ok,,1777,962,0.00527,2026-04-18T18:14:29.766258
batch-20260418-1k,3e12e858-18d9-40b4-ba42-b48d32b93ba3,lettera-di-jean-n-126,4cf83ed7-9025-4908-9081-e64d61c76b2b,letter-from-jean-n126,d92b9c4ea54e1c11,ok,,2127,1159,0.006338,2026-04-18T18:14:38.943538
batch-20260418-1k,3e2cd66e-8250-42c2-a268-ca7d4f686151,il-mio-primo-giro-in-bici,67451940-800d-403a-b127-597eb2c40aa9,my-first-bike-ride,2d02a1dd2f8807a1,ok,,1040,408,0.002464,2026-04-18T18:14:50.969888
batch-20260418-1k,3e3d6be3-fe28-4ec5-809f-fca32a301152,vita-riflessioni-sulla-cultura-dellhandicap,69e27161-f332-4d6d-9216-ddf8dfeb44d0,life-reflections-on-the-culture-of-handicap,c82629373afcd9f3,ok,,1291,591,0.003397,2026-04-18T18:14:54.699440
batch-20260418-1k,3e3fb6d2-603f-4582-8214-47c41f4e86f6,cinque-pani-e-due-pesci,f8a20bd5-0d60-4fb5-9e6f-505097dd1675,five-loaves-and-two-fish,a2fbad7e33c55070,ok,,1444,675,0.003855,2026-04-18T18:14:59.552943
batch-20260418-1k,3e70e96b-bf67-43bc-964d-33e7586a08a7,editoriale-lettera-aperta-agli-amici-di-fede-e-luce,987f3d9a-45f4-468d-908e-09d99f12ca00,editorial-open-letter-to-the-friends-of-fede-e-luce,bf32bfa8ff3064d3,ok,,1318,605,0.003474,2026-04-18T18:15:05.381025
batch-20260418-1k,3e7bb3ec-9651-4b09-89e1-225f00ca995c,nonostante-alcune-delusioni,fdf91fba-737c-463d-b13c-34b9fc605de7,despite-some-disappointments,4161cf228013f407,ok,,1098,424,0.002574,2026-04-18T18:15:10.555787
batch-20260418-1k,3e8b69c1-52f6-4f7b-bf0e-ebd8b0a72739,elogio-alla-bruttezza-recensione,1abeff17-2bee-47e6-92b1-0319f84bc352,in-praise-of-ugliness-review,a3353749386ae07b,ok,,951,313,0.002013,2026-04-18T18:15:14.505551
batch-20260418-1k,3ea5fccb-3e15-4a01-8056-11dbaf9f1028,cinema-e-disabilita-3-film-secondo-alessandro-de-simone,979803ce-1d14-4ccf-a633-04ba49470d61,cinema-and-disability-3-films-according-to-alessandro-de-simone,cd3312cf0ed76d95,ok,,729,162,0.001231,2026-04-18T18:15:17.877209
batch-20260418-1k,3ea73d12-e385-4184-9609-2bd5425eadad,avete-mai-provato,89ab77ab-7687-4097-b9db-6a0b322570c2,have-you-ever-tried,16cc46d0d9c181ae,ok,,1488,720,0.00407,2026-04-18T18:15:20.236838
batch-20260418-1k,3ea8054e-1da1-4bdc-94f3-5eedeb8715b8,ora-sappiamo-un-senso,cd3b157a-9003-44f8-b13f-716998392493,now-we-know-that-everything-has-meaning,84b940ae92318307,ok,,3499,2138,0.011351,2026-04-18T18:15:25.659433
batch-20260418-1k,3eb53437-b2d7-4cb3-b1b1-084aadcb2781,dialogo-aperto-n-79,8baba4c9-d306-44f8-a4e8-42b7f7216571,open-dialogue-no-79,0077a88e9c0b58d0,ok,,3105,1859,0.00992,2026-04-18T18:15:56.021364
batch-20260418-1k,3eca8a1c-b8c0-428e-9ad5-d9ebb716c6e2,ci-hanno-scritto-n-21,e4bf6731-4efd-4457-8d10-47414f044f09,they-have-written-to-us-no-21,872d017f1fa69a17,ok,,1180,514,0.003,2026-04-18T18:16:22.684176
batch-20260418-1k,3ecc9a3b-d2f9-4cdb-bfb8-dba59efd1a99,le-mollette-di-roberto,e965c028-f86a-42d9-953e-13fad4f2d168,robertos-clothespins,e1a629835c077b60,ok,,1672,915,0.004998,2026-04-18T18:16:27.126566
batch-20260418-1k,3ecdd045-c5a3-4d5b-bdfd-5c913a9089d5,una-settimana-da-dio-senza-nulla-togliere-al-film,1f14950b-2b37-4878-814f-2ab7e2994157,a-week-from-god-without-taking-anything-away-from-the-film,bd4dfa11b9c58f43,ok,,1470,725,0.004076,2026-04-18T18:16:35.873767
batch-20260418-1k,3ef0bcb8-fe83-4ea4-871f-f8192543dcd8,dedicato-a-don-francesco-trenta-anni-pieni-damore,c85db5c5-c26a-4cc4-99f9-8e52a0150106,dedicated-to-don-francesco-thirty-years-full-of-love,cf24caa0a6390187,ok,,1364,638,0.003643,2026-04-18T18:16:41.925274
batch-20260418-1k,3f0e3011-d2dc-4e4b-9ada-684fb916ca5b,ci-hanno-scritto-n-22,a0fb4b7e-19bb-4e83-bed0-4829ded9faf2,they-have-written-to-us-no-22,b222d1dd05c0d079,ok,,4271,2882,0.014945,2026-04-18T18:16:47.647769
batch-20260418-1k,3f1772ed-7815-49b4-8c13-b020a8220c22,una-nuova-speranza,6dc2164c-abd7-4ef1-b77c-8c0af3f6e0ab,a-new-hope,d95ec88f494d2dd0,ok,,1315,601,0.003456,2026-04-18T18:17:28.844534
batch-20260418-1k,3f181ef3-81da-4fb5-bb3e-95187091b800,grazie-mariangela,78df4a06-f1ed-471d-b2bb-db5a69d5c460,thank-you-mariangela,9b238ac8dc1fa636,ok,,1426,668,0.003813,2026-04-18T18:17:33.945029
batch-20260418-1k,3f21f890-3427-41a9-970a-70b35276044f,quando-la-crisi-insegna-a-vivere-esperienza-positiva-del-dolore,336d9c52-61fc-47ed-9fb8-eda833c1a5fb,when-crisis-teaches-how-to-live-positive-experience-of-suffering,8a91206b92f2775b,ok,,2012,1118,0.006082,2026-04-18T18:17:39.852630
batch-20260418-1k,3f4461c7-554b-4deb-9696-8cf1054d42ae,il-vangelo-mimato-per-costruire-ponti,bdcd3321-9e3f-463a-b614-1e1996e9de86,the-gospel-mimed-to-build-bridges,01b9b64de49eb6e1,ok,,2535,1495,0.008008,2026-04-18T18:17:51.354865
batch-20260418-1k,3f45bbb3-ffce-4fce-b757-0ddb62c1fe19,una-festa-bellissima-ma-non-perfetta,8b088420-1f04-49c4-9e58-21d94898a435,a-very-beautiful-but-not-perfect-celebration,1e727eb6aeb09beb,ok,,1428,670,0.003822,2026-04-18T18:18:10.099662
batch-20260418-1k,3f499724-1c78-4c30-bc97-6bea717e1ffe,nella-stessa-barca-quando-lhandicap-mentale-entra-in-famiglia-recensione-libro,c5e4e392-ed0b-4be4-8890-55d623eaf216,in-the-same-boat-when-mental-handicap-enters-the-family-book-review,bf8b08368d66ccb5,ok,,1529,777,0.004331,2026-04-18T18:18:15.810585
batch-20260418-1k,3f558e79-bc85-4891-ac0d-5aef99cae596,pagine-bianche,ae8fb9d4-bbff-45d5-b683-986fe47165e6,blank-pages,04714c17624d688a,ok,,1339,622,0.003559,2026-04-18T18:18:21.690345
batch-20260418-1k,3f619bbc-5a8e-4db3-8914-b8847b9f38ab,matrimoni-straordinari-il-docureality-in-cui-lamore-supera-i-limiti,bab4211b-b14d-48eb-b66d-01956a6fa8a9,extraordinary-weddings-the-docureality-in-which-love-overcomes-limits,53a91d0c8dfe86c3,ok,,1305,608,0.003476,2026-04-18T18:18:27.590107
batch-20260418-1k,3f6ab185-308c-46a2-9fc2-f84bbe3fec8b,marco-e-daniela,9d1e16e0-d1f8-4bb6-8440-d84f61e20485,marco-and-daniela,5e3c51ab202f4c62,ok,,1438,688,0.003902,2026-04-18T18:18:32.273082
batch-20260418-1k,3f7eaabf-d200-48a3-b11f-b32322b1ef75,37-seconds-recensione,a127b75f-aa1e-4b5c-99b2-ec536d2a447e,reclaiming-ones-own-signature,038fd6d1df633df1,ok,,1145,486,0.00286,2026-04-18T18:18:38.150079
batch-20260418-1k,3f9c3fc4-7043-4139-bd5b-53cdd6a717e6,alfabeto-che-manca,7eb125f8-917f-4567-b7b9-c354595d32be,the-alphabet-that-is-missing,6d44a337343e984a,ok,,1822,964,0.005314,2026-04-18T18:18:42.709727
batch-20260418-1k,3fbaaa30-c4de-481f-aed1-bb4d79b173eb,associazione-il-cantiere,029efc35-d665-41b2-9478-a5f403bb58ae,association-il-cantiere,8b7c5364bd79ec89,ok,,2061,1155,0.006269,2026-04-18T18:18:52.536675
batch-20260418-1k,3fbe6612-3560-46d5-a1f9-0a7750c7efe0,allalveare-si-scopre-lamerica-e-il-teatro,1a225e87-2647-4fbe-82f4-d1e69a69bfed,at-the-hive-they-discover-america-and-theater,35ee6a2d7c14e9b2,ok,,2424,1390,0.007499,2026-04-18T18:19:04.658938
batch-20260418-1k,3fec7ef2-49ef-4b1e-889d-e57eb7e96d74,villa-olmo-abitando-insieme-sette-ragazze-suora,4be4964f-2dfa-4007-ae25-f14191ef4a9f,at-villa-olmo-live-seven-girls-and-a-nun,9723d74b61201ebf,ok,,2484,1461,0.007831,2026-04-18T18:19:19.955261
batch-20260418-1k,4013c2e6-0edf-4298-87f6-e2e4250c93e1,ai-genitori-e-agli-amici,f70bb04b-5ba7-41df-8f6a-5ad4f062f8ee,to-parents-and-friends,cc8f6a8915294b16,ok,,2076,1098,0.006053,2026-04-18T18:19:38.264404
batch-20260418-1k,4034ab6c-dd36-4e13-bc84-a6d83872c2a1,grazie-ingrid-non-ti-dimenticheremo,b6cfc3df-1fa3-46bb-886e-1b1400434bc9,thank-you-ingrid-we-will-not-forget-you,e978f4601b897754,ok,,1806,1038,0.005597,2026-04-18T18:19:50.977187
batch-20260418-1k,40378063-f830-4cf3-9d2f-feb410457a33,zavorre-prescelti,98ef740f-05f7-4954-80f2-84e9e3ae0c1f,burdens-and-the-chosen,897264c0bb206772,ok,,1908,1052,0.005734,2026-04-18T18:19:59.176658
batch-20260418-1k,40506837-10f6-4a5b-b8e8-c0427c455376,ce-un-problema-col-tuo-bambino,a4fa55f8-e584-46a2-b21c-5a66cff06e79,is-there-a-problem-with-your-child,9e5b97f7010fcd79,ok,,2945,1813,0.009608,2026-04-18T18:20:08.884639
batch-20260418-1k,40529be7-6b5a-4222-8ea4-1cc8d00fc6dc,rispondo-ai-commenti,6d405763-58fc-4f9d-902f-d88a8b37c841,responding-to-your-comments,de17c733a9e2484c,ok,,836,235,0.001609,2026-04-18T18:20:28.840387
batch-20260418-1k,40579869-56c2-4cd7-9099-1555dd007717,non-una-santa,9179a19a-d177-415b-8e3d-697320f00c02,not-a-saint,3834187d437d3251,ok,,2641,1527,0.008221,2026-04-18T18:20:31.877120
batch-20260418-1k,4067dc89-6ce7-4fe8-9cc5-f8ed382b7e82,dal-gatto-sulla-cattedra-ai-monti-di-goethe,538326d5-af12-406f-853b-47f6347e8cc4,from-the-cat-on-the-teachers-desk-to-goethes-mountains,b3762e48a9863fb1,ok,,2225,1258,0.006812,2026-04-18T18:20:50.370877
batch-20260418-1k,4069ac14-f5b7-4913-b70e-7e20c4874315,esempi-di-comunita-alloggio-5-comunita,ce7b7a65-f85d-46c1-a9c0-d527c58f282d,examples-of-community-housing-5-communities,632801ce0e29e3cb,ok,,3703,2499,0.012958,2026-04-18T18:21:05.619152
batch-20260418-1k,406aa630-fda9-4847-a83b-812c92e31e16,festa-al-quirinale,fc3ab90d-2abb-4bbe-8c3c-866bcb50aa3f,celebration-at-the-quirinal,8666cfe2d3dc64a1,ok,,2327,1360,0.007302,2026-04-18T18:21:36.194509
batch-20260418-1k,40702464-584d-4f84-a859-aa846c81a514,berlinale-74-orso-doro,1e8f5c0b-49bf-4cf5-b036-acc4326742ed,dialogue-and-controversies-the-golden-bear-and-other-films-to-see-at-berlinale-74,dc97f330f503a396,ok,,2760,1744,0.009184,2026-04-18T18:21:50.710531
batch-20260418-1k,4097dbbb-04b2-47e5-bdf5-bf0752b65fc3,batteria-scarica,6d9ebf64-4375-4a03-84ef-83d2a2965185,dead-battery,42b32d3f24fa3752,ok,,1779,939,0.005179,2026-04-18T18:22:11.379550
batch-20260418-1k,40c80f15-a476-4e75-973e-0ad4b7d81134,jean-vanier-compie-90-anni,38fe12a1-c1ba-4c64-bdce-716485525e87,jean-vanier-turns-90,8c61b02f13c8cdec,ok,,1125,452,0.002708,2026-04-18T18:22:25.928122
batch-20260418-1k,40ec791c-2563-4eb8-91a4-2ffb0592e8d8,una-notte-ho-sognato-che-parlavi-recensione,60f22404-5cc0-4af4-b484-8cf4d81de228,one-night-i-dreamed-you-spoke-review,fda37cabee429b15,ok,,982,346,0.00217,2026-04-18T18:22:30.459635
batch-20260418-1k,40fb524a-c3a0-4058-a8d4-916bed24ff6d,andiamo-alla-casetta,4cca003a-757a-438c-967a-ff76ae8de815,lets-go-to-the-casetta,94f7c613670e7516,ok,,1139,498,0.002903,2026-04-18T18:22:33.745381
batch-20260418-1k,41029f59-38b8-45e2-88a9-5bf8621675b2,effata-apriti,5350625e-3468-4286-95cb-2db66de32815,effata-open-up,46a1c33dc6f92366,ok,,1086,433,0.002601,2026-04-18T18:22:38.752541
batch-20260418-1k,4102a534-475c-4280-9506-88bed5cd3791,se-un-pomeriggio-dura-quarantanni,04dadd55-fd29-482a-9c41-93fb092c407d,if-an-afternoon-lasts-forty-years,2eeab23b371f428d,ok,,1841,999,0.005469,2026-04-18T18:22:42.878518
batch-20260418-1k,412b81ca-d67d-443e-8239-3ae01aa26eed,ci-hanno-scritto-insieme-n-23,369230eb-cbef-45e7-9969-9f1b82cb080e,they-have-written-to-us-insieme-n23,7778121516f96382,ok,,1803,941,0.005206,2026-04-18T18:22:52.768691
batch-20260418-1k,412dc6c7-8491-4060-8b3e-672ed3aa13ca,inclusione-solidarieta-ordinaria,166fea24-f0da-43cd-93dd-b2683a8cc6bd,inclusion-ordinary-solidarity,15b898538ca24448,ok,,1239,523,0.003083,2026-04-18T18:23:01.326454
batch-20260418-1k,412ff9b4-cd6b-4424-900d-70e7f33ad217,qual-e-il-tuo-figlio-preferito,4b3281c1-6a56-40c0-86d1-b29719a1df88,which-is-your-favourite-son,c25be5e3e83f0077,ok,,579,34,0.000599,2026-04-18T18:23:05.819561
batch-20260418-1k,414f49c5-eb9f-494a-b01d-7716268ecdde,un-aiuto-per-il-pellegrinaggio-di-lourdes-1981-chi-puo-darci-una-mano,89e59104-0240-404d-8b83-368a01412cf6,help-for-the-lourdes-pilgrimage-1981-who-can-lend-us-a-hand,efa3d195e2412be7,ok,,1196,519,0.003033,2026-04-18T18:23:08.442738
batch-20260418-1k,41829b7e-3bb4-492b-977d-6efa5f19154b,il-manuale-della-buona-educazione-recensione,a5d0c8c2-2457-4b5a-b317-aceedfb28aba,the-manual-of-good-manners-review,92e01e3104c6d942,ok,,1240,561,0.003236,2026-04-18T18:23:13.233457
batch-20260418-1k,4196d72a-7048-4964-a051-6a81ba66becd,finalmente-sei-arrivata,51a2dd26-33ab-4875-b288-3d77bc8e6408,youve-finally-arrived,b5c5c305db2c53ab,ok,,1862,987,0.005438,2026-04-18T18:23:18.298598
batch-20260418-1k,41a3964a-c7ba-45ed-bae1-07726eb7d4dc,il-regalo-piu-bello,eb3d6cd8-83d6-48c6-a850-c88bb6fe4c1f,the-most-beautiful-gift,07b478b00f2d5457,ok,,1525,762,0.004268,2026-04-18T18:23:29.707284
batch-20260418-1k,41d07af8-2fed-4003-8b4f-ce439c6e0784,una-specie-di-scintilla-recensione,cab246b0-d1f3-4bb1-a150-e2dcc350abce,a-spark-of-a-kind-by-elle-mcnicoll-review,d024415df67e0013,ok,,1762,933,0.005142,2026-04-18T18:23:36.116995
batch-20260418-1k,41e78fec-bcaf-44e6-9cf7-a9bdd88838bf,vita-cristiana-e-disabilita,5c07ec4d-8817-4547-ad2b-563243345425,christian-life-and-disability,a829eec86d052991,ok,,6619,5175,0.025995,2026-04-18T18:23:45.765796
batch-20260418-1k,41e7fc08-84e3-42b4-a896-a4868e797807,dossier-rifugiati,85288121-1bac-48e8-bf97-0549b6a61cf3,dossier-refugees,fff9bb692534f21f,ok,,1270,570,0.003296,2026-04-18T18:24:43.460132
batch-20260418-1k,421dd9be-69f4-4e23-870f-09ce4285baaa,quando-vostro-nipote-vi-viene-affidato,b13ece7a-838c-4b85-9c11-6e3b68a8725b,when-your-grandchild-is-entrusted-to-you,ac94e63e1101061e,ok,,1426,611,0.003585,2026-04-18T18:24:48.703954
batch-20260418-1k,42282325-2d4c-4876-899b-7f9aed44c2a3,perche-tutti-comprendano,c340ac34-66d3-492c-b649-2fddb7b11eea,so-that-all-may-understand,fda646b2df914439,ok,,1904,1054,0.005739,2026-04-18T18:24:53.439213
batch-20260418-1k,424a88e9-37ef-46d6-8cf3-074252ea60a0,il-chicco-una-casa-per-fabio-e-maria,f1305a73-3cd3-47f1-9bec-3e03343284b4,the-chicco-a-home-for-fabio-and-maria,7296869fffb711a6,ok,,2804,1714,0.009099,2026-04-18T18:25:04.879618
batch-20260418-1k,424d76cd-63a0-47f5-b4ee-bc4f506f5ecf,allamicizia-ci-credo,2c2d1455-685c-436c-8797-602bcd8a2e2e,i-believe-in-friendship,59fa1e4a36f11874,ok,,1578,825,0.004562,2026-04-18T18:25:24.675547
batch-20260418-1k,4274f5da-4b6d-438d-83a3-295ff1dbe890,persone-prima-che-disabili-una-riflessione-sullhandicap-tra-giustizia-ed-etica-recensione,0a7cc898-3b42-4ee7-828c-c69721f22cb3,people-before-disability-a-reflection-on-handicap-between-justice-and-ethics-review,470a2054857e2c08,ok,,988,358,0.002222,2026-04-18T18:25:31.577145
batch-20260418-1k,42870a6e-e9fa-4490-bc43-d8650a955fa6,ausmerzen-vite-indegne-di-essere-vissute,27e5c205-64db-464d-8497-692d89a7e5e7,ausmerzen-lives-unworthy-of-being-lived,a403f092cbe167b1,ok,,2650,1714,0.008976,2026-04-18T18:25:35.425489
batch-20260418-1k,42b1204b-f9c0-4618-aa7b-471254dd177e,una-messa-poco-dignitosa,762553af-3a03-4bb3-acf6-9b198c5a817b,a-mass-lacking-in-dignity,29c2670407be1094,ok,,2072,1159,0.006294,2026-04-18T18:25:54.621068
batch-20260418-1k,43016c19-c1ea-4d3e-bd36-b6419e2bb4b5,campeggio-fede-e-luce-unavventura-di-vita-e-comunita,dfaba187-8f3f-4f96-9c8a-5e20d02ce2fd,fede-e-luce-camp-an-adventure-of-life-and-community,5ba26b9921163f4e,ok,,1686,829,0.004665,2026-04-18T18:26:06.665557
batch-20260418-1k,431b0e6b-8df3-42c9-a5e1-74a9d786d82c,il-chiosco-recensione,c72463db-7dd9-4f5d-9d9b-c25cdc0c6637,how-olga-overturns-her-story,7f1926c4c5560d3a,ok,,1581,890,0.004825,2026-04-18T18:26:14.953857
batch-20260418-1k,431e4c66-c322-42d6-a667-7a72e6c8b3db,la-freccia-di-viale-marconi,e79eea99-03d2-404f-a33a-a4d6890bab5e,the-arrow-of-viale-marconi,0795c5d89ce57bda,ok,,1418,688,0.003886,2026-04-18T18:26:21.322058
batch-20260418-1k,4325a016-3e74-466a-b36d-ff40970e839c,avvicinare-i-genitori-di-ragazzi-con-disabiltia,6e7b73b1-8103-4d49-9b89-da49f9ba191b,drawing-near-to-parents-of-young-people-with-disabilities,4dd11d0fb46d5199,ok,,1768,918,0.005086,2026-04-18T18:26:27.198756
batch-20260418-1k,432f2ef3-f6f3-4580-b4b2-6b3e9e8214dc,perche-non-lo-portate-a-lourdes-recensione,53aa65df-5d1d-438b-b95d-531a12b8e292,why-dont-you-take-him-to-lourdes-review,38e49debc77bfd79,ok,,939,329,0.002067,2026-04-18T18:26:36.380172
batch-20260418-1k,4332a6bf-8b0e-4ddb-b083-c68021acc6c3,cose-un-sacramento-cose-leucaristia-cose-la-confessione,44eb2425-2d87-47eb-9c64-1eba8c0fb827,what-is-a-sacrament-what-is-the-eucharist-what-is-confession,11a5708f9b2b00ca,ok,,2275,1361,0.007264,2026-04-18T18:26:39.833394
batch-20260418-1k,433c8cb1-f588-421f-90d7-a985542ae97d,dialogo-aperto-n-154,5e81ea1e-78f3-4dd8-b032-4014008c00ab,open-dialogue-n-154,50e97c19fc3e223f,ok,,1527,800,0.004422,2026-04-18T18:26:52.978928
batch-20260418-1k,43462ab6-8921-424f-af16-84c16a02656a,un-sacco-di-felicita,0947125c-e23f-4804-9dc7-61cecd2a9cb5,a-heap-of-happiness,3ad6ba22d0a3eb13,ok,,2102,1170,0.006362,2026-04-18T18:26:59.661937
batch-20260418-1k,4353e41e-8fea-475a-bd69-fb53ff9faa1c,fede-e-luce-in-armenia-iran,1f02882b-3c8f-430c-9d03-851fe9d8f0a0,faith-and-light-in-armenia-and-iran,cc3dd54c9740e75b,ok,,1922,1002,0.005546,2026-04-18T18:27:11.932491
batch-20260418-1k,43763759-dca2-4bcf-9c35-b7c2f338c6c9,la-mia-esperienza-con-il-taxi-sociale-a-roma,7509694e-cd1c-4866-b2d1-1d9f4d93e3ef,my-experience-with-the-social-taxi-in-rome,3b685a7d42024656,ok,,2107,1233,0.006618,2026-04-18T18:27:21.803280
batch-20260418-1k,437b17b5-3670-4434-bbfa-fa769802752c,cinema-e-disabilita-i-3-film-di-giorgia-sdei,0426299e-7f22-42db-b516-67884004d38a,cinema-and-disability-giorgia-sdeis-3-films,dcbd6ee43de1ce11,ok,,679,106,0.000967,2026-04-18T18:27:35.398190
batch-20260418-1k,437b29ba-62d9-47c3-b469-7567c3c48075,ombre-e-luci-n-3-1983-sfogliabile,4be17e0a-1ff9-4e01-b646-2cc7ad5cb3e2,ombre-e-luci-no-3-1983-viewable,112ec881dd9c2b16,ok,,590,49,0.000668,2026-04-18T18:27:37.388956
batch-20260418-1k,43a383cc-1e0a-4887-a856-1df0b91ec653,un-uovo-due-uova,25f4ea9f-b52b-404e-90fd-08243c43151d,one-egg-two-eggs,1462e61fb5cda32f,ok,,3884,2476,0.013011,2026-04-18T18:27:39.092143
batch-20260418-1k,43b2a79b-02ac-4ae2-9596-deb74fc20722,un-dialogo-aperto-molto-speciale,3ae5644e-e488-443f-ac1d-7f51e34e5cb4,a-very-special-open-dialogue,7a3b6f916347a032,ok,,886,292,0.001877,2026-04-18T18:28:14.744156
batch-20260418-1k,43c3488f-3372-4f85-909f-8ef56fc7b581,grazie-madre-pantanella,db45616f-133c-490b-8a46-d972b4b8e351,thank-you-mother-pantanella,9da2e01acbcea631,ok,,1244,570,0.003275,2026-04-18T18:28:17.984108
batch-20260418-1k,43cfad63-7ce0-4daa-82dd-9c39b08a5173,preghiera-per-i-bambini,8af26d2b-8ef8-4475-8113-3dcaa4dc718a,a-prayer-for-children,47020e799b2e34a2,ok,,1585,796,0.004452,2026-04-18T18:28:23.330623
batch-20260418-1k,43df9710-5887-437e-aebc-c82b5e7d7b6d,carugate-a-catechismo-con-gli-amici-disabili,77fbc533-ec09-412c-abcb-6cc3d7299168,carugate-catechism-with-disabled-friends,d525a6c19f014498,ok,,1739,891,0.004955,2026-04-18T18:28:29.587047
batch-20260418-1k,43eebabc-c6fd-41c6-ad52-c67bae22906a,dalle-province-n-143,6215ba0b-8fe5-4c1f-8a75-148b46b64795,from-the-provinces-no-143,debce6a9c0e4a3ee,ok,,2005,1145,0.006184,2026-04-18T18:28:37.433412
batch-20260418-1k,4415980f-ec72-4817-b293-c6a8ccbd6dc1,ritardo-mentale-nelle-malattie-genetiche-la-ricerca-di-una-possibilie-cura,22c5d49d-681d-415b-8186-92556f5710f1,mental-retardation-in-genetic-diseases-the-search-for-a-possible-cure,51f8ee9f0a323846,ok,,3483,2138,0.011338,2026-04-18T18:28:49.619260
batch-20260418-1k,4421d6b1-6a94-47a2-92a4-25bb7fa5d209,museo-tattile-omero-ancona,2cce1410-d500-4f7f-8794-d100b5dc5ae4,the-pleasure-of-touch,9ed51d264d86da78,ok,,1968,1064,0.00583,2026-04-18T18:29:15.610651
batch-20260418-1k,4424470c-89b7-4265-8ccb-34c1c88966ac,un-aiuto-per-i-prossimi-responsabili-di-fede-e-luce-responsabilita-si-o-no,78687e1c-49b6-4504-afce-af7516cd3375,help-for-the-next-leaders-of-faith-and-light-responsibility-yes-or-no,6d4c7f8216b81ecf,ok,,1539,770,0.004311,2026-04-18T18:29:26.886940
batch-20260418-1k,44317813-ca04-475c-a654-a7cf4d3c016f,se-qualcuno-bussa,0704ae84-0969-4e33-b620-edc82cd23ee6,if-someone-knocks,54ede14cfe7d13e2,ok,,1757,960,0.005246,2026-04-18T18:29:32.290050
batch-20260418-1k,44451ee1-88a4-42ff-b7e5-7a593ecd64d5,e-ho-ripensato-tutto,b699ac77-03fe-4049-9ef6-01ff708685af,and-i-rethought-everything,2140d9a5ec894ab1,ok,,2691,1640,0.008713,2026-04-18T18:29:41.786897
batch-20260418-1k,44784000-600c-442a-a59b-da22d3513b80,viola-e-mimosa-n-137,50c003e1-23c1-40ce-9378-872d2c3b1517,viola-and-mimosa-n137,a294ec894f5d4096,ok,,1557,753,0.004258,2026-04-18T18:30:02.607502
batch-20260418-1k,4480085e-a55c-4ef4-a20f-460d90a92b1b,viola-e-occhiolino,7f481247-ddbe-4157-b3b9-5e6870299182,viola-and-occhiolino,079ca631a90e2d13,ok,,1382,640,0.003666,2026-04-18T18:30:09.594326
batch-20260418-1k,44838f33-8860-432e-8bb8-c6492b9141f5,si-chiama-sara,7521fb10-7bfb-4245-97aa-2f5a4f19c568,her-name-is-sara,2fa368e9991bc9ba,ok,,1431,681,0.003869,2026-04-18T18:30:14.518112
batch-20260418-1k,448a2e9b-c6d1-4b0a-9da6-f6a0f53c6cbc,disturbi-dellapprendimento-una-bambina-disprattica,cc3812d8-9e3b-4e87-982c-0b34286e9ac4,learning-disorders-a-dyspraxic-girl,3372584c843c4ad3,ok,,1336,630,0.003589,2026-04-18T18:30:19.908443
batch-20260418-1k,448a4aa3-c90a-4ce4-9eec-44a9699185bb,intervista-giampiero-griffo,38a69c3c-6ac6-4140-91dc-fccb41085e08,what-the-convention-says-and-does-not-say,cadedd0ae12c4e28,ok,,2357,1276,0.00699,2026-04-18T18:30:25.042836
batch-20260418-1k,44bc33ca-ec2f-4e2a-b0a0-117f5b69e529,ci-hanno-scritto-una-critica-allultimo-numero-di-insieme,d9012003-6686-41e6-9aaf-5fccf1fc60f3,they-have-written-to-us-a-critique-of-the-latest-issue-of-insieme,39db33bc9f8c8260,ok,,1418,685,0.003874,2026-04-18T18:30:40.069687
batch-20260418-1k,44e2cc5e-8814-4961-9048-dbfb64d562a8,trisomia-21-la-sindrome-down,a277a199-57c6-451b-beac-65972bb37996,trisomy-21-down-syndrome,786de504e1124cc1,ok,,7531,5131,0.026549,2026-04-18T18:30:45.039911
batch-20260418-1k,44f47b04-ccb4-41b7-ba67-04aa892a8ec5,un-cortometraggio-e-una-serie-a-chiudere-la-festa-del-cinema-di-roma,0186f5ca-1a41-4239-88e6-ffa3609b23d1,a-short-film-and-a-series-closing-the-rome-film-festival,10cb9aab5726191a,ok,,1927,1112,0.00599,2026-04-18T18:31:55.822004
batch-20260418-1k,450a75a9-a7a3-464f-8d11-11e5620d3099,la-parola-prende-vita,72fdba48-8156-4871-88de-d981e6091fcf,the-word-comes-to-life,661e7b3f8b3be67a,ok,,1767,953,0.005226,2026-04-18T18:32:06.054340
batch-20260418-1k,450fb3e8-7923-4a68-a3be-84fa9d91ac60,essere-padre-di-un-figlio-disabile,99e7367e-e70e-46c2-ae16-b7aa78b9ac60,being-a-father-to-a-disabled-child,0e8b2783ff1ae10c,ok,,1776,958,0.005253,2026-04-18T18:32:15.306376
batch-20260418-1k,45290a31-8ada-4402-b6f0-80364805c550,newsletter-n-7-la-sedia-e-lo-studio,17409ce3-a1fe-4ecd-b386-e04c10176ce7,newsletter-n7-the-chair-and-the-study,7d1d7bfced4a56ae,ok,,2623,1783,0.00923,2026-04-18T18:32:23.590011
batch-20260418-1k,453f0dcf-1c79-417a-a5e5-0ef3bfeb051c,tu-sei-amato-da-dio-cosi-come-sei,0ad2a1d7-1d2a-4d67-9aac-d6eb55d5acf4,you-are-loved-by-god-just-as-you-are,b1f519c75896631a,ok,,3363,2193,0.011462,2026-04-18T18:32:42.771701
batch-20260418-1k,45687096-cc1f-4a6e-93b3-29429d809724,recensione-the-best-is-yet-to-come,454d427e-2d8d-4051-8068-fa8065983eac,how-difficult-it-is-to-live-with-hepatitis-b,955d64f7a163ac4b,ok,,1151,443,0.002693,2026-04-18T18:33:11.870043
batch-20260418-1k,4569b0ba-1c58-428a-a01d-7fb07453c762,non-perdere-di-vista-enza,2e91dce8-7797-460b-8489-f9ce92f41db1,dont-lose-sight-of-enza,0f7f35fed9ec070e,ok,,1089,435,0.002611,2026-04-18T18:33:17.953846
batch-20260418-1k,45864bc2-55c2-4205-8d3b-ff1bf406610e,le-grandi-domande-della-vita,0f35c0aa-f446-4d42-aea9-885d32b29be8,the-great-questions-of-life,12fe3c0744106b73,ok,,1681,1045,0.005525,2026-04-18T18:33:22.535429
batch-20260418-1k,458ff9ce-83c5-4baf-8fe0-03bcd12d370f,di-feste-volute-e-di-feste-che-non-vorrei,e95a5c8e-e4ee-4ef1-b8ef-0a8325a93454,about-parties-that-i-wanted-and-parties-that-i-didnt-want,54a7a8b826718f32,ok,,1383,671,0.00379,2026-04-18T18:33:29.513719
batch-20260418-1k,4593c3f9-87b6-4066-9b26-a32ebda53a11,migrati-diverse-fragilita-si-incontrano,11116b13-b460-4895-8ab8-7cecef0d1d49,migrants-diverse-fragilities-meet,73848dd6329d7999,ok,,2877,1686,0.009046,2026-04-18T18:33:35.784143
batch-20260418-1k,45c49b41-541e-47dd-bcc2-c2fe04a1b4c2,allora-si-parte,d0e69b18-8572-4abd-8601-3133492770d4,so-then-were-leaving,e20c4dd58330e0f4,ok,,5140,3553,0.018324,2026-04-18T18:33:58.153564
batch-20260418-1k,45cfe161-7b0d-4ae0-a66f-927ad57a44e8,dialogo-aperto-n-87,67dc2c91-826e-4222-b7d4-86da3bd48693,open-dialogue-no-87,a0df689b22c55d61,ok,,2045,1194,0.006412,2026-04-18T18:34:49.098068
batch-20260418-1k,45d6c7a2-29bb-44a9-a739-d60e2cf74922,lamicizia-un-dono-unico-ed-eterno,052422f8-bb1c-44bf-bb7d-d46778d85675,friendship-a-unique-and-eternal-gift,9e6e10c2dcfb833c,ok,,2110,1248,0.00668,2026-04-18T18:35:02.609024
batch-20260418-1k,45ecde77-6dd5-4d05-89cd-ee813e34bf82,lumana-resistenza,2e428b81-0f40-4acf-a2b8-b4f10c162017,human-resistance,e9ecdc67def46e4e,ok,,1921,1017,0.005605,2026-04-18T18:35:15.609595
batch-20260418-1k,45eda254-3b9a-4429-b555-c3cd7fe17c7a,natale-a-lubiana,dcce6678-9c4d-4e38-85d4-bf67c8f32cb1,christmas-in-ljubljana,9ba1d393cadcc188,ok,,1225,529,0.003096,2026-04-18T18:35:25.835027
batch-20260418-1k,460c381d-2f3b-4902-94a3-d71e15584f42,i-fornelli-di-marta-e-matteo,aa861f7d-6d0b-47b4-8ab2-05bf7a278cf7,martha-and-matthews-stoves,b5d56698a9d7315b,ok,,2290,1246,0.006816,2026-04-18T18:35:30.471678
batch-20260418-1k,46192328-5215-4f80-97c8-14a7773b702c,al-lavoro,d6b27f7e-c959-44e5-9e14-f1d5a472f7a7,to-work,d1e5a64996a578b0,ok,,1804,950,0.005243,2026-04-18T18:35:44.204339
batch-20260418-1k,461bff80-badb-4f49-b17d-28c2f06f83c7,fede-e-luce,5e44e0ce-5441-46ea-b189-e28508c1d938,faith-and-light,49cb9884c714e3f6,ok,,1650,878,0.004832,2026-04-18T18:35:53.287328
batch-20260418-1k,4633beb6-7eab-4b4f-b8bf-7fc482c75199,dialogo-aperto-n-169,7a75d3e3-6982-4600-9eb2-7ffe6ded6ceb,open-dialogue-n-169,a9452ad17987a8ed,ok,,1615,804,0.004508,2026-04-18T18:36:00.084366
batch-20260418-1k,46346575-dfe1-4c92-bd3b-10fd5f318303,il-chicco,facbc27c-480e-4983-841f-1ec7c124dc17,the-little-seed,009eed6fb5e97f28,ok,,3737,2664,0.013646,2026-04-18T18:36:06.642316
batch-20260418-1k,4636fe58-08ab-4538-a581-3827fe3ca42b,marahba-kiffak-ciao-come-stai-fede-luce-beirut,4bf514aa-8ea3-426d-b0b0-b131c905d186,marahba-kiffak-hello-how-are-you-fede-e-luce-in-beirut,46b650d985aa6c7c,ok,,2299,1386,0.007383,2026-04-18T18:36:36.490268
batch-20260418-1k,464dd3fa-b52f-4094-8983-81cac21255ae,aspettate-arrivo,5c0bb184-f37d-421b-af63-5311702556b3,wait-im-coming,e9873f5a68ba26e4,ok,,1422,665,0.003798,2026-04-18T18:36:55.478304
batch-20260418-1k,464effad-cbe0-457b-ba0d-7d625b1404fc,quel-che-si-guarda-ma-non-si-vede,ec771c62-e1cf-485a-98b0-680914b01c8b,what-is-watched-but-not-seen,87f6e9e545c08e00,ok,,1799,949,0.005235,2026-04-18T18:37:01.047721
batch-20260418-1k,468b2ffd-2117-48e8-8f84-bdf17042ff88,papa-e-cieco,6662a32b-344d-4b4c-b0c9-12754b9e47e4,dad-is-blind,754d7ba5a41b1006,ok,,1924,1033,0.005671,2026-04-18T18:37:11.123274
batch-20260418-1k,4699e20d-ec2e-49ab-98ab-487496a0298a,teatro-in-piazza,92708ec0-bc81-4ae2-a175-75184d458b5a,theater-in-the-square,41d2aeb00c3855e6,ok,,1153,493,0.002894,2026-04-18T18:37:22.948637
batch-20260418-1k,46a9cb7b-bdab-4046-b687-4af57dfaa3c5,eh-io-sono-qui,e4c4d237-974a-443e-a0e7-b2fea34b15fa,oh-im-here,17773767f2e01482,ok,,1211,556,0.003193,2026-04-18T18:37:28.304167
batch-20260418-1k,46ba5772-e90e-4fb5-b555-97b419989f11,partiamo-per-il-congo-caa,e3ef4ca0-b0af-43be-bdff-712409c54441,lets-leave-for-congo,171c4e63c1a98106,ok,,665,118,0.001004,2026-04-18T18:37:32.888732
batch-20260418-1k,46bb797d-d244-49f4-bb9a-73fc2a51e7bd,un-figlio-handicappato,383da82a-d158-4180-b891-5ae79af5257b,a-handicapped-child,7bea36b5bd216dbc,ok,,1785,972,0.005316,2026-04-18T18:37:35.012077
batch-20260418-1k,46c9a57b-6d23-4f32-98d9-baaab352c009,la-comunita-che-accoglie-i-rifiutati-recensione,47bd9cd3-4b52-47cc-8dcf-6785fdb1e23e,the-community-that-welcomes-the-rejected-review,1c403e80d9563d3e,ok,,1133,474,0.002802,2026-04-18T18:37:44.138681
batch-20260418-1k,46e0882b-a33e-4dcc-b7da-c3182e730d2c,vedendo-pensava-dentro,f04c3dac-8898-4f07-b0bc-8fd1bfdf3185,seeing-this-he-thought-within-himself,be15a9dfa1d0c7d8,ok,,1245,557,0.003224,2026-04-18T18:37:48.102156
batch-20260418-1k,46eb491c-fc49-4eba-9228-cfd544978da1,vita-in-poverta,8cd8d852-7379-4e41-95cb-10255b8dfd5d,life-in-poverty,2d9631db113a1d41,ok,,1189,512,0.002999,2026-04-18T18:37:54.146978
batch-20260418-1k,46fc8828-831f-4a05-85b4-fb53bc4c2434,avere-un-posto-nella-societa,55f2c05e-726d-448d-9990-915ad956960f,having-a-place-in-society,728ec5ac58578edd,ok,,3568,2256,0.011878,2026-04-18T18:38:01.583604
batch-20260418-1k,46ffb84d-e0c6-4bf1-8bdd-6e99724d5a1b,ricordando-la-cara-nicole-il-dono-piu-sincero-e-il-dono-di-se,04e68aad-3b4c-4ceb-adc1-73076b461f4c,remembering-dear-nicole-the-most-sincere-gift-is-the-gift-of-oneself,da6b2aa14bfe5496,ok,,2622,1457,0.007926,2026-04-18T18:38:40.262444
batch-20260418-1k,473fdf8c-3e5f-4dc4-ac76-b9e2937dfc52,soffro-dunque-siamo-recensione,bd029666-138b-47c6-a944-574c62af9a77,i-suffer-therefore-we-are-review,e34662631ad829fa,ok,,890,281,0.001836,2026-04-18T18:38:58.543963
batch-20260418-1k,475fd6e2-dd08-40e5-bde8-e513190f36ce,il-mistero-di-tanto-bene,aa3505d0-b1b1-4196-b139-7240decf2e53,the-mystery-of-so-much-good,33e52aa5c80a3291,ok,,1277,581,0.003346,2026-04-18T18:39:01.929835
batch-20260418-1k,476913bd-7eb1-4282-97e0-8c8d190e7392,a-scuola-con-tre-insegnanti,c1396416-64d3-4522-a7e8-2b84f3845f7f,at-school-with-three-teachers,d87a5032180a1bcc,ok,,3675,2242,0.011908,2026-04-18T18:39:06.720101
batch-20260418-1k,476c45f8-ff58-4f61-bc30-5f656970a40a,bilancio-fede-e-luce-1976,c5263ec7-5a3c-4116-86ec-b1dcff3fd5c8,faith-and-light-balance-sheet-1976,8dbbcc48fe8aae5c,ok,,976,348,0.002173,2026-04-18T18:39:38.831276
batch-20260418-1k,47799d45-f618-4847-a56e-a81d474a37bb,pronto-soccorso-in-una-bottiglietta,1d58df18-f216-4475-b643-bf96ec6c98d1,emergency-care-in-a-little-bottle,aba197acd71d5f10,ok,,2183,1220,0.006626,2026-04-18T18:39:42.216421
batch-20260418-1k,47824686-0d8a-4b10-867a-702801672134,luovo-nero-recensione,be2bd393-2623-46f8-b22f-ae157e8cfe09,listen-to-build,cb86d907b527d29c,ok,,1534,916,0.004891,2026-04-18T18:39:56.330205
batch-20260418-1k,478658ef-ebd3-44f5-8bef-e72cfde02c9d,quando-lamore-e-mancato,f481030f-e983-4634-bc93-bfc82aa8c84b,when-love-was-missing,1a6e2e69b829c8a8,ok,,919,276,0.001839,2026-04-18T18:40:01.841777
batch-20260418-1k,47899aee-5567-4808-8e23-d59fecb16620,world-disability-day-2018,07b0d4a5-e0ce-47b0-b2b8-e3fa95bd3e5e,disability-day-more-work-and-more-resources-for-the-after-us,801d591cfc62df35,ok,,1895,1031,0.00564,2026-04-18T18:40:04.799477
batch-20260418-1k,47aac753-15b7-4f4b-ab5e-f813ee9347ac,una-piccola-barca,ba70c683-08fc-47f5-8e40-ca5cd942dd0e,a-little-boat,931beebeb5ad0df7,ok,,1117,470,0.002774,2026-04-18T18:40:14.102323
batch-20260418-1k,47ae67e6-31c1-4291-98f8-f9774a1ab10d,letture-consigliate-n-14,30396fb7-f3d5-4af4-9957-4abc41503c9d,recommended-reading-no-14,bc9a2744cc769478,ok,,1190,581,0.003276,2026-04-18T18:40:18.050080
batch-20260418-1k,47bf6bed-d7bc-496f-9b80-8a0a1609d83e,famiglia-per-chi-famiglia-per-cosa,ed85ce0c-62ba-41d3-bfc5-6455287afb74,family-for-whom-family-for-what,1ad86b516a610a4f,ok,,2007,1114,0.006062,2026-04-18T18:40:22.299546
batch-20260418-1k,47bf8086-ca78-4b83-93b8-f283e00a0eb0,santa-pazienza,0c1a873c-af68-472e-aebf-9d607a074089,holy-patience,cf692c464ae7f87b,ok,,2229,1251,0.006787,2026-04-18T18:40:33.439035
batch-20260418-1k,47d67f49-aa27-4783-8a4e-9dc9bd99c675,da-venezia-82-per-la-mostra-del-cinema,9721a370-cb06-46ce-be7d-c9505c96d9b6,venice-82-cinema-in-vr-that-tells-disability-with-empathy,0e8eec0e11abee0d,ok,,2871,1901,0.009901,2026-04-18T18:40:50.384875
batch-20260418-1k,47e7e1bf-bb90-4541-93eb-17c5a1691d8f,storia-di-natale,b1c7b534-3132-4eec-9386-979a62b34735,a-christmas-story,0a3af9c2ee51fda3,ok,,1663,892,0.004898,2026-04-18T18:41:11.198805
batch-20260418-1k,47ecccea-6ef1-4953-a45d-b17d70ac65d9,aiutarlo-diventare-un-uomo,ac647593-8a0d-4006-9b91-cab680f7ba07,helping-him-become-a-man,845d20ea99357015,ok,,2538,1535,0.00817,2026-04-18T18:41:19.823091
batch-20260418-1k,47ed2200-d4e3-4f53-8cc7-5ff343669708,leducazione-sessuale-delle-persone-handicappate-un-libro-risponde,0e919371-98e6-4aac-a81b-4a51b298909f,sex-education-for-handicapped-persons-a-book-responds,e5c2f303e6b75ca7,ok,,1765,952,0.00522,2026-04-18T18:41:38.348481
batch-20260418-1k,47ee6a4f-9a19-4bc7-8101-ed538eddd7f6,quando-il-caso-non-e-un-caso,7df4497f-fa40-4a34-af2a-af18a4deea6b,when-chance-is-not-chance,9153772a1bc098f2,ok,,1350,637,0.003628,2026-04-18T18:41:48.629608
batch-20260418-1k,4804df4a-a2e0-4670-a915-8453d5ca3523,una-missione-fino-in-fondo,57fdb909-da68-43b3-82da-b3994f124027,a-mission-to-the-end,acf6cd0fe556d1d3,ok,,2267,1299,0.00701,2026-04-18T18:41:53.752748
batch-20260418-1k,48290a7f-45e6-4bb6-98c5-2b28c42fb6fa,una-lettera,54449a8f-0d84-4558-b1d7-82219037d450,a-letter,261f42fc18a51c56,ok,,1088,445,0.00265,2026-04-18T18:42:08.290384
batch-20260418-1k,48426346-7f23-44e7-a33d-210b122ac618,la-mia-storia-soddisfazioni-e-desideri,5cdef10a-79b8-4aa4-be8c-2e99ba12897b,my-story-satisfactions-and-desires,eae0290a2ed6fba3,ok,,1846,934,0.005213,2026-04-18T18:42:12.803798
batch-20260418-1k,48700dc6-630c-42d8-a945-a867117efc78,ma-come-fa-una-mamma,9029ad4f-383c-4365-a73f-8345938b00ba,but-how-does-a-mother-manage-it,b19a5fb50ee9ab1c,ok,,2375,1382,0.007428,2026-04-18T18:42:22.058476
batch-20260418-1k,48809337-95eb-4c30-9cca-40c7e510533f,ii-focolare-comunita-educativo-terapeutica,dc7a231c-2856-4706-ba5a-405947fcdec6,the-hearth-an-educational-therapeutic-community,5d3e2730aea569e9,ok,,3727,2294,0.012158,2026-04-18T18:42:37.063326
batch-20260418-1k,489253e1-a47b-4edc-896e-441fb315cbf4,guido-marangoni-presenta-anna-sorride-alla-pioggia-al-chicco,f9c63068-be08-4f17-8be1-4f6c9b67a6e8,guido-marangoni-presents-anna-who-smiles-at-the-rain-at-il-chicco,4a890554c82320b3,ok,,1177,586,0.003286,2026-04-18T18:43:10.846078
batch-20260418-1k,48afff7f-a478-42f6-a747-dbaf07fc7f06,daniela,,daniela,9ca8cc553415185b,error,HTTP Error 400: Bad Request,969,324,0.002071,2026-04-18T18:43:15.101540
batch-20260418-1k,48c45251-6238-46ac-a0ce-d76ea4c87bbc,il-cieco-che-non-voleva-vedere-titanic,f38fea20-af8c-458c-89c1-28f9d2be8feb,the-blind-man-who-didnt-want-to-see-titanic,11c05cd632296381,ok,,1436,700,0.003949,2026-04-18T18:43:18.460619
batch-20260418-1k,48c89794-3425-4baa-a528-33cf17967fc7,dalle-provincia-n-130,bc4f92cb-23d6-49f5-8cfa-a9fb9be6aa43,from-the-province-n130,cdadc3db634cdef6,ok,,2139,1230,0.006631,2026-04-18T18:43:24.332309
batch-20260418-1k,48f4ffc7-03d2-4881-9803-fb1980e816e1,con-orgoglio-e-tenerezza,b9bcdf13-54ff-4dbd-b8ca-825adc1d3fc1,with-pride-and-tenderness,0fb08c8eecef7878,ok,,4326,2899,0.015057,2026-04-18T18:43:37.750752
batch-20260418-1k,48fcedf4-d40e-432c-a58d-334567f816d9,un-natale-speciale,e8251dd2-5be3-403e-b25d-dba8eaeac938,a-special-christmas,090767d39e6a9629,ok,,1439,657,0.003779,2026-04-18T18:44:21.170764
batch-20260418-1k,49107cea-c622-4993-bdcb-eb4a548ba275,da-due-persiane-socchiuse,012971bb-9919-46a6-8b54-2b5fbd9f4262,through-two-half-open-shutters,3b7f24b2aa129071,ok,,1781,911,0.005069,2026-04-18T18:44:26.482648
batch-20260418-1k,491147f5-1ff6-4c50-9296-c05856f1f8f0,cosa-sono-le-malattie-rare,63ee76f8-bd1d-4105-b6e0-6de185b1665e,what-are-rare-diseases,fdf03f5debfc3c4f,ok,,1924,984,0.005475,2026-04-18T18:44:35.321965
batch-20260418-1k,49129ae1-ac92-4869-8b6b-b6597e9c57a7,7-lo-spirito-santo-dono-di-gesu-risorto,d3bbe1ce-4645-45da-b44f-65b8e48a6c8b,7-the-holy-spirit-gift-of-the-risen-jesus,5a3c719740f813ab,ok,,1799,932,0.005167,2026-04-18T18:44:44.514501
batch-20260418-1k,493d6819-da0d-4bd1-850a-2f7efa3b6bf7,intelligenza-artificiale-e-memoria-editoriale-il-mio-lavoro-con-ombre-e-luci,298a7a87-cd71-4a39-b7e3-a35c33d0d7c4,artificial-intelligence-and-editorial-memory-my-work-with-ombre-e-luci,d50989d9cda0baa2,ok,,2244,1348,0.007187,2026-04-18T18:44:54.328412
batch-20260418-1k,49447b91-1102-4ff6-b522-911505972b16,un-nuovo-centro-riabilitativo-equestre-dedicato-a-bambini-con-disabilita,33c97b2d-29b7-4c2b-925a-d18f6257be27,a-new-equestrian-rehabilitation-center-dedicated-to-children-with-disabilities,15c43fcb88b4e925,ok,,1030,386,0.002368,2026-04-18T18:45:06.608978
batch-20260418-1k,494bcaa6-a58f-4995-96bb-958b8133e989,gli-anni-che-passano,ae1674ad-cf27-4300-af18-d64091d7a513,the-years-that-pass,41bb871ee9513085,ok,,1848,982,0.005406,2026-04-18T18:45:09.985799
batch-20260418-1k,495b4664-0cd7-4e9d-93fb-5e313a5d9122,scegliamo-con-cura-le-parole,9b11e054-1608-4856-8052-ec7d11ed199f,let-us-choose-our-words-with-care,4ca2cfd1a2e2c368,ok,,1324,616,0.003523,2026-04-18T18:45:20.035685
batch-20260418-1k,496670d5-714e-4d5a-a044-72dfa0582f83,lettere-a-jean-don-marco-bove-2,6301840f-e76e-4746-a143-229ba78ac624,letters-to-jean-don-marco-bove,5bc76ffe3305e72e,ok,,1438,697,0.003938,2026-04-18T18:45:25.371349
batch-20260418-1k,498f4f97-6b5e-4e07-b692-ac517dfad173,fin-dalla-nascita,26ec7f46-f93e-45bc-b52b-5d1a0bada45c,from-birth,f738e8a0947d413f,ok,,1762,929,0.005126,2026-04-18T18:45:30.703246
batch-20260418-1k,4997687e-d183-44e0-ae36-a3e42a7940c1,festa-della-luce-1976,e2c61747-d4e3-4f9f-b6bb-b12747738546,feast-of-light-1976,dd0814adb247f3aa,ok,,1187,564,0.003206,2026-04-18T18:45:40.550754
batch-20260418-1k,49a6984a-26d1-46df-94e5-c5358501c8cd,vita-fede-luce-n-20,30ac897a-45a5-42c4-9b5f-0a3c0f4e1b5a,life-faith-and-light-n-20,ec29c994199e0f40,ok,,5054,3323,0.017335,2026-04-18T18:45:45.668861
batch-20260418-1k,49abf7e8-5073-4ac6-ad29-6ebcffd55cbc,domande-di-una-campionessa,392c80d4-9d3c-4fa0-a9ab-5d1907152f5b,questions-of-a-champion,bae9717e680856bf,ok,,1276,547,0.003209,2026-04-18T18:46:36.863295
batch-20260418-1k,49b8df0c-4734-4469-889c-9116432a12ec,catalogo-prelibatezze,3e6ddc5e-0a90-42d3-a13a-0902780810ff,a-catalog-of-delicacies,a0cc0100c7f50e7c,ok,,1777,936,0.005166,2026-04-18T18:46:43.995771
batch-20260418-1k,49c5868d-b109-484c-ac3c-55e02c3247ac,di-pagella-e-mascherina,a57db7f4-b1a3-4e56-b19b-0d898133034a,about-report-cards-and-masks,4cfdb92f385b4e51,ok,,1422,704,0.003954,2026-04-18T18:46:53.801187
batch-20260418-1k,49deabc5-df26-43db-92d3-d737089a40cb,parlo-di-quello-che-so,4f8dc798-b151-4455-b149-abbd77b50a81,i-speak-of-what-i-know,476aa8194cbe2b2b,ok,,1091,439,0.002629,2026-04-18T18:46:59.760965
batch-20260418-1k,4a17d0f6-f78b-494e-b34b-780fbdb7fd70,avevano-bisogno-di-noi,e9ea2e12-66c9-4f4d-8038-fbbc9b2c11ff,they-needed-us,dd33eb2a5b213769,ok,,1617,769,0.00437,2026-04-18T18:47:04.431563
batch-20260418-1k,4a1a8502-c2dc-4d33-b58d-2b728b9fd0a4,viviamo-da-soli,2850bf3a-44eb-4737-a92b-7e854e6e3c1f,we-live-alone,1360d7f0c6e0ddd8,ok,,2607,1708,0.008918,2026-04-18T18:47:10.664708
batch-20260418-1k,4a1f0b5f-fba7-4bf9-a9bd-547576526cbe,vita-fede-e-luce-n-110,b2cf575b-c2ae-4aa9-b205-26dfdde32740,life-faith-and-light-n110,77d556fa5c5ebc0b,ok,,1663,840,0.00469,2026-04-18T18:47:29.585909
batch-20260418-1k,4a232b60-083a-4872-91d0-751182379c0a,sessualita-come-viverla-con-la-propria-disabilita,231e7e5b-1184-4816-a2e0-c729101d6ae2,sexuality-how-to-live-it-with-ones-own-disability,ea97c2a5704a14b2,ok,,1031,394,0.002401,2026-04-18T18:47:39.041213
batch-20260418-1k,4a50b182-ccea-451b-b09b-a75c830140f7,una-scuola-di-tutti-newsletter-n-29,c9884e5a-7e17-4b54-b861-820633c6ef69,a-school-for-everyone-newsletter-no-29,b8003f51421baf1b,ok,,2623,1804,0.009314,2026-04-18T18:47:42.517199
batch-20260418-1k,4a5cdff5-52e3-4ae1-b79c-285ff9793945,perceval-un-luogo-vivere-imparare-vivere,c2dedcfc-dc8e-4262-956b-476fedd8b8bf,perceval-a-place-to-live-and-to-learn-to-live,bde62b28cce47243,ok,,3257,2014,0.010662,2026-04-18T18:47:59.946179
batch-20260418-1k,4a637bd4-6d43-4b48-97ed-0aa2ab8afb1c,una-ragazza-speciale,7ca2f5a6-5ccf-43e3-b4a8-01955fe1031f,a-special-girl,a6ca031ed7e98308,ok,,2297,1389,0.007394,2026-04-18T18:48:28.894267
batch-20260418-1k,4a67fdc4-1954-4bce-aa7e-86889a2b4201,vacanze-1978,6168fcc0-e73c-4ba3-a33f-e45991d16205,holidays-1978,5f2461f00b383e05,ok,,1596,793,0.004449,2026-04-18T18:48:44.360223
batch-20260418-1k,4a6d293e-8343-4bbd-ad24-9868afae09c2,la-mia-esperienza-di-prete-a-fede-e-luce,b6842a69-00b2-4740-b14e-e2e164e07d28,my-experience-as-a-priest-at-fede-e-luce,a76f709d5cf9e2b0,ok,,1764,1005,0.005431,2026-04-18T18:48:51.224408
batch-20260418-1k,4a726f57-993b-48b3-bfe6-aa3b0d0d3823,ombre-luci-n-16-1986-sfogliabile,4701bd6a-7cb0-4444-a9db-423b7e1e9039,ombre-e-luci-n-16-1986-browsable,a3f3695997be07d1,ok,,590,49,0.000668,2026-04-18T18:49:00.202552
batch-20260418-1k,4a7a3e34-1b4e-4a9d-8a1a-de9da3a32034,una-cooperativa-sul-mare,a4ac6be5-46c9-49d6-a575-a10ab8aa2613,a-cooperative-on-the-sea,dce5bb9a09477727,ok,,3188,2004,0.010566,2026-04-18T18:49:02.010536
batch-20260418-1k,4a8331d5-6da0-45bf-af32-0f01cfa764eb,possibile-che-gabriele-non-abbia-un-posto,540a9e42-1d52-48bd-a136-5029fa7db853,is-it-possible-that-gabriele-has-no-place,e9d4d7d62233d528,ok,,1714,923,0.005063,2026-04-18T18:49:28.991614
batch-20260418-1k,4a93f8e0-ce42-4f78-90a1-8d301ee34e84,il-natale-del-ricco-epulone,71dacfd4-e765-40df-bd7a-3b1654003527,the-christmas-of-the-rich-man-epulon,5148d991ec37ede5,ok,,1648,867,0.004786,2026-04-18T18:49:37.973187
batch-20260418-1k,4aa0e462-84be-4c1d-8411-10b112b66b75,nessuno-resti-solo,44b950b6-fbfc-4b6a-9e27-4a648ba7e412,let-no-one-be-alone,aab6a7cc96058d9c,ok,,1645,867,0.004784,2026-04-18T18:49:45.553324
batch-20260418-1k,4abd0f4b-34e2-4a44-bef8-6f1ada4b41c6,perche-a-lourdes,3b66e950-e14e-49f5-8289-826a4e2b9c73,why-lourdes,81b72df1253e4420,ok,,1376,656,0.003725,2026-04-18T18:49:53.579751
batch-20260418-1k,4af29649-19b7-42ef-87fe-1ab61c8388f9,la-pazzia-e-lamore-un-cammino-verso-lanima-del-malato-di-mente,1fcd4403-0c87-4088-95c4-dcaef3763a77,madness-and-love-a-path-toward-the-soul-of-the-mentally-ill,bc53f5fd239653e9,ok,,1431,655,0.003765,2026-04-18T18:49:58.695739
batch-20260418-1k,4af6062a-0259-4293-8828-abae3ed55011,visto-al-cineforum-di-fede-e-luce,5a0d3780-3163-47a4-a00e-973b46aef736,seen-at-the-film-forum-of-fede-e-luce,a7b1a6b1bf8a8f10,ok,,1465,731,0.004096,2026-04-18T18:50:04.159360
batch-20260418-1k,4b312c20-6e50-4586-8c66-01ccac09b9bf,perche,bb1a39f8-5df8-49fe-877b-1cc195f17f03,why,a8aeabd6aea29379,ok,,1212,508,0.003002,2026-04-18T18:50:09.890976
batch-20260418-1k,4b3868a5-aa0d-4db7-853d-211e5bd22a36,la-musica-del-mondo,026baba1-de83-4baf-9571-dae53d184025,the-music-of-the-world,e8c7c64ea9d32083,ok,,1922,1057,0.005766,2026-04-18T18:50:14.667966
batch-20260418-1k,4b3edb53-9032-4884-adac-7f78bbf375c3,tante-bellissime-cose,1bc71c13-9be1-4d84-890e-1e23ad47a26d,so-many-beautiful-things,38a5cf55ef32265e,ok,,1385,601,0.003512,2026-04-18T18:50:25.107765
batch-20260418-1k,4b463f24-09a6-454e-8322-42e486c83051,il-messaggio-del-giubileo-dialogo-con-mons-rino-fisichella,5b58d4d1-4447-4468-99fb-a1a155c833d7,the-message-of-the-jubilee-a-dialogue-with-monsignor-rino-fisichella,0182edf7fcf42ea4,ok,,2650,1532,0.008248,2026-04-18T18:50:29.878959
batch-20260418-1k,4b58789a-5dd9-40ea-a3c3-86ca5619e627,io-lorenza-e-il-prosciutto-cotto,9c28a3aa-4c84-4a6e-bb03-5e9b8004d68b,me-lorenza-and-the-cooked-ham,f19f5a83af6da405,ok,,1223,562,0.003226,2026-04-18T18:50:47.706539
batch-20260418-1k,4b5cac7d-b643-4691-9e35-a7ec7d802819,il-mistero-del-bambino-psicotico,1b48b9aa-8a0d-495e-9bf1-3e0b377181b6,the-mystery-of-the-psychotic-child,9c9b0b9da7d1bb30,ok,,1926,1020,0.005621,2026-04-18T18:50:52.911756
batch-20260418-1k,4b7576dc-a0ca-45e6-b27b-5477f7063032,psicologia-e-culto-di-se-la-psicologia-aiuta-a-credere,771ed50b-88b0-49f7-8a53-c62991a11867,psychology-and-self-worship-psychology-helps-one-believe,e59d8acac8784bf8,ok,,1627,805,0.004522,2026-04-18T18:51:03.440968
batch-20260418-1k,4b80fc66-6802-4435-8f17-3b65ac318930,vicini-a-distanza,13cc92dc-b775-4b09-9afe-a07a61eb07fe,close-from-a-distance,48a6cbd3d4b55585,ok,,1972,1076,0.005882,2026-04-18T18:51:10.341963
batch-20260418-1k,4b86605b-6326-4ae1-927d-fac44e7bf933,con-noi,c67d0c2f-ce7d-4978-8a55-97bb78ee79c1,with-us,dd7301084d9acba7,ok,,2573,1530,0.008178,2026-04-18T18:51:21.952596
batch-20260418-1k,4b87b105-6440-4cf8-a60e-4a82e602f641,maria-teresa-di-calcutta-dedicato-ai-bambini,,mother-teresa-of-calcutta-dedicated-to-children-and-to-all-of-us,44bdbb919dd70e03,error,HTTP Error 400: Bad Request,3132,2272,0.011594,2026-04-18T18:51:42.113499
batch-20260418-1k,4b8f5bb7-73ce-4bab-8095-bc3331b686b8,il-paese-delle-meraviglie,f239f2f8-9a0a-4f44-bf44-29f1cb179efc,the-land-of-wonders,e956ecae84d43a15,ok,,2193,1270,0.006834,2026-04-18T18:52:02.701251
batch-20260418-1k,4b99dfdc-bb39-46b7-a80e-c2897f170124,piero-e-il-bruco-farfalla-recensione,56625c73-a141-47b5-b9ef-08d97fa82807,piero-and-the-butterfly-caterpillar-review,b74891c13d61be9b,ok,,1145,493,0.002888,2026-04-18T18:52:16.003534
batch-20260418-1k,4bb839de-9e9c-4e65-addf-2234a3ae3738,la-citta-dei-ragazzi,a7706e67-d73a-47ec-992a-a12b92b4a800,the-city-of-boys,f20180e0e5d94b9e,ok,,4309,2733,0.014379,2026-04-18T18:52:20.199524
batch-20260418-1k,4bdc3e25-4a7f-450f-92b2-ca47739751ef,fu-un-buon-vento,837a4eed-876b-4183-a720-5d22b95d25b4,it-was-a-good-wind,596aa044e86b61a7,ok,,4191,2699,0.014149,2026-04-18T18:52:58.967174
batch-20260418-1k,4bdd5743-d8c4-4c9b-9f61-6628776ee135,la-strada-che-ci-sta-davanti,f4b7584b-f692-4965-978e-0e0000b789ef,the-road-ahead-of-us,0dfe727fa247540e,ok,,2050,1125,0.00614,2026-04-18T18:53:39.701176
batch-20260418-1k,4c021b46-ade7-4e10-9dcd-a9542384dc54,chi-scalda-il-cuore,30a60d82-37e3-46b3-913d-e0edcf41da45,who-warms-the-heart,c2899c04a329fd83,ok,,1854,970,0.005363,2026-04-18T18:53:51.779013
batch-20260418-1k,4c253695-0f5d-4fdb-ab86-2060f1542002,mi-ha-telefonato-giuseppe-conte,e65160a7-4eee-48af-b270-8c495ec6b36b,giuseppe-conte-called-me,379197f582a20a50,ok,,1297,593,0.00341,2026-04-18T18:54:01.564436
batch-20260418-1k,4c329d0d-9bf4-4955-b597-435ff6614b77,umorismo-e-handicap-un-terreno-minato,5cc7a519-33a9-4a34-ad57-5fdefc202eff,humor-and-handicap-a-minefield,3764e8cea0f8742c,ok,,2078,1178,0.006374,2026-04-18T18:54:07.103587
batch-20260418-1k,4c479628-7600-48cc-bfe5-b76730132627,fratello-sole-sorella-down,f8db349a-dd95-4c2b-b740-cd721f9da1e7,brother-sun-sister-down,46d0f07d854c0782,ok,,933,320,0.002026,2026-04-18T18:54:20.048762
batch-20260418-1k,4c50e75d-9c7c-4a91-a55f-b16174a063b6,dialogo-aperto-n-127,34abce49-24ee-46b8-a0b5-7b2ede99916d,open-dialogue-n127,7616e8973616d972,ok,,1480,724,0.00408,2026-04-18T18:54:23.176856
batch-20260418-1k,4c725d95-706a-499b-8709-795494b26996,costruiamo-laccoglienza,0b0d4706-6e50-48b5-a5f9-d819bdff84f4,let-us-build-welcome,e606f8e0edb70553,ok,,1563,799,0.004446,2026-04-18T18:54:29.930377
batch-20260418-1k,4cbf87d7-b071-456e-b023-a01d34b849ea,il-mio-pato-che-si-fa-sempre-trovare,60d690ce-4b4d-4bed-9aba-b9b5c28c6e91,my-pato-who-is-always-there-when-i-need-him,83a4eceb81ff8ad1,ok,,1611,879,0.004805,2026-04-18T18:54:35.818580
batch-20260418-1k,4cc0e3b5-a220-48c6-aaef-a64c810d1d66,ogni-figlio-e-un-cammino-un-mondo-da-scoprire-camminando-e-fermandoci,f8a19ee1-e01b-40ba-880d-6961bdb0f56d,every-child-is-a-path-a-world-to-discover-walking-and-stopping-along-the-way,4c0d72ac96523dc0,ok,,3005,1870,0.009884,2026-04-18T18:54:43.599038
batch-20260418-1k,4cc40d1c-5d69-4517-9ed3-481c53df1a55,amore-e-disabilita-veronica-e-alessandro-si-sono-sposati,290da17d-b1a6-487d-a4b0-09c22d254fd8,love-and-disability-veronica-and-alessandro-got-married,44f7bd474b517e3e,ok,,1136,440,0.002669,2026-04-18T18:55:08.476788
batch-20260418-1k,4cc9781c-a364-419e-8180-13d2fb26208c,la-dove-tu-ci-vuoi-ogni-giorno,aa4da3b7-00b3-41f8-8ec5-478963430ccf,wherever-you-want-us-every-day,d76ee4b8405e55b3,ok,,1577,787,0.00441,2026-04-18T18:55:12.476943
batch-20260418-1k,4cecdd6d-a280-4b63-b733-497c6b7209df,perdersi-recensione,60f52554-56d8-46af-a8d6-a6b3993781e6,still-alice-review,d65a3dff5f8d0ed8,ok,,1032,396,0.00241,2026-04-18T18:55:19.341197
batch-20260418-1k,4d15b09f-1c7e-4769-9e1b-fcbab01edc3c,dal-sostegno-alla-partecipazione-esperienze-di-educazione-inclusiva-per-bambini-con-difficolta,fd8c4902-e317-4048-a58d-b00bcc944f64,from-support-to-participation-experiences-of-inclusive-education-for-children-with-difficulties,17093f3ef9222d77,ok,,2166,1210,0.006573,2026-04-18T18:55:22.972252
batch-20260418-1k,4d265482-5b12-4bc0-a74b-820cfb076cc1,the-crown-cugine-autismo,235ee06d-0833-467c-b991-fcf1145e3f40,why-are-there-no-traces-of-katherine-and-nerissa,faeea8fbf0bc440e,ok,,2163,1321,0.007014,2026-04-18T18:55:35.797609
batch-20260418-1k,4d3303dd-3d02-4df9-a01d-f6c6cdb2ba30,insegnante-di-lettere-canale-della-vita,,,77d01f9b89b2d18e,error,Quality gate fallito: HTML: tag count: 33 orig vs 17 trad,,,,2026-04-18T18:55:49.720458
batch-20260418-1k,4d46e3f9-2332-4d19-b52b-814f465e9b5b,giovanni-paolo-ii-non-sembrava-ne-prete-ne-papa,959d81ad-8bd3-4e35-b6e5-3bb31ed612d7,john-paul-ii-did-not-seem-like-either-a-priest-or-a-pope,7c2e43ac72b4f51e,ok,,1716,926,0.005077,2026-04-18T18:57:44.788023
batch-20260418-1k,4d4a87cd-dc2d-481c-99df-0bb057bf7653,amici-nonostante-la-guerra,0996b067-aa3e-4e16-994d-a75ff94a5f73,friends-despite-the-war,1172a5d1c7c3d80f,ok,,1311,564,0.003305,2026-04-18T18:57:52.930990
batch-20260418-1k,4d50a4bc-9a79-4305-8f05-ea6c93153a1d,una-terza-via,c7f9a5a3-cb76-4143-aac5-7a29125b7667,a-third-way,2b29aee85cf22b23,ok,,3192,2048,0.010746,2026-04-18T18:57:57.538750
batch-20260418-1k,4d5d7018-eaaa-497d-a542-5189d3291fec,per-liberarci-dai-tabu-dellepilessia-plus-de-gym-pour-danny,4a8e64c7-950e-48a3-a9a1-77add95eae9b,to-free-ourselves-from-the-taboos-of-epilepsy-plus-de-gym-pour-danny,32ff65d23062662f,ok,,783,195,0.001406,2026-04-18T18:58:25.633714
batch-20260418-1k,4d683e7c-f9a8-4e6a-8443-de67738c3b59,dialogo-aperto-n-75,751fa09d-1b6d-4506-b497-89999eaf1d25,open-dialogue-n75,1c95efa6582e405f,ok,,3497,2291,0.011962,2026-04-18T18:58:28.457430
batch-20260418-1k,4d74f7aa-8c75-429d-be51-199c56934661,abitare-le-differenze-recensione,83221501-6bb3-4dff-b2a5-b0daa4bb6317,living-differences-review,5fa41e5341deb659,ok,,951,304,0.001977,2026-04-18T18:59:01.398071
batch-20260418-1k,4d8fb060-43c9-43d0-93a9-3732ddb78f5b,primavera-di-fede,3fb7d858-f1f2-4077-b248-180864b71ccf,spring-of-faith,afe607b049c8e73d,ok,,3135,1940,0.010268,2026-04-18T18:59:04.667885
batch-20260418-1k,4db8526a-096b-4c7e-bb7b-ba0d3d88ac02,linclusione-che-ancora-manca-nel-cinema-italiano,0267e962-9d45-4c15-9b73-ed99ada3540d,the-inclusion-that-is-still-missing-from-italian-cinema,ceaf2c7bd744d486,ok,,2167,1219,0.00661,2026-04-18T18:59:32.085977
batch-20260418-1k,4dc9f072-c5c3-458e-a48e-9095c1de7f5a,philippine,,philippine,6a238969c4336ff9,error,HTTP Error 400: Bad Request,1294,606,0.003459,2026-04-18T18:59:42.847827
batch-20260418-1k,4ddc6659-2e40-437f-91fa-aa16bf727352,con-loro-sono-salito-sul-monte-meta,16f1a38a-b3e1-4fa8-8261-c2c3262b859e,with-them-i-climbed-mount-meta,8c9fa47e2af337ab,ok,,1420,685,0.003876,2026-04-18T18:59:47.167797
batch-20260418-1k,4ddef51c-2bc1-40d8-8d21-7038090a7be6,un-ponte-in-un-guscio-di-noce,0c9d5370-fe95-45ea-b860-d7ba8f6c4e49,a-bridge-in-a-walnut-shell,30a5e744a65b332c,ok,,1836,940,0.005229,2026-04-18T18:59:52.521710
batch-20260418-1k,4deed934-d3fe-4d88-b9cf-97344b2e6718,4-vita-comunitaria-costruire-comunita-tre-pilastri-fede-luce,321b67e4-3eb5-4b29-a2cc-ab52a99d8e32,4-community-life-building-community-the-three-pillars-of-faith-and-light,1986aa6f7c037b2d,ok,,2472,1507,0.008006,2026-04-18T19:00:04.166415
batch-20260418-1k,4e06cd54-345b-46be-9ab1-db84dc37c68d,labbraccio-benedicente-meditazione-sui-ritorno-del-figlio-prodigo,f75e17f0-989e-4567-912e-8bfa3c51be9a,the-blessing-embrace-meditation-on-the-return-of-the-prodigal-son,37ffdf105ec1f16f,ok,,1083,435,0.002606,2026-04-18T19:00:19.210953
batch-20260418-1k,4e173928-fa68-4478-8e2d-e1a1f14077e8,gli-oggetti-raccontano-storie-straordinarie-di-oggetti-comuni-recensione,7af9b676-a88b-4eea-8bcc-69fda8884e81,objects-tell-stories-extraordinary-stories-of-ordinary-objects-review,616ecd22b5d0d5e9,ok,,925,300,0.00194,2026-04-18T19:00:23.063711
batch-20260418-1k,4e199774-3ee5-43fa-b9b3-2b659c219840,programma-del-pellegrinaggio-a-roma-del-1975,50496659-43ad-4764-883d-47e337b6723d,program-of-the-rome-pilgrimage-in-1975,5fb17c5d68e92478,ok,,1697,989,0.005314,2026-04-18T19:00:26.762602
batch-20260418-1k,4e2aa1bc-92e1-416a-bee9-95e934e28e7e,il-dono-dellunita,1bd1088b-8ce4-4b61-a1f3-cf4eb739b143,the-gift-of-unity,eeb62f98e561a185,ok,,2244,1233,0.006727,2026-04-18T19:00:35.036305
batch-20260418-1k,4e3ac030-3c2b-412c-9c53-f71538c77771,poco-a-sud-dellequatore,65ffdb9d-78ac-45dc-81dd-b56351cabfee,little-south-of-the-equator,fb973f25b7093e57,ok,,3089,1980,0.010391,2026-04-18T19:00:46.862854
batch-20260418-1k,4e4e807d-1aab-47de-a27e-821bcdef7592,la-tua-vita-e-la-mia,68b891a1-7006-4608-823b-afca51fe6497,your-life-and-mine,7349e81ad651cf20,ok,,1293,654,0.00365,2026-04-18T19:01:12.918554
batch-20260418-1k,4e4eaff4-b9a0-4998-aa65-030e5933ee7f,quarantadue-chilometri-tra-bellizzi-e-new-york,38dfb759-48ef-4a48-a40f-07025009e3f7,forty-two-kilometers-between-bellizzi-and-new-york,459070b626ab9a9b,ok,,2459,1464,0.007823,2026-04-18T19:01:18.358226
batch-20260418-1k,4ea2abcd-e3c1-43bd-b558-22bdaef7d826,cecilia-vuole-una-casa,6b7e1099-aac9-485f-b88b-e1768ecd4eca,cecilia-wants-a-home,188382a4d429832b,ok,,1916,1023,0.005625,2026-04-18T19:01:35.489613
batch-20260418-1k,4eaa4c16-ef11-412b-9ec0-8dbacf6a4543,il-mondo-di-sergio-una-storia-vera-dei-nostri-giorni-recensione,b25d1ebb-7bd6-40b7-abd0-1b0a80d3da75,sergios-world-a-true-story-of-our-time-review,89c5043a0901231a,ok,,1523,758,0.00425,2026-04-18T19:01:46.434758
batch-20260418-1k,4ecbfd2a-737e-405a-a644-2cc4dac8d47d,lhai-chiamata-per-portare-frutto,f691556f-afa9-433e-a519-18e8ca44ed2c,you-called-her-to-bear-fruit,42af677007995f66,ok,,4232,2839,0.014742,2026-04-18T19:01:52.928472
batch-20260418-1k,4ed1ba19-e03e-4bd3-8d48-2b9f146bada3,la-stelletta,3f48f348-4ef0-49ef-8ead-d2420d2c7b11,the-little-star,b89799813e95c3fb,ok,,2512,1470,0.00789,2026-04-18T19:02:33.973633
batch-20260418-1k,4ef2b888-f1a0-4635-9455-bdacc407e169,lassociazione-la-nostra-famiglia,c9f81078-b955-4db5-8edf-a661716b6bc6,the-association-la-nostra-famiglia,d1db7e1b63d862cd,ok,,1486,709,0.004025,2026-04-18T19:02:51.984745
batch-20260418-1k,4ef48aa3-d717-4b23-9262-74e4e9ebd640,avete-mai-interpretato-la-grotta-di-betlemme,ac4df984-d053-44fd-8dac-8693b8212729,have-you-ever-played-the-role-of-the-cave-of-bethlehem,240ad6b0b4c8314e,ok,,1668,823,0.004626,2026-04-18T19:02:57.489095
batch-20260418-1k,4ef8acfd-43b8-4887-b165-84cbef63d3d6,il-vangelo-per-tutti-i-disabili-mentali-e-la-domenica-nella-comunita-ecclesiale,d7619e5d-7aae-4109-bc0b-c6201e1637a0,the-gospel-for-all-people-with-mental-disabilities-and-sunday-in-the-ecclesial-community,09bf3f2111c78097,ok,,849,245,0.001659,2026-04-18T19:03:05.812910
batch-20260418-1k,4ef95a11-4673-4739-970d-27432a18fc4c,vivere-con-la-distrofia-intervista-a-me,63a0bfdc-6ba1-4873-953a-b651886a6893,living-with-dystrophy-an-interview-with-myself,e048b344135a5f69,ok,,3087,1884,0.010006,2026-04-18T19:03:08.817292
batch-20260418-1k,4efade45-5c32-4599-b981-71228f04b2d0,consulta-nazionale-integrazione,31cb736c-4908-4559-889b-b89a83272e04,disability-and-work-the-national-consultative-body-for-integration-is-established,005b9b8e748104f7,ok,,1492,690,0.003954,2026-04-18T19:03:37.585059
batch-20260418-1k,4f089d80-7909-48df-a3c8-0fe772937a43,alla-scuola-materna-insegnanti-poco-preparate,194728fa-9eff-488c-9be3-ff8039833c0d,poorly-prepared-teachers-in-kindergarten,ec3a554eea8c2a9a,ok,,1105,400,0.002484,2026-04-18T19:03:44.101481
batch-20260418-1k,4f1034ef-fd28-4b95-9ad6-3aa37feeba91,dialogo-aperto-per-papa-francesco,e27057c6-d9cb-489a-98c2-841ec341e186,open-dialogue-for-pope-francis,3a3fb769149b031c,ok,,1431,701,0.003949,2026-04-18T19:03:48.187578
batch-20260418-1k,4f6a1abe-7295-4413-ad44-1d9762834af3,ho-incontrato-gli-scooppiati,a488ff4a-2274-46f6-9d31-905d63b9fb19,i-met-the-scooppiati,caf4dd12933ca0b9,ok,,2000,1221,0.006484,2026-04-18T19:03:53.289765
batch-20260418-1k,4f86c1ff-66be-4907-b623-e43a15def417,una-relazione-importante,f56c1277-d611-4939-a796-982880b946ee,an-important-relationship,a801ab00b264ec88,ok,,1426,615,0.003601,2026-04-18T19:04:04.076712
batch-20260418-1k,4f904109-89d7-41d3-a85d-58f7b5e57006,attivita-riabilitative-fiori-colori-e-profumi,3eb7e1b6-ec69-4127-ab34-d6a93558d363,rehabilitative-activities-flowers-colors-and-fragrances,ca431c9d7b53d274,ok,,1796,963,0.005289,2026-04-18T19:04:08.944403
batch-20260418-1k,4f913f1e-2d01-42e3-93f7-f10a91ebcd9d,quattro-punti-cardinali-i-luoghi-di-ombre-e-luci-tra-i-quartieri-di-roma,017d3b7e-3e6a-44e9-8253-08afd46b8ff4,four-cardinal-points-the-locations-of-ombre-e-luci-across-romes-neighborhoods,4be0385e65fc2084,ok,,2875,1922,0.009988,2026-04-18T19:04:18.259395
batch-20260418-1k,4fc80043-c1af-485f-b769-6cc150eb870d,raggi-di-sole,a8ac7510-36a2-4c5c-aba2-b0f9fe60bbff,rays-of-sunshine,ab9e319ef9bbc656,ok,,2559,1600,0.008447,2026-04-18T19:04:42.304817
batch-20260418-1k,4fdc0d9f-4c31-4561-aa85-df246ef425cc,chi-resta-deve-capire-recensione,501f65b1-1843-4cf9-9191-b0d0d07dfae3,who-remains-must-understand-review,bf5a2a35d4590a0d,ok,,1167,518,0.003006,2026-04-18T19:05:00.770441
batch-20260418-1k,4fe7feb6-89e8-4a61-b033-adc43276dacc,avevo-deciso-di-non-amare-mio-fratello,21a1885a-b9b6-45fe-a361-41a3c904306a,i-had-decided-not-to-love-my-brother,5cb6837b1994aa9e,ok,,2117,1163,0.006346,2026-04-18T19:05:05.534630
batch-20260418-1k,4fef90f4-5f14-4a56-a5b0-7e6a8f63ff49,voglio-il-mio-mare-la-mostra-di-design-di-studenti-e-persone-disabili,db3a2935-4d0d-477c-8656-7b6e5e7ff355,i-want-my-sea-the-design-exhibition-of-students-and-people-with-disabilities,b3a77f69005fa2d5,ok,,2775,1683,0.008952,2026-04-18T19:05:18.946925
batch-20260418-1k,4ff88ea2-61e8-4e06-9290-6ae083b3b583,2-fede-e-luce-larte-dellincontro-per-superare-la-paura-della-diversita,b2dbfe0d-c3a7-4eb0-9dfa-37a2c8fb933f,2-the-art-of-encounter-overcoming-the-fear-of-difference,5df7198f041de577,ok,,3300,2123,0.011132,2026-04-18T19:05:37.197215
batch-20260418-1k,500e4b8c-7127-4c04-8e69-fb63c29c49c3,rivista-hd-problemi-comportamentali-le-strategie-dintervento,80cb0097-5771-436e-adcf-5ab8e0e34a0d,hd-magazine-behavioral-problems-intervention-strategies,06b79c93b7ad205e,ok,,1077,392,0.00243,2026-04-18T19:06:05.050411
batch-20260418-1k,501500f2-f287-4932-b0aa-d2f54d74a0d0,non-sta-piu-in-un-angolo,7139180a-59c4-4ced-a7e3-2f3b7ec02dbc,he-is-no-longer-in-a-corner,ef8d0f6073c92261,ok,,1361,647,0.003677,2026-04-18T19:06:08.694948
batch-20260418-1k,502c94c3-3826-4281-9aa5-bb1949b239af,vi-ricordiamo-perche-ombre-e-luci,1f178e4b-4580-43f9-b42e-5fbea92c9405,we-remind-you-why-ombre-e-luci,04857b2442110b9d,ok,,1146,491,0.002881,2026-04-18T19:06:14.429868
batch-20260418-1k,504775f8-347f-4e3d-9990-84d7be7eb5b6,la-presenza-dei-piu-piccoli,0ede1cb9-6117-47c9-8701-bd25e319a216,the-presence-of-the-smallest,ba90a9c9a580e2ad,ok,,2039,1175,0.006331,2026-04-18T19:06:18.862136
batch-20260418-1k,506922c1-cda3-423f-9e13-1b797e7bc8ab,essere-padrino-ha-cambiato-la-sua-vita,b4ad7099-0d01-498a-8cf4-bfea15a0dc4c,being-a-godfather-changed-his-life,55156ec974dad621,ok,,2069,1129,0.006171,2026-04-18T19:06:30.514099
batch-20260418-1k,50beb538-53b8-43bf-bef8-18d48a44447f,chiamati-a-portare-frutto,bb4b6e6e-53cb-4b4d-b33a-d737a8a87fff,called-to-bear-fruit,2f8f3cdf5da4ac49,ok,,1967,1083,0.005906,2026-04-18T19:06:42.684394
batch-20260418-1k,50bf0db7-67b2-4757-86c9-d89251ca95a1,fede-e-luce-larca-ombre-e-luci,43966764-e4e2-4b88-9ffc-6afc98299e47,faith-and-light-the-ark-shadows-and-lights,29219c0a36cbddba,ok,,1324,630,0.003579,2026-04-18T19:06:53.654129
