job_id,it_id,it_slug,en_id,en_slug,source_hash,status,error,input_tokens,output_tokens,cost_usd,timestamp
batch-20260419-v6,4d3303dd-3d02-4df9-a01d-f6c6cdb2ba30,insegnante-di-lettere-canale-della-vita,04353ca6-60e6-4447-ae94-ae98e5a54450,a-teacher-of-lettersgateway-to-life,77d01f9b89b2d18e,ok,,5921,2734,0.015673,2026-04-18T22:24:34.567912
batch-20260419-v6,64b894ee-60d3-4fa5-9f0f-b7e25dd06de2,dialogo-aperto-n-32,a69101f9-3a70-4c54-8ac4-9a90842ff3a6,open-dialogue-no-32,47c4c631b93e4683,ok,,3835,1355,0.008488,2026-04-18T22:24:56.732938
batch-20260419-v6,97f06192-00a8-4194-8e53-044dafc00247,la-sfida-dellarca-recensione,2f37dc00-3c75-4b4f-9049-78df5f3e3cbe,the-challenge-of-larche,2e421a75a091cb2d,ok,,2342,233,0.002806,2026-04-18T22:25:13.749782
batch-20260419-v6,9802c9f0-417f-44f3-bfd6-a26ca8eee745,dialogo-aperto-n-133,714055d7-b715-4e10-ae8c-2f6a6267792a,open-dialogue-no-133,7317009b43acc134,ok,,3558,1104,0.007262,2026-04-18T22:25:16.375231
batch-20260419-v6,9814c0fa-9a35-4d51-b41a-d6d1949869f5,microgiustizia,8f12e366-6968-403a-aaf6-0e6c267ebe2a,small-justice,8bf26a2a0cf7058e,ok,,2774,523,0.004311,2026-04-18T22:25:30.182915
batch-20260419-v6,98292efb-8475-4acc-87ed-5d9859509d71,il-corpo-dellamore,5c4546a0-eb62-4cbf-8aaf-e2f57f1e3d7e,the-body-of-love,50f94f94aff5fc5a,ok,,2691,519,0.004229,2026-04-18T22:25:34.943232
batch-20260419-v6,98f16a26-8ca6-492f-bb42-864449616c2c,jesi-una-casa-per-incentivare-vita-autonoma-di-persone-disabili,3c255c5e-67d1-4122-99ab-9044a369978b,emmas-house-a-home-for-disabled-young-adults-to-live-independently,2b6906ad0e2d4c61,ok,,3302,997,0.00663,2026-04-18T22:25:41.012075
batch-20260419-v6,991c2350-b911-4e41-92c5-efb21309189c,di-compleanni-e-di-greenpass,e3481e92-d551-41cf-940c-aaa075e74aaf,birthdays-and-green-passes,d010cb82112d18cf,ok,,2809,606,0.004671,2026-04-18T22:25:52.746875
batch-20260419-v6,99291dc8-e5f7-4c43-9314-ddd83cc66cfb,vita-fede-luce-19,ab0ff778-c274-4379-b74d-e829fece8790,faith-and-light-issue-19,1cc754fbe6decb4a,ok,,3676,1194,0.007717,2026-04-18T22:25:58.607341
batch-20260419-v6,9933fbce-bfb6-44fd-82fd-2d518a93063c,ne-lui-ne-i-suoi-genitori,2e254d5c-e6b8-42eb-9e4b-8be62b210601,neither-he-nor-his-parents,2c37b83051ac98d9,ok,,5818,2605,0.015074,2026-04-18T22:26:11.448007
batch-20260419-v6,99af6351-e5d8-4244-8204-21c43be9ac23,comunita-alloggio-la-torre,9003df2b-77bb-475a-abdb-3f36ac5adb8d,la-torre-a-residential-community,b72dc331eccee5ce,ok,,2811,522,0.004337,2026-04-18T22:26:51.843570
batch-20260419-v6,99c841b1-db59-4065-afa3-4f2f99e05c4f,vita-fede-luce-n-25,3f7b08b2-0de5-4e27-a1c2-d05db6fd9068,faith-and-light-life-together-issue-25,2fc340b492b8efbb,ok,,4181,1588,0.009697,2026-04-18T22:26:57.640920
batch-20260419-v6,99ce1b26-a509-40cf-8093-4f5ffe6412c1,cirano-insegna,bc6b8832-0879-4048-9d9c-ae6f2f07bf3d,what-cyrano-teaches,4cac66ee624ffbac,ok,,3500,1009,0.006836,2026-04-18T22:27:16.514759
batch-20260419-v6,99d704bb-3bac-4ee0-8676-cca8fde21227,il-libro-di-charlotte-recensione,999ccf11-922f-4de9-a1d5-7cd68e07e156,charlottes-book-a-review,b161b643854be498,ok,,2421,294,0.003113,2026-04-18T22:27:29.074785
batch-20260419-v6,99d9871c-7f72-4ac7-9238-7f478bfa21e1,sto-invecchiando,28dcbe91-8599-49e0-8aa2-07d9c430971b,i-am-growing-old,9ac5eadc897e4fe7,ok,,2444,304,0.003171,2026-04-18T22:27:32.484242
batch-20260419-v6,99face4a-0fe0-4c8c-abc1-26baab0f51f6,al-compleanno-di-papa-francesco,5948b777-dc82-4ab2-84b9-ad70ed22879f,at-the-popes-birthday-party,a8861fc0544779f1,ok,,2755,539,0.00436,2026-04-18T22:27:35.499027
batch-20260419-v6,9a112234-783d-4b9f-855e-1700518d24d2,giobbe-perche-dialogo-di-una-madre,8ecf87d2-4ead-4a3d-89b1-e9325d324917,job-why-a-mothers-dialogue,13e3b5cae64c1831,ok,,2530,350,0.003424,2026-04-18T22:27:40.423475
batch-20260419-v6,9a32872c-b2bd-4907-8d0d-02d2bd6bf679,dedicato-alle-mamme-e-ai-papa,343709f4-dd5c-4266-ae8b-ebe0c7330268,a-letter-to-mothers-and-fathers,2de112ff8adace79,ok,,2481,333,0.003317,2026-04-18T22:27:44.748745
batch-20260419-v6,9a6603e8-2262-4fe4-ae10-1443f3dfc3ee,la-rivoluzione-del-coltello,7ecafe9c-a122-4757-a13e-ac0aa63b557d,the-revolution-of-the-knife,adbcecc8940447fb,ok,,3244,922,0.006283,2026-04-18T22:27:48.488132
batch-20260419-v6,9aa43016-32f3-4fea-8228-96c34a5dcf78,fino-a-quando-la-mia-stella-brillera,66c6073a-eb16-40fe-8d97-d23848e0a43c,as-long-as-my-star-shines,feb84a187e05474a,ok,,2824,683,0.004991,2026-04-18T22:27:59.616116
batch-20260419-v6,9abeb150-7dcf-4f8d-8a6d-eca9529c6c83,dossier-scuola-e-disabilita,e1df4fbe-03e6-4b74-9cbd-9bc4db1a1668,dossier-school-and-disability,7dee1f0923bd5f62,ok,,2934,643,0.004919,2026-04-18T22:28:03.905053
batch-20260419-v6,9ac411a2-684c-45c4-91bd-c626f9b00ea5,tutti-insieme,1dcee5cf-cf14-499b-a7bb-5263bfea9a5b,all-together,b1c52433e68bcf33,ok,,3254,872,0.006091,2026-04-18T22:28:11.582126
batch-20260419-v6,9af33e2f-7d4d-4604-b2e4-5115653ee0e0,se-ti-abbraccio-non-aver-paura-recensione,e0b06556-317d-4483-8388-839f7f05429c,dont-be-afraid-if-i-embrace-you-a-review,7289c8f21ba853eb,ok,,2591,433,0.003805,2026-04-18T22:28:22.461118
batch-20260419-v6,9af391ae-808b-4272-bdb8-18ba38759bb7,il-loro-credo,734b414f-bc71-4b7a-8d8a-735c594a1c43,their-own-creed,93936eba0b579400,ok,,3577,1118,0.007334,2026-04-18T22:28:26.655416
batch-20260419-v6,9b0a1203-8008-4024-8604-9214d29089c1,alla-mia-bambina,4bd334bd-1174-4f3a-8dec-766f3a3c40f3,to-my-daughter,e87c8e7028001255,ok,,3127,789,0.005658,2026-04-18T22:28:37.868380
batch-20260419-v6,9b298d12-551d-4be9-af5b-57fb0b810eff,wonder-recensione,b928d8f3-3a0d-4f6e-9230-220b319d426e,wonder-a-review,d0d10e9b091a1968,ok,,2618,436,0.003838,2026-04-18T22:28:46.117133
batch-20260419-v6,9b4c46eb-c00a-44e7-8831-4b32a50ee8df,un-po-come-una-sirena,ca845eac-7df5-4d4e-bc13-122e527b344e,like-a-mermaid,bffc694b4867bbc8,ok,,2591,390,0.003633,2026-04-18T22:28:51.180438
batch-20260419-v6,9b69135f-f1fe-461b-a39e-006d884bf150,estemporanea-e-personale,020b0c9a-f94d-46da-9dc7-19ce08ae2d80,spontaneous-and-personal,0bdc5517c9909d6b,ok,,3101,724,0.005377,2026-04-18T22:28:55.034839
batch-20260419-v6,9b791271-6a39-4318-af52-902b945b8e1f,hotel-6-stelle,6fee5686-c644-4371-89ee-ed90a1ff91c1,six-star-hotel,54f0fc6aef8d69c1,ok,,2698,468,0.00403,2026-04-18T22:29:03.352050
batch-20260419-v6,9b87b937-77b7-4074-981b-0acefbfc09fe,la-varieta-in-cui-viviamo,410f0b7d-958d-41ca-a7a0-bb0c78226e5a,the-variety-in-which-we-live,6b9777c0d6aae794,ok,,3406,1006,0.006749,2026-04-18T22:29:08.889800
batch-20260419-v6,9ba43fb8-3254-4848-a1d0-c8736ac65cc5,perche-il-mare-non-e-sempre-lo-stesso,a17013f4-dd96-41f7-8a22-9f907677b317,why-the-beach-isnt-the-same-anymore,b6b365359a569699,ok,,2788,628,0.004742,2026-04-18T22:29:21.270702
batch-20260419-v6,1e6bde7e-707c-49b7-908f-456a389e08e9,indice-articoli-per-argomenti,,,314ead60c13dce04,error,Quality gate fallito: HTML: tag count: 473 orig vs 304 trad,,,,2026-04-18T22:24:34.566316
batch-20260419-v6,9bb2bb7c-66d9-4a38-8eed-0643dfe701b6,carissimo-cardinale,1ff86253-eb07-4963-ac8b-3f28abe5755d,dear-cardinal-martini,831138fbd66d595a,ok,,2865,582,0.00462,2026-04-18T22:29:31.075618
batch-20260419-v6,9bb1c957-f234-4656-926b-d1fd5c7a5901,dialogo-aperto-n-124,e7aa4d1c-101f-43d2-a92a-fcde9599a2da,open-dialogue-no-124,5dddb05b20ab9334,ok,,3286,949,0.006425,2026-04-18T22:29:28.191543
batch-20260419-v6,9bc6f78f-0cf4-4287-b352-1f5d287f6224,parole-in-liberta-diario-semiserio-della-madre-di-un-disabile-recensione,43c609dc-e034-479a-9c4d-40562dee5a92,words-set-free-a-mothers-half-serious-diary-of-raising-a-disabled-childa-review,b5db28dbd1f54f33,ok,,2427,335,0.003282,2026-04-18T22:29:39.358769
batch-20260419-v6,9bc1348f-2a23-47fd-a895-5d9792dcf992,antigone,6293c34b-1f4d-4403-9f35-6dcb97c065b2,antigone-9bc1,2541da6dbca007ba,ok,,2597,439,0.003834,2026-04-18T22:29:36.823757
batch-20260419-v6,9bd25ed3-a458-4d5d-8ed5-a338e4f668b3,tutti-possono-essere-santi,b16b7f8e-deb8-4658-9ce1-3ad126f58ae0,everyone-can-be-a-saint,ee2c8cb481f0e9a7,ok,,3840,1399,0.008668,2026-04-18T22:29:43.258838
batch-20260419-v6,9be923c3-79f3-4c89-adfd-bf2bca39acbb,il-ruolo-del-pediatra-nel-trattamento-del-bambino-handicappato,414068e3-1038-41e0-9987-f05d96f78be3,the-pediatricians-role-in-treating-the-handicapped-child,d201ad1601986561,ok,,3812,1177,0.007758,2026-04-18T22:29:44.998378
batch-20260419-v6,9c10ef97-995e-4b30-b0a8-3a6e3a6094c1,leducazione-religiosa-degli-handicappati-mentali,59cc564e-fb96-4ddd-86ef-a38f5156b831,i-am-with-you-religious-education-for-children-with-mental-disabilities,86839a0311c394c4,ok,,3020,762,0.005464,2026-04-18T22:29:58.609790
batch-20260419-v6,9c248e1d-f20c-42ae-a054-dad6cecc9209,in-pizzeria,4f8f3ea2-7933-4601-b1db-70df1d46d794,an-evening-at-the-pizzeria,0111661b2c5f3dbc,ok,,3504,1079,0.007119,2026-04-18T22:30:04.081395
batch-20260419-v6,9c274fdc-af7c-454d-b782-b3e299d2b25a,dopo-di-noi-insieme-a-noi-famiglie-e-servizi-nella-cura-dei-disabili-adulti,8bfaf904-938f-47d5-b403-cb80baef931f,after-us-with-us-families-and-services-in-the-care-of-disabled-adults,df654afdf1b8f68c,ok,,2655,467,0.003992,2026-04-18T22:30:17.300988
batch-20260419-v6,9c3b5638-a6df-42a7-9652-713bf16cb262,domande-e-risposte-su-fede-e-luce,9b2886e0-feb8-4be7-99fb-6cbead019b0d,questions-and-answers-about-faith-and-light,721e4b1875a9ef79,ok,,3369,935,0.006435,2026-04-18T22:30:22.579362
batch-20260419-v6,9c8ecf96-434e-498a-977a-418b7cf6ce5f,vogliono-sposarsi-cosa-decidere,d1e4624b-67cd-4971-8ae1-f094e3bd1bba,they-want-to-marry-what-should-they-decide,e874fe8d1f2d1d1c,ok,,2957,667,0.005034,2026-04-18T22:30:32.925387
batch-20260419-v6,9c159b4c-3fbb-4f79-aca8-713eb707caae,il-peso-degli-sguardi,43566bf9-da60-4f57-b4dc-c05a8488b617,the-weight-of-their-gaze,0bc0507eb11c1183,ok,,5921,2839,0.016093,2026-04-18T22:29:58.613426
batch-20260419-v6,9c962c25-47d1-4f19-80d0-fde0cf1c05fa,la-lezione-di-un-clown-miloud-oukili,33fa9f21-68ae-4bb2-8634-3da54f06bb8c,the-clowns-lesson-miloud-oukili,2c85a8045d7ff7a7,ok,,3200,906,0.006184,2026-04-18T22:30:39.585524
batch-20260419-v6,9c91101e-8ea3-45ee-9a0f-3978a481f94e,lettere-sul-dolore-uno-sguardo-sul-mistero-della-sofferenza,834a3977-0f25-4c33-9e84-bc171cd79ed2,letters-on-sufferingunderstanding-the-mystery-of-pain,aec7ae17174aafd4,ok,,3209,846,0.005951,2026-04-18T22:30:38.933552
batch-20260419-v6,9ca8ca1a-2319-419a-b0fd-7079ce34778e,handy-cup,581493d8-2886-4c3c-8248-86db25d91d4a,handy-cup-9ca8,efad8db63fc8569e,ok,,2614,442,0.003859,2026-04-18T22:30:48.053124
batch-20260419-v6,9cb53c18-53b0-42e7-a211-867d6b76416f,diversabilita-storie-e-dialoghi-nellanno-europeo-delle-persone-disabili-recensione,aba25aaf-5c73-437e-8e8e-6bc3ba464917,diversabilita-stories-and-dialogue-from-europes-year-of-disabled-personsa-review,135a5d27e08f3002,ok,,2610,429,0.003804,2026-04-18T22:30:48.252565
batch-20260419-v6,9cbe74ad-b91b-46b2-9688-24522a87854e,bando-di-concorso-per-auto-adesivo-del-pellegrinaggio,8c9b80d5-36d5-48f9-9b86-4a297b71a82c,design-contest-create-the-pilgrimage-sticker,1200d288a909d315,ok,,2518,381,0.003538,2026-04-18T22:30:53.202381
batch-20260419-v6,9cb624a2-fa36-4ea7-ac87-39c41b8cd3e5,vacanza-tempo-per-riposarsi-rilassarsi-ritemprarsi-rifiorire,0d6c6ad6-45c6-4dbd-94a7-cd17637b81f1,vacation-a-time-to-rest-restore-and-come-alive-again,b05b44f93b82c368,ok,,2937,591,0.004714,2026-04-18T22:30:52.090113
batch-20260419-v6,9cc952f0-93ff-4a3f-831f-9f0648f78ede,i-fratelli-e-le-sorelle-di-persone-con-disabilita,b1e75f21-3d52-40a7-b826-f632453723a4,the-brothers-and-sisters-of-people-with-disabilities,c1cada0be5c21293,ok,,2391,277,0.003021,2026-04-18T22:30:58.691461
batch-20260419-v6,9ce50113-453d-49f9-ba29-8095a71f8556,non-ce-persona-piu-ricca-di-me-recensione-libro,b928a059-5e9d-4a15-a121-d5bcaea6a840,no-one-is-richer-than-me-a-book-review,b7738bb7b54ba3be,ok,,2447,337,0.003306,2026-04-18T22:31:01.941990
batch-20260419-v6,9cce6c64-626a-4e7a-8cf6-024237057d46,la-carrozzina-sulle-macerie,3e8618cd-2c03-4994-bac6-9afc3b4bb972,a-wheelchair-among-the-rubble,f79fe7219bcccdf6,ok,,2929,604,0.004759,2026-04-18T22:31:00.507918
batch-20260419-v6,9ce6eaab-f075-4f0a-a1c7-e5a09d957d92,quando-a-vincere-e-il-razzismo,e6696650-00bf-4989-ae93-9a55f663baec,when-racism-wins,113aeea737319905,ok,,2619,386,0.003639,2026-04-18T22:31:05.378910
batch-20260419-v6,9cfc6f42-393b-4bc3-9e0c-1ad0584dad02,un-figlio-a-sorpresa-la-scoperta-dei-suoi-doni,7871f82f-734b-4525-aabd-de3424c6f3b5,an-unexpected-gift-discovering-his-talents,9c08c1623ff9e633,ok,,2707,511,0.00421,2026-04-18T22:31:09.314281
batch-20260419-v6,9cfad386-e7e7-40f2-956b-5318b15237a8,elezione-responsabile,4a9b6ace-ddad-4897-9a37-90c1d0d925b9,between-a-conclave-and-a-session-of-self-discovery,02715361de28b559,ok,,3523,1024,0.006914,2026-04-18T22:31:06.660490
batch-20260419-v6,9d27bea7-147a-4fbc-83d0-da0ea605c166,bartimeo-uomo-solo-in-mezzo-alla-folla,,bartimaeus-alone-in-the-crowd-9d27,d757cdc68fd6d77d,error,HTTP Error 400: Bad Request,4939,1934,0.011687,2026-04-18T22:31:14.949916
batch-20260419-v6,9d749986-5d1c-41cb-a51f-11d9e0d88f89,la-fragilita-alla-festa-del-cinema,11f71b47-1e9d-43fb-86d1-1743e3fcc60c,fragility-on-screen-what-to-watch-from-romes-film-festival,dc56aea73b969848,ok,,3377,901,0.006306,2026-04-18T22:31:40.617879
batch-20260419-v6,9d83f981-4f91-477c-b352-504a003d2c39,stephen-wiltshire,a5b2a7b0-f61e-4c29-a133-a04123af7867,stephen-wiltshire-the-autistic-artist-who-draws-new-york-from-memory,1a6bcf42336b1ff0,ok,,2878,617,0.00477,2026-04-18T22:31:50.674666
batch-20260419-v6,9d454645-2afb-4142-8aaf-7ae55391e882,dialogo-aperto-n-15,8ee703f6-2820-4127-9ec9-29993b850ec5,open-forum-15,824e4c47acda08a8,ok,,5745,2760,0.015636,2026-04-18T22:31:19.007407
batch-20260419-v6,9da8cfcb-aeca-4f65-8dcc-8ed8679ccd62,ci-hanno-scritto-n-23,878e47a6-0634-4d5a-85c5-5fdac50f261d,letters-to-the-editor-issue-23,8fd6c79f63d93e85,ok,,2916,665,0.004993,2026-04-18T22:31:56.595393
batch-20260419-v6,9dd0a8c1-d594-4c33-93e6-614ebfc6a805,larte-di-dimenticare-recensione,b64721ae-8206-4d81-8d12-4ceaf3611761,the-art-of-forgetting-a-review,d1cdccbc06147cda,ok,,2775,527,0.004328,2026-04-18T22:32:02.441819
batch-20260419-v6,9dfdb850-68c9-46fe-a928-cc2591019939,per-sempre-altrove-recensione,2cc28c9b-4bba-4b89-b502-e121fb1d7801,forever-elsewherea-review,0f73fbc33e554319,ok,,2365,249,0.002888,2026-04-18T22:32:11.140102
batch-20260419-v6,9dca7af3-10c9-4305-92df-faa94c0018ff,scout-e-disabilita-un-ambiente-educativo-anche-per-maria,ddb76881-70c9-4ed7-9f76-a001f4ac19e9,scouting-and-disability-a-place-for-maria-too,27019ff77475c2a8,ok,,4183,1528,0.009458,2026-04-18T22:31:57.377282
batch-20260419-v6,9e07e79e-918e-4735-be82-ee22720cf34b,belli-tutti,c17e25d6-6eb8-4e67-8328-dc459a57f3c9,beautiful-all-of-them,4a9879527bfde924,ok,,2486,327,0.003297,2026-04-18T22:32:14.049052
batch-20260419-v6,9e0d7834-62ba-4a3c-bc6c-d0048833d042,quando-sono-diventata-dottore-di-ricerca,422a28e6-044f-4a44-bafa-e8bd8014cb3b,the-day-i-became-a-doctor,953e7a83dec6723a,ok,,2277,181,0.002546,2026-04-18T22:32:15.739749
batch-20260419-v6,9e43a67a-93df-42f0-a780-e5c8649071da,modus-navigandi-recensione,a943275b-6620-4144-901a-89f3ab1f1d17,modus-navigandi-a-review,944f82ed6ffca3c4,ok,,2414,285,0.003071,2026-04-18T22:32:18.442318
batch-20260419-v6,9e169138-5042-40bd-be19-13ea1516d431,carmela-e-quattordici-murali-per-cambiare-il-mondo,a54b0508-f40d-481e-a693-7e5ea0a31109,carmela-and-fourteen-murals-to-change-the-world,6e1b07a4ff7f9be7,ok,,2728,489,0.004138,2026-04-18T22:32:17.666106
batch-20260419-v6,9e5bc10f-b6ce-4bc4-82a7-8067c239d3f1,quando-il-dolore-bussa-forte,a14c6d1d-09bf-4719-8218-76d9f8e2b980,when-pain-knocks-hard,6a358623a770ad85,ok,,2484,347,0.003375,2026-04-18T22:32:21.824522
batch-20260419-v6,9e63d447-f2e9-48d5-99e2-0a480cc3f3da,guidare-alla-luce-catechesi-sensoriale-per-una-vita-spirituale-inclusiva,d8416bda-9348-4adb-ab95-67e3085fa853,teaching-by-light-sensory-catechesis-for-an-inclusive-spiritual-life,d55603cc48fecf8b,ok,,3985,1361,0.008632,2026-04-18T22:32:22.412079
batch-20260419-v6,9e6f6f8c-1d93-4309-8164-2bc5101ee8a8,intervista-a-jean-vanier,a7d39872-8db6-42a9-9120-b3217d7da6c2,an-interview-with-jean-vanier,e801b092cfd99a72,ok,,3782,1121,0.00751,2026-04-18T22:32:25.527510
batch-20260419-v6,9e79e056-9e7c-472b-bfbe-7a445c3f69a8,danzero-per-te,a00271ce-f15f-417b-9730-aee5ca1139e8,i-will-dance-for-you,5929a4c9636b7214,ok,,2510,380,0.003528,2026-04-18T22:32:37.239277
batch-20260419-v6,9eae9275-2524-41d2-a949-667f37b50e84,grazie-per-questo-figlio-disabile,81fe3c57-8e8d-4615-8135-770a6de4bf39,thank-you-for-this-disabled-child,ac2533dea828ae2c,ok,,2799,533,0.004371,2026-04-18T22:32:40.774843
batch-20260419-v6,9ea93962-b021-4110-b9fc-75a759be6358,un-dono-di-poesia-il-regalo-delle-quattro-amiche-della-comunita-il-roveto,924f9d6d-377a-4367-bbc6-1b6764442a0c,a-gift-of-poetry-four-friends-from-comunita-il-roveto,9b567eaf67859cdc,ok,,3729,1454,0.008799,2026-04-18T22:32:39.162881
batch-20260419-v6,9ec067f6-3988-4a01-904b-0892b44aded2,vadoalmuseo2,fe0dd4ec-dd23-46b5-bb24-fb990846348c,vadoalmuseo-how-a-bologna-museum-program-builds-independence-for-young-adults-with-intellectual-disabilities,6316110a8177103f,ok,,3191,935,0.006293,2026-04-18T22:32:50.973613
batch-20260419-v6,9eb418be-797d-4c03-be5d-d1fc82658687,autismo-e-psicosi-infantile-negli-articoli-di-ombre-e-luci,864b6f17-d1a1-444b-b0fa-c0c1e9c46a66,autism-and-childhood-psychosis-in-ombre-e-luci,41edc41e67324103,ok,,3717,1639,0.00953,2026-04-18T22:32:45.657394
batch-20260419-v6,9edace2d-8b68-4ddc-8719-562d7261c19d,un-fratello-aiutato-da-un-fratello-e-come-una-citta-fortificata,71ae7574-85dd-486d-84a6-49c40a37a173,a-brother-helped-by-a-brother-is-like-a-fortified-city,02df591daac62238,ok,,2869,601,0.004699,2026-04-18T22:33:03.502301
batch-20260419-v6,9f1238dd-7bb2-4e58-8afe-9019745a80e5,voglio-credere,b8553807-fdc8-4c8c-bff4-389e79cdbe03,i-choose-to-believe,249895febd4bdf1e,ok,,2782,665,0.004886,2026-04-18T22:33:10.043385
batch-20260419-v6,9f36e096-287c-467d-b635-29317eb7581a,con-lidea-di-non-andare,a0dfdd7e-d5b0-47cf-9a73-33d9ede669f7,the-idea-of-not-going,92d1e3264fd31097,ok,,3635,1120,0.007388,2026-04-18T22:33:14.369190
batch-20260419-v6,9f4cb590-0e40-412a-801e-10deddc0ab87,lalfabeto-della-mia-vita,30c6277f-51f2-45f0-96ae-be2abf9c5389,the-alphabet-of-my-life,9e223f130b7b593c,ok,,2603,409,0.003718,2026-04-18T22:33:28.048858
batch-20260419-v6,9f5457e7-2beb-49ba-be12-2b5b6e0dc833,che-fanfara,62ee3081-fa8e-4ccb-ad1f-faab9f746f24,what-a-fanfare,7d139e57e678d77f,ok,,3182,840,0.005906,2026-04-18T22:33:32.434659
batch-20260419-v6,9ede0305-3edc-49d5-a14e-b1603df4e9c0,la-ragnatela,e13f0dc6-3269-4b75-9330-feab7201815a,the-web,0b7c46054f846c8e,ok,,6463,3146,0.017754,2026-04-18T22:33:03.522691
batch-20260419-v6,9f951677-89cb-4945-b59a-df5f8e8f65a4,incontro-fra-genitori,a26e43cc-32c1-48fd-b28e-17087907a449,where-parents-meet,e5dca1473274252f,ok,,2564,384,0.003587,2026-04-18T22:33:43.966466
batch-20260419-v6,9f8f056b-daf3-48c9-b1f4-54eee719a862,doposcuola-al-campo-rom,2603081d-0eee-4ebb-894a-4f8de1d5e9d1,after-school-in-a-roma-camp,1a44006d932e6f19,ok,,3282,858,0.006058,2026-04-18T22:33:41.086699
batch-20260419-v6,9f9fed8a-3d3b-4a22-a558-29fc419cb158,giovanni-paolo-ii-visto-da-vicino,daf95ebb-8df0-4e07-8368-93bca5fe5bde,john-paul-ii-up-close,6c1427e2b8cee862,ok,,2714,545,0.004351,2026-04-18T22:33:48.182266
batch-20260419-v6,9fbc2a18-1c32-4770-bb6b-aa15de57973c,un-fiume-lungo-quanto-il-mediterraneo,a6ca5ffa-153a-4c53-bc29-e148130738b2,a-river-the-length-of-the-mediterranean,ac8a6e4ec099658d,ok,,3194,933,0.006287,2026-04-18T22:33:53.862593
batch-20260419-v6,9fc4edb2-b7d2-4411-97d8-39b5ae751c3e,la-felicita-e-imperfetta,3b46ba34-aa34-443f-b5b5-0fbcad42fc3e,happiness-is-imperfect,29f39861b3057b5f,ok,,3670,1151,0.00754,2026-04-18T22:34:02.681628
batch-20260419-v6,9fe05d2a-2755-45d6-a20e-b12b51b5c504,rico-oscar-e-il-ladro-ombra-recensione,90c6e159-4a41-4ed3-9bad-a66617220f31,rico-oscar-and-the-shadow-thief,0e02de07f85409c5,ok,,2372,244,0.002874,2026-04-18T22:34:15.598084
batch-20260419-v6,9fb9ccfa-2fbd-4ef0-807c-3d87474c85c1,relazioni-sincere,05e0fae8-5957-42bb-a7d5-a829808e6811,true-connections,fbc1e3461a618235,ok,,5524,2572,0.014707,2026-04-18T22:33:53.323726
batch-20260419-v6,a010f3f7-6401-43bb-964b-f0b65d74a042,un-anticipo-di-vecchiaia,9ccaf7ad-bc2a-45e3-9107-24b7797e81f5,a-taste-of-old-age,d745cd85c4b1dc01,ok,,2699,578,0.004471,2026-04-18T22:34:33.136582
batch-20260419-v6,a016426b-af2d-4757-bb46-b5ad8085a6d0,in-auto-io-papa-e-umberto-tozzi,24ec322c-5549-45d2-a584-ecb284875587,in-the-car-with-dad-and-umberto-tozzi,6565d902fa953f9f,ok,,2976,756,0.005405,2026-04-18T22:34:38.391801
batch-20260419-v6,9feaa42e-de28-4985-882f-af8bc7b811f8,vita-fede-e-luce-n-29,c2f3facf-2deb-4ddf-b481-4284fb1b24ab,life-faith-and-light-no-29,15cf0eab4340e103,ok,,5674,2586,0.014883,2026-04-18T22:34:18.499968
batch-20260419-v6,a018b4cf-3617-4e80-a027-d0dfeb8543ab,trasformare-i-nostri-cuori,9089451b-98fe-4725-adc1-4924b285f5aa,transforming-our-hearts-mercy-part-2,02f1fb344cda4466,ok,,3637,1167,0.007578,2026-04-18T22:34:44.792157
batch-20260419-v6,a0615dc7-1dbb-40d9-b8fb-581c194d83ab,la-curiosita-di-raccontare-il-mondo,69bfce0d-89c0-4b01-8ef3-a24f4e172fc4,the-curiosity-to-tell-the-world,6cebd7a1de3fefe9,ok,,3986,1493,0.009161,2026-04-18T22:34:56.852287
batch-20260419-v6,a02361fc-36d0-48cf-90a8-f6bb17dd7cc5,tra-incontri-nel-riconoscimento-dellaltro-puoi-ritrovare-fiducia,71c95133-b946-4e11-a68f-46af2701ea0e,how-recognition-of-the-other-restores-trust,7cfa135156da0477,ok,,4385,1572,0.009796,2026-04-18T22:34:56.407445
batch-20260419-v6,a07e6f6b-ea0b-433a-9b4b-4182d061b189,un-gettone-di-liberta-recensione,1de92e37-a058-4226-a0eb-4e1bc535dbb1,a-token-of-freedombook-review,776905f7c705fdc9,ok,,2351,255,0.002901,2026-04-18T22:35:17.821934
batch-20260419-v6,a083ec67-f771-43b3-b609-bd9f21c068a0,vengo-dopo-la-messa,157ec848-daf9-40af-a8a3-7aa5b73b5723,ill-come-after-mass,25817ebc6d6a4ea9,ok,,3099,790,0.005639,2026-04-18T22:35:20.615551
batch-20260419-v6,a087d056-f19e-476c-81f3-77b29aea80fe,vita-fede-e-luce-n-43-seminario-sulla-catechesi-delle-persone-con-handicap,6380e868-0e41-4f30-9c63-36b8b6aac51e,faith-and-light-no-43-a-seminar-on-catechesis-for-people-with-disabilities,e4dd71b51e681bc0,ok,,4337,1736,0.010414,2026-04-18T22:35:29.531775
batch-20260419-v6,a0983430-7fa7-44cd-9098-0a0dcc49ff3d,le-pagnottelle-di-s-giuseppe,bb5488aa-e209-45aa-83d9-24bd4edbd474,saint-josephs-little-loaves,ff36f09c8b5b80d4,ok,,3119,838,0.005847,2026-04-18T22:35:50.682435
batch-20260419-v6,a06a5879-fc65-44e3-86fd-90526076cde8,dialogo-aperto-n-77,bf3790e4-07d4-42da-8f5b-2da084e11a57,open-dialogue-77,2c379ce6fa0e3632,ok,,6558,3253,0.018258,2026-04-18T22:35:14.482073
batch-20260419-v6,a0b96e26-edd5-4ad1-932d-214d650d5579,fede-e-luce-in-iraq,8ada7c31-628d-4958-9b87-119b6ab21537,faith-and-light-in-iraq,5c97a554f2c4d549,ok,,3101,708,0.005313,2026-04-18T22:36:01.514691
batch-20260419-v6,a0ad636c-2c7e-40e5-9341-aa2754461cf9,alfedena-1976-esperienze-di-vita-comunitaria,9f0cb0bf-b5fc-4b86-9fed-1822eee8c98f,alfedena-1976-a-life-lived-together,ec9f84d37fd64d8d,ok,,4049,1454,0.009055,2026-04-18T22:35:58.306667
batch-20260419-v6,a0d24e2b-e841-4d2e-acc5-d9d476a8c969,strategie-urbane,7436da9c-875e-41ab-b33a-ec53d23099f3,city-strategies,483d1ca1f079a18e,ok,,2876,622,0.004789,2026-04-18T22:36:15.589631
batch-20260419-v6,a0d71c11-3fff-4900-bd8f-9d6f98915294,speciale-cinema-e-disabilita,df34765d-22d7-4d76-9929-0d4b0a1485ec,film-and-disability-a-special-report,9cbe759144cdea0b,ok,,2877,697,0.00509,2026-04-18T22:36:21.683721
batch-20260419-v6,a0bedb41-544c-4b7d-9a37-09c6144e51de,dialogo-aperto-n-116,52c3bf0a-0902-4ed2-b5e6-7622c370b8df,open-dialogue-116,da97532a2939a053,ok,,4416,1752,0.010541,2026-04-18T22:36:07.984694
batch-20260419-v6,a0e13816-0d9d-423b-ba85-c9ea6d6b14f3,dove-lo-prendo-tanto-amore,5c9790d8-3d79-48b9-ba3c-4e7640cf89a1,where-do-i-find-such-love,76f6907e0e6181af,ok,,2601,425,0.003781,2026-04-18T22:36:27.621300
batch-20260419-v6,a113f080-add7-4de0-9222-9af5e0a85aae,per-amore-di-anna-storia-vera-di-una-ragazza-autistica-recensione,f102fb20-802f-4b4a-b2f9-67e856006e03,for-love-of-anna-a-true-story-of-an-autistic-girlreview,6a0570fc660836bc,ok,,3085,775,0.005568,2026-04-18T22:36:30.380122
batch-20260419-v6,a1275143-2e6e-41e6-9123-2ef35a2b3bdf,salve-sono-puccio,f12f9939-e7c0-41dc-bc80-2d275f614411,hello-im-puccio,e9693484a1d5ede6,ok,,3044,714,0.005291,2026-04-18T22:36:39.626132
batch-20260419-v6,a11af852-8363-492f-a7c7-0331127b9513,conoscere-lhandicap-lorenza,a39b4629-ba4e-4d24-9f12-c888b367adb5,lorenza-before-she-was-our-disabled-daughter-she-was-our-daughter,866d64cbadbb4eb2,ok,,4515,1732,0.01054,2026-04-18T22:36:32.235505
batch-20260419-v6,a17081e3-1677-4f2d-af22-96a5970a5e08,verso-una-pace-duratura,26a39b45-8f3d-458e-adcf-4ca0e877837a,toward-a-lasting-peace,43f8c8939e9fd5a4,ok,,3401,904,0.006337,2026-04-18T22:36:46.158315
batch-20260419-v6,a18471ba-d43c-4f63-ade7-753ab326d3a9,comunita-tau-la-nostra-casa,21dcbfe3-804e-475a-88c7-d658f9ed2036,tau-community-our-home,2b1d813a71f4775a,ok,,3730,1201,0.007788,2026-04-18T22:36:54.960187
batch-20260419-v6,a1975166-5cda-4119-8eab-6be5512a7e50,la-mia-vita,f51440c2-27fc-4faa-978b-1905a1467d3e,my-life,cf6eda64b14f6b46,ok,,2758,531,0.00433,2026-04-18T22:37:09.532185
batch-20260419-v6,a18ce892-6d44-4318-ae58-ec02c85ead66,qualche-raggio-di-sole-in-siria,e5716111-0cbf-4446-b2ac-f40875c4ac74,a-few-rays-of-sunlight-in-syria,6199acf89ff0e2ff,ok,,4502,1465,0.009462,2026-04-18T22:36:56.560127
batch-20260419-v6,a1b9a6f6-92bf-44f1-8206-41b62d8cfcdb,pedagogia-della-fede,420ba994-d653-4a9b-9e6a-9fdcc16ad679,teaching-faith-a-pedagogy-for-the-modern-catechist,235ca9937ee9acc8,ok,,2623,408,0.00373,2026-04-18T22:37:14.452714
batch-20260419-v6,a1ebf771-ce56-4da8-94d8-640b2081fede,buongustaio-dellarte,5f53039d-b185-4926-84a8-62be98166595,art-lover,ac5ad233a9ea5e61,ok,,2771,536,0.004361,2026-04-18T22:37:19.042441
batch-20260419-v6,a1ff0ade-5fc9-4067-857e-2b2b5f6a6c0c,la-citta-di-leonia,0b599b46-6877-4d30-bdee-fbb7221a16c4,the-city-of-leonia,ec38c5af7837e2a0,ok,,2859,549,0.004483,2026-04-18T22:37:24.648372
batch-20260419-v6,a1e4551b-a166-41c9-b97c-94dbd74e8892,famiglie-diverse,69e33bdf-6e9e-4aa1-80df-aba621d09110,different-families,58a7739aad1f21dd,ok,,4911,1798,0.011121,2026-04-18T22:37:15.891693
batch-20260419-v6,a210f23e-5138-4412-a719-49b95ba3b9bb,larca-internazionale-annuncia-i-risultati-dellindagine-indipendente,da0a9188-2ad5-4ee7-bca5-400712b60fab,larche-international-releases-independent-inquiry-findings,e5c939e6cd32b37f,ok,,4395,1604,0.009932,2026-04-18T22:37:30.090850
batch-20260419-v6,a214e8fb-5509-4279-aeb1-47506af3894c,con-la-protezione-civile-un-campo-scuola-di-ragazzi-e-volontari-con-disabilita,f8723bf1-970b-40c3-8b93-d4a13e55d319,training-camp-young-people-and-volunteers-with-disabilities-join-civil-protection,f47cc858891d052e,ok,,3029,710,0.005263,2026-04-18T22:37:40.747644
batch-20260419-v6,a219304f-2490-408a-868e-410ca7606524,pronta-a-riviverlo,b03f320b-b7ea-4949-95ad-31102831f177,ready-to-live-it-again,b59961a4a3832a13,ok,,2804,548,0.004435,2026-04-18T22:37:46.763996
batch-20260419-v6,a24163c7-b479-4f24-a2b6-b99703cfb923,proviamo-unaltra-volta-proviamo-unaltra-strada,be5de9ed-31be-41c6-848c-1cf219fcb79e,try-again-try-a-different-way,fa445850c72fdda9,ok,,2955,660,0.005004,2026-04-18T22:37:52.663736
batch-20260419-v6,a241e9b6-2599-4522-9dff-540c5d992e66,istantanea,03eb0469-7a3c-44e5-ac18-dd5c878fc8bf,snapshot,10b99e30820b458e,ok,,2817,537,0.004402,2026-04-18T22:37:59.169237
batch-20260419-v6,a276d078-c3b9-4d6f-b434-a855c1c3ca7d,liniziazione-cristiana-alle-persone-disabili-orientamenti-e-proposte-recensione,7af6723e-df79-4a9b-a95a-b415daa53c23,christian-initiation-and-people-with-disabilities-a-review-of-new-guidance,e7638d0423f427c6,ok,,2434,314,0.003203,2026-04-18T22:38:04.697753
batch-20260419-v6,a230f9b9-39e5-4a12-a40f-8a0893edbe9a,lourdes-1981-domenica-di-pasqua,16f358a0-42a9-4a20-8696-1c08f0fbd88c,easter-1981-at-lourdes,6be8bcb13292d1ed,ok,,4494,1850,0.010995,2026-04-18T22:37:47.712642
batch-20260419-v6,a2bc4a42-082c-4354-a992-d5f94f572f00,dimmi-chi-ammiri,d3693186-0181-4825-96a4-1af5adc05990,tell-me-who-you-admire,d55fa59310354cf8,ok,,2866,633,0.004825,2026-04-18T22:38:10.171996
batch-20260419-v6,a2d940c2-cdb1-4d1a-a182-02d1bcab9bd7,a-tu-per-tu-con-lautismo,c52a3c75-7623-4eb1-b4ba-cf74f73015a3,understanding-autism-a-parents-guide,b3191909616d426e,ok,,2692,485,0.004094,2026-04-18T22:38:16.012714
batch-20260419-v6,a27a4ec8-44f1-4041-87fe-b8980d1ae499,non-sempre-facile-sorella,69bee56e-189b-4a8e-bdee-1f0abc70247f,its-not-always-easy-being-a-sister,5afbac7389ab7bb1,ok,,4184,1591,0.009711,2026-04-18T22:38:08.167992
batch-20260419-v6,a2dc1536-ebd6-4ed2-9f72-22600a16765a,ogni-volta-che-lascio-alfedena,514b2875-8322-4bac-95ec-5595757de08f,every-time-i-leave-alfedena,74d4c870560da689,ok,,3210,786,0.005712,2026-04-18T22:38:20.967938
batch-20260419-v6,a2fdda90-a355-4c61-a0da-f8f88af33fb8,jean-vanier-racconta-la-comunita-di-san-martino,ed3d495f-4cc5-4242-98a5-f844c3641e9f,jean-vanier-in-kenya-the-story-of-father-gabriel-and-san-martino,4116187496c31a10,ok,,3898,1311,0.008362,2026-04-18T22:38:27.525668
batch-20260419-v6,a30af4a5-8264-4103-b2fb-3bea50be7420,tanti-volti-tante-lingue-un-solo-cuore,08223f9a-7827-4101-bae0-b92526f67a97,many-voices-one-heart,6cceee7d5dc9b27d,ok,,3876,1252,0.008109,2026-04-18T22:38:31.605881
batch-20260419-v6,a31a609c-90b8-4639-9937-cd730daac40b,le-guerre-stellari-arrivano-in-ospedale,d2f4fd61-eb75-4ece-bf73-471d559cc628,star-wars-comes-to-the-hospital,8f96a846c56e5584,ok,,3406,941,0.006489,2026-04-18T22:38:42.787128
batch-20260419-v6,a3335fbe-1bee-446f-aafa-21b413a91b2e,festeggiamo-la-nascita-di-un-bambino-genitori-di-ragazzi-con-disabilita,05e20f40-5537-4182-bbab-0dc422883680,we-celebrate-the-birth-of-a-child-parents-of-children-with-disabilities,78d538ef7c4d502d,ok,,3335,929,0.006384,2026-04-18T22:38:47.075689
batch-20260419-v6,a362b10c-7afb-45ef-8b31-b451aa35bfad,sentire-la-fine-del-mondo,1ada7470-c055-4f6f-b273-1b430e9181f5,when-the-world-ended,0d551a344aa4e813,ok,,3260,906,0.006232,2026-04-18T22:38:52.475526
batch-20260419-v6,a3a15452-1a2d-4b8d-8506-ad9573fc30df,aria-di-vacanze,4843d0cd-39ff-4ab0-b244-41b31bf8344d,summers-here,5339a6b09c0b213b,ok,,2824,596,0.004643,2026-04-18T22:39:01.613979
batch-20260419-v6,a388d295-7b2e-4443-8d30-8e922776ef59,che-cosa-e-fede-e-luce-2,2fe1c93f-bb6b-4d5e-8a97-cc5cd6a26304,what-is-faith-and-light-a388,0dabf28745d7d3c0,ok,,4948,1971,0.011842,2026-04-18T22:38:57.400810
batch-20260419-v6,a3bd167f-78fa-4d2c-85fd-67ed667e46a9,io-sono-una-donna-perche-mi-chiami-andicappata,7a59ddcb-a9f1-4ed9-8492-107d14be02e8,i-am-a-woman-why-do-you-call-me-handicapped,a64c519eb0802bca,ok,,3906,1435,0.008865,2026-04-18T22:39:08.248188
batch-20260419-v6,a3db0e90-f7ea-43ac-96df-5e7d4e2078d6,approfittiamo-delle-vacanze-per-imparare,b81ea033-55d3-408f-9b80-e04ab0d8eb15,learning-during-the-holidays,e046ac306afcb2de,ok,,2852,659,0.004918,2026-04-18T22:39:23.730721
batch-20260419-v6,a400bb59-fd5b-401e-8f2d-94b96ea0a676,barriere-di-carta,870af581-f92a-461f-8122-2b19dcf62b48,paper-barriers,f2130e6fcadcceb2,ok,,3245,787,0.005744,2026-04-18T22:39:30.251405
batch-20260419-v6,a3fabaef-2ea9-49e7-8f7d-4eef5b1e8fe8,alzheimer-vita-ricordi,767cfe8c-6038-413f-be90-7d525ffb3fc1,a-virtual-memory-map-to-fight-alzheimers,20cf6f474f5ecf7b,ok,,4551,1509,0.009677,2026-04-18T22:39:25.049208
batch-20260419-v6,a4341fdf-0913-40a6-a5d9-773539da4104,tutti-a-scuola-newsletter-estiva-n-23,36f78e1a-a0b7-4dc8-bdf9-967a2d47ea6c,back-to-school-summer-newsletter-no-23,72dce06ae2325879,ok,,4043,1692,0.010002,2026-04-18T22:39:44.469710
batch-20260419-v6,a42b8f11-a71f-40e6-86d3-8d8cc59a5295,i-miei-occhi-e-il-mio-cuore-hanno-vissuto-la-meraviglia,1ed3d60f-26fa-4a31-a318-99a0f437df61,my-eyes-and-heart-witnessed-wonder,bf583e4f359ff2ec,ok,,3979,1428,0.008895,2026-04-18T22:39:44.171116
batch-20260419-v6,a456b0a3-3179-4831-90e4-2bacab6ad094,la-relazione-la-famiglia,4681a4b5-af66-4d30-9efa-734ca5edf5e5,relationship-and-family,63c728a814d4b37c,ok,,2528,351,0.003426,2026-04-18T22:40:02.950332
batch-20260419-v6,a43f5f12-a1d1-46af-80a3-1998d1196bf4,conoscere-lhadicap-la-sindrome-cri-du-chat,829f040b-b210-4033-8f37-485eca2a0af3,understanding-cri-du-chat-syndrome,d3cbc2f2892c849b,ok,,3617,1158,0.007526,2026-04-18T22:40:00.890020
batch-20260419-v6,a45e4b32-16f5-4cac-b89b-cdc4d213c248,addomesticare-la-malattia-mentale,743e0917-10a7-419e-b22a-5aa4892e10d7,living-with-mental-illness,c9d5ac9bf8c440b4,ok,,3769,1182,0.007743,2026-04-18T22:40:06.586198
batch-20260419-v6,a45ea0e4-aff1-41a2-a729-f3ccb5d85ad6,unestate-di-campi-fede-e-luce,a2df3abb-6ad0-419b-baf9-cd122c63fb5e,a-summer-of-faith-and-light-camps,28b87694dfb045ef,ok,,3591,1099,0.007269,2026-04-18T22:40:12.730702
batch-20260419-v6,a46c8ad7-a019-4a77-9ede-46a374383105,tema-dellanno-1980-lincontro,92dac415-cf1f-4d58-a17c-c9df96da0dbb,the-year-of-encounter-1980,f541c07850cbdbee,ok,,2956,755,0.005385,2026-04-18T22:40:20.741335
batch-20260419-v6,a48610ab-1ff6-4c49-a319-6a67bbb63590,se-ti-abbraccio-non-aver-paura,5d20b615-9b72-4ffa-a626-9c3857bf56ef,dont-be-afraid-when-i-hold-you,304252b7527d4e1e,ok,,3060,872,0.005936,2026-04-18T22:40:26.207167
batch-20260419-v6,a4943ec6-720d-415f-9685-4d969235605a,dialogo-aperto-n-62,3a01fdfe-7771-45b1-b41a-1ff71873edb0,open-forum-62,ccb93385407a6cda,ok,,3002,765,0.005462,2026-04-18T22:40:26.221860
batch-20260419-v6,a503c5cb-9d4f-4656-9cd4-4d5a837cd5bf,a-roma-un-workshop-dedicato-alla-disabilita-mentale-in-eta-adulta,ff09414f-473a-4b3d-bdb6-0356f5f47e8f,a-workshop-on-mental-disability-in-adulthood-comes-to-rome,5268ba5f78939c5b,ok,,3226,885,0.006121,2026-04-18T22:40:33.372285
batch-20260419-v6,a4feb574-720a-4896-864e-b7f9fe9dc11d,farsi-carico-degli-ultimi,9108bd39-8a69-46e7-9df1-d229674738f9,taking-up-the-burden-of-the-last,eb1341c7df490874,ok,,4100,1303,0.008492,2026-04-18T22:40:32.968596
batch-20260419-v6,a5160b72-0e6d-4114-9bc9-1d817d1758c4,ho-imparato-a-nuotare,5f4d0f8b-0f19-4161-9d22-f498be8a8ca3,i-learned-to-swim,5a3c49276e27e1b5,ok,,3903,1412,0.00877,2026-04-18T22:40:49.936185
batch-20260419-v6,a5241e2a-ceba-4b1a-89d6-8001d0356243,sono-vincent-e-non-ho-paura-recensione,8d23da0b-f226-48e5-9e18-d5c91f7a162f,i-am-vincent-and-im-not-afraid-a-review,b0f2b831de39804d,ok,,2494,335,0.003335,2026-04-18T22:41:07.958009
batch-20260419-v6,a50442fd-ff3f-4fb3-a659-6c9a5467a719,vede-sente-parla-le-mani,82fc2ee3-3f41-42b1-b3ee-5851379e2fd0,he-sees-hears-and-speaks-through-his-hands,a5a75feabb6e99a4,ok,,5454,2256,0.013387,2026-04-18T22:40:42.064647
batch-20260419-v6,a52def99-78e5-4167-9bb8-41f8d5874ff8,eppure-splende-il-sole,3b977b0f-901b-4a80-893e-9c7ae39da4b2,yet-the-sun-still-shines,cc0a21b17d7e2a52,ok,,3568,1136,0.007398,2026-04-18T22:41:11.676150
batch-20260419-v6,a571f8ca-fe91-4af5-87d1-48653619e0e6,fanha-famiglie-accoglienti-nascituri-handicappati,ac03166b-1464-43af-86ce-09a0b3161a9c,fanha-when-families-say-yes-to-children-with-disabilities,4774235939594085,ok,,2817,561,0.004498,2026-04-18T22:41:23.886684
batch-20260419-v6,a5651303-f438-4bfc-8101-fc1380e8fd05,vita-fede-luci-n-12,47563b84-b2d9-487d-8d80-4ecb828ea142,faith-and-light-issue-12,3b2ce624de92e3a0,ok,,4530,1760,0.010664,2026-04-18T22:41:15.803089
batch-20260419-v6,a585e060-035f-4418-be63-003d92f46a1f,voci-dal-silenzio-recensione,eb28342d-8e65-44c0-9a70-dcac26841829,voices-from-the-silence-a-review,09074a5c47ffd2aa,ok,,2609,444,0.003863,2026-04-18T22:41:38.121120
batch-20260419-v6,a5845b87-e516-427f-8c6b-ea5a687e6f4b,storia-di-giorgio-e-del-suo-lavoro,a342de69-00a9-416d-916e-9a4e72374f51,giorgios-work-giorgios-life,a135bf7a4e55b6dc,ok,,4008,1338,0.008558,2026-04-18T22:41:29.896809
batch-20260419-v6,a5994391-1446-4138-83f9-0aa1d0a4f625,vivere-a-colori,ffb16eea-34bd-4fe6-b563-1c125ebf9665,living-in-color,772c9db4d2fb1c79,ok,,2850,622,0.004768,2026-04-18T22:41:42.851866
batch-20260419-v6,a5b00d51-eb49-4a6c-b868-068581100c79,pedagogia-dei-genitori-e-disabilita-recensione,22cab029-69ff-4a51-b0e8-f4841c163894,parenting-and-disability-a-book-review,2d58f9d47fc7c92f,ok,,2566,395,0.003633,2026-04-18T22:41:47.552969
batch-20260419-v6,a5c2ff63-caf1-4f87-9175-42b684ecadb1,giulia-non-e-bella,455a3a4b-7496-4410-9387-32eb2f15bfda,giulia-isnt-beautiful,fa90b034506075bd,ok,,2367,277,0.003002,2026-04-18T22:41:51.750831
batch-20260419-v6,a5b91626-9ebe-42a5-b4b2-2485325ad355,mi-sento-grande,eb26e003-085e-4611-a4b2-9658bab6945b,i-feel-grown-up,bda4efcc2b36e852,ok,,2776,576,0.004525,2026-04-18T22:41:49.854344
batch-20260419-v6,a5c81dc4-73eb-4f36-811e-6db0f3f628ce,la-nuova-longevita-nella-disabilita-intellettiva-seminario-a-cagliari,44937e21-10c6-4bf6-87be-de9f26de6b91,aging-with-intellectual-disability-new-challenges-new-horizons,467d46fc85b53ef3,ok,,2899,574,0.004615,2026-04-18T22:41:54.709506
batch-20260419-v6,a5e99be3-0cb5-4a2b-92c7-d8ae321d19d5,tutte-le-sabine-del-mondo,7ab44220-0754-48ee-a88e-14f5c6071a68,for-every-sabina-in-the-world,02a3c268d650df0f,ok,,2663,462,0.003978,2026-04-18T22:41:59.960987
batch-20260419-v6,a5e14da6-375d-40a0-ba33-7f4f697af0c2,dopo-di-me-il-diluvio-commedia-musicale-gruppo-fede-luce-san-paolo,dbd2e4ba-c872-480d-bc48-c8483247008f,after-me-the-flood-a-musical-comedy-by-fede-e-luce-rome,680971af66c24ae6,ok,,4901,1954,0.011737,2026-04-18T22:41:56.246979
batch-20260419-v6,a5fde02b-f9f8-4387-9e03-bcce884cfdba,dialogo-aperto-n-34,ee09d31e-6e1d-42ba-b23f-e45be7c6c8db,open-dialogue-34,f68256e3ffe462ba,ok,,3004,740,0.005363,2026-04-18T22:42:23.928651
batch-20260419-v6,a5fb1d5d-ea6a-46b5-b256-c97c0ce4634b,dialogo-aperto-n-96,b027f09d-5b53-448f-8023-02c5775bde87,open-dialogue-96,8ffef28e3293bd6c,ok,,4626,1855,0.011121,2026-04-18T22:42:05.089480
batch-20260419-v6,a6161c91-527c-4f35-b126-2780092cefb7,jean-vanier-a-parma-1978,830fbc36-d81a-4d83-a9d1-776b735d67b0,jean-vanier-in-parma-march-1978,3e0ce47faab26cd2,ok,,2658,484,0.004062,2026-04-18T22:42:30.026871
batch-20260419-v6,a643f81a-eec2-4bc1-b5f6-255a0136d66a,resoconti-degli-incontri-fede-e-luce,36d5b515-53ed-4beb-b16d-1a2ec9a5f35e,faith-and-light-reports-from-the-communities,cd67c4c59e888ea3,ok,,3132,852,0.005914,2026-04-18T22:42:30.896640
batch-20260419-v6,a649de78-7d8f-4926-af77-f55bdc254d81,lottavo-giorno-recensione-film,7f1a2c1d-1791-4ea2-908b-bb3ebba87fd7,the-eighth-day,ae65867f284b0d67,ok,,3565,1132,0.00738,2026-04-18T22:42:39.023917
batch-20260419-v6,a6455965-a0e9-4a57-88a1-a618d7824de8,vita-fede-e-luci-n-45,69c9876d-a021-4ca3-b7f1-c2c8de109d33,life-faith-and-light-no-45,a5173e8cc60e9c45,ok,,4754,1956,0.011627,2026-04-18T22:42:34.581748
batch-20260419-v6,a6624755-fd17-4612-b324-fe01960ed087,un-dado-vegetale-da-sogno-e-fatto-in-casa,5418db2f-2ff6-4180-a11c-1cc3e494d1b0,homemade-vegetable-bouillon-a-dream-come-true,8d56a4542790dc84,ok,,3678,1220,0.007822,2026-04-18T22:42:52.575447
batch-20260419-v6,a67f04f3-8387-4e9e-b1f7-13ce59c3e3c6,fiera-di-me-stessa-ogni-giorno,44e458c3-29ff-4938-a560-f906da1efd55,work-concerts-research-and-friends,134729a7fc6bb3ad,ok,,2800,609,0.004676,2026-04-18T22:43:06.125207
batch-20260419-v6,a6693d21-866a-4222-b69a-494c37487bec,affettivita-sessualita-persone-disabili,9d732a7a-2349-456c-beb1-7ff01048e67a,love-desire-and-disability,c05772e3a5b00d39,ok,,3633,1043,0.007078,2026-04-18T22:43:04.269476
batch-20260419-v6,a6b89a35-2d38-42b6-94de-647b3c296e75,una-piazzetta-per-chi-diventa-anziano,50e72ff2-096c-43b6-b411-342c10adbf96,a-place-to-belong-growing-old-with-dignity,f691e18406db4b07,ok,,3376,970,0.006581,2026-04-18T22:43:11.668098
batch-20260419-v6,a714dfe7-c5c2-4372-ba4a-e762034e343e,fede-e-luce-essere-movimento,e4feabd3-a889-4b94-a304-c802b727a7cf,faith-and-light-a-movement,67e95e77965197ee,ok,,3159,840,0.005887,2026-04-18T22:43:24.241718
batch-20260419-v6,a71dd1d6-2956-4dbf-91d2-206cffda1442,e-allimprovviso-che-fare,ccedab3e-0625-49dd-b989-e6d6254eb23b,when-your-doctor-dies-finding-care-again,0e13eee562abf1e8,ok,,2618,446,0.003878,2026-04-18T22:43:31.757442
batch-20260419-v6,a6d047d9-657b-4a2e-9b6c-6b8cf18ed97f,lintimita-del-corpo-condividere-lintimita-del-proprio-figlio,f085b938-1c11-48ea-b701-17321feb30ba,the-intimacy-of-the-body-sharing-your-childs-intimate-care,70e68bd1d83be00d,ok,,4343,1602,0.009882,2026-04-18T22:43:17.229686
batch-20260419-v6,a72dd4cd-0f80-4a33-baba-adfdeca47430,cambiare-il-cuore,093eab25-b725-4504-b7d2-f0e2c2b3fde9,a-change-of-heart,dbcbc48c0e718d0a,ok,,2922,627,0.004846,2026-04-18T22:43:38.411861
batch-20260419-v6,a73c9423-bbd2-47ba-a61b-df2438f8a6a4,speciale-natale-nel-mondo,bdd139cc-520e-41ce-bb20-fd3d197f5840,christmas-around-the-world,6623156339b69ed4,ok,,3022,745,0.005398,2026-04-18T22:43:44.096413
batch-20260419-v6,a728af0b-9cb1-4871-aa8e-08deca647757,play-day-2018-a-venezia-accorciare-le-distanze-della-disabilita-con-lo-sport,f9b5883b-3d32-4940-932d-71a04810ac81,play-day-2018-in-venice-bridging-the-distance-of-disability-through-sport,c3f9fa8dbd44b59f,ok,,3736,1269,0.008065,2026-04-18T22:43:36.698486
batch-20260419-v6,a7682417-c8b4-4bcc-9199-7efb9f1ca0b1,la-tempesta-di-sasa-recensione,7a5256c1-03aa-4727-8753-3b9833804903,sasas-storma-review,e5be458d2bac4c0c,ok,,2514,376,0.003515,2026-04-18T22:43:52.696828
batch-20260419-v6,a76742da-9a2f-4635-b4ce-10cef251767e,quel-che-labito-fa,778eacdb-71b2-40ce-9124-f5ff274147f4,what-clothes-make-of-us,ef41b3f240f7341d,ok,,2895,540,0.004476,2026-04-18T22:43:50.019640
batch-20260419-v6,a77927b8-c468-4537-b210-00217b463a64,quelle-ore-mi-hanno-segnata,0f1843ed-2d12-4147-b3ba-c5cd5fe5652d,those-hours-changed-me,35d21109425318bf,ok,,3606,1135,0.007425,2026-04-18T22:43:56.497677
batch-20260419-v6,a7939c6c-ed2a-4163-8269-de929fd73326,accettare-che-mi-lasci,a43c73e4-7dd0-44bf-8efd-d8a87f356d52,learning-to-let-go,7f9d7684a0bfdc35,ok,,3716,1206,0.007797,2026-04-18T22:43:56.538936
batch-20260419-v6,a7a5f4ca-3d81-458d-a07b-c176791ca6b7,come-e-nato-ombre-e-luci,51fd6b6e-01ee-418b-a712-00a89f53fc24,the-birth-of-ombre-e-luci,f5a2b46b955e795b,ok,,2642,421,0.003798,2026-04-18T22:44:09.723136
batch-20260419-v6,a7a787f1-c697-4544-af30-9bd89cc5e1b6,pagine-aperte-esperienze-di-solidarieta-a-parma-e-provincia-negli-anni-90,e1dcc6af-8630-4a62-a5d8-1995abe1ff36,open-pages-solidarity-in-action-across-parma-and-its-province-in-the-1990s,ca8ebf35c5652c3d,ok,,2809,596,0.004631,2026-04-18T22:44:10.899080
batch-20260419-v6,a7cad527-b9ef-4103-8d1a-622d7ffe2625,nuvole-a-dondolo-recensione,43165c99-e063-40d1-aa44-05ca71be70ac,swinging-clouds-a-book-review,8a39cd150b6c3411,ok,,2409,277,0.003035,2026-04-18T22:44:13.832779
batch-20260419-v6,a7cc0df0-42c1-46f9-8dfd-7ab12c14730c,oscura-luminosissima-notte-recensione,1c1bb947-60d1-4585-93d5-fa14defd084f,dark-and-luminous-a-review,e80300edca9b77a2,ok,,3021,656,0.005041,2026-04-18T22:44:16.299238
batch-20260419-v6,a7d60ac5-b40b-44d4-b462-36e923272e58,piccoli-messaggeri-damore-genitori-di-bambini-con-la-sindrome-di-down-recensione-libro,32d1f63f-a67c-4818-a55b-30159af898bc,small-messengers-of-love-parents-of-children-with-down-syndrome-book-review,6b080638e2df52ef,ok,,2898,613,0.00477,2026-04-18T22:44:23.090466
batch-20260419-v6,a7d565ff-08e2-4340-b0e1-86464b451646,le-amiche-di-francesco,fe1bce5a-2d0a-4f72-9898-b62b358f3642,franciss-friends,689fe6db1e989547,ok,,3441,999,0.006749,2026-04-18T22:44:17.372683
batch-20260419-v6,a7ed3e12-659e-42dd-8946-39a7a7f4c46b,i-figli-sono-tutti-speciali,2a316187-2fd5-46c0-a245-17c332ab5ffe,all-children-are-special,cb07864c2c4d6714,ok,,4043,1364,0.00869,2026-04-18T22:44:29.524951
batch-20260419-v6,a7f078be-ec63-45fd-901c-21b8a4c3fc0f,per-una-storia-della-disabilita,ea029020-6c05-4c3c-9cc7-0447d9555377,a-history-of-disability,02fd306b2d1ad18b,ok,,6886,3275,0.018609,2026-04-18T22:44:47.115031
batch-20260419-v6,a7dcb0a5-d70d-4897-94c3-fef26164b845,a-proposito-della-vita-affettiva-dellhandicappato-mentale,debb53bc-681d-45d2-8d07-bd878706d01c,i-am-always-waiting-for-you,c2b07af188509f35,ok,,7927,4215,0.023202,2026-04-18T22:44:28.881167
batch-20260419-v6,a8094723-e78b-4b5a-a527-a85bd916973d,io-sono-nato-cosi-come-imparare-a-guardare-oltre-la-differenza-recensione,ad527273-b887-4441-ac3c-de3b274fde6c,born-this-way-learning-to-see-beyond-difference-a-review,1a8953c939d5d1e7,ok,,2608,408,0.003718,2026-04-18T22:45:33.596762
batch-20260419-v6,a808b56b-7bc4-41e6-af75-9027c9dbd419,voci-di-campo,63b15230-092e-44b3-9d18-9a772f218750,voices-from-camp,5bb79d69aec096e5,ok,,3722,1207,0.007806,2026-04-18T22:45:32.553260
batch-20260419-v6,a80c99c5-77b9-4b38-b9c4-688c1a063201,comunita-fede-e-luce-nel-mondo-tante-piccole-fiaccole-di-unita-e-di-amore,e2af5f3b-ae3a-48b0-84d2-ef5c09820099,faith-and-light-in-eastern-europe,7090352b14172f6f,ok,,3783,1197,0.007814,2026-04-18T22:45:47.017226
batch-20260419-v6,a80995c2-c15e-4bbc-acdc-94c61c080441,una-lezione-damore-incontro-fede-e-luce-llalelli-galles-del-sud,e6649266-c0b7-47c9-a97b-749c6891921a,a-lesson-in-love-the-llanelli-south-wales-gathering-of-faith-and-light,589fd970cc6493ea,ok,,4735,1897,0.011376,2026-04-18T22:45:38.685505
batch-20260419-v6,a8252dbd-185a-4cae-bcce-c7b5978300db,quale-metodo-scegliere,651724f3-1409-489e-9932-f9a2dc9d0c41,choosing-a-path-forward,141ec9f08978e8a8,ok,,3346,843,0.006049,2026-04-18T22:46:04.694060
batch-20260419-v6,a84f3b93-ba90-451d-8ffd-cff2c524306f,cose-da-fare-e-da-non-fare,501f4318-78c3-40ec-8e6a-7788c56923b0,what-to-doand-what-not-to-do,e4d61dfd35e020b1,ok,,3006,715,0.005265,2026-04-18T22:46:14.900572
batch-20260419-v6,a81aa14a-eca2-497e-91e4-a04b6e6e0d73,il-chicco-vivere-il-vangelo-in-azione,8141c3e9-11fd-4572-aeb0-3255381a2389,the-grain-living-the-gospel-in-action,6c994df67af4fdf5,ok,,5026,1885,0.011561,2026-04-18T22:46:00.733444
batch-20260419-v6,a8555d7e-b028-42e7-8150-c2b14c7e70fb,incontri-2,315c2776-8bd5-437a-a995-69e757748c03,encounters-a855,3107494feb9e6bc2,ok,,2587,434,0.003806,2026-04-18T22:46:22.246149
batch-20260419-v6,a8a3d258-7efb-4cab-81a8-9db1815e51fd,te-lo-ricordi-frate,9b656002-1865-4ef9-a3ab-6a48225a1f92,do-you-remember-brother,3edd664b66799ded,ok,,3055,800,0.005644,2026-04-18T22:46:25.646619
batch-20260419-v6,a86183af-b927-4e21-ac5a-1babc84acf62,quante-cose-possono-nascere-intorno-a-un-libro,f5b11034-01df-45b9-b047-5aab64ddab54,how-a-book-can-change-everything,a8def1ace32cf034,ok,,3346,932,0.006405,2026-04-18T22:46:25.577277
batch-20260419-v6,a8af3c38-828d-4cf1-be6a-621e472f3f39,grazie-papa-francesco-per-quanto-ci-hai-voluto-bene,7b45c2a3-3d27-4743-85f9-62e9aac37a60,thank-you-pope-francis-for-your-love,94b69ec50f2c64fd,ok,,2810,649,0.004844,2026-04-18T22:46:34.537766
batch-20260419-v6,a9066d13-8267-4edb-b269-573055194f66,il-linguaggio-segreto-dei-fiori-recensione,0581ea16-504a-4338-a656-a5f5f486566a,the-language-of-flowers-a-review,ff2487b3419f4765,ok,,2447,302,0.003166,2026-04-18T22:46:39.296510
batch-20260419-v6,a91b0e07-7362-485a-a050-9b463456af7e,imperfetta,3fa57d42-fbd1-4588-8d5a-abe8c31c5366,imperfect,35f2ac3a84d86850,ok,,2743,606,0.004618,2026-04-18T22:46:42.842164
batch-20260419-v6,a8f45e77-c201-482e-b1a3-0a5e06a53639,autismo-integrazione-scolastica,db481354-a8dd-4a56-a9e7-11bac078f1ff,autism-and-school-inclusion,9662790a9d3f4ca4,ok,,4310,1365,0.008908,2026-04-18T22:46:36.774491
batch-20260419-v6,a92071bc-b13e-4cf8-96dc-91a78395cccb,recensione-mia-sorella-mi-rompe-le-balle-tercon,2a21543f-a4df-4f9d-92f8-22d2373a4ee9,my-sister-drives-me-crazy,03af807f6e26a0ea,ok,,3467,1110,0.007214,2026-04-18T22:46:48.063038
batch-20260419-v6,a984bd3d-250f-4548-919c-a2741ac68565,la-norma-traviata-un-musical-delirante-recensione,8358d94e-c3cd-4fe3-b3be-b5229168c617,la-norma-traviata-a-delirious-musical,9b63c36285cf4b31,ok,,2935,723,0.00524,2026-04-18T22:46:59.365181
batch-20260419-v6,a9d95eee-2b96-4282-9434-c940a6f04aa1,natura-e-musica,c41dddfe-0e33-45a4-b63b-e9bf6de52829,nature-and-music,101c16d724eb793c,ok,,2496,358,0.003429,2026-04-18T22:47:08.105129
batch-20260419-v6,a93ea67d-1236-4bb8-86ab-de9eb8e42b45,casa-jada,ef9eee83-8738-4f74-ac77-a9b95f4ce2a6,casa-jada-oamis-model-family-home,0a305cf656cbe1bb,ok,,4129,1471,0.009187,2026-04-18T22:46:54.711191
batch-20260419-v6,a9eecc5b-3b04-43de-a8f9-a14ee7662c7d,emanuela-e-alessia,42bcf6c6-e759-4a83-a3b0-f6321660066a,emanuela-and-alessia,ffca199662c889f7,ok,,2424,296,0.003123,2026-04-18T22:47:12.346323
batch-20260419-v6,aa013464-19a9-4543-be58-1ee6d7e97af0,quando-incontri-lamore,24fba62c-96fe-42c1-a6a2-e9918a3a1492,when-love-finds-you,96183991b888bfe9,ok,,2395,259,0.002952,2026-04-18T22:47:14.307028
batch-20260419-v6,aa19bd7b-d3e7-4b1e-8042-e4a6f1e3366f,dal-41-torino-film-festival,2f358bcf-9d57-4a49-bc75-eae25620506e,two-films-on-fragility-at-turin-film-festival,34fa26aa4ab5eace,ok,,3234,891,0.006151,2026-04-18T22:47:15.715526
batch-20260419-v6,aa2fcc2c-fe74-4cd5-8cb5-0edc87949b17,che-succede-a-natale-nelle-comunita-di-fede-e-luce,4a10c4cb-8f7b-41bf-bd8c-ee33f54dfb16,christmas-at-fede-e-luce-how-the-communities-celebrate,f42626175106a077,ok,,3121,715,0.005357,2026-04-18T22:47:25.514022
batch-20260419-v6,aa5c4163-b017-48e7-9ba8-719ad349be9f,dalla-berlinale-presente-e-passata,5df5c9f4-b957-4a18-99a4-8e3f11f05dd7,berlin-film-festival-past-and-present,06d1d0a184f33c51,ok,,3439,962,0.006599,2026-04-18T22:47:33.978391
batch-20260419-v6,aa1c1457-0c71-44d3-89b2-2e5b8f6ead65,dialogo-aperto-n-21,2a03eb19-e0b3-4376-bc62-3d3c8511caa5,open-dialogue-no-21,047285c3354df908,ok,,4978,2198,0.012774,2026-04-18T22:47:17.373607
batch-20260419-v6,aa836d31-1771-4a20-993a-1ac657f2e74b,letture-consigliate-il-piccolo-principe,cc20e43b-4759-46e0-be63-e7c1ddf9c455,reading-list-the-little-prince,f31927c271618f79,ok,,2836,536,0.004413,2026-04-18T22:47:46.477448
batch-20260419-v6,aa679859-a775-470b-b4b0-5eb6f14ec2c9,chiediamo-a-zampetta-e-romeo,fc93a95d-8c70-49a7-9b3a-1621ae6ca694,ask-zampetta-and-romeo,7fd91646062a54f4,ok,,3443,965,0.006614,2026-04-18T22:47:45.470494
batch-20260419-v6,aa8b2d60-e6e4-4324-9f11-1a5e318cf04c,come-abbiamo-comunicato-la-morte-di-una-persona-cara,4c880935-7370-40aa-9095-c1fdcd250d15,breaking-the-news-of-death-in-our-community,bbcae0c3a756220d,ok,,3048,735,0.005378,2026-04-18T22:47:52.477469
batch-20260419-v6,aaa0af14-754e-4398-9f1d-16e3066fce8a,un-affidamento-speciale-2,8d13f2d3-d7f3-4d51-a85a-c8fb6e11cfef,never-alone-three-stories,e09cc1e10cbe9118,ok,,4153,1604,0.009738,2026-04-18T22:47:56.427419
batch-20260419-v6,aac226dd-83a1-43bd-b4b3-571974f0653b,1992-nasce-il-settore-catechesi-delle-persone-con-handicap,2467766b-61f5-40a8-b1b8-c63f2423236f,1992-birth-of-catechesis-for-people-with-handicaps,02cf81db9d8ef3e4,ok,,2982,676,0.00509,2026-04-18T22:48:14.000959
batch-20260419-v6,aab0614f-5933-4663-b8a8-a5be92b225c2,lamicizia-asimmetrica,bfa9016c-ce31-42fe-ba8d-0a6fc3a1baba,friendship-across-inequality,765245480689e8d2,ok,,4478,1678,0.010294,2026-04-18T22:47:59.996534
batch-20260419-v6,aac895c8-e02c-4d13-8954-3328f8db64ec,in-trepidante-attesa,e593e07c-dedb-40f4-afe8-d61455da8e1d,trembling-wait,be01e20747f7cd72,ok,,3260,867,0.006076,2026-04-18T22:48:20.977003
batch-20260419-v6,aac66e5d-477a-486d-8275-69e85593d505,quel-che-letichetta-racconta,b41c27d3-71e4-4387-bd26-0946ebf63690,what-the-label-tells,307fcd981d0e2873,ok,,3367,898,0.006286,2026-04-18T22:48:20.818335
batch-20260419-v6,aacac805-ec17-43d8-a820-89dced5dc359,telegramma-educarsi-insieme-crescere-con-gli-altri-per-il-bene-di-tutti,a727a546-6cd0-4ce9-939a-68d13adf176b,learning-together-growing-with-others-for-the-good-of-all,09d072572106cb96,ok,,2396,296,0.003101,2026-04-18T22:48:29.888072
batch-20260419-v6,aaefe82a-3dc0-479b-9f8d-b27e02b6ea59,il-mio-bambino,db7a990a-1d57-418d-811b-733638114907,my-child,e36ff8cbe2f64407,ok,,2276,208,0.002653,2026-04-18T22:48:32.899267
batch-20260419-v6,aae8c231-57ba-46e7-9584-3114a4b05119,alza-lo-sguardo,0aa207de-43eb-40b6-a002-eaef7e8766f5,lift-your-eyes,7f6bd67c2e94e8ca,ok,,3214,906,0.006195,2026-04-18T22:48:32.711177
batch-20260419-v6,ab1ca9cb-908b-49d5-9e62-5f36b4c7aa05,dove-come-vivono-persone-colpite-malattia-mentale,c8145fb4-e540-4612-80de-6c32ae5d9946,where-people-with-mental-illness-liveand-how,897a8bdb90b080c7,ok,,2526,355,0.003441,2026-04-18T22:48:42.158786
batch-20260419-v6,ab1f1667-15a3-4f75-ab1b-b9ed99cd8e26,il-vizio-di-vivere-ventanni-nel-polmone-dacciaio,3229f422-a98b-430c-80ee-36745a0f691a,the-habit-of-living-twenty-years-in-an-iron-lung,603c6a2bb98957c8,ok,,3332,925,0.006366,2026-04-18T22:48:45.955278
batch-20260419-v6,ab1f38fc-43e9-4a78-8d8c-c65656ccfa78,vorrei-fare-qualcosa-per-gli-altri-ma-cosa,e59f3c7e-f887-45a5-8888-141fd90d6492,i-want-to-help-but-where-do-i-start,3573ec38972c138a,ok,,2722,491,0.004142,2026-04-18T22:48:56.442965
batch-20260419-v6,ab00d3a5-fda9-4675-9acd-8909fc6e7cd9,suor-veronica-pompei,73420a17-b6db-4c57-a13d-19042f56e229,the-courage-to-change,833d501bc20d399d,ok,,5995,2540,0.014956,2026-04-18T22:48:35.956773
batch-20260419-v6,ab2b255c-bd1b-40f1-8ca7-561ab5fecc80,mai-soli-dal-sogno-alla-promessa,d5ed886a-6a77-4d76-99b1-262be0d16765,never-alone-from-dream-to-promise,ce100bca62e0a282,ok,,4398,1536,0.009662,2026-04-18T22:49:13.143823
batch-20260419-v6,ab20ea99-f243-43fe-91c2-ee3cf24991ed,integrazione-non-parola,38962131-38d3-4a74-b7c9-7c2191ff4cd9,here-integration-is-not-just-a-word,a7c3889c4ca1730b,ok,,5239,2131,0.012715,2026-04-18T22:49:02.252605
batch-20260419-v6,ab2f320d-294c-4501-8feb-60dc2a0a5312,amore-disabilita-facile-preda,d8fa7f02-1d9b-4118-85f9-9332e0926239,love-and-disability-prey,9816f339456a2cfe,ok,,2635,440,0.003868,2026-04-18T22:49:32.846846
batch-20260419-v6,ab4f319a-878c-4917-8bce-95ae99a173ca,con-tutte-le-mie-forze-special-olympics-youth-games,c2132410-7216-47f7-bf1b-2ce98a13181d,with-all-my-strength-special-olympics-youth-games,d7ca45fd43dd7543,ok,,2980,642,0.004952,2026-04-18T22:49:37.286042
batch-20260419-v6,ab3cd2dd-854a-444f-b2a8-1ba67cab609b,il-giradino-dei-desideri,7f373964-f163-4f7f-8ac3-bf13cf414474,sexuality-and-disability-a-garden-of-desire,c422266d4c9b0d61,ok,,3661,1251,0.007933,2026-04-18T22:49:34.377843
batch-20260419-v6,ab6aba92-1185-4572-b21c-786006c10d85,la-mia-disavventura,3be836fb-3114-483b-bd4f-c342df3f33bb,my-misadventure,965a9c103938a3f4,ok,,4195,1393,0.008928,2026-04-18T22:49:43.766224
batch-20260419-v6,ab6e01b0-5c18-4fd4-ab66-b98f04d612ad,la-mamma-anche-unaltra-persona,688b02f1-4aee-470a-88f8-a302ebb2580e,she-was-my-motherand-someone-else-entirely,b7bba19a695f1ec7,ok,,3905,1298,0.008316,2026-04-18T22:49:48.646214
batch-20260419-v6,ab768e57-c9e4-4892-bcdf-f70aa0cdaa1d,il-mio-cielo-e-diverso-acrobazie-mentali-di-un-giovane-disabile,bc19f639-bd75-4c19-8e76-4a874716f10e,my-sky-is-differentmental-acrobatics-of-a-young-disabled-man,9ae7348ca551c72a,ok,,2954,650,0.004963,2026-04-18T22:50:01.763003
batch-20260419-v6,ab7f1e73-0a44-4e81-b281-9aba58321e38,vivere-con-un-bambino-autistico,3c0bcdcc-2755-476f-a318-ba69967ffa4f,living-with-an-autistic-child,ab3694193d6f318a,ok,,2638,437,0.003858,2026-04-18T22:50:02.589680
batch-20260419-v6,aba178a7-638e-420e-b53c-43e08189c510,vuoi-essere-mio-amico,f37164a2-001a-4010-aeec-59f31c797377,will-you-be-my-friend,45292b74ce5d7e57,ok,,2863,571,0.004574,2026-04-18T22:50:07.580364
batch-20260419-v6,abac90d0-16f2-4b93-ba3c-9c5af61d2200,meglio-di-una-bacchetta-magica,f7149a39-1963-48d6-98da-1012c0b3639a,better-than-a-magic-wand,d03011a94f323374,ok,,2827,572,0.00455,2026-04-18T22:50:14.405035
batch-20260419-v6,abbc6ef1-fbb4-4d06-b341-44678424d717,alfedena,c2a8f03a-792e-4652-b4c0-2e08a9765c5e,alfedena-in-pictures,8c9511f1ddfb55fa,ok,,2596,441,0.003841,2026-04-18T22:50:20.204187
batch-20260419-v6,abc90360-e5b3-474c-9fe4-758175ddff7a,in-corsia,ef352e6a-833b-4705-b871-58dc67a98121,in-the-ward,44bd2f4adf6816cf,ok,,2837,563,0.004522,2026-04-18T22:50:24.835230
batch-20260419-v6,aba9313c-7522-4ad8-8b78-323472897a8f,quattordici-anni-con-loro,210c0734-2d79-415f-add4-bcb07a2c6a2f,fourteen-years-living-with-them,99ea2f89070737ee,ok,,4599,1843,0.011051,2026-04-18T22:50:08.024045
batch-20260419-v6,abd6d4bf-0d30-424f-b4b9-4fcdb5d2cf35,natale-nel-mondo,613163c3-ebb6-4fa7-88bd-2d7ad9bb9821,christmas-around-the-world-abd6,964594d65a2d069b,ok,,2424,296,0.003123,2026-04-18T22:50:30.709026
batch-20260419-v6,abf12144-5c97-409a-85a8-ad8d03be029a,lo-zio-jurgens,95b83d68-a62c-479a-8227-4c5e1db863d3,uncle-jurgens,b8d8ac145195d1f2,ok,,3061,759,0.005485,2026-04-18T22:50:33.871621
batch-20260419-v6,ac3a626a-c49f-47ee-baf6-4fce191b2cae,un-padre-rivela-dono-unico-suo-figlio,377adff4-130a-4d15-b0a8-7b870361336a,what-a-father-discovers-in-his-disabled-son,edcdedea7ad1149d,ok,,4295,1547,0.009624,2026-04-18T22:50:34.248211
batch-20260419-v6,ac3bd51f-ba8c-49e2-a87f-31829c75f4f1,il-potere-dellarte-dalla-magia-alla-terapia,3687629c-887a-44f4-b882-2f66a34ea590,the-power-of-art-from-magic-to-healing,dd30a66e6908a026,ok,,4886,1661,0.010553,2026-04-18T22:50:40.383805
batch-20260419-v6,ac6acf0a-6e3c-451b-aa3a-f1e0c55cc18b,un-cuore-alla-volta,3f4c5c41-8e76-4946-8efb-860f613a9c69,one-heart-at-a-time,9d29d3c1432c3ffd,ok,,3260,847,0.005996,2026-04-18T22:51:04.240161
batch-20260419-v6,ac5a4591-2bf8-4a1a-a79b-da3629e4dd73,paradiso-infernale,ad14f783-45f5-4444-abf7-f7e54fc310b1,a-paradise-gone-wrong,e1ac89c9bce478c5,ok,,4667,1835,0.011074,2026-04-18T22:50:55.018649
batch-20260419-v6,ac8a47f2-f971-4abe-b2d2-e33d742d2294,notiziario-fede-e-luce-n-18,042422c1-e9f6-4b7c-8535-a89dcb98f370,faith-and-light-newsletter-no-18,2dc784f52fd89f05,ok,,3916,1332,0.008461,2026-04-18T22:51:14.678788
batch-20260419-v6,ac9db228-e674-43eb-93b5-307064875989,en-garde,ccbd9c5d-697e-4a4a-a72c-fd27667fd498,en-garde-ac9d,acca873a9390a8d8,ok,,3531,984,0.006761,2026-04-18T22:51:22.599447
batch-20260419-v6,acb3b938-8499-4b1f-ad2c-7dcb2c375379,sono-andata-in-discoteca,f8d0b2f8-39c7-4713-8aa5-5ca09729e1e6,dancing-but-without-elia-for-now,6beb25f99961ef5b,ok,,2776,597,0.004609,2026-04-18T22:51:32.254398
batch-20260419-v6,acbb8dc1-da62-4653-b8d8-cda45b7d02dc,dialogo-aperto-n-22,7e913ae0-d640-42b9-bc12-ae6b6f1f3309,open-dialogue-no-22,9d9f893392fcc122,ok,,4111,1515,0.009349,2026-04-18T22:51:34.348624
batch-20260419-v6,accc3e9c-5c01-4f36-8ca6-515a6f088f4b,la-nuova-legge-sul-dopo-di-noi-che-cosa-dice,21565281-6427-4aea-95d4-0c16b5ed1e5e,the-new-after-us-law-what-does-it-actually-do,7c5115e181b0c526,ok,,4101,1341,0.008645,2026-04-18T22:51:37.334496
batch-20260419-v6,ad1fd8da-0f9a-45d5-9bf4-f819d65155da,mi-hanno-regalato-un-sogno,3148a033-5678-4c93-b6e3-10e566d8e7f6,they-gave-me-a-dream,f96677448dbf0e23,ok,,2554,384,0.003579,2026-04-18T22:51:54.167235
batch-20260419-v6,ad03246e-66d8-48ce-b430-0dc2eeab15ab,nessuno-escluso,95621148-dd2b-4d38-b409-68e583237b7d,no-one-excluded,211124aab5c44971,ok,,3590,1150,0.007472,2026-04-18T22:51:53.760671
batch-20260419-v6,ad3e0e7e-858f-4853-9330-c988cd9d7a07,abitare-la-speranza,d55ab814-0e14-4e9d-9283-43ecfe71e2c1,living-in-hope,681cf8a00a342422,ok,,3089,770,0.005551,2026-04-18T22:51:58.779966
batch-20260419-v6,ad80c758-3802-4a3f-b794-040489ed9346,qualcuno-che-non-ci-mette-da-parte,52bd8006-cf66-4ffd-9e3f-6576a8c06243,someone-who-doesnt-leave-us-out,356f44fef7b44a17,ok,,2841,574,0.004569,2026-04-18T22:52:04.690579
batch-20260419-v6,ad96ac25-c649-4297-acb3-c27cbb0a176d,un-altro-anno,18618fef-3e0f-495b-8f40-16a20381a6e7,another-year-begins,a02639a499fbb887,ok,,2695,508,0.004188,2026-04-18T22:52:10.398042
batch-20260419-v6,ad8695c8-ac09-4d5b-9321-1860575c37f9,con-tutto-il-cuore,d93eda73-31a0-4129-a02a-b688641fb7bc,with-all-my-heart,57d5fcf6aecdf3cc,ok,,3989,1358,0.008623,2026-04-18T22:52:07.057660
batch-20260419-v6,adb66c3b-d445-4680-b280-29322d16a4d0,il-mare-non-serve-a-niente,6bbde8ab-8801-45ba-bc8c-704411a9e0eb,the-sea-has-no-use,f4a73e02985321c8,ok,,3220,1133,0.007108,2026-04-18T22:52:16.046995
batch-20260419-v6,add20b32-fed1-44a3-8d64-cbcc0119ba19,la-casa-famiglia-e-leta-che-avanza,fc40d797-2081-45a5-8101-e65f010d37ef,when-disability-meets-old-age-the-case-of-il-carro,ba3cc5341fe36051,ok,,3852,1168,0.007754,2026-04-18T22:52:24.814343
batch-20260419-v6,adb7073e-fe24-4c58-a3b1-3cc6bd9b644d,casa-famiglia-ancora,5f498911-b3a4-4943-8ee0-0f16b77782d1,ancora-building-a-home-for-four,72258eecdd5ef085,ok,,4283,1563,0.009678,2026-04-18T22:52:22.755845
batch-20260419-v6,add50370-efd9-48c0-9cac-352b0ef2138b,pensioni-rubate,049ddfe6-19db-41df-bfb3-d12d71317b06,stolen-pensions,a08396d678bef4a8,ok,,3142,720,0.005394,2026-04-18T22:52:40.573220
batch-20260419-v6,ae3ed560-9f7a-4c49-aebf-dfec995ff713,larte-di-rialzarsi,c783ab8d-b238-44ed-85cf-8777cad62cf6,the-art-of-getting-back-up,0659a78c5a55c392,ok,,2936,619,0.004825,2026-04-18T22:52:43.471302
batch-20260419-v6,ae5f3d90-ff88-4b4e-af7a-2c2176889f07,due-capitane,eaffe4a4-28f0-491f-9f36-ebdbdb6439fa,two-captains,ea0564d2fcebe29e,ok,,3435,1001,0.006752,2026-04-18T22:52:49.043702
batch-20260419-v6,ae935619-ee5f-43ca-82bc-f5e265b4b474,diaologo-aperto-n-23,6d48d793-951d-44c4-b7a1-c3a682d92cbc,open-dialogue-no-23,51de1bbaa102ada7,ok,,3815,1182,0.00778,2026-04-18T22:52:50.045072
batch-20260419-v6,ae938319-f65e-4585-892b-f02955c232e7,oltre-la-famiglia-gli-specialisti-gli-amici,d92b28a2-4f72-4e48-95c8-ace46272397a,beyond-family-specialists-and-friends,949bfee77a1085e8,ok,,3236,737,0.005537,2026-04-18T22:53:00.563145
batch-20260419-v6,aeb6ba25-1b03-4390-96f1-ebc7a04594c8,non-e-te-che-aspettavo,7f14e0dd-8d2f-46f1-879d-9f4a63cb2c49,not-the-child-i-expected,1e1a0c0b5cb3dadf,ok,,2801,622,0.004729,2026-04-18T22:53:04.971247
batch-20260419-v6,aeda4c01-7b0c-473a-b58b-8f32298677e2,tenere-la-porta-aperta,7815a5a8-1d1f-4061-9aa2-f573b96acfd7,keep-the-door-open,9595e797ff671d69,ok,,3027,739,0.005378,2026-04-18T22:53:09.972569
batch-20260419-v6,aeea04fd-17ab-44c1-ad40-d63652e29163,cinque-azioni,134468e6-6780-4747-a582-bcbee54b1c65,five-acts,defc77675815f191,ok,,2810,609,0.004684,2026-04-18T22:53:17.663488
batch-20260419-v6,af09cb13-9fd9-4322-84ff-43a1d445612e,sembrava-impossibile-dove-osano-le-aquile-in-carrozzina-recensione,7ff67c68-ee40-4d7c-a664-18bffe54bec2,it-seemed-impossible-where-eagles-dare-in-wheelchairs-a-review,909bcbf91583ddab,ok,,2533,368,0.003498,2026-04-18T22:53:23.519677
batch-20260419-v6,af0d01e5-6209-4b3a-a27c-d19b078c1996,dialogo-aperto-n-108,ec1d5e19-5d6d-43e7-890d-339533a73fac,open-dialogue-n108,36f928b7a7573984,ok,,3205,854,0.00598,2026-04-18T22:53:27.325398
batch-20260419-v6,af122883-fa7a-4b61-b3bf-e6caf80d6708,viola-e-mimosa-n-140,c0feb31c-7438-44f9-9fa3-16266fb3c464,viola-and-mimosa-no-140,16a3ed6462ae4ec8,ok,,3095,708,0.005308,2026-04-18T22:53:36.970683
batch-20260419-v6,aec41cb3-1401-4875-a782-a2914e440400,momenti-misteriosi,df671a99-9db0-4f5d-b71d-7527144f2778,mysterious-moments,f55648d761f9b224,ok,,6299,3339,0.018395,2026-04-18T22:53:09.579966
batch-20260419-v6,af44d6df-ecc3-46fc-95f7-2ee504074765,il-mondo-in-un-punto-fisso-recensione,ddba0d6e-a35e-4d3f-b03b-3b089d233f3a,the-world-in-a-fixed-point-review,90afcce177ae6a15,ok,,2448,309,0.003194,2026-04-18T22:53:53.783351
batch-20260419-v6,af17c010-03ea-45db-8388-0369c2712533,la-trattoria-de-gli-amici,eebbfad4-ffe3-4fbc-8019-b5c83406299d,the-friends-trattoria,9e5429c99595959b,ok,,2419,324,0.003231,2026-04-18T22:53:44.083928
batch-20260419-v6,af67fdc8-af95-4eb8-984d-71c53a8e16a4,notiziario-fede-e-luce-il-resoconto-dellultima-festa-della-luce-e-altre-notizie-dal-movimento,70b6a51d-6cbf-4443-a56c-53f7f580c93d,faith-and-light-news-the-festival-of-light-and-more-from-the-movement,c60e61ca08ca5053,ok,,4077,1526,0.009366,2026-04-18T22:53:58.024262
batch-20260419-v6,af81fad9-8508-4d2b-a946-fa4044b2df6a,la-casa-in-campagna,cfa9b9fb-96e6-4ba9-9eb4-254e79702555,the-country-house,648ff6e467ef0766,ok,,2801,580,0.004561,2026-04-18T22:54:16.772848
batch-20260419-v6,af876889-34b9-400b-9c4d-16b1658ce1a7,mi-chiamo-lucia,ddfdf4e0-b322-42d3-8895-247d591d27f5,my-name-is-lucia,f824f79f22883f02,ok,,6800,3050,0.01764,2026-04-18T22:54:21.668616
batch-20260419-v6,af882986-207c-447c-af8f-2aa58d4b6ed9,viola-la-nonna,aacc68a8-4498-40f9-8f71-ad8d6c90f310,viola-and-her-grandmother,d7be02e6d34c3e1f,ok,,3135,832,0.005836,2026-04-18T22:55:08.847840
batch-20260419-v6,af92c42d-0bcf-4681-b4b3-ea7e70a8d2f1,viaggi-e-visioni-newsletter-n-33,c3d57205-aeca-4ce5-87b2-414474461963,journeys-and-visions-newsletter-no-33,25abad72fe85dbfb,ok,,4157,1786,0.01047,2026-04-18T22:55:18.054606
batch-20260419-v6,af94b87c-caf2-4ab8-a76b-16574e74b89c,ma-lui-dovera,f2ae2bc0-7952-46b6-8321-c4dcbb20e73a,where-was-he,b49355b769a637cc,ok,,3405,989,0.00668,2026-04-18T22:55:34.426354
batch-20260419-v6,af4ba4dd-656c-45b9-903b-1dce6b5e1527,nuovo-sito,,,889fa5c5d08cc324,error,Quality gate fallito: HTML: href persi: ['http://www.ombreeluci.it/fede-e-luce/'],,,,2026-04-18T22:53:57.113909
batch-20260419-v6,af9886d7-5723-4f7d-8899-0a3b6efe126a,maria-la-mamma-di-gesu-dedicato-ai-bambini,de910390-2b57-4d9a-81f4-d1b59bc5dcd8,mary-the-mother-of-jesus-a-story-for-children,319f992e17f5a153,ok,,3287,987,0.006578,2026-04-18T22:55:46.843383
batch-20260419-v6,afca52f4-e1d0-4459-938a-4debb13b2796,liesje-mia-figlia-recensione,06ae136e-2181-4999-abeb-a4ec32ad240f,liesje-my-daughter-book-review,ee6552e638a62041,ok,,3549,1056,0.007063,2026-04-18T22:55:54.981343
batch-20260419-v6,afac3e51-057a-4b61-a180-08dfb6cafa34,i-miei-30-anni-allarca,fe32b40b-16bf-4c10-b065-62e3848876b4,thirty-years-at-larche,59679c91e369a06e,ok,,5191,2230,0.013073,2026-04-18T22:55:48.986581
batch-20260419-v6,afcacfcd-2e34-46d7-a457-4686fd1801b0,come-nasce-un-pellegrinaggio-in-fede-e-luce,c7fe2f8a-3583-4eef-a00a-093bfdbaeffd,how-a-pilgrimage-is-born-in-faith-and-light,886e2671f6f12285,ok,,3662,1215,0.00779,2026-04-18T22:56:08.513774
batch-20260419-v6,aff06702-f5ca-45bc-ae5b-b8c140239a88,catechesi-anche-le-persone-autistiche,d585cfad-530a-4126-bbc2-cb406cc901d1,teaching-the-faith-to-autistic-people,4a63dc21eb4bd20f,ok,,4085,1457,0.009096,2026-04-18T22:56:22.505909
batch-20260419-v6,afcbd7c7-b2f8-443a-ade9-430c923c2625,tra-conquiste-e-fatiche,8634d9e7-9c5d-4487-89dc-ecc664c0a9ba,victories-and-struggles,da3adb75915c26c6,ok,,4256,1632,0.009933,2026-04-18T22:56:19.921466
batch-20260419-v6,b034f66d-a1d2-43e1-bc4f-e403a9dcc4f6,nessuno-aveva-pensato-che-patrick-avrebbe-preso-parte-alla-gita,31eece0a-48b4-4f31-8629-c50b3f5a746a,nobody-expected-patrick-to-climb,10ec3111e5447abf,ok,,2601,475,0.003981,2026-04-18T22:56:41.244033
batch-20260419-v6,b00a60db-19d6-4a3a-9c20-bd2ac71c2c78,lo-sguardo-sulla-persona-con-disabilita,5949a854-91c0-4031-a51c-c23bc32afa8f,how-we-look-at-disability,d0152d8c31a321a3,ok,,3376,958,0.006533,2026-04-18T22:56:40.855071
batch-20260419-v6,b03f83c3-122d-4853-b9b6-ea06a5ab8bf0,banca-etica-una-rivoluzione-e-entrata-in-silenzio-nel-mondo-della-finanza,a30248f8-24b3-4e61-ba23-f8f6600718ee,ethical-banking-a-quiet-revolution-in-finance,ff00d9cfc8725590,ok,,3498,986,0.006742,2026-04-18T22:56:45.842311
batch-20260419-v6,b0416ed7-4321-4ed0-8dab-930f624af048,educazione-alla-fede-per-tutti,67ea74f0-09a2-434f-ad4d-dd694d060ae9,faith-formation-for-all,79d61b64a3278d93,ok,,3222,820,0.005858,2026-04-18T22:56:53.445618
batch-20260419-v6,b049aedc-7c41-4a2a-a7b1-1a1553e2e7bf,lelia,f98a96ce-d272-4c6b-ae5d-3ff85cad14f0,lelia-b049,44177ec8577ecd15,ok,,3512,1122,0.007298,2026-04-18T22:56:57.009489
batch-20260419-v6,b0969f4b-dac6-46a5-85b4-42fbf7f79cc7,danzare-oh-oh-ohoo,b8622fb3-ebd0-48c2-8434-09fec6d7e19b,dancing-oh-oh-ohhh,6382ad825ea69f03,ok,,2924,645,0.004919,2026-04-18T22:57:09.520370
batch-20260419-v6,b08b0922-7d3b-476d-8f2d-7ad302201878,dialogo-aperto-n-27,5ca52a8d-a605-4165-925a-ebbc37ed02f4,open-dialogue-no-27,bc534569c61f2895,ok,,4419,1516,0.009599,2026-04-18T22:57:02.396367
batch-20260419-v6,b0a456f6-30c9-474a-8ff3-7b6e8b91f5c4,me-stessa,b0e61677-d0da-4eb0-b0fb-ba1d8400f9f2,me-myself,2211cdf44579ce92,ok,,2918,720,0.005214,2026-04-18T22:57:16.621576
batch-20260419-v6,b0c2a1b4-7595-40b3-9e93-f6355faf72d7,zero-to-hero-la-storia-di-so-wa-wai,ba15d252-1e51-4218-b42e-60635ae1642e,zero-to-hero-the-rise-of-so-wa-wai,fdb7fff65573abca,ok,,2850,569,0.004556,2026-04-18T22:57:23.281282
batch-20260419-v6,b0cb0426-8942-465f-a2df-89527270878e,nessuno-in-nessun-luogo,a0a59f0b-699c-4d4a-a016-bf771dc1c5e1,nowhere-in-no-one,8b4e24f1b6d47b72,ok,,2610,383,0.00362,2026-04-18T22:57:29.294475
batch-20260419-v6,b0eb072f-5508-4f67-90b2-43dc2900a26f,siamo-venuti-ad-assisi-per,f3b413e8-c268-4ea9-8c87-72d38b702d84,why-we-came-to-assisi,f99edba4a1fc0fc5,ok,,2901,781,0.005445,2026-04-18T22:57:33.886044
batch-20260419-v6,b0f29ad8-32e1-431a-a139-5f23180f8a54,la-scoperta-dellalba-recensione,39f9e92f-d2ba-40cc-92cb-0fb3d48f8df7,the-discovery-of-dawn-a-review,387e1465d7763da1,ok,,2463,334,0.003306,2026-04-18T22:57:38.201346
batch-20260419-v6,b0b8959a-40b8-48ff-800d-f5d8af127d2d,caduta-cavallo,a0414364-fe3b-4561-a5c8-42d037d609c2,my-fall-from-the-horse,cd9de62151255880,ok,,4177,1543,0.009514,2026-04-18T22:57:21.774296
batch-20260419-v6,b0f69bec-232d-44ae-abca-f33c55110654,io-vado-poco-a-teatro,e8da301c-ad4b-4b92-b318-c910897a3cb2,i-dont-go-to-the-theater-much,b88b8a7f1d27a440,ok,,2694,547,0.004343,2026-04-18T22:57:42.349695
batch-20260419-v6,b110b366-5db4-4445-8d72-bc209ff4f3b0,come-mettere-in-quattro-righe-oltre-10-anni-di-vita,6c2d45b2-9dfe-44fe-821c-ad67ef692645,how-to-fit-a-dozen-years-into-four-lines,b2c724fe5b1c9ec1,ok,,3659,1111,0.007371,2026-04-18T22:57:48.455135
batch-20260419-v6,b101410f-13e3-450d-807d-161b15323d81,custodire-ogni-persona,726e7591-a7f7-4903-a68e-c4173dbf2332,treasuring-every-person,0faf9f3b73a2eaf1,ok,,4490,1740,0.010552,2026-04-18T22:57:42.640846
batch-20260419-v6,b113d7e8-aaff-473a-a4f3-a8761f7b01f9,xavier-un-mio-un-nostro-nuovo-a-amico,c5e69940-6f34-48fe-a8c9-32630033101c,xavier-mine-ours-a-new-friend,438c47ea986375b0,ok,,2589,460,0.003911,2026-04-18T22:58:04.915058
batch-20260419-v6,b11ac417-0883-47cd-a719-b1b4ebef8fc0,fratelli-e-sorelle-di-persone-con-disabilita,ff95c3fd-be13-4d30-a821-4ef1d0b43553,sisters-and-brothers-of-people-with-disabilities,344353d15792829d,ok,,3603,1125,0.007382,2026-04-18T22:58:09.813765
batch-20260419-v6,b13900e6-e0fc-4e53-ad1a-e2725d595c94,valgo-anchio,a91e7506-ab02-456c-be6b-e9fff7cfce56,i-count-too,ec8541e8b0a7f5e2,ok,,4745,1574,0.010092,2026-04-18T22:58:23.290287
batch-20260419-v6,b14f250f-6636-4b5c-898b-e88e628f3c14,tra-il-cuore-e-la-mente,e1ddf0cc-c076-4c82-9093-eeafe9b72ff3,between-heart-and-mind,527e8b3b981262b6,ok,,2385,285,0.003048,2026-04-18T22:58:44.347022
batch-20260419-v6,b111fbba-e860-4d37-a011-00ff2260b3a0,esperienze-i-campi-dellestate-1977,c452a500-d1ed-4fd7-bc94-cd01c346e3f5,summer-1977-experiences-and-camps,802fda7ab584b27c,ok,,6846,3458,0.019309,2026-04-18T22:58:02.137895
batch-20260419-v6,b151d884-9d9d-4dda-9232-2962d28eed21,un-marinaio-in-treno,9920bfd1-6181-40f0-a4c4-294e4fc973fd,a-sailor-on-the-train,e60a8aa18e5b65fc,ok,,2945,654,0.004972,2026-04-18T22:58:47.228104
batch-20260419-v6,b16524a3-a126-4cc7-84eb-b8850c2b371b,amen,d62ffe84-f873-4d75-8196-cf08163fe260,amen-b165,5c7e3e115577ed3e,ok,,2816,610,0.004693,2026-04-18T22:58:52.978722
batch-20260419-v6,b1559bd4-8954-4f33-886e-2e1c07142b4f,il-gatto-sulla-cattedra-newsletter-n-16,0d31b9ba-6575-4da6-9bc1-8ef684fb5f07,the-cat-on-the-desk-newsletter-no-16,ed6570d76dd030ee,ok,,3638,1319,0.008186,2026-04-18T22:58:49.059652
batch-20260419-v6,b16aa2cb-66be-4ea2-b426-f4382ce9f1aa,lettera-colleghi,1479794f-33a8-46b5-836a-f13b8a80410d,a-letter-to-my-former-colleagues,1e212fa667028092,ok,,2895,682,0.005044,2026-04-18T22:58:58.594875
batch-20260419-v6,b1755421-942a-4e81-b9e4-c616d839b7ca,insegnare-al-principe-di-danimarca-recensione,84088c2d-00a2-4bd3-b8c5-b62b44d7f7a6,teaching-the-prince-of-denmark-a-school-diary-reviewed,dd36cb6cde3dc901,ok,,2466,324,0.003269,2026-04-18T22:59:02.629518
batch-20260419-v6,b1ad914e-71fb-4e41-9661-f6f31e4c58d7,questestate-faremo,755b10cf-c404-41bc-95cf-8c46d20dac68,this-summer-were-going,24b94817d7fa4999,ok,,3332,943,0.006438,2026-04-18T22:59:04.328745
batch-20260419-v6,b1b698b9-4050-4f7d-a3f1-783ac8af91ff,dialogo-aperto-n-57,7e043363-4b03-401b-8b6b-6f2c1d759d53,open-dialogue-no-57,6db0f6441ead32f9,ok,,3208,888,0.006118,2026-04-18T22:59:06.750910
batch-20260419-v6,b1bd0139-6036-4a17-8364-80e07d249622,jean-vanier-dalla-palestina,3741c107-8f1e-4bf2-a74e-fd6db6b86e92,jean-vanier-from-palestine,7a06d942dc9fbed0,ok,,4291,1588,0.009785,2026-04-18T22:59:15.732776
batch-20260419-v6,b1cedd6a-bafc-4e6d-b0ef-88f5fcbd490f,giochi-per-ridere-educare-gli-adolescenti-divertendosi-recensione,3ce4176a-715e-403c-bd39-526909fd9281,games-that-make-you-laugh-teaching-teens-through-playa-review,c6bd533e325c22bd,ok,,2485,300,0.003188,2026-04-18T22:59:35.697122
batch-20260419-v6,b1b87bcc-a10b-43b7-9891-aceacd043fea,non-aver-paura-sono-io-che-ti-guido,ff781171-6abb-4bb5-bba0-84897cdda748,do-not-be-afraidit-is-i-who-guide-you,5afb7cdb02e842ca,ok,,5999,2702,0.015607,2026-04-18T22:59:13.600559
batch-20260419-v6,b1de1e32-1f09-4b37-ad8b-876278cb3b67,genitori-e-medici-davanti-allannuncio-dellhandicap,852d5e53-75a2-4b76-a273-b6ccf1e129ab,when-a-doctor-announces-disability-what-parents-and-physicians-face,f92667e6b6deb230,ok,,4161,1378,0.008841,2026-04-18T22:59:39.774172
batch-20260419-v6,b1f1b179-cd27-4521-a05d-2317b694a63c,quel-giorno-pioveva,d4307c70-922d-4436-8e12-4e24bc8e1475,it-rained-that-day,d921b5f8889c8451,ok,,2614,436,0.003835,2026-04-18T22:59:58.647367
batch-20260419-v6,b1e7e104-db3a-4cbd-8997-4d640950c7c3,ti-chiamano,9f8018a6-24ff-4b3e-af84-efecce6f88b6,they-call-you,aa45a210818ddda1,ok,,3824,1220,0.007939,2026-04-18T22:59:51.311688
batch-20260419-v6,b1ff4fda-f1ed-41d8-ae91-d9b0c25e0b1b,scampoli-di-paradiso,8a8492db-cf5b-4aa5-9396-78470bb6eb31,scraps-of-paradise,ea59d5b8dc5df785,ok,,3073,759,0.005494,2026-04-18T23:00:03.244964
batch-20260419-v6,b21513ed-d4c8-4f3f-bc83-3fa527295000,la-cosa-piu-bellissima,f1a0151d-ed1e-4800-8823-a44d8b257c1d,the-most-beautiful-thing,a95d10a1617ce252,ok,,2940,726,0.005256,2026-04-18T23:00:06.529367
batch-20260419-v6,b2370bca-17ad-4ea6-8fe7-324f6d2cf44a,per-sempre-recensione,d2cb62fa-15c4-48cf-8409-be080eb24601,forever-a-book-review,d83caaf0a20dcc0f,ok,,2348,244,0.002854,2026-04-18T23:00:10.720797
batch-20260419-v6,b23f7f2e-7702-4ae8-a12c-b1e9835b0e69,il-coraggio-di-cambiare,0788a413-e2ed-462f-8e69-f44bc6124a83,the-courage-to-change-b23f,4d2de86944f4745c,ok,,3311,966,0.006513,2026-04-18T23:00:12.686045
batch-20260419-v6,b251f14b-e712-475a-8730-bd7fb2c2dfce,ferma-lo-sguardo,4dcd9ac4-5abb-4a00-891c-bfcf251cf365,hold-her-gaze,85c1f4fe9691aa7b,ok,,2821,591,0.004621,2026-04-18T23:00:21.956161
batch-20260419-v6,b255cdc1-f2bd-4551-9a09-338523066ec8,sogni-per-niente-speciali,d664907e-6eb9-4df0-b8c8-c254052955a5,dreams-like-anyone-elses,e0a5435665493900,ok,,2921,622,0.004825,2026-04-18T23:00:28.714311
batch-20260419-v6,b2611295-38cb-4e98-9bce-268f0aff9798,lo-straordinario-viaggio-di-nujeen,0bc7d9ed-18a9-460f-8c8d-b790ce33727a,nujeens-extraordinary-journey,22062c0728c8655e,ok,,3128,971,0.006386,2026-04-18T23:00:35.086640
batch-20260419-v6,b240cca8-a049-4077-8a88-09253a317088,come-le-altre-domeniche-anna,746dcbba-a9c1-4167-abbd-55f49af91f85,like-every-other-sunday-anna,b67abccc3e8ab1ad,ok,,5100,2235,0.01302,2026-04-18T23:00:13.453754
batch-20260419-v6,b2659d92-0078-46b8-8641-c1e3be0a1f72,letture-consigliate-la-vita-puo-ricominciare-recensione,3e2cfea2-6042-439a-8795-d5926c60366b,life-can-begin-again-a-review-of-patrick-segals-testament,7247875f043e65cc,ok,,2457,333,0.003298,2026-04-18T23:01:26.739621
batch-20260419-v6,b261ba2c-d648-48ee-af5d-cd03cab50b50,come-avviare-una-comunita,2c7df94a-d033-4c4d-88a7-c3c32c613529,starting-a-community,b33a639bb3cb6b7e,ok,,4466,1656,0.010197,2026-04-18T23:00:41.849941
batch-20260419-v6,b2738281-e976-45d3-ba34-fcf9a3e6a412,la-sindrome-down-un-aiuto-gli-educatori-genitori,c871253e-5edd-4c65-a5dc-20ffadd399d8,down-syndrome-a-guide-for-educators-and-parents,2b82ff7afa0c15af,ok,,3034,626,0.004931,2026-04-18T23:01:30.972507
batch-20260419-v6,b280cc8d-2582-4686-8581-87b8767f4f5b,94-9-35-e-18-le-cose-dietro-i-numeri,3e000d75-b70d-47ab-b435-7ed625f4d116,94-9-35-18-what-the-numbers-mean,eafb9a9de9e53b31,ok,,2819,612,0.004703,2026-04-18T23:01:32.834230
batch-20260419-v6,b2859105-cc81-412d-9e52-a1a55fcb214d,imparare-a-cadere-recensione,8d3b07b0-cf95-4666-b598-aba8395a72c7,learning-to-fall,8833cf7283cddb22,ok,,2534,400,0.003627,2026-04-18T23:01:38.019271
batch-20260419-v6,b28d73e5-f972-4313-9112-9fa427d1d7ef,la-sedia-magica-della-mamma-recensione,364b2f8f-6a89-43e9-ac2f-b38527a46dc9,moms-magic-chair-a-book-review,ce832f7246e6e7d0,ok,,2409,281,0.003051,2026-04-18T23:01:53.465540
batch-20260419-v6,b287dfaa-7c35-4641-9cb6-0270be9b5135,come-dirlo,fd8b4ad0-96f1-4590-8cdf-757b69c4863c,words-matter,f13127e6bd724338,ok,,4217,1480,0.009294,2026-04-18T23:01:39.410659
batch-20260419-v6,b2928ad6-61a4-4ebc-a727-03dc4639e5af,ma-io-che-centro-il-bene-comune-in-tempi-di-crisi-recensione,dbd665e3-eb5b-4151-acc2-a904d87da315,whats-it-to-me-the-common-good-in-times-of-crisis-review,eb7b45770ff4f537,ok,,2489,304,0.003207,2026-04-18T23:01:56.827722
batch-20260419-v6,b2a8e25a-57a1-4655-a2ff-4d1fd5d50e58,tenere-piu-stretta-la-mano-dei-piccoli,57d1ad3b-8a3e-4e82-8db3-c099695dcf78,holding-the-smallest-ones-closer,85da8ab16e7239e5,ok,,2913,674,0.005026,2026-04-18T23:02:00.539475
batch-20260419-v6,b2a3e60c-79a2-4f5f-beb5-67b6edb1af04,noi-quattro-la-comunita-il-roveto,3173cca1-317f-42e6-9d1c-87b986300a66,four-of-us-the-il-roveto-community,a8286b21dd43dd4c,ok,,3738,1258,0.008022,2026-04-18T23:01:59.575511
batch-20260419-v6,b2ff4d0c-6f5c-4400-b6ea-d6014a084277,agricoltura-e-disabilita-il-campo-sperimentale-splende-il-sole,bae6923e-7a1f-44c1-9ef0-df5f8bfe7f5c,agriculture-and-disability-the-experimental-farm-splende-il-sole,0cf58e2f013a5f55,ok,,4121,1335,0.008637,2026-04-18T23:02:13.305229
batch-20260419-v6,b30ef82d-c2ed-4f12-ba52-c60fcc97348e,sotto-cieli-noncuranti-recensione,275698d4-8da4-44cf-9f84-74d5e34d5939,under-indifferent-skies-a-review,62e3493052f89f49,ok,,2459,338,0.003319,2026-04-18T23:02:31.170244
batch-20260419-v6,b322e639-4ffd-46ef-9d58-742c2f7f1896,lucca-in-mostra-i-quadri-di-artisti-con-disabilita-mentale,17360c9b-deb9-43a0-a8a7-21143512dfc0,lucca-exhibits-works-by-artists-with-mental-disabilities,2d745dd9b5ec00b1,ok,,2951,704,0.005177,2026-04-18T23:02:34.786103
batch-20260419-v6,b325c26c-7013-4447-8f39-5c48db11bc63,loic-che-oggi-continua-a-benedirci,eb938092-36e1-428d-bec2-956e5a3f0604,loics-blessing-then-and-now,ee15063abc41dbdc,ok,,3858,1376,0.00859,2026-04-18T23:02:40.852710
batch-20260419-v6,b360d5b8-461a-4b28-a2bc-3e72409396a5,sport-e-musica-per-crescere,4608baaa-18cc-4b4d-aa76-59d631e3a4e6,sport-and-music-the-path-to-growth,824fc090ee7110df,ok,,3276,899,0.006217,2026-04-18T23:02:56.675095
batch-20260419-v6,b362cc6b-03b2-4796-909d-d0961e9af10b,non-vuole-piu-andare-a-messa,7b652054-4c89-42ed-81cc-eb950ab9e73c,he-wont-go-to-mass-anymore,1a682f330eabc28d,ok,,4050,1415,0.0089,2026-04-18T23:03:06.942323
batch-20260419-v6,b2fb7410-9cdb-46aa-9052-6e375486f829,un-nuovo-modo-di-vedere-la-vita,e24ced6c-cf0a-4221-b577-44f962cf2928,a-new-way-of-seeing-life,b2d2b951b99ed752,ok,,4429,1690,0.010303,2026-04-18T23:02:06.406593
batch-20260419-v6,b36c4e0d-3397-43da-9d79-28b69c4b1b85,aiutarlo-a-vivere-il-lutto,690aae49-6a83-4960-afba-d395cc22268a,helping-a-child-grieve,a5d23b90265e4509,ok,,4229,1453,0.009195,2026-04-18T23:03:24.510894
batch-20260419-v6,b3a89c4f-b444-4cd0-9ea8-e0acc6c6a079,libri-lavoretti-manuali,61cc0a57-8b36-4c52-beab-19e63447c283,craft-books-hands-on-learning,4ee91bd993972f54,ok,,3193,876,0.006058,2026-04-18T23:03:42.219597
batch-20260419-v6,b3ace884-a773-4833-99d7-2deee658e4f5,come-spezzare-il-circolo,e4297ff8-a536-4c9f-b142-3ccbf343d9f6,breaking-the-cycle,8f5176c7d265e878,ok,,2863,553,0.004502,2026-04-18T23:03:51.945300
batch-20260419-v6,b3a58ee2-5dae-41b6-9f8d-72ba441548f1,farci-servizi-perche-alla-cresima-la-cugina-accattava-giovanni,976afbc0-1cdd-4c3b-ab13-3d564bd9340a,she-came-to-help-because-her-cousin-was-waiting-for-john,2efd4616e0fa6d98,ok,,6318,3234,0.01799,2026-04-18T23:03:29.698447
batch-20260419-v6,b3af8677-bc4a-4151-94ce-275cfebf99a3,leducazione-dei-bambini-cosiddetti-lievi-si-ma-quale,ea3cf5d1-dcb1-4336-8e7f-3dd308c73a23,educating-children-with-mild-disabilities-what-does-that-mean,9105c611bc75058e,ok,,3966,1445,0.008953,2026-04-18T23:03:57.903012
batch-20260419-v6,b3d0c426-9e94-4c55-a3b1-9e20af72d9af,dipendente-ma-libero,c2330279-7e63-4e94-b80e-e99ed0448ab4,dependent-yet-free,603ceff381f55665,ok,,4282,1631,0.00995,2026-04-18T23:04:11.605882
batch-20260419-v6,b3dbe032-996d-419c-9551-6e9556f52e4e,chopin-diversamente-impresa,96425d3c-6ee2-4501-a19a-6924402619c3,chopin-a-different-kind-of-business,017873614fc5352f,ok,,4454,1740,0.010523,2026-04-18T23:04:13.161182
batch-20260419-v6,b411e197-6368-4e9a-a5b6-a58b64a33df0,la-sedia-a-rotelle-e-i-chicchi-duva,d1b6d91f-aac4-43c4-bdd0-ef8363728504,the-wheelchair-and-the-grapes,4a48d35170e4d909,ok,,2962,684,0.005106,2026-04-18T23:04:32.076813
batch-20260419-v6,b4459b12-1094-4f81-96a0-e5e16b33e982,zio-giorgio,e32ed581-0e22-40bc-b993-7fe23b4eddc3,uncle-giorgio,236579d4e3ed5505,ok,,2716,538,0.004325,2026-04-18T23:04:39.151997
batch-20260419-v6,b415f944-d0eb-4e7e-9f4b-19819c84fb9c,la-memoria-del-bello,b1485de4-eb4e-4f2e-ac0c-262a94ce9e8b,the-memory-of-beauty,a5e7e3d41036365d,ok,,4884,1692,0.010675,2026-04-18T23:04:32.425332
batch-20260419-v6,b4a7bcc5-d63f-40a6-bf5c-b97f288876af,da-dove-cominciare,9cfbadcc-e698-4c00-b82d-bfedcec19e91,where-to-begin,4929115e8fdbac34,ok,,4120,1380,0.008816,2026-04-18T23:04:53.841099
batch-20260419-v6,b4d5c233-976a-4650-adcf-7140c5d6267c,avevo-tanta-paura,e3d0117e-1158-4c8d-92bf-6d4fd8043954,i-was-so-afraid,0deb5270b3e2d799,ok,,5147,2321,0.013402,2026-04-18T23:05:11.540326
batch-20260419-v6,b4a52c3e-19e9-4f96-bf2c-66f3d4862e2a,vita-fede-e-luce-n-3,0cce0779-20ce-4ed7-9591-de895790289b,faith-and-light-3,181abcbd6daeb6bc,ok,,8140,4326,0.023816,2026-04-18T23:04:44.184514
batch-20260419-v6,b5307920-01db-4127-b0a8-853a8fef3e4f,leta-giovane,57bb5ebc-ab5e-4a36-b507-07c4aa3f311f,young-ahmed,3a24a0cede3efd3d,ok,,2813,567,0.004518,2026-04-18T23:05:47.461391
batch-20260419-v6,b54b0c82-2a8d-4915-a052-260ac0451bc4,dalle-province-n-139,93b3e4e5-074c-4a5b-853c-e5b5a6d755df,from-our-provinces,50a8f52880ef6c12,ok,,3376,981,0.006625,2026-04-18T23:05:52.870578
batch-20260419-v6,b50a3393-9e8c-4f68-bbdf-12f2ec219e02,quando-la-vita-e-cosi-difficile,f0832524-e195-422c-ab1c-f3e8d5827848,when-life-becomes-this-hard,c665def78f62e509,ok,,4287,1705,0.01025,2026-04-18T23:05:46.214713
batch-20260419-v6,b570786b-1774-4422-98e3-eb10777fa972,il-disabile-nella-societa-prospettive-di-integrazione-recensione-libro,e4473eec-e0a6-4cf5-93da-081ce74372ad,the-disabled-person-in-society-prospects-for-integration-book-review,ed56b1dc19517a67,ok,,2718,536,0.004318,2026-04-18T23:06:08.209931
batch-20260419-v6,b5716033-a7d1-42d4-bcb8-4e5a570d78a3,isacco-il-figlio-imperfetto,67cf812d-61a7-46b8-8444-122a2abaed16,isaac-the-imperfect-son,e074d33d814678a5,ok,,3191,1034,0.006689,2026-04-18T23:06:14.044319
batch-20260419-v6,b57c106d-aa82-4148-9635-8fb01516e014,devotio-come-facilitare-la-partecipazione-di-persone-con-disabilita-alla-liturgia,b2075629-80d0-4530-b66a-d885d9e59f05,making-the-liturgy-accessible-how-churches-can-welcome-people-with-disabilities,48b0e1c9eaddea2e,ok,,3209,820,0.005847,2026-04-18T23:06:21.009158
batch-20260419-v6,b587b2b1-9796-4ef4-87e9-40ce4706e235,natura-sport-e-cultura-ad-eboli-parte-la-colonia-per-persone-con-disabilita,a4fcbb34-6e12-48e6-bdd8-a72029e40503,summer-camp-for-disabled-people-launches-in-eboli-nature-sport-and-culture,b02e7eefb3824590,ok,,3209,886,0.006111,2026-04-18T23:06:29.327111
batch-20260419-v6,b5d41840-f054-4982-b63b-067966cb3f3e,cosa-e-fede-e-luce-tre-risposte,d9cf0873-fcef-493b-a659-9982f1826021,what-faith-and-light-is-three-answers,89558c93c4372fb5,ok,,2614,451,0.003895,2026-04-18T23:06:38.180747
batch-20260419-v6,b5d49e4a-e7b8-4a3a-a031-a874939eb3ce,equipe-di-coordinamento-come-funziona,2f09fc30-d844-4d32-91a7-ea875fc16e6b,the-coordinating-team-how-it-works,c2230137268720ea,ok,,3985,1315,0.008448,2026-04-18T23:06:41.703283
batch-20260419-v6,b553bb6b-807e-4aed-9af3-02df574c3d35,un-fardello-pesante,0ee258d1-060d-403e-a801-a3b11531d8e8,a-heavy-burden,d7af01a28e55f116,ok,,7423,3598,0.02033,2026-04-18T23:06:04.299055
batch-20260419-v6,b5f21945-3e70-4378-97a2-62bda7e06a8c,osservazioni-di-una-mamma-qualunque-recensione,71207e55-67d3-462b-84a9-949991ddc356,observations-of-an-ordinary-mother-a-review,0d8286398507cbf8,ok,,2364,271,0.002975,2026-04-18T23:06:59.393797
batch-20260419-v6,b6013643-d2a5-42f9-b2d6-8297bafb1838,come-essere-amici,9a97e9ed-9b06-4334-ac2d-802cb279cb7e,how-to-be-a-friend,1757d94b07451a53,ok,,4719,2088,0.012127,2026-04-18T23:07:02.733794
batch-20260419-v6,b5d5bbce-4452-4bb3-8ad7-7bafd59bf000,dialogo-con-il-cardinale-martini,2efde4d1-5b76-42df-9786-5d627c0ae7d9,a-conversation-with-cardinal-martini,2b94321d773fcc61,ok,,5309,2443,0.014019,2026-04-18T23:06:57.872286
batch-20260419-v6,b618456b-596e-49f8-9654-5dea36a3c659,liberta,ade6a873-c93a-49a5-b39d-ac3a0582e49e,freedom,69559e3320b002b1,ok,,3036,734,0.005365,2026-04-18T23:07:32.159638
batch-20260419-v6,b620e28b-f73d-4535-a516-ab0c8f9d8185,maria-e-i-delfini,fec731b4-4605-4512-93ad-a51fc17c6a6e,maria-and-the-dolphins,fcf2d23042773827,ok,,2776,496,0.004205,2026-04-18T23:07:39.422758
batch-20260419-v6,b61f3b13-2a9e-4287-bc07-460b88e94fe3,nel-profondo-della-malattia-una-comunione-e-possibile,912622ea-c2d9-44b5-8744-c8d543296c2a,in-the-heart-of-illness-communion-is-possible,bbfe82229e5533e1,ok,,3835,1309,0.008304,2026-04-18T23:07:32.553275
batch-20260419-v6,b6235fa9-bbd0-474e-bdd7-fbe4c4d2cbc4,un-gioco-da-fare-quando-fuori-piove,b1a5d94c-8e0a-471d-873a-c3952ad40dda,a-rainy-day-game,030b5cadf6b4ba00,ok,,3074,800,0.005659,2026-04-18T23:07:45.064376
batch-20260419-v6,b628a86e-d02f-4eba-96d3-abd9100da964,corsa-in-taxi,41ebacfb-ff22-457c-b32b-34cc222a0650,a-taxi-ride-through-the-city,8d3acf47aaae5b70,ok,,3453,1087,0.00711,2026-04-18T23:07:47.704499
batch-20260419-v6,b62e2043-c7a5-4db7-b669-7f9911f75814,secondo-le-possibilita-e-secondo-il-vangelo-chiediamo-alle-comunita-religiose,41ceb9d4-d0b5-453b-99d0-47d836a008c1,within-our-means-and-according-to-the-gospel,7c1e4180adce8b20,ok,,3737,1078,0.007302,2026-04-18T23:07:53.194760
batch-20260419-v6,b642327b-ec02-428f-aac2-5c79426a35d0,vita-fede-e-luce-n-109-eillaboun-a-casa-di-sammanher,227f34fd-83b8-4a71-b60f-e77314c7b774,faith-and-light-in-galilee-a-community-takes-root-in-eilaboun,36fe134e96484423,ok,,3902,1291,0.008286,2026-04-18T23:07:58.376969
batch-20260419-v6,b64599bc-2108-4cce-b022-097e9f2f5ec8,verso-la-maturita,1136ed91-96cc-416b-9d99-e36d8284104b,growing-up,87494a7642abc46d,ok,,4094,1397,0.008863,2026-04-18T23:08:06.384819
batch-20260419-v6,b6ce0194-421c-4448-ad78-cddeb1507d0a,5-conferenza-internazionale-sullautismo-1983,70b7abee-6193-4068-8d49-04fcb043cdd8,the-5th-international-conference-on-autism-1983,277ded2c854b5d4a,ok,,3762,1172,0.007698,2026-04-18T23:08:13.504037
batch-20260419-v6,b6e81336-2d12-4917-9526-1092458f951c,il-circo-delle-meraviglie-recensione,3f7d2f1c-8e24-416c-bcaa-64bae8c7320e,the-circus-of-wonders-a-review,6a3173b941bd7453,ok,,2479,377,0.003491,2026-04-18T23:08:22.305142
batch-20260419-v6,b6ecb8f8-f473-453c-ae76-14b077db621b,trovare-la-pace-recensione,6c5e2d40-15c8-4eee-9c72-93682a37af34,finding-peace-a-book-review,718d43648c11269b,ok,,3058,712,0.005294,2026-04-18T23:08:26.305298
batch-20260419-v6,b7073215-750d-4a3e-bb98-b1f35156ad8f,ogni-uomo-e-una-storia-sacra,50159559-34ff-4a87-ad9f-ee53aa6efc02,every-human-being-is-a-sacred-story,dc029dbe93280326,ok,,3251,841,0.005965,2026-04-18T23:08:26.327487
batch-20260419-v6,b751af78-7468-4558-9ef4-0b87603274d7,vita-fede-e-luce-linizio-di-un-cammino,d9ced8a7-e084-4706-9218-600307528e8c,a-life-with-faith-and-light-the-beginning-of-a-journey,665cf57a3c731023,ok,,3746,1103,0.007409,2026-04-18T23:08:34.663957
batch-20260419-v6,b7586600-5258-4e57-afa4-a5267a48ff44,handicap-e-liturgia-novita-nel-dizionario-di-liturgia-per-sacerdoti-e-catechisti,aeb5c9d5-3e51-44ff-a372-9402190c5deb,disability-and-liturgy-a-new-entry-in-the-liturgy-dictionary-for-priests-and-catechists,63ad04c41d8564e1,ok,,4027,1441,0.008986,2026-04-18T23:08:48.404246
batch-20260419-v6,b73d36d3-c837-4839-a72a-720e0d1695a1,nonostante-jean-vanier-larca-rimane,524395a9-5ade-4162-9e1d-fad9ef58d646,beyond-jean-vanier-larca-endures,8ac40bb1e593f14a,ok,,4935,2119,0.012424,2026-04-18T23:08:34.102414
batch-20260419-v6,b76dcd82-0e46-4fe7-bd6a-af804cbf2151,oltre-le-barriere-imposte,3a0b0fac-2c94-4ee9-8346-3b42a1e6ee49,breaking-down-the-barriers,4bbf4e65d926a446,ok,,2794,591,0.004599,2026-04-18T23:09:03.904623
batch-20260419-v6,b77aa681-36fb-48f4-a834-a7ea1a2046ba,un-tema-difficile-e-delicato,d7211d10-fa62-4926-aee0-cf030f3e14f0,a-difficult-and-delicate-question,c238187d3baeebac,ok,,3211,792,0.005737,2026-04-18T23:09:10.620490
batch-20260419-v6,b777f620-cede-4fe7-b1ff-a99d51b58199,cronaca-di-due-giorni-accidentati,1a4170b3-0454-47f9-baa2-5af13cbf183b,two-days-many-questions,4b4e47eea577b9c9,ok,,4605,1508,0.009716,2026-04-18T23:09:04.988353
batch-20260419-v6,b7810fda-08e1-4641-9bc9-30abd1340772,riscoprire-una-chiesa-domestica,0b594fca-9a9d-4f3e-8b0d-17f10034b203,rediscovering-the-domestic-church,a7a82fb4c36e54ad,ok,,3048,706,0.005262,2026-04-18T23:09:18.980361
batch-20260419-v6,b7a49db6-0d24-4b23-b71d-3ebba20aa6da,gli-altri-vostri-figli-lhanno-accettato,71e25cc2-6441-4dad-ad3f-34c85c7fa3ab,did-your-other-children-accept-it,d678dcb9eb3d717c,ok,,2458,310,0.003206,2026-04-18T23:09:26.043374
batch-20260419-v6,b797d6bc-eb8e-40c4-af90-ff05ebbefc6e,il-progetto-girotondo,b29029f3-69f7-4237-bad5-90fc660322cb,the-girotondo-project,a350988eef6e1770,ok,,4149,1371,0.008803,2026-04-18T23:09:24.571684
batch-20260419-v6,b7afa260-7c71-467d-a40d-10e37257b34a,irene-e-i-suoi-in-casa-maria-grazia,b3bff65f-f97a-4b69-9880-208fc9c8666e,irenes-home-inside-casa-maria-grazia,9d29115cc77d383f,ok,,3908,1272,0.008214,2026-04-18T23:09:29.637175
batch-20260419-v6,b7c21d50-73b9-4dff-8e7f-8b2dff9eac09,sono-molti-ad-aspettare,f300863a-0140-4124-af8a-d43e1ad32910,so-many-are-waiting,122f4fb7869b454e,ok,,4188,1566,0.009614,2026-04-18T23:09:43.261965
batch-20260419-v6,b7cd9e3a-6c70-47ff-85b9-cb01e2aa6e54,io-non-lo-so-cosa-mi-aspetto-dal-futuro,bbca5a79-cacb-44eb-ab8f-2ff6e7532d37,i-dont-know-what-to-expect,43f01aa36b311010,ok,,2454,341,0.003327,2026-04-18T23:10:04.219426
batch-20260419-v6,b7f78061-c117-4617-a5b9-fb25117f0149,una-prospettiva-degna-della-nostra-umanita,cfaed93c-7fda-4585-a616-c647dd5cdc43,a-vision-worthy-of-our-humanity,2a20bb91d007deb9,ok,,4328,1336,0.008806,2026-04-18T23:10:08.542063
batch-20260419-v6,b7cd66ff-7a5d-42c5-b43e-b953d8979c2a,adolescenti-allo-sbaraglio,0c4c8e2d-c185-4fcf-95d0-6517c6e21dba,teenagers-abandoned-to-fate,069e6b3773b9004d,ok,,6901,3198,0.018313,2026-04-18T23:09:45.563019
batch-20260419-v6,b822bc0b-67d2-419e-aaa6-ed628bbff63a,famiglie-in-esilio-ferite-ritrovate-riconciliate-recensione,fd3f8414-e00d-416c-b97f-4b6d06558862,families-in-exile-wounded-restored-reconciled-a-review,5404b8af76c2cd06,ok,,2689,469,0.004027,2026-04-18T23:10:28.124094
batch-20260419-v6,b825987c-b70e-4170-a3e4-d99843fb7422,tanto-io-non-la-perdo,9d036f88-5258-46af-b189-aa4882803bc1,im-not-losing-mine,a71c50e73261d0e5,ok,,2717,547,0.004362,2026-04-18T23:10:32.251820
batch-20260419-v6,b83b8f5d-b2bb-4118-b7ca-448346b17b78,oltre-lhandicap-esperienze-e-proposte-a-contatto-con-bambini-autistici-down-cerebrolesi-ipoacusici,622989eb-a118-4fb7-b9c2-c8064470d398,beyond-handicapexperiences-and-approaches-with-autistic-down-syndrome-cerebral-palsy-and-deaf-children,d3c61d10ff14b6e7,ok,,2793,526,0.004338,2026-04-18T23:10:37.604863
batch-20260419-v6,b842c431-47cc-40e1-81b2-be1028190a72,pedagogia-del-dolore-innocente-recensione,02aeceb5-dba5-463e-8162-9e709878b611,the-pedagogy-of-innocent-suffering-a-review,470611a483c11f0f,ok,,2643,473,0.004006,2026-04-18T23:10:42.078230
batch-20260419-v6,b84a287e-1a30-4bea-b5a6-70cdaad9608d,e-poi-saremo-salvi-recensione,935cd87a-c4c4-4810-af0a-2594718c7f36,and-then-we-will-be-safe-alessandra-caratis-powerful-testament,33ad7afb7ea68be8,ok,,2597,470,0.003958,2026-04-18T23:10:47.035602
batch-20260419-v6,b82d4971-aaab-40a5-897f-b797598f2586,essere-mamma-che-senso-ha-la-vita-di-mio-figlio-paolo,4ffdf1f8-9f4b-48d7-bf8e-82e6c918c144,being-a-mother-what-meaning-does-my-son-paolos-life-have,8730ef6b2b1d1681,ok,,4260,1685,0.010148,2026-04-18T23:10:33.121921
batch-20260419-v6,b86b4ab5-67dd-42be-9b65-b41a4ae1c873,la-sfida-di-chi-ama-di-piu,9724f292-58c1-4ede-86a8-bce21583da47,the-challenge-of-loving-more,fdcff880fceb11bc,ok,,3422,909,0.006374,2026-04-18T23:10:57.434686
batch-20260419-v6,b87f0377-c852-427e-b9ad-65c2c8386e16,cosa-fare-delle-nostre-ferite-recensione,fc54b15c-bef2-49a1-aefe-ae79388dc0e7,what-to-do-with-our-wounds-a-review,3f1e49e96f30a287,ok,,2535,398,0.00362,2026-04-18T23:11:07.925112
batch-20260419-v6,b86711e0-827d-4139-95c8-fdf05bc5e958,sindrome-di-costello-la-storia-di-sandrino,fd3980f8-a9c7-4b30-926c-2382299c7d62,sandrino-and-costello-syndrome,4733711956f4d929,ok,,4494,1779,0.010711,2026-04-18T23:10:52.757349
batch-20260419-v6,b88d8aee-1e34-4716-9a18-d71a05aa27af,insieme-primo-articolo,7cb26cc1-ff21-4eef-aaef-77e5aba9f459,we-woke-up,86bca2b6861a93cb,ok,,2924,629,0.004855,2026-04-18T23:11:12.677198
batch-20260419-v6,b8a3d1cd-1143-4c01-b0b0-7a3155a8ebf0,temevo-non-accettata-catechista,2dea129c-e519-4c76-a068-41d2095c3198,i-feared-no-one-would-accept-me-as-a-catechist,8c2d31e72ed9f3ea,ok,,2973,630,0.004898,2026-04-18T23:11:14.836139
batch-20260419-v6,b8a72bc3-3d66-4316-a4e9-6ea710bfab28,come-guardiamo-le-persone-diverse-da-noi-le-riflessioni-di-alexandre-jollien,4047424e-6a65-412c-ab09-c4997dff2249,how-we-see-people-different-from-us-alexandre-jolliens-reflections,d4f5d2b2abb79bad,ok,,2960,680,0.005088,2026-04-18T23:11:20.660575
batch-20260419-v6,b8c584d6-f142-4eff-a0e0-0d35ffdf9d86,tenerci-per-mano-insieme,1fc422f8-fd84-4ac9-a6b4-2921145e9708,hand-in-hand-together,5082cf67192bffa5,ok,,2989,746,0.005375,2026-04-18T23:11:26.849349
batch-20260419-v6,b8b60b0b-8b54-4417-bb21-87d16961d468,marina-di-camerota-venti-giorni-di-prime-volte,69a3dd3e-2a24-4342-9578-ca98e29ff6ff,twenty-days-of-firsts-at-marina-di-camerota,02cbdcb67ecfca1e,ok,,3985,1421,0.008872,2026-04-18T23:11:23.269933
batch-20260419-v6,b8c7e1c0-69e6-4ed0-a218-90feb8c762bf,in-your-shoes-concorso-studenti-inclusione,03292f8b-55dd-468c-8525-cb4bbbe5e4fb,in-your-shoes-social-inclusion-through-student-action,59436b6fdd5a11b7,ok,,3814,1267,0.008119,2026-04-18T23:11:33.511642
batch-20260419-v6,b8d14365-68c2-4cff-b020-dd232f38350b,domenica-pomeriggio,f43e9320-c4fd-4584-8a7b-76a87dbbc949,sunday-afternoon,8a241b201fd4c687,ok,,2816,597,0.004641,2026-04-18T23:11:41.441510
batch-20260419-v6,b914bb4c-64cf-49da-9cfa-fe661d7a8b55,fumetto-e-disabilita-divertimento-cultura-ecumenismo,a6c8d073-653d-4b30-9d38-02fb50f42ea3,comics-disability-and-faith-a-festival-of-inclusion,1534b0ea0f358fc5,ok,,3233,978,0.006498,2026-04-18T23:11:47.531787
batch-20260419-v6,b9227437-5703-4ba6-a8f9-a621728fed76,animare-un-gruppo,ab93e8a2-453a-4672-85e5-a560c93522d9,how-to-lead-a-group,4d67f1c3809284be,ok,,2330,206,0.002688,2026-04-18T23:11:56.414806
batch-20260419-v6,b94206e7-5e19-42b4-90d4-04061a44b428,dialogo-aperto-n-162,f40a59f0-4be5-45a9-bf88-d4555774dcb2,open-dialogue-no-162,4bfbe688c4216850,ok,,3155,816,0.005788,2026-04-18T23:11:58.938290
batch-20260419-v6,b94d0d60-ffee-40e6-bc90-a3ab61ec221a,il-diritto-di-chi,fb4f96a8-26d8-49d8-8f5f-befb80120b63,whose-right-is-it,fee97e2626777136,ok,,3721,1070,0.007257,2026-04-18T23:12:07.652214
batch-20260419-v6,b8e72d6b-b91d-4f92-a481-48a44279fd64,dialogo-aperto-n-43,2426265a-924a-4409-bb51-5dec7cd0a633,open-dialogue-no-43,2906a98bd5170da1,ok,,5380,2231,0.013228,2026-04-18T23:11:47.027390
batch-20260419-v6,b96c4ade-efa2-4ec0-996b-365662b3d355,centro-del-libro-parlato,c70bad4f-2d74-4656-b90e-64245282e15f,the-talking-book-center,46b70c30b0c895e6,ok,,2552,371,0.003526,2026-04-18T23:12:21.508544
batch-20260419-v6,b95feb17-15d7-45fe-a5f9-7bfa08d30349,son-mother,faad1eb8-f6a1-4b27-9cd8-ea0e115e27f6,son-mother-b95f,e88a6e5a8d91a0f9,ok,,2785,519,0.004304,2026-04-18T23:12:20.929342
batch-20260419-v6,b9768b2a-8472-442f-bba7-fc1656ee4934,la-locanda-dei-girasoli,356d67f9-7b8c-4cbd-947e-13189a9e043e,the-sunflower-inn,70d03d551426f1b0,ok,,2729,543,0.004355,2026-04-18T23:12:24.949607
batch-20260419-v6,b97d2547-f045-4e1b-85ac-278adc30649e,quando-il-gioco-e-difficile-o-impossibile,d7dbcff8-5157-4b5f-8678-e403a7441903,when-play-is-hard-or-impossible,f7a12c6e36360b25,ok,,2705,471,0.004048,2026-04-18T23:12:26.541733
batch-20260419-v6,b9901573-827a-4790-918b-20835c2abf48,dialogo-aperto-n-155,138f303e-3256-4818-9467-5d90d1c74deb,open-dialogue-no-155,ae57a7871c7cff9f,ok,,3205,866,0.006028,2026-04-18T23:12:31.567281
batch-20260419-v6,b981d6c9-01fd-4af9-b904-33682a456890,i-geni-del-futuro-crispr-cas9,a74fcfee-b13c-4bcf-afb2-a02e5fcaf6ce,the-architects-of-tomorrow-crispr-cas9,b7e406e73366f2c8,ok,,4111,1238,0.008241,2026-04-18T23:12:29.452521
batch-20260419-v6,b9b611a1-9ac7-4ad1-9e85-21dc15ce1f53,quando-arrivano-le-vacanze,8c63d2b3-2399-41c4-b88d-1b3db70e3b56,when-summer-comes,69f3c24618c6b7db,ok,,3085,781,0.005592,2026-04-18T23:12:39.152735
batch-20260419-v6,b9c55b49-01e0-45b8-b270-2d61bd9e0259,il-respiro-leggero-dellalba-recensione,b7e3ea81-03fd-43ae-ab8a-b40d51010723,the-light-breath-of-dawn-a-review,4328446592d002cd,ok,,2641,467,0.003981,2026-04-18T23:12:44.508588
batch-20260419-v6,b9e1517f-48f4-4a96-bf1c-9018546e3b1a,una-realta-esigente,febfffe6-58e3-4443-a22e-2c913d265010,the-weight-of-it,a2e7ea584af3f16e,ok,,3003,652,0.00501,2026-04-18T23:12:49.519093
batch-20260419-v6,b9c56ad8-2731-4fa6-a55e-d8b5d6ecfcde,quel-portachiavi-uguale-al-mio,7fbaeda5-6e1f-476a-b031-ff13b21f7daf,a-keychain-just-like-mine,c841da3a1f27e4fb,ok,,3370,1078,0.007008,2026-04-18T23:12:48.042534
batch-20260419-v6,b9f1575a-0c5e-4432-b063-f4595924d6f6,10-passi-verso-il-pensiero-positivo,4ca68ad6-3668-4305-981c-092eed90aa3b,ten-steps-to-positive-thinking,78b0f6654f1c0c0f,ok,,3031,680,0.005145,2026-04-18T23:12:57.071332
batch-20260419-v6,ba06662a-d08a-4d9f-b9f1-d765089979c1,cosa-ti-manca-per-essere-felice-recensione,376bcd09-a1c2-4ecf-8766-803cabfe7c6f,what-more-do-you-need-to-be-happy-a-review,10c7fbc5053f8ad0,ok,,2449,327,0.003267,2026-04-18T23:13:03.600088
batch-20260419-v6,b9f27278-2b04-47cd-be39-6876b2180f42,cosa-vedremo-a-roma-durante-il-pellegrinaggio-1975,8e47d57e-c02c-4a3e-96bd-bcc60e9e4d85,what-well-see-in-rome-a-pilgrimage-guide-1975,75484a45afbfcdda,ok,,5024,2197,0.012807,2026-04-18T23:12:59.096850
batch-20260419-v6,ba4353df-b651-4464-b32e-136850dc0650,unica-nel-suo-genere,322440ba-7b90-4cbe-b6bc-eee8ce460336,one-of-a-kind,fe5fb385dad56563,ok,,3949,1361,0.008603,2026-04-18T23:13:26.010790
batch-20260419-v6,ba0ccf7b-f6fd-4172-a64c-831060237808,venezia-82-quando-la-realta-ti-insegue-dentro-al-cinema,1bba0938-8b3e-4433-ae66-2703f3d6c39b,venice-82-when-reality-follows-you-into-the-cinema,45e4105c5d23554f,ok,,7170,4070,0.022016,2026-04-18T23:13:07.101145
batch-20260419-v6,ba86cdf6-18c1-4cc6-94e4-efa10532786d,ho-amici-in-paradiso-recensione,19add60c-3c68-4393-8618-19bbb7d6edb2,friends-in-paradise-a-review,74f87ca09f63559d,ok,,2539,352,0.003439,2026-04-18T23:13:53.136250
batch-20260419-v6,ba8990e3-e3b2-46b1-a61f-1963fe823716,airbnb-accomable-un-aiuto-ai-viaggiatori-disabilita,47d3e9bd-00b8-4a63-8d2d-2535f8b5b6c8,airbnb-acquires-accomable-opening-travel-to-disabled-guests,9687d42faf82999d,ok,,2751,490,0.004161,2026-04-18T23:13:57.527579
batch-20260419-v6,baa0411b-a2c3-4614-a5ce-242f9b8eb1c9,questa-cosa-non-mi-piace-per-niente,e7c007ec-4a87-4914-849f-1aee1b4fb88a,i-hate-this,028b600949a1dd3a,ok,,2779,593,0.004595,2026-04-18T23:14:02.439566
batch-20260419-v6,baa9d8f2-c545-4661-937b-e9f537abee89,forza-roma,496b64d3-3520-4c50-ae60-2843573c4b95,go-roma,2df1ecd7548db6e6,ok,,2805,599,0.00464,2026-04-18T23:14:07.999820
batch-20260419-v6,ba7c256d-b32d-4911-9b83-86a8732a0415,ho-guadagnato-un-anno-al-carro,6224c722-6fc2-494b-974f-a306a5f8b001,a-year-gained-at-the-carro,99aec87a53c159ff,ok,,5399,2174,0.013015,2026-04-18T23:13:43.092884
batch-20260419-v6,babda0d4-4faf-420d-91f8-331cc5804cb3,laltra-gente-convivere-con-lhandicap,1c29b5e9-102b-4f91-94f7-be57aba8692d,the-other-people-living-with-disability,cee295736d5074b1,ok,,2571,399,0.003653,2026-04-18T23:14:13.270733
batch-20260419-v6,bacf2922-c597-4f7c-bdbd-b5b3573c2928,il-4-momento-tra-un-incontro-e-laltro,3326f2b2-bdb6-4e9b-84f9-d64b248ea73d,the-fourth-moment-between-one-meeting-and-the-next,cdff6745e25e8206,ok,,3271,823,0.005909,2026-04-18T23:14:17.162903
batch-20260419-v6,bac64caf-1624-4ae8-9f9d-5a3a60bac2d5,alzheimer-il-grande-amore-di-sua-sorella-marta,fae1a20f-2a84-4e2b-8b1c-5b48e3e5c12a,the-great-love-of-her-sister-marta,f81ce5ccd933db4d,ok,,3622,1165,0.007558,2026-04-18T23:14:14.753905
batch-20260419-v6,bad1b0c3-cb68-4a0d-a309-bfe7034c45a4,la-mia-prima-vittoria,30412b47-315e-48ee-a366-28e29a976faf,my-first-victory,6050134610820a89,ok,,2450,358,0.003392,2026-04-18T23:14:25.467056
batch-20260419-v6,bb00a6b5-455f-4773-b9a8-ae6b220a6d51,ricordi-di-mia-madre-recensione,11dc28f1-6b10-4324-95e4-899103bbc90d,my-mothers-memory-a-book-review,9da4f9680eb1445a,ok,,2523,388,0.00357,2026-04-18T23:14:28.858792
batch-20260419-v6,bb2bde6e-f5d0-42bc-9df5-4ade569bcfc3,il-libro-di-cristopher-a-wonder-story-recensione,4bd8b62f-d0cc-4b4c-97d9-ee88726ad749,christophers-storya-wonder-book-review,def30758fcc78292,ok,,2260,165,0.002468,2026-04-18T23:14:32.841479
batch-20260419-v6,baed41bf-b0e5-4978-a68c-026aa70bcebc,editoriale-amici-o-fratelli,99b2290e-8aad-47a2-af0f-e5dceec9655c,friends-or-brothers,2fc19edc3068991d,ok,,2950,692,0.005128,2026-04-18T23:14:28.144395
batch-20260419-v6,bbab908e-8c73-453d-b126-f15150073bf5,non-smettete-di-crederci-mai-recensione,16b5c928-dacd-4086-ab50-db5c2cd8166f,never-stop-believing-a-review,f6d9e50e4e7623b8,ok,,2598,405,0.003698,2026-04-18T23:14:35.364087
batch-20260419-v6,bb60f73c-0a0a-497b-ad16-455873562f61,con-la-valigia-ma-senza-bagaglio,27e59b2b-4756-4b8d-b363-1fc1ab391cd2,suitcase-no-baggage,cf95cb662e079151,ok,,3373,907,0.006326,2026-04-18T23:14:35.195073
batch-20260419-v6,bbc90912-c35e-4386-aff8-8edc7f8b5c6c,un-teatro-diverso,e3657947-01d3-4c94-aaa3-1973dd1d5995,theater-without-borders,4dd9bd1ace256b75,ok,,3538,961,0.006674,2026-04-18T23:14:54.192384
batch-20260419-v6,bbca7792-8478-4f5b-b29d-e4b4e03fcd4a,consumare-lo-stesso-pasto,64b4ce21-c65f-46ca-b4e5-04a60d2f1742,sharing-the-same-meal,0352e2d7fa8b982b,ok,,2746,507,0.004225,2026-04-18T23:15:05.624251
batch-20260419-v6,bbc1f22b-ad11-4bae-bb9f-6eba3b238b3c,essere-vicini-a-chi-e-in-fin-di-vita-2,8802df65-2cd2-4c44-9746-711fb82ac9ca,being-present-to-the-dying,d0f378f7e253475d,ok,,4140,1542,0.00948,2026-04-18T23:14:54.167022
batch-20260419-v6,bbcac4f4-0054-4ad5-a419-d5b041e5bba3,la-paralisi-cerebrale-infantile,94670fc5-c86b-4a2a-a889-df5d46526ccc,cerebral-palsy-in-children,de212af37ed10c8c,ok,,3786,1101,0.007433,2026-04-18T23:15:10.925126
batch-20260419-v6,bbd4646c-f567-4a22-a81d-82fe50330644,possibilita-e-capacita-nascoste,4470bcc9-b9e5-4a5d-ad90-b3d519be4247,hidden-gifts-discovering-what-people-with-disabilities-can-do,59118b8b32971d92,ok,,3707,1230,0.007886,2026-04-18T23:15:13.213759
batch-20260419-v6,bbfd245c-40ba-433f-a06b-5c1df958dc9d,jean-vanier-libano,212c8b9b-e140-4e73-8c50-56af2d6451bb,jean-vanier-in-war-torn-lebanon,26c3e66a4e79a543,ok,,2587,413,0.003722,2026-04-18T23:15:29.629220
batch-20260419-v6,bbdbf91c-5843-4f4e-ae10-f4b5f0ff179d,dialogo-aperto-n-110,70311f73-795b-4864-a863-dd2a5efd61bb,open-dialogue-no-110,ac298b7b09c95455,ok,,3757,1224,0.007902,2026-04-18T23:15:22.951552
batch-20260419-v6,bc3ab4da-fe4e-4c52-8088-cd9ee940fd4a,il-lato-b-di-essere-papa-di-un-figlio-disabile,8d55f845-9a85-42d2-b905-278a3f21fc67,the-hidden-side-what-its-really-like-to-be-the-father-of-a-disabled-child,7eea42583751118e,ok,,4222,1458,0.00921,2026-04-18T23:15:33.781674
batch-20260419-v6,bc57ac56-e4bd-4828-a21e-f968131eb574,come-far-nascere-una-nuova-comunita-fede-e-luce,95305113-41dd-4bab-8c42-044ecea627ab,how-to-build-a-faith-and-light-community,be05bef3496f26d9,ok,,3965,1343,0.008544,2026-04-18T23:15:37.922812
batch-20260419-v6,bc89f246-d06c-427d-b530-449ed0da1d53,pappagalli-verdi-cronache-di-un-chirurgo-di-guerra-recensione,f4c97738-b1a3-4c4d-bba0-880673898891,green-parrots-a-war-surgeons-notebooka-review,fc5b4983aee5550f,ok,,2851,545,0.004461,2026-04-18T23:15:54.243510
batch-20260419-v6,bcccff71-2f9c-4e91-9730-d08e691b5081,proviamo-unaltra-volta,60ef8193-ac3f-4ac9-8b31-fd93ffb9af79,try-again,e8e85201d2959841,ok,,2909,583,0.004659,2026-04-18T23:16:00.141547
batch-20260419-v6,bccf8e0c-d8de-43c9-8058-590f23fdb947,la-bambina-che-andava-a-pile-recensione,d1086a34-63e5-44e7-8e71-429dbf946c95,the-girl-who-ran-on-batteries-a-review,be15549ba3a8037f,ok,,3018,864,0.00587,2026-04-18T23:16:08.052461
batch-20260419-v6,bc7e1517-5fdf-4c26-aa26-278c01980a71,alleta-in-cui-si-cambia,27eccd19-8414-4370-8620-c911012cc859,coming-of-age,9087e9819e1b4126,ok,,4645,1796,0.0109,2026-04-18T23:15:52.952936
batch-20260419-v6,bcebf5d2-05ad-4c86-ad76-579835bbb7e7,lemozione-non-voce,48031d2c-2065-49ef-bc06-4cc6cdc91e79,emotion-has-no-voice,ec37ae4d94fedc08,ok,,3092,734,0.00541,2026-04-18T23:16:14.464053
batch-20260419-v6,bcedc6a3-1d12-43f1-ab8e-c2e528bba2cf,un-giornalino-una-donna-un-convento,3cd81bbe-70aa-4d71-bdd6-297bb3f3edbc,a-magazine-a-woman-a-convent,f63bf4a7a53a7662,ok,,3399,1075,0.007019,2026-04-18T23:16:17.251455
batch-20260419-v6,bd0777c4-a29f-4059-afda-752c7a8f5bed,si-e-aperta-una-finestra-nella-nostra-vita,a1303529-d31a-4b39-b77f-d54262cef4e1,a-window-opens-in-our-lives,4380534bbf4b1822,ok,,2919,663,0.004987,2026-04-18T23:16:28.419622
batch-20260419-v6,bd106954-847e-402c-a528-c44ccb94d23e,diario-del-campo,3613b373-2da9-4170-9840-81b1bcb240a4,summer-camp-diary,e7d25a9ccfb49db0,ok,,3120,765,0.005556,2026-04-18T23:16:34.827549
batch-20260419-v6,bd1b7116-c4a9-4f8a-9a71-3d72a30ca145,alle-superiori-con-la-sindrome-di-rett,1759d0f2-0af9-42a7-bb56-8aa8b42f14aa,high-school-with-rett-syndrome,555235238a30416d,ok,,3189,866,0.006015,2026-04-18T23:16:42.559873
batch-20260419-v6,bd261c08-80f3-42da-9ed9-1abd2480adfb,leutanasia-di-dio-recensione,fa4b5663-75e4-49ea-a39c-904f3d7497f1,gods-euthanasia-a-book-review,4c831fbc9f23646b,ok,,2615,419,0.003768,2026-04-18T23:16:52.575914
batch-20260419-v6,bd30d779-fe93-416e-a0ba-46be57e46889,lavorare-come-cameriera-mi-piace-tantissimo,d25b4cc1-cdf7-4182-85ca-a223022b3183,i-love-working-as-a-waitress,bd2d049f3a559836,ok,,2800,559,0.004476,2026-04-18T23:16:56.890248
batch-20260419-v6,bcf8ba08-ddce-4398-9173-46534b55d5ae,pellegrinaggio-assisi-1978-luis-sankale,cf89e702-11ae-48e4-aa6c-105d032897bd,pilgrimage-to-assisi-1978-luis-sankales-vision,17cc35320a14cc8b,ok,,3404,1003,0.006735,2026-04-18T23:16:22.109643
batch-20260419-v6,bd36e66d-e07d-4778-be42-985b916580b7,via-plinio-30,22ad4b6d-9e34-407d-8711-9c2462646a82,30-via-plinio,43ba07c196ca1fb0,ok,,4266,1518,0.009485,2026-04-18T23:17:01.817613
batch-20260419-v6,bd51d106-49ca-4b25-acb5-c0d5d6b1eab6,newsletter-n-10-sulla-regia-non-credente-di-lourdes,d753cfa3-ae28-4114-bdaa-165262b8a9bd,newsletter-n-10-when-an-unbelieving-director-looks-at-lourdes,98540ef3bec9a75c,ok,,4344,1920,0.011155,2026-04-18T23:17:14.779027
batch-20260419-v6,bd7ed4c8-93b7-489f-b3f9-b54f8a12138e,non-tutto-buio,cca8e859-ec14-4b67-92a8-09c93afb3f7a,not-everything-is-dark,b6d0f88b5506eeb0,ok,,2748,500,0.004198,2026-04-18T23:17:33.805746
batch-20260419-v6,bd741429-24ef-4ef2-b17b-30da581f44ea,un-mondo-scoprire-camminando-fermandoci,d50d8ddc-27ae-4446-bdcb-b4e7e3666ae1,a-world-to-discover-one-step-at-a-time,a74fbb353a0421fe,ok,,4304,1588,0.009795,2026-04-18T23:17:23.093489
batch-20260419-v6,bda7d270-4d8d-426a-8646-e18348caf523,lettere-a-jean-natalia-livi,c9c3b64d-50c6-44ee-aa28-fa26e41863ee,letters-to-jean,e8a1877e4facbb3c,ok,,2402,239,0.002878,2026-04-18T23:17:45.512700
batch-20260419-v6,bd9b6263-d1ca-445c-a763-f7e637623d5b,i-pasti-di-francesca-un-rito-e-una-avventura,8b5a4b25-7f16-4859-9555-fd9e704f3c4c,francesca-at-the-table-ritual-and-adventure,6dff57b3dd54bfb4,ok,,3440,1038,0.006904,2026-04-18T23:17:38.867448
batch-20260419-v6,bdab4f5e-d5c8-4e5f-945b-7a642c0f31a8,va-verso-i-tuoi-fratelli-e-di-loro,eb598f2b-7659-4c2c-89e1-9e272ff0bb27,go-to-your-brothers-and-tell-them,cc1f5d66970b7dba,ok,,3053,758,0.005474,2026-04-18T23:17:48.483916
batch-20260419-v6,bdb9a244-712a-4537-bd3e-310829c99e2b,la-poverta-delle-beatitudini,5dcc07af-c9d6-41e1-a911-373973b43a4a,the-blessedness-of-poverty,f2269a41b8b6de48,ok,,3441,960,0.006593,2026-04-18T23:17:49.168237
batch-20260419-v6,bdebdfca-25cd-4038-aef3-79749b83e018,venice-impressive-la-sezione-in-realta-virtuale-della-biennale,0b52b137-dc0d-4e49-b304-0df4d075a892,venice-immersive-virtual-reality-comes-to-the-biennale,355fe7a3f707c738,ok,,3663,1129,0.007446,2026-04-18T23:17:58.758775
batch-20260419-v6,bdf939c4-4194-482f-b40b-592d49320cc4,per-altri-valori-fede-e-luce-in-svizzera,fe637966-9e7b-4975-a83f-5ad761653bf0,faith-and-light-in-switzerland-a-different-set-of-values,c9b512607c4800fc,ok,,2658,452,0.003934,2026-04-18T23:18:14.547456
batch-20260419-v6,bdd03dc4-17e4-42bd-bd4b-98ae4a38fe01,disabilmentemamme,f1aa3094-07c8-44d7-b432-101657d22680,disabledmothers,95a4a7a210dc96d5,ok,,3526,1015,0.006881,2026-04-18T23:17:53.699874
batch-20260419-v6,be0921c4-6e91-4885-9d7f-352350b404cd,si-continua-a-crescere-insieme-anche-il-bollettino-insieme-cresce-e-sempre-di-piu,fd7b86be-f935-48f7-aeda-66a9ee27676a,growing-together-the-story-of-a-magazine-that-keeps-expanding,92cf6e28e5f4674d,ok,,4594,1638,0.010227,2026-04-18T23:18:19.424040
