job_id,it_id,it_slug,en_id,en_slug,source_hash,status,error,input_tokens,output_tokens,cost_usd,timestamp
batch-20260418-v3,076265cd-ba33-4f9c-ab7c-a4a78f7f87d4,one-more-jump,eaf3fcc0-122a-4b49-bbc3-e8f757bed5f3,one-more-jump-0762,648878a18d835143,ok,,1638,518,0.003382,2026-04-18T21:10:00.374599
batch-20260418-v3,0e07ca3e-787d-40c6-9c14-995e568c4293,fragile,24cb7627-0d2b-4179-966d-308b75c4c1b5,fragile-0e07,cdc2bb11c0760626,ok,,1585,510,0.003308,2026-04-18T21:10:05.561011
batch-20260418-v3,071f81ec-da06-4a40-9b57-90061364f23d,noris,15c5d881-21aa-4769-908e-cfd4299fe4e3,noris-071f,7121def714a6b428,ok,,2356,1041,0.006049,2026-04-18T21:10:00.371114
batch-20260418-v3,16542cca-35c1-403c-8902-378f3d4bcbda,willow-vrba,c302bdc7-2c09-4ce4-bae6-12cdc1c40bf8,willow-vrba-1654,866a106189014cb0,ok,,1524,465,0.003079,2026-04-18T21:10:10.702199
batch-20260418-v3,14c294e5-5f26-43c0-be99-c0619b51f200,un-capo-atipico-per-larca,a6a0059e-9d21-4506-8013-e0970f536bb8,an-atypical-leader-for-larche,3a55c3d3deffb7ef,ok,,2450,1167,0.006628,2026-04-18T21:10:09.530203
batch-20260418-v3,1a9844ba-df65-48be-b95b-92d62c8c01cd,viale-di-valle-aurelia,e9676907-b537-4bc5-b6a4-d3c36bb29134,viale-di-valle-aurelia-1a98,f5b3bec7b42fd344,ok,,2395,1161,0.00656,2026-04-18T21:10:21.823059
batch-20260418-v3,1c4d26c7-f5a3-4de2-84c3-efa2a58e3512,gossip,12dea472-4be6-4cdf-873b-549e3706a4a7,gossip-1c4d,3b69ebf516e72a5c,ok,,1650,571,0.003604,2026-04-18T21:10:34.250348
batch-20260418-v3,195eacec-a4e0-4ce6-8f39-84e6a8780472,giacomo,7abc9672-62fd-49cf-b6bb-d5abe44ed8d6,giacomo-195e,8c60c267e92a3c13,ok,,3686,2157,0.011577,2026-04-18T21:10:14.477370
batch-20260418-v3,2d4819ed-e4b8-4e34-8cd7-61a3927c1e09,aspetto-ci-accorgessimo,86b4e08e-4759-4879-b785-8e0d24144d4e,and-he-waited-for-us-to-notice-him-2d48,4f75f9e13f77fa7a,ok,,2657,1273,0.007218,2026-04-18T21:10:44.993725
batch-20260418-v3,3259a211-088b-4543-8446-0a025329681c,marco-cavallo,cc19791c-da92-4f17-a539-58aebf3abd23,marco-cavallo-3259,d7d82b476712f034,ok,,1648,548,0.00351,2026-04-18T21:11:00.313953
batch-20260418-v3,3cfd8961-a2d6-4f1d-9e8c-ae0b18970ca8,viviana,d109bebc-8555-43cf-8f06-1ec2714afbb5,viviana-3cfd,0004b188059c5fa2,ok,,2657,1245,0.007106,2026-04-18T21:11:05.114251
batch-20260418-v3,48afff7f-a478-42f6-a747-dbaf07fc7f06,daniela,1cd094bc-5a14-4a00-a40a-10456e4a2a8c,daniela-48af,9ca8cc553415185b,ok,,1355,320,0.002364,2026-04-18T21:11:19.647874
batch-20260418-v3,4b87b105-6440-4cf8-a60e-4a82e602f641,maria-teresa-di-calcutta-dedicato-ai-bambini,abf76dc9-9c13-4b64-a5ad-8b3c29a5cd30,mother-teresa-of-calcutta-for-children-and-all-of-us,44bdbb919dd70e03,ok,,3518,2248,0.011806,2026-04-18T21:11:24.054344
batch-20260418-v3,4d3303dd-3d02-4df9-a01d-f6c6cdb2ba30,insegnante-di-lettere-canale-della-vita,,,77d01f9b89b2d18e,error,Quality gate fallito: HTML: tag count: 33 orig vs 17 trad,,,,2026-04-18T21:11:44.325853
batch-20260418-v3,4dc9f072-c5c3-458e-a48e-9095c1de7f5a,philippine,09978410-a28a-4395-a7fc-f9f92b0682cf,philippine-4dc9,6a238969c4336ff9,ok,,1680,607,0.003772,2026-04-18T21:13:40.118328
batch-20260418-v3,543de2ee-8e40-499f-b0c1-745579e7f6dd,joyeux-noel,c8f5bdd2-96ae-46ef-94bd-b285d7a0aa33,merry-christmas-543d,d7d0700db1e9413a,ok,,1444,413,0.002807,2026-04-18T21:13:45.068765
batch-20260418-v3,580cf8be-0ef8-4624-ac4d-38452722a552,mirella-pablo-silvia-claudia-patrizia,a9c5c9d4-7d9d-443b-92ea-40b4818c839b,mirella-pablo-silvia-claudia-patrizia-580c,ca1ca6e661a41f8f,ok,,1896,766,0.004581,2026-04-18T21:13:48.979725
batch-20260418-v3,5926882d-b53a-4d69-930e-168aba109fa3,loyola-university,898526b5-ba54-4796-8023-82f58ac0d1f3,loyola-university-5926,92eaed8563b61445,ok,,1480,425,0.002884,2026-04-18T21:13:55.285344
batch-20260418-v3,5c052c19-9b39-40ce-8413-aab26f4332bf,da-quellarmadio,1f4f9344-2685-4bb4-b615-768434fa6169,from-that-closet-5c05,0ece934a9c2ab40d,ok,,2316,1009,0.005889,2026-04-18T21:13:59.444691
batch-20260418-v3,5f130b70-ff63-48ca-9182-50b6691f098b,casa-famiglia-la-tenda-per-bambini-da-0-a-6-anni,8e808be0-e78f-46df-b17c-a750485b5acf,family-home-la-tenda-for-children-aged-0-to-6,cf117eed19e4ffda,ok,,3356,1820,0.009965,2026-04-18T21:14:10.283469
batch-20260418-v3,61eaa839-55ac-4a42-8e76-e67b3f4e7979,years-and-years,50a8873b-23a0-4ca2-9610-935cd81f6809,years-and-years-61ea,c7e2baf1d7b85cfe,ok,,1776,629,0.003937,2026-04-18T21:14:31.729500
batch-20260418-v3,6200cd81-8fc5-4d0b-a246-30e8fe055910,ciclisti-non-vedenti-vaticano,d03f156d-9c48-4ac1-9bc1-026c587a4ed6,we-made-it-6200,a4bac83f2abb28b7,ok,,2725,1325,0.00748,2026-04-18T21:14:37.893388
batch-20260418-v3,1e6bde7e-707c-49b7-908f-456a389e08e9,indice-articoli-per-argomenti,,,314ead60c13dce04,error,Quality gate fallito: HTML: tag count: 473 orig vs 303 trad,,,,2026-04-18T21:10:39.688123
batch-20260418-v3,6649785e-e572-45c3-b2c5-ef7687258430,la-tenerezza-di-dio-2,1edad5a7-fcb2-4b83-a61d-3799b34e212d,gods-tenderness,6d63b526798a000a,ok,,2174,963,0.005591,2026-04-18T21:15:35.793478
batch-20260418-v3,67795839-857e-4b41-852a-50a5e86bc563,la-comunita-luogo-del-perdono-e-della-festa,a9201257-b60b-4a3f-b417-a8f0c4ef369b,community-a-place-of-forgiveness-and-celebration,daa1e3d0032dac7c,ok,,1556,450,0.003045,2026-04-18T21:15:44.213032
batch-20260418-v3,64b894ee-60d3-4fa5-9f0f-b7e25dd06de2,dialogo-aperto-n-32,,,47c4c631b93e4683,error,Quality gate fallito: HTML: tag count: 7 orig vs 38 trad,,,,2026-04-18T21:14:53.279497
batch-20260418-v3,696406c5-1e11-44f9-8c67-f303b6809d14,teresa,22d8c1f1-21e5-4590-8921-49522ba96489,teresa-6964,633deddc62c814e7,ok,,2496,1152,0.006605,2026-04-18T21:16:46.305898
batch-20260418-v3,6a219cd6-7b51-4d57-b73e-76eff8cc36ee,a-good-and-perfect-gift,28086e0f-c641-40b2-9a46-226eaca5470b,a-good-and-perfect-gift-6a21,c29a2797738340dc,ok,,1270,287,0.002164,2026-04-18T21:16:59.832213
batch-20260418-v3,6a5ae212-0470-4beb-a429-6f56b8a6e6ed,alessia,4202c7b2-81fc-47e9-9bd9-75384f821722,alessia-6a5a,6673206172742616,ok,,2591,1164,0.006729,2026-04-18T21:17:05.686578
batch-20260418-v3,68d1d9a4-f559-416c-a727-02da77c92d14,la-storia-della-reliquia-di-giovanni-paolo-ii,,,a84d6d48e99ea82e,error,Quality gate fallito: HTML: tag count: 28 orig vs 22 trad,,,,2026-04-18T21:15:48.407244
batch-20260418-v3,6b04a8d2-d383-4032-824b-abb5c8446933,wonder-giusy,89976dcd-a99f-4d45-ab12-4fcc49c0d922,wonder-giusy-6b04,7e48f0ecb0895d51,ok,,1765,754,0.004428,2026-04-18T21:17:19.294538
batch-20260418-v3,700c6f67-1a53-4f50-9509-cc8390ceb32c,il-mio-piede-sinistro,ced21686-e27e-4370-9e59-819536d04c13,my-left-foot-700c,3030938cdc4e0f79,ok,,1893,718,0.004386,2026-04-18T21:17:36.707213
batch-20260418-v3,6ff1665d-7f46-4881-ab0b-4aac4f991da6,saverio,865bf9b9-839b-4a8d-96be-d65bf205ea71,saverio-6ff1,c304b9e41c736e8b,ok,,2924,1551,0.008543,2026-04-18T21:17:28.301002
batch-20260418-v3,70266ce1-8c16-4155-b052-4af5f5ad9b41,tikitaka,6d23e793-70ce-4cb3-81c5-537c518bdc89,tikitaka-7026,02b131a286c47742,ok,,2449,1165,0.006619,2026-04-18T21:17:42.687289
batch-20260418-v3,74d9cfac-e365-4771-8c79-3cdf3180af4e,gli-amici-che-non-ti-aspetti,,the-friends-you-never-expected-74d9,f6cc375494371ecc,error,HTTP Error 400: Bad Request,2446,1121,0.006441,2026-04-18T21:17:46.928952
batch-20260418-v3,7502744d-5d93-4257-bc37-0806487f91eb,spiegare-la-disabilita-agli-studenti-del-liceo,8e8d02c9-4c44-4ae1-b0a1-3728c5556f90,explaining-disability-to-high-school-students,1bf2123298b68aed,ok,,2214,863,0.005223,2026-04-18T21:17:58.788354
batch-20260418-v3,752e7118-6b2c-4e9a-bd75-d9455b0e7a0e,per-vivere-bene-con-le-persone-anziane,919a7d74-1b3c-4c9e-be2d-e2a54b210d3c,living-well-with-elderly-people,2d0d424aa40922f9,ok,,2213,900,0.00537,2026-04-18T21:18:07.233852
batch-20260418-v3,752f2dd6-8cf9-43c7-851a-90ea5fac798b,se-la-scuola-dellinclusione-mi-ha-insegnato-il-pensiero-critico,c90c21e6-1dc9-441e-bdf2-4420e0baf88b,what-inclusive-schooling-taught-me-about-critical-thinking,7306d2af085e134e,ok,,1531,420,0.002905,2026-04-18T21:18:16.855472
batch-20260418-v3,75316db0-2b7d-4de5-a268-1171018f832a,giovani-eroi,f8e20946-f011-44a2-9023-2a0a90b141f3,young-heroes,6b0d09060c5ef7d1,ok,,2065,909,0.005288,2026-04-18T21:18:21.276088
batch-20260418-v3,7552fcb8-056a-4373-bed9-08aabcbc4121,ho-deciso-di-prestare-la-mia-voce,df9eee31-646b-409f-9944-c771cdebff6d,ive-decided-to-lend-my-voice,21409f4a9c77d8da,ok,,1921,764,0.004593,2026-04-18T21:18:29.718523
batch-20260418-v3,7568bd57-94f8-4d9e-83bc-cb3ac02f5966,card-martini-alla-comunita-fede-luce,be834b09-c96f-4e1e-9fe5-baea1f3b9496,cardinal-martini-addresses-the-fede-e-luce-communities,6d4c5d14f1c24717,ok,,2354,1107,0.006311,2026-04-18T21:18:37.012993
batch-20260418-v3,75787ec2-bb87-4a4d-85a0-75020d1e483a,vacanze-si-perche-no,876284be-7172-49c2-af48-85139a2a9a52,holidays-why-not,b11f642b299236f0,ok,,2330,1015,0.005924,2026-04-18T21:18:47.231391
batch-20260418-v3,758524ac-a2da-4c0e-8d21-adcc3e72655e,vita-fede-luce-n-15,8661a8b3-5571-4526-882a-6f20c0d80202,fede-e-luce-life-n15,deb344c6e35e5baa,ok,,4842,2936,0.015618,2026-04-18T21:18:58.890653
batch-20260418-v3,758738e7-fe46-4c4f-8214-1353d2440adf,tempi-nuovi-campi,e3beb6b4-f670-4f28-884a-b4373a5a101a,new-times-for-summer-camp,e79d75b82885c20d,ok,,1678,565,0.003602,2026-04-18T21:19:41.720359
batch-20260418-v3,7588ca6e-bd3e-42ae-a1e0-53cecf716e9b,una-scuola-su-misura,394e3540-acce-425d-9dac-e33118fb484b,a-school-made-to-measure,e10d9ff8bcc82bdd,ok,,3630,1929,0.01062,2026-04-18T21:19:47.977546
batch-20260418-v3,75917fad-1b73-4f35-b49e-c9cfc954aaaa,pizza-suppli-e-bibita-a-7-euro,b0dba851-e03e-41e7-a601-1d5cd98a6637,pizza-suppli-and-a-drink-for-7-euros,dc049e44ba919df5,ok,,1793,658,0.004066,2026-04-18T21:20:13.210061
batch-20260418-v3,759a28e5-5a89-40d7-bb8c-4cd1c80e61a7,elena-e-il-mistero,8edd56c1-7a70-4d10-80d9-081586f2da21,elena-and-the-mystery,1184b8e1f3a91a13,ok,,1502,442,0.00297,2026-04-18T21:20:19.202811
batch-20260418-v3,759fc91d-4c81-4a3b-9d81-eca82e6390ac,grazie-san-francesco-venuto-camminare-con-noi,05c24f71-c7fc-4e4d-8b01-28a88fedf674,thank-you-saint-francis-for-walking-with-us,7da12d744baf2da5,ok,,1863,708,0.004322,2026-04-18T21:20:24.612577
batch-20260418-v3,75ba2cf9-1783-4dc2-ba9f-4c708c740e60,rosa,4cb01fb6-5542-4d1c-ad9d-8cdee29b6161,rosa-75ba,6b3b3f3c8ccfb4e9,ok,,1731,577,0.003693,2026-04-18T21:20:30.802015
batch-20260418-v3,75bfb01f-9358-45db-8e8d-f30e58e94775,non-possiamo-restare-dei-peter-pan-a-vita,c0f72678-93b7-45fb-ab4a-afa19d5dcc23,we-cannot-remain-peter-pans-forever,992491b741ab8890,ok,,1907,760,0.004566,2026-04-18T21:20:35.719190
batch-20260418-v3,75c16576-9aac-48a4-ba6f-6bbbd5641c78,la-scuola-elementare-di-gianluca-e-vera-socializzazione,46e28cf1-5ebb-4464-a5ce-5eda4b01e0fa,gianlucas-elementary-school-is-it-real-integration,6b9499d2aa315681,ok,,2070,822,0.004944,2026-04-18T21:20:42.318380
batch-20260418-v3,75e228fa-1052-4d00-b0f5-79652681c625,il-calcio-sociale-come-palestra-di-vita,145a0cbc-b469-4d64-9c68-68bbdb83027e,social-football-as-a-training-ground-for-life,29a7854db9c3c45d,ok,,3447,1831,0.010082,2026-04-18T21:20:50.273250
batch-20260418-v3,75e48847-ab27-4587-bcad-221e4d767717,alla-fine-qualcosa-ci-inventeremo-che-ne-sara-di-mio-figlio-autistico-quando-non-saro-piu-al-suo-fianco-recensione,81a4a07b-d65c-4cae-bd6b-1425ec54597c,in-the-end-well-figure-out-something-what-will-become-of-my-autistic-son-when-im-no-longer-by-his-sidea-review,be5e62ea5f0842ae,ok,,1491,438,0.002945,2026-04-18T21:21:14.259015
batch-20260418-v3,75e68114-8aa3-4f31-9c32-1c84987c7927,perche-proprio-a-roma-il-pellegrinaggio-del-1975,8a441271-223a-4cbc-b5fb-f2ab29ae8cb0,why-the-1975-pilgrimage-to-rome,cb79536ceebe1a75,ok,,1751,676,0.004105,2026-04-18T21:21:19.256375
batch-20260418-v3,76059b3a-c3fb-4aa6-86a3-56c3a5e99524,vite-straordinarie,cd41f870-0480-4f7b-98ff-dc765d7aacf7,extraordinary-lives,0a4b13db545b52ce,ok,,1721,590,0.003737,2026-04-18T21:21:24.392139
batch-20260418-v3,760d7de3-fae7-4b07-ab2d-e942d7202e27,risultato-dellinchiesta-aiutaci-migliorare-ombre-luci,bad7eb5e-94e0-4a75-83f7-d019c8327af5,help-us-improve-ombre-e-luci,4597ca0724227480,ok,,2520,1423,0.007708,2026-04-18T21:21:29.578081
batch-20260418-v3,76277c1a-7a24-40a1-b7a0-98236958b873,blessings-tutto-diventa-benedizione-estratto-dal-libro,9b9c5d19-e63a-4628-b1e2-67a736904436,blessingsall-becomes-blessingexcerpt-from-the-book,50daf0e7c51f2b42,ok,,1793,661,0.004078,2026-04-18T21:21:39.470932
batch-20260418-v3,76449755-dff3-4129-b3e4-004784eb90dd,di-gol-e-di-companatico,c490c8ae-26d7-4ad2-b5c0-b700deb9e4dc,goals-and-broken-bread,71eade104623bcae,ok,,1820,710,0.004296,2026-04-18T21:21:44.358287
batch-20260418-v3,765bf120-78e2-45bf-98ae-a9e4ed108493,per-tutte-le-sabine-del-mondo,f4d05713-b6b4-4c0b-982f-d5982f18765a,for-all-the-sabinas-of-the-world,347354570bad4b89,ok,,1647,555,0.003538,2026-04-18T21:21:50.989388
batch-20260418-v3,7663a046-aea0-4d1b-9ff0-bcd3b00b3b5d,gli-errori-di-mamma-e-papa-guida-pratica-per-non-sbagliare-piu,cb9a0549-fd37-40a9-ab5d-c7a32429bfc7,mistakes-parents-make-a-practical-guide-to-doing-better,15eb40c86d2ed69d,ok,,1346,309,0.002313,2026-04-18T21:21:55.405746
batch-20260418-v3,767943e0-83ae-4230-bb41-3ec86adaaaec,sapersi-meravigliare,a84168c0-875c-4dfc-bd6c-fbb15351a54b,the-gift-of-wonder,888de780db709b52,ok,,2260,1028,0.00592,2026-04-18T21:21:58.819152
batch-20260418-v3,769ab90d-c53f-4d49-91b4-00cc2ba494d9,vita-delle-province-n-152,207f398d-f7d6-474c-897b-852b028c7561,life-in-the-provinces-no-152,849eed3a509f4196,ok,,2181,971,0.005629,2026-04-18T21:22:09.698984
batch-20260418-v3,769dc8c5-24b2-4950-9134-94aaaed1f407,il-tempo-libero-e-davvero-libero,0411de8d-e84b-41b4-a94a-484b7db67c61,is-free-time-really-free,83baf9e0997a67da,ok,,1594,500,0.003275,2026-04-18T21:22:18.179246
batch-20260418-v3,76a625e5-9627-4c67-871b-545f7700be6f,dialogo-aperto-n-153,fc3b0adc-3835-4382-8e83-6a3e617bbb61,open-dialogue-no-153,5ec3fc5a4604545f,ok,,1981,823,0.004877,2026-04-18T21:22:22.943421
batch-20260418-v3,76a779fa-9742-4c52-9e15-e2c0f6d2f024,in-preparazione-del-pellegrinaggio-internazionale-a-lourdes-pasqua-12-16-aprile-2001,4363a6ae-c74e-47a1-b847-4c05f5649d43,in-preparation-for-the-international-pilgrimage-to-lourdes-easter-1216-april-2001,e0964e29552266c5,ok,,1209,237,0.001915,2026-04-18T21:22:29.459738
batch-20260418-v3,76ac2032-852c-4f8b-b3ea-f11c3c864792,merry-christmas,e1a13da0-08bc-44eb-b420-b52bff080545,merry-christmas-76ac,28df22d0093ae08c,ok,,1923,722,0.004426,2026-04-18T21:22:31.908338
batch-20260418-v3,76bf49f9-2b41-4cc5-b11c-0e8f19f35c4d,il-dono-e-la-citta-recensione,a6466ef0-38ce-4baa-afb9-0980fe274b49,the-gift-and-the-city-review,02c1f15d71eef405,ok,,1292,294,0.00221,2026-04-18T21:22:37.552933
batch-20260418-v3,76e4f985-cad7-4ac1-ae01-9b02d2aefb2d,teresa-venti-anni-cambiamenti-disabilita,b150459d-4180-4b30-b6e3-1139190fc999,teresa-twenty-years-of-changing-approaches-to-disability,c0ff18460d375910,ok,,1721,624,0.003873,2026-04-18T21:22:40.513247
batch-20260418-v3,76ebf835-3c18-46d5-82cf-5969954a7ddf,il-teatro-e-gioco-e-nel-gioco-non-si-smette-mai-di-crescere,588dbf90-a876-4b61-be8a-e59c032f4095,theater-is-play-and-in-play-we-never-stop-growing,cb6adb56f2a93119,ok,,2233,945,0.005566,2026-04-18T21:22:46.318687
batch-20260418-v3,74eb0674-50c2-4aa1-99f3-364fc952b904,isolamento-infranto,074c0fbc-f2a9-488e-9f26-c7e2d2c35f15,isolation-broken,cd4b5d2ac6966174,ok,,1733,548,0.003578,2026-04-18T21:17:53.656147
batch-20260418-v3,77143d91-1857-4703-b8dd-054abce0dd20,viola-e-mimosa-desaparecida,16b2d088-e66f-46b2-90ed-1f35c3363eac,viola-and-mimosa-the-disappeared,3b9f8f67b3a4bd10,ok,,1748,690,0.004158,2026-04-18T21:23:07.298906
batch-20260418-v3,7716e918-9be2-4271-9598-ff6e5fb5f31d,oltre-la-cronaca-vicini-al-quotidiano,320f6376-10bc-4a60-a846-f99cdcbe0946,beyond-the-headlines-close-to-daily-life,20a879e98552564f,ok,,3021,1493,0.008389,2026-04-18T21:23:13.217670
batch-20260418-v3,77120232-0532-4536-b3cc-27593b727717,messe-le-basi-e-tempo-di-ricostruire,0d83e346-8a58-4032-a5b2-7d32fc727afd,foundations-laid-now-its-time-to-rebuild,ca494c3fe503392b,ok,,4460,2598,0.01396,2026-04-18T21:22:57.210304
batch-20260418-v3,77355c68-68bd-4cbe-b577-a966fe30d10d,special-olympics-a-montecatini,d5077b17-a7b8-40a9-b863-2bcdce3a5e88,special-olympics-national-games-come-to-montecatini-june-49,f78bf528c05fa083,ok,,2607,1145,0.006666,2026-04-18T21:23:29.899664
batch-20260418-v3,773a6b77-2b0f-47ff-a6bf-337f918f969f,il-pittore-che-aveva-capito-tutto,b28b3cc4-6f91-4a92-8122-db74c82777f6,the-painter-who-understood-everything,25c1bf90c49e6a9a,ok,,2159,938,0.005479,2026-04-18T21:23:38.554426
batch-20260418-v3,7768221b-ce1f-408e-a7b7-048153907976,solo-un-trattino,c32b8991-e4f4-4bb5-a295-acda20688803,just-a-dash,8a667b35d11d93fe,ok,,1590,510,0.003312,2026-04-18T21:23:42.169017
batch-20260418-v3,77bf8029-f819-448a-8797-7557199d46ea,puo-un-gesto-essere-cosi-significativo,4279683b-5ed2-44a1-b772-48d8edf23299,can-a-gesture-be-so-meaningful,e246e4b61367f71e,ok,,1812,700,0.00425,2026-04-18T21:23:46.880384
batch-20260418-v3,77c04fbd-425b-4846-8923-3cc061109ea6,la-nuova-legge-sul-dopo-di-noi-cosa-dice,bfcbf0ab-de59-4776-a2ff-31caa95c26fa,the-new-after-us-law-what-does-it-say,59de361fdedee5d3,ok,,2836,1243,0.007241,2026-04-18T21:23:52.144142
batch-20260418-v3,77a2cae7-654c-4178-85c3-4498cc2bd223,tecniche-di-recupero-per-i-disabili-gravi-la-socializzazione,64ecab94-f780-4cf1-a06f-4340cfdb58df,recovery-techniques-for-severely-disabled-children-socialization,8949f364c5598842,ok,,3526,1823,0.010113,2026-04-18T21:23:46.878295
batch-20260418-v3,77c75e2b-9342-43a1-ba52-18806da87487,schizzo-estemporanea-realta-recensione,ed575cca-16b9-46dc-b831-58bb87f018a6,sketch-impromptu-reality-review,fe7e43e3e7455f86,ok,,1280,268,0.002096,2026-04-18T21:24:08.578151
batch-20260418-v3,77c1c5b6-e063-4ea0-a359-b361408be0f5,paola-e-venuta-ad-abitare-con-noi-comunita-nicodemo,e06babb3-01fb-43bc-b70b-cf1910af8ef0,paola-has-come-to-live-with-us-nicodemo-community,e311f656581636d0,ok,,3934,2314,0.012403,2026-04-18T21:24:06.902874
batch-20260418-v3,77d00171-f953-456f-bc3d-659861294180,bicocas-got-talent,198ee84e-2e74-476f-9fb1-aba191dc1f80,bicocas-got-talent-77d0,be640620b38c8c1f,ok,,1608,559,0.003522,2026-04-18T21:24:37.634614
batch-20260418-v3,77e5900e-b7c5-4f3a-9af2-71d76094c971,bloccati-nel-sogno,6951eb14-e834-4629-a3d8-3d8ecbb07b37,trapped-in-the-dream,9e316b9ce81ebba9,ok,,4568,2512,0.013702,2026-04-18T21:24:43.929117
batch-20260418-v3,781c4a9c-f4b7-4ca2-9ad8-bf076301dfcf,andrea-a-scuola,64eaadd7-148e-4ce6-af77-316ebc1621b3,andrea-at-school,d7bb053eb92471a0,ok,,3297,1627,0.009146,2026-04-18T21:25:19.197967
batch-20260418-v3,781d22b0-9b86-4452-bf4c-b77aaa75d5da,dialogo-aperto-n-111,0f1c780c-d787-4c2c-aa47-6defb7e27fab,open-dialogue-no-111,40ae792bca6d9f4e,ok,,2640,1242,0.00708,2026-04-18T21:25:39.573518
batch-20260418-v3,783eabb0-7ff4-4574-aef3-52b362adbfb0,il-ragazzo-che-amava-shakespeare-recensione,9df37fa8-f639-45d2-9944-b9d27ba3a7ca,the-boy-who-loved-shakespeare-review,6426f22403551282,ok,,1914,744,0.004507,2026-04-18T21:25:53.499939
batch-20260418-v3,784defec-962f-42b7-815e-a341cdf6744d,psicopatologia-e-vita-spirituale-sofferenza-e-maturita-umana,c8a8a904-afcf-4a4c-8459-0c7f6adc758d,psychopathology-and-spiritual-life-suffering-and-human-maturity,e1c8dcb90972511e,ok,,1722,610,0.003818,2026-04-18T21:26:00.713732
batch-20260418-v3,787b6eeb-7599-4bc8-ac8d-84dcbb62ef6c,ziguli-recensione,d93c5f8b-8d7e-4133-83ee-8f37f11ed7e7,ziguli-a-review,ac77b4a251eb803e,ok,,1693,606,0.003778,2026-04-18T21:26:05.935439
batch-20260418-v3,788fb02b-77b1-48fc-8c13-885bd1f7d1eb,cinquantanni-di-pellegrinaggi,91b69321-9431-4fdf-925b-5d928d1065ec,fifty-years-of-pilgrimage,d64236f88060d962,ok,,1683,543,0.003518,2026-04-18T21:26:10.817280
batch-20260418-v3,78977391-49ff-4e02-ab00-faf329277e57,recensione-quo-vadis-aida,ed050290-2961-44c7-aa9a-6b0e0e3fc0cf,lost-in-translation,4db4252c56425b8f,ok,,1594,491,0.003239,2026-04-18T21:26:17.130426
batch-20260418-v3,78a30b98-2849-41cd-81db-c7f00ae77170,serate-impossibili-e-una-possibilissima,60649b95-2393-41c1-8348-ea3e58b6a925,impossible-evenings-and-a-very-possible-one,755bf3becce8f862,ok,,3571,1982,0.010785,2026-04-18T21:26:22.178224
batch-20260418-v3,78a7de35-8193-4269-a49c-78db2b843339,mettersi-in-gioco-la-solidarieta-secondo-silvia-tamberi,65584d95-4b6e-4f04-9f45-209c4feec2b9,putting-ourselves-on-the-line-solidarity-according-to-silvia-tamberi,807cbe9c270ea372,ok,,2006,797,0.004793,2026-04-18T21:26:47.294430
batch-20260418-v3,78ad5926-76db-4eb7-bc03-d77a4dd7901e,il-figlio-terminale-recensione,a01e5e3e-f72c-4632-8a1a-577c54d8041e,the-terminal-childa-review,3541243335718a1e,ok,,1293,308,0.002266,2026-04-18T21:26:54.721321
batch-20260418-v3,78b5768e-5a2d-45df-8d67-9bcf93bebfdb,un-figlio-sorpresa,648fb8b7-3fbc-4f43-9bb3-8e3ae3fe0176,a-surprise-son,7b22ff7c7e7914c7,ok,,1538,491,0.003194,2026-04-18T21:26:57.456915
batch-20260418-v3,78f4fdbb-5d02-477c-a595-d69f3f61eaa0,sanremo-fin-dove-lho-visto-1,5d7f2a54-ff07-4035-a5df-dce55100944e,sanremo-as-far-as-i-could-see-1,46aa8089d155df26,ok,,2224,990,0.005739,2026-04-18T21:27:02.192588
batch-20260418-v3,77cf28d6-0e09-4582-a5fa-5b916e3aacdb,lamniocentesi-di-stato-e-la-grande-colpa-di-noi-madri-selvagge-recensione,364488d8-8e42-4f92-a300-601ea187058d,state-amniocentesis-and-the-great-guilt-of-us-wild-mothers-review,aedf07bd04140672,ok,,4422,2576,0.013842,2026-04-18T21:24:12.040892
batch-20260418-v3,7902c0b6-337d-4ee1-a645-0f8c109fba77,dialogo-aperto-n-37,ac899d4c-c229-4d99-9047-826c848e9b81,open-dialogue-no-37,906e1e7c5b9b2163,ok,,5173,3132,0.016666,2026-04-18T21:27:13.534711
batch-20260418-v3,7919e055-0dff-4948-b458-0bd4f57adc15,la-loro-vita-nei-film,4fb61e5d-b236-4633-8994-1ff0882609d7,their-lives-on-screen,7ff402665110a26f,ok,,1649,518,0.003391,2026-04-18T21:28:00.948709
batch-20260418-v3,793d3ea3-5c9a-497c-8df3-e3a15b27479a,con-gli-occhi-di-un-bambino,697841c3-e9c8-4eed-afbb-7c659743f666,through-the-eyes-of-a-child,a0f7efe5d9d70c58,ok,,1379,361,0.002547,2026-04-18T21:28:06.286034
batch-20260418-v3,790e02d9-e934-4032-a334-aaca3b743fe9,dialogo-aperto-n-54,490c0a1d-a3bb-4b9b-a0f9-71177c4a3d6c,open-dialogue-no-54,2333e4b9c8335d9f,ok,,4311,2549,0.013645,2026-04-18T21:27:33.627371
batch-20260418-v3,794dc47d-9d1c-4581-ad64-810ee7af10b9,acondroplasia-scheda-informativa,0e607550-763f-46ff-a4b0-632dc257119c,achondroplasia-information-sheet,910344c02c896374,ok,,2449,1141,0.006523,2026-04-18T21:28:11.151763
batch-20260418-v3,79572ee9-9bda-4ea5-92c8-ea7e376938b5,per-la-nostra-riflessione,7213adc3-98d0-419e-87cf-8bd171b8f3a7,for-our-reflection,a6246ffd3def0b0f,ok,,2789,1462,0.008079,2026-04-18T21:28:21.816668
batch-20260418-v3,79786739-3057-469a-81ac-ecaf1c19f81e,30-anni-chicco-dandoci-la-risposta-che-il-cuore-chiedeva,d1e44f81-a4e8-426f-b968-df343b74bc4d,thirty-years-of-the-chicco-giving-us-the-answer-our-hearts-were-seeking,0a5fb61a8b0ce7c5,ok,,3261,1673,0.009301,2026-04-18T21:28:39.396720
batch-20260418-v3,7996dc99-61b5-491a-ac74-ebcfe7f34996,fede-e-luce-una-grande-famiglia-del-mondo,9ed8e1f2-7abd-446f-8c4e-0a6f91938938,fede-e-luce-a-great-family-of-the-world,9cba042978000f86,ok,,2491,1359,0.007429,2026-04-18T21:29:01.340023
batch-20260418-v3,799708c3-244f-4ea1-ba0c-306a4f90e766,bibliografia-italiana-sui-disturbi-delludito-del-linguaggio,670ee5ba-7791-4b55-95d0-863f0c817df3,italian-bibliography-on-hearing-and-language-disorders,10f85bf0e2c8a940,ok,,1208,209,0.001802,2026-04-18T21:29:13.306103
batch-20260418-v3,79a02ee5-965b-452a-8f57-9773c19f1994,argento-vivo,bc7060b2-87c1-41a0-9076-95b4c4e8f54d,quicksilver,8f98fb73b4986edd,ok,,2494,1164,0.006651,2026-04-18T21:29:16.205803
batch-20260418-v3,79af6b1e-36af-4cbf-a78f-15af03c8260e,unesperienza-personale-recensione,1404425a-4be0-461a-8428-83cb377ba54b,bird-the-eel-who-becomes-a-father,5434e380c8bcea5d,ok,,1671,643,0.003909,2026-04-18T21:29:29.726091
batch-20260418-v3,79b9e4b6-5944-477f-9366-a85fdf8d35e3,viaggio-a-parma-del-1976-unesperienza-di-gioia-condivisione-e-scoperta-con-fede-e-luce,0dc01331-c30d-49d4-ace8-354aab50d278,a-journey-to-parma-in-1976-an-experience-of-joy-sharing-and-discovery-with-faith-and-light,27ab3922f67c741a,ok,,4634,2857,0.015135,2026-04-18T21:29:34.104911
batch-20260418-v3,79baa947-e65f-4fb9-9c33-ed1e1c1d3421,convegno-il-bambino-autistico,d2097ca4-1bc5-4eee-b735-07742634deba,conference-the-autistic-child,98148dc6769e8c24,ok,,2251,953,0.005613,2026-04-18T21:30:16.398541
batch-20260418-v3,79c1a57d-d3c6-4ece-81e3-cad45c780df4,mi-vuoi-bene-lultima-domanda,3126d5c5-ce23-4679-9a4e-548395ccabe5,do-you-love-me-the-final-question,3ce26b2bff7fbd1d,ok,,3175,1701,0.009344,2026-04-18T21:30:26.082692
batch-20260418-v3,79e11a75-0f9e-4d21-a06b-35875e2cd604,newsletter-n-12-il-racconto-di-un-intero-paese,72111da0-f458-4814-ad93-2474e2bdd368,newsletter-no-12-a-nations-story,b21659a2e01775fe,ok,,3501,2203,0.011613,2026-04-18T21:30:45.321147
batch-20260418-v3,79f0e2fb-f2e9-40de-82ed-1ae074153819,lo-sapevate-che,b70d80bc-f273-4f74-bcac-2693f689fdc9,did-you-know,da104fb0fa8653e8,ok,,1710,580,0.003688,2026-04-18T21:31:09.522711
batch-20260418-v3,794a3134-e3b2-48ea-9b57-7971d795705b,dialogo-aperto-n-119,,,daca7caf5449edcb,error,Quality gate fallito: HTML: tag count: 13 orig vs 21 trad,,,,2026-04-18T21:28:09.644484
batch-20260418-v3,79f65629-f27b-40be-bf41-bf17b22c3423,una-buona-scuola-damore,f107f99c-eab2-436d-99fb-4c60c772403d,a-good-school-of-love,ef9f87b14384d4aa,ok,,4241,2328,0.012705,2026-04-18T21:31:14.458923
batch-20260418-v3,79fde51f-556e-4104-8912-ae7511c57478,cosa-so-dei-social-e-cosa-ne-penso,399703ed-7db1-4f63-9b79-2ea3a5ac4798,what-do-i-know-about-social-media-and-what-do-i-think,dc4115376d383f41,ok,,4001,2168,0.011873,2026-04-18T21:31:19.007316
batch-20260418-v3,7a0fc4d6-cefa-40e3-bc86-969fc2a8919f,almond-come-una-mandorla-recensione,44177cb7-b1cd-497e-8c7e-8a259b89cebd,almonda-novel-review,34470623e475da15,ok,,1349,319,0.002355,2026-04-18T21:31:51.438077
batch-20260418-v3,7a0c4438-41d9-4f43-8529-a01546a0d424,perche-cambiata-la-mia-vita,8a260ac7-dcb2-4424-b072-94604c1fb97a,life-in-fede-e-luce-why-my-life-changed,e82c4e419722f02d,ok,,2629,1286,0.007247,2026-04-18T21:31:45.730712
batch-20260418-v3,7a395ce2-9825-4920-bc13-d137395e87da,e-nato-un-bambino-down-guida-per-i-genitori,3b854451-cafa-4b72-ac81-e74c28ff6da0,a-child-with-down-syndrome-is-born-a-guide-for-parents,83fb2b7e10211a78,ok,,1520,356,0.00264,2026-04-18T21:32:00.931490
batch-20260418-v3,7a1de8cc-cd34-4acd-8f32-8249a3ea5105,una-radice-e-delle-ali,154bb71d-1a5c-47bd-9a62-e4ca467e8176,a-root-and-wings,2681338f135f788b,ok,,2552,1131,0.006566,2026-04-18T21:31:54.788036
batch-20260418-v3,7a50613a-15fe-4b4e-a71a-13ff69f9ca87,segni-recensione,2cb271bc-556f-468e-8072-ebfe52d11ca0,signs-review,9d84d78d1e12cdc0,ok,,1584,500,0.003267,2026-04-18T21:32:04.880966
batch-20260418-v3,7a68b393-450e-4f4b-aab5-05419ec3083c,gennaio-2003-trosly,779d9e1d-f601-43d4-a024-58999036e621,january-2003-trosly,68883606cba48548,ok,,1348,341,0.002442,2026-04-18T21:32:09.053414
batch-20260418-v3,7a6bb820-5e41-4ac7-9f08-a66ada89a736,amare-un-errore-patricia-bauer,a19b882d-ca29-44e1-a248-0709637b051b,loving-a-mistake-from-an-interview-with-patricia-bauer,e777dc10debb08d0,ok,,1606,479,0.003201,2026-04-18T21:32:11.861845
batch-20260418-v3,7a929f97-052d-4fb6-be8c-7aff53a73a79,noi-due-siamo-uno-recensione,40bf0bde-903e-4767-81d0-bef5fadbb4ef,we-two-are-one-review,545fabe3f2d1a6b0,ok,,1412,404,0.002746,2026-04-18T21:32:15.996864
batch-20260418-v3,7a589019-c1ec-4698-b82a-5910fa3e4b3f,centro-artigianale-di-bastia-umbra,add038c6-03f1-4ae2-a139-43ea22e3f92d,the-artisanal-workshop-center-of-bastia-umbra,0140a1f44d0936d5,ok,,3367,1718,0.009566,2026-04-18T21:32:08.103092
batch-20260418-v3,7aa9e578-67d9-49f7-902a-e4593b805c40,tra-i-vicoli-di-napoli,bdb0922f-c67f-40ca-8781-5a3d78c02321,among-naples-narrow-streets,d778e17a4bd14509,ok,,2415,1069,0.006208,2026-04-18T21:32:19.816447
batch-20260418-v3,7ab400e9-1b00-4797-8217-16a82bb5cf77,i-fraticelli,e895967d-0dd1-41fa-91ac-d2c3ede70a0b,the-young-friars,6206698cbcfe3813,ok,,1845,744,0.004452,2026-04-18T21:32:31.338113
batch-20260418-v3,7aac526b-d91e-41cd-b0ad-ade4e856557f,margherita-ricordi-mi-chiedesti-lane-di-colori-diversi,231fb2ae-9f16-43e7-9609-51aa324bdcfb,margherita-do-you-remember-you-asked-me-for-wool-in-different-colors,c8a19c098cbe7242,ok,,2762,1301,0.007414,2026-04-18T21:32:28.545625
batch-20260418-v3,7ae2cd4b-ea97-4d85-b0fe-d909369493df,un-prete-balordi,82761428-01e6-4286-9a29-b730b4903dc3,a-priest-among-the-rough,3e32dc7a1407afa4,ok,,1305,303,0.002256,2026-04-18T21:32:45.220643
batch-20260418-v3,7b0b5708-2a0e-47d5-b008-e60648f9bdab,natale-del-mio-cuore,c47b6724-4980-4dc1-9646-659d5a94a0da,christmas-of-my-heart,24374a02c9e81b3c,ok,,2306,1039,0.006001,2026-04-18T21:32:48.515106
batch-20260418-v3,7aced81b-ef57-44ad-bbc3-f608e8a27dec,autismo-che-fare-per-questi-figli,37ddb814-8fe9-4698-941f-1377cae3d91f,autism-what-can-we-do-for-these-children,2ba723c9bc00569e,ok,,3497,1718,0.00967,2026-04-18T21:32:37.891039
batch-20260418-v3,7b6405bc-908a-4ce8-898f-b92ca11d4e18,mr-rain-e-lda-sono-uno,6c459749-5dfc-42ca-8a47-9ab9ad237b0e,mr-rain-and-lda-are-one,d7a90e52de3d174d,ok,,1847,753,0.00449,2026-04-18T21:32:59.607436
batch-20260418-v3,7b2c69e3-dff9-4242-9851-0a84681823f3,e-se-essere-sordi-fosse-un-superpotere,3cc003b3-7bda-4261-95d3-be7c04fd05c8,what-if-being-deaf-were-a-superpower,7729e3de1cb07beb,ok,,2386,1153,0.006521,2026-04-18T21:32:58.070200
batch-20260418-v3,7b6b6727-3aaa-4787-be86-890c749c7956,non-avrei-mai-pensato,ea2c591d-cf55-4466-91a5-043d83a5d4e7,i-never-would-have-thought,5d31fb20385ed669,ok,,1678,615,0.003802,2026-04-18T21:33:05.874278
batch-20260418-v3,7baa46dd-46c5-4833-a65a-54ae68d2b370,lo-shock-della-diagnosi-prenatale,92e58a03-cd7f-4352-a4e2-15be584e0224,the-shock-of-prenatal-diagnosis,7ae29275e6169e13,ok,,1627,518,0.003374,2026-04-18T21:33:11.338306
batch-20260418-v3,7b778942-e516-4b7b-b71a-cee8c9b92371,ci-hanno-scritto,17c7d1ac-6cee-4b86-ba4d-d7f56617337e,readers-write,90b2e91e93d3471a,ok,,1810,743,0.00442,2026-04-18T21:33:09.000992
batch-20260418-v3,7bc024a2-186a-42b0-8268-57c154309eb4,altri_figli_consigli_per_genitori_bambino_disabile,703b2bf6-fc40-425c-b6b2-6ff87a023a72,what-about-the-other-children-at-all-costs-we-must,5fe4e22503cd5f07,ok,,1536,485,0.003169,2026-04-18T21:33:16.149308
batch-20260418-v3,7bce5e93-74f3-49ed-90c8-b566a87c64cd,come-pietre-nel-fiume-recensione,700ca6c4-f155-40e5-9067-892702a26aeb,like-stones-in-the-river-a-review,cbfa23539dbb27d7,ok,,2329,1091,0.006227,2026-04-18T21:33:21.400377
batch-20260418-v3,7bf8037a-3f7a-4b7e-82b0-541ed62a8563,gita-ad-argegno-3-giugno-1979,8b81df27-65ff-4bb9-acca-0bdd292248b2,an-outing-to-argegno-3-june-1979,76e87119da50f189,ok,,2017,802,0.004822,2026-04-18T21:33:33.178388
batch-20260418-v3,7bcad11c-344e-4e63-8763-a2f80365932a,so-quel-che-non-bisogna-fare,148dbe5d-bfeb-4025-80be-18246d412086,what-not-to-do,68c6d96c8b57cf0e,ok,,3916,2180,0.011853,2026-04-18T21:33:16.700591
batch-20260418-v3,7c1ffbdd-7047-4659-9ac4-8b21b7bc5b3f,due-fratelli-e-la-brigata-inglese,3624cc0e-82bd-47d2-aabd-5faf916522e6,two-brothers-and-the-english-brigade,d8a8f9163c0e9675,ok,,2702,1417,0.00783,2026-04-18T21:33:40.851972
batch-20260418-v3,7c5e89a5-d79b-4151-a09d-b7cfbf03418a,il-caso-potenzoni-di-federica-sciarelli-recensione,141ba4f5-6d32-4b21-80e2-6ae4b61b654b,the-potenzoni-case-by-federica-sciarelli-review,256e1e177a82e2ce,ok,,2548,1273,0.00713,2026-04-18T21:33:45.895559
batch-20260418-v3,7c8721c1-b15a-4f72-8530-6750b7bf877e,come-loro,116dcc4e-e693-46bd-ae50-c2cdbf96fb66,like-them,f09f17ebbbc8a3b5,ok,,1631,553,0.003517,2026-04-18T21:33:55.800848
batch-20260418-v3,7caa1569-8a3c-4f26-90b7-1cba5487a77f,aggiungi-un-posto-a-casa-adozione-di-bambini-con-disabilita,a19de36d-389a-4eab-9403-4ea4fe405ac3,add-a-place-at-home-adopting-children-with-disabilities,d121f362410e7793,ok,,1465,447,0.00296,2026-04-18T21:33:59.590308
batch-20260418-v3,7cf1bfe5-1c72-408a-9caf-49d72776ee87,alla-morte-del-papa-charles-restava-nascosto-sotto-il-tavolo,5ed6940c-42e6-4876-a3e0-7d99ef370e2b,when-dad-died-charles-hid-under-the-table,244a79013126f641,ok,,2509,1114,0.006463,2026-04-18T21:34:02.859196
batch-20260418-v3,7cf437d9-98f7-4f8f-bb89-5ea333e7320b,parlare-di-dio-ai-bambini-di-oggi-recensione,4a009245-37f7-4764-9f34-bd3a8c85fb78,speaking-of-god-to-todays-children-a-review,c034de5c3b0255c7,ok,,1778,657,0.00405,2026-04-18T21:34:15.899863
batch-20260418-v3,7cf608be-99bb-42c6-9063-9374cf59436b,e-bello-avere-un-posto-dove-lavorare,4f3674af-4fe2-432b-8e48-162e504a7677,its-good-to-have-a-place-to-work,59b34c13d632ccd8,ok,,1391,387,0.002661,2026-04-18T21:34:20.953837
batch-20260418-v3,7cc759ec-991c-4fa5-b534-07bb2cbfadf8,corridoi-umanitari,f2eea02d-bdc6-4e58-8632-2588501c6254,humanitarian-corridors,772f4539ccb1e3c5,ok,,3703,1941,0.010726,2026-04-18T21:34:00.617190
batch-20260418-v3,7d1e9c63-6be0-4062-8e25-8c4b321f36ce,esperienze-al-club-avance,b10d6e9d-6346-4e38-9cb6-9374831413e2,experiences-at-club-avance,146bd95b5d419df5,ok,,1893,644,0.00409,2026-04-18T21:34:25.240771
batch-20260418-v3,7d38e65e-862e-4174-8339-f7fbe69a916f,attesi-amati-trasformati,ddd70638-81d1-461b-b1d6-c4f4a2f19bd3,awaited-beloved-transformed,d651df4baf419e08,ok,,2381,1093,0.006277,2026-04-18T21:34:25.284807
batch-20260418-v3,7d57b62e-6d95-4737-a3da-32adfcbad616,dialogo-aperto-n-68,adb2476b-ef5e-4e9c-a2de-d22b54b5cf0e,open-dialogue-no-68,bea3a0a7eb3dfb40,ok,,2580,1222,0.006952,2026-04-18T21:34:37.055656
batch-20260418-v3,7d4f8b96-ceb9-4cdc-a670-7ccec23ee7ab,vita-fede-e-luce-insieme-n-26,7bbb3af3-3f0e-45ea-b8c3-e4a05672ee35,life-in-faith-and-light-together-n-26,d429f7551d05a241,ok,,4162,2189,0.012086,2026-04-18T21:34:30.830399
batch-20260418-v3,7d80dfa5-5ef5-49fe-9df4-ff511c51488e,obiettivo-decrescita-recensione,d0ea3ca8-0cba-49a3-b4bf-fbadb775732f,degrowth-as-a-goal-review,d59d92987eb33aeb,ok,,1597,497,0.003266,2026-04-18T21:35:04.285396
batch-20260418-v3,7d699d71-bd98-4da1-8001-6fb2436397d8,intervista-sante-bandirali-uovonero,aa5f26ea-977d-4861-8bd2-46eb63fcbb8d,the-right-to-a-real-book,f6b074e8529f3123,ok,,3002,1587,0.00875,2026-04-18T21:34:51.164805
batch-20260418-v3,7db3520e-1f6b-4523-be85-0898371257b2,viaggiare-alla-pari,e2b460b1-b978-473d-acce-d4d0b75d43e3,traveling-together-as-equals,5eddbbd1b825fcc8,ok,,1630,561,0.003548,2026-04-18T21:35:11.364737
batch-20260418-v3,7dcf72a3-6bf4-4e54-8275-a4e0d159f571,le-mimose-di-yolanda,58f2deb2-65a0-4b08-af43-f5940d6ec734,yolandas-mimosas,19cf0a8adb4f7841,ok,,2020,769,0.004692,2026-04-18T21:35:17.823127
batch-20260418-v3,7d86978d-f45c-403a-ad46-13354163267a,anoressia-fame-damore-e,727d81c9-9a03-4676-83d7-6a57df048a75,anorexia-hunger-for-love-and,d51b52f55d4c68f2,ok,,3063,1586,0.008794,2026-04-18T21:35:09.032501
batch-20260418-v3,7dd722c9-b926-4853-bd06-020c827ad458,e-questo-e-niente-recensione,68259e64-57f1-4f49-83ee-37ddcf00d5b6,and-thats-nothing-a-review,d809505170588d02,ok,,1383,379,0.002622,2026-04-18T21:35:25.700025
batch-20260418-v3,7dd44695-dbcf-41bf-a41c-5665b38a912e,possiamo-fare-qualcosa-noi-genitori,bf98d493-24e1-4597-91e0-e4cc12e52be8,can-we-parents-do-something,59503267d0cd9e22,ok,,2699,1269,0.007235,2026-04-18T21:35:24.534595
batch-20260418-v3,7e0eea81-1cbe-4bdf-bf6b-3ec49765eba6,nicola-pintus-il-progetto-filippide,8a29bd8b-6811-45ff-bbf6-1847c2d20f1a,nicola-pintus-and-the-filippide-project,b83c2fbe452220a3,ok,,2905,1483,0.008256,2026-04-18T21:35:29.485341
batch-20260418-v3,7e12f904-85b5-4149-b0be-636fe77f23ab,il-compleanno-di-chiara,592ea14e-374b-4ae8-ab13-46106a93404e,chiaras-birthday-party,fb4b16ab64c6db50,ok,,1843,749,0.00447,2026-04-18T21:35:44.854887
batch-20260418-v3,7e0f3b1f-64fe-4b6b-b631-4c74d8a2575f,metti-da-parte-la-fretta,92e92c9d-7d63-44e2-9e59-af5dc08286c2,set-aside-the-rush,48d311257ba35994,ok,,2758,1301,0.00741,2026-04-18T21:35:39.049008
batch-20260418-v3,7e3f71c7-b816-4bbd-8b3b-fc624e6fb318,storia-di-un-filo-derba,21175f15-595e-4165-8bbb-4d9aeb026a69,story-of-a-blade-of-grass,bb9bf1a2c2217d3a,ok,,2174,877,0.005247,2026-04-18T21:35:54.861230
batch-20260418-v3,7e20a256-098f-449e-8220-75dff7ebeb8d,sacramenti-e-disabili,d3ace13d-8e4b-49ed-8bb2-0180e3413a81,sacraments-and-people-with-disabilities,2f8b953d08852baf,ok,,3182,1644,0.009122,2026-04-18T21:35:51.717106
batch-20260418-v3,7e5189d1-c887-4c8b-99bc-6ab711deedf4,la-festa-a-fede-e-luce,ee09fe9b-22d3-43e5-b29c-238eb71a4a93,celebration-at-fede-e-luce,f25ed3e760cf0ec6,ok,,2180,932,0.005472,2026-04-18T21:36:04.145535
batch-20260418-v3,7e8a27b8-a706-40e0-a584-467291d17717,un-angolino-di-arche,d144846f-ed49-49ea-b6f4-03141af08364,a-little-corner-of-arche,ce31d3666ca2aacf,ok,,1332,349,0.002462,2026-04-18T21:36:13.544886
batch-20260418-v3,7e59eef0-279b-4eec-80f3-c1319ee65dc2,dialogo-aperto-n-112,8176fe7e-1be8-40c0-a2d3-cd07839d6ad1,open-dialogue-no-112,437f22de27dc6471,ok,,1851,709,0.004317,2026-04-18T21:36:12.697016
batch-20260418-v3,7ea473af-36b5-4f4c-9350-40a875cd28fd,franz-werfel-gallucci-editore-pp-722,b7274649-b4be-46e9-b6d9-11d06452c1a8,the-song-of-bernadette-a-review,bec2dae9d1cc7bc6,ok,,1458,444,0.002942,2026-04-18T21:36:18.352453
batch-20260418-v3,7ea440df-3442-4857-acad-df8b8982015f,la-mia-amica-suor-marie-theo-di-dio,18be1ca7-a151-4bff-8fe8-b74a2fcd32f4,my-friend-sister-marie-theo-of-god,3e76dfb0af664d7c,ok,,1732,670,0.004066,2026-04-18T21:36:16.410264
batch-20260418-v3,7ee0723c-de3d-426b-98e0-ef95976f6943,la-terza-nazione-del-mondo-recensione,3fac3517-dbbf-425b-843e-16e2a17085c7,the-third-nation-of-the-world-review,5e253fd68d702e8e,ok,,1225,220,0.00186,2026-04-18T21:36:23.365477
batch-20260418-v3,7eb88b95-067e-42e5-a79e-52956a89d4d1,mio-cugino-paolo,c47c330c-963a-425e-a296-140bd3341680,my-cousin-paolo,769a4d418da0cd3c,ok,,1497,465,0.003058,2026-04-18T21:36:22.401793
batch-20260418-v3,7efcbe4e-d993-4fc7-8cfa-adfef4246f6e,fede-e-luce-domande-e-risposte,33cb15a8-0259-45fd-98e4-0620f2e4603d,fede-e-luce-questions-and-answers,4837bb7e3dc46a29,ok,,1537,481,0.003154,2026-04-18T21:36:26.861394
batch-20260418-v3,7ef31df0-f44c-44a0-b9e5-e653ebbbda9b,da-soli-non-si-puo,5b97620a-afad-4dc5-8de2-70a6c6b0daef,you-cannot-do-it-alone,3c161ea663b95fcc,ok,,2281,950,0.005625,2026-04-18T21:36:25.990817
batch-20260418-v3,7f26002c-5dff-49f3-a593-61d531804c2b,educare-alla-paternita-tra-ruoli-di-vita-e-trasformazioni-familiari,26b08125-6688-4906-afe4-dbd657c6b4e6,educating-for-fatherhood-life-roles-and-family-transformations,6e5133ba77fe5730,ok,,1181,207,0.001773,2026-04-18T21:36:36.269590
batch-20260418-v3,7f1d8389-6fe7-4fc4-b454-2a90c7267a6d,nutrire-talenti,920e20b1-2a01-4c39-843d-4edf7f9a0126,nurturing-talents,a4fb80d8169280d1,ok,,1608,497,0.003274,2026-04-18T21:36:31.441214
batch-20260418-v3,7f43f813-c8ac-4ba4-ba7c-7b1396a1e0c0,madre-di-famiglia,a1f540c9-f51b-4b7d-901e-f3f1687c7391,the-mother-of-the-family,d611b076a0b4d516,ok,,1438,482,0.003078,2026-04-18T21:36:40.580581
batch-20260418-v3,7f3db60d-c621-4e06-a8a0-ac3ba957f506,la-sua-prima-confessione,eaee7a8e-0a4c-4136-8afc-6a11e216f727,her-first-confession,f859cfe8a845fb4b,ok,,1886,720,0.004389,2026-04-18T21:36:38.782452
batch-20260418-v3,7f54605d-c40a-4525-bcbf-b1b4da06fe44,il-chicco-recensione,518ce5e5-5516-49a1-86ee-ee81b30280bf,il-chicco-review,ef5eb7e92cb07f7c,ok,,1280,262,0.002072,2026-04-18T21:36:44.267886
batch-20260418-v3,7f56d22a-11d0-463e-909c-3cf7b3130c77,e-le-ferie,914d1e95-4e36-4322-8bfd-8ebf2f2f8de2,what-about-vacation,9594f57b798f3911,ok,,1345,340,0.002436,2026-04-18T21:36:44.931811
batch-20260418-v3,7f634e4b-a81c-4769-8cad-d1cf2a522818,un-incontro-tra-capi-scout,5a0e59e5-c37a-457d-ac0d-7c1c9ab85cb1,a-meeting-of-scout-leaders,1e2e081434f5a80d,ok,,2390,1050,0.006112,2026-04-18T21:36:47.100372
batch-20260418-v3,7f68191d-1003-4a81-9ea5-fb31c84edf36,un-laboratorio-chiamato-lalveare,0c48b2f0-a479-4604-9972-88c5d7feadae,a-workshop-called-the-beehive,5b0794d747d61345,ok,,2926,1434,0.008077,2026-04-18T21:36:48.619773
batch-20260418-v3,7f7168b8-f53e-4020-b2da-d0a0cf4076cb,precious-recensione-film,a5052a30-cfbf-45cd-bb18-36a43f11e3df,precious-film-review,f3b1e9b7412f907d,ok,,2063,878,0.005162,2026-04-18T21:36:59.578275
batch-20260418-v3,7fa00822-775a-4b9f-a591-6b6a9bb72f64,nuovo-dizionario-disabilita-handicap-riabilitazione-recensione,e18d7b1a-f02f-44cd-bc01-7320e701c9a5,new-dictionary-of-disability-handicap-and-rehabilitationreview,531148643be45b71,ok,,1228,239,0.001938,2026-04-18T21:37:07.976763
batch-20260418-v3,7f81ab6a-eec3-4d40-ac79-ac18d83c3d7e,lezione-di-danza-insieme,5a2f6e85-7ac4-47b9-a184-13d7603fb77b,a-dance-lesson-together,c40b4cb1478dced8,ok,,1832,692,0.004234,2026-04-18T21:37:07.225590
batch-20260418-v3,7fb63e7f-e714-482e-ba44-e50a84050f62,cosicomesei-diario-di-bordo-di-un-neuropsichiatra-infantile-recensione,b4e52ea8-4df7-4df8-800e-39156acfc870,as-i-am-a-child-psychiatrists-log-review,b5319c6c92a2b415,ok,,1854,701,0.004287,2026-04-18T21:37:10.251064
batch-20260418-v3,7fbc1823-545e-409e-9ccd-bbd083c956d2,la-risposta-di-gesu,e02af57f-1452-4cd3-800e-90ca5ac53574,jesuss-answer,80285e4f0523d381,ok,,1662,534,0.003466,2026-04-18T21:37:12.805054
batch-20260418-v3,7ff201e3-3381-4dc2-bffd-097998243815,centro-di-riabilitazione-il-testardo-pet-therapy,a37c47b0-e909-4a0b-8c42-16a61b2f9621,the-stubborn-rehabilitation-center-pet-therapy,359c2f0cdb8ba8dd,ok,,2821,1440,0.008017,2026-04-18T21:37:16.138533
batch-20260418-v3,8015190b-d8c6-4364-9463-4661ffb0dfc0,buon-anno-da-ombre-e-luci,7784a2c3-5dc4-4d95-8358-a4befe24a22b,happy-new-year-from-ombre-e-luci,fa379e7f9b78e72e,ok,,1142,189,0.00167,2026-04-18T21:37:33.760555
batch-20260418-v3,7ff5350f-28d3-43af-a97a-62c7b48c8067,essere-mamma-sono-in-un-furioso-stato-di-accusa,68c4853e-98ef-40b7-ad06-12f6b93c14e2,being-a-mother-i-am-in-a-furious-state-of-accusation,5c62fdb12e9edd6a,ok,,3443,1832,0.010082,2026-04-18T21:37:17.917453
batch-20260418-v3,8066dcdd-8f66-4f6e-abed-a449c16fe08d,fede-e-luce-una-fedelta-che-ridona-lentusiasmo,e2c14a08-7788-4f63-87cf-1ba43797641d,fede-e-luce-a-faithfulness-that-restores-enthusiasm,69084430cef1c986,ok,,2624,1239,0.007055,2026-04-18T21:37:43.990549
batch-20260418-v3,802388d5-2df6-4233-963e-dee2cbda207d,dialogo-aperto-n-47,8e674e21-6850-4f57-a71f-f0eae48887d1,open-dialogue-no47,91daa328582549c9,ok,,3518,1990,0.010774,2026-04-18T21:37:35.906464
batch-20260418-v3,806714d5-6f10-4d28-a763-dc286c28a096,una-vita-possibile-handicap-mentale-e-famiglia,e53b0ad4-ec84-4828-913f-8383fbc1b7ee,a-life-made-possible-mental-disability-and-family,b3236be552a10d86,ok,,1673,551,0.003542,2026-04-18T21:37:58.132623
batch-20260418-v3,806e878b-879b-4013-9ccc-6899ca59375b,jun-recensione,022aebd4-9835-45df-bfc4-75863566c585,jun-review,effa0f835cabb5b3,ok,,1308,286,0.00219,2026-04-18T21:38:02.275473
batch-20260418-v3,808c0376-ead3-4fdb-85d5-909c1d160367,cristo-con-gli-alpini-recensione,8b635a87-712c-4278-8f2a-f2eb0ba76bc6,christ-with-the-alpini-a-review,c09872e369e4259a,ok,,1800,692,0.004208,2026-04-18T21:38:05.209670
batch-20260418-v3,809ddfed-f701-43c3-81fb-002b286e576c,cosa-dirvi-di-piu,2a144ef1-ddf2-4b5e-b7bc-ee92762aa87e,what-more-can-i-say,f890b675d8a82ef8,ok,,2847,1494,0.008254,2026-04-18T21:38:10.917250
batch-20260418-v3,808211bf-d593-4313-8565-8968bb9f5908,la-vita-sessuale-delle-persone-con-disabilita-per-quale-amore,9a38ce1b-f9b2-4c41-9b14-1861f613403c,the-sexual-life-of-people-with-disabilities-for-what-love,4752e0dc3f25b12b,ok,,3737,2027,0.011098,2026-04-18T21:38:02.956998
batch-20260418-v3,80b26856-bb78-4fce-94db-b92135f37b91,qua-la-zampa-un-film-che-mi-ha-riportata-indietro-nel-tempo,ecf9b389-6d64-4a82-8ead-b1b5b2765b25,a-dogs-purpose-a-film-that-took-me-back-in-time,b5156897927cb268,ok,,1576,531,0.003385,2026-04-18T21:38:28.004103
batch-20260418-v3,80b8a4d3-fd2b-459c-9e6d-dd0e6a0eafb3,oltre-il-limite,153e0575-5b9e-4187-b109-752c7312016a,beyond-the-limit,cca800a12e0de1d0,ok,,2332,1048,0.006058,2026-04-18T21:38:30.704452
batch-20260418-v3,80cdbcab-3fb0-4cc6-92cd-1a6ea0d5a800,tenera-magnetica,47935b81-d64e-4004-89fa-c7533bd28efb,tender-and-magnetic,77c4dfac116bdd1c,ok,,2672,1301,0.007342,2026-04-18T21:38:32.400356
batch-20260418-v3,80d7e27c-6609-4951-b9df-9b358f2667b9,vivere-lautismo-manuale-di-sopravvivenza-per-i-genitori,abe32cc6-7572-4050-a6c5-86c7fbc8cc79,living-with-autism-a-survival-manual-for-parents,33d23cb79f1683e2,ok,,2495,1045,0.006176,2026-04-18T21:38:48.336930
batch-20260418-v3,80d153fd-2ac3-4633-a8fc-74466779d0bd,dialogo-aperto-n-63-1998,72ee698c-5020-4803-9325-05944627058a,open-dialogue-no-63-1998,521375eef5c02b8d,ok,,3614,1921,0.010575,2026-04-18T21:38:41.987362
batch-20260418-v3,80e769fc-a3ba-422d-9bf5-7c0bc0799b84,vita-di-fede-e-luce-n-44,b1fcc474-3d76-4fd0-a25d-b5c38a89e5b0,life-of-faith-and-light-n44,dc0b674479087b62,ok,,2888,1429,0.008026,2026-04-18T21:39:00.556950
batch-20260418-v3,80f2658d-afe1-42a0-9d82-5c5407cfa33f,filippide-correre-insieme-dal-tibet-al-polo-nord,fe32b5f7-fb96-45b9-a46d-250514e91c01,filippide-running-together-from-tibet-to-the-north-pole,8a55dffe74cf46f2,ok,,2883,1503,0.008318,2026-04-18T21:39:10.003603
batch-20260418-v3,80f81b09-f0ba-4bca-b9e9-74b540b5d339,ieri-oggi-domani,351f4583-33c3-49e2-b4c3-f7d679a1afc4,yesterday-today-tomorrow,9d0bb1ced2837e3b,ok,,2274,972,0.005707,2026-04-18T21:39:16.772631
batch-20260418-v3,810f6a09-78fe-40b6-ba71-a5ff472002b2,gioia-di-essere-sacerdote,56c5a67d-6b6f-4e70-9cd0-2b37f72c048b,the-joy-of-being-a-priest,17a88c9ed919f634,ok,,1789,633,0.003963,2026-04-18T21:39:26.556091
batch-20260418-v3,812e38a8-bd80-487b-8a31-92c52197e26c,donne-nel-respiro-di-ruah-il-protagonismo-delle-donne-nella-morte-e-resurrezione-di-gesu-recensione,941c6e54-8045-432e-be1c-058706e725d0,women-in-the-breath-of-ruah-womens-protagonism-in-the-death-and-resurrection-of-jesusa-review,fd5e6500b237fd9e,ok,,1424,404,0.002755,2026-04-18T21:39:32.014410
batch-20260418-v3,8115b42b-eaa3-4959-8772-c691c83fd4e4,bocca-ride-ma-occhi-non-buoni,f25fca18-93a6-4a01-b1ca-2320c34df8b5,the-mouth-smiles-but-the-eyes-are-unkind,6731a1532f8a090a,ok,,2306,1051,0.006049,2026-04-18T21:39:26.577593
batch-20260418-v3,8135f53f-a53f-4964-a204-a5d1b372ba10,sia-fatta-la-tua-volonta,2fad5c44-7e84-46ff-928f-d2efed840816,thy-will-be-done,9db32484e9d8683f,ok,,2065,847,0.00504,2026-04-18T21:39:36.926717
batch-20260418-v3,81572bb0-9467-402f-aba5-4fd9cf39c243,testimone-oculare,434d9c02-1987-4d62-9f1b-635f532b4013,eyewitness,54d09b067ff7a52c,ok,,1832,686,0.00421,2026-04-18T21:39:45.703914
batch-20260418-v3,813253c8-a265-4505-ad9b-50b0a66d39e2,comunita-terapeutica-primavalle,68f50561-def4-4b25-943e-8d1452c6ea42,therapeutic-community-of-primavalle,e55a6f4909ee519a,ok,,3170,1610,0.008976,2026-04-18T21:39:36.235483
batch-20260418-v3,815bdada-45df-4bd0-8711-bcf8cc944bdb,carissime-mamme,fcc1ab7f-0a80-4232-8de6-6fd4113e46bf,dearest-mothers,7b04ff881ea1ee7f,ok,,1744,606,0.003819,2026-04-18T21:39:51.496452
batch-20260418-v3,81bdd80d-ee13-475f-a143-800aeb5e2c6b,sentivo-crescere-la-mia-responsabilita,eb7ed96f-bece-4784-b661-ad99884fc5a3,i-felt-my-sense-of-responsibility-grow,f2308a6bef51854d,ok,,2392,1015,0.005974,2026-04-18T21:39:56.964838
batch-20260418-v3,81b0edea-a323-414e-871a-1578afb8a587,dialogo-aperto-n-97,e180f766-2cee-486e-965f-bd536032b4b2,open-dialogue-no-97,521a5f4af31ed506,ok,,3185,1664,0.009204,2026-04-18T21:39:54.858558
batch-20260418-v3,81c1ec9c-0fbd-45a7-919d-c233e2919aca,ci-hanno-scritto-n-14,7b3243dd-28bd-47c7-ad82-f43dc99aa8b5,letters-from-our-readers-no-14,ff28892c37ddd9e0,ok,,2824,1472,0.008147,2026-04-18T21:40:07.485113
batch-20260418-v3,81d48e8d-0c86-40e1-8b31-ad76b6d8dbe7,no-gac-ma-sac,0f93cf9a-b79b-4817-82d8-fc1b51bf0c4b,no-gac-but-sac,ecfcfaedfcc38c26,ok,,3234,1710,0.009427,2026-04-18T21:40:16.608981
batch-20260418-v3,81fce0d2-e01d-456d-9017-729eb92bc89c,la-riabilitazione-nella-scuole-ma-la-bambina-non-e-tenuta-in-classe,5ff2526f-3525-494b-9d20-b6ad73480255,rehabilitation-in-schools-but-the-girl-is-not-kept-in-the-classroom,8e43be846a7c6da8,ok,,3073,1657,0.009086,2026-04-18T21:40:38.008388
batch-20260418-v3,81e7d2ac-ae0d-4984-bcf2-c46ccb318db7,mary-mount-settimane-al-sole,23c38ee3-5427-4cd3-8115-87f983bbcfd7,mary-mount-weeks-in-the-sun,e2b2163b33d6b8ff,ok,,4422,2412,0.013186,2026-04-18T21:40:23.587123
batch-20260418-v3,8207f46a-8bd0-446e-b08f-54822fbf61eb,dialogo-aperto-n-157,83cbb299-4850-46ea-8791-99c74e28f371,open-dialogue-no-157,206190bcb00758ff,ok,,1556,516,0.003309,2026-04-18T21:40:57.115298
batch-20260418-v3,82208f5d-3f80-445a-aff8-c04ea62a8320,riannodare-il-filo,aa25e759-c9e8-468a-9be2-6185749d8cac,picking-up-the-thread,67f481790eb882c4,ok,,2750,1287,0.007348,2026-04-18T21:40:59.824048
batch-20260418-v3,8226c795-180c-462a-9a31-5928f7aa7ad5,dialogo-aperto-n-123,81243e2e-fcc7-4f21-8a08-aa31d9c0f7ce,open-dialogue-no-123,537ffc41da9d2260,ok,,3048,1589,0.008794,2026-04-18T21:41:01.381808
batch-20260418-v3,824891eb-873e-456e-b5a7-9e1a9c5b7871,papa-francesco-disabilita-messaggio,0f1bed86-05c5-4f4b-bd07-a82407b47e1a,message-of-pope-francis-on-the-occasion-of-the-international-day-of-persons-with-disabilities,f601ee9edbc9879f,ok,,2340,1012,0.00592,2026-04-18T21:41:22.145897
batch-20260418-v3,827103a6-e203-4c80-b134-e1f4f9b11941,tracciare-il-sentiero-in-albania,b0ed65cd-d759-4af0-9f72-b7ff1991f7dc,charting-the-path-in-albania,3bf1c67ff682c848,ok,,2096,880,0.005197,2026-04-18T21:41:31.371793
batch-20260418-v3,82360036-a043-4b8f-bb86-62a5f453a629,la-prima-comunione-di-flaminia-ci-ha-fatto-crescere,250bf980-b86f-4a33-92d0-1ba9727e04aa,flaminias-first-communion-helped-us-grow,0b7902f870800073,ok,,3718,2063,0.011226,2026-04-18T21:41:15.658355
batch-20260418-v3,82cfcf11-ed10-4e75-a255-5b977a755d41,dalle-mamme-di-palidoro-perche-curare-non-significa-solo-guarire,ce6d06f7-97d1-40ed-96b5-a6d102073d88,from-the-mothers-of-palidoro-why-caring-means-more-than-curing,307d5a327202305d,ok,,1806,658,0.004077,2026-04-18T21:41:45.974602
batch-20260418-v3,82d26cd7-07c7-4de5-a973-80e621abed05,90-anni-di-jean,2910631a-b87b-4e24-ac3e-18de1ffaaabf,jean-at-90,47f5ce86e548190c,ok,,2352,1111,0.006326,2026-04-18T21:41:51.146721
batch-20260418-v3,828a359c-4118-4c54-9093-5ae6f160e447,vita-fede-e-luce-n-47,77b8417f-4d6e-4e63-8b73-f7f633075dd1,faith-and-light-n47,8f117ec6738a77c8,ok,,4464,2578,0.013883,2026-04-18T21:41:39.722873
batch-20260418-v3,82e12b0b-f877-4365-aee4-8a375b6f6bd7,incontro-internazionale-a-cuneo-28-29-aprile-1979,7ad91850-21b8-4bf5-a3fe-6dcbc3e03874,international-meeting-in-cuneo-april-2829-1979,917831939d7bb834,ok,,2918,1526,0.008438,2026-04-18T21:42:01.124318
batch-20260418-v3,82feb126-359c-402a-ae81-7551aacff0ba,lettera-a-mariangela-e-a-molti-altri,62c37f9e-3989-4c11-ad46-217316eeaf89,a-letter-to-mariangela-and-to-many-others,ccd40f4cb54f929d,ok,,2428,1205,0.006762,2026-04-18T21:42:14.205138
batch-20260418-v3,830ac9a1-a030-4ad1-b7f9-8688ea276651,buon-natale-anche-a-te,bb38ee0b-e858-4b96-a15d-a5365e22f871,merry-christmas-to-you-too,eeaab10588e823e5,ok,,2521,1190,0.006777,2026-04-18T21:42:26.069969
batch-20260418-v3,83000ec3-bedf-4455-9bfe-14d03aac8941,per-una-vera-qualita-di-cura-delle-persone-anziane,c7c547c1-af9e-4c17-8fa2-c9144ae57082,toward-genuine-quality-care-for-older-adults,34c72272e6e8b6ed,ok,,3531,1822,0.010113,2026-04-18T21:42:18.414073
batch-20260418-v3,831229ee-6cd8-41e1-a7f1-fae071436325,rosamaria,ac57ac16-b124-4567-a083-cc546a22fabc,rosamaria-8312,de723250d380d7b1,ok,,2200,1002,0.005768,2026-04-18T21:42:40.790458
batch-20260418-v3,83268a64-1006-44bd-a777-7f0b6ddd090c,lamicizia-a-fede-e-luce-un-legame-anche-con-chi-e-piu-debole-e-solitamente-rifiutato,2618a063-520d-4764-82d5-eb6d90ea0e5c,friendship-at-fede-e-luce-a-bond-that-includes-those-who-are-weaker-and-usually-rejected,7f964793a4d2212c,ok,,2272,1011,0.005862,2026-04-18T21:42:42.845974
batch-20260418-v3,833ccfe1-63b6-498f-b2c1-f928e776e594,i-miei-piccoli-principi,f5ceda6e-7648-49a7-ab6c-0588a9cfb88a,my-little-princes,69c6a16b41849177,ok,,2331,1083,0.006197,2026-04-18T21:42:52.102152
batch-20260418-v3,8331804f-1163-4177-afc0-0677d64b810c,sara-bello,ef793671-13e8-4d28-9ce9-fd1b1d197add,it-will-be-beautiful,0436be8715d4011b,ok,,2858,1503,0.008298,2026-04-18T21:42:50.487228
batch-20260418-v3,8353237e-28e1-4d50-b4b7-12353cd196dd,non-e-facile-esprimere,cbdbc296-db8a-4ed4-9c32-df722d3c98f8,it-is-not-easy-to-express,3e88759775a2bce8,ok,,2312,1032,0.005978,2026-04-18T21:43:03.222434
batch-20260418-v3,839f66ac-21c2-4325-97d6-9eb130bc0662,coralmente-le-voci-dellanima,4796478b-fa4f-46db-b2be-80ad5f9b9973,singing-together-the-voices-of-the-soul,b83a6ed8c6cb07b3,ok,,2583,1154,0.006682,2026-04-18T21:43:15.165107
batch-20260418-v3,839086ef-2605-4700-82ea-dd42e7ed12df,newsletter-n-11-la-fatica-di-non-potersi-salutare,db66a87b-813a-4288-a8b5-2646785d87f1,newsletter-no-11-the-burden-of-being-unable-to-greet,eb142cf3335bd53b,ok,,3276,1998,0.010613,2026-04-18T21:43:08.670965
batch-20260418-v3,83a8bad3-3140-4992-9805-a3e0612f4efa,chiamare-nome-paura,4232ad84-60f1-4cb5-b7de-5865976b8c34,calling-fear-by-name,62f26f4867de4236,ok,,2306,980,0.005765,2026-04-18T21:43:27.399414
batch-20260418-v3,83af4d70-c847-4cdb-88a1-1e796e3a4c65,nella-diagnosi-siamo-prudenti,a1f299f7-f112-40ea-90fb-9c43b10fbdb5,in-diagnosis-we-proceed-with-caution,c51b7dc8f2375f42,ok,,2335,996,0.005852,2026-04-18T21:43:28.706378
batch-20260418-v3,83d6cb11-8567-4761-8e72-3b04d0e0c2e8,quanti-conosci-per-nome,c971ec84-679e-428d-85ec-f66694b9b93c,how-many-do-you-know-by-name,d7021dcb4cd69c19,ok,,2590,1208,0.006904,2026-04-18T21:43:38.509999
batch-20260418-v3,83db7f93-b5d5-4323-ac47-3ef32d30cfa7,frammenti-di-solitudine-recensione,0fdbac1e-95d0-44b7-bb2e-8dfd01464982,fragments-of-solitude-review,79d778b91f790676,ok,,1325,302,0.002268,2026-04-18T21:43:52.239874
batch-20260418-v3,83e67ebf-830b-4bd4-a631-9bca46c61d1a,vita-fede-e-luce-n-8-che-cosa-e-fede-e-luce,7e68fe53-6655-4bc5-92a4-9a43dc084f73,faith-and-light-no-8-what-is-faith-and-light,2272720abe53b398,ok,,3443,1903,0.010366,2026-04-18T21:43:54.951780
batch-20260418-v3,84007723-f92c-4e72-b258-fbde4ccf9e67,la-bellezza-nella-mente-recensione,4d4bc464-66cd-4f90-909e-67cc2ac61e3a,beauty-in-the-mind-of-nicola-gronchi-and-liliana-dellosso-review,f22a561fd9599501,ok,,2882,1488,0.008258,2026-04-18T21:44:14.240255
batch-20260418-v3,83ca207a-4270-4763-8f91-1cd080694825,fuori-dellacquario,831e403c-77aa-4e2a-8acf-407df930770e,outside-the-fishbowl,702f49e39b598ff7,ok,,7724,5604,0.028595,2026-04-18T21:43:37.532108
batch-20260418-v3,84171e4c-4526-41a7-b3cb-f9b69690ccff,come-parlare-a-una-persona-sorda,10626e10-fe97-45f5-8643-4d6a9407dc7d,how-to-speak-with-a-deaf-person,725e5a590f800152,ok,,1977,796,0.004766,2026-04-18T21:44:31.827215
batch-20260418-v3,846396ab-8aaa-4146-9b8b-ff13804813bf,fotoconcorso-i-piu-piccoli-a-lourdes,9898365a-84f7-4dee-afa5-c9465ea5d5c0,photo-contest-the-youngest-at-lourdes,1a46a4478b932b54,ok,,1412,432,0.002858,2026-04-18T21:44:38.241361
batch-20260418-v3,840db13d-2909-4b76-8e85-9285dbb3227b,due-chiamate-speciali,3f4275d8-fa12-4245-bcb6-d2a227a03ad4,two-special-callings,d6499c39ed71342d,ok,,2333,1076,0.00617,2026-04-18T21:44:30.282451
batch-20260418-v3,8497f625-bea8-4e11-b480-45613078b9dc,la-differenza-tra-shakespeare-e-insinna,9e318e53-30c2-40af-8b43-29f56eeacdee,the-difference-between-shakespeare-and-insinna,994fb3f094a4c9ae,ok,,1658,611,0.00377,2026-04-18T21:44:41.430637
batch-20260418-v3,84cb3db9-84d0-4ec1-a400-fb0082a03d0f,fiera-di-me-stessa,83ca6211-f0ba-43fc-8739-5a1ccd64a7ce,proud-of-myself,8b081ddbae828a3a,ok,,1667,601,0.003738,2026-04-18T21:44:46.137009
batch-20260418-v3,84cba335-d887-4ab0-9a52-1701b7cd2995,mariangela-linizio-a-santa-silvia,34a4eaee-ccbe-44a4-8d8f-4f503b4d6828,mariangela-the-beginning-at-santa-silvia,d322279f0ac88d2b,ok,,2853,1448,0.008074,2026-04-18T21:44:51.610061
batch-20260418-v3,84d3bac2-76c1-4da6-9e77-2ffe97799946,dialogo-aperto-n-8,616b5dc6-88f0-4ed1-a650-2c4512d0bceb,open-dialogue-no-8,4029311602ed6c53,ok,,2328,1020,0.005942,2026-04-18T21:45:08.564891
batch-20260418-v3,84d8459e-1548-43da-9f56-7f6d45f7b09d,un-castello-di-sabbia-storia-della-mia-vita-e-della-mia-schizofrenia-recensione,780e4aac-4426-4576-8b18-cd0b0259b33c,a-castle-of-sand-the-story-of-my-life-and-my-schizophrenia-review,8b13640419969abf,ok,,1511,467,0.003077,2026-04-18T21:45:19.764846
batch-20260418-v3,84e6de7b-8f72-44e3-ac2e-3fb83e08edab,paure-della-vecchiaia,b5ca7e52-c41b-45e9-ac51-89f4153182a7,fears-of-old-age,22550e4d5b4e2769,ok,,1406,357,0.002553,2026-04-18T21:45:24.361591
batch-20260418-v3,84f27f78-7dfb-4920-a936-e89f7ad5e435,porta-sfortuna,685c5198-ede0-4f2f-970f-1fa7c42127f0,bad-luck,bec49325e864f818,ok,,1603,506,0.003306,2026-04-18T21:45:27.382498
batch-20260418-v3,848e7b9e-a284-465e-8477-20015d402973,digitalizzando-ombre-e-luci-come-un-album-di-famiglia,2a94778e-9afd-4dcd-8b6a-3952ae594386,digitizing-ombre-e-luci-like-a-family-album,7a91dcef89ab7ee2,ok,,6213,3944,0.020746,2026-04-18T21:44:41.033896
batch-20260418-v3,84fac6ef-d2ac-4df4-8c2b-af3b450c7682,anche-noi-siamo-persone,3c6a6155-e054-40a1-8c99-b4bf08c12a62,we-are-people-too,14237fe314541460,ok,,1804,706,0.004267,2026-04-18T21:45:32.020940
batch-20260418-v3,85057d79-dda1-4c94-b42c-0bcd2d40386c,lettera-aperta-a-francesco-dassisi,88d03682-4021-49f6-987a-e121519df39b,an-open-letter-to-francis-of-assisi,f2c4b9316fba4230,ok,,1881,699,0.004301,2026-04-18T21:45:32.520755
batch-20260418-v3,851ec08e-da62-45eb-aab5-b439f797faeb,ci-hanno-scritto-2,f1815a10-a8cb-4599-b504-7a78bc949239,letters-from-our-readers,8919b32de27115c1,ok,,1317,312,0.002302,2026-04-18T21:45:36.807483
batch-20260418-v3,85c7fd33-200b-4f91-aa1e-680b525a98a6,small-talk-ma-extralarge,982b3dc6-7410-4877-95d8-d0076b05e247,small-talk-but-extralarge,896920a37b769ee3,ok,,2234,945,0.005567,2026-04-18T21:45:40.039065
batch-20260418-v3,85dda14c-bc41-40b9-b2da-cfb68f796b75,vita-delle-province-n-150,3a0cd9e2-147d-4725-83a0-099719f74dac,life-in-the-provinces-n-150,ca9717386ec6ebae,ok,,2136,914,0.005365,2026-04-18T21:45:50.566612
batch-20260418-v3,85918b03-894c-458a-a560-503711aa4f73,vita-fede-e-luce-n-34-che-settimana,1b38c26a-1369-4f64-a043-52d85a7b4c3b,faith-and-light-n34-what-a-week,7dc95304dcfa9eee,ok,,3421,1777,0.009845,2026-04-18T21:45:38.324030
batch-20260418-v3,85e98d62-b57d-48a0-a135-da1b604af504,percorsi-inclusivi-noi-ci-teniamo,d5779280-1047-4c3b-945a-1805b4a012f2,inclusive-paths-we-are-committed,e3660d0f13636b5d,ok,,1836,637,0.004017,2026-04-18T21:45:58.664250
batch-20260418-v3,8604f1c1-94c5-40b6-8669-5f34742c9676,baglioni-e-il-canguro,f6008cb5-d780-4840-9730-cc5e3922cf43,baglioni-and-the-kangaroo,cbcdd1b3df473152,ok,,1757,660,0.004046,2026-04-18T21:46:03.810380
batch-20260418-v3,8620c6fb-bb90-46c9-8966-690be00a4e3d,la-scopa-incantata-una-fiaba-per-natale,039eba20-dcf8-4b8d-b1e0-1306ebb6d368,the-enchanted-broom-a-fairy-tale-for-christmas,39effbe105c65ca7,ok,,2427,1149,0.006538,2026-04-18T21:46:09.080014
batch-20260418-v3,8622f0d3-3f86-4d86-87b3-ef24977bbd9b,miei-primi-quarantanni,54075ffd-c0e5-46eb-9872-fd4a74ea12c4,my-first-forty-years,4df2fa467a6f5d82,ok,,1973,778,0.00469,2026-04-18T21:46:21.758419
batch-20260418-v3,85ef7056-72b5-43be-ad66-ac597c63cc3a,spazio-aperto-una-cooperativa-di-servizi,05c3f6ff-b5cd-4b02-a74c-99b78b0ca5c5,spazio-aperto-a-social-cooperative,332ed4d074cfda37,ok,,4149,2309,0.012555,2026-04-18T21:46:03.117141
batch-20260418-v3,8623bfb0-6da7-4718-aeb9-efca56b18a4a,sensuability,b9eb747d-8cc2-4113-86d8-1762f96fba30,the-challenge-of-re-reading-cinemas-scenes,fce85b15ee4ee898,ok,,1926,784,0.004677,2026-04-18T21:46:29.306823
batch-20260418-v3,8637449c-fd7c-419f-bd36-edfc25f7dada,il-mio-soggiorno-in-salento,a14a29b2-cfa6-463c-a18e-52fbb1d4ac62,my-stay-in-salento,197eed017ad20d42,ok,,1965,751,0.004576,2026-04-18T21:46:35.588910
batch-20260418-v3,8646267f-310b-47cc-8ff4-248a23a22ac5,un-esperto-di-disabilita-nella-task-force-per-la-fase-2-dellemergenza-coronavirus-giampiero-griffo,e3027604-4e52-42cb-a4fa-69f27decf10a,a-disability-expert-on-the-task-force-for-coronavirus-phase-2-giampiero-griffo,2e8b2514ee008aec,ok,,2564,1266,0.007115,2026-04-18T21:46:42.864294
batch-20260418-v3,8635e0d6-36ea-47e9-9bc2-c51904556653,vita-fede-luce-n-18,ab852d35-0892-4a6d-a033-56b549402948,life-faith-and-light-no-18,c48673210643376c,ok,,3401,1786,0.009865,2026-04-18T21:46:32.192203
batch-20260418-v3,86685073-5004-4cd4-99b2-1c62ad6ac2e4,trasformare-le-pratiche,fc21f5dd-94d0-4564-9bbd-a9826687cf60,transform-our-practices,042dfdab4b3bff32,ok,,2244,953,0.005607,2026-04-18T21:46:53.549934
batch-20260418-v3,86923aa3-5fe2-4499-bb02-66f2bc091a30,lettera-a-jean-natalia,1e6b8359-91e3-4069-b14a-7a60edc3008b,letter-to-jean-natalia,12cf209311298725,ok,,1414,362,0.002579,2026-04-18T21:47:03.188123
batch-20260418-v3,869da0cc-6b53-4b44-aa86-25f3c0a6069d,don-zeno-obbedientissimo-ribelle-recensione,d8a5c007-75f0-4fea-94e4-a7feec338d25,don-zeno-the-most-obedient-rebel-review,c92df4977d3e50c1,ok,,1424,396,0.002723,2026-04-18T21:47:06.460674
batch-20260418-v3,866ff982-7627-47b9-a0df-4d42178c2618,la-violenza-del-mio-amore-di-dario-levantino-recensione,e1703d09-44f5-4e56-9256-17bb615c4593,the-violence-of-my-love-by-dario-levantino-review,eed9615b245f354a,ok,,2792,1374,0.00773,2026-04-18T21:46:53.975545
batch-20260418-v3,86a23cdc-89b6-48ef-a61a-273e6c3f616f,un-venerdi-di-aprile-recensioni,6b7c38e3-d0ac-4b6a-916f-ac43c990fd0f,an-april-friday-reviews,6a6f82e7fbe024a0,ok,,1418,364,0.00259,2026-04-18T21:47:10.309392
batch-20260418-v3,86c02a4e-2073-4cf6-92a7-54128d9bcb83,google-maps-presenta-gli-itinerari-accessibili,9bc4236e-434d-45ae-b19a-47cb0dd0a7a8,google-maps-introduces-accessible-routes,44c807e239489b44,ok,,1455,379,0.00268,2026-04-18T21:47:11.291343
batch-20260418-v3,86cff38d-fba1-4793-816f-eeaa57094185,come-bere-un-bicchier-dacqua,b768a2d4-eca8-463c-b639-5d0ef757df91,how-to-drink-a-glass-of-water,46ebeddf379fa877,ok,,2252,1009,0.005838,2026-04-18T21:47:13.447499
batch-20260418-v3,86d54604-ce34-4c14-b980-41cb341e5672,come-sogni-il-futuro-dei-tuoi-figli-alcuni-genitori-rispondono,f2298d57-1f5d-41bf-bde1-5d8450efd930,how-do-you-dream-of-your-childs-future,89f92456090824dd,ok,,3085,1662,0.009116,2026-04-18T21:47:14.390787
batch-20260418-v3,86e636f6-f3e8-401d-93b5-218c702d7aee,medico-ho-imparato-a-consultare-il-mio-cuore-intervista-con-oleh-romanchuk,e2601d05-39bf-4aee-aeec-22b2a388aace,doctor-i-learned-to-consult-my-heart-interview-with-oleh-romanchuk,34dd2c6e64f51482,ok,,3148,1549,0.008714,2026-04-18T21:47:23.839678
batch-20260418-v3,8705be6b-012f-4050-a743-b26c8ec81426,scout-a-lourdes,d9eb0572-af36-46bf-b7ad-2e4159b00824,scouts-at-lourdes,f934ffcfe64319a8,ok,,1694,558,0.003587,2026-04-18T21:47:41.701081
batch-20260418-v3,87077151-12c2-4087-b926-908669d0206a,mani-calde-recensione,eae38dd0-bc9f-4390-8173-6e9c399e7310,warm-hands-review,bb85632edf69cc4a,ok,,1366,339,0.002449,2026-04-18T21:47:46.541049
batch-20260418-v3,86e74c85-fae2-40bd-9b5d-4f3f2b35bae2,posto-mia-figlia-nella-chiesa,487b00dd-5fe9-42d8-b811-271d1210651a,my-daughters-place-in-the-church,54e7d2230af10036,ok,,3198,1570,0.008838,2026-04-18T21:47:32.531690
batch-20260418-v3,8748dd50-69a5-4882-9950-e7a4a82a0a13,come-pinguini-nel-deserto-recensione,c48cc9e8-ca6a-42fc-8ef5-786524a4d623,like-penguins-in-the-desert-review,58cce4278cc5e088,ok,,1354,331,0.002407,2026-04-18T21:47:52.055284
batch-20260418-v3,876b8f05-23c7-4769-8285-136ee554e16f,se-lo-diceva-coco-chanel,e521dbaf-42e4-4502-856c-ccf240ff0b71,if-coco-chanel-said-so,042e0119403e4eaf,ok,,1615,547,0.00348,2026-04-18T21:47:55.602387
batch-20260418-v3,871d3653-c202-4fcd-bf62-1ec5154d8223,vita-fede-e-luce-n-22-1979,fb0da351-cd69-4e46-96b8-df95cebd43f4,fede-e-luce-news-n22-1979,9544ae2007a60f9b,ok,,2397,1215,0.006778,2026-04-18T21:47:49.596453
batch-20260418-v3,877e450e-9d72-4968-b142-cd0fbcacbc5e,i-piu-difficili,f255cd22-e0f8-463c-a96f-5727b041a70c,the-most-difficult,8122be4f473fbd37,ok,,2693,1359,0.00759,2026-04-18T21:48:01.053972
batch-20260418-v3,87789714-c3bc-421f-b841-491776865e80,cosa-ti-aspetti,eb0c2b08-efe1-49b9-b3e9-2e93c095de42,what-do-you-expect,19f8630a8010ef58,ok,,2805,1476,0.008148,2026-04-18T21:48:00.946957
batch-20260418-v3,87857305-d77b-4515-bcba-e4f0086dcfbd,dinamiche-fondamentali,de5d1d6b-7e22-4410-9e9a-0110cb56f353,fundamental-dynamics,8b7b3456fe98a8a0,ok,,2444,1109,0.006391,2026-04-18T21:48:16.345632
batch-20260418-v3,879716ac-a22c-47dd-9285-b332cf6b244e,gli-autistici-esistono-finche-vanno-a-scuola,f5de61ee-e6a3-40fe-adc8-8d19136f7815,autistic-people-exist-only-while-theyre-in-school,788c02a8589c0c38,ok,,2702,1372,0.00765,2026-04-18T21:48:29.023374
batch-20260418-v3,8791a3ce-b4e7-4613-be8b-0ee78e0be1f2,vita-tra-fratelli,32480ea2-a478-4463-8ee9-d7dade5daffe,life-among-siblings,344b52e8bc7966eb,ok,,4750,2722,0.014688,2026-04-18T21:48:17.243504
batch-20260418-v3,87bc559d-0442-4f39-9093-47798d27270e,a-natale-alberto-stara-in-famiglia-lontano-da-noi,09292942-790a-4015-8885-4cacce30e2cb,at-christmas-alberto-will-be-with-family-away-from-us,3c91af5b3befc323,ok,,3051,1596,0.008825,2026-04-18T21:48:46.476294
batch-20260418-v3,87c55d17-ac4d-4545-8d1e-b5513a2be413,la-ragazzina-nuova,c1f7802b-8773-4cf4-adb5-918ae0aa092a,the-new-girl,b416024055d05d90,ok,,2152,923,0.005414,2026-04-18T21:48:59.003351
batch-20260418-v3,87e0b8b7-4bc2-47f6-b807-184726b67edb,cosi-e-sceso-dal-trono,ef058ca3-0e92-4622-8086-54e953d811cb,how-he-stepped-down-from-the-throne,49fde1507ab74a52,ok,,1684,603,0.003759,2026-04-18T21:49:09.771895
batch-20260418-v3,87dc18a1-824b-46c3-b58d-0ff427701aab,di-chi-ci-si-innamora,b2ee4418-1c08-495e-bc2a-f8359df64a6d,who-do-we-fall-in-love-with,07238ffe8436df55,ok,,2126,920,0.005381,2026-04-18T21:49:06.687386
batch-20260418-v3,883d585f-974b-4379-bb98-ccf24a70b03c,i-tuoi-figli,1fce3339-fb14-47e2-8fda-08147e1755fc,your-children,882b8689517f0540,ok,,1882,681,0.00423,2026-04-18T21:49:14.971210
batch-20260418-v3,88443e61-cd93-4431-abdc-5650088673f8,le-a-della-vita-recensione-libro,1cb6aeb5-4653-4d59-8af9-fd1794570285,the-as-of-my-life-book-review,036d20c459d7b497,ok,,1650,583,0.003652,2026-04-18T21:49:17.121471
batch-20260418-v3,88953eda-da4a-4303-8c8d-6fb2aef49a09,convivenza-non-coesistenza,b7e02424-dc6b-4e6e-af88-ee513e2596c3,living-together-not-just-coexisting,b991533134432d3c,ok,,2364,1020,0.005971,2026-04-18T21:49:21.601277
batch-20260418-v3,8859eed4-71ec-4103-8769-5abe314b7813,tu-ci-liberi-dal-male,0e7b71f1-544e-4e92-82d0-264b49c97c2e,you-free-us-from-evil,dc8d77b449c0f242,ok,,2650,1230,0.00704,2026-04-18T21:49:20.904244
batch-20260418-v3,889eb739-5531-4f78-8f6a-adaa4f1034dd,tutta-unaltra-storia,9e753a14-d3b6-4628-9f85-a4e8588d55f5,a-wholly-different-story,ca4e652183f07c79,ok,,1671,554,0.003553,2026-04-18T21:49:31.735460
batch-20260418-v3,88b01d42-15bc-4145-80ba-ec1bd0476de0,mi-hanno-aperto-gli-occhi,a0577765-460f-4edf-afa0-d73463fabdb4,they-opened-my-eyes,6674950f5a89df7a,ok,,1589,517,0.003339,2026-04-18T21:49:36.478403
batch-20260418-v3,88a12211-2294-40af-ac08-ee9f3a4d25a7,porte-aperte,c854127f-ef56-4301-9f41-d537e5594793,open-doors,ed024cc190a101c6,ok,,1963,737,0.004518,2026-04-18T21:49:35.256785
batch-20260418-v3,88d25536-dbec-486a-a01a-c510f80f4a00,moda-e-disabilita-niente-e-impossibile,b03fc615-7038-4246-a8bc-b501f36a7134,fashion-and-disability-nothing-is-impossible,2a7edabcdc451416,ok,,1523,467,0.003086,2026-04-18T21:49:40.774804
batch-20260418-v3,88d2c7bb-6de1-4d38-9e7c-4396690bcd6b,editoriale-auguri,1ce8e4bc-14b6-47de-8375-99a8603c4cc7,editorial-our-best-wishes,6367efd0f0164777,ok,,1374,325,0.002399,2026-04-18T21:49:41.944066
batch-20260418-v3,88d89d52-e65c-40b6-856a-548d444bae25,dalla-mattina-a-dopo-mezzanotte-fonda,1bca1549-ace5-4f68-bd0f-42036e2191cd,from-morning-until-well-past-midnight,a0462f39b5629759,ok,,2030,855,0.005044,2026-04-18T21:49:44.640968
batch-20260418-v3,88e57c04-3ecc-4a3c-a55e-2e01382d6b08,vacanza-problema-e-risposte,7be15460-e505-4356-a1b3-8fc9af0c06cd,holiday-problem-and-solutions,54193b6ce038287c,ok,,2274,994,0.005795,2026-04-18T21:49:45.350132
batch-20260418-v3,892f21fc-4751-4d3b-8641-1cff531d1cdc,adulti-lievemente-handicappati,02ddbf3e-a6ec-4432-90b6-72a9eba21c5a,mildly-handicapped-adults,95bbe96a2343b3c4,ok,,3016,1594,0.008789,2026-04-18T21:49:55.948552
batch-20260418-v3,88e96a7f-ea9a-4946-845c-b4cef542a4f2,abbiamo-un-cuore-inclusivo,2497c3ff-fa25-43ac-b986-4b4ed0752148,do-we-have-an-inclusive-heart,75fcd15711970328,ok,,3653,1935,0.010662,2026-04-18T21:49:53.424307
batch-20260418-v3,8930298a-5e32-4f78-935d-3e135028a24b,costruire-la-capacita-di-sperare-in-un-ospedale-psichiatrico,8de8875a-6f9e-4b12-9ed5-a81e1812455c,building-the-capacity-to-hope-in-a-psychiatric-hospital,4dc22560d2a41bff,ok,,2228,921,0.005466,2026-04-18T21:50:15.330668
batch-20260418-v3,8963b26f-d7cc-487e-987c-11129a17505c,con-le-porte-sempre-aperte,d76522e2-444e-4dd6-878d-df410dcb78fb,with-our-doors-always-open,4b38633a2d2ef1db,ok,,2239,967,0.005659,2026-04-18T21:50:18.979845
batch-20260418-v3,8966e48f-7442-4d7c-a81f-01a51fa2f1a6,preparazione-al-pellegrinaggio-fede-e-luce-ad-assisi-1978,2201fb27-1543-428c-8c42-361e49d77b79,preparation-for-the-fede-e-luce-pilgrimage-to-assisi-1978,c4a251cdd6521217,ok,,3142,1674,0.00921,2026-04-18T21:50:24.637784
batch-20260418-v3,89779148-a840-4894-9b34-7a0b703c8191,le-nostre-gambe-newsletter-estiva-n-22,d32ef5c3-f503-4308-b318-8361c4165137,our-steps-summer-newsletter-no-22,5ed67533a0234549,ok,,2839,1646,0.008855,2026-04-18T21:50:29.763892
batch-20260418-v3,897e6a6d-95ce-433a-be62-83c7050e071f,gaia-puccio-emanuela-e-molti-altri,4a33709b-27ad-4609-84ab-3171a738a073,gaia-puccio-emanuela-and-so-many-others,8dcd20ba694c8b45,ok,,1743,620,0.003874,2026-04-18T21:50:42.318350
batch-20260418-v3,89a87a4c-7335-483f-9dc0-f5fd25524036,parliamo-di-ri-educazione,5d3d0293-98c5-4570-a9d3-af3a2fb835ec,lets-talk-about-re-education,254f285033c86ac2,ok,,2721,1395,0.007757,2026-04-18T21:50:46.331264
batch-20260418-v3,89be8904-5603-4420-9ee9-e66ca677bdd6,come-essere-vicini-allaltro,a95df98a-261b-4f87-8f0a-cb6c74d5b239,how-can-we-be-present-to-one-another,de872f31334d3b10,ok,,2480,1133,0.006516,2026-04-18T21:50:47.770766
batch-20260418-v3,89c8d840-8349-43ee-b8ee-49d9cb09089d,vangelo-immaginazione-e-intelligenza,38b5ab2d-4f61-450a-b0fe-42fe72789755,gospel-imagination-and-intelligence,49b352994bac8c29,ok,,2694,1321,0.007439,2026-04-18T21:50:58.824715
batch-20260418-v3,89e7d87d-8bc1-4744-9037-40659a14c8c0,una-specie-di-erasmus-con-fede-e-luce,c67fd877-76b1-46a9-a212-fbb0c16299e7,a-kind-of-erasmus-with-faith-and-light,ae1128d883f93710,ok,,2944,1553,0.008567,2026-04-18T21:50:59.104323
batch-20260418-v3,89ec29c9-488e-411a-a3bf-ad4bb0a952d4,we-have-a-dream-cinque-storie-di-fragilita-ricche-di-speranza,01a95eeb-9727-4053-b4bd-b2652f37ae8d,we-have-a-dream-five-stories-of-fragility-rich-in-hope,3904eae8b5e66145,ok,,2171,920,0.005417,2026-04-18T21:51:13.852198
batch-20260418-v3,8a0b5455-9f1d-427a-8d30-0b7c57630c03,un-caso-di-coscienza,d4b39643-fd44-4d01-8a6b-8321f6dac545,a-matter-of-conscience,82a070b289b7cf8a,ok,,1482,401,0.00279,2026-04-18T21:51:19.447915
batch-20260418-v3,8a102bca-b5ef-4e29-b8fb-d515d5fd4d15,comportarsi-le-persone-cieche,611a36a9-0ecf-44af-ae5a-2b080005783c,how-to-behave-with-blind-people,007378f4aa58007b,ok,,2099,925,0.005379,2026-04-18T21:51:22.529451
batch-20260418-v3,8a29273c-3fe5-49e8-90da-23ad6453af9d,siediti-nei-nostri-panni,92e2d968-3d4f-4213-9024-189a11e368f7,walk-in-our-shoes-a-four-wheel-journey-through-piazza-di-spagna,c34940d4e109e8b5,ok,,2061,841,0.005013,2026-04-18T21:51:24.435220
batch-20260418-v3,8a2f71aa-cf91-422d-8b25-03b9a71a68df,scendi-ancora-un-po,00155701-4d45-4223-880e-850f34c3208a,come-down-a-little-further,78acb8b48b450644,ok,,1370,339,0.002452,2026-04-18T21:51:31.258433
batch-20260418-v3,8a32be82-43cd-4da6-bb21-e4d762297c03,gli-scartagonisti-recensione,6a6c486b-7b57-492b-bcc2-86185fc37881,the-discarded-as-protagonists-review,f8542309a7159122,ok,,1412,368,0.002602,2026-04-18T21:51:31.764270
batch-20260418-v3,8a5e9701-fb10-43ec-aab0-141c57d4806c,ragazza-aspy-di-agnese-spotorno-recensione,e84c19e7-5f4e-423e-b451-edb83d9750b3,ragazza-aspy-by-agnese-spotorno-review,8c92864f0440599c,ok,,1422,376,0.002642,2026-04-18T21:51:35.585692
batch-20260418-v3,8a64ac4c-8cb9-4955-a45e-4203aee2fa9b,assistenza-disabili-in-179-stazioni-ferroviarie,e42cacbf-705b-4e24-b99f-e716aad40fc3,disability-assistance-at-179-railway-stations,401eac6eb09aec68,ok,,1375,335,0.00244,2026-04-18T21:51:39.348513
batch-20260418-v3,8a701fe7-79dd-4689-a68e-1cc2b6a588a5,speechless-quando-la-disabilita-e-ironia,ce7bfc84-af7c-4639-abf1-bbfbda2f8563,speechless-when-disability-becomes-irony,cbcccf6f2262e2c5,ok,,1602,537,0.00343,2026-04-18T21:51:52.869393
batch-20260418-v3,8a86b342-5dd6-4f5a-8eb7-e713d7884765,mai-da-soli,b03a0bef-90f8-4459-8aac-cd565a86679c,never-alone,539eb8e048eafa9c,ok,,1967,721,0.004458,2026-04-18T21:51:58.701668
batch-20260418-v3,8a91b516-0cc2-4d76-9fa9-7b5239fab921,in-favore-della-cura-di-pazienti-non-collaboranti,8d644341-a7f2-4c81-863e-c3afebc9789b,advocating-for-the-care-of-non-collaborative-patients,6696b1739cf98714,ok,,2555,1197,0.006832,2026-04-18T21:52:04.982688
batch-20260418-v3,8a95de0d-4a05-43c2-9fd6-798e75ef4a0e,sordo-cecita-conoscere-per-prevenire,36b6306b-87fd-454c-beb1-ed988adeaeda,deaf-blindness-understanding-to-prevent,044bd38d26f92cde,ok,,1329,322,0.002351,2026-04-18T21:52:18.475037
batch-20260418-v3,8a428949-6ba1-4a4e-a2e9-26e609c2bed8,dialogo-aperto-n-90,5a50ee33-c5f7-46a6-a3d9-aa7c32c05c3e,open-dialogue-n90,f07fa2ab47bdc729,ok,,3284,1757,0.009655,2026-04-18T21:51:34.380201
batch-20260418-v3,8ab21944-38a0-4505-ba1e-75703b18ea7a,tutto-e-possibile-lettera-di-chiara,ff4e6ed1-8346-4ae5-83b1-32db8de9a3da,everything-is-possible-a-letter-from-chiara,afa619d2c3f910c8,ok,,1768,663,0.004066,2026-04-18T21:52:28.567070
batch-20260418-v3,8a9a4b65-6492-40b5-9e68-300592884c5c,la-vita-di-daniele-interviste-dopo-la-lettura-del-libro-chi-sarei-se-potessi-essere,19902d58-bc68-4612-876d-17920043e341,the-life-of-daniele-interviews-following-the-book-who-would-i-be-if-i-could-be,94a9e8331e479790,ok,,3105,1653,0.009096,2026-04-18T21:52:21.633437
batch-20260418-v3,8ac19c56-b5a0-4422-9475-29e94a2291c0,sotto-lombrellone,78db0b5c-1504-4def-91e1-8ea643a0c74c,under-the-umbrella,6a5d6eed92f3ed17,ok,,1315,343,0.002424,2026-04-18T21:52:43.368025
batch-20260418-v3,8ac02f52-63cc-4bef-8905-2718cdf9341f,psicosi-infantile-alcuni-consigli-utili,45d2ff81-2c35-409a-953b-814b359a5140,childhood-psychosis-some-practical-guidance,c0232b4358adc0df,ok,,2760,1349,0.007604,2026-04-18T21:52:33.782133
batch-20260418-v3,8b098758-906d-4619-a74a-2cb45a3e824a,il-libro-di-alice,69120eee-9a50-4728-bf3f-b28837450502,alices-book,a050ba4f155ecf2c,ok,,2039,819,0.004907,2026-04-18T21:52:50.638741
batch-20260418-v3,8b133595-44d9-4e1e-af74-c777458c46a1,il-festival-del-cinema-nuovo-dedicato-agli-attori-con-disabilita,c8684cc9-a32a-488c-bdec-12cc4786e83f,the-new-cinema-festival-dedicated-to-actors-with-disabilities,9c56de665cb6c999,ok,,1609,547,0.003475,2026-04-18T21:52:58.595822
batch-20260418-v3,8ad0f45d-96ef-4469-8dff-41bc06c99a6d,la-mamma-e-il-teologo,69249079-01b5-4436-b5d5-8188402240de,a-mother-and-a-theologian,e7211c1a576312f8,ok,,3305,1686,0.009388,2026-04-18T21:52:46.301994
batch-20260418-v3,8b3d635a-f1c4-42ac-93ac-67861eeab060,campi-di-giochi,e263e86f-7e36-4cab-9be3-af29e677f478,playgrounds,805c7e92f6506912,ok,,1537,586,0.003574,2026-04-18T21:53:07.347789
batch-20260418-v3,8b18ccb3-700c-4578-bccc-2d7458dcbff3,come-in-trasparenza-diario-di-un-malato-di-parkinson-recensione,e9f89fb5-37f0-4288-9f63-87f0051f32d2,as-if-in-transparency-diary-of-a-man-with-parkinsons-disease-review,02ddd64f09880f3e,ok,,1930,769,0.00462,2026-04-18T21:53:02.589892
batch-20260418-v3,8b49cad4-94d8-474c-89fd-d7c94544f97d,quarantanni-di-ombre-e-luci,9b822aae-13b7-4103-b60a-cd80e7c5658d,forty-years-of-ombre-e-luci,875d2d692cfdefca,ok,,1750,627,0.003908,2026-04-18T21:53:12.879023
batch-20260418-v3,8b490635-5faa-4f21-8f5d-1992a6fff3ec,quel-riserbo-che-ha-conquistato-mio-figlio,9b92df4b-cc90-4bb2-b6a6-2421c67e95c0,the-quiet-dignity-that-won-my-son-over,018804be17e9e43d,ok,,2032,827,0.004934,2026-04-18T21:53:11.171358
batch-20260418-v3,8b69dcb3-c762-4d01-8b6a-ed527eb5d99d,chi-risponde-alle-domande,eb05bcbb-d2fe-4a48-8164-96d14e8f7344,who-answers-the-questions,c26bf3107a0baace,ok,,2349,982,0.005807,2026-04-18T21:53:17.667631
batch-20260418-v3,8b845c55-a37e-4ba0-9ee4-5064da3055ed,i-fratelli-e-le-sorelle-di-ragazzi-con-disabilita-che-pensano-che-provano,7fcaf7a8-81d5-45ae-ba7b-946bf27a264c,siblings-of-children-with-disabilities-what-do-they-think-what-do-they-feel,cc26e25a51c0668b,ok,,2714,1312,0.007419,2026-04-18T21:53:19.434058
batch-20260418-v3,8b86fa89-e832-496d-b44c-6017ba1d3dd5,i-nostri-grandi-amici-san-giuseppe-da-copertino,895fe424-f735-4b13-8893-14c90f099d63,our-great-friends-st-joseph-of-copertino-the-flying-friar,1b8cde686f3bb2fe,ok,,2039,921,0.005315,2026-04-18T21:53:28.031839
batch-20260418-v3,8bbd98d2-f81a-4616-9388-cd6659e55870,dalle-province-n-127,a9ce95c9-ff56-4a1d-9647-a298b58a69a7,from-the-provinces-no-127,b50aae26589a84a5,ok,,2271,1028,0.005929,2026-04-18T21:53:36.639425
batch-20260418-v3,8b8ca43a-cb74-4018-877e-bb810249f27f,boston-chicago-arca,a6ccd878-857a-45c5-bffb-a2124cf47423,those-years-between-boston-and-chicago,eed85624bcd65c40,ok,,2845,1337,0.007624,2026-04-18T21:53:35.322602
batch-20260418-v3,8bd7497b-ffed-4f88-af16-15f311cbd085,atypical-stagione-4,f93beb52-1f38-4621-b955-6bcda95ddb16,antarctic-journeys-and-atypical-teens,b891685dd400472b,ok,,1873,643,0.00407,2026-04-18T21:53:45.908198
batch-20260418-v3,8bf22541-a7ac-4285-b1e9-95f9137988d4,recensione-topside,c675b7c1-91f8-403d-9661-ae52967f3273,topside-little-and-her-mothers-aimless-flight,d4ad9256aed687ba,ok,,1490,429,0.002908,2026-04-18T21:53:50.969604
batch-20260418-v3,8bf5cfce-9ca0-4069-a8e1-4f12f5951452,arriva-il-primo-avatar-che-parla-la-lis-e-capisce-le-emergenze,21417535-dfef-4e4f-bff2-0421cb047b03,the-first-avatar-that-speaks-italian-sign-language-and-understands-emergencies,5fa5f79d2c4c1ea8,ok,,1805,614,0.0039,2026-04-18T21:53:52.142340
batch-20260418-v3,8c264f10-c2fd-4502-b00f-eada47da43b3,lo-sapevate-che-2,28c9b943-adce-4650-bf75-952e36d4c1fc,did-you-know-8c26,db5c1da3e353f45b,ok,,1941,720,0.004433,2026-04-18T21:53:57.229982
batch-20260418-v3,8c1d257d-d2ba-4f0b-b813-f3c3d4e3347e,uscire-dal-guscio-un-laboratorio-speciale,a76cf9cb-dbce-4c99-9f8d-e586091ca4c3,coming-out-of-the-shell-a-special-workshop,5337393831b96c1f,ok,,2456,1082,0.006293,2026-04-18T21:53:54.742109
batch-20260418-v3,8c508cb2-c33c-46ce-9975-d722272ae688,a-cena-in-famiglia,c653707a-6061-4dd9-a5f3-144e573ba048,dinner-with-family,048bc50bc4cc0b93,ok,,1766,639,0.003969,2026-04-18T21:54:03.195797
batch-20260418-v3,8c63ca19-7279-4584-a2fb-ef22e329e8c7,la-preghiera-con-maria-teresa,e5f5153c-04bb-4682-ac2e-f497556349c3,prayer-with-maria-teresa,2b07cf8a640c5563,ok,,1399,377,0.002627,2026-04-18T21:54:09.578588
batch-20260418-v3,8c5916e7-2caa-42b0-bc10-4079a4f2b5f6,segni-efficaci,f2088276-f2ad-4f9f-a46c-e86ae657d2d4,efficacious-signs,814044dc100077c5,ok,,2656,1308,0.007357,2026-04-18T21:54:07.614041
batch-20260418-v3,8c85266f-4d78-4df4-8118-56c957a87f99,legge-sul-dopo-di-noi-issiamo-le-vele,ea18cc44-0e6e-4ce0-af0f-7da950dc3a8b,the-law-on-life-after-setting-sail,bff145025c82c99e,ok,,1875,701,0.004304,2026-04-18T21:54:21.214091
batch-20260418-v3,8c76e31c-82e8-437d-bf95-1b9bbd1366ea,io-sono-una-come-voi-una-mamma,d1932e0e-a2f8-4405-bc3d-52e9b26f005a,i-am-a-mother-like-you,fb94cfb8feaae576,ok,,3320,1757,0.009684,2026-04-18T21:54:14.114425
batch-20260418-v3,8c93f90f-13cc-4b64-a216-b1d5ed15019b,roberta,421895b2-1322-4a4b-a34b-4a4eba6861c9,roberta-8c93,53e36b95c9e207eb,ok,,2705,1381,0.007688,2026-04-18T21:54:36.597077
batch-20260418-v3,8c94d411-2425-403e-9b12-c2514f78d615,semaforo-rosso,f7143f42-f75f-464e-a4d2-4e4e5e00a6aa,red-light,14d42cafb1ceeb2f,ok,,1831,674,0.004161,2026-04-18T21:54:51.788951
batch-20260418-v3,8c9be935-f5f3-4c5b-becd-b90c8f7f067a,lavoro-e-disabilita-la-cooperativa-controvento,0044d6c8-af82-456e-ad98-87438fc5c871,work-and-disability-the-controvento-cooperative,ce58a0b902088903,ok,,2262,923,0.005502,2026-04-18T21:54:57.325177
batch-20260418-v3,8c862c01-fc08-4af0-8d3e-54330629cc01,cosa-e-fede-e-luce,4f6e296f-fbb8-4232-a864-5c8dc2a5de78,what-is-faith-and-light-8c86,eed4a3f84e12110d,ok,,5415,3323,0.017624,2026-04-18T21:54:28.158690
batch-20260418-v3,8caa4fe6-b622-4a4c-8dfd-ffe7f8754c3e,lourdes-miracolo-di-un-incontro,cb2695eb-86bf-4ed4-a027-9ac4fa9a6fcc,lourdes-a-miracle-of-encounter-8caa,8aab94bcdfe93882,ok,,2112,845,0.00507,2026-04-18T21:55:06.253120
batch-20260418-v3,8cacb601-e987-4ebd-a1f3-f8449cc8c1b3,figli-di-un-dio-minore-recensione,21e69da0-42b1-4775-8d3e-f64c1007f2a3,children-of-a-lesser-god,dfde7880220ce20a,ok,,1742,613,0.003846,2026-04-18T21:55:12.364092
batch-20260418-v3,8cdf486d-b314-4b65-8361-2774b14e09a9,storia-dellaborto-i-molti-protagonisti-e-interessi-di-una-lunga-vicenda-recensione,b81ff89c-54e7-40c0-b277-40b044d9bac0,the-history-of-abortion-the-many-protagonists-and-interests-in-a-long-story-review,5ddf25eed7a6cd52,ok,,1377,338,0.002454,2026-04-18T21:55:18.317133
batch-20260418-v3,8cf1c49e-ed7b-4b86-9d0c-1f1717d9df8a,dio-mi-ama-cosi-come-sono-recensione-libro,3d253e7a-a2b5-4d61-bb57-f08985675576,god-loves-me-as-i-am-book-review,cd1b676537baae4a,ok,,1504,431,0.002927,2026-04-18T21:55:21.913087
batch-20260418-v3,8ccd140e-19d7-43a2-9dd3-1913d4b91e17,ci-hanno-scritto-n-19,d2b9a0fe-7e1e-423d-b195-c52720177487,nineteen-letters-to-us,b81adff862856331,ok,,2661,1206,0.006953,2026-04-18T21:55:14.493305
batch-20260418-v3,8d375b94-f6b9-4534-ab88-34f6307f365a,lincontro-a-villa-pacis,ab65382b-9121-459b-9565-9721502809ec,the-gathering-at-villa-pacis,de22d5181c7fad50,ok,,1648,528,0.00343,2026-04-18T21:55:25.223759
batch-20260418-v3,8d84b62a-caa8-4850-8a44-de663fb43f4f,le-chiavi-di-casa-film,84039797-487c-44d9-b760-8796be6b2fef,the-keys-to-the-house-film,968baad454eada79,ok,,1618,533,0.003426,2026-04-18T21:55:29.682547
batch-20260418-v3,8da656cf-29c3-4375-8a20-601cc99b2612,jerome-lejeune,b5b74973-172c-4dd9-b064-9052d6bd92c8,jerome-lejeune-8da6,a1fb4eda8482a59f,ok,,1686,579,0.003665,2026-04-18T21:55:34.163548
batch-20260418-v3,8d47917b-ec01-4959-977d-9e6f45ee00b0,la-luce-simbolo-del-pellegrinaggio-di-roma-1975,94ec11e5-498c-454b-b08f-8893156b2fb1,the-light-symbol-of-the-1975-rome-pilgrimage,89362385998d7d03,ok,,2967,1685,0.009114,2026-04-18T21:55:28.154229
batch-20260418-v3,8dabc561-d981-45bf-979a-39af877da896,dondolando-tra-lamore-e-lodio,0549254a-b453-4610-959a-5c37d1ad70a8,swinging-between-love-and-hate,692cac5b4f327ece,ok,,1837,670,0.00415,2026-04-18T21:55:39.310298
batch-20260418-v3,8def42d4-4702-492e-a031-e3cac710eb16,sono-tornata-al-mare,a3469992-18d8-4e2c-b2c9-a5634030921b,im-back-at-the-sea,fcb5af93e7e1d397,ok,,1862,740,0.00445,2026-04-18T21:55:45.325992
batch-20260418-v3,8df9fe32-86df-49e4-9c48-dd8680c0c9f0,il-giocare-del-bambino-autistico,9cdf7d0c-6802-41c2-9c30-95aa8ce04cfe,play-and-the-autistic-child,7f9992ff13873603,ok,,2348,997,0.005866,2026-04-18T21:55:51.921428
batch-20260418-v3,8debfd45-34b2-4c2a-90be-e75a142f0a07,catechesi-anche-per-le-persone-autistiche,7aeaa6dc-345a-48b6-9e57-96fa219ca417,catechesis-for-people-with-autism-too,040f373571399fc3,ok,,2940,1469,0.008228,2026-04-18T21:55:44.410685
batch-20260418-v3,8dfc6b9e-4939-4ede-99f8-359efe100f58,ho-12-anni-faccio-la-cubista-mi-chiamano-principessa-storie-di-bulli-lolite-e-altri-bimbi,464e99f9-6656-4d28-a86b-f04ee7976dad,im-12-years-old-and-i-work-as-a-dancer-they-call-me-princess-stories-of-bullies-lolitas-and-other-children,1120ae475e3e373a,ok,,1567,533,0.003386,2026-04-18T21:56:01.759378
batch-20260418-v3,8dfb26c8-158e-448d-bdac-f8ed0915335b,non-cercare-il-sale-nella-minestra,94abd57d-f915-44b3-ac45-44a052f4d098,dont-go-looking-for-salt-in-the-soup,b051fb87101af48e,ok,,2335,1052,0.006076,2026-04-18T21:56:01.725194
batch-20260418-v3,8e183947-72ff-49f2-ba1c-f8376fc0006e,per-la-loro-educazione-visita-allistituto-statale-romagnolo-per-non-vedenti,c240d497-dc5e-4a50-bafe-5cd51508af96,for-their-education-a-visit-to-the-state-institute-for-the-blind-in-romagna,ca42488eb47335ba,ok,,2944,1513,0.008407,2026-04-18T21:56:06.615735
batch-20260418-v3,8e45bb0b-d8c0-423d-bd45-c8e70f1f8a96,giovanni-paolo-il-e-le-persone-disabili,d41f8daf-4e0c-400c-b9f8-ac26a3adb815,john-paul-ii-and-people-with-disabilities,1faae9148de41f93,ok,,1623,486,0.003242,2026-04-18T21:56:24.102518
batch-20260418-v3,8e2c4c18-2cfd-4d17-9105-9d715b785738,dopo-di-noi-i-diritti-che-ci-sono,677c9c65-079a-47d5-9e23-121f1d4dc208,after-us-the-rights-that-exist,80c6d47bb36c13a1,ok,,3301,1722,0.009529,2026-04-18T21:56:13.937284
batch-20260418-v3,8e6d67c9-e95e-4abd-9ff8-1e9f41fec4f4,la-rivincita-di-tommi,85b79b25-4348-48fe-baf6-fd760a5b209d,tommis-moment-of-grace,0161f25fbb80bedf,ok,,1791,677,0.004141,2026-04-18T21:56:30.263315
batch-20260418-v3,8e731cf6-d082-4d87-96fe-9550ad8ee539,cortocircuito-recensione,4e49b7dd-87f5-4c8b-989e-48789f5d404d,short-circuit-book-review,58c6d90692a16449,ok,,1422,344,0.002514,2026-04-18T21:56:34.663298
batch-20260418-v3,8e92b2b3-a5e8-4674-b72a-2a4e925470e3,claudio-lavanda,f4ba353c-91c4-41e2-b90d-e9226f7e0204,my-cousin-claudio-scented-with-lavender,30828eeed2aaf9d4,ok,,2390,1153,0.006524,2026-04-18T21:56:38.425130
batch-20260418-v3,8eb9ea79-38d7-4e9e-836e-fabc5ed9d8ad,natale-russia,be491b73-8f81-4312-b6d8-bb53880cd7a2,happy-new-year,fa5a510125fc2576,ok,,1828,639,0.004018,2026-04-18T21:56:51.272086
batch-20260418-v3,8e739a04-3283-49e9-9e74-80838780deba,cose-un-handicap-non-lo-so,e3a07b8b-25d8-4b26-8db6-3116859e0735,what-is-a-handicap-i-dont-know,337708786073660a,ok,,4041,2484,0.013169,2026-04-18T21:56:37.073690
batch-20260418-v3,8ecd10e3-01c2-44cd-a973-00282351c6a9,e-una-offerta-unica,6b5465ae-ba59-4aca-a92d-e32d86973264,it-is-a-unique-offering,0604e389d3f63e6f,ok,,2039,864,0.005087,2026-04-18T21:57:10.559129
batch-20260418-v3,8ee6eb07-8860-4243-8c54-8a0571809a74,una-pizza-un-caffe,50bea4ec-f232-41b3-87e6-ae4f69f5b40f,a-cup-of-coffee-a-slice-of-pizza,dff7bdcf42d05426,ok,,2363,1088,0.006242,2026-04-18T21:57:17.448876
batch-20260418-v3,8ebe40db-3470-4fbb-9a10-68e4cb7286aa,il-bambinello-di-marija,7b0098ee-a488-48f1-8f24-b5461798f5b2,marijas-little-jesus-child,1b055e02a8fc17b4,ok,,3696,2179,0.011673,2026-04-18T21:56:57.379263
batch-20260418-v3,8f4260c8-7194-4bfe-aef9-649156067392,le-eta-della-vita-per-molti-ma-non-per-tutti,50153a48-6afc-4c13-9ec3-08f3c4958b32,the-ages-of-life-for-many-but-not-for-all,c5b94ae378e7c2e7,ok,,1975,820,0.00486,2026-04-18T21:57:29.843287
batch-20260418-v3,8f24754a-c0f4-485c-9354-eeb42d6c614c,un-matrimonio-diverso,511af355-1de9-4af5-b3e5-5906ae979bbd,a-marriage-like-no-other,40ff3e9b03d9c2c3,ok,,2015,806,0.004836,2026-04-18T21:57:29.463227
batch-20260418-v3,8f4a95af-fdf3-4b02-8ea6-b4ef1c513648,una-bambina-da-incontrare,1847438d-bfc1-4ded-8b58-f5302c1875be,a-girl-to-meet,0dced723bf0444a7,ok,,2376,1072,0.006189,2026-04-18T21:57:36.914889
batch-20260418-v3,8f4b037e-45a2-48c2-b1f9-7546b12eb2e2,a-tavolaaaa,0f8062da-3ced-4f99-a894-38ad9f611e6f,to-the-table,5d2f2c246e36ed42,ok,,2952,1565,0.008622,2026-04-18T21:57:37.426171
batch-20260418-v3,8f6993d9-c794-4bee-82ba-03df5a567163,sono-tornato-stasera,42f8dce5-d86b-46ec-bfc7-01433c1a3e0b,i-came-home-tonight,cebeb4b4cb41c6ae,ok,,2731,1440,0.007945,2026-04-18T21:57:55.111606
batch-20260418-v3,8f5ec9a6-2686-44f7-a2f5-6e3b26495fe1,la-nostra-casa-baskin,7c5a248a-2c94-4f37-bab2-2cf7f7b1be18,baskin-in-our-home,dcd05b2affc8ce0c,ok,,3369,1792,0.009863,2026-04-18T21:57:48.931690
batch-20260418-v3,8f73f81b-c7a8-4118-9f14-35ade0b0843b,un-bravo-lavoratore,d4a7fa3a-d053-49c2-b398-5372b5bbace6,a-good-worker,a04b8ba1b82b3c92,ok,,1557,518,0.003318,2026-04-18T21:58:10.365325
batch-20260418-v3,8f832d05-998e-43a8-91a5-c85cd0ac4dfb,fuori-fuoco-recensione,514887d7-bd65-4e65-88f3-e9872f6a3753,out-of-focus-review,a8b503c62e4735f2,ok,,1331,324,0.002361,2026-04-18T21:58:15.844127
batch-20260418-v3,8f729b6c-ba37-4c70-b0ad-188367e3e775,sollecitare-la-speranza,6e009927-f6db-4b3e-9823-8547b7a91393,awakening-hope,9575ad6cbdbe8310,ok,,2377,1035,0.006042,2026-04-18T21:58:09.224394
batch-20260418-v3,8f8eca9f-c061-4679-a30e-217e5c2c6543,dio-ci-ama-tutti-incondizionatamente,10141c3d-bdd8-4ddd-9f91-e28fc0433df5,god-loves-us-all-unconditionally,b7b6ce6dece1ff20,ok,,1985,799,0.004784,2026-04-18T21:58:19.711130
batch-20260418-v3,8fdb572c-31a2-466d-b8c7-26eed5b22e2c,cooperativa-il-trattore,5e26fb65-9982-4bdb-b2e8-121aa6497910,the-il-trattore-cooperative,3fa679b11e3e30cf,ok,,2112,800,0.00489,2026-04-18T21:58:20.803889
batch-20260418-v3,8fed3958-b3ba-4588-88c4-d32293656f74,il-mio-primo-caffe-con-mariangela,3290585d-c1e2-4ed2-9d03-e5884e2addf5,my-first-cup-of-coffee-with-mariangela,03e77785bd42ea94,ok,,1443,409,0.00279,2026-04-18T21:58:26.152483
batch-20260418-v3,8ff6ce1b-18e3-4ed6-b6ae-cb54941fdcc6,se-avessi-ascoltato-la-mia-disperazione,290be298-9c33-4b4b-b9ed-39a31e8b5c67,what-if-i-had-listened-to-my-despair,947163d681f04823,ok,,2662,1312,0.007378,2026-04-18T21:58:30.204801
batch-20260418-v3,9016f0eb-fb01-484b-b21c-34b984236862,dialogo-aperto-n-93,8469875d-90a1-405a-b732-d2dbc6f86e3b,open-dialogue-no-93,7c39a20d75562896,ok,,2856,1460,0.008125,2026-04-18T21:58:30.456843
batch-20260418-v3,902b511d-ed8e-40d4-88bd-403c6afa2360,un-oro-al-giorno,2c30675e-e414-44a5-80bb-7ed850801295,a-gold-a-day,36e91a0265c8ba70,ok,,2649,1180,0.006839,2026-04-18T21:58:44.178293
batch-20260418-v3,903c08fc-4e35-45fe-84db-6fc01b375285,teresa-una-storia-di-lavoro-integrato,b9632241-a142-4984-b964-427da6f75a4a,teresa-a-story-of-integrated-work,421ad271b4b60b7d,ok,,3734,2159,0.011623,2026-04-18T21:58:47.478386
batch-20260418-v3,90524970-f60f-4c3f-b438-7d5f14f4e857,editoriale-le-nostre-paure,98b00a70-eb1f-4c15-921f-226fb33de419,editorial-our-fears,4955669289916fc1,ok,,1710,609,0.003804,2026-04-18T21:59:19.251081
batch-20260418-v3,9045d12a-484c-40ea-87ca-a2ce1fa97390,dialogo-aperto-n-106,42ecd6da-5dab-4c04-9bd3-a9ffe3851c03,open-dialogue-no-106,cbc58b61cde99422,ok,,3773,2114,0.011474,2026-04-18T21:58:58.728755
batch-20260418-v3,906bbacd-cf41-4e9a-883a-4c7325168afa,nella-mia-parrocchia-non-sono-piu-accolta,f011025f-2855-4cb6-92f8-80fa36692f18,im-no-longer-welcome-in-my-parish,3feda7fb4b64e7d6,ok,,2241,930,0.005513,2026-04-18T21:59:23.781018
batch-20260418-v3,90a9d198-78bd-44ee-9e3a-68043587eeb9,la-paura-di-amare-recensione,31640d9d-1605-46db-b0d6-1fa3629ab30f,the-fear-of-loving-review,a50c6fb17661c515,ok,,1284,296,0.002211,2026-04-18T21:59:34.071966
batch-20260418-v3,90be02e5-955c-4092-ae80-55e8e4e3dd0a,la-figlia-del-silenzio-recensione,4d82ecc0-e864-4ca8-845b-4aa26eca1cbe,the-silent-daughter-review,a78ab32cd9931db4,ok,,1379,362,0.002551,2026-04-18T21:59:37.416467
batch-20260418-v3,90f520aa-d162-48e9-af7f-c3d2b07a1dbd,si-legge-tutto-dun-fiato-recensione-del-libro-blessings-di-mary-craig,fa362e03-a2b3-41b6-bfde-5991302d4d97,a-book-you-read-in-one-breath-review-of-mary-craigs-blessings,5957fa8bc60bc3e2,ok,,1736,626,0.003893,2026-04-18T21:59:40.750564
batch-20260418-v3,9117a160-6247-40f5-95eb-67d49519f498,la-lotta-del-padre-cittadino-per-far-vivere-meglio-i-nostri-figli-disabili,ece18b1a-1b50-46c4-9f05-928f4cf148b0,the-father-citizens-struggle-making-life-better-for-our-disabled-children,abe4512615bf809e,ok,,2146,916,0.005381,2026-04-18T21:59:46.813209
batch-20260418-v3,90a7df80-13bb-4b0b-afaf-8238f4279a3f,vita-fede-e-luce-hola-madrid,43338590-e22d-4818-8197-ed8fc689a9f6,life-in-faith-and-light-hola-madrid,e8945554772f50fb,ok,,3850,2062,0.011328,2026-04-18T21:59:31.337133
batch-20260418-v3,9125a582-b25a-4274-8136-41e98ba3b2b7,serve-davvero-pregare-per-la-pace,36ccf3ed-b66a-46bb-bce8-9cd2a4f832fe,does-prayer-for-peace-really-matter,ee8abcd1c010d896,ok,,2212,880,0.00529,2026-04-18T21:59:56.435444
batch-20260418-v3,9136175b-7c39-4897-8944-984fefc22a7a,viaggio-italia-recensione,3592b283-83dc-4d19-8d04-62f8732b4698,viaggio-italia-around-the-world,8cbec6a89c5cbd25,ok,,1281,279,0.002141,2026-04-18T22:00:02.572211
batch-20260418-v3,913758d5-b93b-43bf-926d-5b2bc6bd3048,la-fortuna-di-avere-daniela-lettera-di-una-mamma,44398479-558d-40bf-8f1d-d9dbd14baaf0,the-blessing-of-having-daniela,dd05fa81a128b773,ok,,3296,1709,0.009473,2026-04-18T22:00:05.199094
batch-20260418-v3,91501a55-3261-4afd-846e-31b6ac82bfbe,aiutami-a-giocare,6d52eb5a-b46a-466e-a3fb-0668ca93e5c3,help-me-play,19a9c1c0bab9720b,ok,,1431,352,0.002553,2026-04-18T22:00:26.565769
batch-20260418-v3,9195fd5e-2e39-4c57-abcf-b5be9a89da69,ho-tante-cose-nuove,11f19768-174b-46f0-b8f1-bd9611e99e69,i-have-so-many-new-things,1bc9d184a7d88005,ok,,1643,552,0.003522,2026-04-18T22:00:29.959584
batch-20260418-v3,91a16735-afba-41d1-af2e-0b6720fd390e,il-piccolo-adolph-non-aveva-le-ciglia,1da05045-a9a6-4579-93a7-6339e4ce7418,little-adolph-had-no-eyelashes,a1ba938f845b9f98,ok,,1742,662,0.004042,2026-04-18T22:00:34.697055
batch-20260418-v3,91df13d8-9791-4880-9f6d-871a62e0c3a3,andare-dal-dentista,af0f7b50-ed57-4066-a079-d3aa1ef873dd,going-to-the-dentist,710f29e3c36b6117,ok,,2002,801,0.004806,2026-04-18T22:00:40.057317
batch-20260418-v3,91f710e3-73be-4276-a6c2-e220b3b0dbcf,grido-di-pace,7e06fb39-47b6-42a9-bbf3-6672c6ac6c4b,a-cry-for-peace,c5df072de3ec24ad,ok,,1805,672,0.004132,2026-04-18T22:00:47.693940
batch-20260418-v3,922b00ae-57f7-49a4-9c7a-9164bc21574d,regione-liguria-via-libera-a-progetti-per-disabilita-e-anziani,11a60d6f-ca4f-415e-845a-b1ace4dba544,liguria-region-approves-projects-for-disabled-and-elderly-persons,6d8c30fef96ccf09,ok,,2106,809,0.004921,2026-04-18T22:00:52.321034
batch-20260418-v3,92418e84-baa7-4b1d-ba35-bc7cf72b201d,cosa-e-e-come-funziona-una-comunita-fede-e-luce,91e8ca4e-d0bb-40bf-8820-e1663a3c3a55,what-faith-and-light-is-and-how-it-works-as-a-community,5156addb4a5d72fc,ok,,4029,2281,0.012347,2026-04-18T22:01:00.458062
batch-20260418-v3,9261158f-ec0c-4373-86c2-f7ec184eb23f,proviamo-unaltra-volta-proviamo-unaltra-strada-sesso-e-affetto,cf6a47fc-ca28-4179-b966-fb6ddf34e950,lets-try-again-lets-try-another-way-sex-and-affection,7bed27c8d12004b6,ok,,1955,745,0.004544,2026-04-18T22:01:29.110762
batch-20260418-v3,927c26be-9da0-43c4-b100-65bb05629730,la-bimba-delle-lumache-recensione-libro,f5f81dfa-d286-4992-a295-0b859eeb287c,the-girl-with-the-snails-book-review,2042486c47f163f2,ok,,1347,339,0.002434,2026-04-18T22:01:35.474455
batch-20260418-v3,929b7a23-7008-4eeb-ad2e-8c18ca9fd822,nonostante-lhandicap,b0031fb5-142f-4386-9e01-8d8ad7b24d35,despite-the-handicap,e4d6833de09b787c,ok,,1999,830,0.004919,2026-04-18T22:01:39.473652
batch-20260418-v3,929d7193-2668-494e-9a6e-13289b625894,io-ho-pulito-il-tavolo,04fb03ce-7ed7-4b68-942a-4b3031a94dfd,i-cleaned-the-table,3e879e6037d86aa9,ok,,1864,723,0.004383,2026-04-18T22:01:47.073633
batch-20260418-v3,91425b78-d042-4b9f-9a7e-dfaf929769c6,recensione-il-coraggio-di-essere-uguali,ef473f58-1e07-4757-bf53-e03da4928f06,the-courage-to-be-equal,2de109cbd7da793a,ok,,4088,2304,0.012486,2026-04-18T22:00:05.554407
batch-20260418-v3,92e6c3be-4f5c-43e1-afb6-a75dc311ae46,catechesi-disabilita-confessione,5af5a26e-cb41-4f6c-9075-3ee65ec70b8c,catechesis-and-disability-confession,fa464d47127b11e2,ok,,1892,782,0.004642,2026-04-18T22:02:03.018763
batch-20260418-v3,92b654cc-b8f6-4695-ba26-143b2c0f2967,dialogo-aperto-n-94,bf273741-ae0d-4439-94c5-ce41b8e6b29c,open-dialogue-no-94,252e8064b56450dd,ok,,2799,1388,0.007791,2026-04-18T22:01:53.341970
batch-20260418-v3,930e27d2-7450-45d0-8f46-7d52f0657c87,alla-fine-medaglie-per-tutti,5f3e4ff5-3d12-460c-95b7-c9e8729b9e0d,in-the-end-medals-for-everyone,b5118a9aecd08899,ok,,1948,749,0.004554,2026-04-18T22:02:10.301864
batch-20260418-v3,9307c42b-946d-42c9-a239-b39160e7f0a6,e-adesso-viene-il-bello-newsletter-estiva-n-35,9583d284-3b9f-4498-a09e-e41aef5d8e6f,and-now-comes-the-best-part-newsletter-n-35,2cd420fef63c05a7,ok,,2272,1155,0.006438,2026-04-18T22:02:09.060856
batch-20260418-v3,934ce229-b12e-49a7-9234-a4eb7b4eba89,lavorare-con-gli-altri,f99b2b89-e79e-4be1-9b8e-3bcb535f343f,working-with-others,284696e5c7aa463d,ok,,2190,864,0.005208,2026-04-18T22:02:17.235181
batch-20260418-v3,9350dfb2-5990-493a-b39c-12a18047c0e7,fare-rete-con-la-rete,a1822355-a0e8-4c97-911e-9f4463777a84,networking-through-the-network,c7351f285c889058,ok,,2525,1118,0.006492,2026-04-18T22:02:18.115895
batch-20260418-v3,936598df-e04e-4b3a-a60d-59a3337963c3,luoghi-della-relazione,c4dda6a1-6aef-49cb-827d-bab3b1c8c2e4,places-of-relationship,96490b74f6d9a9f9,ok,,1455,413,0.002816,2026-04-18T22:02:32.422417
batch-20260418-v3,93516f5d-fd6f-4296-931a-3d862c78fe50,quello-che-non-uccide-recensione,a41e447f-fe1e-4ed3-bc0c-8b5a32fee9df,what-doesnt-kill-you-by-david-lagercrantz-review,aef4ad2b2a81e9fd,ok,,2282,1078,0.006138,2026-04-18T22:02:27.301203
batch-20260418-v3,93672432-e508-4055-932e-73a0e7cc1ce7,sofia-cavalletti-strumento-tra-i-bambini-e-dio,b4ba192d-9521-415a-b63c-870325b7bfdb,sofia-cavalletti-a-bridge-between-children-and-god,c02019562dc381e0,ok,,2124,1069,0.005975,2026-04-18T22:02:36.186331
batch-20260418-v3,9372c093-e49f-47bf-9352-7cec3780a7d2,la-sfida-dellarca,a176e09e-5711-49cb-a990-2f9298d624d7,the-challenge-of-the-ark,258f80242d82430e,ok,,1979,794,0.004759,2026-04-18T22:02:43.864094
batch-20260418-v3,9373bd0d-f9f8-4ae5-be7e-25360da8149e,presenza-reale,b75f74b0-0c6a-45ef-9eff-cff92778acc4,real-presence,001925a9189f13c0,ok,,1793,653,0.004046,2026-04-18T22:02:49.618825
batch-20260418-v3,9370f693-87f8-4f58-86cb-21fb19d29958,alzheimer-il-passato-perduto-per-sempre,1a589fda-065c-499e-9e6e-c158bbd005e0,alzheimer-the-past-lost-forever,2999ad8b99054b60,ok,,3937,2123,0.011642,2026-04-18T22:02:37.521776
batch-20260418-v3,93760bde-3cf8-405e-83aa-a5076f723aa1,vita-fede-e-luce-n-66,ff6272b2-08f1-4be0-9e16-765830b2b956,life-in-faith-and-light-no-66,8823a0fcf572bc69,ok,,2662,1319,0.007406,2026-04-18T22:02:54.511903
batch-20260418-v3,9394a4bb-5d83-4356-b161-d270a4ea01fa,la-scelta-di-alessandra,54b4b533-5f5d-4a66-b867-fd4744ec37a6,alessandras-choice,1305d2674fa7542e,ok,,1728,618,0.003854,2026-04-18T22:03:10.072035
batch-20260418-v3,9396bc9b-81e9-435e-8cd3-cc5c026e02a1,la-vittoria-di-marie,73536de6-8900-45bf-906c-18133fa5dab6,maries-victory,1144fcaff785f643,ok,,2126,872,0.005189,2026-04-18T22:03:15.861042
batch-20260418-v3,937ccedb-7536-4ad9-95ab-187885d06b22,sulla-sua-strada,1e5db3b5-9892-47ef-81a6-a254136f793e,on-her-path,a756993a37f68c5f,ok,,2626,1294,0.007277,2026-04-18T22:03:09.870646
batch-20260418-v3,9398c7db-c8b1-41c0-a6ad-035096e8fd0e,un-bambino-speciale-in-famiglia,b2327095-6a07-4452-a956-46cdff045d47,a-special-child-in-the-family,96b2be1a0f789cb1,ok,,1317,285,0.002194,2026-04-18T22:03:24.346650
batch-20260418-v3,93b899d7-7bb4-4fa8-96ee-260ee2463875,chi-cura-le-anime,9ded1ac9-2315-4223-a359-c5d4ab7b3675,who-cares-for-souls,86fadd491748ef38,ok,,1520,436,0.00296,2026-04-18T22:03:27.338944
batch-20260418-v3,93bdd203-ba07-42b0-bfed-0d3c7ff22906,sulla-croce-come-gesu,59901a65-03a5-46be-a3fc-85e115d37d24,on-the-cross-like-jesus,2ce57e4662d99308,ok,,2216,948,0.005565,2026-04-18T22:03:31.704075
batch-20260418-v3,93d0016b-a2b4-4bcf-9f59-1f278ea2b396,laiuto-spirituale-dei-nonni,19d9cbbb-ce95-49fb-bb5e-e8c4a858444a,the-spiritual-help-grandparents-can-offer,4d39f7915639ae3a,ok,,2501,1162,0.006649,2026-04-18T22:03:40.724564
batch-20260418-v3,93b88278-f473-43dd-83ef-ea147b64ef00,festa-del-cinema-roma-2023,b35ade67-2b80-46f8-8c48-c82526c87e3b,from-the-rome-film-festival,a5f9172fe003a644,ok,,4002,2514,0.013258,2026-04-18T22:03:24.443303
batch-20260418-v3,93d081f7-c691-4095-a86d-6ea19a0828d5,basta-poco-non-farci-sentire-soli,271342bf-95dd-4e21-9dc0-f332764f6758,so-little-is-needed-to-keep-us-from-feeling-alone,b06a40523e61011b,ok,,1760,656,0.004032,2026-04-18T22:03:53.282858
batch-20260418-v3,93ee9628-33af-469c-855f-850f31ddfc13,tra-il-dire-e-il-fare-non-ce-piu-il-mare,24b1a745-d9ea-45b7-b062-46abb832c9a9,between-saying-and-doing-the-sea-has-vanished,9ae6737ef99c2e56,ok,,2423,1073,0.00623,2026-04-18T22:03:54.440871
batch-20260418-v3,9459c0be-fee6-4a5e-9b06-19549f6a1ead,lamore-non-basta,e29e5587-82c4-4b0d-a2e6-71b9f8f4d663,love-is-not-enough,dd8a587105a56a9c,ok,,1581,530,0.003385,2026-04-18T22:04:05.372560
batch-20260418-v3,945f3bc9-3b04-40f5-a180-5b87e8b71747,e-molto-piu-bello-fare-il-volontario-che-il-presidente,712753c5-6e61-498e-acd2-b9e0f9d730ff,its-far-more-beautiful-to-be-a-volunteer-than-president,403136505b1475d5,ok,,1625,499,0.003296,2026-04-18T22:04:09.820111
batch-20260418-v3,93efd86f-48ed-451f-b5ac-5171a2f22ccf,sbagliando-sinventa,d54e1d2e-af8f-478f-86a4-f5e0a246d448,making-mistakes-invents,55c91a7e0ba91ccf,ok,,2827,1384,0.007798,2026-04-18T22:03:59.456128
batch-20260418-v3,947142e7-ef03-46e4-b9bb-21d06422fe8b,dialogo-aperto-n-1,b7f84351-bae8-454a-a891-69347d4f5b4c,open-dialogue-no-1,b0868c86fe1e3ea0,ok,,1274,255,0.002039,2026-04-18T22:04:14.084004
batch-20260418-v3,9482d2fe-0c8a-4f83-a2ed-8e6c4b874d35,il-valore-dellintegrazione-in-the-blind-side,c030fe9d-0cf2-4bcb-9311-b513cfa005cd,the-value-of-integration-in-the-blind-side,0665432257fb67fa,ok,,1572,507,0.003286,2026-04-18T22:04:15.923612
batch-20260418-v3,94934d6a-76d8-46ba-9b3f-f33dddc9aceb,non-voleva-bene-a-sofia,0678c37d-8d16-4185-907d-f0867590d257,he-did-not-love-sofia,4d52629048b0507d,ok,,1738,667,0.004058,2026-04-18T22:04:16.794242
batch-20260418-v3,94b7e70b-7b4e-4bad-b3fd-633437358c8e,quando-arrivano-fatti-coraggio,c449a632-f371-494f-98e2-44072af65856,when-the-brave-hearts-arrive,7739f0e6aa4a350e,ok,,1676,546,0.003525,2026-04-18T22:04:20.440998
batch-20260418-v3,94be75f6-3682-40ed-8512-b7b85e95391f,lora-di-greco-recensione,17654d47-ddef-4236-bc2f-3f76f4b8dadd,the-greek-hour-review,33f61dcd51d1a71e,ok,,1309,322,0.002335,2026-04-18T22:04:22.503509
batch-20260418-v3,94c83822-b7de-422d-b0b5-b32ce0b19aca,perche-non-ci-capiamo,63a370de-feae-4255-ae9d-6d9db33cb186,why-dont-we-understand-each-other,1a291443fce561ef,ok,,2483,1069,0.006262,2026-04-18T22:04:25.782535
batch-20260418-v3,94dcf0ea-9eb5-47b1-9af5-a159c890589b,conoscere-handicap-autismo,014ffc32-1fed-447f-a31c-a1fbd446c5ee,understanding-handicap-autism,7a2a23149f17e3c8,ok,,1553,474,0.003138,2026-04-18T22:04:36.689996
batch-20260418-v3,94ef5b2d-7b6a-4f31-b2e3-b3807c7e6bde,sergio-e-un-buon-giardiniere,47db979b-c998-4c0a-b7e8-1bc8b9bc7fd5,sergio-is-a-good-gardener,88d6cfb64b911de2,ok,,2367,1094,0.00627,2026-04-18T22:04:40.344984
batch-20260418-v3,95559245-ba98-4e5d-8bda-dcc733501b58,difficolta-loro-o-nostra,185e74a2-fd02-46e6-ae12-e467ba384162,their-difficulties-or-ours,a0e465bfb97015a6,ok,,4928,3013,0.015994,2026-04-18T22:04:51.884350
batch-20260418-v3,9572cd98-8080-4bae-b6b8-c9e2f151282c,come-me-anche-la-sposa-era-vestita-di-bianco,cb357501-8727-4b92-95ba-e721dc756662,like-the-bride-i-was-dressed-in-white,dead95d214e8041a,ok,,1675,580,0.00366,2026-04-18T22:05:33.695756
batch-20260418-v3,94c04912-a6b5-495d-86cc-912fabd1a933,ridere-e-una-cosa-seria,,,8d0f7521979776b3,error,Quality gate fallito: HTML: tag count: 12 orig vs 15 trad,,,,2026-04-18T22:04:25.335757
batch-20260418-v3,957b6045-de80-417b-b9a8-45f74c16d671,il-tempo-delle-donne-recensione,272bb656-0f29-4eca-a9a6-d1120c1e90b7,womens-time-book-review,16b7d0e07286890f,ok,,1445,402,0.002764,2026-04-18T22:05:38.110037
batch-20260418-v3,959e7216-27f8-4688-a67f-664335e06921,dialogo-aperto-n-39,e696c2a8-cb14-4c82-8bf5-c56aef7188e1,open-dialogue-no-39,5249a5e3c00d438a,ok,,2252,1000,0.005802,2026-04-18T22:05:41.051035
batch-20260418-v3,95d10373-14dc-4149-bc9f-f7b78401d146,nutrire_sogni,71c191ba-4315-4735-a20a-9793ee00defd,nourishing-dreams,0c45f385b4215c54,ok,,1731,635,0.003925,2026-04-18T22:05:51.769655
batch-20260418-v3,95d13d63-28f1-4ee6-b827-85c4a74d4c98,quel-gesto,57536c82-a53e-4120-82c5-1d99056e3d59,that-gesture,c8344e3b15bf3449,ok,,1962,839,0.004926,2026-04-18T22:05:56.471332
batch-20260418-v3,95cb39f4-cd36-4310-ad21-4a8504545e6e,posso-vivere-lssenziale-che-non-e-fare-per-ma-vivere-con-le-persone-piu-fragili,6a7af5ae-03ed-4a17-a1cf-e21effc02760,i-can-live-the-essential-which-is-not-doing-for-but-living-with-people-who-are-fragile,d30f7257696e51a4,ok,,3310,1712,0.009496,2026-04-18T22:05:42.500131
batch-20260418-v3,95d36d18-ced8-4539-9f1d-d764f1958282,con-tanta-voglia-di-fare,81e67045-766a-419e-9ea3-7a6cd1ea8312,with-such-eagerness-to-serve,5d71d9245bd3b9b4,ok,,1466,418,0.002845,2026-04-18T22:06:02.834983
batch-20260418-v3,95e18728-6bbc-4842-86bf-34f2f1e6aec5,la-luna-nuova-di-casa-betania,d46a938e-d703-42e5-bc62-128bc154f925,the-new-moon-of-casa-betania,7e76f07ba9f4c736,ok,,3859,2147,0.011675,2026-04-18T22:06:03.939844
batch-20260418-v3,95f095dc-0f23-405b-ac8a-2da4c4f1198c,altalena-giardini-montanelli-papa,9c069bd1-fb09-451a-8524-06af2e56af9c,the-case-of-the-swing-at-montanelli-gardens-a-fathers-testimony,aa358fd4cb945b14,ok,,2257,964,0.005662,2026-04-18T22:06:07.649623
batch-20260418-v3,95f357f4-93a1-46d8-ba76-a8ec76dcf309,qualcosa-e-cambiato,7f115d11-8755-43c1-a645-f88c23987102,has-something-changed,d4cb9334b6f22869,ok,,2263,868,0.005282,2026-04-18T22:06:32.630110
batch-20260418-v3,962b5077-47e8-4e75-a31b-290c555ffddf,falsi-moralismi-sul-bello-di-essere-down,065aefb2-7bfd-4594-9c78-797347f870a1,false-moralizing-about-the-beauty-of-being-down,e5165adceca1ef54,ok,,1703,579,0.003678,2026-04-18T22:06:41.924560
batch-20260418-v3,960f2461-4c15-4ee2-8f92-1313ef633cdd,kripton-un-film-per-ribaltare-linvisibilita-dei-disturbi-mentali,8ae0a755-f2b5-458f-a291-5e630a01f16e,kripton-a-film-to-overturn-the-invisibility-of-mental-illness,d6c57ebfc75cc4c2,ok,,2666,1538,0.008285,2026-04-18T22:06:36.319984
batch-20260418-v3,96418c1f-7b59-4dae-a690-4aa106174a58,quando-e-volontariato,471a757d-42e0-4c0b-a66d-15bb1c12c3b7,when-is-it-volunteering,dec3fefe7ec28635,ok,,2092,819,0.00495,2026-04-18T22:06:47.416373
batch-20260418-v3,964b2bda-4ee1-4b04-8d47-4c571aa152d1,trovai-lavoro-in-una-casa-farmaceutica,06862474-0280-4877-9eb3-5483d6dccc6d,i-found-work-at-a-pharmaceutical-company,4d09cce3918fa5b4,ok,,1922,724,0.004434,2026-04-18T22:06:55.035366
batch-20260418-v3,9648ac06-3bca-470e-89a1-b0d01d02bc8a,storia-di-unamicizia,f6f3e757-a834-408d-aec2-e5e86d13c7e0,a-story-of-friendship,c4d28323797e0e6b,ok,,2699,1267,0.007227,2026-04-18T22:06:49.750169
batch-20260418-v3,966d482d-e162-4e8f-adcb-0e0d80abc199,siblings-recensione,edab4332-a76e-4963-908f-b7a7bf18f8c4,siblings-review,8cc1bfea411456e3,ok,,1363,339,0.002446,2026-04-18T22:07:06.044994
batch-20260418-v3,968537f4-5563-49a8-8e5d-eca13956e4d5,visto-da-vicino,173052f8-dc98-44a4-92fb-d79d810a9baf,seen-up-close,2358d552ebd15d06,ok,,2044,823,0.004927,2026-04-18T22:07:09.354017
batch-20260418-v3,965f9683-e47e-41d5-a223-6040df70e7e4,mai-piu-soli,cca58967-6a64-4b51-9545-d4e0696c5cfd,never-alone-again,fb93610a22dbb670,ok,,2919,1560,0.008575,2026-04-18T22:07:01.669228
batch-20260418-v3,96ab302a-5a68-4490-8b2b-f3bee7a29bb8,irene-laura-gabriele-unesperienza-che-fa-crescere,b01d805b-22db-4ab1-9ae9-a4c23a5f745a,irene-laura-gabrielean-experience-that-helps-you-grow,84d2c20e2169abfc,ok,,1664,586,0.003675,2026-04-18T22:07:21.225753
batch-20260418-v3,96a0d311-fb0f-4397-b299-00af88ac17e1,una-comunita-e-essere-insieme,d39b6033-dda2-4fb0-beae-04dfce84b493,a-community-is-being-together,563025a28da5a7f3,ok,,2704,1325,0.007463,2026-04-18T22:07:17.903597
batch-20260418-v3,96b0e56d-89df-4e13-9267-796c409cb750,val-la-pena-di-vivere,137d2d6f-b050-4827-b946-4a6e68865f1d,is-life-worth-living,5972b60a236d1cdf,ok,,2133,922,0.005394,2026-04-18T22:07:26.891990
batch-20260418-v3,96c3550c-75ec-4f51-bfd5-1b62a76402c4,che-cosa-e-larche,997494e2-e26d-457e-bba2-54e5abf552a4,what-is-larche,03d0e07b1eb13d34,ok,,2720,1383,0.007708,2026-04-18T22:07:35.702843
batch-20260418-v3,96bd57ac-4550-4282-8200-700977f8f0e5,piccoli-passi-in-sicurezza,fe97f86b-71c4-4b48-8f2c-de5932517277,small-steps-in-safety,ab095333c31003a7,ok,,3127,1568,0.008774,2026-04-18T22:07:33.828077
batch-20260418-v3,96dba73e-ee2b-4629-ad23-f2e2ccb229dd,connessi-per-davvero,99bdbcab-9449-4741-a6c5-30b18a2338a5,truly-connected,75943389c9296b0a,ok,,2004,826,0.004907,2026-04-18T22:07:53.451243
batch-20260418-v3,96d8a8e8-a178-4eb4-80ce-a3ef35ce0435,quando-la-natura-da-rivivere,d5912a25-2e68-4aca-a49f-d208b2126cfd,when-nature-brings-us-back-to-life,0834e234575692f1,ok,,2511,1173,0.006701,2026-04-18T22:07:49.603461
batch-20260418-v3,96f992aa-5000-4302-a932-a89fb403fedc,bambini-autistici-scuola,bbdb49ed-f932-412c-9dac-eed66a6cb09e,autistic-children-in-school,58b7831e35676616,ok,,2188,909,0.005386,2026-04-18T22:08:00.787843
batch-20260418-v3,970a6592-5470-4293-9a36-57627cc5350f,cascina-rossago-un-bel-progetto-di-struttura-per-ragazzi-autistici,b2e9c7e4-8b7b-4a00-a960-fbedef3b9fc5,cascina-rossago-a-promising-project-for-young-people-with-autism,ba6f18ee1335240f,ok,,2559,1192,0.006815,2026-04-18T22:08:01.818562
batch-20260418-v3,976b4bf4-b06d-4288-a5a5-78aca957b4db,zia-giuliana-il-carrellino-della-nonna-e-le-mie-domande,30740e3a-dd97-4f71-b5d1-1aca05699394,aunt-giuliana-grandmas-walker-and-my-questions,304389009d41ea76,ok,,1724,640,0.003939,2026-04-18T22:08:14.116483
batch-20260418-v3,978f36d3-f991-4750-a21c-01fc4e423582,lourdes-1981-venerdi-santo,7ae31b74-ce5f-4fc1-994a-593291f41a31,lourdes-1981-good-friday,e1cf54345b3b1050,ok,,1955,841,0.004928,2026-04-18T22:08:20.407829
batch-20260418-v3,971222a0-9517-4b78-be64-6e3de2f3f74b,e-poi-arriva-il-natale-newsletter-n-27,48ba1a7d-8e2f-4905-96b7-f4a9f2f19e78,and-then-christmas-arrives-newsletter-no-27,dd7f2c0234c4245d,ok,,3075,1809,0.009696,2026-04-18T22:08:08.992399
batch-20260418-v3,9795608f-ab3d-4ee0-a59d-40ea96c29306,tutti-portano-tutti-ricevono,361db989-a19b-445e-be05-045b44fe3fc9,everyone-gives-everyone-receives,a5bf7dc674ee97b4,ok,,2321,1015,0.005917,2026-04-18T22:08:27.529417
batch-20260418-v3,97ab8f3f-fd7b-4807-8515-f8b3bb8068f9,gli-amici-dei-bimbi-reparto-gesu-bambino-istituto-santeusebio-vercelli,bea76963-4638-4fcf-8349-639a4b9e0bdc,friends-of-the-children-in-the-gesu-bambino-ward-at-s-eusebio-institute-vercelli,29d16f7542917b38,ok,,2071,901,0.005261,2026-04-18T22:08:38.573163
batch-20260418-v3,97b2c8e2-f8d0-4353-a070-3ba13d03b8f9,convento-una-seconda-famiglia-per-giampiero,872966b3-d047-4592-bc26-670dc0c7909d,the-convent-a-second-family-for-giampiero,35e6a3749d0affbc,ok,,3361,1916,0.010353,2026-04-18T22:08:46.037161
batch-20260418-v3,97e1be87-8714-4a8b-b3a0-86d66d0d80d1,si-puo-fare-da-vicino-nessuno-e-normale,24f0ba78-0e1e-4bda-b60f-5a1ab6dc4353,it-can-be-done-up-close-no-one-is-normal,ca29797a30972cc0,ok,,2322,1048,0.00605,2026-04-18T22:09:10.505998
batch-20260418-v3,979071db-58b1-41a2-830b-345794166e43,dialogo-aperto-n-19,f3bad3fe-bdd3-47bf-b5eb-d1c7d0570b6e,open-dialogue-no-19,d99283ca33f4ab05,ok,,3805,2162,0.011692,2026-04-18T22:08:26.569484
