job_id,it_id,it_slug,en_id,en_slug,source_hash,status,error,input_tokens,output_tokens,cost_usd,timestamp
retranslate-20260419-v6,022ab78d-54b0-4dc6-8171-7c1e142c9a02,un-antidoto-alla-disperazione,5e0b9c7b-1967-475c-a6e9-f38b19eefd2a,an-antidote-to-despair,63716e8ce530a6ce,ok,,2728,575,0.004482,2026-04-18T23:28:08.172821
retranslate-20260419-v6,022c182e-41bb-411f-83cc-40e25bd3b246,fausta,e7af2107-4d88-44dc-a724-e65c25f63f56,fausta-022c,0a1d3572c4dd5b3c,ok,,3263,900,0.00621,2026-04-18T23:28:08.174934
retranslate-20260419-v6,0237d4e3-92da-4562-a09c-7a60ed4ed133,la-stanza-dellorso-e-dellape-recensione,82c20c23-3460-4d9e-b7e8-4d34cd09fac2,the-room-of-the-bear-and-the-bee-a-review,d8af5fb5b8c79dd3,ok,,2976,717,0.005249,2026-04-18T23:28:14.056726
retranslate-20260419-v6,024197d3-b6bc-4155-932a-6e767a1a0261,alto-come-un-vaso-di-gerani-recensione,75e035f0-aa87-4d9c-acf0-d7ea31f1a1e5,as-tall-as-a-geranium-pot-a-review,cccd5887f4059be3,ok,,2350,261,0.002924,2026-04-18T23:28:18.713999
retranslate-20260419-v6,025ac8ca-fe22-4bd5-8e1a-12ce8a178d72,lettera-ai-giovani,b599c991-ef6a-4842-85d6-b38d3222fcee,a-letter-to-young-people,6fa7de29d1906fc1,ok,,2741,511,0.004237,2026-04-18T23:28:20.126248
retranslate-20260419-v6,0280a50b-f230-4543-9a9c-0136561bd6e7,autocertificazione-non-basta,f6f33241-22e9-4ff5-a9ad-fab94f97c661,a-signature-isnt-enough,6e88aaa98deb2669,ok,,3163,718,0.005402,2026-04-18T23:28:21.568203
retranslate-20260419-v6,029cc311-db14-4c56-8e1b-50c73a79d6f6,il-mio-piede-sinistro-il-film,601799dd-22fb-42a5-b15a-a9706a30a728,my-left-foot,e6544eee1aadfaff,ok,,2908,694,0.005102,2026-04-18T23:28:25.068280
retranslate-20260419-v6,02ab40b7-a34a-4203-9d62-299120fc9f4d,dalle-un-bacio,5e88c56b-534e-497b-8e11-9e4ce196b3d3,give-her-a-kiss,0a5aee178b689f83,ok,,2815,540,0.004412,2026-04-18T23:28:29.793902
retranslate-20260419-v6,02b43b29-568f-486f-aa7a-a0b720f1f00c,antonio-nicaso-mondadori,6a7c33ed-3c60-4558-a22a-4ace1fe68cbb,the-mafia-explained-to-young-peoplea-review,3ead7a44ab5d8140,ok,,2519,359,0.003451,2026-04-18T23:28:35.257750
retranslate-20260419-v6,02b4030d-9b84-4a5c-af27-309cea2a9671,special-olympics-dove-tutto-e-diverso-da-tutto,0538ceeb-295c-4356-9cbf-79815c1edf78,special-olympics-in-sibari-where-everything-is-different-from-everything,9a351b3f428b5c89,ok,,4052,1170,0.007922,2026-04-18T23:28:32.972559
retranslate-20260419-v6,02b6d565-e218-4374-a508-c0091b091d98,quel-regalo-immenso-chiamato-vaccino,073796d4-17b1-4fdb-9ed4-f27b2a8793b3,the-immense-gift-called-vaccine,7ed6126ace73f097,ok,,3440,957,0.00658,2026-04-18T23:28:39.107429
retranslate-20260419-v6,02bbc330-85fd-4ece-984b-6fd40292d3eb,la-cinquataseiesima-colonna-uno-strumento-concreto-di-autoformazione-per-chi-si-trova-in-una-relazione-daiuto,e567caad-c7e1-4209-9cf0-eb676f70f8f9,the-fifty-sixth-column-a-practical-tool-for-self-formation-in-the-work-of-care,bd443e226195457a,ok,,3076,755,0.005481,2026-04-18T23:28:46.723859
retranslate-20260419-v6,02cd4eca-7b7e-4d69-abe2-b33da28abe4e,tra-lacquario-e-loceano,9108d2a2-8077-47cf-bbbf-5f92f9213fb1,from-the-aquarium-to-the-ocean,c751919fef3df088,ok,,3207,918,0.006238,2026-04-18T23:28:50.268056
retranslate-20260419-v6,02f5e0bc-b6de-4889-86a8-5fadfda3c936,special-olympics-2018,81aedc05-aeb0-4335-9811-65e4c59a56ca,winter-special-olympics-2018-games-begin-march-18,12473d838fc581ab,ok,,3024,645,0.004999,2026-04-18T23:28:53.777209
retranslate-20260419-v6,0301bacd-e47f-4a32-9e33-28251c6d8699,dialogo-aperto-n-70,23e8ab4a-617c-4c9f-8bf0-44eaf39e3c45,open-forum-no-70,b57a57528d24a883,ok,,3090,793,0.005644,2026-04-18T23:28:59.283253
retranslate-20260419-v6,02fce70b-2ebc-458e-b68b-e44e7b1bbda3,ora-che-sono-sola-non-sono-piu-sola,7b4340e5-96b5-4992-9ae4-8a1fb6645e7e,now-that-i-am-alone-i-am-no-longer-alone,13f24fc7f8e92eeb,ok,,3253,905,0.006222,2026-04-18T23:28:59.277624
retranslate-20260419-v6,0301f938-3d8b-4014-8012-47e9fe8a911c,larte-di-costruire-giocattoli-creativi,b748a5a8-8d35-4121-85b7-6cd68ab12b10,the-art-of-making-toys-from-scraps,07cc12144b7d2e2e,ok,,2386,253,0.002921,2026-04-18T23:29:06.832436
retranslate-20260419-v6,0318f054-e431-4801-ae4d-41d9376c75d7,sara-e-le-sbiruline-di-emily-recensione,29151e8d-74dd-4de1-bb60-19786c827327,sara-and-emilys-little-sparksa-review,61ef4e78edf2ec3f,ok,,2406,312,0.003173,2026-04-18T23:29:07.360503
retranslate-20260419-v6,034f2701-46d4-426c-8265-0642903a8f64,la-tenerezza-di-dio,b02fb61f-8cde-441e-b97f-df5241be8c82,gods-tenderness,17ee3c4d5e3f215e,ok,,2548,426,0.003742,2026-04-18T23:29:10.359561
retranslate-20260419-v6,034a313a-c7f2-4e11-9b5d-42f3891571e0,dialogo-aperto-n-159,f3eaa6e8-532d-4d52-ab48-8b667a512216,open-dialogue-no-159,72c3748743fcbd01,ok,,3194,885,0.006095,2026-04-18T23:29:10.308915
retranslate-20260419-v6,037cc3cc-a34e-45fa-8223-1c2ae8470d92,citta-futura-un-esempio-di-finanziamento-dalla-banca-etica,fffcc828-f35f-48e2-9707-ea8cdc0e11af,citta-futurahow-an-ethical-bank-financed-a-towns-rebirth,1ab0b22392afbdab,ok,,2740,569,0.004468,2026-04-18T23:29:16.568079
retranslate-20260419-v6,0392d995-3177-443f-811d-ba2eb6a29b89,lemporio-del-cielo-e-della-terra-recensione,b847f008-4110-4512-8a4c-208ca2e2d830,the-emporium-of-heaven-and-earth-book-review,74a3e70bc8439204,ok,,2508,361,0.00345,2026-04-18T23:29:20.603881
retranslate-20260419-v6,04073c8d-6349-4e99-8119-57160053b74e,una-intuizione-spirituale-sconvolgente,4f8642e0-bd3b-45f1-a604-0b3d66f2eed0,a-spiritual-truth-that-shatters-everything,e1049c0b32766c3a,ok,,2693,499,0.00415,2026-04-18T23:29:22.236591
retranslate-20260419-v6,040a09ce-1e98-42c5-b281-5dfb0006be1e,per-te-ho-visitato-roma,6d30e177-e42b-4418-8604-d9ec27e2181a,i-walked-rome-for-you,08f6e3bcd96d0249,ok,,3207,930,0.006286,2026-04-18T23:29:24.009606
retranslate-20260419-v6,0432c9c5-8f69-4a0e-af29-1a506b3b8869,li-fece-uomo-e-donna,5cb24447-80f0-4772-8a2c-7852f9369b80,he-made-them-male-and-female,0e9804c60be1ec35,ok,,2753,483,0.004134,2026-04-18T23:29:27.502798
retranslate-20260419-v6,04736941-e7e4-4101-9043-3290341874bf,mamme-coraggiose,6283379a-462e-45ea-9df1-21671848bf31,brave-mothers,3f0e61d7c282a065,ok,,2738,575,0.00449,2026-04-18T23:29:33.635975
retranslate-20260419-v6,04674796-8ac6-4500-a16a-c08cd0161d31,la-quadriglia-istruzioni-per-luso,a268c51e-c13a-41c7-8db9-6709998802bd,how-to-organize-a-quadriglia-a-complete-guide,7691b5e75a953996,ok,,3600,1251,0.007884,2026-04-18T23:29:30.049445
retranslate-20260419-v6,04b94c87-854a-4041-bfcf-2686569b4ebe,io-non-sapevo,c54522a2-c2ff-4b48-8ccf-b6b55a236878,i-didnt-know,2f73e1e2ff5159f5,ok,,3142,814,0.00577,2026-04-18T23:29:42.078911
retranslate-20260419-v6,04a7b7f6-60ad-4027-8171-78b39bbe9988,la-lampada-dei-desideri,d4671d3e-6bd4-4de2-91f7-73ec96e0ee11,the-lamp-of-wishes,72191693441e9ab3,ok,,3647,1009,0.006954,2026-04-18T23:29:38.996843
retranslate-20260419-v6,04bdce7a-c04b-4a5c-a003-04518e838bfa,il-bambino-che-non-sentiva-dolore,ad0b2013-7f24-4ad1-95a0-b8b103e30522,the-boy-who-felt-no-pain,2fe6dde9f936144a,ok,,2988,560,0.00463,2026-04-18T23:29:50.931459
retranslate-20260419-v6,05094841-31ae-4dc3-82d0-b074be7368cb,angelo-un-compagno-di-viaggio,bf1578b0-0147-41dc-91f4-2d90b889f3f0,angelo-a-fellow-traveler,c807644ef82de22d,ok,,2803,614,0.004698,2026-04-18T23:29:52.292998
retranslate-20260419-v6,052e8bb1-bdc2-4d2c-9c49-464d42cc6ed5,un-orribile-meraviglioso-campeggio-di-fede-e-luce,6b45eca7-f6a3-45b6-8bdf-1e02f99c695e,a-perfectly-terrible-faith-and-light-camping-trip,1544bb7da6c9e4ce,ok,,3060,707,0.005276,2026-04-18T23:30:07.990826
retranslate-20260419-v6,0546dcca-0185-42d5-8ae7-0f269445c6e7,il-re-del-mercato-recensione,5ec22b2b-6363-4d78-81c9-c2a7b5663e36,the-market-kinga-review,bf93510ca8f8dec3,ok,,2993,723,0.005286,2026-04-18T23:30:15.813724
retranslate-20260419-v6,052c88ba-51ea-4459-95b1-8ebf9fd72ebd,unaltra-proposta-di-vacanze-con-persone-disabili-i-soggiorni-invernali,680d962d-e738-4ce3-8bd4-0839b47b9059,winter-retreats-holiday-time-with-disabled-participants,fd5946a7d44f1f33,ok,,3727,1177,0.00769,2026-04-18T23:30:07.980462
retranslate-20260419-v6,057ba2cf-96d3-46e2-8786-0e4a2ca368f1,recensione-i-disegni-segreti,f7030ed2-29e9-4b59-ac3e-a1d92460799a,the-young-artist-of-chartres,f7826fe81b0a96a2,ok,,2917,749,0.00533,2026-04-18T23:30:24.430748
retranslate-20260419-v6,05686c7b-75ce-4661-a8bd-a391af4cdd32,terapia-con-il-cavallo,32901a72-be30-4905-b19a-8dfb2e029d42,healing-with-horses,875e839d36cb9f42,ok,,3318,942,0.006422,2026-04-18T23:30:22.923524
retranslate-20260419-v6,05f832d9-7876-44ec-a47e-cedab29b12bb,unora-di-musica-con-suor-maria,a66124c8-918e-4d02-84ca-0a6eb23eefd6,an-hour-of-music-with-sister-maria,00a1bac8297a5b20,ok,,3130,712,0.005352,2026-04-18T23:30:32.203867
retranslate-20260419-v6,05ce6045-4e71-4ef0-b40f-af7717cbaf06,mamme-coraggio-e-oltre,0988042f-975b-41c9-8782-043b578531be,mothers-of-courage-and-beyond,3e3d94a154c67ec2,ok,,3341,987,0.006621,2026-04-18T23:30:30.833416
retranslate-20260419-v6,061f453d-4819-4a40-af83-1aa749e01d1b,vita-e-amore-si-erano-spenti,62268e54-cbbf-4394-8cbd-6521ef713f06,when-life-and-love-returned,5f9b0df325bbab6d,ok,,2532,402,0.003634,2026-04-18T23:30:40.348615
retranslate-20260419-v6,06439a39-b794-497b-92b8-c59662f4a576,la-strada-percorsa-finora,78500ca5-5a3c-4fb9-a140-7256c5b1844f,the-road-behind-us,7def68c4ad8a64a2,ok,,3270,899,0.006212,2026-04-18T23:30:42.056426
retranslate-20260419-v6,0674f90d-6555-43ea-ac9c-86e88d65f3b1,dialogo-aperto-n-16,c79d5e0a-013d-4d4c-9b2b-ecfa403f6c9b,open-dialogue-no-16,b6e24742909bfb7d,ok,,2794,596,0.004619,2026-04-18T23:30:52.685828
retranslate-20260419-v6,066e2e2e-8703-4bf3-b8ab-97692a13cc3d,un-cerchio-simbolo-incontro-unita,0e6c7cc3-a96d-472f-864e-f661479adf0e,the-circle-a-place-of-meeting-and-unity,0117cd76c4a9acec,ok,,3714,1084,0.007307,2026-04-18T23:30:44.889438
retranslate-20260419-v6,068dbdca-7efa-4372-90e6-43d08e31b0ee,storie-di-rinascita-e-solidarieta-in-le-cicogne-di-chernobyl,c24ceedf-3dca-4822-af6d-f5110266f730,rebirth-and-solidarity-the-storks-of-chernobyl,3b59203175a032f4,ok,,3368,944,0.00647,2026-04-18T23:30:57.711276
retranslate-20260419-v6,06af2aa8-c56f-48a4-85d5-e6c769491a1d,vittorio-zia-minni,4f377047-f4ec-4f43-a352-644bc4314a25,vittorio-and-aunt-minni,0ae80fa996ebca3a,ok,,2958,708,0.005198,2026-04-18T23:31:07.189787
retranslate-20260419-v6,06aa8bc7-2f67-4d59-8751-9ab8b64e337c,la-difficile-storia-di-enrico,e2302c35-515a-45e0-9504-435950c2499c,enricos-difficult-path,7a72bc322b2c725e,ok,,5475,2285,0.01352,2026-04-18T23:30:59.020548
retranslate-20260419-v6,06b2378f-9455-493f-91e0-737d3b5ee0b2,abitare-nellordinarieta,13b0dc07-16a6-43dc-9b6b-53d18efd4f7e,living-ordinary-lives,99ff9715c4806531,ok,,4401,1698,0.010313,2026-04-18T23:31:13.733357
retranslate-20260419-v6,06b30b53-01ed-496d-bde2-217a244760c0,la-legge-sullintegrazione,ce8bf15c-992c-4e50-9ca3-707ce5cfcb3f,the-law-on-integration,76bea9c4b1af981c,ok,,4235,1535,0.009528,2026-04-18T23:31:34.114537
retranslate-20260419-v6,06ba4ef9-aa9e-47cd-bdd0-881c7daaaa51,julia-jean-e-la-tirannia-della-normalita,078eb7a2-5765-4484-aa3e-b9ec9a8668a6,julia-jean-and-the-tyranny-of-normal,b056a733136f3b7c,ok,,4156,1544,0.009501,2026-04-18T23:31:37.582332
retranslate-20260419-v6,06c82c51-ce0d-42d8-8b20-2728b8c381ea,fai-bei-sogni-recensione,bb1c69b3-2785-430e-b26f-c664979250c8,sweet-dreamsa-review,32d8d70c5cc5c881,ok,,2484,366,0.003451,2026-04-18T23:31:57.356755
retranslate-20260419-v6,06dd85b6-9503-448c-8161-e5e4044c37a2,il-calore-dellamicizia,e772b1fc-167c-4e48-8a38-33a6e578d1d2,the-warmth-of-friendship,73318e42d288c17c,ok,,2610,446,0.003872,2026-04-18T23:32:01.478417
retranslate-20260419-v6,06bf782b-3e7e-4ba3-9e61-6d7c0ff0af98,il-dente-del-giudizio-e-il-servizio-civile-volontario,a17cbdd2-388a-4772-b6e0-9349edc00457,the-wisdom-tooth-and-voluntary-service,af713ed7d151118f,ok,,3815,1210,0.007892,2026-04-18T23:31:53.340867
retranslate-20260419-v6,06f87b56-2a7b-494a-85e3-52023cc89d43,dalla-parte-di-lazzaro,44ec827a-5d1d-4394-89ad-2e95aabee157,on-the-side-of-lazarus,c000c879886850f1,ok,,4412,1816,0.010794,2026-04-18T23:32:08.478381
retranslate-20260419-v6,06f8f7d2-c7e9-413e-94d9-d5e25c0d5166,i-bambini-di-asperger,0aefd6d5-9381-49e7-bc7d-89a79575f31a,aspergers-children,aeb95b8357a9a878,ok,,3136,878,0.006021,2026-04-18T23:32:29.557297
retranslate-20260419-v6,0702e47c-7c4c-497a-a028-42295e05c287,maneggiare-con-cura-di-marco-bove-recensione,4653183b-5811-4db9-b786-4b012f957a12,handle-with-care-a-review-of-marco-boves-book,5e87d64561cb7c47,ok,,2623,451,0.003902,2026-04-18T23:32:37.124088
retranslate-20260419-v6,06ede3fd-2d2b-4482-8515-021fa47b8d3a,dialogo-aperto-n-161,ea60869a-b3ec-401c-9580-12826d6d103e,open-forum-no-161,a19d5839d4b7cb97,ok,,6057,2759,0.015882,2026-04-18T23:32:05.934330
retranslate-20260419-v6,071f81ec-da06-4a40-9b57-90061364f23d,noris,b1366952-70f7-4c74-999b-4ff8d4d6b24e,noris-071f,7121def714a6b428,ok,,3463,968,0.006642,2026-04-18T23:32:42.080742
retranslate-20260419-v6,07469439-9f51-4903-bff3-fb73cde6188d,imparo-a-vestirmi-da-solo,8a5b391f-b550-4865-ad91-8c8530f7429d,learning-to-dress-myself,f95fdb5bd8c1ad6e,ok,,2341,195,0.002653,2026-04-18T23:32:52.707176
retranslate-20260419-v6,074cba3a-2ce2-4cdb-86a8-f62753093e3c,lonore-di-un-lord,efcb6489-04bd-489b-b288-fd52be62e7ae,a-lords-honor,f2710be16c1da017,ok,,2908,635,0.004866,2026-04-18T23:32:55.171334
retranslate-20260419-v6,075d6272-7fdf-4e96-9309-579d85a67001,piovono-mucche-e-altri-nuovi-libri,49197a7a-5745-4c5f-a1b6-1eca8616c182,its-raining-cows-new-books-new-ways-of-telling,394c2082ecc15888,ok,,4160,1547,0.009516,2026-04-18T23:33:00.494915
retranslate-20260419-v6,076265cd-ba33-4f9c-ab7c-a4a78f7f87d4,one-more-jump,bcc1316f-e0a0-4fb5-8fd2-f83c7b361df2,one-more-jump-0762,648878a18d835143,ok,,2745,521,0.00428,2026-04-18T23:33:20.721197
retranslate-20260419-v6,0729a52b-a726-4dc1-a6b0-17ba1447fc7f,igor-o-limprevisto-di-dio,37359c59-29fe-480c-a7e0-58b867f433e9,igor-or-gods-surprise,fc073acdd755b611,ok,,5983,2807,0.016014,2026-04-18T23:32:46.981223
retranslate-20260419-v6,0778e3d9-ef86-4505-98bd-4c6cf0ee5129,testimoni-di-fede-e-luce,d6c1edbb-04d8-4353-bd30-a19692324062,witnesses-to-faith-and-light,17e418231339321c,ok,,2620,414,0.003752,2026-04-18T23:33:27.505868
retranslate-20260419-v6,07729da3-ab95-4e13-a5db-9d378427fa10,perche-non-io,8ef36e2c-fc2b-4356-8eab-2691c0aa36d9,why-not-me,eb6267ee265d3e38,ok,,3133,694,0.005282,2026-04-18T23:33:26.058122
retranslate-20260419-v6,07934e5d-f1c1-4f7b-98fe-e5bfc683eb28,non-vede-non-sente-non-cammina-non-comunica,cb0a5b23-9bb2-4224-9519-d4642fb90f43,blind-deaf-unable-to-walk-or-speak,d549d99915b6bf76,ok,,2575,415,0.00372,2026-04-18T23:33:31.372708
retranslate-20260419-v6,07d7a7c3-7cda-43dd-a10e-f77c67f13da5,il-ciclo-e-la-macchinetta-a-scuola,5d2a5cb8-6e29-4d89-8c02-36c55dce42d3,my-period-and-the-vending-machine-at-school,b364396be65d3211,ok,,2911,672,0.005017,2026-04-18T23:33:36.295114
retranslate-20260419-v6,07d76729-cad6-40f6-8c77-8935781b8581,forli-incontri-a-sostegno-di-genitori-di-figli-con-disabilita-visiva,297a494a-001c-4669-b086-1d63d2cc45c5,supporting-parents-forli-launches-group-sessions-for-families-of-children-with-visual-impairment,aa33960abf045351,ok,,3261,974,0.006505,2026-04-18T23:33:34.579836
retranslate-20260419-v6,07e08abb-30e0-4bf1-9e4d-befe56e37c2c,un-luogo-dove-bello-vivere,1fc1c90c-dd0e-4aef-a4d7-9ef4f114f5f7,a-place-where-life-takes-root,940a65f244747239,ok,,3470,1006,0.0068,2026-04-18T23:33:43.356488
retranslate-20260419-v6,07ddf975-f5ae-4dd3-9bf2-3c2004d42152,genitori-speciali-zzati-servizio-di-consulenza-pedagogica-di-trento,ce4092d2-087e-4a19-ba11-4083a71a413c,specialized-parents-the-pedagogical-consulting-service-of-trento,cf7cca3e5bd9de28,ok,,4344,1587,0.009823,2026-04-18T23:33:41.844957
retranslate-20260419-v6,07e6119a-f46f-4f27-b9cd-1492f57f16d9,chi-mettere-al-centro-dellobiettivo,77389fb3-b7d7-4c37-82ab-582b4e9d0584,who-belongs-in-the-frame,05763bc7b7f3e3d4,ok,,3735,1129,0.007504,2026-04-18T23:33:55.692107
retranslate-20260419-v6,08118952-084d-4776-a777-cba26b0df3f3,la-casa-in-cima-allalbero-recensione,2596a180-715c-4eb2-970f-36838f51c83c,the-house-in-the-treetop-a-review,41484ce52d9ac425,ok,,2426,313,0.003193,2026-04-18T23:34:09.720817
retranslate-20260419-v6,08275728-87c5-4be8-aadd-c7d59a48fab9,a-galla-sulla-camera-daria,3a79bf7e-06a4-4595-a03c-e31de2a73f64,floating-on-an-inner-tube,3fdd62ba8ea581d5,ok,,2535,385,0.003568,2026-04-18T23:34:13.211890
retranslate-20260419-v6,084926d3-fd45-407e-9a04-6e938b25aaef,autismo-e-disabilita-grave-il-modello-laquila,e20a5ef8-58bf-44ac-8e8d-be88fcd02eda,the-laquila-model-autism-and-severe-disability,bfb2e970e44260c9,ok,,3026,805,0.005641,2026-04-18T23:34:17.651005
retranslate-20260419-v6,07f359d7-bfc1-4a6d-b7f0-9d9829f7a7de,associazione-habitat-per-lautismo-onlus,a50f6d70-d103-4536-b698-af22f878ba3e,habitat-for-autism-building-dignity-and-community,381a80d6a61979c0,ok,,6366,2714,0.015949,2026-04-18T23:34:01.795461
retranslate-20260419-v6,08508620-af4d-4ca1-a72c-57e83f294133,domande-che-assillano-newsletter-26,5033b5ae-b2f3-4226-bfe7-c1927c3acf55,the-questions-that-haunt-us-newsletter-no-26,bbed622795f7d997,ok,,4328,1889,0.011018,2026-04-18T23:34:23.343562
retranslate-20260419-v6,08773ce7-76ac-4d04-8382-b7ad8c34459d,vederli-migliorare,9786814f-e7a5-4145-abdc-7d026970b989,watching-them-flourish,49f7db7c3d0bac8c,ok,,3809,1272,0.008135,2026-04-18T23:34:43.912778
retranslate-20260419-v6,089111bb-ddf6-42ae-b8cd-7106f10eb00a,dialogo-aperto-n-149,b0187fa0-e30d-4506-b0b8-79c95f228a45,open-dialogue-no-149,ddca9e1de4c3f9f4,ok,,2757,587,0.004554,2026-04-18T23:34:58.811970
retranslate-20260419-v6,086453ff-3d98-4b29-86a8-816a8750a3a2,un-altro-sguardo,05475ec6-f50d-4f78-a2ce-cf173448ad33,another-way-of-seeing,cc7693ba6fc283a0,ok,,5001,2324,0.013297,2026-04-18T23:34:43.184488
retranslate-20260419-v6,0897e549-3246-4c60-825e-845270615df5,la-vita-esplodera-itinerari-didattico-educativi-per-linsegnamento-della-religione-cattolica-nella-scuola-dellobbligo-anche-per-alunni-portatori-di-handicap,910ee799-a67a-446e-8d62-ad45c7747b8e,and-life-will-bloom-teaching-catholic-faith-in-schools-including-children-with-disabilities,7ecb8162e6fa6f24,ok,,2500,269,0.003076,2026-04-18T23:35:05.074210
retranslate-20260419-v6,089f627a-37f0-4a2f-b037-7c79bd35e5f1,se-mi-vuoi-bene-dimmi-di-no-regole-e-potere-positivo-per-aiutare-i-figli-a-crescere,d72b82ed-3c64-40f9-8411-35d7855029f1,if-you-love-me-say-no-rules-and-the-power-to-help-children-grow,5b98541c30953a4f,ok,,2751,420,0.003881,2026-04-18T23:35:05.697841
retranslate-20260419-v6,08bdcb6b-50e8-4b94-af41-c335052cee54,agendo-per-lagenda-si-apre-alla-societa-civile,2348a3d6-0bb7-4136-b672-b01458d2e318,agendo-for-the-agenda-opens-to-civil-society,40ec138c78ecd527,ok,,4061,1203,0.008061,2026-04-18T23:35:11.358296
retranslate-20260419-v6,08e38e52-b390-47c6-942f-d474fbdae7a6,letture-consigliate-darti-la-vita-recensione,347d5930-ef46-4067-bf08-1da8116bcae7,giving-life-a-mothers-testamentbook-review,8a3435651ca5b50c,ok,,2615,433,0.003824,2026-04-18T23:35:28.787720
retranslate-20260419-v6,08af9f88-4825-4a1e-82bf-c6ecd77fd4da,i-nostri-figli-con-disabilita-a-scuola,116727c6-e6cd-4639-956f-bd7b2f906a7e,our-children-with-disabilities-in-school,b40faebad9bb0833,ok,,5790,2640,0.015192,2026-04-18T23:35:08.789544
retranslate-20260419-v6,09189983-9fc2-4850-b3df-502bca121215,la-nostra-buona-novella,257c984c-23b7-4e97-822d-47dc2c0f36d2,good-news-for-us-all,64066d2ef967b960,ok,,4252,1605,0.009822,2026-04-18T23:35:33.035514
retranslate-20260419-v6,094046de-5272-4002-8ac1-75611cf4710b,ascoltare-i-segni-perche-in-lis,5660dd3f-5f28-407c-b5e7-cc90585b28de,why-sign-language,37f470156e57b1eb,ok,,3711,1017,0.007037,2026-04-18T23:35:51.946457
retranslate-20260419-v6,092697d1-1946-439c-a1a7-9d98a77b37c2,tra-gli-ultimi-regali-di-mio-padre,412cbc67-03da-4d0c-ba58-6b19e56667b9,among-my-fathers-last-gifts,9d1286b7b3c998c3,ok,,4707,1944,0.011542,2026-04-18T23:35:46.853125
retranslate-20260419-v6,0949f5c9-1e33-42dd-8310-5c45567e9d21,5-anni-di-casetta,e2eeb9df-7e6a-4761-b7e6-92c2de1cf805,five-years-of-the-little-house,a171b8b47be26a47,ok,,2500,351,0.003404,2026-04-18T23:36:10.103297
retranslate-20260419-v6,0970738d-a976-4409-8a0c-e2f8b6216b2a,tutti-insieme-fedelucissimamente,ae8645d7-3644-48a3-8135-a9d0d07adfe6,all-together-wholeheartedly,ca8bde7f59ce650d,ok,,3386,1003,0.006721,2026-04-18T23:36:13.604721
retranslate-20260419-v6,0976cf70-2de1-4537-8904-f5d4140dc740,lamministratore-di-sostegno-per-le-persone-con-disabilita-parla-il-giudice-tutelare,959a9d86-e843-4338-a639-83c224c207f1,guardianship-without-loss-of-rights-a-judge-explains-italys-new-support-administration-law,8cc6ea4f3957356f,ok,,3710,952,0.006776,2026-04-18T23:36:25.020221
retranslate-20260419-v6,09432447-e7d4-4923-a7ec-2f882ae6bfd5,ma-non-carichiamoli-di-un-peso-eccessivo,e220b313-7fdd-4b6c-9861-48872fe9fa4f,dont-burden-them-too-much,b470a1bf351cc262,ok,,5453,2377,0.01387,2026-04-18T23:36:06.322140
retranslate-20260419-v6,098509a9-19af-4e70-853c-7fec4ef92324,lintimita-del-corpo-maria-non-ha-il-senso-del-pudore,bd0d7ec7-5455-42f4-b58b-85e37ff2f380,the-bodys-privacy-maria-doesnt-know-shame,83df2bdbdbd9b6d1,ok,,2905,606,0.004748,2026-04-18T23:36:37.155440
retranslate-20260419-v6,09929e44-3146-4c9f-aade-24606aff5fa4,la-comunita-luogo-del-perdono-e-della-festa-2,57d7d84b-ff5b-4746-a537-697a348a0d04,community-a-place-of-forgiveness-and-celebration,b15d049db88cc146,ok,,3005,861,0.005848,2026-04-18T23:36:40.402323
retranslate-20260419-v6,09b6722d-5c4a-4a93-a1c0-2b1c41105d59,il-natale-di-carlo,4e8afeaf-c234-49b3-a17d-738cec26336d,carlos-christmas,2eb321fac72627be,ok,,2976,626,0.004885,2026-04-18T23:36:46.576795
retranslate-20260419-v6,09bb8253-671c-44ca-98c3-1f36fa63b36e,gli-altri,f0435c2b-ce44-4260-bfda-b8c23fd0b54a,the-others,1a00c014e37716e7,ok,,3355,937,0.006432,2026-04-18T23:36:53.914714
retranslate-20260419-v6,09bd724a-64c3-463c-aa8d-a8ff78b49728,cinema-e-disabilita-i-3-film-di-emanuele-rauco,8b6dca90-5680-4275-87d3-062c46a7e24e,three-films-on-disability-emanuele-raucos-picks,9e0c68a066c9e2bc,ok,,2203,146,0.002346,2026-04-18T23:37:04.901564
retranslate-20260419-v6,09c12b14-dbb7-4a4c-9587-73a7309ff12f,le-anime-semplici-recensione,c023f364-c488-40ba-9c78-77c678885081,simple-souls-a-review,9fd888f388226f9d,ok,,2463,345,0.00335,2026-04-18T23:37:07.040106
retranslate-20260419-v6,09b48251-3983-438e-9710-31b26e1d1941,voglio-sposarmi,8fc996d9-42d1-4326-8cb5-3ef7e76df5f3,i-want-to-get-married,b048b7ae04c5331c,ok,,4761,1974,0.011705,2026-04-18T23:36:43.755939
retranslate-20260419-v6,09e265e4-da5e-45ce-afe0-0ba125650507,i-genitori-commentano-le-parole-del-cardinal-martini,89d5237b-2f6a-457c-a5be-68363a619395,parents-reflect-on-cardinal-martinis-words,aee8172f02b8536e,ok,,3188,876,0.006054,2026-04-18T23:37:10.852407
retranslate-20260419-v6,0a17534b-d533-4c23-a6fe-2fd4bb77e4cc,nessuno-escluso-il-natale-del-laboratorio-lalveare,40cf98e0-e908-4490-bd22-ea1bba9f49b6,no-one-left-behind-christmas-at-the-alveare-workshop,67d2dbe09f36e6b3,ok,,3577,1283,0.007994,2026-04-18T23:37:20.076500
retranslate-20260419-v6,0a23ed0c-238c-43ea-ba6a-687fd5858944,essere-padrino-di-mario,d10b8686-259c-43f6-8896-834ca7c59332,godparent-to-mario,38b53b396af95c2a,ok,,3250,889,0.006156,2026-04-18T23:37:31.661418
retranslate-20260419-v6,09fec868-4e83-40ff-b5a4-729affa11dfe,chicco-casa-famiglia-dellarche,1bd60a82-bf12-40f9-a682-acd20dfe9d5a,il-chicco-a-home-among-larche,5dee0ea47e30b96b,ok,,5194,2161,0.012799,2026-04-18T23:37:12.123397
retranslate-20260419-v6,0a4300d4-8fb5-42f8-b69f-401605141ca5,strategie-educative-nellautismo,b0ec6b5f-9d36-45b2-a17e-07fd55a02878,teaching-children-with-autism-a-practical-method,b81f66b308073118,ok,,2979,612,0.004831,2026-04-18T23:37:42.730510
retranslate-20260419-v6,0a36d810-f6cc-4453-8f83-abe48f70f8f2,10-anni-di-ombre-e-luci-piu-che-una-rivista-una-grande-famiglia,5805434d-c291-47ff-adf9-e51d381671dd,ten-years-of-ombre-e-luci-more-than-a-magazine-a-family,7e8926ba745f2309,ok,,3450,1068,0.007032,2026-04-18T23:37:42.705295
retranslate-20260419-v6,0a5ccd97-a785-4a70-859c-a8cfca3d8eea,sorpresa,ad8e2c87-7e42-47c6-8254-25b7287c329b,a-beautiful-surprise,aa43a1fd3724766a,ok,,3101,835,0.005821,2026-04-18T23:37:48.929444
retranslate-20260419-v6,0a888bb0-a684-40cf-b5f8-08ad78840bbf,testing-women-testing-the-fetus-recensione,27247de2-6c1c-4b03-8b23-bfe86b0017aa,testing-women-testing-the-fetus-book-review,2ab6c1772cb6e56d,ok,,2361,243,0.002861,2026-04-18T23:37:57.458378
retranslate-20260419-v6,0a60e8e8-2660-4598-91c9-1c419b919740,la-sete-e-lacqua-della-speranza,3ae6624d-c899-46e7-be99-07ccf63e4716,thirst-and-the-water-of-hope,b6305b6535c41dca,ok,,3700,1147,0.007548,2026-04-18T23:37:55.720858
retranslate-20260419-v6,0a98970a-bff4-4055-b796-4bec1c2d292b,i-pellegrinaggi-di-fede-e-luce,c93af84e-3c99-4971-9ebe-656147f788c4,the-pilgrimages-of-faith-and-light,e22c08e5f3b54455,ok,,4695,2272,0.012844,2026-04-18T23:38:09.262359
retranslate-20260419-v6,0a9df56e-c162-41b9-9704-c761492729f9,i-bambini-di-tutti,360ed663-924c-476e-95e3-728d58e75abd,children-of-us-all,0c5a6081b46568c1,ok,,2816,632,0.004781,2026-04-18T23:38:29.415790
retranslate-20260419-v6,0a9f07c2-9297-4484-ab9f-146adcb25100,il-dono-di-un-volto,680f8e5e-6ccd-4be6-ab47-b02f9b0b8502,the-gift-of-a-face,7a2336aea1ed7be9,ok,,2804,589,0.004599,2026-04-18T23:38:34.819080
retranslate-20260419-v6,0ab0e8ef-64f9-4b99-8a6b-beafa2ede9a9,al-tepore-un-amore-semplice,fa33cb22-3bd7-4495-b49d-befbd026f3f6,in-the-warmth-of-simple-love,601f51d19233db3a,ok,,3152,822,0.00581,2026-04-18T23:38:39.580887
retranslate-20260419-v6,0af864df-47c8-416e-81bb-3d5e21b0aeda,la-mela-e-solo-rimandata,4d59b95e-fa97-45c7-813f-cc880ba5e2c1,the-apple-is-only-postponed,7fd3e4103bc199ab,ok,,2860,602,0.004696,2026-04-18T23:38:47.865200
retranslate-20260419-v6,0b05f890-34d5-413c-a62b-99abdb037558,stavolta-ho-tifato-per-la-primavera-dellempoli,4f413ffe-3f07-45bf-9331-29efc3df1dd5,i-cheered-for-empoli,298cddf19f1476bc,ok,,2958,721,0.00525,2026-04-18T23:38:54.144681
retranslate-20260419-v6,0a8f7cb7-b3f3-418c-9e59-8791f78c07a4,dialogo-aperto-n-103,37c3a9e3-ad69-4280-b76f-15c33b4bb9be,open-dialogue-no-103,c03f3de74fbd3691,ok,,4706,1972,0.011653,2026-04-18T23:38:00.182135
retranslate-20260419-v6,0b598562-5f7d-4bb6-a270-167e85fb102c,vivere-lultimo-istante,6c0834fe-e685-4d0f-9dfd-0c529c4e9874,living-the-final-moment,fefcecd9837c2672,ok,,2683,465,0.004006,2026-04-18T23:39:00.118952
retranslate-20260419-v6,0b830171-6481-424c-a567-ca9fe5af6009,un-solo-nome,2e72b502-1145-47ff-b945-250b75e7cc0c,one-name,2cc5ff03307e2784,ok,,2640,468,0.003984,2026-04-18T23:39:05.133701
retranslate-20260419-v6,0b9b285f-1663-40a1-bddd-c133b720fdf4,il-dolore-innocente-un-handicappato-nella-mia-famiglia,1e61d0e1-4736-46f9-909c-e9bff821b58e,innocent-suffering-a-disabled-child-in-our-family,95bff7a57658c49d,ok,,2423,347,0.003326,2026-04-18T23:39:10.393140
retranslate-20260419-v6,0b75b2d8-2b9e-426e-971b-c8a19ba3386f,dialogo-aperto-n-42,cb0dfa26-b50a-497f-a272-a222338ad429,open-dialogue-no-42,44e1366ae9bcfce4,ok,,3643,1186,0.007658,2026-04-18T23:39:04.945437
retranslate-20260419-v6,0bc3c326-922e-4612-a39e-b55440f0064e,labbraccio-di-lorella,8557be44-faca-4e30-8d8a-dcf55002cec4,lorellas-embrace,2c3c00c25a9e4b13,ok,,3100,781,0.005604,2026-04-18T23:39:18.778749
retranslate-20260419-v6,0bc960ae-1565-4df2-a5a0-497e7bbfcf33,prigioniero-di-me-stesso-viaggio-dentro-lautismo,42cef738-cb9d-4369-895e-f539675ab848,prisoner-of-myself-a-journey-into-autism,2069e8aa6969f3df,ok,,2456,301,0.003169,2026-04-18T23:39:25.982052
retranslate-20260419-v6,0bd2d8a5-49cf-4ab4-9007-60ed62be15f9,mirtilla-e-il-capitano,ef9b972a-0d2b-4509-a43b-528c2a61c6f4,mirtilla-and-the-captain,c135ba254cfead5c,ok,,3444,1110,0.007195,2026-04-18T23:39:28.902744
retranslate-20260419-v6,0bdeea89-abb9-4121-a4fe-9308ccc533d6,posso-salutare-la-mamma,f10ce026-4247-4c92-bc0b-d02f867a99a9,can-i-say-hello-to-my-mother,c3c15ae1934c00c3,ok,,2562,391,0.003614,2026-04-18T23:39:41.473206
retranslate-20260419-v6,0ba157eb-0808-49b1-bc10-2756ca90497a,pellegrinaggio-a-loreto-1979-olga-gammarelli,211fe065-90eb-49d9-94d0-e128d067d517,loreto-1979-a-pilgrimage-remembered-by-olga-gammarelli,fbafd4265dec0e11,ok,,5659,2573,0.014819,2026-04-18T23:39:13.865309
retranslate-20260419-v6,0bf72438-1e40-40d0-b025-02a9fee74726,questa-e-bella-la-storia-di-rospella,6953d073-b234-4e9a-91df-d418ea58ef98,this-is-beautiful-the-story-of-rospella,bfdac212d9762e54,ok,,2752,639,0.004758,2026-04-18T23:39:47.126473
retranslate-20260419-v6,0c1a3fa9-2b11-4ef3-9f87-63f88abca989,sono-graditi-visi-sorridenti-recensione,274574d6-5b98-43cc-9748-d0d622779445,smiling-faces-are-welcome-a-review,cdbb957eecf98d30,ok,,2640,458,0.003944,2026-04-18T23:39:48.367417
retranslate-20260419-v6,0c3a2d55-7399-4099-be02-3d5b95a8cc93,dove-ci-sono-io-ce-anche-lui,b769a7d2-cdc7-46a3-a2be-457d0c5086be,wherever-i-am-he-is-too,52d76858c6d8a084,ok,,2496,372,0.003485,2026-04-18T23:39:51.961007
retranslate-20260419-v6,0c4c2103-c876-4997-863f-8b9648d6a86a,e-poi-cosa-ne-sara-di-loro-le-domande-sul-dopo-di-noi,77872063-c4c5-4f99-99b1-5ddc00c32018,and-then-what-a-question-about-life-after-parents,47c9071b5ab2eda9,ok,,2947,675,0.005058,2026-04-18T23:39:53.870873
retranslate-20260419-v6,0c57a31a-014f-4ca1-a91e-0bf467b979a7,cinema-di-rivoluzione-e-sperimentazione-alla-berlinale-74,af919c81-98e3-4f6f-9d27-f7720e9e5a7c,revolution-and-experiment-two-essential-films-from-berlin,d69ea78d79fd34cb,ok,,3375,925,0.0064,2026-04-18T23:39:58.519427
retranslate-20260419-v6,0c76e00f-8d46-4351-be1b-94bfefd85e03,casa-famiglia-il-tetto,abcc73e6-42aa-439d-9255-ad7756101db1,the-roof-romes-oldest-group-home,49e5368bd1e91db9,ok,,3915,1222,0.00802,2026-04-18T23:40:09.418408
retranslate-20260419-v6,0c7079d5-355d-4a73-a7f8-cbfb445033c9,linterezza-questa-sconosciuta,91f38da2-1e9d-4b7c-8a1a-abae48e6dd1e,the-whole-person-still-unknown,e1438d3a96ac8b41,ok,,5090,1936,0.011816,2026-04-18T23:40:01.053530
retranslate-20260419-v6,0c8adef1-88c6-4e98-ab95-46167e4c1b05,le-parole-rivoluzionarie-di-papa-francesco,089200a1-0ff9-4711-81c8-545a6eccc039,pope-franciss-revolutionary-words,bb1ab2c4f8594287,ok,,2643,437,0.003862,2026-04-18T23:40:25.788993
retranslate-20260419-v6,0cc34515-c4c7-4bc1-ae5a-2d9a04ed5129,sempre,3762beac-e8df-49bf-9734-ca1402bf2ee5,always,d92bb821a902b1fe,ok,,2762,620,0.00469,2026-04-18T23:40:29.249958
retranslate-20260419-v6,0ce10120-39e8-493d-8a74-6511d6c3a63c,nuove-famiglie-istruzioni-per-luso,2234035c-63f3-40d0-ab2b-d51356176388,new-families-a-guide,0e4b53b976704197,ok,,2737,491,0.004154,2026-04-18T23:40:34.703520
retranslate-20260419-v6,0ccfd850-8f78-40ed-9278-7ce04934ab6c,e-pagano-pure,a454ac74-942f-488a-bede-cd1a1a6692a2,and-they-pay-for-it,6c88063c34832c54,ok,,3702,1250,0.007962,2026-04-18T23:40:30.161387
retranslate-20260419-v6,0cf09074-a625-4258-b293-2b6cde43d6ae,come-progettare-una-comunita,eef72f04-bce0-4d7c-a2db-fddf166fda11,designing-a-community,6cb5e1ac33f4c36d,ok,,4501,1718,0.010473,2026-04-18T23:40:39.509903
retranslate-20260419-v6,0cf1d470-5ff6-4e20-b629-5e33c2ac8db3,essere-vicini-a-chi-e-in-fin-di-vita,b6d1ec70-f5f6-47ab-b2ff-7291f6f31e5c,being-present-to-the-dying-0cf1,f10b96b8fcc35067,ok,,4063,1510,0.00929,2026-04-18T23:40:44.769265
retranslate-20260419-v6,0d008f3b-cd2a-46ff-bc26-02b0853f57fa,noi-dei-piani-di-sopra,2bc6188a-bdf7-4788-a9c2-9103da3d44a5,upstairs-neighbors,51e0c97bab3b5645,ok,,3573,1155,0.007478,2026-04-18T23:41:01.015236
retranslate-20260419-v6,0d041112-1abb-4042-b80d-07c2744e1464,affrontare-lenorme-paura-intervista-a-pietro,932aa084-8465-490c-a8fc-59b2f02d9145,facing-down-the-fear,4e591d63478a2946,ok,,4904,1852,0.011331,2026-04-18T23:41:03.577404
retranslate-20260419-v6,0d39ece7-1c3a-44c4-86dd-8abe7aff2864,vedersi-in-vetrina,18976b2e-1162-47d2-a4b1-95944106d468,seeing-yourself-in-the-window,1cef4ebc163a1528,ok,,3789,1154,0.007647,2026-04-18T23:41:28.229804
retranslate-20260419-v6,0d3f746b-a82f-4d7f-aaa4-6c940de3bba2,guida-h-fondazione-laboratorio-per-le-politiche-sociali,3b6d9a5f-9b87-4f55-a44f-7150584a7001,guide-h-fondazione-laboratorio-per-le-politiche-sociali,d66a8c45c8443069,ok,,2347,254,0.002894,2026-04-18T23:41:42.093334
retranslate-20260419-v6,0d1e9f8d-03a9-4112-be5f-875abf21d37f,dialogo-aperto-n-117,93f2c62f-3386-4206-b41a-86b3ed1f63c0,open-dialogue-no-117,a76932c21c9fe137,ok,,5308,2305,0.013466,2026-04-18T23:41:14.113366
retranslate-20260419-v6,0d40a0f7-f018-4c55-9470-582a8329eb36,si-ricomincia,e29c1f80-16fb-495e-bb96-457e4666fe47,starting-over,261486a6e077d56b,ok,,3323,835,0.005998,2026-04-18T23:41:45.236389
retranslate-20260419-v6,0d41123b-ef83-4579-87fa-97da08db2536,problematiche-delleta-evolutiva-incontrarsi-sul-dojo,7883413d-436d-4794-9c52-95a07b86e247,the-dojo-as-classroom-martial-arts-and-childhood-challenges,3a37a91ab3811a96,ok,,3454,875,0.006263,2026-04-18T23:41:48.885268
retranslate-20260419-v6,0dd5a5bf-320a-42cd-8b02-3a713b2ec0dc,purche,ec60e389-72cf-4fbb-bff2-101e16c08bfb,only-if,3b95d2a33383c01b,ok,,3305,925,0.006344,2026-04-18T23:41:59.344233
retranslate-20260419-v6,0dc471fe-3e3f-4a6f-89c7-ebb34b154fe7,dedicato-ai-bambini-flavio,bc2af053-bcb5-4500-8088-afdc72c9844c,for-the-childrenflavio,a055abe908d8b24b,ok,,3757,1374,0.008502,2026-04-18T23:41:55.651370
retranslate-20260419-v6,0dd86432-0a36-4217-9c8c-1de84f833fc6,bilancio-fede-e-luce-1975,02a43467-5aba-4f43-a046-21c1cc08941e,faith-and-light-1975-annual-report,0d6ad7f3d3c6028a,ok,,3173,945,0.006318,2026-04-18T23:42:10.127565
retranslate-20260419-v6,0de1464f-0fa3-4575-8166-3080a1aacbd3,cattedrale-raymond-carver-recensione,ba6107cd-5e6f-4f1a-8f5f-a74151e31057,raymond-carvers-cathedral-a-review,44761154abaa990c,ok,,2953,634,0.004898,2026-04-18T23:42:12.013996
retranslate-20260419-v6,0de86860-8f56-4f11-a42c-3b803e1de7df,la-vecchia-signora-brontolona,a6d76f42-cf5f-4e6f-b0fb-bdbc9989c851,the-cranky-old-woman,9c1a8a7f11fc83cf,ok,,3034,766,0.005491,2026-04-18T23:42:18.935607
retranslate-20260419-v6,0de652c9-5add-44c5-937d-e7be9ad875b7,ho-fratello-e-sorella-sordi,0ea1f728-368f-4de6-98a0-afb2384e4b71,my-brother-and-sister-are-deaf,5f21f7bb68e49487,ok,,3253,919,0.006278,2026-04-18T23:42:17.246983
retranslate-20260419-v6,0df7e1de-1d43-4bfd-a00c-8dec8229f2c1,un-affidamento-speciale,b6494178-90bc-4da4-b81d-036077fe0e80,a-sacred-trust,222e31f5a6d6cb73,ok,,3505,1010,0.006844,2026-04-18T23:42:25.247223
retranslate-20260419-v6,0e07ca3e-787d-40c6-9c14-995e568c4293,fragile,709a0eb7-f87c-4389-a985-5d958061c91e,fragile-0e07,cdc2bb11c0760626,ok,,2692,512,0.004202,2026-04-18T23:42:37.573355
retranslate-20260419-v6,0e053f97-6f21-4bc0-80cd-e732e48a7f3b,accogliere-un-bambino-autistico,6b5ca708-7421-4d7c-9264-7076032a5290,welcoming-an-autistic-child,9ceedbefbd06f238,ok,,6322,2984,0.016994,2026-04-18T23:42:27.676084
retranslate-20260419-v6,0e53ffca-33ff-4003-85d5-5557d204ce75,ti-ricordi-nicole,3ebd9e7a-4439-4664-b085-e8b0124de652,do-you-remember-nicole,54b46f6b05f85adc,ok,,3343,1028,0.006786,2026-04-18T23:43:07.808011
retranslate-20260419-v6,0e6ec1d5-1787-4328-86f9-07d383cadc46,larmadio-dei-giocattoli,7d8ff4e8-7e7f-4710-9b81-857e2c3c4479,the-toy-cupboard,01e8c083f6054214,ok,,3596,1008,0.006909,2026-04-18T23:43:18.466564
retranslate-20260419-v6,0e7188d0-d65a-414d-a391-095e2b0ee5c9,lumanita-delle-persone,d8cc69d6-2083-4666-bf3f-a49bb95f68c0,the-humanity-of-people,9f44b37ce58d77fa,ok,,2992,622,0.004882,2026-04-18T23:43:30.712084
retranslate-20260419-v6,0eb9eff1-c0ec-453f-a350-49b02bba5fd6,un-giorno-dopo-laltro-recensione-libro,d4a76a78-ce51-4e25-bad2-1c651afe4e29,one-day-at-a-time-book-review,7380e20484ea15e6,ok,,2644,475,0.004015,2026-04-18T23:43:37.421003
retranslate-20260419-v6,0e2a8758-9b9d-421b-b922-674296ccd27d,lautista-piu-illustre,32588c54-dc8a-418f-bbba-fd7a7dd77d09,the-worlds-most-illustrious-driver,c6b578a20c3a2968,ok,,3843,1328,0.008386,2026-04-18T23:42:42.052222
retranslate-20260419-v6,0ec50f90-a28f-4d3f-a1c0-a5cf09f24e9d,allasilo-nido-tra-apprendimento-e-integrazione-scolastica,d545f38d-c0b9-43f6-aee9-86c4ceb0d410,learning-and-belonging-one-mothers-journey-through-preschool,456551e1d2e1905d,ok,,4754,1653,0.010415,2026-04-18T23:43:42.077059
retranslate-20260419-v6,0ed7c3b7-9868-4128-bd78-6f3e5afe7459,il-parco-dei-frutti-dimenticati-associazione-il-muschio,03fbb8ad-34f3-4b65-a18c-aa19c696b60f,the-orchard-of-forgotten-fruits-inside-il-muschio,9a78e6800de1c0d8,ok,,4617,1812,0.010942,2026-04-18T23:43:53.369373
retranslate-20260419-v6,0ee0c9ab-fdc7-47ee-8f22-9c762a293480,la-casa-di-dario-associazione-arcobaleno-onlus,71aa7027-7bc8-460b-884f-c109865f8add,darios-house-arcobaleno-association,d55786299805863b,ok,,3745,1157,0.007624,2026-04-18T23:44:06.406266
retranslate-20260419-v6,0ee69b4b-ffc1-49f0-ad45-3110d7ce5f0b,per-voi-e-per-tutti-consigli-pratici-perche-nessuno-venga-rifiutato,2608c6ee-e045-4551-8cc8-2eb5e6fad42e,for-you-and-for-everyone-practical-steps-to-make-sure-no-one-feels-turned-away,3362352a5780f3f6,ok,,3478,982,0.00671,2026-04-18T23:44:17.006743
retranslate-20260419-v6,0ee9bcb6-969b-4017-8f1d-82e81ed5ca2c,dialogo-aperto-n-12,c09db7b5-6888-40c5-8178-5df6d1801be7,open-dialogue-no-12,0f3ce07485d650e7,ok,,3549,1082,0.007167,2026-04-18T23:44:19.643892
retranslate-20260419-v6,0ef4d3f1-0514-47ab-a80d-14edb00fb8d0,associazione-bambini-cri-du-chat,6658bb67-5d6f-4d2a-a1cd-91d44ad277c1,the-cri-du-chat-childrens-association,c548f48ab84281da,ok,,2757,519,0.004282,2026-04-18T23:44:29.128535
retranslate-20260419-v6,0f1a4aa9-e0c2-440a-a6f2-6879422e3290,vieni-e-vedi-a-fano-la-formazione-giovani-di-fede-e-luce,f4f3a068-2486-458e-9f70-c3ef76c8f051,come-and-see-faith-and-lights-youth-formation-week-in-fano,203e3f17d5a5c891,ok,,2426,291,0.003105,2026-04-18T23:44:33.134450
retranslate-20260419-v6,0f268790-4a9c-45c1-bf43-b3c746d3fa1d,mimo-a-san-pietro,40ce5a65-d1cf-4c4d-8a71-198a69b19f9e,my-second-mime-at-st-peters,b67d270def58f32a,ok,,2495,405,0.003616,2026-04-18T23:44:36.475202
retranslate-20260419-v6,0f10224a-0082-4e33-9a5c-7a3bb607a57d,dialogo-aperto-n-17,7d6bed04-43f1-468a-83dc-eb3b22acb880,open-dialogue-no-17,9441328f045383ba,ok,,3187,833,0.005882,2026-04-18T23:44:31.992556
retranslate-20260419-v6,0f2f51cd-bd97-4a29-8d5c-0988da2b46b2,la-mia-principessa-gilda,36ef2303-18bd-4522-b94a-8e027c0594bb,my-princess-gilda,98f04b9d97e753ef,ok,,2348,252,0.002886,2026-04-18T23:44:40.496600
retranslate-20260419-v6,0f3bf05c-7114-4a2d-bf83-fd7c1d2fd09f,archeocasilina-recensione,a4ffae0b-de41-4891-b9da-25fc9960caa7,archeocasilina-a-guide-to-romes-forgotten-east,e0f8e7f22bcbe1d4,ok,,2485,328,0.0033,2026-04-18T23:44:41.034397
retranslate-20260419-v6,0f60b383-26e5-4568-bc4e-1508341cabdd,verso-sera,4afc6045-c57e-4716-ae94-548352ee2770,toward-evening,751b3a8c3b620568,ok,,2983,703,0.005198,2026-04-18T23:44:44.835381
retranslate-20260419-v6,0f5b2ec5-2695-49ac-9c12-ce88e142e6ad,noi-non-io,d7d064ad-39cd-4abf-bd9f-8335ea959730,we-not-i,a4013212dbddee29,ok,,3591,1067,0.007141,2026-04-18T23:44:43.126256
retranslate-20260419-v6,0f757ea7-7590-4fac-b579-dc4158eca3d6,spiritualmente-le-piccole-suore-non-sono-handicappate,35a150cc-c0a5-4457-af24-ee5bcf943b74,spiritually-the-little-sisters-are-not-disabled,6078963d6eb4eff1,ok,,4066,1461,0.009097,2026-04-18T23:44:55.064162
retranslate-20260419-v6,0f87efa1-df17-4d05-a210-c991102b1794,il-dopo-di-noi,120dfaa0-2baa-48ee-b9ef-a8b9b54c4f05,after-were-gone,f6b0ce0fe3667aac,ok,,3705,1190,0.007724,2026-04-18T23:45:11.521236
retranslate-20260419-v6,0f698c73-530d-4596-9c04-8e0f008b4c97,dialogo-aperto-n-135,e4eeac2b-275b-4019-a7c8-823a8c4273b1,open-dialogue-no-135,41c275911b5cfb04,ok,,5277,2303,0.013434,2026-04-18T23:44:52.015839
retranslate-20260419-v6,0f9f90fe-b8b8-4d80-8507-1457464e2200,impegnarsi-e-impegnarmi,45d2f53c-316a-4e16-9d8e-ee9365034fc9,getting-by-hanging-on,ef58d8a532f215e0,ok,,2702,423,0.003854,2026-04-18T23:45:26.394223
retranslate-20260419-v6,0f91b494-e8fa-4156-89fb-744fed06f052,special-olympics-nessuno-si-deve-sentire-escluso,54347ec4-6f36-45aa-a276-47d285ef842b,special-olympics-no-one-left-behind,df0862c6dafa1311,ok,,3340,854,0.006088,2026-04-18T23:45:25.722870
retranslate-20260419-v6,0fb48865-578d-463f-b56c-d44dc934b223,fede-e-luce-incontri-internazionali-e-nazionali-1977,d5359497-9912-4f1b-8556-f850f5f89895,faith-and-light-international-and-national-gatherings-1977,e95e4838fc2affc2,ok,,3363,1020,0.00677,2026-04-18T23:45:35.183253
retranslate-20260419-v6,0fab7d0e-8c31-4ca0-951b-b92fe7ec02f8,jean-vanier-un-profeta-del-nostro-tempo,b20523fa-414a-425e-b5b5-c68e98128201,jean-vanier-prophet-for-our-time,d7d07395f62821c5,ok,,3818,1235,0.007994,2026-04-18T23:45:31.331283
retranslate-20260419-v6,0fece992-fae7-4065-9b64-4b0feed36ff3,diritti-delle-persone-disabili-secondo-onu,28f0ee7a-cd99-4fae-a03b-a2c9617d86b6,the-rights-of-disabled-persons-according-to-the-united-nations,0832f4ea87a23c4f,ok,,3234,838,0.005939,2026-04-18T23:45:45.940222
retranslate-20260419-v6,0feb7748-c2df-4e2a-be57-386c1e13b101,coraggio-immacolata,f8f7f954-a262-46f5-ab8b-90aa92032a5c,immacolatas-courage,ca53a1013703b33f,ok,,3561,1161,0.007493,2026-04-18T23:45:45.005336
retranslate-20260419-v6,0ff7cda6-9b2b-436d-9658-b23753209a84,sanremo-fin-dove-lho-visto-5,9150eb6c-bee6-43fc-83d3-153d7917121a,sanremo-as-far-as-i-could-see-5,a9847610f06e84ae,ok,,4433,1788,0.010698,2026-04-18T23:45:52.267520
retranslate-20260419-v6,102a028e-6bbd-4116-9854-2392ce51bc69,io-prete-ho-adottato-valentino,bec28663-bc89-42d3-a2aa-bba159508462,i-became-a-priest-and-a-father,c989e625419b423d,ok,,4176,1561,0.009585,2026-04-18T23:45:57.002495
retranslate-20260419-v6,10313aa3-0e5f-46d3-b620-a9b28c2d00d4,dalle-province-n-145,60136ae6-0f23-48fb-a522-007f2453af34,from-the-provinces-no-145,f83c45fbd0af4451,ok,,3825,1368,0.008532,2026-04-18T23:46:12.869044
retranslate-20260419-v6,1064d918-f8df-4180-9284-c86d627f54e4,quel-tesoro-nascosto,270e71ec-134f-4fdd-b4dd-e2f9394f3084,the-hidden-treasure,028dd1a171a4bf47,ok,,3780,1163,0.007676,2026-04-18T23:46:16.723940
retranslate-20260419-v6,10967bc5-51f1-46da-babe-75c8a34afcf5,la-nuova-legge-sul-dopo-di-noi-nodi-da-sciogliere,66a26a17-f0aa-49ee-95ac-4c98c6b1aa38,the-new-after-us-law-questions-still-to-resolve,bbcf525c5fb9688e,ok,,4301,1460,0.009281,2026-04-18T23:46:28.788687
retranslate-20260419-v6,11075d8d-2306-4dfb-af5a-aff95cad3017,abbandonati-su-strade-solitarie,f581be8f-be58-4f83-8cf3-1df2485ee4c2,left-behind-on-lonely-roads,3635d4f281cb0b9b,ok,,4246,1593,0.009769,2026-04-18T23:46:32.217557
retranslate-20260419-v6,11482711-1056-47ed-bb3f-67b0fb4ea43c,bambino-giocava-la-luna,e6b5d73a-f6dd-4dcc-941f-2c66df9cd63b,the-boy-who-played-with-the-moon,b7a0f6c9e160e000,ok,,2966,716,0.005237,2026-04-18T23:46:52.004729
retranslate-20260419-v6,11642a63-1000-4c05-8ff9-797ed65e54cd,gioia-e-le-altre-recensione,d6ad5056-665e-4e7a-a6b1-4ff282221a10,gioia-and-the-othersa-review,3b4e222ac7646768,ok,,2488,376,0.003494,2026-04-18T23:46:58.459819
retranslate-20260419-v6,116d691a-490d-43e5-a000-f14179708c7c,dalle-province-n-123,ff8356ec-60c8-40e6-8d80-18ed62bf58fc,from-our-communities,6981cf76553da33e,ok,,3519,1145,0.007395,2026-04-18T23:47:03.029514
retranslate-20260419-v6,117a86ba-17bd-4e3f-ba12-e519499056b2,e-uscita-una-nuova-legge-sullassegno-di-accompagnamento-per-le-persone-totalmente-inabili,42f4831f-92af-4d6d-842b-aa89c4918c35,new-law-establishes-companion-allowance-for-the-totally-disabled,828462f337fa58b9,ok,,2650,464,0.003976,2026-04-18T23:47:15.500961
retranslate-20260419-v6,117caa61-e1d7-4758-8c02-e230429e822d,dove-sei-piccolo-giulio-recensione,4fb5cf38-8a72-414e-b45a-c87c934e710a,where-are-you-little-giulio-review,f5aabc8938a44e79,ok,,2485,349,0.003384,2026-04-18T23:47:19.816565
retranslate-20260419-v6,11813ce0-b5bb-4025-8367-ebf0914d29df,ii-barattolo-di-maionese-e-caffe,dff00810-a640-4116-abe3-34884ca7089d,the-mayonnaise-jar-and-coffee,e2c71751ccb18ca1,ok,,2167,109,0.00217,2026-04-18T23:47:24.291200
retranslate-20260419-v6,118e1aa7-3410-456d-bdeb-f266b3f2612a,le-condizioni-per-una-scuola-cosi,db388097-b3eb-47c2-8f0f-a30ffaf125e7,what-it-takes-building-a-school-like-this,92a9ea0401e20f2b,ok,,3157,772,0.005614,2026-04-18T23:47:26.434354
retranslate-20260419-v6,11a65793-87d6-4c94-8307-f4e67c5d54e5,vita-fede-e-luci-n-60,99017c3a-d614-439b-854a-c9e975a17056,life-faith-and-light-issue-no-60,68260b7b6c723091,ok,,3292,776,0.005738,2026-04-18T23:47:34.855673
retranslate-20260419-v6,11dd3ca3-17e9-4af1-b94f-7d0b9c839d92,essere-comunita-newsletter-n-28,e82adac1-490a-46e1-a10e-65cd870c9249,being-community-newsletter-no-28,4c9cea3e6ec4cfea,ok,,3931,1561,0.009389,2026-04-18T23:47:43.724283
retranslate-20260419-v6,11eaba40-bfed-4599-9d16-da0410240c93,monsignor-von-galen-leroismo-di-una-coscienza,731a2622-2ea2-4d9c-8a27-c38cbce1c7af,monsignor-von-galen-the-courage-of-a-clear-conscience,3793865be4b71676,ok,,3784,1286,0.008171,2026-04-18T23:47:58.006945
retranslate-20260419-v6,11f08dda-01be-4961-a41a-ec3ec6f12706,ma-di-sicuro-torna-il-sereno,ca261c06-06f7-43b5-97f7-5560c54e54a7,the-clear-sky-returns,9c0569161ae91c48,ok,,2614,452,0.003899,2026-04-18T23:48:11.921265
retranslate-20260419-v6,12379f44-83c4-4f21-afac-b1e60b949bb9,la-storica-redazione-ombre-luci,0cfbee9b-562a-4d68-b6f2-6695ec464297,voices-from-the-ombre-e-luci-archives,fa53369fcfea1ba2,ok,,4527,1886,0.011166,2026-04-18T23:48:17.013344
retranslate-20260419-v6,12488a15-5c34-4ba5-be4f-fdac7b5db9a1,dove-siamo-noi,9e91b234-e14e-4e86-941a-0219dfcd6d71,where-are-we,9abc90732cdc2153,ok,,2761,507,0.004237,2026-04-18T23:48:41.277879
retranslate-20260419-v6,125e2980-b9c2-41af-a05e-a59abe178c1e,una-soria-vera,449cf29a-27b6-4b42-b8a5-ec7415585514,a-true-story,ec2d344472852eb5,ok,,5007,2284,0.013142,2026-04-18T23:48:47.052718
retranslate-20260419-v6,12765446-e5d9-41c6-baa5-d9bc4fc49d8e,una-nuova-legge-lamministratore-di-sostegno-per-le-persone-con-disabilita,ca9066a4-1e60-4885-ba64-efafa9fc808e,a-new-legal-tool-supported-administration-for-people-with-disabilities,68bf41c831904fb2,ok,,3806,984,0.006981,2026-04-18T23:49:16.324729
retranslate-20260419-v6,127b5a99-b977-47b7-a557-900268a4f93f,davanti-a-due-tsunami-newsletter-n-19,a57c4738-b511-4701-bc4f-097f32a22dbf,between-two-tsunamis-newsletter-no-19,acb695ddad342bac,ok,,4520,1971,0.0115,2026-04-18T23:49:27.959835
retranslate-20260419-v6,128aaa0e-2931-4d73-8a15-16b94c61dbff,newsletter-09-quando-buio-totale,bf97669e-9da8-420b-a16a-9600a25ab29e,newsletter-no-8-when-darkness-is-complete,7c29c8f388472504,ok,,4178,1690,0.010102,2026-04-18T23:49:52.591614
retranslate-20260419-v6,128cdc76-ed76-4626-87d9-622a1858f775,itinerari-paralleli,42c7b333-2eb7-46d9-8a87-58d59d115c4b,parallel-paths,b9e396e56473412e,ok,,3931,1039,0.007301,2026-04-18T23:50:12.283290
retranslate-20260419-v6,129b50e2-bc93-4b41-ab41-03e078c3a868,per-la-nostra-riflessione-una-croce-di-carta-smerigliata,9cc104bc-3bda-4833-a05f-8dd96f2bf0a7,a-cross-of-sandpaper-teaching-faith-to-children,51fbcfeb58db336c,ok,,3112,794,0.005666,2026-04-18T23:50:50.552576
retranslate-20260419-v6,129bf33c-be13-427c-8b98-2cb8d2ced332,leducazione-delle-persone-disabili-imparare-a-vestirsi,4978e419-4733-4997-8e63-2b0fcded7bc6,teaching-children-with-disabilities-to-dress-themselves,c8b7d61a799521c1,ok,,4889,1847,0.011299,2026-04-18T23:50:59.467290
retranslate-20260419-v6,12b1b32e-380c-45cf-8e2c-47b6aa24c1b9,jillian-la-divina,48e817db-c8c3-4e0e-85e8-6d611a2f96ad,jillian-mercados-revolution,652939bb3250e88a,ok,,3841,1226,0.007977,2026-04-18T23:51:22.853093
retranslate-20260419-v6,113f0a54-4893-4d97-972c-9fd9fd8709ca,una-sconfinata-giovinezza-recensione-film,32c4de1a-6f78-4d49-b19b-bdc8e9205b9c,boundless-youth-a-film-about-remembering,f6d4d1d609d2dbe1,ok,,3143,771,0.005598,2026-04-18T23:46:46.909078
retranslate-20260419-v6,12c7c0b7-d8f8-433e-8dd0-85ebcb838f6d,30-giorni-per-capire-lautismo-recensione,dc939012-748b-40b2-b33d-11ac629ffd93,30-days-to-understand-autism-a-review,905fff81241d8438,ok,,2507,362,0.003454,2026-04-18T23:51:48.867031
retranslate-20260419-v6,12e2fc5f-c96c-41f9-904c-a60db647d2b5,per-rompere-la-solitudine-2,6f6eac33-1d85-4dcb-ae75-c4e329fe7c98,breaking-the-silence-of-loneliness,2b64977e70ec0c71,ok,,2895,571,0.0046,2026-04-18T23:51:52.908037
retranslate-20260419-v6,12f1cbd3-5d79-4cf1-b769-7da15442a4ae,in-cerca-del-padre-storia-delleta-paterna-in-eta-contemporanea-recensione,1bf338e7-2535-4662-8b0b-1b14b88462cd,in-search-of-the-father-a-history-of-paternity-in-the-modern-age,5eda20ca2a1e271e,ok,,3323,889,0.006214,2026-04-18T23:51:59.269225
retranslate-20260419-v6,12f8fe0f-daf2-4885-b8b3-a66db62c7350,giulia-in-arte-clown-cicciola,4dbe4824-1c6c-4ef5-99bd-5e42b7f13a32,giulia-also-known-as-clown-cicciola,51e31aeaf63a1221,ok,,3756,1180,0.007725,2026-04-18T23:52:09.368193
retranslate-20260419-v6,12c40428-2d81-43ec-9773-7a6f6ee8deb8,la-mia-vita-come-una-gioiosa-battaglia-alexandre-jollien,e19a8da0-5512-43e2-9963-529db55bd11d,my-life-as-a-joyful-battle,7fd830d7194636d4,ok,,4151,1520,0.009401,2026-04-18T23:51:38.110723
retranslate-20260419-v6,1329baa8-41f5-48d0-b51d-d62e1bc83780,umili-gesti-tutta-vita,c59e8a9a-f55e-48d9-8ffb-b16050621591,small-acts-a-whole-life,821a26be607d6619,ok,,3193,887,0.006102,2026-04-18T23:52:40.608833
retranslate-20260419-v6,135cf379-a769-4026-a8cd-d0b18a964bbf,il-vecchio-re-nel-suo-esilio-recensione,a4ce0ac1-5a96-408d-a070-4ba70e80b60b,the-old-king-in-exile-a-review,589ac01982906c86,ok,,2590,444,0.003848,2026-04-18T23:52:51.271661
retranslate-20260419-v6,130f57d3-53a9-49c3-9bb0-efca3c3f7c46,notiziario-fede-e-luce-n-13,26794ddb-dc68-4d5f-87e7-2e804c9a4c2b,faith-and-light-newsletter-no-13,afa66f0caf3f7e19,ok,,5591,2458,0.014305,2026-04-18T23:52:25.329892
retranslate-20260419-v6,13861413-06eb-4852-9743-6fb68a007df8,segni-di-meraviglia,6eacc1ae-9106-47e8-9f27-d95eaea5d551,signs-of-wonder,2141165dad11bb82,ok,,3348,885,0.006218,2026-04-18T23:53:00.526108
retranslate-20260419-v6,137c2bd4-8b7a-4742-808e-b63dd55b3d47,la-covazione-di-un-papa,07a52278-d733-43f4-b071-67b8fa9d6f5e,a-fathers-calling,9ac28d15ac2a6a44,ok,,4197,1456,0.009182,2026-04-18T23:52:55.798960
retranslate-20260419-v6,13ab998b-230a-44bb-b23f-adb077d945a6,campane-a-festa,c3708710-5f4f-4417-9342-9d069dc28acd,bells-in-celebration,661e20f1346dea0a,ok,,2775,540,0.00438,2026-04-18T23:53:13.948182
retranslate-20260419-v6,13b91f77-be32-461e-b786-753828e04e42,dialogo-aperto-n-101,842040ae-a324-4b41-971f-db4ec3180ec9,open-dialogue-101,05e9f264781831a6,ok,,4225,1504,0.009396,2026-04-18T23:53:19.476063
retranslate-20260419-v6,13a62468-c126-430a-ab4b-429629482f08,ristorante-i-ragazzi-di-sipario-dove-niente-e-scontato,23bac5f3-7403-4c76-8f87-5e5b2df5a8c1,the-sipario-restaurant-where-nothing-is-given,4e353a9ff17759e7,ok,,5516,2278,0.013525,2026-04-18T23:53:12.656840
retranslate-20260419-v6,13c3091d-541e-4f9d-96df-f4780687f266,qualcuno-aspetta,46ed41bf-9a18-497f-93f3-007b23644bdb,someone-is-waiting,3bf33b614cc4235a,ok,,3568,1056,0.007078,2026-04-18T23:53:39.481135
retranslate-20260419-v6,13e7956d-32bf-49c6-aa64-289ea6ee0df5,il-calcio-spiegato-da-me,b5a7ff48-c8f5-418b-aaf3-975fbe20d164,how-i-understand-football,2a6b96f8da13b2a0,ok,,2837,654,0.004886,2026-04-18T23:53:45.878127
retranslate-20260419-v6,140c839b-4f9f-4560-b358-9c47cb323359,amore-caro,20efc1ff-9c20-4e79-ac6d-7a775cd7127c,dear-love,b4c9a79b90cafb9e,ok,,2379,265,0.002963,2026-04-18T23:53:52.985240
retranslate-20260419-v6,14277843-6047-4613-9a1f-b5351cd8eb4a,curare-lautismo-a-casa-un-opera-damore,0118178b-c37d-4f6e-b7b9-c5541b8c65e5,raising-an-autistic-child-at-home-an-act-of-love,432c8b481ac3eb4e,ok,,4529,1482,0.009551,2026-04-18T23:53:56.271002
retranslate-20260419-v6,13fe2356-879f-4abb-8fd9-aee8f14cb814,nessuna-pieta-che-immagine-trasmettono-dellhandicap-i-mezzi-di-comunicazione-di-massa,37c9dd6f-e175-4074-a5f5-56211df6559e,no-pitywhat-do-the-mass-media-tell-us-about-disability,a091b9417b3346d8,ok,,4655,1846,0.011108,2026-04-18T23:53:52.830602
retranslate-20260419-v6,144b9230-17bb-4f21-8b47-ebe30a00292f,epilessia-indicazioni-di-primo-intervento,02aeac05-4b6f-43f4-81d5-0fa671d28118,epilepsy-first-aid-guidelines,e531ec9151e91a02,ok,,2955,699,0.00516,2026-04-18T23:54:15.238910
retranslate-20260419-v6,1481e650-7b3d-4333-a470-fe2e8eece761,foto-in-bianco-e-nero,876bc648-3967-4b03-9c6c-36bcc543eb6d,a-photograph-in-black-and-white,06ec5d83fe608983,ok,,3349,1019,0.006755,2026-04-18T23:54:20.314700
retranslate-20260419-v6,1479cbc4-5b6b-4865-835d-ea9d2a524068,cresima-marco,4e4bb803-ab46-4edf-88fc-7cea0cf8601a,the-spirit-of-the-lord-is-indeed-upon-marco,15ab91b6dfd52434,ok,,4328,1634,0.009998,2026-04-18T23:54:17.264937
retranslate-20260419-v6,1486b446-cc05-4fd6-8b98-fb1b7769bdc6,a-braccia-aperte,67a1724b-e169-4b83-b9ef-9834a13d0059,with-open-arms,9f80ba94be39dd19,ok,,4900,2029,0.012036,2026-04-18T23:54:31.577670
retranslate-20260419-v6,14c131df-8f16-4471-9fd3-afe90f4224fa,wdsd-2018-giornata-mondiale-delle-persone-con-sindrome-di-down,4bee39fd-3ac9-4423-a67a-661322cbdddf,world-down-syndrome-day-2018-what-i-bring-to-my-community,58a5a0ab33154c2d,ok,,2898,766,0.005382,2026-04-18T23:55:01.458568
retranslate-20260419-v6,14aeb933-78e5-4c6f-b528-88e4295e2c34,testimonianze-dal-pellegrinaggio-di-lourdes-1971,8eeef4ac-178a-442e-b1a1-d98e60b884ce,voices-from-lourdes-the-1971-pilgrimage,c3bcfd48f3270733,ok,,5120,2196,0.01288,2026-04-18T23:54:37.457433
retranslate-20260419-v6,14d99fc6-cff9-4ee1-9498-f68f850d55fe,cara-zia-cosima,f8ff5b2e-2723-446d-ab45-d5f6dd74b14b,dear-aunt-cosima,9b8430ce0768966c,ok,,2910,675,0.005028,2026-04-18T23:55:07.531237
retranslate-20260419-v6,14c294e5-5f26-43c0-be99-c0619b51f200,un-capo-atipico-per-larca,8a11c7dd-3530-4b4e-aff4-72e26aa13210,an-uncommon-leader-for-larche,3a55c3d3deffb7ef,ok,,3557,1138,0.007398,2026-04-18T23:55:06.157453
retranslate-20260419-v6,14ff9503-eb8f-49e7-a3b8-83881c131892,la-forza-del-carattere-recensione-libro,37df9f76-6711-40a5-996f-d3a121388cca,the-strength-of-character-a-book-review,846b90f27096afea,ok,,2364,260,0.002931,2026-04-18T23:55:18.541496
retranslate-20260419-v6,14fc7753-3c0c-4bb0-bc71-d7f897873265,vivere-i-miei-limiti-nella-verita,94a9b59b-b306-4a70-a35e-866f31544728,living-my-limitations-in-truth,1fe951cebc71991c,ok,,4433,1735,0.010486,2026-04-18T23:55:13.696953
retranslate-20260419-v6,152e251f-7145-46e2-a362-114a2f308ed1,la-disabilita-dellinformazione,a99bc21b-329b-4dbb-9fa6-cc3b624259f2,when-disability-goes-unmentioned,e318a3994b1deb04,ok,,5218,1926,0.011878,2026-04-18T23:55:21.764626
retranslate-20260419-v6,153d52e8-a418-4d61-b45f-5c72628a559c,dalle-province-124,b0906632-e9b9-4cec-b426-f7ee551126bd,from-the-provinces-no-124,050df9c0968b0316,ok,,3738,1259,0.008026,2026-04-18T23:55:34.691346
retranslate-20260419-v6,1542a949-fe70-4d61-b338-50ebc1c88952,non-piu-sedici-anni-realta-bisogni-dellhandicappato-diventa-adulto,6016d902-3bef-42e6-8ffa-dc027f8447de,when-they-turn-eighteen-the-disabled-adult-and-the-life-ahead,2b2702b39b2cbc8c,ok,,3029,646,0.005007,2026-04-18T23:55:47.429510
retranslate-20260419-v6,155b2404-32bb-4905-b502-4844d54499b4,ho-scelto-mio-fratello,078c4525-09e2-41d0-8b0e-f25914349710,i-chose-my-brother,3ef778fe2eae11f8,ok,,6410,2970,0.017008,2026-04-18T23:55:49.851286
retranslate-20260419-v6,15688e83-2ae8-4850-b78f-e36248845f17,dialogo-aperto-n-30,c9b4ab69-b010-4c6b-8abb-6fa2df10aa82,open-dialogue-no-30,e57c60286216ae79,ok,,4324,1657,0.010087,2026-04-18T23:56:35.518640
retranslate-20260419-v6,156eb469-6d65-4679-8e0e-a08dfb0c14ac,ascolto-che-guarisce,10ef3460-24a4-4e34-97a5-e5a542456be5,healing-through-listening,90a67e38add1d95c,ok,,2830,546,0.004448,2026-04-18T23:56:55.357319
retranslate-20260419-v6,157494e7-0367-4fd8-ae0b-4403db0d0758,voglio-mostrarvi-strada,6afa8b78-d6b3-41f3-90d4-6c3ff4832db2,i-want-to-show-you-a-path,60740838dd56cfbc,ok,,2867,637,0.004842,2026-04-18T23:57:00.714307
retranslate-20260419-v6,15635408-a691-4b68-aaf7-77b071a4e8c8,maria-de-la-soledad,133e037d-b511-4fe4-9561-cfd5d2fb2fb2,mary-of-solitude,cce6bdadf202077b,ok,,4783,1896,0.01141,2026-04-18T23:56:08.155247
retranslate-20260419-v6,15bfa3b7-ac67-4f9b-ad02-3a70da22d708,roberto-trova-unaltra-casa,93d937ae-30ce-4ae8-a390-e4521b8df74d,roberto-finds-a-new-home,369870c6f74fd28c,ok,,3700,1253,0.007972,2026-04-18T23:57:06.899190
retranslate-20260419-v6,15e04c3f-6a0f-49de-a268-55a32ce190db,i-nonni-possono-fare-molto,6f2737b4-76ce-46e9-a1da-29995d1a5c66,grandparents-can-do-so-much,d361a47d90bdb24a,ok,,3831,1257,0.008093,2026-04-18T23:57:11.565073
retranslate-20260419-v6,15fe23ef-ee5c-4c36-9827-844332e99d6d,centri-diurni-coronavirus,c4b0049a-cdb9-4eb6-9443-9afa85099845,on-reopening-rehabilitation-day-centers,f493fbed5cdf030f,ok,,5383,2256,0.01333,2026-04-18T23:57:22.896305
retranslate-20260419-v6,16349be6-b824-4de7-a42e-cc0b82d2527b,la-disabilita-non-e-una-vocazione-recensione,d1641274-daf1-4b4f-8426-ec3020bae1ef,disability-is-not-a-calling,b339cc0081af7fec,ok,,2381,259,0.002941,2026-04-18T23:57:44.188278
retranslate-20260419-v6,16087ec2-941a-497f-b965-9311fc2a448e,vicenza-centro-di-formazione-professionale-dell-opera-francescana-charitas,de90de4d-bd61-4997-a16c-a243dd41273c,vicenza-the-professional-training-center-of-the-franciscan-charitas-foundation,8d7b78c81941ed2a,ok,,5406,2319,0.013601,2026-04-18T23:57:26.661397
retranslate-20260419-v6,164f5582-821f-4d13-9790-42e89a490d29,a-37-anni-cati-progredisce,dd75a3b0-b756-4dde-8817-5a11488b35c9,cati-at-37-still-progressing,4f4eff7ac163056b,ok,,3794,1240,0.007995,2026-04-18T23:57:46.925142
retranslate-20260419-v6,16542cca-35c1-403c-8902-378f3d4bcbda,willow-vrba,8e8fceeb-e2db-4dc6-a7ca-4b0a9a8e6cba,willow,866a106189014cb0,ok,,2631,479,0.004021,2026-04-18T23:58:02.336068
retranslate-20260419-v6,165249a5-92f6-4830-af14-6a3852955a48,cercavo-di-far-cantare-il-mio-cuore,551d6795-ad30-4324-a5b5-e2404716d9bd,i-tried-to-make-my-heart-sing,82e58fd57efd3211,ok,,3299,972,0.006527,2026-04-18T23:58:00.043801
retranslate-20260419-v6,16585a87-dc1e-4d21-874f-166271305219,da-un-altro-punto-di-vista,ade800e0-86d8-4d76-9390-ecda6be1b1c1,a-different-way-of-seeing,ae6451de34fb10d3,ok,,2862,648,0.004882,2026-04-18T23:58:07.468415
retranslate-20260419-v6,166e6283-a084-4db2-a2b7-e6bfed347cd3,il-suo-primo-grido-fu-di-gioia,c77d8e67-2638-47f8-86ed-9c95053262f8,her-first-cry-was-joy,8324b61ef0810241,ok,,3279,929,0.006339,2026-04-18T23:58:10.274672
retranslate-20260419-v6,16927269-98d5-4187-9495-dda7000c2b67,come-fare-una-buona-vacanza,cee3bb0a-47e1-49ba-b794-34cccb105861,how-to-take-a-real-vacation,6dc89ed99a8912ed,ok,,3431,920,0.006425,2026-04-18T23:58:19.746023
retranslate-20260419-v6,16a2ad8b-ac47-472c-9ffa-e2edd70170dd,la-asl-va-in-montagna,07d5a098-1c53-4cc2-974b-7fe32977dde4,the-public-health-service-goes-to-the-mountains,935836e94c81f842,ok,,3342,916,0.006338,2026-04-18T23:58:21.863756
retranslate-20260419-v6,16a88cb9-6459-44df-b928-cdb6848306ec,mio-figlio-che-non-voleva-vedermi-piangere,aa6849a2-e16d-403e-9438-64be8c3a389e,my-son-did-not-want-to-see-me-cry,a1a6a599ee1a6dd9,ok,,5179,2256,0.013167,2026-04-18T23:58:30.713509
retranslate-20260419-v6,16c5e2bd-6d79-4e25-ae5f-52a34a5d54a0,inizio-nuova-vita,4c6672c5-4f73-488d-8b14-acd6d9514edd,the-beginning-of-a-new-life,1dd18dc9f9c2df0d,ok,,4460,1618,0.01004,2026-04-18T23:59:04.117500
retranslate-20260419-v6,16c68611-4261-48cb-a21e-e2dfb0ac642d,mal-di-nebbia-recensione,b0ff674f-5e04-4db1-a15e-dea625a50862,fog-sickness-review,4f9999e1b19032f9,ok,,2426,312,0.003189,2026-04-18T23:59:18.484011
retranslate-20260419-v6,16a8c89f-e515-4ee1-9b41-bcf010c9321a,dialogo-aperto-n-122,4b6571c7-49e3-4786-b3b1-6ad4fd3b4358,open-dialogue-no-122,986321eb0093895b,ok,,6773,3514,0.019474,2026-04-18T23:58:31.846314
retranslate-20260419-v6,16d4af02-73f7-4762-b1fa-10a493c99f75,disabilita-ed-eta-adulta-qualita-della-vita-e-progettualita-pedagogica-recensione,ecda6424-f712-45c9-b9dd-3186b5b6be15,disability-and-adult-life-quality-purpose-and-pedagogy,90629cb851c8e088,ok,,2613,434,0.003826,2026-04-18T23:59:21.963738
retranslate-20260419-v6,16f2009a-79d3-44a8-96d3-6046b3d67c6a,il-signor-parroco-ha-dato-di-matto,9affe38d-7674-4a7d-b04b-1e6269f231df,the-priest-lost-his-mind,3cac4324f7729256,ok,,2517,396,0.003598,2026-04-18T23:59:22.795660
retranslate-20260419-v6,16f66b63-16ba-4644-886b-23d64bbad737,la-matta-di-piazza-giudia-recensione,83474659-8989-47b0-900a-d5cb1dac8db8,the-mad-woman-of-piazza-giudia-a-review,fd6b44ddb1ef35c1,ok,,2446,347,0.003345,2026-04-18T23:59:26.646468
retranslate-20260419-v6,1702cd27-8afd-479a-9d05-3d81966a4522,principi-di-azione-per-una-equipe-di-animazione,cff0bc70-50ff-4407-9933-c52bc1ed2790,how-a-community-team-works-five-core-principles,19b18373150227ea,ok,,3939,1082,0.007479,2026-04-18T23:59:27.993774
retranslate-20260419-v6,174f8964-89ae-4fe7-a33c-35633096b93e,storia-di-un-uomo-ritratto-di-carlo-maria-martini-recensione,d922ddce-a7b5-430b-87d1-1fd6c478e544,a-portrait-of-cardinal-carlo-maria-martini-book-review,33ef93b5e812ee53,ok,,2860,589,0.004644,2026-04-18T23:59:43.550672
retranslate-20260419-v6,175734ef-cadf-4f91-8c73-cf9399d78305,nuove-tecnologie-e-disabilita-handimatica-2002-di-cosa-si-parla,00c1d596-4375-44d3-95e1-85f637ea8287,new-technology-and-disability-handimatica-2002-whats-on-the-agenda,58ea152b9bcc4603,ok,,2826,591,0.004625,2026-04-18T23:59:49.221425
retranslate-20260419-v6,178a26d0-66aa-4a11-ab9a-8dca9cae082a,giovanissimi-io-e-mio-fratello,68c2157c-f559-4b87-81ea-160473f76670,me-and-my-brother,f3d70c9a7a5927d9,ok,,2649,477,0.004027,2026-04-18T23:59:53.875973
retranslate-20260419-v6,1726f9c5-6928-4ece-8f01-eb9c661983fe,ricordi-e-speranze-dai-questionari-sul-pellegrinaggio-a-roma-del-1975,86e5ffe4-2124-418e-9915-19fa3a15c05b,voices-from-rome-a-1975-pilgrimage-in-testimony-and-hope,5d43a38d3b5f1997,ok,,5389,2479,0.014227,2026-04-18T23:59:29.993773
retranslate-20260419-v6,17d26555-5406-407a-9c8c-09fa61e071c9,declinazioni-di-speranza,9a078ee6-eff4-420d-a6dd-2d368026825f,hope-in-many-keys,412ef016e94178fd,ok,,2802,542,0.00441,2026-04-18T23:59:57.561583
retranslate-20260419-v6,1812345a-6de9-48a0-be99-5dc25f5fabdb,con-cristo-sulle-strade-del-mondo-riflessioni-a-tema-missionario-recensione,61d5ee4d-eeaa-4e89-9caa-79dc0e4aa203,walking-with-christ-reflections-on-mission-a-book-review,9c77d6366f58b2c3,ok,,2326,238,0.002813,2026-04-19T00:00:05.082797
retranslate-20260419-v6,17db9008-1447-4178-a9a7-2d5039b78805,avevano-spento-anche-la-luna-recensione,dda375bf-2c6d-4780-a16b-28fbe398751a,they-extinguished-even-the-moon-a-review,a4fe5c1cc6404735,ok,,2712,540,0.00433,2026-04-19T00:00:03.053267
retranslate-20260419-v6,18124f90-6e01-46a6-8555-7ec6ea14746b,il-paese-dei-pazzi-recensione,bc9592d9-0750-42ae-ab2a-99d7201cde6e,the-land-of-the-mad-podcast-review,3d3f5efa1a173602,ok,,2453,319,0.003238,2026-04-19T00:00:08.188604
retranslate-20260419-v6,182467d9-b188-454c-8766-c61db77e247b,periodo-pesante-su-spalle-e-cuore,ea8efa0b-4bd3-42c6-a431-54d833df0288,a-heavy-summer-on-my-heart-and-mind,373dccc15e2a9feb,ok,,2529,364,0.003479,2026-04-19T00:00:09.772809
retranslate-20260419-v6,1834334e-092c-46e2-9797-00eb2497bc33,segni-di-speranza,0fb5d391-6522-4229-9597-b75ec1307135,signs-of-hope,c6d910a28da2a6da,ok,,3093,752,0.005482,2026-04-19T00:00:12.311217
retranslate-20260419-v6,185a5742-4b65-467d-bdf4-260c76682029,ciao-jean,4a5f2311-a21c-4f13-8dac-cd4c29a0186e,goodbye-jean,3da09ca6801b016b,ok,,2884,676,0.005011,2026-04-19T00:00:19.795445
retranslate-20260419-v6,1846f3fd-39e8-46f3-85d3-161377dcdca2,lettere-a-jean-matteo-mazzarotto,d905a2fc-358f-43c6-963f-bedd7f71000c,letters-to-jean-1846,cdc863963bbc1c88,ok,,3480,962,0.006632,2026-04-19T00:00:14.203966
retranslate-20260419-v6,18708c16-679e-4bf9-a9eb-da63155dd14a,specialita-catechista,99c011a6-dc8c-424d-88d7-3c4b82e75da9,my-specialty-im-a-catechist,b4ad6c1a41ea2d38,ok,,3362,1011,0.006734,2026-04-19T00:00:24.577458
retranslate-20260419-v6,188239f1-9dc4-4635-b4d5-a557b8aeb819,i-nonni-una-tenerezza-in-piu,b52ddc35-f05e-457b-af91-ce37c1f8bcea,grandparents-an-extra-measure-of-tenderness,dba72d5cdb8b6a6b,ok,,3138,726,0.005414,2026-04-19T00:00:34.865319
retranslate-20260419-v6,18774d79-3713-4a4e-8cef-b5cd05418ed5,cose-liperattivita,c88ead07-cbad-476c-b20d-a23813da367a,understanding-hyperactivity,6fe849c5ccd3d2f6,ok,,4715,1793,0.010944,2026-04-19T00:00:27.737469
retranslate-20260419-v6,1890f574-4a4d-4e73-b2e3-59074fb30e7d,che-cosa-fare-con-loro-la-casa-del-sole-e-il-centro-di-solidarieta,2d859622-673c-4c02-810a-4b9dcaf82891,what-to-do-with-them-casa-del-sole-and-the-solidarity-center,78d9feb03757298e,ok,,4007,1376,0.00871,2026-04-19T00:00:44.023387
retranslate-20260419-v6,1893b7cc-fb57-4c59-a345-b62471a35239,hanno-avuto-un-grave-incidente,00f98fde-d04d-413d-a7f2-a9e15b3190ee,a-serious-accident,84a052355d1e4996,ok,,4207,1472,0.009254,2026-04-19T00:00:47.852298
retranslate-20260419-v6,1895694d-9d0f-493f-bdb6-52bce86b55ab,intervista-jeanvanier,97bb2d02-ece9-4552-9d5b-e5a86eb5feed,an-interview-with-jean-vanier-1895,de04a1c4d6787cba,ok,,3746,1100,0.007397,2026-04-19T00:01:00.925184
retranslate-20260419-v6,189fd20b-2198-4f44-beb1-4e9a60859cf4,dobbiamo-svagarci,036b3f68-38e8-45a5-bd24-1693c22fa2c0,we-all-need-to-get-away-sometimes,6bbf8d2e17062101,ok,,2697,509,0.004194,2026-04-19T00:01:08.917662
retranslate-20260419-v6,18b4ab1a-bf12-45d4-a080-d764d7ee061a,nessun-uomo-e-una-pietra,aa0c5265-35e7-43c0-8283-d4437ae72537,no-human-being-is-a-stone,a4167074017eae1f,ok,,5508,2378,0.013918,2026-04-19T00:01:14.370967
retranslate-20260419-v6,18edb49a-6229-41be-91c6-37b85c3e0d24,grazie-per-avermelo-fatto-fare-da-sola,468de99f-1b7b-4088-b6a7-300bddd0071a,thank-you-for-letting-me-do-it-myself,5daf4668f2ab30ed,ok,,3101,778,0.005593,2026-04-19T00:01:48.703438
retranslate-20260419-v6,18f5f3c7-c10e-4eca-b0ff-90e40473fac5,dialogo-aperto-n-72,82e96bf6-34e2-445f-a639-b7543d15cbfd,open-dialogue-no-72,9e4f6f6c2fc1859a,ok,,4119,1543,0.009467,2026-04-19T00:01:57.007546
retranslate-20260419-v6,18ec63b5-e8ef-4b73-a84a-17c6dbeefdb2,non-ha-piu-sedici-anni,5fc91966-6a87-44d5-acf6-31f09d44ed6c,when-disability-doesnt-stop-at-sixteen,f172ba144307be55,ok,,5327,2073,0.012554,2026-04-19T00:01:14.619229
retranslate-20260419-v6,19118003-f119-4390-9e82-e661d30603f3,ombre-e-luci-oggi-ha-ancora-senso,03047da4-6382-4f6d-97b5-f100be1fffc6,does-ombre-e-luci-still-have-a-purpose,9478acf383dc0ca5,ok,,3221,779,0.005693,2026-04-19T00:02:22.800346
retranslate-20260419-v6,19055a68-a5a1-4cb3-8842-4ca46e0a5def,dopo-la-scuola-dellobbligo-una-scelta-difficile,30bb365c-554e-4094-8ecd-2953bf320bbc,after-compulsory-school-a-difficult-choice,f588843945e5e924,ok,,4221,1462,0.009225,2026-04-19T00:02:16.890379
retranslate-20260419-v6,194a8d85-d1a2-47c5-adf8-c26c0d32a830,da-meditare-senza-fretta,a1bbbf6b-b977-41af-b9e9-cfc9a125ce22,read-without-rushing,9f66e1f45337af64,ok,,3736,1245,0.007969,2026-04-19T00:02:35.430173
retranslate-20260419-v6,1933d9cd-94f5-4104-b5bc-488a519da30b,alberta-e-la-rivoluzione,a4a1462d-3a63-4e29-a583-12bc0efda1e0,alberta-and-the-revolution,0c4e5d4a417baa44,ok,,4515,1725,0.010512,2026-04-19T00:02:32.437706
retranslate-20260419-v6,195c1df1-3497-495d-8f0d-cb669fc41cc9,niente-giochi-nellacquario,e5ffc48f-35df-4faa-885b-056cbb07637d,no-games-in-the-aquarium,8ccd6e82e769b444,ok,,2486,373,0.003481,2026-04-19T00:02:56.492491
retranslate-20260419-v6,19530dd6-5e91-4aa0-9d31-6ec457cf3acb,sempre-damigella-mai-sposa,7dda32de-740a-4879-8979-81ab7953d407,always-the-bridesmaid-never-the-bride,5f248ded565d3b00,ok,,4179,1459,0.009179,2026-04-19T00:02:50.392413
retranslate-20260419-v6,195eacec-a4e0-4ce6-8f39-84e6a8780472,giacomo,6f48e75f-78b9-445f-9645-a5a56bbd8753,giacomo-195e,8c60c267e92a3c13,ok,,4793,2105,0.012254,2026-04-19T00:03:01.013067
retranslate-20260419-v6,19889a58-b4dc-4e9b-8942-5e15e51351df,il-mio-nome-e-trappola-la-favola-di-anna,5560fac3-6983-46b2-a491-fb248ff13731,my-name-is-a-trap-annas-story,9b4da32e1e9cb077,ok,,3222,844,0.005954,2026-04-19T00:03:30.242218
retranslate-20260419-v6,19cf0c13-ffba-429b-bff1-5098835dd3a5,il-diritto-alla-vita-prima-della-nascita-recensione,2d66da88-73df-456e-b84d-f516aeec962f,the-right-to-life-before-birtha-review,59b00fffb22dc594,ok,,2653,439,0.003878,2026-04-19T00:03:40.104502
retranslate-20260419-v6,196e737b-5057-4d8c-b6a1-b7ea83a5416f,isolato-ma-immerso-nella-vita,dc95c944-fea0-431f-87ec-99f0ec4e25c9,isolated-yet-alive-to-the-world,21ddd3adfdccd372,ok,,3903,1488,0.009074,2026-04-19T00:03:08.347253
retranslate-20260419-v6,19d772b4-174f-4f09-b177-6d40d9826780,pretese-fuori-mercato,635ad6f7-1dae-4842-83d1-aaeba99f0667,beyond-the-marketplace,0982156084381169,ok,,2953,678,0.005074,2026-04-19T00:03:44.794785
retranslate-20260419-v6,19dea50a-c59f-40f4-83cb-2c9c1b17d87b,dopo-di-noi-i-nodi-da-sciogliere-della-nuova-legge,2603fb94-62f6-4e60-87b2-e3df4f41d3b0,after-us-the-unfinished-work-of-italys-new-disability-law,eb6a072823df1d2b,ok,,4281,1436,0.009169,2026-04-19T00:03:47.380112
retranslate-20260419-v6,19e31726-4e6a-45e5-9c8c-94fc6258ce4c,la-tua-parola-tutti,56959c45-1b1f-45c3-8ee3-cb432b5cba16,your-word-is-for-everyone,9dc11fc6e58a8fac,ok,,4012,1256,0.008234,2026-04-19T00:03:52.560362
retranslate-20260419-v6,19f1fecb-d7bf-4e93-b92c-e38efa1e105c,come-and-see-meeting-dei-giovani-ad-alicante,6d45ca8f-0659-491d-81e1-68325a4f7588,come-and-see-the-youth-meeting-in-alicante,b4db5a3ba282f710,ok,,3120,752,0.005504,2026-04-19T00:04:06.011523
retranslate-20260419-v6,1a311ea3-c9e8-4741-b85e-818bb7c467bc,pasqua-significa-passaggio,dc5e6762-e83a-48a2-b661-3328ef096c79,easter-means-passage,3d4655fa8b227b6f,ok,,3068,743,0.005426,2026-04-19T00:04:14.504883
retranslate-20260419-v6,1a4b6fe7-ca00-42bc-89df-e556d0b42688,incontro-internazionale-preparativi-e-spiritualita,458497fc-6b7f-4f69-9275-cd181828a2ff,an-international-gathering-preparation-and-prayer,4a97ec5399fc2b84,ok,,2826,559,0.004497,2026-04-19T00:04:22.553826
retranslate-20260419-v6,1a054e8a-7339-499f-b1be-27b187efa0f5,rendere-viva-la-messa-unita,80bd098d-9799-4544-b5e5-ba1d109e00c4,bringing-the-mass-to-life-making-it-one,606b3e5ddc0868a7,ok,,4904,2011,0.011967,2026-04-19T00:04:09.511727
retranslate-20260419-v6,1a5c8c50-cb50-428c-b82c-0dabbf1cd8bf,il-manuale-della-buona-educazione,f2724861-c299-450c-beb1-c87c4b69ed86,the-handbook-of-good-manners,a9b43e18709ab123,ok,,2793,585,0.004574,2026-04-19T00:04:29.362050
retranslate-20260419-v6,1a9efc85-58f9-4303-96c2-8334a2ec0aad,nove-punti,42048727-ce1c-486b-9aea-d92ed8622d43,nine-dots,252c15b9261fb9bd,ok,,2896,671,0.005001,2026-04-19T00:04:34.787882
retranslate-20260419-v6,1ab0151b-d45f-4284-8e61-bea974fcc6f5,se-arianna-recensione,a1f644a8-971e-4ab1-96e0-b01b124d436e,if-arianna-book-review,394dfd397818f1eb,ok,,2571,420,0.003737,2026-04-19T00:04:40.903016
retranslate-20260419-v6,1a9844ba-df65-48be-b95b-92d62c8c01cd,viale-di-valle-aurelia,fa830337-be73-41f1-ab3f-da141ff5e9cc,valle-aurelia-boulevard,f5b3bec7b42fd344,ok,,3502,1145,0.007382,2026-04-19T00:04:34.561087
retranslate-20260419-v6,1ad8e744-6692-464b-8285-9175ffa66d00,cinema-e-disabilita-i-3-film-di-gabriele-niola,df96078d-78fe-4f70-aece-3b220139c861,three-films-on-disability-gabriele-niolas-selection,0d258c662ca3d3da,ok,,2168,96,0.002118,2026-04-19T00:04:48.473500
retranslate-20260419-v6,1ac02678-675d-4c39-b086-842812898095,una-foto-da-hong-kong,bc7043d3-a6fb-48d9-904a-90ca53005523,a-photograph-from-hong-kong,af18afcb7196adfe,ok,,2968,751,0.005378,2026-04-19T00:04:45.373267
retranslate-20260419-v6,1b253602-701a-457c-9861-184d86ee11c5,formazione-morale-e-disabili,03bf19b2-ec2f-433f-8734-f504bda833ea,moral-formation-and-the-disabled,5fc1c78b5bf7c031,ok,,3434,1013,0.006799,2026-04-19T00:04:51.603680
retranslate-20260419-v6,1b3ed840-da29-44ea-9a36-9c240d48836b,se-assisi-1978,6bc69980-7c38-45a7-83ce-1db762b25191,if-assisi-1978,6d467d2a49d3228c,ok,,2354,259,0.002919,2026-04-19T00:05:03.480528
retranslate-20260419-v6,1b5620ad-c6af-468e-9d1c-6fd07aafc5e6,beati-i-poveri-suggerimenti-per-le-tra-giornate-ad-assisi-1978,7adf5b27-bf02-4948-88bf-da9eb79ed83f,blessed-are-the-poor-a-pilgrimage-to-assisi-1978,66931df07dcd2d3f,ok,,5492,2623,0.014886,2026-04-19T00:05:06.188119
retranslate-20260419-v6,1afbfa18-67d2-473f-88d8-5e72e11e6df0,al-rientro-dalle-vacanze-campeggi-campeggi-ancora-campeggi,dbc7a769-7c01-4319-aa24-b971f6ab910e,back-from-vacationnothing-but-camps,5cfcfb1fdeab645b,ok,,7273,3773,0.02091,2026-04-19T00:04:50.453615
retranslate-20260419-v6,1baa19df-79c7-44ac-ae14-dd9db9b44dbc,10-buoni-motivi-per-fare-volontariato,38fb43ae-1509-4c88-a2ac-5d306e78d16a,10-good-reasons-to-volunteer,3a2bd3464ad6c219,ok,,2727,512,0.00423,2026-04-19T00:05:46.704781
retranslate-20260419-v6,1bdef268-278f-4d0a-b54d-5b98cd327a48,alzheimer-ancora-sempre-per-mano,3b03ab9b-6522-45e0-aeaf-1afc6e59372d,alzheimer-still-always-hand-in-hand,c43fb24e65ae55ba,ok,,3551,1071,0.007125,2026-04-19T00:05:51.859612
retranslate-20260419-v6,1be4e3c5-9b63-4061-8bd3-519c9bea45d2,una-mamma-di-bambini-normali,06b47cab-8ebc-43e6-92af-abcb7eb7bd18,a-mother-of-normal-children,3b8cdb475d78e9b4,ok,,2779,546,0.004407,2026-04-19T00:06:05.029435
retranslate-20260419-v6,1b82b5b0-1766-4e52-bd19-d59ccfb65955,vita-fede-luce-n-16-corso-formazione-ilkley,7f90a616-f937-4097-b5cf-892a126d32ee,faith-and-light-at-ilkley-an-international-training-course,366e5a042509c5af,ok,,5660,2405,0.014148,2026-04-19T00:05:38.884134
retranslate-20260419-v6,1be6fbc4-b9ad-4969-ba0e-f3826f8d0178,le-spalle-di-dio-recensione,b5300e92-1510-40da-b70f-013941c9092f,gods-shoulders-a-review,d58ce652a799126c,ok,,2403,290,0.003082,2026-04-19T00:06:11.283997
retranslate-20260419-v6,1bfe42b2-3bee-4e48-af8e-258f0ad018c7,odoardo-focherini-un-giusto-fra-le-nazioni-recensione,953a0b67-0c03-41d3-b891-ee042a1f7cfa,odoardo-focherini-righteous-among-the-nations,5543ac35ede8f2c3,ok,,2499,357,0.003427,2026-04-19T00:06:15.130138
retranslate-20260419-v6,1c136fc2-e196-47b2-b5bc-f6d5cd7f3cb9,dialogo-aperto-n-104,d357d5d5-6626-4823-8cf4-fe28c3781237,open-dialogue-104,ac7e77253d662cef,ok,,3409,1020,0.006807,2026-04-19T00:06:18.845620
retranslate-20260419-v6,1bfddd2d-5d82-4fe2-b39b-7192cbedde19,liberi-di-vivere-come-tutti-prima-conferenza-nazionale-delle-politiche-sull-handicap,e416d1a4-5f6f-4c52-8de1-00862685216a,free-to-live-like-everyone-else-italys-first-national-conference-on-disability-policy,3a45da94e66f0220,ok,,4710,2022,0.011856,2026-04-19T00:06:14.356807
retranslate-20260419-v6,1c2cb0a5-f1c4-44e0-994f-c82eed672721,quelli-piu-simili-a-lui,4a8d472c-55d3-45e7-ae23-83c8cc6fcfe2,the-most-like-him,4ba0b4e9c0a96cbf,ok,,3189,827,0.005859,2026-04-19T00:06:35.371617
retranslate-20260419-v6,1c206c15-7fd8-4aa9-871e-2242fefd4bfd,anche-se-non-ho-voce-anche-se-non-sento,83921448-58c1-405e-ad0d-0031353292e4,even-without-hearing-even-without-a-voice,48c66bb50b4553e2,ok,,3788,1334,0.008366,2026-04-19T00:06:30.396869
retranslate-20260419-v6,1c329bb8-7cdc-4860-b4e4-a84d2d08b68a,a-parigi-al-caffe-della-gioia-che-piace-anche-a-brigitte-macron,c8cac1fb-68f5-4767-b2c4-8e59a742924a,cafe-joyeux-how-a-french-cafe-chain-is-changing-livesand-turning-a-profit,566901e8b6380a26,ok,,3329,1047,0.006851,2026-04-19T00:06:44.459990
retranslate-20260419-v6,1c46e650-65a9-4603-9c71-c216110bf1d5,prima-di-andare-a-letto,bdc095f1-eb38-485c-98db-8cdaa1127bcc,bedtime,5088556fb1fd9963,ok,,4997,1971,0.011882,2026-04-19T00:06:47.768071
retranslate-20260419-v6,1c49d57d-1a09-452c-b0ad-4e168aa382b9,casablu-un-condominio-speciale,76f7e218-ab09-42cb-8514-cad58839c5a5,casablu-a-home-like-any-other,51128eb19542a413,ok,,4759,1937,0.011555,2026-04-19T00:06:55.788296
retranslate-20260419-v6,1c4d26c7-f5a3-4de2-84c3-efa2a58e3512,gossip,5efe3a8b-485d-48df-804a-1fcd2ee08bd1,gossip-1c4d,3b69ebf516e72a5c,ok,,2757,565,0.004466,2026-04-19T00:07:16.242525
retranslate-20260419-v6,1c6d3d5c-4aad-4bab-9784-6060bf9f2ceb,e-sempre-pasqua-il-macigno,32cf1e3d-9e5a-4f7c-93be-c0e49075a5bc,it-is-always-easter-the-stone,308fb355f29cde03,ok,,2487,319,0.003266,2026-04-19T00:07:22.260559
retranslate-20260419-v6,1c5e6faa-c7e1-430d-8ada-dcd087c1967d,accarezzando-insieme-lerba,ccded0de-db79-425e-a046-a6ee4cf3136d,touching-the-grass-together,91a802277268e40d,ok,,4693,1742,0.010722,2026-04-19T00:07:21.617070
retranslate-20260419-v6,1c7c61b9-fe40-497d-ab14-e9e4ca8d7aa2,dialogo-aperto-n-55,7bc4ea89-704c-4a0c-8c98-408077f48744,open-forum-no-55,7fbf35a970db30ce,ok,,4200,1534,0.009496,2026-04-19T00:07:25.192775
retranslate-20260419-v6,1c9cd379-ac8c-4399-97d6-c1f5103a24bf,se-ci-sono-novita-sono-contento,e01b9e2b-7fac-4097-8ae0-1769cbf82752,if-theres-news-im-happy,dd1019d8ed1767ba,ok,,2744,574,0.004491,2026-04-19T00:07:45.211204
retranslate-20260419-v6,1ce42857-67d4-4131-a070-87e1284503d8,mamma-ti-posso-parlare,eb2cd0c8-8237-43be-a808-76399522ffbf,mom-can-i-talk-to-you-a-review,14e15017d5a16c1a,ok,,2458,315,0.003226,2026-04-19T00:07:51.058818
retranslate-20260419-v6,1cd12122-424a-43ee-8c15-677d1801d4c0,e-ci-aiutiamo-a-camminare,7666ca1b-4c03-4e62-a03a-063011dd978f,we-help-each-other-walk,01865836cb0b2417,ok,,3270,802,0.005824,2026-04-19T00:07:45.794472
retranslate-20260419-v6,1ceb6a33-9ae5-4510-8f47-6c1ccb900498,mi-volevo-fermare-ma-non-ho-potuto,254a2337-7fcf-42ad-87ab-02d23a2f0707,i-wanted-to-stop-but-i-couldnt,db0690cd1adf4fbe,ok,,2986,769,0.005465,2026-04-19T00:07:54.731708
retranslate-20260419-v6,1cf94acd-0e13-4238-b051-14bffaf6f684,the-specials-recensione-tersigni,ae4a5999-0fac-4640-a14c-70b75ea2d8cb,the-specials-a-film-about-radical-inclusion,7d6e831d7e9dbc4d,ok,,3859,1119,0.007563,2026-04-19T00:07:54.887492
retranslate-20260419-v6,1d053491-2bdd-48cc-8efe-9143399056e1,meb-pittore-gioioso-le-conquiste-di-un-mongoloide,f30ccb7b-b421-4dbb-8225-821708fdfc31,meb-the-joyful-painterone-mans-triumph,5edb4a04b31912ad,ok,,2587,420,0.00375,2026-04-19T00:08:10.182635
retranslate-20260419-v6,1d2707cc-251a-40fb-8953-31d76d400591,tutti-a-bordo,6ab25603-92f1-4c55-89c0-0d9b38161168,all-aboard,96ffd6fb7068e636,ok,,2691,483,0.004085,2026-04-19T00:08:14.412556
retranslate-20260419-v6,1d3f03e3-f92d-49fd-a492-4a87dda5717e,mai-piu-soli-lavventura-di-fede-e-luce-recensione,6fa5c026-ce2b-492a-af5e-2ffb2ce52eb2,never-alone-the-faith-and-light-story-a-review,e9126bea3cea6005,ok,,2793,560,0.004474,2026-04-19T00:08:19.651403
retranslate-20260419-v6,1cfac70a-ca37-4c4e-8580-ae7527a8ae1c,fame-di-normalita,65f6a1ef-3969-4fd1-b3e2-b1c34e9e9d65,the-hunger-for-normalcy,b114dff3ec29eef4,ok,,4781,1857,0.011253,2026-04-19T00:08:02.726093
retranslate-20260419-v6,1d4cc1fd-f381-4b46-87a8-a9b161622abf,francesco-portatore-di-handicap-sorride-alla-vita,98a605d9-7f74-4390-9178-d6e9bcd90b3f,francesco-a-life-of-dignity-and-joy,fcba61f10390fc79,ok,,2968,659,0.00501,2026-04-19T00:08:25.507993
retranslate-20260419-v6,1d5a32ae-af60-46d4-bc98-869eae280636,benedetta-raccontata-da-sua-sorella,e09f0553-bc09-4ad3-83c6-8bea3697a16e,benedetta-a-sisters-portrait,8a34274c5fed872e,ok,,3358,1011,0.00673,2026-04-19T00:08:29.393225
retranslate-20260419-v6,1d692fa6-eff4-4405-bdf7-aa7bdd033851,dalle-province-n-138,57be5ff2-5b9b-4bf3-bce5-06a5e46bfa28,from-the-communities-issue-138,0a617fd020adc52f,ok,,3442,1079,0.00707,2026-04-19T00:08:32.755825
retranslate-20260419-v6,1d786811-cb4c-4c1a-8693-852740ac77c0,carlo-gnocchi-gli-scritti-1934-1956,88d2067c-55a4-45c6-ac36-4276f19c72b7,carlo-gnocchi-selected-writings-19341956,dc52467223fac3b4,ok,,2834,605,0.004687,2026-04-19T00:08:40.344847
retranslate-20260419-v6,1d8c36a5-2003-42eb-86ca-0e17f6a1c33d,perche-questo-insieme-speciale,d1840c3b-a4be-4fe0-a60c-8270c6d709ca,why-together-special,785ab70fdcf532f4,ok,,2770,490,0.004176,2026-04-19T00:08:46.224965
retranslate-20260419-v6,1dd0982f-8168-4551-af03-1d4fc8a44963,comunita-il-ricino-di-giona,be14680d-daa7-4ab3-b80a-ebb07fb506ff,il-ricino-a-community-called-home,67cdb3d379d245e0,ok,,3971,1194,0.007953,2026-04-19T00:08:51.728252
retranslate-20260419-v6,1dd04fb0-0388-47e0-ab31-fd4b14c9c633,eccomi,df56f260-480a-4f84-ad92-06c5b047db59,here-i-am-learning-to-say-yes-with-mary,86df0e12fe4c9bb7,ok,,5206,2191,0.012929,2026-04-19T00:08:46.326338
retranslate-20260419-v6,1ddc9904-d2dd-4002-850f-3c26a1131aec,vita-fede-e-luce-n-10-ricordo-di-don-dario,67911724-3cc4-442c-a1cf-85b70e994a86,in-memory-of-don-dario,120a725e8c26b180,ok,,5417,2494,0.01431,2026-04-19T00:09:07.727487
retranslate-20260419-v6,1df11293-1cc9-4b3a-943f-f00b3d40c4ab,si-chiude,b289f837-022c-416b-94c9-a7e6085aa1b7,it-ends,959707f6cbf35e44,ok,,2063,31,0.001774,2026-04-19T00:09:40.367883
retranslate-20260419-v6,1df08cc7-b311-4dd1-8ba8-7d0a9869dad0,un-panorama-riscoprire,43192a6a-d65e-424e-a7bb-9e20cfe22200,a-view-to-rediscover,7d023b2ee2e00c1e,ok,,5167,2094,0.01251,2026-04-19T00:09:14.777484
retranslate-20260419-v6,1e1056ea-d2ec-45b0-a00e-765be878839d,dalle-province-n-125,b79ee8bb-51ec-4ad4-9679-8aba5da1d0cc,from-the-provinces-issue-125,1bfee604d71e2738,ok,,3356,936,0.006429,2026-04-19T00:09:41.535135
retranslate-20260419-v6,1e287c98-f0c7-4be5-8e83-434f9600076d,giochi-2022,b143d587-1c2b-40ea-9323-e07c1116e372,summer-fun-and-games,c23dc0b2e612ee7b,ok,,3318,1025,0.006754,2026-04-19T00:09:43.625943
retranslate-20260419-v6,1e3d716b-a5eb-4d3c-a1c0-3ca5d867b1f3,lei-non-entra,999abb02-7064-4e04-b3db-460b2f10fb81,she-doesnt-come-in,140cd629563d54da,ok,,4440,1710,0.010392,2026-04-19T00:09:52.153757
retranslate-20260419-v6,1e4adf82-446e-430f-9bfb-8d756034a96b,perche-il-dolore-qualche-riflessione,f2b791f7-a11c-4242-962a-932b5f8862dd,why-suffering-some-reflections,0a17b4986f37651f,ok,,5252,2475,0.014102,2026-04-19T00:09:54.170849
retranslate-20260419-v6,1e70f7f9-0c38-4bbc-989b-a8f63405c2e0,dal-diario-di-un-insegnante,d3d6f15e-3a60-4b4b-9697-7588faef7ddd,from-a-teachers-diary,3ccc5053dc17c380,ok,,4026,1449,0.009017,2026-04-19T00:10:27.974063
retranslate-20260419-v6,1e801f37-9b2a-45ea-9000-b67c23294f59,bianco-su-nero-recensione,5dc0bdd6-3db9-4bff-8ed7-76f31413d50e,black-on-white-a-review,413e8315195b5c64,ok,,3901,1388,0.008673,2026-04-19T00:10:47.532107
retranslate-20260419-v6,1e8f4c46-29d4-46f3-a7f0-7a9eb36aade9,il-bambino-difficile,da113966-1c9b-4da2-be55-1e83a0fbde0e,the-difficult-child,fc0b901ff30ed6f0,ok,,3883,1198,0.007898,2026-04-19T00:11:03.943318
retranslate-20260419-v6,1e96c318-bbae-4dde-b493-f4134146c466,la-famiglia-messa-alla-prova-dalla-disabilita,95513ef5-e84d-466a-b392-5f873ae4cf41,when-disability-tests-a-family,b7a669d6b2d977d1,ok,,3972,1106,0.007602,2026-04-19T00:11:18.461056
retranslate-20260419-v6,1ecedcb5-d3c5-4c47-bc28-bcd4f3188ec5,lo-zaino-di-emma-recensione,82f24d2d-8f6b-482a-9b61-6aaef12af428,emmas-backpack-a-book-review,3c10afe0fd5a0989,ok,,2561,406,0.003673,2026-04-19T00:11:32.952419
retranslate-20260419-v6,1ed8d481-9b00-4d30-ab2e-9ff69f6c7587,vita-fede-e-luce-n-4,d0dfba2f-5a7e-41d2-860e-90ea9b3b146d,life-in-faith-and-light-no-4,886e74de5ca5c958,ok,,3205,819,0.00584,2026-04-19T00:11:37.702683
retranslate-20260419-v6,1ede47d6-1387-4aa2-b4d9-09e50016144b,il-mondo-delle-cose-senza-nome-recensione,60775dde-bd94-448d-9645-26608c94584b,the-world-of-unnamed-things-a-review,d394da0ad675207e,ok,,2339,271,0.002955,2026-04-19T00:11:45.502569
retranslate-20260419-v6,1ee3b18b-64dd-40e1-bc58-49638785462f,la-seconda-occasione-recensione-libro,d5c9e080-d579-4b49-b0cb-14bda898419a,a-second-chance-book-review,854ee523637bbe12,ok,,2435,313,0.0032,2026-04-19T00:11:48.669826
retranslate-20260419-v6,1eef1684-6f9b-46ed-8d66-587843744aae,fede-e-luce-giorno-e-notte,f2584ee6-b756-4c5d-8888-6ec9355995dd,faith-and-light-day-and-night,7d802b77e834a627,ok,,3814,1264,0.008107,2026-04-19T00:11:51.983162
retranslate-20260419-v6,1ef1948a-e06c-4538-8aa1-ec80869367e3,liguana-non-vuole-recensione,df283c60-838d-47b9-bddf-5fa2383fc681,the-iguana-wont-cooperate-a-review,7d589373d4510716,ok,,2545,365,0.003496,2026-04-19T00:12:07.995511
retranslate-20260419-v6,1f1bad49-f8d9-4d50-b3f3-c670594f6b4d,tre-tazze-di-te-recensione,6dceac83-dc65-4c7f-b2e9-d13d85680687,three-cups-of-tea-review,b2b944295cb2eae7,ok,,2561,431,0.003773,2026-04-19T00:12:12.861191
retranslate-20260419-v6,1f2a3437-11f5-4a77-8453-eaccef4b0ad3,proibito-amarlo,38b7ac71-71ba-4564-963a-a4b6a8aeece2,forbidden-to-love-him,fe1159a10885b339,ok,,5176,2330,0.013461,2026-04-19T00:12:18.791472
retranslate-20260419-v6,1f35b790-f44b-4764-9376-d4526946ece1,bambini-e-autismo-mosaico-della-pace,78a5506c-dfaf-43f3-bfde-42eb8b33d833,children-and-autism-a-mosaic-of-peace,642f42af767d86cc,ok,,3483,1056,0.00701,2026-04-19T00:12:51.557150
retranslate-20260419-v6,1f5c7c0a-c892-4d0c-8e67-9eda8a1fc072,dopo-di-me-il-diluvio-commedia-musicale-del-gruppo-fede-e-luce-di-san-paolo,04db3328-c28f-43e8-94ae-c22207d5b127,after-me-the-flood-a-musical-comedy-from-the-faith-and-light-group-of-san-paolo,5a332d377d32060d,ok,,4898,2006,0.011942,2026-04-19T00:13:01.569572
retranslate-20260419-v6,1f7dff02-d357-471b-8619-1e7875d9eda8,vita-fede-e-luce-n-147,7032c740-c90b-466d-93b0-8937b60e1ea2,faith-and-light-issue-no-147,198963f119cb81f9,ok,,3352,939,0.006438,2026-04-19T00:13:30.525269
retranslate-20260419-v6,1f8b4102-6f81-463a-b9fa-339c7488eb3c,lesperienza-della-solitudine,9c1ef1e7-7cfb-4180-b682-a72aa6afa223,the-loneliness-of-parents,45737dce784b4dae,ok,,3635,1109,0.007344,2026-04-19T00:13:40.909723
retranslate-20260419-v6,1f8c2829-2b37-4e63-9571-a6e383172aaa,integrazione-scolastica-il-sostegno-serve-ai-genitori-dei-ragazzi-sani,413ca2c4-d95f-4dfc-84c4-64b5d5ab737d,school-integration-the-real-need-is-supporting-parents-of-non-disabled-children,797aa183cd7f5fec,ok,,3519,927,0.006523,2026-04-19T00:13:53.743526
retranslate-20260419-v6,1f9c42d1-69bc-46a8-879b-29a2c19c99fb,crescere-insieme,1481cb93-7e0d-42b7-b771-20af974cc4e1,growing-together,d998bc9e3b41046c,ok,,3567,1076,0.007158,2026-04-19T00:14:05.402266
retranslate-20260419-v6,1fb1759a-3843-485f-8260-8b987438a7f5,fede-e-luce-si-ci-siamo-anche-noi,155bed73-fdde-44ba-ac2e-2abdd7e50af3,fede-e-luce-we-are-here-too,803db2633459c810,ok,,5102,2128,0.012594,2026-04-19T00:14:18.309741
retranslate-20260419-v6,1fd3515f-d496-458f-ba48-71347e665ba3,terra-e-polvere-quando-due-vite-scartate-si-ritrovano,13a50121-17d2-4257-bf9b-4046243baf76,earth-and-dust-when-two-discarded-lives-find-each-other,c9969621882a33c6,ok,,3218,848,0.005966,2026-04-19T00:14:48.466017
retranslate-20260419-v6,1feeeab7-4366-4b2a-a497-982df1e217a7,per-dire-grazie,ca90f2f8-9151-46d7-8409-ec3f0d757aed,a-word-of-thanks,77379cc38a2240c7,ok,,2713,486,0.004114,2026-04-19T00:14:57.152699
retranslate-20260419-v6,1e6bde7e-707c-49b7-908f-456a389e08e9,indice-articoli-per-argomenti,,,314ead60c13dce04,error,Quality gate fallito: HTML: tag count: 473 orig vs 304 trad,,,,2026-04-19T00:10:13.277914
retranslate-20260419-v6,203d6a48-edf2-4f44-8af6-3d60327b16c2,aspetto-ci-accorgessimo-2,d138c8cf-ba24-46ee-b454-99fb1d40b543,he-waited-for-us-to-notice-him,dc2e8776d833a1bf,ok,,3839,1347,0.008459,2026-04-19T00:15:02.162779
retranslate-20260419-v6,204b42a4-53db-488f-9023-9a84db4511ce,sembra-ieri-newsletter-estiva-n-24,e52288cd-5474-4b8d-b074-a455a71ec50d,it-feels-like-yesterday,8263fda51570ddf7,ok,,3916,1583,0.009465,2026-04-19T00:15:08.545096
retranslate-20260419-v6,204dc2f0-8ca8-4472-ba1a-5dc48dbb8403,mio-fratello-era-handicappato,66d433a9-e075-4a35-932b-ea0ac7b6b5b4,my-brother-was-handicapped,f860f3cbd69b534d,ok,,4361,1543,0.009661,2026-04-19T00:15:19.989366
retranslate-20260419-v6,2053e9b3-05d2-4653-aed7-c7b728ac2380,notiziario-fede-e-luce-calendario-1978,eb01e92a-42e2-457f-8310-1dc098c5d946,faith-and-light-news-1978-calendar,e70b5405521a3427,ok,,3673,1299,0.008134,2026-04-19T00:15:40.331230
retranslate-20260419-v6,2051e000-9774-4355-8bf9-43422c5ddd44,radiografia-di-ombre-e-luci,8b061f13-0857-40dd-ae5c-e0a1cba2da62,inside-ombre-e-luci-1990,ea627d243a280b12,ok,,5794,2543,0.014807,2026-04-19T00:15:24.385993
retranslate-20260419-v6,205bff6c-7871-472e-9253-022b086ce955,era-difficile-perche-pensavo-sempre-a-lui,32415cf6-26d6-4c3c-8b3c-372aacd3069b,it-was-hard-because-i-kept-thinking-of-him,312b0b7a9b02f526,ok,,2945,758,0.005388,2026-04-19T00:15:57.943727
retranslate-20260419-v6,205b8ef9-543d-4c54-a771-104063f70524,la-tua-parola-e-per-tutti-henri-bissonnier,0fed7a0b-89a7-43ab-bbf1-1c7f7ac2ed14,your-word-is-for-everyonehenri-bissonnier,3ae5829ce2666946,ok,,4134,1521,0.009391,2026-04-19T00:15:52.023485
retranslate-20260419-v6,208d04e3-4fcb-455a-b398-ce988ef4af11,io-lho-deciso-io-me-stessa,b47e527c-94dd-4703-adda-b695a86900ed,i-decided-me-myself,06ee5f237759d7fa,ok,,2841,638,0.004825,2026-04-19T00:16:11.816258
retranslate-20260419-v6,2090d561-e9d8-4a6a-b399-6875c72154db,ne-giusto-ne-sbagliato-recensione,3a7942d1-f480-499d-a238-eb3ba2405a01,neither-right-nor-wrong-a-review,3a290c688d32b482,ok,,2837,544,0.004446,2026-04-19T00:16:17.758735
retranslate-20260419-v6,2083238a-8092-4b84-ab4a-1886662513d2,autismo-e-integrazione-scolastica,c337de74-199f-46a4-86dd-773562a8499c,autism-and-school-integration,8e72f3500de74e60,ok,,4639,1719,0.010587,2026-04-19T00:16:05.344647
retranslate-20260419-v6,20c33b80-4e33-419c-8b47-e192660167c3,come-i-cerchi-nellacqua,4b845666-7f8f-44eb-9a83-a08dacde4c44,ripples-in-the-water,3bfaa5dda68d8e29,ok,,3194,777,0.005663,2026-04-19T00:16:28.032660
retranslate-20260419-v6,20c34fa5-14bc-4142-9f7d-cd5f3b46f4da,vita-fede-e-luce-n-65,e827f7fa-ff87-4ac9-9d7d-38c6eb3ab7d0,life-faith-and-light-no-65,f1530e0827b3f6cf,ok,,4775,1927,0.011528,2026-04-19T00:16:37.384259
retranslate-20260419-v6,20b18b5b-9b46-4530-9390-7c71c7c8ee99,le-case-della-carita,ec18604c-d6ea-4946-9c31-9f47c98fcd96,houses-of-charity,b026c285b8aa3019,ok,,6684,3693,0.020119,2026-04-19T00:16:23.244243
retranslate-20260419-v6,20c50def-3202-4235-8150-512ae858fee0,safesurfing-navigare-nella-rete-in-sicurezza,7b0c904e-bca9-473d-84d9-df74347dc0da,safe-surfing-how-to-navigate-the-internet-safely,34cf9f5e1af559d4,ok,,4500,1661,0.010244,2026-04-19T00:17:03.506668
retranslate-20260419-v6,20fc2b58-5bf9-4222-af1b-71d8fa925cf3,dialogo-aperto-n-120,cdd5379d-7a16-4dc1-beea-f96ea208bb3c,open-dialogue-120,41861c07186ccfde,ok,,4142,1584,0.00965,2026-04-19T00:17:23.931617
retranslate-20260419-v6,20ffad3d-257c-46eb-a934-45acd53fac21,pharmakon-la-storia-del-talidomide-recensione,51e1fba1-3027-444f-9150-860a4fdedd81,pharmakon-the-thalidomide-storya-podcast-review,5859d327a4139875,ok,,3318,855,0.006074,2026-04-19T00:17:41.756287
retranslate-20260419-v6,2105a9dc-39e4-445f-913b-c3eb6ec67020,finestre-di-speranza,75ff0f19-1800-4d19-a138-58ab9622f054,windows-of-hope,fa855dc988ed46b6,ok,,3011,739,0.005365,2026-04-19T00:17:51.219732
retranslate-20260419-v6,20dacc40-080f-4a6d-9d2b-034700b5ec41,ci-ha-fatto-vedere-cio-che-non-avevamo-ancora-visto,a10d15bd-66b7-413a-8c49-fbb677286cd8,he-showed-us-what-we-had-never-seen-before,689dbce378a74f8d,ok,,3992,1395,0.008774,2026-04-19T00:17:15.776915
retranslate-20260419-v6,21395a2b-5f4f-460b-89eb-916e282d357c,gesu-basta-acqua,fa7191c6-b8b6-48cc-8034-429b9cce80ec,jesus-enough-water,9eaf511ff633c590,ok,,2416,304,0.003149,2026-04-19T00:17:57.490848
retranslate-20260419-v6,21461678-4cec-4dfb-b967-4375827d5f8f,dettagli-inutili-recensione,f59190fa-f97b-4ecf-a86c-9b47b6389112,useless-details-a-book-review,dd3a7a842a5c5c35,ok,,2503,332,0.00333,2026-04-19T00:18:00.969311
retranslate-20260419-v6,216f674e-10ae-4651-be3b-d27af5954ac4,amore-caro-a-filo-doppio-con-persone-fragili-recensione,3f6d4144-d5d2-4a93-ac14-b8034e19801f,dear-love-a-double-thread-connecting-us-to-fragile-peoplea-review,e91690132ff10211,ok,,2805,552,0.004452,2026-04-19T00:18:04.816033
retranslate-20260419-v6,2131ebc6-7c5e-46fa-a544-bee1a52b5be5,casa-sacra-famiglia,ead3c1ba-01d4-445f-9177-12bfd3cde94e,casa-sacra-famiglia-a-home-for-healing-and-belonging,e5b22a87252602c6,ok,,4527,1561,0.009866,2026-04-19T00:17:56.749748
retranslate-20260419-v6,21944179-5e86-4d1b-9848-71b3b80ddc7a,io-non-voglio-estranei-in-casa,5e893acb-30e0-45a0-9a11-402e316e6294,i-dont-want-strangers-in-my-house,54449ff0bb3183b5,ok,,3578,1008,0.006894,2026-04-19T00:18:11.420814
retranslate-20260419-v6,21992d61-9324-4d65-a019-8cf89f4d68dd,come-guardano-i-bambini,473c3c1d-5db1-4009-90b0-b131792e7733,how-children-see,fa9cd42709157f5e,ok,,3171,846,0.005921,2026-04-19T00:18:18.341622
retranslate-20260419-v6,21b913de-fd0f-4c53-b359-7b08dd5715d8,perche-mio-papa-non-puo-giocare-con-me,82176def-c515-41a3-a520-1140609acd24,why-cant-my-dad-play-ball-with-me,d46fafecbbcf7b94,ok,,2663,422,0.003818,2026-04-19T00:18:27.005674
retranslate-20260419-v6,219b9630-9bdb-4449-99a8-798cc46d8d5f,il-piano-educativo-riabilitativo-individualizzato-per-il-disabile-mentale-adulto,54880324-7514-402b-a9f6-922edbc89d4e,the-individualized-educational-rehabilitation-plan-for-adults-with-mental-disabilities,10bbd015c45cd191,ok,,3142,816,0.005778,2026-04-19T00:18:25.616313
retranslate-20260419-v6,21cb9d4d-5234-4001-aea9-2cf650644cb7,integralita-delleducazione-e-diritto-allo-spirituale,d7e4b78a-27ac-4d70-a53f-09486dae7d98,education-in-full-and-the-right-to-spiritual-life,f0ffb147191e7ee3,ok,,2841,599,0.004669,2026-04-19T00:18:34.152247
retranslate-20260419-v6,21beb932-d897-4994-a3b1-77188487d881,dio-non-differenze,ecdc50ef-3fb2-4a4c-b0cc-18b450f0a509,god-makes-no-distinctions,14037d8d2abbce38,ok,,3341,930,0.006393,2026-04-19T00:18:32.340094
retranslate-20260419-v6,21d4527e-7d56-485c-93c5-f5b8dc6304fe,il-motivo-per-cui-salto-recensione,fa73a6bc-0a10-42f3-8487-63636eb0458e,why-i-jump-a-review,1e1b6eb6cbbac61b,ok,,2547,398,0.00363,2026-04-19T00:18:41.243811
retranslate-20260419-v6,21d375d7-34ed-43f5-a3b9-9ef81bc1bfba,storie-dallestremo-oriente,bbd5b532-2149-4199-9553-f220537c29a4,stories-from-the-far-east,a5f280b9767cf421,ok,,3295,934,0.006372,2026-04-19T00:18:39.575826
retranslate-20260419-v6,21f0ff6a-0d4c-4ddd-a8c9-71822403c0fd,noi-non-loro-apriamo-il-dibattito,a546c97d-a566-4bea-a1eb-43a0ce41e88c,us-not-them-opening-the-debate,e326a7254b3573ca,ok,,4171,1693,0.010109,2026-04-19T00:18:45.439449
retranslate-20260419-v6,21f42ee8-ddc4-449a-a728-59e462a36dc4,mamma-che-campo,556224e6-9d51-47b6-a0a3-716d76dcdee4,mom-what-a-camp,aca6ca7716705b64,ok,,3854,1231,0.008007,2026-04-19T00:18:49.706532
retranslate-20260419-v6,22089713-3e86-4204-9142-cfec62b97323,attraverso-te-docufilm-in-proiezione-gratuita-al-cineland-di-roma,6dd3e121-2663-4789-94fc-58ff2c55315f,through-you-free-screening-of-documentary-on-siblings-of-people-with-disabilities,dc1b17db62d6efc1,ok,,3050,731,0.005364,2026-04-19T00:19:05.817100
retranslate-20260419-v6,2209ba21-8a6f-410f-a87f-61bf4842f4c2,esperienze-al-gruppo-fede-e-luce-la-mamma-di-massimo,eb657fc0-7746-443a-a18e-5589e19cfbb3,a-mothers-joy-massimos-first-communion,dc1c94685baadc81,ok,,2336,230,0.002789,2026-04-19T00:19:11.385780
retranslate-20260419-v6,22042862-1a9c-46c2-8279-e0847923f9e1,counseling-in-rima,7d3fb7db-8220-4151-9f45-4659d1cbece1,counseling-in-verse,5c58f750355d7469,ok,,3429,1133,0.007275,2026-04-19T00:19:04.515832
retranslate-20260419-v6,223c0c2b-fb6f-4949-93b5-e48fc5a6ad07,di-nuovo-in-cammino,19569842-1d3a-4fff-b29f-14d6eb73509c,on-the-road-again,c6215d7a1659e1e6,ok,,2484,342,0.003355,2026-04-19T00:19:14.192363
retranslate-20260419-v6,226be793-3b5e-4c8c-adea-99a7248162a2,manuale-di-informazione-sullhandicap,12d163a2-5a41-4fec-b05f-874ab5a543f0,a-handbook-on-disability,5b247751acae0217,ok,,2299,176,0.002543,2026-04-19T00:19:17.973110
retranslate-20260419-v6,224ab67b-5100-4ed7-bb2b-abc1533a3d48,vita-fede-e-luce-n-63,8821c96a-69de-46f4-b787-a1d9f56f0ce9,faith-and-light-issue-63,854912de13288efc,ok,,3414,979,0.006647,2026-04-19T00:19:16.592092
retranslate-20260419-v6,2279678a-be2e-4999-989c-5ad885e442bc,katimavik-una-parola-eschimese-che-vuol-dire-incontro,35a4771b-b427-4d2f-8406-bdf2dcb87ae4,katimavik-a-meeting-place,4fe085a90a70baa3,ok,,3886,1251,0.008113,2026-04-19T00:19:20.725199
retranslate-20260419-v6,22800435-6a50-42da-9f74-2f903d16253e,per-la-nostra-riflessione-prendete-e-mangiatene-tutti,e64cbd69-ae61-41c4-a410-ec202c85f341,take-and-eat-of-it-all-of-you,aafb76ada221d69c,ok,,3400,956,0.006544,2026-04-19T00:19:29.381103
retranslate-20260419-v6,22980a7e-ad70-430d-805d-4422c4d01148,gli-oscar-premiano-la-disabilita-miglior-corto-la-storia-bambina-sorda,82575fa6-6f0c-4421-875b-346e60a67081,the-oscars-celebrate-deaf-life-best-short-film-tells-a-deaf-girls-story,d1759c8f3a05186d,ok,,2866,615,0.004753,2026-04-19T00:19:39.164596
retranslate-20260419-v6,2293e815-f06e-4746-aa1c-27a3dce53c0e,un-salsicciotto-tanta-acqua-un-po-coraggio,290a70d5-f18d-4441-a2d4-496003deef5b,a-floatie-water-and-courage,b2badf1fc411eaa8,ok,,3296,875,0.006137,2026-04-19T00:19:35.710230
retranslate-20260419-v6,22b50490-2c62-4857-a9f7-50d7f3bcec3a,piccola-marcia,77d18e56-d437-47d0-a855-03cc0a377757,i-never-thought-i-could-march-in-a-wheelchair,18c066d5e4b339e4,ok,,3306,975,0.006545,2026-04-19T00:19:46.472588
retranslate-20260419-v6,22afe8d6-92c1-4c27-9fef-d50b6ec8b4f8,aprirsi-ad-altre-famiglie,2b5cfbf0-199b-43b1-ab15-ac636886e56e,opening-our-hearts-to-other-families,f60da67c38dc6d51,ok,,3675,1039,0.007096,2026-04-19T00:19:44.896957
retranslate-20260419-v6,22bf2e65-0ad5-4a90-ae87-4906d292b4d5,larte-di-chiedere-aiuto,d8b0553a-d689-49ed-b965-060cc9087e04,the-art-of-asking-for-help,25c521c4248b1568,ok,,2710,498,0.00416,2026-04-19T00:19:57.417280
retranslate-20260419-v6,22c626f8-423d-4685-ba12-4f5a46e6d0d9,venite-e-vedete-un-ritiro-con-jean-vanier,da26b147-6c1a-426c-8889-2b13d69965bf,come-and-see-a-retreat-with-jean-vanier,6cbd0cdc131e2f79,ok,,3034,718,0.005299,2026-04-19T00:20:02.479217
retranslate-20260419-v6,22bb9753-7125-4ac9-bb35-4a72f86cec3b,storia-di-un-traghettatore,41f5c66c-74dd-4f9d-a839-69666e2d7814,the-ferryman,2efb59bc5d94bafc,ok,,4117,1549,0.00949,2026-04-19T00:19:56.723451
retranslate-20260419-v6,2317e627-98dc-4eef-93c4-c9c0adadb286,sprovveduto-e-sorpreso-chi-non-lo-e,4f11ed7f-c3f0-4e3d-ac2c-bab06ac57d83,caught-off-guardbut-who-isnt,e4ece14dcaea37eb,ok,,3573,1152,0.007466,2026-04-19T00:20:09.266903
retranslate-20260419-v6,2323d3bf-9c71-4e97-a7f1-01641c8d8dbc,il-nostro-cucciolo-di-due-metri-storia-di-un-adozione,110190a5-256a-4288-90f2-b578be5a8cb7,our-two-meter-puppy,f56cba04e8b03018,ok,,4244,1683,0.010127,2026-04-19T00:20:22.631385
retranslate-20260419-v6,23507f5a-b3b1-42af-a332-3af86c9cfe59,l-altra-famiglia-storie-e-percorsi-di-affido-al-villaggio-sos-recensione,ffbfa2a8-ea7c-4ec0-8f64-360de2869e28,the-other-family-stories-and-pathways-of-foster-care-at-sos-villagea-review,27eebff9c9d56bb3,ok,,2475,357,0.003408,2026-04-19T00:20:42.739016
retranslate-20260419-v6,232191a7-b554-4fbe-82cd-a8abde5781a5,insolito-ragionamento-sul-migrante,07598f77-3a43-444f-8648-65b7f9035105,why-we-fear-the-migrantand-what-it-says-about-us,e75efc28133ed36c,ok,,5141,2139,0.012669,2026-04-19T00:20:14.543857
retranslate-20260419-v6,2372a1bb-4f44-49fb-9447-7a61fbc874dc,testimonianza-di-un-risveglio,2db8b0cf-d377-4b27-8399-bc86e152fcff,a-moment-of-awakening,0eee63816f3dbb04,ok,,2894,714,0.005171,2026-04-19T00:20:46.631135
retranslate-20260419-v6,238f151a-521a-4263-ac19-314b284c3ec3,ognuno-ride-a-modo-suo-recensione,5a731275-09f4-45e9-9a09-f2433fd219a9,everyone-laughs-their-own-way-book-review,cd2aa41d0f391b26,ok,,3970,1410,0.008816,2026-04-19T00:20:47.033323
retranslate-20260419-v6,23b07b0a-4098-4c02-bb01-60b97a52a3ce,cercare-di-starci-su-questa-barca,86fbc223-7fbc-413d-8000-2c03fe43ba81,staying-in-this-boat,1986d4bd8be36183,ok,,3618,1142,0.007462,2026-04-19T00:20:53.161007
retranslate-20260419-v6,23b0e60c-baad-4b3d-95dc-9d72f72ee35e,anelli-di-incontri,50eb1e19-8970-4547-8ee0-76722a9abfa4,the-encounter-that-changes-everything,519794bd376fb4b7,ok,,4093,1357,0.008702,2026-04-19T00:21:06.743425
retranslate-20260419-v6,23ca54c7-2013-49f0-a57f-85f02d868169,together-a-san-pietro,,,b0e1a9ba5a450a9b,error,Quality gate fallito: HTML: href persi: ['http://fedeeluce.it'],,,,2026-04-19T00:21:07.368832
retranslate-20260419-v6,23e2667c-e167-42fd-acc6-f0176541cda4,imparando-a-vivere-bene-con-jimmy-2-parte,8531ea92-c566-4266-9c91-0805db9d11b9,learning-to-live-well-with-jimmy-part-two,3d41fe2418f87e5c,ok,,5247,2130,0.012718,2026-04-19T00:21:24.422738
retranslate-20260419-v6,23e5c88c-2679-48d4-adae-316ddad05681,bacheca-facebook,9eb1e326-5e47-4554-9525-cb4274d9873f,a-facebook-wall-of-remembrance,683b594f9d5c1cfd,ok,,3429,1053,0.006955,2026-04-19T00:22:27.682596
retranslate-20260419-v6,23e92712-a603-450c-982e-fc22147543b6,la-storia-di-giovanni,eed3fa40-a50f-4110-9efa-0b66dc8fde78,giovannis-second-chance,e652fa0c69ea210e,ok,,4704,1754,0.010779,2026-04-19T00:22:39.596952
retranslate-20260419-v6,23e7f68c-a4a2-4b89-91cf-c944454f2498,andiamo-avanti,edb59073-ab6e-4e27-b3aa-7fafcb200b96,moving-forward,40ae562762c518c5,ok,,3532,1017,0.006894,2026-04-19T00:22:34.107500
retranslate-20260419-v6,244c3333-7adf-42ff-8673-ba4b3a1de43e,visto-visto-tante-cose,6ccc3518-b885-45ab-b843-db6b48f09b94,i-saw-so-many-things,3754a63b4ffbe221,ok,,3072,791,0.005622,2026-04-19T00:23:06.014933
retranslate-20260419-v6,245243d9-5744-4027-ad03-266a2db3ef89,tornare-ad-assisi-passando-da-roma,e947b52f-9a12-4a0e-8bfb-b1c80476410b,return-to-assisi-a-pilgrimage-through-rome,a309a50c3fac05e1,ok,,3073,715,0.005318,2026-04-19T00:23:12.949319
retranslate-20260419-v6,24682a50-ce9e-409d-9e05-c5be68708981,laboratori-storie-di-lavoro-e-di-amicizia,3dc7df49-16b8-4769-92ab-da0eeeacfcec,workshops-stories-of-work-and-friendship,e9981923922cd658,ok,,4090,1287,0.00842,2026-04-19T00:23:20.238987
retranslate-20260419-v6,246e9dc7-8ab0-4a1e-b971-783c9ad3a301,comportarvi-incontrate-persona-portatrice-handicap,6a041ce6-5637-421a-96fe-139971d963c5,how-to-approach-someone-with-a-disability,9c43ee3c99e035e9,ok,,3537,1144,0.007406,2026-04-19T00:23:40.173079
retranslate-20260419-v6,2479f572-f59a-4f5f-b556-37ac832748bf,mille-colori-in-un-quadro-di-amici,a3972fa5-d94b-48cb-a056-15f798ccab99,a-thousand-colors-in-the-canvas-of-friendship,c5dc4d87cf46c833,ok,,3164,905,0.006151,2026-04-19T00:23:50.463342
retranslate-20260419-v6,24d0b6f9-93f7-49d7-b9e6-b35c51cfcebf,come-fare-leducazione-religiosa,cb8f9840-081c-422c-82fc-1154c377f172,teaching-religious-faith-to-children-with-intellectual-disabilities,8e38f307f85fbb10,ok,,3276,862,0.006069,2026-04-19T00:23:58.421318
retranslate-20260419-v6,24e4b245-3362-4e04-8382-173f1be828a0,dialogo-aperto-n-89,bab9d3b5-7a8c-4e24-b61b-f504895f0fba,open-dialogue-no-89,54739eeb88c79f96,ok,,4908,2110,0.012366,2026-04-19T00:24:07.892623
retranslate-20260419-v6,24e5b827-60c5-4ca2-b49c-cbf2cf1d763f,ombre-e-luci-n-1-1983-sfogliabile,879217fa-28c3-471b-a968-a67d394c2e47,ombre-e-luci-no-1-1983-browse-online,ffa3f8425fef8472,ok,,2083,49,0.001862,2026-04-19T00:24:38.026016
retranslate-20260419-v6,23f87dee-db0b-4360-b12b-3ff1f216cd1d,biblioteca-ombre-e-luci,ffd3da70-0362-4a3b-8c46-a7b1e8e334c1,ombre-e-luci-library,3b604d1c0f736baa,ok,,14293,8192,0.044202,2026-04-19T00:23:01.210377
retranslate-20260419-v6,253db069-5e6c-42b0-94ae-ae224b3cfae9,gioco-al-centro-milano-inaugura-un-parco-accessibile,8a6ed347-136f-4e50-9a17-9e8160bf9fc8,play-for-all-milan-opens-its-first-accessible-playground,8389dfb68914f6dd,ok,,2953,705,0.005182,2026-04-19T00:24:42.722220
retranslate-20260419-v6,25397d17-d1bb-454e-bae9-9814271f6f49,i-percorsi-piu-invisibili-newsletter-n-18,908e3e77-2cf7-4c1a-8dd8-3a58f9220845,the-invisible-paths-newsletter-no-18,5435321c6d9c0160,ok,,3754,1357,0.008431,2026-04-19T00:24:39.334675
retranslate-20260419-v6,25a570e6-8f0f-4aff-85dc-1d87c138f072,ho-imparato-da-sola-a-divertirmi,2ecf0893-89b3-4c9b-a3bd-6618fc892151,i-have-to-tie-my-hair-back-thats-the-rule,0b56e65c4481faf0,ok,,2789,592,0.004599,2026-04-19T00:24:52.216150
retranslate-20260419-v6,25bf5304-8262-485b-8eea-c774d548ce5c,bari-scintillante,0c6005fd-6c4e-4754-bf26-3a73185f1975,baris-shining-path,9ba6ebd32fdd764b,ok,,2972,648,0.00497,2026-04-19T00:24:57.781185
retranslate-20260419-v6,256c9c56-aa19-4168-8358-0e4a0ee75507,cosa-si-fa-nelle-casette-di-fede-e-luce-le-risposte-di-chi-ce-stato,1517dbd4-3307-4a4e-a32b-7a16ad684e3b,inside-the-little-houses-of-faith-and-light-stories-from-those-whove-been-there,36253e69ac95af6b,ok,,6189,2932,0.016679,2026-04-19T00:24:48.588913
retranslate-20260419-v6,25d2be2a-01db-4581-aef6-ee1b133986a5,dialogo-aperto-n-115,df78b970-5481-4ca1-8145-82eb2f21eb07,open-dialogue-no-115,7e9f073ddf427127,ok,,4661,1913,0.011381,2026-04-19T00:25:05.221752
retranslate-20260419-v6,25eb52e2-c9ce-4515-95b7-0434d81a8070,viola-e-mimosa-da-citta-del-messico,b9f71a5f-dc10-4977-a19a-f8dda3e29ac3,violet-and-mimosa-from-mexico-city,95fd4f6db771f046,ok,,3322,980,0.006578,2026-04-19T00:25:32.493005
retranslate-20260419-v6,25e7c622-2092-4354-a0f8-055305665166,anche-loro-hanno-una-propria-storia,7510d469-d1c1-4722-b5b0-168818c87cac,they-have-their-own-story,9f39d4475ac3d0b1,ok,,4773,1863,0.01127,2026-04-19T00:25:27.556209
retranslate-20260419-v6,25fc262f-f889-4b4f-93f9-a4ad16a06843,uomo-e-donna-li-fece-per-una-vita-damore-autentico,b8efcc96-2e89-402a-8847-5a06f945fbd1,male-and-female-he-made-them-living-authentic-love,6d5eab5ac5df3331,ok,,2532,371,0.00351,2026-04-19T00:25:53.435203
retranslate-20260419-v6,25fe4cf3-0790-40e2-a791-127b2cacc6a7,dialogo-sulla-disabilita-a-palermo,6b96d2ee-c9a6-474d-a2b8-976bea713758,disability-dialogue-in-palermo,2dd90c7034ef3a6b,ok,,2636,473,0.004001,2026-04-19T00:25:56.945354
retranslate-20260419-v6,25faf32f-3ed4-4285-9dde-02eb2a13e858,il-linguaggio-dellarte,f9946d5d-f893-4e7d-bc3b-744550b42f5f,art-as-language,75e53b1091417137,ok,,4404,1515,0.009583,2026-04-19T00:25:41.980232
retranslate-20260419-v6,261fa864-2d32-44aa-8249-a4999201921d,ombre-e-luci,62ac7cee-3efb-4c5f-bc5c-b11fe298833d,shadows-and-light,78f25edd4a19b281,ok,,2690,491,0.004116,2026-04-19T00:26:02.028790
retranslate-20260419-v6,262d6ff8-5ea0-42b0-8a9d-c1f7f9c308e6,incontro-internazionale-e-nazionale-un-ponte-di-solidarieta-tra-paesi-e-comunita,9e3d0a7a-1fd4-4884-a23a-2163b00be4ea,building-bridges-an-international-and-national-gathering,0c8509bb81ec276d,ok,,2872,609,0.004734,2026-04-19T00:26:06.809877
retranslate-20260419-v6,263660df-38f8-4f00-a8a2-67d2d48ca3c4,saluta-la-tua-insegnante,2cb9746e-928f-42d8-a8f5-df613641ad90,say-hello-to-your-teacher,d98836471978487b,ok,,2906,622,0.004813,2026-04-19T00:26:12.258546
retranslate-20260419-v6,261c64ea-e0da-4c4c-9c3d-cf8ac2a6e22c,dialogo-aperto-n-33,67818857-9229-4b64-b906-eb23cb523659,open-dialogue-33,d54e838f6aaa9e6c,ok,,4249,1686,0.010143,2026-04-19T00:26:01.575447
retranslate-20260419-v6,2648f8bb-7056-47b5-9c81-8ab7c3495902,istituto-mio-dio,2d6df6f4-a019-43f9-b695-5bf13fcbf007,an-institution-my-god,712f6e0c94f523bd,ok,,2711,474,0.004065,2026-04-19T00:26:19.008915
retranslate-20260419-v6,264d666a-9cc6-481f-8acc-9f36a2fa7e46,lanimo-pieno-di-gratitudine,6044a959-f951-4728-b1bc-cf9054fe2f6d,a-heart-full-of-gratitude,5d8637fdfd1bc27d,ok,,2453,304,0.003178,2026-04-19T00:26:23.420392
retranslate-20260419-v6,26517be6-1213-4986-aa2a-fdecb268c438,viaggio-insieme-per-crescere-tutti,9a21d473-c2f4-4ecf-8212-39e4f0f7a5f9,growing-together-on-the-journey,1b919967050d325b,ok,,2826,561,0.004505,2026-04-19T00:26:24.168078
retranslate-20260419-v6,26687333-0ddf-4365-ad55-ae5f117e864a,la-bambina-morbida,6428b42e-774b-46f7-8f88-aed3ed9c41c8,the-tender-child,44a9d32d2750ec88,ok,,2748,610,0.004638,2026-04-19T00:26:29.410549
retranslate-20260419-v6,26706730-5032-4e41-9b5a-c0f1f11dc0e8,lo-scatto-della-pantera,a4bdb450-2776-4008-be6f-9dec4e641219,the-panthers-pounce,2fa8c73775da3b2d,ok,,3060,788,0.0056,2026-04-19T00:26:34.335723
retranslate-20260419-v6,2680b4d3-6063-4bcd-b196-78f3b6b1c1e5,ma-non-sono-sola,c684840b-c8f2-40e8-b64e-6549deecb2a5,i-am-not-alone,7c9d0ef9841fda1f,ok,,3556,906,0.006469,2026-04-19T00:26:42.476050
retranslate-20260419-v6,26b50061-1106-40c5-8680-d144a035d3af,bambino-non-vedente-pluri-minorato,ba35e156-768a-4840-8190-0360713acae9,the-blind-child-with-multiple-disabilities,0c9d82aa4e444658,ok,,2498,322,0.003286,2026-04-19T00:26:53.848304
retranslate-20260419-v6,26c5e8b3-a4fd-4915-859c-8f79df092970,sotto-i-riflettori-sempre-senza-protesi,0aa277af-0f47-4026-a043-a79d34d28393,in-the-spotlight-never-with-a-prosthetic-an-interview-with-cerrie-burnell,a90923017e444b58,ok,,3375,983,0.006632,2026-04-19T00:26:57.739231
retranslate-20260419-v6,26eadc17-189d-404d-8c66-d7d5c1f324b5,dialoghi-scomodi-amicizie-vere,3553e470-4274-444c-9dea-b09236990147,uncomfortable-conversations-real-friendships,391c7886ce61e183,ok,,2752,499,0.004198,2026-04-19T00:27:08.057883
retranslate-20260419-v6,26f42ba7-a18a-4d5e-bac3-9d9a2b60b4d2,tra-paura-e-desiderio-di-sapere,ec3e5ef0-8a10-4067-bb49-621c9c32687f,between-fear-and-the-need-to-know,4292b4f20fb2f3ed,ok,,3012,653,0.005022,2026-04-19T00:27:13.838788
retranslate-20260419-v6,265701e0-9aed-4812-9891-02209f6b13bf,dialogo-aperto-n-58,7c55fa8d-427d-47de-b9b8-f1fb1c64a26a,open-dialogue-no-58,036e8452892bc323,ok,,4704,1938,0.011515,2026-04-19T00:26:27.033511
retranslate-20260419-v6,26f669bb-bf6b-4dd2-b600-5d1b78cac8b1,la-missione-del-sacerdote-nella-comunita-fede-e-luce,44d62ff5-885f-46bd-8ebf-478ac41402b0,a-priests-mission-in-the-fede-e-luce-community,50575fb598a7c06b,ok,,3670,1244,0.007912,2026-04-19T00:27:20.946911
retranslate-20260419-v6,271a4ef5-90f5-47c0-8028-1b197752062a,progetto-sperimentale-di-assistenza-balneare-a-crotone,c7404c33-9cc6-4f85-8398-46d91c953c30,crotone-launches-experimental-beach-access-program-for-people-with-disabilities,7b36dbe0ede5660b,ok,,2640,421,0.003796,2026-04-19T00:27:33.736261
retranslate-20260419-v6,270dd2e4-ae61-40f9-929d-76df86f1aac8,in-diretta-da-locarno,7d2fb717-7dfc-46e9-9cb2-0811c8ae9460,locarnos-accessibility-vision,1dca72925df0468c,ok,,3719,1047,0.007163,2026-04-19T00:27:33.278914
retranslate-20260419-v6,272b7a76-e296-4f92-bd71-9f4d48a4d13c,fermatevi-per-ascoltarci,7e8fb44d-540c-4d25-954c-67533281e18c,stop-and-listen-to-us,ce5148e6306e06e2,ok,,2290,191,0.002596,2026-04-19T00:27:46.420949
retranslate-20260419-v6,27201dc1-5f51-406c-94b1-b512b51c5755,centro-sperimentale-per-lautismo,680010aa-3ab2-425f-bb55-7d9ed125f254,an-experimental-center-for-autism,94133b9e973ffc0f,ok,,4119,1404,0.008911,2026-04-19T00:27:38.028496
retranslate-20260419-v6,274400c6-0275-4145-a438-77a188a8294e,giovedi-gnocchi,8d3c9b78-eef4-4ce7-a5de-d46927df04cb,thursday-means-gnocchi,f6e1bf0029ff0876,ok,,3502,1153,0.007414,2026-04-19T00:27:56.546478
retranslate-20260419-v6,272cd267-7966-438c-b6d2-e4ba56048e4e,e-legittima-l-assistenza-sessuale-alle-persone-handicappate,59e26dbf-4028-420c-a024-ae2d24357f0b,should-society-provide-sexual-assistance-to-handicapped-people,152eed9e2671a82c,ok,,4810,1857,0.011276,2026-04-19T00:27:49.054473
retranslate-20260419-v6,274be708-fddf-4bb3-8cc9-aa649a5fbd29,di-chiavi-e-di-porte,a0f959bd-da67-411d-828b-1c9419a300ad,keys-and-doors,3adbf9fdcbb97b9f,ok,,3437,977,0.006658,2026-04-19T00:28:09.068260
retranslate-20260419-v6,27769b29-f072-4a95-a5b9-70f9a8a82c25,vita-fede-e-luce-n-5,0a8d1f86-384e-4199-8c6e-40229a2a8218,life-faith-and-light-no-5,98ed1b2069af2946,ok,,3678,1207,0.00777,2026-04-19T00:28:11.875288
retranslate-20260419-v6,279db387-e7b5-4266-8281-c1ae962a3796,il-momento-piu-bello,439935f6-d2e0-430e-a2d2-6d83393e2f74,the-most-beautiful-moment,263063fea318af2c,ok,,2274,175,0.002519,2026-04-19T00:28:26.465837
retranslate-20260419-v6,27936de4-5088-41f7-a67c-d3747ee6568e,mattone-su-mattone,0137deed-a4f2-4745-b8f9-938b5a529054,brick-by-brick,a98e8c54b6fb4cc7,ok,,3880,1310,0.008344,2026-04-19T00:28:18.678142
retranslate-20260419-v6,27ae50fa-84c9-4de4-a84e-82aaa15cb18c,il-carro-una-casa-famiglia-per-tutti,1a87916f-1c07-45cb-887c-0e5b049aaa06,il-carro-a-home-for-everyone,bf9ffbc879767575,ok,,3272,813,0.00587,2026-04-19T00:28:28.956258
retranslate-20260419-v6,27c498fa-aa37-493e-8b7e-df67f6e54efc,terapie-corpontamentali-teacch-vs-aba,0543dc1c-ff3f-474c-b4ea-75d6adc5a484,behavioral-therapy-teacch-vs-aba,6cf97391f46e3145,ok,,3398,929,0.006434,2026-04-19T00:28:34.557126
retranslate-20260419-v6,27e2ae15-119d-42eb-8da8-1b14d3d52baf,alessandro-bertolini,43ed6d7c-12ca-45c0-aa76-45b33814cf9c,goodbye-alessandro,54f7fd3466daab9d,ok,,2272,193,0.00259,2026-04-19T00:28:44.378001
retranslate-20260419-v6,27d443c7-cec5-4c93-a862-bbd5fff5ce4f,i-geni-del-passato-handiche,cde81d36-c3ae-433a-b386-c870b5394f25,the-geniuses-of-the-past-and-autism-today,b780d9cecfeaaeea,ok,,3884,1197,0.007895,2026-04-19T00:28:38.987394
retranslate-20260419-v6,27fd9b7b-7163-47d6-9dc4-9b06fb275d3d,il-prof-ha-detto-che-mi-vuole,8124cba2-4b6b-4a4a-844d-277e749c1ecd,the-professor-wants-me-in-class,c05af0338bca2be8,ok,,2884,715,0.005167,2026-04-19T00:28:46.713566
retranslate-20260419-v6,280c9ebd-2c46-465c-b762-8a6941d16653,la-forma-della-voce-recensione,eb32a7c7-7017-4d3a-a24f-a6b2cb7a4b19,a-silent-voice-a-film-review,aeabd94e014a14ce,ok,,2925,752,0.005348,2026-04-19T00:28:53.259331
retranslate-20260419-v6,280a11bc-b92c-4f9b-a2ca-05244b0a7c1e,dalle-province-n-135,6ea06f8e-e80a-4ae5-9b1a-9133e14beaa6,from-the-provinces-issue-135,6fe375edd6760805,ok,,3448,1013,0.00681,2026-04-19T00:28:52.916360
retranslate-20260419-v6,28318de0-0e5c-49e2-acab-b5674f2509f0,un-terremoto-a-ciel-sereno,d39833a7-5e03-4ce4-9262-b0411f26baf7,a-thunderbolt-from-clear-skies,aca0be0446854022,ok,,3375,976,0.006604,2026-04-19T00:29:04.988053
retranslate-20260419-v6,282fdf9e-3b6b-48a8-bca9-ff8aa941bb07,lettera-a-jean-annik,95a73eea-a4f7-4bc0-ab2b-3b7a00aef5fd,a-letter-to-jean,a9726a855bfbff19,ok,,4249,1631,0.009923,2026-04-19T00:28:58.336600
retranslate-20260419-v6,284c7f02-36a8-45ae-b5f5-f35968b094d8,nessun-profitto-recensione,2c5eacb6-4ed8-4318-a6f6-dc2e6f050477,not-for-profit-a-book-review,e2614a0a97956751,ok,,2475,310,0.00322,2026-04-19T00:29:16.332175
retranslate-20260419-v6,2865ed49-def0-41ac-b578-3bf3f6cd6df3,la-tenerezza-di-jean-in-un-film,e8d19911-2fad-4dda-a31f-ba9ab8aa4245,the-tenderness-of-jean-one-mans-portrait-in-film,58a2af89148ffcfb,ok,,2718,557,0.004402,2026-04-19T00:29:20.045348
retranslate-20260419-v6,28758841-7a0c-47a7-8bc7-529c5f297ca9,fede-e-luce-dalle-province-n-121,0451a133-9bb2-45bb-9493-6992ba111418,faith-and-light-regional-updates-issue-121,3d066c71881e2dcd,ok,,3590,1132,0.0074,2026-04-19T00:29:25.477917
retranslate-20260419-v6,2859e4f1-26f7-44bd-93f5-1c80861d8dc3,arrendermi-o-agire,d0d04132-60c6-4cad-a402-16935715d22d,surrender-or-act,be9992a2434edfaa,ok,,4410,1688,0.01028,2026-04-19T00:29:19.979426
retranslate-20260419-v6,288ba3f2-3a36-445f-8a84-70adf2551e26,mio-figlio-emanuele-la-straordinaria-esperienza-di-una-madre-recensione,4f987d58-df4b-4285-ac89-811966ce86e8,my-son-emanuele-a-mothers-extraordinary-journeybook-review,0299133ae5d5997f,ok,,2847,592,0.004646,2026-04-19T00:29:41.499938
retranslate-20260419-v6,2879185b-8cec-45a1-9075-7b956bc9278d,riscoprire-la-grazia-della-confessione,f673fb3e-852c-4cd9-b667-f3d35e227192,rediscovering-the-grace-of-confession,6f61776da34406ae,ok,,3540,1106,0.007256,2026-04-19T00:29:40.519766
retranslate-20260419-v6,28a655aa-d7bc-449f-9dbd-3325efa0a43f,lucrezia-e-il-marco-di-ieri-e-di-oggi,24ea6e2a-103b-4cf8-9521-5f2fd852ca3b,lucrezia-and-the-marco-of-then-and-now,1dd9ebefad5a37a3,ok,,4303,1594,0.009818,2026-04-19T00:29:53.261786
retranslate-20260419-v6,28dc5054-faae-45ef-a370-e2c3b26b7fab,ora-manuela,2ffba938-979b-4d0e-87cb-694b6b5c49f3,now-manuela-can,8319aa5322804b67,ok,,5541,2431,0.014157,2026-04-19T00:30:15.524543
retranslate-20260419-v6,28dcad3f-81f3-4a3e-928c-b1affc1b23b0,apre-la-prima-co-housing-per-persone-con-disabilita-nel-veneto,ae2fe1f2-fd0e-4af8-a904-758bfbf5bc28,venetos-first-co-housing-project-opens-its-doors-to-people-with-disabilities,79d6a50e11117b88,ok,,2824,549,0.004455,2026-04-19T00:30:48.628742
retranslate-20260419-v6,28de3ce5-dfc1-4fb7-b9a3-43265fa9c1f6,come-risponderti-alberto,7fd529e2-b175-4136-8152-0410e9b1c9f5,how-can-i-answer-you-alberto,55fd74df1701fba2,ok,,3998,1419,0.008874,2026-04-19T00:30:54.663313
retranslate-20260419-v6,28edb7f3-c9de-4bfa-9e4f-91c63cdcba04,irradiare-la-pace-come-fanno-loro,e2ded544-0807-4569-9be6-021e72937450,peace-bearers-learning-from-those-with-down-syndrome,356e138d4822fe42,ok,,3619,1085,0.007235,2026-04-19T00:31:13.354392
retranslate-20260419-v6,289d7da3-3acc-4353-a8a8-e066dab60d6f,mi-importa-solo-come-sei-ora,,,8acf80b4dc5ec523,error,Quality gate fallito: HTML: href persi: ['https://www.ombreeluci.it/aktion-t4-sterminio-persone-disabilita/'],,,,2026-04-19T00:29:48.179590
retranslate-20260419-v6,28ee9ba3-b371-4224-9d6b-986f9d2fc49e,iorestoacasa,b2ff1e0b-5cc4-42a9-9d04-198b55cc20f8,stayinghome-this-time-like-everyone-else,e4a298776f17bc9d,ok,,3053,739,0.005398,2026-04-19T00:31:25.862814
retranslate-20260419-v6,28f6b37b-f242-4df8-b497-e800d2645354,cartelli-divertenti-letti-sulle-porte-delle-parrocchie,d2b77f64-d2a2-413b-b879-bc0d3e8f4a8f,funny-signs-posted-on-church-doors,c6bc4bb2148531b0,ok,,2890,649,0.004908,2026-04-19T00:31:33.378658
retranslate-20260419-v6,28f0f6f2-3e6f-4836-bc5b-0e8eec07601e,ricordo-di-alda-merini,56cd25f8-c634-4b21-bf67-c4b0307adc36,in-memory-of-alda-merini,14a9efb95fdd0c2a,ok,,2994,783,0.005527,2026-04-19T00:31:32.267660
retranslate-20260419-v6,29340212-e728-4ec7-80c5-6c79dc471213,nuova-ricetta-a-masterchef-una-delicatezza-non-pietosa,889f0957-1efc-469a-a9bc-a7a4b27a2b38,masterchefs-new-recipe-tenderness-without-pity,07930a215cbc82ce,ok,,2684,461,0.003991,2026-04-19T00:31:39.537248
retranslate-20260419-v6,2919947b-a3a3-42b8-bac5-fc8d822f5d20,dialogo-aperto-n-76,96698ec1-398a-4ba5-82fe-bdde7fa0867b,open-forum-no-76,07d43e0699190a8d,ok,,3281,876,0.006129,2026-04-19T00:31:38.508571
retranslate-20260419-v6,293979d9-7251-4091-a9d4-f69c93c6793e,lassistenza-educativa-al-bambino-con-paralisi-cerebrale-nella-prima-infanzia,e96b63ea-d726-4803-b3e6-b65f65f8e7ec,supporting-children-with-cerebral-palsy-in-early-childhood,75160db985ad1543,ok,,2684,453,0.003959,2026-04-19T00:31:44.146191
retranslate-20260419-v6,293de8d2-bfed-4d80-b844-d28981948202,ma-dopo-l-incontro-non-li-vedo-piu,f445c96f-cb1f-4574-a8b0-2af3181c116a,but-after-we-meet-they-disappear,9cc3c828ae51ef96,ok,,2313,244,0.002826,2026-04-19T00:31:48.125380
retranslate-20260419-v6,29513721-8c02-491d-8b73-be6c648f4df7,ol-incontra-jorit,50badf44-8a75-449c-8ca2-61ac54ad0a25,niccolo-among-those-who-made-history,13dbbde89e56293f,ok,,3830,1188,0.007816,2026-04-19T00:31:49.079964
retranslate-20260419-v6,295940c7-5c2f-4d2c-87c7-2e2f10e7380a,vita-fede-e-luce-n-102-lincontro,081130d1-a197-4c00-9c1e-9df15ef91c3d,encounter-at-san-giuseppe-della-pace,ac63b20044198575,ok,,3874,1251,0.008103,2026-04-19T00:31:51.147070
retranslate-20260419-v6,296fd8a8-17c4-46ea-a05d-64a12e9bb2c4,cammino-di-preghiera,696a9426-9db8-4b77-8602-249cfa6858e7,a-way-of-prayer,fcd38bc899b40afa,ok,,2738,526,0.004294,2026-04-19T00:32:05.187187
retranslate-20260419-v6,296a4d5f-bca9-4dd9-9083-39510db8dd9d,la-logica-dellutopia-quando-nacque-la-comunita-di-capodarco-recensione,f917ef7a-81a1-4970-aa63-ae1353b3806f,the-logic-of-utopia-the-birth-of-the-capodarco-community,7af97eafc2734843,ok,,2811,554,0.004465,2026-04-19T00:32:03.864661
retranslate-20260419-v6,29879bb7-f20b-4d13-b501-891e39c75d46,non-solo-tutto-lanno-ma-tutti-gli-anni,8f87e6c7-6042-402c-9301-e76176da64ff,not-just-all-year-but-all-these-years,aca39e92e744841b,ok,,2967,697,0.005162,2026-04-19T00:32:09.557116
retranslate-20260419-v6,29f95923-8097-4cc8-8aff-7f985e162e76,tre-domande-ed-un-pellegrinaggio,ea8baa75-fec4-4b77-93a0-801da318dbf0,three-questions-and-a-pilgrimage,eb8a193f15933cb1,ok,,2904,637,0.004871,2026-04-19T00:32:17.411930
retranslate-20260419-v6,2a19a81c-67b3-4685-b915-be15510b0ef4,non-temere,391fd54a-f6be-4934-b2a7-ccab995a7d2f,do-not-be-afraid,ffba29764ba2b2cf,ok,,2388,295,0.00309,2026-04-19T00:32:24.001627
retranslate-20260419-v6,29c556f3-7447-468e-abc8-584f33edc276,incontro-internazionale-edimburgo-agosto-1990,03c68c9a-c3c4-44be-a6b1-8bf076798da4,edinburgh-the-international-gathering-august-19-1990,2fc8b6b48c2f32fa,ok,,4070,1328,0.008568,2026-04-19T00:32:09.905358
retranslate-20260419-v6,2a2896e4-3e70-458e-8045-7f65695d56f5,cinema-e-disabilita-3-film-secondo-federica-aliano,8226f6f2-8ac2-4eba-b72b-7c0e90799677,three-films-on-disability-federica-alianos-picks,d246b5ccc17c59cd,ok,,2167,99,0.00213,2026-04-19T00:32:27.432141
retranslate-20260419-v6,2a297686-7c28-442d-966b-5ab6bba0914b,scarti-o-pietre-portanti,4afc05de-1c44-4997-b191-bf98058a65b7,discards-or-cornerstones,acb069418e6b8321,ok,,2850,584,0.004616,2026-04-19T00:32:30.165452
retranslate-20260419-v6,2a1b9a23-95f3-42a8-a3bf-5ee00647fd4f,fede-e-luce-pasquale,42c2a880-59dd-4641-a955-861fd84b0914,easter-light-at-fede-e-luce,412bc14b646d970f,ok,,3476,1066,0.007045,2026-04-19T00:32:26.884787
retranslate-20260419-v6,2a379c88-7b08-417f-b824-075f8f1e96d8,tutto-quello-che-ha-fatto-per-noi,cebf7910-a06c-4a70-92d7-2d67199a8a60,everything-she-did-for-us,efdca6a3a383f037,ok,,3026,712,0.005269,2026-04-19T00:32:35.700464
retranslate-20260419-v6,2a96fe6d-74b9-4b9f-a48c-78e63df7b430,la-paura-degli-altri,4164bef4-8f24-4091-b686-745978015634,the-fear-of-others,669b0894e0b92a8d,ok,,3262,906,0.006234,2026-04-19T00:32:38.463149
retranslate-20260419-v6,2aaef25f-06cf-44ba-b4e7-4546c8f9df2f,dialogo-aperto-numero-2,c9b475ac-d53d-4cb9-baa4-656f25b03b2e,open-dialogue-no-2,1cb4c15b51571ca0,ok,,3259,934,0.006343,2026-04-19T00:32:43.006903
retranslate-20260419-v6,2abc0059-367f-4790-864d-d74848ecfbbe,mi-saro-fatto-un-idea,d6b7d073-2e3b-4d8e-8619-60addf349cec,i-think-ive-figured-it-out,fd326854294daa01,ok,,3069,807,0.005683,2026-04-19T00:32:48.807460
retranslate-20260419-v6,2abeed77-8d2a-4efd-9db5-36b2b8c5724c,bella-di-nonna,30ede5b5-cf0f-4cfb-97d3-adee4ec63c50,grandmas-beautiful-girl,cbb59aafc476caef,ok,,3962,1542,0.009338,2026-04-19T00:32:53.499282
retranslate-20260419-v6,2ace9da7-e1af-419f-9345-55d2a4cd8f34,i-deboli-di-pace,8109eb9f-e490-4b03-8d03-6d0859ccc3f1,the-weak-as-peacemakers,6a6a5d40a887ea46,ok,,2654,442,0.003891,2026-04-19T00:33:11.982020
retranslate-20260419-v6,2accc805-aea2-43ed-a1df-7e018d809907,un-mondo-che-cambia,086f1025-0c7b-4960-8099-9b5e413f65d0,a-world-in-transition,83b0643696103a45,ok,,2981,636,0.004929,2026-04-19T00:32:56.720723
retranslate-20260419-v6,2b237538-6247-4dda-b251-6e8863a68396,chi-ha-seminato-nelle-lacrime-miete-nella-gioia,db349f65-73cd-409d-9761-4980db5989cf,those-who-sow-in-tears-will-reap-in-joy,3a281c6685c3bf15,ok,,2781,575,0.004525,2026-04-19T00:33:18.279155
retranslate-20260419-v6,2b0a434a-dad2-4a80-9447-78c2bb4e00e3,dalle-province-n-142,1db31d35-0c12-4eb5-8a0e-89140dd5f601,news-from-the-regions-no-142,b6ac4824e1bfa3ac,ok,,3594,1122,0.007363,2026-04-19T00:33:15.400440
retranslate-20260419-v6,2b4008e1-c957-47dc-beb5-349cb84a70ac,nasce-network-sociale-la-rete-di-organizzazioni-del-ravennate,eccfffec-05ca-4760-917e-18f12ce68277,network-sociale-building-a-connected-community-in-ravenna,1cceac6c056621f6,ok,,3852,1277,0.00819,2026-04-19T00:33:23.608070
retranslate-20260419-v6,2b742ac4-8d34-4154-af27-c0f92f134239,epilessia-una-malattia-neurologica-ancora-sconosciuta,86d2e92f-df3b-458e-937f-a5ec8082ef81,epilepsy-a-neurological-disorder-still-misunderstood,99512e94f8f75dc7,ok,,4330,1635,0.010004,2026-04-19T00:33:28.895299
retranslate-20260419-v6,2ba9cc10-e2fa-4292-8655-8c9067a27bf1,per-il-weekend-vado-in-villa-recensione,1763d7a3-c642-4e80-ad18-55a4f6095ae8,my-weekend-at-the-villa,4ee4bfaba35025c0,ok,,2371,269,0.002973,2026-04-19T00:33:47.727506
retranslate-20260419-v6,2bbe57c9-405b-4bb8-804c-1d12473e68da,educare-al-servizio,5aa8844b-a3ec-4664-85c9-431db4e435d3,educating-for-service,873c64ee9ac7c970,ok,,2527,368,0.003494,2026-04-19T00:33:50.464799
retranslate-20260419-v6,2b8dc539-56ad-4c04-a5f2-c487f406cc29,un-tesoro-inestimabile,3a03a463-8cb0-4de9-be2b-e18030ddd41c,a-treasure-beyond-price,91ac345786dbca99,ok,,4469,1498,0.009567,2026-04-19T00:33:37.365192
retranslate-20260419-v6,2bc68ee5-bab4-4da4-bce2-ec3963ae842b,quaranta-occhi-puntati-dritti-su-di-te,9a0f55f1-e31f-4f1a-97b9-0d44725f21f1,forty-eyes-fixed-on-you,f41e069bd31f0b88,ok,,3941,1308,0.008385,2026-04-19T00:33:53.878818
retranslate-20260419-v6,2bf21776-ca37-4f7b-a9cd-1cb55d97769b,la-cura-dellamore-recensione,2a31b7a8-8190-4977-81a3-794264094844,the-care-of-love-review,76c16769ab1b07a0,ok,,2425,274,0.003036,2026-04-19T00:34:12.408353
retranslate-20260419-v6,2bee1c21-198f-4bb0-987c-6d7a8dd477aa,villa-san-giovanni-di-dio,1a410b36-3b5d-4e69-a910-015bc9d02381,villa-s-giovanni-di-dio,3ac66c1f62fd82c5,ok,,4027,1361,0.008666,2026-04-19T00:33:56.673080
retranslate-20260419-v6,2bf6e796-5702-4015-b905-4c9bdcf7ea6d,cera-una-volta-un-pescolino-rosso-e-paperottino,ede39395-5e0e-495e-ab8a-06c84beab650,once-upon-a-time-a-little-red-fish-and-little-duckling,9ba93c8beb39de33,ok,,2831,587,0.004613,2026-04-19T00:34:15.791013
retranslate-20260419-v6,2c1a7cfc-853d-4b7a-aed4-920021263e74,vita-fede-luce-53,d17cb82e-c957-4167-8b06-8d68716deb9b,jean-vanier-building-christian-unity,4ec5122718d60572,ok,,4545,1677,0.010344,2026-04-19T00:34:18.560298
retranslate-20260419-v6,2c54f5b0-4735-4201-8ef3-8d60a8d31bdc,vita-fede-e-luce-n-28,49625786-2af8-4336-85c5-b35c81368d56,vita-fede-e-luce-no-28,3b4fa9de1cefa1a7,ok,,4452,1900,0.011162,2026-04-19T00:34:21.248287
retranslate-20260419-v6,2c69b78a-3238-41d4-b893-5a5f8c758165,io-che-aspetto-sempre-lalba-non-gli-scout-alla-messa-di-mezzogiorno,800ac202-2e4c-4c24-b105-5408ed950a7d,i-wait-for-dawnnot-for-scouts-at-noon-mass,937035c5ae634e22,ok,,2936,763,0.005401,2026-04-19T00:34:40.129985
retranslate-20260419-v6,2c799b2a-fde0-4574-af9d-7b0132b66fa5,vivere-con-un-figlio-down-per-costruire-giorno-per-giorno-un-rapporto-damore-e-un-progetto-di-vita,8a79f3ea-30c6-47b6-857f-c71592643f29,living-with-a-child-with-down-syndrome-building-love-and-life-together-day-by-day,2792a53951c2b614,ok,,2522,345,0.003398,2026-04-19T00:34:46.511028
retranslate-20260419-v6,2c9f8900-20a0-47a2-bf3c-02baca212a10,tra-individualismo-e-impegno-i-giovani-hanno-bisogno-di-concretezza,7592ed6e-91f8-4b5c-b44e-8bf40ac223b2,young-people-need-concrete-results-not-ideology,f77546ec5f3c2c1f,ok,,3565,999,0.006848,2026-04-19T00:34:50.344875
retranslate-20260419-v6,2ca2a785-a122-466f-8dbd-f6b07e28888b,sessualita-e-disabilita-traumatizzata,0865527e-2649-47c7-8f47-a7d2999d181c,sexuality-and-disability-traumatized,68024a8fe88517d7,ok,,2775,512,0.004268,2026-04-19T00:35:02.936154
retranslate-20260419-v6,2c86c9bc-0a0b-40fb-b9a1-c164041eb9b7,dialogo-aperto-n-10,793ebc30-2056-4c6a-b3e0-2a5553385c4d,open-dialogue-no-10,ea1a4f34f74848dd,ok,,4168,1650,0.009934,2026-04-19T00:34:47.456169
retranslate-20260419-v6,2cb11ad6-fcfe-4d15-a58c-5779d63c80da,incontro-di-una-comunita-di-fede-e-luce,b4d73f16-09a7-4a41-94ac-a390f84472bb,a-gathering-of-faith-and-light,444706201a9fccc0,ok,,4872,2075,0.012198,2026-04-19T00:35:08.772304
retranslate-20260419-v6,2ce38e6f-66b3-49a3-a5fc-5abef4d3085b,segni-dellamore-di-dio,ea41ab62-68ea-4457-8a1e-88b831929bbf,signs-of-gods-love,3ae0254c0e259741,ok,,3713,1024,0.007066,2026-04-19T00:35:37.920340
retranslate-20260419-v6,2cede190-56cd-4184-b29e-2bb519604e92,dialogo-aperto-n-148,0795c75e-cd28-47e2-bfbd-d8789180375b,open-dialogue-no-148,9c70040af8f2d26b,ok,,2920,634,0.004872,2026-04-19T00:35:52.167359
retranslate-20260419-v6,2cf7ffdf-27ce-49f8-820c-a1674998e043,mirtilli,a1569b79-41ab-433e-9906-2b31cabef11e,blueberries,66cc78d19a0858b8,ok,,4075,1446,0.009044,2026-04-19T00:35:58.074579
retranslate-20260419-v6,2d00fefd-ee29-439e-b3d2-f7362040a55e,senso-la-vita-paolo,a76202f5-fe47-488b-9fba-866730def561,what-is-the-point-of-paolos-life,254058fa25e1e473,ok,,4203,1598,0.009754,2026-04-19T00:36:17.996168
retranslate-20260419-v6,2d01aa04-7c6f-4413-98bf-8f0093210608,paprika-la-serie-cartoni-supera-lhandicap,05e3b9ba-50b9-4f52-ae57-a65fa5b5f455,paprika-a-cartoon-that-goes-beyond-disability,c6c790ce6ef75011,ok,,2809,622,0.004735,2026-04-19T00:36:39.798731
retranslate-20260419-v6,2d01f039-ea41-41a4-bd3e-165a41f0b561,itaca-laboratorio-di-attivita-artistiche,b544f54c-23a5-4489-aade-b3eac655ecad,itaca-an-art-workshop-for-recovery,4d4e11230d510154,ok,,2920,581,0.00466,2026-04-19T00:36:46.295865
retranslate-20260419-v6,2cafba79-6f0b-4e32-aeec-dfb47c0bbaba,la-grande-famiglia,984325aa-652c-4577-9e2c-a78b706014ed,the-great-family,35f44fd736c5b8fc,ok,,12117,7387,0.039242,2026-04-19T00:35:08.156585
retranslate-20260419-v6,2d01f5ce-7db8-4bfc-8edf-24e443e2bf15,farsi-prossimo-recensione,8cb86751-6080-4086-b557-7e6178422ddd,martini-had-nearly-said-it-all,260aba65697507b8,ok,,3182,790,0.005706,2026-04-19T00:36:52.051244
retranslate-20260419-v6,2d106fb3-39dd-45c1-9a5e-c2cd2ed71d42,ombra-e-luce,5ccdcde8-423d-438c-b5f7-475ef0ea8469,shadow-and-light,050e6e4cab80c105,ok,,3273,964,0.006474,2026-04-19T00:36:57.779640
retranslate-20260419-v6,2d4819ed-e4b8-4e34-8cd7-61a3927c1e09,aspetto-ci-accorgessimo,a2603f17-d09f-4a31-aa62-df2ef1215cb3,he-waited-for-us-to-notice-him-2d48,4f75f9e13f77fa7a,ok,,3764,1236,0.007955,2026-04-19T00:37:00.089531
retranslate-20260419-v6,2d772203-3631-4095-b555-be6a08dfe450,faccio-salti-altissimi,7991aa04-fa5a-465b-8785-8b4e07924b11,i-jump-so-high,234cde18a8388c70,ok,,3157,1026,0.00663,2026-04-19T00:37:15.090862
retranslate-20260419-v6,2d7d466f-43a0-47c9-9372-d391cfdbcc5e,lettera-aperta-a-padre-michel-charpantier,3520da64-3003-4a3f-ae4b-7e038b2822e0,a-letter-to-father-michel-charpantier,be8cc3977e8529aa,ok,,2816,553,0.004465,2026-04-19T00:37:22.088050
retranslate-20260419-v6,2d55b0b3-8d09-40a8-bf78-b5aad4e7d5c4,perche-nessuno-sia-dimenticato,07c795e7-c137-41b9-a612-f9cb28d1a450,so-that-no-one-is-left-behind,8558031b319bcbe0,ok,,5809,2645,0.015227,2026-04-19T00:37:06.331193
retranslate-20260419-v6,2d866075-3eb6-43dd-8b82-c5f37594b7bf,apadest-associazione-piemontese-amici-della-sindrome-di-turner-una-grande-sorpresa,670484f1-487a-45b3-b7f7-e245ff21ad86,apadest-a-piedmont-association-for-turner-syndrome-and-a-beautiful-surprise,249afdac24cdf99e,ok,,4179,1434,0.009079,2026-04-19T00:37:27.325154
retranslate-20260419-v6,2d9606a2-f400-480b-8a65-c38c048c213c,san-sebastian-il-piu-piccolo-dei-grandi-festival,6ed6f9a3-ab90-4b83-baf4-ba3e419af381,san-sebastian-the-smallest-of-the-great-festivals,5caeabc496ffbecd,ok,,3399,1024,0.006815,2026-04-19T00:37:42.268905
retranslate-20260419-v6,2ddcbae2-6325-462c-96bb-e04648eb1ad3,mio-fratello-nel-suo-guscio,06780abb-ef94-487a-834b-e6be75dd8a4c,my-brother-in-his-shell,ef0e2a4ff76ca73b,ok,,2762,533,0.004342,2026-04-19T00:37:54.220563
retranslate-20260419-v6,2e2d1064-1909-4028-b75a-f3bc050618b5,sulleducazione-delle-giovani-generazioni-una-mamma-chiede-una-mamma-risponde,56bd75d2-b03a-4841-8e6e-86d9f1295b52,how-should-we-raise-our-children-a-mother-asks-a-mother-answers,e2220eb5878f17da,ok,,2990,637,0.00494,2026-04-19T00:37:59.644528
retranslate-20260419-v6,2dbc3e04-df1d-4767-9ff5-16230f921930,messaggeri-di-gioia,719bec52-e231-4a6a-a722-7cbaf7de7809,messengers-of-joy,3c6273113a215da2,ok,,5187,2395,0.01373,2026-04-19T00:37:44.697942
retranslate-20260419-v6,2e2ff878-aa09-42f2-91b4-0c7f507a4cef,accostarsi-alla-verita,7d4e571c-6288-45bc-b006-f8f4248713e4,drawing-near-to-truth,80fb37720bd6b746,ok,,3782,1261,0.00807,2026-04-19T00:38:06.845662
retranslate-20260419-v6,2e4089e8-202d-46fe-b69b-6902d1546a6b,il-giubileo-di-fede-e-luce,aa1f1586-1b60-4930-9fd7-a85ad930861f,faith-and-lights-jubilee,6d942c2c64d19865,ok,,3028,661,0.005066,2026-04-19T00:38:18.066544
retranslate-20260419-v6,2e689095-5a02-45da-b00c-ed7f414a6ee7,dare-a-ciascuno-una-voce,594d8678-220f-4c11-8ac9-e8c072cd68b3,giving-each-person-a-voice,af75480dde498cda,ok,,2502,341,0.003366,2026-04-19T00:38:24.139373
retranslate-20260419-v6,2e5ec926-f29e-4fa2-89f4-54afa6fee59c,proprio-io,109a7e81-4089-419a-9b12-ebf18d31cc23,me-really-me,73da60271540a329,ok,,3627,1133,0.007434,2026-04-19T00:38:23.571646
retranslate-20260419-v6,2e768ee9-463a-4170-90a0-ed0964f83a92,solitudine-nella-sofferenza,c276f932-e1b5-44e5-b78e-e6696913493b,alone-in-suffering,64e1509f05eabae1,ok,,4587,1904,0.011286,2026-04-19T00:38:27.064866
retranslate-20260419-v6,2ec9f9e8-6acd-4fa0-988d-5383ce7bb442,io-figlio-di-mio-figlio-recensione,d96b4b79-d3a6-494c-ba7e-8887281ae0a1,i-am-my-sonbook-review,4cc38f3cd6483ca8,ok,,2823,633,0.00479,2026-04-19T00:38:53.046319
retranslate-20260419-v6,2ec07883-6608-4b4f-8cf9-229523499e4d,dialogo-aperto-n-7,d0fb0bb6-fbf5-4f45-83a1-94528c34f941,open-forum-no-7,b469154dcfe61c8a,ok,,4198,1591,0.009722,2026-04-19T00:38:37.473880
retranslate-20260419-v6,2efe382c-d905-4023-942e-b8195b559b8b,oggi-sono-libero,8975eeba-0d34-480b-9caf-4e8409fb6528,today-im-free,bc8ac88851243b5e,ok,,3037,686,0.005174,2026-04-19T00:38:58.214461
retranslate-20260419-v6,2f21df29-faa3-4d20-b759-f20cd0eae089,ridere-a-partire-dal-corpo,74894372-4754-4d39-bdf4-fe9aa90a9dab,laughter-begins-in-the-body,1334ea5a906fdcff,ok,,3242,791,0.005758,2026-04-19T00:39:05.269813
retranslate-20260419-v6,2eec9625-f2d5-42d7-a85e-d2b220281aaa,dialogo-aperto-n-51,7531db3d-2a7f-409a-9847-00a97bf804e7,open-forum-no-51,777dd6ef93f78158,ok,,4237,1674,0.010086,2026-04-19T00:38:58.002774
retranslate-20260419-v6,2f544934-5737-47bb-b80a-0e3e82487a53,tu-sostieni,585d4b23-41c7-4cb1-9183-a347bd71ea76,you-sustain-me,6d9874798869a732,ok,,2440,328,0.003264,2026-04-19T00:39:17.653499
retranslate-20260419-v6,2f439154-7f2b-47cb-8a60-7df4d76597ae,ragazzi-mi-appello-a-voi,3bc3db50-7e27-4e04-b121-d5bfc902c287,young-people-im-calling-on-you,de2535aef6d4bd2c,ok,,3296,797,0.005825,2026-04-19T00:39:13.895734
retranslate-20260419-v6,2f63af17-aa02-48b5-b5b1-b13128dab7c1,incontri,7b246b13-fa5d-4bf3-8f13-e91c08aebeda,encounters,74ca2f6504f43376,ok,,3207,836,0.00591,2026-04-19T00:39:20.968943
retranslate-20260419-v6,2f68e703-bd44-4ee2-91b4-a6fb216b4491,vita-fede-e-luce-n-41,2a7e42bb-031d-42e5-90b0-bd2bd4346641,fede-e-luce-life-and-light-issue-41,473fef33d640e94e,ok,,3109,812,0.005735,2026-04-19T00:39:24.357238
retranslate-20260419-v6,2f84bc98-4d2d-4e78-a0b0-2dedd21861e8,i-condomini-solidali,6a655f54-d34b-4c2a-b042-3cc1f31f27fa,solidarity-condominiums,bfe476e550368f8d,ok,,3365,948,0.006484,2026-04-19T00:39:29.586294
retranslate-20260419-v6,2f8af183-6561-4cca-969b-7af3bd5b7895,preziosi-punti-di-vista,a9e14b13-71a1-42c8-82c9-efcb8cb2d818,precious-points-of-view,9dd879313f081889,ok,,2622,393,0.00367,2026-04-19T00:39:39.213477
retranslate-20260419-v6,2fc8e10a-f4d8-4778-a6f8-5689c11fb727,anche-questanno-sono-riuscita-a-non-andare-sulla-neve,4454448d-7363-4946-b45e-a8e65b9038cb,this-year-i-finally-stayed-off-the-snow,da95e444f3166a6f,ok,,2766,617,0.004681,2026-04-19T00:39:43.831587
retranslate-20260419-v6,2fd31142-a93d-49c9-97a6-f3dc49f7a36c,custodi-della-speranza,d5baa49e-ecb6-4573-a5de-1c674f067ec9,keepers-of-hope,6d805b45fc03dd2d,ok,,3195,861,0.006,2026-04-19T00:39:54.054592
retranslate-20260419-v6,2f8919b5-7629-4d7f-be0a-0f546b5972ee,la-lezione-del-femminismo,b7f44c91-b89c-4881-a388-c15cd0b875f9,what-feminism-taught-me-about-disability,242213f03b88a001,ok,,3515,1063,0.007064,2026-04-19T00:39:32.297487
retranslate-20260419-v6,2ff8c84a-0b15-4bf6-bdd3-f68b312b20ef,negozi-e-pantaloni,f51f373b-e152-4a68-9cca-2c9dce26200d,shops-and-pants,0adf1cba15414d2e,ok,,2718,517,0.004242,2026-04-19T00:40:05.500370
retranslate-20260419-v6,2fe643f4-1668-46fb-b727-63b7d0fd8a26,speleologi-del-mistero-del-piccolo,c5c71958-0577-47d5-902a-810430c9bb92,explorers-of-the-mystery-of-the-small,0ed61c572f0db631,ok,,3528,1105,0.007242,2026-04-19T00:40:03.450397
retranslate-20260419-v6,301fe983-2923-49d6-a9c1-b3ac911aa25f,effetto-alfedena,6e791edf-95b8-459f-9704-f28661ad688c,the-alfedena-effect,1e84540460c442cf,ok,,3823,1266,0.008122,2026-04-19T00:40:10.345284
retranslate-20260419-v6,3036f279-5bf3-404f-8b24-3c6b240831c9,joseph-ha-fatto-la-prima-comunione,12cd4507-1ed5-41c5-8de0-4734fd25441f,joseph-receives-his-first-communion,7ceb7948f5d137f9,ok,,2672,469,0.004014,2026-04-19T00:40:26.496684
retranslate-20260419-v6,303cda94-c543-473e-8dc7-128240d689a2,silenzio,534c07f2-e5b9-44a7-90c5-cdc6ccf3c390,silence,5c16598c9386e79e,ok,,2698,474,0.004054,2026-04-19T00:40:31.487357
retranslate-20260419-v6,3042c357-18cc-4382-a972-0a0cfb2a8520,il-dono-oscuro,e7825104-62d0-4637-b23a-731b540253f9,the-dark-gift,29ceae35b6139eeb,ok,,2932,726,0.00525,2026-04-19T00:40:36.379963
retranslate-20260419-v6,304e8bca-f343-4429-a6a7-9b640cd2562a,e-domani,313a9619-8a65-41e5-b2fd-241233137170,what-comes-next,f12ca0cb5a08c2f9,ok,,2683,471,0.00403,2026-04-19T00:40:42.337245
retranslate-20260419-v6,30256585-adae-4e7f-9f42-2ef945902224,intorno-alla-nascita,998fd0ab-c4b8-4f6e-8c90-2e87aa941f45,when-a-child-with-disability-is-born,311fd5cf87afcbda,ok,,5132,2255,0.013126,2026-04-19T00:40:15.462933
retranslate-20260419-v6,305e85e4-0399-4138-9dd6-f91b52ead613,letture-consigliate-n-18,457d0cfc-9440-4aa3-9c95-8969340299c7,summer-reading-no-18,b9d25ca49c55118a,ok,,2874,686,0.005043,2026-04-19T00:40:48.637639
retranslate-20260419-v6,307a875e-982b-486e-ab06-8ad2016266a0,sorpresi-dal-risorto-recensione,6f91743f-d5b9-49f4-90e5-9b80c57dee27,surprised-by-the-risen-christ-a-review,0910425c6e131e51,ok,,2459,302,0.003175,2026-04-19T00:40:54.129150
retranslate-20260419-v6,308e5af7-2fb4-4102-8e73-a602816c54f7,io-sono-in-sciopero-e-non-da-sola,7406381e-79eb-4941-ba16-9faa70d62519,im-on-strikeand-im-not-alone,eaa0101a6515e0e3,ok,,2867,629,0.00481,2026-04-19T00:40:57.851380
retranslate-20260419-v6,30b7344b-8277-4d0b-8579-bfe50f8eb843,vescovi-del-sinodo-alla-giornata-di-apertura-di-fede-e-luce,229e0828-34d0-4129-84c2-46d52eff3ba4,bishops-at-the-opening-of-faith-and-light-in-rome,93ba74c42f80180d,ok,,3940,1377,0.00866,2026-04-19T00:41:03.540122
retranslate-20260419-v6,30528160-f530-47a0-9828-fd21dca846ca,e-sempre-stato-rifiutato,66b9e726-e0c7-4054-a948-88cacaf550c7,he-was-always-turned-away,be9e23cda7352126,ok,,5431,2561,0.014589,2026-04-19T00:40:48.196304
retranslate-20260419-v6,30c93b4a-2c5b-4094-83cc-5e38e5d3c080,dove-se-non-in-chiesa,1182149c-a8d2-4238-9409-7ad33f659acd,where-else-but-in-the-church,d6d4dc147a6b9fec,ok,,3909,1252,0.008135,2026-04-19T00:41:18.674211
retranslate-20260419-v6,30e8263e-1ed0-45f4-b44f-4d9ce521dcf9,novita-per-lhandicap,4cda6f3f-57f9-4592-a33e-fd6889a30861,new-initiatives-for-people-with-disabilities,60bf65fc651b095f,ok,,3022,771,0.005502,2026-04-19T00:41:27.236329
retranslate-20260419-v6,30f7c8f2-c700-4eb8-9c2e-16f9633a6d84,bilancio-fede-e-luce-1979,261ad375-7091-420a-bca3-3923aefdbc52,fede-e-luce-1979-financial-report,8cb0889adee81335,ok,,2772,638,0.00477,2026-04-19T00:41:32.853269
retranslate-20260419-v6,30fea90c-ee69-4521-b6d4-c396725842f5,ho-deciso,558f548f-6c6d-4618-a1c2-227b03cc9218,i-decided,af2b9384b581b4c8,ok,,2781,546,0.004409,2026-04-19T00:41:34.057796
retranslate-20260419-v6,310c50d0-f667-4054-bde5-604cef2c0fcf,il-problema-dellacqua,b952e2a6-6925-4c89-aa0f-3522e2b09e7b,the-water-problem,48be49e9049b3b9d,ok,,3068,788,0.005606,2026-04-19T00:41:37.601486
retranslate-20260419-v6,3120ba76-8716-4df7-add5-18d6e53da689,3-in-comunita-accoglienti,f3718047-2fbd-46ec-84c1-3888e0a8d8a1,in-welcoming-community,afffd9104c612756,ok,,3076,710,0.005301,2026-04-19T00:41:39.691274
retranslate-20260419-v6,31314107-fc3a-4d05-8e16-c7225e3eba88,in-autobus-con-mia-sorella-la-vita-come-non-lavevi-mai-vista,23f89b2e-93a7-4990-a821-60b1f21d451a,on-the-bus-with-my-sister-life-as-youve-never-seen-it,a22b27197329e8d3,ok,,2457,320,0.003246,2026-04-19T00:41:44.878110
retranslate-20260419-v6,3150f340-316e-4cee-b8a7-3d96255a5a57,labbe-pierre-una-mano-tesa-agli-emarginati,e7226c26-7da8-4204-ba68-c4407f0637a3,abbe-pierre-a-hand-outstretched-to-the-forgotten,4a235d970da03d4c,ok,,2644,443,0.003887,2026-04-19T00:41:46.875095
retranslate-20260419-v6,31591deb-465c-4dc2-a9cc-3ca074569a62,cameriere-per-finta,a47fee07-f967-4055-ae85-f93903166f17,pretend-waiter,4489179d2de17a63,ok,,2776,570,0.004501,2026-04-19T00:41:51.344701
retranslate-20260419-v6,31631ec1-87c9-46a0-ac67-e6c35fe1ad27,smack-come-bacio-il-tempo-con-mio-figlio-disabile,6131aa6e-4f72-4f30-9cb6-e14515313e66,a-smack-like-a-kiss-time-with-my-disabled-son,e381627f5f370340,ok,,3336,988,0.006621,2026-04-19T00:41:57.833146
retranslate-20260419-v6,3155f8f1-9a24-4372-97cb-b6c2372a6c5b,che-cosa-e-fede-e-luce,a9d6383e-78f9-49d4-a39b-ff872ac350b6,what-is-faith-and-light,1e7bbf5bc11946af,ok,,4229,1604,0.009799,2026-04-19T00:41:48.545958
retranslate-20260419-v6,31696f07-9a15-4292-a4b4-d82786f06657,elogio-della-fragilita-recensione,04457d85-ed9c-4438-b437-5a2717a6e47a,in-praise-of-fragility-a-review,f55e2769d682f108,ok,,2640,481,0.004036,2026-04-19T00:42:08.806723
retranslate-20260419-v6,3180713e-adec-4f3f-97c1-f6e9f27693f4,fermati-un-momento-per-capire,f3ebacb5-6078-4fc4-a326-9bbe89c99b41,stop-and-understand,c8a80d1658c18daf,ok,,3933,1357,0.008574,2026-04-19T00:42:12.952602
retranslate-20260419-v6,31793793-fa14-4869-ae39-7a8212b9d9f5,luigi-monza-una-storia-illustrata,a67b5f46-1a6e-4579-a69d-25bd05a34269,our-great-friend-luigi-monza-a-story-in-pictures,e23042e419e0293e,ok,,4848,2481,0.013802,2026-04-19T00:42:11.578034
retranslate-20260419-v6,31bfd333-81d7-410f-8e81-c9638df4be93,chicchi-di-grano-dalla-bibbia,58863810-d3bc-4fd9-94eb-39db256f1123,grains-of-wheat-from-scripture,15c3b0fc533f0422,ok,,2426,281,0.003065,2026-04-19T00:42:32.920527
retranslate-20260419-v6,31996e52-8943-49eb-aa2e-c39603e309bf,mio-dio-duro-vivere-nella-prova,1439daa1-1730-4451-bf5e-523cf6c709ad,my-god-how-hard-it-is-to-live-through-suffering,b009b5789a767b20,ok,,3471,1080,0.007097,2026-04-19T00:42:30.697969
retranslate-20260419-v6,31cab405-2e3c-4e88-b440-aa921274b93b,voci-di-sorelle-e-fratelli,411af847-f89e-45dc-9c4f-196d536aa6bf,voices-of-sisters-and-brothers,4c9f9c5a82840f69,ok,,3006,703,0.005217,2026-04-19T00:42:42.854320
retranslate-20260419-v6,31c8c895-edfb-4714-aa9e-d74b0c3b9933,mi-ama-come-sono,30d47211-7350-4348-8ce8-fc09ff558928,he-loves-me-as-i-am,7367498fe2d7d3bb,ok,,4156,1527,0.009433,2026-04-19T00:42:35.812652
retranslate-20260419-v6,3201ad74-6bc6-4c64-b595-21afbf04795e,integrazione-a-scuola-una-verita-difficile-a-dirsi,b1a4a086-9a12-4f57-bd99-d36f791c347b,school-integration-a-hard-truth-to-tell,20c2ae141a94e517,ok,,3445,1012,0.006804,2026-04-19T00:42:48.931124
retranslate-20260419-v6,3214454f-c269-453c-8791-4d01f9391fb4,quando-il-silenzio-fa-rumore,4edfc301-bb38-45e6-9221-20443b4dcd5c,when-silence-speaks,67cc3320436e29c2,ok,,3725,1201,0.007784,2026-04-19T00:42:54.630789
retranslate-20260419-v6,3231b4eb-ccc6-44c1-a35f-533f2ca58535,nome-tutti-miei,6ac954bc-5936-43ab-ae05-c7c51e1d65a1,in-the-name-of-all-of-us,22aaa8c8a4166f3a,ok,,2677,474,0.004038,2026-04-19T00:43:08.904210
retranslate-20260419-v6,3248acde-0880-4590-a5cc-da87eddc3969,la-nostra-presenza-accanto-a-lei,44b70faa-928c-44d2-9ef1-7105cf0ae05a,standing-with-her,2445427feab2804b,ok,,2995,662,0.005044,2026-04-19T00:43:14.223086
retranslate-20260419-v6,323191d2-51cb-4374-a150-17a7cb434388,giornata-mondiale-dellautismo-il-mondo-si-tinge-di-blu,f8b76567-d3d1-4679-93d3-5b58f82af4ea,world-autism-awareness-day-the-world-turns-blue,597bad2fd622176f,ok,,5717,2580,0.014894,2026-04-19T00:42:59.449714
retranslate-20260419-v6,3259a211-088b-4543-8446-0a025329681c,marco-cavallo,3753e1fe-dab4-4e1a-95a5-963ff42b8bdf,marco-cavallo-3259,d7d82b476712f034,ok,,2755,540,0.004364,2026-04-19T00:43:21.244213
retranslate-20260419-v6,32877863-03bd-4e18-80c0-9cf9a7ecbb66,perche-vi-chiamate-fede-e-luce,fbc393ec-fccb-43ed-9fa4-5730538bbef2,why-we-call-ourselves-faith-and-light,5b613e4eb42cf063,ok,,2961,718,0.005241,2026-04-19T00:43:26.759008
retranslate-20260419-v6,3288e893-4249-443d-80ea-2273a410c6d2,un-po-alla-volta,506e69f8-d0cc-4f16-85a0-1e297afe10bf,one-step-at-a-time,fad2f556a7b17e7e,ok,,3962,1381,0.008694,2026-04-19T00:43:27.144395
retranslate-20260419-v6,3294491c-2623-4925-bfc8-4de2e763b7d2,epilessia-una-malattia-che-imprime-un-marchio,b0762887-c05c-4bb9-9597-28e37282dfaf,epilepsys-invisible-mark,068d237787943f9b,ok,,3811,1207,0.007877,2026-04-19T00:43:32.360912
retranslate-20260419-v6,32ac8257-3d9e-4a41-90d4-cc72e137e385,ci-hanno-scritto-n-20,0fd6005c-b5dc-4015-a9a2-bb6b7e1468df,twenty-letters,dc83949bcdde8cba,ok,,3535,1163,0.00748,2026-04-19T00:43:47.848186
retranslate-20260419-v6,32a5f984-b204-4fd7-a845-13ce7cda17de,tutti-tranne-uno-sono-saliti-a-cavallo-scuderia-le-forne,f6be0aea-704d-45c6-aca0-9c3881393497,all-but-one-got-in-the-saddle-scuderia-le-forne,4da641a94cd096fd,ok,,4257,1583,0.009738,2026-04-19T00:43:44.970573
retranslate-20260419-v6,32ae57ca-77d2-487e-821e-9be43cfa6a75,al-loyola-university-rome-center,077361ae-3382-4020-b141-e122026a3614,a-visit-to-loyola-university-rome,05f101ef9a821a47,ok,,2610,450,0.003888,2026-04-19T00:44:02.037530
retranslate-20260419-v6,32c485c2-962e-420c-b3a2-3e659b0a3a6c,volevo-che-qualcuno-rispondesse-alle-mie-domande,fb32b699-9f9f-4657-b48c-0a63492b9ccf,i-wanted-someone-to-answer-my-questions,f43cf1455cfaab30,ok,,2957,639,0.004922,2026-04-19T00:44:06.693729
retranslate-20260419-v6,32c41f9f-6132-447c-bab1-5b2409cdad4e,vita-fede-e-luce-n-7-il-convegno-interazionale,68cbc160-8e8d-43fd-b23c-b902a389184f,faith-and-light-international-the-rome-gathering,a6aa9410844e75d1,ok,,3684,1160,0.007587,2026-04-19T00:44:04.812376
retranslate-20260419-v6,32c7c532-45b4-47b8-9af5-2ccc4dda78a9,fratelli-nella-notte,2baf63d7-ca7f-4cc9-89c7-a99844ef2c5c,brothers-in-the-dark,baf5529aaa553843,ok,,2567,413,0.003706,2026-04-19T00:44:17.797164
retranslate-20260419-v6,32c6ee9d-c251-46cb-a909-5192029c3003,un-metodo-efficace-per-leducazione-dei-bambini-con-disabilita,d37b2fa9-2f36-4a2c-a9c0-0b60ef470d58,teaching-children-with-disabilities-a-method-that-works,ae944362adb97981,ok,,4529,1688,0.010375,2026-04-19T00:44:12.236001
retranslate-20260419-v6,32d3bd7a-ea39-4dcc-9015-53be14426e6e,stai-pensando-me,1eac137b-7f37-40d6-ac14-94f78041822a,were-you-thinking-of-me,10f17698c80807a4,ok,,3409,1043,0.006899,2026-04-19T00:44:23.049162
retranslate-20260419-v6,3308dd93-2615-4d56-909c-7701fe7f62aa,genitori-di-persone-con-disabilita-nessuno-disturba-nessuno,8acb1d23-272a-416f-ac5d-f16a1c61fb45,parents-of-children-with-disabilities-no-one-disturbs-anyone,d2311c780b41d934,ok,,2784,529,0.004343,2026-04-19T00:44:33.936907
retranslate-20260419-v6,3332a0f1-53a1-453a-80cf-4c2abd95271f,amore-e-disabilita-una-scelta-difficile,00584bb4-7732-4431-ac28-4a70d9d7f1f9,love-and-loneliness-the-price-of-independence,cf0f312b889e4dbf,ok,,3454,1019,0.006839,2026-04-19T00:44:38.888465
retranslate-20260419-v6,3309a799-feb8-46b9-b9b7-d8edd2992334,parliamo-di-comunicazione-facilitata-intervista-francesca-benassi,cabbd8fd-de80-40ab-97e6-d1f98185e8e2,what-facilitated-communication-can-do-an-interview-with-francesca-benassi,8c43ac72808804b0,ok,,4504,1543,0.009775,2026-04-19T00:44:34.794836
retranslate-20260419-v6,334e1075-5a55-4eec-8c61-05597405f46e,dialogo-aperto-n-95,f835e196-6cc9-41a5-ada3-2170b303f349,open-dialogue-no-95,d8a34e0ff9fcc8a3,ok,,3112,781,0.005614,2026-04-19T00:44:50.453840
retranslate-20260419-v6,335418f1-145e-4e77-8f00-12a7cdcd2bd7,sul-cartellino-ce-scritto-benedetta-m,7f73b937-1f4a-4c50-b38e-3183eff73ffb,the-name-tag-says-benedetta-m,33fa6680ba9bc21c,ok,,2799,591,0.004603,2026-04-19T00:44:56.072943
retranslate-20260419-v6,338c1fbe-9aa3-4469-811b-79741e1ea531,spes-contra-spem-alla-scoperta-di-roma-antica,d379581a-d2fb-4df7-bf4f-9c0bb726f973,spes-contra-spem-discovering-ancient-rome,a3e6c492927c99fc,ok,,2903,762,0.00537,2026-04-19T00:45:02.020489
retranslate-20260419-v6,33a772b5-af0e-4c6e-b44b-e1d212aa3419,dialogo-aperto-n-29,ca20c911-24fc-4c11-96f5-9a9a67f96c79,open-dialogue-no-29,804f21a69ff0a1e5,ok,,4603,1815,0.010942,2026-04-19T00:45:07.112445
retranslate-20260419-v6,33a91f57-1929-4438-9e89-96c1dbfdd558,dialogo-aperto-2,c7b53e54-275f-4b47-b57b-0cc772e0bfce,open-dialogue-no-168,0cb35d3631471ba6,ok,,3486,1121,0.007273,2026-04-19T00:45:31.578500
retranslate-20260419-v6,338532cc-cffb-490d-a24f-dc0d134aaf93,chiacchierata-in-famiglia-da-meditare,a7c09c77-375a-4a5c-94a2-d7e52de9c50d,a-family-conversation-worth-reading,5ed1fd7ee331d43c,ok,,7000,3639,0.020156,2026-04-19T00:44:57.693333
retranslate-20260419-v6,33b84958-96b8-438d-881f-ea7ef8d8b716,recensione-la-piu-bella-nuotata-becker,f1e5da3c-60c7-4a97-b68a-7eb923dcf385,the-finest-swim-of-my-lifea-review,2fc85b93d4ddfa66,ok,,2459,326,0.003271,2026-04-19T00:45:53.118965
retranslate-20260419-v6,33b5c470-9c73-42b1-99fe-780ebdace3eb,un-autobus-chiamato-santa-silvia,ef688fe8-83e2-4e65-8635-5ba4c9c72480,the-santa-silvia-bus,6d9760d5706a4111,ok,,3987,1291,0.008354,2026-04-19T00:45:43.345140
retranslate-20260419-v6,33b85138-d875-47a7-8e2a-44ba2a273a8a,come-se-fosse-la-cosa-piu-normale-del-mondo,00652293-1e1c-465b-9c28-f972705727a6,as-if-it-were-the-most-natural-thing-in-the-world,3e613db56ec09cf5,ok,,3026,777,0.005529,2026-04-19T00:45:57.090784
retranslate-20260419-v6,33c72832-e0be-4d64-b720-ce6f0952bbb3,perche-la-salute-conti-davvero,e28d446b-b199-445e-b5e7-198231501c85,why-health-really-matters,14db744ed573ef7f,ok,,2753,486,0.004146,2026-04-19T00:46:01.166174
retranslate-20260419-v6,33d8596f-8649-4e02-9e7d-6b704497a1d1,meglio-ballare-che-arrabbiarsi,142e811d-66d4-4539-b739-29a108d17b7a,better-to-dance-than-rage,b4db2e67d6f97073,ok,,2776,616,0.004685,2026-04-19T00:46:06.140817
retranslate-20260419-v6,33cf87dc-e825-4420-a183-b3c897aec275,con-il-tuo-passo-percorsi-agesci,386c4cea-bbdb-471a-b1ff-043fb052720e,walking-at-your-own-pace-agesci-and-inclusion,7030da4a929bc639,ok,,4212,1436,0.009114,2026-04-19T00:46:03.859620
retranslate-20260419-v6,33f461cc-50a6-4c10-90f5-f18d5a433de6,salvatore-medico-pediatra-acondroplasico,4606660e-c43f-45fd-a1bb-48d0de228f93,salvatore-pediatrician-with-achondroplasia,8f547a8dd7b56845,ok,,3635,953,0.00672,2026-04-19T00:46:11.672167
retranslate-20260419-v6,3409e5cf-44cc-4530-938a-0592afd86555,anna-sorride-alla-pioggia,13ee38e3-5956-48ba-81b6-bb2ecdca90e7,anna-smiles-in-the-rain,0985d54bbe0ab972,ok,,2892,759,0.00535,2026-04-19T00:46:22.768594
retranslate-20260419-v6,344e4397-4bba-4a2c-a502-2f7220d14fe6,lettera-aperta-a-una-maestra,bdd30e7b-df85-42b9-9ede-fe8d915fd4d7,an-open-letter-to-a-teacher,7189c6d85fc0d164,ok,,3111,796,0.005673,2026-04-19T00:46:23.335687
retranslate-20260419-v6,345d57e6-ee8b-437e-80fe-19ccd53f18e6,sqizo,f2da3551-8b2c-4ab9-85fc-230aa76f346e,squizo,d8f7ab2bf539e34f,ok,,2857,572,0.004574,2026-04-19T00:46:28.353814
retranslate-20260419-v6,34620c05-e3d0-4fff-9252-be6d9ec53843,il-grande-cocomero,2ed51211-26a0-44b1-902a-e4f9f1093e07,the-big-watermelon,2e1ccb29ce862488,ok,,2689,486,0.004095,2026-04-19T00:46:34.362289
retranslate-20260419-v6,345e8079-daa0-4d6c-9f5c-ef42bd7c9d79,la-prossima-volta-lo-rifaccio,5ed85f55-78cc-4dd3-9181-cf3477b3a3d4,next-time-im-doing-it-again,c826a8baeb73fc84,ok,,3076,804,0.005677,2026-04-19T00:46:33.786986
retranslate-20260419-v6,3472ffde-94b0-4d77-b4b4-a3f50516a0ea,non-e-mai-troppo-tardi,e29cae53-5efc-4f9f-8312-dbee738ee8b2,its-never-too-late,dc1174148efa4971,ok,,2926,625,0.004841,2026-04-19T00:46:41.797294
retranslate-20260419-v6,3475632f-16a2-4f2b-ab2d-047a556259f3,ci-hanno-scritto-insieme-n-27,d8f34d2d-9b78-4980-9367-a09ced3631f8,letters-from-our-community-together-no-27,fdcadd0c4ebf3bb1,ok,,3486,1134,0.007325,2026-04-19T00:46:48.457047
retranslate-20260419-v6,3477bd45-ccc1-4f0a-9ebe-0bd0a8cf3333,e-sempre-disponibile,5a7b6927-6209-46a1-8151-d12aa5ea9b59,always-there,264021d76242e409,ok,,2909,671,0.005011,2026-04-19T00:47:01.135177
retranslate-20260419-v6,3493c599-4bd1-425e-ae19-86ab2951c954,dal-prato-alla-parete,27538013-47ac-4a06-b0ce-ca5cd8c8f2f3,from-garden-to-wall,600bccee6fb9078a,ok,,2855,553,0.004496,2026-04-19T00:47:08.368364
retranslate-20260419-v6,346d55b7-8d0f-4c39-b180-5cbabc5262f2,punti-incontro-servire-giocare-lavorare-riflettere,0320fb82-7d60-4459-ad8d-ca0baab6b5ec,meeting-points-serving-playing-working-reflecting,f73931937e21dbd2,ok,,6297,3124,0.017534,2026-04-19T00:46:38.704096
retranslate-20260419-v6,3499d15e-406e-4d86-9d11-b40831837838,vegliate-con-me-hospice-unispirazione-per-la-cura-della-vita-recensione,64c16d6a-effd-4e46-8c2e-f2a34f063dee,watch-with-me-hospice-as-an-inspiration-for-care-of-life-review,332fcfb6db04f2aa,ok,,2432,310,0.003186,2026-04-19T00:47:14.236644
retranslate-20260419-v6,34b4a5dc-178a-4d1a-bdb3-fdea0e2428b3,poco-tanto-tutti-stanno-meglio-la-danza,0710a79d-c5a0-4d93-b315-1cc234ed0ef1,everyone-moves-better,d94dd8dce5d54f80,ok,,3741,1215,0.007853,2026-04-19T00:47:19.696511
retranslate-20260419-v6,34cd1d0c-4dbb-4f28-9e29-2ff1c6cb4c3c,notiziario-fede-e-luce-n-12-marzo-1977,da78fa11-0a15-45ad-bbd0-3476079ae92a,faith-and-light-newsletter-no-12-march-1977,14af5bf0f4a669c5,ok,,4722,1861,0.011222,2026-04-19T00:47:20.932153
retranslate-20260419-v6,351ba5a0-de90-46ee-8c21-0692664d7a66,cercare-la-bellezza-la-dove-e-nascosta,0c7f1e3a-15a8-481f-ba9a-a98c58c760ab,finding-beauty-in-hidden-places,88f368bd5a5acfb4,ok,,3686,1130,0.007469,2026-04-19T00:47:45.937324
retranslate-20260419-v6,34f499e5-6a67-447d-8d53-417dde447ef0,per-nostra-riflessione-milano-vederci-piu-chiaro,e9bf8423-6e9c-4de1-80a3-27d8b1dc9a57,milan-and-clear-vision-a-reflection-for-our-movement,320baa9f100eb018,ok,,5076,2157,0.012689,2026-04-19T00:47:34.385112
retranslate-20260419-v6,351fc40e-0b4a-4565-acf7-e34673f0baa0,io-mi-domando,e9f087f6-aac6-4f49-91c5-8789f58fb63d,i-ask-myself,5dea753afa4a418b,ok,,2796,559,0.004473,2026-04-19T00:48:01.096635
retranslate-20260419-v6,35615098-5b36-4473-a4da-45090178f245,una-persona-vera,b7bba654-d554-4d56-89b1-d4d8baf6962f,a-real-person,082dc543d3152a66,ok,,3225,838,0.005932,2026-04-19T00:48:04.002866
retranslate-20260419-v6,3563450c-df72-4ea2-b803-4a97c27adf42,una-piccola-matita-nelle-sue-mani,837d4490-35e6-48b4-8d56-ac273cf3c8aa,a-pencil-in-his-hands,e40f4c3a0628c25a,ok,,3502,1107,0.00723,2026-04-19T00:48:07.563039
retranslate-20260419-v6,3579fcb0-be93-4907-8817-b3de76bc94ef,anniversario-di-matrimonio,d9e46cbe-3c60-46d0-af88-ac8cb20a0b19,fifty-years-together,4ec18ebaff26fe91,ok,,3266,880,0.006133,2026-04-19T00:48:20.802267
retranslate-20260419-v6,3571edee-28d6-4be9-aa78-cfb61ca6f22d,12-con-i-santi,ba59207c-bd15-4fc3-b29a-8eacb86ad34f,walking-with-the-saints,33fbf1603a88b1e8,ok,,4475,1966,0.011444,2026-04-19T00:48:14.985809
retranslate-20260419-v6,358569b0-efc0-47cc-b981-8fe83e132d74,incontrarsi-il-venerdi,11877a7e-5daa-49cc-a7f1-c37745cee9a2,friday-gatherings,13881d7bf3abf935,ok,,3449,1088,0.007111,2026-04-19T00:48:30.235016
retranslate-20260419-v6,3598f8e6-9b70-4eaf-8354-221881763b1e,come-si-fa-fede-e-luce-il-lavoro-in-equipe,0502ae60-c8f3-4b4e-a0b9-7aa61eeb262b,how-faith-and-light-teams-work-together,304b68a39610da1e,ok,,3518,961,0.006658,2026-04-19T00:48:35.063341
retranslate-20260419-v6,35d4b510-7ec2-498e-b497-cf4e92de8311,oggi-e-dei-nostri,5d684820-f69b-453b-a69b-579f5039fbe8,he-belongs-here-now,d8ffd66fea7b6f7e,ok,,2967,639,0.00493,2026-04-19T00:48:42.551924
retranslate-20260419-v6,35da8129-0f01-4f87-b78a-05185d24d790,che-cose-un-katimavic,aeb6ea34-7f7d-44d9-87e3-91cd294b9844,what-is-a-katimavic,7cfa912a3a5ab550,ok,,2931,628,0.004857,2026-04-19T00:48:47.611164
retranslate-20260419-v6,35db7c3a-4b9d-4a8d-9274-65b9db9b3d3a,lavorando-alla-caritas,bce7ea6f-60ca-478c-a0f6-6f15a8870016,working-at-caritas,6db9ff27a8687d94,ok,,2891,582,0.004641,2026-04-19T00:48:49.840156
retranslate-20260419-v6,35e8de02-77da-418f-bf3e-5bcc7fd8d4ba,luca-adotta-alba,cdc37946-9907-4357-84e8-58375b13b696,a-cat-a-community-and-our-apartheid,8589cdede14f7afd,ok,,3889,1387,0.008659,2026-04-19T00:48:53.274578
retranslate-20260419-v6,35ecf6b7-33b7-4188-8e4e-c010a4836ab7,dialogo-aperto-n-145,98c36fe6-0e32-4cf6-949e-fc534578e18e,open-dialogue-no-145,3d8cfae5e39a6453,ok,,3739,1278,0.008103,2026-04-19T00:48:56.343904
retranslate-20260419-v6,3608cd08-cf96-47e5-a0e1-326e0d661da9,per-cercare-la-verita,cc7c1ec6-24d1-438c-bf54-7a2dbb583e38,in-search-of-truth,471d40a603f37739,ok,,5987,2778,0.015902,2026-04-19T00:49:10.965130
retranslate-20260419-v6,35f24137-19d8-4f8a-818c-7ad21ae540e8,quanti-sanno,116bf671-f0b9-4cfc-b350-79ab1b9ec6ea,who-knows-the-silent-strength-of-fathers-a-voice-often-unheard,bd28abf3189d7649,ok,,6269,2839,0.016371,2026-04-19T00:49:10.068621
retranslate-20260419-v6,360e8ff1-5d6c-4899-aa94-b0a86ae0a62d,loro-che-sta-per-terra,bc4ed08f-1d2c-4396-90d7-a903bf0cac3d,gold-lying-on-the-ground,5004919c200d2fc6,ok,,2388,280,0.00303,2026-04-19T00:49:47.593980
retranslate-20260419-v6,362eca47-274a-4db6-86a6-094051f395d9,larmes-de-silence,268a9067-6158-4408-8175-11289cbefed4,tears-of-silence,10c7def68a077d1b,ok,,2446,318,0.003229,2026-04-19T00:49:50.435871
retranslate-20260419-v6,363f487c-c5c7-4079-90be-07ecdee2bd85,in-cammino-verso-lautonomia-personale,1189dbd8-c3ac-47b0-a9c1-1297df1f4b21,finding-my-own-way-one-womans-path-to-independence,a33fe1296303e2dd,ok,,2361,261,0.002933,2026-04-19T00:49:54.004384
retranslate-20260419-v6,3662ecf8-a9c1-4c7b-8afc-4ce0cca0e10d,eccomi-lesempio-di-maria,d4b6e60f-1987-4257-b79c-5b0e474f4fde,here-i-amthe-example-of-mary,208e37d6c5d4c951,ok,,4815,1929,0.011568,2026-04-19T00:49:56.984572
retranslate-20260419-v6,3665dc26-5d43-47f5-b695-038fe2380aba,la-rigorista-del-tirreno,338de884-34ff-4a41-9343-68a35875bf8d,the-penalty-taker-of-tyrrhenian-waters,e3251ca6c4ef5666,ok,,3036,732,0.005357,2026-04-19T00:50:22.593057
retranslate-20260419-v6,36701904-5943-45bd-9bca-ace7df8f3679,ci-hanno-scritto-n-12,20ab28dd-156b-441f-8e32-989f41385de9,letters-from-our-communities,754b1199b8b64dcd,ok,,4547,1829,0.010954,2026-04-19T00:50:29.610656
retranslate-20260419-v6,36730e7b-9859-4223-82f0-4fd27a2bb6b2,dallassistenza-allesistenza-sei-workshop-dellassociazione-vedere-oltre-onlus,48571668-6a0d-4228-86b6-df654909fbc2,from-care-to-personhood-six-workshops-by-vedere-oltre,235e3147d6814cf7,ok,,3730,1051,0.007188,2026-04-19T00:50:54.864546
retranslate-20260419-v6,3676435a-2e40-4267-860a-5b1081c0f5af,quando-ho-recitato-sottovento,b537c307-a438-46ff-99bc-f1f4743bd91c,when-i-acted-downwind,bd9d60b7553e0cdc,ok,,2637,454,0.003926,2026-04-19T00:51:09.584332
retranslate-20260419-v6,368395cf-048d-4312-8276-83457fd4b588,cinema-e-disabilita-i-3-film-di-boris-sollazzo,24ad1aca-a2a5-4ff6-aec2-4d896cad87a5,cinema-and-disability-boris-sollazzos-three-films,ca503a89913c2906,ok,,2160,206,0.002552,2026-04-19T00:51:14.284249
retranslate-20260419-v6,36840739-dbda-47a9-aa65-76fe36ba0868,ombre-e-luci-n-6-1984-sfogliabile,005b5d93-2114-4250-b79e-1ad3033d2270,shadows-and-light-issue-6-1984,d3e8779eecc47521,ok,,2083,41,0.00183,2026-04-19T00:51:18.028538
retranslate-20260419-v6,368d88bb-2267-4c7d-a51f-e1ca0e53cd71,suonare-chitarra-ragazzi-down,15e9241c-83d3-41f2-adba-9eec22ac350c,why-not-learn-guitar,3895e7750b5ea1e6,ok,,4658,1588,0.010078,2026-04-19T00:51:20.416709
retranslate-20260419-v6,369d4246-4e16-4d4d-83b9-cc1ba9fadbff,epigenetica-e-malattie-psichiatriche,fdeee30f-47fc-477e-b037-923385fc90c2,epigenetics-and-psychiatric-disease,a5b31d157de3f9e7,ok,,4840,1526,0.009976,2026-04-19T00:51:43.418559
retranslate-20260419-v6,36a4c808-1d5c-46c6-ad8c-9211fb6eaed6,dialogo-aperto-numero-71,a68ce599-0492-47d1-943f-76ba55232e27,open-dialogue-71,9b916b33274abd39,ok,,3117,801,0.005698,2026-04-19T00:52:03.166458
retranslate-20260419-v6,36a6855b-ca8f-427e-8dec-601d317bf961,e-li-chiamano-disabili-recensione,3493fe90-6fd3-4bb9-85a3-066ee755fe69,and-they-call-them-disabled-a-review,67e30b791387b07a,ok,,2435,310,0.003188,2026-04-19T00:52:11.493203
retranslate-20260419-v6,36aa9c83-2ae6-495f-a893-8983bfbcbf50,quel-farabutto-del-cocomero,d8a5e3ce-953f-4644-995d-a4a4b2deb737,that-blasted-watermelon,24f1a14c83fa25e2,ok,,3370,1039,0.006852,2026-04-19T00:52:14.884221
retranslate-20260419-v6,36afd46f-1fd3-4e32-915b-6e9fd4f9e874,ragazze-fragili,6cd8c47d-c459-44d8-8abd-6a3aaf392d85,fragile-girls,3b90d263cb473f92,ok,,4355,1737,0.010432,2026-04-19T00:52:27.143349
retranslate-20260419-v6,363e59fb-3d7c-410b-b97d-b000151c387b,vita-fede-e-luce-n58-1997,d974eba2-4343-469a-a071-08ec6ee6fc75,life-faith-and-light-no-58,8ff0ad0659636e4b,ok,,6956,3829,0.020881,2026-04-19T00:49:51.468011
retranslate-20260419-v6,36c23a6f-4ecc-467e-b686-11596cb5dcd3,uildm-unione-italiana-lotta-alla-distrofia-muscolare,1990f47c-c068-4df4-89cc-532c73e18f6b,uildm-italys-fight-against-muscular-dystrophy,8f1e073b7ceb6b87,ok,,3924,1456,0.008963,2026-04-19T00:52:48.310116
retranslate-20260419-v6,36f3075c-535f-4ac1-8814-75ddc8b065a0,ci-sto-bene,a407122e-7809-40b3-804b-57a003930208,i-feel-at-home-with-them,37b1c2ee88cd130f,ok,,2519,396,0.003599,2026-04-19T00:53:03.133251
retranslate-20260419-v6,36d4480c-5cda-4fbb-8d88-15455af83309,la-mia-vita-santa-palomba,dafeee80-fcf3-4dde-9940-e2ee5476cc36,my-life-at-santa-palomba,82c1d0d4fd96b026,ok,,4080,1621,0.009748,2026-04-19T00:52:48.906003
retranslate-20260419-v6,37256bd0-98f0-47dc-a05f-46d47711f3db,la-casa-di-dario-comunita-alloggio,ebd7d051-d20d-4512-8313-d02b0c258022,darios-house-a-home-for-those-left-behind,ddf668a5c3c4e255,ok,,3152,745,0.005502,2026-04-19T00:53:07.271399
retranslate-20260419-v6,3728a598-42c2-4dbe-afa0-791ebbe00aba,un-ragazzo-ribelle,0d82c431-9373-40eb-af34-d456d7eee7ce,a-rebel-boy,99d14501af99db0b,ok,,3064,759,0.005487,2026-04-19T00:53:08.426814
retranslate-20260419-v6,37402465-f304-43d8-882d-9d7253b32587,il-nostro-don-francesco,807ed4e8-bb56-464b-9246-3c605f1640c9,father-francesco-our-gift,ba8a870c11ed36de,ok,,3165,823,0.005824,2026-04-19T00:53:15.119973
retranslate-20260419-v6,374248d3-b83f-49a6-88a2-76e8f6f6532b,quasi-non-li-riconoscevo,32f6b811-1659-4c18-a527-7c382eb4318a,i-hardly-knew-them,687d62c36529bdcf,ok,,3147,808,0.00575,2026-04-19T00:53:15.517665
retranslate-20260419-v6,3744e86f-f645-4422-a9b5-ee2ac54f9e85,passo-lento-recensione,f0270086-34c7-4a97-bac9-28c84128c46d,slow-steps-book-review,4e33e4f7f35f0006,ok,,2427,299,0.003138,2026-04-19T00:53:23.882732
retranslate-20260419-v6,3743ada0-c3ce-45e4-af53-4a1b6d775e35,ammalati-di-affetto,f322c619-58c0-49fa-a15e-bd78609b8acc,sick-with-love,122eca447cfd9daf,ok,,3010,719,0.005284,2026-04-19T00:53:22.263054
retranslate-20260419-v6,37474502-2c6f-4356-a46c-089d30bc6b86,lavventura-di-oletta-quando-il-cavallo-diventa-terapia,e51ab873-6c6c-47b3-a4d0-48d842857909,olettas-gift-how-a-horse-becomes-healing,1b9d437246cf2aff,ok,,2925,625,0.00484,2026-04-19T00:53:27.093314
retranslate-20260419-v6,37528e1d-a816-4aa8-a4cb-f4735f90ed89,musei-davvero-per-tutti-grazie-allassociazione-va-m-i-volontari-associati-per-i-musei-italiani,3b923d43-df66-4a7b-a1fe-2364f5fc3d67,museums-for-everyone-the-vami-difference,79b8b027c0c361ac,ok,,3403,998,0.006714,2026-04-19T00:53:28.983703
retranslate-20260419-v6,3753b303-c35f-4c2f-8c45-d57f60af6609,letture-consigliate-n-22,55ca87f4-fce0-4eae-9217-68a1ce81d1ee,recommended-reading-no-22,0641087c34f501b0,ok,,3559,1125,0.007347,2026-04-19T00:53:35.055953
retranslate-20260419-v6,3774805a-f4af-46e6-8b38-3a39cfa0c37d,un-presepe-a-fede-e-luce,4ad8ee49-e43b-45df-b861-34b5d5713274,a-nativity-scene-at-fede-e-luce,9a9c291c53c78b87,ok,,3971,1358,0.008609,2026-04-19T00:53:46.387784
retranslate-20260419-v6,375a2035-f0eb-4e93-b2dc-e0971cc748dc,quel-lupo-dentro-noi,fcf6bede-0afc-4581-a28f-06504c6dd865,the-wolf-within-us,145d553e976798c8,ok,,5482,2403,0.013998,2026-04-19T00:53:40.479308
retranslate-20260419-v6,37784c2c-65cf-4d7d-8237-edf5efe14e76,medici-o-stregoni,525bbcfd-b6f7-44fd-a315-68c87841b4ee,healers-or-magicians,b39905f710358b51,ok,,4496,1672,0.010285,2026-04-19T00:53:59.860678
retranslate-20260419-v6,377cb831-8331-4f51-b7c0-98a5505d5568,paolo-e-chiara,d5d3b1fc-fdfb-43d1-b5e2-e78fe47a468e,paolo-and-chiara,915d6d4d1322af19,ok,,3956,1352,0.008573,2026-04-19T00:54:13.243972
retranslate-20260419-v6,3792656f-c1bf-435b-8a49-99d07ff059d4,artiste-nellorto,,artists-in-the-garden-3792,29c07088976d3e50,error,HTTP Error 400: Bad Request,4115,1454,0.009108,2026-04-19T00:54:22.172293
retranslate-20260419-v6,3792e1d7-ddff-4942-848f-978c3dc4d759,smack-come-bacio,394dbeca-f9d9-4ea0-9205-a26678e2304e,smack-as-kiss,33d5308806e18564,ok,,3265,916,0.006276,2026-04-19T00:54:31.054289
retranslate-20260419-v6,37934758-78d0-4124-8764-858e81bc75e8,dialogo-aperto-n-24,6233eb0d-e057-4a58-b340-298133b340f4,open-dialogue-no-24,c52b6deedd661cea,ok,,5063,2104,0.012466,2026-04-19T00:54:40.133415
retranslate-20260419-v6,3799bffb-2c88-4f73-9ffc-f5473c0de4cc,testimoni-dellincontro,87fbfa7e-64ed-495f-82db-d047840a5999,witnesses-to-encounter,8d82a6bf09accbdb,ok,,6209,2954,0.016783,2026-04-19T00:54:41.556460
retranslate-20260419-v6,37dddad4-503e-42e9-adee-a8cd6262aea4,non-e-cosi-facile-essere-madre-di-una-bambina-non-grave,34fbc532-d4d7-4ada-8788-0c3cc73e5d7b,it-is-not-so-simple-being-the-mother-of-a-child-with-mild-disability,95a4259f87284dd5,ok,,3638,1151,0.007514,2026-04-19T00:55:11.108730
retranslate-20260419-v6,37f495a2-a510-4ae0-a7f3-1bd32295a9a3,abbassa-il-cielo-e-scendi-recensione,73765ad3-862d-43e0-aa71-932d03f64e06,lower-the-sky-and-come-down,b9435c264d9b5076,ok,,2475,346,0.003364,2026-04-19T00:55:25.056758
retranslate-20260419-v6,3838c023-5c2e-4b2a-a863-9db95914f16f,libri-per-giocare,611df8db-0a3b-4673-9644-4bf270e7656d,books-for-play,5be9912bab54587f,ok,,3026,709,0.005257,2026-04-19T00:55:25.541641
retranslate-20260419-v6,38637ba9-4ee9-445d-87bd-39e0430ec62c,tifosi-dellaccessibilita,145332d3-73ad-4559-aad0-d1b08f3affff,fans-of-access,dfafcde97c490ebe,ok,,3226,809,0.005817,2026-04-19T00:55:30.999856
retranslate-20260419-v6,3888cd31-dc51-4a04-8f78-3ba75eb7e28d,comunita-di-fede-e-luce,30d04623-b22e-4cf2-a0fc-c859f82777bc,faith-and-light-communities,c38793f8dc6db78d,ok,,2655,448,0.003916,2026-04-19T00:55:41.304764
retranslate-20260419-v6,385caffa-3771-4e51-b1a9-da0cca4ba1bc,pinocchio-teatro-integrato-ma-non-solo,005e63bf-90bb-4efa-a721-58773355d8e8,pinocchio-on-stage-theater-that-brings-everyone-together,78e6d0085767f427,ok,,3902,1245,0.008102,2026-04-19T00:55:29.154660
retranslate-20260419-v6,38ad6a8e-2a01-4e24-8ef6-1eb79aba1de4,ce-labbiamo-fatta,2e612649-8baf-49d2-9910-ecfa6f195bf0,we-did-it,6e65e0c552039858,ok,,3014,680,0.005131,2026-04-19T00:55:45.139739
retranslate-20260419-v6,38c39d38-7ff8-441f-8e76-86cea1a88afb,nella-casa-di-dario,1107909f-6894-4d01-8e11-a782473d3993,in-darios-house,b4314f1d483e50aa,ok,,3396,970,0.006597,2026-04-19T00:55:45.860493
retranslate-20260419-v6,38c54f65-3899-4630-9bde-7976bd94810e,addio-irlandese,51e71d05-3222-4b3e-ad3f-096753994e94,an-irish-goodbye,fc114c86a0470230,ok,,2481,319,0.003261,2026-04-19T00:55:52.911788
retranslate-20260419-v6,38cd0c13-998d-4427-a680-f10a24e3c0d5,volontariato-una-leva-per-la-vita,b2fedab0-c7d2-47df-8ad3-de100308e7a2,volunteering-a-lever-for-life,e68840c5e45e4ad4,ok,,3515,943,0.006584,2026-04-19T00:55:57.635458
retranslate-20260419-v6,38f569f5-bd24-497d-89ba-91fdc2fd1c76,a-ruota-libera-recensione,9f40c170-003e-4b4f-94c7-4b20da7613f5,freewheeling,5e0aa2e7e8e7e1c4,ok,,2420,291,0.0031,2026-04-19T00:56:09.611891
retranslate-20260419-v6,39017d9b-a267-4d03-a624-165ccb4c39a2,le-richieste-della-sorella-di-un-ragazzo-disabile-ai-suoi-amici,ecdd7506-abde-4c50-82e1-7eda84255ca7,what-my-sisters-disability-asks-of-our-friendship,c042a73d46918046,ok,,2899,636,0.004863,2026-04-19T00:56:13.281338
retranslate-20260419-v6,38cb3f1b-e2f4-4633-af8c-48ecae62f86b,immaginate,779a4b71-286d-4d8e-bd80-ac8414462d35,imagine,eb8a2c8eb79ba2e3,ok,,5366,2317,0.013561,2026-04-19T00:55:57.313140
retranslate-20260419-v6,3949a716-1c52-48c5-96a3-53f95b6a403e,il-mio-amico-gimbo-ha-vinto-le-olimpiadi,7c18c4d8-530a-47ce-8d97-04ef1cc80c82,my-friend-gimbo-won-the-olympics,e6479ada42367bd7,ok,,2820,612,0.004704,2026-04-19T00:56:30.993261
retranslate-20260419-v6,39638a78-87d7-4c19-88d6-35534393635d,come-e-andata-la-mia-gara-di-nuoto,b95d0b87-85d8-4239-8807-2ab37fd4029a,how-my-swimming-competition-went,5975165985110dde,ok,,2355,237,0.002832,2026-04-19T00:56:36.750571
retranslate-20260419-v6,396de8dd-347b-4667-9dbd-6a2f476f7499,quella-fredda-domenica-dinverno,961915d5-f1c1-47e9-a5ef-9eac4a7d9a49,that-cold-winter-sunday,9c625d722abfe94e,ok,,2826,549,0.004457,2026-04-19T00:56:39.908399
retranslate-20260419-v6,3930b9f7-b0e1-47a7-8352-075d8b2cd347,scendere-le-scale,4a47ed2f-609c-42f7-b826-3a1533d47c3d,descending-the-stairs,8fa52d96f0e175d2,ok,,5592,2622,0.014962,2026-04-19T00:56:20.045944
retranslate-20260419-v6,397b4031-60dd-4af9-ae77-3b956fc48c51,lettera-alla-tua-famiglia-recensione,542810d8-c11d-46fa-94d2-8c5688103500,letter-to-your-familya-review,fd91dfafd27b768f,ok,,3290,930,0.006352,2026-04-19T00:56:46.221759
retranslate-20260419-v6,399eeed1-b8c0-4b5d-9ff5-aa5b838a7442,quasi-amici-recensione,5d619dc2-56e9-4e25-a4b6-7a04acc2d83e,untouchable-a-friendship-against-all-odds,80f4086426caa7f4,ok,,2856,622,0.004773,2026-04-19T00:56:53.220938
retranslate-20260419-v6,39a81909-db3e-4fc7-9963-71acd186f2bf,luca-mio-figlio-autistico,99c9c70b-8e95-4b9a-8d53-b2097c8b3de1,luca-my-autistic-son,43d70961a592ee36,ok,,3028,721,0.005306,2026-04-19T00:56:56.851607
retranslate-20260419-v6,39b875d4-8b74-43bf-b400-51c555c5ef19,forse-per-questo-non-sono-andato-via,5cc1e635-ed62-4f96-9cbb-8bc0947c162f,why-i-stayed,28bea0a8dc52dffa,ok,,3126,783,0.005633,2026-04-19T00:57:02.946473
retranslate-20260419-v6,39adcb3d-310c-4fe1-9503-7b520e7d4974,il-magazine-di-chi-scrive-con-gli-occhi,b7b2f550-ebbe-4767-881d-7e46890b0ec7,the-magazine-of-those-who-write-with-their-eyes,d905ef5ef6cac9cc,ok,,3990,1209,0.008028,2026-04-19T00:56:59.914014
retranslate-20260419-v6,39b9230d-016a-42b7-98c8-be9c689e2f87,specchi-il-giubileo-del-mondo-del-volontariato-recensione,5165465a-fcd2-4a73-93c9-18964ceb5826,mirrors-the-jubilee-of-volunteerism,62fb4c216d39f672,ok,,2619,503,0.004107,2026-04-19T00:57:12.269463
retranslate-20260419-v6,39cc9b42-79f7-4f68-a1e4-d982cc6f200e,ombre-e-luci-n-4-1983-sfogliabile,9ac4f231-259d-4960-861b-cf8377c70689,ombre-e-luci-no-4-1983,961fe54440b9017a,ok,,2083,45,0.001846,2026-04-19T00:57:16.049667
retranslate-20260419-v6,39e5bc8b-355d-49e0-b2a3-286413f74d1c,inizio-dellanno-della-tigre,04b05d3e-0fb5-4f21-b933-88a0516efe9e,the-year-of-the-tiger-begins,7f9ee39c1dd5c562,ok,,3082,780,0.005586,2026-04-19T00:57:16.633963
retranslate-20260419-v6,39f458c2-7b7d-48a4-acff-40ad80757131,anche-io-tiro-i-rigori,ac693098-aaaf-4e50-9652-2087de0c185b,i-shoot-penalties-too,2b133b105c34a07d,ok,,2980,758,0.005416,2026-04-19T00:57:24.259177
retranslate-20260419-v6,39f31310-156d-4e31-8cea-4f83b56d1bae,nonostante-il-mio-handicap,e155a044-281f-4f77-805a-51903e5e4694,despite-my-handicap,0d1ccb71d1410d00,ok,,3233,846,0.00597,2026-04-19T00:57:17.209238
retranslate-20260419-v6,3a3b38e5-0436-4534-863a-9c61a2c4f9ff,texas-il-parco-divertimenti-dedicato-ai-bambini-con-disabilita,7a438835-7ac3-4a38-b114-6c2475be42a2,texass-amusement-park-built-for-children-with-disabilities,52705d5707a64c3f,ok,,2926,632,0.004869,2026-04-19T00:57:32.083851
retranslate-20260419-v6,3a49df82-5c30-4889-90bf-8cbc7a6a54c5,viviamo-una-vita-normale,80f4879a-15eb-4349-9857-3d6a04e29d38,we-live-an-ordinary-life,a815b6b3ad9b707f,ok,,3204,872,0.006051,2026-04-19T00:57:32.107920
retranslate-20260419-v6,3a78f241-6eb9-4df1-a719-8c116b15fd13,i-dimenticati-recensione,9761edcb-0070-4f31-b6c1-2e7b6570cf4e,flesh-and-blood-for-ghosts,458e3e72b9f636ab,ok,,3768,1213,0.007866,2026-04-19T00:57:42.554488
retranslate-20260419-v6,3a978dc3-32a4-46fc-960b-40ed86d2f4a1,speranza-recensione,8181e7d9-8561-4dac-9470-5e6242d4b32b,hope-a-review,0dc13d98f1d45fba,ok,,2496,363,0.003449,2026-04-19T00:57:58.589042
retranslate-20260419-v6,3a6c7b76-d999-4d2c-99ef-da06ee58e0ad,lascia-che-vada-a-vivere-fuori-di-casa,bb9f3acc-0bbc-421e-91c4-aefa3ddf1129,let-him-go,061ac69038a62d81,ok,,5043,2008,0.012066,2026-04-19T00:57:37.118775
retranslate-20260419-v6,3ac19cdd-c955-4667-851e-b7d3a1a67130,piano-piano-notai-che-sergio-era-differente,75a6e01d-e60b-4e97-9236-bd91f1d8edc6,slowly-i-realized-sergio-was-different,28a1387b0cd1062d,ok,,2766,550,0.004413,2026-04-19T00:58:02.685173
retranslate-20260419-v6,3ac33412-c913-4a91-bf7a-e87ca629dfe9,un-problema-che-non-so-risolvere,1b15d7b7-8aa3-4748-b335-86393442bab0,a-problem-i-dont-know-how-to-solve,447a64f14f636343,ok,,3065,788,0.005604,2026-04-19T00:58:06.058467
retranslate-20260419-v6,3ae8a16d-313b-40e6-bd22-d9eca65076ee,comunicazione-facilitata-sinceramente-increduli,85be0ac1-78f4-4bdc-9e0a-8b98ea3aa621,facilitated-communicationfrankly-we-were-skeptical,e043a014c419cf10,ok,,2712,542,0.004338,2026-04-19T00:58:14.073159
retranslate-20260419-v6,3ae89194-276d-44c1-b169-3ab7b60371c9,dai-tram-notturni-alle-luci-del-palco,fd237a66-e095-4023-ad9e-8923d504c7ef,from-midnight-trams-to-the-spotlight,fc96f6839ffb44ca,ok,,3374,881,0.006223,2026-04-19T00:58:08.643752
retranslate-20260419-v6,3af0d58e-46d5-4702-9303-9e060602898c,le-parole-del-corpo-tecniche-e-giochi-per-lanimazione-attraverso-il-linguaggio-corporeo-recensione,87924f88-9103-4024-9441-691bc6fcc37a,the-language-of-the-body-techniques-and-games-for-animation-through-movement-a-review,e922c96be84029b5,ok,,2420,301,0.00314,2026-04-19T00:58:19.137878
retranslate-20260419-v6,3b00922f-3abb-4cbf-98c8-0a6b15bb885b,risposte-concrete-per-bisogni-concreti,a774d3b1-6ea9-4618-9748-e69bcbdafaf3,concrete-answers-for-real-needs,3d257216888f303a,ok,,3624,1141,0.007463,2026-04-19T00:58:20.410192
retranslate-20260419-v6,3b145860-fcc2-442a-a20b-aaf17bb0cf60,la-fede-e-un-incontro,159991aa-5945-4fb3-bee6-cacc7a5546ac,faith-is-an-encounter,de705b01b9f6821f,ok,,4542,1828,0.010946,2026-04-19T00:58:22.011503
retranslate-20260419-v6,3b1560e9-f53b-4c28-b3ad-8a6d964a579e,dialogo-aperto,313bd308-8bd1-45eb-9b77-06d625bbb299,open-letters,d71f81a3fcae9f9b,ok,,3381,1012,0.006753,2026-04-19T00:58:34.083696
retranslate-20260419-v6,3b66eee2-5ab5-431d-a461-40d0859e9c32,si-e-allontanato-per-la-prima-volta,7d5d96c7-8615-4575-ba4f-23cd51e72444,he-left-home-for-the-first-time,6f97e344251e1350,ok,,2693,536,0.004298,2026-04-19T00:58:45.192632
retranslate-20260419-v6,3b3ed89b-8969-426b-87bb-be32039e9c7c,7-idee-sulla-sindrome-di-down,8500787e-370c-4b71-9e8b-0f5ade5a9d38,seven-myths-about-down-syndrome,8b80e5645a0333fe,ok,,4076,1410,0.008901,2026-04-19T00:58:44.678803
retranslate-20260419-v6,3b809e42-f9b4-4424-8952-670c0ccc1f8b,i-suoi-nonni,e333ff9e-2028-4533-ac94-4544d7cc1a62,his-grandparents,1ecc531b39b6e04f,ok,,3424,1029,0.006855,2026-04-19T00:58:50.990706
retranslate-20260419-v6,3b867706-a0bc-498d-ad3a-303844cf0945,adesso-fa-la-quarta-sta-ancora-con-noi,37fd23a7-e139-49b1-a5c4-4e230c08b7a2,shes-in-fourth-grade-now-and-shes-still-one-of-us,b4408ba4666ba9e9,ok,,2484,391,0.003551,2026-04-19T00:59:00.810580
retranslate-20260419-v6,3b982e8e-15ac-4951-b092-3f78dc3b1138,il-bambino-con-epilessia,837e8ec0-39b2-452a-934d-7c4ea55c6a29,the-child-with-epilepsy,bfce953979f8c227,ok,,2643,401,0.003718,2026-04-19T00:59:04.699532
retranslate-20260419-v6,3ba34750-13d9-459f-afcb-63266ea40dad,rampe-fai-da-te-il-progetto-del-diciottenne-con-una-stampante-3d,94adeb61-8cff-4759-80d9-7436836c0b75,an-18-year-olds-diy-ramps-using-a-3d-printer-to-break-down-barriers,99c64cdf9fedd044,ok,,3988,1407,0.008818,2026-04-19T00:59:08.676359
retranslate-20260419-v6,3b937d8d-0682-42cd-ba0d-ff62f56efc81,che-grinta,728802ec-2233-417a-8f95-57546d4a6b58,what-grit,f6adf4d35abc503a,ok,,5103,2265,0.013142,2026-04-19T00:59:03.058958
retranslate-20260419-v6,3bcba58c-c762-4c08-89de-8937fc5ac30d,casa-famiglia-sogno-realta,ffd9beb5-34f7-415a-895c-b38abb4d39d1,group-homes-dream-or-reality,2c126f045d4d2a1a,ok,,3440,1037,0.0069,2026-04-19T00:59:25.871611
retranslate-20260419-v6,3bf83a2a-f06d-4954-a571-cc7149691516,basterebbe-un-po-di-coerenza,4b81b63a-5cd1-434c-8103-06376f906c35,my-pregnancy-a-different-journey,de79e5c639c6f4c6,ok,,3152,833,0.005854,2026-04-19T00:59:34.662070
retranslate-20260419-v6,3bfea4de-5ac1-447c-b145-dd7c19edc9c7,paralimpiadi-antonietta,8714fb62-17c8-4a5b-81a0-f4d087e8d9d4,dreaming-of-the-paralympics,df628d6827a168d4,ok,,3266,871,0.006097,2026-04-19T00:59:38.487120
retranslate-20260419-v6,3c009fa1-9ea6-4858-bab2-2d828aca2d35,inno-alla-vita-di-una-handicappata,266b2d9d-1afe-43d8-b354-42c995d72422,a-handicapped-womans-song-of-life,7b75f4dad8f6fe8c,ok,,2786,640,0.004789,2026-04-19T00:59:44.851956
retranslate-20260419-v6,3c1e3e7b-392d-4e61-8617-8f13a0477254,curva-sud,f0f63957-5843-4211-b6e3-e09162230e4d,in-the-south-curve,4f341148627d4ff3,ok,,2866,610,0.004733,2026-04-19T00:59:50.349917
retranslate-20260419-v6,3c1b7ef5-6b23-48e4-abe8-4f0d785fb4da,piccoli-in-carcere-associazione-a-roma-insieme,7370d2a9-4019-4409-bf93-842c1dcb2d8a,children-behind-bars-the-work-of-a-roma-insieme,2b6fd0a913ae45d4,ok,,3550,1044,0.007016,2026-04-19T00:59:47.667357
retranslate-20260419-v6,3c5de293-e686-468e-806a-1db7673e3b20,sono-anche-figli-di-tutti,fbdf554e-2e48-4752-abc8-e763eebc01b8,they-are-our-children-too,2296bc51b230147c,ok,,2716,530,0.004293,2026-04-19T00:59:55.800209
retranslate-20260419-v6,3c61e89f-0135-44d4-8400-370e802ecaee,rimpadronirsi-del-proprio-corpo,b55adb39-e0d3-4135-870c-03d6e7a894ff,reclaiming-his-body,79f25539823f2fc6,ok,,2815,607,0.00468,2026-04-19T01:00:00.243977
retranslate-20260419-v6,3c82ba34-de7a-4f04-9b19-8d7626ebc408,lavagna-inaugura-la-spiaggia-accessibile-alle-persone-con-disabilita,33c0c923-9841-4570-a12f-c563a221a074,lavagna-opens-accessible-beach-for-people-with-disabilities,eecbdbcf396f1e7c,ok,,2677,460,0.003982,2026-04-19T01:00:01.469618
retranslate-20260419-v6,3c9b3fc4-4199-4702-9273-3786655088aa,la-paura-di-amare-la-persona-handicappata-nella-societa,0bca679f-70d8-4e8d-8fcf-86742041437a,the-fear-of-loving-the-handicapped-person-in-society,8494109ae3111357,ok,,2761,545,0.004389,2026-04-19T01:00:05.810022
retranslate-20260419-v6,3cabe1a9-ef53-4dc8-a32f-6cebef4fd0ff,diversi,460e92c1-1e74-48fd-ba45-fcb05fe6699b,different,dbddaa664d7958a9,ok,,3922,1400,0.008738,2026-04-19T01:00:06.009252
retranslate-20260419-v6,3cb2b32e-079b-4323-9e8b-85b1d8998e95,che-gran-caos-coronavirs-persone-disabilita,13aa4899-ccab-4e72-86cc-6f015d0b1b39,what-a-mess-coronavirus-and-people-with-disabilities,3031a1a55f8eef9a,ok,,2977,613,0.004834,2026-04-19T01:00:15.788785
retranslate-20260419-v6,3cc4c476-5b63-4165-b8f8-e79f91ec796c,i-bambini-autistici-una-guida-per-genitori-recensione,886371dc-f962-40ce-9999-eb50ed31d613,autistic-children-a-guide-for-parents-book-review,74eb9184b5f3237f,ok,,2732,518,0.004258,2026-04-19T01:00:24.019837
retranslate-20260419-v6,3cbd14ee-4d96-46c7-9e71-a513512ce370,mamma-non-siamo-soli,3ff13320-692a-4508-b9f8-035477fc469e,mom-were-not-alone,95feb7130edd126e,ok,,2945,655,0.004976,2026-04-19T01:00:22.042691
retranslate-20260419-v6,3ccd1577-de27-41cc-9b4f-1f2d9216f391,lo-straordinario-viaggio-di-nujeen-recensione,5b8c3354-2912-4795-9296-2aa9346a8334,nujeens-extraordinary-journeya-review,e317ae0b2ece91cb,ok,,2487,349,0.003386,2026-04-19T01:00:28.191476
retranslate-20260419-v6,3ce8dd66-d275-4285-8afa-eb1218f829f9,2-pellegrini-in-comunita,755a14ad-8c27-4c95-9fb0-3a6c3cc658e5,pilgrims-in-community,c6a13e1a9a2a9f98,ok,,3242,891,0.006158,2026-04-19T01:00:35.737600
retranslate-20260419-v6,3ce06f5d-5d82-4951-85b5-6d4e2607bca5,qui-e-ora,a7f02c9f-e1ff-458d-ab09-4cde31f6f05a,here-and-now,3a06b3ac92d8cc86,ok,,4224,1606,0.009803,2026-04-19T01:00:35.727621
retranslate-20260419-v6,3cfd8961-a2d6-4f1d-9e8c-ae0b18970ca8,viviana,704788bc-9dc3-4559-9aa5-4ef71cbde1be,viviana-3cfd,0004b188059c5fa2,ok,,3764,1156,0.007635,2026-04-19T01:00:43.902727
retranslate-20260419-v6,3d049208-ace5-42a7-8072-d7506f53a274,cammino-di-trasformazione,7022d023-73e8-48bc-97b5-a8959f596d57,a-path-of-transformation,499bd74647d30dd6,ok,,2802,542,0.00441,2026-04-19T01:00:55.693843
retranslate-20260419-v6,3d17ca5a-64bd-4832-a09b-fc9397992dae,bancomat-arrivano-le-audioguide-per-non-vedenti,978f45a0-6798-4aaa-9207-7faa13741f25,audio-guides-for-atms-banks-move-to-help-blind-and-low-vision-users,bab548f1c3533fe9,ok,,2945,569,0.004632,2026-04-19T01:01:00.685183
retranslate-20260419-v6,3d0da325-ed2a-4b29-8bce-a9d87e790f5b,auguri-scomodi-per-il-nuovo-anno,4054d2f4-7d5c-4ad3-91f0-35d9eb546d5e,uncomfortable-wishes-for-the-new-year,a2237d3871fad307,ok,,3161,847,0.005917,2026-04-19T01:00:57.916487
retranslate-20260419-v6,3d2302ae-9c44-4a09-803b-323e3a7ceb00,disturbi-dellapprendimento-etichettato-idiota,0f61020f-22a3-4ee0-9e87-3fca65256fc8,learning-disabilities-branded-idiot,c5dfc8a5c9182eb0,ok,,2796,542,0.004405,2026-04-19T01:01:06.225527
retranslate-20260419-v6,3d389f2e-438f-4980-a44f-9d5c68aff96d,con-la-vostra-collaborazione,5c964472-6411-4dcb-97fa-739305b0b868,with-your-help,5c97fd14c7365f79,ok,,2993,670,0.005074,2026-04-19T01:01:11.827792
retranslate-20260419-v6,3d31a78b-1e99-4606-86ef-0628cdc00c70,dialogo-aperto-n-147,9b52d03b-705a-459d-b7c9-d710ccfb396e,open-dialogue-no-147,1965f3fef673d598,ok,,3774,1286,0.008163,2026-04-19T01:01:06.972504
retranslate-20260419-v6,3d8f26df-4008-44d0-a697-a9e921410a38,biglietti-e-disegni,e503cfd2-3550-4c44-a663-e1cfd311f742,tickets-and-drawings,2515263889e94fa9,ok,,2879,619,0.004779,2026-04-19T01:01:19.421128
retranslate-20260419-v6,3d96eace-de62-4658-8fcd-0f4cd5f24c43,in-ricordo-di-aldo,b15ee48e-befb-45de-b9a1-398b1ae62dad,in-memory-of-aldo,727c6f82a2e5de31,ok,,2816,624,0.004749,2026-04-19T01:01:24.766656
retranslate-20260419-v6,3daac74b-86a9-48aa-a0f1-997e4e9ac5b9,quando-ci-guardagno-gli-altri,c3e5e8aa-29c1-460d-adbb-ac675e1093e9,when-others-look-at-us,bf9b5ca5f2f331a3,ok,,2893,615,0.004774,2026-04-19T01:01:27.674057
retranslate-20260419-v6,3dcefe61-f53e-4eab-96d8-b0914941afec,atipici-newsletter-n-34,925cdc7a-7236-4564-94e6-81c3ca179067,atypical-newsletter-no-34,3572a7b90caf3a5e,ok,,3161,978,0.006441,2026-04-19T01:01:34.750937
retranslate-20260419-v6,3dec1ed1-b0d9-46d6-a04b-34b83b44316d,il-futuro-di-insieme-una-catena-che-diventa-sempre-piu-grande,8e339ffb-c80e-45c7-b8a4-87690b59e0b2,growing-the-chain-the-future-of-insieme,6cca3ed8e02b6cce,ok,,2752,527,0.00431,2026-04-19T01:01:41.724435
retranslate-20260419-v6,3dca4e84-4431-450f-8f64-8b5e6d386372,tre-giorni-ad-assisi,6854cddf-b25f-48f3-8da5-181d2583c55d,three-days-in-assisi,ef8e7130d9bf34d4,ok,,4133,1570,0.009586,2026-04-19T01:01:30.482659
retranslate-20260419-v6,3e1037e7-effc-4db3-a259-c66279f0d764,pregando-su-una-sedia-imponente-e-semplice,1679d60b-d981-49b1-9d2e-61f25d7cef21,praying-on-a-chair-both-grand-and-simple,a538e9f186ce979f,ok,,3270,911,0.00626,2026-04-19T01:01:47.399161
retranslate-20260419-v6,3e12e858-18d9-40b4-ba42-b48d32b93ba3,lettera-di-jean-n-126,58b03df1-496c-4e42-a4ac-1ceb9c9079d1,letter-from-jean-no-126,d92b9c4ea54e1c11,ok,,3620,1140,0.007456,2026-04-19T01:01:48.420524
retranslate-20260419-v6,3e2cd66e-8250-42c2-a268-ca7d4f686151,il-mio-primo-giro-in-bici,e5fc4727-10f3-4443-9960-eedae289bb1d,my-first-bike-ride,2d02a1dd2f8807a1,ok,,2533,411,0.00367,2026-04-19T01:01:56.950012
retranslate-20260419-v6,3e3d6be3-fe28-4ec5-809f-fca32a301152,vita-riflessioni-sulla-cultura-dellhandicap,1f134e16-50c6-4783-a424-8d98063f5e0d,life-reflections-on-disability-culture,c82629373afcd9f3,ok,,2784,535,0.004367,2026-04-19T01:02:00.268448
retranslate-20260419-v6,3e3fb6d2-603f-4582-8214-47c41f4e86f6,cinque-pani-e-due-pesci,34c45d96-a0a9-4184-adca-99d7a519f3c1,five-loaves-and-two-fish,a2fbad7e33c55070,ok,,2937,637,0.004898,2026-04-19T01:02:01.138207
retranslate-20260419-v6,3e70e96b-bf67-43bc-964d-33e7586a08a7,editoriale-lettera-aperta-agli-amici-di-fede-e-luce,52ba4ffa-0fe7-4902-a217-e998d1f4676f,editorial-an-open-letter-to-the-friends-of-faith-and-light,bf32bfa8ff3064d3,ok,,2811,612,0.004697,2026-04-19T01:02:06.605324
retranslate-20260419-v6,3e7bb3ec-9651-4b09-89e1-225f00ca995c,nonostante-alcune-delusioni,2d54f0c1-fbff-4009-b924-2b72ae1581c9,despite-everything-a-few-disappointments,4161cf228013f407,ok,,2591,432,0.003801,2026-04-19T01:02:07.051179
retranslate-20260419-v6,3ea5fccb-3e15-4a01-8056-11dbaf9f1028,cinema-e-disabilita-3-film-secondo-alessandro-de-simone,d5497e5d-5a25-4da3-914f-81e222938629,film-and-disability-three-films-according-to-alessandro-de-simone,cd3312cf0ed76d95,ok,,2222,158,0.00241,2026-04-19T01:02:11.983470
retranslate-20260419-v6,3e8b69c1-52f6-4f7b-bf0e-ebd8b0a72739,elogio-alla-bruttezza-recensione,54f6f366-6fcb-432c-9004-fd8cd08c4ff3,in-praise-of-uglinessa-review,a3353749386ae07b,ok,,2444,276,0.003059,2026-04-19T01:02:11.888284
retranslate-20260419-v6,3ea73d12-e385-4184-9609-2bd5425eadad,avete-mai-provato,547c0b30-2718-4168-81f7-0781227acfee,have-you-ever-tried,16cc46d0d9c181ae,ok,,2981,711,0.005229,2026-04-19T01:02:13.786376
retranslate-20260419-v6,3ea8054e-1da1-4bdc-94f3-5eedeb8715b8,ora-sappiamo-un-senso,d88ce69b-e2c5-4825-8f10-afecefa00a9b,now-we-know-it-all-has-meaning,84b940ae92318307,ok,,4992,1924,0.01169,2026-04-19T01:02:15.270720
retranslate-20260419-v6,3eb53437-b2d7-4cb3-b1b1-084aadcb2781,dialogo-aperto-n-79,d597c6f3-9587-4c60-a0e1-55754e9607ca,open-dialogue-no-79,0077a88e9c0b58d0,ok,,4598,1786,0.010822,2026-04-19T01:02:19.985730
retranslate-20260419-v6,3eca8a1c-b8c0-428e-9ad5-d9ebb716c6e2,ci-hanno-scritto-n-21,f6b3e8dc-b691-43a5-b28c-9dce52b9aedc,letters-from-our-readers-issue-21,872d017f1fa69a17,ok,,2673,474,0.004034,2026-04-19T01:02:40.966736
retranslate-20260419-v6,3ecc9a3b-d2f9-4cdb-bfb8-dba59efd1a99,le-mollette-di-roberto,6375e219-4db1-4633-aea9-af39343202bf,robertos-clothespins,e1a629835c077b60,ok,,3165,883,0.006064,2026-04-19T01:02:42.577624
retranslate-20260419-v6,3ecdd045-c5a3-4d5b-bdfd-5c913a9089d5,una-settimana-da-dio-senza-nulla-togliere-al-film,e3b44727-cd03-44a9-92b9-d4783cfdd149,a-week-from-god-and-no-disrespect-to-the-movie,bd4dfa11b9c58f43,ok,,2963,656,0.004994,2026-04-19T01:02:45.294943
retranslate-20260419-v6,3ef0bcb8-fe83-4ea4-871f-f8192543dcd8,dedicato-a-don-francesco-trenta-anni-pieni-damore,08642ecf-fc45-4928-ac9a-8322dbe094a7,for-don-francesco-thirty-years-of-love,cf24caa0a6390187,ok,,2857,607,0.004714,2026-04-19T01:02:51.757597
retranslate-20260419-v6,3f1772ed-7815-49b4-8c13-b020a8220c22,una-nuova-speranza,56e40bd8-4fe0-4344-a7fc-61e41bda6aed,a-new-hope,d95ec88f494d2dd0,ok,,2808,576,0.00455,2026-04-19T01:02:58.158029
retranslate-20260419-v6,3f181ef3-81da-4fb5-bb3e-95187091b800,grazie-mariangela,a4dc4ccf-a813-46ee-9f9e-2188e5937e48,thank-you-mariangela,9b238ac8dc1fa636,ok,,2919,631,0.004859,2026-04-19T01:03:02.791564
retranslate-20260419-v6,3f21f890-3427-41a9-970a-70b35276044f,quando-la-crisi-insegna-a-vivere-esperienza-positiva-del-dolore,a12df9e8-7edb-41b6-86d8-f602643fe070,when-crisis-teaches-us-to-live-finding-meaning-in-pain,8a91206b92f2775b,ok,,3505,1003,0.006816,2026-04-19T01:03:09.461204
retranslate-20260419-v6,3f0e3011-d2dc-4e4b-9ada-684fb916ca5b,ci-hanno-scritto-n-22,2525b4c0-eee0-4ef0-b1ea-07dbd8069504,twenty-two-letters,b222d1dd05c0d079,ok,,5764,2763,0.015663,2026-04-19T01:02:52.299445
retranslate-20260419-v6,3f45bbb3-ffce-4fce-b757-0ddb62c1fe19,una-festa-bellissima-ma-non-perfetta,4480973e-b49a-4949-bce4-1e31512b84a3,a-beautiful-spring-feastwith-room-for-improvement,1e727eb6aeb09beb,ok,,2921,623,0.004829,2026-04-19T01:03:30.137383
retranslate-20260419-v6,3f4461c7-554b-4deb-9696-8cf1054d42ae,il-vangelo-mimato-per-costruire-ponti,7a7ab5e7-929d-4ac1-9b9d-e0671b02f020,the-gospel-in-mime-building-bridges,01b9b64de49eb6e1,ok,,4028,1198,0.008014,2026-04-19T01:03:21.221482
retranslate-20260419-v6,3f499724-1c78-4c30-bc97-6bea717e1ffe,nella-stessa-barca-quando-lhandicap-mentale-entra-in-famiglia-recensione-libro,c3a9b46f-7b03-478f-8b45-2789feeb9f76,in-the-same-boat-when-intellectual-disability-enters-the-family-book-review,bf8b08368d66ccb5,ok,,3022,735,0.005358,2026-04-19T01:03:37.257819
retranslate-20260419-v6,3f558e79-bc85-4891-ac0d-5aef99cae596,pagine-bianche,77e2c035-b062-4bd9-8d9c-4ebc78dc3b1b,blank-pages,04714c17624d688a,ok,,2832,560,0.004506,2026-04-19T01:03:38.870183
retranslate-20260419-v6,3f619bbc-5a8e-4db3-8914-b8847b9f38ab,matrimoni-straordinari-il-docureality-in-cui-lamore-supera-i-limiti,ba843c9c-1a21-427e-99fa-e505aa83f305,extraordinary-weddings-love-beyond-disability,53a91d0c8dfe86c3,ok,,2798,563,0.00449,2026-04-19T01:03:44.110758
retranslate-20260419-v6,3f6ab185-308c-46a2-9fc2-f84bbe3fec8b,marco-e-daniela,41b22e3c-18fa-44e6-883e-4a0d4f23b08f,marco-and-daniela,5e3c51ab202f4c62,ok,,2931,631,0.004869,2026-04-19T01:03:44.975733
retranslate-20260419-v6,3f7eaabf-d200-48a3-b11f-b32322b1ef75,37-seconds-recensione,097959e6-a5c8-4091-8f52-ae0b0de6a224,reclaiming-her-signature,038fd6d1df633df1,ok,,2638,415,0.00377,2026-04-19T01:03:49.085951
retranslate-20260419-v6,3f9c3fc4-7043-4139-bd5b-53cdd6a717e6,alfabeto-che-manca,58cc08bc-5b6f-4152-a194-7735d042a10b,the-alphabet-were-missing,6d44a337343e984a,ok,,3315,867,0.00612,2026-04-19T01:03:50.972170
retranslate-20260419-v6,3fbaaa30-c4de-481f-aed1-bb4d79b173eb,associazione-il-cantiere,3bf7706b-ce73-45a6-8994-51e222326849,the-workshop-association-news,8b7c5364bd79ec89,ok,,3554,1053,0.007055,2026-04-19T01:03:53.556852
retranslate-20260419-v6,3fbe6612-3560-46d5-a1f9-0a7750c7efe0,allalveare-si-scopre-lamerica-e-il-teatro,ed41ae41-c1f8-4e09-a54a-f8afbf244040,theater-and-discovery-at-the-beehive,35ee6a2d7c14e9b2,ok,,3917,1334,0.00847,2026-04-19T01:04:00.289393
retranslate-20260419-v6,3fec7ef2-49ef-4b1e-889d-e57eb7e96d74,villa-olmo-abitando-insieme-sette-ragazze-suora,d99082d2-2a1e-427e-8170-505322b4a8c8,seven-girls-and-a-sister-at-villa-olmo,9723d74b61201ebf,ok,,3977,1394,0.008758,2026-04-19T01:04:06.170562
retranslate-20260419-v6,4013c2e6-0edf-4298-87f6-e2e4250c93e1,ai-genitori-e-agli-amici,6f9267a6-0d53-4b67-b596-5d08ce5dfaf2,to-parents-and-friends,cc8f6a8915294b16,ok,,3569,1051,0.007059,2026-04-19T01:04:17.292417
retranslate-20260419-v6,4034ab6c-dd36-4e13-bc84-a6d83872c2a1,grazie-ingrid-non-ti-dimenticheremo,22cec423-3375-4d37-955c-76a1ba265a8a,thank-you-ingrid-we-will-not-forget,e978f4601b897754,ok,,3299,987,0.006587,2026-04-19T01:04:24.061512
retranslate-20260419-v6,40378063-f830-4cf3-9d2f-feb410457a33,zavorre-prescelti,ed756135-2f2c-4a4e-97bb-f28dacfa5641,the-burden-and-the-chosen,897264c0bb206772,ok,,3401,924,0.006417,2026-04-19T01:04:30.707442
retranslate-20260419-v6,40529be7-6b5a-4222-8ea4-1cc8d00fc6dc,rispondo-ai-commenti,7ffb8efa-25bf-488a-9b4a-cca55ec230aa,answering-your-questions,de17c733a9e2484c,ok,,2329,229,0.002779,2026-04-19T01:04:41.041248
retranslate-20260419-v6,40506837-10f6-4a5b-b8e8-c0427c455376,ce-un-problema-col-tuo-bambino,cc59c89c-aee0-47e2-ac27-247ba4322125,is-there-a-problem-with-your-child,9e5b97f7010fcd79,ok,,4438,1691,0.010314,2026-04-19T01:04:33.627579
retranslate-20260419-v6,40579869-56c2-4cd7-9099-1555dd007717,non-una-santa,449bdc05-a429-4bb6-85e0-87a46e450a53,not-a-saint,3834187d437d3251,ok,,4134,1447,0.009095,2026-04-19T01:04:43.689350
retranslate-20260419-v6,4067dc89-6ce7-4fe8-9cc5-f8ed382b7e82,dal-gatto-sulla-cattedra-ai-monti-di-goethe,c822692d-6423-4c3f-a559-eef3d4f74a53,the-cat-on-the-desk-and-goethes-mountains,b3762e48a9863fb1,ok,,3718,1193,0.007746,2026-04-19T01:04:51.905483
retranslate-20260419-v6,406aa630-fda9-4847-a83b-812c92e31e16,festa-al-quirinale,470b1584-285e-44e5-9db8-80ed372db697,a-day-at-the-quirinal,8666cfe2d3dc64a1,ok,,3820,1366,0.00852,2026-04-19T01:05:07.301612
retranslate-20260419-v6,4069ac14-f5b7-4913-b70e-7e20c4874315,esempi-di-comunita-alloggio-5-comunita,e7596fec-4f20-4714-9120-fcb7b0caa790,five-community-residences-models-in-action,632801ce0e29e3cb,ok,,5196,2398,0.013749,2026-04-19T01:05:01.740541
retranslate-20260419-v6,40702464-584d-4f84-a859-aa846c81a514,berlinale-74-orso-doro,cdaa7e7d-5ed9-4558-9dbd-1a9327b4ab2b,gold-prizes-and-provocations-what-to-watch-from-berlin-film-festival-74,dc97f330f503a396,ok,,4253,1559,0.009638,2026-04-19T01:05:21.771932
retranslate-20260419-v6,4097dbbb-04b2-47e5-bdf5-bf0752b65fc3,batteria-scarica,e3d35c21-f31f-4e06-b563-1c6ad7ca8078,dead-battery,42b32d3f24fa3752,ok,,3272,859,0.006054,2026-04-19T01:05:30.509014
retranslate-20260419-v6,40c80f15-a476-4e75-973e-0ad4b7d81134,jean-vanier-compie-90-anni,c1032e5e-3cf8-4d03-9487-8dcc6f78f30b,jean-vanier-turns-90,8c61b02f13c8cdec,ok,,2618,440,0.003854,2026-04-19T01:05:40.849413
retranslate-20260419-v6,40ec791c-2563-4eb8-91a4-2ffb0592e8d8,una-notte-ho-sognato-che-parlavi-recensione,f405abdf-d1e6-4a3f-9568-40cc00eb2183,one-night-i-dreamed-you-spoke-a-review,fda37cabee429b15,ok,,2475,353,0.003392,2026-04-19T01:05:41.236956
retranslate-20260419-v6,41029f59-38b8-45e2-88a9-5bf8621675b2,effata-apriti,b142c620-3895-443d-aeb3-fe930c64a99f,effata-open-wide,46a1c33dc6f92366,ok,,2579,419,0.003739,2026-04-19T01:05:44.905954
retranslate-20260419-v6,40fb524a-c3a0-4058-a8d4-916bed24ff6d,andiamo-alla-casetta,7ad92a0a-7070-418b-a14d-7c2ca1105744,a-visit-to-the-little-house,94f7c613670e7516,ok,,2632,462,0.003954,2026-04-19T01:05:44.508258
retranslate-20260419-v6,412b81ca-d67d-443e-8239-3ae01aa26eed,ci-hanno-scritto-insieme-n-23,be462158-b9bd-4f52-99e2-f5bcbfc46164,letters-from-our-readers-insieme-no-23,7778121516f96382,ok,,3296,923,0.006329,2026-04-19T01:05:49.016390
retranslate-20260419-v6,412dc6c7-8491-4060-8b3e-672ed3aa13ca,inclusione-solidarieta-ordinaria,ec558a04-bfb3-45c7-a446-7efc28993dfe,inclusion-everyday-solidarity,15b898538ca24448,ok,,2732,503,0.004198,2026-04-19T01:05:59.322488
retranslate-20260419-v6,412ff9b4-cd6b-4424-900d-70e7f33ad217,qual-e-il-tuo-figlio-preferito,f7adb5b6-1b90-4776-9f97-92bcb34cdb49,do-you-have-a-favorite-child,c25be5e3e83f0077,ok,,2072,36,0.001802,2026-04-19T01:06:05.285656
retranslate-20260419-v6,414f49c5-eb9f-494a-b01d-7716268ecdde,un-aiuto-per-il-pellegrinaggio-di-lourdes-1981-chi-puo-darci-una-mano,68b37c54-cf71-4b32-b0bc-9add830f5abe,lourdes-1981-help-us-make-the-pilgrimage-possible,efa3d195e2412be7,ok,,2689,509,0.004187,2026-04-19T01:06:06.754007
retranslate-20260419-v6,4102a534-475c-4280-9506-88bed5cd3791,se-un-pomeriggio-dura-quarantanni,1570ca21-c400-4029-a847-413f56318712,when-an-afternoon-lasts-forty-years,2eeab23b371f428d,ok,,3334,949,0.006463,2026-04-19T01:05:48.704418
retranslate-20260419-v6,41829b7e-3bb4-492b-977d-6efa5f19154b,il-manuale-della-buona-educazione-recensione,b64d704c-c677-4f96-8177-79772cc1d2ae,a-guide-to-good-mannersreview,92e01e3104c6d942,ok,,2733,531,0.00431,2026-04-19T01:06:12.135715
retranslate-20260419-v6,41a3964a-c7ba-45ed-bae1-07726eb7d4dc,il-regalo-piu-bello,22e3a281-798f-4ba5-9e27-9b72a3e43adf,the-greatest-gift,07b478b00f2d5457,ok,,3018,734,0.00535,2026-04-19T01:06:17.708033
retranslate-20260419-v6,4196d72a-7048-4964-a051-6a81ba66becd,finalmente-sei-arrivata,d059ce21-3ff0-4725-8749-d7455880e182,youre-finally-here,b5c5c305db2c53ab,ok,,3355,923,0.006376,2026-04-19T01:06:16.661068
retranslate-20260419-v6,41d07af8-2fed-4003-8b4f-ce439c6e0784,una-specie-di-scintilla-recensione,4ee6dc5f-d8d7-48e0-9098-392bab98c390,a-spark-within-elle-mcnicolls-debut-novel,d024415df67e0013,ok,,3255,807,0.005832,2026-04-19T01:06:25.124226
retranslate-20260419-v6,41e7fc08-84e3-42b4-a896-a4868e797807,dossier-rifugiati,300f6619-989f-4a5f-a38c-0c945745d295,dossier-refugees,fff9bb692534f21f,ok,,2763,502,0.004218,2026-04-19T01:06:36.014969
retranslate-20260419-v6,421dd9be-69f4-4e23-870f-09ce4285baaa,quando-vostro-nipote-vi-viene-affidato,dbdbcd63-c4f3-42dd-9e56-b1d4537f4c07,when-your-grandchild-is-in-your-care,ac94e63e1101061e,ok,,2919,600,0.004735,2026-04-19T01:06:40.625237
retranslate-20260419-v6,42282325-2d4c-4876-899b-7f9aed44c2a3,perche-tutti-comprendano,acf7223a-7ee2-40c5-8708-80432352f1d2,so-everyone-can-understand,fda646b2df914439,ok,,3397,999,0.006714,2026-04-19T01:06:47.099477
retranslate-20260419-v6,424a88e9-37ef-46d6-8cf3-074252ea60a0,il-chicco-una-casa-per-fabio-e-maria,411fd841-1d25-4888-9dff-d39920362df2,the-chicco-a-home-for-fabio-and-maria,7296869fffb711a6,ok,,4297,1649,0.010034,2026-04-19T01:06:58.674689
retranslate-20260419-v6,41e78fec-bcaf-44e6-9cf7-a9bdd88838bf,vita-cristiana-e-disabilita,70b83b03-5742-46a6-bf62-d8ca40d263b7,christian-life-and-disability,a829eec86d052991,ok,,8112,5254,0.027506,2026-04-19T01:06:28.608020
retranslate-20260419-v6,424d76cd-63a0-47f5-b4ee-bc4f506f5ecf,allamicizia-ci-credo,83fbe420-faad-4e1c-b3ad-2517e6102e6a,i-believe-in-friendship,59fa1e4a36f11874,ok,,3071,803,0.005669,2026-04-19T01:07:18.547872
retranslate-20260419-v6,4274f5da-4b6d-438d-83a3-295ff1dbe890,persone-prima-che-disabili-una-riflessione-sullhandicap-tra-giustizia-ed-etica-recensione,780d67d7-2fac-4594-9372-10939fe9fff1,people-first-a-reflection-on-disability-justice-and-ethics-book-review,470a2054857e2c08,ok,,2481,336,0.003329,2026-04-19T01:07:25.152440
retranslate-20260419-v6,42b1204b-f9c0-4618-aa7b-471254dd177e,una-messa-poco-dignitosa,df6fc0b5-5e21-49a8-9f08-f7960325a6f1,a-mass-without-dignity,29c2670407be1094,ok,,3565,1102,0.00726,2026-04-19T01:07:28.829764
retranslate-20260419-v6,42870a6e-e9fa-4490-bc43-d8650a955fa6,ausmerzen-vite-indegne-di-essere-vissute,a485f5f7-ddfa-49a1-b6aa-b31d4cc37ea3,ausmerzen-lives-unworthy-of-living,a403f092cbe167b1,ok,,4143,1639,0.00987,2026-04-19T01:07:25.668649
retranslate-20260419-v6,43016c19-c1ea-4d3e-bd36-b6419e2bb4b5,campeggio-fede-e-luce-unavventura-di-vita-e-comunita,0eb1134b-0b72-4809-a50a-b60b269b2a2c,fede-e-luce-campout-a-life-adventure-together,5ba26b9921163f4e,ok,,3179,780,0.005663,2026-04-19T01:07:41.232663
retranslate-20260419-v6,431b0e6b-8df3-42c9-a5e1-74a9d786d82c,il-chiosco-recensione,254c76eb-a6ca-4c65-8742-503564710964,how-olga-rewrites-her-story,7f1926c4c5560d3a,ok,,3074,879,0.005975,2026-04-19T01:07:44.222236
retranslate-20260419-v6,431e4c66-c322-42d6-a667-7a72e6c8b3db,la-freccia-di-viale-marconi,91a9023c-2505-4137-b7b8-1ee8afb48001,the-arrow-on-viale-marconi,0795c5d89ce57bda,ok,,2911,677,0.005037,2026-04-19T01:07:50.019897
retranslate-20260419-v6,432f2ef3-f6f3-4580-b4b2-6b3e9e8214dc,perche-non-lo-portate-a-lourdes-recensione,4b34a737-00b4-4ee4-89e4-96a6b0791b9b,why-dont-you-take-him-to-lourdes-a-review,38e49debc77bfd79,ok,,2432,322,0.003234,2026-04-19T01:07:55.527555
retranslate-20260419-v6,4325a016-3e74-466a-b36d-ff40970e839c,avvicinare-i-genitori-di-ragazzi-con-disabiltia,02b73473-36c6-4813-a869-2f3ad5a9c1d3,reaching-out-to-parents-of-children-with-disabilities,4dd11d0fb46d5199,ok,,3261,844,0.005985,2026-04-19T01:07:51.399892
retranslate-20260419-v6,433c8cb1-f588-421f-90d7-a985542ae97d,dialogo-aperto-n-154,e2edfbca-4387-460e-b6bf-79867b75dc45,open-dialogue-no-154,50e97c19fc3e223f,ok,,3020,730,0.005336,2026-04-19T01:08:00.686716
retranslate-20260419-v6,4332a6bf-8b0e-4ddb-b083-c68021acc6c3,cose-un-sacramento-cose-leucaristia-cose-la-confessione,55efcb4b-a67e-4087-b89b-ac75f42d855e,what-is-a-sacrament-what-is-the-eucharist-what-is-confession,11a5708f9b2b00ca,ok,,3768,1251,0.008018,2026-04-19T01:07:58.921205
retranslate-20260419-v6,43462ab6-8921-424f-af16-84c16a02656a,un-sacco-di-felicita,0d9a7871-0d49-4d69-8a39-c224f37209b1,a-handful-of-joy,3ad6ba22d0a3eb13,ok,,3595,1124,0.007372,2026-04-19T01:08:07.676584
retranslate-20260419-v6,4353e41e-8fea-475a-bd69-fb53ff9faa1c,fede-e-luce-in-armenia-iran,025a22cd-f3dc-4348-a59d-1c8ff8a01801,faith-and-light-in-armenia-and-iran,cc3dd54c9740e75b,ok,,3415,959,0.006568,2026-04-19T01:08:19.539962
retranslate-20260419-v6,437b17b5-3670-4434-bbfa-fa769802752c,cinema-e-disabilita-i-3-film-di-giorgia-sdei,54246890-1be7-4913-b358-fed2a550cd6e,film-and-disability-three-films-that-matter-according-to-giorgia-sdei,dcbd6ee43de1ce11,ok,,2172,139,0.002294,2026-04-19T01:08:29.635103
retranslate-20260419-v6,437b29ba-62d9-47c3-b469-7567c3c48075,ombre-e-luci-n-3-1983-sfogliabile,83b86358-9409-4dea-9dbc-d78a72f776f5,ombre-e-luci-n-3-1983-sfogliabile-437b,112ec881dd9c2b16,ok,,2083,433,0.003398,2026-04-19T01:08:31.900488
retranslate-20260419-v6,43a383cc-1e0a-4887-a856-1df0b91ec653,un-uovo-due-uova,9d41013e-3eea-4e99-930f-e6bc52aabf9d,one-egg-two-eggs,1462e61fb5cda32f,ok,,5377,2372,0.01379,2026-04-19T01:08:37.953642
retranslate-20260419-v6,43b2a79b-02ac-4ae2-9596-deb74fc20722,un-dialogo-aperto-molto-speciale,16dc952f-0dcb-43f2-ae42-9169c842db1a,a-president-writes-back,7a3b6f916347a032,ok,,2379,295,0.003083,2026-04-19T01:09:11.529595
retranslate-20260419-v6,43c3488f-3372-4f85-909f-8ef56fc7b581,grazie-madre-pantanella,a075491f-fae1-434e-ac87-122ed00878c2,thank-you-mother-pantanella,9da2e01acbcea631,ok,,2737,570,0.00447,2026-04-19T01:09:15.238199
retranslate-20260419-v6,43cfad63-7ce0-4daa-82dd-9c39b08a5173,preghiera-per-i-bambini,aedaafbc-7bca-47d7-bd47-0cadc1fe8800,a-prayer-for-children,47020e799b2e34a2,ok,,3078,785,0.005602,2026-04-19T01:09:20.902546
retranslate-20260419-v6,43df9710-5887-437e-aebc-c82b5e7d7b6d,carugate-a-catechismo-con-gli-amici-disabili,24382eb5-e50f-49fe-a777-50d240342e12,carugate-teaching-the-faith-together-with-disabled-friends,d525a6c19f014498,ok,,3232,770,0.005666,2026-04-19T01:09:27.240544
retranslate-20260419-v6,43eebabc-c6fd-41c6-ad52-c67bae22906a,dalle-province-n-143,42944075-6742-4782-b893-4e00cb53fa2b,from-the-provinces-regional-updates,debce6a9c0e4a3ee,ok,,3498,1072,0.007086,2026-04-19T01:09:36.742236
retranslate-20260419-v6,43763759-dca2-4bcf-9c35-b7c2f338c6c9,la-mia-esperienza-con-il-taxi-sociale-a-roma,4e5bcada-1a36-4581-8323-e3557466ec88,my-experience-with-romes-social-taxi-service,3b685a7d42024656,ok,,3600,1192,0.007648,2026-04-19T01:08:20.904748
retranslate-20260419-v6,4421d6b1-6a94-47a2-92a4-25bb7fa5d209,museo-tattile-omero-ancona,fed29c8b-1a47-47c0-99e4-929116bf15a5,the-pleasure-of-touch,9ed51d264d86da78,ok,,3461,941,0.006533,2026-04-19T01:10:01.903561
retranslate-20260419-v6,4415980f-ec72-4817-b293-c6a8ccbd6dc1,ritardo-mentale-nelle-malattie-genetiche-la-ricerca-di-una-possibilie-cura,afe47128-708a-4372-b25f-377efe6f5d1b,mental-retardation-and-genetic-disease-the-search-for-a-cure,51f8ee9f0a323846,ok,,4976,1984,0.011917,2026-04-19T01:09:49.072331
retranslate-20260419-v6,4424470c-89b7-4265-8ccb-34c1c88966ac,un-aiuto-per-i-prossimi-responsabili-di-fede-e-luce-responsabilita-si-o-no,ac6f397b-90a8-4c6e-bfd1-b22179f2fc28,taking-on-leadership-in-faith-and-light-yes-or-no,6d4c7f8216b81ecf,ok,,3032,694,0.005202,2026-04-19T01:10:12.990306
retranslate-20260419-v6,44317813-ca04-475c-a654-a7cf4d3c016f,se-qualcuno-bussa,d206b945-b0f2-4979-82a1-ff3c986b05b8,if-someone-knocks,54ede14cfe7d13e2,ok,,3250,956,0.006424,2026-04-19T01:10:13.010884
retranslate-20260419-v6,44784000-600c-442a-a59b-da22d3513b80,viola-e-mimosa-n-137,c9d2b5c6-2aa8-4988-b4d0-ad509fa6665a,viola-and-mimosa-no-137,a294ec894f5d4096,ok,,3050,730,0.00536,2026-04-19T01:10:23.547274
retranslate-20260419-v6,4480085e-a55c-4ef4-a20f-460d90a92b1b,viola-e-occhiolino,bd6ddaa2-27e5-4ef9-a58a-8ed0c2f813d3,viola-and-occhiolino,079ca631a90e2d13,ok,,2875,606,0.004724,2026-04-19T01:10:31.407249
retranslate-20260419-v6,44451ee1-88a4-42ff-b7e5-7a593ecd64d5,e-ho-ripensato-tutto,e7257294-c91f-4b71-9822-2fd386229882,i-had-to-rethink-everything,2140d9a5ec894ab1,ok,,4184,1485,0.009287,2026-04-19T01:10:20.074922
retranslate-20260419-v6,44838f33-8860-432e-8bb8-c6492b9141f5,si-chiama-sara,2831be6c-9c66-4e57-a244-95b251452dfa,her-name-is-sara,2fa368e9991bc9ba,ok,,2924,648,0.004931,2026-04-19T01:10:36.988240
retranslate-20260419-v6,448a2e9b-c6d1-4b0a-9da6-f6a0f53c6cbc,disturbi-dellapprendimento-una-bambina-disprattica,be49654a-22c0-4df6-aaeb-6eaf2f2c09fa,learning-disabilities-a-clumsy-child,3372584c843c4ad3,ok,,2829,575,0.004563,2026-04-19T01:10:39.316364
retranslate-20260419-v6,44bc33ca-ec2f-4e2a-b0a0-117f5b69e529,ci-hanno-scritto-una-critica-allultimo-numero-di-insieme,1d4e84af-6458-4647-a717-06c12583025a,readers-write-a-critique-of-the-latest-issue-of-insieme,39db33bc9f8c8260,ok,,2911,658,0.004961,2026-04-19T01:10:45.732045
retranslate-20260419-v6,448a4aa3-c90a-4ce4-9eec-44a9699185bb,intervista-giampiero-griffo,66f0c0bd-9c61-4d0f-a586-f2a872a70426,what-the-convention-saysand-doesnt,cadedd0ae12c4e28,ok,,3850,1163,0.007732,2026-04-19T01:10:43.302451
retranslate-20260419-v6,44f47b04-ccb4-41b7-ba67-04aa892a8ec5,un-cortometraggio-e-una-serie-a-chiudere-la-festa-del-cinema-di-roma,6e7a5cc6-7416-460a-89ab-95819d3983ca,a-short-film-and-a-series-close-out-romes-film-festival,10cb9aab5726191a,ok,,3420,1101,0.00714,2026-04-19T01:10:57.064712
retranslate-20260419-v6,450a75a9-a7a3-464f-8d11-11e5620d3099,la-parola-prende-vita,e7465e1d-78b5-45b2-a9b6-5073a8c359e2,the-word-made-flesh,661e7b3f8b3be67a,ok,,3260,845,0.005988,2026-04-19T01:11:08.014231
retranslate-20260419-v6,450fb3e8-7923-4a68-a3be-84fa9d91ac60,essere-padre-di-un-figlio-disabile,2d2e711b-657c-4495-9407-3ebd4133267b,being-the-father-of-a-child-with-a-disability,0e8b2783ff1ae10c,ok,,3269,888,0.006167,2026-04-19T01:11:18.216947
retranslate-20260419-v6,45290a31-8ada-4402-b6f0-80364805c550,newsletter-n-7-la-sedia-e-lo-studio,43ecb800-d479-46eb-893f-ccd4e9f9600b,newsletter-no-7-the-chair-and-the-study,7d1d7bfced4a56ae,ok,,4116,1737,0.010241,2026-04-19T01:11:29.253593
retranslate-20260419-v6,453f0dcf-1c79-417a-a5e5-0ef3bfeb051c,tu-sei-amato-da-dio-cosi-come-sei,f7d547b0-ff44-4b2f-b77e-9d356f4dbef2,you-are-loved-by-god-just-as-you-are,b1f519c75896631a,ok,,4856,2098,0.012277,2026-04-19T01:11:47.116396
retranslate-20260419-v6,45687096-cc1f-4a6e-93b3-29429d809724,recensione-the-best-is-yet-to-come,144cc799-f6b9-42e6-a15a-54cccb4193d6,living-with-hepatitis-b-the-weight-of-stigma,955d64f7a163ac4b,ok,,2644,428,0.003827,2026-04-19T01:12:14.906410
retranslate-20260419-v6,4569b0ba-1c58-428a-a01d-7fb07453c762,non-perdere-di-vista-enza,9cc7501d-93d4-4254-880b-b32442e0f7d8,keep-your-eyes-on-enza,0f7f35fed9ec070e,ok,,2582,422,0.003754,2026-04-19T01:12:20.519968
retranslate-20260419-v6,45864bc2-55c2-4205-8d3b-ff1bf406610e,le-grandi-domande-della-vita,b913b4d3-2360-4caf-941a-900dc817b8a2,lifes-great-questions,12fe3c0744106b73,ok,,3174,1022,0.006627,2026-04-19T01:12:25.576759
retranslate-20260419-v6,458ff9ce-83c5-4baf-8fe0-03bcd12d370f,di-feste-volute-e-di-feste-che-non-vorrei,4f6d7856-6419-4271-80fb-55d52965adc5,parties-i-want-and-parties-i-dont,54a7a8b826718f32,ok,,2876,656,0.004925,2026-04-19T01:12:48.879597
retranslate-20260419-v6,4593c3f9-87b6-4066-9b26-a32ebda53a11,migrati-diverse-fragilita-si-incontrano,e72ce628-caa5-4b2b-94bb-1e2714672f40,when-fragility-meets-fragility-disabled-journalists-report-on-migrants,73848dd6329d7999,ok,,4370,1487,0.009444,2026-04-19T01:12:55.889098
retranslate-20260419-v6,45c49b41-541e-47dd-bcc2-c2fe04a1b4c2,allora-si-parte,598c483a-39e9-453d-a26f-5833360f4db8,so-are-we-going,e20c4dd58330e0f4,ok,,6633,3353,0.018718,2026-04-19T01:13:17.390092
retranslate-20260419-v6,45cfe161-7b0d-4ae0-a66f-927ad57a44e8,dialogo-aperto-n-87,d2991eb3-022e-4d36-8bca-1d4acae40cc9,open-dialogue-no-87,a0df689b22c55d61,ok,,3538,1199,0.007626,2026-04-19T01:14:02.245163
retranslate-20260419-v6,44e2cc5e-8814-4961-9048-dbfb64d562a8,trisomia-21-la-sindrome-down,ef40f8d0-ec73-4698-9d3b-77cb06d9fbc8,trisomy-21-down-syndrome,786de504e1124cc1,ok,,9024,4828,0.026531,2026-04-19T01:10:52.513776
retranslate-20260419-v6,45d6c7a2-29bb-44a9-a739-d60e2cf74922,lamicizia-un-dono-unico-ed-eterno,58342571-446f-4347-b008-6c5ce1f7e88d,friendship-a-gift-beyond-time,9e6e10c2dcfb833c,ok,,3603,1173,0.007574,2026-04-19T01:14:16.457610
retranslate-20260419-v6,45ecde77-6dd5-4d05-89cd-ee813e34bf82,lumana-resistenza,f6c6784a-2c24-42a6-a171-60cb6db4effe,human-resistance,e9ecdc67def46e4e,ok,,3414,1006,0.006755,2026-04-19T01:14:24.134513
retranslate-20260419-v6,45eda254-3b9a-4429-b555-c3cd7fe17c7a,natale-a-lubiana,c39e4cb5-4c1f-4989-a2d2-ec74dc8082f5,christmas-in-ljubljana,9ba1d393cadcc188,ok,,2718,509,0.00421,2026-04-19T01:14:30.186192
retranslate-20260419-v6,46192328-5215-4f80-97c8-14a7773b702c,al-lavoro,eed7d0a8-25fe-4118-b702-a7d6bb73f6e3,get-to-work,d1e5a64996a578b0,ok,,3297,919,0.006314,2026-04-19T01:14:35.353567
retranslate-20260419-v6,460c381d-2f3b-4902-94a3-d71e15584f42,i-fornelli-di-marta-e-matteo,3bf26b16-0d1e-403a-bb21-c03dd78ab408,marta-and-matthews-kitchen,b5d56698a9d7315b,ok,,3783,1189,0.007782,2026-04-19T01:14:34.631889
retranslate-20260419-v6,461bff80-badb-4f49-b17d-28c2f06f83c7,fede-e-luce,765d9cd2-fa01-4000-9355-e49c831be75d,faith-and-light,49cb9884c714e3f6,ok,,3143,772,0.005602,2026-04-19T01:14:45.221980
retranslate-20260419-v6,4633beb6-7eab-4b4f-b8bf-7fc482c75199,dialogo-aperto-n-169,2b16574f-09b2-495f-b770-21fa76feb1cb,open-dialogue-no-169,a9452ad17987a8ed,ok,,3108,793,0.005658,2026-04-19T01:14:48.907442
retranslate-20260419-v6,4636fe58-08ab-4538-a581-3827fe3ca42b,marahba-kiffak-ciao-come-stai-fede-luce-beirut,87a9daa7-b4d0-4d48-8a18-6df92d407b10,marahba-kiffak-hello-how-are-you-faith-and-light-in-beirut,46b650d985aa6c7c,ok,,3792,1244,0.00801,2026-04-19T01:14:56.108553
retranslate-20260419-v6,464dd3fa-b52f-4094-8983-81cac21255ae,aspettate-arrivo,18a13c78-94a4-4274-addc-119e1978008c,wait-for-me-im-coming,e9873f5a68ba26e4,ok,,2915,646,0.004916,2026-04-19T01:15:11.249710
retranslate-20260419-v6,46346575-dfe1-4c92-bd3b-10fd5f318303,il-chicco,2bc4730d-ca5d-496e-ae77-98b4260ce8fa,the-chicco,009eed6fb5e97f28,ok,,5230,2338,0.013536,2026-04-19T01:14:53.154954
retranslate-20260419-v6,464effad-cbe0-457b-ba0d-7d625b1404fc,quel-che-si-guarda-ma-non-si-vede,ceec882d-2528-42d7-a557-d886729e3081,what-we-look-at-but-dont-see,87f6e9e545c08e00,ok,,3292,818,0.005906,2026-04-19T01:15:17.359439
retranslate-20260419-v6,468b2ffd-2117-48e8-8f84-bdf17042ff88,papa-e-cieco,98a5f624-1d1f-4c85-aff5-39332456ea37,my-father-is-blind,754d7ba5a41b1006,ok,,3417,968,0.006606,2026-04-19T01:15:19.531046
retranslate-20260419-v6,4699e20d-ec2e-49ab-98ab-487496a0298a,teatro-in-piazza,1f2c7f1d-5c26-4043-b922-19483144a153,theater-in-the-piazza,41d2aeb00c3855e6,ok,,2646,495,0.004097,2026-04-19T01:15:28.031230
retranslate-20260419-v6,46ba5772-e90e-4fb5-b555-97b419989f11,partiamo-per-il-congo-caa,204ce616-f0b5-4de3-845e-45130fa8cacf,off-to-congo,171c4e63c1a98106,ok,,2158,116,0.00219,2026-04-19T01:15:33.038599
retranslate-20260419-v6,46a9cb7b-bdab-4046-b687-4af57dfaa3c5,eh-io-sono-qui,5ba5fe31-9b3c-4053-91a1-9eb9b710e996,here-i-am,17773767f2e01482,ok,,2704,534,0.004299,2026-04-19T01:15:32.889717
retranslate-20260419-v6,46c9a57b-6d23-4f32-98d9-baaab352c009,la-comunita-che-accoglie-i-rifiutati-recensione,895a1f45-69c2-4c10-96dc-12c529cb7e27,the-community-that-welcomes-the-rejected-review,1c403e80d9563d3e,ok,,2626,458,0.003933,2026-04-19T01:15:37.968297
retranslate-20260419-v6,46bb797d-d244-49f4-bb9a-73fc2a51e7bd,un-figlio-handicappato,79c421e0-7606-4a01-9773-752271c63f2c,a-handicapped-child,7bea36b5bd216dbc,ok,,3278,932,0.00635,2026-04-19T01:15:34.613387
retranslate-20260419-v6,46e0882b-a33e-4dcc-b7da-c3182e730d2c,vedendo-pensava-dentro,9b5c1f65-8723-45cf-b253-53b0152ed2d0,what-he-saw-and-what-he-thought,be15a9dfa1d0c7d8,ok,,2738,555,0.00441,2026-04-19T01:15:41.874702
retranslate-20260419-v6,46eb491c-fc49-4eba-9228-cfd544978da1,vita-in-poverta,28bdf2eb-2d38-4c57-9036-fe70e1382ba7,living-in-poverty,2d9631db113a1d41,ok,,2682,525,0.004246,2026-04-19T01:15:44.039966
retranslate-20260419-v6,46ffb84d-e0c6-4bf1-8bdd-6e99724d5a1b,ricordando-la-cara-nicole-il-dono-piu-sincero-e-il-dono-di-se,1ce235e5-544c-4ea4-afcb-deff7cd1ee2d,remembering-nicole-the-most-honest-gift-is-the-gift-of-yourself,da6b2aa14bfe5496,ok,,4115,1386,0.008836,2026-04-19T01:15:49.514880
retranslate-20260419-v6,473fdf8c-3e5f-4dc4-ac76-b9e2937dfc52,soffro-dunque-siamo-recensione,0c9dcfda-a945-4b5e-b3c7-9030ce1aaea3,i-suffer-therefore-we-are-book-review,e34662631ad829fa,ok,,2383,264,0.002962,2026-04-19T01:16:07.257203
retranslate-20260419-v6,475fd6e2-dd08-40e5-bde8-e513190f36ce,il-mistero-di-tanto-bene,2e09eb40-ec3d-4b35-acb8-0770e3bd12da,the-mystery-of-so-much-good,33e52aa5c80a3291,ok,,2770,553,0.004428,2026-04-19T01:16:10.075809
retranslate-20260419-v6,46fc8828-831f-4a05-85b4-fb53bc4c2434,avere-un-posto-nella-societa,9159b88a-3ab5-41d7-b7b9-998fe77f718b,a-place-in-the-world,728ec5ac58578edd,ok,,5061,2154,0.012665,2026-04-19T01:15:46.401156
retranslate-20260419-v6,476c45f8-ff58-4f61-bc30-5f656970a40a,bilancio-fede-e-luce-1976,08927c09-6ced-4353-b827-aec7cf790cff,fede-e-luce-financial-report-for-1976,8dbbcc48fe8aae5c,ok,,2469,353,0.003387,2026-04-19T01:16:19.369648
retranslate-20260419-v6,47799d45-f618-4847-a56e-a81d474a37bb,pronto-soccorso-in-una-bottiglietta,126c2081-0540-4282-8f17-132e6595c764,emergency-in-a-bottle,aba197acd71d5f10,ok,,3676,1098,0.007333,2026-04-19T01:16:22.476665
retranslate-20260419-v6,47824686-0d8a-4b10-867a-702801672134,luovo-nero-recensione,ee981c00-6737-4684-8dbe-709969d1755c,listen-to-build,cb86d907b527d29c,ok,,3027,900,0.006022,2026-04-19T01:16:37.332714
retranslate-20260419-v6,478658ef-ebd3-44f5-8bef-e72cfde02c9d,quando-lamore-e-mancato,bae228dc-dab8-4972-bb57-7cb28f4d3622,when-love-was-missing,1a6e2e69b829c8a8,ok,,2412,265,0.00299,2026-04-19T01:16:43.475107
retranslate-20260419-v6,47899aee-5567-4808-8e23-d59fecb16620,world-disability-day-2018,55ab30f6-610d-4085-87a3-3fe2e6b23f33,disability-day-more-jobs-more-funding-for-life-after-care,801d591cfc62df35,ok,,3388,963,0.006562,2026-04-19T01:16:46.923690
retranslate-20260419-v6,47aac753-15b7-4f4b-ab5e-f813ee9347ac,una-piccola-barca,d5641510-4b5c-497a-be19-4b0b73641804,a-little-boat,931beebeb5ad0df7,ok,,2610,455,0.003908,2026-04-19T01:16:56.624389
retranslate-20260419-v6,47ae67e6-31c1-4291-98f8-f9774a1ab10d,letture-consigliate-n-14,bb25863d-040f-4cc9-b4d3-27d33a1964f7,recommended-reading-issue-14,bc9a2744cc769478,ok,,2683,562,0.004394,2026-04-19T01:17:00.735768
retranslate-20260419-v6,47bf6bed-d7bc-496f-9b80-8a0a1609d83e,famiglia-per-chi-famiglia-per-cosa,e94bc548-1d05-4b59-bd02-809651cdbbd8,family-for-whom-family-for-what,1ad86b516a610a4f,ok,,3500,905,0.00642,2026-04-19T01:17:05.517073
retranslate-20260419-v6,476913bd-7eb1-4282-97e0-8c8d190e7392,a-scuola-con-tre-insegnanti,9c8d1a5e-1d82-496a-b8f0-96ee7f4c941d,three-teachers-one-classroom,d87a5032180a1bcc,ok,,5168,2160,0.012774,2026-04-19T01:16:15.225293
retranslate-20260419-v6,47bf8086-ca78-4b83-93b8-f283e00a0eb0,santa-pazienza,3d52656d-8745-4461-8e93-a2a11af9a6f7,holy-patience,cf692c464ae7f87b,ok,,3722,1211,0.007822,2026-04-19T01:17:16.268917
retranslate-20260419-v6,47d67f49-aa27-4783-8a4e-9dc9bd99c675,da-venezia-82-per-la-mostra-del-cinema,f6565308-c35e-4bb8-9375-b038775a9e8b,venice-82-how-virtual-reality-cinema-tells-disability-stories-with-empathy,0e8eec0e11abee0d,ok,,4364,1772,0.010579,2026-04-19T01:17:20.524200
retranslate-20260419-v6,47e7e1bf-bb90-4541-93eb-17c5a1691d8f,storia-di-natale,7f079685-57e9-4660-8a7f-1b898cd12580,a-christmas-story,0a3af9c2ee51fda3,ok,,3156,851,0.005929,2026-04-19T01:17:31.201256
retranslate-20260419-v6,47ed2200-d4e3-4f53-8cc7-5ff343669708,leducazione-sessuale-delle-persone-handicappate-un-libro-risponde,0d98dadf-12ad-4309-a6fb-ae9ec25313ee,sex-education-for-people-with-disabilities-a-book-offers-answers,e5c2f303e6b75ca7,ok,,3258,884,0.006142,2026-04-19T01:17:39.749037
retranslate-20260419-v6,47ee6a4f-9a19-4bc7-8101-ed538eddd7f6,quando-il-caso-non-e-un-caso,887ac28a-142f-4d33-b7d9-0510db74385a,when-chance-is-not-chance,9153772a1bc098f2,ok,,2843,586,0.004618,2026-04-19T01:17:49.526841
retranslate-20260419-v6,47ecccea-6ef1-4953-a45d-b17d70ac65d9,aiutarlo-diventare-un-uomo,14fa6e37-042c-4c3e-acf6-ffcddbfa0f9a,helping-him-become-a-man,845d20ea99357015,ok,,4031,1475,0.009125,2026-04-19T01:17:38.983015
retranslate-20260419-v6,48290a7f-45e6-4bb6-98c5-2b28c42fb6fa,una-lettera,7bfc5b87-caac-4fc7-9175-1ee3f3515d17,a-letter,261f42fc18a51c56,ok,,2581,444,0.003841,2026-04-19T01:17:57.776279
retranslate-20260419-v6,4804df4a-a2e0-4670-a915-8453d5ca3523,una-missione-fino-in-fondo,4d0fd3a2-3068-4933-89d0-5e920b418a88,a-mission-to-the-end,acf6cd0fe556d1d3,ok,,3760,1305,0.008228,2026-04-19T01:17:54.772801
retranslate-20260419-v6,48426346-7f23-44e7-a33d-210b122ac618,la-mia-storia-soddisfazioni-e-desideri,d5cf27b8-9c43-4f53-b259-2c1e0861d516,my-life-what-fulfills-me-what-i-want,eae0290a2ed6fba3,ok,,3339,927,0.006379,2026-04-19T01:18:02.561910
retranslate-20260419-v6,48700dc6-630c-42d8-a945-a867117efc78,ma-come-fa-una-mamma,fe4f22e3-d7ae-4458-b69d-9273b471bfc5,how-does-a-mother-do-it,b19a5fb50ee9ab1c,ok,,3868,1294,0.00827,2026-04-19T01:18:09.597047
retranslate-20260419-v6,489253e1-a47b-4edc-896e-441fb315cbf4,guido-marangoni-presenta-anna-sorride-alla-pioggia-al-chicco,fb52de50-c426-4bdc-b4c8-f0a25954a2d9,guido-marangoni-presents-anna-who-smiles-in-the-rain-at-il-chicco,4a890554c82320b3,ok,,2670,596,0.00452,2026-04-19T01:18:25.608101
retranslate-20260419-v6,48afff7f-a478-42f6-a747-dbaf07fc7f06,daniela,78de7143-31ed-4700-ae6e-6a929acb083a,daniela-48af,9ca8cc553415185b,ok,,2462,308,0.003202,2026-04-19T01:18:29.639619
retranslate-20260419-v6,48809337-95eb-4c30-9cca-40c7e510533f,ii-focolare-comunita-educativo-terapeutica,35d81ece-8427-4ba3-b977-803c2ee9e306,the-hearth-a-therapeutic-community-for-troubled-teens,5d3e2730aea569e9,ok,,5220,1671,0.01086,2026-04-19T01:18:12.876785
retranslate-20260419-v6,48c45251-6238-46ac-a0ce-d76ea4c87bbc,il-cieco-che-non-voleva-vedere-titanic,15909db2-e4a5-4db1-97df-fa03cdae6840,the-blind-man-who-didnt-want-to-see-titanic,11c05cd632296381,ok,,2929,650,0.004943,2026-04-19T01:18:33.889902
retranslate-20260419-v6,48c89794-3425-4baa-a528-33cf17967fc7,dalle-provincia-n-130,171fdd93-6e7e-4b5a-aebe-c86db4a551d3,from-the-provinces-issue-130,cdadc3db634cdef6,ok,,3632,1184,0.007642,2026-04-19T01:18:39.202488
retranslate-20260419-v6,48fcedf4-d40e-432c-a58d-334567f816d9,un-natale-speciale,f898f6c9-c40b-4143-904f-0f8c665f4e6e,a-christmas-apart,090767d39e6a9629,ok,,2932,612,0.004794,2026-04-19T01:18:52.671724
retranslate-20260419-v6,49107cea-c622-4993-bdcb-eb4a548ba275,da-due-persiane-socchiuse,7e4a8436-1ad0-4891-925d-cbe56cb32cba,through-half-closed-shutters,3b7f24b2aa129071,ok,,3274,824,0.005915,2026-04-19T01:18:59.634711
retranslate-20260419-v6,48f4ffc7-03d2-4881-9803-fb1980e816e1,con-orgoglio-e-tenerezza,67ac3620-5a66-442b-8689-c26ff1521a21,with-pride-and-tenderness,0fb08c8eecef7878,ok,,5819,2790,0.015815,2026-04-19T01:18:40.052660
retranslate-20260419-v6,491147f5-1ff6-4c50-9296-c05856f1f8f0,cosa-sono-le-malattie-rare,ef89830b-22d7-47a1-8eab-e3fcb394d31b,rare-diseases-what-you-need-to-know,fdf03f5debfc3c4f,ok,,3417,913,0.006386,2026-04-19T01:19:09.980149
retranslate-20260419-v6,49129ae1-ac92-4869-8b6b-b6597e9c57a7,7-lo-spirito-santo-dono-di-gesu-risorto,7c5151cd-dc39-44db-9bb0-086139655228,the-holy-spirit-gift-of-the-risen-jesus,5a3c719740f813ab,ok,,3292,931,0.006358,2026-04-19T01:19:19.097061
retranslate-20260419-v6,49447b91-1102-4ff6-b522-911505972b16,un-nuovo-centro-riabilitativo-equestre-dedicato-a-bambini-con-disabilita,f4add607-248f-4ca9-ba18-81a48f3e9415,a-new-equestrian-therapy-center-for-children-with-disabilities,15c43fcb88b4e925,ok,,2523,365,0.003478,2026-04-19T01:19:26.833324
retranslate-20260419-v6,493d6819-da0d-4bd1-850a-2f7efa3b6bf7,intelligenza-artificiale-e-memoria-editoriale-il-mio-lavoro-con-ombre-e-luci,cc5b80d0-1245-4575-8947-80c966043822,artificial-intelligence-and-editorial-memory-my-work-with-ombre-e-luci,d50989d9cda0baa2,ok,,3737,1318,0.008262,2026-04-19T01:19:20.280833
retranslate-20260419-v6,495b4664-0cd7-4e9d-93fb-5e313a5d9122,scegliamo-con-cura-le-parole,1c4bc688-e461-436a-adad-8cd85208eb55,choose-your-words-with-care,4ca2cfd1a2e2c368,ok,,2817,583,0.004586,2026-04-19T01:19:31.863848
retranslate-20260419-v6,494bcaa6-a58f-4995-96bb-958b8133e989,gli-anni-che-passano,8ce2f35f-602f-4a84-96bf-ef099446c346,the-years-that-pass,41bb871ee9513085,ok,,3341,958,0.006505,2026-04-19T01:19:30.399425
retranslate-20260419-v6,496670d5-714e-4d5a-a044-72dfa0582f83,lettere-a-jean-don-marco-bove-2,364fc660-8543-42ce-971f-6c6358e8a06d,letters-to-jean-don-marco-bove,5bc76ffe3305e72e,ok,,2931,632,0.004873,2026-04-19T01:19:37.724288
retranslate-20260419-v6,4997687e-d183-44e0-ae36-a3e42a7940c1,festa-della-luce-1976,19dcb06d-ede3-4cbd-a37f-834d52f9655d,festival-of-light-1976,dd0814adb247f3aa,ok,,2680,561,0.004388,2026-04-19T01:19:44.897356
retranslate-20260419-v6,498f4f97-6b5e-4e07-b692-ac517dfad173,fin-dalla-nascita,1bf0e21b-dd97-4718-b28a-5a063a6af527,from-birth,f738e8a0947d413f,ok,,3255,882,0.006132,2026-04-19T01:19:41.254219
retranslate-20260419-v6,49abf7e8-5073-4ac6-ad29-6ebcffd55cbc,domande-di-una-campionessa,14499d65-e5e5-48d6-af94-f4298470e224,questions-from-a-champion,bae9717e680856bf,ok,,2769,513,0.004267,2026-04-19T01:19:51.268402
retranslate-20260419-v6,49b8df0c-4734-4469-889c-9116432a12ec,catalogo-prelibatezze,40ca364e-2b2b-4f41-8867-c7f062b1e567,a-catalog-of-good-things,a0cc0100c7f50e7c,ok,,3270,881,0.00614,2026-04-19T01:19:55.935526
retranslate-20260419-v6,49c5868d-b109-484c-ac3c-55e02c3247ac,di-pagella-e-mascherina,ddc972a9-76fd-4110-aead-65521a1e66a5,report-card-and-mask,4cfdb92f385b4e51,ok,,2915,694,0.005108,2026-04-19T01:20:06.141236
retranslate-20260419-v6,49deabc5-df26-43db-92d3-d737089a40cb,parlo-di-quello-che-so,dd929d05-f7f2-4af7-9224-9456385bdcaf,i-speak-only-what-i-know,476aa8194cbe2b2b,ok,,2584,455,0.003887,2026-04-19T01:20:12.318902
retranslate-20260419-v6,4a17d0f6-f78b-494e-b34b-780fbdb7fd70,avevano-bisogno-di-noi,5b945426-1aa3-46a8-9460-fe7049dfb3cd,they-needed-us,dd33eb2a5b213769,ok,,3110,750,0.005488,2026-04-19T01:20:16.441540
retranslate-20260419-v6,49a6984a-26d1-46df-94e5-c5358501c8cd,vita-fede-luce-n-20,81df09ec-d766-4a9d-bfc9-2c20cc54a2da,faith-and-light-issue-20,ec29c994199e0f40,ok,,6547,3219,0.018114,2026-04-19T01:19:50.698238
retranslate-20260419-v6,4a1a8502-c2dc-4d33-b58d-2b728b9fd0a4,viviamo-da-soli,faa8fa15-b564-48a2-9296-0702aaae75be,living-on-our-own,1360d7f0c6e0ddd8,ok,,4100,1683,0.010012,2026-04-19T01:20:23.806966
retranslate-20260419-v6,4a232b60-083a-4872-91d0-751182379c0a,sessualita-come-viverla-con-la-propria-disabilita,bcea3945-cd5c-456b-9aeb-c9f0f1990812,sexuality-and-disability-a-guide-for-living-fully,ea97c2a5704a14b2,ok,,2524,364,0.003475,2026-04-19T01:20:41.558038
retranslate-20260419-v6,4a1f0b5f-fba7-4bf9-a9bd-547576526cbe,vita-fede-e-luce-n-110,ceb65bd9-2e15-424f-987c-88331a26c4c1,faith-and-light-issue-110,77d556fa5c5ebc0b,ok,,3156,791,0.005689,2026-04-19T01:20:40.028560
retranslate-20260419-v6,4a50b182-ccea-451b-b09b-a75c830140f7,una-scuola-di-tutti-newsletter-n-29,86ea277d-e78d-42bb-9e4d-af551322be0a,a-school-for-everyone-newsletter-n-29,b8003f51421baf1b,ok,,4116,1775,0.010393,2026-04-19T01:20:45.840545
retranslate-20260419-v6,4a5cdff5-52e3-4ae1-b79c-285ff9793945,perceval-un-luogo-vivere-imparare-vivere,89900a12-7164-41aa-97ba-6700d33b3204,perceval-a-place-to-live-and-learn,bde62b28cce47243,ok,,4750,1888,0.011352,2026-04-19T01:20:48.547946
retranslate-20260419-v6,4a637bd4-6d43-4b48-97ed-0aa2ab8afb1c,una-ragazza-speciale,990359fe-cb56-4fea-afa8-e0e9938bd778,a-girl-apart,a6ca031ed7e98308,ok,,3790,1372,0.00852,2026-04-19T01:21:02.236041
retranslate-20260419-v6,4a67fdc4-1954-4bce-aa7e-86889a2b4201,vacanze-1978,d7d2363c-7d78-497d-b4e2-8f7f11127e67,summer-1978,5f2461f00b383e05,ok,,3089,782,0.005599,2026-04-19T01:21:14.876417
retranslate-20260419-v6,4a726f57-993b-48b3-bfe6-aa3b0d0d3823,ombre-luci-n-16-1986-sfogliabile,35c73c30-ac39-4d71-95dd-6307197cdd86,ombre-e-luci-issue-16-1986,a3f3695997be07d1,ok,,2083,44,0.001842,2026-04-19T01:21:22.478467
retranslate-20260419-v6,4a6d293e-8343-4bbd-ad24-9868afae09c2,la-mia-esperienza-di-prete-a-fede-e-luce,b874f189-9ce9-4a4b-b3fe-c0e6e04cea1a,a-priests-journey-with-faith-and-light,a76f709d5cf9e2b0,ok,,3257,940,0.006366,2026-04-19T01:21:19.286622
retranslate-20260419-v6,4a8331d5-6da0-45bf-af32-0f01cfa764eb,possibile-che-gabriele-non-abbia-un-posto,297ad8a9-bd78-4eb4-81da-ea8077b1a0e1,why-shouldnt-gabriele-have-a-place,e9d4d7d62233d528,ok,,3207,922,0.006254,2026-04-19T01:21:28.579210
retranslate-20260419-v6,4a7a3e34-1b4e-4a9d-8a1a-de9da3a32034,una-cooperativa-sul-mare,1df40790-a1fc-42f3-a8ea-768602795965,a-cooperative-by-the-sea,dce5bb9a09477727,ok,,4681,1748,0.010737,2026-04-19T01:21:23.572608
retranslate-20260419-v6,4a93f8e0-ce42-4f78-90a1-8d301ee34e84,il-natale-del-ricco-epulone,4fb96cc5-abc2-4c4d-b238-dd454cac7679,the-rich-mans-christmas,5148d991ec37ede5,ok,,3141,791,0.005677,2026-04-19T01:21:38.775895
retranslate-20260419-v6,4abd0f4b-34e2-4a44-bef8-6f1ada4b41c6,perche-a-lourdes,737e3cb5-19a0-46e9-8661-efc2bbd8ee48,why-lourdes,81b72df1253e4420,ok,,2869,621,0.004779,2026-04-19T01:21:47.125539
retranslate-20260419-v6,4aa0e462-84be-4c1d-8411-10b112b66b75,nessuno-resti-solo,d6ac613f-10b2-404c-bc8b-069dbed0a73d,let-no-one-be-alone,aab6a7cc96058d9c,ok,,3138,802,0.005718,2026-04-19T01:21:45.629945
retranslate-20260419-v6,4af29649-19b7-42ef-87fe-1ab61c8388f9,la-pazzia-e-lamore-un-cammino-verso-lanima-del-malato-di-mente,eae7d71b-ea1a-4164-8073-787d86855202,madness-and-love-a-path-to-the-soul-of-mental-illness,bc53f5fd239653e9,ok,,2924,634,0.004875,2026-04-19T01:21:52.235498
retranslate-20260419-v6,4af6062a-0259-4293-8828-abae3ed55011,visto-al-cineforum-di-fede-e-luce,4e0457d6-7a87-4348-ad95-0ee3340a1df7,at-a-fede-e-luce-film-screening,a7b1a6b1bf8a8f10,ok,,2958,693,0.005138,2026-04-19T01:21:53.917667
retranslate-20260419-v6,4b312c20-6e50-4586-8c66-01ccac09b9bf,perche,e4e45eec-82e9-4e8c-9a50-501b7412f380,why,a8aeabd6aea29379,ok,,2705,467,0.004032,2026-04-19T01:21:58.196759
retranslate-20260419-v6,4b3edb53-9032-4884-adac-7f78bbf375c3,tante-bellissime-cose,fa408505-22ef-4275-a2fc-e6d2f77ee23f,so-many-beautiful-things,38a5cf55ef32265e,ok,,2878,556,0.004526,2026-04-19T01:22:04.090114
retranslate-20260419-v6,4b3868a5-aa0d-4db7-853d-211e5bd22a36,la-musica-del-mondo,f8f0786f-8f1e-4e29-b028-b38d7fc43e2f,the-music-of-the-world,e8c7c64ea9d32083,ok,,3415,1044,0.006908,2026-04-19T01:22:00.763011
retranslate-20260419-v6,4b58789a-5dd9-40ea-a3c3-86ca5619e627,io-lorenza-e-il-prosciutto-cotto,f07bd70c-31e6-4754-90d3-db0bb28083d7,me-lorenza-and-the-ham,f19f5a83af6da405,ok,,2716,535,0.004313,2026-04-19T01:22:11.907113
retranslate-20260419-v6,4b463f24-09a6-454e-8322-42e486c83051,il-messaggio-del-giubileo-dialogo-con-mons-rino-fisichella,bc456ecf-1c47-4e5f-a968-1a62cdeb0ffd,the-message-of-the-jubilee-a-conversation-with-archbishop-rino-fisichella,0182edf7fcf42ea4,ok,,4143,1398,0.008906,2026-04-19T01:22:08.997125
retranslate-20260419-v6,4b5cac7d-b643-4691-9e35-a7ec7d802819,il-mistero-del-bambino-psicotico,8603eb4a-dcb0-4584-ae51-e352a0ca0a70,the-mystery-of-the-psychotic-child,9c9b0b9da7d1bb30,ok,,3419,958,0.006567,2026-04-19T01:22:16.753041
retranslate-20260419-v6,4b7576dc-a0ca-45e6-b27b-5477f7063032,psicologia-e-culto-di-se-la-psicologia-aiuta-a-credere,6e6fcd21-5a8e-41fc-b521-c188fb17d56c,psychology-and-self-worshipdoes-psychology-help-us-believe,e59d8acac8784bf8,ok,,3120,775,0.005596,2026-04-19T01:22:25.671211
retranslate-20260419-v6,4b80fc66-6802-4435-8f17-3b65ac318930,vicini-a-distanza,36a1a688-a830-4936-a302-8433247c2ba3,close-from-a-distance,48a6cbd3d4b55585,ok,,3465,1001,0.006776,2026-04-19T01:22:27.051964
retranslate-20260419-v6,4b86605b-6326-4ae1-927d-fac44e7bf933,con-noi,ed1bd9b9-7a76-4072-ab73-377465fbec23,with-us,dd7301084d9acba7,ok,,4066,1501,0.009257,2026-04-19T01:22:32.442348
retranslate-20260419-v6,4b8f5bb7-73ce-4bab-8095-bc3331b686b8,il-paese-delle-meraviglie,ccb30076-91e2-4850-9ab1-6b27e8459f1d,the-land-of-wonders,e956ecae84d43a15,ok,,3686,1251,0.007953,2026-04-19T01:22:50.469854
retranslate-20260419-v6,4b87b105-6440-4cf8-a60e-4a82e602f641,maria-teresa-di-calcutta-dedicato-ai-bambini,e523581e-6447-47d6-b00c-25b478d1abc4,mother-teresa-of-calcuttafor-children-and-all-of-us,44bdbb919dd70e03,ok,,4625,2199,0.012496,2026-04-19T01:22:46.707774
retranslate-20260419-v6,4b99dfdc-bb39-46b7-a80e-c2897f170124,piero-e-il-bruco-farfalla-recensione,1994170b-910c-43f8-8762-477b88ac0b4a,piero-and-the-butterfly-caterpillara-review,b74891c13d61be9b,ok,,2638,484,0.004046,2026-04-19T01:23:04.914291
retranslate-20260419-v6,4bb839de-9e9c-4e65-addf-2234a3ae3738,la-citta-dei-ragazzi,1b94fbac-2652-40f8-9319-478a14699dec,a-city-for-the-boys,f20180e0e5d94b9e,ok,,5802,2578,0.014954,2026-04-19T01:23:06.866709
retranslate-20260419-v6,4bdd5743-d8c4-4c9b-9f61-6628776ee135,la-strada-che-ci-sta-davanti,e07a4e43-80a0-44e6-af2f-306b9c5728fe,the-road-ahead,0dfe727fa247540e,ok,,3543,1058,0.007066,2026-04-19T01:23:41.658377
retranslate-20260419-v6,4c021b46-ade7-4e10-9dcd-a9542384dc54,chi-scalda-il-cuore,42459438-2899-4ab4-ae9c-206e31412ae0,what-warms-the-heart,c2899c04a329fd83,ok,,3347,937,0.006426,2026-04-19T01:24:14.142256
retranslate-20260419-v6,4bdc3e25-4a7f-450f-92b2-ca47739751ef,fu-un-buon-vento,efce5b46-3480-4ece-baf1-416d89125715,a-good-wind,596aa044e86b61a7,ok,,5684,2574,0.014843,2026-04-19T01:23:09.777977
retranslate-20260419-v6,4c253695-0f5d-4fdb-ab86-2060f1542002,mi-ha-telefonato-giuseppe-conte,01796052-1cd7-4d7f-ab0e-30bf2c299420,giuseppe-conte-called-me,379197f582a20a50,ok,,2790,591,0.004596,2026-04-19T01:24:24.807008
retranslate-20260419-v6,4c479628-7600-48cc-bfe5-b76730132627,fratello-sole-sorella-down,c6e6f75b-a6de-4556-a1eb-d348210187b2,brother-sun-sister-down,46d0f07d854c0782,ok,,2426,324,0.003237,2026-04-19T01:24:30.469863
retranslate-20260419-v6,4c329d0d-9bf4-4955-b597-435ff6614b77,umorismo-e-handicap-un-terreno-minato,381fe1c6-be37-44bb-8e23-b86ce1d84dc7,humor-and-disability-treacherous-ground,3764e8cea0f8742c,ok,,3571,1142,0.007425,2026-04-19T01:24:27.764992
retranslate-20260419-v6,4c50e75d-9c7c-4a91-a55f-b16174a063b6,dialogo-aperto-n-127,be83c6e9-5dba-4ccc-88c9-ded7e5e1998c,open-dialogue-no-127,7616e8973616d972,ok,,2973,698,0.00517,2026-04-19T01:24:34.863965
retranslate-20260419-v6,4c725d95-706a-499b-8709-795494b26996,costruiamo-laccoglienza,c0b073e7-9bba-4dff-9547-8fcc486a3a78,building-welcome,e606f8e0edb70553,ok,,3056,799,0.005641,2026-04-19T01:24:41.284555
retranslate-20260419-v6,4cbf87d7-b071-456e-b023-a01d34b849ea,il-mio-pato-che-si-fa-sempre-trovare,4ded24ff-3a7b-4690-9157-3a525f9ebf2f,pato-always-knows-where-to-find-me,83a4eceb81ff8ad1,ok,,3104,893,0.006055,2026-04-19T01:24:42.125956
retranslate-20260419-v6,4cc40d1c-5d69-4517-9ed3-481c53df1a55,amore-e-disabilita-veronica-e-alessandro-si-sono-sposati,ae7a1641-ef96-4c7d-b6c5-4edb6eb9d23e,love-and-disability-veronica-and-alessandro-get-married,44f7bd474b517e3e,ok,,2629,433,0.003835,2026-04-19T01:24:50.393881
retranslate-20260419-v6,4cc9781c-a364-419e-8180-13d2fb26208c,la-dove-tu-ci-vuoi-ogni-giorno,c671fbb4-2ae5-413c-9ecd-5942d8967424,wherever-you-lead-us-every-day,d76ee4b8405e55b3,ok,,3070,721,0.00534,2026-04-19T01:24:54.403872
retranslate-20260419-v6,4cecdd6d-a280-4b63-b733-497c6b7209df,perdersi-recensione,fe2d1f5c-7792-4cdc-a691-9b155c82d9a7,still-alice,d65a3dff5f8d0ed8,ok,,2525,379,0.003536,2026-04-19T01:25:01.590645
retranslate-20260419-v6,4cc0e3b5-a220-48c6-aaef-a64c810d1d66,ogni-figlio-e-un-cammino-un-mondo-da-scoprire-camminando-e-fermandoci,6def7b56-3eeb-438e-a82d-ff91ee3645d9,every-child-is-a-journey-a-world-to-discover-one-step-at-a-time,4c0d72ac96523dc0,ok,,4498,1703,0.01041,2026-04-19T01:24:48.014397
retranslate-20260419-v6,4d15b09f-1c7e-4769-9e1b-fcbab01edc3c,dal-sostegno-alla-partecipazione-esperienze-di-educazione-inclusiva-per-bambini-con-difficolta,97ef18de-0318-41d8-8f70-f5bd23ec52bc,from-support-to-participation-inclusive-education-for-children-with-disabilities,17093f3ef9222d77,ok,,3659,1150,0.007527,2026-04-19T01:25:05.796581
retranslate-20260419-v6,4d46e3f9-2332-4d19-b52b-814f465e9b5b,giovanni-paolo-ii-non-sembrava-ne-prete-ne-papa,ef9b63a0-7949-47ab-ac36-662e47463e94,john-paul-ii-didnt-seem-like-a-priest-or-a-pope,7c2e43ac72b4f51e,ok,,3209,889,0.006123,2026-04-19T01:25:19.468542
retranslate-20260419-v6,4d4a87cd-dc2d-481c-99df-0bb057bf7653,amici-nonostante-la-guerra,9b8e69ba-078f-4bbd-9758-b72cbf4124ac,friends-despite-the-war,1172a5d1c7c3d80f,ok,,2804,536,0.004387,2026-04-19T01:25:29.567951
retranslate-20260419-v6,4d50a4bc-9a79-4305-8f05-ea6c93153a1d,una-terza-via,70e3b915-7b46-4c4e-9635-662c626720ec,is-there-a-third-way,2b29aee85cf22b23,ok,,4685,1902,0.011356,2026-04-19T01:25:34.776051
retranslate-20260419-v6,4d5d7018-eaaa-497d-a542-5189d3291fec,per-liberarci-dai-tabu-dellepilessia-plus-de-gym-pour-danny,c13ac3e7-a672-47b0-8d5f-bb31229c7655,breaking-the-silence-on-epilepsy-plus-de-gym-for-danny,32ff65d23062662f,ok,,2276,176,0.002525,2026-04-19T01:26:00.122895
retranslate-20260419-v6,4d683e7c-f9a8-4e6a-8443-de67738c3b59,dialogo-aperto-n-75,4f3adf28-3695-4c06-8799-baa5f3ed518c,open-dialogue-no-75,1c95efa6582e405f,ok,,4990,2236,0.012936,2026-04-19T01:26:02.557875
retranslate-20260419-v6,4d74f7aa-8c75-429d-be51-199c56934661,abitare-le-differenze-recensione,38fea236-fa89-49c3-9474-819adacba02d,living-with-difference-book-review,5fa41e5341deb659,ok,,2444,289,0.003111,2026-04-19T01:26:33.456924
retranslate-20260419-v6,4d265482-5b12-4bc0-a74b-820cfb076cc1,the-crown-cugine-autismo,,,faeea8fbf0bc440e,error,Quality gate fallito: HTML: href persi: ['https://www.ombreeluci.it/autismo/'],,,,2026-04-19T01:25:09.974690
retranslate-20260419-v6,4db8526a-096b-4c7e-bb7b-ba0d3d88ac02,linclusione-che-ancora-manca-nel-cinema-italiano,56df7c80-f3dc-480f-8e37-f16baf25f9b2,what-italian-cinema-still-gets-wrong-about-autism,ceaf2c7bd744d486,ok,,3660,1083,0.00726,2026-04-19T01:26:43.513271
retranslate-20260419-v6,4dc9f072-c5c3-458e-a48e-9095c1de7f5a,philippine,be9d5643-6606-48f0-82cf-5cf51b188b38,philippine-4dc9,6a238969c4336ff9,ok,,2787,623,0.004722,2026-04-19T01:26:55.227453
retranslate-20260419-v6,4d8fb060-43c9-43d0-93a9-3732ddb78f5b,primavera-di-fede,a5d533a3-17c1-4cec-9e41-1aa50cbda8ba,a-spring-of-faith,afe607b049c8e73d,ok,,4628,1794,0.010878,2026-04-19T01:26:37.248577
retranslate-20260419-v6,4ddc6659-2e40-437f-91fa-aa16bf727352,con-loro-sono-salito-sul-monte-meta,e03f761b-0c66-4566-93c4-6b0aec5e2e77,climbing-mount-meta-with-them,8c9fa47e2af337ab,ok,,2913,639,0.004886,2026-04-19T01:27:00.741300
retranslate-20260419-v6,4ddef51c-2bc1-40d8-8d21-7038090a7be6,un-ponte-in-un-guscio-di-noce,75fbfe2c-1d57-4f34-83d7-1a78ff395efb,a-bridge-in-a-nutshell,30a5e744a65b332c,ok,,3329,872,0.006151,2026-04-19T01:27:01.247374
retranslate-20260419-v6,4e06cd54-345b-46be-9ab1-db84dc37c68d,labbraccio-benedicente-meditazione-sui-ritorno-del-figlio-prodigo,2d6f6369-19f2-43da-ba6a-91d715580651,the-blessing-embrace-meditating-on-the-prodigal-sons-return,37ffdf105ec1f16f,ok,,2576,404,0.003677,2026-04-19T01:27:13.081045
retranslate-20260419-v6,4e173928-fa68-4478-8e2d-e1a1f14077e8,gli-oggetti-raccontano-storie-straordinarie-di-oggetti-comuni-recensione,14e1946a-b2aa-48d7-9d85-5626b04866cf,objects-tell-storiesextraordinary-tales-of-ordinary-things-a-review,616ecd22b5d0d5e9,ok,,2418,296,0.003118,2026-04-19T01:27:16.936995
retranslate-20260419-v6,4deed934-d3fe-4d88-b9cf-97344b2e6718,4-vita-comunitaria-costruire-comunita-tre-pilastri-fede-luce,de330484-c88a-4282-b85e-a684424233c5,building-community-the-three-pillars-of-faith-and-light,1986aa6f7c037b2d,ok,,3965,1482,0.0091,2026-04-19T01:27:07.250314
retranslate-20260419-v6,4e199774-3ee5-43fa-b9b3-2b659c219840,programma-del-pellegrinaggio-a-roma-del-1975,c3acd9ea-2f03-47fa-a1ab-5f438346817a,the-1975-rome-pilgrimage-what-happened-and-how-much-it-cost,5fb17c5d68e92478,ok,,3190,940,0.006312,2026-04-19T01:27:20.638708
retranslate-20260419-v6,4e2aa1bc-92e1-416a-bee9-95e934e28e7e,il-dono-dellunita,72ba17b7-8a14-4c29-9110-560b60a19677,the-gift-of-unity,eeb62f98e561a185,ok,,3737,1210,0.00783,2026-04-19T01:27:22.572885
retranslate-20260419-v6,4e4e807d-1aab-47de-a27e-821bcdef7592,la-tua-vita-e-la-mia,690aab40-48ff-4d79-bfbb-339b5d909175,your-life-and-mine,7349e81ad651cf20,ok,,2786,651,0.004833,2026-04-19T01:27:35.043906
retranslate-20260419-v6,4e3ac030-3c2b-412c-9c53-f71538c77771,poco-a-sud-dellequatore,1cefd561-d473-47ae-9c68-5ac168ee8c80,just-south-of-the-equator,fb973f25b7093e57,ok,,4582,1845,0.011046,2026-04-19T01:27:29.035758
retranslate-20260419-v6,4e4eaff4-b9a0-4998-aa65-030e5933ee7f,quarantadue-chilometri-tra-bellizzi-e-new-york,5b9b6560-712c-4817-b831-6bd70eba01ea,forty-two-kilometers-from-salerno-to-new-york,459070b626ab9a9b,ok,,3952,1202,0.00797,2026-04-19T01:27:40.125393
retranslate-20260419-v6,4eaa4c16-ef11-412b-9ec0-8dbacf6a4543,il-mondo-di-sergio-una-storia-vera-dei-nostri-giorni-recensione,fac009f0-56c2-4243-83cf-cf8dea1668a0,sergios-world-a-true-story-of-our-time-book-review,89c5043a0901231a,ok,,3016,620,0.004893,2026-04-19T01:27:55.185166
retranslate-20260419-v6,4ea2abcd-e3c1-43bd-b558-22bdaef7d826,cecilia-vuole-una-casa,7c6a290c-90c7-40a3-9f9f-a97003ae6764,cecilia-wants-a-home,188382a4d429832b,ok,,3409,975,0.006627,2026-04-19T01:27:52.347886
retranslate-20260419-v6,4ed1ba19-e03e-4bd3-8d48-2b9f146bada3,la-stelletta,65079eba-70fa-459e-81ec-868313bf2600,the-little-star,b89799813e95c3fb,ok,,4005,1396,0.008788,2026-04-19T01:28:03.855508
retranslate-20260419-v6,4ef2b888-f1a0-4635-9455-bdacc407e169,lassociazione-la-nostra-famiglia,12091ecd-3a7f-4949-9ad7-006bd0141cd6,la-nostra-famiglia,d1db7e1b63d862cd,ok,,2979,628,0.004895,2026-04-19T01:28:22.253615
retranslate-20260419-v6,4ef48aa3-d717-4b23-9262-74e4e9ebd640,avete-mai-interpretato-la-grotta-di-betlemme,7f909ed6-fb21-40b0-ad1f-06104edc55ba,the-year-i-was-cast-as-the-nativity-cave,240ad6b0b4c8314e,ok,,3161,818,0.005801,2026-04-19T01:28:28.171951
retranslate-20260419-v6,4ef8acfd-43b8-4887-b165-84cbef63d3d6,il-vangelo-per-tutti-i-disabili-mentali-e-la-domenica-nella-comunita-ecclesiale,f0970c8a-c047-4675-bfbc-deeb670e6e09,the-gospel-for-all-people-with-mental-disabilities-sunday-in-the-parish-community,09bf3f2111c78097,ok,,2342,232,0.002802,2026-04-19T01:28:37.864376
retranslate-20260419-v6,4ecbfd2a-737e-405a-a644-2cc4dac8d47d,lhai-chiamata-per-portare-frutto,40ee15d7-b43d-437c-bed7-0d7eea40edc1,you-called-her-to-bear-fruit,42af677007995f66,ok,,5725,2721,0.015464,2026-04-19T01:28:02.370795
retranslate-20260419-v6,4efade45-5c32-4599-b981-71228f04b2d0,consulta-nazionale-integrazione,9e45179a-37d3-47a3-aa0c-67b9ac07550e,disability-and-work-a-new-national-commission-takes-shape,005b9b8e748104f7,ok,,2985,593,0.00476,2026-04-19T01:28:41.898588
retranslate-20260419-v6,4f089d80-7909-48df-a3c8-0fe772937a43,alla-scuola-materna-insegnanti-poco-preparate,4576bb8f-4b41-455e-83f4-44b34fc10207,undertrained-teachers-in-kindergarten,ec3a554eea8c2a9a,ok,,2598,391,0.003642,2026-04-19T01:28:48.419868
retranslate-20260419-v6,4f1034ef-fd28-4b95-9ad6-3aa37feeba91,dialogo-aperto-per-papa-francesco,0f4bb922-379f-478d-aa40-3f0f26a0a116,an-open-conversationfor-pope-francis,3a3fb769149b031c,ok,,2924,682,0.005067,2026-04-19T01:28:52.466002
retranslate-20260419-v6,4ef95a11-4673-4739-970d-27432a18fc4c,vivere-con-la-distrofia-intervista-a-me,60ea65aa-9f58-4a1f-9a06-0ea0af313734,living-with-dystrophy-an-interview-with-myself,e048b344135a5f69,ok,,4580,1868,0.011136,2026-04-19T01:28:41.147460
retranslate-20260419-v6,4f6a1abe-7295-4413-ad44-1d9762834af3,ho-incontrato-gli-scooppiati,93c71dbb-fb9e-403f-925a-2d8614f1eb86,i-met-the-scooppiati,caf4dd12933ca0b9,ok,,3493,1173,0.007486,2026-04-19T01:28:58.331102
retranslate-20260419-v6,4f86c1ff-66be-4907-b623-e43a15def417,una-relazione-importante,8c1fc66b-6cb2-4b56-8b97-c175460c924f,a-vital-presence-teachers-on-valentina,a801ab00b264ec88,ok,,2919,573,0.004627,2026-04-19T01:29:06.754444
retranslate-20260419-v6,4f904109-89d7-41d3-a85d-58f7b5e57006,attivita-riabilitative-fiori-colori-e-profumi,60fce990-a453-4830-9944-79a4b520cc9c,flowers-colors-and-fragrance-a-soap-making-workshop,ca431c9d7b53d274,ok,,3289,843,0.006003,2026-04-19T01:29:09.296324
retranslate-20260419-v6,4f913f1e-2d01-42e3-93f7-f10a91ebcd9d,quattro-punti-cardinali-i-luoghi-di-ombre-e-luci-tra-i-quartieri-di-roma,e836cf56-6942-4861-97a9-9d7a0ca3e917,four-cardinal-points-ombre-e-lucis-homes-across-romes-neighborhoods,4be0385e65fc2084,ok,,4368,1812,0.010742,2026-04-19T01:29:13.995720
retranslate-20260419-v6,4fc80043-c1af-485f-b769-6cc150eb870d,raggi-di-sole,5077ba82-ffa4-41d0-aa02-297308bb15ad,sunbeams,ab9e319ef9bbc656,ok,,4052,1592,0.00961,2026-04-19T01:29:19.096599
retranslate-20260419-v6,4fdc0d9f-4c31-4561-aa85-df246ef425cc,chi-resta-deve-capire-recensione,475a50cd-6f8b-4668-91a3-e0519a9c6d87,those-who-stay-must-understand-a-review,bf5a2a35d4590a0d,ok,,2660,495,0.004108,2026-04-19T01:29:35.623916
retranslate-20260419-v6,4fe7feb6-89e8-4a61-b033-adc43276dacc,avevo-deciso-di-non-amare-mio-fratello,09fd8dc7-39e7-4c86-afee-a5fc916e3e54,i-decided-not-to-love-my-brother,5cb6837b1994aa9e,ok,,3610,1127,0.007396,2026-04-19T01:29:37.680922
retranslate-20260419-v6,4fef90f4-5f14-4a56-a5b0-7e6a8f63ff49,voglio-il-mio-mare-la-mostra-di-design-di-studenti-e-persone-disabili,07d7d027-4c0a-48a4-9611-b980b79ed383,i-want-my-sea-a-design-exhibition-by-students-and-people-with-disabilities,b3a77f69005fa2d5,ok,,4268,1489,0.00937,2026-04-19T01:29:41.196458
retranslate-20260419-v6,500e4b8c-7127-4c04-8e69-fb63c29c49c3,rivista-hd-problemi-comportamentali-le-strategie-dintervento,039a7adf-bbce-4fc0-845f-e82cd7a343e2,behavior-problems-in-children-intervention-strategies,06b79c93b7ad205e,ok,,2570,387,0.003604,2026-04-19T01:29:58.238290
retranslate-20260419-v6,501500f2-f287-4932-b0aa-d2f54d74a0d0,non-sta-piu-in-un-angolo,7d58a8ad-a404-42d2-971e-25a26987211d,out-of-the-corner,ef8d0f6073c92261,ok,,2854,646,0.004867,2026-04-19T01:30:02.533804
retranslate-20260419-v6,502c94c3-3826-4281-9aa5-bb1949b239af,vi-ricordiamo-perche-ombre-e-luci,77a4ce8d-d1cb-406b-943d-d063888af73c,why-ombre-e-luci-matters,04857b2442110b9d,ok,,2639,456,0.003935,2026-04-19T01:30:09.056151
retranslate-20260419-v6,4ff88ea2-61e8-4e06-9290-6ae083b3b583,2-fede-e-luce-larte-dellincontro-per-superare-la-paura-della-diversita,f5128173-c6b1-42af-b8ba-5ede8cbc456c,the-art-of-encounter-overcoming-the-fear-of-difference,5df7198f041de577,ok,,4793,1985,0.011774,2026-04-19T01:29:50.940181
retranslate-20260419-v6,504775f8-347f-4e3d-9990-84d7be7eb5b6,la-presenza-dei-piu-piccoli,8119eaa8-63e5-4a84-8d6b-e01d80c9cce5,the-children-were-there,ba90a9c9a580e2ad,ok,,3532,1125,0.007326,2026-04-19T01:30:13.837324
retranslate-20260419-v6,506922c1-cda3-423f-9e13-1b797e7bc8ab,essere-padrino-ha-cambiato-la-sua-vita,ccac37be-d55a-4902-838a-af8cedf97232,being-a-godfather-changed-his-life,55156ec974dad621,ok,,3562,1107,0.007278,2026-04-19T01:30:16.616815
retranslate-20260419-v6,50bf0db7-67b2-4757-86c9-d89251ca95a1,fede-e-luce-larca-ombre-e-luci,2510389e-2973-447f-beed-ec0856b087fa,faith-and-light-larche-ombre-e-luci,29219c0a36cbddba,ok,,2817,624,0.00475,2026-04-19T01:30:28.909787
retranslate-20260419-v6,50beb538-53b8-43bf-bef8-18d48a44447f,chiamati-a-portare-frutto,d34822b1-d355-4e5a-aaf8-b5fab44852b6,called-to-bear-fruit,2f8f3cdf5da4ac49,ok,,3460,988,0.00672,2026-04-19T01:30:26.888244
retranslate-20260419-v6,50df621a-1347-464a-bf1e-bcd6d5dc0dc5,lavorando-insieme-un-pomeriggio-chiamato-laboratorio,f3fc05f5-974a-44fa-9e6b-2a17b6b5bdfc,working-together-an-afternoon-called-workshop,9cec1f9958cd5425,ok,,3355,919,0.00636,2026-04-19T01:30:38.194825
retranslate-20260419-v6,50bf53e3-19ca-49c6-8988-a59db0254e0b,larca-di-trosly,a75751af-6314-4c31-b8be-9248ed71e7b5,the-ark-of-trosly,f283ea54496d070d,ok,,3642,1225,0.007814,2026-04-19T01:30:34.847923
retranslate-20260419-v6,50f92455-58d2-4317-ad79-0a7125bbc810,cura-e-civilta,29ece006-326d-4525-8266-f03a7dd111d5,care-and-civilization,1dc15a1c7f999aa4,ok,,2784,546,0.004411,2026-04-19T01:30:49.516386
retranslate-20260419-v6,510615b2-08be-48e6-8bbf-3544d5bb4e94,si-fa-sera,d87ef53d-733c-4228-b5c9-bd6778c91849,when-evening-falls,50cb0f2f59c54462,ok,,3192,894,0.00613,2026-04-19T01:30:49.521131
retranslate-20260419-v6,51106bcd-de3e-40a9-9c68-bd040e164e5f,attivita-didattiche-per-autistici-valutazione-e-trattamento-a-livello-individuale-per-autistici,8dc80039-48c6-42ee-aa33-addea48557a5,teaching-autistic-children-individual-assessment-and-treatment,9f069227b1646b5f,ok,,2310,207,0.002676,2026-04-19T01:30:57.848537
retranslate-20260419-v6,51152451-7f20-4a36-ad66-aaad3dd21bca,grazie-papa-don-carlo-recensione,fbf9d478-7b73-4128-b2d3-7693a330efad,thank-you-father-don-carlo,bc383d56cc8e67d7,ok,,2444,294,0.003131,2026-04-19T01:31:00.432836
retranslate-20260419-v6,510dde52-0528-4a38-913b-bec76dbd881c,la-rivoluzione-copernicana-di-lucas,21616e13-657f-4295-a971-c9ee86f41df2,lucass-copernican-revolution,4473a4c7d6e68af8,ok,,3574,1009,0.006895,2026-04-19T01:30:55.350058
retranslate-20260419-v6,51496080-da49-439e-867b-066ec138edcf,quella-lieve-disabilita,fa36f0e3-dd03-46ba-9857-26ba64e43ad8,the-invisible-disability,dce80810a0df9f5d,ok,,3065,749,0.005448,2026-04-19T01:31:03.890371
retranslate-20260419-v6,5153bdd7-80dd-407e-ab37-320c26c0ea48,dialogo-aperto-n-171,84c37ade-12fb-43cc-a7b1-a506e511abd9,open-dialogue-no-171,1600364a6af3951b,ok,,3205,936,0.006308,2026-04-19T01:31:08.253259
retranslate-20260419-v6,515a6987-d25a-426c-a531-788efc23803c,hai-mutato-il-mio-lamento-in-danza-una-maternita-dalla-morte-alla-resurrezione-recensione,92d72777-5f7a-47ff-a14d-dcbf77325ad4,you-have-turned-my-mourning-into-dancing-a-mothers-journey-from-death-to-resurrectionbook-review,46d81c6d01ff8922,ok,,2578,415,0.003722,2026-04-19T01:31:16.750196
retranslate-20260419-v6,515f8cae-8d17-4b93-89de-40bfb9e92a82,repubblica-sorda-recensione,1d9f7a3d-1bc9-4fd8-abc0-e18ecf309bbd,the-deaf-republica-review,1997ff008627b449,ok,,2476,355,0.003401,2026-04-19T01:31:21.613213
retranslate-20260419-v6,516574dd-2e1d-4700-9270-7a30af4f6604,tranquilla-e-soddisfatta-di-me-stessa,ae5090c1-0de6-4ddd-8334-a756ed96ab31,at-peace-with-myself,2f93b7fcba389734,ok,,3942,1326,0.008458,2026-04-19T01:31:24.976400
retranslate-20260419-v6,5153f955-7882-4923-923c-48df765cbec4,vita-di-fede-e-luce-n-40-i-campi-di-fede-e-luce-come-momento-formativo,9e0d6eca-0abc-4003-b8c0-d8246fe564a5,faith-and-light-camps-as-a-formative-experience,7e470ec594f3b961,ok,,4258,1402,0.009014,2026-04-19T01:31:12.730187
retranslate-20260419-v6,5172a944-fc92-45b2-b38f-89f789cbbccf,alla-scoperta-della-redazione-ombre-luci,cb9f970c-18bf-4887-8404-eedc9ff785a7,inside-the-ombre-e-luci-newsroom,6f81b341c09e15bc,ok,,5072,2218,0.01293,2026-04-19T01:31:41.985222
retranslate-20260419-v6,5180c5e9-e403-45a1-a90a-086440180eee,mamme-che-amano-troppo-per-non-crescere-piccoli-tiranni-e-figli-bamboccioni-recensioni,79bac4a3-e2ed-4170-8d2d-7f0356b27499,when-mothers-love-too-much-raising-tyrants-and-dependent-adults,9b03aaf03dd816ef,ok,,2703,438,0.003914,2026-04-19T01:32:10.747246
retranslate-20260419-v6,51789abb-e88d-4a80-8b10-44603380942d,portate-fraternita-gioia-intelligenza-della-fede,17adb569-27a4-4917-b490-781d2d273a2f,bring-fraternity-joy-and-understanding-of-the-faith,8769c667f8b78720,ok,,4467,1672,0.010262,2026-04-19T01:31:58.488710
retranslate-20260419-v6,5185ad02-e7a0-4563-8838-3158150f9bf7,brutta-recensione,358e501e-7e85-4795-8e15-90156ff52430,ugly-a-book-review,2c99d78c94aebfb3,ok,,2696,455,0.003977,2026-04-19T01:32:16.465624
retranslate-20260419-v6,519507ff-1e49-4ed6-9a8a-3e28db0ed1ad,io-grido-verso-te,802dc6c2-c1a3-4117-beae-fc0eea5b5041,i-cry-out-to-you,620b8ae1c21806de,ok,,2894,606,0.004739,2026-04-19T01:32:20.909881
retranslate-20260419-v6,51cebab3-7021-421f-8a89-9c0fabd0f618,la-mia-africa,03af2108-f60c-46b0-88e4-bef32e3122b3,my-africa,918498d340d9f245,ok,,4387,1606,0.009934,2026-04-19T01:32:21.904924
retranslate-20260419-v6,51de456d-7463-4a3c-968b-0c621557dd73,magica-apertura-delle-special-olympics,70c56190-45a1-4a1e-9eb1-c3e3ed9083cf,the-magic-of-the-special-olympics-opening-night,ec57fe12997ddf03,ok,,4553,1612,0.01009,2026-04-19T01:32:26.246193
retranslate-20260419-v6,51de45f4-4bbb-4283-bbe5-50453b52b145,momenti-difficili,cdeba27e-c0f2-48e3-a0d2-a9f6f9051823,difficult-moments,db46add908fa2dae,ok,,3162,824,0.005826,2026-04-19T01:32:42.856806
retranslate-20260419-v6,51e7ad98-76a2-4dd4-a6df-bc9097c55a9f,guardie-del-corpo,37bc6720-11c0-4e95-b06e-bdbec553b378,the-bodyguards,9ac231349babe984,ok,,3090,826,0.005776,2026-04-19T01:32:48.680276
retranslate-20260419-v6,51eb0781-0c3b-479a-b78d-afba7af810b3,la-vita-come-e-per-noi-un-padre-una-famiglia-e-un-bambino-speciale-recensione,bf8ff15b-8bbc-4f25-867f-aa81f306acb7,life-as-it-is-for-usa-father-a-family-and-a-special-child,508c32f74050d994,ok,,2528,352,0.00343,2026-04-19T01:32:53.343419
retranslate-20260419-v6,51f8b69b-8f50-41a9-aefe-ea2c003f37a5,prova-a-capire-quel-che-non-dico,5e3f782a-2903-4304-aaa4-c6ea919d72d8,listen-to-what-i-cannot-say,caa292445b4dcbc0,ok,,3050,780,0.00556,2026-04-19T01:32:57.088708
retranslate-20260419-v6,52067976-916c-4c8b-9e1f-beee7a2c3b77,giuditta-e-lorecchio-del-diavolo-recensione,c1875315-5fb1-4c39-8fc7-af16cc95a199,giuditta-and-the-devils-ear-a-review,27a992c6403e8778,ok,,2424,307,0.003167,2026-04-19T01:33:02.852659
retranslate-20260419-v6,5225f661-a631-4fb7-8096-16e62ef55ae7,cresce-la-rete-di-centri-sporthabile-in-toscana-per-lo-sport-paralimpico,e6fa7290-1b6d-4a25-810f-d3ee54ec94ae,seventeen-new-sporthabile-centers-open-across-tuscany-for-paralympic-sport,adac1d4b83d18973,ok,,4017,1354,0.00863,2026-04-19T01:33:05.609515
retranslate-20260419-v6,52067008-c73e-4dbb-9f07-6d92133b3a2f,gruppo-di-gruppi,9869fea4-ce40-43de-8519-b6338b30a24f,a-community-of-communities,e3ef3832598dedb9,ok,,4608,1850,0.011086,2026-04-19T01:32:57.255348
retranslate-20260419-v6,5264a0d4-eccf-4259-9c95-9337ed595057,diario-di-scuola-recensione,de3ce598-62fa-4490-976e-4eac0aa6b6d5,a-diary-of-school-daniel-pennacs-testament-to-the-struggling-student,40b30c4e18866afa,ok,,3385,917,0.006376,2026-04-19T01:33:21.775012
retranslate-20260419-v6,5230cd2b-b64a-480e-8fca-059b9ca39748,vita-fede-luce-n-23,e34f321b-ad6e-45e2-b465-9132a4502b84,fede-e-luce-issue-23,95603eb481766301,ok,,4810,1921,0.011532,2026-04-19T01:33:19.931684
retranslate-20260419-v6,52e7187f-c821-4193-804c-7808b1769be4,decalogo-per-insegnare-alle-persone-con-disabilita,643d79a3-4d1b-4816-a606-e49e2c859609,ten-principles-for-teaching-people-with-disabilities,7a3eb5496404e31a,ok,,2507,393,0.003578,2026-04-19T01:33:47.424068
retranslate-20260419-v6,52e0b853-2a87-46c6-9b09-576929358160,dietro-le-quinte-di-unassunzione,8f13c9f2-cd2d-4928-be8a-8afde0ee903a,behind-the-scenes-of-an-hiring,968e269cacd56ef8,ok,,4833,1872,0.011354,2026-04-19T01:33:33.494553
retranslate-20260419-v6,52f03226-bfbd-4e1a-a4d6-47308d89b6ec,la-chiesa-debole-nel-suo-capo-sorgente-e-segno-della-presenza-di-dio,5caccc90-5abf-4601-9b18-9a64484cab01,a-weakened-church-in-its-head-source-and-sign-of-gods-presence,2f6a2d79a136f3d0,ok,,3425,1029,0.006856,2026-04-19T01:33:50.996984
retranslate-20260419-v6,5324dab8-e7cd-4c8e-9d56-4aef7279728f,stramonio-recensione-libro,fdda1ff5-3197-424a-a230-f335f558ebcc,stramonioa-book-review,b86e66be3abc0b81,ok,,2747,509,0.004234,2026-04-19T01:34:01.390067
retranslate-20260419-v6,5310f360-4efd-4b13-adca-155491f5395a,a-a-a-cercasi-sostegno-per-chi-apparentemente-non-ne-ha-bisogno,97804d3e-5df9-4cf7-a21f-8b118ad7f227,help-wanted-support-for-those-who-seem-not-to-need-it,913e3bc81fc474d7,ok,,2884,555,0.004527,2026-04-19T01:34:00.787310
retranslate-20260419-v6,532c83fd-a44c-4d41-a5ec-13131ffac9e1,in-cammino-con-te,4c9a15c6-f7a5-4f64-856f-3ebd45121529,walking-together-with-you,3fc09ae830d31b7b,ok,,3405,907,0.006352,2026-04-19T01:34:06.729160
retranslate-20260419-v6,535a1f48-c1b4-4a6f-bdc8-69c8becda9b4,cinema-disabilita-torino-film-festival-babel-film-festival-di-cagliari,d2973874-f7f2-4d3b-a518-882ba9e16458,disability-on-screen-cinema-takes-center-stage-at-turin-and-cagliari,3b269906d3d55717,ok,,4039,1306,0.008455,2026-04-19T01:34:06.946847
retranslate-20260419-v6,539ed1e1-b11f-4693-aa74-f6729823baaf,nellintimo-delle-madri-luci-e-ombre-della-maternita-recensione,3522602a-fe13-4546-abf6-f2c82d63dd79,inside-the-hearts-of-mothers-the-light-and-shadow-of-motherhooda-review,2fb1e01a9d4dfed8,ok,,2428,286,0.003086,2026-04-19T01:34:23.913295
retranslate-20260419-v6,53bd8066-dd13-4a3c-8b71-9d0c010d9bfb,respiro-dopo-respiro-lo-yoga-per-bambini-e-adolescenti-con-bisogni-speciali,1874f551-23cb-49ec-8b5b-52020ef9a09a,breath-by-breath-yoga-for-children-and-adolescents-with-special-needs,87b2755b5e778295,ok,,3848,1222,0.007966,2026-04-19T01:34:27.228651
retranslate-20260419-v6,53cbd8de-e19d-4ce7-9dc6-96f045c9d739,come-direno-non-puoi-averlo,f5b009f7-1c2e-4943-8126-45e2e15c0e83,how-to-say-no-you-cant-have-that,e7868b2efb4e2440,ok,,2852,567,0.00455,2026-04-19T01:34:42.622926
retranslate-20260419-v6,53729ce1-8e5c-4719-ace3-f684083f1456,verdetto-dei-medici,370d9b43-bad9-4de3-ba59-d70225f663b7,the-doctors-verdict,77e23a5197ce19da,ok,,3862,1336,0.008434,2026-04-19T01:34:17.304923
retranslate-20260419-v6,53cee31b-b007-4252-a8ab-75e40bf34d42,prendetene-e-mangiatene-tutti,14005719-6487-4a95-8dd6-f454a6f295f5,take-and-eat-all-of-you,1a28823cbef63241,ok,,3881,1297,0.008293,2026-04-19T01:34:48.271948
retranslate-20260419-v6,53f5b6e7-9ba6-4875-ac14-96a7e4476ecb,da-fratello-e-da-padre,7dc8bb48-24d6-4906-8204-8f6e8820fc2c,as-brother-and-father,dfdf6d36e18e5db3,ok,,3138,809,0.005746,2026-04-19T01:34:57.415515
retranslate-20260419-v6,543de2ee-8e40-499f-b0c1-745579e7f6dd,joyeux-noel,86f04a44-c9fc-418f-9881-6bd0e66dca6e,joyeux-noel-543d,d7d0700db1e9413a,ok,,2551,370,0.003521,2026-04-19T01:35:06.067724
retranslate-20260419-v6,54381f2a-7654-4402-adb1-01c335e23e01,che-capisce-e-noi,b5e24957-133b-4557-a1b5-43ae5ce3ed09,what-do-they-understand-and-we,647cfb4e5ef6932b,ok,,4057,1430,0.008966,2026-04-19T01:35:03.027911
retranslate-20260419-v6,5462b37d-7a99-4946-82cb-ccf05ba1872e,5-creascere-insieme-guidare-una-comunita-fede-e-luce-principi-e-pratica,e10a5b3d-9013-444a-9863-53c5bfa4c988,growing-togetherleading-a-faith-and-light-community-principles-and-practice,039a6622be78e4e0,ok,,4214,1716,0.010235,2026-04-19T01:35:10.257491
retranslate-20260419-v6,5479a9ec-79f1-4d0a-8139-d97afb0168ed,una-passeggiata-in-campagna,860a20d7-b066-4f93-83e9-626e6a7a9d67,a-walk-in-the-countryside,75ebbdfba5110f25,ok,,3158,807,0.005754,2026-04-19T01:35:27.965285
retranslate-20260419-v6,549a533a-1d3c-47d5-a680-3edcec08a501,mio-fratello-marco,468958c2-d7dc-4ede-b014-e5ed0c17510f,my-brother-marco,b8828790b91a8b16,ok,,2678,496,0.004126,2026-04-19T01:35:36.040114
retranslate-20260419-v6,54b1b924-79c4-4d3f-9c2b-29edf9919f85,piccolo-mio,ceb91b59-7609-4b3f-982e-781e84361ff8,my-little-one,9e6c2e0c20974f72,ok,,2683,533,0.004278,2026-04-19T01:35:40.880035
retranslate-20260419-v6,546aee8f-5d0f-4df9-9094-62044c83c4ca,fano2018,f3f8ae5d-b6db-4560-a3b7-d8f376260bf3,fano-2018-our-best-and-brightest,11b131556ad26535,ok,,5627,2360,0.013942,2026-04-19T01:35:21.273826
retranslate-20260419-v6,54c796a2-1e76-431c-ac43-0ed597554ca5,ricompense-o-punizioni,0a20dc5d-a6d3-4b0c-badd-3ec33e78a26f,rewards-or-punishment,bc386ccc8b2d93e3,ok,,3847,1220,0.007958,2026-04-19T01:35:57.240553
retranslate-20260419-v6,54c751de-fdea-4bf1-8ba6-1cc7dcfcbab2,vita-fede-e-luce-n-62,e9b48c0c-3a1a-4bad-ba9f-dfff39907537,living-faith-and-light-issue-62,44066c70aaa5ec43,ok,,5029,2135,0.012563,2026-04-19T01:35:45.389422
retranslate-20260419-v6,54e6b267-fd73-4f7c-aa18-ab7966ea4390,un-cammino-verso-la-persona,a66dc12f-1085-46ec-8011-f3efb739f2dc,a-path-toward-the-person,f357912023563d5e,ok,,2676,498,0.004133,2026-04-19T01:36:12.540311
retranslate-20260419-v6,54e6ceaf-bfcb-4d2c-8ad7-f671318e6555,gli-altri-un-figlio-subnormale-recensione-libro,a765cef7-e326-4df1-81f5-a1e7b1657889,the-others-a-son-called-subnormal-book-review,1da9f2f95118b324,ok,,2778,567,0.00449,2026-04-19T01:36:16.319795
retranslate-20260419-v6,55074d8f-78f7-4f1c-b2f6-13fb4c8f0545,lettere-a-jean-paul-gilbert,9dc61e27-5554-41ae-8a80-50ccccc89a17,letters-to-jean-paul-gilbert,9efff9b5eb251196,ok,,3233,811,0.00583,2026-04-19T01:36:21.713205
retranslate-20260419-v6,54f8a74d-ebd4-4e63-b35a-1db6eb9c74cf,newsletter-09-2020-noi-non-loro,2afb9107-68ef-437b-9d8b-1752e910fd18,us-not-them-opening-the-conversation,53ba3a0aa7af6cf5,ok,,4401,1945,0.011301,2026-04-19T01:36:18.053739
retranslate-20260419-v6,5515a544-0e30-4ece-96a8-a1845c97672f,integrazione-nelle-scuole-pro-e-contro,8560b47c-8ae0-4c29-93c2-17e389204f02,integration-in-schools-the-case-for-and-against,79b4361f883fc790,ok,,2990,718,0.005264,2026-04-19T01:36:38.966635
retranslate-20260419-v6,5510fd93-4ca3-4971-9e94-37eb188eafff,quella-vera-fattura-da-pagare,f4ee3558-8ddd-4807-8caf-79a0a63e344c,the-real-bill-to-pay,dddd590a30706bf4,ok,,4094,1440,0.009035,2026-04-19T01:36:31.017094
retranslate-20260419-v6,554309fc-8834-49ac-be91-d2cec49f0cd8,vita-delle-province-n-151,f2387e6d-7ac1-40bf-a347-c26d6eb65f28,life-in-the-provinces-no-151,559b37ae19548d1e,ok,,3342,938,0.006426,2026-04-19T01:36:46.492980
retranslate-20260419-v6,55463eb8-8e5b-4f72-a3d3-07c9f636d52b,il-pranzo-di-natale-di-santegidio,97f87943-0cf5-46c8-8e9e-f9c93a8c3339,santegidios-christmas-lunch,678c7c7f092829ce,ok,,2358,225,0.002786,2026-04-19T01:36:57.271028
retranslate-20260419-v6,55451f8e-7239-447f-b05b-293f0927cfd8,la-festa-continua,41c1eb38-2b30-4dee-9d2c-9df7d83998a4,the-celebration-goes-on,824ebbe9bce0f97e,ok,,4206,1498,0.009357,2026-04-19T01:36:50.086244
retranslate-20260419-v6,5559f388-6743-49e1-b7bf-f872b61c2488,ladri-di-carrozzelle,9ef4d4f3-cc0c-4637-a7a4-a5d62a45a222,wheelchair-thieves,11a567f5c499cea0,ok,,3986,1393,0.008761,2026-04-19T01:37:07.850263
retranslate-20260419-v6,5571cee7-bfff-4602-8607-085c1674be97,come-vitamina-tra-la-gente,802d8eb9-baab-4faf-aba4-767c0778e2ad,a-vitamin-among-the-people,a5eb44f95b4f82e4,ok,,4648,1842,0.011086,2026-04-19T01:37:26.483011
retranslate-20260419-v6,559a90bb-8e0b-4b08-a96e-ff3e2d76f65d,aragoste-e-frattali,ba421606-1487-476c-88fb-3bcaabca9861,lobsters-and-fractals,fd22697207c70541,ok,,3578,1031,0.006986,2026-04-19T01:37:53.536768
retranslate-20260419-v6,554f207f-f650-4238-9425-9866ac516095,speciale-pellegrinaggio-a-lourdes-1991,6e13f4c9-fc95-4686-afa8-a25a5ec1f08c,lourdes-1991-a-pilgrimage-that-changed-everything,451b45e477089c25,ok,,9772,5508,0.02985,2026-04-19T01:36:59.819319
retranslate-20260419-v6,55c1d6ba-46b4-4af2-bef0-32528ca0b594,dialogo-aperto-n-28,42d2fef0-3745-414c-930c-7111b134ffcb,open-letters-28,5c60a2d50f30162e,ok,,3653,1167,0.00759,2026-04-19T01:38:08.012926
retranslate-20260419-v6,55c762bb-237f-48a7-8eb8-51af6e0efc91,e-ci-si-sente-un-po-soli,2c7a1f8d-148b-47b6-aebb-39bf4edcd998,and-it-gets-lonely,4af80ece11685d4f,ok,,4253,1499,0.009398,2026-04-19T01:38:22.763380
retranslate-20260419-v6,55ca0854-d7fc-43f6-9c4d-043f91132e75,come-dire-di-si,c5fe980f-9f88-4bb0-977d-04f6659f6ac4,how-to-say-yes,75dd57868d493c9d,ok,,3447,1021,0.006842,2026-04-19T01:38:42.320706
retranslate-20260419-v6,55c61c30-2186-420c-8a3a-8a8de7a0d751,autismo-la-storia-di-oliviero,bb738d27-fdfc-4635-aaab-f27446f0100b,olivieros-story,b6a212d424e005ab,ok,,5815,2677,0.01536,2026-04-19T01:38:16.932177
retranslate-20260419-v6,55d3018a-1124-4bd7-b15d-ec17e98abf39,per-aiutarlo,b136a8ba-4625-4c86-bf48-06a00913983a,how-to-help-him,3cf9b772f6f3b13c,ok,,2740,478,0.004104,2026-04-19T01:38:53.577278
retranslate-20260419-v6,56294338-ce10-423c-b7a6-770f0426ac4a,ma-i-posti-sono-pochi-il-centro-di-riabilitazione-la-nostra-famiglia,e449a56a-07b1-4e50-936e-370769e5fee5,few-beds-many-families-la-nostra-famiglia-and-the-burden-of-care-in-the-south,b5a603f601dae763,ok,,3611,1151,0.007493,2026-04-19T01:38:59.536352
retranslate-20260419-v6,55fa86ba-1f55-4202-9079-8a8f31608cf6,dallincontro-tra-zenia-e-borys,c9a6668e-2692-4748-bc8d-73f961f2a0e6,where-zenia-met-borys-the-story-of-casa-emmaus-in-lviv,3f8136b56f043640,ok,,4092,1429,0.00899,2026-04-19T01:38:58.146556
retranslate-20260419-v6,5634d7ff-8326-47f5-ad4f-7d94937e0441,atad-a-roma-ritorna-la-conferenza-sulle-tecnologie-assistive-per-la-disabilita,632e5391-cd96-4131-82e5-bfdd30927068,atad-comes-to-rome-international-conference-on-assistive-technology-for-disability,0f063d9b47d7ecd9,ok,,3102,746,0.005466,2026-04-19T01:39:12.670013
retranslate-20260419-v6,5635b10e-69df-4309-a58b-ded795f8e3ec,meglio-stanco-che-annoiato,a44d4df1-8c98-4531-a863-e99af36ab28d,better-tired-than-bored,46f8a7c89efb9e03,ok,,4052,1603,0.009654,2026-04-19T01:39:15.776537
retranslate-20260419-v6,5643cd98-d4aa-4d41-82e6-98075f3fa21d,disturbi-dellapprendimento-ho-scoperto-la-sofferenza-dei-miei-figli,31527506-8ec5-41d5-8659-a2e5b8ac3950,learning-disabilities-how-i-discovered-my-childrens-suffering,88187e46530b5b6f,ok,,3822,1340,0.008418,2026-04-19T01:39:19.428435
retranslate-20260419-v6,56575c19-7b11-4153-a0fb-9e1fbb791ae7,6-cristo-risorto-fa-di-noi-un-solo-popolo,58b5bdbf-4b3d-4cf9-963d-b5eed84c970a,the-risen-christ-makes-us-one-people,b020683aa05d246f,ok,,3060,757,0.005476,2026-04-19T01:39:33.850812
retranslate-20260419-v6,5658e899-83f5-43f7-b226-eeb300a92f78,dialogo-aperto-n-126,27c5b4a5-317e-4be3-8190-8f3e513b4270,open-forum-126,1a8cd6c9d22e3267,ok,,4379,1628,0.010015,2026-04-19T01:39:35.273206
retranslate-20260419-v6,5672429d-2eee-43c6-b4bd-6858f82976f3,proverbi-sullamicizia,ca1087e7-8a78-482d-874c-49f63e84b0b6,proverbs-on-friendship,cb8557f80c04f4d8,ok,,3519,1227,0.007723,2026-04-19T01:39:56.927957
retranslate-20260419-v6,567b142d-f3d8-4bcc-9966-e1b52ff423cf,il-bambino-con-handicap-dalla-nascita-allintegrazione,5b626f22-83a0-4c8c-9743-d935d31b4709,the-disabled-childfrom-birth-to-belonging,50d962138faab2aa,ok,,2915,635,0.004872,2026-04-19T01:40:06.493665
retranslate-20260419-v6,566beefa-ac9b-478f-bcb7-3121f8dd0ac6,per-una-vita-di-comunione,b04e782d-4d6d-4f4f-a527-8961a39f4f94,living-communion,c6de4393622b2403,ok,,5489,2448,0.014183,2026-04-19T01:39:39.406063
retranslate-20260419-v6,568ecc3b-803b-4c95-9d27-8f875216fca7,dedicato-ai-bambini-francesco-gammarelli,3ae865bd-e1ed-4a07-8ac4-bab0749e0220,francesco-gammarelli-a-life-of-witness,07f94f4d62675c2d,ok,,3267,963,0.006466,2026-04-19T01:40:12.261926
retranslate-20260419-v6,5690348b-aca8-440c-9d6a-3e45332ce04f,sanremo-fin-dove-lho-visto-4,9fc8567b-5e1b-4f3d-9a93-2cd5ae98d49c,sanremo-as-far-as-i-could-see-4,e1eddac865fcd6d2,ok,,3429,1171,0.007427,2026-04-19T01:40:14.223648
retranslate-20260419-v6,56939ca1-f287-4b55-8739-b6440c13f475,mi-piace-andare-al-mare,5f14fb2a-39bd-4994-8c25-aadf88b535b2,i-like-going-to-the-sea,9c7f46f282f5e19e,ok,,2672,516,0.004202,2026-04-19T01:40:21.037345
retranslate-20260419-v6,569dcf58-4ff3-483e-bea0-eeee17c1eef4,dalle-province-n-137,cbdc651d-4755-434f-a3e3-b4334a4ea10b,from-the-provinces-issue-137,8bba9588f9d8a474,ok,,3552,1158,0.007474,2026-04-19T01:40:25.166888
retranslate-20260419-v6,56a1b7bf-f3f2-4d54-938f-07cc8ff0cfa1,vita-fede-e-luce,d817af4f-7fd7-44c2-b9e9-603439452c9c,life-faith-and-light-together-n25,8a884e0c3961e46d,ok,,4160,1483,0.00926,2026-04-19T01:40:26.402858
retranslate-20260419-v6,56b5a49e-c0ef-4800-94c4-28562a16979c,mantenere-viva-la-giovinezza-nel-cuore,86341a0d-c8b8-426d-be07-cf040276b339,keeping-youth-alive-in-my-heart,e48bf079c649b1cd,ok,,3373,1005,0.006718,2026-04-19T01:40:38.022519
retranslate-20260419-v6,56b96d9f-2f8a-4bef-8591-7b45a5f8be73,meditazione-a-modo-mio,24a8a9f3-897a-4004-ac5c-b0b961d35f66,meditation-in-my-own-way,5e58fc0d8eac5615,ok,,2671,494,0.004113,2026-04-19T01:40:45.788726
retranslate-20260419-v6,56d06f3a-006a-44f5-ada1-42f99ae62262,il-sorriso-dei-tuoi-occhi,5d320023-c0c6-4cd1-a5a1-8f64bbd8c7d8,the-light-in-your-eyes,100ff8e8ee3dc784,ok,,3117,814,0.00575,2026-04-19T01:40:50.624197
retranslate-20260419-v6,56cc40fb-8410-4252-9441-ebd587d4172d,il-disagio-mentale-nelle-carceri-italiane,aca039ae-7bd6-4d99-96f2-05f56c55028e,mental-illness-behind-bars-in-italy,9b9e5b47348eb267,ok,,4109,1558,0.009519,2026-04-19T01:40:48.700005
retranslate-20260419-v6,56e61a1f-9b79-445b-b26e-730a0fbca1ab,dialogo-aperto-n-13,6c7ff6b2-675e-4d26-992b-61d44e4ccb43,open-dialogue-no-13,85f1688962f96a35,ok,,3005,785,0.005544,2026-04-19T01:40:59.636009
retranslate-20260419-v6,56f97695-4788-4f7e-99ac-39f942138f65,marco-cavallo-nel-mondo,516527d7-cba9-4c3c-b174-d3a59afb1ab1,marco-cavallos-journey-around-the-world,e10f4426f7d20f2a,ok,,3354,960,0.006523,2026-04-19T01:41:06.451095
retranslate-20260419-v6,56f5cdd9-d0c9-4a8d-b24f-4d4dc0e3f1ac,il-momento-di-capire,dc44c8e8-51ae-4bb3-a8b4-4718a10933c1,the-time-to-understand,7d8ae67dff947d68,ok,,3889,1423,0.008803,2026-04-19T01:41:04.714156
retranslate-20260419-v6,578d244c-8f86-4215-a97f-ea489f95201f,integrazione-scolastica-per-paolo-una-gran-perdita,a2274e20-0017-4a1a-a16e-e16ff6a15343,school-integration-paolos-looming-loss,6c05b7a39b77cfb9,ok,,3042,686,0.005178,2026-04-19T01:41:21.470317
retranslate-20260419-v6,574a6fc5-0334-4a85-af97-f5bc5fd0b6ba,con-gli-occhi-di-corrado,b200c284-b161-4f8d-895a-be47d689d16b,through-corrados-eyes,e99e169f1cbc4407,ok,,3460,1006,0.006792,2026-04-19T01:41:17.917501
retranslate-20260419-v6,579960dd-ecd2-4481-9a79-19626b71d916,jean-vanier-risponde,966fa508-6b53-410c-a915-51a3559fb1c3,jean-vanier-responds,1fe1fb7801e52cf6,ok,,3031,697,0.005213,2026-04-19T01:41:29.604978
retranslate-20260419-v6,57a80836-58d5-4fdf-ac19-7802c6d7ef78,baby-xitter,95d9e8a5-e89e-44f9-b5c7-70e9c74e22b4,baby-xitter-specialized-babysitting-for-children-with-disabilities,ac2fb75ea1500d9c,ok,,3643,953,0.006726,2026-04-19T01:41:29.987803
retranslate-20260419-v6,57d89e82-3b6e-4518-9585-35ba58ce3e47,re-33-e-i-suoi-33-bottoni-doro-recensione,81070dbb-5a77-474b-bed5-f0b985317a9a,king-33-and-his-33-golden-buttons-a-review,0701246ea8d80468,ok,,2552,418,0.003714,2026-04-19T01:41:43.505091
retranslate-20260419-v6,57fb72d5-30c4-4327-aded-35db3c4b7214,focus-gli-adulti-profondamente-handicappati-alcune-testimonianze,9d46f514-88c0-44c0-b5e7-763a6609b045,caring-for-profoundly-disabled-adults-voices-and-testimonies,cade7db97f1cf953,ok,,2735,579,0.004504,2026-04-19T01:41:47.249790
retranslate-20260419-v6,57ff13a5-d934-4064-8a1e-2f8c4e3c8489,per-tutti-persone,7b018c30-9572-4bf2-96e2-18781607654a,for-everyone-people,ba7f7945cc59dd57,ok,,2750,595,0.00458,2026-04-19T01:41:51.567734
retranslate-20260419-v6,580cf8be-0ef8-4624-ac4d-38452722a552,mirella-pablo-silvia-claudia-patrizia,dbd6b79e-a558-4c65-90fa-94761ecd42c2,mirella-pablo-silvia-claudia-patrizia-580c,ca1ca6e661a41f8f,ok,,3003,733,0.005334,2026-04-19T01:41:56.666867
retranslate-20260419-v6,57c74680-2170-4385-a7f4-7a448bd380c7,quello-che-manca-ai-notri-figli,9a2d31ea-10ea-47d8-abfb-5647f72a0e42,what-our-children-needed,c033af2910716295,ok,,5131,2188,0.012857,2026-04-19T01:41:36.747342
retranslate-20260419-v6,58131682-3e79-4b0b-8a90-c1157ad4ab43,festival-diritti-umani,2aa34b20-633d-45c1-94be-9cf77a5528bf,how-to-begin-changing-hearts-and-minds,9d67b5cc980c3b1d,ok,,3562,1089,0.007206,2026-04-19T01:42:02.452073
retranslate-20260419-v6,5817aa23-b50a-404d-94d9-0f663511c3b5,abbiamo-fatto-alcune-delle-esperienze-di-solidarieta-che-abbiamo-raccontato,4cb8bdc8-65b3-4e41-99c9-8efc3e742176,we-did-it-stories-of-solidarity-weve-reported,4c9eee321ad12165,ok,,3828,1738,0.010014,2026-04-19T01:42:08.546149
retranslate-20260419-v6,581b5d13-aa9d-4f14-a029-8e057a24d1ce,le-chiavi-di-casa-recensione-film,c23cfbda-6682-46f7-ab6b-6c6d91c1acff,the-keys-to-home-film-review,8f2f7a1540d482af,ok,,3969,1304,0.008391,2026-04-19T01:42:14.562405
retranslate-20260419-v6,5827f172-c9c5-4849-8f3c-fe34198bb8cc,ma-la-giorgia-tredicenne-di-oggi-chi-avrebbe-incontrato,e26bac65-7c51-40db-bae2-455adbb181f7,what-thirteen-year-old-giorgia-would-find-now,6bdab6d6c273be4a,ok,,3373,954,0.006514,2026-04-19T01:42:23.080052
retranslate-20260419-v6,58bdc64a-3857-442e-b72e-ee86b5b0a623,per-continuare-a-mettere-in-cerchio,1bb5f3a1-3163-493f-aa3c-54201e15090a,keeping-the-circle,057358ad96234906,ok,,4320,1656,0.01008,2026-04-19T01:42:54.504535
retranslate-20260419-v6,58c53b8b-065e-42c2-8711-f630bc22e71d,a-tavola-con-una-persona-sorda,676623de-baf6-4f3c-a365-3c6df3627711,dining-with-a-deaf-person,eb390b4f668ba813,ok,,3463,959,0.006606,2026-04-19T01:43:16.336639
retranslate-20260419-v6,58dc88e1-b24f-46e3-8863-9fef965e13d9,la-forza-di-una-vita-fragile-storia-di-una-bambina-che-non-doveva-nascere,b2357ea6-9eb9-41ca-8441-95e1bdd51edd,the-strength-of-a-fragile-life-one-childs-unplanned-journey,907fde63cd7f02fd,ok,,2421,314,0.003193,2026-04-19T01:43:28.539713
retranslate-20260419-v6,58ec1e74-419d-4571-b65c-8f53ebc99286,la-mostra-abilioltre-arriva-alla-stazione-roma-ostiense,ddc810f4-ce1e-40fe-ab2f-cf8077665901,abilioltre-takes-its-street-art-exhibition-to-roma-ostiense-station,85dc6a32e67c641f,ok,,2928,697,0.00513,2026-04-19T01:43:31.918023
retranslate-20260419-v6,586452f9-0275-429d-8825-39f669a615e2,e-non-disse-nemmeno-una-parola,,,d1e83c8106084681,error,Quality gate fallito: HTML: href persi: ['https://www.ibs.it/non-disse-nemmeno-parola-libro-generic-contributors/e/9788804455622?zanpid=9777_1509718770_da87a72dcd25086e49a8b0ebbf96d25c&amp;utm_source=zanox&amp;utm_medium=affiliazione&amp;utm_campaign,,,,2026-04-19T01:42:30.953782
retranslate-20260419-v6,58f9d356-6cf9-4a44-97bd-8803317c0ad1,iperattivita-un-bambino-complicato,,the-difficult-child-when-restlessness-becomes-adhd-58f9,b572c7cf00663529,error,HTTP Error 400: Bad Request,3519,974,0.006711,2026-04-19T01:43:37.669902
retranslate-20260419-v6,59160ca9-e5d4-41e9-9057-deb9e7c1d975,cosa-puo-la-comunita-parrocchiale-le-persone-disabilita,0b7ea083-4ab0-4a02-89b8-b15d6fda0a8a,what-a-parish-community-can-do-for-people-with-disabilities,4dcfaca06dc29ebb,ok,,2539,335,0.003371,2026-04-19T01:43:49.298680
retranslate-20260419-v6,58fae097-c327-4afe-a243-3ad59d102822,chiesa-accoglie-davvero,5e22d908-459c-4343-91e2-255d6643e207,does-the-church-really-welcome-us,5749720fb9258779,ok,,3835,1273,0.00816,2026-04-19T01:43:40.461678
retranslate-20260419-v6,5926882d-b53a-4d69-930e-168aba109fa3,loyola-university,dc221a4f-7015-49ff-87c7-9ce7848b4bc2,loyola-university-5926,92eaed8563b61445,ok,,2587,445,0.00385,2026-04-19T01:43:53.579279
retranslate-20260419-v6,594d2a4a-94c4-496e-89d1-6f7b8eb23e41,non-sono-abituato-a-fare-lo-zaino,f2425048-4989-4a2e-9dc0-8af7843320e5,im-not-used-to-packing-my-bag,9cef0d732d91bc33,ok,,2436,320,0.003229,2026-04-19T01:43:58.631028
retranslate-20260419-v6,5945da54-9e7f-4779-abab-a1846f75068d,la-lettera-di-paolo-vi-ai-pellegrini-di-fede-e-luce,b5d101fa-d1ab-448a-9aad-0afc26046490,pope-paul-vis-letter-to-the-pilgrims-of-faith-and-light-1975,6c24836f27bc12cc,ok,,3239,837,0.005939,2026-04-19T01:43:56.920716
retranslate-20260419-v6,595e7df4-7782-4494-a65c-5a9d9024639c,marie-la-strabica-recensione,f5d62f5f-0b16-4595-8031-848abbffa39c,marie-the-cross-eyed-girl-a-simenon-novel-revisited,740d0c4a949c117b,ok,,2845,625,0.004776,2026-04-19T01:44:04.614241
retranslate-20260419-v6,5953d29b-c84b-4f2e-91ea-1496d52f5d57,spesso-di-notte-in-silenzio,09046722-1b1a-4609-bde1-8c9f70756c7c,silent-vigils-in-the-night,778287f7060174e8,ok,,3209,797,0.005755,2026-04-19T01:44:02.555012
retranslate-20260419-v6,5979de26-45a3-4976-8ee5-9d621de5ce88,una-scelta-difficile,3dc8128b-e255-4531-a8df-5efccf1ec5ad,when-everything-changes,f4a7e4aecf90ebfa,ok,,2993,709,0.00523,2026-04-19T01:44:10.811230
retranslate-20260419-v6,5983ad08-7c51-4d20-a9f9-c7fa45234d85,quel-puntino-un-po-sfrangiato-recensione,81501a8f-0b42-44ec-b358-047ac0558a87,that-little-frayed-dota-review,b2493548d799f9eb,ok,,2416,283,0.003065,2026-04-19T01:44:17.336885
retranslate-20260419-v6,5984f7cf-fb01-485a-bdd5-d7efb93cc7d8,felicemente-seduta-recensione,e791615e-4115-4fd5-9360-415c0698490a,happily-seated-a-review,1fddfe8961f536d0,ok,,2421,285,0.003077,2026-04-19T01:44:20.362868
retranslate-20260419-v6,59d921c6-75b0-453c-a361-aceeb1910d97,visto-con-il-cuore,dd50a4ec-426b-4723-ae44-b536ff13b862,seen-with-the-heart,c9ddd2ee65c2ef4d,ok,,3013,609,0.004846,2026-04-19T01:44:23.295048
retranslate-20260419-v6,597fc026-df99-46e3-8645-fc30d51bdc79,un-diritto-finora-spesso-eluso,b97decf6-53f8-489f-a3e8-26cb284f1ac5,a-right-too-often-denied,e62bc9c8f2d8f456,ok,,4877,1866,0.011366,2026-04-19T01:44:12.435061
retranslate-20260419-v6,59ed71b2-30c9-45e8-9d95-e7310ec2aee2,fede-e-luce-e-subito-scatto-la-molla,3e5b85f5-8074-4ea8-bddc-e3c83dc86389,faith-and-light-the-spring-released,b154cb22303f58ed,ok,,4566,1743,0.010625,2026-04-19T01:44:29.953027
retranslate-20260419-v6,5a12249a-e735-44ee-ba60-06a6249b43a9,le-ho-cantate-tuttissime,a3d42204-162b-4318-b39a-03c9f1f0be7c,i-sang-every-single-one,03fc199f11c8cb65,ok,,2921,734,0.005273,2026-04-19T01:44:51.721575
retranslate-20260419-v6,59f4b58a-1592-411e-a86c-994745a226de,cooperativa-spazio-aperto,c07814ef-0cb8-48e2-b662-cc04d490c0f3,spazio-aperto-a-cooperative-born-from-need,ab6ef4e63047318b,ok,,4643,1510,0.009754,2026-04-19T01:44:39.127747
retranslate-20260419-v6,5a3d935e-2d85-44eb-a5d4-5cedb68be077,arte-e-disabilita-incontriamo-giotto,e9d50ed8-4464-4af9-aa74-67d9709ab3cc,art-and-disability-a-visit-to-giotto,d0dd9a15248ddb03,ok,,2940,707,0.00518,2026-04-19T01:45:01.296885
retranslate-20260419-v6,5a7e420b-2a1c-44b2-adc4-4134386474f8,quanto-coraggio-quanta-speranza,48e3a2ce-5497-49b6-beba-e8bf9c834444,such-courage-such-hope,40b3a2e9b932c349,ok,,3200,784,0.005696,2026-04-19T01:45:08.979131
retranslate-20260419-v6,5a812495-e827-43df-b431-6165cd3dc5f9,dai-figli-non-si-divorzia-separarsi-e-rimanere-buoni-genitori-recensione,e8454bb2-f607-4dec-b368-6c14bbb69845,you-dont-divorce-your-childrenstaying-good-parents-after-separation,fd24e7164184bb9b,ok,,2356,229,0.002801,2026-04-19T01:45:17.038135
retranslate-20260419-v6,5aa7d680-be68-43b3-aa9e-b872495b9fb3,daje-benedetta-daje-tu-bello,9f67b548-6b99-4a7d-9895-7a2dd5aa6093,come-on-benedetta-you-got-it-champ,b2fe3379c6762688,ok,,2740,558,0.004424,2026-04-19T01:45:20.072166
retranslate-20260419-v6,5aa8c87c-1731-4849-a78f-b91266aba6f4,tre-racconti-dello-spirito-lettera-pastorale-per-verificarci-sui-doni-del-consolatore,25d9ecf5-306d-495c-b62c-e45ef6195c7f,three-stories-of-the-spirit-a-pastoral-letter-on-the-gifts-of-the-consoler,a18ac59449f61b62,ok,,3220,892,0.006144,2026-04-19T01:45:25.523082
retranslate-20260419-v6,5a2a60d9-2ef7-43f3-bc36-9bfd0d4a8923,casa-del-sole-casa-della-serenita,944d01c7-083e-44da-a107-fbd4f493857d,casa-del-sole-a-place-of-serenity,795036f63049fbaa,ok,,6669,3095,0.017715,2026-04-19T01:44:58.464282
retranslate-20260419-v6,5ab1ea2d-7a75-410e-a2cc-c8238381b81c,ombre-e-luci-n-5-1984-sfogliabile,fe1780a1-9d9d-4b73-8342-5251b42e166e,ombre-e-luci-issue-5-1984,96f534fbbcbad421,ok,,2083,44,0.001842,2026-04-19T01:45:43.942794
retranslate-20260419-v6,5aa91ea6-581f-4ebf-968d-655df1d5127d,caro-raffa-la-vita-e-adesso,a5c40b4c-751a-46ba-960b-dae0fcc7c80f,dear-raffa-life-is-now,0a04decc5d77a1e7,ok,,3873,1349,0.008494,2026-04-19T01:45:34.591071
retranslate-20260419-v6,5acfad27-f657-44d2-8efa-74a33bdc9671,chiamati-tutti-al-traguardo,d78e1a7e-f7df-4f23-abfa-d1fbb271e584,called-to-the-finish-line-all-of-us,ff5dc117dbf3a11c,ok,,3560,1165,0.007508,2026-04-19T01:45:52.410586
retranslate-20260419-v6,5ac1ee73-e7ef-4386-93fa-dfc8168107b4,piu-scavo-piu-trovo,20a0f2ab-42bb-4dab-a39b-a9a2ddb883f5,the-more-i-dig-the-more-i-find,51506835883e265f,ok,,4715,1878,0.011284,2026-04-19T01:45:45.208663
retranslate-20260419-v6,5ae61626-f97c-4791-b63c-d7c19566393f,vita-fede-e-luce-n-27,289e9ff7-b888-45cb-af2a-8ed60bc3a8f2,fede-e-luce-life-no-27,d22d5613f03ddfc0,ok,,3184,845,0.005927,2026-04-19T01:46:06.207296
retranslate-20260419-v6,5aef571b-61f7-4cad-b733-aaf4300e0278,love-life-recensione,aaf752e6-8a2e-4bc5-9176-66898cbdc5ed,love-life-a-film-about-second-chances,2e372cf67b8b9f5a,ok,,3177,801,0.005746,2026-04-19T01:46:11.314944
retranslate-20260419-v6,5b11d158-9eee-4653-8d00-a532c2d426ee,raccontare-la-malattia-in-presa-diretta,b0774947-2ef5-490e-b044-9e2109fd3401,documenting-illness-in-real-time,73c8612681f07b0e,ok,,3013,666,0.005074,2026-04-19T01:46:15.825723
retranslate-20260419-v6,5b38ea16-06db-4f3f-8765-ee2731a0d532,semplicita-bella-ricca,8223a756-18b3-4208-905b-552f16c7d5fc,a-beautiful-and-generous-simplicity,053e3da5d920bd61,ok,,2802,620,0.004722,2026-04-19T01:46:20.495647
retranslate-20260419-v6,5b546ea8-888e-4c63-85c6-c98d406151c4,lasciateli-venire-a-me,51f838cb-8700-4607-a34a-ce6e6c8ec879,let-them-come-to-me,584096feeec200c9,ok,,2973,750,0.005378,2026-04-19T01:46:22.670556
retranslate-20260419-v6,5b581f03-8891-4e8a-8195-e0fca7ce8453,lo-straniero,d3767105-c679-417a-978b-c26e200cac01,the-stranger,8ff9beb2a4bbc93c,ok,,2716,564,0.004429,2026-04-19T01:46:26.181078
retranslate-20260419-v6,5ba52a0b-8051-4aba-90b8-8828e0f113cf,come-avrei-voluto-vederti-piu-spesso,bbffb42a-387e-4544-bb2e-9b132ce694bd,i-wish-id-known-him-better,3b06c3073577b965,ok,,2487,371,0.003474,2026-04-19T01:46:30.429609
retranslate-20260419-v6,5bb94062-2570-4ebf-8cef-85d6f8477c1d,ma-come-ve-lo-devo-dire-santo-cielo,a04b874b-1d42-4d43-a003-48506ad906bc,how-many-times-do-i-have-to-say-it,af7844ac40158c87,ok,,2809,601,0.004651,2026-04-19T01:46:34.784263
retranslate-20260419-v6,5b946603-4fcb-4935-a97e-f14d08d72a25,dialogo-aperto-n-86,2ef086fe-b8f5-4763-bc39-fd20f5bbbffe,open-dialogue-no-86,f19e6482f1e075b0,ok,,3771,1252,0.008025,2026-04-19T01:46:28.646388
retranslate-20260419-v6,5bc8139c-3c22-4047-9791-2cd9a6cee825,il-mistero-del-london-eye-recensione,6006a366-e8f1-4cb7-9c98-afaafb0b4712,the-mystery-of-the-london-eye-review,d7f7520a7ae4e1ec,ok,,2468,346,0.003358,2026-04-19T01:46:40.544488
retranslate-20260419-v6,5bd20e9d-6f70-4f38-be67-cad2f4ac382f,papa-francesco-al-chicco-qui-mi-avete-toccato-il-cuore,521cbd23-294d-43ec-8148-230785f6199d,pope-francis-at-il-chicco-you-touched-my-heart,0ec08b2c96597c93,ok,,2841,611,0.004717,2026-04-19T01:46:43.643621
retranslate-20260419-v6,5beb3014-23be-4711-b8c0-4fac089d1b32,come-sono-cambiato-in-questi-anni,c61540eb-aad0-4720-8267-2133e68e6ed6,how-ive-changed-over-the-years,658bffd51790a5fa,ok,,2725,516,0.004244,2026-04-19T01:46:49.247780
retranslate-20260419-v6,5c0153f3-0aee-41cc-be52-31c65a373fcf,come-una-poesia-che-ti-piace,759e06ba-0f6d-4cf4-a8f5-b2932b715589,like-a-poem-you-love,828640ed7476c83e,ok,,2983,674,0.005082,2026-04-19T01:46:55.329346
retranslate-20260419-v6,5c052c19-9b39-40ce-8413-aab26f4332bf,da-quellarmadio,483a0cc7-e662-49e9-9a7c-52c967d27382,from-that-closet-5c05,0ece934a9c2ab40d,ok,,3423,957,0.006566,2026-04-19T01:47:03.055941
retranslate-20260419-v6,5c478b0c-f4e7-48fe-9273-bd5cfc395727,come-educare-allautonomia-pazienza-tenacia-anche-durezza,09b32951-6b94-45b1-a835-e6d24b733710,teaching-independence-patience-persistence-and-sometimes-toughness,cafb5dbfd23c7d01,ok,,2673,506,0.004162,2026-04-19T01:47:15.210578
retranslate-20260419-v6,5be94daa-be28-4cb9-bdc2-388fd0d218bf,il-libro-di-julian-a-wonder-story-recensione,6c11a71f-6c68-4644-9fe7-5f63e695392a,julians-story-a-wonder-novella,b0ab92248ba67052,ok,,2452,336,0.003306,2026-04-19T01:46:45.185797
retranslate-20260419-v6,5c563462-40cd-4935-883e-66996fe52aec,dopo-di-noi-atti-del-convegno-anffas,713bb848-bad3-43e7-8df1-5fecff8e4e12,after-us-proceedings-of-the-anffas-conference,bf61dcd11edb9a6e,ok,,2528,369,0.003498,2026-04-19T01:47:23.982980
retranslate-20260419-v6,5c5a737d-c1ea-4d8f-8814-0cff4fef136c,non-solo-leggere,5071a937-4922-4c82-89f2-7d0e68c86aa5,more-than-something-to-read,7fedd30e6e4cd819,ok,,2821,600,0.004657,2026-04-19T01:47:27.804748
retranslate-20260419-v6,5c6ae639-241b-4216-8e97-75b198ca51fb,amici-delicati-e-fedeli,d79e8eae-adb0-489d-923e-8090742ec51b,faithful-friends,71b0fefbae0b8df2,ok,,2572,398,0.00365,2026-04-19T01:47:33.420926
retranslate-20260419-v6,5c4ab5f3-c8be-4f28-8b54-b992b2a50f35,per-una-giusta-rappresentazione-della-disabilita-sul-grande-schermo,b34c9ef2-d6b1-45cb-a8c9-38c2be952f6b,disability-on-screen-beyond-tokenism,d1f26b8479ccf165,ok,,3878,1106,0.007526,2026-04-19T01:47:20.602763
retranslate-20260419-v6,5c73762b-aee5-4fc0-81c8-82ec33c51f75,sanremo-fin-dove-lho-visto-3,49eb0e34-72e4-4ff9-b8ab-86247b9b5777,sanremo-as-far-as-i-could-see-3,5c51cbdd2dd990ea,ok,,3234,892,0.006155,2026-04-19T01:47:58.254068
retranslate-20260419-v6,5c830d68-823d-459b-a685-28caca31b7ab,una-grande-profezia,890728a1-43a1-4fb0-b906-cbe9bee8719b,a-great-prophecy,5a46d04e3994864c,ok,,3307,1009,0.006682,2026-04-19T01:48:07.629609
retranslate-20260419-v6,5ca17502-ab97-455e-8c83-b92b9e68598c,editoriale-n-1,290f6567-c7e2-46e6-84c0-0e9ccf253feb,editorial-issue-1,e796ec735bcbb09b,ok,,2839,636,0.004815,2026-04-19T01:48:17.535623
retranslate-20260419-v6,5ca18ae4-9d28-4bf2-8bf2-55b5a2918d91,anni-scolastici-disabilita,cd3e1445-1ea9-4e94-8b95-d103893f3fdd,should-children-with-disabilities-repeat-school-years-what-families-actually-think,e76352952f09005d,ok,,4429,1547,0.009731,2026-04-19T01:48:22.847223
retranslate-20260419-v6,5ca39d3c-c04e-487c-b60c-160f8c9798c8,lettere-a-jean-annik-donelli,3237db6e-c38b-459d-aec7-0977704ccd98,letters-to-jean-5ca3,67d4d4d4712be11f,ok,,4064,1541,0.009415,2026-04-19T01:48:42.602749
retranslate-20260419-v6,5cb2c212-dcce-4c14-8b5f-e1a4242ebd58,dopo-di-noi-sono-molti-ad-aspettare,3db05644-6730-472f-ba76-52d970109269,after-were-gone-many-are-still-waiting,fd2285c73f02d3ce,ok,,3444,943,0.006527,2026-04-19T01:49:01.463856
retranslate-20260419-v6,5cb504d5-84ae-4580-ba5a-d82346f90dbd,editoriale-vacanze,9aec2980-5d80-404b-87d7-e439bca9905a,editorial-on-vacation,e35d2781bd7bd1f0,ok,,2904,668,0.004995,2026-04-19T01:49:12.950559
retranslate-20260419-v6,5ce3116d-7a06-4123-89d4-4e5fefdcc65d,lourdes-1981-sabato-santo,b306bf70-85b0-4ae1-bf13-556ad77463b2,holy-saturday-at-lourdes-1981,ef9436a1206618fa,ok,,4285,1686,0.010172,2026-04-19T01:49:19.202557
retranslate-20260419-v6,5d0962b1-de0d-4be9-bb94-4adb25e76aa5,vite-straordinarie-2,a3091151-24ef-4e1e-aef0-d62c049c3ed7,extraordinary-lives-volume-two,c98b7ec4d369d63e,ok,,2629,476,0.004007,2026-04-19T01:49:38.668539
retranslate-20260419-v6,5d2b046f-050b-48f3-a0e4-59094eec02a7,intervista-ad-andrea-romeo-su-cinema-e-disabilita,d6051528-3d39-4043-871d-e22ad4079574,andrea-romeo-on-cinema-and-disability,88e991eeb5a94ef6,ok,,2123,69,0.001974,2026-04-19T01:49:42.886430
retranslate-20260419-v6,5d36397e-f8b6-47d7-b0f1-8d919397fac3,disability-pride-2018,54742eb1-8e14-4710-9935-2cfc5a428dc3,disability-pride-comes-to-rome-a-march-for-the-rights-of-people-with-disabilities,64bbf5bb96dd9a89,ok,,3960,1344,0.008544,2026-04-19T01:49:44.338246
retranslate-20260419-v6,5d376304-67c4-4297-91b2-b9548924cb40,a-briciola-manca-solo-la-parola,a8c2ca78-fc9d-43fb-83e7-a5149e34ed0e,all-briciola-needs-is-words,38024940eeda9dab,ok,,2407,297,0.003114,2026-04-19T01:49:58.785353
retranslate-20260419-v6,5c7057d1-7797-49e9-89c6-f3a11352fdd0,newsletter-n-13-nuove-colonne-sonore-per-le-nostre-citta,e8c6124e-6019-4462-881d-8ae80fca0b74,newsletter-no-13-new-soundtracks-for-our-cities,15ea046a885c63f8,ok,,6957,4404,0.023182,2026-04-19T01:47:37.635712
retranslate-20260419-v6,5d48be5a-333d-49f2-be99-fc5665218518,io-credo-in-te-di-luca-badetti-recensione,8dc39a7f-e083-450a-9cb3-f5f891b86b97,i-believe-in-you-luca-badettis-transformative-vision-of-disability-and-trust,1d9d90b0ef9621f9,ok,,3688,1029,0.007066,2026-04-19T01:50:10.504355
retranslate-20260419-v6,5d867bae-ebe7-4a4b-9963-28543260c8a7,alzheimer-cosi-lontani-e-cosi-vicini,2b0cebd6-3695-45c5-b48d-b3c0cecbec4f,alzheimer-so-close-so-far-away,58d93cc440cb5634,ok,,3772,1092,0.007386,2026-04-19T01:50:24.252077
retranslate-20260419-v6,5da4a328-b429-4a40-84bc-338bfc0e1b61,ma-noi-siamo-attori,117374a6-59e9-4021-9c32-5633fca8afeb,but-we-are-actors,9cebc33501c2cd20,ok,,3338,839,0.006026,2026-04-19T01:50:39.159219
retranslate-20260419-v6,5dc1fe21-b231-43d5-bd16-cd4228fd05d3,scuola-e-disabilita-integrazione-ascoltiamo-le-testimonianze-di-due-mamme,c8fcde16-65ee-4108-b1f5-930e45532cc4,school-and-disability-what-two-mothers-tell-us-about-inclusion,b4c4848cbee26c45,ok,,4708,1993,0.011738,2026-04-19T01:50:49.702446
retranslate-20260419-v6,5dd251f9-4aec-4ad0-9ef0-2398486fe8e5,toscana-nasce-il-forum-delle-associazioni-per-la-disabilita,38fe7f92-10dc-4834-9d7f-3e7e90a8769a,tuscany-creates-forum-for-disability-organizations,463c50309c47d4cc,ok,,3515,1063,0.007064,2026-04-19T01:51:15.600869
retranslate-20260419-v6,5ddef829-95d1-440c-8486-2205fde9fa0f,e-iniziata-super-bene,0c855587-d181-492c-a636-cc6908d0c8bf,schools-off-to-a-great-start,155cbe65b0bc1d06,ok,,2886,691,0.005073,2026-04-19T01:51:25.413265
retranslate-20260419-v6,5df11610-8df3-4645-ace2-8f5199ca76e6,pensando-alla-nascita-di-gesu,5a41c640-4d99-4e42-853f-aefeab21b415,at-the-cradle-of-jesus,6228a67cebfdf262,ok,,3143,820,0.005794,2026-04-19T01:51:32.226870
retranslate-20260419-v6,5e2020aa-08bd-46e8-bb9f-2979b2334fee,preghiera-della-malattia,3f552d01-b053-4932-9cdf-788a58450dae,a-prayer-in-illness,383571f802bfa2f5,ok,,2566,456,0.003877,2026-04-19T01:51:40.067246
retranslate-20260419-v6,5d423dec-e6f7-4354-9ff1-1a108a519379,il-tuo-ultimo-soffio,58c74b38-3493-4981-b5c7-6c0bf0e9e38c,your-final-breath,fe88019bbcbd740d,ok,,3752,1271,0.008086,2026-04-19T01:50:02.624886
retranslate-20260419-v6,5e59a6f8-a255-4f93-abaf-b742ae69a7b0,e-tu-slegalo,785a8193-8cc8-4fcd-9ea4-ace89fe099de,unbind-him,921a113cec71d0a7,ok,,2772,549,0.004414,2026-04-19T01:51:48.783715
retranslate-20260419-v6,5e586474-c865-402a-80ca-73339a30a3f2,dalle-province,de6958eb-99f1-4140-82ec-b0e605829227,news-from-the-communities,2c3a06fd02358c1b,ok,,3471,1065,0.007037,2026-04-19T01:51:43.617905
retranslate-20260419-v6,5e764b8d-6f87-4924-9943-f63559d76cb6,speranza-a-dura-prova,1a1adbc1-a5e1-4efd-b90d-becaf66543bf,hope-under-strain,ab05df52d3f97247,ok,,3234,891,0.006151,2026-04-19T01:51:55.060214
retranslate-20260419-v6,5e68e8aa-429a-4315-926c-22de458a42ed,cottolengo-e-don-guanella-pregiudizi-e-realta,5bc14022-5262-415d-8c04-383874496fca,cottolengo-and-don-guanella-beyond-prejudice,8457fbbf98a1b092,ok,,3678,1118,0.007414,2026-04-19T01:51:54.823074
retranslate-20260419-v6,5e99d925-7cce-4a76-a951-9a1ba8a94f7d,gara-di-solidarieta-a-siracusa-per-attrezzature-sportive,8809c531-e251-41ec-babf-c9f042a2d413,syracuse-community-raises-funds-for-accessible-sports-equipment,0db2f1c687c3d41b,ok,,2681,521,0.004229,2026-04-19T01:52:08.327994
retranslate-20260419-v6,5ee91372-0d7e-484a-8db8-f34f07ac0c79,anche-dio-ha-un-sogno-una-speranza-per-il-nostro-tempo-recensione,a62bd9d8-3d6f-45df-99d7-29c5d2827958,god-has-a-dream-too-a-hope-for-our-time-book-review,8cd967d33cc45f3c,ok,,2836,573,0.004561,2026-04-19T01:52:12.955996
retranslate-20260419-v6,5e82219a-c947-467c-a944-24fa1222ba72,un-vescovo-per-amico,29d11ae1-3a03-49f0-bcfd-94b5f9661a4d,a-bishop-as-friend,290c8bb7098d679d,ok,,3962,1363,0.008622,2026-04-19T01:52:04.144874
retranslate-20260419-v6,5f0f1c3c-eed3-4a4c-89a5-ac2ad354e478,20-anni-del-carro,04bccf21-571f-4934-8b60-e7e34052e7fd,twenty-years-of-il-carro,7e38c12b56012545,ok,,2966,681,0.005097,2026-04-19T01:52:21.108196
retranslate-20260419-v6,5f130b70-ff63-48ca-9182-50b6691f098b,casa-famiglia-la-tenda-per-bambini-da-0-a-6-anni,70943fc3-4c0d-498d-8067-c1bdb10f0d89,la-tent-a-home-for-children-under-six,cf117eed19e4ffda,ok,,4463,1633,0.010102,2026-04-19T01:52:28.838784
retranslate-20260419-v6,5f17f718-3ef0-4002-a738-4a864cdb03f2,culla-di-parole-come-accogliere-gli-inizi-difficili-della-vita,17551cbe-8b3b-4491-b0b7-88518c7b37f5,a-cradle-of-words-meeting-lifes-difficult-beginnings,1fde39d5442adb98,ok,,2872,573,0.00459,2026-04-19T01:52:50.077368
retranslate-20260419-v6,5f072200-b38e-40a3-be1d-e60f3d21c7b5,posso-devo-voglio,a996e0d8-e086-45ee-89ed-0dbe3539c2a2,i-can-i-must-i-want,47900ae4be0cad3a,ok,,6003,2626,0.015306,2026-04-19T01:52:17.543011
retranslate-20260419-v6,5f20e092-fad2-4150-863a-ac9b82f62577,come-nata-la-prima-casetta-fede-e-luce-storie-di-pennelli-e-appendiciti,323e4b7f-1f51-4275-9d5e-7f45ffb19156,how-the-first-fede-e-luce-little-house-was-born-paintbrushes-and-appendicitis,066722a8d6db2cef,ok,,4025,1522,0.009308,2026-04-19T01:52:56.726749
retranslate-20260419-v6,5f271ebe-4e0a-42a5-baa3-be61eeda1853,germogli-diversi-arte-floreale-e-disabilita-la-bellezza-di-un-percorso-possibile,84cf4e9a-dd5c-4702-a9b0-6192b184cd1d,different-buds-floral-art-and-disabilitythe-beauty-of-a-path-made-possible,2e5bd4e4325e95a3,ok,,4574,1578,0.009971,2026-04-19T01:52:57.164466
retranslate-20260419-v6,5f2fed49-9264-43db-a390-a8213ac2b5df,9-nella-preghiera-personale,9d11262d-b927-4764-978e-9b0279c5fdb2,in-personal-prayer,77b44a9e1d9d37fc,ok,,3482,1025,0.006886,2026-04-19T01:53:16.106139
retranslate-20260419-v6,5f435b1c-ab2b-4265-86ca-fb45588d2c55,ibrahimui-sulle-spalle-di-justo,c1978597-b1b9-4127-807b-692fecc6c197,ibrahimu-on-justos-shoulders,38efbf9e1163fa01,ok,,4071,1374,0.008753,2026-04-19T01:53:16.721328
retranslate-20260419-v6,5f70da4e-8d76-40bb-89d0-0ffefcb4d634,fratelli-e-sorelle-di-persone-con-disabilita-2,56abef86-18af-4579-848c-0eeae5b699c9,the-siblings,6774fd1695b4c3a5,ok,,2625,426,0.003804,2026-04-19T01:53:34.344086
retranslate-20260419-v6,5f729b2c-e5e3-4bc3-9c8d-01c08f89679b,gesu-per-amico-un-percorso-evangelico-per-disabili-mentali,b1265ed4-bbc0-4a98-8999-e60c89ae1ceb,jesus-as-friend-a-gospel-path-for-young-people-with-intellectual-disabilities,b288d1cc4ddb7dee,ok,,2336,226,0.002773,2026-04-19T01:53:39.087878
retranslate-20260419-v6,5f72a37f-7467-43c3-8b75-7a2345edf7b2,diario-di-una-scuola-media-della-zisa,5432fbc4-9862-450e-b923-56e1b92f593c,a-school-diary-from-palermos-zisa-quarter,04ceb75b22434103,ok,,2835,616,0.004732,2026-04-19T01:53:42.238990
retranslate-20260419-v6,5f4a4dc9-bc34-4ea0-9341-c1766aa9eca5,dialogo-aperto-n-64,a5a9c3de-9324-4de4-afa2-15ebb9f2d9f7,open-forum-no-64,d58119edd792d496,ok,,4532,1873,0.011118,2026-04-19T01:53:26.054864
retranslate-20260419-v6,5fc612a3-bb9d-4413-a4b6-1eb42315c62f,uno-due-tre-stella,523ec457-e74e-4074-b4e6-32e8ed1b8457,one-two-three-freeze,9c6bb25ab70b3612,ok,,3134,839,0.005863,2026-04-19T01:53:50.917385
retranslate-20260419-v6,5f941386-b8e5-4545-9b52-100992b305c6,il-plusabile-due-sorelle-speciali,a205866a-d1d1-4fe2-808d-9980bf8b9046,the-plus-able-two-extraordinary-sisters,91209d6585cac1e2,ok,,4040,1400,0.008832,2026-04-19T01:53:48.990368
retranslate-20260419-v6,5fea959a-6b4f-434c-8e20-d109c578fae8,giubileo-2016-la-vera-gioia,8d2efc69-96f6-4648-ada2-3a4b02c7f03b,the-jubilees-true-joy,98d22b8fc9694478,ok,,4108,1462,0.009134,2026-04-19T01:54:05.839382
retranslate-20260419-v6,5fd8c996-9472-40a0-95c0-119afbdcfcda,assemblea-internazionale-di-fede-e-luce-a-bruxelles-gennaio-1978,dc5060a7-edc7-415c-862f-0596103fc787,faith-and-lights-international-assembly-in-brussels-january-1978,248a6265b273d925,ok,,6873,3293,0.01867,2026-04-19T01:53:59.409621
retranslate-20260419-v6,600ba450-f930-4324-8223-f93fe3cc7cb1,dialogo-aperto-n-78,53587f81-c5c8-4194-a72d-ccb647ae530d,open-dialogue-78,2cbdff3ba068e9b0,ok,,5559,2374,0.013943,2026-04-19T01:54:45.271878
retranslate-20260419-v6,6010f7c9-74a2-4c97-93d6-bc3bb017f3e6,un-viaggio-quasi-accessibile,74fef5a7-0036-4aab-a6de-406b0b384f09,nearly-accessible-a-journey-on-romes-new-metro-line,dd9ccf6172f084aa,ok,,3568,943,0.006626,2026-04-19T01:55:12.620631
retranslate-20260419-v6,601fd844-4831-4bd0-bc14-53af1974fa16,ci-ha-lasciato-la-professoressa-marie-odile-rhethore,3f460e6b-504d-4d25-b63d-808a11df41a4,professor-marie-odile-rhethore-19302023,a56767a71d77ca54,ok,,3154,868,0.005995,2026-04-19T01:55:24.459018
retranslate-20260419-v6,6008b991-3a92-42c2-8ba4-d7c57fd09694,concorso-fotografico-legami,,,e1cd1132d718abf8,error,Quality gate fallito: HTML: tag count: 26 orig vs 19 trad,,,,2026-04-19T01:54:21.851415
retranslate-20260419-v6,6030885e-ffa6-4e73-b696-c26d5d8ab6d6,la-vita-e-proprio-bella-e-vi-spiego-perche,45de3512-d56f-4c20-a3ea-a008900708f9,life-is-truly-beautiful-and-heres-why,f9d3cc2f043f9a96,ok,,2852,662,0.00493,2026-04-19T01:55:32.376987
retranslate-20260419-v6,6036f8c2-d6e2-4b43-a859-e70f85dde57d,quando-impari-ad-allacciarti-le-scarpe-recensione,8ff2a021-5dbc-42d6-9516-6fbda36c3179,learning-to-tie-your-shoes-a-review,d7dca40a3af49195,ok,,2687,512,0.004198,2026-04-19T01:55:34.325151
retranslate-20260419-v6,605e344a-6ec5-4e38-9a14-3b332db16929,non-siete-stati-ancora-sconfitti-recensione,ed1836c2-560b-42e4-ad22-899a1e15be4a,you-have-not-yet-been-defeated-a-review,76e022c249542f69,ok,,4071,1446,0.009041,2026-04-19T01:55:39.529183
retranslate-20260419-v6,604591a9-bd61-4624-a693-22fa22607c4c,1971-2011-fede-e-luce-festeggia-40-anni,62db24d2-3d9e-4fd9-89e7-26d0083b469c,fede-e-luce-marks-40-years-19712011,6f3fb5384d4ae9a1,ok,,4052,1456,0.009066,2026-04-19T01:55:38.243411
retranslate-20260419-v6,606a97cd-41a5-4c64-acc3-a3f5e91cd6e9,cinema-e-disabilita-i-3-film-di-armando-damato,2e3ffeca-94ce-47ad-a3a8-610e39683b4d,cinema-and-disability-three-films-by-armando-damato,4b5f7d7fb99fb463,ok,,2104,63,0.001935,2026-04-19T01:55:56.418241
retranslate-20260419-v6,606bb0e5-577e-4693-9b35-197d3c9a2c23,dalle-province-n-140,ef211370-2af9-4bab-85d0-ac143daffc78,from-the-provinces-issue-140,dcd020e49a4758e6,ok,,3395,1038,0.006868,2026-04-19T01:55:57.780500
retranslate-20260419-v6,6079bee2-862a-4236-ae61-9402c790465d,san-sebastian-festival-tardes-de-soledad,849d19d6-0efe-49ab-bba1-c272fe19e8ff,spanish-cinema-at-san-sebastian-a-festival-divided,647dbf905c2354f5,ok,,3589,1119,0.007347,2026-04-19T01:55:57.977793
retranslate-20260419-v6,608a8d92-e489-4ac5-be6e-bff3af811013,semplicemente-maria-recensioni,b7d872ef-3db6-4408-b202-5f0f706ad181,simply-maria-book-review,17c93375915f0bd4,ok,,2342,261,0.002918,2026-04-19T01:56:08.725842
retranslate-20260419-v6,60b49afc-5594-4406-a83d-e0473e872e2e,editoriale-4-il-mio-bambino-con-la-sindrome-down,1515bba4-c963-44f5-86bc-90ea0316b324,my-child-with-down-syndrome,1c94f27ce4feff65,ok,,3071,818,0.005729,2026-04-19T01:56:10.265828
retranslate-20260419-v6,60d294a9-2bbf-414a-9e94-577cd6377629,mitezza-recensione,727b6ca7-d707-4f0b-835e-406a18b825eb,gentleness-a-review,6ab2514076dbc46c,ok,,2431,343,0.003317,2026-04-19T01:56:17.371172
retranslate-20260419-v6,60f7309f-8c10-4f85-bff9-29cd6b5943b1,mi-preparo-alla-messa-recensione,e0b50663-05c0-4021-a3f9-d739c9aa9167,getting-ready-for-mass-a-book-review,c32c78587c025cb3,ok,,2292,211,0.002678,2026-04-19T01:56:20.544114
retranslate-20260419-v6,60bb8ca9-f32c-4902-922e-97604c4de0e6,preparare-al-sacramento,5945bc6a-b1bd-4214-8339-775b76455a26,preparing-for-the-sacrament-a-guide-for-young-people-with-disabilities,0e557eb7a86c1d3a,ok,,3660,1240,0.007888,2026-04-19T01:56:11.794789
retranslate-20260419-v6,61169509-6894-4d66-8d90-02352b80a5ca,i-ragazzi-della-via-pascoli-recensione,6226c659-8673-490e-9a1f-25d2cc8f3c39,the-boys-of-via-pascolia-review,5d2c60754b0cf62c,ok,,2440,321,0.003236,2026-04-19T01:56:22.975256
retranslate-20260419-v6,612c6d8e-e3a2-4f45-94c1-e3398b2d9506,darti-la-vita,e203584a-6bba-4d2b-8c39-14d3039a4af1,giving-him-life,81aa7db301890fdb,ok,,2503,356,0.003426,2026-04-19T01:56:24.978121
retranslate-20260419-v6,6177c5bd-2b18-442b-a7e6-ee178e2d8cca,il-bambino-down-una-guida-per-genitori,4746110e-8bd5-4bf4-ac66-107ccdca3aea,raising-a-child-with-down-syndrome-a-parents-guide,24d7e9f2486392bd,ok,,2451,300,0.003161,2026-04-19T01:56:28.867585
retranslate-20260419-v6,613a76c1-fd5a-4304-8c84-28daa0bb9961,teatro-privato,7b01eea2-a6c0-4df6-8462-1b848dbde2e9,the-stage-they-built,a430351f12063fe1,ok,,2943,730,0.005274,2026-04-19T01:56:27.118640
retranslate-20260419-v6,619b3b0c-209b-4563-a882-a6696e4e03ef,in-gita-per-il-calendario-dell-associazion-italiana-persone-down,3bc2533f-20b8-4879-a1ea-211b3cbbf63b,a-day-in-milan-francesca-and-the-aipd-calendar,003666ffbd91f095,ok,,3074,831,0.005783,2026-04-19T01:56:35.915601
retranslate-20260419-v6,618f234c-01a5-4be6-9232-38c91b5c4d25,esperienze-fede-e-luce-in-africa,f39eb18d-20ec-4d1c-b695-da80bcf47301,faith-and-light-in-africa,1a9f371ab4aa9411,ok,,3893,1269,0.00819,2026-04-19T01:56:32.224206
retranslate-20260419-v6,61cca815-03e7-4715-aae5-e38c29cc9b34,chi-ha-visto-adriano,b92b3ee7-1985-417c-8011-4647a209696b,have-you-seen-adriano,2fea474c84409263,ok,,3063,841,0.005814,2026-04-19T01:56:45.254415
retranslate-20260419-v6,61d356ad-5888-4ce3-b426-64330895fc4d,corrispondenze-e-zoomate-dalla-russia,b14d4b49-c3bb-4e87-8844-ef3cedc36f7e,letters-from-moscow-faith-and-light-on-zoom,b5d33bfada7d1c1d,ok,,4415,1749,0.010528,2026-04-19T01:56:53.294029
retranslate-20260419-v6,61e237e5-44c7-4585-8e2c-5ef79b3d6251,avevo-paura,2b5e2d9f-f567-4c91-8e8d-e7f1e170417d,i-was-afraid,d3116a030096e98e,ok,,2708,504,0.004182,2026-04-19T01:57:16.404339
retranslate-20260419-v6,61eaa839-55ac-4a42-8e76-e67b3f4e7979,years-and-years,8fa25bba-4ba9-466b-ba23-b50253d11170,years-and-years-61ea,c7e2baf1d7b85cfe,ok,,2883,619,0.004782,2026-04-19T01:57:21.164871
retranslate-20260419-v6,61ce029d-e2c6-45f7-b9b2-7b1ab5ce6139,intervista-a-matteo-mazzarotto-e-ivana-perri,ddfe80de-8d29-4cbf-8601-6edae39b5c80,an-interview-with-matteo-mazzarotto-and-ivana-perri,f2710e05fe12261f,ok,,6760,3436,0.019152,2026-04-19T01:56:46.980587
retranslate-20260419-v6,6200cd81-8fc5-4d0b-a246-30e8fe055910,ciclisti-non-vedenti-vaticano,2ecb3c6d-6780-42df-9449-99d4cc48f91a,we-made-it,a4bac83f2abb28b7,ok,,3832,1230,0.007986,2026-04-19T01:57:28.599629
retranslate-20260419-v6,62158bd3-001e-4ffb-bd6b-80783b64d30e,il-posto-della-persona-handicappata-nelle-nostre-comunita,b9ce4084-e3bb-4e18-902f-b45c31585e5e,where-the-handicapped-person-belongs-in-our-communities,21b5b59ef91c5870,ok,,3820,1216,0.00792,2026-04-19T01:57:34.893977
retranslate-20260419-v6,6222e441-0b26-47f4-88c6-93fa9aef8cb3,non-mi-piace-cucinare,c2256c11-1443-49f1-a977-ab41997a7f8c,i-dont-like-cooking,7cb4069b1bc66d27,ok,,2797,599,0.004634,2026-04-19T01:57:50.312018
retranslate-20260419-v6,621ea3f0-0827-40b8-a4dc-eb2886e3015d,come-ogni-anno-da-oltre-ventanni,88521e2e-cfc0-44cc-92c3-dfb28e102ff9,twenty-years-of-befana,719dcc510888cb97,ok,,3570,1266,0.00792,2026-04-19T01:57:43.177316
retranslate-20260419-v6,622c04ed-4233-441a-bc6b-438c4e530d5a,due-vocazioni,4603c6fb-1fd7-484c-82da-ad6551e64464,two-callings,468c809305752bef,ok,,2629,447,0.003891,2026-04-19T01:57:56.450994
retranslate-20260419-v6,6251b7d8-f517-43ee-9c7d-8592858b30a8,nuotando-con-amore,906c981e-763c-4e70-909e-1b9815201e50,swimming-with-love,56348a8769e8036c,ok,,2734,569,0.004463,2026-04-19T01:57:57.412002
retranslate-20260419-v6,62524cf1-d7af-4829-8270-da1db61f6139,c-era-una-volta-la-citta-dei-matti,cd78752b-d2d8-4866-8259-6d76925ba614,once-upon-a-time-in-the-city-of-the-mad,f7d0bd10a66d70b8,ok,,2855,598,0.004676,2026-04-19T01:58:01.668233
retranslate-20260419-v6,626429eb-5337-4336-9b31-004a6521c20d,gioco-come-questa-casa,9b04de52-884e-4b61-ae29-5f45b2ac3c55,game-what-kind-of-house-is-it,0431522875ef073a,ok,,2240,175,0.002492,2026-04-19T01:58:07.827591
retranslate-20260419-v6,6251d744-6e3f-4db7-9700-8a559da5535f,la-magia-delle-nostre-vacanze-insieme,3876460a-2520-49f2-8676-dd09b28921a0,the-magic-of-our-days-together,d91cfad94c471f93,ok,,3568,1138,0.007406,2026-04-19T01:58:00.773564
retranslate-20260419-v6,6288ec1a-659d-4285-8e7b-0609fc3298b2,benedetta-il-mio-curriculum,cefbb107-752c-4382-ac7e-076ba59935e3,my-resume,09aa04ac860681a9,ok,,2766,588,0.004565,2026-04-19T01:58:12.908877
retranslate-20260419-v6,62757b1a-870f-4362-99c5-4b59f4676bc1,saverio-nostro-fratello,1b84ad95-dec9-4474-974e-caf68e56d5e2,saverio-our-brother,e6993de0e4256109,ok,,3391,1052,0.006921,2026-04-19T01:58:10.397216
retranslate-20260419-v6,62acb75b-68b8-435c-8c15-17bdde7091da,estate-fede-e-luce-1980-la-gioia-di-fare-vacanza-insieme,fb70235a-55b8-47f8-bea7-50a0815b39fd,summer-1980-with-fede-e-luce-the-joy-of-taking-a-holiday-together,8ae0f2239076b2bc,ok,,3118,910,0.006134,2026-04-19T01:58:22.370678
retranslate-20260419-v6,62ba4df2-4691-4c6f-aa12-983fe2277ddb,per-nostra-riflessione-la-comunione,99c4ad49-7922-4a76-85a9-056c8f2ea1a3,communion-what-it-means,bfa69de13cd76337,ok,,3548,1264,0.007894,2026-04-19T01:58:29.538080
retranslate-20260419-v6,62d677dd-2655-451a-acef-4054dab9d864,disturbi-dellapprendimento-qual-e-il-vero-marco,98cdcfed-047f-4c69-a63b-7719443633bb,learning-disabilities-who-is-the-real-marco,53b442f9b0d2201e,ok,,3792,1004,0.00705,2026-04-19T01:58:40.424179
retranslate-20260419-v6,62d9f167-325b-4fa2-bd17-f25226b46f2e,io-e-karol,4225beaf-dbbd-4388-972d-a85f4cefcb0e,karol-and-me,a0dce7073b5070b4,ok,,3458,1044,0.006942,2026-04-19T01:58:54.802371
retranslate-20260419-v6,628b6776-f067-4854-a150-77b11995b505,le-case-famiglia-gli-istituti-i-centri-esaminati-da-ombre-e-luci,82fcabf2-b6d9-4ebc-8122-e38c68652d18,a-guide-to-homes-institutions-and-centers-visited-by-ombre-e-luci,059ea106bd5f6922,ok,,7027,4234,0.022558,2026-04-19T01:58:18.263970
retranslate-20260419-v6,630799b8-b420-4fe4-b3cd-7f3bba2e6e36,ogni-luglio-presto-una-casa,54dae479-10ed-410b-bc9c-3a2222a8a8c7,a-house-for-july,79adc35762cc202d,ok,,2811,568,0.004521,2026-04-19T01:59:07.859464
retranslate-20260419-v6,62e45f5b-db91-4bae-8cb6-e0a7a9975db4,fare-nuove-tutte-le-cose,ca937677-8a01-42e3-9fae-69ced0da3fba,making-all-things-new,bfaa8c0f33aba9e4,ok,,3311,804,0.005865,2026-04-19T01:59:07.441239
retranslate-20260419-v6,630a830b-00da-475b-a687-d0e8147cbfd8,perche-non-ascoltiamo-la-risposta-di-gesu,907a7354-e3d7-4956-9943-dcf2f7a5107d,why-do-we-ignore-jesuss-answer,0c43b6622e14a180,ok,,3215,835,0.005912,2026-04-19T01:59:14.191643
retranslate-20260419-v6,630e3f3c-aa35-4849-abac-6f52338bc9b6,stupiti-e-grati,570785c4-80d4-4d85-b5d4-7ad8d21762dd,amazed-and-grateful,e73ce3810bd2b769,ok,,2887,664,0.004966,2026-04-19T01:59:17.750712
retranslate-20260419-v6,635ee42a-9861-4562-84cc-d843c65b8f64,quella-terza-preziosa-eta,04a0b439-6f5d-43ba-b573-adecb8281166,that-precious-third-age,c86cc9b1aa5d2330,ok,,2626,453,0.003913,2026-04-19T01:59:23.888492
retranslate-20260419-v6,636d366c-c975-4cf8-8930-71d3e1be5d76,apriamo-il-sipario-oggi-si-recita,e774aeb0-b054-4b8b-8946-8760d1150bf7,raise-the-curtain-were-on,2a61d91e652ef14f,ok,,3096,785,0.005617,2026-04-19T01:59:28.158590
retranslate-20260419-v6,6316101b-dbcf-41a0-bb4b-405a22bb4bbe,dialogo-aperto-n-50,b3f4ac7e-c6f8-408e-b841-3550381b58ca,open-dialogue-no-50,b4a48fe4029a6c64,ok,,4042,1462,0.009082,2026-04-19T01:59:23.156922
retranslate-20260419-v6,63da222f-2bcc-441e-ada5-ebb0100d871a,eredita-e-figli-disabili-il-notaio-risponde,39c8839c-037f-43ea-a590-703bbe69083f,inheritance-and-disabled-children-a-notarys-counsel,578f2c2fde456185,ok,,3891,1238,0.008065,2026-04-19T01:59:41.316805
retranslate-20260419-v6,63ee11f8-ce73-4da0-a7fc-416c2bf09798,la-potenza-delle-parole,1d5cef2d-f7fb-45a7-b699-c697444027e3,the-power-of-words,80ea74170ea3808b,ok,,3729,1220,0.007863,2026-04-19T01:59:55.846915
retranslate-20260419-v6,63ce2405-2e03-429a-a1e9-b4901d4df896,basta-la-porta-aperta-domande-in-6-parrocchie,2361822f-14d8-4e14-943e-3f7bcc702442,is-an-open-door-enough,dba19927864141cc,ok,,5953,2844,0.016138,2026-04-19T01:59:36.650955
retranslate-20260419-v6,63f54fdf-8abc-4600-813d-22d6d90ac22d,chi-ha-avuto-paura-fa-gratis-un-altro-giro-una-giornata-al-luneur-di-roma,0b9c03c6-e526-4c0d-a008-f99e03c0db35,scared-ride-again-for-freea-day-at-romes-luneur,0544cee7ebd95730,ok,,3107,749,0.005482,2026-04-19T02:00:10.791718
retranslate-20260419-v6,6419c31c-3f03-4d19-85b4-9a092b0747a1,pazienza-tenacia-anche-durezza,7a9f1f32-7b20-46d2-b0b1-c44a21ebdd34,patience-persistence-and-when-to-be-firm,f81835a3e4d86617,ok,,2657,490,0.004086,2026-04-19T02:00:19.055004
retranslate-20260419-v6,6425a9e9-46e9-4e66-b965-fad61c227694,vizi-e-virtu-del-vivere-recensione,d528a454-03f2-4d55-a4ff-10f7d18a83e4,vices-and-virtues-of-living-a-review,aebe69f9865d7e50,ok,,2349,261,0.002923,2026-04-19T02:00:24.184331
retranslate-20260419-v6,64035ee6-dc18-46e3-aad6-056b76079d0f,diario-di-bordo,2aecf4ec-2406-4c44-8050-0efc53ab2165,a-ships-log,f7abc5e5d599dc76,ok,,3354,894,0.006259,2026-04-19T02:00:18.719561
retranslate-20260419-v6,644721ea-bdac-4a4b-b7ca-e2b7c3bc9f74,recensione-del-film-lottavo-giorno,9eedf474-4552-4aa8-9ed7-11a4a452b21a,the-eighth-day-a-film-review,f076b155e244a792,ok,,3054,676,0.005147,2026-04-19T02:00:29.108754
retranslate-20260419-v6,6428822d-08a0-490e-bd6e-a7f02cf2fdd2,recensione-as-we-see-it,3df68543-9d33-4e5d-8715-7dc0c91a48e1,the-world-as-we-see-it,bdc1a986ba4ac043,ok,,3450,1001,0.006764,2026-04-19T02:00:27.050426
retranslate-20260419-v6,64491aba-822d-4bfd-93b2-efee91f6f8cf,in-movimento,8911904f-96a2-4d56-bd9b-65f9a8bb26c4,in-motion,720b261d2478feed,ok,,3650,1193,0.007692,2026-04-19T02:00:36.724980
retranslate-20260419-v6,644be608-31ae-4216-bcd3-9ea950c1a6b2,il-cardinale-martini-risponde,9c05ede6-ed87-49e8-83ee-ceb428c334d9,cardinal-martini-speaks-to-faith-and-light,b0434983ad22858d,ok,,3739,1182,0.007719,2026-04-19T02:00:37.825210
retranslate-20260419-v6,6450cee0-a4b4-4ced-99f4-676d5b6687e3,quello-che-non-ho-mai-detto-e-lisola-di-noi-recensione-di-due-libri-di-federico-de-rosa,76793d44-33d4-4072-bccf-148aa4d341b1,two-books-by-federico-de-rosa-what-i-never-said-and-the-island-of-us,3918387d0fa23fe7,ok,,2637,457,0.003938,2026-04-19T02:00:50.863116
retranslate-20260419-v6,645a988e-eab9-49f7-8fda-43d2cdef6bc0,dedicato-ad-unamica,8858e998-03ee-49b6-b52d-a08a6a611fa3,for-a-friend,eff14ef508fef364,ok,,2574,419,0.003735,2026-04-19T02:00:51.792243
retranslate-20260419-v6,648e5ce2-c867-4090-a837-fbf37d793db1,le-comunita-fede-e-luce-nel-mondo,b8504bf7-51a3-41bf-81d0-452e306aed29,faith-and-light-communities-around-the-world,8ea3faef4c95fbc4,ok,,2109,66,0.001951,2026-04-19T02:00:55.441879
retranslate-20260419-v6,649adb8f-dac1-4938-92d0-6879f2776c91,per-capire-di-piu,cf234274-2be7-49ae-bb18-7d892b7f6558,understanding-more-deeply,48350270768b9bf4,ok,,3052,782,0.00557,2026-04-19T02:00:56.805334
retranslate-20260419-v6,64a2419e-219a-4314-af88-92fa2ee91d15,un-padre-rivela-il-dono-unico-di-suo-figlio-disabile,9ca30f1f-7046-4cf0-83ee-9e73946ab992,a-father-reveals-his-disabled-sons-unique-gift,e34ebed95b9e90b8,ok,,4317,1608,0.009886,2026-04-19T02:01:03.246747
retranslate-20260419-v6,646970b6-2db6-4899-b39f-ad15afb035e5,il-bene-va-fatto-bene,61da5b05-b7c4-497a-b770-aebc40c389ef,do-good-work-well,42461094bbb5dc12,ok,,5233,2128,0.012698,2026-04-19T02:00:54.748851
retranslate-20260419-v6,64b13fa1-69d7-40b3-bee1-349e312c3a42,sostegno-psicologicologico-in-gravidanza,a85e91e0-333e-4a50-a96b-ad23560715c6,psychological-support-during-pregnancy,ed02df65e5fa8175,ok,,2522,319,0.003294,2026-04-19T02:01:25.223790
retranslate-20260419-v6,64abaf81-90c5-4baf-945a-b44c9e361ec1,cara-nicole,8a08e70a-b4e8-4d58-995d-418cd2b83927,dear-nicole,cce0a74fc1eee23e,ok,,3116,762,0.005541,2026-04-19T02:01:23.638787
retranslate-20260419-v6,64b7cc0e-04e1-4ae3-8306-090389c98b33,qualche-volta-voglio-e-qualche-volta-no,c9297c40-4a9b-45a6-beb6-9937f9e2e41e,sometimes-i-want-to-sometimes-i-dont,290d2d79ead5e1d8,ok,,2741,570,0.004473,2026-04-19T02:01:29.029302
retranslate-20260419-v6,64b95e12-a2e1-442d-b6bc-8bc43d0840e8,cose-che-sapevi,5649d73b-ee4f-474f-8af3-5c65ef42bd1b,did-you-know-these-things,b142688c5fc85380,ok,,2806,549,0.004441,2026-04-19T02:01:32.429635
retranslate-20260419-v6,64dec691-ed61-4429-89e5-cf163cfa70a2,diciotto-recensione,272a403a-2d98-40c4-ab01-aa0574de3897,eighteen-book-review,7e0d21c8fcdd6d39,ok,,2423,319,0.003214,2026-04-19T02:01:37.629723
retranslate-20260419-v6,64ba04b1-ec25-4856-8331-46254eadeb9c,storie-di-guerra-confini-e-speranza,90c334ca-13dd-4751-8412-49fb42554b0d,war-borders-and-hope,8ad8a26fac5f183d,ok,,3281,893,0.006197,2026-04-19T02:01:34.541602
retranslate-20260419-v6,64e04c56-3f4e-4dbe-8505-8d0c87ad8bae,dialogo-aperto-n-66,b863c3f5-7657-4901-bae8-64af811a4047,open-dialogue-no-66,ba4b8ea535c6a456,ok,,3993,1509,0.00923,2026-04-19T02:01:40.863409
retranslate-20260419-v6,64f15ed3-0682-4b92-b9e2-e6a164a61a4a,vita-fede-e-luce-n-6,c39642b3-a375-45fa-850e-a3a0b69185b4,faith-and-light-around-the-world,b8f87bae9545e667,ok,,4775,1869,0.011296,2026-04-19T02:01:44.740793
retranslate-20260419-v6,650ccaed-4dcd-4363-b043-7b96e28bb4b1,lorganizzazione-a-fede-e-luce,8e538551-8e01-449b-a1fa-6ab871c3ec3e,how-faith-and-light-is-organized,8191dba396aaac3f,ok,,4119,1673,0.009987,2026-04-19T02:02:01.503791
retranslate-20260419-v6,6552e9d0-6e48-4e12-bab9-e6ae083ab0b5,con-clara-siamo-in-sei,c8a921f0-94c1-458a-9321-5e086b976d01,six-of-us-now,e9d5777cc3094100,ok,,2568,402,0.003662,2026-04-19T02:02:15.761816
retranslate-20260419-v6,65387068-27a2-45a0-bb03-f6ded16c232c,ricette-e-soluzioni-vincenti,5cc98d5c-878d-438d-a0f3-c64c4acd5f9f,recipes-for-success-healthcare-in-a-family-home,8f133fd86793b3ab,ok,,3229,718,0.005455,2026-04-19T02:02:10.258931
retranslate-20260419-v6,65642612-389f-4f75-8d29-8039b92b868f,la-straniera,ecda5dc5-e228-4462-8ebf-7ee825a91d86,the-foreigner,39e0b89e4dabd748,ok,,3071,912,0.006105,2026-04-19T02:02:20.873709
retranslate-20260419-v6,6587a7cb-0f32-4b7a-bf6d-4e3735d73e53,campidoglio-approvata-mozione-coccia,45cdc4ac-21c9-46ab-a5b1-362d4fbaf779,rome-backs-a-new-pathway-for-mothers-with-disabilities,55bee6b3ed3775bd,ok,,3316,842,0.006021,2026-04-19T02:02:27.179828
retranslate-20260419-v6,6589ce3c-b5c0-4437-9528-f5dd6286bc96,mi-chiamo-charlotte-fien-e-ho-la-sindrome-di-down,f0fe87c2-2143-4f36-b10d-cfe701dce368,my-name-is-charlotte-fien-and-i-have-down-syndrome,4aacccaf2cc6c73e,ok,,2823,595,0.004638,2026-04-19T02:02:37.579778
retranslate-20260419-v6,655fcb1d-fab4-47f0-ba66-aa95dcb57640,primavalle-un-territorio-molti-progetti,fb7ba3fc-397a-468b-8e63-9f07300805e1,the-primavalle-training-center-one-neighborhood-many-projects,49c07b90b8041aa8,ok,,4507,1653,0.010218,2026-04-19T02:02:20.197179
retranslate-20260419-v6,65a190ca-0600-4ebe-b9d3-c9dede15ab43,viola-il-capitano-e-piccolo-mio,8b758767-5cf9-4f67-8852-dba400b3e913,viola-the-captain-and-my-little-one,06e32f117a857e11,ok,,2921,679,0.005053,2026-04-19T02:02:42.524978
retranslate-20260419-v6,658a7561-a915-4b89-99f1-aa3913fd5daa,ed-e-stata-una-vera-vacanza,ca922aae-2e06-44f8-b826-1085fd75b957,and-it-was-a-real-vacation,c724441920e294bb,ok,,4332,1496,0.00945,2026-04-19T02:02:41.984343
retranslate-20260419-v6,65e9a920-ca2d-4f3c-821f-aa75c2e76fef,io-ordino-con-te-il-servizio-per-bambini-con-disabilita-e-difficolta-linguistiche,a283657b-04c7-49f9-9743-a88ec4674c3c,ill-order-with-you-a-communication-tool-for-children-with-disabilities,1d5361ac1a7ec4bf,ok,,2505,331,0.003328,2026-04-19T02:03:02.022830
retranslate-20260419-v6,65c84abc-c2c7-4dfb-8379-0f883f83e1b2,villa-pizzone-cancello-aperto,248d6334-0bea-4ba6-914d-b3d38bad1b47,villa-pizzone-an-open-gate,13bddb185eb68f47,ok,,4793,1632,0.010362,2026-04-19T02:02:48.662662
retranslate-20260419-v6,65eb77f2-0c08-4f3d-a97a-a2246b47f6d4,perche-lontano-da-dio,55eb4b13-7c48-4283-8647-ba2bc3775aa6,why-the-doors-remain-closed,4254a9893884ae9e,ok,,3440,1015,0.006812,2026-04-19T02:03:05.890519
retranslate-20260419-v6,663408f3-2eae-4640-b08a-172106591a8e,a-te-bambino-mio,8d7b31a7-2785-4c5f-921a-8791382f26a7,to-you-my-child,d38a74b4e9e6913f,ok,,2401,305,0.003141,2026-04-19T02:03:16.953771
retranslate-20260419-v6,660182fc-8a28-4d93-8d1e-b184ff10ca99,catechesi-facilitata,a4b8253e-17fb-4a2a-aadc-e0ca39a99145,teaching-faith-to-those-who-cannot-speak,5cabc5e3d2eb783c,ok,,4033,1418,0.008898,2026-04-19T02:03:13.002190
retranslate-20260419-v6,663a2fd8-0034-4283-b36f-0400233ca0d4,deboli-e-forti-trovano-il-loro-posto,aa9153fb-5e50-4ac8-9d27-18f481e07a73,the-weak-and-the-strong-find-their-place,bb4f23bb0eef198d,ok,,3932,1316,0.00841,2026-04-19T02:03:19.827830
retranslate-20260419-v6,6649785e-e572-45c3-b2c5-ef7687258430,la-tenerezza-di-dio-2,be1d5cdd-056a-4d4e-9e0b-5d999f0bd1ee,gods-tenderness-6649,6d63b526798a000a,ok,,3281,930,0.006345,2026-04-19T02:03:30.645590
retranslate-20260419-v6,667f350a-ac24-48a8-8f89-40eee7c72bf7,le-eta-della-signorina-uffa-newsletter-n-17,ee0c3470-951f-4cf7-be72-ca3aea6cc8d7,the-ages-of-miss-uffa-newsletter-no-17,a7f7a984d1ca6414,ok,,3895,1564,0.009372,2026-04-19T02:03:38.594201
retranslate-20260419-v6,6671b829-d957-44e8-8faf-c2ef11467ca7,benvenuti-al-sud,55246c3c-4a75-4c2e-9f45-1354b502d07d,welcome-to-the-south,1e956e726aba229f,ok,,4387,1556,0.009734,2026-04-19T02:03:35.866277
retranslate-20260419-v6,669fc3eb-b8eb-478f-8366-d4edf4a18620,cammino-damore,886a2407-75e8-49fb-a71e-5ff764b1d4d1,a-path-of-love,90266e8816db0028,ok,,3701,1269,0.008037,2026-04-19T02:03:53.052929
retranslate-20260419-v6,66a7cf98-25e1-4a51-a18c-0889e6b4c0ca,27-gennaio-giornata-della-memoria,acecbc62-f10f-4ca1-aaac-2db4bb947983,january-27-international-holocaust-remembrance-day,04e1426ec25cb8bb,ok,,2920,702,0.005144,2026-04-19T02:04:06.700006
retranslate-20260419-v6,66d04bdc-4a30-4857-8b16-be37c14f68d9,jean-vanier-ai-giovani,f404fd68-51c9-4401-9796-f61b796b4b24,jean-vaniers-message-to-young-people,f4d0cd87ba4af584,ok,,2983,734,0.005322,2026-04-19T02:04:12.481358
retranslate-20260419-v6,66a72dde-f6a0-40d7-ad49-3f64cda44a51,chi-aiuta-la-famiglia-gli-specialisti,705a6eb6-e820-47ec-8b02-5807a671e42e,who-helps-the-family-the-specialists,039964ec3458b7bb,ok,,5794,2603,0.015047,2026-04-19T02:03:56.264717
retranslate-20260419-v6,66efd588-c5af-4590-8751-86242a7bf5b0,mille-pasti-al-giorno-alla-cooperativa-terra-gaia,dfcab861-d5e8-4cde-8dec-1ef5859a92c2,a-thousand-meals-a-day-at-terra-gaia,c17d37c376a598b9,ok,,3210,806,0.005792,2026-04-19T02:04:17.833529
retranslate-20260419-v6,67125a92-fb84-4242-b688-e6dcd2c0318c,la-mia-pazienza-ha-dei-limiti,041afac9-2cb1-45a3-95b9-4d087ac86f18,my-patience-has-limits,6597bf5061843039,ok,,4450,1708,0.010392,2026-04-19T02:04:25.771407
retranslate-20260419-v6,673c9f3f-8f11-49eb-a483-c2c867ebda1c,alzati-ritrova-la-speranza,98186f8b-56f5-4d67-922a-4c53643d5f22,rise-up-and-find-hope-again,9b7d9710e39fba22,ok,,4306,1719,0.010321,2026-04-19T02:04:27.524190
retranslate-20260419-v6,673d0f1c-75cc-4a75-bba2-201c8143cb96,il-racconto-di-natale-per-mio-figlio,efdba1ec-7a5c-40fe-9a43-305bf78136cf,the-christmas-story-i-tell-my-son,e17aa57b9ffa9a8a,ok,,2817,555,0.004474,2026-04-19T02:04:46.791324
retranslate-20260419-v6,67423c92-97c6-4869-b744-7a3a1dc27078,parlare-di-jean-vanier-in-comunita,b059ea96-93ab-4802-b67c-471d2105bd37,speaking-about-jean-vanier-in-community,9b8d0f994042a72b,ok,,3559,1020,0.006927,2026-04-19T02:04:47.033199
retranslate-20260419-v6,6748a869-18ba-4fce-965f-fd294954dd31,benedetta-mi-ha-convertito,61e2f8be-d6ee-489a-b7c0-27b8472f4a88,benedetta-changed-me,a2651e793bc56bc9,ok,,4127,1551,0.009506,2026-04-19T02:04:52.892949
retranslate-20260419-v6,67795839-857e-4b41-852a-50a5e86bc563,la-comunita-luogo-del-perdono-e-della-festa,8811b590-91fa-4003-9284-83f40d0716ba,community-as-a-place-of-forgiveness-and-celebration,daa1e3d0032dac7c,ok,,2663,422,0.003818,2026-04-19T02:05:11.742462
retranslate-20260419-v6,675f09af-48f8-4909-abb9-0b65333f62e8,malintesi,551faf0f-047f-46d6-880f-1f6312b02573,a-deaf-sons-liberating-revolt,9fff9f5c264fb202,ok,,4895,2111,0.01236,2026-04-19T02:04:57.253010
retranslate-20260419-v6,67be183e-2e78-4640-b3cb-3b3932eecabd,e-iniziata-la-scuola-ma-la-situazione-non-e-chiara,54bd3df1-64a3-4793-9536-f3bb88e3af43,school-has-startedbut-im-still-not-sure-whats-happening,9d888c72a125f4bb,ok,,2856,708,0.005117,2026-04-19T02:05:23.364868
retranslate-20260419-v6,67c98064-779d-4d30-87af-06ad28ab67b9,parole-per-persone-grandi,f0c1933a-69e3-476e-970f-a3101c2593b4,words-for-grown-ups,99511a578bbe75bd,ok,,4399,1706,0.010343,2026-04-19T02:05:29.233337
retranslate-20260419-v6,68038443-8204-4cc2-9746-d34a2e2b396c,vuoi-bene-a-gesu,ed60cfa6-89a3-48b6-aa22-54b4149d1a3e,do-you-love-jesus-then-thats-enough,4f1af14af6fdf2ae,ok,,3772,1331,0.008342,2026-04-19T02:05:53.399402
retranslate-20260419-v6,6796319b-5588-4a92-b3d6-00416ea8d30e,perche-ho-avuto-fiducia,abfb91f3-86c0-4483-8e72-6517bfa6bdeb,why-i-learned-to-trust,c82494cbbb15dbcc,ok,,7308,3833,0.021178,2026-04-19T02:05:15.871168
retranslate-20260419-v6,682328f2-4f93-4cf0-99db-c8a6bb7c4c1a,care-sorelle-cari-fratelli,57d9c111-505e-4b0b-82a6-f10edc08d5fb,dear-sisters-and-brothers,eb0a981da91e4696,ok,,4049,1470,0.009119,2026-04-19T02:06:10.436209
retranslate-20260419-v6,680db08e-d6da-46fc-a750-eef6caf071f7,la-la-nostra-cresima,b1c20e9e-074d-4982-a5b1-8b0ae1f27ac2,a-confirmation-for-all-of-us,9c855cd987694181,ok,,4338,1655,0.01009,2026-04-19T02:06:09.779425
retranslate-20260419-v6,68372a61-52af-43b3-a81b-1f6fa4045dcd,scuola-viva-un-modello-di-inclusione-attiva-per-bambini-con-disabilita,c949083b-d2a8-4a92-89f1-b62d9072b8e2,scuola-viva-active-inclusion-in-action,3ae81c1d2542ef97,ok,,3266,865,0.006073,2026-04-19T02:06:30.883412
retranslate-20260419-v6,682fdbdb-1b9e-4bb0-9dae-fd5424200a0c,educare-e-desiderare,206ba9cd-4b79-4486-b4f4-64dea6cc7c5c,to-educate-is-to-desire,35a215d7452e5eb2,ok,,3448,1027,0.006866,2026-04-19T02:06:30.447512
retranslate-20260419-v6,685eeb60-25af-480b-9a4d-ba9d6110ec9e,ciao-gianluca,a5dfc3bd-5fc2-4129-a08f-b42ed707788d,goodbye-gianluca,dadbcb6dba6264d3,ok,,2495,351,0.0034,2026-04-19T02:06:42.057700
retranslate-20260419-v6,6858b7ec-6641-441d-a83c-9ff7abbafb95,altri-consigli-lettura,a61b616e-9b46-4ef5-a7ae-f963c6f10237,more-books-worth-reading,0acef13e35870e64,ok,,2926,640,0.004901,2026-04-19T02:06:41.919516
retranslate-20260419-v6,68bc34c0-5b61-4edc-b98f-78f208b3edc8,creatures-disconforts,89726cf1-d554-438d-9c6d-2708fe3c3278,creatures-discomforts,93d722acb72d35b0,ok,,2992,681,0.005118,2026-04-19T02:06:47.820246
retranslate-20260419-v6,689c1946-03df-47e4-bf02-2177caf39ab1,dialogo-aperto-n-65,26892ac8-e820-4eee-96f8-1ce59da5e56b,open-dialogue-no-65,5e9cea39ca548807,ok,,3874,1340,0.008459,2026-04-19T02:06:45.736624
retranslate-20260419-v6,68bdee70-8845-495d-a86b-eacfb4cb0aff,non-si-muovono,d2f1dab3-ee14-4a9d-945f-204fdd3bd235,if-they-dont-act,6d22398ce50a3de8,ok,,3258,895,0.006186,2026-04-19T02:06:54.858966
retranslate-20260419-v6,68c0a2ba-5db6-4975-b033-029a2a33682d,un-patrimonio-profuso-a-piene-mani,823d1b2b-c793-42db-83a4-cabd0d24740a,a-wealth-given-freely,7901463e3e35ef3b,ok,,2831,601,0.004669,2026-04-19T02:07:02.026165
retranslate-20260419-v6,68d8ee28-e50c-42e0-b20c-d6b6c4fcd48e,come-se-io-fossi-te,396d04f5-50a3-4aa1-a105-c3225ff6b7a8,as-if-i-were-you,5e8ee9ebc58a673a,ok,,2749,610,0.004639,2026-04-19T02:07:07.858075
retranslate-20260419-v6,68c4430a-673f-40a5-8473-34ad5f060993,le-pappe-di-pippo,1e788f0c-d97e-4ec4-8861-2b2b5be2f2e3,pippos-kitchen,79be394b262f6a3a,ok,,3270,876,0.00612,2026-04-19T02:07:04.686012
retranslate-20260419-v6,6921e0c8-db07-47e6-9623-e88c4d828221,le-polpette-di-federico,851aff01-bc91-45d9-b62d-db47e0ad1697,federicos-meatballs,d12f05c5856e8515,ok,,2442,350,0.003354,2026-04-19T02:07:14.700489
retranslate-20260419-v6,68fe84ab-cf83-45ab-b8e6-c8fdaa43091a,ora-basta,4308bf89-8591-456c-97ab-3cb2f7e85fa5,enough-now,b25226b7bd6eb501,ok,,3545,1038,0.006988,2026-04-19T02:07:12.307893
retranslate-20260419-v6,693c622f-ab4a-4499-a5df-841dc5a8d600,mi-sento-in-crisi,ef9d84f9-e4e6-48f6-8eb5-fa188fc102a1,i-feel-in-crisis,13f732c6751d6420,ok,,2938,664,0.005006,2026-04-19T02:07:26.626279
retranslate-20260419-v6,69376341-8c05-4e7c-a0a1-c16a9a1e6c48,newsletter-14,d6070772-4a9f-4871-8174-dd04de6c0b58,newsletter-no-14-full-speed-then-a-halt,b055afb3232543c1,ok,,3949,1570,0.009439,2026-04-19T02:07:17.510939
retranslate-20260419-v6,693ef02f-5897-4068-b3ac-5162a4dbb37f,mamma-in-comunita,a7471821-5b94-46d1-9cc8-90dc2c677d21,mother-in-community,38b4035047c14526,ok,,3197,834,0.005894,2026-04-19T02:07:32.966080
retranslate-20260419-v6,696406c5-1e11-44f9-8c67-f303b6809d14,teresa,6d188ebc-ee67-420c-b774-df609b872b8d,teresa-6964,633deddc62c814e7,ok,,3603,1039,0.007038,2026-04-19T02:07:33.162360
retranslate-20260419-v6,6971badc-d188-4811-8cec-56868eed2ce2,la-comunita-di-capodarco,cb5d4772-0092-4967-9fba-5633d6269bb9,the-capodarco-community,f2169f64a64445b4,ok,,3333,894,0.006242,2026-04-19T02:07:42.027974
retranslate-20260419-v6,697276e4-8be8-4963-bfa8-1630a397683a,la-scossa-della-vunerabilita,a2aaaf3c-1a0b-478e-9ac5-765c21a32a39,the-shock-of-vulnerability,be508c048477687c,ok,,3698,1121,0.007442,2026-04-19T02:07:46.238207
retranslate-20260419-v6,698f6644-b7b5-40e1-aa10-7804d3fd11f9,la-vita-accanto-recensione,a5744de6-5847-4f13-99bb-8365a6d7a41f,life-beside-us-a-review,f06a6a27ec3abcc8,ok,,3472,1047,0.006966,2026-04-19T02:07:59.825302
retranslate-20260419-v6,69bc26dd-28c2-4262-9703-40a119be9ac0,la-nostra-vita-insieme-recensione,3992a35d-42a4-49af-9d9c-f81c3b7e5d80,life-together-a-review,3909771193db6336,ok,,2373,273,0.00299,2026-04-19T02:08:12.098959
retranslate-20260419-v6,69bce178-4c81-434c-8b07-1d3b83d2de7e,vi-porto-a-conoscere-roma,f5f6561f-9e1e-486b-9a0f-a2a60c797fd9,let-me-show-you-rome,fd966166762c4fe2,ok,,2852,669,0.004958,2026-04-19T02:08:15.040670
retranslate-20260419-v6,69c91123-9622-47e2-a85f-c32bd1268855,costruire-un-mondo-diverso-uguale-per-tutti,705f6c50-d6db-4176-9beb-05cfddefcef9,building-a-world-where-everyone-belongs,3674d8d26109713e,ok,,3114,804,0.005707,2026-04-19T02:08:20.567206
retranslate-20260419-v6,698e17b5-e7f9-480f-a96d-54cc2d5c41b5,gioco-educativo-per-tutti-pensiamo-le-risposte,e965f78a-5ca7-4358-8f8d-f726117a610c,learning-games-for-everyone-think-through-the-answers,6113731100a6f762,ok,,6094,2937,0.016623,2026-04-19T02:07:52.187770
retranslate-20260419-v6,69cf9583-2784-4f41-a7f7-ea6c3dcb869e,il-bambino-magico,722f0240-4540-4782-bf5f-079cddbabef3,the-enchanted-child,efec7b763c2333e8,ok,,3009,721,0.005291,2026-04-19T02:08:28.608336
retranslate-20260419-v6,6a0f80f0-bbff-42e0-8dd2-ad526f1bcd8c,con-suo-padre,57ee4203-7003-45e3-93d6-285b4c751e54,with-his-father,d8e538cf55dcb7a9,ok,,2574,384,0.003595,2026-04-19T02:08:32.520428
retranslate-20260419-v6,6a219cd6-7b51-4d57-b73e-76eff8cc36ee,a-good-and-perfect-gift,08dffd2f-a04a-48bb-83ff-806f3e1e1cb2,a-good-and-perfect-gift-6a21,c29a2797738340dc,ok,,2377,277,0.00301,2026-04-19T02:08:37.007505
retranslate-20260419-v6,6a20913f-7f0e-42c9-852a-1aece2f75e8c,nuove-comunita-fede-e-luce-festa-in-umbria,0443dc97-1853-4358-9f76-f3b9ab9c3d43,two-new-faith-and-light-communities-celebrate-in-umbria,7c175d1471c01688,ok,,3015,711,0.005256,2026-04-19T02:08:34.775597
retranslate-20260419-v6,6a42355c-3e4c-4a04-a65e-d83cb2f5863d,quando-la-comunita-accoglie-senza-giudicare,59fb0880-6c5c-4d45-8d53-957cdc254aa2,where-community-welcomes-without-judgment,9fb315d59f2a94be,ok,,3763,1027,0.007118,2026-04-19T02:08:40.103297
retranslate-20260419-v6,6a42aa72-4db1-4c4d-be37-bbc5ed3c2ee2,vita-fede-e-luce-natale-1977-a,b1786cc0-c232-4e64-8737-3f814140c2ba,faith-and-light-at-christmas-1977,3df8c83b01415d46,ok,,4550,1749,0.010636,2026-04-19T02:08:41.080672
retranslate-20260419-v6,6a43db31-1e0f-40c2-b7a4-f0362a86adde,mia-figlia-adea-cresima,cb53767a-ef10-4cb9-8032-311ab7504084,adeas-joy,7f733a51c3a84724,ok,,5083,2226,0.01297,2026-04-19T02:08:54.856651
retranslate-20260419-v6,6a456ff6-d37d-43da-95d0-8386aae31551,di-fronte-alle-persone-che-soffrono-fuggire-o-andare-incontro,ee120e87-2350-4b09-adca-e4d580b845c5,reclaiming-our-humanity,328a153cf38d5ad5,ok,,4795,1934,0.011572,2026-04-19T02:09:03.912539
retranslate-20260419-v6,6a5257c2-37e9-46d7-8ce5-4f2eaa7c1632,nel-nome-del-padre,9c060e5b-0eb9-4db8-9257-7006b746651f,in-the-name-of-the-father,7a7c6601b1538a04,ok,,3067,764,0.00551,2026-04-19T02:09:24.012405
retranslate-20260419-v6,6a5ae212-0470-4beb-a429-6f56b8a6e6ed,alessia,25e3a76b-da4e-468f-932f-b7ccf42e2682,alessia-6a5a,6673206172742616,ok,,3698,1117,0.007426,2026-04-19T02:09:29.490624
retranslate-20260419-v6,6a85a5b7-8149-4628-a12a-f77b604382b0,due-passi-avanti-e-uno-indietro-newsletter-n-20,979d1436-128f-4a85-bef9-d88fd2345236,two-steps-forward-one-step-back-newsletter-no-20,8f23064f5d4acfd2,ok,,3892,1516,0.009178,2026-04-19T02:09:30.805908
retranslate-20260419-v6,6a900cd9-d13d-426a-929c-c81a0fcc273c,due-piccole-isole-di-luce,03fab69d-68a0-493b-92e0-a760db8805cd,two-small-islands-of-light,e0cb5142397c5a70,ok,,3660,1184,0.007664,2026-04-19T02:09:43.709890
retranslate-20260419-v6,6ac0f84e-da25-4595-b90f-61ca10aa7c24,mastri-biscottai-in-31-casette,0abac0ca-0273-456e-aad0-d0a56c3d3dd9,master-bakers-in-31-small-homes,c6c46a409599492b,ok,,3633,1027,0.007014,2026-04-19T02:09:46.439200
retranslate-20260419-v6,6ac9e40e-570c-4708-a8ab-1618afccb030,sono-una-mamma-adottiva-a-distanza,84358738-9558-420d-bc63-53ef897ed937,im-a-long-distance-mom,bfcfaa61dee67f80,ok,,2717,500,0.004174,2026-04-19T02:09:56.934437
retranslate-20260419-v6,6adffa89-9ec7-4006-9f7e-c025ff5e8aa8,cantiere-buone-notizie,213b40f1-935e-4a95-a9f0-3d8cd6997672,the-workshop-where-good-news-gets-made,d487694bc4e2ecb9,ok,,2685,438,0.0039,2026-04-19T02:10:00.525427
retranslate-20260419-v6,6b04a8d2-d383-4032-824b-abb5c8446933,wonder-giusy,fd4091d4-603a-4ec7-8928-b550c9a02b08,wonder-giusy-6b04,7e48f0ecb0895d51,ok,,2872,743,0.00527,2026-04-19T02:10:01.116499
retranslate-20260419-v6,6b16af99-f888-4d44-889f-ab15c6ce492e,io-sono-qui-recensione,af06d03f-e59b-42c9-8abf-c95399781f82,i-am-here-a-review,86cbf4cd9cad46f6,ok,,2452,344,0.003338,2026-04-19T02:10:06.310791
retranslate-20260419-v6,6b0acd0d-37ac-411b-a486-f2675af8cf2e,vita-fede-e-luce-n-38,d6b4fd65-7405-4f20-9875-1f0d3b8cd426,faith-and-light-community-no-38,60a03aadfc58e1f2,ok,,4266,1532,0.009541,2026-04-19T02:10:05.394952
retranslate-20260419-v6,6b1db88d-491f-41d7-92a0-1dec2ff2b232,il-vangelo-dei-vinti-recensione,1e339d1c-b660-44d8-ad8f-c59c3660b82d,the-gospel-of-the-defeateda-review,76d18bc5af14e179,ok,,2512,365,0.00347,2026-04-19T02:10:24.087056
retranslate-20260419-v6,6b37df52-b041-4771-84b2-49d38c0f1b86,cogliere-un-fiore-e-consegnarlo-alla-luce-recensione-libro,727d7785-b664-4d32-bdad-4851548f8849,picking-a-flower-and-holding-it-to-the-lighta-book-review,24e96e0da1cbb6cf,ok,,2533,368,0.003498,2026-04-19T02:10:27.264349
retranslate-20260419-v6,6b4ffb3d-63aa-4ed1-b3bb-2e7f99fef9a2,terapia-della-realta-una-sfida-la-pedagogia-della-condivisione,fe1d0549-53fe-4a46-bd22-b3a14233753e,reality-as-therapy-the-pedagogy-of-shared-life,19b39a9e51c76aac,ok,,2568,361,0.003498,2026-04-19T02:10:31.492174
retranslate-20260419-v6,6b6671bc-ccc0-4bdc-aeca-34d1650e1d1a,il-loro-sguardo-buca-le-nostre-ombre-recensione,f40cf0e6-35d2-43ca-9380-5dd71118fb08,their-gaze-pierces-our-shadows-a-review,7f60f07a7239b716,ok,,2870,599,0.004692,2026-04-19T02:10:35.547988
retranslate-20260419-v6,6b19b2d6-a9b9-4a9c-ab14-340be7232d8c,case-famiglia-iniziative-e-centri-di-accoglienza-per-disabili-1983-al-1989,ff1b6b7f-35ef-4903-be02-dbed2052ceb2,family-homes-initiatives-and-welcome-centers-for-people-with-disabilities-19831989,6c542d7dc4df8d3d,ok,,5961,3445,0.018549,2026-04-19T02:10:09.854346
retranslate-20260419-v6,6b6ffbdc-cf16-4545-8ff0-b86118d0a635,lui-la-guida-degli-uomini-e-rimasto-indietro-per-me,50e3561d-e240-4f8c-9e66-b428064f6ad0,he-stayed-behind-for-me,6e2fa38a92014372,ok,,2787,552,0.004438,2026-04-19T02:10:42.510604
retranslate-20260419-v6,6b825063-90ea-470b-b5ed-6bfe4af5b0e1,ci-hanno-scritto-insieme-n-26,a04be27b-87cf-4a5c-9b2d-8f386580ae1c,youve-written-to-us-insieme-no-26,a22683ee1ec7f5c3,ok,,3302,948,0.006434,2026-04-19T02:10:48.219930
retranslate-20260419-v6,6b816a9d-e0aa-4d32-b86f-6ed821c6a217,con-i-tre-fratelli,bfadb6b6-32fd-414c-964f-c141543ed65b,with-the-three-siblings,f79c44fe9a03c8ca,ok,,3861,1306,0.008313,2026-04-19T02:10:46.041613
retranslate-20260419-v6,6bbba635-11db-48f9-90ea-5c377240a38a,viola-e-mimosa-a-manila,fbd99501-2c5a-41e0-a045-085ace81839f,viola-and-mimosa-a-story-from-manila,034bd47d4184055f,ok,,3064,776,0.005555,2026-04-19T02:10:57.857280
retranslate-20260419-v6,6bc3d070-9f30-483a-8ba5-8bdd3be6db2f,per-insegnare-bisogna-saper-osservare,558f5132-46f2-4dc8-82a3-9f1457ad783d,teaching-begins-with-observation,5b7a8838e542580e,ok,,2760,490,0.004168,2026-04-19T02:11:01.025531
retranslate-20260419-v6,6bc6bf29-fa4d-43ed-b72c-8220168d26d8,qualche-informazione-prima-di-partire-per-il-pellegrinaggio-di-assisi,b18e0a6c-186a-4037-b397-04bccd3c566b,before-you-go-a-pilgrims-guide-to-assisi,cc9601a377ed6849,ok,,2715,494,0.004148,2026-04-19T02:11:04.916616
retranslate-20260419-v6,6c01bf2c-33f2-461e-b5af-165739131577,ed-eccomi-qui,e5ba1ac8-4912-45ab-9d07-ef5ce75b9611,and-here-i-am,f49e4349e78b4edc,ok,,3368,1027,0.006802,2026-04-19T02:11:09.482763
retranslate-20260419-v6,6bc6f6b8-b92b-48ac-b58a-09710093fc3e,dopo-assisi,748c3435-b0a5-455e-81dc-38dba5a5e6df,after-assisi,4b761264e77eab9f,ok,,7436,3991,0.021913,2026-04-19T02:11:07.209593
retranslate-20260419-v6,6c39a0ca-3a37-43fa-a946-4858adba8710,quando-ho-bussato-alla-porta-di-lyns-house,a1ce9919-0d64-48f7-9bf2-ef12eab8feb1,when-i-knocked-on-the-door-at-lyns-house,e74ac35ab74ae7fb,ok,,4216,1556,0.009597,2026-04-19T02:11:58.184134
retranslate-20260419-v6,6c07897c-5dbe-44f1-82f8-3367732a787c,comunita-alloggio-per-persone-con-handicap-intellettivo,19b75527-8612-42f2-9a0c-c9d35fe04d11,housing-for-adults-with-intellectual-disabilities,52be3516cc1332b9,ok,,5278,2022,0.01231,2026-04-19T02:11:21.357394
retranslate-20260419-v6,6c4246a0-1574-4c20-94d8-c058d9bc9ca2,la-tuscolana-non-e-dragoncello,17e16d4e-524f-432b-bb01-3eca3be0275d,the-tuscolana-is-not-dragoncello,6bf7c06e00f353e8,ok,,2716,491,0.004137,2026-04-19T02:12:17.956709
retranslate-20260419-v6,6c6070d7-6f92-48a2-8d33-571a66160587,i-ciechi-non-sognano-il-buio-vivere-con-successo-la-cecita-recensione,12074262-a959-48b3-b748-07b6399eab54,the-blind-dont-dream-in-darkness-living-successfully-with-blindnessa-review,2cb6cef9809489df,ok,,2648,464,0.003974,2026-04-19T02:12:23.088113
retranslate-20260419-v6,6c49d911-2e25-45a3-a6d4-fe4aace5c712,parolimparty-seconda-edizione-dellevento-multisport-di-milazzo,1b54cb05-3a73-4655-ab66-4bdcba438dd5,parolimparty-inclusive-multisport-event-returns-for-second-year,903feb8223ac17dc,ok,,3503,1073,0.007094,2026-04-19T02:12:22.565509
retranslate-20260419-v6,6c674946-e2aa-43f8-9032-d64bec83c3e8,ombre-luci-n-12-1986-sfogliabile,4b153c7c-c9dd-4520-b00a-590788100556,ombre-e-luci-issue-12-1986,c0991b8b1acb6fdd,ok,,2083,139,0.002222,2026-04-19T02:12:34.020272
retranslate-20260419-v6,6c7cb0b4-e3e9-43eb-aadc-9fdd07873180,la-figlia-dellaltra-recensione,70c0d256-a847-4b1f-9196-7bdf0ba4c3aa,the-other-daughter,39239b962ca2bf99,ok,,2460,320,0.003248,2026-04-19T02:12:36.785350
retranslate-20260419-v6,6c62f7b6-c9e6-4ce2-a79f-68ce58b46718,prepariamolo-vivere-con-gli-altri,c63a85b9-1490-49f5-965c-c06315a442cb,preparing-him-to-live-with-others,883a4eb12cb65dcc,ok,,4400,1529,0.009636,2026-04-19T02:12:28.358322
retranslate-20260419-v6,6c8449ab-371a-42f7-98af-3a826817e501,pulce-non-ce-recensione,3ae1c68a-d161-42a5-b5c5-71688602b4ce,pulce-is-gonea-review,4d54246c530d5fdb,ok,,2803,585,0.004582,2026-04-19T02:12:41.183181
retranslate-20260419-v6,6cde231d-79be-46c2-9483-e36366c218b1,ho-votato,cedf2e34-946f-43d5-a262-4bbbac7cd317,i-voted,fe6f0ca9d02faeb0,ok,,2824,602,0.004667,2026-04-19T02:12:47.572131
retranslate-20260419-v6,6d15fc89-f319-4614-9948-7e8b96d6941c,sboccia-la-primavera,fcfbf173-d76b-40bc-9176-adabc131a66b,spring-has-arrived,8482733c63a35f4e,ok,,2261,171,0.002493,2026-04-19T02:12:53.150332
retranslate-20260419-v6,6d1da456-1615-4c4d-86bc-bb87d00f0593,lecumenismo-in-fede-e-luce-un-dono,5dd5e080-82b7-4f1b-b234-108a63642502,ecumenism-in-fede-e-luce-a-gift,167896206ab1293a,ok,,2785,565,0.004488,2026-04-19T02:12:55.366771
retranslate-20260419-v6,6ce2ad38-365d-4779-9e1e-d1f2013c4e25,locarno-77-da-jane-campion-a-saule-bliuvaite,66d6e7f2-4f4a-484b-a6c9-fd213505dc77,locarno-77-from-jane-campion-to-saule-bliuvaite,bc488007f4ccc55d,ok,,3787,1300,0.00823,2026-04-19T02:12:47.991932
retranslate-20260419-v6,6d34ea66-49e4-45ea-a199-59deab3db2c6,tutto-quello-che-hanno-detto-di-preciso,858d7df0-dd93-40fd-bf34-65da6ac1e93e,what-my-teachers-actually-said-about-me,b77df285a6fbc5fc,ok,,2854,620,0.004763,2026-04-19T02:13:01.332425
retranslate-20260419-v6,6d2f2c1a-c292-4dee-84e7-70fd71bbb166,un-coro-aperto-a-tutti,9d27d656-d27f-40dc-a6af-e73eb8a891ff,a-choir-for-everyone,83b544811d781120,ok,,3842,1327,0.008382,2026-04-19T02:13:00.091188
retranslate-20260419-v6,6d643bd1-abaa-4e0f-9734-5964c46e4de4,dalle-province-n-122,cf6e5f3c-c2ab-482b-b99f-9e03d38dc57d,from-the-provinces-issue-122,08bef962a1fb9bdb,ok,,3609,1205,0.007707,2026-04-19T02:13:07.079605
retranslate-20260419-v6,6d689e04-1ed6-4df5-88ec-bed9b2823df5,guida-per-le-comunita,397fdecc-8b45-4854-a6a2-719b23f100b5,a-guide-for-the-communities,9b4a4ed6ba5a6816,ok,,3374,944,0.006475,2026-04-19T02:13:18.990205
retranslate-20260419-v6,6d6cb348-9274-4490-bf14-1b452ec4cfa5,perche-proprio-io,26890ab9-29fe-4669-a28d-500953146f6f,why-me,57a31855071ff511,ok,,3681,1121,0.007429,2026-04-19T02:13:28.970421
retranslate-20260419-v6,6d6bed92-f794-4b53-afc6-65a677a27e3b,figlio-mio-non-credo,cc5acd87-5b87-42c0-b077-7f1390ba3eb5,my-son-i-dont-think-i-can-take-you-to-church-like-this,2a27b2888e559551,ok,,4381,1807,0.010733,2026-04-19T02:13:19.442865
retranslate-20260419-v6,6d9d598c-c3a5-407e-87a0-49a6fef7c4e1,visita-a-roccamonfina,f70c2428-6c61-4f28-81b7-df08d0ce3585,a-week-at-roccamonfina,49d3796367affb96,ok,,2501,365,0.003461,2026-04-19T02:13:43.248985
retranslate-20260419-v6,6d9ea864-0158-4e7b-9ba8-ec24281c940d,nel-mare-di-assisi,d7bee957-3b2b-4b3f-9dbc-2beb0a6cfe0e,in-assisis-waters,3db9bab75a47d800,ok,,3203,901,0.006166,2026-04-19T02:13:43.655531
retranslate-20260419-v6,6dbc6b5d-72c5-4e16-b197-af5247edb7e5,il-pellegrinaggio-a-fede-e-luce,c7c2d351-3ae0-4c63-b6cc-9517994df348,pilgrimage-to-faith-and-light,fa6b358abc94ca48,ok,,2828,578,0.004574,2026-04-19T02:13:51.623941
retranslate-20260419-v6,6da60992-4c97-4750-b0e7-caa6b8e4e329,levatrice-di-cose-nuove,0d55eaf0-40a3-4b26-a38b-557a7a9267ca,the-midwife-of-new-things,46387f4843002b38,ok,,3890,1393,0.008684,2026-04-19T02:13:47.575570
retranslate-20260419-v6,6de1603a-4bba-45ef-ba8d-90ecfd494179,alzheimer-sto-diventando-piu-umano,6efa848b-a606-41a8-806b-4f552b0377a4,alzheimer-im-becoming-more-human,c20154be8aed1025,ok,,3101,764,0.005537,2026-04-19T02:13:56.931933
retranslate-20260419-v6,6e2934ce-b127-4c85-81ce-1e380445e80e,25-numero-6-anno,7f19fd7c-7cdd-4683-88d8-c5577498c43c,issue-25-year-6,892ac2bd7be63a9c,ok,,2617,420,0.003774,2026-04-19T02:14:04.340026
retranslate-20260419-v6,6deaa692-4a30-4531-9522-90fd16cbc240,la-mia-lourdes-e-quella-di-registi-demaizere-e-teurlai,cee48eb7-6c19-48e3-9fa3-0988eac49eb3,my-lourdesand-the-directors-version,66a3244cb29ac343,ok,,3690,1158,0.007584,2026-04-19T02:14:03.502170
retranslate-20260419-v6,6e2e6842-fb1e-4b8f-a9fb-aa82a34dfd93,sottovento-un-film-da-vedere-recensione,5e171137-4cef-43e5-9e5e-a3f7c1acb1ad,sottovento-a-film-worth-seeing,73c56ba591255edb,ok,,3630,1212,0.007752,2026-04-19T02:14:08.953410
retranslate-20260419-v6,6e778f19-e83d-4dee-a91f-66395afb7083,la-citta-dei-ragazzi-recensione,b662925f-f5af-4e9d-a7fa-46de5aa3b048,a-childs-book-of-god-review,38823dbceb2fcc3c,ok,,2455,329,0.00328,2026-04-19T02:14:22.907366
retranslate-20260419-v6,6e788673-07b1-4367-9ae5-5a0ecc649be9,dialogo-aperto-n-138,8ac7ff99-0eef-4ea3-9f53-73c6b02c6e53,open-dialogue-no-138,70efe1b20389ebc1,ok,,3202,881,0.006086,2026-04-19T02:14:27.552846
retranslate-20260419-v6,6e429e0b-95eb-4d35-9c30-303a05fa8995,dialogo-aperto-n-113,36e77919-6c93-4012-86af-a63c80ea71b2,open-dialogue-no-113,d3a26134566857d7,ok,,4676,1795,0.010921,2026-04-19T02:14:18.058579
retranslate-20260419-v6,6e862138-a0aa-48a3-822d-2297dae2c31c,leducazione-religiosa-alla-fede-dei-nostri-figli-handicap-mentale,9d6f5461-aedb-473a-b9ec-e1fcd4414057,teaching-faith-to-our-children-with-intellectual-disabilities,2f54caa2ed07225a,ok,,3024,736,0.005363,2026-04-19T02:14:44.028197
retranslate-20260419-v6,6e7cf30a-a09a-4f87-8553-1834b30c4558,coltivare-propri-desideri,c9117e3b-a624-43eb-9ca6-401d82ec6186,tending-your-desires,7218775480cb4cb8,ok,,3684,1216,0.007811,2026-04-19T02:14:37.274167
retranslate-20260419-v6,6eb66e15-7797-4b95-8394-693c509b8301,parchi-per-tutti-terzo-parco-accessibile-a-milano,56d5f422-da94-4655-856e-a015acbbc839,parks-for-all-milan-opens-its-third-accessible-playground,614dce23a723e10d,ok,,2884,679,0.005023,2026-04-19T02:14:52.100327
retranslate-20260419-v6,6ed5322f-337f-4900-a29d-5a039662dd12,il-silenzio-del-mondo-recensione,0a496773-073c-452e-8daa-73bc1365cdf3,the-silence-of-the-world-a-review,c0f16b8e93e44356,ok,,2436,327,0.003257,2026-04-19T02:14:57.615903
retranslate-20260419-v6,6eeb2737-43d2-43d1-8dbe-0da7214b8841,perche-uno-speciale,ce971501-c7ba-4711-89d5-5ac79954ebc2,why-this-special-issue,a088b685766786f9,ok,,2879,629,0.004819,2026-04-19T02:15:01.646797
retranslate-20260419-v6,6e9d70a9-f58a-4057-b9ef-b8c045575241,testimonianze-dai-campi-di-alfedena-1976,93657046-b567-4e09-8e11-5a02a23bd68a,alfedena-summer-1976-voices-from-the-camp,a4a6e8a7bee80477,ok,,4132,1526,0.00941,2026-04-19T02:14:51.044343
retranslate-20260419-v6,6eff58fa-2601-443f-af27-193d1de6bc12,tecniche-di-diagnosi-prenatale,e351f158-05dc-4ac2-b440-c7313fb5900d,prenatal-diagnosis-what-you-need-to-know,1e60074e8e46921a,ok,,3403,956,0.006546,2026-04-19T02:15:07.607538
retranslate-20260419-v6,6f004b3c-10c2-45d3-b145-1abec49755be,portatrice-di-un-messaggio,7db00c3c-4b6d-4d55-9342-921f2e603258,a-bearer-of-good-news,33606ec997927ebf,ok,,4015,1490,0.009172,2026-04-19T02:15:10.366098
retranslate-20260419-v6,6f014b42-c92f-4819-b855-c47a96a6b23e,non-dopo-di-noi-ma-prima-come-fratelli-anche-lui-lascia-la-casa,41dabb7a-54e7-46a2-aa3c-8d4c64655dca,not-after-us-but-before-like-his-brothers-he-leaves-home,6b492c7131bc12a1,ok,,4574,1614,0.010115,2026-04-19T02:15:16.678462
retranslate-20260419-v6,6f05ae1f-4af4-4ba7-946b-f0a9a9782945,vita-fede-e-luce-n-2,b66e23ce-acc3-4141-a8e2-40ae377bf25f,life-faith-and-light-news-from-around-the-world,0b4580f6a2b71386,ok,,4782,1935,0.011566,2026-04-19T02:15:27.108685
retranslate-20260419-v6,6f193ab4-036b-45ad-b232-c32289babad5,hallo-welcome-hej-hallozik,567d1f03-258e-4bcc-81a6-275020c27104,hello-welcome-hej-halloziik-halo,ef804b6d4251815a,ok,,3966,1322,0.008461,2026-04-19T02:15:38.898337
retranslate-20260419-v6,6f216349-50ac-4ead-9430-b6dfded760ee,il-male-minore-devianza-giovanile-una-problematica-per-tutti-recensione,921b6049-185a-4dde-ab08-f1b67e410d7d,the-lesser-evil-juvenile-delinquency-a-problem-for-us-all,595a2d16384d5af2,ok,,3239,882,0.006119,2026-04-19T02:15:51.843275
retranslate-20260419-v6,6f578c93-391a-4adb-b1e1-19c586054808,poesie-per-francesca,f863c670-d462-4cb9-8690-3c81ac953119,poems-for-francesca,1e3ed54bf846bdd1,ok,,3474,1265,0.007839,2026-04-19T02:16:01.305066
retranslate-20260419-v6,6f3c467b-133a-40ec-8780-d9887f46f921,riflessi-di-luce-nellombra,1d9b4727-5b72-4ad0-9e80-ac83acdac569,light-in-the-shadows,ddf8dbf421d990bf,ok,,4073,1321,0.008542,2026-04-19T02:15:56.228349
retranslate-20260419-v6,6f740e13-6aab-404c-b1b7-68978a95bebe,la-casetta-cose-che-fini-ha-chi-la-frequenta,6ac83792-619a-4169-83cc-b92ec6048648,faith-and-lights-little-house-what-it-is-what-it-aims-for-and-who-comes,4e9b80bb6b164c64,ok,,3401,974,0.006617,2026-04-19T02:16:13.467744
retranslate-20260419-v6,6f77fd2c-dfdc-4cb6-9e73-946b32e20bb0,14-nelleucarestia-venite-a-me,ba036587-ad31-4266-bf4d-e3ca4de0dd71,come-to-me-in-the-eucharist,0a97ef46e4dbef85,ok,,3001,741,0.005365,2026-04-19T02:16:25.032345
retranslate-20260419-v6,6f70a248-f466-4e58-b721-04aa4af85e4c,psicosi-precoci-che-cosa-sono,8524c876-34a9-4e92-bf59-20318c7cd889,early-childhood-psychosis-what-is-it,884d102a300c8e0f,ok,,6559,2870,0.016727,2026-04-19T02:16:11.197815
retranslate-20260419-v6,6f834cae-2a7a-4f58-a137-29d307775479,vedere-oltre-finestre-su-una-storia-recensione,73583a5d-0a5e-4e32-bf57-fbc760ea452c,seeing-beyond-windows-on-a-story-book-review,b3603b8b524cec41,ok,,2570,440,0.003816,2026-04-19T02:16:52.784129
retranslate-20260419-v6,6f7d882d-ac53-4e07-968d-15933488807a,giochi-da-fare-a-casa-passare-tempo-noia,0b3691a1-146d-4cd8-8ffa-943a8ae238a3,indoor-games-to-beat-the-boredom,657e3387eb619e05,ok,,5821,2477,0.014565,2026-04-19T02:16:30.408331
retranslate-20260419-v6,6f9ee262-0586-418f-8355-cfdc20c5220d,leducazione-delle-persone-disabili-imparare-a-mangiare-insieme-e-in-autonomia,d207238b-201c-4dc4-b9d2-f9039b9570c6,teaching-disabled-children-to-eat-building-independence-and-community-at-the-table,6787218bdc2c2ec3,ok,,4702,1848,0.011154,2026-04-19T02:16:59.065059
retranslate-20260419-v6,6fa943a9-2d67-4f26-8aeb-b6cabe9c26b8,diritto-alla-festa,89cf431b-9907-4992-a143-2f8022671fa9,the-right-to-celebrate,59848c00b9075004,ok,,3721,1166,0.007641,2026-04-19T02:17:22.343035
retranslate-20260419-v6,6fb97d32-3a7a-4413-bd2d-c89d53810d7e,le-idee-dellarca,15382619-93ba-4d60-8f5e-5bb77c6e23fb,the-arca-vision,7bb22d539e025208,ok,,2536,374,0.003525,2026-04-19T02:17:36.592002
retranslate-20260419-v6,6fc77e30-760f-403e-8842-6ac72ad35e6f,e-li-ci-hanno-accolto-con-gioia-la-storia-di-unadozione-particolare,94e25d8c-802f-409c-9b1b-6c23edd655e7,they-welcomed-us-with-joyone-familys-adoption-story,6957bf5a4e648736,ok,,2537,404,0.003646,2026-04-19T02:17:40.206100
retranslate-20260419-v6,6fc7bfef-1347-4d69-8258-fb151a229929,ombre-luci-n-14-1986-sfogliabile,f06c5b1e-efd9-4219-8cbe-096451117899,ombre-e-luci-issue-14-1986,a0c3a0152bf5aab3,ok,,2083,44,0.001842,2026-04-19T02:17:44.221553
retranslate-20260419-v6,6f84549a-6dda-4740-957c-1a943b07b43a,genitori-non-fateci-arrabbiare,3339db5a-6c79-44df-89da-86f9456dedd5,parents-dont-make-us-angry,06fb0a7eeb6ddf9c,ok,,3019,662,0.005063,2026-04-19T02:16:57.036793
retranslate-20260419-v6,6fdf9a12-8938-422d-8a59-77fb81c39c53,lettere-di-natale-un-dialogo-speciale-con-i-lettori-di-ombre-e-luci,1eadb1e0-5597-4d07-9226-004021dba1c7,christmas-letters-a-special-conversation-with-our-readers,fcf4eed6959f7e28,ok,,8722,4930,0.026698,2026-04-19T02:17:45.758825
retranslate-20260419-v6,6fe2d926-1c63-4b0c-8f09-e92cda187cbb,la-tragedia-giovanni-chiara,59962421-3508-45ba-85dc-b24846c56132,giovanni-and-chiara-a-tragedy-in-the-dark,9e027b9334d581ca,ok,,3130,785,0.005644,2026-04-19T02:18:25.682500
retranslate-20260419-v6,6fec990f-029b-4d7c-b4f5-7ca482bcd82e,catechesi-delle-persone-disabili,fa856521-0243-47d7-a49b-a20d1bfb66d9,teaching-faith-to-people-with-disabilities,b75c740ab2487a87,ok,,3118,695,0.005274,2026-04-19T02:19:10.822576
retranslate-20260419-v6,6ff1665d-7f46-4881-ab0b-4aac4f991da6,saverio,99ef84b5-307c-4eea-9179-5223f8d40198,saverio-6ff1,c304b9e41c736e8b,ok,,4031,1509,0.009261,2026-04-19T02:19:18.031670
retranslate-20260419-v6,700c6f67-1a53-4f50-9509-cc8390ceb32c,il-mio-piede-sinistro,ce75250b-9e41-4a55-b6f6-5fde9593b8dd,my-left-foot-700c,3030938cdc4e0f79,ok,,3000,666,0.005064,2026-04-19T02:19:36.949545
retranslate-20260419-v6,6fe7bafe-b0dd-4c81-822b-5f7efc4e017b,accoglienza-alle-porte-di-roma,88e01dd2-d966-499c-a3e7-abab34bf1034,welcome-at-romes-gates,6ef99332f72c0c38,ok,,4961,2165,0.012629,2026-04-19T02:18:59.132353
retranslate-20260419-v6,7011b73b-f380-41cd-939b-c051f4467f2f,per-il-rispetto-della-persona-sempre,8b968ad1-8a7e-4107-8b9d-00b1d6f642f8,always-respect-the-person,5e99b3c2a82a5784,ok,,5191,1957,0.011981,2026-04-19T02:19:42.933405
retranslate-20260419-v6,70266ce1-8c16-4155-b052-4af5f5ad9b41,tikitaka,72629b9e-d155-4ea5-b784-db9c08aacfa8,tikitaka-7026,02b131a286c47742,ok,,3556,1161,0.007489,2026-04-19T02:20:07.427873
retranslate-20260419-v6,7040a752-ee53-440b-8db2-9b029b24ac77,consigli-per-i-film-delle-feste,41838dfb-d6bf-4188-a369-e55a6a477b08,movies-worth-watching-this-holiday-season,5052535be90b74b4,ok,,2182,115,0.002206,2026-04-19T02:20:20.089635
retranslate-20260419-v6,7069b624-8ac8-4699-9357-5858fcbaf98f,appuntamento-con-maria-maddalena-dal-carcere-alla-vita-religiosa-la-testimonianza-delle-suore-di-betania,7e695d72-6c86-4947-9ab8-e265e3b442d9,meeting-mary-magdalene-from-prison-to-the-religious-lifethe-sisters-of-betania-bear-witness,353effe5a5c7e55f,ok,,3074,739,0.005415,2026-04-19T02:20:21.964922
retranslate-20260419-v6,7030a7f1-ab51-4d4d-90c6-6d150f0068b8,gia-nostro-figlio,1f5a640d-ddb0-4197-86ff-92ad88306a3b,already-our-son,bc86b6a53416b707,ok,,4338,1728,0.010382,2026-04-19T02:20:09.913025
retranslate-20260419-v6,708062ea-3b8c-4c4f-be31-8bd975640cfd,cooperativa-sociale,f2c0110d-205d-49f7-bec3-b582464c6c3e,social-cooperatives,eb1532dc46a53e65,ok,,3174,763,0.005591,2026-04-19T02:20:29.209156
retranslate-20260419-v6,70850f58-b27e-4b7d-b608-a833ac639628,creativita-al-servizio-dell-handicap,4f09cabf-3610-4bee-afc2-1b20d9fac98b,creativity-and-disability-simple-innovations-that-make-a-difference,a815caf8c14c71cc,ok,,3382,984,0.006642,2026-04-19T02:20:33.894200
retranslate-20260419-v6,70865735-e020-42d8-a342-83a97dbd7a29,rete,5ba715c7-0ce8-4e39-ab67-5ebfa3b29819,finding-your-people,2b7dd78613652633,ok,,3318,856,0.006078,2026-04-19T02:20:36.943851
retranslate-20260419-v6,70901f33-1bf4-4521-be64-0abbfe57cb6a,breccia-muro,de99d6bc-024a-4021-b2d5-4f7ac13ce2e5,a-crack-in-the-wall,69bd16c86af043ec,ok,,3277,811,0.005866,2026-04-19T02:20:43.732237
retranslate-20260419-v6,709dab39-479a-4a9f-b26d-cf152cff9c92,dialogo-aperto-n-41,c597e896-d031-4b36-be8f-d3135ed6c982,open-dialogue-issue-41,b0e1c52e95fd7dd7,ok,,3340,876,0.006176,2026-04-19T02:20:54.014231
retranslate-20260419-v6,709949e6-c17d-443a-9336-eb771d231adf,dicono-di-loro,81f5d2bd-9abb-4d94-9a5d-e38d3bce4c2e,what-they-say-about-them,52cdbc8f4ebd1d89,ok,,4175,1603,0.009752,2026-04-19T02:20:48.422924
retranslate-20260419-v6,70a2078e-c035-4fac-b515-b9101d313e29,1-introduzione-fede-e-luce-anatomia-di-una-comunita-di-incontro,6f4877b1-9769-4022-96fa-463b15c31730,faith-and-light-anatomy-of-a-community-of-encounter,7188a707733af842,ok,,3635,1250,0.007908,2026-04-19T02:21:04.774420
retranslate-20260419-v6,70b0ab59-3b07-45f8-af74-026946654976,seveso-1976-oltre-la-diossina,89d317f9-1596-4bdb-a172-6e15d2c137dd,seveso-1976-what-the-dioxin-didnt-tell-us,bfd1dbb9fc575dc3,ok,,2528,400,0.003622,2026-04-19T02:21:16.164496
retranslate-20260419-v6,70a9df14-3fe8-4a2c-8ba5-1724abe30e10,dialogo-aperto-n-20,745ba5e7-83d6-4784-a3c5-e9d38e3f747e,open-dialogue-no-20,b7364a1a312da83b,ok,,4404,1685,0.010263,2026-04-19T02:21:08.766350
retranslate-20260419-v6,70e1e940-43fe-4082-983d-fe1d0102feb1,ci-hanno-scritto-n-15,a7e36446-8535-46ac-ba00-4fa53357dc06,fifteen-letters-from-our-community,2d169c405d0d05ab,ok,,4134,1511,0.009351,2026-04-19T02:21:29.895983
retranslate-20260419-v6,70e2d7fd-d18f-4463-8dae-fed0ec91eda3,anffas-60-anni-di-futuro,3b98a0e9-a7f9-4678-aee7-3bb29d9c09ad,anffas-sixty-years-building-the-future,f83e0c05f5f42271,ok,,3585,899,0.006464,2026-04-19T02:21:48.106385
retranslate-20260419-v6,70e366cd-bef2-49fa-bbca-9042e7a97a0b,ascolta-bene-joseph,85ebb7a2-8163-4222-8e61-0e487e36612c,listen-well-joseph,7718f982fdd909ee,ok,,4050,1512,0.009288,2026-04-19T02:22:01.055073
retranslate-20260419-v6,71105498-2286-4010-aaa7-d67ef5588f88,sono-un-pellegrino,f89a20c0-11a4-4d80-bd49-30c70df03643,a-pilgrims-journey,40d31b87c34add0b,ok,,2880,600,0.004704,2026-04-19T02:22:18.789617
retranslate-20260419-v6,7117fe65-b413-460b-9de2-0b4ba7bf5f59,dialogo-come-cura,aa960e09-79de-462d-a914-a461eaae14f2,dialogue-as-healing,27369cc0b5b65d2a,ok,,2942,627,0.004862,2026-04-19T02:22:23.630576
retranslate-20260419-v6,71484d2f-bb1c-46c9-8666-e7720b896361,la-fattoria-delle-meraviglie,b1b2e4f0-8496-4293-baae-1666fa690021,alices-farm-where-work-becomes-possible,5ccb650b32cccc26,ok,,4183,1228,0.008258,2026-04-19T02:22:30.674371
retranslate-20260419-v6,715cb9e6-3fa6-409a-8221-5df2c9806b48,emiliana-e-l-handicap,2f675def-e179-4878-a6ea-1acf144b8a85,emiliana-and-disability,ab596e7e1ea07a15,ok,,2971,695,0.005157,2026-04-19T02:22:47.639539
retranslate-20260419-v6,715eb2e1-3b05-407b-a977-9080f077635f,quante-domande-davanti-a-loro,212b87eb-35e4-4d1a-a3ae-baefe4a893d4,so-many-questions-before-them,918e50aca54fcd4f,ok,,2622,434,0.003834,2026-04-19T02:22:55.359237
retranslate-20260419-v6,70ca666b-b667-4fd8-a7ad-96e24a30f7fd,22-mini-giochi-da-fare-insieme,00596edb-69bb-4af7-bc32-23048cbb1b89,22-mini-games-to-play-together,0332049c6df9b61b,ok,,8935,4313,0.0244,2026-04-19T02:21:20.749321
retranslate-20260419-v6,71afbd0d-e71e-4b96-a9ee-a0db2493b883,figli-delle-stelle,a0d8c015-b4f2-4a5e-9cf2-258b1e39ce80,children-of-the-stars,2311b7ff22829a28,ok,,2681,500,0.004145,2026-04-19T02:23:03.640076
retranslate-20260419-v6,7185460f-90da-4428-9813-71ada0579078,perche-non-mi-capisci-2,0e664305-2d84-4b17-9173-026cd80a798b,why-dont-you-understand-me,45fc4d6716a2c158,ok,,3362,937,0.006438,2026-04-19T02:22:59.374061
retranslate-20260419-v6,720baf37-ed28-42c9-b9c5-aa82f848bcb6,egle-bottega-e-sono-rimasta-la-mia-vita-per-il-centro,144b24cf-d276-45cc-a5d7-a2729d432b5b,and-i-stayed,f12324cfc929a3c2,ok,,2928,726,0.005246,2026-04-19T02:23:09.020846
retranslate-20260419-v6,721773cd-55c4-4bce-86d2-72ae44bc39e9,ehi-campione-come-va-da-lassu,4f5d062f-425d-461d-929c-c85b1bd26b7f,hey-champion-how-are-you-up-there,36c6a1093bcc31aa,ok,,2982,684,0.005122,2026-04-19T02:23:10.442734
retranslate-20260419-v6,724cc439-6e38-4a4b-81de-c1a2a86446ad,ho-incontrato-gesu-mi-ha-detto-ti-voglio-bene,0703b94f-293a-42d9-9f5c-2f485b869a74,i-met-jesus-and-he-said-he-loved-me,cb74b1621e4e79a4,ok,,2410,250,0.002928,2026-04-19T02:23:14.789108
retranslate-20260419-v6,7260eb99-2b9a-473c-82b1-9506bf87ebce,i-bambini-profondamente-handicappati,e03799f4-1e6d-4e67-ad64-220b7cb5d38a,profoundly-handicapped-children,05c47fe6f57c2f69,ok,,3089,865,0.005931,2026-04-19T02:23:17.891503
retranslate-20260419-v6,72552584-a77b-421e-b11c-568b85d60126,recensione-te-lavevo-detto-la-storia,97fff0c6-0184-4a1a-9782-f17422fddb33,promising-television-and-a-flawed-film-at-romes-cinema-festival,0230b6f54b0a07c7,ok,,3580,1196,0.007648,2026-04-19T02:23:17.560418
retranslate-20260419-v6,72713b05-042a-4ff5-8bc3-98e7820379e7,felice-di-vivere,5cd0487b-0f8f-483a-9361-40549f07725a,happy-to-be-alive,806fe25168926942,ok,,2893,669,0.00499,2026-04-19T02:23:26.385763
retranslate-20260419-v6,7274958f-0acf-4a6b-96b6-989ee9e054d4,ognuno-ha-il-suo-posto-nella-comunita,f84ecb17-d236-48f9-999c-d94439800c2d,everyone-has-a-place-in-the-community,6c0ecfbc3381bd49,ok,,3052,761,0.005486,2026-04-19T02:23:30.249817
retranslate-20260419-v6,729bc212-9c72-4af1-bc55-43e73ca57dc3,amici-di-simone,397b2222-ce52-4195-8489-aa4bfadeb709,friends-of-simone,aa103fbe5906df0b,ok,,3381,847,0.006093,2026-04-19T02:23:31.595723
retranslate-20260419-v6,72a19292-633f-47a8-b3cc-b05ff96652f1,sono-andata-a-bruxelles-a-fare-volontariato,0d8ce302-c69c-4be3-9b08-0d4752bb93f1,i-volunteered-in-brussels,74da0eb1e6e57609,ok,,3369,979,0.006611,2026-04-19T02:23:36.057746
retranslate-20260419-v6,72acd395-e9a9-46ae-8037-5ec45f5c43e0,in-memoriam-aktion-t4-la-mostra,4bfc43bc-715d-447a-ac81-9bdcfa84a3e2,in-memoriam-aktion-t4-the-exhibition,daa29b3613db5967,ok,,2931,627,0.004853,2026-04-19T02:23:41.272018
retranslate-20260419-v6,72b57ec8-6184-4869-aad9-199016a75174,come-far-comportare-bene-mio-figlio,1deff2d4-ae54-4da0-821b-c345d92f02b7,how-to-help-your-child-behave-well,3dbd752dba41024f,ok,,2992,684,0.00513,2026-04-19T02:23:46.714175
retranslate-20260419-v6,72e827da-51d3-44de-9a5a-7d08d4a9c868,mia-sorella,6b10421b-a2ae-4c11-a455-ec24d8a2a07e,my-sister,0cbf4d4ad33c1c2a,ok,,2990,666,0.005056,2026-04-19T02:23:53.494199
retranslate-20260419-v6,72bd7def-3c73-4250-b8d5-72791982868e,dialogo-aperto-n-9,b99211b7-00c3-4a67-a2fa-e01ef2db8dfb,open-dialogue-no-9,83e238daf28b91bb,ok,,3745,1253,0.008008,2026-04-19T02:23:47.626933
retranslate-20260419-v6,72f15ac4-0c10-42b6-822a-06fa2d71ce9e,benedetta-baglioni,0b5053c0-b57a-4584-8cb6-96bc3ad2df42,at-baglionis-concert-which-doesnt-feature-tozzi,52da192a72de6712,ok,,2909,702,0.005135,2026-04-19T02:24:00.590185
retranslate-20260419-v6,72ffa9cb-8d11-43a4-9a83-65d60b2e5e0e,invasioni-rumene-non-barbariche,8a2f100a-2553-46a5-b4fa-88675e31bb4e,romanian-invasionsnot-barbaric-at-all,067ba397943d2fa7,ok,,3100,775,0.00558,2026-04-19T02:24:02.598359
retranslate-20260419-v6,730f1727-9a01-4770-ae10-5648fa0cb43a,le-donne-e-gli-uomini-della-seconda-fila,133a08f5-b087-41f3-944d-c11fbb80b578,the-people-behind-the-scenes,5e900756c1ac1b66,ok,,3188,881,0.006074,2026-04-19T02:24:06.410594
retranslate-20260419-v6,732dac2a-0779-483e-890c-790ffd581359,questionario-per-i-fratelli-e-sorrelle-di-persone-con-disabilita,9983a2ef-78e4-493f-b90a-5fcdb6457dd9,a-message-from-siblings-of-people-with-disabilities,79d9b973a153a03a,ok,,2848,663,0.00493,2026-04-19T02:24:15.511441
retranslate-20260419-v6,731e5b9b-864e-411a-98eb-a868123b2348,dialogo-aperto-n-5,500bd46f-7a98-4454-a854-b371b4ea47d4,open-dialogue-5,e5f2389d305bcf36,ok,,4242,1623,0.009886,2026-04-19T02:24:12.395030
retranslate-20260419-v6,735a305d-5982-48f2-ab26-b2e249b73b8c,notiziario-fede-e-luce-n-14,53fbbdb5-314d-4b63-8110-2898c0b92fe4,faith-and-light-newsletter-no-14,9783ef3ebb6cb66e,ok,,5565,2478,0.014364,2026-04-19T02:24:20.866536
retranslate-20260419-v6,736f7df3-b289-49c8-a5af-bcbf63a9e017,dedicato-ai-bambini,32f447a6-fc18-4ec5-acea-931a8988cac2,for-the-children,d31650306fc4d3b9,ok,,4403,1852,0.01093,2026-04-19T02:24:32.122834
retranslate-20260419-v6,73704c51-e038-4566-81ad-9ede4f0ee098,e-la-luna-mi-guardo-recensione,1da6910f-a4db-48c0-bb29-0963d932e6eb,and-the-moon-looked-down-on-mea-review,08bd14fef7f201e8,ok,,2348,227,0.002786,2026-04-19T02:24:55.859274
retranslate-20260419-v6,739aea91-911f-4329-9d99-efc7e5f0a39e,che-devo-fare-di-piu,2b960f44-68a8-4e64-ab08-81790b3da6c6,what-more-could-i-do,6d7d2c3e498fc43a,ok,,2753,565,0.004462,2026-04-19T02:24:58.712106
retranslate-20260419-v6,7399c283-a6be-40f3-89ae-5d3edb1a2a44,un-hamburger-fatto-bene,7481e85d-6666-426e-a01f-a6bcb64e7d63,a-good-hamburger,3e83c1518ec6cfde,ok,,4152,1414,0.008978,2026-04-19T02:24:56.368068
retranslate-20260419-v6,73bdaaab-1587-4ec0-bb67-5791e9cf77b0,ho-votato-no,1b76ae8c-644e-4657-9dec-0f058e1ca389,i-voted-no,506626e25ee305ca,ok,,3045,763,0.005488,2026-04-19T02:25:14.436548
retranslate-20260419-v6,73b1997f-250c-4557-8146-0e7f6f3f211c,visitiamo-con-maria-laura-il-c-b-i-m-c-centro-belga-per-infermi-motori-mentali,eb94ef25-5554-4c7d-a8d8-4354ca2b3d54,a-visit-to-the-belgian-center-for-children-with-cerebral-motor-disorders,958f70cfe6f4a89b,ok,,4208,1441,0.00913,2026-04-19T02:25:04.431383
retranslate-20260419-v6,7403c3be-1c5b-4aa4-9c75-caea4a3ffcb9,invertire-addendi-tandem,68cfad04-e3fe-41df-979b-89f40956f72e,rewriting-the-problem-how-a-father-and-son-found-joy-on-two-wheels,395d2e95985422e4,ok,,3791,1277,0.008141,2026-04-19T02:25:22.857465
retranslate-20260419-v6,741d6a17-7d30-4b1f-9d55-4afa209f5baa,padel-una-parola-che-non-si-capisce,f9db7093-66de-4744-b189-8223d2b9e8a8,padel-a-word-that-makes-no-sense,b7b3d66fe7811845,ok,,2765,586,0.004556,2026-04-19T02:25:38.430658
retranslate-20260419-v6,7434ba9e-2fce-4393-b1da-ac0fc747c667,a-parlare-non-ci-si-annoia-soprattutto-a-cena-insieme,a4b96c83-774b-4d53-8d44-1ec0125a141a,dinner-conversation-never-gets-boring,b94302ca845bebae,ok,,2951,748,0.005353,2026-04-19T02:25:44.401602
retranslate-20260419-v6,74399959-a451-4507-9296-36d1b9a5064e,dialogo-aperto-n-134,4323f0c6-cfea-4f80-b7f0-47d7692b812c,open-dialogue-no-134,6c58074d2e315b0e,ok,,2703,532,0.00429,2026-04-19T02:25:50.271383
retranslate-20260419-v6,7449a506-298e-4fb1-a4f9-c9f8531d282e,tutti-sulla-strada,2f1fecc0-18d2-4aed-872d-c7b13d1203da,all-on-the-road,8923d10451f29f39,ok,,3090,784,0.005608,2026-04-19T02:25:55.647577
retranslate-20260419-v6,7452dc4d-57a9-4246-853f-6ea5d34837eb,dal-convegno-allimpegno,0e452a72-038c-4e56-a7f9-e3edb88f2ead,from-conference-to-commitment,42f3be597d023b68,ok,,3798,1344,0.008414,2026-04-19T02:26:03.690426
retranslate-20260419-v6,7454891a-94f3-4cd4-98c7-991b3dad5b67,intelligenze-prigioniere-intelligences-captives-jacqueline-baillod,e680a2a1-7304-41a9-a1a2-5c7f3129c78a,captive-minds-jacqueline-baillods-testament-to-children-with-cerebral-palsy,8a46a74623eea83e,ok,,3463,1075,0.00707,2026-04-19T02:26:20.048330
retranslate-20260419-v6,746776a7-3acc-4eb4-abbd-2341a3b26e3a,non-ho-paura-perche-sono-lamica-del-cuore-di-sara,88176892-2e35-4d01-a51a-4b488f91dff4,im-not-afraid-anymorebecause-sara-is-my-best-friend,5c1d1a272d1b3238,ok,,2772,593,0.00459,2026-04-19T02:26:32.049738
retranslate-20260419-v6,746e8789-d6eb-40dc-b2b9-370f3b186741,vocabolario-alcuni-termini-per-capire-meglio-lhandicap,cadafb53-815e-488e-9fda-0bb6441c2efa,vocabulary-understanding-disability,c50a013e1bd5a162,ok,,3230,808,0.005816,2026-04-19T02:26:38.267472
retranslate-20260419-v6,747d5acf-1541-4200-8843-61078e6a9a1b,per-una-giusta-rappresentazione,b7e26912-cdf5-4c27-b3e4-d02ed12000c5,getting-disability-right-on-screen,edcafc77beb4c108,ok,,3330,881,0.006188,2026-04-19T02:26:45.979694
retranslate-20260419-v6,74900990-263e-44f7-b479-f0b4fc45808a,ma-costanza-danza-col-vento,2352f31a-9029-4a6a-9a3c-e89b08338449,but-costanza-dances-with-the-wind,3a0dc25f91263e09,ok,,3478,1132,0.00731,2026-04-19T02:26:56.238891
retranslate-20260419-v6,73be811d-93fb-4092-af89-e81dd84f2cf3,dialogo-aperto-n-139,d369c59d-0c70-4955-8398-bf53d1c1f64e,open-forum-139,b456876aef7162db,ok,,5925,2747,0.015728,2026-04-19T02:25:20.063249
retranslate-20260419-v6,74c8e384-e38f-4344-80bd-f781110d7f4f,un-giardino-per-ofelia,baf28127-69de-4c1f-84aa-5b16c4c67dc4,a-garden-for-ophelia,90cec0d5fd212c51,ok,,3248,899,0.006194,2026-04-19T02:27:40.218394
retranslate-20260419-v6,74986486-3b0a-4c91-a888-657cb88c80ef,classe-azzurro,90541c31-118e-4dc3-8d32-29ec5bfd5fb6,the-blue-class,c2053b2bb34aebfa,ok,,4319,1597,0.009843,2026-04-19T02:27:08.935108
retranslate-20260419-v6,74cdf413-bcd2-4be9-99e8-c288357a1dae,dialogo-aperto-n-150,6a66df7e-6714-4e19-ad1c-706d9d2aa984,open-forum-150,fd350ad38ffd8b53,ok,,3149,786,0.005663,2026-04-19T02:27:58.242991
retranslate-20260419-v6,74cdb30b-169e-4317-b4a2-f865e7f43252,christopher-nolan-sotto-locchio-dellorologio,1b95d37a-c763-4372-bc66-8e437dcb01a2,beneath-the-clocks-eye-review,66982706fdcaf61a,ok,,4299,1582,0.009767,2026-04-19T02:27:50.029827
retranslate-20260419-v6,74eb0674-50c2-4aa1-99f3-364fc952b904,isolamento-infranto,96c9464d-6fa7-4515-a841-ca005cd915b8,breaking-through-isolation,cd4b5d2ac6966174,ok,,2840,550,0.004472,2026-04-19T02:28:07.048120
retranslate-20260419-v6,7502744d-5d93-4257-bc37-0806487f91eb,spiegare-la-disabilita-agli-studenti-del-liceo,bf9d0763-8f99-4d7c-a304-a4d8639e975d,teaching-high-school-students-about-disability,1bf2123298b68aed,ok,,3321,757,0.005685,2026-04-19T02:28:10.365241
retranslate-20260419-v6,752e7118-6b2c-4e9a-bd75-d9455b0e7a0e,per-vivere-bene-con-le-persone-anziane,5e16f350-a3a5-4a5f-b025-3b8549e9b801,living-well-with-aging-people,2d0d424aa40922f9,ok,,3320,803,0.005868,2026-04-19T02:28:12.489684
retranslate-20260419-v6,752f2dd6-8cf9-43c7-851a-90ea5fac798b,se-la-scuola-dellinclusione-mi-ha-insegnato-il-pensiero-critico,594a3f09-c7b9-446c-abf2-6a1604880d18,inclusive-schools-taught-me-to-think-critically,7306d2af085e134e,ok,,2638,397,0.003698,2026-04-19T02:28:19.025173
retranslate-20260419-v6,7552fcb8-056a-4373-bed9-08aabcbc4121,ho-deciso-di-prestare-la-mia-voce,b1f3d521-daa2-4e08-9a01-7fc980798bcf,ive-decided-to-lend-my-voice,21409f4a9c77d8da,ok,,3028,729,0.005338,2026-04-19T02:28:23.339249
retranslate-20260419-v6,75316db0-2b7d-4de5-a268-1171018f832a,giovani-eroi,b70dfa1e-9509-4fd7-907e-28e8f58edbd8,young-heroes,6b0d09060c5ef7d1,ok,,3172,814,0.005794,2026-04-19T02:28:22.460383
retranslate-20260419-v6,7568bd57-94f8-4d9e-83bc-cb3ac02f5966,card-martini-alla-comunita-fede-luce,ebe227ed-e7c6-46b2-9f1d-8b1c09cd1229,cardinal-martini-addresses-the-faith-and-light-communities,6d4c5d14f1c24717,ok,,3461,1060,0.007009,2026-04-19T02:28:30.641103
retranslate-20260419-v6,75787ec2-bb87-4a4d-85a0-75020d1e483a,vacanze-si-perche-no,fd886f1d-e255-4763-a2a9-04c18e81455c,why-not-take-a-vacation,b11f642b299236f0,ok,,3437,1019,0.006826,2026-04-19T02:28:31.704382
retranslate-20260419-v6,758738e7-fe46-4c4f-8214-1353d2440adf,tempi-nuovi-campi,e4282234-6c67-46a1-9a22-d96b9070aa2f,a-new-shape-for-summer-camp,e79d75b82885c20d,ok,,2785,586,0.004572,2026-04-19T02:28:43.671429
retranslate-20260419-v6,7588ca6e-bd3e-42ae-a1e0-53cecf716e9b,una-scuola-su-misura,7f86832b-8f92-4d43-8bd6-a9ddcf7d6345,school-made-for-every-child,e10d9ff8bcc82bdd,ok,,4737,1836,0.011134,2026-04-19T02:28:51.363476
retranslate-20260419-v6,758524ac-a2da-4c0e-8d21-adcc3e72655e,vita-fede-luce-n-15,3fa1256c-0efd-4fe6-ac23-fda65308f06f,life-in-faith-and-light-no-15,deb344c6e35e5baa,ok,,5949,2776,0.015863,2026-04-19T02:28:40.054749
retranslate-20260419-v6,75917fad-1b73-4f35-b49e-c9cfc954aaaa,pizza-suppli-e-bibita-a-7-euro,3372801d-f300-41aa-b056-b7132c4e2ccd,pizza-suppli-and-a-drink-for-seven-euros,dc049e44ba919df5,ok,,2900,602,0.004728,2026-04-19T02:29:17.632630
retranslate-20260419-v6,759a28e5-5a89-40d7-bb8c-4cd1c80e61a7,elena-e-il-mistero,025def1c-62fe-4f49-9d7b-46abc4ac26d9,elena-and-the-mystery,1184b8e1f3a91a13,ok,,2609,444,0.003863,2026-04-19T02:29:21.002197
retranslate-20260419-v6,759fc91d-4c81-4a3b-9d81-eca82e6390ac,grazie-san-francesco-venuto-camminare-con-noi,1fe1fdbe-a404-40d6-902d-3fab90dae7a5,thank-you-saint-francis-for-walking-with-us,7da12d744baf2da5,ok,,2970,680,0.005096,2026-04-19T02:29:23.430062
retranslate-20260419-v6,75ba2cf9-1783-4dc2-ba9f-4c708c740e60,rosa,5c5c3a53-e2de-4e37-b131-4e01e2f9c137,rosa-75ba,6b3b3f3c8ccfb4e9,ok,,2838,554,0.004486,2026-04-19T02:29:25.689765
retranslate-20260419-v6,75bfb01f-9358-45db-8e8d-f30e58e94775,non-possiamo-restare-dei-peter-pan-a-vita,055190b3-5d28-4bf8-9eef-691cb5fc0485,we-cannot-be-peter-pan-forever,992491b741ab8890,ok,,3014,711,0.005255,2026-04-19T02:29:29.370487
retranslate-20260419-v6,75c16576-9aac-48a4-ba6f-6bbbd5641c78,la-scuola-elementare-di-gianluca-e-vera-socializzazione,c2cce06b-34b2-4e7c-a542-0aa9f9f56713,gianlucas-elementary-school-is-it-real-integration,6b9499d2aa315681,ok,,3177,856,0.005966,2026-04-19T02:29:31.368782
retranslate-20260419-v6,75e48847-ab27-4587-bcad-221e4d767717,alla-fine-qualcosa-ci-inventeremo-che-ne-sara-di-mio-figlio-autistico-quando-non-saro-piu-al-suo-fianco-recensione,60f57a7e-f0e0-4d70-826a-6dd9bb833df9,what-will-become-of-my-autistic-son-when-im-gone-a-review,be5e62ea5f0842ae,ok,,2598,443,0.00385,2026-04-19T02:29:40.265395
retranslate-20260419-v6,75e68114-8aa3-4f31-9c32-1c84987c7927,perche-proprio-a-roma-il-pellegrinaggio-del-1975,7b5fe536-316c-4586-ba21-8b923edde8bc,why-rome-for-the-1975-pilgrimage,cb79536ceebe1a75,ok,,2858,672,0.004974,2026-04-19T02:29:44.990105
retranslate-20260419-v6,76059b3a-c3fb-4aa6-86a3-56c3a5e99524,vite-straordinarie,444deebc-018b-4139-a164-37ed746ee536,extraordinary-lives,0a4b13db545b52ce,ok,,2828,562,0.00451,2026-04-19T02:29:49.988336
retranslate-20260419-v6,75e228fa-1052-4d00-b0f5-79652681c625,il-calcio-sociale-come-palestra-di-vita,f29abf41-6866-4d1f-9008-80301e5be7bb,football-as-life-training-the-calciosociale-model,29a7854db9c3c45d,ok,,4554,1719,0.010519,2026-04-19T02:29:35.913133
retranslate-20260419-v6,76277c1a-7a24-40a1-b7a0-98236958b873,blessings-tutto-diventa-benedizione-estratto-dal-libro,30882764-9dbc-45a4-bc5b-044f1b4ffe7e,blessings-when-everything-becomes-a-blessing,50daf0e7c51f2b42,ok,,2900,635,0.00486,2026-04-19T02:29:58.885546
retranslate-20260419-v6,760d7de3-fae7-4b07-ab2d-e942d7202e27,risultato-dellinchiesta-aiutaci-migliorare-ombre-luci,59d9e280-e519-41e3-b840-af5441fd9379,help-us-make-ombre-e-luci-better,4597ca0724227480,ok,,3627,1435,0.008642,2026-04-19T02:29:56.581160
retranslate-20260419-v6,76449755-dff3-4129-b3e4-004784eb90dd,di-gol-e-di-companatico,372fc996-5fe9-4768-8020-2572a52b5c4a,goals-and-bread-shared,71eade104623bcae,ok,,2927,680,0.005062,2026-04-19T02:30:04.626110
retranslate-20260419-v6,765bf120-78e2-45bf-98ae-a9e4ed108493,per-tutte-le-sabine-del-mondo,96bcdcff-8fbd-403a-8679-d32e5fc17414,for-all-the-sabinas-of-the-world,347354570bad4b89,ok,,2754,568,0.004475,2026-04-19T02:30:07.117164
retranslate-20260419-v6,7663a046-aea0-4d1b-9ff0-bcd3b00b3b5d,gli-errori-di-mamma-e-papa-guida-pratica-per-non-sbagliare-piu,1673611c-0f99-458e-9b86-359365523e79,when-parents-get-it-wrong-a-practical-guide-to-breaking-bad-habits,15eb40c86d2ed69d,ok,,2453,320,0.003242,2026-04-19T02:30:11.080588
retranslate-20260419-v6,767943e0-83ae-4230-bb41-3ec86adaaaec,sapersi-meravigliare,94061330-2091-4501-9f84-b3ecbf5838d6,the-art-of-wonder,888de780db709b52,ok,,3367,946,0.006478,2026-04-19T02:30:11.680819
retranslate-20260419-v6,769ab90d-c53f-4d49-91b4-00cc2ba494d9,vita-delle-province-n-152,f8a6817c-45a5-45b9-bfe3-6738034f55eb,life-in-the-provinces-issue-152,849eed3a509f4196,ok,,3288,915,0.00629,2026-04-19T02:30:14.691455
retranslate-20260419-v6,769dc8c5-24b2-4950-9134-94aaaed1f407,il-tempo-libero-e-davvero-libero,e9f67c11-7f97-4701-9c78-4a45f726ca61,is-leisure-time-really-free,83baf9e0997a67da,ok,,2701,492,0.004129,2026-04-19T02:30:22.663614
retranslate-20260419-v6,76a779fa-9742-4c52-9e15-e2c0f6d2f024,in-preparazione-del-pellegrinaggio-internazionale-a-lourdes-pasqua-12-16-aprile-2001,7bda6f27-ec70-41ae-9d4b-d82e19cb3265,international-pilgrimage-to-lourdes-for-easter-april-1216-2001,e0964e29552266c5,ok,,2316,241,0.002817,2026-04-19T02:30:28.276393
retranslate-20260419-v6,76a625e5-9627-4c67-871b-545f7700be6f,dialogo-aperto-n-153,5d63f7bb-ce84-4921-bbca-053cf5a0214c,open-dialogue-no-153,5ec3fc5a4604545f,ok,,3088,797,0.005658,2026-04-19T02:30:23.934327
retranslate-20260419-v6,76bf49f9-2b41-4cc5-b11c-0e8f19f35c4d,il-dono-e-la-citta-recensione,09539d60-96bd-400d-b487-b10281b15226,the-gift-and-the-city-review,02c1f15d71eef405,ok,,2399,271,0.003003,2026-04-19T02:30:30.922838
retranslate-20260419-v6,76ac2032-852c-4f8b-b3ea-f11c3c864792,merry-christmas,d3b53fd1-fb4b-4a1a-8ca2-af901773efa0,merry-christmas-76ac,28df22d0093ae08c,ok,,3030,712,0.005272,2026-04-19T02:30:30.892869
retranslate-20260419-v6,76e4f985-cad7-4ac1-ae01-9b02d2aefb2d,teresa-venti-anni-cambiamenti-disabilita,e99313bf-f7a3-4b3f-9088-a7171fe08e5c,teresa-twenty-years-of-changing-attitudes-toward-disability,c0ff18460d375910,ok,,2828,619,0.004738,2026-04-19T02:30:33.904025
retranslate-20260419-v6,76ebf835-3c18-46d5-82cf-5969954a7ddf,il-teatro-e-gioco-e-nel-gioco-non-si-smette-mai-di-crescere,a7bebfc6-6db9-40ea-b639-8c735939588e,theater-is-playand-in-play-we-never-stop-growing,cb6adb56f2a93119,ok,,3340,878,0.006184,2026-04-19T02:30:37.658895
retranslate-20260419-v6,77143d91-1857-4703-b8dd-054abce0dd20,viola-e-mimosa-desaparecida,7b399ebc-7ce7-41b4-8316-9be7ccfe8c8d,viola-and-mimosa-disappeared,3b9f8f67b3a4bd10,ok,,2855,653,0.004896,2026-04-19T02:30:57.699817
retranslate-20260419-v6,7716e918-9be2-4271-9598-ff6e5fb5f31d,oltre-la-cronaca-vicini-al-quotidiano,94b816a7-7967-4e4e-9300-669ce9f295f8,beyond-the-headlines-living-close-to-ordinary-life,20a879e98552564f,ok,,4128,1512,0.00935,2026-04-19T02:31:03.893996
retranslate-20260419-v6,77355c68-68bd-4cbe-b577-a966fe30d10d,special-olympics-a-montecatini,3a248cc6-b574-4a48-904b-9230e522330b,special-olympics-returns-to-montecatini-june-49,f78bf528c05fa083,ok,,3714,1073,0.007263,2026-04-19T02:31:22.084267
retranslate-20260419-v6,77120232-0532-4536-b3cc-27593b727717,messe-le-basi-e-tempo-di-ricostruire,73336faa-254c-4a58-8f5d-62c743223034,the-foundations-are-laid-now-we-rebuild,ca494c3fe503392b,ok,,5567,2502,0.014462,2026-04-19T02:30:57.656219
retranslate-20260419-v6,7768221b-ce1f-408e-a7b7-048153907976,solo-un-trattino,b450375b-324b-4a43-95b5-155f2c669bc7,just-a-line,8a667b35d11d93fe,ok,,2697,490,0.004118,2026-04-19T02:31:36.803541
retranslate-20260419-v6,773a6b77-2b0f-47ff-a6bf-337f918f969f,il-pittore-che-aveva-capito-tutto,b06923fc-23d9-419d-9d82-c32b80dabe2b,the-painter-who-understood-everything,25c1bf90c49e6a9a,ok,,3266,918,0.006285,2026-04-19T02:31:33.837920
retranslate-20260419-v6,77bf8029-f819-448a-8797-7557199d46ea,puo-un-gesto-essere-cosi-significativo,fb9e6231-8857-4038-a341-86c4445346ca,can-a-single-gesture-hold-so-much-meaning,e246e4b61367f71e,ok,,2919,666,0.004999,2026-04-19T02:31:42.423296
retranslate-20260419-v6,77c04fbd-425b-4846-8923-3cc061109ea6,la-nuova-legge-sul-dopo-di-noi-cosa-dice,a90522e9-f823-419d-a9f4-c50432db0a88,the-new-after-us-law-what-you-need-to-know,59de361fdedee5d3,ok,,3943,1136,0.007698,2026-04-19T02:31:48.234772
retranslate-20260419-v6,77a2cae7-654c-4178-85c3-4498cc2bd223,tecniche-di-recupero-per-i-disabili-gravi-la-socializzazione,5d71c42b-6cf2-47b5-973c-2a9f38cc2a26,recovery-techniques-for-the-severely-disabled-the-role-of-socialization,8949f364c5598842,ok,,4633,1707,0.010534,2026-04-19T02:31:41.940686
retranslate-20260419-v6,77c75e2b-9342-43a1-ba52-18806da87487,schizzo-estemporanea-realta-recensione,e53453dc-c0d6-4ac0-9530-34efaa20cb84,sketch-fleeting-reality-book-review,fe7e43e3e7455f86,ok,,2387,274,0.003006,2026-04-19T02:32:04.170938
retranslate-20260419-v6,77c1c5b6-e063-4ea0-a359-b361408be0f5,paola-e-venuta-ad-abitare-con-noi-comunita-nicodemo,108571d5-b00a-4a4f-a301-29ccd50c3fd8,paola-came-to-live-with-us-comunita-nicodemo,e311f656581636d0,ok,,5041,2207,0.012861,2026-04-19T02:32:03.772566
retranslate-20260419-v6,77d00171-f953-456f-bc3d-659861294180,bicocas-got-talent,99c53e7b-2dff-40bf-b4f9-2b5b14cf971b,bicocas-got-talent-77d0,be640620b38c8c1f,ok,,2715,537,0.00432,2026-04-19T02:32:33.554118
retranslate-20260419-v6,77cf28d6-0e09-4582-a5fa-5b916e3aacdb,lamniocentesi-di-stato-e-la-grande-colpa-di-noi-madri-selvagge-recensione,760008dc-1021-4e2b-8b67-abdc9dbd3e1e,state-mandated-amniocentesis-and-the-guilt-of-wild-mothers-a-review,aedf07bd04140672,ok,,5529,2511,0.014467,2026-04-19T02:32:07.175298
retranslate-20260419-v6,781c4a9c-f4b7-4ca2-9ad8-bf076301dfcf,andrea-a-scuola,3203844e-7284-47ab-a183-7b045eb2928e,andrea-in-the-classroom,d7bb053eb92471a0,ok,,4404,1465,0.009383,2026-04-19T02:32:44.760333
retranslate-20260419-v6,77e5900e-b7c5-4f3a-9af2-71d76094c971,bloccati-nel-sogno,5e6f3967-281c-4aab-b7ca-0f848ca6958a,trapped-in-the-dream,9e316b9ce81ebba9,ok,,5675,2352,0.013948,2026-04-19T02:32:39.525890
retranslate-20260419-v6,781d22b0-9b86-4452-bf4c-b77aaa75d5da,dialogo-aperto-n-111,74af4980-5d3b-4ece-9dad-c7660f6aa323,open-dialogue-no-111,40ae792bca6d9f4e,ok,,3747,1197,0.007786,2026-04-19T02:33:04.149768
retranslate-20260419-v6,783eabb0-7ff4-4574-aef3-52b362adbfb0,il-ragazzo-che-amava-shakespeare-recensione,dbfcf231-e511-4b55-a612-0bd8c6604a3a,the-boy-who-loved-shakespeare-book-review,6426f22403551282,ok,,3021,720,0.005297,2026-04-19T02:33:13.304854
retranslate-20260419-v6,784defec-962f-42b7-815e-a341cdf6744d,psicopatologia-e-vita-spirituale-sofferenza-e-maturita-umana,ca8a7b8a-c310-4a9a-b9cc-d6e48b582ff1,psychopathology-and-spiritual-life-suffering-and-human-maturity,e1c8dcb90972511e,ok,,2829,589,0.004619,2026-04-19T02:33:18.967730
retranslate-20260419-v6,787b6eeb-7599-4bc8-ac8d-84dcbb62ef6c,ziguli-recensione,aee0ee8d-713f-4691-844c-04ad892f5278,zigulia-review,ac77b4a251eb803e,ok,,2800,596,0.004624,2026-04-19T02:33:20.720359
retranslate-20260419-v6,788fb02b-77b1-48fc-8c13-885bd1f7d1eb,cinquantanni-di-pellegrinaggi,a2753d26-c96b-4875-94e9-c55733dfaeb5,fifty-years-of-pilgrimage,d64236f88060d962,ok,,2790,513,0.004284,2026-04-19T02:33:25.159635
retranslate-20260419-v6,78977391-49ff-4e02-ab00-faf329277e57,recensione-quo-vadis-aida,67941951-2685-4ba7-a2dd-df0327993627,lost-in-translation,4db4252c56425b8f,ok,,2701,491,0.004125,2026-04-19T02:33:26.695551
retranslate-20260419-v6,78a7de35-8193-4269-a49c-78db2b843339,mettersi-in-gioco-la-solidarieta-secondo-silvia-tamberi,bdfc5600-a2e4-4656-9571-d92b718f4375,the-risk-of-solidarity-silvia-tamberis-vision,807cbe9c270ea372,ok,,3113,757,0.005518,2026-04-19T02:33:31.413646
retranslate-20260419-v6,78ad5926-76db-4eb7-bc03-d77a4dd7901e,il-figlio-terminale-recensione,f367dfd4-a89f-42b8-8031-30b35a50a725,the-terminally-ill-child-a-book-review,3541243335718a1e,ok,,2400,310,0.00316,2026-04-19T02:33:39.029293
retranslate-20260419-v6,78b5768e-5a2d-45df-8d67-9bcf93bebfdb,un-figlio-sorpresa,02769c1a-1f9d-4d60-908d-907d1c48b783,the-son-we-didnt-expect,7b22ff7c7e7914c7,ok,,2645,460,0.003956,2026-04-19T02:33:42.073223
retranslate-20260419-v6,78a30b98-2849-41cd-81db-c7f00ae77170,serate-impossibili-e-una-possibilissima,601297db-1391-4d89-a7bd-be94a53ae7bb,evenings-that-shouldnt-happenand-one-that-did,755bf3becce8f862,ok,,4678,1875,0.011242,2026-04-19T02:33:30.302464
retranslate-20260419-v6,78f4fdbb-5d02-477c-a595-d69f3f61eaa0,sanremo-fin-dove-lho-visto-1,8665905f-88b1-41b6-9dc8-c2968ea1d834,sanremo-as-far-as-i-could-see-1,46aa8089d155df26,ok,,3331,936,0.006409,2026-04-19T02:33:47.215246
retranslate-20260419-v6,790e02d9-e934-4032-a334-aaca3b743fe9,dialogo-aperto-n-54,244ce886-091f-415e-9a6d-8b54394715c9,open-dialogue-no-54,2333e4b9c8335d9f,ok,,5418,2424,0.01403,2026-04-19T02:33:58.647418
retranslate-20260419-v6,7919e055-0dff-4948-b458-0bd4f57adc15,la-loro-vita-nei-film,d7f57590-85ad-4abd-b5c8-3adc20a44ba7,their-lives-on-screen,7ff402665110a26f,ok,,2756,517,0.004273,2026-04-19T02:34:34.580114
retranslate-20260419-v6,793d3ea3-5c9a-497c-8df3-e3a15b27479a,con-gli-occhi-di-un-bambino,d7148d6e-7939-4d2a-ae86-19797e3def1a,through-a-childs-eyes,a0f7efe5d9d70c58,ok,,2486,346,0.003373,2026-04-19T02:34:40.295022
retranslate-20260419-v6,79424c4e-48cc-4ba8-843c-8b6c7723939a,ombre-e-luci-n-10-1983-sfogliabile,1a615cdf-c715-4ca3-ad07-9f6268ac37ca,ombre-e-luci-no-10-1983,a41dc2a485187fb1,ok,,2083,44,0.001842,2026-04-19T02:34:44.098317
retranslate-20260419-v6,794dc47d-9d1c-4581-ad64-810ee7af10b9,acondroplasia-scheda-informativa,c773d0b3-ed35-4e04-9514-cbb5389f40cb,achondroplasia-a-medical-overview,910344c02c896374,ok,,3556,1070,0.007125,2026-04-19T02:34:45.254245
retranslate-20260419-v6,79572ee9-9bda-4ea5-92c8-ea7e376938b5,per-la-nostra-riflessione,9a287071-ed2d-44e8-bf5a-9118d4816c61,two-stories-about-cristina,a6246ffd3def0b0f,ok,,3896,1500,0.009117,2026-04-19T02:34:57.230191
retranslate-20260419-v6,7902c0b6-337d-4ee1-a645-0f8c109fba77,dialogo-aperto-n-37,794076ac-a62c-4506-bb86-4a12e5df3b4a,open-dialogue-no-37,906e1e7c5b9b2163,ok,,6280,3024,0.01712,2026-04-19T02:33:55.549343
retranslate-20260419-v6,79786739-3057-469a-81ac-ecaf1c19f81e,30-anni-chicco-dandoci-la-risposta-che-il-cuore-chiedeva,dd01d651-fcc0-46db-b1b0-f32a9ad8e013,the-chicco-at-thirty-they-gave-us-the-answer-our-hearts-were-seeking,0a5fb61a8b0ce7c5,ok,,4368,1603,0.009906,2026-04-19T02:35:14.704053
retranslate-20260419-v6,799708c3-244f-4ea1-ba0c-306a4f90e766,bibliografia-italiana-sui-disturbi-delludito-del-linguaggio,e27354d9-bf4c-4698-887a-34434ff321b7,italian-bibliography-on-hearing-and-language-disorders,10f85bf0e2c8a940,ok,,2315,213,0.002704,2026-04-19T02:35:35.886191
retranslate-20260419-v6,7996dc99-61b5-491a-ac74-ebcfe7f34996,fede-e-luce-una-grande-famiglia-del-mondo,6ffcb885-a378-4ac2-bfdd-f5fc23399496,faith-and-light-a-global-family,9cba042978000f86,ok,,3598,1326,0.008182,2026-04-19T02:35:33.777476
retranslate-20260419-v6,79a02ee5-965b-452a-8f57-9773c19f1994,argento-vivo,fad6f0be-003b-4015-a2ba-634b5b725e73,quicksilver,8f98fb73b4986edd,ok,,3601,1080,0.007201,2026-04-19T02:35:38.196486
retranslate-20260419-v6,79af6b1e-36af-4cbf-a78f-15af03c8260e,unesperienza-personale-recensione,997c2526-5b86-4edb-9b41-f5edd440edcc,bird-the-eel-becomes-a-father,5434e380c8bcea5d,ok,,2778,625,0.004722,2026-04-19T02:35:45.590583
retranslate-20260419-v6,79baa947-e65f-4fb9-9c33-ed1e1c1d3421,convegno-il-bambino-autistico,8fcfeea3-9231-4f01-8f08-2be561c343e2,conference-report-the-autistic-child,98148dc6769e8c24,ok,,3358,888,0.006238,2026-04-19T02:35:51.637675
retranslate-20260419-v6,79c1a57d-d3c6-4ece-81e3-cad45c780df4,mi-vuoi-bene-lultima-domanda,778807df-6d3b-4985-b2e1-36d311b24928,do-you-love-me-the-final-question,3ce26b2bff7fbd1d,ok,,4282,1642,0.009994,2026-04-19T02:36:01.576455
retranslate-20260419-v6,79b9e4b6-5944-477f-9366-a85fdf8d35e3,viaggio-a-parma-del-1976-unesperienza-di-gioia-condivisione-e-scoperta-con-fede-e-luce,79257fe0-39ee-4ade-9525-864082df4b7a,journey-to-parma-1976-joy-friendship-and-discovery-with-faith-and-light,27ab3922f67c741a,ok,,5741,2706,0.015417,2026-04-19T02:35:51.270323
retranslate-20260419-v6,79f0e2fb-f2e9-40de-82ed-1ae074153819,lo-sapevate-che,4e5999de-7290-4de5-8485-a43693d6c53e,did-you-know,da104fb0fa8653e8,ok,,2817,583,0.004586,2026-04-19T02:36:34.148213
retranslate-20260419-v6,79e11a75-0f9e-4d21-a06b-35875e2cd604,newsletter-n-12-il-racconto-di-un-intero-paese,acd03344-77ef-42d4-8f63-0a3e02ee9402,newsletter-no-12-a-whole-countrys-story,b21659a2e01775fe,ok,,4608,2119,0.012162,2026-04-19T02:36:20.851033
retranslate-20260419-v6,79f65629-f27b-40be-bf41-bf17b22c3423,una-buona-scuola-damore,dcafa241-d56d-4e9e-bcf2-29b9eb8b433d,a-school-of-love,ef9f87b14384d4aa,ok,,5348,2174,0.012974,2026-04-19T02:36:39.828891
retranslate-20260419-v6,79fde51f-556e-4104-8912-ae7511c57478,cosa-so-dei-social-e-cosa-ne-penso,a9df124f-edb2-40ca-ba30-72258fd22c33,what-i-know-about-social-mediaand-what-i-think,dc4115376d383f41,ok,,5108,2055,0.012306,2026-04-19T02:36:43.531393
retranslate-20260419-v6,7a0fc4d6-cefa-40e3-bc86-969fc2a8919f,almond-come-una-mandorla-recensione,4bce7e35-4cfa-4e4e-832d-7e9dd29214b3,almond-a-novel-of-emotional-awakening,34470623e475da15,ok,,2456,300,0.003165,2026-04-19T02:37:14.439046
retranslate-20260419-v6,7a0c4438-41d9-4f43-8529-a01546a0d424,perche-cambiata-la-mia-vita,4d976085-d750-49e0-a313-b7602ea38765,how-fede-e-luce-changed-my-life,e82c4e419722f02d,ok,,3736,1255,0.008009,2026-04-19T02:37:08.708317
retranslate-20260419-v6,7a395ce2-9825-4920-bc13-d137395e87da,e-nato-un-bambino-down-guida-per-i-genitori,1efae921-3d84-4540-8f77-d30d28fadad0,a-child-with-down-syndrome-is-borna-guide-for-parents,83fb2b7e10211a78,ok,,2627,362,0.00355,2026-04-19T02:37:24.359846
retranslate-20260419-v6,7a1de8cc-cd34-4acd-8f32-8249a3ea5105,una-radice-e-delle-ali,d454a186-7a43-40da-afda-32f4d5fb4b23,roots-and-wings,2681338f135f788b,ok,,3659,1102,0.007335,2026-04-19T02:37:17.672285
retranslate-20260419-v6,7a50613a-15fe-4b4e-a71a-13ff69f9ca87,segni-recensione,7d0bf3ce-9982-445b-b71b-dc42819ebc33,signs-a-review,9d84d78d1e12cdc0,ok,,2691,497,0.004141,2026-04-19T02:37:29.258561
retranslate-20260419-v6,7a68b393-450e-4f4b-aab5-05419ec3083c,gennaio-2003-trosly,8fec1b69-aacb-41bb-98d1-ce343236aafb,january-2003-trosly,68883606cba48548,ok,,2455,340,0.003324,2026-04-19T02:37:33.878899
retranslate-20260419-v6,7a6bb820-5e41-4ac7-9f08-a66ada89a736,amare-un-errore-patricia-bauer,b4eb1c31-bf92-4be2-8c37-c7f36d488f15,loving-a-mistake-an-interview-with-patricia-bauer,e777dc10debb08d0,ok,,2713,433,0.003902,2026-04-19T02:37:36.687567
retranslate-20260419-v6,7a929f97-052d-4fb6-be8c-7aff53a73a79,noi-due-siamo-uno-recensione,c11c9b60-124a-4094-ae64-d526f6825050,we-two-are-one-a-review,545fabe3f2d1a6b0,ok,,2519,392,0.003583,2026-04-19T02:37:41.706941
retranslate-20260419-v6,7a589019-c1ec-4698-b82a-5910fa3e4b3f,centro-artigianale-di-bastia-umbra,784198ae-bfc2-4d15-9a73-e8bfbee0c847,the-craft-workshop-of-bastia-umbra,0140a1f44d0936d5,ok,,4474,1558,0.009811,2026-04-19T02:37:31.736860
retranslate-20260419-v6,7aa9e578-67d9-49f7-902a-e4593b805c40,tra-i-vicoli-di-napoli,8ecea912-be13-4642-9474-bc90e93b7d9b,in-the-alleys-of-naples,d778e17a4bd14509,ok,,3522,1010,0.006858,2026-04-19T02:37:45.522305
retranslate-20260419-v6,7ab400e9-1b00-4797-8217-16a82bb5cf77,i-fraticelli,d782804f-ecf7-49d2-8600-44e98175699e,the-little-friars,6206698cbcfe3813,ok,,2952,691,0.005126,2026-04-19T02:37:57.603929
retranslate-20260419-v6,7ac03064-3ac9-42c0-bc74-f632c9028a69,quel-pezzo-di-storia-che-non-puo-mancare,ea907191-48a7-4d65-9241-f967a41e3ece,a-story-we-cannot-ignore,a0910c30314f5dbb,ok,,2147,101,0.002122,2026-04-19T02:38:04.581904
retranslate-20260419-v6,7aac526b-d91e-41cd-b0ad-ade4e856557f,margherita-ricordi-mi-chiedesti-lane-di-colori-diversi,e3fbd8f0-2cce-4ca6-ba02-afc889da41e0,margheritado-you-remember-you-asked-me-for-wool-in-different-colors,c8a19c098cbe7242,ok,,3869,1244,0.008071,2026-04-19T02:37:50.802982
retranslate-20260419-v6,7ae2cd4b-ea97-4d85-b0fe-d909369493df,un-prete-balordi,60cfad5d-30af-4493-ad68-a8f66c6655db,a-priest-among-the-forgotten,3e32dc7a1407afa4,ok,,2412,303,0.003142,2026-04-19T02:38:07.803030
retranslate-20260419-v6,7b0b5708-2a0e-47d5-b008-e60648f9bdab,natale-del-mio-cuore,3f71c850-089b-4e55-bd7e-7b260093267d,christmas-in-my-heart,24374a02c9e81b3c,ok,,3413,1016,0.006794,2026-04-19T02:38:11.538258
retranslate-20260419-v6,7aced81b-ef57-44ad-bbc3-f608e8a27dec,autismo-che-fare-per-questi-figli,67b5ddf4-68b7-4b09-9039-50b9e8ff6f18,autism-what-families-need-to-know,2ba723c9bc00569e,ok,,4604,1460,0.009523,2026-04-19T02:38:06.386176
retranslate-20260419-v6,7b6405bc-908a-4ce8-898f-b92ca11d4e18,mr-rain-e-lda-sono-uno,0d135a40-cfc6-47fa-ad7b-fc930d553292,mr-rain-and-lda-are-one,d7a90e52de3d174d,ok,,2954,740,0.005323,2026-04-19T02:38:26.430373
retranslate-20260419-v6,7b2c69e3-dff9-4242-9851-0a84681823f3,e-se-essere-sordi-fosse-un-superpotere,7da570aa-7c9e-49eb-a40f-8f1229b12632,what-if-being-deaf-were-a-superpower,7729e3de1cb07beb,ok,,3493,1104,0.00721,2026-04-19T02:38:21.678603
retranslate-20260419-v6,7b6b6727-3aaa-4787-be86-890c749c7956,non-avrei-mai-pensato,95b78d76-0104-4022-8367-7ffe48c084a0,i-never-thought-he-would-have-friends,5d31fb20385ed669,ok,,2785,574,0.004524,2026-04-19T02:38:32.838276
retranslate-20260419-v6,7b778942-e516-4b7b-b71a-cee8c9b92371,ci-hanno-scritto,0f883140-8d9e-40c6-87f5-a13d5c3d1dd9,letters-from-our-readers,90b2e91e93d3471a,ok,,2917,721,0.005218,2026-04-19T02:38:34.493783
retranslate-20260419-v6,7baa46dd-46c5-4833-a65a-54ae68d2b370,lo-shock-della-diagnosi-prenatale,2dc1543f-3941-4d24-9c3e-1c2445086280,when-prenatal-diagnosis-becomes-a-crisis,7ae29275e6169e13,ok,,2734,500,0.004187,2026-04-19T02:38:38.321682
retranslate-20260419-v6,7bc024a2-186a-42b0-8268-57c154309eb4,altri-figli-consigli-per-genitori-bambino-disabile,7a326491-0157-4b79-ae95-045a8c26bb85,what-about-the-other-children,5fe4e22503cd5f07,ok,,2643,471,0.003998,2026-04-19T02:38:41.463771
retranslate-20260419-v6,7bce5e93-74f3-49ed-90c8-b566a87c64cd,come-pietre-nel-fiume-recensione,04142ee1-c604-4d65-bb4f-cf52a2cdda4e,stones-in-the-river-a-reckoning-with-difference,cbfa23539dbb27d7,ok,,3436,1042,0.006917,2026-04-19T02:38:46.122391
retranslate-20260419-v6,7bf8037a-3f7a-4b7e-82b0-541ed62a8563,gita-ad-argegno-3-giugno-1979,c04671e2-f0c7-4f9d-9275-097c3016087d,a-day-in-argegno-june-3-1979,76e87119da50f189,ok,,3124,790,0.005659,2026-04-19T02:38:57.589941
retranslate-20260419-v6,7bcad11c-344e-4e63-8763-a2f80365932a,so-quel-che-non-bisogna-fare,cd8e1682-786b-4d77-9483-40bc16b6e57e,what-not-to-do,68c6d96c8b57cf0e,ok,,5023,2006,0.012042,2026-04-19T02:38:43.559578
retranslate-20260419-v6,7c1ffbdd-7047-4659-9ac4-8b21b7bc5b3f,due-fratelli-e-la-brigata-inglese,f80c5d04-47c5-402a-99c1-b1ae3c072124,two-brothers-and-the-english-brigade,d8a8f9163c0e9675,ok,,3809,1388,0.008599,2026-04-19T02:39:06.504016
retranslate-20260419-v6,7c5e89a5-d79b-4151-a09d-b7cfbf03418a,il-caso-potenzoni-di-federica-sciarelli-recensione,b9df4c3b-eff8-47f8-be46-86467e295bbd,the-potenzoni-case-federica-sciarellis-account,256e1e177a82e2ce,ok,,3655,1162,0.007572,2026-04-19T02:39:11.398138
retranslate-20260419-v6,7caa1569-8a3c-4f26-90b7-1cba5487a77f,aggiungi-un-posto-a-casa-adozione-di-bambini-con-disabilita,4560fc3c-b490-4154-8cc2-776492165bd7,add-a-place-at-the-tableadopting-children-with-disabilities,d121f362410e7793,ok,,2572,435,0.003798,2026-04-19T02:39:24.255211
retranslate-20260419-v6,7c8721c1-b15a-4f72-8530-6750b7bf877e,come-loro,92ac8904-13b4-4302-aaa9-5cc9e90931c7,like-them,f09f17ebbbc8a3b5,ok,,2738,544,0.004366,2026-04-19T02:39:22.353745
retranslate-20260419-v6,7cf1bfe5-1c72-408a-9caf-49d72776ee87,alla-morte-del-papa-charles-restava-nascosto-sotto-il-tavolo,1de5458b-e391-4d19-b4d5-7935c55fc9d8,when-dad-died-charles-hid-under-the-table,244a79013126f641,ok,,3616,1088,0.007245,2026-04-19T02:39:27.852633
retranslate-20260419-v6,7cf437d9-98f7-4f8f-bb89-5ea333e7320b,parlare-di-dio-ai-bambini-di-oggi-recensione,06d6e989-8979-4a2c-b40c-195a8e83d2cd,speaking-of-god-to-todays-childrena-review,c034de5c3b0255c7,ok,,2885,634,0.004844,2026-04-19T02:39:41.144090
retranslate-20260419-v6,7cc759ec-991c-4fa5-b534-07bb2cbfadf8,corridoi-umanitari,7dc06790-cb0f-41a8-9ded-8b53b0225ea5,humanitarian-corridors,772f4539ccb1e3c5,ok,,4810,1844,0.011224,2026-04-19T02:39:27.806241
retranslate-20260419-v6,7cf608be-99bb-42c6-9063-9374cf59436b,e-bello-avere-un-posto-dove-lavorare,3b9a9eb6-2394-42d1-84b5-513a4128bf41,its-good-to-have-a-place-to-work,59b34c13d632ccd8,ok,,2498,369,0.003474,2026-04-19T02:39:46.830037
retranslate-20260419-v6,7d1e9c63-6be0-4062-8e25-8c4b321f36ce,esperienze-al-club-avance,79eb7486-3619-49e1-b0d4-db3cb22aab0a,a-visit-to-club-avance,146bd95b5d419df5,ok,,3000,634,0.004936,2026-04-19T02:39:51.022394
retranslate-20260419-v6,7d38e65e-862e-4174-8339-f7fbe69a916f,attesi-amati-trasformati,499159a7-1f95-44c2-9e1a-dc259025aca4,waited-for-beloved-transformed,d651df4baf419e08,ok,,3488,1029,0.006906,2026-04-19T02:39:51.635853
retranslate-20260419-v6,7d57b62e-6d95-4737-a3da-32adfcbad616,dialogo-aperto-n-68,b9e05465-7724-487c-a2be-480b881e3eae,open-dialogue-no-68,bea3a0a7eb3dfb40,ok,,3687,1187,0.007698,2026-04-19T02:40:03.818580
retranslate-20260419-v6,7d4f8b96-ceb9-4cdc-a670-7ccec23ee7ab,vita-fede-e-luce-insieme-n-26,febb2887-7482-4681-be47-deb6bfb503a0,faith-and-light-in-rome-building-community-together,d429f7551d05a241,ok,,5269,1906,0.011839,2026-04-19T02:39:57.400544
retranslate-20260419-v6,7d80dfa5-5ef5-49fe-9df4-ff511c51488e,obiettivo-decrescita-recensione,0034df2e-363b-494d-9db3-943d35192da0,degrowth-a-book-review,d59d92987eb33aeb,ok,,2704,488,0.004115,2026-04-19T02:40:28.022734
retranslate-20260419-v6,7d699d71-bd98-4da1-8001-6fb2436397d8,intervista-sante-bandirali-uovonero,fb8dd0b0-fb4c-4682-b5d9-7a93f46a1bda,the-right-to-a-real-book,f6b074e8529f3123,ok,,4109,1601,0.009691,2026-04-19T02:40:18.403158
retranslate-20260419-v6,7db3520e-1f6b-4523-be85-0898371257b2,viaggiare-alla-pari,3dc3510d-175e-4506-8f9b-2674def80bc1,meeting-them-halfway,5eddbbd1b825fcc8,ok,,2737,540,0.00435,2026-04-19T02:40:39.050450
retranslate-20260419-v6,7d86978d-f45c-403a-ad46-13354163267a,anoressia-fame-damore-e,43eaf7eb-4bae-4a3e-8c77-f7bd04d1732c,light-as-a-butterfly-on-anorexia-hunger-for-love-and-recovery,d51b52f55d4c68f2,ok,,4170,1526,0.00944,2026-04-19T02:40:33.828570
retranslate-20260419-v6,7dcf72a3-6bf4-4e54-8275-a4e0d159f571,le-mimose-di-yolanda,878ce62c-b6f7-4911-a719-aaee69c6d610,yolandas-mimosas,19cf0a8adb4f7841,ok,,3127,724,0.005398,2026-04-19T02:40:45.520080
retranslate-20260419-v6,7dd722c9-b926-4853-bd06-020c827ad458,e-questo-e-niente-recensione,293a9e37-f40a-42e9-a029-aee6e8d8c51c,and-this-is-nothing-a-review,d809505170588d02,ok,,2490,382,0.00352,2026-04-19T02:40:52.729301
retranslate-20260419-v6,7dd44695-dbcf-41bf-a41c-5665b38a912e,possiamo-fare-qualcosa-noi-genitori,3667c1c6-ab90-4d8b-8bbc-0ad35f47a613,what-can-parents-do,59503267d0cd9e22,ok,,3806,1235,0.007985,2026-04-19T02:40:51.366869
retranslate-20260419-v6,7e0eea81-1cbe-4bdf-bf6b-3ec49765eba6,nicola-pintus-il-progetto-filippide,5d616f7a-38d5-4e62-9163-56a485f9df9a,nicola-pintus-and-the-filippide-project,b83c2fbe452220a3,ok,,4012,1384,0.008746,2026-04-19T02:40:55.988873
retranslate-20260419-v6,7e12f904-85b5-4149-b0be-636fe77f23ab,il-compleanno-di-chiara,aa291b4a-a472-4f5a-b50a-2de989b7184a,chiaras-birthday-party,fb4b16ab64c6db50,ok,,2950,747,0.005348,2026-04-19T02:41:11.393509
retranslate-20260419-v6,7e0f3b1f-64fe-4b6b-b631-4c74d8a2575f,metti-da-parte-la-fretta,a531554d-f11d-4a9b-aaf6-61d49d48c2f8,slow-down,48d311257ba35994,ok,,3865,1194,0.007868,2026-04-19T02:41:07.179659
retranslate-20260419-v6,7e3f71c7-b816-4bbd-8b3b-fc624e6fb318,storia-di-un-filo-derba,02f6efbe-a03b-4319-b4b3-7a2f65fd7b75,a-blade-of-grass,bb9bf1a2c2217d3a,ok,,3281,844,0.006001,2026-04-19T02:41:23.504498
retranslate-20260419-v6,7e20a256-098f-449e-8220-75dff7ebeb8d,sacramenti-e-disabili,af2f2d6e-8cfc-4983-a1e2-1308419e3f1c,sacraments-and-people-with-disabilities,2f8b953d08852baf,ok,,4289,1580,0.009751,2026-04-19T02:41:19.236644
retranslate-20260419-v6,7e5189d1-c887-4c8b-99bc-6ab711deedf4,la-festa-a-fede-e-luce,51ad5fad-c4d7-4841-9909-aa2c7d080605,celebration-at-fede-e-luce,f25ed3e760cf0ec6,ok,,3287,899,0.006226,2026-04-19T02:41:33.231359
retranslate-20260419-v6,7e59eef0-279b-4eec-80f3-c1319ee65dc2,dialogo-aperto-n-112,930a6271-3186-4d04-8b9c-1c9edf718d7b,open-dialogue-no-112,437f22de27dc6471,ok,,2958,725,0.005266,2026-04-19T02:41:39.108117
retranslate-20260419-v6,7e8a27b8-a706-40e0-a584-467291d17717,un-angolino-di-arche,b92fe9c4-6bc2-4642-84ab-b8b229b85156,a-glimpse-of-larche,ce31d3666ca2aacf,ok,,2439,332,0.003279,2026-04-19T02:41:43.690195
retranslate-20260419-v6,7ea473af-36b5-4f4c-9350-40a875cd28fd,franz-werfel-gallucci-editore-pp-722,5cb53fa7-fb8e-4870-91b5-74961a45cc1d,the-song-of-bernadettea-review,bec2dae9d1cc7bc6,ok,,2565,440,0.003812,2026-04-19T02:41:46.951812
retranslate-20260419-v6,7ea440df-3442-4857-acad-df8b8982015f,la-mia-amica-suor-marie-theo-di-dio,b0d14127-b39c-4011-98ff-288f2fc740db,my-friend-sister-marie-theo-of-god,3e76dfb0af664d7c,ok,,2839,676,0.004975,2026-04-19T02:41:45.745428
retranslate-20260419-v6,7eb44064-aac2-4e29-8017-3b5bebe78016,la-quaresima-con-don-marco-2020-podcast,8ffec382-264e-428e-af1d-6e802b8d0ab1,lent-with-don-marco-2020-podcast,db1fa6f5e1774542,ok,,2214,140,0.002331,2026-04-19T02:41:50.919243
retranslate-20260419-v6,7ee0723c-de3d-426b-98e0-ef95976f6943,la-terza-nazione-del-mondo-recensione,b7a84326-11de-48ba-9278-672a444871d3,the-worlds-third-nation-a-review,5e253fd68d702e8e,ok,,2332,215,0.002726,2026-04-19T02:41:53.038294
retranslate-20260419-v6,7eb88b95-067e-42e5-a79e-52956a89d4d1,mio-cugino-paolo,158c65b9-80f4-4822-9c66-d050f6df9c9e,my-cousin-paolo,769a4d418da0cd3c,ok,,2604,463,0.003935,2026-04-19T02:41:51.978496
retranslate-20260419-v6,7efcbe4e-d993-4fc7-8cfa-adfef4246f6e,fede-e-luce-domande-e-risposte,6665fb25-baf6-4785-9c59-ce583351cdba,faith-and-light-questions-and-answers,4837bb7e3dc46a29,ok,,2644,439,0.003871,2026-04-19T02:41:57.892230
retranslate-20260419-v6,7ef31df0-f44c-44a0-b9e5-e653ebbbda9b,da-soli-non-si-puo,26507cdc-4ca7-4d53-ba31-7ac5920df0c1,you-cannot-do-it-alone,3c161ea663b95fcc,ok,,3388,887,0.006258,2026-04-19T02:41:55.989692
retranslate-20260419-v6,7f1d8389-6fe7-4fc4-b454-2a90c7267a6d,nutrire-talenti,6c392944-dd75-4830-b1b9-81b57ccc9fdc,nurturing-talent,a4fb80d8169280d1,ok,,2715,457,0.004,2026-04-19T02:42:02.302895
retranslate-20260419-v6,7f26002c-5dff-49f3-a593-61d531804c2b,educare-alla-paternita-tra-ruoli-di-vita-e-trasformazioni-familiari,52c52d2f-94c7-4287-9f35-b82e3eb04a82,raising-fathers-family-roles-and-transformation,6e5133ba77fe5730,ok,,2288,205,0.00265,2026-04-19T02:42:06.211344
retranslate-20260419-v6,7f43f813-c8ac-4ba4-ba7c-7b1396a1e0c0,madre-di-famiglia,c8bd1682-334f-492a-98eb-06616f0af637,the-mother-of-the-house,d611b076a0b4d516,ok,,2545,469,0.003912,2026-04-19T02:42:08.945598
retranslate-20260419-v6,7f3db60d-c621-4e06-a8a0-ac3ba957f506,la-sua-prima-confessione,52cdfac3-a436-4e29-abbb-2a18a371a3ca,philippines-first-confession,f859cfe8a845fb4b,ok,,2993,724,0.00529,2026-04-19T02:42:07.900047
retranslate-20260419-v6,7f54605d-c40a-4525-bcbf-b1b4da06fe44,il-chicco-recensione,3340c348-88af-491b-a527-46c9c088212e,the-seed-a-book-review,ef5eb7e92cb07f7c,ok,,2387,307,0.003138,2026-04-19T02:42:12.724596
retranslate-20260419-v6,7f56d22a-11d0-463e-909c-3cf7b3130c77,e-le-ferie,53663fa9-b8e8-4bee-9308-bd2cceaad7ea,what-about-vacation,9594f57b798f3911,ok,,2452,336,0.003306,2026-04-19T02:42:14.367864
retranslate-20260419-v6,7f634e4b-a81c-4769-8cad-d1cf2a522818,un-incontro-tra-capi-scout,43fad2be-7668-4a7b-9624-af1f766abf0a,scout-leaders-gather-to-welcome-a-child-with-disabilities,1e2e081434f5a80d,ok,,3497,983,0.00673,2026-04-19T02:42:16.660446
retranslate-20260419-v6,7f68191d-1003-4a81-9ea5-fb31c84edf36,un-laboratorio-chiamato-lalveare,d1e3e0ac-3f2c-435c-8dd6-fecf359def62,the-hive-a-workshop-for-all,5b0794d747d61345,ok,,4033,1303,0.008438,2026-04-19T02:42:18.150454
retranslate-20260419-v6,7f7168b8-f53e-4020-b2da-d0a0cf4076cb,precious-recensione-film,c8f6e9c1-290b-4324-b5b5-e9a379a9ed70,precious-a-film-of-unflinching-power,f3b1e9b7412f907d,ok,,3170,850,0.005936,2026-04-19T02:42:28.884470
retranslate-20260419-v6,7fa00822-775a-4b9f-a591-6b6a9bb72f64,nuovo-dizionario-disabilita-handicap-riabilitazione-recensione,505fbc38-502a-4c21-9c77-321807754a0e,a-new-dictionary-of-disability-handicap-and-rehabilitation,531148643be45b71,ok,,2335,237,0.002816,2026-04-19T02:42:38.672140
retranslate-20260419-v6,7fb63e7f-e714-482e-ba44-e50a84050f62,cosicomesei-diario-di-bordo-di-un-neuropsichiatra-infantile-recensione,0cead8dc-8b0f-45ba-b37d-c728b599046c,as-you-are-a-child-psychiatrists-log-book-review,b5319c6c92a2b415,ok,,2961,663,0.005021,2026-04-19T02:42:41.368432
retranslate-20260419-v6,7f81ab6a-eec3-4d40-ac79-ac18d83c3d7e,lezione-di-danza-insieme,e1495117-f29b-4e5e-8a62-988e0549931b,a-dance-lesson-together,c40b4cb1478dced8,ok,,2939,677,0.005059,2026-04-19T02:42:36.501937
retranslate-20260419-v6,7fbc1823-545e-409e-9ccd-bbd083c956d2,la-risposta-di-gesu,f3c221c7-d52b-47fd-b427-efed8a0a5fd6,jesuss-answer,80285e4f0523d381,ok,,2769,539,0.004371,2026-04-19T02:42:53.105897
retranslate-20260419-v6,7ff201e3-3381-4dc2-bffd-097998243815,centro-di-riabilitazione-il-testardo-pet-therapy,3e545fb7-c452-4828-95be-edaeba266e5f,il-testardo-rehabilitation-center-healing-through-donkeys,359c2f0cdb8ba8dd,ok,,3928,1305,0.008362,2026-04-19T02:42:53.117123
retranslate-20260419-v6,8015190b-d8c6-4364-9463-4661ffb0dfc0,buon-anno-da-ombre-e-luci,b3974e4a-67b5-4867-b258-96c9076b8b93,happy-new-year-from-ombre-e-luci,fa379e7f9b78e72e,ok,,2249,190,0.002559,2026-04-19T02:43:10.703566
retranslate-20260419-v6,7ff5350f-28d3-43af-a97a-62c7b48c8067,essere-mamma-sono-in-un-furioso-stato-di-accusa,0077b6f5-7f4a-4c28-97ff-e8fac7ad342c,raging-with-blame-a-mothers-search-for-guilt,5c62fdb12e9edd6a,ok,,4550,1758,0.010672,2026-04-19T02:42:58.405181
retranslate-20260419-v6,8066dcdd-8f66-4f6e-abed-a449c16fe08d,fede-e-luce-una-fedelta-che-ridona-lentusiasmo,a8381247-4675-460b-b3ef-fca06b2ddd89,fede-e-luce-loyalty-that-restores-joy,69084430cef1c986,ok,,3731,1196,0.007769,2026-04-19T02:43:24.288215
retranslate-20260419-v6,806714d5-6f10-4d28-a763-dc286c28a096,una-vita-possibile-handicap-mentale-e-famiglia,5157364b-1b76-45ab-8399-269d5297d0df,a-life-made-possible-mental-handicap-and-family,b3236be552a10d86,ok,,2780,514,0.00428,2026-04-19T02:43:38.473188
retranslate-20260419-v6,806e878b-879b-4013-9ccc-6899ca59375b,jun-recensione,04434c12-7aa2-4250-972b-f76be8fa2e24,jun-a-graphic-memoir,effa0f835cabb5b3,ok,,2415,277,0.00304,2026-04-19T02:43:43.834418
retranslate-20260419-v6,808211bf-d593-4313-8565-8968bb9f5908,la-vita-sessuale-delle-persone-con-disabilita-per-quale-amore,e5d2a282-cc6b-4f82-acd1-67266c99828c,the-sexual-life-of-people-with-disabilities-what-kind-of-love,4752e0dc3f25b12b,ok,,4844,1998,0.011867,2026-04-19T02:43:47.053464
retranslate-20260419-v6,808c0376-ead3-4fdb-85d5-909c1d160367,cristo-con-gli-alpini-recensione,4593ee99-a571-4c06-9c7b-364125bd1b40,christ-among-the-alpinia-review,c09872e369e4259a,ok,,2907,700,0.005126,2026-04-19T02:44:14.488590
retranslate-20260419-v6,809ddfed-f701-43c3-81fb-002b286e576c,cosa-dirvi-di-piu,7adbb859-6575-491f-a416-62ec11c8e9e7,what-more-can-i-tell-you,f890b675d8a82ef8,ok,,3954,1465,0.009023,2026-04-19T02:44:21.726351
retranslate-20260419-v6,80b26856-bb78-4fce-94db-b92135f37b91,qua-la-zampa-un-film-che-mi-ha-riportata-indietro-nel-tempo,bf32192c-bea8-42fa-8f86-446b1424040a,a-dogs-purpose-took-me-back-in-time,b5156897927cb268,ok,,2683,493,0.004118,2026-04-19T02:44:37.560194
retranslate-20260419-v6,80b8a4d3-fd2b-459c-9e6d-dd0e6a0eafb3,oltre-il-limite,20dcfa5f-5c9d-4099-9aeb-55001cdb1dcf,beyond-the-limit,cca800a12e0de1d0,ok,,3439,991,0.006715,2026-04-19T02:44:43.355751
retranslate-20260419-v6,80cdbcab-3fb0-4cc6-92cd-1a6ea0d5a800,tenera-magnetica,cc4e5386-9386-4cf3-bc59-bf9c5ec1e60e,tender-and-magnetic,77c4dfac116bdd1c,ok,,3779,1277,0.008131,2026-04-19T02:44:54.514903
retranslate-20260419-v6,80d153fd-2ac3-4633-a8fc-74466779d0bd,dialogo-aperto-n-63-1998,23ad53e9-e6d5-4765-a305-a3d5578cdf69,open-dialogue-no-63-1998,521375eef5c02b8d,ok,,4721,1762,0.010825,2026-04-19T02:45:10.407221
retranslate-20260419-v6,80d7211d-ef5c-4003-9db8-3d76d3e3d11d,ombre-e-luci-n-8-1984-sfogliabile,354d6897-f180-45b9-a3e3-83c18e8ba1e5,ombre-e-luci-no-8-1984-browsable-issue,d7262255e2fa6e8a,ok,,2083,50,0.001866,2026-04-19T02:45:34.516398
retranslate-20260419-v6,80d7e27c-6609-4951-b9df-9b358f2667b9,vivere-lautismo-manuale-di-sopravvivenza-per-i-genitori,8d28659a-0d08-4e74-ab34-bd06e4cf84cd,living-with-autism-a-survival-guide-for-parents,33d23cb79f1683e2,ok,,3602,1030,0.007002,2026-04-19T02:45:36.274552
retranslate-20260419-v6,802388d5-2df6-4233-963e-dee2cbda207d,dialogo-aperto-n-47,,,91daa328582549c9,error,Quality gate fallito: HTML: href persi: ['http://www.fedeeluce.it/'],,,,2026-04-19T02:43:23.045335
retranslate-20260419-v6,80e769fc-a3ba-422d-9bf5-7c0bc0799b84,vita-di-fede-e-luce-n-44,dc9eb59b-f30a-4349-99cd-739f2e476cd9,life-in-faith-and-light-no-44,dc0b674479087b62,ok,,3995,1325,0.008496,2026-04-19T02:45:48.208373
retranslate-20260419-v6,80f2658d-afe1-42a0-9d82-5c5407cfa33f,filippide-correre-insieme-dal-tibet-al-polo-nord,b3c0328a-ac18-4a80-a1f3-7d230db6aa53,filippide-running-together-from-tibet-to-the-north-pole,8a55dffe74cf46f2,ok,,3990,1374,0.008688,2026-04-19T02:45:50.079296
retranslate-20260419-v6,810f6a09-78fe-40b6-ba71-a5ff472002b2,gioia-di-essere-sacerdote,abf90f18-910f-404a-b4d5-cfc28eb98ffa,the-joy-of-being-a-priest,17a88c9ed919f634,ok,,2896,591,0.004681,2026-04-19T02:46:05.738537
retranslate-20260419-v6,80f81b09-f0ba-4bca-b9e9-74b540b5d339,ieri-oggi-domani,3f8968dc-2079-40c9-b10d-d9ef7126b737,yesterday-today-tomorrow,9d0bb1ced2837e3b,ok,,3381,921,0.006389,2026-04-19T02:46:04.431799
retranslate-20260419-v6,812e38a8-bd80-487b-8a31-92c52197e26c,donne-nel-respiro-di-ruah-il-protagonismo-delle-donne-nella-morte-e-resurrezione-di-gesu-recensione,6d07e5c4-e35a-45be-8ec3-9230e0ef03d6,women-in-the-breath-of-ruah-womens-witness-to-jesus-death-and-resurrection-a-review,fd5e6500b237fd9e,ok,,2531,400,0.003625,2026-04-19T02:46:14.835337
retranslate-20260419-v6,8115b42b-eaa3-4959-8772-c691c83fd4e4,bocca-ride-ma-occhi-non-buoni,fd48e451-2285-4ee8-8351-f5a5edd25c8f,a-smile-masks-a-hardened-heart,6731a1532f8a090a,ok,,3413,1020,0.00681,2026-04-19T02:46:10.597209
retranslate-20260419-v6,812f38a4-b141-41f0-8813-430f0f327bdc,stelle-doriente-qualche-immagine-dalle-comunita-fede-e-luce-del-medio-oriente,43d072f0-46a6-4688-b720-e9ae4160ef7c,stars-of-the-eastimages-from-faith-and-light-communities-in-the-middle-east,3305d77d92be8cb0,ok,,2263,146,0.002394,2026-04-19T02:46:19.619483
retranslate-20260419-v6,8135f53f-a53f-4964-a204-a5d1b372ba10,sia-fatta-la-tua-volonta,015b4d28-d192-4483-a961-3445d098e30b,your-will-be-done,9db32484e9d8683f,ok,,3172,814,0.005794,2026-04-19T02:46:21.628570
retranslate-20260419-v6,81572bb0-9467-402f-aba5-4fd9cf39c243,testimone-oculare,81c42129-8354-4f53-8c00-2ba6c8d511e6,eyewitness,54d09b067ff7a52c,ok,,2939,658,0.004983,2026-04-19T02:46:29.871523
retranslate-20260419-v6,815bdada-45df-4bd0-8711-bcf8cc944bdb,carissime-mamme,5a0361ef-2bad-43d6-ae7a-e7397921f65a,dear-mothers,7b04ff881ea1ee7f,ok,,2851,584,0.004617,2026-04-19T02:46:36.293816
retranslate-20260419-v6,81b0edea-a323-414e-871a-1578afb8a587,dialogo-aperto-n-97,96f5d511-7894-4f0e-9e71-eaf1e477b17e,open-dialogue-97,521a5f4af31ed506,ok,,4292,1599,0.00983,2026-04-19T02:46:41.650554
retranslate-20260419-v6,813253c8-a265-4505-ad9b-50b0a66d39e2,comunita-terapeutica-primavalle,9b057bba-c3cb-4bbf-b068-e476b6d921e8,a-therapeutic-community-in-primavalle,e55a6f4909ee519a,ok,,4277,1529,0.009538,2026-04-19T02:46:20.752321
retranslate-20260419-v6,81bdd80d-ee13-475f-a143-800aeb5e2c6b,sentivo-crescere-la-mia-responsabilita,9e7e9920-6d04-4ac4-84ff-f8db63da2255,i-felt-my-responsibility-growing,f2308a6bef51854d,ok,,3499,973,0.006691,2026-04-19T02:47:01.778396
retranslate-20260419-v6,81c1ec9c-0fbd-45a7-919d-c233e2919aca,ci-hanno-scritto-n-14,a4bc02e5-a39d-456d-8eeb-995fcd6167bd,letters-from-our-communities-81c1,ff28892c37ddd9e0,ok,,3931,1427,0.008853,2026-04-19T02:47:07.197919
retranslate-20260419-v6,81d48e8d-0c86-40e1-8b31-ad76b6d8dbe7,no-gac-ma-sac,cb888e6f-07f7-4ef9-a5ab-e16fb72817f2,not-gac-but-sac,ecfcfaedfcc38c26,ok,,4341,1468,0.009345,2026-04-19T02:47:13.555132
retranslate-20260419-v6,81fce0d2-e01d-456d-9017-729eb92bc89c,la-riabilitazione-nella-scuole-ma-la-bambina-non-e-tenuta-in-classe,c6d709e5-bbf4-4843-8f02-13c27408a5f4,rehabilitation-should-happen-in-schoolsbut-the-girl-isnt-allowed-in-class,8e43be846a7c6da8,ok,,4180,1590,0.009704,2026-04-19T02:47:32.961182
retranslate-20260419-v6,81e7d2ac-ae0d-4984-bcf2-c46ccb318db7,mary-mount-settimane-al-sole,cff503c7-66ff-416d-987c-9b65d7c0afd7,marymount-weeks-in-the-sun,e2b2163b33d6b8ff,ok,,5529,2375,0.013923,2026-04-19T02:47:23.535896
retranslate-20260419-v6,8207f46a-8bd0-446e-b08f-54822fbf61eb,dialogo-aperto-n-157,64134ba4-4191-4c4a-b823-662610094b77,open-dialogue-no-157,206190bcb00758ff,ok,,2663,524,0.004226,2026-04-19T02:47:52.635157
retranslate-20260419-v6,82208f5d-3f80-445a-aff8-c04ea62a8320,riannodare-il-filo,5ab3b249-ff93-453f-a020-55471c3dd0b6,picking-up-the-thread,67f481790eb882c4,ok,,3857,1265,0.008146,2026-04-19T02:47:56.360858
retranslate-20260419-v6,8226c795-180c-462a-9a31-5928f7aa7ad5,dialogo-aperto-n-123,ad102d10-ee0e-4987-b782-ede182a8b533,open-dialogue-no-123,537ffc41da9d2260,ok,,4155,1536,0.009468,2026-04-19T02:47:57.777843
retranslate-20260419-v6,824891eb-873e-456e-b5a7-9e1a9c5b7871,papa-francesco-disabilita-messaggio,847def88-1bf1-4eeb-a6fb-a5fa03ba7eb2,pope-francis-on-the-international-day-of-persons-with-disabilities,f601ee9edbc9879f,ok,,3447,967,0.006626,2026-04-19T02:48:17.665698
retranslate-20260419-v6,827103a6-e203-4c80-b134-e1f4f9b11941,tracciare-il-sentiero-in-albania,a911da5a-b46c-4439-a2f9-d9440cf17078,blazing-a-trail-in-albania,3bf1c67ff682c848,ok,,3203,850,0.005962,2026-04-19T02:48:27.866031
retranslate-20260419-v6,828a359c-4118-4c54-9093-5ae6f160e447,vita-fede-e-luce-n-47,5b32fec8-c79c-4f6d-ba31-a58d0a0cc6b7,life-in-faith-and-light-no-47,8f117ec6738a77c8,ok,,5571,2537,0.014605,2026-04-19T02:48:36.727956
retranslate-20260419-v6,82360036-a043-4b8f-bb86-62a5f453a629,la-prima-comunione-di-flaminia-ci-ha-fatto-crescere,3f8715ae-6bfa-4fe7-9493-c1584563a6b5,flaminias-first-communion-changed-us-all,0b7902f870800073,ok,,4825,1946,0.011644,2026-04-19T02:48:12.900824
retranslate-20260419-v6,82cfcf11-ed10-4e75-a255-5b977a755d41,dalle-mamme-di-palidoro-perche-curare-non-significa-solo-guarire,dc09384b-86fd-4f14-bfca-b38f5f85213f,caring-is-not-the-same-as-curing,307d5a327202305d,ok,,2913,634,0.004866,2026-04-19T02:49:11.546733
retranslate-20260419-v6,82d26cd7-07c7-4de5-a973-80e621abed05,90-anni-di-jean,717e01bc-31b5-4523-ada1-e6e0c72a0adb,jean-at-ninety,47f5ce86e548190c,ok,,3459,1082,0.007095,2026-04-19T02:49:12.921895
retranslate-20260419-v6,82feb126-359c-402a-ae81-7551aacff0ba,lettera-a-mariangela-e-a-molti-altri,74b7af66-8bab-4a1d-a778-9c1a9d7c0ba2,a-letter-to-mariangela-and-so-many-others,ccd40f4cb54f929d,ok,,3535,1166,0.007492,2026-04-19T02:49:23.111349
retranslate-20260419-v6,83000ec3-bedf-4455-9bfe-14d03aac8941,per-una-vera-qualita-di-cura-delle-persone-anziane,0ee4e211-82d4-4c9a-a1e5-02177a3d0b3b,real-quality-in-the-care-of-older-adults,34c72272e6e8b6ed,ok,,4638,1684,0.010446,2026-04-19T02:49:34.680839
retranslate-20260419-v6,82e12b0b-f877-4365-aee4-8a375b6f6bd7,incontro-internazionale-a-cuneo-28-29-aprile-1979,af71a753-0da2-453e-ba9a-8f8f46d72852,international-gathering-in-cuneo-april-28-29-1979,917831939d7bb834,ok,,4025,1466,0.009084,2026-04-19T02:49:17.212671
retranslate-20260419-v6,831229ee-6cd8-41e1-a7f1-fae071436325,rosamaria,47284250-468a-4fe8-a801-1b4005c26ebf,rosamaria-8312,de723250d380d7b1,ok,,3307,981,0.00657,2026-04-19T02:49:59.341551
retranslate-20260419-v6,830ac9a1-a030-4ad1-b7f9-8688ea276651,buon-natale-anche-a-te,21da227d-36e5-4cb8-ac02-50d012bca19a,merry-christmas-to-you-too,eeaab10588e823e5,ok,,3628,1150,0.007502,2026-04-19T02:49:57.394201
retranslate-20260419-v6,83268a64-1006-44bd-a777-7f0b6ddd090c,lamicizia-a-fede-e-luce-un-legame-anche-con-chi-e-piu-debole-e-solitamente-rifiutato,d75f3738-d0a7-4f51-96c8-6c4c797f277f,friendship-at-fede-e-luce-bonds-with-the-weak-and-the-rejected,7f964793a4d2212c,ok,,3379,941,0.006467,2026-04-19T02:50:08.374868
retranslate-20260419-v6,833ccfe1-63b6-498f-b2c1-f928e776e594,i-miei-piccoli-principi,506a9788-72e3-4b42-b28d-c9c8c3bd01fc,my-little-princes,69c6a16b41849177,ok,,3438,1077,0.007058,2026-04-19T02:50:18.953585
retranslate-20260419-v6,8331804f-1163-4177-afc0-0677d64b810c,sara-bello,e5e0a9c8-f1d9-403c-b6a2-8c8a415c178c,it-will-be-beautiful,0436be8715d4011b,ok,,3965,1455,0.008992,2026-04-19T02:50:11.884276
retranslate-20260419-v6,839086ef-2605-4700-82ea-dd42e7ed12df,newsletter-n-11-la-fatica-di-non-potersi-salutare,ca617001-a527-4976-9992-29af1a4f6538,newsletter-no-11-when-we-cannot-say-hello,eb142cf3335bd53b,ok,,4383,1940,0.011266,2026-04-19T02:50:30.450341
retranslate-20260419-v6,8353237e-28e1-4d50-b4b7-12353cd196dd,non-e-facile-esprimere,498393be-03d6-45ec-844d-9c08478814a0,its-hard-to-say,3e88759775a2bce8,ok,,3419,833,0.006067,2026-04-19T02:50:30.348784
retranslate-20260419-v6,839f66ac-21c2-4325-97d6-9eb130bc0662,coralmente-le-voci-dellanima,c8cda80e-7687-4936-b5eb-3a59216d68f3,singing-together-voices-of-the-soul,b83a6ed8c6cb07b3,ok,,3690,980,0.006872,2026-04-19T02:50:50.077996
retranslate-20260419-v6,83a8bad3-3140-4992-9805-a3e0612f4efa,chiamare-nome-paura,b781cf3c-8770-41df-ab9c-4fcbc191bb91,naming-the-fear,62f26f4867de4236,ok,,3413,897,0.006318,2026-04-19T02:51:01.895408
retranslate-20260419-v6,83af4d70-c847-4cdb-88a1-1e796e3a4c65,nella-diagnosi-siamo-prudenti,ebd928c1-1039-42eb-b617-1ef80e0e7c5f,we-move-carefully-with-diagnosis,c51b7dc8f2375f42,ok,,3442,881,0.006278,2026-04-19T02:51:02.771264
retranslate-20260419-v6,83d6cb11-8567-4761-8e72-3b04d0e0c2e8,quanti-conosci-per-nome,ba04da73-778e-4bc9-91ec-9fc2a742f4f9,how-many-do-you-know-by-name,d7021dcb4cd69c19,ok,,3697,1185,0.007698,2026-04-19T02:51:13.960737
retranslate-20260419-v6,83db7f93-b5d5-4323-ac47-3ef32d30cfa7,frammenti-di-solitudine-recensione,78a91b01-bb37-4414-b129-2485d444555a,fragments-of-solitude-a-review,79d778b91f790676,ok,,2432,309,0.003182,2026-04-19T02:51:28.174177
retranslate-20260419-v6,83e67ebf-830b-4bd4-a631-9bca46c61d1a,vita-fede-e-luce-n-8-che-cosa-e-fede-e-luce,533be649-b396-4955-ba69-e5587a9f82a2,what-is-faith-and-light-83e6,2272720abe53b398,ok,,4550,1784,0.010776,2026-04-19T02:51:31.456782
retranslate-20260419-v6,83ca207a-4270-4763-8f91-1cd080694825,fuori-dellacquario,7bbfa5e7-1208-460a-b0c7-afdead608b85,beyond-the-aquarium,702f49e39b598ff7,ok,,8831,4826,0.026369,2026-04-19T02:51:12.645624
retranslate-20260419-v6,84007723-f92c-4e72-b258-fbde4ccf9e67,la-bellezza-nella-mente-recensione,b12a8b8e-18eb-4549-8136-de6d936bcc1a,beauty-in-the-mind-gronchi-and-dellossos-testament-to-lost-asylums,f22a561fd9599501,ok,,3989,1453,0.009003,2026-04-19T02:51:49.110684
retranslate-20260419-v6,84171e4c-4526-41a7-b3cb-f9b69690ccff,come-parlare-a-una-persona-sorda,d970a0fe-7d5b-4f24-a7f6-ece398537a1f,how-to-talk-to-a-deaf-person,725e5a590f800152,ok,,3084,742,0.005435,2026-04-19T02:52:06.098893
retranslate-20260419-v6,840db13d-2909-4b76-8e85-9285dbb3227b,due-chiamate-speciali,339db849-1263-482d-b3bd-def3d070e7aa,two-callings-840d,d6499c39ed71342d,ok,,3440,1042,0.00692,2026-04-19T02:52:02.116979
retranslate-20260419-v6,846396ab-8aaa-4146-9b8b-ff13804813bf,fotoconcorso-i-piu-piccoli-a-lourdes,a9cfd6ac-f1da-48b5-b6f8-0a94cf268a55,photo-contest-children-at-lourdes,1a46a4478b932b54,ok,,2519,463,0.003867,2026-04-19T02:52:12.970290
retranslate-20260419-v6,8497f625-bea8-4e11-b480-45613078b9dc,la-differenza-tra-shakespeare-e-insinna,b9c0650f-1442-495e-ae82-48babf8ef428,shakespeare-vs-insinna,994fb3f094a4c9ae,ok,,2765,595,0.004592,2026-04-19T02:52:17.032033
retranslate-20260419-v6,84cb3db9-84d0-4ec1-a400-fb0082a03d0f,fiera-di-me-stessa,07cd73c6-00d8-4c00-8556-b3e8b4411f1a,proud-of-myself,8b081ddbae828a3a,ok,,2774,577,0.004527,2026-04-19T02:52:22.612412
retranslate-20260419-v6,84cba335-d887-4ab0-9a52-1701b7cd2995,mariangela-linizio-a-santa-silvia,668c33fb-d538-43b2-a89a-8d381feab176,mariangela-and-santa-silvia-where-it-all-began,d322279f0ac88d2b,ok,,3960,1419,0.008844,2026-04-19T02:52:28.569851
retranslate-20260419-v6,84d3bac2-76c1-4da6-9e77-2ffe97799946,dialogo-aperto-n-8,67932925-ab68-4f16-9fbe-fd28fc1a5cf4,open-dialogue-no-8,4029311602ed6c53,ok,,3435,1017,0.006816,2026-04-19T02:52:45.753986
retranslate-20260419-v6,848e7b9e-a284-465e-8477-20015d402973,digitalizzando-ombre-e-luci-come-un-album-di-famiglia,28d3268a-6ef5-42c1-a5f2-5992cc8e975e,digitizing-ombre-e-luci-a-family-album-comes-online,7a91dcef89ab7ee2,ok,,7320,3495,0.019836,2026-04-19T02:52:14.115992
retranslate-20260419-v6,84e6de7b-8f72-44e3-ac2e-3fb83e08edab,paure-della-vecchiaia,ad4666b5-7ed1-491f-a3e9-3906fa327cab,the-fears-of-growing-old,22550e4d5b4e2769,ok,,2513,338,0.003362,2026-04-19T02:52:58.462425
retranslate-20260419-v6,84d8459e-1548-43da-9f56-7f6d45f7b09d,un-castello-di-sabbia-storia-della-mia-vita-e-della-mia-schizofrenia-recensione,93aeec2b-3cdf-4250-a6cf-a017302e3894,the-castle-built-on-sand-a-life-with-schizophrenia,8b13640419969abf,ok,,2618,452,0.003902,2026-04-19T02:52:57.393706
retranslate-20260419-v6,84f27f78-7dfb-4920-a936-e89f7ad5e435,porta-sfortuna,f8510f4e-367e-4578-b6f7-9f6d6d19b08d,bad-luck,bec49325e864f818,ok,,2710,479,0.004084,2026-04-19T02:53:01.677182
retranslate-20260419-v6,84fac6ef-d2ac-4df4-8c2b-af3b450c7682,anche-noi-siamo-persone,17911b94-569b-41f9-ae7a-2805af169000,we-are-people-too,14237fe314541460,ok,,2911,670,0.005009,2026-04-19T02:53:02.062976
retranslate-20260419-v6,851ec08e-da62-45eb-aab5-b439f797faeb,ci-hanno-scritto-2,ea6910ad-7899-41c2-aff9-a61b723c1e80,letters-from-our-readers-851e,8919b32de27115c1,ok,,2424,304,0.003155,2026-04-19T02:53:07.273154
retranslate-20260419-v6,85057d79-dda1-4c94-b42c-0bcd2d40386c,lettera-aperta-a-francesco-dassisi,964f48ba-1d00-4e15-ae2c-e0b19734cffc,an-open-letter-to-francis-of-assisi,f2c4b9316fba4230,ok,,2988,699,0.005186,2026-04-19T02:53:06.423230
retranslate-20260419-v6,85c7fd33-200b-4f91-aa1e-680b525a98a6,small-talk-ma-extralarge,9c2039d9-1591-4f65-baf3-57084c088d2d,small-talk-but-extralarge,896920a37b769ee3,ok,,3341,909,0.006309,2026-04-19T02:53:13.235195
retranslate-20260419-v6,85dda14c-bc41-40b9-b2da-cfb68f796b75,vita-delle-province-n-150,69676bc4-dc18-42c5-87fe-e3c798badb93,life-in-the-provinces-no-150,ca9717386ec6ebae,ok,,3243,900,0.006194,2026-04-19T02:53:24.524609
retranslate-20260419-v6,85918b03-894c-458a-a560-503711aa4f73,vita-fede-e-luce-n-34-che-settimana,fe262fd6-e373-4047-896e-34451a5edc87,what-a-week,7dc95304dcfa9eee,ok,,4528,1724,0.010518,2026-04-19T02:53:10.585972
retranslate-20260419-v6,85e98d62-b57d-48a0-a135-da1b604af504,percorsi-inclusivi-noi-ci-teniamo,baf2d1a1-f936-46c2-90be-5cfcebd092fc,paths-of-inclusion-we-care,e3660d0f13636b5d,ok,,2943,621,0.004838,2026-04-19T02:53:32.994409
retranslate-20260419-v6,8604f1c1-94c5-40b6-8669-5f34742c9676,baglioni-e-il-canguro,d0519c90-57ee-4925-ab94-75ecfddeeaa3,baglioni-and-the-kangaroo,cbcdd1b3df473152,ok,,2864,652,0.004899,2026-04-19T02:53:38.765776
retranslate-20260419-v6,8620c6fb-bb90-46c9-8966-690be00a4e3d,la-scopa-incantata-una-fiaba-per-natale,132d10d6-a5c5-4930-8c3c-4945ba34bb4a,the-enchanted-broom-a-christmas-tale,39effbe105c65ca7,ok,,3534,1107,0.007255,2026-04-19T02:53:44.223700
retranslate-20260419-v6,85ef7056-72b5-43be-ad66-ac597c63cc3a,spazio-aperto-una-cooperativa-di-servizi,9f5ca10e-cd2d-4fa9-bf9c-911c89de751e,spazio-aperto-a-social-cooperative-at-work,332ed4d074cfda37,ok,,5256,2027,0.012313,2026-04-19T02:53:35.085425
retranslate-20260419-v6,8622f0d3-3f86-4d86-87b3-ef24977bbd9b,miei-primi-quarantanni,42d81de8-47d6-4ce6-9ffb-2c98569a0cdd,four-decades-with-fede-e-luce,4df2fa467a6f5d82,ok,,3080,760,0.005504,2026-04-19T02:53:57.159999
retranslate-20260419-v6,8623bfb0-6da7-4718-aeb9-efca56b18a4a,sensuability,73f0c103-365b-48fc-b712-69fed97c7346,reframing-cinemas-most-iconic-scenes,fce85b15ee4ee898,ok,,3033,749,0.005422,2026-04-19T02:54:01.200095
retranslate-20260419-v6,8637449c-fd7c-419f-bd36-edfc25f7dada,il-mio-soggiorno-in-salento,28879367-2253-449e-a216-2bff1c730d8d,two-weeks-in-salento,197eed017ad20d42,ok,,3072,696,0.005242,2026-04-19T02:54:07.502854
retranslate-20260419-v6,8646267f-310b-47cc-8ff4-248a23a22ac5,un-esperto-di-disabilita-nella-task-force-per-la-fase-2-dellemergenza-coronavirus-giampiero-griffo,91b9e2f7-00a1-4193-a8d1-431fa5e1f19a,a-disability-expert-at-the-table-giampiero-griffo-joins-italys-coronavirus-recovery-task-force,2e8b2514ee008aec,ok,,3671,1208,0.007769,2026-04-19T02:54:15.283992
retranslate-20260419-v6,8635e0d6-36ea-47e9-9bc2-c51904556653,vita-fede-luce-n-18,923b2f1a-2883-445f-a8a7-4e4383cbf793,the-life-of-faith-and-light-issue-18,c48673210643376c,ok,,4508,1776,0.01071,2026-04-19T02:54:05.151405
retranslate-20260419-v6,86685073-5004-4cd4-99b2-1c62ad6ac2e4,trasformare-le-pratiche,82597415-3964-4b99-b7ab-96431edfce89,transforming-practice,042dfdab4b3bff32,ok,,3351,920,0.006361,2026-04-19T02:54:25.719082
retranslate-20260419-v6,86923aa3-5fe2-4499-bb02-66f2bc091a30,lettera-a-jean-natalia,a623961e-fce2-4ac3-bdc6-47177155cf39,a-letter-to-jean-from-natalia,12cf209311298725,ok,,2521,374,0.003513,2026-04-19T02:54:35.134339
retranslate-20260419-v6,869da0cc-6b53-4b44-aa86-25f3c0a6069d,don-zeno-obbedientissimo-ribelle-recensione,141aeade-2a97-4fd3-9e32-c0e69579b893,don-zeno-the-obedient-rebel,c92df4977d3e50c1,ok,,2531,396,0.003609,2026-04-19T02:54:38.638474
retranslate-20260419-v6,866ff982-7627-47b9-a0df-4d42178c2618,la-violenza-del-mio-amore-di-dario-levantino-recensione,3ba3c70b-1427-49aa-8f1e-eb8cb97d3d0b,the-violence-of-my-love-dario-levantinos-novel-examined,eed9615b245f354a,ok,,3899,1308,0.008351,2026-04-19T02:54:27.834952
retranslate-20260419-v6,86a23cdc-89b6-48ef-a61a-273e6c3f616f,un-venerdi-di-aprile-recensioni,8fa0ba30-7bb7-47bc-9f47-ec4c1da0d5db,an-april-friday-reviews,6a6f82e7fbe024a0,ok,,2525,378,0.003532,2026-04-19T02:54:42.901522
retranslate-20260419-v6,86c02a4e-2073-4cf6-92a7-54128d9bcb83,google-maps-presenta-gli-itinerari-accessibili,46f5baa4-59fd-4d8d-b576-a1dff6586997,google-maps-now-shows-accessible-routes,44c807e239489b44,ok,,2562,387,0.003598,2026-04-19T02:54:46.003334
retranslate-20260419-v6,86cff38d-fba1-4793-816f-eeaa57094185,come-bere-un-bicchier-dacqua,fd9a9035-2d9b-4790-b934-0982ec68579e,a-glass-of-water,46ebeddf379fa877,ok,,3359,967,0.006555,2026-04-19T02:54:46.490838
retranslate-20260419-v6,86d54604-ce34-4c14-b980-41cb341e5672,come-sogni-il-futuro-dei-tuoi-figli-alcuni-genitori-rispondono,8fda6b1b-ba9b-4dcc-8790-a93601442bff,what-future-do-you-dream-for-your-child,89f92456090824dd,ok,,4192,1584,0.00969,2026-04-19T02:54:49.428559
retranslate-20260419-v6,86e636f6-f3e8-401d-93b5-218c702d7aee,medico-ho-imparato-a-consultare-il-mio-cuore-intervista-con-oleh-romanchuk,,doctor-i-learned-to-listen-to-my-heartan-interview-with-oleh-romanchuk-86e6,34dd2c6e64f51482,error,HTTP Error 400: Bad Request,4255,1374,0.0089,2026-04-19T02:54:56.037138
retranslate-20260419-v6,8705be6b-012f-4050-a743-b26c8ec81426,scout-a-lourdes,d610f7dc-d6e7-4115-b311-c0bbe5cc9650,scouts-at-lourdes,f934ffcfe64319a8,ok,,2801,506,0.004265,2026-04-19T02:55:13.146035
retranslate-20260419-v6,87077151-12c2-4087-b926-908669d0206a,mani-calde-recensione,4ec5bf4c-5710-49d5-8023-73a81e3cff72,warm-hands-a-book-review,bb85632edf69cc4a,ok,,2473,329,0.003294,2026-04-19T02:55:17.897676
retranslate-20260419-v6,86e74c85-fae2-40bd-9b5d-4f3f2b35bae2,posto-mia-figlia-nella-chiesa,7e9ea383-85f2-4ec4-a38f-2e38597c386c,my-daughters-place-in-the-church,54e7d2230af10036,ok,,4305,1593,0.009816,2026-04-19T02:55:08.469919
retranslate-20260419-v6,8748dd50-69a5-4882-9950-e7a4a82a0a13,come-pinguini-nel-deserto-recensione,05640d60-699d-4926-a19e-4cf527408655,like-penguins-in-the-desert-a-review,58cce4278cc5e088,ok,,2461,325,0.003269,2026-04-19T02:55:27.100365
retranslate-20260419-v6,871d3653-c202-4fcd-bf62-1ec5154d8223,vita-fede-e-luce-n-22-1979,3bf25eb7-3480-4c69-a131-c8505243a501,life-faith-and-light-no-22-1979,9544ae2007a60f9b,ok,,3504,1151,0.007407,2026-04-19T02:55:21.486438
retranslate-20260419-v6,876b8f05-23c7-4769-8285-136ee554e16f,se-lo-diceva-coco-chanel,ff0c2558-02f6-4ccd-8429-19222b2cd84e,as-coco-chanel-knew,042e0119403e4eaf,ok,,2722,554,0.004394,2026-04-19T02:55:30.596666
retranslate-20260419-v6,87789714-c3bc-421f-b841-491776865e80,cosa-ti-aspetti,4674ddcb-c0b6-4f71-bc51-abf5dff5a345,what-do-you-hope-for,19f8630a8010ef58,ok,,3912,1413,0.008782,2026-04-19T02:55:32.635696
retranslate-20260419-v6,877e450e-9d72-4968-b142-cd0fbcacbc5e,i-piu-difficili,991e5b4c-456e-4e17-89e0-aa540019933a,the-hardest-cases,8122be4f473fbd37,ok,,3800,1318,0.008312,2026-04-19T02:55:36.786168
retranslate-20260419-v6,87857305-d77b-4515-bcba-e4f0086dcfbd,dinamiche-fondamentali,8c3562c0-f7f8-4e6a-a6c9-4be91138cfdf,what-holds-us-together,8b7b3456fe98a8a0,ok,,3551,1058,0.007073,2026-04-19T02:55:48.777357
retranslate-20260419-v6,879716ac-a22c-47dd-9285-b332cf6b244e,gli-autistici-esistono-finche-vanno-a-scuola,b7917e7b-54be-46ec-aa8c-594c0c2b8023,autistic-people-exist-only-while-theyre-in-school,788c02a8589c0c38,ok,,3809,1361,0.008491,2026-04-19T02:56:01.679181
retranslate-20260419-v6,8791a3ce-b4e7-4613-be8b-0ee78e0be1f2,vita-tra-fratelli,39d59191-0505-47cc-b575-bc625021ecd8,life-among-siblings,344b52e8bc7966eb,ok,,5857,2454,0.014502,2026-04-19T02:55:52.886432
retranslate-20260419-v6,87c55d17-ac4d-4545-8d1e-b5513a2be413,la-ragazzina-nuova,b1df9903-50b2-4c99-8561-db567b1c9682,the-new-girl,b416024055d05d90,ok,,3259,893,0.006179,2026-04-19T02:56:29.078441
retranslate-20260419-v6,87bc559d-0442-4f39-9093-47798d27270e,a-natale-alberto-stara-in-famiglia-lontano-da-noi,df6d9640-50fc-4178-ae38-88603e08ffcb,this-christmas-alberto-will-be-with-familybut-not-with-us,3c91af5b3befc323,ok,,4158,1477,0.009234,2026-04-19T02:56:19.869209
retranslate-20260419-v6,87e0b8b7-4bc2-47f6-b807-184726b67edb,cosi-e-sceso-dal-trono,fda44c69-0f6c-499b-b8f2-83e5ba05444d,how-he-stepped-down-from-the-throne,49fde1507ab74a52,ok,,2791,595,0.004613,2026-04-19T02:56:39.708562
retranslate-20260419-v6,87dc18a1-824b-46c3-b58d-0ff427701aab,di-chi-ci-si-innamora,2fcc4416-ce66-4e4c-9110-d3f610c07b17,who-do-we-fall-in-love-with,07238ffe8436df55,ok,,3233,840,0.005946,2026-04-19T02:56:39.645370
retranslate-20260419-v6,883d585f-974b-4379-bb98-ccf24a70b03c,i-tuoi-figli,fab01365-10dd-4d16-9ba5-b195291368b8,your-children,882b8689517f0540,ok,,2989,591,0.004755,2026-04-19T02:56:45.301837
retranslate-20260419-v6,88443e61-cd93-4431-abdc-5650088673f8,le-a-della-vita-recensione-libro,f32ce3ca-b762-41f8-985b-e4d21a4f7f0f,the-as-of-my-life-book-review,036d20c459d7b497,ok,,2757,601,0.00461,2026-04-19T02:56:50.082288
retranslate-20260419-v6,8859eed4-71ec-4103-8769-5abe314b7813,tu-ci-liberi-dal-male,75ef3217-e968-4198-bdd2-6f69ae8c1aea,you-set-us-free-from-evil,dc8d77b449c0f242,ok,,3757,1195,0.007786,2026-04-19T02:56:51.773896
retranslate-20260419-v6,88953eda-da4a-4303-8c8d-6fb2aef49a09,convivenza-non-coesistenza,495a0d45-2b0c-4798-b2b1-bf316b2c2228,living-together-not-just-side-by-side,b991533134432d3c,ok,,3471,898,0.006369,2026-04-19T02:56:56.623640
retranslate-20260419-v6,889eb739-5531-4f78-8f6a-adaa4f1034dd,tutta-unaltra-storia,f3d5e586-8d14-4eb1-bd16-d5e409f0bc90,a-different-story-altogether,ca4e652183f07c79,ok,,2778,522,0.00431,2026-04-19T02:57:05.987766
retranslate-20260419-v6,88a12211-2294-40af-ac08-ee9f3a4d25a7,porte-aperte,c2242a40-cc95-48b1-8632-03344e344c62,open-doors,ed024cc190a101c6,ok,,3070,683,0.005188,2026-04-19T02:57:07.187201
retranslate-20260419-v6,88b01d42-15bc-4145-80ba-ec1bd0476de0,mi-hanno-aperto-gli-occhi,a033d8f4-fa22-4fbf-ab30-1a1b72fe3e18,they-opened-my-eyes,6674950f5a89df7a,ok,,2696,513,0.004209,2026-04-19T02:57:11.309336
retranslate-20260419-v6,88d25536-dbec-486a-a01a-c510f80f4a00,moda-e-disabilita-niente-e-impossibile,a107436c-5acc-4a63-847e-6e88d4a9f792,fashion-and-disability-nothing-is-impossible,2a7edabcdc451416,ok,,2630,454,0.00392,2026-04-19T02:57:14.108914
retranslate-20260419-v6,88d2c7bb-6de1-4d38-9e7c-4396690bcd6b,editoriale-auguri,4f1ec6c3-ea09-4037-9e27-d8d9a5bb7253,best-wishes-for-all,6367efd0f0164777,ok,,2481,322,0.003273,2026-04-19T02:57:15.808579
retranslate-20260419-v6,88d89d52-e65c-40b6-856a-548d444bae25,dalla-mattina-a-dopo-mezzanotte-fonda,c872e94b-5177-4413-a476-a03a20f612e3,from-dawn-till-well-past-midnight,a0462f39b5629759,ok,,3137,842,0.005878,2026-04-19T02:57:20.944048
retranslate-20260419-v6,88e57c04-3ecc-4a3c-a55e-2e01382d6b08,vacanza-problema-e-risposte,cd1d2c22-71b4-4542-a68f-a5f70d088061,vacation-the-problem-and-the-answer,54193b6ce038287c,ok,,3381,1005,0.006725,2026-04-19T02:57:20.991888
retranslate-20260419-v6,892f21fc-4751-4d3b-8641-1cff531d1cdc,adulti-lievemente-handicappati,d37e006f-3b1f-4b24-a5ab-4c91823f5304,slightly-handicapped-adults,95bbe96a2343b3c4,ok,,4123,1523,0.00939,2026-04-19T02:57:31.936593
retranslate-20260419-v6,88e96a7f-ea9a-4946-845c-b4cef542a4f2,abbiamo-un-cuore-inclusivo,9c334c53-d50b-48d2-bf8e-222e11875849,do-our-hearts-include-everyone,75fcd15711970328,ok,,4760,1848,0.0112,2026-04-19T02:57:30.010550
retranslate-20260419-v6,8930298a-5e32-4f78-935d-3e135028a24b,costruire-la-capacita-di-sperare-in-un-ospedale-psichiatrico,177b5f47-ec23-424d-92a2-88bcbbd1fb4e,building-the-capacity-to-hope-in-a-psychiatric-hospital,4dc22560d2a41bff,ok,,3335,928,0.00638,2026-04-19T02:57:50.607169
retranslate-20260419-v6,8963b26f-d7cc-487e-987c-11129a17505c,con-le-porte-sempre-aperte,6052ac3b-9be1-4141-bdae-20d7dda7720e,open-doors-8963,4b38633a2d2ef1db,ok,,3346,857,0.006105,2026-04-19T02:57:54.237475
retranslate-20260419-v6,8966e48f-7442-4d7c-a81f-01a51fa2f1a6,preparazione-al-pellegrinaggio-fede-e-luce-ad-assisi-1978,037bf822-257e-4e11-a8e1-30f14f1cd2fb,fede-e-luces-1978-pilgrimage-to-assisi-a-preparation,c4a251cdd6521217,ok,,4249,1599,0.009795,2026-04-19T02:58:00.098376
retranslate-20260419-v6,89779148-a840-4894-9b34-7a0b703c8191,le-nostre-gambe-newsletter-estiva-n-22,081b6218-065d-44ab-802b-a47b30d336f7,our-steps-summer-newsletter-no-22,5ed67533a0234549,ok,,3946,1642,0.009725,2026-04-19T02:58:05.074808
retranslate-20260419-v6,897e6a6d-95ce-433a-be62-83c7050e071f,gaia-puccio-emanuela-e-molti-altri,b8c529f5-e0cb-4363-b081-6eb92ce556da,gaia-puccio-emanuelaand-so-many-others,8dcd20ba694c8b45,ok,,2850,585,0.00462,2026-04-19T02:58:17.723733
retranslate-20260419-v6,89a87a4c-7335-483f-9dc0-f5fd25524036,parliamo-di-ri-educazione,01fa9e04-4610-4f47-8563-40a7f48e9af1,careers-in-rehabilitation-and-special-education,254f285033c86ac2,ok,,3828,1335,0.008402,2026-04-19T02:58:21.310061
retranslate-20260419-v6,89be8904-5603-4420-9ee9-e66ca677bdd6,come-essere-vicini-allaltro,630d4809-5858-4716-adc8-52c0fd08f866,how-to-be-present-to-another-person,de872f31334d3b10,ok,,3587,1093,0.007242,2026-04-19T02:58:24.104044
retranslate-20260419-v6,89c8d840-8349-43ee-b8ee-49d9cb09089d,vangelo-immaginazione-e-intelligenza,0144e423-fe2c-44d8-a184-5c9434fe1a5b,gospel-imagination-and-intelligence,49b352994bac8c29,ok,,3801,1300,0.008241,2026-04-19T02:58:34.171562
retranslate-20260419-v6,89e7d87d-8bc1-4744-9037-40659a14c8c0,una-specie-di-erasmus-con-fede-e-luce,479b191a-b4bb-462d-a4b9-beb0a2cefa32,an-erasmus-year-of-faith-and-light,ae1128d883f93710,ok,,4051,1496,0.009225,2026-04-19T02:58:36.859505
retranslate-20260419-v6,89ec29c9-488e-411a-a3bf-ad4bb0a952d4,we-have-a-dream-cinque-storie-di-fragilita-ricche-di-speranza,b59ff197-7655-46d0-8021-9de115478270,we-have-a-dream-five-stories-of-fragility-full-of-hope,3904eae8b5e66145,ok,,3278,905,0.006242,2026-04-19T02:58:49.379804
retranslate-20260419-v6,8a0b5455-9f1d-427a-8d30-0b7c57630c03,un-caso-di-coscienza,e5d37530-6c89-4a17-a8ae-58e45aea4554,a-matter-of-conscience,82a070b289b7cf8a,ok,,2589,410,0.003711,2026-04-19T02:58:56.761121
retranslate-20260419-v6,8a102bca-b5ef-4e29-b8fb-d515d5fd4d15,comportarsi-le-persone-cieche,d437ac17-67ea-4da5-ab15-10bec9b6162f,how-to-speak-and-act-around-blind-people,007378f4aa58007b,ok,,3206,864,0.006021,2026-04-19T02:59:00.032696
retranslate-20260419-v6,8a29273c-3fe5-49e8-90da-23ad6453af9d,siediti-nei-nostri-panni,1478c734-e0ff-45d4-89ff-cf42312d33d1,walk-a-mile-in-our-wheels-a-wheelchair-journey-at-spain-square,c34940d4e109e8b5,ok,,3168,787,0.005682,2026-04-19T02:59:02.164646
retranslate-20260419-v6,8a2f71aa-cf91-422d-8b25-03b9a71a68df,scendi-ancora-un-po,1075c83e-ad7e-4590-9b4c-596f25ec428d,come-down-a-little-farther,78acb8b48b450644,ok,,2477,336,0.003326,2026-04-19T02:59:09.515292
retranslate-20260419-v6,8a32be82-43cd-4da6-bb21-e4d762297c03,gli-scartagonisti-recensione,9f11c732-9d23-4968-bd26-c6c0254cc011,the-castawaysa-review,f8542309a7159122,ok,,2519,351,0.003419,2026-04-19T02:59:10.033484
retranslate-20260419-v6,8a5e9701-fb10-43ec-aab0-141c57d4806c,ragazza-aspy-di-agnese-spotorno-recensione,4974f36f-1e0d-41c8-99e2-da9e9cf7c123,agnese-spotornos-aspy-girl-a-review,8c92864f0440599c,ok,,2529,392,0.003591,2026-04-19T02:59:13.888508
retranslate-20260419-v6,8a64ac4c-8cb9-4955-a45e-4203aee2fa9b,assistenza-disabili-in-179-stazioni-ferroviarie,5c91b39c-30a3-43f3-a9f2-14c51dc67350,train-station-support-for-disabled-passengers-at-179-stations-nationwide,401eac6eb09aec68,ok,,2482,329,0.003302,2026-04-19T02:59:18.013027
retranslate-20260419-v6,8a701fe7-79dd-4689-a68e-1cc2b6a588a5,speechless-quando-la-disabilita-e-ironia,0ae9ffff-2a7c-46db-a896-077eed4164d1,speechless-when-disability-becomes-comedy,cbcccf6f2262e2c5,ok,,2709,528,0.004279,2026-04-19T02:59:21.092826
retranslate-20260419-v6,8a86b342-5dd6-4f5a-8eb7-e713d7884765,mai-da-soli,33ace811-ec4f-4c29-87a0-91ea8548f6a7,never-alone,539eb8e048eafa9c,ok,,3074,717,0.005327,2026-04-19T02:59:26.281751
retranslate-20260419-v6,8a428949-6ba1-4a4e-a2e9-26e609c2bed8,dialogo-aperto-n-90,8fe6e954-e0bc-412d-9af6-1adb1f47b607,open-dialogue-no-90,f07fa2ab47bdc729,ok,,4391,1704,0.010329,2026-04-19T02:59:12.721670
retranslate-20260419-v6,8a95de0d-4a05-43c2-9fd6-798e75ef4a0e,sordo-cecita-conoscere-per-prevenire,777ad706-3e8d-4a9b-8eb3-ba28d4e599c1,deaf-blindness-knowledge-as-prevention,044bd38d26f92cde,ok,,2436,326,0.003253,2026-04-19T02:59:34.573414
retranslate-20260419-v6,8a91b516-0cc2-4d76-9fa9-7b5239fab921,in-favore-della-cura-di-pazienti-non-collaboranti,171153f4-346f-4192-86af-21bf373fdf97,when-patients-cannot-speak-for-themselves-a-mothers-proposal,6696b1739cf98714,ok,,3662,1075,0.00723,2026-04-19T02:59:34.341720
retranslate-20260419-v6,8ab21944-38a0-4505-ba1e-75703b18ea7a,tutto-e-possibile-lettera-di-chiara,0de96c98-102f-4dd6-832c-09c77ca8a828,everything-is-possible-a-letter-from-chiara,afa619d2c3f910c8,ok,,2875,699,0.005096,2026-04-19T02:59:48.136260
retranslate-20260419-v6,8a9a4b65-6492-40b5-9e68-300592884c5c,la-vita-di-daniele-interviste-dopo-la-lettura-del-libro-chi-sarei-se-potessi-essere,13235c0e-9992-4256-8832-be1be4ae0c96,danieles-life-conversations-after-reading-who-would-i-be-if-i-could-be,94a9e8331e479790,ok,,4212,1615,0.00983,2026-04-19T02:59:37.762396
retranslate-20260419-v6,8ac19c56-b5a0-4422-9475-29e94a2291c0,sotto-lombrellone,58a6790e-5ec4-4030-b212-a95efb243d3c,under-the-umbrella,6a5d6eed92f3ed17,ok,,2422,340,0.003298,2026-04-19T02:59:59.345319
retranslate-20260419-v6,8ac02f52-63cc-4bef-8905-2718cdf9341f,psicosi-infantile-alcuni-consigli-utili,a223a315-6ed5-4d28-a0e8-abd06e2d34b1,childhood-psychosis-a-practical-guide,c0232b4358adc0df,ok,,3867,1286,0.008238,2026-04-19T02:59:55.400034
retranslate-20260419-v6,8b098758-906d-4619-a74a-2cb45a3e824a,il-libro-di-alice,c7c6483a-4a4c-4b8c-849c-5379e3fcbdaf,alices-book,a050ba4f155ecf2c,ok,,3146,758,0.005549,2026-04-19T03:00:10.768567
retranslate-20260419-v6,8b133595-44d9-4e1e-af74-c777458c46a1,il-festival-del-cinema-nuovo-dedicato-agli-attori-con-disabilita,65bc9b04-0e18-4b16-8e2c-19c330044ee7,festival-del-cinema-nuovo-celebrating-disabled-actors-on-screen,9c56de665cb6c999,ok,,2716,533,0.004305,2026-04-19T03:00:19.269197
retranslate-20260419-v6,8ad0f45d-96ef-4469-8dff-41bc06c99a6d,la-mamma-e-il-teologo,32f7eb12-1409-4388-8aaa-f8a57c4ff296,a-mother-and-a-theologian,e7211c1a576312f8,ok,,4412,1613,0.009982,2026-04-19T03:00:02.705776
retranslate-20260419-v6,8b3d635a-f1c4-42ac-93ac-67861eeab060,campi-di-giochi,a2dc6881-1147-48a4-a25e-35f31e97d570,playgrounds,805c7e92f6506912,ok,,2644,579,0.004431,2026-04-19T03:00:25.100394
retranslate-20260419-v6,8b18ccb3-700c-4578-bccc-2d7458dcbff3,come-in-trasparenza-diario-di-un-malato-di-parkinson-recensione,8381adfe-00ce-4ccc-b118-69f02ac57b0c,as-in-transparency-diary-of-a-man-with-parkinsonsa-review,02ddd64f09880f3e,ok,,3037,746,0.005414,2026-04-19T03:00:23.480610
retranslate-20260419-v6,8b49cad4-94d8-474c-89fd-d7c94544f97d,quarantanni-di-ombre-e-luci,f1efb568-2238-4345-a61b-c4da2f275217,forty-years-of-ombre-e-luci,875d2d692cfdefca,ok,,2857,607,0.004714,2026-04-19T03:00:31.094366
retranslate-20260419-v6,8b490635-5faa-4f21-8f5d-1992a6fff3ec,quel-riserbo-che-ha-conquistato-mio-figlio,ab1af746-dabd-43b9-a575-98b75a7bee2f,the-quiet-grace-that-won-my-son-over,018804be17e9e43d,ok,,3139,837,0.005859,2026-04-19T03:00:29.282299
retranslate-20260419-v6,8b69dcb3-c762-4d01-8b6a-ed527eb5d99d,chi-risponde-alle-domande,e22d4d60-b786-40fe-8735-ae7389cf94e8,who-answers-the-call,c26bf3107a0baace,ok,,3456,966,0.006629,2026-04-19T03:00:37.269768
retranslate-20260419-v6,8b845c55-a37e-4ba0-9ee4-5064da3055ed,i-fratelli-e-le-sorelle-di-ragazzi-con-disabilita-che-pensano-che-provano,eddbc179-b83b-414e-a867-e4978c45fe96,siblings-of-children-with-disabilities-what-do-they-think-what-do-they-feel,cc26e25a51c0668b,ok,,3821,1248,0.008049,2026-04-19T03:00:37.972799
retranslate-20260419-v6,8b86fa89-e832-496d-b44c-6017ba1d3dd5,i-nostri-grandi-amici-san-giuseppe-da-copertino,03a53566-b677-4079-8c11-58589ef96f8e,our-great-friends-saint-joseph-of-copertino-the-flying-friar,1b8cde686f3bb2fe,ok,,3146,926,0.006221,2026-04-19T03:00:49.197153
retranslate-20260419-v6,8bbd98d2-f81a-4616-9388-cd6659e55870,dalle-province-n-127,e44dc4cd-3a8b-49e6-b29b-a2c93de17b95,from-our-communities-8bbd,b50aae26589a84a5,ok,,3378,989,0.006658,2026-04-19T03:00:58.049772
retranslate-20260419-v6,8b8ca43a-cb74-4018-877e-bb810249f27f,boston-chicago-arca,2df0c210-31cb-400f-b752-9969cc258a0a,those-years-between-boston-and-chicago,eed85624bcd65c40,ok,,3952,1227,0.00807,2026-04-19T03:00:55.043648
retranslate-20260419-v6,8bf22541-a7ac-4285-b1e9-95f9137988d4,recensione-topside,35ad1077-c0ae-4f82-b979-85671692afea,topside-little-and-her-mothers-aimless-flight,d4ad9256aed687ba,ok,,2597,405,0.003698,2026-04-19T03:01:10.359305
retranslate-20260419-v6,8bd7497b-ffed-4f88-af16-15f311cbd085,atypical-stagione-4,2a5b809b-63b9-4196-8033-2bdb7b5f2b72,antarctica-and-the-atypical-life,b891685dd400472b,ok,,2980,659,0.00502,2026-04-19T03:01:08.794314
retranslate-20260419-v6,8bf5cfce-9ca0-4069-a8e1-4f12f5951452,arriva-il-primo-avatar-che-parla-la-lis-e-capisce-le-emergenze,8f60c09a-6b3e-46db-94c6-423c6ec31e1a,the-first-avatar-that-signs-understanding-emergencies-in-italian-sign-language,5fa5f79d2c4c1ea8,ok,,2912,606,0.004754,2026-04-19T03:01:14.713317
retranslate-20260419-v6,8c264f10-c2fd-4502-b00f-eada47da43b3,lo-sapevate-che-2,cdd06067-d05a-4c0c-aada-70c8169eb6f6,did-you-know-8c26,db5c1da3e353f45b,ok,,3048,647,0.005026,2026-04-19T03:01:19.989249
retranslate-20260419-v6,8c1d257d-d2ba-4f0b-b813-f3c3d4e3347e,uscire-dal-guscio-un-laboratorio-speciale,cdbccffe-c1c3-48c9-989d-bd11114ba4e5,breaking-out-of-the-shell-a-woodworking-workshop-with-a-difference,5337393831b96c1f,ok,,3563,1010,0.00689,2026-04-19T03:01:16.738323
retranslate-20260419-v6,8c508cb2-c33c-46ce-9975-d722272ae688,a-cena-in-famiglia,ddfa4c59-3baf-4d80-b23a-850f95150bec,dinner-with-the-ozzimos,048bc50bc4cc0b93,ok,,2873,620,0.004778,2026-04-19T03:01:26.753444
retranslate-20260419-v6,8c63ca19-7279-4584-a2fb-ef22e329e8c7,la-preghiera-con-maria-teresa,43ecfac0-3612-40e0-b2d0-6b721251e18f,prayer-with-maria-teresa,2b07cf8a640c5563,ok,,2506,380,0.003525,2026-04-19T03:01:32.325533
retranslate-20260419-v6,8c5916e7-2caa-42b0-bc10-4079a4f2b5f6,segni-efficaci,c7f35aad-7227-4b8e-bcd2-80b7c7c422d5,signs-that-work,814044dc100077c5,ok,,3763,1285,0.00815,2026-04-19T03:01:29.516270
retranslate-20260419-v6,8c85266f-4d78-4df4-8118-56c957a87f99,legge-sul-dopo-di-noi-issiamo-le-vele,a8936533-7154-4af3-bdb1-c93a95ad4229,after-us-setting-sail,bff145025c82c99e,ok,,2982,703,0.005198,2026-04-19T03:01:43.973749
retranslate-20260419-v6,8c76e31c-82e8-437d-bf95-1b9bbd1366ea,io-sono-una-come-voi-una-mamma,2b4a45f3-d8ec-41cd-a7d4-6a98cff932c1,i-am-a-mother-like-you,fb94cfb8feaae576,ok,,4427,1659,0.010178,2026-04-19T03:01:36.197296
retranslate-20260419-v6,8c93f90f-13cc-4b64-a216-b1d5ed15019b,roberta,66aa7a32-965e-41f0-809e-060d9281a0ac,roberta-8c93,53e36b95c9e207eb,ok,,3812,1339,0.008406,2026-04-19T03:01:58.326155
retranslate-20260419-v6,8c94d411-2425-403e-9b12-c2514f78d615,semaforo-rosso,a80b81b4-9711-4cd7-8542-567dd8ed2840,red-light,14d42cafb1ceeb2f,ok,,2938,651,0.004954,2026-04-19T03:02:14.065824
retranslate-20260419-v6,8c9be935-f5f3-4c5b-becd-b90c8f7f067a,lavoro-e-disabilita-la-cooperativa-controvento,a5fa7bc4-ae71-4e26-83fb-4e31722a90a4,work-and-disability-the-controvento-cooperative,ce58a0b902088903,ok,,3369,862,0.006143,2026-04-19T03:02:19.786167
retranslate-20260419-v6,8c862c01-fc08-4af0-8d3e-54330629cc01,cosa-e-fede-e-luce,72dc6b47-24c4-411f-a5ca-5b3f367fbaef,what-is-faith-and-light-8c86,eed4a3f84e12110d,ok,,6522,3134,0.017754,2026-04-19T03:01:52.449687
retranslate-20260419-v6,8caa4fe6-b622-4a4c-8dfd-ffe7f8754c3e,lourdes-miracolo-di-un-incontro,95aebca2-89bd-4f1a-9fb2-022b36d8e153,a-miracle-of-meeting-at-lourdes,8aab94bcdfe93882,ok,,3219,859,0.006011,2026-04-19T03:02:29.176786
retranslate-20260419-v6,8cacb601-e987-4ebd-a1f3-f8449cc8c1b3,figli-di-un-dio-minore-recensione,0db7c197-c3ab-4d2c-8680-df54dfb39b74,children-of-a-lesser-god,dfde7880220ce20a,ok,,2849,598,0.004671,2026-04-19T03:02:33.248094
retranslate-20260419-v6,8cdf486d-b314-4b65-8361-2774b14e09a9,storia-dellaborto-i-molti-protagonisti-e-interessi-di-una-lunga-vicenda-recensione,2bb8b0a6-a74e-406a-b46c-12b791fd3551,abortion-a-history-of-arguments-and-interests-a-review,5ddf25eed7a6cd52,ok,,2484,344,0.003363,2026-04-19T03:02:39.511172
retranslate-20260419-v6,8cf1c49e-ed7b-4b86-9d0c-1f1717d9df8a,dio-mi-ama-cosi-come-sono-recensione-libro,4e2a3cf5-0362-4a1e-a525-9263e61be7b3,god-loves-me-as-i-am-book-review,cd1b676537baae4a,ok,,2611,412,0.003737,2026-04-19T03:02:43.743260
retranslate-20260419-v6,8d375b94-f6b9-4534-ab88-34f6307f365a,lincontro-a-villa-pacis,419e112c-f84e-4209-9c47-4a2af9f61af8,a-gathering-at-villa-pacis,de22d5181c7fad50,ok,,2755,516,0.004268,2026-04-19T03:02:47.234477
retranslate-20260419-v6,8ccd140e-19d7-43a2-9dd3-1913d4b91e17,ci-hanno-scritto-n-19,018e0455-8486-4efd-8738-19d36f814ffb,letters-from-our-communities-8ccd,b81adff862856331,ok,,3768,1177,0.007722,2026-04-19T03:02:38.528231
retranslate-20260419-v6,8d84b62a-caa8-4850-8a44-de663fb43f4f,le-chiavi-di-casa-film,03c2c87a-bc72-4713-9876-3899ffd22f5a,the-keys-to-the-house,968baad454eada79,ok,,2725,520,0.00426,2026-04-19T03:02:53.354688
retranslate-20260419-v6,8da656cf-29c3-4375-8a20-601cc99b2612,jerome-lejeune,d9a0e89e-4048-46fc-ae78-bc56a0e409c1,jerome-lejeune-8da6,a1fb4eda8482a59f,ok,,2793,572,0.004522,2026-04-19T03:02:58.684164
retranslate-20260419-v6,8d47917b-ec01-4959-977d-9e6f45ee00b0,la-luce-simbolo-del-pellegrinaggio-di-roma-1975,db3a71f4-752a-4409-bab4-2ae7fda646fd,the-light-symbol-of-the-1975-rome-pilgrimage,89362385998d7d03,ok,,4074,1647,0.009847,2026-04-19T03:02:51.754171
retranslate-20260419-v6,8dabc561-d981-45bf-979a-39af877da896,dondolando-tra-lamore-e-lodio,3ec91e94-2d91-4416-aabb-30e6ea8aaa0f,swinging-between-love-and-hate,692cac5b4f327ece,ok,,2944,626,0.004859,2026-04-19T03:03:03.757796
retranslate-20260419-v6,8def42d4-4702-492e-a031-e3cac710eb16,sono-tornata-al-mare,2de87be4-a732-4670-8d6c-1b673fa0a51a,back-to-the-sea,fcb5af93e7e1d397,ok,,2969,727,0.005283,2026-04-19T03:03:10.056648
retranslate-20260419-v6,8debfd45-34b2-4c2a-90be-e75a142f0a07,catechesi-anche-per-le-persone-autistiche,64c60961-097d-4608-addf-51b44beebf66,teaching-the-faith-to-autistic-children,040f373571399fc3,ok,,4047,1387,0.008786,2026-04-19T03:03:08.141114
retranslate-20260419-v6,8df9fe32-86df-49e4-9c48-dd8680c0c9f0,il-giocare-del-bambino-autistico,1371172d-78c4-4b68-aebf-ac9f40bab3de,play-and-the-autistic-child,7f9992ff13873603,ok,,3455,941,0.006528,2026-04-19T03:03:16.582575
retranslate-20260419-v6,8dfb26c8-158e-448d-bdac-f8ed0915335b,non-cercare-il-sale-nella-minestra,b39661fd-814e-468d-9c7b-94c6ffbb3acf,dont-go-looking-for-salt-in-the-soup,b051fb87101af48e,ok,,3442,1000,0.006754,2026-04-19T03:03:25.024586
retranslate-20260419-v6,8dfc6b9e-4939-4ede-99f8-359efe100f58,ho-12-anni-faccio-la-cubista-mi-chiamano-principessa-storie-di-bulli-lolite-e-altri-bimbi,0f218b54-17a3-4817-b3ad-0763749b5a8a,im-twelve-and-im-a-go-go-dancer-they-call-me-princess-stories-of-bullies-lolitas-and-other-children,1120ae475e3e373a,ok,,2674,517,0.004207,2026-04-19T03:03:34.144267
retranslate-20260419-v6,8e183947-72ff-49f2-ba1c-f8376fc0006e,per-la-loro-educazione-visita-allistituto-statale-romagnolo-per-non-vedenti,e644cb00-5941-4fdc-90ca-57aa4eccf8ec,for-their-education-a-visit-to-the-romagna-state-school-for-the-blind,ca42488eb47335ba,ok,,4051,1461,0.009085,2026-04-19T03:03:36.902149
retranslate-20260419-v6,8e2c4c18-2cfd-4d17-9105-9d715b785738,dopo-di-noi-i-diritti-che-ci-sono,f233ec01-a6c3-4846-992e-d4a7854efdfa,after-us-the-rights-that-already-exist,80c6d47bb36c13a1,ok,,4408,1502,0.009534,2026-04-19T03:03:39.262809
retranslate-20260419-v6,8e45bb0b-d8c0-423d-bd45-c8e70f1f8a96,giovanni-paolo-il-e-le-persone-disabili,0633c829-9174-451b-83a1-77150676ee7c,john-paul-ii-and-people-with-disabilities,1faae9148de41f93,ok,,2730,473,0.004076,2026-04-19T03:03:54.671841
retranslate-20260419-v6,8e731cf6-d082-4d87-96fe-9550ad8ee539,cortocircuito-recensione,dd686756-c524-45c7-bbb8-82f97a54c231,short-circuit-a-review,58c6d90692a16449,ok,,2529,337,0.003371,2026-04-19T03:03:59.655764
retranslate-20260419-v6,8e6d67c9-e95e-4abd-9ff8-1e9f41fec4f4,la-rivincita-di-tommi,aacda93b-727b-4774-b878-f317202f444c,tommis-victory,0161f25fbb80bedf,ok,,2898,641,0.004882,2026-04-19T03:03:58.901304
retranslate-20260419-v6,8e92b2b3-a5e8-4674-b72a-2a4e925470e3,claudio-lavanda,fb494dee-9cbf-40fb-82f5-99a49cd453d0,my-cousin-claudio-and-the-scent-of-lavender,30828eeed2aaf9d4,ok,,3497,1073,0.00709,2026-04-19T03:04:05.399596
retranslate-20260419-v6,8eb9ea79-38d7-4e9e-836e-fabc5ed9d8ad,natale-russia,5bc02485-cd56-4515-ac0d-530e75667b3b,happy-new-year,fa5a510125fc2576,ok,,2935,650,0.004948,2026-04-19T03:04:18.398953
retranslate-20260419-v6,8e739a04-3283-49e9-9e74-80838780deba,cose-un-handicap-non-lo-so,bae265a0-9f2c-4868-a1fd-2371935c14df,what-is-a-handicap-i-dont-know,337708786073660a,ok,,5148,2494,0.014094,2026-04-19T03:04:03.396531
retranslate-20260419-v6,8ecd10e3-01c2-44cd-a973-00282351c6a9,e-una-offerta-unica,ecb0c39f-88b8-4d56-9800-58bcb9502a5f,a-singular-offering,0604e389d3f63e6f,ok,,3146,790,0.005677,2026-04-19T03:04:37.420906
retranslate-20260419-v6,8ebe40db-3470-4fbb-9a10-68e4cb7286aa,il-bambinello-di-marija,e4cb2ee9-24d9-4379-b711-d8d8cbaaee48,marijas-christmas-child,1b055e02a8fc17b4,ok,,4803,2071,0.012126,2026-04-19T03:04:25.308053
retranslate-20260419-v6,8ee6eb07-8860-4243-8c54-8a0571809a74,una-pizza-un-caffe,17dca422-a4fe-4d68-9be7-bffbe93e10e7,coffee-or-pizza,dff7bdcf42d05426,ok,,3470,1077,0.007084,2026-04-19T03:04:45.845688
retranslate-20260419-v6,8f24754a-c0f4-485c-9354-eeb42d6c614c,un-matrimonio-diverso,3c19d5e1-44e4-40a0-8a80-35755dee4709,a-wedding-like-no-other,40ff3e9b03d9c2c3,ok,,3122,770,0.005578,2026-04-19T03:04:55.316661
retranslate-20260419-v6,8f4260c8-7194-4bfe-aef9-649156067392,le-eta-della-vita-per-molti-ma-non-per-tutti,2c6af417-d0ac-475a-9f8f-e7a12528d304,the-stages-of-life-for-some-but-not-for-all,c5b94ae378e7c2e7,ok,,3082,770,0.005546,2026-04-19T03:04:58.644178
retranslate-20260419-v6,8f4a95af-fdf3-4b02-8ea6-b4ef1c513648,una-bambina-da-incontrare,bbe7f00c-4bc4-47ca-874c-8c524fbecb01,a-child-to-know,0dced723bf0444a7,ok,,3483,1018,0.006858,2026-04-19T03:05:03.815408
retranslate-20260419-v6,8f4b037e-45a2-48c2-b1f9-7546b12eb2e2,a-tavolaaaa,bd4882e2-77fd-4028-a50e-5b1d489375d0,come-to-the-table,5d2f2c246e36ed42,ok,,4059,1440,0.009007,2026-04-19T03:05:08.160308
retranslate-20260419-v6,8f5ec9a6-2686-44f7-a2f5-6e3b26495fe1,la-nostra-casa-baskin,ca9e7748-8afb-422d-8f52-e9737a6cea32,baskin-changed-our-lives,dcd05b2affc8ce0c,ok,,4476,1653,0.010193,2026-04-19T03:05:16.141237
retranslate-20260419-v6,8f6993d9-c794-4bee-82ba-03df5a567163,sono-tornato-stasera,dc2057b1-51c8-45f0-a063-834b39c4e0b1,i-came-home-tonight,cebeb4b4cb41c6ae,ok,,3838,1443,0.008842,2026-04-19T03:05:25.382763
retranslate-20260419-v6,8f73f81b-c7a8-4118-9f14-35ade0b0843b,un-bravo-lavoratore,ff9b319e-ce4c-454b-87b9-ae31396b3b82,a-good-worker,a04b8ba1b82b3c92,ok,,2664,475,0.004031,2026-04-19T03:05:39.199747
retranslate-20260419-v6,8f832d05-998e-43a8-91a5-c85cd0ac4dfb,fuori-fuoco-recensione,19b3f857-ecb0-4536-94e3-d400672b3fed,out-of-focus-a-review,a8b503c62e4735f2,ok,,2438,317,0.003218,2026-04-19T03:05:45.257167
retranslate-20260419-v6,8f729b6c-ba37-4c70-b0ad-188367e3e775,sollecitare-la-speranza,83afd401-46ff-4cab-8112-8d5bfc78aa7c,awakening-hope,9575ad6cbdbe8310,ok,,3484,1036,0.006931,2026-04-19T03:05:36.558015
retranslate-20260419-v6,8f8eca9f-c061-4679-a30e-217e5c2c6543,dio-ci-ama-tutti-incondizionatamente,cbc8e848-a0bc-4000-aaf8-afce6ae62802,god-loves-us-all-unconditionally,b7b6ce6dece1ff20,ok,,3092,786,0.005618,2026-04-19T03:05:48.807957
retranslate-20260419-v6,8fed3958-b3ba-4588-88c4-d32293656f74,il-mio-primo-caffe-con-mariangela,e4f5cfdf-429e-49d7-9ee8-601fa0d7fb7f,my-first-coffee-with-mariangela,03e77785bd42ea94,ok,,2550,408,0.003672,2026-04-19T03:05:55.250276
retranslate-20260419-v6,8fdb572c-31a2-466d-b8c7-26eed5b22e2c,cooperativa-il-trattore,2e927253-8e1c-4a77-94e9-646d62fb856b,the-tractor-cooperative,3fa679b11e3e30cf,ok,,3219,742,0.005543,2026-04-19T03:05:49.910328
retranslate-20260419-v6,8ff6ce1b-18e3-4ed6-b6ae-cb54941fdcc6,se-avessi-ascoltato-la-mia-disperazione,e4d11444-c2ec-42da-8385-5f83d9d01b2c,what-if-i-had-listened-to-my-despair,947163d681f04823,ok,,3769,1245,0.007995,2026-04-19T03:05:59.407962
retranslate-20260419-v6,9016f0eb-fb01-484b-b21c-34b984236862,dialogo-aperto-n-93,cf13512b-fab7-424e-b2f4-74a02e892633,open-forum-93,7c39a20d75562896,ok,,3963,1386,0.008714,2026-04-19T03:06:00.814776
retranslate-20260419-v6,902b511d-ed8e-40d4-88bd-403c6afa2360,un-oro-al-giorno,3ae11e25-0d2d-4fc1-891d-33194ce736e4,gold-every-day,36e91a0265c8ba70,ok,,3756,1140,0.007565,2026-04-19T03:06:14.995342
retranslate-20260419-v6,903c08fc-4e35-45fe-84db-6fc01b375285,teresa-una-storia-di-lavoro-integrato,e8eac0da-f2e0-4321-ae44-98be16f05150,teresa-a-life-of-work-fully-integrated,421ad271b4b60b7d,ok,,4841,2145,0.012453,2026-04-19T03:06:18.418916
retranslate-20260419-v6,90524970-f60f-4c3f-b438-7d5f14f4e857,editoriale-le-nostre-paure,d9e3b20a-140f-438c-bd20-c84f3851ba90,editorial-the-fears-we-carry,4955669289916fc1,ok,,2817,600,0.004654,2026-04-19T03:06:50.647882
retranslate-20260419-v6,9045d12a-484c-40ea-87ca-a2ce1fa97390,dialogo-aperto-n-106,198f5c36-c793-42b2-9caa-69d011a00b83,open-dialogue-no-106,cbc58b61cde99422,ok,,4880,2043,0.012076,2026-04-19T03:06:28.554409
retranslate-20260419-v6,906bbacd-cf41-4e9a-883a-4c7325168afa,nella-mia-parrocchia-non-sono-piu-accolta,fa62572f-7ba6-4ab6-b9fe-bbd495e874c2,im-no-longer-welcome-at-my-parish,3feda7fb4b64e7d6,ok,,3348,909,0.006314,2026-04-19T03:06:56.360918
retranslate-20260419-v6,90a9d198-78bd-44ee-9e3a-68043587eeb9,la-paura-di-amare-recensione,4bde0c65-7671-4c3e-93d0-e6f67a50f25d,the-fear-of-love-a-review,a50c6fb17661c515,ok,,2391,291,0.003077,2026-04-19T03:07:07.332985
retranslate-20260419-v6,90be02e5-955c-4092-ae80-55e8e4e3dd0a,la-figlia-del-silenzio-recensione,306941f5-fa25-48c3-b38d-979a8207ea72,the-daughter-of-silence-review,a78ab32cd9931db4,ok,,2486,376,0.003493,2026-04-19T03:07:13.316631
retranslate-20260419-v6,90f520aa-d162-48e9-af7f-c3d2b07a1dbd,si-legge-tutto-dun-fiato-recensione-del-libro-blessings-di-mary-craig,a651d877-32d6-4c9e-a532-c4aa36dd8468,a-book-you-cannot-put-down-reviewing-blessings-by-mary-craig,5957fa8bc60bc3e2,ok,,2843,612,0.004722,2026-04-19T03:07:16.952060
retranslate-20260419-v6,90a7df80-13bb-4b0b-afaf-8238f4279a3f,vita-fede-e-luce-hola-madrid,e2efd409-c27a-4680-931e-8500172f6b08,faith-and-light-in-madrid-hola-madrid,e8945554772f50fb,ok,,4957,1838,0.011318,2026-04-19T03:07:00.157852
retranslate-20260419-v6,9117a160-6247-40f5-95eb-67d49519f498,la-lotta-del-padre-cittadino-per-far-vivere-meglio-i-nostri-figli-disabili,944a9197-7319-4f3f-8429-a3918b59f409,a-fathers-fight-giving-our-disabled-children-better-lives,abe4512615bf809e,ok,,3253,902,0.00621,2026-04-19T03:07:22.457504
retranslate-20260419-v6,9125a582-b25a-4274-8136-41e98ba3b2b7,serve-davvero-pregare-per-la-pace,8a061dd1-0433-48ae-9a16-ded3fb460e4e,does-prayer-for-peace-actually-work,ee8abcd1c010d896,ok,,3319,860,0.006095,2026-04-19T03:07:27.502514
retranslate-20260419-v6,9136175b-7c39-4897-8944-984fefc22a7a,viaggio-italia-recensione,99559dd8-1eea-4e2c-861f-7b55fd02bbfd,viaggio-italia-around-the-world,8cbec6a89c5cbd25,ok,,2388,273,0.003002,2026-04-19T03:07:33.653453
retranslate-20260419-v6,913758d5-b93b-43bf-926d-5b2bc6bd3048,la-fortuna-di-avere-daniela-lettera-di-una-mamma,b8bcd594-95e2-4525-b6b1-f0d6577b5ee0,the-gift-of-daniela,dd05fa81a128b773,ok,,4403,1670,0.010202,2026-04-19T03:07:37.091501
retranslate-20260419-v6,91501a55-3261-4afd-846e-31b6ac82bfbe,aiutami-a-giocare,f8817e13-c0b8-4c45-8035-c5fb631c992e,help-me-play,19a9c1c0bab9720b,ok,,2538,335,0.00337,2026-04-19T03:07:58.418866
retranslate-20260419-v6,91425b78-d042-4b9f-9a7e-dfaf929769c6,recensione-il-coraggio-di-essere-uguali,14d127b6-b4e0-4e81-8c24-f5823d3fd7e6,the-courage-to-be-equal,2de109cbd7da793a,ok,,5195,2123,0.012648,2026-04-19T03:07:37.219447
retranslate-20260419-v6,9195fd5e-2e39-4c57-abcf-b5be9a89da69,ho-tante-cose-nuove,7dbd88a4-94f3-4a16-802d-1aaff9fd5b9f,so-many-new-things,1bc9d184a7d88005,ok,,2750,556,0.004424,2026-04-19T03:08:02.159597
retranslate-20260419-v6,91a16735-afba-41d1-af2e-0b6720fd390e,il-piccolo-adolph-non-aveva-le-ciglia,e60c55be-1989-4610-9ed2-3aa8ac67a1e2,the-boy-called-adolf-had-no-eyelashes,a1ba938f845b9f98,ok,,2849,624,0.004775,2026-04-19T03:08:06.125231
retranslate-20260419-v6,91df13d8-9791-4880-9f6d-871a62e0c3a3,andare-dal-dentista,915816c9-118c-4439-bd82-11f164310591,the-dentists-chair,710f29e3c36b6117,ok,,3109,701,0.005291,2026-04-19T03:08:07.278680
retranslate-20260419-v6,91f710e3-73be-4276-a6c2-e220b3b0dbcf,grido-di-pace,b88dc876-ce33-4355-bc27-0d9793e37e81,a-cry-for-peace,c5df072de3ec24ad,ok,,2912,666,0.004994,2026-04-19T03:08:12.351634
retranslate-20260419-v6,922b00ae-57f7-49a4-9c7a-9164bc21574d,regione-liguria-via-libera-a-progetti-per-disabilita-e-anziani,4130b9db-03f1-4f84-bd87-b4fe7d80adaa,liguria-funds-110-groups-to-serve-disabled-and-elderly-residents,6d8c30fef96ccf09,ok,,3213,702,0.005378,2026-04-19T03:08:16.083336
retranslate-20260419-v6,9261158f-ec0c-4373-86c2-f7ec184eb23f,proviamo-unaltra-volta-proviamo-unaltra-strada-sesso-e-affetto,e8b0415d-1488-44b8-a4eb-92bf5da4afa1,try-again-try-another-way-sex-and-affection,7bed27c8d12004b6,ok,,3062,680,0.00517,2026-04-19T03:08:25.045012
retranslate-20260419-v6,927c26be-9da0-43c4-b100-65bb05629730,la-bimba-delle-lumache-recensione-libro,a098076c-32d3-4af0-a006-21f3562e3c0e,the-girl-who-loved-snails,2042486c47f163f2,ok,,2454,326,0.003267,2026-04-19T03:08:32.736206
retranslate-20260419-v6,92418e84-baa7-4b1d-ba35-bc7cf72b201d,cosa-e-e-come-funziona-una-comunita-fede-e-luce,ccbca77c-9c4e-43c7-81ad-ff3c128c2029,what-is-faith-and-light-and-how-does-it-work,5156addb4a5d72fc,ok,,5136,2156,0.012733,2026-04-19T03:08:17.308350
retranslate-20260419-v6,929b7a23-7008-4eeb-ad2e-8c18ca9fd822,nonostante-lhandicap,fc5ca127-9837-482a-ba62-a9e9d41b67c9,beyond-handicap,e4d6833de09b787c,ok,,3106,787,0.005633,2026-04-19T03:08:36.484782
retranslate-20260419-v6,929d7193-2668-494e-9a6e-13289b625894,io-ho-pulito-il-tavolo,ca04530e-6c9f-4094-a860-bb3544414132,i-cleaned-the-table,3e879e6037d86aa9,ok,,2971,706,0.005201,2026-04-19T03:08:44.358573
retranslate-20260419-v6,92e6c3be-4f5c-43e1-afb6-a75dc311ae46,catechesi-disabilita-confessione,4093e721-831d-4b08-bdc5-42271ac19dad,catechesis-and-disability-the-sacrament-of-reconciliation,fa464d47127b11e2,ok,,2999,759,0.005435,2026-04-19T03:08:51.387428
retranslate-20260419-v6,9307c42b-946d-42c9-a239-b39160e7f0a6,e-adesso-viene-il-bello-newsletter-estiva-n-35,885c6126-3924-47bd-af9f-3f973ff734fe,and-now-comes-the-best-part-newsletter-no-35,2cd420fef63c05a7,ok,,3379,1134,0.007239,2026-04-19T03:08:59.357215
retranslate-20260419-v6,930e27d2-7450-45d0-8f46-7d52f0657c87,alla-fine-medaglie-per-tutti,23ebe0e5-cbdf-4fc5-a9ad-a9edec2f5842,everyone-gets-a-medal,b5118a9aecd08899,ok,,3055,757,0.005472,2026-04-19T03:09:08.719836
retranslate-20260419-v6,92b654cc-b8f6-4695-ba26-143b2c0f2967,dialogo-aperto-n-94,8bbafdc6-31c3-455e-9aa9-d975f99d44d3,open-forum-94,252e8064b56450dd,ok,,3906,1324,0.008421,2026-04-19T03:08:44.515402
retranslate-20260419-v6,934ce229-b12e-49a7-9234-a4eb7b4eba89,lavorare-con-gli-altri,de38107b-fa09-4ab7-bbdd-4d3298848d72,working-alongside-others,284696e5c7aa463d,ok,,3297,831,0.005962,2026-04-19T03:09:16.638605
retranslate-20260419-v6,93516f5d-fd6f-4296-931a-3d862c78fe50,quello-che-non-uccide-recensione,9dd36bbb-d77a-4958-b080-275da78f146c,what-doesnt-kill-you-david-lagercrantzs-thriller-and-the-mystery-of-autism,aef4ad2b2a81e9fd,ok,,3389,977,0.006619,2026-04-19T03:09:27.346729
retranslate-20260419-v6,9350dfb2-5990-493a-b39c-12a18047c0e7,fare-rete-con-la-rete,f3d3990c-cb71-46d5-94dd-7c90f4226efb,network-through-the-network,c7351f285c889058,ok,,3632,1025,0.007006,2026-04-19T03:09:26.704144
retranslate-20260419-v6,936598df-e04e-4b3a-a60d-59a3337963c3,luoghi-della-relazione,2de7895c-68c1-40f6-982e-d91501e621b6,places-of-relationship,96490b74f6d9a9f9,ok,,2562,405,0.00367,2026-04-19T03:09:38.834903
retranslate-20260419-v6,93672432-e508-4055-932e-73a0e7cc1ce7,sofia-cavalletti-strumento-tra-i-bambini-e-dio,a2ee849a-c818-4b1a-9ab5-8dc739481b17,sofia-cavalletti-a-bridge-between-children-and-god,c02019562dc381e0,ok,,3231,1050,0.006785,2026-04-19T03:09:40.372483
retranslate-20260419-v6,9372c093-e49f-47bf-9352-7cec3780a7d2,la-sfida-dellarca,eae60637-0783-483c-8c9e-8bd1bfc3f51c,the-challenge-of-larche-9372,258f80242d82430e,ok,,3086,781,0.005593,2026-04-19T03:09:48.358316
retranslate-20260419-v6,9373bd0d-f9f8-4ae5-be7e-25360da8149e,presenza-reale,f90adb4d-31ad-475a-a20a-a1948ebaac3d,the-real-presence,001925a9189f13c0,ok,,2900,646,0.004904,2026-04-19T03:09:55.880203
retranslate-20260419-v6,9370f693-87f8-4f58-86cb-21fb19d29958,alzheimer-il-passato-perduto-per-sempre,be4a4237-4cb3-4e2f-a8fe-df4baa7f89c3,alzheimer-when-the-past-vanishes,2999ad8b99054b60,ok,,5044,2017,0.012103,2026-04-19T03:09:42.984682
retranslate-20260419-v6,93760bde-3cf8-405e-83aa-a5076f723aa1,vita-fede-e-luce-n-66,6e48b6a5-77b4-4d1b-897d-9c51eed13b46,life-faith-and-light-no-66,8823a0fcf572bc69,ok,,3769,1277,0.008123,2026-04-19T03:10:00.827382
retranslate-20260419-v6,9394a4bb-5d83-4356-b161-d270a4ea01fa,la-scelta-di-alessandra,86e64f83-aca9-47af-9022-6991278ef01c,alessandras-choice,1305d2674fa7542e,ok,,2835,611,0.004712,2026-04-19T03:10:16.108069
retranslate-20260419-v6,937ccedb-7536-4ad9-95ab-187885d06b22,sulla-sua-strada,fd9091b4-707f-49dc-9318-bf54e5aea714,on-her-path,a756993a37f68c5f,ok,,3733,1217,0.007854,2026-04-19T03:10:13.341340
retranslate-20260419-v6,9398c7db-c8b1-41c0-a6ad-035096e8fd0e,un-bambino-speciale-in-famiglia,2e4f94a7-e9b6-4521-bf57-094d750bd7ce,a-special-child-in-the-family,96b2be1a0f789cb1,ok,,2424,270,0.003019,2026-04-19T03:10:28.124789
retranslate-20260419-v6,9396bc9b-81e9-435e-8cd3-cc5c026e02a1,la-vittoria-di-marie,6bf939b6-0822-4037-8f0c-9b513bbb3eb4,maries-victory,1144fcaff785f643,ok,,3233,807,0.005814,2026-04-19T03:10:22.958812
retranslate-20260419-v6,93b899d7-7bb4-4fa8-96ee-260ee2463875,chi-cura-le-anime,61d8074c-0848-4a77-bc6b-a0bd18bc66f2,who-tends-the-soul,86fadd491748ef38,ok,,2627,426,0.003806,2026-04-19T03:10:32.504219
retranslate-20260419-v6,93bdd203-ba07-42b0-bfed-0d3c7ff22906,sulla-croce-come-gesu,ec51d862-92f2-4776-8dac-f262ca80be46,on-the-cross-like-jesus,2ce57e4662d99308,ok,,3323,934,0.006394,2026-04-19T03:10:37.276470
retranslate-20260419-v6,93b88278-f473-43dd-83ef-ea147b64ef00,festa-del-cinema-roma-2023,2994988f-bb77-486e-aa89-ae8df50aa1c6,from-the-rome-film-festival-five-films-on-disability-and-fragility-worth-watching,a5f9172fe003a644,ok,,5109,2221,0.012971,2026-04-19T03:10:31.542753
retranslate-20260419-v6,93d0016b-a2b4-4bcf-9f59-1f278ea2b396,laiuto-spirituale-dei-nonni,4dd04cef-5dca-4c85-8f52-3b832b77293f,grandparents-as-spiritual-guides,4d39f7915639ae3a,ok,,3608,1074,0.007182,2026-04-19T03:10:47.615762
retranslate-20260419-v6,93d081f7-c691-4095-a86d-6ea19a0828d5,basta-poco-non-farci-sentire-soli,74d11592-0d7f-41b3-8a74-24e18dd98e3a,it-takes-so-little-to-keep-us-from-feeling-alone,b06a40523e61011b,ok,,2867,639,0.00485,2026-04-19T03:10:57.445827
retranslate-20260419-v6,93ee9628-33af-469c-855f-850f31ddfc13,tra-il-dire-e-il-fare-non-ce-piu-il-mare,79bd0de7-a5cc-4cea-9855-f5c8bfed69e5,saying-and-doing-bridging-the-gap,9ae6737ef99c2e56,ok,,3530,1031,0.006948,2026-04-19T03:11:00.408019
retranslate-20260419-v6,9459c0be-fee6-4a5e-9b06-19549f6a1ead,lamore-non-basta,0ace676a-de49-4716-9b49-77ac5e0a941f,love-is-not-enough,dd8a587105a56a9c,ok,,2688,513,0.004202,2026-04-19T03:11:12.925181
retranslate-20260419-v6,93efd86f-48ed-451f-b5ac-5171a2f22ccf,sbagliando-sinventa,b5fe3e4c-9254-429d-9066-39203d1d7ecb,making-magic-out-of-mistakes,55c91a7e0ba91ccf,ok,,3934,1225,0.008047,2026-04-19T03:11:03.758022
retranslate-20260419-v6,947142e7-ef03-46e4-b9bb-21d06422fe8b,dialogo-aperto-n-1,48e9bb1d-cfc6-41e9-955a-9f90ce3bd4e9,open-dialogue-1,b0868c86fe1e3ea0,ok,,2381,245,0.002885,2026-04-19T03:11:19.865487
retranslate-20260419-v6,9482d2fe-0c8a-4f83-a2ed-8e6c4b874d35,il-valore-dellintegrazione-in-the-blind-side,61b919cc-8a45-477e-807f-3f22a7c1b0c7,the-power-of-belonging-why-the-blind-side-still-matters,0665432257fb67fa,ok,,2679,453,0.003955,2026-04-19T03:11:22.833421
retranslate-20260419-v6,94934d6a-76d8-46ba-9b3f-f33dddc9aceb,non-voleva-bene-a-sofia,a2d13bae-cc5a-421c-b30d-48687f61bbae,he-did-not-love-sofia,4d52629048b0507d,ok,,2845,635,0.004816,2026-04-19T03:11:29.385152
retranslate-20260419-v6,94b7e70b-7b4e-4bad-b3fd-633437358c8e,quando-arrivano-fatti-coraggio,854a12d6-3b88-4082-a068-5e00746b6821,when-courage-becomes-the-cure,7739f0e6aa4a350e,ok,,2783,512,0.004274,2026-04-19T03:11:35.327580
retranslate-20260419-v6,94be75f6-3682-40ed-8512-b7b85e95391f,lora-di-greco-recensione,79bc3b1b-9dce-4040-af59-6f34921abeb1,the-greek-hour-review,33f61dcd51d1a71e,ok,,2416,320,0.003213,2026-04-19T03:11:40.493142
retranslate-20260419-v6,94c83822-b7de-422d-b0b5-b32ce0b19aca,perche-non-ci-capiamo,4e12e583-9653-4430-aab5-cb38e0bf02d0,why-dont-we-understand-each-other,1a291443fce561ef,ok,,3590,986,0.006816,2026-04-19T03:11:45.192882
retranslate-20260419-v6,94dcf0ea-9eb5-47b1-9af5-a159c890589b,conoscere-handicap-autismo,ae7223da-293f-4634-89fb-cae93a15245b,understanding-autism,7a2a23149f17e3c8,ok,,2660,436,0.003872,2026-04-19T03:11:57.720438
retranslate-20260419-v6,94ef5b2d-7b6a-4f31-b2e3-b3807c7e6bde,sergio-e-un-buon-giardiniere,ea14f009-0087-4d15-b6df-4f9081a5717d,sergio-is-a-good-gardener,88d6cfb64b911de2,ok,,3474,1027,0.006887,2026-04-19T03:12:02.458636
retranslate-20260419-v6,945f3bc9-3b04-40f5-a180-5b87e8b71747,e-molto-piu-bello-fare-il-volontario-che-il-presidente,696fc108-4ea6-4c98-bed6-979fcdad76db,being-a-volunteer-beats-being-president,403136505b1475d5,ok,,2732,494,0.004162,2026-04-19T03:11:17.916751
retranslate-20260419-v6,9572cd98-8080-4bae-b6b8-c9e2f151282c,come-me-anche-la-sposa-era-vestita-di-bianco,607bd478-becb-43c9-9d36-3e1ebbf740fd,the-bride-and-i-both-wore-white,dead95d214e8041a,ok,,2782,585,0.004566,2026-04-19T03:12:25.810374
retranslate-20260419-v6,957b6045-de80-417b-b9a8-45f74c16d671,il-tempo-delle-donne-recensione,fa6e8da6-9b2c-42e4-9f74-24eedbfb49ba,a-womans-time-review,16b7d0e07286890f,ok,,2552,381,0.003566,2026-04-19T03:12:30.920784
retranslate-20260419-v6,959e7216-27f8-4688-a67f-664335e06921,dialogo-aperto-n-39,e51f2b71-3595-481e-a352-9e244b3baa06,open-forum-no-39,5249a5e3c00d438a,ok,,3359,1018,0.006759,2026-04-19T03:12:34.727123
retranslate-20260419-v6,95559245-ba98-4e5d-8bda-dcc733501b58,difficolta-loro-o-nostra,2369c6fd-ed1b-47ab-8b4b-33f783332602,whose-difficultytheirs-or-ours,a0e465bfb97015a6,ok,,6035,2922,0.016516,2026-04-19T03:12:14.735148
retranslate-20260419-v6,95d10373-14dc-4149-bc9f-f7b78401d146,nutrire-sogni,078d5718-bd49-4d4b-ab46-3458f1d69a50,nourishing-dreams,0c45f385b4215c54,ok,,2838,625,0.00477,2026-04-19T03:12:55.414609
retranslate-20260419-v6,95d13d63-28f1-4ee6-b827-85c4a74d4c98,quel-gesto,e761464a-cf71-4319-9f52-9f68c66c9697,that-gesture,c8344e3b15bf3449,ok,,3069,829,0.005771,2026-04-19T03:13:00.647553
retranslate-20260419-v6,95cb39f4-cd36-4310-ad21-4a8504545e6e,posso-vivere-lssenziale-che-non-e-fare-per-ma-vivere-con-le-persone-piu-fragili,5e919c69-c8a4-4ee4-a55f-120a466147df,living-the-essential-not-doing-for-but-living-with,d30f7257696e51a4,ok,,4417,1656,0.010158,2026-04-19T03:12:48.773653
retranslate-20260419-v6,95d36d18-ced8-4539-9f1d-d764f1958282,con-tanta-voglia-di-fare,76602ccb-5a1e-46ff-8d41-c4878d95622c,full-of-purpose,5d71d9245bd3b9b4,ok,,2573,370,0.003538,2026-04-19T03:13:08.026926
retranslate-20260419-v6,95f095dc-0f23-405b-ac8a-2da4c4f1198c,altalena-giardini-montanelli-papa,4f10b695-0f86-414b-91ec-bb0e9dd628f4,when-kindness-breaks-a-fathers-story-of-the-swing-at-montanelli-gardens,aa358fd4cb945b14,ok,,3364,962,0.006539,2026-04-19T03:13:12.842644
retranslate-20260419-v6,95f357f4-93a1-46d8-ba76-a8ec76dcf309,qualcosa-e-cambiato,d5f4d738-88e5-4d40-95c6-5dd2f535ca17,has-anything-really-changed,d4cb9334b6f22869,ok,,3370,819,0.005972,2026-04-19T03:13:24.879896
retranslate-20260419-v6,95e18728-6bbc-4842-86bf-34f2f1e6aec5,la-luna-nuova-di-casa-betania,6e47dc25-b04e-4b17-a8a0-ddf1d8b8546a,casa-betanias-new-moon,7e76f07ba9f4c736,ok,,4966,2073,0.012265,2026-04-19T03:13:09.450614
retranslate-20260419-v6,962b5077-47e8-4e75-a31b-290c555ffddf,falsi-moralismi-sul-bello-di-essere-down,2e276e64-de43-44b1-8141-b2f6d7190e99,the-false-morality-of-finding-down-syndrome-beautiful,e5165adceca1ef54,ok,,2810,519,0.004324,2026-04-19T03:13:38.119273
retranslate-20260419-v6,960f2461-4c15-4ee2-8f92-1313ef633cdd,kripton-un-film-per-ribaltare-linvisibilita-dei-disturbi-mentali,d3a4b769-ce3b-49a2-aa23-3d3d26faa969,kripton-a-film-to-break-the-invisibility-of-mental-illness,d6c57ebfc75cc4c2,ok,,3773,1455,0.008838,2026-04-19T03:13:35.546271
retranslate-20260419-v6,96418c1f-7b59-4dae-a690-4aa106174a58,quando-e-volontariato,16fad091-3bf3-4728-8c3f-82aad58dad2e,what-makes-something-truly-voluntary,dec3fefe7ec28635,ok,,3199,778,0.005671,2026-04-19T03:13:44.759006
retranslate-20260419-v6,964b2bda-4ee1-4b04-8d47-4c571aa152d1,trovai-lavoro-in-una-casa-farmaceutica,da0210a8-7722-497f-b014-13a35d6c7df0,i-found-work-at-a-pharmaceutical-company,4d09cce3918fa5b4,ok,,3029,708,0.005255,2026-04-19T03:13:53.964231
retranslate-20260419-v6,9648ac06-3bca-470e-89a1-b0d01d02bc8a,storia-di-unamicizia,c253018b-bf60-4f46-9ea4-aaea21c7b306,a-friendship-that-changed-everything,c4d28323797e0e6b,ok,,3806,1284,0.008181,2026-04-19T03:13:48.515910
retranslate-20260419-v6,966d482d-e162-4e8f-adcb-0e0d80abc199,siblings-recensione,2c8a631f-d8ec-4e52-b10d-72ae0436b59d,siblings-a-book-review,8cc1bfea411456e3,ok,,2470,346,0.00336,2026-04-19T03:14:04.939739
retranslate-20260419-v6,968537f4-5563-49a8-8e5d-eca13956e4d5,visto-da-vicino,5dd3d6fa-1f54-40c8-81ae-aa139cd78161,a-close-look,2358d552ebd15d06,ok,,3151,816,0.005785,2026-04-19T03:14:08.982878
retranslate-20260419-v6,965f9683-e47e-41d5-a223-6040df70e7e4,mai-piu-soli,53df54ef-6031-4620-b255-e8eea38efa56,never-alone-again,fb93610a22dbb670,ok,,4026,1496,0.009205,2026-04-19T03:14:01.956413
retranslate-20260419-v6,96ab302a-5a68-4490-8b2b-f3bee7a29bb8,irene-laura-gabriele-unesperienza-che-fa-crescere,230a4970-16ef-4e51-8552-f4a60be55bc5,irene-laura-gabrielea-growing-experience,84d2c20e2169abfc,ok,,2771,534,0.004353,2026-04-19T03:14:19.568009
retranslate-20260419-v6,96b0e56d-89df-4e13-9267-796c409cb750,val-la-pena-di-vivere,1addc51e-4eb7-4033-a050-34e09daeb2ae,its-worth-living,5972b60a236d1cdf,ok,,3240,864,0.006048,2026-04-19T03:14:25.091284
retranslate-20260419-v6,96a0d311-fb0f-4397-b299-00af88ac17e1,una-comunita-e-essere-insieme,809f066f-c1d2-4323-a9c6-3bd501521484,a-community-is-being-together,563025a28da5a7f3,ok,,3811,1275,0.008149,2026-04-19T03:14:18.477968
retranslate-20260419-v6,96c3550c-75ec-4f51-bfd5-1b62a76402c4,che-cosa-e-larche,c0b69777-3439-4962-8cf0-741b996fe662,what-is-larche,03d0e07b1eb13d34,ok,,3827,1220,0.007942,2026-04-19T03:14:35.760637
retranslate-20260419-v6,96bd57ac-4550-4282-8200-700977f8f0e5,piccoli-passi-in-sicurezza,b1259a98-5fe6-4789-b5d3-a59138d2cbd3,small-steps-safely,ab095333c31003a7,ok,,4234,1579,0.009703,2026-04-19T03:14:34.375804
retranslate-20260419-v6,96dba73e-ee2b-4629-ad23-f2e2ccb229dd,connessi-per-davvero,00532847-08c4-40de-831b-4ea84b25f875,real-connection,75943389c9296b0a,ok,,3111,790,0.005649,2026-04-19T03:14:53.475330
retranslate-20260419-v6,96d8a8e8-a178-4eb4-80ce-a3ef35ce0435,quando-la-natura-da-rivivere,6a0c9aca-2407-400c-be64-7773961c8f2a,when-nature-brings-us-back-to-life,0834e234575692f1,ok,,3618,1066,0.007158,2026-04-19T03:14:49.587762
retranslate-20260419-v6,96f992aa-5000-4302-a932-a89fb403fedc,bambini-autistici-scuola,c20d7fc6-e4a1-4b8e-8dab-f0fb3c23a3f3,autistic-children-in-school,58b7831e35676616,ok,,3295,921,0.00632,2026-04-19T03:15:01.723317
retranslate-20260419-v6,96e2631b-6bf1-4520-a0de-ddca64afe6fe,ombre-luci-n-17-1987-sfogliabile,0d9745f5-166a-4379-a109-7b3e2dc10b11,ombre-e-luci-issue-17-1987,33046e4e8335c64f,ok,,2083,44,0.001842,2026-04-19T03:15:01.382300
retranslate-20260419-v6,970a6592-5470-4293-9a36-57627cc5350f,cascina-rossago-un-bel-progetto-di-struttura-per-ragazzi-autistici,9bbb51e8-1de4-4970-a0c3-2c5b611dea74,cascina-rossago-building-a-home-for-young-adults-with-autism,ba6f18ee1335240f,ok,,3666,1102,0.007341,2026-04-19T03:15:11.384312
retranslate-20260419-v6,976b4bf4-b06d-4288-a5a5-78aca957b4db,zia-giuliana-il-carrellino-della-nonna-e-le-mie-domande,8be82ca9-2986-46cf-b9f8-6440c394232e,aunt-giuliana-grandmothers-walker-and-my-questions,304389009d41ea76,ok,,2831,642,0.004833,2026-04-19T03:15:23.483780
retranslate-20260419-v6,971222a0-9517-4b78-be64-6e3de2f3f74b,e-poi-arriva-il-natale-newsletter-n-27,96786e0b-7947-40ed-a5ec-7eba23461924,then-christmas-arrives-newsletter-no-27,dd7f2c0234c4245d,ok,,4182,1791,0.01051,2026-04-19T03:15:14.014535
retranslate-20260419-v6,978f36d3-f991-4750-a21c-01fc4e423582,lourdes-1981-venerdi-santo,b72c4382-2592-4855-8454-cdcab72e9f71,lourdes-1981-good-friday,e1cf54345b3b1050,ok,,3062,828,0.005762,2026-04-19T03:15:29.619516
retranslate-20260419-v6,9795608f-ab3d-4ee0-a59d-40ea96c29306,tutti-portano-tutti-ricevono,1a4aea06-ea55-458e-8b44-89f0ec44c923,everyone-gives-everyone-receives,a5bf7dc674ee97b4,ok,,3428,912,0.00639,2026-04-19T03:15:36.168580
retranslate-20260419-v6,97ab8f3f-fd7b-4807-8515-f8b3bb8068f9,gli-amici-dei-bimbi-reparto-gesu-bambino-istituto-santeusebio-vercelli,08c47d9b-7ef7-4591-8bdb-6a35ff13996b,friends-of-the-children-in-the-gesu-bambino-ward-at-st-eusebius-institute-vercelli,29d16f7542917b38,ok,,3178,843,0.005914,2026-04-19T03:15:48.384299
retranslate-20260419-v6,97b2c8e2-f8d0-4353-a070-3ba13d03b8f9,convento-una-seconda-famiglia-per-giampiero,3c47c925-d0f9-43c8-aea5-385125fddfdf,the-monastery-giampieros-second-home,35e6a3749d0affbc,ok,,4468,1816,0.010838,2026-04-19T03:15:56.367972
retranslate-20260419-v6,97e1be87-8714-4a8b-b3a0-86d66d0d80d1,si-puo-fare-da-vicino-nessuno-e-normale,e6526618-c0be-4110-be24-e4a592f8eceb,it-can-be-done-up-close-no-one-is-normal,ca29797a30972cc0,ok,,3429,1030,0.006863,2026-04-19T03:16:21.251634
retranslate-20260419-v6,9d27bea7-147a-4fbc-83d0-da0ea605c166,bartimeo-uomo-solo-in-mezzo-alla-folla,,bartimaeus-alone-in-the-crowd-9d27,d757cdc68fd6d77d,error,HTTP Error 400: Bad Request,4939,1920,0.011631,2026-04-19T03:16:33.557600
retranslate-20260419-v6,a6fc12c0-2927-4fc6-9338-c4c9eae9da52,cinema-e-disabilita-i-3-film-di-andrea-guglielmino,d35c0410-8bf9-4151-98ab-c1c8d3d47881,film-and-disability-three-picks-by-andrea-guglielmino,bd02a11b232842a6,ok,,2202,148,0.002354,2026-04-19T03:16:59.933497
retranslate-20260419-v6,a98638fa-9b62-4b8e-951f-b3dc565c2803,cinema-e-disabilita-i-3-film-di-adriano-ercolani,d9b2c0ac-b4f1-4575-bd8f-b10a6d342d89,cinema-and-disability-three-films-by-adriano-ercolani,9047e014a5ef33ab,ok,,2208,133,0.002298,2026-04-19T03:17:01.923071
retranslate-20260419-v6,aa1a54ec-f2ae-43cd-988b-04c1f3ac8cff,quarte-di-copertina,c532ef0c-ff81-43e1-ba76-514f530b4398,back-covers,fcb32213343a74e8,ok,,2144,93,0.002087,2026-04-19T03:17:04.656414
retranslate-20260419-v6,ace2f282-0cce-4061-a011-7a9b5967d88d,e-il-diritto-allo-studio,1d60baac-5af6-43ee-9264-f0c776bae43a,what-about-the-right-to-study,5ea0580ee218def6,ok,,2152,107,0.00215,2026-04-19T03:17:06.431086
retranslate-20260419-v6,979071db-58b1-41a2-830b-345794166e43,dialogo-aperto-n-19,,,d99283ca33f4ab05,error,Quality gate fallito: HTML: href persi: ['http://www.ombreeluci.it/1987/dialogo-aperto-n-18/'],,,,2026-04-19T03:15:32.268324
retranslate-20260419-v6,afd4c67e-b402-4b2d-852d-65c97db1bb4d,ombre-e-luci-n-7-1984-sfogliabile,2c5a6d02-7e0b-45df-9301-9042fbd28b4c,shadows-and-light-no-7-1984,83c014e5152d75bf,ok,,2083,42,0.001834,2026-04-19T03:18:20.114037
retranslate-20260419-v6,bd9b1c6d-26df-468b-b799-31159378196d,cinema-e-disabilita-i-3-film-di-emilio-ranzato,7742a06a-645f-40b9-a506-e4342f7b79fe,three-films-on-disability-emilio-ranzatos-choice,54b04bd91adfb3c2,ok,,2189,120,0.002231,2026-04-19T03:18:21.476217
retranslate-20260419-v6,be096ce1-a60b-4a43-b150-1003a7083431,famiglie-una-riflessione-di-padre-roberti,26feab10-49e4-4916-a5a3-9fb44dfbbf7e,what-families-teach-us-reflections-from-father-roberti,db801597f20abbe3,ok,,2868,577,0.004602,2026-04-19T03:18:23.299443
retranslate-20260419-v6,be69a10d-b62b-4626-970d-a9e7e2cab1a9,la-depressione,aceed4ce-b959-4769-af6f-f293ac8a78a5,depression,06aec2d3f0235eb4,ok,,2843,555,0.004494,2026-04-19T03:18:30.356278
retranslate-20260419-v6,be6d64ff-4231-47d1-877f-649466a9dc35,pane-amore-e-fantasia,c5d2d5a9-e954-4b35-90f8-9b62295adf6a,bread-love-and-imagination,79b8dd90702bd43c,ok,,3196,760,0.005597,2026-04-19T03:18:36.337528
retranslate-20260419-v6,af4ba4dd-656c-45b9-903b-1dce6b5e1527,nuovo-sito,,,889fa5c5d08cc324,error,Quality gate fallito: HTML: href persi: ['http://www.ombreeluci.it/fede-e-luce/'],,,,2026-04-19T03:17:08.382455
retranslate-20260419-v6,be8470a0-131b-48d1-a04c-ad2c91af3f8a,ombre-luci-n-18-1987-sfogliabile,ace5e056-bf1e-4694-9c9e-5ebf9ed76d54,ombre-e-luci-no-18-1987-browse-online,dd6aa354c5a29cba,ok,,2083,48,0.001858,2026-04-19T03:19:00.832742
retranslate-20260419-v6,be8278c0-e882-4a57-89d4-1b5e3a144d82,i-doni-di-dio,94502014-f745-4dad-91f6-7d3b31147382,gods-gifts,c28012a4508c4c9e,ok,,4102,1459,0.009118,2026-04-19T03:18:45.150370
retranslate-20260419-v6,be8482e9-4d4c-4cb8-80ee-c811eaf61bcf,spastico-un-modo-improprio-di-indicare-una-persona-colpita-da-una-paralisi-cerebrale,e3beb010-b8ed-4f4b-a593-707a03510f95,spastic-why-this-term-misrepresents-cerebral-palsy,cb03759177a07ffb,ok,,3415,952,0.00654,2026-04-19T03:19:02.148147
retranslate-20260419-v6,beff6862-e36d-4de9-b7cb-c35643d62a68,vacanze-con-la-differenza-nel-cuore,3f442ee1-9e88-4bc6-8dfc-af6a410a88f2,holiday-with-difference-at-the-heart,8f23eeee193d12d5,ok,,3953,1237,0.00811,2026-04-19T03:19:11.038659
retranslate-20260419-v6,bf406f15-50ae-4609-b5e1-8743df537940,a-tutti-i-gruppi-fede-e-luce,8f852425-5dfc-48f1-9c8b-da21f117b4a0,to-all-fede-e-luce-groups,bef068427e867b65,ok,,2426,317,0.003209,2026-04-19T03:19:28.407207
retranslate-20260419-v6,bea3eeb0-fe3a-417e-a34f-c12122635e9d,dialogo-aperto-n-99,fe56fe7f-b273-4ac9-af89-618aa2c25d5e,open-forum-no-99,51dc209f58bb78ba,ok,,5589,2755,0.015491,2026-04-19T03:19:02.904608
retranslate-20260419-v6,bf5b6108-9635-46e5-aa28-a0d7c0970e69,lo-sguardo-degli-altri,507b11b3-d5c7-4223-bdbf-920ac97320a1,the-gaze-of-others,cb91ecbeeb4302da,ok,,2376,247,0.002889,2026-04-19T03:19:43.170465
retranslate-20260419-v6,bf42e9bb-19d6-4347-9d4c-5191d7a41218,jean-vanier-le-sacrament-de-la-tendresse,fbae4a1a-e0ba-4ff9-b124-957b35c20433,jean-vanier-the-sacrament-of-tenderness,f9237e74425821da,ok,,4204,1485,0.009303,2026-04-19T03:19:31.463945
retranslate-20260419-v6,bf60996f-3448-4062-b620-eb2a86f0c4de,esperienze-estive-fra-arche-e-mary-mount,66b91054-92d7-4967-ae29-34be883e97c6,summer-days-at-larche-and-mary-mount,3a93d530a0ada03e,ok,,3022,744,0.005394,2026-04-19T03:19:51.307130
retranslate-20260419-v6,bf60bedc-fdb2-4436-ad75-60e4fd868195,primo-campeggio-fede-e-luce,31b9e708-5dce-484a-ae32-dbe447829e01,faith-and-lights-first-summer-camp,f74bad0be90d98ef,ok,,2877,564,0.004558,2026-04-19T03:19:58.920463
retranslate-20260419-v6,bf628f6f-0192-4026-b633-abdf081ca099,dario-sei-anni-ci-parla-i-bambini-che-capiscono-di-fede-e-luce,2b2edcb0-97d8-460e-8716-d656e8eec1a9,what-six-year-old-dario-understands-about-faith-and-light,adebbf5f63add8dc,ok,,3221,873,0.006069,2026-04-19T03:20:04.933450
retranslate-20260419-v6,bf5fbb99-69dd-4174-baf6-11b5ff32b61a,vivere-con-rifiutati,a710aacc-b26a-4f02-8e09-c48d47b1c8f5,living-with-the-rejected,cabbfb7559a5cc84,ok,,4801,2077,0.012149,2026-04-19T03:19:45.852794
retranslate-20260419-v6,bf71e990-dd47-4828-b61e-57dde9e33e18,il-nostro-cammino,a9149ffe-0d31-4cf2-899b-5ddca14fddff,our-journey,ff944e87ed10eecf,ok,,6228,2500,0.014982,2026-04-19T03:20:14.213915
retranslate-20260419-v6,bf7247e6-8e33-417f-8e68-68a1e8a7cefb,centro-di-solidarieta-don-lorenzo-milani,3f52312b-6916-4951-8d5c-182ca01b0abe,the-don-lorenzo-milani-center-for-solidarity,7df96671b6b54823,ok,,6099,3054,0.017095,2026-04-19T03:20:15.167185
retranslate-20260419-v6,bf7b3c06-a39b-410c-9ef9-5738965fb101,laboratorio-la-stelletta,18b43fbb-e42a-4e84-bb44-a5b5a4fc14fb,the-little-star-workshop,d6afd6154292a7a4,ok,,4398,1686,0.010262,2026-04-19T03:20:53.274310
retranslate-20260419-v6,bf8e4862-471d-4d2e-adc9-1481a853ffc0,pellegrinaggio-a-roma-con-foi-et-lumiere,a64d7a6f-4b52-42bb-8f1f-8d79ad23d92a,a-pilgrimage-to-rome-with-faith-and-light,ec28be6f30316519,ok,,3096,801,0.005681,2026-04-19T03:21:14.582761
retranslate-20260419-v6,bf831251-b427-4a30-92c1-393abcf40db0,vita-fede-luce-n-26,dba04ba6-2212-4bb9-a7db-ee9edffd38d5,life-in-faith-and-light-issue-26,2f63d9b4045582c7,ok,,5753,2685,0.015342,2026-04-19T03:20:53.663174
retranslate-20260419-v6,bf9f229b-0e50-47ef-b898-3e902e740312,un-fratello-da-nascondere,5c0f689e-4a3e-47cf-9f31-a311d61641ad,the-brother-she-couldnt-tell-anyone-about,d73e0242aa6875a3,ok,,2601,348,0.003473,2026-04-19T03:21:32.831885
retranslate-20260419-v6,bfb4c824-08e8-48d4-a69c-3eb6dc63bfd5,il-valore-del-cammino-insieme,121e319f-22a9-43e0-87ac-8b9af8e41281,the-gift-of-walking-together,e3c9a73c9b47eaa3,ok,,2768,541,0.004378,2026-04-19T03:21:37.398313
retranslate-20260419-v6,bf928b19-ef16-4df4-8868-55a69835b4e6,amore-e-disabilita-in-casa-famiglia,233d6891-faa8-4f68-a977-ff1691dde344,love-and-disability-in-the-group-home,b2ab61e56fd4b85a,ok,,4459,1687,0.010315,2026-04-19T03:21:21.647982
retranslate-20260419-v6,bfc50176-0b50-4176-9521-ab33a2b95491,ora-la-mia-vita-sta-riprendendo-forma-e-colore,2cbe33e3-31b1-4b5c-a6fb-2d178ac5402a,my-life-is-finding-its-shape-and-color-again,7e40a345df576ec7,ok,,4391,1630,0.010033,2026-04-19T03:21:43.355306
retranslate-20260419-v6,bfe9fceb-a88a-4fcc-b2cb-c27a73550f58,teologia-disabile,c5069984-5b1a-44ac-8767-fa75894844e5,when-theology-itself-is-disabled,dac6cb81b52f46d4,ok,,4580,1747,0.010652,2026-04-19T03:21:43.574467
retranslate-20260419-v6,c0001d20-ec47-4664-898e-d513fdf4c51e,dialogo-aperto-numero-3,fca1b5d6-3509-4d7e-b9c6-14211c3ad360,open-dialogue-issue-3,09f8218128ae63c5,ok,,3266,889,0.006169,2026-04-19T03:22:04.569305
retranslate-20260419-v6,c0985357-8630-4f50-86ae-63059c15b47f,la-persona-fragile-via-verso-lunita,1849144b-8753-423e-a708-89bfc10ae822,fragile-lives-a-path-to-unity,9487f59a2d94ed55,ok,,2970,660,0.005016,2026-04-19T03:22:14.961104
retranslate-20260419-v6,c0930ddb-29b3-43be-84af-f1819db07571,vita-fede-e-luce-n-40-incontro-alpi-danubio,fa4180a9-084d-4b44-baa4-154009147a57,faith-and-light-gathers-at-the-crossroads-the-alps-danube-meeting,c165c4314182a82d,ok,,3884,1261,0.008151,2026-04-19T03:22:06.038996
retranslate-20260419-v6,c0a1575c-dafd-49e0-917d-3d65caaf51e2,testi-e-sussidi-per-la-catechesi-alle-persone-portatrici-di-handicap,665a34b9-2583-4bee-9bab-e6e59527e5be,catechetical-resources-for-people-with-disabilities,ab47105397c201c2,ok,,2735,621,0.004672,2026-04-19T03:22:22.398351
retranslate-20260419-v6,c0a47082-6ab8-4c20-900c-6dea9120960b,fino-allultimo-respiro,55b29c5c-9bc0-421b-b84f-755fc7e7e865,until-the-last-breath,f0bc41dc77b18790,ok,,2745,489,0.004152,2026-04-19T03:22:26.664379
retranslate-20260419-v6,c0a0ccbb-375e-410e-a42f-c9faf547abd5,il-casale-delle-arti-e-mestieri-un-progetto-di-integrazione-per-ragazzi-autistici,23b7529e-9ab5-468b-b36b-6a8d28f19ced,the-farm-school-building-work-and-dignity-for-autistic-youth,434ba3e031fa8592,ok,,5255,2328,0.013516,2026-04-19T03:22:19.990609
retranslate-20260419-v6,c0a8d7ff-8f59-47d3-b137-89958307c495,recensione-listen,52ff01cf-e202-4ad0-a0d4-629691921c64,unheard,3b69617479ee7482,ok,,2721,443,0.003949,2026-04-19T03:22:46.970861
retranslate-20260419-v6,c0b00a82-193e-4161-b2bf-4706af9c914c,dialogo-aperto-n-158,5fd76af0-de20-4cc2-bdc4-d51d0e315ecd,open-dialogue-no-158,3a9c862d8a4e1340,ok,,3148,867,0.005986,2026-04-19T03:22:52.573386
retranslate-20260419-v6,c0b66341-8f4a-42f8-93ef-871f3d77b28a,come-fai-a-credere-alla-madonna,6f2e23e2-fb26-48a0-87d8-4ee9d0200f3e,how-do-you-believe-in-mary,5600d6d9940a56dd,ok,,2995,678,0.005108,2026-04-19T03:23:00.465055
retranslate-20260419-v6,c0a6ab00-3cc8-43b3-b18a-0762eb605087,dialogo-aperto-n-85,0a49d361-4d04-4128-bfea-27aa2983449f,open-dialogue-no-85,570461176e6b3c49,ok,,5679,2711,0.015387,2026-04-19T03:22:31.897614
retranslate-20260419-v6,c0d84fca-9e4f-4bd2-889e-98902e801974,una-scuola-di-vita-non-e-sempre-facile,7996e39a-11a0-492a-85c8-4228ed4caf3b,a-school-of-life-not-always-easy,23d0ce47216fae51,ok,,2860,601,0.004692,2026-04-19T03:23:07.346338
retranslate-20260419-v6,c0eda1f7-eecc-4dbd-a138-4383f8357aea,competere-col-dolore,d4caaacc-29e7-4778-a538-79acdcb503c5,wrestling-with-pain,79e10519c4707ddb,ok,,2724,462,0.004027,2026-04-19T03:23:12.706350
retranslate-20260419-v6,c1049bcc-0527-4f92-a10b-14d740d80b9a,quel-che-a-volte-serve-per-farsi-capire,b492e24c-f917-4c61-a55d-13aac31800f8,sometimes-you-have-to-swear-to-be-heard,4774e27835c743fa,ok,,2777,581,0.004546,2026-04-19T03:23:17.485440
retranslate-20260419-v6,c109231b-6f3c-4e7c-8b64-61c3feb97e93,donne-dellaltro-mondo-recensione,c781f867-7eb0-4713-9175-c9f3bf5f8501,women-of-another-world-a-book-review,525e38304100531b,ok,,2400,298,0.003112,2026-04-19T03:23:23.080537
retranslate-20260419-v6,c0de59ea-f717-44e1-9951-9a14812eacb2,conoscere-lhandicap-la-sindrome-di-williams,b7f254ae-ba94-4b32-bb66-0ed52b4ee632,understanding-williams-syndrome,8dab8d21ee242f89,ok,,3980,1319,0.00846,2026-04-19T03:23:11.165595
retranslate-20260419-v6,c10b70c2-4951-4088-bc24-dd386592bbe3,dietro-le-quinte,a0d6ba13-5312-45e3-aaf0-d88ac2bc784d,behind-the-scenes,479b6b446abc5ce7,ok,,2873,690,0.005058,2026-04-19T03:23:26.250480
retranslate-20260419-v6,c11bc7c3-9585-45ee-8cc4-ec11a4ae3c76,dialogo-aperto-n-40,2d355ebb-ae7c-4a8b-8da6-bbafe3d4d71a,open-dialogue-40,c204afb75f314b95,ok,,3451,1000,0.006761,2026-04-19T03:23:32.130432
retranslate-20260419-v6,c14ac867-23de-4fb1-b0ba-852b273dd056,storie-di-lavoro-chi-sarei-se-potessi-essere-la-condizione-adulta-del-disabile-mentale,28219f6a-7d15-43a6-bb0b-a28bf5894ed7,work-stories-who-i-could-become-growing-up-with-intellectual-disability,96945535ea9b2db4,ok,,3222,807,0.005806,2026-04-19T03:23:43.940540
retranslate-20260419-v6,c110228b-4306-4270-be91-94d85d74884c,scuola-disabilita-e-sostegno-su-aipd-la-guida-scaricabile,1037e010-7c35-46da-8d13-4a3179537ef8,school-disability-and-support-aipds-free-download-guide,af06e1c1210853da,ok,,3296,723,0.005529,2026-04-19T03:23:27.113821
retranslate-20260419-v6,c1a18bf8-3fef-42ec-a740-085ede1e694c,domande-e-risposte-sul-domani-dei-nostri-figli,0119c70b-04c4-4745-846b-6c99e9c723d2,questions-and-answers-about-your-childs-future,84a9b753e1711434,ok,,4038,1251,0.008234,2026-04-19T03:23:52.780395
retranslate-20260419-v6,c1a4e579-6982-4ce8-b4aa-7dbd91de5864,agli-amici-vici-siate-disponibili,fdc908d7-23da-4281-bb9e-4f592a39f826,be-there-for-them-a-friends-guide,244b57b5c0750a37,ok,,3065,758,0.005484,2026-04-19T03:24:10.906854
retranslate-20260419-v6,c1899e42-0254-417a-b209-b29744ea9157,la-parola-alle-mamme,ef94e44a-0eae-49df-856c-2db986a90f50,voices-from-mothers,52efb6cc7b7e913d,ok,,6207,2701,0.01577,2026-04-19T03:23:52.658017
retranslate-20260419-v6,c1a90d38-5cee-4771-86ee-b98c6fe77b68,a-4300-metri-di-altitudine-newsletter-n-31,67b4d68c-fa84-4561-b8dd-ea3b2b42914c,4300-meters-high-newsletter-n-31,db75140d259eafef,ok,,4087,1694,0.010046,2026-04-19T03:24:19.165037
retranslate-20260419-v6,c1c6e447-6c9f-403a-9b12-445b8eb69544,ci-hanno-scritto-n-18,7a4b93d6-1f36-4bd3-953c-177657da6802,letters-remembering-gianluca,b062ac47a7e80b9d,ok,,3337,953,0.006482,2026-04-19T03:24:35.016478
retranslate-20260419-v6,c1e0c302-d75e-4e86-8ad7-3be578b43d40,conclusi-i-xxx-giochi-nazionali-invernali-special-olympics,ef7907da-e83a-45b2-a18d-eb4fe481e5ff,special-olympics-30-years-of-winter-games,d77f056d12d8a415,ok,,3506,935,0.006545,2026-04-19T03:24:45.552504
retranslate-20260419-v6,c1c4a188-8f4f-4c40-8960-50adfd22367f,cronache-da-venezia-78,e695e5a2-7232-45dc-b218-d1fd2093a62e,venice-festival-diary-78,230834e7b42c40e7,ok,,4605,1897,0.011272,2026-04-19T03:24:32.402143
retranslate-20260419-v6,c1eb0b24-0a71-47de-8a64-9ca597e631f2,come-il-ferro-con-la-calamita,03d8897e-0df6-467c-a1e4-8d157d442906,iron-to-the-magnet,64887e903b35b8e1,ok,,3549,1070,0.007119,2026-04-19T03:24:55.806608
retranslate-20260419-v6,c1ee660c-b02e-4c87-aa84-8a734265a531,attivita-di-tempo-libero-e-vita-comunitaria,9e2d0106-8d0c-4628-a3aa-ce1e7d5011e1,leisure-time-and-life-together,3af45ff81a91dc0e,ok,,4370,1690,0.010256,2026-04-19T03:24:55.824572
retranslate-20260419-v6,c1f583cc-1401-4b58-babe-734f323624d7,che-significa-essere-fedeli-alleredita-che-si-e-ricevuta,1955283d-9a3e-4dfb-ae62-cbe15f6e9779,staying-true-to-an-inheritance-what-fidelity-really-means,0551cc8082e1f050,ok,,3467,974,0.00667,2026-04-19T03:25:08.966913
retranslate-20260419-v6,c2064666-78de-453f-b674-2a027bfaeb89,vita-fede-e-luce-n-9,8c4c5d04-5a24-4a5e-8199-50763c78a492,faith-and-light-in-motion-issue-9,037a93cacf8863b5,ok,,3771,1158,0.007649,2026-04-19T03:25:15.972226
retranslate-20260419-v6,c211c162-d704-495a-abb1-29b217ff0b5f,un-po-di-follia-per-fare-meraviglie,1e069b06-bc9c-4683-b6b1-93701fdb316f,a-little-madness-to-work-wonders,c2cded9e130be306,ok,,4704,1765,0.010823,2026-04-19T03:25:20.957726
retranslate-20260419-v6,c22133b9-4dc7-4e24-b029-7e943876c2a2,dalla-disperazione-alla-speranza,a60fa467-b2c9-4f5a-9abb-09947549aff8,from-despair-to-hope,b78acfb08399655f,ok,,3699,1144,0.007535,2026-04-19T03:25:45.156577
retranslate-20260419-v6,c2130231-ba89-43e1-a156-8f7d6520f0a8,come-non-perdere-cio-che-abbiamo-vissuto,c995e535-b180-47ad-9032-56ef5ea2eb2d,how-do-we-hold-on-to-what-weve-lived,f15ca6bdde3df38e,ok,,4750,1965,0.01166,2026-04-19T03:25:30.881167
retranslate-20260419-v6,c24cb56b-509a-484d-8ff8-844ed8b47da1,integrazione-del-disabile-radici-e-prospettive-educative-recensione,3e4cd824-f138-4404-bcb4-c41d7596479b,educating-disabled-children-a-book-review,aba85a2dbff942ab,ok,,2415,301,0.003136,2026-04-19T03:25:58.707316
retranslate-20260419-v6,c2273be3-e7bc-4400-b4c3-769102c500bd,fede-e-luce-in-terra-santa,cac4cd1f-ccf3-4d5d-812f-b811a55e9b76,faith-and-light-in-the-holy-land,079ebeaa81048dfe,ok,,4392,1518,0.009586,2026-04-19T03:25:58.160243
retranslate-20260419-v6,c2803d7d-524b-4531-a632-74f3b3e6109a,e-la-vita-eplodera-itinerari-didattico-educativi-per-linsegnamento-della-religione-cattolica,bc25a8a8-6b34-4cd7-84ab-47462c7b5aa7,and-life-will-burst-forth-a-teaching-guide-to-catholic-religion-in-the-classroom,bf1f8447961548ed,ok,,2655,389,0.00368,2026-04-19T03:26:17.878919
retranslate-20260419-v6,c25bcd82-5793-4225-9ce8-bf336fb746aa,voglia-di-comunicare,a597e6d8-273d-46c6-9bb2-a1f40e20f84c,the-hunger-to-speak,e7ed543c99484261,ok,,4537,1736,0.010574,2026-04-19T03:26:01.925489
retranslate-20260419-v6,c2b82a3f-0b20-4627-bee2-5115e4fd0089,bisogna-accettare-che-un-bambino-abbia-delle-resistenze,9206ad3e-8c74-4389-882f-1a4c7a5ec117,children-have-resistanceand-thats-normal,d3e0b0623d6a8a73,ok,,3163,724,0.005426,2026-04-19T03:26:23.631992
retranslate-20260419-v6,c28da680-9060-4680-ba13-e17bda4bb4e4,parlano-senza-parole,b80931e2-d460-4a26-b029-40e615fab40d,how-they-speak-without-words,d90aa48e1349b544,ok,,3545,1145,0.007416,2026-04-19T03:26:22.386751
retranslate-20260419-v6,c2c306dd-5595-4984-9972-28bed6e5e34f,lettera-a-un-medico-per-la-nascita-di-un-bambino-disabile,4cdf1f22-04f4-444d-9ef4-5e2dd9a24848,a-letter-to-a-doctor-the-birth-of-a-disabled-child,28ea54eda9e6a23a,ok,,4525,1674,0.010316,2026-04-19T03:26:31.817602
retranslate-20260419-v6,c2c7fcca-ca99-4ca6-9a6e-2356f73c2dbe,dalla-tenebra-alla-luce,ebdb3599-9545-438f-bf76-3b02b5e9ca3b,from-darkness-to-light,f49c8c1d2997254b,ok,,4403,1871,0.011006,2026-04-19T03:26:36.066052
retranslate-20260419-v6,c2da4241-ce1d-4d4f-9ab9-8b0b8e42de0a,perche-esiste-la-disabilita-e-dio-il-responsabile-del-mio-handicap,494372b4-eca1-4317-94c5-d43a7bee3a7c,why-does-disability-exist-is-god-responsible-for-my-handicap,9c1dcdf11702b485,ok,,2801,555,0.004461,2026-04-19T03:26:56.656793
retranslate-20260419-v6,c2d95bbb-2e33-41ad-aaf9-b5013a731da2,lettera-di-speranza-alle-mamme-e-ai-papa,157648a7-249d-4046-b611-261b26de651a,a-letter-of-hope-to-parents,b7010488ff1af7bd,ok,,2936,643,0.004921,2026-04-19T03:26:54.988744
retranslate-20260419-v6,c2f8cbc2-dffa-4964-b69e-b5b8e941580f,come-riconoscere-la-sordita-infantile,e26cd2b9-eed1-4131-a173-baf632dfaffb,recognizing-hearing-loss-in-children,c1c37cf154a4ef8b,ok,,2685,438,0.0039,2026-04-19T03:27:01.338641
retranslate-20260419-v6,c3289dc6-3375-4e62-bb51-c44bc19a7e31,notiziario-di-fede-e-luce-n-10-1976,c6289523-3060-438a-a311-052d5656b54b,faith-and-light-newsletter-no-10-1976,66c3bb2135c71cdc,ok,,3296,929,0.006353,2026-04-19T03:27:01.798959
retranslate-20260419-v6,c33ab1a0-2b00-495a-af79-d41feb922962,la-fola-de-nadae-la-favola-di-natale-in-dialetto-veneto,d27077f4-0d0f-4c68-8ff4-54ecf8ffec56,the-christmas-tale-in-venetian-dialect,fbb44dea251c7a5b,ok,,3661,1394,0.008505,2026-04-19T03:27:06.318514
retranslate-20260419-v6,c341a46f-faa6-42e7-83d8-66a73462f281,lhandicappato-mentale-adulto,2e3207fd-431e-4a00-8a65-170512568415,the-adult-with-mental-disability,0dfa987cbcf05fc0,ok,,2786,536,0.004373,2026-04-19T03:27:11.665510
retranslate-20260419-v6,c35ddf36-45fa-4225-a4df-d9ef3b7889be,cinema-e-disabilita-i-3-film-di-claudio-cinus,6193a23f-6fc1-431c-a37f-ee4d3935d3de,three-films-on-disability-claudio-cinuss-essential-list,3fecdf9873c0483a,ok,,2132,72,0.001994,2026-04-19T03:27:18.831564
retranslate-20260419-v6,c3632c69-eea6-4183-8a82-c2a4aae3706e,arturo-paoli-ne-valeva-la-pena-recensione,5c33a924-bd15-4231-bbda-31911e754dfc,arturo-paoli-it-was-worth-ita-review,8d87c14c2e5295e5,ok,,2676,515,0.004201,2026-04-19T03:27:20.477539
retranslate-20260419-v6,c3575e81-c72a-4f46-9f84-9678a132708e,13-con-maria,f2d944b5-cbe1-4d98-baa0-f936ba9a2720,with-mary,d71f57f83d2f0df0,ok,,3739,1327,0.008299,2026-04-19T03:27:18.647888
retranslate-20260419-v6,c3770593-ef54-4387-bba4-e9a093770e29,piccole-ma-decisive,fdf36f67-59c8-4739-b8f0-942b3ae5b2fa,small-but-decisive,f5c6f88e3749db4d,ok,,2808,586,0.00459,2026-04-19T03:27:25.162304
retranslate-20260419-v6,c395ddc2-d2cc-4af8-b361-523b7ab964bd,il-lavoro,325cdc70-8aab-4182-8bbd-4dec8e7daff6,work,0e22b0ffe67a6194,ok,,2495,357,0.003424,2026-04-19T03:27:31.847134
retranslate-20260419-v6,c3904c68-df91-4119-bc13-c4a139a26bec,natale-giappone,8ff0159c-540f-4bf3-a705-98f7a2e6a2ce,merry-christmas-from-japan,1babf2885370c534,ok,,2736,486,0.004133,2026-04-19T03:27:31.222470
retranslate-20260419-v6,c3bbd88e-47cd-4827-ba5f-0c3aaf6506a4,associazione-invitati-alla-festa,d2cde140-8577-407c-bc12-0aa0399fd30c,the-partys-guest-list,65013386e417e5d1,ok,,3823,1290,0.008218,2026-04-19T03:27:35.196839
retranslate-20260419-v6,c3d14ce3-8f91-4bc4-b518-828a8bb90f99,gli-esordi-insieme-1974-1981,2f1b0c9c-2d3a-4530-897d-8f1def7bd7fe,the-early-years-insieme-19741981,7f2fef393ecbd9b7,ok,,3693,1209,0.00779,2026-04-19T03:27:36.555401
retranslate-20260419-v6,c3e84952-f261-4f47-a525-763793cea139,il-mosaico-tanti-sassolini-colorati,94cfe1ae-8afa-4bfc-a447-7ad171980ec0,the-mosaic-colored-stones,a990f52c83e17a7b,ok,,2936,663,0.005001,2026-04-19T03:27:51.216228
retranslate-20260419-v6,c3da8590-14d6-4022-8405-f56325399b74,forse-e-per-mia-sorella-che-sono-cosi,2a22af15-896e-4f0f-b6a2-b970122fe211,perhaps-its-because-of-my-sister,237bf48890a34763,ok,,3336,966,0.006533,2026-04-19T03:27:50.248037
retranslate-20260419-v6,c3ff1207-ccbd-496c-aca3-5fa4ca032e94,lardimento-racconto-della-vita-di-don-carlo-gnocchi-recensione,5ac6feba-75b7-40dd-98e7-276d607d692b,don-carlo-gnocchi-a-life-of-daring,5d114a89605140b6,ok,,2500,372,0.003488,2026-04-19T03:28:02.372885
retranslate-20260419-v6,c3f100fb-2300-4d95-be5d-977bf736b195,la-malattia-mentale,c1c8f144-c438-4536-bbb5-2ad3959fe2cd,mental-illness,3ad2c5ea1d8ee774,ok,,3851,1240,0.008041,2026-04-19T03:27:57.494100
retranslate-20260419-v6,c4329a33-023d-409c-b38a-e5e713fa35d8,anffas-open-day-porte-aperte-per-celebrare-60-anni-di-futuro,ca7cf559-d0cc-450d-bb50-6f409d47318e,anffas-opens-its-doors-60-years-of-building-the-future,d50a74710ee69063,ok,,3537,1060,0.00707,2026-04-19T03:28:06.301808
retranslate-20260419-v6,c45a79fa-801d-43eb-8b85-fd95451b4337,fede-e-luce-una-scuola-di-altruismo,5e9e67d4-7019-4c62-b815-3fdb468debe3,fede-e-luce-a-school-of-selflessness,808becc5f4db31be,ok,,2970,659,0.005012,2026-04-19T03:28:16.648569
retranslate-20260419-v6,c44bc36b-954a-4825-bfaf-732bd5938830,parla-senza-parole,30913cb7-8d15-43d8-aa8d-97c95da815e8,speaking-without-words,2f02b4e2fe121344,ok,,4263,1495,0.00939,2026-04-19T03:28:15.595002
retranslate-20260419-v6,c45ec1d3-f1d8-405f-8a26-8514c934d276,spazio-alla-creativita,2f98010e-cabe-4148-a7c8-b29c60f78a24,make-room-for-creativity,ab0ad02a5dde05e7,ok,,2851,542,0.004449,2026-04-19T03:28:35.663553
retranslate-20260419-v6,c45c27aa-f9d2-4725-a255-aa5c6acabc5f,il-roveto-di-santilario,7679c6bd-bcfd-421c-9702-b28dc16c03c0,the-burning-bush-of-santilario,958b691f0f02fdfb,ok,,4621,1929,0.011413,2026-04-19T03:28:22.669542
retranslate-20260419-v6,c463b633-a75e-4f94-9c4e-6df652602845,festa-della-primavera-a-villa-pacis-1978,ab43acbe-6eca-4097-8ba2-ba879daa1e3a,spring-festival-at-villa-pacis-1978,dbd60e7796da0daf,ok,,3354,922,0.006371,2026-04-19T03:28:41.854109
retranslate-20260419-v6,c46f12b0-9ff5-4b5c-a342-c39717965879,lotta-per-linclusione-recensione,15170f09-865d-4282-a82b-ad02470de35f,the-fight-for-inclusion-a-book-review,fe18c9e92a9bc7b3,ok,,2433,252,0.002954,2026-04-19T03:28:49.331150
retranslate-20260419-v6,c4b7b71c-b7c7-455d-ae9c-96de671500fc,non-perdo-mai-un-incontro,4bb529fa-3e0a-4ef5-89c8-babd890fdc08,i-never-miss-a-meeting,ad97d411598608a4,ok,,2542,380,0.003554,2026-04-19T03:28:52.838418
retranslate-20260419-v6,c480b751-0a25-4e2e-8e4f-ece3e0a0cf88,5-sono-loro-che-ci-uniscono-e-ci-guidano,40a965cc-5c0c-45d4-bb11-4315a867f666,they-are-the-ones-who-unite-us-and-show-us-the-way,34ecaeed056c912a,ok,,3374,1004,0.006715,2026-04-19T03:28:52.752202
retranslate-20260419-v6,c4b928c8-90d6-4714-8c9a-a7c068f164ef,sul-tetto-del-mondo-senza-muovere-un-passo,681c8121-a725-43ed-bb9b-c8764a8f57e3,on-top-of-the-world-without-taking-a-step,c531252ef454e652,ok,,3177,880,0.006062,2026-04-19T03:28:56.408015
retranslate-20260419-v6,c4ecd83f-ab56-4f62-bca8-31b8bdf18e5a,deve-finire-prima-di-subito,ddf1e810-dac1-4929-99e9-e33828a54a05,it-has-to-end-right-now,f825d1817593bbef,ok,,2750,514,0.004256,2026-04-19T03:29:09.132150
retranslate-20260419-v6,c4e1daf7-0f03-4926-b1ec-99e17458b05a,dopo-la-passione-ce-sempre-la-resurrezione,d4227263-2254-4a73-ada2-5eb0009bea8e,after-passion-comes-resurrection,3f993eed4198a634,ok,,3604,1170,0.007563,2026-04-19T03:29:03.012689
retranslate-20260419-v6,c4fe6086-b43e-45ec-b705-f48edf225cff,andiamo-a-giocare,ccbfedb6-1629-4915-9d64-36bd4e9ff337,lets-play,5b26ca5e8ccd9f7d,ok,,3333,903,0.006278,2026-04-19T03:29:15.891901
retranslate-20260419-v6,c5012b09-7c0b-42da-a344-b1e584a77205,ci-e-stato-dato-un-figlio,02fcbdb5-e71d-47ea-9953-5e1db386bf95,a-son-has-been-given-to-us,856d564b9e9a1c3a,ok,,3340,945,0.006452,2026-04-19T03:29:26.356819
retranslate-20260419-v6,c4f81f04-508b-411d-a2ad-60060eebb676,depressione-chi-mi-libera,56b66135-5148-4db6-8d7b-9ce598c04ce2,depressionwho-will-set-me-free,31f62788ddda675c,ok,,5509,2334,0.013743,2026-04-19T03:29:14.097375
retranslate-20260419-v6,c5348ba5-cf0b-4b0d-913c-72ff07c96497,la-storia-di-un-pugile-con-sindrome-di-down-come-miglior-film-al-tertio-millennio-2018,0b712e26-48fe-4db7-bc69-6d9fe2e22c50,kairos-a-boxer-with-down-syndrome,150fbf3a53aa91d6,ok,,3201,886,0.006105,2026-04-19T03:29:51.419229
retranslate-20260419-v6,c54b3518-4145-498c-8d75-0ff9f26d5f41,soggiorno-allarche-1978,4654ce8c-749f-40a4-899b-6833c5f7ffe8,a-month-at-larche-1978,3edfdc39fb226864,ok,,3256,884,0.006141,2026-04-19T03:29:58.958784
retranslate-20260419-v6,c5060be6-d2d6-401e-90a8-c19d5baab606,comunita-e-cooperativa-il-girasole,8c422064-41ed-4e1f-a5d6-b5b89f2f9f27,the-girasole-community-and-cooperative,4c53d0f07cbc2e51,ok,,5321,2324,0.013553,2026-04-19T03:29:35.767388
retranslate-20260419-v6,c5544741-289c-470d-b21a-a4d9bf7811f8,un-pellegrinaggio-di-ringraziamento,b0d0d634-cf05-421f-a9f2-0e1cfd591511,a-pilgrimage-of-gratitude,6f99c9bbe322c5ec,ok,,3204,838,0.005915,2026-04-19T03:30:09.336454
retranslate-20260419-v6,c5769fe8-cfb7-4202-bb65-07f9acea18ad,essere-forti-per-lei,953ca9c0-f87b-440a-b185-26f430f15a85,strong-for-her,19ffa2ce85f1b080,ok,,4467,1664,0.01023,2026-04-19T03:30:11.700909
retranslate-20260419-v6,c59f650a-46d0-4574-9317-8fcf4cf79367,i-fragili-recensione,72de2625-6ff5-42a3-8f6e-d99b3e12642c,the-fragile-a-book-review,dc61df54f2df4924,ok,,2459,355,0.003387,2026-04-19T03:30:33.073267
retranslate-20260419-v6,c5a2b9c4-3489-4c7b-bbaa-c6b5d071fe6a,abbiamo-raccolto-le-olive,fc399cf1-fbe4-4394-b28c-b00d7f9e7254,we-picked-the-olives,263b63633a777b20,ok,,4206,1491,0.009329,2026-04-19T03:30:37.224509
retranslate-20260419-v6,c5e74e4d-8eda-4864-a957-65546f9f2648,lomino-di-vetro-un-viaggio-nel-mondo-dellhandicap,63c40acb-f895-4ccf-9754-574abd197948,the-glass-boy-understanding-disability,0aad520e0ef4128d,ok,,2747,499,0.004194,2026-04-19T03:30:57.165343
retranslate-20260419-v6,c59bc5c9-e000-421f-a75e-47d43fa7ee63,dal-silenzio-alla-comunicazione,95a6bf91-fea0-4b6b-9b1b-7153b9d764ee,from-silence-to-speech,29fef52c23e58d13,ok,,7076,3114,0.018117,2026-04-19T03:30:18.715901
retranslate-20260419-v6,c6019e14-4a50-491e-85b3-6d5dc8efc5c6,fiorangela-un-inno-alla-vita,c34cebad-857d-4de4-abea-64ec0ae04a2c,fiorangela-a-life-in-full,33d7d82865c7ce70,ok,,2922,624,0.004834,2026-04-19T03:31:03.661521
retranslate-20260419-v6,c5f68aec-c341-4bf3-9f8a-665d0233eee2,quel-dono-ricevuto-da-ricambiare,ab08ae86-fc40-4f2c-a19f-d2d14309d3ed,a-gift-to-pass-on,e20ac31b752bb2ca,ok,,3420,1035,0.006876,2026-04-19T03:31:01.725055
retranslate-20260419-v6,c62edfaf-fdbb-4313-a210-c81827baec4f,qua-e-la-per-litalia,503ca375-c335-4eeb-83c1-102354aaaaae,across-italy-growing-communities,185eb5396342716a,ok,,2831,602,0.004673,2026-04-19T03:31:14.096476
retranslate-20260419-v6,c622c126-dff4-4d11-89d2-c718465cb500,fotografie-da-chernobyl-allafghanistan,1059bf2b-fc58-4cb6-8a70-6e5d681f001a,two-documentaries-on-survival-chernobyl-and-afghanistan,67ca59f845644116,ok,,3279,937,0.006371,2026-04-19T03:31:10.482055
retranslate-20260419-v6,c65c88f4-fa98-4e95-9d61-8eeacfd49c8a,18-domande-su-fede-e-luce,453bad6c-04f1-4831-b836-7afc86bd4461,18-questions-about-faith-and-light,cbbab01495fcc298,ok,,4150,1351,0.008724,2026-04-19T03:31:20.565517
retranslate-20260419-v6,c6383822-ee21-4a48-97b7-78b6f33fec0e,tutti-bisogno-dei-sacramenti,c3497a96-04d8-472c-bce2-d2dcc2a7ecf6,all-of-us-need-the-sacraments,e2a920ebba146561,ok,,4355,1723,0.010376,2026-04-19T03:31:19.048571
retranslate-20260419-v6,c688411a-4ea6-432d-b72f-428024f11674,giubileo-2016-per-cominciare-una-nuova-storia-di-amore,ddf7f285-f63c-4e9a-924b-e64be5041f57,a-new-love-story-begins-the-jubilee-year-2016,03ceb1cd1fd7a873,ok,,3098,768,0.00555,2026-04-19T03:31:39.187994
retranslate-20260419-v6,c6c47896-46e1-4059-94a5-d7b0870bd907,care-sorelle-cari-fratelli-vi-scrivo,550827ee-821d-4355-9ef7-9c02290a7e08,a-my-sisters-and-brothers,ac6d95c394330019,ok,,5217,2036,0.012318,2026-04-19T03:31:47.531625
retranslate-20260419-v6,c6d52dc3-30a5-435b-a153-e8dc7eedee7c,genitori-recensione-film,3b77f1a9-237a-435b-8086-01297cb602df,parents-a-film-review,65ce90660c98a1c9,ok,,2536,351,0.003433,2026-04-19T03:32:17.129634
retranslate-20260419-v6,c6dc6f80-0ff0-4e76-b022-73f9a27b79e3,teologia-disabilitante,b51afb38-fb9f-4e96-90ac-dab8fe622e5a,toward-a-theology-that-does-not-disable,31b8ac76198e7ffd,ok,,3356,868,0.006157,2026-04-19T03:32:20.732419
retranslate-20260419-v6,c6df1807-c36f-46c7-b6bd-b5dc94244ef2,una-sperimentazione-per-lautonomia-delle-persone-disabili,fb21a94b-d26d-45c8-b123-17b168590dba,tools-for-independence-a-pilot-program-for-disabled-people,2d80d50f4c449cb7,ok,,2411,265,0.002989,2026-04-19T03:32:30.374901
retranslate-20260419-v6,c6e431b1-c270-4f5a-aff3-a1600126f179,perche-un-numero-dedicato-allanimazione,9697fd39-4e56-40e3-8c96-6b7601ca9312,why-this-issue-is-about-animation,3bab5ca128b4096c,ok,,2975,658,0.005012,2026-04-19T03:32:33.180127
retranslate-20260419-v6,c67af210-e7df-4c5d-af79-f4b3d8d7f55f,cosa-ce-oltre-la-scuola,,,efd72f006c61cfc8,error,Quality gate fallito: HTML: tag count: 13 orig vs 9 trad,,,,2026-04-19T03:31:37.332937
retranslate-20260419-v6,c7157ab4-449c-4cdd-8bd0-938f4b899b94,ricordo-daniele-corrias,bf043087-c4d3-405d-80a8-6fac86cae495,one-morning-i-watched-you-wake,ad5769650533c46a,ok,,5018,2118,0.012486,2026-04-19T03:32:41.112299
retranslate-20260419-v6,c73f2854-fdee-4a57-804a-7392b10fb918,due-videocassette-utili-per-incontri-di-riflessione-e-di-preghiera,1071100b-ce25-45c6-856f-fcfa71e75ba5,two-videotapes-for-prayer-and-reflection,ec7c6f5d0d364ceb,ok,,2867,678,0.005006,2026-04-19T03:33:16.190953
retranslate-20260419-v6,c76dfb4b-445b-420c-a8fd-fbc5f33903fd,essere-adulti-essere-handicappati,86201d0d-dc06-4e65-b815-8626183c5c7b,being-adult-being-handicapped,9103a7e3559d7ec6,ok,,2514,359,0.003447,2026-04-19T03:33:21.101875
retranslate-20260419-v6,c7288410-036b-40e1-b1a7-eba504a09e8b,come-in-trappola-storia-di-bambino-con-deficit-attenzione-senza-iperattivita,1d2edaa9-c992-4462-9ff1-1858e07f9082,trapped-a-boys-journey-with-attention-deficit-disorder-without-hyperactivity,e972531db5d85076,ok,,3952,1246,0.008146,2026-04-19T03:33:12.746435
retranslate-20260419-v6,c7712c34-dfed-4353-ac6e-2d129cf87a5f,di-feste-amiche-e-papa-che-si-arrabbiano,ce8a729a-ca59-4a74-a7fd-e2ffa55cd9e8,birthday-parties-best-friends-and-a-dad-who-lost-it,71330ac9ca22c3c9,ok,,2945,705,0.005176,2026-04-19T03:33:26.878032
retranslate-20260419-v6,c77789c7-c64f-4123-82d1-647c2debbe23,superata-lultima-sala-daspetto,730d96e0-cc4c-4f5c-a27e-7d7c2d2bfd85,beyond-the-final-waiting-room,7f12a4c8d683af00,ok,,3180,834,0.00588,2026-04-19T03:33:34.205430
retranslate-20260419-v6,c76e9166-5608-4668-acc9-75fa0f7563d0,il-bambino-che-non-vuol-mangiare,9c7d4acd-5f6a-4f63-8e85-9487ef4a6316,the-child-who-wont-eat,86912a759369c436,ok,,4213,1449,0.009166,2026-04-19T03:33:24.712196
retranslate-20260419-v6,c7905575-4411-4877-bb21-8f422b2e41fd,non-si-puo-ridere-che-dellhandicap,90582011-cf8a-4970-a6b1-02eec57f856a,you-can-only-laugh-at-what-makes-you-human,c1ca0eb0ff82231a,ok,,2858,645,0.004866,2026-04-19T03:33:41.776239
retranslate-20260419-v6,c7a93393-2692-4980-8199-5f1520c95f14,notiziario-fede-e-luce-n-16,70b4cf5d-8d0e-47bf-9589-c2452a6f7f7a,faith-and-light-newsletter-no-16,212de60a5482f1ed,ok,,3870,1455,0.008916,2026-04-19T03:33:42.892438
retranslate-20260419-v6,c7e1db74-db5b-4fba-a056-8c71494ffd15,come-un-raggio-di-sole,e534c201-c77c-4488-8691-3ed5d56cb46d,like-a-ray-of-sunlight,567bde06f559c1df,ok,,2860,627,0.004796,2026-04-19T03:33:57.211512
retranslate-20260419-v6,c819e2ff-8edb-4b33-8b70-2f0e02f183b4,borderline-recensione,f2d8979c-ada5-480b-a884-c1c090283e93,borderline-a-review,69e3049e8529bc54,ok,,2522,357,0.003446,2026-04-19T03:34:02.437083
retranslate-20260419-v6,c83c69d6-b89f-4b66-9023-2e71f58977d6,fede-e-luce-diventare-piccolo-segno,56dc94f5-999f-482c-86ae-bb9c0fafb00d,faith-and-light-becoming-a-small-sign,afe04829f0eb4322,ok,,4537,1526,0.009734,2026-04-19T03:34:06.536103
retranslate-20260419-v6,c846636b-ccd1-46f5-94ef-ff51d3ea30bb,lesperienza-del-lutto-fino-ai-nove-anni-come-fare-e-come-essere,9cde1e22-65e5-4fd6-84ea-bda5755d00e2,when-a-child-grieves-understanding-loss-from-birth-to-age-nine,4d10ef797ab8484c,ok,,3442,908,0.006386,2026-04-19T03:34:29.907420
retranslate-20260419-v6,c889b5ba-21af-4564-909b-f9eb60e8d257,il-profumo-della-menta,c521754d-a7eb-442b-9312-9df72c3a33e7,the-scent-of-mint,991fa1954498e722,ok,,4005,1405,0.008824,2026-04-19T03:34:40.978269
retranslate-20260419-v6,c8a306e5-31a3-4e0f-845e-969aa55095a0,lettere-di-natale-alla-madre-recensione-libro,3da7de5a-76eb-4955-8d0e-61447e371c37,rilkes-christmas-letters-to-his-mother,8161c7a4ee7d8e06,ok,,2349,259,0.002915,2026-04-19T03:34:58.733537
retranslate-20260419-v6,c8ab7347-0aab-4048-b7be-5e55e6c2bd0d,perche-scuola-potenziata-e-centro-socio-educativo-per-piccoli,9f9916e0-b643-4811-a837-aede7a099c73,why-enhanced-school-and-social-educational-center-for-young-children-matter,2637aba840ae10d3,ok,,2656,421,0.003809,2026-04-19T03:35:02.117200
retranslate-20260419-v6,c8c38aff-46ca-4fc2-90b5-b4c1f476858a,il-mio-amico-carlo,d48c1e3b-ba5d-48a9-b3ed-148414b0325c,my-friend-carlo,5781b0ddafa7ed95,ok,,3860,1351,0.008492,2026-04-19T03:35:07.043969
retranslate-20260419-v6,c8cb25a5-8403-44f1-ad96-d408ac88c636,nessuno-bambino-nasce-cattivo-recensione-libro,68884553-c54f-40c8-b54b-c2780ed82787,no-child-is-born-bada-book-review,9cc1f780dfb7d603,ok,,2506,331,0.003329,2026-04-19T03:35:22.353727
retranslate-20260419-v6,c8d2945c-966c-4beb-a911-24107c69a953,don-gnocchi-una-vita-spesa-per-gli-altri-recensione,0532f879-7357-466f-a219-b508db42521b,don-gnocchi-a-life-for-others-book-review,5da76d3f30a0cbfe,ok,,2424,305,0.003159,2026-04-19T03:35:26.324384
retranslate-20260419-v6,c7b719a7-b5b4-4ab5-aad1-571a4747e5f5,venezia-82-voci-dal-passato-cambiamo-futuro,401ab595-2663-4795-8a7d-f59232faff5c,venice-82-voices-from-the-past-films-that-shape-the-future,72ffa35eb9782b60,ok,,4393,1805,0.010734,2026-04-19T03:33:47.971329
retranslate-20260419-v6,c8d69626-f470-4234-9f45-e6615750a4b3,domande-sulle-persone-down,dc065e32-f4f4-4870-82bc-4968de11c42d,questions-about-down-syndrome,d925da2dbeab2d47,ok,,4669,1845,0.011115,2026-04-19T03:35:29.578086
retranslate-20260419-v6,c8e0084d-2c19-4b12-8441-d3d355f46529,non-era-normale,7a04ae40-1c6f-473a-85ef-f3da23c3fa7b,he-wasnt-normal,10e99c2d231691eb,ok,,2523,412,0.003666,2026-04-19T03:35:50.747255
retranslate-20260419-v6,c8faa863-2ab6-4cc4-87f6-40b1a96b7bac,una-scuolina-per-crescere,4553993b-1036-43fb-9804-14e068f34c67,a-little-school-to-grow,3702fa98168e81df,ok,,2940,562,0.0046,2026-04-19T03:35:55.333288
retranslate-20260419-v6,c90f5ca5-3656-46e9-830f-170807c61c44,i-giorni-del-campo,d43ceaa1-1a54-4f8b-adcb-010c57d1a40c,summer-camp-days,3c2cd4ab823597f7,ok,,2730,525,0.004284,2026-04-19T03:36:01.877670
retranslate-20260419-v6,c8f02ca9-74b7-48fb-b77e-979b6e82c2c4,mia-madre,d258c832-2c83-410a-8a0c-0a16ce2640f4,my-mother,066abfbe5b09c383,ok,,3673,1236,0.007882,2026-04-19T03:35:54.416656
retranslate-20260419-v6,c921a574-f897-44c1-a0bc-871f599b6f46,la-barca-bianca-di-joseph-larsen,e1fe415c-5c81-406f-a9fd-1811cb08d711,joseph-larsens-white-boat,5429f334980055f1,ok,,4848,2047,0.012066,2026-04-19T03:36:09.306607
retranslate-20260419-v6,c91ebb81-c818-43d4-8cad-cc299fb4a7a1,leco-della-stampa,31bd1fc3-16f1-41b5-8009-0a1f7f91bf39,echoes-in-the-press,027dabf67b59746a,ok,,5393,2562,0.014562,2026-04-19T03:36:07.088451
retranslate-20260419-v6,c92eed23-52f8-430f-acb9-991e4966809f,la-luce-della-comunita-e-in-noi,17c8d645-476f-4d9b-be5a-3ea2cde91c34,the-light-of-community-lives-in-us,01ef5f9bb4595185,ok,,2717,557,0.004402,2026-04-19T03:36:38.828701
retranslate-20260419-v6,c96f9d23-4213-4605-8e45-10c2f206db70,dovete-farci-lavorare-e-cantare,99a99a76-d469-4021-936d-7ac3df2763c2,youve-got-to-give-us-work-and-let-us-sing,5bf593fb62d72fde,ok,,2863,658,0.004922,2026-04-19T03:36:44.602479
retranslate-20260419-v6,c97adf6c-bc9a-4bff-83f4-4041db415bd1,interpreti-di-se-stessi,2de28cca-1f77-4fbf-9e41-438925cfacd8,actors-playing-themselves,7a20d61325c39b64,ok,,3577,1058,0.007094,2026-04-19T03:36:50.411251
retranslate-20260419-v6,c9d9bede-6717-407f-ae01-855769f0830a,stasera-milonga,d3ed6122-a1e1-46b3-a846-c433de99cefa,tango-tonight,9fdf9e211fd459c0,ok,,3365,940,0.006452,2026-04-19T03:37:01.687019
retranslate-20260419-v6,ca05501c-f75d-42cc-8a17-a1499a722e9c,eredita-dei-vivi-recensione,75cb6570-d427-43ff-9bf6-9391f7e550fa,where-the-blade-cuts-and-wounds-heal,5d63d7323113c59a,ok,,3335,985,0.006608,2026-04-19T03:37:12.611359
retranslate-20260419-v6,c95089f3-0e02-43f1-9b86-842094b6abe4,abib-mohamed-e-naima,4d99879c-1f5f-48f1-995e-766552ded000,abib-mohamed-and-naima,f2887568f5d9b148,ok,,4287,1581,0.009754,2026-04-19T03:36:41.217142
retranslate-20260419-v6,ca055856-d970-4fe7-a41b-dad33cec2b90,vita-fede-e-luce-n-148,33893e74-d8fd-4be9-a2e5-012109d3e379,fede-e-luce-life-issue-148,3052fceec8e414d7,ok,,3087,805,0.00569,2026-04-19T03:37:24.317625
retranslate-20260419-v6,ca1df646-21ee-41eb-9f63-63b40720f934,ombre-e-luci-in-inglese,6a25ee53-b4ad-403d-b6bc-56eb6acfd420,ombre-e-luci-now-in-english,eae12b405a1c68dc,ok,,2682,477,0.004054,2026-04-19T03:37:28.691645
retranslate-20260419-v6,ca1efb87-9b9c-4535-909a-dc157ea2228d,vaccinarsi-non-e-un-gioco,59403e6b-65ee-4580-92c9-bed42334ccbe,vaccination-is-not-a-game,e15f5681c8606ff2,ok,,2797,502,0.004246,2026-04-19T03:37:31.821122
retranslate-20260419-v6,ca2e59f8-1447-4d3b-b00c-f3437aae93f8,giovanissimi,9f1f384c-f3dd-4dfa-ac84-71fd96d9b1bb,two-young-friends,ecedb114e927e614,ok,,2537,408,0.003662,2026-04-19T03:37:32.995555
retranslate-20260419-v6,ca33b27a-813c-4f3a-bbde-97eaa980bf18,voci-dal-pellegrinaggio-lourdes-1981-frammenti-di-vita-e-di-fede,0c5e4faa-9049-402d-bbc2-c955d9aab80f,voices-from-the-lourdes-pilgrimage-of-1981-fragments-of-life-and-faith,e1a124d16a5aa57d,ok,,3013,722,0.005298,2026-04-19T03:37:37.357254
retranslate-20260419-v6,ca390030-1a46-4dd3-a260-0cedff76a987,laltra-venezia,23676505-b9e0-4f05-8e40-8fb4a5b8b733,venices-other-story,ba6725317ec4d856,ok,,4060,1366,0.008712,2026-04-19T03:37:37.846506
retranslate-20260419-v6,ca6504ca-ba77-4f74-ba33-4da5c03abf12,fuori-dalle-catacombe-fede-e-luce-in-europa-orientale,b8c3e601-bcda-4e96-bc87-77b5717eadd8,out-of-the-catacombs-faith-and-light-in-eastern-europe,e1518b30dde6682e,ok,,2951,661,0.005005,2026-04-19T03:37:54.619219
retranslate-20260419-v6,ca5b284b-800f-4d93-bcea-1b776ac2a62f,come-reagire-allindifferenza-di-chi-e-vicino,0f9078ed-2cbc-453f-a996-fc6f9cf017ed,when-those-close-to-you-turn-away,f0a04c6b22a8d382,ok,,4022,1275,0.008318,2026-04-19T03:37:44.065667
retranslate-20260419-v6,ca68f72a-70b2-4356-b46a-9d05a3c2151b,ce-un-problema-e-lo-affrontiamo,7e0cacc5-f757-445a-b84f-2943c60a2225,theres-a-problem-we-face-it-head-on,d68415f41238255a,ok,,2212,156,0.002394,2026-04-19T03:37:59.908783
retranslate-20260419-v6,ca712a89-9bc4-4b5b-ab69-b4b03384e685,dove-crescono-i-cocomeri-recensione,d3f9a584-19e5-4263-8568-cd0361202c6e,where-the-watermelons-grow-a-review,92fd1493b8ac19cd,ok,,2482,355,0.003406,2026-04-19T03:38:01.964584
retranslate-20260419-v6,ca6c8927-3e1c-40a4-842b-c5ea84e5d50c,cambiamenti-in-arrivo-nel-cinema-italiano,920f33a8-c239-4f5f-8b05-d9f85702823a,autism-on-screen-italian-cinema-finds-its-authentic-voice,c301042abc92770e,ok,,3803,1421,0.008726,2026-04-19T03:38:00.543640
retranslate-20260419-v6,ca8423dc-a280-40e5-832a-ab133a588786,sullhimalaya-insieme-a-ragazzi-con-disabilita,4d130811-282a-4e70-a9b7-17854866b921,on-the-himalaya-with-disabled-teenagers,e0b2c01d270c015d,ok,,2753,522,0.00429,2026-04-19T03:38:15.121743
retranslate-20260419-v6,cab47806-de28-4469-a937-4d8ecd2c038d,lettere-a-jean-don-marco-bove,4a3d9002-4e38-4a6f-9495-d6296286dcf9,letters-to-jeandon-marco-bove,cc65d8d35daf383b,ok,,2862,570,0.00457,2026-04-19T03:38:19.939634
retranslate-20260419-v6,cac2289e-190d-4ed3-816f-224dd34d52ae,handicap-e-scautismo,16d9cc83-d4f6-4b3c-9fb8-6da9ab31b7ec,scouting-and-disability,81a70844447577b7,ok,,2747,532,0.004326,2026-04-19T03:38:26.098588
retranslate-20260419-v6,cac95c3f-d9b7-4f88-845e-9ec8c93d2589,houria-come-il-corpo-guarisce-lanima,bc552714-bb9d-4971-a47e-50ab1c2457d6,how-the-body-heals-the-soul-houria,26e2f67d21e180bc,ok,,2946,636,0.004901,2026-04-19T03:38:31.376727
retranslate-20260419-v6,ca7d1fe8-2310-480b-a2c5-f4b4e6312837,un-atto-di-gioia-in-prosa-e-altro,fcef7dd9-8dc3-4bf0-85b0-10e4ccff9c55,an-act-of-joy-theater-in-a-roman-parish,d013c530e95c5bd1,ok,,5176,2291,0.013305,2026-04-19T03:38:05.761228
retranslate-20260419-v6,cb22f15a-273a-4430-bce1-c2c7aa78d4fa,nati-due-volte-estratto-libro-giuseppe-pontiggia,b197c4e2-06d7-4e16-a1cd-3c2f40df422b,born-twice-on-a-fathers-journey,9f4e4c0da4531930,ok,,3439,1071,0.007035,2026-04-19T03:38:40.188746
retranslate-20260419-v6,cacd5075-9205-483e-974b-c0c958a6563e,io-e-francesca,a54b8128-ffba-419f-bed6-0ceef88ca137,francesca-and-i,a3b4899c9c1b0cdb,ok,,4045,1530,0.009356,2026-04-19T03:38:37.216364
retranslate-20260419-v6,cb2d14dc-9418-464f-afaa-6c9071f545fc,la-prima-notte-al-campeggio,c3b1611b-fc23-47d5-98ed-748591972fd4,the-first-night-at-camp,6d65ca8fd415c8de,ok,,2433,323,0.003238,2026-04-19T03:38:54.032338
retranslate-20260419-v6,cb42af5b-ae14-4755-bff1-c367ec5d4b7a,come-si-richiede-una-sedia-a-rotelle,39beebea-493c-42ee-a666-aa983c5f1cb3,how-to-request-a-wheelchair,ec236a8d0ba9e4e6,ok,,3122,714,0.005354,2026-04-19T03:38:56.977579
retranslate-20260419-v6,cb66c7c9-3828-4bd2-b61d-c88bfcc02c95,autismo-un-altro-modo-di-percepire-il-mondo,54f1651f-daeb-4d88-8a01-5b2aa65cf5c9,autism-a-different-way-of-perceiving-the-world,d89df54fd6a6a288,ok,,4295,1582,0.009764,2026-04-19T03:39:05.247458
retranslate-20260419-v6,cb7cce7e-9f58-4e76-ba0e-32b505274661,che-cose-una-sindrome,6a048bdc-abb5-4b20-ac73-21e3f4e417fa,what-is-a-syndrome,fbe532b05f742d61,ok,,3291,967,0.006501,2026-04-19T03:39:25.629267
retranslate-20260419-v6,cb5bae77-b8b4-4026-9288-73609edf7a34,dialogo-aperto-n-22-2,bc508efc-7b4e-4bb4-b080-eaa4a5a7fa9e,open-dialogue-no-22-cb5b,288fae3bc82e148e,ok,,5503,2529,0.014518,2026-04-19T03:38:58.396198
retranslate-20260419-v6,cb9a90f5-bd6f-4fc0-b2cd-924a4e16c59d,quando-i-genitori-si-rimboccano-le-maniche,20b263e1-200c-42c9-bdc3-073bd95ab929,when-parents-roll-up-their-sleeves,3f2804f8fb156c0e,ok,,3077,661,0.005106,2026-04-19T03:39:35.122469
retranslate-20260419-v6,cbd66095-3a33-40b2-8c5e-e2d58c98cee6,nonno-e-cosi-brutto-essere-diversi,fdb14d30-22de-48af-b87b-b76497aa4a10,grandpa-is-it-so-awful-to-be-different,897b4d660d0b6e18,ok,,2673,498,0.00413,2026-04-19T03:39:42.094721
retranslate-20260419-v6,cb7e1734-a596-48c8-814f-4b1cd734a511,villaggio-senza-barriere-un-luogo-di-accoglienza-insolito,0dcf0bb2-aa2e-46a8-9d8f-b31c3db71a76,a-village-without-barriers-a-welcome-surprise,8264e20b98223a05,ok,,4191,1527,0.009461,2026-04-19T03:39:34.925103
retranslate-20260419-v6,cbea8040-2e2d-42b8-b674-1b7bbf9cb6ce,dialogo-aperto-n-83,d1f83f73-368b-475b-9b0a-1e9f106a3002,open-dialogue-83,b25956387899eb25,ok,,4004,1551,0.009407,2026-04-19T03:39:46.478348
retranslate-20260419-v6,cbec5a18-4105-43d4-a36a-8453418c5811,inaugurazione-casa-loic-scuola-laboratorio-artigianale-per-ragazzi-disabili,464717ae-7fb1-4d9a-b7f4-afa4f4a2590d,casa-loic-opens-its-doors-a-workshop-school-for-young-people-with-handicaps,081cab7218efcac4,ok,,3907,1460,0.008966,2026-04-19T03:39:55.014242
retranslate-20260419-v6,cbf2a6c2-bca7-4ae0-8653-80f771f0d12f,mamma-sono-contento-di-essere-nato,2c057e7b-e0ce-46f4-89d8-1520e3c734fa,mom-im-glad-i-was-born,0d50c4858e1035c8,ok,,2924,689,0.005095,2026-04-19T03:40:03.120109
retranslate-20260419-v6,cbfbcbff-eb28-4d77-bb5d-69eb5226a278,15-nelleucarestia-restate-in-me,3a87f624-ad9d-419f-9d9f-67e1525e1747,in-the-eucharist-remain-in-me,ff472c1b534e801b,ok,,3346,964,0.006533,2026-04-19T03:40:10.697956
retranslate-20260419-v6,cc0023d0-7f9b-44a7-a8db-ed997b990cf5,legge-di-bilancio-cosa-cambia-per-le-persone-con-disabilita,19a5c716-fce8-4091-b861-c73d21e09ad7,the-2019-budget-law-what-changes-for-people-with-disabilities,5fe0ffe0843b3b38,ok,,3468,882,0.006302,2026-04-19T03:40:10.706761
retranslate-20260419-v6,cc03d76d-5b15-4582-871a-24c4f138684e,un-seminario-speciale-il-coraggio-di-parlare-con-loro,248df56b-cab7-4edc-8f7e-9f3241c272db,a-special-seminar-the-courage-to-speak-with-them,3ec4275b11253636,ok,,2910,627,0.004836,2026-04-19T03:40:19.904207
retranslate-20260419-v6,cc2dda82-f9e5-4d5c-af10-c20023829137,la-ragazza-porcospino-recensione-libro,ba9716be-efc5-45f5-ba4f-2a9df79deade,the-porcupine-girl-a-book-review,c0b4ce1a4db39ef8,ok,,2369,270,0.002975,2026-04-19T03:40:25.520863
retranslate-20260419-v6,cc3332c5-3b98-4e44-ad30-d1617967baed,lo-spazio-bianco-recensione,353f7f4e-51fe-4a27-8c25-beacd12d728d,white-space-a-review,43ce987fbcfee710,ok,,2617,413,0.003746,2026-04-19T03:40:28.805566
retranslate-20260419-v6,cc38028f-1f76-4f97-90b1-9d87979255b4,la-scrittura-non-va-in-esilio,dd000623-c3b4-45d8-9539-4b19dfcfbf17,writing-does-not-go-into-exile,ca252415b4eedeb8,ok,,3332,1028,0.006778,2026-04-19T03:40:33.449194
retranslate-20260419-v6,cc454696-1a57-43e3-a735-321560e4147a,8-nutrirsi-di-gesu-attraverso-la-parola,5c2549f5-c349-4043-bfe9-e51499e21575,nourished-by-jesus-through-the-word,38c5a0f3bd990642,ok,,2959,698,0.005159,2026-04-19T03:40:44.863242
retranslate-20260419-v6,cc24bcb0-3b77-4aa9-b85b-f49be876936a,vita-fede-luce-64,8a96aa25-bff5-496d-909d-f3182cc4cb40,faith-and-light-issue-64,98e20d81a7b965b3,ok,,4137,1490,0.00927,2026-04-19T03:40:20.511262
retranslate-20260419-v6,cc623a16-3080-4fd5-814e-1ce6f9d69270,molto-piu-di-un-aggettivo,e9cf9db3-db6b-4a70-b367-728691152732,more-than-a-label,aff7edd68ce647aa,ok,,4606,1576,0.009989,2026-04-19T03:40:50.720351
retranslate-20260419-v6,cc78e77a-5198-42fc-aee4-78676e38fd93,premio-donna-2002-a-mariangela,493207b8-37e9-4d6d-9e6f-1b1b9ad50aca,the-2002-woman-of-the-year-mariangela,f2d682e170542f46,ok,,3576,1065,0.007121,2026-04-19T03:41:03.394575
retranslate-20260419-v6,cc9b2374-322b-4b13-bace-253706d6d04a,recensione-the-man-who-sold-his-skin,a4713b69-75b1-43ec-92a3-5a29ced5035f,the-man-who-sold-his-skin,276431cb57a47b73,ok,,2648,441,0.003882,2026-04-19T03:41:15.133360
retranslate-20260419-v6,cc94e37d-ab78-49d3-ab96-0835555e4b0e,dalle-province-n-144,947ef8b0-7ef9-4854-8ec4-cdee771b5871,news-from-the-provinces-issue-144,762563a6c9abb69b,ok,,3536,1059,0.007065,2026-04-19T03:41:11.766187
retranslate-20260419-v6,cccd4eb2-56d5-4787-acc2-7d3dcd476adf,dimitri-il-teatro-fra-sogni-e-progettualita,16f84f49-571c-46ff-93ea-f811a99d459b,dimitri-theater-dreams-and-direction,bdda6bbd6a659f0b,ok,,3150,838,0.005872,2026-04-19T03:41:19.773248
retranslate-20260419-v6,cce1da06-5caf-4fcc-b446-ab42a64f5888,bioetica-come-storia-recensione,db160763-a184-4d0e-ac0e-0bbb4a6b3854,bioethics-as-history-a-review,2db26659c1ba731a,ok,,2735,492,0.004156,2026-04-19T03:41:28.939024
retranslate-20260419-v6,ccd1cd65-5cf8-4162-b1d0-a43ec9b3e845,schema-organizzazione-giochi-olimpici,974f3238-2501-4b3a-95b7-bf5230ff5a98,planning-an-olympic-games-event,c89b6611a1385539,ok,,3645,1266,0.00798,2026-04-19T03:41:23.051542
retranslate-20260419-v6,ccf630a5-7069-4805-8b59-4bd8ff90a3b1,quando-parliamo-di-loro,adbf8598-5dd6-4fa2-9b80-08d1d6b40f9b,when-we-speak-about-them,c235cadc8258382d,ok,,3197,892,0.006126,2026-04-19T03:41:33.961941
retranslate-20260419-v6,cd11f0a4-5250-4fb8-9d64-11032c101dc4,esperienze-epilessia-in-famiglia-e-a-scuola,73ba8d74-62dc-485a-8246-ac82274ada6d,epilepsy-in-the-family-and-at-school,55579c32ae18d39a,ok,,3973,1399,0.008774,2026-04-19T03:41:35.921937
retranslate-20260419-v6,cd54adca-0b11-48f3-b24c-56d210fc386f,un-attimo-decine-volti,51107d17-f1b4-472c-b592-574fe451bed0,a-hundred-faces-in-one-moment,9286be25594b83a3,ok,,2834,603,0.004679,2026-04-19T03:41:54.582252
retranslate-20260419-v6,cd1d3718-e035-484b-abc8-b7f5e40821b2,il-senso-di-quel-che-facciamo,6ad9650e-737a-49f5-bd96-288238c81677,why-we-do-what-we-do,f425ccc9d9715953,ok,,4446,1777,0.010665,2026-04-19T03:41:43.184168
retranslate-20260419-v6,cd59af0d-6533-4836-aef8-dc467451717f,la-festa-uno-dei-momenti-essenziale-della-comunita-fede-e-luce,205c28af-f798-44e5-9f04-5f83730f1d71,celebration-the-heart-of-a-fede-e-luce-community,615076ccee98f3a3,ok,,3541,1072,0.007121,2026-04-19T03:42:01.064409
retranslate-20260419-v6,cd686221-2f54-4dbd-a684-4a22bb0ed7de,mai-piu-soli-tre-testimonianze,65d18aac-e07d-4d18-8157-8f5565d96f7d,never-alone-three-stories-cd68,a6302cf93ccdcb38,ok,,4112,1489,0.009246,2026-04-19T03:42:06.471762
retranslate-20260419-v6,cd7e19c7-3023-4de0-a27f-e886b4a18f5d,perche-dobbiamo-vivere-cosi,eddef3f9-1210-42c5-80e8-c63fa00ef228,why-must-we-live-like-this,1e1526b149954947,ok,,2652,480,0.004042,2026-04-19T03:42:23.960551
retranslate-20260419-v6,cd79b223-2408-4b0c-9ab8-e4a0a2200717,rarina-storia-di-un-fiore-raro,3e62de25-6afc-4b88-badd-3bc1a0e00cf4,rarina-a-rare-flower,46abc844d9e5a7a6,ok,,4482,1765,0.010646,2026-04-19T03:42:13.016434
retranslate-20260419-v6,cd7ee80d-d634-4274-b478-8365e82b53d4,il-tempo-di-unave-maria,93eea7c7-f3a3-44d3-85ff-0d3e0fbbf762,the-time-of-an-ave-maria,34f0c400860acb54,ok,,3266,912,0.006261,2026-04-19T03:42:28.620056
retranslate-20260419-v6,cd8aa325-3eff-4dfd-b9a6-7d5d408c0908,buon-natale-1981-e-un-numero-speciale,b9e04d60-ef53-41a9-9e9d-08aa1fc6ae4b,christmas-1981-a-new-chapter,431701336fc980e5,ok,,2581,427,0.003773,2026-04-19T03:42:39.132973
retranslate-20260419-v6,cd9ff970-633c-4073-b5d1-95e9b36bb9e9,limportante-e-che-sia-sano,e69a52f4-519d-403c-bde4-3c119877fc02,what-matters-is-that-hes-healthy,f0eba4bc064b5061,ok,,2682,540,0.004306,2026-04-19T03:42:43.634153
retranslate-20260419-v6,cdadeeae-e241-429f-97a0-6c19db823204,se-dorme-male,62409e01-9f27-4491-88f4-378e12405038,when-sleep-wont-come,04b3bea96a3c144d,ok,,2892,619,0.00479,2026-04-19T03:42:48.361695
retranslate-20260419-v6,cdbd2759-321b-4c70-9f5d-ed8ca1469ae2,la-nostra-parte,f63f0777-aa3b-4f54-acdf-60407daa3eab,our-part,230b68aac8babf39,ok,,2912,608,0.004762,2026-04-19T03:42:54.124836
retranslate-20260419-v6,cdd207fc-b9f4-418b-a799-05cc26535cf4,fare-teatro-persone-disabili,eafae3b7-0c44-43b9-8175-48443717aab9,theater-with-people-who-have-disabilities,002bd0ae9742fef7,ok,,3806,1181,0.007769,2026-04-19T03:43:00.663674
retranslate-20260419-v6,cdd3837d-f396-45e8-a8fc-c0f89fd817de,la-pizza-di-fine-anno,1ef0a000-12a5-4f6c-ba51-f681537041e4,year-end-pizza,b19306fbcf25b826,ok,,3053,781,0.005566,2026-04-19T03:43:14.696208
retranslate-20260419-v6,cd8495c5-9da9-4c2f-b281-8fcdcecec1f2,vita-dei-gruppi-fede-e-luce-1978,650c9c45-7c96-46f3-9e99-2581ab4a37f9,faith-and-light-groups-in-1978,cb05d9f47222ba9d,ok,,7157,3330,0.019046,2026-04-19T03:42:36.136520
retranslate-20260419-v6,cde6176b-3adc-4237-b1d7-a7430a3b8cfd,emeric-una-tenerezza-che-non-sospettavo-di-avere,e51a67cc-10fc-4d7f-b71f-ad72f4dba884,a-tenderness-i-never-knew-i-had,a857ef223887652d,ok,,3272,884,0.006154,2026-04-19T03:43:24.496648
retranslate-20260419-v6,cde4000b-7486-47db-b378-47d104ae41d7,la-persona-con-disabilita-come-fonte-di-unita-nella-chiesa,9931467b-474c-48d2-8f48-28eea4a5dbb0,the-person-with-disability-sign-of-contradiction-source-of-unity,d4b537b30245d9a9,ok,,6219,2979,0.016891,2026-04-19T03:43:22.765607
retranslate-20260419-v6,cdf8ed22-7bb9-4d3d-b1d8-cdc9031066ab,dialogo-aperto-n-142,17d971e7-b8a2-4d30-b2e0-ae0fdb8a7d46,open-dialogue-no-142,3bb090bdf350f9be,ok,,4975,2077,0.012288,2026-04-19T03:43:34.767659
retranslate-20260419-v6,ce13f20b-01f2-47d5-9fd7-b165998f1857,e-dopo-parliamo-damore,4fb8a338-f824-4cc9-9385-842ababafe22,and-then-well-talk-about-love,7a5bce8d13e28706,ok,,2766,546,0.004397,2026-04-19T03:44:06.199142
retranslate-20260419-v6,ce24899c-30a5-49a9-8584-77312c25aec2,dialogo-aperto-n-60,a32c1f2a-c8e5-479d-9c81-935a97ddfa1d,open-dialogue-no-60,ac8a57a09be6db3d,ok,,3462,1096,0.007154,2026-04-19T03:44:11.091301
retranslate-20260419-v6,ce05fe09-15c7-4ed0-a4a4-e3d3fb7d8efc,quando-arriva-il-natale,63766eff-9f7c-41a4-ba60-93e8c16b8286,when-does-christmas-come,974444d9d7f7dc90,ok,,2663,479,0.004046,2026-04-19T03:44:01.991298
retranslate-20260419-v6,ce35d03e-b6c7-437b-8b5d-b4e3d1d1a469,ho-imparato,e5d05cda-9cf8-48d9-b118-3b8b6956a082,what-i-have-learned,b74e2b5ed976282f,ok,,4585,1533,0.0098,2026-04-19T03:44:22.690674
retranslate-20260419-v6,ce586535-935d-4098-8600-b98db8fea292,francesca-cabrini-tralaterrae-il-cielo-recensione,6b4049d7-b8ac-4f9b-ae21-901ec5ec47f4,francesca-cabrini-crosses-the-sky-a-life-across-continents,8d137168e7578ea2,ok,,3022,698,0.00521,2026-04-19T03:44:43.744818
retranslate-20260419-v6,ce53aed6-ffa2-4026-bad4-dc5b658d64d2,vieni-spirito-vita,76b50749-ac0a-4d49-be25-3fe2499599b0,come-spirit-of-life,80b29277249e1542,ok,,3753,1164,0.007658,2026-04-19T03:44:38.176864
retranslate-20260419-v6,ce6c11e9-086b-48bd-bf3a-4c10da90fedc,forse-una-ragione-ce,5320f2ca-1d58-48d4-90b4-23c949b49f42,maybe-theres-a-reason,8fd93cf4e5dfead4,ok,,3498,1113,0.00725,2026-04-19T03:44:50.953597
retranslate-20260419-v6,ce6d27e0-27b5-4f1f-bb88-10f4b9f71ebd,dare-vita-movimento-calore-limportanza-dellanimazione-nelle-comunita-fede-e-luce,ff3c2f05-259b-41a4-927b-9b53ed1b1275,breathing-life-into-fede-e-luce-why-community-animation-matters,89bd98708cc04732,ok,,3499,971,0.006683,2026-04-19T03:44:53.794444
retranslate-20260419-v6,ce733d60-db82-4034-9762-79922700386a,membro-attivo-della-chiesa,16cda830-4032-464e-b3df-da3d86d513b8,an-active-member-of-the-church,49fddc844dd1f410,ok,,2482,381,0.00351,2026-04-19T03:45:03.168046
retranslate-20260419-v6,ce80fc40-e60e-49bd-a2e6-77847a83a5f0,il-primo-carnevale-di-antonella,67e96534-25c8-42ac-b35f-794c5cef2bc5,antonellas-first-carnival,422b585387bfee09,ok,,2766,556,0.004437,2026-04-19T03:45:06.499673
retranslate-20260419-v6,ce91b045-d8ce-46bf-bfe0-293048682cf8,linserimento-lavorativo-delle-persone-con-sindrome-di-down,4a77d003-e7fe-47f3-8b27-fc6819135d2a,employment-for-people-with-down-syndrome,3b1e629aa80727ac,ok,,4141,1375,0.008813,2026-04-19T03:45:06.796292
retranslate-20260419-v6,cead194c-40a3-40a3-8ad2-6322d60f70c1,il-senso-di-una-vita-e-di-una-scelta,81dfe77f-b712-4b62-83a1-063f1ad4020e,the-meaning-of-a-life-and-a-choice,d02358f728f514e3,ok,,2787,578,0.004542,2026-04-19T03:45:24.977550
retranslate-20260419-v6,cea038d8-c040-4fb0-a747-51cbb1769fa5,la-disabilita-un-confine-da-superare,1f6b6e0c-aa64-4e51-8353-41ef8ff4d34e,disability-a-border-to-cross,4c6fd589d65f44f5,ok,,4069,1438,0.009007,2026-04-19T03:45:12.388514
retranslate-20260419-v6,ceb0f15d-dc44-415e-8f1e-23bfad00f784,alla-fine-qualcosa-ci-inventeremo,d83fcaa0-368d-4231-b360-d6cbc2e91a93,well-figure-it-out,9e48fdccc6e555fc,ok,,2632,489,0.004062,2026-04-19T03:45:29.979479
retranslate-20260419-v6,cebba4c6-9435-433d-a0aa-10b294935605,scegliere-di-lasciarsi-scegliere,fa5dd7d2-ff3c-4b3f-bad7-df5343d0fa8c,the-choice-to-be-chosen,f0405cd66edcd71c,ok,,3334,977,0.006575,2026-04-19T03:45:35.167379
retranslate-20260419-v6,ceba3702-da31-4219-a77e-f15ea925448b,viaggio-in-italia-newsletter-n-25,869f5359-8e49-4097-bc68-2b01c0a198f9,journey-through-italy-newsletter-no-25,cce33189d5ab5af1,ok,,4190,1766,0.010416,2026-04-19T03:45:32.279192
retranslate-20260419-v6,cecb3b3a-c797-4632-b8fd-fd8ad1acad3e,bella-ma-inutile-cronache-da-trigoria,2ab1bfb3-2ed0-4e79-bab4-0847e41827c7,beautiful-but-useless-a-visit-to-trigoria,75317ce078c4bd40,ok,,3130,850,0.005904,2026-04-19T03:45:43.845364
retranslate-20260419-v6,ced87d79-b02f-413e-a2ad-af9b42b22681,a-chi-fa-paura-lassenso-informato,b2eea00b-7a70-415f-bbfc-95f1606db86a,whos-afraid-of-informed-consent,2c9c0a5d58a00970,ok,,3415,928,0.006444,2026-04-19T03:45:51.593594
retranslate-20260419-v6,ceec0518-fb04-4c24-bc1a-c0b0e9fad323,cartella-clinica-recensioni,80e4d2d7-3510-44b8-860b-4a5284ee47f1,clinical-records-book-review,bbdec767af91ab5c,ok,,2404,328,0.003235,2026-04-19T03:46:02.972226
retranslate-20260419-v6,cf13969e-00cf-4b75-b886-5887e636867b,the-specials-fuori-dal-comune-recensione-cinus,9177b893-7c9d-44b1-a27f-4e5282add76a,the-specials-a-review-of-olivier-nakache-and-eric-toledanos-new-film,3645c8a2363ff80d,ok,,2774,537,0.004367,2026-04-19T03:46:06.515552
retranslate-20260419-v6,cecd9d23-1bed-44cd-8d33-1e1f84c62b49,il-mostro-che-ha-mangiato-gerardo,d9592fa2-a07d-45c2-b138-97d38610eba2,the-monster-that-ate-gerardo,8cd6c38224bf5e37,ok,,4578,1823,0.010954,2026-04-19T03:45:51.186402
retranslate-20260419-v6,cf1f27dd-d711-419b-a444-dfcb400ceab6,nel-libano-in-guerra-fede-e-luce-per-sperare,7bb31f79-e3fd-46ef-9398-e84ef0e5c8f6,faith-and-light-in-lebanon-choosing-hope-in-war,15534ddfd6bc01b2,ok,,2910,621,0.004812,2026-04-19T03:46:14.406212
retranslate-20260419-v6,cf1a5084-b5fe-45aa-9bff-34e97e20d336,il-male-dellindifferenza,7a6ebbbb-3354-43b3-9a9b-7c9c325d19b6,the-evil-of-indifference,b35ef7f3d612ccf1,ok,,3421,1010,0.006777,2026-04-19T03:46:12.071376
retranslate-20260419-v6,cf417b9d-ad60-4c34-9896-ef783aaace90,dai-nonni-una-tenerezza-in-piu,875a5545-c2a3-42f8-916b-b66a8f8a68fb,what-grandparents-give-an-extra-tenderness,ed865a1beb784458,ok,,2684,482,0.004075,2026-04-19T03:46:22.368149
retranslate-20260419-v6,cf629e88-3ca6-42ac-a063-efe00789552a,dialogo-aperto-n-107,c8d722f8-0a09-4ee4-acf1-5a00ad8f7731,open-dialogue-107,7ec75cc41951882f,ok,,3858,1270,0.008166,2026-04-19T03:46:27.309536
retranslate-20260419-v6,cfa5124a-7788-40ac-96e2-c0b8d804389f,deja-vu-ventanni-dopo-dialogo-aperto-n-160,617b09fd-9679-4ed8-a5bf-f466d5442bed,twenty-years-laterthe-same-embrace,33588aefcdce2060,ok,,2693,555,0.004374,2026-04-19T03:46:43.135870
retranslate-20260419-v6,cf1f763d-ea1c-48fc-90be-1281effb5653,ol-incontra-luigi-derrico,3d91426f-4cb7-4e7a-a88c-e96a01081737,cautious-not-frozen,d08eb295850ff716,ok,,4977,1975,0.011882,2026-04-19T03:46:20.812179
retranslate-20260419-v6,cfbdd4e0-305b-4c5b-83e1-b061e9ddbb6d,natale-slovenia,1d1afe16-4e5a-43bc-9036-ce7ab67e6476,happy-christmas,a87202b7690460a2,ok,,2947,648,0.00495,2026-04-19T03:46:49.145883
retranslate-20260419-v6,cfc84fa7-2cee-4b69-a630-715560cbbe88,diversi-da-chi-normali-vite-con-handicap,fbac0432-4a64-4ab7-b4a7-dfd0cdde0d62,different-from-whom-normal-lives-with-handicap,c849e004c1269ac0,ok,,3159,763,0.005579,2026-04-19T03:46:51.687664
retranslate-20260419-v6,cfcdda97-e5fd-45f5-9ce2-336b138aeca3,fede-e-luce-tutti-a-leeds,5d8d3dae-7e7f-42cb-8837-e81d805ff296,faith-and-light-all-in-leeds,265a83b3a02f34b7,ok,,4575,1913,0.011312,2026-04-19T03:46:55.519674
retranslate-20260419-v6,cfdbd9d3-e096-4301-a793-c1c102d38508,carlo-maria-martini-noi-il-lavoro-oggi,690c0c6e-f768-44b5-b304-2652181b00be,cardinal-martini-on-work-today,62a04e667196c73c,ok,,2905,619,0.0048,2026-04-19T03:47:22.727834
retranslate-20260419-v6,cfdb7423-628d-4fdb-8092-99b3fd6e1d2b,dare-loro-una-vita-normale,9ecbbbe7-9581-4f55-b025-2fad18f0cc4f,giving-them-an-ordinary-life,acbeaba205059cfc,ok,,5646,2702,0.015325,2026-04-19T03:47:00.175729
retranslate-20260419-v6,cfe4b3ed-0fa6-44fa-a258-e0f3388a70b5,ognuno-a-modo-suo,ad4f4af9-137c-42bf-8271-3ea66f1b3d76,each-in-our-own-way,496589509afad6d2,ok,,3343,981,0.006598,2026-04-19T03:47:29.738997
retranslate-20260419-v6,d000ea33-506d-47bf-bf96-40f4156f8687,chi-come-me-recensione,e28d0418-7a59-4b11-840e-4051fe20901b,like-me-review,2fc49642a891dea7,ok,,2365,245,0.002872,2026-04-19T03:47:40.257535
retranslate-20260419-v6,d0051752-a946-45a0-a96b-801566444be1,insieme-in-cammino-tutti-pellegrini,7ba58d08-852a-43e1-a883-ee27dc654c57,pilgrims-together-we-are-all-on-a-journey,53be1219bc704f68,ok,,4233,1613,0.009838,2026-04-19T03:47:43.040366
retranslate-20260419-v6,d031817d-71c9-48e3-8d42-dc99840ff50b,amore-e-disabilita-ho-diritto-anchio-allamore,55beb1b0-5b7a-40f8-ae24-b115dc5da4ce,love-and-disability-dont-i-have-the-right-to-love,b7cc5e1889e84b96,ok,,3131,820,0.005785,2026-04-19T03:48:02.162942
retranslate-20260419-v6,d034b1d8-6a06-453b-86f2-0df036c76c0b,occasioni-per-stare-al-passo,b99c51e0-e306-44e3-adce-6fc952f676b9,keeping-pace-together,07f3ed1e33f2ed9b,ok,,2733,464,0.004042,2026-04-19T03:48:11.010834
retranslate-20260419-v6,cfed8fde-23e6-43ca-a18a-7d43000fc94d,san-francesco-larca-e-fede-e-luce,a826a749-a3f3-4403-bf3c-96c338b0c611,saint-francis-larche-and-faith-and-light,0634011ef92b859f,ok,,5907,2795,0.015906,2026-04-19T03:47:39.895935
retranslate-20260419-v6,d03895b2-b216-4887-a767-a3e2d3ba428e,un-laboratorio-creativo-a-pantigliate,0141f850-47b9-4dcd-996e-b46650d132a4,a-creative-workshop-in-pantigliate,b09934c0eaffc5f7,ok,,3136,848,0.005901,2026-04-19T03:48:16.004562
retranslate-20260419-v6,d07709de-10f2-4a76-aaff-0d14758bd9ad,le-paralimpiadi-la-fastidiosa-associazione-eroismo-disabilita,ebd9dba7-f0dd-43cb-a917-c4810579aa7b,the-paralympics-and-the-tiresome-conflation-of-heroism-and-disability,87739607c5b57f09,ok,,3792,1257,0.008062,2026-04-19T03:48:18.557023
retranslate-20260419-v6,d07804a6-3f69-4510-8e25-9813b136874a,giovanissimi-insieme-n-5,ddfb0d15-e493-4c33-a548-ac6c307ef1ff,very-young-friendstogether-no-5,76a98c1157b8d8da,ok,,3340,976,0.006576,2026-04-19T03:48:24.991098
retranslate-20260419-v6,d0a69058-ae6a-4c05-9439-b816c7210807,la-disabilita-ci-rende-umani,d24bccfe-1e58-4407-8b38-c1e56140e49c,disability-makes-us-human,ad679419a8b734ca,ok,,2992,698,0.005186,2026-04-19T03:48:35.237257
retranslate-20260419-v6,d095d16b-c59c-433d-b562-bfd790ab53b4,luomo-guarda-volto-dio-cuore,0dee833f-d9c6-4074-96b3-07af0a387b61,man-looks-at-the-face-god-looks-at-the-heart,9a77cd29e7abb217,ok,,4218,1593,0.009746,2026-04-19T03:48:32.439825
retranslate-20260419-v6,d0b35fb4-2e29-4e9d-8731-b922af23f7c1,sanremo-fin-dove-lho-visto-2,25228e5d-0781-467f-bb7f-a91cac0e9d07,sanremo-as-far-as-ive-seen-it-2,64d000a5ff405287,ok,,3115,847,0.00588,2026-04-19T03:48:54.466498
retranslate-20260419-v6,d0ad5158-d3a9-4fcc-8490-dd68a574a868,attivita-di-fine-stagione-del-gruppo-san-paolo-di-roma,28a33cea-6dff-4332-a72d-d1631b4c2083,san-paolo-group-wraps-up-the-season-in-style,817f0896467b8f10,ok,,4476,1867,0.011049,2026-04-19T03:48:42.347756
retranslate-20260419-v6,d10bf1f1-f4e2-4fb4-87ed-033f407e5557,la-nostra-scelta-di-cristina,8c1394df-7bed-4924-98b3-45de036bd083,our-choice-cristina,2510ab818c217e66,ok,,3264,889,0.006167,2026-04-19T03:49:06.507271
retranslate-20260419-v6,d0de37ac-b5a8-4881-80dd-9f43bd7482d8,siamo-tutti-un-po-supereroi,39debb74-6271-44d5-b261-bbd0cb0204a9,were-all-superheroes,a11191649c0bfe48,ok,,3814,1274,0.008147,2026-04-19T03:49:01.429150
retranslate-20260419-v6,d11751b3-d4ef-4bc9-9aeb-7585a1bdc67c,nasce-insieme-il-bollettino-di-fede-e-luce,8b316bd6-a0f9-4189-8394-d15acc77ab37,insieme-is-born-the-newsletter-of-fede-e-luce,a227069a2218da8f,ok,,3077,773,0.005554,2026-04-19T03:49:17.673581
retranslate-20260419-v6,d10c2209-a906-434e-86a0-98bb6c224d1c,in-fabbrica-e-una-bella-fatica,f28904b3-10ab-48ef-b75a-b7c815ecc449,factory-work-is-hardand-worth-it,4cec2b794fdeb80d,ok,,3520,1004,0.006832,2026-04-19T03:49:16.676327
retranslate-20260419-v6,d11e208e-a370-474f-b41e-1737962d019a,mio-fratello-rincorre-i-dinosauri,47565bed-adcf-4f22-a381-4c67e0e016e0,my-brother-chases-dinosaurs-the-book-and-the-film,ad755838d3fd0e99,ok,,3627,1353,0.008314,2026-04-19T03:49:28.999807
retranslate-20260419-v6,d123f6c4-a982-47b8-8287-b367ae04b331,la-mia-lampada-frontale,95a104f1-ff9f-44f5-bbfa-335f7bd5de1a,my-headlamp,864e4aaacb6c18d1,ok,,3015,716,0.005276,2026-04-19T03:49:41.658768
retranslate-20260419-v6,d133ed08-efc1-4347-84ab-9b076b81d548,notiziario-fede-e-luce-dicembre-1976,,,dd9a6e4231eb62ff,error,Quality gate fallito: HTML: tag count: 46 orig vs 34 trad,,,,2026-04-19T03:49:47.926775
retranslate-20260419-v6,d1346cdc-4951-48de-b350-2a0311c8e178,come-e-nato-insieme-il-bollettino-di-fede-e-luce,149323a3-0c4e-4ec5-9e56-0940b4b4f1f8,how-insieme-was-born-the-newsletter-of-faith-and-light,749414108e3b1b6d,ok,,2648,494,0.004094,2026-04-19T03:51:36.086458
retranslate-20260419-v6,d16f55d3-5f4a-4a63-b04e-981fd4241ffa,dis-integration-la-mostra-dei-laboratori-darte-di-santegidio,fa8bab9b-0023-4503-ae6f-89ffd0e90faf,disintegration-art-from-santegidios-workshops,8a5704fedaba7a06,ok,,3014,620,0.004891,2026-04-19T03:51:54.132951
retranslate-20260419-v6,d174dd57-324d-4024-99d8-0c25ca56aab1,autismo-e-comunicazione-facilitata-come-michele-e-uscito-dalla-sua-fortezza,acbb37b6-5cbd-4591-947b-8b864684439a,autism-and-facilitated-communication-how-michele-broke-through,5367f1d6244dc432,ok,,3832,1246,0.00805,2026-04-19T03:52:01.176194
retranslate-20260419-v6,d189530c-acc1-4c23-9917-c6a1313f7935,leducazione-religiosa-degli-handicappati-nelle-opere-di-henri-bossonier,c7bf939f-cd68-4a16-abad-b7e94ab5abe1,religious-education-of-handicapped-people-henri-bissoniers-vision,d607e83775361e15,ok,,3407,893,0.006298,2026-04-19T03:52:16.303983
retranslate-20260419-v6,d1b48729-0c1f-432a-a7ca-ade1531677de,la-luce-e-la-letizia-recensione,9a2156ce-1e94-427f-a122-a93c2bb9acce,light-and-joya-book-review,46f8171f39e1e27c,ok,,2589,437,0.003819,2026-04-19T03:52:26.035534
retranslate-20260419-v6,d1bc6936-8af2-4b09-8b76-cc5776cab3f0,un-sorriso-e-ancora-li-sulla-mia-faccia,d9a8e882-e1c6-4f16-a038-883a3a1b10b9,a-smile-still-lingers-on-my-face,fccdc50680f0a46e,ok,,3166,790,0.005693,2026-04-19T03:52:31.504941
retranslate-20260419-v6,d1c6ad90-5480-4caa-9465-228b3b29b71a,accompagnata-e-accudita,6e92142c-60a0-419f-9a08-8f38a83d672a,accompanied-and-cared-for,d75dd9644270f35c,ok,,2838,610,0.00471,2026-04-19T03:53:14.702156
retranslate-20260419-v6,d1cc4f67-2359-4607-9ef3-8186fe717532,dopo-di-noi-a-carpi-tre-incontri-per-fare-il-punto,bfa68ae2-f24b-4d5b-8a79-5462ff89bfed,planning-for-life-after-three-workshops-on-the-future-care-law-in-carpi,043a754bba645b94,ok,,3722,1233,0.00791,2026-04-19T03:53:21.167792
retranslate-20260419-v6,d1ce8ae1-daf5-4e69-86b2-75f979c50a3d,confessione,2fc65aa3-5b84-4a85-9f67-7ddac3415c61,confession,ee8b52a5e8119884,ok,,2910,673,0.00502,2026-04-19T03:53:34.024142
retranslate-20260419-v6,d1d4058f-799a-446d-8061-6a81612bb109,4-ognuno-ha-il-suo-posto-nella-comunita,4e71f6ec-41d5-4c26-b186-53401f48331b,everyone-has-their-place-in-the-community,23e74dc04655e4fd,ok,,3575,1178,0.007572,2026-04-19T03:53:39.759233
retranslate-20260419-v6,d1d9d91b-4c01-4260-8829-c4e4363036e4,iniziativa-amica-una-casa-famiglia-dove-la-maternita-ritorna-gioia,7883d221-08a9-4e6b-a3c4-9dda25f993f4,iniziativa-amica-a-home-where-motherhood-becomes-joy-again,f4dea5d5d85e2071,ok,,4526,1756,0.010645,2026-04-19T03:53:50.765100
retranslate-20260419-v6,d1e0f981-73a5-4ff9-bd1f-feeaffd756b1,segni-di-fede-e-luce-nel-mondo-1454-comunita-di-77-paesi,ac7da0c3-0985-486a-97fe-e3ff2eafa639,faith-and-light-across-the-world-1454-communities-in-77-countries,bf63a38f6bfb2cb5,ok,,3884,1265,0.008167,2026-04-19T03:54:14.635123
retranslate-20260419-v6,d1ea6c52-0576-4175-bed2-b34b9c5c4b40,un-risveglio-religioso-dei-piu-handicappati,ce594b62-c239-4601-bf79-223f8f430854,a-religious-awakening-for-the-severely-handicapped,a281d373e4c32770,ok,,6478,3023,0.017274,2026-04-19T03:54:28.368291
retranslate-20260419-v6,d222f36f-1e19-4470-93ca-1724282946ca,eravamo-soli-e-siamo-rinati,96c597f4-adc8-40d2-9217-3afb84c4b0a9,alone-then-reborn,d1226299af0c029e,ok,,4462,1603,0.009982,2026-04-19T03:55:12.265365
retranslate-20260419-v6,d2456d26-3d54-4b9a-ae44-f53c967e0440,coda-recensione,81ca5162-cafc-45b2-94ba-f96bfa115adb,being-the-hearing-daughter-of-deaf-parents,0f56009172a8c6bc,ok,,3229,732,0.005511,2026-04-19T03:55:33.526115
retranslate-20260419-v6,d24d9626-d9b1-44eb-b493-ae2e2d59e34d,il-dilemma-della-valutazione,56893d4d-b003-4659-9e00-b0108e2dd4fc,the-grading-dilemma,f680d40aca358991,ok,,4153,1219,0.008198,2026-04-19T03:55:42.667407
retranslate-20260419-v6,d29ee698-54be-4563-85ea-92a61c73ba3a,costruirsi-un-totem-capire-e-sentire-il-proprio-valore-recensione,3b4fe0da-d610-4493-ba38-77040e011326,building-your-totem-understanding-and-valuing-yourself-a-review,47429407281826cd,ok,,2575,401,0.003664,2026-04-19T03:55:58.810718
retranslate-20260419-v6,d2af2db3-e0fa-414c-9c76-9c7c49b0e62d,come-sei-cresciuto,3af08b17-cecb-41d9-9fb9-bd7f01c4dcca,how-did-you-grow-up,f772118a248d610e,ok,,4062,1403,0.008862,2026-04-19T03:56:03.829864
retranslate-20260419-v6,d2bde9c1-5760-443d-823f-a53a711a21a4,i-miei-genitori-avevano-ragione,759ed6f7-7ec8-4a81-b12e-815ddddc03d5,my-parents-were-right,3e87c0113fbf2445,ok,,2581,442,0.003833,2026-04-19T03:56:21.760309
retranslate-20260419-v6,d11a7470-7af1-41c2-990b-b08deb02afc4,perche-si-manifestassero-le-opere-dio,,,9197db309bd5c4a7,error,Quality gate fallito: HTML: href persi: [' fedeeluce.it'],,,,2026-04-19T03:49:25.081419
retranslate-20260419-v6,d2cb07c2-9bd0-43a7-b030-84449aa6b643,di-notte-bagna,cbbfbff7-b9d3-4d64-b944-c39091173457,bedwetting-what-parents-need-to-know,3c7aa0fc3e0cc7ea,ok,,4155,1427,0.009032,2026-04-19T03:56:25.550330
retranslate-20260419-v6,d2d4527c-963f-4d7e-9f8d-60a69c56c360,quando-sono-adulti,4a7faf57-6c31-457a-9f21-b2ac9f1693b1,when-they-grow-up,4201cb1f9ecc3dfc,ok,,4095,1467,0.009144,2026-04-19T03:56:29.356984
retranslate-20260419-v6,d2edf4f7-6a0d-4dd2-bfce-bbaa19c766b2,la-storia-di-souhour-rifugiata-e-disabile-accolta-da-una-famiglia-libanese,aa077d3a-b14d-4376-84df-b5954b4eb8fe,souhour-a-disabled-syrian-refugee-welcomed-by-a-lebanese-family,00f7619e9e319dcb,ok,,3211,812,0.005817,2026-04-19T03:56:44.417557
retranslate-20260419-v6,d3320a2e-f17d-4458-a71a-8d2f76382b10,sessualita-e-disabilita-il-meglio-e-il-peggio,aacebb95-f2c9-4c83-baac-ae73aff1dde9,sexuality-and-disability-the-best-and-worst-in-us,cb2cb22cd2958ce2,ok,,3843,1225,0.007974,2026-04-19T03:56:52.562031
retranslate-20260419-v6,d3375ba5-55d0-4dbc-a5ed-16696918a015,le-caramelle-e-la-forza-di-suor-ida-maria-ferri,e3407d8d-f766-42a3-9ecc-0c08187f393e,sister-ida-maria-ferris-candies-and-courage,ddfc866673ca0903,ok,,2830,564,0.00452,2026-04-19T03:57:06.192260
retranslate-20260419-v6,d31eec01-0e90-46b1-aa35-ca4873756610,maschio-e-femmina-li-creo,2e538e35-b94a-4cd7-80ab-76088d21aa39,male-and-female-he-created-them,1565562158f7b69f,ok,,5529,2326,0.013727,2026-04-19T03:56:47.071523
retranslate-20260419-v6,d338d356-b687-4fd3-9b18-3e8b436a3a16,il-padre-assente,5f26e43f-a1cd-49be-957d-79b2414b1672,the-absent-father,b1cb66396028a351,ok,,3318,876,0.006158,2026-04-19T03:57:11.460885
retranslate-20260419-v6,d3437d02-edd6-425d-920f-ee3886937b2e,dialogo-aperto-n-4,7662824d-2bfe-41e5-b4d3-4a6c800b9648,open-dialogue-no-4,d0f7c87013433082,ok,,2816,622,0.004741,2026-04-19T03:57:18.382194
retranslate-20260419-v6,d34cae61-65f3-4884-828b-c36998573b3f,un-augurio-speciale,7d10d2ad-e80c-4c04-b3aa-306cf22c4874,a-special-wish,69a8ced85b6ec49a,ok,,2845,541,0.00444,2026-04-19T03:57:20.575813
retranslate-20260419-v6,d3556b16-0849-4e3b-8d7c-bbe586cfe580,prendete-e-mangiatene-tutti,be2b27f3-1ae4-4334-af64-a8c2f8500737,take-and-eat,ee38c75fe8ab9b22,ok,,3400,908,0.006352,2026-04-19T03:57:23.374574
retranslate-20260419-v6,d3a35fd7-8fa0-4c60-b681-ac81158007a7,per-le-strade-di-roma,0c2a3e12-8dfa-4596-a772-b8eb26272533,through-the-streets-of-rome,195e83d0e557d08f,ok,,2591,484,0.004009,2026-04-19T03:57:33.992538
retranslate-20260419-v6,d395736f-7b78-474b-aba0-66f433a6f29a,dialogo-aperto-n-26,7ab24c76-5e3a-471c-bb72-a671b4c81062,open-dialogue-no-26,5ebc04d177964f79,ok,,3879,1418,0.008775,2026-04-19T03:57:25.653833
retranslate-20260419-v6,d3a5decb-22b2-401e-94a9-8a144d4ad5b9,da-piccola-ero-down,d867ff78-30c9-44e8-8f4b-db8a3cb909fc,growing-up-with-down-syndrome,088e46f8ec766ad4,ok,,4390,1731,0.010436,2026-04-19T03:57:43.244074
retranslate-20260419-v6,d3c6033b-3572-4751-9791-e856fcf8c5ca,lintimita-del-corpo-di-fronte-alla-nudita-non-e-facile,e1726089-3259-4ba8-ba30-894cc4eb9937,the-intimacy-of-the-body-standing-before-nudity,aa1db68261928741,ok,,2594,410,0.003715,2026-04-19T03:58:04.050901
retranslate-20260419-v6,d3a44862-6f92-44fb-9942-fa111cae28d9,la-casa-gino-interessante-colonia-agricola,d9acc548-0e3a-4195-bf6e-0416aa7c88b5,casa-di-gino-an-agricultural-community,0a61b5713396e92a,ok,,5270,2284,0.013352,2026-04-19T03:57:39.428870
retranslate-20260419-v6,d3ce1f49-1c9d-4906-ad00-ae8f92054a74,lettera-a-gennarino,23c9bd3e-744a-4da1-87c6-4fc2f6247639,letter-to-gennarino,4cdb86a8a6a1c091,ok,,3029,768,0.005495,2026-04-19T03:58:09.310675
retranslate-20260419-v6,d3eec3ed-0a03-4d13-b86c-c1aadfc2b603,e-se-gesu-ci-scrivesse-oggi,a781a99f-f479-41ef-8071-d45c6c076166,what-if-jesus-wrote-to-us-today,dfb0704804e99966,ok,,3317,900,0.006254,2026-04-19T03:58:09.803032
retranslate-20260419-v6,d4114ad3-9abb-4e2d-92b9-12489078b146,ii-padre-e-lo-straniero-recensione,03db6556-84ab-457c-a85e-110b4afad2b7,the-father-and-the-stranger-a-review,fe81302f5f5b415f,ok,,2499,343,0.003371,2026-04-19T03:58:19.041675
retranslate-20260419-v6,d41e4fd6-93bb-4ccb-abf4-ebea0c591c96,chiudi-gli-occhi-e-guardami-vivere-la-disabilita-in-famiglia-recensione,16090483-552f-4cc9-a344-4e202395be04,close-your-eyes-and-look-at-me-living-disability-in-the-family-a-review,7914091ceae9fb30,ok,,2546,373,0.003529,2026-04-19T03:58:23.224547
retranslate-20260419-v6,d40bb95c-b485-4fb4-afc7-41ee5da196e2,dialogo-aperto-n-44,7a287b64-52e9-488c-896c-6de2b41c881a,open-dialogue-no-44,bc918f61434e281e,ok,,3655,1109,0.00736,2026-04-19T03:58:16.567791
retranslate-20260419-v6,d44c47ec-c6fd-482f-af00-b2a5e68a64c2,perche-mi-hai-abbandonato,5edd1a59-952b-4c8f-9d74-2d72e324603c,why-have-you-abandoned-us,fd608cacc7c78940,ok,,3551,1060,0.007081,2026-04-19T03:58:30.874743
retranslate-20260419-v6,d42ed98c-ed5a-4453-b0ee-344d87ee3241,dialogo-aperto-n-118,4dd11822-bb94-4a1b-ab77-5d5df94fd953,open-dialogue-no-118,de2be08a6b3b69c8,ok,,4105,1414,0.00894,2026-04-19T03:58:27.045199
retranslate-20260419-v6,d4539c41-fb93-4a6e-946d-2d2c4869d80a,dialogo-aperto-n-74,15932eb0-e5fa-4d8a-bd1b-bf8cb7951aec,open-forum-no-74,6cad69a1fdd0f107,ok,,3152,883,0.006054,2026-04-19T03:58:43.719289
retranslate-20260419-v6,d46d0238-2a86-4422-82a1-289dec1c4878,112-suggerimenti-un-corretto-rapporto-gli-handicappati,c03dbd0b-8068-40f8-8b5f-f0e1f61093ee,112-ways-to-help-a-practical-guide-to-disability,794f832e700292e6,ok,,2461,309,0.003205,2026-04-19T03:58:52.356964
retranslate-20260419-v6,d45d1ee7-a16e-4782-bb27-ea634e3239e8,perche-non-mi-capisci,588c8dfe-ac72-412e-b944-39375b9ab11f,why-dont-you-understand-me-d45d,421f5eb997335511,ok,,3499,1105,0.007219,2026-04-19T03:58:45.808370
retranslate-20260419-v6,d46dcca1-5b8d-44c5-b8c0-13a479aa91df,la-nostra-casa-e-in-fiamme,ddb3ed8b-2814-4e89-a6c1-01b9b6c61803,our-house-is-on-fire,81642dc343b3c791,ok,,2948,797,0.005546,2026-04-19T03:58:55.704198
retranslate-20260419-v6,d4964c67-2ea7-42b6-887d-9dc3459fdcb5,quando-il-cinema-viene-in-soccorso-del-teatro,5cda6cfb-1d7a-4e52-9e0c-4182589311f6,when-film-rescues-theater,605577faa96aea20,ok,,2868,536,0.004438,2026-04-19T03:58:59.218679
retranslate-20260419-v6,d4a9ccbb-f6eb-4377-8faa-42e20ab74778,campane-a-festa-2,93cf26b2-66e8-44b3-9089-a210af34fa19,bells-of-celebration,64cc412cfde6363a,ok,,2914,635,0.004871,2026-04-19T03:59:00.502933
retranslate-20260419-v6,d4c5df31-a95d-499d-8bcd-6c32c7f7e917,alla-morte-del-nonno-perche-lhanno-messo-in-una-scatola,c712aaaf-3e56-4b68-8134-c618ce8d45b0,at-grandfathers-funeral-why-did-they-put-him-in-a-box,f2d3c288716bc5ef,ok,,2501,367,0.003469,2026-04-19T03:59:06.757664
retranslate-20260419-v6,d4b2e563-be1a-4b0e-944d-d7cc5ebbe59b,amici-sempre,8f854f90-0d4f-450c-8fef-7a7129d169d4,friends-always,a7bc37674752f741,ok,,3454,921,0.006447,2026-04-19T03:59:05.284416
retranslate-20260419-v6,d509e673-5c8c-4990-9239-1c54009e9115,boscoreale-raccolta-fondi-scolastica-per-persone-disabili,b73ea584-1471-4b77-a1eb-876774c43c9d,a-school-that-acts-boscoreales-fundraiser-for-students-with-disabilities,417e07ca9c007857,ok,,2825,550,0.00446,2026-04-19T03:59:16.903028
retranslate-20260419-v6,d51b4480-3158-472d-803a-27233caa14f5,lettera-di-presentazione-del-cardinale-hume,7aec93ab-6dce-4996-892b-2b8e2a5facf2,cardinal-humes-introduction,a2cd8cb1c5eeb5fd,ok,,2561,357,0.003477,2026-04-19T03:59:22.380602
retranslate-20260419-v6,d4d7449f-af21-4ada-91bb-8b8eecabacb0,proprio-una-normalissima-famiglia,64dbd484-4cf8-4ff3-a5c5-417474f235dc,just-like-any-other-family,0a756eb657eedc93,ok,,3990,1295,0.008372,2026-04-19T03:59:10.401344
retranslate-20260419-v6,d52d9c9e-d11c-436c-8130-5c6574868ce8,tempo-di-imparare-valeria-parrella-recensione-libro,2d8118e0-533b-41b4-9ef1-7bf588d484f7,time-to-learn-book-review,25f8b95e10beee56,ok,,3017,789,0.00557,2026-04-19T03:59:26.048640
retranslate-20260419-v6,d56f5013-21f4-4a83-aa0a-15692a219fd1,tenendoci-mano-cresima-insieme,f7f64784-1f3b-4225-be1d-e865fc34c1cc,hand-in-hand,9161ca7e033b78b8,ok,,2981,662,0.005033,2026-04-19T03:59:32.599538
retranslate-20260419-v6,d53866ab-c56c-4fa5-8b87-cf41119e1b53,baskin-a-monopoli,b0bef996-8562-40b2-8fcd-67c45890b2ec,baskin-comes-to-monopoli,4da54c06340a10ba,ok,,3605,1170,0.007564,2026-04-19T03:59:29.116063
retranslate-20260419-v6,d5ab3f8f-d608-4f61-baf9-98539445d7f8,un-percorso-archeologico-subacqueo-per-persone-con-disabilita,f412de7c-c3ff-4a6c-a1b1-e797330f8eb1,italys-first-underwater-archaeological-trail-for-divers-with-disabilities,5d7e30bfd8ae0ef1,ok,,3323,999,0.006654,2026-04-19T03:59:38.133446
retranslate-20260419-v6,d5ac45ab-46af-4c7a-8567-5deac6c00684,lettera-da-una-mamma-del-molise,96738578-480c-4278-a043-fcc998b8e0ad,a-letter-from-a-mother-in-molise,15bb0eae4bacc6c7,ok,,3115,837,0.00584,2026-04-19T03:59:43.155134
retranslate-20260419-v6,d5b5d70b-e72a-4a79-932a-7acb205f28b9,sara-bellissima-festa,50be73b3-7b2e-4157-9672-42ff0a019bb3,a-beautiful-celebration,4f007575714fd4af,ok,,2405,276,0.003028,2026-04-19T03:59:52.519586
retranslate-20260419-v6,d5ad8afa-cd54-42cb-baa8-aa1ac95720ae,dedica-cambiata,2bc00abc-a696-46b9-8b26-957a3fae2b5b,a-dedication-that-needs-rewriting,0153c6e341852404,ok,,3348,862,0.006126,2026-04-19T03:59:47.863211
retranslate-20260419-v6,d5dc529a-07d3-49e4-8f60-81452fafb777,un-lungo-cammino,eadedd76-4c66-4ec9-99e7-c63881f98f85,a-long-walk,81bb8bec013e58b0,ok,,3117,745,0.005474,2026-04-19T03:59:55.934733
retranslate-20260419-v6,d5f77b04-86a5-4757-b2ad-d6c7d45ab6e8,con-la-forza-di-una-quercia-associazione-la-quercia-millearia,f791fff4-3122-4c9f-be0f-83d53e3017ff,the-strength-of-an-oak-associazione-la-quercia-millenaria,7054b24c28deefb1,ok,,2691,434,0.003889,2026-04-19T04:00:03.651720
retranslate-20260419-v6,d5e70269-295f-4547-8839-b195b9ba4388,ed-era-la-nostra-consolazione,4a026e47-e636-4a97-8792-1f0e356aef12,she-was-our-consolation,cd0f5064ab4682bf,ok,,4194,1517,0.009423,2026-04-19T03:59:58.240914
retranslate-20260419-v6,d5fd84ee-aaf1-423c-9d0e-430884b78299,dossiermangiar-sano-dormire-bene-atura,29610056-be46-4a14-8530-9c0f669998fe,eat-well-sleep-welland-connect-with-nature,d6044d8decfdc103,ok,,3301,817,0.005909,2026-04-19T04:00:07.876628
retranslate-20260419-v6,d64daf49-2bd9-4ed6-81f7-dc75a8e05308,una-piccola-malga,970d5a6b-b7e4-4f73-8c78-8f7e1c61d448,a-small-mountain-refuge,a852f9ad34d5f755,ok,,4915,1952,0.01174,2026-04-19T04:00:19.299301
retranslate-20260419-v6,d625f9e2-1ab2-4934-bda8-832b13621cbf,come-fare-festa,fea0422f-48a3-4a28-8607-74671642e9a3,how-to-throw-a-party,2808494c0bfcbf5e,ok,,5852,2802,0.01589,2026-04-19T04:00:18.781034
retranslate-20260419-v6,d66c00d4-3203-4084-be48-80ff6ad16df2,tutta-la-vita-davanti-dedicato-a-chi-vive-la-terza-e-quarta-eta-recensione,e0bdf80e-ffef-4292-ad63-46c8f869b0ff,a-whole-life-ahead-for-those-in-the-third-and-fourth-agesa-review,9900f82a54e8b93e,ok,,3092,761,0.005518,2026-04-19T04:00:55.211121
retranslate-20260419-v6,d64e202f-d543-4235-994a-b763ec35e2e7,come-separare-un-onda-dal-mare,93079285-5895-4f6f-bc84-8fcb1ae767a6,how-to-separate-a-wave-from-the-sea,d62985763c95c6a7,ok,,4658,1785,0.010866,2026-04-19T04:00:51.841294
retranslate-20260419-v6,d686dd56-706c-4c49-b802-e6bf1879cd04,essere-bea-recensione,f70aa4d9-b186-4f66-925c-2ac3b5d49c46,being-bea-a-graphic-memoir,f05deb03c6240b66,ok,,2414,294,0.003107,2026-04-19T04:01:15.347120
retranslate-20260419-v6,d6ae6ecb-93d6-4078-9a44-673f6895afbf,un-cammino-insieme,5eb42c4b-3a76-4c0a-9408-410b5dc96f5c,fede-e-luce-a-journey-together,e4420982b59f842c,ok,,3209,816,0.005831,2026-04-19T04:01:18.728663
retranslate-20260419-v6,d6b42591-67f7-44ad-b46e-5f350d5c08f8,come-preparare-il-distacco-spunti-riflessioni-dopo-di-noi,534439a4-3a82-4048-b581-46db57cc13f7,letting-go-preparing-for-life-after-us,2b5828c0f0e8ef06,ok,,4009,1300,0.008407,2026-04-19T04:01:27.444538
retranslate-20260419-v6,d6b4ef8d-ba1e-4dc3-a25d-4e5280501d23,una-sera-a-roma-stadio-dei-marmi-special-olympics,36cd519c-601b-4ea4-8f4e-4de7a5f0e74b,an-evening-at-romes-stadio-dei-marmi-the-special-olympics-open,59322a84beceeee4,ok,,5085,1945,0.011848,2026-04-19T04:01:43.368756
retranslate-20260419-v6,d6b5aa45-1782-4916-8393-0b03a6cb39c2,brooke-amica-speciale,ef8cacfa-8374-453a-80c1-88c2c2b6b92e,brooke-my-special-friend,1b8f2a9c26216942,ok,,2580,455,0.003884,2026-04-19T04:02:11.539819
retranslate-20260419-v6,d6802953-bf80-46f8-9cdd-7a9954e5bfac,la-lingua-dei-segni-nelle-disabilita-comunicative-recensione,,,bbed32fb3c173c6d,error,Quality gate fallito: HTML: tag count: 23 orig vs 16 trad,,,,2026-04-19T04:01:02.797847
retranslate-20260419-v6,d6f9ace0-4853-44ee-babb-8fb1d45e1a78,film-un-silenzio-particolare,e4043346-3424-40e2-90f1-89661da3fc0c,filma-particular-silence,e6b2ad2f68bd20c3,ok,,2791,588,0.004585,2026-04-19T04:02:17.090484
retranslate-20260419-v6,d7071c05-ffd8-42b1-b681-a0fa0e2828dd,cinema-e-disabilita-i-3-film-di-valerio-sammarco,a3dc7d0a-c2ef-4e46-94be-e03df97d8644,cinema-and-disability-the-films-of-valerio-sammarco,bdaea362df8248e9,ok,,2080,44,0.00184,2026-04-19T04:02:22.449638
retranslate-20260419-v6,d6b89fcb-014b-43f0-b8ff-a607c3fcdf83,quanta-forza,b15b5599-7c38-4a98-b442-b916ab75a194,what-strength-she-had,0a242f41a5ffc1a1,ok,,2538,468,0.003902,2026-04-19T04:02:16.690999
retranslate-20260419-v6,d719f0f4-2f11-475a-bc66-4ed4db10ba52,la-speranza-non-fa-rumore-recensione,97f12311-9ab1-4ce7-9469-3d29de561989,hope-makes-no-headlines,ea0f9031401a76eb,ok,,2395,253,0.002928,2026-04-19T04:02:23.773852
retranslate-20260419-v6,d7264cde-0c7a-4ade-955f-2c4cf105e43d,il-tuo-nome-e-olga-lettere-a-mia-figlia-handicappata,fee688e4-20f5-4e8a-ae74-0e264c757824,your-name-is-olgaletters-to-my-disabled-daughter,3da87a238ab50a6c,ok,,2740,516,0.004256,2026-04-19T04:02:23.813246
retranslate-20260419-v6,d75736a7-174b-4aa1-bdae-c232d18b1a76,scheda-le-persone-pluri-handicappate,06fa5c9e-acf8-4715-82af-a6ee6acacad1,people-with-multiple-disabilities,79900b006ab8fac6,ok,,3074,776,0.005563,2026-04-19T04:02:28.083262
retranslate-20260419-v6,d7321009-a1c8-44ef-a32b-515775e99410,16-il-perdono,b51275a0-30e8-464a-b61b-690858c241cc,forgiveness,00fce3e8f1f9079e,ok,,3643,1157,0.007542,2026-04-19T04:02:26.512256
retranslate-20260419-v6,d75c9796-7acd-45f2-9d9b-2ab85c7ddf16,arriva-italia-carolines-cart-carrello-la-spesa-le-persone-disabilita,5351bcb6-9bc3-432e-886d-09299bf60184,carolines-cart-arrives-in-italy-a-shopping-solution-for-people-with-disabilities,c8aff03bb7a95cc1,ok,,2875,657,0.004928,2026-04-19T04:02:38.683879
retranslate-20260419-v6,d7923ee6-003e-4ccd-a7e4-186f5b84113c,cecilia-una-esperienza,feecb6e8-367d-437b-874a-618c48136ceb,cecilia-a-first-experience,c7dc8174a1569b94,ok,,2554,361,0.003487,2026-04-19T04:02:44.294046
retranslate-20260419-v6,d75ac67e-2474-451b-8b85-95049f15bff3,il-nostro-incontro-con-liliana-segre,2a4b31f1-3faf-47af-bd5f-f3b620043b60,our-meeting-with-liliana-segre,2b66367f96f6e03d,ok,,4108,1474,0.009182,2026-04-19T04:02:34.949969
retranslate-20260419-v6,d79e7962-6358-4c10-8838-33db61a1363e,ora-puo-riposare,04a8fcfb-9c81-47ca-9834-48b95a7e55a1,now-she-can-rest,b461e89007544064,ok,,3038,819,0.005706,2026-04-19T04:02:54.022586
retranslate-20260419-v6,d79dc308-c8bc-4b26-a9c3-a54393debd18,cosa-detto-papa-sullepilessia,37fbf64e-084d-4d68-a05c-d6ee67375340,what-the-pope-really-said-about-epilepsy,de0bdf2e8985203e,ok,,4736,1947,0.011577,2026-04-19T04:02:48.072723
retranslate-20260419-v6,d7c3bf7a-35ff-445e-b63a-1df0f719451e,dialogo-aperto-n-144,b95a3f6d-39d1-4e14-912c-2fd66ddc80fa,open-dialogue-144,c67b2e81b1f22c80,ok,,2871,641,0.004861,2026-04-19T04:03:13.226369
retranslate-20260419-v6,d8192137-4917-44d7-9cc6-86d03c9a9554,il-resto-parziale-della-storia-recensione,3a9c04bc-7593-4a31-9364-f83996ea4829,the-rest-of-the-storya-review,b21132eb3edfd504,ok,,2872,594,0.004674,2026-04-19T04:03:20.856022
retranslate-20260419-v6,d81ed109-0869-4906-8716-d7689c15a12a,un-fiume-di-pace-un-mare-di-giubilei,dee7efb1-ca36-43fc-9ea8-8ce0cf4b9a3a,a-river-of-peace-a-sea-of-jubilees,130e6f2f4abb7ae6,ok,,3623,1073,0.00719,2026-04-19T04:03:26.623653
retranslate-20260419-v6,d7b1e3fa-3b55-45b9-9a32-1841a552bf06,nomen-omen-la-storia-di-cristina-acquistapace,c12c8ed6-4899-4a60-8465-ded59be4bb6e,cristina-acquistapace-when-a-name-becomes-a-calling,4b57111eb40094ef,ok,,5348,2339,0.013634,2026-04-19T04:03:03.475751
retranslate-20260419-v6,d82e2b8b-e693-4eb3-8d6d-51cb40155e85,slime-recensione,c0c86ccc-0232-456f-8f2c-1b9513de16dc,slime-review,0305d068427a979f,ok,,2425,315,0.0032,2026-04-19T04:03:38.739062
retranslate-20260419-v6,d8333faf-6a74-4deb-85c5-af04547e2cd6,caro-presidente-sergio-mattarella,2ef0c40d-48dd-458f-afbe-5be28b8b28d5,dear-president-sergio-mattarella,14288353ff0f6cc8,ok,,2940,695,0.005132,2026-04-19T04:03:38.822874
retranslate-20260419-v6,d83eaddb-bc0a-4509-b3b1-0f0d5c203a43,la-tentazione-di-fuggire-di-fronte-alle-difficolta,ae836c24-8f66-4b46-8c1c-dbd66a9bea8b,the-temptation-to-run-when-difficulty-strikes,3ed9fe8a894f1983,ok,,3250,909,0.006236,2026-04-19T04:03:42.331410
retranslate-20260419-v6,d869d57a-3690-471f-a084-64f514527d85,il-coraggio-di-osare,ef4337e6-c23b-4579-821e-70a6ca557de7,the-courage-to-dare,da05b8111b1ac1a1,ok,,2807,568,0.004518,2026-04-19T04:03:52.858708
retranslate-20260419-v6,d86b704c-e052-4470-9433-9bd6d7e53b9d,assisi-1986-le-fotografie,7b3b9ec8-c7a2-4009-9d60-b194198ca315,assisi-1986-a-photographic-record,60952de26c006a86,ok,,2070,41,0.00182,2026-04-19T04:04:00.018466
retranslate-20260419-v6,d849c037-ba12-4e6e-b758-b2c319e180a7,una-veglia-laboratorio-per-il-giovedi-santo,58ada2f8-c90d-4a30-9da1-c843c4804dea,a-vigil-workshop-for-holy-thursday,7adccdabf11f6372,ok,,4192,1605,0.009774,2026-04-19T04:03:45.278445
retranslate-20260419-v6,d87e9f0c-905f-41e4-9d94-427524be69bf,23-maggio-1979-festa-della-primavera,bf1f0ec1-7d45-4cee-8961-16c345eb9ebb,may-23-1979-a-spring-festival,6c9203acd7caf697,ok,,2850,562,0.004528,2026-04-19T04:04:04.521195
retranslate-20260419-v6,d87e65e0-0044-4730-aadf-b990344222dd,insieme-verso-una-terra-di-unita,5d604c76-18e9-42a9-a5e8-914bfb502677,walking-together-toward-unity,10f33860abb79f1c,ok,,3551,989,0.006797,2026-04-19T04:04:01.307844
retranslate-20260419-v6,d88167f3-2dcb-4120-869e-40b66b40371c,la-luce-danza-irrequieta-recensione,9b1c5d29-f3ad-412f-870b-b9a0acb36d51,light-dancing-restless-a-review,af5c5a388eba6485,ok,,2495,386,0.00354,2026-04-19T04:04:10.601080
retranslate-20260419-v6,d8995d8b-093d-475b-b106-c1e44ff038ef,il-sacerdote-uomo-di-compassione,7f7a384d-bd0b-42d8-9933-5094676c4ba8,the-priest-as-a-man-of-compassion,cb136062f3efc699,ok,,2538,354,0.003446,2026-04-19T04:04:14.881919
retranslate-20260419-v6,d892ac96-6edd-470f-9ab3-69ad57ae4b34,ce-qualcosa-di-nuovo,5f20eae4-57fd-4766-8c74-0e79df627408,something-new-is-happening,4f7fdedb2ad21d4b,ok,,3234,811,0.005831,2026-04-19T04:04:10.847971
retranslate-20260419-v6,d8a0b6ac-688a-448c-a243-ab304c67f10f,il-coraggio-della-piccola-vanessa,33fc5d3f-0e93-41ba-811c-1f9a1ba5b40a,vanessas-courage,ba228542b6107c0b,ok,,3698,1174,0.007654,2026-04-19T04:04:18.360149
retranslate-20260419-v6,d8b25916-8da7-4be8-b878-c7fd27c28b56,se-le-universita-sono-state-le-prime-ad-ascoltare,4d89d9dd-4ada-4c9c-a95d-db86812150ad,when-universities-led-the-way,3232d8e53c14c03a,ok,,4048,1297,0.008426,2026-04-19T04:04:20.540250
retranslate-20260419-v6,d8dd6a6f-357c-4644-8685-41d894bbbe6b,fare-ed-esserci,45116433-34f9-4171-8007-d7d6ebc0afd4,doing-and-being-there,d2f0bf2f0662aade,ok,,3369,966,0.006559,2026-04-19T04:04:36.493000
retranslate-20260419-v6,d8e84d7c-1ecf-4ece-9f4f-d00251deae8c,volontariato-biblioteca-della-solidarieta,75c58fa2-015a-4ba7-acca-77f110fe21d6,volunteerism-a-library-of-solidarity,6008ae8475806a77,ok,,2692,487,0.004102,2026-04-19T04:04:47.962453
retranslate-20260419-v6,d8db6d6e-8aaf-4a62-9b3b-9c6626f2727d,il-ruolo-di-cura-quattro-film-berlinale,914a6c8b-ac53-42ca-8ed8-aa984a6d8507,care-as-calling-four-films-at-the-berlinale-that-demand-reflection,82adb7124c9dbcc5,ok,,4422,1856,0.010962,2026-04-19T04:04:32.824893
retranslate-20260419-v6,d902ca01-8eae-4683-bef2-bc5e86b43bf7,ci-ha-scritto-la-mamma-di-roberto,f9f7ea84-1cff-4a0a-b77a-f171beed548f,robertos-mother-writes-to-us,878f928c40a20d9f,ok,,2647,485,0.004058,2026-04-19T04:04:54.168308
retranslate-20260419-v6,d909657a-9578-4cb7-bdc0-0809b401d0b3,perche-ho-dato-una-mano,2934230f-8c72-4e11-a90a-eaca1e41a1e4,why-i-helped,b26dfdb69b12e3a6,ok,,3169,721,0.005419,2026-04-19T04:04:58.250533
retranslate-20260419-v6,d917254e-45a0-48ad-adef-8c0abe3c08ef,wheelchair-hockey-per-la-prima-volta-italia-campione-del-mondo,47ec1708-22b8-45f2-a37f-9606f788adac,italy-wins-first-wheelchair-hockey-world-championship,13f6587e729603e3,ok,,2877,671,0.004986,2026-04-19T04:05:07.340849
retranslate-20260419-v6,d93f4ba3-267a-4554-ba8c-042bc768c432,buon-natale-antico-corale-trascritto-da-un-bambino,4443d89a-467e-4381-8cbb-f32a4929f27b,a-christmas-lullaby-ancient-carol-transcribed-by-a-child,90d3eb43dbc8fe6a,ok,,2502,400,0.003602,2026-04-19T04:05:13.295362
retranslate-20260419-v6,d940386b-f5b1-4bca-a9ef-dacacc61429a,raccontami-il-mare-che-hai-dentro-vivere-con-un-figlio-autistico-recensione,1d45de13-f13a-4116-8f39-c10b29816d45,tell-me-about-the-sea-inside-you-raising-an-autistic-son,a2cd364e83d8e989,ok,,2558,402,0.003654,2026-04-19T04:05:16.940121
retranslate-20260419-v6,d8f3b153-0a0f-4e3b-a5ba-cfe709eeac70,che-vita-e-la-nostra-sei-mamme-si-raccontano,5ade75de-b27a-484f-bed0-f3945895d5ad,what-kind-of-life-is-this-six-mothers-speak-out,45189a5c641c9a0d,ok,,7701,3643,0.020733,2026-04-19T04:04:52.224393
retranslate-20260419-v6,d965c79b-9ac4-4f5c-b056-f419ed243648,attualita-di-un-centenario,019dbdf9-2f50-471b-8b9b-fbbb9cdb6123,the-centenarians-still-unfinished-work,75965304336fb846,ok,,2804,605,0.004663,2026-04-19T04:05:43.807673
retranslate-20260419-v6,d968e6f4-b67b-435e-a083-a4fd95f89a6a,e-se-rivoluzionassimo-la-spesa,1bb28312-c33f-45b8-baf1-e4d30368fe17,what-if-we-rethought-the-shopping-trip,7234fe7fe6a11fb6,ok,,3738,1110,0.00743,2026-04-19T04:05:49.888194
retranslate-20260419-v6,d9624d30-74c0-4552-a006-f460c08c89bc,la-voce-dei-genitori,d04256d3-bcc3-4fbc-b3b5-f2b5c708e76f,voices-from-parents,cd528bd6ebc166e3,ok,,6474,3323,0.018471,2026-04-19T04:05:21.442851
retranslate-20260419-v6,d96da3ce-2412-4434-a897-bc78d1bc6241,lettera-aperta-ai-genitori-di-bambini-speciali,afc29c1c-7101-4efb-a55e-dc86a9d23d7e,an-open-letter-to-parents-of-children-with-disabilities,571243ffc3e92834,ok,,3880,1179,0.00782,2026-04-19T04:06:05.077224
retranslate-20260419-v6,d97d4b87-cc2b-4b13-85ac-78610cec0950,faccio-io,e40e60b0-b1f8-47ba-b23a-b3e66e5d8c27,ill-do-it,c305298eab12b10f,ok,,3906,1431,0.008849,2026-04-19T04:06:06.606431
retranslate-20260419-v6,d985eaa8-57f5-4681-9eb5-4ebf75eb489d,insieme-verso-la-pasqua-1981,09707f54-dc02-4fb0-99c5-d0de02e7f417,easter-together-1981,98c1b893f451fadc,ok,,2647,465,0.003978,2026-04-19T04:06:22.377231
retranslate-20260419-v6,d99a7278-66bd-4c7c-92f2-d9328b915254,mio-fratello-rincorre-i-dinosauri-2,ee51347c-a5de-4c44-abf2-ce48d3729c3c,my-brother-chases-dinosaurs,3541be4e11673ffa,ok,,2686,508,0.004181,2026-04-19T04:06:26.653302
retranslate-20260419-v6,d997526d-18e8-438c-986d-9eb885d600f8,monaci-di-lanuvio-finanziamento-banca-etica,66872c4f-509b-4c31-9f51-11a28bea2ab4,the-monks-of-lanuviohow-ethical-banking-financed-a-dream,8a89b2817cf517d5,ok,,2842,599,0.00467,2026-04-19T04:06:24.844734
retranslate-20260419-v6,d9aa250e-3bd3-4841-aaa0-f8fd6064988a,non-mi-piace-andare-al-cinema,360b0e2e-6b1c-4c46-b722-366d9f440322,i-dont-like-going-to-the-movies,ed9e36b5e2b09a6d,ok,,2852,634,0.004818,2026-04-19T04:06:31.378903
retranslate-20260419-v6,d9ab3bcb-0a03-45b2-9aab-0019419ed99d,la-vendita-di-novembre-impegno-e-solidarieta,d2be3690-c6cc-4050-a6a9-a55ead9073e2,november-sale-commitment-and-solidarity,ec405add0639d6c1,ok,,3696,1182,0.007685,2026-04-19T04:06:31.733679
retranslate-20260419-v6,d9da201a-8dd5-44d6-8beb-c2d00ba61d34,ci-hanno-scritto-insieme-n-24,7789234d-8a99-45f7-9c70-754287f449b5,letters-from-our-community-insieme-n24,dcaeaada01bae8c8,ok,,4676,1990,0.011701,2026-04-19T04:06:36.874171
retranslate-20260419-v6,d9e9559b-7b29-4966-9581-93338e260c8e,cristiani-del-sagrato,1831257d-7cd2-4cd7-84eb-559069a95585,christians-at-the-church-door,81e55d6194c34dcc,ok,,2732,504,0.004202,2026-04-19T04:07:03.389296
retranslate-20260419-v6,d9e58c1b-efac-414b-9ef4-a51b9c0ed96c,nuotando-con-amore-ancora-una-volta,500f4480-25fb-4d38-aac1-c8c0f8d7b78e,swimming-with-love-again,a990bb4630a893b3,ok,,3027,751,0.005426,2026-04-19T04:06:46.198200
retranslate-20260419-v6,da55a5ea-b89e-4b3a-9a5c-3ec44355f5a7,jean-vanier-e-larca-una-comunione-damore,1c68a08a-0344-47b2-a674-f7cd918b7dfb,jean-vanier-and-larche-a-communion-of-love,75c0e58317e2ff05,ok,,2847,586,0.004622,2026-04-19T04:07:09.189971
retranslate-20260419-v6,da806054-33ca-4b1d-bdd5-f595cb6ac8d1,lettera-ai-compagni-di-classe-di-matteo,2b71f342-f4e4-470a-9eb1-932f092e5c95,a-letter-to-matteos-classmates,f528d2e26ed68221,ok,,3053,731,0.005366,2026-04-19T04:07:14.112687
retranslate-20260419-v6,da1328bb-ec8b-4613-b6fe-485e897abd3e,insieme-si-ma-come,3e64d734-e9fe-4a9d-a6c3-0c864588a2d9,together-yesbut-how,f125c787a9119c46,ok,,4025,1342,0.008588,2026-04-19T04:07:09.012868
retranslate-20260419-v6,da8db409-6e94-4a60-a4f3-cf103b5d5fc2,guarda-ce-sam,cd993a0e-cef2-4f15-a395-926e193cd6a1,look-theres-sam,ba72bf03b34e2119,ok,,3580,1125,0.007364,2026-04-19T04:07:21.659491
retranslate-20260419-v6,dabd6d3e-036e-42e5-8e94-3f086ab525ab,ora-so-perche-pianto-dei-fiori,1168a4f9-8eeb-40cf-bcb5-b4112d310c50,now-i-understand-why-i-plant-flowers,5624ec824b520453,ok,,2859,589,0.004643,2026-04-19T04:07:34.782773
retranslate-20260419-v6,da93ad4f-75f4-4823-95e1-02519714ba62,dalla-scuola-amore,528e3c5b-8f82-4d05-b0f1-b0f3ff3636ed,teaching-with-love,fca9e559ab19b1ec,ok,,4752,1806,0.011026,2026-04-19T04:07:26.440107
retranslate-20260419-v6,dac7b86e-887c-41ff-9092-d670761eea52,the-square-un-ristorante-per-sperimentare-lautonomia,ee462873-5863-4b53-8808-1492b522db88,the-square-a-restaurant-where-people-with-disabilities-learn-independence,7342200780ec2d58,ok,,3324,954,0.006475,2026-04-19T04:07:40.576183
retranslate-20260419-v6,dacef662-78aa-429d-a5f5-04a4e996b355,per-la-loro-educazione-bilancio-di-unestate,26dd0757-fb08-460d-968d-11970625250a,for-their-growth-a-summer-reckoning,a42c7666c2260745,ok,,2643,413,0.003766,2026-04-19T04:07:49.335568
retranslate-20260419-v6,dacf5e50-3a6b-4982-b40a-29308f775aa3,natale-nel-mio-cuore,ea4e75eb-4170-449f-b2b5-32e46a620ad9,christmas-in-my-heart-dacf,d60ce56b5156d5c1,ok,,3490,1089,0.007148,2026-04-19T04:07:51.716197
retranslate-20260419-v6,daed9249-a8fc-4546-a848-6370023d980b,longevita-nella-disabilita,02600e85-dde1-4a3e-b691-de6817eda737,living-longer-with-disability,d259ff332b545844,ok,,4362,1451,0.009294,2026-04-19T04:08:02.675269
retranslate-20260419-v6,dae6a6f8-a9f3-41f9-866c-53b019f439e5,a-proposito-di-sentimenti-parliamo-del-film-di-daniele-segre-con-alcune-mamme-e-sorelle-di-ragazzi-down,c8be1a79-36b2-4cf4-a0e3-678537649197,on-feelings-daniele-segres-film-and-what-we-made-of-it,862da21c565a57b5,ok,,5065,2403,0.013664,2026-04-19T04:07:53.291056
retranslate-20260419-v6,daf746ad-cf59-4fa5-9444-613330afa18f,dalle-provincie-n-134,94f9c096-a64a-4237-b8eb-383022134458,from-our-communities-no-134,d7f3c6d9e5f8eca7,ok,,3663,1192,0.007698,2026-04-19T04:08:22.701908
retranslate-20260419-v6,daf7b24e-c2ee-40d5-9ffd-6000968d63bb,ci-hanno-scritto-n-13,b45bc14a-c9d5-49f0-82a2-3b1c0b9591da,letters-to-the-editors-issue-13,735f5deb59ada225,ok,,4810,2065,0.012108,2026-04-19T04:08:24.699885
retranslate-20260419-v6,daf9fe2a-d07e-4ccb-8655-7da6292e0f82,il-senso-della-festa,c49700d4-28ff-4c03-bd1d-b01b709a090a,why-we-celebrate-twenty-five-years-of-the-carro,77e2e59cc9f9e54c,ok,,4411,1650,0.010129,2026-04-19T04:08:34.889068
retranslate-20260419-v6,db0837e0-ca78-4323-982b-a8a5787deaa6,la-comunita-di-famiglie-recensione,ebe006ed-d137-46d2-9b2c-5644d81f7816,communities-of-familiesa-review,82eceb76dc1a83a5,ok,,2545,368,0.003508,2026-04-19T04:08:56.871358
retranslate-20260419-v6,dbdc5159-d038-4618-a598-9206655247c0,mi-riguarda,99117162-a2cb-4453-94d1-517184f771bc,it-concerns-us,88a013260f057830,ok,,3115,768,0.005564,2026-04-19T04:09:01.618167
retranslate-20260419-v6,db009561-0a2d-4995-8407-079fe8d55152,storia-di-un-segreto-dio-mi-ha-parlato-tramite-i-miei-amici-speciali,fa5a9aff-6c7d-41dd-8569-c54c235aa1e7,the-secret-god-shared-with-me-how-my-friends-taught-me-to-listen,5d00b34dabf74259,ok,,4430,1680,0.010264,2026-04-19T04:08:52.067372
retranslate-20260419-v6,dbdef0b0-aaa8-4d15-bbef-3f9a6fb9287f,giochi-e-giocattoli-tanti-da-scegliere,576f3dcc-01c3-449e-9353-2861fdc444f9,choosing-toys-and-games-for-children-with-disabilities,70b658ca98346ddd,ok,,3029,800,0.005623,2026-04-19T04:09:10.398059
retranslate-20260419-v6,dc00fb23-b72a-4859-be7d-7921dc0883d8,natale-brasile,f841e7f8-95ac-41cf-90f2-51054c51e20b,merry-christmas-dc00,ae8c90ee8a22509f,ok,,2951,679,0.005077,2026-04-19T04:09:18.627174
retranslate-20260419-v6,dc5a6e79-9023-4786-818c-c815efcec9d5,dalle-province-n-126,0b6c239e-6ac8-445b-a530-325ffc1aab9a,from-our-communities-no-126,5cf9f12a044955d8,ok,,3363,959,0.006526,2026-04-19T04:09:25.190420
retranslate-20260419-v6,dc6125e9-f66a-4d91-93a1-bdfa1dae4db4,ombre-e-luci-n-9-1985-sfogliabile,448de2c5-2ec4-41f2-b611-021f88f5f72a,ombre-e-luci-no-9-1985,07c16a86ac3f5f0f,ok,,2083,45,0.001846,2026-04-19T04:09:33.842196
retranslate-20260419-v6,dc64c6aa-32f1-495e-965b-fd06d4c3a837,hostability-il-progetto-di-turismo-accessibile-della-regione-lazio,331e7f9c-e93b-4d50-9e2f-ca398f0d296b,hostability-lazios-accessible-tourism-initiative-for-young-people-with-disabilities,37ecbd819f260ddd,ok,,3175,827,0.005848,2026-04-19T04:09:36.047011
retranslate-20260419-v6,dc737b40-2de8-4303-a7e5-3cbc9fb18b3f,non-potevo-diventare-suora-perche-non-potevo-leggere,8cc08a36-b958-4c90-9470-803848e02a64,i-couldnt-become-a-sister-because-i-couldnt-read,9e127110f518749f,ok,,3892,1364,0.00857,2026-04-19T04:09:43.974065
retranslate-20260419-v6,dc7922d9-e53c-4cf6-a48e-963bbd287f13,credere-e-curare-recensione,515908b6-f606-479f-8b57-06bba0a890b2,faith-and-healing-a-book-review,dfaecea4a28bb0e7,ok,,2410,279,0.003044,2026-04-19T04:10:00.774269
retranslate-20260419-v6,dbeedf99-72ea-4838-8d02-3225b40a8efa,lo-shiatsu-dei-volontari-dellapis-a-roma,3233bb5f-b221-428c-88a4-68b44bffb613,healing-hands-the-volunteer-shiatsu-workers-of-rome,df1370b8f9f1cb7d,ok,,3334,874,0.006163,2026-04-19T04:09:12.955652
retranslate-20260419-v6,dc8e0bb6-9b70-49ad-8de8-cf7ba10cc622,dialogo-aperto-n-102,51142667-07b0-450f-87b3-1b93c28bd517,open-forum-102,46ee833d53d908fc,ok,,4072,1446,0.009042,2026-04-19T04:10:06.239612
retranslate-20260419-v6,dc9eab8e-68b2-4ff0-99ac-f77a5c2b18c5,music-sia-recensione,c0104b74-db03-4fe4-9a80-f02c0b6c6106,when-the-lead-character-becomes-a-prop,abb1b64901506e30,ok,,3267,799,0.00581,2026-04-19T04:10:25.182951
retranslate-20260419-v6,dca5b44e-f622-41d7-ba13-930db9625bd2,il-parkinson-una-scheda-per-saperne-di-piu,8e0eda30-50f9-4d80-92a0-b9fcc418502e,understanding-parkinsons-disease,59f8d1a19f8d0938,ok,,3374,906,0.006323,2026-04-19T04:10:36.580434
retranslate-20260419-v6,dca973ee-4b79-4f77-820e-9c040e89cd4a,disabuse-i-risultati-del-progetto-su-disabilita-e-bullismo,6e83ba63-8563-4bb3-8800-3e7dc443c5ea,disabuse-tackling-bullying-and-disability-across-europe,e708fab1b2b98f55,ok,,2829,561,0.004507,2026-04-19T04:10:45.910303
retranslate-20260419-v6,dc7b43be-679a-44ef-bd60-cc17014f221a,quei-tre-giorni-aprile,bc9b05bb-a15a-475a-9f11-0f2c3ead3734,three-days-in-april,e49c01e0f6788c9a,ok,,6937,3834,0.020886,2026-04-19T04:10:04.054619
retranslate-20260419-v6,dcc8d4cd-1ebb-4ad4-9d47-29dd4ccc4c3f,11-compiendo-la-volonta-del-padre,2b310d8e-509b-4355-8d75-8c9f21fcd740,doing-the-fathers-will,fc279f2beef2ad90,ok,,3123,813,0.00575,2026-04-19T04:10:50.682393
retranslate-20260419-v6,dcc9c901-f5b2-4c54-a21b-83bc85ce1179,dedicato-ai-bambini-carlo,0690a48f-ed6f-44f8-b206-a33870ee18d6,for-children-carlo,6e0f0f82dc486ac5,ok,,3095,826,0.00578,2026-04-19T04:10:56.724845
retranslate-20260419-v6,dcfc38b1-9d07-49c3-be90-818308496542,messaggi-tutte-le-abilita-della-comunicazione,13752760-7157-42c2-9168-fccafe3d47c2,messages-the-complete-communication-toolkit,bc10194860a66078,ok,,2498,317,0.003266,2026-04-19T04:11:04.982305
retranslate-20260419-v6,dcf0a8a6-3392-44d1-add5-0645aab74253,vivere-con-la-distrofia-le-malattie-neuromuscolari,fc86ceab-81c5-456d-a557-c4c491de1481,living-with-muscular-dystrophy-neuromuscular-disease,6a07cbc8a044bdac,ok,,4172,1414,0.008994,2026-04-19T04:10:58.458166
retranslate-20260419-v6,dcfd554b-498a-4432-b630-394f2bdaf0bf,dalle-province-n-141,a5f2f6ca-6896-41d9-ba41-47caece82300,updates-from-the-provinces,a764ac5f42837429,ok,,3695,1283,0.008088,2026-04-19T04:11:08.877410
retranslate-20260419-v6,dcfdb4d5-f141-417f-b84f-01f168aab3d0,persone-disabilita-intellettiva-al-voto-ne-parlera-anche-tv,9a0fc191-e743-47fc-ad38-b1470a9ae20e,people-with-intellectual-disabilities-at-the-ballot-a-tv-discussion,ae997430ca279e4b,ok,,3142,868,0.005986,2026-04-19T04:11:14.070610
retranslate-20260419-v6,dd0ef4ea-1007-45b2-9bb6-7e990ac34acf,due-grandi-occhi-neri,a4e4669b-8703-4728-8640-912597a1a7b1,two-dark-eyes,df9fac871fa4e9a0,ok,,3711,1169,0.007645,2026-04-19T04:11:36.007884
retranslate-20260419-v6,dcff8316-f3cf-4448-943b-637a9befc247,fede-e-luce-una-grande-famiglia,3b9fbd8b-9a33-4f12-a40f-17f3fd0189ad,faith-and-light-one-great-family,fbf3cdec313b90c3,ok,,4962,2068,0.012242,2026-04-19T04:11:22.248919
retranslate-20260419-v6,dd708cfc-9f76-47c1-995f-72bd3c3bd6ee,cantilena-dei-re-magi,79f18c8e-b573-4f1a-abfa-d616c0d52977,the-song-of-the-magi,0a37b3a5406f9077,ok,,2854,715,0.005143,2026-04-19T04:11:50.501407
retranslate-20260419-v6,dd9d8886-192e-453a-b9a2-a71b0a9d4dd1,allora-hai-deciso,d27ea3b6-6fb2-42b8-88ab-7b3186d8e175,so-have-you-made-up-your-mind,1ca0409bcf100f32,ok,,2746,573,0.004489,2026-04-19T04:11:57.013269
retranslate-20260419-v6,dd86c642-9e06-4e3c-9e0c-2474fe8628fb,gli-siamo-grati-per-questo-la-testimonianza-dei-genitori-di-gianni,112034be-b006-4429-bd79-397652e8eaea,we-are-grateful-for-this-the-story-of-giannis-parents,b8347ba495690050,ok,,4562,1940,0.01141,2026-04-19T04:11:51.047739
retranslate-20260419-v6,ddad4ed7-1eb9-4f6f-a53d-bb27ee2a9106,se-volete-veder-le-stelle-spegnete-i-vostri-lumi,77820ca4-f93e-4fa7-a003-1b626ad4afd8,to-see-the-stars-extinguish-your-light,da7c987ebac27128,ok,,3473,960,0.006618,2026-04-19T04:12:16.515718
retranslate-20260419-v6,ddc043bf-ee02-413c-8512-81421c7ffabc,ombre-e-luci-n-2-1983-sfogliabile,2fb890e2-0c47-45ea-8b4d-7a21bed0d525,ombre-e-luci-no-2-1983,0693dd07f52525f3,ok,,2083,45,0.001846,2026-04-19T04:12:26.295264
retranslate-20260419-v6,ddc7e862-ab99-42b3-99ec-7d9306a68c5b,io-sono-chiesa,320eef62-b84c-4da8-94ae-2fa5bcd84aaa,i-am-the-church,6482ec0f8a697a4d,ok,,2584,427,0.003775,2026-04-19T04:12:28.005659
retranslate-20260419-v6,dda613c8-e4da-4414-bc92-e5e74fc6766e,dialogo-aperto-n-35,7d539718-5752-473b-aadc-cfedb3b6e76d,open-dialogue-no-35,0a15daa1576531cf,ok,,5088,2165,0.01273,2026-04-19T04:12:02.520915
retranslate-20260419-v6,ddea33a8-eb53-4ab5-852b-57fa2b0414df,la-chiesa-accanto-a-mio-figlio,e1bae5aa-fde8-4234-82d1-1fd08fad672e,the-church-bending-down-to-my-son,5e9672d147e28db9,ok,,2741,510,0.004233,2026-04-19T04:12:32.236203
retranslate-20260419-v6,ddf0f9ad-2ec0-4f06-8854-957e2b716579,doni-preziosi,ad6c2515-f427-4bab-9243-1acd1ae12c80,precious-gifts,a346406198eb1198,ok,,2973,671,0.005062,2026-04-19T04:12:35.066264
retranslate-20260419-v6,de3725ce-c0ab-489a-8d43-1eacc273765f,accogliere-la-sorpresa,9467d4b5-e233-403d-b49c-dffa9dee4c7b,welcoming-the-surprise,661454e6e7a65abf,ok,,2769,519,0.004291,2026-04-19T04:12:41.028150
retranslate-20260419-v6,de3a1d8a-eb7a-498a-a00b-0fcb45f75d2b,non-ci-penso-proprio,c9fe34bd-5058-41f2-8e8e-a44962e3b943,not-a-chance,e49db39bc32591ad,ok,,2845,622,0.004764,2026-04-19T04:12:47.752890
retranslate-20260419-v6,de536dd0-b7f3-476b-82ce-bcc06a33f30c,in-carcere,,behind-bars-de53,233ed0ac56298b0c,error,HTTP Error 400: Bad Request,3164,852,0.005939,2026-04-19T04:12:53.430409
retranslate-20260419-v6,de76576c-838b-418b-8fe4-b8b75f29a91e,viola-e-valeria,3ed86730-bddd-4a10-91d0-2cdc20bd4768,viola-and-valeria,5152ec7a70e422af,ok,,3016,798,0.005605,2026-04-19T04:13:01.002334
retranslate-20260419-v6,de0dbcf5-0790-48ca-9e56-222b43e95feb,ho-letto-tutti-gli-articoli-di-ombre-e-luci-e-vi-racconto-cosa-sto-scoprendo,ce486f8d-6629-477e-9989-d38d884beb19,ive-read-every-article-from-ombre-e-luciheres-what-im-learning,84677734b3824b4c,ok,,5908,2898,0.016318,2026-04-19T04:12:36.986017
retranslate-20260419-v6,de80f64a-1009-49d7-9166-ba7c20e73795,dedicato-ai-bambini-e-a-tutti-noi-alice,ba789dbe-2e1b-4934-b21b-6ce7e84557c3,for-the-childrenand-for-all-of-us-alice,2237a3d8c0f1ed74,ok,,3372,1076,0.007002,2026-04-19T04:13:08.119074
retranslate-20260419-v6,deaf06c1-9227-4933-ab1b-6aa85df36505,anffas-ogni-persona-con-disabiltia-e-nostro-figlio,2dd67a48-46c5-4cda-854a-499fbd89b485,every-disabled-person-is-our-child-an-interview-with-anffas,661e860e9fb9be75,ok,,3914,1103,0.007543,2026-04-19T04:13:12.844314
retranslate-20260419-v6,dec393c7-44dd-43ad-a71e-18fd16788bf9,comunita-famiglia-di-endine,00bc9d8c-2a58-4e5b-bc11-284dc8160c9d,the-endine-community-home,9811c11e4cc17494,ok,,3389,1037,0.006859,2026-04-19T04:13:19.740949
retranslate-20260419-v6,ded44df2-0acc-4582-a91f-618eb49e092b,che-strano-uovo,e4fdddf3-05ff-41a1-8720-6e4547d52ec3,what-a-strange-egg,3e29000231fae21b,ok,,4404,1763,0.010575,2026-04-19T04:13:27.341120
retranslate-20260419-v6,def15807-4190-4f17-8b78-36e06750dd5d,non-so-come-ne-a-chi-dirlo,d8992284-a23b-4e06-acc6-91628d834c92,i-dont-know-how-to-say-it,4bfe3c321cb38c86,ok,,4804,1934,0.011579,2026-04-19T04:13:30.652640
retranslate-20260419-v6,df19bbc0-42e8-4191-bb4e-f03deb00bd22,eucaristia-e-cresima-di-giacomo,cd6509dd-5979-4fd9-8570-2be342fb7ce9,eucharist-and-confirmation-for-james,587c2d4111ffbffe,ok,,4016,1434,0.008949,2026-04-19T04:13:50.979578
retranslate-20260419-v6,df21f592-4b31-456a-b9e7-5b8136a3828b,andiamo-tutti-in-pizzeria,fc5459a6-1863-4df0-a5ab-e6cfc43bdccc,lets-all-go-to-the-pizzeria,ba2739745dd6fb36,ok,,3526,1087,0.007169,2026-04-19T04:13:58.884564
retranslate-20260419-v6,df3253e4-742a-467b-a943-8e792262bfa3,uomo-del-regno,c599c2f4-4363-4472-8e18-b2455cb7062b,a-man-of-the-kingdom,69d0d75201b35dbc,ok,,2791,570,0.004513,2026-04-19T04:14:08.679843
retranslate-20260419-v6,df42f3c4-f096-4981-9115-fd3928bc33c9,newsletter-n-30-assieme,ceb46303-48db-4b42-8801-d19024c40f8a,together-newsletter-no-30,224202a624f5da1f,ok,,4804,2283,0.012975,2026-04-19T04:14:11.889665
retranslate-20260419-v6,df43fe6f-ee72-4ba7-92af-f50b3101c505,cascina-nibai-cooperativa-fraternita,e7504448-6a59-4c85-b861-1e72fc4f9907,cascina-nibai-a-living-answer,68ad3df1edc63855,ok,,5581,2520,0.014545,2026-04-19T04:14:14.711252
retranslate-20260419-v6,df49c1bf-bb4d-4119-b4b4-9fe359c9a647,dialogo-aperto-n-121,e218543d-c180-44e4-9570-b9e11148c95e,open-dialogue-121,153983aab5306740,ok,,4245,1628,0.009908,2026-04-19T04:14:37.945150
retranslate-20260419-v6,df88ccc2-3196-4a7b-97f8-16b6fdca725b,notiziario-fede-e-luce-n-20,c733b5c3-771d-4e85-8c7b-d4657d705b8a,faith-and-light-newsletter-no-20,35fd22c51c68f6b3,ok,,4874,1829,0.011215,2026-04-19T04:14:57.848764
retranslate-20260419-v6,df6e54ed-4d58-4a97-8965-d76ea67b789d,giorno-di-festa-al-melograno,30b58589-684a-46e6-82c4-1b29c8621df6,a-day-at-il-melograno,6db6c9700e5b2c32,ok,,2746,529,0.004313,2026-04-19T04:14:49.390635
retranslate-20260419-v6,df906005-3d79-4262-a9f0-0c9432801ce2,cronologia-dellinchiesta-e-cenni-storici,1b191171-f260-486e-acf9-cc979d7c5f45,timeline-of-the-inquiry-and-historical-background,120f3f50a7ea1690,ok,,3515,1102,0.00722,2026-04-19T04:15:23.632319
retranslate-20260419-v6,dfb21f68-e4ea-420d-be80-993c1f0e8aee,persone-handicap-nella-parrocchia-le-risposte-dei-parroci,fd610b81-6565-4ef6-8ff8-05f5664d1c94,disabled-people-in-the-parish-what-pastors-say,d7cf4790d3ae578b,ok,,3577,1047,0.00705,2026-04-19T04:15:32.764147
retranslate-20260419-v6,dfab0c50-51b5-4eea-b461-b748b3d8e132,lourdes-1981-giovedi-santo,e2f694cd-0862-41c4-86e9-9c92b791f03b,lourdes-1981-holy-thursday,f68f8b02102ba053,ok,,3960,1457,0.008996,2026-04-19T04:15:32.344470
retranslate-20260419-v6,dfc1cb56-6e1a-4a3b-8bf5-33390a2d8c62,dialogo-aperto-n-73,451b3f20-cba9-4738-a3cf-09ae2dd3a0b3,open-forum-73,8325b8ef98f3e15a,ok,,3541,1095,0.007213,2026-04-19T04:15:43.953206
retranslate-20260419-v6,dfc72c02-1d77-4e1e-88dd-ac0c07d4485e,un-turbinio-eventi,6aaa78f2-5ca1-4b3b-8432-516aaaec7206,a-whirlwind-of-moments,f55011090d6fd308,ok,,3432,1044,0.006922,2026-04-19T04:15:48.122282
retranslate-20260419-v6,e03c6f3b-b699-4fb4-b2f0-39ee8ccbcdf3,ecco-io-faccio-nuove-tutte-le-cose,e1c16cd3-3e2d-40a1-ac35-4da1fa8dc107,behold-i-make-all-things-new,58693178240dca4b,ok,,2841,581,0.004597,2026-04-19T04:15:56.853448
retranslate-20260419-v6,e06b0185-c027-4135-87af-ad166baad604,il-nostro-scoop,f7067831-5008-4d07-a6a4-ba7f4c993bd8,our-scoop,09a9e2f654b2e7ab,ok,,2724,511,0.004223,2026-04-19T04:16:01.910991
retranslate-20260419-v6,e06e4a03-0ac2-463a-9e75-c40ca5bfdccc,pennellate-dai-centri-fede-e-luce,34f5c246-0e47-4120-aacb-e6f8a038ba48,snapshots-from-faith-and-light-communities,8cc7b16d83d277df,ok,,3140,811,0.005756,2026-04-19T04:16:07.910663
retranslate-20260419-v6,e070f419-3e82-437b-a558-46f208d50702,e-nato-qualcosa-che-nessuno-aveva-previsto,8d45e975-f17a-40ee-9289-91a8ac3b7550,something-nobody-saw-coming,e3743341d3d6671b,ok,,3932,1397,0.008734,2026-04-19T04:16:15.820077
retranslate-20260419-v6,e0524b25-9e27-42b8-8b0e-f3ae151af773,diaologo-aperto-n-140,7e200044-8679-41f6-abb6-68adb3f890ea,open-dialogue-no-140,907a1722ab87c0d9,ok,,5535,2587,0.014776,2026-04-19T04:15:59.175965
retranslate-20260419-v6,e07d7a81-e232-4c9b-a60a-57e50f4ee162,piu-forti-di-loro-scritti-monaci-trappisti-uccisi-algeria-1999,0bb86ebf-1272-4685-a99c-8e5c49220759,stronger-than-their-killers-the-writings-of-seven-trappist-monks,343c1e1ffd049385,ok,,3204,865,0.006023,2026-04-19T04:16:32.069385
retranslate-20260419-v6,e0b22b94-3149-421d-bc6b-43c1b733f7b2,la-comunicazione-multimodale,faa65990-d2d3-4abd-bee2-a96e2f93eba8,multimodal-communication,ec335213b02118f7,ok,,2847,562,0.004526,2026-04-19T04:16:40.855807
retranslate-20260419-v6,e0901af4-5f5f-46c0-88fe-dc4df28edd70,la-cura-invisibile-per-il-riconoscimento-dei-caregiver,8349d97e-2b11-4e8e-8a2a-3ade1f65fb20,the-invisible-care-a-movement-for-family-caregivers,962d96a2f88d9664,ok,,3838,1115,0.00753,2026-04-19T04:16:37.760956
retranslate-20260419-v6,e0c6c491-8202-4833-9ace-24dcd6b877d2,una-messa-su-misura-voluta-dai-genitori-e-amici-di-ragazzi-disabili-mentali,b3e8ca18-bfc6-43c8-8480-32b97f6f4b8b,a-mass-made-to-measure-how-parents-and-friends-built-a-liturgy-for-people-with-intellectual-disabilities,d2b4702e55381401,ok,,4690,1865,0.011212,2026-04-19T04:16:51.613883
retranslate-20260419-v6,e0be142a-3a6b-4876-8e5c-3b82b23774e3,come-costruire-il-futuro-delle-persone-disabili,ba91a837-09a2-4d7e-9ccd-da0fb345d5ff,building-a-future-for-people-with-disabilities,f141296f2e74fb4d,ok,,6427,2662,0.01579,2026-04-19T04:16:45.825716
retranslate-20260419-v6,e0df4895-4abd-4244-80e6-18630133a369,torino-salone-off-2018-visite-guidate-gratuite-a-vietato-non-sfogliare,badc540b-d60e-4e20-b6ad-4739333a86b4,turin-book-fair-2018-free-guided-tours-of-forbidden-not-to-browse,3badc536fce6d49b,ok,,2795,577,0.004544,2026-04-19T04:17:14.142700
retranslate-20260419-v6,e0f4a2af-29b8-4c7b-b50f-aab20a5ee823,i-canti-del-pellegrinaggio-di-roma-1975,dc1266e0-7cd6-415e-915d-d135786fe43c,songs-of-the-1975-rome-pilgrimage,adb7ce7af621319c,ok,,2723,535,0.004318,2026-04-19T04:17:16.002889
retranslate-20260419-v6,e14aeba2-9819-4a91-96c0-b57423a13bde,la-debilita-mentale,6ea3e019-4730-473c-8e19-2fd243e0f02b,mental-disability,d24d8093c53b8c6c,ok,,2445,325,0.003256,2026-04-19T04:17:20.710113
retranslate-20260419-v6,e15a987e-2850-44a3-be12-3617a80ba9fb,hikari-una-famiglia,199ed12c-484b-40e9-8cde-e7d87d6f350c,hikari-a-family,7908f93777eb6df9,ok,,3564,1147,0.007439,2026-04-19T04:17:24.485456
retranslate-20260419-v6,e1a2e783-a03c-4c27-a9b0-50cbc4e3fb8f,valeria-risponde-alla-lettera-di-monica-del-n-93,9ad459e4-f191-476b-b04e-a2dc7d9125cf,valeria-responds-to-monicas-letter-issue-93,62871a21d205791a,ok,,2896,671,0.005001,2026-04-19T04:17:37.312863
retranslate-20260419-v6,e1ac6a1f-d127-455c-9755-afe7e9c63061,mio-padre-e-un-chicco-di-grano-recensione,3df8a6a9-bb42-429c-8db4-da5a0530b4f5,my-father-is-a-grain-of-wheata-review,fe981eed7768b82f,ok,,3101,757,0.005509,2026-04-19T04:17:44.834572
retranslate-20260419-v6,e1baa382-1aaf-4fcb-a11d-b80203b740df,un-dio-inutile-recensione,c7d77ee1-2750-42f3-adc2-799f61d779b2,a-useless-god-review,ed2bd4398303e2e3,ok,,2400,318,0.003192,2026-04-19T04:17:52.527373
retranslate-20260419-v6,e1bc6f30-30e7-4503-ad84-698425e3d9a3,70-giochi-per-rilassare-tuo-figlio-da-2-a-6-anni,816ff7aa-0a70-4d7f-86f8-a4764f127e54,70-games-to-calm-your-child-ages-26,3436865e7fe86368,ok,,3076,811,0.005705,2026-04-19T04:17:56.634658
retranslate-20260419-v6,e1cda15a-7c0b-4384-ad76-78ae15d5a78e,ora-sto-diventare-mamma,04067856-b51c-4266-acf1-f26ef843b7be,becoming-a-mother,4810407c016132a2,ok,,2908,644,0.004902,2026-04-19T04:18:02.857339
retranslate-20260419-v6,e1cf2c7d-a424-4937-b1e2-5aab4d8046bb,come-preparare-al-sacramento,ecf2cd61-0e56-469a-a0ad-08633e81a206,preparing-for-the-sacrament-of-confirmation,a868296915e30fa0,ok,,3691,1210,0.007793,2026-04-19T04:18:09.544665
retranslate-20260419-v6,e1d5e91f-61a0-4bba-b32b-65ffcaef3d73,seminario-gratuito-a-bari-sulle-politiche-per-la-disabilita,0f4c5667-ee66-48d1-bf4c-d5359e1f7135,free-seminar-in-bari-on-disability-policy,839752fe34c1911d,ok,,2690,513,0.004204,2026-04-19T04:18:23.838610
retranslate-20260419-v6,e1e4ac21-bd85-480c-93ee-9dc5ebd3e3fa,la-spina-bifida-scheda-informativa,e7477481-21fd-4bee-8e2e-2de775a4c560,spina-bifida-what-you-need-to-know,588b9c33e0428edb,ok,,2780,505,0.004244,2026-04-19T04:18:28.228994
retranslate-20260419-v6,e20c4595-b765-4454-a8bc-68b7225ed0bb,7-testimonianze-di-genitori-e-amici-di-bambini-profondamente-handicappati,517fae36-b184-4b35-9d65-c89dcd6c33ce,seven-voices-parents-and-friends-of-profoundly-handicapped-children,82b61738e5f8d10f,ok,,8322,4544,0.024834,2026-04-19T04:18:33.176848
retranslate-20260419-v6,e20d6ad1-8f05-48ce-993d-dfd3dd1045ef,buone-abitudini-sara-piu-accettato,dd48dea0-bdfb-425f-aebd-b5311fb66aba,good-habits-make-all-the-difference,a8a40992671f155b,ok,,3808,1168,0.007718,2026-04-19T04:19:41.787076
retranslate-20260419-v6,e210f7be-ccbe-41ec-87cf-2846046eaafb,che-bella-estate,85dc0a5e-2b81-4d1a-ab13-1fc43abfe938,what-a-summer,452d27ccd0a099c2,ok,,2600,419,0.003756,2026-04-19T04:19:55.762669
retranslate-20260419-v6,e232bfe5-b2c8-408d-972a-4cd5e269406e,marymount-unestate-di-musica-e-sorrisi,35fccc76-4a15-485e-a8d5-422b0edd9cab,marymount-an-summer-of-music-and-smiles,af1ea08a05308088,ok,,3117,752,0.005502,2026-04-19T04:20:00.261986
retranslate-20260419-v6,e24193c2-c220-4f33-88a9-222427d6e4a0,meglio-di-come-ci-si-aspetta,e1775d1b-a34c-4660-ac0a-dcbb0ac568ba,better-than-expected,ca8ccf8d1c8767a4,ok,,3098,697,0.005266,2026-04-19T04:20:08.529008
retranslate-20260419-v6,e12baeeb-e453-4358-b07e-4b466f13c3eb,si-organizza-un-campeggio-fede-luce,,,8033af81ec1434c2,error,Quality gate fallito: HTML: tag count: 309 orig vs 215 trad,,,,2026-04-19T04:17:19.150812
retranslate-20260419-v6,e246d2ad-1382-45c6-835b-47fd1ec9ff45,diario-di-efrem-lavoratore,1d9635e8-042d-4d1b-b1c6-e3d40642bfb4,efrems-working-life,e19d3c99052dbe93,ok,,5267,2204,0.01303,2026-04-19T04:20:15.834573
retranslate-20260419-v6,e29cbf26-249a-4cad-942a-b5bce970a438,questa-casa-famiglia-e-una-risposta,84b00c58-c29a-4d49-ae5b-36bc40e03b5d,a-house-as-answer,285dea1c11dcee4b,ok,,4486,1849,0.010985,2026-04-19T04:20:45.456446
retranslate-20260419-v6,e2a1012e-b8b1-4bf5-98f0-4dd923b143eb,alfedena-1978,4aaa3eb0-9a97-4e77-8eea-679f91df96e2,alfedena-1978-e2a1,14a2814a494273cf,ok,,5432,2541,0.01451,2026-04-19T04:20:47.101850
retranslate-20260419-v6,e2b8f0b9-df4e-4ee4-b9d7-f913afc24832,pubblico-libri-e-voglio-che-tutti-possano-leggere,fb212f62-855d-4203-af84-da1fa3d4485c,i-publish-books-i-want-everyone-to-read-them,7cfd39e8c0af7a9f,ok,,4238,1600,0.00979,2026-04-19T04:21:07.378393
retranslate-20260419-v6,e2c141de-8982-40be-aee0-11c4b6b32427,charles-restava-nascosto-sotto-il-tavolo,d966eb30-240b-4124-a7e4-52978bb9dd1e,charles-hid-under-the-table,c1f6b0e900dbdf68,ok,,3658,1096,0.00731,2026-04-19T04:21:20.141739
retranslate-20260419-v6,e2ded77b-c76c-4f22-b044-973fb93d27cd,i-giullari-di-dio-morris-west,bd24c069-e530-4601-ac6f-0c322d9fd513,gods-jesters,0597e6aa5c80a9e2,ok,,2982,713,0.005238,2026-04-19T04:21:32.845935
retranslate-20260419-v6,e2d998ba-4dd8-4c49-8906-3d8724145a1a,a-scuola-con-chicco-in-braccio,5414a539-8955-446b-981b-212f9c0dd93c,chicco-in-my-arms-one-mothers-journey,42695fe5c01ea64f,ok,,4298,1609,0.009874,2026-04-19T04:21:26.774218
retranslate-20260419-v6,e2deeaf3-4a98-4211-8530-0008dd04ea0a,ci-chiedono-da-che-parte-stai,ee539d3e-0e23-428e-93f4-d7a013c60283,which-side-are-you-on,14581a1520073370,ok,,3210,895,0.006148,2026-04-19T04:21:38.785516
retranslate-20260419-v6,e394fac3-8070-417a-8568-593443719ae2,la-mia-vita-a-santa-palomba,6d145bda-6c1b-498e-96f9-44dbb0fc7608,my-life-at-santa-palomba-e394,8f25f7f96521a0e7,ok,,4158,1713,0.010178,2026-04-19T04:21:48.091959
retranslate-20260419-v6,e3a58e44-c141-43ed-a28d-bb5058d2525c,decreto-182-2020-no-esonero-disabilita,af6fb55e-8c66-40b7-ba6f-c5a7ae896a06,how-legislative-decree-1822020-takes-us-back-forty-years,1f97ddda6639ce27,ok,,2812,539,0.004406,2026-04-19T04:22:08.895956
retranslate-20260419-v6,e3a61fe3-3567-44c9-9893-fbe663ea5fb7,liniezione-di-uscobupt,8c5b553a-758c-4d73-b1b5-c51937166b99,the-uscobufpt-injection,fa72acb85590d0af,ok,,3372,1003,0.00671,2026-04-19T04:22:14.983124
retranslate-20260419-v6,e3d6b2bf-04c5-417e-810d-c249fd8c3a71,vogliamo-andare-avanti,eff3aa1c-301c-4cc7-abe5-1be912d98c8b,do-we-have-a-future,81d4cc104b5ea408,ok,,2954,661,0.005007,2026-04-19T04:22:26.176631
retranslate-20260419-v6,e382cd90-6cc7-453e-96b2-71d30dfc062e,al-primo-posto,93228b85-0a79-405e-918b-97ece404c72b,first-place,0fcd577e7f480762,ok,,6791,3558,0.019665,2026-04-19T04:21:45.334726
retranslate-20260419-v6,e3f93c40-ba0b-4456-9a0e-6185a9198ca1,viola-e-mimosa-n-139,324720e8-ccae-41da-bfaa-e2404e8f84d4,viola-and-mimosa-no-139,79bb512d4bbcf853,ok,,3043,722,0.005322,2026-04-19T04:22:33.508669
retranslate-20260419-v6,e424ba17-caa9-452f-a698-9596e0801e43,integrazione-scolastica-come-la-viviamo-noi-compagni-di-classe,f6ac674c-13b7-44fc-902e-495518a6db9c,school-integration-what-it-looks-like-from-the-desk-next-door,54416ba3072d883f,ok,,3046,672,0.005125,2026-04-19T04:22:34.541293
retranslate-20260419-v6,e446ed04-c449-4890-a11d-8901b459869c,il-linguaggio-della-speranza,84231c06-d500-4c34-8823-874d597cccfa,the-language-of-hope,78e1d95a3283c2b8,ok,,3736,1242,0.007957,2026-04-19T04:22:41.693034
retranslate-20260419-v6,e44e02ef-23e5-458d-ab9a-e0468621b5d5,1500-grammi-di-cenere-cremazione-e-fede-cristiana-recensione,6f6bf64d-03dd-4492-ae6e-16a5c64725ed,1500-grams-of-ash-cremation-and-christian-faith-a-review,9d08c1cc9740b214,ok,,2264,186,0.002555,2026-04-19T04:22:53.152687
retranslate-20260419-v6,e4620908-89d6-4071-948a-e7a606f3cc73,ci-provero,8610ad5d-ca51-480b-ab38-85aff6ae4882,ill-give-it-a-try,4e908571bcc10587,ok,,3225,916,0.006244,2026-04-19T04:22:56.029136
retranslate-20260419-v6,e46b29ca-586b-4dc1-a401-7f9c619d5509,un-giorno-un-altro,de376676-cd1f-4153-a9a4-4d64f5048b0d,just-another-day,a218850412f30415,ok,,2852,631,0.004806,2026-04-19T04:23:03.944824
retranslate-20260419-v6,e498d9e4-7c6e-4b06-bc99-d9efe0c56646,eros-e-disabili-riflessioni-e-testimonianze,1d5aff08-0ca8-4f81-8e88-360667be060b,eros-and-disability-reflections-and-testimonies,f448056eedb5b3ea,ok,,2466,324,0.003269,2026-04-19T04:23:10.218171
retranslate-20260419-v6,e4302b52-fa0f-4383-97c1-2b0690dc3ced,la-speranza-nella-vita-quotidiana-con-nostro-figlio-affetto-da-miopatia,140dd084-83a8-4209-8f12-d7766832ad1e,hope-in-everyday-life-raising-our-son-with-myopathy,a2319ca22cb536d8,ok,,5522,2581,0.014742,2026-04-19T04:22:39.845371
retranslate-20260419-v6,e4b2319d-8a62-4929-831b-e1a88cc81f4a,basaglia-il-dottore-dei-matti-recensione,951f678a-2b25-46ec-bbf5-9e57b1241fc1,basaglia-the-doctor-who-freed-the-mad-a-review,31c71e85ee77acc0,ok,,2509,372,0.003495,2026-04-19T04:23:18.832429
retranslate-20260419-v6,e4aa38a2-aacd-4207-a587-039eb1cbc1dc,teatro-in-un-gruppo-fede-e-luce,7cce157a-08e8-4226-bbdc-f8ebea55ba4e,theater-in-a-faith-and-light-community,9237277addbf3c3c,ok,,3301,869,0.006117,2026-04-19T04:23:14.053828
retranslate-20260419-v6,e4b5b84d-1499-4322-91b1-6e935dc4336d,sicurezza-nel-cammino,a79348bc-2abc-4943-bfce-396f69dc9e3e,a-safe-guide-on-the-path,bece8053be99d55d,ok,,2538,381,0.003554,2026-04-19T04:23:22.457030
retranslate-20260419-v6,e511bb02-fd9e-489e-a25b-796f3247a409,attivita-creative,734d9f71-b3d3-46d3-88fb-18ac8728af99,creative-activities,8a5f68f00e114a22,ok,,2461,253,0.002981,2026-04-19T04:23:26.557751
retranslate-20260419-v6,e5164732-92fb-4983-9195-5bdda8b074a3,consigli-per-una-casa-aperta,f31f11f3-d3f8-40af-97c0-d6603524c3ff,opening-your-home-a-practical-guide,b1498a945bbc602d,ok,,2543,381,0.003558,2026-04-19T04:23:29.592432
retranslate-20260419-v6,e4b9ded6-ea5d-4db4-8438-04b8df66c0d1,un-compleanno-al-capezzale-di-un-amico,91a86a77-73f8-4f0c-b935-2015dd322be4,a-birthday-at-a-friends-bedside,19eb7f886f45aefa,ok,,3230,876,0.006088,2026-04-19T04:23:25.699529
retranslate-20260419-v6,e5807ae0-97f2-4d07-ba1f-5569ad888c07,quali-mani-asciugheranno-le-mie-lacrime-recensione,b8ad7773-ea48-4fa7-8ef0-67e8dc106334,whose-hands-will-dry-my-tears-a-review,b870259bda3eedd4,ok,,2461,346,0.003353,2026-04-19T04:23:33.988160
retranslate-20260419-v6,e58b8d94-f75e-4875-8743-49585c00a73e,e-sono-150,59ee0a96-b884-4673-b3df-112be80abc22,weve-reached-150,57878fa9f80b3539,ok,,2787,573,0.004522,2026-04-19T04:23:37.519042
retranslate-20260419-v6,e584dec4-e348-4b07-852c-2983a4e14f59,un-grande-progetto-a-piccoli-passi,30798a3c-033a-47a4-bb1c-3dd83dcf9b69,one-child-one-year-one-family,f292adb8d7a84ddc,ok,,4133,1309,0.008542,2026-04-19T04:23:34.395472
retranslate-20260419-v6,e59569e8-f571-49b2-a101-cebbd6246498,dialogo-aperto-n-130,8650c0b1-5bd7-415c-b217-8f87b1f8509a,open-dialogue-130,72b61750eee97e40,ok,,3143,779,0.00563,2026-04-19T04:23:43.215493
retranslate-20260419-v6,e5c82a2d-667c-4dc3-a7ed-0d87666fad68,porto-i-miei-figli-a-fede-e-luce-perche,8bf697d9-df2c-4436-a2c0-d8d87c9c78ae,why-i-bring-my-children-to-fede-e-luce,4d1723ad0bd25a19,ok,,2749,583,0.004531,2026-04-19T04:23:54.259586
retranslate-20260419-v6,e5958b65-8c83-40b5-b334-46dfff6e077f,mi-saro-fatto-unidea,e7b38fac-154a-4b90-9a15-37ec05239344,ive-come-to-understand,caea01e46e834d37,ok,,3056,770,0.005525,2026-04-19T04:23:54.256113
retranslate-20260419-v6,e5ce0865-1ffe-4c03-8ab7-c6bf47b53a93,il-corpo-spezzato,652cf3d4-4869-48aa-b4d5-0a20ee776a41,the-broken-body,adcf2e3bb02c9d45,ok,,2762,547,0.004398,2026-04-19T04:23:59.274738
retranslate-20260419-v6,e5d63219-d637-4e57-bdef-0389792baa82,studentinsella-salerno-coinvolti-gli-studenti-disabilita,8ab7f513-05d0-4ce0-aebc-beb1558bacdd,studentinsella-bringing-students-with-disabilities-into-the-saddle,63485a5ea00798ac,ok,,3092,684,0.00521,2026-04-19T04:24:02.418045
retranslate-20260419-v6,e615d3a5-66bb-48a4-bc31-0f5dde40a969,letture-consigliate-n-23,3c54a971-7c21-44ef-b135-b49f4ba0770d,recommended-reading-no-23,4e16e1cd231bd1e3,ok,,3210,803,0.00578,2026-04-19T04:24:10.074020
retranslate-20260419-v6,e60088da-59d4-4bdd-bcaf-b5b491cc0bed,ferie-dagosto,37385272-7f99-4ca1-a1f7-888db243f66a,august-in-the-city,dc206fbcfaaeedf1,ok,,4023,1516,0.009282,2026-04-19T04:24:04.058255
retranslate-20260419-v6,e6afd926-5e6a-4d0d-8397-8e39c50cf8cc,come-dirti-come-spiegarti,b0dd8612-c147-4fd2-a704-6f01f744ce20,how-can-i-tell-you-how-do-i-explain,1aa253d6cfe6b512,ok,,2791,606,0.004657,2026-04-19T04:24:24.220940
retranslate-20260419-v6,e68b3f80-b677-472c-944f-d829f3143124,un-percorso-irreversibile-avviato-dal-basso,1b316ccd-f481-44b9-8662-38d98c29e6d0,a-transformation-from-below,e51f5947f630957c,ok,,3341,856,0.006097,2026-04-19T04:24:19.875564
retranslate-20260419-v6,e6b525ba-7611-4ba5-a96c-ab762ad2c04b,fu-in-tenda-che-mi-diede-il-benvenuto,01eb7350-397c-4f1e-b976-de50e5fd48a9,he-welcomed-me-in-the-tent,6100ec2307899fe3,ok,,2848,582,0.004606,2026-04-19T04:24:29.434672
retranslate-20260419-v6,e6c44cae-fa89-4ede-a3af-4c5f0eefc3ef,modesta-valenti,145a08ff-70d2-4eb8-b773-ae3712d1c258,modesta-valenti-e6c4,5f25fb6d8cabc149,ok,,2404,269,0.002999,2026-04-19T04:24:34.747840
retranslate-20260419-v6,e6ca5680-6888-4852-9905-68eae5306050,atteso-braccia-aperte,fb830e7b-a8e3-4822-bd9f-3c5955d06c8a,waited-for-with-open-arms,1d4c376b94addb5e,ok,,3357,982,0.006614,2026-04-19T04:24:38.175214
retranslate-20260419-v6,e6ced60c-e53a-4a4e-82ff-022cfde8e252,handicap-comunita-cristiana-un-esperienza-spunti-pastorale-gli-handicappati-psichici-gravi,57a03510-c52c-4407-8f8a-9ad165e93fbd,disability-and-the-christian-community-pastoral-approaches-to-severe-mental-handicap,c221b4a46a04fe6c,ok,,2408,263,0.002978,2026-04-19T04:24:49.245850
retranslate-20260419-v6,e6c1b3f0-5fb0-4f8a-931b-0179b98a7ef3,imparare-a-sentire-ascoltando-il-mare,30c80634-e39d-462c-ac8e-cb46f9250173,learning-to-feel-by-listening-to-the-sea,0d99ff242f3ebb43,ok,,6344,3099,0.017471,2026-04-19T04:24:31.087052
retranslate-20260419-v6,e6dc1528-a9b7-4559-880b-f62321eed128,labilita-onlus-aprire-gli-occhi,49be73c1-a980-4651-8caa-8b80792e83dd,opening-our-eyes-labilitas-mission,91c4870a47231c3c,ok,,4950,1936,0.011704,2026-04-19T04:24:52.785199
retranslate-20260419-v6,e6dfd037-bcff-4864-ad41-910738e0bd96,malattia-mentale-legge-180,b816e2ac-0c23-406f-b975-55bb0857b913,law-180-and-mental-illness-in-italy,988b35c2dc8822a8,ok,,2862,592,0.004658,2026-04-19T04:25:15.531084
retranslate-20260419-v6,e71ff448-b23e-4b57-bd6d-07047bb9ad4a,vita-fede-e-luce-n-113,5f33c5b5-7ab6-488b-8f9c-19896608b746,why-i-said-yes-a-new-leader-takes-the-helm-at-fede-e-luce,f59e150166233277,ok,,3082,831,0.00579,2026-04-19T04:25:21.641782
retranslate-20260419-v6,e71bd4dd-e417-4edd-baf8-541bde382136,dalle-province-n-136,5acf3f79-2e76-4f46-bbc0-0dd829536521,from-the-communities-issue-136,251b1e6adb887851,ok,,3617,1167,0.007562,2026-04-19T04:25:19.276721
retranslate-20260419-v6,e742005d-866a-48c9-9bef-4e88ba2511f6,gli-altri-siamo-noi,f6302803-6af3-44d7-aa40-4137639572b4,the-others-are-us,05305c0a63682ac8,ok,,2104,77,0.001991,2026-04-19T04:25:33.449556
retranslate-20260419-v6,e7282ccf-dae4-467d-ac99-b743beea4dfb,il-kinnor-un-coro-di-disabili-mentali-e-normali-anima-le-messe-domenicali,cd2aaedd-1e79-4146-b407-8f29d53967b9,the-kinnora-choir-of-people-with-and-without-intellectual-disabilities-brings-music-to-sunday-mass,d776420a6544c09a,ok,,2915,615,0.004792,2026-04-19T04:25:30.371032
retranslate-20260419-v6,e752e30c-7c1a-4945-baf5-db825d9a05ae,perche-questo-pellegrinaggio,7eafdc34-4500-49b8-a721-165d3cdb2d0f,why-this-pilgrimage,1bf71674a4a08e4d,ok,,2759,555,0.004427,2026-04-19T04:25:35.004840
retranslate-20260419-v6,e7543718-e44e-4229-9d56-a1007fcdc9a9,la-scuola-in-cui-nessuno-e-diverso,3f134596-78d7-445c-a74f-af2ade302326,a-school-where-no-one-is-different,a45913e09b9ebd05,ok,,3825,980,0.00698,2026-04-19T04:25:36.001664
retranslate-20260419-v6,e7c0e019-e3cb-4e2f-b6b5-4c1175cc8884,il-tesoro-nascosto-nel-campo,794de6eb-b67c-47a3-8fc4-38b4757a4cf1,the-hidden-treasure-in-the-field,5298935a27880cdf,ok,,3716,1267,0.008041,2026-04-19T04:25:48.481837
retranslate-20260419-v6,e78c3b4a-ea08-42d0-a9e9-fef34f67fff3,giorgio-e-sam-una-madre-due-figli-autistici-e-il-racconto-di-unintensa-quotidianita-recensione,73b45075-d3b5-4e29-abae-59dacd77eb66,george-and-sam-a-mothers-account-of-raising-two-autistic-sons,24b3791453c4b5a0,ok,,4550,1724,0.010536,2026-04-19T04:25:40.397987
retranslate-20260419-v6,e7dd7cda-67c5-4de1-bab6-5fd77142a8db,la-segregazione-delle-persone-con-disabilita,d863ea4f-a1f5-4fe1-b145-6ccd310ef27d,the-hidden-asylums-segregation-of-people-with-disabilities-in-modern-italy,0a4b9a5d492d9d7b,ok,,2754,621,0.004687,2026-04-19T04:26:04.102363
retranslate-20260419-v6,e80a07c9-98e8-4c7f-af7c-fc722003f005,riccione-ex-mattatoio-riqualificato-a-centro-di-accoglienza-per-disabilita,dfa0431c-8884-4cb0-81a3-1ad3efe883e9,riccione-transforms-former-slaughterhouse-into-disability-support-center,7676f3ca55672e62,ok,,2912,588,0.004682,2026-04-19T04:26:08.876171
retranslate-20260419-v6,e807c8ea-71d7-4fae-9e3f-ec9e795713bc,il-grande-cavallo-blu-recensione,5731a955-db9d-48bb-a858-2cfd61f336c8,the-great-blue-horse-a-review,fb15e9fece1f9111,ok,,2516,394,0.003589,2026-04-19T04:26:04.491536
retranslate-20260419-v6,e8201e72-c433-45e8-8fe8-aa5ce3c46de7,la-domenica-con-i-disabili,d970c281-7476-41be-ba01-5d35114119d7,sunday-with-the-disabled,1c27acccc32d754c,ok,,2764,516,0.004275,2026-04-19T04:26:16.625780
retranslate-20260419-v6,e818f6f0-d7dc-431f-84de-e0ec5bc0b0bc,come-e-stato-possibile-tutto-questo,ddbddeb8-aa44-4834-a707-c3b1be9728d3,how-was-all-this-possible,174a79415cbad289,ok,,3651,1085,0.007261,2026-04-19T04:26:16.581871
retranslate-20260419-v6,e824662b-4994-413f-8e2d-438d61cbbf6d,i-film-e-la-serie-da-vedere-durante-le-feste,66551f59-b5d3-4981-98e3-7e6bdae5d1d0,what-to-watch-over-the-holidays,8b19de9820cf8162,ok,,4077,1316,0.008526,2026-04-19T04:26:22.293256
retranslate-20260419-v6,e8249062-3d79-43bb-997e-54c9825f8c9c,festa-in-casa-con-lui,5c115ade-db78-4e79-9d13-e6b2babd65f9,a-celebration-at-home-with-him,c5876de1783ff8bc,ok,,3415,1025,0.006832,2026-04-19T04:26:29.295801
retranslate-20260419-v6,e8727cc5-7b66-40f0-995c-27d110283b17,letture-consigliate-lo-svantaggiato-quale-educazione,5ceddf8f-f836-47e1-bc50-ff61cf76ba8b,the-disadvantaged-what-education,15534fad119e99b4,ok,,2519,333,0.003347,2026-04-19T04:26:40.491761
retranslate-20260419-v6,e8515a66-eed3-4072-a49b-8765c190b901,su-scuola-tatuaggi-e-tempo-che-non-va-perso,af9c6eaa-fe58-4b3c-9ee3-79876c9d3daf,school-tattoos-and-time-that-matters,30d067d1c8bd63ff,ok,,2760,543,0.00438,2026-04-19T04:26:39.470442
retranslate-20260419-v6,e8da73c0-0b90-43bb-87b6-e5359203b093,domande-e-osservazioni-dei-genitori,965a761f-5dac-48d0-bfa8-043f3a13d791,parents-questions-and-concerns,74ca7966299e8fce,ok,,2865,625,0.004792,2026-04-19T04:26:45.297489
retranslate-20260419-v6,e88fb51b-4c6c-48f8-a111-4a971491c178,patologie-disabilitanti-nellanziano,f915a239-f84d-4098-9f27-6699efbf8a64,disabling-conditions-in-aging-when-health-fails,e446c88e732fa79f,ok,,3822,1238,0.00801,2026-04-19T04:26:44.265877
retranslate-20260419-v6,e8dff20e-3598-480f-beb0-016dd288c03a,francesca-e-sabrina,7c59f677-d778-408b-ad54-84b56a295e46,francesca-and-sabrina,52798f12ee19f348,ok,,3263,966,0.006474,2026-04-19T04:26:51.758017
retranslate-20260419-v6,e9097700-cbec-48c8-88c8-d2897fcbb2d7,quale-liberta,f60c806b-4f9f-4be3-8e57-f7eb9474300e,what-freedom-means,c1de52a03abc2b96,ok,,3213,856,0.005994,2026-04-19T04:26:56.078373
retranslate-20260419-v6,e90f016b-ce94-4c2b-8d93-606caf2d999e,quattro-giorni-mano-nella-mano,050eefaf-d38e-4539-8684-1d6bce1e12dd,four-days-hand-in-hand,e699ae13432209c3,ok,,3601,1091,0.007245,2026-04-19T04:27:02.682759
retranslate-20260419-v6,e92f52e7-80d4-47f4-8acc-bfb66c6e6d1f,una-nuova-casa-famiglia-oikos,9fa5d283-a282-4128-9616-891af1700e7a,a-new-home-oikos,4306836a702d9265,ok,,3127,743,0.005474,2026-04-19T04:27:06.240125
retranslate-20260419-v6,e93d1442-4286-4bd8-ab7b-1a726500538b,incontro-gesu,ada6ff18-eeb6-4cb0-baa9-696e2ac587d2,meeting-jesus,9bc7ead9b6f6a17a,ok,,2572,377,0.003566,2026-04-19T04:27:15.153531
retranslate-20260419-v6,e95e1aa5-b753-4878-9c70-55f7eef78b89,sempre-io-christopher-reeve,50fa6f5d-e5b8-4bfa-a13b-2198e952d42d,still-me-christopher-reeve,b9f39c66db79e1b9,ok,,2879,594,0.004679,2026-04-19T04:27:15.549426
retranslate-20260419-v6,e99974b0-d16b-4ee9-a41d-dbb72eafd09e,per-me-e-felicita,c79e631c-212e-47df-b3f2-0e5c536f611b,for-me-it-is-happiness,5c756be5f1456561,ok,,2954,695,0.005143,2026-04-19T04:27:18.856655
retranslate-20260419-v6,e9b7d91d-cf0e-4a17-8882-8ba087df7274,le-eta-della-vita,cd078230-3d5c-4c18-b1e3-3c0c9b473c62,the-seasons-of-life,658613e7a1b6a26b,ok,,2903,542,0.00449,2026-04-19T04:27:24.297532
retranslate-20260419-v6,e9cd63c3-41f4-4d09-9e95-f32e0822c46c,la-vita-e-una-sfida-recensione,5dd9d889-0246-4dfa-8ae0-8d435f6586f5,life-as-a-challengea-review,214f4487e29d8dd4,ok,,3092,821,0.005758,2026-04-19T04:27:30.058470
retranslate-20260419-v6,e9b6fd7b-a150-4034-a87e-13e4deb9f51e,sei-lagnello-e-il-pastore,675669b0-7e24-4daa-a36c-6bec4c38a8fe,you-are-both-lamb-and-shepherd,f0340abae58558cf,ok,,3910,1329,0.008444,2026-04-19T04:27:21.699691
retranslate-20260419-v6,e9ce6b61-421c-4293-8426-00dffc90dca9,occhi-doro-nato-per-vivere-recensione,94240482-3765-478c-abac-20b639714042,golden-eyes-born-to-livea-review,cf1e569bd6ad501e,ok,,3018,669,0.00509,2026-04-19T04:27:37.130916
retranslate-20260419-v6,ea019741-d19b-4002-8fa2-cd0c2664071a,riscoprire-cio-che-unisce-i-cuori-di-tutti,4ea34e41-49da-429d-a6d2-1d1be3a29890,rediscovering-what-unites-all-hearts,5bf8d8e37bbe6fe9,ok,,3913,1312,0.008378,2026-04-19T04:27:43.340768
retranslate-20260419-v6,ea052bbf-c3e9-403b-846d-0685ae7a03b3,madre-e-handicap,2d82a7d8-2851-4088-a439-ed6ea0ff7377,motherhood-and-disability,2733d621578002bf,ok,,3053,689,0.005198,2026-04-19T04:27:58.742545
retranslate-20260419-v6,ea082fec-9e64-454c-8f74-f20e301b1317,la-forza-della-tenerezza-lincanto-si-e-rotto,509c96b1-af42-4f57-a69a-06688ad3316f,the-power-of-tenderness-when-the-spell-broke,96f81dcb3fa60a3a,ok,,3099,777,0.005587,2026-04-19T04:28:07.042230
retranslate-20260419-v6,ea83431e-56b7-434e-af18-b7825bcdfe80,chiamami-alex-recensione,7b6fd1d0-10e9-45f4-9f12-880393f5d315,call-me-alexa-review,5286cbef23d3b203,ok,,2544,390,0.003595,2026-04-19T04:28:14.953357
retranslate-20260419-v6,ea8eae6e-ace8-4eb5-a3bf-396f8d41d63b,siamo-stati-dei-buoni-genitori,7c092604-1e19-46db-8cf1-6d73f61eb141,were-we-good-parents,dd8e8bf0a22c0ef0,ok,,4319,1670,0.010135,2026-04-19T04:28:18.484085
retranslate-20260419-v6,ea9513cf-8a26-42c9-b52a-b9a0906da242,dialogo-aperto-n-69,a77a34b5-7a05-4e81-8b09-9c46bc32edcb,open-dialogue-no-69,d7766766e18cea8d,ok,,3463,1064,0.007026,2026-04-19T04:28:39.281025
retranslate-20260419-v6,ea9c57e4-fcc0-47de-b0ef-97b393aace32,di-corsa-verso-francesco,1b5898ca-bba1-47ac-89f6-c0c97ca49044,running-toward-francis,02e91d89f2852da6,ok,,3224,915,0.006239,2026-04-19T04:28:51.445855
retranslate-20260419-v6,e9e2b6af-447b-4e78-a334-6c8239a922e0,sfilate-da-sogno,,,0744385f971da94a,error,Quality gate fallito: HTML: href persi: ['http://www.modellisinasce.org'],,,,2026-04-19T04:27:37.969618
retranslate-20260419-v6,eab18947-ecf9-4296-ba45-55716b580407,consigli-di-lettura-insieme-n-29,734a74d3-8671-4831-b69c-e2c124762bdd,reading-guideissue-29,6b269930bdb484c4,ok,,3082,905,0.006086,2026-04-19T04:29:00.486636
retranslate-20260419-v6,eac86afa-6434-4da3-ac6c-77762ab525af,dialogo-aperto-n-36,7e83743d-551a-4ed0-ad5a-119b11e9429f,open-forum-no-36,29c530d4fc821fcd,ok,,3594,1147,0.007463,2026-04-19T04:29:07.546428
retranslate-20260419-v6,eacb4f58-68d4-484c-8621-5f9dcd701f57,quando-se-ne-vanno-prima-di-noi,e359dd3c-5f70-42e5-b3b8-310e7a38ae64,when-they-leave-before-us,d86bd6838758cc4d,ok,,3204,848,0.005955,2026-04-19T04:29:21.747758
retranslate-20260419-v6,ead3120f-9f2c-44b8-bf5f-482051505e6a,c-a-a-comunicazione-aumentativa-alternativa-nel-centro-benedetta-dintino,1fbca61d-3cc6-4092-908c-4ae02b02d043,aac-at-the-benedetta-dintino-center-augmentative-and-alternative-communication,2d61ca0d26388a17,ok,,3438,970,0.00663,2026-04-19T04:29:30.883703
retranslate-20260419-v6,ead484e2-505c-4286-a54d-ffe323033449,sono-il-papa-di-francesca,55daf0f5-458a-46d4-b28f-ef5e38fb0ded,i-am-francescas-father,0b8f59e3363d0d3d,ok,,3813,1244,0.008026,2026-04-19T04:29:41.789890
retranslate-20260419-v6,eabe1cf8-fd07-4f48-9c4d-a3e98b4c5707,ci-hanno-scritto-n-16,c4383c79-545d-48df-af81-4d6141d3be74,letters-from-our-communities-issue-16,5837876ef31c93f8,ok,,7468,3931,0.021698,2026-04-19T04:29:06.406292
retranslate-20260419-v6,eaec3bd3-880a-4396-bef4-f35cd55fbfc4,io-e-simona,9cf375c2-fedc-4a0d-ab96-7117917ee1ef,simona-and-me,82b7e7b3edbc70b3,ok,,3221,789,0.005733,2026-04-19T04:30:00.825116
retranslate-20260419-v6,eaeae110-9fdd-4995-9e81-92fa686070c1,partire-o-restare-la-migrazione-nei-film-di-venezia-80,476b74bb-931b-4a85-a69b-fcc8406fa591,to-leave-or-stay-migration-in-the-films-of-venice-80,3171d57a3691be5f,ok,,4530,1744,0.0106,2026-04-19T04:29:58.324001
retranslate-20260419-v6,eafa165a-4fdd-4ff2-a8cb-b8136dcf008a,la-pecora-nera-recensione-film,a84d0c83-9673-4d79-8186-cbcf34b94399,the-black-sheep-film-review,bb50cec4a4fbc580,ok,,3027,641,0.004986,2026-04-19T04:30:19.562034
retranslate-20260419-v6,eaf49336-4204-4b02-9b96-3dc05dfb199a,dialogo-aperto-n-52,94772d3f-72a2-4471-ae56-571016e0bb2c,open-forum-no-52,dc28773684e6799f,ok,,3845,1348,0.008468,2026-04-19T04:30:10.940870
retranslate-20260419-v6,eb0b9c9a-a2c5-433b-9850-0a9b334d9fa1,volevo-essere-una-farfalla-recensione,70b96278-46e2-4b14-af20-5aedf8d7c453,i-wanted-to-be-a-butterfly-a-review,59d2b6027da8e2e5,ok,,2439,326,0.003255,2026-04-19T04:30:27.362442
retranslate-20260419-v6,eaff175a-b71c-4f14-aaa5-ef6822e29583,barriere-invisibili-al-cuore,89e8fd71-cf47-4743-ad71-a5af00d04fd5,invisible-barriers-to-the-heart,133a0b815c265c41,ok,,3103,775,0.005582,2026-04-19T04:30:26.407200
retranslate-20260419-v6,eb1cfda1-875d-4803-a6c5-60891bc8ccaf,la-morte-amica-lezioni-di-vita-da-chi-sta-per-morire,f68c36d7-9f8f-4d0d-a2a2-dc9f83f85b26,when-death-becomes-a-teacher-what-the-dying-teach-us-about-living,1db92f2f3db99d64,ok,,3175,819,0.005816,2026-04-19T04:30:30.717900
retranslate-20260419-v6,eb2f1d20-faee-4b7f-9d6a-16de87c6285c,poesie-visages-volti,0f00da35-43f8-4982-9ebf-b9af8c678672,faces-a-poem-by-helene,41cba9c7f05ebebe,ok,,2950,676,0.005064,2026-04-19T04:30:34.507992
retranslate-20260419-v6,eb4b0fd6-7ec2-4d1e-870c-a0aa4fba0e0b,mio-figlio-mi-divora-recensione,a3c35700-1642-4314-911a-fd34591a074d,my-son-devours-mea-review,53145c7e6b666f29,ok,,2631,391,0.003669,2026-04-19T04:30:39.103173
retranslate-20260419-v6,eb6da754-873e-408a-84f2-f81b43d070f2,ombre-luci-n-15-1986-sfogliabile,6fd303c4-c122-424c-92b3-6d89c180799d,ombre-e-luci-no-15-1986,b14c3a166067b7d9,ok,,2083,44,0.001842,2026-04-19T04:30:44.202432
retranslate-20260419-v6,eb751dac-ff07-4d9f-9445-c5f929537093,onora-il-padre-e-la-madre-pagine-di-tutti-i-tempi-per-capire-il-rapporto-tra-genitori-e-figli-recensione-libro,81b751de-494b-4251-9e4d-423fd5f33832,honor-your-father-and-mother-timeless-pages-on-parents-and-children,bd36ca0a117a5688,ok,,2672,438,0.00389,2026-04-19T04:30:45.318717
retranslate-20260419-v6,eb930c97-10fa-44e1-945e-2a492d3d07ac,un-italia-nascosta,37b865b7-600e-4051-a44f-25e00166dae9,the-italy-we-dont-see,ea7370e65f22656f,ok,,3122,782,0.005626,2026-04-19T04:30:49.657192
retranslate-20260419-v6,eb649bad-3167-43aa-96ae-15cf5791cde3,lo-sconforto-emotivo-esige-comprensione,9b35f396-bafe-40ee-b20c-a979618bae6f,emotional-distress-demands-understanding,7e7ca8d74944521a,ok,,5117,1829,0.01141,2026-04-19T04:30:39.572454
retranslate-20260419-v6,eb98754f-2026-4906-8f46-b328e147e771,per-rompere-la-solitudine,d60ca1ed-d88d-4d77-8a0a-5022885d87d5,breaking-the-silence,dd6aa84878ed0021,ok,,4529,1717,0.010491,2026-04-19T04:30:56.756613
retranslate-20260419-v6,ebae9ca4-4a04-4240-9237-b03232a7fa3f,lamicizia-incarnata,5cd48040-e3a2-484d-bca4-dadb5afae755,friendship-made-flesh,ff83135bb3831f5f,ok,,3070,796,0.00564,2026-04-19T04:31:19.014644
retranslate-20260419-v6,ebbd53b3-1f99-4cbb-96a4-c8112713441b,vestita-di-nuvole,30bfdaf1-4a2c-4f89-a58b-18bd339148cb,dressed-in-clouds,c7e27cabcf2797a0,ok,,2485,342,0.003356,2026-04-19T04:31:26.041181
retranslate-20260419-v6,ebf11660-279f-41b1-a5ab-96ecb07db428,recensione-final-account,510ee550-74f4-4eec-9564-023c6e9eb633,when-former-nazis-tell-the-story-of-the-holocaust,c7160b08be3c2297,ok,,2878,571,0.004586,2026-04-19T04:31:29.799375
retranslate-20260419-v6,ec02f675-05c5-4a89-aa59-82a6c62554a5,storie-di-cui-fare-tesoro,5230b18b-e5b0-44db-a96c-b86e4611a3c3,stories-worth-keeping,d260dd2e7f78a8b5,ok,,3440,947,0.00654,2026-04-19T04:31:35.624820
retranslate-20260419-v6,ebac0af0-6459-4120-9100-7e2caf006d9e,la-fede-si-vive-cosi-si-impara,c2f38028-fd69-4565-a3f0-27ef6748ce14,faith-in-action-how-these-children-learn,c1b511bdebadc153,ok,,6948,3574,0.019854,2026-04-19T04:31:06.867841
retranslate-20260419-v6,ec30323f-d1d4-4b73-aea5-6b610ac5ec7e,il-piu-popolare-al-velodromo,91cfcf1b-f26c-4843-9c3d-116ed017d0ef,the-most-popular-guy-at-the-velodrome,859ef36a501e0229,ok,,3678,1130,0.007462,2026-04-19T04:31:48.039382
retranslate-20260419-v6,ec473ea4-c18c-4cd3-a4b7-92f75bac157a,sono-un-africano,e6eade14-598f-4936-92ef-5e558517a27f,i-am-an-african,4c37260ffec975f4,ok,,2546,395,0.003617,2026-04-19T04:32:01.554973
retranslate-20260419-v6,ec6e1d40-4cc6-4df8-b10d-2361981fabd2,faccio-il-viaggio-da-sola,4827f112-6479-4fd1-8563-8586a4ae0d4f,i-take-the-bus-alone,a32d17d4f78329cf,ok,,2232,167,0.002454,2026-04-19T04:32:04.652081
retranslate-20260419-v6,ec4883c3-e522-4093-9d2c-2b4d5dafcd88,io-sono-con-te-recensione,6380c38e-5b29-4e6f-9067-daa127b1057d,i-am-with-you-a-review,88a1a31fe640d2ed,ok,,2637,434,0.003846,2026-04-19T04:32:02.817505
retranslate-20260419-v6,eca192b5-20dd-40d7-915f-e7f78340c329,sempre-capricci-storie-psicologicamente-corrette-da-leggere-assieme-ai-bambini-recensione,e3a2ea07-f2ad-45f7-a129-55474fcebd29,always-tantrums-psychologically-sound-stories-to-read-with-your-childrena-review,4a4df0b7ac5f221a,ok,,2534,363,0.003479,2026-04-19T04:32:07.249326
retranslate-20260419-v6,ecd574d1-d615-4de2-b5a6-8748d1173430,la-stanza-degli-ufficiali-recensione,3083c111-937a-400b-b115-4dc8555f010c,the-officers-ward,55a2cec5d6be9e0d,ok,,2390,254,0.002928,2026-04-19T04:32:11.937886
retranslate-20260419-v6,ec9f3b4e-b7b8-4b6c-96de-7d763d9af938,comunita-viaggianti,b7422da9-b84c-4429-819c-3dece0fed603,travelers-as-community,00522033e1920091,ok,,4771,1876,0.011321,2026-04-19T04:32:07.149511
retranslate-20260419-v6,ecd64465-9008-4f2a-8a68-9b5316016b34,vita-fede-e-luce-n-1,0a97a142-0d5b-4a0e-aecb-12243144a8a0,faith-and-light-life-together,77df0ef89987b069,ok,,4687,1821,0.011034,2026-04-19T04:32:15.207885
retranslate-20260419-v6,ecd78380-abea-47cc-a888-c2994b9d3984,letture-consigliate-n-26,f393fc91-fdac-416a-8574-3005482604cb,recommended-reading-no-26,ad7b39dd708864f8,ok,,3710,1229,0.007884,2026-04-19T04:32:34.131412
retranslate-20260419-v6,ed02b9f0-ecac-424c-a0be-73956333cdcf,la-mia-forza-nella-mia-differenza,a852793d-03be-4dfe-a217-e7171ab1b3ff,my-strength-in-my-difference,22364db53c28d6e1,ok,,3562,1027,0.006958,2026-04-19T04:32:49.250475
retranslate-20260419-v6,ed0545e0-f698-45e1-be0b-620a009360f2,disabilita-intervento-apprendimento-controllo-degli-sfinteri,6e66a55a-19e4-4e60-915f-ac1fe2258d99,teaching-bowel-and-bladder-control-a-guide-for-parents-and-educators,08d2b23991a33131,ok,,2361,258,0.002921,2026-04-19T04:33:01.544727
retranslate-20260419-v6,ecef1859-48a8-450c-b630-fae3a09a4174,una-soluzione-giusta-e-umana-maso-s-pietro,547ac88c-9a58-44b7-9c03-40e072432765,a-just-and-human-solution-maso-san-pietro,804cd4a001d93e81,ok,,4697,1727,0.010666,2026-04-19T04:32:40.905582
retranslate-20260419-v6,ed08a35b-280a-406a-9f99-6e6446fefac3,i-bambini-sono-speranza,f76cd24c-6383-4033-8fa6-830e06f4573b,children-are-hope,d20262ccd29c1dc5,ok,,2851,678,0.004993,2026-04-19T04:33:04.981269
retranslate-20260419-v6,ed253309-4f3e-471d-9c40-aade3531d424,contro-leutanasia-recensione,3a60bd23-ccec-4b5d-af84-d492eeb6a393,against-euthanasia-a-doctors-case,a285020068652c1c,ok,,4004,1299,0.008399,2026-04-19T04:33:09.644709
retranslate-20260419-v6,ed137225-d1b3-4281-80a0-4f1785899619,e-francesca-e-basta,90f5468e-39bb-4777-a58d-61103babd15b,she-is-francesca-period,71107d5d79eeeb87,ok,,4325,1583,0.009792,2026-04-19T04:33:05.886843
retranslate-20260419-v6,ed480fe1-cafb-466e-8c06-dd8adbff2344,questionario-ombre-e-luci,83e63e34-e28a-49f3-ae02-18d7be91a01e,ombre-e-luci-reader-survey,6c58f16be4668c5a,ok,,2129,65,0.001963,2026-04-19T04:33:27.553833
retranslate-20260419-v6,ed3a4927-eb81-429d-a1c1-1920008eda0d,ci-hanno-scritto-n-11,31ec5fae-b9a4-40f0-a5fd-4cdd9d84e51b,eleven-letters-from-mario,055cc367666eda59,ok,,2850,618,0.004752,2026-04-19T04:33:26.406232
retranslate-20260419-v6,ed5fbbbf-9cef-44ab-bd91-17a5fc69cd3c,zia-lo-sai-che-sei-un-po-strana-recensione,4145548c-e3de-46da-af7f-c2bc1599247b,aunt-did-you-know-youre-a-bit-strange-a-review,4b5004e740cefe0a,ok,,2523,372,0.003506,2026-04-19T04:33:29.107974
retranslate-20260419-v6,ed65bf93-f805-4bee-8124-453969c8282e,gianciotto-malatesta-e-i-conti-che-tornano,aefddca5-b3b6-46bb-b0ad-a08945e229a8,gianciotto-malatesta-and-the-story-that-doesnt-add-up,f5a36ad293e3ae77,ok,,2972,777,0.005486,2026-04-19T04:33:32.023994
retranslate-20260419-v6,edab790a-875c-45b9-9ba0-1ccea36dabc9,la-solitudine-dei-numeri-primi-recensione,9d9da930-9cda-485e-94c2-70ecbe9a7c13,the-solitude-of-prime-numbersa-review,c3e81346bb275bd8,ok,,3292,814,0.00589,2026-04-19T04:33:39.029704
retranslate-20260419-v6,edb5316a-e4d5-4542-b1db-aef969adb359,un-figlio-cinque-giorni,1ed54552-4e67-4fdc-b199-c2fa27edcb1a,a-son-for-five-days,b4cdc82ca532bb0c,ok,,2503,366,0.003466,2026-04-19T04:33:48.522169
retranslate-20260419-v6,eda2851a-712c-445e-9834-01089229e532,aiutami-a-fare-da-me,a4a35e42-d30c-4946-ac80-582990e52c4c,help-me-do-it-myself,6d76c7c62ae6c08e,ok,,4506,1562,0.009853,2026-04-19T04:33:32.897948
retranslate-20260419-v6,edfdddd7-4ff5-4959-84c2-7a8a957eb73f,il-disability-pride-di-stefan-aspirante-artista-amante-di-fumetti-ed-ecologia,93b15762-ed29-4721-a025-1974208a5b68,stefans-disability-pride-comics-art-and-a-planet-to-save,1bb876997f0cc584,ok,,2496,375,0.003497,2026-04-19T04:33:54.280209
retranslate-20260419-v6,ede3004f-b032-4a2d-a96a-42bec96f92ef,se-io-diventa-noi,00c5db78-03cd-4aa2-be34-622f9c72460d,when-i-becomes-we,34548040e7e1527a,ok,,3263,778,0.005722,2026-04-19T04:33:52.745052
retranslate-20260419-v6,ee18767e-2dcc-4b1b-90ce-ea6ebc98005c,give-me-liberty,eb1591f4-077a-4cb5-be2d-2cdc5056c41b,give-me-liberty-ee18,ce0ee63d9fabf649,ok,,2862,566,0.004554,2026-04-19T04:33:58.230813
retranslate-20260419-v6,ee26909c-a557-40ba-9442-55e1ae9f4684,sulla-barca-in-piazza-san-pietro,9ca97425-4315-4977-b39d-a47405224854,on-the-boat-in-st-peters-square,f06f0f43ccec61b0,ok,,3335,978,0.00658,2026-04-19T04:34:04.348291
retranslate-20260419-v6,ee1e41a8-927f-4bac-b588-aa34b8c8ab39,sessualita-e-disabilita-non-aspettate-a-parlarne-presto,35637870-0768-4edc-8bb5-52c2f7c22cfa,sexuality-and-disability-dont-wait-to-talk-about-it,52f91c909e1078c1,ok,,4059,1329,0.008563,2026-04-19T04:34:01.286983
retranslate-20260419-v6,ee67faab-b870-4ec5-8222-116c32f2d934,alla-ricerca-delle-vere-vacanze-rompere-gli-schemi-e-scoprire-il-significato-profondo-del-riposo,d2723fc2-c2bb-4674-ab31-311e1e9dece7,real-vacations-breaking-the-mold-and-discovering-what-rest-really-means,d54b35cbbc6fa51d,ok,,3188,750,0.00555,2026-04-19T04:34:13.882943
retranslate-20260419-v6,ee6df628-bfce-472c-aebb-404fdc5277bb,scintille-di-amicizia,7dcd7acb-0648-4b42-b839-40be0e5466a7,sparks-of-friendship,26c5f27a18d5a463,ok,,3530,1120,0.007304,2026-04-19T04:34:18.945966
retranslate-20260419-v6,ee7562ea-2a0c-4721-9bc3-687be3b7dece,sscuola-e-handicap-una-scuola-da-imitare,2e9f3841-009c-4489-bc2a-d7c4753eb385,a-school-worth-following-integration-in-action,cf47a79dc9157dbc,ok,,4252,1454,0.009218,2026-04-19T04:34:21.880445
retranslate-20260419-v6,ee7b20f5-e311-4d30-9710-6ad6f6ae177f,uomini-di-dio-recensione-film,df039aa9-3a38-4ddf-922b-389047235984,men-of-god-film-review,843ba911b2796974,ok,,3244,834,0.005931,2026-04-19T04:34:31.262444
retranslate-20260419-v6,eea3c50b-7ce3-4a3e-b4a6-b90ccf9e8c40,giovanissimi-n-3,29916588-b2b5-43bf-aa3c-b3b2bcc7598a,very-young-members-no-3,796c438756f20144,ok,,2890,567,0.00458,2026-04-19T04:34:38.871788
retranslate-20260419-v6,eebd6f02-ce8d-457f-9368-b45ed04e2aae,pezzi-di-vita,767129b4-0cab-4f3d-b6d3-7509a105de64,pieces-of-a-life,a219a1ea6a03c65a,ok,,3586,1188,0.007621,2026-04-19T04:34:44.383297
retranslate-20260419-v6,eeb08d85-b01d-4476-bae8-ecce90fff62f,dovra-stare-in-un-ambiente-protetto,2fc59625-c82b-403e-b49b-bcf7737e9811,he-needs-a-sheltered-environment,6c3e7c84d7812c6c,ok,,3888,1363,0.008562,2026-04-19T04:34:40.766802
retranslate-20260419-v6,eec74c19-bb08-4ed1-a0df-570da42b031c,dialogo-aperto-n-49,a51df45a-397c-4871-bde1-da0ade2f6902,open-dialogue-no-49,8daa4da848f9ea30,ok,,3858,1320,0.008366,2026-04-19T04:34:57.887520
retranslate-20260419-v6,eebd99f7-5ccb-494c-9608-bc548e5421d9,carissimo-roberto,511d8817-ccf5-4a45-a030-96ac9fb94561,dear-roberto,7e602f696a0d5471,ok,,5055,2127,0.012552,2026-04-19T04:34:57.441647
retranslate-20260419-v6,eece2dba-0112-4eb4-9ecc-8d753dcf50da,la-forza-dellortoterapia-arriva-ad-alessandria,07ee7ed1-6b76-4f86-be66-967f31212bb6,horticultural-therapy-comes-to-alessandria,daa7e70b70ea2e24,ok,,2923,586,0.004682,2026-04-19T04:35:28.487138
retranslate-20260419-v6,eed4f610-e17e-4f94-a341-57c8a31e4875,cose-la-laurea,c6426c06-0255-4fa9-ad7b-b44955c9300b,what-a-degree-is,76f88e8a757da148,ok,,2798,605,0.004658,2026-04-19T04:35:34.804399
retranslate-20260419-v6,eed9fb87-baeb-4720-8831-18ce057f8fa6,ombre-luci-n-11-1985-sfogliabile,b31ddcd6-8653-4866-b844-22f0a10d51fb,ombre-e-luci-no-11-1985,c1bc7237fd0fbf9c,ok,,2083,45,0.001846,2026-04-19T04:35:40.037731
retranslate-20260419-v6,eee45932-983d-4299-a050-8d36c001f310,quando-il-buio-e-totale,e53ac02b-301c-4c79-8914-26bceba06748,when-the-darkness-is-complete,bafa0864855c5da7,ok,,3095,858,0.005908,2026-04-19T04:35:41.156647
retranslate-20260419-v6,eeccdca4-911b-4592-b6c4-7ccf6b00a88f,la-scelta-di-ivana-la-mia-vita-al-carro,a6fda1a7-f55d-47c9-b0d8-6d6c32c4ca0e,ivanas-choice-my-life-at-the-carro,e060316609a8c5c8,ok,,6690,3029,0.017468,2026-04-19T04:35:14.322363
retranslate-20260419-v6,ef14e4b5-25fd-407d-badd-402b1f379f13,la-musica-segreta-della-terra-recensione,a43968e5-4886-4b33-afcf-1e8eaf716828,the-secret-music-of-the-earth-a-review,90984d03c9706f78,ok,,2844,567,0.004543,2026-04-19T04:36:00.691664
retranslate-20260419-v6,ef0000fe-6f11-4954-890d-1436cfdfe3e8,partecipe-dei-miracoli,54ab0081-7a89-4f67-b40e-566ef353310d,a-witness-to-miracles,3f70ca5110f6c100,ok,,4169,1557,0.009563,2026-04-19T04:35:48.330384
retranslate-20260419-v6,ef475bfe-3082-4ccf-a2a7-c1d8a04bd6a5,le-ombre-e-le-luci-del-natale,3722104d-ae88-49d7-9373-6e30ee7794f1,christmas-in-light-and-shadow,80b2353c4db6ed59,ok,,2719,531,0.004299,2026-04-19T04:36:07.037133
retranslate-20260419-v6,ef630eb7-6394-4329-8d77-c38d3fe9c76a,che-bello-prendere-il-treno,aeddd8d4-429f-48f2-84ed-0fb462e8a11d,what-a-joy-to-take-the-train,4a3431320a5fd6f6,ok,,3810,1289,0.008204,2026-04-19T04:36:07.646880
retranslate-20260419-v6,ef83b890-c4ab-4f76-9f5e-09efd923b263,far-east-film-festival-2024-due-film-sulla-fragilita-da-hong-kong-e-taiwan,1f118e23-3e28-46bf-b81c-7a30521a32bd,far-east-film-festival-2024-two-films-on-fragility-from-hong-kong-and-taiwan,55dbddbbfb527334,ok,,3418,996,0.006718,2026-04-19T04:36:11.968340
retranslate-20260419-v6,efb9c874-e427-493c-9239-c76398078702,il-male-e-la-sofferenza-raccontati-ai-bambini-recensione,cfd4da31-9893-4b16-a644-73d8746e4e55,why-do-children-ask-about-evil-and-suffering-a-review,d07587456863d1fa,ok,,2503,324,0.003298,2026-04-19T04:36:23.295458
retranslate-20260419-v6,efbb4c2b-2dc1-4235-abd2-2863ac4966b3,monza-primo-supermercato-autismo,bc87d62b-e156-486f-a312-3e6a2479095f,the-first-of-many,6e69a08d6c99dc21,ok,,2938,541,0.004514,2026-04-19T04:36:27.394231
retranslate-20260419-v6,efa90270-47c7-46b7-8e92-4e5790073302,agli-antipodi-dellindividualismo,5720ae2b-1c67-44d2-ae5c-bd81201f9d31,at-the-worlds-edge-a-life-for-others,1623591fed1caeee,ok,,3832,1295,0.008246,2026-04-19T04:36:22.913068
retranslate-20260419-v6,efbf962e-61b7-406e-b222-bd71f9c2e975,con-occhi-padre,b6e857d7-9efe-4b50-8317-5457204c5d95,a-fathers-eyes,c5193a42b3688d73,ok,,3128,993,0.006474,2026-04-19T04:36:34.299866
retranslate-20260419-v6,efe01b57-c338-4bc9-b606-815ef9a0ea14,non-ne-sapevamo-niente,1b511ba1-3d5e-460a-b4ce-13fd3c359b4e,we-had-no-idea,19aafd3c1ae87f14,ok,,3180,828,0.005856,2026-04-19T04:36:38.799162
retranslate-20260419-v6,eff75550-bf8d-4be0-a0c7-d516637d53c5,quel-che-ti-scava-dentro-newsletter-n-32,8aa36c7b-1213-4a3f-886c-cb86d15344d5,what-gets-under-your-skin-newsletter-no-32,e8918b7b577f8afd,ok,,4915,2450,0.013732,2026-04-19T04:36:41.452831
retranslate-20260419-v6,f02cfdb4-f8d4-4275-be94-f39ab4a64c7a,di-polemiche-e-accessibilita-alla-berlinale75,d48da473-29b3-4167-8824-57ac0803118f,controversy-and-accessibility-at-the-berlinale75,cde798d1f6c58263,ok,,3515,989,0.006768,2026-04-19T04:37:06.645796
retranslate-20260419-v6,f0474b5a-b0b6-494b-858e-5f191d50f603,maria-la-mia-figlioccia,8d65f644-8dd3-430a-8795-b49726c5a7d1,maria-my-goddaughter,b1cafc251230122b,ok,,2575,411,0.003704,2026-04-19T04:37:18.241621
retranslate-20260419-v6,f05dbc64-297e-4b3b-8022-79a23d6ef88d,cani-pony-leoni-marini,2c23d57b-e30c-49a8-99c0-7135ccfb98d5,dogs-poniesand-sea-lions,84a116b69b1b8bf1,ok,,4160,1318,0.0086,2026-04-19T04:37:21.936584
retranslate-20260419-v6,f064a87d-a6f8-49c9-bf90-125f50fe0751,dissodare-il-terreno,46dbe72a-d9cd-48ae-859b-2266fa36238b,breaking-ground,dca717605f9c26ea,ok,,3453,1117,0.00723,2026-04-19T04:37:39.562805
retranslate-20260419-v6,effad89a-7b17-42f0-bd3b-61d0f4b704b7,vita-fede-e-luce-n-42,c26d330f-ce2e-4e7b-b1ce-b3b67ff9ff0a,vida-faith-and-light-no-42,1da073d8d6418ced,ok,,3819,1227,0.007963,2026-04-19T04:36:48.452931
retranslate-20260419-v6,f0739b58-fc26-4eac-9e5a-da2f389d6a22,inclusion-exclusion-lesposizione-degli-artisti-con-disabilita-di-santegidio-al-vittoriano,b8b47fa4-3550-43a9-858a-b8c300459c9f,inclusionexclusion-art-by-disabled-artists-from-santegidio-at-the-vittoriano,abc598c1cc7868d4,ok,,2851,646,0.004865,2026-04-19T04:37:50.250427
retranslate-20260419-v6,f07d4851-fb8a-49d8-abff-471978d2cb0a,progettare-un-nuovo-numero,cbe17696-5228-4905-8411-d5ba2d56d6f3,how-a-magazine-issue-comes-together,6ceee0b77383ddf4,ok,,2939,644,0.004927,2026-04-19T04:37:54.294121
retranslate-20260419-v6,f08761cd-be9a-4396-95d6-f64e9c21abf6,il-carro-una-casa-sempre-piena-di-gente,a850557f-78eb-4fd1-ba61-0c47b13262d4,the-wagon-a-house-always-full-of-people,7b0f2977fc8d3501,ok,,3100,838,0.005832,2026-04-19T04:38:00.480700
retranslate-20260419-v6,f089a4c5-c8ed-4eec-8a4f-7e5cf588fa78,il-tuo-bambino-ha-qualcosa-che-non-va,5318606b-b374-4775-9485-ca58b59798b8,your-child-has-something-wrong,a8f9d201d21dc6be,ok,,3306,950,0.006445,2026-04-19T04:38:25.903580
retranslate-20260419-v6,f0856f08-59bb-40f7-aa00-06b809ef23d3,lestate-insieme-newsletter-estiva-n-21,02b84f72-6737-4604-b623-8803e5c8d13b,summer-together-summer-newsletter-no-21,69239f928550eb58,ok,,4110,1774,0.010384,2026-04-19T04:37:55.604158
retranslate-20260419-v6,f0bb6c34-8f68-425f-9102-ec1cebb3e857,il-natale-di-massimo,a025795e-24b4-40fe-a495-c389a6a220d9,massimos-christmas,4db79c171a0a5cdc,ok,,2986,757,0.005417,2026-04-19T04:38:38.105255
retranslate-20260419-v6,f0ce017c-7b59-4f86-8392-f748607d593c,il-mio-primo-campo-fede-e-luce,4ade0406-d388-4e24-bb88-b4e21d36c483,my-first-fede-e-luce-camp,501a916eff3b2a6b,ok,,3603,1097,0.00727,2026-04-19T04:38:44.646129
retranslate-20260419-v6,f0aa94b5-a9b5-4c81-93bf-65ad5bef223f,loro-noi-che-stiamo-in-piedi,1663c910-e778-4acf-8f4c-94fb9df94831,those-sitting-down-those-standing-up,a160f2fab22363d0,ok,,5154,2116,0.012587,2026-04-19T04:38:36.083257
retranslate-20260419-v6,f0f839bb-fc72-4097-bcb7-42406c9c24af,bellezza-e-handicap,646a32bd-3e3d-41c6-a359-24e968d4d24f,beauty-and-disability,d264f951ec19d861,ok,,3615,1175,0.007592,2026-04-19T04:38:59.623116
retranslate-20260419-v6,f10d5b1f-54a1-4f20-86ff-237645405161,la-caponata-di-celli-che-unisce-litalia,f891c7fc-a8c2-49db-ba04-93ceedd78372,cellis-caponata-a-recipe-that-bridges-italy,6aa2184e67a0dfab,ok,,3295,984,0.006572,2026-04-19T04:39:06.429263
retranslate-20260419-v6,f11360e8-4911-4b70-921a-12b4e7936848,hello-harry-hi-benny-recensione,35ac1d14-8946-4fc7-9d85-cc79fdd8feed,hello-harry-hi-benny-a-review,a72e531a7ec31c3f,ok,,2599,412,0.003727,2026-04-19T04:39:13.865641
retranslate-20260419-v6,f1255e87-1779-4906-870e-d9fd1cd5afa1,storie-vere-di-bambini-autistici,ac3e8eab-3538-4476-989f-f8912865d9da,real-stories-of-autistic-children,09f6ca0ef7dec1bc,ok,,2711,431,0.003893,2026-04-19T04:39:17.165140
retranslate-20260419-v6,f135c1eb-7689-4138-9572-5795dff2dc03,un-angelo-canta-blu-la-vera-storia-di-cecilia-recensione,8ab279a7-2f27-494f-b92b-262d004bfbde,an-angel-sings-blue-the-true-story-of-ceciliaa-review,9a55e9c837ae7a62,ok,,2668,479,0.00405,2026-04-19T04:39:22.487637
retranslate-20260419-v6,f1257256-2131-4fdd-869b-814d347c0e23,dialogo-aperto-n-151,ce4e0a9c-f000-4ca7-a97d-f02f8c7a17ca,open-dialogue-no-151,931158935deb90ed,ok,,3296,996,0.006621,2026-04-19T04:39:18.402774
retranslate-20260419-v6,f143775a-770d-4569-8e42-3677ac6bab5c,ora-ha-un-mondo-suo-oltre-la-sua-famiglia,8a080a4e-1bac-44f6-8bf7-c4a472f9167d,she-has-a-world-of-her-own-now,baabaf979157ff81,ok,,2788,620,0.00471,2026-04-19T04:39:26.805688
retranslate-20260419-v6,f1450089-0eb8-42f4-b712-c9abd391ef2d,un-po-di-provocazione,d4ed62c1-dcf3-46fe-89d0-363de74ef9a2,a-little-provocation,7906ca469fd24f49,ok,,3896,1488,0.009069,2026-04-19T04:39:29.176147
retranslate-20260419-v6,f14d5bde-f7ce-4f76-a79c-18159caa1c24,uffa,56aa92e9-dfbc-4af2-ae8e-0dcc4f8594f0,ugh,adf8e4aaf8620b11,ok,,2751,564,0.004457,2026-04-19T04:39:46.228136
retranslate-20260419-v6,f1527fb9-9ecd-41b0-8db8-2150258e7ad4,vita-fede-e-luce-la-festa-per-i-nostri-40-anni-1971-2011,81b78a66-2b91-4dc3-a049-bc4f3799f409,forty-years-of-faith-and-light-a-celebration,c1b782f978ef4e13,ok,,2921,654,0.004953,2026-04-19T04:39:52.588844
retranslate-20260419-v6,f18678b8-0fcb-4b34-9a4c-deb3e4fd1d14,il-mio-cane-mi-ha-scelto,bda3beae-bf4e-449e-ad3f-fa57658e4f72,my-dog-chose-me,c199e4f303af4b34,ok,,2693,445,0.003934,2026-04-19T04:39:58.009978
retranslate-20260419-v6,f14cb535-0ade-44b1-9fba-a1b2457a18b0,case-della-carita,2a784d76-7c43-4d59-849c-5cdc514a4600,houses-of-charity-f14c,6f63f705121a8083,ok,,5977,3008,0.016814,2026-04-19T04:39:32.455163
retranslate-20260419-v6,f19b9573-f8bb-4f80-baec-895e5b06b674,alla-ricerca-di-dory-recensione,1b7e82b7-7c94-47cf-81c4-4a88d8ad2f80,finding-dory-review,9c4a86cb99e102cb,ok,,2687,472,0.004038,2026-04-19T04:40:15.141633
retranslate-20260419-v6,f1a1d970-d0a9-4916-bce7-b2f67163680c,vedremo-mai-la-luce,dba3a4a9-918e-49f9-8062-2845b0e4bfe6,will-we-ever-see-the-light,0f725cd27219848b,ok,,2848,576,0.004582,2026-04-19T04:40:20.657987
retranslate-20260419-v6,f198b1ed-11e3-4229-b43d-d7c0903868c3,tutti-prescelti-lo-yoga-per-le-persone-disabili,505369e0-c446-4af7-a8f5-d9076a408fec,all-are-chosen-yoga-for-people-with-disabilities,bb7af81c8ff38af6,ok,,5029,1694,0.010799,2026-04-19T04:40:06.005353
retranslate-20260419-v6,f1ad16de-78ab-4b1c-aeb3-efa0cdd5d742,camminato-vicino-marco,a6230006-f83e-4884-af60-fce4007e2eec,walking-beside-marco,f712925765195553,ok,,2860,609,0.004724,2026-04-19T04:40:27.299346
retranslate-20260419-v6,f1c2ce96-c398-4126-a8f0-8481aff22c9c,vita-delle-province-n-149,48700dc9-3735-4263-a21e-362463e76ac9,news-from-the-provinces-no-149,638dcec3568167e3,ok,,3282,984,0.006562,2026-04-19T04:40:28.412483
retranslate-20260419-v6,f1d1402a-d895-4f22-a5d6-345af58be8b6,guardavano-guardavano,1fa6a22d-0340-40a8-8c1e-f9d54aa808a5,they-kept-staring,edc74220dff570e0,ok,,3691,1198,0.007745,2026-04-19T04:40:33.281850
retranslate-20260419-v6,f1f77d5e-c688-4bfd-91c7-ced072b90c1d,itinerari-guida-annuario-accoglienza-cattolica-italia-2000-recensione,eb550fec-500f-4207-8762-1d3851a4d6f0,a-guide-to-catholic-hospitality-in-italy-itinerari-reviewed,bbe1ba58c0097d32,ok,,2437,278,0.003062,2026-04-19T04:40:47.961258
retranslate-20260419-v6,f1e2dbf8-816c-4176-93c5-6fbaba115696,assegno-unico-e-universale-1-marzo-2022,cf9d8748-865d-4a78-b5de-eb35572901d7,universal-child-allowance-what-changes-for-families,1de24f0f0ad4e6af,ok,,4691,1652,0.010361,2026-04-19T04:40:38.567843
retranslate-20260419-v6,f218828a-397e-4245-a83e-854e9e6bbb80,la-forza-della-fragilita,3f208d77-cf53-479b-9d61-9580b2152a97,the-strength-of-fragility,ee4bbf163aa365ae,ok,,2717,531,0.004298,2026-04-19T04:40:51.639920
retranslate-20260419-v6,f21d9c9a-d5b9-4443-bb40-a997a1a9f70b,due-nonne-blues-sisters-in-missione-per-conto-di-benedetta,9ae9c8ee-8f29-4c33-a1f4-f270bacdd944,two-grandmothers-on-a-mission-for-benedetta,928516e101c102d0,ok,,4405,1700,0.010324,2026-04-19T04:40:57.298151
retranslate-20260419-v6,f23b2183-79ff-494b-9047-251437c231b3,non-vergognatevi-di-essere-felici,19ea37ce-65f9-45ea-bdbc-3bf762108b0b,dont-be-ashamed-to-be-happy,ffbd57859f17de06,ok,,5463,2399,0.013966,2026-04-19T04:40:57.893660
retranslate-20260419-v6,f23d1d48-d253-4b45-8511-f8b6eaf59222,questi-bambini-sono-intoccabili,c8e63494-f820-4691-bbaa-71a240aef096,these-children-are-sacred,84ef14c3924fc30f,ok,,3526,1167,0.007489,2026-04-19T04:41:19.585198
retranslate-20260419-v6,f2414768-25f2-4b52-ba14-a6141742a483,la-lotta-del-padre-cittadino,0098ffae-272e-4422-a1ae-e3024fdb90d4,the-father-as-citizen,6f8cfc8a9f7005ce,ok,,3137,795,0.00569,2026-04-19T04:41:32.074833
retranslate-20260419-v6,f249f2e1-6094-4f99-914b-18b2b0192e11,vita-fede-e-luce-insieme-n-28,d977afd8-1b55-474b-88d9-847e5aab270b,life-faith-and-light-together-no-28,ffb4f2dec1a47949,ok,,3203,855,0.005982,2026-04-19T04:41:43.581944
retranslate-20260419-v6,f246d62e-60ce-49c0-ac1a-018ce946046c,la-sofferenza,d7bf9c9f-9933-4c12-b2cf-9ad118be5c65,suffering,33ebb4438a828dba,ok,,4874,1901,0.011503,2026-04-19T04:41:35.134856
retranslate-20260419-v6,f2509766-ceb2-4f50-a799-226978d326f0,dialogo-aperto-n-18,589a3e23-1451-49b3-9623-3840bc357fb4,open-dialogue-no-18,dc2d6ff62a3e9ed4,ok,,3516,1095,0.007193,2026-04-19T04:41:53.723527
retranslate-20260419-v6,f254f20b-3f1f-4244-a29a-d16c89eecfe6,cosa-si-potrebbe-imparare-dai-banchi-monoposto,088ed380-d759-4cb4-a03b-f3a29a8f31f4,what-the-single-desk-classroom-might-teach-us,c87409637b101fa2,ok,,3237,841,0.005954,2026-04-19T04:42:00.575981
retranslate-20260419-v6,f286416e-e4e9-4e39-8169-8549bb429f90,inneschiamo-la-valanga,073577a1-6056-4310-807d-0e8fbe8014bd,do-we-dare-trigger-the-avalanche,682c5753cfc9d372,ok,,2925,687,0.005088,2026-04-19T04:42:10.789443
retranslate-20260419-v6,f26cf7c4-d7fa-41d2-ad31-8e3077928301,le-testimonianze-dei-genitori-quando-mio-figlio-disabile-mi-piace-di-piu,5d9fa3f5-c6ee-476d-a038-ad57e2db252a,when-my-disabled-child-lights-up-parents-speak,d9c7e8d6d8c2e3de,ok,,3591,1068,0.007145,2026-04-19T04:42:06.962326
retranslate-20260419-v6,f28d6c04-315d-4a66-b83b-0d8f2be45bfb,animare-una-messa-e-renderla-viva-facendo-lunita,cc828c39-f674-448e-bc15-bc771714a881,making-a-mass-come-alive-creating-unity-in-worship,9d926327321d5fe3,ok,,4756,2000,0.011805,2026-04-19T04:42:16.551767
retranslate-20260419-v6,f29a6543-7726-470f-93bf-97c7d1977932,dialogo-aperto-n-137,968da1f9-bd4e-4fe5-8dbb-3b9eedfdf4e4,open-dialogue-137,91174e113ac0fe75,ok,,4457,1719,0.010442,2026-04-19T04:42:20.970191
retranslate-20260419-v6,f2cfcd82-8d40-4595-8326-50a647793891,a-sua-immagine-recensione,33fbebf5-ec5a-4108-83e2-d916fec0444b,in-gods-image-a-book-review,726fd97de08689a3,ok,,2491,356,0.003417,2026-04-19T04:42:44.209098
retranslate-20260419-v6,f2f4dd7d-5f87-446d-b1b6-8d37b028c021,testimonianza-giulia-cirillo,77fe3b46-baf9-4a4c-8cc3-6e43e36793cb,finding-the-other-within-me,a27e8e4fd2761935,ok,,3647,1099,0.007314,2026-04-19T04:42:47.890781
retranslate-20260419-v6,f2cc57af-9aec-4376-895b-197a2c5a213f,leducazione-sessuale-delle-persone-handicappate,071f6466-60b2-475d-995b-4c58bbe4b81e,sex-education-for-people-with-handicaps,18c4b9f131262636,ok,,4894,1874,0.011411,2026-04-19T04:42:40.739838
retranslate-20260419-v6,f2ffadbf-ef7d-41f0-aafe-5b5ef9bc2722,comunita-il-roveto,938cea98-ca10-434f-a873-3d6703f3a949,the-community-il-roveto,848bb64bfba15f82,ok,,3025,775,0.00552,2026-04-19T04:43:07.638144
retranslate-20260419-v6,f2f58b47-599a-4bf5-8ff5-7c6653279d6c,berlinale-74-riflessioni-su-cinema-disabilita-e-moralita-con-due-opere-provocatorie,1f2f3992-4733-4ac4-9c91-7061349981d6,berlinale-74-cinema-disability-and-the-limits-of-representation,c453bfc6c7f2be58,ok,,3664,1034,0.007067,2026-04-19T04:43:01.652506
retranslate-20260419-v6,f317e774-2382-4c86-8cb8-7c62a932bc11,dialogo-aperto-n-156,9cd54214-3892-4e44-abaa-81d783084b40,open-dialogue-no-156,9d0efd93f3804373,ok,,2619,462,0.003943,2026-04-19T04:43:15.016964
retranslate-20260419-v6,f31cb83a-c172-4630-8347-c1bccb8a8278,viola-e-il-messico,b82dc348-0c20-4e83-8f2d-89600c939ddc,viola-and-mexico,e19fd14d972d3d7d,ok,,2976,671,0.005065,2026-04-19T04:43:19.167249
retranslate-20260419-v6,f3014f48-8b7d-44c0-9357-b2d3e04190e5,i-mille-volti,5b589a4a-a019-4f48-8ac6-e396fc297aff,a-thousand-voices,43602d117724dad8,ok,,3717,1198,0.007766,2026-04-19T04:43:13.884879
retranslate-20260419-v6,f324edec-75d8-4652-a1d0-a739f6b74f21,siamo-una-rivoluzione-recensione,b39967cd-0128-4097-b887-26bc9d4d6246,we-are-a-revolution-a-review,3bee9ee045ed7c3f,ok,,2525,360,0.00346,2026-04-19T04:43:25.755761
retranslate-20260419-v6,f3319d73-45ff-447c-ac4f-78ee197bf8fb,sempre-ci-commuove,0879c1b1-7d5f-4d10-b018-e79cf042a6ab,year-after-year-christmas-still-moves-us,687cc537f6bed04f,ok,,3084,730,0.005387,2026-04-19T04:43:28.245627
retranslate-20260419-v6,f36d11d2-0f75-4191-8b58-24fabb79e82c,il-matrimonio-tra-sogno-e-realta,e6e7f4f2-9f90-44da-b1f2-0e6e0cf135ae,marriage-between-dream-and-reality,67508ed05d8de8f2,ok,,2897,675,0.005018,2026-04-19T04:43:34.524321
retranslate-20260419-v6,f3788d9c-67e7-4430-87ff-eb10e8e41dfb,piccole-cronache-dalla-lunigiana,c4df7a76-0ba0-4e1f-b4f1-db17c35554f2,chronicles-from-the-lunigiana,af4ac44e5a2fdd55,ok,,3312,933,0.006382,2026-04-19T04:43:39.697026
retranslate-20260419-v6,f35377f4-4dfc-41c0-be50-bb7c4fb832a5,soluzione-per-malati-mentali-insieme-si-puo,f01ba883-d5dd-495b-ad85-f68cbfe9b6d2,a-way-forward-for-the-mentally-ill-together-we-can,68e7ae73ed222396,ok,,4278,1543,0.009594,2026-04-19T04:43:29.614826
retranslate-20260419-v6,f3a725a5-a077-4da2-9b9f-bb25d6719915,la-costituzione-dei-poveri-recensione,c5f0f00c-5cee-4675-b07d-7c702073ff46,the-constitution-of-the-poor-book-review,6a40dc4b2768032d,ok,,2359,256,0.002911,2026-04-19T04:43:50.917760
retranslate-20260419-v6,f378f99c-f081-4966-8706-aac6cfc904b0,corso-per-corrispondenza-per-genitori-di-bambini-down,7b6461cd-133b-4fe1-ab8a-5ba10610d49c,a-correspondence-course-for-parents-of-children-with-down-syndrome,c8be7e292d0c4b51,ok,,3205,808,0.005796,2026-04-19T04:43:49.472800
retranslate-20260419-v6,f3ad4786-64c5-424b-8ba2-8720b9492172,alla-scoperta-di-un-ristorante-inclusivo,99601ed5-7fac-400d-a16a-f675e9f149ac,a-restaurant-that-welcomes-everyone-inside-pizzaut,abcee6ab22b56ecd,ok,,3344,912,0.006323,2026-04-19T04:43:53.905354
retranslate-20260419-v6,f3c35c93-37eb-411c-bc94-ca417a446499,tu-ci-hai-chiamati-eccoci,b5d0fa87-4c79-4790-ba72-089fd513689d,you-called-us-here-we-are,5d9d1b0b8681da14,ok,,2728,488,0.004134,2026-04-19T04:44:05.016746
retranslate-20260419-v6,f3c2b86f-c978-446a-9bda-4f0d40afa2e3,la-cascina-di-villa-dalme,f55e0e8c-bc15-499d-9dcf-6660a365aa6c,the-farm-at-villa-dalme,e47fbc4af3390a30,ok,,4206,1483,0.009297,2026-04-19T04:43:56.656181
retranslate-20260419-v6,f3de373b-d307-496f-bb5c-5466402eb5bb,per-me-lo-scoutismo,5913c556-eabd-461b-b204-d0d87e24770d,scouting-for-me,cd4a2302985ba5e9,ok,,2542,358,0.003466,2026-04-19T04:44:15.440135
retranslate-20260419-v6,f3f7353b-ac62-4ae5-a2cd-4efe268d0962,il-profumo-dello-strucolo-de-pomi,99987ee9-d3d5-45e4-8b62-097786d4ceb4,the-perfume-of-apple-strudel,158a123f37619d98,ok,,3365,1051,0.006896,2026-04-19T04:44:20.048737
retranslate-20260419-v6,f3ff1daa-c3c6-481e-acb0-26b0a1ba49a1,una-lettera-per-te,5727d9d0-264c-4e5a-a2b0-730e349874df,a-letter-to-you,5b68f3b367a18272,ok,,2796,543,0.004409,2026-04-19T04:44:31.166750
retranslate-20260419-v6,f3c9e33d-ca1f-49bf-9355-041f4d50070b,jean-e-il-carro-di-genevieve,89263dc8-a23e-41df-b23f-4b5820f2ab87,jean-and-genevieves-caravan,30753c81c1ea441d,ok,,4857,2182,0.012614,2026-04-19T04:44:09.301123
retranslate-20260419-v6,f409c987-3990-4a4a-876d-c443f308c1ac,alzheimer-ma-soprattutto-e-mio-nonno,c435fad0-ba01-4a5c-9144-6b9421036e1b,alzheimer-but-first-hes-my-grandfather,753b1c91d14406b2,ok,,3807,1335,0.008386,2026-04-19T04:44:37.372240
retranslate-20260419-v6,f40fa94d-2f99-45f6-8a9e-e5377a4eaabe,prima-che-sia-tardi,1023a967-28f1-41b6-b7e5-9d7ae679a3b7,before-its-too-late,07772d778ea68c26,ok,,3868,1264,0.00815,2026-04-19T04:44:54.084625
retranslate-20260419-v6,f42d896c-a849-49b7-aaed-110c8324f082,una-profezia,01556dc0-4ddd-413f-95e4-5240b5feb8e4,a-prophecy,d19ebb42c91cbab7,ok,,3489,1003,0.006803,2026-04-19T04:45:09.921806
retranslate-20260419-v6,f40bd9cb-bd06-4885-b7c4-e73dfe03a334,la-madre-di-davide,3db5bae8-8dfe-4eb2-bbbe-6751472a6c83,davids-mother,fba597fc13407e67,ok,,7049,3357,0.019067,2026-04-19T04:44:38.500946
retranslate-20260419-v6,f4597094-70f7-45f6-9273-58443955258f,essere-mamma,53b00ffe-925c-4b0b-9d0c-f0ed001390fe,being-a-mother,8bd2689018a23e78,ok,,2909,631,0.004851,2026-04-19T04:45:20.645754
retranslate-20260419-v6,f496dfad-07b6-4354-9106-22e72b91f981,il-bambino-che-parlava-con-la-luce-recensione,b81a970e-fdfe-4fdb-915e-b2bb5b2f975a,the-child-who-spoke-with-lighta-review,62c9f032f1f00e2a,ok,,2512,363,0.003462,2026-04-19T04:45:26.707781
retranslate-20260419-v6,f48c02d7-4b7c-46a3-8bfd-37cf28eb0582,mimo-momento-preghiera-fede-luce,9791e090-c49c-47e2-bf3f-ba4f3f3dc6ed,mime-as-prayer-encountering-the-gospel-at-faith-and-light,048cd0bde5edf4d4,ok,,3313,839,0.006006,2026-04-19T04:45:26.130282
retranslate-20260419-v6,f4ab5670-9958-4dba-b9f5-df91d693d5bc,tandem-in-trentino,aaed2771-6db6-4a4a-b5b3-e9b768be2693,tandem-in-trentino-f4ab,910363f2959c1676,ok,,2869,701,0.005099,2026-04-19T04:45:36.744612
retranslate-20260419-v6,f4b8420b-675c-4caa-a11f-7bc5189e32f4,mio-figlio-un-angelo-che-ha-scelto-di-vivere-recensione,696bca69-842d-47e2-bc56-44c0a9b77ac6,my-son-an-angel-who-chose-to-live-review,140ce7de517c5989,ok,,2369,264,0.002951,2026-04-19T04:45:42.118423
retranslate-20260419-v6,f49c3a3d-fe3f-417d-9571-06bfff56db7d,il-senso-di-luca-nella-tua-vita,1f71b87d-52a5-4af9-ba90-9e874419703f,what-luca-meant-in-your-life,a1cc487cf655f6d3,ok,,4083,1443,0.009038,2026-04-19T04:45:30.392349
retranslate-20260419-v6,f4b94631-9f06-4835-b3a8-fde9f4214e80,ho-visto-rainman,941f86b3-6151-4e72-bb49-be87af7814f3,i-saw-rain-man,6ca8a02feb156982,ok,,2883,623,0.004798,2026-04-19T04:45:45.200622
retranslate-20260419-v6,f4c1d8bd-d94f-4b8f-9f83-a0069ce5eadc,spesso-pero-mi-regala-il-suo-prezioso-sorriso,dc6e8115-5675-4c82-a700-46047b219b71,but-then-he-gives-me-his-precious-smile,7daf311490bc91d6,ok,,2733,513,0.004238,2026-04-19T04:45:48.121314
retranslate-20260419-v6,f4d2348c-0872-451b-9e6e-b989f9135a36,recensione-oaza,1faa47ee-392c-4ddd-bf60-bbfce0252f1a,oaza-at-the-borderline-between-fiction-and-reality,19e9c91dc8073de3,ok,,2787,491,0.004194,2026-04-19T04:45:53.451974
retranslate-20260419-v6,f4daa8a2-3a82-40de-8e2f-609470de6ba4,fede-e-luce-si-cambia,f223dd88-38e5-459b-88a4-919b891d5af8,fede-e-luce-transforms,00226a3cbc6d8158,ok,,2758,539,0.004362,2026-04-19T04:45:59.152692
retranslate-20260419-v6,f4f8b1ad-fe3a-4ace-86c3-9a40397cdca3,un-crocifisso-silenzioso-immagine-della-rivoluzione-cristiana,daf01e52-9c46-4602-a0b9-4b87edaf208d,the-silent-crucifix-an-image-of-christian-revolution,d04c0e067ea15fa2,ok,,3663,1214,0.007786,2026-04-19T04:46:05.157120
retranslate-20260419-v6,f5016662-15e9-463a-a64e-3d8f4797daa5,scuole-di-rapporti-umani,e891e31f-f64c-4b0b-a8da-ddde2acf2d78,schools-of-human-relationship,579589aff98471d3,ok,,3936,1251,0.008153,2026-04-19T04:46:18.711559
retranslate-20260419-v6,f5037d74-07e1-40bd-ac54-f79846462870,riuniti-in-preghiera,c0569dd6-affc-406c-a1fd-fe41e7d8f5ea,united-in-prayer,66e63a3fd1f32257,ok,,4227,1509,0.009418,2026-04-19T04:46:32.140691
retranslate-20260419-v6,f50be194-7e34-4e89-8577-438757a32130,avanti-veloce-viaggio-nelladhd-recensione,8ed3004f-e202-4503-945b-61fa7164c33a,fast-forward-a-journey-into-adhd-podcast-review,924a54361fdb5047,ok,,2491,344,0.003369,2026-04-19T04:46:51.916381
retranslate-20260419-v6,f51b3053-78f3-4a88-9898-6d03d3146030,giochi-per-lestate-recensione-libro,c7a3973f-69d2-4944-8389-8c93b6bea972,summer-games-a-book-review,f8b993dc9944527b,ok,,2405,264,0.00298,2026-04-19T04:46:55.599265
retranslate-20260419-v6,f52794bb-a6f3-4a06-a48f-f142672b86d5,posso-insegnargli-qualcosa,6901a580-891c-41be-9eba-569abc37706a,how-to-teach-your-child,b136b073fb9096bd,ok,,4174,1431,0.009063,2026-04-19T04:46:58.718130
retranslate-20260419-v6,f532c14f-d1cc-4110-9a7d-a7b7391344c6,decido-io-di-mangiare-in-alto-a-sinistra,ba683659-1cc4-48c1-abb8-39a417ef46cc,i-decide-to-chew-on-the-upper-left,4514787e60ea47bf,ok,,2748,528,0.00431,2026-04-19T04:47:14.156783
retranslate-20260419-v6,f549a5a5-8f5e-434c-a42e-2b0f3f13a89b,recensione-khorshid,b9b0c86a-c7fe-4a83-8b2f-3e4aa21931ce,sun-children-four-boys-in-tehran,927321db9a01ed28,ok,,2654,403,0.003735,2026-04-19T04:47:19.059068
retranslate-20260419-v6,f58a63bb-08ff-4f43-a551-1909579c0498,la-scelta-di-geel,4fdba863-fa91-411b-bb1b-1d85d8bffc3a,geels-choice,1e080f156c3b831a,ok,,4149,1364,0.008775,2026-04-19T04:47:24.473517
retranslate-20260419-v6,f5e0ffff-de07-4e97-a30f-616a3cbd724f,samusa-di-virginia-raffaele,aaf6d35a-a385-45c7-9487-fe1699ef2e9f,davide-at-virginia-raffaeles-samusa,f209930bcf167696,ok,,2365,325,0.003192,2026-04-19T04:47:40.893988
retranslate-20260419-v6,f5e52332-5494-4954-9c20-7fc25bb79874,viola-e-il-bullismo,92a46060-fde6-4bde-8a1c-fbbb35f2b09b,viola-and-bullying,aa4b0a5a8282df1d,ok,,3128,808,0.005734,2026-04-19T04:47:43.395278
retranslate-20260419-v6,f5e5ada1-2bc0-40c5-a064-046bcc333e46,florent-nella-scuola-italiana,75450b18-102f-4943-99b4-362493da516f,florent-in-italian-school,884530e437dae39f,ok,,4781,1906,0.011449,2026-04-19T04:47:52.060315
retranslate-20260419-v6,f5f6602e-6aa4-4599-ac3d-9e9f8974e46b,una-mamma-chiede-sguardo-come,a81a1e65-a221-4928-8547-5ad213194117,a-mother-asks-how-do-i-explain,217b1cbf75959060,ok,,3101,794,0.005657,2026-04-19T04:48:17.434046
retranslate-20260419-v6,f5f81c4f-5690-4b26-9bea-bc308b2564b0,dialogo-aperto-n-61,2e8566d3-5d52-4cbb-8255-a8bbefe3a50f,open-dialogue-no-61,a8ce9be822ea7f2c,ok,,2698,504,0.004174,2026-04-19T04:48:25.078911
retranslate-20260419-v6,f6040d81-a08e-4f39-a7d9-ed5c4344c0cc,tavola-rotonda,c5e064d3-3336-40b6-ae82-15028918efca,round-table,f3f5be201fa86d2c,ok,,4321,1594,0.009833,2026-04-19T04:48:29.856515
retranslate-20260419-v6,f6185a1e-8275-4713-8099-1833311d59c3,il-regalo-di-giovanni-paolo-ii,e4a6c436-bbe6-4d0d-a73a-ceecbc71136d,john-paul-iis-gift,78aa8aed6c4a4ebf,ok,,2571,433,0.003789,2026-04-19T04:48:49.140212
retranslate-20260419-v6,f63988e7-3a8d-4ffc-bae3-21f1ff1b9057,roberto-chi-sei,6615bec0-3b4c-4882-b5f6-35b2c419890a,roberto-who-are-you,b068fba6dedf5fb7,ok,,2798,541,0.004402,2026-04-19T04:48:52.818136
retranslate-20260419-v6,f64fdec4-93d8-443b-90b1-5458aa36e9e9,la-forestiere-vita-comunitaria-con-i-piu-gravi-allarche,4e21d02f-18aa-466a-b5d2-5701b51f933e,the-forestiere-living-in-community-with-the-most-profoundly-disabled,a326e89e284e5b5d,ok,,3449,1050,0.006959,2026-04-19T04:48:59.012267
retranslate-20260419-v6,f6583b13-f50b-4b88-9fd8-6279ef85a53d,quando-mangiare-e-un-problema-intervista-con-marie-odile-rethore,b845959c-f997-445d-b1e8-3d8ef90bf9ed,when-eating-becomes-a-struggle,763f2ba637ab8a87,ok,,4615,1686,0.010436,2026-04-19T04:49:11.360597
retranslate-20260419-v6,f65f0561-ca38-45fb-a1f1-94f805a06a7b,guidati-da-gio,37d4eb80-4a8d-47fe-bc2f-5beabcdbdfd3,following-gios-lead,8763de255ec884ba,ok,,3087,727,0.005378,2026-04-19T04:49:33.505652
retranslate-20260419-v6,f6745b34-f47a-46c8-b90e-e4df1e8d905a,sabato-1-febbraio-1975,ef8911fb-7abb-46ef-aee2-0cd58eec058d,saturday-february-1-1975,d15eee7540b10375,ok,,2751,552,0.004409,2026-04-19T04:49:41.621719
retranslate-20260419-v6,f4c21227-147d-4456-9c16-d0140dc166c9,sono-responsabile-di-mio-fratello-disabile,b256a477-2350-4bd1-8c21-4761a705b07e,am-i-responsible-for-my-disabled-sibling,2a02b60f230e38c4,ok,,13249,7716,0.041463,2026-04-19T04:45:51.840298
retranslate-20260419-v6,f681d1e5-dc48-4b5a-a5cc-c5d4a9b03020,ndangwini-casa-dove-esiste-una-famiglia,1fc0fc43-3e31-4959-b130-3550b439599b,ndangwini-a-home-where-family-exists,aa73359b36bce62b,ok,,4283,1529,0.009542,2026-04-19T04:49:45.696761
retranslate-20260419-v6,f6877d1c-cdd8-4a14-920a-bd61fd86fffc,limpossibile-diventa-possibile-recensione,550a73b4-fb5c-482d-a115-21f7f498e30b,the-impossible-becomes-possible-review,8eb19f695b69b780,ok,,4860,2077,0.012196,2026-04-19T04:49:47.108328
retranslate-20260419-v6,f690f590-ede4-4330-bbfe-61910f1f68a2,vita-fede-e-luce-n-48,d84cc51f-b42c-40b9-bc94-10fd1cf69328,faith-and-light-issue-48,86e309cf3daa2f18,ok,,3558,1056,0.00707,2026-04-19T04:50:05.915046
retranslate-20260419-v6,f6928b74-7e5f-4a67-9e6c-a0fb5703329a,fede-e-luce-dalle-provincie,7219a9a2-dede-46d1-af14-209d6fef397d,faith-and-light-voices-from-the-provinces,5dce49b15bbfaed5,ok,,3314,958,0.006483,2026-04-19T04:50:13.741590
retranslate-20260419-v6,f696b4d8-f213-4920-8b9e-b6716580c0a8,la-nostra-famiglia-e-lhandicap,2f07b262-a22f-4742-b568-b9586c0c1cf1,our-family-and-disability,19676d9d85471fcb,ok,,3445,951,0.00656,2026-04-19T04:50:18.574727
retranslate-20260419-v6,f6b40e5e-5dd7-43b1-9c2e-6a9582850ea5,i-nostri-grandi-amici-charles-del-focauld-un-amico-di-gesu-nel-deserto,64e3f079-a0e8-450d-a3e8-7e9ffb8f3f01,charles-de-foucauld-jesus-friend-in-the-desert,e51069ce4e08d811,ok,,3670,1244,0.007912,2026-04-19T04:50:22.810761
retranslate-20260419-v6,f6b91e3d-7c3c-4f8b-8203-9ea9de302ea0,il-cielo,cfe2f5ea-75ad-4c0c-b534-fd11ac76d4f7,heaven,476e047748d978d9,ok,,3143,809,0.00575,2026-04-19T04:50:30.430842
retranslate-20260419-v6,f6c1f930-7dbb-47ad-acaf-8fdca9e18701,storia-dellaborto-recensione,aa560827-4c64-4905-866c-86e19fa463b2,a-history-of-abortion-book-review,05d6f6894dcdee43,ok,,2724,539,0.004335,2026-04-19T04:50:35.308255
retranslate-20260419-v6,f6d3b5ae-938f-4209-af08-f61031f7b623,clara-va-al-mare-recensione,d842c705-0676-4aed-b6eb-67269f5525c7,clara-goes-to-the-sea-a-review,0308134061f67715,ok,,2762,546,0.004394,2026-04-19T04:50:41.191762
retranslate-20260419-v6,f6ce9949-bc25-40cf-93ce-6b1b76a9a570,in-casa-nostra-la-cucina-e-chiusa-a-chiave,43fcc267-6336-43e9-a136-aa13da203b73,the-kitchen-door-is-always-locked,ddd31dc09fdfdc6e,ok,,4831,2031,0.011989,2026-04-19T04:50:37.860243
retranslate-20260419-v6,f721c32b-5d56-419f-9d36-2750ee29ebe3,dialogo-aperto-n-98,e95095f3-0558-4df5-be20-dc123b29276b,open-dialogue-no-98,4286e7aea8dadbd1,ok,,4943,2006,0.011978,2026-04-19T04:50:46.367543
retranslate-20260419-v6,f7b10dd9-d8a2-4c8e-8ba7-ab68e49fa55f,la-poesia-del-firmamento,2220f01b-d4d2-43c9-9ab5-8dd330eab1c0,the-poetry-of-the-stars,26ef27c7e1f3b1b7,ok,,2208,161,0.00241,2026-04-19T04:51:17.890354
retranslate-20260419-v6,f7db8010-a37c-464e-a59f-dada9caff141,vagabonde-sui-treni-damerica,f9ba43c3-d856-4f22-a87a-9527d9693ba4,riding-the-rails-women-hobos-in-america,b864ccba03cabeca,ok,,2697,507,0.004186,2026-04-19T04:51:19.677256
retranslate-20260419-v6,f7f2f21d-bad2-4329-ba8d-5a651432c57e,ennio-lalieno-recensione,707cb9f1-3fce-4203-8d8b-d832921e7b89,ennio-the-alien-a-review,21c521d649b49a16,ok,,2504,385,0.003543,2026-04-19T04:51:24.946969
retranslate-20260419-v6,f76cd21d-1b32-49b3-8aff-af2b2a28083e,il-lavoro-di-gianni,0210ac82-38b7-4bca-9b7c-d630a6942bfb,giannis-work,7e8c8c0ff0257534,ok,,4341,1818,0.010745,2026-04-19T04:51:07.802206
retranslate-20260419-v6,f80b52a9-e576-442b-9b31-16a5841bf724,eliminarli-dalla-nostra-vista,e284c186-c4e0-4a98-a52e-9b6e6776d406,erasing-them-from-sight,edca7b1f90101e49,ok,,3345,891,0.00624,2026-04-19T04:51:30.639006
retranslate-20260419-v6,f80331e0-e23a-4c2a-a0b6-5da321fe7ef4,far-vivere-il-luogo-e-le-persone-di-cui-si-e-custodi,4c4292ba-0cd8-429a-92dd-5654fda6680a,tending-the-land-and-the-people-left-in-your-care,d5beb21dbf6d752e,ok,,4037,1446,0.009014,2026-04-19T04:51:28.668423
retranslate-20260419-v6,f8473600-3b2f-467e-8c38-24c9ca478865,notiziario-fede-e-luce-n-21,11f6f707-c218-44c7-b634-42216110295c,faith-and-light-newsletter-no-21,9eacf8fe845714f6,ok,,3573,1176,0.007562,2026-04-19T04:51:40.555344
retranslate-20260419-v6,f84d5a1d-1baa-439d-956a-ae6eb28ab24a,tempo-di-regali,34e659db-d4e6-4bbb-b948-d1a27aa31b64,the-gift-giving-season,05e2961293776353,ok,,2916,648,0.004925,2026-04-19T04:51:47.893061
retranslate-20260419-v6,f8915d4c-3cd0-4a75-8c0c-2c10acfc9c8d,cinema-e-disabilita-i-3-film-di-edoardo-zaccagnini,f186d0de-0ed6-4f5d-828d-05257937c625,cinema-and-disability-three-films-by-edoardo-zaccagnini,63d63da01a34858a,ok,,2167,103,0.002146,2026-04-19T04:51:55.162862
retranslate-20260419-v6,f87db6fe-7d0b-4d7c-bff6-4d517fb07e72,dai-ragazzi-del-muretto-a-quelli-dellaperitivo,b6f607cb-3123-480b-86be-a2703861f8f4,from-the-street-corner-to-the-aperitivo,aa6f613452179671,ok,,3171,858,0.005969,2026-04-19T04:51:51.621737
retranslate-20260419-v6,f89ef4fa-dbd8-4309-ad18-7dbd8575ddf7,mio-figlio-luciano,f43848f7-54bd-4700-a673-7e4707203033,my-son-luciano,004081498c3ea62d,ok,,2805,559,0.00448,2026-04-19T04:51:56.866097
retranslate-20260419-v6,f8cf8779-5848-4ed2-ab8e-6b145c82bf93,da-bologna-a-roma-in-tandem,6814c4d6-3330-4921-adf1-ff1fd325faf2,bologna-to-rome-by-tandem,615aaf7b7b67a0b8,ok,,3120,826,0.0058,2026-04-19T04:52:02.404037
retranslate-20260419-v6,f8ab4dba-5b7e-4abd-ac4f-a0241d4afde2,celebriamo-la-pasqua-1981-nella-comunita-fede-e-luce,0f837272-c290-474d-a086-632786b46f03,easter-1981-faith-and-light-gathers-at-lourdes,1cf5cd00823aa794,ok,,3325,910,0.0063,2026-04-19T04:52:01.458576
retranslate-20260419-v6,f8d315dc-cd82-4fd0-a8d2-d5c89b12804d,come-annunciare-un-bambino-down,70b9e4f2-0dc1-4bd9-bb25-e79d41ac3fd4,breaking-the-news-how-to-tell-parents-their-child-has-down-syndrome,d6951460e57fd7c0,ok,,2667,517,0.004202,2026-04-19T04:52:08.909153
retranslate-20260419-v6,f8fc7798-e407-4c17-9e6c-c763a3a11d96,ad-ogni-marzo-che-passa,6fffcdab-0642-417b-82aa-18e325555bd7,every-march-that-passes,7cc1bc009a5ae825,ok,,2993,656,0.005018,2026-04-19T04:52:14.380798
retranslate-20260419-v6,f922f22b-88ed-4f50-a662-5b81364072a3,ombre-luci-n-13-1986-sfogliabile,d495d43c-2eaa-45a8-a018-77dffc8e3c0f,shadows-and-light-issue-13-1986,fec8581f2233f1c4,ok,,2083,41,0.00183,2026-04-19T04:52:20.790273
retranslate-20260419-v6,f8f0aa92-9d3a-40af-bf9f-2e5cd3d77387,cosa-rende-qualcuno-straordinario-intervista-a-nick-vujicic,fdeb8f1e-7886-44f0-9417-4c85a8bd0dba,what-makes-someone-extraordinary-an-interview-with-nick-vujicic,198053c5fc6885ae,ok,,4550,1747,0.010628,2026-04-19T04:52:09.942665
retranslate-20260419-v6,f9263d96-c8c4-4b53-a8bc-f2a30ac076b7,come-ascoltare-veramente,aad9d03e-8e90-4ae5-9352-41ae2b483b8c,true-listening,e3fe74b5dde0f4c4,ok,,3485,992,0.006756,2026-04-19T04:52:22.149113
retranslate-20260419-v6,f95c3e2c-d241-4162-91df-b620cb076ef3,non-ci-sono-parole,30d95d7e-63b2-4c91-9d0e-2c3727fd68ab,there-are-no-words,755fd412751cc326,ok,,2493,347,0.003382,2026-04-19T04:52:33.570737
retranslate-20260419-v6,f99f59a8-1dbe-4c7e-b37e-bb4caa3517f7,libri-per-conoscere-lautismo,43451277-7fc7-4635-a7b1-c604b6b301c1,books-on-autism-a-reading-list,55b7bc9e13224380,ok,,3665,1520,0.009012,2026-04-19T04:52:37.785185
retranslate-20260419-v6,f9bd39b5-106a-48de-a4eb-10669b1d5ad5,molto-lavoro-da-fare,893f49e3-1a21-4b80-9de6-fed1fce17064,so-much-work-to-do,fa07d0b7010a8177,ok,,3474,1066,0.007043,2026-04-19T04:52:48.736481
retranslate-20260419-v6,f9d6b095-061f-4262-bb1b-5c6a3ae6ebe6,i-bambini-alla-scoperta-di-roma-antica,6739e062-d1e7-4167-a451-3a69108da3cd,children-discover-ancient-rome,42d23dd40fd8f7d2,ok,,2490,338,0.003344,2026-04-19T04:53:00.154325
retranslate-20260419-v6,f9dcfd36-95d3-4048-bf0f-5eeda4a9788f,in-viaggio-verso-lourdes,c03dbaae-258f-40ee-971e-3d98ae3b742b,journey-to-lourdes,5f22add2de3c55a1,ok,,2285,199,0.002624,2026-04-19T04:53:04.558937
retranslate-20260419-v6,f9f84eb2-cc4e-4009-9637-c581cf004215,larma-vincente-nella-mia-vita,c82db502-234b-4ae8-ab9a-8339b529ac9e,the-weapon-that-won-me-over,4ab8b0b3f8199b14,ok,,3093,765,0.005534,2026-04-19T04:53:06.865961
retranslate-20260419-v6,f9fc4b0b-dc03-4f18-ad22-327ef79f4957,difficile-senza-musica-recensione,519d1749-25dc-4e2f-9a6f-94ea81e48930,hard-without-music-review,28ae520a486e011c,ok,,2473,309,0.003214,2026-04-19T04:53:15.678785
retranslate-20260419-v6,f92d75aa-977f-46e9-8fa9-c401f2b13d7b,parlami-di-lui-limportanza-del-raccontare-gli-altri-e-del-raccontarsi-agli-altri,9836fed6-d0da-4aa1-bd48-24904cb710f1,tell-me-about-him-why-we-need-to-share-stories-about-othersand-ourselves,6a490dbcc36a90f5,ok,,7418,3673,0.020626,2026-04-19T04:52:30.541434
retranslate-20260419-v6,f9ff7767-5e87-4355-a17a-86e66d809cfc,il-crimine-di-eva,473402d7-3fe7-45a4-9e7f-b3ae437e76f1,evas-crime,96d280fd0e5e94d6,ok,,4890,2052,0.01212,2026-04-19T04:53:19.167451
retranslate-20260419-v6,fa036156-1044-4db0-8eca-6d688cc7278c,produzioni-fuori-dal-comune,7254ccef-56fc-474e-84e9-bc39a99d0f83,uncommon-productions,9be1556e41913553,ok,,4176,1524,0.009437,2026-04-19T04:53:26.213693
retranslate-20260419-v6,fa0c883a-4ebd-4519-b8a3-39c9fc903a28,cantare-giocare-comunicare,bdddb716-46bb-4269-a0c4-b2bff2cfe419,singing-is-playing-playing-is-connection,1f9cf2a9bf488985,ok,,5011,2166,0.012673,2026-04-19T04:53:47.738899
retranslate-20260419-v6,fa1cbe06-707e-4f90-b613-e2a84d1c59e2,il-cuore-e-una-selva-recensione,6dd6187a-e432-44d9-a369-ad5cf1f8163b,the-outsider-and-the-girl,d2b8f8925320affb,ok,,2945,826,0.00566,2026-04-19T04:53:48.162472
retranslate-20260419-v6,fa5acc0d-e807-4f26-b5c9-94e9799e4cc4,la-caduta-i-ricordi-di-un-padre-in-424-passi-recensione,65adc212-0968-4aba-903c-51f26cd79d38,the-fall-a-fathers-memories-in-424-stepsa-review,699332bf66de06ba,ok,,2580,410,0.003704,2026-04-19T04:54:27.147458
retranslate-20260419-v6,fa3bb853-b6bc-4f83-bc4c-68c0547b316a,affrontare-la-perdita,5027718d-79c1-49ce-a9c1-6d6f4f32119a,when-death-comes-the-churchs-obligation-to-include-the-disabled,5f0aedaee476d1d7,ok,,3745,1131,0.00752,2026-04-19T04:54:17.625685
retranslate-20260419-v6,fa9ce429-a9b2-491c-aa3b-725ec5e31d89,amicizie,8e94790e-4a5b-406f-bb8f-70bb419905f6,friendships,7a6fceda8b582a69,ok,,2772,594,0.004594,2026-04-19T04:54:31.148414
retranslate-20260419-v6,faa86e44-72c5-48e0-a435-a737c7740dd0,giochi-senza-barriere-i-supereroi-conquistano-lo-stadio-dei-marmi-a-roma,a928b04f-cefe-48ba-8146-e995d1b29e05,games-without-barriers-superheroes-take-over-the-marble-stadium-in-rome,3156d43283ee8a7e,ok,,3364,999,0.006687,2026-04-19T04:54:37.374647
retranslate-20260419-v6,fac2bdd5-5a76-41f8-9234-7609d4a2283f,per-la-prima-volta-lontano-da-me,c189fec1-7149-4c78-9c8a-81ab633b6cfe,when-my-child-left-home-for-the-first-time,efff4d6796a518b4,ok,,3255,877,0.006112,2026-04-19T04:54:45.353520
retranslate-20260419-v6,fa818504-ad14-432b-8575-73e4cbb7f942,dialogo-aperto-n-125,9ead465e-c2e3-4381-9434-5f1237429d18,open-dialogue-no-125,737a134545d32e96,ok,,4726,2037,0.011929,2026-04-19T04:54:31.048281
retranslate-20260419-v6,facb0262-f02a-409d-9c7e-c6124bc06da5,pino-e-conny-sposi,4cbdb7dc-7c51-47fe-8b16-bfa321bc60de,pino-and-conny-say-i-do,bdc808531ebbafbe,ok,,3332,1017,0.006734,2026-04-19T04:54:55.898950
retranslate-20260419-v6,fad4fa17-256a-4dca-a1f5-cf3edc4dbc39,brancolando-nella-solitudine,00354e8a-eb98-47a7-9c6d-3f80bf2b3e1d,groping-through-the-dark,7d68712126a3e124,ok,,2698,476,0.004062,2026-04-19T04:55:02.397634
retranslate-20260419-v6,fad56a56-3665-4e7f-9fdd-0703c068942e,congresso-mondiale-dei-movimenti-ecclesiastici-1998,ead5ee41-898c-42d5-8a6d-48f88b38384e,the-1998-world-congress-of-ecclesial-movements,b6073852dfe7f6de,ok,,2662,510,0.00417,2026-04-19T04:55:06.663990
retranslate-20260419-v6,fadf682f-24bd-4a23-a561-51bccec489d1,oggi-la-famiglia,4ae31f54-5a3f-4903-82fc-7703987d529f,the-family-todaywhat-are-we-missing,8f3d21ad37ecdac0,ok,,3494,994,0.006771,2026-04-19T04:55:08.160099
retranslate-20260419-v6,faee2c67-d074-43ce-b11e-f996e2346662,mi-sentii-tradita,25985576-9fde-4e74-813a-ba95215eb632,betrayed,fbc8794b55a11986,ok,,3475,1019,0.006856,2026-04-19T04:55:19.316087
retranslate-20260419-v6,fae1d074-fe55-4889-99a8-289a511232ff,rain-man-la-recensione,f105bfbf-03c4-4a82-b975-33064bd9bb50,rain-man,baf273b92b6246b2,ok,,4088,1553,0.009482,2026-04-19T04:55:11.537644
retranslate-20260419-v6,faf04100-c97b-4a3c-8eb3-793d80431028,il-cantico-delle-creature,a33d3dbd-4cb8-47e1-9368-29b2eb8f13e0,the-canticle-of-the-creatures,ceb495106af726fd,ok,,2823,605,0.004678,2026-04-19T04:55:31.337384
retranslate-20260419-v6,fb008577-d937-4661-9fa4-f07111485717,biografilm-festival-2020,6896b0b0-53d9-4f37-87df-7d7b012eda33,biografilm-festival-bolognas-festival-of-lives,9b4ad515089c7cf7,ok,,2810,540,0.004408,2026-04-19T04:55:36.970700
retranslate-20260419-v6,faf823f5-b359-4c20-92ed-07accd1d6500,con-loro-ci-sto-bene,3bc01efc-6783-49eb-bd7e-4014131c5367,im-at-home-with-them,43e66af1a1c25391,ok,,2581,473,0.003957,2026-04-19T04:55:31.406271
retranslate-20260419-v6,fb01fafb-cb06-4bae-9225-e8e7e0430fc6,scuola-ricamo-imparare-divertendoci,ab4b79d9-1003-491b-bb96-36e814a3e94d,embroidery-class-learning-together-having-fun,9448ace77cda9254,ok,,3709,1113,0.007419,2026-04-19T04:55:42.262581
retranslate-20260419-v6,fb263657-2579-41b6-9102-d19329f2e21c,qualche-idea-per-una-vacanza-senza-partire,04541828-91c2-4ac8-bdb1-46a2e3925d78,a-vacation-without-leaving-town,b762547df51fa348,ok,,3705,1142,0.007532,2026-04-19T04:55:55.887679
retranslate-20260419-v6,fb0a7578-c0ee-4217-9f89-dceed4bb7264,imparando-a-vivere-bene-con-jimmy,f54c9d4c-26e3-41d7-9fb9-5d7f0672a4ed,learning-to-live-well-with-jimmy-part-one,0d7cba287248cc9f,ok,,5061,1894,0.011625,2026-04-19T04:55:47.439087
retranslate-20260419-v6,fb4c2a48-fbce-461c-8290-b7583e7c607d,quattro-pagine-in-voce-recensione,17f1575d-1f4e-4e06-a479-78aef86e31ab,four-pages-in-voice-a-listeners-guide,e2150a796cedc2c2,ok,,2649,483,0.004051,2026-04-19T04:56:16.249786
retranslate-20260419-v6,fb66a44e-3f01-4f83-84c1-198ce6b4f2d5,polonia-sesto-convegno-nazionale-dei-catechisti-speciali,7abd0f85-9317-4a32-a8ef-da288a7b3f51,polands-sixth-national-conference-for-special-catechists,b33b3abc41ea873b,ok,,2552,362,0.00349,2026-04-19T04:56:21.321189
retranslate-20260419-v6,fb3c74ea-a2a6-43d2-b512-6cd22829c6c7,non-vedo-le-meraviglie-dio-le-canto,22a2745c-ab4c-49d8-91b7-ac25c7260d7f,i-cannot-see-gods-wonders-but-i-sing-them,efd5a3fc0ce68b56,ok,,4170,1517,0.009404,2026-04-19T04:56:09.413447
retranslate-20260419-v6,fb8d1acb-624f-4dca-a43a-de0c61118c41,inno-alla-vita-recensione-libro,121e9e54-cd46-4fd0-8142-82eaf9ee7595,a-hymn-to-life-book-review,7e0e70628be6e936,ok,,2570,420,0.003736,2026-04-19T04:56:27.405843
retranslate-20260419-v6,fba37699-9761-4de9-91f4-169b3bff831c,mi-trovo-bene-con-tutti,035b161a-e6e2-4c81-b7b4-59c8b0bc0374,i-get-along-with-everyone,44929953ef2e49d6,ok,,2677,506,0.004166,2026-04-19T04:56:31.080504
retranslate-20260419-v6,fb7923ad-4ee5-4b27-9e11-bda4a019d916,questo-bambino-lo-amo,73498730-ebbf-4fc5-8647-124c787024d1,i-love-this-child,39b19526194ea40b,ok,,4125,1545,0.00948,2026-04-19T04:56:24.907826
retranslate-20260419-v6,fbc036ac-a340-4a5a-a523-260db410e2aa,pellegrinaggio-a-loreto-18-20-maggio-1979-testimonianze-partecipanti,1beb9008-b312-41bc-aebd-9462831d8107,a-pilgrimage-to-loreto-1979-voices-from-those-who-were-there,d01013cb4caaf4af,ok,,3277,983,0.006554,2026-04-19T04:56:36.230861
retranslate-20260419-v6,fbd45d96-2c97-4cb2-a104-7aef2f6944fe,noi-papa-di-figli-disabili-un-modo-diverso-di-amare,5d0df4bb-8fe8-47c0-a7fd-8ca822a6d317,we-are-fathers-of-disabled-children-a-different-way-of-loving,ed938565222621ef,ok,,2954,605,0.004783,2026-04-19T04:56:46.783227
retranslate-20260419-v6,fbc87217-85f4-4db1-95fc-cf34dd90a193,castelporziano-in-festa,6d5bd093-d9ba-4683-b779-566caa3db179,a-celebration-at-castelporziano,398cb50a1b9ba84d,ok,,3996,1511,0.009241,2026-04-19T04:56:41.911706
retranslate-20260419-v6,fc0b8ff8-8b5c-467b-8cc0-99919c61b7e3,mi-ha-insegnato-ad-amare,09dda440-6095-4965-b294-c9d685970729,she-taught-me-to-love,73298de15657c54a,ok,,2618,395,0.003674,2026-04-19T04:57:00.109651
retranslate-20260419-v6,fbed64b0-0044-4dee-966e-f92e75c484f1,cervelli-ribelli-connettiamoci-neurodiversita,e126afb2-c0b9-4ce0-9ccd-dbae87e36abb,rebel-brains-connecting-to-neurodiversity,23477feb81f57933,ok,,3920,1301,0.00834,2026-04-19T04:56:53.408081
retranslate-20260419-v6,fc70bdd8-0f42-4ea4-90d1-f43e26f2abbb,papa-dove-sei,5acaf06f-531e-47de-ae5e-8b57a241f9f5,dad-where-are-you,f7201f06dbf20798,ok,,3218,909,0.00621,2026-04-19T04:57:10.630913
retranslate-20260419-v6,fc6190a8-8845-4ae0-b1f9-47a7e82eebb9,mio-figlio-mi-esaspera,eced1624-6980-4772-9246-730694413c1a,my-son-drives-me-to-desperation,f192d0069a62cf43,ok,,3990,1408,0.008824,2026-04-19T04:57:04.040325
retranslate-20260419-v6,fc825cf9-050f-4a35-8c67-4b55c94e4216,uno-dei-tanti,5515437d-1b91-4ad5-a196-34ba08c87e77,one-of-many,6b93c2cf076be02f,ok,,3110,697,0.005276,2026-04-19T04:57:19.670130
retranslate-20260419-v6,fc97805c-9d92-4d04-8345-862724c3500b,un-tempo-per-parlare-e-un-tempo-per-tacere,56dcd818-1c7d-4545-a713-7cfe93c0dc7d,a-time-to-speak-and-a-time-to-be-silent,c220f1f13f075b2d,ok,,4187,1574,0.009646,2026-04-19T04:57:21.887479
retranslate-20260419-v6,fccd32ab-8bf6-438d-ac96-73c2dbcc5dc5,la-disabilita-non-e-un-limite-se-mi-ami-costringimi-a-cambiare-recensione,3aba90e5-78bf-498e-8d2d-d6e2f2cd0514,disability-is-not-a-limitif-you-love-me-push-me-to-change,cc67de645065acd5,ok,,3547,975,0.006738,2026-04-19T04:57:41.627165
retranslate-20260419-v6,fc97d36c-860c-49a1-aeae-b06aefa39d55,catalogo-ragionato-di-film-dedicati-al-tema-della-disabilita,212d78eb-7e8a-4e94-bda1-6eeba1c19442,a-thoughtful-guide-to-films-about-disability,243c4beb71a7efea,ok,,6545,3604,0.019652,2026-04-19T04:57:28.203930
retranslate-20260419-v6,fce16f1e-f012-4c3d-9753-e3de1e347ba8,jean-vanier-premio-paolo-iv,5bed552c-8243-401e-921b-12c257a47b38,jean-vanier-receives-the-paolo-vi-prize,8ff28a7f001e4d99,ok,,5751,2514,0.014657,2026-04-19T04:57:53.419067
retranslate-20260419-v6,fd0692be-b7b3-4dcd-bb01-c91d8e738b1c,per-portare-frutto-incontro-dei-delegati-di-fede-e-luce-di-tutto-il-mondo-2002,7ef99b66-72c0-4305-aac7-d1c3ca46dabc,bearing-fruit-faith-and-light-delegates-gather-from-around-the-world-2002,2b24cabe181b0851,ok,,4162,1532,0.009458,2026-04-19T04:58:12.703381
retranslate-20260419-v6,fd3603e9-a9ac-49c3-ac41-a90cc2e1635f,molto-volentieri-pero-ogni-tanto,4389b44b-2c1b-4c49-b4e1-5ef52bf8c4f9,i-like-it-but-only-sometimes,893bc8e31ef23562,ok,,2956,719,0.005241,2026-04-19T04:58:30.718658
retranslate-20260419-v6,fd0e498f-8fba-4217-8481-0b9cede063d6,scoprirsi-unici-e-crescere-insieme,e3b1ee5d-c855-432e-9bab-46fe3f67cacc,finding-ourselves-unique-growing-together,9b2975118389ebdf,ok,,4322,1523,0.00955,2026-04-19T04:58:28.847839
retranslate-20260419-v6,fd53ed1e-e800-4b6c-810e-01e40810c621,pianeti-diversi,6a0b1a24-3bf2-489c-b42f-e4f55979b34b,worlds-apart,aa12e5b45e59c04d,ok,,3810,1213,0.0079,2026-04-19T04:58:36.273348
retranslate-20260419-v6,fd703a1d-ee2d-4869-8859-257ae98f6f72,scout-e-disabilita-un-buon-modo-per-crescere,8a5b6ed1-03d5-4d75-8542-ebcf1e6ef7bd,scouting-and-disability-a-path-to-growth,ef3d1ddd5cb428c5,ok,,2695,482,0.004084,2026-04-19T04:58:48.953820
retranslate-20260419-v6,fd76c13e-e3dc-4e34-bcf8-545e32c39244,incapace-di-reinventarsi,5414bcde-8877-4f78-8032-42b1225e711c,unable-to-reinvent-himself,051b56b4e8b4d1dd,ok,,2805,550,0.004444,2026-04-19T04:58:55.091477
retranslate-20260419-v6,fd7d4689-dd02-492f-bc09-000db144f759,tornando-a-casa,5f64a498-0236-4807-a0a9-cadcab8355f5,coming-home,1ab8ef66a3024d6b,ok,,2493,351,0.003398,2026-04-19T04:59:00.746944
retranslate-20260419-v6,fd74a522-a3dd-461f-b657-5ae473d43c23,newsletter-15,8cbf567e-abfc-4d3f-af9c-89f9b1707e37,when-pictures-speak-louder-than-words-newsletter-no-15,96fff7f2dbb1f4db,ok,,3586,1254,0.007885,2026-04-19T04:58:52.750440
retranslate-20260419-v6,fd8cd4ea-1bd6-44b2-9841-292dce8186d3,e-t-alla-bicoca,75eb0ed0-d174-41b6-bac8-0d7d6e7659be,et-at-the-bicoca,7c9fdb008f0dbda0,ok,,2682,499,0.004142,2026-04-19T04:59:05.296483
retranslate-20260419-v6,fd834213-8c1d-430d-86f8-b8f5839ae902,la-sindrome-di-prader-willi,48b05975-8bbc-492f-91f1-298f432e32fc,prader-willi-syndrome,f3033d92bb759054,ok,,2972,643,0.00495,2026-04-19T04:59:04.147138
retranslate-20260419-v6,fdca5924-0cb8-4dd4-ab48-fa7b76be890f,per-un-natale-con-qualche-cosa-in-piu,f9ad3e01-3f1d-4938-9271-8bbbeaccf91c,a-christmas-with-something-more,f3f2763bde7d142c,ok,,3353,1074,0.006978,2026-04-19T04:59:10.441185
retranslate-20260419-v6,fdce94d1-a0c1-42ab-bd57-a278641229ce,quando-porto-i-miei-figli-a-fede-e-luce-resto-incantata,43b094d3-abbf-4dde-9040-f022992437e1,what-enchants-me-when-i-bring-my-children-to-fede-e-luce,ce40e293a53212bf,ok,,2440,340,0.003312,2026-04-19T04:59:21.663416
retranslate-20260419-v6,fd993856-2439-4b12-93bd-8b409fb71e01,ritrovarsi-genitore-di-un-bambino-handicappato,e7366a04-15cf-4a00-af0c-648e4f17e8df,when-parents-learn-their-child-is-handicapped,2e370a1a67371557,ok,,3554,1033,0.006975,2026-04-19T04:59:10.253179
retranslate-20260419-v6,fdd299d3-59a0-441f-9be5-d1d265445e17,vite-parallele-viaggio-umano-nel-mondo-dellhandicap-recensione,3180913f-f6a1-4daa-8589-aa7ddd11d20d,parallel-lives-a-human-journey-through-disability-book-review,8e4cd01bd91c7972,ok,,2359,247,0.002875,2026-04-19T04:59:29.793413
retranslate-20260419-v6,fde2e6a5-f139-4c2c-a368-e39add8c766d,te-lo-do-io-disney,c84f9b40-51d4-4748-8730-d3944423406a,ill-give-you-disney,359cd6c58d7e1420,ok,,2604,498,0.004075,2026-04-19T04:59:32.970375
retranslate-20260419-v6,fde13cb0-a6e0-4b31-9542-64befbff6006,cronache-da-montemigliore,f7af4533-d809-49c7-a210-bf258a11cd79,life-at-montemigliore,0e115186ccba9522,ok,,3488,905,0.00641,2026-04-19T04:59:29.831400
retranslate-20260419-v6,fdf4e62b-aa28-4a23-9472-96c658623816,amo-la-vita-malgrado-tutto,b9cc36e5-748f-4f2b-9e1c-5995b14e4666,i-love-life-in-spite-of-everything,ba056f3ddc823920,ok,,2938,699,0.005146,2026-04-19T04:59:38.470048
retranslate-20260419-v6,fdf8a237-a6d3-4a66-943e-5b636ce615d7,lorco-del-piano-di-sotto-recensione,03b0edd9-eb67-4d83-9382-4621066c6c84,the-ogre-downstairs-a-review,f526bcb4f37538b9,ok,,2395,284,0.003052,2026-04-19T04:59:41.871026
retranslate-20260419-v6,fe4e1773-6afd-4f4c-b483-f0f958198396,storia-redazione-via-bessarione-gammarelli,a9daeff8-dea9-444c-96b4-72f6823b7d54,a-magazine-in-our-building,ead076cca6acd2c4,ok,,2735,501,0.004192,2026-04-19T04:59:45.370522
retranslate-20260419-v6,fe3afb0f-f741-43a0-8ed8-b5a1b6d88dab,signore-fa-di-me-uno-strumento-della-tua-pace,2b9c702e-3034-4d6f-9432-2e216fc9468a,lord-make-me-an-instrument-of-your-peace,61aa1726b9c7b65c,ok,,2837,527,0.004378,2026-04-19T04:59:44.280495
retranslate-20260419-v6,fe5e5c40-4213-4554-84ab-709d8b330231,la-passione-della-pazienza,5caaf670-a3da-41dd-b315-e4f7f87f4162,the-passion-of-patience,3e6f7d99ec7f048e,ok,,3251,935,0.006341,2026-04-19T04:59:50.937501
retranslate-20260419-v6,fe702639-87a1-4ff3-b7b6-b9d6bf38d330,io-ad-assisi,2d0edffd-d0a4-4117-a5b5-097b6ecf6ba4,my-time-in-assisi,2818eeb4aca02c36,ok,,3689,1135,0.007491,2026-04-19T05:00:00.507199
retranslate-20260419-v6,fe69ea76-6f70-4ccd-b3b4-ecbffdb02f6c,un-libro-interessante-adolescenza-ragazzi-disabili-chi-sarei-se-potessi-esserebozza-automatica,af36d112-5173-4d77-8516-12bb5cf39404,who-would-i-be-if-i-could-a-book-on-adolescence-and-intellectual-disability,73d8b3e698815a91,ok,,4549,1889,0.011195,2026-04-19T04:59:50.976862
retranslate-20260419-v6,fe84cf36-a729-4faf-aecf-ef2b0ab97f56,di-padre-in-figlio-conversazioni-sul-rischio-di-educare-recensione,63cda9fb-2473-4549-8083-632f35fcc96a,father-to-son-conversations-on-the-risk-of-raising-childrena-review,9cb4014d1bf0c5f4,ok,,2444,349,0.003351,2026-04-19T05:00:13.774584
retranslate-20260419-v6,fe9652b9-c1fd-4f5d-a2e6-e7c6444fa888,editoriale-parliamo-di-insieme,43073ccf-427a-4a1d-a9d6-7eeb13ada905,editorial-on-together,929b16aa0aaa926c,ok,,2983,704,0.005202,2026-04-19T05:00:16.486775
retranslate-20260419-v6,fe9d48ba-a550-4a23-8028-0c9aabc46d06,la-forza-del-debole-vita-e-pensiero-di-dietrich-bonhoeffer,c2d533d1-48a6-4f46-b186-069b41efe60f,the-strength-of-the-weak-the-life-and-thought-of-dietrich-bonhoeffer,a47c2cffd7ac77a4,ok,,3402,995,0.006702,2026-04-19T05:00:17.879107
retranslate-20260419-v6,fea208a1-6944-4326-a4e2-16f2040299b7,resoconto-della-riunione-internazionale-di-fede-e-luce,2a228fbc-96c2-4acc-8a51-e3c4f238e26b,faith-and-light-report-from-the-international-gathering-at-versailles,34ef9966ef9bf979,ok,,3176,853,0.005953,2026-04-19T05:00:22.386548
retranslate-20260419-v6,feb1e253-2a87-479c-9365-a65b2706055c,nebbia-in-agosto,6a93847d-0a05-415f-ac91-24bdc89cd182,fog-in-august,0af2d8fb734e3153,ok,,2612,424,0.003786,2026-04-19T05:00:30.781187
retranslate-20260419-v6,feaa2c11-5016-4277-b68e-f68874a4c4b1,10-nella-preghiera-comunitaria,feda60f2-5a8b-434c-a667-9a7e07c225c0,prayer-together-in-community,5eb06b9d2b6055a2,ok,,3314,987,0.006599,2026-04-19T05:00:30.741954
retranslate-20260419-v6,fedaa3dc-9cc3-45c4-9b30-e778b74916b6,lamico-speciale-uno-strumento-per-parlare-di-autismo-ai-bambini-piu-piccoli-recensione,e80ab73c-33ce-43c4-9783-b6d6301674f0,the-special-friend-introducing-autism-to-young-children-a-review,79e8302fdd826f58,ok,,2839,646,0.004855,2026-04-19T05:00:35.123603
retranslate-20260419-v6,fedb7c38-97be-46df-9ef0-949484960ae7,il-grande-traghettatore-punto-per-punto,2944928e-3062-4358-ac44-a6120c137cf4,the-great-ferryman-a-life-in-points,16e365f7de2bfcbb,ok,,4018,1413,0.008866,2026-04-19T05:00:39.362261
retranslate-20260419-v6,fefb1f59-6dd6-4c32-9a0c-ed53835e0002,jean-christophe-parisot-un-cercatore-di-dio,9f79f6bd-1adb-4d38-9f7c-ba52573feb14,jean-christophe-parisot-a-seeker-of-god,c4aafb7a0c370bc7,ok,,3798,1302,0.008246,2026-04-19T05:00:42.574089
retranslate-20260419-v6,ff26c2f9-1650-4528-bf3d-c672592425bd,leducazione-attraverso-lesempio,846aa216-9bfb-4d14-9b4a-52fd9cc251d1,teaching-by-example,97a6d37ff26ca61f,ok,,2766,500,0.004213,2026-04-19T05:00:57.170296
retranslate-20260419-v6,ff2728b8-2e9a-4166-af9b-69e8f1ab4e22,lordinazione-di-robert-michit,393c4449-a511-4003-9553-e31b83a6bcdb,robert-michits-ordination,908dbe140b7e6411,ok,,2818,594,0.00463,2026-04-19T05:00:57.204815
retranslate-20260419-v6,ff487aa5-4d1b-46cc-8674-f7b496b9d7ee,date-ai-figli-cose-diverse,301d2e32-a6db-4712-94d4-bd64ff8fa7b1,give-your-children-something-different,d39152ccde71b081,ok,,3124,739,0.005455,2026-04-19T05:01:03.003238
retranslate-20260419-v6,ff3c2a08-e67d-4e8e-9877-6b228875f22f,una-mamma-scrive-ai-vescovi,ba2fd4ab-e114-4d11-8cc6-2963096def90,a-mothers-letter-to-the-bishops,2c6aac3022539a86,ok,,3272,854,0.006034,2026-04-19T05:01:02.840376
retranslate-20260419-v6,ff5d3282-6de1-41ca-8b1c-b0b574e734d6,sconvolti-e-trasformati,9566dfba-e55d-4ecb-83dd-fbda05cbdc41,shaken-and-transformed,d16b513874234018,ok,,2705,509,0.0042,2026-04-19T05:01:13.308590
retranslate-20260419-v6,ff71966c-bec8-4b1b-b03c-15ea7a92de7d,lestate-in-cui-mia-madre-ebbe-gli-occhi-verdi-recensione,ea319aec-a2a9-439b-b7bd-ff0922df457c,the-summer-my-mothers-eyes-turned-green-book-review,003d9b1af6d99db8,ok,,2448,317,0.003226,2026-04-19T05:01:24.587030
retranslate-20260419-v6,ff5b72e2-e5e5-46dd-85bd-ca600ea6789e,in-vacanza-tutto-come-se-si-trattasse-di-un-gioco,890ed0fa-95c7-4a42-9b1f-d90b1dc82e91,on-holiday-everything-became-a-game,8d9b8b4e5aadd62f,ok,,2892,591,0.004678,2026-04-19T05:01:11.753130
retranslate-20260419-v6,ff756730-0a1a-43b9-9146-431b9ba8aafd,legoismo-e-finito-recensione,b8f2504b-5181-4994-ae1d-8bfb8c39e20f,selfishness-has-failed-a-review,8fd6a6f7fb4107b1,ok,,2549,390,0.003599,2026-04-19T05:01:28.780169
retranslate-20260419-v6,ffaa7722-a9bd-4ee1-8d42-8a93e934eba5,alla-piccola-marcia-di-assisi,ded7ef3c-6325-4abe-a864-254d52b09ffd,at-the-little-march-of-assisi,ff43db09e77707bc,ok,,3084,798,0.005659,2026-04-19T05:01:31.719003
retranslate-20260419-v6,ffd622b6-6e73-4daa-9ba4-beaea0afde25,comunicazione-facilitata-impossibile-tacere,1cb21430-03fd-4279-b1ed-493872feb014,facilitated-communication-a-voice-that-cannot-be-silenced,e2f01c9ed1d3762d,ok,,2423,284,0.003074,2026-04-19T05:01:39.340267
retranslate-20260419-v6,ffe27d2d-0026-48e5-9a99-abb9256d1933,fratelli-e-sorelle-di-persone-con-disabilita-una-realta-da-riscoprire,c47c606d-d1f6-4fa6-92c3-94d51e446613,the-siblings-we-overlook-brothers-and-sisters-of-children-with-disabilities,d427fdf499a3636f,ok,,3406,977,0.006633,2026-04-19T05:01:42.510340
retranslate-20260419-v6,ffaef8b5-e895-4bd1-81e4-6b3f5182ff27,vita-fede-e-luce-n-24,c108e6d4-96e2-4151-95be-393e55e38c8d,life-faith-and-light-no-24,c395173c968e5987,ok,,5055,2139,0.0126,2026-04-19T05:01:32.811545
retranslate-20260419-v6,fffa95d2-8d4b-45c6-842c-6875254c0093,il-libro-di-johann-io-vi-ho-amati-tu-recensionetti,03d48b32-0cb4-44c3-8b14-cca81b19a892,johanns-i-have-loved-you-all-a-review,d4ad206017be9c1b,ok,,2865,578,0.004604,2026-04-19T05:02:03.547498
retranslate-20260419-v6,ffeb64f5-47d6-406c-905e-0b14ea15627b,non-conosco-la-tua-lingua-ma-desidero-impararla,bd35ae7b-9149-4e25-9cdd-a5eec640388b,i-dont-know-your-language-but-i-want-to-learn-it,193508b586b4fd3a,ok,,4761,1848,0.011201,2026-04-19T05:01:54.345114
