id,wp_id,slug,data_vecchia,data_nuova,esito
00043fb3-65a5-4d82-8506-01cc9f662990,15226,lanno-della-disabilita-nelle-serie-tv,2020-01-08T00:00:00,2020-01-08T13:22:05,OK
0081e04a-648c-49fa-8ccf-21cd88bc50dc,19053,nostalgia-di-comunione-nuovi-movimenti-sette-cristiane-o-segni-dello-spirito,2000-10-25T00:00:00,2000-10-25T18:10:32,OK
000c0b5f-86b8-4d9c-acdd-9d82b9311dd7,25976,pablo-che-vede-il-mondo-a-modo-suo,2021-08-30T00:00:00,2021-08-30T07:26:05,OK
001b7b7e-7055-4dc4-a8c6-7b5f18139e4e,27675,ndoto-ya-samira-il-sogno-di-samira-recensione,2021-12-21T00:00:00,2021-12-21T16:01:30,OK
02ab40b7-a34a-4203-9d62-299120fc9f4d,31534,dalle-un-bacio,2006-03-30T00:00:00,2006-03-30T11:17:47,OK
00b6677a-38b2-43db-a97d-5dbbb36878de,39602,dialogo-aperto-n-136,2016-12-16T00:00:00,2016-12-16T09:40:14,OK
0143728c-2810-41d1-965e-0ac9b83dd881,29002,il-nostro-autismo-quotidiano-storie-di-genitori-e-figli-recensione,2003-12-22T00:00:00,2003-12-22T12:40:18,OK
01b01e50-b60a-4f65-9d66-1de23be0d964,17282,adesso-saremo-tutti-diversi,2020-04-01T00:00:00,2020-04-01T09:46:29,OK
022ab78d-54b0-4dc6-8171-7c1e142c9a02,45617,un-antidoto-alla-disperazione,1979-09-16T00:00:00,1979-09-16T18:30:34,OK
00f4e655-4f85-4338-ac8d-8f97957423b0,34709,dialogo-aperto-n-109,2010-03-16T00:00:00,2010-03-16T16:20:10,OK
012c99de-a27e-4f63-b43e-8e0c14c7b6a6,16505,se-aspetto-poco-poco-arriva-la-risposta,2020-02-18T00:00:00,2020-02-18T14:53:34,OK
0318f054-e431-4801-ae4d-41d9376c75d7,36297,sara-e-le-sbiruline-di-emily-recensione,2012-03-16T00:00:00,2012-03-16T10:00:09,OK
00db1113-5e26-4953-9d1f-499ddbc60521,45943,3-i-protagonisti-i-volti-di-fede-e-luce-persona-con-disabilita-genitori-amici-e-sacerdoti,1980-03-16T00:00:00,1980-03-16T18:25:34,OK
02b43b29-568f-486f-aa7a-a0b720f1f00c,35730,antonio-nicaso-mondadori,2011-03-04T00:00:00,2011-03-04T15:43:14,OK
02b6d565-e218-4374-a508-c0091b091d98,27423,quel-regalo-immenso-chiamato-vaccino,2021-10-29T00:00:00,2021-10-29T08:42:52,OK
0096aa03-dc71-42eb-b3d6-04f88db6a338,10495,dialogo-aperto-n-53,1996-03-03T00:00:00,1996-03-03T10:34:55,OK
0031a4c4-1bb1-4a61-9664-cf8975e9255e,15767596,bologna-to-rome-pedaling-possibilities-in-the-rainbow-communitys-tandem-journey,2023-01-18T00:00:00,2023-01-18T11:40:00,OK
029cc311-db14-4c56-8e1b-50c73a79d6f6,11623,il-mio-piede-sinistro-il-film,1997-09-19T00:00:00,1997-09-19T15:22:49,OK
02f5e0bc-b6de-4889-86a8-5fadfda3c936,6967,special-olympics-2018,2018-03-15T00:00:00,2018-03-15T13:12:02,OK
00fef3c7-6f07-45d4-b610-ef5273d84832,4811,joyeux-noel-2,2013-12-14T00:00:00,2013-12-14T11:29:00,OK
01b82250-16c2-4e98-ad89-d7b5d1e0b83d,42502,esperienze-un-week-end-fuori-dallordinario,1976-05-20T00:00:00,1976-05-20T19:00:34,OK
00cd8bf8-ea7f-435b-b850-05ba49374771,9962,catechesi-per-disabili-a-roma-un-percorso-formativo,2018-10-24T00:00:00,2018-10-24T13:14:48,OK
00f4b82f-7f43-4f70-b89c-3c02257161e6,7227,mangiare-insieme,1989-12-26T00:00:00,1989-12-26T11:19:50,OK
01985697-2281-4344-885a-fcad8f84de16,6188,forza-venite-gente,1987-09-27T00:00:00,1987-09-27T12:56:35,OK
024197d3-b6bc-4155-932a-6e767a1a0261,38075,alto-come-un-vaso-di-gerani-recensione,2013-12-14T00:00:00,2013-12-14T12:15:00,OK
021db852-2230-4f61-b5bb-dc3c599b0306,46521,ci-hanno-scritto-insieme-n-28,1981-03-16T00:00:00,1981-03-16T18:50:34,OK
0301f938-3d8b-4014-8012-47e9fe8a911c,10126,larte-di-costruire-giocattoli-creativi,1995-09-12T00:00:00,1995-09-12T10:08:07,OK
002d4d0f-53ec-43dc-8717-f6591b260f77,36161,la-grande-casa-di-peter-pan,2011-12-04T00:00:00,2011-12-04T09:59:14,OK
003a7fcb-6dcf-4d4c-8747-60111f174ff6,40369,dialogo-aperto-n-143,2018-07-20T00:00:00,2018-07-20T07:00:21,OK
004354e2-1f34-478b-8d60-140298bc0122,36044,le-bambine-africane-sono-una-festa-di-treccine,2011-09-04T00:00:00,2011-09-04T20:05:14,OK
0301bacd-e47f-4a32-9e33-28251c6d8699,17712,dialogo-aperto-n-70,2000-06-20T00:00:00,2000-06-20T10:40:09,OK
02bbc330-85fd-4ece-984b-6fd40292d3eb,9244,la-cinquataseiesima-colonna-uno-strumento-concreto-di-autoformazione-per-chi-si-trova-in-una-relazione-daiuto,1993-09-09T00:00:00,1993-09-09T08:28:11,OK
00b855b4-1b94-4815-b2ca-e23479dad816,8278,crescere-con-il-lavoro,1987-03-21T00:00:00,1987-03-21T12:50:17,OK
01c65522-e584-4199-b98b-c17188bfc8b0,7862,vocazione-di-fede-e-luce,1990-09-26T00:00:00,1990-09-26T13:29:59,OK
025ac8ca-fe22-4bd5-8e1a-12ce8a178d72,20772,lettera-ai-giovani,1974-06-28T00:00:00,1974-06-28T20:47:27,OK
0237d4e3-92da-4562-a09c-7a60ed4ed133,32319,la-stanza-dellorso-e-dellape-recensione,2007-03-02T00:00:00,2007-03-02T15:57:30,OK
00cbad1a-5643-457a-8ae9-d0099362b52a,42809,il-mio-primo-tuffo,2023-12-15T00:00:00,2023-12-15T13:21:57,OK
02b4030d-9b84-4a5c-af27-309cea2a9671,34661,special-olympics-dove-tutto-e-diverso-da-tutto,2010-03-16T00:00:00,2010-03-16T16:21:10,OK
022c182e-41bb-411f-83cc-40e25bd3b246,12425,fausta,1998-12-10T00:00:00,1998-12-10T16:38:04,OK
00b91bad-8501-4f1c-94b2-881b479ca8eb,45021,dialogo-aperto-n-165,2024-06-19T00:00:00,2024-06-19T07:54:46,OK
00e21284-b09d-408f-a2d9-ab145a528102,42206,giovanissimi-n-7,1975-12-03T00:00:00,1975-12-03T14:01:34,OK
026303bc-82c2-457d-ab14-df380ad82b04,46936,la-lettera-del-papa-wojtyla,1981-12-20T00:00:00,1981-12-20T12:40:34,OK
01754eab-906a-4825-b35b-a69130fbffa7,2055,storia-di-un-padre,1983-09-01T00:00:00,1983-09-01T14:45:46,OK
02fce70b-2ebc-458e-b68b-e44e7b1bbda3,5751,ora-che-sono-sola-non-sono-piu-sola,1986-12-28T00:00:00,1986-12-28T11:13:02,OK
0280a50b-f230-4543-9a9c-0136561bd6e7,17230,autocertificazione-non-basta,2020-03-31T00:00:00,2020-03-31T14:53:01,OK
01e61c58-8d03-475d-9f6d-20f7d946983e,44839,il-progetto-dandelion,2024-07-19T00:00:00,2024-07-19T09:02:43,OK
022678c5-2429-4596-9cd1-b5f579c3398f,14739,cinema-e-disabilita-i-3-film-di-enrica-riera,2020-01-16T00:00:00,2020-01-16T09:24:39,OK
0053b93f-527a-45bc-9a1f-1b9cc76c4a88,43567,pagine-di-caduta-e-ripresa,2024-02-19T00:00:00,2024-02-19T18:04:20,OK
02cd4eca-7b7e-4d69-abe2-b33da28abe4e,38843,tra-lacquario-e-loceano,2015-03-19T00:00:00,2015-03-19T10:50:08,OK
017f58e0-dd07-447f-a0ac-1d16e90e72e3,9654,14-giochi-da-fare-insieme,1994-06-18T00:00:00,1994-06-18T14:36:15,OK
04038500-b251-42c4-86e9-6addc3c0e6c1,15767554,i-almost-gave-up,2025-07-02T00:00:00,2025-07-02T10:54:27,OK
0392d995-3177-443f-811d-ba2eb6a29b89,48392,lemporio-del-cielo-e-della-terra-recensione,2025-05-20T00:00:00,2025-05-20T08:35:19,OK
06af2aa8-c56f-48a4-85d5-e6c769491a1d,15024,vittorio-zia-minni,2020-02-09T00:00:00,2020-02-09T14:59:30,OK
04736941-e7e4-4101-9043-3290341874bf,38610,mamme-coraggiose,2014-12-15T00:00:00,2014-12-15T10:00:23,OK
05ce6045-4e71-4ef0-b40f-af7717cbaf06,32607,mamme-coraggio-e-oltre,2007-06-03T00:00:00,2007-06-03T16:13:53,OK
0479795b-9977-4b79-8377-61570e913b1c,39514,la-misericordia,2016-09-16T00:00:00,2016-09-16T14:00:14,OK
04674796-8ac6-4500-a16a-c08cd0161d31,24980,la-quadriglia-istruzioni-per-luso,2002-06-14T00:00:00,2002-06-14T10:45:20,OK
052c88ba-51ea-4459-95b1-8ebf9fd72ebd,340,unaltra-proposta-di-vacanze-con-persone-disabili-i-soggiorni-invernali,1983-09-30T00:00:00,1983-09-30T16:11:49,OK
04a76785-351d-441b-88ec-78e282ea2f1f,40226,dialogo-aperto-n-141,2018-03-26T00:00:00,2018-03-26T09:10:42,OK
0432c9c5-8f69-4a0e-af29-1a506b3b8869,2410,li-fece-uomo-e-donna,1984-09-29T00:00:00,1984-09-29T17:27:21,OK
03896916-e3f6-4fac-ac7c-00b790da33a5,32896,dialogo-aperto-n-100,2007-12-10T00:00:00,2007-12-10T18:32:39,OK
05094841-31ae-4dc3-82d0-b074be7368cb,40518,angelo-un-compagno-di-viaggio,2018-11-03T00:00:00,2018-11-03T11:35:34,OK
050c231d-501c-4b77-8eef-d731e6201765,15767636,journey-of-unchanged-affection-celebrating-24-years-of-faith-and-light,2007-12-10T00:00:00,2007-12-10T19:33:38,OK
06f8f7d2-c7e9-413e-94d9-d5e25c0d5166,11060,i-bambini-di-asperger,2018-11-01T00:00:00,2018-11-01T17:45:45,OK
0546dcca-0185-42d5-8ae7-0f269445c6e7,32188,il-re-del-mercato-recensione,2006-12-28T00:00:00,2006-12-28T07:43:40,OK
04bdce7a-c04b-4a5c-a003-04518e838bfa,9066,il-bambino-che-non-sentiva-dolore,1993-06-20T00:00:00,1993-06-20T10:30:24,OK
04073c8d-6349-4e99-8119-57160053b74e,10564,una-intuizione-spirituale-sconvolgente,2010-10-10T00:00:00,2010-10-10T12:13:16,OK
040a09ce-1e98-42c5-b281-5dfb0006be1e,41934,per-te-ho-visitato-roma,1975-07-03T00:00:00,1975-07-03T11:25:34,OK
04a7b7f6-60ad-4027-8171-78b39bbe9988,39020,la-lampada-dei-desideri,2015-03-19T00:00:00,2015-03-19T11:30:53,OK
06dd85b6-9503-448c-8161-e5e4044c37a2,38679,il-calore-dellamicizia,2014-12-15T00:00:00,2014-12-15T14:30:23,OK
03a0653f-6efe-4185-9667-e4bf39525c32,5063,vita-fede-e-luce-n-11-un-campeggio-rocca-papa-ora-comincia-bello,1985-09-10T00:00:00,1985-09-10T18:30:37,OK
04474117-46de-4095-b47c-0a19e64706fa,2380,oltre-la-scienza-umanita-e-buon-senso-in-un-centro-per-la-cura-della-psicosi,1984-06-29T00:00:00,1984-06-29T18:34:07,OK
068dbdca-7efa-4372-90e6-43d08e31b0ee,43894,storie-di-rinascita-e-solidarieta-in-le-cicogne-di-chernobyl,2024-03-25T00:00:00,2024-03-25T18:07:07,OK
057ba2cf-96d3-46e2-8786-0e4a2ca368f1,23731,recensione-i-disegni-segreti,2021-02-05T00:00:00,2021-02-05T08:27:04,OK
034f2701-46d4-426c-8265-0642903a8f64,9547,la-tenerezza-di-dio,1994-03-16T00:00:00,1994-03-16T13:05:22,OK
0729a52b-a726-4dc1-a6b0-17ba1447fc7f,11454,igor-o-limprevisto-di-dio,1997-03-25T00:00:00,1997-03-25T11:18:15,OK
06b30b53-01ed-496d-bde2-217a244760c0,2354,la-legge-sullintegrazione,1984-06-30T00:00:00,1984-06-30T18:15:17,OK
0674f90d-6555-43ea-ac9c-86e88d65f3b1,5723,dialogo-aperto-n-16,1986-12-20T00:00:00,1986-12-20T10:11:33,OK
04322c36-1c56-4ae1-adbf-71b18c8fbdc7,30028,come-possiamo-accompagnare-piccole-e-grandi-crisi,2004-03-09T00:00:00,2004-03-09T17:09:24,OK
06439a39-b794-497b-92b8-c59662f4a576,40118,la-strada-percorsa-finora,2017-12-21T00:00:00,2017-12-21T13:50:33,OK
071f81ec-da06-4a40-9b57-90061364f23d,42001,noris,1974-12-28T00:00:00,1974-12-28T20:00:08,OK
06b2378f-9455-493f-91e0-737d3b5ee0b2,39730,abitare-nellordinarieta,2017-03-16T00:00:00,2017-03-16T12:10:14,OK
06ede3fd-2d2b-4482-8515-021fa47b8d3a,37130,dialogo-aperto-n-161,2023-05-08T00:00:00,2023-05-08T13:04:06,OK
061f453d-4819-4a40-af83-1aa749e01d1b,7758,vita-e-amore-si-erano-spenti,1990-09-26T00:00:00,1990-09-26T11:42:34,OK
04e6f278-1a52-4a38-b017-345ad1755ffa,31087,siamo-state-a-parigi-nella-redazione-di-ombres-et-lumiere,2005-09-19T00:00:00,2005-09-19T14:38:22,OK
0409eb70-ef53-4f65-9265-9df1360c29c4,31100,e-il-carro-va-e-compie-15-anni,2005-09-19T00:00:00,2005-09-19T14:49:24,OK
06aa8bc7-2f67-4d59-8751-9ab8b64e337c,34182,la-difficile-storia-di-enrico,2009-09-10T00:00:00,2009-09-10T11:08:39,OK
05686c7b-75ce-4661-a8bd-a391af4cdd32,1211,terapia-con-il-cavallo,1983-06-29T00:00:00,1983-06-29T17:34:21,OK
04fbd325-51c2-4592-96a8-1aa2a6bc6791,47115,trascendere-i-limiti-per-abbracciare-ogni-limite,2025-02-07T00:00:00,2025-02-07T13:26:40,OK
034a313a-c7f2-4e11-9b5d-42f3891571e0,41073,dialogo-aperto-n-159,2022-11-18T00:00:00,2022-11-18T08:31:46,OK
06f87b56-2a7b-494a-85e3-52023cc89d43,46252,dalla-parte-di-lazzaro,1980-09-16T00:00:00,1980-09-16T18:40:34,OK
052e8bb1-bdc2-4d2c-9c49-464d42cc6ed5,30175,un-orribile-meraviglioso-campeggio-di-fede-e-luce,2004-06-11T00:00:00,2004-06-11T16:38:58,OK
06ba4ef9-aa9e-47cd-bdd0-881c7daaaa51,36155,julia-jean-e-la-tirannia-della-normalita,2011-12-04T00:00:00,2011-12-04T09:55:14,OK
059f9fbf-7d78-4a48-a6b9-f34453b6baa7,7157,la-storia-di-angelica,1989-06-21T00:00:00,1989-06-21T12:08:59,OK
04b94c87-854a-4041-bfcf-2686569b4ebe,31913,io-non-sapevo,2006-06-21T00:00:00,2006-06-21T11:20:38,OK
037cc3cc-a34e-45fa-8223-1c2ae8470d92,24907,citta-futura-un-esempio-di-finanziamento-dalla-banca-etica,2002-06-14T00:00:00,2002-06-14T08:30:38,OK
06c82c51-ce0d-42d8-8b20-2728b8c381ea,36413,fai-bei-sogni-recensione,2012-09-16T00:00:00,2012-09-16T10:57:09,OK
05f832d9-7876-44ec-a47e-cedab29b12bb,46636,unora-di-musica-con-suor-maria,1981-06-16T00:00:00,1981-06-16T16:53:34,OK
0702e47c-7c4c-497a-a028-42295e05c287,25044,maneggiare-con-cura-di-marco-bove-recensione,2021-05-17T00:00:00,2021-05-17T09:42:20,OK
066e2e2e-8703-4bf3-b8ab-97692a13cc3d,6678,un-cerchio-simbolo-incontro-unita,1988-06-28T00:00:00,1988-06-28T13:12:10,OK
084926d3-fd45-407e-9a04-6e938b25aaef,7470,autismo-e-disabilita-grave-il-modello-laquila,2018-04-11T00:00:00,2018-04-11T11:48:21,OK
08e38e52-b390-47c6-942f-d474fbdae7a6,42530,letture-consigliate-darti-la-vita-recensione,1976-05-20T00:00:00,1976-05-20T18:15:34,OK
08508620-af4d-4ca1-a72c-57e83f294133,22900,domande-che-assillano-newsletter-26,2020-11-13T00:00:00,2020-11-13T07:21:38,OK
086453ff-3d98-4b29-86a8-816a8750a3a2,16087,un-altro-sguardo,2020-02-06T00:00:00,2020-02-06T23:18:48,OK
08118952-084d-4776-a777-cba26b0df3f3,30524,la-casa-in-cima-allalbero-recensione,2004-12-14T00:00:00,2004-12-14T15:59:47,OK
07729da3-ab95-4e13-a5db-9d378427fa10,35978,perche-non-io,2011-06-04T00:00:00,2011-06-04T19:50:14,OK
08275728-87c5-4be8-aadd-c7d59a48fab9,17957,a-galla-sulla-camera-daria,2000-04-28T00:00:00,2000-04-28T06:36:20,OK
07934e5d-f1c1-4f7b-98fe-e5bfc683eb28,4764,non-vede-non-sente-non-cammina-non-comunica,1986-03-29T00:00:00,1986-03-29T10:39:11,OK
094046de-5272-4002-8ac1-75611cf4710b,40333,ascoltare-i-segni-perche-in-lis,2018-06-30T00:00:00,2018-06-30T09:59:28,OK
0a9df56e-c162-41b9-9704-c761492729f9,20102,i-bambini-di-tutti,1974-01-29T00:00:00,1974-01-29T07:59:54,OK
08bdcb6b-50e8-4b94-af41-c335052cee54,25764,agendo-per-lagenda-si-apre-alla-societa-civile,2021-06-17T00:00:00,2021-06-17T08:11:33,OK
08af9f88-4825-4a1e-82bf-c6ecd77fd4da,46529,i-nostri-figli-con-disabilita-a-scuola,1981-03-16T00:00:00,1981-03-16T18:10:34,OK
07ddf975-f5ae-4dd3-9bf2-3c2004d42152,39633,genitori-speciali-zzati-servizio-di-consulenza-pedagogica-di-trento,2016-12-16T00:00:00,2016-12-16T11:15:14,OK
0a17534b-d533-4c23-a6fe-2fd4bb77e4cc,19164,nessuno-escluso-il-natale-del-laboratorio-lalveare,2000-10-26T00:00:00,2000-10-26T11:11:42,OK
07d7a7c3-7cda-43dd-a10e-f77c67f13da5,41277,il-ciclo-e-la-macchinetta-a-scuola,2023-08-30T00:00:00,2023-08-30T11:30:40,OK
0a98970a-bff4-4055-b796-4bec1c2d292b,15768050,i-pellegrinaggi-di-fede-e-luce,2025-03-01T00:00:00,2025-03-01T10:31:28,OK
07f359d7-bfc1-4a6d-b7f0-9d9829f7a7de,33777,associazione-habitat-per-lautismo-onlus,2008-09-03T00:00:00,2008-09-03T12:19:32,OK
0a888bb0-a684-40cf-b5f8-08ad78840bbf,48406,testing-women-testing-the-fetus-recensione,2025-05-20T00:00:00,2025-05-20T08:37:57,OK
09432447-e7d4-4923-a7ec-2f882ae6bfd5,7327,ma-non-carichiamoli-di-un-peso-eccessivo,1990-03-28T00:00:00,1990-03-28T11:18:43,OK
076265cd-ba33-4f9c-ab7c-a4a78f7f87d4,13609,one-more-jump,2019-11-03T00:00:00,2019-11-03T12:41:05,OK
07469439-9f51-4903-bff3-fb73cde6188d,8358,imparo-a-vestirmi-da-solo,1991-09-20T00:00:00,1991-09-20T10:30:05,OK
0a4300d4-8fb5-42f8-b69f-401605141ca5,8362,strategie-educative-nellautismo,1991-09-22T00:00:00,1991-09-22T10:33:59,OK
07d76729-cad6-40f6-8c77-8935781b8581,12928,forli-incontri-a-sostegno-di-genitori-di-figli-con-disabilita-visiva,2019-09-13T00:00:00,2019-09-13T08:40:13,OK
0778e3d9-ef86-4505-98bd-4c6cf0ee5129,43152,testimoni-di-fede-e-luce,2024-01-29T00:00:00,2024-01-29T05:58:07,OK
0976cf70-2de1-4537-8904-f5d4140dc740,30221,lamministratore-di-sostegno-per-le-persone-con-disabilita-parla-il-giudice-tutelare,2004-06-11T00:00:00,2004-06-11T17:24:17,OK
089f627a-37f0-4a2f-b037-7c79bd35e5f1,12183,se-mi-vuoi-bene-dimmi-di-no-regole-e-potere-positivo-per-aiutare-i-figli-a-crescere,1998-06-17T00:00:00,1998-06-17T08:07:00,OK
09929e44-3146-4c9f-aade-24606aff5fa4,12497,la-comunita-luogo-del-perdono-e-della-festa-2,2019-07-16T00:00:00,2019-07-16T08:55:45,OK
0a36d810-f6cc-4453-8f83-abe48f70f8f2,9023,10-anni-di-ombre-e-luci-piu-che-una-rivista-una-grande-famiglia,1993-03-18T00:00:00,1993-03-18T14:39:33,OK
09fec868-4e83-40ff-b5a4-729affa11dfe,6384,chicco-casa-famiglia-dellarche,1987-12-28T00:00:00,1987-12-28T11:59:30,OK
0897e549-3246-4c60-825e-845270615df5,8784,la-vita-esplodera-itinerari-didattico-educativi-per-linsegnamento-della-religione-cattolica-nella-scuola-dellobbligo-anche-per-alunni-portatori-di-handicap,1992-09-07T00:00:00,1992-09-07T15:15:02,OK
098509a9-19af-4e70-853c-7fec4ef92324,34585,lintimita-del-corpo-maria-non-ha-il-senso-del-pudore,2009-12-10T00:00:00,2009-12-10T13:25:17,OK
07e6119a-f46f-4f27-b9cd-1492f57f16d9,26600,chi-mettere-al-centro-dellobiettivo,2021-08-04T00:00:00,2021-08-04T09:01:39,OK
0a60e8e8-2660-4598-91c9-1c419b919740,17163,la-sete-e-lacqua-della-speranza,2000-03-28T00:00:00,2000-03-28T14:59:20,OK
075d6272-7fdf-4e96-9309-579d85a67001,30014,piovono-mucche-e-altri-nuovi-libri,2004-03-09T00:00:00,2004-03-09T16:55:38,OK
0a8f7cb7-b3f3-418c-9e59-8791f78c07a4,33798,dialogo-aperto-n-103,2008-09-03T00:00:00,2008-09-03T10:31:13,OK
09b6722d-5c4a-4a93-a1c0-2b1c41105d59,30503,il-natale-di-carlo,2004-12-14T00:00:00,2004-12-14T22:28:22,OK
0949f5c9-1e33-42dd-8310-5c45567e9d21,46258,5-anni-di-casetta,1980-09-16T00:00:00,1980-09-16T18:30:34,OK
09b48251-3983-438e-9710-31b26e1d1941,9907,voglio-sposarmi,1995-03-16T00:00:00,1995-03-16T15:10:17,OK
0a5ccd97-a785-4a70-859c-a8cfca3d8eea,44500,sorpresa,2024-06-14T00:00:00,2024-06-14T10:55:51,OK
09c12b14-dbb7-4a4c-9587-73a7309ff12f,33716,le-anime-semplici-recensione,2008-09-03T00:00:00,2008-09-03T11:44:21,OK
09e265e4-da5e-45ce-afe0-0ba125650507,5275,i-genitori-commentano-le-parole-del-cardinal-martini,1986-06-25T00:00:00,1986-06-25T11:40:32,OK
0970738d-a976-4409-8a0c-e2f8b6216b2a,32719,tutti-insieme-fedelucissimamente,2007-09-09T00:00:00,2007-09-09T15:12:20,OK
074cba3a-2ce2-4cdb-86a8-f62753093e3c,40087,lonore-di-un-lord,2017-12-21T00:00:00,2017-12-21T10:50:33,OK
09bb8253-671c-44ca-98c3-1f36fa63b36e,353,gli-altri,1983-09-30T00:00:00,1983-09-30T20:44:14,OK
0a23ed0c-238c-43ea-ba6a-687fd5858944,11079,essere-padrino-di-mario,1996-12-15T00:00:00,1996-12-15T12:48:56,OK
09bd724a-64c3-463c-aa8d-a8ff78b49728,13854,cinema-e-disabilita-i-3-film-di-emanuele-rauco,2019-11-16T00:00:00,2019-11-16T17:48:18,OK
089111bb-ddf6-42ae-b8cd-7106f10eb00a,29876,dialogo-aperto-n-149,2020-03-30T00:00:00,2020-03-30T11:33:37,OK
092697d1-1946-439c-a1a7-9d98a77b37c2,48323,tra-gli-ultimi-regali-di-mio-padre,2025-05-12T00:00:00,2025-05-12T12:10:34,OK
07e08abb-30e0-4bf1-9e4d-befe56e37c2c,33928,un-luogo-dove-bello-vivere,2008-12-07T00:00:00,2008-12-07T19:17:21,OK
08773ce7-76ac-4d04-8382-b7ad8c34459d,5773,vederli-migliorare,1986-12-27T00:00:00,1986-12-27T11:55:24,OK
0c3a2d55-7399-4099-be02-3d5b95a8cc93,38533,dove-ci-sono-io-ce-anche-lui,2023-05-08T00:00:00,2023-05-08T16:30:19,OK
0de652c9-5add-44c5-937d-e7be9ad875b7,7120,ho-fratello-e-sorella-sordi,1989-06-21T00:00:00,1989-06-21T11:02:05,OK
0ab0e8ef-64f9-4b99-8a6b-beafa2ede9a9,6935,al-tepore-un-amore-semplice,1989-03-22T00:00:00,1989-03-22T14:50:00,OK
0cf09074-a625-4258-b293-2b6cde43d6ae,11524,come-progettare-una-comunita,1997-06-12T00:00:00,1997-06-12T08:16:15,OK
0b830171-6481-424c-a567-ca9fe5af6009,4017,un-solo-nome,2015-06-13T00:00:00,2015-06-13T13:25:04,OK
0b598562-5f7d-4bb6-a270-167e85fb102c,5782,vivere-lultimo-istante,1986-12-26T00:00:00,1986-12-26T12:23:26,OK
0de86860-8f56-4f11-a42c-3b803e1de7df,42602,la-vecchia-signora-brontolona,1976-09-20T00:00:00,1976-09-20T19:50:34,OK
0e6ec1d5-1787-4328-86f9-07d383cadc46,9580,larmadio-dei-giocattoli,1994-03-16T00:00:00,1994-03-16T16:45:01,OK
0df7e1de-1d43-4bfd-a00c-8dec8229f2c1,28366,un-affidamento-speciale,2015-03-19T00:00:00,2015-03-19T12:40:53,OK
0b9b285f-1663-40a1-bddd-c133b720fdf4,1794,il-dolore-innocente-un-handicappato-nella-mia-famiglia,1983-03-02T00:00:00,1983-03-02T12:33:48,OK
0de1464f-0fa3-4575-8166-3080a1aacbd3,24806,cattedrale-raymond-carver-recensione,2021-05-12T00:00:00,2021-05-12T11:52:00,OK
0d40a0f7-f018-4c55-9470-582a8329eb36,37919,si-ricomincia,2013-09-13T00:00:00,2013-09-13T16:00:04,OK
0bf72438-1e40-40d0-b025-02a9fee74726,13457,questa-e-bella-la-storia-di-rospella,2019-10-29T00:00:00,2019-10-29T13:35:57,OK
0bc960ae-1565-4df2-a5a0-497e7bbfcf33,10830,prigioniero-di-me-stesso-viaggio-dentro-lautismo,1996-09-22T00:00:00,1996-09-22T08:29:05,OK
0cc34515-c4c7-4bc1-ae5a-2d9a04ed5129,13414,sempre,2019-10-28T00:00:00,2019-10-28T17:27:21,OK
0e7188d0-d65a-414d-a391-095e2b0ee5c9,18182,lumanita-delle-persone,2020-05-07T00:00:00,2020-05-07T15:27:49,OK
0c8adef1-88c6-4e98-ab95-46167e4c1b05,14916,le-parole-rivoluzionarie-di-papa-francesco,2019-12-19T00:00:00,2019-12-19T01:01:38,OK
0cf1d470-5ff6-4e20-b629-5e33c2ac8db3,4605,essere-vicini-a-chi-e-in-fin-di-vita,2017-12-05T00:00:00,2017-12-05T10:07:16,OK
0af864df-47c8-416e-81bb-3d5e21b0aeda,27329,la-mela-e-solo-rimandata,2021-10-20T00:00:00,2021-10-20T16:39:36,OK
0ce10120-39e8-493d-8a74-6511d6c3a63c,26310,nuove-famiglie-istruzioni-per-luso,2003-03-13T00:00:00,2003-03-13T14:38:09,OK
0d3f746b-a82f-4d7f-aaa4-6c940de3bba2,8877,guida-h-fondazione-laboratorio-per-le-politiche-sociali,1992-12-13T00:00:00,1992-12-13T09:57:05,OK
0c7079d5-355d-4a73-a7f8-cbfb445033c9,43468,linterezza-questa-sconosciuta,2024-02-16T00:00:00,2024-02-16T12:36:20,OK
0e053f97-6f21-4bc0-80cd-e732e48a7f3b,7951,accogliere-un-bambino-autistico,1990-12-27T00:00:00,1990-12-27T08:57:15,OK
0ec50f90-a28f-4d3f-a1c0-a5cf09f24e9d,31146,allasilo-nido-tra-apprendimento-e-integrazione-scolastica,2005-09-19T00:00:00,2005-09-19T15:46:45,OK
0e53ffca-33ff-4003-85d5-5557d204ce75,3650,ti-ricordi-nicole,2007-12-29T00:00:00,2007-12-29T21:15:48,OK
0ee0c9ab-fdc7-47ee-8f22-9c762a293480,25436,la-casa-di-dario-associazione-arcobaleno-onlus,2002-09-01T00:00:00,2002-09-01T13:11:28,OK
0e2a8758-9b9d-421b-b922-674296ccd27d,12677,lautista-piu-illustre,2019-08-02T00:00:00,2019-08-02T06:49:06,OK
0d1e9f8d-03a9-4112-be5f-875abf21d37f,36284,dialogo-aperto-n-117,2012-03-16T00:00:00,2012-03-16T11:05:09,OK
0ed7c3b7-9868-4128-bd78-6f3e5afe7459,25429,il-parco-dei-frutti-dimenticati-associazione-il-muschio,2002-09-01T00:00:00,2002-09-01T12:45:28,OK
0bdeea89-abb9-4121-a4fe-9308ccc533d6,38541,posso-salutare-la-mamma,2014-12-15T00:00:00,2014-12-15T07:41:23,OK
0dd5a5bf-320a-42cd-8b02-3a713b2ec0dc,38560,purche,2014-12-15T00:00:00,2014-12-15T09:09:23,OK
0ba157eb-0808-49b1-bc10-2756ca90497a,45644,pellegrinaggio-a-loreto-1979-olga-gammarelli,1979-09-16T00:00:00,1979-09-16T18:10:34,OK
0c1a3fa9-2b11-4ef3-9f87-63f88abca989,38203,sono-graditi-visi-sorridenti-recensione,2014-06-29T00:00:00,2014-06-29T09:00:35,OK
0c76e00f-8d46-4351-be1b-94bfefd85e03,33553,casa-famiglia-il-tetto,2008-06-27T00:00:00,2008-06-27T11:51:08,OK
0dc471fe-3e3f-4a6f-89c7-ebb34b154fe7,11530,dedicato-ai-bambini-flavio,1997-06-12T00:00:00,1997-06-12T08:37:39,OK
0ccfd850-8f78-40ed-9278-7ce04934ab6c,6943,e-pagano-pure,1989-03-30T00:00:00,1989-03-30T15:02:06,OK
0eb9eff1-c0ec-453f-a350-49b02bba5fd6,17988,un-giorno-dopo-laltro-recensione-libro,2000-09-28T00:00:00,2000-09-28T07:12:51,OK
0d39ece7-1c3a-44c4-86dd-8abe7aff2864,16327,vedersi-in-vetrina,2020-03-16T00:00:00,2020-03-16T06:47:57,OK
0d008f3b-cd2a-46ff-bc26-02b0853f57fa,32789,noi-dei-piani-di-sopra,2007-12-10T00:00:00,2007-12-10T17:12:45,OK
0bc3c326-922e-4612-a39e-b55440f0064e,32555,labbraccio-di-lorella,2007-06-03T00:00:00,2007-06-03T15:30:19,OK
0b75b2d8-2b9e-426e-971b-c8a19ba3386f,9076,dialogo-aperto-n-42,1993-06-20T00:00:00,1993-06-20T17:55:03,OK
0e07ca3e-787d-40c6-9c14-995e568c4293,38863,fragile,2015-03-19T00:00:00,2015-03-19T11:05:08,OK
0c4c2103-c876-4997-863f-8b9648d6a86a,25443,e-poi-cosa-ne-sara-di-loro-le-domande-sul-dopo-di-noi,2002-09-01T00:00:00,2002-09-01T13:24:22,OK
0d041112-1abb-4042-b80d-07c2744e1464,36358,affrontare-lenorme-paura-intervista-a-pietro,2012-03-16T00:00:00,2012-03-16T10:35:09,OK
0a9f07c2-9297-4484-ab9f-146adcb25100,18021,il-dono-di-un-volto,2000-09-28T00:00:00,2000-09-28T08:41:01,OK
0bd2d8a5-49cf-4ab4-9007-60ed62be15f9,28247,mirtilla-e-il-capitano,2022-03-23T00:00:00,2022-03-23T11:59:47,OK
0dd86432-0a36-4217-9c8c-1de84f833fc6,42178,bilancio-fede-e-luce-1975,1975-12-03T00:00:00,1975-12-03T10:15:34,OK
0b05f890-34d5-413c-a62b-99abdb037558,28101,stavolta-ho-tifato-per-la-primavera-dellempoli,2022-02-23T00:00:00,2022-02-23T14:04:43,OK
0d41123b-ef83-4579-87fa-97da08db2536,32418,problematiche-delleta-evolutiva-incontrarsi-sul-dojo,2007-03-02T00:00:00,2007-03-02T16:42:26,OK
0c57a31a-014f-4ca1-a91e-0bf467b979a7,43654,cinema-di-rivoluzione-e-sperimentazione-alla-berlinale-74,2024-03-05T00:00:00,2024-03-05T14:43:18,OK
0f1a4aa9-e0c2-440a-a6f2-6879422e3290,7328,vieni-e-vedi-a-fano-la-formazione-giovani-di-fede-e-luce,2018-04-04T00:00:00,2018-04-04T12:16:23,OK
0fab7d0e-8c31-4ca0-951b-b92fe7ec02f8,7378,jean-vanier-un-profeta-del-nostro-tempo,1990-03-19T00:00:00,1990-03-19T12:50:39,OK
0f2f51cd-bd97-4a29-8d5c-0988da2b46b2,38520,la-mia-principessa-gilda,2023-05-10T00:00:00,2023-05-10T16:11:10,OK
127506a0-aba2-44b1-b3bc-c935f95ed4d1,15767853,verso-pompei-per-i-50-anni-di-fede-e-luce-in-italia,2025-07-29T00:00:00,2025-07-29T16:37:06,OK
10967bc5-51f1-46da-babe-75c8a34afcf5,39813,la-nuova-legge-sul-dopo-di-noi-nodi-da-sciogliere,2017-06-28T00:00:00,2017-06-28T10:05:23,OK
117caa61-e1d7-4758-8c02-e230429e822d,43575,dove-sei-piccolo-giulio-recensione,2024-02-19T00:00:00,2024-02-19T18:55:21,OK
128cdc76-ed76-4626-87d9-622a1858f775,4639,itinerari-paralleli,2005-12-05T00:00:00,2005-12-05T11:08:55,OK
0f91b494-e8fa-4156-89fb-744fed06f052,31031,special-olympics-nessuno-si-deve-sentire-escluso,2005-09-19T00:00:00,2005-09-19T13:54:48,OK
125e2980-b9c2-41af-a05e-a59abe178c1e,11538,una-soria-vera,1997-06-12T00:00:00,1997-06-12T08:59:26,OK
113f0a54-4893-4d97-972c-9fd9fd8709ca,35865,una-sconfinata-giovinezza-recensione-film,2011-03-04T00:00:00,2011-03-04T16:11:14,OK
0fb48865-578d-463f-b56c-d44dc934b223,43742,fede-e-luce-incontri-internazionali-e-nazionali-1977,1977-06-20T00:00:00,1977-06-20T13:30:34,OK
102a028e-6bbd-4116-9854-2392ce51bc69,13034,io-prete-ho-adottato-valentino,1999-12-17T00:00:00,1999-12-17T22:07:52,OK
10313aa3-0e5f-46d3-b620-a9b28c2d00d4,11710,dalle-province-n-145,2019-04-08T00:00:00,2019-04-08T14:32:01,OK
11dd3ca3-17e9-4af1-b94f-7d0b9c839d92,23503,essere-comunita-newsletter-n-28,2021-01-15T00:00:00,2021-01-15T07:18:12,OK
0fece992-fae7-4065-9b64-4b0feed36ff3,27721,diritti-delle-persone-disabili-secondo-onu,2003-12-03T00:00:00,2003-12-03T11:30:29,OK
0f9f90fe-b8b8-4d80-8507-1457464e2200,35312,impegnarsi-e-impegnarmi,2023-05-12T00:00:00,2023-05-12T09:48:20,OK
117a86ba-17bd-4e3f-ba12-e519499056b2,46213,e-uscita-una-nuova-legge-sullassegno-di-accompagnamento-per-le-persone-totalmente-inabili,1980-06-16T00:00:00,1980-06-16T16:40:34,OK
129b50e2-bc93-4b41-ab41-03e078c3a868,43123,per-la-nostra-riflessione-una-croce-di-carta-smerigliata,1976-12-20T00:00:00,1976-12-20T11:40:34,OK
116d691a-490d-43e5-a000-f14179708c7c,37871,dalle-province-n-123,2013-09-13T00:00:00,2013-09-13T15:00:04,OK
0ff7cda6-9b2b-436d-9658-b23753209a84,43501,sanremo-fin-dove-lho-visto-5,2024-02-11T00:00:00,2024-02-11T16:12:54,OK
12488a15-5c34-4ba5-be4f-fdac7b5db9a1,40694,dove-siamo-noi,2023-07-17T00:00:00,2023-07-17T09:15:09,OK
11482711-1056-47ed-bb3f-67b0fb4ea43c,6072,bambino-giocava-la-luna,1987-06-25T00:00:00,1987-06-25T13:04:41,OK
0f757ea7-7590-4fac-b579-dc4158eca3d6,39128,spiritualmente-le-piccole-suore-non-sono-handicappate,2016-03-25T00:00:00,2016-03-25T11:00:53,OK
127b5a99-b977-47b7-a557-900268a4f93f,20311,davanti-a-due-tsunami-newsletter-n-19,2020-07-03T00:00:00,2020-07-03T00:04:06,OK
0f60b383-26e5-4568-bc4e-1508341cabdd,34140,verso-sera,2009-09-10T00:00:00,2009-09-10T10:45:53,OK
11075d8d-2306-4dfb-af5a-aff95cad3017,22267,abbandonati-su-strade-solitarie,2020-10-14T00:00:00,2020-10-14T11:03:18,OK
0ee69b4b-ffc1-49f0-ad45-3110d7ce5f0b,30038,per-voi-e-per-tutti-consigli-pratici-perche-nessuno-venga-rifiutato,2004-03-09T00:00:00,2004-03-09T17:27:59,OK
0f5b2ec5-2695-49ac-9c12-ce88e142e6ad,21347,noi-non-io,2020-09-15T00:00:00,2020-09-15T00:54:29,OK
12c40428-2d81-43ec-9773-7a6f6ee8deb8,25448,la-mia-vita-come-una-gioiosa-battaglia-alexandre-jollien,2002-09-01T00:00:00,2002-09-01T13:34:13,OK
0ff97f78-a245-4722-b2fa-2846884a08df,46905,tre-tappe-nella-mia-vita,1981-12-20T00:00:00,1981-12-20T13:40:34,OK
0f10224a-0082-4e33-9a5c-7a3bb607a57d,8331,dialogo-aperto-n-17,1987-03-21T00:00:00,1987-03-21T13:50:23,OK
118e1aa7-3410-456d-bdeb-f266b3f2612a,5164,le-condizioni-per-una-scuola-cosi,1985-01-26T00:00:00,1985-01-26T13:12:46,OK
0f698c73-530d-4596-9c04-8e0f008b4c97,39446,dialogo-aperto-n-135,2016-09-16T00:00:00,2016-09-16T09:10:14,OK
11a65793-87d6-4c94-8307-f4e67c5d54e5,11781,vita-fede-e-luci-n-60,1997-12-15T00:00:00,1997-12-15T16:06:23,OK
11813ce0-b5bb-4025-8367-ebf0914d29df,32033,ii-barattolo-di-maionese-e-caffe,2006-09-27T00:00:00,2006-09-27T14:41:49,OK
0f3bf05c-7114-4a2d-bf83-fd7c1d2fd09f,28579,archeocasilina-recensione,2022-06-06T00:00:00,2022-06-06T11:21:01,OK
11f08dda-01be-4961-a41a-ec3ec6f12706,46866,ma-di-sicuro-torna-il-sereno,1981-12-20T00:00:00,1981-12-20T14:50:34,OK
12765446-e5d9-41c6-baa5-d9bc4fc49d8e,30232,una-nuova-legge-lamministratore-di-sostegno-per-le-persone-con-disabilita,2004-06-11T00:00:00,2004-06-11T17:25:08,OK
0ee9bcb6-969b-4017-8f1d-82e81ed5ca2c,5096,dialogo-aperto-n-12,1985-12-15T00:00:00,1985-12-15T10:30:45,OK
0feb7748-c2df-4e2a-be57-386c1e13b101,17155,coraggio-immacolata,2000-03-28T00:00:00,2000-03-28T14:37:15,OK
11642a63-1000-4c05-8ff9-797ed65e54cd,39180,gioia-e-le-altre-recensione,2016-06-16T00:00:00,2016-06-16T09:00:14,OK
0ef4d3f1-0514-47ab-a80d-14edb00fb8d0,19678,associazione-bambini-cri-du-chat,2001-03-09T00:00:00,2001-03-09T13:42:17,OK
128aaa0e-2931-4d73-8a15-16b94c61dbff,16558,newsletter-09-quando-buio-totale,2020-01-24T00:00:00,2020-01-24T10:00:09,OK
12379f44-83c4-4f21-afac-b1e60b949bb9,3648,la-storica-redazione-ombre-luci,2007-12-29T00:00:00,2007-12-29T21:09:19,OK
12b1b32e-380c-45cf-8e2c-47b6aa24c1b9,16340,jillian-la-divina,2020-03-11T00:00:00,2020-03-11T05:07:33,OK
129bf33c-be13-427c-8b98-2cb8d2ced332,43861,leducazione-delle-persone-disabili-imparare-a-vestirsi,1977-09-20T00:00:00,1977-09-20T10:15:34,OK
1064d918-f8df-4180-9284-c86d627f54e4,33934,quel-tesoro-nascosto,2008-12-07T00:00:00,2008-12-07T19:21:40,OK
11eaba40-bfed-4599-9d16-da0410240c93,39491,monsignor-von-galen-leroismo-di-una-coscienza,2016-09-16T00:00:00,2016-09-16T11:45:14,OK
0f268790-4a9c-45c1-bf43-b3c746d3fa1d,43532,mimo-a-san-pietro,2024-02-19T00:00:00,2024-02-19T08:16:03,OK
0f87efa1-df17-4d05-a210-c991102b1794,8479,il-dopo-di-noi,1991-12-28T00:00:00,1991-12-28T11:06:23,OK
13ab998b-230a-44bb-b23f-adb077d945a6,17298,campane-a-festa,2020-04-01T00:00:00,2020-04-01T07:59:17,OK
12f1cbd3-5d79-4cf1-b769-7da15442a4ae,34540,in-cerca-del-padre-storia-delleta-paterna-in-eta-contemporanea-recensione,2009-12-10T00:00:00,2009-12-10T12:58:33,OK
12e2fc5f-c96c-41f9-904c-a60db647d2b5,35621,per-rompere-la-solitudine-2,2010-12-03T00:00:00,2010-12-03T17:30:12,OK
130f57d3-53a9-49c3-9bb0-efca3c3f7c46,43732,notiziario-fede-e-luce-n-13,1977-06-20T00:00:00,1977-06-20T13:10:34,OK
1329baa8-41f5-48d0-b51d-d62e1bc83780,6370,umili-gesti-tutta-vita,1987-12-29T00:00:00,1987-12-29T10:53:17,OK
14d99fc6-cff9-4ee1-9498-f68f850d55fe,43207,cara-zia-cosima,2024-01-31T00:00:00,2024-01-31T13:15:21,OK
156eb469-6d65-4679-8e0e-a08dfb0c14ac,8699,ascolto-che-guarisce,1992-06-06T00:00:00,1992-06-06T11:24:11,OK
13861413-06eb-4852-9743-6fb68a007df8,9438,segni-di-meraviglia,2018-06-30T00:00:00,2018-06-30T13:04:55,OK
13a62468-c126-430a-ab4b-429629482f08,33197,ristorante-i-ragazzi-di-sipario-dove-niente-e-scontato,2007-12-12T00:00:00,2007-12-12T17:26:58,OK
12f8fe0f-daf2-4885-b8b3-a66db62c7350,34486,giulia-in-arte-clown-cicciola,2009-06-10T00:00:00,2009-06-10T11:06:56,OK
14aeb933-78e5-4c6f-b528-88e4295e2c34,41939,testimonianze-dal-pellegrinaggio-di-lourdes-1971,1975-07-03T00:00:00,1975-07-03T10:50:34,OK
14fc7753-3c0c-4bb0-bc71-d7f897873265,34460,vivere-i-miei-limiti-nella-verita,2009-06-10T00:00:00,2009-06-10T10:45:39,OK
15635408-a691-4b68-aaf7-77b071a4e8c8,8601,maria-de-la-soledad,1992-03-05T00:00:00,1992-03-05T08:56:35,OK
16349be6-b824-4de7-a42e-cc0b82d2527b,15768796,la-disabilita-non-e-una-vocazione-recensione,2025-11-29T00:00:00,2025-11-29T11:59:45,OK
1481e650-7b3d-4333-a470-fe2e8eece761,44155,foto-in-bianco-e-nero,2024-05-16T00:00:00,2024-05-16T13:50:16,OK
14c294e5-5f26-43c0-be99-c0619b51f200,38253,un-capo-atipico-per-larca,2014-06-29T00:00:00,2014-06-29T09:50:35,OK
1486b446-cc05-4fd6-8b98-fb1b7769bdc6,6724,a-braccia-aperte,1988-09-20T00:00:00,1988-09-20T14:21:32,OK
155b2404-32bb-4905-b502-4844d54499b4,3038,ho-scelto-mio-fratello,1985-03-30T00:00:00,1985-03-30T13:52:13,OK
16a8c89f-e515-4ee1-9b41-bcf010c9321a,37697,dialogo-aperto-n-122,2013-06-10T00:00:00,2013-06-10T15:30:04,OK
140c839b-4f9f-4560-b358-9c47cb323359,13469,amore-caro,2019-10-29T00:00:00,2019-10-29T13:17:16,OK
165249a5-92f6-4830-af14-6a3852955a48,9809,cercavo-di-far-cantare-il-mio-cuore,1994-12-19T00:00:00,1994-12-19T09:47:41,OK
16a88cb9-6459-44df-b928-cdb6848306ec,25913,mio-figlio-che-non-voleva-vedermi-piangere,2021-06-24T00:00:00,2021-06-24T14:08:55,OK
16927269-98d5-4187-9495-dda7000c2b67,11540,come-fare-una-buona-vacanza,1997-06-12T00:00:00,1997-06-12T09:05:11,OK
16c5e2bd-6d79-4e25-ae5f-52a34a5d54a0,16139,inizio-nuova-vita,2019-06-06T00:00:00,2019-06-06T14:07:46,OK
12c7c0b7-d8f8-433e-8dd0-85ebcb838f6d,28577,30-giorni-per-capire-lautismo-recensione,2022-06-06T00:00:00,2022-06-06T10:32:39,OK
14ff9503-eb8f-49e7-a3b8-83881c131892,22373,la-forza-del-carattere-recensione-libro,2001-06-17T00:00:00,2001-06-17T17:01:23,OK
15fe23ef-ee5c-4c36-9827-844332e99d6d,17309,centri-diurni-coronavirus,2020-04-02T00:00:00,2020-04-02T13:44:02,OK
1542a949-fe70-4d61-b338-50ebc1c88952,6640,non-piu-sedici-anni-realta-bisogni-dellhandicappato-diventa-adulto,1988-06-28T00:00:00,1988-06-28T11:11:42,OK
16087ec2-941a-497f-b965-9311fc2a448e,1217,vicenza-centro-di-formazione-professionale-dell-opera-francescana-charitas,1983-06-29T00:00:00,1983-06-29T16:09:22,OK
13fe2356-879f-4abb-8fd9-aee8f14cb814,19120,nessuna-pieta-che-immagine-trasmettono-dellhandicap-i-mezzi-di-comunicazione-di-massa,2000-10-26T00:00:00,2000-10-26T09:28:44,OK
1479cbc4-5b6b-4865-835d-ea9d2a524068,5846,cresima-marco,1992-09-07T00:00:00,1992-09-07T11:25:50,OK
15e04c3f-6a0f-49de-a268-55a32ce190db,11826,i-nonni-possono-fare-molto,1997-12-15T00:00:00,1997-12-15T18:00:25,OK
157494e7-0367-4fd8-ae0b-4403db0d0758,6933,voglio-mostrarvi-strada,1989-03-21T00:00:00,1989-03-21T14:47:00,OK
166e6283-a084-4db2-a2b7-e6bfed347cd3,34854,il-suo-primo-grido-fu-di-gioia,2010-06-17T00:00:00,2010-06-17T13:03:14,OK
16542cca-35c1-403c-8902-378f3d4bcbda,13620,willow-vrba,2019-11-03T00:00:00,2019-11-03T12:46:25,OK
14c131df-8f16-4471-9fd3-afe90f4224fa,7124,wdsd-2018-giornata-mondiale-delle-persone-con-sindrome-di-down,2018-03-21T00:00:00,2018-03-21T11:31:36,OK
144b9230-17bb-4f21-8b47-ebe30a00292f,3153,epilessia-indicazioni-di-primo-intervento,1985-06-29T00:00:00,1985-06-29T21:39:30,OK
164f5582-821f-4d13-9790-42e89a490d29,10892,a-37-anni-cati-progredisce,1996-09-27T00:00:00,1996-09-27T08:54:50,OK
153d52e8-a418-4d61-b45f-5c72628a559c,38046,dalle-province-124,2013-12-14T00:00:00,2013-12-14T13:15:00,OK
13c3091d-541e-4f9d-96df-f4780687f266,37511,qualcuno-aspetta,2013-03-10T00:00:00,2013-03-10T15:30:04,OK
137c2bd4-8b7a-4742-808e-b63dd55b3d47,38910,la-covazione-di-un-papa,2015-03-19T00:00:00,2015-03-19T12:45:08,OK
16585a87-dc1e-4d21-874f-166271305219,38678,da-un-altro-punto-di-vista,2014-12-15T00:00:00,2014-12-15T14:20:23,OK
152e251f-7145-46e2-a362-114a2f308ed1,34558,la-disabilita-dellinformazione,2009-12-10T00:00:00,2009-12-10T13:03:57,OK
15bfa3b7-ac67-4f9b-ad02-3a70da22d708,12322,roberto-trova-unaltra-casa,1998-09-28T00:00:00,1998-09-28T14:14:58,OK
13e7956d-32bf-49c6-aa64-289ea6ee0df5,41283,il-calcio-spiegato-da-me,2023-08-23T00:00:00,2023-08-23T11:48:36,OK
135cf379-a769-4026-a8cd-d0b18a964bbf,36308,il-vecchio-re-nel-suo-esilio-recensione,2012-03-16T00:00:00,2012-03-16T10:00:09,OK
13b91f77-be32-461e-b786-753828e04e42,33156,dialogo-aperto-n-101,2007-12-12T00:00:00,2007-12-12T16:56:27,OK
15688e83-2ae8-4850-b78f-e36248845f17,7424,dialogo-aperto-n-30,1990-06-19T00:00:00,1990-06-19T10:02:25,OK
16a2ad8b-ac47-472c-9ffa-e2edd70170dd,17706,la-asl-va-in-montagna,2000-06-20T00:00:00,2000-06-20T16:35:32,OK
14277843-6047-4613-9a1f-b5351cd8eb4a,30738,curare-lautismo-a-casa-un-opera-damore,2005-03-16T00:00:00,2005-03-16T08:41:07,OK
18ec63b5-e8ef-4b73-a84a-17c6dbeefdb2,8325,non-ha-piu-sedici-anni,1987-03-21T00:00:00,1987-03-21T13:39:02,OK
1846f3fd-39e8-46f3-85d3-161377dcdca2,12044,lettere-a-jean-matteo-mazzarotto,2012-08-08T00:00:00,2012-08-08T14:04:14,OK
174f8964-89ae-4fe7-a33c-35633096b93e,36102,storia-di-un-uomo-ritratto-di-carlo-maria-martini-recensione,2011-12-04T00:00:00,2011-12-04T09:21:14,OK
1702cd27-8afd-479a-9d05-3d81966a4522,46612,principi-di-azione-per-una-equipe-di-animazione,1981-06-16T00:00:00,1981-06-16T17:50:34,OK
182467d9-b188-454c-8766-c61db77e247b,23603,periodo-pesante-su-spalle-e-cuore,2021-01-30T00:00:00,2021-01-30T10:59:34,OK
185a5742-4b65-467d-bdf4-260c76682029,11993,ciao-jean,2019-05-07T00:00:00,2019-05-07T10:41:07,OK
1ad8e744-6692-464b-8285-9175ffa66d00,13852,cinema-e-disabilita-i-3-film-di-gabriele-niola,2019-11-16T00:00:00,2019-11-16T17:47:57,OK
18f5f3c7-c10e-4eca-b0ff-90e40473fac5,19114,dialogo-aperto-n-72,2000-10-26T00:00:00,2000-10-26T08:22:58,OK
178a26d0-66aa-4a11-ab9a-8dca9cae082a,21133,giovanissimi-io-e-mio-fratello,1975-02-07T00:00:00,1975-02-07T10:16:45,OK
19f1fecb-d7bf-4e93-b92c-e38efa1e105c,39959,come-and-see-meeting-dei-giovani-ad-alicante,2017-09-06T00:00:00,2017-09-06T09:40:44,OK
1890f574-4a4d-4e73-b2e3-59074fb30e7d,25636,che-cosa-fare-con-loro-la-casa-del-sole-e-il-centro-di-solidarieta,2002-12-08T00:00:00,2002-12-08T13:16:18,OK
1a054e8a-7339-499f-b1be-27b187efa0f5,5840,rendere-viva-la-messa-unita,1992-09-07T00:00:00,1992-09-07T10:26:54,OK
1895694d-9d0f-493f-bdb6-52bce86b55ab,12004,intervista-jeanvanier,2013-01-07T00:00:00,2013-01-07T13:41:05,OK
1ac02678-675d-4c39-b086-842812898095,25743,una-foto-da-hong-kong,2021-06-17T00:00:00,2021-06-17T07:18:51,OK
18708c16-679e-4bf9-a9eb-da63155dd14a,29160,specialita-catechista,2022-08-09T00:00:00,2022-08-09T09:25:15,OK
1893b7cc-fb57-4c59-a345-b62471a35239,12926,hanno-avuto-un-grave-incidente,1999-09-13T00:00:00,1999-09-13T07:54:35,OK
17d26555-5406-407a-9c8c-09fa61e071c9,33063,declinazioni-di-speranza,2022-12-15T00:00:00,2022-12-15T13:00:54,OK
1a4b6fe7-ca00-42bc-89df-e556d0b42688,46554,incontro-internazionale-preparativi-e-spiritualita,1981-03-16T00:00:00,1981-03-16T17:10:34,OK
18b4ab1a-bf12-45d4-a080-d764d7ee061a,2358,nessun-uomo-e-una-pietra,1984-06-29T00:00:00,1984-06-29T20:16:44,OK
18edb49a-6229-41be-91c6-37b85c3e0d24,9129,grazie-per-avermelo-fatto-fare-da-sola,1993-06-21T00:00:00,1993-06-21T10:51:48,OK
18774d79-3713-4a4e-8cef-b5cd05418ed5,32441,cose-liperattivita,2007-03-02T00:00:00,2007-03-02T17:00:00,OK
16c68611-4261-48cb-a21e-e2dfb0ac642d,15768407,mal-di-nebbia-recensione,2025-07-28T00:00:00,2025-07-28T11:32:37,OK
16f66b63-16ba-4644-886b-23d64bbad737,44994,la-matta-di-piazza-giudia-recensione,2024-08-16T00:00:00,2024-08-16T11:30:44,OK
189fd20b-2198-4f44-beb1-4e9a60859cf4,13419,dobbiamo-svagarci,2019-12-13T00:00:00,2019-12-13T08:30:45,OK
18124f90-6e01-46a6-8555-7ec6ea14746b,45245,il-paese-dei-pazzi-recensione,2024-08-28T00:00:00,2024-08-28T14:04:02,OK
1726f9c5-6928-4ece-8f01-eb9c661983fe,42200,ricordi-e-speranze-dai-questionari-sul-pellegrinaggio-a-roma-del-1975,1975-12-03T00:00:00,1975-12-03T13:50:34,OK
194a8d85-d1a2-47c5-adf8-c26c0d32a830,32763,da-meditare-senza-fretta,2007-09-09T00:00:00,2007-09-09T15:44:50,OK
1a5c8c50-cb50-428c-b82c-0dabbf1cd8bf,1457,il-manuale-della-buona-educazione,2017-10-23T00:00:00,2017-10-23T09:47:45,OK
1a9844ba-df65-48be-b95b-92d62c8c01cd,28297,viale-di-valle-aurelia,2022-03-28T00:00:00,2022-03-28T11:41:08,OK
19e31726-4e6a-45e5-9c8c-94fc6258ce4c,6067,la-tua-parola-tutti,1998-12-12T00:00:00,1998-12-12T13:00:24,OK
1812345a-6de9-48a0-be99-5dc25f5fabdb,34642,con-cristo-sulle-strade-del-mondo-riflessioni-a-tema-missionario-recensione,2010-03-16T00:00:00,2010-03-16T16:14:10,OK
19530dd6-5e91-4aa0-9d31-6ec457cf3acb,17792,sempre-damigella-mai-sposa,2020-04-24T00:00:00,2020-04-24T00:43:48,OK
188239f1-9dc4-4635-b4d5-a557b8aeb819,31574,i-nonni-una-tenerezza-in-piu,2012-03-16T00:00:00,2012-03-16T11:08:09,OK
19dea50a-c59f-40f4-83cb-2c9c1b17d87b,20251,dopo-di-noi-i-nodi-da-sciogliere-della-nuova-legge,2017-04-02T00:00:00,2017-04-02T13:54:48,OK
16f2009a-79d3-44a8-96d3-6046b3d67c6a,39939,il-signor-parroco-ha-dato-di-matto,2017-09-06T00:00:00,2017-09-06T09:05:44,OK
19889a58-b4dc-4e9b-8942-5e15e51351df,10475,il-mio-nome-e-trappola-la-favola-di-anna,1996-03-03T00:00:00,1996-03-03T09:46:15,OK
16d4af02-73f7-4762-b1fa-10a493c99f75,35717,disabilita-ed-eta-adulta-qualita-della-vita-e-progettualita-pedagogica-recensione,2011-03-04T00:00:00,2011-03-04T15:40:14,OK
17db9008-1447-4178-a9a7-2d5039b78805,36111,avevano-spento-anche-la-luna-recensione,2011-12-04T00:00:00,2011-12-04T09:21:14,OK
19118003-f119-4390-9e82-e661d30603f3,12600,ombre-e-luci-oggi-ha-ancora-senso,1999-06-16T00:00:00,1999-06-16T13:43:55,OK
1a311ea3-c9e8-4741-b85e-818bb7c467bc,30832,pasqua-significa-passaggio,2005-03-16T00:00:00,2005-03-16T16:14:11,OK
19d772b4-174f-4f09-b177-6d40d9826780,37119,pretese-fuori-mercato,2023-05-08T00:00:00,2023-05-08T14:14:06,OK
175734ef-cadf-4f91-8c73-cf9399d78305,25411,nuove-tecnologie-e-disabilita-handimatica-2002-di-cosa-si-parla,2002-09-01T00:00:00,2002-09-01T09:24:16,OK
1ab0151b-d45f-4284-8e61-bea974fcc6f5,39435,se-arianna-recensione,2016-09-16T00:00:00,2016-09-16T09:00:14,OK
195c1df1-3497-495d-8f0d-cb669fc41cc9,34551,niente-giochi-nellacquario,2009-12-10T00:00:00,2009-12-10T13:01:27,OK
196e737b-5057-4d8c-b6a1-b7ea83a5416f,21852,isolato-ma-immerso-nella-vita,2001-12-25T00:00:00,2001-12-25T14:22:45,OK
19055a68-a5a1-4cb3-8842-4ca46e0a5def,18033,dopo-la-scuola-dellobbligo-una-scelta-difficile,2000-09-28T00:00:00,2000-09-28T08:47:28,OK
19cf0c13-ffba-429b-bff1-5098835dd3a5,31221,il-diritto-alla-vita-prima-della-nascita-recensione,2005-12-23T00:00:00,2005-12-23T09:30:24,OK
1933d9cd-94f5-4104-b5bc-488a519da30b,33121,alberta-e-la-rivoluzione,2023-01-11T00:00:00,2023-01-11T11:33:07,OK
195eacec-a4e0-4ce6-8f39-84e6a8780472,8724,giacomo,1992-06-06T00:00:00,1992-06-06T12:01:19,OK
1a9efc85-58f9-4303-96c2-8334a2ec0aad,25931,nove-punti,2021-07-19T00:00:00,2021-07-19T00:07:29,OK
1df11293-1cc9-4b3a-943f-f00b3d40c4ab,17942,si-chiude,2000-09-28T00:00:00,2000-09-28T06:25:06,OK
1cd12122-424a-43ee-8c15-677d1801d4c0,9002,e-ci-aiutiamo-a-camminare,1993-03-18T00:00:00,1993-03-18T13:44:22,OK
1c6d3d5c-4aad-4bab-9784-6060bf9f2ceb,32487,e-sempre-pasqua-il-macigno,2007-06-03T00:00:00,2007-06-03T15:00:18,OK
1b253602-701a-457c-9861-184d86ee11c5,10665,formazione-morale-e-disabili,1996-06-14T00:00:00,1996-06-14T17:30:06,OK
1ce42857-67d4-4131-a070-87e1284503d8,4426,mamma-ti-posso-parlare,2014-03-29T00:00:00,2014-03-29T11:06:35,OK
1df08cc7-b311-4dd1-8ba8-7d0a9869dad0,4444,un-panorama-riscoprire,2014-09-29T00:00:00,2014-09-29T10:19:49,OK
1d053491-2bdd-48cc-8efe-9143399056e1,2192,meb-pittore-gioioso-le-conquiste-di-un-mongoloide,1983-12-28T00:00:00,1983-12-28T16:13:57,OK
1d5a32ae-af60-46d4-bc98-869eae280636,12160,benedetta-raccontata-da-sua-sorella,1998-03-04T00:00:00,1998-03-04T10:09:02,OK
1c9cd379-ac8c-4399-97d6-c1f5103a24bf,15768818,se-ci-sono-novita-sono-contento,2025-12-09T00:00:00,2025-12-09T15:24:31,OK
1bfe42b2-3bee-4e48-af8e-258f0ad018c7,36320,odoardo-focherini-un-giusto-fra-le-nazioni-recensione,2012-03-16T00:00:00,2012-03-16T10:00:09,OK
1b3ed840-da29-44ea-9a36-9c240d48836b,44584,se-assisi-1978,1978-06-16T00:00:00,1978-06-16T10:30:34,OK
1cfac70a-ca37-4c4e-8580-ae7527a8ae1c,6062,fame-di-normalita,1987-06-27T00:00:00,1987-06-27T12:49:13,OK
1d786811-cb4c-4c1a-8693-852740ac77c0,10018,carlo-gnocchi-gli-scritti-1934-1956,1995-06-02T00:00:00,1995-06-02T11:17:45,OK
1e801f37-9b2a-45ea-9000-b67c23294f59,30368,bianco-su-nero-recensione,2004-09-13T00:00:00,2004-09-13T16:58:17,OK
1c7c61b9-fe40-497d-ab14-e9e4ca8d7aa2,10835,dialogo-aperto-n-55,1996-09-22T00:00:00,1996-09-22T08:37:44,OK
1dd0982f-8168-4551-af03-1d4fc8a44963,13030,comunita-il-ricino-di-giona,1999-12-17T00:00:00,1999-12-17T22:03:06,OK
1cf94acd-0e13-4238-b051-14bffaf6f684,24823,the-specials-recensione-tersigni,2021-05-12T00:00:00,2021-05-12T14:31:02,OK
1e1056ea-d2ec-45b0-a00e-765be878839d,38110,dalle-province-n-125,2014-03-29T00:00:00,2014-03-29T11:08:35,OK
1c49d57d-1a09-452c-b0ad-4e168aa382b9,19140,casablu-un-condominio-speciale,2000-10-26T00:00:00,2000-10-26T10:37:52,OK
1e8f4c46-29d4-46f3-a7f0-7a9eb36aade9,5170,il-bambino-difficile,1985-12-24T00:00:00,1985-12-24T13:20:03,OK
1c5e6faa-c7e1-430d-8ada-dcd087c1967d,21378,accarezzando-insieme-lerba,2020-09-23T00:00:00,2020-09-23T00:34:19,OK
1dd04fb0-0388-47e0-ab31-fd4b14c9c633,4704,eccomi,2017-12-07T00:00:00,2017-12-07T13:52:56,OK
1e287c98-f0c7-4be5-8e83-434f9600076d,27843,giochi-2022,2022-11-09T00:00:00,2022-11-09T16:51:01,OK
1d2707cc-251a-40fb-8953-31d76d400591,39374,tutti-a-bordo,2016-06-16T00:00:00,2016-06-16T12:00:14,OK
1ddc9904-d2dd-4002-850f-3c26a1131aec,3121,vita-fede-e-luce-n-10-ricordo-di-don-dario,1985-06-28T00:00:00,1985-06-28T18:10:17,OK
1d4cc1fd-f381-4b46-87a8-a9b161622abf,10016,francesco-portatore-di-handicap-sorride-alla-vita,1995-06-02T00:00:00,1995-06-02T11:14:09,OK
1be6fbc4-b9ad-4969-ba0e-f3826f8d0178,42785,le-spalle-di-dio-recensione,2023-11-12T00:00:00,2023-11-12T12:18:35,OK
1c4d26c7-f5a3-4de2-84c3-efa2a58e3512,15395,gossip,2020-01-22T00:00:00,2020-01-22T13:18:18,OK
1e6bde7e-707c-49b7-908f-456a389e08e9,8935,indice-articoli-per-argomenti,1993-03-13T00:00:00,1993-03-13T16:19:37,OK
1b82b5b0-1766-4e52-bd19-d59ccfb65955,5784,vita-fede-luce-n-16-corso-formazione-ilkley,1986-12-25T00:00:00,1986-12-25T12:29:32,OK
1c136fc2-e196-47b2-b5bc-f6d5cd7f3cb9,33958,dialogo-aperto-n-104,2008-12-07T00:00:00,2008-12-07T19:29:39,OK
1e3d716b-a5eb-4d3c-a1c0-3ca5d867b1f3,2252,lei-non-entra,1984-03-30T00:00:00,1984-03-30T20:21:29,OK
1d3f03e3-f92d-49fd-a492-4a87dda5717e,37441,mai-piu-soli-lavventura-di-fede-e-luce-recensione,2013-03-10T00:00:00,2013-03-10T15:00:04,OK
1e96c318-bbae-4dde-b493-f4134146c466,31317,la-famiglia-messa-alla-prova-dalla-disabilita,2005-12-23T00:00:00,2005-12-23T14:59:25,OK
1c2cb0a5-f1c4-44e0-994f-c82eed672721,10447,quelli-piu-simili-a-lui,1995-12-30T00:00:00,1995-12-30T16:24:02,OK
1b5620ad-c6af-468e-9d1c-6fd07aafc5e6,44607,beati-i-poveri-suggerimenti-per-le-tra-giornate-ad-assisi-1978,1978-06-14T00:00:00,1978-06-14T11:59:34,OK
1c206c15-7fd8-4aa9-871e-2242fefd4bfd,7166,anche-se-non-ho-voce-anche-se-non-sento,1989-06-22T00:00:00,1989-06-22T12:22:28,OK
1d692fa6-eff4-4405-bdf7-aa7bdd033851,39811,dalle-province-n-138,2017-06-28T00:00:00,2017-06-28T09:10:23,OK
1c329bb8-7cdc-4860-b4e4-a84d2d08b68a,8089,a-parigi-al-caffe-della-gioia-che-piace-anche-a-brigitte-macron,2018-05-16T00:00:00,2018-05-16T08:48:28,OK
1e4adf82-446e-430f-9bfb-8d756034a96b,32561,perche-il-dolore-qualche-riflessione,2007-06-03T00:00:00,2007-06-03T15:30:51,OK
1e70f7f9-0c38-4bbc-989b-a8f63405c2e0,6053,dal-diario-di-un-insegnante,1987-06-28T00:00:00,1987-06-28T12:13:59,OK
1baa19df-79c7-44ac-ae14-dd9db9b44dbc,35901,10-buoni-motivi-per-fare-volontariato,2011-06-04T00:00:00,2011-06-04T17:50:14,OK
1d83786b-d3b2-4826-8642-525223f2b225,15767894,a-fathers-camino-walking-side-by-side-with-my-autistic-son,2025-07-30T00:00:00,2025-07-30T12:00:39,OK
1bfddd2d-5d82-4fe2-b39b-7192cbedde19,17100,liberi-di-vivere-come-tutti-prima-conferenza-nazionale-delle-politiche-sull-handicap,2000-03-28T00:00:00,2000-03-28T11:07:51,OK
1c46e650-65a9-4603-9c71-c216110bf1d5,9282,prima-di-andare-a-letto,1993-09-09T00:00:00,1993-09-09T10:04:44,OK
1d8c36a5-2003-42eb-86ca-0e17f6a1c33d,46752,perche-questo-insieme-speciale,1981-12-16T00:00:00,1981-12-16T18:10:34,OK
1be4e3c5-9b63-4061-8bd3-519c9bea45d2,21009,una-mamma-di-bambini-normali,1975-08-01T00:00:00,1975-08-01T10:38:19,OK
1bdef268-278f-4d0a-b54d-5b98cd327a48,32215,alzheimer-ancora-sempre-per-mano,2006-12-28T00:00:00,2006-12-28T08:03:52,OK
1afbfa18-67d2-473f-88d8-5e72e11e6df0,45824,al-rientro-dalle-vacanze-campeggi-campeggi-ancora-campeggi,1979-12-16T00:00:00,1979-12-16T17:30:34,OK
1ceb6a33-9ae5-4510-8f47-6c1ccb900498,27313,mi-volevo-fermare-ma-non-ho-potuto,2021-10-20T00:00:00,2021-10-20T16:32:01,OK
1f1bad49-f8d9-4d50-b3f3-c670594f6b4d,34630,tre-tazze-di-te-recensione,2010-03-16T00:00:00,2010-03-16T16:13:10,OK
1fd3515f-d496-458f-ba48-71347e665ba3,35160,terra-e-polvere-quando-due-vite-scartate-si-ritrovano,2023-03-29T00:00:00,2023-03-29T11:20:59,OK
1feeeab7-4366-4b2a-a497-982df1e217a7,10068,per-dire-grazie,1995-06-02T00:00:00,1995-06-02T12:25:23,OK
208d04e3-4fcb-455a-b398-ce988ef4af11,22246,io-lho-deciso-io-me-stessa,2020-10-12T00:00:00,2020-10-12T11:26:10,OK
203d6a48-edf2-4f44-8af6-3d60327b16c2,6745,aspetto-ci-accorgessimo-2,1988-09-29T00:00:00,1988-09-29T15:11:47,OK
22089713-3e86-4204-9142-cfec62b97323,10589,attraverso-te-docufilm-in-proiezione-gratuita-al-cineland-di-roma,2018-12-14T00:00:00,2018-12-14T10:38:24,OK
20b18b5b-9b46-4530-9390-7c71c7c8ee99,7202,le-case-della-carita,1989-12-26T00:00:00,1989-12-26T10:31:28,OK
1eef1684-6f9b-46ed-8d66-587843744aae,7789,fede-e-luce-giorno-e-notte,1990-09-26T00:00:00,1990-09-26T12:19:37,OK
20dacc40-080f-4a6d-9d2b-034700b5ec41,12672,ci-ha-fatto-vedere-cio-che-non-avevamo-ancora-visto,2019-07-31T00:00:00,2019-07-31T07:35:05,OK
1fb1759a-3843-485f-8260-8b987438a7f5,38245,fede-e-luce-si-ci-siamo-anche-noi,2014-06-29T00:00:00,2014-06-29T09:30:35,OK
21cb9d4d-5234-4001-aea9-2cf650644cb7,8752,integralita-delleducazione-e-diritto-allo-spirituale,1992-09-07T00:00:00,1992-09-07T09:34:05,OK
1f5c7c0a-c892-4d0c-8e67-9eda8a1fc072,46622,dopo-di-me-il-diluvio-commedia-musicale-del-gruppo-fede-e-luce-di-san-paolo,1981-06-16T00:00:00,1981-06-16T17:24:34,OK
205bff6c-7871-472e-9253-022b086ce955,30022,era-difficile-perche-pensavo-sempre-a-lui,2004-03-09T00:00:00,2004-03-09T17:00:55,OK
1f8c2829-2b37-4e63-9571-a6e383172aaa,31111,integrazione-scolastica-il-sostegno-serve-ai-genitori-dei-ragazzi-sani,2005-09-19T00:00:00,2005-09-19T14:59:32,OK
2051e000-9774-4355-8bf9-43422c5ddd44,7335,radiografia-di-ombre-e-luci,1990-03-20T00:00:00,1990-03-20T11:42:06,OK
219b9630-9bdb-4449-99a8-798cc46d8d5f,22361,il-piano-educativo-riabilitativo-individualizzato-per-il-disabile-mentale-adulto,2001-06-17T00:00:00,2001-06-17T16:47:45,OK
1f7dff02-d357-471b-8619-1e7875d9eda8,13442,vita-fede-e-luce-n-147,2019-10-29T00:00:00,2019-10-29T11:33:43,OK
21395a2b-5f4f-460b-89eb-916e282d357c,17906,gesu-basta-acqua,2000-09-27T00:00:00,2000-09-27T09:41:47,OK
21d375d7-34ed-43f5-a3b9-9ef81bc1bfba,42751,storie-dallestremo-oriente,2023-12-12T00:00:00,2023-12-12T09:20:21,OK
216f674e-10ae-4651-be3b-d27af5954ac4,34406,amore-caro-a-filo-doppio-con-persone-fragili-recensione,2009-06-10T00:00:00,2009-06-10T09:54:55,OK
1ee3b18b-64dd-40e1-bc58-49638785462f,21747,la-seconda-occasione-recensione-libro,2001-12-25T00:00:00,2001-12-25T11:07:07,OK
1f9c42d1-69bc-46a8-879b-29a2c19c99fb,3040,crescere-insieme,1985-03-29T00:00:00,1985-03-29T14:01:48,OK
1ede47d6-1387-4aa2-b4d9-09e50016144b,30883,il-mondo-delle-cose-senza-nome-recensione,2005-06-17T00:00:00,2005-06-17T14:29:49,OK
1ed8d481-9b00-4d30-ab2e-9ff69f6c7587,2201,vita-fede-e-luce-n-4,1983-12-29T00:00:00,1983-12-29T16:27:29,OK
204dc2f0-8ca8-4472-ba1a-5dc48dbb8403,3035,mio-fratello-era-handicappato,1985-03-30T00:00:00,1985-03-30T14:43:11,OK
20c33b80-4e33-419c-8b47-e192660167c3,5776,come-i-cerchi-nellacqua,1986-12-26T00:00:00,1986-12-26T12:06:49,OK
21f42ee8-ddc4-449a-a728-59e462a36dc4,35586,mamma-che-campo,2010-12-03T00:00:00,2010-12-03T17:05:12,OK
21d4527e-7d56-485c-93c5-f5b8dc6304fe,38222,il-motivo-per-cui-salto-recensione,2014-06-29T00:00:00,2014-06-29T09:00:35,OK
21f0ff6a-0d4c-4ddd-a8c9-71822403c0fd,16205,noi-non-loro-apriamo-il-dibattito,2020-02-07T00:00:00,2020-02-07T09:44:00,OK
21944179-5e86-4d1b-9848-71b3b80ddc7a,35616,io-non-voglio-estranei-in-casa,2010-12-03T00:00:00,2010-12-03T17:22:12,OK
20ffad3d-257c-46eb-a934-45acd53fac21,38442,pharmakon-la-storia-del-talidomide-recensione,2023-05-29T00:00:00,2023-05-29T08:43:15,OK
1ecedcb5-d3c5-4c47-bc28-bcd4f3188ec5,38972,lo-zaino-di-emma-recensione,2015-03-19T00:00:00,2015-03-19T09:40:53,OK
1f2a3437-11f5-4a77-8453-eaccef4b0ad3,9006,proibito-amarlo,1993-03-18T00:00:00,1993-03-18T14:15:31,OK
1f8b4102-6f81-463a-b9fa-339c7488eb3c,67,lesperienza-della-solitudine,1983-03-22T00:00:00,1983-03-22T10:47:56,OK
2083238a-8092-4b84-ab4a-1886662513d2,29019,autismo-e-integrazione-scolastica,2003-12-22T00:00:00,2003-12-22T12:48:14,OK
21beb932-d897-4994-a3b1-77188487d881,5854,dio-non-differenze,1995-12-07T00:00:00,1995-12-07T11:47:55,OK
2105a9dc-39e4-445f-913b-c3eb6ec67020,10331,finestre-di-speranza,2018-11-26T00:00:00,2018-11-26T13:43:38,OK
21461678-4cec-4dfb-b967-4375827d5f8f,39777,dettagli-inutili-recensione,2017-06-28T00:00:00,2017-06-28T09:00:23,OK
2053e9b3-05d2-4653-aed7-c7b728ac2380,44301,notiziario-fede-e-luce-calendario-1978,1977-12-03T00:00:00,1977-12-03T15:50:34,OK
204b42a4-53db-488f-9023-9a84db4511ce,21664,sembra-ieri-newsletter-estiva-n-24,2020-09-18T00:00:00,2020-09-18T06:19:50,OK
205b8ef9-543d-4c54-a771-104063f70524,12388,la-tua-parola-e-per-tutti-henri-bissonnier,1998-12-10T00:00:00,1998-12-10T15:17:54,OK
1ef1948a-e06c-4538-8aa1-ec80869367e3,36224,liguana-non-vuole-recensione,2012-03-16T00:00:00,2012-03-16T09:37:58,OK
20c34fa5-14bc-4142-9f7d-cd5f3b46f4da,12564,vita-fede-e-luce-n-65,1999-07-16T00:00:00,1999-07-16T12:30:58,OK
2131ebc6-7c5e-46fa-a544-bee1a52b5be5,5650,casa-sacra-famiglia,1986-09-28T00:00:00,1986-09-28T11:42:22,OK
20c50def-3202-4235-8150-512ae858fee0,39978,safesurfing-navigare-nella-rete-in-sicurezza,2017-09-06T00:00:00,2017-09-06T10:35:44,OK
21992d61-9324-4d65-a019-8cf89f4d68dd,30319,come-guardano-i-bambini,2004-09-13T00:00:00,2004-09-13T15:59:18,OK
2090d561-e9d8-4a6a-b399-6875c72154db,31439,ne-giusto-ne-sbagliato-recensione,2006-03-30T00:00:00,2006-03-30T09:24:07,OK
20fc2b58-5bf9-4222-af1b-71d8fa925cf3,37407,dialogo-aperto-n-120,2012-12-10T00:00:00,2012-12-10T15:38:04,OK
22042862-1a9c-46c2-8279-e0847923f9e1,31479,counseling-in-rima,2006-03-30T00:00:00,2006-03-30T10:37:03,OK
21b913de-fd0f-4c53-b359-7b08dd5715d8,12954,perche-mio-papa-non-puo-giocare-con-me,1999-09-17T00:00:00,1999-09-17T18:39:29,OK
2279678a-be2e-4999-989c-5ad885e442bc,44797,katimavik-una-parola-eschimese-che-vuol-dire-incontro,1978-12-16T00:00:00,1978-12-16T09:30:34,OK
223c0c2b-fb6f-4949-93b5-e48fc5a6ad07,45918,di-nuovo-in-cammino,1980-03-16T00:00:00,1980-03-16T18:59:34,OK
23507f5a-b3b1-42af-a332-3af86c9cfe59,37334,l-altra-famiglia-storie-e-percorsi-di-affido-al-villaggio-sos-recensione,2012-12-10T00:00:00,2012-12-10T15:00:04,OK
24e4b245-3362-4e04-8382-173f1be828a0,30805,dialogo-aperto-n-89,2005-03-13T00:00:00,2005-03-13T15:51:45,OK
261c64ea-e0da-4c4c-9c3d-cf8ac2a6e22c,8145,dialogo-aperto-n-33,1991-03-15T00:00:00,1991-03-15T11:35:37,OK
23b0e60c-baad-4b3d-95dc-9d72f72ee35e,47125,anelli-di-incontri,2025-02-07T00:00:00,2025-02-07T14:18:22,OK
261fa864-2d32-44aa-8249-a4999201921d,43,ombre-e-luci,1983-04-04T00:00:00,1983-03-31T10:12:24,OK
262d6ff8-5ea0-42b0-8a9d-c1f7f9c308e6,46477,incontro-internazionale-e-nazionale-un-ponte-di-solidarieta-tra-paesi-e-comunita,1980-12-16T00:00:00,1980-12-16T16:00:34,OK
22bb9753-7125-4ac9-bb35-4a72f86cec3b,20643,storia-di-un-traghettatore,2020-07-22T00:00:00,2020-07-22T11:26:31,OK
25faf32f-3ed4-4285-9dde-02eb2a13e858,21216,il-linguaggio-dellarte,2020-08-16T00:00:00,2020-08-16T11:00:41,OK
2372a1bb-4f44-49fb-9447-7a61fbc874dc,20624,testimonianza-di-un-risveglio,2020-07-21T00:00:00,2020-07-21T14:48:08,OK
2209ba21-8a6f-410f-a87f-61bf4842f4c2,44671,esperienze-al-gruppo-fede-e-luce-la-mamma-di-massimo,1978-09-15T00:00:00,1978-09-15T09:30:34,OK
25a570e6-8f0f-4aff-85dc-1d87c138f072,14652,ho-imparato-da-sola-a-divertirmi,2019-12-02T00:00:00,2019-12-02T09:35:35,OK
23e92712-a603-450c-982e-fc22147543b6,33783,la-storia-di-giovanni,2008-09-03T00:00:00,2008-09-03T12:22:39,OK
23f87dee-db0b-4360-b12b-3ff1f216cd1d,7270,biblioteca-ombre-e-luci,2018-03-28T00:00:00,2018-03-28T13:27:15,OK
23e5c88c-2679-48d4-adae-316ddad05681,4151,bacheca-facebook,2015-12-15T00:00:00,2015-12-15T13:25:09,OK
23b07b0a-4098-4c02-bb01-60b97a52a3ce,21184,cercare-di-starci-su-questa-barca,2003-01-08T00:00:00,2003-01-08T09:19:13,OK
22b50490-2c62-4857-a9f7-50d7f3bcec3a,41369,piccola-marcia,2023-09-14T00:00:00,2023-09-14T12:22:54,OK
263660df-38f8-4f00-a8a2-67d2d48ca3c4,45804,saluta-la-tua-insegnante,1979-12-16T00:00:00,1979-12-16T18:33:34,OK
25fc262f-f889-4b4f-93f9-a4ad16a06843,3141,uomo-e-donna-li-fece-per-una-vita-damore-autentico,1985-06-27T00:00:00,1985-06-27T21:17:23,OK
23e7f68c-a4a2-4b89-91cf-c944454f2498,23998,andiamo-avanti,2002-03-10T00:00:00,2002-03-10T18:09:17,OK
2293e815-f06e-4746-aa1c-27a3dce53c0e,4836,un-salsicciotto-tanta-acqua-un-po-coraggio,1986-03-25T00:00:00,1986-03-25T12:11:26,OK
24d0b6f9-93f7-49d7-b9e6-b35c51cfcebf,6732,come-fare-leducazione-religiosa,1988-09-27T00:00:00,1988-09-27T14:42:44,OK
22bf2e65-0ad5-4a90-ae87-4906d292b4d5,26973,larte-di-chiedere-aiuto,2003-09-04T00:00:00,2003-09-04T15:42:07,OK
25bf5304-8262-485b-8eea-c774d548ce5c,33645,bari-scintillante,2023-01-31T00:00:00,2023-01-31T19:56:24,OK
226be793-3b5e-4c8c-adea-99a7248162a2,8849,manuale-di-informazione-sullhandicap,1992-12-13T00:00:00,1992-12-13T08:33:25,OK
25eb52e2-c9ce-4515-95b7-0434d81a8070,37465,viola-e-mimosa-da-citta-del-messico,2013-03-10T00:00:00,2013-03-10T15:03:04,OK
23ca54c7-2013-49f0-a57f-85f02d868169,43525,together-a-san-pietro,2024-02-19T00:00:00,2024-02-19T12:02:55,OK
2648f8bb-7056-47b5-9c81-8ab7c3495902,37668,istituto-mio-dio,2013-06-10T00:00:00,2013-06-10T15:35:04,OK
2323d3bf-9c71-4e97-a7f1-01641c8d8dbc,2400,il-nostro-cucciolo-di-due-metri-storia-di-un-adozione,1984-09-29T00:00:00,1984-09-29T10:54:25,OK
22afe8d6-92c1-4c27-9fef-d50b6ec8b4f8,38834,aprirsi-ad-altre-famiglie,2015-03-19T00:00:00,2015-03-19T10:45:08,OK
26517be6-1213-4986-aa2a-fdecb268c438,7783,viaggio-insieme-per-crescere-tutti,1990-09-26T00:00:00,1990-09-26T12:14:46,OK
253db069-5e6c-42b0-94ae-ae224b3cfae9,7572,gioco-al-centro-milano-inaugura-un-parco-accessibile,2018-04-20T00:00:00,2018-04-20T09:21:24,OK
22c626f8-423d-4685-ba12-4f5a46e6d0d9,11600,venite-e-vedete-un-ritiro-con-jean-vanier,1997-09-19T00:00:00,1997-09-19T11:45:21,OK
244c3333-7adf-42ff-8673-ba4b3a1de43e,5304,visto-visto-tante-cose,1986-06-24T00:00:00,1986-06-24T12:43:41,OK
23e2667c-e167-42fd-acc6-f0176541cda4,9405,imparando-a-vivere-bene-con-jimmy-2-parte,1993-12-23T00:00:00,1993-12-23T09:30:52,OK
25fe4cf3-0790-40e2-a791-127b2cacc6a7,10943,dialogo-sulla-disabilita-a-palermo,2019-01-02T00:00:00,2019-01-02T12:09:24,OK
224ab67b-5100-4ed7-bb2b-abc1533a3d48,12252,vita-fede-e-luce-n-63,1998-09-25T00:00:00,1998-09-25T10:57:56,OK
24e5b827-60c5-4ca2-b49c-cbf2cf1d763f,1560,ombre-e-luci-n-1-1983-sfogliabile,1983-03-23T00:00:00,1983-03-23T19:23:25,OK
25397d17-d1bb-454e-bae9-9814271f6f49,19990,i-percorsi-piu-invisibili-newsletter-n-18,2020-06-19T00:00:00,2020-06-19T07:19:17,OK
24682a50-ce9e-409d-9e05-c5be68708981,8996,laboratori-storie-di-lavoro-e-di-amicizia,1993-03-18T00:00:00,1993-03-18T11:19:45,OK
245243d9-5744-4027-ad03-266a2db3ef89,1440,tornare-ad-assisi-passando-da-roma,2015-09-22T00:00:00,2015-09-22T09:17:40,OK
25d2be2a-01db-4581-aef6-ee1b133986a5,36071,dialogo-aperto-n-115,2011-09-04T00:00:00,2011-09-04T20:10:14,OK
238f151a-521a-4263-ac19-314b284c3ec3,31785,ognuno-ride-a-modo-suo-recensione,2022-10-21T00:00:00,2022-10-21T11:02:46,OK
264d666a-9cc6-481f-8acc-9f36a2fa7e46,7762,lanimo-pieno-di-gratitudine,1990-09-26T00:00:00,1990-09-26T11:46:29,OK
246e9dc7-8ab0-4a1e-b971-783c9ad3a301,6774,comportarvi-incontrate-persona-portatrice-handicap,1988-12-25T00:00:00,1988-12-25T19:01:58,OK
22980a7e-ad70-430d-805d-4422c4d01148,6849,gli-oscar-premiano-la-disabilita-miglior-corto-la-storia-bambina-sorda,2018-03-07T00:00:00,2018-03-07T14:36:37,OK
25e7c622-2092-4354-a0f8-055305665166,10657,anche-loro-hanno-una-propria-storia,1996-06-14T00:00:00,1996-06-14T17:23:21,OK
232191a7-b554-4fbe-82cd-a8abde5781a5,39852,insolito-ragionamento-sul-migrante,2017-06-28T00:00:00,2017-06-28T11:35:23,OK
22800435-6a50-42da-9f74-2f903d16253e,45309,per-la-nostra-riflessione-prendete-e-mangiatene-tutti,1979-06-16T00:00:00,1979-06-16T19:50:34,OK
272b7a76-e296-4f92-bd71-9f4d48a4d13c,1195,fermatevi-per-ascoltarci,1983-06-29T00:00:00,1983-06-29T18:47:24,OK
2680b4d3-6063-4bcd-b196-78f3b6b1c1e5,7926,ma-non-sono-sola,1990-12-27T00:00:00,1990-12-27T08:07:31,OK
27fd9b7b-7163-47d6-9dc4-9b06fb275d3d,31954,il-prof-ha-detto-che-mi-vuole,2022-10-24T00:00:00,2022-10-24T10:39:18,OK
265701e0-9aed-4812-9891-02209f6b13bf,11526,dialogo-aperto-n-58,1997-06-12T00:00:00,1997-06-12T08:30:51,OK
26c5e8b3-a4fd-4915-859c-8f79df092970,34436,sotto-i-riflettori-sempre-senza-protesi,2009-06-10T00:00:00,2009-06-10T10:05:04,OK
26f669bb-bf6b-4dd2-b600-5d1b78cac8b1,26332,la-missione-del-sacerdote-nella-comunita-fede-e-luce,2003-03-13T00:00:00,2003-03-13T15:10:20,OK
27d443c7-cec5-4c93-a862-bbd5fff5ce4f,39719,i-geni-del-passato-handiche,2017-03-16T00:00:00,2017-03-16T10:50:14,OK
282fdf9e-3b6b-48a8-bca9-ff8aa941bb07,35406,lettera-a-jean-annik,2010-09-30T00:00:00,2010-09-30T17:00:59,OK
274be708-fddf-4bb3-8cc9-aa649a5fbd29,48334,di-chiavi-e-di-porte,2025-05-12T00:00:00,2025-05-12T14:13:54,OK
284c7f02-36a8-45ae-b5f5-f35968b094d8,35988,nessun-profitto-recensione,2011-09-04T00:00:00,2011-09-04T19:45:14,OK
279db387-e7b5-4266-8281-c1ae962a3796,21112,il-momento-piu-bello,1975-02-07T00:00:00,1975-02-07T09:26:31,OK
274400c6-0275-4145-a438-77a188a8294e,18212,giovedi-gnocchi,2020-05-07T00:00:00,2020-05-07T16:12:36,OK
27ae50fa-84c9-4de4-a84e-82aaa15cb18c,38459,il-carro-una-casa-famiglia-per-tutti,2014-12-15T00:00:00,2014-12-15T07:25:23,OK
27c498fa-aa37-493e-8b7e-df67f6e54efc,32061,terapie-corpontamentali-teacch-vs-aba,2006-09-27T00:00:00,2006-09-27T14:58:13,OK
272cd267-7966-438c-b6d2-e4ba56048e4e,34828,e-legittima-l-assistenza-sessuale-alle-persone-handicappate,2010-06-17T00:00:00,2010-06-17T11:01:14,OK
270dd2e4-ae61-40f9-929d-76df86f1aac8,29186,in-diretta-da-locarno,2022-08-09T00:00:00,2022-08-09T11:16:46,OK
26f42ba7-a18a-4d5e-bac3-9d9a2b60b4d2,37689,tra-paura-e-desiderio-di-sapere,2013-06-10T00:00:00,2013-06-10T15:57:04,OK
26706730-5032-4e41-9b5a-c0f1f11dc0e8,19123,lo-scatto-della-pantera,2020-06-03T00:00:00,2020-06-03T13:36:20,OK
28f6b37b-f242-4df8-b497-e800d2645354,31399,cartelli-divertenti-letti-sulle-porte-delle-parrocchie,2006-03-30T00:00:00,2006-03-30T08:25:39,OK
26687333-0ddf-4365-ad55-ae5f117e864a,16427,la-bambina-morbida,2020-03-30T00:00:00,2020-03-30T05:27:23,OK
280a11bc-b92c-4f9b-a2ca-05244b0a7c1e,39452,dalle-province-n-135,2016-09-16T00:00:00,2016-09-16T09:10:14,OK
296a4d5f-bca9-4dd9-9083-39510db8dd9d,17583,la-logica-dellutopia-quando-nacque-la-comunita-di-capodarco-recensione,2000-06-20T00:00:00,2000-06-20T08:55:01,OK
271a4ef5-90f5-47c0-8028-1b197752062a,8094,progetto-sperimentale-di-assistenza-balneare-a-crotone,2018-05-21T00:00:00,2018-05-21T10:04:42,OK
28758841-7a0c-47a7-8bc7-529c5f297ca9,37460,fede-e-luce-dalle-province-n-121,2013-03-10T00:00:00,2013-03-10T15:01:04,OK
27936de4-5088-41f7-a67c-d3747ee6568e,45595,mattone-su-mattone,1979-09-16T00:00:00,1979-09-16T19:20:34,OK
2879185b-8cec-45a1-9075-7b956bc9278d,36260,riscoprire-la-grazia-della-confessione,2012-03-16T00:00:00,2012-03-16T09:58:58,OK
280c9ebd-2c46-465c-b762-8a6941d16653,9508,la-forma-della-voce-recensione,2018-06-30T00:00:00,2018-06-30T07:09:19,OK
27201dc1-5f51-406c-94b1-b512b51c5755,10411,centro-sperimentale-per-lautismo,1995-12-30T00:00:00,1995-12-30T11:46:37,OK
26eadc17-189d-404d-8c66-d7d5c1f324b5,45812,dialoghi-scomodi-amicizie-vere,1979-12-16T00:00:00,1979-12-16T18:31:34,OK
28edb7f3-c9de-4bfa-9e4f-91c63cdcba04,32144,irradiare-la-pace-come-fanno-loro,2006-09-27T00:00:00,2006-09-27T15:36:36,OK
2859e4f1-26f7-44bd-93f5-1c80861d8dc3,7476,arrendermi-o-agire,1990-06-21T00:00:00,1990-06-21T11:32:08,OK
26b50061-1106-40c5-8680-d144a035d3af,4894,bambino-non-vedente-pluri-minorato,1986-03-10T00:00:00,1986-03-10T08:38:28,OK
28ee9ba3-b371-4224-9d6b-986f9d2fc49e,16884,iorestoacasa,2020-03-19T00:00:00,2020-03-19T07:38:43,OK
27e2ae15-119d-42eb-8da8-1b14d3d52baf,46195,alessandro-bertolini,1980-06-16T00:00:00,1980-06-16T17:10:34,OK
28318de0-0e5c-49e2-acab-b5674f2509f0,32752,un-terremoto-a-ciel-sereno,2007-09-09T00:00:00,2007-09-09T15:38:26,OK
28f0f6f2-3e6f-4836-bc5b-0e8eec07601e,34555,ricordo-di-alda-merini,2009-12-10T00:00:00,2009-12-10T13:02:47,OK
2919947b-a3a3-42b8-bac5-fc8d822f5d20,21871,dialogo-aperto-n-76,2001-12-23T00:00:00,2001-12-23T15:15:21,OK
28de3ce5-dfc1-4fb7-b9a3-43265fa9c1f6,26429,come-risponderti-alberto,2003-03-13T00:00:00,2003-03-13T16:23:30,OK
27769b29-f072-4a95-a5b9-70f9a8a82c25,2274,vita-fede-e-luce-n-5,1984-03-28T00:00:00,1984-03-28T19:26:21,OK
289d7da3-3acc-4353-a8a8-e066dab60d6f,19848,mi-importa-solo-come-sei-ora,2020-06-17T00:00:00,2020-06-17T12:31:14,OK
29340212-e728-4ec7-80c5-6c79dc471213,25325,nuova-ricetta-a-masterchef-una-delicatezza-non-pietosa,2019-01-27T00:00:00,2019-01-27T14:18:32,OK
293979d9-7251-4091-a9d4-f69c93c6793e,1957,lassistenza-educativa-al-bambino-con-paralisi-cerebrale-nella-prima-infanzia,1983-06-01T00:00:00,1983-06-01T12:13:38,OK
2865ed49-def0-41ac-b578-3bf3f6cd6df3,12687,la-tenerezza-di-jean-in-un-film,2019-08-12T00:00:00,2019-08-12T05:31:44,OK
288ba3f2-3a36-445f-8a84-70adf2551e26,43302,mio-figlio-emanuele-la-straordinaria-esperienza-di-una-madre-recensione,1977-03-20T00:00:00,1977-03-20T09:10:34,OK
26656443-a37e-4c5d-a79b-3cf7af1b9020,48864,lourdes-a-miracle-of-encounter,2014-12-14T00:00:00,2014-12-14T00:35:17,OK
29513721-8c02-491d-8b73-be6c648f4df7,22768,ol-incontra-jorit,2020-11-11T00:00:00,2020-11-11T08:25:41,OK
293de8d2-bfed-4d80-b844-d28981948202,3031,ma-dopo-l-incontro-non-li-vedo-piu,1985-03-29T00:00:00,1985-03-29T13:39:21,OK
28a655aa-d7bc-449f-9dbd-3325efa0a43f,13182,lucrezia-e-il-marco-di-ieri-e-di-oggi,2019-10-17T00:00:00,2019-10-17T08:37:34,OK
28dcad3f-81f3-4a3e-928c-b1affc1b23b0,13097,apre-la-prima-co-housing-per-persone-con-disabilita-nel-veneto,2019-09-24T00:00:00,2019-09-24T09:37:58,OK
28dc5054-faae-45ef-a370-e2c3b26b7fab,8612,ora-manuela,1992-03-05T00:00:00,1992-03-05T10:15:38,OK
2bee1c21-198f-4bb0-987c-6d7a8dd477aa,6575,villa-san-giovanni-di-dio,1988-03-28T00:00:00,1988-03-28T15:24:13,OK
29879bb7-f20b-4d13-b501-891e39c75d46,3018,non-solo-tutto-lanno-ma-tutti-gli-anni,1985-03-30T00:00:00,1985-03-30T17:23:38,OK
2c799b2a-fde0-4574-af9d-7b0132b66fa5,12898,vivere-con-un-figlio-down-per-costruire-giorno-per-giorno-un-rapporto-damore-e-un-progetto-di-vita,1999-09-13T00:00:00,1999-09-13T06:47:11,OK
2ba9cc10-e2fa-4292-8655-8c9067a27bf1,28991,per-il-weekend-vado-in-villa-recensione,2003-12-22T00:00:00,2003-12-22T12:32:08,OK
296fd8a8-17c4-46ea-a05d-64a12e9bb2c4,9258,cammino-di-preghiera,1993-09-09T00:00:00,1993-09-09T08:53:49,OK
2b017cbb-c60b-4c31-9494-425723c6ba7d,15767709,tuffarsi-nelle-storie-ma-mai-da-soli,2025-07-25T00:00:00,2025-07-25T08:56:18,OK
2a19a81c-67b3-4685-b915-be15510b0ef4,1960,non-temere,1983-06-01T00:00:00,1983-06-01T12:15:31,OK
2aaef25f-06cf-44ba-b4e7-4546c8f9df2f,609,dialogo-aperto-numero-2,1983-06-17T00:00:00,1983-06-17T13:36:14,OK
2d01aa04-7c6f-4413-98bf-8f0093210608,6956,paprika-la-serie-cartoni-supera-lhandicap,2018-03-14T00:00:00,2018-03-14T11:24:18,OK
2d4819ed-e4b8-4e34-8cd7-61a3927c1e09,5857,aspetto-ci-accorgessimo,1988-09-28T00:00:00,1988-09-28T12:11:07,OK
2d866075-3eb6-43dd-8b82-c5f37594b7bf,33932,apadest-associazione-piemontese-amici-della-sindrome-di-turner-una-grande-sorpresa,2008-12-07T00:00:00,2008-12-07T19:18:10,OK
2cf7ffdf-27ce-49f8-820c-a1674998e043,38542,mirtilli,2014-12-15T00:00:00,2014-12-15T08:00:23,OK
2accc805-aea2-43ed-a1df-7e018d809907,9007,un-mondo-che-cambia,1993-03-18T00:00:00,1993-03-18T14:17:05,OK
2abc0059-367f-4790-864d-d74848ecfbbe,4078,mi-saro-fatto-un-idea,2015-01-13T00:00:00,2015-01-13T14:42:43,OK
2d01f5ce-7db8-4bfc-8edf-24e443e2bf15,27757,farsi-prossimo-recensione,2022-01-27T00:00:00,2022-01-27T11:13:04,OK
2b8dc539-56ad-4c04-a5f2-c487f406cc29,38776,un-tesoro-inestimabile,2015-03-19T00:00:00,2015-03-19T10:00:08,OK
2bf21776-ca37-4f7b-a9cd-1cb55d97769b,28578,la-cura-dellamore-recensione,2022-06-06T00:00:00,2022-06-06T11:26:51,OK
2a2896e4-3e70-458e-8045-7f65695d56f5,13728,cinema-e-disabilita-3-film-secondo-federica-aliano,2019-11-16T00:00:00,2019-11-16T11:11:57,OK
2d00fefd-ee29-439e-b3d2-f7362040a55e,4442,senso-la-vita-paolo,2010-03-29T00:00:00,2010-03-29T11:12:23,OK
29f95923-8097-4cc8-8aff-7f985e162e76,36125,tre-domande-ed-un-pellegrinaggio,2011-12-04T00:00:00,2011-12-04T09:30:14,OK
2d01f039-ea41-41a4-bd3e-165a41f0b561,10650,itaca-laboratorio-di-attivita-artistiche,1996-06-14T00:00:00,1996-06-14T17:17:59,OK
2bf6e796-5702-4015-b905-4c9bdcf7ea6d,10001,cera-una-volta-un-pescolino-rosso-e-paperottino,1995-06-02T00:00:00,1995-06-02T10:57:56,OK
2a379c88-7b08-417f-b824-075f8f1e96d8,5745,tutto-quello-che-ha-fatto-per-noi,1986-12-29T00:00:00,1986-12-29T11:01:38,OK
2cb11ad6-fcfe-4d15-a58c-5779d63c80da,7828,incontro-di-una-comunita-di-fede-e-luce,1990-09-26T00:00:00,1990-09-26T12:47:38,OK
2b742ac4-8d34-4154-af27-c0f92f134239,3158,epilessia-una-malattia-neurologica-ancora-sconosciuta,1985-06-29T00:00:00,1985-06-29T21:50:12,OK
2c86c9bc-0a0b-40fb-b9a1-c164041eb9b7,3143,dialogo-aperto-n-10,1985-06-27T00:00:00,1985-06-27T21:19:26,OK
2a96fe6d-74b9-4b9f-a48c-78e63df7b430,20757,la-paura-degli-altri,1974-06-28T00:00:00,1974-06-28T20:30:10,OK
2bc68ee5-bab4-4da4-bce2-ec3963ae842b,16300,quaranta-occhi-puntati-dritti-su-di-te,2020-02-28T00:00:00,2020-02-28T10:01:46,OK
2cafba79-6f0b-4e32-aeec-dfb47c0bbaba,32890,la-grande-famiglia,2007-12-10T00:00:00,2007-12-10T18:27:16,OK
2ace9da7-e1af-419f-9345-55d2a4cd8f34,25842,i-deboli-di-pace,2003-03-01T00:00:00,2003-03-01T16:34:35,OK
2c9f8900-20a0-47a2-bf3c-02baca212a10,35973,tra-individualismo-e-impegno-i-giovani-hanno-bisogno-di-concretezza,2011-06-04T00:00:00,2011-06-04T19:40:14,OK
2b4008e1-c957-47dc-beb5-349cb84a70ac,12943,nasce-network-sociale-la-rete-di-organizzazioni-del-ravennate,2019-09-15T00:00:00,2019-09-15T11:06:15,OK
2d772203-3631-4095-b555-be6a08dfe450,11747,faccio-salti-altissimi,2019-04-15T00:00:00,2019-04-15T06:48:56,OK
2c1a7cfc-853d-4b7a-aed4-920021263e74,10461,vita-fede-luce-53,1996-03-03T00:00:00,1996-03-03T08:48:11,OK
2bbe57c9-405b-4bb8-804c-1d12473e68da,8179,educare-al-servizio,1991-06-21T00:00:00,1991-06-21T09:50:43,OK
29c556f3-7447-468e-abc8-584f33edc276,7729,incontro-internazionale-edimburgo-agosto-1990,1990-09-26T00:00:00,1990-09-26T10:52:48,OK
2cede190-56cd-4184-b29e-2bb519604e92,15145,dialogo-aperto-n-148,2020-01-03T00:00:00,2020-01-03T11:57:15,OK
2c909606-60c0-46a9-af16-45bd7fcf7e49,15768320,che-bello-vedere-tanti-giovani,2025-10-28T00:00:00,2025-10-28T12:09:57,OK
2d55b0b3-8d09-40a8-bf78-b5aad4e7d5c4,6083,perche-nessuno-sia-dimenticato,1992-09-12T00:00:00,1992-09-12T13:11:21,OK
2ce38e6f-66b3-49a3-a5fc-5abef4d3085b,40327,segni-dellamore-di-dio,2018-06-30T00:00:00,2018-06-30T09:55:28,OK
2ca2a785-a122-466f-8dbd-f6b07e28888b,26782,sessualita-e-disabilita-traumatizzata,2003-06-23T00:00:00,2003-06-23T16:29:19,OK
2b0a434a-dad2-4a80-9447-78c2bb4e00e3,40283,dalle-province-n-142,2018-06-30T00:00:00,2018-06-30T09:00:13,OK
2c54f5b0-4735-4201-8ef3-8d60a8d31bdc,7199,vita-fede-e-luce-n-28,1989-12-26T00:00:00,1989-12-26T10:21:51,OK
2c69b78a-3238-41d4-b893-5a5f8c758165,45494,io-che-aspetto-sempre-lalba-non-gli-scout-alla-messa-di-mezzogiorno,2024-10-16T00:00:00,2024-10-16T13:46:24,OK
2a297686-7c28-442d-966b-5ab6bba0914b,40406,scarti-o-pietre-portanti,2018-07-20T00:00:00,2018-07-20T13:30:21,OK
2d7d466f-43a0-47c9-9372-d391cfdbcc5e,43132,lettera-aperta-a-padre-michel-charpantier,1976-12-20T00:00:00,1976-12-20T11:52:34,OK
2d106fb3-39dd-45c1-9a5e-c2cd2ed71d42,26106,ombra-e-luce,1975-05-03T00:00:00,1975-05-03T12:17:45,OK
2abeed77-8d2a-4efd-9db5-36b2b8c5724c,31487,bella-di-nonna,2012-03-16T00:00:00,2012-03-16T11:04:33,OK
2b237538-6247-4dda-b251-6e8863a68396,38585,chi-ha-seminato-nelle-lacrime-miete-nella-gioia,2014-12-15T00:00:00,2014-12-15T09:15:23,OK
2a1b9a23-95f3-42a8-a3bf-5ee00647fd4f,46874,fede-e-luce-pasquale,1981-12-20T00:00:00,1981-12-20T14:40:34,OK
2e2ff878-aa09-42f2-91b4-0c7f507a4cef,18059,accostarsi-alla-verita,2000-09-28T00:00:00,2000-09-28T09:47:48,OK
2f544934-5737-47bb-b80a-0e3e82487a53,46920,tu-sostieni,1981-12-20T00:00:00,1981-12-20T13:10:34,OK
2e768ee9-463a-4170-90a0-ed0964f83a92,11114,solitudine-nella-sofferenza,1996-12-15T00:00:00,1996-12-15T16:24:19,OK
304e8bca-f343-4429-a6a7-9b640cd2562a,45808,e-domani,1979-12-16T00:00:00,1979-12-16T18:32:34,OK
2f63af17-aa02-48b5-b5b1-b13128dab7c1,25616,incontri,2002-12-08T00:00:00,2002-12-08T13:15:41,OK
2e5ec926-f29e-4fa2-89f4-54afa6fee59c,38766,proprio-io,2015-03-19T00:00:00,2015-03-19T09:23:08,OK
30256585-adae-4e7f-9f42-2ef945902224,12595,intorno-alla-nascita,1999-06-16T00:00:00,1999-06-16T13:30:20,OK
2f21df29-faa3-4d20-b759-f20cd0eae089,38389,ridere-a-partire-dal-corpo,2014-09-29T00:00:00,2014-09-29T09:40:49,OK
2f8919b5-7629-4d7f-be0a-0f546b5972ee,767,la-lezione-del-femminismo,2015-12-18T00:00:00,2015-12-18T08:03:34,OK
31996e52-8943-49eb-aa2e-c39603e309bf,4839,mio-dio-duro-vivere-nella-prova,1986-03-24T00:00:00,1986-03-24T12:16:38,OK
31631ec1-87c9-46a0-ac67-e6c35fe1ad27,31305,smack-come-bacio-il-tempo-con-mio-figlio-disabile,2005-12-23T00:00:00,2005-12-23T14:48:55,OK
31314107-fc3a-4d05-8e16-c7225e3eba88,30152,in-autobus-con-mia-sorella-la-vita-come-non-lavevi-mai-vista,2004-06-11T00:00:00,2004-06-11T16:21:56,OK
301fe983-2923-49d6-a9c1-b3ac911aa25f,38618,effetto-alfedena,2014-12-15T00:00:00,2014-12-15T11:00:23,OK
2f439154-7f2b-47cb-8a60-7df4d76597ae,17781,ragazzi-mi-appello-a-voi,2020-04-24T00:00:00,2020-04-24T00:54:20,OK
2d9606a2-f400-480b-8a65-c38c048c213c,45430,san-sebastian-il-piu-piccolo-dei-grandi-festival,2024-10-09T00:00:00,2024-10-09T12:59:43,OK
3120ba76-8716-4df7-add5-18d6e53da689,46777,3-in-comunita-accoglienti,1981-12-16T00:00:00,1981-12-16T17:54:34,OK
31591deb-465c-4dc2-a9cc-3ca074569a62,42386,cameriere-per-finta,2023-11-10T00:00:00,2023-11-10T12:24:29,OK
2fd31142-a93d-49c9-97a6-f3dc49f7a36c,38414,custodi-della-speranza,2014-09-29T00:00:00,2014-09-29T19:00:49,OK
3155f8f1-9a24-4372-97cb-b6c2372a6c5b,7874,che-cosa-e-fede-e-luce,1990-09-26T00:00:00,1990-09-26T13:46:18,OK
30f7c8f2-c700-4eb8-9c2e-16f9633a6d84,45127,bilancio-fede-e-luce-1979,1979-03-16T00:00:00,1979-03-16T15:00:34,OK
2ff8c84a-0b15-4bf6-bdd3-f68b312b20ef,16382,negozi-e-pantaloni,2020-03-24T00:00:00,2020-03-24T05:34:44,OK
2f68e703-bd44-4ee2-91b4-a6fb216b4491,8971,vita-fede-e-luce-n-41,1993-03-18T00:00:00,1993-03-18T10:44:48,OK
2efe382c-d905-4023-942e-b8195b559b8b,35951,oggi-sono-libero,2011-06-04T00:00:00,2011-06-04T17:46:14,OK
2ec07883-6608-4b4f-8cf9-229523499e4d,2404,dialogo-aperto-n-7,1984-09-28T00:00:00,1984-09-28T17:24:13,OK
2e4089e8-202d-46fe-b69b-6902d1546a6b,39501,il-giubileo-di-fede-e-luce,2016-09-16T00:00:00,2016-09-16T12:15:14,OK
2e2d1064-1909-4028-b75a-f3bc050618b5,30548,sulleducazione-delle-giovani-generazioni-una-mamma-chiede-una-mamma-risponde,2004-12-14T00:00:00,2004-12-14T16:25:21,OK
30b7344b-8277-4d0b-8579-bfe50f8eb843,31261,vescovi-del-sinodo-alla-giornata-di-apertura-di-fede-e-luce,2005-12-23T00:00:00,2005-12-23T14:13:55,OK
2fe643f4-1668-46fb-b727-63b7d0fd8a26,37353,speleologi-del-mistero-del-piccolo,2012-12-10T00:00:00,2012-12-10T15:02:04,OK
2eec9625-f2d5-42d7-a85e-d2b220281aaa,10151,dialogo-aperto-n-51,1995-09-11T00:00:00,1995-09-11T10:36:58,OK
30528160-f530-47a0-9828-fd21dca846ca,2352,e-sempre-stato-rifiutato,1984-06-30T00:00:00,1984-06-30T20:00:07,OK
2e689095-5a02-45da-b00c-ed7f414a6ee7,2641,dare-a-ciascuno-una-voce,1984-03-28T00:00:00,1984-03-28T08:03:00,OK
2f84bc98-4d2d-4e78-a0b0-2dedd21861e8,22593,i-condomini-solidali,2001-09-27T00:00:00,2001-09-27T10:27:01,OK
303cda94-c543-473e-8dc7-128240d689a2,34793,silenzio,2010-06-17T00:00:00,2010-06-17T11:01:14,OK
31696f07-9a15-4292-a4b4-d82786f06657,9480,elogio-della-fragilita-recensione,2018-06-30T00:00:00,2018-06-30T07:15:26,OK
30e8263e-1ed0-45f4-b44f-4d9ce521dcf9,21729,novita-per-lhandicap,2001-12-25T00:00:00,2001-12-25T10:07:11,OK
305e85e4-0399-4138-9dd6-f91b52ead613,44704,letture-consigliate-n-18,1978-09-07T00:00:00,1978-09-07T09:30:34,OK
2dbc3e04-df1d-4767-9ff5-16230f921930,36130,messaggeri-di-gioia,2011-12-04T00:00:00,2011-12-04T09:30:14,OK
30c93b4a-2c5b-4094-83cc-5e38e5d3c080,7216,dove-se-non-in-chiesa,1989-12-26T00:00:00,1989-12-26T11:00:58,OK
307a875e-982b-486e-ab06-8ad2016266a0,40988,sorpresi-dal-risorto-recensione,2023-08-17T00:00:00,2023-08-17T11:52:41,OK
3036f279-5bf3-404f-8b24-3c6b240831c9,20335,joseph-ha-fatto-la-prima-comunione,1974-01-07T00:00:00,1974-01-07T08:16:41,OK
2ddcbae2-6325-462c-96bb-e04648eb1ad3,9000,mio-fratello-nel-suo-guscio,1993-03-18T00:00:00,1993-03-18T11:28:35,OK
31793793-fa14-4869-ae39-7a8212b9d9f5,12152,luigi-monza-una-storia-illustrata,1998-03-04T00:00:00,1998-03-04T09:49:45,OK
2ec9f9e8-6acd-4fa0-988d-5383ce7bb442,9491,io-figlio-di-mio-figlio-recensione,2018-06-30T00:00:00,2018-06-30T07:10:14,OK
308e5af7-2fb4-4102-8e73-a602816c54f7,23444,io-sono-in-sciopero-e-non-da-sola,2021-01-13T00:00:00,2021-01-13T12:45:25,OK
3180713e-adec-4f3f-97c1-f6e9f27693f4,8912,fermati-un-momento-per-capire,1992-12-13T00:00:00,1992-12-13T11:09:18,OK
310c50d0-f667-4054-bde5-604cef2c0fcf,42219,il-problema-dellacqua,1975-12-03T00:00:00,1975-12-03T15:00:34,OK
2f8af183-6561-4cca-969b-7af3bd5b7895,11695,preziosi-punti-di-vista,2019-04-03T00:00:00,2019-04-03T15:54:22,OK
3042c357-18cc-4382-a972-0a0cfb2a8520,18685,il-dono-oscuro,2020-07-02T00:00:00,2020-07-02T05:45:38,OK
2fc8e10a-f4d8-4778-a6f8-5689c11fb727,16638,anche-questanno-sono-riuscita-a-non-andare-sulla-neve,2020-03-04T00:00:00,2020-03-04T08:33:30,OK
3150f340-316e-4cee-b8a7-3d96255a5a57,3048,labbe-pierre-una-mano-tesa-agli-emarginati,1985-03-28T00:00:00,1985-03-28T14:18:25,OK
31c8c895-edfb-4714-aa9e-d74b0c3b9933,10050,mi-ama-come-sono,1995-06-02T00:00:00,1995-06-02T11:47:32,OK
335418f1-145e-4e77-8f00-12a7cdcd2bd7,27909,sul-cartellino-ce-scritto-benedetta-m,2022-03-06T00:00:00,2022-03-06T15:53:34,OK
3308dd93-2615-4d56-909c-7701fe7f62aa,46900,genitori-di-persone-con-disabilita-nessuno-disturba-nessuno,1981-12-20T00:00:00,1981-12-20T13:50:34,OK
3214454f-c269-453c-8791-4d01f9391fb4,26829,quando-il-silenzio-fa-rumore,2003-06-23T00:00:00,2003-06-23T17:16:44,OK
3332a0f1-53a1-453a-80cf-4c2abd95271f,26792,amore-e-disabilita-una-scelta-difficile,2003-06-23T00:00:00,2003-06-23T16:49:03,OK
32c41f9f-6132-447c-bab1-5b2409cdad4e,2406,vita-fede-e-luce-n-7-il-convegno-interazionale,1984-09-28T00:00:00,1984-09-28T17:25:35,OK
338532cc-cffb-490d-a24f-dc0d134aaf93,9823,chiacchierata-in-famiglia-da-meditare,1994-12-19T00:00:00,1994-12-19T10:29:36,OK
3231b4eb-ccc6-44c1-a35f-533f2ca58535,6350,nome-tutti-miei,1987-12-20T00:00:00,1987-12-20T10:11:59,OK
3309a799-feb8-46b9-b9b7-d8edd2992334,22625,parliamo-di-comunicazione-facilitata-intervista-francesca-benassi,2001-09-27T00:00:00,2001-09-27T11:11:48,OK
32ac8257-3d9e-4a41-90d4-cc72e137e385,45092,ci-hanno-scritto-n-20,1979-03-16T00:00:00,1979-03-16T20:00:34,OK
32877863-03bd-4e18-80c0-9cf9a7ecbb66,45749,perche-vi-chiamate-fede-e-luce,1979-12-16T00:00:00,1979-12-16T18:59:34,OK
3288e893-4249-443d-80ea-2273a410c6d2,12948,un-po-alla-volta,1999-09-17T00:00:00,1999-09-17T18:20:11,OK
31bfd333-81d7-410f-8e81-c9638df4be93,11448,chicchi-di-grano-dalla-bibbia,1997-03-25T00:00:00,1997-03-25T11:09:04,OK
345e8079-daa0-4d6c-9f5c-ef42bd7c9d79,13138,la-prossima-volta-lo-rifaccio,2019-10-07T00:00:00,2019-10-07T12:40:52,OK
334e1075-5a55-4eec-8c61-05597405f46e,32127,dialogo-aperto-n-95,2006-09-27T00:00:00,2006-09-27T11:29:55,OK
32d3bd7a-ea39-4dcc-9015-53be14426e6e,13352,stai-pensando-me,2019-11-15T00:00:00,2019-11-15T02:00:09,OK
34f499e5-6a67-447d-8d53-417dde447ef0,43869,per-nostra-riflessione-milano-vederci-piu-chiaro,1977-09-20T00:00:00,1977-09-20T10:30:34,OK
338c1fbe-9aa3-4469-811b-79741e1ea531,7079,spes-contra-spem-alla-scoperta-di-roma-antica,2018-03-19T00:00:00,2018-03-19T10:48:32,OK
32c6ee9d-c251-46cb-a909-5192029c3003,42517,un-metodo-efficace-per-leducazione-dei-bambini-con-disabilita,1976-05-20T00:00:00,1976-05-20T18:50:34,OK
3499d15e-406e-4d86-9d11-b40831837838,33902,vegliate-con-me-hospice-unispirazione-per-la-cura-della-vita-recensione,2008-12-07T00:00:00,2008-12-07T19:01:04,OK
33f461cc-50a6-4c10-90f5-f18d5a433de6,32586,salvatore-medico-pediatra-acondroplasico,2007-06-03T00:00:00,2007-06-03T16:10:26,OK
3475632f-16a2-4f2b-ab2d-047a556259f3,46445,ci-hanno-scritto-insieme-n-27,1980-12-16T00:00:00,1980-12-16T18:50:34,OK
32a5f984-b204-4fd7-a845-13ce7cda17de,34650,tutti-tranne-uno-sono-saliti-a-cavallo-scuderia-le-forne,2010-03-16T00:00:00,2010-03-16T16:20:10,OK
32c485c2-962e-420c-b3a2-3e659b0a3a6c,38267,volevo-che-qualcuno-rispondesse-alle-mie-domande,2014-06-29T00:00:00,2014-06-29T10:20:35,OK
33a772b5-af0e-4c6e-b44b-e1d212aa3419,7314,dialogo-aperto-n-29,1990-03-20T00:00:00,1990-03-20T10:29:59,OK
3409e5cf-44cc-4530-938a-0592afd86555,6441,anna-sorride-alla-pioggia,2017-12-20T00:00:00,2017-12-20T08:59:35,OK
3248acde-0880-4590-a5cc-da87eddc3969,36067,la-nostra-presenza-accanto-a-lei,2011-09-04T00:00:00,2011-09-04T20:09:14,OK
34b4a5dc-178a-4d1a-bdb3-fdea0e2428b3,6670,poco-tanto-tutti-stanno-meglio-la-danza,1988-06-28T00:00:00,1988-06-28T12:55:15,OK
323191d2-51cb-4374-a150-17a7cb434388,7294,giornata-mondiale-dellautismo-il-mondo-si-tinge-di-blu,2018-04-03T00:00:00,2018-04-03T14:43:03,OK
33a91f57-1929-4438-9e89-96c1dbfdd558,47056,dialogo-aperto-2,2025-02-07T00:00:00,2025-02-07T11:04:41,OK
345d57e6-ee8b-437e-80fe-19ccd53f18e6,19879,sqizo,2020-06-17T00:00:00,2020-06-17T14:10:32,OK
33d8596f-8649-4e02-9e7d-6b704497a1d1,48529,meglio-ballare-che-arrabbiarsi,2025-05-28T00:00:00,2025-05-28T09:42:25,OK
3259a211-088b-4543-8446-0a025329681c,24706,marco-cavallo,2021-04-28T00:00:00,2021-04-28T07:34:52,OK
3472ffde-94b0-4d77-b4b4-a3f50516a0ea,9116,non-e-mai-troppo-tardi,1993-06-21T00:00:00,1993-06-21T09:37:40,OK
3493c599-4bd1-425e-ae19-86ab2951c954,17641,dal-prato-alla-parete,2000-04-20T00:00:00,2000-04-20T11:27:34,OK
346d55b7-8d0f-4c39-b180-5cbabc5262f2,5429,punti-incontro-servire-giocare-lavorare-riflettere,1986-06-24T00:00:00,1986-06-24T12:36:24,OK
33b84958-96b8-438d-881f-ea7ef8d8b716,34295,recensione-la-piu-bella-nuotata-becker,2023-02-13T00:00:00,2023-02-13T11:19:48,OK
31cab405-2e3c-4e88-b440-aa921274b93b,3002,voci-di-sorelle-e-fratelli,1985-03-30T00:00:00,1985-03-30T20:43:02,OK
33cf87dc-e825-4420-a183-b3c897aec275,40373,con-il-tuo-passo-percorsi-agesci,2018-07-20T00:00:00,2018-07-20T08:01:21,OK
34620c05-e3d0-4fff-9252-be6d9ec53843,9085,il-grande-cocomero,1993-06-20T00:00:00,1993-06-20T18:08:07,OK
3294491c-2623-4925-bfc8-4de2e763b7d2,3160,epilessia-una-malattia-che-imprime-un-marchio,1985-06-29T00:00:00,1985-06-29T21:58:28,OK
3201ad74-6bc6-4c64-b595-21afbf04795e,2391,integrazione-a-scuola-una-verita-difficile-a-dirsi,1984-09-30T00:00:00,1984-09-30T10:45:40,OK
33c72832-e0be-4d64-b720-ce6f0952bbb3,41647,perche-la-salute-conti-davvero,2023-09-22T00:00:00,2023-09-22T16:35:51,OK
33b5c470-9c73-42b1-99fe-780ebdace3eb,26441,un-autobus-chiamato-santa-silvia,2003-03-13T00:00:00,2003-03-13T16:32:28,OK
32c7c532-45b4-47b8-9af5-2ccc4dda78a9,11097,fratelli-nella-notte,1996-12-15T00:00:00,1996-12-15T14:47:25,OK
33b85138-d875-47a7-8e2a-44ba2a273a8a,32284,come-se-fosse-la-cosa-piu-normale-del-mondo,2006-12-28T00:00:00,2006-12-28T09:15:13,OK
34cd1d0c-4dbb-4f28-9e29-2ff1c6cb4c3c,43308,notiziario-fede-e-luce-n-12-marzo-1977,1977-03-20T00:00:00,1977-03-20T09:20:34,OK
32ae57ca-77d2-487e-821e-9be43cfa6a75,37179,al-loyola-university-rome-center,2023-05-05T00:00:00,2023-05-05T11:07:32,OK
344e4397-4bba-4a2c-a502-2f7220d14fe6,34257,lettera-aperta-a-una-maestra,2009-09-10T00:00:00,2009-09-10T12:25:10,OK
3477bd45-ccc1-4f0a-9ebe-0bd0a8cf3333,8199,e-sempre-disponibile,1991-06-21T00:00:00,1991-06-21T10:34:11,OK
363f487c-c5c7-4079-90be-07ecdee2bd85,43951,in-cammino-verso-lautonomia-personale,2024-03-27T00:00:00,2024-03-27T13:35:39,OK
36701904-5943-45bd-9bca-ace7df8f3679,43373,ci-hanno-scritto-n-12,1977-03-20T00:00:00,1977-03-20T10:50:34,OK
3662ecf8-a9c1-4c7b-8afc-4ce0cca0e10d,38015,eccomi-lesempio-di-maria,2013-12-14T00:00:00,2013-12-14T14:27:00,OK
36730e7b-9859-4223-82f0-4fd27a2bb6b2,39626,dallassistenza-allesistenza-sei-workshop-dellassociazione-vedere-oltre-onlus,2016-12-16T00:00:00,2016-12-16T10:45:14,OK
368d88bb-2267-4c7d-a51f-e1ca0e53cd71,6181,suonare-chitarra-ragazzi-down,1987-09-28T00:00:00,1987-09-28T12:37:08,OK
3571edee-28d6-4be9-aa78-cfb61ca6f22d,46828,12-con-i-santi,1981-12-16T00:00:00,1981-12-16T16:45:34,OK
360e8ff1-5d6c-4899-aa94-b0a86ae0a62d,28109,loro-che-sta-per-terra,2022-03-31T00:00:00,2022-03-31T14:12:19,OK
358569b0-efc0-47cc-b981-8fe83e132d74,42463,incontrarsi-il-venerdi,1976-02-20T00:00:00,1976-02-20T09:20:34,OK
35615098-5b36-4473-a4da-45090178f245,12901,una-persona-vera,1999-09-13T00:00:00,1999-09-13T06:49:39,OK
35db7c3a-4b9d-4a8d-9274-65b9db9b3d3a,41351,lavorando-alla-caritas,2023-09-06T00:00:00,2023-09-06T11:47:18,OK
351fc40e-0b4a-4565-acf7-e34673f0baa0,46142,io-mi-domando,1980-06-16T00:00:00,1980-06-16T18:20:34,OK
368395cf-048d-4312-8276-83457fd4b588,13856,cinema-e-disabilita-i-3-film-di-boris-sollazzo,2019-11-16T00:00:00,2019-11-16T17:48:40,OK
369d4246-4e16-4d4d-83b9-cc1ba9fadbff,40062,epigenetica-e-malattie-psichiatriche,2017-12-21T00:00:00,2017-12-21T10:10:33,OK
3598f8e6-9b70-4eaf-8354-221881763b1e,26331,come-si-fa-fede-e-luce-il-lavoro-in-equipe,2003-03-13T00:00:00,2003-03-13T15:09:18,OK
37528e1d-a816-4aa8-a4cb-f4735f90ed89,32729,musei-davvero-per-tutti-grazie-allassociazione-va-m-i-volontari-associati-per-i-musei-italiani,2007-09-09T00:00:00,2007-09-09T15:20:10,OK
3744e86f-f645-4422-a9b5-ee2ac54f9e85,15768415,passo-lento-recensione,2025-10-10T00:00:00,2025-10-10T11:59:37,OK
37474502-2c6f-4356-a46c-089d30bc6b86,46453,lavventura-di-oletta-quando-il-cavallo-diventa-terapia,1980-12-16T00:00:00,1980-12-16T17:00:34,OK
377cb831-8331-4f51-b7c0-98a5505d5568,6800,paolo-e-chiara,1988-12-28T00:00:00,1988-12-28T20:35:21,OK
3579fcb0-be93-4907-8817-b3de76bc94ef,43712,anniversario-di-matrimonio,2024-03-13T00:00:00,2024-03-13T11:51:18,OK
3665dc26-5d43-47f5-b695-038fe2380aba,21022,la-rigorista-del-tirreno,2020-08-06T00:00:00,2020-08-06T06:52:14,OK
3792e1d7-ddff-4942-848f-978c3dc4d759,4647,smack-come-bacio,2005-12-05T00:00:00,2005-12-05T11:27:34,OK
3743ada0-c3ce-45e4-af53-4a1b6d775e35,32856,ammalati-di-affetto,2007-12-10T00:00:00,2007-12-10T17:39:20,OK
36840739-dbda-47a9-aa65-76fe36ba0868,2294,ombre-e-luci-n-6-1984-sfogliabile,1984-06-30T00:00:00,1984-06-30T20:35:51,OK
35d4b510-7ec2-498e-b497-cf4e92de8311,8203,oggi-e-dei-nostri,1991-06-21T00:00:00,1991-06-21T10:38:00,OK
3608cd08-cf96-47e5-a0e1-326e0d661da9,18002,per-cercare-la-verita,2000-09-28T00:00:00,2000-09-28T07:25:59,OK
36aa9c83-2ae6-495f-a893-8983bfbcbf50,43509,quel-farabutto-del-cocomero,2024-02-19T00:00:00,2024-02-19T10:14:09,OK
3774805a-f4af-46e6-8b38-3a39cfa0c37d,29033,un-presepe-a-fede-e-luce,2003-12-22T00:00:00,2003-12-22T13:38:09,OK
3676435a-2e40-4267-860a-5b1081c0f5af,18671,quando-ho-recitato-sottovento,2020-06-10T00:00:00,2020-06-10T05:02:19,OK
36d4480c-5cda-4fbb-8d88-15455af83309,4081,la-mia-vita-santa-palomba,2013-09-13T00:00:00,2013-09-13T14:48:35,OK
375a2035-f0eb-4e93-b2dc-e0971cc748dc,2396,quel-lupo-dentro-noi,1984-09-30T00:00:00,1984-09-30T09:51:28,OK
36a6855b-ca8f-427e-8dec-601d317bf961,32068,e-li-chiamano-disabili-recensione,2006-09-27T00:00:00,2006-09-27T14:55:56,OK
36a4c808-1d5c-46c6-ad8c-9211fb6eaed6,18053,dialogo-aperto-numero-71,2000-09-28T00:00:00,2000-09-28T09:44:42,OK
36afd46f-1fd3-4e32-915b-6e9fd4f9e874,40702,ragazze-fragili,2023-07-18T00:00:00,2023-07-18T09:19:31,OK
36f3075c-535f-4ac1-8814-75ddc8b065a0,4417,ci-sto-bene,2015-06-29T00:00:00,2015-06-29T08:43:51,OK
37402465-f304-43d8-882d-9d7253b32587,30975,il-nostro-don-francesco,2005-06-17T00:00:00,2005-06-17T16:02:33,OK
35da8129-0f01-4f87-b78a-05185d24d790,45116,che-cose-un-katimavic,1979-03-16T00:00:00,1979-03-16T17:00:34,OK
374248d3-b83f-49a6-88a2-76e8f6f6532b,36077,quasi-non-li-riconoscevo,2011-09-04T00:00:00,2011-09-04T20:20:14,OK
35ecf6b7-33b7-4188-8e4e-c010a4836ab7,11706,dialogo-aperto-n-145,2019-04-08T00:00:00,2019-04-08T13:52:54,OK
3728a598-42c2-4dbe-afa0-791ebbe00aba,36205,un-ragazzo-ribelle,2012-03-16T00:00:00,2012-03-16T09:38:58,OK
3792656f-c1bf-435b-8a49-99d07ff059d4,38173,artiste-nellorto,2014-03-29T00:00:00,2014-03-29T12:13:35,OK
3563450c-df72-4ea2-b803-4a97c27adf42,24534,una-piccola-matita-nelle-sue-mani,2021-04-12T00:00:00,2021-04-12T07:45:32,OK
35f24137-19d8-4f8a-818c-7ad21ae540e8,6373,quanti-sanno,1987-12-30T00:00:00,1987-12-30T11:04:00,OK
362eca47-274a-4db6-86a6-094051f395d9,12500,larmes-de-silence,2019-07-16T00:00:00,2019-07-16T08:58:27,OK
363e59fb-3d7c-410b-b97d-b000151c387b,11517,vita-fede-e-luce-n58-1997,1997-06-12T00:00:00,1997-06-12T08:13:54,OK
3753b303-c35f-4c2f-8c45-d57f60af6609,45678,letture-consigliate-n-22,1979-09-16T00:00:00,1979-09-16T17:30:34,OK
37256bd0-98f0-47dc-a05f-46d47711f3db,33755,la-casa-di-dario-comunita-alloggio,2008-09-03T00:00:00,2008-09-03T12:10:40,OK
36c23a6f-4ecc-467e-b686-11596cb5dcd3,35799,uildm-unione-italiana-lotta-alla-distrofia-muscolare,2011-03-04T00:00:00,2011-03-04T17:01:14,OK
35e8de02-77da-418f-bf3e-5bcc7fd8d4ba,24213,luca-adotta-alba,2021-02-26T00:00:00,2021-02-26T00:31:14,OK
37784c2c-65cf-4d7d-8237-edf5efe14e76,19197,medici-o-stregoni,2000-10-26T00:00:00,2000-10-26T13:53:08,OK
351ba5a0-de90-46ee-8c21-0692664d7a66,39122,cercare-la-bellezza-la-dove-e-nascosta,2016-03-25T00:00:00,2016-03-25T10:40:53,OK
39017d9b-a267-4d03-a624-165ccb4c39a2,11102,le-richieste-della-sorella-di-un-ragazzo-disabile-ai-suoi-amici,1996-12-15T00:00:00,1996-12-15T15:50:47,OK
38637ba9-4ee9-445d-87bd-39e0430ec62c,28513,tifosi-dellaccessibilita,2022-05-28T00:00:00,2022-05-28T08:45:20,OK
39b875d4-8b74-43bf-b400-51c555c5ef19,3027,forse-per-questo-non-sono-andato-via,1985-03-30T00:00:00,1985-03-30T15:35:31,OK
3838c023-5c2e-4b2a-a863-9db95914f16f,6644,libri-per-giocare,1988-06-28T00:00:00,1988-06-28T11:22:03,OK
38c39d38-7ff8-441f-8e76-86cea1a88afb,24752,nella-casa-di-dario,2021-05-05T00:00:00,2021-05-05T08:40:45,OK
38ad6a8e-2a01-4e24-8ef6-1eb79aba1de4,9265,ce-labbiamo-fatta,1993-09-09T00:00:00,1993-09-09T09:14:17,OK
396de8dd-347b-4667-9dbd-6a2f476f7499,5147,quella-fredda-domenica-dinverno,1985-12-25T00:00:00,1985-12-25T12:45:57,OK
38f569f5-bd24-497d-89ba-91fdc2fd1c76,45897,a-ruota-libera-recensione,2024-11-27T00:00:00,2024-11-27T12:46:15,OK
3930b9f7-b0e1-47a7-8352-075d8b2cd347,5447,scendere-le-scale,1986-06-23T00:00:00,1986-06-23T13:09:22,OK
38f5b66a-e4d2-422e-b371-a06529ed1622,33295,arche-bologna-tandem,2023-01-18T00:00:00,2023-01-18T11:40:00,OK
37f495a2-a510-4ae0-a7f3-1bd32295a9a3,34328,abbassa-il-cielo-e-scendi-recensione,2023-02-15T00:00:00,2023-02-15T09:50:03,OK
39a81909-db3e-4fc7-9963-71acd186f2bf,10437,luca-mio-figlio-autistico,1999-03-30T00:00:00,1999-03-30T16:01:32,OK
3b3ed89b-8969-426b-87bb-be32039e9c7c,37884,7-idee-sulla-sindrome-di-down,2013-09-13T00:00:00,2013-09-13T15:30:04,OK
3949a716-1c52-48c5-96a3-53f95b6a403e,26637,il-mio-amico-gimbo-ha-vinto-le-olimpiadi,2021-08-12T00:00:00,2021-08-12T08:53:53,OK
39cc9b42-79f7-4f68-a1e4-d982cc6f200e,1563,ombre-e-luci-n-4-1983-sfogliabile,1983-12-23T00:00:00,1983-12-23T19:25:57,OK
38cd0c13-998d-4427-a680-f10a24e3c0d5,35944,volontariato-una-leva-per-la-vita,2011-06-04T00:00:00,2011-06-04T17:45:14,OK
3799bffb-2c88-4f73-9ffc-f5473c0de4cc,38814,testimoni-dellincontro,2015-03-19T00:00:00,2015-03-19T10:35:08,OK
39adcb3d-310c-4fe1-9503-7b520e7d4974,27085,il-magazine-di-chi-scrive-con-gli-occhi,2021-09-15T00:00:00,2021-09-15T10:06:34,OK
37934758-78d0-4124-8764-858e81bc75e8,6805,dialogo-aperto-n-24,1988-12-20T00:00:00,1988-12-20T20:45:40,OK
38c54f65-3899-4630-9bde-7976bd94810e,40959,addio-irlandese,2023-08-16T00:00:00,2023-08-16T11:47:41,OK
3888cd31-dc51-4a04-8f78-3ba75eb7e28d,46640,comunita-di-fede-e-luce,1981-06-16T00:00:00,1981-06-16T16:22:34,OK
3a3b38e5-0436-4534-863a-9c61a2c4f9ff,9190,texas-il-parco-divertimenti-dedicato-ai-bambini-con-disabilita,2018-07-02T00:00:00,2018-07-02T13:02:56,OK
385caffa-3771-4e51-b1a9-da0cca4ba1bc,39034,pinocchio-teatro-integrato-ma-non-solo,2015-03-19T00:00:00,2015-03-19T12:30:53,OK
399eeed1-b8c0-4b5d-9ff5-aa5b838a7442,36333,quasi-amici-recensione,2012-03-16T00:00:00,2012-03-16T10:02:09,OK
3ba34750-13d9-459f-afcb-63266ea40dad,13112,rampe-fai-da-te-il-progetto-del-diciottenne-con-una-stampante-3d,2019-10-01T00:00:00,2019-10-01T16:37:19,OK
397b4031-60dd-4af9-ae77-3b956fc48c51,32557,lettera-alla-tua-famiglia-recensione,2007-06-03T00:00:00,2007-06-03T15:30:12,OK
3a6c7b76-d999-4d2c-99ef-da06ee58e0ad,10671,lascia-che-vada-a-vivere-fuori-di-casa,1996-06-14T00:00:00,1996-06-14T17:33:04,OK
39638a78-87d7-4c19-88d6-35534393635d,44761,come-e-andata-la-mia-gara-di-nuoto,2024-07-08T00:00:00,2024-07-08T09:07:33,OK
37dddad4-503e-42e9-adee-a8cd6262aea4,45329,non-e-cosi-facile-essere-madre-di-una-bambina-non-grave,1979-06-16T00:00:00,1979-06-16T18:20:34,OK
38cb3f1b-e2f4-4633-af8c-48ecae62f86b,33170,immaginate,2007-12-12T00:00:00,2007-12-12T17:06:26,OK
3b982e8e-15ac-4951-b092-3f78dc3b1138,7116,il-bambino-con-epilessia,1989-06-20T00:00:00,1989-06-20T10:54:39,OK
3b00922f-3abb-4cbf-98c8-0a6b15bb885b,18594,risposte-concrete-per-bisogni-concreti,2020-06-18T00:00:00,2020-06-18T04:20:47,OK
39f31310-156d-4e31-8cea-4f83b56d1bae,7568,nonostante-il-mio-handicap,2017-09-06T00:00:00,2017-09-06T12:00:33,OK
3b809e42-f9b4-4424-8952-670c0ccc1f8b,11834,i-suoi-nonni,1997-12-15T00:00:00,1997-12-15T18:08:52,OK
3b145860-fcc2-442a-a20b-aaf17bb0cf60,9584,la-fede-e-un-incontro,1994-03-16T00:00:00,1994-03-16T17:00:49,OK
3b1560e9-f53b-4c28-b3ad-8a6d964a579e,6905,dialogo-aperto,1989-03-20T00:00:00,1989-03-20T13:59:17,OK
39e5bc8b-355d-49e0-b2a3-286413f74d1c,25775,inizio-dellanno-della-tigre,2010-01-17T00:00:00,2010-01-17T08:19:56,OK
3b867706-a0bc-498d-ad3a-303844cf0945,45348,adesso-fa-la-quarta-sta-ancora-con-noi,1979-06-16T00:00:00,1979-06-16T17:10:34,OK
3ae8a16d-313b-40e6-bd22-d9eca65076ee,12305,comunicazione-facilitata-sinceramente-increduli,1998-09-28T00:00:00,1998-09-28T13:36:40,OK
3b937d8d-0682-42cd-ba0d-ff62f56efc81,37694,che-grinta,2013-06-10T00:00:00,2013-06-10T15:59:04,OK
3ac33412-c913-4a91-bf7a-e87ca629dfe9,46293,un-problema-che-non-so-risolvere,1980-09-16T00:00:00,1980-09-16T17:10:34,OK
3ac19cdd-c955-4667-851e-b7d3a1a67130,3015,piano-piano-notai-che-sergio-era-differente,1985-03-30T00:00:00,1985-03-30T18:16:55,OK
3a978dc3-32a4-46fc-960b-40ed86d2f4a1,28019,speranza-recensione,2022-02-18T00:00:00,2022-02-18T17:08:21,OK
39b9230d-016a-42b7-98c8-be9c689e2f87,15768398,specchi-il-giubileo-del-mondo-del-volontariato-recensione,2025-07-28T00:00:00,2025-07-28T11:42:46,OK
3b66eee2-5ab5-431d-a461-40d0859e9c32,45335,si-e-allontanato-per-la-prima-volta,1979-06-16T00:00:00,1979-06-16T18:00:34,OK
3af0d58e-46d5-4702-9303-9e060602898c,24971,le-parole-del-corpo-tecniche-e-giochi-per-lanimazione-attraverso-il-linguaggio-corporeo-recensione,2002-06-14T00:00:00,2002-06-14T10:37:54,OK
3a78f241-6eb9-4df1-a719-8c116b15fd13,24290,i-dimenticati-recensione,2021-03-12T00:00:00,2021-03-12T21:36:12,OK
3a49df82-5c30-4889-90bf-8cbc7a6a54c5,45324,viviamo-una-vita-normale,1979-06-16T00:00:00,1979-06-16T18:30:34,OK
39f458c2-7b7d-48a4-acff-40ad80757131,35276,anche-io-tiro-i-rigori,2023-03-29T00:00:00,2023-03-29T11:45:20,OK
3ae89194-276d-44c1-b169-3ab7b60371c9,27903,dai-tram-notturni-alle-luci-del-palco,2022-02-17T00:00:00,2022-02-17T13:06:17,OK
3ea8054e-1da1-4bdc-94f3-5eedeb8715b8,4821,ora-sappiamo-un-senso,1986-03-26T00:00:00,1986-03-26T11:50:38,OK
3d389f2e-438f-4980-a44f-9d5c68aff96d,8147,con-la-vostra-collaborazione,1991-03-16T00:00:00,1991-03-16T11:38:33,OK
3dcefe61-f53e-4eab-96d8-b0914941afec,26533,atipici-newsletter-n-34,2021-07-16T00:00:00,2021-07-16T06:20:07,OK
3bf83a2a-f06d-4954-a571-cc7149691516,42113,basterebbe-un-po-di-coerenza,2023-10-12T00:00:00,2023-10-12T10:55:25,OK
3d8f26df-4008-44d0-a697-a9e921410a38,23587,biglietti-e-disegni,2021-01-27T00:00:00,2021-01-27T15:33:41,OK
3c9b3fc4-4199-4702-9273-3786655088aa,3046,la-paura-di-amare-la-persona-handicappata-nella-societa,1985-03-28T00:00:00,1985-03-28T14:11:19,OK
3c55af4f-0a0c-457a-9310-d8d00df0862d,48835,i-met-the-scooppiati-diversamente-band-and-interviewed-them,2023-08-22T00:00:00,2023-08-22T23:55:25,OK
3f181ef3-81da-4fb5-bb3e-95187091b800,38289,grazie-mariangela,2014-06-29T00:00:00,2014-06-29T12:20:35,OK
3d96eace-de62-4658-8fcd-0f4cd5f24c43,23110,in-ricordo-di-aldo,2020-12-09T00:00:00,2020-12-09T14:45:13,OK
3d17ca5a-64bd-4832-a09b-fc9397992dae,10962,bancomat-arrivano-le-audioguide-per-non-vedenti,2019-01-09T00:00:00,2019-01-09T11:49:29,OK
3e70e96b-bf67-43bc-964d-33e7586a08a7,43377,editoriale-lettera-aperta-agli-amici-di-fede-e-luce,1977-03-20T00:00:00,1977-03-20T11:20:34,OK
3e7bb3ec-9651-4b09-89e1-225f00ca995c,4023,nonostante-alcune-delusioni,2015-06-13T00:00:00,2015-06-13T13:31:44,OK
3e8b69c1-52f6-4f7b-bf0e-ebd8b0a72739,32378,elogio-alla-bruttezza-recensione,2007-03-02T00:00:00,2007-03-02T16:08:27,OK
3ecdd045-c5a3-4d5b-bdfd-5c913a9089d5,30578,una-settimana-da-dio-senza-nulla-togliere-al-film,2004-12-14T00:00:00,2004-12-14T16:41:43,OK
3c61e89f-0135-44d4-8400-370e802ecaee,29195,rimpadronirsi-del-proprio-corpo,2022-08-09T00:00:00,2022-08-09T11:41:27,OK
3d0da325-ed2a-4b29-8bce-a9d87e790f5b,36167,auguri-scomodi-per-il-nuovo-anno,2011-12-04T00:00:00,2011-12-04T10:10:14,OK
3ea5fccb-3e15-4a01-8056-11dbaf9f1028,13807,cinema-e-disabilita-3-film-secondo-alessandro-de-simone,2019-11-16T00:00:00,2019-11-16T12:16:55,OK
3ccd1577-de27-41cc-9b4f-1f2d9216f391,39802,lo-straordinario-viaggio-di-nujeen-recensione,2017-06-28T00:00:00,2017-06-28T09:04:23,OK
3f1772ed-7815-49b4-8c13-b020a8220c22,46721,una-nuova-speranza,1981-09-16T00:00:00,1981-09-16T17:02:34,OK
3d31a78b-1e99-4606-86ef-0628cdc00c70,29848,dialogo-aperto-n-147,2019-11-30T00:00:00,2019-11-30T10:25:25,OK
3ce06f5d-5d82-4951-85b5-6d4e2607bca5,48352,qui-e-ora,2025-05-14T00:00:00,2025-05-14T11:36:08,OK
3ea73d12-e385-4184-9609-2bd5425eadad,41052,avete-mai-provato,2023-01-18T00:00:00,2023-01-18T07:52:44,OK
3d049208-ace5-42a7-8072-d7506f53a274,29139,cammino-di-trasformazione,2022-08-08T00:00:00,2022-08-08T08:23:00,OK
3cc4c476-5b63-4165-b8f8-e79f91ec796c,43076,i-bambini-autistici-una-guida-per-genitori-recensione,1976-12-20T00:00:00,1976-12-20T09:50:34,OK
3bfea4de-5ac1-447c-b145-dd7c19edc9c7,44390,paralimpiadi-antonietta,2024-06-05T00:00:00,2024-06-05T11:21:25,OK
3c82ba34-de7a-4f04-9b19-8d7626ebc408,12518,lavagna-inaugura-la-spiaggia-accessibile-alle-persone-con-disabilita,2019-07-18T00:00:00,2019-07-18T06:53:32,OK
3f0e3011-d2dc-4e4b-9ada-684fb916ca5b,45585,ci-hanno-scritto-n-22,1979-09-16T00:00:00,1979-09-16T20:00:34,OK
3d2302ae-9c44-4a09-803b-323e3a7ceb00,34198,disturbi-dellapprendimento-etichettato-idiota,2009-09-10T00:00:00,2009-09-10T11:51:03,OK
3eca8a1c-b8c0-428e-9ad5-d9ebb716c6e2,45366,ci-hanno-scritto-n-21,1979-06-16T00:00:00,1979-06-16T16:00:34,OK
3cbd14ee-4d96-46c7-9e71-a513512ce370,18817,mamma-non-siamo-soli,2020-05-19T00:00:00,2020-05-19T11:31:02,OK
3c009fa1-9ea6-4858-bab2-2d828aca2d35,43875,inno-alla-vita-di-una-handicappata,1977-09-20T00:00:00,1977-09-20T10:45:34,OK
3daac74b-86a9-48aa-a0f1-997e4e9ac5b9,35707,quando-ci-guardagno-gli-altri,2011-03-04T00:00:00,2011-03-04T15:44:14,OK
3cabe1a9-ef53-4dc8-a32f-6cebef4fd0ff,18707,diversi,2020-06-30T00:00:00,2020-06-30T04:56:11,OK
3e3d6be3-fe28-4ec5-809f-fca32a301152,8104,vita-riflessioni-sulla-cultura-dellhandicap,1991-03-16T00:00:00,1991-03-16T10:26:44,OK
3c1b7ef5-6b23-48e4-abe8-4f0d785fb4da,25460,piccoli-in-carcere-associazione-a-roma-insieme,2002-09-01T00:00:00,2002-09-01T14:15:59,OK
3e3fb6d2-603f-4582-8214-47c41f4e86f6,10166,cinque-pani-e-due-pesci,1995-09-12T00:00:00,1995-09-12T11:29:08,OK
3cfd8961-a2d6-4f1d-9e8c-ae0b18970ca8,8716,viviana,1992-06-06T00:00:00,1992-06-06T11:36:59,OK
3e1037e7-effc-4db3-a259-c66279f0d764,38450,pregando-su-una-sedia-imponente-e-semplice,2014-12-15T00:00:00,2014-12-15T07:00:23,OK
3ef0bcb8-fe83-4ea4-871f-f8192543dcd8,30972,dedicato-a-don-francesco-trenta-anni-pieni-damore,2005-06-17T00:00:00,2005-06-17T15:56:33,OK
3eb53437-b2d7-4cb3-b1b1-084aadcb2781,25474,dialogo-aperto-n-79,2002-09-01T00:00:00,2002-09-01T09:45:18,OK
3dca4e84-4431-450f-8f64-8b5e6d386372,44580,tre-giorni-ad-assisi,1978-06-17T00:00:00,1978-06-17T09:50:34,OK
3dec1ed1-b0d9-46d6-a04b-34b83b44316d,46733,il-futuro-di-insieme-una-catena-che-diventa-sempre-piu-grande,1981-09-16T00:00:00,1981-09-16T16:21:34,OK
3bcba58c-c762-4c08-89de-8937fc5ac30d,4988,casa-famiglia-sogno-realta,1985-09-30T00:00:00,1985-09-30T11:57:59,OK
3e2cd66e-8250-42c2-a268-ca7d4f686151,44887,il-mio-primo-giro-in-bici,2024-07-24T00:00:00,2024-07-24T08:51:26,OK
3cb2b32e-079b-4323-9e8b-85b1d8998e95,16645,che-gran-caos-coronavirs-persone-disabilita,2020-03-04T00:00:00,2020-03-04T08:52:16,OK
3e12e858-18d9-40b4-ba42-b48d32b93ba3,38246,lettera-di-jean-n-126,2014-06-29T00:00:00,2014-06-29T09:40:35,OK
3ce8dd66-d275-4285-8afa-eb1218f829f9,46769,2-pellegrini-in-comunita,1981-12-16T00:00:00,1981-12-16T18:01:34,OK
3c5de293-e686-468e-806a-1db7673e3b20,7754,sono-anche-figli-di-tutti,1990-09-26T00:00:00,1990-09-26T11:31:47,OK
3c1e3e7b-392d-4e61-8617-8f13a0477254,15062,curva-sud,2020-01-03T00:00:00,2020-01-03T09:36:49,OK
3ecc9a3b-d2f9-4cdb-bfb8-dba59efd1a99,31506,le-mollette-di-roberto,2006-03-30T00:00:00,2006-03-30T11:09:46,OK
3f9c3fc4-7043-4139-bd5b-53cdd6a717e6,13323,alfabeto-che-manca,2019-10-28T00:00:00,2019-10-28T12:01:51,OK
3fbe6612-3560-46d5-a1f9-0a7750c7efe0,25009,allalveare-si-scopre-lamerica-e-il-teatro,2002-06-15T00:00:00,2002-06-15T15:04:58,OK
431b0e6b-8df3-42c9-a5e1-74a9d786d82c,21356,il-chiosco-recensione,2020-09-30T00:00:00,2020-09-30T00:59:39,OK
412ff9b4-cd6b-4424-900d-70e7f33ad217,10742,qual-e-il-tuo-figlio-preferito,2018-03-15T00:00:00,2018-03-15T10:51:52,OK
40506837-10f6-4a5b-b8e8-c0427c455376,10519,ce-un-problema-col-tuo-bambino,1996-03-04T00:00:00,1996-03-04T17:36:17,OK
3f6ab185-308c-46a2-9fc2-f84bbe3fec8b,12149,marco-e-daniela,1998-03-04T00:00:00,1998-03-04T09:47:51,OK
42282325-2d4c-4876-899b-7f9aed44c2a3,40212,perche-tutti-comprendano,2018-03-26T00:00:00,2018-03-26T09:55:42,OK
3f45bbb3-ffce-4fce-b757-0ddb62c1fe19,48554,una-festa-bellissima-ma-non-perfetta,2025-06-17T00:00:00,2025-06-17T14:05:55,OK
40ec791c-2563-4eb8-91a4-2ffb0592e8d8,37603,una-notte-ho-sognato-che-parlavi-recensione,2013-06-10T00:00:00,2013-06-10T15:00:04,OK
3f558e79-bc85-4891-ac0d-5aef99cae596,31607,pagine-bianche,2022-10-05T00:00:00,2022-10-05T13:24:49,OK
41a3964a-c7ba-45ed-bae1-07726eb7d4dc,38576,il-regalo-piu-bello,2014-12-15T00:00:00,2014-12-15T09:11:23,OK
3f499724-1c78-4c30-bc97-6bea717e1ffe,23771,nella-stessa-barca-quando-lhandicap-mentale-entra-in-famiglia-recensione-libro,2002-03-08T00:00:00,2002-03-08T10:39:25,OK
4102a534-475c-4280-9506-88bed5cd3791,44855,se-un-pomeriggio-dura-quarantanni,2024-07-19T00:00:00,2024-07-19T10:10:08,OK
41029f59-38b8-45e2-88a9-5bf8621675b2,8428,effata-apriti,1991-12-28T00:00:00,1991-12-28T08:55:11,OK
42b1204b-f9c0-4618-aa7b-471254dd177e,30054,una-messa-poco-dignitosa,2004-03-10T00:00:00,2004-03-10T16:20:33,OK
3f21f890-3427-41a9-970a-70b35276044f,8665,quando-la-crisi-insegna-a-vivere-esperienza-positiva-del-dolore,1992-06-06T00:00:00,1992-06-06T10:00:07,OK
4069ac14-f5b7-4913-b70e-7e20c4874315,8440,esempi-di-comunita-alloggio-5-comunita,1991-12-28T00:00:00,1991-12-28T09:27:52,OK
40378063-f830-4cf3-9d2f-feb410457a33,15432,zavorre-prescelti,2020-01-22T00:00:00,2020-01-22T09:29:10,OK
432f2ef3-f6f3-4580-b4b2-6b3e9e8214dc,32665,perche-non-lo-portate-a-lourdes-recensione,2022-11-09T00:00:00,2022-11-09T11:27:51,OK
40702464-584d-4f84-a859-aa846c81a514,43632,berlinale-74-orso-doro,2024-02-27T00:00:00,2024-02-27T12:08:02,OK
4034ab6c-dd36-4e13-bc84-a6d83872c2a1,22569,grazie-ingrid-non-ti-dimenticheremo,2001-09-27T00:00:00,2001-09-27T09:42:02,OK
406aa630-fda9-4847-a83b-812c92e31e16,33008,festa-al-quirinale,2022-11-16T00:00:00,2022-11-16T14:23:52,OK
41829b7e-3bb4-492b-977d-6efa5f19154b,31230,il-manuale-della-buona-educazione-recensione,2005-12-23T00:00:00,2005-12-23T09:38:00,OK
4067dc89-6ce7-4fe8-9cc5-f8ed382b7e82,18948,dal-gatto-sulla-cattedra-ai-monti-di-goethe,2020-05-21T00:00:00,2020-05-21T17:35:06,OK
3fec7ef2-49ef-4b1e-889d-e57eb7e96d74,5033,villa-olmo-abitando-insieme-sette-ragazze-suora,1985-09-28T00:00:00,1985-09-28T14:45:41,OK
412dc6c7-8491-4060-8b3e-672ed3aa13ca,39738,inclusione-solidarieta-ordinaria,2017-03-16T00:00:00,2017-03-16T12:59:14,OK
40fb524a-c3a0-4058-a8d4-916bed24ff6d,46263,andiamo-alla-casetta,1980-09-16T00:00:00,1980-09-16T18:20:34,OK
424a88e9-37ef-46d6-8cf3-074252ea60a0,603,il-chicco-una-casa-per-fabio-e-maria,1983-03-19T00:00:00,1983-03-19T13:13:24,OK
4274f5da-4b6d-438d-83a3-295ff1dbe890,37824,persone-prima-che-disabili-una-riflessione-sullhandicap-tra-giustizia-ed-etica-recensione,2013-09-13T00:00:00,2013-09-13T15:00:04,OK
4196d72a-7048-4964-a051-6a81ba66becd,11113,finalmente-sei-arrivata,1996-12-15T00:00:00,1996-12-15T16:23:45,OK
412b81ca-d67d-443e-8239-3ae01aa26eed,46129,ci-hanno-scritto-insieme-n-23,1980-06-16T00:00:00,1980-06-16T18:40:34,OK
3f4461c7-554b-4deb-9696-8cf1054d42ae,39256,il-vangelo-mimato-per-costruire-ponti,2016-06-16T00:00:00,2016-06-16T10:20:14,OK
40c80f15-a476-4e75-973e-0ad4b7d81134,9743,jean-vanier-compie-90-anni,2018-09-10T00:00:00,2018-09-10T09:30:52,OK
42870a6e-e9fa-4490-bc43-d8650a955fa6,15549,ausmerzen-vite-indegne-di-essere-vissute,2020-01-15T00:00:00,2020-01-15T00:12:08,OK
40529be7-6b5a-4222-8ea4-1cc8d00fc6dc,46058,rispondo-ai-commenti,2024-12-11T00:00:00,2024-12-11T14:50:32,OK
421dd9be-69f4-4e23-870f-09ce4285baaa,31584,quando-vostro-nipote-vi-viene-affidato,2012-03-16T00:00:00,2012-03-16T11:03:19,OK
4325a016-3e74-466a-b36d-ff40970e839c,33209,avvicinare-i-genitori-di-ragazzi-con-disabiltia,2007-12-12T00:00:00,2007-12-12T17:30:18,OK
41e78fec-bcaf-44e6-9cf7-a9bdd88838bf,10415,vita-cristiana-e-disabilita,1995-12-30T00:00:00,1995-12-30T12:08:16,OK
40579869-56c2-4cd7-9099-1555dd007717,33914,non-una-santa,2008-12-07T00:00:00,2008-12-07T19:12:07,OK
414f49c5-eb9f-494a-b01d-7716268ecdde,46470,un-aiuto-per-il-pellegrinaggio-di-lourdes-1981-chi-puo-darci-una-mano,1980-12-16T00:00:00,1980-12-16T16:10:34,OK
41e7fc08-84e3-42b4-a896-a4868e797807,39853,dossier-rifugiati,2017-06-28T00:00:00,2017-06-28T11:50:23,OK
424d76cd-63a0-47f5-b4ee-bc4f506f5ecf,21126,allamicizia-ci-credo,1975-02-07T00:00:00,1975-02-07T10:03:47,OK
41d07af8-2fed-4003-8b4f-ce439c6e0784,26019,una-specie-di-scintilla-recensione,2021-07-24T00:00:00,2021-07-24T08:45:33,OK
431e4c66-c322-42d6-a667-7a72e6c8b3db,18167,la-freccia-di-viale-marconi,2020-05-07T00:00:00,2020-05-07T15:01:31,OK
3fbaaa30-c4de-481f-aed1-bb4d79b173eb,9803,associazione-il-cantiere,1994-12-19T00:00:00,1994-12-19T09:34:50,OK
3f619bbc-5a8e-4db3-8914-b8847b9f38ab,7183,matrimoni-straordinari-il-docureality-in-cui-lamore-supera-i-limiti,2018-03-22T00:00:00,2018-03-22T11:38:52,OK
4013c2e6-0edf-4298-87f6-e2e4250c93e1,10532,ai-genitori-e-agli-amici,1996-03-04T00:00:00,1996-03-04T18:12:59,OK
43016c19-c1ea-4d3e-bd36-b6419e2bb4b5,46466,campeggio-fede-e-luce-unavventura-di-vita-e-comunita,1980-12-16T00:00:00,1980-12-16T16:20:34,OK
3f7eaabf-d200-48a3-b11f-b32322b1ef75,24235,37-seconds-recensione,2021-03-01T00:00:00,2021-03-01T15:50:57,OK
4097dbbb-04b2-47e5-bdf5-bf0752b65fc3,45696,batteria-scarica,2024-11-26T00:00:00,2024-11-26T12:12:43,OK
43763759-dca2-4bcf-9c35-b7c2f338c6c9,40648,la-mia-esperienza-con-il-taxi-sociale-a-roma,2023-07-05T00:00:00,2023-07-05T12:27:13,OK
433c8cb1-f588-421f-90d7-a985542ae97d,25942,dialogo-aperto-n-154,2021-08-29T00:00:00,2021-08-29T10:44:59,OK
43462ab6-8921-424f-af16-84c16a02656a,35957,un-sacco-di-felicita,2011-06-04T00:00:00,2011-06-04T17:47:14,OK
43b2a79b-02ac-4ae2-9596-deb74fc20722,23284,un-dialogo-aperto-molto-speciale,2020-12-22T00:00:00,2020-12-22T09:18:12,OK
44451ee1-88a4-42ff-b7e5-7a593ecd64d5,32109,e-ho-ripensato-tutto,2006-09-27T00:00:00,2006-09-27T15:17:35,OK
464dd3fa-b52f-4094-8983-81cac21255ae,12208,aspettate-arrivo,1998-06-17T00:00:00,1998-06-17T09:14:04,OK
4424470c-89b7-4265-8ccb-34c1c88966ac,26302,un-aiuto-per-i-prossimi-responsabili-di-fede-e-luce-responsabilita-si-o-no,2003-03-13T00:00:00,2003-03-13T14:31:57,OK
43df9710-5887-437e-aebc-c82b5e7d7b6d,33917,carugate-a-catechismo-con-gli-amici-disabili,2008-12-07T00:00:00,2008-12-07T19:13:36,OK
43cfad63-7ce0-4daa-82dd-9c39b08a5173,12830,preghiera-per-i-bambini,1999-06-12T00:00:00,1999-06-12T05:35:14,OK
437b29ba-62d9-47c3-b469-7567c3c48075,981,ombre-e-luci-n-3-1983-sfogliabile,1983-09-18T00:00:00,1983-09-18T14:11:28,OK
4353e41e-8fea-475a-bd69-fb53ff9faa1c,36246,fede-e-luce-in-armenia-iran,2012-03-16T00:00:00,2012-03-16T09:50:58,OK
44317813-ca04-475c-a654-a7cf4d3c016f,13049,se-qualcuno-bussa,1999-12-18T00:00:00,1999-12-18T06:45:41,OK
4332a6bf-8b0e-4ddb-b083-c68021acc6c3,43366,cose-un-sacramento-cose-leucaristia-cose-la-confessione,1977-03-20T00:00:00,1977-03-20T10:40:34,OK
43a383cc-1e0a-4887-a856-1df0b91ec653,2416,un-uovo-due-uova,1984-09-29T00:00:00,1984-09-29T17:35:16,OK
449e140b-2396-4d23-9d10-0c7f102f95af,15768338,un-pellegrinaggio-significativo,2025-11-04T00:00:00,2025-11-04T10:32:05,OK
44bc33ca-ec2f-4e2a-b0a0-117f5b69e529,45300,ci-hanno-scritto-una-critica-allultimo-numero-di-insieme,1979-06-16T00:00:00,1979-06-16T20:00:34,OK
4480085e-a55c-4ef4-a20f-460d90a92b1b,39453,viola-e-occhiolino,2016-09-16T00:00:00,2016-09-16T09:50:14,OK
43eebabc-c6fd-41c6-ad52-c67bae22906a,40422,dalle-province-n-143,2018-07-20T00:00:00,2018-07-20T07:00:21,OK
4415980f-ec72-4817-b293-c6a8ccbd6dc1,34426,ritardo-mentale-nelle-malattie-genetiche-la-ricerca-di-una-possibilie-cura,2009-06-10T00:00:00,2009-06-10T10:01:52,OK
448a2e9b-c6d1-4b0a-9da6-f6a0f53c6cbc,34197,disturbi-dellapprendimento-una-bambina-disprattica,2009-09-10T00:00:00,2009-09-10T11:18:23,OK
44784000-600c-442a-a59b-da22d3513b80,39697,viola-e-mimosa-n-137,2017-03-16T00:00:00,2017-03-16T09:50:14,OK
4421d6b1-6a94-47a2-92a4-25bb7fa5d209,34141,museo-tattile-omero-ancona,2023-02-11T00:00:00,2023-02-11T21:39:18,OK
44e2cc5e-8814-4961-9048-dbfb64d562a8,2214,trisomia-21-la-sindrome-down,1983-12-29T00:00:00,1983-12-29T16:46:49,OK
450a75a9-a7a3-464f-8d11-11e5620d3099,45225,la-parola-prende-vita,2024-08-26T00:00:00,2024-08-26T17:53:24,OK
437b17b5-3670-4434-bbfa-fa769802752c,14575,cinema-e-disabilita-i-3-film-di-giorgia-sdei,2019-11-27T00:00:00,2019-11-27T18:02:48,OK
45864bc2-55c2-4205-8d3b-ff1bf406610e,12483,le-grandi-domande-della-vita,2019-07-16T00:00:00,2019-07-16T08:35:03,OK
43c3488f-3372-4f85-909f-8ef56fc7b581,29007,grazie-madre-pantanella,2003-12-22T00:00:00,2003-12-22T12:40:36,OK
453f0dcf-1c79-417a-a5e5-0ef3bfeb051c,37650,tu-sei-amato-da-dio-cosi-come-sei,2013-06-10T00:00:00,2013-06-10T15:05:04,OK
45290a31-8ada-4402-b6f0-80364805c550,16572,newsletter-n-7-la-sedia-e-lo-studio,2020-01-10T00:00:00,2020-01-10T14:13:23,OK
4636fe58-08ab-4538-a581-3827fe3ca42b,26924,marahba-kiffak-ciao-come-stai-fede-luce-beirut,2003-09-03T00:00:00,2003-09-03T17:06:14,OK
448ad485-799b-49c6-b2e6-efc6ca410acf,15767977,di-provini-porte-ed-energia,2025-08-20T00:00:00,2025-08-20T10:55:01,OK
45687096-cc1f-4a6e-93b3-29429d809724,22179,recensione-the-best-is-yet-to-come,2020-10-09T00:00:00,2020-10-09T15:30:00,OK
4593c3f9-87b6-4066-9b26-a32ebda53a11,39854,migrati-diverse-fragilita-si-incontrano,2017-06-28T00:00:00,2017-06-28T11:30:23,OK
45eda254-3b9a-4429-b555-c3cd7fe17c7a,5108,natale-a-lubiana,1985-12-30T00:00:00,1985-12-30T10:47:26,OK
448a4aa3-c90a-4ce4-9eec-44a9699185bb,23611,intervista-giampiero-griffo,2021-02-01T00:00:00,2021-02-01T08:42:02,OK
45d6c7a2-29bb-44a9-a739-d60e2cf74922,38687,lamicizia-un-dono-unico-ed-eterno,2014-12-15T00:00:00,2014-12-15T14:59:23,OK
45c49b41-541e-47dd-bcc2-c2fe04a1b4c2,6941,allora-si-parte,1989-03-21T00:00:00,1989-03-21T14:56:42,OK
461bff80-badb-4f49-b17d-28c2f06f83c7,20734,fede-e-luce,1974-06-28T00:00:00,1974-06-28T17:47:55,OK
44838f33-8860-432e-8bb8-c6492b9141f5,37377,si-chiama-sara,2012-12-10T00:00:00,2012-12-10T15:22:04,OK
450fb3e8-7923-4a68-a3be-84fa9d91ac60,38407,essere-padre-di-un-figlio-disabile,2014-09-29T00:00:00,2014-09-29T09:59:49,OK
46346575-dfe1-4c92-bd3b-10fd5f318303,12400,il-chicco,1998-12-10T00:00:00,1998-12-10T15:50:22,OK
4569b0ba-1c58-428a-a01d-7fb07453c762,9812,non-perdere-di-vista-enza,1994-12-19T00:00:00,1994-12-19T09:58:42,OK
458ff9ce-83c5-4baf-8fe0-03bcd12d370f,48381,di-feste-volute-e-di-feste-che-non-vorrei,2025-11-26T00:00:00,2025-11-26T15:00:49,OK
4633beb6-7eab-4b4f-b8bf-7fc482c75199,48270,dialogo-aperto-n-169,2025-05-01T00:00:00,2025-05-01T10:16:11,OK
45ecde77-6dd5-4d05-89cd-ee813e34bf82,30184,lumana-resistenza,2004-06-11T00:00:00,2004-06-11T17:09:58,OK
464effad-cbe0-457b-ba0d-7d625b1404fc,27578,quel-che-si-guarda-ma-non-si-vede,2021-11-29T00:00:00,2021-11-29T10:04:10,OK
46192328-5215-4f80-97c8-14a7773b702c,38184,al-lavoro,2014-03-29T00:00:00,2014-03-29T12:20:35,OK
460c381d-2f3b-4902-94a3-d71e15584f42,10490,i-fornelli-di-marta-e-matteo,1996-03-03T00:00:00,1996-03-03T10:07:51,OK
45cfe161-7b0d-4ae0-a66f-927ad57a44e8,30450,dialogo-aperto-n-87,2004-09-13T00:00:00,2004-09-13T18:11:23,OK
44f47b04-ccb4-41b7-ba67-04aa892a8ec5,42265,un-cortometraggio-e-una-serie-a-chiudere-la-festa-del-cinema-di-roma,2023-10-30T00:00:00,2023-10-30T11:58:07,OK
491147f5-1ff6-4c50-9296-c05856f1f8f0,36365,cosa-sono-le-malattie-rare,2012-03-16T00:00:00,2012-03-16T10:35:09,OK
47e7e1bf-bb90-4541-93eb-17c5a1691d8f,46729,storia-di-natale,1981-09-16T00:00:00,1981-09-16T16:32:34,OK
478658ef-ebd3-44f5-8bef-e72cfde02c9d,11119,quando-lamore-e-mancato,1996-12-15T00:00:00,1996-12-15T16:31:31,OK
47ee6a4f-9a19-4bc7-8101-ed538eddd7f6,19730,quando-il-caso-non-e-un-caso,2001-03-09T00:00:00,2001-03-09T15:03:18,OK
47824686-0d8a-4b10-867a-702801672134,21382,luovo-nero-recensione,2020-09-25T00:00:00,2020-09-25T00:38:57,OK
48700dc6-630c-42d8-a945-a867117efc78,25651,ma-come-fa-una-mamma,2002-12-08T00:00:00,2002-12-08T13:37:21,OK
46e0882b-a33e-4dcc-b7da-c3182e730d2c,6052,vedendo-pensava-dentro,1987-06-28T00:00:00,1987-06-28T12:13:56,OK
4699e20d-ec2e-49ab-98ab-487496a0298a,12202,teatro-in-piazza,1998-06-17T00:00:00,1998-06-17T09:08:07,OK
47ae67e6-31c1-4291-98f8-f9774a1ab10d,43823,letture-consigliate-n-14,1977-09-20T00:00:00,1977-09-20T09:00:34,OK
46bb797d-d244-49f4-bb9a-73fc2a51e7bd,43358,un-figlio-handicappato,1977-03-20T00:00:00,1977-03-20T10:20:34,OK
47ecccea-6ef1-4953-a45d-b17d70ac65d9,7050,aiutarlo-diventare-un-uomo,1989-06-16T00:00:00,1989-06-16T13:47:28,OK
47d67f49-aa27-4783-8a4e-9dc9bd99c675,15768170,da-venezia-82-per-la-mostra-del-cinema,2025-09-03T00:00:00,2025-09-03T13:37:11,OK
46fc8828-831f-4a05-85b4-fb53bc4c2434,39741,avere-un-posto-nella-societa,2017-03-16T00:00:00,2017-03-16T12:30:14,OK
495b4664-0cd7-4e9d-93fb-5e313a5d9122,13080,scegliamo-con-cura-le-parole,2018-07-20T00:00:00,2018-07-20T10:01:21,OK
49447b91-1102-4ff6-b522-911505972b16,12939,un-nuovo-centro-riabilitativo-equestre-dedicato-a-bambini-con-disabilita,2019-09-15T00:00:00,2019-09-15T10:38:37,OK
48290a7f-45e6-4bb6-98c5-2b28c42fb6fa,46179,una-lettera,1980-06-16T00:00:00,1980-06-16T17:20:34,OK
48f4ffc7-03d2-4881-9803-fb1980e816e1,38695,con-orgoglio-e-tenerezza,2014-12-15T00:00:00,2014-12-15T16:31:23,OK
47bf6bed-d7bc-496f-9b80-8a0a1609d83e,38997,famiglia-per-chi-famiglia-per-cosa,2015-03-19T00:00:00,2015-03-19T10:30:53,OK
473fdf8c-3e5f-4dc4-ac76-b9e2937dfc52,43569,soffro-dunque-siamo-recensione,2024-02-19T00:00:00,2024-02-19T18:19:08,OK
47ed2200-d4e3-4f53-8cc7-5ff343669708,9932,leducazione-sessuale-delle-persone-handicappate-un-libro-risponde,1995-03-16T00:00:00,1995-03-16T18:39:03,OK
49107cea-c622-4993-bdcb-eb4a548ba275,40941,da-due-persiane-socchiuse,2023-08-16T00:00:00,2023-08-16T11:21:50,OK
476c45f8-ff58-4f61-bc30-5f656970a40a,43294,bilancio-fede-e-luce-1976,1977-03-20T00:00:00,1977-03-20T09:00:34,OK
47bf8086-ca78-4b83-93b8-f283e00a0eb0,32574,santa-pazienza,2007-06-03T00:00:00,2007-06-03T15:50:21,OK
49a6984a-26d1-46df-94e5-c5358501c8cd,6398,vita-fede-luce-n-20,1987-12-27T00:00:00,1987-12-27T12:25:08,OK
48809337-95eb-4c30-9cca-40c7e510533f,33537,ii-focolare-comunita-educativo-terapeutica,2008-06-27T00:00:00,2008-06-27T11:33:29,OK
4804df4a-a2e0-4670-a915-8453d5ca3523,23434,una-missione-fino-in-fondo,2021-01-13T00:00:00,2021-01-13T12:32:31,OK
47799d45-f618-4847-a56e-a81d474a37bb,17697,pronto-soccorso-in-una-bottiglietta,2000-06-20T00:00:00,2000-06-20T16:17:01,OK
494bcaa6-a58f-4995-96bb-958b8133e989,33691,gli-anni-che-passano,2008-09-03T00:00:00,2008-09-03T11:15:19,OK
493d6819-da0d-4bd1-850a-2f7efa3b6bf7,15767560,intelligenza-artificiale-e-memoria-editoriale-il-mio-lavoro-con-ombre-e-luci,2025-07-04T00:00:00,2025-07-04T16:02:23,OK
48c45251-6238-46ac-a0ce-d76ea4c87bbc,27066,il-cieco-che-non-voleva-vedere-titanic,2021-09-15T00:00:00,2021-09-15T09:10:30,OK
49129ae1-ac92-4869-8b6b-b6597e9c57a7,46800,7-lo-spirito-santo-dono-di-gesu-risorto,1981-12-16T00:00:00,1981-12-16T17:15:34,OK
47aac753-15b7-4f4b-ab5e-f813ee9347ac,1410,una-piccola-barca,2015-12-20T00:00:00,2015-12-20T16:49:27,OK
489253e1-a47b-4edc-896e-441fb315cbf4,6436,guido-marangoni-presenta-anna-sorride-alla-pioggia-al-chicco,2018-02-21T00:00:00,2018-02-21T13:08:29,OK
476913bd-7eb1-4282-97e0-8c8d190e7392,11470,a-scuola-con-tre-insegnanti,1997-03-26T00:00:00,1997-03-26T08:08:20,OK
4997687e-d183-44e0-ae36-a3e42a7940c1,42449,festa-della-luce-1976,1976-02-20T00:00:00,1976-02-20T09:50:34,OK
46ba5772-e90e-4fb5-b555-97b419989f11,42478,partiamo-per-il-congo-caa,2023-11-16T00:00:00,2023-11-16T20:20:25,OK
46ffb84d-e0c6-4bf1-8bdd-6e99724d5a1b,32391,ricordando-la-cara-nicole-il-dono-piu-sincero-e-il-dono-di-se,2007-03-02T00:00:00,2007-03-02T16:12:35,OK
46eb491c-fc49-4eba-9228-cfd544978da1,48316,vita-in-poverta,2025-05-12T00:00:00,2025-05-12T11:34:05,OK
48426346-7f23-44e7-a33d-210b122ac618,7461,la-mia-storia-soddisfazioni-e-desideri,1990-06-21T00:00:00,1990-06-21T11:12:28,OK
496670d5-714e-4d5a-a044-72dfa0582f83,36175,lettere-a-jean-don-marco-bove-2,2011-12-04T00:00:00,2011-12-04T10:12:14,OK
48a5edb0-50e4-49f2-a6fa-c7ef30c35d99,15767881,pellegrinaggi-al-cinema,2025-07-29T00:00:00,2025-07-29T17:58:00,OK
498f4f97-6b5e-4e07-b692-ac517dfad173,33577,fin-dalla-nascita,2008-06-27T00:00:00,2008-06-27T12:08:42,OK
46a9cb7b-bdab-4046-b687-4af57dfaa3c5,40514,eh-io-sono-qui,2018-11-03T00:00:00,2018-11-03T11:20:34,OK
475fd6e2-dd08-40e5-bde8-e513190f36ce,40495,il-mistero-di-tanto-bene,2018-11-03T00:00:00,2018-11-03T11:01:34,OK
48fcedf4-d40e-432c-a58d-334567f816d9,19206,un-natale-speciale,2000-10-26T00:00:00,2000-10-26T14:12:42,OK
48afff7f-a478-42f6-a747-dbaf07fc7f06,8903,daniela,1992-12-13T00:00:00,1992-12-13T10:47:58,OK
468b2ffd-2117-48e8-8f84-bdf17042ff88,12919,papa-e-cieco,1999-09-13T00:00:00,1999-09-13T07:45:18,OK
46c9a57b-6d23-4f32-98d9-baaab352c009,44495,la-comunita-che-accoglie-i-rifiutati-recensione,1978-03-01T00:00:00,1978-03-01T16:30:34,OK
47899aee-5567-4808-8e23-d59fecb16620,10472,world-disability-day-2018,2018-12-03T00:00:00,2018-12-03T09:52:36,OK
48c89794-3425-4baa-a528-33cf17967fc7,38992,dalle-provincia-n-130,2015-03-19T00:00:00,2015-03-19T09:42:53,OK
4a1f0b5f-fba7-4bf9-a9bd-547576526cbe,35344,vita-fede-e-luce-n-110,2010-09-30T00:00:00,2010-09-30T16:01:59,OK
4a17d0f6-f78b-494e-b34b-780fbdb7fd70,42022,avevano-bisogno-di-noi,1974-12-28T00:00:00,1974-12-28T19:10:08,OK
4b3edb53-9032-4884-adac-7f78bbf375c3,6939,tante-bellissime-cose,1989-03-21T00:00:00,1989-03-21T14:54:47,OK
4b463f24-09a6-454e-8322-42e486c83051,39506,il-messaggio-del-giubileo-dialogo-con-mons-rino-fisichella,2016-09-16T00:00:00,2016-09-16T13:15:14,OK
4af6062a-0259-4293-8828-abae3ed55011,39662,visto-al-cineforum-di-fede-e-luce,2017-03-16T00:00:00,2017-03-16T09:00:14,OK
4a637bd4-6d43-4b48-97ed-0aa2ab8afb1c,38688,una-ragazza-speciale,2014-12-15T00:00:00,2014-12-15T16:30:23,OK
4b3868a5-aa0d-4db7-853d-211e5bd22a36,42724,la-musica-del-mondo,2023-12-11T00:00:00,2023-12-11T11:48:00,OK
4d15b09f-1c7e-4769-9e1b-fcbab01edc3c,46533,dal-sostegno-alla-partecipazione-esperienze-di-educazione-inclusiva-per-bambini-con-difficolta,1981-03-16T00:00:00,1981-03-16T18:00:34,OK
4a8331d5-6da0-45bf-af32-0f01cfa764eb,42082,possibile-che-gabriele-non-abbia-un-posto,2023-10-11T00:00:00,2023-10-11T12:34:23,OK
49b8df0c-4734-4469-889c-9116432a12ec,13384,catalogo-prelibatezze,2019-10-28T00:00:00,2019-10-28T17:00:55,OK
4b87b105-6440-4cf8-a60e-4a82e602f641,12284,maria-teresa-di-calcutta-dedicato-ai-bambini,1998-09-28T00:00:00,1998-09-28T12:33:57,OK
4b2ec248-8250-46d1-bc93-56b214f6f607,15767910,pilgrims-on-film-sacred-journeys-from-lourdes-to-mecca,2025-07-29T00:00:00,2025-07-29T17:58:00,OK
4b86605b-6326-4ae1-927d-fac44e7bf933,48453,con-noi,2025-05-21T00:00:00,2025-05-21T08:50:53,OK
4a50b182-ccea-451b-b09b-a75c830140f7,24171,una-scuola-di-tutti-newsletter-n-29,2021-02-15T00:00:00,2021-02-15T09:11:25,OK
4cc0e3b5-a220-48c6-aaef-a64c810d1d66,31286,ogni-figlio-e-un-cammino-un-mondo-da-scoprire-camminando-e-fermandoci,2005-12-23T00:00:00,2005-12-23T14:38:42,OK
49c5868d-b109-484c-ac3c-55e02c3247ac,19871,di-pagella-e-mascherina,2020-06-17T00:00:00,2020-06-17T13:55:20,OK
4c329d0d-9bf4-4955-b597-435ff6614b77,38381,umorismo-e-handicap-un-terreno-minato,2014-09-29T00:00:00,2014-09-29T09:40:49,OK
4a7a3e34-1b4e-4a9d-8a1a-de9da3a32034,22440,una-cooperativa-sul-mare,2001-06-20T00:00:00,2001-06-20T08:29:13,OK
4c50e75d-9c7c-4a91-a55f-b16174a063b6,38363,dialogo-aperto-n-127,2014-09-29T00:00:00,2014-09-29T09:20:49,OK
4b58789a-5dd9-40ea-a3c3-86ca5619e627,16056,io-lorenza-e-il-prosciutto-cotto,2020-02-06T00:00:00,2020-02-06T22:46:39,OK
4cc40d1c-5d69-4517-9ed3-481c53df1a55,26824,amore-e-disabilita-veronica-e-alessandro-si-sono-sposati,2003-06-23T00:00:00,2003-06-23T17:12:16,OK
4a93f8e0-ce42-4f78-90a1-8d301ee34e84,30623,il-natale-del-ricco-epulone,2004-12-14T00:00:00,2004-12-14T17:34:03,OK
4cc9781c-a364-419e-8180-13d2fb26208c,46514,la-dove-tu-ci-vuoi-ogni-giorno,1981-03-16T00:00:00,1981-03-16T18:59:34,OK
4d265482-5b12-4bc0-a74b-820cfb076cc1,24467,the-crown-cugine-autismo,2021-04-06T00:00:00,2021-04-06T11:26:55,OK
4c725d95-706a-499b-8709-795494b26996,39873,costruiamo-laccoglienza,2017-06-28T00:00:00,2017-06-28T13:35:23,OK
4abd0f4b-34e2-4a44-bef8-6f1ada4b41c6,46673,perche-a-lourdes,1981-09-16T00:00:00,1981-09-16T18:50:34,OK
49abf7e8-5073-4ac6-ad29-6ebcffd55cbc,15768431,domande-di-una-campionessa,2025-09-01T00:00:00,2025-09-01T10:16:18,OK
49deabc5-df26-43db-92d3-d737089a40cb,28686,parlo-di-quello-che-so,2022-06-22T00:00:00,2022-06-22T10:30:52,OK
4cecdd6d-a280-4b63-b733-497c6b7209df,35571,perdersi-recensione,2010-12-03T00:00:00,2010-12-03T16:55:12,OK
4af29649-19b7-42ef-87fe-1ab61c8388f9,8712,la-pazzia-e-lamore-un-cammino-verso-lanima-del-malato-di-mente,1992-06-06T00:00:00,1992-06-06T11:30:22,OK
4b99dfdc-bb39-46b7-a80e-c2897f170124,39207,piero-e-il-bruco-farfalla-recensione,2016-06-16T00:00:00,2016-06-16T09:00:14,OK
4bb839de-9e9c-4e65-addf-2234a3ae3738,33552,la-citta-dei-ragazzi,2008-06-27T00:00:00,2008-06-27T11:46:45,OK
4bdd5743-d8c4-4c9b-9f61-6628776ee135,26344,la-strada-che-ci-sta-davanti,2003-03-13T00:00:00,2003-03-13T15:22:17,OK
4b5cac7d-b643-4691-9e35-a7ec7d802819,2343,il-mistero-del-bambino-psicotico,1984-06-30T00:00:00,1984-06-30T20:04:50,OK
4b8f5bb7-73ce-4bab-8095-bc3331b686b8,33947,il-paese-delle-meraviglie,2008-12-07T00:00:00,2008-12-07T19:25:20,OK
4b80fc66-6802-4435-8f17-3b65ac318930,18605,vicini-a-distanza,2020-06-20T00:00:00,2020-06-20T05:36:53,OK
4b312c20-6e50-4586-8c66-01ccac09b9bf,28790,perche,2022-07-14T00:00:00,2022-07-14T10:37:18,OK
4bdc3e25-4a7f-450f-92b2-ca47739751ef,45193,fu-un-buon-vento,2024-08-26T00:00:00,2024-08-26T16:02:44,OK
4a232b60-083a-4872-91d0-751182379c0a,33888,sessualita-come-viverla-con-la-propria-disabilita,2008-12-07T00:00:00,2008-12-07T18:56:35,OK
4cbf87d7-b071-456e-b023-a01d34b849ea,28604,il-mio-pato-che-si-fa-sempre-trovare,2022-06-06T00:00:00,2022-06-06T11:51:47,OK
4a67fdc4-1954-4bce-aa7e-86889a2b4201,44776,vacanze-1978,1978-12-21T00:00:00,1978-12-21T09:30:34,OK
4c253695-0f5d-4fdb-ab86-2060f1542002,17804,mi-ha-telefonato-giuseppe-conte,2020-04-24T00:00:00,2020-04-24T00:19:49,OK
4a726f57-993b-48b3-bfe6-aa3b0d0d3823,5909,ombre-luci-n-16-1986-sfogliabile,1986-12-08T00:00:00,1986-12-08T23:14:03,OK
4c479628-7600-48cc-bfe5-b76730132627,30888,fratello-sole-sorella-down,2005-06-17T00:00:00,2005-06-17T14:39:34,OK
4c021b46-ade7-4e10-9dcd-a9542384dc54,39465,chi-scalda-il-cuore,2016-09-16T00:00:00,2016-09-16T10:30:14,OK
4a5cdff5-52e3-4ae1-b79c-285ff9793945,7036,perceval-un-luogo-vivere-imparare-vivere,1989-06-16T00:00:00,1989-06-16T12:33:17,OK
4a1a8502-c2dc-4d33-b58d-2b728b9fd0a4,9269,viviamo-da-soli,1993-09-09T00:00:00,1993-09-09T09:36:03,OK
4b7576dc-a0ca-45e6-b27b-5477f7063032,9558,psicologia-e-culto-di-se-la-psicologia-aiuta-a-credere,1994-03-16T00:00:00,1994-03-16T16:01:12,OK
4a6d293e-8343-4bbd-ad24-9868afae09c2,26343,la-mia-esperienza-di-prete-a-fede-e-luce,2003-03-13T00:00:00,2003-03-13T15:22:33,OK
4aa0e462-84be-4c1d-8411-10b112b66b75,764,nessuno-resti-solo,2015-12-18T00:00:00,2015-12-18T10:00:58,OK
4d74f7aa-8c75-429d-be51-199c56934661,45877,abitare-le-differenze-recensione,2024-11-26T00:00:00,2024-11-26T17:41:21,OK
4ef8acfd-43b8-4887-b165-84cbef63d3d6,31414,il-vangelo-per-tutti-i-disabili-mentali-e-la-domenica-nella-comunita-ecclesiale,2006-03-30T00:00:00,2006-03-30T09:00:38,OK
4e4eaff4-b9a0-4998-aa65-030e5933ee7f,27304,quarantadue-chilometri-tra-bellizzi-e-new-york,2021-10-20T00:00:00,2021-10-20T15:44:59,OK
504775f8-347f-4e3d-9990-84d7be7eb5b6,22466,la-presenza-dei-piu-piccoli,2001-06-20T00:00:00,2001-06-20T09:26:20,OK
4ddc6659-2e40-437f-91fa-aa16bf727352,313,con-loro-sono-salito-sul-monte-meta,1983-09-30T00:00:00,1983-09-30T19:24:40,OK
50f92455-58d2-4317-ad79-0a7125bbc810,43451,cura-e-civilta,2024-02-16T00:00:00,2024-02-16T12:17:50,OK
4e2aa1bc-92e1-416a-bee9-95e934e28e7e,38806,il-dono-dellunita,2015-03-19T00:00:00,2015-03-19T10:10:08,OK
4ddef51c-2bc1-40d8-8d21-7038090a7be6,39118,un-ponte-in-un-guscio-di-noce,2016-03-25T00:00:00,2016-03-25T10:30:53,OK
4d3303dd-3d02-4df9-a01d-f6c6cdb2ba30,38664,insegnante-di-lettere-canale-della-vita,2014-12-15T00:00:00,2014-12-15T13:09:23,OK
4e06cd54-345b-46be-9ab1-db84dc37c68d,12896,labbraccio-benedicente-meditazione-sui-ritorno-del-figlio-prodigo,1999-09-13T00:00:00,1999-09-13T06:42:36,OK
4dc9f072-c5c3-458e-a48e-9095c1de7f5a,33963,philippine,2021-12-07T00:00:00,2021-12-07T19:30:53,OK
4ecbfd2a-737e-405a-a644-2cc4dac8d47d,7451,lhai-chiamata-per-portare-frutto,1990-06-21T00:00:00,1990-06-21T10:52:28,OK
4e199774-3ee5-43fa-b9b3-2b659c219840,26082,programma-del-pellegrinaggio-a-roma-del-1975,1975-05-03T00:00:00,1975-05-03T11:15:34,OK
4ea2abcd-e3c1-43bd-b558-22bdaef7d826,13042,cecilia-vuole-una-casa,1999-12-17T00:00:00,1999-12-17T22:22:41,OK
4d5d7018-eaaa-497d-a542-5189d3291fec,3136,per-liberarci-dai-tabu-dellepilessia-plus-de-gym-pour-danny,1985-06-27T00:00:00,1985-06-27T20:20:32,OK
50bf0db7-67b2-4757-86c9-d89251ca95a1,32785,fede-e-luce-larca-ombre-e-luci,2007-12-10T00:00:00,2007-12-10T17:10:41,OK
4ef95a11-4673-4739-970d-27432a18fc4c,35825,vivere-con-la-distrofia-intervista-a-me,2011-03-04T00:00:00,2011-03-04T17:30:14,OK
500e4b8c-7127-4c04-8e69-fb63c29c49c3,6074,rivista-hd-problemi-comportamentali-le-strategie-dintervento,1987-06-25T00:00:00,1987-06-25T13:05:26,OK
4fc80043-c1af-485f-b769-6cc150eb870d,40502,raggi-di-sole,2018-11-03T00:00:00,2018-11-03T11:11:34,OK
4f86c1ff-66be-4907-b623-e43a15def417,45213,una-relazione-importante,2024-08-26T00:00:00,2024-08-26T17:15:57,OK
4f1034ef-fd28-4b95-9ad6-3aa37feeba91,48463,dialogo-aperto-per-papa-francesco,2025-05-21T00:00:00,2025-05-21T09:42:09,OK
4d8fb060-43c9-43d0-93a9-3732ddb78f5b,37519,primavera-di-fede,2013-03-10T00:00:00,2013-03-10T15:40:04,OK
4eaa4c16-ef11-412b-9ec0-8dbacf6a4543,33714,il-mondo-di-sergio-una-storia-vera-dei-nostri-giorni-recensione,2008-09-03T00:00:00,2008-09-03T11:44:57,OK
4ef2b888-f1a0-4635-9455-bdacc407e169,12073,lassociazione-la-nostra-famiglia,1998-03-04T00:00:00,1998-03-04T09:18:44,OK
4db8526a-096b-4c7e-bb7b-ba0d3d88ac02,15767732,linclusione-che-ancora-manca-nel-cinema-italiano,2025-07-23T00:00:00,2025-07-23T15:32:53,OK
50bf53e3-19ca-49c6-8988-a59db0254e0b,36349,larca-di-trosly,2012-03-16T00:00:00,2012-03-16T10:25:09,OK
4d46e3f9-2332-4d19-b52b-814f465e9b5b,31008,giovanni-paolo-ii-non-sembrava-ne-prete-ne-papa,2005-06-17T00:00:00,2005-06-17T16:20:16,OK
4f904109-89d7-41d3-a85d-58f7b5e57006,38258,attivita-riabilitative-fiori-colori-e-profumi,2014-06-29T00:00:00,2014-06-29T10:00:35,OK
4ff88ea2-61e8-4e06-9290-6ae083b3b583,45937,2-fede-e-luce-larte-dellincontro-per-superare-la-paura-della-diversita,1980-03-16T00:00:00,1980-03-16T18:30:34,OK
4d50a4bc-9a79-4305-8f05-ea6c93153a1d,15768610,una-terza-via,2025-11-03T00:00:00,2025-11-03T10:11:11,OK
501500f2-f287-4932-b0aa-d2f54d74a0d0,12413,non-sta-piu-in-un-angolo,1998-12-10T00:00:00,1998-12-10T16:16:50,OK
4fe7feb6-89e8-4a61-b033-adc43276dacc,26977,avevo-deciso-di-non-amare-mio-fratello,2003-09-04T00:00:00,2003-09-04T15:46:16,OK
4e173928-fa68-4478-8e2d-e1a1f14077e8,31423,gli-oggetti-raccontano-storie-straordinarie-di-oggetti-comuni-recensione,2006-03-30T00:00:00,2006-03-30T09:05:04,OK
4f6a1abe-7295-4413-ad44-1d9762834af3,41139,ho-incontrato-gli-scooppiati,2023-08-30T00:00:00,2023-08-30T12:53:39,OK
4fef90f4-5f14-4a56-a5b0-7e6a8f63ff49,9984,voglio-il-mio-mare-la-mostra-di-design-di-studenti-e-persone-disabili,2018-10-30T00:00:00,2018-10-30T16:44:45,OK
4ef48aa3-d717-4b23-9262-74e4e9ebd640,19372,avete-mai-interpretato-la-grotta-di-betlemme,2020-06-03T00:00:00,2020-06-03T15:35:22,OK
4efade45-5c32-4599-b981-71228f04b2d0,7403,consulta-nazionale-integrazione,2018-04-05T00:00:00,2018-04-05T13:08:52,OK
506922c1-cda3-423f-9e13-1b797e7bc8ab,8816,essere-padrino-ha-cambiato-la-sua-vita,1992-09-07T00:00:00,1992-09-07T16:21:11,OK
50beb538-53b8-43bf-bef8-18d48a44447f,39457,chiamati-a-portare-frutto,2016-09-16T00:00:00,2016-09-16T10:00:14,OK
50df621a-1347-464a-bf1e-bcd6d5dc0dc5,6652,lavorando-insieme-un-pomeriggio-chiamato-laboratorio,1988-06-28T00:00:00,1988-06-28T11:56:42,OK
4fdc0d9f-4c31-4561-aa85-df246ef425cc,38113,chi-resta-deve-capire-recensione,2014-03-29T00:00:00,2014-03-29T11:06:35,OK
4f913f1e-2d01-42e3-93f7-f10a91ebcd9d,37158,quattro-punti-cardinali-i-luoghi-di-ombre-e-luci-tra-i-quartieri-di-roma,2023-05-08T00:00:00,2023-05-08T13:04:06,OK
4e4e807d-1aab-47de-a27e-821bcdef7592,13449,la-tua-vita-e-la-mia,2019-10-29T00:00:00,2019-10-29T13:40:54,OK
4d683e7c-f9a8-4e6a-8443-de67738c3b59,22564,dialogo-aperto-n-75,2001-09-26T00:00:00,2001-09-26T09:38:22,OK
4deed934-d3fe-4d88-b9cf-97344b2e6718,45951,4-vita-comunitaria-costruire-comunita-tre-pilastri-fede-luce,1980-03-16T00:00:00,1980-03-16T18:18:34,OK
4e3ac030-3c2b-412c-9c53-f71538c77771,27879,poco-a-sud-dellequatore,2022-02-16T00:00:00,2022-02-16T14:35:51,OK
4f089d80-7909-48df-a3c8-0fe772937a43,31143,alla-scuola-materna-insegnanti-poco-preparate,2005-09-19T00:00:00,2005-09-19T15:45:55,OK
4ed1ba19-e03e-4bd3-8d48-2b9f146bada3,8118,la-stelletta,1991-03-16T00:00:00,1991-03-16T10:48:56,OK
502c94c3-3826-4281-9aa5-bb1949b239af,3116,vi-ricordiamo-perche-ombre-e-luci,1985-06-30T00:00:00,1985-06-30T23:05:26,OK
4d4a87cd-dc2d-481c-99df-0bb057bf7653,6984,amici-nonostante-la-guerra,1989-06-16T00:00:00,1989-06-16T10:53:07,OK
51cebab3-7021-421f-8a89-9c0fabd0f618,35594,la-mia-africa,2010-12-03T00:00:00,2010-12-03T17:10:12,OK
5310f360-4efd-4b13-adca-155491f5395a,31278,a-a-a-cercasi-sostegno-per-chi-apparentemente-non-ne-ha-bisogno,2005-12-23T00:00:00,2005-12-23T14:34:18,OK
51496080-da49-439e-867b-066ec138edcf,12166,quella-lieve-disabilita,1998-03-04T00:00:00,1998-03-04T10:17:32,OK
5479a9ec-79f1-4d0a-8139-d97afb0168ed,7936,una-passeggiata-in-campagna,1990-12-27T00:00:00,1990-12-27T08:29:51,OK
53cee31b-b007-4252-a8ab-75e40bf34d42,37523,prendetene-e-mangiatene-tutti,2013-03-10T00:00:00,2013-03-10T15:45:04,OK
5230cd2b-b64a-480e-8fca-059b9ca39748,6712,vita-fede-luce-n-23,1988-09-20T00:00:00,1988-09-20T14:09:31,OK
5180c5e9-e403-45a1-a90a-086440180eee,34149,mamme-che-amano-troppo-per-non-crescere-piccoli-tiranni-e-figli-bamboccioni-recensioni,2009-09-10T00:00:00,2009-09-10T10:50:01,OK
51f8b69b-8f50-41a9-aefe-ea2c003f37a5,18027,prova-a-capire-quel-che-non-dico,2000-09-28T00:00:00,2000-09-28T08:44:03,OK
53243f17-8659-4fc5-a342-fa8ad7414e89,15767617,and-a-star-lights-up-from-fear-to-hope-navigating-a-changed-world-since-september-11,2001-12-25T00:00:00,2001-12-25T15:21:07,OK
510dde52-0528-4a38-913b-bec76dbd881c,16307,la-rivoluzione-copernicana-di-lucas,2020-03-02T00:00:00,2020-03-02T06:15:32,OK
5153f955-7882-4923-923c-48df765cbec4,8798,vita-di-fede-e-luce-n-40-i-campi-di-fede-e-luce-come-momento-formativo,1992-09-07T00:00:00,1992-09-07T15:42:06,OK
54381f2a-7654-4402-adb1-01c335e23e01,10903,che-capisce-e-noi,1996-09-27T00:00:00,1996-09-27T08:59:09,OK
52e0b853-2a87-46c6-9b09-576929358160,27237,dietro-le-quinte-di-unassunzione,2021-09-28T00:00:00,2021-09-28T12:30:17,OK
5172a944-fc92-45b2-b38f-89f789cbbccf,3646,alla-scoperta-della-redazione-ombre-luci,2007-12-29T00:00:00,2007-12-29T21:00:32,OK
52067008-c73e-4dbb-9f07-6d92133b3a2f,40714,gruppo-di-gruppi,2023-07-18T00:00:00,2023-07-18T09:36:21,OK
52a5eda6-8556-42bd-8e45-42e5dfbf93b3,15089,whos-my-neighbor,2020-01-12T00:00:00,2020-01-12T05:44:35,OK
543de2ee-8e40-499f-b0c1-745579e7f6dd,4799,joyeux-noel,2013-12-14T00:00:00,2013-12-14T11:15:34,OK
51106bcd-de3e-40a9-9c68-bd040e164e5f,10596,attivita-didattiche-per-autistici-valutazione-e-trattamento-a-livello-individuale-per-autistici,1996-06-14T00:00:00,1996-06-14T16:16:47,OK
5225f661-a631-4fb7-8096-16e62ef55ae7,7557,cresce-la-rete-di-centri-sporthabile-in-toscana-per-lo-sport-paralimpico,2018-04-16T00:00:00,2018-04-16T10:30:56,OK
53729ce1-8e5c-4719-ace3-f684083f1456,4841,verdetto-dei-medici,1986-03-23T00:00:00,1986-03-23T12:36:45,OK
5462b37d-7a99-4946-82cb-ccf05ba1872e,45958,5-creascere-insieme-guidare-una-comunita-fede-e-luce-principi-e-pratica,1980-03-16T00:00:00,1980-03-16T18:10:34,OK
52e7187f-c821-4193-804c-7808b1769be4,12395,decalogo-per-insegnare-alle-persone-con-disabilita,1998-12-10T00:00:00,1998-12-10T15:37:47,OK
54c796a2-1e76-431c-ac43-0ed597554ca5,9099,ricompense-o-punizioni,1993-06-21T00:00:00,1993-06-21T08:06:02,OK
51152451-7f20-4a36-ad66-aaad3dd21bca,24258,grazie-papa-don-carlo-recensione,2021-03-02T00:00:00,2021-03-02T11:38:07,OK
53bd8066-dd13-4a3c-8b71-9d0c010d9bfb,38081,respiro-dopo-respiro-lo-yoga-per-bambini-e-adolescenti-con-bisogni-speciali,2013-12-14T00:00:00,2013-12-14T13:28:00,OK
51789abb-e88d-4a80-8b10-44603380942d,10063,portate-fraternita-gioia-intelligenza-della-fede,1995-06-02T00:00:00,1995-06-02T12:19:06,OK
515f8cae-8d17-4b93-89de-40bfb9e92a82,37279,repubblica-sorda-recensione,2023-05-09T00:00:00,2023-05-09T11:58:48,OK
53f5b6e7-9ba6-4875-ac14-96a7e4476ecb,40196,da-fratello-e-da-padre,2018-03-26T00:00:00,2018-03-26T11:17:42,OK
519507ff-1e49-4ed6-9a8a-3e28db0ed1ad,9274,io-grido-verso-te,1993-09-09T00:00:00,1993-09-09T09:49:32,OK
5185ad02-e7a0-4563-8838-3158150f9bf7,32369,brutta-recensione,2007-03-02T00:00:00,2007-03-02T16:05:20,OK
51eb0781-0c3b-479a-b78d-afba7af810b3,34155,la-vita-come-e-per-noi-un-padre-una-famiglia-e-un-bambino-speciale-recensione,2009-09-10T00:00:00,2009-09-10T10:53:18,OK
52067976-916c-4c8b-9e1f-beee7a2c3b77,31770,giuditta-e-lorecchio-del-diavolo-recensione,2022-10-17T00:00:00,2022-10-17T09:47:45,OK
539ed1e1-b11f-4693-aa74-f6729823baaf,32536,nellintimo-delle-madri-luci-e-ombre-della-maternita-recensione,2007-06-03T00:00:00,2007-06-03T15:22:20,OK
51de456d-7463-4a3c-968b-0c621557dd73,31066,magica-apertura-delle-special-olympics,2005-09-19T00:00:00,2005-09-19T14:18:22,OK
510615b2-08be-48e6-8bbf-3544d5bb4e94,9284,si-fa-sera,1993-09-09T00:00:00,1993-09-09T10:07:35,OK
535a1f48-c1b4-4a6f-bdc8-69c8becda9b4,27661,cinema-disabilita-torino-film-festival-babel-film-festival-di-cagliari,2021-12-21T00:00:00,2021-12-21T15:34:58,OK
549a533a-1d3c-47d5-a680-3edcec08a501,45603,mio-fratello-marco,1979-09-16T00:00:00,1979-09-16T19:05:34,OK
53cbd8de-e19d-4ce7-9dc6-96f045c9d739,30549,come-direno-non-puoi-averlo,2004-12-14T00:00:00,2004-12-14T16:18:51,OK
5153bdd7-80dd-407e-ab37-320c26c0ea48,15768527,dialogo-aperto-n-171,2025-11-01T00:00:00,2025-11-01T11:14:49,OK
515a6987-d25a-426c-a531-788efc23803c,31827,hai-mutato-il-mio-lamento-in-danza-una-maternita-dalla-morte-alla-resurrezione-recensione,2006-06-21T00:00:00,2006-06-21T09:43:26,OK
5324dab8-e7cd-4c8e-9d56-4aef7279728f,17610,stramonio-recensione-libro,2000-05-20T00:00:00,2000-05-20T10:16:25,OK
516574dd-2e1d-4700-9270-7a30af4f6604,16281,tranquilla-e-soddisfatta-di-me-stessa,2020-02-26T00:00:00,2020-02-26T06:44:41,OK
51de45f4-4bbb-4283-bbe5-50453b52b145,4439,momenti-difficili,2009-03-07T00:00:00,2009-03-07T11:11:45,OK
54c751de-fdea-4bf1-8ba6-1cc7dcfcbab2,12185,vita-fede-e-luce-n-62,1998-06-17T00:00:00,1998-06-17T08:09:28,OK
52f03226-bfbd-4e1a-a4d6-47308d89b6ec,30510,la-chiesa-debole-nel-suo-capo-sorgente-e-segno-della-presenza-di-dio,2004-12-14T00:00:00,2004-12-14T15:43:34,OK
54b1b924-79c4-4d3f-9c2b-29edf9919f85,31189,piccolo-mio,2005-12-23T00:00:00,2005-12-23T08:58:04,OK
5264a0d4-eccf-4259-9c95-9337ed595057,33513,diario-di-scuola-recensione,2008-06-27T00:00:00,2008-06-27T11:23:00,OK
51e7ad98-76a2-4dd4-a6df-bc9097c55a9f,35575,guardie-del-corpo,2010-12-03T00:00:00,2010-12-03T16:55:12,OK
532c83fd-a44c-4d41-a5ec-13131ffac9e1,45832,in-cammino-con-te,2024-11-26T00:00:00,2024-11-26T15:57:25,OK
546aee8f-5d0f-4df9-9094-62044c83c4ca,10107,fano2018,2018-11-20T00:00:00,2018-11-20T11:36:54,OK
566beefa-ac9b-478f-bcb7-3121f8dd0ac6,37481,per-una-vita-di-comunione,2013-03-10T00:00:00,2013-03-10T15:15:04,OK
5634d7ff-8326-47f5-ad4f-7d94937e0441,12522,atad-a-roma-ritorna-la-conferenza-sulle-tecnologie-assistive-per-la-disabilita,2019-07-20T00:00:00,2019-07-20T07:03:44,OK
57a80836-58d5-4fdf-ac19-7802c6d7ef78,34022,baby-xitter,2009-03-08T00:00:00,2009-03-08T17:18:40,OK
5559f388-6743-49e1-b7bf-f872b61c2488,35797,ladri-di-carrozzelle,2011-03-04T00:00:00,2011-03-04T16:56:14,OK
5635b10e-69df-4309-a58b-ded795f8e3ec,8217,meglio-stanco-che-annoiato,1991-06-21T00:00:00,1991-06-21T10:53:30,OK
5672429d-2eee-43c6-b4bd-6858f82976f3,43666,proverbi-sullamicizia,2023-03-09T00:00:00,2023-03-09T12:18:27,OK
554309fc-8834-49ac-be91-d2cec49f0cd8,29403,vita-delle-province-n-151,2020-08-16T00:00:00,2020-08-16T11:57:22,OK
54e6ceaf-bfcb-4d2c-8ad7-f671318e6555,43724,gli-altri-un-figlio-subnormale-recensione-libro,1977-06-20T00:00:00,1977-06-20T13:00:34,OK
55c762bb-237f-48a7-8eb8-51af6e0efc91,38847,e-ci-si-sente-un-po-soli,2015-03-19T00:00:00,2015-03-19T10:55:08,OK
5658e899-83f5-43f7-b226-eeb300a92f78,38233,dialogo-aperto-n-126,2014-06-29T00:00:00,2014-06-29T09:10:35,OK
567b142d-f3d8-4bcc-9966-e1b52ff423cf,11076,il-bambino-con-handicap-dalla-nascita-allintegrazione,1996-12-15T00:00:00,1996-12-15T12:41:26,OK
56939ca1-f287-4b55-8739-b6440c13f475,29172,mi-piace-andare-al-mare,2022-08-09T00:00:00,2022-08-09T09:50:30,OK
55ca0854-d7fc-43f6-9c4d-043f91132e75,21563,come-dire-di-si,1975-05-07T00:00:00,1975-05-07T17:08:33,OK
574a6fc5-0334-4a85-af97-f5bc5fd0b6ba,26588,con-gli-occhi-di-corrado,2021-08-02T00:00:00,2021-08-02T11:56:09,OK
55fa86ba-1f55-4202-9079-8a8f31608cf6,40712,dallincontro-tra-zenia-e-borys,2023-07-18T00:00:00,2023-07-18T09:28:56,OK
578d244c-8f86-4215-a97f-ea489f95201f,31129,integrazione-scolastica-per-paolo-una-gran-perdita,2005-09-19T00:00:00,2005-09-19T15:29:42,OK
580cf8be-0ef8-4624-ac4d-38452722a552,7695,mirella-pablo-silvia-claudia-patrizia,1990-09-26T00:00:00,1990-09-26T09:24:29,OK
56f97695-4788-4f7e-99ac-39f942138f65,45746,marco-cavallo-nel-mondo,2024-11-26T00:00:00,2024-11-26T13:23:41,OK
55463eb8-8e5b-4f72-a3d3-07c9f636d52b,43031,il-pranzo-di-natale-di-santegidio,2024-01-15T00:00:00,2024-01-15T11:45:28,OK
5571cee7-bfff-4602-8607-085c1674be97,47072,come-vitamina-tra-la-gente,2025-02-07T00:00:00,2025-02-07T11:40:29,OK
55c1d6ba-46b4-4af2-bef0-32528ca0b594,7239,dialogo-aperto-n-28,1989-12-20T00:00:00,1989-12-20T11:35:31,OK
55c61c30-2186-420c-8a3a-8a8de7a0d751,30750,autismo-la-storia-di-oliviero,2005-03-16T00:00:00,2005-03-16T16:00:26,OK
579960dd-ecd2-4481-9a79-19626b71d916,35736,jean-vanier-risponde,2011-03-04T00:00:00,2011-03-04T16:00:14,OK
56d06f3a-006a-44f5-ada1-42f99ae62262,38671,il-sorriso-dei-tuoi-occhi,2014-12-15T00:00:00,2014-12-15T13:20:23,OK
5690348b-aca8-440c-9d6a-3e45332ce04f,43496,sanremo-fin-dove-lho-visto-4,2024-02-10T00:00:00,2024-02-10T16:12:54,OK
5643cd98-d4aa-4d41-82e6-98075f3fa21d,34185,disturbi-dellapprendimento-ho-scoperto-la-sofferenza-dei-miei-figli,2009-09-10T00:00:00,2009-09-10T11:08:58,OK
56cc40fb-8410-4252-9441-ebd587d4172d,23471,il-disagio-mentale-nelle-carceri-italiane,2021-01-14T00:00:00,2021-01-14T10:04:12,OK
55d3018a-1124-4bd7-b15d-ec17e98abf39,12952,per-aiutarlo,1999-09-17T00:00:00,1999-09-17T18:37:35,OK
56575c19-7b11-4153-a0fb-9e1fbb791ae7,46794,6-cristo-risorto-fa-di-noi-un-solo-popolo,1981-12-16T00:00:00,1981-12-16T17:17:34,OK
55451f8e-7239-447f-b05b-293f0927cfd8,46969,la-festa-continua,1981-12-20T00:00:00,1981-12-20T13:30:34,OK
56294338-ce10-423c-b7a6-770f0426ac4a,30183,ma-i-posti-sono-pochi-il-centro-di-riabilitazione-la-nostra-famiglia,2004-06-11T00:00:00,2004-06-11T16:42:13,OK
54e6b267-fd73-4f7c-aa18-ab7966ea4390,26387,un-cammino-verso-la-persona,2003-03-13T00:00:00,2003-03-13T15:58:25,OK
56b5a49e-c0ef-4800-94c4-28562a16979c,22376,mantenere-viva-la-giovinezza-nel-cuore,2001-06-17T00:00:00,2001-06-17T17:04:48,OK
554f207f-f650-4238-9425-9866ac516095,8605,speciale-pellegrinaggio-a-lourdes-1991,1992-03-05T00:00:00,1992-03-05T09:11:33,OK
580b3401-5945-4f35-aa56-ecf42c1d8131,15768021,a-holiday-at-europing-an-accessible-paradise-in-tarquinia,2025-08-21T00:00:00,2025-08-21T20:44:01,OK
559a90bb-8e0b-4b08-a96e-ff3e2d76f65d,34154,aragoste-e-frattali,2009-09-10T00:00:00,2009-09-10T11:02:52,OK
56e61a1f-9b79-445b-b26e-730a0fbca1ab,4787,dialogo-aperto-n-13,1986-03-14T00:00:00,1986-03-14T10:49:14,OK
54f8a74d-ebd4-4e63-b35a-1db6eb9c74cf,16538,newsletter-09-2020-noi-non-loro,2020-02-07T00:00:00,2020-02-07T07:50:42,OK
55074d8f-78f7-4f1c-b2f6-13fb4c8f0545,12050,lettere-a-jean-paul-gilbert,2010-10-08T00:00:00,2010-10-08T14:30:51,OK
57d89e82-3b6e-4518-9585-35ba58ce3e47,32197,re-33-e-i-suoi-33-bottoni-doro-recensione,2006-12-28T00:00:00,2006-12-28T07:47:23,OK
57ff13a5-d934-4064-8a1e-2f8c4e3c8489,13462,per-tutti-persone,2019-10-29T00:00:00,2019-10-29T13:30:51,OK
57fb72d5-30c4-4327-aded-35db3c4b7214,45599,focus-gli-adulti-profondamente-handicappati-alcune-testimonianze,1979-09-16T00:00:00,1979-09-16T19:10:34,OK
569dcf58-4ff3-483e-bea0-eeee17c1eef4,39695,dalle-province-n-137,2017-03-16T00:00:00,2017-03-16T09:30:14,OK
56b96d9f-2f8a-4bef-8591-7b45a5f8be73,44610,meditazione-a-modo-mio,1978-06-13T00:00:00,1978-06-13T12:30:34,OK
5510fd93-4ca3-4971-9e94-37eb188eafff,37146,quella-vera-fattura-da-pagare,2023-05-08T00:00:00,2023-05-08T14:10:28,OK
56a1b7bf-f3f2-4d54-938f-07cc8ff0cfa1,46204,vita-fede-e-luce,1980-06-16T00:00:00,1980-06-16T16:50:34,OK
57c74680-2170-4385-a7f4-7a448bd380c7,8134,quello-che-manca-ai-notri-figli,1991-03-16T00:00:00,1991-03-16T11:16:34,OK
568ecc3b-803b-4c95-9d27-8f875216fca7,12820,dedicato-ai-bambini-francesco-gammarelli,1999-06-12T00:00:00,1999-06-12T05:12:48,OK
5515a544-0e30-4ece-96a8-a1845c97672f,21098,integrazione-nelle-scuole-pro-e-contro,1975-02-07T00:00:00,1975-02-07T08:51:49,OK
56f5cdd9-d0c9-4a8d-b24f-4d4dc0e3f1ac,8386,il-momento-di-capire,1991-09-22T00:00:00,1991-09-22T14:39:50,OK
5817aa23-b50a-404d-94d9-0f663511c3b5,27732,abbiamo-fatto-alcune-delle-esperienze-di-solidarieta-che-abbiamo-raccontato,2003-12-03T00:00:00,2003-12-03T11:44:00,OK
59160ca9-e5d4-41e9-9057-deb9e7c1d975,6700,cosa-puo-la-comunita-parrocchiale-le-persone-disabilita,1988-09-20T00:00:00,1988-09-20T14:04:06,OK
586452f9-0275-429d-8825-39f669a615e2,2057,e-non-disse-nemmeno-una-parola,1983-09-01T00:00:00,1983-09-01T14:46:44,OK
58ec1e74-419d-4571-b65c-8f53ebc99286,6991,la-mostra-abilioltre-arriva-alla-stazione-roma-ostiense,2018-03-16T00:00:00,2018-03-16T11:36:55,OK
5953d29b-c84b-4f2e-91ea-1496d52f5d57,19724,spesso-di-notte-in-silenzio,2001-03-09T00:00:00,2001-03-09T14:58:10,OK
58bdc64a-3857-442e-b72e-ee86b5b0a623,46073,per-continuare-a-mettere-in-cerchio,2024-12-19T00:00:00,2024-12-19T11:31:16,OK
595e7df4-7782-4494-a65c-5a9d9024639c,24722,marie-la-strabica-recensione,2021-04-30T00:00:00,2021-04-30T10:27:32,OK
58fae097-c327-4afe-a243-3ad59d102822,13342,chiesa-accoglie-davvero,2019-10-28T00:00:00,2019-10-28T13:01:38,OK
5aa91ea6-581f-4ebf-968d-655df1d5127d,40065,caro-raffa-la-vita-e-adesso,2017-12-21T00:00:00,2017-12-21T09:45:33,OK
5bc8139c-3c22-4047-9791-2cd9a6cee825,28030,il-mistero-del-london-eye-recensione,2022-03-15T00:00:00,2022-03-15T17:31:59,OK
5a2a60d9-2ef7-43f3-bc36-9bfd0d4a8923,6778,casa-del-sole-casa-della-serenita,1988-12-25T00:00:00,1988-12-25T19:10:46,OK
5827f172-c9c5-4849-8f3c-fe34198bb8cc,40708,ma-la-giorgia-tredicenne-di-oggi-chi-avrebbe-incontrato,2023-07-17T00:00:00,2023-07-17T16:14:10,OK
581b5d13-aa9d-4f14-a029-8e057a24d1ce,30943,le-chiavi-di-casa-recensione-film,2005-06-17T00:00:00,2005-06-17T15:23:46,OK
5b581f03-8891-4e8a-8195-e0fca7ce8453,21713,lo-straniero,2001-12-25T00:00:00,2001-12-25T09:48:53,OK
5984f7cf-fb01-485a-bdd5-d7efb93cc7d8,37287,felicemente-seduta-recensione,2023-05-09T00:00:00,2023-05-09T12:10:49,OK
59d921c6-75b0-453c-a361-aceeb1910d97,17599,visto-con-il-cuore,2000-06-20T00:00:00,2000-06-20T09:47:46,OK
5a12249a-e735-44ee-ba60-06a6249b43a9,27591,le-ho-cantate-tuttissime,2021-11-29T00:00:00,2021-11-29T14:13:33,OK
5b946603-4fcb-4935-a97e-f14d08d72a25,30169,dialogo-aperto-n-86,2004-06-11T00:00:00,2004-06-11T16:35:18,OK
5ac1ee73-e7ef-4386-93fa-dfc8168107b4,39035,piu-scavo-piu-trovo,2015-03-19T00:00:00,2015-03-19T12:30:53,OK
5bb94062-2570-4ebf-8cef-85d6f8477c1d,18794,ma-come-ve-lo-devo-dire-santo-cielo,2020-05-21T00:00:00,2020-05-21T20:11:45,OK
5ba52a0b-8051-4aba-90b8-8828e0f113cf,12725,come-avrei-voluto-vederti-piu-spesso,2019-08-24T00:00:00,2019-08-24T07:24:40,OK
5c478b0c-f4e7-48fe-9273-bd5cfc395727,31301,come-educare-allautonomia-pazienza-tenacia-anche-durezza,2005-12-23T00:00:00,2005-12-23T14:47:07,OK
5945da54-9e7f-4779-abab-a1846f75068d,15768082,la-lettera-di-paolo-vi-ai-pellegrini-di-fede-e-luce,1975-10-28T00:00:00,1975-10-28T16:34:56,OK
5beb3014-23be-4711-b8c0-4fac089d1b32,18624,come-sono-cambiato-in-questi-anni,2020-05-16T00:00:00,2020-05-16T12:09:59,OK
5979de26-45a3-4976-8ee5-9d621de5ce88,31934,una-scelta-difficile,2006-07-21T00:00:00,2006-07-21T11:26:08,OK
5be94daa-be28-4cb9-bdc2-388fd0d218bf,39086,il-libro-di-julian-a-wonder-story-recensione,2016-03-25T00:00:00,2016-03-25T09:00:53,OK
58c53b8b-065e-42c2-8711-f630bc22e71d,7146,a-tavola-con-una-persona-sorda,1989-06-21T00:00:00,1989-06-21T11:50:38,OK
5c052c19-9b39-40ce-8413-aab26f4332bf,28617,da-quellarmadio,2022-06-08T00:00:00,2022-06-08T12:49:03,OK
5acfad27-f657-44d2-8efa-74a33bdc9671,39158,chiamati-tutti-al-traguardo,2016-03-25T00:00:00,2016-03-25T13:30:53,OK
5926882d-b53a-4d69-930e-168aba109fa3,15768443,loyola-university,2025-09-02T00:00:00,2025-09-02T10:54:16,OK
597fc026-df99-46e3-8645-fc30d51bdc79,42098,un-diritto-finora-spesso-eluso,2023-10-12T00:00:00,2023-10-12T10:45:24,OK
5983ad08-7c51-4d20-a9f9-c7fa45234d85,34404,quel-puntino-un-po-sfrangiato-recensione,2009-06-10T00:00:00,2009-06-10T09:50:03,OK
5aa7d680-be68-43b3-aa9e-b872495b9fb3,12721,daje-benedetta-daje-tu-bello,2019-08-24T00:00:00,2019-08-24T07:19:54,OK
5a812495-e827-43df-b431-6165cd3dc5f9,31256,dai-figli-non-si-divorzia-separarsi-e-rimanere-buoni-genitori-recensione,2005-12-23T00:00:00,2005-12-23T14:10:49,OK
59f4b58a-1592-411e-a86c-994745a226de,7109,cooperativa-spazio-aperto,1989-06-21T00:00:00,1989-06-21T10:40:30,OK
5ae61626-f97c-4791-b63c-d7c19566393f,7103,vita-fede-e-luce-n-27,1989-06-21T00:00:00,1989-06-21T10:30:10,OK
5c0153f3-0aee-41cc-be52-31c65a373fcf,35368,come-una-poesia-che-ti-piace,2010-09-30T00:00:00,2010-09-30T16:20:59,OK
5b38ea16-06db-4f3f-8765-ee2731a0d532,4003,semplicita-bella-ricca,2015-06-13T00:00:00,2015-06-13T12:49:28,OK
5aa8c87c-1731-4849-a78f-b91266aba6f4,12113,tre-racconti-dello-spirito-lettera-pastorale-per-verificarci-sui-doni-del-consolatore,1998-03-04T00:00:00,1998-03-04T09:32:22,OK
5b546ea8-888e-4c63-85c6-c98d406151c4,8829,lasciateli-venire-a-me,1992-09-07T00:00:00,1992-09-07T16:55:56,OK
5bd20e9d-6f70-4f38-be67-cad2f4ac382f,39257,papa-francesco-al-chicco-qui-mi-avete-toccato-il-cuore,2016-06-16T00:00:00,2016-06-16T10:10:14,OK
58131682-3e79-4b0b-8a90-c1157ad4ab43,18191,festival-diritti-umani,2020-05-07T00:00:00,2020-05-07T15:35:08,OK
5a7e420b-2a1c-44b2-adc4-4134386474f8,32720,quanto-coraggio-quanta-speranza,2007-09-09T00:00:00,2007-09-09T15:12:10,OK
5a3d935e-2d85-44eb-a5d4-5cedb68be077,30927,arte-e-disabilita-incontriamo-giotto,2005-06-17T00:00:00,2005-06-17T15:00:49,OK
5ab1ea2d-7a75-410e-a2cc-c8238381b81c,2291,ombre-e-luci-n-5-1984-sfogliabile,1984-03-31T00:00:00,1984-03-31T20:32:53,OK
59ed71b2-30c9-45e8-9d95-e7310ec2aee2,35879,fede-e-luce-e-subito-scatto-la-molla,2011-06-04T00:00:00,2011-06-04T17:15:14,OK
5aef571b-61f7-4cad-b733-aaf4300e0278,30472,love-life-recensione,2022-09-15T00:00:00,2022-09-15T10:34:08,OK
5b11d158-9eee-4653-8d00-a532c2d426ee,18176,raccontare-la-malattia-in-presa-diretta,2020-05-07T00:00:00,2020-05-07T15:12:13,OK
58dc88e1-b24f-46e3-8863-9fef965e13d9,33873,la-forza-di-una-vita-fragile-storia-di-una-bambina-che-non-doveva-nascere,2008-12-07T00:00:00,2008-12-07T18:46:42,OK
594d2a4a-94c4-496e-89d1-6f7b8eb23e41,45873,non-sono-abituato-a-fare-lo-zaino,2024-11-26T00:00:00,2024-11-26T16:59:24,OK
5c563462-40cd-4935-883e-66996fe52aec,39943,dopo-di-noi-atti-del-convegno-anffas,2017-09-06T00:00:00,2017-09-06T09:10:44,OK
5c7057d1-7797-49e9-89c6-f3a11352fdd0,17458,newsletter-n-13-nuove-colonne-sonore-per-le-nostre-citta,2020-04-03T00:00:00,2020-04-03T07:16:59,OK
5cb2c212-dcce-4c14-8b5f-e1a4242ebd58,10839,dopo-di-noi-sono-molti-ad-aspettare,1996-09-22T00:00:00,1996-09-22T08:41:45,OK
5d36397e-f8b6-47d7-b0f1-8d919397fac3,9332,disability-pride-2018,2018-07-11T00:00:00,2018-07-11T09:13:56,OK
5ee91372-0d7e-484a-8db8-f34f07ac0c79,30532,anche-dio-ha-un-sogno-una-speranza-per-il-nostro-tempo-recensione,2004-12-14T00:00:00,2004-12-14T16:02:37,OK
5dc1fe21-b231-43d5-bd16-cd4228fd05d3,44227,scuola-e-disabilita-integrazione-ascoltiamo-le-testimonianze-di-due-mamme,1977-12-05T00:00:00,1977-12-05T12:50:34,OK
5e764b8d-6f87-4924-9943-f63559d76cb6,607,speranza-a-dura-prova,1983-06-30T00:00:00,1983-06-30T13:33:10,OK
5df11610-8df3-4645-ace2-8f5199ca76e6,34599,pensando-alla-nascita-di-gesu,2009-12-10T00:00:00,2009-12-10T13:29:55,OK
5cb504d5-84ae-4580-ba5a-d82346f90dbd,43883,editoriale-vacanze,1977-09-20T00:00:00,1977-09-20T11:15:34,OK
5d0962b1-de0d-4be9-bb94-4adb25e76aa5,15103,vite-straordinarie-2,2020-01-25T00:00:00,2020-01-25T08:15:22,OK
5c5a737d-c1ea-4d8f-8814-0cff4fef136c,6809,non-solo-leggere,1988-12-29T00:00:00,1988-12-29T20:47:39,OK
5c4ab5f3-c8be-4f28-8b54-b992b2a50f35,45436,per-una-giusta-rappresentazione-della-disabilita-sul-grande-schermo,2024-10-09T00:00:00,2024-10-09T13:57:14,OK
5d376304-67c4-4297-91b2-b9548924cb40,38553,a-briciola-manca-solo-la-parola,2023-05-09T00:00:00,2023-05-09T08:11:35,OK
5e2020aa-08bd-46e8-bb9f-2979b2334fee,7941,preghiera-della-malattia,1990-12-27T00:00:00,1990-12-27T08:45:42,OK
5e99d925-7cce-4a76-a951-9a1ba8a94f7d,10958,gara-di-solidarieta-a-siracusa-per-attrezzature-sportive,2019-01-08T00:00:00,2019-01-08T10:55:18,OK
5e586474-c865-402a-80ca-73339a30a3f2,37348,dalle-province,2012-12-10T00:00:00,2012-12-10T15:00:04,OK
5f072200-b38e-40a3-be1d-e60f3d21c7b5,37381,posso-devo-voglio,2012-12-10T00:00:00,2012-12-10T15:25:04,OK
5ca17502-ab97-455e-8c83-b92b9e68598c,65,editoriale-n-1,1983-03-31T00:00:00,1983-03-31T09:47:25,OK
5da4a328-b429-4a40-84bc-338bfc0e1b61,9805,ma-noi-siamo-attori,1994-12-19T00:00:00,1994-12-19T09:38:58,OK
5edaa6f3-5179-4772-b758-31b5bb4bd867,23135,senza-alveare-a-natale,2020-12-14T00:00:00,2020-12-14T10:38:12,OK
5d867bae-ebe7-4a4b-9963-28543260c8a7,32227,alzheimer-cosi-lontani-e-cosi-vicini,2006-12-28T00:00:00,2006-12-28T08:15:53,OK
5ca18ae4-9d28-4bf2-8bf2-55b5a2918d91,6518,anni-scolastici-disabilita,2018-02-26T00:00:00,2018-02-26T11:37:19,OK
5ddef829-95d1-440c-8486-2205fde9fa0f,21641,e-iniziata-super-bene,2020-09-17T00:00:00,2020-09-17T07:37:58,OK
5dd251f9-4aec-4ad0-9ef0-2398486fe8e5,11198,toscana-nasce-il-forum-delle-associazioni-per-la-disabilita,2019-01-29T00:00:00,2019-01-29T09:26:58,OK
5e59a6f8-a255-4f93-abaf-b742ae69a7b0,45764,e-tu-slegalo,2024-11-26T00:00:00,2024-11-26T15:46:36,OK
5d423dec-e6f7-4354-9ff1-1a108a519379,12680,il-tuo-ultimo-soffio,2019-08-05T00:00:00,2019-08-05T06:59:22,OK
5d48be5a-333d-49f2-be99-fc5665218518,26248,io-credo-in-te-di-luca-badetti-recensione,2021-07-12T00:00:00,2021-07-12T09:52:54,OK
5ce3116d-7a06-4123-89d4-4e5fefdcc65d,46699,lourdes-1981-sabato-santo,1981-09-16T00:00:00,1981-09-16T18:01:34,OK
5fd8c996-9472-40a0-95c0-119afbdcfcda,44478,assemblea-internazionale-di-fede-e-luce-a-bruxelles-gennaio-1978,1978-03-03T00:00:00,1978-03-03T15:20:34,OK
5e68e8aa-429a-4315-926c-22de458a42ed,2270,cottolengo-e-don-guanella-pregiudizi-e-realta,1984-03-30T00:00:00,1984-03-30T19:23:01,OK
5c830d68-823d-459b-a685-28caca31b7ab,5420,una-grande-profezia,1986-06-22T00:00:00,1986-06-22T12:11:04,OK
5ca39d3c-c04e-487c-b60c-160f8c9798c8,12048,lettere-a-jean-annik-donelli,2010-07-08T00:00:00,2010-07-08T14:18:07,OK
5e82219a-c947-467c-a944-24fa1222ba72,37400,un-vescovo-per-amico,2012-12-10T00:00:00,2012-12-10T15:35:04,OK
5c6ae639-241b-4216-8e97-75b198ca51fb,46917,amici-delicati-e-fedeli,1981-12-20T00:00:00,1981-12-20T13:35:34,OK
5f20e092-fad2-4150-863a-ac9b82f62577,43312,come-nata-la-prima-casetta-fede-e-luce-storie-di-pennelli-e-appendiciti,1977-03-20T00:00:00,1977-03-20T09:30:34,OK
5d2b046f-050b-48f3-a0e4-59094eec02a7,19927,intervista-ad-andrea-romeo-su-cinema-e-disabilita,2020-06-18T00:00:00,2020-06-18T22:49:02,OK
5f271ebe-4e0a-42a5-baa3-be61eeda1853,38160,germogli-diversi-arte-floreale-e-disabilita-la-bellezza-di-un-percorso-possibile,2014-03-29T00:00:00,2014-03-29T12:09:35,OK
5f130b70-ff63-48ca-9182-50b6691f098b,25587,casa-famiglia-la-tenda-per-bambini-da-0-a-6-anni,2002-12-08T00:00:00,2002-12-08T11:16:38,OK
5f435b1c-ab2b-4265-86ca-fb45588d2c55,24060,ibrahimui-sulle-spalle-di-justo,2021-02-11T00:00:00,2021-02-11T11:04:29,OK
5f4a4dc9-bc34-4ea0-9341-c1766aa9eca5,12385,dialogo-aperto-n-64,1998-07-10T00:00:00,1998-07-10T15:09:16,OK
5f17f718-3ef0-4002-a738-4a864cdb03f2,31835,culla-di-parole-come-accogliere-gli-inizi-difficili-della-vita,2006-06-21T00:00:00,2006-06-21T10:00:39,OK
5f72a37f-7467-43c3-8b75-7a2345edf7b2,20947,diario-di-una-scuola-media-della-zisa,2020-09-03T00:00:00,2020-09-03T10:27:18,OK
5c73762b-aee5-4fc0-81c8-82ec33c51f75,43490,sanremo-fin-dove-lho-visto-3,2024-02-09T00:00:00,2024-02-09T16:12:54,OK
5fc612a3-bb9d-4413-a4b6-1eb42315c62f,46234,uno-due-tre-stella,1980-09-16T00:00:00,1980-09-16T18:59:34,OK
5f941386-b8e5-4545-9b52-100992b305c6,39984,il-plusabile-due-sorelle-speciali,2017-09-06T00:00:00,2017-09-06T10:50:44,OK
6008b991-3a92-42c2-8ba4-d7c57fd09694,33179,concorso-fotografico-legami,2007-12-12T00:00:00,2007-12-12T17:22:04,OK
5f729b2c-e5e3-4bc3-9c8d-01c08f89679b,28980,gesu-per-amico-un-percorso-evangelico-per-disabili-mentali,2003-12-22T00:00:00,2003-12-22T12:22:21,OK
5f70da4e-8d76-40bb-89d0-0ffefcb4d634,46113,fratelli-e-sorelle-di-persone-con-disabilita-2,1980-06-16T00:00:00,1980-06-16T18:59:34,OK
5f0f1c3c-eed3-4a4c-89a5-ac2ad354e478,35376,20-anni-del-carro,2010-09-30T00:00:00,2010-09-30T16:26:59,OK
5f2fed49-9264-43db-a390-a8213ac2b5df,46812,9-nella-preghiera-personale,1981-12-16T00:00:00,1981-12-16T16:56:34,OK
612c6d8e-e3a2-4f45-94c1-e3398b2d9506,1803,darti-la-vita,1983-03-01T00:00:00,1983-03-01T12:44:54,OK
606a97cd-41a5-4c64-acc3-a3f5e91cd6e9,15982,cinema-e-disabilita-i-3-film-di-armando-damato,2020-02-06T00:00:00,2020-02-06T22:42:27,OK
61eaa839-55ac-4a42-8e76-e67b3f4e7979,18666,years-and-years,2020-06-08T00:00:00,2020-06-08T05:36:19,OK
604591a9-bd61-4624-a693-22fa22607c4c,35895,1971-2011-fede-e-luce-festeggia-40-anni,2011-06-04T00:00:00,2011-06-04T17:29:14,OK
6079bee2-862a-4236-ae61-9402c790465d,45443,san-sebastian-festival-tardes-de-soledad,2024-10-11T00:00:00,2024-10-11T08:24:02,OK
606bb0e5-577e-4693-9b35-197d3c9a2c23,40048,dalle-province-n-140,2017-12-21T00:00:00,2017-12-21T09:30:33,OK
62158bd3-001e-4ffb-bd6b-80783b64d30e,46896,il-posto-della-persona-handicappata-nelle-nostre-comunita,1981-12-20T00:00:00,1981-12-20T14:00:34,OK
6036f8c2-d6e2-4b43-a859-e70f85dde57d,35335,quando-impari-ad-allacciarti-le-scarpe-recensione,2010-09-30T00:00:00,2010-09-30T16:01:59,OK
60bb8ca9-f32c-4902-922e-97604c4de0e6,5675,preparare-al-sacramento,1995-06-30T00:00:00,1995-06-30T12:54:16,OK
622f3bcc-bc6b-44c6-938a-96b88f1e75da,48638,inclusive-catechesis-when-faith-becomes-tactile,2025-06-26T00:00:00,2025-06-26T09:57:42,OK
608a8d92-e489-4ac5-be6e-bff3af811013,15768719,semplicemente-maria-recensioni,2025-11-17T00:00:00,2025-11-17T12:53:55,OK
635ee42a-9861-4562-84cc-d843c65b8f64,22394,quella-terza-preziosa-eta,2001-06-17T00:00:00,2001-06-17T17:20:32,OK
62d677dd-2655-451a-acef-4054dab9d864,34184,disturbi-dellapprendimento-qual-e-il-vero-marco,2009-09-10T00:00:00,2009-09-10T11:08:50,OK
63ce2405-2e03-429a-a1e9-b4901d4df896,2259,basta-la-porta-aperta-domande-in-6-parrocchie,1984-03-30T00:00:00,1984-03-30T19:21:22,OK
600ba450-f930-4324-8223-f93fe3cc7cb1,25016,dialogo-aperto-n-78,2002-06-01T00:00:00,2002-06-01T15:16:09,OK
619b3b0c-209b-4563-a882-a6696e4e03ef,32200,in-gita-per-il-calendario-dell-associazion-italiana-persone-down,2006-12-28T00:00:00,2006-12-28T07:47:57,OK
6251d744-6e3f-4db7-9700-8a559da5535f,28708,la-magia-delle-nostre-vacanze-insieme,2022-07-01T00:00:00,2022-07-01T09:40:28,OK
621ea3f0-0827-40b8-a4dc-eb2886e3015d,47014,come-ogni-anno-da-oltre-ventanni,2025-02-05T00:00:00,2025-02-05T13:50:38,OK
61169509-6894-4d66-8d90-02352b80a5ca,27439,i-ragazzi-della-via-pascoli-recensione,2021-11-05T00:00:00,2021-11-05T12:42:57,OK
6200cd81-8fc5-4d0b-a246-30e8fe055910,33635,ciclisti-non-vedenti-vaticano,2023-01-31T00:00:00,2023-01-31T22:01:07,OK
630799b8-b420-4fe4-b3cd-7f3bba2e6e36,342,ogni-luglio-presto-una-casa,1983-09-30T00:00:00,1983-09-30T15:20:57,OK
62acb75b-68b8-435c-8c15-17bdde7091da,46461,estate-fede-e-luce-1980-la-gioia-di-fare-vacanza-insieme,1980-12-16T00:00:00,1980-12-16T16:30:34,OK
61cca815-03e7-4715-aae5-e38c29cc9b34,33488,chi-ha-visto-adriano,2008-06-27T00:00:00,2008-06-27T11:01:18,OK
613a76c1-fd5a-4304-8c84-28daa0bb9961,12224,teatro-privato,1998-06-17T00:00:00,1998-06-17T10:07:29,OK
60f7309f-8c10-4f85-bff9-29cd6b5943b1,28981,mi-preparo-alla-messa-recensione,2003-12-22T00:00:00,2003-12-22T12:22:37,OK
62757b1a-870f-4362-99c5-4b59f4676bc1,6599,saverio-nostro-fratello,1988-03-28T00:00:00,1988-03-28T16:26:34,OK
6316101b-dbcf-41a0-bb4b-405a22bb4bbe,10023,dialogo-aperto-n-50,1995-06-02T00:00:00,1995-06-02T11:32:48,OK
605e344a-6ec5-4e38-9a14-3b332db16929,28761,non-siete-stati-ancora-sconfitti-recensione,2022-07-13T00:00:00,2022-07-13T11:25:23,OK
6177c5bd-2b18-442b-a7e6-ee178e2d8cca,3371,il-bambino-down-una-guida-per-genitori,1983-11-06T00:00:00,1983-11-06T23:10:29,OK
60d294a9-2bbf-414a-9e94-577cd6377629,42784,mitezza-recensione,2023-12-12T00:00:00,2023-12-12T12:16:07,OK
61d356ad-5888-4ce3-b426-64330895fc4d,18583,corrispondenze-e-zoomate-dalla-russia,2020-06-16T00:00:00,2020-06-16T04:29:34,OK
630a830b-00da-475b-a687-d0e8147cbfd8,16443,perche-non-ascoltiamo-la-risposta-di-gesu,2020-02-18T00:00:00,2020-02-18T13:59:55,OK
61ce029d-e2c6-45f7-b9b2-7b1ab5ce6139,27611,intervista-a-matteo-mazzarotto-e-ivana-perri,2021-11-29T00:00:00,2021-11-29T23:55:39,OK
61e237e5-44c7-4585-8e2c-5ef79b3d6251,46955,avevo-paura,1981-12-20T00:00:00,1981-12-20T13:00:34,OK
601fd844-4831-4bd0-bc14-53af1974fa16,37794,ci-ha-lasciato-la-professoressa-marie-odile-rhethore,2023-04-20T00:00:00,2023-04-20T09:13:28,OK
60b49afc-5594-4406-a83d-e0473e872e2e,224,editoriale-4-il-mio-bambino-con-la-sindrome-down,1983-12-31T00:00:00,1983-12-31T22:32:43,OK
628b6776-f067-4854-a150-77b11995b505,10131,le-case-famiglia-gli-istituti-i-centri-esaminati-da-ombre-e-luci,1995-09-12T00:00:00,1995-09-12T10:13:56,OK
6222e441-0b26-47f4-88c6-93fa9aef8cb3,14839,non-mi-piace-cucinare,2019-12-18T00:00:00,2019-12-18T08:17:53,OK
630e3f3c-aa35-4849-abac-6f52338bc9b6,27869,stupiti-e-grati,2022-02-16T00:00:00,2022-02-16T13:48:23,OK
6288ec1a-659d-4285-8e7b-0609fc3298b2,24144,benedetta-il-mio-curriculum,2021-02-13T00:00:00,2021-02-13T22:54:37,OK
62524cf1-d7af-4829-8270-da1db61f6139,34656,c-era-una-volta-la-citta-dei-matti,2010-03-16T00:00:00,2010-03-16T16:16:10,OK
62e45f5b-db91-4bae-8cb6-e0a7a9975db4,40080,fare-nuove-tutte-le-cose,2017-12-21T00:00:00,2017-12-21T10:20:33,OK
6030885e-ffa6-4e73-b696-c26d5d8ab6d6,44844,la-vita-e-proprio-bella-e-vi-spiego-perche,2024-07-19T00:00:00,2024-07-19T09:20:50,OK
62d9f167-325b-4fa2-bd17-f25226b46f2e,30997,io-e-karol,2005-06-17T00:00:00,2005-06-17T16:12:01,OK
6251b7d8-f517-43ee-9c7d-8592858b30a8,44877,nuotando-con-amore,2024-08-20T00:00:00,2024-08-20T12:10:21,OK
62ba4df2-4691-4c6f-aa12-983fe2277ddb,43759,per-nostra-riflessione-la-comunione,1977-06-20T00:00:00,1977-06-20T14:30:34,OK
636d366c-c975-4cf8-8930-71d3e1be5d76,45370,apriamo-il-sipario-oggi-si-recita,1979-06-16T00:00:00,1979-06-16T15:30:34,OK
618f234c-01a5-4be6-9232-38c91b5c4d25,26264,esperienze-fede-e-luce-in-africa,2003-03-13T00:00:00,2003-03-13T13:07:06,OK
622c04ed-4233-441a-bc6b-438c4e530d5a,35371,due-vocazioni,2010-09-30T00:00:00,2010-09-30T16:22:59,OK
626429eb-5337-4336-9b31-004a6521c20d,13040,gioco-come-questa-casa,1999-12-17T00:00:00,1999-12-17T22:19:49,OK
63ee11f8-ce73-4da0-a7fc-416c2bf09798,20641,la-potenza-delle-parole,2020-07-22T00:00:00,2020-07-22T11:25:54,OK
6419c31c-3f03-4d19-85b4-9a092b0747a1,4651,pazienza-tenacia-anche-durezza,2005-12-05T00:00:00,2005-12-05T11:36:44,OK
649adb8f-dac1-4938-92d0-6879f2776c91,8615,per-capire-di-piu,1992-03-05T00:00:00,1992-03-05T10:19:26,OK
6428822d-08a0-490e-bd6e-a7f02cf2fdd2,34310,recensione-as-we-see-it,2023-02-13T00:00:00,2023-02-13T12:35:56,OK
64a2419e-219a-4314-af88-92fa2ee91d15,31322,un-padre-rivela-il-dono-unico-di-suo-figlio-disabile,2005-12-23T00:00:00,2005-12-23T15:03:42,OK
6450cee0-a4b4-4ced-99f4-676d5b6687e3,40040,quello-che-non-ho-mai-detto-e-lisola-di-noi-recensione-di-due-libri-di-federico-de-rosa,2017-12-21T00:00:00,2017-12-21T09:15:33,OK
663a2fd8-0034-4283-b36f-0400233ca0d4,34685,deboli-e-forti-trovano-il-loro-posto,2010-03-16T00:00:00,2010-03-16T16:27:10,OK
660182fc-8a28-4d93-8d1e-b184ff10ca99,5597,catechesi-facilitata,1998-09-28T00:00:00,1998-09-28T13:52:25,OK
63f54fdf-8abc-4600-813d-22d6d90ac22d,7932,chi-ha-avuto-paura-fa-gratis-un-altro-giro-una-giornata-al-luneur-di-roma,1990-12-27T00:00:00,1990-12-27T08:19:56,OK
64dec691-ed61-4429-89e5-cf163cfa70a2,44966,diciotto-recensione,2024-08-16T00:00:00,2024-08-16T10:36:37,OK
64035ee6-dc18-46e3-aad6-056b76079d0f,21175,diario-di-bordo,2020-08-19T00:00:00,2020-08-19T09:12:28,OK
64b95e12-a2e1-442d-b6bc-8bc43d0840e8,1412,cose-che-sapevi,2015-12-20T00:00:00,2015-12-20T16:58:51,OK
64b7cc0e-04e1-4ae3-8306-090389c98b33,29167,qualche-volta-voglio-e-qualche-volta-no,2022-08-09T00:00:00,2022-08-09T09:44:50,OK
644be608-31ae-4216-bcd3-9ea950c1a6b2,10059,il-cardinale-martini-risponde,1995-06-02T00:00:00,1995-06-02T12:03:33,OK
645a988e-eab9-49f7-8fda-43d2cdef6bc0,42615,dedicato-ad-unamica,1976-09-20T00:00:00,1976-09-20T19:30:34,OK
64b13fa1-69d7-40b3-bee1-349e312c3a42,31834,sostegno-psicologicologico-in-gravidanza,2006-06-21T00:00:00,2006-06-21T10:00:48,OK
64e04c56-3f4e-4dbe-8505-8d0c87ad8bae,12799,dialogo-aperto-n-66,1999-06-11T00:00:00,1999-06-11T17:49:23,OK
658a7561-a915-4b89-99f1-aa3913fd5daa,330,ed-e-stata-una-vera-vacanza,1983-09-30T00:00:00,1983-09-30T17:53:01,OK
67125a92-fb84-4242-b688-e6dcd2c0318c,32578,la-mia-pazienza-ha-dei-limiti,2007-06-03T00:00:00,2007-06-03T15:50:35,OK
6649785e-e572-45c3-b2c5-ef7687258430,31480,la-tenerezza-di-dio-2,2006-03-30T00:00:00,2006-03-30T10:37:49,OK
669fc3eb-b8eb-478f-8366-d4edf4a18620,7842,cammino-damore,1990-09-26T00:00:00,1990-09-26T13:05:24,OK
663408f3-2eae-4640-b08a-172106591a8e,42633,a-te-bambino-mio,1976-09-20T00:00:00,1976-09-20T18:30:34,OK
65642612-389f-4f75-8d29-8039b92b868f,15071,la-straniera,2020-01-03T00:00:00,2020-01-03T10:26:43,OK
64b894ee-60d3-4fa5-9f0f-b7e25dd06de2,7966,dialogo-aperto-n-32,1990-12-26T00:00:00,1990-12-26T09:19:08,OK
63da222f-2bcc-441e-ada5-ebb0100d871a,34037,eredita-e-figli-disabili-il-notaio-risponde,2009-03-08T00:00:00,2009-03-08T17:27:02,OK
648e5ce2-c867-4090-a837-fbf37d793db1,2175,le-comunita-fede-e-luce-nel-mondo,2017-10-31T00:00:00,2017-10-31T15:03:35,OK
64491aba-822d-4bfd-93b2-efee91f6f8cf,10989,in-movimento,2019-01-14T00:00:00,2019-01-14T15:58:56,OK
655fcb1d-fab4-47f0-ba66-aa95dcb57640,8192,primavalle-un-territorio-molti-progetti,1991-06-21T00:00:00,1991-06-21T10:14:38,OK
64d19910-24bd-4994-9319-809a8ad0b0d0,48729,humanitarian-corridors-a-lifeline-for-refugees-including-those-with-disabilities,2017-07-22T00:00:00,2017-07-22T15:39:05,OK
6671b829-d957-44e8-8faf-c2ef11467ca7,45504,benvenuti-al-sud,2024-10-16T00:00:00,2024-10-16T18:05:41,OK
6552e9d0-6e48-4e12-bab9-e6ae083ab0b5,12801,con-clara-siamo-in-sei,1999-06-11T00:00:00,1999-06-11T17:52:56,OK
64f15ed3-0682-4b92-b9e2-e6a164a61a4a,2366,vita-fede-e-luce-n-6,1984-06-29T00:00:00,1984-06-29T12:18:55,OK
64ba04b1-ec25-4856-8331-46254eadeb9c,45838,storie-di-guerra-confini-e-speranza,2024-11-26T00:00:00,2024-11-26T16:09:57,OK
6589ce3c-b5c0-4437-9528-f5dd6286bc96,40098,mi-chiamo-charlotte-fien-e-ho-la-sindrome-di-down,2017-12-21T00:00:00,2017-12-21T11:00:33,OK
66a7cf98-25e1-4a51-a18c-0889e6b4c0ca,11190,27-gennaio-giornata-della-memoria,2019-01-27T00:00:00,2019-01-27T09:42:14,OK
66d04bdc-4a30-4857-8b16-be37c14f68d9,46666,jean-vanier-ai-giovani,1981-09-16T00:00:00,1981-09-16T18:59:34,OK
65eb77f2-0c08-4f3d-a97a-a2246b47f6d4,2243,perche-lontano-da-dio,1984-03-31T00:00:00,1984-03-31T19:05:35,OK
65387068-27a2-45a0-bb03-f6ded16c232c,42122,ricette-e-soluzioni-vincenti,2023-10-12T00:00:00,2023-10-12T11:14:59,OK
650ccaed-4dcd-4363-b043-7b96e28bb4b1,46982,lorganizzazione-a-fede-e-luce,1981-12-20T00:00:00,1981-12-20T10:30:34,OK
65e9a920-ca2d-4f3c-821f-aa75c2e76fef,12637,io-ordino-con-te-il-servizio-per-bambini-con-disabilita-e-difficolta-linguistiche,2019-07-26T00:00:00,2019-07-26T06:42:30,OK
65a190ca-0600-4ebe-b9d3-c9dede15ab43,1425,viola-il-capitano-e-piccolo-mio,2015-12-20T00:00:00,2015-12-20T17:35:00,OK
64a3ae6f-b57b-4659-acef-a194a932b654,48826,interactive-games-unforgettable-group-fun,1994-06-23T00:00:00,1994-06-23T23:48:28,OK
6587a7cb-0f32-4b7a-bf6d-4e3735d73e53,24784,campidoglio-approvata-mozione-coccia,2021-05-11T00:00:00,2021-05-11T17:44:40,OK
66a72dde-f6a0-40d7-ad49-3f64cda44a51,8731,chi-aiuta-la-famiglia-gli-specialisti,1992-06-06T00:00:00,1992-06-06T12:39:51,OK
644721ea-bdac-4a4b-b7ca-e2b7c3bc9f74,11067,recensione-del-film-lottavo-giorno,1996-12-15T00:00:00,1996-12-15T12:18:08,OK
667f350a-ac24-48a8-8f89-40eee7c72bf7,19452,le-eta-della-signorina-uffa-newsletter-n-17,2020-06-05T00:00:00,2020-06-05T09:48:10,OK
65c84abc-c2c7-4dfb-8379-0f883f83e1b2,5040,villa-pizzone-cancello-aperto,1985-09-28T00:00:00,1985-09-28T15:02:27,OK
6425a9e9-46e9-4e66-b965-fad61c227694,36096,vizi-e-virtu-del-vivere-recensione,2011-12-04T00:00:00,2011-12-04T09:21:14,OK
646970b6-2db6-4899-b39f-ad15afb035e5,7440,il-bene-va-fatto-bene,1990-06-21T00:00:00,1990-06-21T10:33:29,OK
64abaf81-90c5-4baf-945a-b44c9e361ec1,32292,cara-nicole,2006-12-28T00:00:00,2006-12-28T09:19:29,OK
6a456ff6-d37d-43da-95d0-8386aae31551,8910,di-fronte-alle-persone-che-soffrono-fuggire-o-andare-incontro,1992-12-13T00:00:00,1992-12-13T11:03:58,OK
6796319b-5588-4a92-b3d6-00416ea8d30e,38696,perche-ho-avuto-fiducia,2014-12-15T00:00:00,2014-12-15T16:40:23,OK
689c1946-03df-47e4-bf02-2177caf39ab1,12570,dialogo-aperto-n-65,1999-06-16T00:00:00,1999-06-16T12:41:57,OK
6a85a5b7-8149-4628-a12a-f77b604382b0,20683,due-passi-avanti-e-uno-indietro-newsletter-n-20,2020-07-24T00:00:00,2020-07-24T05:37:05,OK
68d8ee28-e50c-42e0-b20c-d6b6c4fcd48e,8272,come-se-io-fossi-te,2018-03-26T00:00:00,2018-03-26T08:01:22,OK
696406c5-1e11-44f9-8c67-f303b6809d14,12163,teresa,1998-03-04T00:00:00,1998-03-04T10:14:37,OK
68fe84ab-cf83-45ab-b8e6-c8fdaa43091a,37701,ora-basta,2013-06-10T00:00:00,2013-06-10T16:59:04,OK
68c0a2ba-5db6-4975-b033-029a2a33682d,38603,un-patrimonio-profuso-a-piene-mani,2014-12-15T00:00:00,2014-12-15T09:56:23,OK
693c622f-ab4a-4499-a5df-841dc5a8d600,42445,mi-sento-in-crisi,1976-02-20T00:00:00,1976-02-20T10:00:34,OK
68372a61-52af-43b3-a81b-1f6fa4045dcd,46538,scuola-viva-un-modello-di-inclusione-attiva-per-bambini-con-disabilita,1981-03-16T00:00:00,1981-03-16T17:56:34,OK
6a43db31-1e0f-40c2-b7a4-f0362a86adde,27919,mia-figlia-adea-cresima,2022-03-05T00:00:00,2022-03-05T19:50:53,OK
6a42355c-3e4c-4a04-a65e-d83cb2f5863d,16476,quando-la-comunita-accoglie-senza-giudicare,2020-02-18T00:00:00,2020-02-18T14:07:33,OK
67423c92-97c6-4869-b744-7a3a1dc27078,20170,parlare-di-jean-vanier-in-comunita,2020-07-02T00:00:00,2020-07-02T09:45:40,OK
68bdee70-8845-495d-a86b-eacfb4cb0aff,5578,non-si-muovono,1986-09-30T00:00:00,1986-09-30T13:33:57,OK
682fdbdb-1b9e-4bb0-9dae-fd5424200a0c,8129,educare-e-desiderare,1991-03-16T00:00:00,1991-03-16T11:07:13,OK
682328f2-4f93-4cf0-99db-c8a6bb7c4c1a,11121,care-sorelle-cari-fratelli,1996-12-15T00:00:00,1996-12-15T16:32:21,OK
693ef02f-5897-4068-b3ac-5162a4dbb37f,40104,mamma-in-comunita,2017-12-21T00:00:00,2017-12-21T11:50:33,OK
6ac0f84e-da25-4595-b90f-61ca10aa7c24,48359,mastri-biscottai-in-31-casette,2025-05-14T00:00:00,2025-05-14T12:01:14,OK
69cf9583-2784-4f41-a7f7-ea6c3dcb869e,8987,il-bambino-magico,1993-03-18T00:00:00,1993-03-18T11:03:48,OK
67be183e-2e78-4640-b3cb-3b3932eecabd,27073,e-iniziata-la-scuola-ma-la-situazione-non-e-chiara,2021-09-15T00:00:00,2021-09-15T09:25:10,OK
6a219cd6-7b51-4d57-b73e-76eff8cc36ee,11762,a-good-and-perfect-gift,2019-04-15T00:00:00,2019-04-15T07:24:39,OK
698f6644-b7b5-40e1-aa10-7804d3fd11f9,45067,la-vita-accanto-recensione,2024-08-18T00:00:00,2024-08-18T14:58:09,OK
6858b7ec-6641-441d-a83c-9ff7abbafb95,6988,altri-consigli-lettura,1989-06-15T00:00:00,1989-06-15T10:59:17,OK
6921e0c8-db07-47e6-9623-e88c4d828221,17838,le-polpette-di-federico,2020-01-24T00:00:00,2020-01-24T00:57:25,OK
68bc34c0-5b61-4edc-b98f-78f208b3edc8,37863,creatures-disconforts,2013-09-13T00:00:00,2013-09-13T15:05:04,OK
673d0f1c-75cc-4a75-bba2-201c8143cb96,14822,il-racconto-di-natale-per-mio-figlio,2018-03-26T00:00:00,2018-03-26T10:00:54,OK
6a900cd9-d13d-426a-929c-c81a0fcc273c,9417,due-piccole-isole-di-luce,1993-12-23T00:00:00,1993-12-23T09:58:56,OK
6a0f80f0-bbff-42e0-8dd2-ad526f1bcd8c,6361,con-suo-padre,1987-12-29T00:00:00,1987-12-29T10:42:35,OK
69c91123-9622-47e2-a85f-c32bd1268855,15404,costruire-un-mondo-diverso-uguale-per-tutti,2020-01-22T00:00:00,2020-01-22T14:30:47,OK
69bc26dd-28c2-4262-9703-40a119be9ac0,38350,la-nostra-vita-insieme-recensione,2014-09-29T00:00:00,2014-09-29T09:00:49,OK
673c9f3f-8f11-49eb-a483-c2c867ebda1c,5387,alzati-ritrova-la-speranza,1986-06-21T00:00:00,1986-06-21T10:07:16,OK
67795839-857e-4b41-852a-50a5e86bc563,8426,la-comunita-luogo-del-perdono-e-della-festa,1991-12-28T00:00:00,1991-12-28T08:48:07,OK
68d1d9a4-f559-416c-a727-02da77c92d14,43348,la-storia-della-reliquia-di-giovanni-paolo-ii,2024-02-14T00:00:00,2024-02-14T13:01:00,OK
6a5257c2-37e9-46d7-8ce5-4f2eaa7c1632,31148,nel-nome-del-padre,2005-09-19T00:00:00,2005-09-19T15:49:08,OK
675f09af-48f8-4909-abb9-0b65333f62e8,21341,malintesi,2020-09-07T00:00:00,2020-09-07T00:39:54,OK
680db08e-d6da-46fc-a750-eef6caf071f7,6049,la-la-nostra-cresima,2008-01-12T00:00:00,2008-01-12T12:10:50,OK
68c4430a-673f-40a5-8473-34ad5f060993,43534,le-pappe-di-pippo,2024-02-19T00:00:00,2024-02-19T12:30:21,OK
69376341-8c05-4e7c-a0a1-c16a9a1e6c48,17864,newsletter-14,2020-04-24T00:00:00,2020-04-24T07:08:15,OK
698e17b5-e7f9-480f-a96d-54cc2d5c41b5,10159,gioco-educativo-per-tutti-pensiamo-le-risposte,1995-09-12T00:00:00,1995-09-12T10:48:44,OK
69bce178-4c81-434c-8b07-1d3b83d2de7e,24792,vi-porto-a-conoscere-roma,2021-05-12T00:00:00,2021-05-12T13:31:10,OK
6a42aa72-4db1-4c4d-be37-bbc5ed3c2ee2,44468,vita-fede-e-luce-natale-1977-a,1978-03-04T00:00:00,1978-03-04T14:20:34,OK
68038443-8204-4cc2-9746-d34a2e2b396c,38668,vuoi-bene-a-gesu,2014-12-15T00:00:00,2014-12-15T14:58:23,OK
6a5ae212-0470-4beb-a429-6f56b8a6e6ed,8900,alessia,1992-12-13T00:00:00,1992-12-13T10:38:58,OK
6971badc-d188-4811-8cec-56868eed2ce2,44464,la-comunita-di-capodarco,1978-03-05T00:00:00,1978-03-05T13:20:34,OK
6748a869-18ba-4fce-965f-fd294954dd31,30439,benedetta-mi-ha-convertito,2004-09-13T00:00:00,2004-09-13T17:58:10,OK
6a20913f-7f0e-42c9-852a-1aece2f75e8c,39486,nuove-comunita-fede-e-luce-festa-in-umbria,2016-09-16T00:00:00,2016-09-16T11:36:14,OK
685eeb60-25af-480b-9a4d-ba9d6110ec9e,44614,ciao-gianluca,1978-06-12T00:00:00,1978-06-12T13:59:34,OK
6ac9e40e-570c-4708-a8ab-1618afccb030,26799,sono-una-mamma-adottiva-a-distanza,2003-06-23T00:00:00,2003-06-23T16:55:20,OK
67c98064-779d-4d30-87af-06ad28ab67b9,35609,parole-per-persone-grandi,2010-12-03T00:00:00,2010-12-03T17:25:12,OK
697276e4-8be8-4963-bfa8-1630a397683a,38873,la-scossa-della-vunerabilita,2015-03-19T00:00:00,2015-03-19T11:20:08,OK
6b816a9d-e0aa-4d32-b86f-6ed821c6a217,40922,con-i-tre-fratelli,2023-08-16T00:00:00,2023-08-16T08:31:36,OK
6b6ffbdc-cf16-4545-8ff0-b86118d0a635,35391,lui-la-guida-degli-uomini-e-rimasto-indietro-per-me,2010-09-30T00:00:00,2010-09-30T16:35:59,OK
6c49d911-2e25-45a3-a6d4-fe4aace5c712,12933,parolimparty-seconda-edizione-dellevento-multisport-di-milazzo,2019-09-11T00:00:00,2019-09-11T10:21:36,OK
6c7cb0b4-e3e9-43eb-aadc-9fdd07873180,37326,la-figlia-dellaltra-recensione,2012-12-10T00:00:00,2012-12-10T15:00:04,OK
6b19b2d6-a9b9-4a9c-ab14-340be7232d8c,7347,case-famiglia-iniziative-e-centri-di-accoglienza-per-disabili-1983-al-1989,1990-03-20T00:00:00,1990-03-20T12:00:21,OK
6b04a8d2-d383-4032-824b-abb5c8446933,11047,wonder-giusy,2018-11-01T00:00:00,2018-11-01T17:17:35,OK
6b6671bc-ccc0-4bdc-aeca-34d1650e1d1a,36338,il-loro-sguardo-buca-le-nostre-ombre-recensione,2012-03-16T00:00:00,2012-03-16T10:20:09,OK
6b37df52-b041-4771-84b2-49d38c0f1b86,25399,cogliere-un-fiore-e-consegnarlo-alla-luce-recensione-libro,2002-09-01T00:00:00,2002-09-01T11:12:53,OK
6e862138-a0aa-48a3-822d-2297dae2c31c,6735,leducazione-religiosa-alla-fede-dei-nostri-figli-handicap-mentale,1988-09-19T00:00:00,1988-09-19T14:57:15,OK
6c6070d7-6f92-48a2-8d33-571a66160587,34004,i-ciechi-non-sognano-il-buio-vivere-con-successo-la-cecita-recensione,2009-03-08T00:00:00,2009-03-08T17:10:41,OK
6bc6f6b8-b92b-48ac-b58a-09710093fc3e,5464,dopo-assisi,1986-06-24T00:00:00,1986-06-24T13:48:39,OK
6bc3d070-9f30-483a-8ba5-8bdd3be6db2f,7189,per-insegnare-bisogna-saper-osservare,1989-12-26T00:00:00,1989-12-26T10:09:19,OK
6d6bed92-f794-4b53-afc6-65a677a27e3b,2348,figlio-mio-non-credo,1984-06-30T00:00:00,1984-06-30T19:11:42,OK
6d2f2c1a-c292-4dee-84e7-70fd71bbb166,37880,un-coro-aperto-a-tutti,2013-09-13T00:00:00,2013-09-13T15:35:04,OK
6db93fd0-afed-4444-bed8-2b5abc40d26d,26577,cosa-ce-sotto-gli-aggettivi,2021-07-30T00:00:00,2021-07-30T16:09:10,OK
6dbc6b5d-72c5-4e16-b197-af5247edb7e5,46963,il-pellegrinaggio-a-fede-e-luce,1981-12-20T00:00:00,1981-12-20T11:40:34,OK
6bbba635-11db-48f9-90ea-5c377240a38a,37643,viola-e-mimosa-a-manila,2013-06-10T00:00:00,2013-06-10T15:05:04,OK
6bc6bf29-fa4d-43ed-b72c-8220168d26d8,44598,qualche-informazione-prima-di-partire-per-il-pellegrinaggio-di-assisi,1978-06-16T00:00:00,1978-06-16T10:50:34,OK
6c01bf2c-33f2-461e-b5af-165739131577,7474,ed-eccomi-qui,1990-06-21T00:00:00,1990-06-21T11:28:14,OK
6de1603a-4bba-45ef-ba8d-90ecfd494179,32241,alzheimer-sto-diventando-piu-umano,2006-12-28T00:00:00,2006-12-28T08:25:04,OK
6c674946-e2aa-43f8-9032-d64bec83c3e8,5923,ombre-luci-n-12-1986-sfogliabile,1985-12-08T00:00:00,1985-12-08T23:24:34,OK
6b16af99-f888-4d44-889f-ab15c6ce492e,37339,io-sono-qui-recensione,2012-12-10T00:00:00,2012-12-10T15:00:04,OK
6b1db88d-491f-41d7-92a0-1dec2ff2b232,37330,il-vangelo-dei-vinti-recensione,2012-12-10T00:00:00,2012-12-10T15:00:04,OK
6c4246a0-1574-4c20-94d8-c058d9bc9ca2,46498,la-tuscolana-non-e-dragoncello,2025-01-22T00:00:00,2025-01-22T13:14:33,OK
6c39a0ca-3a37-43fa-a946-4858adba8710,40715,quando-ho-bussato-alla-porta-di-lyns-house,2023-07-18T00:00:00,2023-07-18T09:13:23,OK
6cde231d-79be-46c2-9483-e36366c218b1,24275,ho-votato,2021-03-02T00:00:00,2021-03-02T13:57:11,OK
6c07897c-5dbe-44f1-82f8-3367732a787c,10511,comunita-alloggio-per-persone-con-handicap-intellettivo,1996-03-04T00:00:00,1996-03-04T17:04:48,OK
6b825063-90ea-470b-b5ed-6bfe4af5b0e1,46242,ci-hanno-scritto-insieme-n-26,1980-09-16T00:00:00,1980-09-16T18:50:34,OK
6e788673-07b1-4367-9ae5-5a0ecc649be9,39812,dialogo-aperto-n-138,2017-06-28T00:00:00,2017-06-28T09:11:23,OK
6e778f19-e83d-4dee-a91f-66395afb7083,33524,la-citta-dei-ragazzi-recensione,2008-06-27T00:00:00,2008-06-27T11:27:47,OK
6c62f7b6-c9e6-4ce2-a79f-68ce58b46718,5742,prepariamolo-vivere-con-gli-altri,1986-12-29T00:00:00,1986-12-29T10:40:57,OK
6b4ffb3d-63aa-4ed1-b3bb-2e7f99fef9a2,10605,terapia-della-realta-una-sfida-la-pedagogia-della-condivisione,1996-06-14T00:00:00,1996-06-14T16:26:24,OK
6b0acd0d-37ac-411b-a486-f2675af8cf2e,8714,vita-fede-e-luce-n-38,1992-06-06T00:00:00,1992-06-06T11:32:56,OK
6e2934ce-b127-4c85-81ce-1e380445e80e,46133,25-numero-6-anno,1980-06-16T00:00:00,1980-06-16T18:30:34,OK
6deaa692-4a30-4531-9522-90fd16cbc240,16487,la-mia-lourdes-e-quella-di-registi-demaizere-e-teurlai,2020-02-20T00:00:00,2020-02-20T15:31:16,OK
6e7cf30a-a09a-4f87-8553-1834b30c4558,35636,coltivare-propri-desideri,2010-12-03T00:00:00,2010-12-03T17:50:12,OK
6adffa89-9ec7-4006-9f7e-c025ff5e8aa8,13408,cantiere-buone-notizie,2019-10-28T00:00:00,2019-10-28T17:20:04,OK
6d15fc89-f319-4614-9948-7e8b96d6941c,25057,sboccia-la-primavera,2021-05-17T00:00:00,2021-05-17T12:15:34,OK
6d6cb348-9274-4490-bf14-1b452ec4cfa5,33742,perche-proprio-io,2008-09-03T00:00:00,2008-09-03T11:53:36,OK
6ce2ad38-365d-4779-9e1e-d1f2013c4e25,45046,locarno-77-da-jane-campion-a-saule-bliuvaite,2024-08-18T00:00:00,2024-08-18T14:58:09,OK
6e2e6842-fb1e-4b8f-a9fb-aa82a34dfd93,22576,sottovento-un-film-da-vedere-recensione,2001-09-27T00:00:00,2001-09-27T09:55:09,OK
6c8449ab-371a-42f7-98af-3a826817e501,34619,pulce-non-ce-recensione,2010-03-16T00:00:00,2010-03-16T16:10:10,OK
6e429e0b-95eb-4d35-9c30-303a05fa8995,35850,dialogo-aperto-n-113,2011-03-04T00:00:00,2011-03-04T17:30:14,OK
6d1da456-1615-4c4d-86bc-bb87d00f0593,26294,lecumenismo-in-fede-e-luce-un-dono,2003-03-13T00:00:00,2003-03-13T14:26:14,OK
6d9ea864-0158-4e7b-9ba8-ec24281c940d,31014,nel-mare-di-assisi,2005-06-17T00:00:00,2005-06-17T16:22:43,OK
6d34ea66-49e4-45ea-a199-59deab3db2c6,24589,tutto-quello-che-hanno-detto-di-preciso,2021-04-14T00:00:00,2021-04-14T16:33:36,OK
6d643bd1-abaa-4e0f-9734-5964c46e4de4,37638,dalle-province-n-122,2013-06-10T00:00:00,2013-06-10T15:03:04,OK
6d9d598c-c3a5-407e-87a0-49a6fef7c4e1,41256,visita-a-roccamonfina,2021-08-23T00:00:00,2021-08-23T10:09:59,OK
6d689e04-1ed6-4df5-88ec-bed9b2823df5,23623,guida-per-le-comunita,2021-02-01T00:00:00,2021-02-01T14:58:27,OK
6da60992-4c97-4750-b0e7-caa6b8e4e329,12668,levatrice-di-cose-nuove,2019-07-29T00:00:00,2019-07-29T08:05:44,OK
6efb3b28-567e-4045-a1d2-bf8fd0ca7354,15768313,between-voices-and-signs-when-language-shapes-connection,2025-10-10T00:00:00,2025-10-10T07:50:25,OK
6eb66e15-7797-4b95-8394-693c509b8301,13101,parchi-per-tutti-terzo-parco-accessibile-a-milano,2019-09-25T00:00:00,2019-09-25T10:18:49,OK
6fdf9a12-8938-422d-8a59-77fb81c39c53,29030,lettere-di-natale-un-dialogo-speciale-con-i-lettori-di-ombre-e-luci,2003-12-22T00:00:00,2003-12-22T13:05:41,OK
6f004b3c-10c2-45d3-b145-1abec49755be,38279,portatrice-di-un-messaggio,2014-06-29T00:00:00,2014-06-29T12:00:35,OK
7117fe65-b413-460b-9de2-0b4ba7bf5f59,9912,dialogo-come-cura,1995-03-16T00:00:00,1995-03-16T19:01:59,OK
6f77fd2c-dfdc-4cb6-9e73-946b32e20bb0,46837,14-nelleucarestia-venite-a-me,1981-12-16T00:00:00,1981-12-16T16:20:34,OK
6f578c93-391a-4adb-b1e1-19c586054808,19654,poesie-per-francesca,2001-03-09T00:00:00,2001-03-09T13:07:14,OK
6f216349-50ac-4ead-9430-b6dfded760ee,32677,il-male-minore-devianza-giovanile-una-problematica-per-tutti-recensione,2007-09-09T00:00:00,2007-09-09T14:56:04,OK
6f70a248-f466-4e58-b721-04aa4af85e4c,2361,psicosi-precoci-che-cosa-sono,1984-06-29T00:00:00,1984-06-29T19:17:37,OK
70a2078e-c035-4fac-b515-b9101d313e29,45933,1-introduzione-fede-e-luce-anatomia-di-una-comunita-di-incontro,1980-03-16T00:00:00,1980-03-16T18:40:34,OK
709dab39-479a-4a9f-b26d-cf152cff9c92,8998,dialogo-aperto-n-41,2018-06-18T00:00:00,2018-06-18T11:27:36,OK
6f05ae1f-4af4-4ba7-946b-f0a9a9782945,1707,vita-fede-e-luce-n-2,1983-06-01T00:00:00,1983-06-01T16:31:27,OK
70a9df14-3fe8-4a2c-8ba5-1724abe30e10,6344,dialogo-aperto-n-20,1987-12-20T00:00:00,1987-12-20T10:04:14,OK
6fe2d926-1c63-4b0c-8f09-e92cda187cbb,19079,la-tragedia-giovanni-chiara,2000-10-26T00:00:00,2000-10-26T08:52:10,OK
6fe7bafe-b0dd-4c81-822b-5f7efc4e017b,15768670,accoglienza-alle-porte-di-roma,2025-11-17T00:00:00,2025-11-17T11:36:24,OK
70e1e940-43fe-4082-983d-fe1d0102feb1,44207,ci-hanno-scritto-n-15,1977-12-07T00:00:00,1977-12-07T11:30:34,OK
7011b73b-f380-41cd-939b-c051f4467f2f,36055,per-il-rispetto-della-persona-sempre,2011-09-04T00:00:00,2011-09-04T20:07:14,OK
70266ce1-8c16-4155-b052-4af5f5ad9b41,31749,tikitaka,2022-10-10T00:00:00,2022-10-10T11:37:51,OK
700c6f67-1a53-4f50-9509-cc8390ceb32c,8017,il-mio-piede-sinistro,1991-03-07T00:00:00,1991-03-07T11:25:07,OK
6fa943a9-2d67-4f26-8aeb-b6cabe9c26b8,6682,diritto-alla-festa,1988-06-30T00:00:00,1988-06-30T13:20:22,OK
6ed5322f-337f-4900-a29d-5a039662dd12,32654,il-silenzio-del-mondo-recensione,2022-11-07T00:00:00,2022-11-07T10:03:33,OK
6f9ee262-0586-418f-8355-cfdc20c5220d,44446,leducazione-delle-persone-disabili-imparare-a-mangiare-insieme-e-in-autonomia,1978-03-06T00:00:00,1978-03-06T11:00:34,OK
6fb97d32-3a7a-4413-bd2d-c89d53810d7e,12409,le-idee-dellarca,1998-12-10T00:00:00,1998-12-10T16:15:35,OK
6f193ab4-036b-45ad-b232-c32289babad5,17961,hallo-welcome-hej-hallozik,2000-09-28T00:00:00,2000-09-28T06:37:12,OK
6fc77e30-760f-403e-8842-6ac72ad35e6f,19694,e-li-ci-hanno-accolto-con-gioia-la-storia-di-unadozione-particolare,2001-03-09T00:00:00,2001-03-09T14:27:32,OK
70850f58-b27e-4b7d-b608-a833ac639628,12189,creativita-al-servizio-dell-handicap,1998-06-17T00:00:00,1998-06-17T08:20:43,OK
6f740e13-6aab-404c-b1b7-68978a95bebe,44695,la-casetta-cose-che-fini-ha-chi-la-frequenta,1978-09-08T00:00:00,1978-09-08T09:30:34,OK
70865735-e020-42d8-a342-83a97dbd7a29,45668,rete,2024-11-26T00:00:00,2024-11-26T11:33:20,OK
6f7d882d-ac53-4e07-968d-15933488807a,16792,giochi-da-fare-a-casa-passare-tempo-noia,2020-01-17T00:00:00,2020-01-17T13:24:43,OK
70e2d7fd-d18f-4463-8dae-fed0ec91eda3,40466,anffas-60-anni-di-futuro,2018-11-03T00:00:00,2018-11-03T10:10:34,OK
6eff58fa-2601-443f-af27-193d1de6bc12,31916,tecniche-di-diagnosi-prenatale,2006-06-21T00:00:00,2006-06-21T11:13:12,OK
6fc7bfef-1347-4d69-8258-fb151a229929,5918,ombre-luci-n-14-1986-sfogliabile,1986-06-08T00:00:00,1986-06-08T23:22:18,OK
6f834cae-2a7a-4f58-a137-29d307775479,39582,vedere-oltre-finestre-su-una-storia-recensione,2016-12-16T00:00:00,2016-12-16T09:00:14,OK
7040a752-ee53-440b-8db2-9b029b24ac77,46093,consigli-per-i-film-delle-feste,2024-12-20T00:00:00,2024-12-20T11:23:32,OK
6e9d70a9-f58a-4057-b9ef-b8c045575241,43104,testimonianze-dai-campi-di-alfedena-1976,1976-12-20T00:00:00,1976-12-20T11:00:34,OK
6f014b42-c92f-4819-b855-c47a96a6b23e,11792,non-dopo-di-noi-ma-prima-come-fratelli-anche-lui-lascia-la-casa,1997-12-15T00:00:00,1997-12-15T17:25:42,OK
6f3c467b-133a-40ec-8780-d9887f46f921,34594,riflessi-di-luce-nellombra,2009-12-10T00:00:00,2009-12-10T13:27:23,OK
7030a7f1-ab51-4d4d-90c6-6d150f0068b8,24185,gia-nostro-figlio,2021-02-22T00:00:00,2021-02-22T15:28:47,OK
6eeb2737-43d2-43d1-8dbe-0da7214b8841,5193,perche-uno-speciale,1986-06-30T00:00:00,1986-06-30T23:36:34,OK
709949e6-c17d-443a-9336-eb771d231adf,36272,dicono-di-loro,2012-03-16T00:00:00,2012-03-16T10:00:58,OK
6ff1665d-7f46-4881-ab0b-4aac4f991da6,2220,saverio,1983-12-29T00:00:00,1983-12-29T17:04:53,OK
708062ea-3b8c-4c4f-be31-8bd975640cfd,22446,cooperativa-sociale,2001-06-20T00:00:00,2001-06-20T08:50:33,OK
70ca666b-b667-4fd8-a7ad-96e24a30f7fd,9660,22-mini-giochi-da-fare-insieme,1994-06-18T00:00:00,1994-06-18T15:27:52,OK
70901f33-1bf4-4521-be64-0abbfe57cb6a,15034,breccia-muro,2020-01-02T00:00:00,2020-01-02T15:09:06,OK
70e366cd-bef2-49fa-bbca-9042e7a97a0b,7479,ascolta-bene-joseph,1990-06-21T00:00:00,1990-06-21T11:36:47,OK
70b0ab59-3b07-45f8-af74-026946654976,39689,seveso-1976-oltre-la-diossina,2017-03-16T00:00:00,2017-03-16T09:05:14,OK
71105498-2286-4010-aaa7-d67ef5588f88,33945,sono-un-pellegrino,2008-12-07T00:00:00,2008-12-07T19:25:12,OK
6f84549a-6dda-4740-957c-1a943b07b43a,11104,genitori-non-fateci-arrabbiare,1996-12-15T00:00:00,1996-12-15T16:00:06,OK
6fec990f-029b-4d7c-b4f5-7ca482bcd82e,19647,catechesi-delle-persone-disabili,2001-03-09T00:00:00,2001-03-09T11:36:59,OK
7069b624-8ac8-4699-9357-5858fcbaf98f,9370,appuntamento-con-maria-maddalena-dal-carcere-alla-vita-religiosa-la-testimonianza-delle-suore-di-betania,1993-12-23T00:00:00,1993-12-23T08:48:08,OK
736f7df3-b289-49c8-a5af-bcbf63a9e017,11461,dedicato-ai-bambini,1997-03-26T00:00:00,1997-03-26T07:50:31,OK
720baf37-ed28-42c9-b9c5-aa82f848bcb6,1223,egle-bottega-e-sono-rimasta-la-mia-vita-per-il-centro,1983-06-29T00:00:00,1983-06-29T16:29:02,OK
74cdb30b-169e-4317-b4a2-f865e7f43252,7431,christopher-nolan-sotto-locchio-dellorologio,1990-06-19T00:00:00,1990-06-19T09:07:26,OK
72ffa9cb-8d11-43a4-9a83-65d60b2e5e0e,33178,invasioni-rumene-non-barbariche,2007-12-12T00:00:00,2007-12-12T17:09:59,OK
7274958f-0acf-4a6b-96b6-989ee9e054d4,46884,ognuno-ha-il-suo-posto-nella-comunita,1981-12-20T00:00:00,1981-12-20T14:20:34,OK
724cc439-6e38-4a4b-81de-c1a2a86446ad,12491,ho-incontrato-gesu-mi-ha-detto-ti-voglio-bene,2019-07-16T00:00:00,2019-07-16T08:44:00,OK
72b57ec8-6184-4869-aad9-199016a75174,32415,come-far-comportare-bene-mio-figlio,2007-03-02T00:00:00,2007-03-02T16:42:02,OK
71afbd0d-e71e-4b96-a9ee-a0db2493b883,774,figli-delle-stelle,2015-12-18T00:00:00,2015-12-18T09:02:51,OK
7403c3be-1c5b-4aa4-9c75-caea4a3ffcb9,33472,invertire-addendi-tandem,2023-01-25T00:00:00,2023-01-25T13:45:29,OK
72acd395-e9a9-46ae-8037-5ec45f5c43e0,15462,in-memoriam-aktion-t4-la-mostra,2020-01-22T00:00:00,2020-01-22T14:09:01,OK
72bd7def-3c73-4250-b8d5-72791982868e,3009,dialogo-aperto-n-9,1985-03-26T00:00:00,1985-03-26T11:54:21,OK
72a19292-633f-47a8-b3cc-b05ff96652f1,44793,sono-andata-a-bruxelles-a-fare-volontariato,1978-12-18T00:00:00,1978-12-18T09:30:34,OK
74900990-263e-44f7-b479-f0b4fc45808a,10904,ma-costanza-danza-col-vento,1996-09-27T00:00:00,1996-09-27T08:59:13,OK
752e7118-6b2c-4e9a-bd75-d9455b0e7a0e,10155,per-vivere-bene-con-le-persone-anziane,1995-09-12T00:00:00,1995-09-12T10:43:35,OK
7399c283-a6be-40f3-89ae-5d3edb1a2a44,11533,un-hamburger-fatto-bene,1997-06-12T00:00:00,1997-06-12T08:45:45,OK
74da053e-2196-4973-8295-5a9d074cc3c9,15767805,two-ways-of-pilgrimage-one-heart-of-faith,2025-07-25T00:00:00,2025-07-25T15:00:58,OK
72552584-a77b-421e-b11c-568b85d60126,42235,recensione-te-lavevo-detto-la-storia,2023-10-23T00:00:00,2023-10-23T09:37:11,OK
7185460f-90da-4428-9813-71ada0579078,46161,perche-non-mi-capisci-2,1980-06-16T00:00:00,1980-06-16T18:05:34,OK
72713b05-042a-4ff5-8bc3-98e7820379e7,30002,felice-di-vivere,2004-03-09T00:00:00,2004-03-09T16:42:21,OK
7452dc4d-57a9-4246-853f-6ea5d34837eb,40305,dal-convegno-allimpegno,2018-06-30T00:00:00,2018-06-30T09:25:13,OK
735a305d-5982-48f2-ab26-b2e249b73b8c,43843,notiziario-fede-e-luce-n-14,1977-09-20T00:00:00,1977-09-20T09:30:34,OK
732dac2a-0779-483e-890c-790ffd581359,46224,questionario-per-i-fratelli-e-sorrelle-di-persone-con-disabilita,1980-06-16T00:00:00,1980-06-16T16:20:34,OK
7260eb99-2b9a-473c-82b1-9506bf87ebce,45085,i-bambini-profondamente-handicappati,1979-03-16T00:00:00,1979-03-16T20:30:34,OK
7502744d-5d93-4257-bc37-0806487f91eb,8043,spiegare-la-disabilita-agli-studenti-del-liceo,2018-05-10T00:00:00,2018-05-10T11:06:08,OK
746776a7-3acc-4eb4-abbd-2341a3b26e3a,25335,non-ho-paura-perche-sono-lamica-del-cuore-di-sara,2019-01-27T00:00:00,2019-01-27T14:23:50,OK
73b1997f-250c-4557-8146-0e7f6f3f211c,43320,visitiamo-con-maria-laura-il-c-b-i-m-c-centro-belga-per-infermi-motori-mentali,1977-03-20T00:00:00,1977-03-20T09:50:34,OK
72e827da-51d3-44de-9a5a-7d08d4a9c868,46168,mia-sorella,1980-06-16T00:00:00,1980-06-16T17:50:34,OK
71484d2f-bb1c-46c9-8666-e7720b896361,32580,la-fattoria-delle-meraviglie,2007-06-03T00:00:00,2007-06-03T15:51:12,OK
7454891a-94f3-4cd4-98c7-991b3dad5b67,1188,intelligenze-prigioniere-intelligences-captives-jacqueline-baillod,1983-06-29T00:00:00,1983-06-29T19:31:33,OK
715cb9e6-3fa6-409a-8221-5df2c9806b48,4847,emiliana-e-l-handicap,1986-03-10T00:00:00,1986-03-10T14:47:18,OK
74eb0674-50c2-4aa1-99f3-364fc952b904,12307,isolamento-infranto,1998-09-28T00:00:00,1998-09-28T13:42:07,OK
7434ba9e-2fce-4393-b1da-ac0fc747c667,15768203,a-parlare-non-ci-si-annoia-soprattutto-a-cena-insieme,2025-09-10T00:00:00,2025-09-10T14:26:40,OK
741d6a17-7d30-4b1f-9d55-4afa209f5baa,26012,padel-una-parola-che-non-si-capisce,2021-08-07T00:00:00,2021-08-07T10:22:50,OK
74399959-a451-4507-9296-36d1b9a5064e,39221,dialogo-aperto-n-134,2016-06-16T00:00:00,2016-06-16T09:15:14,OK
73704c51-e038-4566-81ad-9ede4f0ee098,35330,e-la-luna-mi-guardo-recensione,2010-09-30T00:00:00,2010-09-30T16:01:59,OK
72f15ac4-0c10-42b6-822a-06fa2d71ce9e,41639,benedetta-baglioni,2023-09-22T00:00:00,2023-09-22T16:07:06,OK
721773cd-55c4-4bce-86d2-72ae44bc39e9,1183,ehi-campione-come-va-da-lassu,2015-12-19T00:00:00,2015-12-19T10:19:50,OK
74cdf413-bcd2-4be9-99e8-c288357a1dae,29429,dialogo-aperto-n-150,2020-04-16T00:00:00,2020-04-16T12:28:33,OK
74c8e384-e38f-4344-80bd-f781110d7f4f,16244,un-giardino-per-ofelia,2020-02-10T00:00:00,2020-02-10T15:48:19,OK
72018c33-3be5-43a9-93d0-e59df3a47a90,48725,the-stories-we-tell,2025-05-07T00:00:00,2025-05-07T14:14:44,OK
746e8789-d6eb-40dc-b2b9-370f3b186741,10677,vocabolario-alcuni-termini-per-capire-meglio-lhandicap,1996-06-14T00:00:00,1996-06-14T17:42:01,OK
739aea91-911f-4329-9d99-efc7e5f0a39e,17275,che-devo-fare-di-piu,2020-03-31T00:00:00,2020-03-31T17:04:55,OK
74986486-3b0a-4c91-a888-657cb88c80ef,2394,classe-azzurro,1984-09-20T00:00:00,1984-09-20T09:49:53,OK
73be811d-93fb-4092-af89-e81dd84f2cf3,39950,dialogo-aperto-n-139,2017-09-06T00:00:00,2017-09-06T09:30:44,OK
7449a506-298e-4fb1-a4f9-c9f8531d282e,35381,tutti-sulla-strada,2010-09-30T00:00:00,2010-09-30T16:30:59,OK
715eb2e1-3b05-407b-a977-9080f077635f,46486,quante-domande-davanti-a-loro,1980-12-16T00:00:00,1980-12-16T18:00:34,OK
747d5acf-1541-4200-8843-61078e6a9a1b,47343,per-una-giusta-rappresentazione,2025-02-10T00:00:00,2025-02-10T13:52:56,OK
74d9cfac-e365-4771-8c79-3cdf3180af4e,31458,gli-amici-che-non-ti-aspetti,2006-03-30T00:00:00,2006-03-30T09:44:01,OK
730f1727-9a01-4770-ae10-5648fa0cb43a,27887,le-donne-e-gli-uomini-della-seconda-fila,2022-02-17T00:00:00,2022-02-17T12:41:12,OK
731e5b9b-864e-411a-98eb-a868123b2348,2272,dialogo-aperto-n-5,1984-03-28T00:00:00,1984-03-28T19:25:23,OK
76277c1a-7a24-40a1-b7a0-98236958b873,19097,blessings-tutto-diventa-benedizione-estratto-dal-libro,2000-10-26T00:00:00,2000-10-26T09:07:13,OK
76e4f985-cad7-4ac1-ae01-9b02d2aefb2d,45816,teresa-venti-anni-cambiamenti-disabilita,1979-12-16T00:00:00,1979-12-16T18:30:34,OK
75316db0-2b7d-4de5-a268-1171018f832a,36184,giovani-eroi,2011-12-04T00:00:00,2011-12-04T10:30:14,OK
767943e0-83ae-4230-bb41-3ec86adaaaec,12325,sapersi-meravigliare,1998-09-30T00:00:00,1998-09-30T14:17:10,OK
759fc91d-4c81-4a3b-9d81-eca82e6390ac,5396,grazie-san-francesco-venuto-camminare-con-noi,1986-06-24T00:00:00,1986-06-24T10:46:40,OK
75787ec2-bb87-4a4d-85a0-75020d1e483a,44016,vacanze-si-perche-no,2024-04-19T00:00:00,2024-04-19T11:09:34,OK
758738e7-fe46-4c4f-8214-1353d2440adf,4063,tempi-nuovi-campi,2015-09-13T00:00:00,2015-09-13T14:36:03,OK
7663a046-aea0-4d1b-9ff0-bcd3b00b3b5d,33877,gli-errori-di-mamma-e-papa-guida-pratica-per-non-sbagliare-piu,2008-12-07T00:00:00,2008-12-07T18:52:04,OK
77cf28d6-0e09-4582-a5fa-5b916e3aacdb,31849,lamniocentesi-di-stato-e-la-grande-colpa-di-noi-madri-selvagge-recensione,2006-06-21T00:00:00,2006-06-21T10:14:57,OK
769ab90d-c53f-4d49-91b4-00cc2ba494d9,29364,vita-delle-province-n-152,2020-11-13T00:00:00,2020-11-13T17:47:22,OK
75e48847-ab27-4587-bcad-221e4d767717,38978,alla-fine-qualcosa-ci-inventeremo-che-ne-sara-di-mio-figlio-autistico-quando-non-saro-piu-al-suo-fianco-recensione,2015-03-19T00:00:00,2015-03-19T09:40:53,OK
76ebf835-3c18-46d5-82cf-5969954a7ddf,19414,il-teatro-e-gioco-e-nel-gioco-non-si-smette-mai-di-crescere,2020-06-04T00:00:00,2020-06-04T07:44:32,OK
76a625e5-9627-4c67-871b-545f7700be6f,29344,dialogo-aperto-n-153,2021-01-13T00:00:00,2021-01-13T17:00:25,OK
75917fad-1b73-4f35-b49e-c9cfc954aaaa,31484,pizza-suppli-e-bibita-a-7-euro,2006-03-30T00:00:00,2006-03-30T10:52:22,OK
75e68114-8aa3-4f31-9c32-1c84987c7927,41923,perche-proprio-a-roma-il-pellegrinaggio-del-1975,1975-07-03T00:00:00,1975-07-03T11:25:34,OK
781d22b0-9b86-4452-bf4c-b77aaa75d5da,35411,dialogo-aperto-n-111,2010-09-30T00:00:00,2010-09-30T15:10:59,OK
77e5900e-b7c5-4f3a-9af2-71d76094c971,6592,bloccati-nel-sogno,1988-03-28T00:00:00,1988-03-28T16:19:44,OK
75e228fa-1052-4d00-b0f5-79652681c625,26672,il-calcio-sociale-come-palestra-di-vita,2018-03-26T00:00:00,2018-03-26T11:14:07,OK
76449755-dff3-4129-b3e4-004784eb90dd,28212,di-gol-e-di-companatico,2022-03-23T00:00:00,2022-03-23T10:19:36,OK
77c04fbd-425b-4846-8923-3cc061109ea6,20244,la-nuova-legge-sul-dopo-di-noi-cosa-dice,2017-04-02T00:00:00,2017-04-02T13:39:10,OK
75c16576-9aac-48a4-ba6f-6bbbd5641c78,31128,la-scuola-elementare-di-gianluca-e-vera-socializzazione,2005-09-19T00:00:00,2005-09-19T15:28:29,OK
760d7de3-fae7-4b07-ab2d-e942d7202e27,6560,risultato-dellinchiesta-aiutaci-migliorare-ombre-luci,1988-03-20T00:00:00,1988-03-20T14:54:56,OK
7568bd57-94f8-4d9e-83bc-cb3ac02f5966,5216,card-martini-alla-comunita-fede-luce,1986-06-30T00:00:00,1986-06-30T12:26:04,OK
783eabb0-7ff4-4574-aef3-52b362adbfb0,30128,il-ragazzo-che-amava-shakespeare-recensione,2004-06-11T00:00:00,2004-06-11T16:04:53,OK
784defec-962f-42b7-815e-a341cdf6744d,8776,psicopatologia-e-vita-spirituale-sofferenza-e-maturita-umana,1992-09-07T00:00:00,1992-09-07T15:10:14,OK
759a28e5-5a89-40d7-bb8c-4cd1c80e61a7,30951,elena-e-il-mistero,2005-06-17T00:00:00,2005-06-17T15:48:12,OK
787b6eeb-7599-4bc8-ac8d-84dcbb62ef6c,36214,ziguli-recensione,2012-03-16T00:00:00,2012-03-16T09:37:58,OK
788fb02b-77b1-48fc-8c13-885bd1f7d1eb,48264,cinquantanni-di-pellegrinaggi,2025-05-07T00:00:00,2025-05-07T10:59:20,OK
76a779fa-9742-4c52-9e15-e2c0f6d2f024,19606,in-preparazione-del-pellegrinaggio-internazionale-a-lourdes-pasqua-12-16-aprile-2001,2001-03-09T00:00:00,2001-03-09T11:10:48,OK
752f2dd6-8cf9-43c7-851a-90ea5fac798b,45200,se-la-scuola-dellinclusione-mi-ha-insegnato-il-pensiero-critico,2024-08-26T00:00:00,2024-08-26T16:27:43,OK
7588ca6e-bd3e-42ae-a1e0-53cecf716e9b,12418,una-scuola-su-misura,1998-12-10T00:00:00,1998-12-10T16:27:31,OK
76059b3a-c3fb-4aa6-86a3-56c3a5e99524,15157,vite-straordinarie,2018-11-03T00:00:00,2018-11-03T09:08:34,OK
75bfb01f-9358-45db-8e8d-f30e58e94775,39132,non-possiamo-restare-dei-peter-pan-a-vita,2016-03-25T00:00:00,2016-03-25T11:50:53,OK
773a6b77-2b0f-47ff-a6bf-337f918f969f,17443,il-pittore-che-aveva-capito-tutto,2019-02-02T00:00:00,2019-02-02T17:38:55,OK
76ac2032-852c-4f8b-b3ea-f11c3c864792,4806,merry-christmas,2013-12-14T00:00:00,2013-12-14T11:22:16,OK
758524ac-a2da-4c0e-8d21-adcc3e72655e,5690,vita-fede-luce-n-15,1986-09-25T00:00:00,1986-09-25T13:45:42,OK
7552fcb8-056a-4373-bed9-08aabcbc4121,34886,ho-deciso-di-prestare-la-mia-voce,2023-03-22T00:00:00,2023-03-22T13:36:00,OK
7716e918-9be2-4271-9598-ff6e5fb5f31d,40391,oltre-la-cronaca-vicini-al-quotidiano,2018-07-20T00:00:00,2018-07-20T10:30:21,OK
77120232-0532-4536-b3cc-27593b727717,28433,messe-le-basi-e-tempo-di-ricostruire,2022-05-09T00:00:00,2022-05-09T11:10:46,OK
77355c68-68bd-4cbe-b577-a966fe30d10d,8656,special-olympics-a-montecatini,2018-06-06T00:00:00,2018-06-06T09:34:38,OK
75ba2cf9-1783-4dc2-ba9f-4c708c740e60,34417,rosa,2009-06-10T00:00:00,2009-06-10T09:59:00,OK
765bf120-78e2-45bf-98ae-a9e4ed108493,9713,per-tutte-le-sabine-del-mondo,1994-09-02T00:00:00,1994-09-02T12:09:03,OK
76bf49f9-2b41-4cc5-b11c-0e8f19f35c4d,45905,il-dono-e-la-citta-recensione,2024-11-27T00:00:00,2024-11-27T13:27:44,OK
7768221b-ce1f-408e-a7b7-048153907976,25652,solo-un-trattino,2002-12-08T00:00:00,2002-12-08T13:41:10,OK
77a2cae7-654c-4178-85c3-4498cc2bd223,43755,tecniche-di-recupero-per-i-disabili-gravi-la-socializzazione,1977-06-20T00:00:00,1977-06-20T14:00:34,OK
781c4a9c-f4b7-4ca2-9ad8-bf076301dfcf,2212,andrea-a-scuola,1983-12-28T00:00:00,1983-12-28T16:42:27,OK
77d00171-f953-456f-bc3d-659861294180,4054,bicocas-got-talent,2015-09-13T00:00:00,2015-09-13T14:30:25,OK
77bf8029-f819-448a-8797-7557199d46ea,39505,puo-un-gesto-essere-cosi-significativo,2016-09-16T00:00:00,2016-09-16T13:10:14,OK
769dc8c5-24b2-4950-9134-94aaaed1f407,44039,il-tempo-libero-e-davvero-libero,2024-05-02T00:00:00,2024-05-02T14:26:55,OK
77143d91-1857-4703-b8dd-054abce0dd20,40365,viola-e-mimosa-desaparecida,2018-07-20T00:00:00,2018-07-20T07:01:21,OK
78a30b98-2849-41cd-81db-c7f00ae77170,44072,serate-impossibili-e-una-possibilissima,2024-06-19T00:00:00,2024-06-19T11:05:42,OK
7a3e0e18-220c-473d-9880-1852c35e722c,15767793,in-pellegrinaggio-con-unitalsi-e-fede-e-luce,2025-07-25T00:00:00,2025-07-25T15:00:58,OK
79424c4e-48cc-4ba8-843c-8b6c7723939a,2887,ombre-e-luci-n-10-1983-sfogliabile,1985-06-04T00:00:00,1985-06-04T08:35:43,OK
79f0e2fb-f2e9-40de-82ed-1ae074153819,34675,lo-sapevate-che,2010-03-16T00:00:00,2010-03-16T16:26:10,OK
78b5768e-5a2d-45df-8d67-9bcf93bebfdb,4668,un-figlio-sorpresa,2005-12-05T00:00:00,2005-12-05T12:12:57,OK
7ae2cd4b-ea97-4d85-b0fe-d909369493df,6082,un-prete-balordi,1987-06-25T00:00:00,1987-06-25T13:11:00,OK
79f65629-f27b-40be-bf41-bf17b22c3423,39005,una-buona-scuola-damore,2015-03-19T00:00:00,2015-03-19T11:00:53,OK
796add14-3820-4eb1-bdd0-60e5b6e1e931,15767693,mio-figlio-ha-degli-amici,2025-07-25T00:00:00,2025-07-25T09:49:00,OK
79baa947-e65f-4fb9-9c33-ed1e1c1d3421,30756,convegno-il-bambino-autistico,2005-03-16T00:00:00,2005-03-16T09:47:35,OK
79fde51f-556e-4104-8912-ae7511c57478,40237,cosa-so-dei-social-e-cosa-ne-penso,2018-03-26T00:00:00,2018-03-26T11:10:54,OK
7a395ce2-9825-4920-bc13-d137395e87da,9375,e-nato-un-bambino-down-guida-per-i-genitori,1993-12-23T00:00:00,1993-12-23T08:53:59,OK
79af6b1e-36af-4cbf-a78f-15af03c8260e,21360,unesperienza-personale-recensione,2020-10-05T00:00:00,2020-10-05T00:03:53,OK
7ac03064-3ac9-42c0-bc74-f632c9028a69,23189,quel-pezzo-di-storia-che-non-puo-mancare,2020-12-14T00:00:00,2020-12-14T10:13:27,OK
7919e055-0dff-4948-b458-0bd4f57adc15,11640,la-loro-vita-nei-film,1997-09-19T00:00:00,1997-09-19T16:13:18,OK
79a02ee5-965b-452a-8f57-9773c19f1994,38284,argento-vivo,2014-06-29T00:00:00,2014-06-29T12:10:35,OK
7bcad11c-344e-4e63-8763-a2f80365932a,2439,so-quel-che-non-bisogna-fare,1984-12-31T00:00:00,1984-12-31T17:58:54,OK
799708c3-244f-4ea1-ba0c-306a4f90e766,6081,bibliografia-italiana-sui-disturbi-delludito-del-linguaggio,1987-06-23T00:00:00,1987-06-23T13:10:57,OK
7baa46dd-46c5-4833-a65a-54ae68d2b370,31931,lo-shock-della-diagnosi-prenatale,2006-06-21T00:00:00,2006-06-21T11:24:17,OK
79786739-3057-469a-81ac-ecaf1c19f81e,36262,30-anni-chicco-dandoci-la-risposta-che-il-cuore-chiedeva,2012-03-16T00:00:00,2012-03-16T09:55:58,OK
7a1de8cc-cd34-4acd-8f32-8249a3ea5105,40395,una-radice-e-delle-ali,2018-07-20T00:00:00,2018-07-20T10:40:21,OK
79c1a57d-d3c6-4ece-81e3-cad45c780df4,30950,mi-vuoi-bene-lultima-domanda,2005-06-17T00:00:00,2005-06-17T15:35:31,OK
78ad5926-76db-4eb7-bc03-d77a4dd7901e,32533,il-figlio-terminale-recensione,2007-06-03T00:00:00,2007-06-03T15:19:19,OK
7a50613a-15fe-4b4e-a71a-13ff69f9ca87,36343,segni-recensione,2012-03-16T00:00:00,2012-03-16T10:20:09,OK
7a589019-c1ec-4698-b82a-5910fa3e4b3f,9881,centro-artigianale-di-bastia-umbra,1995-03-16T00:00:00,1995-03-16T14:24:11,OK
7a0c4438-41d9-4f43-8529-a01546a0d424,6761,perche-cambiata-la-mia-vita,1988-12-25T00:00:00,1988-12-25T17:45:34,OK
78a7de35-8193-4269-a49c-78db2b843339,17148,mettersi-in-gioco-la-solidarieta-secondo-silvia-tamberi,2000-03-28T00:00:00,2000-03-28T14:20:34,OK
79572ee9-9bda-4ea5-92c8-ea7e376938b5,44660,per-la-nostra-riflessione,1978-09-17T00:00:00,1978-09-17T09:30:34,OK
793d3ea3-5c9a-497c-8df3-e3a15b27479a,1186,con-gli-occhi-di-un-bambino,2015-12-19T00:00:00,2015-12-19T10:22:44,OK
7aced81b-ef57-44ad-bbc3-f608e8a27dec,30724,autismo-che-fare-per-questi-figli,2005-03-16T00:00:00,2005-03-16T08:03:57,OK
7a0fc4d6-cefa-40e3-bc86-969fc2a8919f,42775,almond-come-una-mandorla-recensione,2023-12-12T00:00:00,2023-12-12T07:56:06,OK
7aac526b-d91e-41cd-b0ad-ade4e856557f,12156,margherita-ricordi-mi-chiedesti-lane-di-colori-diversi,1998-03-04T00:00:00,1998-03-04T10:03:34,OK
78f4fdbb-5d02-477c-a595-d69f3f61eaa0,43250,sanremo-fin-dove-lho-visto-1,2024-02-07T00:00:00,2024-02-07T16:12:54,OK
79e11a75-0f9e-4d21-a06b-35875e2cd604,16931,newsletter-n-12-il-racconto-di-un-intero-paese,2020-03-20T00:00:00,2020-03-20T08:22:37,OK
7902c0b6-337d-4ee1-a645-0f8c109fba77,8593,dialogo-aperto-n-37,1992-03-05T00:00:00,1992-03-05T07:45:54,OK
7a68b393-450e-4f4b-aab5-05419ec3083c,15166,gennaio-2003-trosly,2003-01-07T00:00:00,2003-01-07T10:44:48,OK
794a3134-e3b2-48ea-9b57-7971d795705b,36472,dialogo-aperto-n-119,2012-09-16T00:00:00,2012-09-16T11:18:09,OK
7b778942-e516-4b7b-b71a-cee8c9b92371,20109,ci-hanno-scritto,1974-01-27T00:00:00,1974-01-27T15:47:06,OK
794dc47d-9d1c-4581-ad64-810ee7af10b9,32618,acondroplasia-scheda-informativa,2007-06-03T00:00:00,2007-06-03T16:24:01,OK
79b9e4b6-5944-477f-9366-a85fdf8d35e3,42618,viaggio-a-parma-del-1976-unesperienza-di-gioia-condivisione-e-scoperta-con-fede-e-luce,1976-09-20T00:00:00,1976-09-20T19:20:34,OK
7a929f97-052d-4fb6-be8c-7aff53a73a79,28006,noi-due-siamo-uno-recensione,2022-02-18T00:00:00,2022-02-18T16:59:53,OK
78977391-49ff-4e02-ab00-faf329277e57,22184,recensione-quo-vadis-aida,2020-11-04T00:00:00,2020-11-04T15:35:48,OK
7b0b5708-2a0e-47d5-b008-e60648f9bdab,2437,natale-del-mio-cuore,1984-12-31T00:00:00,1984-12-31T17:58:21,OK
7ab400e9-1b00-4797-8217-16a82bb5cf77,33867,i-fraticelli,2008-12-07T00:00:00,2008-12-07T18:42:17,OK
7996dc99-61b5-491a-ac74-ebcfe7f34996,7690,fede-e-luce-una-grande-famiglia-del-mondo,1990-09-26T00:00:00,1990-09-26T08:45:03,OK
7b6405bc-908a-4ce8-898f-b92ca11d4e18,38626,mr-rain-e-lda-sono-uno,2023-06-01T00:00:00,2023-06-01T09:36:55,OK
7aa9e578-67d9-49f7-902a-e4593b805c40,15768562,tra-i-vicoli-di-napoli,2025-11-03T00:00:00,2025-11-03T14:08:35,OK
7b2c69e3-dff9-4242-9851-0a84681823f3,28674,e-se-essere-sordi-fosse-un-superpotere,2022-06-22T00:00:00,2022-06-22T09:49:00,OK
7bc024a2-186a-42b0-8268-57c154309eb4,5381,altri-figli-consigli-per-genitori-bambino-disabile,1984-12-31T00:00:00,1984-12-31T09:52:16,OK
7a6bb820-5e41-4ac7-9f08-a66ada89a736,31869,amare-un-errore-patricia-bauer,2006-06-21T00:00:00,2006-06-21T10:38:42,OK
790e02d9-e934-4032-a334-aaca3b743fe9,10688,dialogo-aperto-n-54,1996-06-14T00:00:00,1996-06-14T16:08:11,OK
7d699d71-bd98-4da1-8001-6fb2436397d8,21364,intervista-sante-bandirali-uovonero,2020-09-11T00:00:00,2020-09-11T00:11:57,OK
7c5e89a5-d79b-4151-a09d-b7cfbf03418a,27340,il-caso-potenzoni-di-federica-sciarelli-recensione,2021-10-20T00:00:00,2021-10-20T15:42:01,OK
7c8721c1-b15a-4f72-8530-6750b7bf877e,20344,come-loro,1974-01-27T00:00:00,1974-01-27T09:09:23,OK
7d1cb58a-37a6-4e59-8350-abb91b7d452f,15767716,diving-into-stories-but-never-alone,2025-07-25T00:00:00,2025-07-25T08:56:18,OK
7bf8037a-3f7a-4b7e-82b0-541ed62a8563,45667,gita-ad-argegno-3-giugno-1979,1979-09-16T00:00:00,1979-09-16T17:50:34,OK
7f43f813-c8ac-4ba4-ba7c-7b1396a1e0c0,11789,madre-di-famiglia,1997-12-15T00:00:00,1997-12-15T17:22:09,OK
7caa1569-8a3c-4f26-90b7-1cba5487a77f,37396,aggiungi-un-posto-a-casa-adozione-di-bambini-con-disabilita,2012-12-10T00:00:00,2012-12-10T15:29:04,OK
7f7168b8-f53e-4020-b2da-d0a0cf4076cb,35772,precious-recensione-film,2011-03-04T00:00:00,2011-03-04T16:11:14,OK
7e0eea81-1cbe-4bdf-bf6b-3ec49765eba6,4611,nicola-pintus-il-progetto-filippide,2004-12-05T00:00:00,2004-12-05T10:17:19,OK
7dcf72a3-6bf4-4e54-8275-a4e0d159f571,38054,le-mimose-di-yolanda,2013-12-14T00:00:00,2013-12-14T13:18:00,OK
7c1ffbdd-7047-4659-9ac4-8b21b7bc5b3f,18676,due-fratelli-e-la-brigata-inglese,2020-06-12T00:00:00,2020-06-12T05:34:30,OK
7e12f904-85b5-4149-b0be-636fe77f23ab,11617,il-compleanno-di-chiara,1997-09-19T00:00:00,1997-09-19T15:00:54,OK
7dd722c9-b926-4853-bd06-020c827ad458,41226,e-questo-e-niente-recensione,2021-08-23T00:00:00,2021-08-23T08:21:21,OK
7cf608be-99bb-42c6-9063-9374cf59436b,24563,e-bello-avere-un-posto-dove-lavorare,2021-04-14T00:00:00,2021-04-14T07:41:37,OK
7e3f71c7-b816-4bbd-8b3b-fc624e6fb318,8174,storia-di-un-filo-derba,1991-06-21T00:00:00,1991-06-21T09:45:29,OK
7f54605d-c40a-4525-bcbf-b1b4da06fe44,39214,il-chicco-recensione,2016-06-16T00:00:00,2016-06-16T09:00:14,OK
7d57b62e-6d95-4737-a3da-32adfcbad616,13051,dialogo-aperto-n-68,1999-12-17T00:00:00,1999-12-17T04:49:27,OK
7fbc1823-545e-409e-9ccd-bbd083c956d2,24741,la-risposta-di-gesu,2021-05-04T00:00:00,2021-05-04T07:14:27,OK
7ea440df-3442-4857-acad-df8b8982015f,21503,la-mia-amica-suor-marie-theo-di-dio,2020-09-04T00:00:00,2020-09-04T05:25:13,OK
7ea473af-36b5-4f4c-9350-40a875cd28fd,36315,franz-werfel-gallucci-editore-pp-722,2012-03-16T00:00:00,2012-03-16T10:00:09,OK
7cf437d9-98f7-4f8f-bb89-5ea333e7320b,33522,parlare-di-dio-ai-bambini-di-oggi-recensione,2008-06-27T00:00:00,2008-06-27T11:27:23,OK
7fa00822-775a-4b9f-a591-6b6a9bb72f64,34626,nuovo-dizionario-disabilita-handicap-riabilitazione-recensione,2010-03-16T00:00:00,2010-03-16T16:11:10,OK
7e118f17-a304-4859-a3a0-969f35e0c393,48833,mother-teresa-of-calcutta-dedicated-to-children-and-to-all-of-us,1998-09-28T00:00:00,1998-09-28T23:55:38,OK
7f56d22a-11d0-463e-909c-3cf7b3130c77,47459,e-le-ferie,2025-02-12T00:00:00,2025-02-12T14:20:07,OK
7e0f3b1f-64fe-4b6b-b631-4c74d8a2575f,21232,metti-da-parte-la-fretta,2020-08-24T00:00:00,2020-08-24T11:19:25,OK
7dd44695-dbcf-41bf-a41c-5665b38a912e,8458,possiamo-fare-qualcosa-noi-genitori,1991-12-28T00:00:00,1991-12-28T10:10:39,OK
7db3520e-1f6b-4523-be85-0898371257b2,1449,viaggiare-alla-pari,2015-09-22T00:00:00,2015-09-22T09:35:22,OK
7f3db60d-c621-4e06-a8a0-ac3ba957f506,39971,la-sua-prima-confessione,2017-09-06T00:00:00,2017-09-06T10:00:44,OK
7d38e65e-862e-4174-8339-f7fbe69a916f,39698,attesi-amati-trasformati,2017-03-16T00:00:00,2017-03-16T10:00:14,OK
7e20a256-098f-449e-8220-75dff7ebeb8d,10444,sacramenti-e-disabili,1995-12-30T00:00:00,1995-12-30T16:16:18,OK
7ee0723c-de3d-426b-98e0-ef95976f6943,34784,la-terza-nazione-del-mondo-recensione,2010-06-17T00:00:00,2010-06-17T11:01:14,OK
7efcbe4e-d993-4fc7-8cfa-adfef4246f6e,46856,fede-e-luce-domande-e-risposte,1981-12-20T00:00:00,1981-12-20T15:00:34,OK
7e8a27b8-a706-40e0-a584-467291d17717,42625,un-angolino-di-arche,1976-09-20T00:00:00,1976-09-20T18:45:34,OK
7d80dfa5-5ef5-49fe-9df4-ff511c51488e,32031,obiettivo-decrescita-recensione,2006-09-27T00:00:00,2006-09-27T14:33:50,OK
7e5189d1-c887-4c8b-99bc-6ab711deedf4,46940,la-festa-a-fede-e-luce,1981-12-20T00:00:00,1981-12-20T12:01:34,OK
7e59eef0-279b-4eec-80f3-c1319ee65dc2,35646,dialogo-aperto-n-112,2010-12-03T00:00:00,2010-12-03T17:50:12,OK
7f68191d-1003-4a81-9ea5-fb31c84edf36,8989,un-laboratorio-chiamato-lalveare,1993-03-18T00:00:00,1993-03-18T11:09:09,OK
7cc759ec-991c-4fa5-b534-07bb2cbfadf8,13570,corridoi-umanitari,2017-06-28T00:00:00,2017-06-28T11:56:23,OK
7ef31df0-f44c-44a0-b9e5-e653ebbbda9b,33802,da-soli-non-si-puo,2008-09-03T00:00:00,2008-09-03T12:32:33,OK
7cf1bfe5-1c72-408a-9caf-49d72776ee87,10326,alla-morte-del-papa-charles-restava-nascosto-sotto-il-tavolo,2010-12-03T00:00:00,2010-12-03T13:01:58,OK
7d1e9c63-6be0-4062-8e25-8c4b321f36ce,43746,esperienze-al-club-avance,1977-06-20T00:00:00,1977-06-20T13:45:34,OK
7d4f8b96-ceb9-4cdc-a670-7ccec23ee7ab,46297,vita-fede-e-luce-insieme-n-26,1980-09-16T00:00:00,1980-09-16T17:00:34,OK
7f1d8389-6fe7-4fc4-b454-2a90c7267a6d,21195,nutrire-talenti,2020-08-08T00:00:00,2020-08-08T10:43:44,OK
7f26002c-5dff-49f3-a593-61d531804c2b,4673,educare-alla-paternita-tra-ruoli-di-vita-e-trasformazioni-familiari,2005-08-05T00:00:00,2005-08-05T12:21:09,OK
7f634e4b-a81c-4769-8cad-d1cf2a522818,34224,un-incontro-tra-capi-scout,2009-09-10T00:00:00,2009-09-10T11:57:52,OK
7bce5e93-74f3-49ed-90c8-b566a87c64cd,30697,come-pietre-nel-fiume-recensione,2005-03-16T00:00:00,2005-03-16T07:44:04,OK
7eb44064-aac2-4e29-8017-3b5bebe78016,20116,la-quaresima-con-don-marco-2020-podcast,2020-04-26T00:00:00,2020-04-26T13:50:24,OK
7fb63e7f-e714-482e-ba44-e50a84050f62,17589,cosicomesei-diario-di-bordo-di-un-neuropsichiatra-infantile-recensione,2000-06-20T00:00:00,2000-06-20T09:27:04,OK
7eb88b95-067e-42e5-a79e-52956a89d4d1,15066,mio-cugino-paolo,2020-01-30T00:00:00,2020-01-30T10:03:07,OK
7f81ab6a-eec3-4d40-ac79-ac18d83c3d7e,7968,lezione-di-danza-insieme,1990-12-27T00:00:00,1990-12-27T09:23:02,OK
827103a6-e203-4c80-b134-e1f4f9b11941,7570,tracciare-il-sentiero-in-albania,2018-03-26T00:00:00,2018-03-26T09:40:17,OK
828a359c-4118-4c54-9093-5ae6f160e447,9681,vita-fede-e-luce-n-47,1994-09-03T00:00:00,1994-09-03T16:02:37,OK
806e878b-879b-4013-9ccc-6899ca59375b,43593,jun-recensione,2024-02-19T00:00:00,2024-02-19T22:46:13,OK
810f6a09-78fe-40b6-ba71-a5ff472002b2,46924,gioia-di-essere-sacerdote,1981-12-20T00:00:00,1981-12-20T12:55:34,OK
80f81b09-f0ba-4bca-b9e9-74b540b5d339,37894,ieri-oggi-domani,2013-09-11T00:00:00,2013-09-11T15:50:04,OK
7ff201e3-3381-4dc2-bffd-097998243815,17677,centro-di-riabilitazione-il-testardo-pet-therapy,2000-06-20T00:00:00,2000-06-20T14:10:47,OK
813253c8-a265-4505-ad9b-50b0a66d39e2,6572,comunita-terapeutica-primavalle,1988-03-26T00:00:00,1988-03-26T15:17:01,OK
82e12b0b-f877-4365-aee4-8a375b6f6bd7,45639,incontro-internazionale-a-cuneo-28-29-aprile-1979,1979-09-16T00:00:00,1979-09-16T18:20:34,OK
815bdada-45df-4bd0-8711-bcf8cc944bdb,36391,carissime-mamme,2012-03-16T00:00:00,2012-03-16T10:56:09,OK
831229ee-6cd8-41e1-a7f1-fae071436325,17169,rosamaria,2000-03-28T00:00:00,2000-03-28T15:17:24,OK
80e769fc-a3ba-422d-9bf5-7c0bc0799b84,9377,vita-di-fede-e-luce-n-44,1993-12-23T00:00:00,1993-12-23T08:57:08,OK
80d7211d-ef5c-4003-9db8-3d76d3e3d11d,2862,ombre-e-luci-n-8-1984-sfogliabile,1984-12-04T00:00:00,1984-12-04T00:56:15,OK
80b8a4d3-fd2b-459c-9e6d-dd0e6a0eafb3,39268,oltre-il-limite,2016-06-16T00:00:00,2016-06-16T10:45:14,OK
80f2658d-afe1-42a0-9d82-5c5407cfa33f,30009,filippide-correre-insieme-dal-tibet-al-polo-nord,2004-03-09T00:00:00,2004-03-09T16:44:59,OK
8066dcdd-8f66-4f6e-abed-a449c16fe08d,36434,fede-e-luce-una-fedelta-che-ridona-lentusiasmo,2012-09-16T00:00:00,2012-09-16T11:02:09,OK
812f38a4-b141-41f0-8813-430f0f327bdc,21739,stelle-doriente-qualche-immagine-dalle-comunita-fede-e-luce-del-medio-oriente,2001-12-25T00:00:00,2001-12-25T10:58:01,OK
80cdbcab-3fb0-4cc6-92cd-1a6ea0d5a800,15013,tenera-magnetica,2020-02-08T00:00:00,2020-02-08T06:48:42,OK
82feb126-359c-402a-ae81-7551aacff0ba,26873,lettera-a-mariangela-e-a-molti-altri,2003-09-03T00:00:00,2003-09-03T16:04:17,OK
812e38a8-bd80-487b-8a31-92c52197e26c,32051,donne-nel-respiro-di-ruah-il-protagonismo-delle-donne-nella-morte-e-resurrezione-di-gesu-recensione,2006-09-27T00:00:00,2006-09-27T14:45:20,OK
80d153fd-2ac3-4633-a8fc-74466779d0bd,12279,dialogo-aperto-n-63-1998,1998-09-28T00:00:00,1998-09-28T12:17:59,OK
80d7e27c-6609-4951-b9df-9b358f2667b9,12572,vivere-lautismo-manuale-di-sopravvivenza-per-i-genitori,1999-06-16T00:00:00,1999-06-16T12:48:44,OK
82d26cd7-07c7-4de5-a973-80e621abed05,40389,90-anni-di-jean,2018-07-20T00:00:00,2018-07-20T10:30:21,OK
83268a64-1006-44bd-a777-7f0b6ddd090c,7852,lamicizia-a-fede-e-luce-un-legame-anche-con-chi-e-piu-debole-e-solitamente-rifiutato,1990-09-26T00:00:00,1990-09-26T13:10:41,OK
81d48e8d-0c86-40e1-8b31-ad76b6d8dbe7,24580,no-gac-ma-sac,2021-04-14T00:00:00,2021-04-14T16:12:37,OK
8115b42b-eaa3-4959-8772-c691c83fd4e4,5118,bocca-ride-ma-occhi-non-buoni,1985-12-29T00:00:00,1985-12-29T11:07:33,OK
806714d5-6f10-4d28-a763-dc286c28a096,8430,una-vita-possibile-handicap-mentale-e-famiglia,1991-12-28T00:00:00,1991-12-28T08:56:49,OK
82cfcf11-ed10-4e75-a255-5b977a755d41,40290,dalle-mamme-di-palidoro-perche-curare-non-significa-solo-guarire,2018-06-30T00:00:00,2018-06-30T09:01:13,OK
8331804f-1163-4177-afc0-0677d64b810c,39823,sara-bello,2017-06-28T00:00:00,2017-06-28T10:20:23,OK
82360036-a043-4b8f-bb86-62a5f453a629,8822,la-prima-comunione-di-flaminia-ci-ha-fatto-crescere,1992-09-07T00:00:00,1992-09-07T16:34:05,OK
8226c795-180c-462a-9a31-5928f7aa7ad5,37914,dialogo-aperto-n-123,2013-09-13T00:00:00,2013-09-13T15:00:04,OK
81e7d2ac-ae0d-4984-bcf2-c46ccb318db7,5671,mary-mount-settimane-al-sole,1986-09-27T00:00:00,1986-09-27T12:33:05,OK
81bdd80d-ee13-475f-a143-800aeb5e2c6b,7332,sentivo-crescere-la-mia-responsabilita,1990-03-20T00:00:00,1990-03-20T11:31:45,OK
8015190b-d8c6-4364-9463-4661ffb0dfc0,14901,buon-anno-da-ombre-e-luci,2019-12-31T00:00:00,2019-12-31T01:00:23,OK
808c0376-ead3-4fdb-85d5-909c1d160367,34023,cristo-con-gli-alpini-recensione,2009-03-08T00:00:00,2009-03-08T17:18:33,OK
83000ec3-bedf-4455-9bfe-14d03aac8941,35627,per-una-vera-qualita-di-cura-delle-persone-anziane,2010-12-03T00:00:00,2010-12-03T17:31:12,OK
7ff5350f-28d3-43af-a97a-62c7b48c8067,34701,essere-mamma-sono-in-un-furioso-stato-di-accusa,2010-03-16T00:00:00,2010-03-16T16:30:10,OK
824891eb-873e-456e-b5a7-9e1a9c5b7871,14811,papa-francesco-disabilita-messaggio,2019-12-16T00:00:00,2019-12-16T15:55:08,OK
81572bb0-9467-402f-aba5-4fd9cf39c243,33155,testimone-oculare,2007-12-12T00:00:00,2007-12-12T17:03:11,OK
802388d5-2df6-4233-963e-dee2cbda207d,9708,dialogo-aperto-n-47,1994-09-02T00:00:00,1994-09-02T08:07:24,OK
830ac9a1-a030-4ad1-b7f9-8688ea276651,7230,buon-natale-anche-a-te,1989-12-26T00:00:00,1989-12-26T11:25:32,OK
81b0edea-a323-414e-871a-1578afb8a587,32387,dialogo-aperto-n-97,2007-03-02T00:00:00,2007-03-02T16:11:56,OK
82536e3f-3ebc-4cc3-a24c-dd6b14db0ab7,15768346,a-light-in-pompei-a-journey-of-faith-and-friendship,2025-11-04T00:00:00,2025-11-04T10:32:05,OK
80b26856-bb78-4fce-94db-b92135f37b91,41331,qua-la-zampa-un-film-che-mi-ha-riportata-indietro-nel-tempo,2023-09-01T00:00:00,2023-09-01T12:07:08,OK
808211bf-d593-4313-8565-8968bb9f5908,26779,la-vita-sessuale-delle-persone-con-disabilita-per-quale-amore,2003-06-23T00:00:00,2003-06-23T16:21:02,OK
81fce0d2-e01d-456d-9017-729eb92bc89c,2356,la-riabilitazione-nella-scuole-ma-la-bambina-non-e-tenuta-in-classe,1984-06-30T00:00:00,1984-06-30T17:15:58,OK
81c1ec9c-0fbd-45a7-919d-c233e2919aca,43879,ci-hanno-scritto-n-14,1977-09-20T00:00:00,1977-09-20T11:00:34,OK
82208f5d-3f80-445a-aff8-c04ea62a8320,29149,riannodare-il-filo,2022-08-08T00:00:00,2022-08-08T09:02:01,OK
809ddfed-f701-43c3-81fb-002b286e576c,2263,cosa-dirvi-di-piu,1984-03-30T00:00:00,1984-03-30T19:20:34,OK
8207f46a-8bd0-446e-b08f-54822fbf61eb,28694,dialogo-aperto-n-157,2022-06-22T00:00:00,2022-06-22T10:52:39,OK
8135f53f-a53f-4964-a204-a5d1b372ba10,46435,sia-fatta-la-tua-volonta,1980-12-16T00:00:00,1980-12-16T18:59:34,OK
84e6de7b-8f72-44e3-ac2e-3fb83e08edab,35604,paure-della-vecchiaia,2010-12-03T00:00:00,2010-12-03T17:10:12,OK
869da0cc-6b53-4b44-aa86-25f3c0a6069d,32174,don-zeno-obbedientissimo-ribelle-recensione,2006-12-28T00:00:00,2006-12-28T07:39:32,OK
851ec08e-da62-45eb-aab5-b439f797faeb,42497,ci-hanno-scritto-2,1976-05-20T00:00:00,1976-05-20T20:00:34,OK
8353237e-28e1-4d50-b4b7-12353cd196dd,46172,non-e-facile-esprimere,1980-06-16T00:00:00,1980-06-16T17:40:34,OK
85c7fd33-200b-4f91-aa1e-680b525a98a6,38561,small-talk-ma-extralarge,2014-12-15T00:00:00,2014-12-15T08:00:23,OK
84f27f78-7dfb-4920-a936-e89f7ad5e435,39147,porta-sfortuna,2016-03-25T00:00:00,2016-03-25T12:15:53,OK
83ca207a-4270-4763-8f91-1cd080694825,1414,fuori-dellacquario,2015-12-20T00:00:00,2015-12-20T17:04:17,OK
84d8459e-1548-43da-9f56-7f6d45f7b09d,38065,un-castello-di-sabbia-storia-della-mia-vita-e-della-mia-schizofrenia-recensione,2013-12-14T00:00:00,2013-12-14T12:15:00,OK
84cb3db9-84d0-4ec1-a400-fb0082a03d0f,34335,fiera-di-me-stessa,2023-02-15T00:00:00,2023-02-15T10:21:26,OK
8604f1c1-94c5-40b6-8669-5f34742c9676,45000,baglioni-e-il-canguro,2024-08-16T00:00:00,2024-08-16T11:45:01,OK
83a8bad3-3140-4992-9805-a3e0612f4efa,15041,chiamare-nome-paura,2020-01-02T00:00:00,2020-01-02T05:17:50,OK
86923aa3-5fe2-4499-bb02-66f2bc091a30,35842,lettera-a-jean-natalia,2011-03-04T00:00:00,2011-03-04T17:30:14,OK
85057d79-dda1-4c94-b42c-0bcd2d40386c,44431,lettera-aperta-a-francesco-dassisi,1978-03-09T00:00:00,1978-03-09T09:50:34,OK
8497f625-bea8-4e11-b480-45613078b9dc,18612,la-differenza-tra-shakespeare-e-insinna,2020-06-24T00:00:00,2020-06-24T04:28:54,OK
8635e0d6-36ea-47e9-9bc2-c51904556653,6087,vita-fede-luce-n-18,1987-06-25T00:00:00,1987-06-25T13:15:30,OK
85918b03-894c-458a-a560-503711aa4f73,8168,vita-fede-e-luce-n-34-che-settimana,1991-06-21T00:00:00,1991-06-21T09:42:24,OK
83db7f93-b5d5-4323-ac47-3ef32d30cfa7,41241,frammenti-di-solitudine-recensione,2021-08-23T00:00:00,2021-08-23T09:40:07,OK
8620c6fb-bb90-46c9-8966-690be00a4e3d,25606,la-scopa-incantata-una-fiaba-per-natale,2002-12-08T00:00:00,2002-12-08T11:22:51,OK
87077151-12c2-4087-b926-908669d0206a,36404,mani-calde-recensione,2012-09-16T00:00:00,2012-09-16T10:56:09,OK
8622f0d3-3f86-4d86-87b3-ef24977bbd9b,3997,miei-primi-quarantanni,2015-06-13T00:00:00,2015-06-13T12:39:50,OK
846396ab-8aaa-4146-9b8b-ff13804813bf,22604,fotoconcorso-i-piu-piccoli-a-lourdes,2001-09-27T00:00:00,2001-09-27T10:46:45,OK
866ff982-7627-47b9-a0df-4d42178c2618,27079,la-violenza-del-mio-amore-di-dario-levantino-recensione,2021-09-15T00:00:00,2021-09-15T09:53:30,OK
84007723-f92c-4e72-b258-fbde4ccf9e67,25752,la-bellezza-nella-mente-recensione,2021-06-17T00:00:00,2021-06-17T07:48:06,OK
84171e4c-4526-41a7-b3cb-f9b69690ccff,7123,come-parlare-a-una-persona-sorda,1989-06-21T00:00:00,1989-06-21T11:10:39,OK
84fac6ef-d2ac-4df4-8c2b-af3b450c7682,8371,anche-noi-siamo-persone,1991-09-22T00:00:00,1991-09-22T10:46:32,OK
85dda14c-bc41-40b9-b2da-cfb68f796b75,29418,vita-delle-province-n-150,2020-03-16T00:00:00,2020-03-16T12:14:04,OK
86d54604-ce34-4c14-b980-41cb341e5672,5012,come-sogni-il-futuro-dei-tuoi-figli-alcuni-genitori-rispondono,1985-09-29T00:00:00,1985-09-29T14:27:07,OK
8623bfb0-6da7-4718-aeb9-efca56b18a4a,18201,sensuability,2020-05-07T00:00:00,2020-05-07T16:08:34,OK
86e636f6-f3e8-401d-93b5-218c702d7aee,26967,medico-ho-imparato-a-consultare-il-mio-cuore-intervista-con-oleh-romanchuk,2003-09-04T00:00:00,2003-09-04T15:37:20,OK
86685073-5004-4cd4-99b2-1c62ad6ac2e4,45728,trasformare-le-pratiche,2024-11-26T00:00:00,2024-11-26T13:07:59,OK
85ef7056-72b5-43be-ad66-ac597c63cc3a,22423,spazio-aperto-una-cooperativa-di-servizi,2001-06-17T00:00:00,2001-06-17T17:55:11,OK
83af4d70-c847-4cdb-88a1-1e796e3a4c65,37681,nella-diagnosi-siamo-prudenti,2013-06-10T00:00:00,2013-06-10T15:56:04,OK
840db13d-2909-4b76-8e85-9285dbb3227b,19717,due-chiamate-speciali,2001-03-09T00:00:00,2001-03-09T14:49:39,OK
84d3bac2-76c1-4da6-9e77-2ffe97799946,2443,dialogo-aperto-n-8,1984-12-31T00:00:00,1984-12-31T18:00:19,OK
84cba335-d887-4ab0-9a52-1701b7cd2995,38505,mariangela-linizio-a-santa-silvia,2014-12-15T00:00:00,2014-12-15T07:36:23,OK
86a23cdc-89b6-48ef-a61a-273e6c3f616f,15768416,un-venerdi-di-aprile-recensioni,2025-07-28T00:00:00,2025-07-28T11:54:48,OK
86c02a4e-2073-4cf6-92a7-54128d9bcb83,7254,google-maps-presenta-gli-itinerari-accessibili,2018-03-28T00:00:00,2018-03-28T09:07:07,OK
8705be6b-012f-4050-a743-b26c8ec81426,19703,scout-a-lourdes,2001-03-09T00:00:00,2001-03-09T14:35:50,OK
833ccfe1-63b6-498f-b2c1-f928e776e594,22598,i-miei-piccoli-principi,2001-09-27T00:00:00,2001-09-27T10:33:04,OK
85e98d62-b57d-48a0-a135-da1b604af504,40310,percorsi-inclusivi-noi-ci-teniamo,2018-06-30T00:00:00,2018-06-30T09:30:13,OK
839086ef-2605-4700-82ea-dd42e7ed12df,16683,newsletter-n-11-la-fatica-di-non-potersi-salutare,2020-03-06T00:00:00,2020-03-06T08:42:58,OK
8646267f-310b-47cc-8ff4-248a23a22ac5,17511,un-esperto-di-disabilita-nella-task-force-per-la-fase-2-dellemergenza-coronavirus-giampiero-griffo,2020-04-12T00:00:00,2020-04-12T10:54:15,OK
848e7b9e-a284-465e-8477-20015d402973,37001,digitalizzando-ombre-e-luci-come-un-album-di-famiglia,2023-05-05T00:00:00,2023-05-05T13:15:05,OK
86cff38d-fba1-4793-816f-eeaa57094185,44219,come-bere-un-bicchier-dacqua,1977-12-06T00:00:00,1977-12-06T11:50:34,OK
871d3653-c202-4fcd-bf62-1ec5154d8223,45674,vita-fede-e-luce-n-22-1979,1979-09-16T00:00:00,1979-09-16T17:40:34,OK
839f66ac-21c2-4325-97d6-9eb130bc0662,34428,coralmente-le-voci-dellanima,2009-06-10T00:00:00,2009-06-10T10:02:04,OK
86e74c85-fae2-40bd-9b5d-4f3f2b35bae2,6741,posto-mia-figlia-nella-chiesa,1988-09-28T00:00:00,1988-09-28T15:04:55,OK
8637449c-fd7c-419f-bd36-edfc25f7dada,45476,il-mio-soggiorno-in-salento,2024-10-16T00:00:00,2024-10-16T11:36:26,OK
83e67ebf-830b-4bd4-a631-9bca46c61d1a,2445,vita-fede-e-luce-n-8-che-cosa-e-fede-e-luce,1984-12-31T00:00:00,1984-12-31T18:00:45,OK
83d6cb11-8567-4761-8e72-3b04d0e0c2e8,7740,quanti-conosci-per-nome,2018-04-26T00:00:00,2018-04-26T11:20:54,OK
876b8f05-23c7-4769-8285-136ee554e16f,16267,se-lo-diceva-coco-chanel,2020-02-24T00:00:00,2020-02-24T05:27:35,OK
87857305-d77b-4515-bcba-e4f0086dcfbd,40374,dinamiche-fondamentali,2018-07-20T00:00:00,2018-07-20T10:00:21,OK
87789714-c3bc-421f-b841-491776865e80,39479,cosa-ti-aspetti,2016-09-16T00:00:00,2016-09-16T11:30:14,OK
88d2c7bb-6de1-4d38-9e7c-4396690bcd6b,43773,editoriale-auguri,1977-06-20T00:00:00,1977-06-20T15:55:34,OK
87e0b8b7-4bc2-47f6-b807-184726b67edb,37531,cosi-e-sceso-dal-trono,2013-03-10T00:00:00,2013-03-10T15:55:04,OK
88d89d52-e65c-40b6-856a-548d444bae25,20593,dalla-mattina-a-dopo-mezzanotte-fonda,2020-07-22T00:00:00,2020-07-22T11:56:53,OK
889eb739-5531-4f78-8f6a-adaa4f1034dd,24458,tutta-unaltra-storia,2021-03-31T00:00:00,2021-03-31T08:15:28,OK
87dc18a1-824b-46c3-b58d-0ff427701aab,20904,di-chi-ci-si-innamora,2020-08-06T00:00:00,2020-08-06T07:05:27,OK
879716ac-a22c-47dd-9285-b332cf6b244e,40091,gli-autistici-esistono-finche-vanno-a-scuola,2017-12-21T00:00:00,2017-12-21T10:40:33,OK
892f21fc-4751-4d3b-8641-1cff531d1cdc,45784,adulti-lievemente-handicappati,1979-12-16T00:00:00,1979-12-16T18:35:34,OK
88b01d42-15bc-4145-80ba-ec1bd0476de0,19737,mi-hanno-aperto-gli-occhi,2001-03-09T00:00:00,2001-03-09T15:09:52,OK
88953eda-da4a-4303-8c8d-6fb2aef49a09,30074,convivenza-non-coesistenza,2004-03-10T00:00:00,2004-03-10T16:43:29,OK
89be8904-5603-4420-9ee9-e66ca677bdd6,36465,come-essere-vicini-allaltro,2012-09-16T00:00:00,2012-09-16T11:15:09,OK
877e450e-9d72-4968-b142-cd0fbcacbc5e,42416,i-piu-difficili,1976-02-20T00:00:00,1976-02-20T10:15:34,OK
8a5e9701-fb10-43ec-aab0-141c57d4806c,27532,ragazza-aspy-di-agnese-spotorno-recensione,2021-11-10T00:00:00,2021-11-10T10:13:13,OK
88e57c04-3ecc-4a3c-a55e-2e01382d6b08,3149,vacanza-problema-e-risposte,1985-06-29T00:00:00,1985-06-29T21:32:08,OK
8a102bca-b5ef-4e29-b8fb-d515d5fd4d15,7027,comportarsi-le-persone-cieche,1989-06-16T00:00:00,1989-06-16T12:23:36,OK
89a87a4c-7335-483f-9dc0-f5fd25524036,43830,parliamo-di-ri-educazione,1977-09-20T00:00:00,1977-09-20T09:15:34,OK
8748dd50-69a5-4882-9950-e7a4a82a0a13,37596,come-pinguini-nel-deserto-recensione,2013-06-10T00:00:00,2013-06-10T15:00:04,OK
88443e61-cd93-4431-abdc-5650088673f8,17984,le-a-della-vita-recensione-libro,2000-09-28T00:00:00,2000-09-28T07:14:11,OK
88d25536-dbec-486a-a01a-c510f80f4a00,13104,moda-e-disabilita-niente-e-impossibile,2019-09-25T00:00:00,2019-09-25T10:19:52,OK
8859eed4-71ec-4103-8769-5abe314b7813,10057,tu-ci-liberi-dal-male,1995-06-02T00:00:00,1995-06-02T11:57:05,OK
8a32be82-43cd-4da6-bb21-e4d762297c03,39798,gli-scartagonisti-recensione,2017-06-28T00:00:00,2017-06-28T09:01:23,OK
8963b26f-d7cc-487e-987c-11129a17505c,13026,con-le-porte-sempre-aperte,1999-12-17T00:00:00,1999-12-17T21:57:05,OK
8a8b7baf-bf56-48b7-8185-dc587e4b8563,15767545,io-stavo-per-mollare,2025-07-02T00:00:00,2025-07-02T10:11:37,OK
87c55d17-ac4d-4545-8d1e-b5513a2be413,31510,la-ragazzina-nuova,2006-03-30T00:00:00,2006-03-30T11:09:29,OK
8930298a-5e32-4f78-935d-3e135028a24b,9419,costruire-la-capacita-di-sperare-in-un-ospedale-psichiatrico,1993-12-23T00:00:00,1993-12-23T10:05:27,OK
8a428949-6ba1-4a4e-a2e9-26e609c2bed8,30898,dialogo-aperto-n-90,2005-06-17T00:00:00,2005-06-17T14:44:40,OK
8ab21944-38a0-4505-ba1e-75703b18ea7a,19067,tutto-e-possibile-lettera-di-chiara,2000-10-26T00:00:00,2000-10-26T08:34:29,OK
8a701fe7-79dd-4689-a68e-1cc2b6a588a5,8417,speechless-quando-la-disabilita-e-ironia,2018-05-24T00:00:00,2018-05-24T12:02:51,OK
883d585f-974b-4379-bb98-ccf24a70b03c,37372,i-tuoi-figli,2012-12-10T00:00:00,2012-12-10T15:22:04,OK
8a64ac4c-8cb9-4955-a45e-4203aee2fa9b,19671,assistenza-disabili-in-179-stazioni-ferroviarie,2001-03-09T00:00:00,2001-03-09T13:29:08,OK
8a29273c-3fe5-49e8-90da-23ad6453af9d,6618,siediti-nei-nostri-panni,2018-02-28T00:00:00,2018-02-28T10:06:47,OK
87bc559d-0442-4f39-9093-47798d27270e,30579,a-natale-alberto-stara-in-famiglia-lontano-da-noi,2004-12-14T00:00:00,2004-12-14T16:42:17,OK
8a0b5455-9f1d-427a-8d30-0b7c57630c03,2053,un-caso-di-coscienza,1983-09-01T00:00:00,1983-09-01T14:44:33,OK
89ec29c9-488e-411a-a3bf-ad4bb0a952d4,42830,we-have-a-dream-cinque-storie-di-fragilita-ricche-di-speranza,2023-12-19T00:00:00,2023-12-19T17:48:22,OK
8a91b516-0cc2-4d76-9fa9-7b5239fab921,42129,in-favore-della-cura-di-pazienti-non-collaboranti,2023-10-12T00:00:00,2023-10-12T11:26:28,OK
8a95de0d-4a05-43c2-9fd6-798e75ef4a0e,11535,sordo-cecita-conoscere-per-prevenire,1997-06-12T00:00:00,1997-06-12T08:55:54,OK
8a2f71aa-cf91-422d-8b25-03b9a71a68df,7734,scendi-ancora-un-po,1990-09-26T00:00:00,1990-09-26T10:59:00,OK
897e6a6d-95ce-433a-be62-83c7050e071f,35851,gaia-puccio-emanuela-e-molti-altri,2011-03-04T00:00:00,2011-03-04T18:50:14,OK
8a9a4b65-6492-40b5-9e68-300592884c5c,23854,la-vita-di-daniele-interviste-dopo-la-lettura-del-libro-chi-sarei-se-potessi-essere,2002-03-09T00:00:00,2002-03-09T11:32:33,OK
8a86b342-5dd6-4f5a-8eb7-e713d7884765,17771,mai-da-soli,2020-04-24T00:00:00,2020-04-24T00:31:50,OK
8966e48f-7442-4d7c-a81f-01a51fa2f1a6,44567,preparazione-al-pellegrinaggio-fede-e-luce-ad-assisi-1978,1978-06-20T00:00:00,1978-06-20T09:30:34,OK
89c8d840-8349-43ee-b8ee-49d9cb09089d,22856,vangelo-immaginazione-e-intelligenza,2020-11-12T00:00:00,2020-11-12T10:50:24,OK
89e7d87d-8bc1-4744-9037-40659a14c8c0,42070,una-specie-di-erasmus-con-fede-e-luce,2023-10-11T00:00:00,2023-10-11T12:18:01,OK
8791a3ce-b4e7-4613-be8b-0ee78e0be1f2,34568,vita-tra-fratelli,2009-12-10T00:00:00,2009-12-10T13:08:06,OK
88e96a7f-ea9a-4946-845c-b4cef542a4f2,39729,abbiamo-un-cuore-inclusivo,2017-03-16T00:00:00,2017-03-16T11:59:14,OK
88a12211-2294-40af-ac08-ee9f3a4d25a7,45214,porte-aperte,2024-08-26T00:00:00,2024-08-26T17:27:30,OK
8843b92b-8d62-4d77-bfc9-c6d8ef28ef72,15767777,padel-for-autism-a-game-where-everyone-wins,2025-07-23T00:00:00,2025-07-23T14:45:33,OK
89779148-a840-4894-9b34-7a0b703c8191,21313,le-nostre-gambe-newsletter-estiva-n-22,2020-08-21T00:00:00,2020-08-21T05:23:04,OK
8b133595-44d9-4e1e-af74-c777458c46a1,9848,il-festival-del-cinema-nuovo-dedicato-agli-attori-con-disabilita,2018-09-27T00:00:00,2018-09-27T13:16:01,OK
8bbd98d2-f81a-4616-9388-cd6659e55870,38359,dalle-province-n-127,2014-09-29T00:00:00,2014-09-29T09:10:49,OK
8e92b2b3-a5e8-4674-b72a-2a4e925470e3,48061,claudio-lavanda,2025-02-26T00:00:00,2025-02-26T11:56:42,OK
8bf22541-a7ac-4285-b1e9-95f9137988d4,22195,recensione-topside,2020-11-09T00:00:00,2020-11-09T05:50:43,OK
8c85266f-4d78-4df4-8118-56c957a87f99,40060,legge-sul-dopo-di-noi-issiamo-le-vele,2017-12-21T00:00:00,2017-12-21T09:40:33,OK
8c862c01-fc08-4af0-8d3e-54330629cc01,38941,cosa-e-fede-e-luce,2015-03-19T00:00:00,2015-03-19T12:40:53,OK
8c76e31c-82e8-437d-bf95-1b9bbd1366ea,7944,io-sono-una-come-voi-una-mamma,1990-12-27T00:00:00,1990-12-27T08:51:10,OK
8b098758-906d-4619-a74a-2cb45a3e824a,11446,il-libro-di-alice,1997-03-25T00:00:00,1997-03-25T11:03:18,OK
8e183947-72ff-49f2-ba1c-f8376fc0006e,44667,per-la-loro-educazione-visita-allistituto-statale-romagnolo-per-non-vedenti,1978-09-16T00:00:00,1978-09-16T09:30:34,OK
8bd7497b-ffed-4f88-af16-15f311cbd085,26522,atypical-stagione-4,2021-07-14T00:00:00,2021-07-14T16:26:09,OK
8b49cad4-94d8-474c-89fd-d7c94544f97d,44116,quarantanni-di-ombre-e-luci,2024-05-09T00:00:00,2024-05-09T08:32:45,OK
8b3d635a-f1c4-42ac-93ac-67861eeab060,41058,campi-di-giochi,2023-01-18T00:00:00,2023-01-18T08:20:21,OK
8c94d411-2425-403e-9b12-c2514f78d615,25424,semaforo-rosso,2002-09-01T00:00:00,2002-09-01T12:38:02,OK
8b69dcb3-c762-4d01-8b6a-ed527eb5d99d,29491,chi-risponde-alle-domande,2020-01-17T00:00:00,2020-01-17T11:01:36,OK
8c508cb2-c33c-46ce-9975-d722272ae688,9825,a-cena-in-famiglia,1994-12-19T00:00:00,1994-12-19T10:32:57,OK
8b18ccb3-700c-4578-bccc-2d7458dcbff3,31459,come-in-trasparenza-diario-di-un-malato-di-parkinson-recensione,2006-03-30T00:00:00,2006-03-30T09:44:49,OK
8ccd140e-19d7-43a2-9dd3-1913d4b91e17,44734,ci-hanno-scritto-n-19,1978-12-25T00:00:00,1978-12-25T09:30:34,OK
8bf5cfce-9ca0-4069-a8e1-4f12f5951452,44824,arriva-il-primo-avatar-che-parla-la-lis-e-capisce-le-emergenze,2024-07-10T00:00:00,2024-07-10T11:25:51,OK
8b86fa89-e832-496d-b44c-6017ba1d3dd5,12589,i-nostri-grandi-amici-san-giuseppe-da-copertino,1999-06-16T00:00:00,1999-06-16T13:15:00,OK
8b8ca43a-cb74-4018-877e-bb810249f27f,15000,boston-chicago-arca,2020-02-04T00:00:00,2020-02-04T14:35:26,OK
8c93f90f-13cc-4b64-a216-b1d5ed15019b,8719,roberta,1992-06-06T00:00:00,1992-06-06T11:53:11,OK
8df9fe32-86df-49e4-9c48-dd8680c0c9f0,9626,il-giocare-del-bambino-autistico,1994-06-18T00:00:00,1994-06-18T10:29:34,OK
8e6d67c9-e95e-4abd-9ff8-1e9f41fec4f4,17953,la-rivincita-di-tommi,2000-09-28T00:00:00,2000-09-28T06:32:39,OK
8e739a04-3283-49e9-9e74-80838780deba,8328,cose-un-handicap-non-lo-so,1987-03-21T00:00:00,1987-03-21T13:45:48,OK
8ad0f45d-96ef-4469-8dff-41bc06c99a6d,12576,la-mamma-e-il-teologo,1999-06-16T00:00:00,1999-06-16T12:59:13,OK
8e45bb0b-d8c0-423d-bd45-c8e70f1f8a96,30985,giovanni-paolo-il-e-le-persone-disabili,2005-06-17T00:00:00,2005-06-17T16:06:34,OK
8def42d4-4702-492e-a031-e3cac710eb16,26217,sono-tornata-al-mare,2021-07-06T00:00:00,2021-07-06T08:32:31,OK
8dabc561-d981-45bf-979a-39af877da896,11120,dondolando-tra-lamore-e-lodio,1996-12-15T00:00:00,1996-12-15T16:32:10,OK
8ac02f52-63cc-4bef-8905-2718cdf9341f,2363,psicosi-infantile-alcuni-consigli-utili,1984-06-29T00:00:00,1984-06-29T13:18:20,OK
8dfb26c8-158e-448d-bdac-f8ed0915335b,30220,non-cercare-il-sale-nella-minestra,2004-06-11T00:00:00,2004-06-11T17:19:49,OK
8cdf486d-b314-4b65-8361-2774b14e09a9,30162,storia-dellaborto-i-molti-protagonisti-e-interessi-di-una-lunga-vicenda-recensione,2004-06-11T00:00:00,2004-06-11T16:28:56,OK
8c1d257d-d2ba-4f0b-b813-f3c3d4e3347e,26949,uscire-dal-guscio-un-laboratorio-speciale,2003-09-03T00:00:00,2003-09-03T18:48:29,OK
8debfd45-34b2-4c2a-90be-e75a142f0a07,10883,catechesi-anche-per-le-persone-autistiche,1996-09-27T00:00:00,1996-09-27T08:34:33,OK
8d84b62a-caa8-4850-8a44-de663fb43f4f,30422,le-chiavi-di-casa-film,2004-09-13T00:00:00,2004-09-13T17:51:05,OK
8d47917b-ec01-4959-977d-9e6f45ee00b0,41912,la-luce-simbolo-del-pellegrinaggio-di-roma-1975,1975-07-03T00:00:00,1975-07-03T13:00:34,OK
8cf1c49e-ed7b-4b86-9d0c-1f1717d9df8a,25378,dio-mi-ama-cosi-come-sono-recensione-libro,2002-09-01T00:00:00,2002-09-01T11:04:27,OK
8b490635-5faa-4f21-8f5d-1992a6fff3ec,28554,quel-riserbo-che-ha-conquistato-mio-figlio,2022-06-06T00:00:00,2022-06-06T09:10:38,OK
8e2c4c18-2cfd-4d17-9105-9d715b785738,40070,dopo-di-noi-i-diritti-che-ci-sono,2017-12-21T00:00:00,2017-12-21T09:59:33,OK
8da656cf-29c3-4375-8a20-601cc99b2612,28060,jerome-lejeune,2022-03-23T00:00:00,2022-03-23T08:17:22,OK
8c264f10-c2fd-4502-b00f-eada47da43b3,34790,lo-sapevate-che-2,2010-06-17T00:00:00,2010-06-17T11:01:14,OK
8c9be935-f5f3-4c5b-becd-b90c8f7f067a,30929,lavoro-e-disabilita-la-cooperativa-controvento,2005-06-17T00:00:00,2005-06-17T15:13:59,OK
8caa4fe6-b622-4a4c-8dfd-ffe7f8754c3e,11565,lourdes-miracolo-di-un-incontro,2014-12-15T00:00:00,2014-12-15T12:01:35,OK
8e731cf6-d082-4d87-96fe-9550ad8ee539,34789,cortocircuito-recensione,2010-06-17T00:00:00,2010-06-17T11:01:14,OK
8dfc6b9e-4939-4ede-99f8-359efe100f58,32495,ho-12-anni-faccio-la-cubista-mi-chiamano-principessa-storie-di-bulli-lolite-e-altri-bimbi,2007-06-03T00:00:00,2007-06-03T15:06:05,OK
8c63ca19-7279-4584-a2fb-ef22e329e8c7,12591,la-preghiera-con-maria-teresa,1999-06-16T00:00:00,1999-06-16T13:23:45,OK
8c5916e7-2caa-42b0-bc10-4079a4f2b5f6,39963,segni-efficaci,2017-09-06T00:00:00,2017-09-06T09:55:44,OK
8cacb601-e987-4ebd-a1f3-f8449cc8c1b3,11636,figli-di-un-dio-minore-recensione,1997-09-19T00:00:00,1997-09-19T16:07:33,OK
8d375b94-f6b9-4534-ab88-34f6307f365a,21119,lincontro-a-villa-pacis,1975-02-07T00:00:00,1975-02-07T09:37:15,OK
8b845c55-a37e-4ba0-9ee4-5064da3055ed,26442,i-fratelli-e-le-sorelle-di-ragazzi-con-disabilita-che-pensano-che-provano,2003-03-13T00:00:00,2003-03-13T16:33:20,OK
8ac19c56-b5a0-4422-9475-29e94a2291c0,34459,sotto-lombrellone,2009-06-10T00:00:00,2009-06-10T10:39:11,OK
9045d12a-484c-40ea-87ca-a2ce1fa97390,34487,dialogo-aperto-n-106,2009-06-10T00:00:00,2009-06-10T11:07:47,OK
90a9d198-78bd-44ee-9e3a-68043587eeb9,38971,la-paura-di-amare-recensione,2015-03-19T00:00:00,2015-03-19T09:40:53,OK
8f729b6c-ba37-4c70-b0ad-188367e3e775,38619,sollecitare-la-speranza,2014-12-15T00:00:00,2014-12-15T11:02:23,OK
93516f5d-fd6f-4296-931a-3d862c78fe50,26049,quello-che-non-uccide-recensione,2021-09-07T00:00:00,2021-09-07T07:44:07,OK
8f4a95af-fdf3-4b02-8ea6-b4ef1c513648,30568,una-bambina-da-incontrare,2004-12-14T00:00:00,2004-12-14T16:35:08,OK
90f520aa-d162-48e9-af7f-c3d2b07a1dbd,19093,si-legge-tutto-dun-fiato-recensione-del-libro-blessings-di-mary-craig,2000-10-26T00:00:00,2000-10-26T09:01:12,OK
8fed3958-b3ba-4588-88c4-d32293656f74,38611,il-mio-primo-caffe-con-mariangela,2014-12-15T00:00:00,2014-12-15T10:02:23,OK
8f24754a-c0f4-485c-9354-eeb42d6c614c,7770,un-matrimonio-diverso,1990-09-26T00:00:00,1990-09-26T11:49:56,OK
929b7a23-7008-4eeb-ad2e-8c18ca9fd822,9101,nonostante-lhandicap,1993-06-21T00:00:00,1993-06-21T08:10:44,OK
9016f0eb-fb01-484b-b21c-34b984236862,31442,dialogo-aperto-n-93,2006-03-30T00:00:00,2006-03-30T09:25:09,OK
8ecd10e3-01c2-44cd-a973-00282351c6a9,5407,e-una-offerta-unica,1986-06-24T00:00:00,1986-06-24T11:22:18,OK
9307c42b-946d-42c9-a239-b39160e7f0a6,26719,e-adesso-viene-il-bello-newsletter-estiva-n-35,2021-08-14T00:00:00,2021-08-14T00:16:14,OK
913758d5-b93b-43bf-926d-5b2bc6bd3048,5610,la-fortuna-di-avere-daniela-lettera-di-una-mamma,1986-09-29T00:00:00,1986-09-29T14:20:47,OK
8ebe40db-3470-4fbb-9a10-68e4cb7286aa,32146,il-bambinello-di-marija,2006-12-28T00:00:00,2006-12-28T09:02:28,OK
8ff6ce1b-18e3-4ed6-b6ae-cb54941fdcc6,32137,se-avessi-ascoltato-la-mia-disperazione,2006-09-27T00:00:00,2006-09-27T15:33:06,OK
903c08fc-4e35-45fe-84db-6fc01b375285,8312,teresa-una-storia-di-lavoro-integrato,1987-03-21T00:00:00,1987-03-21T13:25:48,OK
929d7193-2668-494e-9a6e-13289b625894,9126,io-ho-pulito-il-tavolo,1993-06-21T00:00:00,1993-06-21T09:53:31,OK
9261158f-ec0c-4373-86c2-f7ec184eb23f,9384,proviamo-unaltra-volta-proviamo-unaltra-strada-sesso-e-affetto,1993-12-23T00:00:00,1993-12-23T09:13:33,OK
9136175b-7c39-4897-8944-984fefc22a7a,24246,viaggio-italia-recensione,2021-03-02T00:00:00,2021-03-02T09:26:37,OK
90be02e5-955c-4092-ae80-55e8e4e3dd0a,32709,la-figlia-del-silenzio-recensione,2007-09-09T00:00:00,2007-09-09T15:09:04,OK
91425b78-d042-4b9f-9a7e-dfaf929769c6,22836,recensione-il-coraggio-di-essere-uguali,2020-11-11T00:00:00,2020-11-11T09:10:52,OK
902b511d-ed8e-40d4-88bd-403c6afa2360,39515,un-oro-al-giorno,2016-09-16T00:00:00,2016-09-16T14:10:14,OK
91a16735-afba-41d1-af2e-0b6720fd390e,15443,il-piccolo-adolph-non-aveva-le-ciglia,2019-12-22T00:00:00,2019-12-22T14:26:46,OK
8f6993d9-c794-4bee-82ba-03df5a567163,41984,sono-tornato-stasera,1974-12-28T00:00:00,1974-12-28T20:38:08,OK
8f8eca9f-c061-4679-a30e-217e5c2c6543,48298,dio-ci-ama-tutti-incondizionatamente,2025-05-09T00:00:00,2025-05-09T15:52:20,OK
92b654cc-b8f6-4695-ba26-143b2c0f2967,31816,dialogo-aperto-n-94,2006-06-21T00:00:00,2006-06-21T08:18:56,OK
927c26be-9da0-43c4-b100-65bb05629730,21754,la-bimba-delle-lumache-recensione-libro,2001-12-25T00:00:00,2001-12-25T11:12:35,OK
91f710e3-73be-4276-a6c2-e220b3b0dbcf,28416,grido-di-pace,2022-05-09T00:00:00,2022-05-09T10:08:36,OK
8f73f81b-c7a8-4118-9f14-35ade0b0843b,45006,un-bravo-lavoratore,2024-08-16T00:00:00,2024-08-16T12:13:54,OK
9195fd5e-2e39-4c57-abcf-b5be9a89da69,43561,ho-tante-cose-nuove,2024-02-19T00:00:00,2024-02-19T17:48:54,OK
9125a582-b25a-4274-8136-41e98ba3b2b7,28854,serve-davvero-pregare-per-la-pace,2022-07-14T00:00:00,2022-07-14T21:49:20,OK
8f4260c8-7194-4bfe-aef9-649156067392,18807,le-eta-della-vita-per-molti-ma-non-per-tutti,2020-06-03T00:00:00,2020-06-03T15:16:10,OK
8f832d05-998e-43a8-91a5-c85cd0ac4dfb,40984,fuori-fuoco-recensione,2023-08-17T00:00:00,2023-08-17T11:59:28,OK
92e6c3be-4f5c-43e1-afb6-a75dc311ae46,9717,catechesi-disabilita-confessione,1994-09-02T00:00:00,1994-09-02T12:29:52,OK
8f5ec9a6-2686-44f7-a2f5-6e3b26495fe1,26663,la-nostra-casa-baskin,2017-09-06T00:00:00,2017-09-06T16:00:52,OK
91501a55-3261-4afd-846e-31b6ac82bfbe,6894,aiutami-a-giocare,1989-03-20T00:00:00,1989-03-20T13:45:32,OK
9117a160-6247-40f5-95eb-67d49519f498,31287,la-lotta-del-padre-cittadino-per-far-vivere-meglio-i-nostri-figli-disabili,2005-12-23T00:00:00,2005-12-23T14:39:53,OK
90a7df80-13bb-4b0b-afaf-8238f4279a3f,32075,vita-fede-e-luce-hola-madrid,2006-09-27T00:00:00,2006-09-27T15:02:27,OK
92418e84-baa7-4b1d-ba35-bc7cf72b201d,46932,cosa-e-e-come-funziona-una-comunita-fede-e-luce,1981-12-20T00:00:00,1981-12-20T12:50:34,OK
930e27d2-7450-45d0-8f46-7d52f0657c87,26428,alla-fine-medaglie-per-tutti,2003-03-13T00:00:00,2003-03-13T16:23:23,OK
8fdb572c-31a2-466d-b8c7-26eed5b22e2c,9807,cooperativa-il-trattore,1994-12-19T00:00:00,1994-12-19T09:43:16,OK
9350dfb2-5990-493a-b39c-12a18047c0e7,24075,fare-rete-con-la-rete,2021-03-11T00:00:00,2021-03-11T11:45:50,OK
8eb9ea79-38d7-4e9e-836e-fabc5ed9d8ad,4803,natale-russia,2013-12-14T00:00:00,2013-12-14T11:18:30,OK
922b00ae-57f7-49a4-9c7a-9164bc21574d,10973,regione-liguria-via-libera-a-progetti-per-disabilita-e-anziani,2019-01-11T00:00:00,2019-01-11T12:31:03,OK
8f4b037e-45a2-48c2-b1f9-7546b12eb2e2,12817,a-tavolaaaa,1999-06-11T00:00:00,1999-06-11T18:29:26,OK
91df13d8-9791-4880-9f6d-871a62e0c3a3,43520,andare-dal-dentista,2024-02-19T00:00:00,2024-02-19T11:13:28,OK
90524970-f60f-4c3f-b438-7d5f14f4e857,44400,editoriale-le-nostre-paure,1978-03-10T00:00:00,1978-03-10T09:00:34,OK
934ce229-b12e-49a7-9234-a4eb7b4eba89,8229,lavorare-con-gli-altri,1991-06-21T00:00:00,1991-06-21T11:05:55,OK
906bbacd-cf41-4e9a-883a-4c7325168afa,42352,nella-mia-parrocchia-non-sono-piu-accolta,2023-11-12T00:00:00,2023-11-12T10:36:48,OK
8ee6eb07-8860-4243-8c54-8a0571809a74,44546,una-pizza-un-caffe,2024-07-09T00:00:00,2024-07-09T13:39:45,OK
9373bd0d-f9f8-4ae5-be7e-25360da8149e,33959,presenza-reale,2008-12-07T00:00:00,2008-12-07T19:29:53,OK
936598df-e04e-4b3a-a60d-59a3337963c3,39040,luoghi-della-relazione,2015-03-19T00:00:00,2015-03-19T12:30:53,OK
93ee9628-33af-469c-855f-850f31ddfc13,33190,tra-il-dire-e-il-fare-non-ce-piu-il-mare,2007-12-12T00:00:00,2007-12-12T17:23:03,OK
960f2461-4c15-4ee2-8f92-1313ef633cdd,43041,kripton-un-film-per-ribaltare-linvisibilita-dei-disturbi-mentali,2024-01-17T00:00:00,2024-01-17T12:18:36,OK
937ccedb-7536-4ad9-95ab-187885d06b22,38295,sulla-sua-strada,2014-06-29T00:00:00,2014-06-29T12:50:35,OK
93672432-e508-4055-932e-73a0e7cc1ce7,9498,sofia-cavalletti-strumento-tra-i-bambini-e-dio,2018-06-30T00:00:00,2018-06-30T07:00:46,OK
93efd86f-48ed-451f-b5ac-5171a2f22ccf,33184,sbagliando-sinventa,2007-12-12T00:00:00,2007-12-12T17:13:46,OK
94be75f6-3682-40ed-8512-b7b85e95391f,47440,lora-di-greco-recensione,2025-02-12T00:00:00,2025-02-12T13:45:12,OK
94b7e70b-7b4e-4bad-b3fd-633437358c8e,5779,quando-arrivano-fatti-coraggio,1986-12-26T00:00:00,1986-12-26T12:17:48,OK
94c83822-b7de-422d-b0b5-b32ce0b19aca,19185,perche-non-ci-capiamo,2000-10-26T00:00:00,2000-10-26T13:40:24,OK
9572cd98-8080-4bae-b6b8-c9e2f151282c,47453,come-me-anche-la-sposa-era-vestita-di-bianco,2025-02-12T00:00:00,2025-02-12T14:24:39,OK
9398c7db-c8b1-41c0-a6ad-035096e8fd0e,10818,un-bambino-speciale-in-famiglia,1996-09-21T00:00:00,1996-09-21T12:15:30,OK
96a0d311-fb0f-4397-b299-00af88ac17e1,37515,una-comunita-e-essere-insieme,2013-03-10T00:00:00,2013-03-10T15:30:04,OK
9648ac06-3bca-470e-89a1-b0d01d02bc8a,40507,storia-di-unamicizia,2018-11-03T00:00:00,2018-11-03T11:15:34,OK
9396bc9b-81e9-435e-8cd3-cc5c026e02a1,44957,la-vittoria-di-marie,2024-08-16T00:00:00,2024-08-16T09:48:50,OK
9459c0be-fee6-4a5e-9b06-19549f6a1ead,45296,lamore-non-basta,1979-06-16T00:00:00,1979-06-16T20:30:34,OK
93d081f7-c691-4095-a86d-6ea19a0828d5,6337,basta-poco-non-farci-sentire-soli,1987-12-31T00:00:00,1987-12-31T09:13:56,OK
965f9683-e47e-41d5-a223-6040df70e7e4,37414,mai-piu-soli,2012-12-10T00:00:00,2012-12-10T15:46:04,OK
93d0016b-a2b4-4bcf-9f59-1f278ea2b396,11820,laiuto-spirituale-dei-nonni,1997-12-15T00:00:00,1997-12-15T17:51:08,OK
9372c093-e49f-47bf-9352-7cec3780a7d2,5057,la-sfida-dellarca,1985-09-27T00:00:00,1985-09-27T18:14:13,OK
966d482d-e162-4e8f-adcb-0e0d80abc199,38963,siblings-recensione,2015-03-19T00:00:00,2015-03-19T09:40:53,OK
9394a4bb-5d83-4356-b161-d270a4ea01fa,12121,la-scelta-di-alessandra,1998-03-04T00:00:00,1998-03-04T09:39:12,OK
947142e7-ef03-46e4-b9bb-21d06422fe8b,1637,dialogo-aperto-n-1,1983-03-01T00:00:00,1983-03-01T03:42:32,OK
9482d2fe-0c8a-4f83-a2ed-8e6c4b874d35,34764,il-valore-dellintegrazione-in-the-blind-side,2023-03-20T00:00:00,2023-03-20T08:20:54,OK
93b88278-f473-43dd-83ef-ea147b64ef00,42159,festa-del-cinema-roma-2023,2023-10-18T00:00:00,2023-10-18T11:09:51,OK
93760bde-3cf8-405e-83aa-a5076f723aa1,12768,vita-fede-e-luce-n-66,1999-06-11T00:00:00,1999-06-11T16:55:29,OK
9370f693-87f8-4f58-86cb-21fb19d29958,32258,alzheimer-il-passato-perduto-per-sempre,2006-12-28T00:00:00,2006-12-28T08:42:58,OK
93b899d7-7bb4-4fa8-96ee-260ee2463875,13171,chi-cura-le-anime,2019-10-17T00:00:00,2019-10-17T08:28:54,OK
964b2bda-4ee1-4b04-8d47-4c571aa152d1,45791,trovai-lavoro-in-una-casa-farmaceutica,1979-12-16T00:00:00,1979-12-16T18:30:34,OK
95cb39f4-cd36-4310-ad21-4a8504545e6e,36032,posso-vivere-lssenziale-che-non-e-fare-per-ma-vivere-con-le-persone-piu-fragili,2011-09-04T00:00:00,2011-09-04T19:52:14,OK
949f3303-99f4-4e9b-a392-ea6ec8ae151d,15767721,scintilla-bellissima,2025-07-23T00:00:00,2025-07-23T14:45:33,OK
94934d6a-76d8-46ba-9b3f-f33dddc9aceb,11830,non-voleva-bene-a-sofia,1997-12-15T00:00:00,1997-12-15T18:03:49,OK
95d13d63-28f1-4ee6-b827-85c4a74d4c98,38584,quel-gesto,2014-12-15T00:00:00,2014-12-15T09:30:23,OK
93bdd203-ba07-42b0-bfed-0d3c7ff22906,28345,sulla-croce-come-gesu,2022-04-11T00:00:00,2022-04-11T11:06:56,OK
94dcf0ea-9eb5-47b1-9af5-a159c890589b,7052,conoscere-handicap-autismo,1989-06-16T00:00:00,1989-06-16T13:51:35,OK
962b5077-47e8-4e75-a31b-290c555ffddf,36456,falsi-moralismi-sul-bello-di-essere-down,2012-09-16T00:00:00,2012-09-16T11:10:09,OK
957b6045-de80-417b-b9a8-45f74c16d671,36116,il-tempo-delle-donne-recensione,2011-12-04T00:00:00,2011-12-04T09:21:14,OK
969e52c2-89c9-4625-bb90-6a137043d4bb,15768324,disney-my-way-a-summer-camp-full-of-joy-and-friendship,2025-10-28T00:00:00,2025-10-28T12:09:57,OK
94ef5b2d-7b6a-4f31-b2e3-b3807c7e6bde,8207,sergio-e-un-buon-giardiniere,1991-06-21T00:00:00,1991-06-21T10:42:50,OK
95e18728-6bbc-4842-86bf-34f2f1e6aec5,31807,la-luna-nuova-di-casa-betania,2006-06-21T00:00:00,2006-06-21T08:36:55,OK
94c04912-a6b5-495d-86cc-912fabd1a933,38394,ridere-e-una-cosa-seria,2014-09-29T00:00:00,2014-09-29T09:50:49,OK
95f095dc-0f23-405b-ac8a-2da4c4f1198c,8398,altalena-giardini-montanelli-papa,2018-05-23T00:00:00,2018-05-23T08:54:13,OK
959e7216-27f8-4688-a67f-664335e06921,8796,dialogo-aperto-n-39,1992-09-07T00:00:00,1992-09-07T15:39:58,OK
945f3bc9-3b04-40f5-a180-5b87e8b71747,31034,e-molto-piu-bello-fare-il-volontario-che-il-presidente,2005-09-19T00:00:00,2005-09-19T13:58:39,OK
95d36d18-ced8-4539-9f1d-d764f1958282,1446,con-tanta-voglia-di-fare,2015-09-22T00:00:00,2015-09-22T09:32:18,OK
968537f4-5563-49a8-8e5d-eca13956e4d5,35334,visto-da-vicino,2010-09-30T00:00:00,2010-09-30T16:02:59,OK
95d10373-14dc-4149-bc9f-f7b78401d146,15768513,nutrire-sogni,2025-11-01T00:00:00,2025-11-01T14:11:11,OK
95f357f4-93a1-46d8-ba76-a8ec76dcf309,39646,qualcosa-e-cambiato,2016-12-16T00:00:00,2016-12-16T12:15:14,OK
96418c1f-7b59-4dae-a690-4aa106174a58,2398,quando-e-volontariato,1984-09-30T00:00:00,1984-09-30T10:52:47,OK
95559245-ba98-4e5d-8bda-dcc733501b58,76,difficolta-loro-o-nostra,1983-03-21T00:00:00,1983-03-21T11:24:03,OK
98c296b2-9017-403a-a556-7ab8a2624300,15768578,lucio-che-non-ha-mai-fretta-e-lutilita-degli-sgabelli,2025-11-01T00:00:00,2025-11-01T18:49:38,OK
976b4bf4-b06d-4288-a5a5-78aca957b4db,45853,zia-giuliana-il-carrellino-della-nonna-e-le-mie-domande,2024-11-26T00:00:00,2024-11-26T16:22:19,OK
9a6603e8-2262-4fe4-ae10-1443f3dfc3ee,31775,la-rivoluzione-del-coltello,2022-10-17T00:00:00,2022-10-17T10:06:04,OK
96d8a8e8-a178-4eb4-80ce-a3ef35ce0435,17717,quando-la-natura-da-rivivere,2000-06-20T00:00:00,2000-06-20T16:43:32,OK
986d8424-47e7-49fc-af84-f23e5016dbb9,48347,storie-che-ci-vengono-affidate,2025-05-14T00:00:00,2025-05-14T11:06:42,OK
9b298d12-551d-4be9-af5b-57fb0b810eff,38071,wonder-recensione,2013-12-14T00:00:00,2013-12-14T12:15:00,OK
991c2350-b911-4e41-92c5-efb21309189c,27637,di-compleanni-e-di-greenpass,2021-12-21T00:00:00,2021-12-21T14:40:04,OK
96dba73e-ee2b-4629-ad23-f2e2ccb229dd,3347,connessi-per-davvero,2017-09-06T00:00:00,2017-09-06T16:28:44,OK
97f06192-00a8-4194-8e53-044dafc00247,5061,la-sfida-dellarca-recensione,1985-09-26T00:00:00,1985-09-26T18:22:05,OK
96b0e56d-89df-4e13-9267-796c409cb750,9552,val-la-pena-di-vivere,1994-03-16T00:00:00,1994-03-16T13:14:15,OK
9b0a1203-8008-4024-8604-9214d29089c1,30876,alla-mia-bambina,2005-06-17T00:00:00,2005-06-17T14:18:25,OK
96bd57ac-4550-4282-8200-700977f8f0e5,34474,piccoli-passi-in-sicurezza,2009-06-10T00:00:00,2009-06-10T10:48:05,OK
979071db-58b1-41a2-830b-345794166e43,6144,dialogo-aperto-n-19,1987-09-20T00:00:00,1987-09-20T11:57:28,OK
9795608f-ab3d-4ee0-a59d-40ea96c29306,28661,tutti-portano-tutti-ricevono,2022-06-22T00:00:00,2022-06-22T09:11:04,OK
96e2631b-6bf1-4520-a0de-ddca64afe6fe,5892,ombre-luci-n-17-1987-sfogliabile,1987-03-30T00:00:00,1987-03-30T22:08:43,OK
9831273d-35e8-4995-a657-81dd99d88f45,45152,chi-ben-comincia,2024-08-26T00:00:00,2024-08-26T11:47:42,OK
96ab302a-5a68-4490-8b2b-f3bee7a29bb8,26386,irene-laura-gabriele-unesperienza-che-fa-crescere,2003-03-13T00:00:00,2003-03-13T15:57:54,OK
9933fbce-bfb6-44fd-82fd-2d518a93063c,32883,ne-lui-ne-i-suoi-genitori,2007-12-10T00:00:00,2007-12-10T18:18:26,OK
98292efb-8475-4acc-87ed-5d9859509d71,16184,il-corpo-dellamore,2020-02-06T00:00:00,2020-02-06T15:18:20,OK
9af391ae-808b-4272-bdb8-18ba38759bb7,46525,il-loro-credo,1981-03-16T00:00:00,1981-03-16T18:40:34,OK
99c841b1-db59-4065-afa3-4f2f99e05c4f,6907,vita-fede-luce-n-25,1989-03-20T00:00:00,1989-03-20T14:08:47,OK
98f16a26-8ca6-492f-bb42-864449616c2c,11200,jesi-una-casa-per-incentivare-vita-autonoma-di-persone-disabili,2019-01-29T00:00:00,2019-01-29T14:28:46,OK
99d704bb-3bac-4ee0-8676-cca8fde21227,39586,il-libro-di-charlotte-recensione,2016-12-16T00:00:00,2016-12-16T09:00:14,OK
9b4c46eb-c00a-44e7-8831-4b32a50ee8df,39066,un-po-come-una-sirena,2023-06-13T00:00:00,2023-06-13T06:39:02,OK
99face4a-0fe0-4c8c-abc1-26baab0f51f6,15234,al-compleanno-di-papa-francesco,2020-01-08T00:00:00,2020-01-08T09:22:57,OK
970a6592-5470-4293-9a36-57627cc5350f,17691,cascina-rossago-un-bel-progetto-di-struttura-per-ragazzi-autistici,2000-06-20T00:00:00,2000-06-20T15:52:00,OK
99d9871c-7f72-4ac7-9238-7f478bfa21e1,22367,sto-invecchiando,2001-06-17T00:00:00,2001-06-17T16:56:13,OK
99ce1b26-a509-40cf-8093-4f5ffe6412c1,12204,cirano-insegna,1998-06-17T00:00:00,1998-06-17T09:10:37,OK
9af33e2f-7d4d-4604-b2e4-5115653ee0e0,36424,se-ti-abbraccio-non-aver-paura-recensione,2012-09-16T00:00:00,2012-09-16T10:58:09,OK
99291dc8-e5f7-4c43-9314-ddd83cc66cfb,6210,vita-fede-luce-19,1987-09-20T00:00:00,1987-09-20T13:12:59,OK
96f992aa-5000-4302-a932-a89fb403fedc,7367,bambini-autistici-scuola,1990-03-20T00:00:00,1990-03-20T10:37:51,OK
99af6351-e5d8-4244-8204-21c43be9ac23,10021,comunita-alloggio-la-torre,1995-06-02T00:00:00,1995-06-02T11:24:18,OK
97e1be87-8714-4a8b-b3a0-86d66d0d80d1,34033,si-puo-fare-da-vicino-nessuno-e-normale,2009-03-08T00:00:00,2009-03-08T17:22:42,OK
9a112234-783d-4b9f-855e-1700518d24d2,8697,giobbe-perche-dialogo-di-una-madre,1992-06-06T00:00:00,1992-06-06T11:19:47,OK
9ac411a2-684c-45c4-91bd-c626f9b00ea5,38856,tutti-insieme,2015-03-19T00:00:00,2015-03-19T11:00:08,OK
994f451b-4807-4563-8ae0-99eb1de0ebf3,11186,brescia-raccolta-fondi-per-i-progetti-sollievo,2019-01-24T00:00:00,2019-01-24T14:54:39,OK
9935324d-96d5-4b14-a928-10177e29dbbf,40948,far-luce-sulla-realta-delle-migrazioni,2023-08-16T00:00:00,2023-08-16T11:34:13,OK
994975e8-dfe9-4842-9df3-2bcddaecdc21,25267,storia-di-una-promessa-mantenuta,2019-01-27T00:00:00,2019-01-27T09:47:06,OK
971222a0-9517-4b78-be64-6e3de2f3f74b,23229,e-poi-arriva-il-natale-newsletter-n-27,2020-12-15T00:00:00,2020-12-15T00:05:11,OK
9abeb150-7dcf-4f8d-8a6d-eca9529c6c83,37906,dossier-scuola-e-disabilita,2013-09-13T00:00:00,2013-09-13T15:50:04,OK
97b2c8e2-f8d0-4353-a070-3ba13d03b8f9,5768,convento-una-seconda-famiglia-per-giampiero,1986-12-27T00:00:00,1986-12-27T11:41:26,OK
9a32872c-b2bd-4907-8d0d-02d2bd6bf679,32869,dedicato-alle-mamme-e-ai-papa,2007-12-10T00:00:00,2007-12-10T18:01:29,OK
97ab8f3f-fd7b-4807-8515-f8b3bb8068f9,26109,gli-amici-dei-bimbi-reparto-gesu-bambino-istituto-santeusebio-vercelli,1975-05-03T00:00:00,1975-05-03T12:20:19,OK
9814c0fa-9a35-4d51-b41a-d6d1949869f5,19781,microgiustizia,2001-03-09T00:00:00,2001-03-09T16:20:14,OK
9aa43016-32f3-4fea-8228-96c34a5dcf78,11025,fino-a-quando-la-mia-stella-brillera,2018-11-01T00:00:00,2018-11-01T16:53:54,OK
9802c9f0-417f-44f3-bfd6-a26ca8eee745,39157,dialogo-aperto-n-133,2016-03-25T00:00:00,2016-03-25T12:45:53,OK
98718a6b-19ae-4966-9323-47459720838b,22328,progetto-calamaio,2001-06-16T00:00:00,2001-06-16T14:57:04,OK
96c3550c-75ec-4f51-bfd5-1b62a76402c4,6387,che-cosa-e-larche,1987-12-28T00:00:00,1987-12-28T12:09:55,OK
9a2f372f-a692-4de8-8173-5fbf5732f7d2,15768666,il-grande-coraggio-di-edith-stein,2025-12-17T00:00:00,2025-12-17T11:31:04,OK
978f36d3-f991-4750-a21c-01fc4e423582,46694,lourdes-1981-venerdi-santo,1981-09-16T00:00:00,1981-09-16T18:09:34,OK
9bc1348f-2a23-47fd-a895-5d9792dcf992,13583,antigone,2019-11-03T00:00:00,2019-11-03T12:20:28,OK
9b69135f-f1fe-461b-a39e-006d884bf150,21336,estemporanea-e-personale,2020-09-02T00:00:00,2020-09-02T00:33:05,OK
9cfad386-e7e7-40f2-956b-5318b15237a8,13396,elezione-responsabile,2019-10-28T00:00:00,2019-10-28T17:11:25,OK
9c159b4c-3fbb-4f79-aca8-713eb707caae,5129,il-peso-degli-sguardi,1985-12-26T00:00:00,1985-12-26T11:57:37,OK
9cfc6f42-393b-4bc3-9e0c-1ad0584dad02,31302,un-figlio-a-sorpresa-la-scoperta-dei-suoi-doni,2005-12-23T00:00:00,2005-12-23T14:47:22,OK
9b791271-6a39-4318-af52-902b945b8e1f,38155,hotel-6-stelle,2014-03-29T00:00:00,2014-03-29T11:09:35,OK
9cc952f0-93ff-4a3f-831f-9f0648f78ede,46927,i-fratelli-e-le-sorelle-di-persone-con-disabilita,1981-12-20T00:00:00,1981-12-20T13:01:34,OK
9cb53c18-53b0-42e7-a211-867d6b76416f,30515,diversabilita-storie-e-dialoghi-nellanno-europeo-delle-persone-disabili-recensione,2004-12-14T00:00:00,2004-12-14T15:53:03,OK
9e6f6f8c-1d93-4309-8164-2bc5101ee8a8,37527,intervista-a-jean-vanier,2013-03-10T00:00:00,2013-03-10T15:45:04,OK
9eb418be-797d-4c03-be5d-d1fc82658687,10890,autismo-e-psicosi-infantile-negli-articoli-di-ombre-e-luci,1996-09-27T00:00:00,1996-09-27T08:38:04,OK
9c91101e-8ea3-45ee-9a0f-3978a481f94e,10615,lettere-sul-dolore-uno-sguardo-sul-mistero-della-sofferenza,1996-06-14T00:00:00,1996-06-14T16:38:59,OK
9c8ecf96-434e-498a-977a-418b7cf6ce5f,26735,vogliono-sposarsi-cosa-decidere,2003-06-23T00:00:00,2003-06-23T15:45:15,OK
9e43a67a-93df-42f0-a780-e5c8649071da,28831,modus-navigandi-recensione,2022-07-14T00:00:00,2022-07-14T21:07:00,OK
9b87b937-77b7-4074-981b-0acefbfc09fe,18638,la-varieta-in-cui-viviamo,2020-05-29T00:00:00,2020-05-29T05:41:08,OK
9c274fdc-af7c-454d-b782-b3e299d2b25a,31410,dopo-di-noi-insieme-a-noi-famiglie-e-servizi-nella-cura-dei-disabili-adulti,2006-03-30T00:00:00,2006-03-30T08:57:06,OK
9cbe74ad-b91b-46b2-9688-24522a87854e,44312,bando-di-concorso-per-auto-adesivo-del-pellegrinaggio,1977-12-02T00:00:00,1977-12-02T17:50:34,OK
9d83f981-4f91-477c-b352-504a003d2c39,7303,stephen-wiltshire,2018-04-04T00:00:00,2018-04-04T09:17:00,OK
9ce50113-453d-49f9-ba29-8095a71f8556,22355,non-ce-persona-piu-ricca-di-me-recensione-libro,2001-06-17T00:00:00,2001-06-17T16:43:43,OK
9c10ef97-995e-4b30-b0a8-3a6e3a6094c1,6730,leducazione-religiosa-degli-handicappati-mentali,1988-09-20T00:00:00,1988-09-20T14:39:29,OK
9bc6f78f-0cf4-4287-b352-1f5d287f6224,38058,parole-in-liberta-diario-semiserio-della-madre-di-un-disabile-recensione,2013-12-14T00:00:00,2013-12-14T12:15:00,OK
9ce6eaab-f075-4f0a-a1c7-e5a09d957d92,20581,quando-a-vincere-e-il-razzismo,2020-07-17T00:00:00,2020-07-17T09:06:48,OK
9e07e79e-918e-4735-be82-ee22720cf34b,12237,belli-tutti,2019-06-19T00:00:00,2019-06-19T09:58:40,OK
9d6ab57e-74f9-4be3-8ba9-69b4714e438c,15768292,27-notti-al-festival-di-san-sebastian-una-storia-di-liberta,2025-10-20T00:00:00,2025-10-20T10:20:58,OK
9eae9275-2524-41d2-a949-667f37b50e84,30347,grazie-per-questo-figlio-disabile,2004-06-13T00:00:00,2004-06-13T16:14:15,OK
9dd0a8c1-d594-4c33-93e6-614ebfc6a805,35724,larte-di-dimenticare-recensione,2011-03-04T00:00:00,2011-03-04T15:42:14,OK
9d749986-5d1c-41cb-a51f-11d9e0d88f89,43552,la-fragilita-alla-festa-del-cinema,2024-02-19T00:00:00,2024-02-19T12:40:52,OK
9bb1c957-f234-4656-926b-d1fd5c7a5901,38006,dialogo-aperto-n-124,2013-12-14T00:00:00,2013-12-14T13:10:00,OK
9cb624a2-fa36-4ea7-ac87-39c41b8cd3e5,25022,vacanza-tempo-per-riposarsi-rilassarsi-ritemprarsi-rifiorire,2002-06-15T00:00:00,2002-06-15T15:17:15,OK
9ec067f6-3988-4a01-904b-0892b44aded2,9843,vadoalmuseo2,2018-09-27T00:00:00,2018-09-27T10:53:00,OK
9ba43fb8-3254-4848-a1d0-c8736ac65cc5,41249,perche-il-mare-non-e-sempre-lo-stesso,2021-08-23T00:00:00,2021-08-23T10:03:26,OK
9e5bc10f-b6ce-4bc4-82a7-8067c239d3f1,2051,quando-il-dolore-bussa-forte,1983-09-01T00:00:00,1983-09-01T14:42:40,OK
9e169138-5042-40bd-be19-13ea1516d431,20917,carmela-e-quattordici-murali-per-cambiare-il-mondo,2020-08-19T00:00:00,2020-08-19T13:09:16,OK
9dfdb850-68c9-46fe-a928-cc2591019939,28800,per-sempre-altrove-recensione,2022-07-14T00:00:00,2022-07-14T11:23:17,OK
9dca7af3-10c9-4305-92df-faa94c0018ff,34239,scout-e-disabilita-un-ambiente-educativo-anche-per-maria,2009-09-10T00:00:00,2009-09-10T12:07:57,OK
9ea93962-b021-4110-b9fc-75a759be6358,21818,un-dono-di-poesia-il-regalo-delle-quattro-amiche-della-comunita-il-roveto,2001-12-25T00:00:00,2001-12-25T13:32:47,OK
9e79e056-9e7c-472b-bfbe-7a445c3f69a8,6205,danzero-per-te,1987-09-25T00:00:00,1987-09-25T13:08:33,OK
9bd25ed3-a458-4d5d-8ed5-a338e4f668b3,40472,tutti-possono-essere-santi,2018-11-03T00:00:00,2018-11-03T10:40:34,OK
9ca8ca1a-2319-419a-b0fd-7079ce34778e,22554,handy-cup,2001-09-27T00:00:00,2001-09-27T09:31:17,OK
9e63d447-f2e9-48d5-99e2-0a480cc3f3da,42526,guidare-alla-luce-catechesi-sensoriale-per-una-vita-spirituale-inclusiva,1976-05-20T00:00:00,1976-05-20T18:30:34,OK
9cce6c64-626a-4e7a-8cf6-024237057d46,38371,la-carrozzina-sulle-macerie,2014-09-29T00:00:00,2014-09-29T09:30:49,OK
9c3b5638-a6df-42a7-9652-713bf16cb262,7682,domande-e-risposte-su-fede-e-luce,1990-09-26T00:00:00,1990-09-26T08:28:24,OK
9da8cfcb-aeca-4f65-8dcc-8ed8679ccd62,45775,ci-hanno-scritto-n-23,1979-12-16T00:00:00,1979-12-16T18:50:34,OK
9bb2bb7c-66d9-4a38-8eed-0643dfe701b6,37304,carissimo-cardinale,2012-12-10T00:00:00,2012-12-10T15:08:04,OK
9d454645-2afb-4142-8aaf-7ae55391e882,5698,dialogo-aperto-n-15,1986-09-24T00:00:00,1986-09-24T14:11:26,OK
9e0d7834-62ba-4a3c-bc6c-d0048833d042,23099,quando-sono-diventata-dottore-di-ricerca,2020-12-03T00:00:00,2020-12-03T13:04:09,OK
9edace2d-8b68-4ddc-8719-562d7261c19d,34064,un-fratello-aiutato-da-un-fratello-e-come-una-citta-fortificata,2009-03-08T00:00:00,2009-03-08T17:36:04,OK
9c248e1d-f20c-42ae-a054-dad6cecc9209,10695,in-pizzeria,1996-06-14T00:00:00,1996-06-14T18:13:49,OK
9c962c25-47d1-4f19-80d0-fde0cf1c05fa,21858,la-lezione-di-un-clown-miloud-oukili,2001-12-25T00:00:00,2001-12-25T14:51:48,OK
9d27bea7-147a-4fbc-83d0-da0ea605c166,37505,bartimeo-uomo-solo-in-mezzo-alla-folla,2013-03-10T00:00:00,2013-03-10T15:25:04,OK
9be923c3-79f3-4c89-adfd-bf2bca39acbb,45374,il-ruolo-del-pediatra-nel-trattamento-del-bambino-handicappato,1979-06-16T00:00:00,1979-06-16T15:00:34,OK
a083ec67-f771-43b3-b609-bd9f21c068a0,26400,vengo-dopo-la-messa,2003-03-13T00:00:00,2003-03-13T16:10:52,OK
a113f080-add7-4de0-9222-9af5e0a85aae,44311,per-amore-di-anna-storia-vera-di-una-ragazza-autistica-recensione,1977-12-01T00:00:00,1977-12-01T18:50:34,OK
a016426b-af2d-4757-bb46-b5ad8085a6d0,20138,in-auto-io-papa-e-umberto-tozzi,2020-07-03T00:00:00,2020-07-03T00:14:42,OK
a27a4ec8-44f1-4041-87fe-b8980d1ae499,7046,non-sempre-facile-sorella,1989-06-25T00:00:00,1989-06-25T18:49:50,OK
9fbc2a18-1c32-4770-bb6b-aa15de57973c,41218,un-fiume-lungo-quanto-il-mediterraneo,2021-08-23T00:00:00,2021-08-23T07:23:45,OK
a1ebf771-ce56-4da8-94d8-640b2081fede,21223,buongustaio-dellarte,2020-08-18T00:00:00,2020-08-18T11:03:36,OK
a07e6f6b-ea0b-433a-9b4b-4182d061b189,38329,un-gettone-di-liberta-recensione,2014-09-29T00:00:00,2014-09-29T09:00:49,OK
9f1238dd-7bb2-4e58-8afe-9019745a80e5,13047,voglio-credere,1999-12-17T00:00:00,1999-12-17T22:31:41,OK
a0ad636c-2c7e-40e5-9341-aa2754461cf9,43113,alfedena-1976-esperienze-di-vita-comunitaria,1976-12-20T00:00:00,1976-12-20T10:50:34,OK
a010f3f7-6401-43bb-964b-f0b65d74a042,25306,un-anticipo-di-vecchiaia,2019-01-27T00:00:00,2019-01-27T14:05:00,OK
a241e9b6-2599-4522-9dff-540c5d992e66,35977,istantanea,2011-06-04T00:00:00,2011-06-04T19:45:14,OK
a230f9b9-39e5-4a12-a40f-8a0893edbe9a,46703,lourdes-1981-domenica-di-pasqua,1981-09-16T00:00:00,1981-09-16T17:40:34,OK
a0bedb41-544c-4b7d-9a37-09c6144e51de,36178,dialogo-aperto-n-116,2011-12-04T00:00:00,2011-12-04T10:13:14,OK
a0b96e26-edd5-4ad1-932d-214d650d5579,36240,fede-e-luce-in-iraq,2012-03-16T00:00:00,2012-03-16T09:50:58,OK
a1ff0ade-5fc9-4067-857e-2b2b5f6a6c0c,17624,la-citta-di-leonia,2000-06-20T00:00:00,2000-06-20T11:00:25,OK
9fb9ccfa-2fbd-4ef0-807c-3d87474c85c1,38514,relazioni-sincere,2014-12-15T00:00:00,2014-12-15T07:13:23,OK
a0615dc7-1dbb-40d9-b8fb-581c194d83ab,13130,la-curiosita-di-raccontare-il-mondo,2019-01-07T00:00:00,2019-01-07T12:09:07,OK
a276d078-c3b9-4d6f-b434-a855c1c3ca7d,31248,liniziazione-cristiana-alle-persone-disabili-orientamenti-e-proposte-recensione,2005-12-23T00:00:00,2005-12-23T10:20:35,OK
a06a5879-fc65-44e3-86fd-90526076cde8,23986,dialogo-aperto-n-77,2002-03-08T00:00:00,2002-03-08T18:00:21,OK
a1b9a6f6-92bf-44f1-8206-41b62d8cfcdb,6195,pedagogia-della-fede,1987-09-20T00:00:00,1987-09-20T13:02:46,OK
9f5457e7-2beb-49ba-be12-2b5b6e0dc833,37872,che-fanfara,2013-09-13T00:00:00,2013-09-13T15:30:04,OK
a1e4551b-a166-41c9-b97c-94dbd74e8892,8140,famiglie-diverse,1991-03-16T00:00:00,1991-03-16T11:29:21,OK
a210f23e-5138-4412-a719-49b95ba3b9bb,20188,larca-internazionale-annuncia-i-risultati-dellindagine-indipendente,2020-01-02T00:00:00,2020-01-02T10:42:47,OK
a087d056-f19e-476c-81f3-77b29aea80fe,9186,vita-fede-e-luce-n-43-seminario-sulla-catechesi-delle-persone-con-handicap,1993-09-02T00:00:00,1993-09-02T12:00:00,OK
9f9fed8a-3d3b-4a22-a558-29fc419cb158,30994,giovanni-paolo-ii-visto-da-vicino,2005-06-17T00:00:00,2005-06-17T16:11:39,OK
a0e13816-0d9d-423b-ba85-c9ea6d6b14f3,42508,dove-lo-prendo-tanto-amore,1976-05-20T00:00:00,1976-05-20T19:40:34,OK
a219304f-2490-408a-868e-410ca7606524,3988,pronta-a-riviverlo,2015-06-13T00:00:00,2015-06-13T12:19:48,OK
9f36e096-287c-467d-b635-29317eb7581a,36120,con-lidea-di-non-andare,2011-12-04T00:00:00,2011-12-04T09:22:14,OK
a0e7d16e-aa1a-4fe3-bec5-ec170156eaa5,15767583,beyond-labels-what-lies-beneath-adjectives,2021-07-30T00:00:00,2021-07-30T16:09:10,OK
9fe05d2a-2755-45d6-a20e-b12b51b5c504,38121,rico-oscar-e-il-ladro-ombra-recensione,2014-03-29T00:00:00,2014-03-29T11:06:35,OK
a1975166-5cda-4119-8eab-6be5512a7e50,46187,la-mia-vita,1980-06-16T00:00:00,1980-06-16T17:20:34,OK
a0d24e2b-e841-4d2e-acc5-d9d476a8c969,44060,strategie-urbane,2024-05-30T00:00:00,2024-05-30T07:58:00,OK
9f4cb590-0e40-412a-801e-10deddc0ab87,9072,lalfabeto-della-mia-vita,1993-06-20T00:00:00,1993-06-20T10:40:04,OK
9f8f056b-daf3-48c9-b1f4-54eee719a862,35910,doposcuola-al-campo-rom,2011-06-04T00:00:00,2011-06-04T17:40:14,OK
a17081e3-1677-4f2d-af22-96a5970a5e08,47308,verso-una-pace-duratura,2025-02-10T00:00:00,2025-02-10T12:05:29,OK
a1275143-2e6e-41e6-9123-2ef35a2b3bdf,35826,salve-sono-puccio,2011-03-04T00:00:00,2011-03-04T17:20:14,OK
a0d71c11-3fff-4900-bd8f-9d6f98915294,13938,speciale-cinema-e-disabilita,2019-11-16T00:00:00,2019-11-16T21:59:37,OK
a0983430-7fa7-44cd-9098-0a0dcc49ff3d,12845,le-pagnottelle-di-s-giuseppe,1999-06-12T00:00:00,1999-06-12T08:04:40,OK
9f5dd50c-cf7e-4a57-bf80-dd7e2f40a71a,32902,una-grande-famiglia,2007-12-10T00:00:00,2007-12-10T19:33:38,OK
9feaa42e-de28-4985-882f-af8bc7b811f8,7319,vita-fede-e-luce-n-29,1990-03-20T00:00:00,1990-03-20T10:39:18,OK
9fc4edb2-b7d2-4411-97d8-39b5ae751c3e,1442,la-felicita-e-imperfetta,2015-09-22T00:00:00,2015-09-22T09:19:57,OK
9f951677-89cb-4945-b59a-df5f8e8f65a4,46912,incontro-fra-genitori,1981-12-20T00:00:00,1981-12-20T13:35:34,OK
a02361fc-36d0-48cf-90a8-f6bb17dd7cc5,36061,tra-incontri-nel-riconoscimento-dellaltro-puoi-ritrovare-fiducia,2011-09-04T00:00:00,2011-09-04T20:08:14,OK
9ede0305-3edc-49d5-a14e-b1603df4e9c0,38947,la-ragnatela,2015-03-19T00:00:00,2015-03-19T10:40:53,OK
a18ce892-6d44-4318-ae58-ec02c85ead66,39117,qualche-raggio-di-sole-in-siria,2016-03-25T00:00:00,2016-03-25T10:10:53,OK
a018b4cf-3617-4e80-a027-d0dfeb8543ab,39824,trasformare-i-nostri-cuori,2017-06-28T00:00:00,2017-06-28T09:10:23,OK
a18471ba-d43c-4f63-ade7-753ab326d3a9,11604,comunita-tau-la-nostra-casa,1997-09-19T00:00:00,1997-09-19T12:18:34,OK
a11af852-8363-492f-a7c7-0331127b9513,612,conoscere-lhandicap-lorenza,1983-06-29T00:00:00,1983-06-29T20:40:13,OK
a24163c7-b479-4f24-a2b6-b99703cfb923,9568,proviamo-unaltra-volta-proviamo-unaltra-strada,1994-03-16T00:00:00,1994-03-16T16:11:56,OK
a214e8fb-5509-4279-aeb1-47506af3894c,12692,con-la-protezione-civile-un-campo-scuola-di-ragazzi-e-volontari-con-disabilita,2019-07-29T00:00:00,2019-07-29T04:54:59,OK
a503c5cb-9d4f-4656-9cd4-4d5a837cd5bf,11663,a-roma-un-workshop-dedicato-alla-disabilita-mentale-in-eta-adulta,2019-03-20T00:00:00,2019-03-20T14:15:30,OK
a5fb1d5d-ea6a-46b5-b256-c97c0ce4634b,32273,dialogo-aperto-n-96,2006-12-28T00:00:00,2006-12-28T09:13:13,OK
a30af4a5-8264-4103-b2fb-3bea50be7420,33910,tanti-volti-tante-lingue-un-solo-cuore,2008-12-07T00:00:00,2008-12-07T19:08:15,OK
a50442fd-ff3f-4fb3-a659-6c9a5467a719,4843,vede-sente-parla-le-mani,1986-03-22T00:00:00,1986-03-22T14:36:18,OK
a4341fdf-0913-40a6-a5d9-773539da4104,21518,tutti-a-scuola-newsletter-estiva-n-23,2020-09-04T00:00:00,2020-09-04T06:08:43,OK
a6b89a35-2d38-42b6-94de-647b3c296e75,25318,una-piazzetta-per-chi-diventa-anziano,2019-01-27T00:00:00,2019-01-27T14:09:09,OK
a400bb59-fd5b-401e-8f2d-94b96ea0a676,6642,barriere-di-carta,1988-04-28T00:00:00,1988-04-28T11:18:17,OK
a6161c91-527c-4f35-b126-2780092cefb7,44618,jean-vanier-a-parma-1978,1978-06-11T00:00:00,1978-06-11T14:30:34,OK
a571f8ca-fe91-4af5-87d1-48653619e0e6,31871,fanha-famiglie-accoglienti-nascituri-handicappati,2006-06-21T00:00:00,2006-06-21T10:59:02,OK
a5160b72-0e6d-4114-9bc9-1d817d1758c4,4039,ho-imparato-a-nuotare,2015-06-13T00:00:00,2015-06-13T14:15:08,OK
a45ea0e4-aff1-41a2-a729-f3ccb5d85ad6,38367,unestate-di-campi-fede-e-luce,2014-09-29T00:00:00,2014-09-29T09:15:49,OK
a5fde02b-f9f8-4387-9e03-bcce884cfdba,8184,dialogo-aperto-n-34,1991-06-21T00:00:00,1991-06-21T10:02:52,OK
a46c8ad7-a019-4a77-9ede-46a374383105,45860,tema-dellanno-1980-lincontro,1979-12-16T00:00:00,1979-12-16T16:30:34,OK
a2d940c2-cdb1-4d1a-a182-02d1bcab9bd7,9791,a-tu-per-tu-con-lautismo,1994-12-19T00:00:00,1994-12-19T09:24:34,OK
a388d295-7b2e-4443-8d30-8e922776ef59,26493,che-cosa-e-fede-e-luce-2,2003-03-13T00:00:00,2003-03-13T16:59:13,OK
a5651303-f438-4bfc-8101-fc1380e8fd05,5178,vita-fede-luci-n-12,1985-12-18T00:00:00,1985-12-18T13:32:59,OK
a45e4b32-16f5-4cac-b89b-cdc4d213c248,6589,addomesticare-la-malattia-mentale,1988-03-28T00:00:00,1988-03-28T16:05:04,OK
a4943ec6-720d-415f-9685-4d969235605a,12187,dialogo-aperto-n-62,1998-06-17T00:00:00,1998-06-17T08:15:53,OK
a6624755-fd17-4612-b324-fe01960ed087,38399,un-dado-vegetale-da-sogno-e-fatto-in-casa,2014-09-29T00:00:00,2014-09-29T09:21:49,OK
a2fdda90-a355-4c61-a0da-f8f88af33fb8,33778,jean-vanier-racconta-la-comunita-di-san-martino,2008-09-03T00:00:00,2008-09-03T12:16:17,OK
a48610ab-1ff6-4c49-a319-6a67bbb63590,14298,se-ti-abbraccio-non-aver-paura,2012-09-18T00:00:00,2012-09-18T10:33:28,OK
a5845b87-e516-427f-8c6b-ea5a687e6f4b,30421,storia-di-giorgio-e-del-suo-lavoro,2004-09-13T00:00:00,2004-09-13T17:47:57,OK
a43f5f12-a1d1-46af-80a3-1998d1196bf4,19685,conoscere-lhadicap-la-sindrome-cri-du-chat,2001-03-09T00:00:00,2001-03-09T14:01:10,OK
a643f81a-eec2-4bc1-b5f6-255a0136d66a,42026,resoconti-degli-incontri-fede-e-luce,1974-12-28T00:00:00,1974-12-28T19:00:08,OK
a4feb574-720a-4896-864e-b7f9fe9dc11d,36037,farsi-carico-degli-ultimi,2011-09-04T00:00:00,2011-09-04T19:54:14,OK
a2dc1536-ebd6-4ed2-9f72-22600a16765a,46481,ogni-volta-che-lascio-alfedena,1980-12-16T00:00:00,1980-12-16T18:00:34,OK
a585e060-035f-4418-be63-003d92f46a1f,36236,voci-dal-silenzio-recensione,2012-03-16T00:00:00,2012-03-16T09:37:58,OK
a649de78-7d8f-4926-af77-f55bdc254d81,11631,lottavo-giorno-recensione-film,1997-09-19T00:00:00,1997-09-19T16:24:14,OK
a3fabaef-2ea9-49e7-8f7d-4eef5b1e8fe8,9832,alzheimer-vita-ricordi,2018-09-21T00:00:00,2018-09-21T09:24:22,OK
a5b00d51-eb49-4a6c-b868-068581100c79,31236,pedagogia-dei-genitori-e-disabilita-recensione,2005-12-23T00:00:00,2005-12-23T09:49:57,OK
a3db0e90-f7ea-43ac-96df-5e7d4e2078d6,12198,approfittiamo-delle-vacanze-per-imparare,1998-06-17T00:00:00,1998-06-17T08:57:26,OK
a3a15452-1a2d-4b8d-8506-ad9573fc30df,45575,aria-di-vacanze,1979-09-16T00:00:00,1979-09-16T20:30:34,OK
a31a609c-90b8-4639-9937-cd730daac40b,9144,le-guerre-stellari-arrivano-in-ospedale,2018-06-25T00:00:00,2018-06-25T12:03:46,OK
a5c81dc4-73eb-4f36-811e-6db0f3f628ce,7074,la-nuova-longevita-nella-disabilita-intellettiva-seminario-a-cagliari,2018-03-19T00:00:00,2018-03-19T09:47:01,OK
a5b91626-9ebe-42a5-b4b2-2485325ad355,27226,mi-sento-grande,2021-09-28T00:00:00,2021-09-28T12:12:30,OK
a2bc4a42-082c-4354-a992-d5f94f572f00,40113,dimmi-chi-ammiri,2017-12-21T00:00:00,2017-12-21T11:40:33,OK
a42b8f11-a71f-40e6-86d3-8d8cc59a5295,40383,i-miei-occhi-e-il-mio-cuore-hanno-vissuto-la-meraviglia,2018-07-20T00:00:00,2018-07-20T10:15:21,OK
a5994391-1446-4138-83f9-0aa1d0a4f625,42246,vivere-a-colori,2023-11-03T00:00:00,2023-11-03T12:26:14,OK
a6693d21-866a-4222-b69a-494c37487bec,34782,affettivita-sessualita-persone-disabili,2010-06-17T00:00:00,2010-06-17T11:20:14,OK
a456b0a3-3179-4831-90e4-2bacab6ad094,4013,la-relazione-la-famiglia,2015-06-13T00:00:00,2015-06-13T13:16:17,OK
a3bd167f-78fa-4d2c-85fd-67ed667e46a9,12836,io-sono-una-donna-perche-mi-chiami-andicappata,1999-06-12T00:00:00,1999-06-12T06:18:06,OK
a52def99-78e5-4167-9bb8-41f8d5874ff8,34439,eppure-splende-il-sole,2009-06-10T00:00:00,2009-06-10T10:05:15,OK
a5e14da6-375d-40a0-ba33-7f4f697af0c2,19380,dopo-di-me-il-diluvio-commedia-musicale-gruppo-fede-luce-san-paolo,1981-01-03T00:00:00,1981-01-03T15:48:37,OK
a67f04f3-8387-4e9e-b1f7-13ce59c3e3c6,33081,fiera-di-me-stessa-ogni-giorno,2022-12-15T00:00:00,2022-12-15T14:00:13,OK
a5241e2a-ceba-4b1a-89d6-8001d0356243,29100,sono-vincent-e-non-ho-paura-recensione,2022-08-04T00:00:00,2022-08-04T11:39:02,OK
a362b10c-7afb-45ef-8b31-b451aa35bfad,27285,sentire-la-fine-del-mondo,2021-10-13T00:00:00,2021-10-13T09:37:51,OK
a3335fbe-1bee-446f-aafa-21b413a91b2e,26481,festeggiamo-la-nascita-di-un-bambino-genitori-di-ragazzi-con-disabilita,2003-03-13T00:00:00,2003-03-13T16:52:16,OK
a5e99be3-0cb5-4a2b-92c7-d8ae321d19d5,6201,tutte-le-sabine-del-mondo,1987-09-25T00:00:00,1987-09-25T13:06:58,OK
a5c2ff63-caf1-4f87-9175-42b684ecadb1,12178,giulia-non-e-bella,1998-06-17T00:00:00,1998-06-17T06:40:17,OK
a6455965-a0e9-4a57-88a1-a618d7824de8,9522,vita-fede-e-luci-n-45,1994-03-16T00:00:00,1994-03-16T12:30:49,OK
a84f3b93-ba90-451d-8ffd-cff2c524306f,35933,cose-da-fare-e-da-non-fare,2011-06-04T00:00:00,2011-06-04T17:30:14,OK
a6fc12c0-2927-4fc6-9338-c4c9eae9da52,13849,cinema-e-disabilita-i-3-film-di-andrea-guglielmino,2019-11-16T00:00:00,2019-11-16T17:47:35,OK
aa013464-19a9-4543-be58-1ee6d7e97af0,43958,quando-incontri-lamore,2024-03-29T00:00:00,2024-03-29T02:20:20,OK
a808b56b-7bc4-41e6-af75-9027c9dbd419,38860,voci-di-campo,2015-03-19T00:00:00,2015-03-19T11:10:08,OK
a81aa14a-eca2-497e-91e4-a04b6e6e0d73,39247,il-chicco-vivere-il-vangelo-in-azione,2016-06-16T00:00:00,2016-06-16T10:00:14,OK
a7d565ff-08e2-4340-b0e1-86464b451646,40099,le-amiche-di-francesco,2017-12-21T00:00:00,2017-12-21T11:20:33,OK
a8094723-e78b-4b5a-a527-a85bd916973d,37575,io-sono-nato-cosi-come-imparare-a-guardare-oltre-la-differenza-recensione,2013-06-10T00:00:00,2013-06-10T15:00:04,OK
a7dcb0a5-d70d-4897-94c3-fef26164b845,88,a-proposito-della-vita-affettiva-dellhandicappato-mentale,1983-03-20T00:00:00,1983-03-20T12:45:41,OK
a728af0b-9cb1-4871-aa8e-08deca647757,7412,play-day-2018-a-venezia-accorciare-le-distanze-della-disabilita-con-lo-sport,2018-04-10T00:00:00,2018-04-10T08:00:35,OK
a8252dbd-185a-4cae-bcce-c7b5978300db,10872,quale-metodo-scegliere,1996-09-27T00:00:00,1996-09-27T08:25:16,OK
a73c9423-bbd2-47ba-a61b-df2438f8a6a4,38024,speciale-natale-nel-mondo,2013-12-14T00:00:00,2013-12-14T14:27:00,OK
a7682417-c8b4-4bcc-9199-7efb9f1ca0b1,39428,la-tempesta-di-sasa-recensione,2016-09-16T00:00:00,2016-09-16T09:00:14,OK
a9d95eee-2b96-4282-9434-c940a6f04aa1,21239,natura-e-musica,2020-08-27T00:00:00,2020-08-27T00:25:11,OK
a8a3d258-7efb-4cab-81a8-9db1815e51fd,777,te-lo-ricordi-frate,2015-12-19T00:00:00,2015-12-19T10:14:25,OK
a76742da-9a2f-4635-b4ce-10cef251767e,16317,quel-che-labito-fa,2020-03-04T00:00:00,2020-03-04T06:25:08,OK
aa679859-a775-470b-b4b0-5eb6f14ec2c9,28634,chiediamo-a-zampetta-e-romeo,2022-06-08T00:00:00,2022-06-08T13:09:47,OK
aa2fcc2c-fe74-4cd5-8cb5-0edc87949b17,30593,che-succede-a-natale-nelle-comunita-di-fede-e-luce,2004-12-14T00:00:00,2004-12-14T17:00:02,OK
a80c99c5-77b9-4b38-b9c4-688c1a063201,26263,comunita-fede-e-luce-nel-mondo-tante-piccole-fiaccole-di-unita-e-di-amore,2003-03-13T00:00:00,2003-03-13T13:47:53,OK
a92071bc-b13e-4cf8-96dc-91a78395cccb,23866,recensione-mia-sorella-mi-rompe-le-balle-tercon,2021-02-10T00:00:00,2021-02-10T08:11:11,OK
a8af3c38-828d-4cf1-be6a-621e472f3f39,48226,grazie-papa-francesco-per-quanto-ci-hai-voluto-bene,2025-04-21T00:00:00,2025-04-21T14:40:28,OK
a7a5f4ca-3d81-458d-a07b-c176791ca6b7,38575,come-e-nato-ombre-e-luci,2014-12-15T00:00:00,2014-12-15T09:10:23,OK
a714dfe7-c5c2-4372-ba4a-e762034e343e,38761,fede-e-luce-essere-movimento,2015-03-19T00:00:00,2015-03-19T09:21:08,OK
a7cad527-b9ef-4103-8d1a-622d7ffe2625,37263,nuvole-a-dondolo-recensione,2023-05-09T00:00:00,2023-05-09T11:37:46,OK
a9eecc5b-3b04-43de-a8f9-a14ee7662c7d,35819,emanuela-e-alessia,2011-03-04T00:00:00,2011-03-04T17:15:14,OK
aa19bd7b-d3e7-4b1e-8042-e4a6f1e3366f,42679,dal-41-torino-film-festival,2023-12-10T00:00:00,2023-12-10T12:58:15,OK
aa8b2d60-e6e4-4324-9f11-1a5e318cf04c,29133,come-abbiamo-comunicato-la-morte-di-una-persona-cara,2022-08-05T00:00:00,2022-08-05T11:57:11,OK
a7cc0df0-42c1-46f9-8dfd-7ab12c14730c,34018,oscura-luminosissima-notte-recensione,2009-03-08T00:00:00,2009-03-08T17:17:59,OK
aa836d31-1771-4a20-993a-1ac657f2e74b,45382,letture-consigliate-il-piccolo-principe,1979-06-16T00:00:00,1979-06-16T14:30:34,OK
a7939c6c-ed2a-4163-8269-de929fd73326,23844,accettare-che-mi-lasci,2002-03-09T00:00:00,2002-03-09T11:07:41,OK
a7d60ac5-b40b-44d4-b462-36e923272e58,23753,piccoli-messaggeri-damore-genitori-di-bambini-con-la-sindrome-di-down-recensione-libro,2002-03-08T00:00:00,2002-03-08T10:18:58,OK
a984bd3d-250f-4548-919c-a2741ac68565,25003,la-norma-traviata-un-musical-delirante-recensione,2002-06-15T00:00:00,2002-06-15T14:56:19,OK
a7ed3e12-659e-42dd-8946-39a7a7f4c46b,39872,i-figli-sono-tutti-speciali,2017-06-28T00:00:00,2017-06-28T12:30:23,OK
a77927b8-c468-4537-b210-00217b463a64,19746,quelle-ore-mi-hanno-segnata,2001-03-09T00:00:00,2001-03-09T15:20:06,OK
a80995c2-c15e-4bbc-acdc-94c61c080441,44780,una-lezione-damore-incontro-fede-e-luce-llalelli-galles-del-sud,1978-12-20T00:00:00,1978-12-20T09:30:34,OK
a7a787f1-c697-4544-af30-9bd89cc5e1b6,9078,pagine-aperte-esperienze-di-solidarieta-a-parma-e-provincia-negli-anni-90,1993-06-20T00:00:00,1993-06-20T17:58:54,OK
a93ea67d-1236-4bb8-86ab-de9eb8e42b45,2402,casa-jada,1984-09-29T00:00:00,1984-09-29T17:23:04,OK
a7f078be-ec63-45fd-901c-21b8a4c3fc0f,24658,per-una-storia-della-disabilita,2021-04-21T00:00:00,2021-04-21T09:49:48,OK
aa1a54ec-f2ae-43cd-988b-04c1f3ac8cff,1940,quarte-di-copertina,2017-10-30T00:00:00,2017-10-30T11:18:48,OK
a71dd1d6-2956-4dbf-91d2-206cffda1442,43481,e-allimprovviso-che-fare,2024-02-19T00:00:00,2024-02-19T09:51:29,OK
a8f45e77-c201-482e-b1a3-0a5e06a53639,4618,autismo-integrazione-scolastica,2010-10-05T00:00:00,2010-10-05T10:27:12,OK
a854c975-e1e5-415e-bccf-ffd25ba2eec3,48569,catechesi-inclusiva-materiali-tattili,2025-06-26T00:00:00,2025-06-26T09:57:42,OK
a6d047d9-657b-4a2e-9b6c-6b8cf18ed97f,34578,lintimita-del-corpo-condividere-lintimita-del-proprio-figlio,2009-12-10T00:00:00,2009-12-10T13:13:40,OK
a91b0e07-7362-485a-a050-9b463456af7e,16403,imperfetta,2020-03-27T00:00:00,2020-03-27T06:01:05,OK
a72dd4cd-0f80-4a33-baba-adfdeca47430,10488,cambiare-il-cuore,1996-03-03T00:00:00,1996-03-03T09:58:37,OK
a9066d13-8267-4edb-b269-573055194f66,36001,il-linguaggio-segreto-dei-fiori-recensione,2011-09-04T00:00:00,2011-09-04T19:45:14,OK
aa5c4163-b017-48e7-9ba8-719ad349be9f,43431,dalla-berlinale-presente-e-passata,2024-02-16T00:00:00,2024-02-16T09:52:34,OK
a98638fa-9b62-4b8e-951f-b3dc565c2803,13847,cinema-e-disabilita-i-3-film-di-adriano-ercolani,2019-11-16T00:00:00,2019-11-16T17:47:08,OK
a86183af-b927-4e21-ac5a-1babc84acf62,25953,quante-cose-possono-nascere-intorno-a-un-libro,2021-09-02T00:00:00,2021-09-02T11:01:14,OK
a8555d7e-b028-42e7-8150-c2b14c7e70fb,25892,incontri-2,2003-03-02T00:00:00,2003-03-02T22:55:38,OK
aa1c1457-0c71-44d3-89b2-2e5b8f6ead65,6607,dialogo-aperto-n-21,1988-03-27T00:00:00,1988-03-27T16:44:00,OK
abbc6ef1-fbb4-4d06-b341-44678424d717,39279,alfedena,2023-06-16T00:00:00,2023-06-16T15:53:48,OK
ab3cd2dd-854a-444f-b2a8-1ba67cab609b,34814,il-giradino-dei-desideri,2010-06-17T00:00:00,2010-06-17T12:01:14,OK
aae8c231-57ba-46e7-9584-3114a4b05119,38924,alza-lo-sguardo,2015-03-19T00:00:00,2015-03-19T13:05:08,OK
ab1ca9cb-908b-49d5-9e62-5f36b4c7aa05,6582,dove-come-vivono-persone-colpite-malattia-mentale,1988-03-28T00:00:00,1988-03-28T15:43:38,OK
abd6d4bf-0d30-424f-b4b9-4fcdb5d2cf35,14928,natale-nel-mondo,2019-12-23T00:00:00,2019-12-23T02:25:58,OK
ab2f320d-294c-4501-8feb-60dc2a0a5312,26810,amore-disabilita-facile-preda,2003-06-23T00:00:00,2003-06-23T17:02:31,OK
ab4f319a-878c-4917-8bce-95ae99a173ca,32211,con-tutte-le-mie-forze-special-olympics-youth-games,2006-12-28T00:00:00,2006-12-28T08:03:17,OK
ab6b2aab-2784-4257-b632-2ce4314869d0,15768010,in-vacanza-abbiamo-fatto-di-tutto,2025-08-21T00:00:00,2025-08-21T20:44:01,OK
ad1fd8da-0f9a-45d5-9bf4-f819d65155da,39436,mi-hanno-regalato-un-sogno,2016-09-16T00:00:00,2016-09-16T09:00:14,OK
ab768e57-c9e4-4892-bcdf-f70aa0cdaa1d,9554,il-mio-cielo-e-diverso-acrobazie-mentali-di-un-giovane-disabile,1994-03-16T00:00:00,1994-03-16T13:16:59,OK
acb3b938-8499-4b1f-ad2c-7dcb2c375379,13190,sono-andata-in-discoteca,2019-10-18T00:00:00,2019-10-18T14:26:15,OK
add50370-efd9-48c0-9cac-352b0ef2138b,36328,pensioni-rubate,2012-03-16T00:00:00,2012-03-16T10:01:09,OK
ab2b255c-bd1b-40f1-8ca7-561ab5fecc80,34805,mai-soli-dal-sogno-alla-promessa,2010-06-17T00:00:00,2010-06-17T11:01:14,OK
ad8695c8-ac09-4d5b-9321-1860575c37f9,32908,con-tutto-il-cuore,2007-12-10T00:00:00,2007-12-10T18:37:47,OK
accc3e9c-5c01-4f36-8ca6-515a6f088f4b,39822,la-nuova-legge-sul-dopo-di-noi-che-cosa-dice,2017-06-28T00:00:00,2017-06-28T10:10:23,OK
abc90360-e5b3-474c-9fe4-758175ddff7a,36021,in-corsia,2011-09-04T00:00:00,2011-09-04T19:50:14,OK
ab00d3a5-fda9-4675-9acd-8909fc6e7cd9,15768773,suor-veronica-pompei,2025-12-23T00:00:00,2025-12-23T15:03:15,OK
aaa0af14-754e-4398-9f1d-16e3066fce8a,38881,un-affidamento-speciale-2,2015-03-19T00:00:00,2015-03-19T12:40:08,OK
ab20ea99-f243-43fe-91c2-ee3cf24991ed,5149,integrazione-non-parola,1985-12-26T00:00:00,1985-12-26T12:50:23,OK
ab1f38fc-43e9-4a78-8d8c-c65656ccfa78,30610,vorrei-fare-qualcosa-per-gli-altri-ma-cosa,2004-12-14T00:00:00,2004-12-14T17:05:05,OK
adb7073e-fe24-4c58-a3b1-3cc6bd9b644d,8432,casa-famiglia-ancora,1991-12-28T00:00:00,1991-12-28T09:00:43,OK
ad03246e-66d8-48ce-b430-0dc2eeab15ab,2238,nessuno-escluso,1984-03-30T00:00:00,1984-03-30T20:21:47,OK
ac5a4591-2bf8-4a1a-a79b-da3629e4dd73,30952,paradiso-infernale,2005-06-17T00:00:00,2005-06-17T15:48:04,OK
aaefe82a-3dc0-479b-9f8d-b27e02b6ea59,4896,il-mio-bambino,1986-03-10T00:00:00,1986-03-10T08:45:32,OK
adb66c3b-d445-4680-b280-29322d16a4d0,11758,il-mare-non-serve-a-niente,2019-04-15T00:00:00,2019-04-15T07:23:21,OK
abac90d0-16f2-4b93-ba3c-9c5af61d2200,44069,meglio-di-una-bacchetta-magica,2024-06-19T00:00:00,2024-06-19T10:14:44,OK
aac226dd-83a1-43bd-b4b3-571974f0653b,8890,1992-nasce-il-settore-catechesi-delle-persone-con-handicap,1992-12-13T00:00:00,1992-12-13T10:14:01,OK
ad96ac25-c649-4297-acb3-c27cbb0a176d,1419,un-altro-anno,2015-12-20T00:00:00,2015-12-20T17:24:31,OK
aac66e5d-477a-486d-8275-69e85593d505,47324,quel-che-letichetta-racconta,2025-02-10T00:00:00,2025-02-10T12:58:55,OK
aba9313c-7522-4ad8-8b78-323472897a8f,44744,quattordici-anni-con-loro,1978-12-23T00:00:00,1978-12-23T09:30:34,OK
ac9db228-e674-43eb-93b5-307064875989,14666,en-garde,2019-12-02T00:00:00,2019-12-02T10:32:00,OK
ab6e01b0-5c18-4fd4-ab66-b98f04d612ad,6586,la-mamma-anche-unaltra-persona,1988-03-28T00:00:00,1988-03-28T15:51:33,OK
ad80c758-3802-4a3f-b794-040489ed9346,41455,qualcuno-che-non-ci-mette-da-parte,2023-09-25T00:00:00,2023-09-25T12:08:44,OK
acbb8dc1-da62-4653-b8d8-cda45b7d02dc,6686,dialogo-aperto-n-22,1988-06-27T00:00:00,1988-06-27T13:28:22,OK
aab0614f-5933-4663-b8a8-a5be92b225c2,35922,lamicizia-asimmetrica,2011-06-04T00:00:00,2011-06-04T17:59:14,OK
ad3e0e7e-858f-4853-9330-c988cd9d7a07,16698,abitare-la-speranza,2002-09-10T00:00:00,2002-09-10T17:40:01,OK
ab1f1667-15a3-4f75-ab1b-b9ed99cd8e26,8578,il-vizio-di-vivere-ventanni-nel-polmone-dacciaio,1992-03-05T00:00:00,1992-03-05T07:23:06,OK
abf12144-5c97-409a-85a8-ad8d03be029a,5763,lo-zio-jurgens,1986-12-28T00:00:00,1986-12-28T11:35:18,OK
aac895c8-e02c-4d13-8954-3328f8db64ec,29045,in-trepidante-attesa,2003-12-22T00:00:00,2003-12-22T14:44:20,OK
add20b32-fed1-44a3-8d64-cbcc0119ba19,25300,la-casa-famiglia-e-leta-che-avanza,2019-05-27T00:00:00,2019-05-27T13:56:54,OK
aba178a7-638e-420e-b53c-43e08189c510,45800,vuoi-essere-mio-amico,1979-12-16T00:00:00,1979-12-16T18:34:34,OK
ac8a47f2-f971-4abe-b2d2-e33d742d2294,44681,notiziario-fede-e-luce-n-18,1978-09-13T00:00:00,1978-09-13T09:30:34,OK
ac3bd51f-ba8c-49e2-a87f-31829c75f4f1,32735,il-potere-dellarte-dalla-magia-alla-terapia,2007-09-09T00:00:00,2007-09-09T15:20:28,OK
ab7f1e73-0a44-4e81-b281-9aba58321e38,2368,vivere-con-un-bambino-autistico,1984-06-29T00:00:00,1984-06-29T10:19:51,OK
ac3a626a-c49f-47ee-baf6-4fce191b2cae,4641,un-padre-rivela-dono-unico-suo-figlio,2005-12-05T00:00:00,2005-12-05T11:12:20,OK
ac6acf0a-6e3c-451b-aa3a-f1e0c55cc18b,38706,un-cuore-alla-volta,2014-12-15T00:00:00,2014-12-15T18:40:23,OK
ae3ed560-9f7a-4c49-aebf-dfec995ff713,28621,larte-di-rialzarsi,2022-06-08T00:00:00,2022-06-08T12:36:35,OK
aacac805-ec17-43d8-a820-89dced5dc359,46289,telegramma-educarsi-insieme-crescere-con-gli-altri-per-il-bene-di-tutti,1980-09-16T00:00:00,1980-09-16T17:30:34,OK
ac4ae3d6-48a5-4d73-a56e-23f08bdae28d,21877,e-si-accende-una-stella,2001-12-25T00:00:00,2001-12-25T15:21:07,OK
ace2f282-0cce-4061-a011-7a9b5967d88d,23179,e-il-diritto-allo-studio,2020-12-14T00:00:00,2020-12-14T09:43:53,OK
ae935619-ee5f-43ca-82bc-f5e265b4b474,6726,diaologo-aperto-n-23,1988-09-19T00:00:00,1988-09-19T14:30:34,OK
afcacfcd-2e34-46d7-a457-4686fd1801b0,1444,come-nasce-un-pellegrinaggio-in-fede-e-luce,2015-09-22T00:00:00,2015-09-22T09:28:30,OK
aff06702-f5ca-45bc-ae5b-b8c140239a88,5313,catechesi-anche-le-persone-autistiche,1996-09-22T00:00:00,1996-09-22T12:59:53,OK
af09cb13-9fd9-4322-84ff-43a1d445612e,34775,sembrava-impossibile-dove-osano-le-aquile-in-carrozzina-recensione,2010-06-17T00:00:00,2010-06-17T11:01:14,OK
b00a60db-19d6-4a3a-9c20-bd2ac71c2c78,14698,lo-sguardo-sulla-persona-con-disabilita,2019-12-02T00:00:00,2019-12-02T14:11:41,OK
af44d6df-ecc3-46fc-95f7-2ee504074765,45246,il-mondo-in-un-punto-fisso-recensione,2024-08-28T00:00:00,2024-08-28T14:11:16,OK
b0969f4b-dac6-46a5-85b4-42fbf7f79cc7,24979,danzare-oh-oh-ohoo,2002-06-15T00:00:00,2002-06-15T14:48:08,OK
b101410f-13e3-450d-807d-161b15323d81,38813,custodire-ogni-persona,2015-03-19T00:00:00,2015-03-19T10:30:08,OK
aeda4c01-7b0c-473a-b58b-8f32298677e2,5717,tenere-la-porta-aperta,1986-12-31T00:00:00,1986-12-31T11:04:45,OK
af882986-207c-447c-af8f-2aa58d4b6ed9,4070,viola-la-nonna,2015-09-13T00:00:00,2015-09-13T14:38:57,OK
b16524a3-a126-4cc7-84eb-b8850c2b371b,42822,amen,2023-12-19T00:00:00,2023-12-19T12:29:07,OK
afcbd7c7-b2f8-443a-ade9-430c923c2625,44053,tra-conquiste-e-fatiche,2024-05-14T00:00:00,2024-05-14T10:03:22,OK
b111fbba-e860-4d37-a011-00ff2260b3a0,44292,esperienze-i-campi-dellestate-1977,1977-12-04T00:00:00,1977-12-04T13:50:34,OK
af81fad9-8508-4d2b-a946-fa4044b2df6a,45541,la-casa-in-campagna,2024-10-24T00:00:00,2024-10-24T08:39:53,OK
afca52f4-e1d0-4459-938a-4debb13b2796,32679,liesje-mia-figlia-recensione,2007-09-09T00:00:00,2007-09-09T15:02:09,OK
b14f250f-6636-4b5c-898b-e88e628f3c14,10010,tra-il-cuore-e-la-mente,1995-06-02T00:00:00,1995-06-02T11:06:02,OK
ae938319-f65e-4585-892b-f02955c232e7,8738,oltre-la-famiglia-gli-specialisti-gli-amici,1992-06-06T00:00:00,1992-06-06T12:51:33,OK
b034f66d-a1d2-43e1-bc4f-e403a9dcc4f6,300,nessuno-aveva-pensato-che-patrick-avrebbe-preso-parte-alla-gita,1983-09-30T00:00:00,1983-09-30T19:23:34,OK
af122883-fa7a-4b61-b3bf-e6caf80d6708,40055,viola-e-mimosa-n-140,2017-12-21T00:00:00,2017-12-21T09:35:33,OK
af876889-34b9-400b-9c4d-16b1658ce1a7,40488,mi-chiamo-lucia,2018-11-03T00:00:00,2018-11-03T10:41:34,OK
af9886d7-5723-4f7d-8899-0a3b6efe126a,32860,maria-la-mamma-di-gesu-dedicato-ai-bambini,2007-12-10T00:00:00,2007-12-10T17:47:16,OK
b110b366-5db4-4445-8d72-bc209ff4f3b0,45361,come-mettere-in-quattro-righe-oltre-10-anni-di-vita,1979-06-16T00:00:00,1979-06-16T16:30:34,OK
b03f83c3-122d-4853-b9b6-ea06a5ab8bf0,24919,banca-etica-una-rivoluzione-e-entrata-in-silenzio-nel-mondo-della-finanza,2002-06-14T00:00:00,2002-06-14T08:40:34,OK
b08b0922-7d3b-476d-8f2d-7ad302201878,7163,dialogo-aperto-n-27,1989-03-19T00:00:00,1989-03-19T12:20:32,OK
af92c42d-0bcf-4681-b4b3-ea7e70a8d2f1,25797,viaggi-e-visioni-newsletter-n-33,2021-06-19T00:00:00,2021-06-19T05:49:04,OK
b0eb072f-5508-4f67-90b2-43dc2900a26f,5287,siamo-venuti-ad-assisi-per,1986-06-25T00:00:00,1986-06-25T12:15:26,OK
b0f29ad8-32e1-431a-a139-5f23180f8a54,32362,la-scoperta-dellalba-recensione,2007-03-02T00:00:00,2007-03-02T16:01:34,OK
af17c010-03ea-45db-8388-0369c2712533,45549,la-trattoria-de-gli-amici,2024-09-23T00:00:00,2024-09-23T11:37:30,OK
aeb6ba25-1b03-4390-96f1-ebc7a04594c8,8277,non-e-te-che-aspettavo,2018-03-26T00:00:00,2018-03-26T08:00:34,OK
b11ac417-0883-47cd-a719-b1b4ebef8fc0,37669,fratelli-e-sorelle-di-persone-con-disabilita,2013-06-10T00:00:00,2013-06-10T15:45:04,OK
afac3e51-057a-4b61-a180-08dfb6cafa34,10683,i-miei-30-anni-allarca,1996-06-14T00:00:00,1996-06-14T17:52:55,OK
b16aa2cb-66be-4ea2-b426-f4382ce9f1aa,28220,lettera-colleghi,2022-03-23T00:00:00,2022-03-23T10:18:31,OK
af67fdc8-af95-4eb8-984d-71c53a8e16a4,42534,notiziario-fede-e-luce-il-resoconto-dellultima-festa-della-luce-e-altre-notizie-dal-movimento,1976-05-20T00:00:00,1976-05-20T18:01:34,OK
af4ba4dd-656c-45b9-903b-1dce6b5e1527,4369,nuovo-sito,2017-11-24T00:00:00,2017-11-24T16:23:27,OK
b049aedc-7c41-4a2a-a7b1-1a1553e2e7bf,8727,lelia,1992-06-06T00:00:00,1992-06-06T12:09:58,OK
b1559bd4-8954-4f33-886e-2e1c07142b4f,18996,il-gatto-sulla-cattedra-newsletter-n-16,2020-05-22T00:00:00,2020-05-22T06:36:40,OK
b0c2a1b4-7595-40b3-9e93-f6355faf72d7,26625,zero-to-hero-la-storia-di-so-wa-wai,2021-08-10T00:00:00,2021-08-10T10:25:36,OK
b0b8959a-40b8-48ff-800d-f5d8af127d2d,14988,caduta-cavallo,2020-02-02T00:00:00,2020-02-02T14:23:47,OK
b113d7e8-aaff-473a-a4f3-a8761f7b01f9,42512,xavier-un-mio-un-nostro-nuovo-a-amico,1976-05-20T00:00:00,1976-05-20T19:20:34,OK
b0f69bec-232d-44ae-abca-f33c55110654,25344,io-vado-poco-a-teatro,2019-01-27T00:00:00,2019-01-27T14:35:46,OK
b0416ed7-4321-4ed0-8dab-930f624af048,9564,educazione-alla-fede-per-tutti,1994-03-16T00:00:00,1994-03-16T16:08:17,OK
ae5f3d90-ff88-4b4e-af7a-2c2176889f07,40299,due-capitane,2018-06-30T00:00:00,2018-06-30T09:15:13,OK
afd4c67e-b402-4b2d-852d-65c97db1bb4d,2299,ombre-e-luci-n-7-1984-sfogliabile,1984-09-30T00:00:00,1984-09-30T20:42:06,OK
aeea04fd-17ab-44c1-ad40-d63652e29163,1435,cinque-azioni,2015-09-22T00:00:00,2015-09-22T09:12:34,OK
af0d01e5-6209-4b3a-a27c-d19b078c1996,34589,dialogo-aperto-n-108,2009-12-10T00:00:00,2009-12-10T13:27:11,OK
af94b87c-caf2-4ab8-a76b-16574e74b89c,9592,ma-lui-dovera,1994-03-16T00:00:00,1994-03-16T17:19:38,OK
b13900e6-e0fc-4e53-ad1a-e2725d595c94,39637,valgo-anchio,2016-12-16T00:00:00,2016-12-16T11:45:14,OK
b0a456f6-30c9-474a-8ff3-7b6e8b91f5c4,42690,me-stessa,2023-12-02T00:00:00,2023-12-02T09:27:43,OK
b0cb0426-8942-465f-a2df-89527270878e,9061,nessuno-in-nessun-luogo,1993-06-20T00:00:00,1993-06-20T10:25:38,OK
b151d884-9d9d-4dda-9232-2962d28eed21,9081,un-marinaio-in-treno,1993-06-20T00:00:00,1993-06-20T18:03:54,OK
b1bd0139-6036-4a17-8364-80e07d249622,36440,jean-vanier-dalla-palestina,2012-09-16T00:00:00,2012-09-16T11:04:09,OK
b4459b12-1094-4f81-96a0-e5e16b33e982,22384,zio-giorgio,2001-06-17T00:00:00,2001-06-17T17:06:27,OK
b411e197-6368-4e9a-a5b6-a58b64a33df0,38382,la-sedia-a-rotelle-e-i-chicchi-duva,2014-09-29T00:00:00,2014-09-29T09:35:49,OK
b255cdc1-f2bd-4551-9a09-338523066ec8,27276,sogni-per-niente-speciali,2021-10-07T00:00:00,2021-10-07T11:07:55,OK
b2611295-38cb-4e98-9bce-268f0aff9798,13549,lo-straordinario-viaggio-di-nujeen,2019-11-03T00:00:00,2019-11-03T11:25:39,OK
b4a7bcc5-d63f-40a6-bf5c-b97f288876af,7062,da-dove-cominciare,1989-06-30T00:00:00,1989-06-30T14:12:40,OK
b2fb7410-9cdb-46aa-9052-6e375486f829,7779,un-nuovo-modo-di-vedere-la-vita,1990-09-26T00:00:00,1990-09-26T12:03:52,OK
b3ace884-a773-4833-99d7-2deee658e4f5,20954,come-spezzare-il-circolo,2020-09-02T00:00:00,2020-09-02T11:10:59,OK
b1de1e32-1f09-4b37-ad8b-876278cb3b67,31860,genitori-e-medici-davanti-allannuncio-dellhandicap,2006-06-21T00:00:00,2006-06-21T11:12:33,OK
b2a8e25a-57a1-4655-a2ff-4d1fd5d50e58,5200,tenere-piu-stretta-la-mano-dei-piccoli,1986-06-30T00:00:00,1986-06-30T11:13:25,OK
b54b0c82-2a8d-4915-a052-260ac0451bc4,39947,dalle-province-n-139,2017-09-06T00:00:00,2017-09-06T09:20:44,OK
b2928ad6-61a4-4ebc-a727-03dc4639e5af,34525,ma-io-che-centro-il-bene-comune-in-tempi-di-crisi-recensione,2009-12-10T00:00:00,2009-12-10T12:31:02,OK
b240cca8-a049-4077-8a88-09253a317088,2257,come-le-altre-domeniche-anna,1984-03-30T00:00:00,1984-03-30T20:15:54,OK
b325c26c-7013-4447-8f39-5c48db11bc63,28065,loic-che-oggi-continua-a-benedirci,2022-03-25T00:00:00,2022-03-25T08:24:22,OK
b1ff4fda-f1ed-41d8-ae91-d9b0c25e0b1b,1438,scampoli-di-paradiso,2015-09-22T00:00:00,2015-09-22T09:15:12,OK
b251f14b-e712-475a-8730-bd7fb2c2dfce,21386,ferma-lo-sguardo,2020-10-07T00:00:00,2020-10-07T00:42:13,OK
b2738281-e976-45d3-ba34-fcf9a3e6a412,6901,la-sindrome-down-un-aiuto-gli-educatori-genitori,1989-03-20T00:00:00,1989-03-20T13:54:21,OK
b2370bca-17ad-4ea6-8fe7-324f6d2cf44a,36011,per-sempre-recensione,2011-09-04T00:00:00,2011-09-04T19:45:14,OK
b44ce207-79bb-46be-8910-c7b1ec1b9348,15767646,to-leave-or-to-stay-migration-in-the-films-of-venice-80,2023-09-22T00:00:00,2023-09-22T16:52:34,OK
b2ff4d0c-6f5c-4400-b6ea-d6014a084277,30198,agricoltura-e-disabilita-il-campo-sperimentale-splende-il-sole,2004-06-11T00:00:00,2004-06-11T16:59:22,OK
b261ba2c-d648-48ee-af5d-cd03cab50b50,46961,come-avviare-una-comunita,1981-12-20T00:00:00,1981-12-20T12:00:34,OK
b50a3393-9e8c-4f68-bbdf-12f2ec219e02,2218,quando-la-vita-e-cosi-difficile,1983-12-29T00:00:00,1983-12-29T17:02:24,OK
b1b698b9-4050-4f7d-a3f1-783ac8af91ff,11475,dialogo-aperto-n-57,1997-03-25T00:00:00,1997-03-25T08:14:53,OK
b23f7f2e-7702-4ae8-a12c-b1e9835b0e69,12649,il-coraggio-di-cambiare,2019-07-25T00:00:00,2019-07-25T07:32:01,OK
b3a89c4f-b444-4cd0-9ea8-e0acc6c6a079,6646,libri-lavoretti-manuali,1988-06-28T00:00:00,1988-06-28T11:38:54,OK
b287dfaa-7c35-4641-9cb6-0270be9b5135,13075,come-dirlo,2018-03-26T00:00:00,2018-03-26T11:19:42,OK
b3a58ee2-5dae-41b6-9f8d-72ba441548f1,6728,farci-servizi-perche-alla-cresima-la-cugina-accattava-giovanni,1988-09-28T00:00:00,1988-09-28T14:33:24,OK
b4d5c233-976a-4650-adcf-7140c5d6267c,9814,avevo-tanta-paura,1994-12-19T00:00:00,1994-12-19T10:08:51,OK
b1b87bcc-a10b-43b7-9891-aceacd043fea,8908,non-aver-paura-sono-io-che-ti-guido,1992-12-13T00:00:00,1992-12-13T10:56:19,OK
b2a3e60c-79a2-4f5f-beb5-67b6edb1af04,21802,noi-quattro-la-comunita-il-roveto,2001-12-25T00:00:00,2001-12-25T13:02:07,OK
b1755421-942a-4e81-b9e4-c616d839b7ca,45908,insegnare-al-principe-di-danimarca-recensione,2024-11-27T00:00:00,2024-11-27T13:38:54,OK
b30ef82d-c2ed-4f12-ba52-c60fcc97348e,34768,sotto-cieli-noncuranti-recensione,2010-06-17T00:00:00,2010-06-17T11:01:14,OK
b280cc8d-2582-4686-8581-87b8767f4f5b,28739,94-9-35-e-18-le-cose-dietro-i-numeri,2022-07-08T00:00:00,2022-07-08T11:40:22,OK
b415f944-d0eb-4e7e-9f4b-19819c84fb9c,36449,la-memoria-del-bello,2012-09-16T00:00:00,2012-09-16T11:08:09,OK
b1cedd6a-bafc-4e6d-b0ef-88f5fcbd490f,32379,giochi-per-ridere-educare-gli-adolescenti-divertendosi-recensione,2007-03-02T00:00:00,2007-03-02T16:08:36,OK
b360d5b8-461a-4b28-a2bc-3e72409396a5,10153,sport-e-musica-per-crescere,1995-09-12T00:00:00,1995-09-12T10:40:27,OK
b36c4e0d-3397-43da-9d79-28b69c4b1b85,10552,aiutarlo-a-vivere-il-lutto,2010-10-10T00:00:00,2010-10-10T10:04:13,OK
b5307920-01db-4127-b0a8-853a8fef3e4f,13595,leta-giovane,2019-11-03T00:00:00,2019-11-03T12:33:06,OK
b2859105-cc81-412d-9e52-a1a55fcb214d,24479,imparare-a-cadere-recensione,2021-04-09T00:00:00,2021-04-09T07:07:22,OK
b362cc6b-03b2-4796-909d-d0961e9af10b,9720,non-vuole-piu-andare-a-messa,1994-09-02T00:00:00,1994-09-02T12:42:56,OK
b1ad914e-71fb-4e41-9661-f6f31e4c58d7,42621,questestate-faremo,1976-09-20T00:00:00,1976-09-20T18:50:34,OK
b3dbe032-996d-419c-9551-6e9556f52e4e,38165,chopin-diversamente-impresa,2014-03-29T00:00:00,2014-03-29T12:10:35,OK
b1f1b179-cd27-4521-a05d-2317b694a63c,44601,quel-giorno-pioveva,1978-06-15T00:00:00,1978-06-15T11:30:34,OK
b3d0c426-9e94-4c55-a3b1-9e20af72d9af,7465,dipendente-ma-libero,1990-06-21T00:00:00,1990-06-21T11:17:01,OK
b21513ed-d4c8-4f3f-bc83-3fa527295000,28682,la-cosa-piu-bellissima,2022-06-22T00:00:00,2022-06-22T11:33:41,OK
b3af8677-bc4a-4151-94ce-275cfebf99a3,45318,leducazione-dei-bambini-cosiddetti-lievi-si-ma-quale,1979-06-16T00:00:00,1979-06-16T19:00:34,OK
b322e639-4ffd-46ef-9d58-742c2f7f1896,8517,lucca-in-mostra-i-quadri-di-artisti-con-disabilita-mentale,2018-05-31T00:00:00,2018-05-31T12:02:53,OK
b2659d92-0078-46b8-8641-c1e3be0a1f72,46217,letture-consigliate-la-vita-puo-ricominciare-recensione,1980-06-16T00:00:00,1980-06-16T16:30:34,OK
b4a52c3e-19e9-4f96-bf2c-66f3d4862e2a,2069,vita-fede-e-luce-n-3,1983-09-30T00:00:00,1983-09-30T15:15:05,OK
b1e7e104-db3a-4cbd-8997-4d640950c7c3,47095,ti-chiamano,2024-02-07T00:00:00,2024-02-07T12:30:40,OK
b618456b-596e-49f8-9654-5dea36a3c659,40494,liberta,2018-11-03T00:00:00,2018-11-03T10:45:34,OK
b570786b-1774-4422-98e3-eb10777fa972,17973,il-disabile-nella-societa-prospettive-di-integrazione-recensione-libro,2000-09-28T00:00:00,2000-09-28T07:03:16,OK
b7586600-5258-4e57-afa4-a5267a48ff44,24933,handicap-e-liturgia-novita-nel-dizionario-di-liturgia-per-sacerdoti-e-catechisti,2002-06-14T00:00:00,2002-06-14T09:20:40,OK
b825987c-b70e-4170-a3e4-d99843fb7422,13660,tanto-io-non-la-perdo,2019-11-05T00:00:00,2019-11-05T11:30:55,OK
b5d49e4a-e7b8-4a3a-a031-a874939eb3ce,7810,equipe-di-coordinamento-come-funziona,1990-09-26T00:00:00,1990-09-26T12:35:10,OK
b62e2043-c7a5-4db7-b669-7f9911f75814,2265,secondo-le-possibilita-e-secondo-il-vangelo-chiediamo-alle-comunita-religiose,1984-03-30T00:00:00,1984-03-30T19:22:03,OK
b587b2b1-9796-4ef4-87e9-40ce4706e235,12747,natura-sport-e-cultura-ad-eboli-parte-la-colonia-per-persone-con-disabilita,2019-09-05T00:00:00,2019-09-05T10:28:46,OK
b84a287e-1a30-4bea-b5a6-70cdaad9608d,26045,e-poi-saremo-salvi-recensione,2021-07-21T00:00:00,2021-07-21T07:31:10,OK
b7073215-750d-4a3e-bb98-b1f35156ad8f,11074,ogni-uomo-e-una-storia-sacra,1996-12-15T00:00:00,1996-12-15T12:35:30,OK
b83b8f5d-b2bb-4118-b7ca-448346b17b78,10482,oltre-lhandicap-esperienze-e-proposte-a-contatto-con-bambini-autistici-down-cerebrolesi-ipoacusici,1996-03-03T00:00:00,1996-03-03T09:51:04,OK
b57c106d-aa82-4148-9635-8fb01516e014,11214,devotio-come-facilitare-la-partecipazione-di-persone-con-disabilita-alla-liturgia,2019-02-12T00:00:00,2019-02-12T14:56:56,OK
b73d36d3-c837-4839-a72a-720e0d1695a1,20178,nonostante-jean-vanier-larca-rimane,2020-01-02T00:00:00,2020-01-02T10:18:37,OK
b6013643-d2a5-42f9-b2d6-8297bafb1838,8729,come-essere-amici,1992-06-06T00:00:00,1992-06-06T12:14:57,OK
b7afa260-7c71-467d-a40d-10e37257b34a,13037,irene-e-i-suoi-in-casa-maria-grazia,1999-12-17T00:00:00,1999-12-17T22:13:04,OK
b64599bc-2108-4cce-b022-097e9f2f5ec8,12908,verso-la-maturita,1999-09-13T00:00:00,1999-09-13T07:00:55,OK
b553bb6b-807e-4aed-9af3-02df574c3d35,9723,un-fardello-pesante,1994-09-02T00:00:00,1994-09-02T12:47:13,OK
b5716033-a7d1-42d4-bcb8-4e5a570d78a3,11754,isacco-il-figlio-imperfetto,2019-04-15T00:00:00,2019-04-15T07:15:15,OK
b777f620-cede-4fe7-b1ff-a99d51b58199,15768723,cronaca-di-due-giorni-accidentati,2025-11-17T00:00:00,2025-11-17T13:00:15,OK
b86b4ab5-67dd-42be-9b65-b41a4ae1c873,39375,la-sfida-di-chi-ama-di-piu,2016-06-16T00:00:00,2016-06-16T13:05:14,OK
b77aa681-36fb-48f4-a834-a7ea1a2046ba,9930,un-tema-difficile-e-delicato,1995-03-16T00:00:00,1995-03-16T21:34:34,OK
b842c431-47cc-40e1-81b2-be1028190a72,39562,pedagogia-del-dolore-innocente-recensione,2016-12-16T00:00:00,2016-12-16T09:00:14,OK
b822bc0b-67d2-419e-aaa6-ed628bbff63a,36323,famiglie-in-esilio-ferite-ritrovate-riconciliate-recensione,2012-03-16T00:00:00,2012-03-16T10:00:09,OK
b642327b-ec02-428f-aac2-5c79426a35d0,34680,vita-fede-e-luce-n-109-eillaboun-a-casa-di-sammanher,2010-03-16T00:00:00,2010-03-16T16:26:10,OK
b6235fa9-bbd0-474e-bdd7-fbe4c4d2cbc4,38150,un-gioco-da-fare-quando-fuori-piove,2014-03-29T00:00:00,2014-03-29T11:09:35,OK
b620e28b-f73d-4535-a516-ab0c8f9d8185,12196,maria-e-i-delfini,1998-06-17T00:00:00,1998-06-17T08:50:12,OK
b7a49db6-0d24-4b23-b71d-3ebba20aa6da,46148,gli-altri-vostri-figli-lhanno-accettato,1980-06-16T00:00:00,1980-06-16T18:10:34,OK
b76dcd82-0e46-4fe7-bd6a-af804cbf2151,44083,oltre-le-barriere-imposte,2024-06-19T00:00:00,2024-06-19T12:27:35,OK
b8a3d1cd-1143-4c01-b0b0-7a3155a8ebf0,6109,temevo-non-accettata-catechista,1992-09-14T00:00:00,1992-09-14T10:09:16,OK
b5f21945-3e70-4378-97a2-62bda7e06a8c,39090,osservazioni-di-una-mamma-qualunque-recensione,2016-03-25T00:00:00,2016-03-25T09:00:53,OK
b7f78061-c117-4617-a5b9-fb25117f0149,45484,una-prospettiva-degna-della-nostra-umanita,2024-10-16T00:00:00,2024-10-16T13:32:02,OK
b8b60b0b-8b54-4417-bb21-87d16961d468,46457,marina-di-camerota-venti-giorni-di-prime-volte,1980-12-16T00:00:00,1980-12-16T16:50:34,OK
b628a86e-d02f-4eba-96d3-abd9100da964,35635,corsa-in-taxi,2010-12-03T00:00:00,2010-12-03T17:30:12,OK
b797d6bc-eb8e-40c4-af90-ff05ebbefc6e,40191,il-progetto-girotondo,2018-03-26T00:00:00,2018-03-26T11:18:42,OK
b61f3b13-2a9e-4287-bc07-460b88e94fe3,36135,nel-profondo-della-malattia-una-comunione-e-possibile,2011-12-04T00:00:00,2011-12-04T09:35:14,OK
b751af78-7468-4558-9ef4-0b87603274d7,36026,vita-fede-e-luce-linizio-di-un-cammino,2011-09-04T00:00:00,2011-09-04T19:51:14,OK
b87f0377-c852-427e-b9ad-65c2c8386e16,37855,cosa-fare-delle-nostre-ferite-recensione,2013-09-13T00:00:00,2013-09-13T15:00:04,OK
b7cd66ff-7a5d-42c5-b43e-b953d8979c2a,33551,adolescenti-allo-sbaraglio,2008-06-27T00:00:00,2008-06-27T11:47:11,OK
b8c584d6-f142-4eff-a0e0-0d35ffdf9d86,42332,tenerci-per-mano-insieme,2023-11-10T00:00:00,2023-11-10T10:27:53,OK
b7810fda-08e1-4641-9bc9-30abd1340772,43890,riscoprire-una-chiesa-domestica,2024-03-25T00:00:00,2024-03-25T17:39:04,OK
b6e81336-2d12-4917-9526-1092458f951c,42759,il-circo-delle-meraviglie-recensione,2023-11-29T00:00:00,2023-11-29T11:26:18,OK
b6ecb8f8-f473-453c-ae76-14b077db621b,30521,trovare-la-pace-recensione,2004-12-14T00:00:00,2004-12-14T15:57:02,OK
b7cd9e3a-6c70-47ff-85b9-cb01e2aa6e54,24269,io-non-lo-so-cosa-mi-aspetto-dal-futuro,2021-03-02T00:00:00,2021-03-02T11:56:08,OK
b86711e0-827d-4139-95c8-fdf05bc5e958,36354,sindrome-di-costello-la-storia-di-sandrino,2012-03-16T00:00:00,2012-03-16T10:30:09,OK
b82d4971-aaab-40a5-897f-b797598f2586,34689,essere-mamma-che-senso-ha-la-vita-di-mio-figlio-paolo,2010-03-16T00:00:00,2010-03-16T16:29:10,OK
b7c21d50-73b9-4dff-8e7f-8b2dff9eac09,10915,sono-molti-ad-aspettare,1996-09-27T00:00:00,1996-09-27T09:04:01,OK
b6ce0194-421c-4448-ad78-cddeb1507d0a,26905,5-conferenza-internazionale-sullautismo-1983,2003-09-03T00:00:00,2003-09-03T16:32:46,OK
b8a72bc3-3d66-4316-a4e9-6ea710bfab28,30249,come-guardiamo-le-persone-diverse-da-noi-le-riflessioni-di-alexandre-jollien,2004-06-11T00:00:00,2004-06-11T17:44:20,OK
b5d41840-f054-4982-b63b-067966cb3f3e,46879,cosa-e-fede-e-luce-tre-risposte,1981-12-20T00:00:00,1981-12-20T14:30:34,OK
b5d5bbce-4452-4bb3-8ad7-7bafd59bf000,10061,dialogo-con-il-cardinale-martini,1995-06-02T00:00:00,1995-06-02T12:08:49,OK
b88d8aee-1e34-4716-9a18-d71a05aa27af,20045,insieme-primo-articolo,1974-01-30T00:00:00,1974-01-30T16:54:51,OK
b9768b2a-8472-442f-bba7-fc1656ee4934,21845,la-locanda-dei-girasoli,2001-12-25T00:00:00,2001-12-25T14:10:06,OK
bbcac4f4-0054-4ad5-a419-d5b041e5bba3,617,la-paralisi-cerebrale-infantile,1983-06-29T00:00:00,1983-06-29T19:53:41,OK
b914bb4c-64cf-49da-9cfa-fe661d7a8b55,9976,fumetto-e-disabilita-divertimento-cultura-ecumenismo,2018-10-25T00:00:00,2018-10-25T11:04:20,OK
b94206e7-5e19-42b4-90d4-04061a44b428,40968,dialogo-aperto-n-162,2023-08-17T00:00:00,2023-08-17T08:55:09,OK
ba84d335-1902-4c67-9ed1-3ef11699258a,15767935,working-at-the-restaurant-is-always-fun,2025-08-18T00:00:00,2025-08-18T15:29:39,OK
ba06662a-d08a-4d9f-b9f1-d765089979c1,36231,cosa-ti-manca-per-essere-felice-recensione,2012-03-16T00:00:00,2012-03-16T09:37:58,OK
bacf2922-c597-4f7c-bdbd-b5b3573c2928,7816,il-4-momento-tra-un-incontro-e-laltro,1990-09-26T00:00:00,1990-09-26T12:41:25,OK
b9c55b49-01e0-45b8-b270-2d61bd9e0259,38214,il-respiro-leggero-dellalba-recensione,2014-06-29T00:00:00,2014-06-29T09:00:35,OK
ba8990e3-e3b2-46b1-a61f-1963fe823716,6458,airbnb-accomable-un-aiuto-ai-viaggiatori-disabilita,2018-02-22T00:00:00,2018-02-22T10:41:37,OK
b9f1575a-0c5e-4432-b063-f4595924d6f6,12111,10-passi-verso-il-pensiero-positivo,1998-03-04T00:00:00,1998-03-04T09:29:19,OK
b9108d17-5e90-4909-98a9-cba5fb240852,48751,22-fun-mini-games-to-play-together,2025-06-26T00:00:00,2025-06-26T16:38:42,OK
bac64caf-1624-4ae8-9f9d-5a3a60bac2d5,32254,alzheimer-il-grande-amore-di-sua-sorella-marta,2006-12-28T00:00:00,2006-12-28T08:02:51,OK
bad1b0c3-cb68-4a0d-a309-bfe7034c45a4,40678,la-mia-prima-vittoria,2023-07-15T00:00:00,2023-07-15T08:42:47,OK
bb2bde6e-f5d0-42bc-9df5-4ade569bcfc3,39063,il-libro-di-cristopher-a-wonder-story-recensione,2016-03-25T00:00:00,2016-03-25T09:00:53,OK
b97d2547-f045-4e1b-85ac-278adc30649e,9650,quando-il-gioco-e-difficile-o-impossibile,2018-08-18T00:00:00,2018-08-18T14:38:32,OK
ba86cdf6-18c1-4cc6-94e4-efa10532786d,39680,ho-amici-in-paradiso-recensione,2017-03-16T00:00:00,2017-03-16T09:01:14,OK
bc7e1517-5fdf-4c26-aa26-278c01980a71,9921,alleta-in-cui-si-cambia,1995-03-16T00:00:00,1995-03-16T21:19:30,OK
bcccff71-2f9c-4e91-9730-d08e691b5081,9292,proviamo-unaltra-volta,1993-09-09T00:00:00,1993-09-09T10:14:48,OK
baa9d8f2-c545-4661-937b-e9f537abee89,28522,forza-roma,2022-05-28T00:00:00,2022-05-28T09:23:41,OK
b9901573-827a-4790-918b-20835c2abf48,41266,dialogo-aperto-n-155,2021-08-23T00:00:00,2021-08-23T11:13:21,OK
b9f27278-2b04-47cd-be39-6876b2180f42,41947,cosa-vedremo-a-roma-durante-il-pellegrinaggio-1975,1975-07-03T00:00:00,1975-07-03T10:40:34,OK
bbc90912-c35e-4386-aff8-8edc7f8b5c6c,10627,un-teatro-diverso,1996-06-14T00:00:00,1996-06-14T17:07:30,OK
b9b611a1-9ac7-4ad1-9e85-21dc15ce1f53,44643,quando-arrivano-le-vacanze,1978-09-20T00:00:00,1978-09-20T09:30:34,OK
ba4353df-b651-4464-b32e-136850dc0650,14976,unica-nel-suo-genere,2020-01-02T00:00:00,2020-01-02T14:05:46,OK
b96c4ade-efa2-4ec0-996b-365662b3d355,19660,centro-del-libro-parlato,2001-03-09T00:00:00,2001-03-09T13:13:14,OK
b9e1517f-48f4-4a96-bf1c-9018546e3b1a,46155,una-realta-esigente,1980-06-16T00:00:00,1980-06-16T18:00:34,OK
bbd4646c-f567-4a22-a81d-82fe50330644,9132,possibilita-e-capacita-nascoste,1993-06-21T00:00:00,1993-06-21T10:55:27,OK
b95feb17-15d7-45fe-a5f9-7bfa08d30349,13614,son-mother,2019-11-03T00:00:00,2019-11-03T12:44:32,OK
b981d6c9-01fd-4af9-b904-33682a456890,39709,i-geni-del-futuro-crispr-cas9,2017-03-16T00:00:00,2017-03-16T11:00:14,OK
b8e72d6b-b91d-4f92-a481-48a44279fd64,9260,dialogo-aperto-n-43,1993-09-09T00:00:00,1993-09-09T08:57:03,OK
b8c7e1c0-69e6-4ed0-a218-90feb8c762bf,8422,in-your-shoes-concorso-studenti-inclusione,2018-05-28T00:00:00,2018-05-28T08:22:47,OK
b8d14365-68c2-4cff-b020-dd232f38350b,19709,domenica-pomeriggio,2001-03-09T00:00:00,2001-03-09T14:38:58,OK
b9c56ad8-2731-4fa6-a55e-d8b5d6ecfcde,44079,quel-portachiavi-uguale-al-mio,2024-06-19T00:00:00,2024-06-19T12:12:56,OK
bc3ab4da-fe4e-4c52-8088-cd9ee940fd4a,38413,il-lato-b-di-essere-papa-di-un-figlio-disabile,2014-09-29T00:00:00,2014-09-29T10:20:49,OK
bbdbf91c-5843-4f4e-ae10-f4b5f0ff179d,34851,dialogo-aperto-n-110,2010-06-17T00:00:00,2010-06-17T12:02:14,OK
bb00a6b5-455f-4773-b9a8-ae6b220a6d51,35566,ricordi-di-mia-madre-recensione,2010-12-03T00:00:00,2010-12-03T16:55:12,OK
babda0d4-4faf-420d-91f8-331cc5804cb3,7118,laltra-gente-convivere-con-lhandicap,1989-06-20T00:00:00,1989-06-20T10:58:17,OK
bc57ac56-e4bd-4828-a21e-f968131eb574,26308,come-far-nascere-una-nuova-comunita-fede-e-luce,2003-03-13T00:00:00,2003-03-13T14:37:38,OK
bbab908e-8c73-453d-b126-f15150073bf5,37811,non-smettete-di-crederci-mai-recensione,2013-09-13T00:00:00,2013-09-13T15:00:04,OK
b94d0d60-ffee-40e6-bc90-a3ab61ec221a,24192,il-diritto-di-chi,2021-02-24T00:00:00,2021-02-24T00:05:53,OK
baa0411b-a2c3-4614-a5ce-242f9b8eb1c9,41084,questa-cosa-non-mi-piace-per-niente,2022-10-18T00:00:00,2022-10-18T09:36:53,OK
bbca7792-8478-4f5b-b29d-e4b4e03fcd4a,46273,consumare-lo-stesso-pasto,1980-09-16T00:00:00,1980-09-16T18:00:34,OK
bbfd245c-40ba-433f-a06b-5c1df958dc9d,46127,jean-vanier-libano,1980-06-16T00:00:00,1980-06-16T18:50:34,OK
bc89f246-d06c-427d-b530-449ed0da1d53,17577,pappagalli-verdi-cronache-di-un-chirurgo-di-guerra-recensione,2000-06-20T00:00:00,2000-06-20T08:46:44,OK
bbc1f22b-ad11-4bae-bb9f-6eba3b238b3c,30539,essere-vicini-a-chi-e-in-fin-di-vita-2,2004-12-14T00:00:00,2004-12-14T16:06:49,OK
baed41bf-b0e5-4978-a68c-026aa70bcebc,44197,editoriale-amici-o-fratelli,1977-12-08T00:00:00,1977-12-08T11:15:34,OK
ba0ccf7b-f6fd-4172-a64c-831060237808,15768246,venezia-82-quando-la-realta-ti-insegue-dentro-al-cinema,2025-09-16T00:00:00,2025-09-16T09:33:34,OK
ba7c256d-b32d-4911-9b83-86a8732a0415,10844,ho-guadagnato-un-anno-al-carro,1996-09-22T00:00:00,1996-09-22T08:50:47,OK
b9227437-5703-4ba6-a8f9-a621728fed76,6198,animare-un-gruppo,1987-09-25T00:00:00,1987-09-25T13:05:16,OK
bb60f73c-0a0a-497b-ad16-455873562f61,48364,con-la-valigia-ma-senza-bagaglio,2025-05-14T00:00:00,2025-05-14T12:20:53,OK
bd0777c4-a29f-4059-afda-752c7a8f5bed,8803,si-e-aperta-una-finestra-nella-nostra-vita,1992-09-07T00:00:00,1992-09-07T15:51:21,OK
bd1b7116-c4a9-4f8a-9a71-3d72a30ca145,45208,alle-superiori-con-la-sindrome-di-rett,2024-08-26T00:00:00,2024-08-26T17:00:03,OK
be096ce1-a60b-4a43-b150-1003a7083431,21784,famiglie-una-riflessione-di-padre-roberti,2001-12-25T00:00:00,2001-12-25T12:26:35,OK
bda7d270-4d8d-426a-8646-e18348caf523,12052,lettere-a-jean-natalia-livi,2011-02-08T00:00:00,2011-02-08T14:32:51,OK
be6d64ff-4231-47d1-877f-649466a9dc35,10515,pane-amore-e-fantasia,1996-03-04T00:00:00,1996-03-04T17:22:59,OK
bf831251-b427-4a30-92c1-393abcf40db0,6990,vita-fede-luce-n-26,1989-06-16T00:00:00,1989-06-16T11:05:26,OK
bea3eeb0-fe3a-417e-a34f-c12122635e9d,32756,dialogo-aperto-n-99,2007-11-09T00:00:00,2007-11-09T15:42:24,OK
be2a9313-8240-4a84-8791-65f9fd3cdfb8,15768284,a-san-sebastian-il-silenzio-diventa-linguaggio,2025-10-10T00:00:00,2025-10-10T07:50:25,OK
bf60996f-3448-4062-b620-eb2a86f0c4de,43098,esperienze-estive-fra-arche-e-mary-mount,1976-12-20T00:00:00,1976-12-20T10:30:34,OK
c0930ddb-29b3-43be-84af-f1819db07571,8887,vita-fede-e-luce-n-40-incontro-alpi-danubio,1992-12-13T00:00:00,1992-12-13T10:03:34,OK
bd7ed4c8-93b7-489f-b3f9-b54f8a12138e,15049,non-tutto-buio,2020-01-03T00:00:00,2020-01-03T09:26:45,OK
bf8e4862-471d-4d2e-adc9-1481a853ffc0,20991,pellegrinaggio-a-roma-con-foi-et-lumiere,1975-02-01T00:00:00,1975-02-01T10:08:50,OK
bd9b1c6d-26df-468b-b799-31159378196d,14519,cinema-e-disabilita-i-3-film-di-emilio-ranzato,2019-11-26T00:00:00,2019-11-26T17:24:00,OK
bdebdfca-25cd-4038-aef3-79749b83e018,41634,venice-impressive-la-sezione-in-realta-virtuale-della-biennale,2023-09-22T00:00:00,2023-09-22T16:41:23,OK
bcf8ba08-ddce-4398-9173-46534b55d5ae,44436,pellegrinaggio-assisi-1978-luis-sankale,1978-03-07T00:00:00,1978-03-07T10:50:34,OK
bfc50176-0b50-4176-9521-ab33a2b95491,25469,ora-la-mia-vita-sta-riprendendo-forma-e-colore,2002-09-01T00:00:00,2002-09-01T14:38:46,OK
be0921c4-6e91-4885-9d7f-352350b404cd,20554,si-continua-a-crescere-insieme-anche-il-bollettino-insieme-cresce-e-sempre-di-piu,2020-06-11T00:00:00,2020-06-11T06:35:23,OK
bd30d779-fe93-416e-a0ba-46be57e46889,43905,lavorare-come-cameriera-mi-piace-tantissimo,2024-03-25T00:00:00,2024-03-25T17:35:16,OK
bd36e66d-e07d-4778-be42-985b916580b7,46267,via-plinio-30,1980-09-16T00:00:00,1980-09-16T18:10:34,OK
be8470a0-131b-48d1-a04c-ad2c91af3f8a,5904,ombre-luci-n-18-1987-sfogliabile,1987-06-30T00:00:00,1987-06-30T23:08:57,OK
bdab4f5e-d5c8-4e5f-945b-7a642c0f31a8,46709,va-verso-i-tuoi-fratelli-e-di-loro,1981-09-16T00:00:00,1981-09-16T17:31:34,OK
bdb9a244-712a-4537-bd3e-310829c99e2b,38830,la-poverta-delle-beatitudini,2015-03-19T00:00:00,2015-03-19T10:40:08,OK
bf5fbb99-69dd-4174-baf6-11b5ff32b61a,9088,vivere-con-rifiutati,1993-06-20T00:00:00,1993-06-20T18:19:20,OK
bccf8e0c-d8de-43c9-8058-590f23fdb947,9461,la-bambina-che-andava-a-pile-recensione,2018-06-30T00:00:00,2018-06-30T07:30:13,OK
bf42e9bb-19d6-4347-9d4c-5191d7a41218,15215,jean-vanier-le-sacrament-de-la-tendresse,2020-01-08T00:00:00,2020-01-08T11:54:41,OK
bd106954-847e-402c-a528-c44ccb94d23e,15768380,diario-del-campo,2025-09-07T00:00:00,2025-09-07T17:43:07,OK
bd9b6263-d1ca-445c-a763-f7e637623d5b,7219,i-pasti-di-francesca-un-rito-e-una-avventura,1989-12-26T00:00:00,1989-12-26T11:08:37,OK
be8278c0-e882-4a57-89d4-1b5e3a144d82,39606,i-doni-di-dio,2016-12-16T00:00:00,2016-12-16T09:55:14,OK
bf60bedc-fdb2-4436-ad75-60e4fd868195,46985,primo-campeggio-fede-e-luce,1981-12-20T00:00:00,1981-12-20T11:01:34,OK
bcebf5d2-05ad-4c86-ad76-579835bbb7e7,4419,lemozione-non-voce,2014-03-29T00:00:00,2014-03-29T12:07:25,OK
bf628f6f-0192-4026-b633-abdf081ca099,26371,dario-sei-anni-ci-parla-i-bambini-che-capiscono-di-fede-e-luce,2003-03-13T00:00:00,2003-03-13T15:46:18,OK
bd51d106-49ca-4b25-acb5-c0d5d6b1eab6,16598,newsletter-n-10-sulla-regia-non-credente-di-lourdes,2020-02-22T00:00:00,2020-02-22T07:54:13,OK
bdf939c4-4194-482f-b40b-592d49320cc4,7716,per-altri-valori-fede-e-luce-in-svizzera,1990-09-26T00:00:00,1990-09-26T10:32:48,OK
bd741429-24ef-4ef2-b17b-30da581f44ea,4625,un-mondo-scoprire-camminando-fermandoci,2005-09-05T00:00:00,2005-09-05T10:45:16,OK
bf406f15-50ae-4609-b5e1-8743df537940,43085,a-tutti-i-gruppi-fede-e-luce,1976-12-20T00:00:00,1976-12-20T10:00:34,OK
bf9f229b-0e50-47ef-b898-3e902e740312,12561,un-fratello-da-nascondere,1999-06-16T00:00:00,1999-06-16T12:27:33,OK
bd261c08-80f3-42da-9ed9-1abd2480adfb,39684,leutanasia-di-dio-recensione,2017-03-16T00:00:00,2017-03-16T09:02:14,OK
bf7b3c06-a39b-410c-9ef9-5738965fb101,12905,laboratorio-la-stelletta,1999-09-13T00:00:00,1999-09-13T06:54:21,OK
bfb4c824-08e8-48d4-a69c-3eb6dc63bfd5,39466,il-valore-del-cammino-insieme,2016-09-16T00:00:00,2016-09-16T10:55:14,OK
beff6862-e36d-4de9-b7cb-c35643d62a68,228,vacanze-con-la-differenza-nel-cuore,1983-09-30T00:00:00,1983-09-30T19:33:09,OK
bdf5eb58-5117-4ef6-8875-d64e160d9fa2,48739,from-that-closet,2021-07-06T00:00:00,2021-07-06T16:08:29,OK
be69a10d-b62b-4626-970d-a9e7e2cab1a9,8584,la-depressione,1992-03-05T00:00:00,1992-03-05T07:27:27,OK
bf71e990-dd47-4828-b61e-57dde9e33e18,5879,il-nostro-cammino,1996-12-15T00:00:00,1996-12-15T14:40:49,OK
bfe9fceb-a88a-4fcc-b2cb-c27a73550f58,16027,teologia-disabile,2020-02-07T00:00:00,2020-02-07T00:57:37,OK
bf5b6108-9635-46e5-aa28-a0d7c0970e69,11117,lo-sguardo-degli-altri,1996-12-15T00:00:00,1996-12-15T16:31:21,OK
bf7247e6-8e33-417f-8e68-68a1e8a7cefb,21790,centro-di-solidarieta-don-lorenzo-milani,2001-12-25T00:00:00,2001-12-25T12:34:28,OK
bdd03dc4-17e4-42bd-bd4b-98ae4a38fe01,34387,disabilmentemamme,2023-03-08T00:00:00,2023-03-08T13:38:54,OK
bcedc6a3-1d12-43f1-ab8e-c2e528bba2cf,21625,un-giornalino-una-donna-un-convento,2020-09-16T00:00:00,2020-09-16T11:01:15,OK
be8482e9-4d4c-4cb8-80ee-c811eaf61bcf,7456,spastico-un-modo-improprio-di-indicare-una-persona-colpita-da-una-paralisi-cerebrale,1990-06-22T00:00:00,1990-06-22T11:06:43,OK
c0001d20-ec47-4664-898e-d513fdf4c51e,371,dialogo-aperto-numero-3,1983-09-30T00:00:00,1983-09-30T11:15:03,OK
c0d84fca-9e4f-4bd2-889e-98902e801974,26359,una-scuola-di-vita-non-e-sempre-facile,2003-03-13T00:00:00,2003-03-13T15:33:35,OK
c1c6e447-6c9f-403a-9b12-445b8eb69544,44650,ci-hanno-scritto-n-18,1978-09-19T00:00:00,1978-09-19T09:30:34,OK
c1ee660c-b02e-4c87-aa84-8a734265a531,43118,attivita-di-tempo-libero-e-vita-comunitaria,1976-12-20T00:00:00,1976-12-20T11:20:34,OK
c0eda1f7-eecc-4dbd-a138-4383f8357aea,9556,competere-col-dolore,1994-03-16T00:00:00,1994-03-16T15:58:44,OK
c2f8cbc2-dffa-4964-b69e-b5b8e941580f,7149,come-riconoscere-la-sordita-infantile,1989-06-21T00:00:00,1989-06-21T11:54:23,OK
c14ac867-23de-4fb1-b0ba-852b273dd056,23790,storie-di-lavoro-chi-sarei-se-potessi-essere-la-condizione-adulta-del-disabile-mentale,2002-03-08T00:00:00,2002-03-08T10:59:37,OK
c2064666-78de-453f-b674-2a027bfaeb89,3050,vita-fede-e-luce-n-9,1985-03-26T00:00:00,1985-03-26T14:22:12,OK
c0a0ccbb-375e-410e-a42f-c9faf547abd5,11680,il-casale-delle-arti-e-mestieri-un-progetto-di-integrazione-per-ragazzi-autistici,2019-04-02T00:00:00,2019-04-02T08:28:24,OK
c0a6ab00-3cc8-43b3-b18a-0762eb605087,30061,dialogo-aperto-n-85,2004-03-10T00:00:00,2004-03-10T16:35:19,OK
c1f583cc-1401-4b58-babe-734f323624d7,20194,che-significa-essere-fedeli-alleredita-che-si-e-ricevuta,2020-07-02T00:00:00,2020-07-02T11:22:04,OK
c2273be3-e7bc-4400-b4c3-769102c500bd,38139,fede-e-luce-in-terra-santa,2014-03-29T00:00:00,2014-03-29T11:09:35,OK
c2da4241-ce1d-4d4f-9ab9-8b0b8e42de0a,30257,perche-esiste-la-disabilita-e-dio-il-responsabile-del-mio-handicap,2004-06-11T00:00:00,2004-06-11T17:56:35,OK
c3575e81-c72a-4f46-9f84-9678a132708e,46833,13-con-maria,1981-12-16T00:00:00,1981-12-16T16:30:34,OK
c0a47082-6ab8-4c20-900c-6dea9120960b,26399,fino-allultimo-respiro,2003-03-13T00:00:00,2003-03-13T16:10:53,OK
c24cb56b-509a-484d-8ff8-844ed8b47da1,33733,integrazione-del-disabile-radici-e-prospettive-educative-recensione,2008-09-03T00:00:00,2008-09-03T11:50:50,OK
c3632c69-eea6-4183-8a82-c2a4aae3706e,35735,arturo-paoli-ne-valeva-la-pena-recensione,2011-03-04T00:00:00,2011-03-04T15:44:14,OK
c1a90d38-5cee-4771-86ee-b98c6fe77b68,24605,a-4300-metri-di-altitudine-newsletter-n-31,2021-04-16T00:00:00,2021-04-16T20:18:50,OK
c1c4a188-8f4f-4c40-8960-50adfd22367f,27052,cronache-da-venezia-78,2021-09-15T00:00:00,2021-09-15T08:24:14,OK
c2d95bbb-2e33-41ad-aaf9-b5013a731da2,7468,lettera-di-speranza-alle-mamme-e-ai-papa,1990-06-21T00:00:00,1990-06-21T11:20:25,OK
c11bc7c3-9585-45ee-8cc4-ec11a4ae3c76,8914,dialogo-aperto-n-40,1992-12-12T00:00:00,1992-12-12T11:12:41,OK
c3904c68-df91-4119-bc13-c4a139a26bec,4809,natale-giappone,2013-12-14T00:00:00,2013-12-14T11:26:11,OK
c1a4e579-6982-4ce8-b4aa-7dbd91de5864,31896,agli-amici-vici-siate-disponibili,2006-06-21T00:00:00,2006-06-21T11:07:45,OK
c0a1575c-dafd-49e0-917d-3d65caaf51e2,8811,testi-e-sussidi-per-la-catechesi-alle-persone-portatrici-di-handicap,1992-09-07T00:00:00,1992-09-07T16:10:41,OK
c3289dc6-3375-4e62-bb51-c44bc19a7e31,42636,notiziario-di-fede-e-luce-n-10-1976,1976-09-20T00:00:00,1976-09-20T17:45:34,OK
c0b00a82-193e-4161-b2bf-4706af9c914c,41125,dialogo-aperto-n-158,2022-05-18T00:00:00,2022-05-18T10:47:26,OK
c0de59ea-f717-44e1-9951-9a14812eacb2,23811,conoscere-lhandicap-la-sindrome-di-williams,2002-03-08T00:00:00,2002-03-08T11:26:42,OK
c2c7fcca-ca99-4ca6-9a6e-2356f73c2dbe,10054,dalla-tenebra-alla-luce,1995-06-02T00:00:00,1995-06-02T11:52:25,OK
c211c162-d704-495a-abb1-29b217ff0b5f,37477,un-po-di-follia-per-fare-meraviglie,2013-03-10T00:00:00,2013-03-10T15:05:04,OK
c22133b9-4dc7-4e24-b029-7e943876c2a2,4807,dalla-disperazione-alla-speranza,1986-03-28T00:00:00,1986-03-28T11:22:53,OK
c1e0c302-d75e-4e86-8ad7-3be578b43d40,11166,conclusi-i-xxx-giochi-nazionali-invernali-special-olympics,2019-01-22T00:00:00,2019-01-22T18:07:11,OK
c2c306dd-5595-4984-9972-28bed6e5e34f,8595,lettera-a-un-medico-per-la-nascita-di-un-bambino-disabile,1992-03-05T00:00:00,1992-03-05T08:27:25,OK
c341a46f-faa6-42e7-83d8-66a73462f281,8981,lhandicappato-mentale-adulto,1993-03-18T00:00:00,1993-03-18T10:57:08,OK
c3770593-ef54-4387-bba4-e9a093770e29,47043,piccole-ma-decisive,2025-02-07T00:00:00,2025-02-07T10:29:28,OK
c2b82a3f-0b20-4627-bee2-5115e4fd0089,39622,bisogna-accettare-che-un-bambino-abbia-delle-resistenze,2016-12-16T00:00:00,2016-12-16T10:35:14,OK
c1a18bf8-3fef-42ec-a740-085ede1e694c,8465,domande-e-risposte-sul-domani-dei-nostri-figli,1991-12-28T00:00:00,1991-12-28T10:38:21,OK
c25bcd82-5793-4225-9ce8-bf336fb746aa,29310,voglia-di-comunicare,2018-06-30T00:00:00,2018-06-30T12:09:28,OK
c1049bcc-0527-4f92-a10b-14d740d80b9a,22764,quel-che-a-volte-serve-per-farsi-capire,2020-11-11T00:00:00,2020-11-11T09:32:28,OK
c2803d7d-524b-4531-a632-74f3b3e6109a,9256,e-la-vita-eplodera-itinerari-didattico-educativi-per-linsegnamento-della-religione-cattolica,1993-09-09T00:00:00,1993-09-09T08:40:46,OK
c110228b-4306-4270-be91-94d85d74884c,10955,scuola-disabilita-e-sostegno-su-aipd-la-guida-scaricabile,2019-01-04T00:00:00,2019-01-04T13:38:49,OK
c2130231-ba89-43e1-a156-8f7d6520f0a8,28049,come-non-perdere-cio-che-abbiamo-vissuto,2022-03-20T00:00:00,2022-03-20T10:04:54,OK
c1899e42-0254-417a-b209-b29744ea9157,37357,la-parola-alle-mamme,2012-12-10T00:00:00,2012-12-10T15:20:04,OK
c0985357-8630-4f50-86ae-63059c15b47f,7687,la-persona-fragile-via-verso-lunita,1990-09-26T00:00:00,1990-09-26T08:37:12,OK
c10b70c2-4951-4088-bc24-dd386592bbe3,42215,dietro-le-quinte,1975-12-03T00:00:00,1975-12-03T14:50:34,OK
c1eb0b24-0a71-47de-8a64-9ca597e631f2,34565,come-il-ferro-con-la-calamita,2009-12-10T00:00:00,2009-12-10T13:06:53,OK
c24e1578-5018-4fc4-9510-b6bcdf0ac7bc,15767587,fanny-who-sees-a-future-for-herself,2022-06-06T00:00:00,2022-06-06T16:17:48,OK
c0a8d7ff-8f59-47d3-b137-89958307c495,22172,recensione-listen,2020-10-19T00:00:00,2020-10-19T15:21:37,OK
c28da680-9060-4680-ba13-e17bda4bb4e4,7029,parlano-senza-parole,1989-06-16T00:00:00,1989-06-16T12:27:07,OK
c33ab1a0-2b00-495a-af79-d41feb922962,25573,la-fola-de-nadae-la-favola-di-natale-in-dialetto-veneto,2002-12-08T00:00:00,2002-12-08T11:08:13,OK
c0b66341-8f4a-42f8-93ef-871f3d77b28a,20790,come-fai-a-credere-alla-madonna,1974-06-28T00:00:00,1974-06-28T21:07:43,OK
c35ddf36-45fa-4225-a4df-d9ef3b7889be,15479,cinema-e-disabilita-i-3-film-di-claudio-cinus,2020-01-22T00:00:00,2020-01-22T12:31:13,OK
c4b7b71c-b7c7-455d-ae9c-96de671500fc,41092,non-perdo-mai-un-incontro,2022-10-18T00:00:00,2022-10-18T09:47:51,OK
c77789c7-c64f-4123-82d1-647c2debbe23,37392,superata-lultima-sala-daspetto,2012-12-10T00:00:00,2012-12-10T15:30:04,OK
c480b751-0a25-4e2e-8e4f-ece3e0a0cf88,46788,5-sono-loro-che-ci-uniscono-e-ci-guidano,1981-12-16T00:00:00,1981-12-16T17:22:34,OK
c6dc6f80-0ff0-4e76-b022-73f9a27b79e3,13378,teologia-disabilitante,2019-10-28T00:00:00,2019-10-28T16:22:06,OK
c5348ba5-cf0b-4b0d-913c-72ff07c96497,10951,la-storia-di-un-pugile-con-sindrome-di-down-come-miglior-film-al-tertio-millennio-2018,2019-01-02T00:00:00,2019-01-02T18:57:46,OK
c44bc36b-954a-4825-bfaf-732bd5938830,6044,parla-senza-parole,1987-06-29T00:00:00,1987-06-29T11:53:32,OK
c54b3518-4145-498c-8d75-0ff9f26d5f41,44789,soggiorno-allarche-1978,1978-12-19T00:00:00,1978-12-19T09:30:34,OK
c5544741-289c-470d-b21a-a4d9bf7811f8,10065,un-pellegrinaggio-di-ringraziamento,1995-06-02T00:00:00,1995-06-02T12:22:59,OK
c5f68aec-c341-4bf3-9f8a-665d0233eee2,44940,quel-dono-ricevuto-da-ricambiare,2024-08-16T00:00:00,2024-08-16T08:47:30,OK
c3e84952-f261-4f47-a525-763793cea139,38470,il-mosaico-tanti-sassolini-colorati,2014-12-15T00:00:00,2014-12-15T07:25:23,OK
c4fe6086-b43e-45ec-b705-f48edf225cff,9664,andiamo-a-giocare,1994-06-18T00:00:00,1994-06-18T15:33:53,OK
c7712c34-dfed-4353-ac6e-2d129cf87a5f,27741,di-feste-amiche-e-papa-che-si-arrabbiano,2022-01-27T00:00:00,2022-01-27T10:19:46,OK
c45a79fa-801d-43eb-8b85-fd95451b4337,39615,fede-e-luce-una-scuola-di-altruismo,2016-12-16T00:00:00,2016-12-16T10:10:14,OK
c5012b09-7c0b-42da-a344-b1e584a77205,25655,ci-e-stato-dato-un-figlio,2002-12-08T00:00:00,2002-12-08T13:41:17,OK
c6d52dc3-30a5-435b-a153-e8dc7eedee7c,39594,genitori-recensione-film,2016-12-16T00:00:00,2016-12-16T09:10:14,OK
c67af210-e7df-4c5d-af79-f4b3d8d7f55f,23723,cosa-ce-oltre-la-scuola,2021-02-04T00:00:00,2021-02-04T14:29:35,OK
c4ecd83f-ab56-4f62-bca8-31b8bdf18e5a,16765,deve-finire-prima-di-subito,2020-03-17T00:00:00,2020-03-17T11:46:43,OK
c59bc5c9-e000-421f-a75e-47d43fa7ee63,7153,dal-silenzio-alla-comunicazione,1989-06-21T00:00:00,1989-06-21T12:01:43,OK
c73f2854-fdee-4a57-804a-7392b10fb918,17534,due-videocassette-utili-per-incontri-di-riflessione-e-di-preghiera,2000-06-20T00:00:00,2000-06-20T08:11:26,OK
c4e1daf7-0f03-4926-b1ec-99e17458b05a,24302,dopo-la-passione-ce-sempre-la-resurrezione,2021-03-12T00:00:00,2021-03-12T21:29:50,OK
c7157ab4-449c-4cdd-8bd0-938f4b899b94,23423,ricordo-daniele-corrias,2021-01-13T00:00:00,2021-01-13T11:33:20,OK
c62edfaf-fdbb-4313-a210-c81827baec4f,21141,qua-e-la-per-litalia,1975-02-07T00:00:00,1975-02-07T10:29:32,OK
c6c47896-46e1-4059-94a5-d7b0870bd907,3013,care-sorelle-cari-fratelli-vi-scrivo,1985-03-30T00:00:00,1985-03-30T19:08:31,OK
c463b633-a75e-4f94-9c4e-6df652602845,44690,festa-della-primavera-a-villa-pacis-1978,1978-09-10T00:00:00,1978-09-10T09:30:34,OK
c45c27aa-f9d2-4725-a255-aa5c6acabc5f,39134,il-roveto-di-santilario,2016-03-25T00:00:00,2016-03-25T11:55:53,OK
c59f650a-46d0-4574-9317-8fcf4cf79367,40995,i-fragili-recensione,2023-08-17T00:00:00,2023-08-17T12:04:53,OK
c3da8590-14d6-4022-8405-f56325399b74,7322,forse-e-per-mia-sorella-che-sono-cosi,1990-03-21T00:00:00,1990-03-21T11:08:41,OK
c5a2b9c4-3489-4c7b-bbaa-c6b5d071fe6a,26413,abbiamo-raccolto-le-olive,2003-03-13T00:00:00,2003-03-13T16:21:44,OK
c4f81f04-508b-411d-a2ad-60060eebb676,10163,depressione-chi-mi-libera,1995-09-12T00:00:00,1995-09-12T11:25:50,OK
c3f100fb-2300-4d95-be5d-977bf736b195,6595,la-malattia-mentale,1988-03-28T00:00:00,1988-03-28T16:23:11,OK
c688411a-4ea6-432d-b72f-428024f11674,39271,giubileo-2016-per-cominciare-una-nuova-storia-di-amore,2016-06-16T00:00:00,2016-06-16T10:55:14,OK
c76e9166-5608-4668-acc9-75fa0f7563d0,7223,il-bambino-che-non-vuol-mangiare,1989-12-26T00:00:00,1989-12-26T11:13:12,OK
c6e431b1-c270-4f5a-aff3-a1600126f179,46598,perche-un-numero-dedicato-allanimazione,1981-06-16T00:00:00,1981-06-16T18:59:34,OK
c3ff1207-ccbd-496c-aca3-5fa4ca032e94,32186,lardimento-racconto-della-vita-di-don-carlo-gnocchi-recensione,2006-12-28T00:00:00,2006-12-28T07:43:24,OK
c6019e14-4a50-491e-85b3-6d5dc8efc5c6,12181,fiorangela-un-inno-alla-vita,1998-06-17T00:00:00,1998-06-17T08:04:04,OK
c5769fe8-cfb7-4202-bb65-07f9acea18ad,2431,essere-forti-per-lei,1984-12-31T00:00:00,1984-12-31T17:55:50,OK
c3d14ce3-8f91-4bc4-b518-828a8bb90f99,37148,gli-esordi-insieme-1974-1981,2023-05-08T00:00:00,2023-05-08T13:04:06,OK
c76dfb4b-445b-420c-a8fd-fbc5f33903fd,10119,essere-adulti-essere-handicappati,1995-09-12T00:00:00,1995-09-12T09:54:32,OK
c5060be6-d2d6-401e-90a8-c19d5baab606,3146,comunita-e-cooperativa-il-girasole,1985-06-29T00:00:00,1985-06-29T18:26:46,OK
c45ec1d3-f1d8-405f-8a26-8514c934d276,17818,spazio-alla-creativita,2020-04-24T00:00:00,2020-04-24T00:05:57,OK
c6383822-ee21-4a48-97b7-78b6f33fec0e,5247,tutti-bisogno-dei-sacramenti,2008-01-22T00:00:00,2008-01-22T10:43:22,OK
c6df1807-c36f-46c7-b6bd-b5dc94244ef2,8884,una-sperimentazione-per-lautonomia-delle-persone-disabili,1992-12-13T00:00:00,1992-12-13T10:01:19,OK
c65c88f4-fa98-4e95-9d61-8eeacfd49c8a,46971,18-domande-su-fede-e-luce,1981-12-20T00:00:00,1981-12-20T11:10:34,OK
c5e74e4d-8eda-4864-a957-65546f9f2648,8108,lomino-di-vetro-un-viaggio-nel-mondo-dellhandicap,1991-03-16T00:00:00,1991-03-16T10:34:29,OK
c3bbd88e-47cd-4827-ba5f-0c3aaf6506a4,30387,associazione-invitati-alla-festa,2004-09-13T00:00:00,2004-09-13T17:10:39,OK
c46f12b0-9ff5-4b5c-a342-c39717965879,28564,lotta-per-linclusione-recensione,2022-06-06T00:00:00,2022-06-06T10:08:00,OK
c4329a33-023d-409c-b38a-e5e713fa35d8,7250,anffas-open-day-porte-aperte-per-celebrare-60-anni-di-futuro,2018-03-27T00:00:00,2018-03-27T09:08:41,OK
c395ddc2-d2cc-4af8-b361-523b7ab964bd,22453,il-lavoro,2001-06-20T00:00:00,2001-06-20T09:19:22,OK
c7288410-036b-40e1-b1a7-eba504a09e8b,32427,come-in-trappola-storia-di-bambino-con-deficit-attenzione-senza-iperattivita,2007-03-02T00:00:00,2007-03-02T16:55:57,OK
c622c126-dff4-4d11-89d2-c718465cb500,28843,fotografie-da-chernobyl-allafghanistan,2022-07-14T00:00:00,2022-07-14T21:32:22,OK
c7905575-4411-4877-bb21-8f422b2e41fd,38376,non-si-puo-ridere-che-dellhandicap,2014-09-29T00:00:00,2014-09-29T09:34:49,OK
c819e2ff-8edb-4b33-8b70-2f0e02f183b4,38221,borderline-recensione,2014-06-29T00:00:00,2014-06-29T09:00:35,OK
c8faa863-2ab6-4cc4-87f6-40b1a96b7bac,33543,una-scuolina-per-crescere,2008-06-27T00:00:00,2008-06-27T11:38:41,OK
c90f5ca5-3656-46e9-830f-170807c61c44,7798,i-giorni-del-campo,1990-09-26T00:00:00,1990-09-26T12:26:33,OK
c846636b-ccd1-46f5-94ef-ff51d3ea30bb,10559,lesperienza-del-lutto-fino-ai-nove-anni-come-fare-e-come-essere,2010-10-10T00:00:00,2010-10-10T11:51:34,OK
c7e1db74-db5b-4fba-a056-8c71494ffd15,44675,come-un-raggio-di-sole,1978-09-14T00:00:00,1978-09-14T09:30:34,OK
ca05501c-f75d-42cc-8a17-a1499a722e9c,24696,eredita-dei-vivi-recensione,2021-04-23T00:00:00,2021-04-23T06:31:32,OK
c96f9d23-4213-4605-8e45-10c2f206db70,15768747,dovete-farci-lavorare-e-cantare,2025-12-23T00:00:00,2025-12-23T10:08:43,OK
c8cb25a5-8403-44f1-ad96-d408ac88c636,21775,nessuno-bambino-nasce-cattivo-recensione-libro,2001-12-25T00:00:00,2001-12-25T11:38:41,OK
c8c38aff-46ca-4fc2-90b5-b4c1f476858a,22409,il-mio-amico-carlo,2001-06-17T00:00:00,2001-06-17T17:33:17,OK
ca055856-d970-4fe7-a41b-dad33cec2b90,15135,vita-fede-e-luce-n-148,2020-01-03T00:00:00,2020-01-03T11:40:00,OK
c92eed23-52f8-430f-acb9-991e4966809f,41204,la-luce-della-comunita-e-in-noi,2023-08-24T00:00:00,2023-08-24T08:00:48,OK
c95089f3-0e02-43f1-9b86-842094b6abe4,7958,abib-mohamed-e-naima,1990-12-27T00:00:00,1990-12-27T09:06:41,OK
c7a93393-2692-4980-8199-5f1520c95f14,44473,notiziario-fede-e-luce-n-16,1978-03-02T00:00:00,1978-03-02T15:20:34,OK
ca390030-1a46-4dd3-a260-0cedff76a987,22207,laltra-venezia,2020-10-12T00:00:00,2020-10-12T10:38:32,OK
ca5b284b-800f-4d93-bcea-1b776ac2a62f,32092,come-reagire-allindifferenza-di-chi-e-vicino,2006-09-27T00:00:00,2006-09-27T15:08:03,OK
c8a306e5-31a3-4e0f-845e-969aa55095a0,25627,lettere-di-natale-alla-madre-recensione-libro,2002-12-08T00:00:00,2002-12-08T10:06:55,OK
cacd5075-9205-483e-974b-c0c958a6563e,22779,io-e-francesca,2020-11-11T00:00:00,2020-11-11T08:38:59,OK
c8ab7347-0aab-4048-b7be-5e55e6c2bd0d,12416,perche-scuola-potenziata-e-centro-socio-educativo-per-piccoli,1998-12-10T00:00:00,1998-12-10T16:22:29,OK
c889b5ba-21af-4564-909b-f9eb60e8d257,17632,il-profumo-della-menta,2000-06-20T00:00:00,2000-06-20T11:10:44,OK
c97adf6c-bc9a-4bff-83f4-4041db415bd1,18648,interpreti-di-se-stessi,2020-06-03T00:00:00,2020-06-03T05:12:11,OK
c921a574-f897-44c1-a0bc-871f599b6f46,30409,la-barca-bianca-di-joseph-larsen,2004-09-13T00:00:00,2004-09-13T17:28:47,OK
ca7d1fe8-2310-480b-a2c5-f4b4e6312837,32404,un-atto-di-gioia-in-prosa-e-altro,2007-03-02T00:00:00,2007-03-02T16:36:32,OK
c7788573-724b-4c55-9425-75436255fbf5,21368,museo-per-tutti,2020-09-14T00:00:00,2020-09-14T00:17:23,OK
c8e0084d-2c19-4b12-8441-d3d355f46529,40477,non-era-normale,2018-11-03T00:00:00,2018-11-03T11:00:34,OK
cb44e8a7-20d2-43d3-ad14-5497be4cd51c,15768692,edith-stein-and-the-courage-of-knowledge,2025-12-17T00:00:00,2025-12-17T11:31:04,OK
cb2d14dc-9418-464f-afaa-6c9071f545fc,17946,la-prima-notte-al-campeggio,2000-09-28T00:00:00,2000-09-28T06:29:04,OK
ca1df646-21ee-41eb-9f63-63b40720f934,42740,ombre-e-luci-in-inglese,2023-12-15T00:00:00,2023-12-15T08:28:06,OK
cac95c3f-d9b7-4f88-845e-9ec8c93d2589,31946,houria-come-il-corpo-guarisce-lanima,2022-10-24T00:00:00,2022-10-24T10:11:36,OK
cb7e1734-a596-48c8-814f-4b1cd734a511,17122,villaggio-senza-barriere-un-luogo-di-accoglienza-insolito,2000-03-27T00:00:00,2000-03-27T12:26:59,OK
cac2289e-190d-4ed3-816f-224dd34d52ae,6076,handicap-e-scautismo,1987-06-25T00:00:00,1987-06-25T13:07:29,OK
ca712a89-9bc4-4b5b-ab69-b4b03384e685,24766,dove-crescono-i-cocomeri-recensione,2021-05-10T00:00:00,2021-05-10T10:16:33,OK
c8f02ca9-74b7-48fb-b77e-979b6e82c2c4,24315,mia-madre,2013-09-13T00:00:00,2013-09-13T15:59:18,OK
cb66c7c9-3828-4bd2-b61d-c88bfcc02c95,30788,autismo-un-altro-modo-di-percepire-il-mondo,2005-03-16T00:00:00,2005-03-16T10:45:18,OK
cb22f15a-273a-4430-bce1-c2c7aa78d4fa,19177,nati-due-volte-estratto-libro-giuseppe-pontiggia,2000-10-26T00:00:00,2000-10-26T13:30:40,OK
ca6504ca-ba77-4f74-ba33-4da5c03abf12,7723,fuori-dalle-catacombe-fede-e-luce-in-europa-orientale,1990-09-26T00:00:00,1990-09-26T10:38:10,OK
ca68f72a-70b2-4356-b46a-9d05a3c2151b,23171,ce-un-problema-e-lo-affrontiamo,2020-12-14T00:00:00,2020-12-14T09:05:07,OK
ca6c8927-3e1c-40a4-842b-c5ea84e5d50c,48499,cambiamenti-in-arrivo-nel-cinema-italiano,2025-05-23T00:00:00,2025-05-23T10:25:22,OK
ca33b27a-813c-4f3a-bbde-97eaa980bf18,46713,voci-dal-pellegrinaggio-lourdes-1981-frammenti-di-vita-e-di-fede,1981-09-16T00:00:00,1981-09-16T17:11:34,OK
ca8423dc-a280-40e5-832a-ab133a588786,12192,sullhimalaya-insieme-a-ragazzi-con-disabilita,1998-06-17T00:00:00,1998-06-17T08:37:38,OK
cb5bae77-b8b4-4026-9288-73609edf7a34,31264,dialogo-aperto-n-22-2,2005-12-23T00:00:00,2005-12-23T13:19:06,OK
cab47806-de28-4469-a937-4d8ecd2c038d,12040,lettere-a-jean-don-marco-bove,2011-11-08T00:00:00,2011-11-08T13:49:19,OK
ca1efb87-9b9c-4535-909a-dc157ea2228d,15355,vaccinarsi-non-e-un-gioco,2020-01-16T00:00:00,2020-01-16T10:11:40,OK
cb42af5b-ae14-4755-bff1-c367ec5d4b7a,44163,come-si-richiede-una-sedia-a-rotelle,2024-05-20T00:00:00,2024-05-20T08:14:10,OK
cb7cce7e-9f58-4e76-ba0e-32b505274661,16415,che-cose-una-sindrome,2020-03-25T00:00:00,2020-03-25T05:18:23,OK
c83c69d6-b89f-4b66-9023-2e71f58977d6,38778,fede-e-luce-diventare-piccolo-segno,2015-03-19T00:00:00,2015-03-19T10:05:08,OK
c9d9bede-6717-407f-ae01-855769f0830a,33601,stasera-milonga,2021-07-30T00:00:00,2021-07-30T10:41:08,OK
c8d2945c-966c-4beb-a911-24107c69a953,39806,don-gnocchi-una-vita-spesa-per-gli-altri-recensione,2017-06-28T00:00:00,2017-06-28T09:06:23,OK
ca2e59f8-1447-4d3b-b00c-f3437aae93f8,20766,giovanissimi,1974-07-28T00:00:00,1974-07-28T20:38:08,OK
c91ebb81-c818-43d4-8cad-cc299fb4a7a1,42194,leco-della-stampa,1975-12-03T00:00:00,1975-12-03T13:00:34,OK
cd79b223-2408-4b0c-9ab8-e4a0a2200717,36372,rarina-storia-di-un-fiore-raro,2012-03-16T00:00:00,2012-03-16T10:45:09,OK
cd11f0a4-5250-4fb8-9d64-11032c101dc4,3150,esperienze-epilessia-in-famiglia-e-a-scuola,1985-06-29T00:00:00,1985-06-29T21:32:08,OK
ce05fe09-15c7-4ed0-a4a4-e3d3fb7d8efc,42840,quando-arriva-il-natale,2023-12-19T00:00:00,2023-12-19T18:57:38,OK
cce1da06-5caf-4fcc-b446-ab42a64f5888,36015,bioetica-come-storia-recensione,2011-09-04T00:00:00,2011-09-04T19:45:14,OK
cc9b2374-322b-4b13-bace-253706d6d04a,22155,recensione-the-man-who-sold-his-skin,2020-11-02T00:00:00,2020-11-02T05:00:08,OK
cdf8ed22-7bb9-4d3d-b1d8-cdc9031066ab,40317,dialogo-aperto-n-142,2018-06-30T00:00:00,2018-06-30T07:31:28,OK
ce586535-935d-4098-8600-b98db8fea292,30359,francesca-cabrini-tralaterrae-il-cielo-recensione,2004-09-13T00:00:00,2004-09-13T16:53:59,OK
ce13f20b-01f2-47d5-9fd7-b165998f1857,11596,e-dopo-parliamo-damore,1997-09-19T00:00:00,1997-09-19T11:41:05,OK
cbf2a6c2-bca7-4ae0-8653-80f771f0d12f,36444,mamma-sono-contento-di-essere-nato,2012-09-16T00:00:00,2012-09-16T11:06:09,OK
ccf630a5-7069-4805-8b59-4bd8ff90a3b1,26093,quando-parliamo-di-loro,1975-05-03T00:00:00,1975-05-03T11:30:22,OK
cbec5a18-4105-43d4-a36a-8453418c5811,9571,inaugurazione-casa-loic-scuola-laboratorio-artigianale-per-ragazzi-disabili,1994-03-16T00:00:00,1994-03-16T16:16:05,OK
cc0023d0-7f9b-44a7-a8db-ed997b990cf5,10970,legge-di-bilancio-cosa-cambia-per-le-persone-con-disabilita,2019-01-08T00:00:00,2019-01-08T12:30:34,OK
cbea8040-2e2d-42b8-b674-1b7bbf9cb6ce,26899,dialogo-aperto-n-83,2003-09-02T00:00:00,2003-09-02T16:15:22,OK
cd686221-2f54-4dbd-a684-4a22bb0ed7de,38904,mai-piu-soli-tre-testimonianze,2015-03-19T00:00:00,2015-03-19T12:55:08,OK
cc454696-1a57-43e3-a735-321560e4147a,46806,8-nutrirsi-di-gesu-attraverso-la-parola,1981-12-16T00:00:00,1981-12-16T17:02:34,OK
cc3332c5-3b98-4e44-ad30-d1617967baed,33510,lo-spazio-bianco-recensione,2008-06-27T00:00:00,2008-06-27T11:21:53,OK
cd59af0d-6533-4836-aef8-dc467451717f,46626,la-festa-uno-dei-momenti-essenziale-della-comunita-fede-e-luce,1981-06-16T00:00:00,1981-06-16T17:04:34,OK
cd54adca-0b11-48f3-b24c-56d210fc386f,3984,un-attimo-decine-volti,2015-06-13T00:00:00,2015-06-13T12:15:04,OK
cc623a16-3080-4fd5-814e-1ce6f9d69270,45720,molto-piu-di-un-aggettivo,2024-11-26T00:00:00,2024-11-26T12:55:46,OK
cd9ff970-633c-4073-b5d1-95e9b36bb9e9,8303,limportante-e-che-sia-sano,2017-12-21T00:00:00,2017-12-21T09:00:33,OK
cd8aa325-3eff-4dfd-b9a6-7d5d408c0908,46725,buon-natale-1981-e-un-numero-speciale,1981-09-16T00:00:00,1981-09-16T16:45:34,OK
cd1d3718-e035-484b-abc8-b7f5e40821b2,15768536,il-senso-di-quel-che-facciamo,2025-11-01T00:00:00,2025-11-01T12:55:46,OK
ce35d03e-b6c7-437b-8b5d-b4e3d1d1a469,38807,ho-imparato,2015-03-19T00:00:00,2015-03-19T10:20:08,OK
cd7ee80d-d634-4274-b478-8365e82b53d4,31276,il-tempo-di-unave-maria,2005-12-23T00:00:00,2005-12-23T14:29:20,OK
cdadeeae-e241-429f-97a0-6c19db823204,9278,se-dorme-male,1993-09-09T00:00:00,1993-09-09T10:01:16,OK
cc24bcb0-3b77-4aa9-b85b-f49be876936a,12379,vita-fede-luce-64,1998-12-10T00:00:00,1998-12-10T14:58:53,OK
ce24899c-30a5-49a9-8584-77312c25aec2,11787,dialogo-aperto-n-60,1997-12-15T00:00:00,1997-12-15T16:33:00,OK
cc94e37d-ab78-49d3-ab96-0835555e4b0e,40453,dalle-province-n-144,2018-11-03T00:00:00,2018-11-03T07:08:34,OK
cdd207fc-b9f4-418b-a799-05cc26535cf4,6673,fare-teatro-persone-disabili,1988-06-28T00:00:00,1988-06-28T13:02:21,OK
cc2dda82-f9e5-4d5c-af10-c20023829137,22657,la-ragazza-porcospino-recensione-libro,2001-09-20T00:00:00,2001-09-20T11:28:02,OK
ce80fc40-e60e-49bd-a2e6-77847a83a5f0,16452,il-primo-carnevale-di-antonella,2020-02-18T00:00:00,2020-02-18T11:35:16,OK
cde4000b-7486-47db-b378-47d104ae41d7,6176,la-persona-con-disabilita-come-fonte-di-unita-nella-chiesa,1987-09-29T00:00:00,1987-09-29T12:30:22,OK
cdd3837d-f396-45e8-a8fc-c0f89fd817de,25790,la-pizza-di-fine-anno,2021-06-18T00:00:00,2021-06-18T10:22:24,OK
cb9a90f5-bd6f-4fc0-b2cd-924a4e16c59d,9263,quando-i-genitori-si-rimboccano-le-maniche,1993-09-09T00:00:00,1993-09-09T09:07:09,OK
ce6d27e0-27b5-4f1f-bb88-10f4b9f71ebd,46616,dare-vita-movimento-calore-limportanza-dellanimazione-nelle-comunita-fede-e-luce,1981-06-16T00:00:00,1981-06-16T17:35:34,OK
ce733d60-db82-4034-9762-79922700386a,9103,membro-attivo-della-chiesa,1993-06-21T00:00:00,1993-06-21T09:16:02,OK
ccd1cd65-5cf8-4162-b1d0-a43ec9b3e845,7021,schema-organizzazione-giochi-olimpici,1989-06-16T00:00:00,1989-06-16T12:07:01,OK
cd7e19c7-3023-4de0-a27f-e886b4a18f5d,16854,perche-dobbiamo-vivere-cosi,2020-03-18T00:00:00,2020-03-18T11:12:34,OK
cc38028f-1f76-4f97-90b1-9d87979255b4,13522,la-scrittura-non-va-in-esilio,2019-11-03T00:00:00,2019-11-03T10:27:51,OK
cdbd2759-321b-4c70-9f5d-ed8ca1469ae2,17617,la-nostra-parte,2000-06-20T00:00:00,2000-06-20T10:20:28,OK
cc78e77a-5198-42fc-aee4-78676e38fd93,16709,premio-donna-2002-a-mariangela,2002-03-10T00:00:00,2002-03-10T14:19:40,OK
cbfbcbff-eb28-4d77-bb5d-69eb5226a278,46844,15-nelleucarestia-restate-in-me,1981-12-16T00:00:00,1981-12-16T16:00:34,OK
cccd4eb2-56d5-4787-acc2-7d3dcd476adf,34466,dimitri-il-teatro-fra-sogni-e-progettualita,2009-06-10T00:00:00,2009-06-10T10:47:43,OK
cd8495c5-9da9-4c2f-b281-8fcdcecec1f2,44686,vita-dei-gruppi-fede-e-luce-1978,1978-09-11T00:00:00,1978-09-11T09:30:34,OK
cde6176b-3adc-4237-b1d7-a7430a3b8cfd,31542,emeric-una-tenerezza-che-non-sospettavo-di-avere,2012-03-16T00:00:00,2012-03-16T11:03:57,OK
cbd66095-3a33-40b2-8c5e-e2d58c98cee6,31796,nonno-e-cosi-brutto-essere-diversi,2006-05-21T00:00:00,2006-05-21T08:23:18,OK
cda5c254-6333-4507-8f91-613587a7098e,10306,fano-2018-the-best-of-our-youth,2018-11-21T00:00:00,2018-11-21T11:49:40,OK
ce6c11e9-086b-48bd-bf3a-4c10da90fedc,20165,forse-una-ragione-ce,2020-07-02T00:00:00,2020-07-02T09:12:00,OK
ce53aed6-ffa2-4026-bad4-dc5b658d64d2,6111,vieni-spirito-vita,1996-12-15T00:00:00,1996-12-15T14:59:12,OK
cc03d76d-5b15-4582-871a-24c4f138684e,9902,un-seminario-speciale-il-coraggio-di-parlare-con-loro,1995-03-16T00:00:00,1995-03-16T15:03:32,OK
ceb0f15d-dc44-415e-8f1e-23bfad00f784,4410,alla-fine-qualcosa-ci-inventeremo,2015-06-29T00:00:00,2015-06-29T10:40:43,OK
d1b48729-0c1f-432a-a7ca-ade1531677de,32496,la-luce-e-la-letizia-recensione,2007-06-03T00:00:00,2007-06-03T15:06:48,OK
ce91b045-d8ce-46bf-bfe0-293048682cf8,30437,linserimento-lavorativo-delle-persone-con-sindrome-di-down,2004-09-13T00:00:00,2004-09-13T18:08:08,OK
d000ea33-506d-47bf-bf96-40f4156f8687,45248,chi-come-me-recensione,2024-08-10T00:00:00,2024-08-10T13:48:06,OK
cebba4c6-9435-433d-a0aa-10b294935605,46889,scegliere-di-lasciarsi-scegliere,1981-12-20T00:00:00,1981-12-20T14:10:34,OK
cfcdda97-e5fd-45f5-9ce2-336b138aeca3,37854,fede-e-luce-tutti-a-leeds,2013-09-13T00:00:00,2013-09-13T15:01:04,OK
cfed8fde-23e6-43ca-a18a-7d43000fc94d,32884,san-francesco-larca-e-fede-e-luce,2007-12-10T00:00:00,2007-12-10T18:19:10,OK
cf1f763d-ea1c-48fc-90be-1281effb5653,23409,ol-incontra-luigi-derrico,2021-01-13T00:00:00,2021-01-13T10:37:56,OK
cfe4b3ed-0fa6-44fa-a258-e0f3388a70b5,12393,ognuno-a-modo-suo,1998-12-10T00:00:00,1998-12-10T15:27:50,OK
cead194c-40a3-40a3-8ad2-6322d60f70c1,39143,il-senso-di-una-vita-e-di-una-scelta,2016-03-25T00:00:00,2016-03-25T12:00:53,OK
d0de37ac-b5a8-4881-80dd-9f43bd7482d8,1421,siamo-tutti-un-po-supereroi,2015-12-20T00:00:00,2015-12-20T17:29:03,OK
d034b1d8-6a06-453b-86f2-0df036c76c0b,38852,occasioni-per-stare-al-passo,2015-03-19T00:00:00,2015-03-19T10:50:08,OK
d16f55d3-5f4a-4a63-b04e-981fd4241ffa,33049,dis-integration-la-mostra-dei-laboratori-darte-di-santegidio,2022-11-30T00:00:00,2022-11-30T10:51:20,OK
cf13969e-00cf-4b75-b886-5887e636867b,24834,the-specials-fuori-dal-comune-recensione-cinus,2021-05-14T00:00:00,2021-05-14T20:40:02,OK
d031817d-71c9-48e3-8d42-dc99840ff50b,26816,amore-e-disabilita-ho-diritto-anchio-allamore,2003-06-23T00:00:00,2003-06-23T17:06:44,OK
cfc84fa7-2cee-4b69-a630-715560cbbe88,10124,diversi-da-chi-normali-vite-con-handicap,1995-09-12T00:00:00,1995-09-12T10:02:52,OK
d189530c-acc1-4c23-9917-c6a1313f7935,1955,leducazione-religiosa-degli-handicappati-nelle-opere-di-henri-bossonier,1983-06-01T00:00:00,1983-06-01T12:12:51,OK
cf14350a-e861-45df-94bb-75aad7d62967,15767607,we-are-dads-of-disabled-children-a-different-way-of-love,2005-12-23T00:00:00,2005-12-23T15:03:44,OK
ced87d79-b02f-413e-a2ad-af9b42b22681,31806,a-chi-fa-paura-lassenso-informato,2022-10-21T00:00:00,2022-10-21T10:58:54,OK
d11a7470-7af1-41c2-990b-b08deb02afc4,5272,perche-si-manifestassero-le-opere-dio,1986-06-26T00:00:00,1986-06-26T11:35:13,OK
d0ad5158-d3a9-4fcc-8490-dd68a574a868,43849,attivita-di-fine-stagione-del-gruppo-san-paolo-di-roma,1977-09-20T00:00:00,1977-09-20T09:45:34,OK
d0a69058-ae6a-4c05-9439-b816c7210807,16066,la-disabilita-ci-rende-umani,2020-01-06T00:00:00,2020-01-06T14:33:57,OK
d10c2209-a906-434e-86a0-98bb6c224d1c,8223,in-fabbrica-e-una-bella-fatica,1991-06-21T00:00:00,1991-06-21T11:00:50,OK
d07804a6-3f69-4510-8e25-9813b136874a,26100,giovanissimi-insieme-n-5,1975-05-03T00:00:00,1975-05-03T12:07:13,OK
cfdb7423-628d-4fdb-8092-99b3fd6e1d2b,9409,dare-loro-una-vita-normale,1993-12-23T00:00:00,1993-12-23T09:45:47,OK
ceba3702-da31-4219-a77e-f15ea925448b,22285,viaggio-in-italia-newsletter-n-25,2020-10-15T00:00:00,2020-10-15T07:13:52,OK
d10bf1f1-f4e2-4fb4-87ed-033f407e5557,37385,la-nostra-scelta-di-cristina,2012-12-10T00:00:00,2012-12-10T15:26:04,OK
d07709de-10f2-4a76-aaff-0d14758bd9ad,6855,le-paralimpiadi-la-fastidiosa-associazione-eroismo-disabilita,2018-03-09T00:00:00,2018-03-09T10:37:42,OK
d0b35fb4-2e29-4e9d-8731-b922af23f7c1,43261,sanremo-fin-dove-lho-visto-2,2024-02-08T00:00:00,2024-02-08T16:12:54,OK
d11751b3-d4ef-4bc9-9aeb-7585a1bdc67c,20473,nasce-insieme-il-bollettino-di-fede-e-luce,2020-06-07T00:00:00,2020-06-07T14:05:34,OK
ce8b4c25-f9fa-46fa-a8fd-025f452f344e,15767960,i-made-this-movie-for-him-not-for-myself,2025-08-19T00:00:00,2025-08-19T14:55:50,OK
d11e208e-a370-474f-b41e-1737962d019a,12731,mio-fratello-rincorre-i-dinosauri,2016-05-05T00:00:00,2016-05-05T09:38:21,OK
cfdbd9d3-e096-4301-a793-c1c102d38508,24631,carlo-maria-martini-noi-il-lavoro-oggi,2002-06-17T00:00:00,2002-06-17T10:39:01,OK
d03895b2-b216-4887-a767-a3e2d3ba428e,39237,un-laboratorio-creativo-a-pantigliate,2016-06-16T00:00:00,2016-06-16T09:50:14,OK
cea038d8-c040-4fb0-a747-51cbb1769fa5,39152,la-disabilita-un-confine-da-superare,2016-03-25T00:00:00,2016-03-25T12:30:53,OK
cf629e88-3ca6-42ac-a063-efe00789552a,34251,dialogo-aperto-n-107,2009-09-10T00:00:00,2009-09-10T09:27:01,OK
ceec0518-fb04-4c24-bc1a-c0b0e9fad323,15768704,cartella-clinica-recensioni,2025-11-17T00:00:00,2025-11-17T12:11:24,OK
d1bc6936-8af2-4b09-8b76-cc5776cab3f0,34159,un-sorriso-e-ancora-li-sulla-mia-faccia,2009-09-10T00:00:00,2009-09-10T10:59:41,OK
cfa5124a-7788-40ac-96e2-c0b8d804389f,41038,deja-vu-ventanni-dopo-dialogo-aperto-n-160,2023-02-18T00:00:00,2023-02-18T06:45:58,OK
cfbdd4e0-305b-4c5b-83e1-b061e9ddbb6d,4794,natale-slovenia,2013-12-14T00:00:00,2013-12-14T11:08:00,OK
d0051752-a946-45a0-a96b-801566444be1,46760,insieme-in-cammino-tutti-pellegrini,1981-12-16T00:00:00,1981-12-16T18:05:34,OK
cf1a5084-b5fe-45aa-9bff-34e97e20d336,28347,il-male-dellindifferenza,2022-04-11T00:00:00,2022-04-11T09:56:36,OK
d1346cdc-4951-48de-b350-2a0311c8e178,20405,come-e-nato-insieme-il-bollettino-di-fede-e-luce,2020-07-07T00:00:00,2020-07-07T12:01:09,OK
cecd9d23-1bed-44cd-8d33-1e1f84c62b49,24592,il-mostro-che-ha-mangiato-gerardo,2021-04-14T00:00:00,2021-04-14T16:47:57,OK
cf1f27dd-d711-419b-a444-dfcb400ceab6,7707,nel-libano-in-guerra-fede-e-luce-per-sperare,1990-09-26T00:00:00,1990-09-26T10:19:22,OK
d095d16b-c59c-433d-b562-bfd790ab53b4,6045,luomo-guarda-volto-dio-cuore,2008-01-12T00:00:00,2008-01-12T12:01:52,OK
cf417b9d-ad60-4c34-9896-ef783aaace90,11838,dai-nonni-una-tenerezza-in-piu,1997-12-15T00:00:00,1997-12-15T18:11:46,OK
d133ed08-efc1-4347-84ab-9b076b81d548,43094,notiziario-fede-e-luce-dicembre-1976,1976-12-20T00:00:00,1976-12-20T10:20:34,OK
cecb3b3a-c797-4632-b8fd-fd8ad1acad3e,25363,bella-ma-inutile-cronache-da-trigoria,2021-05-31T00:00:00,2021-05-31T14:18:24,OK
d174dd57-324d-4024-99d8-0c25ca56aab1,22615,autismo-e-comunicazione-facilitata-come-michele-e-uscito-dalla-sua-fortezza,2001-09-27T00:00:00,2001-09-27T11:02:20,OK
d2d4527c-963f-4d7e-9f8d-60a69c56c360,2205,quando-sono-adulti,1983-12-28T00:00:00,1983-12-28T16:35:11,OK
d1d9d91b-4c01-4260-8829-c4e4363036e4,30377,iniziativa-amica-una-casa-famiglia-dove-la-maternita-ritorna-gioia,2004-09-13T00:00:00,2004-09-13T17:10:11,OK
d1ea6c52-0576-4175-bed2-b34b9c5c4b40,5617,un-risveglio-religioso-dei-piu-handicappati,1986-09-28T00:00:00,1986-09-28T10:15:28,OK
d3a35fd7-8fa0-4c60-b681-ac81158007a7,16386,per-le-strade-di-roma,2020-04-06T00:00:00,2020-04-06T06:36:24,OK
d2bde9c1-5760-443d-823f-a53a711a21a4,23828,i-miei-genitori-avevano-ragione,2002-03-08T00:00:00,2002-03-08T16:05:08,OK
d3a44862-6f92-44fb-9942-fa111cae28d9,5044,la-casa-gino-interessante-colonia-agricola,1985-09-27T00:00:00,1985-09-27T17:53:27,OK
d5ab3f8f-d608-4f61-baf9-98539445d7f8,12630,un-percorso-archeologico-subacqueo-per-persone-con-disabilita,2019-07-22T00:00:00,2019-07-22T08:07:38,OK
d1cc4f67-2359-4607-9ef3-8186fe717532,7288,dopo-di-noi-a-carpi-tre-incontri-per-fare-il-punto,2018-03-30T00:00:00,2018-03-30T09:56:25,OK
d4a9ccbb-f6eb-4377-8faa-42e20ab74778,32464,campane-a-festa-2,2007-03-02T00:00:00,2007-03-02T17:16:49,OK
d3556b16-0849-4e3b-8d7c-bbe586cfe580,26943,prendete-e-mangiatene-tutti,2003-09-03T00:00:00,2003-09-03T17:30:47,OK
d2cb07c2-9bd0-43a7-b030-84449aa6b643,9276,di-notte-bagna,1993-09-09T00:00:00,1993-09-09T09:56:05,OK
d45d1ee7-a16e-4782-bb27-ea634e3239e8,11111,perche-non-mi-capisci,1996-12-15T00:00:00,1996-12-15T16:19:32,OK
d3a5decb-22b2-401e-94a9-8a144d4ad5b9,8057,da-piccola-ero-down,2018-03-26T00:00:00,2018-03-26T08:05:19,OK
d338d356-b687-4fd3-9b18-3e8b436a3a16,6357,il-padre-assente,1987-12-30T00:00:00,1987-12-30T10:22:47,OK
d1ce8ae1-daf5-4e69-86b2-75f979c50a3d,5844,confessione,1994-09-07T00:00:00,1994-09-07T10:52:35,OK
d3c6033b-3572-4751-9791-e856fcf8c5ca,34576,lintimita-del-corpo-di-fronte-alla-nudita-non-e-facile,2009-12-10T00:00:00,2009-12-10T13:13:29,OK
d4d7449f-af21-4ada-91bb-8b8eecabacb0,13044,proprio-una-normalissima-famiglia,1999-12-17T00:00:00,1999-12-17T22:28:36,OK
d4114ad3-9abb-4e2d-92b9-12489078b146,30699,ii-padre-e-lo-straniero-recensione,2005-03-16T00:00:00,2005-03-16T07:46:12,OK
d4c5df31-a95d-499d-8bcd-6c32c7f7e917,10336,alla-morte-del-nonno-perche-lhanno-messo-in-una-scatola,2010-12-03T00:00:00,2010-12-03T13:44:50,OK
d2456d26-3d54-4b9a-ae44-f53c967e0440,27669,coda-recensione,2021-12-21T00:00:00,2021-12-21T15:44:58,OK
d3ce1f49-1c9d-4906-ad00-ae8f92054a74,23491,lettera-a-gennarino,2021-01-14T00:00:00,2021-01-14T11:41:35,OK
d3375ba5-55d0-4dbc-a5ed-16696918a015,28072,le-caramelle-e-la-forza-di-suor-ida-maria-ferri,2022-03-27T00:00:00,2022-03-27T12:57:42,OK
d41e4fd6-93bb-4ccb-abf4-ebea0c591c96,37608,chiudi-gli-occhi-e-guardami-vivere-la-disabilita-in-famiglia-recensione,2013-06-10T00:00:00,2013-06-10T15:00:04,OK
d40bb95c-b485-4fb4-afc7-41ee5da196e2,9380,dialogo-aperto-n-44,1993-12-23T00:00:00,1993-12-23T09:00:27,OK
d56f5013-21f4-4a83-aa0a-15692a219fd1,6106,tenendoci-mano-cresima-insieme,1995-12-14T00:00:00,1995-12-14T10:00:35,OK
d1c6ad90-5480-4caa-9465-228b3b29b71a,1455,accompagnata-e-accudita,2015-09-22T00:00:00,2015-09-22T09:44:57,OK
d2af2db3-e0fa-414c-9c76-9c7c49b0e62d,38767,come-sei-cresciuto,2015-03-19T00:00:00,2015-03-19T09:24:08,OK
d3eec3ed-0a03-4d13-b86c-c1aadfc2b603,32858,e-se-gesu-ci-scrivesse-oggi,2007-12-10T00:00:00,2007-12-10T17:47:37,OK
d1e0f981-73a5-4ff9-bd1f-feeaffd756b1,26280,segni-di-fede-e-luce-nel-mondo-1454-comunita-di-77-paesi,2003-03-13T00:00:00,2003-03-13T14:05:15,OK
d4539c41-fb93-4a6e-946d-2d2c4869d80a,22459,dialogo-aperto-n-74,2001-06-20T00:00:00,2001-06-20T09:21:35,OK
d1d4058f-799a-446d-8061-6a81612bb109,46782,4-ognuno-ha-il-suo-posto-nella-comunita,1981-12-16T00:00:00,1981-12-16T17:43:34,OK
d4b2e563-be1a-4b0e-944d-d7cc5ebbe59b,25634,amici-sempre,2002-12-08T00:00:00,2002-12-08T13:15:56,OK
d29ee698-54be-4563-85ea-92a61c73ba3a,35325,costruirsi-un-totem-capire-e-sentire-il-proprio-valore-recensione,2010-09-30T00:00:00,2010-09-30T16:01:59,OK
d24d9626-d9b1-44eb-b493-ae2e2d59e34d,37895,il-dilemma-della-valutazione,2013-09-13T00:00:00,2013-09-13T15:35:04,OK
d42ed98c-ed5a-4453-b0ee-344d87ee3241,36386,dialogo-aperto-n-118,2012-03-16T00:00:00,2012-03-16T10:50:09,OK
d4964c67-2ea7-42b6-887d-9dc3459fdcb5,19365,quando-il-cinema-viene-in-soccorso-del-teatro,2020-06-03T00:00:00,2020-06-03T15:27:07,OK
d46dcca1-5b8d-44c5-b8c0-13a479aa91df,16390,la-nostra-casa-e-in-fiamme,2020-03-23T00:00:00,2020-03-23T05:53:33,OK
d3437d02-edd6-425d-920f-ee3886937b2e,2222,dialogo-aperto-n-4,1983-12-28T00:00:00,1983-12-28T17:06:41,OK
d44c47ec-c6fd-482f-af00-b2a5e68a64c2,9597,perche-mi-hai-abbandonato,1994-03-16T00:00:00,1994-03-16T17:29:02,OK
d395736f-7b78-474b-aba0-66f433a6f29a,7059,dialogo-aperto-n-26,1989-06-16T00:00:00,1989-06-16T14:02:43,OK
d51b4480-3158-472d-803a-27233caa14f5,46683,lettera-di-presentazione-del-cardinale-hume,1981-12-16T00:00:00,1981-12-16T18:50:34,OK
d53866ab-c56c-4fa5-8b87-cf41119e1b53,44949,baskin-a-monopoli,2024-08-16T00:00:00,2024-08-16T09:22:25,OK
d34cae61-65f3-4884-828b-c36998573b3f,35656,un-augurio-speciale,2010-12-03T00:00:00,2010-12-03T18:30:12,OK
d2ae20ce-187f-4648-8aff-912e84c665c1,28540,fanny-che-vede-un-futuro-per-se-stessa,2022-06-06T00:00:00,2022-06-06T16:17:48,OK
d46d0238-2a86-4422-82a1-289dec1c4878,5175,112-suggerimenti-un-corretto-rapporto-gli-handicappati,1985-12-19T00:00:00,1985-12-19T13:30:36,OK
d509e673-5c8c-4990-9239-1c54009e9115,10966,boscoreale-raccolta-fondi-scolastica-per-persone-disabili,2019-01-11T00:00:00,2019-01-11T12:00:27,OK
d2edf4f7-6a0d-4dd2-bfce-bbaa19c766b2,9150,la-storia-di-souhour-rifugiata-e-disabile-accolta-da-una-famiglia-libanese,2018-06-27T00:00:00,2018-06-27T09:45:49,OK
d52d9c9e-d11c-436c-8130-5c6574868ce8,18699,tempo-di-imparare-valeria-parrella-recensione-libro,2020-06-22T00:00:00,2020-06-22T05:29:42,OK
d222f36f-1e19-4470-93ca-1724282946ca,9010,eravamo-soli-e-siamo-rinati,1993-03-18T00:00:00,1993-03-18T14:25:03,OK
d31eec01-0e90-46b1-aa35-ca4873756610,8322,maschio-e-femmina-li-creo,1987-03-21T00:00:00,1987-03-21T13:33:53,OK
d6b4ef8d-ba1e-4dc3-a25d-4e5280501d23,26680,una-sera-a-roma-stadio-dei-marmi-special-olympics,2005-08-09T00:00:00,2005-08-09T14:49:43,OK
d7264cde-0c7a-4ade-955f-2c4cf105e43d,7903,il-tuo-nome-e-olga-lettere-a-mia-figlia-handicappata,1990-12-27T00:00:00,1990-12-27T07:21:50,OK
d66c00d4-3203-4084-be48-80ff6ad16df2,35559,tutta-la-vita-davanti-dedicato-a-chi-vive-la-terza-e-quarta-eta-recensione,2010-12-03T00:00:00,2010-12-03T16:55:12,OK
d5fd84ee-aaf1-423c-9d0e-430884b78299,34838,dossiermangiar-sano-dormire-bene-atura,2010-06-17T00:00:00,2010-06-17T12:02:14,OK
d5ad8afa-cd54-42cb-baa8-aa1ac95720ae,13365,dedica-cambiata,2019-11-18T00:00:00,2019-11-18T04:20:44,OK
d5e70269-295f-4547-8839-b195b9ba4388,2433,ed-era-la-nostra-consolazione,1984-12-31T00:00:00,1984-12-31T17:56:38,OK
d719f0f4-2f11-475a-bc66-4ed4db10ba52,36006,la-speranza-non-fa-rumore-recensione,2011-09-04T00:00:00,2011-09-04T19:45:14,OK
d8192137-4917-44d7-9cc6-86d03c9a9554,34415,il-resto-parziale-della-storia-recensione,2009-06-10T00:00:00,2009-06-10T09:58:49,OK
d64e202f-d543-4235-994a-b763ec35e2e7,19767,come-separare-un-onda-dal-mare,2001-03-09T00:00:00,2001-03-09T16:03:03,OK
d88167f3-2dcb-4120-869e-40b66b40371c,40977,la-luce-danza-irrequieta-recensione,2023-08-17T00:00:00,2023-08-17T12:05:29,OK
d87e9f0c-905f-41e4-9d94-427524be69bf,45662,23-maggio-1979-festa-della-primavera,1979-09-16T00:00:00,1979-09-16T17:55:34,OK
d75ac67e-2474-451b-8b85-95049f15bff3,11170,il-nostro-incontro-con-liliana-segre,2018-03-26T00:00:00,2018-03-26T09:46:53,OK
d82e2b8b-e693-4eb3-8d6d-51cb40155e85,44976,slime-recensione,2024-08-16T00:00:00,2024-08-16T10:54:10,OK
d87e65e0-0044-4730-aadf-b990344222dd,26288,insieme-verso-una-terra-di-unita,2003-03-13T00:00:00,2003-03-13T14:17:20,OK
d5dc529a-07d3-49e4-8f60-81452fafb777,6982,un-lungo-cammino,1989-06-16T00:00:00,1989-06-16T10:49:13,OK
d849c037-ba12-4e6e-b758-b2c319e180a7,39708,una-veglia-laboratorio-per-il-giovedi-santo,2017-03-16T00:00:00,2017-03-16T10:30:14,OK
d83eaddb-bc0a-4509-b3b1-0f0d5c203a43,30824,la-tentazione-di-fuggire-di-fronte-alle-difficolta,2005-03-16T00:00:00,2005-03-16T16:11:29,OK
d8a0b6ac-688a-448c-a243-ab304c67f10f,35349,il-coraggio-della-piccola-vanessa,2010-09-30T00:00:00,2010-09-30T16:10:59,OK
d8333faf-6a74-4deb-85c5-af04547e2cd6,21374,caro-presidente-sergio-mattarella,2020-09-16T00:00:00,2020-09-16T00:29:29,OK
d8e84d7c-1ecf-4ece-9f4f-d00251deae8c,9789,volontariato-biblioteca-della-solidarieta,1994-12-19T00:00:00,1994-12-19T09:21:40,OK
d5b5d70b-e72a-4a79-932a-7acb205f28b9,6976,sara-bellissima-festa,1989-06-16T00:00:00,1989-06-16T10:44:19,OK
d7c3bf7a-35ff-445e-b63a-1df0f719451e,40457,dialogo-aperto-n-144,2018-11-03T00:00:00,2018-11-03T07:08:34,OK
d5ac45ab-46af-4c7a-8567-5deac6c00684,25686,lettera-da-una-mamma-del-molise,2002-12-08T00:00:00,2002-12-08T13:54:01,OK
d6ae6ecb-93d6-4078-9a44-673f6895afbf,6767,un-cammino-insieme,1988-12-25T00:00:00,1988-12-25T18:54:33,OK
d8dd6a6f-357c-4644-8685-41d894bbbe6b,45183,fare-ed-esserci,2024-08-26T00:00:00,2024-08-26T15:32:42,OK
d7071c05-ffd8-42b1-b681-a0fa0e2828dd,14325,cinema-e-disabilita-i-3-film-di-valerio-sammarco,2019-11-18T00:00:00,2019-11-18T12:09:15,OK
d7923ee6-003e-4ccd-a7e4-186f5b84113c,20783,cecilia-una-esperienza,1974-07-28T00:00:00,1974-07-28T21:00:16,OK
d79dc308-c8bc-4b26-a9c3-a54393debd18,6602,cosa-detto-papa-sullepilessia,1988-03-28T00:00:00,1988-03-28T16:31:27,OK
d75c9796-7acd-45f2-9d9b-2ab85c7ddf16,6866,arriva-italia-carolines-cart-carrello-la-spesa-le-persone-disabilita,2018-03-12T00:00:00,2018-03-12T09:57:26,OK
d81ed109-0869-4906-8716-d7689c15a12a,39236,un-fiume-di-pace-un-mare-di-giubilei,2016-06-16T00:00:00,2016-06-16T10:20:14,OK
d869d57a-3690-471f-a084-64f514527d85,34497,il-coraggio-di-osare,2009-06-10T00:00:00,2009-06-10T11:16:17,OK
d7b1e3fa-3b55-45b9-9a32-1841a552bf06,34452,nomen-omen-la-storia-di-cristina-acquistapace,2009-06-10T00:00:00,2009-06-10T10:34:11,OK
d8db6d6e-8aaf-4a62-9b3b-9c6626f2727d,48038,il-ruolo-di-cura-quattro-film-berlinale,2025-02-25T00:00:00,2025-02-25T11:30:41,OK
d7321009-a1c8-44ef-a32b-515775e99410,46848,16-il-perdono,1981-12-16T00:00:00,1981-12-16T15:00:34,OK
d64daf49-2bd9-4ed6-81f7-dc75a8e05308,18632,una-piccola-malga,2020-05-27T00:00:00,2020-05-27T03:35:31,OK
d86b704c-e052-4470-9433-9bd6d7e53b9d,5328,assisi-1986-le-fotografie,1986-06-24T00:00:00,1986-06-24T13:17:17,OK
d686dd56-706c-4c49-b802-e6bf1879cd04,47375,essere-bea-recensione,2025-02-12T00:00:00,2025-02-12T13:01:59,OK
d892ac96-6edd-470f-9ab3-69ad57ae4b34,12956,ce-qualcosa-di-nuovo,1999-09-17T00:00:00,1999-09-17T18:41:38,OK
d75736a7-174b-4aa1-bdae-c232d18b1a76,4814,scheda-le-persone-pluri-handicappate,1986-03-27T00:00:00,1986-03-27T11:32:21,OK
d6b89fcb-014b-43f0-b8ff-a607c3fcdf83,38594,quanta-forza,2014-12-15T00:00:00,2014-12-15T09:40:23,OK
d6f9ace0-4853-44ee-babb-8fb1d45e1a78,30714,film-un-silenzio-particolare,2005-03-16T00:00:00,2005-03-16T07:57:37,OK
d625f9e2-1ab2-4934-bda8-832b13621cbf,6657,come-fare-festa,1988-06-28T00:00:00,1988-06-28T12:05:50,OK
d79e7962-6358-4c10-8838-33db61a1363e,12319,ora-puo-riposare,1998-09-28T00:00:00,1998-09-28T14:08:47,OK
d6b42591-67f7-44ad-b46e-5f350d5c08f8,23838,come-preparare-il-distacco-spunti-riflessioni-dopo-di-noi,2002-03-09T00:00:00,2002-03-09T10:52:52,OK
d6b5aa45-1782-4916-8393-0b03a6cb39c2,38456,brooke-amica-speciale,2023-05-15T00:00:00,2023-05-15T15:54:57,OK
d5f77b04-86a5-4757-b2ad-d6c7d45ab6e8,31894,con-la-forza-di-una-quercia-associazione-la-quercia-millearia,2006-06-21T00:00:00,2006-06-21T11:06:07,OK
d8995d8b-093d-475b-b106-c1e44ff038ef,35402,il-sacerdote-uomo-di-compassione,2010-09-30T00:00:00,2010-09-30T16:50:59,OK
d6802953-bf80-46f8-9cdd-7a9954e5bfac,9472,la-lingua-dei-segni-nelle-disabilita-comunicative-recensione,2018-06-30T00:00:00,2018-06-30T07:20:01,OK
d89ab8f5-2595-443d-9a45-fb0d23f67341,48820,three-lives-with-sabina-a-fathers-journey-through-darkness-hope-and-love,1981-12-20T00:00:00,1981-12-20T23:41:45,OK
d8b25916-8da7-4be8-b878-c7fd27c28b56,28851,se-le-universita-sono-state-le-prime-ad-ascoltare,2022-07-14T00:00:00,2022-07-14T21:45:10,OK
dcc8d4cd-1ebb-4ad4-9d47-29dd4ccc4c3f,46818,11-compiendo-la-volonta-del-padre,1981-12-16T00:00:00,1981-12-16T16:50:34,OK
d9ab3bcb-0a03-45b2-9aab-0019419ed99d,46548,la-vendita-di-novembre-impegno-e-solidarieta,1981-03-16T00:00:00,1981-03-16T17:40:34,OK
d93f4ba3-267a-4554-ba8c-042bc768c432,42014,buon-natale-antico-corale-trascritto-da-un-bambino,1974-12-28T00:00:00,1974-12-28T19:40:08,OK
dacef662-78aa-429d-a5f5-04a4e996b355,44748,per-la-loro-educazione-bilancio-di-unestate,1978-12-22T00:00:00,1978-12-22T09:30:34,OK
da8db409-6e94-4a60-a4f3-cf103b5d5fc2,19887,guarda-ce-sam,2020-06-17T00:00:00,2020-06-17T15:00:17,OK
d968e6f4-b67b-435e-a083-a4fd95f89a6a,45163,e-se-rivoluzionassimo-la-spesa,2024-08-26T00:00:00,2024-08-26T14:13:55,OK
dabd6d3e-036e-42e5-8e94-3f086ab525ab,10409,ora-so-perche-pianto-dei-fiori,1995-12-30T00:00:00,1995-12-30T11:41:42,OK
daf746ad-cf59-4fa5-9444-613330afa18f,39219,dalle-provincie-n-134,2016-06-16T00:00:00,2016-06-16T09:05:14,OK
d9da201a-8dd5-44d6-8beb-c2d00ba61d34,45929,ci-hanno-scritto-insieme-n-24,1980-03-16T00:00:00,1980-03-16T18:50:34,OK
d99a7278-66bd-4c7c-92f2-d9328b915254,39387,mio-fratello-rincorre-i-dinosauri-2,2016-06-16T00:00:00,2016-06-16T09:00:14,OK
dc6125e9-f66a-4d91-93a1-bdfa1dae4db4,2859,ombre-e-luci-n-9-1985-sfogliabile,1985-03-04T00:00:00,1985-03-04T00:52:26,OK
d9624d30-74c0-4552-a006-f460c08c89bc,8369,la-voce-dei-genitori,1991-09-22T00:00:00,1991-09-22T10:41:25,OK
d9aa250e-3bd3-4841-aaa0-f8fd6064988a,14383,non-mi-piace-andare-al-cinema,2019-11-18T00:00:00,2019-11-18T13:17:07,OK
dc7922d9-e53c-4cf6-a48e-963bbd287f13,31432,credere-e-curare-recensione,2006-03-30T00:00:00,2006-03-30T09:20:57,OK
da1328bb-ec8b-4613-b6fe-485e897abd3e,328,insieme-si-ma-come,1983-09-30T00:00:00,1983-09-30T18:50:21,OK
d985eaa8-57f5-4681-9eb5-4ebf75eb489d,45854,insieme-verso-la-pasqua-1981,1979-12-16T00:00:00,1979-12-16T16:50:34,OK
db0837e0-ca78-4323-982b-a8a5787deaa6,28990,la-comunita-di-famiglie-recensione,2003-12-22T00:00:00,2003-12-22T12:31:31,OK
dbdc5159-d038-4618-a598-9206655247c0,9793,mi-riguarda,1994-12-19T00:00:00,1994-12-19T09:27:21,OK
d9e58c1b-efac-414b-9ef4-a51b9c0ed96c,15767654,nuotando-con-amore-ancora-una-volta,2025-07-17T00:00:00,2025-07-17T19:07:12,OK
dc9eab8e-68b2-4ff0-99ac-f77a5c2b18c5,24571,music-sia-recensione,2021-04-14T00:00:00,2021-04-14T13:13:47,OK
d997526d-18e8-438c-986d-9eb885d600f8,24859,monaci-di-lanuvio-finanziamento-banca-etica,2002-06-14T00:00:00,2002-06-14T08:14:37,OK
d96da3ce-2412-4434-a897-bc78d1bc6241,12598,lettera-aperta-ai-genitori-di-bambini-speciali,1999-06-16T00:00:00,1999-06-16T13:40:56,OK
d940386b-f5b1-4bca-a9ef-dacacc61429a,40036,raccontami-il-mare-che-hai-dentro-vivere-con-un-figlio-autistico-recensione,2017-12-21T00:00:00,2017-12-21T09:10:33,OK
dbdef0b0-aaa8-4d15-bbef-3f9a6fb9287f,9647,giochi-e-giocattoli-tanti-da-scegliere,1994-06-18T00:00:00,1994-06-18T14:21:45,OK
dae6a6f8-a9f3-41f9-866c-53b019f439e5,17132,a-proposito-di-sentimenti-parliamo-del-film-di-daniele-segre-con-alcune-mamme-e-sorelle-di-ragazzi-down,2000-03-28T00:00:00,2000-03-28T13:20:34,OK
dacf5e50-3a6b-4982-b40a-29308f775aa3,25621,natale-nel-mio-cuore,2002-12-08T00:00:00,2002-12-08T11:38:34,OK
d917254e-45a0-48ad-adef-8c0abe3c08ef,9856,wheelchair-hockey-per-la-prima-volta-italia-campione-del-mondo,2018-10-03T00:00:00,2018-10-03T09:37:11,OK
daed9249-a8fc-4546-a848-6370023d980b,25289,longevita-nella-disabilita,2019-01-27T00:00:00,2019-01-27T13:29:17,OK
d902ca01-8eae-4683-bef2-bc5e86b43bf7,42018,ci-ha-scritto-la-mamma-di-roberto,1974-12-28T00:00:00,1974-12-28T19:20:08,OK
dc5a6e79-9023-4786-818c-c815efcec9d5,38227,dalle-province-n-126,2014-06-29T00:00:00,2014-06-29T09:08:35,OK
dbeedf99-72ea-4838-8d02-3225b40a8efa,27501,lo-shiatsu-dei-volontari-dellapis-a-roma,2004-03-08T00:00:00,2004-03-08T18:07:20,OK
dc64c6aa-32f1-495e-965b-fd06d4c3a837,12643,hostability-il-progetto-di-turismo-accessibile-della-regione-lazio,2019-07-24T00:00:00,2019-07-24T06:49:31,OK
dca973ee-4b79-4f77-820e-9c040e89cd4a,13118,disabuse-i-risultati-del-progetto-su-disabilita-e-bullismo,2019-10-04T00:00:00,2019-10-04T16:58:27,OK
d8f3b153-0a0f-4e3b-a5ba-cfe709eeac70,8376,che-vita-e-la-nostra-sei-mamme-si-raccontano,1991-09-22T00:00:00,1991-09-22T14:19:57,OK
db009561-0a2d-4995-8407-079fe8d55152,35887,storia-di-un-segreto-dio-mi-ha-parlato-tramite-i-miei-amici-speciali,2011-06-04T00:00:00,2011-06-04T17:25:14,OK
da55a5ea-b89e-4b3a-9a5c-3ec44355f5a7,12117,jean-vanier-e-larca-una-comunione-damore,1998-03-04T00:00:00,1998-03-04T09:36:06,OK
dc737b40-2de8-4303-a7e5-3cbc9fb18b3f,8809,non-potevo-diventare-suora-perche-non-potevo-leggere,1992-09-07T00:00:00,1992-09-07T16:03:22,OK
daf9fe2a-d07e-4ccb-8655-7da6292e0f82,38999,il-senso-della-festa,2015-03-19T00:00:00,2015-03-19T10:45:53,OK
da806054-33ca-4b1d-bdd5-f595cb6ac8d1,34217,lettera-ai-compagni-di-classe-di-matteo,2009-09-10T00:00:00,2009-09-10T11:55:59,OK
da93ad4f-75f4-4823-95e1-02519714ba62,6796,dalla-scuola-amore,1988-12-28T00:00:00,1988-12-28T20:21:16,OK
d97d4b87-cc2b-4b13-85ac-78610cec0950,9119,faccio-io,1993-06-21T00:00:00,1993-06-21T09:41:01,OK
d965c79b-9ac4-4f5c-b056-f419ed243648,45707,attualita-di-un-centenario,2024-11-26T00:00:00,2024-11-26T12:31:08,OK
dac7b86e-887c-41ff-9092-d670761eea52,12700,the-square-un-ristorante-per-sperimentare-lautonomia,2019-08-01T00:00:00,2019-08-01T17:29:49,OK
d9e9559b-7b29-4966-9581-93338e260c8e,38263,cristiani-del-sagrato,2014-06-29T00:00:00,2014-06-29T10:10:35,OK
dca5b44e-f622-41d7-ba13-930db9625bd2,31460,il-parkinson-una-scheda-per-saperne-di-piu,2006-03-30T00:00:00,2006-03-30T09:44:29,OK
dc8e0bb6-9b70-49ad-8de8-cf7ba10cc622,33499,dialogo-aperto-n-102,2008-06-27T00:00:00,2008-06-27T11:11:01,OK
daf7b24e-c2ee-40d5-9ffd-6000968d63bb,43766,ci-hanno-scritto-n-13,1977-06-20T00:00:00,1977-06-20T14:55:34,OK
dc00fb23-b72a-4859-be7d-7921dc0883d8,4792,natale-brasile,2013-12-14T00:00:00,2013-12-14T11:05:17,OK
d909657a-9578-4cb7-bdc0-0809b401d0b3,5760,perche-ho-dato-una-mano,1986-12-29T00:00:00,1986-12-29T11:29:45,OK
dc7b43be-679a-44ef-bd60-cc17014f221a,5213,quei-tre-giorni-aprile,1986-06-30T00:00:00,1986-06-30T12:15:45,OK
df42f3c4-f096-4981-9115-fd3928bc33c9,24394,newsletter-n-30-assieme,2021-03-15T00:00:00,2021-03-15T07:51:31,OK
de536dd0-b7f3-476b-82ce-bcc06a33f30c,31505,in-carcere,2006-03-30T00:00:00,2006-03-30T11:05:48,OK
dd9d8886-192e-453a-b9a2-a71b0a9d4dd1,38653,allora-hai-deciso,2014-12-15T00:00:00,2014-12-15T11:09:23,OK
de76576c-838b-418b-8fe4-b8b75f29a91e,38188,viola-e-valeria,2014-03-29T00:00:00,2014-03-29T11:50:35,OK
ddea33a8-eb53-4ab5-852b-57fa2b0414df,39970,la-chiesa-accanto-a-mio-figlio,2017-09-06T00:00:00,2017-09-06T10:10:44,OK
e03c6f3b-b699-4fb4-b2f0-39ee8ccbcdf3,33746,ecco-io-faccio-nuove-tutte-le-cose,2008-09-03T00:00:00,2008-09-03T11:55:39,OK
dccef4dc-92b2-4420-a08e-2aebf2e07565,15767876,a-santiago-per-mio-figlio,2025-07-30T00:00:00,2025-07-30T12:00:39,OK
de80f64a-1009-49d7-9166-ba7c20e73795,12194,dedicato-ai-bambini-e-a-tutti-noi-alice,1998-06-17T00:00:00,1998-06-17T08:42:28,OK
dec393c7-44dd-43ad-a71e-18fd16788bf9,10499,comunita-famiglia-di-endine,1996-03-03T00:00:00,1996-03-03T10:39:41,OK
dcff8316-f3cf-4448-943b-637a9befc247,40338,fede-e-luce-una-grande-famiglia,2018-06-30T00:00:00,2018-06-30T10:00:28,OK
dcf0a8a6-3392-44d1-add5-0645aab74253,35807,vivere-con-la-distrofia-le-malattie-neuromuscolari,2011-03-04T00:00:00,2011-03-04T17:10:14,OK
ddc043bf-ee02-413c-8512-81421c7ffabc,1206,ombre-e-luci-n-2-1983-sfogliabile,1983-06-19T00:00:00,1983-06-19T13:20:35,OK
dfc72c02-1d77-4e1e-88dd-ac0c07d4485e,4032,un-turbinio-eventi,2015-06-13T00:00:00,2015-06-13T14:03:17,OK
dcfd554b-498a-4432-b630-394f2bdaf0bf,40217,dalle-province-n-141,2018-03-26T00:00:00,2018-03-26T09:29:42,OK
dd708cfc-9f76-47c1-995f-72bd3c3bd6ee,28951,cantilena-dei-re-magi,2003-12-22T00:00:00,2003-12-22T10:22:21,OK
e06e4a03-0ac2-463a-9e75-c40ca5bfdccc,42459,pennellate-dai-centri-fede-e-luce,1976-02-20T00:00:00,1976-02-20T09:40:34,OK
dcfc38b1-9d07-49c3-be90-818308496542,12862,messaggi-tutte-le-abilita-della-comunicazione,1999-09-13T00:00:00,1999-09-13T06:25:59,OK
df43fe6f-ee72-4ba7-92af-f50b3101c505,5020,cascina-nibai-cooperativa-fraternita,1985-09-28T00:00:00,1985-09-28T14:51:56,OK
ddead178-3fcb-48be-9f3f-ca95cf9fa260,15768001,breaking-barriers-my-journey-as-an-autistic-actor,2025-08-20T00:00:00,2025-08-20T10:55:01,OK
df21f592-4b31-456a-b9e7-5b8136a3828b,46032,andiamo-tutti-in-pizzeria,1980-03-16T00:00:00,1980-03-16T17:00:34,OK
df906005-3d79-4262-a9f0-0c9432801ce2,20201,cronologia-dellinchiesta-e-cenni-storici,2020-01-02T00:00:00,2020-01-02T12:30:23,OK
e0524b25-9e27-42b8-8b0e-f3ae151af773,40049,diaologo-aperto-n-140,2017-12-21T00:00:00,2017-12-21T09:31:33,OK
ddad4ed7-1eb9-4f6f-a53d-bb27ee2a9106,35353,se-volete-veder-le-stelle-spegnete-i-vostri-lumi,2010-09-30T00:00:00,2010-09-30T16:11:59,OK
dcc9c901-f5b2-4c54-a21b-83bc85ce1179,11824,dedicato-ai-bambini-carlo,1997-12-15T00:00:00,1997-12-15T17:55:10,OK
df49c1bf-bb4d-4119-b4b4-9fe359c9a647,37473,dialogo-aperto-n-121,2013-03-10T00:00:00,2013-03-10T15:02:04,OK
dd86c642-9e06-4e3c-9e0c-2474fe8628fb,17114,gli-siamo-grati-per-questo-la-testimonianza-dei-genitori-di-gianni,2000-03-28T00:00:00,2000-03-28T12:16:21,OK
e0c6c491-8202-4833-9ace-24dcd6b877d2,24951,una-messa-su-misura-voluta-dai-genitori-e-amici-di-ragazzi-disabili-mentali,2002-06-14T00:00:00,2002-06-14T10:04:32,OK
dda613c8-e4da-4414-bc92-e5e74fc6766e,8382,dialogo-aperto-n-35,1991-09-20T00:00:00,1991-09-20T14:34:36,OK
df19bbc0-42e8-4191-bb4e-f03deb00bd22,10429,eucaristia-e-cresima-di-giacomo,1995-12-30T00:00:00,1995-12-30T15:45:23,OK
dfc1cb56-6e1a-4a3b-8bf5-33390a2d8c62,19775,dialogo-aperto-n-73,2001-03-08T00:00:00,2001-03-08T10:13:44,OK
ddf0f9ad-2ec0-4f06-8854-957e2b716579,38907,doni-preziosi,2015-03-19T00:00:00,2015-03-19T14:10:08,OK
de3a1d8a-eb7a-498a-a00b-0fcb45f75d2b,28357,non-ci-penso-proprio,2022-04-12T00:00:00,2022-04-12T13:04:20,OK
dfb21f68-e4ea-420d-be80-993c1f0e8aee,6916,persone-handicap-nella-parrocchia-le-risposte-dei-parroci,1989-03-20T00:00:00,1989-03-20T14:12:52,OK
de3725ce-c0ab-489a-8d43-1eacc273765f,39495,accogliere-la-sorpresa,2016-09-16T00:00:00,2016-09-16T12:00:14,OK
deaf06c1-9227-4933-ab1b-6aa85df36505,37656,anffas-ogni-persona-con-disabiltia-e-nostro-figlio,2013-06-10T00:00:00,2013-06-10T15:05:04,OK
df3253e4-742a-467b-a943-8e792262bfa3,12463,uomo-del-regno,2019-07-15T00:00:00,2019-07-15T17:02:15,OK
df6e54ed-4d58-4a97-8965-d76ea67b789d,12312,giorno-di-festa-al-melograno,1998-09-28T00:00:00,1998-09-28T13:56:22,OK
ddc7e862-ab99-42b3-99ec-7d9306a68c5b,27648,io-sono-chiesa,2021-12-21T00:00:00,2021-12-21T14:58:18,OK
dfab0c50-51b5-4eea-b461-b748b3d8e132,46690,lourdes-1981-giovedi-santo,1981-09-16T00:00:00,1981-09-16T18:23:34,OK
dd0ef4ea-1007-45b2-9bb6-7e990ac34acf,36142,due-grandi-occhi-neri,2011-12-04T00:00:00,2011-12-04T09:35:14,OK
df88ccc2-3196-4a7b-97f8-16b6fdca725b,45111,notiziario-fede-e-luce-n-20,1979-03-16T00:00:00,1979-03-16T18:00:34,OK
e0901af4-5f5f-46c0-88fe-dc4df28edd70,37663,la-cura-invisibile-per-il-riconoscimento-dei-caregiver,2013-06-10T00:00:00,2013-06-10T15:20:04,OK
dcfdb4d5-f141-417f-b84f-01f168aab3d0,6483,persone-disabilita-intellettiva-al-voto-ne-parlera-anche-tv,2018-02-23T00:00:00,2018-02-23T12:05:43,OK
e070f419-3e82-437b-a558-46f208d50702,28080,e-nato-qualcosa-che-nessuno-aveva-previsto,2022-03-30T00:00:00,2022-03-30T07:49:04,OK
e0be142a-3a6b-4876-8e5c-3b82b23774e3,9715,come-costruire-il-futuro-delle-persone-disabili,1994-09-02T00:00:00,1994-09-02T12:17:26,OK
e06b0185-c027-4135-87af-ad166baad604,1453,il-nostro-scoop,2015-09-22T00:00:00,2015-09-22T09:41:19,OK
e07d7a81-e232-4c9b-a60a-57e50f4ee162,12528,piu-forti-di-loro-scritti-monaci-trappisti-uccisi-algeria-1999,1999-06-16T00:00:00,1999-06-16T10:53:28,OK
e0b22b94-3149-421d-bc6b-43c1b733f7b2,40322,la-comunicazione-multimodale,2018-06-30T00:00:00,2018-06-30T09:35:28,OK
ded44df2-0acc-4582-a91f-618eb49e092b,24041,che-strano-uovo,2021-02-11T00:00:00,2021-02-11T09:56:41,OK
def15807-4190-4f17-8b78-36e06750dd5d,6035,non-so-come-ne-a-chi-dirlo,1987-06-30T00:00:00,1987-06-30T11:39:44,OK
e15a987e-2850-44a3-be12-3617a80ba9fb,12281,hikari-una-famiglia,1998-09-28T00:00:00,1998-09-28T12:24:12,OK
e0f4a2af-29b8-4c7b-b50f-aab20a5ee823,41954,i-canti-del-pellegrinaggio-di-roma-1975,1975-07-03T00:00:00,1975-07-03T10:30:34,OK
e2b8f0b9-df4e-4ee4-b9d7-f913afc24832,27335,pubblico-libri-e-voglio-che-tutti-possano-leggere,2021-10-20T00:00:00,2021-10-20T16:19:02,OK
e2deeaf3-4a98-4211-8530-0008dd04ea0a,36149,ci-chiedono-da-che-parte-stai,2011-12-04T00:00:00,2011-12-04T09:45:14,OK
e1ac6a1f-d127-455c-9755-afe7e9c63061,30367,mio-padre-e-un-chicco-di-grano-recensione,2004-09-13T00:00:00,2004-09-13T16:58:06,OK
e1cf2c7d-a424-4937-b1e2-5aab4d8046bb,10420,come-preparare-al-sacramento,1995-12-30T00:00:00,1995-12-30T12:35:53,OK
e210f7be-ccbe-41ec-87cf-2846046eaafb,4058,che-bella-estate,2015-09-13T00:00:00,2015-09-13T14:33:03,OK
e4b5b84d-1499-4322-91b1-6e935dc4336d,38602,sicurezza-nel-cammino,2014-12-15T00:00:00,2014-12-15T09:51:23,OK
e1bc6f30-30e7-4503-ad84-698425e3d9a3,9618,70-giochi-per-rilassare-tuo-figlio-da-2-a-6-anni,1994-06-18T00:00:00,1994-06-18T10:19:44,OK
e394fac3-8070-417a-8568-593443719ae2,37910,la-mia-vita-a-santa-palomba,2013-09-13T00:00:00,2013-09-13T16:00:04,OK
e3d6b2bf-04c5-417e-810d-c249fd8c3a71,22651,vogliamo-andare-avanti,2001-09-27T00:00:00,2001-09-27T11:23:56,OK
e2ded77b-c76c-4f22-b044-973fb93d27cd,2196,i-giullari-di-dio-morris-west,1983-12-28T00:00:00,1983-12-28T16:22:19,OK
e2a1012e-b8b1-4bf5-98f0-4dd923b143eb,44752,alfedena-1978,1978-12-21T00:00:00,1978-12-21T09:30:34,OK
e59569e8-f571-49b2-a101-cebbd6246498,38983,dialogo-aperto-n-130,2015-03-19T00:00:00,2015-03-19T09:45:53,OK
e20d6ad1-8f05-48ce-993d-dfd3dd1045ef,6781,buone-abitudini-sara-piu-accettato,1988-12-27T00:00:00,1988-12-27T19:56:22,OK
e232bfe5-b2c8-408d-972a-4cd5e269406e,45841,marymount-unestate-di-musica-e-sorrisi,1979-12-16T00:00:00,1979-12-16T17:10:34,OK
e446ed04-c449-4890-a11d-8901b459869c,28486,il-linguaggio-della-speranza,2022-05-24T00:00:00,2022-05-24T06:53:31,OK
e498d9e4-7c6e-4b06-bc99-d9efe0c56646,33882,eros-e-disabili-riflessioni-e-testimonianze,2008-12-07T00:00:00,2008-12-07T18:54:20,OK
e4620908-89d6-4071-948a-e7a606f3cc73,38652,ci-provero,2014-12-15T00:00:00,2014-12-15T11:59:23,OK
e382cd90-6cc7-453e-96b2-71d30dfc062e,5266,al-primo-posto,1991-09-22T00:00:00,1991-09-22T11:33:52,OK
e46b29ca-586b-4dc1-a401-7f9c619d5509,4931,un-giorno-un-altro,2004-12-15T00:00:00,2004-12-15T13:54:58,OK
e4aa38a2-aacd-4207-a587-039eb1cbc1dc,12200,teatro-in-un-gruppo-fede-e-luce,1998-06-17T00:00:00,1998-06-17T09:03:21,OK
e29cbf26-249a-4cad-942a-b5bce970a438,8307,questa-casa-famiglia-e-una-risposta,1987-03-21T00:00:00,1987-03-21T13:17:19,OK
e3a61fe3-3567-44c9-9893-fbe663ea5fb7,30455,liniezione-di-uscobupt,2004-09-13T00:00:00,2004-09-13T18:16:38,OK
e246d2ad-1382-45c6-835b-47fd1ec9ff45,27435,diario-di-efrem-lavoratore,2021-11-08T00:00:00,2021-11-08T09:03:14,OK
e4302b52-fa0f-4383-97c1-2b0690dc3ced,8599,la-speranza-nella-vita-quotidiana-con-nostro-figlio-affetto-da-miopatia,1992-03-05T00:00:00,1992-03-05T08:49:46,OK
e4b2319d-8a62-4929-831b-e1a88cc81f4a,28025,basaglia-il-dottore-dei-matti-recensione,2022-02-18T00:00:00,2022-02-18T17:19:39,OK
e14aeba2-9819-4a91-96c0-b57423a13bde,2199,la-debilita-mentale,1983-12-28T00:00:00,1983-12-28T16:24:36,OK
e3f93c40-ba0b-4456-9a0e-6185a9198ca1,39954,viola-e-mimosa-n-139,2017-09-06T00:00:00,2017-09-06T09:40:44,OK
e5958b65-8c83-40b5-b334-46dfff6e077f,38754,mi-saro-fatto-unidea,2015-03-19T00:00:00,2015-03-19T09:20:08,OK
e1cda15a-7c0b-4384-ad76-78ae15d5a78e,4434,ora-sto-diventare-mamma,2009-03-08T00:00:00,2009-03-08T11:09:13,OK
e20c4595-b765-4454-a8bc-68b7225ed0bb,45099,7-testimonianze-di-genitori-e-amici-di-bambini-profondamente-handicappati,1979-03-16T00:00:00,1979-03-16T19:30:34,OK
e1a2e783-a03c-4c27-a9b0-50cbc4e3fb8f,31800,valeria-risponde-alla-lettera-di-monica-del-n-93,2006-06-21T00:00:00,2006-06-21T08:29:17,OK
e511bb02-fd9e-489e-a25b-796f3247a409,6903,attivita-creative,1989-03-20T00:00:00,1989-03-20T13:57:49,OK
e424ba17-caa9-452f-a698-9596e0801e43,31104,integrazione-scolastica-come-la-viviamo-noi-compagni-di-classe,2005-09-19T00:00:00,2005-09-19T14:56:26,OK
e44e02ef-23e5-458d-ab9a-e0468621b5d5,32554,1500-grammi-di-cenere-cremazione-e-fede-cristiana-recensione,2007-06-03T00:00:00,2007-06-03T15:28:48,OK
e12baeeb-e453-4358-b07e-4b466f13c3eb,6929,si-organizza-un-campeggio-fede-luce,1989-03-21T00:00:00,1989-03-21T14:24:28,OK
e584dec4-e348-4b07-852c-2983a4e14f59,7211,un-grande-progetto-a-piccoli-passi,1989-12-26T00:00:00,1989-12-26T10:51:39,OK
e5164732-92fb-4983-9195-5bdda8b074a3,12989,consigli-per-una-casa-aperta,1999-12-17T00:00:00,1999-12-17T21:50:22,OK
e1d5e91f-61a0-4bba-b32b-65ffcaef3d73,9673,seminario-gratuito-a-bari-sulle-politiche-per-la-disabilita,2018-09-03T00:00:00,2018-09-03T09:06:47,OK
e0df4895-4abd-4244-80e6-18630133a369,7663,torino-salone-off-2018-visite-guidate-gratuite-a-vietato-non-sfogliare,2018-04-23T00:00:00,2018-04-23T09:02:53,OK
e24193c2-c220-4f33-88a9-222427d6e4a0,40461,meglio-di-come-ci-si-aspetta,2018-11-03T00:00:00,2018-11-03T10:08:34,OK
e2d998ba-4dd8-4c49-8906-3d8724145a1a,9586,a-scuola-con-chicco-in-braccio,1994-03-16T00:00:00,1994-03-16T17:05:57,OK
e4b9ded6-ea5d-4db4-8438-04b8df66c0d1,45591,un-compleanno-al-capezzale-di-un-amico,1979-09-16T00:00:00,1979-09-16T19:45:34,OK
e5807ae0-97f2-4d07-ba1f-5569ad888c07,34647,quali-mani-asciugheranno-le-mie-lacrime-recensione,2010-03-16T00:00:00,2010-03-16T16:15:10,OK
e58b8d94-f75e-4875-8743-49585c00a73e,18571,e-sono-150,2020-05-25T00:00:00,2020-05-25T09:57:19,OK
e2c141de-8982-40be-aee0-11c4b6b32427,35580,charles-restava-nascosto-sotto-il-tavolo,2010-12-03T00:00:00,2010-12-03T17:00:12,OK
e1baa382-1aaf-4fcb-a11d-b80203b740df,37850,un-dio-inutile-recensione,2013-09-13T00:00:00,2013-09-13T15:00:04,OK
e3a58e44-c141-43ed-a28d-bb5058d2525c,24153,decreto-182-2020-no-esonero-disabilita,2021-02-13T00:00:00,2021-02-13T23:10:27,OK
e1e4ac21-bd85-480c-93ee-9dc5ebd3e3fa,32703,la-spina-bifida-scheda-informativa,2007-09-09T00:00:00,2007-09-09T15:05:46,OK
e99974b0-d16b-4ee9-a41d-dbb72eafd09e,38895,per-me-e-felicita,2015-03-19T00:00:00,2015-03-19T13:00:08,OK
e7543718-e44e-4229-9d56-a1007fcdc9a9,27655,la-scuola-in-cui-nessuno-e-diverso,2021-12-21T00:00:00,2021-12-21T15:26:39,OK
e9b7d91d-cf0e-4a17-8882-8ba087df7274,9070,le-eta-della-vita,1993-06-20T00:00:00,1993-06-20T10:36:01,OK
e8201e72-c433-45e8-8fe8-aa5ce3c46de7,30207,la-domenica-con-i-disabili,2004-06-11T00:00:00,2004-06-11T17:09:22,OK
e78c3b4a-ea08-42d0-a9e9-fef34f67fff3,30736,giorgio-e-sam-una-madre-due-figli-autistici-e-il-racconto-di-unintensa-quotidianita-recensione,2005-03-15T00:00:00,2005-03-15T08:36:27,OK
e9cd63c3-41f4-4d09-9e95-f32e0822c46c,33901,la-vita-e-una-sfida-recensione,2008-12-07T00:00:00,2008-12-07T19:00:44,OK
e742005d-866a-48c9-9bef-4e88ba2511f6,14168,gli-altri-siamo-noi,2019-11-17T00:00:00,2019-11-17T18:11:03,OK
ea082fec-9e64-454c-8f74-f20e301b1317,31514,la-forza-della-tenerezza-lincanto-si-e-rotto,2006-03-30T00:00:00,2006-03-30T11:10:13,OK
e807c8ea-71d7-4fae-9e3f-ec9e795713bc,34349,il-grande-cavallo-blu-recensione,2023-02-15T00:00:00,2023-02-15T11:41:18,OK
e9b6fd7b-a150-4034-a87e-13e4deb9f51e,35394,sei-lagnello-e-il-pastore,2010-09-30T00:00:00,2010-09-30T16:40:59,OK
ea019741-d19b-4002-8fa2-cd0c2664071a,39113,riscoprire-cio-che-unisce-i-cuori-di-tutti,2016-03-25T00:00:00,2016-03-25T10:00:53,OK
e752e30c-7c1a-4945-baf5-db825d9a05ae,41901,perche-questo-pellegrinaggio,1975-07-03T00:00:00,1975-07-03T13:15:34,OK
e7dd7cda-67c5-4de1-bab6-5fd77142a8db,11056,la-segregazione-delle-persone-con-disabilita,2018-11-01T00:00:00,2018-11-01T17:33:41,OK
e7282ccf-dae4-467d-ac99-b743beea4dfb,24945,il-kinnor-un-coro-di-disabili-mentali-e-normali-anima-le-messe-domenicali,2002-06-14T00:00:00,2002-06-14T09:50:04,OK
e9ce6b61-421c-4293-8426-00dffc90dca9,32537,occhi-doro-nato-per-vivere-recensione,2007-06-03T00:00:00,2007-06-03T15:23:23,OK
e8249062-3d79-43bb-997e-54c9825f8c9c,5756,festa-in-casa-con-lui,1986-12-29T00:00:00,1986-12-29T11:23:43,OK
e824662b-4994-413f-8e2d-438d61cbbf6d,15768753,i-film-e-la-serie-da-vedere-durante-le-feste,2025-12-23T00:00:00,2025-12-23T10:50:37,OK
e6dc1528-a9b7-4559-880b-f62321eed128,39713,labilita-onlus-aprire-gli-occhi,2017-03-16T00:00:00,2017-03-16T11:10:14,OK
e9097700-cbec-48c8-88c8-d2897fcbb2d7,45398,quale-liberta,2024-09-02T00:00:00,2024-09-02T10:50:57,OK
e6c1b3f0-5fb0-4f8a-931b-0179b98a7ef3,27750,imparare-a-sentire-ascoltando-il-mare,2022-01-27T00:00:00,2022-01-27T12:47:27,OK
e71bd4dd-e417-4edd-baf8-541bde382136,39598,dalle-province-n-136,2016-12-16T00:00:00,2016-12-16T09:30:14,OK
e615d3a5-66bb-48a4-bc31-0f5dde40a969,45865,letture-consigliate-n-23,1979-12-16T00:00:00,1979-12-16T16:20:34,OK
e92f52e7-80d4-47f4-8acc-bfb66c6e6d1f,12574,una-nuova-casa-famiglia-oikos,1999-06-16T00:00:00,1999-06-16T12:54:07,OK
e818f6f0-d7dc-431f-84de-e0ec5bc0b0bc,38886,come-e-stato-possibile-tutto-questo,2015-03-19T00:00:00,2015-03-19T12:10:08,OK
e80a07c9-98e8-4c7f-af7c-fc722003f005,7560,riccione-ex-mattatoio-riqualificato-a-centro-di-accoglienza-per-disabilita,2018-04-16T00:00:00,2018-04-16T10:57:05,OK
e88fb51b-4c6c-48f8-a111-4a971491c178,32242,patologie-disabilitanti-nellanziano,2006-12-28T00:00:00,2006-12-28T08:24:54,OK
e6afd926-5e6a-4d0d-8397-8e39c50cf8cc,9914,come-dirti-come-spiegarti,1995-03-16T00:00:00,1995-03-16T19:07:20,OK
e8dff20e-3598-480f-beb0-016dd288c03a,9004,francesca-e-sabrina,1993-03-18T00:00:00,1993-03-18T13:47:09,OK
ea83431e-56b7-434e-af18-b7825bcdfe80,37631,chiamami-alex-recensione,2013-06-10T00:00:00,2013-06-10T15:00:04,OK
e8727cc5-7b66-40f0-995c-27d110283b17,45120,letture-consigliate-lo-svantaggiato-quale-educazione,1979-03-16T00:00:00,1979-03-16T16:00:34,OK
e93d1442-4286-4bd8-ab7b-1a726500538b,5173,incontro-gesu,1985-12-20T00:00:00,1985-12-20T13:28:15,OK
e71ff448-b23e-4b57-bd6d-07047bb9ad4a,35749,vita-fede-e-luce-n-113,2011-03-04T00:00:00,2011-03-04T16:10:14,OK
e5ce0865-1ffe-4c03-8ab7-c6bf47b53a93,7917,il-corpo-spezzato,1990-12-27T00:00:00,1990-12-27T07:50:10,OK
e60088da-59d4-4bdd-bcaf-b5b491cc0bed,9727,ferie-dagosto,1994-09-03T00:00:00,1994-09-03T12:59:38,OK
e7c0e019-e3cb-4e2f-b6b5-4c1175cc8884,12684,il-tesoro-nascosto-nel-campo,2019-08-07T00:00:00,2019-08-07T06:14:44,OK
e6ca5680-6888-4852-9905-68eae5306050,6381,atteso-braccia-aperte,1987-12-29T00:00:00,1987-12-29T11:54:17,OK
e8515a66-eed3-4072-a49b-8765c190b901,36498,su-scuola-tatuaggi-e-tempo-che-non-va-perso,2023-04-21T00:00:00,2023-04-21T11:05:12,OK
e68b3f80-b677-472c-944f-d829f3143124,45755,un-percorso-irreversibile-avviato-dal-basso,2024-11-26T00:00:00,2024-11-26T13:29:33,OK
ea0b6597-7341-4690-b80f-0eaf6684d856,15767704,my-son-has-friends,2025-07-25T00:00:00,2025-07-25T09:49:00,OK
e9e2b6af-447b-4e78-a334-6c8239a922e0,16354,sfilate-da-sogno,2020-03-08T00:00:00,2020-03-08T06:19:37,OK
e90f016b-ce94-4c2b-8d93-606caf2d999e,39610,quattro-giorni-mano-nella-mano,2016-12-16T00:00:00,2016-12-16T10:00:14,OK
e5c82a2d-667c-4dc3-a7ed-0d87666fad68,26376,porto-i-miei-figli-a-fede-e-luce-perche,2003-03-13T00:00:00,2003-03-13T15:46:51,OK
e5d63219-d637-4e57-bdef-0389792baa82,6551,studentinsella-salerno-coinvolti-gli-studenti-disabilita,2018-02-27T00:00:00,2018-02-27T10:47:18,OK
e8da73c0-0b90-43bb-87b6-e5359203b093,9926,domande-e-osservazioni-dei-genitori,1995-03-16T00:00:00,1995-03-16T21:31:17,OK
e6c44cae-fa89-4ede-a3af-4c5f0eefc3ef,44171,modesta-valenti,2024-05-30T00:00:00,2024-05-30T07:53:53,OK
e6ced60c-e53a-4a4e-82ff-022cfde8e252,6346,handicap-comunita-cristiana-un-esperienza-spunti-pastorale-gli-handicappati-psichici-gravi,1987-12-20T00:00:00,1987-12-20T10:07:32,OK
ea052bbf-c3e9-403b-846d-0685ae7a03b3,6634,madre-e-handicap,1988-04-28T00:00:00,1988-04-28T11:04:11,OK
e95e1aa5-b753-4878-9c70-55f7eef78b89,12804,sempre-io-christopher-reeve,1999-06-11T00:00:00,1999-06-11T18:02:26,OK
e6b525ba-7611-4ba5-a96c-ab762ad2c04b,45356,fu-in-tenda-che-mi-diede-il-benvenuto,1979-06-16T00:00:00,1979-06-16T17:00:34,OK
e6dfd037-bcff-4864-ad41-910738e0bd96,7922,malattia-mentale-legge-180,1990-12-27T00:00:00,1990-12-27T08:00:19,OK
ebbd53b3-1f99-4cbb-96a4-c8112713441b,10797,vestita-di-nuvole,1996-09-21T00:00:00,1996-09-21T12:06:12,OK
ea9c57e4-fcc0-47de-b0ef-97b393aace32,38988,di-corsa-verso-francesco,2015-03-19T00:00:00,2015-03-19T09:59:53,OK
eac86afa-6434-4da3-ac6c-77762ab525af,8409,dialogo-aperto-n-36,1991-12-24T00:00:00,1991-12-24T10:18:00,OK
ec6e1d40-4cc6-4df8-b10d-2361981fabd2,9112,faccio-il-viaggio-da-sola,1993-06-21T00:00:00,1993-06-21T09:31:56,OK
ec9f3b4e-b7b8-4b6c-96de-7d763d9af938,28234,comunita-viaggianti,2022-03-23T00:00:00,2022-03-23T10:55:43,OK
ec02f675-05c5-4a89-aa59-82a6c62554a5,25282,storie-di-cui-fare-tesoro,2019-05-27T00:00:00,2019-05-27T13:20:55,OK
eb2f1d20-faee-4b7f-9d6a-16de87c6285c,21104,poesie-visages-volti,1975-02-07T00:00:00,1975-02-07T09:09:24,OK
eaf49336-4204-4b02-9b96-3dc05dfb199a,10402,dialogo-aperto-n-52,1995-12-30T00:00:00,1995-12-30T11:28:03,OK
ebf11660-279f-41b1-a5ab-96ecb07db428,22160,recensione-final-account,2020-10-09T00:00:00,2020-10-09T15:05:29,OK
ec30323f-d1d4-4b73-aea5-6b610ac5ec7e,8213,il-piu-popolare-al-velodromo,1991-06-21T00:00:00,1991-06-21T10:47:42,OK
eaeae110-9fdd-4995-9e81-92fa686070c1,41627,partire-o-restare-la-migrazione-nei-film-di-venezia-80,2023-09-22T00:00:00,2023-09-22T16:52:34,OK
eb98754f-2026-4906-8f46-b328e147e771,35234,per-rompere-la-solitudine,2023-05-08T00:00:00,2023-05-08T14:12:39,OK
eb930c97-10fa-44e1-945e-2a492d3d07ac,30260,un-italia-nascosta,2004-06-11T00:00:00,2004-06-11T18:00:29,OK
ed137225-d1b3-4281-80a0-4f1785899619,12808,e-francesca-e-basta,1999-06-11T00:00:00,1999-06-11T18:12:58,OK
ed0545e0-f698-45e1-be0b-620a009360f2,4899,disabilita-intervento-apprendimento-controllo-degli-sfinteri,1986-03-10T00:00:00,1986-03-10T08:53:54,OK
ed480fe1-cafb-466e-8c06-dd8adbff2344,11676,questionario-ombre-e-luci,2019-03-25T00:00:00,2019-03-25T10:40:05,OK
ec4883c3-e522-4093-9d2c-2b4d5dafcd88,39587,io-sono-con-te-recensione,2016-12-16T00:00:00,2016-12-16T09:00:14,OK
ed08a35b-280a-406a-9f99-6e6446fefac3,18692,i-bambini-sono-speranza,2020-06-26T00:00:00,2020-06-26T05:33:47,OK
ed02b9f0-ecac-424c-a0be-73956333cdcf,40294,la-mia-forza-nella-mia-differenza,2018-06-30T00:00:00,2018-06-30T09:10:13,OK
eab18947-ecf9-4296-ba45-55716b580407,46645,consigli-di-lettura-insieme-n-29,1981-06-16T00:00:00,1981-06-16T16:10:34,OK
edab790a-875c-45b9-9ba0-1ccea36dabc9,33732,la-solitudine-dei-numeri-primi-recensione,2008-09-03T00:00:00,2008-09-03T11:51:03,OK
eb751dac-ff07-4d9f-9445-c5f929537093,25404,onora-il-padre-e-la-madre-pagine-di-tutti-i-tempi-per-capire-il-rapporto-tra-genitori-e-figli-recensione-libro,2002-09-01T00:00:00,2002-09-01T11:16:56,OK
eb6da754-873e-408a-84f2-f81b43d070f2,5916,ombre-luci-n-15-1986-sfogliabile,1986-09-08T00:00:00,1986-09-08T23:20:21,OK
ecef1859-48a8-450c-b630-fae3a09a4174,7919,una-soluzione-giusta-e-umana-maso-s-pietro,1990-12-27T00:00:00,1990-12-27T07:54:10,OK
ecd574d1-d615-4de2-b5a6-8748d1173430,33706,la-stanza-degli-ufficiali-recensione,2008-09-03T00:00:00,2008-09-03T11:28:07,OK
eb1cfda1-875d-4803-a6c5-60891bc8ccaf,11072,la-morte-amica-lezioni-di-vita-da-chi-sta-per-morire,1996-12-15T00:00:00,1996-12-15T12:27:05,OK
eca7f463-456b-42b9-9583-dfe261d5f2e2,15767870,faith-and-light-at-fifty-a-journey-still-burning-bright,2025-07-29T00:00:00,2025-07-29T16:37:06,OK
eacb4f58-68d4-484c-8621-5f9dcd701f57,11477,quando-se-ne-vanno-prima-di-noi,1997-03-26T00:00:00,1997-03-26T08:19:37,OK
ec473ea4-c18c-4cd3-a4b7-92f75bac157a,33769,sono-un-africano,2008-09-03T00:00:00,2008-09-03T12:13:29,OK
ed3a4927-eb81-429d-a1c1-1920008eda0d,43128,ci-hanno-scritto-n-11,1976-12-20T00:00:00,1976-12-20T11:55:34,OK
eda2851a-712c-445e-9834-01089229e532,35359,aiutami-a-fare-da-me,2010-09-30T00:00:00,2010-09-30T16:15:59,OK
ed65bf93-f805-4bee-8124-453969c8282e,24375,gianciotto-malatesta-e-i-conti-che-tornano,2021-03-12T00:00:00,2021-03-12T22:15:43,OK
ebac0af0-6459-4120-9100-7e2caf006d9e,9413,la-fede-si-vive-cosi-si-impara,1993-12-23T00:00:00,1993-12-23T09:51:40,OK
eaec3bd3-880a-4396-bef4-f35cd55fbfc4,39638,io-e-simona,2016-12-16T00:00:00,2016-12-16T11:50:14,OK
eabe1cf8-fd07-4f48-9c4d-a3e98b4c5707,44410,ci-hanno-scritto-n-16,1978-03-08T00:00:00,1978-03-08T09:30:34,OK
eca192b5-20dd-40d7-915f-e7f78340c329,30385,sempre-capricci-storie-psicologicamente-corrette-da-leggere-assieme-ai-bambini-recensione,2004-09-13T00:00:00,2004-09-13T17:09:46,OK
ecd64465-9008-4f2a-8a68-9b5316016b34,1591,vita-fede-e-luce-n-1,1983-03-02T00:00:00,1983-03-02T20:09:55,OK
ea9513cf-8a26-42c9-b52a-b9a0906da242,17107,dialogo-aperto-n-69,2000-03-27T00:00:00,2000-03-27T12:08:21,OK
eb0b9c9a-a2c5-433b-9850-0a9b334d9fa1,37344,volevo-essere-una-farfalla-recensione,2012-12-10T00:00:00,2012-12-10T15:00:04,OK
ead484e2-505c-4286-a54d-ffe323033449,6352,sono-il-papa-di-francesca,1987-12-30T00:00:00,1987-12-30T10:19:34,OK
ecd78380-abea-47cc-a888-c2994b9d3984,46301,letture-consigliate-n-26,1980-09-16T00:00:00,1980-09-16T16:50:34,OK
ead3120f-9f2c-44b8-bf5f-482051505e6a,26913,c-a-a-comunicazione-aumentativa-alternativa-nel-centro-benedetta-dintino,2003-09-03T00:00:00,2003-09-03T16:39:34,OK
eafa165a-4fdd-4ff2-a8cb-b8136dcf008a,35786,la-pecora-nera-recensione-film,2011-03-04T00:00:00,2011-03-04T16:48:14,OK
ecfc0de4-7208-4bfc-921c-60f5585bcb1f,15767602,museum-for-all,2020-09-14T00:00:00,2020-09-14T00:17:23,OK
ed253309-4f3e-471d-9c40-aade3531d424,34526,contro-leutanasia-recensione,2009-12-10T00:00:00,2009-12-10T12:31:12,OK
ebae9ca4-4a04-4240-9237-b03232a7fa3f,38010,lamicizia-incarnata,2013-12-14T00:00:00,2013-12-14T14:23:00,OK
eb4b0fd6-7ec2-4d1e-870c-a0aa4fba0e0b,32054,mio-figlio-mi-divora-recensione,2006-09-27T00:00:00,2006-09-27T14:45:36,OK
eb649bad-3167-43aa-96ae-15cf5791cde3,10528,lo-sconforto-emotivo-esige-comprensione,1996-03-04T00:00:00,1996-03-04T18:05:58,OK
ed5fbbbf-9cef-44ab-bd91-17a5fc69cd3c,39091,zia-lo-sai-che-sei-un-po-strana-recensione,2016-03-25T00:00:00,2016-03-25T09:00:53,OK
eaff175a-b71c-4f14-aaa5-ef6822e29583,28457,barriere-invisibili-al-cuore,2015-03-19T00:00:00,2015-03-19T09:20:08,OK
efbb4c2b-2dc1-4235-abd2-2863ac4966b3,22258,monza-primo-supermercato-autismo,2020-10-14T00:00:00,2020-10-14T10:19:51,OK
eed4f610-e17e-4f94-a341-57c8a31e4875,37171,cose-la-laurea,2023-05-05T00:00:00,2023-05-05T11:05:12,OK
ee26909c-a557-40ba-9442-55e1ae9f4684,17323,sulla-barca-in-piazza-san-pietro,2020-04-02T00:00:00,2020-04-02T07:24:00,OK
effad89a-7b17-42f0-bd3b-61d0f4b704b7,9074,vita-fede-e-luce-n-42,1993-06-20T00:00:00,1993-06-20T17:48:48,OK
eece2dba-0112-4eb4-9ecc-8d753dcf50da,9147,la-forza-dellortoterapia-arriva-ad-alessandria,2018-06-26T00:00:00,2018-06-26T11:05:08,OK
ee6df628-bfce-472c-aebb-404fdc5277bb,39015,scintille-di-amicizia,2015-03-19T00:00:00,2015-03-19T11:45:53,OK
f143775a-770d-4569-8e42-3677ac6bab5c,45340,ora-ha-un-mondo-suo-oltre-la-sua-famiglia,1979-06-16T00:00:00,1979-06-16T17:50:34,OK
ee7b20f5-e311-4d30-9710-6ad6f6ae177f,35752,uomini-di-dio-recensione-film,2011-03-04T00:00:00,2011-03-04T16:11:14,OK
ef0000fe-6f11-4954-890d-1436cfdfe3e8,38513,partecipe-dei-miracoli,2014-12-15T00:00:00,2014-12-15T07:45:23,OK
efa90270-47c7-46b7-8e92-4e5790073302,38144,agli-antipodi-dellindividualismo,2014-03-29T00:00:00,2014-03-29T11:09:35,OK
f0aa94b5-a9b5-4c81-93bf-65ad5bef223f,8905,loro-noi-che-stiamo-in-piedi,1992-12-13T00:00:00,1992-12-13T10:50:52,OK
f0f839bb-fc72-4097-bcb7-42406c9c24af,36478,bellezza-e-handicap,2012-09-16T00:00:00,2012-09-16T11:30:09,OK
f07d4851-fb8a-49d8-abff-471978d2cb0a,37295,progettare-un-nuovo-numero,2023-05-11T00:00:00,2023-05-11T20:29:00,OK
eeccdca4-911b-4592-b6c4-7ccf6b00a88f,31086,la-scelta-di-ivana-la-mia-vita-al-carro,2005-09-19T00:00:00,2005-09-19T14:33:47,OK
ef630eb7-6394-4329-8d77-c38d3fe9c76a,41009,che-bello-prendere-il-treno,2023-09-05T00:00:00,2023-09-05T08:38:05,OK
eebd6f02-ce8d-457f-9368-b45ed04e2aae,11639,pezzi-di-vita,1997-09-19T00:00:00,1997-09-19T16:13:02,OK
ef83b890-c4ab-4f76-9f5e-09efd923b263,44104,far-east-film-festival-2024-due-film-sulla-fragilita-da-hong-kong-e-taiwan,2024-05-08T00:00:00,2024-05-08T12:34:57,OK
f1255e87-1779-4906-870e-d9fd1cd5afa1,8366,storie-vere-di-bambini-autistici,1991-09-22T00:00:00,1991-09-22T10:37:56,OK
f0bb6c34-8f68-425f-9102-ec1cebb3e857,30481,il-natale-di-massimo,2004-12-14T00:00:00,2004-12-14T23:21:19,OK
f0739b58-fc26-4eac-9e5a-da2f389d6a22,10547,inclusion-exclusion-lesposizione-degli-artisti-con-disabilita-di-santegidio-al-vittoriano,2018-12-06T00:00:00,2018-12-06T12:34:57,OK
eea3c50b-7ce3-4a3e-b4a6-b90ccf9e8c40,42010,giovanissimi-n-3,1974-12-28T00:00:00,1974-12-28T19:50:08,OK
ee18767e-2dcc-4b1b-90ce-ea6ebc98005c,18659,give-me-liberty,2020-06-06T00:00:00,2020-06-06T05:23:40,OK
eec74c19-bb08-4ed1-a0df-570da42b031c,9918,dialogo-aperto-n-49,1995-03-15T00:00:00,1995-03-15T19:14:53,OK
f1257256-2131-4fdd-869b-814d347c0e23,29384,dialogo-aperto-n-151,2020-08-13T00:00:00,2020-08-13T18:26:43,OK
ef14e4b5-25fd-407d-badd-402b1f379f13,34538,la-musica-segreta-della-terra-recensione,2009-12-10T00:00:00,2009-12-10T12:58:25,OK
edb5316a-e4d5-4542-b1db-aef969adb359,6207,un-figlio-cinque-giorni,1987-09-25T00:00:00,1987-09-25T13:10:08,OK
f0856f08-59bb-40f7-aa00-06b809ef23d3,21068,lestate-insieme-newsletter-estiva-n-21,2020-08-07T00:00:00,2020-08-07T05:31:18,OK
f02cfdb4-f8d4-4275-be94-f39ab4a64c7a,48014,di-polemiche-e-accessibilita-alla-berlinale75,2025-02-21T00:00:00,2025-02-21T12:34:39,OK
efb9c874-e427-493c-9239-c76398078702,33504,il-male-e-la-sofferenza-raccontati-ai-bambini-recensione,2008-10-27T00:00:00,2008-10-27T11:18:07,OK
eee45932-983d-4299-a050-8d36c001f310,15560,quando-il-buio-e-totale,2020-01-23T00:00:00,2020-01-23T08:51:11,OK
edfdddd7-4ff5-4959-84c2-7a8a957eb73f,12513,il-disability-pride-di-stefan-aspirante-artista-amante-di-fumetti-ed-ecologia,2019-07-16T00:00:00,2019-07-16T09:37:23,OK
ef475bfe-3082-4ccf-a2a7-c1d8a04bd6a5,14932,le-ombre-e-le-luci-del-natale,2019-12-24T00:00:00,2019-12-24T05:34:50,OK
eebd99f7-5ccb-494c-9608-bc548e5421d9,27766,carissimo-roberto,2022-01-27T00:00:00,2022-01-27T12:08:58,OK
f0474b5a-b0b6-494b-858e-5f191d50f603,8818,maria-la-mia-figlioccia,1992-09-07T00:00:00,1992-09-07T16:26:06,OK
f089a4c5-c8ed-4eec-8a4f-7e5cf588fa78,37676,il-tuo-bambino-ha-qualcosa-che-non-va,2013-06-10T00:00:00,2013-06-10T15:55:04,OK
efe01b57-c338-4bc9-b606-815ef9a0ea14,35416,non-ne-sapevamo-niente,2010-09-30T00:00:00,2010-09-30T18:50:59,OK
efbf962e-61b7-406e-b222-bd71f9c2e975,15124,con-occhi-padre,2020-01-29T00:00:00,2020-01-29T11:28:16,OK
f11360e8-4911-4b70-921a-12b4e7936848,39913,hello-harry-hi-benny-recensione,2017-09-06T00:00:00,2017-09-06T09:00:44,OK
f0ce017c-7b59-4f86-8392-f748607d593c,32081,il-mio-primo-campo-fede-e-luce,2006-09-27T00:00:00,2006-09-27T15:03:01,OK
ede3004f-b032-4a2d-a96a-42bec96f92ef,42733,se-io-diventa-noi,2023-11-20T00:00:00,2023-11-20T09:03:13,OK
f135c1eb-7689-4138-9572-5795dff2dc03,17570,un-angelo-canta-blu-la-vera-storia-di-cecilia-recensione,2000-06-20T00:00:00,2000-06-20T08:36:47,OK
eff75550-bf8d-4be0-a0c7-d516637d53c5,25040,quel-che-ti-scava-dentro-newsletter-n-32,2021-05-18T00:00:00,2021-05-18T06:04:21,OK
f08761cd-be9a-4396-95d6-f64e9c21abf6,34040,il-carro-una-casa-sempre-piena-di-gente,2009-03-08T00:00:00,2009-03-08T17:25:35,OK
eed9fb87-baeb-4720-8831-18ce057f8fa6,4876,ombre-luci-n-11-1985-sfogliabile,1985-09-14T00:00:00,1985-09-14T17:02:07,OK
ee67faab-b870-4ec5-8222-116c32f2d934,42582,alla-ricerca-delle-vere-vacanze-rompere-gli-schemi-e-scoprire-il-significato-profondo-del-riposo,1976-09-20T00:00:00,1976-09-20T20:01:34,OK
ee7562ea-2a0c-4721-9bc3-687be3b7dece,26962,sscuola-e-handicap-una-scuola-da-imitare,2003-09-04T00:00:00,2003-09-04T15:33:35,OK
f05dbc64-297e-4b3b-8022-79a23d6ef88d,34840,cani-pony-leoni-marini,2010-06-17T00:00:00,2010-06-17T12:03:14,OK
f10d5b1f-54a1-4f20-86ff-237645405161,17260,la-caponata-di-celli-che-unisce-litalia,2020-03-31T00:00:00,2020-03-31T15:56:36,OK
f064a87d-a6f8-49c9-bf90-125f50fe0751,15768643,dissodare-il-terreno,2025-11-05T00:00:00,2025-11-05T12:22:44,OK
eeb08d85-b01d-4476-bae8-ecce90fff62f,9091,dovra-stare-in-un-ambiente-protetto,1993-06-20T00:00:00,1993-06-20T20:55:20,OK
f1d1402a-d895-4f22-a5d6-345af58be8b6,6937,guardavano-guardavano,1989-03-20T00:00:00,1989-03-20T14:52:41,OK
f23b2183-79ff-494b-9047-251437c231b3,9820,non-vergognatevi-di-essere-felici,1994-12-19T00:00:00,1994-12-19T10:23:31,OK
f1ad16de-78ab-4b1c-aeb3-efa0cdd5d742,5861,camminato-vicino-marco,2008-01-07T00:00:00,2008-01-07T12:26:24,OK
f1450089-0eb8-42f4-b712-c9abd391ef2d,44654,un-po-di-provocazione,1978-09-18T00:00:00,1978-09-18T09:30:34,OK
f19b9573-f8bb-4f80-baec-895e5b06b674,39406,alla-ricerca-di-dory-recensione,2016-09-16T00:00:00,2016-09-16T09:00:14,OK
f2cc57af-9aec-4376-895b-197a2c5a213f,9923,leducazione-sessuale-delle-persone-handicappate,1995-03-16T00:00:00,1995-03-16T21:24:58,OK
f14cb535-0ade-44b1-9fba-a1b2457a18b0,8893,case-della-carita,1992-12-13T00:00:00,1992-12-13T10:17:26,OK
f218828a-397e-4245-a83e-854e9e6bbb80,3992,la-forza-della-fragilita,2015-06-13T00:00:00,2015-06-13T12:29:57,OK
f18678b8-0fcb-4b34-9a4c-deb3e4fd1d14,36488,il-mio-cane-mi-ha-scelto,2023-04-21T00:00:00,2023-04-21T10:35:12,OK
f254f20b-3f1f-4244-a29a-d16c89eecfe6,23714,cosa-si-potrebbe-imparare-dai-banchi-monoposto,2021-02-03T00:00:00,2021-02-03T14:22:55,OK
f2cfcd82-8d40-4595-8326-50a647793891,33989,a-sua-immagine-recensione,2023-02-08T00:00:00,2023-02-08T09:28:16,OK
f2509766-ceb2-4f50-a799-226978d326f0,6024,dialogo-aperto-n-18,1987-06-20T00:00:00,1987-06-20T11:23:25,OK
f14d5bde-f7ce-4f76-a79c-18159caa1c24,19360,uffa,2020-06-03T00:00:00,2020-06-03T15:22:07,OK
f21d9c9a-d5b9-4443-bb40-a997a1a9f70b,31544,due-nonne-blues-sisters-in-missione-per-conto-di-benedetta,2012-03-16T00:00:00,2012-03-16T11:02:18,OK
f249f2e1-6094-4f99-914b-18b2b0192e11,46542,vita-fede-e-luce-insieme-n-28,1981-03-16T00:00:00,1981-03-16T17:50:34,OK
f317e774-2382-4c86-8cb8-7c62a932bc11,28114,dialogo-aperto-n-156,2022-02-23T00:00:00,2022-02-23T14:25:52,OK
f246d62e-60ce-49c0-ac1a-018ce946046c,17092,la-sofferenza,2000-03-28T00:00:00,2000-03-28T10:51:57,OK
f29a6543-7726-470f-93bf-97c7d1977932,39696,dialogo-aperto-n-137,2017-03-16T00:00:00,2017-03-16T09:45:14,OK
f23d1d48-d253-4b45-8511-f8b6eaf59222,32448,questi-bambini-sono-intoccabili,2007-03-02T00:00:00,2007-03-02T17:08:51,OK
f1c2ce96-c398-4126-a8f0-8481aff22c9c,29864,vita-delle-province-n-149,2020-02-28T00:00:00,2020-02-28T11:18:49,OK
f286416e-e4e9-4e39-8169-8549bb429f90,26563,inneschiamo-la-valanga,2021-07-28T00:00:00,2021-07-28T06:44:40,OK
f3c35c93-37eb-411c-bc94-ca417a446499,39522,tu-ci-hai-chiamati-eccoci,2016-09-16T00:00:00,2016-09-16T14:50:14,OK
f3014f48-8b7d-44c0-9357-b2d3e04190e5,39025,i-mille-volti,2015-03-19T00:00:00,2015-03-19T12:15:53,OK
f1f77d5e-c688-4bfd-91c7-ced072b90c1d,17564,itinerari-guida-annuario-accoglienza-cattolica-italia-2000-recensione,2000-06-20T00:00:00,2000-06-20T08:32:27,OK
f1527fb9-9ecd-41b0-8db8-2150258e7ad4,35837,vita-fede-e-luce-la-festa-per-i-nostri-40-anni-1971-2011,2011-03-04T00:00:00,2011-03-04T17:50:14,OK
f3c9e33d-ca1f-49bf-9355-041f4d50070b,12660,jean-e-il-carro-di-genevieve,2019-07-27T00:00:00,2019-07-27T08:01:45,OK
f1e2dbf8-816c-4176-93c5-6fbaba115696,27798,assegno-unico-e-universale-1-marzo-2022,2022-01-28T00:00:00,2022-01-28T10:18:01,OK
f3c2b86f-c978-446a-9bda-4f0d40afa2e3,29020,la-cascina-di-villa-dalme,2003-12-22T00:00:00,2003-12-22T12:57:54,OK
f3de373b-d307-496f-bb5c-5466402eb5bb,34234,per-me-lo-scoutismo,2009-09-10T00:00:00,2009-09-10T12:06:32,OK
f3ad4786-64c5-424b-8ba2-8720b9492172,44550,alla-scoperta-di-un-ristorante-inclusivo,2024-06-20T00:00:00,2024-06-20T10:45:25,OK
f40fa94d-2f99-45f6-8a9e-e5377a4eaabe,2441,prima-che-sia-tardi,1984-12-31T00:00:00,1984-12-31T17:59:35,OK
f198b1ed-11e3-4229-b43d-d7c0903868c3,38029,tutti-prescelti-lo-yoga-per-le-persone-disabili,2013-12-14T00:00:00,2013-12-14T13:15:00,OK
f36d11d2-0f75-4191-8b58-24fabb79e82c,26804,il-matrimonio-tra-sogno-e-realta,2003-06-23T00:00:00,2003-06-23T16:59:31,OK
f2414768-25f2-4b52-ba14-a6141742a483,4654,la-lotta-del-padre-cittadino,2005-12-05T00:00:00,2005-12-05T11:40:09,OK
f1a1d970-d0a9-4916-bce7-b2f67163680c,42488,vedremo-mai-la-luce,1976-05-20T00:00:00,1976-05-20T20:10:34,OK
f26cf7c4-d7fa-41d2-ad31-8e3077928301,30592,le-testimonianze-dei-genitori-quando-mio-figlio-disabile-mi-piace-di-piu,2004-12-14T00:00:00,2004-12-14T16:55:44,OK
f35377f4-4dfc-41c0-be50-bb7c4fb832a5,11450,soluzione-per-malati-mentali-insieme-si-puo,1997-03-25T00:00:00,1997-03-25T11:11:39,OK
f3ff1daa-c3c6-481e-acb0-26b0a1ba49a1,6128,una-lettera-per-te,1987-09-30T00:00:00,1987-09-30T11:20:41,OK
f42d896c-a849-49b7-aaed-110c8324f082,38838,una-profezia,2015-03-19T00:00:00,2015-03-19T10:50:08,OK
f3319d73-45ff-447c-ac4f-78ee197bf8fb,4937,sempre-ci-commuove,2013-12-15T00:00:00,2013-12-15T14:24:00,OK
f2f4dd7d-5f87-446d-b1b6-8d37b028c021,33228,testimonianza-giulia-cirillo,2023-01-13T00:00:00,2023-01-13T11:18:57,OK
f40bd9cb-bd06-4885-b7c4-e73dfe03a334,10075,la-madre-di-davide,1995-06-02T00:00:00,1995-06-02T13:17:52,OK
f378f99c-f081-4966-8706-aac6cfc904b0,7384,corso-per-corrispondenza-per-genitori-di-bambini-down,1990-03-19T00:00:00,1990-03-19T12:58:22,OK
f324edec-75d8-4652-a1d0-a739f6b74f21,28823,siamo-una-rivoluzione-recensione,2022-07-14T00:00:00,2022-07-14T20:37:58,OK
f3f7353b-ac62-4ae5-a2cd-4efe268d0962,17248,il-profumo-dello-strucolo-de-pomi,2020-03-31T00:00:00,2020-03-31T15:30:55,OK
f409c987-3990-4a4a-876d-c443f308c1ac,32232,alzheimer-ma-soprattutto-e-mio-nonno,2006-12-28T00:00:00,2006-12-28T08:20:38,OK
f2ffadbf-ef7d-41f0-aafe-5b5ef9bc2722,21811,comunita-il-roveto,2001-12-25T00:00:00,2001-12-25T13:16:45,OK
f31cb83a-c172-4630-8347-c1bccb8a8278,38232,viola-e-il-messico,2014-06-29T00:00:00,2014-06-29T09:20:35,OK
f2f58b47-599a-4bf5-8ff5-7c6653279d6c,43616,berlinale-74-riflessioni-su-cinema-disabilita-e-moralita-con-due-opere-provocatorie,2024-02-21T00:00:00,2024-02-21T11:31:31,OK
f3788d9c-67e7-4430-87ff-eb10e8e41dfb,25987,piccole-cronache-dalla-lunigiana,2021-08-12T00:00:00,2021-08-12T06:38:02,OK
f52794bb-a6f3-4a06-a48f-f142672b86d5,6059,posso-insegnargli-qualcosa,1987-06-27T00:00:00,1987-06-27T12:35:31,OK
f4b94631-9f06-4835-b3a8-fde9f4214e80,7054,ho-visto-rainman,1989-06-25T00:00:00,1989-06-25T13:55:35,OK
f5f6602e-6aa4-4599-ac3d-9e9f8974e46b,30343,una-mamma-chiede-sguardo-come,2004-09-13T00:00:00,2004-09-13T16:50:57,OK
f6040d81-a08e-4f39-a7d9-ed5c4344c0cc,42210,tavola-rotonda,1975-12-03T00:00:00,1975-12-03T14:40:34,OK
f4ab5670-9958-4dba-b9f5-df91d693d5bc,33328,tandem-in-trentino,2023-01-20T00:00:00,2023-01-20T12:08:04,OK
f4597094-70f7-45f6-9273-58443955258f,34715,essere-mamma,2010-03-16T00:00:00,2010-03-16T16:35:10,OK
f63988e7-3a8d-4ffc-bae3-21f1ff1b9057,12314,roberto-chi-sei,1998-09-28T00:00:00,1998-09-28T14:00:14,OK
f49c3a3d-fe3f-417d-9571-06bfff56db7d,11467,il-senso-di-luca-nella-tua-vita,1997-03-26T00:00:00,1997-03-26T08:00:41,OK
f51b3053-78f3-4a88-9898-6d03d3146030,24962,giochi-per-lestate-recensione-libro,2002-06-14T00:00:00,2002-06-14T10:29:42,OK
f5016662-15e9-463a-a64e-3d8f4797daa5,23803,scuole-di-rapporti-umani,2002-03-08T00:00:00,2002-03-08T11:10:05,OK
f80331e0-e23a-4c2a-a0b6-5da321fe7ef4,26055,far-vivere-il-luogo-e-le-persone-di-cui-si-e-custodi,2021-09-02T00:00:00,2021-09-02T09:09:22,OK
f50be194-7e34-4e89-8577-438757a32130,47369,avanti-veloce-viaggio-nelladhd-recensione,2025-02-12T00:00:00,2025-02-12T13:29:06,OK
f4daa8a2-3a82-40de-8e2f-609470de6ba4,34173,fede-e-luce-si-cambia,2009-09-10T00:00:00,2009-09-10T11:05:39,OK
f5e0ffff-de07-4e97-a30f-616a3cbd724f,43916,samusa-di-virginia-raffaele,2024-03-25T00:00:00,2024-03-25T18:03:09,OK
f824078b-430d-47b6-8688-be5ff6fe755c,15768303,freedom-has-no-age,2025-10-20T00:00:00,2025-10-20T10:20:58,OK
f532c14f-d1cc-4110-9a7d-a7b7391344c6,46066,decido-io-di-mangiare-in-alto-a-sinistra,2024-12-18T00:00:00,2024-12-18T12:32:50,OK
f5037d74-07e1-40bd-ac54-f79846462870,39108,riuniti-in-preghiera,2016-03-25T00:00:00,2016-03-25T09:00:53,OK
f6745b34-f47a-46c8-b90e-e4df1e8d905a,21148,sabato-1-febbraio-1975,1975-02-07T00:00:00,1975-02-07T10:43:21,OK
f5f81c4f-5690-4b26-9bea-bc308b2564b0,12107,dialogo-aperto-n-61,1998-03-04T00:00:00,1998-03-04T09:21:09,OK
f690f590-ede4-4330-bbfe-61910f1f68a2,9766,vita-fede-e-luce-n-48,1994-12-15T00:00:00,1994-12-15T08:50:15,OK
f549a5a5-8f5e-434c-a42e-2b0f3f13a89b,22167,recensione-khorshid,2020-11-06T00:00:00,2020-11-06T05:09:22,OK
f76cd21d-1b32-49b3-8aff-af2b2a28083e,2203,il-lavoro-di-gianni,1983-12-29T00:00:00,1983-12-29T16:29:58,OK
f4d2348c-0872-451b-9e6e-b989f9135a36,22189,recensione-oaza,2020-10-09T00:00:00,2020-10-09T15:39:57,OK
f6b91e3d-7c3c-4f8b-8203-9ea9de302ea0,24648,il-cielo,2002-06-14T00:00:00,2002-06-14T07:57:07,OK
f6d3b5ae-938f-4209-af08-f61031f7b623,16993,clara-va-al-mare-recensione,2000-03-10T00:00:00,2000-03-10T09:57:07,OK
f4b8420b-675c-4caa-a11f-7bc5189e32f4,33725,mio-figlio-un-angelo-che-ha-scelto-di-vivere-recensione,2008-09-03T00:00:00,2008-09-03T11:48:37,OK
f6583b13-f50b-4b88-9fd8-6279ef85a53d,12824,quando-mangiare-e-un-problema-intervista-con-marie-odile-rethore,1999-06-12T00:00:00,1999-06-12T05:23:07,OK
f4f8b1ad-fe3a-4ace-86c3-9a40397cdca3,34696,un-crocifisso-silenzioso-immagine-della-rivoluzione-cristiana,2010-03-16T00:00:00,2010-03-16T16:28:10,OK
f64fdec4-93d8-443b-90b1-5458aa36e9e9,45105,la-forestiere-vita-comunitaria-con-i-piu-gravi-allarche,1979-03-16T00:00:00,1979-03-16T19:00:34,OK
f696b4d8-f213-4920-8b9e-b6716580c0a8,7434,la-nostra-famiglia-e-lhandicap,1990-06-20T00:00:00,1990-06-20T10:12:47,OK
f6c1f930-7dbb-47ad-acaf-8fdca9e18701,47350,storia-dellaborto-recensione,2025-02-12T00:00:00,2025-02-12T12:28:23,OK
f7f2f21d-bad2-4329-ba8d-5a651432c57e,43582,ennio-lalieno-recensione,2024-02-19T00:00:00,2024-02-19T20:31:19,OK
f6b40e5e-5dd7-43b1-9c2e-6a9582850ea5,12913,i-nostri-grandi-amici-charles-del-focauld-un-amico-di-gesu-nel-deserto,1999-09-13T00:00:00,1999-09-13T07:09:17,OK
f5e5ada1-2bc0-40c5-a064-046bcc333e46,9422,florent-nella-scuola-italiana,1993-12-23T00:00:00,1993-12-23T10:09:41,OK
f7b10dd9-d8a2-4c8e-8ba7-ab68e49fa55f,45028,la-poesia-del-firmamento,2024-07-19T00:00:00,2024-07-19T08:39:48,OK
f4c1d8bd-d94f-4b8f-9f83-a0069ce5eadc,3023,spesso-pero-mi-regala-il-suo-prezioso-sorriso,1985-03-30T00:00:00,1985-03-30T16:28:34,OK
f6877d1c-cdd8-4a14-920a-bd61fd86fffc,48131,limpossibile-diventa-possibile-recensione,2025-03-18T00:00:00,2025-03-18T12:34:36,OK
f5e52332-5494-4954-9c20-7fc25bb79874,39099,viola-e-il-bullismo,2016-03-25T00:00:00,2016-03-25T09:10:53,OK
f48c02d7-4b7c-46a3-8bfd-37cf28eb0582,5869,mimo-momento-preghiera-fede-luce,1998-12-07T00:00:00,1998-12-07T13:28:57,OK
f80b52a9-e576-442b-9b31-16a5841bf724,26612,eliminarli-dalla-nostra-vista,2021-08-05T00:00:00,2021-08-05T09:40:29,OK
f6185a1e-8275-4713-8099-1833311d59c3,30984,il-regalo-di-giovanni-paolo-ii,2005-06-17T00:00:00,2005-06-17T16:06:33,OK
f76318ba-72ac-4e87-96de-4266aeb55f03,15767927,se-sei-sola-invece-non-e-bello,2025-08-18T00:00:00,2025-08-18T15:29:39,OK
f65f0561-ca38-45fb-a1f1-94f805a06a7b,12761,guidati-da-gio,2017-06-28T00:00:00,2017-06-28T10:00:46,OK
f721c32b-5d56-419f-9d36-2750ee29ebe3,32601,dialogo-aperto-n-98,2007-06-03T00:00:00,2007-06-03T16:10:55,OK
f7db8010-a37c-464e-a59f-dada9caff141,20931,vagabonde-sui-treni-damerica,2020-08-19T00:00:00,2020-08-19T13:29:02,OK
f496dfad-07b6-4354-9106-22e72b91f981,39101,il-bambino-che-parlava-con-la-luce-recensione,2016-03-25T00:00:00,2016-03-25T09:00:53,OK
f681d1e5-dc48-4b5a-a5cc-c5d4a9b03020,35968,ndangwini-casa-dove-esiste-una-famiglia,2011-06-04T00:00:00,2011-06-04T17:48:14,OK
f6ce9949-bc25-40cf-93ce-6b1b76a9a570,12843,in-casa-nostra-la-cucina-e-chiusa-a-chiave,2019-06-12T00:00:00,2019-06-12T07:56:44,OK
f58a63bb-08ff-4f43-a551-1909579c0498,48283,la-scelta-di-geel,2025-05-07T00:00:00,2025-05-07T12:41:20,OK
f6928b74-7e5f-4a67-9e6c-a0fb5703329a,36428,fede-e-luce-dalle-provincie,2012-09-16T00:00:00,2012-09-16T11:00:09,OK
f8915d4c-3cd0-4a75-8c0c-2c10acfc9c8d,14622,cinema-e-disabilita-i-3-film-di-edoardo-zaccagnini,2019-11-27T00:00:00,2019-11-27T21:38:58,OK
f84d5a1d-1baa-439d-956a-ae6eb28ab24a,36086,tempo-di-regali,2011-12-04T00:00:00,2011-12-04T09:20:14,OK
f8fc7798-e407-4c17-9e6c-c763a3a11d96,31924,ad-ogni-marzo-che-passa,2006-06-21T00:00:00,2006-06-21T11:21:47,OK
fb01fafb-cb06-4bae-9225-e8e7e0430fc6,6649,scuola-ricamo-imparare-divertendoci,1988-06-28T00:00:00,1988-06-28T11:49:25,OK
faf823f5-b359-4c20-92ed-07accd1d6500,38869,con-loro-ci-sto-bene,2015-03-19T00:00:00,2015-03-19T11:20:08,OK
f87db6fe-7d0b-4d7c-bff6-4d517fb07e72,20238,dai-ragazzi-del-muretto-a-quelli-dellaperitivo,2020-07-02T00:00:00,2020-07-02T13:21:47,OK
fac2bdd5-5a76-41f8-9234-7609d4a2283f,325,per-la-prima-volta-lontano-da-me,1983-09-30T00:00:00,1983-09-30T19:10:39,OK
f8473600-3b2f-467e-8c38-24c9ca478865,45378,notiziario-fede-e-luce-n-21,1979-06-16T00:00:00,1979-06-16T14:50:34,OK
f961fe45-d25e-41fe-94f5-c1e258bcd4bd,23210,ogni-tanto-salvo-senno-finisce-male,2020-12-14T00:00:00,2020-12-14T12:03:05,OK
f863026e-c4b7-46a6-8f11-6b18e319103d,15767619,faith-and-light-a-journey-of-hope-beyond-disabilities,1990-09-26T00:00:00,1990-09-26T13:46:18,OK
fa3bb853-b6bc-4f83-bc4c-68c0547b316a,29127,affrontare-la-perdita,2022-08-05T00:00:00,2022-08-05T11:24:10,OK
fba37699-9761-4de9-91f4-169b3bff831c,26412,mi-trovo-bene-con-tutti,2003-03-13T00:00:00,2003-03-13T16:16:42,OK
f95c3e2c-d241-4162-91df-b620cb076ef3,1451,non-ci-sono-parole,2015-09-22T00:00:00,2015-09-22T09:37:47,OK
fb4c2a48-fbce-461c-8290-b7583e7c607d,45247,quattro-pagine-in-voce-recensione,2024-08-10T00:00:00,2024-08-10T13:48:30,OK
f9f84eb2-cc4e-4009-9637-c581cf004215,19755,larma-vincente-nella-mia-vita,2001-03-09T00:00:00,2001-03-09T15:32:19,OK
f9bd39b5-106a-48de-a4eb-10669b1d5ad5,38595,molto-lavoro-da-fare,2014-12-15T00:00:00,2014-12-15T09:41:23,OK
fa0c883a-4ebd-4519-b8a3-39c9fc903a28,9651,cantare-giocare-comunicare,1994-06-18T00:00:00,1994-06-18T14:28:54,OK
f9fc4b0b-dc03-4f18-ad22-327ef79f4957,15768805,difficile-senza-musica-recensione,2025-11-19T00:00:00,2025-11-19T12:35:33,OK
f9dcfd36-95d3-4048-bf0f-5eeda4a9788f,46682,in-viaggio-verso-lourdes,1981-09-16T00:00:00,1981-09-16T18:42:34,OK
fa1cbe06-707e-4f90-b613-e2a84d1c59e2,21352,il-cuore-e-una-selva-recensione,2020-09-21T00:00:00,2020-09-21T00:56:35,OK
fb0a7578-c0ee-4217-9f89-dceed4bb7264,9271,imparando-a-vivere-bene-con-jimmy,1993-09-09T00:00:00,1993-09-09T09:43:03,OK
f9d6b095-061f-4262-bb1b-5c6a3ae6ebe6,11438,i-bambini-alla-scoperta-di-roma-antica,1997-03-25T00:00:00,1997-03-25T10:49:38,OK
fb008577-d937-4661-9fa4-f07111485717,19896,biografilm-festival-2020,2020-06-17T00:00:00,2020-06-17T16:33:46,OK
fa5acc0d-e807-4f26-b5c9-94e9799e4cc4,38126,la-caduta-i-ricordi-di-un-padre-in-424-passi-recensione,2014-03-29T00:00:00,2014-03-29T11:06:35,OK
fae1d074-fe55-4889-99a8-289a511232ff,11628,rain-man-la-recensione,1997-09-19T00:00:00,1997-09-19T15:49:14,OK
fad56a56-3665-4e7f-9fdd-0703c068942e,12248,congresso-mondiale-dei-movimenti-ecclesiastici-1998,1998-09-25T00:00:00,1998-09-25T10:26:59,OK
fad4fa17-256a-4dca-a1f5-cf3edc4dbc39,20945,brancolando-nella-solitudine,2020-09-02T00:00:00,2020-09-02T15:26:07,OK
f9ff7767-5e87-4355-a17a-86e66d809cfc,41113,il-crimine-di-eva,2021-01-18T00:00:00,2021-01-18T10:09:06,OK
fa9ce429-a9b2-491c-aa3b-725ec5e31d89,45796,amicizie,1979-12-16T00:00:00,1979-12-16T18:20:34,OK
f8d315dc-cd82-4fd0-a8d2-d5c89b12804d,8586,come-annunciare-un-bambino-down,1992-03-05T00:00:00,1992-03-05T07:32:53,OK
faee2c67-d074-43ce-b11e-f996e2346662,9593,mi-sentii-tradita,1994-03-16T00:00:00,1994-03-16T17:19:41,OK
f92d75aa-977f-46e9-8fa9-c401f2b13d7b,32743,parlami-di-lui-limportanza-del-raccontare-gli-altri-e-del-raccontarsi-agli-altri,2007-09-09T00:00:00,2007-09-09T15:32:47,OK
fa036156-1044-4db0-8eca-6d688cc7278c,31739,produzioni-fuori-dal-comune,2022-10-11T00:00:00,2022-10-11T17:58:46,OK
fb263657-2579-41b6-9102-d19329f2e21c,30906,qualche-idea-per-una-vacanza-senza-partire,2005-06-17T00:00:00,2005-06-17T14:53:20,OK
f8f0aa92-9d3a-40af-bf9f-2e5cd3d77387,36460,cosa-rende-qualcuno-straordinario-intervista-a-nick-vujicic,2012-09-16T00:00:00,2012-09-16T11:12:09,OK
fb8d1acb-624f-4dca-a43a-de0c61118c41,21763,inno-alla-vita-recensione-libro,2001-12-25T00:00:00,2001-12-25T11:17:23,OK
faa86e44-72c5-48e0-a435-a737c7740dd0,8868,giochi-senza-barriere-i-supereroi-conquistano-lo-stadio-dei-marmi-a-roma,2018-06-13T00:00:00,2018-06-13T09:28:03,OK
fb7923ad-4ee5-4b27-9e11-bda4a019d916,31481,questo-bambino-lo-amo,2006-03-30T00:00:00,2006-03-30T10:37:31,OK
f922f22b-88ed-4f50-a662-5b81364072a3,5921,ombre-luci-n-13-1986-sfogliabile,1986-03-08T00:00:00,1986-03-08T23:23:27,OK
f8ab4dba-5b7e-4abd-ac4f-a0241d4afde2,46744,celebriamo-la-pasqua-1981-nella-comunita-fede-e-luce,1981-12-16T00:00:00,1981-12-16T18:35:34,OK
f89ef4fa-dbd8-4309-ad18-7dbd8575ddf7,38403,mio-figlio-luciano,2014-09-29T00:00:00,2014-09-29T09:56:49,OK
fa818504-ad14-432b-8575-73e4cbb7f942,38180,dialogo-aperto-n-125,2014-03-29T00:00:00,2014-03-29T12:15:35,OK
faf04100-c97b-4a3c-8eb3-793d80431028,44623,il-cantico-delle-creature,1978-06-10T00:00:00,1978-06-10T18:59:34,OK
f9263d96-c8c4-4b53-a8bc-f2a30ac076b7,7160,come-ascoltare-veramente,1989-06-21T00:00:00,1989-06-21T12:15:39,OK
facb0262-f02a-409d-9c7e-c6124bc06da5,37252,pino-e-conny-sposi,2023-05-09T00:00:00,2023-05-09T10:38:21,OK
f8cf8779-5848-4ed2-ab8e-6b145c82bf93,30764,da-bologna-a-roma-in-tandem,2022-09-16T00:00:00,2022-09-16T10:19:02,OK
fb3c74ea-a2a6-43d2-b512-6cd22829c6c7,6160,non-vedo-le-meraviglie-dio-le-canto,1987-09-29T00:00:00,1987-09-29T12:07:30,OK
f99f59a8-1dbe-4c7e-b37e-bb4caa3517f7,10864,libri-per-conoscere-lautismo,1996-09-27T00:00:00,1996-09-27T08:17:34,OK
fb66a44e-3f01-4f83-84c1-198ce6b4f2d5,14489,polonia-sesto-convegno-nazionale-dei-catechisti-speciali,2019-11-22T00:00:00,2019-11-22T13:12:47,OK
fadf682f-24bd-4a23-a561-51bccec489d1,19155,oggi-la-famiglia,2000-10-26T00:00:00,2000-10-26T10:51:24,OK
fe5e5c40-4213-4554-84ab-709d8b330231,39227,la-passione-della-pazienza,2016-06-16T00:00:00,2016-06-16T09:20:14,OK
fd703a1d-ee2d-4869-8859-257ae98f6f72,34249,scout-e-disabilita-un-buon-modo-per-crescere,2009-09-10T00:00:00,2009-09-10T10:22:23,OK
fd8cd4ea-1bd6-44b2-9841-292dce8186d3,34343,e-t-alla-bicoca,2023-02-15T00:00:00,2023-02-15T11:07:32,OK
fdd299d3-59a0-441f-9be5-d1d265445e17,35315,vite-parallele-viaggio-umano-nel-mondo-dellhandicap-recensione,2010-09-30T00:00:00,2010-09-30T16:01:59,OK
ff3c2a08-e67d-4e8e-9877-6b228875f22f,30049,una-mamma-scrive-ai-vescovi,2004-03-10T00:00:00,2004-03-10T16:21:02,OK
fd834213-8c1d-430d-86f8-b8f5839ae902,12832,la-sindrome-di-prader-willi,1999-06-12T00:00:00,1999-06-12T05:41:00,OK
fde2e6a5-f139-4c2c-a368-e39add8c766d,15768206,te-lo-do-io-disney,2025-09-10T00:00:00,2025-09-10T12:38:20,OK
fd7d4689-dd02-492f-bc09-000db144f759,26004,tornando-a-casa,2021-07-01T00:00:00,2021-07-01T09:52:26,OK
fccd32ab-8bf6-438d-ac96-73c2dbcc5dc5,31431,la-disabilita-non-e-un-limite-se-mi-ami-costringimi-a-cambiare-recensione,2006-03-30T00:00:00,2006-03-30T09:16:50,OK
fde13cb0-a6e0-4b31-9542-64befbff6006,17811,cronache-da-montemigliore,2020-04-24T00:00:00,2020-04-24T00:00:16,OK
fc97805c-9d92-4d04-8345-862724c3500b,20609,un-tempo-per-parlare-e-un-tempo-per-tacere,2020-07-22T00:00:00,2020-07-22T11:56:52,OK
ff5d3282-6de1-41ca-8b1c-b0b574e734d6,14690,sconvolti-e-trasformati,2019-12-02T00:00:00,2019-12-02T13:56:52,OK
fbc036ac-a340-4a5a-a523-260db410e2aa,45650,pellegrinaggio-a-loreto-18-20-maggio-1979-testimonianze-partecipanti,1979-09-16T00:00:00,1979-09-16T18:05:34,OK
fbd45d96-2c97-4cb2-a104-7aef2f6944fe,31321,noi-papa-di-figli-disabili-un-modo-diverso-di-amare,2005-12-23T00:00:00,2005-12-23T15:03:44,OK
fce16f1e-f012-4c3d-9753-e3de1e347ba8,11609,jean-vanier-premio-paolo-iv,1997-09-19T00:00:00,1997-09-19T13:40:12,OK
fc70bdd8-0f42-4ea4-90d1-f43e26f2abbb,29117,papa-dove-sei,2022-08-05T00:00:00,2022-08-05T10:36:43,OK
fd53ed1e-e800-4b6c-810e-01e40810c621,35758,pianeti-diversi,2011-03-04T00:00:00,2011-03-04T16:50:14,OK
fbed64b0-0044-4dee-966e-f92e75c484f1,40202,cervelli-ribelli-connettiamoci-neurodiversita,2018-03-26T00:00:00,2018-03-26T11:16:42,OK
fdf4e62b-aa28-4a23-9472-96c658623816,3139,amo-la-vita-malgrado-tutto,1985-06-27T00:00:00,1985-06-27T20:26:19,OK
fc0b8ff8-8b5c-467b-8cc0-99919c61b7e3,11109,mi-ha-insegnato-ad-amare,1996-12-15T00:00:00,1996-12-15T16:15:13,OK
ff5b72e2-e5e5-46dd-85bd-ca600ea6789e,45344,in-vacanza-tutto-come-se-si-trattasse-di-un-gioco,1979-06-16T00:00:00,1979-06-16T17:20:34,OK
fc97d36c-860c-49a1-aeae-b06aefa39d55,11619,catalogo-ragionato-di-film-dedicati-al-tema-della-disabilita,1997-09-19T00:00:00,1997-09-19T15:06:54,OK
fefb1f59-6dd6-4c32-9a0c-ed53835e0002,37500,jean-christophe-parisot-un-cercatore-di-dio,2013-03-10T00:00:00,2013-03-10T15:20:04,OK
fe4e1773-6afd-4f4c-b483-f0f958198396,32920,storia-redazione-via-bessarione-gammarelli,2007-12-10T00:00:00,2007-12-10T17:49:47,OK
feb1e253-2a87-479c-9365-a65b2706055c,15470,nebbia-in-agosto,2020-01-22T00:00:00,2020-01-22T13:53:05,OK
ff487aa5-4d1b-46cc-8674-f7b496b9d7ee,30715,date-ai-figli-cose-diverse,2005-03-16T00:00:00,2005-03-16T07:57:57,OK
fe84cf36-a729-4faf-aecf-ef2b0ab97f56,38356,di-padre-in-figlio-conversazioni-sul-rischio-di-educare-recensione,2014-09-29T00:00:00,2014-09-29T09:00:49,OK
fdce94d1-a0c1-42ab-bd57-a278641229ce,26355,quando-porto-i-miei-figli-a-fede-e-luce-resto-incantata,2003-03-13T00:00:00,2003-03-13T15:34:08,OK
fedb7c38-97be-46df-9ef0-949484960ae7,45737,il-grande-traghettatore-punto-per-punto,2024-11-26T00:00:00,2024-11-26T13:18:31,OK
fdca5924-0cb8-4dd4-ab48-fa7b76be890f,21836,per-un-natale-con-qualche-cosa-in-piu,2001-12-25T00:00:00,2001-12-25T13:46:56,OK
fd3603e9-a9ac-49c3-ac41-a90cc2e1635f,21044,molto-volentieri-pero-ogni-tanto,2020-08-20T00:00:00,2020-08-20T06:57:53,OK
fdf8a237-a6d3-4a66-943e-5b636ce615d7,48400,lorco-del-piano-di-sotto-recensione,2025-05-20T00:00:00,2025-05-20T08:40:18,OK
fd0692be-b7b3-4dcd-bb01-c91d8e738b1c,25417,per-portare-frutto-incontro-dei-delegati-di-fede-e-luce-di-tutto-il-mondo-2002,2002-09-01T00:00:00,2002-09-01T12:25:48,OK
fd993856-2439-4b12-93bd-8b409fb71e01,2427,ritrovarsi-genitore-di-un-bambino-handicappato,1984-12-31T00:00:00,1984-12-31T17:49:22,OK
fc825cf9-050f-4a35-8c67-4b55c94e4216,13503,uno-dei-tanti,2019-10-29T00:00:00,2019-10-29T14:32:25,OK
fd74a522-a3dd-461f-b657-5ae473d43c23,18249,newsletter-15,2020-05-08T00:00:00,2020-05-08T07:08:37,OK
fe6d5ecd-7046-4501-a86e-afc64de98a10,15767941,bobo-recensione-film,2025-08-19T00:00:00,2025-08-19T14:55:50,OK
ff2728b8-2e9a-4166-af9b-69e8f1ab4e22,45845,lordinazione-di-robert-michit,1979-12-16T00:00:00,1979-12-16T17:00:34,OK
fe702639-87a1-4ff3-b7b6-b9d6bf38d330,10025,io-ad-assisi,1995-06-02T00:00:00,1995-06-02T11:36:51,OK
fe9652b9-c1fd-4f5d-a2e6-e7c6444fa888,43136,editoriale-parliamo-di-insieme,1976-12-20T00:00:00,1976-12-20T13:52:34,OK
fea208a1-6944-4326-a4e2-16f2040299b7,42469,resoconto-della-riunione-internazionale-di-fede-e-luce,1976-02-20T00:00:00,1976-02-20T09:10:34,OK
fc6190a8-8845-4ae0-b1f9-47a7e82eebb9,18046,mio-figlio-mi-esaspera,2000-09-28T00:00:00,2000-09-28T09:06:55,OK
fd76c13e-e3dc-4e34-bcf8-545e32c39244,25963,incapace-di-reinventarsi,2021-09-06T00:00:00,2021-09-06T07:28:01,OK
fe3afb0f-f741-43a0-8ed8-b5a1b6d88dab,5403,signore-fa-di-me-uno-strumento-della-tua-pace,1986-06-22T00:00:00,1986-06-22T10:59:14,OK
fbc87217-85f4-4db1-95fc-cf34dd90a193,4047,castelporziano-in-festa,2015-09-13T00:00:00,2015-09-13T14:19:30,OK
feaa2c11-5016-4277-b68e-f68874a4c4b1,46823,10-nella-preghiera-comunitaria,1981-12-16T00:00:00,1981-12-16T16:55:34,OK
fedaa3dc-9cc3-45c4-9b30-e778b74916b6,32367,lamico-speciale-uno-strumento-per-parlare-di-autismo-ai-bambini-piu-piccoli-recensione,2007-03-02T00:00:00,2007-03-02T16:04:21,OK
ff26c2f9-1650-4528-bf3d-c672592425bd,39623,leducazione-attraverso-lesempio,2016-12-16T00:00:00,2016-12-16T10:25:14,OK
fe69ea76-6f70-4ccd-b3b4-ecbffdb02f6c,23974,un-libro-interessante-adolescenza-ragazzi-disabili-chi-sarei-se-potessi-esserebozza-automatica,2002-03-10T00:00:00,2002-03-10T16:56:20,OK
fe9d48ba-a550-4a23-8028-0c9aabc46d06,9242,la-forza-del-debole-vita-e-pensiero-di-dietrich-bonhoeffer,2018-09-09T00:00:00,2018-09-09T08:24:49,OK
ff71966c-bec8-4b1b-b03c-15ea7a92de7d,44981,lestate-in-cui-mia-madre-ebbe-gli-occhi-verdi-recensione,2024-08-16T00:00:00,2024-08-16T11:10:26,OK
ffd622b6-6e73-4daa-9ba4-beaea0afde25,12309,comunicazione-facilitata-impossibile-tacere,1998-09-28T00:00:00,1998-09-28T13:46:58,OK
ffaa7722-a9bd-4ee1-8d42-8a93e934eba5,15768270,alla-piccola-marcia-di-assisi,2025-10-09T00:00:00,2025-10-09T09:05:43,OK
fffa95d2-8d4b-45c6-842c-6875254c0093,17083,il-libro-di-johann-io-vi-ho-amati-tu-recensionetti,2000-03-28T00:00:00,2000-03-28T10:42:25,OK
ffe27d2d-0026-48e5-9a99-abb9256d1933,46449,fratelli-e-sorelle-di-persone-con-disabilita-una-realta-da-riscoprire,1980-12-16T00:00:00,1980-12-16T18:40:34,OK
ffeb64f5-47d6-406c-905e-0b14ea15627b,10424,non-conosco-la-tua-lingua-ma-desidero-impararla,1995-12-30T00:00:00,1995-12-30T12:44:10,OK
ff756730-0a1a-43b9-9146-431b9ba8aafd,37599,legoismo-e-finito-recensione,2013-06-10T00:00:00,2013-06-10T15:00:04,OK
ffaef8b5-e895-4bd1-81e4-6b3f5182ff27,46024,vita-fede-e-luce-n-24,1980-03-16T00:00:00,1980-03-16T18:00:34,OK
ffee08f5-54de-44a2-8df4-93ce0b7c45e7,15767628,transforming-lives-a-journey-of-hope-and-healing-in-the-heart-of-the-congo,2022-02-16T00:00:00,2022-02-16T14:35:51,OK
0d08d7c9-441b-47e3-8c09-9f64a48cc474,15769050,when-waiting-becomes-encounter,2026-01-28T00:00:00,,SKIP_NO_MATCH
132a106d-229c-4b62-8e00-3142a366769c,15768905,torino-film-festival-tre-racconti-veri-si-distinguono-nonostante-la-troppa-attenzione-al-red-carpet,2026-01-05T00:00:00,,SKIP_NO_MATCH
13c8bbb8-1279-4bb6-a06b-b5f08f5eaa41,15768953,stopping-choosing-making-a-difference,2026-01-26T00:00:00,,SKIP_NO_MATCH
1c1a852b-5f6b-471f-8820-b2d2e9516554,15769252,staying-connected-even-when-im-not-always-there,2026-03-09T00:00:00,,SKIP_NO_MATCH
1ce2c467-2bf0-4b26-a70b-46e2cdc93437,15769035,quando-la-comunita-ti-viene-incontro,2026-01-28T00:00:00,,SKIP_NO_MATCH
1e3d2edb-b37e-4c2b-978a-8fd01b247dbe,15769243,a-birthday-evening-with-friends,2026-02-10T00:00:00,,SKIP_NO_MATCH
1f01f403-3b68-41cb-b23d-7855f32ef101,15768996,la-mia-traversata,2026-01-28T00:00:00,,SKIP_NO_MATCH
2479f572-f59a-4f5f-b556-37ac832748bf,15768957,mille-colori-in-un-quadro-di-amici,2026-01-26T00:00:00,,SKIP_NO_MATCH
29507a50-11b8-4cdf-a2b4-94b42a8e4441,15769245,sto-vedendo-sempre-meno-i-miei-amici-di-fede-e-luce,2026-03-09T00:00:00,,SKIP_NO_MATCH
30fea90c-ee69-4521-b6d4-c396725842f5,15768945,ho-deciso,2026-01-26T00:00:00,,SKIP_NO_MATCH
3ccf1a79-27d2-42bb-bb17-89cc8da904bd,15769054,growing-up-with-my-brother,2026-01-28T00:00:00,,SKIP_NO_MATCH
44827c86-5fb5-40fc-8d72-3b53fc3cea1f,15768975,dialogo-aperto-letters-n-172,2026-01-26T00:00:00,,SKIP_NO_MATCH
467c5d36-e26f-49d3-9571-88904aa604e4,15769151,me-in-pompei,2026-01-30T00:00:00,,SKIP_NO_MATCH
5438643d-ced6-4020-8543-d2fd68d95146,15769052,when-an-encounter-changes-everything,2026-01-28T00:00:00,,SKIP_NO_MATCH
54b8362b-9137-44fe-93d0-93d5e06218a3,15768954,diagolo-aperto-n-172,2026-01-26T00:00:00,,SKIP_NO_MATCH
5c1231d9-74e9-4ef4-8b4e-db11643a3e2c,15769075,making-cinema-heard-accessibility-and-hearing-loss-at-the-rome-film-festival,2026-01-28T00:00:00,,SKIP_NO_MATCH
685353ce-cf12-492b-a1b3-9f12a81aeac1,15769019,ho-capito-di-non-essere-lunica,2026-01-28T00:00:00,,SKIP_NO_MATCH
6a40ecb0-7c3e-4fac-8ec3-c28a20d2fcdf,15768997,lattesa-nellattesa,2026-01-28T00:00:00,,SKIP_NO_MATCH
6ecba6ee-97bd-49be-a050-2d39cd50ae92,15769240,stories-from-the-margins-at-the-rotterdam-festival,2026-03-09T00:00:00,,SKIP_NO_MATCH
70a68071-ad21-4045-80ed-d07f85ad94bd,15769224,storie-ai-margini-dal-festival-di-rotterdam,2026-03-09T00:00:00,,SKIP_NO_MATCH
77c75e2b-9342-43a1-ba52-18806da87487,15769092,schizzo-estemporanea-realta-recensione,2026-01-31T00:00:00,,SKIP_NO_MATCH
7e4e1ba5-7ac1-48f7-a42e-b60788a01ca8,15769070,a-place-for-everyone-work-dignity-and-autism-at-autelier,2026-01-28T00:00:00,,SKIP_NO_MATCH
9f4d6472-2956-443e-90c2-3852c6300ce9,15769056,dare-spazio-a-chi-non-ne-ha,2026-01-28T00:00:00,,SKIP_NO_MATCH
a599a40a-1b6c-4b0d-b24c-e835585aa1c1,15769084,sono-molto-brava-a-cantare,2026-01-30T00:00:00,,SKIP_NO_MATCH
ad75be0c-ed44-4046-9f5d-b3052d670c7c,15769047,no-longer-alone-a-mothers-journey-with-fede-e-luce,2026-01-28T00:00:00,,SKIP_NO_MATCH
b28d73e5-f972-4313-9112-9fa427d1d7ef,15769086,la-sedia-magica-della-mamma-recensione,2026-01-31T00:00:00,,SKIP_NO_MATCH
ba2842f2-e352-42cc-9f77-b2f61df71a08,15769090,io-a-pompei,2026-01-30T00:00:00,,SKIP_NO_MATCH
c109231b-6f3c-4e7c-8b64-61c3feb97e93,15769091,donne-dellaltro-mondo-recensione,2026-01-31T00:00:00,,SKIP_NO_MATCH
cec38f4f-bff3-4e5f-8225-fcd8bc6ccd67,15769171,la-festa-di-compleanno-di-veronica,2026-02-10T00:00:00,,SKIP_NO_MATCH
d27637d4-b07e-434e-9fd2-f4d67138a979,15768992,a-thousand-colors-on-stage-communities-in-motion-at-pompei,2026-01-26T00:00:00,,SKIP_NO_MATCH
d384ccaa-b7e9-4d16-b70a-740216f654d4,15768915,stars-in-the-spotlight-stories-in-the-shadows-three-films-at-the-torino-film-festival,2026-01-05T00:00:00,,SKIP_NO_MATCH
d5f14f12-8f82-4ac1-89bb-9f76a148f9f8,15769045,in-the-storm-yet-not-alone,2026-01-28T00:00:00,,SKIP_NO_MATCH
de0dbcf5-0790-48ca-9e56-222b43e95feb,15768861,ho-letto-tutti-gli-articoli-di-ombre-e-luci-e-vi-racconto-cosa-sto-scoprendo,2026-01-03T00:00:00,,SKIP_NO_MATCH
dea5b21f-12e6-4f15-97aa-e6033784f0c0,15768994,decidemmo-di-restare,2026-01-28T00:00:00,,SKIP_NO_MATCH
e0b26071-6cbb-409a-a947-3fb88f92a409,15769058,quel-regalo-al-pubblico,2026-01-28T00:00:00,,SKIP_NO_MATCH
e2bd911a-5102-4615-9b7d-2670498a40f1,15769049,the-magnificat-and-our-fragility,2026-01-28T00:00:00,,SKIP_NO_MATCH
e5490ffb-aea0-426a-ac49-2415995cd268,15769153,singing-my-way,2026-01-30T00:00:00,,SKIP_NO_MATCH
eb887f9c-6b5d-4673-a8e8-ffc9dcb966d2,15769000,in-cosa-ci-sentiamo-fragili-oggi,2026-01-28T00:00:00,,SKIP_NO_MATCH
f3a725a5-a077-4da2-9b9f-bb25d6719915,15769088,la-costituzione-dei-poveri-recensione,2026-01-31T00:00:00,,SKIP_NO_MATCH
