path,changed,issues,max_line_before,max_line_after,chars_before,chars_after
src/content/blog/en/extra-web/journey-of-unchanged-affection-celebrating-24-years-of-faith-and-light.md,yes,monoblock_long_line,1541,461,3377,3388
src/content/blog/en/extra-web/mother-teresa-of-calcutta-dedicated-to-children-and-to-all-of-us.md,yes,,309,309,3548,3539
src/content/blog/en/extra-web/we-are-dads-of-disabled-children-a-different-way-of-love.md,yes,monoblock_long_line,566,366,2391,2396
src/content/blog/en/INS-15/esperienze-i-campi-dellestate-1977.md,yes,monoblock_long_line,502,450,12880,12884
src/content/blog/en/INS-23/come-mettere-in-quattro-righe-oltre-10-anni-di-vita.md,yes,monoblock_long_line,627,426,4311,4317
src/content/blog/en/INS-30/three-lives-with-sabina-a-fathers-journey-through-darkness-hope-and-love.md,yes,monoblock_long_line,739,294,5108,5139
src/content/blog/en/OEL-113/la-pecora-nera-recensione-film.md,yes,monoblock_long_line,2665,595,2694,2706
src/content/blog/en/OEL-113/precious-recensione-film.md,yes,monoblock_long_line,913,485,3208,3218
src/content/blog/en/OEL-113/una-sconfinata-giovinezza-recensione-film.md,yes,monoblock_long_line,1028,409,3005,2984
src/content/blog/en/OEL-113/uomini-di-dio-recensione-film.md,yes,monoblock_long_line,1492,424,3465,3489
src/content/blog/en/OEL-128/lourdes-a-miracle-of-encounter.md,yes,monoblock_long_line,1067,280,3320,3347
src/content/blog/en/OEL-128/mirtilli.md,yes,monoblock_long_line,5918,472,5941,5980
src/content/blog/en/OEL-133/il-libro-di-cristopher-a-wonder-story-recensione.md,yes,,433,431,579,551
src/content/blog/en/OEL-133/il-libro-di-julian-a-wonder-story-recensione.md,yes,monoblock_long_line,954,280,979,984
src/content/blog/en/OEL-136/genitori-recensione-film.md,yes,monoblock_long_line,1287,213,1318,1327
src/content/blog/en/OEL-136/mio-fratello-rincorre-i-dinosauri-il-libro-e-il-film.md,yes,monoblock_long_line,818,439,3649,3659
src/content/blog/en/OEL-139/come-and-see-meeting-dei-giovani-ad-alicante.md,yes,monoblock_long_line,3018,383,3048,3066
src/content/blog/en/OEL-140/humanitarian-corridors-a-lifeline-for-refugees-including-those-with-disabilities.md,yes,monoblock_long_line,801,535,8250,8265
src/content/blog/en/OEL-141/perche-tutti-comprendano.md,yes,monoblock_long_line,905,461,4231,4240
src/content/blog/en/OEL-142/segni-di-meraviglia.md,yes,monoblock_long_line,2095,631,5397,5383
src/content/blog/en/OEL-143/fano-2018-the-best-of-our-youth.md,yes,monoblock_long_line,2230,491,9905,9957
src/content/blog/en/OEL-144/attraverso-te-docufilm-in-proiezione-gratuita-al-cineland-di-roma.md,yes,"html_generic,monoblock_long_line",626,333,2997,2430
src/content/blog/en/OEL-144/disability-pride-il-15-luglio-a-roma-per-i-diritti-delle-persone-disabili.md,yes,"html_generic,monoblock_long_line",1534,1016,6495,5945
src/content/blog/en/OEL-144/gli-oscar-premiano-la-disabilita-il-miglior-corto-e-la-storia-di-una-bambina-sorda.md,yes,"html_generic,monoblock_long_line",1571,408,2952,2394
src/content/blog/en/OEL-144/in-your-shoes-i-progetti-di-inclusione-sociale-degli-studenti-trevigiani.md,yes,"html_generic,monoblock_long_line",1328,416,5715,5152
src/content/blog/en/OEL-144/play-day-2018-a-venezia-accorciare-le-distanze-della-disabilita-con-lo-sport.md,yes,"html_generic,monoblock_long_line",1005,557,5091,4531
src/content/blog/en/OEL-144/siediti-nei-nostri-panni-passeggiata-su-4-ruote-a-piazza-di-spagna.md,yes,monoblock_long_line,1775,1068,2976,2979
src/content/blog/en/OEL-144/vieni-e-vedi-a-fano-la-formazione-giovani-di-fede-e-luce.md,yes,monoblock_long_line,1052,276,1053,1059
src/content/blog/en/OEL-144/wdsd-2018-giornata-mondiale-delle-persone-con-sindrome-di-down.md,yes,"html_generic,monoblock_long_line",626,244,2350,1785
src/content/blog/en/OEL-145/a-good-and-perfect-gift.md,yes,monoblock_long_line,921,450,2479,2484
src/content/blog/en/OEL-146/la-tenerezza-di-jean-in-un-film.md,yes,monoblock_long_line,1955,524,3366,3347
src/content/blog/en/OEL-146/lautista-piu-illustre.md,yes,monoblock_long_line,700,589,5014,5021
src/content/blog/en/OEL-148/atad-a-roma-ritorna-la-conferenza-sulle-tecnologie-assistive-per-la-disabilita.md,yes,monoblock_long_line,652,652,3263,3264
src/content/blog/en/OEL-148/cinema-e-disabilita-3-film-secondo-alessandro-de-simone.md,yes,monoblock_long_line,728,240,5478,5499
src/content/blog/en/OEL-148/cinema-e-disabilita-3-film-secondo-federica-aliano.md,yes,monoblock_long_line,777,426,5633,5650
src/content/blog/en/OEL-148/cinema-e-disabilita-i-3-film-di-adriano-ercolani.md,yes,monoblock_long_line,511,382,5197,5205
src/content/blog/en/OEL-148/cinema-e-disabilita-i-3-film-di-andrea-guglielmino.md,yes,monoblock_long_line,1443,693,8091,8105
src/content/blog/en/OEL-148/cinema-e-disabilita-i-3-film-di-boris-sollazzo.md,yes,monoblock_long_line,655,463,5958,5974
src/content/blog/en/OEL-148/cinema-e-disabilita-i-3-film-di-edoardo-zaccagnini.md,yes,monoblock_long_line,800,353,5744,5755
src/content/blog/en/OEL-148/cinema-e-disabilita-i-3-film-di-emanuele-rauco.md,yes,,384,384,4443,4444
src/content/blog/en/OEL-148/cinema-e-disabilita-i-3-film-di-emilio-ranzato.md,yes,monoblock_long_line,613,252,5499,5509
src/content/blog/en/OEL-148/cinema-e-disabilita-i-3-film-di-gabriele-niola.md,yes,monoblock_long_line,516,423,5228,5235
src/content/blog/en/OEL-148/cinema-e-disabilita-i-3-film-di-giorgia-sdei.md,yes,monoblock_long_line,771,289,5442,5453
src/content/blog/en/OEL-148/cinema-e-disabilita-i-3-film-di-valerio-sammarco.md,yes,,468,417,4704,4710
src/content/blog/en/OEL-148/disabuse-i-risultati-del-progetto-su-disabilita-e-bullismo.md,yes,monoblock_long_line,744,344,2230,2235
src/content/blog/en/OEL-148/il-disability-pride-di-stefan-aspirante-artista-amante-di-fumetti-ed-ecologia.md,yes,monoblock_long_line,715,207,1187,1193
src/content/blog/en/OEL-148/the-square-un-ristorante-per-sperimentare-lautonomia.md,yes,monoblock_long_line,700,474,3730,3738
src/content/blog/en/OEL-148/who-is-my-neighbor.md,yes,monoblock_long_line,1286,256,3327,3338
src/content/blog/en/OEL-150/la-sfida-di-rileggere-le-scene-del-cinema.md,yes,monoblock_long_line,678,352,2507,2512
src/content/blog/en/OEL-150/years-and-years.md,yes,monoblock_long_line,1045,673,4320,4329
src/content/blog/en/OEL-152/carmela-e-quattordici-murali-per-cambiare-il-mondo.md,yes,monoblock_long_line,616,434,2012,2017
src/content/blog/en/OEL-152/cinema-e-disabilita-i-3-film-di-armando-damato.md,yes,monoblock_long_line,933,321,6947,6964
src/content/blog/en/OEL-152/cinema-e-disabilita-i-3-film-di-claudio-cinus.md,yes,monoblock_long_line,1557,501,7576,7591
src/content/blog/en/OEL-152/cinema-e-disabilita-i-3-film-di-enrica-riera.md,yes,monoblock_long_line,623,305,5463,5478
src/content/blog/en/OEL-152/guarda-ce-sam.md,yes,monoblock_long_line,750,444,4647,4662
src/content/blog/en/OEL-152/intervista-ad-andrea-romeo-su-cinema-e-disabilita.md,yes,monoblock_long_line,2235,561,23258,23339
src/content/blog/en/OEL-152/luomo-che-mise-in-vendita-la-sua-pelle.md,yes,monoblock_long_line,1799,497,2375,2382
src/content/blog/en/OEL-152/museum-for-all.md,yes,monoblock_long_line,1185,526,3560,3571
src/content/blog/en/OEL-152/quel-che-la-convenzione-dice-e-non-dice.md,yes,monoblock_long_line,1168,547,8811,8835
src/content/blog/en/OEL-152/viaggio-italia-around-the-world.md,yes,monoblock_long_line,2308,2307,3115,3117
src/content/blog/en/OEL-154/inneschiamo-la-valanga.md,yes,monoblock_long_line,897,680,3936,3948
src/content/blog/en/OEL-156/beyond-labels-what-lies-beneath-adjectives.md,yes,monoblock_long_line,910,378,2918,2926
src/content/blog/en/OEL-156/cinema-e-disabilita-al-torino-film-festival-e-al-babel-film-festival-di-cagliari.md,yes,monoblock_long_line,2704,476,6406,6390
src/content/blog/en/OEL-156/from-that-closet.md,yes,monoblock_long_line,962,437,3983,3996
src/content/blog/en/OEL-156/perche-di-katherine-e-nerissa-non-ci-sono-tracce.md,yes,monoblock_long_line,860,732,4267,4280
src/content/blog/en/OEL-156/samira-quando-il-cinema-influenza-la-vita-vera.md,yes,monoblock_long_line,1407,390,1800,1804
src/content/blog/en/OEL-156/the-specials-fuori-dal-comune-la-recensione-di-cinus.md,yes,monoblock_long_line,1078,510,2086,2089
src/content/blog/en/OEL-156/the-specials-fuori-dal-comune-la-recensione-di-tersigni.md,yes,monoblock_long_line,1277,790,5836,5844
src/content/blog/en/OEL-156/una-foto-da-hong-kong.md,yes,monoblock_long_line,1920,552,2386,2393
src/content/blog/en/OEL-158/siamo-una-rivoluzione-recensione.md,yes,monoblock_long_line,1274,620,3783,3787
src/content/blog/en/OEL-160/bari-scintillante.md,yes,monoblock_long_line,955,630,4062,4072
src/content/blog/en/OEL-160/fanny-who-sees-a-future-for-herself.md,yes,monoblock_long_line,518,361,2377,2382
src/content/blog/en/OEL-160/love-life-recensione.md,yes,monoblock_long_line,770,404,2969,2979
src/content/blog/en/OEL-160/transforming-lives-a-journey-of-hope-and-healing-in-the-heart-of-the-congo.md,yes,monoblock_long_line,772,416,6992,7021
src/content/blog/en/OEL-164/bologna-to-rome-pedaling-possibilities-in-the-rainbow-communitys-tandem-journey.md,yes,monoblock_long_line,1099,603,3917,3935
src/content/blog/en/OEL-164/dal-41-torino-film-festival.md,yes,monoblock_long_line,2055,579,3431,3440
src/content/blog/en/OEL-164/di-serie-promettenti-e-film-non-riusciti-alla-festa-del-cinema-di-roma.md,yes,monoblock_long_line,1174,409,4242,4257
src/content/blog/en/OEL-164/i-met-the-scooppiati-diversamente-band-and-interviewed-them.md,yes,monoblock_long_line,606,355,3348,3351
src/content/blog/en/OEL-164/il-valore-dellintegrazione-in-the-blind-side.md,yes,monoblock_long_line,620,370,2043,2049
src/content/blog/en/OEL-164/partire-o-restare-la-migrazione-nei-film-di-venezia-80.md,yes,monoblock_long_line,1999,431,7109,7135
src/content/blog/en/OEL-164/qua-la-zampa-un-film-che-mi-ha-riportata-indietro-nel-tempo.md,yes,monoblock_long_line,592,406,1676,1680
src/content/blog/en/OEL-164/to-leave-or-to-stay-migration-in-the-films-of-venice-80.md,yes,monoblock_long_line,1959,370,6836,6862
src/content/blog/en/OEL-164/together-a-san-pietro.md,yes,monoblock_long_line,1162,606,3241,3250
src/content/blog/en/OEL-168/come-vitamina-tra-la-gente.md,yes,monoblock_long_line,900,396,7486,7523
src/content/blog/en/OEL-168/consigli-per-i-film-delle-feste.md,yes,monoblock_long_line,1108,335,4522,4535
src/content/blog/en/OEL-168/dialogo-e-controversie-lorso-doro-e-gli-altri-film-da-vedere-della-berlinale-74.md,yes,monoblock_long_line,2040,618,6507,6522
src/content/blog/en/OEL-168/far-east-film-festival-2024-due-film-sulla-fragilita-da-hong-kong-e-taiwan.md,yes,monoblock_long_line,1445,595,3805,3812
src/content/blog/en/OEL-168/kripton-un-film-per-ribaltare-linvisibilita-dei-disturbi-mentali.md,yes,monoblock_long_line,878,581,4232,4235
src/content/blog/en/OEL-168/per-una-giusta-rappresentazione.md,yes,monoblock_long_line,902,593,3978,3990
src/content/blog/en/OEL-172/22-fun-mini-games-to-play-together.md,yes,monoblock_long_line,1727,411,16623,16633
src/content/blog/en/OEL-172/a-fathers-camino-walking-side-by-side-with-my-autistic-son.md,yes,monoblock_long_line,548,430,4656,4669
src/content/blog/en/OEL-172/a-holiday-at-europing-an-accessible-paradise-in-tarquinia.md,yes,monoblock_long_line,572,387,1909,1915
src/content/blog/en/OEL-172/a-light-in-pompei-a-journey-of-faith-and-friendship.md,yes,monoblock_long_line,731,383,2119,2127
src/content/blog/en/OEL-172/between-voices-and-signs-when-language-shapes-connection.md,yes,monoblock_long_line,1756,413,4308,4326
src/content/blog/en/OEL-172/breaking-barriers-my-journey-as-an-autistic-actor.md,yes,monoblock_long_line,932,361,4099,4117
src/content/blog/en/OEL-172/disney-my-way-a-summer-camp-full-of-joy-and-friendship.md,yes,monoblock_long_line,764,299,2665,2680
src/content/blog/en/OEL-172/diving-into-storiesbut-never-alone.md,yes,monoblock_long_line,1237,437,5375,5403
src/content/blog/en/OEL-172/edith-stein-and-the-courage-of-knowledge.md,yes,,456,407,1796,1798
src/content/blog/en/OEL-172/faith-and-light-at-fifty-a-journey-still-burning-bright.md,yes,monoblock_long_line,1319,353,4249,4262
src/content/blog/en/OEL-172/freedom-has-no-age.md,yes,monoblock_long_line,639,472,2917,2921
src/content/blog/en/OEL-172/i-almost-gave-up.md,no,,358,358,1993,1993
src/content/blog/en/OEL-172/i-film-e-la-serie-da-vedere-durante-le-feste.md,yes,monoblock_long_line,1273,446,6505,6524
src/content/blog/en/OEL-172/i-made-this-movie-for-him-not-for-myself.md,yes,monoblock_long_line,1355,964,5595,5607
src/content/blog/en/OEL-172/il-ruolo-di-cura-quattro-film-alla-berlinale-che-ispirano-una-riflessione.md,yes,monoblock_long_line,990,460,6481,6494
src/content/blog/en/OEL-172/inclusive-catechesis-when-faith-becomes-tactile.md,yes,monoblock_long_line,2227,419,6297,6297
src/content/blog/en/OEL-172/my-son-has-friends.md,yes,monoblock_long_line,526,347,2119,2126
src/content/blog/en/OEL-172/padel-for-autism-a-game-where-everyone-wins.md,yes,monoblock_long_line,1102,381,3907,3914
src/content/blog/en/OEL-172/pilgrims-on-film-sacred-journeys-from-lourdes-to-mecca.md,no,,447,447,4765,4765
src/content/blog/en/OEL-172/testing-women-testing-the-fetus-recensione.md,yes,monoblock_long_line,693,510,871,871
src/content/blog/en/OEL-172/the-stories-we-tell.md,yes,monoblock_long_line,864,346,5856,5866
src/content/blog/en/OEL-172/two-ways-of-pilgrimage-one-heart-of-faith.md,yes,monoblock_long_line,732,467,5044,5049
src/content/blog/en/OEL-172/venezia-82-quando-la-realta-ti-insegue-dentro-al-cinema.md,yes,monoblock_long_line,2193,1054,11589,11607
src/content/blog/en/OEL-172/venezia-82-voci-dal-passato-film-che-cambiano-il-futuro.md,yes,monoblock_long_line,977,355,5112,5114
src/content/blog/en/OEL-172/working-at-the-restaurant-is-always-fun.md,yes,,471,440,1987,1991
src/content/blog/en/OEL-32/faith-and-light-a-journey-of-hope-beyond-disabilities.md,yes,monoblock_long_line,967,617,6881,6888
src/content/blog/en/OEL-35/strategie-educative-nellautismo.md,yes,monoblock_long_line,3111,378,3816,3832
src/content/blog/en/OEL-48/14-interactive-games-for-unforgettable-group-fun.md,yes,monoblock_long_line,1128,442,18791,18838
src/content/blog/en/OEL-48/22-mini-giochi-da-fare-insieme.md,yes,monoblock_long_line,1992,536,19728,19760
src/content/blog/en/OEL-48/come-costruire-il-futuro-delle-persone-disabili.md,yes,monoblock_long_line,1597,500,13531,13494
src/content/blog/en/OEL-56/care-sorelle-cari-fratelli.md,yes,monoblock_long_line,1366,887,8149,8169
src/content/blog/en/OEL-56/recensione-del-film-lottavo-giorno.md,yes,monoblock_long_line,1314,887,4773,4776
src/content/blog/en/OEL-59/catalogo-ragionato-di-film-dedicati-al-tema-della-disabilita.md,yes,monoblock_long_line,871,434,12794,12816
src/content/blog/en/OEL-59/la-loro-vita-nei-film.md,yes,monoblock_long_line,1919,733,3439,3456
src/content/blog/en/OEL-60/non-voleva-bene-a-sofia.md,yes,monoblock_long_line,835,269,2252,2275
src/content/blog/en/OEL-69/a-proposito-di-sentimenti-parliamo-del-film-di-daniele-segre.md,yes,monoblock_long_line,1422,507,8461,8493
src/content/blog/en/OEL-75/sottovento-un-film-da-vedere-recensione.md,yes,monoblock_long_line,1123,869,4429,4431
src/content/blog/en/OEL-76/and-a-star-lights-up-from-fear-to-hope-navigating-a-changed-world-since-september-11.md,no,,422,422,2381,2381
src/content/blog/en/OEL-87/le-chiavi-di-casa-film.md,yes,monoblock_long_line,772,545,3543,3551
src/content/blog/en/OEL-88/una-settimana-da-dio-senza-nulla-togliere-al-film.md,yes,monoblock_long_line,2384,784,4447,4466
src/content/blog/en/OEL-89/film-un-silenzio-particolare.md,yes,monoblock_long_line,1364,332,3462,3478
src/content/blog/en/OEL-9/care-sorelle-cari-fratelli-vi-scrivo.md,yes,monoblock_long_line,1269,547,10892,10914
src/content/blog/en/OEL-90/le-chiavi-di-casa-recensione-film.md,yes,monoblock_long_line,1292,445,5809,5831
src/content/blog/en/OEL-96/con-tutte-le-mie-forze-special-olympics-youth-games.md,yes,monoblock_long_line,2633,312,2659,2675
src/content/blog/en/OEL-96/re-33-e-i-suoi-33-bottoni-doro-recensione.md,yes,monoblock_long_line,1136,333,1165,1171
src/content/blog/extra-web/amore-e-disabilita-facile-preda.md,yes,,439,439,1426,1425
src/content/blog/extra-web/anche-loro-hanno-una-propria-storia.md,yes,monoblock_long_line,2423,410,9952,9967
src/content/blog/extra-web/catechesi-anche-per-le-persone-autistiche.md,yes,monoblock_long_line,4029,687,10081,10120
src/content/blog/extra-web/chicchi-di-grano-dalla-bibbia.md,yes,monoblock_long_line,1077,178,1103,1110
src/content/blog/extra-web/come-in-trappola-storia-di-un-bambino-con-un-deficit-dellattenzione-senza-iperattivita.md,yes,monoblock_long_line,602,602,5086,5079
src/content/blog/extra-web/creativita-al-servizio-dellhandicap.md,yes,monoblock_long_line,502,405,3612,3613
src/content/blog/extra-web/educare-alla-paternit-tra-ruoli-di-vita-e-trasformazioni-familiari.md,yes,monoblock_long_line,561,314,2057,2058
src/content/blog/extra-web/educare-alla-paternita-tra-ruoli-di-vita-e-trasformazioni-familiari.md,yes,monoblock_long_line,561,338,1995,1996
src/content/blog/extra-web/essere-vicini-a-chi-e-in-fin-di-vita.md,yes,monoblock_long_line,823,418,6109,6139
src/content/blog/extra-web/fino-allultimo-respiro.md,yes,monoblock_long_line,1832,277,1850,1868
src/content/blog/extra-web/gennaio-2003-trosly.md,yes,"author_bio_footer,monoblock_long_line",750,308,1397,1331
src/content/blog/extra-web/grazie-madre-pantanella.md,yes,monoblock_long_line,748,651,3474,3477
src/content/blog/extra-web/il-chicco.md,yes,monoblock_long_line,1525,496,5427,5438
src/content/blog/extra-web/in-pizzeria.md,yes,monoblock_long_line,1319,271,6041,6083
src/content/blog/extra-web/io-sono-una-donna-perche-mi-chiami-handicappata.md,yes,monoblock_long_line,1153,407,5495,5544
src/content/blog/extra-web/itinerari-paralleli.md,yes,monoblock_long_line,6280,445,7746,7780
src/content/blog/extra-web/la-lotta-del-padre-cittadino.md,yes,monoblock_long_line,2162,366,5084,5116
src/content/blog/extra-web/la-tua-parola-e-per-tutti.md,yes,monoblock_long_line,823,451,8865,8872
src/content/blog/extra-web/mi-trovo-bene-con-tutti.md,yes,monoblock_long_line,1572,243,1600,1612
src/content/blog/extra-web/nicola-pintus-e-il-progetto-filippide.md,yes,monoblock_long_line,1326,1326,6834,6862
src/content/blog/extra-web/pazienza-tenacia-anche-durezza.md,yes,monoblock_long_line,981,457,3116,3126
src/content/blog/extra-web/per-voi-e-per-tutti-alcuni-consigli-pratici-perche-nessuno-si-senta-rifiutato.md,yes,monoblock_long_line,921,628,4035,4038
src/content/blog/extra-web/piu-forti-di-loro-gli-scritti-dei-monaci-trappisti-uccisi-in-algeria.md,yes,monoblock_long_line,1362,338,3375,3387
src/content/blog/extra-web/quando-mangiare-e-un-problema.md,yes,monoblock_long_line,876,467,7944,7956
src/content/blog/extra-web/smack-come-bacio.md,yes,monoblock_long_line,3704,338,5151,5188
src/content/blog/extra-web/sordo-cecit-conoscere-per-prevenire.md,no,,397,397,723,723
src/content/blog/extra-web/sordo-cecita-conoscere-per-prevenire.md,no,,271,271,719,719
src/content/blog/extra-web/un-figlio-a-sorpresa.md,yes,monoblock_long_line,1704,399,3013,3022
src/content/blog/extra-web/un-giorno-come-un-altro.md,yes,monoblock_long_line,2359,233,2759,2779
src/content/blog/extra-web/un-mondo-da-scoprire-camminando-e-fermandoci.md,yes,monoblock_long_line,2521,700,8243,8273
src/content/blog/extra-web/un-padre-rivela-il-dono-unico-di-suo-figlio.md,yes,monoblock_long_line,1686,310,8454,8486
src/content/blog/extra-web/un-presepe-a-fede-e-luce.md,yes,monoblock_long_line,733,540,6548,6558
src/content/blog/extra-web/una-soluzione-per-i-malati-mentali-insieme-si-puo.md,yes,monoblock_long_line,950,366,7443,7470
src/content/blog/INS-11/a-te-bambino-mio.md,yes,,180,180,498,497
src/content/blog/INS-11/a-tutti-i-gruppi-fede-e-luce.md,no,,214,214,834,834
src/content/blog/INS-11/alfedena-1976-esperienze-di-vita-comunitaria.md,yes,monoblock_long_line,527,392,5449,5458
src/content/blog/INS-11/alla-ricerca-delle-vere-vacanze-rompere-gli-schemi-e-scoprire-il-significato-profondo-del-riposo.md,no,,262,262,2816,2816
src/content/blog/INS-11/attivita-di-tempo-libero-e-vita-comunitaria.md,yes,"heading_attached,monoblock_long_line",808,415,6859,6858
src/content/blog/INS-11/ci-hanno-scritto-1.md,no,,332,332,877,877
src/content/blog/INS-11/ci-hanno-scritto-n11.md,yes,monoblock_long_line,1001,355,1942,1944
src/content/blog/INS-11/dedicato-ad-unamica.md,no,,158,158,931,931
src/content/blog/INS-11/dove-lo-prendo-tanto-amore.md,yes,monoblock_long_line,619,158,1257,1270
src/content/blog/INS-11/editoriale-parliamo-di-insieme.md,yes,monoblock_long_line,819,445,2599,2596
src/content/blog/INS-11/esperienze-estive-fra-arche-e-mary-mount.md,no,,407,407,2438,2438
src/content/blog/INS-11/esperienze-un-week-end-fuori-dallordinario.md,no,,390,390,1884,1884
src/content/blog/INS-11/festa-della-luce-1976.md,yes,,282,282,1118,1117
src/content/blog/INS-11/guidare-alla-luce-catechesi-sensoriale-per-una-vita-spirituale-inclusiva.md,yes,monoblock_long_line,630,433,5249,5250
src/content/blog/INS-11/i-bambini-autistici-una-guida-per-genitori-recensione.md,yes,monoblock_long_line,507,269,1770,1772
src/content/blog/INS-11/i-piu-difficili.md,yes,monoblock_long_line,686,431,4437,4440
src/content/blog/INS-11/incontrarsi-il-venerdi.md,yes,,492,440,3746,3747
src/content/blog/INS-11/la-vecchia-signora-brontolona.md,yes,monoblock_long_line,1467,380,2193,2204
src/content/blog/INS-11/lettera-aperta-a-padre-michel-charpantier.md,yes,monoblock_long_line,1868,431,1912,1923
src/content/blog/INS-11/letture-consigliate-darti-la-vita-recensione.md,yes,monoblock_long_line,693,234,1508,1518
src/content/blog/INS-11/mi-sento-in-crisi.md,yes,monoblock_long_line,2424,693,2461,2468
src/content/blog/INS-11/notiziario-di-fede-e-luce-n10-1976.md,no,,426,426,3178,3178
src/content/blog/INS-11/notiziario-fede-e-luce-dicembre-1976.md,yes,monoblock_long_line,614,423,5051,5061
src/content/blog/INS-11/notiziario-fede-e-luce-il-resoconto-dellultima-festa-della-luce-e-altre-notizie-dal-movimento.md,yes,,496,449,5183,5182
src/content/blog/INS-11/pennellate-dai-centri-fede-e-luce.md,yes,monoblock_long_line,768,370,2706,2708
src/content/blog/INS-11/per-la-nostra-riflessione-una-croce-di-carta-smerigliata.md,yes,monoblock_long_line,965,377,2507,2509
src/content/blog/INS-11/questestate-faremo.md,yes,,326,326,3223,3215
src/content/blog/INS-11/resoconto-della-riunione-internazionale-di-fede-e-luce.md,yes,monoblock_long_line,504,440,2720,2722
src/content/blog/INS-11/testimonianze-dai-campi-di-alfedena-1976.md,yes,monoblock_long_line,1691,468,5982,6005
src/content/blog/INS-11/un-angolino-di-arche.md,no,,239,239,850,850
src/content/blog/INS-11/un-metodo-efficace-per-leducazione-dei-bambini-con-disabilita.md,yes,monoblock_long_line,590,386,7464,7475
src/content/blog/INS-11/vedremo-mai-la-luce.md,yes,monoblock_long_line,513,406,2156,2159
src/content/blog/INS-11/viaggio-a-parma-del-1976-unesperienza-di-gioia-condivisione-e-scoperta-con-fede-e-luce.md,yes,monoblock_long_line,865,375,9860,9902
src/content/blog/INS-11/xavier-un-mio-un-nostro-nuovo-a-amico.md,yes,monoblock_long_line,1350,279,1392,1400
src/content/blog/INS-15/attivita-di-fine-stagione-del-gruppo-san-paolo-di-roma.md,yes,monoblock_long_line,816,816,6847,6848
src/content/blog/INS-15/bando-di-concorso-per-auto-adesivo-del-pellegrinaggio.md,yes,,170,170,896,894
src/content/blog/INS-15/bilancio-fede-e-luce-1976.md,no,,159,159,637,637
src/content/blog/INS-15/ci-hanno-scritto-n12.md,yes,monoblock_long_line,978,464,6954,6969
src/content/blog/INS-15/ci-hanno-scritto-n13.md,yes,monoblock_long_line,761,488,7539,7546
src/content/blog/INS-15/ci-hanno-scritto-n14.md,yes,,417,417,4790,4781
src/content/blog/INS-15/ci-hanno-scritto-n15.md,yes,monoblock_long_line,1386,317,5486,5514
src/content/blog/INS-15/come-bere-un-bicchier-dacqua.md,yes,monoblock_long_line,1758,789,3073,3075
src/content/blog/INS-15/come-nata-la-prima-casetta-fede-e-luce-storie-di-pennelli-e-appendiciti.md,yes,,397,397,5094,5093
src/content/blog/INS-15/cosa-si-fa-nelle-casette-di-fede-e-luce-le-risposte-di-chi-ce-stato.md,yes,"heading_attached,monoblock_long_line",696,407,11488,11493
src/content/blog/INS-15/cose-un-sacramento-cose-leucaristia-cose-la-confessione.md,yes,monoblock_long_line,619,507,4741,4742
src/content/blog/INS-15/editoriale-amici-o-fratelli.md,no,,409,409,2694,2694
src/content/blog/INS-15/editoriale-auguri.md,yes,monoblock_long_line,889,291,892,896
src/content/blog/INS-15/editoriale-lettera-aperta-agli-amici-di-fede-e-luce.md,no,,342,342,1854,1854
src/content/blog/INS-15/editoriale-vacanze.md,yes,monoblock_long_line,2151,198,2152,2172
src/content/blog/INS-15/esperienze-al-club-avance.md,yes,monoblock_long_line,2460,483,2487,2497
src/content/blog/INS-15/fede-e-luce-incontri-internazionali-e-nazionali-1977.md,yes,,324,324,2844,2841
src/content/blog/INS-15/gli-altri-un-figlio-subnormale-recensione-libro.md,yes,monoblock_long_line,511,383,2018,2022
src/content/blog/INS-15/inno-alla-vita-di-una-handicappata.md,yes,monoblock_long_line,1709,347,1739,1755
src/content/blog/INS-15/leducazione-delle-persone-disabili-imparare-a-vestirsi.md,yes,monoblock_long_line,558,445,7715,7721
src/content/blog/INS-15/letture-consigliate-n14.md,yes,,499,204,1459,1467
src/content/blog/INS-15/mio-figlio-emanuele-la-straordinaria-esperienza-di-una-madre-recensione.md,yes,monoblock_long_line,874,436,2189,2197
src/content/blog/INS-15/notiziario-fede-e-luce-calendario-del-prossimo-anno.md,yes,monoblock_long_line,591,468,3411,3407
src/content/blog/INS-15/notiziario-fede-e-luce-n12-marzo-1977.md,yes,monoblock_long_line,842,414,7353,7371
src/content/blog/INS-15/notiziario-fede-e-luce-n13.md,yes,monoblock_long_line,933,502,10106,10128
src/content/blog/INS-15/notiziario-fede-e-luce-n14.md,yes,,489,342,9736,9734
src/content/blog/INS-15/parliamo-di-ri-educazione.md,yes,,445,445,4242,4239
src/content/blog/INS-15/per-amore-di-anna-storia-vera-di-una-ragazza-autistica-recensione.md,yes,monoblock_long_line,657,418,2991,2992
src/content/blog/INS-15/per-la-nostra-riflessione-milano-vederci-piu-chiaro.md,yes,monoblock_long_line,515,395,8144,8149
src/content/blog/INS-15/per-nostra-riflessione-la-comunione.md,yes,monoblock_long_line,1111,296,3568,3587
src/content/blog/INS-15/scuola-e-disabilita-integrazione-ascoltiamo-le-testimonianze-di-due-mamme.md,yes,,483,392,7615,7617
src/content/blog/INS-15/tecniche-di-recupero-per-i-disabili-gravi-la-socializzazione.md,yes,monoblock_long_line,1362,426,7612,7640
src/content/blog/INS-15/visitiamo-con-maria-laura-il-centro-belga-per-infermi-motori-mentali-cbimc.md,yes,monoblock_long_line,1056,322,6527,6544
src/content/blog/INS-19/alfedena-1978.md,yes,monoblock_long_line,607,415,9196,9204
src/content/blog/INS-19/assemblea-internazionale-di-fede-e-luce-a-bruxelles-gennaio-1978.md,yes,monoblock_long_line,878,424,13307,13342
src/content/blog/INS-19/beati-i-poveri-suggerimenti-per-le-tra-giornate-ad-assisi-1978.md,yes,monoblock_long_line,2228,441,9255,9276
src/content/blog/INS-19/ci-hanno-scritto-n16.md,yes,monoblock_long_line,5484,466,15114,15192
src/content/blog/INS-19/ci-hanno-scritto-n18.md,yes,,428,428,3578,3444
src/content/blog/INS-19/ci-hanno-scritto-n19.md,yes,monoblock_long_line,600,515,4973,4975
src/content/blog/INS-19/ciao-gianluca.md,no,,438,438,1034,1034
src/content/blog/INS-19/come-un-raggio-di-sole.md,yes,monoblock_long_line,2121,371,2296,2183
src/content/blog/INS-19/editoriale-le-nostre-paure.md,no,,405,405,2023,2023
src/content/blog/INS-19/esperienze-al-gruppo-fede-e-luce-la-mamma-di-massimo.md,yes,monoblock_long_line,620,234,771,643
src/content/blog/INS-19/festa-della-primavera-a-villa-pacis-1978.md,yes,monoblock_long_line,538,538,3925,3794
src/content/blog/INS-19/il-cantico-delle-creature.md,yes,monoblock_long_line,1635,232,1636,1650
src/content/blog/INS-19/jean-vanier-a-parma-1978.md,no,,318,318,1586,1586
src/content/blog/INS-19/katimavik-una-parola-eschimese-che-vuol-dire-incontro.md,yes,monoblock_long_line,557,379,4834,4836
src/content/blog/INS-19/la-casetta-di-fede-e-luce-cose-che-fini-ha-chi-la-frequenta.md,yes,,495,373,3876,3877
src/content/blog/INS-19/la-comunita-che-accoglie-i-rifiutati-recensione.md,no,,411,411,1484,1484
src/content/blog/INS-19/la-comunita-di-capodarco.md,yes,monoblock_long_line,831,652,3687,3689
src/content/blog/INS-19/leducazione-delle-persone-disabili-imparare-a-mangiare-insieme-e-in-autonomia.md,yes,monoblock_long_line,679,415,7529,7533
src/content/blog/INS-19/lettera-aperta-a-francesco-dassisi.md,no,,403,403,2470,2470
src/content/blog/INS-19/letture-consigliate-n18.md,yes,,327,327,2180,2049
src/content/blog/INS-19/meditazione-a-modo-mio.md,no,,301,301,1641,1641
src/content/blog/INS-19/notiziario-fede-e-luce-n16.md,yes,monoblock_long_line,663,425,3816,3809
src/content/blog/INS-19/notiziario-fede-e-luce-n18.md,yes,monoblock_long_line,546,436,5314,5187
src/content/blog/INS-19/pellegrinaggio-assisi-1978-secondo-luis-sankale.md,yes,monoblock_long_line,526,514,3558,3565
src/content/blog/INS-19/per-la-loro-educazione-bilancio-di-unestate.md,no,,352,352,1640,1640
src/content/blog/INS-19/per-la-loro-educazione-visita-allistituto-statale-romagnolo-per-non-vedenti.md,yes,monoblock_long_line,702,379,6131,6004
src/content/blog/INS-19/per-la-nostra-riflessione.md,yes,,426,426,5072,4941
src/content/blog/INS-19/preparazione-al-pellegrinaggio-fede-e-luce-ad-assisi-1978.md,no,,376,376,6513,6513
src/content/blog/INS-19/qualche-informazione-prima-di-partire-per-il-pellegrinaggio-di-assisi.md,yes,,309,309,1726,1725
src/content/blog/INS-19/quando-arrivano-le-vacanze.md,yes,,421,421,3319,3188
src/content/blog/INS-19/quattordici-anni-con-loro.md,yes,monoblock_long_line,5786,415,8213,8250
src/content/blog/INS-19/quel-giorno-pioveva.md,no,,346,346,1519,1519
src/content/blog/INS-19/se-assisi-1978.md,yes,monoblock_long_line,600,600,600,601
src/content/blog/INS-19/soggiorno-allarche-1978.md,yes,monoblock_long_line,531,382,3396,3398
src/content/blog/INS-19/sono-andata-a-bruxelles-a-fare-volontariato.md,yes,monoblock_long_line,3560,270,3586,3613
src/content/blog/INS-19/tre-giorni-ad-assisi.md,yes,,363,363,5625,5624
src/content/blog/INS-19/una-lezione-damore-incontro-fede-e-luce-llanelli-galles-del-sud.md,yes,monoblock_long_line,590,428,7807,7832
src/content/blog/INS-19/vacanze-1978.md,no,,385,385,2762,2762
src/content/blog/INS-19/vita-dei-gruppi-fede-e-luce-1978.md,yes,monoblock_long_line,743,431,15199,15073
src/content/blog/INS-19/vita-fede-e-luce-natale-1977-a.md,yes,monoblock_long_line,569,470,7042,7056
src/content/blog/INS-2/avevano-bisogno-di-noi.md,yes,monoblock_long_line,2651,264,2670,2694
src/content/blog/INS-2/buon-natale-antico-corale-trascritto-da-un-bambino.md,no,,188,188,704,704
src/content/blog/INS-2/cecilia-unesperienza.md,yes,monoblock_long_line,578,433,1743,1749
src/content/blog/INS-2/ci-ha-scritto-la-mamma-di-roberto.md,yes,monoblock_long_line,1053,315,1329,1334
src/content/blog/INS-2/ci-hanno-scritto.md,yes,,425,425,2549,2546
src/content/blog/INS-2/ci-siamo-svegliati.md,yes,,486,424,2500,2517
src/content/blog/INS-2/come-fai-a-credere-alla-madonna.md,yes,monoblock_long_line,605,456,3009,3009
src/content/blog/INS-2/come-loro.md,yes,,425,425,1995,1994
src/content/blog/INS-2/fede-e-luce.md,yes,monoblock_long_line,770,535,3617,3618
src/content/blog/INS-2/giovanissimi-n3.md,yes,monoblock_long_line,1225,470,2196,2203
src/content/blog/INS-2/giovanissimi.md,yes,monoblock_long_line,814,456,1929,1933
src/content/blog/INS-2/i-bambini-di-tutti.md,yes,monoblock_long_line,653,424,2374,2388
src/content/blog/INS-2/joseph-ha-fatto-la-prima-comunione.md,yes,monoblock_long_line,727,424,2369,2372
src/content/blog/INS-2/la-paura-degli-altri.md,yes,monoblock_long_line,891,471,4127,4134
src/content/blog/INS-2/lettera-ai-giovani.md,yes,monoblock_long_line,605,456,2308,2308
src/content/blog/INS-2/noris.md,yes,monoblock_long_line,735,409,3617,3626
src/content/blog/INS-2/resoconti-degli-incontri-fede-e-luce.md,yes,monoblock_long_line,1076,488,2419,2423
src/content/blog/INS-2/sono-tornato-stasera.md,yes,,319,319,3892,3891
src/content/blog/INS-23/23-maggio-1979-festa-della-primavera.md,yes,,471,443,1962,1964
src/content/blog/INS-23/7-testimonianze-di-genitori-e-amici-di-bambini-profondamente-handicappati.md,yes,monoblock_long_line,877,556,18045,18071
src/content/blog/INS-23/adesso-fa-la-quarta-sta-ancora-con-noi.md,no,,264,264,1150,1150
src/content/blog/INS-23/al-rientro-dalle-vacanze-campeggi-campeggi-ancora-campeggi.md,yes,monoblock_long_line,3221,522,15238,15281
src/content/blog/INS-23/amicizie.md,yes,monoblock_long_line,537,422,1834,1838
src/content/blog/INS-23/apriamo-il-sipario-oggi-si-recita.md,yes,monoblock_long_line,724,379,3017,3023
src/content/blog/INS-23/aria-di-vacanze.md,yes,monoblock_long_line,625,471,2224,2225
src/content/blog/INS-23/bilancio-fede-e-luce-1979.md,yes,monoblock_long_line,507,443,1156,1156
src/content/blog/INS-23/che-cose-un-katimavic.md,no,,411,411,2121,2121
src/content/blog/INS-23/ci-hanno-scritto-n20.md,yes,monoblock_long_line,589,429,3659,3659
src/content/blog/INS-23/ci-hanno-scritto-n21.md,yes,,451,383,1572,1574
src/content/blog/INS-23/ci-hanno-scritto-n22.md,yes,monoblock_long_line,858,450,10246,10273
src/content/blog/INS-23/ci-hanno-scritto-n23.md,yes,monoblock_long_line,853,430,2144,2151
src/content/blog/INS-23/ci-hanno-scritto-una-critica-allultimo-numero-di-insieme.md,yes,monoblock_long_line,693,413,2399,2373
src/content/blog/INS-23/dialoghi-scomodi-amicizie-vere.md,no,,372,372,1787,1787
src/content/blog/INS-23/e-domani.md,no,,438,438,1598,1598
src/content/blog/INS-23/focus-gli-adulti-profondamente-handicappati-alcune-testimonianze.md,yes,monoblock_long_line,525,525,1436,1441
src/content/blog/INS-23/fu-in-tenda-che-mi-diede-il-benvenuto.md,no,,435,435,2249,2249
src/content/blog/INS-23/gita-ad-argegno-3-giugno-1979.md,yes,monoblock_long_line,2679,461,2710,2730
src/content/blog/INS-23/gli-adulti-lievemente-handicappati.md,yes,monoblock_long_line,622,480,5758,5764
src/content/blog/INS-23/i-bambini-profondamente-handicappati.md,yes,monoblock_long_line,621,400,2997,3005
src/content/blog/INS-23/il-ruolo-del-pediatra-nel-trattamento-del-bambino-handicappato.md,yes,monoblock_long_line,761,533,5588,5595
src/content/blog/INS-23/in-vacanza-tutto-come-se-si-trattasse-di-un-gioco.md,no,,434,434,2462,2462
src/content/blog/INS-23/incontro-internazionale-a-cuneo-28-29-aprile-1979.md,yes,monoblock_long_line,1178,485,5235,5238
src/content/blog/INS-23/insieme-verso-la-pasqua-1981.md,no,,245,245,1463,1463
src/content/blog/INS-23/la-forestiere-vita-comunitaria-con-i-piu-gravi-allarche.md,yes,monoblock_long_line,628,363,3811,3813
src/content/blog/INS-23/lamore-non-basta.md,yes,monoblock_long_line,531,531,2187,2156
src/content/blog/INS-23/leducazione-dei-bambini-cosiddetti-lievi-si-ma-quale.md,yes,monoblock_long_line,545,396,5558,5555
src/content/blog/INS-23/letture-consigliate-il-piccolo-principe.md,yes,monoblock_long_line,737,737,2255,2256
src/content/blog/INS-23/letture-consigliate-lo-svantaggiato-quale-educazione.md,yes,monoblock_long_line,1329,685,1433,1436
src/content/blog/INS-23/letture-consigliate-n22.md,yes,monoblock_long_line,972,402,4343,4359
src/content/blog/INS-23/letture-consigliate-n23.md,yes,monoblock_long_line,827,630,3372,3375
src/content/blog/INS-23/lordinazione-di-robert-michit.md,no,,358,358,1848,1848
src/content/blog/INS-23/marymount-unestate-di-musica-e-sorrisi.md,yes,,486,350,2779,2784
src/content/blog/INS-23/mattone-su-mattone.md,yes,monoblock_long_line,2800,651,5083,5105
src/content/blog/INS-23/non-e-cosi-facile-essere-madre-di-una-bambina-non-grave.md,yes,monoblock_long_line,735,450,4496,4505
src/content/blog/INS-23/notiziario-fede-e-luce-n-21.md,yes,,381,381,3771,3768
src/content/blog/INS-23/notiziario-fede-e-luce-n20.md,yes,monoblock_long_line,798,444,8579,8591
src/content/blog/INS-23/ora-ha-un-mondo-suo-oltre-la-sua-famiglia.md,no,,323,323,2051,2051
src/content/blog/INS-23/pellegrinaggio-a-loreto-1979-le-testimonianze-dei-partecipanti.md,yes,,487,398,3187,3190
src/content/blog/INS-23/pellegrinaggio-a-loreto-1979-raccontato-da-olga-gammarelli.md,yes,monoblock_long_line,805,440,10464,10509
src/content/blog/INS-23/per-la-nostra-riflessione-prendete-e-mangiatene-tutti.md,yes,monoblock_long_line,507,449,3678,3687
src/content/blog/INS-23/perche-vi-chiamate-fede-e-luce.md,yes,,226,226,2438,2423
src/content/blog/INS-23/saluta-la-tua-insegnante.md,yes,,500,453,2194,2197
src/content/blog/INS-23/si-e-allontanato-per-la-prima-volta.md,yes,monoblock_long_line,704,481,1760,1763
src/content/blog/INS-23/sprovveduto-e-sorpreso-chi-non-lo-e.md,no,,397,397,4274,4274
src/content/blog/INS-23/tema-dellanno-1980-lincontro.md,yes,,377,377,1712,1712
src/content/blog/INS-23/teresa-ventanni-di-cambiamenti-nellapproccio-alla-disabilita.md,yes,monoblock_long_line,517,246,1786,1793
src/content/blog/INS-23/trovai-lavoro-in-una-casa-farmaceutica.md,yes,monoblock_long_line,705,396,2621,2629
src/content/blog/INS-23/un-antidoto-alla-disperazione.md,yes,monoblock_long_line,970,431,1526,1531
src/content/blog/INS-23/un-compleanno-al-capezzale-di-un-amico.md,yes,,442,442,3175,3175
src/content/blog/INS-23/vita-fede-e-luce-n22-1979.md,yes,monoblock_long_line,550,411,3140,3135
src/content/blog/INS-23/viviamo-una-vita-normale.md,yes,monoblock_long_line,576,576,3387,3389
src/content/blog/INS-23/vuoi-essere-mio-amico.md,yes,monoblock_long_line,889,407,2090,2093
src/content/blog/INS-27/1-introduzione-fede-e-luce-anatomia-di-una-comunita-di-incontro.md,yes,,463,314,3734,3733
src/content/blog/INS-27/2-larte-dellincontro-superare-la-paura-della-diversita.md,yes,monoblock_long_line,816,387,7539,7550
src/content/blog/INS-27/25-numero-6-anno.md,yes,monoblock_long_line,631,241,2141,2152
src/content/blog/INS-27/3-i-protagonisti-i-volti-di-fede-e-luce-handicappati-genitori-amici-e-sacerdoti.md,yes,monoblock_long_line,529,437,7709,7723
src/content/blog/INS-27/4-la-vita-comunitaria-costruire-comunita-i-tre-pilastri-di-fede-e-luce.md,yes,,411,411,4782,4780
src/content/blog/INS-27/5-anni-di-casetta.md,yes,monoblock_long_line,1017,265,1123,1128
src/content/blog/INS-27/5-crescere-insieme-guidare-una-comunita-fede-e-luce-principi-e-pratica.md,yes,"heading_attached,monoblock_long_line",501,331,5410,5413
src/content/blog/INS-27/andiamo-alla-casetta.md,yes,monoblock_long_line,1516,180,1622,1644
src/content/blog/INS-27/andiamo-tutti-inpizzeria.md,yes,monoblock_long_line,728,474,3947,3953
src/content/blog/INS-27/campeggio-fede-e-luce-unavventura-di-vita-e-comunita.md,no,,325,325,3045,3045
src/content/blog/INS-27/ci-hanno-scritto-insieme-n23.md,yes,monoblock_long_line,923,367,3319,3333
src/content/blog/INS-27/ci-hanno-scritto-insieme-n26.md,yes,monoblock_long_line,1064,373,3372,3384
src/content/blog/INS-27/ci-hanno-scritto-insieme-n27.md,yes,monoblock_long_line,639,605,3718,3725
src/content/blog/INS-27/ciao-alessandro.md,no,,132,132,336,336
src/content/blog/INS-27/consumare-lo-stesso-pasto.md,yes,monoblock_long_line,764,296,2233,2240
src/content/blog/INS-27/dalla-parte-di-lazzaro.md,yes,monoblock_long_line,5911,526,5911,5956
src/content/blog/INS-27/e-uscita-una-nuova-legge-sullassegno-di-accompagnamento-per-le-persone-totalmente-inabili.md,no,,292,292,1424,1424
src/content/blog/INS-27/estate-fede-e-luce-1980-la-gioia-di-fare-vacanza-insieme.md,yes,,443,443,2095,2094
src/content/blog/INS-27/fratelli-e-sorelle-di-persone-con-disabilit-1.md,yes,,456,386,1910,1913
src/content/blog/INS-27/fratelli-e-sorelle-di-persone-con-disabilita-una-realta-da-riscoprire.md,yes,monoblock_long_line,804,576,4038,4044
src/content/blog/INS-27/gli-altri-vostri-figli-lhanno-accettato.md,yes,monoblock_long_line,609,317,1251,1255
src/content/blog/INS-27/incontro-internazionale-e-nazionale-un-ponte-di-solidarieta-tra-paesi-e-comunita.md,no,,436,436,2114,2114
src/content/blog/INS-27/io-mi-domando.md,yes,,492,343,2008,2010
src/content/blog/INS-27/jean-vanier-dal-libano-in-guerra.md,yes,monoblock_long_line,507,315,1322,1327
src/content/blog/INS-27/la-mia-vita.md,yes,monoblock_long_line,690,532,2696,2697
src/content/blog/INS-27/lavventura-di-oletta-quando-il-cavallo-diventa-terapia.md,yes,monoblock_long_line,1061,914,2458,2459
src/content/blog/INS-27/letture-consigliate-la-vita-puo-ricominciare-recensione.md,no,,303,303,1086,1086
src/content/blog/INS-27/letture-consigliate-n26.md,yes,monoblock_long_line,4944,579,4944,4967
src/content/blog/INS-27/marina-di-camerota-venti-giorni-di-prime-volte.md,yes,monoblock_long_line,822,429,5548,5572
src/content/blog/INS-27/mia-sorella.md,yes,monoblock_long_line,862,403,2849,2860
src/content/blog/INS-27/non-e-facile-esprimere.md,yes,,447,447,4618,4617
src/content/blog/INS-27/ogni-volta-che-lascio-alfedena.md,yes,monoblock_long_line,530,403,3455,3463
src/content/blog/INS-27/perch-non-mi-capisci-1.md,yes,monoblock_long_line,2477,576,3564,3589
src/content/blog/INS-27/quante-domande-davanti-a-loro.md,no,,381,381,1527,1527
src/content/blog/INS-27/questionario-per-i-fratelli-e-sorrelle-di-persone-con-disabilita.md,yes,,364,364,1770,1757
src/content/blog/INS-27/sia-fatta-la-tua-volonta.md,yes,monoblock_long_line,665,439,3062,3067
src/content/blog/INS-27/telegramma-educarsi-insieme-crescere-con-gli-altri-per-il-bene-di-tutti.md,yes,monoblock_long_line,657,657,1880,1881
src/content/blog/INS-27/un-aiuto-per-il-pellegrinaggio-di-lourdes-1981-chi-puo-darci-una-mano.md,no,,318,318,1696,1696
src/content/blog/INS-27/un-problema-che-non-so-risolvere.md,yes,,461,446,2832,2836
src/content/blog/INS-27/una-lettera.md,yes,,473,473,2093,2092
src/content/blog/INS-27/una-realta-esigente.md,yes,monoblock_long_line,1152,398,3105,3110
src/content/blog/INS-27/uno-due-tre-stella.md,yes,monoblock_long_line,829,332,3125,3129
src/content/blog/INS-27/via-plinio-30.md,yes,monoblock_long_line,6130,507,6508,6545
src/content/blog/INS-27/vita-fede-e-luce-insieme-n-26.md,yes,monoblock_long_line,1139,516,10294,10318
src/content/blog/INS-27/vita-fede-e-luce-insieme-n25.md,yes,monoblock_long_line,960,583,6046,6045
src/content/blog/INS-27/vita-fede-e-luce-n24.md,yes,monoblock_long_line,1559,397,8558,8596
src/content/blog/INS-29/le-comunita-di-fede-e-luce-nellest-europeo.md,yes,monoblock_long_line,517,394,4708,4711
src/content/blog/INS-30/1-insieme-in-cammino-siamo-tutti-pellegrini.md,yes,monoblock_long_line,1389,386,5933,5949
src/content/blog/INS-30/10-nella-preghiera-comunitaria.md,yes,monoblock_long_line,614,345,3333,3342
src/content/blog/INS-30/11-compiendo-la-volonta-del-padre.md,yes,monoblock_long_line,983,703,2919,2923
src/content/blog/INS-30/12-con-i-santi.md,yes,,422,422,5509,5506
src/content/blog/INS-30/13-con-maria.md,yes,monoblock_long_line,742,310,4500,4510
src/content/blog/INS-30/14-nelleucarestia-venite-a-me.md,yes,monoblock_long_line,614,390,2421,2428
src/content/blog/INS-30/15-nelleucarestia-restate-in-me.md,yes,,423,332,3352,3351
src/content/blog/INS-30/16-il-perdono.md,yes,monoblock_long_line,554,380,3999,4007
src/content/blog/INS-30/18-domande-su-fede-e-luce.md,yes,monoblock_long_line,993,444,6014,6042
src/content/blog/INS-30/2-pellegrini-in-comunita.md,yes,,465,298,3037,3036
src/content/blog/INS-30/3-in-comunita-accoglienti.md,yes,monoblock_long_line,664,410,2851,2852
src/content/blog/INS-30/4-ognuno-ha-il-suo-posto-nella-comunita.md,yes,,453,248,3862,3863
src/content/blog/INS-30/5-sono-loro-che-ci-uniscono-e-ci-guidano.md,yes,monoblock_long_line,554,404,3693,3698
src/content/blog/INS-30/6-cristo-risorto-fa-di-noi-un-solo-popolo.md,yes,monoblock_long_line,2497,501,2497,2509
src/content/blog/INS-30/7-lo-spirito-santo-dono-di-gesu-risorto.md,yes,monoblock_long_line,773,356,3291,3296
src/content/blog/INS-30/8-nutrirsi-di-gesu-attraverso-la-parola.md,yes,,406,406,2361,2359
src/content/blog/INS-30/9-nella-preghiera-personale.md,yes,monoblock_long_line,3549,646,3549,3572
src/content/blog/INS-30/amici-delicati-e-fedeli.md,no,,231,231,1426,1426
src/content/blog/INS-30/animare-una-messa-e-renderla-viva-facendo-lunita.md,yes,monoblock_long_line,620,425,7692,7688
src/content/blog/INS-30/arrendermi-o-agire.md,yes,monoblock_long_line,1759,468,6382,6403
src/content/blog/INS-30/ascolta-bene-joseph.md,yes,monoblock_long_line,3085,647,5862,5904
src/content/blog/INS-30/avevo-paura.md,yes,monoblock_long_line,723,323,1704,1709
src/content/blog/INS-30/buon-natale-1981-e-un-numero-speciale.md,no,,409,409,1239,1239
src/content/blog/INS-30/celebriamo-la-pasqua-1981-nella-comunita-fede-e-luce.md,yes,monoblock_long_line,622,448,3599,3602
src/content/blog/INS-30/ci-hanno-scritto-insieme-n28.md,yes,monoblock_long_line,713,343,2866,2879
src/content/blog/INS-30/come-avviare-una-comunita.md,yes,monoblock_long_line,1490,480,7054,7078
src/content/blog/INS-30/comunita-di-fede-e-luce.md,yes,,483,262,1398,1394
src/content/blog/INS-30/consigli-di-lettura-insieme-n29.md,yes,,175,175,1790,1786
src/content/blog/INS-30/cosa-e-e-come-funziona-una-comunita-fede-e-luce.md,yes,,458,344,8058,8061
src/content/blog/INS-30/cosa-e-fede-e-luce-tre-risposte.md,no,,394,394,1360,1360
src/content/blog/INS-30/dal-sostegno-alla-partecipazione-esperienze-di-educazione-inclusiva-per-bambini-con-difficolta.md,yes,,414,414,4667,4663
src/content/blog/INS-30/dare-vita-movimento-calore-limportanza-dellanimazione-nelle-comunita-fede-e-luce.md,yes,monoblock_long_line,595,373,4018,4020
src/content/blog/INS-30/dipendente-ma-libero.md,yes,monoblock_long_line,1241,431,6232,6295
src/content/blog/INS-30/dopo-di-me-il-diluvio-commedia-musicale-del-gruppo-fede-e-luce-di-san-paolo-1.md,yes,monoblock_long_line,808,415,8372,8394
src/content/blog/INS-30/dopo-di-me-il-diluvio-commedia-musicale-del-gruppo-fede-e-luce-di-san-paolo.md,yes,monoblock_long_line,1419,401,8447,8496
src/content/blog/INS-30/ed-eccomi-qui.md,yes,monoblock_long_line,1827,342,3581,3605
src/content/blog/INS-30/fede-e-luce-domande-e-risposte.md,no,,324,324,1431,1431
src/content/blog/INS-30/fede-e-luce-pasquale.md,yes,monoblock_long_line,661,412,3915,3918
src/content/blog/INS-30/genitori-di-persone-con-disabilita-nessuno-disturba-nessuno.md,no,,418,418,1990,1990
src/content/blog/INS-30/gioia-di-essere-sacerdote.md,yes,monoblock_long_line,650,431,2382,2386
src/content/blog/INS-30/i-fratelli-e-le-sorelle-di-persone-con-disabilita.md,yes,monoblock_long_line,598,191,934,937
src/content/blog/INS-30/i-nostri-figli-con-disabilita-a-scuola.md,yes,monoblock_long_line,545,438,11272,11277
src/content/blog/INS-30/il-futuro-di-insieme-una-catena-che-diventa-sempre-piu-grande.md,yes,,465,431,1803,1798
src/content/blog/INS-30/il-loro-credo.md,yes,monoblock_long_line,1220,985,3582,3587
src/content/blog/INS-30/il-pellegrinaggio-a-fede-e-luce.md,yes,,454,365,2232,2236
src/content/blog/INS-30/il-posto-della-persona-handicappata-nelle-nostre-comunita.md,yes,monoblock_long_line,764,414,5242,5251
src/content/blog/INS-30/in-viaggio-verso-lourdes.md,no,,314,314,478,478
src/content/blog/INS-30/incontro-fra-genitori.md,no,,357,357,1365,1365
src/content/blog/INS-30/incontro-internazionale-preparativi-e-spiritualita.md,no,,308,308,2089,2089
src/content/blog/INS-30/jean-vanier-ai-giovani.md,no,,309,309,2199,2199
src/content/blog/INS-30/la-dove-tu-ci-vuoi-ogni-giorno.md,yes,monoblock_long_line,573,573,3101,3103
src/content/blog/INS-30/la-festa-a-fede-e-luce.md,yes,,490,381,3606,3608
src/content/blog/INS-30/la-festa-continua.md,yes,monoblock_long_line,1310,459,6418,6432
src/content/blog/INS-30/la-festa-uno-dei-momenti-essenziali-della-comunita-fede-e-luce.md,yes,,492,390,4024,4014
src/content/blog/INS-30/la-lettera-del-papa-wojtya.md,yes,monoblock_long_line,830,455,5945,5965
src/content/blog/INS-30/la-mia-storia-soddisfazioni-e-desideri.md,yes,monoblock_long_line,1820,658,3634,3650
src/content/blog/INS-30/la-nostra-famiglia-e-lhandicap.md,yes,monoblock_long_line,862,404,4970,4961
src/content/blog/INS-30/la-vendita-di-novembre-impegno-e-solidarieta.md,no,,414,414,4867,4867
src/content/blog/INS-30/lettera-di-presentazione-del-cardinale-hume.md,yes,,478,275,1302,1305
src/content/blog/INS-30/lettera-di-speranza-alle-mamme-e-ai-papa.md,yes,monoblock_long_line,580,445,2389,2400
src/content/blog/INS-30/lhai-chiamata-per-portare-frutto.md,yes,monoblock_long_line,1620,336,10214,10286
src/content/blog/INS-30/lorganizzazione-a-fede-e-luce.md,yes,monoblock_long_line,943,451,4559,4553
src/content/blog/INS-30/lourdes-1981-domenica-di-pasqua.md,yes,,472,434,6954,6958
src/content/blog/INS-30/lourdes-1981-giovedi-santo.md,yes,monoblock_long_line,655,398,4824,4825
src/content/blog/INS-30/lourdes-1981-sabato-santo.md,yes,monoblock_long_line,1662,446,5709,5735
src/content/blog/INS-30/lourdes-1981-venerdi-santo.md,yes,,411,411,2310,2305
src/content/blog/INS-30/ma-di-sicuro-torna-il-sereno.md,no,,267,267,1480,1480
src/content/blog/INS-30/ognuno-ha-il-suo-posto-nella-comunita.md,no,,244,244,2499,2499
src/content/blog/INS-30/perche-a-lourdes.md,no,,309,309,1978,1978
src/content/blog/INS-30/perche-questo-insieme-speciale.md,yes,monoblock_long_line,635,389,1984,1986
src/content/blog/INS-30/perche-un-numero-dedicato-allanimazione.md,yes,monoblock_long_line,760,622,2996,2998
src/content/blog/INS-30/primo-campeggio-fede-e-luce.md,yes,monoblock_long_line,504,421,2308,2311
src/content/blog/INS-30/principi-di-azione-per-una-equipe-di-animazione.md,yes,monoblock_long_line,1129,352,5601,5637
src/content/blog/INS-30/scegliere-di-lasciarsi-scegliere.md,yes,monoblock_long_line,549,397,3458,3463
src/content/blog/INS-30/scuola-viva-un-modello-di-inclusione-attiva-per-bambini-con-disabilita.md,no,monoblock_long_line,512,512,3627,3627
src/content/blog/INS-30/sotto-locchio-dellorologio-recensione.md,yes,monoblock_long_line,1512,597,7065,7088
src/content/blog/INS-30/spastico-un-modo-improprio-di-indicare-una-persona-colpita-da-una-paralisi-cerebrale.md,yes,monoblock_long_line,1096,322,3382,3381
src/content/blog/INS-30/storia-di-natale.md,yes,,370,348,2729,2724
src/content/blog/INS-30/tre-tappe-nella-mia-vita.md,yes,monoblock_long_line,1010,437,6456,6476
src/content/blog/INS-30/tu-sostieni.md,yes,,203,203,921,920
src/content/blog/INS-30/una-nuova-speranza.md,yes,,488,451,2179,2179
src/content/blog/INS-30/unora-di-musica-con-suor-maria.md,yes,monoblock_long_line,579,400,3036,3040
src/content/blog/INS-30/va-verso-i-tuoi-fratelli-e-di-loro.md,no,,357,357,2280,2280
src/content/blog/INS-30/vita-fede-e-luce-insieme-n28.md,no,,448,448,3146,3146
src/content/blog/INS-30/voci-dal-pellegrinaggio-lourdes-1981-frammenti-di-vita-e-di-fede.md,yes,monoblock_long_line,822,343,2406,2411
src/content/blog/OEL-1/darti-la-vita.md,yes,monoblock_long_line,1378,520,2511,2521
src/content/blog/OEL-1/dialogo-aperto-n1.md,yes,monoblock_long_line,617,520,1750,1752
src/content/blog/OEL-1/difficolta-loro-o-nostra.md,yes,"heading_attached,monoblock_long_line",685,391,12573,12593
src/content/blog/OEL-1/editoriale-n1.md,yes,monoblock_long_line,721,520,3519,3523
src/content/blog/OEL-1/il-chicco-una-casa-per-fabio-e-maria.md,yes,monoblock_long_line,3162,520,7359,7392
src/content/blog/OEL-1/il-dolore-innocente-un-handicappato-nella-mia-famiglia.md,yes,monoblock_long_line,649,520,1965,1968
src/content/blog/OEL-1/lesperienza-della-solitudine.md,yes,monoblock_long_line,1275,520,6022,6039
src/content/blog/OEL-1/ombre-e-luci.md,yes,monoblock_long_line,908,520,3563,3571
src/content/blog/OEL-1/ti-aspetto-sempre.md,yes,monoblock_long_line,2040,520,19014,19149
src/content/blog/OEL-1/vita-fede-e-luce-n1.md,yes,monoblock_long_line,1525,520,8775,8798
src/content/blog/OEL-10/amo-la-vita-malgrado-tutto.md,yes,monoblock_long_line,2592,429,2886,2871
src/content/blog/OEL-10/comunita-e-cooperativa-il-girasole.md,yes,monoblock_long_line,1025,438,10207,10231
src/content/blog/OEL-10/dialogo-aperto-n-10.md,yes,monoblock_long_line,1704,445,6401,6409
src/content/blog/OEL-10/epilessia-indicazioni-di-primo-intervento.md,yes,monoblock_long_line,541,375,2190,2162
src/content/blog/OEL-10/epilessia-una-malattia-che-imprime-un-marchio.md,yes,monoblock_long_line,2862,433,5518,5519
src/content/blog/OEL-10/epilessia-una-malattia-neurologica-ancora-sconosciuta.md,yes,monoblock_long_line,2186,371,7589,7595
src/content/blog/OEL-10/esperienze-epilessia-in-famiglia-e-a-scuola.md,yes,monoblock_long_line,1799,433,7396,7396
src/content/blog/OEL-10/per-liberarci-dai-tabu-dellepilessia-plus-de-gym-pour-danny.md,no,,418,418,596,596
src/content/blog/OEL-10/uomo-e-donna-li-fece-per-una-vita-damore-autentico.md,yes,monoblock_long_line,599,392,1359,1338
src/content/blog/OEL-10/vacanza-problema-e-risposte.md,yes,monoblock_long_line,2259,335,4064,4069
src/content/blog/OEL-10/vi-ricordiamo-perche-ombre-e-luci.md,yes,,378,378,1593,1588
src/content/blog/OEL-10/vita-fede-e-luce-n-10-ricordo-di-don-dario.md,yes,monoblock_long_line,2128,992,10785,10803
src/content/blog/OEL-100/alla-scoperta-della-redazione-di-ombre-e-luci.md,yes,monoblock_long_line,1186,653,10136,10157
src/content/blog/OEL-100/ammalati-di-affetto.md,yes,monoblock_long_line,1254,453,4197,4227
src/content/blog/OEL-100/con-tutto-il-cuore.md,yes,monoblock_long_line,1566,360,5335,5368
src/content/blog/OEL-100/dedicato-alle-mamme-e-ai-papa.md,no,,180,180,863,863
src/content/blog/OEL-100/dialogo-aperto-n-100.md,yes,monoblock_long_line,1814,396,9094,9112
src/content/blog/OEL-100/e-se-gesu-ci-scrivesse-oggi.md,yes,monoblock_long_line,602,399,3498,3506
src/content/blog/OEL-100/fede-e-luce-larca-ombre-e-luci.md,yes,monoblock_long_line,1275,344,3537,3550
src/content/blog/OEL-100/la-grande-famiglia.md,yes,monoblock_long_line,1617,611,30245,30312
src/content/blog/OEL-100/la-storica-redazione-di-ombre-e-luci.md,yes,monoblock_long_line,685,515,9167,9154
src/content/blog/OEL-100/maria-la-mamma-di-gesu-dedicato-ai-bambini.md,yes,,284,284,2918,2907
src/content/blog/OEL-100/ne-lui-ne-i-suoi-genitori.md,yes,monoblock_long_line,1898,540,12166,12220
src/content/blog/OEL-100/noi-dei-piani-di-sopra.md,yes,monoblock_long_line,1856,333,5847,5891
src/content/blog/OEL-100/san-francesco-larca-e-fede-e-luce.md,yes,monoblock_long_line,3643,377,11692,11805
src/content/blog/OEL-100/ti-ricordi-di-nicole.md,yes,monoblock_long_line,1275,396,5201,5226
src/content/blog/OEL-100/una-grande-famiglia.md,yes,monoblock_long_line,1275,538,5812,5835
src/content/blog/OEL-100/una-redazione-in-condominio.md,yes,monoblock_long_line,1678,333,3606,3626
src/content/blog/OEL-101/abbiamo-tutti-bisogno-dei-sacramenti.md,yes,monoblock_long_line,1957,668,10139,10163
src/content/blog/OEL-101/avvicinare-i-genitori-di-ragazzi-con-disabiltia.md,yes,monoblock_long_line,647,325,3729,3733
src/content/blog/OEL-101/concorso-fotografico-legami.md,yes,monoblock_long_line,581,386,2788,2789
src/content/blog/OEL-101/dialogo-aperto-n101.md,yes,monoblock_long_line,2356,372,6477,6516
src/content/blog/OEL-101/ho-camminato-vicino-a-marco.md,yes,monoblock_long_line,2266,1924,5251,5251
src/content/blog/OEL-101/immaginate.md,yes,monoblock_long_line,1592,1067,9472,9510
src/content/blog/OEL-101/invasioni-rumene-non-barbariche.md,yes,monoblock_long_line,2889,285,2915,2935
src/content/blog/OEL-101/la-loro-e-la-nostra-cresima.md,yes,monoblock_long_line,7182,679,10162,10205
src/content/blog/OEL-101/luomo-guarda-il-volto-dio-il-cuore.md,yes,monoblock_long_line,2531,494,9452,9490
src/content/blog/OEL-101/ristorante-i-ragazzi-di-sipario-dove-niente-e-scontato.md,yes,monoblock_long_line,885,589,10589,10603
src/content/blog/OEL-101/sbagliando-sinventa.md,yes,monoblock_long_line,5344,297,5668,5717
src/content/blog/OEL-101/testimone-oculare.md,yes,monoblock_long_line,2342,532,2378,2386
src/content/blog/OEL-101/tra-il-dire-e-il-fare-non-ce-piu-il-mare.md,yes,monoblock_long_line,1130,433,4169,4185
src/content/blog/OEL-102/adolescenti-allo-sbaraglio.md,yes,monoblock_long_line,15601,468,15620,15687
src/content/blog/OEL-102/casa-famiglia-il-tetto.md,yes,monoblock_long_line,5725,384,5750,5778
src/content/blog/OEL-102/chi-ha-visto-adriano.md,yes,monoblock_long_line,2622,233,2643,2668
src/content/blog/OEL-102/dialogo-aperto-n102.md,yes,monoblock_long_line,2170,328,6067,6117
src/content/blog/OEL-102/diario-di-scuola-recensione.md,yes,monoblock_long_line,4128,395,4175,4192
src/content/blog/OEL-102/fin-dalla-nascita.md,yes,monoblock_long_line,3368,346,3801,3825
src/content/blog/OEL-102/ii-focolare-comunita-educativo-terapeutica.md,yes,monoblock_long_line,1499,497,10206,10226
src/content/blog/OEL-102/il-male-e-la-sofferenza-raccontati-ai-bambini-recensione.md,yes,monoblock_long_line,1152,231,1181,1188
src/content/blog/OEL-102/la-citta-dei-ragazzi-recensione.md,yes,monoblock_long_line,619,347,992,994
src/content/blog/OEL-102/la-citta-dei-ragazzi.md,yes,monoblock_long_line,1738,401,11311,11355
src/content/blog/OEL-102/lo-spazio-bianco-recensione.md,yes,monoblock_long_line,1614,352,1644,1651
src/content/blog/OEL-102/parlare-di-dio-ai-bambini-di-oggi-recensione.md,yes,monoblock_long_line,2340,210,2366,2389
src/content/blog/OEL-102/una-scuolina-per-crescere.md,yes,monoblock_long_line,2535,245,2561,2578
src/content/blog/OEL-102/vita-fede-e-luce-n-102-lincontro.md,yes,monoblock_long_line,642,410,5108,5110
src/content/blog/OEL-103/associazione-habitat-per-lautismo-onlus.md,yes,monoblock_long_line,4008,695,13634,13680
src/content/blog/OEL-103/da-soli-non-si-puo.md,yes,monoblock_long_line,503,428,4163,4166
src/content/blog/OEL-103/dialogo-aperto-n-103.md,yes,monoblock_long_line,3373,370,7891,7943
src/content/blog/OEL-103/ecco-io-faccio-nuove-tutte-le-cose.md,yes,monoblock_long_line,857,281,1961,1970
src/content/blog/OEL-103/gli-anni-che-passano.md,yes,monoblock_long_line,3467,465,3598,3595
src/content/blog/OEL-103/il-mondo-di-sergio-una-storia-vera-dei-nostri-giorni-recensione.md,yes,monoblock_long_line,2967,349,2997,3009
src/content/blog/OEL-103/integrazione-del-disabile-radici-e-prospettive-educative-recensione.md,yes,monoblock_long_line,871,334,901,905
src/content/blog/OEL-103/jean-vanier-racconta-la-comunita-di-san-martino.md,yes,monoblock_long_line,962,363,5572,5605
src/content/blog/OEL-103/la-casa-di-dario-comunita-alloggio.md,no,monoblock_long_line,755,755,3297,3297
src/content/blog/OEL-103/la-solitudine-dei-numeri-primi-recensione.md,yes,monoblock_long_line,3812,278,3842,3865
src/content/blog/OEL-103/la-stanza-degli-ufficiali-recensione.md,yes,monoblock_long_line,800,294,831,835
src/content/blog/OEL-103/la-storia-di-giovanni.md,yes,monoblock_long_line,5659,372,7512,7567
src/content/blog/OEL-103/le-anime-semplici-recensione.md,yes,monoblock_long_line,1012,198,1039,1048
src/content/blog/OEL-103/mio-figlio-un-angelo-che-ha-scelto-di-vivere-recensione.md,yes,monoblock_long_line,702,351,735,738
src/content/blog/OEL-103/perche-proprio-io.md,yes,monoblock_long_line,748,364,4947,4970
src/content/blog/OEL-103/sono-un-africano.md,yes,monoblock_long_line,1072,85,1138,1162
src/content/blog/OEL-104/apadest-associazione-piemontese-amici-della-sindrome-di-turner-una-grande-sorpresa.md,yes,monoblock_long_line,2915,394,6165,6199
src/content/blog/OEL-104/carugate-a-catechismo-con-gli-amici-disabili.md,yes,monoblock_long_line,3339,333,3366,3385
src/content/blog/OEL-104/dialogo-aperto-n-104.md,yes,monoblock_long_line,1271,303,3789,3811
src/content/blog/OEL-104/eros-e-disabili-riflessioni-e-testimonianze.md,yes,monoblock_long_line,1051,194,1081,1087
src/content/blog/OEL-104/gli-errori-di-mamma-e-papa-guida-pratica-per-non-sbagliare-piu.md,yes,monoblock_long_line,924,319,939,944
src/content/blog/OEL-104/i-fraticelli.md,yes,monoblock_long_line,2308,273,2329,2343
src/content/blog/OEL-104/il-paese-delle-meraviglie.md,yes,monoblock_long_line,4819,378,4846,4876
src/content/blog/OEL-104/la-forza-di-una-vita-fragile-storia-di-una-bambina-che-non-doveva-nascere.md,yes,monoblock_long_line,834,319,860,866
src/content/blog/OEL-104/la-vita-e-una-sfida-recensione.md,yes,monoblock_long_line,1292,380,3108,3121
src/content/blog/OEL-104/non-una-santa.md,yes,monoblock_long_line,6301,428,6328,6361
src/content/blog/OEL-104/philippine.md,yes,monoblock_long_line,894,588,4028,4044
src/content/blog/OEL-104/presenza-reale.md,yes,monoblock_long_line,2387,265,2436,2460
src/content/blog/OEL-104/quel-tesoro-nascosto.md,yes,monoblock_long_line,5392,406,5424,5453
src/content/blog/OEL-104/sessualita-come-viverla-con-la-propria-disabilita.md,yes,monoblock_long_line,820,446,1284,1286
src/content/blog/OEL-104/sono-un-pellegrino.md,yes,monoblock_long_line,2312,291,2315,2335
src/content/blog/OEL-104/tanti-volti-tante-lingue-un-solo-cuore.md,yes,monoblock_long_line,4499,331,5262,5308
src/content/blog/OEL-104/un-luogo-dove-bello-vivere.md,yes,monoblock_long_line,4023,278,4046,4066
src/content/blog/OEL-104/vegliate-con-me-hospice-unispirazione-per-la-cura-della-vita-recensione.md,yes,monoblock_long_line,941,255,945,952
src/content/blog/OEL-105/baby-xitter-il-primo-servizio-di-baby-sitter-specialistico-a-domicilio-per-minori-diversamente-abili.md,yes,monoblock_long_line,1015,1015,6210,6217
src/content/blog/OEL-105/cristo-con-gli-alpini-recensione.md,yes,monoblock_long_line,2376,387,2379,2388
src/content/blog/OEL-105/eredita-e-figli-disabili-il-notaio-risponde.md,yes,monoblock_long_line,678,678,5753,5754
src/content/blog/OEL-105/i-ciechi-non-sognano-il-buio-vivere-con-successo-la-cecita-recensione.md,yes,monoblock_long_line,531,332,1514,1517
src/content/blog/OEL-105/il-carro-una-casa-sempre-piena-di-gente.md,yes,monoblock_long_line,1173,446,4193,4207
src/content/blog/OEL-105/momenti-difficili.md,yes,monoblock_long_line,3202,505,4562,4586
src/content/blog/OEL-105/ora-che-sto-per-diventare-mamma.md,yes,monoblock_long_line,2489,394,3059,3072
src/content/blog/OEL-105/oscura-luminosissima-recensione.md,yes,monoblock_long_line,2049,246,4180,4173
src/content/blog/OEL-105/si-puo-fare-da-vicino-nessuno-e-normale.md,yes,monoblock_long_line,3947,546,3965,3985
src/content/blog/OEL-105/sono-responsabile-di-mio-fratello-disabile.md,yes,monoblock_long_line,940,797,35252,35364
src/content/blog/OEL-105/un-fratello-aiutato-da-un-fratello-e-come-una-citta-fortificata.md,yes,monoblock_long_line,667,309,2527,2532
src/content/blog/OEL-106/amore-caro-a-filo-doppio-con-persone-fragili-recensione.md,yes,monoblock_long_line,2047,332,2075,2086
src/content/blog/OEL-106/coralmente-le-voci-dellanima.md,yes,monoblock_long_line,1634,434,6688,6713
src/content/blog/OEL-106/dialogo-aperto-n106.md,yes,monoblock_long_line,2745,591,10034,10080
src/content/blog/OEL-106/dimitri-il-teatro-fra-sogni-e-progettualita.md,yes,monoblock_long_line,1368,386,3032,3053
src/content/blog/OEL-106/eppure-splende-il-sole.md,yes,monoblock_long_line,4360,309,4377,4412
src/content/blog/OEL-106/giulia-in-arte-clown-cicciola.md,yes,monoblock_long_line,4533,384,4974,5001
src/content/blog/OEL-106/il-coraggio-di-osare.md,yes,monoblock_long_line,1695,346,2127,2137
src/content/blog/OEL-106/il-resto-parziale-della-storia-recensione.md,yes,monoblock_long_line,2249,324,2278,2292
src/content/blog/OEL-106/nomen-omen-la-storia-di-cristina-acquistapace.md,yes,monoblock_long_line,3030,405,9750,9811
src/content/blog/OEL-106/piccoli-passi-in-sicurezza.md,yes,monoblock_long_line,5630,390,6375,6429
src/content/blog/OEL-106/quel-puntino-un-po-sfrangiato-recensione.md,yes,monoblock_long_line,763,293,780,783
src/content/blog/OEL-106/ritardo-mentale-nelle-malattie-genetiche-la-ricerca-di-una-possibilie-cura.md,yes,monoblock_long_line,3200,525,7668,7710
src/content/blog/OEL-106/rosa.md,yes,monoblock_long_line,2091,381,2112,2122
src/content/blog/OEL-106/sotto-i-riflettori-sempre-senza-protesi-intervista-a-cerrie-burnell.md,yes,monoblock_long_line,1159,417,5720,5732
src/content/blog/OEL-106/sotto-lombrellone.md,yes,monoblock_long_line,647,141,648,648
src/content/blog/OEL-106/vivere-i-miei-limiti-nella-verita.md,yes,monoblock_long_line,1476,412,7263,7319
src/content/blog/OEL-107/aragoste-e-frattali.md,yes,monoblock_long_line,4507,586,4537,4562
src/content/blog/OEL-107/dialogo-aperto-n107.md,yes,monoblock_long_line,1447,474,5226,5239
src/content/blog/OEL-107/disturbi-dellapprendimento-etichettato-idiota.md,yes,monoblock_long_line,2044,175,2097,2114
src/content/blog/OEL-107/disturbi-dellapprendimento-ho-scoperto-la-sofferenza-dei-miei-figli.md,yes,monoblock_long_line,1313,446,5094,5118
src/content/blog/OEL-107/disturbi-dellapprendimento-qual-e-il-vero-marco.md,yes,monoblock_long_line,806,429,5729,5740
src/content/blog/OEL-107/disturbi-dellapprendimento-una-bambina-disprattica.md,yes,monoblock_long_line,607,367,2101,2108
src/content/blog/OEL-107/fede-e-luce-si-cambia.md,yes,monoblock_long_line,600,389,2115,2117
src/content/blog/OEL-107/la-difficile-storia-di-enrico.md,yes,monoblock_long_line,2713,392,10937,11004
src/content/blog/OEL-107/la-vita-come-e-per-noi-un-padre-una-famiglia-e-un-bambino-speciale-recensione.md,no,,486,486,1243,1243
src/content/blog/OEL-107/lettera-ai-compagni-di-classe-di-matteo.md,yes,monoblock_long_line,2792,430,2826,2840
src/content/blog/OEL-107/lettera-aperta-a-una-maestra.md,yes,monoblock_long_line,2304,449,5381,5390
src/content/blog/OEL-107/mamme-che-amano-troppo-per-non-crescere-piccoli-tiranni-e-figli-bamboccioni-recensioni.md,yes,monoblock_long_line,511,372,1844,1846
src/content/blog/OEL-107/per-me-lo-scoutismo.md,no,,366,366,1313,1313
src/content/blog/OEL-107/scout-e-disabilita-un-ambiente-educativo-anche-per-maria.md,yes,monoblock_long_line,628,432,6191,6188
src/content/blog/OEL-107/scout-e-disabilita-un-buon-modo-per-crescere.md,yes,monoblock_long_line,720,435,1852,1854
src/content/blog/OEL-107/un-incontro-tra-capi-scout.md,yes,monoblock_long_line,710,475,4452,4462
src/content/blog/OEL-107/un-sorriso-e-ancora-li-sulla-mia-faccia.md,yes,monoblock_long_line,601,317,3048,3068
src/content/blog/OEL-107/verso-sera.md,yes,monoblock_long_line,2438,399,2459,2468
src/content/blog/OEL-108/come-il-ferro-con-la-calamita.md,yes,monoblock_long_line,4264,387,4290,4314
src/content/blog/OEL-108/contro-leutanasia-recensione.md,yes,monoblock_long_line,5823,485,5839,5887
src/content/blog/OEL-108/dialogo-aperto-n108.md,yes,monoblock_long_line,2366,289,3114,3135
src/content/blog/OEL-108/in-cerca-del-padre-storia-delleta-paterna-in-eta-contemporanea-recensione.md,yes,monoblock_long_line,2195,387,4073,4092
src/content/blog/OEL-108/la-disabilita-dellinformazione.md,yes,monoblock_long_line,1197,464,10002,10037
src/content/blog/OEL-108/la-musica-segreta-della-terra-recensione.md,yes,monoblock_long_line,1373,588,2299,2306
src/content/blog/OEL-108/lintimita-del-corpo-condividere-lintimita-del-proprio-figlio.md,yes,monoblock_long_line,1056,439,7263,7292
src/content/blog/OEL-108/lintimita-del-corpo-di-fronte-alla-nudita-non-e-facile.md,yes,,469,360,1369,1374
src/content/blog/OEL-108/lintimita-del-corpo-maria-non-ha-il-senso-del-pudore.md,yes,,495,399,2612,2615
src/content/blog/OEL-108/ma-io-che-centro-il-bene-comune-in-tempi-di-crisi-recensione.md,yes,monoblock_long_line,1150,394,1176,1181
src/content/blog/OEL-108/niente-giochi-nellacquario.md,yes,monoblock_long_line,1137,306,1154,1161
src/content/blog/OEL-108/pensando-alla-nascita-di-gesu.md,yes,monoblock_long_line,708,541,3348,3356
src/content/blog/OEL-108/ricordo-di-alda-merini.md,yes,monoblock_long_line,2596,446,2617,2632
src/content/blog/OEL-108/riflessi-di-luce-nellombra.md,yes,monoblock_long_line,6060,440,6077,6106
src/content/blog/OEL-108/vita-tra-fratelli.md,yes,monoblock_long_line,7813,515,12297,12371
src/content/blog/OEL-109/che-senso-ha-la-vita-di-paolo.md,yes,monoblock_long_line,1795,1326,8065,8135
src/content/blog/OEL-109/con-cristo-sulle-strade-del-mondo-riflessioni-a-tema-missionario-recensione.md,yes,monoblock_long_line,612,265,629,632
src/content/blog/OEL-109/deboli-e-forti-trovano-il-loro-posto.md,yes,monoblock_long_line,5623,291,5640,5685
src/content/blog/OEL-109/dialogo-aperto-n109.md,yes,monoblock_long_line,3998,446,8697,8748
src/content/blog/OEL-109/essere-mamma-che-senso-ha-la-vita-di-mio-figlio-paolo.md,yes,monoblock_long_line,2005,373,8623,8705
src/content/blog/OEL-109/essere-mamma-sono-in-un-furioso-stato-di-accusa.md,yes,monoblock_long_line,2295,331,7699,7771
src/content/blog/OEL-109/essere-mamma.md,yes,monoblock_long_line,2345,224,2777,2796
src/content/blog/OEL-109/pulce-non-ce-recensione.md,yes,monoblock_long_line,998,306,2240,2249
src/content/blog/OEL-109/quali-mani-asciugheranno-le-mie-lacrime-recensione.md,yes,monoblock_long_line,1030,320,1047,1053
src/content/blog/OEL-109/tre-tazze-di-te-recensione.md,yes,monoblock_long_line,586,445,1366,1368
src/content/blog/OEL-109/tutti-tranne-uno-sono-saliti-a-cavallo-scuderia-le-forne.md,yes,monoblock_long_line,3930,341,6165,6213
src/content/blog/OEL-109/un-crocifisso-silenzioso-immagine-della-rivoluzione-cristiana.md,yes,monoblock_long_line,1425,375,6866,6930
src/content/blog/OEL-109/vita-fede-e-luce-n109-eillaboun-a-casa-di-sammanher.md,yes,monoblock_long_line,4866,374,5361,5408
src/content/blog/OEL-11/a-villa-olmo-abitano-sette-ragazze-e-una-suora.md,yes,monoblock_long_line,4587,384,7135,7148
src/content/blog/OEL-11/cascina-nibai-cooperativa-fraternita.md,yes,monoblock_long_line,1292,421,9882,9909
src/content/blog/OEL-11/come-sogni-il-futuro-di-tuo-figlio.md,yes,monoblock_long_line,1141,460,6536,6529
src/content/blog/OEL-11/la-casa-gino-una-colonia-agricola.md,yes,monoblock_long_line,982,761,9942,9971
src/content/blog/OEL-11/la-sfida-dellarca-1.md,yes,monoblock_long_line,827,239,1445,1422
src/content/blog/OEL-11/villa-pizzone-il-cancello-aperto.md,yes,monoblock_long_line,3568,326,9111,9135
src/content/blog/OEL-11/vita-fede-e-luce-n11-ora-comincia-il-bello.md,yes,monoblock_long_line,3615,349,6995,6998
src/content/blog/OEL-110/cani-pony-e-leoni-marini.md,yes,monoblock_long_line,6581,515,6611,6638
src/content/blog/OEL-110/cortocircuito-recensione.md,yes,monoblock_long_line,1330,368,1346,1352
src/content/blog/OEL-110/dialogo-aperto-n110.md,yes,monoblock_long_line,1421,487,4730,4748
src/content/blog/OEL-110/il-suo-primo-grido-fu-di-gioia.md,yes,monoblock_long_line,3272,268,5144,5147
src/content/blog/OEL-110/inizio-dellanno-della-tigre.md,yes,monoblock_long_line,1485,500,2993,3013
src/content/blog/OEL-110/la-terza-nazione-del-mondo-recensione.md,yes,monoblock_long_line,761,250,777,781
src/content/blog/OEL-110/lo-sapevate-che-1.md,yes,monoblock_long_line,1182,257,2958,2977
src/content/blog/OEL-110/mai-soli-dal-sogno-alla-promessa.md,yes,monoblock_long_line,942,432,6900,6906
src/content/blog/OEL-110/mangiar-sano-dormire-bene-e-natura.md,yes,monoblock_long_line,2315,876,3588,3600
src/content/blog/OEL-110/sembrava-impossibile-dove-osano-le-aquile-in-carrozzina-recensione.md,yes,monoblock_long_line,678,349,1265,1267
src/content/blog/OEL-110/silenzio.md,yes,monoblock_long_line,1588,321,1607,1618
src/content/blog/OEL-110/sotto-cieli-noncuranti-recensione.md,yes,monoblock_long_line,1021,216,1047,1054
src/content/blog/OEL-111/20-anni-del-carro.md,yes,monoblock_long_line,2562,464,2593,2602
src/content/blog/OEL-111/aiutami-a-fare-da-me.md,yes,monoblock_long_line,2507,667,7731,7764
src/content/blog/OEL-111/come-una-poesia-che-ti-piace.md,yes,monoblock_long_line,2449,742,2475,2485
src/content/blog/OEL-111/costruirsi-un-totem-capire-e-sentire-il-proprio-valore-recensione.md,yes,monoblock_long_line,1417,662,1434,1437
src/content/blog/OEL-111/dialogo-aperto-n111.md,yes,monoblock_long_line,1739,313,4939,4965
src/content/blog/OEL-111/due-vocazioni.md,yes,monoblock_long_line,1333,201,1359,1376
src/content/blog/OEL-111/e-la-luna-mi-guardo-recensione.md,no,,409,409,756,756
src/content/blog/OEL-111/il-coraggio-della-piccola-vanessa.md,yes,monoblock_long_line,4526,526,4666,4691
src/content/blog/OEL-111/il-sacerdote-uomo-di-compassione.md,yes,monoblock_long_line,1013,265,1091,1097
src/content/blog/OEL-111/lettera-a-jean-annik.md,yes,monoblock_long_line,6283,437,6653,6692
src/content/blog/OEL-111/lui-la-guida-degli-uomini-e-rimasto-indietro-per-me.md,no,,333,333,1981,1981
src/content/blog/OEL-111/non-ne-sapevamo-niente.md,yes,monoblock_long_line,2884,300,3452,3446
src/content/blog/OEL-111/quando-impari-ad-allacciarti-le-scarpe-recensione.md,yes,monoblock_long_line,1673,350,1690,1699
src/content/blog/OEL-111/se-volete-veder-le-stelle-spegnete-i-vostri-lumi.md,yes,monoblock_long_line,4101,331,4125,4144
src/content/blog/OEL-111/sei-lagnello-e-il-pastore.md,yes,monoblock_long_line,3715,237,5692,5732
src/content/blog/OEL-111/tutti-sulla-strada.md,yes,monoblock_long_line,2842,217,2870,2897
src/content/blog/OEL-111/visto-da-vicino.md,yes,monoblock_long_line,816,433,3206,3221
src/content/blog/OEL-111/vita-fede-e-luce-n110.md,yes,monoblock_long_line,3081,396,3121,3137
src/content/blog/OEL-111/vite-parallele-viaggio-umano-nel-mondo-dellhandicap-recensione.md,yes,monoblock_long_line,679,340,696,697
src/content/blog/OEL-112/affettivita-e-sessualita-delle-persone-con-disabilita.md,yes,monoblock_long_line,1081,432,4561,4571
src/content/blog/OEL-112/aiutarlo-a-vivere-il-lutto.md,yes,"html_generic,monoblock_long_line",802,449,7186,6630
src/content/blog/OEL-112/alla-morte-del-nonno-perche-lhanno-messo-in-una-scatola.md,yes,"html_generic,monoblock_long_line",626,387,1743,1176
src/content/blog/OEL-112/alla-morte-del-papa-charles-restava-nascosto-sotto-il-tavolo.md,yes,monoblock_long_line,1265,387,4564,4577
src/content/blog/OEL-112/autismo-e-integrazione-scolastica.md,yes,monoblock_long_line,2641,355,8411,8446
src/content/blog/OEL-112/cera-una-volta-la-citta-dei-matti.md,yes,monoblock_long_line,886,436,2265,2272
src/content/blog/OEL-112/coltivare-i-propri-desideri.md,yes,monoblock_long_line,3304,293,4724,4760
src/content/blog/OEL-112/corsa-in-taxi.md,yes,monoblock_long_line,3425,125,3445,3497
src/content/blog/OEL-112/dialogo-aperto-n112.md,yes,monoblock_long_line,1487,239,2423,2435
src/content/blog/OEL-112/e-legittima-lassistenza-sessuale-alle-persone-handicappate.md,yes,monoblock_long_line,924,429,8385,8414
src/content/blog/OEL-112/guardie-del-corpo.md,yes,monoblock_long_line,715,417,2756,2763
src/content/blog/OEL-112/io-non-voglio-estranei-in-casa.md,yes,monoblock_long_line,4581,485,4593,4613
src/content/blog/OEL-112/la-mia-africa.md,yes,monoblock_long_line,916,408,6726,6747
src/content/blog/OEL-112/lesperienza-del-lutto-fino-ai-nove-anni-come-fare-e-come-essere.md,yes,"html_generic,monoblock_long_line",1393,330,4666,4126
src/content/blog/OEL-112/lettere-a-jean-annik-donelli.md,yes,monoblock_long_line,1537,444,6297,6326
src/content/blog/OEL-112/lettere-a-jean-paul-gilbert.md,yes,monoblock_long_line,3700,338,3723,3746
src/content/blog/OEL-112/mamma-che-campo.md,yes,monoblock_long_line,5328,479,5356,5385
src/content/blog/OEL-112/nuovo-dizionario-della-disabilita-dellhandicap-e-della-riabilitazione-recensione.md,yes,"heading_attached,monoblock_long_line",508,363,2843,2845
src/content/blog/OEL-112/parole-per-persone-grandi.md,yes,monoblock_long_line,1024,428,6627,6653
src/content/blog/OEL-112/paure-della-vecchiaia.md,no,,363,363,1000,1000
src/content/blog/OEL-112/per-rompere-la-solitudine-1.md,yes,monoblock_long_line,1683,340,2193,2203
src/content/blog/OEL-112/per-una-vera-qualita-di-cura-delle-persone-anziane.md,yes,monoblock_long_line,1026,365,8146,8174
src/content/blog/OEL-112/perdersi-recensione.md,no,monoblock_long_line,518,518,1315,1315
src/content/blog/OEL-112/ricordi-di-mia-madre-recensione.md,yes,monoblock_long_line,1240,253,1259,1268
src/content/blog/OEL-112/sessualita-e-disabilita-il-giardino-dei-desideri.md,yes,monoblock_long_line,937,407,4551,4562
src/content/blog/OEL-112/special-olympics-a-sibari-dove-tutto-e-diverso-da-tutto.md,yes,monoblock_long_line,721,431,4844,4849
src/content/blog/OEL-112/tutta-la-vita-davanti-dedicato-a-chi-vive-la-terza-e-quarta-eta-recensione.md,yes,monoblock_long_line,721,406,3105,3119
src/content/blog/OEL-112/un-augurio-speciale.md,yes,monoblock_long_line,1855,241,2287,2297
src/content/blog/OEL-112/una-intuizione-spirituale-sconvolgente.md,yes,monoblock_long_line,1522,280,1699,1709
src/content/blog/OEL-113/arturo-paoli-ne-valeva-la-pena-recensione.md,yes,monoblock_long_line,1616,354,1633,1644
src/content/blog/OEL-113/dialogo-aperto-n-113.md,yes,monoblock_long_line,4246,445,8118,8165
src/content/blog/OEL-113/disabilita-ed-eta-adulta-qualita-della-vita-e-progettualita-pedagogica-recensione.md,no,,353,353,1408,1408
src/content/blog/OEL-113/emanuela-e-alessia.md,yes,monoblock_long_line,759,194,782,786
src/content/blog/OEL-113/gaia-puccio-emanuela-e-molti-altri.md,yes,monoblock_long_line,2077,465,2509,2518
src/content/blog/OEL-113/jean-vanier-risponde.md,yes,monoblock_long_line,2448,232,2451,2470
src/content/blog/OEL-113/la-mafia-spiegata-ai-ragazzi-recensione.md,yes,monoblock_long_line,1192,249,1209,1218
src/content/blog/OEL-113/ladri-di-carrozzelle.md,yes,monoblock_long_line,5605,429,5744,5783
src/content/blog/OEL-113/larte-di-dimenticare-recensione.md,yes,monoblock_long_line,2007,391,2024,2037
src/content/blog/OEL-113/pianeti-diversi.md,yes,monoblock_long_line,5214,264,5237,5290
src/content/blog/OEL-113/quando-ci-guardagno-gli-altri.md,yes,monoblock_long_line,2343,550,2527,2512
src/content/blog/OEL-113/salve-sono-puccio.md,yes,monoblock_long_line,1267,443,3001,3009
src/content/blog/OEL-113/uildm-unione-italiana-lotta-alla-distrofia-muscolare.md,yes,monoblock_long_line,1240,457,5312,5322
src/content/blog/OEL-113/vita-fede-e-luce-la-festa-per-i-nostri-40-anni-1971-2011.md,yes,monoblock_long_line,841,566,2241,2250
src/content/blog/OEL-113/vita-fede-e-luce-n-113.md,yes,monoblock_long_line,2828,341,2856,2869
src/content/blog/OEL-113/vivere-con-la-distrofia-intervista-a-me.md,yes,monoblock_long_line,1654,407,7697,7739
src/content/blog/OEL-113/vivere-con-la-distrofia-le-malattie-neuromuscolari.md,yes,monoblock_long_line,1937,447,6411,6442
src/content/blog/OEL-114/10-buoni-motivi-per-fare-volontariato.md,yes,monoblock_long_line,1063,906,1662,1665
src/content/blog/OEL-114/1971-2011-fede-e-luce-festeggia-40-anni.md,yes,monoblock_long_line,5811,552,5904,5953
src/content/blog/OEL-114/cose-da-fare-e-da-non-fare.md,yes,monoblock_long_line,1186,418,2485,2493
src/content/blog/OEL-114/doposcuola-al-campo-rom.md,yes,monoblock_long_line,770,481,3575,3579
src/content/blog/OEL-114/fede-e-luce-e-subito-scatto-la-molla.md,yes,monoblock_long_line,1052,735,7222,7241
src/content/blog/OEL-114/istantanea.md,yes,monoblock_long_line,2181,213,2206,2220
src/content/blog/OEL-114/lamicizia-asimmetrica.md,yes,monoblock_long_line,2856,196,7025,7087
src/content/blog/OEL-114/ndangwini-casa-dove-esiste-una-famiglia.md,yes,monoblock_long_line,6890,461,6921,6953
src/content/blog/OEL-114/oggi-sono-libero.md,yes,monoblock_long_line,2819,452,2857,2871
src/content/blog/OEL-114/perche-non-io.md,yes,monoblock_long_line,793,571,3230,3233
src/content/blog/OEL-114/storia-di-un-segreto-dio-mi-ha-parlato-tramite-i-miei-amici-speciali.md,yes,monoblock_long_line,6909,411,6946,6987
src/content/blog/OEL-114/tra-individualismo-e-impegno-i-giovani-hanno-bisogno-di-concretezza.md,yes,monoblock_long_line,1311,547,4750,4779
src/content/blog/OEL-114/un-sacco-di-felicita.md,yes,monoblock_long_line,579,358,4014,4031
src/content/blog/OEL-114/volontariato-una-leva-per-la-vita.md,yes,monoblock_long_line,4390,287,4418,4449
src/content/blog/OEL-115/bioetica-come-storia-recensione.md,yes,monoblock_long_line,1922,420,1939,1947
src/content/blog/OEL-115/dialogo-aperto-n-115.md,yes,monoblock_long_line,6137,358,7529,7574
src/content/blog/OEL-115/farsi-carico-degli-ultimi.md,yes,monoblock_long_line,955,339,6286,6312
src/content/blog/OEL-115/il-linguaggio-segreto-dei-fiori-recensione.md,yes,monoblock_long_line,1030,380,1049,1053
src/content/blog/OEL-115/in-corsia.md,yes,monoblock_long_line,1972,309,1993,2002
src/content/blog/OEL-115/la-nostra-presenza-accanto-a-lei.md,yes,monoblock_long_line,2577,378,2628,2641
src/content/blog/OEL-115/la-speranza-non-fa-rumore-recensione.md,yes,monoblock_long_line,843,298,860,863
src/content/blog/OEL-115/le-bambine-africane-sono-una-festa-di-treccine.md,yes,monoblock_long_line,791,323,4887,4910
src/content/blog/OEL-115/nessun-profitto-recensione.md,yes,monoblock_long_line,1093,356,1111,1115
src/content/blog/OEL-115/per-il-rispetto-della-persona-sempre.md,yes,monoblock_long_line,4172,733,10599,10670
src/content/blog/OEL-115/per-sempre-recensione.md,yes,monoblock_long_line,693,230,710,715
src/content/blog/OEL-115/posso-vivere-lssenziale-che-non-e-fare-per-ma-vivere-con-le-persone-piu-fragili.md,yes,monoblock_long_line,1251,576,6942,6968
src/content/blog/OEL-115/quasi-non-li-riconoscevo.md,yes,monoblock_long_line,2865,297,3297,3315
src/content/blog/OEL-115/tra-incontri-nel-riconoscimento-dellaltro-puoi-ritrovare-fiducia.md,yes,monoblock_long_line,971,630,7243,7248
src/content/blog/OEL-115/vita-fede-e-luce-linizio-di-un-cammino.md,yes,monoblock_long_line,4897,382,4922,4945
src/content/blog/OEL-116/auguri-scomodi-per-il-nuovo-anno.md,yes,monoblock_long_line,772,407,2999,3005
src/content/blog/OEL-116/avevano-spento-anche-la-luna-recensione.md,yes,monoblock_long_line,2023,513,2106,2087
src/content/blog/OEL-116/ci-chiedono-da-che-parte-stai.md,yes,monoblock_long_line,539,399,3098,3103
src/content/blog/OEL-116/con-lidea-di-non-andare.md,yes,monoblock_long_line,912,547,4545,4556
src/content/blog/OEL-116/dialogo-aperto-n116.md,yes,monoblock_long_line,2137,428,6838,6881
src/content/blog/OEL-116/due-grandi-occhi-neri.md,yes,monoblock_long_line,952,562,4987,5002
src/content/blog/OEL-116/giovani-eroi.md,yes,monoblock_long_line,639,573,3366,3375
src/content/blog/OEL-116/il-tempo-delle-donne-recensione.md,yes,monoblock_long_line,1465,337,1468,1474
src/content/blog/OEL-116/julia-jean-e-la-tirannia-della-normalita.md,yes,monoblock_long_line,915,427,5998,6018
src/content/blog/OEL-116/la-grande-casa-di-peter-pan.md,yes,monoblock_long_line,6029,473,6058,6096
src/content/blog/OEL-116/lettere-a-jean-don-marco-bove-1.md,yes,monoblock_long_line,2487,381,2490,2500
src/content/blog/OEL-116/lettere-a-jean-don-marco-bove.md,yes,monoblock_long_line,2441,379,2444,2456
src/content/blog/OEL-116/lettere-a-jean-natalia-livi.md,yes,monoblock_long_line,976,158,979,986
src/content/blog/OEL-116/messaggeri-di-gioia.md,yes,monoblock_long_line,2124,538,8835,8890
src/content/blog/OEL-116/nel-profondo-della-malattia-una-comunione-e-possibile.md,yes,monoblock_long_line,830,447,4770,4793
src/content/blog/OEL-116/storia-di-un-uomo-ritratto-di-carlo-maria-martini-recensione.md,yes,monoblock_long_line,2334,251,2337,2350
src/content/blog/OEL-116/tempo-di-regali.md,yes,,481,424,2295,2297
src/content/blog/OEL-116/tre-domande-ed-un-pellegrinaggio.md,no,,400,400,2288,2288
src/content/blog/OEL-116/vizi-e-virtu-del-vivere-recensione.md,no,,299,299,722,722
src/content/blog/OEL-117/30-anni-del-chicco-dandoci-la-risposta-che-il-nostro-cuore-chiedeva.md,yes,monoblock_long_line,1109,511,6783,6798
src/content/blog/OEL-117/bella-di-nonna.md,yes,monoblock_long_line,880,444,5418,5434
src/content/blog/OEL-117/cosa-ti-manca-per-essere-felice-recensione.md,yes,monoblock_long_line,910,206,927,932
src/content/blog/OEL-117/dialogo-aperto-n117.md,yes,monoblock_long_line,2740,511,9765,9816
src/content/blog/OEL-117/dicono-di-loro.md,yes,monoblock_long_line,1683,389,6133,6178
src/content/blog/OEL-117/due-nonne-blues-sisters-in-missione-per-conto-di-benedetta.md,yes,monoblock_long_line,1494,384,7406,7431
src/content/blog/OEL-117/emeric-una-tenerezza-che-non-sospettavo-di-avere.md,yes,monoblock_long_line,972,387,3709,3737
src/content/blog/OEL-117/fede-e-luce-in-armenia-e-in-iran.md,yes,monoblock_long_line,820,447,3799,3816
src/content/blog/OEL-117/fede-e-luce-in-iraq.md,yes,monoblock_long_line,538,392,2614,2624
src/content/blog/OEL-117/i-nonni-una-tenerezza-in-piu.md,yes,monoblock_long_line,822,317,3665,3677
src/content/blog/OEL-117/liguana-non-vuole-recensione.md,yes,monoblock_long_line,1344,410,1361,1365
src/content/blog/OEL-117/quando-vostro-nipote-vi-viene-affidato.md,yes,monoblock_long_line,1982,317,2144,2150
src/content/blog/OEL-117/riscoprire-la-grazia-della-confessione.md,yes,monoblock_long_line,860,417,4090,4114
src/content/blog/OEL-117/un-ragazzo-ribelle.md,yes,monoblock_long_line,787,361,2683,2694
src/content/blog/OEL-117/voci-dal-silenzio-recensione.md,yes,monoblock_long_line,1552,381,1570,1578
src/content/blog/OEL-117/ziguli-recensione.md,no,,382,382,2089,2089
src/content/blog/OEL-118/affrontare-lenorme-paura-intervista-a-pietro.md,yes,monoblock_long_line,1245,497,8305,8337
src/content/blog/OEL-118/carissime-mamme.md,yes,monoblock_long_line,1989,348,2421,2436
src/content/blog/OEL-118/cosa-sono-le-malattie-rare.md,yes,monoblock_long_line,3903,853,3927,3944
src/content/blog/OEL-118/dialogo-aperto-n-118.md,yes,monoblock_long_line,2173,468,6032,6061
src/content/blog/OEL-118/famiglie-in-esilio-ferite-ritrovate-riconciliate-recensione.md,yes,monoblock_long_line,1875,415,1893,1900
src/content/blog/OEL-118/il-canto-di-bernadette-recensione.md,yes,monoblock_long_line,1299,329,1317,1325
src/content/blog/OEL-118/il-loro-sguardo-buca-le-nostre-ombre-recensione.md,yes,monoblock_long_line,2303,444,2329,2344
src/content/blog/OEL-118/il-vecchio-re-nel-suo-esilio-recensione.md,yes,monoblock_long_line,1533,435,1550,1558
src/content/blog/OEL-118/larca-di-trosly.md,yes,monoblock_long_line,4420,382,4448,4479
src/content/blog/OEL-118/odoardo-focherini-un-giusto-fra-le-nazioni-recensione.md,yes,monoblock_long_line,1121,204,1138,1144
src/content/blog/OEL-118/pensioni-rubate.md,yes,monoblock_long_line,539,438,3123,3134
src/content/blog/OEL-118/quasi-amici-recensione.md,yes,monoblock_long_line,2194,230,2219,2233
src/content/blog/OEL-118/rarina-storia-di-un-fiore-raro.md,yes,monoblock_long_line,940,476,7439,7458
src/content/blog/OEL-118/sara-e-le-sbiruline-di-emily-recensione.md,yes,monoblock_long_line,750,248,786,791
src/content/blog/OEL-118/segni-recensione.md,yes,monoblock_long_line,1717,612,1751,1759
src/content/blog/OEL-118/sindrome-di-costello-la-storia-di-sandrino.md,yes,monoblock_long_line,7012,259,7038,7111
src/content/blog/OEL-119/bellezza-e-handicap.md,yes,monoblock_long_line,618,439,4761,4763
src/content/blog/OEL-119/come-essere-vicini-allaltro.md,yes,monoblock_long_line,1085,433,4324,4351
src/content/blog/OEL-119/cosa-rende-qualcuno-straordinario-intervista-a-nick-vujicic.md,yes,monoblock_long_line,7318,328,7322,7377
src/content/blog/OEL-119/dialogo-aperto-n-119.md,yes,monoblock_long_line,4422,509,10256,10318
src/content/blog/OEL-119/fai-bei-sogni-recensione.md,yes,monoblock_long_line,1066,257,1202,1182
src/content/blog/OEL-119/falsi-moralismi-sul-bello-di-essere-down.md,yes,monoblock_long_line,2093,200,2156,2175
src/content/blog/OEL-119/fede-e-luce-dalle-provincie.md,yes,monoblock_long_line,613,380,3165,3168
src/content/blog/OEL-119/fede-e-luce-una-fedelta-che-ridona-lentusiasmo.md,yes,monoblock_long_line,557,431,4505,4515
src/content/blog/OEL-119/jean-vanier-dalla-palestina.md,yes,monoblock_long_line,6571,420,6595,6644
src/content/blog/OEL-119/la-memoria-del-bello.md,yes,monoblock_long_line,1967,521,8349,8365
src/content/blog/OEL-119/mamma-sono-contento-di-essere-nato.md,yes,monoblock_long_line,2298,619,2318,2326
src/content/blog/OEL-119/mani-calde-recensione.md,yes,monoblock_long_line,1051,164,1186,1166
src/content/blog/OEL-119/se-ti-abbraccio-non-aver-paura-recensione.md,yes,monoblock_long_line,1355,359,1373,1378
src/content/blog/OEL-12/112-suggerimenti-per-un-corretto-rapporto-con-gli-handicappati.md,yes,monoblock_long_line,1270,282,2134,2117
src/content/blog/OEL-12/bocca-ride-ma-occhi-non-buoni.md,yes,monoblock_long_line,2482,224,5699,5718
src/content/blog/OEL-12/casa-famiglia-sogno-o-realta.md,yes,,373,373,3766,3763
src/content/blog/OEL-12/dialogo-aperto-n-12.md,yes,monoblock_long_line,1501,433,5292,5283
src/content/blog/OEL-12/il-bambino-difficile.md,yes,monoblock_long_line,3802,504,6836,6839
src/content/blog/OEL-12/il-peso-degli-sguardi.md,yes,monoblock_long_line,3549,481,13178,13255
src/content/blog/OEL-12/incontro-gesu.md,yes,monoblock_long_line,629,296,1538,1546
src/content/blog/OEL-12/le-condizioni-per-una-scuola-cosi.md,yes,monoblock_long_line,557,379,3939,3933
src/content/blog/OEL-12/ma-dopo-lincontro-non-li-vedo-piu.md,yes,,268,268,700,699
src/content/blog/OEL-12/natale-a-lubiana.md,yes,monoblock_long_line,1631,289,2753,2740
src/content/blog/OEL-12/ombre-e-luci-n-10-1983-sfogliabile.md,yes,html_generic,187,0,187,1
src/content/blog/OEL-12/ombre-e-luci-n-11-1985-sfogliabile.md,yes,html_generic,187,0,187,1
src/content/blog/OEL-12/ombre-e-luci-n-12-1986-sfogliabile.md,yes,html_generic,187,0,187,1
src/content/blog/OEL-12/ombre-e-luci-n-9-1985-sfogliabile.md,yes,html_generic,210,0,210,1
src/content/blog/OEL-12/quella-fredda-domenica-dinverno.md,yes,monoblock_long_line,2361,260,3280,3271
src/content/blog/OEL-12/qui-integrazione-non-e-una-parola.md,yes,monoblock_long_line,882,494,10285,10299
src/content/blog/OEL-12/vita-fede-e-luce-n-12.md,yes,monoblock_long_line,955,436,8457,8487
src/content/blog/OEL-120/aggiungi-un-posto-a-casa-adozione-di-bambini-con-disabilita.md,no,,321,321,1064,1064
src/content/blog/OEL-120/anoressia-fame-damore-e.md,yes,monoblock_long_line,660,424,5960,5988
src/content/blog/OEL-120/carissimo-cardinale.md,yes,,498,399,2124,2126
src/content/blog/OEL-120/dalle-province.md,yes,monoblock_long_line,1403,272,4047,4072
src/content/blog/OEL-120/dialogo-aperto-n120.md,yes,monoblock_long_line,1330,646,5215,5237
src/content/blog/OEL-120/i-tuoi-figli.md,yes,monoblock_long_line,669,421,2641,2647
src/content/blog/OEL-120/il-vangelo-dei-vinti-recensione.md,yes,monoblock_long_line,1097,380,1121,1126
src/content/blog/OEL-120/io-sono-qui-recensione.md,yes,monoblock_long_line,1033,240,1059,1063
src/content/blog/OEL-120/la-figlia-dellaltra-recensione.md,yes,monoblock_long_line,1066,292,1092,1096
src/content/blog/OEL-120/la-nostra-scelta-di-cristina.md,yes,monoblock_long_line,691,495,3440,3449
src/content/blog/OEL-120/la-parola-alle-mamme.md,yes,monoblock_long_line,2331,625,11726,11787
src/content/blog/OEL-120/laltra-famiglia-storie-e-percorsi-di-affido-al-villaggio-sos-recensione.md,yes,monoblock_long_line,1079,521,1110,1113
src/content/blog/OEL-120/lettere-a-jean-matteo-mazzarotto.md,yes,monoblock_long_line,4495,603,4495,4518
src/content/blog/OEL-120/mai-piu-soli.md,yes,monoblock_long_line,1120,479,5383,5394
src/content/blog/OEL-120/posso-devo-voglio.md,yes,monoblock_long_line,1283,448,12100,12163
src/content/blog/OEL-120/se-ti-abbraccio-non-aver-paura.md,yes,monoblock_long_line,1039,358,2354,2357
src/content/blog/OEL-120/si-chiama-sara.md,yes,,494,415,2255,2258
src/content/blog/OEL-120/speleologi-del-mistero-del-piccolo.md,yes,monoblock_long_line,910,403,4067,4077
src/content/blog/OEL-120/superata-lultima-sala-daspetto.md,yes,monoblock_long_line,3004,235,3073,3109
src/content/blog/OEL-120/un-vescovo-per-amico.md,yes,monoblock_long_line,807,456,5566,5577
src/content/blog/OEL-120/volevo-essere-una-farfalla-recensione.md,yes,monoblock_long_line,952,211,977,984
src/content/blog/OEL-121/bartimeo-uomo-solo-in-mezzo-alla-folla.md,yes,monoblock_long_line,2361,471,8779,8807
src/content/blog/OEL-121/cosi-e-sceso-dal-trono.md,no,,303,303,2142,2142
src/content/blog/OEL-121/dialogo-aperto-n-121.md,yes,monoblock_long_line,2569,280,5909,5945
src/content/blog/OEL-121/fede-e-luce-dalle-province-n-121.md,yes,monoblock_long_line,1476,286,4367,4389
src/content/blog/OEL-121/intervista-a-jean-vanier-1.md,yes,monoblock_long_line,889,331,5130,5159
src/content/blog/OEL-121/jean-christophe-parisot-un-cercatore-di-dio.md,yes,monoblock_long_line,1007,427,4907,4934
src/content/blog/OEL-121/mai-piu-soli-lavventura-di-fede-e-luce-recensione.md,yes,monoblock_long_line,1133,382,2115,2120
src/content/blog/OEL-121/per-una-vita-di-comunione.md,yes,monoblock_long_line,2323,515,10885,10869
src/content/blog/OEL-121/prendetene-e-mangiatene-tutti.md,yes,monoblock_long_line,902,572,5393,5406
src/content/blog/OEL-121/primavera-di-fede.md,yes,monoblock_long_line,867,504,7619,7638
src/content/blog/OEL-121/qualcuno-aspetta.md,yes,monoblock_long_line,954,448,4345,4353
src/content/blog/OEL-121/un-po-di-follia-per-fare-meraviglie.md,yes,monoblock_long_line,1035,413,7888,7918
src/content/blog/OEL-121/una-comunita-e-essere-insieme.md,yes,monoblock_long_line,918,436,5154,5175
src/content/blog/OEL-121/viola-e-mimosa-da-citta-del-messico.md,yes,monoblock_long_line,728,438,3498,3515
src/content/blog/OEL-122/che-grinta.md,yes,monoblock_long_line,1538,447,9178,9218
src/content/blog/OEL-122/chiamami-alex-recensione.md,no,,339,339,1202,1202
src/content/blog/OEL-122/chiudi-gli-occhi-e-guardami-vivere-la-disabilita-in-famiglia-recensione.md,no,,365,365,1311,1311
src/content/blog/OEL-122/come-pinguini-nel-deserto-recensione.md,no,,407,407,1105,1105
src/content/blog/OEL-122/dalle-province-n122.md,yes,monoblock_long_line,1383,586,4179,4197
src/content/blog/OEL-122/dialogo-aperto-n-122.md,yes,monoblock_long_line,3324,548,14059,14119
src/content/blog/OEL-122/fratelli-e-sorelle-di-persone-con-disabilit.md,yes,monoblock_long_line,1147,345,4475,4479
src/content/blog/OEL-122/il-tuo-bambino-ha-qualcosa-che-non-va.md,yes,monoblock_long_line,1282,356,3130,3161
src/content/blog/OEL-122/io-sono-nato-cosi-come-imparare-a-guardare-oltre-la-differenza-recensione.md,yes,monoblock_long_line,549,436,1534,1539
src/content/blog/OEL-122/istituto-mio-dio.md,yes,monoblock_long_line,1706,210,1730,1746
src/content/blog/OEL-122/la-cura-invisibile-per-il-riconoscimento-dei-caregiver.md,yes,monoblock_long_line,2147,459,5682,5701
src/content/blog/OEL-122/legoismo-e-finito-recensione.md,no,,365,365,1311,1311
src/content/blog/OEL-122/nella-diagnosi-siamo-prudenti.md,yes,monoblock_long_line,591,410,3928,3940
src/content/blog/OEL-122/ora-basta.md,yes,monoblock_long_line,527,441,4449,4450
src/content/blog/OEL-122/tra-paura-e-desiderio-di-sapere.md,yes,monoblock_long_line,581,360,2464,2471
src/content/blog/OEL-122/tu-sei-amato-da-dio-cosi-come-sei.md,yes,monoblock_long_line,870,382,8079,8118
src/content/blog/OEL-122/una-notte-ho-sognato-che-parlavi-recensione.md,no,,415,415,1041,1041
src/content/blog/OEL-122/viola-e-mimosa-a-manila.md,yes,monoblock_long_line,808,349,2727,2741
src/content/blog/OEL-123/7-idee-sulla-sindrome-di-down.md,yes,monoblock_long_line,1178,448,5839,5871
src/content/blog/OEL-123/che-fanfara.md,yes,monoblock_long_line,2576,341,2646,2664
src/content/blog/OEL-123/cosa-fare-delle-nostre-ferite-recensione.md,yes,monoblock_long_line,1270,218,1287,1295
src/content/blog/OEL-123/creatures-disconforts.md,yes,monoblock_long_line,1783,384,2407,2419
src/content/blog/OEL-123/dialogo-aperto-n123.md,yes,monoblock_long_line,1833,441,5964,5989
src/content/blog/OEL-123/dossier-scuola-e-disabilita.md,yes,monoblock_long_line,503,477,2044,2046
src/content/blog/OEL-123/fede-e-luce-tutti-a-leeds.md,yes,monoblock_long_line,869,805,7379,7394
src/content/blog/OEL-123/ieri-oggi-domani.md,yes,monoblock_long_line,1096,400,3854,3859
src/content/blog/OEL-123/il-dilemma-della-valutazione.md,yes,monoblock_long_line,846,546,6939,6953
src/content/blog/OEL-123/la-mia-disavventura.md,yes,monoblock_long_line,1380,433,6240,6252
src/content/blog/OEL-123/la-mia-vita-a-santa-palomba-1.md,yes,monoblock_long_line,1405,427,5755,5811
src/content/blog/OEL-123/mia-madre.md,yes,monoblock_long_line,1733,445,4392,4408
src/content/blog/OEL-123/persone-prima-che-disabili-una-riflessione-sullhandicap-tra-giustizia-ed-etica-recensione.md,yes,monoblock_long_line,1043,292,1073,1078
src/content/blog/OEL-123/si-ricomincia.md,no,,413,413,3248,3248
src/content/blog/OEL-123/un-coro-aperto-a-tutti.md,yes,monoblock_long_line,3488,243,4887,4943
src/content/blog/OEL-123/un-dio-inutile-recensione.md,yes,monoblock_long_line,887,216,906,911
src/content/blog/OEL-124/alto-come-un-vaso-di-gerani-recensione.md,yes,monoblock_long_line,692,209,716,720
src/content/blog/OEL-124/anffas-ogni-persona-con-disabilita-e-nostro-figlio.md,yes,monoblock_long_line,970,603,5788,5792
src/content/blog/OEL-124/articolo-senza-titolo.md,yes,,470,315,1735,1741
src/content/blog/OEL-124/c-poctbom.md,yes,monoblock_long_line,735,566,2242,2247
src/content/blog/OEL-124/dialogo-aperto-n124.md,yes,monoblock_long_line,1674,279,3280,3298
src/content/blog/OEL-124/eccomi-lesempio-di-maria.md,yes,monoblock_long_line,1091,563,8122,8148
src/content/blog/OEL-124/feliz-natal.md,no,,434,434,2247,2247
src/content/blog/OEL-124/io-sono-nato-cos-come-imparare-a-guardare-oltre-la-differenza-recensione.md,yes,monoblock_long_line,548,436,1547,1552
src/content/blog/OEL-124/joyeux-nel.md,yes,,481,320,1111,1114
src/content/blog/OEL-124/joyeux-nol.md,yes,,362,362,2331,2332
src/content/blog/OEL-124/lamicizia-incarnata.md,yes,monoblock_long_line,608,411,2617,2630
src/content/blog/OEL-124/le-mimose-di-yolanda.md,yes,monoblock_long_line,2879,365,2907,2921
src/content/blog/OEL-124/merry-christmas.md,yes,,476,434,2690,2692
src/content/blog/OEL-124/parole-in-liberta-diario-semiserio-della-madre-di-un-disabile-recensione.md,no,,448,448,915,915
src/content/blog/OEL-124/respiro-dopo-respiro-lo-yoga-per-bambini-e-adolescenti-con-bisogni-speciali.md,yes,monoblock_long_line,854,422,4987,4995
src/content/blog/OEL-124/sempre-di-nuovo-ci-commuove.md,yes,monoblock_long_line,520,298,3156,3164
src/content/blog/OEL-124/speciale-natale-nel-mondo.md,yes,monoblock_long_line,663,663,2228,2239
src/content/blog/OEL-124/sretan-boi.md,yes,monoblock_long_line,556,449,2334,2338
src/content/blog/OEL-124/tutti-prescelti-lo-yoga-per-le-persone-disabili.md,yes,monoblock_long_line,1276,524,8903,8924
src/content/blog/OEL-124/un-castello-di-sabbia-storia-della-mia-vita-e-della-mia-schizofrenia-recensione.md,yes,monoblock_long_line,1566,568,1596,1601
src/content/blog/OEL-124/una-storia-sacra.md,yes,monoblock_long_line,2407,450,10555,10638
src/content/blog/OEL-124/wonder-recensione.md,yes,monoblock_long_line,1575,281,1608,1617
src/content/blog/OEL-125/agli-antipodi-dellindividualismo.md,yes,monoblock_long_line,2454,303,5238,5280
src/content/blog/OEL-125/al-lavoro.md,yes,monoblock_long_line,883,488,3955,3958
src/content/blog/OEL-125/artiste-nellorto.md,yes,monoblock_long_line,2831,567,5944,5971
src/content/blog/OEL-125/chi-resta-deve-capire-recensione.md,yes,monoblock_long_line,1625,263,1658,1670
src/content/blog/OEL-125/chopin-diversamente-impresa.md,yes,monoblock_long_line,1110,547,6547,6563
src/content/blog/OEL-125/dalle-province-n125.md,yes,monoblock_long_line,1264,410,3820,3841
src/content/blog/OEL-125/dialogo-aperto-n125.md,yes,monoblock_long_line,2471,470,7993,8033
src/content/blog/OEL-125/fede-e-luce-in-terra-santa.md,yes,monoblock_long_line,4357,539,6769,6792
src/content/blog/OEL-125/germogli-diversi-arte-floreale-e-disabilita-la-bellezza-di-un-percorso-possibile.md,yes,monoblock_long_line,1143,682,8116,8131
src/content/blog/OEL-125/hotel-6-stelle.md,yes,monoblock_long_line,1385,346,1425,1434
src/content/blog/OEL-125/la-caduta-i-ricordi-di-un-padre-in-424-passi-recensione.md,yes,monoblock_long_line,723,427,1400,1405
src/content/blog/OEL-125/lemozione-non-ha-voce.md,yes,monoblock_long_line,1326,1326,4426,4432
src/content/blog/OEL-125/mamma-ti-posso-parlare-recensione.md,yes,monoblock_long_line,1326,1326,2345,2350
src/content/blog/OEL-125/rico-oscar-e-il-ladro-ombra-recensione.md,yes,monoblock_long_line,676,278,706,708
src/content/blog/OEL-125/un-gioco-da-fare-quando-fuori-piove.md,yes,monoblock_long_line,620,256,2246,2248
src/content/blog/OEL-125/viola-e-valeria.md,yes,monoblock_long_line,2528,230,2557,2575
src/content/blog/OEL-126/argento-vivo.md,yes,monoblock_long_line,3968,290,3995,4047
src/content/blog/OEL-126/attivita-riabilitative-fiori-colori-e-profumi.md,yes,monoblock_long_line,838,427,3204,3197
src/content/blog/OEL-126/borderline-recensione.md,yes,monoblock_long_line,1304,203,1329,1338
src/content/blog/OEL-126/cristiani-del-sagrato.md,yes,monoblock_long_line,1784,153,1847,1873
src/content/blog/OEL-126/dialogo-aperto-n126.md,yes,monoblock_long_line,3139,809,7033,7061
src/content/blog/OEL-126/fede-e-luce-si-ci-siamo-anche-noi.md,yes,monoblock_long_line,771,771,9180,9191
src/content/blog/OEL-126/grazie-mariangela.md,yes,monoblock_long_line,2296,309,2324,2338
src/content/blog/OEL-126/il-motivo-per-cui-salto-recensione.md,yes,monoblock_long_line,1352,371,1376,1384
src/content/blog/OEL-126/il-respiro-leggero-dellalba-recensione.md,yes,monoblock_long_line,1589,403,1612,1617
src/content/blog/OEL-126/la-mia-lampada-frontale.md,yes,monoblock_long_line,1365,290,2309,2332
src/content/blog/OEL-126/lettera-di-jean-n126.md,yes,monoblock_long_line,4499,305,4502,4541
src/content/blog/OEL-126/portatrice-di-un-messaggio.md,yes,monoblock_long_line,5403,323,5507,5546
src/content/blog/OEL-126/sono-graditi-visi-sorridenti-recensione.md,yes,monoblock_long_line,1570,294,1573,1582
src/content/blog/OEL-126/sulla-sua-strada.md,yes,monoblock_long_line,4939,428,4975,5006
src/content/blog/OEL-126/un-capo-atipico-per-larca.md,yes,monoblock_long_line,2588,367,4218,4240
src/content/blog/OEL-126/viola-e-il-messico.md,yes,monoblock_long_line,2596,240,2625,2642
src/content/blog/OEL-126/volevo-che-qualcuno-rispondesse-alle-mie-domande.md,yes,monoblock_long_line,2454,375,2555,2573
src/content/blog/OEL-127/custodi-della-speranza.md,yes,monoblock_long_line,3057,362,3087,3103
src/content/blog/OEL-127/di-padre-in-figlio-conversazioni-sul-rischio-di-educare-recensione.md,yes,monoblock_long_line,968,267,998,1002
src/content/blog/OEL-127/dialogo-aperto-n127.md,yes,monoblock_long_line,1547,362,2537,2547
src/content/blog/OEL-127/essere-padre-di-un-figlio-disabile.md,yes,monoblock_long_line,3521,419,3550,3563
src/content/blog/OEL-127/il-lato-b-di-essere-papa-di-un-figlio-disabile.md,yes,monoblock_long_line,917,603,6499,6506
src/content/blog/OEL-127/la-carrozzina-sulle-macerie.md,yes,monoblock_long_line,2210,445,2238,2257
src/content/blog/OEL-127/la-nostra-vita-insieme-recensione.md,yes,monoblock_long_line,741,341,762,765
src/content/blog/OEL-127/la-sedia-a-rotelle-e-i-chicchi-duva.md,yes,monoblock_long_line,502,437,2316,2322
src/content/blog/OEL-127/mio-figlio-luciano.md,yes,monoblock_long_line,1815,239,1834,1845
src/content/blog/OEL-127/non-si-puo-ridere-che-dellhandicap.md,yes,monoblock_long_line,524,363,1953,1959
src/content/blog/OEL-127/ridere-a-partire-dal-corpo.md,yes,monoblock_long_line,3267,287,3315,3338
src/content/blog/OEL-127/ridere-e-una-cosa-seria.md,yes,monoblock_long_line,573,335,2920,2929
src/content/blog/OEL-127/umorismo-e-handicap-un-terreno-minato.md,yes,monoblock_long_line,1126,321,4173,4199
src/content/blog/OEL-127/un-dado-vegetale-da-sogno-e-fatto-in-casa.md,yes,monoblock_long_line,544,385,4029,4030
src/content/blog/OEL-127/un-gettone-di-liberta-recensione.md,yes,monoblock_long_line,660,258,683,685
src/content/blog/OEL-127/un-panorama-da-riscoprire.md,yes,monoblock_long_line,3461,892,9983,10076
src/content/blog/OEL-127/unestate-di-campi-fede-e-luce.md,yes,monoblock_long_line,1147,258,4169,4193
src/content/blog/OEL-128/allora-hai-deciso.md,yes,monoblock_long_line,1642,242,1673,1690
src/content/blog/OEL-128/chi-ha-seminato-nelle-lacrime-miete-nella-gioia.md,yes,monoblock_long_line,522,397,1744,1745
src/content/blog/OEL-128/ci-provero.md,yes,monoblock_long_line,706,409,3220,3227
src/content/blog/OEL-128/come-e-nato-ombre-e-luci.md,no,,426,426,1354,1354
src/content/blog/OEL-128/con-orgoglio-e-tenerezza.md,yes,monoblock_long_line,721,485,6173,6187
src/content/blog/OEL-128/da-un-altro-punto-di-vista.md,yes,monoblock_long_line,2324,199,2352,2374
src/content/blog/OEL-128/effetto-alfedena.md,yes,monoblock_long_line,5182,469,5214,5241
src/content/blog/OEL-128/il-calore-dellamicizia.md,yes,monoblock_long_line,1411,212,1436,1447
src/content/blog/OEL-128/il-carro-una-casa-famiglia-per-tutti.md,yes,monoblock_long_line,907,515,3496,3502
src/content/blog/OEL-128/il-mio-primo-caffe-con-mariangela.md,yes,,462,394,1156,1158
src/content/blog/OEL-128/il-mosaico-tanti-sassolini-colorati.md,yes,monoblock_long_line,2439,386,2473,2486
src/content/blog/OEL-128/il-regalo-piu-bello.md,yes,monoblock_long_line,522,314,2520,2526
src/content/blog/OEL-128/il-sorriso-dei-tuoi-occhi.md,yes,monoblock_long_line,2966,408,2999,3015
src/content/blog/OEL-128/insegnante-di-lettere-canale-della-vita.md,yes,monoblock_long_line,5593,542,11262,11304
src/content/blog/OEL-128/lamicizia-un-dono-unico-ed-eterno.md,yes,monoblock_long_line,4581,575,4608,4630
src/content/blog/OEL-128/lourdes-miracolo-di-un-incontro.md,yes,monoblock_long_line,1066,698,4946,4971
src/content/blog/OEL-128/mamme-coraggiose.md,yes,monoblock_long_line,1631,232,1657,1673
src/content/blog/OEL-128/mariangela-linizio-a-santa-silvia.md,yes,monoblock_long_line,924,348,5456,5479
src/content/blog/OEL-128/molto-lavoro-da-fare.md,yes,monoblock_long_line,3721,335,3747,3770
src/content/blog/OEL-128/momenti-misteriosi.md,yes,monoblock_long_line,512,446,10576,10598
src/content/blog/OEL-128/partecipe-dei-miracoli.md,yes,monoblock_long_line,4337,368,6132,6181
src/content/blog/OEL-128/perche-ho-avuto-fiducia.md,yes,"heading_attached,monoblock_long_line",789,447,15161,15248
src/content/blog/OEL-128/posso-salutare-la-mamma.md,yes,monoblock_long_line,1354,384,1375,1381
src/content/blog/OEL-128/pregando-su-una-sedia-imponente-e-semplice.md,yes,monoblock_long_line,658,440,3002,3016
src/content/blog/OEL-128/purche.md,yes,monoblock_long_line,709,418,3334,3345
src/content/blog/OEL-128/quanta-forza.md,yes,monoblock_long_line,1174,204,1217,1227
src/content/blog/OEL-128/quel-gesto.md,yes,monoblock_long_line,2697,224,2734,2765
src/content/blog/OEL-128/relazioni-sincere.md,yes,monoblock_long_line,874,874,10252,10289
src/content/blog/OEL-128/sicurezza-nel-cammino.md,yes,monoblock_long_line,1091,382,1117,1125
src/content/blog/OEL-128/small-talk-ma-extralarge.md,yes,monoblock_long_line,3675,333,3711,3733
src/content/blog/OEL-128/sollecitare-la-speranza.md,yes,monoblock_long_line,4077,336,4102,4127
src/content/blog/OEL-128/un-cuore-alla-volta.md,yes,monoblock_long_line,734,539,3473,3477
src/content/blog/OEL-128/un-patrimonio-profuso-a-piene-mani.md,yes,monoblock_long_line,1937,198,1965,1982
src/content/blog/OEL-128/una-ragazza-speciale.md,yes,monoblock_long_line,822,328,4980,5013
src/content/blog/OEL-128/vuoi-bene-a-gesu.md,yes,monoblock_long_line,889,663,5173,5179
src/content/blog/OEL-129/alza-lo-sguardo.md,yes,monoblock_long_line,546,414,3089,3093
src/content/blog/OEL-129/aprirsi-ad-altre-famiglie.md,yes,monoblock_long_line,4437,366,4495,4523
src/content/blog/OEL-129/barriere-invisibili-al-cuore.md,yes,monoblock_long_line,2750,335,2811,2829
src/content/blog/OEL-129/come-e-stato-possibile-tutto-questo.md,yes,monoblock_long_line,901,438,4645,4664
src/content/blog/OEL-129/come-sei-cresciuto.md,yes,monoblock_long_line,1461,465,5949,5970
src/content/blog/OEL-129/con-loro-ci-sto-bene-1.md,yes,monoblock_long_line,1223,233,1261,1272
src/content/blog/OEL-129/cosa-e-fede-e-luce.md,yes,monoblock_long_line,1007,476,12484,12487
src/content/blog/OEL-129/custodire-ogni-persona.md,yes,monoblock_long_line,2177,640,7726,7739
src/content/blog/OEL-129/doni-preziosi.md,yes,monoblock_long_line,642,417,2305,2309
src/content/blog/OEL-129/e-ci-si-sente-un-po-soli.md,yes,monoblock_long_line,6153,564,6189,6225
src/content/blog/OEL-129/fede-e-luce-diventare-piccolo-segno.md,yes,monoblock_long_line,7674,532,7745,7790
src/content/blog/OEL-129/fede-e-luce-essere-movimento.md,yes,monoblock_long_line,2870,611,2933,2944
src/content/blog/OEL-129/fragile.md,yes,monoblock_long_line,1442,295,1496,1517
src/content/blog/OEL-129/il-dono-dellunita.md,yes,monoblock_long_line,760,359,4675,4692
src/content/blog/OEL-129/la-poverta-delle-beatitudini.md,yes,monoblock_long_line,758,587,3859,3871
src/content/blog/OEL-129/la-scossa-della-vunerabilita.md,yes,monoblock_long_line,859,327,4680,4698
src/content/blog/OEL-129/mai-pi-soli-tre-testimonianze-1.md,yes,monoblock_long_line,689,443,5630,5643
src/content/blog/OEL-129/mi-sar-fatto-unidea-1.md,yes,monoblock_long_line,2750,335,2811,2829
src/content/blog/OEL-129/occasioni-per-stare-al-passo.md,yes,monoblock_long_line,700,341,1812,1818
src/content/blog/OEL-129/per-me-e-felicita.md,no,,361,361,2403,2403
src/content/blog/OEL-129/proprio-io.md,yes,monoblock_long_line,4575,341,4665,4714
src/content/blog/OEL-129/tra-lacquario-e-loceano.md,yes,monoblock_long_line,3164,381,3201,3219
src/content/blog/OEL-129/tutti-insieme.md,yes,monoblock_long_line,3631,411,3682,3705
src/content/blog/OEL-129/un-affidamento-speciale.md,yes,monoblock_long_line,714,417,4212,4233
src/content/blog/OEL-129/un-tesoro-inestimabile.md,yes,monoblock_long_line,3317,506,6962,6996
src/content/blog/OEL-129/una-profezia.md,yes,monoblock_long_line,3917,480,4000,4020
src/content/blog/OEL-129/voci-di-campo.md,yes,monoblock_long_line,4455,295,4509,4560
src/content/blog/OEL-13/dalla-disperazione-alla-speranza.md,yes,monoblock_long_line,2897,431,6637,6641
src/content/blog/OEL-13/dialogo-aperto-n13.md,yes,monoblock_long_line,1137,254,4257,4235
src/content/blog/OEL-13/disabilita-e-intervento-apprendimento-controllo-degli-sfinteri.md,yes,monoblock_long_line,846,238,1662,1638
src/content/blog/OEL-13/emiliana-e-lhandicap.md,yes,monoblock_long_line,2885,547,4207,4192
src/content/blog/OEL-13/il-bambino-non-vedente-pluri-minorato.md,yes,monoblock_long_line,1430,487,3219,3197
src/content/blog/OEL-13/il-mio-bambino.md,yes,monoblock_long_line,655,367,2083,2057
src/content/blog/OEL-13/il-verdetto-dei-medici.md,yes,monoblock_long_line,1672,319,6228,6246
src/content/blog/OEL-13/le-persone-pluri-handicappate.md,yes,monoblock_long_line,750,419,3626,3598
src/content/blog/OEL-13/non-vede-non-sente-non-cammina-non-comunica.md,yes,monoblock_long_line,823,604,3148,3151
src/content/blog/OEL-13/ora-sappiamo-che-tutto-ha-un-senso.md,yes,monoblock_long_line,2816,435,9433,9474
src/content/blog/OEL-13/un-salsicciotto-tanta-acqua-e-un-po-di-coraggio.md,yes,monoblock_long_line,2318,358,5274,5272
src/content/blog/OEL-13/vede-sente-e-parla-attraverso-le-mani.md,yes,monoblock_long_line,4293,502,11901,11932
src/content/blog/OEL-130/alla-fine-qualcosa-ci-inventeremo-che-ne-sara-di-mio-figlio-autistico-quando-non-saro-piu-al-suo-fianco-recensione.md,yes,,489,394,1443,1444
src/content/blog/OEL-130/dalle-provincia-n130.md,yes,monoblock_long_line,1463,411,4548,4581
src/content/blog/OEL-130/di-corsa-verso-francesco.md,yes,monoblock_long_line,2904,426,3290,3309
src/content/blog/OEL-130/dialogo-aperto-n130.md,yes,monoblock_long_line,1188,329,3074,3092
src/content/blog/OEL-130/famiglia-per-chi-famiglia-per-cosa.md,yes,monoblock_long_line,4298,403,4323,4342
src/content/blog/OEL-130/i-mille-volti.md,yes,monoblock_long_line,1002,444,4906,4917
src/content/blog/OEL-130/il-senso-della-festa.md,yes,monoblock_long_line,5155,419,7006,7043
src/content/blog/OEL-130/la-lampada-dei-desideri.md,yes,monoblock_long_line,916,540,4919,4932
src/content/blog/OEL-130/la-paura-di-amare-recensione.md,yes,monoblock_long_line,818,176,849,854
src/content/blog/OEL-130/lo-zaino-di-emma-recensione.md,no,,364,364,1429,1429
src/content/blog/OEL-130/luoghi-della-relazione.md,yes,monoblock_long_line,1441,324,1472,1481
src/content/blog/OEL-130/pinocchio-teatro-integrato-ma-non-solo.md,yes,monoblock_long_line,5454,427,5504,5530
src/content/blog/OEL-130/piu-scavo-piu-trovo.md,yes,monoblock_long_line,1120,371,7772,7793
src/content/blog/OEL-130/scintille-di-amicizia.md,yes,monoblock_long_line,606,481,3947,3952
src/content/blog/OEL-130/siblings-recensione.md,yes,monoblock_long_line,1222,254,1247,1254
src/content/blog/OEL-130/una-buona-scuola-damore.md,yes,monoblock_long_line,2111,419,9746,9819
src/content/blog/OEL-131/accompagnata-e-accudita.md,yes,monoblock_long_line,2203,263,4289,4286
src/content/blog/OEL-131/bicocas-got-talent.md,yes,monoblock_long_line,860,395,4475,4452
src/content/blog/OEL-131/castelporziano-in-festa.md,yes,monoblock_long_line,1912,1912,8255,8268
src/content/blog/OEL-131/che-bella-estate.md,yes,,446,446,4159,4130
src/content/blog/OEL-131/cinque-azioni.md,yes,monoblock_long_line,668,425,2257,2237
src/content/blog/OEL-131/come-nasce-un-pellegrinaggio-in-fede-e-luce.md,yes,monoblock_long_line,1171,430,5209,5202
src/content/blog/OEL-131/con-tanta-voglia-di-fare.md,yes,monoblock_long_line,1611,216,1694,1680
src/content/blog/OEL-131/ho-imparato-a-nuotare.md,yes,monoblock_long_line,1912,1912,8220,8235
src/content/blog/OEL-131/i-miei-primi-quarantanni.md,yes,monoblock_long_line,1759,356,4916,4900
src/content/blog/OEL-131/il-nostro-scoop.md,yes,monoblock_long_line,2083,262,2166,2156
src/content/blog/OEL-131/in-un-attimo-decine-di-volti.md,yes,monoblock_long_line,730,389,2387,2367
src/content/blog/OEL-131/la-felicita-e-imperfetta.md,yes,monoblock_long_line,2845,514,4351,4375
src/content/blog/OEL-131/la-forza-della-fragilita.md,yes,monoblock_long_line,692,342,1824,1828
src/content/blog/OEL-131/non-ci-sono-parole.md,yes,monoblock_long_line,1127,245,1470,1450
src/content/blog/OEL-131/nonostante-alcune-delusioni.md,yes,monoblock_long_line,833,328,3899,3880
src/content/blog/OEL-131/pronta-a-riviverlo.md,yes,,425,425,4047,4018
src/content/blog/OEL-131/scampoli-di-paradiso.md,yes,monoblock_long_line,1668,216,2915,2931
src/content/blog/OEL-131/tempi-nuovi-per-i-campi.md,yes,monoblock_long_line,1025,746,5197,5173
src/content/blog/OEL-131/tornare-ad-assisi-passando-da-roma.md,yes,monoblock_long_line,2472,318,3149,3133
src/content/blog/OEL-131/un-turbinio-di-eventi.md,yes,monoblock_long_line,738,490,6545,6535
src/content/blog/OEL-131/viaggiare-alla-pari.md,yes,monoblock_long_line,1959,321,2245,2237
src/content/blog/OEL-131/viola-e-la-nonna.md,yes,monoblock_long_line,1172,425,6078,6062
src/content/blog/OEL-132/alla-fine-qualcosa-ci-inventeremo.md,yes,monoblock_long_line,1138,1136,4271,4274
src/content/blog/OEL-132/amici-di-simone.md,yes,monoblock_long_line,772,408,3934,3914
src/content/blog/OEL-132/bacheca-facebook.md,yes,monoblock_long_line,914,607,3870,3892
src/content/blog/OEL-132/chi-aiuta-la-famiglia-gli-specialisti.md,yes,monoblock_long_line,939,571,11693,11671
src/content/blog/OEL-132/con-gli-occhi-di-un-bambino.md,yes,,397,397,1371,1343
src/content/blog/OEL-132/cose-che-sapevi.md,yes,monoblock_long_line,2223,348,2372,2357
src/content/blog/OEL-132/ehi-campione-come-va-da-lassu.md,yes,monoblock_long_line,1506,248,2779,2799
src/content/blog/OEL-132/figli-delle-stelle.md,yes,monoblock_long_line,1718,401,1866,1852
src/content/blog/OEL-132/fuori-dellacquario.md,yes,monoblock_long_line,1960,917,15432,15437
src/content/blog/OEL-132/la-lezione-del-femminismo.md,yes,monoblock_long_line,1516,256,4287,4295
src/content/blog/OEL-132/la-relazione-e-la-famiglia.md,yes,,374,374,3496,3467
src/content/blog/OEL-132/la-vocazione-di-un-papa.md,yes,monoblock_long_line,1224,432,6344,6393
src/content/blog/OEL-132/nessuno-resti-solo.md,yes,monoblock_long_line,898,326,3228,3218
src/content/blog/OEL-132/siamo-tutti-un-po-supereroi.md,yes,monoblock_long_line,1639,370,5421,5443
src/content/blog/OEL-132/te-lo-ricordi-frate.md,yes,monoblock_long_line,1204,266,2917,2917
src/content/blog/OEL-132/un-altro-anno.md,yes,monoblock_long_line,1802,1136,3062,3040
src/content/blog/OEL-132/un-solo-nome.md,yes,,263,263,3896,3867
src/content/blog/OEL-132/una-piccola-barca.md,yes,monoblock_long_line,568,332,1625,1599
src/content/blog/OEL-132/una-semplicita-bella-e-ricca.md,yes,monoblock_long_line,627,408,2014,2017
src/content/blog/OEL-132/viola-il-capitano-e-piccolo-mio.md,yes,monoblock_long_line,535,356,2519,2499
src/content/blog/OEL-133/cercare-la-bellezza-la-dove-e-nascosta.md,yes,monoblock_long_line,1132,446,4999,5010
src/content/blog/OEL-133/chiamati-tutti-al-traguardo.md,yes,monoblock_long_line,959,465,4292,4300
src/content/blog/OEL-133/dialogo-aperto-n133.md,yes,monoblock_long_line,2338,603,4529,4558
src/content/blog/OEL-133/il-bambino-che-parlava-con-la-luce-recensione.md,yes,monoblock_long_line,1271,398,1300,1305
src/content/blog/OEL-133/il-roveto-di-santilario.md,yes,monoblock_long_line,938,447,7645,7666
src/content/blog/OEL-133/il-senso-di-una-vita-e-di-una-scelta.md,yes,monoblock_long_line,2152,363,2175,2183
src/content/blog/OEL-133/la-disabilita-un-confine-da-superare.md,yes,monoblock_long_line,895,390,5965,5986
src/content/blog/OEL-133/non-possiamo-restare-dei-peter-pan-a-vita.md,yes,monoblock_long_line,2260,429,2722,2742
src/content/blog/OEL-133/osservazioni-di-una-mamma-qualunque-recensione.md,yes,monoblock_long_line,731,192,761,765
src/content/blog/OEL-133/porta-sfortuna.md,yes,monoblock_long_line,1392,193,1511,1521
src/content/blog/OEL-133/qualche-raggio-di-sole-in-siria.md,yes,monoblock_long_line,6758,532,7332,7380
src/content/blog/OEL-133/riscoprire-cio-che-unisce-i-cuori-di-tutti.md,yes,monoblock_long_line,1324,437,5812,5849
src/content/blog/OEL-133/riuniti-in-preghiera.md,yes,monoblock_long_line,6388,461,6413,6451
src/content/blog/OEL-133/spiritualmente-le-piccole-suore-non-sono-handicappate.md,yes,monoblock_long_line,1415,451,6196,6236
src/content/blog/OEL-133/un-ponte-in-un-guscio-di-noce.md,yes,monoblock_long_line,4029,417,4060,4086
src/content/blog/OEL-133/viola-e-il-bullismo.md,yes,monoblock_long_line,3203,409,3232,3252
src/content/blog/OEL-133/zia-lo-sai-che-sei-un-po-strana-recensione.md,yes,monoblock_long_line,1239,312,1267,1276
src/content/blog/OEL-134/dalle-provincie-n134.md,yes,monoblock_long_line,1478,345,4583,4604
src/content/blog/OEL-134/dialogo-aperto-n134.md,yes,monoblock_long_line,1729,311,1757,1766
src/content/blog/OEL-134/gioia-e-le-altre-recensione.md,yes,monoblock_long_line,716,489,1264,1268
src/content/blog/OEL-134/giubileo-2016-la-vera-gioia.md,yes,monoblock_long_line,5563,357,5814,5848
src/content/blog/OEL-134/giubileo-2016-per-cominciare-una-nuova-storia-di-amore.md,yes,monoblock_long_line,2909,452,2942,2955
src/content/blog/OEL-134/il-chicco-recensione.md,yes,monoblock_long_line,721,286,751,753
src/content/blog/OEL-134/il-chicco-vivere-il-vangelo-in-azione.md,yes,monoblock_long_line,2748,505,8718,8750
src/content/blog/OEL-134/il-vangelo-mimato-per-costruire-ponti.md,yes,monoblock_long_line,6048,616,6075,6104
src/content/blog/OEL-134/la-passione-della-pazienza.md,yes,monoblock_long_line,2084,512,3156,3176
src/content/blog/OEL-134/la-sfida-di-chi-ama-di-piu.md,yes,monoblock_long_line,1306,895,4016,4024
src/content/blog/OEL-134/mio-fratello-rincorre-i-dinosauri.md,yes,monoblock_long_line,1825,439,1859,1869
src/content/blog/OEL-134/oltre-il-limite.md,yes,monoblock_long_line,3918,504,3942,3958
src/content/blog/OEL-134/papa-francesco-al-chicco-qui-mi-avete-toccato-il-cuore.md,yes,monoblock_long_line,2045,356,2076,2085
src/content/blog/OEL-134/piero-e-il-bruco-farfalla-recensione.md,yes,monoblock_long_line,617,368,1427,1434
src/content/blog/OEL-134/tutti-a-bordo.md,yes,monoblock_long_line,1561,369,1635,1643
src/content/blog/OEL-134/un-fiume-di-pace-un-mare-di-giubilei.md,yes,monoblock_long_line,1766,371,4316,4338
src/content/blog/OEL-134/un-laboratorio-creativo-a-pantigliate.md,yes,monoblock_long_line,1768,642,3218,3227
src/content/blog/OEL-135/accogliere-la-sorpresa.md,yes,monoblock_long_line,1980,223,2024,2038
src/content/blog/OEL-135/alla-ricerca-di-dory-recensione.md,yes,monoblock_long_line,1746,574,1771,1776
src/content/blog/OEL-135/chi-scalda-il-cuore.md,yes,monoblock_long_line,3551,364,3628,3656
src/content/blog/OEL-135/chiamati-a-portare-frutto.md,yes,monoblock_long_line,4106,502,4279,4299
src/content/blog/OEL-135/cosa-ti-aspetti.md,yes,monoblock_long_line,1307,634,5238,5251
src/content/blog/OEL-135/dialogo-aperto-n135.md,yes,monoblock_long_line,2824,423,9435,9516
src/content/blog/OEL-135/il-giubileo-di-fede-e-luce.md,yes,monoblock_long_line,2703,314,2760,2775
src/content/blog/OEL-135/il-messaggio-del-giubileo-dialogo-con-mons-rino-fisichella.md,yes,monoblock_long_line,1271,534,6493,6522
src/content/blog/OEL-135/il-valore-del-cammino-insieme.md,yes,monoblock_long_line,2062,381,2130,2140
src/content/blog/OEL-135/la-misericordia.md,yes,monoblock_long_line,1064,370,6265,6303
src/content/blog/OEL-135/la-tempesta-di-sasa-recensione.md,yes,,478,418,1085,1086
src/content/blog/OEL-135/mi-hanno-regalato-un-sogno.md,yes,monoblock_long_line,1304,243,1334,1342
src/content/blog/OEL-135/monsignor-von-galen-leroismo-di-una-coscienza.md,yes,monoblock_long_line,2437,327,5107,5140
src/content/blog/OEL-135/nuove-comunita-fede-e-luce-festa-in-umbria.md,yes,monoblock_long_line,829,374,2722,2736
src/content/blog/OEL-135/puo-un-gesto-essere-cosi-significativo.md,no,,307,307,2106,2106
src/content/blog/OEL-135/se-arianna-recensione.md,yes,monoblock_long_line,1489,236,1516,1526
src/content/blog/OEL-135/tu-ci-hai-chiamati-eccoci.md,yes,monoblock_long_line,1799,394,1829,1836
src/content/blog/OEL-135/un-oro-al-giorno.md,yes,monoblock_long_line,3940,392,4801,4870
src/content/blog/OEL-135/viola-e-occhiolino.md,yes,monoblock_long_line,2282,319,2310,2327
src/content/blog/OEL-136/bisogna-accettare-che-un-bambino-abbia-delle-resistenze.md,yes,monoblock_long_line,1175,396,3333,3358
src/content/blog/OEL-136/dallassistenza-allesistenza-sei-workshop-dellassociazione-vedere-oltre-onlus.md,yes,monoblock_long_line,3978,638,4989,5002
src/content/blog/OEL-136/dialogo-aperto-n136.md,yes,monoblock_long_line,4724,573,9440,9511
src/content/blog/OEL-136/fede-e-luce-una-scuola-di-altruismo.md,yes,monoblock_long_line,2416,230,2444,2467
src/content/blog/OEL-136/genitori-specializzati-servizio-di-consulenza-pedagogica-di-trento.md,yes,monoblock_long_line,1915,574,6837,6860
src/content/blog/OEL-136/i-doni-di-dio.md,yes,monoblock_long_line,1371,504,5536,5547
src/content/blog/OEL-136/il-libro-di-charlotte-recensione.md,yes,monoblock_long_line,886,235,911,916
src/content/blog/OEL-136/io-e-simona.md,yes,monoblock_long_line,3190,326,3209,3232
src/content/blog/OEL-136/io-sono-con-te-recensione.md,yes,monoblock_long_line,1538,611,1561,1565
src/content/blog/OEL-136/leducazione-attraverso-lesempio.md,yes,monoblock_long_line,1811,250,1848,1863
src/content/blog/OEL-136/pedagogia-del-dolore-innocente-recensione.md,yes,monoblock_long_line,1678,617,1709,1713
src/content/blog/OEL-136/qualcosa-e-cambiato.md,yes,monoblock_long_line,1007,531,4095,4109
src/content/blog/OEL-136/quattro-giorni-mano-nella-mano.md,yes,monoblock_long_line,4375,495,4401,4429
src/content/blog/OEL-136/valgo-anchio.md,yes,monoblock_long_line,8561,618,8615,8651
src/content/blog/OEL-136/vedere-oltre-finestre-su-una-storia-recensione.md,yes,monoblock_long_line,1312,500,1343,1347
src/content/blog/OEL-137/abbiamo-un-cuore-inclusivo.md,yes,monoblock_long_line,2766,1420,7665,7691
src/content/blog/OEL-137/abitare-nellordinarieta.md,yes,monoblock_long_line,1057,334,7529,7568
src/content/blog/OEL-137/attesi-amati-trasformati.md,yes,monoblock_long_line,3808,487,3947,3962
src/content/blog/OEL-137/avere-un-posto-nella-societa.md,yes,monoblock_long_line,1076,446,8812,8850
src/content/blog/OEL-137/dalle-province-n137.md,yes,monoblock_long_line,1453,480,4430,4465
src/content/blog/OEL-137/dialogo-aperto-n137.md,yes,monoblock_long_line,860,535,6977,7006
src/content/blog/OEL-137/ho-amici-in-paradiso-recensione.md,yes,monoblock_long_line,1312,301,1342,1349
src/content/blog/OEL-137/i-geni-del-futuro-crispr-cas9.md,yes,monoblock_long_line,1647,215,6024,6074
src/content/blog/OEL-137/i-geni-del-passato-handiche.md,yes,monoblock_long_line,3259,423,5409,5437
src/content/blog/OEL-137/inclusione-solidarieta-ordinaria.md,yes,monoblock_long_line,1008,494,2042,2045
src/content/blog/OEL-137/labilita-onlus-aprire-gli-occhi.md,yes,monoblock_long_line,1473,586,9103,9135
src/content/blog/OEL-137/leutanasia-di-dio-recensione.md,yes,monoblock_long_line,1578,316,1602,1608
src/content/blog/OEL-137/seveso-1976-oltre-la-diossina.md,yes,monoblock_long_line,1290,298,1321,1326
src/content/blog/OEL-137/una-veglia-laboratorio-per-il-giovedi-santo.md,yes,,357,357,5329,5321
src/content/blog/OEL-137/viola-e-mimosa-n137.md,yes,monoblock_long_line,2646,313,2674,2694
src/content/blog/OEL-137/visto-al-cineforum-di-fede-e-luce.md,yes,,424,424,2440,2439
src/content/blog/OEL-138/corridoi-umanitari.md,yes,monoblock_long_line,1479,592,8464,8486
src/content/blog/OEL-138/costruiamo-laccoglienza.md,yes,monoblock_long_line,717,472,2532,2537
src/content/blog/OEL-138/dalle-province-n138.md,yes,monoblock_long_line,1408,311,4010,4040
src/content/blog/OEL-138/dettagli-inutili-recensione.md,yes,monoblock_long_line,1308,304,1340,1345
src/content/blog/OEL-138/dialogo-aperto-n138.md,yes,monoblock_long_line,3290,517,3318,3343
src/content/blog/OEL-138/don-gnocchi-una-vita-spesa-per-gli-altri-recensione.md,yes,monoblock_long_line,868,242,893,897
src/content/blog/OEL-138/gli-scartagonisti-recensione.md,yes,monoblock_long_line,1246,293,1269,1275
src/content/blog/OEL-138/guidati-da-gio.md,yes,monoblock_long_line,1530,412,3133,3146
src/content/blog/OEL-138/i-figli-sono-tutti-speciali.md,yes,monoblock_long_line,6099,678,6125,6159
src/content/blog/OEL-138/insolito-ragionamento-sul-migrante.md,yes,monoblock_long_line,2211,284,9019,9090
src/content/blog/OEL-138/la-nuova-legge-sul-dopo-di-noi-che-cosa-dice.md,yes,monoblock_long_line,1357,846,6389,6400
src/content/blog/OEL-138/la-nuova-legge-sul-dopo-di-noi-nodi-da-sciogliere.md,yes,monoblock_long_line,993,605,7171,7187
src/content/blog/OEL-138/lo-straordinario-viaggio-di-nujeen-recensione.md,yes,monoblock_long_line,1114,213,1139,1146
src/content/blog/OEL-138/migrati-diverse-fragilita-si-incontrano.md,yes,monoblock_long_line,914,437,7327,7342
src/content/blog/OEL-138/sara-bello.md,yes,monoblock_long_line,931,436,5616,5641
src/content/blog/OEL-138/trasformare-i-nostri-cuori-la-misericordia-2-parte.md,yes,monoblock_long_line,1036,434,4566,4594
src/content/blog/OEL-139/connessi-per-davvero.md,yes,monoblock_long_line,732,360,2743,2748
src/content/blog/OEL-139/dialogo-aperto-n139.md,yes,monoblock_long_line,831,772,11470,11499
src/content/blog/OEL-139/dopo-di-noi-atti-del-convegno-anffas.md,yes,monoblock_long_line,1296,440,1327,1332
src/content/blog/OEL-139/hello-harry-hi-benny-recensione.md,yes,monoblock_long_line,1554,519,1585,1590
src/content/blog/OEL-139/il-plusabile-due-sorelle-speciali.md,yes,monoblock_long_line,3065,555,5486,5526
src/content/blog/OEL-139/il-signor-parroco-ha-dato-di-matto.md,yes,monoblock_long_line,1232,364,1263,1268
src/content/blog/OEL-139/la-chiesa-accanto-a-mio-figlio.md,yes,monoblock_long_line,741,413,1734,1738
src/content/blog/OEL-139/la-nostra-casa-baskin.md,yes,monoblock_long_line,563,437,8174,8182
src/content/blog/OEL-139/la-sua-prima-confessione.md,yes,monoblock_long_line,526,444,2463,2475
src/content/blog/OEL-139/safesurfing-navigare-nella-rete-in-sicurezza.md,yes,monoblock_long_line,1004,614,7508,7523
src/content/blog/OEL-139/scoprirsi-unici-e-crescere-insieme.md,yes,monoblock_long_line,835,416,6672,6684
src/content/blog/OEL-139/segni-efficaci.md,yes,monoblock_long_line,2895,430,4968,5005
src/content/blog/OEL-139/viola-e-mimosa-n139.md,yes,monoblock_long_line,2721,477,2750,2765
src/content/blog/OEL-14/alzati-e-ritrova-la-speranza.md,yes,monoblock_long_line,1595,431,6221,6263
src/content/blog/OEL-14/assisi-1986-le-fotografie.md,yes,,120,120,1841,1813
src/content/blog/OEL-14/dopo-assisi.md,yes,monoblock_long_line,2193,373,16703,16738
src/content/blog/OEL-14/e-una-offerta-unica.md,yes,monoblock_long_line,686,401,3036,3040
src/content/blog/OEL-14/grazie-san-francesco-per-essere-venuto-a-camminare-con-noi.md,yes,monoblock_long_line,832,262,2566,2586
src/content/blog/OEL-14/i-genitori-commentano-le-parole-del-cardinal-martini.md,yes,monoblock_long_line,1374,497,5321,5310
src/content/blog/OEL-14/io-ho-visto-tante-cose.md,yes,monoblock_long_line,1088,350,4616,4607
src/content/blog/OEL-14/punti-di-incontro-servire-giocare-lavorare-riflettere.md,yes,monoblock_long_line,2420,1792,11888,11954
src/content/blog/OEL-14/quei-tre-giorni-di-aprile.md,yes,monoblock_long_line,1544,386,16509,16571
src/content/blog/OEL-14/scendere-le-scale.md,yes,monoblock_long_line,2416,928,12007,12085
src/content/blog/OEL-14/siamo-venuti-ad-assisi-per.md,yes,monoblock_long_line,1762,927,2131,2134
src/content/blog/OEL-14/signore-fa-di-me-uno-strumento-della-tua-pace.md,yes,monoblock_long_line,762,445,2103,2108
src/content/blog/OEL-14/tenere-piu-stretta-la-mano-dei-piccoli.md,yes,,453,453,2185,2182
src/content/blog/OEL-14/una-grande-profezia.md,yes,monoblock_long_line,730,355,3321,3342
src/content/blog/OEL-140/anna-che-sorride-alla-pioggia.md,yes,monoblock_long_line,512,404,1998,2000
src/content/blog/OEL-140/caro-raffa-la-vita-e-adesso.md,yes,monoblock_long_line,1562,405,5302,5327
src/content/blog/OEL-140/diaologo-aperto-n140.md,yes,monoblock_long_line,4052,729,10411,10453
src/content/blog/OEL-140/dimmi-chi-ammiri.md,yes,monoblock_long_line,2222,297,2275,2294
src/content/blog/OEL-140/dopo-di-noi-i-diritti-che-ci-sono.md,yes,monoblock_long_line,1144,563,7390,7413
src/content/blog/OEL-140/dopo-di-noi-i-nodi-da-sciogliere-della-nuova-legge.md,yes,monoblock_long_line,855,443,7181,7195
src/content/blog/OEL-140/eccomi-seguire-maria-per-imparare-il-si.md,yes,monoblock_long_line,758,563,8892,8899
src/content/blog/OEL-140/epigenetica-e-malattie-psichiatriche.md,yes,monoblock_long_line,3237,639,8835,8863
src/content/blog/OEL-140/essere-vicini-a-chi-in-fin-di-vita.md,yes,monoblock_long_line,1628,418,6137,6180
src/content/blog/OEL-140/fare-nuove-tutte-le-cose.md,yes,monoblock_long_line,3782,515,3813,3831
src/content/blog/OEL-140/gli-autistici-esistono-finche-vanno-a-scuola.md,yes,monoblock_long_line,942,443,5276,5297
src/content/blog/OEL-140/il-manuale-della-buona-educazione.md,yes,monoblock_long_line,1856,246,2092,2114
src/content/blog/OEL-140/il-nostro-nuovo-sito.md,yes,"html_generic,monoblock_long_line",775,383,6677,6124
src/content/blog/OEL-140/la-strada-percorsa-finora.md,yes,monoblock_long_line,3494,556,3525,3542
src/content/blog/OEL-140/le-amiche-di-francesco.md,yes,monoblock_long_line,3915,322,3945,3979
src/content/blog/OEL-140/le-comunita-fede-e-luce-nel-mondo.md,yes,,37,37,37,38
src/content/blog/OEL-140/legge-sul-dopo-di-noi-issiamo-le-vele.md,yes,,490,435,2638,2644
src/content/blog/OEL-140/limportante-e-che-sia-sano.md,yes,monoblock_long_line,532,277,1487,1489
src/content/blog/OEL-140/lonore-di-un-lord.md,yes,monoblock_long_line,2486,236,2489,2508
src/content/blog/OEL-140/mamma-in-comunita.md,yes,monoblock_long_line,1065,394,3175,3186
src/content/blog/OEL-140/mi-chiamo-charlotte-fien-e-ho-la-sindrome-di-down.md,yes,monoblock_long_line,1733,126,1761,1792
src/content/blog/OEL-140/quarte-di-copertina.md,yes,,100,100,100,101
src/content/blog/OEL-140/quello-che-non-ho-mai-detto-e-lisola-di-noi-recensione-di-due-libri-di-federico-de-rosa.md,yes,monoblock_long_line,1483,377,1506,1511
src/content/blog/OEL-140/raccontami-il-mare-che-hai-dentro-vivere-con-un-figlio-autistico-recensione.md,yes,monoblock_long_line,1299,459,1326,1330
src/content/blog/OEL-140/viola-e-mimosa-n140.md,yes,monoblock_long_line,2971,350,2999,3015
src/content/blog/OEL-141/come-dirlo.md,yes,monoblock_long_line,6796,593,6796,6828
src/content/blog/OEL-141/come-se-io-fossi-te.md,yes,,422,357,2850,2849
src/content/blog/OEL-141/cosa-so-dei-social-e-cosa-ne-penso.md,yes,monoblock_long_line,959,394,9131,9149
src/content/blog/OEL-141/da-fratello-e-da-padre.md,yes,monoblock_long_line,3231,325,3265,3285
src/content/blog/OEL-141/da-piccola-ero-down.md,yes,monoblock_long_line,1447,501,7799,7821
src/content/blog/OEL-141/dalle-province-n141.md,yes,monoblock_long_line,1531,397,4689,4722
src/content/blog/OEL-141/dialogo-aperto-n141.md,yes,monoblock_long_line,4381,363,6718,6758
src/content/blog/OEL-141/il-calcio-sociale-come-palestra-di-vita.md,yes,monoblock_long_line,1732,471,8601,8622
src/content/blog/OEL-141/il-nostro-incontro-con-liliana-segre.md,yes,monoblock_long_line,941,442,5815,5842
src/content/blog/OEL-141/il-progetto-girotondo.md,yes,monoblock_long_line,6600,476,6603,6639
src/content/blog/OEL-141/il-racconto-di-natale-per-mio-figlio.md,yes,monoblock_long_line,615,471,2197,2208
src/content/blog/OEL-141/non-e-te-che-aspettavo.md,yes,monoblock_long_line,520,345,1783,1780
src/content/blog/OEL-141/quanti-conosci-per-nome.md,yes,monoblock_long_line,2208,432,6149,6166
src/content/blog/OEL-141/tracciare-il-sentiero-in-albania.md,yes,monoblock_long_line,1346,333,3118,3137
src/content/blog/OEL-142/dal-convegno-allimpegno.md,yes,monoblock_long_line,4850,433,5210,5238
src/content/blog/OEL-142/dalle-mamme-di-palidoro-perche-curare-non-significa-solo-guarire.md,yes,monoblock_long_line,1280,372,2493,2503
src/content/blog/OEL-142/dialogo-aperto-n142.md,yes,monoblock_long_line,2981,583,8617,8681
src/content/blog/OEL-142/due-capitane.md,yes,monoblock_long_line,4119,377,4147,4173
src/content/blog/OEL-142/elogio-della-fragilita-recensione.md,yes,,404,404,1482,1481
src/content/blog/OEL-142/fede-e-luce-una-grande-famiglia.md,yes,monoblock_long_line,966,386,8443,8485
src/content/blog/OEL-142/io-figlio-di-mio-figlio-recensione.md,yes,monoblock_long_line,1163,360,1873,1879
src/content/blog/OEL-142/la-bambina-che-andava-a-pile-recensione.md,yes,monoblock_long_line,591,459,2085,2086
src/content/blog/OEL-142/la-comunicazione-multimodale.md,yes,monoblock_long_line,2302,424,2340,2350
src/content/blog/OEL-142/la-forma-della-voce-recensione.md,yes,monoblock_long_line,591,298,1958,1963
src/content/blog/OEL-142/la-lingua-dei-segni-nelle-disabilita-comunicative-recensione.md,yes,,290,290,2104,2100
src/content/blog/OEL-142/la-mia-forza-nella-mia-differenza.md,yes,monoblock_long_line,1649,422,4631,4670
src/content/blog/OEL-142/percorsi-inclusivi-noi-ci-teniamo.md,yes,monoblock_long_line,2209,320,2255,2266
src/content/blog/OEL-142/segni-dellamore-di-dio.md,yes,monoblock_long_line,3029,598,5083,5104
src/content/blog/OEL-142/sofia-cavalletti-strumento-tra-i-bambini-e-dio.md,yes,monoblock_long_line,988,305,2587,2589
src/content/blog/OEL-142/voglia-di-comunicare.md,yes,monoblock_long_line,1308,477,7925,7946
src/content/blog/OEL-143/90-anni-di-jean.md,yes,monoblock_long_line,3712,565,3759,3792
src/content/blog/OEL-143/con-il-tuo-passo-percorsi-agesci.md,yes,monoblock_long_line,2822,557,6954,6975
src/content/blog/OEL-143/dialogo-aperto-n143.md,yes,monoblock_long_line,4647,370,11130,11203
src/content/blog/OEL-143/dinamiche-fondamentali.md,yes,monoblock_long_line,808,435,4270,4277
src/content/blog/OEL-143/finestre-di-speranza.md,yes,monoblock_long_line,589,351,3624,3605
src/content/blog/OEL-143/i-miei-occhi-e-il-mio-cuore-hanno-vissuto-la-meraviglia.md,yes,monoblock_long_line,5733,399,5767,5811
src/content/blog/OEL-143/oltre-la-cronaca-vicini-al-quotidiano.md,yes,monoblock_long_line,710,437,5946,5952
src/content/blog/OEL-143/scarti-o-pietre-portanti.md,yes,monoblock_long_line,2262,394,2297,2310
src/content/blog/OEL-143/scegliamo-con-cura-le-parole.md,yes,monoblock_long_line,2006,302,2006,2019
src/content/blog/OEL-143/una-radice-e-delle-ali.md,yes,monoblock_long_line,2963,373,4893,4927
src/content/blog/OEL-143/viola-e-mimosa-desaparecida.md,yes,monoblock_long_line,2183,357,2211,2230
src/content/blog/OEL-144/airbnb-accomable-un-aiuto-ai-viaggiatori-con-disabilita.md,yes,"html_generic,monoblock_long_line",711,424,2412,1849
src/content/blog/OEL-144/anffas-60-anni-di-futuro.md,yes,monoblock_long_line,1112,625,4893,4904
src/content/blog/OEL-144/anffas-open-day-porte-aperte-per-celebrare-60-anni-di-futuro.md,yes,"html_generic,monoblock_long_line",940,914,4762,4197
src/content/blog/OEL-144/angelo-un-compagno-di-viaggio.md,no,,446,446,1745,1745
src/content/blog/OEL-144/arriva-in-italia-carolines-cart-il-carrello-per-la-spesa-per-le-persone-con-disabilita.md,yes,"html_generic,monoblock_long_line",686,390,2518,1956
src/content/blog/OEL-144/autismo-e-disabilita-grave-il-modello-laquila.md,yes,"html_generic,monoblock_long_line",626,479,2933,2366
src/content/blog/OEL-144/biblioteca-ombre-e-luci.md,yes,monoblock_long_line,27457,7930,27834,27853
src/content/blog/OEL-144/catechesi-per-disabili-a-roma-un-percorso-formativo.md,yes,"html_generic,monoblock_long_line",626,423,2827,2264
src/content/blog/OEL-144/cervelli-ribelli-connettiamoci-alla-neurodiversita.md,yes,monoblock_long_line,1028,570,5766,5778
src/content/blog/OEL-144/cresce-la-rete-di-centri-sporthabile-in-toscana-per-lo-sport-paralimpico.md,yes,"html_generic,monoblock_long_line",712,366,6141,5591
src/content/blog/OEL-144/dal-4-al-9-giugno-i-giochi-special-olympics-a-montecatini.md,yes,"html_generic,monoblock_long_line",1074,388,5630,5075
src/content/blog/OEL-144/dialogo-aperto-n144.md,yes,monoblock_long_line,2188,248,2281,2296
src/content/blog/OEL-144/disabilita-e-lavoro-nasce-la-consulta-nazionale-per-lintegrazione.md,yes,"html_generic,monoblock_long_line",626,448,3416,2850
src/content/blog/OEL-144/dopo-di-noi-a-carpi-tre-incontri-per-fare-il-punto.md,yes,"html_generic,monoblock_long_line",2597,558,5412,4856
src/content/blog/OEL-144/eh-io-sono-qui.md,yes,monoblock_long_line,1618,358,1676,1686
src/content/blog/OEL-144/fano-2018-la-nostra-meglio-gioventu.md,yes,monoblock_long_line,2468,581,10893,10941
src/content/blog/OEL-144/fino-a-quando-la-mia-stella-brillera.md,yes,monoblock_long_line,608,247,1727,1725
src/content/blog/OEL-144/francia-il-progetto-inclusivo-cafe-joyeux-e-un-successo.md,yes,"html_generic,monoblock_long_line",626,424,3922,3357
src/content/blog/OEL-144/fumetto-e-disabilita-divertimento-cultura-ecumenismo.md,yes,"html_generic,monoblock_long_line",626,534,3429,2865
src/content/blog/OEL-144/giochi-senza-barriere-i-supereroi-conquistano-lo-stadio-dei-marmi-a-roma.md,yes,"html_generic,monoblock_long_line",677,264,3839,3281
src/content/blog/OEL-144/gioco-al-centro-milano-inaugura-un-parco-accessibile.md,yes,"html_generic,monoblock_long_line",626,433,2950,2386
src/content/blog/OEL-144/giornata-della-disabilita-piu-lavoro-e-piu-risorse-per-il-dopo-di-noi.md,yes,"html_generic,monoblock_long_line",1367,573,4426,3867
src/content/blog/OEL-144/giornata-mondiale-dellautismo-il-mondo-si-tinge-di-blu.md,yes,"html_generic,monoblock_long_line",877,428,10687,10139
src/content/blog/OEL-144/google-maps-presenta-gli-itinerari-accessibili.md,yes,"html_generic,monoblock_long_line",626,204,1962,1395
src/content/blog/OEL-144/guido-marangoni-presenta-anna-che-sorride-alla-pioggia-al-chicco.md,yes,"html_generic,monoblock_long_line",646,312,1844,1279
src/content/blog/OEL-144/i-bambini-di-asperger.md,yes,monoblock_long_line,2093,641,2903,2906
src/content/blog/OEL-144/il-caso-dellaltalena-ai-giardini-montanelli-la-testimonianza-di-un-papa.md,yes,"html_generic,monoblock_long_line",1050,368,4520,3958
src/content/blog/OEL-144/il-festival-del-cinema-nuovo-dedicato-agli-attori-con-disabilita.md,yes,"html_generic,monoblock_long_line",626,270,2095,1528
src/content/blog/OEL-144/il-mistero-di-tanto-bene.md,yes,monoblock_long_line,2005,615,2029,2042
src/content/blog/OEL-144/in-movimento.md,yes,monoblock_long_line,3764,713,4662,4679
src/content/blog/OEL-144/inclusionexclusion-lesposizione-degli-artisti-con-disabilita-di-santegidio-al-vittoriano.md,yes,"html_generic,monoblock_long_line",626,547,2845,2278
src/content/blog/OEL-144/jean-vanier-compie-90-anni.md,yes,"author_bio_footer,monoblock_long_line",859,387,2712,2554
src/content/blog/OEL-144/la-forza-dellortoterapia-arriva-ad-alessandria.md,yes,"html_generic,monoblock_long_line",1000,359,3208,2648
src/content/blog/OEL-144/la-mostra-abilioltre-arriva-alla-stazione-roma-ostiense.md,yes,"html_generic,monoblock_long_line",748,292,2871,2311
src/content/blog/OEL-144/la-nuova-longevita-nella-disabilita-intellettiva-seminario-a-cagliari.md,yes,"html_generic,monoblock_long_line",626,351,2641,2074
src/content/blog/OEL-144/la-segregazione-delle-persone-con-disabilita.md,yes,monoblock_long_line,970,447,1697,1699
src/content/blog/OEL-144/la-storia-di-souhour-rifugiata-e-disabile-accolta-da-una-famiglia-libanese.md,yes,"html_generic,monoblock_long_line",1181,353,3687,3134
src/content/blog/OEL-144/le-guerre-stellari-arrivano-in-ospedale.md,yes,"html_generic,monoblock_long_line",832,440,4396,3840
src/content/blog/OEL-144/le-paralimpiadi-e-la-fastidiosa-associazione-eroismo-e-disabilita.md,yes,"html_generic,monoblock_long_line",1311,464,5460,4914
src/content/blog/OEL-144/liberta.md,no,,386,386,2716,2716
src/content/blog/OEL-144/lucca-in-mostra-i-quadri-di-artisti-con-disabilita-mentale.md,yes,"html_generic,monoblock_long_line",713,521,2880,2316
src/content/blog/OEL-144/matrimoni-straordinari-il-docureality-in-cui-lamore-supera-i-limiti.md,yes,"html_generic,monoblock_long_line",626,383,2418,1853
src/content/blog/OEL-144/meglio-di-come-ci-si-aspetta.md,yes,monoblock_long_line,2876,295,2903,2926
src/content/blog/OEL-144/mi-chiamo-lucia.md,yes,monoblock_long_line,2602,721,14903,14973
src/content/blog/OEL-144/non-era-normale.md,yes,monoblock_long_line,1299,163,1369,1384
src/content/blog/OEL-144/paprika-la-serie-a-cartoni-che-supera-lhandicap.md,yes,"html_generic,monoblock_long_line",1087,276,2375,1821
src/content/blog/OEL-144/perche-in-lis.md,yes,monoblock_long_line,793,507,5086,5092
src/content/blog/OEL-144/persone-con-disabilita-intellettiva-al-voto-se-ne-parlera-anche-in-tv.md,yes,"html_generic,monoblock_long_line",870,870,3148,2585
src/content/blog/OEL-144/piu-anni-scolastici-per-gli-alunni-con-disabilita-cosa-ne-pensano-le-famiglie.md,yes,"html_generic,monoblock_long_line",1830,679,7612,7073
src/content/blog/OEL-144/progetto-sperimentale-di-assistenza-balneare-a-crotone.md,yes,"html_generic,monoblock_long_line",815,319,2223,1660
src/content/blog/OEL-144/qual-e-il-tuo-figlio-preferito.md,yes,,0,0,0,1
src/content/blog/OEL-144/quando-il-gioco-e-difficile-o-impossibile.md,yes,monoblock_long_line,912,361,2032,2036
src/content/blog/OEL-144/raggi-di-sole.md,yes,monoblock_long_line,980,838,5343,5344
src/content/blog/OEL-144/riccione-ex-mattatoio-riqualificato-a-centro-di-accoglienza-per-disabilita.md,yes,"html_generic,monoblock_long_line",1157,448,3056,2494
src/content/blog/OEL-144/seminario-gratuito-a-bari-sulle-politiche-per-la-disabilita.md,yes,"html_generic,monoblock_long_line",626,348,2241,1676
src/content/blog/OEL-144/special-olympics-invernali-2018-al-via-dal-18-marzo.md,yes,"html_generic,monoblock_long_line",660,420,3220,2655
src/content/blog/OEL-144/speechless-quando-la-disabilita-e-ironia.md,yes,"html_generic,monoblock_long_line",1087,537,2253,1688
src/content/blog/OEL-144/spes-contra-spem-alla-scoperta-di-roma-antica.md,yes,"html_generic,monoblock_long_line",668,312,2502,1943
src/content/blog/OEL-144/spiegare-la-disabilita-agli-studenti-del-liceo.md,yes,"html_generic,monoblock_long_line",866,797,4292,3729
src/content/blog/OEL-144/stephen-wiltshire-lartista-autistico-che-riproduce-a-memoria-lo-skyline-di-new-york.md,yes,"html_generic,monoblock_long_line",2046,271,2823,2267
src/content/blog/OEL-144/storia-di-unamicizia.md,yes,monoblock_long_line,973,471,5357,5377
src/content/blog/OEL-144/studentinsella-a-salerno-coinvolti-gli-studenti-con-disabilita.md,yes,"html_generic,monoblock_long_line",626,425,3610,3048
src/content/blog/OEL-144/texas-il-parco-divertimenti-dedicato-ai-bambini-con-disabilita.md,yes,"html_generic,monoblock_long_line",717,426,2829,2268
src/content/blog/OEL-144/torino-salone-off-2018-visite-guidate-gratuite-a-vietato-non-sfogliare.md,yes,"html_generic,monoblock_long_line",916,347,2238,1676
src/content/blog/OEL-144/tutti-possono-essere-santi.md,yes,monoblock_long_line,631,357,4806,4814
src/content/blog/OEL-144/una-mappa-di-ricordi-virtuale-per-contrastare-lalzheimer.md,yes,"html_generic,monoblock_long_line",1291,421,8503,7953
src/content/blog/OEL-144/vadoalmuseo-liniziativa-per-aumentare-lautonomia-dei-giovani-con-disabilita-intellettiva.md,yes,"html_generic,monoblock_long_line",1813,480,3557,3000
src/content/blog/OEL-144/vite-straordinarie.md,yes,monoblock_long_line,2378,297,2381,2393
src/content/blog/OEL-144/voglio-il-mio-mare-la-mostra-di-design-di-studenti-e-persone-disabili.md,yes,"html_generic,monoblock_long_line",941,389,7184,6631
src/content/blog/OEL-144/wheelchair-hockey-per-la-prima-volta-italia-campione-del-mondo.md,yes,"html_generic,monoblock_long_line",626,305,2826,2259
src/content/blog/OEL-144/wonder-giusy.md,yes,monoblock_long_line,864,299,1807,1809
src/content/blog/OEL-145/dalle-province-n-145.md,yes,"html_generic,monoblock_long_line",2124,310,7136,6606
src/content/blog/OEL-145/dialogo-aperto-n-145.md,yes,"html_generic,monoblock_long_line",3430,365,6869,6327
src/content/blog/OEL-145/faccio-salti-altissimi.md,yes,monoblock_long_line,1007,450,3831,3834
src/content/blog/OEL-145/il-mare-non-serve-a-niente.md,yes,monoblock_long_line,1086,450,3893,3900
src/content/blog/OEL-145/il-pittore-che-aveva-capito-tutto.md,yes,monoblock_long_line,1505,450,5211,5235
src/content/blog/OEL-145/io-vado-poco-a-teatro.md,yes,monoblock_long_line,1093,504,4315,4324
src/content/blog/OEL-145/isacco-il-figlio-imperfetto.md,yes,monoblock_long_line,1055,450,3870,3874
src/content/blog/OEL-145/la-casa-famiglia-e-leta-che-avanza.md,yes,monoblock_long_line,1103,989,5935,5949
src/content/blog/OEL-145/la-curiosita-di-raccontare-il-mondo.md,yes,monoblock_long_line,990,422,5619,5640
src/content/blog/OEL-145/longevita-nella-disabilita.md,yes,monoblock_long_line,1321,499,7683,7702
src/content/blog/OEL-145/non-ho-paura-perche-sono-lamica-del-cuore-di-sara.md,yes,monoblock_long_line,617,371,1820,1832
src/content/blog/OEL-145/nuova-ricetta-a-masterchef-una-delicatezza-non-pietosa.md,yes,monoblock_long_line,670,504,4197,4204
src/content/blog/OEL-145/preziosi-punti-di-vista.md,yes,"html_generic,monoblock_long_line",1825,1243,3499,2943
src/content/blog/OEL-145/storia-di-una-promessa-mantenuta.md,yes,monoblock_long_line,668,450,5155,5162
src/content/blog/OEL-145/storie-di-cui-fare-tesoro.md,yes,monoblock_long_line,1396,477,6286,6303
src/content/blog/OEL-145/un-anticipo-di-vecchiaia.md,yes,monoblock_long_line,541,504,3942,3950
src/content/blog/OEL-145/una-piazzetta-per-chi-diventa-anziano.md,yes,monoblock_long_line,1036,535,6199,6211
src/content/blog/OEL-146/ci-ha-fatto-vedere-cio-che-non-avevamo-ancora-visto.md,yes,monoblock_long_line,779,543,5826,5848
src/content/blog/OEL-146/come-avrei-voluto-vederti-piu-spesso.md,yes,monoblock_long_line,1290,322,1290,1299
src/content/blog/OEL-146/daje-benedetta-daje-tu-bello.md,yes,monoblock_long_line,1795,824,4107,4132
src/content/blog/OEL-146/il-coraggio-di-cambiare.md,yes,monoblock_long_line,1361,1361,5082,5101
src/content/blog/OEL-146/il-tesoro-nascosto-nel-campo.md,yes,monoblock_long_line,999,451,6297,6317
src/content/blog/OEL-146/il-tuo-ultimo-soffio.md,yes,monoblock_long_line,778,451,5837,5865
src/content/blog/OEL-146/jean-e-il-carro-di-genevieve.md,yes,monoblock_long_line,1328,430,7861,7902
src/content/blog/OEL-146/levatrice-di-cose-nuove.md,yes,monoblock_long_line,824,824,7060,7077
src/content/blog/OEL-146/uomo-del-regno.md,yes,monoblock_long_line,2153,1302,3458,3470
src/content/blog/OEL-147/amore-caro.md,yes,monoblock_long_line,840,556,2958,2962
src/content/blog/OEL-147/catalogo-di-prelibatezze.md,yes,monoblock_long_line,2309,292,4915,4939
src/content/blog/OEL-147/chi-cura-le-anime.md,yes,monoblock_long_line,1881,556,3677,3686
src/content/blog/OEL-147/dialogo-aperto-n-147.md,yes,monoblock_long_line,5800,1802,7161,7197
src/content/blog/OEL-147/il-cantiere-delle-buone-notizie.md,yes,monoblock_long_line,1822,556,3940,3949
src/content/blog/OEL-147/la-chiesa-ci-accoglie-davvero.md,yes,monoblock_long_line,2246,556,7478,7511
src/content/blog/OEL-147/la-tua-vita-e-la-mia.md,yes,monoblock_long_line,992,556,3806,3808
src/content/blog/OEL-147/lalfabeto-che-manca.md,yes,monoblock_long_line,1923,620,5031,5043
src/content/blog/OEL-147/lucrezia-e-il-marco-di-ieri-e-di-oggi.md,yes,monoblock_long_line,1288,556,8863,8900
src/content/blog/OEL-147/ma-stai-pensando-a-me.md,yes,monoblock_long_line,5223,1074,5223,5260
src/content/blog/OEL-147/ogni-tanto-dobbiamo-svagarci.md,yes,monoblock_long_line,3119,1347,3119,3129
src/content/blog/OEL-147/per-tutti-persone.md,yes,monoblock_long_line,929,556,3793,3795
src/content/blog/OEL-147/per-una-teologia-meno-disabilitante.md,yes,monoblock_long_line,1782,556,6478,6499
src/content/blog/OEL-147/questa-e-bella-la-storia-di-rospella.md,yes,monoblock_long_line,834,196,1521,1522
src/content/blog/OEL-147/sempre.md,yes,monoblock_long_line,4029,1687,4030,4057
src/content/blog/OEL-147/una-dedica-che-andrebbe-cambiata.md,yes,monoblock_long_line,1148,292,5223,5249
src/content/blog/OEL-147/uno-dei-tanti.md,yes,monoblock_long_line,3307,556,5534,5554
src/content/blog/OEL-147/vita-fede-e-luce-n-147.md,yes,monoblock_long_line,1541,297,5100,5128
src/content/blog/OEL-148/27-gennaio-giornata-della-memoria.md,yes,monoblock_long_line,813,538,2239,2251
src/content/blog/OEL-148/a-ballare-ma-senza-elia-per-ora.md,yes,monoblock_long_line,905,179,2353,2380
src/content/blog/OEL-148/a-meta-tra-un-conclave-e-una-seduta-di-autocoscienza.md,yes,monoblock_long_line,982,463,4528,4538
src/content/blog/OEL-148/a-roma-un-workshop-dedicato-alla-disabilita-mentale-in-eta-adulta.md,yes,,389,389,3373,3374
src/content/blog/OEL-148/antigone.md,yes,monoblock_long_line,1263,290,1556,1563
src/content/blog/OEL-148/apre-la-prima-co-housing-per-persone-con-disabilita-nel-veneto.md,yes,monoblock_long_line,674,392,2312,2318
src/content/blog/OEL-148/bancomat-arrivano-le-audioguide-per-non-vedenti.md,yes,monoblock_long_line,820,480,2487,2493
src/content/blog/OEL-148/belli-tutti.md,yes,monoblock_long_line,1125,268,1244,1253
src/content/blog/OEL-148/boscoreale-raccolta-fondi-scolastica-per-persone-disabili.md,yes,monoblock_long_line,561,307,2061,2067
src/content/blog/OEL-148/brescia-raccolta-fondi-per-i-progetti-sollievo.md,yes,monoblock_long_line,1393,406,2806,2817
src/content/blog/OEL-148/buon-anno-da-ombre-e-luci.md,yes,,391,391,464,465
src/content/blog/OEL-148/chiamare-per-nome-la-paura.md,yes,monoblock_long_line,1939,712,5337,5352
src/content/blog/OEL-148/ciao-jean.md,yes,"html_generic,monoblock_long_line",626,245,2721,2160
src/content/blog/OEL-148/con-la-protezione-civile-un-campo-scuola-di-ragazzi-e-volontari-con-disabilita.md,yes,monoblock_long_line,512,359,2667,2673
src/content/blog/OEL-148/con-occhi-di-padre.md,yes,monoblock_long_line,1007,406,3850,3851
src/content/blog/OEL-148/conclusi-i-xxx-giochi-nazionali-invernali-special-olympics.md,yes,monoblock_long_line,672,449,4275,4283
src/content/blog/OEL-148/costretta-a-legarmi-i-capelli-e-la-regola.md,yes,monoblock_long_line,2024,140,2075,2111
src/content/blog/OEL-148/devotio-come-facilitare-la-partecipazione-di-persone-con-disabilita-alla-liturgia.md,yes,monoblock_long_line,694,694,3210,3213
src/content/blog/OEL-148/dialogo-aperto-n-148.md,yes,monoblock_long_line,1788,351,3683,3701
src/content/blog/OEL-148/dialogo-sulla-disabilita-a-palermo.md,yes,monoblock_long_line,717,337,1502,1507
src/content/blog/OEL-148/en-garde.md,yes,monoblock_long_line,1972,483,4712,4733
src/content/blog/OEL-148/forli-incontri-a-sostegno-di-genitori-di-figli-con-disabilita-visiva.md,yes,monoblock_long_line,751,358,2975,2982
src/content/blog/OEL-148/gara-di-solidarieta-a-siracusa-per-attrezzature-sportive.md,yes,,270,270,1386,1387
src/content/blog/OEL-148/gli-altri-siamo-noi.md,yes,monoblock_long_line,1376,1294,6364,6392
src/content/blog/OEL-148/ho-incontrato-gesu-mi-ha-detto-ti-voglio-bene.md,yes,monoblock_long_line,926,251,934,939
src/content/blog/OEL-148/hostability-il-progetto-di-turismo-accessibile-della-regione-lazio.md,yes,monoblock_long_line,3050,599,3050,3059
src/content/blog/OEL-148/il-casale-delle-arti-e-mestieri-un-progetto-di-integrazione-per-ragazzi-autistici.md,yes,monoblock_long_line,1371,1326,9878,9888
src/content/blog/OEL-148/il-piccolo-adolph-non-aveva-le-ciglia.md,yes,monoblock_long_line,1731,351,2347,2354
src/content/blog/OEL-148/in-casa-nostra-la-cucina-e-chiusa-a-chiave.md,yes,monoblock_long_line,827,443,8253,8272
src/content/blog/OEL-148/in-curva-sud.md,yes,monoblock_long_line,4329,2004,4329,4379
src/content/blog/OEL-148/io-ordino-con-te-il-servizio-per-bambini-con-disabilita-e-difficolta-linguistiche.md,yes,,493,344,1266,1268
src/content/blog/OEL-148/jesi-una-casa-per-incentivare-vita-autonoma-di-persone-con-disabilita.md,yes,,473,464,3307,3309
src/content/blog/OEL-148/kairos-la-storia-di-un-pugile-con-sindrome-di-down.md,yes,monoblock_long_line,1423,399,3185,3197
src/content/blog/OEL-148/la-comunit-luogo-del-perdono-e-della-festa-1.md,yes,monoblock_long_line,1015,824,4071,4078
src/content/blog/OEL-148/la-mia-caduta-da-cavallo.md,yes,monoblock_long_line,6482,340,7736,7779
src/content/blog/OEL-148/la-prossima-volta-lo-rifaccio.md,yes,monoblock_long_line,1134,179,3234,3288
src/content/blog/OEL-148/la-scrittura-non-va-in-esilio.md,yes,monoblock_long_line,1291,498,3680,3691
src/content/blog/OEL-148/la-straniera.md,yes,monoblock_long_line,1479,391,3943,3952
src/content/blog/OEL-148/larmes-de-silence.md,yes,monoblock_long_line,1146,824,3088,3093
src/content/blog/OEL-148/lavagna-inaugura-la-spiaggia-accessibile-alle-persone-con-disabilita.md,yes,monoblock_long_line,812,385,1643,1646
src/content/blog/OEL-148/le-grandi-domande-della-vita.md,yes,monoblock_long_line,1037,824,4233,4236
src/content/blog/OEL-148/le-ombre-e-le-luci-del-natale.md,yes,monoblock_long_line,629,406,1771,1774
src/content/blog/OEL-148/le-parole-rivoluzionarie-di-papa-francesco.md,yes,monoblock_long_line,1531,330,1786,1792
src/content/blog/OEL-148/legge-di-bilancio-cosa-cambia-per-le-persone-con-disabilita.md,yes,monoblock_long_line,606,597,4013,4015
src/content/blog/OEL-148/leta-giovane.md,yes,monoblock_long_line,1941,300,2270,2279
src/content/blog/OEL-148/linizio-di-una-nuova-vita.md,yes,monoblock_long_line,1775,385,6930,6974
src/content/blog/OEL-148/lo-sguardo-sulla-persona-con-disabilita.md,yes,monoblock_long_line,1266,361,4011,4019
src/content/blog/OEL-148/lo-straordinario-viaggio-di-nujeen.md,yes,monoblock_long_line,1117,304,2370,2376
src/content/blog/OEL-148/messaggio-di-papa-francesco-in-occasione-della-giornata-mondiale-delle-persone-con-disabilita.md,yes,monoblock_long_line,791,369,4246,4255
src/content/blog/OEL-148/mio-cugino-paolo.md,yes,monoblock_long_line,1654,196,1772,1788
src/content/blog/OEL-148/moda-e-disabilita-niente-e-impossibile.md,yes,monoblock_long_line,590,403,1509,1513
src/content/blog/OEL-148/nasce-network-sociale-la-rete-di-organizzazioni-del-ravennate.md,yes,monoblock_long_line,5238,758,5238,5260
src/content/blog/OEL-148/natale-nel-mondo.md,yes,monoblock_long_line,1002,436,1002,1008
src/content/blog/OEL-148/natura-sport-e-cultura-ad-eboli-parte-la-colonia-per-persone-con-disabilita.md,yes,monoblock_long_line,735,499,3136,3141
src/content/blog/OEL-148/non-mi-piace-andare-al-cinema.md,yes,monoblock_long_line,1382,145,2162,2204
src/content/blog/OEL-148/non-mi-piace-cucinare.md,yes,monoblock_long_line,1172,127,2208,2242
src/content/blog/OEL-148/one-more-jump.md,yes,monoblock_long_line,1811,433,2056,2064
src/content/blog/OEL-148/parchi-per-tutti-terzo-parco-accessibile-a-milano.md,yes,monoblock_long_line,660,439,2069,2075
src/content/blog/OEL-148/parolimparty-seconda-edizione-dellevento-multisport-inclusivo.md,yes,monoblock_long_line,3116,490,4089,4107
src/content/blog/OEL-148/polonia-sesto-convegno-nazionale-dei-catechisti-speciali.md,yes,monoblock_long_line,1362,274,1472,1481
src/content/blog/OEL-148/quegli-anni-tra-boston-e-chicago.md,yes,monoblock_long_line,3559,410,7198,7233
src/content/blog/OEL-148/questionario-ombre-e-luci.md,yes,,0,0,0,1
src/content/blog/OEL-148/rampe-fai-da-te-il-progetto-di-un-diciottenne-con-una-stampante-3d.md,yes,monoblock_long_line,1424,423,5722,5750
src/content/blog/OEL-148/regione-liguria-via-libera-a-progetti-per-disabilita-e-anziani.md,yes,monoblock_long_line,1243,478,3581,3593
src/content/blog/OEL-148/sconvolti-e-trasformati.md,yes,monoblock_long_line,1899,455,3153,3161
src/content/blog/OEL-148/scuola-disabilita-e-sostegno-su-aipd-la-guida-scaricabile.md,yes,monoblock_long_line,801,451,3709,3715
src/content/blog/OEL-148/son-mother.md,yes,monoblock_long_line,1901,367,2210,2218
src/content/blog/OEL-148/speciale-cinema-e-disabilita.md,yes,monoblock_long_line,559,306,4955,4961
src/content/blog/OEL-148/tanto-io-non-la-perdo.md,yes,monoblock_long_line,1793,199,2174,2209
src/content/blog/OEL-148/tenera-e-magnetica.md,yes,monoblock_long_line,3171,490,6375,6399
src/content/blog/OEL-148/toscana-nasce-il-forum-delle-associazioni-per-la-disabilita.md,yes,monoblock_long_line,796,532,3899,3905
src/content/blog/OEL-148/un-nuovo-centro-riabilitativo-equestre-dedicato-a-bambini-con-disabilita.md,yes,monoblock_long_line,613,332,1212,1214
src/content/blog/OEL-148/un-percorso-archeologico-subacqueo-per-persone-con-disabilita.md,yes,monoblock_long_line,841,595,3528,3532
src/content/blog/OEL-148/una-breccia-nel-muro.md,yes,monoblock_long_line,2217,502,5084,5103
src/content/blog/OEL-148/unica-nel-suo-genere.md,yes,monoblock_long_line,1487,447,7721,7759
src/content/blog/OEL-148/vita-fede-e-luce-n-148.md,yes,monoblock_long_line,1017,447,5069,5087
src/content/blog/OEL-148/vite-straordinarie-2.md,yes,monoblock_long_line,1197,354,2662,2670
src/content/blog/OEL-148/vittorio-e-la-zia-minni.md,yes,monoblock_long_line,2578,236,3832,3856
src/content/blog/OEL-148/willow-vrba.md,yes,monoblock_long_line,1342,388,1688,1694
src/content/blog/OEL-149/che-cose-una-sindrome.md,yes,monoblock_long_line,851,405,3487,3496
src/content/blog/OEL-149/chi-risponde-alle-domande.md,yes,monoblock_long_line,2401,449,6246,6266
src/content/blog/OEL-149/dialogo-aperto-n-149.md,yes,monoblock_long_line,1140,449,4165,4179
src/content/blog/OEL-149/il-corpo-dellamore.md,yes,monoblock_long_line,1960,461,3161,3170
src/content/blog/OEL-149/imperfetta.md,yes,monoblock_long_line,881,260,2700,2706
src/content/blog/OEL-149/jillian-la-divina.md,yes,monoblock_long_line,2004,282,6372,6410
src/content/blog/OEL-149/la-bambina-morbida.md,yes,monoblock_long_line,963,305,2787,2790
src/content/blog/OEL-149/la-nostra-casa-e-in-fiamme.md,yes,monoblock_long_line,1010,234,1928,1933
src/content/blog/OEL-149/la-rivoluzione-copernicana-di-lucas.md,yes,monoblock_long_line,1361,406,5826,5846
src/content/blog/OEL-149/negozi-e-pantaloni.md,yes,monoblock_long_line,1882,449,3832,3872
src/content/blog/OEL-149/per-le-strade-di-roma.md,yes,monoblock_long_line,2772,1207,2772,2785
src/content/blog/OEL-149/quaranta-occhi-puntati-dritti-su-di-te.md,yes,monoblock_long_line,1548,410,6944,6977
src/content/blog/OEL-149/quel-che-labito-fa.md,yes,monoblock_long_line,2697,357,3806,3821
src/content/blog/OEL-149/se-lo-diceva-coco-chanel.md,yes,monoblock_long_line,3099,1226,3099,3108
src/content/blog/OEL-149/sfilate-da-sogno.md,yes,monoblock_long_line,1622,478,4811,4826
src/content/blog/OEL-149/tranquilla-e-soddisfatta-di-me-stessa.md,yes,monoblock_long_line,1169,449,7635,7680
src/content/blog/OEL-149/vedersi-in-vetrina.md,yes,monoblock_long_line,1479,410,6427,6451
src/content/blog/OEL-149/vita-delle-province-n-149.md,yes,monoblock_long_line,1151,449,5581,5607
src/content/blog/OEL-15/casa-sacra-famiglia.md,yes,monoblock_long_line,1746,482,8436,8434
src/content/blog/OEL-15/dialogo-aperto-n15.md,yes,monoblock_long_line,2010,474,11807,11833
src/content/blog/OEL-15/la-fortuna-di-avere-daniela.md,yes,monoblock_long_line,4163,355,8163,8174
src/content/blog/OEL-15/mary-mount-settimane-al-sole.md,yes,monoblock_long_line,3341,661,11367,11401
src/content/blog/OEL-15/se-loro-non-si-muovono.md,yes,monoblock_long_line,1250,396,4032,4023
src/content/blog/OEL-15/vita-fede-e-luce-n15.md,yes,monoblock_long_line,6371,436,11825,11891
src/content/blog/OEL-150/come-sono-cambiato-in-questi-anni.md,yes,monoblock_long_line,4384,2021,4384,4400
src/content/blog/OEL-150/corrispondenze-e-zoomate-dalla-russia.md,yes,monoblock_long_line,1057,451,8120,8173
src/content/blog/OEL-150/dialogo-aperto-n-150.md,yes,monoblock_long_line,1031,807,5490,5508
src/content/blog/OEL-150/diversi.md,yes,monoblock_long_line,1905,673,7439,7458
src/content/blog/OEL-150/due-fratelli-e-la-brigata-inglese.md,yes,monoblock_long_line,973,673,6337,6350
src/content/blog/OEL-150/e-sono-150.md,yes,monoblock_long_line,1645,451,3525,3534
src/content/blog/OEL-150/give-me-liberty.md,yes,monoblock_long_line,1136,451,3976,3983
src/content/blog/OEL-150/i-bambini-sono-speranza.md,yes,monoblock_long_line,1177,673,3681,3687
src/content/blog/OEL-150/il-dono-oscuro.md,yes,monoblock_long_line,945,807,4721,4727
src/content/blog/OEL-150/interpreti-di-se-stessi.md,yes,monoblock_long_line,1376,807,7318,7333
src/content/blog/OEL-150/la-differenza-tra-shakespeare-e-insinna.md,yes,monoblock_long_line,1116,451,3515,3547
src/content/blog/OEL-150/la-varieta-in-cui-viviamo.md,yes,monoblock_long_line,1121,452,4115,4129
src/content/blog/OEL-150/quando-ho-recitato-sottovento.md,yes,monoblock_long_line,632,451,3168,3178
src/content/blog/OEL-150/risposte-concrete-per-bisogni-concreti.md,yes,monoblock_long_line,1331,491,6157,6175
src/content/blog/OEL-150/tempo-di-imparare-recensione-libro.md,yes,monoblock_long_line,838,516,3628,3635
src/content/blog/OEL-150/una-piccola-malga.md,yes,monoblock_long_line,857,451,9808,9863
src/content/blog/OEL-150/vicini-a-distanza.md,yes,monoblock_long_line,639,451,5503,5538
src/content/blog/OEL-150/vita-delle-province-n-150.md,yes,monoblock_long_line,1158,807,5870,5888
src/content/blog/OEL-151/accarezzando-insieme-lerba.md,yes,monoblock_long_line,1122,530,9496,9519
src/content/blog/OEL-151/ascoltare-per-costruire.md,yes,monoblock_long_line,843,509,3901,3903
src/content/blog/OEL-151/bird-languilla-che-diventa-padre.md,yes,monoblock_long_line,652,509,3523,3525
src/content/blog/OEL-151/buongustaio-dellarte.md,yes,monoblock_long_line,981,474,3387,3397
src/content/blog/OEL-151/come-olga-ribalta-la-sua-storia.md,yes,monoblock_long_line,1085,509,4383,4388
src/content/blog/OEL-151/dialogo-aperto-n-151.md,yes,monoblock_long_line,1248,561,5637,5650
src/content/blog/OEL-151/el-mtt-e-la-bambina.md,yes,monoblock_long_line,648,509,3768,3768
src/content/blog/OEL-151/estemporanea-e-personale.md,yes,monoblock_long_line,1103,360,4419,4428
src/content/blog/OEL-151/ferma-lo-sguardo.md,yes,monoblock_long_line,2328,276,3568,3583
src/content/blog/OEL-151/forse-una-ragione-ce.md,yes,monoblock_long_line,1344,508,4193,4201
src/content/blog/OEL-151/il-diritto-a-un-libro-vero.md,yes,monoblock_long_line,1270,585,7714,7741
src/content/blog/OEL-151/il-linguaggio-dellarte.md,yes,monoblock_long_line,880,431,8697,8717
src/content/blog/OEL-151/la-rivolta-liberante-di-un-figlio-sordo.md,yes,monoblock_long_line,1452,476,10013,10040
src/content/blog/OEL-151/metti-da-parte-la-fretta.md,yes,monoblock_long_line,1961,430,9353,9385
src/content/blog/OEL-151/museo-per-tutti.md,yes,monoblock_long_line,1268,561,5828,5839
src/content/blog/OEL-151/natura-e-musica.md,yes,monoblock_long_line,682,276,2436,2442
src/content/blog/OEL-151/noi-non-io.md,yes,monoblock_long_line,1801,589,5939,5951
src/content/blog/OEL-151/nutrire-talenti.md,yes,monoblock_long_line,1985,347,3223,3233
src/content/blog/OEL-151/vita-delle-province-n-151.md,yes,monoblock_long_line,1211,561,5902,5931
src/content/blog/OEL-152/abbandonati-su-strade-solitarie.md,yes,monoblock_long_line,1359,435,6413,6443
src/content/blog/OEL-152/adesso-saremo-tutti-diversi.md,yes,monoblock_long_line,1079,300,5426,5466
src/content/blog/OEL-152/al-compleanno-di-papa-francesco.md,yes,monoblock_long_line,1140,83,2123,2169
src/content/blog/OEL-152/anche-questanno-sono-riuscita-a-non-andare-sulla-neve.md,yes,monoblock_long_line,1938,110,2029,2072
src/content/blog/OEL-152/ausmerzen-vite-indegne-di-essere-vissute.md,yes,monoblock_long_line,1444,776,6039,6055
src/content/blog/OEL-152/avete-mai-interpretato-la-grotta-di-betlemme.md,yes,monoblock_long_line,3403,306,3403,3432
src/content/blog/OEL-152/biglietti-e-disegni.md,yes,monoblock_long_line,1248,515,3620,3629
src/content/blog/OEL-152/biografilm-festival-di-bologna.md,yes,monoblock_long_line,568,385,2449,2451
src/content/blog/OEL-152/brancolando-nella-solitudine.md,yes,monoblock_long_line,965,318,1893,1901
src/content/blog/OEL-152/campane-a-festa.md,yes,monoblock_long_line,751,416,2065,2071
src/content/blog/OEL-152/caro-presidente-sergio-mattarella.md,yes,monoblock_long_line,1366,509,4431,4468
src/content/blog/OEL-152/ce-un-problema-e-lo-affrontiamo.md,yes,monoblock_long_line,1141,393,9318,9316
src/content/blog/OEL-152/che-devo-fare-di-piu.md,yes,monoblock_long_line,729,440,2107,2122
src/content/blog/OEL-152/che-gran-caos-il-coronavirus-nella-vita-delle-persone-con-disabilita.md,yes,monoblock_long_line,1039,306,2687,2711
src/content/blog/OEL-152/che-significa-essere-fedeli-alleredita-che-si-e-ricevuta.md,yes,monoblock_long_line,796,422,4613,4628
src/content/blog/OEL-152/circa-il-concetto-di-apertura-dei-centri-diurni-riabilitativi.md,yes,monoblock_long_line,1279,836,10169,10211
src/content/blog/OEL-152/come-difficile-convivere-con-lepatite-b.md,yes,monoblock_long_line,1429,411,2461,2466
src/content/blog/OEL-152/come-e-nato-insieme-il-bollettino-di-fede-e-luce.md,yes,"heading_attached,monoblock_long_line",649,257,1783,1788
src/content/blog/OEL-152/come-spezzare-il-circolo.md,yes,monoblock_long_line,1715,393,2471,2481
src/content/blog/OEL-152/cosa-ce-oltre-la-scuola.md,yes,monoblock_long_line,1323,379,4281,4300
src/content/blog/OEL-152/cosa-si-potrebbe-imparare-dai-banchi-monoposto.md,yes,monoblock_long_line,662,440,4815,4820
src/content/blog/OEL-152/costruire-un-mondo-diverso-uguale-per-tutti.md,yes,monoblock_long_line,1280,301,3045,3059
src/content/blog/OEL-152/cronache-da-montemigliore.md,yes,monoblock_long_line,1916,437,4589,4611
src/content/blog/OEL-152/cronologia-dellinchiesta-e-cenni-storici.md,no,,421,421,3874,3874
src/content/blog/OEL-152/dai-ragazzi-del-muretto-a-quelli-dellaperitivo.md,yes,monoblock_long_line,775,400,2988,3008
src/content/blog/OEL-152/dal-gatto-sulla-cattedra-ai-monti-di-goethe.md,yes,monoblock_long_line,1514,612,5000,5005
src/content/blog/OEL-152/dalla-mattina-a-dopo-mezzanotte-fonda.md,yes,monoblock_long_line,669,410,3072,3099
src/content/blog/OEL-152/davanti-a-due-tsunami-newsletter-n-19.md,yes,monoblock_long_line,1788,518,6181,6192
src/content/blog/OEL-152/deve-finire-prima-di-subito.md,yes,monoblock_long_line,2118,124,2211,2249
src/content/blog/OEL-152/di-chi-ci-si-innamora.md,yes,monoblock_long_line,1166,438,3616,3626
src/content/blog/OEL-152/di-pagella-e-mascherina.md,yes,monoblock_long_line,681,329,2182,2194
src/content/blog/OEL-152/diario-di-bordo.md,yes,monoblock_long_line,1905,397,3584,3600
src/content/blog/OEL-152/diario-di-una-scuola-media-della-zisa.md,yes,monoblock_long_line,894,377,2420,2426
src/content/blog/OEL-152/due-passi-avanti-e-uno-indietro-newsletter-n-20.md,yes,monoblock_long_line,1045,431,4195,4200
src/content/blog/OEL-152/e-il-diritto-allo-studio.md,yes,monoblock_long_line,672,524,2959,2964
src/content/blog/OEL-152/e-iniziata-super-bene.md,yes,monoblock_long_line,824,280,2426,2449
src/content/blog/OEL-152/e-poi-arriva-il-natale-newsletter-n-27.md,yes,monoblock_long_line,693,449,5032,5036
src/content/blog/OEL-152/giochi-da-fare-a-casa.md,yes,monoblock_long_line,806,534,9799,9797
src/content/blog/OEL-152/giovedi-gnocchi.md,yes,monoblock_long_line,1264,368,3813,3828
src/content/blog/OEL-152/gossip.md,yes,monoblock_long_line,2102,131,2195,2232
src/content/blog/OEL-152/i-percorsi-piu-invisibili-newsletter-n-18.md,yes,monoblock_long_line,1181,458,3898,3904
src/content/blog/OEL-152/il-coraggio-di-essere-uguali.md,yes,monoblock_long_line,1862,857,9689,9723
src/content/blog/OEL-152/il-gatto-sulla-cattedra-newsletter-n-16.md,yes,monoblock_long_line,841,489,3479,3480
src/content/blog/OEL-152/il-primo-carnevale-di-antonella.md,yes,monoblock_long_line,687,237,2076,2089
src/content/blog/OEL-152/il-primo-di-tanti.md,yes,monoblock_long_line,777,523,2683,2687
src/content/blog/OEL-152/il-profumo-dello-strucolo-de-pomi.md,yes,monoblock_long_line,1210,338,3139,3153
src/content/blog/OEL-152/il-teatro-e-gioco-e-nel-gioco-non-si-smette-mai-di-crescere.md,yes,monoblock_long_line,1802,322,4108,4125
src/content/blog/OEL-152/in-auto-io-papa-e-umberto-tozzi.md,yes,monoblock_long_line,935,285,2564,2601
src/content/blog/OEL-152/in-memoriam-aktion-t4-la-mostra.md,yes,monoblock_long_line,2715,448,2929,2942
src/content/blog/OEL-152/in-ricordo-di-aldo.md,no,,354,354,3208,3208
src/content/blog/OEL-152/io-e-francesca.md,yes,monoblock_long_line,750,453,5955,5980
src/content/blog/OEL-152/io-lho-deciso-io-me-stessa.md,yes,monoblock_long_line,669,412,2295,2312
src/content/blog/OEL-152/io-lorenza-e-il-prosciutto-cotto.md,yes,monoblock_long_line,1898,92,1991,2035
src/content/blog/OEL-152/io-non-lo-so-cosa-mi-aspetto-dal-futuro.md,yes,monoblock_long_line,609,547,3386,3395
src/content/blog/OEL-152/iorestoacasa-stavolta-come-tutti.md,yes,monoblock_long_line,1233,373,3058,3072
src/content/blog/OEL-152/jean-vanier-le-sacrament-de-la-tendresse.md,yes,monoblock_long_line,1656,427,7300,7322
src/content/blog/OEL-152/khrshd-quattro-ragazzini-a-teheran.md,yes,monoblock_long_line,1760,497,2293,2299
src/content/blog/OEL-152/la-caponata-di-celli-che-unisce-litalia.md,yes,monoblock_long_line,996,465,3210,3221
src/content/blog/OEL-152/la-disabilita-ci-rende-umani.md,yes,monoblock_long_line,2295,397,2928,2941
src/content/blog/OEL-152/la-disabilita-nelle-serie-tv.md,yes,monoblock_long_line,1472,777,4613,4623
src/content/blog/OEL-152/la-freccia-di-viale-marconi.md,yes,monoblock_long_line,1215,186,2524,2561
src/content/blog/OEL-152/la-mia-amica-suor-marie-theo-di-dio.md,yes,monoblock_long_line,781,130,2198,2236
src/content/blog/OEL-152/la-mia-lourdes-e-quella-di-registi-demaizere-e-teurlai.md,yes,monoblock_long_line,1137,602,5090,5099
src/content/blog/OEL-152/la-piccola-artista-di-chartres.md,yes,monoblock_long_line,2497,2282,4304,4309
src/content/blog/OEL-152/la-potenza-delle-parole.md,yes,monoblock_long_line,1034,521,5365,5376
src/content/blog/OEL-152/la-quaresima-con-don-marco-2020-podcast.md,no,,0,0,0,1
src/content/blog/OEL-152/la-rigorista-del-tirreno.md,yes,monoblock_long_line,2783,149,2876,2928
src/content/blog/OEL-152/laltra-venezia.md,yes,monoblock_long_line,1123,509,6274,6288
src/content/blog/OEL-152/larca-internazionale-annuncia-i-risultati-dellindagine-indipendente.md,yes,monoblock_long_line,1323,451,6822,6836
src/content/blog/OEL-152/le-domande-che-ci-assillano-newsletter-n-26.md,yes,monoblock_long_line,796,412,5854,5854
src/content/blog/OEL-152/le-eta-della-signorina-uffa-newsletter-n-17.md,yes,monoblock_long_line,1005,511,3952,3957
src/content/blog/OEL-152/le-eta-della-vita-per-molti-ma-non-per-tutti.md,yes,monoblock_long_line,595,408,3199,3208
src/content/blog/OEL-152/le-nostre-gambe-newsletter-estiva-n-22.md,yes,,403,403,4511,4506
src/content/blog/OEL-152/le-polpette-di-federico.md,yes,,322,322,782,781
src/content/blog/OEL-152/lestate-insieme-newsletter-estiva-n-21.md,yes,monoblock_long_line,1192,677,5046,5053
src/content/blog/OEL-152/lo-scatto-della-pantera.md,yes,monoblock_long_line,1200,400,2691,2707
src/content/blog/OEL-152/lumanita-delle-persone.md,yes,monoblock_long_line,883,377,2970,2978
src/content/blog/OEL-152/ma-come-ve-lo-devo-dire-santo-cielo.md,yes,monoblock_long_line,2027,120,2120,2169
src/content/blog/OEL-152/mai-da-soli.md,yes,monoblock_long_line,684,328,3392,3403
src/content/blog/OEL-152/mamma-non-siamo-soli.md,yes,monoblock_long_line,505,390,2334,2341
src/content/blog/OEL-152/mi-ha-telefonato-giuseppe-conte.md,yes,monoblock_long_line,657,365,2239,2265
src/content/blog/OEL-152/mi-importa-solo-come-sei-ora.md,yes,monoblock_long_line,825,425,4871,4886
src/content/blog/OEL-152/molto-volentieri-pero-ogni-tanto.md,yes,monoblock_long_line,842,402,2673,2707
src/content/blog/OEL-152/nasce-insieme-il-bollettino-di-fede-e-luce.md,yes,monoblock_long_line,611,383,3170,3172
src/content/blog/OEL-152/nebbia-in-agosto.md,yes,monoblock_long_line,1755,356,2135,2143
src/content/blog/OEL-152/newsletter-n-10-sulla-regia-non-credente-di-lourdes.md,yes,monoblock_long_line,1132,496,5586,5592
src/content/blog/OEL-152/newsletter-n-11-la-fatica-di-non-potersi-salutare.md,yes,monoblock_long_line,1296,674,5769,5777
src/content/blog/OEL-152/newsletter-n-12-il-racconto-di-un-intero-paese.md,yes,,440,440,6296,6293
src/content/blog/OEL-152/newsletter-n-13-nuove-colonne-sonore-per-le-nostre-citta.md,yes,monoblock_long_line,3037,1829,9735,9754
src/content/blog/OEL-152/newsletter-n-14-accelerazioni-e-frenate.md,yes,monoblock_long_line,907,397,5472,5474
src/content/blog/OEL-152/newsletter-n-8-quando-il-buio-e-totale.md,yes,monoblock_long_line,2547,673,5638,5649
src/content/blog/OEL-152/newsletter-n7-la-sedia-e-lo-studio.md,yes,monoblock_long_line,950,506,5113,5116
src/content/blog/OEL-152/niccolo-tra-coloro-che-hanno-fatto-la-storia.md,yes,monoblock_long_line,965,573,5069,5090
src/content/blog/OEL-152/noi-non-loro-apriamo-il-dibattito.md,yes,monoblock_long_line,1250,365,5626,5632
src/content/blog/OEL-152/non-tutto-e-buio.md,yes,monoblock_long_line,976,711,2186,2192
src/content/blog/OEL-152/nonostante-jean-vanier-larca-rimane.md,yes,monoblock_long_line,1506,406,8384,8443
src/content/blog/OEL-152/oaza-ai-confini-della-finzione.md,yes,monoblock_long_line,2271,414,2404,2411
src/content/blog/OEL-152/ogni-tanto-salvo-senno-finisce-male.md,yes,monoblock_long_line,1025,147,2674,2718
src/content/blog/OEL-152/parlare-di-jean-vanier-in-comunita.md,yes,monoblock_long_line,860,368,4594,4610
src/content/blog/OEL-152/per-avviare-il-cambiamento.md,yes,monoblock_long_line,1193,576,4577,4590
src/content/blog/OEL-152/perche-dobbiamo-vivere-cosi.md,yes,monoblock_long_line,1751,335,1906,1915
src/content/blog/OEL-152/perche-non-ascoltiamo-la-risposta-di-gesu.md,yes,monoblock_long_line,726,442,3705,3724
src/content/blog/OEL-152/periodo-pesante-su-spalle-e-cuore.md,yes,monoblock_long_line,1260,547,3790,3795
src/content/blog/OEL-152/perso-nella-traduzione.md,yes,monoblock_long_line,1996,497,2529,2540
src/content/blog/OEL-152/quando-a-raccontare-la-shoah-sono-gli-ex-naxisti.md,yes,monoblock_long_line,2568,485,3089,3100
src/content/blog/OEL-152/quando-a-vincere-e-il-razzismo.md,yes,monoblock_long_line,866,481,1750,1756
src/content/blog/OEL-152/quando-il-buio-e-totale.md,yes,monoblock_long_line,2922,641,3033,3044
src/content/blog/OEL-152/quando-il-cinema-viene-in-soccorso-del-teatro.md,yes,monoblock_long_line,739,440,2571,2576
src/content/blog/OEL-152/quando-la-comunita-accoglie-senza-giudicare.md,yes,monoblock_long_line,1321,488,5967,5981
src/content/blog/OEL-152/quando-non-basta-firmare-unautocertificazione-per-uscire.md,yes,monoblock_long_line,949,479,3337,3353
src/content/blog/OEL-152/quando-sono-diventata-dottore-di-ricerca.md,no,,362,362,365,365
src/content/blog/OEL-152/quei-bisogni-non-ascoltati.md,yes,monoblock_long_line,1956,497,2489,2495
src/content/blog/OEL-152/quel-che-a-volte-serve-per-farsi-capire.md,yes,monoblock_long_line,751,194,2127,2152
src/content/blog/OEL-152/quel-pezzo-di-storia-che-non-puo-mancare.md,yes,monoblock_long_line,1359,359,4696,4713
src/content/blog/OEL-152/raccontare-la-malattia-in-presa-diretta.md,yes,monoblock_long_line,696,386,3045,3051
src/content/blog/OEL-152/ragazzi-mi-appello-a-voi.md,yes,monoblock_long_line,837,430,4201,4214
src/content/blog/OEL-152/riappropriarsi-della-propria-firma.md,yes,monoblock_long_line,875,459,3867,3874
src/content/blog/OEL-152/se-aspetto-poco-poco-arriva-la-risposta.md,yes,monoblock_long_line,2142,178,2235,2271
src/content/blog/OEL-152/se-e-la-teologia-a-essere-disabile.md,yes,monoblock_long_line,979,431,8088,8115
src/content/blog/OEL-152/se-le-immagini-parlano-piu-delle-parole-newsletter-n-15.md,yes,monoblock_long_line,1637,498,3867,3878
src/content/blog/OEL-152/sembra-ieri-newsletter-estiva-n-24.md,yes,,403,403,4500,4495
src/content/blog/OEL-152/sempre-la-damigella-mai-la-sposa.md,yes,monoblock_long_line,2355,504,6853,6891
src/content/blog/OEL-152/senza-alveare-a-natale.md,yes,monoblock_long_line,2099,638,6692,6714
src/content/blog/OEL-152/si-continua-a-crescere-insieme-anche-il-bollettino-insieme-cresce-e-sempre-di-piu.md,yes,monoblock_long_line,1173,645,7648,7663
src/content/blog/OEL-152/spazio-alla-creativita.md,yes,monoblock_long_line,596,517,2497,2500
src/content/blog/OEL-152/sqizo.md,yes,monoblock_long_line,1056,467,2497,2504
src/content/blog/OEL-152/storia-di-un-traghettatore.md,yes,monoblock_long_line,639,396,5722,5735
src/content/blog/OEL-152/sulla-barca-in-piazza-san-pietro.md,yes,monoblock_long_line,837,459,3372,3381
src/content/blog/OEL-152/testimonianza-di-un-risveglio.md,yes,monoblock_long_line,517,389,2140,2141
src/content/blog/OEL-152/topside-la-fuga-senza-meta-di-little-e-sua-madre.md,yes,monoblock_long_line,1620,497,2153,2160
src/content/blog/OEL-152/tutti-a-scuola-newsletter-estiva-n-23.md,yes,monoblock_long_line,1358,713,4614,4618
src/content/blog/OEL-152/uffa.md,yes,monoblock_long_line,1899,115,1992,2042
src/content/blog/OEL-152/un-altro-sguardo.md,yes,monoblock_long_line,2183,412,8604,8635
src/content/blog/OEL-152/un-dialogo-aperto-molto-speciale.md,yes,monoblock_long_line,871,281,900,903
src/content/blog/OEL-152/un-esperto-di-disabilita-nella-task-force-per-la-fase-2-dellemergenza-coronavirus-giampiero-griffo.md,yes,monoblock_long_line,1118,480,4533,4538
src/content/blog/OEL-152/un-giardino-per-ofelia.md,yes,monoblock_long_line,3701,344,3779,3799
src/content/blog/OEL-152/un-giornalino-una-donna-un-convento.md,yes,monoblock_long_line,3831,449,3875,3910
src/content/blog/OEL-152/un-tempo-per-parlare-e-un-tempo-per-tacere.md,yes,monoblock_long_line,1151,440,5858,5874
src/content/blog/OEL-152/vaccinarsi-non-e-un-gioco.md,yes,monoblock_long_line,2319,397,2568,2577
src/content/blog/OEL-152/vagabonde-sui-treni-damerica.md,yes,monoblock_long_line,765,318,1853,1856
src/content/blog/OEL-152/vangelo-immaginazione-e-intelligenza.md,yes,monoblock_long_line,1918,547,7639,7677
src/content/blog/OEL-152/viaggio-in-italia-newsletter-n25.md,yes,monoblock_long_line,1044,417,5670,5679
src/content/blog/OEL-152/vita-delle-province-n-152.md,yes,monoblock_long_line,1177,547,6169,6186
src/content/blog/OEL-152/zavorre-e-i-prescelti.md,yes,monoblock_long_line,1995,373,4196,4218
src/content/blog/OEL-153/dialogo-aperto-n-153.md,yes,monoblock_long_line,1088,252,3103,3125
src/content/blog/OEL-153/il-crimine-di-eva.md,yes,monoblock_long_line,1109,448,8494,8597
src/content/blog/OEL-153/imparare-a-cadere.md,yes,monoblock_long_line,847,433,2666,2669
src/content/blog/OEL-153/la-risposta-di-gesu.md,yes,monoblock_long_line,1207,279,1923,1938
src/content/blog/OEL-153/marco-cavallo.md,yes,monoblock_long_line,1150,238,3129,3136
src/content/blog/OEL-153/nella-casa-di-dario.md,yes,monoblock_long_line,1193,364,5207,5227
src/content/blog/OEL-153/per-una-storia-della-disabilita.md,yes,monoblock_long_line,1234,837,19661,19731
src/content/blog/OEL-153/tra-lame-che-affondano-e-ferite-medicate.md,yes,monoblock_long_line,1199,639,5579,5585
src/content/blog/OEL-153/tutta-unaltra-storia.md,yes,monoblock_long_line,1081,682,2976,2981
src/content/blog/OEL-153/una-piccola-matita-nelle-sue-mani.md,yes,monoblock_long_line,1379,365,5203,5235
src/content/blog/OEL-154/chi-mettere-al-centro-dellobiettivo.md,yes,monoblock_long_line,1249,547,6694,6699
src/content/blog/OEL-154/con-gli-occhi-di-corrado.md,yes,monoblock_long_line,1076,520,5863,5881
src/content/blog/OEL-154/cosa-ce-sotto-gli-aggettivi.md,yes,monoblock_long_line,953,433,2848,2852
src/content/blog/OEL-154/dialogo-aperto-n-154.md,yes,monoblock_long_line,837,612,5178,5187
src/content/blog/OEL-154/e-poi-saremo-salvi-di-alessandra-carati-recensione.md,yes,monoblock_long_line,1307,367,2786,2793
src/content/blog/OEL-154/eliminarli-dalla-nostra-vista.md,yes,monoblock_long_line,855,612,5886,5898
src/content/blog/OEL-154/far-vivere-il-luogo-e-le-persone-di-cui-si-e-custodi.md,yes,monoblock_long_line,1155,497,5812,5832
src/content/blog/OEL-154/incapace-di-reinventarsi.md,yes,monoblock_long_line,760,612,4748,4756
src/content/blog/OEL-154/maneggiare-con-cura-di-marco-bove-recensione.md,yes,monoblock_long_line,668,408,1579,1584
src/content/blog/OEL-154/mio-figlio-che-non-voleva-vedermi-piangere.md,yes,monoblock_long_line,1054,507,11317,11351
src/content/blog/OEL-154/nove-punti.md,yes,monoblock_long_line,1310,794,3925,3932
src/content/blog/OEL-154/pablo-che-vede-il-mondo-a-modo-suo.md,yes,monoblock_long_line,612,612,3698,3699
src/content/blog/OEL-154/piccole-cronache-dalla-lunigiana.md,yes,monoblock_long_line,819,533,4901,4909
src/content/blog/OEL-154/quante-cose-possono-nascere-intorno-a-un-libro.md,yes,monoblock_long_line,1250,612,5982,5993
src/content/blog/OEL-154/quello-che-non-uccide-di-david-lagercrantz-recensione.md,yes,monoblock_long_line,935,612,6393,6405
src/content/blog/OEL-154/una-specie-di-scintilla-di-elle-mcnicoll-recensione.md,yes,monoblock_long_line,1916,723,5590,5596
src/content/blog/OEL-155/dialogo-aperto-n-155.md,yes,monoblock_long_line,1635,505,2557,2570
src/content/blog/OEL-155/dietro-le-quinte-di-unassunzione.md,yes,monoblock_long_line,2160,653,9294,9317
src/content/blog/OEL-155/e-questo-e-niente-recensione.md,yes,monoblock_long_line,1055,238,1212,1217
src/content/blog/OEL-155/frammenti-di-solitudine-recensione.md,yes,monoblock_long_line,980,260,1145,1147
src/content/blog/OEL-155/i-ragazzi-della-via-pascoli-recensione.md,yes,monoblock_long_line,912,456,2596,2597
src/content/blog/OEL-155/mi-sento-grande.md,yes,monoblock_long_line,814,573,3028,3031
src/content/blog/OEL-155/perche-il-mare-non-e-sempre-lo-stesso.md,yes,monoblock_long_line,2082,189,2083,2111
src/content/blog/OEL-155/quarantadue-chilometri-tra-bellizzi-e-new-york.md,yes,monoblock_long_line,1358,781,7564,7576
src/content/blog/OEL-155/quel-regalo-immenso-chiamato-vaccino.md,yes,monoblock_long_line,1418,406,5561,5571
src/content/blog/OEL-155/ragazza-aspy-di-agnese-spotorno-recensione.md,yes,monoblock_long_line,2873,1753,2873,2879
src/content/blog/OEL-155/sentire-la-fine-del-mondo.md,yes,monoblock_long_line,699,522,4810,4813
src/content/blog/OEL-155/sogni-per-niente-speciali.md,yes,monoblock_long_line,1363,498,3407,3412
src/content/blog/OEL-155/stasera-milonga.md,yes,monoblock_long_line,1602,1025,5445,5453
src/content/blog/OEL-155/un-fiume-lungo-quanto-il-mediterraneo.md,yes,monoblock_long_line,1229,465,4882,4898
src/content/blog/OEL-155/visita-a-roccamonfina.md,yes,monoblock_long_line,1257,533,1258,1262
src/content/blog/OEL-156/a-4300-metri-di-altitudine-newsletter-n-31.md,yes,monoblock_long_line,710,367,4905,4908
src/content/blog/OEL-156/agendo-per-lagenda-si-apre-alla-societa-civile.md,yes,monoblock_long_line,2127,1006,6595,6609
src/content/blog/OEL-156/assieme-newsletter-n-30.md,yes,monoblock_long_line,1902,574,6644,6658
src/content/blog/OEL-156/atipici-newsletter-n-34.md,yes,monoblock_long_line,1028,460,2234,2236
src/content/blog/OEL-156/basaglia-il-dottore-dei-matti-recensione.md,yes,monoblock_long_line,1043,820,3619,3619
src/content/blog/OEL-156/bella-ma-inutile-cronache-da-trigoria.md,yes,monoblock_long_line,756,435,4488,4517
src/content/blog/OEL-156/campidoglio-approvata-la-mozione-coccia.md,yes,monoblock_long_line,1171,499,3802,3818
src/content/blog/OEL-156/carne-e-ossa-ai-fantasmi.md,yes,monoblock_long_line,2624,579,5718,5734
src/content/blog/OEL-156/cattedrale-di-raymond-carver-recensione.md,yes,monoblock_long_line,624,351,2651,2664
src/content/blog/OEL-156/che-strano-uovo.md,yes,monoblock_long_line,1241,404,6511,6548
src/content/blog/OEL-156/come-non-perdere-cio-che-abbiamo-vissuto.md,yes,monoblock_long_line,1465,442,7630,7671
src/content/blog/OEL-156/cronache-da-venezia-78.md,yes,monoblock_long_line,999,490,6791,6811
src/content/blog/OEL-156/dai-tram-notturni-alle-luci-del-palco.md,yes,monoblock_long_line,1158,820,6308,6319
src/content/blog/OEL-156/di-compleanni-e-di-greenpass.md,yes,monoblock_long_line,2042,297,2133,2163
src/content/blog/OEL-156/di-viaggi-in-antartide-e-ragazzi-atipici.md,yes,monoblock_long_line,700,527,2641,2647
src/content/blog/OEL-156/dialogo-aperto-n-156.md,yes,monoblock_long_line,995,392,1457,1463
src/content/blog/OEL-156/diario-di-efrem-lavoratore.md,yes,monoblock_long_line,2377,640,9223,9269
src/content/blog/OEL-156/dobbiamo-esser-prudenti-non-congelati.md,yes,monoblock_long_line,2624,615,9376,9415
src/content/blog/OEL-156/dopo-la-passione-ce-sempre-la-resurrezione.md,yes,monoblock_long_line,1148,406,4676,4699
src/content/blog/OEL-156/dove-crescono-i-cocomeri-di-cindy-baldwin-recensione.md,yes,monoblock_long_line,1030,435,2765,2768
src/content/blog/OEL-156/e-adesso-viene-il-bello-newsletter-n-35.md,yes,monoblock_long_line,989,507,2852,2856
src/content/blog/OEL-156/e-bello-avere-un-posto-dove-lavorare.md,yes,monoblock_long_line,1270,275,1270,1278
src/content/blog/OEL-156/e-iniziata-la-scuola-ma-la-situazione-non-e-chiara.md,yes,monoblock_long_line,531,406,1911,1919
src/content/blog/OEL-156/e-nato-qualcosa-che-nessuno-aveva-previsto.md,yes,monoblock_long_line,1083,586,5364,5381
src/content/blog/OEL-156/essere-comunita-newsletter-n-28.md,yes,monoblock_long_line,761,453,4428,4436
src/content/blog/OEL-156/essere-figlia-e-sorella-di-persone-non-udenti.md,yes,monoblock_long_line,1137,657,3616,3627
src/content/blog/OEL-156/fare-rete-con-la-rete.md,yes,monoblock_long_line,1101,725,4591,4599
src/content/blog/OEL-156/gia-nostro-figlio.md,yes,monoblock_long_line,1269,461,6762,6786
src/content/blog/OEL-156/gianciotto-malatesta-e-i-conti-che-tornano.md,yes,monoblock_long_line,1113,445,2554,2581
src/content/blog/OEL-156/grazie-papa-don-carlo.md,yes,monoblock_long_line,1045,288,1204,1209
src/content/blog/OEL-156/guida-per-le-comunita.md,yes,monoblock_long_line,628,480,3859,3868
src/content/blog/OEL-156/ho-votato.md,yes,monoblock_long_line,1453,547,4635,4672
src/content/blog/OEL-156/ibrahimui-sulle-spalle-di-justo.md,yes,monoblock_long_line,1157,715,6030,6047
src/content/blog/OEL-156/il-caso-potenzoni-di-federica-sciarelli-recensione.md,yes,monoblock_long_line,905,429,4538,4551
src/content/blog/OEL-156/il-cieco-che-non-voleva-vedere-titanic.md,yes,monoblock_long_line,1823,535,2562,2574
src/content/blog/OEL-156/il-diritto-di-chi.md,yes,monoblock_long_line,1625,418,7261,7286
src/content/blog/OEL-156/il-disagio-mentale-nelle-carceri-italiane.md,yes,monoblock_long_line,1005,555,5697,5714
src/content/blog/OEL-156/il-magazine-di-chi-scrive-con-gli-occhi.md,yes,monoblock_long_line,1782,536,6009,6022
src/content/blog/OEL-156/il-mio-amico-gimbo-ha-vinto-le-olimpiadi.md,yes,monoblock_long_line,2201,246,2292,2320
src/content/blog/OEL-156/il-mio-curriculum.md,yes,,458,389,2093,2095
src/content/blog/OEL-156/il-mistero-del-london-eye-recensione.md,yes,monoblock_long_line,1025,820,3545,3544
src/content/blog/OEL-156/il-mostro-che-ha-mangiato-gerardo.md,yes,monoblock_long_line,854,446,7077,7089
src/content/blog/OEL-156/intervista-a-matteo-mazzarotto-e-ivana-perri.md,yes,monoblock_long_line,899,449,12557,12584
src/content/blog/OEL-156/io-credo-in-te-di-luca-badetti-recensione.md,yes,monoblock_long_line,1460,649,4932,4940
src/content/blog/OEL-156/io-sono-chiesa.md,no,,359,359,1681,1681
src/content/blog/OEL-156/io-sono-in-sciopero-e-non-da-sola.md,yes,monoblock_long_line,1109,124,2301,2339
src/content/blog/OEL-156/jerome-lejeune.md,yes,monoblock_long_line,820,820,4369,4371
src/content/blog/OEL-156/la-bellezza-nella-mente-di-nicola-gronchi-e-liliana-dellosso-recensione.md,yes,monoblock_long_line,1722,534,5343,5353
src/content/blog/OEL-156/la-mela-e-solo-rimandata.md,yes,monoblock_long_line,754,580,2303,2275
src/content/blog/OEL-156/la-pizza-di-fine-anno.md,yes,monoblock_long_line,1024,215,2858,2903
src/content/blog/OEL-156/la-scuola-in-cui-nessuno-e-diverso.md,yes,monoblock_long_line,881,507,5916,5895
src/content/blog/OEL-156/la-violenza-del-mio-amore-di-dario-levantino-recensione.md,yes,monoblock_long_line,1419,771,5909,5916
src/content/blog/OEL-156/le-caramelle-e-la-forza-di-suor-ida-maria-ferri.md,yes,monoblock_long_line,1297,831,4475,4479
src/content/blog/OEL-156/le-donne-e-gli-uomini-della-seconda-fila.md,yes,monoblock_long_line,3587,2352,5458,5464
src/content/blog/OEL-156/le-ho-cantate-tuttissime.md,yes,monoblock_long_line,1750,269,2438,2459
src/content/blog/OEL-156/lettera-a-gennarino.md,yes,monoblock_long_line,1388,258,2835,2853
src/content/blog/OEL-156/loc-che-oggi-continua-a-benedirci.md,yes,monoblock_long_line,893,820,7523,7551
src/content/blog/OEL-156/marie-la-strabica-di-georges-simenon-recensione.md,yes,monoblock_long_line,735,364,3717,3724
src/content/blog/OEL-156/mi-volevo-fermare-ma-non-ho-potuto.md,yes,monoblock_long_line,549,331,2552,2557
src/content/blog/OEL-156/mia-sorella-mi-rompe-le-balle.md,yes,monoblock_long_line,1983,518,5477,5485
src/content/blog/OEL-156/no-gac-ma-sac.md,yes,monoblock_long_line,1105,615,8029,8053
src/content/blog/OEL-156/noi-due-siamo-uno-recensione.md,yes,monoblock_long_line,3589,2507,3589,3593
src/content/blog/OEL-156/padel-una-parola-che-non-si-capisce.md,yes,monoblock_long_line,1132,612,3896,3919
src/content/blog/OEL-156/perche-il-decreto-legislativo-1822020-ci-riporta-alla-scuola-di-quarantanni-fa.md,yes,monoblock_long_line,788,388,2421,2395
src/content/blog/OEL-156/poco-a-sud-dellequatore.md,yes,monoblock_long_line,1198,315,7419,7454
src/content/blog/OEL-156/pubblico-libri-e-voglio-che-tutti-possano-leggere.md,yes,monoblock_long_line,1070,583,6454,6468
src/content/blog/OEL-156/quando-la-protagonista-e-ridotta-a-comparsa.md,yes,monoblock_long_line,897,563,4107,4112
src/content/blog/OEL-156/quel-che-si-guarda-ma-non-si-vede.md,yes,monoblock_long_line,1459,820,6042,6051
src/content/blog/OEL-156/quel-che-ti-scava-dentro-newsletter-n-32.md,yes,monoblock_long_line,1205,705,6400,6410
src/content/blog/OEL-156/sboccia-la-primavera.md,yes,,321,321,321,322
src/content/blog/OEL-156/sono-tornata-al-mare.md,yes,monoblock_long_line,1717,166,2517,2552
src/content/blog/OEL-156/speranza-recensione.md,yes,monoblock_long_line,1044,820,3591,3591
src/content/blog/OEL-156/stupiti-e-grati.md,yes,monoblock_long_line,1009,820,4697,4702
src/content/blog/OEL-156/tornando-a-casa.md,yes,monoblock_long_line,1071,612,3219,3224
src/content/blog/OEL-156/tutto-quello-che-hanno-detto-di-preciso.md,yes,monoblock_long_line,1065,442,2483,2506
src/content/blog/OEL-156/un-gatto-la-comunita-e-il-nostro-apartheid.md,yes,monoblock_long_line,1088,433,5455,5473
src/content/blog/OEL-156/una-mattina-ti-ho-osservato-mentre-ti-svegliavi.md,yes,monoblock_long_line,925,385,8902,8944
src/content/blog/OEL-156/una-missione-fino-in-fondo.md,yes,monoblock_long_line,1259,305,4994,5036
src/content/blog/OEL-156/una-scuola-di-tutti-newsletter-n-29.md,yes,monoblock_long_line,1124,790,4729,4733
src/content/blog/OEL-156/vi-porto-a-conoscere-roma.md,yes,monoblock_long_line,614,426,2283,2286
src/content/blog/OEL-156/viaggi-e-visioni-newsletter-n-33.md,yes,monoblock_long_line,1758,430,4772,4780
src/content/blog/OEL-156/zero-to-hero-la-storia-di-so-wa-wai.md,yes,monoblock_long_line,903,500,2375,2380
src/content/blog/OEL-157/archeocasilina-recensione.md,yes,monoblock_long_line,1074,413,1226,1228
src/content/blog/OEL-157/chiediamo-a-zampetta-e-romeo.md,yes,monoblock_long_line,1030,479,4220,4230
src/content/blog/OEL-157/da-quellarmadio.md,yes,monoblock_long_line,971,497,4341,4354
src/content/blog/OEL-157/dialogo-aperto-n-157.md,yes,monoblock_long_line,588,240,1467,1475
src/content/blog/OEL-157/e-se-essere-sordi-fosse-un-superpotere.md,yes,monoblock_long_line,1354,660,4071,4080
src/content/blog/OEL-157/fanny-che-vede-un-futuro-per-se-stessa.md,yes,monoblock_long_line,703,468,2477,2484
src/content/blog/OEL-157/grido-di-pace.md,yes,monoblock_long_line,1103,468,2225,2228
src/content/blog/OEL-157/il-mio-pato-che-si-fa-sempre-trovare.md,yes,monoblock_long_line,1305,440,2940,2964
src/content/blog/OEL-157/la-cura-dellamore-recensione.md,yes,monoblock_long_line,1022,554,1485,1486
src/content/blog/OEL-157/larte-di-rialzarsi.md,yes,monoblock_long_line,924,357,2602,2613
src/content/blog/OEL-157/lotta-per-linclusione-recensione.md,yes,monoblock_long_line,590,439,1165,1165
src/content/blog/OEL-157/messe-le-basi-e-tempo-di-ricostruire.md,yes,monoblock_long_line,1888,477,10632,10685
src/content/blog/OEL-157/mirtilla-e-il-capitano.md,yes,monoblock_long_line,3853,671,3853,3867
src/content/blog/OEL-157/quel-riserbo-che-ha-conquistato-mio-figlio.md,yes,monoblock_long_line,826,424,2858,2867
src/content/blog/OEL-157/tutti-portano-tutti-ricevono.md,yes,monoblock_long_line,1125,804,4056,4067
src/content/blog/OEL-157/viale-di-valle-aurelia.md,yes,monoblock_long_line,1085,436,4241,4253
src/content/blog/OEL-158/affrontare-la-perdita.md,yes,monoblock_long_line,1234,665,7732,7747
src/content/blog/OEL-158/cammino-di-trasformazione.md,yes,monoblock_long_line,620,419,4054,4061
src/content/blog/OEL-158/come-abbiamo-comunicato-la-morte-di-una-persona-cara.md,no,monoblock_long_line,759,759,5263,5263
src/content/blog/OEL-158/dialogo-aperto-n-158.md,yes,monoblock_long_line,1364,287,2330,2348
src/content/blog/OEL-158/fotografie-da-chernobyl-allafghanistan.md,yes,monoblock_long_line,624,620,5805,5811
src/content/blog/OEL-158/modus-navigandi-recensione.md,yes,monoblock_long_line,911,622,3396,3395
src/content/blog/OEL-158/papa-dove-sei.md,yes,monoblock_long_line,1052,481,3033,3041
src/content/blog/OEL-158/per-sempre-altrove-recensione.md,yes,monoblock_long_line,778,620,3257,3258
src/content/blog/OEL-158/perche.md,yes,monoblock_long_line,1304,637,1957,1960
src/content/blog/OEL-158/riannodare-il-filo.md,yes,monoblock_long_line,1523,620,7833,7856
src/content/blog/OEL-158/se-le-universita-sono-state-le-prime-ad-ascoltare.md,yes,monoblock_long_line,1475,772,6287,6300
src/content/blog/OEL-158/serve-davvero-pregare-per-la-pace.md,yes,monoblock_long_line,801,760,5984,5991
src/content/blog/OEL-158/sono-vincent-e-non-ho-paura-recensione.md,yes,monoblock_long_line,1228,664,3787,3789
src/content/blog/OEL-158/specialita-catechista.md,yes,monoblock_long_line,807,439,3745,3752
src/content/blog/OEL-158/tifosi-dellaccessibilita.md,yes,monoblock_long_line,1040,417,3495,3506
src/content/blog/OEL-159/dialogo-aperto-n-159.md,yes,monoblock_long_line,1469,918,2692,2703
src/content/blog/OEL-159/festa-al-quirinale.md,yes,monoblock_long_line,1311,521,5475,5494
src/content/blog/OEL-159/giuditta-e-lorecchio-del-diavolo-recensione.md,yes,monoblock_long_line,521,521,2527,2525
src/content/blog/OEL-159/il-silenzio-del-mondo-recensione.md,yes,monoblock_long_line,521,521,2608,2607
src/content/blog/OEL-159/la-rivoluzione-del-coltello.md,yes,monoblock_long_line,765,547,3537,3549
src/content/blog/OEL-159/non-perdo-mai-un-incontro.md,yes,monoblock_long_line,1205,578,1206,1210
src/content/blog/OEL-159/ognuno-ride-a-modo-suo-recensione.md,yes,monoblock_long_line,1233,849,7383,7392
src/content/blog/OEL-159/pagine-bianche.md,yes,monoblock_long_line,1340,417,3153,3159
src/content/blog/OEL-159/perche-non-lo-portate-a-lourdes-recensione.md,yes,monoblock_long_line,904,664,1070,1074
src/content/blog/OEL-159/produzioni-fuori-dal-comune.md,yes,monoblock_long_line,1416,552,7992,8024
src/content/blog/OEL-159/questa-cosa-non-mi-piace-per-niente.md,yes,monoblock_long_line,2070,227,2071,2098
src/content/blog/OEL-159/tempo-di-vacanze-e-divertimento.md,yes,monoblock_long_line,834,561,2858,2861
src/content/blog/OEL-159/tikitaka.md,yes,monoblock_long_line,521,521,6083,6085
src/content/blog/OEL-16/come-i-cerchi-nellacqua.md,yes,monoblock_long_line,3066,630,3583,3565
src/content/blog/OEL-16/dialogo-aperto-n-16.md,yes,monoblock_long_line,1185,361,2375,2352
src/content/blog/OEL-16/festa-in-casa-con-lui.md,yes,monoblock_long_line,1647,309,3933,3931
src/content/blog/OEL-16/il-card-martini-alle-comunita-fede-e-luce.md,yes,monoblock_long_line,766,315,3647,3662
src/content/blog/OEL-16/il-convento-una-seconda-famiglia-per-giampiero.md,yes,monoblock_long_line,2848,295,8358,8396
src/content/blog/OEL-16/lo-zio-jurgens.md,yes,monoblock_long_line,1812,367,3851,3844
src/content/blog/OEL-16/mio-dio-come-e-duro-vivere-nella-prova.md,yes,monoblock_long_line,669,406,4251,4263
src/content/blog/OEL-16/ombre-e-luci-n-13-1986-sfogliabile.md,yes,html_generic,193,0,193,1
src/content/blog/OEL-16/ombre-e-luci-n-14-1986-sfogliabile.md,yes,html_generic,187,0,187,1
src/content/blog/OEL-16/ombre-e-luci-n-15-1986-sfogliabile.md,yes,html_generic,187,0,187,1
src/content/blog/OEL-16/ombre-e-luci-n-16-1986-sfogliabile.md,yes,html_generic,187,0,187,1
src/content/blog/OEL-16/ora-che-sono-sola-non-sono-piu-sola.md,yes,,486,408,2977,2981
src/content/blog/OEL-16/per-un-risveglio-religioso-dei-piu-handicappati.md,yes,"heading_attached,monoblock_long_line",1023,573,14710,14752
src/content/blog/OEL-16/perche-ho-dato-una-mano.md,yes,monoblock_long_line,773,346,3326,3339
src/content/blog/OEL-16/perche-si-manifestassero-in-lui-le-opere-di-dio.md,yes,monoblock_long_line,3130,866,27347,27450
src/content/blog/OEL-16/perche-uno-speciale.md,yes,monoblock_long_line,926,449,2265,2264
src/content/blog/OEL-16/prepariamolo-a-vivere-con-gli-altri.md,yes,monoblock_long_line,2866,382,7085,7100
src/content/blog/OEL-16/quando-arrivano-i-fatt-curagg.md,yes,monoblock_long_line,1851,334,2121,2103
src/content/blog/OEL-16/tenere-la-porta-aperta.md,yes,monoblock_long_line,794,794,4405,4409
src/content/blog/OEL-16/tutto-quello-che-ha-fatto-per-noi.md,yes,monoblock_long_line,1760,305,2956,2967
src/content/blog/OEL-16/vederli-migliorare.md,yes,monoblock_long_line,1699,292,6177,6189
src/content/blog/OEL-16/vita-fede-e-luce-n16-corso-di-formazione-di-ilkley.md,yes,monoblock_long_line,2901,446,12611,12659
src/content/blog/OEL-16/vivere-lultimo-istante.md,yes,monoblock_long_line,1677,395,1947,1929
src/content/blog/OEL-160/30-giorni-per-capire-lautismo-recensione.md,yes,,459,375,1402,1402
src/content/blog/OEL-160/94-9-35-e-18-le-cose-dietro-i-numeri.md,yes,monoblock_long_line,824,417,2021,2037
src/content/blog/OEL-160/a-chi-fa-paura-lassenso-informato.md,yes,monoblock_long_line,1115,443,4118,4132
src/content/blog/OEL-160/a-sua-immagine-recensione.md,yes,monoblock_long_line,1163,554,3364,3369
src/content/blog/OEL-160/abbassa-il-cielo-e-scendi-recensione.md,yes,monoblock_long_line,1015,601,3221,3223
src/content/blog/OEL-160/alberta-e-la-rivoluzione.md,yes,monoblock_long_line,904,512,7027,7048
src/content/blog/OEL-160/alla-ricerca-dellaltro-da-me.md,yes,monoblock_long_line,1090,691,5807,5822
src/content/blog/OEL-160/assegno-unico-e-universale-cosa-cambia-per-le-famiglie.md,yes,monoblock_long_line,835,451,7314,7322
src/content/blog/OEL-160/avete-mai-provato.md,yes,monoblock_long_line,1501,460,2450,2463
src/content/blog/OEL-160/campi-di-giochi.md,no,,240,240,241,241
src/content/blog/OEL-160/carissimo-roberto.md,yes,monoblock_long_line,1329,818,9161,9191
src/content/blog/OEL-160/ce-labbiamo-fatta-1.md,yes,monoblock_long_line,1061,672,6764,6786
src/content/blog/OEL-160/comunita-viaggianti.md,yes,monoblock_long_line,867,775,8141,8123
src/content/blog/OEL-160/da-bologna-a-roma-in-tandem.md,yes,monoblock_long_line,768,592,2136,2136
src/content/blog/OEL-160/declinazioni-di-speranza.md,yes,monoblock_long_line,697,400,3338,3344
src/content/blog/OEL-160/deja-vu-ventanni-dopo-dialogo-aperto-n-160.md,yes,monoblock_long_line,1433,345,1434,1441
src/content/blog/OEL-160/di-feste-amiche-e-papa-che-si-arrabbiano.md,yes,monoblock_long_line,1921,270,2519,2547
src/content/blog/OEL-160/di-gol-e-di-companatico.md,yes,monoblock_long_line,805,182,2417,2448
src/content/blog/OEL-160/disintegration-la-mostra-dei-laboratori-darte-di-santegidio.md,yes,monoblock_long_line,1098,490,2764,2769
src/content/blog/OEL-160/forza-roma.md,yes,monoblock_long_line,1037,161,2158,2190
src/content/blog/OEL-160/houria-come-il-corpo-guarisce-lanima.md,yes,monoblock_long_line,739,481,2838,2843
src/content/blog/OEL-160/il-grande-cavallo-blu-recensione.md,yes,monoblock_long_line,1037,653,3284,3285
src/content/blog/OEL-160/il-linguaggio-della-speranza.md,yes,monoblock_long_line,763,635,3752,3760
src/content/blog/OEL-160/il-male-dellindifferenza.md,yes,monoblock_long_line,738,437,3806,3817
src/content/blog/OEL-160/il-mondo-come-lo-vediamo-noi.md,yes,monoblock_long_line,967,614,5814,5821
src/content/blog/OEL-160/il-piacere-del-contatto.md,yes,monoblock_long_line,1170,554,5634,5657
src/content/blog/OEL-160/il-prof-ha-detto-che-mi-vuole-in-classe.md,yes,monoblock_long_line,2264,238,2318,2341
src/content/blog/OEL-160/imparare-a-sentire-ascoltando-il-mare.md,yes,monoblock_long_line,1865,640,12043,12120
src/content/blog/OEL-160/in-diretta-da-locarno.md,yes,monoblock_long_line,1371,627,5133,5141
src/content/blog/OEL-160/invertire-gli-addendi.md,yes,monoblock_long_line,697,536,6071,6079
src/content/blog/OEL-160/la-cosa-piu-bellissima.md,yes,monoblock_long_line,2312,202,2312,2347
src/content/blog/OEL-160/la-gioia-di-adea.md,yes,monoblock_long_line,1480,407,7861,7903
src/content/blog/OEL-160/la-magia-delle-nostre-vacanze-insieme.md,yes,monoblock_long_line,821,525,4271,4292
src/content/blog/OEL-160/lavoro-concerti-ricerche-e-amici.md,yes,monoblock_long_line,978,140,1945,1972
src/content/blog/OEL-160/lettera-agli-ex-colleghi.md,yes,monoblock_long_line,1302,225,2246,2266
src/content/blog/OEL-160/loro-che-sta-per-terra.md,yes,monoblock_long_line,861,305,861,866
src/content/blog/OEL-160/mi-piace-andare-al-mare.md,yes,monoblock_long_line,1054,620,4041,4049
src/content/blog/OEL-160/non-ci-penso-proprio.md,yes,monoblock_long_line,540,269,2092,2113
src/content/blog/OEL-160/non-siete-stati-ancora-sconfitti-recensione.md,yes,monoblock_long_line,1229,392,6062,6087
src/content/blog/OEL-160/otto-giorni-per-ventanni.md,yes,monoblock_long_line,1238,629,6349,6377
src/content/blog/OEL-160/parlo-di-quello-che-so.md,yes,monoblock_long_line,1492,401,1492,1503
src/content/blog/OEL-160/qualche-volta-voglio-e-qualche-volta-no.md,yes,monoblock_long_line,1082,620,4245,4271
src/content/blog/OEL-160/rimpadronirsi-del-proprio-corpo.md,yes,monoblock_long_line,649,406,1737,1742
src/content/blog/OEL-160/se-martini-aveva-detto-quasi-tutto.md,yes,monoblock_long_line,1327,758,3561,3567
src/content/blog/OEL-160/stavolta-ho-tifato-per-la-primavera-dellempoli.md,yes,monoblock_long_line,1323,820,4594,4618
src/content/blog/OEL-160/sul-cartellino-ce-scritto-benedetta-m.md,yes,monoblock_long_line,1072,164,2035,2059
src/content/blog/OEL-160/sulla-croce-come-gesu.md,yes,monoblock_long_line,1025,417,3803,3786
src/content/blog/OEL-160/tandem-in-trentino.md,no,,322,322,2455,2455
src/content/blog/OEL-161/dialogo-aperto-n-161.md,yes,monoblock_long_line,1732,596,12406,12449
src/content/blog/OEL-161/digitalizzando-ombre-e-luci-come-un-album-di-famiglia.md,yes,monoblock_long_line,3446,838,16139,16189
src/content/blog/OEL-161/felicemente-seduta-recensione.md,yes,monoblock_long_line,800,572,990,992
src/content/blog/OEL-161/gli-esordi-insieme-1974-1981.md,yes,monoblock_long_line,1291,712,4648,4663
src/content/blog/OEL-161/nuvole-a-dondolo-recensione.md,yes,monoblock_long_line,764,272,953,956
src/content/blog/OEL-161/per-rompere-la-solitudine.md,yes,monoblock_long_line,1246,486,7023,7050
src/content/blog/OEL-161/pharmakon-la-storia-del-talidomide-recensione.md,yes,monoblock_long_line,982,600,4119,4127
src/content/blog/OEL-161/pino-e-conny-sposi.md,yes,monoblock_long_line,1212,465,3246,3258
src/content/blog/OEL-161/pretese-fuori-mercato.md,yes,monoblock_long_line,659,409,2235,2240
src/content/blog/OEL-161/progettare-un-nuovo-numero.md,no,,280,280,2094,2094
src/content/blog/OEL-161/quattro-punti-cardinali-i-luoghi-di-ombre-e-luci-tra-i-quartieri-di-roma.md,yes,monoblock_long_line,1289,391,6087,6098
src/content/blog/OEL-161/quella-vera-fattura-da-pagare.md,yes,monoblock_long_line,1249,551,5936,5954
src/content/blog/OEL-161/repubblica-sorda-recensione.md,yes,monoblock_long_line,1113,283,1114,1120
src/content/blog/OEL-162/addio-irlandese.md,yes,monoblock_long_line,1142,656,1143,1146
src/content/blog/OEL-162/con-i-tre-fratelli.md,yes,monoblock_long_line,755,436,4089,4097
src/content/blog/OEL-162/da-due-persiane-socchiuse.md,yes,monoblock_long_line,1419,1029,3719,3725
src/content/blog/OEL-162/dallincontro-tra-zenia-e-borys.md,yes,monoblock_long_line,1150,537,5964,5992
src/content/blog/OEL-162/dialogo-aperto-n-162.md,yes,monoblock_long_line,2095,723,2977,2990
src/content/blog/OEL-162/dove-siamo-noi.md,yes,monoblock_long_line,1111,459,2323,2328
src/content/blog/OEL-162/far-luce-sulla-realta-delle-migrazioni.md,yes,monoblock_long_line,1363,520,2306,2309
src/content/blog/OEL-162/fuori-fuoco-recensione.md,yes,monoblock_long_line,1171,317,1172,1178
src/content/blog/OEL-162/gruppo-di-gruppi.md,yes,monoblock_long_line,1203,688,7205,7224
src/content/blog/OEL-162/i-fragili-recensione.md,yes,monoblock_long_line,1057,300,1290,1295
src/content/blog/OEL-162/la-luce-danza-irrequieta-recensione.md,yes,monoblock_long_line,1094,850,1310,1312
src/content/blog/OEL-162/ma-la-giorgia-tredicenne-di-oggi-chi-avrebbe-incontrato.md,yes,monoblock_long_line,827,423,3906,3924
src/content/blog/OEL-162/quando-ho-bussato-alla-porta-di-lyns-house.md,yes,monoblock_long_line,767,543,6320,6341
src/content/blog/OEL-162/ragazze-fragili.md,yes,monoblock_long_line,1109,480,6626,6652
src/content/blog/OEL-162/sorpresi-dal-risorto-recensione.md,yes,monoblock_long_line,1072,651,1221,1222
src/content/blog/OEL-163/almond-come-una-mandorla-recensione.md,yes,monoblock_long_line,905,249,1117,1122
src/content/blog/OEL-163/breve-storia-della-mia-gravidanza.md,yes,monoblock_long_line,677,442,2979,2985
src/content/blog/OEL-163/il-circo-delle-meraviglie-recensione.md,yes,monoblock_long_line,539,206,1255,1262
src/content/blog/OEL-163/in-favore-della-cura-di-pazienti-non-collaboranti.md,yes,monoblock_long_line,1067,820,4964,4978
src/content/blog/OEL-163/la-musica-del-mondo.md,yes,monoblock_long_line,958,329,3643,3661
src/content/blog/OEL-163/le-spalle-di-dio-recensione.md,yes,monoblock_long_line,973,250,1118,1123
src/content/blog/OEL-163/mitezza-recensione.md,yes,monoblock_long_line,846,222,987,990
src/content/blog/OEL-163/possibile-che-gabriele-non-abbia-un-posto.md,yes,monoblock_long_line,805,686,3312,3318
src/content/blog/OEL-163/ricette-e-soluzioni-vincenti.md,yes,monoblock_long_line,817,435,3919,3929
src/content/blog/OEL-163/se-io-diventa-noi.md,yes,monoblock_long_line,1011,516,3570,3578
src/content/blog/OEL-163/storie-dallestremo-oriente.md,yes,monoblock_long_line,1193,595,3468,3479
src/content/blog/OEL-163/un-diritto-finora-spesso-eluso.md,yes,monoblock_long_line,1503,441,9003,9044
src/content/blog/OEL-163/una-specie-di-erasmus-con-fede-e-luce.md,yes,monoblock_long_line,1489,768,5599,5623
src/content/blog/OEL-164/a-briciola-manca-solo-la-parola.md,yes,monoblock_long_line,816,252,1071,1083
src/content/blog/OEL-164/al-concerto-di-baglioni-che-non-canta-tozzi.md,yes,monoblock_long_line,615,399,2297,2315
src/content/blog/OEL-164/al-loyola-university-rome-center.md,yes,,473,374,1505,1506
src/content/blog/OEL-164/alfedena-per-immagini.md,yes,,486,252,1687,1691
src/content/blog/OEL-164/amen.md,yes,monoblock_long_line,843,256,2108,2130
src/content/blog/OEL-164/anche-io-tiro-i-rigori.md,yes,monoblock_long_line,1191,252,2459,2482
src/content/blog/OEL-164/andare-dal-dentista.md,yes,monoblock_long_line,1085,587,3476,3488
src/content/blog/OEL-164/brooke-amica-speciale.md,yes,monoblock_long_line,1394,472,1649,1656
src/content/blog/OEL-164/cameriere-per-finta.md,yes,monoblock_long_line,1297,350,2043,2057
src/content/blog/OEL-164/che-bello-prendere-il-treno.md,yes,monoblock_long_line,1261,325,5020,5053
src/content/blog/OEL-164/ci-ha-lasciato-la-professoressa-marie-odile-rhethore.md,yes,monoblock_long_line,674,347,2721,2732
src/content/blog/OEL-164/cose-la-laurea.md,yes,monoblock_long_line,504,442,2094,2106
src/content/blog/OEL-164/cura-e-civilta.md,yes,monoblock_long_line,1997,346,1998,2006
src/content/blog/OEL-164/dalla-festa-del-cinema-di-roma.md,yes,monoblock_long_line,954,543,7484,7507
src/content/blog/OEL-164/disabilmentemamme.md,yes,monoblock_long_line,1267,510,4139,4147
src/content/blog/OEL-164/dove-ci-sono-io-ce-anche-lui.md,yes,monoblock_long_line,1091,213,1340,1350
src/content/blog/OEL-164/dove-sei-piccolo-giulio-recensione.md,yes,monoblock_long_line,1078,399,1241,1244
src/content/blog/OEL-164/e-allimprovviso-che-fare.md,yes,monoblock_long_line,782,414,1445,1448
src/content/blog/OEL-164/ennio-lalieno-recensione.md,yes,monoblock_long_line,1061,243,1233,1238
src/content/blog/OEL-164/et-alla-bicoca.md,yes,monoblock_long_line,1796,359,1797,1811
src/content/blog/OEL-164/fiera-di-me-stessa.md,yes,monoblock_long_line,1111,185,2044,2070
src/content/blog/OEL-164/ho-deciso-di-prestare-la-mia-voce.md,yes,monoblock_long_line,1112,454,2817,2828
src/content/blog/OEL-164/ho-incontrato-gli-scooppiati.md,yes,monoblock_long_line,586,392,3581,3586
src/content/blog/OEL-164/ho-tante-cose-nuove.md,yes,monoblock_long_line,1949,131,1950,1984
src/content/blog/OEL-164/il-calcio-spiegato-da-me.md,yes,monoblock_long_line,2295,319,2296,2310
src/content/blog/OEL-164/il-ciclo-e-la-macchinetta-a-scuola.md,yes,monoblock_long_line,1222,186,2064,2091
src/content/blog/OEL-164/il-mio-cane-mi-ha-scelto.md,yes,monoblock_long_line,1580,248,1609,1619
src/content/blog/OEL-164/il-mio-primo-tuffo.md,yes,monoblock_long_line,559,386,948,951
src/content/blog/OEL-164/il-mio-secondo-mimo-a-san-pietro.md,yes,monoblock_long_line,1129,468,1130,1135
src/content/blog/OEL-164/impegnarsi-e-impegnarmi.md,yes,monoblock_long_line,775,505,2019,2022
src/content/blog/OEL-164/jun-recensione.md,yes,monoblock_long_line,939,696,1133,1134
src/content/blog/OEL-164/la-fragilita-alla-festa-del-cinema.md,yes,monoblock_long_line,1493,576,3862,3874
src/content/blog/OEL-164/la-luce-della-comunita-e-in-noi.md,yes,monoblock_long_line,1026,524,1922,1930
src/content/blog/OEL-164/la-mia-esperienza-con-il-taxi-sociale-a-roma.md,yes,monoblock_long_line,744,567,4692,4712
src/content/blog/OEL-164/la-mia-prima-vittoria.md,yes,,478,306,965,967
src/content/blog/OEL-164/la-mia-principessa-gilda.md,no,,339,339,684,684
src/content/blog/OEL-164/la-piu-bella-nuotata-della-mia-vita-recensione.md,yes,monoblock_long_line,974,458,1141,1148
src/content/blog/OEL-164/lavorando-alla-caritas.md,yes,monoblock_long_line,1010,479,2314,2321
src/content/blog/OEL-164/le-pappe-di-pippo.md,yes,monoblock_long_line,926,476,3718,3727
src/content/blog/OEL-164/linterezza-questa-sconosciuta.md,yes,monoblock_long_line,5189,437,9642,9704
src/content/blog/OEL-164/mai-avrei-pensato-che-sarei-riuscita-a-marciare-in-carrozzina.md,yes,,493,364,3159,3163
src/content/blog/OEL-164/me-stessa.md,yes,monoblock_long_line,610,277,2341,2365
src/content/blog/OEL-164/mr-rain-e-lda-sono-uno.md,yes,monoblock_long_line,1460,359,2523,2555
src/content/blog/OEL-164/nella-mia-parrocchia-non-sono-piu-accolta.md,yes,monoblock_long_line,775,699,3937,3952
src/content/blog/OEL-164/ombre-e-luci-in-inglese.md,yes,,491,437,1526,1529
src/content/blog/OEL-164/pagine-di-caduta-e-ripresa.md,yes,monoblock_long_line,2021,363,6016,6077
src/content/blog/OEL-164/partiamo-per-il-congo.md,no,,0,0,0,1
src/content/blog/OEL-164/perche-la-salute-conti-davvero.md,yes,monoblock_long_line,792,437,1999,2005
src/content/blog/OEL-164/proverbi-sullamicizia.md,yes,monoblock_long_line,1982,366,2496,2514
src/content/blog/OEL-164/qualcuno-che-non-ci-mette-da-parte.md,yes,monoblock_long_line,988,470,2144,2157
src/content/blog/OEL-164/quando-arriva-il-natale.md,yes,monoblock_long_line,1680,622,1681,1688
src/content/blog/OEL-164/quel-farabutto-del-cocomero.md,yes,monoblock_long_line,901,345,3892,3917
src/content/blog/OEL-164/soffro-dunque-siamo-recensione.md,yes,monoblock_long_line,846,510,1003,1007
src/content/blog/OEL-164/su-scuola-tatuaggi-e-tempo-che-non-va-perso.md,yes,monoblock_long_line,557,340,1944,1964
src/content/blog/OEL-164/tenerci-per-mano-insieme.md,yes,monoblock_long_line,668,523,2712,2724
src/content/blog/OEL-164/terra-e-polvere-quando-due-vite-scartate-si-ritrovano.md,yes,monoblock_long_line,1275,603,3328,3334
src/content/blog/OEL-164/un-cortometraggio-e-una-serie-a-chiudere-la-festa-del-cinema-di-roma.md,yes,monoblock_long_line,1263,404,3697,3708
src/content/blog/OEL-164/un-po-come-una-sirena.md,yes,monoblock_long_line,641,240,1298,1303
src/content/blog/OEL-164/venice-immersive-la-sezione-in-realta-virtuale-della-biennale.md,yes,monoblock_long_line,1547,568,5072,5088
src/content/blog/OEL-164/vivere-a-colori.md,yes,monoblock_long_line,944,340,2289,2298
src/content/blog/OEL-164/we-have-a-dream-cinque-storie-di-fragilita-ricche-di-speranza.md,yes,monoblock_long_line,1137,489,3766,3775
src/content/blog/OEL-165/alla-scoperta-di-un-ristorante-inclusivo.md,yes,monoblock_long_line,1063,444,3569,3585
src/content/blog/OEL-165/baglioni-e-il-canguro.md,yes,monoblock_long_line,2187,306,2188,2216
src/content/blog/OEL-165/baskin-a-monopoli.md,yes,monoblock_long_line,831,373,4300,4320
src/content/blog/OEL-165/dialogo-aperto-n-165.md,yes,monoblock_long_line,1190,300,5076,5100
src/content/blog/OEL-165/diciotto-recensione.md,yes,monoblock_long_line,938,604,1077,1080
src/content/blog/OEL-165/il-tempo-libero-e-davvero-libero.md,yes,monoblock_long_line,1908,665,1909,1915
src/content/blog/OEL-165/la-matta-di-piazza-giudia-recensione.md,yes,monoblock_long_line,883,537,1047,1048
src/content/blog/OEL-165/la-poesia-del-firmamento.md,no,,162,162,163,163
src/content/blog/OEL-165/la-vittoria-di-marie.md,yes,monoblock_long_line,724,651,3469,3477
src/content/blog/OEL-165/lestate-in-cui-mia-madre-ebbe-gli-occhi-verdi-recensione.md,yes,monoblock_long_line,1143,415,1144,1150
src/content/blog/OEL-165/meglio-di-una-bacchetta-magica.md,yes,monoblock_long_line,851,502,2201,2204
src/content/blog/OEL-165/oltre-le-barriere-imposte.md,yes,monoblock_long_line,836,394,1867,1871
src/content/blog/OEL-165/quel-dono-ricevuto-da-ricambiare.md,yes,monoblock_long_line,730,446,3930,3942
src/content/blog/OEL-165/quel-portachiavi-uguale-al-mio.md,yes,monoblock_long_line,1235,270,3520,3557
src/content/blog/OEL-165/serate-impossibili-e-una-possibilissima.md,yes,monoblock_long_line,757,462,6994,7012
src/content/blog/OEL-165/slime-recensione.md,yes,monoblock_long_line,840,383,1023,1028
src/content/blog/OEL-165/strategie-urbane.md,yes,monoblock_long_line,701,443,2468,2474
src/content/blog/OEL-165/tra-conquiste-e-fatiche.md,yes,monoblock_long_line,1668,274,6136,6182
src/content/blog/OEL-165/un-bravo-lavoratore.md,yes,monoblock_long_line,1884,1437,1885,1887
src/content/blog/OEL-166/alle-superiori-con-la-sindrome-di-rett.md,yes,monoblock_long_line,639,421,3461,3471
src/content/blog/OEL-166/chi-ben-comincia.md,yes,monoblock_long_line,1061,474,2059,2069
src/content/blog/OEL-166/chi-come-me-recensione.md,yes,monoblock_long_line,916,251,917,924
src/content/blog/OEL-166/e-se-rivoluzionassimo-la-spesa.md,yes,monoblock_long_line,924,394,5073,5095
src/content/blog/OEL-166/fare-ed-esserci.md,yes,monoblock_long_line,1160,300,4029,4049
src/content/blog/OEL-166/fu-un-buon-vento.md,yes,monoblock_long_line,1263,731,10505,10540
src/content/blog/OEL-166/il-mondo-in-un-punto-fisso-recensione.md,yes,monoblock_long_line,1007,382,1208,1211
src/content/blog/OEL-166/il-paese-dei-pazzi-recensione.md,yes,monoblock_long_line,1043,667,1281,1282
src/content/blog/OEL-166/la-parola-prende-vita.md,yes,monoblock_long_line,726,726,3617,3621
src/content/blog/OEL-166/porte-aperte.md,yes,monoblock_long_line,800,382,2942,2951
src/content/blog/OEL-166/quattro-pagine-in-voce-recensione.md,yes,monoblock_long_line,1588,513,1744,1749
src/content/blog/OEL-166/se-la-scuola-dellinclusione-mi-ha-insegnato-il-pensiero-critico.md,yes,,456,421,1585,1587
src/content/blog/OEL-166/se-un-pomeriggio-dura-quarantanni.md,yes,monoblock_long_line,1067,408,3594,3609
src/content/blog/OEL-166/una-relazione-importante.md,yes,monoblock_long_line,554,408,2763,2764
src/content/blog/OEL-167/a-ruota-libera-recensione.md,yes,monoblock_long_line,897,164,1054,1061
src/content/blog/OEL-167/abitare-le-differenze-recensione.md,yes,monoblock_long_line,1027,321,1198,1202
src/content/blog/OEL-167/attualita-di-un-centenario.md,yes,monoblock_long_line,1120,621,1981,1987
src/content/blog/OEL-167/benvenuti-al-sud.md,yes,monoblock_long_line,1304,612,7117,7145
src/content/blog/OEL-167/e-tu-slegalo.md,yes,monoblock_long_line,1050,532,2078,2083
src/content/blog/OEL-167/il-dono-e-la-citta-recensione.md,yes,monoblock_long_line,800,269,944,947
src/content/blog/OEL-167/il-grande-traghettatore-punto-per-punto.md,yes,monoblock_long_line,5897,566,5898,5917
src/content/blog/OEL-167/in-cammino-con-te.md,yes,monoblock_long_line,1357,323,4084,4109
src/content/blog/OEL-167/insegnare-al-principe-di-danimarca-recensione.md,yes,monoblock_long_line,1088,252,1275,1280
src/content/blog/OEL-167/marco-cavallo-nel-mondo.md,yes,monoblock_long_line,1318,587,4072,4086
src/content/blog/OEL-167/molto-piu-di-un-aggettivo.md,yes,monoblock_long_line,1515,510,8154,8184
src/content/blog/OEL-167/non-sono-abituato-a-fare-lo-zaino.md,yes,monoblock_long_line,1120,403,1120,1126
src/content/blog/OEL-167/storie-di-guerra-confini-e-speranza.md,yes,monoblock_long_line,843,415,3801,3808
src/content/blog/OEL-167/trasformare-le-pratiche.md,yes,monoblock_long_line,1999,426,3850,3847
src/content/blog/OEL-167/un-percorso-irreversibile-avviato-dal-basso.md,yes,monoblock_long_line,1683,473,4065,4078
src/content/blog/OEL-168/anniversario-di-matrimonio.md,yes,monoblock_long_line,1115,439,3288,3308
src/content/blog/OEL-168/avanti-veloce-viaggio-nelladhd-recensione.md,yes,monoblock_long_line,988,570,1244,1246
src/content/blog/OEL-168/batteria-scarica.md,yes,monoblock_long_line,533,386,3360,3373
src/content/blog/OEL-168/berlinale-74-riflessioni-su-cinema-disabilita-e-moralita-con-due-opere-provocatorie.md,yes,monoblock_long_line,1440,602,4988,4998
src/content/blog/OEL-168/cara-zia-cosima.md,no,,422,422,2143,2143
src/content/blog/OEL-168/cinema-di-rivoluzione-e-sperimentazione-alla-berlinale-74.md,yes,monoblock_long_line,2298,501,4313,4325
src/content/blog/OEL-168/come-e-andata-la-mia-gara-di-nuoto.md,yes,monoblock_long_line,550,256,719,721
src/content/blog/OEL-168/come-me-anche-la-sposa-era-vestita-di-bianco.md,yes,monoblock_long_line,2094,200,2095,2127
src/content/blog/OEL-168/come-si-richiede-una-sedia-a-rotelle.md,yes,monoblock_long_line,813,417,3201,3211
src/content/blog/OEL-168/dalla-berlinale-presente-e-passata.md,yes,monoblock_long_line,1316,958,4405,4408
src/content/blog/OEL-168/decido-io-di-mangiare-in-alto-a-sinistra.md,yes,monoblock_long_line,1936,112,1937,1973
src/content/blog/OEL-168/dialogo-aperto-n168.md,yes,monoblock_long_line,1095,610,3306,3317
src/content/blog/OEL-168/e-le-ferie.md,yes,monoblock_long_line,1017,428,1018,1022
src/content/blog/OEL-168/essere-bea-recensione.md,yes,monoblock_long_line,852,535,1170,1171
src/content/blog/OEL-168/foto-in-bianco-e-nero.md,yes,monoblock_long_line,664,371,3659,3670
src/content/blog/OEL-168/germogliare-da-un-dente-di-leone.md,yes,monoblock_long_line,1102,725,4331,4343
src/content/blog/OEL-168/il-cinema-spagnolo-al-festival-di-san-sebastin.md,yes,monoblock_long_line,876,468,4920,4927
src/content/blog/OEL-168/il-mio-primo-giro-in-bici.md,no,,336,336,927,927
src/content/blog/OEL-168/il-mio-soggiorno-in-salento.md,yes,monoblock_long_line,1157,842,3032,3034
src/content/blog/OEL-168/il-pranzo-di-natale-di-santegidio.md,yes,monoblock_long_line,705,188,708,715
src/content/blog/OEL-168/il-primo-avatar-che-parla-la-lis-e-capisce-le-emergenze.md,yes,monoblock_long_line,926,636,2632,2635
src/content/blog/OEL-168/in-cammino-verso-lautonomia-personale.md,no,,292,292,731,731
src/content/blog/OEL-168/io-che-aspetto-sempre-lalba-non-gli-scout-alla-messa-di-mezzogiorno.md,yes,monoblock_long_line,866,308,2056,2084
src/content/blog/OEL-168/la-casa-in-campagna.md,yes,monoblock_long_line,1606,276,1797,1811
src/content/blog/OEL-168/la-storia-della-reliquia-di-giovanni-paolo-ii.md,yes,monoblock_long_line,681,431,5178,5194
src/content/blog/OEL-168/la-trattoria-de-gli-amici.md,yes,,483,303,789,792
src/content/blog/OEL-168/la-vita-accanto-recensione.md,yes,monoblock_long_line,556,556,3902,3903
src/content/blog/OEL-168/la-vita-e-proprio-bella-e-vi-spiego-perche.md,yes,monoblock_long_line,503,427,2036,2037
src/content/blog/OEL-168/lavorare-come-cameriera-mi-piace-tantissimo.md,yes,monoblock_long_line,2063,143,2064,2095
src/content/blog/OEL-168/lincontro-che-cambia-la-vita.md,yes,monoblock_long_line,1191,744,5586,5600
src/content/blog/OEL-168/locarno-77-da-jane-campion-a-saul-bliuvait.md,yes,monoblock_long_line,689,594,4413,4415
src/content/blog/OEL-168/lora-di-greco-recensione.md,yes,monoblock_long_line,782,669,1001,1002
src/content/blog/OEL-168/modesta-valenti.md,yes,,470,278,925,930
src/content/blog/OEL-168/nuotando-con-amore.md,no,,434,434,1126,1126
src/content/blog/OEL-168/per-continuare-a-mettere-in-cerchio.md,yes,monoblock_long_line,1684,396,6843,6876
src/content/blog/OEL-168/per-una-giusta-rappresentazione-della-disabilita-sul-grande-schermo.md,yes,monoblock_long_line,1233,752,6024,6038
src/content/blog/OEL-168/piccole-ma-decisive.md,yes,monoblock_long_line,2035,545,2036,2047
src/content/blog/OEL-168/quale-liberta.md,yes,monoblock_long_line,764,524,3223,3233
src/content/blog/OEL-168/quando-incontri-lamore.md,no,,325,325,816,816
src/content/blog/OEL-168/quarantanni-di-ombre-e-luci.md,yes,monoblock_long_line,768,446,2330,2339
src/content/blog/OEL-168/quel-che-letichetta-racconta.md,yes,monoblock_long_line,1021,530,3841,3852
src/content/blog/OEL-168/rete.md,yes,monoblock_long_line,661,420,3602,3606
src/content/blog/OEL-168/riscoprire-una-chiesa-domestica.md,yes,monoblock_long_line,702,425,2854,2861
src/content/blog/OEL-168/rispondo-ai-commenti.md,yes,monoblock_long_line,542,128,661,666
src/content/blog/OEL-168/samusa-di-virginia-raffaele.md,no,,123,123,444,444
src/content/blog/OEL-168/san-sebastin-il-piu-piccolo-dei-grandi-festival.md,yes,monoblock_long_line,806,536,4489,4498
src/content/blog/OEL-168/sanremo-fin-dove-lho-visto-1.md,yes,monoblock_long_line,3861,426,3885,3907
src/content/blog/OEL-168/sanremo-fin-dove-lho-visto-2.md,yes,monoblock_long_line,2940,209,2964,2990
src/content/blog/OEL-168/sanremo-fin-dove-lho-visto-5.md,yes,monoblock_long_line,7162,594,7186,7221
src/content/blog/OEL-168/sognando-le-paralimpiadi.md,yes,monoblock_long_line,722,519,3245,3247
src/content/blog/OEL-168/sorpresa.md,yes,monoblock_long_line,624,437,2950,2957
src/content/blog/OEL-168/storia-dellaborto-recensione.md,yes,monoblock_long_line,1764,564,1975,1981
src/content/blog/OEL-168/storie-di-rinascita-e-solidarieta-in-le-cicogne-di-chernobyl.md,yes,monoblock_long_line,822,493,3840,3849
src/content/blog/OEL-168/testimoni-di-fede-e-luce.md,yes,monoblock_long_line,858,285,1385,1393
src/content/blog/OEL-168/ti-chiamano.md,yes,monoblock_long_line,1297,553,4724,4744
src/content/blog/OEL-168/trascendere-i-limiti-per-abbracciare-ogni-limite.md,yes,monoblock_long_line,1290,566,7738,7769
src/content/blog/OEL-168/una-pizza-un-caffe.md,yes,monoblock_long_line,848,440,3950,3961
src/content/blog/OEL-168/una-prospettiva-degna-della-nostra-umanita.md,yes,monoblock_long_line,1410,576,7677,7694
src/content/blog/OEL-168/vacanze-si-perche-no.md,yes,monoblock_long_line,823,449,3977,3984
src/content/blog/OEL-168/verso-una-pace-duratura.md,yes,monoblock_long_line,989,747,3687,3691
src/content/blog/OEL-168/zia-giuliana-il-carrellino-della-nonna-e-le-mie-domande.md,yes,monoblock_long_line,2198,152,2199,2238
src/content/blog/OEL-169/cinquantanni-di-pellegrinaggi.md,yes,monoblock_long_line,1927,498,1928,1935
src/content/blog/OEL-169/con-la-valigia-ma-senza-bagaglio.md,yes,monoblock_long_line,964,424,3628,3641
src/content/blog/OEL-169/di-chiavi-e-di-porte.md,yes,monoblock_long_line,1110,444,3756,3769
src/content/blog/OEL-169/dialogo-aperto-n-169.md,yes,monoblock_long_line,1513,314,2581,2595
src/content/blog/OEL-169/i-pellegrinaggi-di-fede-e-luce.md,yes,monoblock_long_line,5120,894,5426,5459
src/content/blog/OEL-169/la-scelta-di-geel.md,yes,monoblock_long_line,775,515,5868,5885
src/content/blog/OEL-169/limpossibile-diventa-possibile-recensione.md,yes,monoblock_long_line,1380,957,7508,7521
src/content/blog/OEL-169/lorco-del-piano-di-sotto-recensione.md,yes,monoblock_long_line,667,250,993,996
src/content/blog/OEL-169/mastri-biscottai-in-31-casette.md,yes,monoblock_long_line,1147,681,4521,4534
src/content/blog/OEL-169/qui-e-ora.md,yes,monoblock_long_line,1461,485,6160,6184
src/content/blog/OEL-169/storie-che-ci-vengono-affidate.md,yes,monoblock_long_line,2099,514,7617,7648
src/content/blog/OEL-169/tra-gli-ultimi-regali-di-mio-padre.md,yes,monoblock_long_line,1115,471,6906,6927
src/content/blog/OEL-169/vita-in-poverta.md,yes,monoblock_long_line,577,425,1673,1676
src/content/blog/OEL-17/cose-un-handicap-non-lo-so.md,yes,monoblock_long_line,703,406,7457,7479
src/content/blog/OEL-17/crescere-con-il-lavoro.md,yes,monoblock_long_line,3948,314,9606,9639
src/content/blog/OEL-17/dialogo-aperto-n17.md,yes,monoblock_long_line,872,332,4305,4212
src/content/blog/OEL-17/maschio-e-femmina-li-creo.md,yes,monoblock_long_line,740,443,10447,10473
src/content/blog/OEL-17/non-ha-piu-sedici-anni.md,yes,monoblock_long_line,849,486,10136,10146
src/content/blog/OEL-17/questa-casa-famiglia-e-una-risposta.md,yes,,447,447,7834,7830
src/content/blog/OEL-17/teresa-una-storia-di-lavoro-integrato.md,yes,monoblock_long_line,4499,427,9255,9301
src/content/blog/OEL-170/a-santiago-per-mio-figlio.md,yes,monoblock_long_line,556,446,5061,5075
src/content/blog/OEL-170/con-noi.md,yes,monoblock_long_line,1075,975,6072,6093
src/content/blog/OEL-170/dialogo-aperto-per-papa-francesco.md,yes,monoblock_long_line,1053,274,2321,2333
src/content/blog/OEL-170/in-pellegrinaggio-con-unitalsi-e-fede-e-luce.md,yes,monoblock_long_line,862,684,5575,5581
src/content/blog/OEL-170/linclusione-che-ancora-manca-nel-cinema-italiano.md,yes,monoblock_long_line,1208,436,4440,4451
src/content/blog/OEL-170/mal-di-nebbia-recensione.md,yes,monoblock_long_line,514,226,1105,1110
src/content/blog/OEL-170/mio-figlio-ha-degli-amici.md,yes,monoblock_long_line,532,354,2083,2089
src/content/blog/OEL-170/passo-lento-recensione.md,yes,monoblock_long_line,985,477,1155,1158
src/content/blog/OEL-170/pellegrinaggi-al-cinema.md,yes,monoblock_long_line,926,777,5167,5175
src/content/blog/OEL-170/scintilla-bellissima.md,yes,monoblock_long_line,900,718,4248,4256
src/content/blog/OEL-170/specchi-il-giubileo-del-mondo-del-volontariato-recensione.md,yes,monoblock_long_line,1372,800,1822,1825
src/content/blog/OEL-170/tuffarsi-nelle-storie-ma-mai-da-soli.md,yes,monoblock_long_line,1201,521,6040,6065
src/content/blog/OEL-170/un-venerdi-di-aprile-recensioni.md,yes,monoblock_long_line,1074,231,1251,1259
src/content/blog/OEL-170/verso-pompei-per-i-50-anni-di-fede-e-luce-in-italia.md,yes,monoblock_long_line,850,584,4599,4614
src/content/blog/OEL-171/accoglienza-alle-porte-di-roma.md,yes,"html_residue,html_generic,monoblock_long_line",1153,785,8571,8571
src/content/blog/OEL-171/cronaca-di-due-giorni-accidentati.md,yes,monoblock_long_line,998,500,6122,6143
src/content/blog/OEL-171/di-provini-porte-ed-energia.md,yes,monoblock_long_line,964,473,4341,4357
src/content/blog/OEL-171/dialogo-aperto-n-171.md,yes,monoblock_long_line,917,359,2237,2247
src/content/blog/OEL-171/difficile-senza-musica-recensione.md,yes,monoblock_long_line,927,220,1173,1179
src/content/blog/OEL-171/dissodare-il-terreno.md,yes,monoblock_long_line,1446,415,3387,3399
src/content/blog/OEL-171/il-senso-di-quel-che-facciamo.md,yes,monoblock_long_line,1469,451,6690,6720
src/content/blog/OEL-171/la-disabilita-non-e-una-vocazione-recensione.md,yes,monoblock_long_line,726,359,946,948
src/content/blog/OEL-171/nutrire-sogni.md,yes,monoblock_long_line,2161,577,2162,2169
src/content/blog/OEL-171/tra-i-vicoli-di-napoli.md,yes,monoblock_long_line,1366,915,4069,4075
src/content/blog/OEL-171/una-terza-via.md,yes,monoblock_long_line,1286,525,7843,7874
src/content/blog/OEL-172/a-parlare-non-ci-si-annoia-soprattutto-a-cena-insieme.md,yes,monoblock_long_line,582,294,2263,2276
src/content/blog/OEL-172/alla-piccola-marcia-di-assisi.md,yes,monoblock_long_line,1312,353,2896,2906
src/content/blog/OEL-172/cambiamenti-in-arrivo-nel-cinema-italiano.md,yes,monoblock_long_line,1017,435,5005,5017
src/content/blog/OEL-172/cartella-clinica-recensioni.md,yes,monoblock_long_line,765,260,924,927
src/content/blog/OEL-172/che-bello-vedere-tanti-giovani.md,yes,monoblock_long_line,829,299,2847,2863
src/content/blog/OEL-172/come-ogni-anno-da-oltre-ventanni.md,yes,monoblock_long_line,614,435,3388,3396
src/content/blog/OEL-172/di-feste-volute-e-di-feste-che-non-vorrei.md,yes,monoblock_long_line,1376,306,2076,2104
src/content/blog/OEL-172/di-polemiche-e-accessibilita-alla-berlinale75.md,yes,monoblock_long_line,953,498,4824,4836
src/content/blog/OEL-172/diario-del-campo.md,yes,monoblock_long_line,1076,290,3012,3033
src/content/blog/OEL-172/dio-ci-ama-tutti-incondizionatamente.md,no,,413,413,3174,3174
src/content/blog/OEL-172/domande-di-una-campionessa.md,yes,monoblock_long_line,1490,449,1942,1967
src/content/blog/OEL-172/dovete-farci-lavorare-e-cantare.md,yes,monoblock_long_line,623,315,2076,2091
src/content/blog/OEL-172/grazie-papa-francesco-per-quanto-ci-hai-voluto-bene.md,no,,420,420,2071,2071
src/content/blog/OEL-172/il-grande-coraggio-di-edith-stein.md,yes,monoblock_long_line,540,399,1702,1705
src/content/blog/OEL-172/in-vacanza-abbiamo-fatto-di-tutto.md,yes,monoblock_long_line,634,376,1920,1928
src/content/blog/OEL-172/intelligenza-artificiale-e-memoria-editoriale-il-mio-lavoro-con-ombre-e-luci.md,yes,"author_bio_footer,monoblock_long_line",4090,504,4091,2151
src/content/blog/OEL-172/io-stavo-per-mollare.md,yes,monoblock_long_line,1019,373,1936,1955
src/content/blog/OEL-172/la-tuscolana-non-e-dragoncello.md,yes,monoblock_long_line,873,405,1881,1886
src/content/blog/OEL-172/lemporio-del-cielo-e-della-terra-recensione.md,yes,monoblock_long_line,976,249,1154,1159
src/content/blog/OEL-172/lho-fatto-per-lui-non-per-me.md,yes,monoblock_long_line,1444,976,5993,6006
src/content/blog/OEL-172/loyola-university.md,yes,monoblock_long_line,1266,199,1267,1277
src/content/blog/OEL-172/lucio-che-non-ha-mai-fretta-e-lutilita-degli-sgabelli.md,yes,monoblock_long_line,667,361,2262,2286
src/content/blog/OEL-172/meglio-ballare-che-arrabbiarsi.md,yes,monoblock_long_line,608,336,1994,2023
src/content/blog/OEL-172/mio-cugino-claudio-al-profumo-di-lavanda.md,yes,monoblock_long_line,829,537,4274,4291
src/content/blog/OEL-172/nuotando-con-amore-ancora-una-volta.md,yes,monoblock_long_line,769,426,2686,2697
src/content/blog/OEL-172/risorse-per-una-catechesi-sensoriale-e-inclusiva.md,yes,monoblock_long_line,2237,331,6298,6298
src/content/blog/OEL-172/se-ci-sono-novita-sono-contento.md,yes,monoblock_long_line,1795,469,1796,1808
src/content/blog/OEL-172/se-sei-sola-invece-non-e-bello.md,yes,,497,387,1993,1998
src/content/blog/OEL-172/semplicemente-maria-recensioni.md,yes,monoblock_long_line,615,181,801,805
src/content/blog/OEL-172/te-lo-do-io-disney.md,no,,376,376,1294,1294
src/content/blog/OEL-172/un-pellegrinaggio-significativo.md,yes,monoblock_long_line,692,360,1992,2000
src/content/blog/OEL-172/una-festa-bellissima-ma-non-perfetta.md,yes,monoblock_long_line,861,487,2438,2450
src/content/blog/OEL-172/venezia-82-il-cinema-in-vr-che-racconta-la-disabilita-con-empatia.md,yes,monoblock_long_line,957,447,5379,5398
src/content/blog/OEL-18/bibliografia-italiana-sui-disturbi-delludito-e-del-linguaggio.md,yes,monoblock_long_line,616,211,2265,2241
src/content/blog/OEL-18/come-posso-insegnargli-qualcosa.md,yes,monoblock_long_line,614,446,6349,6333
src/content/blog/OEL-18/dal-diario-di-uninsegnante.md,yes,monoblock_long_line,1856,444,6787,6793
src/content/blog/OEL-18/dialogo-aperto-n-18.md,yes,monoblock_long_line,1332,399,4882,4325
src/content/blog/OEL-18/fame-di-normalita.md,yes,monoblock_long_line,889,393,8293,8312
src/content/blog/OEL-18/handicap-e-scautismo.md,yes,monoblock_long_line,2223,694,2818,2797
src/content/blog/OEL-18/il-bambino-che-giocava-con-la-luna.md,yes,monoblock_long_line,2574,239,3169,3167
src/content/blog/OEL-18/non-so-come-e-a-chi-dirlo.md,yes,monoblock_long_line,2301,804,8447,8472
src/content/blog/OEL-18/parla-senza-parole.md,yes,monoblock_long_line,4226,348,7369,7386
src/content/blog/OEL-18/rivista-hd-i-problemi-comportamentali-le-strategie-dintervento.md,yes,monoblock_long_line,1609,278,2204,2184
src/content/blog/OEL-18/un-prete-tra-i-balordi.md,yes,monoblock_long_line,1026,209,1633,1611
src/content/blog/OEL-18/vita-fede-e-luce-n-18.md,yes,monoblock_long_line,2072,382,7508,7509
src/content/blog/OEL-19/come-animare-un-gruppo.md,yes,monoblock_long_line,878,388,1627,1603
src/content/blog/OEL-19/danzero-per-te.md,no,,297,297,1237,1237
src/content/blog/OEL-19/dialogo-aperto-n19.md,yes,monoblock_long_line,1892,442,8890,8911
src/content/blog/OEL-19/forza-venite-gente.md,yes,monoblock_long_line,2158,304,3600,3585
src/content/blog/OEL-19/non-vedo-le-meraviglie-di-dio-ma-le-canto.md,yes,monoblock_long_line,2906,228,6522,6558
src/content/blog/OEL-19/pedagogia-della-fede.md,yes,monoblock_long_line,1752,238,2501,2488
src/content/blog/OEL-19/per-tutte-le-sabine-del-mondo.md,yes,monoblock_long_line,1533,546,3149,3127
src/content/blog/OEL-19/un-figlio-per-cinque-giorni.md,yes,monoblock_long_line,1289,284,2038,2017
src/content/blog/OEL-19/una-lettera-per-te.md,yes,,486,411,3276,3251
src/content/blog/OEL-19/vita-fede-e-luce-n-19.md,yes,monoblock_long_line,1737,431,6040,6040
src/content/blog/OEL-2/dialogo-aperto-n-2.md,yes,monoblock_long_line,1269,409,5057,5040
src/content/blog/OEL-2/e-sono-rimasta.md,yes,monoblock_long_line,1523,337,4380,4369
src/content/blog/OEL-2/fermatevi-per-ascoltarci.md,yes,,217,217,738,710
src/content/blog/OEL-2/intelligenze-prigioniere-intelligences-captives-di-jacqueline-baillod.md,yes,monoblock_long_line,1627,367,4833,4826
src/content/blog/OEL-2/la-paralisi-cerebrale-infantile.md,yes,monoblock_long_line,1488,443,5202,5187
src/content/blog/OEL-2/lassistenza-educativa-al-bambino-con-paralisi-cerebrale-nella-prima-infanzia.md,yes,monoblock_long_line,1339,404,3763,3740
src/content/blog/OEL-2/leducazione-religiosa-degli-handicappati-nelle-opere-di-henri-bissonier.md,yes,monoblock_long_line,2062,299,5793,5789
src/content/blog/OEL-2/lorenza-prima-di-essere-la-nostra-figlia-handicappata-e-stata-la-nostra-figlia.md,yes,monoblock_long_line,672,436,7503,7507
src/content/blog/OEL-2/non-temere.md,yes,,388,388,2652,2624
src/content/blog/OEL-2/speranza-a-dura-prova.md,yes,monoblock_long_line,1204,311,4943,4927
src/content/blog/OEL-2/terapia-con-il-cavallo.md,yes,monoblock_long_line,1161,740,4986,5006
src/content/blog/OEL-2/vicenza-il-centro-di-formazione-professionale-dellopera-francescana-charitas.md,yes,monoblock_long_line,2645,497,10388,10417
src/content/blog/OEL-2/vita-fede-e-luce-n2.md,yes,monoblock_long_line,673,434,9172,9160
src/content/blog/OEL-20/a-nome-di-tutti-i-miei.md,yes,monoblock_long_line,1982,448,2763,2743
src/content/blog/OEL-20/atteso-a-braccia-aperte.md,yes,monoblock_long_line,1137,383,5453,5449
src/content/blog/OEL-20/basta-poco-per-non-farci-sentire-soli.md,yes,monoblock_long_line,2192,276,2989,2987
src/content/blog/OEL-20/che-cosa-e-larche.md,yes,monoblock_long_line,860,353,5167,5164
src/content/blog/OEL-20/con-suo-padre.md,yes,monoblock_long_line,1327,188,2283,2270
src/content/blog/OEL-20/dialogo-aperto-n-20.md,yes,monoblock_long_line,2738,338,7606,7539
src/content/blog/OEL-20/handicap-e-comunita-cristiana-unesperienza-spunti-di-pastorale-per-gli-handicappati-psichici-gravi.md,yes,monoblock_long_line,1082,236,1093,1101
src/content/blog/OEL-20/il-chicco-casa-famiglia-dellarche.md,yes,monoblock_long_line,3120,427,10052,10067
src/content/blog/OEL-20/il-padre-assente.md,yes,monoblock_long_line,1618,478,4459,4458
src/content/blog/OEL-20/la-persona-con-disabilita-segno-di-contraddizione-e-fonte-di-unita.md,yes,monoblock_long_line,823,431,12019,12071
src/content/blog/OEL-20/ombre-e-luci-n-17-1987-sfogliabile.md,yes,html_generic,187,0,187,1
src/content/blog/OEL-20/quanti-sanno-il-silenzioso-impegno-dei-papa-una-voce-spesso-inascoltata.md,yes,monoblock_long_line,1059,659,12156,12204
src/content/blog/OEL-20/sono-il-papa-di-francesca.md,yes,monoblock_long_line,635,462,5192,5197
src/content/blog/OEL-20/suonare-perche-no.md,yes,monoblock_long_line,1678,498,8271,8288
src/content/blog/OEL-20/umili-gesti-che-sono-tutta-una-vita.md,yes,monoblock_long_line,3387,326,4168,4166
src/content/blog/OEL-20/vedendo-questo-pensava-dentro-di-se.md,yes,monoblock_long_line,837,350,1815,1823
src/content/blog/OEL-20/vita-fede-e-luce-n-20.md,yes,monoblock_long_line,7348,439,14701,14848
src/content/blog/OEL-21/addomesticare-la-malattia-mentale.md,yes,monoblock_long_line,2311,489,6190,6228
src/content/blog/OEL-21/aiutaci-a-migliorare-ombre-e-luci.md,yes,monoblock_long_line,2245,873,3201,2603
src/content/blog/OEL-21/bloccati-nel-sogno.md,yes,monoblock_long_line,2765,489,12131,12206
src/content/blog/OEL-21/che-cosa-ha-detto-il-papa-sullepilessia.md,yes,monoblock_long_line,1566,489,9151,9183
src/content/blog/OEL-21/dialogo-aperto-n-21.md,yes,monoblock_long_line,1935,418,9596,8274
src/content/blog/OEL-21/dove-vivono-come-vivono-le-persone-colpite-da-malattia-mentale.md,yes,monoblock_long_line,1032,178,1864,1844
src/content/blog/OEL-21/era-la-mamma-ma-anche-unaltra-persona.md,yes,monoblock_long_line,3891,447,5607,5033
src/content/blog/OEL-21/la-malattia-mentale.md,yes,monoblock_long_line,541,441,6044,5907
src/content/blog/OEL-21/saverio-nostro-fratello.md,yes,monoblock_long_line,4203,513,4203,3598
src/content/blog/OEL-22/a-scuola-di-ricamo-per-stare-insieme-divertendoci.md,yes,monoblock_long_line,1365,696,5927,5966
src/content/blog/OEL-22/barriere-di-carta.md,yes,monoblock_long_line,3676,696,5115,5132
src/content/blog/OEL-22/come-fare-una-festa.md,yes,monoblock_long_line,2238,1163,11555,11583
src/content/blog/OEL-22/dialogo-aperto-n-22.md,yes,monoblock_long_line,696,696,7151,7158
src/content/blog/OEL-22/diritto-alla-festa.md,yes,monoblock_long_line,696,696,5921,5927
src/content/blog/OEL-22/lavorando-insieme-un-pomeriggio-chiamato-laboratorio.md,yes,monoblock_long_line,1302,696,4959,4981
src/content/blog/OEL-22/libri-per-giocare.md,yes,monoblock_long_line,757,696,3791,3809
src/content/blog/OEL-22/libri-per-lavoretti-manuali.md,yes,monoblock_long_line,1347,696,4003,4011
src/content/blog/OEL-22/madre-e-handicap.md,yes,monoblock_long_line,940,696,4475,4484
src/content/blog/OEL-22/poco-o-tanto-tutti-stanno-meglio-con-la-danza.md,yes,monoblock_long_line,1000,696,6918,6941
src/content/blog/OEL-23/a-braccia-aperte.md,yes,monoblock_long_line,1363,447,9528,9601
src/content/blog/OEL-23/come-fare-leducazione-religiosa.md,yes,monoblock_long_line,1007,420,5674,5686
src/content/blog/OEL-23/diaologo-aperto-n23.md,yes,monoblock_long_line,1243,471,6534,6547
src/content/blog/OEL-23/e-aspett-che-ci-accorgessimo-di-lui-1.md,yes,monoblock_long_line,5331,406,5964,6002
src/content/blog/OEL-23/il-posto-di-mia-figlia-nella-chiesa.md,yes,monoblock_long_line,947,399,7624,7661
src/content/blog/OEL-23/io-sono-con-voi-leducazione-religiosa-degli-handicappati-mentali.md,yes,monoblock_long_line,948,378,3632,3643
src/content/blog/OEL-23/leducazione-religiosa-alla-fede-dei-nostri-figli-con-handicap-mentale.md,yes,monoblock_long_line,1007,416,4848,4857
src/content/blog/OEL-23/vita-fede-e-luce-n-23.md,yes,monoblock_long_line,947,394,9073,9098
src/content/blog/OEL-24/casa-del-sole-casa-della-serenita.md,yes,monoblock_long_line,1182,477,14559,14578
src/content/blog/OEL-24/che-cosa-puo-fare-la-comunita-parrocchiale-per-le-persone-con-disabilita.md,yes,,289,289,1219,1210
src/content/blog/OEL-24/ci-hanno-scritto-insieme-n24.md,yes,monoblock_long_line,729,456,7217,7238
src/content/blog/OEL-24/come-comportarvi-quando-incontrate-una-persona-portatrice-di-handicap.md,yes,monoblock_long_line,1412,354,4283,4282
src/content/blog/OEL-24/comunita-terapeutica-di-primavalle.md,yes,"heading_attached,monoblock_long_line",777,393,7437,7457
src/content/blog/OEL-24/dalla-scuola-con-amore.md,yes,monoblock_long_line,1250,580,8687,8696
src/content/blog/OEL-24/di-nuovo-in-cammino.md,yes,,486,316,1023,1025
src/content/blog/OEL-24/dialogo-aperto-n-24.md,yes,monoblock_long_line,2234,312,9748,9814
src/content/blog/OEL-24/fare-teatro-con-persone-con-disabilita.md,yes,monoblock_long_line,696,387,4907,4902
src/content/blog/OEL-24/il-cerchio-simbolo-di-incontro-e-di-unita.md,yes,monoblock_long_line,600,394,5508,5509
src/content/blog/OEL-24/non-ha-piu-sedici-anni-realta-e-bisogni-dellhandicappato-che-diventa-adulto.md,yes,monoblock_long_line,670,401,3349,3346
src/content/blog/OEL-24/non-solo-da-leggere.md,yes,monoblock_long_line,1149,582,3229,3233
src/content/blog/OEL-24/paolo-e-chiara.md,yes,monoblock_long_line,1006,403,6676,6704
src/content/blog/OEL-24/per-farci-i-servizi-perche-la-cugina-accattava-giovanni.md,yes,monoblock_long_line,948,442,11426,11444
src/content/blog/OEL-24/se-ha-buone-abitudini-sara-piu-accettato.md,yes,monoblock_long_line,793,397,5019,5027
src/content/blog/OEL-24/vita-fede-e-luce-perche-e-cambiata-la-mia-vita.md,yes,monoblock_long_line,1145,447,4661,4669
src/content/blog/OEL-24/vita-fede-e-luce-un-cammino-insieme.md,yes,monoblock_long_line,744,313,4401,4418
src/content/blog/OEL-25/aiutami-a-giocare.md,yes,monoblock_long_line,1546,335,2176,2156
src/content/blog/OEL-25/al-tepore-di-un-amore-semplice.md,yes,monoblock_long_line,1781,493,4256,4281
src/content/blog/OEL-25/attivita-creative.md,yes,monoblock_long_line,1015,330,1032,1037
src/content/blog/OEL-25/come-si-organizza-un-campeggio-fede-e-luce.md,yes,monoblock_long_line,1069,493,13391,13373
src/content/blog/OEL-25/dialogo-aperto.md,yes,monoblock_long_line,1741,493,5075,5092
src/content/blog/OEL-25/e-allora-si-parte.md,yes,monoblock_long_line,1706,524,38894,39123
src/content/blog/OEL-25/e-pagano-pure.md,yes,monoblock_long_line,666,514,6279,6278
src/content/blog/OEL-25/guardavano-guardavano.md,yes,monoblock_long_line,1060,493,5815,5842
src/content/blog/OEL-25/la-sindrome-di-down-un-aiuto-per-gli-educatori-e-i-genitori.md,yes,monoblock_long_line,664,493,4295,4299
src/content/blog/OEL-25/persone-con-handicap-nella-parrocchia-le-risposte-dei-parroci.md,yes,monoblock_long_line,627,493,5298,5303
src/content/blog/OEL-25/tante-bellissime-cose.md,yes,monoblock_long_line,912,493,3689,3710
src/content/blog/OEL-25/vita-fede-e-luce-n-25.md,yes,monoblock_long_line,1923,493,7295,7325
src/content/blog/OEL-25/voglio-mostrarvi-una-strada.md,yes,monoblock_long_line,1266,493,3575,3600
src/content/blog/OEL-26/aiutarlo-a-diventare-un-uomo.md,yes,monoblock_long_line,914,541,7247,7276
src/content/blog/OEL-26/altri-consigli-di-lettura.md,yes,monoblock_long_line,893,694,3997,4006
src/content/blog/OEL-26/amici-nonostante-la-guerra.md,yes,monoblock_long_line,1532,541,3329,3339
src/content/blog/OEL-26/come-comportarsi-con-le-persone-cieche.md,yes,monoblock_long_line,893,541,4673,4690
src/content/blog/OEL-26/conoscere-lhandicap-autismo.md,yes,monoblock_long_line,914,641,3138,3140
src/content/blog/OEL-26/da-dove-cominciare.md,yes,monoblock_long_line,1198,541,6996,7020
src/content/blog/OEL-26/dialogo-aperto-n-26.md,yes,monoblock_long_line,1393,541,6712,6738
src/content/blog/OEL-26/e-come-parlano-senza-parole.md,yes,monoblock_long_line,1470,541,6048,6068
src/content/blog/OEL-26/ho-visto-rain-man.md,yes,monoblock_long_line,1278,682,4092,4097
src/content/blog/OEL-26/perceval-un-luogo-per-vivere-e-per-imparare-a-vivere.md,yes,monoblock_long_line,4238,555,10381,10450
src/content/blog/OEL-26/schema-di-organizzazione-di-giochi-olimpici.md,yes,monoblock_long_line,893,541,5035,5025
src/content/blog/OEL-26/un-lungo-cammino.md,yes,monoblock_long_line,3262,541,4880,4891
src/content/blog/OEL-26/vita-fede-e-luce-n26.md,yes,monoblock_long_line,3527,541,12087,12156
src/content/blog/OEL-27/a-tavola-con-una-persona-sorda.md,yes,monoblock_long_line,1049,930,5843,5871
src/content/blog/OEL-27/anche-se-non-ho-voce-anche-se-non-sento.md,yes,monoblock_long_line,1339,930,6707,6736
src/content/blog/OEL-27/come-ascoltare-veramente.md,yes,monoblock_long_line,1249,930,5549,5562
src/content/blog/OEL-27/come-parlare-a-una-persona-sorda.md,yes,monoblock_long_line,1049,930,4259,4261
src/content/blog/OEL-27/cooperativa-spazio-aperto.md,yes,monoblock_long_line,1353,930,9452,9479
src/content/blog/OEL-27/dal-silenzio-alla-comunicazione.md,yes,monoblock_long_line,2307,930,17174,17248
src/content/blog/OEL-27/dialogo-aperto-n27.md,yes,monoblock_long_line,1954,930,8769,8804
src/content/blog/OEL-27/ho-fratello-e-sorella-sordi.md,yes,monoblock_long_line,1663,930,5050,5063
src/content/blog/OEL-27/il-bambino-con-epilessia.md,yes,monoblock_long_line,1049,930,3283,3290
src/content/blog/OEL-27/la-storia-di-angelica.md,yes,monoblock_long_line,1885,930,7929,7962
src/content/blog/OEL-27/laltra-gente-convivere-con-lhandicap.md,yes,monoblock_long_line,1049,930,3054,3059
src/content/blog/OEL-27/vita-fede-e-luce-n27.md,yes,monoblock_long_line,1672,930,4718,4742
src/content/blog/OEL-28/buon-natale-anche-a-te.md,yes,monoblock_long_line,2628,432,5878,5908
src/content/blog/OEL-28/dialogo-aperto-n28.md,yes,monoblock_long_line,1698,432,5603,5652
src/content/blog/OEL-28/dove-se-non-in-chiesa.md,yes,monoblock_long_line,1801,691,6730,6754
src/content/blog/OEL-28/i-pasti-di-francesca-un-rito-e-una-avventura.md,yes,monoblock_long_line,1157,433,5092,5115
src/content/blog/OEL-28/il-bambino-che-non-vuol-mangiare.md,yes,monoblock_long_line,1360,691,7376,7406
src/content/blog/OEL-28/le-case-della-carita.md,yes,monoblock_long_line,944,496,13976,14011
src/content/blog/OEL-28/mangiare-insieme.md,yes,monoblock_long_line,960,433,6355,6375
src/content/blog/OEL-28/non-e-sempre-facile-essere-sorella.md,yes,monoblock_long_line,894,576,6022,6040
src/content/blog/OEL-28/per-insegnare-bisogna-saper-osservare.md,yes,monoblock_long_line,1951,691,3315,3321
src/content/blog/OEL-28/sara-una-bellissima-festa.md,yes,monoblock_long_line,525,243,810,814
src/content/blog/OEL-28/un-grande-progetto-a-piccoli-passi.md,yes,monoblock_long_line,2010,691,7265,7302
src/content/blog/OEL-28/vita-fede-e-luce-n-28.md,yes,monoblock_long_line,2326,691,7981,8034
src/content/blog/OEL-29/bambini-autistici-a-scuola.md,yes,monoblock_long_line,1900,282,4699,4720
src/content/blog/OEL-29/case-famiglia-iniziative-e-centri-di-accoglienza-per-disabili-1983-al-1989.md,yes,,454,436,9976,9980
src/content/blog/OEL-29/come-riconoscere-la-sordita-infantile.md,no,,404,404,1843,1843
src/content/blog/OEL-29/corso-per-corrispondenza-per-genitori-di-bambini-down.md,yes,monoblock_long_line,948,582,4171,4177
src/content/blog/OEL-29/dialogo-aperto-n-29.md,yes,monoblock_long_line,2167,531,8104,8139
src/content/blog/OEL-29/forse-e-per-mia-sorella-che-sono-cosi.md,yes,monoblock_long_line,999,449,3342,3350
src/content/blog/OEL-29/jean-vanier-un-profeta-del-nostro-tempo.md,yes,monoblock_long_line,1909,452,6308,6334
src/content/blog/OEL-29/ma-non-carichiamoli-di-un-peso-eccessivo.md,yes,monoblock_long_line,3683,791,10423,10457
src/content/blog/OEL-29/radiografia-di-ombre-e-luci-1990.md,yes,monoblock_long_line,2359,836,11293,11316
src/content/blog/OEL-29/sentivo-crescere-la-mia-responsabilita.md,yes,monoblock_long_line,546,546,4281,4281
src/content/blog/OEL-3/con-loro-sono-salito-sul-monte-meta.md,yes,monoblock_long_line,861,332,2353,2360
src/content/blog/OEL-3/dialogo-aperto-n-3.md,yes,monoblock_long_line,3600,449,3600,3618
src/content/blog/OEL-3/e-non-disse-nemmeno-una-parola.md,yes,monoblock_long_line,1602,488,2286,2295
src/content/blog/OEL-3/ed-e-stata-una-vera-vacanza.md,yes,monoblock_long_line,658,384,6846,6858
src/content/blog/OEL-3/gli-altri.md,yes,monoblock_long_line,1121,327,4809,4800
src/content/blog/OEL-3/insieme-si-ma-come.md,yes,monoblock_long_line,816,445,6629,6634
src/content/blog/OEL-3/nessuno-aveva-pensato-che-patrick-avrebbe-preso-parte-alla-gita.md,yes,monoblock_long_line,1187,261,1874,1853
src/content/blog/OEL-3/ogni-luglio-prestare-una-casa.md,yes,monoblock_long_line,627,334,2118,2121
src/content/blog/OEL-3/per-la-prima-volta-lontano-da-me.md,yes,monoblock_long_line,975,281,3645,3667
src/content/blog/OEL-3/quando-il-dolore-bussa-forte.md,yes,monoblock_long_line,956,322,1278,1255
src/content/blog/OEL-3/storia-di-un-padre.md,yes,monoblock_long_line,1446,354,1446,1455
src/content/blog/OEL-3/un-caso-di-coscienza.md,yes,monoblock_long_line,1517,570,1611,1616
src/content/blog/OEL-3/unaltra-proposta-di-vacanze-con-persone-con-handicap-i-soggiorni-invernali.md,yes,monoblock_long_line,1655,442,4725,4727
src/content/blog/OEL-3/vacanze-con-la-differenza-nel-cuore.md,yes,monoblock_long_line,1179,1064,7398,7419
src/content/blog/OEL-3/vita-fede-e-luce-n-3.md,yes,monoblock_long_line,1603,455,17930,17960
src/content/blog/OEL-31/cammino-damore.md,yes,monoblock_long_line,780,409,7561,7568
src/content/blog/OEL-31/che-cosa-e-fede-e-luce.md,yes,monoblock_long_line,625,441,8652,8648
src/content/blog/OEL-31/che-cosa-fede-e-luce.md,yes,monoblock_long_line,3186,840,9823,9863
src/content/blog/OEL-31/domande-e-risposte-su-fede-e-luce.md,yes,monoblock_long_line,1002,341,3741,3749
src/content/blog/OEL-31/equipe-di-coordinamento-come-funziona.md,yes,monoblock_long_line,946,302,5712,5728
src/content/blog/OEL-31/fede-e-luce-giorno-e-notte.md,yes,monoblock_long_line,2615,441,7664,7696
src/content/blog/OEL-31/fede-e-luce-una-grande-famiglia-del-mondo.md,yes,monoblock_long_line,1621,533,2422,2438
src/content/blog/OEL-31/fuori-dalle-catacombe-fede-e-luce-in-europa-orientale.md,yes,monoblock_long_line,778,371,2572,2594
src/content/blog/OEL-31/i-giorni-del-campo.md,yes,monoblock_long_line,1538,283,1931,1940
src/content/blog/OEL-31/il-4-momento-tra-un-incontro-e-laltro.md,yes,monoblock_long_line,1111,446,3638,3649
src/content/blog/OEL-31/incontro-di-una-comunita-di-fede-e-luce.md,yes,"heading_attached,monoblock_long_line",629,424,7701,7718
src/content/blog/OEL-31/incontro-internazionale-edimburgo-1-9-agosto-1990.md,yes,monoblock_long_line,1788,444,6156,6187
src/content/blog/OEL-31/la-persona-fragile-via-verso-lunita.md,yes,monoblock_long_line,726,326,2909,2917
src/content/blog/OEL-31/la-vocazione-di-fede-e-luce.md,yes,monoblock_long_line,3502,441,6143,6196
src/content/blog/OEL-31/lanimo-pieno-di-gratitudine.md,yes,monoblock_long_line,1176,251,1948,1959
src/content/blog/OEL-31/mirella-pablo-silvia-claudia-patrizia.md,yes,monoblock_long_line,600,285,2393,2397
src/content/blog/OEL-31/nel-libano-in-guerra-fede-e-luce-per-sperare.md,yes,monoblock_long_line,2502,300,2528,2545
src/content/blog/OEL-31/per-altri-valori-fede-e-luce-in-svizzera.md,yes,monoblock_long_line,1861,312,1885,1895
src/content/blog/OEL-31/scendi-ancora-un-po.md,yes,monoblock_long_line,1101,156,1119,1132
src/content/blog/OEL-31/sono-anche-figli-di-tutti.md,yes,monoblock_long_line,1871,213,1888,1911
src/content/blog/OEL-31/un-matrimonio-diverso.md,yes,monoblock_long_line,3165,466,3939,3964
src/content/blog/OEL-31/un-nuovo-modo-di-vedere-la-vita.md,yes,monoblock_long_line,2226,380,6894,6946
src/content/blog/OEL-31/viaggio-insieme-per-crescere-tutti.md,yes,monoblock_long_line,2227,300,2543,2561
src/content/blog/OEL-31/vita-e-amore-si-erano-spenti.md,yes,monoblock_long_line,1344,429,1368,1372
src/content/blog/OEL-32/abib-mohamed-e-naima.md,yes,monoblock_long_line,1878,305,7232,7260
src/content/blog/OEL-32/accogliere-un-bambino-autistico.md,yes,monoblock_long_line,2140,1102,13699,13785
src/content/blog/OEL-32/chi-ha-avuto-paura-fa-gratis-un-altro-giro-una-giornata-al-luneur-di-roma.md,yes,monoblock_long_line,3058,353,3861,3852
src/content/blog/OEL-32/dialogo-aperto-n-30.md,yes,monoblock_long_line,993,360,6387,6379
src/content/blog/OEL-32/dialogo-aperto-n-32.md,yes,monoblock_long_line,2355,426,6291,6301
src/content/blog/OEL-32/il-bene-va-fatto-bene.md,yes,monoblock_long_line,2240,372,10636,10648
src/content/blog/OEL-32/il-corpo-spezzato.md,yes,monoblock_long_line,2102,388,2926,2910
src/content/blog/OEL-32/il-tuo-nome-e-olga-lettere-a-mia-figlia-handicappata.md,yes,monoblock_long_line,1502,344,2118,2126
src/content/blog/OEL-32/io-sono-una-come-voi-una-mamma.md,yes,monoblock_long_line,4730,249,7464,7494
src/content/blog/OEL-32/lamicizia-a-fede-e-luce-un-legame-anche-con-chi-e-piu-debole-e-solitamente-rifiutato.md,yes,,369,369,3550,3549
src/content/blog/OEL-32/lezione-di-danza-insieme.md,yes,monoblock_long_line,1477,231,4512,4511
src/content/blog/OEL-32/ma-non-sono-sola.md,yes,monoblock_long_line,2048,671,5340,5340
src/content/blog/OEL-32/malattia-mentale-la-legge-180.md,yes,monoblock_long_line,2271,360,4577,4569
src/content/blog/OEL-32/preghiera-della-malattia.md,yes,,113,113,1710,1682
src/content/blog/OEL-32/una-passeggiata-in-campagna.md,yes,monoblock_long_line,3107,265,3862,3867
src/content/blog/OEL-32/una-soluzione-giusta-e-umana-maso-s-pietro.md,yes,monoblock_long_line,6504,309,9838,9879
src/content/blog/OEL-32/vita-fede-e-luce-n29.md,yes,monoblock_long_line,2302,357,11850,11922
src/content/blog/OEL-33/con-la-vostra-collaborazione.md,yes,monoblock_long_line,1106,415,4258,4236
src/content/blog/OEL-33/dialogo-aperto-n33.md,yes,monoblock_long_line,1467,392,7501,7525
src/content/blog/OEL-33/educare-e-desiderare.md,yes,monoblock_long_line,812,364,4060,4085
src/content/blog/OEL-33/famiglie-diverse.md,yes,monoblock_long_line,1899,432,9005,9030
src/content/blog/OEL-33/il-mio-piede-sinistro.md,yes,monoblock_long_line,994,251,3667,3660
src/content/blog/OEL-33/la-stelletta.md,yes,monoblock_long_line,2851,237,7380,7407
src/content/blog/OEL-33/lomino-di-vetro-un-viaggio-nel-mondo-dellhandicap.md,yes,monoblock_long_line,2104,274,2859,2844
src/content/blog/OEL-33/quel-che-mancava-ai-nostri-figli.md,yes,monoblock_long_line,1234,502,9669,9706
src/content/blog/OEL-33/vita-riflessioni-sulla-cultura-dellhandicap.md,yes,monoblock_long_line,2223,304,2976,2961
src/content/blog/OEL-34/centro-di-formazione-professionale-primavalle-un-territorio-molti-progetti.md,yes,monoblock_long_line,4991,515,8716,8744
src/content/blog/OEL-34/dialogo-aperto-n34.md,yes,monoblock_long_line,1221,249,3356,3349
src/content/blog/OEL-34/e-sempre-disponibile.md,yes,monoblock_long_line,841,422,3108,3116
src/content/blog/OEL-34/educare-al-servizio.md,yes,monoblock_long_line,2068,423,2068,2078
src/content/blog/OEL-34/il-piu-popolare-al-velodromo.md,yes,monoblock_long_line,1165,374,5606,5615
src/content/blog/OEL-34/in-fabbrica-e-una-bella-fatica.md,yes,monoblock_long_line,646,409,4611,4619
src/content/blog/OEL-34/lavorare-con-gli-altri.md,yes,monoblock_long_line,2271,387,5651,5639
src/content/blog/OEL-34/meglio-stanco-che-annoiato.md,yes,monoblock_long_line,1353,310,5917,5900
src/content/blog/OEL-34/oggi-e-dei-nostri.md,yes,monoblock_long_line,580,225,3432,3452
src/content/blog/OEL-34/sergio-e-un-buon-giardiniere.md,yes,monoblock_long_line,680,429,4904,4913
src/content/blog/OEL-34/storia-di-un-filo-derba.md,yes,monoblock_long_line,3952,431,4663,4652
src/content/blog/OEL-34/vita-fede-e-luce-n34-che-settimana.md,yes,monoblock_long_line,3927,534,9029,9051
src/content/blog/OEL-35/al-primo-posto.md,yes,monoblock_long_line,3222,375,14058,14215
src/content/blog/OEL-35/anche-noi-siamo-persone.md,yes,monoblock_long_line,936,650,2784,2760
src/content/blog/OEL-35/che-vita-e-la-nostra-sei-mamme-si-raccontano.md,yes,monoblock_long_line,1909,431,16384,16511
src/content/blog/OEL-35/dialogo-aperto-n35.md,yes,monoblock_long_line,2645,334,9801,9833
src/content/blog/OEL-35/il-momento-di-capire.md,yes,monoblock_long_line,1654,403,6644,6630
src/content/blog/OEL-35/imparo-a-vestirmi-da-solo.md,yes,monoblock_long_line,871,360,1984,1993
src/content/blog/OEL-35/la-voce-dei-genitori.md,yes,monoblock_long_line,1028,436,12590,12624
src/content/blog/OEL-35/storie-vere-di-bambini-autistici.md,yes,monoblock_long_line,2242,359,2644,2654
src/content/blog/OEL-36/ancora-lavvio-di-una-casa-famiglia.md,yes,monoblock_long_line,3346,405,8312,8337
src/content/blog/OEL-36/dialogo-aperto-n36.md,yes,monoblock_long_line,1311,285,5199,5208
src/content/blog/OEL-36/domande-e-risposte-sul-domani-dei-nostri-figli.md,yes,monoblock_long_line,1922,394,7269,7258
src/content/blog/OEL-36/effata-apriti.md,yes,monoblock_long_line,712,458,1656,1659
src/content/blog/OEL-36/esempi-di-comunita-alloggio-5-comunita.md,yes,monoblock_long_line,1401,433,9010,9013
src/content/blog/OEL-36/il-dopo-di-noi.md,yes,monoblock_long_line,786,667,6009,6009
src/content/blog/OEL-36/la-comunit-luogo-del-perdono-e-della-festa.md,yes,monoblock_long_line,2004,479,2516,2527
src/content/blog/OEL-36/possiamo-fare-qualcosa-noi-genitori.md,yes,monoblock_long_line,912,625,6451,6479
src/content/blog/OEL-36/una-vita-possibile-handicap-mentale-e-famiglia.md,yes,monoblock_long_line,2464,479,2976,2989
src/content/blog/OEL-37/come-annunciare-un-bambino-down.md,yes,monoblock_long_line,1187,208,1981,1965
src/content/blog/OEL-37/dialogo-aperto-n37.md,yes,monoblock_long_line,2230,451,13769,13838
src/content/blog/OEL-37/il-vizio-di-vivere-ventanni-nel-polmone-dacciaio.md,yes,monoblock_long_line,3867,423,4329,4325
src/content/blog/OEL-37/la-depressione.md,yes,monoblock_long_line,2022,329,2835,2818
src/content/blog/OEL-37/la-speranza-nella-vita-quotidiana-con-nostro-figlio-affetto-da-miopatia.md,yes,monoblock_long_line,3267,405,10902,10969
src/content/blog/OEL-37/lettera-a-un-medico-per-la-nascita-di-un-bambino-disabile.md,yes,monoblock_long_line,3213,303,7908,7927
src/content/blog/OEL-37/maria-de-la-soledad.md,yes,monoblock_long_line,2602,288,8678,8710
src/content/blog/OEL-37/ora-manuela.md,yes,monoblock_long_line,7535,676,10811,10862
src/content/blog/OEL-37/per-capire-di-piu.md,yes,monoblock_long_line,533,376,2747,2748
src/content/blog/OEL-37/speciale-pellegrinaggio-a-lourdes-1991.md,yes,monoblock_long_line,2792,399,22833,22950
src/content/blog/OEL-38/come-essere-amici.md,yes,monoblock_long_line,1205,441,8412,8421
src/content/blog/OEL-38/giacomo.md,yes,monoblock_long_line,2223,435,8616,8629
src/content/blog/OEL-38/giobbe-perche-dialogo-di-una-madre.md,yes,,447,447,1380,1379
src/content/blog/OEL-38/la-pazzia-e-lamore-un-cammino-verso-lanima-del-malato-di-mente.md,yes,monoblock_long_line,801,415,3587,3567
src/content/blog/OEL-38/lascolto-che-guarisce.md,yes,monoblock_long_line,707,351,3123,3103
src/content/blog/OEL-38/lelia.md,yes,monoblock_long_line,1155,237,5562,5562
src/content/blog/OEL-38/oltre-la-famiglia-gli-specialisti-gli-amici.md,yes,monoblock_long_line,1495,433,5403,5383
src/content/blog/OEL-38/quando-la-crisi-insegna-a-vivere-esperienza-positiva-del-dolore.md,yes,monoblock_long_line,2294,708,5483,5466
src/content/blog/OEL-38/roberta.md,yes,monoblock_long_line,1398,271,6032,6040
src/content/blog/OEL-38/vita-fede-e-luce-n-38.md,yes,monoblock_long_line,2484,542,7369,7377
src/content/blog/OEL-39/dialogo-aperto-n-39.md,yes,monoblock_long_line,1556,290,4756,4755
src/content/blog/OEL-39/essere-padrino-ha-cambiato-la-sua-vita.md,yes,monoblock_long_line,1848,425,5312,5362
src/content/blog/OEL-39/integralita-delleducazione-e-diritto-allo-spirituale.md,yes,monoblock_long_line,1043,391,2182,2183
src/content/blog/OEL-39/la-prima-comunione-di-flaminia-ci-ha-fatto-crescere.md,yes,monoblock_long_line,3048,276,9264,9288
src/content/blog/OEL-39/lasciateli-venire-a-me.md,yes,monoblock_long_line,1063,400,3622,3604
src/content/blog/OEL-39/maria-la-mia-figlioccia.md,yes,monoblock_long_line,1144,282,2506,2499
src/content/blog/OEL-39/non-potevo-diventare-suora-perche-non-potevo-leggere.md,yes,monoblock_long_line,721,422,5404,5423
src/content/blog/OEL-39/perche-nessuno-sia-dimenticato.md,yes,monoblock_long_line,756,626,12386,12393
src/content/blog/OEL-39/psicopatologia-e-vita-spirituale-sofferenza-e-maturita-umana.md,yes,monoblock_long_line,957,359,2631,2637
src/content/blog/OEL-39/si-e-aperta-una-finestra-nella-nostra-vita.md,yes,,379,379,2311,2310
src/content/blog/OEL-39/temevo-di-non-essere-accettata-come-catechista.md,yes,monoblock_long_line,1797,425,6546,6565
src/content/blog/OEL-39/testi-e-sussidi-per-la-catechesi-alle-persone-portatrici-di-handicap.md,yes,monoblock_long_line,1239,311,2282,2261
src/content/blog/OEL-39/vita-di-fede-e-luce-n40-i-campi-di-fede-e-luce-come-momento-formativo.md,yes,monoblock_long_line,3536,399,7941,7955
src/content/blog/OEL-4/andrea-a-scuola.md,yes,monoblock_long_line,7538,645,7538,7585
src/content/blog/OEL-4/dialogo-aperto-n-4.md,yes,monoblock_long_line,2240,396,3319,3332
src/content/blog/OEL-4/i-giullari-di-dio.md,yes,monoblock_long_line,1006,518,2734,2752
src/content/blog/OEL-4/il-bambino-down-una-guida-per-genitori.md,yes,monoblock_long_line,1230,367,3191,3173
src/content/blog/OEL-4/il-lavoro-di-gianni.md,yes,monoblock_long_line,776,403,7845,7899
src/content/blog/OEL-4/il-mio-bambino-con-la-sindrome-di-down.md,yes,monoblock_long_line,1336,621,4113,4090
src/content/blog/OEL-4/la-debilita-mentale.md,yes,monoblock_long_line,608,287,1154,1157
src/content/blog/OEL-4/meb-pittore-gioioso-le-conquiste-di-un-mongoloide.md,yes,monoblock_long_line,528,410,1664,1644
src/content/blog/OEL-4/ombre-e-luci-n-1-1983-sfogliabile.md,yes,html_generic,187,0,187,1
src/content/blog/OEL-4/ombre-e-luci-n-2-1983-sfogliabile.md,yes,html_generic,187,0,187,1
src/content/blog/OEL-4/ombre-e-luci-n-3-1983-sfogliabile.md,yes,html_generic,187,0,187,1
src/content/blog/OEL-4/ombre-e-luci-n-4-1983-sfogliabile.md,yes,html_generic,187,0,187,1
src/content/blog/OEL-4/quando-la-vita-e-cosi-difficile.md,yes,monoblock_long_line,896,433,6302,6322
src/content/blog/OEL-4/quando-sono-adulti.md,yes,monoblock_long_line,1378,396,7126,7168
src/content/blog/OEL-4/saverio.md,yes,monoblock_long_line,1461,342,5938,5947
src/content/blog/OEL-4/trisomia-21-la-sindrome-down.md,yes,monoblock_long_line,2718,406,22852,22947
src/content/blog/OEL-4/vita-fede-e-luce-n-4.md,yes,monoblock_long_line,936,376,3200,3212
src/content/blog/OEL-40/1992-nasce-il-settore-catechesi-delle-persone-con-handicap.md,yes,monoblock_long_line,1078,450,3528,3503
src/content/blog/OEL-40/alessia.md,yes,monoblock_long_line,4538,374,5878,5879
src/content/blog/OEL-40/case-della-carita.md,yes,"heading_attached,monoblock_long_line",814,445,12084,12116
src/content/blog/OEL-40/come-rendere-viva-la-messa-facendo-unita.md,yes,monoblock_long_line,864,428,8189,8216
src/content/blog/OEL-40/daniela.md,yes,monoblock_long_line,1244,472,1942,1919
src/content/blog/OEL-40/davvero-lo-spirito-del-signore-e-su-marco.md,yes,monoblock_long_line,757,572,6785,6787
src/content/blog/OEL-40/dialogo-aperto-n-40.md,yes,monoblock_long_line,2101,468,5699,5700
src/content/blog/OEL-40/e-la-vita-esplodera-itinerari-didattico-educativi-per-linsegnamento-della-religione-cattolica-nella-scuola-dellobbligo-anche-per-alunni-portatori-di-handicap.md,yes,monoblock_long_line,872,312,1227,1231
src/content/blog/OEL-40/fermati-un-momento-per-capire.md,yes,monoblock_long_line,4396,378,7193,7216
src/content/blog/OEL-40/guida-h-fondazione-laboratorio-per-le-politiche-sociali.md,yes,monoblock_long_line,822,257,1518,1495
src/content/blog/OEL-40/loro-e-noi-che-stiamo-in-piedi.md,yes,monoblock_long_line,2785,438,10492,10501
src/content/blog/OEL-40/manuale-di-informazione-sullhandicap.md,yes,monoblock_long_line,721,197,1417,1394
src/content/blog/OEL-40/non-aver-paura-sono-io-che-ti-guido.md,yes,monoblock_long_line,2048,288,12397,12468
src/content/blog/OEL-40/ritrovare-la-nostra-umanita.md,yes,monoblock_long_line,875,436,8184,8228
src/content/blog/OEL-40/una-sperimentazione-per-lautonomia-delle-persone-disabili.md,yes,monoblock_long_line,1114,383,1786,1789
src/content/blog/OEL-40/vita-fede-e-luce-n-40-incontro-alpi-danubio.md,yes,monoblock_long_line,2045,358,6196,6197
src/content/blog/OEL-40/viviana.md,yes,monoblock_long_line,1478,508,6114,6110
src/content/blog/OEL-41/10-anni-di-ombre-e-luci-piu-che-una-rivista-una-grande-famiglia.md,yes,monoblock_long_line,705,375,4401,4415
src/content/blog/OEL-41/dialogo-aperto-n-41.md,yes,monoblock_long_line,1599,335,4648,4646
src/content/blog/OEL-41/e-ci-aiutiamo-a-camminare.md,yes,monoblock_long_line,2637,369,4269,4273
src/content/blog/OEL-41/eravamo-soli-e-siamo-rinati.md,yes,monoblock_long_line,7229,437,9089,9131
src/content/blog/OEL-41/francesca-e-sabrina.md,yes,monoblock_long_line,3492,319,4262,4274
src/content/blog/OEL-41/il-bambino-magico.md,yes,monoblock_long_line,1320,260,3883,3872
src/content/blog/OEL-41/laboratori-storie-di-lavoro-e-di-amicizia.md,yes,monoblock_long_line,1552,493,7779,7807
src/content/blog/OEL-41/lhandicappato-mentale-adulto.md,yes,monoblock_long_line,2286,221,3501,3493
src/content/blog/OEL-41/mio-fratello-nel-suo-guscio.md,yes,monoblock_long_line,2051,219,2887,2883
src/content/blog/OEL-41/un-laboratorio-chiamato-lalveare.md,yes,monoblock_long_line,1491,484,7497,7526
src/content/blog/OEL-41/vita-fede-e-luce-n-41.md,yes,monoblock_long_line,1210,301,4141,4135
src/content/blog/OEL-42/dialogo-aperto-n-42.md,yes,monoblock_long_line,1026,439,5436,5468
src/content/blog/OEL-42/dovra-stare-in-un-ambiente-protetto.md,yes,monoblock_long_line,1233,385,5756,5779
src/content/blog/OEL-42/faccio-il-viaggio-da-sola.md,no,,439,439,1312,1312
src/content/blog/OEL-42/faccio-io.md,yes,monoblock_long_line,2572,411,6786,6787
src/content/blog/OEL-42/grazie-per-avermelo-fatto-fare-da-sola.md,yes,monoblock_long_line,3003,472,4806,4832
src/content/blog/OEL-42/il-bambino-che-non-sentiva-dolore.md,yes,monoblock_long_line,2701,639,4692,4710
src/content/blog/OEL-42/il-grande-cocomero.md,yes,monoblock_long_line,1934,216,2963,2949
src/content/blog/OEL-42/io-ho-pulito-il-tavolo.md,yes,monoblock_long_line,2145,251,4277,4273
src/content/blog/OEL-42/lalfabeto-della-mia-vita.md,yes,monoblock_long_line,1584,439,2482,2492
src/content/blog/OEL-42/le-eta-della-vita.md,yes,monoblock_long_line,955,429,2359,2364
src/content/blog/OEL-42/membro-attivo-della-chiesa.md,yes,monoblock_long_line,751,417,2193,2171
src/content/blog/OEL-42/nessuno-in-nessun-luogo.md,yes,monoblock_long_line,1590,267,3626,3613
src/content/blog/OEL-42/non-e-mai-troppo-tardi.md,yes,,426,426,2538,2537
src/content/blog/OEL-42/nonostante-lhandicap.md,yes,monoblock_long_line,913,365,3980,3966
src/content/blog/OEL-42/pagine-aperte-esperienze-di-solidarieta-a-parma-e-provincia-negli-anni-90.md,yes,,403,403,1571,1554
src/content/blog/OEL-42/possibilita-e-capacita-nascoste.md,yes,monoblock_long_line,586,460,5321,5320
src/content/blog/OEL-42/ricompense-o-punizioni.md,yes,monoblock_long_line,2502,327,7576,7572
src/content/blog/OEL-42/un-marinaio-in-treno.md,yes,monoblock_long_line,2525,472,4339,4365
src/content/blog/OEL-42/vita-fede-e-luce-n-42.md,yes,monoblock_long_line,1518,487,5879,5903
src/content/blog/OEL-42/vivere-con-i-rifiutati.md,yes,monoblock_long_line,2735,418,9939,9990
src/content/blog/OEL-43/cammino-di-preghiera.md,yes,monoblock_long_line,2110,563,3161,3144
src/content/blog/OEL-43/ce-labbiamo-fatta.md,yes,monoblock_long_line,1681,241,3810,3801
src/content/blog/OEL-43/di-notte-bagna.md,yes,monoblock_long_line,1500,404,7101,7104
src/content/blog/OEL-43/dialogo-aperto-n-43.md,yes,monoblock_long_line,3749,433,11384,11411
src/content/blog/OEL-43/e-la-vita-eplodera-itinerari-didattico-educativi-per-linsegnamento-della-religione-cattolica.md,no,,428,428,1757,1757
src/content/blog/OEL-43/imparando-a-vivere-bene-con-jimmy-1-parte.md,yes,monoblock_long_line,1378,424,10701,10739
src/content/blog/OEL-43/io-grido-verso-te.md,yes,monoblock_long_line,2535,271,3610,3600
src/content/blog/OEL-43/la-cinquataseiesima-colonna-uno-strumento-concreto-di-autoformazione-per-chi-si-trova-in-una-relazione-daiuto.md,yes,monoblock_long_line,988,351,3149,3156
src/content/blog/OEL-43/la-forza-del-debole-vita-e-pensiero-di-dietrich-bonhoeffer.md,yes,monoblock_long_line,1097,575,5145,5160
src/content/blog/OEL-43/prima-di-andare-a-letto.md,yes,monoblock_long_line,1702,386,9805,9830
src/content/blog/OEL-43/proviamo-unaltra-volta.md,yes,monoblock_long_line,2637,460,4514,4499
src/content/blog/OEL-43/quando-i-genitori-si-rimboccano-le-maniche.md,yes,monoblock_long_line,3046,306,4144,4137
src/content/blog/OEL-43/quando-si-fa-sera.md,yes,monoblock_long_line,1601,472,5195,5216
src/content/blog/OEL-43/se-dorme-male.md,yes,monoblock_long_line,1095,281,3649,3639
src/content/blog/OEL-43/vita-fede-e-luce-n-43-seminario-sulla-catechesi-delle-persone-con-handicap.md,yes,monoblock_long_line,1717,504,7367,7359
src/content/blog/OEL-43/viviamo-da-soli.md,yes,monoblock_long_line,578,412,6101,6079
src/content/blog/OEL-44/appuntamento-con-maria-maddalena-dal-carcere-alla-vita-religiosa-la-testimonianza-delle-suore-di-betania.md,yes,monoblock_long_line,1521,423,3106,3117
src/content/blog/OEL-44/costruire-la-capacita-di-sperare-in-un-ospedale-psichiatrico.md,yes,monoblock_long_line,728,448,4100,4103
src/content/blog/OEL-44/dare-loro-una-vita-normale.md,yes,monoblock_long_line,3384,435,11172,11223
src/content/blog/OEL-44/dialogo-aperto-n44.md,yes,monoblock_long_line,1652,398,5606,5603
src/content/blog/OEL-44/due-piccole-isole-di-luce.md,yes,monoblock_long_line,1826,1282,5810,5804
src/content/blog/OEL-44/e-nato-un-bambino-down-guida-per-i-genitori.md,yes,monoblock_long_line,553,366,1894,1895
src/content/blog/OEL-44/florent-nella-scuola-italiana.md,yes,monoblock_long_line,4145,332,8640,8699
src/content/blog/OEL-44/imparando-a-vivere-bene-con-jimmy-2-parte.md,yes,monoblock_long_line,1604,425,10462,10513
src/content/blog/OEL-44/indice-articoli-per-argomenti.md,yes,,200,200,27072,27044
src/content/blog/OEL-44/la-fede-si-vive-cosi-si-impara.md,yes,monoblock_long_line,1416,460,15196,15263
src/content/blog/OEL-44/proviamo-unaltra-volta-proviamo-unaltra-strada-sesso-e-affetto.md,yes,monoblock_long_line,2997,420,3888,3881
src/content/blog/OEL-44/segni-di-speranza.md,yes,monoblock_long_line,731,379,4642,4659
src/content/blog/OEL-44/vita-di-fede-e-luce-n44.md,yes,monoblock_long_line,2791,330,6551,6561
src/content/blog/OEL-45/a-scuola-con-chicco-in-braccio.md,yes,monoblock_long_line,1690,342,6679,6679
src/content/blog/OEL-45/competere-col-dolore.md,yes,monoblock_long_line,2072,488,3189,3170
src/content/blog/OEL-45/educazione-alla-fede-per-tutti.md,yes,monoblock_long_line,2690,360,4613,4595
src/content/blog/OEL-45/il-mio-cielo-e-diverso-acrobazie-mentali-di-un-giovane-disabile.md,yes,monoblock_long_line,762,323,2892,2900
src/content/blog/OEL-45/la-fede-e-un-incontro.md,yes,monoblock_long_line,2223,446,7477,7519
src/content/blog/OEL-45/la-tenerezza-di-dio.md,yes,monoblock_long_line,1122,389,2063,2041
src/content/blog/OEL-45/larmadio-dei-giocattoli.md,yes,monoblock_long_line,2486,312,5338,5344
src/content/blog/OEL-45/ma-lui-dovera.md,yes,monoblock_long_line,2391,401,4809,4806
src/content/blog/OEL-45/mi-sentii-tradita.md,yes,monoblock_long_line,2160,310,5031,5033
src/content/blog/OEL-45/perche-mi-hai-abbandonato.md,yes,monoblock_long_line,900,441,4793,4804
src/content/blog/OEL-45/proviamo-unaltra-volta-proviamo-unaltra-strada.md,yes,monoblock_long_line,2012,509,3625,3607
src/content/blog/OEL-45/psicologia-e-culto-di-se-la-psicologia-aiuta-a-credere.md,yes,monoblock_long_line,1689,419,4228,4213
src/content/blog/OEL-45/val-la-pena-di-vivere.md,yes,monoblock_long_line,3542,303,4487,4482
src/content/blog/OEL-45/vita-fede-e-luci-n-45.md,yes,monoblock_long_line,4051,338,8621,8646
src/content/blog/OEL-46/pi-forti-di-loro-gli-scritti-dei-monaci-trappisti-uccisi-in-algeria.md,yes,monoblock_long_line,1853,338,3357,3380
src/content/blog/OEL-48/14-giochi-da-fare-insieme.md,yes,monoblock_long_line,1725,439,23706,23811
src/content/blog/OEL-48/70-giochi-per-rilassare-tuo-figlio-da-2-a-6-anni.md,yes,monoblock_long_line,2127,408,3315,3298
src/content/blog/OEL-48/a-cena-in-famiglia.md,yes,monoblock_long_line,2456,303,4431,4418
src/content/blog/OEL-48/a-tu-per-tu-con-lautismo.md,yes,monoblock_long_line,1908,269,2740,2727
src/content/blog/OEL-48/andiamo-a-giocare.md,yes,monoblock_long_line,3044,355,4882,4875
src/content/blog/OEL-48/associazione-il-cantiere.md,yes,monoblock_long_line,2864,316,5648,5650
src/content/blog/OEL-48/avevo-tanta-paura.md,yes,monoblock_long_line,3271,374,10018,10043
src/content/blog/OEL-48/cantare-e-giocare-giocare-e-comunicare.md,yes,monoblock_long_line,706,371,7782,7779
src/content/blog/OEL-48/catechesi-e-disabilita-la-confessione.md,no,,231,231,2707,2707
src/content/blog/OEL-48/cercavo-di-far-cantare-il-mio-cuore.md,yes,monoblock_long_line,843,339,4138,4124
src/content/blog/OEL-48/chiacchierata-in-famiglia-da-meditare.md,yes,monoblock_long_line,2739,438,14913,15007
src/content/blog/OEL-48/confessione.md,yes,monoblock_long_line,1144,314,5239,5252
src/content/blog/OEL-48/cooperativa-il-trattore.md,yes,monoblock_long_line,2215,271,5184,5180
src/content/blog/OEL-48/dialogo-aperto-n47.md,yes,monoblock_long_line,1157,369,7981,7990
src/content/blog/OEL-48/ferie-dagosto.md,yes,monoblock_long_line,5671,231,7151,7197
src/content/blog/OEL-48/giochi-e-giocattoli-tanti-da-scegliere.md,yes,monoblock_long_line,719,485,2516,2488
src/content/blog/OEL-48/il-giocare-del-bambino-autistico.md,yes,monoblock_long_line,1124,283,4645,4633
src/content/blog/OEL-48/inaugurazione-di-casa-loc-una-scuola-laboratorio-artigianale-per-ragazzi-o-adolescenti-portatori-di-handicap.md,yes,monoblock_long_line,1091,538,5031,5021
src/content/blog/OEL-48/ma-noi-siamo-attori.md,yes,monoblock_long_line,1905,230,4678,4682
src/content/blog/OEL-48/mi-riguarda.md,yes,monoblock_long_line,3276,578,4129,4118
src/content/blog/OEL-48/non-perdere-di-vista-enza.md,yes,monoblock_long_line,1347,269,2227,2205
src/content/blog/OEL-48/non-vergognatevi-di-essere-felici.md,yes,monoblock_long_line,2254,365,10774,10821
src/content/blog/OEL-48/non-vuole-piu-andare-a-messa.md,yes,monoblock_long_line,980,370,7119,7150
src/content/blog/OEL-48/per-tutte-le-sabine-del-mondo-1.md,yes,monoblock_long_line,1575,297,2911,2923
src/content/blog/OEL-48/un-fardello-pesante.md,yes,monoblock_long_line,4933,484,17019,17093
src/content/blog/OEL-48/vita-fede-e-luce-n47.md,yes,monoblock_long_line,2154,615,11285,11333
src/content/blog/OEL-48/volontariato-biblioteca-della-solidarieta.md,yes,monoblock_long_line,630,323,1848,1852
src/content/blog/OEL-49/alleta-in-cui-si-cambia.md,yes,monoblock_long_line,813,449,8126,8152
src/content/blog/OEL-49/centro-artigianale-di-bastia-umbra.md,yes,monoblock_long_line,1688,926,9167,9209
src/content/blog/OEL-49/come-dirti-come-spiegarti.md,yes,monoblock_long_line,2060,178,2820,2814
src/content/blog/OEL-49/dialogo-aperto-n-49.md,yes,monoblock_long_line,2691,398,6149,6154
src/content/blog/OEL-49/dialogo-come-cura.md,yes,monoblock_long_line,2778,239,3515,3508
src/content/blog/OEL-49/domande-e-osservazioni-dei-genitori.md,yes,monoblock_long_line,2318,219,3719,3717
src/content/blog/OEL-49/leducazione-sessuale-delle-persone-handicappate-un-libro-risponde.md,yes,monoblock_long_line,3316,551,4630,4621
src/content/blog/OEL-49/leducazione-sessuale-delle-persone-handicappate.md,yes,monoblock_long_line,6083,425,9976,10000
src/content/blog/OEL-49/un-seminario-speciale-il-coraggio-di-parlare-con-loro.md,yes,monoblock_long_line,1618,382,3210,3195
src/content/blog/OEL-49/un-tema-difficile-e-delicato.md,yes,monoblock_long_line,2084,423,4576,4565
src/content/blog/OEL-49/voglio-sposarmi.md,yes,monoblock_long_line,2713,291,9745,9833
src/content/blog/OEL-5/basta-la-porta-aperta.md,yes,monoblock_long_line,1680,414,12217,12280
src/content/blog/OEL-5/come-le-altre-domeniche-anna.md,yes,monoblock_long_line,1278,739,9342,9363
src/content/blog/OEL-5/cosa-dirvi-di-piu.md,yes,monoblock_long_line,591,354,5304,5330
src/content/blog/OEL-5/dare-a-ciascuno-una-voce.md,yes,monoblock_long_line,1181,562,1410,1385
src/content/blog/OEL-5/dialogo-aperto-n-5.md,yes,monoblock_long_line,1828,381,6401,6398
src/content/blog/OEL-5/lei-non-entra.md,yes,monoblock_long_line,1885,346,7342,7359
src/content/blog/OEL-5/nessuno-escluso.md,yes,monoblock_long_line,973,367,5822,5809
src/content/blog/OEL-5/perche-lontano-da-dio.md,yes,monoblock_long_line,725,342,4040,4043
src/content/blog/OEL-5/vita-fede-e-luce-n-5.md,yes,monoblock_long_line,1115,482,5034,5022
src/content/blog/OEL-50/allamicizia-ci-credo.md,yes,monoblock_long_line,671,456,3317,3319
src/content/blog/OEL-50/bilancio-fede-e-luce-1975.md,yes,monoblock_long_line,583,568,2098,2102
src/content/blog/OEL-50/carlo-gnocchi-gli-scritti-1934-1956.md,yes,monoblock_long_line,1798,459,3003,2987
src/content/blog/OEL-50/cera-una-volta-un-pescolino-rosso-e-paperottino.md,yes,monoblock_long_line,2150,263,2848,2835
src/content/blog/OEL-50/come-dire-di-si.md,no,,367,367,3634,3634
src/content/blog/OEL-50/comunita-alloggio-la-torre.md,yes,monoblock_long_line,782,378,2392,2400
src/content/blog/OEL-50/cosa-vedremo-a-roma-durante-il-pellegrinaggio-1975.md,yes,monoblock_long_line,1673,336,7546,7587
src/content/blog/OEL-50/dalla-tenebra-alla-luce.md,yes,monoblock_long_line,636,426,6526,6510
src/content/blog/OEL-50/dialogo-aperto-n-50.md,yes,monoblock_long_line,1364,544,6544,6540
src/content/blog/OEL-50/dialogo-con-il-cardinale-martini.md,yes,monoblock_long_line,2486,500,10619,10636
src/content/blog/OEL-50/dietro-le-quinte.md,yes,,251,251,1921,1919
src/content/blog/OEL-50/francesco-portatore-di-handicap-sorride-alla-vita.md,yes,monoblock_long_line,2980,340,3596,3588
src/content/blog/OEL-50/giovanissimi-insieme-n-5.md,yes,monoblock_long_line,1629,421,3470,3490
src/content/blog/OEL-50/giovanissimi-io-e-mio-fratello.md,yes,monoblock_long_line,671,456,1977,1977
src/content/blog/OEL-50/giovanissimi-n7.md,yes,,256,256,808,807
src/content/blog/OEL-50/gli-amici-dei-bimbi-del-reparto-gesu-bambino-allistituto-s-eusebio-vercelli.md,yes,monoblock_long_line,641,441,2922,2924
src/content/blog/OEL-50/i-canti-del-pellegrinaggio-di-roma-1975.md,no,,199,199,1546,1546
src/content/blog/OEL-50/il-cardinale-martini-risponde.md,yes,monoblock_long_line,819,534,6549,6564
src/content/blog/OEL-50/il-momento-piu-bello.md,no,,369,369,404,404
src/content/blog/OEL-50/il-problema-dellacqua.md,no,,420,420,2440,2440
src/content/blog/OEL-50/integrazione-nelle-scuole-pro-e-contro.md,yes,monoblock_long_line,688,475,3234,3237
src/content/blog/OEL-50/io-ad-assisi.md,yes,monoblock_long_line,1264,578,5410,5399
src/content/blog/OEL-50/la-lettera-di-paolo-vi-ai-pellegrini-di-fede-e-luce-1975.md,yes,monoblock_long_line,856,415,2999,3008
src/content/blog/OEL-50/la-luce-simbolo-del-pellegrinaggio-di-roma-1975.md,yes,monoblock_long_line,535,275,4393,4384
src/content/blog/OEL-50/la-madre-di-davide.md,yes,monoblock_long_line,1589,446,16913,16925
src/content/blog/OEL-50/la-nostra-buona-novella.md,no,,439,439,5714,5714
src/content/blog/OEL-50/leco-della-stampa.md,yes,monoblock_long_line,804,458,9408,9423
src/content/blog/OEL-50/lincontro-a-villa-pacis.md,yes,monoblock_long_line,671,456,2307,2309
src/content/blog/OEL-50/mi-ama-come-sono.md,yes,monoblock_long_line,3439,534,7921,7995
src/content/blog/OEL-50/ombra-e-luce.md,yes,monoblock_long_line,638,539,3525,3496
src/content/blog/OEL-50/pellegrinaggio-a-roma-con-foi-et-lumiere.md,yes,,253,253,2625,2624
src/content/blog/OEL-50/per-dire-grazie.md,yes,monoblock_long_line,1800,368,2837,2818
src/content/blog/OEL-50/per-te-ho-visitato-roma.md,no,,312,312,2643,2643
src/content/blog/OEL-50/perche-proprio-a-roma-il-pellegrinaggio-del-1975.md,yes,,418,418,1880,1877
src/content/blog/OEL-50/perche-questo-pellegrinaggio.md,no,,298,298,1892,1892
src/content/blog/OEL-50/poesie-visages-volti.md,yes,monoblock_long_line,906,366,2664,2675
src/content/blog/OEL-50/portate-fraternita-gioia-intelligenza-della-fede.md,yes,monoblock_long_line,1243,451,7700,7727
src/content/blog/OEL-50/programma-del-pellegrinaggio-a-roma-del-1975.md,yes,monoblock_long_line,610,323,2924,2923
src/content/blog/OEL-50/qua-e-la-per-litalia.md,no,,328,328,1906,1906
src/content/blog/OEL-50/quando-parliamo-di-loro.md,yes,monoblock_long_line,606,447,3010,3017
src/content/blog/OEL-50/ricordi-e-speranze-dai-questionari-sul-pellegrinaggio-a-roma-del-1975.md,yes,monoblock_long_line,707,342,9210,9218
src/content/blog/OEL-50/sabato-1-febbraio-1975.md,yes,monoblock_long_line,997,445,2434,2436
src/content/blog/OEL-50/tavola-rotonda.md,yes,monoblock_long_line,588,432,6599,6609
src/content/blog/OEL-50/testimonianze-dal-pellegrinaggio-di-lourdes-1971.md,yes,monoblock_long_line,675,662,8545,8575
src/content/blog/OEL-50/tra-il-cuore-e-la-mente.md,yes,monoblock_long_line,570,170,1335,1313
src/content/blog/OEL-50/tu-ci-liberi-dal-male.md,yes,monoblock_long_line,1381,438,5395,5394
src/content/blog/OEL-50/un-pellegrinaggio-di-ringraziamento.md,yes,monoblock_long_line,3480,618,4107,4092
src/content/blog/OEL-50/una-mamma-di-bambini-normali.md,yes,monoblock_long_line,997,369,2740,2742
src/content/blog/OEL-51/centro-sperimentale-per-lautismo.md,yes,monoblock_long_line,1122,401,6861,6875
src/content/blog/OEL-51/cinque-pani-e-due-pesci.md,yes,monoblock_long_line,2545,259,4383,4371
src/content/blog/OEL-51/come-preparare-al-sacramento-1.md,yes,monoblock_long_line,1836,257,4265,4280
src/content/blog/OEL-51/depressione-chi-mi-libera.md,yes,monoblock_long_line,2417,663,12561,12652
src/content/blog/OEL-51/dialogo-aperto-n-51.md,yes,monoblock_long_line,1559,241,6261,6308
src/content/blog/OEL-51/dialogo-aperto-n-52.md,yes,monoblock_long_line,2263,416,5263,5294
src/content/blog/OEL-51/dio-non-fa-differenze.md,yes,monoblock_long_line,2417,409,6104,6153
src/content/blog/OEL-51/diversi-da-chi-normali-vite-con-handicap.md,yes,monoblock_long_line,3455,790,3568,3582
src/content/blog/OEL-51/essere-adulti-essere-handicappati.md,yes,monoblock_long_line,1376,203,2097,2105
src/content/blog/OEL-51/eucaristia-e-cresima-di-giacomo.md,yes,monoblock_long_line,2420,368,6149,6191
src/content/blog/OEL-51/gioco-educativo-per-tutti-pensiamo-le-risposte.md,yes,monoblock_long_line,1451,358,12175,12238
src/content/blog/OEL-51/larte-di-costruire-giocattoli-creativi.md,yes,monoblock_long_line,940,225,943,948
src/content/blog/OEL-51/le-case-famiglia-gli-istituti-i-centri-esaminati-da-ombre-e-luci.md,yes,monoblock_long_line,743,442,11716,11718
src/content/blog/OEL-51/non-conosco-la-tua-lingua-ma-desidero-impararla.md,yes,monoblock_long_line,3900,365,8542,8625
src/content/blog/OEL-51/ora-so-perche-pianto-dei-fiori.md,yes,monoblock_long_line,581,357,2309,2311
src/content/blog/OEL-51/per-vivere-bene-con-le-persone-anziane.md,yes,monoblock_long_line,692,416,3651,3663
src/content/blog/OEL-51/quelli-piu-simili-a-lui.md,yes,monoblock_long_line,587,523,3396,3397
src/content/blog/OEL-51/sacramenti-e-disabili.md,yes,monoblock_long_line,2380,449,9661,9689
src/content/blog/OEL-51/sport-e-musica-per-crescere.md,yes,monoblock_long_line,3809,299,3841,3862
src/content/blog/OEL-51/tenendoci-per-mano.md,yes,monoblock_long_line,1220,285,5664,5681
src/content/blog/OEL-51/vita-cristiana-e-disabilita.md,yes,"heading_attached,monoblock_long_line",830,434,12595,12645
src/content/blog/OEL-52/luca-mio-figlio-autistico.md,yes,monoblock_long_line,2682,189,2714,2745
src/content/blog/OEL-53/ai-genitori-e-agli-amici.md,yes,monoblock_long_line,1594,709,6332,6355
src/content/blog/OEL-53/cambiare-il-cuore.md,yes,monoblock_long_line,2651,532,4450,4436
src/content/blog/OEL-53/ce-un-problema-col-tuo-bambino.md,yes,,285,285,6681,6673
src/content/blog/OEL-53/comunita-alloggio-per-persone-con-handicap-intellettivo.md,yes,monoblock_long_line,638,411,9596,9569
src/content/blog/OEL-53/comunita-famiglia-di-endine.md,yes,monoblock_long_line,907,444,3910,3914
src/content/blog/OEL-53/dialogo-aperto-n53.md,yes,monoblock_long_line,2978,303,4099,4121
src/content/blog/OEL-53/i-fornelli-di-marta-e-matteo.md,yes,monoblock_long_line,1347,325,5195,5234
src/content/blog/OEL-53/il-mio-nome-e-trappola-la-favola-di-anna.md,yes,monoblock_long_line,627,418,3616,3617
src/content/blog/OEL-53/lo-sconforto-emotivo-esige-comprensione.md,yes,monoblock_long_line,1834,435,9736,9787
src/content/blog/OEL-53/oltre-lhandicap-esperienze-e-proposte-a-contatto-con-bambini-autistici-down-cerebrolesi-ipoacusici.md,yes,monoblock_long_line,1807,368,3866,3849
src/content/blog/OEL-53/pane-amore-e-fantasia.md,yes,monoblock_long_line,1080,375,3451,3459
src/content/blog/OEL-53/vita-fede-e-luce-n53.md,yes,monoblock_long_line,2170,323,9605,9617
src/content/blog/OEL-54/attivita-didattiche-per-autistici-valutazione-e-trattamento-a-livello-individuale-per-autistici.md,yes,monoblock_long_line,503,246,766,768
src/content/blog/OEL-54/dialogo-aperto-n54.md,yes,monoblock_long_line,3799,522,11943,12001
src/content/blog/OEL-54/formazione-morale-e-disabili.md,yes,monoblock_long_line,1081,538,5718,5735
src/content/blog/OEL-54/i-miei-30-anni-allarca.md,yes,monoblock_long_line,2468,423,10734,10813
src/content/blog/OEL-54/itaca-laboratorio-di-attivita-artistiche.md,yes,monoblock_long_line,509,367,2821,2824
src/content/blog/OEL-54/lascia-che-vada-a-vivere-fuori-di-casa.md,yes,monoblock_long_line,1533,365,10357,10465
src/content/blog/OEL-54/lettere-sul-dolore-uno-sguardo-sul-mistero-della-sofferenza.md,yes,monoblock_long_line,1334,531,4929,4912
src/content/blog/OEL-54/terapia-della-realta-una-sfida-la-pedagogia-della-condivisione.md,yes,monoblock_long_line,828,527,1579,1583
src/content/blog/OEL-54/un-teatro-diverso.md,yes,monoblock_long_line,1061,371,6227,6253
src/content/blog/OEL-54/vocabolario-alcuni-termini-per-capire-meglio-lhandicap.md,yes,monoblock_long_line,1430,1430,4920,4932
src/content/blog/OEL-55/a-37-anni-cati-progredisce.md,yes,monoblock_long_line,1502,208,4696,4742
src/content/blog/OEL-55/autismo-e-psicosi-infantile-negli-articoli-di-ombre-e-luci.md,yes,monoblock_long_line,1033,568,4027,4030
src/content/blog/OEL-55/catechesi-anche-per-le-persone-autistiche-1.md,yes,monoblock_long_line,1559,405,8733,8779
src/content/blog/OEL-55/che-capisce-e-noi.md,yes,monoblock_long_line,2209,392,8312,8365
src/content/blog/OEL-55/dialogo-aperto-n55.md,yes,monoblock_long_line,1787,381,7473,7518
src/content/blog/OEL-55/dopo-di-noi-sono-molti-ad-aspettare.md,yes,monoblock_long_line,2320,906,5046,5054
src/content/blog/OEL-55/ho-guadagnato-un-anno-al-carro.md,yes,monoblock_long_line,2623,564,12520,12555
src/content/blog/OEL-55/libri-per-conoscere-lautismo.md,yes,monoblock_long_line,930,381,4118,4134
src/content/blog/OEL-55/ma-costanza-danza-col-vento.md,yes,monoblock_long_line,2296,476,5813,5855
src/content/blog/OEL-55/prigioniero-di-me-stesso-viaggio-dentro-lautismo.md,yes,monoblock_long_line,1156,381,3050,3063
src/content/blog/OEL-55/quale-metodo-scegliere.md,yes,monoblock_long_line,1311,405,5717,5739
src/content/blog/OEL-55/sono-molti-ad-aspettare.md,yes,monoblock_long_line,1944,405,8215,8241
src/content/blog/OEL-55/un-bambino-speciale-in-famiglia.md,yes,monoblock_long_line,1120,381,2008,2014
src/content/blog/OEL-55/vestita-di-nuvole.md,yes,monoblock_long_line,1243,381,2135,2145
src/content/blog/OEL-56/dondolando-tra-lamore-e-lodio.md,yes,monoblock_long_line,674,259,2707,2722
src/content/blog/OEL-56/essere-padrino-di-mario.md,yes,monoblock_long_line,1074,887,5334,5351
src/content/blog/OEL-56/finalmente-sei-arrivata.md,yes,monoblock_long_line,1513,362,4045,4060
src/content/blog/OEL-56/fratelli-nella-notte.md,yes,monoblock_long_line,1309,257,1537,1546
src/content/blog/OEL-56/genitori-non-fateci-arrabbiare.md,yes,monoblock_long_line,1362,487,3003,3016
src/content/blog/OEL-56/il-bambino-con-handicap-dalla-nascita-allintegrazione.md,yes,monoblock_long_line,1062,381,3329,3342
src/content/blog/OEL-56/il-nostro-cammino.md,yes,monoblock_long_line,3190,612,16497,16569
src/content/blog/OEL-56/la-morte-amica-lezioni-di-vita-da-chi-sta-per-morire.md,yes,monoblock_long_line,3499,574,3616,3630
src/content/blog/OEL-56/le-richieste-della-sorella-di-un-ragazzo-disabile-ai-suoi-amici.md,yes,monoblock_long_line,1034,396,2251,2259
src/content/blog/OEL-56/lo-sguardo-degli-altri.md,yes,monoblock_long_line,819,141,839,848
src/content/blog/OEL-56/mi-ha-insegnato-ad-amare.md,yes,monoblock_long_line,1100,349,1708,1715
src/content/blog/OEL-56/ogni-uomo-e-una-storia-sacra.md,yes,monoblock_long_line,1756,268,3982,4002
src/content/blog/OEL-56/perch-non-mi-capisci.md,yes,monoblock_long_line,1391,576,3947,3974
src/content/blog/OEL-56/quando-lamore-e-mancato.md,yes,monoblock_long_line,988,152,1007,1018
src/content/blog/OEL-56/solitudine-nella-sofferenza.md,yes,monoblock_long_line,887,887,9359,9387
src/content/blog/OEL-57/a-scuola-con-tre-insegnanti.md,yes,monoblock_long_line,1883,405,9033,9075
src/content/blog/OEL-57/come-progettare-una-comunita.md,yes,monoblock_long_line,774,532,7551,7559
src/content/blog/OEL-57/dedicato-ai-bambini.md,yes,monoblock_long_line,2483,397,6460,6493
src/content/blog/OEL-57/dialogo-aperto-n-57.md,yes,monoblock_long_line,1296,332,3124,3144
src/content/blog/OEL-57/i-bambini-alla-scoperta-di-roma-antica.md,yes,monoblock_long_line,1315,302,1349,1356
src/content/blog/OEL-57/igor-o-limprevisto-di-dio.md,yes,monoblock_long_line,9966,452,11486,11587
src/content/blog/OEL-57/il-libro-di-alice.md,yes,monoblock_long_line,2059,234,3230,3253
src/content/blog/OEL-57/il-senso-di-luca-nella-tua-vita.md,yes,monoblock_long_line,1467,400,6415,6460
src/content/blog/OEL-57/quando-se-ne-vanno-prima-di-noi.md,yes,monoblock_long_line,3497,306,5013,5037
src/content/blog/OEL-57/una-soluzione-per-i-malati-mentali-insieme-si-pu.md,yes,monoblock_long_line,1324,293,7445,7494
src/content/blog/OEL-58/come-fare-una-buona-vacanza.md,yes,monoblock_long_line,1065,404,4988,4991
src/content/blog/OEL-58/dedicato-ai-bambini-flavio.md,yes,monoblock_long_line,1075,410,4080,4104
src/content/blog/OEL-58/dialogo-aperto-n58.md,yes,monoblock_long_line,4237,371,7809,7866
src/content/blog/OEL-58/un-hamburger-fatto-bene.md,yes,monoblock_long_line,5258,466,7124,7159
src/content/blog/OEL-58/una-soria-vera.md,yes,monoblock_long_line,1554,422,8838,8874
src/content/blog/OEL-58/vita-fede-e-luce-n-58.md,yes,monoblock_long_line,12054,726,13100,13193
src/content/blog/OEL-59/a-jean-vanier-il-premio-paolo-vi.md,yes,monoblock_long_line,3668,1037,11568,11631
src/content/blog/OEL-59/comunita-tau-la-nostra-casa.md,yes,monoblock_long_line,1038,407,4924,4942
src/content/blog/OEL-59/e-dopo-parliamo-damore.md,yes,monoblock_long_line,2014,345,2039,2059
src/content/blog/OEL-59/figli-di-un-dio-minore.md,yes,monoblock_long_line,681,260,2471,2480
src/content/blog/OEL-59/il-compleanno-di-chiara.md,yes,monoblock_long_line,1500,307,2362,2371
src/content/blog/OEL-59/il-mio-piede-sinistro-1.md,yes,monoblock_long_line,1309,203,2406,2422
src/content/blog/OEL-59/lottavo-giorno.md,yes,monoblock_long_line,2163,472,4822,4852
src/content/blog/OEL-59/pezzi-di-vita.md,yes,monoblock_long_line,759,748,5532,5546
src/content/blog/OEL-59/rain-man.md,yes,monoblock_long_line,4150,553,6678,6722
src/content/blog/OEL-59/venite-e-vedete-un-ritiro-con-jean-vanier.md,yes,monoblock_long_line,2976,322,2979,3000
src/content/blog/OEL-6/e-sempre-stato-rifiutato.md,yes,monoblock_long_line,875,387,10192,10226
src/content/blog/OEL-6/il-mistero-del-bambino-psicotico.md,yes,monoblock_long_line,2441,324,6591,6598
src/content/blog/OEL-6/la-riabilitazione-nelle-scuole-ma-la-bambina-non-tenuta-in-classe.md,yes,monoblock_long_line,2144,299,7354,7373
src/content/blog/OEL-6/nessun-uomo-e-una-pietra.md,yes,monoblock_long_line,584,447,10503,10526
src/content/blog/OEL-6/oltre-la-scienza-umanita-e-buon-senso-in-un-centro-per-la-cura-della-psicosi.md,yes,monoblock_long_line,863,432,8769,8798
src/content/blog/OEL-6/psicosi-infantile-alcuni-consigli-utili.md,yes,monoblock_long_line,3331,425,6689,6678
src/content/blog/OEL-6/psicosi-precoci-che-cosa-sono.md,yes,monoblock_long_line,1626,364,15184,15232
src/content/blog/OEL-6/vita-fede-e-luce-n-6.md,yes,monoblock_long_line,1187,1084,8592,8605
src/content/blog/OEL-6/vivere-con-un-bambino-autistico.md,yes,monoblock_long_line,675,367,3566,3544
src/content/blog/OEL-60/dai-nonni-una-tenerezza-in-piu.md,yes,monoblock_long_line,705,420,2171,2174
src/content/blog/OEL-60/dedicato-ai-bambini-carlo.md,yes,monoblock_long_line,1414,272,2710,2733
src/content/blog/OEL-60/dialogo-aperto-n-60.md,yes,monoblock_long_line,1204,407,4108,4126
src/content/blog/OEL-60/i-nonni-possono-fare-molto.md,yes,monoblock_long_line,2181,319,5348,5385
src/content/blog/OEL-60/i-suoi-nonni.md,yes,monoblock_long_line,2801,220,4138,4179
src/content/blog/OEL-60/la-madre-di-famiglia.md,yes,monoblock_long_line,1016,55,1016,1040
src/content/blog/OEL-60/laiuto-spirituale-dei-nonni.md,yes,monoblock_long_line,1026,269,5850,5883
src/content/blog/OEL-60/non-dopo-di-noi-ma-prima-come-i-fratelli-anche-lui-lascia-la-casa.md,yes,monoblock_long_line,1425,434,8721,8756
src/content/blog/OEL-60/vita-fede-e-luci-n60.md,yes,monoblock_long_line,1799,454,3702,3716
src/content/blog/OEL-61/10-passi-verso-il-pensiero-positivo.md,yes,monoblock_long_line,2686,502,3446,3471
src/content/blog/OEL-61/dialogo-aperto-n-61.md,yes,monoblock_long_line,1137,271,1736,1742
src/content/blog/OEL-61/i-nostri-grandi-amici-luigi-monza-una-storia-illustrata.md,no,,331,331,395,395
src/content/blog/OEL-61/jean-vanier-e-larca-una-comunione-damore.md,yes,monoblock_long_line,2330,291,2507,2526
src/content/blog/OEL-61/la-scelta-di-alessandra.md,yes,monoblock_long_line,2448,304,2565,2584
src/content/blog/OEL-61/marco-e-daniela.md,yes,monoblock_long_line,2690,210,2714,2745
src/content/blog/OEL-61/margherita-ricordi-mi-chiedesti-lane-di-colori-diversi.md,yes,monoblock_long_line,1669,223,5472,5534
src/content/blog/OEL-61/quella-lieve-disabilita.md,yes,monoblock_long_line,540,389,3394,3397
src/content/blog/OEL-61/teresa.md,yes,monoblock_long_line,2002,444,5143,5174
src/content/blog/OEL-61/tre-racconti-dello-spirito-lettera-pastorale-per-verificarci-sui-doni-del-consolatore.md,yes,monoblock_long_line,3442,401,4078,4104
src/content/blog/OEL-62/approfittiamo-delle-vacanze-per-imparare.md,yes,monoblock_long_line,2017,1040,2043,2045
src/content/blog/OEL-62/aspettate-arrivo.md,yes,monoblock_long_line,885,497,4384,4393
src/content/blog/OEL-62/benedetta-raccontata-da-sua-sorella.md,yes,monoblock_long_line,666,339,3703,3711
src/content/blog/OEL-62/cirano-insegna.md,yes,monoblock_long_line,1736,401,4242,4258
src/content/blog/OEL-62/creativit-al-servizio-dellhandicap.md,yes,monoblock_long_line,733,405,3635,3656
src/content/blog/OEL-62/dedicato-ai-bambini-e-a-tutti-noi-alice.md,yes,monoblock_long_line,562,270,3896,3899
src/content/blog/OEL-62/dialogo-aperto-n-62.md,yes,monoblock_long_line,1157,332,2785,2804
src/content/blog/OEL-62/fiorangela-un-inno-alla-vita.md,yes,monoblock_long_line,1418,355,2768,2780
src/content/blog/OEL-62/giulia-non-e-bella.md,yes,,427,427,869,868
src/content/blog/OEL-62/lassociazione-la-nostra-famiglia.md,yes,monoblock_long_line,2674,368,2821,2826
src/content/blog/OEL-62/maria-e-i-delfini.md,yes,monoblock_long_line,869,423,3777,3789
src/content/blog/OEL-62/se-mi-vuoi-bene-dimmi-di-no-regole-e-potere-positivo-per-aiutare-i-figli-a-crescere.md,yes,monoblock_long_line,1524,682,2239,2241
src/content/blog/OEL-62/sullhimalaya-insieme-a-ragazzi-con-disabilita.md,yes,,342,342,2045,2044
src/content/blog/OEL-62/teatro-in-piazza.md,yes,monoblock_long_line,736,423,3294,3295
src/content/blog/OEL-62/teatro-in-un-gruppo-fede-e-luce.md,yes,monoblock_long_line,1374,338,3940,3960
src/content/blog/OEL-62/teatro-privato.md,yes,monoblock_long_line,2609,465,4325,4355
src/content/blog/OEL-62/vita-fede-e-luce-n-62.md,yes,monoblock_long_line,2059,258,8827,8923
src/content/blog/OEL-63/comunicazione-facilitata-sinceramente-increduli.md,yes,monoblock_long_line,3780,399,3780,3804
src/content/blog/OEL-63/congresso-mondiale-dei-movimenti-ecclesiastici-1998.md,yes,monoblock_long_line,936,288,1609,1612
src/content/blog/OEL-63/dialogo-aperto-n-63-1998.md,yes,monoblock_long_line,4902,402,8358,8415
src/content/blog/OEL-63/giorno-di-festa-al-melograno.md,yes,monoblock_long_line,1753,476,2650,2658
src/content/blog/OEL-63/hikari-una-famiglia.md,yes,monoblock_long_line,4746,489,4746,4772
src/content/blog/OEL-63/maria-teresa-di-calcutta-dedicato-ai-bambini-e-a-tutti-noi.md,yes,monoblock_long_line,711,381,1812,1818
src/content/blog/OEL-63/ora-puo-riposare.md,yes,monoblock_long_line,699,536,3024,3025
src/content/blog/OEL-63/roberto-chi-sei.md,yes,monoblock_long_line,1213,518,2382,2389
src/content/blog/OEL-63/roberto-trova-unaltra-casa.md,yes,monoblock_long_line,2895,382,4866,4908
src/content/blog/OEL-63/sapersi-meravigliare.md,yes,monoblock_long_line,1378,709,5729,5742
src/content/blog/OEL-63/vita-fede-e-luce-n63.md,yes,monoblock_long_line,1279,388,4134,4149
src/content/blog/OEL-64/decalogo-per-insegnare-alle-persone-con-disabilita.md,yes,,148,148,1026,1017
src/content/blog/OEL-64/dialogo-aperto-n-64.md,yes,monoblock_long_line,1832,316,7249,7307
src/content/blog/OEL-64/fausta.md,yes,monoblock_long_line,1772,607,5123,5140
src/content/blog/OEL-64/il-mimo-momento-di-preghiera-a-fede-e-luce.md,yes,"html_generic,monoblock_long_line",3895,567,4572,4020
src/content/blog/OEL-64/la-tua-parola-e-per-tutti-henri-bissonnier.md,yes,monoblock_long_line,823,451,6211,6217
src/content/blog/OEL-64/le-idee-dellarca.md,yes,,461,372,1323,1323
src/content/blog/OEL-64/non-sta-piu-in-un-angolo.md,yes,monoblock_long_line,954,249,2220,2237
src/content/blog/OEL-64/ognuno-a-modo-suo.md,yes,monoblock_long_line,884,380,4828,4835
src/content/blog/OEL-64/perche-scuola-potenziata-e-centro-socio-educativo-per-piccoli.md,yes,monoblock_long_line,1148,356,2171,2175
src/content/blog/OEL-64/una-scuola-su-misura.md,yes,monoblock_long_line,1413,442,9618,9648
src/content/blog/OEL-64/vita-fede-e-luce-n-64.md,yes,monoblock_long_line,1153,567,5981,5998
src/content/blog/OEL-65/dialogo-aperto-n-65.md,yes,monoblock_long_line,3142,312,5291,5330
src/content/blog/OEL-65/i-nostri-grandi-amici-s-giuseppe-da-copertino-il-frate-volante.md,yes,monoblock_long_line,3047,291,3047,3048
src/content/blog/OEL-65/intorno-alla-nascita.md,yes,monoblock_long_line,7864,547,9210,9263
src/content/blog/OEL-65/la-mamma-e-il-teologo.md,yes,monoblock_long_line,1236,411,6570,6623
src/content/blog/OEL-65/la-preghiera-con-maria-teresa.md,yes,monoblock_long_line,1265,248,1295,1305
src/content/blog/OEL-65/lettera-aperta-ai-genitori-di-bambini-speciali.md,yes,monoblock_long_line,1993,498,5966,5992
src/content/blog/OEL-65/ombre-e-luci-oggi-ha-ancora-senso.md,yes,monoblock_long_line,895,638,5197,5210
src/content/blog/OEL-65/un-fratello-da-nascondere.md,yes,monoblock_long_line,811,811,1800,1799
src/content/blog/OEL-65/una-nuova-casa-famiglia-oikos.md,yes,monoblock_long_line,967,759,4003,4016
src/content/blog/OEL-65/vita-fede-e-luce-n-65.md,yes,monoblock_long_line,3487,423,8113,8155
src/content/blog/OEL-65/vivere-lautismo-manuale-di-sopravvivenza-per-i-genitori.md,yes,monoblock_long_line,923,298,4737,4766
src/content/blog/OEL-66/a-tavolaaaa.md,yes,monoblock_long_line,618,405,4922,4932
src/content/blog/OEL-66/con-clara-siamo-in-sei.md,yes,monoblock_long_line,1405,193,1428,1438
src/content/blog/OEL-66/dedicato-ai-bambini-francesco-gammarelli.md,yes,monoblock_long_line,767,412,4590,4596
src/content/blog/OEL-66/dialogo-aperto-n66.md,yes,monoblock_long_line,3083,435,5902,5946
src/content/blog/OEL-66/e-francesca-e-basta.md,yes,monoblock_long_line,1177,474,6991,7011
src/content/blog/OEL-66/io-sono-una-donna-perch-mi-chiami-handicappata.md,yes,monoblock_long_line,1276,262,5494,5557
src/content/blog/OEL-66/la-sindrome-di-prader-willi.md,yes,monoblock_long_line,1052,461,2554,2559
src/content/blog/OEL-66/le-pagnottelle-di-s-giuseppe.md,yes,monoblock_long_line,1429,329,4720,4760
src/content/blog/OEL-66/preghiera-per-i-bambini.md,no,monoblock_long_line,516,516,2510,2510
src/content/blog/OEL-66/quando-mangiare-un-problema.md,yes,monoblock_long_line,960,412,9315,9350
src/content/blog/OEL-66/sempre-io-christopher-reeve.md,yes,monoblock_long_line,1196,427,2882,2891
src/content/blog/OEL-66/vita-fede-e-luce-n-66.md,yes,monoblock_long_line,1694,381,5014,5037
src/content/blog/OEL-67/ce-qualcosa-di-nuovo.md,yes,monoblock_long_line,1094,351,3886,3908
src/content/blog/OEL-67/hanno-avuto-un-grave-incidente.md,yes,monoblock_long_line,1283,368,7436,7476
src/content/blog/OEL-67/i-nostri-grandi-amici-charles-del-focauld-un-amico-di-gesu-nel-deserto.md,yes,monoblock_long_line,605,328,4247,4251
src/content/blog/OEL-67/labbraccio-benedicente-meditazione-sui-ritorno-del-figlio-prodigo.md,yes,monoblock_long_line,769,350,2133,2136
src/content/blog/OEL-67/laboratorio-la-stelletta.md,yes,monoblock_long_line,4403,394,7559,7591
src/content/blog/OEL-67/messaggi-tutte-le-abilita-della-comunicazione.md,yes,monoblock_long_line,692,378,1243,1245
src/content/blog/OEL-67/papa-e-cieco.md,yes,monoblock_long_line,624,438,4125,4145
src/content/blog/OEL-67/per-aiutarlo.md,yes,monoblock_long_line,2092,315,2772,2784
src/content/blog/OEL-67/perche-mio-papa-non-puo-giocare-con-me.md,yes,monoblock_long_line,558,306,1734,1736
src/content/blog/OEL-67/un-po-alla-volta.md,yes,monoblock_long_line,1033,396,7138,7172
src/content/blog/OEL-67/una-persona-vera.md,yes,monoblock_long_line,1469,570,4439,4453
src/content/blog/OEL-67/verso-la-maturita.md,yes,monoblock_long_line,591,415,5966,5982
src/content/blog/OEL-67/vivere-con-un-figlio-down-per-costruire-giorno-per-giorno-un-rapporto-damore-e-un-progetto-di-vita.md,yes,monoblock_long_line,1029,378,2075,2079
src/content/blog/OEL-68/cecilia-vuole-una-casa.md,yes,monoblock_long_line,2098,697,3987,4016
src/content/blog/OEL-68/comunita-il-ricino-di-giona.md,yes,monoblock_long_line,907,514,6386,6396
src/content/blog/OEL-68/con-le-porte-sempre-aperte.md,yes,monoblock_long_line,1203,312,3848,3876
src/content/blog/OEL-68/consigli-per-una-casa-aperta.md,yes,monoblock_long_line,922,517,1858,1859
src/content/blog/OEL-68/dialogo-aperto-n-68.md,yes,monoblock_long_line,1572,972,6026,6050
src/content/blog/OEL-68/gioco-come-questa-casa.md,no,,109,109,247,247
src/content/blog/OEL-68/io-prete-ho-adottato-valentino.md,yes,monoblock_long_line,1134,972,7454,7471
src/content/blog/OEL-68/irene-e-i-suoi-in-casa-maria-grazia.md,yes,monoblock_long_line,1546,972,6684,6721
src/content/blog/OEL-68/proprio-una-normalissima-famiglia.md,yes,monoblock_long_line,1174,1174,7327,7339
src/content/blog/OEL-68/se-qualcuno-bussa.md,yes,monoblock_long_line,1285,972,5051,5077
src/content/blog/OEL-68/voglio-credere.md,no,,407,407,1547,1547
src/content/blog/OEL-69/clara-va-al-mare-recensione.md,yes,monoblock_long_line,647,398,2733,2737
src/content/blog/OEL-69/coraggio-immacolata.md,yes,monoblock_long_line,3274,320,4741,4769
src/content/blog/OEL-69/gli-siamo-grati-per-questo-la-testimonianza-dei-genitori-di-gianni.md,yes,monoblock_long_line,1263,521,7678,7709
src/content/blog/OEL-69/il-libro-di-johann-io-vi-ho-amati-tutti-recensione.md,yes,monoblock_long_line,1232,381,3158,3173
src/content/blog/OEL-69/la-sete-e-lacqua-della-speranza.md,yes,monoblock_long_line,567,433,5485,5489
src/content/blog/OEL-69/la-sofferenza.md,yes,monoblock_long_line,8271,492,9096,9166
src/content/blog/OEL-69/liberi-di-vivere-come-tutti-prima-conferenza-nazionale-delle-politiche-sullhandicap.md,yes,monoblock_long_line,821,821,7582,7591
src/content/blog/OEL-69/mettersi-in-gioco-la-solidarieta-secondo-silvia-tamberi.md,yes,monoblock_long_line,838,631,2918,2927
src/content/blog/OEL-69/rosamaria.md,yes,monoblock_long_line,808,374,5079,5109
src/content/blog/OEL-69/villaggio-senza-barriere-un-luogo-di-accoglienza-insolito.md,yes,monoblock_long_line,1138,431,7357,7383
src/content/blog/OEL-7/casa-jada-la-case-famiglia-delloami.md,yes,monoblock_long_line,2436,309,7424,7447
src/content/blog/OEL-7/classe-azzurro.md,yes,monoblock_long_line,2985,615,7904,7902
src/content/blog/OEL-7/dialogo-aperto-n-7.md,yes,monoblock_long_line,3444,522,7541,7552
src/content/blog/OEL-7/il-nostro-cucciolo-di-due-metri.md,yes,monoblock_long_line,602,442,6744,6756
src/content/blog/OEL-7/integrazione-a-scuola-una-verita-difficile-a-dirsi.md,yes,monoblock_long_line,669,581,3714,3715
src/content/blog/OEL-7/li-fece-uomo-e-donna.md,yes,monoblock_long_line,2334,361,3374,3390
src/content/blog/OEL-7/quando-e-volontariato.md,yes,monoblock_long_line,546,436,4047,4050
src/content/blog/OEL-7/quel-lupo-dentro-noi.md,yes,monoblock_long_line,1543,403,10556,10643
src/content/blog/OEL-7/un-uovo-due-uova.md,yes,monoblock_long_line,4735,751,10519,10529
src/content/blog/OEL-7/vita-fede-e-luce-n-7-il-convegno-internazionale.md,yes,monoblock_long_line,523,423,5280,5265
src/content/blog/OEL-70/cascina-rossago-un-bel-progetto-di-struttura-per-ragazzi-autistici.md,yes,monoblock_long_line,1050,441,4638,4650
src/content/blog/OEL-70/centro-di-riabilitazione-il-testardo-pet-therapy.md,yes,monoblock_long_line,1357,395,5286,5322
src/content/blog/OEL-70/cosicomesei-diario-di-bordo-di-un-neuropsichiatra-infantile-recensione.md,yes,monoblock_long_line,2694,450,2719,2730
src/content/blog/OEL-70/dal-prato-alla-parete.md,no,,245,245,1748,1748
src/content/blog/OEL-70/dialogo-aperto-n-70.md,yes,monoblock_long_line,1408,232,2900,2934
src/content/blog/OEL-70/due-videocassette-utili-per-incontri-di-riflessione-e-di-preghiera.md,yes,monoblock_long_line,719,351,1906,1914
src/content/blog/OEL-70/il-profumo-della-menta.md,yes,monoblock_long_line,1217,496,5742,5757
src/content/blog/OEL-70/itinerari-guida-annuario-dellaccoglienza-cattolica-in-italia-recensione.md,yes,monoblock_long_line,1017,352,1020,1024
src/content/blog/OEL-70/la-asl-va-in-montagna.md,yes,monoblock_long_line,1274,344,3661,3675
src/content/blog/OEL-70/la-citta-di-leonia.md,yes,monoblock_long_line,552,422,2224,2224
src/content/blog/OEL-70/la-logica-dellutopia-quando-nacque-la-comunita-di-capodarco-recensione.md,yes,monoblock_long_line,944,409,2145,2155
src/content/blog/OEL-70/la-nostra-parte.md,yes,,483,384,2329,2331
src/content/blog/OEL-70/pappagalli-verdi-cronache-di-un-chirurgo-di-guerra-recensione.md,yes,monoblock_long_line,1208,357,2224,2237
src/content/blog/OEL-70/pronto-soccorso-in-una-bottiglietta.md,yes,monoblock_long_line,873,339,4634,4666
src/content/blog/OEL-70/quando-la-natura-fa-rivivere.md,yes,monoblock_long_line,1196,1196,6926,6964
src/content/blog/OEL-70/stramonio-recensione-libro.md,yes,monoblock_long_line,971,424,1713,1722
src/content/blog/OEL-70/un-angelo-canta-blu-la-vera-storia-di-cecilia-recensione.md,yes,monoblock_long_line,766,276,1632,1641
src/content/blog/OEL-70/visto-con-il-cuore.md,yes,monoblock_long_line,1647,296,2657,2671
src/content/blog/OEL-71/a-galla-sulla-camera-daria.md,yes,monoblock_long_line,942,356,1231,1238
src/content/blog/OEL-71/accostarsi-alla-verita.md,yes,monoblock_long_line,676,405,5234,5248
src/content/blog/OEL-71/dialogo-aperto-numero-71.md,yes,monoblock_long_line,1517,419,4634,4623
src/content/blog/OEL-71/dopo-la-scuola-dellobbligo-una-scelta-difficile.md,yes,monoblock_long_line,629,419,5676,5680
src/content/blog/OEL-71/gesu-basta-acqua.md,no,,429,429,913,913
src/content/blog/OEL-71/hallo-welcome-hej-halloik-halo.md,yes,monoblock_long_line,992,599,5657,5668
src/content/blog/OEL-71/il-disabile-nella-societa-prospettive-di-integrazione-recensione-libro.md,yes,monoblock_long_line,656,309,1979,1985
src/content/blog/OEL-71/il-dono-di-un-volto.md,yes,monoblock_long_line,1069,329,1775,1779
src/content/blog/OEL-71/la-prima-notte-al-campeggio.md,yes,monoblock_long_line,631,359,1072,1074
src/content/blog/OEL-71/la-rivincita-di-tommi.md,yes,monoblock_long_line,2326,227,2346,2367
src/content/blog/OEL-71/le-a-della-vita-recensione-libro.md,yes,monoblock_long_line,639,244,1686,1696
src/content/blog/OEL-71/mio-figlio-mi-esaspera.md,yes,monoblock_long_line,858,465,7020,7037
src/content/blog/OEL-71/per-cercare-la-verita.md,yes,monoblock_long_line,1091,449,12493,12537
src/content/blog/OEL-71/prova-a-capire-quel-che-non-dico.md,yes,,233,233,2001,2001
src/content/blog/OEL-71/si-chiude.md,yes,,0,0,0,1
src/content/blog/OEL-71/un-giorno-dopo-laltro-recensione-libro.md,yes,monoblock_long_line,828,285,1543,1547
src/content/blog/OEL-72/blessings-tutto-diventa-benedizione-estratto-dal-libro.md,yes,monoblock_long_line,835,715,3644,3658
src/content/blog/OEL-72/casablu-un-condominio-speciale.md,yes,monoblock_long_line,1454,445,8632,8674
src/content/blog/OEL-72/dialogo-aperto-n-69.md,yes,monoblock_long_line,1578,368,4765,4785
src/content/blog/OEL-72/dialogo-aperto-n-72.md,yes,monoblock_long_line,2930,369,6914,6946
src/content/blog/OEL-72/la-tragedia-di-giovanni-e-chiara.md,yes,monoblock_long_line,716,407,3574,3576
src/content/blog/OEL-72/medici-o-stregoni.md,yes,monoblock_long_line,1357,715,8573,8602
src/content/blog/OEL-72/nati-due-volte-estratto-dal-libro-di-giuseppe-pontiggia.md,yes,monoblock_long_line,1214,333,4504,4536
src/content/blog/OEL-72/nessuna-pieta-che-immagine-trasmettono-dellhandicap-i-mezzi-di-comunicazione-di-massa.md,yes,monoblock_long_line,1036,429,7354,7370
src/content/blog/OEL-72/nessuno-escluso-il-natale-del-laboratorio-lalveare.md,no,monoblock_long_line,715,715,4305,4305
src/content/blog/OEL-72/nostalgia-di-comunione-nuovi-movimenti-sette-cristiane-o-segni-dello-spirito.md,yes,monoblock_long_line,769,356,4811,4784
src/content/blog/OEL-72/oggi-la-famiglia.md,yes,monoblock_long_line,912,358,5075,5106
src/content/blog/OEL-72/perche-non-ci-capiamo.md,yes,monoblock_long_line,1329,388,4524,4532
src/content/blog/OEL-72/si-legge-tutto-dun-fiato-recensione-del-libro-blessings-di-mary-craig.md,yes,monoblock_long_line,1054,327,3073,3085
src/content/blog/OEL-72/tutto-e-possibile-lettera-di-chiara.md,yes,,260,260,1891,1890
src/content/blog/OEL-72/un-natale-speciale.md,yes,monoblock_long_line,618,314,4088,4065
src/content/blog/OEL-73/assistenza-disabili-in-179-stazioni-ferroviarie.md,yes,monoblock_long_line,1507,660,2028,2035
src/content/blog/OEL-73/associazione-bambini-cri-du-chat.md,yes,monoblock_long_line,772,408,2708,2710
src/content/blog/OEL-73/catechesi-delle-persone-disabili.md,yes,monoblock_long_line,963,445,4068,4077
src/content/blog/OEL-73/centro-del-libro-parlato.md,yes,html_generic,408,408,2116,2111
src/content/blog/OEL-73/come-separare-unonda-dal-mare.md,yes,monoblock_long_line,1190,551,9066,9085
src/content/blog/OEL-73/conoscere-lhadicap-la-sindrome-cri-du-chat.md,yes,monoblock_long_line,1058,497,5481,5489
src/content/blog/OEL-73/domenica-pomeriggio.md,yes,monoblock_long_line,1126,408,3136,3147
src/content/blog/OEL-73/due-chiamate-speciali.md,yes,monoblock_long_line,739,408,4895,4901
src/content/blog/OEL-73/e-li-ci-hanno-accolto-con-gioia-la-storia-di-unadozione-particolare.md,yes,,308,308,1106,1105
src/content/blog/OEL-73/in-preparazione-del-pellegrinaggio-internazionale-a-lourdes-pasqua-12-16-aprile-2001.md,yes,monoblock_long_line,532,408,1585,1586
src/content/blog/OEL-73/larma-vincente-nella-mia-vita.md,yes,monoblock_long_line,727,519,3870,3873
src/content/blog/OEL-73/mi-hanno-aperto-gli-occhi.md,yes,monoblock_long_line,738,442,2633,2633
src/content/blog/OEL-73/microgiustizia.md,yes,monoblock_long_line,809,651,4290,4299
src/content/blog/OEL-73/poesie-per-francesca.md,no,,408,408,3085,3085
src/content/blog/OEL-73/quando-il-caso-non-e-un-caso.md,yes,monoblock_long_line,673,352,1982,1992
src/content/blog/OEL-73/quelle-ore-mi-hanno-segnata.md,yes,monoblock_long_line,983,434,5180,5195
src/content/blog/OEL-73/scout-a-lourdes.md,yes,monoblock_long_line,563,436,2908,2913
src/content/blog/OEL-73/spesso-di-notte-in-silenzio.md,yes,monoblock_long_line,941,651,5319,5336
src/content/blog/OEL-74/cooperativa-sociale.md,yes,monoblock_long_line,535,535,4855,4853
src/content/blog/OEL-74/dialogo-aperto-n-74.md,yes,monoblock_long_line,1128,308,2924,2944
src/content/blog/OEL-74/il-lavoro.md,no,,449,449,966,966
src/content/blog/OEL-74/il-mio-amico-carlo.md,yes,monoblock_long_line,793,402,4285,4296
src/content/blog/OEL-74/il-piano-educativo-riabilitativo-individualizzato-per-il-disabile-mentale-adulto.md,yes,monoblock_long_line,951,413,3445,3453
src/content/blog/OEL-74/la-forza-del-carattere-recensione-libro.md,yes,monoblock_long_line,530,311,961,961
src/content/blog/OEL-74/la-presenza-dei-piu-piccoli.md,yes,monoblock_long_line,601,415,4193,4196
src/content/blog/OEL-74/mantenere-viva-la-giovinezza-nel-cuore.md,yes,monoblock_long_line,562,369,3446,3451
src/content/blog/OEL-74/non-ce-persona-piu-ricca-di-me-recensione-libro.md,yes,,374,374,1113,1112
src/content/blog/OEL-74/progetto-calamaio.md,yes,,488,410,2928,2928
src/content/blog/OEL-74/quella-terza-preziosa-eta.md,yes,,440,440,1152,1151
src/content/blog/OEL-74/spazio-aperto-una-cooperativa-di-servizi.md,yes,monoblock_long_line,1351,421,9380,9398
src/content/blog/OEL-74/sto-invecchiando.md,yes,monoblock_long_line,951,159,959,968
src/content/blog/OEL-74/una-cooperativa-sul-mare.md,yes,monoblock_long_line,864,502,7619,7632
src/content/blog/OEL-74/zio-giorgio.md,yes,monoblock_long_line,639,442,2339,2351
src/content/blog/OEL-75/autismo-e-comunicazione-facilitata-come-michele-uscito-dalla-sua-fortezza.md,yes,monoblock_long_line,5516,534,5517,5537
src/content/blog/OEL-75/dialogo-aperto-n75.md,yes,monoblock_long_line,2722,365,8402,8448
src/content/blog/OEL-75/fotoconcorso-i-piu-piccoli-a-lourdes.md,yes,,238,129,804,804
src/content/blog/OEL-75/grazie-ingrid-non-ti-dimenticheremo.md,yes,monoblock_long_line,1065,466,3171,3180
src/content/blog/OEL-75/handy-cup.md,yes,monoblock_long_line,576,290,1199,1201
src/content/blog/OEL-75/i-condomini-solidali.md,yes,monoblock_long_line,955,468,3763,3774
src/content/blog/OEL-75/i-miei-piccoli-principi.md,yes,monoblock_long_line,710,392,3540,3551
src/content/blog/OEL-75/la-ragazza-porcospino-recensione-libro.md,yes,monoblock_long_line,777,279,2210,2219
src/content/blog/OEL-75/paola-e-venuta-ad-abitare-con-noi-comunita-nicodemo.md,yes,monoblock_long_line,1080,606,8087,8096
src/content/blog/OEL-75/vogliamo-andare-avanti.md,yes,monoblock_long_line,876,641,4082,4091
src/content/blog/OEL-76/autismo-e-comunicazione-facilitata-come-michele-e-uscito-dalla-sua-fortezza.md,yes,monoblock_long_line,1141,534,5504,5518
src/content/blog/OEL-76/centro-di-solidarieta-don-lorenzo-milani.md,yes,monoblock_long_line,678,429,10913,10917
src/content/blog/OEL-76/dialogo-aperto-n73.md,yes,monoblock_long_line,2427,408,5417,5445
src/content/blog/OEL-76/dialogo-aperto-n76.md,yes,monoblock_long_line,1627,823,3352,3363
src/content/blog/OEL-76/e-si-accende-una-stella.md,yes,monoblock_long_line,2319,723,4643,4650
src/content/blog/OEL-76/famiglie-una-riflessione-di-padre-roberti.md,yes,monoblock_long_line,518,414,2203,2205
src/content/blog/OEL-76/inno-alla-vita-recensione-libro.md,yes,,306,306,1156,1155
src/content/blog/OEL-76/isolato-ma-immerso-nella-vita.md,yes,monoblock_long_line,776,437,4014,4016
src/content/blog/OEL-76/la-bimba-delle-lumache-recensione-libro.md,yes,,348,348,1133,1132
src/content/blog/OEL-76/la-comunita-il-roveto.md,yes,monoblock_long_line,580,376,2298,2301
src/content/blog/OEL-76/la-lezione-di-un-clown-miloud-oukili.md,yes,monoblock_long_line,1141,723,4589,4592
src/content/blog/OEL-76/la-locanda-dei-girasoli.md,no,,314,314,1138,1138
src/content/blog/OEL-76/la-seconda-occasione-recensione-libro.md,yes,,496,407,925,926
src/content/blog/OEL-76/lo-straniero.md,no,,221,221,1087,1087
src/content/blog/OEL-76/nessuno-bambino-nasce-cattivo-recensione-libro.md,yes,monoblock_long_line,533,377,1147,1151
src/content/blog/OEL-76/noi-quattro-la-comunita-il-roveto.md,yes,,395,395,3939,3938
src/content/blog/OEL-76/novita-per-lhandicap.md,no,,346,346,2380,2380
src/content/blog/OEL-76/per-un-natale-con-qualche-cosa-in-piu.md,yes,monoblock_long_line,522,522,3048,3040
src/content/blog/OEL-76/stelle-doriente-qualche-immagine-dalle-comunita-fede-e-luce-del-medio-oriente.md,no,,183,183,184,184
src/content/blog/OEL-76/un-dono-di-poesia-il-regalo-delle-quattro-amiche-della-comunita-il-roveto.md,yes,heading_attached,118,118,3105,3107
src/content/blog/OEL-77/accettare-che-mi-lasci.md,yes,monoblock_long_line,912,409,6817,6850
src/content/blog/OEL-77/andiamo-avanti.md,yes,monoblock_long_line,1154,304,5950,5941
src/content/blog/OEL-77/come-preparare-il-distacco-spunti-e-riflessioni-sul-dopo-di-noi.md,yes,monoblock_long_line,1070,443,6216,6243
src/content/blog/OEL-77/conoscere-lhandicap-la-sindrome-di-williams.md,yes,monoblock_long_line,5472,802,5473,5497
src/content/blog/OEL-77/dialogo-aperto-n77.md,yes,monoblock_long_line,2027,593,12989,13018
src/content/blog/OEL-77/i-miei-genitori-avevano-ragione.md,yes,,415,415,1025,1024
src/content/blog/OEL-77/la-vita-di-daniele-interviste-dopo-la-lettura-del-libro-chi-sarei-se-potessi-essere.md,yes,monoblock_long_line,867,395,6446,6497
src/content/blog/OEL-77/nella-stessa-barca-quando-lhandicap-mentale-entra-in-famiglia-recensione-libro.md,yes,,493,445,2398,2399
src/content/blog/OEL-77/piccoli-messaggeri-damore-genitori-di-bambini-con-la-sindrome-di-down-recensione-libro.md,no,monoblock_long_line,531,531,2328,2328
src/content/blog/OEL-77/scuole-di-rapporti-umani.md,yes,monoblock_long_line,885,378,5452,5480
src/content/blog/OEL-77/storie-di-lavoro-chi-sarei-se-potessi-essere-la-condizione-adulta-del-disabile-mentale.md,yes,monoblock_long_line,510,427,3154,3159
src/content/blog/OEL-77/un-libro-interessante-sulladolescenza-dei-ragazzi-disabili-chi-sarei-se-potessi-essere.md,yes,monoblock_long_line,1121,450,8731,8745
src/content/blog/OEL-78/allalveare-si-scopre-lamerica-e-il-teatro.md,yes,monoblock_long_line,602,399,5078,5089
src/content/blog/OEL-78/banca-etica-una-rivoluzione-e-entrata-in-silenzio-nel-mondo-della-finanza.md,yes,monoblock_long_line,1100,679,4002,4000
src/content/blog/OEL-78/carlo-maria-martini-noi-e-il-lavoro-oggi.md,yes,monoblock_long_line,531,409,2294,2295
src/content/blog/OEL-78/citta-futura-un-esempio-di-finanziamento-dalla-banca-etica.md,yes,monoblock_long_line,713,411,1664,1667
src/content/blog/OEL-78/danzare-oh-ohohoo.md,yes,monoblock_long_line,1261,432,3955,3965
src/content/blog/OEL-78/dialogo-aperto-n-78.md,yes,monoblock_long_line,3267,542,12358,12408
src/content/blog/OEL-78/giochi-per-lestate-recensione-libro.md,yes,monoblock_long_line,637,217,712,715
src/content/blog/OEL-78/handicap-e-liturgia-novita-nel-dizionario-di-liturgia-per-sacerdoti-e-catechisti.md,yes,monoblock_long_line,1161,399,5309,5314
src/content/blog/OEL-78/il-cielo.md,yes,monoblock_long_line,676,285,3176,3188
src/content/blog/OEL-78/il-kinnor-un-coro-di-disabili-mentali-e-normali-anima-le-messe-domenicali.md,no,,405,405,2148,2148
src/content/blog/OEL-78/la-norma-traviata-un-musical-delirante-recensione.md,yes,monoblock_long_line,680,383,2155,2156
src/content/blog/OEL-78/la-quadriglia-istruzioni-per-luso.md,yes,monoblock_long_line,1070,342,3189,3193
src/content/blog/OEL-78/le-parole-del-corpo-tecniche-e-giochi-per-lanimazione-attraverso-il-linguaggio-corporeo-recensione.md,yes,monoblock_long_line,571,216,760,763
src/content/blog/OEL-78/monaci-di-lanuvio-un-altro-esempio-di-finanziamento-dalla-banca-etica.md,yes,monoblock_long_line,561,518,1949,1951
src/content/blog/OEL-78/premio-donna-2002-a-mariangela.md,yes,monoblock_long_line,1220,423,4190,4211
src/content/blog/OEL-78/una-messa-su-misura-voluta-dai-genitori-e-amici-di-ragazzi-disabili-mentali.md,yes,monoblock_long_line,1261,557,8454,8474
src/content/blog/OEL-78/vacanza-tempo-per-riposarsi-rilassarsi-ritemprarsi-rifiorire.md,yes,monoblock_long_line,1134,542,4624,4596
src/content/blog/OEL-79/abitare-la-speranza.md,yes,,471,433,3059,3063
src/content/blog/OEL-79/cogliere-un-fiore-e-consegnarlo-alla-luce-recensione-libro.md,no,,459,459,896,896
src/content/blog/OEL-79/dialogo-aperto-n79.md,yes,monoblock_long_line,2079,577,9243,9285
src/content/blog/OEL-79/dio-mi-ama-cosi-come-sono-recensione-libro.md,yes,,490,403,1451,1454
src/content/blog/OEL-79/e-poi-cosa-ne-sara-di-loro-le-domande-sul-dopo-di-noi.md,yes,monoblock_long_line,1249,438,2282,2288
src/content/blog/OEL-79/il-parco-dei-frutti-dimenticati-associazione-il-muschio.md,yes,monoblock_long_line,1152,435,6902,6926
src/content/blog/OEL-79/la-casa-di-dario-associazione-arcobaleno-onlus.md,yes,monoblock_long_line,696,428,4416,4418
src/content/blog/OEL-79/la-mia-vita-come-una-gioiosa-battaglia-alexandre-jollien.md,yes,monoblock_long_line,782,428,7893,7903
src/content/blog/OEL-79/nuove-tecnologie-e-disabilita-handimatica-2002-di-cosa-si-parla.md,yes,monoblock_long_line,925,425,1793,1793
src/content/blog/OEL-79/onora-il-padre-e-la-madre-pagine-di-tutti-i-tempi-per-capire-il-rapporto-tra-genitori-e-figli-recensione-libro.md,yes,monoblock_long_line,878,440,1350,1354
src/content/blog/OEL-79/ora-la-mia-vita-sta-riprendendo-forma-e-colore.md,yes,monoblock_long_line,1125,554,8434,8456
src/content/blog/OEL-79/per-portare-frutto-incontro-dei-delegati-di-fede-e-luce-di-tutto-il-mondo-2002.md,yes,monoblock_long_line,926,500,5929,5940
src/content/blog/OEL-79/piccoli-in-carcere-associazione-a-roma-insieme.md,yes,monoblock_long_line,1302,424,4198,4214
src/content/blog/OEL-79/semaforo-rosso.md,yes,,463,247,1927,1934
src/content/blog/OEL-8/cottolengo-e-don-guanella-tra-pregiudizi-e-realta.md,yes,monoblock_long_line,775,448,5526,5538
src/content/blog/OEL-8/dialogo-aperto-n-8.md,yes,monoblock_long_line,953,339,5341,5322
src/content/blog/OEL-8/e-gli-altri-figli-bisogna-a-ogni-costo-che.md,yes,,472,304,2789,2763
src/content/blog/OEL-8/ed-era-la-nostra-consolazione.md,yes,monoblock_long_line,2258,442,7798,7811
src/content/blog/OEL-8/essere-forti-per-lei.md,yes,monoblock_long_line,1637,416,7771,7840
src/content/blog/OEL-8/la-riabilitazione-nelle-scuole-ma-la-bambina-non-e-tenuta-in-classe.md,yes,monoblock_long_line,684,443,6031,6043
src/content/blog/OEL-8/natale-del-mio-cuore.md,yes,monoblock_long_line,1343,568,4581,4591
src/content/blog/OEL-8/ombre-e-luci-n-5-1984-sfogliabile.md,yes,html_generic,187,0,187,1
src/content/blog/OEL-8/ombre-e-luci-n-6-1984-sfogliabile.md,yes,html_generic,187,0,187,1
src/content/blog/OEL-8/ombre-e-luci-n-7-1984-sfogliabile.md,yes,html_generic,187,0,187,1
src/content/blog/OEL-8/ombre-e-luci-n-8-1984-sfogliabile.md,yes,html_generic,187,0,187,1
src/content/blog/OEL-8/prima-che-sia-tardi.md,yes,monoblock_long_line,1127,440,5301,5325
src/content/blog/OEL-8/ritrovarsi-genitore-di-un-bambino-handicappato.md,yes,monoblock_long_line,2170,477,6494,6498
src/content/blog/OEL-8/secondo-le-possibilita-e-secondo-il-vangelo.md,yes,monoblock_long_line,1286,276,5589,5607
src/content/blog/OEL-8/so-quel-che-non-bisogna-fare.md,yes,monoblock_long_line,2885,431,10337,10352
src/content/blog/OEL-8/vita-fede-e-luce-n-8-che-cosa-e-fede-e-luce.md,yes,,433,433,5566,5552
src/content/blog/OEL-80/amici-sempre.md,yes,monoblock_long_line,794,464,5698,5676
src/content/blog/OEL-80/casa-famiglia-la-tenda-per-bambini-da-0-a-6-anni.md,yes,monoblock_long_line,1062,499,8371,8396
src/content/blog/OEL-80/che-cosa-fare-con-loro-la-casa-del-sole-e-il-centro-di-solidarieta.md,yes,monoblock_long_line,531,442,5853,5857
src/content/blog/OEL-80/ci-e-stato-dato-un-figlio.md,yes,monoblock_long_line,600,457,3734,3735
src/content/blog/OEL-80/incontri.md,yes,monoblock_long_line,650,329,4586,4568
src/content/blog/OEL-80/la-fola-de-nadae-la-favola-di-natale-in-dialetto-veneto.md,yes,,213,213,3719,3690
src/content/blog/OEL-80/la-scopa-incantata-una-fiaba-per-natale.md,yes,monoblock_long_line,1028,317,6027,6025
src/content/blog/OEL-80/lettera-da-una-mamma-del-molise.md,yes,monoblock_long_line,1062,435,4277,4288
src/content/blog/OEL-80/lettere-di-natale-alla-madre-recensione-libro.md,yes,monoblock_long_line,647,348,2361,2334
src/content/blog/OEL-80/ma-come-fa-una-mamma.md,yes,monoblock_long_line,683,446,6466,6463
src/content/blog/OEL-80/natale-nel-mio-cuore.md,yes,monoblock_long_line,1062,398,4819,4833
src/content/blog/OEL-80/solo-un-trattino.md,yes,monoblock_long_line,1062,398,2884,2895
src/content/blog/OEL-81/abbiamo-raccolto-le-olive.md,yes,monoblock_long_line,6423,544,6452,6486
src/content/blog/OEL-81/alla-fine-medaglie-per-tutti.md,yes,monoblock_long_line,2764,414,2767,2781
src/content/blog/OEL-81/cercare-di-starci-su-questa-barca.md,yes,monoblock_long_line,1081,420,4599,4619
src/content/blog/OEL-81/che-cosa-fede-e-luce-1.md,yes,monoblock_long_line,3079,936,13610,13608
src/content/blog/OEL-81/come-far-nascere-una-nuova-comunita-fede-e-luce.md,yes,monoblock_long_line,616,388,5446,5442
src/content/blog/OEL-81/come-risponderti-alberto.md,yes,monoblock_long_line,5671,221,5674,5745
src/content/blog/OEL-81/come-si-fa-fede-e-luce-il-lavoro-in-equipe.md,yes,monoblock_long_line,653,430,4170,4171
src/content/blog/OEL-81/dario-sei-anni-ci-parla-i-bambini-che-capiscono-di-fede-e-luce.md,yes,monoblock_long_line,1056,408,3061,3078
src/content/blog/OEL-81/esperienze-fede-e-luce-in-africa.md,yes,monoblock_long_line,699,386,5202,5221
src/content/blog/OEL-81/festeggiamo-la-nascita-di-un-bambino-genitori-di-ragazzi-con-disabilita.md,yes,monoblock_long_line,908,402,3554,3581
src/content/blog/OEL-81/i-deboli-di-pace.md,yes,,354,354,1316,1315
src/content/blog/OEL-81/i-fratelli-e-le-sorelle-di-ragazzi-con-disabilita-che-pensano-che-provano.md,yes,monoblock_long_line,816,445,5016,5035
src/content/blog/OEL-81/incontri-1.md,no,,288,288,1094,1094
src/content/blog/OEL-81/insieme-verso-una-terra-di-unita.md,yes,monoblock_long_line,704,444,4381,4393
src/content/blog/OEL-81/irene-laura-gabriele-unesperienza-che-fa-crescere.md,yes,monoblock_long_line,630,386,1773,1776
src/content/blog/OEL-81/la-mia-esperienza-di-prete-a-fede-e-luce.md,yes,monoblock_long_line,3075,403,3278,3303
src/content/blog/OEL-81/la-missione-del-sacerdote-nella-comunita-fede-e-luce.md,yes,,481,385,4191,4193
src/content/blog/OEL-81/la-strada-che-ci-sta-davanti.md,yes,monoblock_long_line,1189,467,4404,4410
src/content/blog/OEL-81/le-comunit-di-fede-e-luce-nellest-europeo.md,yes,monoblock_long_line,1014,472,4731,4743
src/content/blog/OEL-81/lecumenismo-in-fede-e-luce-un-dono.md,yes,,433,433,1987,1986
src/content/blog/OEL-81/nuove-famiglie-istruzioni-per-luso.md,yes,monoblock_long_line,574,335,1680,1681
src/content/blog/OEL-81/porto-i-miei-figli-a-fede-e-luce-perche.md,yes,,429,429,1596,1580
src/content/blog/OEL-81/quando-porto-i-miei-figli-a-fede-e-luce-resto-incantata.md,yes,monoblock_long_line,506,194,761,762
src/content/blog/OEL-81/segni-di-fede-e-luce-nel-mondo-1454-comunita-di-77-paesi.md,yes,monoblock_long_line,775,399,4499,4498
src/content/blog/OEL-81/un-aiuto-per-i-prossimi-responsabili-di-fede-e-luce-responsabilita-si-o-no.md,yes,,288,288,2190,2173
src/content/blog/OEL-81/un-autobus-chiamato-santa-silvia.md,yes,monoblock_long_line,5930,540,5958,5984
src/content/blog/OEL-81/un-cammino-verso-la-persona.md,yes,monoblock_long_line,1656,308,1681,1693
src/content/blog/OEL-81/una-scuola-di-vita-non-e-sempre-facile.md,yes,monoblock_long_line,768,241,2193,2202
src/content/blog/OEL-81/vengo-dopo-la-messa.md,yes,monoblock_long_line,3212,309,3215,3231
src/content/blog/OEL-82/amore-e-disabilit-facile-preda.md,yes,monoblock_long_line,1414,468,3003,3018
src/content/blog/OEL-82/amore-e-disabilita-ho-diritto-anchio-allamore.md,yes,monoblock_long_line,663,401,2917,2929
src/content/blog/OEL-82/amore-e-disabilita-in-casa-famiglia.md,yes,monoblock_long_line,1312,410,7168,7195
src/content/blog/OEL-82/amore-e-disabilita-una-scelta-difficile.md,yes,monoblock_long_line,683,416,3752,3778
src/content/blog/OEL-82/amore-e-disabilita-veronica-e-alessandro-si-sono-sposati.md,yes,,316,316,1355,1354
src/content/blog/OEL-82/il-matrimonio-tra-sogno-e-realta.md,yes,monoblock_long_line,824,432,2230,2240
src/content/blog/OEL-82/la-vita-sessuale-delle-persone-con-disabilita-per-quale-amore.md,yes,monoblock_long_line,974,435,8412,8462
src/content/blog/OEL-82/quando-il-silenzio-fa-rumore.md,yes,monoblock_long_line,2299,522,6701,6683
src/content/blog/OEL-82/sessualita-e-disabilita-il-meglio-e-il-peggio.md,yes,monoblock_long_line,1055,419,4902,4922
src/content/blog/OEL-82/sessualita-e-disabilita-non-aspettate-a-parlarne-presto.md,yes,monoblock_long_line,1044,402,5949,5973
src/content/blog/OEL-82/sessualita-e-disabilita-traumatizzata.md,yes,monoblock_long_line,547,329,1848,1854
src/content/blog/OEL-82/sono-una-mamma-adottiva-a-distanza.md,yes,monoblock_long_line,582,386,1458,1459
src/content/blog/OEL-82/vogliono-sposarsi-cosa-decidere.md,yes,monoblock_long_line,515,442,2353,2355
src/content/blog/OEL-83/5-conferenza-internazionale-sullautismo-1983.md,yes,monoblock_long_line,980,434,5221,5225
src/content/blog/OEL-83/avevo-deciso-di-non-amare-mio-fratello.md,yes,monoblock_long_line,2182,431,6465,6509
src/content/blog/OEL-83/caa-comunicazione-aumentativa-alternativa-nel-centro-benedetta-dintino.md,yes,monoblock_long_line,536,410,4305,4307
src/content/blog/OEL-83/dialogo-aperto-n-83.md,yes,monoblock_long_line,936,371,5997,6017
src/content/blog/OEL-83/larte-di-chiedere-aiuto.md,yes,monoblock_long_line,773,371,2500,2517
src/content/blog/OEL-83/lettera-a-mariangela-e-a-molti-altri.md,yes,monoblock_long_line,733,371,4672,4693
src/content/blog/OEL-83/marahba-kiffak-ciao-come-stai-fede-e-luce-a-beirut.md,yes,monoblock_long_line,905,372,5735,5757
src/content/blog/OEL-83/medico-ho-imparato-a-consultare-il-mio-cuore-intervista-con-oleh-romanchuk.md,yes,monoblock_long_line,1294,371,6866,6909
src/content/blog/OEL-83/mille-pasti-al-giorno-alla-cooperativa-terra-gaia.md,yes,monoblock_long_line,920,393,4943,4962
src/content/blog/OEL-83/prendete-e-mangiatene-tutti.md,yes,monoblock_long_line,639,494,4472,4476
src/content/blog/OEL-83/scuola-e-disabilita-dallosservatorio-scolastico-deir-ai-as-di-milano.md,yes,monoblock_long_line,1274,436,6670,6686
src/content/blog/OEL-83/sscuola-e-handicap-una-scuola-da-imitare.md,yes,monoblock_long_line,1162,406,6773,6775
src/content/blog/OEL-83/uscire-dal-guscio-un-laboratorio-speciale.md,yes,monoblock_long_line,959,371,6063,6078
src/content/blog/OEL-84/abbiamo-fatto-alcune-delle-esperienze-di-solidarieta-che-abbiamo-raccontato.md,yes,,313,136,3128,3128
src/content/blog/OEL-84/autismo-e-integrazione-scolastica-1.md,yes,monoblock_long_line,1033,368,7413,7430
src/content/blog/OEL-84/cantilena-dei-re-magi.md,no,,316,316,1474,1474
src/content/blog/OEL-84/diritti-delle-persone-disabili-secondo-lonu.md,yes,monoblock_long_line,3107,516,3369,3371
src/content/blog/OEL-84/gesu-per-amico-un-percorso-evangelico-per-disabili-mentali.md,yes,monoblock_long_line,523,412,721,722
src/content/blog/OEL-84/il-nostro-autismo-quotidiano-storie-di-genitori-e-figli-recensione.md,yes,monoblock_long_line,838,279,869,872
src/content/blog/OEL-84/in-trepidante-attesa.md,yes,monoblock_long_line,1000,387,5323,5314
src/content/blog/OEL-84/la-cascina-di-villa-dalme.md,yes,monoblock_long_line,853,456,6242,6247
src/content/blog/OEL-84/la-comunita-di-famiglie-recensione.md,yes,monoblock_long_line,793,317,1460,1462
src/content/blog/OEL-84/lettere-di-natale-un-dialogo-speciale-con-i-lettori-di-ombre-e-luci.md,yes,monoblock_long_line,1915,473,20905,20917
src/content/blog/OEL-84/mi-preparo-alla-messa-recensione.md,yes,monoblock_long_line,555,211,570,573
src/content/blog/OEL-84/per-il-weekend-vado-in-villa-recensione.md,yes,monoblock_long_line,677,254,705,708
src/content/blog/OEL-85/come-possiamo-accompagnare-piccole-e-grandi-crisi.md,yes,monoblock_long_line,1174,695,10731,10754
src/content/blog/OEL-85/convivenza-non-coesistenza.md,yes,monoblock_long_line,4180,644,5682,5708
src/content/blog/OEL-85/dialogo-aperto-n85.md,yes,monoblock_long_line,2977,630,11983,12048
src/content/blog/OEL-85/era-difficile-perche-pensavo-sempre-a-lui.md,yes,monoblock_long_line,532,326,2543,2545
src/content/blog/OEL-85/felice-di-vivere.md,yes,monoblock_long_line,2031,630,3503,3523
src/content/blog/OEL-85/filippide-correre-insieme-dal-tibet-al-polo-nord.md,yes,monoblock_long_line,847,630,6944,6955
src/content/blog/OEL-85/lo-shiatsu-dei-volontari-dellapis-a-roma.md,yes,monoblock_long_line,940,512,3715,3729
src/content/blog/OEL-85/per-voi-e-per-tutti-alcuni-consigli-pratici-perch-nessuno-si-senta-rifiutato.md,yes,monoblock_long_line,922,630,5422,5426
src/content/blog/OEL-85/piovono-mucche-e-altri-nuovi-libri.md,yes,monoblock_long_line,1811,630,7516,7542
src/content/blog/OEL-85/una-mamma-scrive-ai-vescovi.md,yes,monoblock_long_line,1348,630,5052,5062
src/content/blog/OEL-85/una-messa-poco-dignitosa.md,yes,monoblock_long_line,878,630,5617,5637
src/content/blog/OEL-86/agricoltura-e-disabilita-il-campo-sperimentale-splende-il-sole.md,yes,monoblock_long_line,1011,512,5895,5910
src/content/blog/OEL-86/come-guardiamo-le-persone-diverse-da-noi-le-riflessioni-di-alexandre-jollien.md,yes,monoblock_long_line,1209,407,4522,4531
src/content/blog/OEL-86/dialogo-aperto-n-86.md,yes,monoblock_long_line,1578,407,6928,6959
src/content/blog/OEL-86/grazie-per-questo-figlio-disabile.md,yes,monoblock_long_line,1209,407,3817,3829
src/content/blog/OEL-86/il-dente-del-giudizio-e-il-servizio-civile-volontario.md,yes,monoblock_long_line,4786,388,4837,4870
src/content/blog/OEL-86/il-ragazzo-che-amava-shakespeare-recensione.md,yes,monoblock_long_line,1490,466,2838,2851
src/content/blog/OEL-86/in-autobus-con-mia-sorella-la-vita-come-non-lavevi-mai-vista.md,yes,monoblock_long_line,940,229,992,996
src/content/blog/OEL-86/la-domenica-con-i-disabili.md,yes,monoblock_long_line,1804,382,1852,1859
src/content/blog/OEL-86/lamministratore-di-sostegno-per-le-persone-con-disabilita-parla-il-giudice-tutelare.md,yes,monoblock_long_line,542,435,4779,4782
src/content/blog/OEL-86/lumana-resistenza.md,yes,monoblock_long_line,1109,534,3895,3911
src/content/blog/OEL-86/ma-i-posti-sono-pochi-il-centro-di-riabilitazione-la-nostra-famiglia.md,yes,monoblock_long_line,1085,335,4435,4457
src/content/blog/OEL-86/non-cercare-il-sale-nella-minestra.md,yes,monoblock_long_line,2596,406,3962,3987
src/content/blog/OEL-86/perche-esiste-la-disabilita-e-dio-il-responsabile-del-mio-handicap.md,yes,monoblock_long_line,828,312,1896,1913
src/content/blog/OEL-86/storia-dellaborto-i-molti-protagonisti-e-interessi-di-una-lunga-vicenda-recensione.md,yes,monoblock_long_line,978,300,1030,1034
src/content/blog/OEL-86/un-orribile-meraviglioso-campeggio-di-fede-e-luce.md,yes,monoblock_long_line,2573,337,2804,2824
src/content/blog/OEL-86/una-nuova-legge-lamministratore-di-sostegno-per-le-persone-con-disabilita.md,yes,monoblock_long_line,1071,521,5145,5151
src/content/blog/OEL-86/unitalia-nascosta.md,yes,monoblock_long_line,1209,407,5273,5292
src/content/blog/OEL-87/associazione-invitati-alla-festa.md,yes,monoblock_long_line,829,344,4962,4997
src/content/blog/OEL-87/benedetta-mi-ha-convertito.md,yes,monoblock_long_line,1033,398,5963,6002
src/content/blog/OEL-87/bianco-su-nero-recensione.md,yes,monoblock_long_line,1022,461,5219,5238
src/content/blog/OEL-87/come-guardano-i-bambini.md,yes,monoblock_long_line,870,396,2994,3000
src/content/blog/OEL-87/dialogo-aperto-n87.md,yes,monoblock_long_line,1857,495,4120,4134
src/content/blog/OEL-87/francesca-cabrini-tralaterrae-il-cielo-recensione.md,yes,monoblock_long_line,745,490,2859,2863
src/content/blog/OEL-87/iniziativa-amica-una-casa-famiglia-dove-la-maternita-ritorna-gioia.md,yes,monoblock_long_line,1496,664,7600,7617
src/content/blog/OEL-87/la-barca-bianca-di-joseph-larsen.md,yes,monoblock_long_line,805,544,9281,9310
src/content/blog/OEL-87/liniezione-di-uscobupt.md,yes,monoblock_long_line,2222,224,3663,3687
src/content/blog/OEL-87/linserimento-lavorativo-delle-persone-con-sindrome-di-down.md,yes,monoblock_long_line,893,618,7955,7976
src/content/blog/OEL-87/mio-padre-e-un-chicco-di-grano-recensione.md,yes,monoblock_long_line,967,557,3136,3140
src/content/blog/OEL-87/sempre-capricci-storie-psicologicamente-corrette-da-leggere-assieme-ai-bambini-recensione.md,yes,monoblock_long_line,1159,569,1183,1185
src/content/blog/OEL-87/storia-di-giorgio-e-del-suo-lavoro.md,yes,monoblock_long_line,4574,350,6000,6033
src/content/blog/OEL-87/una-mamma-chiede-sguardo-come.md,yes,monoblock_long_line,828,325,2838,2849
src/content/blog/OEL-88/a-natale-alberto-stara-in-famiglia-lontano-da-noi.md,yes,monoblock_long_line,1035,693,6145,6159
src/content/blog/OEL-88/anche-dio-ha-un-sogno-una-speranza-per-il-nostro-tempo-recensione.md,yes,monoblock_long_line,2039,522,4091,4111
src/content/blog/OEL-88/che-succede-a-natale-nelle-comunita-di-fede-e-luce.md,yes,,476,423,2836,2839
src/content/blog/OEL-88/come-direno-non-puoi-averlo.md,yes,monoblock_long_line,2130,348,4184,4207
src/content/blog/OEL-88/diversabilita-storie-e-dialoghi-nellanno-europeo-delle-persone-disabili-recensione.md,yes,monoblock_long_line,879,452,1611,1617
src/content/blog/OEL-88/essere-vicini-a-chi-in-fin-di-vita-1.md,yes,monoblock_long_line,823,418,8177,8217
src/content/blog/OEL-88/il-natale-del-ricco-epulone.md,yes,monoblock_long_line,825,581,4992,5011
src/content/blog/OEL-88/il-natale-di-carlo.md,yes,monoblock_long_line,2362,347,4667,4690
src/content/blog/OEL-88/il-natale-di-massimo.md,yes,monoblock_long_line,1067,433,4417,4437
src/content/blog/OEL-88/la-casa-in-cima-allalbero-recensione.md,yes,monoblock_long_line,917,347,2977,2995
src/content/blog/OEL-88/la-chiesa-debole-nel-suo-capo-sorgente-e-segno-della-presenza-di-dio.md,yes,monoblock_long_line,1245,377,5773,5806
src/content/blog/OEL-88/le-testimonianze-dei-genitori-quando-mio-figlio-disabile-mi-piace-di-piu.md,yes,monoblock_long_line,602,422,4153,4156
src/content/blog/OEL-88/sulleducazione-delle-giovani-generazioni-una-mamma-chiede-una-mamma-risponde.md,yes,monoblock_long_line,1149,395,2635,2641
src/content/blog/OEL-88/trovare-la-pace-recensione.md,yes,monoblock_long_line,2898,347,4955,4985
src/content/blog/OEL-88/una-bambina-da-incontrare.md,yes,monoblock_long_line,1808,347,6176,6211
src/content/blog/OEL-88/vorrei-fare-qualcosa-per-gli-altri-ma-cosa.md,yes,monoblock_long_line,973,347,3663,3672
src/content/blog/OEL-89/autismo-che-fare-per-questi-figli.md,yes,monoblock_long_line,770,612,7979,7994
src/content/blog/OEL-89/autismo-la-storia-di-oliviero.md,yes,monoblock_long_line,1704,486,11686,11742
src/content/blog/OEL-89/autismo-un-altro-modo-di-percepire-il-mondo.md,yes,monoblock_long_line,1225,343,6773,6810
src/content/blog/OEL-89/come-pietre-nel-fiume-recensione.md,yes,monoblock_long_line,3896,451,5637,5676
src/content/blog/OEL-89/convegno-il-bambino-autistico.md,yes,monoblock_long_line,728,356,3825,3836
src/content/blog/OEL-89/curare-lautismo-a-casa-unopera-damore.md,yes,monoblock_long_line,6694,424,6765,6807
src/content/blog/OEL-89/date-ai-figli-cose-diverse.md,yes,monoblock_long_line,841,488,4446,4454
src/content/blog/OEL-89/dialogo-aperto-n-89.md,yes,monoblock_long_line,1694,432,8078,8124
src/content/blog/OEL-89/giorgio-e-sam-una-madre-due-figli-autistici-e-il-racconto-di-unintensa-quotidianita-recensione.md,yes,monoblock_long_line,1091,409,7624,7669
src/content/blog/OEL-89/ii-padre-e-lo-straniero-recensione.md,yes,monoblock_long_line,1160,239,2735,2750
src/content/blog/OEL-89/la-tentazione-di-fuggire-di-fronte-alle-difficolta.md,yes,monoblock_long_line,662,424,3149,3155
src/content/blog/OEL-89/pasqua-significa-passaggio.md,yes,monoblock_long_line,1294,466,2819,2830
src/content/blog/OEL-9/crescere-insieme.md,yes,monoblock_long_line,977,424,5025,5054
src/content/blog/OEL-9/dialogo-aperto-n9.md,yes,monoblock_long_line,1924,285,6646,6656
src/content/blog/OEL-9/forse-per-questo-non-sono-andato-via.md,yes,monoblock_long_line,1155,265,3178,3199
src/content/blog/OEL-9/ho-scelto-mio-fratello.md,yes,monoblock_long_line,5078,436,13550,13628
src/content/blog/OEL-9/la-paura-di-amare-la-persona-handicappata-nella-societa.md,yes,monoblock_long_line,656,442,2035,2041
src/content/blog/OEL-9/labbe-pierre-una-mano-tesa-agli-emarginati.md,yes,monoblock_long_line,509,388,1691,1693
src/content/blog/OEL-9/mio-fratello-era-handicappato.md,yes,monoblock_long_line,3893,248,8747,8775
src/content/blog/OEL-9/non-solo-tutto-lanno-ma-tutti-gli-anni.md,yes,monoblock_long_line,1966,212,2655,2680
src/content/blog/OEL-9/piano-piano-notai-che-sergio-era-differente.md,yes,monoblock_long_line,1104,264,2004,2017
src/content/blog/OEL-9/spesso-pero-mi-regala-il-suo-prezioso-sorriso.md,yes,monoblock_long_line,853,281,2012,2019
src/content/blog/OEL-9/vita-fede-e-luce-n9.md,yes,monoblock_long_line,1032,396,6915,6904
src/content/blog/OEL-9/voci-di-sorelle-e-fratelli.md,yes,monoblock_long_line,583,583,4257,4234
src/content/blog/OEL-90/alla-mia-bambina.md,yes,monoblock_long_line,2851,704,2883,2900
src/content/blog/OEL-90/arte-e-disabilita-incontriamo-giotto.md,yes,monoblock_long_line,991,479,2469,2481
src/content/blog/OEL-90/dedicato-a-don-francesco-trenta-anni-pieni-damore.md,yes,monoblock_long_line,2000,362,2030,2040
src/content/blog/OEL-90/dialogo-aperto-n90.md,yes,monoblock_long_line,2465,405,7299,7337
src/content/blog/OEL-90/elena-e-il-mistero.md,yes,monoblock_long_line,1271,228,1301,1310
src/content/blog/OEL-90/fratello-sole-sorella-down.md,yes,monoblock_long_line,930,338,960,962
src/content/blog/OEL-90/giovanni-paolo-ii-non-sembrava-ne-prete-ne-papa.md,yes,monoblock_long_line,597,467,3289,3295
src/content/blog/OEL-90/giovanni-paolo-ii-visto-da-vicino.md,yes,monoblock_long_line,1551,285,1590,1601
src/content/blog/OEL-90/giovanni-paolo-il-e-le-persone-disabili.md,yes,monoblock_long_line,522,353,1712,1714
src/content/blog/OEL-90/il-mondo-delle-cose-senza-nome-recensione.md,yes,monoblock_long_line,592,243,609,612
src/content/blog/OEL-90/il-nostro-don-francesco.md,yes,monoblock_long_line,598,392,5081,5097
src/content/blog/OEL-90/il-regalo-di-giovanni-paolo-ii.md,yes,monoblock_long_line,1171,226,1204,1216
src/content/blog/OEL-90/io-e-karol.md,yes,monoblock_long_line,3898,509,3921,3942
src/content/blog/OEL-90/lavoro-e-disabilita-la-cooperativa-controvento.md,yes,,482,424,3675,3676
src/content/blog/OEL-90/mi-vuoi-bene-lultima-domanda.md,yes,monoblock_long_line,1907,330,6768,6827
src/content/blog/OEL-90/nel-mare-di-assisi.md,yes,monoblock_long_line,2998,298,3024,3042
src/content/blog/OEL-90/paradiso-infernale.md,yes,monoblock_long_line,2001,483,7720,7754
src/content/blog/OEL-90/qualche-idea-per-una-vacanza-senza-partire.md,yes,monoblock_long_line,1986,323,4593,4613
src/content/blog/OEL-91/alla-scuola-materna-insegnanti-poco-preparate.md,yes,monoblock_long_line,1402,398,1426,1432
src/content/blog/OEL-91/allasilo-nido-tra-apprendimento-e-integrazione-scolastica.md,yes,monoblock_long_line,8431,386,10090,10116
src/content/blog/OEL-91/e-il-carro-va-e-compie-15-anni.md,yes,monoblock_long_line,2195,428,6555,6573
src/content/blog/OEL-91/e-molto-piu-bello-fare-il-volontario-che-il-presidente.md,yes,monoblock_long_line,560,427,1777,1781
src/content/blog/OEL-91/integrazione-scolastica-come-la-viviamo-noi-compagni-di-classe.md,yes,monoblock_long_line,1294,466,2819,2830
src/content/blog/OEL-91/integrazione-scolastica-il-sostegno-serve-ai-genitori-dei-ragazzi-sani.md,yes,monoblock_long_line,4313,343,4338,4365
src/content/blog/OEL-91/integrazione-scolastica-per-paolo-una-gran-perdita.md,yes,monoblock_long_line,2651,299,2676,2689
src/content/blog/OEL-91/la-scelta-di-ivana-la-mia-vita-al-carro.md,yes,monoblock_long_line,5522,632,16060,16121
src/content/blog/OEL-91/la-scuola-elementare-di-gianluca-e-vera-socializzazione.md,yes,monoblock_long_line,1164,461,3336,3344
src/content/blog/OEL-91/magica-apertura-delle-special-olympics.md,yes,monoblock_long_line,2041,632,7951,7978
src/content/blog/OEL-91/nel-nome-del-padre.md,yes,monoblock_long_line,811,422,4543,4554
src/content/blog/OEL-91/siamo-state-a-parigi-nella-redazione-di-ombres-et-lumiere.md,yes,monoblock_long_line,1222,406,8863,8885
src/content/blog/OEL-91/special-olympics-nessuno-si-deve-sentire-escluso.md,yes,monoblock_long_line,719,399,3444,3447
src/content/blog/OEL-92/aaa-cercasi-sostegno-per-chi-apparentemente-non-ne-ha-bisogno.md,yes,monoblock_long_line,542,386,2201,2203
src/content/blog/OEL-92/come-educare-allautonomia-pazienza-tenacia-anche-durezza.md,yes,monoblock_long_line,1571,316,4229,4258
src/content/blog/OEL-92/dai-figli-non-si-divorzia-separarsi-e-rimanere-buoni-genitori-recensione.md,yes,monoblock_long_line,767,332,793,796
src/content/blog/OEL-92/dialogo-aperto-n-22-1.md,yes,monoblock_long_line,3694,465,9811,9884
src/content/blog/OEL-92/il-diritto-alla-vita-prima-della-nascita-recensione.md,yes,monoblock_long_line,1703,333,1731,1737
src/content/blog/OEL-92/il-manuale-della-buona-educazione-recensione.md,yes,monoblock_long_line,1858,246,1888,1910
src/content/blog/OEL-92/il-tempo-di-unave-maria.md,yes,monoblock_long_line,3651,297,3682,3701
src/content/blog/OEL-92/la-famiglia-messa-alla-prova-dalla-disabilita.md,yes,monoblock_long_line,1787,445,6237,6249
src/content/blog/OEL-92/la-lotta-del-padre-cittadino-per-far-vivere-meglio-i-nostri-figli-disabili.md,yes,monoblock_long_line,940,498,3404,3421
src/content/blog/OEL-92/liniziazione-cristiana-alle-persone-disabili-orientamenti-e-proposte-recensione.md,yes,monoblock_long_line,918,257,935,940
src/content/blog/OEL-92/noi-papa-di-figli-disabili-un-modo-diverso-di-amare.md,yes,monoblock_long_line,572,403,2772,2779
src/content/blog/OEL-92/ogni-figlio-e-un-cammino-un-mondo-da-scoprire-camminando-e-fermandoci.md,yes,monoblock_long_line,724,485,7082,7087
src/content/blog/OEL-92/pedagogia-dei-genitori-e-disabilita-recensione.md,yes,monoblock_long_line,1379,333,1414,1418
src/content/blog/OEL-92/piccolo-mio.md,yes,monoblock_long_line,780,355,1249,1258
src/content/blog/OEL-92/smack-come-bacio-il-tempo-con-mio-figlio-disabile.md,yes,monoblock_long_line,3533,338,3551,3585
src/content/blog/OEL-92/un-figlio-a-sorpresa-la-scoperta-dei-suoi-doni.md,yes,monoblock_long_line,1707,399,1744,1753
src/content/blog/OEL-92/un-padre-rivela-il-dono-unico-di-suo-figlio-disabile.md,yes,monoblock_long_line,1885,305,6922,6957
src/content/blog/OEL-92/vescovi-del-sinodo-alla-giornata-di-apertura-di-fede-e-luce.md,yes,monoblock_long_line,2041,321,5310,5353
src/content/blog/OEL-93/cartelli-divertenti-letti-sulle-porte-delle-parrocchie.md,no,,203,203,1766,1766
src/content/blog/OEL-93/come-in-trasparenza-diario-di-un-malato-di-parkinson-recensione.md,yes,monoblock_long_line,2761,403,2793,2810
src/content/blog/OEL-93/counseling-in-rima.md,no,,155,155,3019,3019
src/content/blog/OEL-93/credere-e-curare-recensione.md,yes,monoblock_long_line,943,262,969,974
src/content/blog/OEL-93/dalle-un-bacio.md,yes,monoblock_long_line,1624,250,4058,4046
src/content/blog/OEL-93/dialogo-aperto-n-93.md,yes,monoblock_long_line,1978,343,5582,5609
src/content/blog/OEL-93/dopo-di-noi-insieme-a-noi-famiglie-e-servizi-nella-cura-dei-disabili-adulti.md,yes,monoblock_long_line,1596,488,1622,1628
src/content/blog/OEL-93/gli-amici-che-non-ti-aspetti.md,yes,monoblock_long_line,4065,304,4084,4108
src/content/blog/OEL-93/gli-oggetti-raccontano-storie-straordinarie-di-oggetti-comuni-recensione.md,yes,monoblock_long_line,971,289,975,980
src/content/blog/OEL-93/il-parkinson-una-scheda-per-saperne-di-piu.md,yes,monoblock_long_line,521,459,3891,3895
src/content/blog/OEL-93/il-vangelo-per-tutti-i-disabili-mentali-e-la-domenica-nella-comunita-ecclesiale.md,yes,monoblock_long_line,678,174,679,685
src/content/blog/OEL-93/in-carcere.md,yes,monoblock_long_line,2752,335,2776,2795
src/content/blog/OEL-93/la-disabilita-non-e-un-limite-se-mi-ami-costringimi-a-cambiare-recensione.md,yes,monoblock_long_line,933,549,4640,4651
src/content/blog/OEL-93/la-forza-della-tenerezza-lincanto-si-e-rotto.md,yes,monoblock_long_line,566,362,2703,2705
src/content/blog/OEL-93/la-ragazzina-nuova.md,yes,monoblock_long_line,3619,405,3643,3667
src/content/blog/OEL-93/la-tenerezza-di-dio-1.md,yes,monoblock_long_line,1392,296,2887,2914
src/content/blog/OEL-93/le-mollette-di-roberto.md,yes,monoblock_long_line,1226,340,2974,2986
src/content/blog/OEL-93/ne-giusto-ne-sbagliato-recensione.md,yes,monoblock_long_line,903,491,2454,2458
src/content/blog/OEL-93/pizza-suppli-e-bibita-a-7-euro.md,yes,monoblock_long_line,674,335,2346,2352
src/content/blog/OEL-93/questo-bambino-lo-amo.md,yes,monoblock_long_line,3348,203,5856,5917
src/content/blog/OEL-93/una-sera-allo-stadio-dei-marmi-di-roma-per-lapertura-delle-special-olympics.md,yes,monoblock_long_line,2116,1012,9787,9813
src/content/blog/OEL-94/ad-ogni-marzo-che-passa.md,yes,monoblock_long_line,2646,401,5047,5031
src/content/blog/OEL-94/agli-amici-vicini-siate-disponibili.md,yes,monoblock_long_line,1019,433,4681,4655
src/content/blog/OEL-94/amare-un-errore-da-unintervista-a-patricia-bauer.md,yes,monoblock_long_line,858,365,4042,4021
src/content/blog/OEL-94/con-la-forza-di-una-quercia-associazione-la-quercia-millearia.md,yes,monoblock_long_line,822,431,4056,4031
src/content/blog/OEL-94/culla-di-parole-come-accogliere-gli-inizi-difficili-della-vita.md,yes,monoblock_long_line,2539,542,4886,4864
src/content/blog/OEL-94/dialogo-aperto-n-94.md,yes,monoblock_long_line,2883,302,7900,7900
src/content/blog/OEL-94/fanha-famiglie-accoglienti-nascituri-handicappati.md,yes,monoblock_long_line,850,361,4268,4242
src/content/blog/OEL-94/genitori-e-medici-davanti-allannuncio-dellhandicap.md,yes,monoblock_long_line,1850,367,8830,8838
src/content/blog/OEL-94/hai-mutato-il-mio-lamento-in-danza-una-maternita-dalla-morte-alla-resurrezione-recensione.md,yes,monoblock_long_line,1297,266,1485,1493
src/content/blog/OEL-94/io-non-sapevo.md,yes,monoblock_long_line,2701,187,5089,5098
src/content/blog/OEL-94/la-luna-nuova-di-casa-betania.md,yes,monoblock_long_line,1713,446,10664,10679
src/content/blog/OEL-94/lamniocentesi-di-stato-e-la-grande-colpa-di-noi-madri-selvagge-recensione.md,yes,monoblock_long_line,8314,457,12654,12688
src/content/blog/OEL-94/lo-shock-della-diagnosi-prenatale.md,yes,monoblock_long_line,1038,232,4035,4019
src/content/blog/OEL-94/nonno-e-cosi-brutto-essere-diversi.md,yes,monoblock_long_line,632,357,1532,1540
src/content/blog/OEL-94/sostegno-psicologico-in-gravidanza.md,yes,monoblock_long_line,1271,571,3552,3560
src/content/blog/OEL-94/tecniche-di-diagnosi-prenatale.md,yes,monoblock_long_line,777,425,6150,6127
src/content/blog/OEL-94/una-scelta-difficile.md,yes,monoblock_long_line,2321,491,5126,5110
src/content/blog/OEL-94/valeria-risponde-alla-lettera-di-monica-del-n-93.md,yes,monoblock_long_line,1086,571,4538,4551
src/content/blog/OEL-95/bambini-e-autismo-mosaico-della-pace.md,yes,monoblock_long_line,947,436,3785,3786
src/content/blog/OEL-95/come-reagire-allindifferenza-di-chi-e-vicino.md,yes,monoblock_long_line,1205,432,6111,6136
src/content/blog/OEL-95/dialogo-aperto-n-95.md,yes,monoblock_long_line,1002,209,2954,2973
src/content/blog/OEL-95/domande-sulle-persone-down.md,yes,monoblock_long_line,2621,603,9916,9976
src/content/blog/OEL-95/donne-nel-respiro-di-ruah-il-protagonismo-delle-donne-nella-morte-e-resurrezione-di-gesu-recensione.md,yes,monoblock_long_line,833,412,1285,1291
src/content/blog/OEL-95/e-ho-ripensato-tutto.md,yes,monoblock_long_line,878,603,7874,7886
src/content/blog/OEL-95/e-li-chiamano-disabili-recensione.md,yes,monoblock_long_line,1006,449,1054,1057
src/content/blog/OEL-95/ii-barattolo-di-maionese-e-caffe.md,no,,15,15,16,16
src/content/blog/OEL-95/il-mio-primo-campo-fede-e-luce.md,yes,monoblock_long_line,4357,338,4400,4434
src/content/blog/OEL-95/irradiare-la-pace-come-fanno-loro.md,yes,monoblock_long_line,878,603,6358,6371
src/content/blog/OEL-95/mio-figlio-mi-divora-recensione.md,yes,monoblock_long_line,1727,379,1772,1778
src/content/blog/OEL-95/obiettivo-decrescita-recensione.md,yes,monoblock_long_line,1724,292,1764,1772
src/content/blog/OEL-95/se-avessi-ascoltato-la-mia-disperazione.md,yes,monoblock_long_line,878,603,6408,6432
src/content/blog/OEL-95/terapie-comportamentali-teacch-vs-aba.md,yes,monoblock_long_line,878,603,5579,5587
src/content/blog/OEL-95/vita-fede-e-luce-hola-madrid.md,yes,monoblock_long_line,3216,411,8965,9020
src/content/blog/OEL-96/alzheimer-ancora-sempre-per-mano.md,yes,monoblock_long_line,4352,295,4379,4419
src/content/blog/OEL-96/alzheimer-cosi-lontani-e-cosi-vicini.md,yes,monoblock_long_line,2779,444,5482,5499
src/content/blog/OEL-96/alzheimer-il-grande-amore-di-sua-sorella-marta.md,yes,monoblock_long_line,3825,763,6763,6795
src/content/blog/OEL-96/alzheimer-il-passato-perduto-per-sempre.md,yes,monoblock_long_line,9262,889,9289,9324
src/content/blog/OEL-96/alzheimer-ma-soprattutto-e-mio-nonno.md,yes,monoblock_long_line,824,499,5000,5034
src/content/blog/OEL-96/alzheimer-sto-diventando-piu-umano.md,yes,monoblock_long_line,533,442,2775,2785
src/content/blog/OEL-96/cara-nicole.md,yes,monoblock_long_line,2734,763,5384,5400
src/content/blog/OEL-96/come-se-fosse-la-cosa-piu-normale-del-mondo.md,no,,444,444,2574,2574
src/content/blog/OEL-96/dialogo-aperto-n96.md,yes,monoblock_long_line,1748,307,7344,7384
src/content/blog/OEL-96/don-zeno-obbedientissimo-ribelle-recensione.md,yes,monoblock_long_line,1327,329,1358,1364
src/content/blog/OEL-96/il-bambinello-di-marija.md,yes,monoblock_long_line,7999,393,8027,8114
src/content/blog/OEL-96/il-re-del-mercato-recensione.md,yes,monoblock_long_line,1146,378,2698,2713
src/content/blog/OEL-96/in-gita-per-il-calendario-dellassociazione-italiana-persone-down.md,yes,monoblock_long_line,1534,234,2893,2911
src/content/blog/OEL-96/lardimento-racconto-della-vita-di-don-carlo-gnocchi-recensione.md,yes,monoblock_long_line,1119,210,1152,1157
src/content/blog/OEL-96/patologie-disabilitanti-nellanziano.md,yes,monoblock_long_line,1008,763,7223,7229
src/content/blog/OEL-97/brutta-recensione.md,yes,monoblock_long_line,1531,531,1561,1568
src/content/blog/OEL-97/campane-a-festa-1.md,yes,monoblock_long_line,2018,321,2450,2462
src/content/blog/OEL-97/come-far-comportare-bene-mio-figlio.md,yes,monoblock_long_line,2308,908,2519,2524
src/content/blog/OEL-97/come-in-trappola-storia-di-un-bambino-con-un-deficit-dellattenzione-senza-iperattivit.md,yes,monoblock_long_line,684,442,7142,7158
src/content/blog/OEL-97/cose-liperattivita.md,yes,monoblock_long_line,667,557,7850,7863
src/content/blog/OEL-97/dialogo-aperto-n97.md,yes,monoblock_long_line,1310,544,6207,6244
src/content/blog/OEL-97/elogio-alla-bruttezza-recensione.md,yes,monoblock_long_line,941,255,967,971
src/content/blog/OEL-97/giochi-per-ridere-educare-gli-adolescenti-divertendosi-recensione.md,yes,monoblock_long_line,1018,383,1044,1048
src/content/blog/OEL-97/iperattivita-un-bambino-complicato.md,yes,monoblock_long_line,912,423,4173,4184
src/content/blog/OEL-97/la-scoperta-dellalba-recensione.md,yes,monoblock_long_line,1136,300,1163,1168
src/content/blog/OEL-97/la-stanza-dellorso-e-dellape-recensione.md,yes,monoblock_long_line,2526,224,2553,2570
src/content/blog/OEL-97/lamico-speciale-uno-strumento-per-parlare-di-autismo-ai-bambini-piu-piccoli-recensione.md,yes,,490,219,1894,1896
src/content/blog/OEL-97/problematiche-delleta-evolutiva-incontrarsi-sul-dojo.md,yes,monoblock_long_line,946,377,4036,4045
src/content/blog/OEL-97/questi-bambini-sono-intoccabili.md,yes,monoblock_long_line,3758,396,4188,4213
src/content/blog/OEL-97/ricordando-la-cara-nicole-il-dono-piu-sincero-e-il-dono-di-se.md,yes,monoblock_long_line,1057,429,6557,6575
src/content/blog/OEL-97/sul-tetto-del-mondo-senza-muovere-un-passo.md,yes,monoblock_long_line,2329,373,2911,2932
src/content/blog/OEL-97/un-atto-di-gioia-in-prosa-e-altro.md,yes,monoblock_long_line,7657,975,9556,9601
src/content/blog/OEL-98/1500-grammi-di-cenere-cremazione-e-fede-cristiana-recensione.md,no,,436,436,467,467
src/content/blog/OEL-98/acondroplasia-scheda-informativa.md,yes,monoblock_long_line,1005,438,5994,6014
src/content/blog/OEL-98/dialogo-aperto-n98.md,yes,monoblock_long_line,6316,379,9033,9084
src/content/blog/OEL-98/e-sempre-pasqua-il-macigno.md,yes,,478,403,942,946
src/content/blog/OEL-98/ho-12-anni-faccio-la-cubista-mi-chiamano-principessa-storie-di-bulli-lolite-e-altri-bimbi.md,yes,monoblock_long_line,756,387,1471,1478
src/content/blog/OEL-98/il-figlio-terminale-recensione.md,yes,monoblock_long_line,509,248,813,816
src/content/blog/OEL-98/la-fattoria-delle-meraviglie.md,yes,monoblock_long_line,1269,717,6430,6443
src/content/blog/OEL-98/la-luce-e-la-letizia-recensione.md,yes,,493,429,1316,1320
src/content/blog/OEL-98/la-mia-pazienza-ha-dei-limiti.md,yes,,484,400,6593,6596
src/content/blog/OEL-98/labbraccio-di-lorella.md,yes,monoblock_long_line,2637,422,2794,2809
src/content/blog/OEL-98/lettera-alla-tua-famiglia-recensione.md,yes,monoblock_long_line,3562,452,3590,3610
src/content/blog/OEL-98/mamme-coraggio-e-oltre.md,yes,monoblock_long_line,3593,469,4023,4040
src/content/blog/OEL-98/nellintimo-delle-madri-luci-e-ombre-della-maternita-recensione.md,yes,monoblock_long_line,763,359,868,870
src/content/blog/OEL-98/occhi-doro-nato-per-vivere-recensione.md,yes,monoblock_long_line,1271,438,2806,2813
src/content/blog/OEL-98/perche-il-dolore-qualche-riflessione.md,yes,monoblock_long_line,723,415,8777,8781
src/content/blog/OEL-98/salvatore-medico-pediatra-acondroplasico.md,yes,monoblock_long_line,2164,366,4914,4932
src/content/blog/OEL-98/santa-pazienza.md,yes,monoblock_long_line,1124,529,5086,5098
src/content/blog/OEL-99/da-meditare-senza-fretta.md,yes,monoblock_long_line,1697,491,6087,6099
src/content/blog/OEL-99/dialogo-aperto-n-99.md,yes,monoblock_long_line,2991,459,11583,11653
src/content/blog/OEL-99/il-male-minore-devianza-giovanile-una-problematica-per-tutti-recensione.md,yes,monoblock_long_line,3650,355,3683,3704
src/content/blog/OEL-99/il-potere-dellarte-dalla-magia-alla-terapia.md,yes,monoblock_long_line,6367,432,8612,8648
src/content/blog/OEL-99/la-figlia-del-silenzio-recensione.md,yes,monoblock_long_line,1232,250,1260,1269
src/content/blog/OEL-99/la-spina-bifida-scheda-informativa.md,yes,monoblock_long_line,1919,306,1920,1931
src/content/blog/OEL-99/liesje-mia-figlia-recensione.md,yes,monoblock_long_line,4603,631,4632,4653
src/content/blog/OEL-99/musei-davvero-per-tutti-grazie-allassociazione-vami.md,yes,monoblock_long_line,841,383,4723,4731
src/content/blog/OEL-99/parlami-di-lui-limportanza-del-raccontare-gli-altri-e-del-raccontarsi-agli-altri.md,yes,monoblock_long_line,3351,530,16814,16946
src/content/blog/OEL-99/quanto-coraggio-quanta-speranza.md,yes,monoblock_long_line,1163,424,3212,3238
src/content/blog/OEL-99/tutti-insieme-fedelucissimamente.md,yes,,485,444,3555,3560
src/content/blog/OEL-99/un-terremoto-a-ciel-sereno.md,yes,monoblock_long_line,3741,283,3765,3800
