file_id,status
6cd05d16-af8c-4b99-b385-0a8dff038e0b,ok
edc452e9-82f6-4612-aa5d-6cc608836ee9,ok
0656a201-5630-458d-a2a4-8c38beafc3d5,ok
5e0b89ee-c30b-4244-bcf6-52ebec977309,ok
2475a964-b141-456f-acee-ba6c47dd7022,ok
03d61666-1f98-4ae2-87ad-ac2311a274fc,ok
50d7c644-e83b-4aa2-8701-19fd3e0cb832,ok
ff71e41d-ed7b-4792-aa54-1c0564e1a539,ok
8bfb29d9-3a74-4f8e-b2ac-577c065b088e,ok
bca859c0-559f-44c9-a810-a8bb3e248d36,ok
83f7899c-55fd-44b9-a536-bac51b5600e4,ok
6cf5f612-7098-40f4-ab2c-c542b0c52a37,ok
8f8af606-b48a-4f2b-9ff7-f4e5b53ff4f7,ok
6984f7b8-541a-4dad-9415-63246c0fd37e,ok
ec1ccf52-123a-47bc-8250-ca4bc889fbba,ok
8eaf3a9d-38c3-42f1-937a-a703265db730,ok
d36a6893-61bb-408c-b8ea-f627784bef7f,ok
6655463d-d5bd-4a51-af2e-579b78b8d249,ok
77a30cde-8125-45a0-89ad-6dabd7bae880,ok
a3197105-a70b-4a7e-bc26-227225007dfe,ok
e6f6dcd4-15e1-441f-aec2-ae05a03142c2,ok
7794aec8-8bf2-499f-a3af-980a34a3ce6e,ok
a91ff64c-42a3-4435-8cd6-a2426f4b94df,ok
91c56dd3-2d3e-4049-9df6-69e56106eba9,ok
7500573f-f01f-4801-b27c-6fbd9b0a35ee,ok
d4977936-fb3d-4302-870d-f2897fdb1340,ok
b3a09a4c-907b-4314-9cbc-3b9e0d7b316e,ok
ad866383-d1f7-48f6-bb08-2fb5ec1a34fd,ok
27dd5818-0fd7-4888-b60b-119382a47666,ok
ab9d0256-2784-40b5-b968-f636c5bb5c86,ok
211d7966-581b-4987-84fc-eb39ed424a0a,ok
8d2cbbc3-90e8-47c7-af14-3ac25211eff1,ok
e4240ee7-d229-4d29-8148-499ae9716970,ok
f2cf3b4f-ca08-4837-a358-1b4241efee7a,ok
6e52d665-eeb0-4259-a72f-c4e455cb8428,ok
37c75aa7-eb37-4e88-bd18-e3dae491a8a0,ok
5cb44fdf-c87b-461c-8b68-cee392b0c8ad,ok
2d5a4c48-456a-45dd-87d7-45f366d6b7a5,ok
0e5d2b0f-4c7a-45af-8dfd-ad27afaa2fc9,ok
0a3d442b-cf66-4cd2-8774-66f8327637c1,ok
159798e1-1bb2-49d9-8182-34e7d481847c,ok
7ab94c75-82ef-4198-a27d-3432cb5ae5e9,ok
15523d70-e795-4610-bb91-aba0a7abcbe9,ok
a7ffa245-3b8a-4e2d-95bd-c6b8c3bd1542,ok
62963f79-9766-4696-ab42-de7e64ce1127,ok
aba4cc61-16a1-4774-97de-4297d9b44bcd,ok
7028739c-138c-477e-a3af-6448a22d2314,ok
f29cb3e3-afa4-4f9a-99d5-5fa48e3a1379,ok
f61cb4e4-3a64-4364-8d80-3afccdba19ff,ok
3b90637d-df86-468b-a6fc-45f29d5f148e,ok
cdaba6ca-1675-412b-8c06-97e58276b8db,ok
331acc4f-e155-4652-b792-73e9510ec32f,ok
0f5a5f61-840d-4c6d-9570-6fc845ef0e22,ok
87be08ec-368f-4902-853d-66a5a6951a1b,ok
a694a1bd-6fd1-4544-829b-388f865761b3,ok
4865a66e-6653-4fc5-8148-49b99aa71683,ok
69837f85-a5b3-425c-a5f0-99dc77aa4237,ok
49443789-110e-4293-8f85-96f76a9c464a,ok
a174fcb1-011b-4d06-acc6-276ffbafa475,ok
5d833e46-9711-4354-9fc6-bb9506abb2c6,ok
f9d6cfb9-256c-4ab3-9d47-4588cc252c26,ok
5259ad4a-e65f-4d9c-bc7f-727863d1d6ac,ok
33d20a83-abff-41e9-8de1-b132d573cd6a,ok
0745cb4a-c859-45c9-8b31-a2efc5a5bdd4,ok
3e22609b-8809-4825-9c63-b210b859d23f,ok
38736c35-8486-46cf-8da1-f611421a31b9,ok
0b556ab9-f2a5-4237-92da-1f452842257e,ok
2756b234-2e53-4a63-a84b-4473b6ed7f96,ok
d2da349f-85db-45a2-abdd-706d92eac54c,ok
8870effc-822b-4f85-ac1e-c7c8bc71618e,ok
3a1b8280-4730-4835-a0e6-2b3549db52f8,ok
58d96e1a-e270-43ba-a859-7c62bdac590f,ok
62f44a7b-c341-4714-a635-b1be48ecedcc,ok
d8d11a41-a9e0-4098-b903-ad2e5d600e6b,ok
a52538a1-f55b-4b48-a1b2-8c62690c58e8,ok
31029bd8-f47d-432a-bd61-8fe39d6ba429,ok
b35203bd-d8bd-4fe2-b94b-f3aa3e2d6b67,ok
a432f8b2-6f30-45f7-8664-ed852113a28a,ok
8de1f8ba-dab7-4f38-b22f-0d8070e5dc39,ok
95cad0b7-28bf-42f5-8a08-b5c3d61ff7a9,ok
a094aa1b-04a1-4a0d-bf9c-29cca3fabc8a,ok
bcfc0133-23ff-4dc1-a2f1-cf7e479c389e,ok
5687e9df-c653-4e6f-89df-2b173772ce17,ok
97ef76fb-4030-4b41-bad2-7900712c3265,ok
da36c741-5464-4ad3-92a7-1211c800cf40,ok
ef9735a9-03dc-4285-8592-c95c62dd4ee1,ok
2f7b4ecd-d729-47ec-b0cc-feace21889b4,ok
d85dd8bb-71f5-421b-bb3b-fc265f259906,ok
050f13a6-1acb-448e-b9d7-21dc8e7a09d2,ok
c4d6fe20-1505-43d8-be83-280cb2063ecf,ok
85373e85-1bac-4533-87ba-69448b8efd71,ok
041ab5cb-7237-4ac9-aca3-63f55b8f2361,ok
21e0ad55-480b-4f9d-bc1c-621a3cfd5134,ok
5a17a497-919f-4f76-a1a0-1679cd346311,ok
630d6e8d-87c5-4817-ae8d-b94bff7a36b8,ok
f68a9bb7-5ae1-4357-93cf-b7532265f484,ok
363af7c5-7adc-47ae-b067-2c5dbd1e0643,ok
48bf211d-8a76-4528-9640-5459f1bf3a2c,ok
71667a95-0357-477b-b937-d1fef066d08a,ok
29a658ca-af06-4d9e-bc4d-4076f4abb494,ok
5b15a255-4cac-4fb9-a413-cded20af63d1,ok
cf45ac65-d9f3-448c-ba72-73e1b8eea7b2,ok
493ea763-97de-44df-adf6-060ddbdfa0cc,ok
6df2be93-2ec7-46fd-86b4-faaa68e5c42c,ok
2e012584-ff57-4e96-a755-10206600e75a,ok
f1d690a7-672a-468d-a297-bacca0bead41,ok
225bb578-ac17-4308-8919-3360bd376cac,ok
0670f708-97cb-400b-85ce-fa62097b666c,ok
818647e8-b937-498c-888a-0ba06f5a3a91,ok
4239ff2c-34f1-48a1-9bfa-6503f903a645,ok
6efa46f3-1102-445c-96ee-df2ed26cd67f,ok
81ef088a-e4f7-4014-81df-044524eb00c2,ok
5388aa2c-a0ea-456d-9f00-a826709338b2,ok
b0dd4530-412e-4233-99c7-a35ff601186b,ok
dcfffe52-1c8f-4064-9d35-6dba57b707d4,ok
405d2b09-562d-4f4d-bf1f-8cf90803c9f6,ok
7bd441e6-7365-418c-af59-1a757ed7a03e,ok
3d40767f-744e-4d64-8242-74ab5d58571a,ok
76215114-82ed-4ad2-a944-8e98cc03b9dd,ok
3a973581-1896-4f05-a4a2-90452c6dddde,ok
2815f265-57f1-47b8-a7f4-01e9d23128b1,ok
ae38e573-94fa-42f7-a40a-71477776b41f,ok
99aa61e9-c533-4d28-8318-a485fc5e6e90,ok
8fadcced-c449-4fdc-a4a1-b7baec8cf546,ok
389ed387-850b-421c-9691-b92eabc16bcf,ok
259c75b9-2eb9-4a8b-ae60-d9116cdf5719,ok
b60231ae-39c8-4e4e-947f-a48b4735dcd3,ok
1b91a258-b31b-4f85-baf9-cfe1cb2d5434,ok
ac3a90f0-cc17-4049-878d-c215f62d6d8e,ok
9aab5f95-3de7-49e2-9fe4-655efbe31ab0,ok
9565e536-82bb-4c47-b6cd-593fccfff8ea,ok
de38605a-9141-4593-90c7-7966af71f021,ok
06043c57-e52b-48aa-b204-9172b3809a7a,ok
faef7d91-42ba-4c9a-859a-30e858e0d8eb,ok
2da7b68d-586b-4f1b-8f10-a7b6c3dcb009,ok
d78e0505-1d06-4350-826f-5686927d72b1,ok
b4888f47-b5a9-48fe-8703-bb6cd29caaa0,ok
9884d023-3053-4519-83b7-852844cecb8b,ok
6dbc9f83-fb83-447d-8cc3-c4cd202365d5,ok
01f1696c-d525-453f-a642-c288439f14d4,ok
de38bd91-7144-476b-9171-c936f23e7a77,ok
77a6ae52-9e73-46a7-9c6a-3c0d176450c4,ok
5cd9b6ac-5be8-4386-acfe-ae6ac7d445a8,ok
5852fc3d-62fc-4d4f-be2b-627abc7c4410,ok
731d0a68-38a1-4c1a-b041-9bdc80369b4f,ok
350b3a98-804f-484b-816f-06ecb3038688,ok
1450df7e-bbce-46fb-909e-fc5f01dc0568,ok
272efa4d-29d2-40cd-8686-01dc44a39499,ok
51c07158-f635-4dfb-91f8-711e41868ebf,ok
b96a28eb-b057-4f80-89e2-a98903904e4a,ok
ffde75ef-9cba-44cd-af24-f4e81c773aeb,ok
fae8e548-65d9-4415-b166-7489ead49e81,ok
24f992b5-3b31-4d91-af05-de518ff88de1,ok
e3196472-4aa6-4bd6-952e-c6097fc28223,ok
324d88be-5deb-44cd-8d83-74df265556f9,ok
aabadacc-068a-4266-8904-4963037fd4d0,ok
ec331834-2de2-4d9c-9809-c4d7d6b237a0,ok
c6e51cea-185b-42c6-9d07-b89b0d91f982,ok
2f993260-01fc-44d6-95c3-9786056ce612,ok
f816f2d2-c788-487a-a8f6-f2a908186ee1,ok
5b8d7f54-a8e0-4174-8d34-83e8fb50af11,ok
693a8226-927f-4c15-904a-1d93601a0987,ok
40d54bec-e256-4a49-9a8e-134dd1b100cd,ok
4d289a91-ced9-46c2-b6ef-1f03f8b3670b,ok
e289e63e-e32c-4b83-b5cb-515e5ae81b13,ok
0af5d52d-0e59-4477-907b-1726920b3381,ok
f63d41b2-cf66-4346-b29e-1f6802bbd0f5,ok
99210db8-576c-44e0-b2be-f30e09776fab,ok
7a418c91-ee53-4133-a58f-2d14d6227aa6,ok
e5eb42d9-48c4-46a6-9f68-ee3a77d46a2e,ok
52b18f5e-1aa4-419f-8e1b-47070c5aae87,ok
f5b5666b-0cf4-4f2e-8338-9ba516bf16fc,ok
a046b9ee-d543-4bf2-b2ee-dda52b108c94,ok
79db9a95-affb-4378-bd40-62fa85c345a0,ok
36a91922-1987-487b-88d9-87033ed364b5,ok
46754bbf-f618-4682-a98d-e424e7c999ed,ok
47dacdee-59b2-4fb0-a931-587066b20de4,ok
cca5e6fd-5cd7-457a-8c29-68dd1681514e,ok
afc90a74-25f9-4627-a724-84814b8a6b0a,ok
e1f8f385-824f-4390-a927-a7b1a210aa41,ok
66a96853-6d31-4d44-9bc7-d558d8dc1e0b,ok
f5347b5b-a966-44f2-b716-a22d8218c775,ok
8c8a2be9-aab1-4027-a313-2ef2e148de4e,ok
1af83f91-6056-4474-9f17-83e9856735a1,ok
c6e624e3-a88a-46b5-94f1-81d1d56cb22f,ok
8b7cbb18-550d-408d-814c-27c6a39256f3,ok
1e6223b3-fb39-4d99-a27c-a83a1ec72a3c,ok
89d17d35-fb40-4820-8b8c-f3cb1c2fc312,ok
1b7cd653-f506-4571-a73d-80db744df4ed,ok
aa3f2296-5b20-4b0a-aff4-4ce154b163f8,ok
b41b9e0d-7f68-4cc1-9ebf-ed002c039c9c,ok
1801a8fe-a429-424a-83c5-e2ae0b2c4a0c,ok
a11e0a64-e982-48e8-87f7-5e06f726cf86,ok
81362129-ac0e-4f30-a2fd-be72d27fdbe0,ok
343d15f1-93bf-452f-a672-478dde1eb500,ok
1dd27f28-08ce-4dd1-ba8b-b750c1c873b4,ok
26cd24fa-6b31-4f56-93c2-6c9d9251b0cf,ok
231eba1d-3567-49bf-81cf-845292cc50b8,ok
981712be-83a4-41cf-9c2f-42ed5a07133c,ok
c6e21528-6bca-430d-bb91-10344c36b292,ok
8fb3c27d-cf8d-4d6a-b978-7ce49b5a51bc,ok
45d7779a-519d-4557-9499-d5b81760a699,ok
87df528f-7b35-487e-8773-c138cb38fd5f,ok
ccf816ac-f290-4b8a-9a6b-0629a549fc72,ok
d7f1002b-5996-412a-a3f2-ddc5566ba16d,ok
ef3a3c8c-f19f-4ce6-84e5-f7e436a6e240,ok
6bbc28fb-d179-41e7-a8aa-5d05c5ab3144,ok
686a2248-5c9c-4ecf-b97d-5ceb6b6ea1fa,ok
862cf72d-c384-484a-836f-fba1ccce778a,ok
575e8bf2-e92d-4d0a-ba3c-6474c330fdc5,ok
e268ce0c-5a7b-496f-94c6-80cd27357df2,ok
750f8b02-367c-47e6-a194-18bb59cfc701,ok
13060e44-e812-4983-ab9c-95c74655af0f,ok
cee16a8d-0eb5-49a6-b386-29a5f2f8cc39,ok
8718f627-9b5a-4a67-9822-9969dabb9286,ok
71c6d9f4-644d-4c4f-93ae-b8fbf73b6ed9,ok
6470c7dd-d2af-4d9b-91da-e6922024abc3,ok
06bc67ec-e6a6-4ab3-84cc-ba4a51636da2,ok
e111e292-8582-4bb1-a975-6a1af80d2e7b,ok
31a2bd45-f14d-4ccf-8f9c-7078b96a534d,ok
605e28be-0c57-412a-b84f-6938205a9cf4,ok
9c670d9f-ac1d-482e-a6fc-b9dbc27424d5,ok
2d36244d-b15a-4699-9f27-8f864ad89e50,ok
e694f61e-41fb-41ce-bfcf-3ca41d0e4796,ok
930d6082-ee58-4f76-995c-3f4160e7cab3,ok
72f602ef-25d4-4609-9306-5738ee1bb33c,ok
a7acc3cd-a412-4364-9c05-20f73a0c414f,ok
3416f764-6881-4593-8519-87a63a923359,ok
40aead59-11c8-47d9-91f0-bc0685403d86,ok
53478156-c857-4468-98a0-61a52cfdbde7,ok
e77b80a4-44a7-4370-8a23-21ec06bd50d8,ok
4deff328-ed29-45f2-bccb-a77c1f64f518,ok
76aef91a-bdde-4ae8-a2b4-f89541f4e347,ok
4424e7a2-f337-41fe-b2b9-f810032c5b89,ok
20a34104-d1ee-4b5b-8e68-8cd02aafe741,ok
28f38ebc-3b23-4ba9-ac87-f5ae828789b4,ok
0b5660f3-e3d8-4cf9-8c2c-c2f66316e1d4,ok
896ae8c9-cdb2-4001-8dd3-2ee42f09753f,ok
5d6417ff-a7ae-4ff5-a86a-47a1faa18d60,ok
08484da7-ae88-4b83-b80f-cc238584f3dc,ok
e1fb6714-f560-42f9-9640-b562f39a774f,ok
69381ef8-aec2-4a75-8e03-bf702ae24843,ok
dd720c1e-9be8-4d73-8aa6-f9cb15f55d6e,ok
fd6c7ede-857b-4eaf-998b-34f6dfd6fb8b,ok
b60927b8-197e-4b6f-bd92-b6dda6bc7855,ok
14329671-8bb9-4a89-9321-c5ab102a72b3,ok
8821c098-20d3-4d94-9a18-e535a7df9232,ok
9027ab36-455a-4378-8e7a-6f2d5a0e5266,ok
af284608-1e80-42da-94f5-4d4ed688f9e3,ok
a6e4a8fe-7f01-4a63-90e5-6571e252e163,ok
bc594907-b867-4d10-8fe4-dd5b955b8738,ok
50cfa049-9947-4a50-9177-acfd382937f0,ok
d8ccd262-b536-4eba-b3d4-48d3abf10954,ok
06cc36cd-29a9-4818-ac1b-f3b764c6d5cb,ok
8edbe19c-37e1-4efd-9972-d5ea48a3d574,ok
164ef4ec-7ced-4a88-a623-b17d78eba30b,ok
6ace6b34-d221-4268-9f7b-b18823e2c984,ok
67d539de-b45c-4d9e-9584-e9d83a00255d,ok
029ab65e-5214-4965-9bee-55c9fb0496ae,ok
1fe8514e-5c96-4f3e-a1a6-cd2135f001a0,ok
7a424b50-55c1-4050-8c8f-c5408824dd65,ok
be246d33-dd73-4834-bd77-610b34cec6d7,ok
bc9a6e9c-c57e-4a67-baba-ef1a4c2b5bae,ok
f3d120d6-eeaf-487e-95f5-b772ef4b8a95,ok
b9099a83-dae7-4fef-acad-8875953cb730,ok
6c183b09-19bb-4502-ac4f-930a6882b309,ok
40bcc995-a061-4115-8eba-ec268f1ae605,ok
5b0bc205-6c64-498a-91dc-cb1f09a234bf,ok
56d24a01-3bad-4028-b0f0-09dc6f47bded,ok
b77ff3b3-c5b5-4d63-8ac0-bdb35f45feac,ok
9a7d4e57-7f34-443f-8256-065847f139c5,ok
6142ab06-441d-4f17-8fd5-3f2b1791e115,ok
d5db727e-d59e-4ff3-ac75-d24fb722aa00,ok
4991ac4f-34c2-4bf9-a26a-a004f0e217d2,ok
14527e43-408f-4ef6-9677-50e6ca291853,ok
b886de9e-ca69-4d1d-a8e8-8a4c8b2d548c,ok
1a995308-88e0-48cb-8d7f-4f0de77cbc50,ok
401c90ef-b391-4daf-bc0f-ae1b638b1c97,ok
84b68234-5d71-4b37-8380-7e808b22851a,ok
ebd924dc-545f-43d7-9fd4-60c26bf40e78,ok
6b14b783-f595-4c92-be7d-10b5388554bc,ok
6e67eee0-1369-4029-9b94-1095a4a4c023,ok
d155b87c-12e5-40fc-b688-b495e9f02fbd,ok
206ed4fe-5f6e-46a7-b545-81dfb83c29df,ok
c1b2da02-db19-4e75-ac2c-d8d701da0754,ok
ea06bff8-2aaa-4a9b-ba40-9a0121ea2e04,ok
e3a671e4-8f17-4486-ac5b-f2c9fa7e8608,ok
f6f944b4-7a36-43dd-9330-a51740c24dd3,ok
1cec4e03-601f-4063-97e6-2673d1700769,ok
3abf1049-2762-4e4d-8f5e-5cf8c1887712,ok
c99b7f8a-d3eb-49ec-835a-c8cc99388809,ok
af6e7c36-1819-4d89-9dd8-388bbdd5ed0f,ok
b23c5dbc-68a1-4985-8b74-d29fd388f1f4,ok
9d65239a-329d-4c6d-b319-180006ba4e26,ok
b5628262-1943-4983-b8e9-d062a0c9379b,ok
16e46133-8ced-4eeb-a964-5c1f76ed652c,ok
6a2aa12a-5917-4d2a-b80b-838020e82c52,ok
10f897db-74ca-4032-b6e9-26c3920340c6,ok
bce0dbe1-479e-4ce5-ac85-b7254551abe2,ok
490ae256-4de5-49be-9943-57472f962355,ok
55c0615e-816b-4124-b33c-4bc36f2f164e,ok
f48d5a28-d1a2-4ea3-959d-273e55e22c4a,ok
a1db3836-8273-4083-a00c-a91ef5b76f29,ok
0d5e2bc3-5fa6-4529-978b-34f09d2caf5a,ok
048565fb-b75a-4be4-9a7f-4833b3ea2eed,ok
82f5e08a-2255-4a0f-87c8-7237230ece3b,ok
433cde64-b372-4b49-97b1-b793985b0bb5,ok
a802612c-4b09-458f-b6d9-7eab81b4d522,ok
149b2e18-8810-478a-9257-cf418abf9897,ok
4ad5f3e7-9e85-4316-95d5-b563af5b13b3,ok
70c5a0c3-1f2c-4cb5-a470-d658ed3b92cb,ok
4b579933-555f-4f7d-aa32-e3505ccc2f6b,ok
ffd0db09-0739-42b0-bab5-4444fd1135b0,ok
89d50d41-aa6f-459f-9ec4-03e765c99498,ok
4f59f8f4-a89a-4f3f-9f63-102b19ff0136,ok
277a6881-1d96-4533-9000-153d63ffca7d,ok
62e7f2cf-33b2-4b8f-bc27-87f000bb914c,ok
d60c7866-d94a-475b-b17a-d44ca415a67a,ok
8aef4148-e748-4c38-8a1c-e84347320df1,ok
da9be996-7641-4ae8-90fd-4b2a37f1e5c6,ok
8ea9bc29-a0b8-4737-b016-293ccd10b2a2,ok
0fa1ca5b-b3c3-49b7-ab97-b25645de515c,ok
7f653092-a427-48e4-9ba8-2450f28d1e33,ok
f651b652-82ae-480d-b073-d109716d69b7,ok
993b6f5a-f63a-4dd8-a27d-728df090a01a,ok
adbc8b08-5ba0-4094-99f2-e2e51be9aa27,ok
4d1fdd26-bfb1-41db-b5d8-d4c5dcb766ab,ok
91d9bdcb-7031-4983-8d81-896b23b518c6,ok
e1b8d721-4de2-4f19-9381-a71cdfc3e705,ok
e261a144-9aa6-49d6-8de5-db83f93ec4f0,ok
04730cb3-85f8-40d2-925a-5af3b090ddc8,ok
ca0d4fc1-31f4-4636-9adc-a317df87456e,ok
56067b32-3d0d-4051-a8d3-e324877e3181,ok
d24509a2-43ba-440e-9873-b21a045a7ad0,ok
9d091ca9-03a7-4326-a846-2532a21e532e,ok
c92c5b7e-251b-4fe6-bb22-7b45bbdc3d73,ok
d5a5bbc3-9f89-4a95-aed2-df23140aa117,ok
e1ac2eb5-d5f1-4992-afdb-823afab87a6c,ok
c7a4718b-5bd5-46fe-a40e-0d058298d9aa,ok
76ea1ecf-a655-4bbf-bf01-8dca08982d9c,ok
1ffa69cb-b294-497e-b3df-432dd1739d93,ok
6e32464e-17e5-435b-8692-a8ac4251101d,ok
f150ee82-83a2-4792-b7f3-ed014a4973ec,ok
9f91faa9-3084-4129-b47c-b989a8518b2c,ok
940b03a6-ad7e-407d-936c-96cfcd57c721,ok
c109b7ee-349d-49f1-a1f8-c339bf19da70,ok
f2a912a0-175c-4fe6-aebc-e52f7969b032,ok
e0a1cc10-9eef-41d6-8d83-67aa9851ee0b,ok
9db3a2ec-67c3-42e3-b24f-48e72e67507a,ok
183f8705-48d2-4892-ab13-e843ef9c2309,ok
01d162b5-3480-4634-86a0-4e163b3ae003,ok
8e7ebd3e-bff4-4474-a2f6-b4568b53680c,ok
2f2321e5-25ba-4f49-92ed-a2bdb27275e6,ok
336e0f5e-63ef-444e-8959-0e053c6266df,ok
49c02128-2463-47f7-8c99-21c36d6e5ef7,ok
7408f32e-09c9-479c-ab9c-afdff98931be,ok
af746ef8-6395-4b5c-9127-f92f88151eea,ok
759a990f-cf1d-41f6-8b42-ec1bbff33e19,ok
6921044f-42c6-4fa9-be35-4d71d7e3920d,ok
9494b534-6c24-40e2-9027-f8d7eb88d390,ok
eb0db661-7ab9-4ce1-b57c-c9d726bddf4c,ok
26c2c22e-3b25-4803-ac8c-5cb0a13c6c64,ok
032ac4a5-f329-4cb9-b56f-296d3f3a3f2b,ok
5aee39eb-fea3-4b80-8c6d-f60ca0ed8a86,ok
df3d7800-bc6e-47d5-a2d7-b23f429707f3,ok
a7530fec-6d27-408a-a13c-e4157c6a30a6,ok
131bd79b-57eb-47e8-82d4-c098439a2291,ok
f58a14fd-1c2d-4ef2-8b34-2311f81c6d82,ok
5d3d502a-e623-4135-9736-ebebd6d6d0cb,ok
7ef44607-aa59-4d98-b2a4-11c9e99f1516,ok
5995cf36-71a7-4de7-a4d2-ae2d513c68bc,ok
45e3fa7f-680f-43ac-ad50-71b6680c5384,ok
bf9b5954-da72-4c27-8c96-c77b1e7a38d1,ok
5a10b490-d939-4c36-b3c0-93cd5d0ecce0,ok
c2f016e1-e477-45ba-b40a-ae0d0f2a9d1b,ok
04bb125f-b0bb-4062-ae3b-9b79349bff56,ok
be53167a-3dbc-4b04-8f88-cb9d02025adc,ok
b50de0aa-c924-4794-85e6-0c4f0997941e,ok
66cb568b-db4d-4dae-972d-979fc42acaa6,ok
1aab1e13-c253-4749-a6b6-4e0beb081c37,ok
b53081ad-b845-4a75-8b14-a33da4729b49,ok
37e5dc9b-d9e7-4bf5-b7f5-09acb5e6a880,ok
a4bc78e6-4689-4174-91b4-a154ecd67c31,ok
8cc08907-6978-4e7e-8d49-4e1b6d60976a,ok
cf5bb3f9-a0eb-404a-b81d-edbf9d0c1447,ok
2cf42760-86f9-4c48-ac75-0b72c54ddfbb,ok
0aeb8189-e1cd-4586-83ba-c184829fc79c,ok
37b72fe8-cf59-454f-9e48-51ddee5bef00,ok
f06f9f8e-2238-416e-9dae-66785b3ddd4c,ok
7c86dff4-c8e0-4573-a60d-7243aca92524,ok
66d0ecc1-9938-4fd7-95e5-77fe8359169a,ok
6e5d6da7-b121-44f9-bdac-e4052ce0ff0b,ok
75f36723-4334-4560-ae90-b33e2f710ed9,ok
4b5a9ba2-44da-4ea2-84b4-36096c2aff55,ok
95177ba5-348f-4647-99fd-c7be14cd9171,ok
42add61c-036e-42c6-b9bd-c49105233fff,ok
aacad9dc-7694-4e06-bac5-be06635479e9,ok
59acd8e0-64ab-4d70-9fd1-381b97f5b044,ok
5a6b9568-8cdd-4b41-a605-d95c6ed4a1c5,ok
6c649547-74aa-4a52-9a58-0dbb43c6783e,ok
2723989b-2fa4-4514-a488-a286b62e530e,ok
4420a730-bbad-4024-8b81-43e9f3b33b65,ok
06e9f638-8753-4268-ba14-7118d39a1b32,ok
f272b55b-1f56-48c9-ab49-fdb5bd5782ac,ok
e671cfc9-1bb9-4ee9-8d7b-23f6ee4fce5b,ok
24ff8086-4f93-42cc-85b2-5535b85faf99,ok
f2f76d27-87a8-48a4-b352-03fab4c0a3ac,ok
55cc0e7d-2b62-47e9-ab49-396f6702e848,ok
a9c28c84-8958-4369-a72c-4acc82fb8b47,ok
537579bb-a718-41e0-ac6e-48ac98f594b0,ok
a882af9b-6010-4d48-a3fd-c7c7e44a0cad,ok
84f322f6-09e7-4ca8-a892-6e6ff1e08e7b,ok
a5096a3a-53da-464b-82d0-5aa315207fdf,ok
7297ccc0-53dd-4157-acab-34f246217cc1,ok
edb2c225-40b2-4f00-be58-4e220e1ec61b,ok
e369eac7-d21b-49fa-b401-2531cec184e4,ok
570db0ff-9b6d-4014-b2d7-e89be91dfd77,ok
5834002e-36a4-4dcc-804c-a7e83517152b,ok
ba5da73c-3b04-4d54-91c4-4eeb11b2f367,ok
422c90ed-67b1-421f-91ef-fd8089c1fdb8,ok
123524cd-eece-4517-b091-b5dc9e644cc6,ok
fd108596-c2b6-4c17-af6e-208926d5c8d7,ok
6dcd13f5-d2f1-4c1c-903f-85e3bf4d40b4,ok
924ddb37-0c39-4e0b-88b2-9bdb69044f74,ok
25cf56c3-0abf-4432-afec-57713fadb0df,ok
9979e40f-2bf2-441c-bf64-1f68dbe716a7,ok
6ee6d009-bbcc-4276-b894-6461d24a6fc7,ok
7e2ce156-cfbe-4cb0-9605-134fbc1dbe78,ok
14241a28-1276-4b65-afa1-ba9e5c898a7d,ok
5cd8f6a5-9c31-4662-aa41-c79ea6cce40e,ok
38fd5c66-6b1b-496e-b75e-5da1e12c187f,ok
0336f2a1-0ceb-4796-812a-f9f8cc5160ae,ok
2ae670d1-8f82-4556-acc7-9d4a8f62a535,ok
930219dc-de4c-4321-a536-1d44d9cb6867,ok
636a1f7e-4340-444c-95be-a1411f021ead,ok
9cd46761-adce-4791-b29c-6f21b1b023a3,ok
29950469-2599-40a3-957c-d0885cf10686,ok
afd4fcff-bca4-4add-851d-e84438ef0081,ok
921d166d-0eb9-4fb2-9f88-66701f6ce38b,ok
755a753c-260e-445b-846b-50de5349e00b,ok
0fe33d21-f838-4914-bc47-2f40cdd670ee,ok
8fb6a8ea-338b-41cb-b999-30d06785649b,ok
cb432a23-6e41-4619-bf43-f9bf7e432cc8,ok
3929bc35-1a36-427f-9f0d-b1e059fc0399,ok
9f90405c-4607-45b2-ae63-6895625745b3,ok
ea5bafe6-9d11-4dd1-bf58-4d1c1eb86b0d,ok
ecb2ecc5-66ae-4daa-8fe4-07882239a908,ok
c5ccddc7-abe2-4223-9b7a-6db16cd80dc7,ok
9b3ae21c-fcce-4367-9082-118f436d0184,ok
4aca6f5e-b08f-4aa4-9b9c-f7f340b0575f,ok
f6f5166b-03c0-4954-9029-78633c678319,ok
a87c1ac1-e3c9-4f27-bd6a-5aad24d82706,ok
c1d52a56-8a31-4968-befe-b1b6e5c43430,ok
f05f9d70-ae07-48ed-a00f-cfa178708891,ok
4e25d265-ef47-4fbf-8dd2-2eecc1b92326,ok
ca854aaf-cdcc-45e9-84df-2243b01af9d6,ok
adcb7351-1083-491d-b36a-e6554d31e031,ok
2622571e-ab18-47bd-819c-fa6c4cf17d9c,ok
d16d7094-78ee-405a-8bad-e29368581cf9,ok
eb29031d-a385-4eb6-9135-db4018780f2f,ok
de94bea8-300c-426e-aba7-7f85740b0191,ok
efcdb750-7893-4953-9fb4-6ca03fb77ac7,ok
acd9bc09-01cf-48a5-917c-ec027cff10a1,ok
a3a054c3-d792-409f-9282-5c6165093d53,ok
6ea9b85b-44d3-4642-87b1-c9d2247486bd,ok
e41cd89d-ccc6-439e-8e6a-ab8aecbef56e,ok
9a671e05-e62c-4a51-a86c-55b39f6fe0fc,ok
bd10e052-7ae6-440e-a2e3-76c6deaad0d5,ok
6046f37f-fa59-4289-ba51-3ae84d70aa00,ok
c106709e-25d0-46d2-80c1-ea74f66d08c6,ok
4210af84-2177-47fe-b90f-24abb8630f65,ok
9ed33cb6-0d44-4e67-bded-cc61900fcffe,ok
05a182b2-14f1-4201-9270-c6f31eaa2ff7,ok
f600b134-ce32-4fd9-a314-0f41b83392e1,ok
b6c770e2-f6a0-4e95-b98c-b4197b9eb0d0,ok
d8b979e6-736a-4eb9-9533-d68163481f1b,ok
1c44fd43-c634-4aad-a2b8-06399fabe889,ok
a35cc9fd-6cc7-4441-9096-000dc1c30467,ok
19095fb8-e8bd-4d36-ad22-7235a8ee5c4b,ok
5f7de233-d8a5-44b8-987a-e039982e059b,ok
c07ee4f7-e90e-4ff8-a1d8-23ef635ad366,ok
02df1bf9-8344-4777-a2bb-f614102851f0,ok
a99bf857-aef1-43a5-86ac-8774ed7fbb36,ok
bd025cef-a2fc-423e-9e0b-c627a0a8a65c,ok
ce3d0947-e31d-44bf-8603-5677769df600,ok
4d93ec3a-0d42-43d0-b96b-f0be175ac884,ok
8ef830e9-9315-472b-a6a4-0adccb1626ec,ok
217495c6-09b0-46cb-b1c0-c95a44e0fe4c,ok
f2dbaed3-8a31-4acd-a9d1-73452b4294f2,ok
3fbbb725-207b-4fb2-8dc5-2a669e58b2aa,ok
93a41798-fedd-43db-9879-b4ec36a0b35b,ok
406e48e7-7650-4e3a-b51d-8d48eaff70b3,ok
c574f6d3-5669-488d-8d5e-42a29fd322c9,ok
d54895da-22cf-492c-b493-b686e44e23c2,ok
debea3b8-bfcd-42a7-ac45-5d4657622898,ok
8d643c77-7676-4f94-bc94-3682b31eee31,ok
25db2911-2291-47af-afc7-0b6ed9537ae7,ok
8bf1350f-f39a-4674-aeb5-9a03effba5df,ok
19dace3b-a2b8-41a7-ad31-84c150ae70cf,ok
bf08828a-8fae-4808-a1a3-015bb0e61965,ok
49a41bdc-c627-47e0-851b-fd9ae9990ab4,ok
76df76e0-7efc-44a7-a33a-4a4a639f3e7e,ok
25b00030-5e4c-4d72-9f2f-a71395c3bb05,ok
f9b77fe7-99f4-4069-b9b0-8b1bad3b5bec,ok
0baeb38b-5c14-4d62-8712-a86867d9196a,ok
8ef20029-c2e5-4c04-ae1b-05da95063a52,ok
f7993020-efc3-469c-8e11-73ce78862930,ok
35fe7e7f-756a-4254-b1ba-386b785acf96,ok
5fdbc3c9-d087-4d13-969e-68df4cb2a809,ok
91243469-6489-4c3b-9983-7b6a7bb7f4eb,ok
9fe0d72c-dbe4-451d-825a-17199fc7a38e,ok
82e23d8b-d4b1-4ae3-be12-1a8359e46c84,ok
dfbc3604-95bc-46bd-b67e-c8df724b05f2,ok
92326348-9d77-43f7-a382-76a78c55f98c,ok
42e623bb-0b2e-4cc5-9f49-9402ee151880,ok
d50666c6-8a19-4c61-8f2a-8d433474999a,ok
d8a7b478-0f3b-4354-a2c4-4047c3b369ee,ok
b11d69e2-7e04-414d-a282-1e6269287b05,ok
5a851f90-6f26-4bc9-8b98-e79839d90cf4,ok
7aab529e-e0dc-43a5-b21c-4abdbe21c69b,ok
d0bf8f27-36b6-4891-91f1-9bc0c9079534,ok
5dcf4784-39f1-4baf-8a86-502207b95631,ok
14bdbff9-b1d3-4469-9d8d-afd05a17a6af,ok
57554aa8-88e4-4869-9ee7-f5121d8bcaee,ok
ed1d9886-f60f-4c98-84e8-cc5f03c1aa42,ok
6411ea08-49d8-41ca-b961-4d6e7359cff4,ok
4152d199-361c-40a5-8872-c5701d327ed7,ok
bdaface3-bdfc-4a11-bc68-546fabc628dd,ok
e1089257-5ef6-49ea-83af-bc9de11c2a12,ok
6becde37-ab45-49b6-9bb6-56d96d7c3067,ok
27da4422-69e2-4543-8797-ce98226ba9b6,ok
3dab3340-bb64-462d-a25d-ef89252a74c4,ok
fffade06-e901-4835-afa5-473004eb9f4e,ok
03f4f381-c76b-4a83-9061-672832363c29,ok
4dd9c5a6-c92b-49b4-ac95-d30351f3736e,ok
29b671d3-6a34-4a32-b9e8-ee3fbc40b988,ok
601d8189-0626-471c-8c45-af05447c97c7,ok
49970bf4-cee6-4659-b752-62c77280edb6,ok
a80dc877-6f1b-4b82-ba02-5aadf4d72942,ok
83938a54-f446-4769-9729-3c12c088158f,ok
a94f52d9-faf0-49ba-bd45-5d9a2514da55,ok
bc6a3454-3185-4e1a-88c7-aca1ae44fd06,ok
c234ce8c-57c3-4105-8bde-db23475ef76c,ok
677f2dfc-476d-45fd-9d30-55519b84b6c9,ok
2a7179eb-3965-49db-9b2c-d97cecfea0be,ok
438a17a3-1343-44c6-a1a6-ef5fbd6ff28e,ok
92b8bdd1-8220-4d2a-9e50-53303bd6d7af,ok
544a0ed6-e687-4b73-9e04-6a45799b0637,ok
d59b297b-cedd-4ee8-9c79-7af3edf43edd,ok
16210f84-9822-4ee5-979c-26b4b0f17c33,ok
d320d827-835a-41c2-8e6b-9a37ee804177,ok
da867f1a-906f-47f9-80fe-1883dee7a601,ok
4fafb5be-0547-49a1-96f3-d0be93030e08,ok
099d8965-0a6d-412b-9fc0-ca734d647525,ok
b158b2f0-9a17-417b-9dff-a71734d6de37,ok
f20d5b6d-7b33-47ff-9eca-2e87fa065476,ok
2958a514-696e-4f11-85d1-64afd8077f83,ok
068cc5b5-d8c9-49d7-ad66-7fec824ca4d2,ok
9895982a-f3aa-4a41-8d71-34a83cc138df,ok
90c4c3c9-a766-4da8-97ad-fc6d46531597,ok
940fbb0b-9789-4d8e-9329-d55733b053fe,ok
ef8c1001-29e7-45a6-8a6b-61f02901b6db,ok
dc9dbce8-1e12-493c-a8a7-dc3422959cb1,ok
95334e45-964c-4058-bed4-6c5daf510dd1,ok
525965a7-db68-4324-b89a-35ebc722ffc5,ok
32f74874-75c4-4385-8170-912b9c47f2cb,ok
cae07c6a-f2b7-45c5-8c47-fa8664b25097,ok
1770fe6b-18e6-491e-8b8c-18d73fdc34c5,ok
2be14aee-77fa-4e49-ad00-866a1ce48eea,ok
58187450-74fd-4b7b-a4fd-8d7d99c26764,ok
bc2cfdee-b6ef-48df-99e1-89fe111c2183,ok
1de00200-3410-41f6-921c-112045878746,ok
d10f20f9-5bea-402a-bf43-bdcf79c86c5a,ok
ab392b52-c1b9-40f0-a1a7-3beb988213d4,ok
25580c12-d1c5-4305-bb59-b390f0bcd5e7,ok
be9e1c17-ac87-406f-8e5c-fe17c8b48de6,ok
21b01c9e-c535-479c-a9a3-6efa429538f9,ok
36002e32-15ce-4c09-a2d1-8f4498e1451d,ok
78521b4c-e1ab-4b74-aba6-19067a858bcb,ok
c6abcad0-1449-4f02-8623-c6fee4594278,ok
2e6286f1-ca16-489e-8292-d195d6826097,ok
36e2d7d0-dbed-4758-923f-10d5abf9220f,ok
fb11f36b-1c52-4231-afba-2c8cd944cc50,ok
28fa93c6-8c45-4834-9792-8cd2f25e943f,ok
7a3f820f-4671-4e85-b784-9050b789d7bd,ok
d1068b88-f620-4082-b21d-c97213031739,ok
a9d85539-1203-4e58-b25d-1086a45d9281,ok
2ac25a60-1abf-4f1c-bedd-c816e0dcee6a,ok
85f27fa7-34fe-4fd0-9f94-941f43220411,ok
f0172119-44c3-48ac-9bed-02ca272da08e,ok
8b8af025-9983-4aae-b806-065103593f88,ok
533b85fb-3296-4d2a-98c2-3d9c8464ffe1,ok
79d85c38-b39c-47b4-abbb-1981dfea0821,ok
3a034905-f9fb-4fef-a341-ec241849ee7d,ok
f537d1a9-7aa9-495a-a587-f18f5db2a4bc,ok
ed94b1c4-a5be-4f4e-8c31-d77406bd0fe6,ok
8cdb1cb9-0502-4a5a-85a3-5c27d71dd2ff,ok
963c163c-0451-4aeb-9415-7aa81b127927,ok
caea6894-ce9d-4db2-bc43-e61786a9750c,ok
e577df97-2607-46aa-b0db-012895618c24,ok
7bc68a96-bc71-4563-bf44-93511aad5ba0,ok
bf5477e4-3116-48f0-8d96-a8848b8eebac,ok
97a69b52-8a5f-4bef-8d7b-b12c2b159d43,ok
e5f84915-07e9-4abf-ba10-288ba2ed2507,ok
37142cb1-88ab-4f81-b7b1-c2a1e5dc216f,ok
648cf1c4-b73e-41f1-8720-0c2453e222b0,ok
b472e8a5-0418-405b-80c8-b7a99a9d2baf,ok
368dcbe1-7693-4c55-a13a-c2ab6391b639,ok
d63ae4a5-5ee0-4633-8763-393c45e1546b,ok
bc9b73a5-82a3-4b6f-80b0-0070dbf7181d,ok
677c307e-bd70-4e3c-abff-198f4906ebb7,ok
448681e9-e198-4c6d-a5e6-5e9f3ba64b8f,ok
5c57b342-7534-478d-b5bc-bfaa6a441347,ok
e60c15b4-52a4-4e60-8eb1-f89dd95d35d3,ok
0671475e-09fa-443e-b13b-44bbd2f83d7d,ok
c2b95bbd-c2aa-41d8-ae54-1471d5e98248,ok
c391fe44-9da6-4c5f-9a48-44f2334cba73,ok
e28863d8-a38f-4972-b0c4-7442b5de722d,ok
ebdc93eb-800c-4e72-9e0c-92fe2e791d6f,ok
b0f280ad-f295-4b8a-b8b9-8e7a725bd85c,ok
4a6a4bc6-cb28-4710-9f00-bb9d1af5a0cf,ok
8ae8c322-800a-4495-9431-5c464baa91a4,ok
9dc7d64b-dcc2-455a-8c5a-9420210eb255,ok
b27cd813-d12c-4179-b3c4-c46f35d5de4a,ok
df1bd132-0488-4c6b-9d8d-783aeaece4d3,ok
fc79a618-7168-4637-a5cb-549dd1261bd6,ok
9511e3b7-ee7a-46d6-bc0b-4ecb1c3a2042,ok
eaa0b03f-8fd7-4d49-8759-e5edcbe71ea1,ok
704e7e44-5def-4859-9f91-89ad06a1605a,ok
2e0f182d-ac86-45db-9a53-452bb8731231,ok
d795640b-214e-433f-bea2-cefeac7d2434,ok
6983252d-a609-4f8b-9621-3996a386350e,ok
5b731246-9145-4293-ab1b-4c8c7a006285,ok
dab7a441-12e7-47e2-9630-37b05f6eaebb,ok
69657b96-3e7f-4f5a-9340-bf68cd71a759,ok
92697a06-c6cb-43e9-9fd6-e07b2611e15a,ok
09a3f763-9b2d-4a1d-85f6-df92c40f8378,ok
d50ae27a-726a-4657-8ecd-2bf1120250ce,ok
d1869da3-52b8-4eac-b7d8-ce0cff37ecb1,ok
94981aec-3320-46c5-b019-94170917a027,ok
9d27c6d2-17a3-4030-ad66-b65d80b4ca6c,ok
f2409c53-6d52-420b-b8b1-88c4c94e0367,ok
e0ee2cee-ea0c-44db-9808-60d0033f3aaf,ok
1c344ae0-b8aa-4833-b640-56121d632c2d,ok
1592919a-d0d8-4703-a7af-2793a3a9024e,ok
e9fa717e-705e-48cf-ba0f-13d483f847ce,ok
1a889651-2e27-429b-92f5-fc403e6b7bf2,ok
13008d8d-0bab-494f-bc1b-54aca89a77e9,ok
e976194f-684c-4701-953a-7ec974fd7126,ok
e0ea862f-0091-428e-a63f-834c107ef0e5,ok
177ca56f-7c86-4a38-b1a9-e0b68285c743,ok
ac09ddb8-5e05-46e7-b851-d4eb2e5f16c4,ok
8ef04a63-a6f8-47b6-9714-2f1f14dd981e,ok
4c9ee5e8-0b19-4b82-8971-7d5d11e42f4e,ok
2adae38b-13f8-42fb-8777-4b41e0a6cdd2,ok
05ed81f9-f4e8-48df-ab9d-289236242971,ok
375fd932-4939-40c2-9dc3-913648b93d52,ok
337a7a9a-96fc-45b8-a580-5c2644975793,ok
7f0d0823-24fd-4da4-bbc1-f3c951c5d05a,ok
ff3cafdb-006b-40ed-8299-c39aa2318c8a,ok
d0f418e3-1b69-4b12-9b30-941ad4e65223,ok
8a0ac6f7-d1b4-42a3-878c-f90fffa4c6e0,ok
60a83446-b7a3-4764-842a-a103a12f918c,ok
9e999492-cac9-4661-b01f-38f4629cff0e,ok
cfc8345a-e641-45f6-b0ba-bc350a6bf0ab,ok
db2cfa53-abc0-4fe2-8d75-05cbeef3c231,ok
9a1f22ab-702f-4cc3-aae2-81d674b1e7bb,ok
6aea56b9-21d4-4846-aba6-3b12afb5a40e,ok
19d74165-0895-44c2-9000-f1aff709a2e3,ok
e2133bb5-4b6d-476b-909c-33003d3b1d39,ok
1ef8c4ce-4ee6-49f6-85d7-7921584a4b2c,ok
cc5e4fae-c0d6-4c6d-8572-45df98683748,ok
e6308010-7901-4bc1-b3ef-837b11d7820d,ok
f4c5cbd9-6254-4f0e-a94f-f2f1e59c03ea,ok
9dfe7145-593d-4dff-bc52-a169d3744fc6,ok
d5ee86e2-7b23-4246-af21-4fa5000a9e1a,ok
97dfa3d6-80a5-436f-bb7a-f1c6c47a242c,ok
90e81b65-9727-4f4f-bfe3-bd7dcdfab077,ok
c3d05310-3809-4e61-a5cc-935365b5449c,ok
26fec4f4-964f-4fdb-89d2-525ddcae6c38,ok
df26b2db-4dd6-4134-8154-9ba7d9cf9ae5,ok
55a5ca0d-fe2c-4796-8002-637ea52ed8d2,ok
8e72c6de-2418-4203-97d2-ed0775562f0b,ok
c862305e-b682-438a-8816-22caa7efe031,ok
dcd63b68-9134-405b-9676-95a3773abae3,ok
f2a7d9f3-4423-4407-9b58-809d9e6f455b,ok
0f4029d5-ad2e-4b30-8ac7-89d3a2806ab5,ok
8583a16b-0b71-4fac-b6d9-513e73caf436,ok
a940352b-f729-4b62-ad0c-19d5d8e897d6,ok
625aa7d0-e178-495c-a65f-7f783d653d21,ok
690497a6-f98d-4a22-bf06-9448b9838097,ok
25ef3f17-5a16-4fcf-a1c1-85ab061f9b50,ok
717129f7-04ca-46ff-ae2c-eff350785a57,ok
978c23ac-1dc6-4c68-a332-473a307924c0,ok
78a8279c-fd60-41a5-9cfa-0e2d6b07fb41,ok
c3f9bce4-1ecc-4862-825c-a47f5f6d979c,ok
cf619f18-44bb-4159-bf22-8e1f349ef8e8,ok
283e2af3-d1df-4f22-84a0-3d50267e924e,ok
e2806c08-01bb-4875-ba59-bf1ba3c5ac9e,ok
f2efd64a-bc50-42dd-ad05-40fb509c4954,ok
2965182f-8d73-4b24-ad08-7fcd49ebb9d3,ok
020fd585-8c5e-4b66-9e15-7f314c16aca1,ok
0b79f9ef-326c-4c83-a8e0-038d39a57fe3,ok
2184c14d-68bd-4e0e-abed-fafb8acdc886,ok
f72e51ea-a42b-4f7b-a45a-0898d0b44dd2,ok
2f248897-090b-437b-accd-b7e80b6608d2,ok
090471e3-3b3a-415c-8466-dbd71cedcc0e,ok
95242de5-30d8-4e81-b564-a7dc8433ad70,ok
5aa06eeb-b0c5-4953-8a0d-fb4317e78744,ok
d44862be-be82-49fe-82ee-cd19516e1c8b,ok
b6dceebf-de9b-40f3-ac99-f38bd0e7e35f,ok
58f5def5-d180-4a2b-b29a-5b638809f9dc,ok
05f73ba2-87cf-4229-b035-ec9486cf6fd3,ok
863a632d-19dd-4ad8-8463-7a272dce7a07,ok
4d5b612d-0773-440e-941e-77a0fbda6455,ok
93956425-f382-45d7-8c84-6c76053785ef,ok
35c931a0-b1f7-42e1-88f1-a516804bb000,ok
19a7f31f-2492-4087-9a50-3808225625bb,ok
a35ce6d4-3edc-4f59-b3b7-c053a4f6b22d,ok
d9031bfa-9812-48fb-98cc-654f813de19a,ok
d78cc675-94b4-4bd4-a9ff-aab7c684464e,ok
c33acaf6-7880-468c-98ae-bc21d1e71e1f,ok
40f4cd07-3d70-4777-b823-4407f91a4a65,ok
44a63bcf-54a9-445f-809a-19379bbb4d82,ok
1c7fbf92-23a6-4f53-8598-8521c33ab697,ok
16423d41-9ca3-4acc-bfc3-f20b0cb2a2d8,ok
fec1c28b-07b4-4ec6-b975-e9093458fea2,ok
c9633c53-8731-4cb9-8cce-c26618051714,ok
b005e63e-ad23-4cb7-abe1-9e52eff7bbae,ok
a1781dff-1a1c-407d-a766-f407cdfbfea9,ok
47625965-69f0-4753-b9ed-046c832239c4,ok
264e3e89-1193-4fc2-8e29-ea62c513c6b7,ok
69b6531d-64e7-4d5a-afd3-f1b9f475c1ce,ok
f740f93d-9b2f-4726-b2b3-be1d26bbfa29,ok
f4954c33-49d2-4c9a-be49-97cfbf9004d2,ok
33b6f5c8-a901-46c7-a731-26d0d7fe9481,ok
0aac5cd7-8023-4f3f-99d9-31c0944971be,ok
50d06e2f-5794-4404-8970-df919b18f4a6,ok
7c45e211-f3b5-4504-b290-43ce53a0f696,ok
a22363d6-d9d3-4396-b223-e6ac9ffa28bd,ok
3e60c5ab-ade4-4b74-b30e-569748e4cf04,ok
75775dc2-8214-43c7-8b26-4878702bf43f,ok
30f1d5c0-ba02-4e0b-a2a0-354b401795ac,ok
a5c61453-4cdf-4e27-872c-796ea03e5840,ok
f507a4bf-0659-427f-be11-065eba272c37,ok
88fa6a12-ba2b-45c7-9055-5a8127836bb8,ok
e23ff718-8ed6-4a01-8b9b-15c418d2c238,ok
a5ebd790-1949-48a8-b3cf-373070966757,ok
2c9978f3-0425-421d-b09c-0f0514db6b1f,ok
f50d3863-a0ce-4757-8a13-338baf71d030,ok
8c27327f-a928-426e-9dd3-141c96e7b0f8,ok
2b07941f-d7ee-4b1c-8022-7ff0754d9a1f,ok
8cefeaab-1f35-4779-8d35-b0d99214f3ce,ok
96cf294a-7376-4955-98f2-4f1bebc57007,ok
54c58107-ec35-43a4-a5fa-b96387ffdf8b,ok
1f39b6fa-b668-42c3-8029-43c029248933,ok
18ac2c53-822d-4562-a60c-1e485086b581,ok
6c1a94d8-3065-46cc-90e6-56f4efa5b5e4,ok
00550e12-40d8-4958-b1e1-e7c1cd600d2c,ok
9518d105-f837-47b4-be3a-b0c73c3f2c55,ok
f33e9658-df0d-49ad-b7c9-9ad992a4b41d,ok
9573104b-bdd7-418c-b500-c97dec6eb53e,ok
31debbec-5289-4f29-a943-5fce99f8e358,ok
1ed0ca41-cc7c-4c37-8908-ff651ffb9150,ok
21a80746-6fea-4998-98c0-dd381772ebab,ok
67539800-3ada-4c39-a3d9-fddc603d26f4,ok
12e2aed4-a613-4e1b-92e4-7ba6f88bd65d,ok
edd7b225-4f0c-47c2-b220-f87f74217906,ok
ae80aab8-1231-4634-b6ca-ca416c8cbfed,ok
1bbf6b00-26ab-468a-a814-58c38017b0b8,ok
2b14cfe5-1822-4ac7-a95f-16fbb09184cc,ok
6b33c5d5-99ba-4d72-b7f4-c2aa088dd951,ok
cf7c90cc-024d-4864-8629-3b5bd6d025e0,ok
103ae618-2dcd-4e49-9e41-1d4c5e3f2ad7,ok
ca4b6d1a-dc4b-4d84-95c9-5ab1a0b3d7a4,ok
69ea6680-f1e1-4316-9415-af99e7a7e6f4,ok
8ff288f2-1887-48f5-a8cd-f5c5c707e7e3,ok
86e4eb38-e5fb-44f9-a0aa-71906b1dcf40,ok
73fb6612-eae8-4fa6-800a-0d31cf3fb587,ok
d1e6a4cb-8686-4281-80f3-b6f4233da2c2,ok
e912e623-413e-4ae2-b4b4-d24fc0e212a9,ok
07c2c071-0a08-4f81-bbd0-3723a32bbfd5,ok
316be303-3a2c-44ef-93ef-e0e82257dfd0,ok
49c2ced2-b632-4f51-8080-7f999ad12f18,ok
4f8801cc-60b3-4634-a7c5-f42e42893a7f,ok
6b8b529f-00a8-4438-b028-eb9c355e39f0,ok
e018047f-1eb0-44e7-8cdb-b23576903eec,ok
97326254-72a0-4eaf-92ec-ef429a69b3d1,ok
750192f7-1e6a-476b-9b83-bc8e6d10fc90,ok
f99d67da-cf32-47e1-85f5-7b3940e14031,ok
800724e1-93eb-463f-8958-8a788a44bd0d,ok
533c475c-50e5-4625-b478-dfdfc955a57b,ok
52bb3d56-2e8d-4257-88d3-542453e0e393,ok
7bf51ec2-af2e-44a1-9775-ee7951c78496,ok
d64ebde4-5193-4ab7-a61e-a413943d808d,ok
3c9d6707-9aee-48cf-9094-0e454db7de09,ok
a6ea26f7-e291-4ad3-a10b-35f1e466a77c,ok
d0ce113b-ac1f-46d7-aae4-74e02cd318a5,ok
241a17b4-114b-4e0f-ac75-5ee759c9b8d3,ok
8fba2cb9-4c7f-40ba-8179-a127eb3a6de6,ok
5af546db-a327-4a7f-89d1-673ed83261ab,ok
c62eee4c-f6c7-4e32-a789-d9ac41c5904c,ok
078b259e-d17f-43ef-88cc-278ecad48a48,ok
a48a81a6-ad5a-4ba8-b819-3edf6a7d15ae,ok
5ad32528-6a28-40d3-b41c-c06af5de471f,ok
cdcc6ad6-6464-436d-a353-27bf110a09bf,ok
fcf1728a-2b22-40bd-9be9-6ebb0973a647,ok
df7b6587-e69c-4313-b0f2-c355099da893,ok
8f84e1ad-5c95-4899-a346-02d073da7224,ok
419d0312-8d56-4761-a3ab-b6b02f710923,ok
d262ffcf-b04e-493e-b285-318fb8f1184d,ok
3f87d5e8-f4a8-437e-9989-f30d9c9c0092,ok
16dae714-3f0c-4317-aca0-f6372bbc2e3f,ok
bd5255a1-0365-426e-b0ec-4999f65187e1,ok
1015976d-eaa6-4856-a150-c521e2351350,ok
0e7b3f10-439c-4308-b66d-f5ab8d7c2a1b,ok
73ca6eea-ca89-4dd3-b480-0b020b77e663,ok
b3bce724-61de-484a-98a7-8c0dec9aa43a,ok
338fa030-5ede-4e12-a58c-02f6630761cb,ok
05547a7d-ba95-43c8-9886-0744499d7478,ok
487b630d-15ee-4cd7-956e-b584e74ede47,ok
b66f6cee-77af-4a28-ad9b-9e89d25d9f80,ok
927fe139-82a0-4c0d-ade0-50f0cec86ad1,ok
b43f642d-2bdb-4d08-8751-5b1bac3df020,ok
7b6fec5f-6cc9-408b-bdf2-876d5859dcdf,ok
8d98c3a3-27cf-41a3-b374-00476686d74c,ok
7697382f-fd92-467d-a4f5-ec95f3093fc9,ok
3dffedf3-9111-428f-927c-765f11f35c9b,ok
fcc73ca1-a805-4392-ac34-07a267643ba9,ok
72018adb-dbd7-4008-873e-78da07e9340f,ok
27a22926-1f97-43f0-ac72-6af13f341d31,ok
838d929f-13be-4898-887e-b3ab91a0307a,ok
f3fc9bce-bc6c-4886-a31a-4fe5b3e90821,ok
697b7d44-0896-4cc5-b36c-8ed22bddd20b,ok
231eb38f-554a-47c8-993e-d94893bdbb96,ok
33866e22-1a6c-41e2-8c49-4a80fdead09d,ok
f9f960a9-f82d-4352-beab-8929c15f79db,ok
d40f9fcc-f3fa-43a9-ae8e-49d5e16694f4,ok
3a0e1d27-649a-4eb2-8ea5-27859a5fcb99,ok
8a9e7c0c-db51-43ee-9b25-e3d62c29dcc9,ok
6e7cc58e-78c6-44f8-9a3d-9862c1720a58,ok
f7cb799d-4093-4ab8-bee1-dd41bc1884d8,ok
7453bf46-b167-48b1-aca4-1d1dd9626ae8,ok
2d90a7ab-cccf-408b-8f82-cbdf0954aa13,ok
4b0ec34e-64dd-492b-bbe8-a1e9dcbbb95f,ok
7ca4f637-f4c6-497e-ab80-1e32526c0fbd,ok
cef783ce-e517-4b52-85af-7873d01050db,ok
b0fbbaa8-e73b-409d-aa87-c6588b66710b,ok
4098b88e-f566-4757-8f96-c76c7479f115,ok
01410a86-cefb-4771-ae6b-d0de545bc05e,ok
12a8529e-fd00-43dc-9db6-29d0ac0cc762,ok
c848cacc-5cf4-47b2-bc66-b570f380e07c,ok
449291dc-c695-4b24-9a6f-4ab1b925a5e3,ok
eca0582d-1d67-45d1-8093-0ed93756d9e3,ok
76c8e254-f8f4-479a-8d5a-720c981a0c02,ok
1f29af5f-3322-49e3-817c-28dc81570ac9,ok
c37bb974-1cbb-4176-9c3e-cec28158a0d6,ok
554a9f11-d820-4726-832f-3c717a20e5ff,ok
6cc5210a-6f10-468d-b0f2-55cbb4558707,ok
664bffef-217a-4f97-818f-03859f3b0ffd,ok
9a34eb22-f91b-4de5-a08b-a69769d12cd4,ok
5ec492fa-2708-4d95-9619-9e3db6138e5d,ok
d6de3a6c-828f-4418-986f-ac427e5153e2,ok
254dfa34-f8fe-4a91-96ec-9e0b602326bd,ok
13c56b9c-0d91-469f-b1eb-cf877ad507d3,ok
ec0593ec-ddf9-4953-b137-c1d7cc11269a,ok
c5f7b4b2-194d-4848-ad34-e3b8f8378042,ok
f318b233-e7c9-4f42-8228-33a7539d7ce2,ok
b2daede5-c9ce-4202-a85f-60782b8d19ae,ok
77ae9531-2af5-458c-850b-4323f1bef1b1,ok
27934185-da77-4731-81e1-68a8f422f11d,ok
5fea20fa-8c81-4236-a47b-0b678456b024,ok
6e748e56-a0b7-45fd-95f8-1e117afcb059,ok
ec3bced3-b8d3-4efa-9531-32c363bdd5c2,ok
b92b9f5d-03ea-401a-b257-4046d51c399f,ok
35d991eb-cc98-4435-a78d-2d4a76a1688a,ok
af868060-51a9-439e-aebd-1915ad63369d,ok
18ab8ee0-901c-41d2-a716-f49239fcb5de,ok
f5d0fcdc-2cfe-4cd2-910b-50e7cc448fc8,ok
0bead935-b0e5-42d2-8f24-4a931f0a885b,ok
f0942114-47c4-4468-b25f-720e4129d7ca,ok
4bb140f8-7985-4b2a-9d70-7797c359e056,ok
c4cb2b1b-e7ea-480f-b55e-d4546553f3b0,ok
620a890f-7bee-40fb-bf50-1ea113fed446,ok
66d7ce3f-86c1-457d-a5e2-395bfa507e6e,ok
850d83ed-d4a4-4aee-8ba1-9dd048d534fc,ok
d93145e8-cd43-458b-a39f-4ddf0fdd7976,ok
b2a0cf61-00a4-4ba8-86fb-9dd933893e1d,ok
385839d6-4716-4e5b-a65c-357d81d8f9e2,ok
6e3ac663-11d6-4d87-8a70-cf9ed229d14f,ok
39a19632-3919-4341-9ea0-adf3fab1e669,ok
a7666687-ee6b-4a0c-88c7-8507242c3ba2,ok
c05f62a3-aeae-41d0-a058-da49770a8891,ok
f14f080f-65dc-4088-8dc7-4baa29ba9ab2,ok
7f191c8e-0d7d-4a71-a14a-81f5e1f59ad9,ok
2fde8115-5133-42e4-b85d-e44b17751f02,ok
08c5eb71-7a47-4205-b4d4-3b65705184a8,ok
0e8a7fe7-b80f-4f6a-8744-01001e611bc5,ok
6d931e56-9d21-4028-9191-6f0c08e8d5c5,ok
cdc921e7-6cf9-4cdf-b8e9-11e1ebd817a3,ok
7322ed2b-ab8e-4dd1-8b98-2693b8cb96b6,ok
63ec52a5-6a8f-4e71-be15-ea45c26c611a,ok
cc4fbd5f-3735-487c-a0d4-943d469309af,ok
9c9786b9-cca6-46de-9826-01d3fb787a8b,ok
86b7ef4d-c8d7-45bd-a5c8-dcc95f7cbe63,ok
cdff8479-7d1c-416f-9584-ed2e12f65e83,ok
668382aa-965e-417b-a268-d17285acaae5,ok
823755cc-9c7b-4b35-a292-e527eb20c059,ok
6f432496-86d6-464b-be8a-65c4f1d4868e,ok
7c9ba782-79ae-4401-b3f6-0b0c43533a92,ok
483a681e-84c1-4270-8638-3bfd2a3dcb0d,ok
9f345a8b-5166-465a-bda5-3ba424e6a394,ok
2b6621e4-4e05-473e-b31a-7a5a9370bf40,ok
11869078-2c6c-43d3-98f8-f7430bcab74d,ok
d3bbf674-d2f3-4cc0-97f2-e965dfe9269d,ok
a6901031-772b-411c-858a-8b665d6e2d3b,ok
88192408-2ff3-4c2f-96b8-9e3b93fa2cc0,ok
3fc68476-e73c-414e-a6ec-27b25c293c3d,ok
31983054-ec05-48ed-a2f2-2a532a121557,ok
6b7b12cb-dddb-4bda-bcf1-fa994b46d287,ok
87b20338-0841-4140-b337-4f370451f2fd,ok
e5b6439b-d2a1-43d7-9b65-800f36dd30dd,ok
8d5a4a6f-734c-4809-83fa-8789aadd4f67,ok
4f995c00-f903-4e52-89c7-ad6c4b8f2d3c,ok
2cc519c8-78d7-49d3-a580-e7174f9e3b11,ok
2f6539f3-5dab-452c-8a44-bd531b17430b,ok
d45f57f0-eca7-4752-a1d3-f282bf8e14aa,ok
292db6e2-4042-4960-97a2-ab259a53154a,ok
cdd2367f-33e3-4536-849e-da6d203258b8,ok
390626d9-7aa8-4735-9416-c671c4291c2d,ok
b3b2175d-5184-43b1-9a8e-41a61e5d87ec,ok
3f9b6e15-8a50-402f-bb7f-5ed81598a9e8,ok
3fb49768-db83-4fdf-9fd3-3069975177c4,ok
c41261bf-7638-4c82-90fc-4f658f3b169e,ok
de89826d-24dc-4ea7-b379-6a63caf1b820,ok
5d9f590c-6519-4ac1-94fd-c2e80ad7a83b,ok
eb8ae616-190a-48c3-970b-d6e0b80356de,ok
2b73783f-7a3b-4c33-ab4a-d9a76e57baa9,ok
fc46eb5d-14e6-43a8-9995-c52bbac1aaa0,ok
858a2bd1-0697-4a2d-a582-0c5d1df91396,ok
54e1a209-0890-4b57-8501-7492d91910f8,ok
29dd6b50-dfda-4a58-8778-6e0d13e261fe,ok
30aaebfb-cc75-45fd-a40a-073f151d9a53,ok
4ba5e06e-7f50-4a6e-b0a7-c594ba970448,ok
bc7b744d-b10f-4023-9c60-044bf150099c,ok
2b5646f2-3fed-4539-a690-ed9b1b378623,ok
49e20600-d09c-4b82-a2bd-584115811d51,ok
3edb14fd-1ae1-4878-b715-2a173683873a,ok
b5915a5c-8fc9-42d2-b45f-1e1186492780,ok
31468cf2-da84-418b-bf73-23e5a128679d,ok
c9cc2d01-67cd-4514-97d4-395955e06352,ok
4a33e692-2a73-4584-9e89-92ecb34bf8dc,ok
9754b654-45f1-4ed7-9f84-f161f74774b1,ok
2bd33839-12c9-4561-90da-9e59fb10911a,ok
80a0316d-fe7d-447e-97f8-f42f0f68760c,ok
1d41eaad-db24-403d-a32c-7877e95f8bf0,ok
ba7d5011-2729-42d5-827c-d0d732ef8ea7,ok
18aac2cb-4fb7-49b7-8533-c17ee26ebfc8,ok
92697bf6-ba16-4434-ba31-645125ed18f5,ok
8b16adb0-5571-4d80-bedb-1fac53ac51e6,ok
d0ac42b7-dfe7-458f-93a0-8e290f1d6428,ok
4d673c52-653f-447e-b05b-01ca6f1837c1,ok
a8972ad7-f363-49b9-a96c-fe8cbe51a6ed,ok
41aa6ba1-dd29-4087-903f-85cc8218f092,ok
5e687e46-7f93-430c-a261-4c66b8dfde62,ok
21246ef3-927d-4f62-a57e-89236c137aae,ok
131ed91b-c8c5-48da-9687-562801b3ddea,ok
043241b7-5773-43fc-9173-7dfcbce39e08,ok
8e4a62d7-2ff2-4fb3-be43-4a2593454b1b,ok
bbd3be7a-a716-4d72-a296-0a99e8276a17,ok
b1e9d58f-1baa-4cd5-80ff-74f4a222f45c,ok
dfcb9def-46b4-487d-8f81-852eb0c3d1be,ok
8d6f819f-c449-4cb6-b5f2-6b3c69f276dc,ok
b7e4d073-9e7f-4f3d-ad95-9c729c2dc52e,ok
709d9e97-21a2-4bab-84bb-f1f929bb30d3,ok
19bfdd28-9e1d-40ea-b406-860201d3d315,ok
776ca1bd-ea40-4014-866b-094007432e37,ok
6c01684b-8aec-476b-ad76-cbe57dd4aa8a,ok
46ae453b-8c76-4f6b-b3aa-ba6e00635cb7,ok
75ff236f-1862-436f-9ccb-16f9ec2459af,ok
caccfb14-ebf0-4532-b706-760bfdbcca76,ok
ed42f5de-4e87-4447-9c1e-a19a67d0d29f,ok
48cee5ab-7f5e-4a75-bbea-d8c312fae9e1,ok
6e5ca16e-62b1-4a87-82e4-74909c16d02f,ok
65a090f4-bc0b-44bf-88e2-51ad1d02c47d,ok
b49fad57-5bd2-4aae-b6ea-47e5258d4ae1,ok
51003128-f38c-4fdb-8082-3afd93bbc00f,ok
9e6bc8e3-812e-416f-8e0d-6279cd3dfc06,ok
dbb5e8c9-6313-49f1-ab02-29c57e1ded1c,ok
6a7ab425-c196-4f92-9678-7f1899dcad72,ok
9df625eb-3fe5-40f5-934a-9b489e13e970,ok
1f22be1f-d010-4d57-b8d3-1941960ae3f4,ok
1465a75c-bed2-407e-8f07-3ca1ce0c616a,ok
600f500f-362a-471a-b0b7-6690598861f1,ok
192f1287-0417-464c-a9f2-9b7d8956549b,ok
b4ef0da1-311b-4c75-b620-f9891a795e8b,ok
6914870f-9c77-4380-9b43-45bc56688db5,ok
f8b0530d-248f-4f88-8367-ccc85bb7c4e4,ok
7cd9ae54-2f96-4f54-8354-0e0147d18532,ok
e2baa07d-44df-480d-bcd2-7458c2e6d7fc,ok
12faa93d-42b3-4a51-bec5-65eec6ea0ee5,ok
5f69c8cf-9528-44d3-8e4f-e8d176d55f58,ok
593d43ee-7822-4b6b-8f0a-9a8d561d8450,ok
00cf72f3-f8f7-485c-a611-c70329d4338e,ok
3b2636b4-ee02-48f3-aa0c-87ecc7dbd778,ok
b7ad8fdc-a156-4cba-8f8b-30dafd59285e,ok
246de6c2-d92f-4b0a-a8ec-3f708f554968,ok
79b4cbda-d67d-48f0-b839-3fd3d5239291,ok
a688171e-2343-4724-9adc-d70b8034e679,ok
76d185d6-ba8e-41a6-b4eb-76911c58561f,ok
c6f1418e-29f8-4a62-8642-7c9acb67268a,ok
b7421cca-fc1d-4035-ad5c-2782851d93b9,ok
8d802124-bf45-4d45-b01c-a1d02b3667b6,ok
e44bb57f-ca07-4e8a-907b-4c336ab2bf9f,ok
637c99e9-107b-4683-b5e0-936b3428df5d,ok
aa88d476-907a-46a1-9165-7e79a4e20796,ok
f1af95a6-c2b9-4ca1-8280-5e1f4183fd86,ok
737160d0-2424-45b0-bb76-a1f8d7716448,ok
0b0b9baa-a9c1-48f6-a646-a9248ce27a25,ok
4469c346-8bdc-45d5-8f3a-3a8b5ac0d58d,ok
e3e7613d-c259-4bfe-a7ce-36dfca375e7a,ok
5831414f-3c2a-4985-9934-d09c02cd59c8,ok
8db0c4dd-4973-4de6-b8e8-0a5c90a30adb,ok
adb6c88d-9687-44fb-9751-1cb20990ead3,ok
9ad1e5fc-28d2-4483-992d-23abcad7ba6c,ok
1ad6119d-6316-4927-a9a9-742e72b42d8c,ok
cf424d8f-131f-4730-9330-5852f673fb3c,ok
23f66612-18ca-4aa2-92b3-7b4d29f91bad,ok
1d611fce-2f8c-47a0-b0cd-fd9925070951,ok
245191a0-c34a-46ad-b99b-9622746d1d7f,ok
6dc0c552-f895-4f27-b99b-0e69671a9de3,ok
722b359c-39dd-4e45-bbb9-42e82177dc6b,ok
55bdb5e9-9142-45fd-9abf-54445c2e8655,ok
7e1891b4-960f-45fa-a0b1-6630bbdd0dfa,ok
db4aae6b-13dc-453e-bf3e-407c4774934f,ok
92f644a5-468e-4ab5-9bf4-50e35c6b99d0,ok
0550a6c8-0711-46b2-be7c-aad9fdf411ba,ok
3d12b496-e2a6-4650-b28d-55fcec71cee7,ok
68528354-79a3-45b5-b23e-4f0aef752af7,ok
350c1162-2dcf-4edc-bef5-e0c000abc659,ok
eb82fe7d-d005-4518-b99e-266a968ad539,ok
cdc0c638-8507-437c-ad36-30dac18c472d,ok
9186e409-39e9-49a4-95fd-833f08760114,ok
44089e1f-81b1-4e86-ba88-bd885f759c6a,ok
2cb503e4-64ca-4455-80e9-197c6ccdd56d,ok
086b8cb7-4a6f-4772-bb0a-d87a0de29460,ok
a80eb449-94eb-4ae4-8130-9ce6b7f082c0,ok
c4a6fdbc-8934-49d6-b914-bf112150a6e8,ok
a6b9c41b-66aa-454d-a3eb-7134636564be,ok
d446ea29-3e52-4541-8437-4d898defa45c,ok
5a339ea0-1f93-4683-a161-06fb79b5c57e,ok
60b8a155-892b-49f4-8119-80b66cd9fb59,ok
be1135d4-f2d1-418f-86dd-39f73f2499d8,ok
519f6c35-9390-43db-8394-85f72ed7b1a2,ok
db9f3c52-531f-4094-83be-df91176b0676,ok
2e85833d-5880-458a-a020-92de28eb2b71,ok
b2d12a61-3af4-488c-9751-c90f65f5ede2,ok
fa7c7e85-2766-48b0-9087-5fb076f56dea,ok
84890d25-ab12-4520-844d-91feeeacb6da,ok
ad59e4f6-270a-40cd-808c-23359ccce197,ok
01082cd1-8580-4328-82de-df196daef998,ok
bb7e83e3-6f93-4ec1-9574-d38114a54649,ok
c01d6288-f770-4fc6-8899-1ab6dbbd0960,ok
5d139d24-d4e0-4213-a373-55b093c441b2,ok
b95f7397-873c-4c27-ad9f-a40f0748733c,ok
5afb4db1-f766-46e3-b290-c396a1e54a2d,ok
58a5891a-90f3-4785-9369-1049c2ab081d,ok
c316e7da-0c2e-4732-b634-17c3e3b51101,ok
82020698-7787-4b0d-9126-f60ad25b9466,ok
fc5a83fc-0b74-49ba-b1dc-492477b8fc96,ok
336f0b2f-4ed9-473d-9bb9-a183ca048bce,ok
8975a847-1761-48e6-a3a0-8d1c594c9db8,ok
e905994d-3a1e-4036-a602-abc6e8b5298e,ok
9172160e-65cc-4218-a14d-5aee4394e7e6,ok
0bc86be3-2844-432b-bf9b-4b50abe5e67f,ok
21f5c7e4-fdf9-4b25-beac-308e29ccdb46,ok
1e4adb06-4476-4834-8e4e-ce11d3eb6a4c,ok
f3548ff3-c2b0-4cf2-b27b-a304f05324b0,ok
9ca55fb1-4099-4d17-942a-9cbb8d960493,ok
46dee1b2-d69d-4cbe-bb5a-7c989e927a51,ok
9336729d-5c9e-4fba-9621-d766708136ef,ok
04b28b78-bded-4f4d-864d-33f44f6c44ae,ok
a4a4d4fa-8c8c-45e9-945c-dfb8057a6c03,ok
45e27d28-e715-45a4-be7e-d13b73f33f92,ok
42dc406f-61a6-4edc-b5c7-71976d1fb576,ok
9fc5720c-74bb-44bf-99ff-3eeeb09af090,ok
f1e6c690-c5d3-4eab-ba99-b3ec7628ccb0,ok
4044412c-b9d8-4184-a720-48769147e4ff,ok
8c9592ed-090e-48e9-8198-66cd3e91b201,ok
96166f08-4c9b-4e94-a01a-9339657d79d2,ok
c339d14a-cdd3-4dcf-9c7d-76cb7d5fa81c,ok
8dfda89c-bbe0-41f7-81b7-edd46b74ea6b,ok
2a4c0519-e840-43fb-afc1-157c795ae130,ok
1e8935bb-4648-42e2-91ee-d826cc1f28fc,ok
b2d39f0c-250d-4d98-b1a2-28ee2dcd6fcd,ok
75dd02d3-9d96-4730-8b29-e47c688a8228,ok
3379b691-19b9-4a5d-b982-ecdefea96ca7,ok
e3f1798e-7886-413f-8534-26fcf1837cc8,ok
4c3344fe-d892-447b-8187-d2a2dd46126b,ok
00bc451b-a75d-4d5c-ad59-743c78933dcc,ok
44223ba5-d9d0-40fb-876b-51afb42bf0a8,ok
c8468ca7-3fcc-438a-9822-4913b8260c0e,ok
edd19e19-a600-4663-87a9-4db552b5672e,ok
4689a8cc-f857-4b5b-b713-e29ca2cac920,ok
e6ead9b7-3dc5-4e95-ab0a-7441f202917a,ok
2cf46d9c-bcee-4c25-8d0b-ce6780b376b2,ok
80b72c6d-c279-4c98-a0d9-9dd16e29e1d6,ok
459b1dbc-cf6e-4f90-8f68-470f049e2a1c,ok
f33cbc71-3fc2-4f94-a146-3e3a3e65cd7f,ok
b5322342-0e71-4409-a948-8be4d1b81dab,ok
1041dc55-721c-45cf-8931-300017ce55d5,ok
a79576cd-c920-4e6c-be28-844b7a6348bf,ok
82e08766-55dc-4e27-9527-12cde9af298b,ok
1b3f23ce-59d9-4cc1-bfd5-dad5866e359b,ok
afa51eb1-ea98-4872-a2d6-a7d4ac7149c5,ok
784db1d2-dace-461c-b045-afc625c52225,ok
0a8a0068-cbe2-4bdf-8b94-e010cf2572c4,ok
b4441d97-0764-4e02-b930-05ce67936aac,ok
4b285380-5ecf-4d5b-b306-dbea34b39114,ok
b23db27d-382d-4c8e-a670-703157445abe,ok
20d0c415-0589-4945-812e-1d87c5cc2615,ok
3dca5ba1-3a8f-4300-a825-efb70845d2e7,ok
cdb5eaa6-3d38-4347-b7d6-d29ee8b40bad,ok
98e8c8ff-6963-49d5-b7b1-27572e7be933,ok
93b36ed0-3311-4f3a-a090-185b23459a54,ok
ae7c0799-ad6a-4ce6-a2e3-c6d806fcb883,ok
bfb5cd90-b8bc-40de-8701-d358bceb52a6,ok
9f298a84-690d-4d00-a12e-f6634c7d46b0,ok
0ab37701-38d4-4ae5-a845-6dc0f8283fad,ok
c91304bc-b522-4c64-a3ac-36dd82833d27,ok
ce73734e-2bc3-4ac3-b9ba-2d87a66ed826,ok
7e5bbacb-f23a-494a-a517-722dc10e0532,ok
511eb169-9f86-4ce8-bd81-38f911db951f,ok
17960128-6683-4c6d-be67-52e52717bb03,ok
3af0f744-6455-48b6-949e-1c6bc7d11e4a,ok
e2f380d2-97e7-43a7-b25b-ecc8884d0610,ok
8f4b524e-bf5a-4540-b422-eb308ad3d8e1,ok
5932651e-0a46-4c1e-920a-a220c5079931,ok
a2099aa1-d9c0-4247-87fe-86ee168bdf69,ok
3a9d98d8-1906-4ade-9d24-ad57a39d7c93,ok
6a90f2f8-3e78-48f7-92ad-4c38585c4984,ok
562f4003-4e11-4150-8433-03f384aa804e,ok
262dcb38-27c3-4460-a240-6215528ddd87,ok
89985c18-5841-4cc6-b0f8-e1850a18d2f6,ok
a2b4a401-e571-4b82-8a37-389438ebbffb,ok
5c17b3b7-3a97-4721-8168-192c568f4310,ok
3581f309-13dd-4476-a4ea-493ff01a9ca4,ok
3749c81e-2b89-4721-a9be-0702c74162e7,ok
3bbf4e5a-1ff9-4e1d-b147-c43f808a23d1,ok
03cbab4c-30d5-4997-89a3-b097bab3afcb,ok
784db910-1fe7-431d-8b60-8b82ce57e380,ok
5b26adb4-2071-4b6c-b36c-41447580e1d7,ok
d6fb779f-34ac-45de-b80a-28c24ccfdc15,ok
8a65361b-0096-43e4-827e-b3a084f9967d,ok
65ad5e28-8fdc-40b7-98e4-fdb2ec1adf5e,ok
697e16d7-fb6a-49be-8f00-24783056f352,ok
e892c96f-1930-48dd-bb09-7a6030271b63,ok
5f0af13d-d523-4f13-a0cf-56b30836e6d1,ok
a93d00e7-ea4c-41bd-800f-284a6b6f3476,ok
00cea1d8-8a77-4607-a213-5e597b4dd2d8,ok
d463cb41-6cb3-4a84-8e9c-0b2efc653170,ok
13e4d2da-449f-48c1-beb6-ce7bae34135b,ok
7eb79854-67d3-4329-8fe8-9cd10a3860f7,ok
2bd352f2-4000-4e9d-9c27-873ee82483e8,ok
5d35a2ea-5272-480f-8f99-c91b97449279,ok
415cb352-b124-4820-8fd7-e7e10ca3268a,ok
a5a95d73-e178-4bfd-85fe-40eeaa3e2151,ok
40339294-6f69-4dea-8b46-9000efc0fcbe,ok
80792e40-3969-4c4f-974b-3d911385635c,ok
36ed0140-d028-4a10-881b-bca85ec18929,ok
7c83fca3-54bf-4c75-b6e8-b613855665e5,ok
2e0ca83d-a55b-4f8b-93e9-87565592eb91,ok
888d6f08-f405-4596-9367-124e4dbd14bd,ok
f16749b9-2b90-46d6-9484-4018e49f36df,ok
0def5971-1a7b-4c0b-9ab6-82be65a5a098,ok
4f7c3e26-94b7-4d3c-9808-8c50fb09c6ba,ok
f285837f-b7c7-404b-aeaf-78048ac3bbef,ok
af9e861d-9f14-488b-b32d-76ff3e177daf,ok
33bdeda8-0575-4516-8af2-99be42ce0ab1,ok
1192ee19-5a2a-4ea4-86e6-0a82a8a6e98e,ok
72689022-56b1-438a-a129-faea37618b0b,ok
539ddb8d-11ce-4fa1-a1a8-f9f05a897d73,ok
a9059b64-27ae-4df1-957d-c17f8d3fc105,ok
ed1e70cd-bee1-4c56-83ab-bc6361847f35,ok
10e02d57-1858-438e-8a83-7fcfd5ca189e,ok
f9c1c36d-9f64-4d67-a279-88b941f6b9f3,ok
9248c0bd-6df9-42d0-a891-79b3c02b65e7,ok
9299ec80-d7e8-410e-9e7b-4b3b1f0f9b6b,ok
08ef4cee-d479-4b09-b520-be5ba7cd06d5,ok
dc07e868-2181-42bc-b500-014851e65710,ok
b2663565-c4c5-4717-90d3-c53b230e4c94,ok
e46ef3b8-5ac8-45e8-9194-800fb33b3cd7,ok
a15e4aab-779c-409f-a5bb-d943af9f7cba,ok
9bacecec-764c-49d8-b2d9-9ad1b9dd9911,ok
1d992007-0cfc-4092-8749-2f761369618b,ok
da1af182-6111-41ce-83c3-e085a5589df3,ok
dd79ab30-d615-4d07-bed8-02f02e511e71,ok
61cbd2be-4357-4d3e-962b-aa2106b581a1,ok
3b904aaf-39b6-4ef9-b488-6d63eb3b28c4,ok
5873930e-31a4-4732-a8e1-0c1f91132b50,ok
787e2a22-f52c-4c6f-b035-2e225ab19af8,ok
391685ef-05c6-41e9-983e-6763b9de0cf1,ok
10d0a41c-0606-4835-89e0-b3cb1b022134,ok
16f58bba-58cc-4a9b-a9a5-e8c5bf53e08f,ok
f132f7b4-53e3-4af0-989a-76d11c13ca92,ok
77c20be4-f795-43ed-af59-0db8b11d7578,ok
d924b8c2-9882-47cb-af97-3f93ac12900b,ok
d1cded20-d4ec-4f94-8c94-6539848a3b03,ok
5d8776fa-99b1-4871-b9fd-6276305decbf,ok
a37f015d-ff4c-4d1d-a4c6-d3d4acc72b4d,ok
135b08c8-1d22-487f-9dcf-389165d6430d,ok
694e3b5b-638a-44c5-9e57-b4dc54883cd6,ok
b4e6d8eb-8598-489b-b019-a7292f3655bc,ok
139151f1-d6b6-4307-98fe-a88b31e2fabd,ok
2b3eb539-fcb0-41b3-8a1a-98436ba9a264,ok
4f8d3faa-7c3f-4feb-9fd5-a27ec701e420,ok
bcbe9798-8823-48d4-8d2c-576c1186ae29,ok
06757fb9-c6c0-4dfb-b088-3efd0e67172f,ok
872e6290-af74-49e6-9ed2-be8182f7cb44,ok
fb5bd5d7-97f8-4e73-9063-7463cd9b004d,ok
15077676-c2d0-476e-8465-fde093168b46,ok
38e9d836-dc53-4897-9d8d-4f979efe3aa9,ok
ba60e0f6-71d2-4433-ba80-ca354974717e,ok
9283898e-d930-4fc3-b376-e28427544191,ok
51739514-a096-4782-bc5c-4b16c5c1b9d5,ok
cbd20953-41cf-4ef2-9e7d-5300f1b1efcd,ok
74646441-a6a3-40f1-9941-c1bface6de45,ok
2a13816a-06ed-41f9-b383-3d75f2446201,ok
dc1efbb2-64f3-4638-afff-adae6ded4385,ok
fa9d4fd6-e1a7-42db-b0d0-e6257b9b50d1,ok
85310c5a-bdca-4a3c-bf21-841527cca061,ok
bc2644f0-63ba-435c-894e-1d07d457d9d1,ok
bfb6406f-1174-4c48-9caa-bf4e7f2af196,ok
9d27563b-e2c6-4b1e-9eaa-4d06a0ecb9c9,ok
163ae9ec-c08d-43a5-8028-c44cf24292d9,ok
af8b1a54-4f49-4c04-9840-c1bea6199c94,ok
ab0cb58c-7ac2-46e9-bcda-b458edab4f48,ok
8dec5cad-5425-4831-ab11-91dfcfde284d,ok
cdba86e7-6ae4-4205-bc2f-112069f5cdba,ok
6556622b-177d-4310-82d0-e886ffd1aa81,ok
3a264d0c-cb2b-471a-9059-adea6733a922,ok
dd157fc7-75d1-4014-aa93-f85c24989087,ok
1b6be4f7-f3f4-444b-8ad2-a56760c97f44,ok
a3fffa9a-b97b-4da3-92d8-03a4603d7e8f,ok
386e822e-1c1d-4db5-befb-68a653852358,ok
6676fba9-ff47-4e29-84bb-f0f0013e9212,ok
1a3d0ec9-5849-4b0c-9772-657ea8b7b7ee,ok
b8b9dc91-77c4-4ad0-b690-553db012321f,ok
7085d4b4-8c18-449b-bc98-39c288294a08,ok
1f97f32d-ff77-4d89-a278-0fe0dda7c51e,ok
30ecf1fc-c9fa-4cc2-b53c-66de233de4ca,ok
f977d3eb-e84e-4b94-88f7-fdba993eb0a1,ok
6c6fbf7e-fe35-4b1e-99ee-2c77218dc1b5,ok
648eb5b9-486a-4c3b-81ac-18f80e534284,ok
eb47538f-d077-4b46-ba33-92f4cc2a0a65,ok
ffd5867d-3903-4291-9563-1c04cba4f8a4,ok
77c362f2-b806-4fdf-b29d-605916c15e12,ok
60faa2ec-dfa1-463c-8229-b864c9125f53,ok
4d242551-1a60-4566-a85b-da28a59d86f3,ok
778ba940-d5cb-4acd-b925-cb9ca252c987,ok
58fb729b-6f6a-4cd5-bad9-ac58953c4f76,ok
f18d6f9e-09b9-48e4-838c-f2b9042cb150,ok
d31c9670-f2c2-45de-8f6e-4daaa69f8c5b,ok
ff6d04d3-0abc-49ac-bcb8-c81fc1d5cd3c,ok
dc983ac6-3f70-4915-91be-0061b35f269d,ok
9ea8ffe4-c162-4538-96c4-addcb3ce3aec,ok
5408ed17-3149-4209-94f7-b7bb78d35452,ok
60cd01e1-8a13-4301-9c88-07e34177960b,ok
40a29b1e-bcf3-4707-bb24-9713b30dd391,ok
d575ada7-3db2-43b0-a721-94a20181737b,ok
e2cd877e-e509-4b5c-acec-f2977c7ba7f0,ok
db1e06bf-a6ac-4c83-8b3d-f41e39a62dfa,ok
d40d3eef-f2df-4c3c-8524-8806a678e878,ok
c446c33b-4359-4d7f-bdb6-4934abfae462,ok
c84b5e6b-5a12-4e07-9f35-651183006627,ok
fcbc7c99-a299-4759-b06b-44be5a4ba28b,ok
cfe2a31a-2a8d-4739-a798-fe6a0cd70296,ok
4321a365-82f6-437c-839c-4d7116b25ddc,ok
febed6bc-443c-43e2-9132-ed9cc05c2042,ok
5f4f58b7-e6ca-4163-b9bd-ae72676f2187,ok
09a2b672-8038-4972-a554-951d5815eec0,ok
dd4941c1-bffb-4e83-97b5-1007f0d1fa63,ok
37187497-8cf4-4205-8a3f-01f74176f903,ok
24513010-d239-4cb3-879c-6dc6da6fb2e7,ok
ec975fb1-281e-4241-80c9-10ee77a9bde1,ok
33737cec-1065-42b5-9bff-12b445dce9e5,ok
045d21bd-b650-4ad5-82da-3fba0d5dc8fa,ok
ba9637d5-b017-4324-85d8-38b62e9268f7,ok
6184e2ef-9be4-4d56-9ca5-b06ae08afd30,ok
ffdd0265-a7da-481f-8ecc-6e2405d10787,ok
987a2a95-4e30-49b4-8b29-79d5cac9491f,ok
f2105dc9-6c77-471b-9e41-dbe8799bdcfd,ok
fdac764f-3c61-47e5-b789-b8f966e2d976,ok
5bd68f1a-6bc5-43d4-a6ab-984916a9e644,ok
ce848357-9382-4e05-a6e4-b45f88e49686,ok
49f6cbd3-cf4e-43e8-b4e4-6e8844d25721,ok
aaf3372e-ef14-4131-ba4d-9756f1211e48,ok
ee2922a0-d9ee-48a4-a656-8c642275a7da,ok
6f70644f-c985-4834-89d7-1960da2fcf57,ok
a2575c2e-1941-47b3-935f-2ce3e3afa8a7,ok
86c7d4e6-3185-4518-ad3f-3924685d4f5e,ok
351b8f10-611f-45b6-a164-9924193638e0,ok
1a176a74-4848-4d01-86e8-09b9bece2e8d,ok
e9f2fec1-921a-48ad-8bf1-19e4fa928285,ok
21c18157-7b09-4969-b6f4-e2b21835eb25,ok
a9910999-56a6-45f4-8db5-b896cec2a891,ok
9e1f9112-c3c7-473a-a853-eb552d632525,ok
27586870-954c-40d4-81e2-dfa89a176295,ok
b9495ede-2e44-4ee8-95b4-fa171b326f57,ok
b13fe00c-983e-4ea9-bf32-4d909827576b,ok
2253eaf8-192e-4f24-a0fb-02a4de1d5a83,ok
aeaac2bf-986d-4152-81b6-dc3189c891cb,ok
7ef48140-2162-47ba-99d6-a387d8cc81c4,ok
a052e747-a459-4e7c-b1b6-a46097ec4027,ok
0f7fafb3-c12b-4c14-9927-cd2a700893c3,ok
4d2175ea-6f6e-4cfb-ac2b-648d9f3b9900,ok
98ef2d8b-5f3e-4858-af5f-ec9ad6d28c13,ok
a8fff345-ac51-4779-90b9-5124c10d9161,ok
c336a482-6cfc-4db5-9a3a-73b99a48132f,ok
9cbbe3f5-04dc-46bf-8ef8-dab39b17c72d,ok
2b314529-6022-47eb-b95e-95d276c408ff,ok
c8c52e7b-8c51-4a26-8a4f-ceb34273e174,ok
31a5d367-2af4-4289-85ca-fcc8b112cae1,ok
40f05df5-8d23-4861-872f-b20026a66721,ok
cb14da23-27c0-4038-b2cf-466c6ceb8aa5,ok
0aa7d78c-9fb3-48dc-921c-5e6d28ba4703,ok
71123aa8-3011-4073-960f-69b582f97dd4,ok
cef53f08-b3d7-4d64-bce1-f67f6bcc33c0,ok
8bca013b-4590-4296-a8b8-0fb2d3c32608,ok
42aec386-3bb0-4e41-9d9c-8f66db877a8c,ok
29c58f0c-06b4-47be-9122-b3a8a8de8c6e,ok
da511de8-aa2d-4be3-ae57-499233d2e00b,ok
26669297-d27a-42ed-a99f-fab71de4bd8a,ok
6b1cbd6b-e915-4f97-851e-54d01625b12c,ok
c4f33be8-c620-42ae-86ed-dce30499a76d,ok
5a7b7024-1181-41fc-b832-2cd269b72bc6,ok
86a9ee38-c077-41a5-967f-940b85787ec8,ok
5172b3db-c56f-43aa-98fe-e762ff018d00,ok
f952a75e-c4eb-4b50-bc35-1e810c47e009,ok
b2efd30b-eb63-4b9b-a822-25025a0bf8a9,ok
8421ffd0-c642-43d3-a445-c1100c7fe78b,ok
f08f88cd-16a7-4c10-8004-d01f88895c6d,ok
a43b8f24-6a26-45e9-9cbc-ebae1f74a02e,ok
dc1c729e-a76a-4e61-8033-951489d389d6,ok
c160929f-3861-4ce2-8c1d-18b45c11341a,ok
5c402350-2f18-48f7-b584-8edc70b07354,ok
f5459632-cb79-489d-9063-f49801e7a13e,ok
e4cdfedd-1fd3-4ed1-9692-ecbdc6955fef,ok
867d54e9-14bb-44c0-915f-9ced0efb4e46,ok
32d28ae7-ef9b-424a-8c26-835ed5223d7e,ok
ce528bbd-2b61-4667-8087-125118be483e,ok
6be2a1bc-d67f-49d1-841d-b3dde43c22c0,ok
8872ddf7-8c37-420b-9802-6026789efc7d,ok
bf506dc7-7c7d-425d-892a-86a86b032bed,ok
bdefe63d-c79b-420f-8407-ae8c98bba8e0,ok
a9501de1-a455-4637-85b6-45d6a2228542,ok
734efa59-05f8-49e9-8428-da6a2e360549,ok
b464ad22-e14a-490e-9b8a-60a2ec0e2559,ok
7dae1c09-3f31-421c-90a0-76d8951355d2,ok
b3a3548b-4cd2-4f65-92cf-9da3e0556a5a,ok
f15ec70f-c912-46c3-8301-33548c71ce35,ok
3ebeb2d0-a8de-4a16-8193-2dec8e36502b,ok
c7431700-e4ed-4981-9254-1ef33ae47746,ok
56461512-0e05-4965-a726-a16a05842790,ok
b504fbc2-434f-4ef6-80bd-de37c2209cdb,ok
3802b1ba-a6f5-45b5-b4ee-2a59e4518485,ok
ce396ee1-fc49-40ba-ab1f-782b9eb75114,ok
1a083fe3-133b-478e-a2f6-eb8092966707,ok
a65858af-0c23-49b5-86a1-f0796aae6440,ok
ef33ba4b-2df6-4b6e-8235-0849585b4f2f,ok
8aa1d4cd-586c-499d-b28d-b31ce47b10ad,ok
d2be2469-2818-4e9c-8ed5-fca511645c40,ok
5f81333e-3a3c-4209-825e-1839585b616c,ok
267bdef9-3821-478a-8043-8d65fee85aa9,ok
9ccb1ebe-a428-49ee-b178-bedec5ef5f38,ok
4e162b49-593d-408d-bee0-3cd0081ea7ea,ok
5798c586-c934-425c-b7c9-9fc9716a99e8,ok
0a1e9386-f693-42d0-a5dc-627a95fc251f,ok
9aa9dbbf-a40d-4ca0-a307-db4505f8f192,ok
3f59f256-80c9-4e6e-a69d-fa42a3d3652f,ok
6acbf11f-b2ec-45d7-ac79-11d529b82883,ok
65f6fddf-b74e-4e3c-9930-08a5a78de01f,ok
af56df40-6120-4232-b14e-8fb5d4b3ee2f,ok
8e0c6dd1-de2d-4a9a-9516-ac811a641e24,ok
2be49885-f8df-4744-bd37-844ac8e26895,ok
531e1437-6dc4-4316-80e9-8d9663c4ca23,ok
13856656-20b1-4e74-a8c9-c485075706b9,ok
7f417ae2-a219-40b6-8e45-f400899c7cc9,ok
09d496f2-a2b0-4920-8427-76ed6b43eccf,ok
bbcf294e-cb65-4805-b0e9-e741474008fe,ok
efa479b0-a925-4037-bcf7-37672100e7a5,ok
65ab7d42-f0b5-453f-ac64-7eaa9882fe61,ok
5b9ab9cb-eded-4951-ac5d-446b9fda280c,ok
0a9e381e-f6dc-45b3-b97d-07ae755bfae0,ok
2f34b1d9-44b4-4380-99ee-e0d2b55b7de4,ok
390220a6-1e51-4712-9891-f602107f7370,ok
c631392f-5b64-426f-978e-b143ef48e388,ok
fee4b8f5-42fb-4839-98c6-a5484f3c1e1a,ok
235f4cb1-f0e1-49d1-93fa-e6e363f9b15e,ok
a03aa49c-5c12-43af-83f8-c19ebf4f48d4,ok
eabbf40a-8596-4ead-9349-d806be4d9f78,ok
fcd5427c-6bc4-4918-84e1-cc6e47794afa,ok
f5d95b8f-fef2-4a6b-9ef2-39111268e1ef,ok
5c0a38cb-8a10-4c1d-a264-4028ed657191,ok
3dbe1186-f4a6-4715-a667-c40776c73bfe,ok
8ac10daa-da07-4205-b2be-a5270c8e7671,ok
581a4534-a815-418f-9d3b-d61b0501d91d,ok
f3a51647-594f-43d7-a552-c94dc0fd7872,ok
e6def621-1948-4505-b123-0215a90b9f6e,ok
eab3e5d4-111f-4701-9623-ed0b6eb9c22c,ok
b5eb1bc0-41af-4f4e-a574-a9504c43d4a7,ok
431e6bbe-6b00-49ae-85ed-79ecedffe55a,ok
451a3735-f16d-4348-bab9-77f95753e2fc,ok
2ec0fa16-dfa9-4120-95f8-2f9c59e575ba,ok
52c6e99c-68ce-456d-a7bc-5c01cf1ef68b,ok
75daeddf-8aac-461e-8dbb-dea1762eb090,ok
9d951605-a2d5-4d6b-b243-7ec90c1f09b1,ok
d3e15625-ce83-44a4-a8dc-053e87a0afba,ok
fdc11b1c-17f2-41a9-bb6d-82a863a96d46,ok
231f1d05-f085-4ed1-aee2-cfcb9efdb83c,ok
b43c4f00-12c8-4d2d-b03e-d71d40040db0,ok
12a0354b-3123-4bb8-8aac-de208c7a6a7c,ok
4b3043f9-dc40-49df-800d-718692b15cbc,ok
1ce95f0b-e605-42ff-8ca2-13c0439e4658,ok
f883bfcb-e7e8-4c3e-bd6a-8bd71962b90a,ok
21a5ebc3-94f1-4957-9333-4a1f374bf251,ok
72b2fa57-b27d-419d-9645-d52ffe49cae0,ok
a6335550-926e-4828-8154-3791ce2b1c1e,ok
db18a1aa-7d38-4936-90c8-110a4a20e7fa,ok
7f24249e-6729-4dff-91de-dd90eea01d6c,ok
c0427fe8-91a7-40ea-a22d-04ae0d120a68,ok
a2312cea-53c3-4e45-81fa-81d5d386d334,ok
98fb215e-bf3c-429e-a1af-9e732c8b7fc3,ok
68b2b979-c4bf-46c6-9bd1-9615b06d2e85,ok
6249f7b5-0c75-4d8d-8c97-84c9dace9067,ok
339a434a-ba75-4e90-b3f2-8a714baeb4af,ok
ed9547fa-b7f6-4fc7-9f0a-ed6e680935d4,ok
147d1696-b4c1-4733-b3f5-d59ece886eab,ok
4ecdbe7b-bd08-4b56-9a28-1de40f2e2de3,ok
3d758140-abe0-4f6d-a74e-242269de5a40,ok
9bd8116d-00e2-44ba-8f7c-b82f8c34eb7a,ok
872face7-b6af-4e14-b71f-db809bf1450f,ok
11e7e36e-aa18-4cff-b755-683ddae49701,ok
2d3ee116-fcef-4a67-bd27-b1f98a24ad4c,ok
6806141e-b9a4-429a-a5e2-df3fa51555aa,ok
84d7414d-23cc-4ece-9fec-cd6481a3aa6a,ok
74b08680-c8cc-4041-8435-69cbd43d690c,ok
0e728f45-d515-412d-aa46-19e207eecfe4,ok
3202c7a6-833d-4bee-8fa0-7b625eb59985,ok
0c47bb3e-84a5-4680-8e43-d6164d73b36a,ok
cb2f5319-8106-400a-b33e-8086da86fb2a,ok
0b1ba194-bbf4-48c1-8d5a-4c924e59dcf7,ok
e52c9e67-5d3c-4b50-9234-d9f1c21e020c,ok
adb84a18-7a54-4082-83ee-4394c407dfe0,ok
7588aa9b-8a2e-407a-ad2f-bde5b64cc728,ok
e80ad090-8bd0-4b0e-88c5-a6e718eb0849,ok
59008c0d-32d9-4314-9a7c-c7bfd9b4302a,ok
6549eba8-1e57-4ca8-9327-12862a4e7e63,ok
60a01911-1c90-438b-8083-946b9982cf1c,ok
1fea65df-d182-45b7-9b72-e79435514c55,ok
ef4058e2-3df3-485e-aa6e-114ebebc0bed,ok
bf4f238b-314a-49f8-b222-045b82306e45,ok
5ac53406-c80c-43cc-a627-e9113a47285e,ok
66669472-ef80-4f84-9f4e-2c55d9813a70,ok
3148e99b-54c1-4e8a-86f3-4855892d5bed,ok
91ecbd5a-dff9-4dfe-8a94-f1dfd914cf1c,ok
ccedffca-7cf7-48d6-8a6a-bc4f5b600986,ok
7123a83a-48dd-4bed-9179-1959b7df6586,ok
060b1c95-6f79-4e79-8049-44ded3e573f0,ok
84e8fab3-312a-4b5c-9d30-6e044e6b6952,ok
1b69f28d-d9ee-4e93-9732-230666772d95,ok
112b5c78-7305-4fc3-b479-134ff6f40fdd,ok
8b0c86a5-d0ea-420c-813a-a4022bcd3351,ok
04cf66d8-afa4-4b41-92c9-7ed7f191d4a9,ok
2d39324d-9f9f-4fe6-880f-179d4415a290,ok
65e08530-cbcf-43c9-aa67-ed2e40d30b33,ok
2ae3560a-85b9-4f02-8457-8086533edc24,ok
a76fabfc-bde7-40b0-a386-7c609b4ce645,ok
6bb2518f-a2de-4182-9fb1-0fd8ee1fdf59,ok
5639efed-a213-4f20-b8a0-b183003be977,ok
0626034a-3e13-4ae6-bc91-4d62a880df37,ok
16dcea23-664c-42da-845e-6fed6f0801e9,ok
4f10d039-c0b3-4927-8b73-71513dae4aa8,ok
e905e4c1-01de-4259-882e-5790bbc67747,ok
8240573e-923a-4988-8173-0b73cd4148d7,ok
7e273c67-0225-4aab-bf3a-b919051c6899,ok
a563c56c-0c13-4dde-8bc3-34ba2f882051,ok
748d7841-42a5-48c5-882a-45359555bd54,ok
797d4284-eebd-410d-a9eb-f9b2e60d61cd,ok
37bad43f-07af-486d-8475-71542f3225ac,ok
3e2bc39a-5414-4332-b26d-b9b60933a043,ok
57dbb0ee-c2b2-4e8a-a8c2-dabba1a65e46,ok
ff61c644-1077-4776-bce3-4eafbbff87cf,ok
ee24a5d9-d32f-48d7-a423-89b3f8ee2d87,ok
641af322-442b-4055-bc16-5294a265eff5,ok
5a5e3ae8-5d2b-4feb-b1b9-476459523303,ok
44218ebe-f737-4cd3-817b-fb36a2b11cea,ok
2a5bee8e-36b1-4cb0-a255-77b658a0dfff,ok
171f89b6-1211-468c-aae8-2f0b614bc6d3,ok
f5ff4573-dced-400c-8e8a-4d8b4a665c28,ok
50d2f2b3-027d-47d3-ad61-fcb9ee54bd9f,ok
46726f86-de37-46bc-9610-6141c4825ccc,ok
1155adec-646c-4916-8499-d99f85f39252,ok
0e7e1653-faf0-4f56-9aa3-ae0d71882208,ok
69279116-16d0-4dec-896a-c66b7b0b1e0a,ok
f979451b-2e15-4a67-93dd-5d19e9f48298,ok
2287e0e0-4a9e-4f52-a524-84f65f0b5a4c,ok
63eba452-814b-4d52-a63e-d931fa0e3ef2,ok
513a09ff-fe95-4e1e-8fec-62731ecf4f12,ok
afa8b17c-f70a-406a-8912-37cf5e9734a6,ok
c9207881-ba1d-42ca-9ad7-e73d50028803,ok
10d6839d-cb64-402e-b601-19784b655739,ok
6de53995-4c2c-4fa9-a7de-1204ea089b4e,ok
46016aed-2317-42e3-a7aa-ac2a7958b442,ok
def82679-1b9c-44f9-bd30-c1f000b5c65c,ok
3ecf66eb-b775-41e6-b102-cdb158fd88ef,ok
0431b88c-7548-4ee5-8eca-e709c76cd42a,ok
e70a9d1f-c740-4e0b-aefa-da8fefb9ef4b,ok
a13a8989-06fd-409e-82d2-f8f3c2c8fbbc,ok
95fc9984-d487-458f-9fd3-f5c7ddfad8a5,ok
b8813041-5e7c-49c5-b759-9f87591e3bb5,ok
8ad3cc84-997c-4d65-83ee-310125d6494a,ok
e0f01442-eda3-4b12-b78b-30ca9bd9e9b7,ok
9cd13b59-f08f-4b7e-ae4e-4f79b6fb5b20,ok
ab9c0cbb-4076-423d-b715-251e85262f74,ok
0990d85a-ff56-4336-b939-8f637b761686,ok
173d52b2-1658-4f61-aa89-6d36cbcdca5e,ok
c9b06a5e-4503-4ba2-bfea-84bf68cd57e6,ok
31ccb26a-9538-43fd-b8f2-aed089507721,ok
045aaaeb-aaf6-4e5c-9b5d-b322e999ebc0,ok
952c468f-f812-4df5-b6ce-5e8896a1c070,ok
4ae7afb5-8719-4481-8aa8-98b2b6406602,ok
8c9eacbe-cf02-4c73-afc2-a0fac354419f,ok
525a3c4f-4e14-4d98-95dc-fbcc0e0886fe,ok
ac5ef98b-79a2-43f5-bd68-aef691a8b954,ok
ce70302e-e6a0-4975-ab18-0df818647007,ok
cdec4153-4fe4-4817-ac6e-9ea24c3c0486,ok
530337c9-cf54-456e-978b-32b01476657a,ok
a264aa2e-103b-41df-8bb2-675bc10cce79,ok
42db1809-7818-4d6a-bf6e-230907221ba2,ok
63a448bb-f66c-4559-8304-df4f6b2d0e52,ok
7f442fd7-86b5-425a-abe7-dfcff9dac414,ok
bf74b773-56a0-4261-a86f-606060b3c4e6,ok
bf8949b2-c6b4-4de5-80f9-88cd6e5db0e7,ok
04dc6890-97f1-41e7-9bd4-fb59ec7f31d9,ok
5e26c83c-38dd-485d-ba2b-bc21b201023b,ok
ec10046d-b313-434e-a461-2fcf2952bd90,ok
64490f98-8472-4737-aef2-d3669ed70d83,ok
bef8544c-b30c-4640-a7eb-2c00fb6946dd,ok
999cc47f-2a51-474e-ba9b-edb1c6a1bd10,ok
bd537d43-6d02-43fc-8965-6748257e6975,ok
c882eed8-4b45-41e7-bcd0-157b329ac72c,ok
f6761b41-6631-4475-81ce-2b04a81aa3fb,ok
6f20ef6a-e490-4f3f-9442-c8cad4441b01,ok
bfcaea57-a144-4e71-bc6b-83637273e806,ok
2f875001-333d-400d-ba5d-9f2b8c4ed21b,ok
0a3e0a6b-c6bd-4f12-8703-e8c715b4676b,ok
e5398838-b967-463c-870b-f37a4cdc0c79,ok
b53f1369-fca9-43d1-83f9-019137ee6db4,ok
7321be1b-dea9-4468-a042-18aa23dc77b7,ok
cba32ea6-9e92-4ed1-9e60-94d375863aff,ok
6dc474fc-4146-4e8c-a5af-77e858e07b43,ok
84cc5755-c49a-4ded-bccb-ed209980757a,ok
d03a1143-cd80-405a-a5fd-4cedeab263ba,ok
1b99eff6-5f87-446b-a9d1-b73c49b79e79,ok
dae2a25e-0d39-49d1-a911-56b411ccd8a5,ok
6c362478-4b32-4567-b647-55825e96c8cb,ok
f99695ca-3bbb-4091-9d89-c1748e271c71,ok
53fafd37-2602-4d38-8d22-aadeed1c0637,ok
1ea520c7-0010-48f9-b679-311f8259ebbf,ok
df4da3dd-4b49-4cf6-b772-5b567a3e1675,ok
0554fd15-e60b-4e60-9133-e2efb15c041f,ok
24d31b13-6e88-4913-a115-bc4ff5de5b1c,ok
54f41351-3a68-4131-9bd8-888572517360,ok
a1c4b691-295c-406d-b3ef-d12fdf6d6dc3,ok
063e8d17-b454-444f-aee9-c4f95f29e568,ok
ec8fc3d1-ecbf-4225-b271-06e9c0da7b7c,ok
f1c50d16-56c5-4b20-bcde-5270519dfb8f,ok
c6a00261-90c6-46a9-af77-15fc9d39a734,ok
11656054-90ba-4783-afae-0a2ae9b712c3,ok
e3ba01c5-445b-4288-83ea-3e60bd775343,ok
f5118916-6f09-4ec9-92f5-0cf659e9a450,ok
1247aafa-9d96-4053-915e-79352927bdcb,ok
30233bf3-65fb-4cd9-adc7-ec451ad66eed,ok
f6419bcb-813c-4646-875c-9ea65a341533,ok
d60cb78b-e5ac-46f4-ae96-d7fc9c5b76b2,ok
f38d8c30-2aea-4f7a-b795-0b2875d7dddd,ok
510a5776-5151-4f4b-9cd4-0862e672563b,ok
8eb4e9aa-f3a1-4ca4-a63d-06806ee5875f,ok
841e0a28-f572-4f5e-9f21-46574947d2b5,ok
1a65c6a5-fd4f-4599-83ce-cc8c1601b6cc,ok
8e003718-9d65-4fbc-ae02-4c405641131e,ok
09a54036-cb37-4a62-b161-4e0c598cba2a,ok
ed872f71-62d6-4fec-8877-ba1be8bd8dba,ok
42f4566a-d464-4723-8f2e-6f08ea483685,ok
37a5120e-c861-4b60-bd69-b8f6bfb0e115,ok
0ee10090-8108-4848-ac59-3d2f7c699d6f,ok
ed5340d2-339a-4fc3-a312-d1e7b6f3c262,ok
9b916b09-27d2-49ab-b4f2-64e032f8d900,ok
97af6d02-3095-4db0-8e1f-2e8bf4fce534,ok
1b69c77b-de8b-4e4a-96d4-ca5e0c2e94de,ok
274fe734-4e2d-4fe2-b2d4-553abc702281,ok
8e0630d6-b6ee-418b-bf80-b277504c9c64,ok
ae7a1ae1-43d5-4fee-8431-3cf6bcc0e69d,ok
2a62a459-7306-47fa-bbda-d95e474961e2,ok
7972cf6c-7862-4ed5-a131-0f6f5ea00596,ok
f86a2b17-55cb-43de-9fbe-070db9c000ff,ok
5b09e4ac-b18b-440f-aa2b-7b3501223bb0,ok
ed490d37-55b1-4cd2-8e0e-e5f39d72668f,ok
ec3deae7-ae50-4976-b913-36c1ade7032e,ok
68bb8b5a-abf5-44e0-b430-13ac25aaefff,ok
ae544de3-3d9c-4dea-b574-68a3822e234c,ok
d97bfda4-dc34-40c5-903f-32dbb105bbc4,ok
c62e86e2-ec17-4db9-8440-7a29e0960fa0,ok
3262dbab-0469-4132-811b-33eccfbaa745,ok
a207807b-97f3-4879-a3a2-0bf317a1497f,ok
afc14cbf-f7d0-45a8-b930-ea09cbe7ff23,ok
ab1a5763-0ded-4160-b868-cc36fca30811,ok
5affb49c-24f1-4d63-86be-87121bc17b3c,ok
ef6b4cc9-7cf9-4cc3-b70c-325926a05014,ok
d18724a2-c557-480b-b862-2f93f967319a,ok
046c85d2-da76-4ddf-8fbc-d1b09dc3fd59,ok
3710a2ce-33a5-401a-a082-713b70fb46cc,ok
e7c219ac-0105-4475-ab64-af27c4d83674,ok
bfed74ff-44e0-4709-a65b-2d3984068774,ok
d1a78fcc-059d-4346-ad9b-d51b7d2d0be6,ok
2b44a020-e365-4ace-a06f-eb5edb2f4170,ok
154b680f-5450-4371-acc1-15fa71c12ab8,ok
8e377e26-6b9d-47ee-bb2d-63c717d0a333,ok
60e621a6-0b31-49b6-b5a4-07f42dcada50,ok
e64c909d-b56a-4d56-bce7-212a8b42092d,ok
532a63d2-f550-4e59-af59-ec3a8794200c,ok
6b930955-be0d-4899-a3bf-44a015b4c202,ok
634869d7-b9dc-449d-a181-c9e076ff9f05,ok
01ad93a9-a59f-49cb-8026-4c2209bf9d60,ok
708ec4c7-b88e-4ee9-8012-4c173d1ff575,ok
3a929245-d662-469d-a8f6-f80e26f9e840,ok
c5c59c15-b5f1-4075-bac7-cfb6f22393fb,ok
bae98e6e-dbb9-4d34-bab8-cb28987f2590,ok
272bdc63-8b56-4354-962e-fce9b3d030b4,ok
78b8e479-ee24-444f-8fc1-8c531a7b4076,ok
d05eb2d2-e84e-41e8-96f1-a6c4b5ff3208,ok
59bf2866-4a44-4ba2-b5a2-e44ea8ee81c3,ok
df0dae82-b9a7-489b-b25e-5fca79000ab0,ok
f2e07b5d-27eb-41b3-bdd2-43796cc23ab0,ok
4f64706e-2d6b-4415-b048-0a87e806a69b,ok
9c1ef130-3bb7-488f-88ad-6e3b2148799a,ok
e6c5d392-9b08-41a6-ae0f-941fb15ac3a3,ok
7d9d9a78-7fd3-4b63-969d-f8f44fccbf9c,ok
06cd5266-5fa5-41de-8623-37711fff1bd6,ok
3e8445b4-dbbc-4eea-81c1-ff51214eae67,ok
69c1c043-4c02-448d-9e2b-e5c62f039bd3,ok
8e82ceb8-7305-4bb1-a77f-eaba4a1f763a,ok
9d4df615-3dc2-4413-8b57-17af7eb0bcde,ok
fbd51c0f-fe30-476d-92bc-f1518a358a5c,ok
b125e6ed-baf8-4844-80ae-7971518e1df3,ok
a2a0597f-fa64-4a8a-b69c-aefba1588b02,ok
742547f8-e0d5-4a25-a31b-326c49d15fc6,ok
00e5329d-e048-467e-805f-6e44c2d6b90e,ok
e9c6a7fa-97a1-48af-82f7-86b87dc8f0c1,ok
c402bff0-51c1-4520-8d4c-e9310452eb46,ok
18085c3f-f8e8-4ebd-a1cd-b48cc6e2947d,ok
4983a105-6852-404e-b234-35fe5db08dc9,ok
b9dd799b-8125-4048-9850-24feeca685cd,ok
15921458-82b2-4b95-9007-88759bcc0f29,ok
c7d94564-33d8-4397-8ec3-f2bda74c6b68,ok
061cd79c-e4ab-4053-95cb-00cbb9641f3e,ok
bfbcb36a-06a0-4e19-a131-bad8bc770d03,ok
7a6227ec-2acf-4fea-bfd2-ea7d99e3e802,ok
fc3accc3-568c-43c9-b0e4-22bb65fb29db,ok
3f426916-89ab-41e9-8eba-2aa7d4862309,ok
e06e8c40-af7d-44eb-aef0-e64459345911,ok
54961e80-c9a4-49f1-914e-d453d18938e9,ok
c7c869b9-5492-40cb-a285-f5e01f5b85f3,ok
cae95b6b-dbd9-4861-bc27-948e363d4016,ok
56f85ebf-d24e-4482-a2f6-465c37b2187d,ok
ef7426b9-14f5-4e18-8503-f2d288d344fd,ok
db3b192e-2d0a-4f76-99d9-36cbb2645703,ok
8a773814-2660-4518-971a-2b369cfda310,ok
e6fd4122-8a52-4604-a236-5ee8bd3eb20a,ok
e9daecc0-2dd2-45c4-8c02-4234957401b7,ok
4cfc8f7f-9a8e-4163-9950-c306809a56f1,ok
6003d7e5-7ede-4913-831e-5db78b302871,ok
ac163b56-fb69-4245-b844-02f535110591,ok
c8425471-8ec5-4e84-b327-4951397fe77a,ok
aa6aea35-cc7d-45a7-8516-c50f1b1026b1,ok
c9ec014a-fae9-47ba-8b5e-5155b7a022ea,ok
5052a885-dffd-4d44-ac57-53283eaf0183,ok
b677b103-ac4c-4ec0-bcf8-1b08200b8f6a,ok
339766a0-ad73-4625-9a24-ae7b911269fa,ok
f9c92a69-7cf5-4e45-9f08-781e562951bb,ok
15435e4b-77cd-4254-a627-084f2b6675b1,ok
9758849d-d611-45c8-a031-eaea602921f5,ok
d7eb9db2-8c41-428b-8a43-0ef08171742e,ok
42a49a67-460e-4b8c-a60e-d451d0875624,ok
72677a1e-3c8f-4503-b252-353ae3282401,ok
4e48d296-4320-45ae-9dc7-a7ec5269d89a,ok
692e213a-df98-4cd9-9e3c-25a2054c759c,ok
ec455881-b674-4806-bd9c-81494bdedeb5,ok
7f071302-b88b-47be-8ad0-48f783716ba3,ok
d4d17c53-9b5c-4231-bd1b-1183d82315a2,ok
e551ee99-4213-40da-bb81-b60244c8640d,ok
8aa6b526-db77-41be-9bbb-ff2ca10c19f4,ok
1a51d720-4624-4f63-9a8b-97daf96fa3a2,ok
7157f516-ad97-4eca-9215-c3179c65cf08,ok
a08f0c3a-cd6c-4833-bea6-4f6a798b777b,ok
cc822088-1600-4338-9eb9-c78ff573b4a0,ok
f643b7e9-692f-4560-afa2-ca14fcc6f963,ok
cd507658-dda3-41a7-8fa6-cc840d32ad42,ok
d9f743d8-a1ac-4af2-b6ae-28908b201bc5,ok
2595fa89-d857-4755-85e2-1268fa6b3969,ok
2ccfe740-0fc7-4f19-935c-707317f91741,ok
30d16f56-aa8a-49a6-afc6-2b5eb5056c59,ok
d621b2bf-294e-40b1-9f92-b3669f5994b5,ok
aa8a8768-224d-4ed1-808d-cc5e52e20e84,ok
fbd71b74-d70c-48aa-9b4f-0079fa2bea85,ok
410d74df-0f32-419d-bf32-b739a3ce0da5,ok
c106994a-af72-4b85-b7e2-8edb3ad58a3f,ok
50293681-7dd8-48a7-b734-529a67dd73ca,ok
a7d8d84b-5208-4172-ad05-32d091ed78bb,ok
107c2448-019d-4795-8d81-91e96792356d,ok
7dd15b8f-7c35-413e-999e-bfd4b90dbfdf,ok
8c3f9afa-8d9a-4fac-8466-9e96ccd9e482,ok
fa35b766-48ed-45a5-9145-dbdea6aeeff1,ok
95853105-8ea9-4ab6-85e7-157124bad4c8,ok
af785a24-d65a-483d-a983-59fee4b7633f,ok
8a474387-58d7-48f9-b509-16e6ffa3333a,ok
f46f3d4a-704d-48b1-a684-e27035554ee0,ok
c0c292be-5ac8-4f01-9823-15eb4c75eafa,ok
f70bf326-6fd0-40bf-9f2f-afa1a268701e,ok
ea42e5ba-97c9-44a7-b4c9-92e672e209e6,ok
a7b89b10-e62e-459f-b3bb-b372e3f6a139,ok
ccc0d9ba-b3e6-44db-b555-8797073802d9,ok
5dc7f335-76c8-4058-bab8-81263379e49d,ok
03832fba-8b55-46c9-853a-50b64d9c391d,ok
75c4cead-3683-47e0-92a6-7d2c454d6c40,ok
09d7458f-9da8-402d-a090-16cf5677ccc2,ok
118dd710-eab6-4bda-b642-aadcb6b1fa01,ok
4edf83c6-b174-40cd-a33c-54b5e9849197,ok
4de95a27-be45-48f1-8cd5-8bc193d61cfb,ok
162f953c-cc5b-4ef7-96fd-f00ac1c3f198,ok
bfec97c2-9b61-4589-b65f-709f414b5bd6,ok
1e7c9853-aecf-40a0-adad-8deab6a52657,ok
c2d4b7f1-f451-44f2-9ae5-491fc20cfea1,ok
244f119b-e775-49b0-b718-cf170c750dc6,ok
d18f3d3e-b9e4-4b9c-886b-27ee17a92c44,ok
1e21d051-efd6-4a60-8374-544f92d0c8a7,ok
a99785db-751b-4bcf-8c46-43d38d002efc,ok
06517e3f-8165-4f72-b0d1-b9d01db69bbc,ok
2c31d1ca-6721-4d8e-a44e-e925c115f9fe,ok
d116bac7-76ea-4338-ac56-903dfd8d0351,ok
ba3a5187-f083-477f-9b91-3a853e084544,ok
e695dd8a-7350-4473-a6ae-ac4ecb6b33fd,ok
285a5d7f-c79a-4608-bb20-31b9e1befbf2,ok
5dfa61e8-ceda-433f-8024-31d6f33d7f02,ok
00f43254-bcd3-41cc-9398-bc37e169d1e9,ok
fd4dce52-b1ad-47f9-bbad-f5801b1b4c72,ok
dfa3f657-c883-4cb8-be71-e037928543fb,ok
6094d4b6-1133-4898-9d0d-775235257b55,ok
1d1a451f-9ce6-451e-a665-35111c799306,ok
874cd750-b36d-431f-8454-8b94b5dec575,ok
45561713-b720-4afe-83a7-a6c13090f43f,ok
044f6027-0538-49ef-a376-894e6f3f8f71,ok
77b69387-3e98-4b68-964d-186b6307fbc4,ok
1becd594-7f5e-4496-989b-eae813247271,ok
9584c29e-a829-4308-ac10-6e0fb52f4198,ok
ba78997b-3b12-47e5-8751-bafbb9ac3ead,ok
8cf0f425-cdec-4739-a813-10e85431bc4f,ok
cc691b6d-2fe7-4879-a563-048e9bc21a28,ok
1bb9edf0-447b-4659-9d44-84e326570555,ok
654d7674-9e25-4d1d-b384-64a841de851c,ok
80362c7a-e09d-4408-87ee-6d91897329dd,ok
abd3c287-4350-46dc-9fea-c6bfef88ae4c,ok
2265ba0f-0ed1-4350-94a0-cedfda4f757b,ok
4443f70a-1fe4-4118-8340-ed5964c7695b,ok
30302542-48b9-4eb6-8436-92adcb29b719,ok
955f2c29-30f2-4c54-a461-8ea390cd9f5c,ok
d31e41bf-92e9-463a-8da6-c6fc5a31f1ce,ok
62d4ed86-2f31-49b5-86cf-3b2c8b44f23e,ok
6ced66d8-d393-4f6c-ad7b-9f30ed921a2a,ok
8708475a-e9c0-424a-bfcd-5984672e38f2,ok
04d01cec-bc8f-4d2c-9a02-b05ac8f3ea95,ok
816d6162-ac1c-46a6-8488-8dc959685f1a,ok
9446d4b5-da51-439c-89be-ce1ee8373d0a,ok
ecca1f25-846f-49a0-8634-ab13ce0a4654,ok
daa2a9c1-de30-4b29-bbb9-3b9f1130113d,ok
71be280c-e810-4457-a853-2a1df1866e1d,ok
8973dff8-a704-4523-afee-d9f0a22b6ec2,ok
4e2ab7f0-f7c1-4087-8a5f-e0f55d8b8e85,ok
fe125dd5-09bb-4cdb-ad9e-84fe4e01ae83,ok
1c13e922-1ad5-4b79-8b49-2531f1e2fd79,ok
e421082f-cc11-47e5-bb40-bd58c21bcbcb,ok
2df30a60-5fb8-48dd-97d1-538279ddbb4b,ok
80ffd1d8-f0c1-4a6e-96fc-7ec4b134bfda,ok
61ed08e1-8f76-40e2-afa7-4dafb24d847b,ok
3022e4e5-f823-4c91-a673-6643bae88498,ok
94d2c2dc-4ff0-4d62-a3a2-7d274471ac09,ok
7fd4a59d-bae8-4884-91d8-ea5d9e01bd64,ok
67efdac7-180b-4d34-9075-71f63dfc8bec,ok
70381638-8a13-4def-954c-a6643d46bec1,ok
6caf0c4d-f426-4b7a-a89a-976ca28afdbf,ok
9439e267-71f4-4a01-b59a-628060f41e00,ok
97d1030c-3b92-46e1-be33-f3e03449a63b,ok
9ebe0ba1-9102-472b-bbee-5dea26765396,ok
babfc7f8-846c-4761-9d74-27e746606a33,ok
5bbac924-6e02-4cd8-8c0a-45a3ef4a65ee,ok
3510a44b-5909-453e-88ca-417920795be3,ok
f232fbf5-e0f3-46c7-b8d2-db934ffafcd7,ok
80430c01-c938-48e9-bbf0-b07053f65ad3,ok
f3d1fab0-e36c-422d-916b-b0f06df119d9,ok
b1a036ac-c362-4d36-a202-5943bebe5c15,ok
ef87dfd8-71a2-4d30-b4d1-bfea316791ee,ok
767ef755-5483-44a6-b6bc-a3ae3f4cfa5b,ok
07d88266-d4f8-4d0f-bdc9-bce4392c1573,ok
4bf26d78-5fb8-479c-ae31-6bdae50ff123,ok
5c4eefe9-ca49-4394-8865-91c5981f3e38,ok
679f30fe-43fe-45ef-9d7e-ad9d0047da45,ok
7cdf0ff1-98eb-46ef-8185-df4505fc5631,ok
436bee3f-3dcc-4dad-b339-f8838a01ff27,ok
6fb1546d-5a16-44f8-8e90-c3224e930a48,ok
8b6165fd-cfd7-4e9e-9fb6-e685fe7f1a4f,ok
2685f97f-6f3c-40b0-a3c0-11c38995af6b,ok
6c8132c8-c18a-438e-9c30-a828a6463e7b,ok
d9143817-0dad-47b7-9965-464a42618356,ok
4fd0a278-3f48-4ebe-974d-a895f4168a85,ok
9f4d4536-f9a8-42a9-9364-de7c8653c7e6,ok
bd79e216-b219-4920-b523-a83981af765c,ok
2721f9c1-0e5c-443d-8ef6-ee0483dad2dc,ok
ab40bd4e-66db-454a-9d1a-2f166ca0363a,ok
6f58e8e6-0d65-47f8-b0ac-e5ef8e03617e,ok
dd51bdd5-9e14-4e7b-a470-66e8a117012b,ok
5d497512-c431-4165-95d2-a3596898075d,ok
9dc4979f-fdef-4614-8f47-12542b06f643,ok
a02e1124-293f-46fe-9ac2-677efbaeffc3,ok
5cdb7d93-f64d-46ae-a640-4537cf566bc9,ok
26d5009a-21a8-41c8-835f-57188e205930,ok
e4399012-ef0a-4377-8d45-eb793efc0df2,ok
6f8583dc-dcb2-4d9c-867c-9b7ea4515c0f,ok
599ba826-5fe1-4d00-b99b-1c3c3b0fcd75,ok
fb46cc80-7106-43d4-b29a-70dd9a283ca4,ok
4f4ee21b-b752-4e36-aed3-3d3d47b27aba,ok
352250e0-7a5d-489f-9f27-696936e365e5,ok
304c02fc-e96f-4872-8447-dce2dc0a1e09,ok
03785446-a691-4028-a28c-5ac6563d2302,ok
6ec49e64-f78a-4a08-888f-9a23b769aa78,ok
27a43cb2-7052-477b-b052-1c75a2aca117,ok
9f5ce219-ee11-4682-839f-39352ccf1dbb,ok
39535092-3a77-48eb-9b51-8a5ec8f631be,ok
68a565b8-e96d-4bca-b852-30fa5469781f,ok
858dfeb6-dd53-4789-8f2b-4404766912a2,ok
97f33498-add0-428b-9bd3-8286cb9b8119,ok
6cd9bc8f-086d-437e-bb36-32b26eb3f1cf,ok
797557da-a958-46dd-9432-221d763bd2d8,ok
f8410aba-0063-4f30-adbf-d871239e7336,ok
cd2fdbce-cb8f-4023-8a1c-4418dee03dd6,ok
359da2b7-22db-4e8c-9f1b-6368251a1200,ok
1244bb47-1b7a-4309-8bd8-0083cfe77cab,ok
4ecee76c-b805-42e7-b99c-e97085cce9ce,ok
a85396fa-dcfa-4eba-a531-e1d8d1eb82e9,ok
0e902eb2-2d4b-4072-8d83-dd924c9e008e,ok
de731d22-6861-456d-8797-de49de8fffb4,ok
73829f70-42d2-47f6-a404-fa54521be21b,ok
d8ceeb2e-96d9-4d9b-ac72-9d0cda442e39,ok
267969af-98c8-4df9-a0ae-514be1c77619,ok
8b40bea4-4239-4211-9145-23cb8c8f7f14,ok
e3760a76-566e-43d4-b97c-a64746745554,ok
115afbec-447f-49a2-8d2d-6c0b92361e1a,ok
331efa83-8db2-4172-bbb0-3dbe33e9fe81,ok
94321cf3-8a8c-4265-8a9d-18dc32298f46,ok
a0bf1ba8-c7c2-4671-97ed-467af0c28536,ok
40fd645b-2f4c-4e42-a315-627c241d8c7b,ok
dcbf2b2e-51f0-4260-8aab-c9b2b1daef44,ok
e25cde51-6144-4acf-ac0a-074e08f5ae92,ok
3010793b-51a0-4212-a9f0-8d3f3aae0904,ok
f684f8d3-8a1f-4385-b36b-7bf48e17f7c1,ok
2b322b0b-c332-4855-a8da-976072eb4135,ok
e5737ca0-901e-4fe1-9277-7adf425ad82c,ok
9f2437f2-ba30-49cd-815c-5e1c44766d74,ok
0d7cf2d1-2049-4949-b7c2-d0483cf28ea7,ok
5d634997-0e29-460e-affb-3b29e294468b,ok
3b625143-c8b1-4b45-b861-604b21e6401d,ok
aab84782-5dc9-4961-aeb7-7196acb2f211,ok
7d724a8c-2ee3-4b36-a39a-099858f56c12,ok
0e26276e-fbe1-420a-932f-4a667267f623,ok
584eee30-2358-484b-b444-b776502376a6,ok
04d64d85-def5-45d5-934c-a10d5b697b4a,ok
c39c93c7-2d6b-48b4-8c13-afaabaddd310,ok
189063db-ad75-4f7f-a794-9753392bbe28,ok
18535528-335a-4f67-a62d-3c663c1cbbb5,ok
69024ad9-0df2-4821-b1ee-c82107c17763,ok
41464c54-a517-4079-b6e3-89fb1520a7d4,ok
0969387f-745b-4297-996b-0438de8bc59b,ok
d9ce0936-8484-4e90-aa70-530f03210365,ok
37d617a9-8c35-4ce3-9cbe-19614dfbd18c,ok
5e43920a-0997-4301-94db-c2ad7da6f1e9,ok
5a474616-ad2c-417d-b0a9-6547bc52e6bc,ok
6abbdce2-cc44-4692-89a2-0a68ed18de7c,ok
a7f4cc62-9b21-4d57-a3f5-e93a422aee16,ok
41705e94-20aa-497f-9c38-74da4183add6,ok
eafa0ecf-fae3-40b8-8090-082047266bd8,ok
a1d078b0-7224-4bcd-8901-0e66670e8d64,ok
ebe3dcc4-0086-4efc-bfc5-210db9e07063,ok
1717b0a0-86d4-4d59-b81e-c142bbb86d80,ok
48496cae-7c02-4147-b72a-9b28b5fd6b26,ok
a5cf7d8a-c9d9-40a0-b0d8-a23e732e8fcb,ok
aa9f8989-b0c1-4776-82aa-8eb041950689,ok
39cb5c12-4dc7-40f2-b762-53c1618fada2,ok
bfbe7e04-a273-402e-9d45-51084bbe3d88,ok
1c0d0bbe-e4d3-4a7f-a188-b91996f4dded,ok
d0f0475c-8b8b-4a9f-9f65-9840429818c9,ok
1ebececd-3e98-42d0-8d96-836742417b33,ok
936398fd-d055-4205-aecc-c0780b145ee1,ok
1527f775-8879-4b17-a0e5-e72f7f835ce0,ok
31b9ff96-dc6b-4df0-8c0c-144b17619dfd,ok
a94dcbf9-71cf-4252-9823-b553a2c06459,ok
1916218c-e146-4492-90b5-a468de650c0b,ok
8594528c-8373-4cf6-b903-7be8167988d7,ok
5a4b5017-335b-494f-adba-d2a053b1326f,ok
d2039730-7553-4279-9568-75f089f87e90,ok
07a9bf74-a4ce-4bb1-9ce3-0136f6bda457,ok
6d356b2f-147f-45bf-893f-59679e6e0eb6,ok
f8e6d903-396f-4618-84b8-26794ad81c4b,ok
762c360f-6d0a-4640-8382-1ee63bbafdef,ok
62ef2c85-5b0c-49b7-b209-ddb6633143dc,ok
033c9b68-ea87-4d4c-9f64-eb3d8ebfabfe,ok
9f56f4b3-aee5-4682-9b73-2ddac1598ac1,ok
b8a1fb6b-e7ff-4019-84ee-63f4e61e495c,ok
acacaacd-99b2-4f04-bbd2-e324cd705819,ok
dd645c78-9f17-4c56-86a6-e383a13e464f,ok
63b6b30d-06b7-4394-9a73-9ccd840ab142,ok
28787364-0316-4d04-a403-0b9a9e280cf0,ok
10ee6d8c-6c66-48f8-9ba6-8a46b4f86b6e,ok
da7bd283-61bc-4ccd-8568-4386d6d20090,ok
340588f3-cab2-44bb-8363-ceeef3deb3cc,ok
f2b2a625-ebf5-49c0-8553-d4b8def6b9c3,ok
b6b55169-dc59-4cae-8de5-f83e05043e6c,ok
bae9992d-dd4c-48fa-8b80-7730b8d68b7b,ok
a81c3304-4a93-4b9e-99c8-a0003e4fea0a,ok
75983a80-8010-454d-919f-5079a1d1ee1f,ok
bbe588ac-3e04-42af-bf72-0a55c993bc3c,ok
54601449-a9e8-41e7-af08-e6572db62454,ok
16d90e9b-3349-4bf8-a572-7f5551fd3aa8,ok
58dca814-2ab3-433c-8984-bc7641e2decd,ok
74c34a4a-2a78-47fc-91b4-23a501a312ed,ok
b9c82bc1-9503-4c28-a85c-69eea32b540d,ok
f687da8d-759e-49aa-b72e-8353d4812518,ok
ae0636d7-28c1-4c8f-a4ad-8dd6ed02869d,ok
63876155-0e09-4191-bfdb-98b8856d1570,ok
220ce1ba-034f-4211-93b5-76c464b429b7,ok
50657071-ef0e-4fd5-8a02-382c9d172016,ok
f05e5e59-61f8-426a-85e0-79a6cb32714c,ok
25ae3055-3e1f-4fec-8cd5-a768180cb29d,ok
923e269f-25a3-4ab8-9d7c-d1b4772b844b,ok
66d5066e-15ae-4c7f-905f-81af8f8c181a,ok
bc02d15b-4bd2-4b6b-8581-1320f62d41e3,ok
b248081b-7611-4091-9d58-a458ab4175be,ok
01aeadb4-eaac-4d2c-a04a-50885ebe01d8,ok
d065fd5d-6f95-49b4-9649-5aa91ad565b9,ok
dbc10111-b502-43a8-b0cc-0bbbcb8ebdcb,ok
6ee1adf0-dea5-468b-9c9d-c131fb5ed795,ok
9ad0e25a-f85b-481d-8640-cbf986d3cd92,ok
8a233758-a7f1-458d-ba46-4e7bada7e18c,ok
9708507f-fb97-483b-be36-6d7944f3371d,ok
c4da8877-1945-4327-b6e0-aa613ebe90a5,ok
0ada673b-9fb9-4e3c-8b65-716319c77e2d,ok
332ced03-6ab1-4f96-bf5d-232fe2e5a82d,ok
539722bc-ceb6-48c9-80f2-b9de521b861f,ok
d5da2ee4-f2e7-42b9-a077-fa02ad8c6a0e,ok
5624b13e-72be-4452-b175-0e8c1389b721,ok
c65c17cf-e785-40c3-b1e4-cfd30a3ab40f,ok
dcb52dc2-06f5-4451-95e9-70b06b2a812c,ok
737cddf2-e7cf-4737-b17c-185c01882492,ok
c6082fcf-c822-4192-b07c-d77005453466,ok
efe6343f-4837-4f4f-8f01-36294f52e6bd,ok
355609cc-3377-4f9e-a423-b3201877e9f3,ok
b67f53e5-c7d2-4da0-8243-9727a7940597,ok
90025335-736f-4197-a004-2c5f3d55637f,ok
2337e169-e117-41df-990a-55ebbf53a79c,ok
0175cc6b-8ef6-4299-b807-2cd3b25f0ea1,ok
98cf76e8-ae27-444e-8b67-ecd25562bcbe,ok
58edad1d-9d98-494b-8dfd-d20e2ca24133,ok
a6142a0b-3e78-43ba-9c4f-7ce6b8c14395,ok
86ed6904-3dcb-48d9-bf2d-49a039524786,ok
ca098c95-307e-43d1-b19c-a52151365d24,ok
fcdf6b0b-6546-429d-a4df-db9f7d936bfe,ok
40bd8885-861e-4ad6-a1aa-855308b25294,ok
abab37b5-e698-4d45-80ee-43d6f57cfc12,ok
699c0799-7188-404c-95c2-3431ca5703b5,ok
4dd85c4b-9880-481e-83b3-12a872024d6e,ok
0087da76-25ed-41da-bbef-3c34b64a95ae,ok
1bb1a47a-b1c3-462f-93a3-bbb73fb253ba,ok
e658438c-0553-4173-a09a-6b0ea0597f00,ok
bcfc5b61-b3bb-473b-b790-f60cae11416c,ok
0ba66205-0a73-4a7a-b8b8-b42c101576e0,ok
17b22c66-380c-49bc-bd1e-172342cd862b,ok
ef5728db-17f7-4ee8-a2b6-0d3490251502,ok
abdab6f6-ab71-4589-90a0-9e9b014af40a,ok
4b715520-bc95-40a8-ad0b-48bf18c11b7d,ok
4a34a193-dea6-4e88-9687-2ce62564df23,ok
21939522-9e74-4712-ae98-9f5518262c0c,ok
41ea3db1-f1a0-4609-8824-d2587e8dfcf3,ok
f3cbadcb-58c0-402e-ae03-94c1642f66ba,ok
aec5232e-c538-414a-b2f1-c8ae34f6a252,ok
226b80eb-8f9c-431f-9666-5efd88acd51f,ok
95d9e534-9882-4c06-8d44-748c168ace16,ok
bf0c8303-86c3-4183-b111-3ba79c59966a,ok
12359c28-7825-44f8-a073-ea4bc1d07f2d,ok
bea639c9-a0ab-4007-8f70-4fbaea406aa8,ok
e9f9d258-d7d4-44af-b0b3-5fd6f98889f3,ok
e9232dae-a055-4c29-8911-ccd3b5e6e09a,ok
6cc05961-2774-44af-aed7-c363bf5838fe,ok
2e4a0bf5-1154-44f3-a978-fb4973d0a5d5,ok
f6b57386-3fdb-4b97-af33-acc8fd912c23,ok
aa6aadba-045d-4512-b94a-f143a91eaf96,ok
604b8979-36a8-4351-9fff-9ea29bc30bed,ok
267f9324-500a-402d-ac98-72cd7d447a0f,ok
ed35002a-5744-4218-8c52-77b196e92c41,ok
3cc9b360-6d0d-4105-9c72-ee91f99983a5,ok
beba34ca-16c3-48e9-8897-dd93b9366d6c,ok
aa94e9e1-e047-4836-8d31-56dca4f09240,ok
90fbf555-3896-4eea-830b-c2323e9ae699,ok
b7f3c7a1-69be-4960-a609-136a9e4ae630,ok
c9095bfa-ce56-4929-a355-16f8c0b4b490,ok
f2c3e79b-4dbe-4aaa-add4-a7bd881906fd,ok
0281496e-65c0-4931-a864-254fdb248650,ok
09349489-b4a5-4bd5-981b-3dc653af8452,ok
ee7a2e38-419c-4ff2-9062-c37b3bc2bc79,ok
4a550b8e-8c53-40f8-8d8d-ccb034be42a1,ok
9ed7e0f8-94f0-42ea-86d6-eee70f020aad,ok
52ee044b-226f-402b-91aa-902e8416fd40,ok
f12dd4cd-9b39-46c3-8c3d-9405d00e80dc,ok
c5886472-f5ba-46be-9641-df8f72f3183d,ok
501ff088-4117-41eb-9d36-9a382409301a,ok
0c186ccb-2e9a-47c9-9dc5-868361c15f99,ok
8d539306-2794-48fc-958b-be5c8e570257,ok
9304c2c8-2fcb-4587-8c72-36fa395a40e5,ok
d446fefa-c72f-4963-a696-649b52c22b90,ok
e3f24b7d-286c-4b11-9349-691fe7b668f0,ok
4f33e270-00f6-4ae0-9111-cf4595ec128a,ok
3598f10b-475e-41c0-b495-602e6c3e11e4,ok
843e2b59-be99-491d-8216-ff45a627908e,ok
fc136f22-b9fc-4438-85aa-de02360eaf46,ok
c29ca67e-7d62-4619-8b4b-8bf31aa3d4af,ok
46251db6-9654-41b5-bcfe-031800a099cc,ok
cc616484-2def-4994-92f8-6886be778e3b,ok
9f3336e0-9b9e-455c-b38e-1d1148f2217b,ok
a78ef933-cf45-45b8-a2f0-d8a0f68bead0,ok
3c0c7420-475b-4c06-b763-37ea8fb6b81c,ok
c75b8581-faea-41a6-a37d-87275db5b8bd,ok
c00a521b-8e42-4723-bcb7-501ff288dc54,ok
bf89fedd-5001-4b34-a72c-6aa85e5334b0,ok
f1f00dc4-6fa0-4da0-bdc3-820591a55837,ok
3b1b4373-bdd6-4afd-b16a-2205e7435ba2,ok
e73ecff0-dd8c-4235-ab23-823405cbc30a,ok
0a96d4fe-16f5-4c04-a0a5-ba22ffcd7488,ok
2c3bb4b0-b752-49bb-8e50-7e313e4cf627,ok
bb9cf1ef-64ba-4697-9e49-0551db081148,ok
b662869a-4457-49c9-916f-99780f1db214,ok
f5fd0b65-82d1-48df-bc91-538899fe11fe,ok
eede28aa-d135-419a-be1e-34e930c5f778,ok
51d858e6-6f3f-40cb-9258-c26f9ffc6ec3,ok
2c2bbe36-0ccd-4272-8a85-54bdc4a72c66,ok
23196082-4afe-4464-8644-2a75f3e2b7ac,ok
3c5c7a3a-7ed8-4215-8004-90d7f6d0b79c,ok
5f880e81-898c-498a-a4f7-fa0490195668,ok
4c305258-e08d-4b24-a3a5-551dafd17a26,ok
d06d3507-749b-4740-94ef-837cdaaeed4b,ok
e861439e-9694-4419-9bbf-426876265f68,ok
dd4179c4-5f04-4257-8465-28735e89b409,ok
920fe000-5360-4d46-b6bc-b1f3e634fb66,ok
8a351961-f8c5-47c7-a31f-f2ad320c65ef,ok
16e3d211-3a3f-45ad-9944-38046af555e5,ok
56b9b0a0-e226-437e-8729-2d9f16375e96,ok
888e9cb5-cb12-45ab-9240-746aa5b3b59c,ok
951733b1-077f-45a9-b41c-c422320fc330,ok
5884fa6b-b1dd-4362-8f7f-53b75bd22174,ok
87ea67e7-32b7-4769-b78a-c9248c4dd7ad,ok
23b4445e-e890-4749-bef0-9727db9d67cd,ok
5f23c705-795a-4fcd-930e-5adc44f409ad,ok
5022483f-02ef-4231-ba78-e33ca8167a30,ok
00eae493-0881-483b-b605-cbf60a948470,ok
4efbe6e7-f442-431e-b1a7-4806d2eb1cb7,ok
0b2e616a-7309-4b50-bc61-4381afb876d0,ok
8e85b58d-bef4-440c-87d5-13e6c91f4348,ok
31033d5d-5252-4f2c-a922-32c914123cea,ok
d7ec7bde-eec4-47a3-add4-1d03f1f0c755,ok
bdcc482f-7a4c-4595-ab45-a234ff21b2c0,ok
83caf16a-5779-4568-b975-386fa8e6d6c9,ok
853a91df-cfbd-4371-a4fd-4caebe3c3d41,ok
d45e684e-4beb-41be-bb5b-009aa1ba7a11,ok
14c19227-1be0-4e46-83cc-71f7582efff9,ok
b97b97a1-44ba-4488-bf6e-0b961aedc5e4,ok
6c764856-46f4-4a80-9f1a-549b1bf71281,ok
ece66441-18f7-4c7b-9c05-eb8b72809fa1,ok
5b165983-80fe-4e26-94a6-d0e4e4f034d0,ok
067c21c1-076d-4b7c-a121-50d7d4a3406c,ok
f59fae59-5420-4400-9210-55c3de96871c,ok
ec8c4dbb-0f53-4ff8-8bba-24ebb4e61972,ok
f94641c9-6100-400f-af10-ba99f0387611,ok
1ce5ecc7-1106-4c65-a088-e06425a705af,ok
eae7ff69-e7ba-4717-b302-f46272bf99df,ok
7e788275-4ca1-43fc-b8f7-f83ececad56f,ok
f23d9097-fa93-40ed-a4e2-bcbd0f2925a0,ok
add25808-38da-4015-afe4-392acecf0332,ok
66f09e68-e29a-4583-94c5-f692bc877a38,ok
03070e35-362e-40ff-9f02-5b8ce2ac114b,ok
ea90ec53-9df6-4bf9-8a92-76f70ed58b95,ok
7ff9052b-c6ff-4161-8bf6-0a1886bf91d7,ok
984bed26-fc6f-41bd-8fb0-842f62c508dd,ok
804759d3-2b6c-4484-bb1c-ebeb10a7ced2,ok
162d0b1d-e794-41ae-b3b1-07f2385a3b56,ok
9892d94b-7a0d-49f7-8bad-8b5b1e57b3c4,ok
13081db4-b69a-49e1-b6ce-da8899cfbefd,ok
be813f7c-fad0-4561-b06d-f405c7ac42e9,ok
9ebced21-5ab3-4a3a-a390-3c21f32aa155,ok
ad216d79-6e28-4e5a-803d-727923039937,ok
82d2fa3a-4536-4fbf-85ff-cbd3864ad557,ok
e1ae50d3-af36-4921-9084-cc2bef5ab4c8,ok
797c5cba-67fb-4460-af8d-1b0d05d79702,ok
bec9bf0d-9bc5-44a4-8bfe-cb0ca98e7f0c,ok
a54b4249-f07a-4fcf-a08f-5e58f2c50740,ok
1d6a037c-663f-4950-a72a-ef2deab6cfdd,ok
39a43023-0d90-4d92-bc63-6beb5f939112,ok
338b3de0-f039-4062-81fb-41ac2e13bc02,ok
a3d3d276-71ab-4ddf-bc11-aacc939ee4c5,ok
f4eebdab-5e7f-471b-951a-b286a41bf26b,ok
e27073d1-42cf-4dbc-a260-4e21450ec324,ok
1edf22be-2a38-468b-ae34-165d2ef79ad9,ok
9203bb2d-9ed3-464a-b925-123f4e3b5409,ok
5889d4c7-fc76-4401-b48f-3f80744871db,ok
012863db-bae6-4b6a-addd-b7659ede0d71,ok
6ebec1a8-e356-4a6c-b4dd-4c7ae073f229,ok
c062864d-286a-4500-96cd-bf506b793dcc,ok
d494cbb5-fb40-4b85-a70c-b66ab4a43535,ok
67aa3d50-a72e-41ff-80e0-dbe34bd16b0e,ok
b651d4bf-ca55-4586-a134-e5f93f447b66,ok
60821550-368d-487d-ba5c-a844b54c2225,ok
273dd682-fb3e-4f84-8a14-d9162ead2202,ok
bf04383b-fde2-4997-81ab-1b291930d454,ok
1e01dbe3-fb63-485f-bd16-e12b9d54ea4c,ok
8797a1e4-bf93-4c1d-b821-f4c3f468929a,ok
a1c40aeb-400e-4f1b-823a-cd25fe464590,ok
e8a632ca-8b74-4c04-a4b1-c2be5a23d094,ok
e9d3a658-9017-4d8b-9eb8-9c792b50e6ea,ok
ff54f99f-c2a3-483b-9f3f-a4db8ad27d40,ok
ea8d6a28-2e76-4a7b-9b8c-0ffa997209dd,ok
afe545ae-c832-4193-978b-d0afe5704575,ok
969e7352-f76b-47a2-a19f-28cd90e8188d,ok
726ec3ee-dff9-42ff-bd34-3c481b07edb6,ok
8c5355ce-db9e-42e0-a0bc-2f8883db5a29,ok
3041c436-8f5c-4f96-9ec8-1c3d19ebc099,ok
f20ec0f1-5d70-4df8-b934-151bbbce45e8,ok
963f4b61-f611-4708-b202-f1cd31db6b2e,ok
0d05c4e5-bfaa-4619-ad6e-e5e67da4b106,ok
e2eab678-6abb-4160-b6bf-26bbb5790860,ok
0b5fe4ba-a305-4e38-b2a8-6d54037fb7ec,ok
8f49480c-4935-4b01-8fab-185bce339688,ok
fcee954f-4292-4a28-aa82-a67274290bed,ok
0ebfe111-0df6-46ff-9b46-232480bf4cec,ok
1ed0bfd9-7b5c-421f-bf81-33c8fa89f749,ok
df88c3de-e497-4eca-8cc8-511544c76c0b,ok
1d3b2ed8-33e2-4418-aba0-5fa83a4b426e,ok
6ba6be81-1d91-4e07-975b-1b9d62703d4e,ok
c6376854-b708-4327-b645-0853bce781e5,ok
0c808b73-ff7c-4fbd-8b3a-16ce64bb1ce6,ok
5891a972-e049-4758-9f23-82aa8755d590,ok
cd08f72d-5467-4341-bd43-42f2f6523b7b,ok
28a15fb3-a2e2-47f2-8d4c-7f35d00b2fcd,ok
4c73dada-63b1-475d-a990-e89d9669a501,ok
9d4c0493-3fd5-46e1-a8fc-b66edb95345e,ok
384bf20c-ff7b-46f4-8cff-83031cdcdfc3,ok
9ac68cc8-f723-4d94-a0a5-010efc0be14d,ok
f15c904a-274a-464d-b5c7-78dd9f6dc705,ok
7d66a146-f078-48b8-af0e-4245b0125ecb,ok
954ae003-3177-4fb5-81bd-f4d74a44041f,ok
bbbd1e98-7161-4ab6-8126-5ee6f70fd8e9,ok
525bacae-c973-421b-878c-79f8c03fe7fe,ok
2992bfb9-1e1d-4f49-880a-824728d210e0,ok
23f52e0f-a73b-4841-94c6-6ef154033808,ok
53224452-466e-45f9-b027-75c935241e96,ok
cdd25b7d-b306-44f5-96b7-66ebe7b911cf,ok
fea85634-76c0-4114-861d-7ab51191c02f,ok
050d29ce-d05b-4ee1-8c30-4afd50e760d6,ok
ae7e7ce1-2186-48b1-b556-4675beb84112,ok
99471ebc-530e-428a-b17d-e41ab53063fb,ok
089df3f5-c7ff-43fe-a77b-2be2fcdadf16,ok
94903261-498f-44ff-8ce5-f5953fe919aa,ok
95370aca-9490-4bc0-a216-a6eef7651a57,ok
4ba09432-2df4-4173-a2ef-f7b5c8910b5f,ok
05caca4c-e990-4c33-8ab0-9ab052ec3e94,ok
7b6951ab-eff1-41ee-9526-a9cfc9affda3,ok
ad33d53a-7307-457e-a55e-5f7f99aa4c05,ok
cea74bd8-cb37-43fe-b507-fdb3917799f9,ok
29a9b152-39fe-433c-986e-99133989ca07,ok
44aaa7de-a150-4a80-aa8e-276eca3583c7,ok
762c0834-db07-440f-a0d3-ad5ba6d7c57e,ok
3cd4a86e-81c1-46ff-ad74-ded7301e2286,ok
cc845e8d-3433-4de6-96a5-76f40b0702ba,ok
23a2e70e-f7c7-456f-8c54-2ad7db9e7feb,ok
451bf6c9-11b6-4f39-a90d-c8fbfd61c4f3,ok
8aba02df-6f5b-444e-85ab-aad9af31afba,ok
51bff8ee-4f27-489d-bb0a-0bc60892c637,ok
64beb310-13c3-4e27-a5f6-2fd9252389c2,ok
3b7e60ea-dc70-4657-9056-f69f872e2c0c,ok
855c47c1-a5bb-4ccd-be22-322f72524a01,ok
d53a5020-fe3c-47c5-ab6f-709fbb115331,ok
add452b6-215f-4dc8-a491-f8fcc0d2ab5b,ok
56522ab0-fdce-4dbc-8772-4afb884b65cf,ok
e9e44a5a-8887-4d44-b128-678914469507,ok
d1361477-a64d-456b-b9df-a257891c67d5,ok
9d5d1f05-2685-412b-bc87-030a497cc58b,ok
e2c625f0-2811-4a83-b6fa-81eb584f8f98,ok
30334798-9290-437c-8005-6012a50e2518,ok
5a6e6bf7-8b40-4e4f-8c28-547be5dcb7d5,ok
1365fd25-2308-4a93-9f1e-a166b06e13a8,ok
e9b7655d-0a9d-42a7-a0c0-1e78ca61c1e9,ok
0156e739-c2be-4f25-b59f-4cf7e4608e76,ok
64d5e526-5dd9-460e-b2d6-d6f3d2ff673d,ok
b0fca677-142e-4c6d-a545-1c9d804bb89c,ok
e86481c5-6e07-4493-97d2-76fdd7e3d001,ok
ebf87e6c-a5ab-434e-87c6-e67e8a77542b,ok
f7d325d4-2612-40ee-8edd-a5305bf6704d,ok
9cf706d9-64bd-4190-bf2e-c137f10f1822,ok
e5dd8861-5985-4164-a2d6-79c99de18b8c,ok
aee349f3-058b-4cd6-8b6f-9b62b6313c7a,ok
a5e91ceb-e97e-4bbe-91fb-1cadc20bd924,ok
ce710457-80d5-4622-8e2e-380388023d1e,ok
cc00643c-ce3a-41e9-b987-ac7325aa8204,ok
1338fb0d-7082-4920-a27d-461fe745b7b7,ok
21afaf8a-5144-4d4c-bff7-3158b3ef9648,ok
a1a0a8f5-cf6a-4d47-b920-97cbcb380777,ok
992280f4-5532-40f7-8503-3a39eb7ef416,ok
5c927c23-4006-413d-8374-ef997549fe0d,ok
6d858b5a-bd5e-4aaf-b1ef-ba912bdaf78c,ok
e6ebdff8-cc43-455c-ae82-73616a1433d1,ok
2353e09f-7a33-4345-87d5-7285490ea3b5,ok
c6988dfc-374b-49eb-afbe-ae0e2186ce6a,ok
47b4b510-4fd8-47f9-813a-2f7e93fc01a0,ok
fdc0d0a7-d73a-4ed9-b805-3dc95cb736bc,ok
1ea22cfd-1b32-46af-bb36-cc7c7b4b99f6,ok
621c0679-dd71-4bdb-a460-1749fecd891d,ok
0d0c1c01-13f8-4eca-bd31-8e0938e8e712,ok
c4740790-456d-4171-95df-7b88abb697c3,ok
adbcbe21-4fde-4dc2-9427-a81c07f61344,ok
d6f0e38b-84ca-40bd-b43f-83590abef809,ok
17da2719-cded-41d7-8f5a-ac5971b5d2c6,ok
6be54473-c279-42a5-ab3c-b54a999655b6,ok
e5a67719-fd86-4580-8bae-14eb1b77c81c,ok
c736ffe3-ebeb-4464-ab96-1fe24fc76ac8,ok
d0cb2d83-ebf6-4cba-8473-ff303f14be7c,ok
e90af97e-c3f7-44ef-b6cd-14cb4bee216e,ok
197db9ad-9959-4056-83ac-8bfa641ce5f3,ok
b1124b2f-f4d9-4ec8-a519-48966b2b6ac4,ok
da4319c0-ac18-4b47-95de-ceb44833c3c3,ok
64a25203-5cce-4284-9951-04a6d0f9969d,ok
00b13c1c-7402-4eda-94b9-3ca0a82da153,ok
fd514a9c-f910-41d2-93b3-d99d9ce45917,ok
e3934ec2-018e-4b47-93c5-d094fc31e5fe,ok
8a6c17c2-5d3a-4917-9383-9d0f4af1f19d,ok
90deb2b3-90af-45af-9c5a-08c3122b287d,ok
abacb6c0-d7c9-4c31-ab8d-a3a9d0843713,ok
bc6dc657-b556-4446-b0bc-d712cbb35a36,ok
547ead1b-b091-4b59-a062-b5b0aed82545,ok
92de8598-78a8-43d4-ae6a-ab16debd7e16,ok
68244844-2f6f-46d4-823b-90d8d2a1c693,ok
0b3393e3-4340-4e47-97e6-b2df4d850c28,ok
9456b839-9429-4f70-9436-17bea2e33a10,ok
5b69f454-fe4a-48d5-807d-5695defe4dd3,ok
24891f87-e122-4549-a2d0-6002434993bd,ok
79b1b1f9-70a0-41cf-b9ae-5c232971562e,ok
4a362960-4127-4f35-9409-98fe618ca183,ok
53baa134-1c96-4f59-a130-90e24bb969b0,ok
2a6dcc41-c6ff-4940-b747-aa8fc21fe912,ok
bb8b0a4e-1663-4eb6-8903-1e8b8f8c1479,ok
b09cdc39-4186-458b-ae54-031b8bddc228,ok
4fbd493e-e906-47e1-91f0-3ef1a486adb5,ok
3441f7c2-8b53-4114-a0a8-64d3d11e3e87,ok
e66b70f6-9a5c-40ef-b42c-a135cfb5c8e7,ok
aaa08d95-815a-4ff2-a70a-53a71bfafcd1,ok
264cf60b-637e-4844-9db8-b80efde8b98e,ok
94286098-bc7b-4f60-8890-e2b475fe787e,ok
1041398f-e3d2-4122-af3e-c0d41165a6cc,ok
6a3f13a6-3fc5-4218-87ce-b7e47274cd87,ok
9835b7d3-64f3-4477-8429-254dbd8aa72b,ok
77644e23-0741-4f84-ac21-72619f9e0c1d,ok
8bfc30b5-e5dc-4176-a7fb-d138cc797c89,ok
8b6ef7e5-4751-4a1b-8474-d4b3897b2fd7,ok
f47dae86-b15a-4919-9467-8b945e0eaa51,ok
7026b62b-10e5-4f0c-9540-24088b99bf32,ok
37d92a1f-027e-40d1-aef3-0efd1c4643ed,ok
7b38c3be-16f2-4967-a631-37b4071afd9b,ok
ebcdd32c-dab4-40b1-b0bc-9906e03e5eb3,ok
2125d6ec-df4c-4135-9283-b2b53247a4ea,ok
d1dd1694-4066-4e66-88df-058fcfbef502,ok
3094bdc1-6402-49a3-820b-dc9549c61318,ok
0e6cd94f-936d-485a-941d-c7ecab17a431,ok
b6a6186a-d462-45c8-ab39-8bf5cc814c05,ok
22f756bd-834d-48a3-b199-d2de28a21944,ok
6603480d-6b3e-40e9-bd6f-939410592e91,ok
d17c4537-7eeb-4b9f-8aa9-21a99b0a0c88,ok
08866826-8af6-4211-8738-558815049f88,ok
6110d6ab-447d-462e-b671-7cd8e2b117c6,ok
9637e9fd-16fb-43bf-8cb4-24248c25f90b,ok
f912eced-25f8-4188-8549-90ab505e1602,ok
8dd0b0f4-dda3-4c46-b52c-b367f5af0219,ok
1c208fff-acc3-401d-8ebf-224149052c9c,ok
8b4a26ab-e263-4637-a5c5-2d364c51fa7f,ok
8f3f4a12-76c7-4fdf-8888-0acdcda46ec3,ok
61bdf616-7054-4579-a228-144497ba6c06,ok
31c2d495-7e6e-406d-9bd9-2f88c062235d,ok
574059a4-d430-4ab9-9dde-209dcaca4e74,ok
a7481f1b-5e42-4f31-a41f-6816e7dcac52,ok
c64901b9-2655-4e09-8059-5d4b83abd789,ok
989dca44-af07-4d40-8189-5601773fc682,ok
442547c9-a47c-4861-8994-feb700cbe557,ok
a6b6f249-55cc-4dea-b3a0-038fb6ef1eab,ok
30da0689-f416-40b9-b5b8-e80e2868714b,ok
c9d3056b-a792-445f-8d24-9f83d3a5beae,ok
835f47a4-966c-47c9-9ec2-056b41866ac0,ok
ab836932-1398-4a45-81e6-371f073bb51a,ok
cedcd5bd-e978-4e83-9505-7b5f79630dc0,ok
bc9a5875-3897-4f85-b834-3a9c2f01d8ad,ok
368e126e-8569-4311-b25a-14007aa67c26,ok
56b62ed6-03e9-49bf-9d87-0127753997ea,ok
3820da63-810d-493e-bdda-1b44a86412b3,ok
877ab37e-9123-406b-a185-3db9edcd3ee0,ok
2604c07c-3e5f-4706-b04c-cfb1095f8468,ok
0456a944-4154-497e-a0a7-898cb5a9d223,ok
8aa025e2-2cf8-4ab9-a899-3b5bc779998a,ok
a1789b9e-6759-4f7b-9beb-d8aed28fe679,ok
ff2aeff4-ddd3-4a9f-bb0e-bddbe054c542,ok
6510dfd0-d27a-46cb-8306-93d99267c8e3,ok
9d96bfbb-5436-45cc-b66e-e6bfb2f1d628,ok
41da7670-0c43-4388-b1d9-d294088d35ae,ok
dc7d2a8e-8eed-45af-a075-512e866ad173,ok
e477ed00-7315-4532-a4a1-09c1a3c680cb,ok
e21a651f-8f5e-4427-b7b8-d40f4144b707,ok
476748b5-5a0c-4d37-b116-d233c2079c97,ok
f6236c66-969f-412a-abcc-085844a712ed,ok
0799c176-3433-4fa7-9a9b-96c169dc38ef,ok
80880ce0-4129-4256-a08f-480ca8b31f38,ok
d56f3ca5-9d49-4f89-9c5e-ea485d13244b,ok
5603e997-d289-4b00-a9b6-59dc216cf3a5,ok
aba22934-71d0-4196-b42b-6ea313d0f366,ok
4ce444cf-1620-447b-979a-46df23193f2a,ok
20cda7ae-32ec-4a29-aab9-f65d637b43a8,ok
3ac84bc1-ed96-4777-9adb-bca9643af0ad,ok
acba2753-5dd3-4cc4-b0cd-c01482ba250c,ok
28523e74-2578-4539-938b-78adfa9524e7,ok
c3a78138-47b8-4d84-b507-0b62004b1d4a,ok
d01a1673-26f5-433a-b0e4-ff5b07325233,ok
65b95d5b-f66d-4333-989d-e902cfd81031,ok
1f49ca7d-514d-479b-af1d-6966103bed0d,ok
4d7b7f9f-b544-4beb-85b2-95adce3c44d4,ok
a8666fc2-9d4b-4de9-a89d-0cff466f9446,ok
5f1d7c03-83e3-4141-8f98-fdd6e03337e5,ok
cb33a7c2-957f-4dd3-b8a0-fd6f361d7634,ok
0db7198a-fe3a-402c-b716-f68ce2b68982,ok
9391aa85-90f1-499a-ad76-2d5ad382282c,ok
69424be0-4df5-423a-9787-8c67f70ed19d,ok
3575d12a-d63c-425a-bf0d-7129be36a0ed,ok
e5d98c45-5cd1-4678-a870-cb36266c9ecd,ok
404237e8-e73f-4495-a8da-b61499adff27,ok
24bde204-da18-4768-a89d-1f8e40010327,ok
b39881b9-f3c5-44f8-8269-ba60278327f5,ok
be8589d0-bc12-4132-958d-b1dd696eb41f,ok
ad7a8a4f-7665-42e9-acc4-bbd9facb43c7,ok
1bf56632-f9d4-4457-8158-29dec9c80510,ok
9b92353a-b855-4cc7-9ec7-0086a90832ce,ok
dc188c71-716e-409f-8cfe-b9bd75f802e8,ok
d2fff3d8-197d-4c23-8f49-1349c6af67e4,ok
0ba42768-6da0-4ad1-b054-2b17309443b9,ok
903f309f-a88f-4378-90c9-43dcfa05a1d5,ok
eae1d628-26d5-43d6-8b57-90ec56aa3822,ok
c75b1c90-fb89-41e4-afa8-a0da5a2bfc0c,ok
4c193303-0136-4d17-bcfe-2dd1d351a1f2,ok
c627268e-c351-4055-a3c9-748ef2603b12,ok
036edb6f-fe1a-4adc-b331-96144fcbd4e6,ok
0d234d05-c8ad-457e-a697-2594ddc9f441,ok
6f92a188-7c6a-43f1-9e35-3ff6fa5b7479,ok
3826131d-c39a-4923-a12b-973ea3cb0004,ok
abdfec58-4664-44f5-8861-419cd3f57713,ok
7eac30fa-701d-4aee-932b-0c1d4ab60880,ok
2d746f72-8d6f-422e-9e7e-e11920ef1e65,ok
6098d5f1-c34f-4749-b54d-fc72579d4c8e,ok
66bf1281-c141-4b52-a73d-b5c1fd8f1d80,ok
a9fb8467-b701-41e4-849f-6908fdf6eac2,ok
7c86b008-0999-4786-a769-eebc3c7392c2,ok
76fdef31-8e86-4c9b-a199-5d987b0c870b,ok
17c6b031-bccb-4193-8b9c-3ed3720a8543,ok
8ea16770-9080-4e38-afc7-2f1c9c941c67,ok
bd2b4249-3fc0-4795-921c-7245d0cefd83,ok
39e95969-0150-47be-b5d7-178c9a93d38c,ok
985fc6d7-2a47-43f7-9f4f-e7a03654f43f,ok
6dcabe04-e1de-4827-8269-59cfbd914037,ok
ad2e266d-4712-42c5-834d-8c0e17869249,ok
6a91d3a5-c3f2-4211-bf33-94c7a3ca3710,ok
3e8b3151-ae31-4e1a-9030-5921d3216a65,ok
fe31e7e1-9f57-46f0-b5be-f9e4d211694a,ok
765d7e77-3a17-446b-b6e8-113e7d746584,ok
2896dc93-b224-4774-b16e-c573af8e6cf3,ok
b9e6fbbe-9414-4604-8cb5-7f08fc82e8c3,ok
cbc4d398-006a-4123-986a-0030bf290e00,ok
ee87bcac-c26b-4084-998d-11b4de4bd7f9,ok
182bb9ef-dea3-43a6-b0d0-89912d16ed8b,ok
d37842b8-d1c9-409b-a0ab-5e8db4c3df44,ok
2862d01d-78ba-405f-9881-1988e71c902b,ok
335939ff-5e96-42ab-9075-5b1a6c88cc9a,ok
54272f75-6cc9-4e9a-a700-dd8111951c15,ok
6e21254f-b267-45ff-9565-019af43436e0,ok
9a553924-ce87-4365-a18e-2c26ee5a5805,ok
c266c497-6a0e-4bc0-a3db-237e18d25d4b,ok
98bdbd2d-2f44-41d9-9f7f-36adde1999ed,ok
f1715a8e-f13e-42e4-bb46-27bd71c9e462,ok
1856b700-7f17-41bb-aea6-1c4f1c6e8746,ok
13f29f74-2788-4d38-88ac-72cff2f5d9a7,ok
ee8ae0b1-d447-42c1-9e25-948702473fd1,ok
25dfa79d-7983-48fc-a0fd-21db35c766a6,ok
1ce47ed0-63ea-45af-9543-950e1621cdd8,ok
d5f8decd-f8c8-4561-a30d-0ba5b7b8f609,ok
01e552aa-6eb3-4275-b425-0319a010bf99,ok
e17522b3-4027-4397-91bc-68a3cece5ec5,ok
08170102-2fc9-4263-9d90-cf170bf04de9,ok
012b0fb5-2405-43e8-b24f-aac3735d45f4,ok
150520d8-d676-4b41-8ba6-946a3474ae6d,ok
5eef35b4-a3b4-425b-95a1-86aea8232fea,ok
6c5eeadb-eba9-4774-b39f-1bc5c6e1302a,ok
440edbd0-44c0-484a-99d1-7a49f8eb1c1c,ok
d20b8a48-7692-49c3-a901-1bfb5953a824,ok
979cb75f-6927-4fa9-a377-5f20c94a7396,ok
19201ecf-c4d2-4971-8b1a-7216124c6f83,ok
6c66bc4c-4f9f-4259-b141-6b1a21f873af,ok
a293e724-04f4-4039-a8ed-5e700d5c5943,ok
ec5cdeb2-9410-4706-bed1-0a0a52948338,ok
14629a36-7410-4b9b-b162-f033256a20ed,ok
a003f8d1-58b2-4542-8f08-0dea677108e6,ok
964c40bb-06cd-4928-ab10-fe9a8e573a66,ok
198ca784-8ed4-4078-8d7d-ce2535200b3c,ok
57ed0ea9-4f2d-482a-83ee-73d9ee06eaa8,ok
3f5d2ad4-f19c-41b7-a8d6-f75a04e1f353,ok
e8fa01ea-a970-4791-a512-2ce70d5e5900,ok
ec53f173-e520-4392-80fa-a2540165c84d,ok
c3b4f82f-26e3-49a6-9ff0-27125757894f,ok
d11f592b-a9df-4604-a3fd-e725d318a3b5,ok
42921d97-c953-49c2-9415-66e3394383fd,ok
a50ed1df-bebf-4d45-aba8-ab0406ba05c0,ok
e2f65798-137d-4298-84b2-aa9343f04d96,ok
081308cc-def7-4437-866b-72052e0f94a7,ok
1b47309d-593f-48c5-9d48-f9142505438b,ok
fe3c5d03-ca0f-4f6f-bd8c-64aa621e58d2,ok
5b97c158-2f94-4eb7-a2f2-284de9d42598,ok
91be65ca-6061-48b8-930b-82674ddae7df,ok
d2c45996-ef65-4daf-b567-f5cd391ceab8,ok
d88f3287-9eb7-4a6f-99cc-f0c0495059f1,ok
1c7f5c5c-83e9-4fb6-8bbc-f7319df577a1,ok
dea716e8-579f-4370-8cf7-ce704d036525,ok
bced8d7d-9359-47df-8f76-a1201af4dcb1,ok
4971a9fc-f8be-4beb-88fe-8bd7e0162eb7,ok
dd53ecc9-290f-463f-86e1-c9ee7f6d42bd,ok
a62afcdb-86e8-455a-a8db-4ec53476c4e5,ok
7eb75082-e72d-4e10-bd7e-47406ac1a61d,ok
cc0a0945-3591-4ed7-ac35-87afdede7c1a,ok
077253d5-ea08-4137-967b-aceb52bd66cb,ok
40067471-fc99-4cde-a6fd-9c2083053e9d,ok
284a5dc7-3d3a-4ab2-b718-07bd65789aba,ok
88e6cda7-ff76-49f2-b645-2377832e4997,ok
d363cf36-7e21-4f0c-8dfe-eab89f5eda7d,ok
22ab17c7-ffa6-4bb1-ac68-289452379a3d,ok
44fd58e8-08ed-467a-bf8b-ab95c71de071,ok
dae43228-7900-4263-8916-61274f62f8b1,ok
d4651f72-e52d-4300-91b2-b67ff21fc9e3,ok
4e11a03a-1f68-4839-9ad0-4575e6fabd9f,ok
a2c32388-6ea3-4639-be50-181f836f1797,ok
567db6cd-a9f0-437c-b2b8-05d8c32f30a6,ok
e33d4b67-9e14-4154-9c86-ff457c57c210,ok
7f76b6ec-1202-4ba6-9f53-f0a19eb12efd,ok
1eec07b9-9e5b-43ec-837d-8e66ff611618,ok
195e847c-e9e8-431e-9022-8bd57d4dc37c,ok
f6655b34-43d3-45a8-82f0-4055f4854bee,ok
4f068a97-41c8-405e-963e-e0f6f1a52782,ok
f51e507d-b6de-4398-98e2-9782705b6faf,ok
7c132396-d2e8-41fb-814f-57a47cee5993,ok
9400a07d-17c9-4df7-99e3-c95639ab3db1,ok
96501437-29e5-45a9-ade8-4b4ac37ef531,ok
3e84baed-fc47-4413-ba3c-6f0ca1625b29,ok
9d88014a-be1d-4143-89f8-1e96cfbfd8fa,ok
b56d3d23-1918-4b2a-abcc-a11c92bec013,ok
43795ca9-3a1f-4e4b-ab68-37b238a58d03,ok
8c782f94-d662-4771-868b-1bdcd3c734bc,ok
808b3236-8b27-4daa-9712-5db8fca8d9b9,ok
4226f7ef-f682-440a-8ba6-f42d04138c49,ok
f4d41567-20a9-4bbe-8290-51a21bc8dee3,ok
e32ae772-c061-4d3c-b444-363b67ec27e7,ok
0082069a-5047-4416-b2ca-e874d89a5484,ok
c7a6faa3-4fd5-482e-8478-ef00a9717e9b,ok
1dfb8f99-de35-4d9c-8f9c-9c5798e3334b,ok
e459076b-4e44-4f4f-852a-8634f703826d,ok
57c45f07-a639-442a-8855-78770603a568,ok
1b059bf1-1dfe-49bd-a841-24006fb36a7a,ok
30fa8e8a-b2ba-498c-8149-199baca9d146,ok
a1cbe543-a4e9-4b0c-b622-85b62b4c9114,ok
dce3189d-482e-4f4c-aa05-f82b954f26b9,ok
715d5c66-cdf9-4345-96b6-d449bedae175,ok
3ff6ffe9-961e-47f5-b613-3a2b40f8dfad,ok
13a80ff1-86f1-497a-a481-a9fcc12448e8,ok
1ffa3aa4-1c0c-4553-9aaf-ab024d0c2b09,ok
90bbc70f-044e-468e-b777-43e83aa47566,ok
b2cdb503-81d8-4ace-8224-2b855c58565b,ok
5cb26381-ee2f-4164-9e6f-d16e508e0376,ok
1075b240-0f1d-4071-83ea-11397ece7ff8,ok
68a8ac09-9344-4048-a994-ac50ebd4a1c4,ok
54484a8d-eed7-495f-be77-018ca7ab6386,ok
9c8d6c6d-1448-444f-8beb-b3d67159313b,ok
9885fb8c-b737-482a-9a60-778a0035f59f,ok
140cf8a1-db3b-4530-aaf1-7227ba4efd1b,ok
5208d7ce-8c95-449c-bb67-fdab770fa2b8,ok
50f2ca71-a7e8-43e0-becc-0a480cac67ba,ok
0bad3461-747b-489f-bdbe-e769a105871b,ok
275a4313-876a-45ab-b023-5bbc0898075a,ok
c9555240-0a17-434e-91fe-4b86a16970fa,ok
cd67d791-ed12-4340-9e78-b0884f6f16b4,ok
6b877f53-974d-4698-b1c7-68dc534e02fc,ok
27c6d3fd-79e2-4e3f-b314-989859312ccf,ok
63bc7a74-f3ea-4c26-b0cb-491275e00f05,ok
4065299f-3065-466c-88cc-d2087bf0abb2,ok
cad82b64-6619-475a-bc24-bbe02124cbe4,ok
0667905f-499a-47c6-b013-e4c0feebd522,ok
8dfcd2ca-3241-466c-995b-d0c1a2fa48df,ok
45bf8ab1-b18e-42e3-9f7c-6388b41b3c73,ok
1831a081-d329-46eb-8aa9-7d021ef29f92,ok
10cbcd85-c30a-4e61-b920-9ffcf77ef9da,ok
b9f095aa-7676-40c1-9339-cbe9b7c4b3b9,ok
087611b8-1384-4fb4-a883-cee242632bec,ok
1d9f01b1-8b71-4382-922b-f39f8392a94b,ok
3420705e-444c-406c-aefe-ad63933d9420,ok
9670a282-f662-4f60-8f50-2b580db36dbe,ok
c12021ba-07d1-4797-9c4b-c07846298b38,ok
62dc396e-34d4-4ee3-bd2f-4c0236404e3a,ok
1d430820-420a-47ea-b0af-bdeb230e46ed,ok
2828d685-aa2b-424b-835b-c5e06813d33e,ok
629771b0-f431-426a-b64e-d5ed957800de,ok
0caa0b53-ba8a-4b09-88c9-989999d8cc95,ok
181124b8-f5c1-4f2d-8df6-54d781030dfd,ok
5bc66931-1089-47bf-9f76-b4b4c3acfd0f,ok
2d690a9c-e049-414c-bc32-d95e90d86fdd,ok
e5c4e038-8f11-4eeb-8c12-25a37d8faaac,ok
3f6abae8-1961-42ab-84ad-e36d80fa4cb0,ok
6cc2ae85-be11-4579-91e4-779722a59ea3,ok
35b74c2a-fe4b-4263-9fc4-23a6329fc0d7,ok
13151282-835f-408f-9873-aa0625b7e0f1,ok
e230c091-654f-4053-bd45-b837712edb27,ok
fe3f528b-dac4-425c-9f17-fc8a1b4c8c68,ok
ccab97a0-789c-469c-aaca-36c2c174da69,ok
e4fd2042-1e87-411b-b487-f56a21dc484c,ok
ab7fd6ff-7952-4837-9cae-9738c73d6a11,ok
c9a6628e-1a2f-45a9-9f6d-ba58a860d500,ok
ef1eba3a-9250-4daa-bd61-c28cffa5b464,ok
a66bc9df-d834-469e-a032-4d5a0b02df1d,ok
6968981d-538e-40ec-9f75-0d394d261406,ok
9fdfe1b9-4915-404f-8c3b-c6ec4632173b,ok
c5a7eeed-bd92-4a0d-9507-6f65a57d92d2,ok
ddba17d6-08b8-434a-8715-477edac0ee14,ok
d04aba7f-7120-4e45-a673-7fc6e6b58479,ok
aa1870bb-9873-419f-b84a-d9d4c9709d68,ok
1b1fbb19-c4ee-47e0-8c87-df2e386c0c85,ok
053845c4-5e63-4db3-bfe0-ff2e5d715dab,ok
8ecef24c-bf51-4717-8753-8f5bbf55e398,ok
7443324c-c314-4d4d-9858-ed66cedabefb,ok
6b1cbdf8-1198-44cb-aa5f-fbe5d48b572d,ok
b7d91bfb-62be-4bfb-9874-0a21cf1d5bc1,ok
214f31fc-0876-4439-aa77-f63f92f75bc5,ok
ef6dec52-fdb9-4f5e-8ba7-65718c98e0dd,ok
de485ac4-26b5-4227-a182-c04908a3c155,ok
273357fe-adb6-4c07-834d-4ad1dfd9b474,ok
f4339c82-4d6e-4341-a570-febb039b4b81,ok
5675cc82-ae91-42d6-b44b-3f458b8a6a68,ok
4473c58b-494e-46e6-813e-96fa12c84ae0,ok
e3ea4652-0cda-4199-8e34-1868b1dbca8e,ok
9bc673c5-005d-4fed-9734-0963f907e34a,ok
e995a782-f8bc-4efc-b2c4-b126a8e05eaf,ok
6ba35f4c-bee5-4b89-9600-27238e126a3a,ok
5e709529-c9bc-45e6-a267-304c4578631e,ok
b1d0bda5-58e6-4ce4-a739-d7f97f080f7c,ok
0d640e21-c2a3-4723-9456-7f00956dc9e9,ok
48ad8b6e-6918-4d25-964d-40260632ae19,ok
b5595314-5ad3-4118-8d3d-6228761bc43f,ok
fa204f8d-a15c-4caf-8c0f-8e9fbff25269,ok
a52b033a-3e9a-4347-8ba3-00e34f6defb7,ok
d91f3926-a246-4386-9d0b-1586a76c6a8f,ok
2ced7a2e-78e4-4fa7-b953-2d73f3389ad1,ok
3c3d9d58-d497-4226-b25d-5271b803e6ea,ok
7464ede1-bd0c-4752-abbd-506b7d19516d,ok
38eb4ea2-b131-464d-bf42-7974eef21ad2,ok
56440ed3-709a-4490-89b8-a559ec8e433c,ok
288cade5-9db3-4c6a-99c9-90af1472a84c,ok
2b33827c-11ea-4b44-8388-0b401ef50dfa,ok
bc289342-a1c3-4dbf-994e-048225b293a7,ok
5f970751-bac3-4d9d-a926-86d1de4f8fe8,ok
bdd21fb9-5598-40d9-98d3-afc89f59f8ee,ok
27c58bf7-3231-4c56-81f7-dd508db8ef41,ok
23e30d0c-2653-44d1-aee3-22a1be319738,ok
6c761f59-d626-41be-bf2a-02051765f49a,ok
8f2976c3-81b3-4cb2-a90f-352eaba308b1,ok
ec1a0343-4d04-490f-9ccd-ec53c2fdef2f,ok
ca334006-32dc-49da-9d32-28c009c4fe73,ok
7c49d301-4a41-40b0-bbcc-1cbfbe2b2007,ok
5bad8855-cb79-4e2d-a988-bc01488d079f,ok
8da185f5-12cf-4c69-8807-aec1d41d216e,ok
154a4390-24e9-428f-9a4d-4a58cce75fa1,ok
d45409e4-dc28-42ae-acf8-77e0d78332ac,ok
3ad5083d-fa18-4fa0-9213-cba5e4b8c331,ok
a9593e82-0372-411a-9bc1-51892d5da611,ok
6797f927-f643-40cd-adc0-3f4de3d0cc23,ok
3a7c9a01-8c12-4086-b586-6eb260a3fa96,ok
89d1513e-8cc9-498f-94b2-54852860dfc7,ok
721fbbe0-de3b-4b9b-a206-f689dd96b151,ok
bdd713ed-531f-408a-839c-336eddf2b30e,ok
c1616ea7-1e20-40bf-89e9-d94054509acc,ok
eeb26294-e31c-4874-8d70-ca74f22bbc61,ok
5c6136f2-6ff5-4d03-b571-f5c0b59fe9e2,ok
0d5ac896-c97a-4f99-b392-e59dee099947,ok
7456a86c-8e4b-4ba7-a41d-bed580324e49,ok
25a7135a-25e0-46ad-ab43-4048116a7330,ok
978fe87b-d01e-4430-a96c-4cce108de8cb,ok
f1175fc0-7637-4c14-a70b-11f440c7e115,ok
b279780a-481f-47af-9b8f-a4832aaecaf9,ok
3bc39666-46ad-4648-b922-687e916d7866,ok
d9d42901-a08c-4c34-bc96-777d071d889a,ok
10085013-b677-4d11-a371-80b50379a8f7,ok
59c7adfb-3725-43e7-b772-7e4a9074ed19,ok
e1d86b47-659d-4666-bd8d-ff67d59ad497,ok
01b945d4-1428-454c-891d-09452d5ae164,ok
bb7d8db1-bf66-4e79-bf83-b9e7ec686dac,ok
84214b1c-d2de-4a54-9e4a-a7d80752c105,ok
62a76bdf-f418-4032-9c49-c3ac06c46dac,ok
4ce23e83-0aec-4455-9191-f7e39929b888,ok
b9e0f94c-203d-4aa6-8333-81ccf96e5586,ok
89c3965b-58ec-454f-aa0c-6f62cbde968c,ok
30903d02-faee-44d3-94ae-62b8dde672a9,ok
964055a0-7bc6-4e8c-a0c5-8e42880c8b7f,ok
b6e73f08-2e08-408b-9129-fbf9c9378719,ok
e9a20bb7-81bd-4594-ab38-4e6d5369034b,ok
3ed1102a-7b75-46c8-be0f-c982d1969bb2,ok
fe4d6b2c-edf5-4f71-bc11-f333383b7345,ok
cd890ddb-1df4-4957-969d-e6fd5e259f7d,ok
abd70eef-9533-4dcc-bc0c-323939220bb8,ok
d65ad463-67d1-4c85-b138-92e8c4e4b2c0,ok
73b5274b-5427-4a2b-b262-292f41d82dc4,ok
a8de2ea8-de90-4431-94e0-8050773aa04e,ok
041488b7-4372-4569-9ad8-c46443aec899,ok
bed817bd-402e-4619-8d7d-773fbb0ebe0f,ok
05884fad-5b68-4f2d-aeec-2d8730c6f4c8,ok
9a397958-ec3c-4b34-983a-c342f1d655e7,ok
8a3389ea-7ba2-45ee-8c4f-56221f6fd5c6,ok
24b5f80f-d7f9-467e-b0ad-4b0051d9ead4,ok
3abf06ee-cd06-4c12-aaa8-5da81099d712,ok
0fe20e59-18d2-492e-93a9-f48baf3dd534,ok
a8111253-11f0-40ed-898f-aa0753624b6d,ok
04bc130b-0c99-4309-8aff-b0e6e29bc385,ok
ad813a1f-e6a1-4369-b184-44ba877b479c,ok
3ec98fd8-30a9-4eb4-81c4-e85975a6d7b2,ok
6f9645fb-5439-4d1a-a439-fc89b84a02de,ok
b57ce613-4197-4070-8301-6d6e367ed3e8,ok
96f990aa-e2b4-465b-a8b3-169387a14e51,ok
e9ea73e9-c31b-4f18-bed3-c2508eef50b2,ok
2586c31d-44f6-4c0f-9a43-50672f775c3e,ok
ddc5e112-1d25-42f1-8740-155f909fd00b,ok
60765022-c0c5-4e60-94da-90734f6db7b5,ok
986a013d-f516-4d05-97d0-54a2ca7a8b2a,ok
efe8b3cb-698d-478b-b679-38a3935af37f,ok
030d6dca-4feb-44b1-959a-228784132c4a,ok
1cbcc1f7-1be5-46d4-886d-bf30dcfcb61f,ok
6572e992-3aa3-4876-ad42-41da741721fd,ok
2d57b36d-9b65-4496-8a3f-716e3e5d7166,ok
2a61e55d-5fad-44de-a75f-e23d7895e2ab,ok
c95f650a-a116-43fd-899b-b1ec18541e59,ok
f26e0186-ebcb-4b1b-bbd8-8e00b6412f59,ok
aac79afb-15b9-48fc-b089-05888bd8a892,ok
95245047-7dd9-40f8-85b0-621ca0694ddc,ok
29a1531a-ce43-48dd-9b87-f006b4429c53,ok
f85943f5-589e-476b-8da7-09f1a0ace589,ok
71527cd1-5d66-4432-a159-7081d8000493,ok
c2428c56-cbb2-419c-95cd-33cff4d2e440,ok
5eb3721f-154e-4d32-8774-b9639aa87f7a,ok
41e5fd90-3d04-466c-96e6-5fef13553601,ok
418fc61f-97e4-4a50-bc77-c53ca0a6cd1d,ok
853ba1c4-31ef-4c71-b71e-c221995ff931,ok
5739b22f-07f2-4131-859e-cfec547a2c12,ok
c9ab8bce-a609-4e77-b263-10b112388fa7,ok
3d15b543-2552-488c-bdd4-685ac03d1e6f,ok
6da5de4f-226b-46ee-b368-ce5ebaadd73d,ok
b331b73f-4bfe-4582-a39a-d04f2d435eb1,ok
362359b0-585d-4aa6-8c2b-5dcba1579aa9,ok
29aa61a7-c70e-4705-b77d-538b5af83efe,ok
8f4d79dc-ce7c-41b1-98be-2b0fc0500d43,ok
31889044-b50e-48cc-af7b-43ccca9114fb,ok
c8fe6c6a-78c5-4b66-9522-ff54b50114f7,ok
5907be58-c877-4438-a44f-4ba1c9b8d855,ok
e6fc2a38-f363-4e96-8801-5ec76d54e6bb,ok
0a4a10dd-f70c-452a-b0d8-7deba7c26291,ok
68edd86a-8bfb-4e09-ada5-8845d104ceba,ok
f89b2447-22ef-42de-a2e1-9b4e31be6ef0,ok
59d907b9-aa6b-4401-8941-0cbdef8f9292,ok
4ef282a5-ea68-49d0-a1bd-6e7bb90e8d3f,ok
6ab5c9ec-54a1-4e2f-a717-d560c3193150,ok
dc6c23b0-b9d5-48ec-ab32-d897f1037c0e,ok
90d41ec6-7e33-401c-b3f4-ce2fd83fdf3d,ok
23211d4e-68f2-42c7-8306-717026fe6f0a,ok
20f2996d-9f56-406e-b54a-947a28ec1c32,ok
9c037edb-deff-4d32-890d-70f1006f841d,ok
b969cb90-14f4-43f2-9294-8ec37f8536ca,ok
d3117e39-f3f5-4de8-bb1c-8510ad7c08ba,ok
f3057972-4eb3-4fa1-9ce4-f4de38f9cf78,ok
c3430c45-88c6-428b-9318-49bea0cd7457,ok
4ae02845-ae21-4bfe-b198-694a7ae2eff7,ok
910f190b-96ff-4193-bd5a-9cdac6afc3ed,ok
967f67cc-03aa-4d78-9253-fbec4d27e5a2,ok
343799fa-6cb9-4f80-98b6-29864c3ab46b,ok
ee9594ae-4e4c-4536-aa02-1ce7651891c8,ok
7679e75a-2792-4b90-a4ea-4af86e80f349,ok
a5f345d3-b6b6-42a4-82de-ff3cf92859e7,ok
b846306d-c3e8-414f-92a4-35c49cb365a9,ok
3cfa8ed0-a351-4b1b-97af-a2192c2ab2ec,ok
a82420cc-61b0-45ff-a484-23cf9e25b88e,ok
1c76299d-b980-46f8-ad04-003289de478d,ok
a5a0bf84-6586-4fa6-b1c7-5e2781e930ce,ok
ad33ddf1-8cb6-4b73-8c68-d07b794fb134,ok
c5fc071f-aa1d-4316-aebf-afb6bcaef1cd,ok
58d220a2-0c10-42a8-9edb-7fc409662e10,ok
40dffcdd-8e64-4419-ae6a-d2ef1a3d06f6,ok
a2772cdd-67ad-4a40-ba3c-ac44fe3f888f,ok
5d83e81d-cd48-4323-b7a8-225078170dff,ok
fd95935d-0dd8-41ca-b4e9-51d73cff87e4,ok
672cc09a-2061-48b5-b32b-326a636fbf02,ok
445dadf5-bf5c-4139-82c4-7a4a8273a835,ok
f78ff25f-3f92-442a-a40a-ebacfba9c7c8,ok
04b3325b-aa16-4be4-a9fa-7896f1ce1d69,ok
7221c4f4-0d79-4b19-b6d3-5eb02e8fe7d3,ok
fa455f90-48e0-4b9b-98fe-6f967285497d,ok
32455519-8586-41cc-9a43-e74706244088,ok
88cb078d-d103-4849-9864-f95961418f15,ok
d858b1b0-631d-4534-8759-e73837b99959,ok
76f45506-c1d3-41e1-96bc-78bdc348f263,ok
8611ec22-3ece-4d05-9122-b4fd51ba9917,ok
83973685-c78e-47db-9c27-955f71fcdac0,ok
cdcff2ce-6077-4ea2-838c-89eac84dfaae,ok
80676a68-db43-4d73-914e-9e339b1e03fc,ok
a17cbd98-e9a0-4f6c-8a6b-a789b8286c5a,ok
2ae69637-7af8-4925-aaa8-80f006029884,ok
11ed7e8f-fa6e-407d-9e75-2a1600381898,ok
7c50f6e1-95fe-4d26-900f-377f0bbb6a10,ok
9de7c943-0437-4326-9caa-e4f9ebe32053,ok
23c2d251-e375-467f-a5e2-75e520c44965,ok
f08075db-ed43-4577-8f19-29732ad772a2,ok
8185e2b2-4d02-4b6c-9d93-45b010ec702c,ok
035afeda-aebc-4dfb-9c89-88c53e859584,ok
ab73ddf4-f67e-4212-a614-e78f58409864,ok
70d69ac6-9caf-44b0-a8ae-4df510664674,ok
a7e0721d-a154-4feb-9905-f6cf8373e246,ok
b9d7476e-3209-43e1-a242-8eee5e82eef6,ok
3667794d-a4bf-4a53-bdb7-342395bb4014,ok
4b2570ad-33ea-4f1f-8ce2-ad881e98795b,ok
135733b1-ea25-42cb-8621-82ceff85a369,ok
5c53cbdf-db38-47f5-a8ae-19d82bcea79b,ok
03ef44e5-5720-451b-98e6-2584a78cd34e,ok
f5cf5ff5-f5c8-4967-967e-3eee8833b916,ok
7e96f26b-f4ab-4233-a7dc-80aadce8ba1f,ok
4219d803-f59d-4818-9778-cf6cda037508,ok
e755a561-e8bb-483e-b6a5-520188274d0e,ok
57bf5105-dfc7-4e83-a55c-a6665dd46531,ok
64d74e60-c704-40a5-8ee0-5ddf0af97ddf,ok
047ed0f4-0e7e-42af-adf0-db00ca979d78,ok
ce8a9fb1-c8a4-4ccd-9e78-a35fffc22ed3,ok
447312ff-4188-412d-b5c7-a25443c656d1,ok
a8a5a415-0607-4f66-bf9e-f6a6f14778e0,ok
6f83a4d8-8ae4-416b-82eb-bf92ada04070,ok
65b6e000-475d-4ee3-89a9-09d7e028c448,ok
6a3e57d4-d3b4-4f60-8ba8-ad271edcce39,ok
b1829e92-ee7f-4c4c-bb7b-e1d53d0c428d,ok
caf42e08-f5e2-4156-b020-48238dbdecfa,ok
7a68ab56-5d24-4b30-a0de-90fb609ea774,ok
99bcd3a9-f404-4276-befa-ca5c172416fd,ok
ab15e1d9-9f46-4c24-af7c-ed459802bbb8,ok
28055f97-e27d-484c-a88a-38bf0e2552c5,ok
22fe0094-203c-42a9-b991-6cbdb5ff022b,ok
681569e7-7405-4428-88dd-ed72f05ac4b6,ok
3e609223-0692-4f91-98fc-bd9d8f79e7f4,ok
073cb95b-4954-4b97-ad5e-af1a755cc292,ok
4af4142a-42c7-4fa3-b2c7-b1c514919e45,ok
078d8f4d-a6cf-434f-95e2-aa5c601d002b,ok
fe783996-4775-4edb-9d37-f67c9e9a2e78,ok
ccb3f513-636d-4dcd-8506-ae9f9bd23644,ok
a05225c5-fa88-410f-966c-b91a1bb8bd62,ok
a1e87951-9d34-4cf3-95c6-941223346607,ok
29f08713-e227-460f-9d0a-3e77f004823a,ok
d789bed3-cf78-4fec-8fca-1588cfd11704,ok
0c2080d9-f425-43d8-8f9b-9f8a492984cf,ok
784e5c81-5320-4e6c-bdc7-27e51029291f,ok
5e4d66a6-ad4a-4506-b880-617ba7abc1b8,ok
5b16cfd3-5758-4451-865d-996c7fce18bb,ok
77360b9f-06e6-4f7f-adf5-9b22cd789074,ok
cbe8fee5-7824-4b06-a13f-407241ab20bc,ok
c7c9631f-a7ea-4181-a9cc-1ff87153afac,ok
eabfd4f8-73d1-45ac-bc50-c29d661143a7,ok
4bf5853f-a14a-4322-84a6-2dc1f921c3d1,ok
3815886a-a8ea-4cf9-8866-b55f453e7914,ok
ff8f9919-921c-4fe0-89b1-00d83c29296d,ok
daf22076-c7f8-4560-8fe7-53cbcfda5696,ok
66c3d5ee-2118-42bc-b13c-9dc1cdecf66d,ok
9cc416cd-d9b2-4017-b9c7-8c1deacd172f,ok
43753536-cd30-4654-bd48-d467ea8682c9,ok
d66667ce-d368-4c44-b4ef-7ac425ea8320,ok
e2a8b6ec-1a07-4ea2-9ba0-b7ed50aadb6e,ok
97accc28-4f66-4351-adb7-d472c05db9c4,ok
10a61f13-e3fc-466b-8688-c2e9dc683752,ok
3f63642a-6184-4669-9580-d7b7e1d6f664,ok
a77b5e4c-5309-4f00-be39-459fe542eb22,ok
045737a6-0fce-450d-b8cc-3297ed173db8,ok
34b01e17-794d-49f2-828e-72642c2d6313,ok
f3d37ff9-ad04-4016-a212-693fe8a703a9,ok
94b98db8-af67-4f6f-ac3e-315916efc1de,ok
f09a8592-aa5a-4d32-b789-ed2c77373f3c,ok
7712a5f1-b493-4b16-a806-37c9bcb72805,ok
4be0b6e7-ee09-42b5-b008-a1b3afaa3550,ok
b0e1e0fd-edce-4790-a473-02455c5c645e,ok
09043c20-31d8-470f-a670-eacb3e49c8bd,ok
e5809129-95b6-405b-ac7c-8dd6515e2817,ok
7e5fa0a1-41ec-4d57-a41f-e5df3b0126c4,ok
a0f069e7-6576-4f6a-ac92-7f1dc7ee00d3,ok
bea6c3c3-4e94-4bf5-bc33-549ec42e1b5d,ok
4f5c2635-14c0-4317-8c83-3afa5dbdde01,ok
fd43f8f1-b35e-4e83-97de-3e80e10f5e48,ok
dfe35721-b433-4935-b376-748427c6647e,ok
b6ec4f09-ce92-4e66-a339-793685538a33,ok
8d591587-231b-4f2d-bce7-5b37b497524c,ok
9ae880ed-3fa1-473a-a9c0-de0c0382a670,ok
27df6271-cf3c-45b2-b1a5-49297d49d8e0,ok
13c9a0a5-5209-42cc-b76e-c2732ef0cfef,ok
96d41f60-ba68-41a5-bd05-ef55f7b8243e,ok
4dc95451-829c-491d-9e4e-c7323319b2be,ok
762c45ba-ee33-47a3-9b04-33f639469e50,ok
f2e93c7c-d757-48dd-a659-721ba7410090,ok
c59bbd84-39e6-40a2-b425-492b9eaa0b03,ok
9dba72b4-2a98-448f-bf21-c62231ffd260,ok
a0d52a37-86e7-4ae2-add7-29130e8f6695,ok
3e9cb928-1b2b-48df-87b1-6bb41361804a,ok
e071be97-32b2-4a5e-a407-1855b81084d5,ok
8a52557f-1b52-44bc-9f29-a3ca1fc40464,ok
bdfd0545-e965-49d2-8500-98405b4848eb,ok
8859cb89-318a-4524-8c3b-9e2cb86c0049,ok
38359d31-aac1-4d77-a853-812ce0fd74c1,ok
e8ee27c6-a256-420c-8871-e4f78b83e138,ok
eb56f290-61e7-4daf-88de-1455604d188f,ok
c99595a1-fb69-4bf9-a63f-242507d82f41,ok
73ac1f48-d95a-4b61-81af-127238774971,ok
c09d2add-6d68-4992-8c24-b61b6ad11b73,ok
1599745b-eef3-47f3-883c-ff37736d13e9,ok
e4188397-e04f-4ddf-bf3c-d77e900b2b13,ok
772a8049-a84b-46ea-82e1-dfd88886a378,ok
7f5f1791-81fd-4453-a373-32772e665db2,ok
b060f924-d8f3-403b-94eb-5a58ce959fdb,ok
81b0a5b9-6e6c-44ab-a35c-1b73cab45852,ok
de14ad7a-016c-41b0-ad4f-a3cafdd77caf,ok
d3f90ca6-cc1c-4a1e-8d5a-fed306338700,ok
f764fa46-faea-45c0-bdf0-d21ba0172e89,ok
1864c544-97ad-4839-b418-e73fc4735fe0,ok
2747b0d4-255e-47fc-926f-0d374335a7c8,ok
e64c6b65-1b35-4a4c-a107-95ec4ce2dd62,ok
ec9fb039-3188-421d-ba02-cc5c0db2d6f1,ok
a17890e4-a232-46a7-bcf2-5027f70b224f,ok
a17610ec-9067-41a8-aa2f-fd5e994530bd,ok
2f4d587f-f812-4c84-92f3-d6e150dced70,ok
c1a55564-6aea-45d9-9c5d-c6021a58dde0,ok
e43cc6bc-5010-4bf4-91d9-a0f30715f4c7,ok
f68a6de1-97d0-4698-9330-4774e74d7b92,ok
72a41541-7403-443c-a1ee-362cce57763c,ok
b9efe63b-4aa1-4ce7-959c-ca9c3d7a8e80,ok
3d6b06d8-6b11-4671-8a88-a616608029ae,ok
7713562d-dcbd-433b-8662-b8aa3bec148f,ok
13d44887-58b6-4d3b-9bcb-584fb1e55ee2,ok
a21131eb-12af-4f8e-936e-d6389922374c,ok
0e1d4c95-a20f-4226-8c59-62ae124c7ad2,ok
d325fcaf-ba88-432a-9f7b-16f717ca85ec,ok
4539d457-8f64-4fd4-a2f7-6db4d33ba37b,ok
b56dfe9c-b87b-4301-a1a9-ebb00d371986,ok
f2d69b0d-e107-4729-8096-bd8b586dbb77,ok
89b8ef69-bc24-414b-866a-4f713fdf5121,ok
1d3ac9f9-53a3-47ae-82ef-2177e6631331,ok
7954fbf8-5668-49f6-a3b7-f316166aedeb,ok
a4e61a27-d05e-4ea0-835d-3849836d3269,ok
7b23cc5b-d9c5-42b2-870a-738d81ea07fd,ok
fe19e03e-21f2-48b9-a3e8-ef57eed867f1,ok
7f880ec2-77f6-4ffd-941e-4002feb46478,ok
d49f3484-fb20-4ad0-b65b-c5c4b5e8f755,ok
ede5c0ac-d81e-4146-ae75-a98da6e8a0df,ok
8a185c96-ae9c-4e76-9896-fc960cfedab8,ok
c8ed1fcb-bf4d-4f5e-90c1-ba49f0bd7aa6,ok
7f5a81ff-f94e-466b-b025-445972c5a3b4,ok
b74440ef-68a2-4bb6-bb01-d65d39b0f1b9,ok
5a235ea2-111c-4335-89a4-541eb963e2b4,ok
975f03ed-9f3c-46fe-96a6-38113162c768,ok
137fadeb-b540-4381-815d-a763d5d39473,ok
c5599d3e-dcc5-449a-994c-58f974b0498a,ok
346409ba-8551-4eaa-a50e-d579cbbec2f4,ok
bc50ca95-4a15-43e1-aca8-b1e4558136cc,ok
13ed59ab-2f6c-4b78-ae05-dc91bc3011e4,ok
679d0ef2-1662-424b-a445-1f9f71cfcd34,ok
cc947bc4-af7b-4a79-8c1b-ec81d7deaa55,ok
391f4f6c-5264-438d-8f44-7a88ab058e44,ok
824f6a99-6e14-473f-ad8d-0299b6776ebf,ok
b22d2780-d6ec-4f6d-b12b-957e5ca97586,ok
ccd623ad-97b0-4f49-af0a-cd196c8fdcdd,ok
0ec05fd4-3afa-48cb-8476-1b60e7f5c332,ok
e76d8583-aca4-4052-baa6-efc81d5cdafb,ok
e0796c3f-e5b1-4ee9-9019-531a5e9254d3,ok
1db0a8a9-162d-4983-a704-c35177ee5347,ok
a9470fc3-be14-46f0-a144-5968fe993b63,ok
1d08382e-97fd-429f-bdba-390e42c30f33,ok
b8adc8d6-2db7-4ed1-9c65-a578d704e3a4,ok
94177f72-29d5-426e-9aa6-451b485fbd8a,ok
f1fa992a-5c4f-4ec5-b21b-49d3aa44625f,ok
1dbd9ad5-34e2-4bdd-8b2f-0138dbd54890,ok
70d0f590-47d2-424d-bf5c-d01eef89aad3,ok
1e32491d-c316-402b-89e9-c51d5ae264de,ok
4314625e-9276-4995-ba17-51d57ead98b2,ok
adf1181f-de80-43d4-9040-51ef5ddb66e3,ok
abcf0856-eec5-46f6-8838-a3c3e860d3a6,ok
42b065bc-23d5-4c20-875a-8a9e27e45fe4,ok
ee4ab7fe-9810-47dd-b43b-5fb976bbb5f6,ok
6ade5569-07e6-4a86-8549-738aa2db51f4,ok
2b8a25c6-f3a4-46a4-826e-537877df42ee,ok
7007c04e-82c9-4312-a87d-fbdb8cced1c8,ok
37c56cbf-c3a0-4a0f-b6b3-7c91ba8e1d06,ok
d3309a61-3f10-4649-97b0-c1c0207dbd90,ok
35807704-dab6-4dc1-bea2-0413980b041c,ok
7057473f-c7c2-4816-8043-7f0cd51e23fa,ok
c22bd971-b188-418a-a1cd-da46f37fe31c,ok
54c88657-adfe-4528-a142-1ce92d3e1e06,ok
3ab2a269-e054-485e-98cf-81ed3f2d7e6a,ok
f73620be-f270-48a8-9539-fb2a4cc5e259,ok
82f4eb4a-3355-4911-92bb-8623cad41c20,ok
53a18167-8561-4ede-b57b-795da872bfa4,ok
7ad56e88-5405-4a88-b0c7-e51599297970,ok
db821547-01f4-43ae-8fd6-648c25796309,ok
f87e9625-8b89-4e82-86cc-f915fcaecb46,ok
beee5bc0-aaa4-401c-b282-26d307eab582,ok
888ddec1-f7fd-40e0-b4d1-1511e8b37618,ok
52815463-0297-4d30-bbd1-b7e704402206,ok
0a87976f-7518-4183-8a77-3d6e57169ffa,ok
e7c7475b-cf86-4204-aea8-d0eec881e620,ok
52490378-a04b-4fc6-b40c-3c842c111d1c,ok
37c8ef7a-8f9d-4531-99ac-2282fcd47045,ok
9b8dd961-cf39-4abe-a89d-0715631af531,ok
581b6f2c-dd08-4c45-bc32-d393589b6c0a,ok
e68a7496-e98d-4716-9d02-fcbbc458efbc,ok
b3408140-3000-4c7c-9e4b-d092a107fb73,ok
f2c2790b-b1dc-4ff6-8332-58983df3e6ac,ok
182b6e26-6460-4bee-a080-09fe8c82d1c3,ok
a1b7df98-78f6-48f7-9efc-75e507c5fc54,ok
e7d19682-7f9e-478a-81ea-ea7a0e0fef0a,ok
a51f5a2d-cc2b-4be9-9585-86a2b69c46c2,ok
f6e1be4b-b721-4bbc-afb0-28fef82aa1c0,ok
9b1ba65f-6f72-488b-a2ce-187f6c38b862,ok
0204ba1b-3ea1-4d54-af67-0c4f4530fced,ok
6a99f528-345e-4ed7-a5b5-5815447ce803,ok
d1a9127e-a651-4712-8fac-8bc253e85e61,ok
e85bc773-253c-4e59-a31f-4d9fe77ef87f,ok
c9b7c229-0f57-4a56-b1d1-03648d3c3f14,ok
47bd36c8-2503-4978-9395-520cf2f7c36a,ok
fe009e43-1de0-4053-b0d3-8fdd5461c53c,ok
b2784356-34db-414b-8213-6a8c3c4d4948,ok
ded586c1-ee4a-453d-84be-ef5c3aeeac05,ok
