directus_id,filename_download,r2_key,esito,dettaglio
00550e12-40d8-4958-b1e1-e7c1cd600d2c,viola-mimosa.jpg,copertine/00550e12-40d8-4958-b1e1-e7c1cd600d2c,dry-run,
0082069a-5047-4416-b2ca-e874d89a5484,Arcabas.jpg,copertine/0082069a-5047-4416-b2ca-e874d89a5484,dry-run,
0087da76-25ed-41da-bbef-3c34b64a95ae,tutti-al-lavoro-Ombre-e-Luci-n.125-2014.webp,copertine/0087da76-25ed-41da-bbef-3c34b64a95ae,dry-run,
00b13c1c-7402-4eda-94b9-3ca0a82da153,Mimo-Together.jpg,copertine/00b13c1c-7402-4eda-94b9-3ca0a82da153,dry-run,
00bc451b-a75d-4d5c-ad59-743c78933dcc,oel042-027B.jpg,copertine/00bc451b-a75d-4d5c-ad59-743c78933dcc,dry-run,
00cea1d8-8a77-4607-a213-5e597b4dd2d8,oel050-027B.jpg,copertine/00cea1d8-8a77-4607-a213-5e597b4dd2d8,dry-run,
00cf72f3-f8f7-485c-a611-c70329d4338e,mani-calde-recensione-ombre-e-luci-n.119-2012.webp,copertine/00cf72f3-f8f7-485c-a611-c70329d4338e,dry-run,
00e5329d-e048-467e-805f-6e44c2d6b90e,oel046-021.jpg,copertine/00e5329d-e048-467e-805f-6e44c2d6b90e,dry-run,
00eae493-0881-483b-b605-cbf60a948470,Valentina-scuola.jpg,copertine/00eae493-0881-483b-b605-cbf60a948470,dry-run,
00f43254-bcd3-41cc-9398-bc37e169d1e9,Schermata-2023-02-08-alle-18.54.57.webp,copertine/00f43254-bcd3-41cc-9398-bc37e169d1e9,dry-run,
01082cd1-8580-4328-82de-df196daef998,testimonianze.jpg,copertine/01082cd1-8580-4328-82de-df196daef998,dry-run,
012863db-bae6-4b6a-addd-b7659ede0d71,oel_n2_conoscere_l_handicap011_cnranire.com_.jpg,copertine/012863db-bae6-4b6a-addd-b7659ede0d71,dry-run,
012b0fb5-2405-43e8-b24f-aac3735d45f4,la-pecora-nera-recensione-film.jpg,copertine/012b0fb5-2405-43e8-b24f-aac3735d45f4,dry-run,
01410a86-cefb-4771-ae6b-d0de545bc05e,oel031-001.jpg,copertine/01410a86-cefb-4771-ae6b-d0de545bc05e,dry-run,
0156e739-c2be-4f25-b59f-4cf7e4608e76,Benedetta-nonna-copertina.jpg,copertine/0156e739-c2be-4f25-b59f-4cf7e4608e76,dry-run,
0175cc6b-8ef6-4299-b807-2cd3b25f0ea1,Luovo-nero.jpg,copertine/0175cc6b-8ef6-4299-b807-2cd3b25f0ea1,dry-run,
01ad93a9-a59f-49cb-8026-4c2209bf9d60,Special-Olympics.jpg,copertine/01ad93a9-a59f-49cb-8026-4c2209bf9d60,dry-run,
01aeadb4-eaac-4d2c-a04a-50885ebe01d8,Rowan-Le-Compte-Irene-Matz-Le-Compte-The-Walk-of-Emmaus-1970.jpeg,copertine/01aeadb4-eaac-4d2c-a04a-50885ebe01d8,dry-run,
01b945d4-1428-454c-891d-09452d5ae164,Ucraina-2015-2.jpg,copertine/01b945d4-1428-454c-891d-09452d5ae164,dry-run,
01d162b5-3480-4634-86a0-4e163b3ae003,Rosie-Lyons-small.jpg,copertine/01d162b5-3480-4634-86a0-4e163b3ae003,dry-run,
01e552aa-6eb3-4275-b425-0319a010bf99,Papa-Francesco-incontro-internazionale.jpg,copertine/01e552aa-6eb3-4275-b425-0319a010bf99,dry-run,
01f1696c-d525-453f-a642-c288439f14d4,Campi-NL-22.jpg,copertine/01f1696c-d525-453f-a642-c288439f14d4,dry-run,
0204ba1b-3ea1-4d54-af67-0c4f4530fced,29.jpg,copertine/0204ba1b-3ea1-4d54-af67-0c4f4530fced,dry-run,
020fd585-8c5e-4b66-9e15-7f314c16aca1,dialogo-aperto.jpg,copertine/020fd585-8c5e-4b66-9e15-7f314c16aca1,dry-run,
0281496e-65c0-4931-a864-254fdb248650,oel041-007.jpg,copertine/0281496e-65c0-4931-a864-254fdb248650,dry-run,
029ab65e-5214-4965-9bee-55c9fb0496ae,una-giornata-particolare-Ombre-e-Luci-n.126-2014.webp,copertine/029ab65e-5214-4965-9bee-55c9fb0496ae,dry-run,
02df1bf9-8344-4777-a2bb-f614102851f0,4.jpg,copertine/02df1bf9-8344-4777-a2bb-f614102851f0,dry-run,
03070e35-362e-40ff-9f02-5b8ce2ac114b,Mai-più-soli-OL-151.jpg,copertine/03070e35-362e-40ff-9f02-5b8ce2ac114b,dry-run,
030d6dca-4feb-44b1-959a-228784132c4a,oel050-00A.jpg,copertine/030d6dca-4feb-44b1-959a-228784132c4a,dry-run,
032ac4a5-f329-4cb9-b56f-296d3f3a3f2b,dialogo-aperto-archivio.jpg,copertine/032ac4a5-f329-4cb9-b56f-296d3f3a3f2b,dry-run,
0336f2a1-0ceb-4796-812a-f9f8cc5160ae,Benvenuti-al-Sud-Ragazzi.jpg,copertine/0336f2a1-0ceb-4796-812a-f9f8cc5160ae,dry-run,
033c9b68-ea87-4d4c-9f64-eb3d8ebfabfe,0-Ombre-e-Luci-n.98-2007-1.webp,copertine/033c9b68-ea87-4d4c-9f64-eb3d8ebfabfe,dry-run,
035afeda-aebc-4dfb-9c89-88c53e859584,Redazione-Mariangela.jpg,copertine/035afeda-aebc-4dfb-9c89-88c53e859584,dry-run,
036edb6f-fe1a-4adc-b331-96144fcbd4e6,The-Teacher-film-Palestina.jpg,copertine/036edb6f-fe1a-4adc-b331-96144fcbd4e6,dry-run,
03785446-a691-4028-a28c-5ac6563d2302,cop_forse.webp,copertine/03785446-a691-4028-a28c-5ac6563d2302,dry-run,
03832fba-8b55-46c9-853a-50b64d9c391d,Jean-Vanier-documentario.jpg,copertine/03832fba-8b55-46c9-853a-50b64d9c391d,dry-run,
03cbab4c-30d5-4997-89a3-b097bab3afcb,markus-spiske-BfphcCvhl6E-unsplash.webp,copertine/03cbab4c-30d5-4997-89a3-b097bab3afcb,dry-run,
03d61666-1f98-4ae2-87ad-ac2311a274fc,trieste-e-bella-di-notte.jpeg,copertine/03d61666-1f98-4ae2-87ad-ac2311a274fc,dry-run,
03ef44e5-5720-451b-98e6-2584a78cd34e,oel037-030.jpg,copertine/03ef44e5-5720-451b-98e6-2584a78cd34e,dry-run,
03f4f381-c76b-4a83-9061-672832363c29,3.jpg,copertine/03f4f381-c76b-4a83-9061-672832363c29,dry-run,
041488b7-4372-4569-9ad8-c46443aec899,ANGELICO_Fra_Annunciation_1437-46_2236990916-1.jpg,copertine/041488b7-4372-4569-9ad8-c46443aec899,dry-run,
041ab5cb-7237-4ac9-aca3-63f55b8f2361,Colibri-associazione-Roma.jpg,copertine/041ab5cb-7237-4ac9-aca3-63f55b8f2361,dry-run,
0431b88c-7548-4ee5-8eca-e709c76cd42a,copertina-4-15-cut.jpg,copertine/0431b88c-7548-4ee5-8eca-e709c76cd42a,dry-run,
043241b7-5773-43fc-9173-7dfcbce39e08,L-Casella-Leeds-Ombre-e-Luci-n.144-2018.webp,copertine/043241b7-5773-43fc-9173-7dfcbce39e08,dry-run,
044f6027-0538-49ef-a376-894e6f3f8f71,dialogo-aperto-archivio.jpg,copertine/044f6027-0538-49ef-a376-894e6f3f8f71,dry-run,
0456a944-4154-497e-a0a7-898cb5a9d223,oel056-007.jpg,copertine/0456a944-4154-497e-a0a7-898cb5a9d223,dry-run,
045737a6-0fce-450d-b8cc-3297ed173db8,00-17-Ombre-e-Luci-n.-79-2002.jpg,copertine/045737a6-0fce-450d-b8cc-3297ed173db8,dry-run,
045aaaeb-aaf6-4e5c-9b5d-b322e999ebc0,24-Ombre-e-Luci-n.84-2003.jpg,copertine/045aaaeb-aaf6-4e5c-9b5d-b322e999ebc0,dry-run,
045d21bd-b650-4ad5-82da-3fba0d5dc8fa,Mio-fratello-rincorre-i-dinosauri-Ombre-e-Luci-n.134-2016.webp,copertine/045d21bd-b650-4ad5-82da-3fba0d5dc8fa,dry-run,
046c85d2-da76-4ddf-8fbc-d1b09dc3fd59,Keaith-Salmon.jpg,copertine/046c85d2-da76-4ddf-8fbc-d1b09dc3fd59,dry-run,
04730cb3-85f8-40d2-925a-5af3b090ddc8,cole-keister-YGFyjZEDxf0-unsplash.webp,copertine/04730cb3-85f8-40d2-925a-5af3b090ddc8,dry-run,
047ed0f4-0e7e-42af-adf0-db00ca979d78,24-1-Ombre-e-Luci-n.99-2007.webp,copertine/047ed0f4-0e7e-42af-adf0-db00ca979d78,dry-run,
048565fb-b75a-4be4-9a7f-4833b3ea2eed,pellegrini-3.webp,copertine/048565fb-b75a-4be4-9a7f-4833b3ea2eed,dry-run,
04b28b78-bded-4f4d-864d-33f44f6c44ae,Comunita.jpg,copertine/04b28b78-bded-4f4d-864d-33f44f6c44ae,dry-run,
04b3325b-aa16-4be4-a9fa-7896f1ce1d69,oel046-015.jpg,copertine/04b3325b-aa16-4be4-a9fa-7896f1ce1d69,dry-run,
04bb125f-b0bb-4062-ae3b-9b79349bff56,oel057-005.jpg,copertine/04bb125f-b0bb-4062-ae3b-9b79349bff56,dry-run,
04bc130b-0c99-4309-8aff-b0e6e29bc385,oel_n1_vita_fede_e_luce02_fx.jpg,copertine/04bc130b-0c99-4309-8aff-b0e6e29bc385,dry-run,
04cf66d8-afa4-4b41-92c9-7ed7f191d4a9,oel65-0021.jpg,copertine/04cf66d8-afa4-4b41-92c9-7ed7f191d4a9,dry-run,
04d01cec-bc8f-4d2c-9a02-b05ac8f3ea95,Mimo-Together.jpg,copertine/04d01cec-bc8f-4d2c-9a02-b05ac8f3ea95,dry-run,
04d64d85-def5-45d5-934c-a10d5b697b4a,oel072-006.jpg,copertine/04d64d85-def5-45d5-934c-a10d5b697b4a,dry-run,
04dc6890-97f1-41e7-9bd4-fb59ec7f31d9,Padre-Benoit-Pompei-2.jpg,copertine/04dc6890-97f1-41e7-9bd4-fb59ec7f31d9,dry-run,
050d29ce-d05b-4ee1-8c30-4afd50e760d6,libri-vecchi.jpg,copertine/050d29ce-d05b-4ee1-8c30-4afd50e760d6,dry-run,
050f13a6-1acb-448e-b9d7-21dc8e7a09d2,P_20171011_092402-1.jpg,copertine/050f13a6-1acb-448e-b9d7-21dc8e7a09d2,dry-run,
053845c4-5e63-4db3-bfe0-ff2e5d715dab,libri2.jpg,copertine/053845c4-5e63-4db3-bfe0-ff2e5d715dab,dry-run,
0550a6c8-0711-46b2-be7c-aad9fdf411ba,oel040-027.jpg,copertine/0550a6c8-0711-46b2-be7c-aad9fdf411ba,dry-run,
05547a7d-ba95-43c8-9886-0744499d7478,Fede-e-Luce-Logo-old.jpg,copertine/05547a7d-ba95-43c8-9886-0744499d7478,dry-run,
0554fd15-e60b-4e60-9133-e2efb15c041f,dialogo-aperto-archivio.jpg,copertine/0554fd15-e60b-4e60-9133-e2efb15c041f,dry-run,
05884fad-5b68-4f2d-aeec-2d8730c6f4c8,Ippoterapia.jpg,copertine/05884fad-5b68-4f2d-aeec-2d8730c6f4c8,dry-run,
05a182b2-14f1-4201-9270-c6f31eaa2ff7,imgprovvisoria.jpg,copertine/05a182b2-14f1-4201-9270-c6f31eaa2ff7,dry-run,
05caca4c-e990-4c33-8ab0-9ab052ec3e94,E-questo-e-niente.jpg,copertine/05caca4c-e990-4c33-8ab0-9ab052ec3e94,dry-run,
05ed81f9-f4e8-48df-ab9d-289236242971,Colori-e-profumi-laboratorio-attivita-riabilitative-Ombre-e-Luci-n.126-2014.webp,copertine/05ed81f9-f4e8-48df-ab9d-289236242971,dry-run,
05f73ba2-87cf-4229-b035-ec9486cf6fd3,Sede-Regione-Toscana.jpg,copertine/05f73ba2-87cf-4229-b035-ec9486cf6fd3,dry-run,
06043c57-e52b-48aa-b204-9172b3809a7a,Trouble-girl.jpg,copertine/06043c57-e52b-48aa-b204-9172b3809a7a,dry-run,
060b1c95-6f79-4e79-8049-44ded3e573f0,Pharmakon.jpg,copertine/060b1c95-6f79-4e79-8049-44ded3e573f0,dry-run,
061cd79c-e4ab-4053-95cb-00cbb9641f3e,navigli-deserti.jpg,copertine/061cd79c-e4ab-4053-95cb-00cbb9641f3e,dry-run,
0626034a-3e13-4ae6-bc91-4d62a880df37,province.jpg,copertine/0626034a-3e13-4ae6-bc91-4d62a880df37,dry-run,
063e8d17-b454-444f-aee9-c4f95f29e568,Mariangela-campeggio-Ombre-e-Luci-n.128-2014.webp,copertine/063e8d17-b454-444f-aee9-c4f95f29e568,dry-run,
06517e3f-8165-4f72-b0d1-b9d01db69bbc,Emanuela-Posa-Rd-Congo.jpg,copertine/06517e3f-8165-4f72-b0d1-b9d01db69bbc,dry-run,
0656a201-5630-458d-a2a4-8c38beafc3d5,Network-sociale.jpg,copertine/0656a201-5630-458d-a2a4-8c38beafc3d5,dry-run,
0667905f-499a-47c6-b013-e4c0feebd522,La-chiesa-accanto-a-mio-figlio-@im.va-Riccardo-Rossi-Ombre-e-Luci-n.139-2017-Ombre-e-Luci-n.139-2017.webp,copertine/0667905f-499a-47c6-b013-e4c0feebd522,dry-run,
0670f708-97cb-400b-85ce-fa62097b666c,Benedetta-Papa.jpg,copertine/0670f708-97cb-400b-85ce-fa62097b666c,dry-run,
0671475e-09fa-443e-b13b-44bbd2f83d7d,libri-vecchi.jpg,copertine/0671475e-09fa-443e-b13b-44bbd2f83d7d,dry-run,
06757fb9-c6c0-4dfb-b088-3efd0e67172f,dialogo-aperto.jpg,copertine/06757fb9-c6c0-4dfb-b088-3efd0e67172f,dry-run,
067c21c1-076d-4b7c-a121-50d7d4a3406c,Querido-tropico.jpg,copertine/067c21c1-076d-4b7c-a121-50d7d4a3406c,dry-run,
068cc5b5-d8c9-49d7-ad66-7fec824ca4d2,Mirtilla-e-Stefano.jpg,copertine/068cc5b5-d8c9-49d7-ad66-7fec824ca4d2,dry-run,
06bc67ec-e6a6-4ab3-84cc-ba4a51636da2,olga-kononenko-98__MsKaUsI-unsplash-low.jpg,copertine/06bc67ec-e6a6-4ab3-84cc-ba4a51636da2,dry-run,
06cc36cd-29a9-4818-ac1b-f3b764c6d5cb,Mirko-Piras-_-Chef-Antonio.jpg,copertine/06cc36cd-29a9-4818-ac1b-f3b764c6d5cb,dry-run,
06cd5266-5fa5-41de-8623-37711fff1bd6,Andrea-Posa-tandem-Trentino.jpg,copertine/06cd5266-5fa5-41de-8623-37711fff1bd6,dry-run,
06e9f638-8753-4268-ba14-7118d39a1b32,Fede-e-Luce-inizi.jpg,copertine/06e9f638-8753-4268-ba14-7118d39a1b32,dry-run,
073cb95b-4954-4b97-ad5e-af1a755cc292,Suor-Elena-1.jpg,copertine/073cb95b-4954-4b97-ad5e-af1a755cc292,dry-run,
0745cb4a-c859-45c9-8b31-a2efc5a5bdd4,Benedetta-Estate-2025.jpg,copertine/0745cb4a-c859-45c9-8b31-a2efc5a5bdd4,dry-run,
077253d5-ea08-4137-967b-aceb52bd66cb,Marco-Rizzo-Negato-per-il-disegno_-Da-Aut-Art-Festival-e1764337587120.jpg,copertine/077253d5-ea08-4137-967b-aceb52bd66cb,dry-run,
078b259e-d17f-43ef-88cc-278ecad48a48,oel031-012.jpg,copertine/078b259e-d17f-43ef-88cc-278ecad48a48,dry-run,
078d8f4d-a6cf-434f-95e2-aa5c601d002b,Antonietta-Together.jpg,copertine/078d8f4d-a6cf-434f-95e2-aa5c601d002b,dry-run,
0799c176-3433-4fa7-9a9b-96c169dc38ef,Si-chiama-sara-Ombre-e-Luci-n.-120-2012.webp,copertine/0799c176-3433-4fa7-9a9b-96c169dc38ef,dry-run,
07a9bf74-a4ce-4bb1-9ce3-0136f6bda457,quando-il-silenzio-fa-rumore-Ombre-e-Luci-n.82-2003.jpg,copertine/07a9bf74-a4ce-4bb1-9ce3-0136f6bda457,dry-run,
07c2c071-0a08-4f81-bbd0-3723a32bbfd5,PXL_20210917_145431161A.jpg,copertine/07c2c071-0a08-4f81-bbd0-3723a32bbfd5,dry-run,
07d88266-d4f8-4d0f-bdc9-bce4392c1573,in-cammino-Ombre-e-Luci-n.129-2015.webp,copertine/07d88266-d4f8-4d0f-bdc9-bce4392c1573,dry-run,
081308cc-def7-4437-866b-72052e0f94a7,vietato-non-sfogliare.jpg,copertine/081308cc-def7-4437-866b-72052e0f94a7,dry-run,
08170102-2fc9-4263-9d90-cf170bf04de9,libri2.jpg,copertine/08170102-2fc9-4263-9d90-cf170bf04de9,dry-run,
08484da7-ae88-4b83-b80f-cc238584f3dc,oel_n5_perche-lontano-da-dio.jpg,copertine/08484da7-ae88-4b83-b80f-cc238584f3dc,dry-run,
086b8cb7-4a6f-4772-bb0a-d87a0de29460,Costanza-1.jpg,copertine/086b8cb7-4a6f-4772-bb0a-d87a0de29460,dry-run,
087611b8-1384-4fb4-a883-cee242632bec,cover-guglielino.jpg,copertine/087611b8-1384-4fb4-a883-cee242632bec,dry-run,
08866826-8af6-4211-8738-558815049f88,Mauritius.jpg,copertine/08866826-8af6-4211-8738-558815049f88,dry-run,
089df3f5-c7ff-43fe-a77b-2be2fcdadf16,Bebe-Vio-Ombre-e-Luci-n.135-2016.webp,copertine/089df3f5-c7ff-43fe-a77b-2be2fcdadf16,dry-run,
08c5eb71-7a47-4205-b4d4-3b65705184a8,libri-vecchi.jpg,copertine/08c5eb71-7a47-4205-b4d4-3b65705184a8,dry-run,
08ef4cee-d479-4b09-b520-be5ba7cd06d5,oel033-009.jpg,copertine/08ef4cee-d479-4b09-b520-be5ba7cd06d5,dry-run,
09043c20-31d8-470f-a670-eacb3e49c8bd,se-ti-abbraccio.jpg,copertine/09043c20-31d8-470f-a670-eacb3e49c8bd,dry-run,
090471e3-3b3a-415c-8466-dbd71cedcc0e,La_tempesta_di_Sasa_Striano-Recensione-Ombre-e-Luci-n.135-2016.webp,copertine/090471e3-3b3a-415c-8466-dbd71cedcc0e,dry-run,
09349489-b4a5-4bd5-981b-3dc653af8452,dialogo-aperto.jpg,copertine/09349489-b4a5-4bd5-981b-3dc653af8452,dry-run,
0969387f-745b-4297-996b-0438de8bc59b,srteresita3.jpeg,copertine/0969387f-745b-4297-996b-0438de8bc59b,dry-run,
0990d85a-ff56-4336-b939-8f637b761686,Un-capo-atipico-per-l-arca-riabilitative-Ombre-e-Luci-n.126-2014.webp,copertine/0990d85a-ff56-4336-b939-8f637b761686,dry-run,
099d8965-0a6d-412b-9fc0-ca734d647525,Cover-NL-19.jpeg,copertine/099d8965-0a6d-412b-9fc0-ca734d647525,dry-run,
09a2b672-8038-4972-a554-951d5815eec0,Gioia-e-le-altre-Ombre-e-Luci-n.134-2016.webp,copertine/09a2b672-8038-4972-a554-951d5815eec0,dry-run,
09a3f763-9b2d-4a1d-85f6-df92c40f8378,oel15-011.jpg,copertine/09a3f763-9b2d-4a1d-85f6-df92c40f8378,dry-run,
09a54036-cb37-4a62-b161-4e0c598cba2a,Benedetta-Roma.jpg,copertine/09a54036-cb37-4a62-b161-4e0c598cba2a,dry-run,
09d496f2-a2b0-4920-8427-76ed6b43eccf,00-15-Ombre-e-Luci-n.-79-2002.jpg,copertine/09d496f2-a2b0-4920-8427-76ed6b43eccf,dry-run,
09d7458f-9da8-402d-a090-16cf5677ccc2,libri3.jpg,copertine/09d7458f-9da8-402d-a090-16cf5677ccc2,dry-run,
0a1e9386-f693-42d0-a5dc-627a95fc251f,papa-giovanni-paolo-ii-min-interno-.webp,copertine/0a1e9386-f693-42d0-a5dc-627a95fc251f,dry-run,
0a3d442b-cf66-4cd2-8774-66f8327637c1,Efrem-cappella-di-famiglia.jpg,copertine/0a3d442b-cf66-4cd2-8774-66f8327637c1,dry-run,
0a3e0a6b-c6bd-4f12-8703-e8c715b4676b,Il-motivo-per-cui-salto-Recensione-Ombre-e-Luci-n.126-2014.webp,copertine/0a3e0a6b-c6bd-4f12-8703-e8c715b4676b,dry-run,
0a4a10dd-f70c-452a-b0d8-7deba7c26291,Istituto-Mio-Dio-Ombre-e-Luci-n.-122-2013.webp,copertine/0a4a10dd-f70c-452a-b0d8-7deba7c26291,dry-run,
0a87976f-7518-4183-8a77-3d6e57169ffa,oel045-014.jpg,copertine/0a87976f-7518-4183-8a77-3d6e57169ffa,dry-run,
0a8a0068-cbe2-4bdf-8b94-e010cf2572c4,dialogo-aperto.jpg,copertine/0a8a0068-cbe2-4bdf-8b94-e010cf2572c4,dry-run,
0a96d4fe-16f5-4c04-a0a5-ba22ffcd7488,libri-vecchi.jpg,copertine/0a96d4fe-16f5-4c04-a0a5-ba22ffcd7488,dry-run,
0a9e381e-f6dc-45b3-b97d-07ae755bfae0,cover-alessandro-desimone-cinema-e-disabilita-Ombre-e-Luci.jpg,copertine/0a9e381e-f6dc-45b3-b97d-07ae755bfae0,dry-run,
0aa7d78c-9fb3-48dc-921c-5e6d28ba4703,10-buoni-motivi-per-fare-volontariato.jpg,copertine/0aa7d78c-9fb3-48dc-921c-5e6d28ba4703,dry-run,
0aac5cd7-8023-4f3f-99d9-31c0944971be,indovinelli-bosco.jpg,copertine/0aac5cd7-8023-4f3f-99d9-31c0944971be,dry-run,
0ab37701-38d4-4ae5-a845-6dc0f8283fad,Benedetta.jpg,copertine/0ab37701-38d4-4ae5-a845-6dc0f8283fad,dry-run,
0ada673b-9fb9-4e3c-8b65-716319c77e2d,oel056-00A.jpg,copertine/0ada673b-9fb9-4e3c-8b65-716319c77e2d,dry-run,
0aeb8189-e1cd-4586-83ba-c184829fc79c,insieme-1975-il-problema-dellacqua.webp,copertine/0aeb8189-e1cd-4586-83ba-c184829fc79c,dry-run,
0af5d52d-0e59-4477-907b-1726920b3381,cecialia-unesperienza-cover-insieme-n.2-.jpg,copertine/0af5d52d-0e59-4477-907b-1726920b3381,dry-run,
0b0b9baa-a9c1-48f6-a646-a9248ce27a25,oel030-018.jpg,copertine/0b0b9baa-a9c1-48f6-a646-a9248ce27a25,dry-run,
0b1ba194-bbf4-48c1-8d5a-4c924e59dcf7,DSCF1152.webp,copertine/0b1ba194-bbf4-48c1-8d5a-4c924e59dcf7,dry-run,
0b2e616a-7309-4b50-bc61-4381afb876d0,chernobyl-2471003_960_720.jpg,copertine/0b2e616a-7309-4b50-bc61-4381afb876d0,dry-run,
0b3393e3-4340-4e47-97e6-b2df4d850c28,oel027-016.jpg,copertine/0b3393e3-4340-4e47-97e6-b2df4d850c28,dry-run,
0b556ab9-f2a5-4237-92da-1f452842257e,insieme-10-1976-estate-faremo.webp,copertine/0b556ab9-f2a5-4237-92da-1f452842257e,dry-run,
0b5660f3-e3d8-4cf9-8c2c-c2f66316e1d4,Mariangela-alleluia-Ombre-e-Luci-n.128-2014.jpeg,copertine/0b5660f3-e3d8-4cf9-8c2c-c2f66316e1d4,dry-run,
0b5fe4ba-a305-4e38-b2a8-6d54037fb7ec,7-1.jpg,copertine/0b5fe4ba-a305-4e38-b2a8-6d54037fb7ec,dry-run,
0b79f9ef-326c-4c83-a8e0-038d39a57fe3,17-Ombre-e-Luci-n.84-2003.jpg,copertine/0b79f9ef-326c-4c83-a8e0-038d39a57fe3,dry-run,
0ba42768-6da0-4ad1-b054-2b17309443b9,Maria-Lucia-Fabio-e-Paolo-del-Chicco-La-grande-famiglia-Ombre-e-Luci-n.100-2007.webp,copertine/0ba42768-6da0-4ad1-b054-2b17309443b9,dry-run,
0ba66205-0a73-4a7a-b8b8-b42c101576e0,171-intervista-5-cut.jpeg,copertine/0ba66205-0a73-4a7a-b8b8-b42c101576e0,dry-run,
0bad3461-747b-489f-bdbe-e769a105871b,paola-gini.jpg,copertine/0bad3461-747b-489f-bdbe-e769a105871b,dry-run,
0baeb38b-5c14-4d62-8712-a86867d9196a,La-bambina-morbida-cop.jpg,copertine/0baeb38b-5c14-4d62-8712-a86867d9196a,dry-run,
0bc86be3-2844-432b-bf9b-4b50abe5e67f,81ymezpCzUL-1.jpg,copertine/0bc86be3-2844-432b-bf9b-4b50abe5e67f,dry-run,
0bead935-b0e5-42d2-8f24-4a931f0a885b,dialogo-aperto.jpg,copertine/0bead935-b0e5-42d2-8f24-4a931f0a885b,dry-run,
0c186ccb-2e9a-47c9-9dc5-868361c15f99,Filippo-Zoi-Aut-Art-2024-min.jpeg,copertine/0c186ccb-2e9a-47c9-9dc5-868361c15f99,dry-run,
0c2080d9-f425-43d8-8f9b-9f8a492984cf,Cover-A-sua-Immagine.jpg,copertine/0c2080d9-f425-43d8-8f9b-9f8a492984cf,dry-run,
0c47bb3e-84a5-4680-8e43-d6164d73b36a,oel071-025.jpg,copertine/0c47bb3e-84a5-4680-8e43-d6164d73b36a,dry-run,
0c808b73-ff7c-4fbd-8b3a-16ce64bb1ce6,Cassiavass-2.jpg,copertine/0c808b73-ff7c-4fbd-8b3a-16ce64bb1ce6,dry-run,
0caa0b53-ba8a-4b09-88c9-989999d8cc95,Lavagna-spiaggia-accessibile-1.jpg,copertine/0caa0b53-ba8a-4b09-88c9-989999d8cc95,dry-run,
0d05c4e5-bfaa-4619-ad6e-e5e67da4b106,oel037-040.jpg,copertine/0d05c4e5-bfaa-4619-ad6e-e5e67da4b106,dry-run,
0d0c1c01-13f8-4eca-bd31-8e0938e8e712,jean-2.jpg,copertine/0d0c1c01-13f8-4eca-bd31-8e0938e8e712,dry-run,
0d234d05-c8ad-457e-a697-2594ddc9f441,tramonto-Ombre-e-Luci-min.jpg,copertine/0d234d05-c8ad-457e-a697-2594ddc9f441,dry-run,
0d5ac896-c97a-4f99-b392-e59dee099947,le-comunità-di-famiglia-Ombre-e-Luci-n.84-2003.jpg,copertine/0d5ac896-c97a-4f99-b392-e59dee099947,dry-run,
0d5e2bc3-5fa6-4529-978b-34f09d2caf5a,low1890-van-gogh-sulla-soglia-delleternità-80×64-cm.-Kröller-Müller-Museum-Otterlo.jpg,copertine/0d5e2bc3-5fa6-4529-978b-34f09d2caf5a,dry-run,
0d640e21-c2a3-4723-9456-7f00956dc9e9,Oel-85-12b.jpg,copertine/0d640e21-c2a3-4723-9456-7f00956dc9e9,dry-run,
0d7cf2d1-2049-4949-b7c2-d0483cf28ea7,papa-franccesco-abbraccio-giubileo-Ombre-e-Luci-n.134-2016.webp,copertine/0d7cf2d1-2049-4949-b7c2-d0483cf28ea7,dry-run,
0db7198a-fe3a-402c-b716-f68ce2b68982,Efrem-2024-min.jpeg,copertine/0db7198a-fe3a-402c-b716-f68ce2b68982,dry-run,
0def5971-1a7b-4c0b-9ab6-82be65a5a098,14.jpg,copertine/0def5971-1a7b-4c0b-9ab6-82be65a5a098,dry-run,
0e1d4c95-a20f-4226-8c59-62ae124c7ad2,Lourdes-ok.jpg,copertine/0e1d4c95-a20f-4226-8c59-62ae124c7ad2,dry-run,
0e26276e-fbe1-420a-932f-4a667267f623,Orphan-Venezia-82.webp,copertine/0e26276e-fbe1-420a-932f-4a667267f623,dry-run,
0e5d2b0f-4c7a-45af-8dfd-ad27afaa2fc9,Benedetta-ritorno-scuola.jpg,copertine/0e5d2b0f-4c7a-45af-8dfd-ad27afaa2fc9,dry-run,
0e6cd94f-936d-485a-941d-c7ecab17a431,oel45-026A.jpg,copertine/0e6cd94f-936d-485a-941d-c7ecab17a431,dry-run,
0e728f45-d515-412d-aa46-19e207eecfe4,bill-wegener-7MD4DR9jbP0-unsplash.webp,copertine/0e728f45-d515-412d-aa46-19e207eecfe4,dry-run,
0e7b3f10-439c-4308-b66d-f5ab8d7c2a1b,il-vecchio-re-nel-suo-esilio-geiger-Ombre-e-Luci-n.118-2012.webp,copertine/0e7b3f10-439c-4308-b66d-f5ab8d7c2a1b,dry-run,
0e7e1653-faf0-4f56-9aa3-ae0d71882208,04_Tempo-di-imparare-cop.jpg,copertine/0e7e1653-faf0-4f56-9aa3-ae0d71882208,dry-run,
0e8a7fe7-b80f-4f6a-8744-01001e611bc5,Pino-Roveredo-recensione.jpg,copertine/0e8a7fe7-b80f-4f6a-8744-01001e611bc5,dry-run,
0e902eb2-2d4b-4072-8d83-dd924c9e008e,dialogo-aperto-archivio.jpg,copertine/0e902eb2-2d4b-4072-8d83-dd924c9e008e,dry-run,
0ebfe111-0df6-46ff-9b46-232480bf4cec,Dialogo-Aperto-170.jpg,copertine/0ebfe111-0df6-46ff-9b46-232480bf4cec,dry-run,
0ec05fd4-3afa-48cb-8476-1b60e7f5c332,insieme-4-giovanissimi.jpg,copertine/0ec05fd4-3afa-48cb-8476-1b60e7f5c332,dry-run,
0ee10090-8108-4848-ac59-3d2f7c699d6f,digitalizzare-una-rivista-cartacea.webp,copertine/0ee10090-8108-4848-ac59-3d2f7c699d6f,dry-run,
0f4029d5-ad2e-4b30-8ac7-89d3a2806ab5,benedetta169-e1747654653303.jpg,copertine/0f4029d5-ad2e-4b30-8ac7-89d3a2806ab5,dry-run,
0f5a5f61-840d-4c6d-9570-6fc845ef0e22,oel033-007.jpg,copertine/0f5a5f61-840d-4c6d-9570-6fc845ef0e22,dry-run,
0f7fafb3-c12b-4c14-9927-cd2a700893c3,kripton.jpeg,copertine/0f7fafb3-c12b-4c14-9927-cd2a700893c3,dry-run,
0fa1ca5b-b3c3-49b7-ab97-b25645de515c,lettere.jpg,copertine/0fa1ca5b-b3c3-49b7-ab97-b25645de515c,dry-run,
0fe20e59-18d2-492e-93a9-f48baf3dd534,angelo-volpi-Ombre-e-Luci-n.144-2018.webp,copertine/0fe20e59-18d2-492e-93a9-f48baf3dd534,dry-run,
0fe33d21-f838-4914-bc47-2f40cdd670ee,Per-me-e-felicita-Ombre-e-Luci-n.129-2015.webp,copertine/0fe33d21-f838-4914-bc47-2f40cdd670ee,dry-run,
10085013-b677-4d11-a371-80b50379a8f7,Siracusa-sport.jpg,copertine/10085013-b677-4d11-a371-80b50379a8f7,dry-run,
1015976d-eaa6-4856-a150-c521e2351350,plan-75-recensione-film_jpg_1600x900_crop_q85.webp,copertine/1015976d-eaa6-4856-a150-c521e2351350,dry-run,
103ae618-2dcd-4e49-9e41-1d4c5e3f2ad7,Laura-Coccia-2.jpg,copertine/103ae618-2dcd-4e49-9e41-1d4c5e3f2ad7,dry-run,
1041398f-e3d2-4122-af3e-c0d41165a6cc,oel034-025.jpg,copertine/1041398f-e3d2-4122-af3e-c0d41165a6cc,dry-run,
1041dc55-721c-45cf-8931-300017ce55d5,chiesa.jpg,copertine/1041dc55-721c-45cf-8931-300017ce55d5,dry-run,
1075b240-0f1d-4071-83ea-11397ece7ff8,hasan-almasi-_X2UAmIcpko-unsplash.webp,copertine/1075b240-0f1d-4071-83ea-11397ece7ff8,dry-run,
107c2448-019d-4795-8d81-91e96792356d,Luciana-Spigolon-Befana-01.jpeg,copertine/107c2448-019d-4795-8d81-91e96792356d,dry-run,
10a61f13-e3fc-466b-8688-c2e9dc683752,Un-tesoro-da-condividere-50-anni-FL.jpg,copertine/10a61f13-e3fc-466b-8688-c2e9dc683752,dry-run,
10cbcd85-c30a-4e61-b920-9ffcf77ef9da,oel044-007.jpg,copertine/10cbcd85-c30a-4e61-b920-9ffcf77ef9da,dry-run,
10d0a41c-0606-4835-89e0-b3cb1b022134,Cipro-34.jpg,copertine/10d0a41c-0606-4835-89e0-b3cb1b022134,dry-run,
10d6839d-cb64-402e-b601-19784b655739,adolescenti-allo-sbaraglio-Ombre-e-Luci-n.102-2007-low.png,copertine/10d6839d-cb64-402e-b601-19784b655739,dry-run,
10e02d57-1858-438e-8a83-7fcfd5ca189e,Benedetta-concerto-Tozzi.jpg,copertine/10e02d57-1858-438e-8a83-7fcfd5ca189e,dry-run,
10ee6d8c-6c66-48f8-9ba6-8a46b4f86b6e,iv-cop-3.jpg,copertine/10ee6d8c-6c66-48f8-9ba6-8a46b4f86b6e,dry-run,
10f897db-74ca-4032-b6e9-26c3920340c6,oel035-010-1.jpg,copertine/10f897db-74ca-4032-b6e9-26c3920340c6,dry-run,
112b5c78-7305-4fc3-b479-134ff6f40fdd,La-nostra-strada.jpg,copertine/112b5c78-7305-4fc3-b479-134ff6f40fdd,dry-run,
1155adec-646c-4916-8499-d99f85f39252,29.jpg,copertine/1155adec-646c-4916-8499-d99f85f39252,dry-run,
115afbec-447f-49a2-8d2d-6c0b92361e1a,3738_NoEsonero.jpg,copertine/115afbec-447f-49a2-8d2d-6c0b92361e1a,dry-run,
11656054-90ba-4783-afae-0a2ae9b712c3,oel046-018-1.jpg,copertine/11656054-90ba-4783-afae-0a2ae9b712c3,dry-run,
11869078-2c6c-43d3-98f8-f7430bcab74d,oel058-012A.jpg,copertine/11869078-2c6c-43d3-98f8-f7430bcab74d,dry-run,
118dd710-eab6-4bda-b642-aadcb6b1fa01,Ernesto-Grossi.jpg,copertine/118dd710-eab6-4bda-b642-aadcb6b1fa01,dry-run,
1192ee19-5a2a-4ea4-86e6-0a82a8a6e98e,oel027-001.jpg,copertine/1192ee19-5a2a-4ea4-86e6-0a82a8a6e98e,dry-run,
11e7e36e-aa18-4cff-b755-683ddae49701,Antonietta-Piccola-Marcia.jpg,copertine/11e7e36e-aa18-4cff-b755-683ddae49701,dry-run,
11ed7e8f-fa6e-407d-9e75-2a1600381898,Alberto-Ombre-e-Luci-n.-127-2014.webp,copertine/11ed7e8f-fa6e-407d-9e75-2a1600381898,dry-run,
123524cd-eece-4517-b091-b5dc9e644cc6,Healthcare-usa-2017-ok.jpg,copertine/123524cd-eece-4517-b091-b5dc9e644cc6,dry-run,
12359c28-7825-44f8-a073-ea4bc1d07f2d,Arche-Tandem-partenza-ultima-tappa.jpg,copertine/12359c28-7825-44f8-a073-ea4bc1d07f2d,dry-run,
1244bb47-1b7a-4309-8bd8-0083cfe77cab,Dafne.jpg,copertine/1244bb47-1b7a-4309-8bd8-0083cfe77cab,dry-run,
1247aafa-9d96-4053-915e-79352927bdcb,oel056-010.jpg,copertine/1247aafa-9d96-4053-915e-79352927bdcb,dry-run,
12a0354b-3123-4bb8-8aac-de208c7a6a7c,Lalbero-dell-grande-famiglia-Ombre-e-Luci-n.100-2007.webp,copertine/12a0354b-3123-4bb8-8aac-de208c7a6a7c,dry-run,
12a8529e-fd00-43dc-9db6-29d0ac0cc762,oel031-001.jpg,copertine/12a8529e-fd00-43dc-9db6-29d0ac0cc762,dry-run,
12e2aed4-a613-4e1b-92e4-7ba6f88bd65d,oel067-026b.jpg,copertine/12e2aed4-a613-4e1b-92e4-7ba6f88bd65d,dry-run,
12faa93d-42b3-4a51-bec5-65eec6ea0ee5,oel026-008.jpg,copertine/12faa93d-42b3-4a51-bec5-65eec6ea0ee5,dry-run,
13008d8d-0bab-494f-bc1b-54aca89a77e9,oel070-004.jpg,copertine/13008d8d-0bab-494f-bc1b-54aca89a77e9,dry-run,
13060e44-e812-4983-ab9c-95c74655af0f,Altalena-Giardini-Montanelli.jpg,copertine/13060e44-e812-4983-ab9c-95c74655af0f,dry-run,
13081db4-b69a-49e1-b6ce-da8899cfbefd,24-2.jpg,copertine/13081db4-b69a-49e1-b6ce-da8899cfbefd,dry-run,
13151282-835f-408f-9873-aa0625b7e0f1,Laura-Coccia.jpg,copertine/13151282-835f-408f-9873-aa0625b7e0f1,dry-run,
131bd79b-57eb-47e8-82d4-c098439a2291,Una-specie-di-scintilla-cover.jpg,copertine/131bd79b-57eb-47e8-82d4-c098439a2291,dry-run,
131ed91b-c8c5-48da-9687-562801b3ddea,libri-vecchi.jpg,copertine/131ed91b-c8c5-48da-9687-562801b3ddea,dry-run,
1338fb0d-7082-4920-a27d-461fe745b7b7,pellegrinaggioFEDEELUCE2015-3.jpg,copertine/1338fb0d-7082-4920-a27d-461fe745b7b7,dry-run,
135733b1-ea25-42cb-8621-82ceff85a369,libri-vecchi.jpg,copertine/135733b1-ea25-42cb-8621-82ceff85a369,dry-run,
135b08c8-1d22-487f-9dcf-389165d6430d,Torino-Film-Festival.jpg,copertine/135b08c8-1d22-487f-9dcf-389165d6430d,dry-run,
1365fd25-2308-4a93-9f1e-a166b06e13a8,marco.jpg,copertine/1365fd25-2308-4a93-9f1e-a166b06e13a8,dry-run,
137fadeb-b540-4381-815d-a763d5d39473,OL-50-anni-Marie-Helene-Mathieu-Ombre-e-Luci-n.-143-2018.webp,copertine/137fadeb-b540-4381-815d-a763d5d39473,dry-run,
13856656-20b1-4e74-a8c9-c485075706b9,oel11-015.jpg,copertine/13856656-20b1-4e74-a8c9-c485075706b9,dry-run,
139151f1-d6b6-4307-98fe-a88b31e2fabd,Chicca-Ombre-e-Luci-n.128-2014.webp,copertine/139151f1-d6b6-4307-98fe-a88b31e2fabd,dry-run,
13a80ff1-86f1-497a-a481-a9fcc12448e8,Locandine-festival-spiraglio.jpg,copertine/13a80ff1-86f1-497a-a481-a9fcc12448e8,dry-run,
13c56b9c-0d91-469f-b1eb-cf877ad507d3,Cammarota-2.jpg,copertine/13c56b9c-0d91-469f-b1eb-cf877ad507d3,dry-run,
13c9a0a5-5209-42cc-b76e-c2732ef0cfef,Sul-sentiero-blu_2.jpg,copertine/13c9a0a5-5209-42cc-b76e-c2732ef0cfef,dry-run,
13d44887-58b6-4d3b-9bcb-584fb1e55ee2,province.jpg,copertine/13d44887-58b6-4d3b-9bcb-584fb1e55ee2,dry-run,
13e4d2da-449f-48c1-beb6-ce7bae34135b,oel067-017.jpg,copertine/13e4d2da-449f-48c1-beb6-ce7bae34135b,dry-run,
13ed59ab-2f6c-4b78-ae05-dc91bc3011e4,023-Ombre-e-Luci-n.75-2002.jpg,copertine/13ed59ab-2f6c-4b78-ae05-dc91bc3011e4,dry-run,
13f29f74-2788-4d38-88ac-72cff2f5d9a7,Qualcuno-aspetta-Ombre-e-Luci-n.-121-2013.webp,copertine/13f29f74-2788-4d38-88ac-72cff2f5d9a7,dry-run,
140cf8a1-db3b-4530-aaf1-7227ba4efd1b,Andrea-Posa-Congo.jpg,copertine/140cf8a1-db3b-4530-aaf1-7227ba4efd1b,dry-run,
14241a28-1276-4b65-afa1-ba9e5c898a7d,COnny-Pino.jpg,copertine/14241a28-1276-4b65-afa1-ba9e5c898a7d,dry-run,
14329671-8bb9-4a89-9321-c5ab102a72b3,dialogo-aperto.jpg,copertine/14329671-8bb9-4a89-9321-c5ab102a72b3,dry-run,
1450df7e-bbce-46fb-909e-fc5f01dc0568,oel043-022A.jpg,copertine/1450df7e-bbce-46fb-909e-fc5f01dc0568,dry-run,
14527e43-408f-4ef6-9677-50e6ca291853,libri-vecchi.jpg,copertine/14527e43-408f-4ef6-9677-50e6ca291853,dry-run,
14629a36-7410-4b9b-b162-f033256a20ed,Benedetta-pallavolo.jpg,copertine/14629a36-7410-4b9b-b162-f033256a20ed,dry-run,
1465a75c-bed2-407e-8f07-3ca1ce0c616a,nathan-anderson-J3Xjyg5m8kY-unsplash.webp,copertine/1465a75c-bed2-407e-8f07-3ca1ce0c616a,dry-run,
147d1696-b4c1-4733-b3f5-d59ece886eab,assisi-leaders1.webp,copertine/147d1696-b4c1-4733-b3f5-d59ece886eab,dry-run,
149b2e18-8810-478a-9257-cf418abf9897,Senza-titolo-12.webp,copertine/149b2e18-8810-478a-9257-cf418abf9897,dry-run,
14bdbff9-b1d3-4469-9d8d-afd05a17a6af,La-vita-da-grandi.jpg,copertine/14bdbff9-b1d3-4469-9d8d-afd05a17a6af,dry-run,
14c19227-1be0-4e46-83cc-71f7582efff9,oel031-043.jpg,copertine/14c19227-1be0-4e46-83cc-71f7582efff9,dry-run,
150520d8-d676-4b41-8ba6-946a3474ae6d,oel20-014.jpg,copertine/150520d8-d676-4b41-8ba6-946a3474ae6d,dry-run,
15077676-c2d0-476e-8465-fde093168b46,insieme-4-incontro-a-villa-pacis.jpg,copertine/15077676-c2d0-476e-8465-fde093168b46,dry-run,
1527f775-8879-4b17-a0e5-e72f7f835ce0,Lo-zaion-di-Emma-Recensione-Ombre-e-Luci-n.130-2015.webp,copertine/1527f775-8879-4b17-a0e5-e72f7f835ce0,dry-run,
15435e4b-77cd-4254-a627-084f2b6675b1,Amelia.jpg,copertine/15435e4b-77cd-4254-a627-084f2b6675b1,dry-run,
154a4390-24e9-428f-9a4d-4a58cce75fa1,Butterfly.jpg,copertine/154a4390-24e9-428f-9a4d-4a58cce75fa1,dry-run,
154b680f-5450-4371-acc1-15fa71c12ab8,Ucraina-2015.jpg,copertine/154b680f-5450-4371-acc1-15fa71c12ab8,dry-run,
15523d70-e795-4610-bb91-aba0a7abcbe9,Antigone.jpeg,copertine/15523d70-e795-4610-bb91-aba0a7abcbe9,dry-run,
15921458-82b2-4b95-9007-88759bcc0f29,oel042-022.jpg,copertine/15921458-82b2-4b95-9007-88759bcc0f29,dry-run,
1592919a-d0d8-4703-a7af-2793a3a9024e,oel_n5_Martini.jpg,copertine/1592919a-d0d8-4703-a7af-2793a3a9024e,dry-run,
159798e1-1bb2-49d9-8182-34e7d481847c,Quasi-amici-recensione-Ombre-e-Luci-n.118-2012.webp,copertine/159798e1-1bb2-49d9-8182-34e7d481847c,dry-run,
1599745b-eef3-47f3-883c-ff37736d13e9,Antonietta-terza-medaglia.jpg,copertine/1599745b-eef3-47f3-883c-ff37736d13e9,dry-run,
16210f84-9822-4ee5-979c-26b4b0f17c33,17-4.jpg,copertine/16210f84-9822-4ee5-979c-26b4b0f17c33,dry-run,
162d0b1d-e794-41ae-b3b1-07f2385a3b56,oel_n2_conoscere_l_handicap007_fx.jpg,copertine/162d0b1d-e794-41ae-b3b1-07f2385a3b56,dry-run,
162f953c-cc5b-4ef7-96fd-f00ac1c3f198,dialogo-aperto.jpg,copertine/162f953c-cc5b-4ef7-96fd-f00ac1c3f198,dry-run,
163ae9ec-c08d-43a5-8028-c44cf24292d9,P_20171011_092515.jpg,copertine/163ae9ec-c08d-43a5-8028-c44cf24292d9,dry-run,
16423d41-9ca3-4acc-bfc3-f20b0cb2a2d8,oel15-006.jpg,copertine/16423d41-9ca3-4acc-bfc3-f20b0cb2a2d8,dry-run,
164ef4ec-7ced-4a88-a623-b17d78eba30b,cover-edoardo-zaccagnini-cinema-e-disabilita-Ombre-e-Luci.jpg,copertine/164ef4ec-7ced-4a88-a623-b17d78eba30b,dry-run,
16d90e9b-3349-4bf8-a572-7f5551fd3aa8,dialogo-aperto.jpg,copertine/16d90e9b-3349-4bf8-a572-7f5551fd3aa8,dry-run,
16dae714-3f0c-4317-aca0-f6372bbc2e3f,libri-vecchi.jpg,copertine/16dae714-3f0c-4317-aca0-f6372bbc2e3f,dry-run,
16dcea23-664c-42da-845e-6fed6f0801e9,oel050-034.jpg,copertine/16dcea23-664c-42da-845e-6fed6f0801e9,dry-run,
16e3d211-3a3f-45ad-9944-38046af555e5,dio-non-fa-differenze.jpg,copertine/16e3d211-3a3f-45ad-9944-38046af555e5,dry-run,
16e46133-8ced-4eeb-a964-5c1f76ed652c,Nove-punti-editoriale-OL-154.jpg,copertine/16e46133-8ced-4eeb-a964-5c1f76ed652c,dry-run,
16f58bba-58cc-4a9b-a9a5-e8c5bf53e08f,LIBRI-Testing-women.jpg,copertine/16f58bba-58cc-4a9b-a9a5-e8c5bf53e08f,dry-run,
1717b0a0-86d4-4d59-b81e-c142bbb86d80,21B.jpg,copertine/1717b0a0-86d4-4d59-b81e-c142bbb86d80,dry-run,
171f89b6-1211-468c-aae8-2f0b614bc6d3,dialogo-aperto-archivio.jpg,copertine/171f89b6-1211-468c-aae8-2f0b614bc6d3,dry-run,
173d52b2-1658-4f61-aa89-6d36cbcdca5e,associazione-bambini-cri-du-chat.jpg,copertine/173d52b2-1658-4f61-aa89-6d36cbcdca5e,dry-run,
1770fe6b-18e6-491e-8b8c-18d73fdc34c5,Christian-Tasso.jpg,copertine/1770fe6b-18e6-491e-8b8c-18d73fdc34c5,dry-run,
177ca56f-7c86-4a38-b1a9-e0b68285c743,Zero-to-Hero-chi-man-wan-1.jpg,copertine/177ca56f-7c86-4a38-b1a9-e0b68285c743,dry-run,
17960128-6683-4c6d-be67-52e52717bb03,dialogo-aperto.jpg,copertine/17960128-6683-4c6d-be67-52e52717bb03,dry-run,
17b22c66-380c-49bc-bd1e-172342cd862b,insieme-1975-tavola-rotonda-1.webp,copertine/17b22c66-380c-49bc-bd1e-172342cd862b,dry-run,
17c6b031-bccb-4193-8b9c-3ed3720a8543,dialogo-aperto.jpg,copertine/17c6b031-bccb-4193-8b9c-3ed3720a8543,dry-run,
17da2719-cded-41d7-8f5a-ac5971b5d2c6,oel050-021A.jpg,copertine/17da2719-cded-41d7-8f5a-ac5971b5d2c6,dry-run,
1801a8fe-a429-424a-83c5-e2ae0b2c4a0c,M-di-Paolo-Manzo-16-9.jpg,copertine/1801a8fe-a429-424a-83c5-e2ae0b2c4a0c,dry-run,
18085c3f-f8e8-4ebd-a1cd-b48cc6e2947d,oel11-013.jpg,copertine/18085c3f-f8e8-4ebd-a1cd-b48cc6e2947d,dry-run,
181124b8-f5c1-4f2d-8df6-54d781030dfd,Giovanni-Grossi-Lavoro.jpg,copertine/181124b8-f5c1-4f2d-8df6-54d781030dfd,dry-run,
182b6e26-6460-4bee-a080-09fe8c82d1c3,dialogo-aperto-archivio.jpg,copertine/182b6e26-6460-4bee-a080-09fe8c82d1c3,dry-run,
182bb9ef-dea3-43a6-b0d0-89912d16ed8b,1.jpg,copertine/182bb9ef-dea3-43a6-b0d0-89912d16ed8b,dry-run,
1831a081-d329-46eb-8aa9-7d021ef29f92,oel041-023.jpg,copertine/1831a081-d329-46eb-8aa9-7d021ef29f92,dry-run,
183f8705-48d2-4892-ab13-e843ef9c2309,27.jpg,copertine/183f8705-48d2-4892-ab13-e843ef9c2309,dry-run,
18535528-335a-4f67-a62d-3c663c1cbbb5,libri-vecchi.jpg,copertine/18535528-335a-4f67-a62d-3c663c1cbbb5,dry-run,
1856b700-7f17-41bb-aea6-1c4f1c6e8746,83-16-Ombre-e-Luci-n.83-2833.jpg,copertine/1856b700-7f17-41bb-aea6-1c4f1c6e8746,dry-run,
1864c544-97ad-4839-b418-e73fc4735fe0,oel025-011.jpg,copertine/1864c544-97ad-4839-b418-e73fc4735fe0,dry-run,
189063db-ad75-4f7f-a794-9753392bbe28,Cristo-e-i-bambini-–-Carl-Bloch-XIX-sec.-dettaglio.webp,copertine/189063db-ad75-4f7f-a794-9753392bbe28,dry-run,
18aac2cb-4fb7-49b7-8533-c17ee26ebfc8,Giovanni-Bicoca-2025.jpg,copertine/18aac2cb-4fb7-49b7-8533-c17ee26ebfc8,dry-run,
18ab8ee0-901c-41d2-a716-f49239fcb5de,atzori-recensione-Ombre-e-Luci-177-2012.webp,copertine/18ab8ee0-901c-41d2-a716-f49239fcb5de,dry-run,
18ac2c53-822d-4562-a60c-1e485086b581,11-1.jpg,copertine/18ac2c53-822d-4562-a60c-1e485086b581,dry-run,
19095fb8-e8bd-4d36-ad22-7235a8ee5c4b,Pinocchio-Teatro-integrato-Ombre-e-Luci-n.130-2015.webp,copertine/19095fb8-e8bd-4d36-ad22-7235a8ee5c4b,dry-run,
1916218c-e146-4492-90b5-a468de650c0b,Il-disabile-e-la-società-copertina-recensione-Ombre-e-Luci-n.-71-2000.jpg,copertine/1916218c-e146-4492-90b5-a468de650c0b,dry-run,
19201ecf-c4d2-4971-8b1a-7216124c6f83,oel048-010.jpg,copertine/19201ecf-c4d2-4971-8b1a-7216124c6f83,dry-run,
192f1287-0417-464c-a9f2-9b7d8956549b,18-2.jpg,copertine/192f1287-0417-464c-a9f2-9b7d8956549b,dry-run,
195e847c-e9e8-431e-9022-8bd57d4dc37c,19-1.jpg,copertine/195e847c-e9e8-431e-9022-8bd57d4dc37c,dry-run,
197db9ad-9959-4056-83ac-8bfa641ce5f3,Mariangela-Lourdes-Friquette.jpg,copertine/197db9ad-9959-4056-83ac-8bfa641ce5f3,dry-run,
198ca784-8ed4-4078-8d7d-ce2535200b3c,alla-ricerca-di-Dory-Recensione-Ombre-e-Luci-n.135-2016.webp,copertine/198ca784-8ed4-4078-8d7d-ce2535200b3c,dry-run,
19a7f31f-2492-4087-9a50-3808225625bb,libri-vecchi.jpg,copertine/19a7f31f-2492-4087-9a50-3808225625bb,dry-run,
19bfdd28-9e1d-40ea-b406-860201d3d315,Benedetta-Hotel.jpg,copertine/19bfdd28-9e1d-40ea-b406-860201d3d315,dry-run,
19d74165-0895-44c2-9000-f1aff709a2e3,16-Ombre-e-Luci-n.97-2007.jpg,copertine/19d74165-0895-44c2-9000-f1aff709a2e3,dry-run,
19dace3b-a2b8-41a7-ad31-84c150ae70cf,Attesi-amati-trasformati-Ombre-e-Luci-n.137-2017.webp,copertine/19dace3b-a2b8-41a7-ad31-84c150ae70cf,dry-run,
1a083fe3-133b-478e-a2f6-eb8092966707,1.jpg,copertine/1a083fe3-133b-478e-a2f6-eb8092966707,dry-run,
1a176a74-4848-4d01-86e8-09b9bece2e8d,Jorit-Niccolo-Maradona.jpg,copertine/1a176a74-4848-4d01-86e8-09b9bece2e8d,dry-run,
1a3d0ec9-5849-4b0c-9772-657ea8b7b7ee,Mariangela-1-Paolo-e-Chicca-Ombre-e-Luci-n.128-2014.webp,copertine/1a3d0ec9-5849-4b0c-9772-657ea8b7b7ee,dry-run,
1a51d720-4624-4f63-9a8b-97daf96fa3a2,28B.jpg,copertine/1a51d720-4624-4f63-9a8b-97daf96fa3a2,dry-run,
1a65c6a5-fd4f-4599-83ce-cc8c1601b6cc,Matti-da-slegare.jpg,copertine/1a65c6a5-fd4f-4599-83ce-cc8c1601b6cc,dry-run,
1a889651-2e27-429b-92f5-fc403e6b7bf2,Girolamo-Voiello-small.jpg,copertine/1a889651-2e27-429b-92f5-fc403e6b7bf2,dry-run,
1a995308-88e0-48cb-8d7f-4f0de77cbc50,oel039-023.jpg,copertine/1a995308-88e0-48cb-8d7f-4f0de77cbc50,dry-run,
1aab1e13-c253-4749-a6b6-4e0beb081c37,Efrem-contratto-archivio.jpeg,copertine/1aab1e13-c253-4749-a6b6-4e0beb081c37,dry-run,
1ad6119d-6316-4927-a9a9-742e72b42d8c,uno.jpg,copertine/1ad6119d-6316-4927-a9a9-742e72b42d8c,dry-run,
1af83f91-6056-4474-9f17-83e9856735a1,Quo-Vadis-Aida.jpg,copertine/1af83f91-6056-4474-9f17-83e9856735a1,dry-run,
1b059bf1-1dfe-49bd-a841-24006fb36a7a,marmorini-cop.jpg,copertine/1b059bf1-1dfe-49bd-a841-24006fb36a7a,dry-run,
1b1fbb19-c4ee-47e0-8c87-df2e386c0c85,il-loro-sguardo-buca-le-nostre-ombre-kristeva-vanier-Ombre-e-Luci-n.118-2012.webp,copertine/1b1fbb19-c4ee-47e0-8c87-df2e386c0c85,dry-run,
1b3f23ce-59d9-4cc1-bfd5-dad5866e359b,la-tua-vita-e-la-mia.jpg,copertine/1b3f23ce-59d9-4cc1-bfd5-dad5866e359b,dry-run,
1b47309d-593f-48c5-9d48-f9142505438b,Sofia-Cavalletti-Recensione-Ombre-e-Luci-n.142-2018.webp,copertine/1b47309d-593f-48c5-9d48-f9142505438b,dry-run,
1b69c77b-de8b-4e4a-96d4-ca5e0c2e94de,Da-piccola-ero-down-Ombre-e-Luci-n.141-2018.webp,copertine/1b69c77b-de8b-4e4a-96d4-ca5e0c2e94de,dry-run,
1b69f28d-d9ee-4e93-9732-230666772d95,Catapano-Pompei.jpg,copertine/1b69f28d-d9ee-4e93-9732-230666772d95,dry-run,
1b6be4f7-f3f4-444b-8ad2-a56760c97f44,airbnb-accomable.jpg,copertine/1b6be4f7-f3f4-444b-8ad2-a56760c97f44,dry-run,
1b7cd653-f506-4571-a73d-80db744df4ed,oel057-025.jpg,copertine/1b7cd653-f506-4571-a73d-80db744df4ed,dry-run,
1b91a258-b31b-4f85-baf9-cfe1cb2d5434,Antonietta-Campo-Bicoca-2023-min.jpg,copertine/1b91a258-b31b-4f85-baf9-cfe1cb2d5434,dry-run,
1b99eff6-5f87-446b-a9d1-b73c49b79e79,Antonietta-Pompei.jpg,copertine/1b99eff6-5f87-446b-a9d1-b73c49b79e79,dry-run,
1bb1a47a-b1c3-462f-93a3-bbb73fb253ba,35-Ombre-e-Luci-n.82-2003.jpg,copertine/1bb1a47a-b1c3-462f-93a3-bbb73fb253ba,dry-run,
1bb9edf0-447b-4659-9d44-84e326570555,PXL_20210917_145440531.jpg,copertine/1bb9edf0-447b-4659-9d44-84e326570555,dry-run,
1bbf6b00-26ab-468a-a814-58c38017b0b8,16.jpg,copertine/1bbf6b00-26ab-468a-a814-58c38017b0b8,dry-run,
1becd594-7f5e-4496-989b-eae813247271,Giovani-01-cut.jpg,copertine/1becd594-7f5e-4496-989b-eae813247271,dry-run,
1bf56632-f9d4-4457-8158-29dec9c80510,fiori.webp,copertine/1bf56632-f9d4-4457-8158-29dec9c80510,dry-run,
1c0d0bbe-e4d3-4a7f-a188-b91996f4dded,Ernst_Lossa_Foto_aus_der_Krankenakte-e1484809347759-1.jpg,copertine/1c0d0bbe-e4d3-4a7f-a188-b91996f4dded,dry-run,
1c13e922-1ad5-4b79-8b49-2531f1e2fd79,oel054-025.jpg,copertine/1c13e922-1ad5-4b79-8b49-2531f1e2fd79,dry-run,
1c208fff-acc3-401d-8ebf-224149052c9c,Sqizo.jpg,copertine/1c208fff-acc3-401d-8ebf-224149052c9c,dry-run,
1c344ae0-b8aa-4833-b640-56121d632c2d,oel9006.jpg,copertine/1c344ae0-b8aa-4833-b640-56121d632c2d,dry-run,
1c44fd43-c634-4aad-a2b8-06399fabe889,Down-anziana.jpg,copertine/1c44fd43-c634-4aad-a2b8-06399fabe889,dry-run,
1c76299d-b980-46f8-ad04-003289de478d,Matteo-buongustaio-arte.jpg,copertine/1c76299d-b980-46f8-ad04-003289de478d,dry-run,
1c7f5c5c-83e9-4fb6-8bbc-f7319df577a1,Suor-Ida-Maria-Ferri.jpg,copertine/1c7f5c5c-83e9-4fb6-8bbc-f7319df577a1,dry-run,
1c7fbf92-23a6-4f53-8598-8521c33ab697,Efrem.jpg,copertine/1c7fbf92-23a6-4f53-8598-8521c33ab697,dry-run,
1cbcc1f7-1be5-46d4-886d-bf30dcfcb61f,pianezza-2.webp,copertine/1cbcc1f7-1be5-46d4-886d-bf30dcfcb61f,dry-run,
1ce47ed0-63ea-45af-9543-950e1621cdd8,oel10017.jpg,copertine/1ce47ed0-63ea-45af-9543-950e1621cdd8,dry-run,
1ce5ecc7-1106-4c65-a088-e06425a705af,libri-vecchi.jpg,copertine/1ce5ecc7-1106-4c65-a088-e06425a705af,dry-run,
1ce95f0b-e605-42ff-8ca2-13c0439e4658,oel-76-copertina-libro-nessun-bambino-nasce-cattivo-fabrizio-mori.jpg,copertine/1ce95f0b-e605-42ff-8ca2-13c0439e4658,dry-run,
1cec4e03-601f-4063-97e6-2673d1700769,Un-castello-di-sabbia-recensione-Ombre-e-Luci-n.124-2013.jpg,copertine/1cec4e03-601f-4063-97e6-2673d1700769,dry-run,
1d08382e-97fd-429f-bdba-390e42c30f33,Assegno-familiare.jpg,copertine/1d08382e-97fd-429f-bdba-390e42c30f33,dry-run,
1d1a451f-9ce6-451e-a665-35111c799306,oel040-007.jpg,copertine/1d1a451f-9ce6-451e-a665-35111c799306,dry-run,
1d3ac9f9-53a3-47ae-82ef-2177e6631331,oel22-00A.jpg,copertine/1d3ac9f9-53a3-47ae-82ef-2177e6631331,dry-run,
1d3b2ed8-33e2-4418-aba0-5fa83a4b426e,Una-comunita-e-essere-insieme-Ombre-e-Luci-n.-121-2013.webp,copertine/1d3b2ed8-33e2-4418-aba0-5fa83a4b426e,dry-run,
1d41eaad-db24-403d-a32c-7877e95f8bf0,Ritratto-di-una-regina.jpg,copertine/1d41eaad-db24-403d-a32c-7877e95f8bf0,dry-run,
1d430820-420a-47ea-b0af-bdeb230e46ed,oel-76-07b.jpg,copertine/1d430820-420a-47ea-b0af-bdeb230e46ed,dry-run,
1d611fce-2f8c-47a0-b0cd-fd9925070951,master-chef-aipd-down.jpg,copertine/1d611fce-2f8c-47a0-b0cd-fd9925070951,dry-run,
1d6a037c-663f-4950-a72a-ef2deab6cfdd,Nella-diagnosi-siamo-prudenti-Ombre-e-Luci-n.-122-2013.webp,copertine/1d6a037c-663f-4950-a72a-ef2deab6cfdd,dry-run,
1d992007-0cfc-4092-8749-2f761369618b,Libro-Vincent.jpg,copertine/1d992007-0cfc-4092-8749-2f761369618b,dry-run,
1d9f01b1-8b71-4382-922b-f39f8392a94b,plusabile-2-Ombre-e-Luci-n.139-2017.webp,copertine/1d9f01b1-8b71-4382-922b-f39f8392a94b,dry-run,
1db0a8a9-162d-4983-a704-c35177ee5347,Nata-per-te.jpg,copertine/1db0a8a9-162d-4983-a704-c35177ee5347,dry-run,
1dbd9ad5-34e2-4bdd-8b2f-0138dbd54890,Paralimpiadi-sci.jpg,copertine/1dbd9ad5-34e2-4bdd-8b2f-0138dbd54890,dry-run,
1dd27f28-08ce-4dd1-ba8b-b750c1c873b4,oel058-023.jpg,copertine/1dd27f28-08ce-4dd1-ba8b-b750c1c873b4,dry-run,
1de00200-3410-41f6-921c-112045878746,Culture-e-Fede-copertina.jpg,copertine/1de00200-3410-41f6-921c-112045878746,dry-run,
1dfb8f99-de35-4d9c-8f9c-9c5798e3334b,56-Ombre-e-Luci-n.82-2003.jpg,copertine/1dfb8f99-de35-4d9c-8f9c-9c5798e3334b,dry-run,
1e01dbe3-fb63-485f-bd16-e12b9d54ea4c,29-1-Ombre-e-Luci-n.98-2007-1.webp,copertine/1e01dbe3-fb63-485f-bd16-e12b9d54ea4c,dry-run,
1e21d051-efd6-4a60-8374-544f92d0c8a7,Di-corsa-verso-Francesco-Orchesta-Sinamune-Ombre-e-Luci-n.130-2015.webp,copertine/1e21d051-efd6-4a60-8374-544f92d0c8a7,dry-run,
1e32491d-c316-402b-89e9-c51d5ae264de,Dokita-cop.jpg,copertine/1e32491d-c316-402b-89e9-c51d5ae264de,dry-run,
1e4adb06-4476-4834-8e4e-ce11d3eb6a4c,dialogo-aperto-archivio.jpg,copertine/1e4adb06-4476-4834-8e4e-ce11d3eb6a4c,dry-run,
1e6223b3-fb39-4d99-a27c-a83a1ec72a3c,autismo-scuola.jpg,copertine/1e6223b3-fb39-4d99-a27c-a83a1ec72a3c,dry-run,
1e7c9853-aecf-40a0-adad-8deab6a52657,Joy-Murray-Flying-Dream.jpg,copertine/1e7c9853-aecf-40a0-adad-8deab6a52657,dry-run,
1e8935bb-4648-42e2-91ee-d826cc1f28fc,cover-emilio-ronzato-cinema-e-disabilita-Ombre-e-Luci.jpg,copertine/1e8935bb-4648-42e2-91ee-d826cc1f28fc,dry-run,
1ea22cfd-1b32-46af-bb36-cc7c7b4b99f6,oel045-009.jpg,copertine/1ea22cfd-1b32-46af-bb36-cc7c7b4b99f6,dry-run,
1ea520c7-0010-48f9-b679-311f8259ebbf,oel035-017.jpg,copertine/1ea520c7-0010-48f9-b679-311f8259ebbf,dry-run,
1ebececd-3e98-42d0-8d96-836742417b33,libri-vecchi.jpg,copertine/1ebececd-3e98-42d0-8d96-836742417b33,dry-run,
1ed0bfd9-7b5c-421f-bf81-33c8fa89f749,15.jpg,copertine/1ed0bfd9-7b5c-421f-bf81-33c8fa89f749,dry-run,
1ed0ca41-cc7c-4c37-8908-ff651ffb9150,Pellegrine-cipriote-Ombre-e-Luci-n.115-2011-1.webp,copertine/1ed0ca41-cc7c-4c37-8908-ff651ffb9150,dry-run,
1edf22be-2a38-468b-ae34-165d2ef79ad9,dialogo-aperto.jpg,copertine/1edf22be-2a38-468b-ae34-165d2ef79ad9,dry-run,
1eec07b9-9e5b-43ec-837d-8e66ff611618,catechesi-n52.jpg,copertine/1eec07b9-9e5b-43ec-837d-8e66ff611618,dry-run,
1ef8c4ce-4ee6-49f6-85d7-7921584a4b2c,Federico-de-Rosa-Recensione-Ombre-e-Luci-n.140-2018.webp,copertine/1ef8c4ce-4ee6-49f6-85d7-7921584a4b2c,dry-run,
1f22be1f-d010-4d57-b8d3-1941960ae3f4,Mariangela-e-Nicole-in-Polonia-Recensione-Ombre-e-Luci-n.126-2014.webp,copertine/1f22be1f-d010-4d57-b8d3-1941960ae3f4,dry-run,
1f29af5f-3322-49e3-817c-28dc81570ac9,libri-vecchi.jpg,copertine/1f29af5f-3322-49e3-817c-28dc81570ac9,dry-run,
1f39b6fa-b668-42c3-8029-43c029248933,Marco-Cavallo.jpg,copertine/1f39b6fa-b668-42c3-8029-43c029248933,dry-run,
1f49ca7d-514d-479b-af1d-6966103bed0d,oel031-019.jpg,copertine/1f49ca7d-514d-479b-af1d-6966103bed0d,dry-run,
1f97f32d-ff77-4d89-a278-0fe0dda7c51e,Mariangela-Lourde-Ombre-e-Luci-n.128-2014.webp,copertine/1f97f32d-ff77-4d89-a278-0fe0dda7c51e,dry-run,
1fe8514e-5c96-4f3e-a1a6-cd2135f001a0,alessandra-del-duca.jpg,copertine/1fe8514e-5c96-4f3e-a1a6-cd2135f001a0,dry-run,
1fea65df-d182-45b7-9b72-e79435514c55,vitolda-klein-i26xFMcrA-s-unsplash.webp,copertine/1fea65df-d182-45b7-9b72-e79435514c55,dry-run,
1ffa3aa4-1c0c-4553-9aaf-ab024d0c2b09,La-prima-casetta-Fede-e-Luce-1977-Insieme-Ombre-e-Luci.webp,copertine/1ffa3aa4-1c0c-4553-9aaf-ab024d0c2b09,dry-run,
1ffa69cb-b294-497e-b3df-432dd1739d93,Copertina-per-Fano-international-cut.jpg,copertine/1ffa69cb-b294-497e-b3df-432dd1739d93,dry-run,
206ed4fe-5f6e-46a7-b545-81dfb83c29df,Genitori-specializzati-Ombre-e-Luci-n.136-2016.webp,copertine/206ed4fe-5f6e-46a7-b545-81dfb83c29df,dry-run,
20a34104-d1ee-4b5b-8e68-8cd02aafe741,libri-vecchi.jpg,copertine/20a34104-d1ee-4b5b-8e68-8cd02aafe741,dry-run,
20cda7ae-32ec-4a29-aab9-f65d637b43a8,play-day-2018.jpg,copertine/20cda7ae-32ec-4a29-aab9-f65d637b43a8,dry-run,
20d0c415-0589-4945-812e-1d87c5cc2615,oel054-00A.jpg,copertine/20d0c415-0589-4945-812e-1d87c5cc2615,dry-run,
20f2996d-9f56-406e-b54a-947a28ec1c32,giampiero-griffo.jpg,copertine/20f2996d-9f56-406e-b54a-947a28ec1c32,dry-run,
211d7966-581b-4987-84fc-eb39ed424a0a,dialogo-aperto.jpg,copertine/211d7966-581b-4987-84fc-eb39ed424a0a,dry-run,
21246ef3-927d-4f62-a57e-89236c137aae,7.jpg,copertine/21246ef3-927d-4f62-a57e-89236c137aae,dry-run,
2125d6ec-df4c-4135-9283-b2b53247a4ea,La-vera-gioia-Ombre-e-Luci-n.134-2016.webp,copertine/2125d6ec-df4c-4135-9283-b2b53247a4ea,dry-run,
214f31fc-0876-4439-aa77-f63f92f75bc5,Francesca-intervista.jpg,copertine/214f31fc-0876-4439-aa77-f63f92f75bc5,dry-run,
217495c6-09b0-46cb-b1c0-c95a44e0fe4c,Benedetta-diario.jpg,copertine/217495c6-09b0-46cb-b1c0-c95a44e0fe4c,dry-run,
2184c14d-68bd-4e0e-abed-fafb8acdc886,oel061-002.jpg,copertine/2184c14d-68bd-4e0e-abed-fafb8acdc886,dry-run,
21939522-9e74-4712-ae98-9f5518262c0c,vadoalmuseo.jpg,copertine/21939522-9e74-4712-ae98-9f5518262c0c,dry-run,
21a5ebc3-94f1-4957-9333-4a1f374bf251,Mariangela-campeggio-Ombre-e-Luci-n.128-2014.webp,copertine/21a5ebc3-94f1-4957-9333-4a1f374bf251,dry-run,
21a80746-6fea-4998-98c0-dd381772ebab,Matteo-3-ok.jpg,copertine/21a80746-6fea-4998-98c0-dd381772ebab,dry-run,
21afaf8a-5144-4d4c-bff7-3158b3ef9648,Cecità.jpg,copertine/21afaf8a-5144-4d4c-bff7-3158b3ef9648,dry-run,
21b01c9e-c535-479c-a9a3-6efa429538f9,La-bambina-che-andava-a-pile-Recensione-Ombre-e-Luci-n.142-2018.webp,copertine/21b01c9e-c535-479c-a9a3-6efa429538f9,dry-run,
21c18157-7b09-4969-b6f4-e2b21835eb25,oel11-013.jpg,copertine/21c18157-7b09-4969-b6f4-e2b21835eb25,dry-run,
21e0ad55-480b-4f9d-bc1c-621a3cfd5134,famiglie-in-esilio-Martini-Ombre-e-Luci-n.118-2012.webp,copertine/21e0ad55-480b-4f9d-bc1c-621a3cfd5134,dry-run,
21f5c7e4-fdf9-4b25-beac-308e29ccdb46,viola-mimosa.jpg,copertine/21f5c7e4-fdf9-4b25-beac-308e29ccdb46,dry-run,
220ce1ba-034f-4211-93b5-76c464b429b7,dialogo-aperto-archivio.jpg,copertine/220ce1ba-034f-4211-93b5-76c464b429b7,dry-run,
2253eaf8-192e-4f24-a0fb-02a4de1d5a83,oel042-013.jpg,copertine/2253eaf8-192e-4f24-a0fb-02a4de1d5a83,dry-run,
225bb578-ac17-4308-8919-3360bd376cac,dialogo-aperto.jpg,copertine/225bb578-ac17-4308-8919-3360bd376cac,dry-run,
2265ba0f-0ed1-4350-94a0-cedfda4f757b,libri4.jpg,copertine/2265ba0f-0ed1-4350-94a0-cedfda4f757b,dry-run,
226b80eb-8f9c-431f-9666-5efd88acd51f,Campeggio-Fede-e-Luce-Cesenatico-Ombre-e-Luci-n.129-2015.webp,copertine/226b80eb-8f9c-431f-9666-5efd88acd51f,dry-run,
2287e0e0-4a9e-4f52-a524-84f65f0b5a4c,Dopo-di-noi-Atti-del-Convegno-ANFFAS-Recensione-Ombre-e-Luci-n.139-2017.webp,copertine/2287e0e0-4a9e-4f52-a524-84f65f0b5a4c,dry-run,
22ab17c7-ffa6-4bb1-ac68-289452379a3d,Anfass-anzianità.jpg,copertine/22ab17c7-ffa6-4bb1-ac68-289452379a3d,dry-run,
22f756bd-834d-48a3-b199-d2de28a21944,viola-mimosa.jpg,copertine/22f756bd-834d-48a3-b199-d2de28a21944,dry-run,
22fe0094-203c-42a9-b991-6cbdb5ff022b,Santa-Maria-Regina-Pacis-monteverde.jpg,copertine/22fe0094-203c-42a9-b991-6cbdb5ff022b,dry-run,
23196082-4afe-4464-8644-2a75f3e2b7ac,La-nostra-vita-insieme-Recensione-Ombre-e-Luci-n.-127-2014.webp,copertine/23196082-4afe-4464-8644-2a75f3e2b7ac,dry-run,
231eb38f-554a-47c8-993e-d94893bdbb96,cover-speciale-cinema-e-disabilita-Ombre-e-Luci.jpg,copertine/231eb38f-554a-47c8-993e-d94893bdbb96,dry-run,
231eba1d-3567-49bf-81cf-845292cc50b8,Caterina-1.jpg,copertine/231eba1d-3567-49bf-81cf-845292cc50b8,dry-run,
231f1d05-f085-4ed1-aee2-cfcb9efdb83c,ray-fragapane-QM5-lbqzREc-unsplash.webp,copertine/231f1d05-f085-4ed1-aee2-cfcb9efdb83c,dry-run,
23211d4e-68f2-42c7-8306-717026fe6f0a,Pellegrinaggio-Roma-1975.webp,copertine/23211d4e-68f2-42c7-8306-717026fe6f0a,dry-run,
2337e169-e117-41df-990a-55ebbf53a79c,Cover-Speranza.jpg,copertine/2337e169-e117-41df-990a-55ebbf53a79c,dry-run,
2353e09f-7a33-4345-87d5-7285490ea3b5,richard-II-Ombre-e-Luci-n.-141-2018.webp,copertine/2353e09f-7a33-4345-87d5-7285490ea3b5,dry-run,
235f4cb1-f0e1-49d1-93fa-e6e363f9b15e,Parole-in-liberta-recensione-Ombre-e-Luci-n.124-2013.jpg,copertine/235f4cb1-f0e1-49d1-93fa-e6e363f9b15e,dry-run,
23a2e70e-f7c7-456f-8c54-2ad7db9e7feb,sono-tornato-stasera-insieme-3.webp,copertine/23a2e70e-f7c7-456f-8c54-2ad7db9e7feb,dry-run,
23b4445e-e890-4749-bef0-9727db9d67cd,oel_n1_vita_fede_e_luce04_fx.jpg,copertine/23b4445e-e890-4749-bef0-9727db9d67cd,dry-run,
23c2d251-e375-467f-a5e2-75e520c44965,Fede-e-Luce-Tutti-a-Leeds-8-Ombre-e-Luci-n.123-2013.webp,copertine/23c2d251-e375-467f-a5e2-75e520c44965,dry-run,
23e30d0c-2653-44d1-aee3-22a1be319738,52b-Ombre-e-Luci-n.82-2003.jpg,copertine/23e30d0c-2653-44d1-aee3-22a1be319738,dry-run,
23f52e0f-a73b-4841-94c6-6ef154033808,dialogo-aperto.jpg,copertine/23f52e0f-a73b-4841-94c6-6ef154033808,dry-run,
23f66612-18ca-4aa2-92b3-7b4d29f91bad,mirage.png,copertine/23f66612-18ca-4aa2-92b3-7b4d29f91bad,dry-run,
241a17b4-114b-4e0f-ac75-5ee759c9b8d3,Alzheimer.jpg,copertine/241a17b4-114b-4e0f-ac75-5ee759c9b8d3,dry-run,
244f119b-e775-49b0-b718-cf170c750dc6,oel051-016.jpg,copertine/244f119b-e775-49b0-b718-cf170c750dc6,dry-run,
24513010-d239-4cb3-879c-6dc6da6fb2e7,19.jpg,copertine/24513010-d239-4cb3-879c-6dc6da6fb2e7,dry-run,
245191a0-c34a-46ad-b99b-9622746d1d7f,Basaglia-Franco.jpg,copertine/245191a0-c34a-46ad-b99b-9622746d1d7f,dry-run,
246de6c2-d92f-4b0a-a8ec-3f708f554968,1509129098428.jpg-.jpg,copertine/246de6c2-d92f-4b0a-a8ec-3f708f554968,dry-run,
2475a964-b141-456f-acee-ba6c47dd7022,oel070-010.jpg,copertine/2475a964-b141-456f-acee-ba6c47dd7022,dry-run,
24891f87-e122-4549-a2d0-6002434993bd,il-lato-b-la-famiglia-Ombre-e-Luci-n.-127-2014.webp,copertine/24891f87-e122-4549-a2d0-6002434993bd,dry-run,
24b5f80f-d7f9-467e-b0ad-4b0051d9ead4,Baskin-3-Ombre-e-Luci-n.139-2017.webp,copertine/24b5f80f-d7f9-467e-b0ad-4b0051d9ead4,dry-run,
24bde204-da18-4768-a89d-1f8e40010327,insieme-8-1976-oggi-mi-sento-in-crisi.webp,copertine/24bde204-da18-4768-a89d-1f8e40010327,dry-run,
24d31b13-6e88-4913-a115-bc4ff5de5b1c,Fede-e-Luce-Logo-old.jpg,copertine/24d31b13-6e88-4913-a115-bc4ff5de5b1c,dry-run,
24f992b5-3b31-4d91-af05-de518ff88de1,lettere.jpg,copertine/24f992b5-3b31-4d91-af05-de518ff88de1,dry-run,
24ff8086-4f93-42cc-85b2-5535b85faf99,Bici-Caffarella-2024.jpg,copertine/24ff8086-4f93-42cc-85b2-5535b85faf99,dry-run,
254dfa34-f8fe-4a91-96ec-9e0b602326bd,Ho-un-fratello-e-una-sorella-Michele-e-Francesca-che-non-sentono-ambedue-diplomati-in-ragioneria-lavorano-sono-sposati-e-hanno-tre-bimbe.jpg,copertine/254dfa34-f8fe-4a91-96ec-9e0b602326bd,dry-run,
25580c12-d1c5-4305-bb59-b390f0bcd5e7,libri-vecchi.jpg,copertine/25580c12-d1c5-4305-bb59-b390f0bcd5e7,dry-run,
2586c31d-44f6-4c0f-9a43-50672f775c3e,00-11-Ombre-e-Luci-n.80-2002.jpg,copertine/2586c31d-44f6-4c0f-9a43-50672f775c3e,dry-run,
2595fa89-d857-4755-85e2-1268fa6b3969,preghiera.webp,copertine/2595fa89-d857-4755-85e2-1268fa6b3969,dry-run,
259c75b9-2eb9-4a8b-ae60-d9116cdf5719,oel027-013.jpg,copertine/259c75b9-2eb9-4a8b-ae60-d9116cdf5719,dry-run,
25a7135a-25e0-46ad-ab43-4048116a7330,oel062-16D.jpg,copertine/25a7135a-25e0-46ad-ab43-4048116a7330,dry-run,
25ae3055-3e1f-4fec-8cd5-a768180cb29d,1-Sanremo-fin-dove-lho-visto-Davide-PAsseri-Ombre-e-Luci-.webp,copertine/25ae3055-3e1f-4fec-8cd5-a768180cb29d,dry-run,
25b00030-5e4c-4d72-9f2f-a71395c3bb05,Jean-Vanier-battesimo-1928.jpg,copertine/25b00030-5e4c-4d72-9f2f-a71395c3bb05,dry-run,
25cf56c3-0abf-4432-afec-57713fadb0df,Museo-tattile-Omero.jpeg,copertine/25cf56c3-0abf-4432-afec-57713fadb0df,dry-run,
25db2911-2291-47af-afc7-0b6ed9537ae7,dopo-di-noi-Antonio-Brunetti-Ombre-e-Luci-n.138-2017.webp,copertine/25db2911-2291-47af-afc7-0b6ed9537ae7,dry-run,
25dfa79d-7983-48fc-a0fd-21db35c766a6,dialogo-aperto.jpg,copertine/25dfa79d-7983-48fc-a0fd-21db35c766a6,dry-run,
25ef3f17-5a16-4fcf-a1c1-85ab061f9b50,oel24-009.jpg,copertine/25ef3f17-5a16-4fcf-a1c1-85ab061f9b50,dry-run,
2604c07c-3e5f-4706-b04c-cfb1095f8468,Vito-Buon-samaritano-sd.jpg,copertine/2604c07c-3e5f-4706-b04c-cfb1095f8468,dry-run,
2622571e-ab18-47bd-819c-fa6c4cf17d9c,the-art-of-learning-leon-zernitsky.jpg,copertine/2622571e-ab18-47bd-819c-fa6c4cf17d9c,dry-run,
262dcb38-27c3-4460-a240-6215528ddd87,Antonietta-terza-medaglia.jpg,copertine/262dcb38-27c3-4460-a240-6215528ddd87,dry-run,
264cf60b-637e-4844-9db8-b80efde8b98e,Giovanni-Vergani-tavolo.jpg,copertine/264cf60b-637e-4844-9db8-b80efde8b98e,dry-run,
264e3e89-1193-4fc2-8e29-ea62c513c6b7,giovanni-grossi-2.jpg,copertine/264e3e89-1193-4fc2-8e29-ea62c513c6b7,dry-run,
26669297-d27a-42ed-a99f-fab71de4bd8a,oel19-018.jpg,copertine/26669297-d27a-42ed-a99f-fab71de4bd8a,dry-run,
267969af-98c8-4df9-a0ae-514be1c77619,Beatrice-Acquistapace-con-i-suoi-genitori-Ombre-e-Luci-n.133-2016.webp,copertine/267969af-98c8-4df9-a0ae-514be1c77619,dry-run,
267bdef9-3821-478a-8043-8d65fee85aa9,Mariangela-e-figli-1-Ombre-e-Luci-n.128-2014.webp,copertine/267bdef9-3821-478a-8043-8d65fee85aa9,dry-run,
267f9324-500a-402d-ac98-72cd7d447a0f,Quattro-pagine-in-voce.jpg,copertine/267f9324-500a-402d-ac98-72cd7d447a0f,dry-run,
2685f97f-6f3c-40b0-a3c0-11c38995af6b,oel047-017B.jpg,copertine/2685f97f-6f3c-40b0-a3c0-11c38995af6b,dry-run,
26c2c22e-3b25-4803-ac8c-5cb0a13c6c64,la-paura-degli-altri-cover-insieme-n.2.jpg,copertine/26c2c22e-3b25-4803-ac8c-5cb0a13c6c64,dry-run,
26cd24fa-6b31-4f56-93c2-6c9d9251b0cf,dialogo-aperto.jpg,copertine/26cd24fa-6b31-4f56-93c2-6c9d9251b0cf,dry-run,
26d5009a-21a8-41c8-835f-57188e205930,LIBRO-Archeocasilina-COP.jpg,copertine/26d5009a-21a8-41c8-835f-57188e205930,dry-run,
26fec4f4-964f-4fdb-89d2-525ddcae6c38,Redazione-Bessarione.jpg,copertine/26fec4f4-964f-4fdb-89d2-525ddcae6c38,dry-run,
2721f9c1-0e5c-443d-8ef6-ee0483dad2dc,out-of-my-mind-min.jpg,copertine/2721f9c1-0e5c-443d-8ef6-ee0483dad2dc,dry-run,
2723989b-2fa4-4514-a488-a286b62e530e,libri-vecchi.jpg,copertine/2723989b-2fa4-4514-a488-a286b62e530e,dry-run,
272bdc63-8b56-4354-962e-fce9b3d030b4,genitori.webp,copertine/272bdc63-8b56-4354-962e-fce9b3d030b4,dry-run,
272efa4d-29d2-40cd-8686-01dc44a39499,oel031-001.jpg,copertine/272efa4d-29d2-40cd-8686-01dc44a39499,dry-run,
273357fe-adb6-4c07-834d-4ad1dfd9b474,Un-posto-tra-gli-altri-Ombre-e-Luci-n.137-2017.webp,copertine/273357fe-adb6-4c07-834d-4ad1dfd9b474,dry-run,
273dd682-fb3e-4f84-8a14-d9162ead2202,oel026-001.jpg,copertine/273dd682-fb3e-4f84-8a14-d9162ead2202,dry-run,
2747b0d4-255e-47fc-926f-0d374335a7c8,oel046-003.jpg,copertine/2747b0d4-255e-47fc-926f-0d374335a7c8,dry-run,
274fe734-4e2d-4fe2-b2d4-553abc702281,2734px-Amandelbloesem_-_s0176V1962_-_Van_Gogh_Museum.webp,copertine/274fe734-4e2d-4fe2-b2d4-553abc702281,dry-run,
2756b234-2e53-4a63-a84b-4473b6ed7f96,oel029-010.jpg,copertine/2756b234-2e53-4a63-a84b-4473b6ed7f96,dry-run,
27586870-954c-40d4-81e2-dfa89a176295,province.jpg,copertine/27586870-954c-40d4-81e2-dfa89a176295,dry-run,
275a4313-876a-45ab-b023-5bbc0898075a,Benedetta-IV-2025.jpg,copertine/275a4313-876a-45ab-b023-5bbc0898075a,dry-run,
277a6881-1d96-4533-9000-153d63ffca7d,00-23.jpg,copertine/277a6881-1d96-4533-9000-153d63ffca7d,dry-run,
27934185-da77-4731-81e1-68a8f422f11d,dialogo-aperto-archivio.jpg,copertine/27934185-da77-4731-81e1-68a8f422f11d,dry-run,
27a22926-1f97-43f0-ac72-6af13f341d31,Mariangela-Paolo-Sankale-Santa-silvia-Ombre-e-Luci-n.128-2014.jpeg,copertine/27a22926-1f97-43f0-ac72-6af13f341d31,dry-run,
27a43cb2-7052-477b-b052-1c75a2aca117,Presidenti-Passaggio-consegne.jpg,copertine/27a43cb2-7052-477b-b052-1c75a2aca117,dry-run,
27c58bf7-3231-4c56-81f7-dd508db8ef41,oel036-030.jpg,copertine/27c58bf7-3231-4c56-81f7-dd508db8ef41,dry-run,
27c6d3fd-79e2-4e3f-b314-989859312ccf,P_20171010_223739.png,copertine/27c6d3fd-79e2-4e3f-b314-989859312ccf,dry-run,
27da4422-69e2-4543-8797-ce98226ba9b6,54-Ombre-e-Luci-n.82-2003.jpg,copertine/27da4422-69e2-4543-8797-ce98226ba9b6,dry-run,
27dd5818-0fd7-4888-b60b-119382a47666,Il-vangelo-dei-vinti-Recensione-Ombre-e-Luci-n.120-2012.webp,copertine/27dd5818-0fd7-4888-b60b-119382a47666,dry-run,
27df6271-cf3c-45b2-b1a5-49297d49d8e0,Senza-titolo-1.jpg,copertine/27df6271-cf3c-45b2-b1a5-49297d49d8e0,dry-run,
28055f97-e27d-484c-a88a-38bf0e2552c5,26B-Ombre-e-Luci-n.97-2007.jpg,copertine/28055f97-e27d-484c-a88a-38bf0e2552c5,dry-run,
2815f265-57f1-47b8-a7f4-01e9d23128b1,oel038-004.jpg,copertine/2815f265-57f1-47b8-a7f4-01e9d23128b1,dry-run,
2828d685-aa2b-424b-835b-c5e06813d33e,oel028-014.jpg,copertine/2828d685-aa2b-424b-835b-c5e06813d33e,dry-run,
283e2af3-d1df-4f22-84a0-3d50267e924e,Benedetta-e-Gimbo-2.jpg,copertine/283e2af3-d1df-4f22-84a0-3d50267e924e,dry-run,
284a5dc7-3d3a-4ab2-b718-07bd65789aba,dialogo-aperto-archivio.jpg,copertine/284a5dc7-3d3a-4ab2-b718-07bd65789aba,dry-run,
28523e74-2578-4539-938b-78adfa9524e7,Giovanni.jpg,copertine/28523e74-2578-4539-938b-78adfa9524e7,dry-run,
285a5d7f-c79a-4608-bb20-31b9e1befbf2,oel032-023.jpg,copertine/285a5d7f-c79a-4608-bb20-31b9e1befbf2,dry-run,
2862d01d-78ba-405f-9881-1988e71c902b,Ma-di-sicuro-torna-il-sereno.webp,copertine/2862d01d-78ba-405f-9881-1988e71c902b,dry-run,
28787364-0316-4d04-a403-0b9a9e280cf0,libri-vecchi.jpg,copertine/28787364-0316-4d04-a403-0b9a9e280cf0,dry-run,
288cade5-9db3-4c6a-99c9-90af1472a84c,scuola-bambino-sostegno.jpg,copertine/288cade5-9db3-4c6a-99c9-90af1472a84c,dry-run,
2896dc93-b224-4774-b16e-c573af8e6cf3,oel42-025A.jpg,copertine/2896dc93-b224-4774-b16e-c573af8e6cf3,dry-run,
28a15fb3-a2e2-47f2-8d4c-7f35d00b2fcd,oel031-028.jpg,copertine/28a15fb3-a2e2-47f2-8d4c-7f35d00b2fcd,dry-run,
28f38ebc-3b23-4ba9-ac87-f5ae828789b4,Fino-a-quando-la-mia-stella-brillera-Recensione-Ombre-e-Luci-n.144-2018.webp,copertine/28f38ebc-3b23-4ba9-ac87-f5ae828789b4,dry-run,
28fa93c6-8c45-4834-9792-8cd2f25e943f,oel037-036.jpg,copertine/28fa93c6-8c45-4834-9792-8cd2f25e943f,dry-run,
292db6e2-4042-4960-97a2-ab259a53154a,insieme-notiziario-1977-Ombre-e-Luci.jpg,copertine/292db6e2-4042-4960-97a2-ab259a53154a,dry-run,
2958a514-696e-4f11-85d1-64afd8077f83,Il-mare-non-serve-a-niente-cop.jpg,copertine/2958a514-696e-4f11-85d1-64afd8077f83,dry-run,
2965182f-8d73-4b24-ad08-7fcd49ebb9d3,Benedetta-Lorenza.jpg,copertine/2965182f-8d73-4b24-ad08-7fcd49ebb9d3,dry-run,
2992bfb9-1e1d-4f49-880a-824728d210e0,libri-vecchi.jpg,copertine/2992bfb9-1e1d-4f49-880a-824728d210e0,dry-run,
29950469-2599-40a3-957c-d0885cf10686,Gilda-Antonietta-4.jpg,copertine/29950469-2599-40a3-957c-d0885cf10686,dry-run,
29a1531a-ce43-48dd-9b87-f006b4429c53,libri-vecchi.jpg,copertine/29a1531a-ce43-48dd-9b87-f006b4429c53,dry-run,
29a658ca-af06-4d9e-bc4d-4076f4abb494,libri3.jpg,copertine/29a658ca-af06-4d9e-bc4d-4076f4abb494,dry-run,
29a9b152-39fe-433c-986e-99133989ca07,oel053-026.jpg,copertine/29a9b152-39fe-433c-986e-99133989ca07,dry-run,
29aa61a7-c70e-4705-b77d-538b5af83efe,LIBRO-Chi-come-me.jpg,copertine/29aa61a7-c70e-4705-b77d-538b5af83efe,dry-run,
29b671d3-6a34-4a32-b9e8-ee3fbc40b988,Mariangela-e-Chicca-2-Ombre-e-Luci-n.128-2014.webp,copertine/29b671d3-6a34-4a32-b9e8-ee3fbc40b988,dry-run,
29c58f0c-06b4-47be-9122-b3a8a8de8c6e,Mariangela-scuola-Ombre-e-Luci-n.128-2014.webp,copertine/29c58f0c-06b4-47be-9122-b3a8a8de8c6e,dry-run,
29dd6b50-dfda-4a58-8778-6e0d13e261fe,oel048-019.jpg,copertine/29dd6b50-dfda-4a58-8778-6e0d13e261fe,dry-run,
29f08713-e227-460f-9d0a-3e77f004823a,Il-signor-parroco-ha-dato-di-matto-Recensione-Ombre-e-Luci-n.139-2017.webp,copertine/29f08713-e227-460f-9d0a-3e77f004823a,dry-run,
2a13816a-06ed-41f9-b383-3d75f2446201,Antonietta-piscina.jpg,copertine/2a13816a-06ed-41f9-b383-3d75f2446201,dry-run,
2a4c0519-e840-43fb-afc1-157c795ae130,La-speranza-non-fa-rumore-Chiara-Bertoglio-recensione-Ombre-e-Luci-n.-115-2011.webp,copertine/2a4c0519-e840-43fb-afc1-157c795ae130,dry-run,
2a5bee8e-36b1-4cb0-a255-77b658a0dfff,oel052-016.jpg,copertine/2a5bee8e-36b1-4cb0-a255-77b658a0dfff,dry-run,
2a61e55d-5fad-44de-a75f-e23d7895e2ab,insieme-8-1976-Festsa-fede-e-luce.webp,copertine/2a61e55d-5fad-44de-a75f-e23d7895e2ab,dry-run,
2a62a459-7306-47fa-bbda-d95e474961e2,Alla-fine-ci-inventeremo-qualcosa-Recensione-Ombre-e-Luci-n.130-2015.webp,copertine/2a62a459-7306-47fa-bbda-d95e474961e2,dry-run,
2a6dcc41-c6ff-4940-b747-aa8fc21fe912,26-Ombre-e-Luci-n.77-22.jpg,copertine/2a6dcc41-c6ff-4940-b747-aa8fc21fe912,dry-run,
2a7179eb-3965-49db-9b2c-d97cecfea0be,Suor-Ilaria-2.jpg,copertine/2a7179eb-3965-49db-9b2c-d97cecfea0be,dry-run,
2ac25a60-1abf-4f1c-bedd-c816e0dcee6a,Primo-meeting-internazionale-giovanile-di-Fede-e-Luce-Alicante-Recensione-Ombre-e-Luci-n.139-2017-Recensione-Ombre-e-Luci-n.139-2017.webp,copertine/2ac25a60-1abf-4f1c-bedd-c816e0dcee6a,dry-run,
2adae38b-13f8-42fb-8777-4b41e0a6cdd2,Papa-francesco-con-Gemma-Ombre-e-Luci-n.140-2018.webp,copertine/2adae38b-13f8-42fb-8777-4b41e0a6cdd2,dry-run,
2ae3560a-85b9-4f02-8457-8086533edc24,17-Ombre-e-Luci-n.98-2007-1.webp,copertine/2ae3560a-85b9-4f02-8457-8086533edc24,dry-run,
2ae670d1-8f82-4556-acc7-9d4a8f62a535,Copertina-Buttinoni.jpg,copertine/2ae670d1-8f82-4556-acc7-9d4a8f62a535,dry-run,
2ae69637-7af8-4925-aaa8-80f006029884,libri-vecchi.jpg,copertine/2ae69637-7af8-4925-aaa8-80f006029884,dry-run,
2b07941f-d7ee-4b1c-8022-7ff0754d9a1f,oel_n2_conoscere_l_handicap003_fx.jpg,copertine/2b07941f-d7ee-4b1c-8022-7ff0754d9a1f,dry-run,
2b14cfe5-1822-4ac7-a95f-16fbb09184cc,oel071-004.jpg,copertine/2b14cfe5-1822-4ac7-a95f-16fbb09184cc,dry-run,
2b314529-6022-47eb-b95e-95d276c408ff,oel073-008.jpg,copertine/2b314529-6022-47eb-b95e-95d276c408ff,dry-run,
2b322b0b-c332-4855-a8da-976072eb4135,Uffa-Benedetta.jpg,copertine/2b322b0b-c332-4855-a8da-976072eb4135,dry-run,
2b33827c-11ea-4b44-8388-0b401ef50dfa,oel23-006.jpg,copertine/2b33827c-11ea-4b44-8388-0b401ef50dfa,dry-run,
2b3eb539-fcb0-41b3-8a1a-98436ba9a264,oel050-025.jpg,copertine/2b3eb539-fcb0-41b3-8a1a-98436ba9a264,dry-run,
2b44a020-e365-4ace-a06f-eb5edb2f4170,Papa-Francesco-Ombre-e-Luci-n.135-2016.webp,copertine/2b44a020-e365-4ace-a06f-eb5edb2f4170,dry-run,
2b5646f2-3fed-4539-a690-ed9b1b378623,insieme-4-allamicizia-ci-credo.jpg,copertine/2b5646f2-3fed-4539-a690-ed9b1b378623,dry-run,
2b6621e4-4e05-473e-b31a-7a5a9370bf40,La-mia-forza-nella-mia-differenza-Ombre-e-Luci-n.142-2018.webp,copertine/2b6621e4-4e05-473e-b31a-7a5a9370bf40,dry-run,
2b73783f-7a3b-4c33-ab4a-d9a76e57baa9,P_20171011_092535.jpg,copertine/2b73783f-7a3b-4c33-ab4a-d9a76e57baa9,dry-run,
2b8a25c6-f3a4-46a4-826e-537877df42ee,The-Man-Who-Sold-His-Skin.jpg,copertine/2b8a25c6-f3a4-46a4-826e-537877df42ee,dry-run,
2bd33839-12c9-4561-90da-9e59fb10911a,terra-libera-tutti.jpg,copertine/2bd33839-12c9-4561-90da-9e59fb10911a,dry-run,
2bd352f2-4000-4e9d-9c27-873ee82483e8,oel16-029.jpg,copertine/2bd352f2-4000-4e9d-9c27-873ee82483e8,dry-run,
2be14aee-77fa-4e49-ad00-866a1ce48eea,libri-vecchi.jpg,copertine/2be14aee-77fa-4e49-ad00-866a1ce48eea,dry-run,
2be49885-f8df-4744-bd37-844ac8e26895,logan-weaver-lgnwvr-lK0l9pzxLps-unsplash-4.webp,copertine/2be49885-f8df-4744-bd37-844ac8e26895,dry-run,
2c2bbe36-0ccd-4272-8a85-54bdc4a72c66,libri2.jpg,copertine/2c2bbe36-0ccd-4272-8a85-54bdc4a72c66,dry-run,
2c31d1ca-6721-4d8e-a44e-e925c115f9fe,Ironia-e-hanicap-1-Ombre-e-Luci-n.-127-2014.jpeg,copertine/2c31d1ca-6721-4d8e-a44e-e925c115f9fe,dry-run,
2c3bb4b0-b752-49bb-8e50-7e313e4cf627,oel15-018.jpg,copertine/2c3bb4b0-b752-49bb-8e50-7e313e4cf627,dry-run,
2c9978f3-0425-421d-b09c-0f0514db6b1f,ben-white-eeFMC1UG_k8-unsplash-1.jpg,copertine/2c9978f3-0425-421d-b09c-0f0514db6b1f,dry-run,
2cb503e4-64ca-4455-80e9-197c6ccdd56d,Benedetta-moda.jpg,copertine/2cb503e4-64ca-4455-80e9-197c6ccdd56d,dry-run,
2cc519c8-78d7-49d3-a580-e7174f9e3b11,oel039-015.jpg,copertine/2cc519c8-78d7-49d3-a580-e7174f9e3b11,dry-run,
2ccfe740-0fc7-4f19-935c-707317f91741,10.jpg,copertine/2ccfe740-0fc7-4f19-935c-707317f91741,dry-run,
2ced7a2e-78e4-4fa7-b953-2d73f3389ad1,The-Silent-Child-chiara.jpg,copertine/2ced7a2e-78e4-4fa7-b953-2d73f3389ad1,dry-run,
2cf42760-86f9-4c48-ac75-0b72c54ddfbb,Bikepark-min.jpeg,copertine/2cf42760-86f9-4c48-ac75-0b72c54ddfbb,dry-run,
2cf46d9c-bcee-4c25-8d0b-ce6780b376b2,oel032-008.jpg,copertine/2cf46d9c-bcee-4c25-8d0b-ce6780b376b2,dry-run,
2d36244d-b15a-4699-9f27-8f864ad89e50,oel031-013.jpg,copertine/2d36244d-b15a-4699-9f27-8f864ad89e50,dry-run,
2d39324d-9f9f-4fe6-880f-179d4415a290,Un-giorno-dopo-laltro-copertina-recensione-Ombre-e-Luci-n.-71-2000.jpg,copertine/2d39324d-9f9f-4fe6-880f-179d4415a290,dry-run,
2d3ee116-fcef-4a67-bd27-b1f98a24ad4c,Donne-al-sepolcro.jpg,copertine/2d3ee116-fcef-4a67-bd27-b1f98a24ad4c,dry-run,
2d57b36d-9b65-4496-8a3f-716e3e5d7166,oel041-015.jpg,copertine/2d57b36d-9b65-4496-8a3f-716e3e5d7166,dry-run,
2d5a4c48-456a-45dd-87d7-45f366d6b7a5,Barca-viciniadistanza.jpg,copertine/2d5a4c48-456a-45dd-87d7-45f366d6b7a5,dry-run,
2d690a9c-e049-414c-bc32-d95e90d86fdd,Banca-etica.jpg,copertine/2d690a9c-e049-414c-bc32-d95e90d86fdd,dry-run,
2d746f72-8d6f-422e-9e7e-e11920ef1e65,Io-sono-un-po-matto-e-tu.jpg,copertine/2d746f72-8d6f-422e-9e7e-e11920ef1e65,dry-run,
2d90a7ab-cccf-408b-8f82-cbdf0954aa13,province.jpg,copertine/2d90a7ab-cccf-408b-8f82-cbdf0954aa13,dry-run,
2da7b68d-586b-4f1b-8f10-a7b6c3dcb009,Lorusso-Vaccini.jpg,copertine/2da7b68d-586b-4f1b-8f10-a7b6c3dcb009,dry-run,
2df30a60-5fb8-48dd-97d1-538279ddbb4b,Benedetta-2.jpg,copertine/2df30a60-5fb8-48dd-97d1-538279ddbb4b,dry-run,
2e012584-ff57-4e96-a755-10206600e75a,oel025-012.jpg,copertine/2e012584-ff57-4e96-a755-10206600e75a,dry-run,
2e0ca83d-a55b-4f8b-93e9-87565592eb91,inviaggio.webp,copertine/2e0ca83d-a55b-4f8b-93e9-87565592eb91,dry-run,
2e0f182d-ac86-45db-9a53-452bb8731231,Messa-per-persone-con-disabilità.jpg,copertine/2e0f182d-ac86-45db-9a53-452bb8731231,dry-run,
2e4a0bf5-1154-44f3-a978-fb4973d0a5d5,Sandro_Botticelli_Adorazione_dei_Magi-La-cantilena-dei-Re-Magi-Ombre-e-luci-n.84.jpg,copertine/2e4a0bf5-1154-44f3-a978-fb4973d0a5d5,dry-run,
2e6286f1-ca16-489e-8292-d195d6826097,oel067-00A.jpg,copertine/2e6286f1-ca16-489e-8292-d195d6826097,dry-run,
2e85833d-5880-458a-a020-92de28eb2b71,Griffo-intervista.jpg,copertine/2e85833d-5880-458a-a020-92de28eb2b71,dry-run,
2ec0fa16-dfa9-4120-95f8-2f9c59e575ba,Giovanni.jpg,copertine/2ec0fa16-dfa9-4120-95f8-2f9c59e575ba,dry-run,
2f2321e5-25ba-4f49-92ed-a2bdb27275e6,lucy-chian-LYq7W1lRal4-unsplash-1.jpg,copertine/2f2321e5-25ba-4f49-92ed-a2bdb27275e6,dry-run,
2f248897-090b-437b-accd-b7e80b6608d2,Stefano-Sbrulli-Source-International-03.jpg,copertine/2f248897-090b-437b-accd-b7e80b6608d2,dry-run,
2f34b1d9-44b4-4380-99ee-e0d2b55b7de4,27-notti.jpg,copertine/2f34b1d9-44b4-4380-99ee-e0d2b55b7de4,dry-run,
2f4d587f-f812-4c84-92f3-d6e150dced70,Benedetta-Coro-cut-min.jpeg,copertine/2f4d587f-f812-4c84-92f3-d6e150dced70,dry-run,
2f6539f3-5dab-452c-8a44-bd531b17430b,hoyt.jpg,copertine/2f6539f3-5dab-452c-8a44-bd531b17430b,dry-run,
2f7b4ecd-d729-47ec-b0cc-feace21889b4,sfondo-natale-1.jpg,copertine/2f7b4ecd-d729-47ec-b0cc-feace21889b4,dry-run,
2f875001-333d-400d-ba5d-9f2b8c4ed21b,oel044-022.jpg,copertine/2f875001-333d-400d-ba5d-9f2b8c4ed21b,dry-run,
2f993260-01fc-44d6-95c3-9786056ce612,AUTelier-2.jpg,copertine/2f993260-01fc-44d6-95c3-9786056ce612,dry-run,
2fde8115-5133-42e4-b85d-e44b17751f02,Sam-Atypical.jpg,copertine/2fde8115-5133-42e4-b85d-e44b17751f02,dry-run,
3010793b-51a0-4212-a9f0-8d3f3aae0904,Cover-il-grande-cavallo-blu.jpg,copertine/3010793b-51a0-4212-a9f0-8d3f3aae0904,dry-run,
3022e4e5-f823-4c91-a673-6643bae88498,francesco.webp,copertine/3022e4e5-f823-4c91-a673-6643bae88498,dry-run,
30233bf3-65fb-4cd9-adc7-ec451ad66eed,oel071-028.jpg,copertine/30233bf3-65fb-4cd9-adc7-ec451ad66eed,dry-run,
30302542-48b9-4eb6-8436-92adcb29b719,oel19-020.jpg,copertine/30302542-48b9-4eb6-8436-92adcb29b719,dry-run,
30334798-9290-437c-8005-6012a50e2518,la-figlia-dellaltra-recensione-Ombre-e-Luci-n.120-2012.webp,copertine/30334798-9290-437c-8005-6012a50e2518,dry-run,
3041c436-8f5c-4f96-9ec8-1c3d19ebc099,Onora-il-padre-e-la-madre-Maurizio-Quilici-Recensione-libro-Ombre-e-Luci-n.-79-2002.jpg,copertine/3041c436-8f5c-4f96-9ec8-1c3d19ebc099,dry-run,
304c02fc-e96f-4872-8447-dce2dc0a1e09,Pappagalli-verdi-Cronache-di-un-chirurgo-di-guerra.jpg,copertine/304c02fc-e96f-4872-8447-dce2dc0a1e09,dry-run,
30903d02-faee-44d3-94ae-62b8dde672a9,oel_quarta_011.jpg,copertine/30903d02-faee-44d3-94ae-62b8dde672a9,dry-run,
3094bdc1-6402-49a3-820b-dc9549c61318,stefano-barca.jpg,copertine/3094bdc1-6402-49a3-820b-dc9549c61318,dry-run,
30aaebfb-cc75-45fd-a40a-073f151d9a53,I-bambini-di-Asperger-Recensione-Ombre-e-Luci-n.144-2018.webp,copertine/30aaebfb-cc75-45fd-a40a-073f151d9a53,dry-run,
30d16f56-aa8a-49a6-afc6-2b5eb5056c59,LIBRO-Siamo-una-rivoluzione-copertina.jpg,copertine/30d16f56-aa8a-49a6-afc6-2b5eb5056c59,dry-run,
30da0689-f416-40b9-b5b8-e80e2868714b,insieme-1975-leco-della-stampa.webp,copertine/30da0689-f416-40b9-b5b8-e80e2868714b,dry-run,
30ecf1fc-c9fa-4cc2-b53c-66de233de4ca,oel067-022.jpg,copertine/30ecf1fc-c9fa-4cc2-b53c-66de233de4ca,dry-run,
30f1d5c0-ba02-4e0b-a2a0-354b401795ac,Dio-mi-ama-così-come-sono-Marie-Helene-Mathieu-Recensione-libro-Ombre-e-Luci-n.-79-2002.jpg,copertine/30f1d5c0-ba02-4e0b-a2a0-354b401795ac,dry-run,
30fa8e8a-b2ba-498c-8149-199baca9d146,uniti.webp,copertine/30fa8e8a-b2ba-498c-8149-199baca9d146,dry-run,
31029bd8-f47d-432a-bd61-8fe39d6ba429,Benedetta-Coppari.jpg,copertine/31029bd8-f47d-432a-bd61-8fe39d6ba429,dry-run,
31033d5d-5252-4f2c-a922-32c914123cea,PXL_20210917_145431161D.jpg,copertine/31033d5d-5252-4f2c-a922-32c914123cea,dry-run,
31468cf2-da84-418b-bf73-23e5a128679d,oel066-010.jpg,copertine/31468cf2-da84-418b-bf73-23e5a128679d,dry-run,
3148e99b-54c1-4e8a-86f3-4855892d5bed,DILUVIO.png,copertine/3148e99b-54c1-4e8a-86f3-4855892d5bed,dry-run,
316be303-3a2c-44ef-93ef-e0e82257dfd0,LIBRO-Il-mondo-in-un-punto-fisso.jpg,copertine/316be303-3a2c-44ef-93ef-e0e82257dfd0,dry-run,
31889044-b50e-48cc-af7b-43ccca9114fb,oel24-012.jpg,copertine/31889044-b50e-48cc-af7b-43ccca9114fb,dry-run,
31983054-ec05-48ed-a2f2-2a532a121557,Amurri-Perche-non-lo-portate-a-lourdes.jpg,copertine/31983054-ec05-48ed-a2f2-2a532a121557,dry-run,
31a2bd45-f14d-4ccf-8f9c-7078b96a534d,dialogo-aperto.jpg,copertine/31a2bd45-f14d-4ccf-8f9c-7078b96a534d,dry-run,
31a5d367-2af4-4289-85ca-fcc8b112cae1,città-di-leonia-Ombre-e-Luci-n.-70-2000.jpg,copertine/31a5d367-2af4-4289-85ca-fcc8b112cae1,dry-run,
31b9ff96-dc6b-4df0-8c0c-144b17619dfd,oel9008.jpg,copertine/31b9ff96-dc6b-4df0-8c0c-144b17619dfd,dry-run,
31c2d495-7e6e-406d-9bd9-2f88c062235d,oel072-recensione-libro-nuovi-movimenti-jean-vanier.jpg,copertine/31c2d495-7e6e-406d-9bd9-2f88c062235d,dry-run,
31ccb26a-9538-43fd-b8f2-aed089507721,oel031-029.jpg,copertine/31ccb26a-9538-43fd-b8f2-aed089507721,dry-run,
31debbec-5289-4f29-a943-5fce99f8e358,Intervista-a-Antonietta-Pantone.jpg,copertine/31debbec-5289-4f29-a943-5fce99f8e358,dry-run,
3202c7a6-833d-4bee-8fa0-7b625eb59985,3-Sanremo-fin-dove-lho-visto-Davide-PAsseri-Ombre-e-Luci.webp,copertine/3202c7a6-833d-4bee-8fa0-7b625eb59985,dry-run,
32455519-8586-41cc-9a43-e74706244088,8-Ombre-e-Luci-n.98-2007-1.webp,copertine/32455519-8586-41cc-9a43-e74706244088,dry-run,
324d88be-5deb-44cd-8d83-74df265556f9,oel041-010.jpg,copertine/324d88be-5deb-44cd-8d83-74df265556f9,dry-run,
3262dbab-0469-4132-811b-33eccfbaa745,una-storia-storia-sacra-Ombre-e-luci-n.-124-2013.jpg,copertine/3262dbab-0469-4132-811b-33eccfbaa745,dry-run,
32d28ae7-ef9b-424a-8c26-835ed5223d7e,Intervista-Giulia-Angela.jpg,copertine/32d28ae7-ef9b-424a-8c26-835ed5223d7e,dry-run,
32f74874-75c4-4385-8170-912b9c47f2cb,segni-vanier-Ombre-e-Luci-n.118-2012.webp,copertine/32f74874-75c4-4385-8170-912b9c47f2cb,dry-run,
331acc4f-e155-4652-b792-73e9510ec32f,Associazione-Città-Futura.jpg,copertine/331acc4f-e155-4652-b792-73e9510ec32f,dry-run,
331efa83-8db2-4172-bbb0-3dbe33e9fe81,buon-natale-insieme-3.webp,copertine/331efa83-8db2-4172-bbb0-3dbe33e9fe81,dry-run,
332ced03-6ab1-4f96-bf5d-232fe2e5a82d,Geel-american-conservative-1.jpg,copertine/332ced03-6ab1-4f96-bf5d-232fe2e5a82d,dry-run,
335939ff-5e96-42ab-9075-5b1a6c88cc9a,Monsignor-von-Galen-Ombre-e-Luci-n.135-2016.webp,copertine/335939ff-5e96-42ab-9075-5b1a6c88cc9a,dry-run,
336e0f5e-63ef-444e-8959-0e053c6266df,croazia.jpg,copertine/336e0f5e-63ef-444e-8959-0e053c6266df,dry-run,
336f0b2f-4ed9-473d-9bb9-a183ca048bce,libri-vecchi.jpg,copertine/336f0b2f-4ed9-473d-9bb9-a183ca048bce,dry-run,
33737cec-1065-42b5-9bff-12b445dce9e5,15.jpg,copertine/33737cec-1065-42b5-9bff-12b445dce9e5,dry-run,
3379b691-19b9-4a5d-b982-ecdefea96ca7,dialogo-aperto-archivio.jpg,copertine/3379b691-19b9-4a5d-b982-ecdefea96ca7,dry-run,
337a7a9a-96fc-45b8-a580-5c2644975793,Promo-facebook.jpg,copertine/337a7a9a-96fc-45b8-a580-5c2644975793,dry-run,
33866e22-1a6c-41e2-8c49-4a80fdead09d,la-forma-della-voce.jpg,copertine/33866e22-1a6c-41e2-8c49-4a80fdead09d,dry-run,
338b3de0-f039-4062-81fb-41ac2e13bc02,Schermata-2023-02-08-alle-19.14.02.webp,copertine/338b3de0-f039-4062-81fb-41ac2e13bc02,dry-run,
338fa030-5ede-4e12-a58c-02f6630761cb,oel23-019.jpg,copertine/338fa030-5ede-4e12-a58c-02f6630761cb,dry-run,
339766a0-ad73-4625-9a24-ae7b911269fa,oel031-039.jpg,copertine/339766a0-ad73-4625-9a24-ae7b911269fa,dry-run,
339a434a-ba75-4e90-b3f2-8a714baeb4af,dialogo-aperto.jpg,copertine/339a434a-ba75-4e90-b3f2-8a714baeb4af,dry-run,
33b6f5c8-a901-46c7-a731-26d0d7fe9481,oel23-025B.jpg,copertine/33b6f5c8-a901-46c7-a731-26d0d7fe9481,dry-run,
33bdeda8-0575-4516-8af2-99be42ce0ab1,sacerdote-ragazzo_cop.jpg,copertine/33bdeda8-0575-4516-8af2-99be42ce0ab1,dry-run,
33d20a83-abff-41e9-8de1-b132d573cd6a,insieme-4-qua-e-la-per-litalia.jpg,copertine/33d20a83-abff-41e9-8de1-b132d573cd6a,dry-run,
340588f3-cab2-44bb-8363-ceeef3deb3cc,oel8016.jpg,copertine/340588f3-cab2-44bb-8363-ceeef3deb3cc,dry-run,
3416f764-6881-4593-8519-87a63a923359,jackson-david-2hJZF52UR9k-unsplash.webp,copertine/3416f764-6881-4593-8519-87a63a923359,dry-run,
3420705e-444c-406c-aefe-ad63933d9420,Chopin-diversamente-impresa-Ombre-e-Luci-n.125-2014.webp,copertine/3420705e-444c-406c-aefe-ad63933d9420,dry-run,
343799fa-6cb9-4f80-98b6-29864c3ab46b,Angels.jpg,copertine/343799fa-6cb9-4f80-98b6-29864c3ab46b,dry-run,
343d15f1-93bf-452f-a672-478dde1eb500,Supersorda-serie-tv.jpg,copertine/343d15f1-93bf-452f-a672-478dde1eb500,dry-run,
3441f7c2-8b53-4114-a0a8-64d3d11e3e87,Mamma-ti-posso-parlare-Copertina-Ombre-e-Luci-n.125-2014.jpg,copertine/3441f7c2-8b53-4114-a0a8-64d3d11e3e87,dry-run,
346409ba-8551-4eaa-a50e-d579cbbec2f4,Ylenia-Malti-yoga-per-bambini-e-adolescenti-con-bisogni-speciali-Ombre-e-Luci-n.124-2013.jpg,copertine/346409ba-8551-4eaa-a50e-d579cbbec2f4,dry-run,
34b01e17-794d-49f2-828e-72642c2d6313,Andrea-Zamperoni.jpg,copertine/34b01e17-794d-49f2-828e-72642c2d6313,dry-run,
350b3a98-804f-484b-816f-06ecb3038688,province.jpg,copertine/350b3a98-804f-484b-816f-06ecb3038688,dry-run,
350c1162-2dcf-4edc-bef5-e0c000abc659,Giorgia-Fontani.jpg,copertine/350c1162-2dcf-4edc-bef5-e0c000abc659,dry-run,
3510a44b-5909-453e-88ca-417920795be3,libri4.jpg,copertine/3510a44b-5909-453e-88ca-417920795be3,dry-run,
351b8f10-611f-45b6-a164-9924193638e0,unfitting.jpg,copertine/351b8f10-611f-45b6-a164-9924193638e0,dry-run,
352250e0-7a5d-489f-9f27-696936e365e5,ippoterapia-disabilità.jpg,copertine/352250e0-7a5d-489f-9f27-696936e365e5,dry-run,
355609cc-3377-4f9e-a423-b3201877e9f3,bud-specer-chi-trova-un-amico-trova-un-tesoro.webp,copertine/355609cc-3377-4f9e-a423-b3201877e9f3,dry-run,
3575d12a-d63c-425a-bf0d-7129be36a0ed,La-delegazione-italiana-al-convengo-internazionale-di-Fede-e-Luce-Ombre-e-Luci-n.136-2016.webp,copertine/3575d12a-d63c-425a-bf0d-7129be36a0ed,dry-run,
35807704-dab6-4dc1-bea2-0413980b041c,oel_n4_trisomia002-fx.jpg,copertine/35807704-dab6-4dc1-bea2-0413980b041c,dry-run,
3581f309-13dd-4476-a4ea-493ff01a9ca4,oel11-000.jpg,copertine/3581f309-13dd-4476-a4ea-493ff01a9ca4,dry-run,
3598f10b-475e-41c0-b495-602e6c3e11e4,Basaglia-01.jpg,copertine/3598f10b-475e-41c0-b495-602e6c3e11e4,dry-run,
359da2b7-22db-4e8c-9f1b-6368251a1200,oel037-025.jpg,copertine/359da2b7-22db-4e8c-9f1b-6368251a1200,dry-run,
35b74c2a-fe4b-4263-9fc4-23a6329fc0d7,Daniel-Tummet-Volevo-che-qualcuno-rispondesse-alla-mie-domande-Ombre-e-Luci-n.126-2014-1.webp,copertine/35b74c2a-fe4b-4263-9fc4-23a6329fc0d7,dry-run,
35c931a0-b1f7-42e1-88f1-a516804bb000,10-1.jpg,copertine/35c931a0-b1f7-42e1-88f1-a516804bb000,dry-run,
35d991eb-cc98-4435-a78d-2d4a76a1688a,jean.webp,copertine/35d991eb-cc98-4435-a78d-2d4a76a1688a,dry-run,
35fe7e7f-756a-4254-b1ba-386b785acf96,libri-vecchi.jpg,copertine/35fe7e7f-756a-4254-b1ba-386b785acf96,dry-run,
36002e32-15ce-4c09-a2d1-8f4498e1451d,oel11-020.jpg,copertine/36002e32-15ce-4c09-a2d1-8f4498e1451d,dry-run,
362359b0-585d-4aa6-8c2b-5dcba1579aa9,libri-vecchi.jpg,copertine/362359b0-585d-4aa6-8c2b-5dcba1579aa9,dry-run,
363af7c5-7adc-47ae-b067-2c5dbd1e0643,Millennium-4-cover.jpg,copertine/363af7c5-7adc-47ae-b067-2c5dbd1e0643,dry-run,
3667794d-a4bf-4a53-bdb7-342395bb4014,giovanni-grossi-2.jpg,copertine/3667794d-a4bf-4a53-bdb7-342395bb4014,dry-run,
368dcbe1-7693-4c55-a13a-c2ab6391b639,Gianluca-LIS-1.jpg,copertine/368dcbe1-7693-4c55-a13a-c2ab6391b639,dry-run,
368e126e-8569-4311-b25a-14007aa67c26,oel034-002.jpg,copertine/368e126e-8569-4311-b25a-14007aa67c26,dry-run,
36a91922-1987-487b-88d9-87033ed364b5,Giulia-e-Silvia-min.jpeg,copertine/36a91922-1987-487b-88d9-87033ed364b5,dry-run,
36e2d7d0-dbed-4758-923f-10d5abf9220f,silas-baisch-K785Da4A_JA-unsplash.webp,copertine/36e2d7d0-dbed-4758-923f-10d5abf9220f,dry-run,
36ed0140-d028-4a10-881b-bca85ec18929,50-anni-Ombres-et-lumiere-Ombre-e-Luci-n.143-2018.webp,copertine/36ed0140-d028-4a10-881b-bca85ec18929,dry-run,
3710a2ce-33a5-401a-a082-713b70fb46cc,LIBRO-Alimena-COP.jpg,copertine/3710a2ce-33a5-401a-a082-713b70fb46cc,dry-run,
37142cb1-88ab-4f81-b7b1-c2a1e5dc216f,vita-fede-e-luce-oel-n.5.jpg,copertine/37142cb1-88ab-4f81-b7b1-c2a1e5dc216f,dry-run,
37187497-8cf4-4205-8a3f-01f74176f903,Gli-Altri.-Un-figlio-subnormale-Recensione-Ombre-e-Luci-Insieme-1977.webp,copertine/37187497-8cf4-4205-8a3f-01f74176f903,dry-run,
3749c81e-2b89-4721-a9be-0702c74162e7,Le-suore_Rosso.jpeg,copertine/3749c81e-2b89-4721-a9be-0702c74162e7,dry-run,
375fd932-4939-40c2-9dc3-913648b93d52,Casa-di-Emma-2019.jpg,copertine/375fd932-4939-40c2-9dc3-913648b93d52,dry-run,
37a5120e-c861-4b60-bd69-b8f6bfb0e115,Pellegrinaggio-Fede-e-Luce-a-Roma-1975-Insieme-n.4-1975.jpg,copertine/37a5120e-c861-4b60-bd69-b8f6bfb0e115,dry-run,
37b72fe8-cf59-454f-9e48-51ddee5bef00,oel041-020.jpg,copertine/37b72fe8-cf59-454f-9e48-51ddee5bef00,dry-run,
37bad43f-07af-486d-8475-71542f3225ac,oel055-012.jpg,copertine/37bad43f-07af-486d-8475-71542f3225ac,dry-run,
37c56cbf-c3a0-4a0f-b6b3-7c91ba8e1d06,LIBRI-McBride.jpg,copertine/37c56cbf-c3a0-4a0f-b6b3-7c91ba8e1d06,dry-run,
37c75aa7-eb37-4e88-bd18-e3dae491a8a0,La-prima-quadriglia-di-Almack-Ombre-e-Luci-n.78-2002.jpg,copertine/37c75aa7-eb37-4e88-bd18-e3dae491a8a0,dry-run,
37c8ef7a-8f9d-4531-99ac-2282fcd47045,Che-grinta-nei-momenti-difficili-Ombre-e-Luci-n.-122-2013.webp,copertine/37c8ef7a-8f9d-4531-99ac-2282fcd47045,dry-run,
37d617a9-8c35-4ce3-9cbe-19614dfbd18c,oel17-006.jpg,copertine/37d617a9-8c35-4ce3-9cbe-19614dfbd18c,dry-run,
37d92a1f-027e-40d1-aef3-0efd1c4643ed,giovanissimi-cover-insieme-n.2.jpg,copertine/37d92a1f-027e-40d1-aef3-0efd1c4643ed,dry-run,
37e5dc9b-d9e7-4bf5-b7f5-09acb5e6a880,matasse.jpg,copertine/37e5dc9b-d9e7-4bf5-b7f5-09acb5e6a880,dry-run,
3802b1ba-a6f5-45b5-b4ee-2a59e4518485,Scrittura-non-va-in-esilio.jpeg,copertine/3802b1ba-a6f5-45b5-b4ee-2a59e4518485,dry-run,
3815886a-a8ea-4cf9-8866-b55f453e7914,Justin-Glyn-1.jpg,copertine/3815886a-a8ea-4cf9-8866-b55f453e7914,dry-run,
3820da63-810d-493e-bdda-1b44a86412b3,oel034-021.jpg,copertine/3820da63-810d-493e-bdda-1b44a86412b3,dry-run,
3826131d-c39a-4923-a12b-973ea3cb0004,Per-amore-di-Anna-Recensione-Insieme-n.15-1977-Ombre-e-Luci.jpg,copertine/3826131d-c39a-4923-a12b-973ea3cb0004,dry-run,
38359d31-aac1-4d77-a853-812ce0fd74c1,jean-uomo-del-regno.jpg,copertine/38359d31-aac1-4d77-a853-812ce0fd74c1,dry-run,
384bf20c-ff7b-46f4-8cff-83031cdcdfc3,Tardes-de-soledad.webp,copertine/384bf20c-ff7b-46f4-8cff-83031cdcdfc3,dry-run,
385839d6-4716-4e5b-a65c-357d81d8f9e2,tre-giorni-assisi-1978-insieme-n.16-1978-Ombre-e-Luci.jpg,copertine/385839d6-4716-4e5b-a65c-357d81d8f9e2,dry-run,
386e822e-1c1d-4db5-befb-68a653852358,dialogo-aperto-archivio.jpg,copertine/386e822e-1c1d-4db5-befb-68a653852358,dry-run,
38736c35-8486-46cf-8da1-f611421a31b9,oel067-026d.jpg,copertine/38736c35-8486-46cf-8da1-f611421a31b9,dry-run,
389ed387-850b-421c-9691-b92eabc16bcf,Copertina_OeL_170_2025_16_9.webp,copertine/389ed387-850b-421c-9691-b92eabc16bcf,dry-run,
38e9d836-dc53-4897-9d8d-4f979efe3aa9,pellegrinaggioFEDEELUCE2015.jpg,copertine/38e9d836-dc53-4897-9d8d-4f979efe3aa9,dry-run,
38eb4ea2-b131-464d-bf42-7974eef21ad2,oel064-013a.jpg,copertine/38eb4ea2-b131-464d-bf42-7974eef21ad2,dry-run,
38fd5c66-6b1b-496e-b75e-5da1e12c187f,lettere.jpg,copertine/38fd5c66-6b1b-496e-b75e-5da1e12c187f,dry-run,
390220a6-1e51-4712-9891-f602107f7370,libri-vecchi.jpg,copertine/390220a6-1e51-4712-9891-f602107f7370,dry-run,
390626d9-7aa8-4735-9416-c671c4291c2d,autismo-1.jpg,copertine/390626d9-7aa8-4735-9416-c671c4291c2d,dry-run,
391685ef-05c6-41e9-983e-6763b9de0cf1,dialogo-aperto.jpg,copertine/391685ef-05c6-41e9-983e-6763b9de0cf1,dry-run,
391f4f6c-5264-438d-8f44-7a88ab058e44,odoardo-focherini-giorgio-vecchio-Ombre-e-Luci-n.118-2012.webp,copertine/391f4f6c-5264-438d-8f44-7a88ab058e44,dry-run,
3929bc35-1a36-427f-9f0d-b1e059fc0399,Papa-Francesco-e-Benedetta-Ombre-e-Luci-n.140-2018.webp,copertine/3929bc35-1a36-427f-9f0d-b1e059fc0399,dry-run,
39535092-3a77-48eb-9b51-8a5ec8f631be,Atypical.jpg,copertine/39535092-3a77-48eb-9b51-8a5ec8f631be,dry-run,
39a19632-3919-4341-9ea0-adf3fab1e669,Il-mio-amico-Carlo-Ombre-e-Luci-n.74-2001.jpg,copertine/39a19632-3919-4341-9ea0-adf3fab1e669,dry-run,
39a43023-0d90-4d92-bc63-6beb5f939112,Abito-moda-Nicla.jpg,copertine/39a43023-0d90-4d92-bc63-6beb5f939112,dry-run,
39cb5c12-4dc7-40f2-b762-53c1618fada2,turellialdo.jpg,copertine/39cb5c12-4dc7-40f2-b762-53c1618fada2,dry-run,
39e95969-0150-47be-b5d7-178c9a93d38c,oel051-casefamiglia.jpg,copertine/39e95969-0150-47be-b5d7-178c9a93d38c,dry-run,
3a034905-f9fb-4fef-a341-ec241849ee7d,Giovanni.jpg,copertine/3a034905-f9fb-4fef-a341-ec241849ee7d,dry-run,
3a0e1d27-649a-4eb2-8ea5-27859a5fcb99,copertina-articolo.jpg,copertine/3a0e1d27-649a-4eb2-8ea5-27859a5fcb99,dry-run,
3a1b8280-4730-4835-a0e6-2b3549db52f8,oel053-013.jpg,copertine/3a1b8280-4730-4835-a0e6-2b3549db52f8,dry-run,
3a264d0c-cb2b-471a-9059-adea6733a922,oel053-017.jpg,copertine/3a264d0c-cb2b-471a-9059-adea6733a922,dry-run,
3a7c9a01-8c12-4086-b586-6eb260a3fa96,oel058-00A.jpg,copertine/3a7c9a01-8c12-4086-b586-6eb260a3fa96,dry-run,
3a929245-d662-469d-a8f6-f80e26f9e840,oel029-014.jpg,copertine/3a929245-d662-469d-a8f6-f80e26f9e840,dry-run,
3a973581-1896-4f05-a4a2-90452c6dddde,00-4.jpg,copertine/3a973581-1896-4f05-a4a2-90452c6dddde,dry-run,
3a9d98d8-1906-4ade-9d24-ad57a39d7c93,luciano-e-il-suo-papa-Ombre-e-Luci-n.-127-2014.webp,copertine/3a9d98d8-1906-4ade-9d24-ad57a39d7c93,dry-run,
3ab2a269-e054-485e-98cf-81ed3f2d7e6a,creature-conforts-Ombre-e-Luci-n.123-2013.jpeg,copertine/3ab2a269-e054-485e-98cf-81ed3f2d7e6a,dry-run,
3abf06ee-cd06-4c12-aaa8-5da81099d712,10d.jpg,copertine/3abf06ee-cd06-4c12-aaa8-5da81099d712,dry-run,
3abf1049-2762-4e4d-8f5e-5cf8c1887712,oel064-008.jpg,copertine/3abf1049-2762-4e4d-8f5e-5cf8c1887712,dry-run,
3ac84bc1-ed96-4777-9adb-bca9643af0ad,Dear-Future-Mom-2.jpg,copertine/3ac84bc1-ed96-4777-9adb-bca9643af0ad,dry-run,
3ad5083d-fa18-4fa0-9213-cba5e4b8c331,libri-vecchi.jpg,copertine/3ad5083d-fa18-4fa0-9213-cba5e4b8c331,dry-run,
3af0f744-6455-48b6-949e-1c6bc7d11e4a,Mai-piu-soli.webp,copertine/3af0f744-6455-48b6-949e-1c6bc7d11e4a,dry-run,
3b1b4373-bdd6-4afd-b16a-2205e7435ba2,i-dimenticati-cover.jpg,copertine/3b1b4373-bdd6-4afd-b16a-2205e7435ba2,dry-run,
3b2636b4-ee02-48f3-aa0c-87ecc7dbd778,Mariangela-Ombre-e-Luci-n.126-2014.webp,copertine/3b2636b4-ee02-48f3-aa0c-87ecc7dbd778,dry-run,
3b625143-c8b1-4b45-b861-604b21e6401d,Hillary-Reston-ok.jpg,copertine/3b625143-c8b1-4b45-b861-604b21e6401d,dry-run,
3b7e60ea-dc70-4657-9056-f69f872e2c0c,oel071-029.jpg,copertine/3b7e60ea-dc70-4657-9056-f69f872e2c0c,dry-run,
3b904aaf-39b6-4ef9-b488-6d63eb3b28c4,Basckin-2-Ombre-e-Luci-n.139-2017.webp,copertine/3b904aaf-39b6-4ef9-b488-6d63eb3b28c4,dry-run,
3b90637d-df86-468b-a6fc-45f29d5f148e,oel040-012.jpg,copertine/3b90637d-df86-468b-a6fc-45f29d5f148e,dry-run,
3bbf4e5a-1ff9-4e1d-b147-c43f808a23d1,Vivere-il-Vangelo-in-azione-Ombre-e-Luci-n.134-2016-1.webp,copertine/3bbf4e5a-1ff9-4e1d-b147-c43f808a23d1,dry-run,
3bc39666-46ad-4648-b922-687e916d7866,libri-vecchi.jpg,copertine/3bc39666-46ad-4648-b922-687e916d7866,dry-run,
3c0c7420-475b-4c06-b763-37ea8fb6b81c,oel051-020.jpg,copertine/3c0c7420-475b-4c06-b763-37ea8fb6b81c,dry-run,
3c3d9d58-d497-4226-b25d-5271b803e6ea,Jorit.jpg,copertine/3c3d9d58-d497-4226-b25d-5271b803e6ea,dry-run,
3c5c7a3a-7ed8-4215-8004-90d7f6d0b79c,21-1.jpg,copertine/3c5c7a3a-7ed8-4215-8004-90d7f6d0b79c,dry-run,
3c9d6707-9aee-48cf-9094-0e454db7de09,Progetto-senza-titolo4.jpg,copertine/3c9d6707-9aee-48cf-9094-0e454db7de09,dry-run,
3cc9b360-6d0d-4105-9c72-ee91f99983a5,Le-Pappe-di-Pippo.jpg.jpg,copertine/3cc9b360-6d0d-4105-9c72-ee91f99983a5,dry-run,
3cd4a86e-81c1-46ff-ad74-ded7301e2286,libri-vecchi.jpg,copertine/3cd4a86e-81c1-46ff-ad74-ded7301e2286,dry-run,
3cfa8ed0-a351-4b1b-97af-a2192c2ab2ec,Fede-e-Luce-Logo-old.jpg,copertine/3cfa8ed0-a351-4b1b-97af-a2192c2ab2ec,dry-run,
3d12b496-e2a6-4650-b28d-55fcec71cee7,oel052-011B.jpg,copertine/3d12b496-e2a6-4650-b28d-55fcec71cee7,dry-run,
3d15b543-2552-488c-bdd4-685ac03d1e6f,00-22-Ombre-e-Luci-n.-79-2002.jpg,copertine/3d15b543-2552-488c-bdd4-685ac03d1e6f,dry-run,
3d40767f-744e-4d64-8242-74ab5d58571a,libri-vecchi.jpg,copertine/3d40767f-744e-4d64-8242-74ab5d58571a,dry-run,
3d6b06d8-6b11-4671-8a88-a616608029ae,2.jpg,copertine/3d6b06d8-6b11-4671-8a88-a616608029ae,dry-run,
3d758140-abe0-4f6d-a74e-242269de5a40,libri-vecchi.jpg,copertine/3d758140-abe0-4f6d-a74e-242269de5a40,dry-run,
3dab3340-bb64-462d-a25d-ef89252a74c4,il-grande-cocomero.jpg,copertine/3dab3340-bb64-462d-a25d-ef89252a74c4,dry-run,
3dbe1186-f4a6-4715-a667-c40776c73bfe,oel073-018B.jpg,copertine/3dbe1186-f4a6-4715-a667-c40776c73bfe,dry-run,
3dca5ba1-3a8f-4300-a825-efb70845d2e7,viola-mimosa.jpg,copertine/3dca5ba1-3a8f-4300-a825-efb70845d2e7,dry-run,
3dffedf3-9111-428f-927c-765f11f35c9b,parlare.jpg,copertine/3dffedf3-9111-428f-927c-765f11f35c9b,dry-run,
3e22609b-8809-4825-9c63-b210b859d23f,petr-pan-2.webp,copertine/3e22609b-8809-4825-9c63-b210b859d23f,dry-run,
3e2bc39a-5414-4332-b26d-b9b60933a043,Efrem-1.jpg,copertine/3e2bc39a-5414-4332-b26d-b9b60933a043,dry-run,
3e609223-0692-4f91-98fc-bd9d8f79e7f4,insieme-1975-questionari.webp,copertine/3e609223-0692-4f91-98fc-bd9d8f79e7f4,dry-run,
3e60c5ab-ade4-4b74-b30e-569748e4cf04,angelo-volpi-cop.webp,copertine/3e60c5ab-ade4-4b74-b30e-569748e4cf04,dry-run,
3e8445b4-dbbc-4eea-81c1-ff51214eae67,province.jpg,copertine/3e8445b4-dbbc-4eea-81c1-ff51214eae67,dry-run,
3e84baed-fc47-4413-ba3c-6f0ca1625b29,AUTelier-2.jpg,copertine/3e84baed-fc47-4413-ba3c-6f0ca1625b29,dry-run,
3e8b3151-ae31-4e1a-9030-5921d3216a65,mi-preparo-alla-messa-Ombre-e-Luci-n.84-2003.jpg,copertine/3e8b3151-ae31-4e1a-9030-5921d3216a65,dry-run,
3e9cb928-1b2b-48df-87b1-6bb41361804a,Cover-Kang.jpg,copertine/3e9cb928-1b2b-48df-87b1-6bb41361804a,dry-run,
3ebeb2d0-a8de-4a16-8193-2dec8e36502b,stefano.jpg,copertine/3ebeb2d0-a8de-4a16-8193-2dec8e36502b,dry-run,
3ec98fd8-30a9-4eb4-81c4-e85975a6d7b2,oel055-007.jpg,copertine/3ec98fd8-30a9-4eb4-81c4-e85975a6d7b2,dry-run,
3ecf66eb-b775-41e6-b102-cdb158fd88ef,nazareth_01-1.jpg,copertine/3ecf66eb-b775-41e6-b102-cdb158fd88ef,dry-run,
3ed1102a-7b75-46c8-be0f-c982d1969bb2,jackson-david-cIcBInoyb7U-unsplash.webp,copertine/3ed1102a-7b75-46c8-be0f-c982d1969bb2,dry-run,
3edb14fd-1ae1-4878-b715-2a173683873a,valpescara-campo-pc-foto-gruppo-e1564060381989-1024x500.jpg,copertine/3edb14fd-1ae1-4878-b715-2a173683873a,dry-run,
3f426916-89ab-41e9-8eba-2aa7d4862309,dialogo-aperto-archivio.jpg,copertine/3f426916-89ab-41e9-8eba-2aa7d4862309,dry-run,
3f59f256-80c9-4e6e-a69d-fa42a3d3652f,This-train-I-ride.jpg,copertine/3f59f256-80c9-4e6e-a69d-fa42a3d3652f,dry-run,
3f5d2ad4-f19c-41b7-a8d6-f75a04e1f353,PXL_20210917_145431161B.jpg,copertine/3f5d2ad4-f19c-41b7-a8d6-f75a04e1f353,dry-run,
3f63642a-6184-4669-9580-d7b7e1d6f664,Genitori-film-Alberto-Fasulo-Recensione-Ombre-e-Luci-n.136-2016.webp,copertine/3f63642a-6184-4669-9580-d7b7e1d6f664,dry-run,
3f6abae8-1961-42ab-84ad-e36d80fa4cb0,oel059-005B.jpg,copertine/3f6abae8-1961-42ab-84ad-e36d80fa4cb0,dry-run,
3f87d5e8-f4a8-437e-9989-f30d9c9c0092,Senza-titolo.jpg,copertine/3f87d5e8-f4a8-437e-9989-f30d9c9c0092,dry-run,
3f9b6e15-8a50-402f-bb7f-5ed81598a9e8,Ironia-e-hanicap-4-Ombre-e-Luci-n.-127-2014.webp,copertine/3f9b6e15-8a50-402f-bb7f-5ed81598a9e8,dry-run,
3fb49768-db83-4fdf-9fd3-3069975177c4,Alejandra-Maurizio.jpg,copertine/3fb49768-db83-4fdf-9fd3-3069975177c4,dry-run,
3fbbb725-207b-4fb2-8dc5-2a669e58b2aa,oel056-013.jpg,copertine/3fbbb725-207b-4fb2-8dc5-2a669e58b2aa,dry-run,
3fc68476-e73c-414e-a6ec-27b25c293c3d,tre-incontri-Ombre-e-Luci-n.115-2011.webp,copertine/3fc68476-e73c-414e-a6ec-27b25c293c3d,dry-run,
3ff6ffe9-961e-47f5-b613-3a2b40f8dfad,EVA-disegno-di-Arianna.jpg,copertine/3ff6ffe9-961e-47f5-b613-3a2b40f8dfad,dry-run,
40067471-fc99-4cde-a6fd-9c2083053e9d,oel064-021-1.jpg,copertine/40067471-fc99-4cde-a6fd-9c2083053e9d,dry-run,
401c90ef-b391-4daf-bc0f-ae1b638b1c97,Copertina-Un-lungo-cammino-Egle-Zoffoli_.jpg,copertine/401c90ef-b391-4daf-bc0f-ae1b638b1c97,dry-run,
40339294-6f69-4dea-8b46-9000efc0fcbe,mio-fratello-rincorre-i-dinosauri-1.jpg,copertine/40339294-6f69-4dea-8b46-9000efc0fcbe,dry-run,
404237e8-e73f-4495-a8da-b61499adff27,paolo.jpg,copertine/404237e8-e73f-4495-a8da-b61499adff27,dry-run,
4044412c-b9d8-4184-a720-48769147e4ff,Olga-zoom-small.jpg,copertine/4044412c-b9d8-4184-a720-48769147e4ff,dry-run,
405d2b09-562d-4f4d-bf1f-8cf90803c9f6,Giovanni-Grossi.jpg,copertine/405d2b09-562d-4f4d-bf1f-8cf90803c9f6,dry-run,
4065299f-3065-466c-88cc-d2087bf0abb2,benedetta-boccaverità.jpg,copertine/4065299f-3065-466c-88cc-d2087bf0abb2,dry-run,
406e48e7-7650-4e3a-b51d-8d48eaff70b3,21-Ombre-e-Luci-n.99-2007.webp,copertine/406e48e7-7650-4e3a-b51d-8d48eaff70b3,dry-run,
4098b88e-f566-4757-8f96-c76c7479f115,cover-elephantman.jpg,copertine/4098b88e-f566-4757-8f96-c76c7479f115,dry-run,
40a29b1e-bcf3-4707-bb24-9713b30dd391,oel059-003B.jpg,copertine/40a29b1e-bcf3-4707-bb24-9713b30dd391,dry-run,
40aead59-11c8-47d9-91f0-bc0685403d86,I-percorsi-più-invisibili.jpg,copertine/40aead59-11c8-47d9-91f0-bc0685403d86,dry-run,
40bcc995-a061-4115-8eba-ec268f1ae605,Marylin-ha-gli-occhi-neri-web.jpg,copertine/40bcc995-a061-4115-8eba-ec268f1ae605,dry-run,
40bd8885-861e-4ad6-a1aa-855308b25294,insieme1-cover-insieme.jpg,copertine/40bd8885-861e-4ad6-a1aa-855308b25294,dry-run,
40d54bec-e256-4a49-9a8e-134dd1b100cd,oel029-04.jpg,copertine/40d54bec-e256-4a49-9a8e-134dd1b100cd,dry-run,
40dffcdd-8e64-4419-ae6a-d2ef1a3d06f6,Carro-Carla.jpg,copertine/40dffcdd-8e64-4419-ae6a-d2ef1a3d06f6,dry-run,
40f05df5-8d23-4861-872f-b20026a66721,stefano.jpg,copertine/40f05df5-8d23-4861-872f-b20026a66721,dry-run,
40f4cd07-3d70-4777-b823-4407f91a4a65,Educazione-della-vergine-De-la-Tour.jpg,copertine/40f4cd07-3d70-4777-b823-4407f91a4a65,dry-run,
40fd645b-2f4c-4e42-a315-627c241d8c7b,Pope_Leo_XIV_Waving-2.jpg,copertine/40fd645b-2f4c-4e42-a315-627c241d8c7b,dry-run,
410d74df-0f32-419d-bf32-b739a3ce0da5,libri-vecchi.jpg,copertine/410d74df-0f32-419d-bf32-b739a3ce0da5,dry-run,
41464c54-a517-4079-b6e3-89fb1520a7d4,libri-vecchi.jpg,copertine/41464c54-a517-4079-b6e3-89fb1520a7d4,dry-run,
4152d199-361c-40a5-8872-c5701d327ed7,oel073-005.jpg,copertine/4152d199-361c-40a5-8872-c5701d327ed7,dry-run,
415cb352-b124-4820-8fd7-e7e10ca3268a,Benedetta-scuola.jpg,copertine/415cb352-b124-4820-8fd7-e7e10ca3268a,dry-run,
41705e94-20aa-497f-9c38-74da4183add6,Ravasi-Ombre-e-Luci-n.128-2015.webp,copertine/41705e94-20aa-497f-9c38-74da4183add6,dry-run,
418fc61f-97e4-4a50-bc77-c53ca0a6cd1d,Carla-Sante-e-Benedetta-al-centro-al-Santuario-di-Aparecida-in-Brasile-Ombre-e-Luci-n.129-2015.webp,copertine/418fc61f-97e4-4a50-bc77-c53ca0a6cd1d,dry-run,
419d0312-8d56-4761-a3ab-b6b02f710923,oel044-010.jpg,copertine/419d0312-8d56-4761-a3ab-b6b02f710923,dry-run,
41aa6ba1-dd29-4087-903f-85cc8218f092,oel7013-scuola4.jpg,copertine/41aa6ba1-dd29-4087-903f-85cc8218f092,dry-run,
41da7670-0c43-4388-b1d9-d294088d35ae,Oel-85-26-Ombre-e-Luci-n.85.jpg,copertine/41da7670-0c43-4388-b1d9-d294088d35ae,dry-run,
41e5fd90-3d04-466c-96e6-5fef13553601,WhatsApp-Image-2023-12-01-at-18.27.40-min.jpeg,copertine/41e5fd90-3d04-466c-96e6-5fef13553601,dry-run,
41ea3db1-f1a0-4609-8824-d2587e8dfcf3,Kandiskij.jpg,copertine/41ea3db1-f1a0-4609-8824-d2587e8dfcf3,dry-run,
4210af84-2177-47fe-b90f-24abb8630f65,libri-vecchi.jpg,copertine/4210af84-2177-47fe-b90f-24abb8630f65,dry-run,
4219d803-f59d-4818-9778-cf6cda037508,oel031-043.jpg,copertine/4219d803-f59d-4818-9778-cf6cda037508,dry-run,
4226f7ef-f682-440a-8ba6-f42d04138c49,insieme-1975-bilancio.webp,copertine/4226f7ef-f682-440a-8ba6-f42d04138c49,dry-run,
422c90ed-67b1-421f-91ef-fd8089c1fdb8,Valanga-Turner.jpg,copertine/422c90ed-67b1-421f-91ef-fd8089c1fdb8,dry-run,
4239ff2c-34f1-48a1-9bfa-6503f903a645,21.jpg,copertine/4239ff2c-34f1-48a1-9bfa-6503f903a645,dry-run,
42921d97-c953-49c2-9415-66e3394383fd,Copertina-SD-social.jpg,copertine/42921d97-c953-49c2-9415-66e3394383fd,dry-run,
42a49a67-460e-4b8c-a60e-d451d0875624,An-Irish-Goodbye.jpg,copertine/42a49a67-460e-4b8c-a60e-d451d0875624,dry-run,
42add61c-036e-42c6-b9bd-c49105233fff,AiOel-mappa-3D-fase-embedding.webp,copertine/42add61c-036e-42c6-b9bd-c49105233fff,dry-run,
42aec386-3bb0-4e41-9d9c-8f66db877a8c,oel042-008.jpg,copertine/42aec386-3bb0-4e41-9d9c-8f66db877a8c,dry-run,
42b065bc-23d5-4c20-875a-8a9e27e45fe4,integrazione-scolastica.webp,copertine/42b065bc-23d5-4c20-875a-8a9e27e45fe4,dry-run,
42db1809-7818-4d6a-bf6e-230907221ba2,Biciclettata-Parco-Caffarella-6.jpeg,copertine/42db1809-7818-4d6a-bf6e-230907221ba2,dry-run,
42dc406f-61a6-4edc-b5c7-71976d1fb576,20.jpg,copertine/42dc406f-61a6-4edc-b5c7-71976d1fb576,dry-run,
42e623bb-0b2e-4cc5-9f49-9402ee151880,Caterina-e-Tommaso-Ombre-e-Luci-n.-127-2014.webp,copertine/42e623bb-0b2e-4cc5-9f49-9402ee151880,dry-run,
42f4566a-d464-4723-8f2e-6f08ea483685,yoga-e-disabilita.jpg,copertine/42f4566a-d464-4723-8f2e-6f08ea483685,dry-run,
4314625e-9276-4995-ba17-51d57ead98b2,benedetta-9dicembre.jpg,copertine/4314625e-9276-4995-ba17-51d57ead98b2,dry-run,
431e6bbe-6b00-49ae-85ed-79ecedffe55a,Jean-Vanier-90-anni-sd.jpg,copertine/431e6bbe-6b00-49ae-85ed-79ecedffe55a,dry-run,
4321a365-82f6-437c-839c-4d7116b25ddc,kelly-sikkema-jinWKnH0m5A-unsplash.webp,copertine/4321a365-82f6-437c-839c-4d7116b25ddc,dry-run,
433cde64-b372-4b49-97b1-b793985b0bb5,disegno_sara.jpg,copertine/433cde64-b372-4b49-97b1-b793985b0bb5,dry-run,
436bee3f-3dcc-4dad-b339-f8838a01ff27,oel-76-23.jpg,copertine/436bee3f-3dcc-4dad-b339-f8838a01ff27,dry-run,
43753536-cd30-4654-bd48-d467ea8682c9,oel049-004.jpg,copertine/43753536-cd30-4654-bd48-d467ea8682c9,dry-run,
43795ca9-3a1f-4e4b-ab68-37b238a58d03,avevano-bisogno-di-noi-buon-natale-insieme-3-1975.webp,copertine/43795ca9-3a1f-4e4b-ab68-37b238a58d03,dry-run,
438a17a3-1343-44c6-a1a6-ef5fbd6ff28e,8.jpg,copertine/438a17a3-1343-44c6-a1a6-ef5fbd6ff28e,dry-run,
44089e1f-81b1-4e86-ba88-bd885f759c6a,Lettere-Jean-Vanier.jpg,copertine/44089e1f-81b1-4e86-ba88-bd885f759c6a,dry-run,
440edbd0-44c0-484a-99d1-7a49f8eb1c1c,oel044-009.jpg,copertine/440edbd0-44c0-484a-99d1-7a49f8eb1c1c,dry-run,
4420a730-bbad-4024-8b81-43e9f3b33b65,oel9029.jpg,copertine/4420a730-bbad-4024-8b81-43e9f3b33b65,dry-run,
44218ebe-f737-4cd3-817b-fb36a2b11cea,Giovanni.jpg,copertine/44218ebe-f737-4cd3-817b-fb36a2b11cea,dry-run,
44223ba5-d9d0-40fb-876b-51afb42bf0a8,Contigliano2.jpg,copertine/44223ba5-d9d0-40fb-876b-51afb42bf0a8,dry-run,
4424e7a2-f337-41fe-b2b9-f810032c5b89,0-cover-insieme.jpg,copertine/4424e7a2-f337-41fe-b2b9-f810032c5b89,dry-run,
442547c9-a47c-4861-8994-feb700cbe557,Papa-27-marzo-2020.jpg,copertine/442547c9-a47c-4861-8994-feb700cbe557,dry-run,
4443f70a-1fe4-4118-8340-ed5964c7695b,Cosa-so-dei-social-E-cosa-ne-penso-Ombre-e-Luci-n.141-2018.webp,copertine/4443f70a-1fe4-4118-8340-ed5964c7695b,dry-run,
445dadf5-bf5c-4139-82c4-7a4a8273a835,Hong-Kong.jpg,copertine/445dadf5-bf5c-4139-82c4-7a4a8273a835,dry-run,
4469c346-8bdc-45d5-8f3a-3a8b5ac0d58d,La-bellezza-nella-mente-copertina.jpg,copertine/4469c346-8bdc-45d5-8f3a-3a8b5ac0d58d,dry-run,
447312ff-4188-412d-b5c7-a25443c656d1,oel-76-10.jpg,copertine/447312ff-4188-412d-b5c7-a25443c656d1,dry-run,
4473c58b-494e-46e6-813e-96fa12c84ae0,Un-giardino-per-Ofelia.jpg,copertine/4473c58b-494e-46e6-813e-96fa12c84ae0,dry-run,
448681e9-e198-4c6d-a5e6-5e9f3ba64b8f,Claude-Lelouch-11092001.jpg,copertine/448681e9-e198-4c6d-a5e6-5e9f3ba64b8f,dry-run,
449291dc-c695-4b24-9a6f-4ab1b925a5e3,DB2.jpg,copertine/449291dc-c695-4b24-9a6f-4ab1b925a5e3,dry-run,
44a63bcf-54a9-445f-809a-19379bbb4d82,LIBRO-Macneal.jpg,copertine/44a63bcf-54a9-445f-809a-19379bbb4d82,dry-run,
44aaa7de-a150-4a80-aa8e-276eca3583c7,paralimpiadi-mascotte-min.jpg,copertine/44aaa7de-a150-4a80-aa8e-276eca3583c7,dry-run,
44fd58e8-08ed-467a-bf8b-ab95c71de071,Antonietta-SantEgidio-mare.jpeg,copertine/44fd58e8-08ed-467a-bf8b-ab95c71de071,dry-run,
451a3735-f16d-4348-bab9-77f95753e2fc,oel071-009.jpg,copertine/451a3735-f16d-4348-bab9-77f95753e2fc,dry-run,
451bf6c9-11b6-4f39-a90d-c8fbfd61c4f3,ivana-cajina-dQejX2ucPBs-unsplash.webp,copertine/451bf6c9-11b6-4f39-a90d-c8fbfd61c4f3,dry-run,
4539d457-8f64-4fd4-a2f7-6db4d33ba37b,Andrea-Pellegrini.jpg,copertine/4539d457-8f64-4fd4-a2f7-6db4d33ba37b,dry-run,
45561713-b720-4afe-83a7-a6c13090f43f,Benedetta-matrimoni-2025.jpeg,copertine/45561713-b720-4afe-83a7-a6c13090f43f,dry-run,
459b1dbc-cf6e-4f90-8f68-470f049e2a1c,LIBRI-Orco.jpg,copertine/459b1dbc-cf6e-4f90-8f68-470f049e2a1c,dry-run,
45bf8ab1-b18e-42e3-9f7c-6388b41b3c73,La-ragazza-porcospino-Katja-Rohde-Recensione-Libro-Ombre-e-Luci-n.75-2002.jpg,copertine/45bf8ab1-b18e-42e3-9f7c-6388b41b3c73,dry-run,
45d7779a-519d-4557-9499-d5b81760a699,oel12-023.jpg,copertine/45d7779a-519d-4557-9499-d5b81760a699,dry-run,
45e27d28-e715-45a4-be7e-d13b73f33f92,Cover-BECKER.jpg,copertine/45e27d28-e715-45a4-be7e-d13b73f33f92,dry-run,
45e3fa7f-680f-43ac-ad50-71b6680c5384,charlotte-fien-Ombre-e-Luci-n.140-2018.webp,copertine/45e3fa7f-680f-43ac-ad50-71b6680c5384,dry-run,
46016aed-2317-42e3-a7aa-ac2a7958b442,oel025-014.jpg,copertine/46016aed-2317-42e3-a7aa-ac2a7958b442,dry-run,
46251db6-9654-41b5-bcfe-031800a099cc,Oel-85-17.jpg,copertine/46251db6-9654-41b5-bcfe-031800a099cc,dry-run,
46726f86-de37-46bc-9610-6141c4825ccc,oel12-022.jpg,copertine/46726f86-de37-46bc-9610-6141c4825ccc,dry-run,
46754bbf-f618-4682-a98d-e424e7c999ed,Benedetta-MrRain.jpg,copertine/46754bbf-f618-4682-a98d-e424e7c999ed,dry-run,
4689a8cc-f857-4b5b-b713-e29ca2cac920,oel-76-11.jpg,copertine/4689a8cc-f857-4b5b-b713-e29ca2cac920,dry-run,
46ae453b-8c76-4f6b-b3aa-ba6e00635cb7,libri-vecchi.jpg,copertine/46ae453b-8c76-4f6b-b3aa-ba6e00635cb7,dry-run,
46dee1b2-d69d-4cbe-bb5a-7c989e927a51,oel047-023.jpg,copertine/46dee1b2-d69d-4cbe-bb5a-7c989e927a51,dry-run,
47625965-69f0-4753-b9ed-046c832239c4,le-parole-del-corpo-recensione-Ombre-e-Luci-n.78-2002-low.jpg,copertine/47625965-69f0-4753-b9ed-046c832239c4,dry-run,
476748b5-5a0c-4d37-b116-d233c2079c97,ci-hanno-scritto-buon-natale-insieme-3-1975.webp,copertine/476748b5-5a0c-4d37-b116-d233c2079c97,dry-run,
47b4b510-4fd8-47f9-813a-2f7e93fc01a0,libri-vecchi.jpg,copertine/47b4b510-4fd8-47f9-813a-2f7e93fc01a0,dry-run,
47bd36c8-2503-4978-9395-520cf2f7c36a,Daniele-Cogliando-Sottovento-16-9.jpg,copertine/47bd36c8-2503-4978-9395-520cf2f7c36a,dry-run,
47dacdee-59b2-4fb0-a931-587066b20de4,libreria.jpg,copertine/47dacdee-59b2-4fb0-a931-587066b20de4,dry-run,
483a681e-84c1-4270-8638-3bfd2a3dcb0d,11-Ombre-e-Luci-n.93-2006.jpg,copertine/483a681e-84c1-4270-8638-3bfd2a3dcb0d,dry-run,
48496cae-7c02-4147-b72a-9b28b5fd6b26,oel067-011.jpg,copertine/48496cae-7c02-4147-b72a-9b28b5fd6b26,dry-run,
4865a66e-6653-4fc5-8148-49b99aa71683,Intervista-Jean-Vanier.jpg,copertine/4865a66e-6653-4fc5-8148-49b99aa71683,dry-run,
487b630d-15ee-4cd7-956e-b584e74ede47,oel049-001.jpg,copertine/487b630d-15ee-4cd7-956e-b584e74ede47,dry-run,
48ad8b6e-6918-4d25-964d-40260632ae19,Catechesi-inclusiva-Assisi-Ombre-e-Luci-n.142-2018.webp,copertine/48ad8b6e-6918-4d25-964d-40260632ae19,dry-run,
48bf211d-8a76-4528-9640-5459f1bf3a2c,Pompei-2025-gruppo-e-stendardi.jpg,copertine/48bf211d-8a76-4528-9640-5459f1bf3a2c,dry-run,
48cee5ab-7f5e-4a75-bbea-d8c312fae9e1,Campo-Fede-e-Luce-Alfedena-anni-70-Ombre-e-Luci-31.webp,copertine/48cee5ab-7f5e-4a75-bbea-d8c312fae9e1,dry-run,
490ae256-4de5-49be-9943-57472f962355,quel-giorno-pioveva-insieme-n.16-1978-Ombre-e-Luci.jpg,copertine/490ae256-4de5-49be-9943-57472f962355,dry-run,
493ea763-97de-44df-adf6-060ddbdfa0cc,Il-tuo-bambino-ha-qualcosa-che-non-va-Ombre-e-Luci-n.-122-2013.webp,copertine/493ea763-97de-44df-adf6-060ddbdfa0cc,dry-run,
49443789-110e-4293-8f85-96f76a9c464a,insieme-10-1976-dedicato-a-un-amica.webp,copertine/49443789-110e-4293-8f85-96f76a9c464a,dry-run,
4971a9fc-f8be-4beb-88fe-8bd7e0162eb7,oel16-005.jpg,copertine/4971a9fc-f8be-4beb-88fe-8bd7e0162eb7,dry-run,
4983a105-6852-404e-b234-35fe5db08dc9,La-ragnatela-Ombre-e-Luci-n.130-2015.webp,copertine/4983a105-6852-404e-b234-35fe5db08dc9,dry-run,
4991ac4f-34c2-4bf9-a26a-a004f0e217d2,E-tu-slegalo.jpg,copertine/4991ac4f-34c2-4bf9-a26a-a004f0e217d2,dry-run,
49970bf4-cee6-4659-b752-62c77280edb6,oel20-004.jpg,copertine/49970bf4-cee6-4659-b752-62c77280edb6,dry-run,
49a41bdc-c627-47e0-851b-fd9ae9990ab4,Che_ore_sono.jpg,copertine/49a41bdc-c627-47e0-851b-fd9ae9990ab4,dry-run,
49c02128-2463-47f7-8c99-21c36d6e5ef7,oel060-012.jpg,copertine/49c02128-2463-47f7-8c99-21c36d6e5ef7,dry-run,
49c2ced2-b632-4f51-8080-7f999ad12f18,Antonietta-Taxi-min.jpg,copertine/49c2ced2-b632-4f51-8080-7f999ad12f18,dry-run,
49e20600-d09c-4b82-a2bd-584115811d51,oel026-013.jpg,copertine/49e20600-d09c-4b82-a2bd-584115811d51,dry-run,
49f6cbd3-cf4e-43e8-b4e4-6e8844d25721,oel_n6_legge-integrazione.jpg,copertine/49f6cbd3-cf4e-43e8-b4e4-6e8844d25721,dry-run,
4a33e692-2a73-4584-9e89-92ecb34bf8dc,dialogo-aperto.jpg,copertine/4a33e692-2a73-4584-9e89-92ecb34bf8dc,dry-run,
4a34a193-dea6-4e88-9687-2ce62564df23,con-i-ssanti.webp,copertine/4a34a193-dea6-4e88-9687-2ce62564df23,dry-run,
4a362960-4127-4f35-9409-98fe618ca183,oel064-008.jpg,copertine/4a362960-4127-4f35-9409-98fe618ca183,dry-run,
4a550b8e-8c53-40f8-8d8d-ccb034be42a1,oel042-017.jpg,copertine/4a550b8e-8c53-40f8-8d8d-ccb034be42a1,dry-run,
4a6a4bc6-cb28-4710-9f00-bb9d1af5a0cf,Lo-stand-con-le-opere-prodotte-dal-laboratorio-Ombre-e-Luci-n.140-2018.webp,copertine/4a6a4bc6-cb28-4710-9f00-bb9d1af5a0cf,dry-run,
4aca6f5e-b08f-4aa4-9b9c-f7f340b0575f,Arche-Tandem-partenza-ultima-tappa.jpg,copertine/4aca6f5e-b08f-4aa4-9b9c-f7f340b0575f,dry-run,
4ad5f3e7-9e85-4316-95d5-b563af5b13b3,libri-vecchi.jpg,copertine/4ad5f3e7-9e85-4316-95d5-b563af5b13b3,dry-run,
4ae02845-ae21-4bfe-b198-694a7ae2eff7,Eboli.jpg,copertine/4ae02845-ae21-4bfe-b198-694a7ae2eff7,dry-run,
4ae7afb5-8719-4481-8aa8-98b2b6406602,oel030-023A.jpg,copertine/4ae7afb5-8719-4481-8aa8-98b2b6406602,dry-run,
4af4142a-42c7-4fa3-b2c7-b1c514919e45,Benedetta-gossip.jpg,copertine/4af4142a-42c7-4fa3-b2c7-b1c514919e45,dry-run,
4b0ec34e-64dd-492b-bbe8-a1e9dcbbb95f,stefano-misarofattounidea.jpg,copertine/4b0ec34e-64dd-492b-bbe8-a1e9dcbbb95f,dry-run,
4b2570ad-33ea-4f1f-8ce2-ad881e98795b,Crip-Camp-donne.jpg,copertine/4b2570ad-33ea-4f1f-8ce2-ad881e98795b,dry-run,
4b285380-5ecf-4d5b-b306-dbea34b39114,siblings.jpg,copertine/4b285380-5ecf-4d5b-b306-dbea34b39114,dry-run,
4b3043f9-dc40-49df-800d-718692b15cbc,Giovanni.jpg,copertine/4b3043f9-dc40-49df-800d-718692b15cbc,dry-run,
4b579933-555f-4f7d-aa32-e3505ccc2f6b,18-1.jpg,copertine/4b579933-555f-4f7d-aa32-e3505ccc2f6b,dry-run,
4b5a9ba2-44da-4ea2-84b4-36096c2aff55,libri-vecchi.jpg,copertine/4b5a9ba2-44da-4ea2-84b4-36096c2aff55,dry-run,
4b715520-bc95-40a8-ad0b-48bf18c11b7d,LIBRO-30-giorni-COP.jpg,copertine/4b715520-bc95-40a8-ad0b-48bf18c11b7d,dry-run,
4ba09432-2df4-4173-a2ef-f7b5c8910b5f,oel040-016.jpg,copertine/4ba09432-2df4-4173-a2ef-f7b5c8910b5f,dry-run,
4ba5e06e-7f50-4a6e-b0a7-c594ba970448,autismo-schopler.jpg,copertine/4ba5e06e-7f50-4a6e-b0a7-c594ba970448,dry-run,
4bb140f8-7985-4b2a-9d70-7797c359e056,Hopper-empty.jpg,copertine/4bb140f8-7985-4b2a-9d70-7797c359e056,dry-run,
4be0b6e7-ee09-42b5-b008-a1b3afaa3550,Progetto-Sud.jpg,copertine/4be0b6e7-ee09-42b5-b008-a1b3afaa3550,dry-run,
4bf26d78-5fb8-479c-ae31-6bdae50ff123,37-Ombre-e-Luci-n.82-2003.jpg,copertine/4bf26d78-5fb8-479c-ae31-6bdae50ff123,dry-run,
4bf5853f-a14a-4322-84a6-2dc1f921c3d1,oel070-009.jpg,copertine/4bf5853f-a14a-4322-84a6-2dc1f921c3d1,dry-run,
4c193303-0136-4d17-bcfe-2dd1d351a1f2,alessandro-bertolini.webp,copertine/4c193303-0136-4d17-bcfe-2dd1d351a1f2,dry-run,
4c305258-e08d-4b24-a3a5-551dafd17a26,oel18-003.jpg,copertine/4c305258-e08d-4b24-a3a5-551dafd17a26,dry-run,
4c3344fe-d892-447b-8187-d2a2dd46126b,cottolengo-donguanella.jpg,copertine/4c3344fe-d892-447b-8187-d2a2dd46126b,dry-run,
4c73dada-63b1-475d-a990-e89d9669a501,The-Hiring-Chain.jpg,copertine/4c73dada-63b1-475d-a990-e89d9669a501,dry-run,
4c9ee5e8-0b19-4b82-8971-7d5d11e42f4e,viola-mimosa.jpg,copertine/4c9ee5e8-0b19-4b82-8971-7d5d11e42f4e,dry-run,
4ce23e83-0aec-4455-9191-f7e39929b888,come-un-bicchiere-dacqua-insieme-n.15-Ombre-e-Luci.png,copertine/4ce23e83-0aec-4455-9191-f7e39929b888,dry-run,
4ce444cf-1620-447b-979a-46df23193f2a,Disabilità-e-massmedia-Ombre-e-Luci-n72-2000.jpg,copertine/4ce444cf-1620-447b-979a-46df23193f2a,dry-run,
4cfc8f7f-9a8e-4163-9950-c306809a56f1,LIBRO-Kittay-COP.jpg,copertine/4cfc8f7f-9a8e-4163-9950-c306809a56f1,dry-run,
4d1fdd26-bfb1-41db-b5d8-d4c5dcb766ab,gatto_in_cattedra.jpg,copertine/4d1fdd26-bfb1-41db-b5d8-d4c5dcb766ab,dry-run,
4d2175ea-6f6e-4cfb-ac2b-648d9f3b9900,audoguida-atm-pos.jpg,copertine/4d2175ea-6f6e-4cfb-ac2b-648d9f3b9900,dry-run,
4d242551-1a60-4566-a85b-da28a59d86f3,Marisa_aprile2015.webp,copertine/4d242551-1a60-4566-a85b-da28a59d86f3,dry-run,
4d289a91-ced9-46c2-b6ef-1f03f8b3670b,00-18-Ombre-e-Luci-n.80-2002.jpg,copertine/4d289a91-ced9-46c2-b6ef-1f03f8b3670b,dry-run,
4d5b612d-0773-440e-941e-77a0fbda6455,CampoFedeeLuce.jpg,copertine/4d5b612d-0773-440e-941e-77a0fbda6455,dry-run,
4d673c52-653f-447e-b05b-01ca6f1837c1,We-Formazione-Genzano-2017-Ombre-e-Luci-n.140-2018.webp,copertine/4d673c52-653f-447e-b05b-01ca6f1837c1,dry-run,
4d7b7f9f-b544-4beb-85b2-95adce3c44d4,libri-vecchi.jpg,copertine/4d7b7f9f-b544-4beb-85b2-95adce3c44d4,dry-run,
4d93ec3a-0d42-43d0-b96b-f0be175ac884,Bene-Neve.jpg,copertine/4d93ec3a-0d42-43d0-b96b-f0be175ac884,dry-run,
4dc95451-829c-491d-9e4e-c7323319b2be,Padre-Benoit-Pompei-2.jpg,copertine/4dc95451-829c-491d-9e4e-c7323319b2be,dry-run,
4dd85c4b-9880-481e-83b3-12a872024d6e,Campeggio-Fede-e-Luce-Cesenatico-Ombre-e-Luci-n.129-2015.webp,copertine/4dd85c4b-9880-481e-83b3-12a872024d6e,dry-run,
4dd9c5a6-c92b-49b4-ac95-d30351f3736e,Edo-e-Umberto-in-bici.jpg,copertine/4dd9c5a6-c92b-49b4-ac95-d30351f3736e,dry-run,
4de95a27-be45-48f1-8cd5-8bc193d61cfb,dialogo-aperto-archivio.jpg,copertine/4de95a27-be45-48f1-8cd5-8bc193d61cfb,dry-run,
4deff328-ed29-45f2-bccb-a77c1f64f518,filippide.jpg,copertine/4deff328-ed29-45f2-bccb-a77c1f64f518,dry-run,
4e11a03a-1f68-4839-9ad0-4575e6fabd9f,LIBRO-Bove.jpg,copertine/4e11a03a-1f68-4839-9ad0-4575e6fabd9f,dry-run,
4e162b49-593d-408d-bee0-3cd0081ea7ea,dialogo-aperto-archivio.jpg,copertine/4e162b49-593d-408d-bee0-3cd0081ea7ea,dry-run,
4e25d265-ef47-4fbf-8dd2-2eecc1b92326,Andrea-Zamperoni-3.jpg,copertine/4e25d265-ef47-4fbf-8dd2-2eecc1b92326,dry-run,
4e2ab7f0-f7c1-4087-8a5f-e0f55d8b8e85,libri-vecchi.jpg,copertine/4e2ab7f0-f7c1-4087-8a5f-e0f55d8b8e85,dry-run,
4e48d296-4320-45ae-9dc7-a7ec5269d89a,le-chiavi-di-casa-1.webp,copertine/4e48d296-4320-45ae-9dc7-a7ec5269d89a,dry-run,
4ecdbe7b-bd08-4b56-9a28-1de40f2e2de3,oel_n2_conoscere_l_handicap009_fx.jpg,copertine/4ecdbe7b-bd08-4b56-9a28-1de40f2e2de3,dry-run,
4ecee76c-b805-42e7-b99c-e97085cce9ce,insieme1-cover-joseph.jpg,copertine/4ecee76c-b805-42e7-b99c-e97085cce9ce,dry-run,
4edf83c6-b174-40cd-a33c-54b5e9849197,benedetta-3.jpg,copertine/4edf83c6-b174-40cd-a33c-54b5e9849197,dry-run,
4ef282a5-ea68-49d0-a1bd-6e7bb90e8d3f,0-Ombre-e-Luci-n.99-2007.webp,copertine/4ef282a5-ea68-49d0-a1bd-6e7bb90e8d3f,dry-run,
4efbe6e7-f442-431e-b1a7-4806d2eb1cb7,oel17-012.jpg,copertine/4efbe6e7-f442-431e-b1a7-4806d2eb1cb7,dry-run,
4f068a97-41c8-405e-963e-e0f6f1a52782,3-1.jpg,copertine/4f068a97-41c8-405e-963e-e0f6f1a52782,dry-run,
4f10d039-c0b3-4927-8b73-71513dae4aa8,Giovanni-Grossi-Bicoca-2023.jpg,copertine/4f10d039-c0b3-4927-8b73-71513dae4aa8,dry-run,
4f33e270-00f6-4ae0-9111-cf4595ec128a,oel068-casa1.jpg,copertine/4f33e270-00f6-4ae0-9111-cf4595ec128a,dry-run,
4f4ee21b-b752-4e36-aed3-3d3d47b27aba,qua-la-zampa.jpg,copertine/4f4ee21b-b752-4e36-aed3-3d3d47b27aba,dry-run,
4f59f8f4-a89a-4f3f-9f63-102b19ff0136,Oel-85-16.jpg,copertine/4f59f8f4-a89a-4f3f-9f63-102b19ff0136,dry-run,
4f5c2635-14c0-4317-8c83-3afa5dbdde01,Copertina-per-Fano-international-cut.jpg,copertine/4f5c2635-14c0-4317-8c83-3afa5dbdde01,dry-run,
4f64706e-2d6b-4415-b048-0a87e806a69b,oel026-010.jpg,copertine/4f64706e-2d6b-4415-b048-0a87e806a69b,dry-run,
4f7c3e26-94b7-4d3c-9808-8c50fb09c6ba,Sacra-Famiglia.jpg,copertine/4f7c3e26-94b7-4d3c-9808-8c50fb09c6ba,dry-run,
4f8801cc-60b3-4634-a7c5-f42e42893a7f,15-Ombre-e-Luci-n.97-2007.jpg,copertine/4f8801cc-60b3-4634-a7c5-f42e42893a7f,dry-run,
4f8d3faa-7c3f-4feb-9fd5-a27ec701e420,Benedetta-roma-coppa-conference.jpg,copertine/4f8d3faa-7c3f-4feb-9fd5-a27ec701e420,dry-run,
4f995c00-f903-4e52-89c7-ad6c4b8f2d3c,10.jpg,copertine/4f995c00-f903-4e52-89c7-ad6c4b8f2d3c,dry-run,
4fafb5be-0547-49a1-96f3-d0be93030e08,porta-aperta.jpg,copertine/4fafb5be-0547-49a1-96f3-d0be93030e08,dry-run,
4fbd493e-e906-47e1-91f0-3ef1a486adb5,oel035-016.jpg,copertine/4fbd493e-e906-47e1-91f0-3ef1a486adb5,dry-run,
4fd0a278-3f48-4ebe-974d-a895f4168a85,Special-Olympics.jpg,copertine/4fd0a278-3f48-4ebe-974d-a895f4168a85,dry-run,
501ff088-4117-41eb-9d36-9a382409301a,La-vita-da-grandi.jpg,copertine/501ff088-4117-41eb-9d36-9a382409301a,dry-run,
5022483f-02ef-4231-ba78-e33ca8167a30,editoriale-n.72-Ombre-e-Luci-2000.jpg,copertine/5022483f-02ef-4231-ba78-e33ca8167a30,dry-run,
50293681-7dd8-48a7-b734-529a67dd73ca,16-Ombre-e-Luci-n.84-2003.jpg,copertine/50293681-7dd8-48a7-b734-529a67dd73ca,dry-run,
5052a885-dffd-4d44-ac57-53283eaf0183,Vicini-a-distanza-small.jpg,copertine/5052a885-dffd-4d44-ac57-53283eaf0183,dry-run,
50657071-ef0e-4fd5-8a02-382c9d172016,Albania-festa-sito.jpg,copertine/50657071-ef0e-4fd5-8a02-382c9d172016,dry-run,
50cfa049-9947-4a50-9177-acfd382937f0,Underground-Kaori-Oda.png,copertine/50cfa049-9947-4a50-9177-acfd382937f0,dry-run,
50d06e2f-5794-4404-8970-df919b18f4a6,Cantiere.jpg,copertine/50d06e2f-5794-4404-8970-df919b18f4a6,dry-run,
50d2f2b3-027d-47d3-ad61-fcb9ee54bd9f,età-giovane.jpg,copertine/50d2f2b3-027d-47d3-ad61-fcb9ee54bd9f,dry-run,
50d7c644-e83b-4aa2-8701-19fd3e0cb832,oel22-008.jpg,copertine/50d7c644-e83b-4aa2-8701-19fd3e0cb832,dry-run,
50f2ca71-a7e8-43e0-becc-0a480cac67ba,province.jpg,copertine/50f2ca71-a7e8-43e0-becc-0a480cac67ba,dry-run,
51003128-f38c-4fdb-8082-3afd93bbc00f,Jean-Vanier-e-valerio-Ombre-e-Luci-n.129-2015.webp,copertine/51003128-f38c-4fdb-8082-3afd93bbc00f,dry-run,
510a5776-5151-4f4b-9cd4-0862e672563b,Come-pinguini-nel-deserto-Recensione-Ombre-e-Luci-n.-122-2013.webp,copertine/510a5776-5151-4f4b-9cd4-0862e672563b,dry-run,
511eb169-9f86-4ce8-bd81-38f911db951f,PXL_20210917_145431161C.jpg,copertine/511eb169-9f86-4ce8-bd81-38f911db951f,dry-run,
513a09ff-fe95-4e1e-8fec-62731ecf4f12,Scrivereresistere.jpg,copertine/513a09ff-fe95-4e1e-8fec-62731ecf4f12,dry-run,
5172b3db-c56f-43aa-98fe-e762ff018d00,oel10007-1.jpg,copertine/5172b3db-c56f-43aa-98fe-e762ff018d00,dry-run,
51739514-a096-4782-bc5c-4b16c5c1b9d5,oel21-014.jpg,copertine/51739514-a096-4782-bc5c-4b16c5c1b9d5,dry-run,
519f6c35-9390-43db-8394-85f72ed7b1a2,oel027-008.jpg,copertine/519f6c35-9390-43db-8394-85f72ed7b1a2,dry-run,
51bff8ee-4f27-489d-bb0a-0bc60892c637,Suor-Veronica-Pompei.jpg,copertine/51bff8ee-4f27-489d-bb0a-0bc60892c637,dry-run,
51c07158-f635-4dfb-91f8-711e41868ebf,32-Ombre-e-Luci-n.82-2003.jpg,copertine/51c07158-f635-4dfb-91f8-711e41868ebf,dry-run,
51d858e6-6f3f-40cb-9258-c26f9ffc6ec3,libri-vecchi.jpg,copertine/51d858e6-6f3f-40cb-9258-c26f9ffc6ec3,dry-run,
5208d7ce-8c95-449c-bb67-fdab770fa2b8,Scooppiati.webp,copertine/5208d7ce-8c95-449c-bb67-fdab770fa2b8,dry-run,
52490378-a04b-4fc6-b40c-3c842c111d1c,oel23-020.jpg,copertine/52490378-a04b-4fc6-b40c-3c842c111d1c,dry-run,
525965a7-db68-4324-b89a-35ebc722ffc5,21.jpg,copertine/525965a7-db68-4324-b89a-35ebc722ffc5,dry-run,
5259ad4a-e65f-4d9c-bc7f-727863d1d6ac,oel050-035.jpg,copertine/5259ad4a-e65f-4d9c-bc7f-727863d1d6ac,dry-run,
525a3c4f-4e14-4d98-95dc-fbcc0e0886fe,vita-fl.webp,copertine/525a3c4f-4e14-4d98-95dc-fbcc0e0886fe,dry-run,
525bacae-c973-421b-878c-79f8c03fe7fe,Nora-Raul-1.jpg,copertine/525bacae-c973-421b-878c-79f8c03fe7fe,dry-run,
52815463-0297-4d30-bbd1-b7e704402206,la-violenza-del-mio-amore-header.jpg,copertine/52815463-0297-4d30-bbd1-b7e704402206,dry-run,
52b18f5e-1aa4-419f-8e1b-47070c5aae87,oel050-021.jpg,copertine/52b18f5e-1aa4-419f-8e1b-47070c5aae87,dry-run,
52bb3d56-2e8d-4257-88d3-542453e0e393,Antonietta-e-Federico.jpg,copertine/52bb3d56-2e8d-4257-88d3-542453e0e393,dry-run,
52c6e99c-68ce-456d-a7bc-5c01cf1ef68b,oel031-023.jpg,copertine/52c6e99c-68ce-456d-a7bc-5c01cf1ef68b,dry-run,
52ee044b-226f-402b-91aa-902e8416fd40,Speechless.jpg,copertine/52ee044b-226f-402b-91aa-902e8416fd40,dry-run,
530337c9-cf54-456e-978b-32b01476657a,02_Papa-Francesco-cop.jpg,copertine/530337c9-cf54-456e-978b-32b01476657a,dry-run,
531e1437-6dc4-4316-80e9-8d9663c4ca23,Ombra-e-Luce-Insieme-n.5-1975-Ombre-e-Luci.jpg,copertine/531e1437-6dc4-4316-80e9-8d9663c4ca23,dry-run,
53224452-466e-45f9-b027-75c935241e96,Gennarino.jpg,copertine/53224452-466e-45f9-b027-75c935241e96,dry-run,
532a63d2-f550-4e59-af59-ec3a8794200c,dialogo-aperto.jpg,copertine/532a63d2-f550-4e59-af59-ec3a8794200c,dry-run,
533b85fb-3296-4d2a-98c2-3d9c8464ffe1,ALFEDENA-1997-1-Ombreeluci.it_.webp,copertine/533b85fb-3296-4d2a-98c2-3d9c8464ffe1,dry-run,
533c475c-50e5-4625-b478-dfdfc955a57b,oel_n5_Martini.jpg,copertine/533c475c-50e5-4625-b478-dfdfc955a57b,dry-run,
53478156-c857-4468-98a0-61a52cfdbde7,oel053-012.jpg,copertine/53478156-c857-4468-98a0-61a52cfdbde7,dry-run,
537579bb-a718-41e0-ac6e-48ac98f594b0,37-Ombre-e-Luci-n.82-2003.jpg,copertine/537579bb-a718-41e0-ac6e-48ac98f594b0,dry-run,
5388aa2c-a0ea-456d-9f00-a826709338b2,Dai-figli-non-si-divorzia-Separarsi-e-rimanere-buoni-genitori-Anna-Oliverio-Ferraris-Ombre-e-Luci-n.92-2005.webp,copertine/5388aa2c-a0ea-456d-9f00-a826709338b2,dry-run,
539722bc-ceb6-48c9-80f2-b9de521b861f,0.jpg,copertine/539722bc-ceb6-48c9-80f2-b9de521b861f,dry-run,
539ddb8d-11ce-4fa1-a1a8-f9f05a897d73,libri-vecchi.jpg,copertine/539ddb8d-11ce-4fa1-a1a8-f9f05a897d73,dry-run,
53a18167-8561-4ede-b57b-795da872bfa4,Accaparlante-Bologna.jpg,copertine/53a18167-8561-4ede-b57b-795da872bfa4,dry-run,
53baa134-1c96-4f59-a130-90e24bb969b0,oel049-011.jpg,copertine/53baa134-1c96-4f59-a130-90e24bb969b0,dry-run,
53fafd37-2602-4d38-8d22-aadeed1c0637,oel066-025a.jpg,copertine/53fafd37-2602-4d38-8d22-aadeed1c0637,dry-run,
5408ed17-3149-4209-94f7-b7bb78d35452,Gallipoli-2024-Valeria-Antonucci.jpg,copertine/5408ed17-3149-4209-94f7-b7bb78d35452,dry-run,
54272f75-6cc9-4e9a-a700-dd8111951c15,blog-benedetta.jpg,copertine/54272f75-6cc9-4e9a-a700-dd8111951c15,dry-run,
54484a8d-eed7-495f-be77-018ca7ab6386,006-Ombre-e-Luci-n.75-2002.jpg,copertine/54484a8d-eed7-495f-be77-018ca7ab6386,dry-run,
544a0ed6-e687-4b73-9e04-6a45799b0637,josh-appel-0nkFvdcM-X4-unsplash.webp,copertine/544a0ed6-e687-4b73-9e04-6a45799b0637,dry-run,
54601449-a9e8-41e7-af08-e6572db62454,Elisa-Sturlese.jpg,copertine/54601449-a9e8-41e7-af08-e6572db62454,dry-run,
547ead1b-b091-4b59-a062-b5b0aed82545,Convegno-Edith-Stein-Diario-di-Antonietta-1-min.jpeg,copertine/547ead1b-b091-4b59-a062-b5b0aed82545,dry-run,
54961e80-c9a4-49f1-914e-d453d18938e9,Convegno-Edith-Stein-Diario-di-Antonietta-1-min.jpeg,copertine/54961e80-c9a4-49f1-914e-d453d18938e9,dry-run,
54c58107-ec35-43a4-a5fa-b96387ffdf8b,dialogo-aperto.jpg,copertine/54c58107-ec35-43a4-a5fa-b96387ffdf8b,dry-run,
54c88657-adfe-4528-a142-1ce92d3e1e06,recensione-oel-template-Ombre-e-Luci-n.84-2003.jpg,copertine/54c88657-adfe-4528-a142-1ce92d3e1e06,dry-run,
54e1a209-0890-4b57-8501-7492d91910f8,oel036-011.jpg,copertine/54e1a209-0890-4b57-8501-7492d91910f8,dry-run,
54f41351-3a68-4131-9bd8-888572517360,Bioetica-come-storia-Lucetta-Scaraffia-recensione-Ombre-e-Luci-n.-115-2011.webp,copertine/54f41351-3a68-4131-9bd8-888572517360,dry-run,
554a9f11-d820-4726-832f-3c717a20e5ff,devotio_2019.jpg,copertine/554a9f11-d820-4726-832f-3c717a20e5ff,dry-run,
55a5ca0d-fe2c-4796-8002-637ea52ed8d2,don-Luigi-dErrico.jpg,copertine/55a5ca0d-fe2c-4796-8002-637ea52ed8d2,dry-run,
55bdb5e9-9142-45fd-9abf-54445c2e8655,imgprovvisoria.jpg,copertine/55bdb5e9-9142-45fd-9abf-54445c2e8655,dry-run,
55c0615e-816b-4124-b33c-4bc36f2f164e,oel028-013.jpg,copertine/55c0615e-816b-4124-b33c-4bc36f2f164e,dry-run,
55cc0e7d-2b62-47e9-ab49-396f6702e848,Stefano-cammino.jpg,copertine/55cc0e7d-2b62-47e9-ab49-396f6702e848,dry-run,
5603e997-d289-4b00-a9b6-59dc216cf3a5,ziguli-massimiliano-verga-recensione-Ombre-e-Luci-177-2012.webp,copertine/5603e997-d289-4b00-a9b6-59dc216cf3a5,dry-run,
56067b32-3d0d-4051-a8d3-e324877e3181,oel037-039.jpg,copertine/56067b32-3d0d-4051-a8d3-e324877e3181,dry-run,
5624b13e-72be-4452-b175-0e8c1389b721,brazile.jpg,copertine/5624b13e-72be-4452-b175-0e8c1389b721,dry-run,
562f4003-4e11-4150-8433-03f384aa804e,dialogo-aperto.jpg,copertine/562f4003-4e11-4150-8433-03f384aa804e,dry-run,
5639efed-a213-4f20-b8a0-b183003be977,4.jpg,copertine/5639efed-a213-4f20-b8a0-b183003be977,dry-run,
56440ed3-709a-4490-89b8-a559ec8e433c,cartelli-parrocchie-divertenti-Ombre-e-Luci-n.93-2006.webp,copertine/56440ed3-709a-4490-89b8-a559ec8e433c,dry-run,
56461512-0e05-4965-a726-a16a05842790,oel052-018.jpg,copertine/56461512-0e05-4965-a726-a16a05842790,dry-run,
56522ab0-fdce-4dbc-8772-4afb884b65cf,Imparare-a-Cadere-COVER.jpg,copertine/56522ab0-fdce-4dbc-8772-4afb884b65cf,dry-run,
5675cc82-ae91-42d6-b44b-3f458b8a6a68,libri-vecchi.jpg,copertine/5675cc82-ae91-42d6-b44b-3f458b8a6a68,dry-run,
567db6cd-a9f0-437c-b2b8-05d8c32f30a6,Volevo-essere-una-farfalla-Ombre-e-Luci-n.120-2012.webp,copertine/567db6cd-a9f0-437c-b2b8-05d8c32f30a6,dry-run,
5687e9df-c653-4e6f-89df-2b173772ce17,dopo-di-noi-daniele-Ombre-e-Luci-n.77-2002.jpg,copertine/5687e9df-c653-4e6f-89df-2b173772ce17,dry-run,
56b62ed6-03e9-49bf-9d87-0127753997ea,Oel-85-15.jpg,copertine/56b62ed6-03e9-49bf-9d87-0127753997ea,dry-run,
56b9b0a0-e226-437e-8729-2d9f16375e96,oel069-026.jpg,copertine/56b9b0a0-e226-437e-8729-2d9f16375e96,dry-run,
56d24a01-3bad-4028-b0f0-09dc6f47bded,oel071-013.jpg,copertine/56d24a01-3bad-4028-b0f0-09dc6f47bded,dry-run,
56f85ebf-d24e-4482-a2f6-465c37b2187d,Comunità-benedettina-Monaci-di-Lanuvio.jpg,copertine/56f85ebf-d24e-4482-a2f6-465c37b2187d,dry-run,
570db0ff-9b6d-4014-b2d7-e89be91dfd77,Laura-Coccia-2.jpg,copertine/570db0ff-9b6d-4014-b2d7-e89be91dfd77,dry-run,
5739b22f-07f2-4131-859e-cfec547a2c12,oel061-021.jpg,copertine/5739b22f-07f2-4131-859e-cfec547a2c12,dry-run,
574059a4-d430-4ab9-9dde-209dcaca4e74,oel16-021.jpg,copertine/574059a4-d430-4ab9-9dde-209dcaca4e74,dry-run,
57554aa8-88e4-4869-9ee7-f5121d8bcaee,oel073-0012.jpg,copertine/57554aa8-88e4-4869-9ee7-f5121d8bcaee,dry-run,
575e8bf2-e92d-4d0a-ba3c-6474c330fdc5,Campane-a-festa.jpg,copertine/575e8bf2-e92d-4d0a-ba3c-6474c330fdc5,dry-run,
5798c586-c934-425c-b7c9-9fc9716a99e8,La-Scintilla-2.jpg,copertine/5798c586-c934-425c-b7c9-9fc9716a99e8,dry-run,
57bf5105-dfc7-4e83-a55c-a6665dd46531,Benedetta.jpg,copertine/57bf5105-dfc7-4e83-a55c-a6665dd46531,dry-run,
57c45f07-a639-442a-8855-78770603a568,Benedetta-telefono.jpg,copertine/57c45f07-a639-442a-8855-78770603a568,dry-run,
57dbb0ee-c2b2-4e8a-a8c2-dabba1a65e46,Sensuability.jpg,copertine/57dbb0ee-c2b2-4e8a-a8c2-dabba1a65e46,dry-run,
57ed0ea9-4f2d-482a-83ee-73d9ee06eaa8,6-1.jpg,copertine/57ed0ea9-4f2d-482a-83ee-73d9ee06eaa8,dry-run,
58187450-74fd-4b7b-a4fd-8d7d99c26764,oel066-020.jpg,copertine/58187450-74fd-4b7b-a4fd-8d7d99c26764,dry-run,
581a4534-a815-418f-9d3b-d61b0501d91d,dialogo-aperto-archivio.jpg,copertine/581a4534-a815-418f-9d3b-d61b0501d91d,dry-run,
581b6f2c-dd08-4c45-bc32-d393589b6c0a,le-a-della-mia-vita-copertina-recensione-Ombre-e-Luci-n.-71-2000.jpg,copertine/581b6f2c-dd08-4c45-bc32-d393589b6c0a,dry-run,
5831414f-3c2a-4985-9934-d09c02cd59c8,Aprire-il-proprio-cuore-allindifferenza-Ombre-e-Luci-n.136-2016.webp,copertine/5831414f-3c2a-4985-9934-d09c02cd59c8,dry-run,
5834002e-36a4-4dcc-804c-a7e83517152b,Bene-Conte.jpg,copertine/5834002e-36a4-4dcc-804c-a7e83517152b,dry-run,
584eee30-2358-484b-b444-b776502376a6,Jean-Vanier-2012.jpg,copertine/584eee30-2358-484b-b444-b776502376a6,dry-run,
5852fc3d-62fc-4d4f-be2b-627abc7c4410,Mariangela-Paolo-amici-in-giardino-Ombre-e-Luci-n.128-2014.jpeg,copertine/5852fc3d-62fc-4d4f-be2b-627abc7c4410,dry-run,
5873930e-31a4-4732-a8e1-0c1f91132b50,Jean-Vanier-90-anni-sd.jpg,copertine/5873930e-31a4-4732-a8e1-0c1f91132b50,dry-run,
5884fa6b-b1dd-4362-8f7f-53b75bd22174,Il-diritto-alla-vita-prima-della-nascita-Romani-Guardini-Ombre-e-Luci-n.92-2005.webp,copertine/5884fa6b-b1dd-4362-8f7f-53b75bd22174,dry-run,
5889d4c7-fc76-4401-b48f-3f80744871db,Mariangela-scuola-Ombre-e-Luci-n.128-2014.webp,copertine/5889d4c7-fc76-4401-b48f-3f80744871db,dry-run,
5891a972-e049-4758-9f23-82aa8755d590,Il-bambino-che-parlava-con-la-luce-Recensione-Ombre-e-Luci-n.133-2016.webp,copertine/5891a972-e049-4758-9f23-82aa8755d590,dry-run,
58a5891a-90f3-4785-9369-1049c2ab081d,3.jpg,copertine/58a5891a-90f3-4785-9369-1049c2ab081d,dry-run,
58d220a2-0c10-42a8-9edb-7fc409662e10,Il-cuore-e-una-selva.jpg,copertine/58d220a2-0c10-42a8-9edb-7fc409662e10,dry-run,
58d96e1a-e270-43ba-a859-7c62bdac590f,Antonietta-Pompei.jpg,copertine/58d96e1a-e270-43ba-a859-7c62bdac590f,dry-run,
58dca814-2ab3-433c-8984-bc7641e2decd,oel066-004.jpg,copertine/58dca814-2ab3-433c-8984-bc7641e2decd,dry-run,
58edad1d-9d98-494b-8dfd-d20e2ca24133,libri3.jpg,copertine/58edad1d-9d98-494b-8dfd-d20e2ca24133,dry-run,
58f5def5-d180-4a2b-b29a-5b638809f9dc,Alberto.jpg,copertine/58f5def5-d180-4a2b-b29a-5b638809f9dc,dry-run,
58fb729b-6f6a-4cd5-bad9-ac58953c4f76,Chaptalia_tomentosa_pineland_daisy_1.webp,copertine/58fb729b-6f6a-4cd5-bad9-ac58953c4f76,dry-run,
59008c0d-32d9-4314-9a7c-c7bfd9b4302a,oel9013.jpg,copertine/59008c0d-32d9-4314-9a7c-c7bfd9b4302a,dry-run,
5907be58-c877-4438-a44f-4ba1c9b8d855,I-bambini-autistici-copertina-libro-Insieme-n.11-1976.webp,copertine/5907be58-c877-4438-a44f-4ba1c9b8d855,dry-run,
5932651e-0a46-4c1e-920a-a220c5079931,life-animated-Ombre-e-Luci-n.140-2018.webp,copertine/5932651e-0a46-4c1e-920a-a220c5079931,dry-run,
593d43ee-7822-4b6b-8f0a-9a8d561d8450,uildm.jpg,copertine/593d43ee-7822-4b6b-8f0a-9a8d561d8450,dry-run,
5995cf36-71a7-4de7-a4d2-ae2d513c68bc,pellegrinaggioFEDEELUCE2015-1.jpg,copertine/5995cf36-71a7-4de7-a4d2-ae2d513c68bc,dry-run,
599ba826-5fe1-4d00-b99b-1c3c3b0fcd75,loic-et-thaddee-proffit.jpg,copertine/599ba826-5fe1-4d00-b99b-1c3c3b0fcd75,dry-run,
59acd8e0-64ab-4d70-9fd1-381b97f5b044,Efrem-01.jpg,copertine/59acd8e0-64ab-4d70-9fd1-381b97f5b044,dry-run,
59bf2866-4a44-4ba2-b5a2-e44ea8ee81c3,Paul-Gilbert-pellegrinaggio-02.jpg,copertine/59bf2866-4a44-4ba2-b5a2-e44ea8ee81c3,dry-run,
59c7adfb-3725-43e7-b772-7e4a9074ed19,Lourdes-pellegrinaggio-insieme.jpg,copertine/59c7adfb-3725-43e7-b772-7e4a9074ed19,dry-run,
59d907b9-aa6b-4401-8941-0cbdef8f9292,30-Ombre-e-Luci-n.82-2003.jpg,copertine/59d907b9-aa6b-4401-8941-0cbdef8f9292,dry-run,
5a10b490-d939-4c36-b3c0-93cd5d0ecce0,Chi-resta-deve-capire-Copertina-Ombre-e-Luci-n.125-2014.jpg,copertine/5a10b490-d939-4c36-b3c0-93cd5d0ecce0,dry-run,
5a17a497-919f-4f76-a1a0-1679cd346311,insieme-gaurino3.jpg,copertine/5a17a497-919f-4f76-a1a0-1679cd346311,dry-run,
5a235ea2-111c-4335-89a4-541eb963e2b4,Massi-cop.jpg,copertine/5a235ea2-111c-4335-89a4-541eb963e2b4,dry-run,
5a339ea0-1f93-4683-a161-06fb79b5c57e,Kairos.jpg,copertine/5a339ea0-1f93-4683-a161-06fb79b5c57e,dry-run,
5a474616-ad2c-417d-b0a9-6547bc52e6bc,oel036-007.jpg,copertine/5a474616-ad2c-417d-b0a9-6547bc52e6bc,dry-run,
5a4b5017-335b-494f-adba-d2a053b1326f,catechesi-5.jpg,copertine/5a4b5017-335b-494f-adba-d2a053b1326f,dry-run,
5a5e3ae8-5d2b-4feb-b1b9-476459523303,pellegrinaggioFEDEELUCE2015-5.jpg,copertine/5a5e3ae8-5d2b-4feb-b1b9-476459523303,dry-run,
5a6b9568-8cdd-4b41-a605-d95c6ed4a1c5,oel039-00A.jpg,copertine/5a6b9568-8cdd-4b41-a605-d95c6ed4a1c5,dry-run,
5a6e6bf7-8b40-4e4f-8c28-547be5dcb7d5,Papa-Francesco-Jean-Vanier-Ombre-e-Luci-n.135-2016.webp,copertine/5a6e6bf7-8b40-4e4f-8c28-547be5dcb7d5,dry-run,
5a7b7024-1181-41fc-b832-2cd269b72bc6,oel15-015.jpg,copertine/5a7b7024-1181-41fc-b832-2cd269b72bc6,dry-run,
5a851f90-6f26-4bc9-8b98-e79839d90cf4,ciclo-viaggio-bologna-roma-tandem-disabilità.jpg,copertine/5a851f90-6f26-4bc9-8b98-e79839d90cf4,dry-run,
5aa06eeb-b0c5-4953-8a0d-fb4317e78744,Ucraina.jpg,copertine/5aa06eeb-b0c5-4953-8a0d-fb4317e78744,dry-run,
5ac53406-c80c-43cc-a627-e9113a47285e,Copertina_OL-164.jpg,copertine/5ac53406-c80c-43cc-a627-e9113a47285e,dry-run,
5ad32528-6a28-40d3-b41c-c06af5de471f,Cover-Podcast-Kesten.jpg,copertine/5ad32528-6a28-40d3-b41c-c06af5de471f,dry-run,
5aee39eb-fea3-4b80-8c6d-f60ca0ed8a86,dialogo-aperto-archivio.jpg,copertine/5aee39eb-fea3-4b80-8c6d-f60ca0ed8a86,dry-run,
5af546db-a327-4a7f-89d1-673ed83261ab,oel22-005.jpg,copertine/5af546db-a327-4a7f-89d1-673ed83261ab,dry-run,
5afb4db1-f766-46e3-b290-c396a1e54a2d,mimo.jpg,copertine/5afb4db1-f766-46e3-b290-c396a1e54a2d,dry-run,
5affb49c-24f1-4d63-86be-87121bc17b3c,Marina.jpg,copertine/5affb49c-24f1-4d63-86be-87121bc17b3c,dry-run,
5b09e4ac-b18b-440f-aa2b-7b3501223bb0,insieme-4-scuola-integrazione.jpg,copertine/5b09e4ac-b18b-440f-aa2b-7b3501223bb0,dry-run,
5b0bc205-6c64-498a-91dc-cb1f09a234bf,oel8012.jpg,copertine/5b0bc205-6c64-498a-91dc-cb1f09a234bf,dry-run,
5b15a255-4cac-4fb9-a413-cded20af63d1,23-1.jpg,copertine/5b15a255-4cac-4fb9-a413-cded20af63d1,dry-run,
5b165983-80fe-4e26-94a6-d0e4e4f034d0,Antonietta-staffetta.jpg,copertine/5b165983-80fe-4e26-94a6-d0e4e4f034d0,dry-run,
5b16cfd3-5758-4451-865d-996c7fce18bb,Luogi-della-relazione-Ombre-e-Luci-n.130-2015.webp,copertine/5b16cfd3-5758-4451-865d-996c7fce18bb,dry-run,
5b26adb4-2071-4b6c-b36c-41447580e1d7,Rita-Marco-Angela-Cristina.jpg,copertine/5b26adb4-2071-4b6c-b36c-41447580e1d7,dry-run,
5b69f454-fe4a-48d5-807d-5695defe4dd3,oel042-007.jpg,copertine/5b69f454-fe4a-48d5-807d-5695defe4dd3,dry-run,
5b731246-9145-4293-ab1b-4c8c7a006285,Copertina_OeL_112_2010.webp,copertine/5b731246-9145-4293-ab1b-4c8c7a006285,dry-run,
5b8d7f54-a8e0-4174-8d34-83e8fb50af11,papa.webp,copertine/5b8d7f54-a8e0-4174-8d34-83e8fb50af11,dry-run,
5b97c158-2f94-4eb7-a2f2-284de9d42598,cosa-vedremo-a-roma-pellegrinaggio-1975.webp,copertine/5b97c158-2f94-4eb7-a2f2-284de9d42598,dry-run,
5b9ab9cb-eded-4951-ac5d-446b9fda280c,4-Sanremo-fin-dove-lho-visto-Davide-PAsseri-Ombre-e-Luci.webp,copertine/5b9ab9cb-eded-4951-ac5d-446b9fda280c,dry-run,
5bad8855-cb79-4e2d-a988-bc01488d079f,oel19-013.jpg,copertine/5bad8855-cb79-4e2d-a988-bc01488d079f,dry-run,
5bbac924-6e02-4cd8-8c0a-45a3ef4a65ee,Mariangela-1-Ombre-e-Luci-n.128-2014.webp,copertine/5bbac924-6e02-4cd8-8c0a-45a3ef4a65ee,dry-run,
5bc66931-1089-47bf-9f76-b4b4c3acfd0f,P_20171011_092100.jpg,copertine/5bc66931-1089-47bf-9f76-b4b4c3acfd0f,dry-run,
5bd68f1a-6bc5-43d4-a6ab-984916a9e644,83-28-Ombre-e-Luci-n.83-2833.jpg,copertine/5bd68f1a-6bc5-43d4-a6ab-984916a9e644,dry-run,
5c0a38cb-8a10-4c1d-a264-4028ed657191,SAC-uova-2021.jpg,copertine/5c0a38cb-8a10-4c1d-a264-4028ed657191,dry-run,
5c17b3b7-3a97-4721-8168-192c568f4310,oel6009.jpg,copertine/5c17b3b7-3a97-4721-8168-192c568f4310,dry-run,
5c402350-2f18-48f7-b584-8edc70b07354,2.jpg,copertine/5c402350-2f18-48f7-b584-8edc70b07354,dry-run,
5c4eefe9-ca49-4394-8865-91c5981f3e38,oel038-015.jpg,copertine/5c4eefe9-ca49-4394-8865-91c5981f3e38,dry-run,
5c53cbdf-db38-47f5-a8ae-19d82bcea79b,Abili-oltre.jpg,copertine/5c53cbdf-db38-47f5-a8ae-19d82bcea79b,dry-run,
5c57b342-7534-478d-b5bc-bfaa6a441347,rescue-remedy-Ombre-e-Luci-n.-70-2000.jpg,copertine/5c57b342-7534-478d-b5bc-bfaa6a441347,dry-run,
5c6136f2-6ff5-4d03-b571-f5c0b59fe9e2,22-Ombre-e-Luci-n.97-2007.jpg,copertine/5c6136f2-6ff5-4d03-b571-f5c0b59fe9e2,dry-run,
5c927c23-4006-413d-8374-ef997549fe0d,Joseph_Mallord_William_Turner_-_The_Shipwreck_-_Google_Art_Project.jpg,copertine/5c927c23-4006-413d-8374-ef997549fe0d,dry-run,
5cb26381-ee2f-4164-9e6f-d16e508e0376,Don-marco-bove.jpg,copertine/5cb26381-ee2f-4164-9e6f-d16e508e0376,dry-run,
5cb44fdf-c87b-461c-8b68-cee392b0c8ad,Benedetta.jpg,copertine/5cb44fdf-c87b-461c-8b68-cee392b0c8ad,dry-run,
5cd8f6a5-9c31-4662-aa41-c79ea6cce40e,oel15-021.jpg,copertine/5cd8f6a5-9c31-4662-aa41-c79ea6cce40e,dry-run,
5cd9b6ac-5be8-4386-acfe-ae6ac7d445a8,oel031-035.jpg,copertine/5cd9b6ac-5be8-4386-acfe-ae6ac7d445a8,dry-run,
5cdb7d93-f64d-46ae-a640-4537cf566bc9,Osservazioni-di-una-mamma-qualunque-Recensione-Ombre-e-Lucin.133-2016.webp,copertine/5cdb7d93-f64d-46ae-a640-4537cf566bc9,dry-run,
5d139d24-d4e0-4213-a373-55b093c441b2,libri-vecchi.jpg,copertine/5d139d24-d4e0-4213-a373-55b093c441b2,dry-run,
5d35a2ea-5272-480f-8f99-c91b97449279,Fede-e-Luci-lArcha-Ombre-e-Luci-Ombre-e-Luci-n.100-2007.png,copertine/5d35a2ea-5272-480f-8f99-c91b97449279,dry-run,
5d3d502a-e623-4135-9736-ebebd6d6d0cb,oel033-012.jpg,copertine/5d3d502a-e623-4135-9736-ebebd6d6d0cb,dry-run,
5d497512-c431-4165-95d2-a3596898075d,Mariangela-in-montagna-Ombre-e-Luci-n.126-2014.webp,copertine/5d497512-c431-4165-95d2-a3596898075d,dry-run,
5d634997-0e29-460e-affb-3b29e294468b,00-15-Ombre-e-Luci-n.80-2002.jpg,copertine/5d634997-0e29-460e-affb-3b29e294468b,dry-run,
5d6417ff-a7ae-4ff5-a86a-47a1faa18d60,dopo-di-noi.jpg,copertine/5d6417ff-a7ae-4ff5-a86a-47a1faa18d60,dry-run,
5d833e46-9711-4354-9fc6-bb9506abb2c6,Geel-american-conservative-1.jpg,copertine/5d833e46-9711-4354-9fc6-bb9506abb2c6,dry-run,
5d83e81d-cd48-4323-b7a8-225078170dff,Oel-85-6.jpg,copertine/5d83e81d-cd48-4323-b7a8-225078170dff,dry-run,
5d8776fa-99b1-4871-b9fd-6276305decbf,Ricordando-Angelo-2-Ombre-e-Luci-n.144-2018.webp,copertine/5d8776fa-99b1-4871-b9fd-6276305decbf,dry-run,
5d9f590c-6519-4ac1-94fd-c2e80ad7a83b,oel056-019.jpg,copertine/5d9f590c-6519-4ac1-94fd-c2e80ad7a83b,dry-run,
5dc7f335-76c8-4058-bab8-81263379e49d,Cover-Galeotti.jpg,copertine/5dc7f335-76c8-4058-bab8-81263379e49d,dry-run,
5dcf4784-39f1-4baf-8a86-502207b95631,oel052-029.jpg,copertine/5dcf4784-39f1-4baf-8a86-502207b95631,dry-run,
5dfa61e8-ceda-433f-8024-31d6f33d7f02,pellegrinaggio-2015-22.jpg,copertine/5dfa61e8-ceda-433f-8024-31d6f33d7f02,dry-run,
5e0b89ee-c30b-4244-bcf6-52ebec977309,Non-e-te-che-aspettavo-Recensione-Ombre-e-Luci-n.139-2018.webp,copertine/5e0b89ee-c30b-4244-bcf6-52ebec977309,dry-run,
5e26c83c-38dd-485d-ba2b-bc21b201023b,oel049-023.jpg,copertine/5e26c83c-38dd-485d-ba2b-bc21b201023b,dry-run,
5e43920a-0997-4301-94db-c2ad7da6f1e9,Benedetta-spalti.jpg,copertine/5e43920a-0997-4301-94db-c2ad7da6f1e9,dry-run,
5e4d66a6-ad4a-4506-b880-617ba7abc1b8,dialogo-aperto-archivio.jpg,copertine/5e4d66a6-ad4a-4506-b880-617ba7abc1b8,dry-run,
5e687e46-7f93-430c-a261-4c66b8dfde62,oel_n6_figlio-mio.jpg,copertine/5e687e46-7f93-430c-a261-4c66b8dfde62,dry-run,
5e709529-c9bc-45e6-a267-304c4578631e,modesta-valenti-targa.jpg,copertine/5e709529-c9bc-45e6-a267-304c4578631e,dry-run,
5eb3721f-154e-4d32-8774-b9639aa87f7a,le-chiavi-di-casa-3.webp,copertine/5eb3721f-154e-4d32-8774-b9639aa87f7a,dry-run,
5ec492fa-2708-4d95-9619-9e3db6138e5d,Lourdes-neon.jpeg,copertine/5ec492fa-2708-4d95-9619-9e3db6138e5d,dry-run,
5eef35b4-a3b4-425b-95a1-86aea8232fea,oel041-012.jpg,copertine/5eef35b4-a3b4-425b-95a1-86aea8232fea,dry-run,
5f0af13d-d523-4f13-a0cf-56b30836e6d1,Benedetta-Tozzi-1.jpg,copertine/5f0af13d-d523-4f13-a0cf-56b30836e6d1,dry-run,
5f1d7c03-83e3-4141-8f98-fdd6e03337e5,libri-vecchi.jpg,copertine/5f1d7c03-83e3-4141-8f98-fdd6e03337e5,dry-run,
5f23c705-795a-4fcd-930e-5adc44f409ad,Flora.jpg,copertine/5f23c705-795a-4fcd-930e-5adc44f409ad,dry-run,
5f4f58b7-e6ca-4163-b9bd-ae72676f2187,insieme-8-1976-resoconto-riunione-internazionale-fede-e-luce.webp,copertine/5f4f58b7-e6ca-4163-b9bd-ae72676f2187,dry-run,
5f69c8cf-9528-44d3-8e4f-e8d176d55f58,viola-mimosa.jpg,copertine/5f69c8cf-9528-44d3-8e4f-e8d176d55f58,dry-run,
5f7de233-d8a5-44b8-987a-e039982e059b,oel_n5_come-le-altre-domeniche.-5.jpg,copertine/5f7de233-d8a5-44b8-987a-e039982e059b,dry-run,
5f81333e-3a3c-4209-825e-1839585b616c,Natività.jpg,copertine/5f81333e-3a3c-4209-825e-1839585b616c,dry-run,
5f880e81-898c-498a-a4f7-fa0490195668,oel059-007.jpg,copertine/5f880e81-898c-498a-a4f7-fa0490195668,dry-run,
5f970751-bac3-4d9d-a926-86d1de4f8fe8,viola-mimosa.jpg,copertine/5f970751-bac3-4d9d-a926-86d1de4f8fe8,dry-run,
5fdbc3c9-d087-4d13-969e-68df4cb2a809,Mariangela-e-fratelli-Ombre-e-Luci-n.128-2014.webp,copertine/5fdbc3c9-d087-4d13-969e-68df4cb2a809,dry-run,
5fea20fa-8c81-4236-a47b-0b678456b024,Tricase-Efrem.jpeg,copertine/5fea20fa-8c81-4236-a47b-0b678456b024,dry-run,
6003d7e5-7ede-4913-831e-5db78b302871,viola-mimosa.jpg,copertine/6003d7e5-7ede-4913-831e-5db78b302871,dry-run,
600f500f-362a-471a-b0b7-6690598861f1,vizi-e-virtu-recensione-Ombre-e-Luci-n.115-2011.webp,copertine/600f500f-362a-471a-b0b7-6690598861f1,dry-run,
601d8189-0626-471c-8c45-af05447c97c7,dialogo-aperto-archivio.jpg,copertine/601d8189-0626-471c-8c45-af05447c97c7,dry-run,
6046f37f-fa59-4289-ba51-3ae84d70aa00,attivita-di-gruppo-Ombre-e-Luci-1976.webp,copertine/6046f37f-fa59-4289-ba51-3ae84d70aa00,dry-run,
604b8979-36a8-4351-9fff-9ea29bc30bed,Mariangela-in-Polonia-Recensione-Ombre-e-Luci-n.126-2014.webp,copertine/604b8979-36a8-4351-9fff-9ea29bc30bed,dry-run,
605e28be-0c57-412a-b84f-6938205a9cf4,pietro-vetro2.jpg,copertine/605e28be-0c57-412a-b84f-6938205a9cf4,dry-run,
60765022-c0c5-4e60-94da-90734f6db7b5,Luciana-Spigolon-fratello.jpeg,copertine/60765022-c0c5-4e60-94da-90734f6db7b5,dry-run,
60821550-368d-487d-ba5c-a844b54c2225,russia-1080x675.jpg,copertine/60821550-368d-487d-ba5c-a844b54c2225,dry-run,
6094d4b6-1133-4898-9d0d-775235257b55,le-chiavi-di-casa-5.webp,copertine/6094d4b6-1133-4898-9d0d-775235257b55,dry-run,
6098d5f1-c34f-4749-b54d-fc72579d4c8e,0-2.jpg,copertine/6098d5f1-c34f-4749-b54d-fc72579d4c8e,dry-run,
60a01911-1c90-438b-8083-946b9982cf1c,libri-vecchi.jpg,copertine/60a01911-1c90-438b-8083-946b9982cf1c,dry-run,
60a83446-b7a3-4764-842a-a103a12f918c,Adamo-ed-Eva-coniugale-e1613764891800.jpg,copertine/60a83446-b7a3-4764-842a-a103a12f918c,dry-run,
60b8a155-892b-49f4-8119-80b66cd9fb59,la-disabilità-non-è-un-limite-Ombre-e-Luci-n.93-2006.webp,copertine/60b8a155-892b-49f4-8119-80b66cd9fb59,dry-run,
60cd01e1-8a13-4301-9c88-07e34177960b,Melanie-Fanny.jpg,copertine/60cd01e1-8a13-4301-9c88-07e34177960b,dry-run,
60e621a6-0b31-49b6-b5a4-07f42dcada50,libri-vecchi.jpg,copertine/60e621a6-0b31-49b6-b5a4-07f42dcada50,dry-run,
60faa2ec-dfa1-463c-8229-b864c9125f53,libri-vecchi.jpg,copertine/60faa2ec-dfa1-463c-8229-b864c9125f53,dry-run,
6110d6ab-447d-462e-b671-7cd8e2b117c6,dialogo-aperto-archivio.jpg,copertine/6110d6ab-447d-462e-b671-7cd8e2b117c6,dry-run,
6142ab06-441d-4f17-8fd5-3f2b1791e115,Gruppo-Ascensione-uno-dei-primi-nuclei-della-grande-famiglia-Ombre-e-Luci-n.100-2007.webp,copertine/6142ab06-441d-4f17-8fd5-3f2b1791e115,dry-run,
6184e2ef-9be4-4d56-9ca5-b06ae08afd30,warren-umoh-qycBqByWIY-unsplash.webp,copertine/6184e2ef-9be4-4d56-9ca5-b06ae08afd30,dry-run,
61bdf616-7054-4579-a228-144497ba6c06,oel038-021.jpg,copertine/61bdf616-7054-4579-a228-144497ba6c06,dry-run,
61cbd2be-4357-4d3e-962b-aa2106b581a1,Per-il-rispetto-della-persona-sempre-Ombre-e-Luci-n.-115.webp,copertine/61cbd2be-4357-4d3e-962b-aa2106b581a1,dry-run,
61ed08e1-8f76-40e2-afa7-4dafb24d847b,29A-Ombre-e-Luci-n.97-2007.jpg,copertine/61ed08e1-8f76-40e2-afa7-4dafb24d847b,dry-run,
620a890f-7bee-40fb-bf50-1ea113fed446,Padel-Caterina.jpg,copertine/620a890f-7bee-40fb-bf50-1ea113fed446,dry-run,
621c0679-dd71-4bdb-a460-1749fecd891d,oel9018.jpg,copertine/621c0679-dd71-4bdb-a460-1749fecd891d,dry-run,
6249f7b5-0c75-4d8d-8c97-84c9dace9067,Topside-2020.jpg,copertine/6249f7b5-0c75-4d8d-8c97-84c9dace9067,dry-run,
625aa7d0-e178-495c-a65f-7f783d653d21,oel-76-06.jpg,copertine/625aa7d0-e178-495c-a65f-7f783d653d21,dry-run,
62963f79-9766-4696-ab42-de7e64ce1127,00-21-Ombre-e-Luci-n.-79-2002.jpg,copertine/62963f79-9766-4696-ab42-de7e64ce1127,dry-run,
629771b0-f431-426a-b64e-d5ed957800de,Benedetta-guida-turistica.jpg,copertine/629771b0-f431-426a-b64e-d5ed957800de,dry-run,
62a76bdf-f418-4032-9c49-c3ac06c46dac,La-nostra-scelta-di-Cristina-Ombre-e-Luci-n.120-2012.webp,copertine/62a76bdf-f418-4032-9c49-c3ac06c46dac,dry-run,
62d4ed86-2f31-49b5-86cf-3b2c8b44f23e,29-Ombre-e-Luci-n.98-2007-1.webp,copertine/62d4ed86-2f31-49b5-86cf-3b2c8b44f23e,dry-run,
62dc396e-34d4-4ee3-bd2f-4c0236404e3a,oel072-natale-alveare-02.jpg,copertine/62dc396e-34d4-4ee3-bd2f-4c0236404e3a,dry-run,
62e7f2cf-33b2-4b8f-bc27-87f000bb914c,Regione-Liguria.jpg,copertine/62e7f2cf-33b2-4b8f-bc27-87f000bb914c,dry-run,
62ef2c85-5b0c-49b7-b209-ddb6633143dc,oel043-016.jpg,copertine/62ef2c85-5b0c-49b7-b209-ddb6633143dc,dry-run,
62f44a7b-c341-4714-a635-b1be48ecedcc,59a-Ombre-e-Luci-n.82-2003.jpg,copertine/62f44a7b-c341-4714-a635-b1be48ecedcc,dry-run,
630d6e8d-87c5-4817-ae8d-b94bff7a36b8,timothy-eberly-28S1UBUM7aQ-unsplash.webp,copertine/630d6e8d-87c5-4817-ae8d-b94bff7a36b8,dry-run,
634869d7-b9dc-449d-a181-c9e076ff9f05,oel053-006.jpg,copertine/634869d7-b9dc-449d-a181-c9e076ff9f05,dry-run,
636a1f7e-4340-444c-95be-a1411f021ead,Basaglia-03.jpg,copertine/636a1f7e-4340-444c-95be-a1411f021ead,dry-run,
637c99e9-107b-4683-b5e0-936b3428df5d,Stella-cometa.jpg,copertine/637c99e9-107b-4683-b5e0-936b3428df5d,dry-run,
63876155-0e09-4191-bfdb-98b8856d1570,oel8020.jpg,copertine/63876155-0e09-4191-bfdb-98b8856d1570,dry-run,
63a448bb-f66c-4559-8304-df4f6b2d0e52,Ragazza-Aspy-recensione.jpg,copertine/63a448bb-f66c-4559-8304-df4f6b2d0e52,dry-run,
63b6b30d-06b7-4394-9a73-9ccd840ab142,Leonardo-Ottoni.jpg,copertine/63b6b30d-06b7-4394-9a73-9ccd840ab142,dry-run,
63bc7a74-f3ea-4c26-b0cb-491275e00f05,83-7-Ombre-e-Luci-n.83-2833.jpg,copertine/63bc7a74-f3ea-4c26-b0cb-491275e00f05,dry-run,
63eba452-814b-4d52-a63e-d931fa0e3ef2,oel050-033.jpg,copertine/63eba452-814b-4d52-a63e-d931fa0e3ef2,dry-run,
63ec52a5-6a8f-4e71-be15-ea45c26c611a,Christian_Krohg_-_Leiv_Eirikson_discovering_America_-_Google_Art_Project.jpg,copertine/63ec52a5-6a8f-4e71-be15-ea45c26c611a,dry-run,
6411ea08-49d8-41ca-b961-4d6e7359cff4,oel11-023.jpg,copertine/6411ea08-49d8-41ca-b961-4d6e7359cff4,dry-run,
641af322-442b-4055-bc16-5294a265eff5,cover-benedetta.jpg,copertine/641af322-442b-4055-bc16-5294a265eff5,dry-run,
64490f98-8472-4737-aef2-d3669ed70d83,Frammenti-di-solitudine-1.jpg,copertine/64490f98-8472-4737-aef2-d3669ed70d83,dry-run,
6470c7dd-d2af-4d9b-91da-e6922024abc3,pellegrini-2.webp,copertine/6470c7dd-d2af-4d9b-91da-e6922024abc3,dry-run,
648cf1c4-b73e-41f1-8720-0c2453e222b0,oel031-014.jpg,copertine/648cf1c4-b73e-41f1-8720-0c2453e222b0,dry-run,
648eb5b9-486a-4c3b-81ac-18f80e534284,Benedetta-Baglioni.jpg,copertine/648eb5b9-486a-4c3b-81ac-18f80e534284,dry-run,
64a25203-5cce-4284-9951-04a6d0f9969d,Uovonero-Sante-Bandirali.jpg,copertine/64a25203-5cce-4284-9951-04a6d0f9969d,dry-run,
64beb310-13c3-4e27-a5f6-2fd9252389c2,LIBRO-Petraglia.jpg,copertine/64beb310-13c3-4e27-a5f6-2fd9252389c2,dry-run,
64d5e526-5dd9-460e-b2d6-d6f3d2ff673d,tovaglietta.jpg,copertine/64d5e526-5dd9-460e-b2d6-d6f3d2ff673d,dry-run,
64d74e60-c704-40a5-8ee0-5ddf0af97ddf,candela-lutto.jpg,copertine/64d74e60-c704-40a5-8ee0-5ddf0af97ddf,dry-run,
6510dfd0-d27a-46cb-8306-93d99267c8e3,Alberto-Alagna-Mazara-del-Vallo-3.jpg,copertine/6510dfd0-d27a-46cb-8306-93d99267c8e3,dry-run,
6549eba8-1e57-4ca8-9327-12862a4e7e63,21A.jpg,copertine/6549eba8-1e57-4ca8-9327-12862a4e7e63,dry-run,
654d7674-9e25-4d1d-b384-64a841de851c,Benedetta-rigorista.jpg,copertine/654d7674-9e25-4d1d-b384-64a841de851c,dry-run,
6556622b-177d-4310-82d0-e886ffd1aa81,uno.jpg,copertine/6556622b-177d-4310-82d0-e886ffd1aa81,dry-run,
6572e992-3aa3-4876-ad42-41da741721fd,Bruno-con-Franco-e-Paolo.jpg,copertine/6572e992-3aa3-4876-ad42-41da741721fd,dry-run,
65a090f4-bc0b-44bf-88e2-51ad1d02c47d,oel052-013.jpg,copertine/65a090f4-bc0b-44bf-88e2-51ad1d02c47d,dry-run,
65ab7d42-f0b5-453f-ac64-7eaa9882fe61,oel027-018.jpg,copertine/65ab7d42-f0b5-453f-ac64-7eaa9882fe61,dry-run,
65ad5e28-8fdc-40b7-98e4-fdb2ec1adf5e,Disabilmente-mamme-min.jpg,copertine/65ad5e28-8fdc-40b7-98e4-fdb2ec1adf5e,dry-run,
65b6e000-475d-4ee3-89a9-09d7e028c448,alto-come-un-vaso-di-gerani-recensione-Ombre-e-Luci-n.124-2013.jpg,copertine/65b6e000-475d-4ee3-89a9-09d7e028c448,dry-run,
65b95d5b-f66d-4333-989d-e902cfd81031,Antonietta-Maurizio-1.webp,copertine/65b95d5b-f66d-4333-989d-e902cfd81031,dry-run,
65e08530-cbcf-43c9-aa67-ed2e40d30b33,Firmamento-Moriggia.jpg,copertine/65e08530-cbcf-43c9-aa67-ed2e40d30b33,dry-run,
65f6fddf-b74e-4e3c-9930-08a5a78de01f,Segni-efficaci-@im.va-Riccardo-Rossi-Ombre-e-Luci-n.139-2017.webp,copertine/65f6fddf-b74e-4e3c-9930-08a5a78de01f,dry-run,
6603480d-6b3e-40e9-bd6f-939410592e91,oel14-gallery-010.jpg,copertine/6603480d-6b3e-40e9-bd6f-939410592e91,dry-run,
664bffef-217a-4f97-818f-03859f3b0ffd,Benedetta-mare-2025.jpg,copertine/664bffef-217a-4f97-818f-03859f3b0ffd,dry-run,
6655463d-d5bd-4a51-af2e-579b78b8d249,oel049-009.jpg,copertine/6655463d-d5bd-4a51-af2e-579b78b8d249,dry-run,
66669472-ef80-4f84-9f4e-2c55d9813a70,ottavo_giorno_ombre-e-luci.jpg,copertine/66669472-ef80-4f84-9f4e-2c55d9813a70,dry-run,
6676fba9-ff47-4e29-84bb-f0f0013e9212,Lunigiana-online.jpg,copertine/6676fba9-ff47-4e29-84bb-f0f0013e9212,dry-run,
668382aa-965e-417b-a268-d17285acaae5,Borderline-Recensione-Ombre-e-Luci-n.126-2014.webp,copertine/668382aa-965e-417b-a268-d17285acaae5,dry-run,
66a96853-6d31-4d44-9bc7-d558d8dc1e0b,Il-dilemma-della-valutazione-Ombre-e-Luci-n.123-2013.webp,copertine/66a96853-6d31-4d44-9bc7-d558d8dc1e0b,dry-run,
66bf1281-c141-4b52-a73d-b5c1fd8f1d80,Un-estate-di-campi-2-Ombre-e-Luci-n.-127-2014.webp,copertine/66bf1281-c141-4b52-a73d-b5c1fd8f1d80,dry-run,
66c3d5ee-2118-42bc-b13c-9dc1cdecf66d,thomas-dumortier-OP3VdOJmajU-unsplash-1.webp,copertine/66c3d5ee-2118-42bc-b13c-9dc1cdecf66d,dry-run,
66cb568b-db4d-4dae-972d-979fc42acaa6,aaron-burden-2bg1jPty490-unsplash.webp,copertine/66cb568b-db4d-4dae-972d-979fc42acaa6,dry-run,
66d0ecc1-9938-4fd7-95e5-77fe8359169a,Padre-Benoit-Pompei-2.jpg,copertine/66d0ecc1-9938-4fd7-95e5-77fe8359169a,dry-run,
66d5066e-15ae-4c7f-905f-81af8f8c181a,Teatro-integrato.jpg,copertine/66d5066e-15ae-4c7f-905f-81af8f8c181a,dry-run,
66d7ce3f-86c1-457d-a5e2-395bfa507e6e,libri-vecchi.jpg,copertine/66d7ce3f-86c1-457d-a5e2-395bfa507e6e,dry-run,
66f09e68-e29a-4583-94c5-f692bc877a38,170-benedetta-2.jpg,copertine/66f09e68-e29a-4583-94c5-f692bc877a38,dry-run,
672cc09a-2061-48b5-b32b-326a636fbf02,Farm-Garden-with-Sunflowers-1905-06-Gustav-Klimt-1.webp,copertine/672cc09a-2061-48b5-b32b-326a636fbf02,dry-run,
67539800-3ada-4c39-a3d9-fddc603d26f4,00-18-Ombre-e-Luci-n.80-2002.jpg,copertine/67539800-3ada-4c39-a3d9-fddc603d26f4,dry-run,
677c307e-bd70-4e3c-abff-198f4906ebb7,oel045-028.jpg,copertine/677c307e-bd70-4e3c-abff-198f4906ebb7,dry-run,
677f2dfc-476d-45fd-9d30-55519b84b6c9,dialogo-aperto.jpg,copertine/677f2dfc-476d-45fd-9d30-55519b84b6c9,dry-run,
6797f927-f643-40cd-adc0-3f4de3d0cc23,oel8011-4.jpg,copertine/6797f927-f643-40cd-adc0-3f4de3d0cc23,dry-run,
679d0ef2-1662-424b-a445-1f9f71cfcd34,oel072-008.jpg,copertine/679d0ef2-1662-424b-a445-1f9f71cfcd34,dry-run,
679f30fe-43fe-45ef-9d7e-ad9d0047da45,libri3.jpg,copertine/679f30fe-43fe-45ef-9d7e-ad9d0047da45,dry-run,
67aa3d50-a72e-41ff-80e0-dbe34bd16b0e,9-1.jpg,copertine/67aa3d50-a72e-41ff-80e0-dbe34bd16b0e,dry-run,
67d539de-b45c-4d9e-9584-e9d83a00255d,Mimo-Scampia.jpg,copertine/67d539de-b45c-4d9e-9584-e9d83a00255d,dry-run,
67efdac7-180b-4d34-9075-71f63dfc8bec,oel067-027.jpg,copertine/67efdac7-180b-4d34-9075-71f63dfc8bec,dry-run,
6806141e-b9a4-429a-a5e2-df3fa51555aa,La-delegazione-Fede-e-Luce-incontra-Mons.-Galantino-Ombre-e-Luci-n.129-2015.webp,copertine/6806141e-b9a4-429a-a5e2-df3fa51555aa,dry-run,
681569e7-7405-4428-88dd-ed72f05ac4b6,Katherine-Nerissa-Bowes-Lyon.jpg,copertine/681569e7-7405-4428-88dd-ed72f05ac4b6,dry-run,
68244844-2f6f-46d4-823b-90d8d2a1c693,viola-mimosa.jpg,copertine/68244844-2f6f-46d4-823b-90d8d2a1c693,dry-run,
68528354-79a3-45b5-b23e-4f0aef752af7,I-doni-di-Dio-Ombre-e-Luci-n.136-2016.webp,copertine/68528354-79a3-45b5-b23e-4f0aef752af7,dry-run,
686a2248-5c9c-4ecf-b97d-5ceb6b6ea1fa,oel039-012.jpg,copertine/686a2248-5c9c-4ecf-b97d-5ceb6b6ea1fa,dry-run,
68a565b8-e96d-4bca-b852-30fa5469781f,oel067-carlo-de-focauld-11.jpg,copertine/68a565b8-e96d-4bca-b852-30fa5469781f,dry-run,
68a8ac09-9344-4048-a994-ac50ebd4a1c4,dawid-zawila-G3rw6Y02D0-unsplash.webp,copertine/68a8ac09-9344-4048-a994-ac50ebd4a1c4,dry-run,
68b2b979-c4bf-46c6-9bd1-9615b06d2e85,gioco-al-centro-montanelli.jpg,copertine/68b2b979-c4bf-46c6-9bd1-9615b06d2e85,dry-run,
68bb8b5a-abf5-44e0-b430-13ac25aaefff,oel9001.jpg,copertine/68bb8b5a-abf5-44e0-b430-13ac25aaefff,dry-run,
68edd86a-8bfb-4e09-ada5-8845d104ceba,oel19-027.jpg,copertine/68edd86a-8bfb-4e09-ada5-8845d104ceba,dry-run,
69024ad9-0df2-4821-b1ee-c82107c17763,E-poi-saremo-salvi-cover.jpg,copertine/69024ad9-0df2-4821-b1ee-c82107c17763,dry-run,
690497a6-f98d-4a22-bf06-9448b9838097,oel044-025.jpg,copertine/690497a6-f98d-4a22-bf06-9448b9838097,dry-run,
6914870f-9c77-4380-9b43-45bc56688db5,Incontro-nazionale-Fede-e-Luce-a-Cattolica-nel-2009-Ombre-e-Luci-n.129-2015.webp,copertine/6914870f-9c77-4380-9b43-45bc56688db5,dry-run,
6921044f-42c6-4fa9-be35-4d71d7e3920d,Jean-Arche-1966.jpg,copertine/6921044f-42c6-4fa9-be35-4d71d7e3920d,dry-run,
69279116-16d0-4dec-896a-c66b7b0b1e0a,Disegno-Roberto-Francesco.jpg,copertine/69279116-16d0-4dec-896a-c66b7b0b1e0a,dry-run,
692e213a-df98-4cd9-9e3c-25a2054c759c,Benedetta-reception.jpg,copertine/692e213a-df98-4cd9-9e3c-25a2054c759c,dry-run,
69381ef8-aec2-4a75-8e03-bf702ae24843,oel031-030.jpg,copertine/69381ef8-aec2-4a75-8e03-bf702ae24843,dry-run,
693a8226-927f-4c15-904a-1d93601a0987,discoteca.jpg,copertine/693a8226-927f-4c15-904a-1d93601a0987,dry-run,
69424be0-4df5-423a-9787-8c67f70ed19d,5-Ombre-e-Luci-n.93-2006.jpg,copertine/69424be0-4df5-423a-9787-8c67f70ed19d,dry-run,
694e3b5b-638a-44c5-9e57-b4dc54883cd6,libri-vecchi.jpg,copertine/694e3b5b-638a-44c5-9e57-b4dc54883cd6,dry-run,
69657b96-3e7f-4f5a-9340-bf68cd71a759,oel034-011.jpg,copertine/69657b96-3e7f-4f5a-9340-bf68cd71a759,dry-run,
6968981d-538e-40ec-9f75-0d394d261406,LIBRO_Fragili.jpg,copertine/6968981d-538e-40ec-9f75-0d394d261406,dry-run,
697b7d44-0896-4cc5-b36c-8ed22bddd20b,13-2.jpg,copertine/697b7d44-0896-4cc5-b36c-8ed22bddd20b,dry-run,
697e16d7-fb6a-49be-8f00-24783056f352,Piccoli-in-carcere-Associazione-_A-Roma-insieme_-Ombre-e-Luci-n.-79-2002.jpg,copertine/697e16d7-fb6a-49be-8f00-24783056f352,dry-run,
6983252d-a609-4f8b-9621-3996a386350e,e-sempre-stato-rifiutato-oel6.jpg,copertine/6983252d-a609-4f8b-9621-3996a386350e,dry-run,
69837f85-a5b3-425c-a5f0-99dc77aa4237,Fisichella-Ombre-e-Luci-n.135-2016.webp,copertine/69837f85-a5b3-425c-a5f0-99dc77aa4237,dry-run,
6984f7b8-541a-4dad-9415-63246c0fd37e,Tercon-cover.jpg,copertine/6984f7b8-541a-4dad-9415-63246c0fd37e,dry-run,
699c0799-7188-404c-95c2-3431ca5703b5,nicoletti.jpg,copertine/699c0799-7188-404c-95c2-3431ca5703b5,dry-run,
69b6531d-64e7-4d5a-afd3-f1b9f475c1ce,oel11-001.jpg,copertine/69b6531d-64e7-4d5a-afd3-f1b9f475c1ce,dry-run,
69c1c043-4c02-448d-9e2b-e5c62f039bd3,Ci-hanno-scritto-cover-Insieme-n.20-OmbreeLuci.it_.webp,copertine/69c1c043-4c02-448d-9e2b-e5c62f039bd3,dry-run,
69ea6680-f1e1-4316-9415-af99e7a7e6f4,18-Ombre-e-Luci-n.97-2007.jpg,copertine/69ea6680-f1e1-4316-9415-af99e7a7e6f4,dry-run,
6a2aa12a-5917-4d2a-b80b-838020e82c52,oel23-010.jpg,copertine/6a2aa12a-5917-4d2a-b80b-838020e82c52,dry-run,
6a3e57d4-d3b4-4f60-8ba8-ad271edcce39,oel65-sgiuseppe-05.jpg,copertine/6a3e57d4-d3b4-4f60-8ba8-ad271edcce39,dry-run,
6a3f13a6-3fc5-4218-87ce-b7e47274cd87,oel061-006A.jpg,copertine/6a3f13a6-3fc5-4218-87ce-b7e47274cd87,dry-run,
6a7ab425-c196-4f92-9678-7f1899dcad72,tobia-insieme-n.15-ombre-e-luci.png,copertine/6a7ab425-c196-4f92-9678-7f1899dcad72,dry-run,
6a90f2f8-3e78-48f7-92ad-4c38585c4984,Logo-Comunicane.jpg,copertine/6a90f2f8-3e78-48f7-92ad-4c38585c4984,dry-run,
6a91d3a5-c3f2-4211-bf33-94c7a3ca3710,Museo-Benozzo-Gozzoli-di-Castelfiorentino-Firenze.jpg,copertine/6a91d3a5-c3f2-4211-bf33-94c7a3ca3710,dry-run,
6a99f528-345e-4ed7-a5b5-5815447ce803,Mariangela-pellegrinaggio-rOma-Ombre-e-Luci-n.128-2014.webp,copertine/6a99f528-345e-4ed7-a5b5-5815447ce803,dry-run,
6ab5c9ec-54a1-4e2f-a717-d560c3193150,oel20-025.jpg,copertine/6ab5c9ec-54a1-4e2f-a717-d560c3193150,dry-run,
6abbdce2-cc44-4692-89a2-0a68ed18de7c,oel24-005.jpg,copertine/6abbdce2-cc44-4692-89a2-0a68ed18de7c,dry-run,
6acbf11f-b2ec-45d7-ac79-11d529b82883,Festival-Diritti-umani-LOW.jpg,copertine/6acbf11f-b2ec-45d7-ac79-11d529b82883,dry-run,
6ace6b34-d221-4268-9f7b-b18823e2c984,oel14-gallery-028.jpg,copertine/6ace6b34-d221-4268-9f7b-b18823e2c984,dry-run,
6ade5569-07e6-4a86-8549-738aa2db51f4,Jillian-divina.jpg,copertine/6ade5569-07e6-4a86-8549-738aa2db51f4,dry-run,
6aea56b9-21d4-4846-aba6-3b12afb5a40e,Legoismo-e-finito-Recensione-Ombre-e-Luci-n.-122-2013.webp,copertine/6aea56b9-21d4-4846-aba6-3b12afb5a40e,dry-run,
6b14b783-f595-4c92-be7d-10b5388554bc,oel65-0005.jpg,copertine/6b14b783-f595-4c92-be7d-10b5388554bc,dry-run,
6b1cbd6b-e915-4f97-851e-54d01625b12c,oel066-019.jpg,copertine/6b1cbd6b-e915-4f97-851e-54d01625b12c,dry-run,
6b1cbdf8-1198-44cb-aa5f-fbe5d48b572d,La-straniera.jpg,copertine/6b1cbdf8-1198-44cb-aa5f-fbe5d48b572d,dry-run,
6b33c5d5-99ba-4d72-b7f4-c2aa088dd951,23-1-Ombre-e-Luci-n.98-2007-1.webp,copertine/6b33c5d5-99ba-4d72-b7f4-c2aa088dd951,dry-run,
6b7b12cb-dddb-4bda-bcf1-fa994b46d287,dialogo-aperto-archivio.jpg,copertine/6b7b12cb-dddb-4bda-bcf1-fa994b46d287,dry-run,
6b877f53-974d-4698-b1c7-68dc534e02fc,Oltre-il-limite-Ombre-e-Luci-n.134-2016.webp,copertine/6b877f53-974d-4698-b1c7-68dc534e02fc,dry-run,
6b8b529f-00a8-4438-b028-eb9c355e39f0,Benedetta-dentista.jpeg,copertine/6b8b529f-00a8-4438-b028-eb9c355e39f0,dry-run,
6b930955-be0d-4899-a3bf-44a015b4c202,17.jpg,copertine/6b930955-be0d-4899-a3bf-44a015b4c202,dry-run,
6ba35f4c-bee5-4b89-9600-27238e126a3a,oel055-018.jpg,copertine/6ba35f4c-bee5-4b89-9600-27238e126a3a,dry-run,
6ba6be81-1d91-4e07-975b-1b9d62703d4e,lourdes-2-1.jpg,copertine/6ba6be81-1d91-4e07-975b-1b9d62703d4e,dry-run,
6bb2518f-a2de-4182-9fb1-0fd8ee1fdf59,Piccola-marcia.jpg,copertine/6bb2518f-a2de-4182-9fb1-0fd8ee1fdf59,dry-run,
6bbc28fb-d179-41e7-a8aa-5d05c5ab3144,oel061-003.jpg,copertine/6bbc28fb-d179-41e7-a8aa-5d05c5ab3144,dry-run,
6be2a1bc-d67f-49d1-841d-b3dde43c22c0,ex-mattatoio-riccione.jpg,copertine/6be2a1bc-d67f-49d1-841d-b3dde43c22c0,dry-run,
6be54473-c279-42a5-ab3c-b54a999655b6,WhatsApp-Image-2024-04-19-at-13.06.16-min.jpeg,copertine/6be54473-c279-42a5-ab3c-b54a999655b6,dry-run,
6becde37-ab45-49b6-9bb6-56d96d7c3067,oel65-0004.jpg,copertine/6becde37-ab45-49b6-9bb6-56d96d7c3067,dry-run,
6c01684b-8aec-476b-ad76-cbe57dd4aa8a,libri-169.jpg,copertine/6c01684b-8aec-476b-ad76-cbe57dd4aa8a,dry-run,
6c183b09-19bb-4502-ac4f-930a6882b309,Tutta-la-luce-che-non-vediamo-su-Netflix-la-miniserie-tratta-dal-libro-di-Anthony-Doerr4-scaled-1.jpg,copertine/6c183b09-19bb-4502-ac4f-930a6882b309,dry-run,
6c1a94d8-3065-46cc-90e6-56f4efa5b5e4,Viaggio-Italia-cover.jpg,copertine/6c1a94d8-3065-46cc-90e6-56f4efa5b5e4,dry-run,
6c362478-4b32-4567-b647-55825e96c8cb,Cinema.jpg,copertine/6c362478-4b32-4567-b647-55825e96c8cb,dry-run,
6c5eeadb-eba9-4774-b39f-1bc5c6e1302a,Oel-85-8.jpg,copertine/6c5eeadb-eba9-4774-b39f-1bc5c6e1302a,dry-run,
6c649547-74aa-4a52-9a58-0dbb43c6783e,oel033-018.jpg,copertine/6c649547-74aa-4a52-9a58-0dbb43c6783e,dry-run,
6c66bc4c-4f9f-4259-b141-6b1a21f873af,oel071-019.jpg,copertine/6c66bc4c-4f9f-4259-b141-6b1a21f873af,dry-run,
6c6fbf7e-fe35-4b1e-99ee-2c77218dc1b5,Copertina-161-ok.jpg,copertine/6c6fbf7e-fe35-4b1e-99ee-2c77218dc1b5,dry-run,
6c761f59-d626-41be-bf2a-02051765f49a,Segregazione-titolo.jpg,copertine/6c761f59-d626-41be-bf2a-02051765f49a,dry-run,
6c764856-46f4-4a80-9f1a-549b1bf71281,Valgo-anche-io-esclusione-Ombre-e-Luci-n.136-2016.webp,copertine/6c764856-46f4-4a80-9f1a-549b1bf71281,dry-run,
6c8132c8-c18a-438e-9c30-a828a6463e7b,oel23-002.jpg,copertine/6c8132c8-c18a-438e-9c30-a828a6463e7b,dry-run,
6caf0c4d-f426-4b7a-a89a-976ca28afdbf,25-anni-del-carro-il-senso-della-festa-Ombre-e-Luci-n.130-2015-1.webp,copertine/6caf0c4d-f426-4b7a-a89a-976ca28afdbf,dry-run,
6cc05961-2774-44af-aed7-c363bf5838fe,022-Zio-Giorgio-Ombre-e-Luci-n.74-2001.jpg,copertine/6cc05961-2774-44af-aed7-c363bf5838fe,dry-run,
6cc2ae85-be11-4579-91e4-779722a59ea3,province.jpg,copertine/6cc2ae85-be11-4579-91e4-779722a59ea3,dry-run,
6cc5210a-6f10-468d-b0f2-55cbb4558707,dialogo-aperto.jpg,copertine/6cc5210a-6f10-468d-b0f2-55cbb4558707,dry-run,
6cd05d16-af8c-4b99-b385-0a8dff038e0b,0-3.jpg,copertine/6cd05d16-af8c-4b99-b385-0a8dff038e0b,dry-run,
6cd9bc8f-086d-437e-bb36-32b26eb3f1cf,27.jpg,copertine/6cd9bc8f-086d-437e-bb36-32b26eb3f1cf,dry-run,
6ced66d8-d393-4f6c-ad7b-9f30ed921a2a,oel-76-02.jpg,copertine/6ced66d8-d393-4f6c-ad7b-9f30ed921a2a,dry-run,
6cf5f612-7098-40f4-ab2c-c542b0c52a37,Benedetta.jpg,copertine/6cf5f612-7098-40f4-ab2c-c542b0c52a37,dry-run,
6d356b2f-147f-45bf-893f-59679e6e0eb6,Mariangela-Paolo-in-cammino-Ombre-e-Luci-n.128-2014.webp,copertine/6d356b2f-147f-45bf-893f-59679e6e0eb6,dry-run,
6d858b5a-bd5e-4aaf-b1ef-ba912bdaf78c,A-second-Life.jpg,copertine/6d858b5a-bd5e-4aaf-b1ef-ba912bdaf78c,dry-run,
6d931e56-9d21-4028-9191-6f0c08e8d5c5,oel071-021.jpg,copertine/6d931e56-9d21-4028-9191-6f0c08e8d5c5,dry-run,
6da5de4f-226b-46ee-b368-ce5ebaadd73d,Basaglia-02.jpg,copertine/6da5de4f-226b-46ee-b368-ce5ebaadd73d,dry-run,
6dbc9f83-fb83-447d-8cc3-c4cd202365d5,Lettere-alla-madre-Rainer-Maria-Rilke-Recensione-libro-Ombre-e-Luci-n.74-2001.jpg,copertine/6dbc9f83-fb83-447d-8cc3-c4cd202365d5,dry-run,
6dc0c552-f895-4f27-b99b-0e69671a9de3,Due-capitane-Ombre-e-Luci-n.142-2018.webp,copertine/6dc0c552-f895-4f27-b99b-0e69671a9de3,dry-run,
6dc474fc-4146-4e8c-a5af-77e858e07b43,one-more-jump.jpg,copertine/6dc474fc-4146-4e8c-a5af-77e858e07b43,dry-run,
6dcabe04-e1de-4827-8269-59cfbd914037,oel044-013.jpg,copertine/6dcabe04-e1de-4827-8269-59cfbd914037,dry-run,
6dcd13f5-d2f1-4c1c-903f-85e3bf4d40b4,Gli-scartagonisti-Ombre-e-Luci-n.138-2017.webp,copertine/6dcd13f5-d2f1-4c1c-903f-85e3bf4d40b4,dry-run,
6de53995-4c2c-4fa9-a7de-1204ea089b4e,Antonietta-min.jpg,copertine/6de53995-4c2c-4fa9-a7de-1204ea089b4e,dry-run,
6df2be93-2ec7-46fd-86b4-faaa68e5c42c,oel026-009.jpg,copertine/6df2be93-2ec7-46fd-86b4-faaa68e5c42c,dry-run,
6e21254f-b267-45ff-9565-019af43436e0,che-fanfara.jpg,copertine/6e21254f-b267-45ff-9565-019af43436e0,dry-run,
6e32464e-17e5-435b-8692-a8ac4251101d,oel028-005C.jpg,copertine/6e32464e-17e5-435b-8692-a8ac4251101d,dry-run,
6e3ac663-11d6-4d87-8a70-cf9ed229d14f,oel027-014.jpg,copertine/6e3ac663-11d6-4d87-8a70-cf9ed229d14f,dry-run,
6e52d665-eeb0-4259-a72f-c4e455cb8428,WhatsApp-Image-2023-08-24-at-11.20.57-min.jpeg,copertine/6e52d665-eeb0-4259-a72f-c4e455cb8428,dry-run,
6e5ca16e-62b1-4a87-82e4-74909c16d02f,libri-vecchi.jpg,copertine/6e5ca16e-62b1-4a87-82e4-74909c16d02f,dry-run,
6e5d6da7-b121-44f9-bdac-e4052ce0ff0b,giovanni-grossi-2.jpg,copertine/6e5d6da7-b121-44f9-bdac-e4052ce0ff0b,dry-run,
6e67eee0-1369-4029-9b94-1095a4a4c023,dialogo-aperto-archivio.jpg,copertine/6e67eee0-1369-4029-9b94-1095a4a4c023,dry-run,
6e748e56-a0b7-45fd-95f8-1e117afcb059,film-riera.jpg,copertine/6e748e56-a0b7-45fd-95f8-1e117afcb059,dry-run,
6e7cc58e-78c6-44f8-9a3d-9862c1720a58,Quella-vera-fattura-da-pagare.webp,copertine/6e7cc58e-78c6-44f8-9a3d-9862c1720a58,dry-run,
6ea9b85b-44d3-4642-87b1-c9d2247486bd,sophie-lutz-philippine-Ombre-e-Luci-n.140-2018.webp,copertine/6ea9b85b-44d3-4642-87b1-c9d2247486bd,dry-run,
6ebec1a8-e356-4a6c-b4dd-4c7ae073f229,piu-forti-di-loro.jpg,copertine/6ebec1a8-e356-4a6c-b4dd-4c7ae073f229,dry-run,
6ec49e64-f78a-4a08-888f-9a23b769aa78,Di-padre-in-figlio-Recensione-Ombre-e-Luci-n.-127-2014.webp,copertine/6ec49e64-f78a-4a08-888f-9a23b769aa78,dry-run,
6ee1adf0-dea5-468b-9c9d-c131fb5ed795,davide-autista.jpg,copertine/6ee1adf0-dea5-468b-9c9d-c131fb5ed795,dry-run,
6ee6d009-bbcc-4276-b894-6461d24a6fc7,Sun-Children-2020.jpg,copertine/6ee6d009-bbcc-4276-b894-6461d24a6fc7,dry-run,
6efa46f3-1102-445c-96ee-df2ed26cd67f,oel062-007.jpg,copertine/6efa46f3-1102-445c-96ee-df2ed26cd67f,dry-run,
6f20ef6a-e490-4f3f-9442-c8cad4441b01,Laura-Coccia.jpg,copertine/6f20ef6a-e490-4f3f-9442-c8cad4441b01,dry-run,
6f432496-86d6-464b-be8a-65c4f1d4868e,Ecole-des-philosophes.jpg,copertine/6f432496-86d6-464b-be8a-65c4f1d4868e,dry-run,
6f58e8e6-0d65-47f8-b0ac-e5ef8e03617e,oel063-001.jpg,copertine/6f58e8e6-0d65-47f8-b0ac-e5ef8e03617e,dry-run,
6f70644f-c985-4834-89d7-1960da2fcf57,Vedere-Oltre-Recensione-Ombre-e-Luci-n.136-2016.webp,copertine/6f70644f-c985-4834-89d7-1960da2fcf57,dry-run,
6f83a4d8-8ae4-416b-82eb-bf92ada04070,oel7014-scuola7.jpg,copertine/6f83a4d8-8ae4-416b-82eb-bf92ada04070,dry-run,
6f8583dc-dcb2-4d9c-867c-9b7ea4515c0f,oel16-012.jpg,copertine/6f8583dc-dcb2-4d9c-867c-9b7ea4515c0f,dry-run,
6f92a188-7c6a-43f1-9e35-3ff6fa5b7479,le-chiavi-di-casa-6.webp,copertine/6f92a188-7c6a-43f1-9e35-3ff6fa5b7479,dry-run,
6f9645fb-5439-4d1a-a439-fc89b84a02de,Rifugiati-Ombre-e-Luci-n.138-2017.webp,copertine/6f9645fb-5439-4d1a-a439-fc89b84a02de,dry-run,
6fb1546d-5a16-44f8-8e90-c3224e930a48,don-luigi.jpg,copertine/6fb1546d-5a16-44f8-8e90-c3224e930a48,dry-run,
7007c04e-82c9-4312-a87d-fbdb8cced1c8,Storia-di-un-uomo-recensione-Ombre-e-Luci-n.115-2011.webp,copertine/7007c04e-82c9-4312-a87d-fbdb8cced1c8,dry-run,
7026b62b-10e5-4f0c-9540-24088b99bf32,Cervelli-ribelli-Ombre-e-Luci-n.141-2018.webp,copertine/7026b62b-10e5-4f0c-9540-24088b99bf32,dry-run,
7028739c-138c-477e-a3af-6448a22d2314,dialogo-aperto-archivio.jpg,copertine/7028739c-138c-477e-a3af-6448a22d2314,dry-run,
70381638-8a13-4def-954c-a6643d46bec1,giovanni-grossi-2.jpg,copertine/70381638-8a13-4def-954c-a6643d46bec1,dry-run,
704e7e44-5def-4859-9f91-89ad06a1605a,Cristo-e-i-bambini-–-Carl-Bloch-XIX-sec.-dettaglio.webp,copertine/704e7e44-5def-4859-9f91-89ad06a1605a,dry-run,
7057473f-c7c2-4816-8043-7f0cd51e23fa,libri-vecchi.jpg,copertine/7057473f-c7c2-4816-8043-7f0cd51e23fa,dry-run,
7085d4b4-8c18-449b-bc98-39c288294a08,29B-Ombre-e-Luci-n.97-2007.jpg,copertine/7085d4b4-8c18-449b-bc98-39c288294a08,dry-run,
708ec4c7-b88e-4ee9-8012-4c173d1ff575,cover-newsletter-08.jpg,copertine/708ec4c7-b88e-4ee9-8012-4c173d1ff575,dry-run,
709d9e97-21a2-4bab-84bb-f1f929bb30d3,dialogo-aperto-archivio.jpg,copertine/709d9e97-21a2-4bab-84bb-f1f929bb30d3,dry-run,
70c5a0c3-1f2c-4cb5-a470-d658ed3b92cb,oel054-020.jpg,copertine/70c5a0c3-1f2c-4cb5-a470-d658ed3b92cb,dry-run,
70d0f590-47d2-424d-bf5c-d01eef89aad3,oel047-007.jpg,copertine/70d0f590-47d2-424d-bf5c-d01eef89aad3,dry-run,
70d69ac6-9caf-44b0-a8ae-4df510664674,libri-vecchi.jpg,copertine/70d69ac6-9caf-44b0-a8ae-4df510664674,dry-run,
71123aa8-3011-4073-960f-69b582f97dd4,Agliano1.jpg,copertine/71123aa8-3011-4073-960f-69b582f97dd4,dry-run,
7123a83a-48dd-4bed-9179-1959b7df6586,oel030-005.jpg,copertine/7123a83a-48dd-4bed-9179-1959b7df6586,dry-run,
71527cd1-5d66-4432-a159-7081d8000493,Geni-Asperger-Ombre-e-Luci-n.137-2017.webp,copertine/71527cd1-5d66-4432-a159-7081d8000493,dry-run,
7157f516-ad97-4eca-9215-c3179c65cf08,Giovanni.jpg,copertine/7157f516-ad97-4eca-9215-c3179c65cf08,dry-run,
715d5c66-cdf9-4345-96b6-d449bedae175,oel044-025.jpg,copertine/715d5c66-cdf9-4345-96b6-d449bedae175,dry-run,
71667a95-0357-477b-b937-d1fef066d08a,convegno-agesci-Ombre-e-Luci-n.143-2018.webp,copertine/71667a95-0357-477b-b937-d1fef066d08a,dry-run,
717129f7-04ca-46ff-ae2c-eff350785a57,Liniziazione-cristiana-alle-persone-disabili-Orientamenti-e-proposte-Ombre-e-Luci-n.92-2005.webp,copertine/717129f7-04ca-46ff-ae2c-eff350785a57,dry-run,
71be280c-e810-4457-a853-2a1df1866e1d,Logo-Comunicane.jpg,copertine/71be280c-e810-4457-a853-2a1df1866e1d,dry-run,
71c6d9f4-644d-4c4f-93ae-b8fbf73b6ed9,LIBRI-Taccuino-di-un-allegro-ubriacone.jpg,copertine/71c6d9f4-644d-4c4f-93ae-b8fbf73b6ed9,dry-run,
72018adb-dbd7-4008-873e-78da07e9340f,Copertina_OeL_170_2025_16_9.webp,copertine/72018adb-dbd7-4008-873e-78da07e9340f,dry-run,
721fbbe0-de3b-4b9b-a206-f689dd96b151,oel051-012.jpg,copertine/721fbbe0-de3b-4b9b-a206-f689dd96b151,dry-run,
7221c4f4-0d79-4b19-b6d3-5eb02e8fe7d3,Il-tempo-delle-donne-recensione-Ombre-e-Luci-n.115-2011.webp,copertine/7221c4f4-0d79-4b19-b6d3-5eb02e8fe7d3,dry-run,
722b359c-39dd-4e45-bbb9-42e82177dc6b,libri3.jpg,copertine/722b359c-39dd-4e45-bbb9-42e82177dc6b,dry-run,
72677a1e-3c8f-4503-b252-353ae3282401,6B-Ombre-e-Luci-n.97-2007.jpg,copertine/72677a1e-3c8f-4503-b252-353ae3282401,dry-run,
72689022-56b1-438a-a129-faea37618b0b,Lavanda-dei-Piedi-Giotto-2.jpg,copertine/72689022-56b1-438a-a129-faea37618b0b,dry-run,
726ec3ee-dff9-42ff-bd34-3c481b07edb6,Benedetta.jpg,copertine/726ec3ee-dff9-42ff-bd34-3c481b07edb6,dry-run,
7297ccc0-53dd-4157-acab-34f246217cc1,12-Ombre-e-Luci-n.93-2006.jpg,copertine/7297ccc0-53dd-4157-acab-34f246217cc1,dry-run,
72a41541-7403-443c-a1ee-362cce57763c,17.jpg,copertine/72a41541-7403-443c-a1ee-362cce57763c,dry-run,
72b2fa57-b27d-419d-9645-d52ffe49cae0,Gerber-baby.jpg,copertine/72b2fa57-b27d-419d-9645-d52ffe49cae0,dry-run,
72f602ef-25d4-4609-9306-5738ee1bb33c,Prima-che-disabili-Recensione-Ombre-e-Luci-n.123-2013.webp,copertine/72f602ef-25d4-4609-9306-5738ee1bb33c,dry-run,
731d0a68-38a1-4c1a-b041-9bdc80369b4f,Anna-che-sorride-alla-pioggia-Ombre-e-Luci-n.140-2018.webp,copertine/731d0a68-38a1-4c1a-b041-9bdc80369b4f,dry-run,
7321be1b-dea9-4468-a042-18aa23dc77b7,Catapano-Pompei.jpg,copertine/7321be1b-dea9-4468-a042-18aa23dc77b7,dry-run,
7322ed2b-ab8e-4dd1-8b98-2693b8cb96b6,oel_recensioni_Intelligences_captives01.jpg,copertine/7322ed2b-ab8e-4dd1-8b98-2693b8cb96b6,dry-run,
734efa59-05f8-49e9-8428-da6a2e360549,fratello_da_nascondere.jpg,copertine/734efa59-05f8-49e9-8428-da6a2e360549,dry-run,
737160d0-2424-45b0-bb76-a1f8d7716448,Fratelli-e-sorelle-Ombre-e-Luci-n.-122-2013.webp,copertine/737160d0-2424-45b0-bb76-a1f8d7716448,dry-run,
737cddf2-e7cf-4737-b17c-185c01882492,libri-vecchi.jpg,copertine/737cddf2-e7cf-4737-b17c-185c01882492,dry-run,
73829f70-42d2-47f6-a404-fa54521be21b,progetto-sud-small.jpg,copertine/73829f70-42d2-47f6-a404-fa54521be21b,dry-run,
73ac1f48-d95a-4b61-81af-127238774971,agendo-agenda-convegno.webp,copertine/73ac1f48-d95a-4b61-81af-127238774971,dry-run,
73b5274b-5427-4a2b-b262-292f41d82dc4,oel041-017.jpg,copertine/73b5274b-5427-4a2b-b262-292f41d82dc4,dry-run,
73ca6eea-ca89-4dd3-b480-0b020b77e663,sander-crombach-B5a_mgBLBX8-unsplash.webp,copertine/73ca6eea-ca89-4dd3-b480-0b020b77e663,dry-run,
73fb6612-eae8-4fa6-800a-0d31cf3fb587,Copertina_OeL_171_2025.webp,copertine/73fb6612-eae8-4fa6-800a-0d31cf3fb587,dry-run,
7408f32e-09c9-479c-ab9c-afdff98931be,la_piccola_amelie.jpg,copertine/7408f32e-09c9-479c-ab9c-afdff98931be,dry-run,
742547f8-e0d5-4a25-a31b-326c49d15fc6,oel026-005.jpg,copertine/742547f8-e0d5-4a25-a31b-326c49d15fc6,dry-run,
7443324c-c314-4d4d-9858-ed66cedabefb,oel028-025.jpg,copertine/7443324c-c314-4d4d-9858-ed66cedabefb,dry-run,
7453bf46-b167-48b1-aca4-1d1dd9626ae8,Marie-la-strabica-cover.jpg,copertine/7453bf46-b167-48b1-aca4-1d1dd9626ae8,dry-run,
7456a86c-8e4b-4ba7-a41d-bed580324e49,Don-Guanella-Ombre-e-Luci-n.133-2016.webp,copertine/7456a86c-8e4b-4ba7-a41d-bed580324e49,dry-run,
74646441-a6a3-40f1-9941-c1bface6de45,Locarno-film-festival.jpg,copertine/74646441-a6a3-40f1-9941-c1bface6de45,dry-run,
7464ede1-bd0c-4752-abbd-506b7d19516d,oel060-007.jpg,copertine/7464ede1-bd0c-4752-abbd-506b7d19516d,dry-run,
748d7841-42a5-48c5-882a-45359555bd54,oel055-009.jpg,copertine/748d7841-42a5-48c5-882a-45359555bd54,dry-run,
74b08680-c8cc-4041-8435-69cbd43d690c,cover-emanuele-rauco-cinema-e-disabilita-Ombre-e-Luci.jpg,copertine/74b08680-c8cc-4041-8435-69cbd43d690c,dry-run,
74c34a4a-2a78-47fc-91b4-23a501a312ed,Keyke-mahboobe-man.jpeg,copertine/74c34a4a-2a78-47fc-91b4-23a501a312ed,dry-run,
7500573f-f01f-4801-b27c-6fbd9b0a35ee,29-1-Ombre-e-Luci-n.99-2007.webp,copertine/7500573f-f01f-4801-b27c-6fbd9b0a35ee,dry-run,
750192f7-1e6a-476b-9b83-bc8e6d10fc90,Giovanni.jpg,copertine/750192f7-1e6a-476b-9b83-bc8e6d10fc90,dry-run,
750f8b02-367c-47e6-a194-18bb59cfc701,12-1.jpg,copertine/750f8b02-367c-47e6-a194-18bb59cfc701,dry-run,
755a753c-260e-445b-846b-50de5349e00b,Algenga-sub.jpg,copertine/755a753c-260e-445b-846b-50de5349e00b,dry-run,
75775dc2-8214-43c7-8b26-4878702bf43f,oel18-010B.jpg,copertine/75775dc2-8214-43c7-8b26-4878702bf43f,dry-run,
7588aa9b-8a2e-407a-ad2f-bde5b64cc728,dialogo-aperto.jpg,copertine/7588aa9b-8a2e-407a-ad2f-bde5b64cc728,dry-run,
75983a80-8010-454d-919f-5079a1d1ee1f,Natale-OL-2019.jpg,copertine/75983a80-8010-454d-919f-5079a1d1ee1f,dry-run,
759a990f-cf1d-41f6-8b42-ec1bbff33e19,10a.jpg,copertine/759a990f-cf1d-41f6-8b42-ec1bbff33e19,dry-run,
75c4cead-3683-47e0-92a6-7d2c454d6c40,Calcio_Sociale.jpg,copertine/75c4cead-3683-47e0-92a6-7d2c454d6c40,dry-run,
75daeddf-8aac-461e-8dbb-dea1762eb090,libri-vecchi.jpg,copertine/75daeddf-8aac-461e-8dbb-dea1762eb090,dry-run,
75dd02d3-9d96-4730-8b29-e47c688a8228,23-Ombre-e-Luci-n.82-2003.jpg,copertine/75dd02d3-9d96-4730-8b29-e47c688a8228,dry-run,
75f36723-4334-4560-ae90-b33e2f710ed9,30.jpg,copertine/75f36723-4334-4560-ae90-b33e2f710ed9,dry-run,
75ff236f-1862-436f-9ccb-16f9ec2459af,oel068-028c-1.jpg,copertine/75ff236f-1862-436f-9ccb-16f9ec2459af,dry-run,
76215114-82ed-4ad2-a944-8e98cc03b9dd,oel16-010.jpg,copertine/76215114-82ed-4ad2-a944-8e98cc03b9dd,dry-run,
762c0834-db07-440f-a0d3-ad5ba6d7c57e,oel031-043.jpg,copertine/762c0834-db07-440f-a0d3-ad5ba6d7c57e,dry-run,
762c360f-6d0a-4640-8382-1ee63bbafdef,oel12-024.jpg,copertine/762c360f-6d0a-4640-8382-1ee63bbafdef,dry-run,
762c45ba-ee33-47a3-9b04-33f639469e50,Oaza.jpg,copertine/762c45ba-ee33-47a3-9b04-33f639469e50,dry-run,
765d7e77-3a17-446b-b6e8-113e7d746584,0.jpg,copertine/765d7e77-3a17-446b-b6e8-113e7d746584,dry-run,
7679e75a-2792-4b90-a4ea-4af86e80f349,17-2.jpg,copertine/7679e75a-2792-4b90-a4ea-4af86e80f349,dry-run,
767ef755-5483-44a6-b6bc-a3ae3f4cfa5b,telemaco-signorini-alzaia.jpg,copertine/767ef755-5483-44a6-b6bc-a3ae3f4cfa5b,dry-run,
7697382f-fd92-467d-a4f5-ec95f3093fc9,2.jpg,copertine/7697382f-fd92-467d-a4f5-ec95f3093fc9,dry-run,
76aef91a-bdde-4ae8-a2b4-f89541f4e347,Fiume-di-Pace-Ombre-e-Luci-n.134-2016.webp,copertine/76aef91a-bdde-4ae8-a2b4-f89541f4e347,dry-run,
76c8e254-f8f4-479a-8d5a-720c981a0c02,03_Diversi-cop.jpg,copertine/76c8e254-f8f4-479a-8d5a-720c981a0c02,dry-run,
76d185d6-ba8e-41a6-b4eb-76911c58561f,37-Ombre-e-Luci-n.82-2003.jpg,copertine/76d185d6-ba8e-41a6-b4eb-76911c58561f,dry-run,
76df76e0-7efc-44a7-a33a-4a4a639f3e7e,oel073-00A2.jpg,copertine/76df76e0-7efc-44a7-a33a-4a4a639f3e7e,dry-run,
76ea1ecf-a655-4bbf-bf01-8dca08982d9c,province.jpg,copertine/76ea1ecf-a655-4bbf-bf01-8dca08982d9c,dry-run,
76f45506-c1d3-41e1-96bc-78bdc348f263,Ndoto-Ya-Samira.jpg,copertine/76f45506-c1d3-41e1-96bc-78bdc348f263,dry-run,
76fdef31-8e86-4c9b-a199-5d987b0c870b,province.jpg,copertine/76fdef31-8e86-4c9b-a199-5d987b0c870b,dry-run,
7712a5f1-b493-4b16-a806-37c9bcb72805,Antonietta-SantEgidio.jpg,copertine/7712a5f1-b493-4b16-a806-37c9bcb72805,dry-run,
7713562d-dcbd-433b-8662-b8aa3bec148f,019-Ombre-e-Luci-n.75-2002.jpg,copertine/7713562d-dcbd-433b-8662-b8aa3bec148f,dry-run,
772a8049-a84b-46ea-82e1-dfd88886a378,sacramenti-01-2008.jpg,copertine/772a8049-a84b-46ea-82e1-dfd88886a378,dry-run,
77360b9f-06e6-4f7f-adf5-9b22cd789074,Pedagogia-dei-genitori-e-disabilità-Maria-Rita-Dal-Molin-e-Maria-Grazia-Bettale-Ombre-e-Luci-n.92-2005.webp,copertine/77360b9f-06e6-4f7f-adf5-9b22cd789074,dry-run,
77644e23-0741-4f84-ac21-72619f9e0c1d,dialogo-aperto-archivio.jpg,copertine/77644e23-0741-4f84-ac21-72619f9e0c1d,dry-run,
776ca1bd-ea40-4014-866b-094007432e37,lettere.jpg,copertine/776ca1bd-ea40-4014-866b-094007432e37,dry-run,
778ba940-d5cb-4acd-b925-cb9ca252c987,dialogo-aperto-archivio.jpg,copertine/778ba940-d5cb-4acd-b925-cb9ca252c987,dry-run,
7794aec8-8bf2-499f-a3af-980a34a3ce6e,oel24-026.jpg,copertine/7794aec8-8bf2-499f-a3af-980a34a3ce6e,dry-run,
77a30cde-8125-45a0-89ad-6dabd7bae880,Il-libro-di-Julian-A-Wondeer-Story-Recensione-Ombre-e-Luci-n.133-2016.webp,copertine/77a30cde-8125-45a0-89ad-6dabd7bae880,dry-run,
77a6ae52-9e73-46a7-9c6a-3c0d176450c4,Special-Olympics.jpg,copertine/77a6ae52-9e73-46a7-9c6a-3c0d176450c4,dry-run,
77ae9531-2af5-458c-850b-4323f1bef1b1,oel055-bivio.jpg,copertine/77ae9531-2af5-458c-850b-4323f1bef1b1,dry-run,
77b69387-3e98-4b68-964d-186b6307fbc4,Ivana-Matteo-Mattarella-intervista.jpg,copertine/77b69387-3e98-4b68-964d-186b6307fbc4,dry-run,
77c20be4-f795-43ed-af59-0db8b11d7578,pianeti-diversi2.jpg,copertine/77c20be4-f795-43ed-af59-0db8b11d7578,dry-run,
77c362f2-b806-4fdf-b29d-605916c15e12,oel048-013.jpg,copertine/77c362f2-b806-4fdf-b29d-605916c15e12,dry-run,
784db1d2-dace-461c-b045-afc625c52225,Io-sono-con-te-Recensione-Ombre-e-Luci-n.136-2016.webp,copertine/784db1d2-dace-461c-b045-afc625c52225,dry-run,
784db910-1fe7-431d-8b60-8b82ce57e380,oel11-007.jpg,copertine/784db910-1fe7-431d-8b60-8b82ce57e380,dry-run,
784e5c81-5320-4e6c-bdc7-27e51029291f,emeric-1.jpg,copertine/784e5c81-5320-4e6c-bdc7-27e51029291f,dry-run,
78521b4c-e1ab-4b74-aba6-19067a858bcb,025-Sto-invecchiando-Ombre-e-Luci-n.74-2001.jpg,copertine/78521b4c-e1ab-4b74-aba6-19067a858bcb,dry-run,
787e2a22-f52c-4c6f-b035-2e225ab19af8,Ragazze-Capo-Verde.jpg,copertine/787e2a22-f52c-4c6f-b035-2e225ab19af8,dry-run,
78a8279c-fd60-41a5-9cfa-0e2d6b07fb41,libri-vecchi.jpg,copertine/78a8279c-fd60-41a5-9cfa-0e2d6b07fb41,dry-run,
78b8e479-ee24-444f-8fc1-8c531a7b4076,Efrem-casa-di-campagna-3.jpg,copertine/78b8e479-ee24-444f-8fc1-8c531a7b4076,dry-run,
7954fbf8-5668-49f6-a3b7-f316166aedeb,Lyns-House.jpg,copertine/7954fbf8-5668-49f6-a3b7-f316166aedeb,dry-run,
7972cf6c-7862-4ed5-a131-0f6f5ea00596,oel10016.jpg,copertine/7972cf6c-7862-4ed5-a131-0f6f5ea00596,dry-run,
797557da-a958-46dd-9432-221d763bd2d8,dialogo-aperto.jpg,copertine/797557da-a958-46dd-9432-221d763bd2d8,dry-run,
797c5cba-67fb-4460-af8d-1b0d05d79702,LIBRO_Carminati.jpg,copertine/797c5cba-67fb-4460-af8d-1b0d05d79702,dry-run,
797d4284-eebd-410d-a9eb-f9b2e60d61cd,oel026-025-3.jpg,copertine/797d4284-eebd-410d-a9eb-f9b2e60d61cd,dry-run,
79b1b1f9-70a0-41cf-b9ae-5c232971562e,oel063-madreteresa-12.jpg,copertine/79b1b1f9-70a0-41cf-b9ae-5c232971562e,dry-run,
79b4cbda-d67d-48f0-b839-3fd3d5239291,dialogo-aperto.jpg,copertine/79b4cbda-d67d-48f0-b839-3fd3d5239291,dry-run,
79d85c38-b39c-47b4-abbb-1981dfea0821,jean.webp,copertine/79d85c38-b39c-47b4-abbb-1981dfea0821,dry-run,
79db9a95-affb-4378-bd40-62fa85c345a0,mattarella-teaser.jpg,copertine/79db9a95-affb-4378-bd40-62fa85c345a0,dry-run,
7a3f820f-4671-4e85-b784-9050b789d7bd,Giovanni.jpg,copertine/7a3f820f-4671-4e85-b784-9050b789d7bd,dry-run,
7a418c91-ee53-4133-a58f-2d14d6227aa6,oel031-022.jpg,copertine/7a418c91-ee53-4133-a58f-2d14d6227aa6,dry-run,
7a424b50-55c1-4050-8c8f-c5408824dd65,12-2.jpg,copertine/7a424b50-55c1-4050-8c8f-c5408824dd65,dry-run,
7a6227ec-2acf-4fea-bfd2-ea7d99e3e802,oel045-006.jpg,copertine/7a6227ec-2acf-4fea-bfd2-ea7d99e3e802,dry-run,
7a68ab56-5d24-4b30-a0de-90fb609ea774,madre-pantanella.jpg,copertine/7a68ab56-5d24-4b30-a0de-90fb609ea774,dry-run,
7aab529e-e0dc-43a5-b21c-4abdbe21c69b,Il-Kinnor-Corso-per-disabili-mentali.jpg,copertine/7aab529e-e0dc-43a5-b21c-4abdbe21c69b,dry-run,
7ab94c75-82ef-4198-a27d-3432cb5ae5e9,Mariangela-Ombre-e-Luci-n.128-2014.webp,copertine/7ab94c75-82ef-4198-a27d-3432cb5ae5e9,dry-run,
7ad56e88-5405-4a88-b0c7-e51599297970,dialogo-aperto.jpg,copertine/7ad56e88-5405-4a88-b0c7-e51599297970,dry-run,
7b23cc5b-d9c5-42b2-870a-738d81ea07fd,Per-sempre-Susanna-Tamaro-recensione-Ombre-e-Luci-n.-115-.webp,copertine/7b23cc5b-d9c5-42b2-870a-738d81ea07fd,dry-run,
7b38c3be-16f2-4967-a631-37b4071afd9b,Roberto-lavora-in-una-mensa-self-service.jpg,copertine/7b38c3be-16f2-4967-a631-37b4071afd9b,dry-run,
7b6951ab-eff1-41ee-9526-a9cfc9affda3,Adozione.jpg,copertine/7b6951ab-eff1-41ee-9526-a9cfc9affda3,dry-run,
7b6fec5f-6cc9-408b-bdf2-876d5859dcdf,83-30-Ombre-e-Luci-n.83-2833.jpg,copertine/7b6fec5f-6cc9-408b-bdf2-876d5859dcdf,dry-run,
7bc68a96-bc71-4563-bf44-93511aad5ba0,oel068-009.jpg,copertine/7bc68a96-bc71-4563-bf44-93511aad5ba0,dry-run,
7bd441e6-7365-418c-af59-1a757ed7a03e,Como-ser-pehuen-pedre.png,copertine/7bd441e6-7365-418c-af59-1a757ed7a03e,dry-run,
7bf51ec2-af2e-44a1-9775-ee7951c78496,insieme-8-1976-incontrarsi-il-venerdi.webp,copertine/7bf51ec2-af2e-44a1-9775-ee7951c78496,dry-run,
7c132396-d2e8-41fb-814f-57a47cee5993,83-20-Ombre-e-Luci-n.83-2833.jpg,copertine/7c132396-d2e8-41fb-814f-57a47cee5993,dry-run,
7c45e211-f3b5-4504-b290-43ce53a0f696,Il-respiro-leggero-dellalba-Ombre-e-Luci-n.126-2014.webp,copertine/7c45e211-f3b5-4504-b290-43ce53a0f696,dry-run,
7c49d301-4a41-40b0-bbcc-1cbfbe2b2007,dopo-di-noi-tramonto.jpg,copertine/7c49d301-4a41-40b0-bbcc-1cbfbe2b2007,dry-run,
7c50f6e1-95fe-4d26-900f-377f0bbb6a10,Alza-lo-sguardo-Ombre-e-Luci-n.129-2015.webp,copertine/7c50f6e1-95fe-4d26-900f-377f0bbb6a10,dry-run,
7c83fca3-54bf-4c75-b6e8-b613855665e5,OL-Incontra-Filippo-cop.jpg,copertine/7c83fca3-54bf-4c75-b6e8-b613855665e5,dry-run,
7c86b008-0999-4786-a769-eebc3c7392c2,libri-vecchi.jpg,copertine/7c86b008-0999-4786-a769-eebc3c7392c2,dry-run,
7c86dff4-c8e0-4573-a60d-7243aca92524,Vacanza-tempo-di-riposo.jpg,copertine/7c86dff4-c8e0-4573-a60d-7243aca92524,dry-run,
7c9ba782-79ae-4401-b3f6-0b0c43533a92,oel11-024.jpg,copertine/7c9ba782-79ae-4401-b3f6-0b0c43533a92,dry-run,
7ca4f637-f4c6-497e-ab80-1e32526c0fbd,Lettere-Jean-Vanier.jpg,copertine/7ca4f637-f4c6-497e-ab80-1e32526c0fbd,dry-run,
7cd9ae54-2f96-4f54-8354-0e0147d18532,12-Ombre-e-Luci-n.82-2003.jpg,copertine/7cd9ae54-2f96-4f54-8354-0e0147d18532,dry-run,
7cdf0ff1-98eb-46ef-8185-df4505fc5631,alfedena-campi-fede-e-luce-anni-70-Ombre-e-Luci.webp,copertine/7cdf0ff1-98eb-46ef-8185-df4505fc5631,dry-run,
7d66a146-f078-48b8-af0e-4245b0125ecb,LIBRO_Simons.jpg,copertine/7d66a146-f078-48b8-af0e-4245b0125ecb,dry-run,
7d724a8c-2ee3-4b36-a39a-099858f56c12,oel059-018.jpg,copertine/7d724a8c-2ee3-4b36-a39a-099858f56c12,dry-run,
7d9d9a78-7fd3-4b63-969d-f8f44fccbf9c,dialogo-aperto.jpg,copertine/7d9d9a78-7fd3-4b63-969d-f8f44fccbf9c,dry-run,
7dae1c09-3f31-421c-90a0-76d8951355d2,la-piu-bella-libro-cop.jpg,copertine/7dae1c09-3f31-421c-90a0-76d8951355d2,dry-run,
7dd15b8f-7c35-413e-999e-bfd4b90dbfdf,Athletica-Vaticana.jpg,copertine/7dd15b8f-7c35-413e-999e-bfd4b90dbfdf,dry-run,
7e1891b4-960f-45fa-a0b1-6630bbdd0dfa,29-5-Ombre-e-Luci-n.98-2007-1.webp,copertine/7e1891b4-960f-45fa-a0b1-6630bbdd0dfa,dry-run,
7e273c67-0225-4aab-bf3a-b919051c6899,2.jpg,copertine/7e273c67-0225-4aab-bf3a-b919051c6899,dry-run,
7e2ce156-cfbe-4cb0-9605-134fbc1dbe78,Werferl-bernadette-recensione-Ombre-e-Luci-177-2012.webp,copertine/7e2ce156-cfbe-4cb0-9605-134fbc1dbe78,dry-run,
7e5bbacb-f23a-494a-a517-722dc10e0532,oel047-011.jpg,copertine/7e5bbacb-f23a-494a-a517-722dc10e0532,dry-run,
7e5fa0a1-41ec-4d57-a41f-e5df3b0126c4,Fede-e-Luce-Siria-2-.-Ombre-e-Luci-n.133-2016.webp,copertine/7e5fa0a1-41ec-4d57-a41f-e5df3b0126c4,dry-run,
7e788275-4ca1-43fc-b8f7-f83ececad56f,Antonietta-estate.jpg,copertine/7e788275-4ca1-43fc-b8f7-f83ececad56f,dry-run,
7e96f26b-f4ab-4233-a7dc-80aadce8ba1f,Associazione-La-Scintilla-Ombre-e-Luci-n.130-2015.webp,copertine/7e96f26b-f4ab-4233-a7dc-80aadce8ba1f,dry-run,
7eac30fa-701d-4aee-932b-0c1d4ab60880,oel052-021.jpg,copertine/7eac30fa-701d-4aee-932b-0c1d4ab60880,dry-run,
7eb75082-e72d-4e10-bd7e-47406ac1a61d,Cassetta.jpg,copertine/7eb75082-e72d-4e10-bd7e-47406ac1a61d,dry-run,
7eb79854-67d3-4329-8fe8-9cd10a3860f7,libri-vecchi.jpg,copertine/7eb79854-67d3-4329-8fe8-9cd10a3860f7,dry-run,
7ef44607-aa59-4d98-b2a4-11c9e99f1516,salve-sono-puccio-recensione-libro.jpg,copertine/7ef44607-aa59-4d98-b2a4-11c9e99f1516,dry-run,
7ef48140-2162-47ba-99d6-a387d8cc81c4,Loltre-tango.jpg,copertine/7ef48140-2162-47ba-99d6-a387d8cc81c4,dry-run,
7f071302-b88b-47be-8ad0-48f783716ba3,cover-federica-aliano-cinema-e-disabilita-Ombre-e-Luci.jpg,copertine/7f071302-b88b-47be-8ad0-48f783716ba3,dry-run,
7f0d0823-24fd-4da4-bbc1-f3c951c5d05a,oel028-008.jpg,copertine/7f0d0823-24fd-4da4-bbc1-f3c951c5d05a,dry-run,
7f191c8e-0d7d-4a71-a14a-81f5e1f59ad9,Empereur.jpg,copertine/7f191c8e-0d7d-4a71-a14a-81f5e1f59ad9,dry-run,
7f24249e-6729-4dff-91de-dd90eea01d6c,oel031-001.jpg,copertine/7f24249e-6729-4dff-91de-dd90eea01d6c,dry-run,
7f417ae2-a219-40b6-8e45-f400899c7cc9,Dove-crescono-i-cocomeri-cover.jpg,copertine/7f417ae2-a219-40b6-8e45-f400899c7cc9,dry-run,
7f442fd7-86b5-425a-abe7-dfcff9dac414,Stramonio-Ugo-Riccarelli-Copertina.jpg,copertine/7f442fd7-86b5-425a-abe7-dfcff9dac414,dry-run,
7f5a81ff-f94e-466b-b025-445972c5a3b4,Mariangela-con-compagne-di-scuola-Ombre-e-Luci-n.128-2014.webp,copertine/7f5a81ff-f94e-466b-b025-445972c5a3b4,dry-run,
7f5f1791-81fd-4453-a373-32772e665db2,oel041-005.jpg,copertine/7f5f1791-81fd-4453-a373-32772e665db2,dry-run,
7f653092-a427-48e4-9ba8-2450f28d1e33,cover-boris-adriano-ercolani-cinema-e-disabilita-Ombre-e-Luci.jpg,copertine/7f653092-a427-48e4-9ba8-2450f28d1e33,dry-run,
7f76b6ec-1202-4ba6-9f53-f0a19eb12efd,Loyola-visita-febbraio-2025-5.jpeg,copertine/7f76b6ec-1202-4ba6-9f53-f0a19eb12efd,dry-run,
7f880ec2-77f6-4ffd-941e-4002feb46478,oel057-014.jpg,copertine/7f880ec2-77f6-4ffd-941e-4002feb46478,dry-run,
7fd4a59d-bae8-4884-91d8-ea5d9e01bd64,oel053-007.jpg,copertine/7fd4a59d-bae8-4884-91d8-ea5d9e01bd64,dry-run,
7ff9052b-c6ff-4161-8bf6-0a1886bf91d7,Keaith-Salmon.jpg,copertine/7ff9052b-c6ff-4161-8bf6-0a1886bf91d7,dry-run,
800724e1-93eb-463f-8958-8a788a44bd0d,oel038-00A.jpg,copertine/800724e1-93eb-463f-8958-8a788a44bd0d,dry-run,
80362c7a-e09d-4408-87ee-6d91897329dd,Give-Me-Liberty-Lauren-small.jpg,copertine/80362c7a-e09d-4408-87ee-6d91897329dd,dry-run,
80430c01-c938-48e9-bbf0-b07053f65ad3,5.jpg,copertine/80430c01-c938-48e9-bbf0-b07053f65ad3,dry-run,
804759d3-2b6c-4484-bb1c-ebeb10a7ced2,dialogo-aperto-archivio.jpg,copertine/804759d3-2b6c-4484-bb1c-ebeb10a7ced2,dry-run,
80676a68-db43-4d73-914e-9e339b1e03fc,Neve-Milvia-2014.jpg,copertine/80676a68-db43-4d73-914e-9e339b1e03fc,dry-run,
80792e40-3969-4c4f-974b-3d911385635c,ViteStraordinarie-2.jpg,copertine/80792e40-3969-4c4f-974b-3d911385635c,dry-run,
80880ce0-4129-4256-a08f-480ca8b31f38,Cover-Panizza.jpg,copertine/80880ce0-4129-4256-a08f-480ca8b31f38,dry-run,
808b3236-8b27-4daa-9712-5db8fca8d9b9,Alice_Amedeo_Modigliani.jpg,copertine/808b3236-8b27-4daa-9712-5db8fca8d9b9,dry-run,
80a0316d-fe7d-447e-97f8-f42f0f68760c,Disabilita-e-educazione-Insieme-n.14-1977-Ombre-e-Luci.jpg,copertine/80a0316d-fe7d-447e-97f8-f42f0f68760c,dry-run,
80b72c6d-c279-4c98-a0d9-9dd16e29e1d6,10-Ombre-e-Luci-n.93-2006.jpg,copertine/80b72c6d-c279-4c98-a0d9-9dd16e29e1d6,dry-run,
80ffd1d8-f0c1-4a6e-96fc-7ec4b134bfda,Hong-Kong.jpg,copertine/80ffd1d8-f0c1-4a6e-96fc-7ec4b134bfda,dry-run,
81362129-ac0e-4f30-a2fd-be72d27fdbe0,oel16-016.jpg,copertine/81362129-ac0e-4f30-a2fd-be72d27fdbe0,dry-run,
816d6162-ac1c-46a6-8488-8dc959685f1a,oel-76-27D.jpg,copertine/816d6162-ac1c-46a6-8488-8dc959685f1a,dry-run,
8185e2b2-4d02-4b6c-9d93-45b010ec702c,dialogo-aperto-archivio.jpg,copertine/8185e2b2-4d02-4b6c-9d93-45b010ec702c,dry-run,
818647e8-b937-498c-888a-0ba06f5a3a91,Souhour-Libano.jpg,copertine/818647e8-b937-498c-888a-0ba06f5a3a91,dry-run,
81b0a5b9-6e6c-44ab-a35c-1b73cab45852,oel073-019.jpg,copertine/81b0a5b9-6e6c-44ab-a35c-1b73cab45852,dry-run,
81ef088a-e4f7-4014-81df-044524eb00c2,oel9014.jpg,copertine/81ef088a-e4f7-4014-81df-044524eb00c2,dry-run,
82020698-7787-4b0d-9126-f60ad25b9466,Love-Life-fotogramma.jpg,copertine/82020698-7787-4b0d-9126-f60ad25b9466,dry-run,
823755cc-9c7b-4b35-a292-e527eb20c059,scuola.jpg,copertine/823755cc-9c7b-4b35-a292-e527eb20c059,dry-run,
8240573e-923a-4988-8173-0b73cd4148d7,Sia-Music.jpg,copertine/8240573e-923a-4988-8173-0b73cd4148d7,dry-run,
824f6a99-6e14-473f-ad8d-0299b6776ebf,oel14-siamo-venuti-ad-asissi-perche-02.jpg,copertine/824f6a99-6e14-473f-ad8d-0299b6776ebf,dry-run,
82d2fa3a-4536-4fbf-85ff-cbd3864ad557,La-luce-simbolo-del-pellegrinaggio-roma-1975.webp,copertine/82d2fa3a-4536-4fbf-85ff-cbd3864ad557,dry-run,
82e08766-55dc-4e27-9527-12cde9af298b,grafica_premiopieve2023.jpg,copertine/82e08766-55dc-4e27-9527-12cde9af298b,dry-run,
82e23d8b-d4b1-4ae3-be12-1a8359e46c84,libri-vecchi.jpg,copertine/82e23d8b-d4b1-4ae3-be12-1a8359e46c84,dry-run,
82f4eb4a-3355-4911-92bb-8623cad41c20,13-Ombre-e-Luci-n.97-2007.jpg,copertine/82f4eb4a-3355-4911-92bb-8623cad41c20,dry-run,
82f5e08a-2255-4a0f-87c8-7237230ece3b,We-Have-a-Dream.jpg,copertine/82f5e08a-2255-4a0f-87c8-7237230ece3b,dry-run,
835f47a4-966c-47c9-9ec2-056b41866ac0,1.jpg,copertine/835f47a4-966c-47c9-9ec2-056b41866ac0,dry-run,
838d929f-13be-4898-887e-b3ab91a0307a,021a-Ombre-e-Luci-n.75-2002.jpg,copertine/838d929f-13be-4898-887e-b3ab91a0307a,dry-run,
83938a54-f446-4769-9729-3c12c088158f,sara-e-le-sbiruline-di-emily-Ombre-e-Luci-n.118-2012.webp,copertine/83938a54-f446-4769-9729-3c12c088158f,dry-run,
83973685-c78e-47db-9c27-955f71fcdac0,oel14-gallery-015.jpg,copertine/83973685-c78e-47db-9c27-955f71fcdac0,dry-run,
83caf16a-5779-4568-b975-386fa8e6d6c9,Le-ALI-INVISIBILI_LOCANDINA.jpg,copertine/83caf16a-5779-4568-b975-386fa8e6d6c9,dry-run,
83f7899c-55fd-44b9-a536-bac51b5600e4,Franco-e-dario-leo.jpg,copertine/83f7899c-55fd-44b9-a536-bac51b5600e4,dry-run,
841e0a28-f572-4f5e-9f21-46574947d2b5,dialogo-aperto.jpg,copertine/841e0a28-f572-4f5e-9f21-46574947d2b5,dry-run,
84214b1c-d2de-4a54-9e4a-a7d80752c105,piazza-di-spagna-roma.jpg,copertine/84214b1c-d2de-4a54-9e4a-a7d80752c105,dry-run,
8421ffd0-c642-43d3-a445-c1100c7fe78b,cover-newlsetter-7.jpg,copertine/8421ffd0-c642-43d3-a445-c1100c7fe78b,dry-run,
843e2b59-be99-491d-8216-ff45a627908e,oel054-006.jpg,copertine/843e2b59-be99-491d-8216-ff45a627908e,dry-run,
84890d25-ab12-4520-844d-91feeeacb6da,oel9025.jpg,copertine/84890d25-ab12-4520-844d-91feeeacb6da,dry-run,
84b68234-5d71-4b37-8380-7e808b22851a,Zia-Minni.jpg,copertine/84b68234-5d71-4b37-8380-7e808b22851a,dry-run,
84cc5755-c49a-4ded-bccb-ed209980757a,Cover-Bea.jpg,copertine/84cc5755-c49a-4ded-bccb-ed209980757a,dry-run,
84d7414d-23cc-4ece-9fec-cd6481a3aa6a,18-Ombre-e-Luci-n.98-2007-1.webp,copertine/84d7414d-23cc-4ece-9fec-cd6481a3aa6a,dry-run,
84e8fab3-312a-4b5c-9d30-6e044e6b6952,dialogo-aperto-archivio.jpg,copertine/84e8fab3-312a-4b5c-9d30-6e044e6b6952,dry-run,
84f322f6-09e7-4ca8-a892-6e6ff1e08e7b,nebbia-agosto.jpg,copertine/84f322f6-09e7-4ca8-a892-6e6ff1e08e7b,dry-run,
850d83ed-d4a4-4aee-8ba1-9dd048d534fc,30-1.jpg,copertine/850d83ed-d4a4-4aee-8ba1-9dd048d534fc,dry-run,
85310c5a-bdca-4a3c-bf21-841527cca061,sindrome-williams-Ombre-e-Luci-n.77-2002.jpg,copertine/85310c5a-bdca-4a3c-bf21-841527cca061,dry-run,
85373e85-1bac-4533-87ba-69448b8efd71,47-Ombre-e-Luci-n.82-2003.jpg,copertine/85373e85-1bac-4533-87ba-69448b8efd71,dry-run,
853a91df-cfbd-4371-a4fd-4caebe3c3d41,Paolo-Catapano.jpg,copertine/853a91df-cfbd-4371-a4fd-4caebe3c3d41,dry-run,
853ba1c4-31ef-4c71-b71e-c221995ff931,Elogio-della-fragilita-recensione-Ombre-e-Luci-n.142-2018.webp,copertine/853ba1c4-31ef-4c71-b71e-c221995ff931,dry-run,
855c47c1-a5bb-4ccd-be22-322f72524a01,Atelier-Cenisio.jpg,copertine/855c47c1-a5bb-4ccd-be22-322f72524a01,dry-run,
8583a16b-0b71-4fac-b6d9-513e73caf436,oel039-006.jpg,copertine/8583a16b-0b71-4fac-b6d9-513e73caf436,dry-run,
858a2bd1-0697-4a2d-a582-0c5d1df91396,oel071-026.jpg,copertine/858a2bd1-0697-4a2d-a582-0c5d1df91396,dry-run,
858dfeb6-dd53-4789-8f2b-4404766912a2,cover-libro-potenzoni.jpg,copertine/858dfeb6-dd53-4789-8f2b-4404766912a2,dry-run,
8594528c-8373-4cf6-b903-7be8167988d7,diario-Benedetta-171.jpeg,copertine/8594528c-8373-4cf6-b903-7be8167988d7,dry-run,
85f27fa7-34fe-4fd0-9f94-941f43220411,oel038-029.jpg,copertine/85f27fa7-34fe-4fd0-9f94-941f43220411,dry-run,
8611ec22-3ece-4d05-9122-b4fd51ba9917,2-giugno-FL.jpg,copertine/8611ec22-3ece-4d05-9122-b4fd51ba9917,dry-run,
862cf72d-c384-484a-836f-fba1ccce778a,assistenza-disabili-ferrovie-dello-stato.jpg,copertine/862cf72d-c384-484a-836f-fba1ccce778a,dry-run,
863a632d-19dd-4ad8-8463-7a272dce7a07,ivana-cajina-dQejX2ucPBs-unsplash.webp,copertine/863a632d-19dd-4ad8-8463-7a272dce7a07,dry-run,
867d54e9-14bb-44c0-915f-9ced0efb4e46,Mariangela-Santo-Domingo-per-lincontro-internazionale-di-Fede-e-Luce-Ombre-e-Luci-n.128-2014.jpeg,copertine/867d54e9-14bb-44c0-915f-9ced0efb4e46,dry-run,
86a9ee38-c077-41a5-967f-940b85787ec8,Maurizio-esami.jpg,copertine/86a9ee38-c077-41a5-967f-940b85787ec8,dry-run,
86b7ef4d-c8d7-45bd-a5c8-dcc95f7cbe63,il-segno-della-croce-insieme-11-1976-Ombre-e-Luci.webp,copertine/86b7ef4d-c8d7-45bd-a5c8-dcc95f7cbe63,dry-run,
86c7d4e6-3185-4518-ad3f-3924685d4f5e,oel7026-vita-fede-e-luce.jpg,copertine/86c7d4e6-3185-4518-ad3f-3924685d4f5e,dry-run,
86e4eb38-e5fb-44f9-a0aa-71906b1dcf40,oel65-0008.jpg,copertine/86e4eb38-e5fb-44f9-a0aa-71906b1dcf40,dry-run,
86ed6904-3dcb-48d9-bf2d-49a039524786,Promessa-mantenuta.jpg,copertine/86ed6904-3dcb-48d9-bf2d-49a039524786,dry-run,
8708475a-e9c0-424a-bfcd-5984672e38f2,Alberico-disegno.jpg,copertine/8708475a-e9c0-424a-bfcd-5984672e38f2,dry-run,
8718f627-9b5a-4a67-9822-9969dabb9286,pellegrinaggio-2015-22.jpg,copertine/8718f627-9b5a-4a67-9822-9969dabb9286,dry-run,
872e6290-af74-49e6-9ed2-be8182f7cb44,dal-prato-alla-parete-quadri-con-fiori-pressati-Ombre-e-Luci-n.-70-2000.jpg,copertine/872e6290-af74-49e6-9ed2-be8182f7cb44,dry-run,
872face7-b6af-4e14-b71f-db809bf1450f,annie-spratt-44NfM6KnQx0-unsplash-1.webp,copertine/872face7-b6af-4e14-b71f-db809bf1450f,dry-run,
874cd750-b36d-431f-8454-8b94b5dec575,Isacco.jpg,copertine/874cd750-b36d-431f-8454-8b94b5dec575,dry-run,
877ab37e-9123-406b-a185-3db9edcd3ee0,15-Ombre-e-Luci-n.77-22.jpg,copertine/877ab37e-9123-406b-a185-3db9edcd3ee0,dry-run,
8797a1e4-bf93-4c1d-b821-f4c3f468929a,9-1.jpg,copertine/8797a1e4-bf93-4c1d-b821-f4c3f468929a,dry-run,
87b20338-0841-4140-b337-4f370451f2fd,oel032-018.jpg,copertine/87b20338-0841-4140-b337-4f370451f2fd,dry-run,
87be08ec-368f-4902-853d-66a5a6951a1b,Schermata-2025-01-27-alle-17.03.10-1.webp,copertine/87be08ec-368f-4902-853d-66a5a6951a1b,dry-run,
87df528f-7b35-487e-8773-c138cb38fd5f,P_20171011_092418.jpg,copertine/87df528f-7b35-487e-8773-c138cb38fd5f,dry-run,
87ea67e7-32b7-4769-b78a-c9248c4dd7ad,Avere-un-posto-nella-societa-Ombre-e-Luci-n.137-2017.webp,copertine/87ea67e7-32b7-4769-b78a-c9248c4dd7ad,dry-run,
88192408-2ff3-4c2f-96b8-9e3b93fa2cc0,Ognuno-ride-a-modo-suo-Perniciaro.jpg,copertine/88192408-2ff3-4c2f-96b8-9e3b93fa2cc0,dry-run,
8821c098-20d3-4d94-9a18-e535a7df9232,il-corpo-amore.jpg,copertine/8821c098-20d3-4d94-9a18-e535a7df9232,dry-run,
8859cb89-318a-4524-8c3b-9e2cb86c0049,Jean-giostrai.jpg,copertine/8859cb89-318a-4524-8c3b-9e2cb86c0049,dry-run,
8870effc-822b-4f85-ac1e-c7c8bc71618e,Samuel-pc.jpg,copertine/8870effc-822b-4f85-ac1e-c7c8bc71618e,dry-run,
8872ddf7-8c37-420b-9802-6026789efc7d,oel030-014.jpg,copertine/8872ddf7-8c37-420b-9802-6026789efc7d,dry-run,
888d6f08-f405-4596-9367-124e4dbd14bd,Mi-hanno-regalato-un-sogno-Recensione-Ombre-e-Luci-n.-135-2016.webp,copertine/888d6f08-f405-4596-9367-124e4dbd14bd,dry-run,
888ddec1-f7fd-40e0-b4d1-1511e8b37618,24-1.jpg,copertine/888ddec1-f7fd-40e0-b4d1-1511e8b37618,dry-run,
888e9cb5-cb12-45ab-9240-746aa5b3b59c,oel056-021.jpg,copertine/888e9cb5-cb12-45ab-9240-746aa5b3b59c,dry-run,
88cb078d-d103-4849-9864-f95961418f15,oel056-015.jpg,copertine/88cb078d-d103-4849-9864-f95961418f15,dry-run,
88e6cda7-ff76-49f2-b645-2377832e4997,Lettere-Jean-Vanier.jpg,copertine/88e6cda7-ff76-49f2-b645-2377832e4997,dry-run,
88fa6a12-ba2b-45c7-9055-5a8127836bb8,028-Ombre-e-Luci-n.74-2001.jpg,copertine/88fa6a12-ba2b-45c7-9055-5a8127836bb8,dry-run,
896ae8c9-cdb2-4001-8dd3-2ee42f09753f,guillaume-de-germain-Yqtm6Fi8COM-unsplash.webp,copertine/896ae8c9-cdb2-4001-8dd3-2ee42f09753f,dry-run,
8973dff8-a704-4523-afee-d9f0a22b6ec2,libri4.jpg,copertine/8973dff8-a704-4523-afee-d9f0a22b6ec2,dry-run,
8975a847-1761-48e6-a3a0-8d1c594c9db8,30-3.jpg,copertine/8975a847-1761-48e6-a3a0-8d1c594c9db8,dry-run,
89985c18-5841-4cc6-b0f8-e1850a18d2f6,Catechesi-Nomentana-Ombre-e-Luci-n.142-2018.webp,copertine/89985c18-5841-4cc6-b0f8-e1850a18d2f6,dry-run,
89b8ef69-bc24-414b-866a-4f713fdf5121,Mariangela-e-Chicca-Ombre-e-Luci-n.128-2014.webp,copertine/89b8ef69-bc24-414b-866a-4f713fdf5121,dry-run,
89c3965b-58ec-454f-aa0c-6f62cbde968c,oel045-012.jpg,copertine/89c3965b-58ec-454f-aa0c-6f62cbde968c,dry-run,
89d1513e-8cc9-498f-94b2-54852860dfc7,arianna-giuliano2.jpg,copertine/89d1513e-8cc9-498f-94b2-54852860dfc7,dry-run,
89d17d35-fb40-4820-8b8c-f3cb1c2fc312,Grazie-papà-Don-Carlo-cover.jpg,copertine/89d17d35-fb40-4820-8b8c-f3cb1c2fc312,dry-run,
89d50d41-aa6f-459f-9ec4-03e765c99498,Nuvole-a-dondolo.jpg,copertine/89d50d41-aa6f-459f-9ec4-03e765c99498,dry-run,
8a0ac6f7-d1b4-42a3-878c-f90fffa4c6e0,oel_n2_EgleBottega.jpg,copertine/8a0ac6f7-d1b4-42a3-878c-f90fffa4c6e0,dry-run,
8a185c96-ae9c-4e76-9896-fc960cfedab8,oel14-010.jpg,copertine/8a185c96-ae9c-4e76-9896-fc960cfedab8,dry-run,
8a233758-a7f1-458d-ba46-4e7bada7e18c,oel070-018B.jpg,copertine/8a233758-a7f1-458d-ba46-4e7bada7e18c,dry-run,
8a3389ea-7ba2-45ee-8c4f-56221f6fd5c6,Io-e-Simona-2-Ombre-e-Luci-n.136-2016.webp,copertine/8a3389ea-7ba2-45ee-8c4f-56221f6fd5c6,dry-run,
8a351961-f8c5-47c7-a31f-f2ad320c65ef,3.jpg,copertine/8a351961-f8c5-47c7-a31f-f2ad320c65ef,dry-run,
8a474387-58d7-48f9-b509-16e6ffa3333a,libri3.jpg,copertine/8a474387-58d7-48f9-b509-16e6ffa3333a,dry-run,
8a52557f-1b52-44bc-9f29-a3ca1fc40464,10-3.jpg,copertine/8a52557f-1b52-44bc-9f29-a3ca1fc40464,dry-run,
8a65361b-0096-43e4-827e-b3a084f9967d,austrian-national-library-GxB6Pbi4Jzg-unsplash-low.jpg,copertine/8a65361b-0096-43e4-827e-b3a084f9967d,dry-run,
8a6c17c2-5d3a-4917-9383-9d0f4af1f19d,oel10005.jpg,copertine/8a6c17c2-5d3a-4917-9383-9d0f4af1f19d,dry-run,
8a773814-2660-4518-971a-2b369cfda310,oel059-022.jpg,copertine/8a773814-2660-4518-971a-2b369cfda310,dry-run,
8a9e7c0c-db51-43ee-9b25-e3d62c29dcc9,Strasburgo.jpg,copertine/8a9e7c0c-db51-43ee-9b25-e3d62c29dcc9,dry-run,
8aa025e2-2cf8-4ab9-a899-3b5bc779998a,oel16-014.jpg,copertine/8aa025e2-2cf8-4ab9-a899-3b5bc779998a,dry-run,
8aa1d4cd-586c-499d-b28d-b31ce47b10ad,83-11-Ombre-e-Luci-n.83-2833.jpg,copertine/8aa1d4cd-586c-499d-b28d-b31ce47b10ad,dry-run,
8aa6b526-db77-41be-9bbb-ff2ca10c19f4,newborn_baby_care.webp,copertine/8aa6b526-db77-41be-9bbb-ff2ca10c19f4,dry-run,
8aba02df-6f5b-444e-85ab-aad9af31afba,Noodle-Kid.jpg,copertine/8aba02df-6f5b-444e-85ab-aad9af31afba,dry-run,
8ac10daa-da07-4205-b2be-a5270c8e7671,9-Ombre-e-Luci-n.82-2003.jpg,copertine/8ac10daa-da07-4205-b2be-a5270c8e7671,dry-run,
8ad3cc84-997c-4d65-83ee-310125d6494a,29-6-Ombre-e-Luci-n.98-2007-1.webp,copertine/8ad3cc84-997c-4d65-83ee-310125d6494a,dry-run,
8ae8c322-800a-4495-9431-5c464baa91a4,23.jpg,copertine/8ae8c322-800a-4495-9431-5c464baa91a4,dry-run,
8aef4148-e748-4c38-8a1c-e84347320df1,oel14-005.jpg,copertine/8aef4148-e748-4c38-8a1c-e84347320df1,dry-run,
8b0c86a5-d0ea-420c-813a-a4022bcd3351,Riccardo-Isabella-testimonianza.jpg,copertine/8b0c86a5-d0ea-420c-813a-a4022bcd3351,dry-run,
8b16adb0-5571-4d80-bedb-1fac53ac51e6,libri-vecchi.jpg,copertine/8b16adb0-5571-4d80-bedb-1fac53ac51e6,dry-run,
8b40bea4-4239-4211-9145-23cb8c8f7f14,La-grande-famiglia-Davide-Ombre-e-Luci-n.100-2007.webp,copertine/8b40bea4-4239-4211-9145-23cb8c8f7f14,dry-run,
8b4a26ab-e263-4637-a5c5-2d364c51fa7f,La-Comunita-Che-Accoglie-I-Rifiutati-Jean-Vanier-recensione-ombre-e-luci.jpg,copertine/8b4a26ab-e263-4637-a5c5-2d364c51fa7f,dry-run,
8b6165fd-cfd7-4e9e-9fb6-e685fe7f1a4f,Giovanni.jpg,copertine/8b6165fd-cfd7-4e9e-9fb6-e685fe7f1a4f,dry-run,
8b6ef7e5-4751-4a1b-8474-d4b3897b2fd7,Biografilm.jpg,copertine/8b6ef7e5-4751-4a1b-8474-d4b3897b2fd7,dry-run,
8b7cbb18-550d-408d-814c-27c6a39256f3,24.jpg,copertine/8b7cbb18-550d-408d-814c-27c6a39256f3,dry-run,
8b8af025-9983-4aae-b806-065103593f88,libri-vecchi.jpg,copertine/8b8af025-9983-4aae-b806-065103593f88,dry-run,
8bca013b-4590-4296-a8b8-0fb2d3c32608,oel031-034.jpg,copertine/8bca013b-4590-4296-a8b8-0fb2d3c32608,dry-run,
8bf1350f-f39a-4674-aeb5-9a03effba5df,pellegrinaggio-coordinatori.jpg,copertine/8bf1350f-f39a-4674-aeb5-9a03effba5df,dry-run,
8bfb29d9-3a74-4f8e-b2ac-577c065b088e,oel20-004.jpg,copertine/8bfb29d9-3a74-4f8e-b2ac-577c065b088e,dry-run,
8bfc30b5-e5dc-4176-a7fb-d138cc797c89,Don-Gnocchi-Ombre-e-Luci-n.138-2017.webp,copertine/8bfc30b5-e5dc-4176-a7fb-d138cc797c89,dry-run,
8c27327f-a928-426e-9dd3-141c96e7b0f8,ortoterapia.jpg,copertine/8c27327f-a928-426e-9dd3-141c96e7b0f8,dry-run,
8c3f9afa-8d9a-4fac-8466-9e96ccd9e482,oel7012-scuola1.jpg,copertine/8c3f9afa-8d9a-4fac-8466-9e96ccd9e482,dry-run,
8c5355ce-db9e-42e0-a0bc-2f8883db5a29,papa-a-san-pio-V.jpg,copertine/8c5355ce-db9e-42e0-a0bc-2f8883db5a29,dry-run,
8c782f94-d662-4771-868b-1bdcd3c734bc,LIBRO-Diciotto.jpg,copertine/8c782f94-d662-4771-868b-1bdcd3c734bc,dry-run,
8c8a2be9-aab1-4027-a313-2ef2e148de4e,convegno-polonia-catechesi.jpg,copertine/8c8a2be9-aab1-4027-a313-2ef2e148de4e,dry-run,
8c9592ed-090e-48e9-8198-66cd3e91b201,Il-mondo-ascoltato-da-me-1.jpg,copertine/8c9592ed-090e-48e9-8198-66cd3e91b201,dry-run,
8c9eacbe-cf02-4c73-afc2-a0fac354419f,Faccio-salti-altissimi-cop.jpg,copertine/8c9eacbe-cf02-4c73-afc2-a0fac354419f,dry-run,
8cc08907-6978-4e7e-8d49-4e1b6d60976a,Bicoca-2-2023-021.jpg,copertine/8cc08907-6978-4e7e-8d49-4e1b6d60976a,dry-run,
8cdb1cb9-0502-4a5a-85a3-5c27d71dd2ff,Scuola-di-tutti-newsletter-febbraio.jpg,copertine/8cdb1cb9-0502-4a5a-85a3-5c27d71dd2ff,dry-run,
8cefeaab-1f35-4779-8d35-b0d99214f3ce,Coronavirus-Flora.jpg,copertine/8cefeaab-1f35-4779-8d35-b0d99214f3ce,dry-run,
8cf0f425-cdec-4739-a813-10e85431bc4f,Emanuela-Posa-Rd-Congo.jpg,copertine/8cf0f425-cdec-4739-a813-10e85431bc4f,dry-run,
8d2cbbc3-90e8-47c7-af14-3ac25211eff1,La-vita-accanto-Angelo-Turetta-recensioni-Locarno77-Ombreeluci.it_.jpg,copertine/8d2cbbc3-90e8-47c7-af14-3ac25211eff1,dry-run,
8d539306-2794-48fc-958b-be5c8e570257,libri-vecchi.jpg,copertine/8d539306-2794-48fc-958b-be5c8e570257,dry-run,
8d591587-231b-4f2d-bce7-5b37b497524c,oel068-011.jpg,copertine/8d591587-231b-4f2d-bce7-5b37b497524c,dry-run,
8d5a4a6f-734c-4809-83fa-8789aadd4f67,secondo-le-possibilita.jpg,copertine/8d5a4a6f-734c-4809-83fa-8789aadd4f67,dry-run,
8d643c77-7676-4f94-bc94-3682b31eee31,Suor-Camelia-OK.jpg,copertine/8d643c77-7676-4f94-bc94-3682b31eee31,dry-run,
8d6f819f-c449-4cb6-b5f2-6b3c69f276dc,Pierangelo-Sequeri-Ombre-e-Luci-n.138-2017.webp,copertine/8d6f819f-c449-4cb6-b5f2-6b3c69f276dc,dry-run,
8d802124-bf45-4d45-b01c-a1d02b3667b6,Pompei-finale.jpg,copertine/8d802124-bf45-4d45-b01c-a1d02b3667b6,dry-run,
8d98c3a3-27cf-41a3-b374-00476686d74c,lettere.jpg,copertine/8d98c3a3-27cf-41a3-b374-00476686d74c,dry-run,
8da185f5-12cf-4c69-8807-aec1d41d216e,dialogo-aperto-archivio.jpg,copertine/8da185f5-12cf-4c69-8807-aec1d41d216e,dry-run,
8db0c4dd-4973-4de6-b8e8-0a5c90a30adb,Ndangwini2.jpg,copertine/8db0c4dd-4973-4de6-b8e8-0a5c90a30adb,dry-run,
8dd0b0f4-dda3-4c46-b52c-b367f5af0219,oel049-021.jpg,copertine/8dd0b0f4-dda3-4c46-b52c-b367f5af0219,dry-run,
8de1f8ba-dab7-4f38-b22f-0d8070e5dc39,0-1.jpg,copertine/8de1f8ba-dab7-4f38-b22f-0d8070e5dc39,dry-run,
8dec5cad-5425-4831-ab11-91dfcfde284d,Per-una-vita-di-comunione-Ombre-e-Luci-n.-121-2013.webp,copertine/8dec5cad-5425-4831-ab11-91dfcfde284d,dry-run,
8dfcd2ca-3241-466c-995b-d0c1a2fa48df,mimo-venerdi-Ombre-e-Luci-n.134-2016.webp,copertine/8dfcd2ca-3241-466c-995b-d0c1a2fa48df,dry-run,
8dfda89c-bbe0-41f7-81b7-edd46b74ea6b,Ladri-di-carrozzelle-la-prima-formazione.jpg,copertine/8dfda89c-bbe0-41f7-81b7-edd46b74ea6b,dry-run,
8e003718-9d65-4fbc-ae02-4c405641131e,Elite.jpg,copertine/8e003718-9d65-4fbc-ae02-4c405641131e,dry-run,
8e0630d6-b6ee-418b-bf80-b277504c9c64,Libano-Team-italiano-Ombre-e-Luci-n.143-2018.webp,copertine/8e0630d6-b6ee-418b-bf80-b277504c9c64,dry-run,
8e0c6dd1-de2d-4a9a-9516-ac811a641e24,la-parola.webp,copertine/8e0c6dd1-de2d-4a9a-9516-ac811a641e24,dry-run,
8e377e26-6b9d-47ee-bb2d-63c717d0a333,13-1.jpg,copertine/8e377e26-6b9d-47ee-bb2d-63c717d0a333,dry-run,
8e4a62d7-2ff2-4fb3-be43-4a2593454b1b,pellegrinaggio_2015_10.jpg,copertine/8e4a62d7-2ff2-4fb3-be43-4a2593454b1b,dry-run,
8e72c6de-2418-4203-97d2-ed0775562f0b,province.jpg,copertine/8e72c6de-2418-4203-97d2-ed0775562f0b,dry-run,
8e7ebd3e-bff4-4474-a2f6-b4568b53680c,dialogo-aperto.jpg,copertine/8e7ebd3e-bff4-4474-a2f6-b4568b53680c,dry-run,
8e82ceb8-7305-4bb1-a77f-eaba4a1f763a,CampoEstivoFedeeLuce.jpg,copertine/8e82ceb8-7305-4bb1-a77f-eaba4a1f763a,dry-run,
8e85b58d-bef4-440c-87d5-13e6c91f4348,5°-posto-Valentina-Gallo-I-più-piccoli-a-Lourdes-Fotoconcorso-Ombre-e-Luci-n.75-2002.jpg,copertine/8e85b58d-bef4-440c-87d5-13e6c91f4348,dry-run,
8ea16770-9080-4e38-afc7-2f1c9c941c67,Famiglia-francese-in-visita-a-Papa-Francesco-Ombre-e-Luci-n.142-2018.webp,copertine/8ea16770-9080-4e38-afc7-2f1c9c941c67,dry-run,
8ea9bc29-a0b8-4737-b016-293ccd10b2a2,Mons-Enzo-Dieci.jpg,copertine/8ea9bc29-a0b8-4737-b016-293ccd10b2a2,dry-run,
8eaf3a9d-38c3-42f1-937a-a703265db730,oel031-027.jpg,copertine/8eaf3a9d-38c3-42f1-937a-a703265db730,dry-run,
8eb4e9aa-f3a1-4ca4-a63d-06806ee5875f,Carro-focus-lutto-2.jpg,copertine/8eb4e9aa-f3a1-4ca4-a63d-06806ee5875f,dry-run,
8ecef24c-bf51-4717-8753-8f5bbf55e398,012-Spazio-aperto-una-cooperativa-di-servizi-Ombre-e-Luci-n.74-2001.jpg,copertine/8ecef24c-bf51-4717-8753-8f5bbf55e398,dry-run,
8edbe19c-37e1-4efd-9972-d5ea48a3d574,oel_n5_Lei-non-entra-oel-n.-5.jpg,copertine/8edbe19c-37e1-4efd-9972-d5ea48a3d574,dry-run,
8ef04a63-a6f8-47b6-9714-2f1f14dd981e,Simona-e-Pato-2.jpg,copertine/8ef04a63-a6f8-47b6-9714-2f1f14dd981e,dry-run,
8ef20029-c2e5-4c04-ae1b-05da95063a52,dialogo-aperto.jpg,copertine/8ef20029-c2e5-4c04-ae1b-05da95063a52,dry-run,
8ef830e9-9315-472b-a6a4-0adccb1626ec,Sottovento-16-9.jpg,copertine/8ef830e9-9315-472b-a6a4-0adccb1626ec,dry-run,
8f2976c3-81b3-4cb2-a90f-352eaba308b1,oel031-026.jpg,copertine/8f2976c3-81b3-4cb2-a90f-352eaba308b1,dry-run,
8f3f4a12-76c7-4fdf-8888-0acdcda46ec3,Catechesi-inclusiva-Assisi-Ombre-e-Luci-n.142-2018-1.webp,copertine/8f3f4a12-76c7-4fdf-8888-0acdcda46ec3,dry-run,
8f49480c-4935-4b01-8fab-185bce339688,Il-coraggio-di-essere-uguali-cover.jpg,copertine/8f49480c-4935-4b01-8fab-185bce339688,dry-run,
8f4b524e-bf5a-4540-b422-eb308ad3d8e1,Lettere-Jean-Vanier.jpg,copertine/8f4b524e-bf5a-4540-b422-eb308ad3d8e1,dry-run,
8f4d79dc-ce7c-41b1-98be-2b0fc0500d43,oel059-009.jpg,copertine/8f4d79dc-ce7c-41b1-98be-2b0fc0500d43,dry-run,
8f84e1ad-5c95-4899-a346-02d073da7224,20-1.jpg,copertine/8f84e1ad-5c95-4899-a346-02d073da7224,dry-run,
8f8af606-b48a-4f2b-9ff7-f4e5b53ff4f7,Ironia-e-hanicap-2-Ombre-e-Luci-n.-127-2014.webp,copertine/8f8af606-b48a-4f2b-9ff7-f4e5b53ff4f7,dry-run,
8fadcced-c449-4fdc-a4a1-b7baec8cf546,insieme1-cover-ci-hanno-scritto.jpg,copertine/8fadcced-c449-4fdc-a4a1-b7baec8cf546,dry-run,
8fb3c27d-cf8d-4d6a-b978-7ce49b5a51bc,31-Ombre-e-Luci-n.82-2003.jpg,copertine/8fb3c27d-cf8d-4d6a-b978-7ce49b5a51bc,dry-run,
8fb6a8ea-338b-41cb-b999-30d06785649b,oel066-026a.jpg,copertine/8fb6a8ea-338b-41cb-b999-30d06785649b,dry-run,
8fba2cb9-4c7f-40ba-8179-a127eb3a6de6,Stephen-Wiltshire.jpg,copertine/8fba2cb9-4c7f-40ba-8179-a127eb3a6de6,dry-run,
8ff288f2-1887-48f5-a8cd-f5c5c707e7e3,LIBRO-Almond.jpg,copertine/8ff288f2-1887-48f5-a8cd-f5c5c707e7e3,dry-run,
90025335-736f-4197-a004-2c5f3d55637f,The-Specials-1.jpg,copertine/90025335-736f-4197-a004-2c5f3d55637f,dry-run,
9027ab36-455a-4378-8e7a-6f2d5a0e5266,oel049-0242.jpg,copertine/9027ab36-455a-4378-8e7a-6f2d5a0e5266,dry-run,
903f309f-a88f-4378-90c9-43dcfa05a1d5,2.jpg,copertine/903f309f-a88f-4378-90c9-43dcfa05a1d5,dry-run,
90bbc70f-044e-468e-b777-43e83aa47566,libri3.jpg,copertine/90bbc70f-044e-468e-b777-43e83aa47566,dry-run,
90c4c3c9-a766-4da8-97ad-fc6d46531597,laurea-benedetta.webp,copertine/90c4c3c9-a766-4da8-97ad-fc6d46531597,dry-run,
90d41ec6-7e33-401c-b3f4-ce2fd83fdf3d,oel24-025.jpg,copertine/90d41ec6-7e33-401c-b3f4-ce2fd83fdf3d,dry-run,
90deb2b3-90af-45af-9c5a-08c3122b287d,libri-vecchi.jpg,copertine/90deb2b3-90af-45af-9c5a-08c3122b287d,dry-run,
90e81b65-9727-4f4f-bfe3-bd7dcdfab077,the-son-and-the-sea-01.jpg,copertine/90e81b65-9727-4f4f-bfe3-bd7dcdfab077,dry-run,
90fbf555-3896-4eea-830b-c2323e9ae699,Se-ti-abbraccio-non-aver-paura-ombre-e-luci-n.119-2012.webp,copertine/90fbf555-3896-4eea-830b-c2323e9ae699,dry-run,
910f190b-96ff-4193-bd5a-9cdac6afc3ed,bissonier-candele-1.jpg,copertine/910f190b-96ff-4193-bd5a-9cdac6afc3ed,dry-run,
91243469-6489-4c3b-9983-7b6a7bb7f4eb,La-vita-puo-ricominciare-Patrick-Segal-copertina-recensione-Ombre-e-Luci-n.-71-2000.webp,copertine/91243469-6489-4c3b-9983-7b6a7bb7f4eb,dry-run,
9172160e-65cc-4218-a14d-5aee4394e7e6,25-anni-del-carro-il-senso-della-festa-Ombre-e-Luci-n.130-2015.webp,copertine/9172160e-65cc-4218-a14d-5aee4394e7e6,dry-run,
9186e409-39e9-49a4-95fd-833f08760114,gesu-jean.jpg,copertine/9186e409-39e9-49a4-95fd-833f08760114,dry-run,
91be65ca-6061-48b8-930b-82674ddae7df,I-prescelti.jpg,copertine/91be65ca-6061-48b8-930b-82674ddae7df,dry-run,
91c56dd3-2d3e-4049-9df6-69e56106eba9,Il-manuale-della-buona-educazione-Paola-Dessanti-Ombre-e-Luci-n.92-2005.webp,copertine/91c56dd3-2d3e-4049-9df6-69e56106eba9,dry-run,
91d9bdcb-7031-4983-8d81-896b23b518c6,sindrome-down.jpg,copertine/91d9bdcb-7031-4983-8d81-896b23b518c6,dry-run,
91ecbd5a-dff9-4dfe-8a94-f1dfd914cf1c,SafeSufing-navigare-la-rete-in-sicurezza-Ombre-e-Luci-n.139-2017-Ombre-e-Luci-n.139-2017.webp,copertine/91ecbd5a-dff9-4dfe-8a94-f1dfd914cf1c,dry-run,
9203bb2d-9ed3-464a-b925-123f4e3b5409,oel65-preghiera.jpg,copertine/9203bb2d-9ed3-464a-b925-123f4e3b5409,dry-run,
920fe000-5360-4d46-b6bc-b1f3e634fb66,dialogo-aperto.jpg,copertine/920fe000-5360-4d46-b6bc-b1f3e634fb66,dry-run,
921d166d-0eb9-4fb2-9f88-66701f6ce38b,oel21-Wojtyla.jpg,copertine/921d166d-0eb9-4fb2-9f88-66701f6ce38b,dry-run,
92326348-9d77-43f7-a382-76a78c55f98c,Ultima-cena.webp,copertine/92326348-9d77-43f7-a382-76a78c55f98c,dry-run,
923e269f-25a3-4ab8-9d7c-d1b4772b844b,Benedetta-estate-2021.jpg,copertine/923e269f-25a3-4ab8-9d7c-d1b4772b844b,dry-run,
9248c0bd-6df9-42d0-a891-79b3c02b65e7,oel017-24-4.jpg,copertine/9248c0bd-6df9-42d0-a891-79b3c02b65e7,dry-run,
924ddb37-0c39-4e0b-88b2-9bdb69044f74,oel069-006A.jpg,copertine/924ddb37-0c39-4e0b-88b2-9bdb69044f74,dry-run,
92697a06-c6cb-43e9-9fd6-e07b2611e15a,Sono-graditi-visi-sorridenti-Recensione-Ombre-e-Luci-n.126-2014.webp,copertine/92697a06-c6cb-43e9-9fd6-e07b2611e15a,dry-run,
92697bf6-ba16-4434-ba31-645125ed18f5,oel-76-02.jpg,copertine/92697bf6-ba16-4434-ba31-645125ed18f5,dry-run,
927fe139-82a0-4c0d-ade0-50f0cec86ad1,oel-76-00.jpg,copertine/927fe139-82a0-4c0d-ade0-50f0cec86ad1,dry-run,
9283898e-d930-4fc3-b376-e28427544191,Liberta-Ombre-e-Luci-n.144-2018.webp,copertine/9283898e-d930-4fc3-b376-e28427544191,dry-run,
9299ec80-d7e8-410e-9e7b-4b3b1f0f9b6b,insieme.webp,copertine/9299ec80-d7e8-410e-9e7b-4b3b1f0f9b6b,dry-run,
92b8bdd1-8220-4d2a-9e50-53303bd6d7af,oel_n2_conoscere_l_handicap002_fx.jpg,copertine/92b8bdd1-8220-4d2a-9e50-53303bd6d7af,dry-run,
92de8598-78a8-43d4-ae6a-ab16debd7e16,oel055-024.jpg,copertine/92de8598-78a8-43d4-ae6a-ab16debd7e16,dry-run,
92f644a5-468e-4ab5-9bf4-50e35c6b99d0,oel040-015.jpg,copertine/92f644a5-468e-4ab5-9bf4-50e35c6b99d0,dry-run,
930219dc-de4c-4321-a536-1d44d9cb6867,Mascherine.jpg,copertine/930219dc-de4c-4321-a536-1d44d9cb6867,dry-run,
9304c2c8-2fcb-4587-8c72-36fa395a40e5,oel039-018.jpg,copertine/9304c2c8-2fcb-4587-8c72-36fa395a40e5,dry-run,
930d6082-ee58-4f76-995c-3f4160e7cab3,17-1.jpg,copertine/930d6082-ee58-4f76-995c-3f4160e7cab3,dry-run,
9336729d-5c9e-4fba-9621-d766708136ef,oel068-024.jpg,copertine/9336729d-5c9e-4fba-9621-d766708136ef,dry-run,
936398fd-d055-4205-aecc-c0780b145ee1,Copertina-Jillian.jpg,copertine/936398fd-d055-4205-aecc-c0780b145ee1,dry-run,
9391aa85-90f1-499a-ad76-2d5ad382282c,oel059-024.jpg,copertine/9391aa85-90f1-499a-ad76-2d5ad382282c,dry-run,
93956425-f382-45d7-8c84-6c76053785ef,dialogo-aperto.jpg,copertine/93956425-f382-45d7-8c84-6c76053785ef,dry-run,
93a41798-fedd-43db-9879-b4ec36a0b35b,angelo-e-roberto-Ombre-e-Luci-n.144-2018.webp,copertine/93a41798-fedd-43db-9879-b4ec36a0b35b,dry-run,
93b36ed0-3311-4f3a-a090-185b23459a54,Daniele-Bonarini-Poti-Pictures.jpg,copertine/93b36ed0-3311-4f3a-a090-185b23459a54,dry-run,
9400a07d-17c9-4df7-99e3-c95639ab3db1,Il-paese-dei-pazzi-podcast.jpg,copertine/9400a07d-17c9-4df7-99e3-c95639ab3db1,dry-run,
940b03a6-ad7e-407d-936c-96cfcd57c721,dialogo-aperto-archivio.jpg,copertine/940b03a6-ad7e-407d-936c-96cfcd57c721,dry-run,
940fbb0b-9789-4d8e-9329-d55733b053fe,Benedetta-pizza.jpg,copertine/940fbb0b-9789-4d8e-9329-d55733b053fe,dry-run,
94177f72-29d5-426e-9aa6-451b485fbd8a,oel21-019.jpg,copertine/94177f72-29d5-426e-9aa6-451b485fbd8a,dry-run,
94286098-bc7b-4f60-8890-e2b475fe787e,Ricordando-Angelo-1-Ombre-e-Luci-n.144-2018.webp,copertine/94286098-bc7b-4f60-8890-e2b475fe787e,dry-run,
94321cf3-8a8c-4265-8a9d-18dc32298f46,oel045-005.jpg,copertine/94321cf3-8a8c-4265-8a9d-18dc32298f46,dry-run,
9439e267-71f4-4a01-b59a-628060f41e00,libri-vecchi.jpg,copertine/9439e267-71f4-4a01-b59a-628060f41e00,dry-run,
9446d4b5-da51-439c-89be-ce1ee8373d0a,oel15-027.jpg,copertine/9446d4b5-da51-439c-89be-ce1ee8373d0a,dry-run,
9456b839-9429-4f70-9436-17bea2e33a10,WorldDisabilityDay2018.jpg,copertine/9456b839-9429-4f70-9436-17bea2e33a10,dry-run,
94903261-498f-44ff-8ce5-f5953fe919aa,Sergio-redazione.jpg,copertine/94903261-498f-44ff-8ce5-f5953fe919aa,dry-run,
9494b534-6c24-40e2-9027-f8d7eb88d390,oel048-003.jpg,copertine/9494b534-6c24-40e2-9027-f8d7eb88d390,dry-run,
94981aec-3320-46c5-b019-94170917a027,Estratto-dal-libro-Blessings-di-MAry-Craig-Ombre-e-Luci-n.72-2000.jpg,copertine/94981aec-3320-46c5-b019-94170917a027,dry-run,
94b98db8-af67-4f6f-ac3e-315916efc1de,greta.jpg,copertine/94b98db8-af67-4f6f-ac3e-315916efc1de,dry-run,
94d2c2dc-4ff0-4d62-a3a2-7d274471ac09,libri-vecchi.jpg,copertine/94d2c2dc-4ff0-4d62-a3a2-7d274471ac09,dry-run,
9511e3b7-ee7a-46d6-bc0b-4ecb1c3a2042,Stress.jpg,copertine/9511e3b7-ee7a-46d6-bc0b-4ecb1c3a2042,dry-run,
951733b1-077f-45a9-b41c-c422320fc330,oel17-019.jpg,copertine/951733b1-077f-45a9-b41c-c422320fc330,dry-run,
95177ba5-348f-4647-99fd-c7be14cd9171,convegno_amarenonbasta_10.jpg,copertine/95177ba5-348f-4647-99fd-c7be14cd9171,dry-run,
9518d105-f837-47b4-be3a-b0c73c3f2c55,Jerome-Lejeune.jpg,copertine/9518d105-f837-47b4-be3a-b0c73c3f2c55,dry-run,
95242de5-30d8-4e81-b564-a7dc8433ad70,viola-mimosa.jpg,copertine/95242de5-30d8-4e81-b564-a7dc8433ad70,dry-run,
95245047-7dd9-40f8-85b0-621ca0694ddc,Benedetta-estate.jpg,copertine/95245047-7dd9-40f8-85b0-621ca0694ddc,dry-run,
952c468f-f812-4df5-b6ce-5e8896a1c070,dialogo-aperto.jpg,copertine/952c468f-f812-4df5-b6ce-5e8896a1c070,dry-run,
95334e45-964c-4058-bed4-6c5daf510dd1,Un-dado-da-sogno2-Ombre-e-Luci-n.-127-2014.jpeg,copertine/95334e45-964c-4058-bed4-6c5daf510dd1,dry-run,
95370aca-9490-4bc0-a216-a6eef7651a57,dialogo-aperto.jpg,copertine/95370aca-9490-4bc0-a216-a6eef7651a57,dry-run,
954ae003-3177-4fb5-81bd-f4d74a44041f,oel046-003.jpg,copertine/954ae003-3177-4fb5-81bd-f4d74a44041f,dry-run,
955f2c29-30f2-4c54-a461-8ea390cd9f5c,La-forza-del-carattere-di-James-HIllman-recensione-Ombre-e-Luci-n.74-2001.jpg,copertine/955f2c29-30f2-4c54-a461-8ea390cd9f5c,dry-run,
9565e536-82bb-4c47-b6cd-593fccfff8ea,Bebe-Vio-moda-2.jpg,copertine/9565e536-82bb-4c47-b6cd-593fccfff8ea,dry-run,
9573104b-bdd7-418c-b500-c97dec6eb53e,la-loro-e-la-nostra-cresima-1.jpg,copertine/9573104b-bdd7-418c-b500-c97dec6eb53e,dry-run,
9584c29e-a829-4308-ac10-6e0fb52f4198,oel061-019.jpg,copertine/9584c29e-a829-4308-ac10-6e0fb52f4198,dry-run,
95853105-8ea9-4ab6-85e7-157124bad4c8,Silvia-Freschi-Mc.jpg,copertine/95853105-8ea9-4ab6-85e7-157124bad4c8,dry-run,
95cad0b7-28bf-42f5-8a08-b5c3d61ff7a9,piu-scavo-piu-trovo-Ombre-e-Luci-n.130-2015.webp,copertine/95cad0b7-28bf-42f5-8a08-b5c3d61ff7a9,dry-run,
95d9e534-9882-4c06-8d44-748c168ace16,Jean-Vanier-90-anni-sd.jpg,copertine/95d9e534-9882-4c06-8d44-748c168ace16,dry-run,
95fc9984-d487-458f-9fd3-f5c7ddfad8a5,LIBRO-Mitezza.jpg,copertine/95fc9984-d487-458f-9fd3-f5c7ddfad8a5,dry-run,
96166f08-4c9b-4e94-a01a-9339657d79d2,oel062-018.jpg,copertine/96166f08-4c9b-4e94-a01a-9339657d79d2,dry-run,
9637e9fd-16fb-43bf-8cb4-24248c25f90b,insieme-10-1976-4.webp,copertine/9637e9fd-16fb-43bf-8cb4-24248c25f90b,dry-run,
963c163c-0451-4aeb-9415-7aa81b127927,divine-creature.jpg,copertine/963c163c-0451-4aeb-9415-7aa81b127927,dry-run,
963f4b61-f611-4708-b202-f1cd31db6b2e,oel-76-16b.jpg,copertine/963f4b61-f611-4708-b202-f1cd31db6b2e,dry-run,
964055a0-7bc6-4e8c-a0c5-8e42880c8b7f,Cover-Boatti.jpg,copertine/964055a0-7bc6-4e8c-a0c5-8e42880c8b7f,dry-run,
964c40bb-06cd-4928-ab10-fe9a8e573a66,Mal-di-mare.jpg,copertine/964c40bb-06cd-4928-ab10-fe9a8e573a66,dry-run,
96501437-29e5-45a9-ade8-4b4ac37ef531,lucinaspaccia.jpg,copertine/96501437-29e5-45a9-ade8-4b4ac37ef531,dry-run,
9670a282-f662-4f60-8f50-2b580db36dbe,oel040-008.jpg,copertine/9670a282-f662-4f60-8f50-2b580db36dbe,dry-run,
967f67cc-03aa-4d78-9253-fbec4d27e5a2,37-Seconds-2019.jpg,copertine/967f67cc-03aa-4d78-9253-fbec4d27e5a2,dry-run,
969e7352-f76b-47a2-a19f-28cd90e8188d,0-4.jpg,copertine/969e7352-f76b-47a2-a19f-28cd90e8188d,dry-run,
96cf294a-7376-4955-98f2-4f1bebc57007,Lampadino-e-Caramella.jpg,copertine/96cf294a-7376-4955-98f2-4f1bebc57007,dry-run,
96d41f60-ba68-41a5-bd05-ef55f7b8243e,milano-gratosoglio.jpg,copertine/96d41f60-ba68-41a5-bd05-ef55f7b8243e,dry-run,
96f990aa-e2b4-465b-a8b3-169387a14e51,Paolo-tantaro-ad-assisi-Ombre-e-Luci-n.129-2015.webp,copertine/96f990aa-e2b4-465b-a8b3-169387a14e51,dry-run,
9708507f-fb97-483b-be36-6d7944f3371d,lettere.jpg,copertine/9708507f-fb97-483b-be36-6d7944f3371d,dry-run,
97326254-72a0-4eaf-92ec-ef429a69b3d1,lettere.jpg,copertine/97326254-72a0-4eaf-92ec-ef429a69b3d1,dry-run,
9754b654-45f1-4ed7-9f84-f161f74774b1,dialogo-aperto.jpg,copertine/9754b654-45f1-4ed7-9f84-f161f74774b1,dry-run,
9758849d-d611-45c8-a031-eaea602921f5,oel060-005.jpg,copertine/9758849d-d611-45c8-a031-eaea602921f5,dry-run,
975f03ed-9f3c-46fe-96a6-38113162c768,Racconti-Spirituali-cover.jpg,copertine/975f03ed-9f3c-46fe-96a6-38113162c768,dry-run,
978c23ac-1dc6-4c68-a332-473a307924c0,modelli-si-nasce.jpg,copertine/978c23ac-1dc6-4c68-a332-473a307924c0,dry-run,
978fe87b-d01e-4430-a96c-4cce108de8cb,elezioni-1.jpg,copertine/978fe87b-d01e-4430-a96c-4cce108de8cb,dry-run,
979cb75f-6927-4fa9-a377-5f20c94a7396,13-3.jpg,copertine/979cb75f-6927-4fa9-a377-5f20c94a7396,dry-run,
97a69b52-8a5f-4bef-8d7b-b12c2b159d43,Benedetta-Hotel.jpg,copertine/97a69b52-8a5f-4bef-8d7b-b12c2b159d43,dry-run,
97accc28-4f66-4351-adb7-d472c05db9c4,oel045-006.jpg,copertine/97accc28-4f66-4351-adb7-d472c05db9c4,dry-run,
97af6d02-3095-4db0-8e1f-2e8bf4fce534,Giovanni-Grossi.jpg,copertine/97af6d02-3095-4db0-8e1f-2e8bf4fce534,dry-run,
97d1030c-3b92-46e1-be33-f3e03449a63b,Francesco-polpette.jpg,copertine/97d1030c-3b92-46e1-be33-f3e03449a63b,dry-run,
97dfa3d6-80a5-436f-bb7a-f1c6c47a242c,Tobia.jpg,copertine/97dfa3d6-80a5-436f-bb7a-f1c6c47a242c,dry-run,
97ef76fb-4030-4b41-bad2-7900712c3265,oel061-017B.jpg,copertine/97ef76fb-4030-4b41-bad2-7900712c3265,dry-run,
97f33498-add0-428b-9bd3-8286cb9b8119,Tutta-la-luce-che-non-vediamo-su-Netflix-la-miniserie-tratta-dal-libro-di-Anthony-Doerr3-scaled-sd.jpg,copertine/97f33498-add0-428b-9bd3-8286cb9b8119,dry-run,
981712be-83a4-41cf-9c2f-42ed5a07133c,Claudio-16-9.jpg,copertine/981712be-83a4-41cf-9c2f-42ed5a07133c,dry-run,
9835b7d3-64f3-4477-8429-254dbd8aa72b,Una-notte-ho-sognato-che-parlvi-Recensione-Ombre-e-Luci-n.-122-2013.webp,copertine/9835b7d3-64f3-4477-8429-254dbd8aa72b,dry-run,
984bed26-fc6f-41bd-8fb0-842f62c508dd,oel060-008.jpg,copertine/984bed26-fc6f-41bd-8fb0-842f62c508dd,dry-run,
985fc6d7-2a47-43f7-9f4f-e7a03654f43f,4.jpg,copertine/985fc6d7-2a47-43f7-9f4f-e7a03654f43f,dry-run,
986a013d-f516-4d05-97d0-54a2ca7a8b2a,Limmaginario-svelato-cop.jpg,copertine/986a013d-f516-4d05-97d0-54a2ca7a8b2a,dry-run,
987a2a95-4e30-49b4-8b29-79d5cac9491f,cielo-Ombre-e-Luci-n.78-2002.jpg,copertine/987a2a95-4e30-49b4-8b29-79d5cac9491f,dry-run,
9884d023-3053-4519-83b7-852844cecb8b,libri-vecchi.jpg,copertine/9884d023-3053-4519-83b7-852844cecb8b,dry-run,
9885fb8c-b737-482a-9a60-778a0035f59f,la-tua-parola-è-per-tutti.jpg,copertine/9885fb8c-b737-482a-9a60-778a0035f59f,dry-run,
9892d94b-7a0d-49f7-8bad-8b5b1e57b3c4,oel057-011.jpg,copertine/9892d94b-7a0d-49f7-8bad-8b5b1e57b3c4,dry-run,
9895982a-f3aa-4a41-8d71-34a83cc138df,Seduti-Ombre-e-Luci-n.141-2018.webp,copertine/9895982a-f3aa-4a41-8d71-34a83cc138df,dry-run,
989dca44-af07-4d40-8189-5601773fc682,i-weirdo-1.jpg,copertine/989dca44-af07-4d40-8189-5601773fc682,dry-run,
98bdbd2d-2f44-41d9-9f7f-36adde1999ed,whos-my-neighbor-1.jpg,copertine/98bdbd2d-2f44-41d9-9f7f-36adde1999ed,dry-run,
98cf76e8-ae27-444e-8b67-ecd25562bcbe,oel032-004.jpg,copertine/98cf76e8-ae27-444e-8b67-ecd25562bcbe,dry-run,
98e8c8ff-6963-49d5-b7b1-27572e7be933,LIBRO-Tibuleac.jpg,copertine/98e8c8ff-6963-49d5-b7b1-27572e7be933,dry-run,
98ef2d8b-5f3e-4858-af5f-ec9ad6d28c13,Rospella.jpg,copertine/98ef2d8b-5f3e-4858-af5f-ec9ad6d28c13,dry-run,
98fb215e-bf3c-429e-a1af-9e732c8b7fc3,oel_n2_conoscere_l_handicap012.jpg,copertine/98fb215e-bf3c-429e-a1af-9e732c8b7fc3,dry-run,
99210db8-576c-44e0-b2be-f30e09776fab,oel030-022.jpg,copertine/99210db8-576c-44e0-b2be-f30e09776fab,dry-run,
992280f4-5532-40f7-8503-3a39eb7ef416,oel028-020.jpg,copertine/992280f4-5532-40f7-8503-3a39eb7ef416,dry-run,
993b6f5a-f63a-4dd8-a27d-728df090a01a,oel039-011.jpg,copertine/993b6f5a-f63a-4dd8-a27d-728df090a01a,dry-run,
99471ebc-530e-428a-b17d-e41ab53063fb,oel043-015.jpg,copertine/99471ebc-530e-428a-b17d-e41ab53063fb,dry-run,
9979e40f-2bf2-441c-bf64-1f68dbe716a7,Giorgio-Spigolon.jpg,copertine/9979e40f-2bf2-441c-bf64-1f68dbe716a7,dry-run,
999cc47f-2a51-474e-ba9b-edb1c6a1bd10,oel025-00A.jpg,copertine/999cc47f-2a51-474e-ba9b-edb1c6a1bd10,dry-run,
99aa61e9-c533-4d28-8318-a485fc5e6e90,Non-cè-persona-più-ricca-di-me-recensione-Ombre-e-Luci-n.74-2001.jpg,copertine/99aa61e9-c533-4d28-8318-a485fc5e6e90,dry-run,
99bcd3a9-f404-4276-befa-ca5c172416fd,Disabilità-spiaggia.jpg,copertine/99bcd3a9-f404-4276-befa-ca5c172416fd,dry-run,
9a1f22ab-702f-4cc3-aae2-81d674b1e7bb,Incontro-formazione-Ombre-e-Luci-n.144-2018.webp,copertine/9a1f22ab-702f-4cc3-aae2-81d674b1e7bb,dry-run,
9a34eb22-f91b-4de5-a08b-a69769d12cd4,oel031-015.jpg,copertine/9a34eb22-f91b-4de5-a08b-a69769d12cd4,dry-run,
9a397958-ec3c-4b34-983a-c342f1d655e7,Kenzaburo-OE.jpeg,copertine/9a397958-ec3c-4b34-983a-c342f1d655e7,dry-run,
9a553924-ce87-4365-a18e-2c26ee5a5805,Cosa-fare-delle-nostre-ferite-Recensione-Ombre-e-Luci-n.123-2013.webp,copertine/9a553924-ce87-4365-a18e-2c26ee5a5805,dry-run,
9a671e05-e62c-4a51-a86c-55b39f6fe0fc,insieme1-cover-come-doro.jpg,copertine/9a671e05-e62c-4a51-a86c-55b39f6fe0fc,dry-run,
9a7d4e57-7f34-443f-8256-065847f139c5,83-24a-Ombre-e-Luci-n.83-2833.jpg,copertine/9a7d4e57-7f34-443f-8256-065847f139c5,dry-run,
9aa9dbbf-a40d-4ca0-a307-db4505f8f192,olga-kononenko-98__MsKaUsI-unsplash-1.webp,copertine/9aa9dbbf-a40d-4ca0-a307-db4505f8f192,dry-run,
9aab5f95-3de7-49e2-9fe4-655efbe31ab0,libri-vecchi.jpg,copertine/9aab5f95-3de7-49e2-9fe4-655efbe31ab0,dry-run,
9ac68cc8-f723-4d94-a0a5-010efc0be14d,Copertina-1-Editoriale.jpg,copertine/9ac68cc8-f723-4d94-a0a5-010efc0be14d,dry-run,
9ad0e25a-f85b-481d-8640-cbf986d3cd92,province.jpg,copertine/9ad0e25a-f85b-481d-8640-cbf986d3cd92,dry-run,
9ad1e5fc-28d2-4483-992d-23abcad7ba6c,oel12-006.jpg,copertine/9ad1e5fc-28d2-4483-992d-23abcad7ba6c,dry-run,
9ae880ed-3fa1-473a-a9c0-de0c0382a670,Schermata-2025-01-30-alle-12.57.12.webp,copertine/9ae880ed-3fa1-473a-a9c0-de0c0382a670,dry-run,
9b1ba65f-6f72-488b-a2ce-187f6c38b862,eucaristia2.webp,copertine/9b1ba65f-6f72-488b-a2ce-187f6c38b862,dry-run,
9b3ae21c-fcce-4367-9082-118f436d0184,dialogo-aperto.jpg,copertine/9b3ae21c-fcce-4367-9082-118f436d0184,dry-run,
9b8dd961-cf39-4abe-a89d-0715631af531,oel21-013.jpg,copertine/9b8dd961-cf39-4abe-a89d-0715631af531,dry-run,
9b916b09-27d2-49ab-b4f2-64e032f8d900,028-Ombre-e-Luci-n.75-2002.jpg,copertine/9b916b09-27d2-49ab-b4f2-64e032f8d900,dry-run,
9b92353a-b855-4cc7-9ec7-0086a90832ce,Cover-Noi-due-siamo-uno.jpg,copertine/9b92353a-b855-4cc7-9ec7-0086a90832ce,dry-run,
9bacecec-764c-49d8-b2d9-9ad1b9dd9911,00-8-Ombre-e-Luci-n.-79-2002.jpg,copertine/9bacecec-764c-49d8-b2d9-9ad1b9dd9911,dry-run,
9bc673c5-005d-4fed-9734-0963f907e34a,Dettaglio-_Woman-at-a-Window_-di-Caspar-David-Friedrich-Visto-con-il-cuore-Ombre-e-Luci-n.70-2000.jpg,copertine/9bc673c5-005d-4fed-9734-0963f907e34a,dry-run,
9bd8116d-00e2-44ba-8f7c-b82f8c34eb7a,oel24-020.jpg,copertine/9bd8116d-00e2-44ba-8f7c-b82f8c34eb7a,dry-run,
9c037edb-deff-4d32-890d-70f1006f841d,parola-donore.jpg,copertine/9c037edb-deff-4d32-890d-70f1006f841d,dry-run,
9c1ef130-3bb7-488f-88ad-6e3b2148799a,Benoit.jpg,copertine/9c1ef130-3bb7-488f-88ad-6e3b2148799a,dry-run,
9c670d9f-ac1d-482e-a6fc-b9dbc27424d5,A-Different-Man-min.jpg,copertine/9c670d9f-ac1d-482e-a6fc-b9dbc27424d5,dry-run,
9c8d6c6d-1448-444f-8beb-b3d67159313b,oel11-026.jpg,copertine/9c8d6c6d-1448-444f-8beb-b3d67159313b,dry-run,
9c9786b9-cca6-46de-9826-01d3fb787a8b,pavia_darevocesiblings242.jpg,copertine/9c9786b9-cca6-46de-9826-01d3fb787a8b,dry-run,
9ca55fb1-4099-4d17-942a-9cbb8d960493,Il-piano-rieducativo-individualizzato-per-il-disabile-mentale-adulto-recensione-Ombre-e-Luci-n.74-2001.jpg,copertine/9ca55fb1-4099-4d17-942a-9cbb8d960493,dry-run,
9cbbe3f5-04dc-46bf-8ef8-dab39b17c72d,oel030-008.jpg,copertine/9cbbe3f5-04dc-46bf-8ef8-dab39b17c72d,dry-run,
9cc416cd-d9b2-4017-b9c7-8c1deacd172f,oel073-0014.jpg,copertine/9cc416cd-d9b2-4017-b9c7-8c1deacd172f,dry-run,
9ccb1ebe-a428-49ee-b178-bedec5ef5f38,Cammarota-2.jpg,copertine/9ccb1ebe-a428-49ee-b178-bedec5ef5f38,dry-run,
9cd13b59-f08f-4b7e-ae4e-4f79b6fb5b20,24.jpg,copertine/9cd13b59-f08f-4b7e-ae4e-4f79b6fb5b20,dry-run,
9cd46761-adce-4791-b29c-6f21b1b023a3,29-3-Ombre-e-Luci-n.98-2007-1.webp,copertine/9cd46761-adce-4791-b29c-6f21b1b023a3,dry-run,
9cf706d9-64bd-4190-bf2e-c137f10f1822,Oel-85-18.jpg,copertine/9cf706d9-64bd-4190-bf2e-c137f10f1822,dry-run,
9d091ca9-03a7-4326-a846-2532a21e532e,Stefano-Sbrulli-Source-International-04.jpg,copertine/9d091ca9-03a7-4326-a846-2532a21e532e,dry-run,
9d27563b-e2c6-4b1e-9eaa-4d06a0ecb9c9,Antonietta-festa.jpg,copertine/9d27563b-e2c6-4b1e-9eaa-4d06a0ecb9c9,dry-run,
9d27c6d2-17a3-4030-ad66-b65d80b4ca6c,P_20171011_092445-1.jpg,copertine/9d27c6d2-17a3-4030-ad66-b65d80b4ca6c,dry-run,
9d4c0493-3fd5-46e1-a8fc-b66edb95345e,Giada-sughero.jpg,copertine/9d4c0493-3fd5-46e1-a8fc-b66edb95345e,dry-run,
9d4df615-3dc2-4413-8b57-17af7eb0bcde,oel16-018.jpg,copertine/9d4df615-3dc2-4413-8b57-17af7eb0bcde,dry-run,
9d5d1f05-2685-412b-bc87-030a497cc58b,Suor-Veronica-Donatelli-Ombre-e-Luci-n.137-2017.webp,copertine/9d5d1f05-2685-412b-bc87-030a497cc58b,dry-run,
9d65239a-329d-4c6d-b319-180006ba4e26,Alveare-Fabio-Conad-1.jpg,copertine/9d65239a-329d-4c6d-b319-180006ba4e26,dry-run,
9d88014a-be1d-4143-89f8-1e96cfbfd8fa,la-Ferme-3.webp,copertine/9d88014a-be1d-4143-89f8-1e96cfbfd8fa,dry-run,
9d951605-a2d5-4d6b-b243-7ec90c1f09b1,francesco.webp,copertine/9d951605-a2d5-4d6b-b243-7ec90c1f09b1,dry-run,
9d96bfbb-5436-45cc-b66e-e6bfb2f1d628,oel028-019.jpg,copertine/9d96bfbb-5436-45cc-b66e-e6bfb2f1d628,dry-run,
9db3a2ec-67c3-42e3-b24f-48e72e67507a,8-Ombre-e-Luci-n.99-2007.webp,copertine/9db3a2ec-67c3-42e3-b24f-48e72e67507a,dry-run,
9dba72b4-2a98-448f-bf21-c62231ffd260,oel10010.jpg,copertine/9dba72b4-2a98-448f-bf21-c62231ffd260,dry-run,
9dc4979f-fdef-4614-8f47-12542b06f643,Il-vangelo-mimato-per-costruire-ponti-Ombre-e-Luci-n.134-2016.webp,copertine/9dc4979f-fdef-4614-8f47-12542b06f643,dry-run,
9dc7d64b-dcc2-455a-8c5a-9420210eb255,jakub-pabis-aA8Z6ODts9U-unsplash.webp,copertine/9dc7d64b-dcc2-455a-8c5a-9420210eb255,dry-run,
9de7c943-0437-4326-9caa-e4f9ebe32053,12.jpg,copertine/9de7c943-0437-4326-9caa-e4f9ebe32053,dry-run,
9df625eb-3fe5-40f5-934a-9b489e13e970,dialogo-disabilità-palermo.jpg,copertine/9df625eb-3fe5-40f5-934a-9b489e13e970,dry-run,
9dfe7145-593d-4dff-bc52-a169d3744fc6,oel042-006.jpg,copertine/9dfe7145-593d-4dff-bc52-a169d3744fc6,dry-run,
9e1f9112-c3c7-473a-a853-eb552d632525,007-Piccola-Opera-Caritas-Cooperativa-Sociale-Ombre-e-Luci-n.74-2001.jpg,copertine/9e1f9112-c3c7-473a-a853-eb552d632525,dry-run,
9e6bc8e3-812e-416f-8e0d-6279cd3dfc06,oel072-020.jpg,copertine/9e6bc8e3-812e-416f-8e0d-6279cd3dfc06,dry-run,
9e999492-cac9-4661-b01f-38f4629cff0e,libri-vecchi.jpg,copertine/9e999492-cac9-4661-b01f-38f4629cff0e,dry-run,
9ea8ffe4-c162-4538-96c4-addcb3ce3aec,Gianni-Verni-incisione.jpg,copertine/9ea8ffe4-c162-4538-96c4-addcb3ce3aec,dry-run,
9ebced21-5ab3-4a3a-a390-3c21f32aa155,The-blind-man.jpg,copertine/9ebced21-5ab3-4a3a-a390-3c21f32aa155,dry-run,
9ebe0ba1-9102-472b-bbee-5dea26765396,Finestre-di-speranza.jpg,copertine/9ebe0ba1-9102-472b-bbee-5dea26765396,dry-run,
9ed33cb6-0d44-4e67-bded-cc61900fcffe,dialogo-aperto-archivio.jpg,copertine/9ed33cb6-0d44-4e67-bded-cc61900fcffe,dry-run,
9ed7e0f8-94f0-42ea-86d6-eee70f020aad,oel16-029.jpg,copertine/9ed7e0f8-94f0-42ea-86d6-eee70f020aad,dry-run,
9f2437f2-ba30-49cd-815c-5e1c44766d74,Giovanni-Grossi-Lavoro.jpg,copertine/9f2437f2-ba30-49cd-815c-5e1c44766d74,dry-run,
9f298a84-690d-4d00-a12e-f6634c7d46b0,centro-internazionale-del-libro-parlato.jpg,copertine/9f298a84-690d-4d00-a12e-f6634c7d46b0,dry-run,
9f3336e0-9b9e-455c-b38e-1d1148f2217b,40-anni-OL-42.jpg,copertine/9f3336e0-9b9e-455c-b38e-1d1148f2217b,dry-run,
9f345a8b-5166-465a-bda5-3ba424e6a394,uovonero-interno.jpg,copertine/9f345a8b-5166-465a-bda5-3ba424e6a394,dry-run,
9f4d4536-f9a8-42a9-9364-de7c8653c7e6,oel11-023.jpg,copertine/9f4d4536-f9a8-42a9-9364-de7c8653c7e6,dry-run,
9f56f4b3-aee5-4682-9b73-2ddac1598ac1,stefano.jpg,copertine/9f56f4b3-aee5-4682-9b73-2ddac1598ac1,dry-run,
9f5ce219-ee11-4682-839f-39352ccf1dbb,corridoi-umanitari-1.jpeg,copertine/9f5ce219-ee11-4682-839f-39352ccf1dbb,dry-run,
9f90405c-4607-45b2-ae63-6895625745b3,oel053-019.jpg,copertine/9f90405c-4607-45b2-ae63-6895625745b3,dry-run,
9f91faa9-3084-4129-b47c-b989a8518b2c,nanna.webp,copertine/9f91faa9-3084-4129-b47c-b989a8518b2c,dry-run,
9fc5720c-74bb-44bf-99ff-3eeeb09af090,Limportante-e-che-sia-sano-Ombre-e-Luci-n.140-2018.webp,copertine/9fc5720c-74bb-44bf-99ff-3eeeb09af090,dry-run,
9fdfe1b9-4915-404f-8c3b-c6ec4632173b,cover-giorgia-sdei-cinema-e-disabilita-Ombre-e-Luci.jpg,copertine/9fdfe1b9-4915-404f-8c3b-c6ec4632173b,dry-run,
9fe0d72c-dbe4-451d-825a-17199fc7a38e,Special-Olympics.jpg,copertine/9fe0d72c-dbe4-451d-825a-17199fc7a38e,dry-run,
a003f8d1-58b2-4542-8f08-0dea677108e6,A-second-Life.jpg,copertine/a003f8d1-58b2-4542-8f08-0dea677108e6,dry-run,
a02e1124-293f-46fe-9ac2-677efbaeffc3,Rampa-Samuele.jpg,copertine/a02e1124-293f-46fe-9ac2-677efbaeffc3,dry-run,
a03aa49c-5c12-43af-83f8-c19ebf4f48d4,libri-dedicati-ai-giochi.jpg,copertine/a03aa49c-5c12-43af-83f8-c19ebf4f48d4,dry-run,
a046b9ee-d543-4bf2-b2ee-dda52b108c94,oel048-022.jpg,copertine/a046b9ee-d543-4bf2-b2ee-dda52b108c94,dry-run,
a05225c5-fa88-410f-966c-b91a1bb8bd62,Ognuno-ha-il-suo-posto-in-comunita.webp,copertine/a05225c5-fa88-410f-966c-b91a1bb8bd62,dry-run,
a052e747-a459-4e7c-b1b6-a46097ec4027,18f39f31a2e612c2a2ac8c183571e5b859548d4c3864b331c0b5ab49ac5389f0.jpg,copertine/a052e747-a459-4e7c-b1b6-a46097ec4027,dry-run,
a08f0c3a-cd6c-4833-bea6-4f6a798b777b,lupo.jpg,copertine/a08f0c3a-cd6c-4833-bea6-4f6a798b777b,dry-run,
a094aa1b-04a1-4a0d-bf9c-29cca3fabc8a,Testimonianze-da-Lourdes-1971.webp,copertine/a094aa1b-04a1-4a0d-bf9c-29cca3fabc8a,dry-run,
a0bf1ba8-c7c2-4671-97ed-467af0c28536,Marisa_aprile2015.webp,copertine/a0bf1ba8-c7c2-4671-97ed-467af0c28536,dry-run,
a0d52a37-86e7-4ae2-add7-29130e8f6695,Orchestra-Chiave-di-volta-Copertina.jpg,copertine/a0d52a37-86e7-4ae2-add7-29130e8f6695,dry-run,
a0f069e7-6576-4f6a-ac92-7f1dc7ee00d3,Cosicomesei-Diario-di-bordo-di-un-neuropsichiatra-infantile-Recensione-2.jpg,copertine/a0f069e7-6576-4f6a-ac92-7f1dc7ee00d3,dry-run,
a11e0a64-e982-48e8-87f7-5e06f726cf86,oel24-017.jpg,copertine/a11e0a64-e982-48e8-87f7-5e06f726cf86,dry-run,
a13a8989-06fd-409e-82d2-f8f3c2c8fbbc,Ho-amici-in-paradiso-Recensione-Ombre-e-Luci-n.137-2017.webp,copertine/a13a8989-06fd-409e-82d2-f8f3c2c8fbbc,dry-run,
a15e4aab-779c-409f-a5bb-d943af9f7cba,oel037-007.jpg,copertine/a15e4aab-779c-409f-a5bb-d943af9f7cba,dry-run,
a174fcb1-011b-4d06-acc6-276ffbafa475,Fiume-di-Pace-Po-pellegrinaggio.jpg,copertine/a174fcb1-011b-4d06-acc6-276ffbafa475,dry-run,
a17610ec-9067-41a8-aa2f-fd5e994530bd,e-sempre-stato-rifiutato-oel6.jpg,copertine/a17610ec-9067-41a8-aa2f-fd5e994530bd,dry-run,
a1781dff-1a1c-407d-a766-f407cdfbfea9,oel066-026b.jpg,copertine/a1781dff-1a1c-407d-a766-f407cdfbfea9,dry-run,
a17890e4-a232-46a7-bcf2-5027f70b224f,libri4.jpg,copertine/a17890e4-a232-46a7-bcf2-5027f70b224f,dry-run,
a1789b9e-6759-4f7b-9beb-d8aed28fe679,province.jpg,copertine/a1789b9e-6759-4f7b-9beb-d8aed28fe679,dry-run,
a17cbd98-e9a0-4f6c-8a6b-a789b8286c5a,Cover-Melazzini.jpg,copertine/a17cbd98-e9a0-4f6c-8a6b-a789b8286c5a,dry-run,
a1a0a8f5-cf6a-4d47-b920-97cbcb380777,le-chiavi-di-casa.webp,copertine/a1a0a8f5-cf6a-4d47-b920-97cbcb380777,dry-run,
a1b7df98-78f6-48f7-9efc-75e507c5fc54,29-2-Ombre-e-Luci-n.98-2007-1.webp,copertine/a1b7df98-78f6-48f7-9efc-75e507c5fc54,dry-run,
a1c40aeb-400e-4f1b-823a-cd25fe464590,insieme1-cover-bambini-di-tutti.jpg,copertine/a1c40aeb-400e-4f1b-823a-cd25fe464590,dry-run,
a1c4b691-295c-406d-b3ef-d12fdf6d6dc3,1-1.jpg,copertine/a1c4b691-295c-406d-b3ef-d12fdf6d6dc3,dry-run,
a1cbe543-a4e9-4b0c-b622-85b62b4c9114,Antonietta-estate.jpg,copertine/a1cbe543-a4e9-4b0c-b622-85b62b4c9114,dry-run,
a1d078b0-7224-4bcd-8901-0e66670e8d64,resoconti-buon-natale-insieme-3-1975.webp,copertine/a1d078b0-7224-4bcd-8901-0e66670e8d64,dry-run,
a1db3836-8273-4083-a00c-a91ef5b76f29,libri-vecchi.jpg,copertine/a1db3836-8273-4083-a00c-a91ef5b76f29,dry-run,
a1e87951-9d34-4cf3-95c6-941223346607,Breccia-nel-muro-sd.jpg,copertine/a1e87951-9d34-4cf3-95c6-941223346607,dry-run,
a207807b-97f3-4879-a3a2-0bf317a1497f,the-son-and-the-sea-01.jpg,copertine/a207807b-97f3-4879-a3a2-0bf317a1497f,dry-run,
a2099aa1-d9c0-4247-87fe-86ee168bdf69,Lutto-Bambina.jpg,copertine/a2099aa1-d9c0-4247-87fe-86ee168bdf69,dry-run,
a21131eb-12af-4f8e-936e-d6389922374c,libreria.jpg,copertine/a21131eb-12af-4f8e-936e-d6389922374c,dry-run,
a22363d6-d9d3-4396-b223-e6ac9ffa28bd,Io-Capitano.jpg,copertine/a22363d6-d9d3-4396-b223-e6ac9ffa28bd,dry-run,
a2312cea-53c3-4e45-81fa-81d5d386d334,oel070-00A.jpg,copertine/a2312cea-53c3-4e45-81fa-81d5d386d334,dry-run,
a2575c2e-1941-47b3-935f-2ce3e3afa8a7,anfass-Plenaria-Ombre-e-Luci-n.144-2018.webp,copertine/a2575c2e-1941-47b3-935f-2ce3e3afa8a7,dry-run,
a264aa2e-103b-41df-8bb2-675bc10cce79,26A.jpg,copertine/a264aa2e-103b-41df-8bb2-675bc10cce79,dry-run,
a2772cdd-67ad-4a40-ba3c-ac44fe3f888f,cover-boris-sollazzo-cinema-e-disabilita-Ombre-e-Luci.jpg,copertine/a2772cdd-67ad-4a40-ba3c-ac44fe3f888f,dry-run,
a293e724-04f4-4039-a8ed-5e700d5c5943,Bambino-down-Ombre-e-Luci-n.-122-2013.webp,copertine/a293e724-04f4-4039-a8ed-5e700d5c5943,dry-run,
a2a0597f-fa64-4a8a-b69c-aefba1588b02,2-Sanremo-fin-dove-lho-visto-Davide-Passeri-Ombre-e-Luci-.webp,copertine/a2a0597f-fa64-4a8a-b69c-aefba1588b02,dry-run,
a2b4a401-e571-4b82-8a37-389438ebbffb,valeria-Ombre-e-Luci-n.138-2017.webp,copertine/a2b4a401-e571-4b82-8a37-389438ebbffb,dry-run,
a2c32388-6ea3-4639-be50-181f836f1797,O-bwrKk5hlgsC0q6GsOTxeykvGMqWZ61kED_Y0MQr-3JEc5IXv.webp,copertine/a2c32388-6ea3-4639-be50-181f836f1797,dry-run,
a3197105-a70b-4a7e-bc26-227225007dfe,Gruppo-Ascensione-uno-dei-primi-nuclei-della-grande-famiglia-Ombre-e-Luci-n.100-2007.webp,copertine/a3197105-a70b-4a7e-bc26-227225007dfe,dry-run,
a35cc9fd-6cc7-4441-9096-000dc1c30467,Vedere-oltre-onlus.jpg,copertine/a35cc9fd-6cc7-4441-9096-000dc1c30467,dry-run,
a35ce6d4-3edc-4f59-b3b7-c053a4f6b22d,Stress.jpg,copertine/a35ce6d4-3edc-4f59-b3b7-c053a4f6b22d,dry-run,
a37f015d-ff4c-4d1d-a4c6-d3d4acc72b4d,The-Teacher-film-Palestina.jpg,copertine/a37f015d-ff4c-4d1d-a4c6-d3d4acc72b4d,dry-run,
a3a054c3-d792-409f-9282-5c6165093d53,jean-1.jpg,copertine/a3a054c3-d792-409f-9282-5c6165093d53,dry-run,
a3d3d276-71ab-4ddf-bc11-aacc939ee4c5,Sguardi.jpg,copertine/a3d3d276-71ab-4ddf-bc11-aacc939ee4c5,dry-run,
a3fffa9a-b97b-4da3-92d8-03a4603d7e8f,libri-vecchi.jpg,copertine/a3fffa9a-b97b-4da3-92d8-03a4603d7e8f,dry-run,
a432f8b2-6f30-45f7-8664-ed852113a28a,treviso-studenti.jpg,copertine/a432f8b2-6f30-45f7-8664-ed852113a28a,dry-run,
a43b8f24-6a26-45e9-9cbc-ebae1f74a02e,oel057-002.jpg,copertine/a43b8f24-6a26-45e9-9cbc-ebae1f74a02e,dry-run,
a48a81a6-ad5a-4ba8-b819-3edf6a7d15ae,l-eutanasia-di-dio-Recensione-Ombre-e-Luci-n.137-2017.webp,copertine/a48a81a6-ad5a-4ba8-b819-3edf6a7d15ae,dry-run,
a4a4d4fa-8c8c-45e9-945c-dfb8057a6c03,Parco-acquatico-texas-4.jpg,copertine/a4a4d4fa-8c8c-45e9-945c-dfb8057a6c03,dry-run,
a4bc78e6-4689-4174-91b4-a154ecd67c31,oel19-014.jpg,copertine/a4bc78e6-4689-4174-91b4-a154ecd67c31,dry-run,
a4e61a27-d05e-4ea0-835d-3849836d3269,Persone-a-cui-chiedere-Ombre-e-Luci-n.-121-2013.webp,copertine/a4e61a27-d05e-4ea0-835d-3849836d3269,dry-run,
a5096a3a-53da-464b-82d0-5aa315207fdf,11.jpg,copertine/a5096a3a-53da-464b-82d0-5aa315207fdf,dry-run,
a50ed1df-bebf-4d45-aba8-ab0406ba05c0,oel048-027.jpg,copertine/a50ed1df-bebf-4d45-aba8-ab0406ba05c0,dry-run,
a51f5a2d-cc2b-4be9-9585-86a2b69c46c2,Benedetta-SuorMarie.jpg,copertine/a51f5a2d-cc2b-4be9-9585-86a2b69c46c2,dry-run,
a52538a1-f55b-4b48-a1b2-8c62690c58e8,19-1.jpg,copertine/a52538a1-f55b-4b48-a1b2-8c62690c58e8,dry-run,
a52b033a-3e9a-4347-8ba3-00e34f6defb7,oel9016.jpg,copertine/a52b033a-3e9a-4347-8ba3-00e34f6defb7,dry-run,
a54b4249-f07a-4fcf-a08f-5e58f2c50740,Dettagli-inutili-Recensione-Ombre-e-Luci-n.138-2017.webp,copertine/a54b4249-f07a-4fcf-a08f-5e58f2c50740,dry-run,
a563c56c-0c13-4dde-8bc3-34ba2f882051,Mastri-biscottai.jpg,copertine/a563c56c-0c13-4dde-8bc3-34ba2f882051,dry-run,
a5a0bf84-6586-4fa6-b1c7-5e2781e930ce,83-23-Ombre-e-Luci-n.83-2833.jpg,copertine/a5a0bf84-6586-4fa6-b1c7-5e2781e930ce,dry-run,
a5a95d73-e178-4bfd-85fe-40eeaa3e2151,Io-sono-qui-Recensione-Ombre-e-Luci-n.120-2012.webp,copertine/a5a95d73-e178-4bfd-85fe-40eeaa3e2151,dry-run,
a5c61453-4cdf-4e27-872c-796ea03e5840,oel12-010.jpg,copertine/a5c61453-4cdf-4e27-872c-796ea03e5840,dry-run,
a5cf7d8a-c9d9-40a0-b0d8-a23e732e8fcb,marie-helene-mathieu-Ombre-e-Luci-n.144-2018.webp,copertine/a5cf7d8a-c9d9-40a0-b0d8-a23e732e8fcb,dry-run,
a5e91ceb-e97e-4bbe-91fb-1cadc20bd924,6.jpg,copertine/a5e91ceb-e97e-4bbe-91fb-1cadc20bd924,dry-run,
a5ebd790-1949-48a8-b3cf-373070966757,oel20-019.jpg,copertine/a5ebd790-1949-48a8-b3cf-373070966757,dry-run,
a5f345d3-b6b6-42a4-82de-ff3cf92859e7,Carro-Matteo.jpg,copertine/a5f345d3-b6b6-42a4-82de-ff3cf92859e7,dry-run,
a6142a0b-3e78-43ba-9c4f-7ce6b8c14395,dialogo-aperto.jpg,copertine/a6142a0b-3e78-43ba-9c4f-7ce6b8c14395,dry-run,
a62afcdb-86e8-455a-a8db-4ec53476c4e5,oel034-005.jpg,copertine/a62afcdb-86e8-455a-a8db-4ec53476c4e5,dry-run,
a6335550-926e-4828-8154-3791ce2b1c1e,ivan-aleksic-PDRFeeDniCk-unsplash-1.jpg,copertine/a6335550-926e-4828-8154-3791ce2b1c1e,dry-run,
a65858af-0c23-49b5-86a1-f0796aae6440,dialogo-aperto-archivio.jpg,copertine/a65858af-0c23-49b5-86a1-f0796aae6440,dry-run,
a66bc9df-d834-469e-a032-4d5a0b02df1d,104859-FATHER_MOTHER_SISTER_BROTHER_-_Luka_Sabbat_and_Indya_Moore__Credits_Carole_Bethuel_Vague_Notion_.jpg,copertine/a66bc9df-d834-469e-a032-4d5a0b02df1d,dry-run,
a688171e-2343-4724-9adc-d70b8034e679,oel032-021.jpg,copertine/a688171e-2343-4724-9adc-d70b8034e679,dry-run,
a6901031-772b-411c-858a-8b665d6e2d3b,Kandinsky_-_Serious-_Fun_1930.webp,copertine/a6901031-772b-411c-858a-8b665d6e2d3b,dry-run,
a694a1bd-6fd1-4544-829b-388f865761b3,oel_n4_scuola.jpg,copertine/a694a1bd-6fd1-4544-829b-388f865761b3,dry-run,
a6b6f249-55cc-4dea-b3a0-038fb6ef1eab,libri-vecchi.jpg,copertine/a6b6f249-55cc-4dea-b3a0-038fb6ef1eab,dry-run,
a6b9c41b-66aa-454d-a3eb-7134636564be,Dandelion.jpg,copertine/a6b9c41b-66aa-454d-a3eb-7134636564be,dry-run,
a6e4a8fe-7f01-4a63-90e5-6571e252e163,libri-vecchi.jpg,copertine/a6e4a8fe-7f01-4a63-90e5-6571e252e163,dry-run,
a6ea26f7-e291-4ad3-a10b-35f1e466a77c,oel028-003.jpg,copertine/a6ea26f7-e291-4ad3-a10b-35f1e466a77c,dry-run,
a7481f1b-5e42-4f31-a41f-6816e7dcac52,oel031-005.jpg,copertine/a7481f1b-5e42-4f31-a41f-6816e7dcac52,dry-run,
a7530fec-6d27-408a-a13c-e4157c6a30a6,Ironia-e-hanicap-1-Ombre-e-Luci-n.-127-2014.jpeg,copertine/a7530fec-6d27-408a-a13c-e4157c6a30a6,dry-run,
a7666687-ee6b-4a0c-88c7-8507242c3ba2,oel036-008.jpg,copertine/a7666687-ee6b-4a0c-88c7-8507242c3ba2,dry-run,
a76fabfc-bde7-40b0-a386-7c609b4ce645,Venezia-cinus.jpg,copertine/a76fabfc-bde7-40b0-a386-7c609b4ce645,dry-run,
a77b5e4c-5309-4f00-be39-459fe542eb22,oel7019-adozione.jpg,copertine/a77b5e4c-5309-4f00-be39-459fe542eb22,dry-run,
a78ef933-cf45-45b8-a2f0-d8a0f68bead0,The-Blind-Side.jpg,copertine/a78ef933-cf45-45b8-a2f0-d8a0f68bead0,dry-run,
a79576cd-c920-4e6c-be28-844b7a6348bf,insieme.webp,copertine/a79576cd-c920-4e6c-be28-844b7a6348bf,dry-run,
a7acc3cd-a412-4364-9c05-20f73a0c414f,province.jpg,copertine/a7acc3cd-a412-4364-9c05-20f73a0c414f,dry-run,
a7b89b10-e62e-459f-b3bb-b372e3f6a139,dialogo-aperto.jpg,copertine/a7b89b10-e62e-459f-b3bb-b372e3f6a139,dry-run,
a7d8d84b-5208-4172-ad05-32d091ed78bb,Il-compleanno-di-Juri-Insieme-n.5-1975-Ombre-e-Luci.jpg,copertine/a7d8d84b-5208-4172-ad05-32d091ed78bb,dry-run,
a7e0721d-a154-4feb-9905-f6cf8373e246,7.jpg,copertine/a7e0721d-a154-4feb-9905-f6cf8373e246,dry-run,
a7f4cc62-9b21-4d57-a3f5-e93a422aee16,oel21-021.jpg,copertine/a7f4cc62-9b21-4d57-a3f5-e93a422aee16,dry-run,
a7ffa245-3b8a-4e2d-95bd-c6b8c3bd1542,oel025-023.jpg,copertine/a7ffa245-3b8a-4e2d-95bd-c6b8c3bd1542,dry-run,
a802612c-4b09-458f-b6d9-7eab81b4d522,Campeggio-Fede-e-Luce-Napoli-Ombre-e-Luci-n.129-2015.webp,copertine/a802612c-4b09-458f-b6d9-7eab81b4d522,dry-run,
a80dc877-6f1b-4b82-ba02-5aadf4d72942,Laura-Coccia-lavagna.jpg,copertine/a80dc877-6f1b-4b82-ba02-5aadf4d72942,dry-run,
a80eb449-94eb-4ae4-8130-9ce6b7f082c0,lettere.jpg,copertine/a80eb449-94eb-4ae4-8130-9ce6b7f082c0,dry-run,
a8111253-11f0-40ed-898f-aa0753624b6d,OLMO-Still-H-2025.webp,copertine/a8111253-11f0-40ed-898f-aa0753624b6d,dry-run,
a81c3304-4a93-4b9e-99c8-a0003e4fea0a,Benedetta-Papa-Francesco.jpg,copertine/a81c3304-4a93-4b9e-99c8-a0003e4fea0a,dry-run,
a82420cc-61b0-45ff-a484-23cf9e25b88e,confessione.jpg,copertine/a82420cc-61b0-45ff-a484-23cf9e25b88e,dry-run,
a85396fa-dcfa-4eba-a531-e1d8d1eb82e9,dialogo-aperto.jpg,copertine/a85396fa-dcfa-4eba-a531-e1d8d1eb82e9,dry-run,
a8666fc2-9d4b-4de9-a89d-0cff466f9446,wouter-supardi-salari-6eZgtpXdlDk-unsplash.webp,copertine/a8666fc2-9d4b-4de9-a89d-0cff466f9446,dry-run,
a87c1ac1-e3c9-4f27-bd6a-5aad24d82706,Carnevale.jpg,copertine/a87c1ac1-e3c9-4f27-bd6a-5aad24d82706,dry-run,
a882af9b-6010-4d48-a3fd-c7c7e44a0cad,adolf-ciglia.jpg,copertine/a882af9b-6010-4d48-a3fd-c7c7e44a0cad,dry-run,
a8972ad7-f363-49b9-a96c-fe8cbe51a6ed,oel042-00A.jpg,copertine/a8972ad7-f363-49b9-a96c-fe8cbe51a6ed,dry-run,
a8a5a415-0607-4f66-bf9e-f6a6f14778e0,il-carro.jpg,copertine/a8a5a415-0607-4f66-bf9e-f6a6f14778e0,dry-run,
a8de2ea8-de90-4431-94e0-8050773aa04e,oel062-00A.jpg,copertine/a8de2ea8-de90-4431-94e0-8050773aa04e,dry-run,
a8fff345-ac51-4779-90b9-5124c10d9161,Sur-ladamant-min.jpg,copertine/a8fff345-ac51-4779-90b9-5124c10d9161,dry-run,
a9059b64-27ae-4df1-957d-c17f8d3fc105,Io-sono-nato-cosi-Recensione-Ombre-e-Luci-n.-122-2013.webp,copertine/a9059b64-27ae-4df1-957d-c17f8d3fc105,dry-run,
a91ff64c-42a3-4435-8cd6-a2426f4b94df,oel052-025.jpg,copertine/a91ff64c-42a3-4435-8cd6-a2426f4b94df,dry-run,
a93d00e7-ea4c-41bd-800f-284a6b6f3476,5-Sanremo-fin-dove-lho-visto-Davide-PAsseri-Ombre-e-Luci.webp,copertine/a93d00e7-ea4c-41bd-800f-284a6b6f3476,dry-run,
a940352b-f729-4b62-ad0c-19d5d8e897d6,16-2.jpg,copertine/a940352b-f729-4b62-ad0c-19d5d8e897d6,dry-run,
a9470fc3-be14-46f0-a144-5968fe993b63,fede-e-luce-compie-40-anni.jpg,copertine/a9470fc3-be14-46f0-a144-5968fe993b63,dry-run,
a94dcbf9-71cf-4252-9823-b553a2c06459,insieme-10-1976-notiziario-fede-e-luce.webp,copertine/a94dcbf9-71cf-4252-9823-b553a2c06459,dry-run,
a94f52d9-faf0-49ba-bd45-5d9a2514da55,autismo-blue.jpg,copertine/a94f52d9-faf0-49ba-bd45-5d9a2514da55,dry-run,
a9501de1-a455-4637-85b6-45d6a2228542,Chagall-Parigi-dalla-finestra-1913.jpg,copertine/a9501de1-a455-4637-85b6-45d6a2228542,dry-run,
a9593e82-0372-411a-9bc1-51892d5da611,Messina.jpg,copertine/a9593e82-0372-411a-9bc1-51892d5da611,dry-run,
a9910999-56a6-45f4-8db5-b896cec2a891,00-28-Ombre-e-Luci-n.-79-2002.jpg,copertine/a9910999-56a6-45f4-8db5-b896cec2a891,dry-run,
a99785db-751b-4bcf-8c46-43d38d002efc,iSpXcWVXZQqGMwRxVh52qgrBhRyrIeS1OEP6f3emU4C0p275aH.webp,copertine/a99785db-751b-4bcf-8c46-43d38d002efc,dry-run,
a99bf857-aef1-43a5-86ac-8774ed7fbb36,oel062-025.jpg,copertine/a99bf857-aef1-43a5-86ac-8774ed7fbb36,dry-run,
a9c28c84-8958-4369-a72c-4acc82fb8b47,oel069-018.jpg,copertine/a9c28c84-8958-4369-a72c-4acc82fb8b47,dry-run,
a9d85539-1203-4e58-b25d-1086a45d9281,oel045-015.jpg,copertine/a9d85539-1203-4e58-b25d-1086a45d9281,dry-run,
a9fb8467-b701-41e4-849f-6908fdf6eac2,maria-goffi.jpg,copertine/a9fb8467-b701-41e4-849f-6908fdf6eac2,dry-run,
aa1870bb-9873-419f-b84a-d9d4c9709d68,14-1.jpg,copertine/aa1870bb-9873-419f-b84a-d9d4c9709d68,dry-run,
aa3f2296-5b20-4b0a-aff4-4ce154b163f8,0-1.jpg,copertine/aa3f2296-5b20-4b0a-aff4-4ce154b163f8,dry-run,
aa6aadba-045d-4512-b94a-f143a91eaf96,25-1.jpg,copertine/aa6aadba-045d-4512-b94a-f143a91eaf96,dry-run,
aa6aea35-cc7d-45a7-8516-c50f1b1026b1,oel043-019.jpg,copertine/aa6aea35-cc7d-45a7-8516-c50f1b1026b1,dry-run,
aa88d476-907a-46a1-9165-7e79a4e20796,La-vita-a-santa-palomba-1-Ombre-e-Luci-n.123-2013.jpeg,copertine/aa88d476-907a-46a1-9165-7e79a4e20796,dry-run,
aa8a8768-224d-4ed1-808d-cc5e52e20e84,51-Ombre-e-Luci-n.82-2003.jpg,copertine/aa8a8768-224d-4ed1-808d-cc5e52e20e84,dry-run,
aa94e9e1-e047-4836-8d31-56dca4f09240,province.jpg,copertine/aa94e9e1-e047-4836-8d31-56dca4f09240,dry-run,
aa9f8989-b0c1-4776-82aa-8eb041950689,00-3.jpg,copertine/aa9f8989-b0c1-4776-82aa-8eb041950689,dry-run,
aaa08d95-815a-4ff2-a70a-53a71bfafcd1,Musicoterapia-Ombre-e-Luci-n.139-2017.webp,copertine/aaa08d95-815a-4ff2-a70a-53a71bfafcd1,dry-run,
aab84782-5dc9-4961-aeb7-7196acb2f211,Trattoria-de-Gli-Amici.jpg,copertine/aab84782-5dc9-4961-aeb7-7196acb2f211,dry-run,
aabadacc-068a-4266-8904-4963037fd4d0,province.jpg,copertine/aabadacc-068a-4266-8904-4963037fd4d0,dry-run,
aac79afb-15b9-48fc-b089-05888bd8a892,oel030-006.jpg,copertine/aac79afb-15b9-48fc-b089-05888bd8a892,dry-run,
aacad9dc-7694-4e06-bac5-be06635479e9,la-nostra-presenza-accanto-a-lei-Ombre-e-Luci-n.-115-2011.webp,copertine/aacad9dc-7694-4e06-bac5-be06635479e9,dry-run,
aaf3372e-ef14-4131-ba4d-9756f1211e48,oel060-013.jpg,copertine/aaf3372e-ef14-4131-ba4d-9756f1211e48,dry-run,
ab0cb58c-7ac2-46e9-bcda-b458edab4f48,oel22-cavallo.jpg,copertine/ab0cb58c-7ac2-46e9-bcda-b458edab4f48,dry-run,
ab15e1d9-9f46-4c24-af7c-ed459802bbb8,dialogo-aperto.jpg,copertine/ab15e1d9-9f46-4c24-af7c-ed459802bbb8,dry-run,
ab1a5763-0ded-4160-b868-cc36fca30811,Libano-Ombre-e-luci-n.143-2018.webp,copertine/ab1a5763-0ded-4160-b868-cc36fca30811,dry-run,
ab392b52-c1b9-40f0-a1a7-3beb988213d4,carlo-gnocchi-pedagogia-dolore-innocente-Ombre-e-Luci-n.136-2016.webp,copertine/ab392b52-c1b9-40f0-a1a7-3beb988213d4,dry-run,
ab40bd4e-66db-454a-9d1a-2f166ca0363a,Nessun-profitto-Nussbaum-recensione-Ombre-e-Luci-n.-115-2011.webp,copertine/ab40bd4e-66db-454a-9d1a-2f166ca0363a,dry-run,
ab73ddf4-f67e-4212-a614-e78f58409864,oel048-015.jpg,copertine/ab73ddf4-f67e-4212-a614-e78f58409864,dry-run,
ab7fd6ff-7952-4837-9cae-9738c73d6a11,La-caduta-Copertina-Ombre-e-Luci-n.125-2014.jpg,copertine/ab7fd6ff-7952-4837-9cae-9738c73d6a11,dry-run,
ab836932-1398-4a45-81e6-371f073bb51a,Cogliere-un-fiore-e-consegnarlo-alla-luce-M.T.-Mosconi-E.C.-Straluino-Recensione-libro-Ombre-e-Luci-n.-79-2002.jpg,copertine/ab836932-1398-4a45-81e6-371f073bb51a,dry-run,
ab9c0cbb-4076-423d-b715-251e85262f74,27A-Ombre-e-Luci-n.97-2007.jpg,copertine/ab9c0cbb-4076-423d-b715-251e85262f74,dry-run,
ab9d0256-2784-40b5-b968-f636c5bb5c86,montecitorio.jpg,copertine/ab9d0256-2784-40b5-b968-f636c5bb5c86,dry-run,
aba22934-71d0-4196-b42b-6ea313d0f366,oel_n4_difficle.jpg,copertine/aba22934-71d0-4196-b42b-6ea313d0f366,dry-run,
aba4cc61-16a1-4774-97de-4297d9b44bcd,detoutesnosforces.jpg,copertine/aba4cc61-16a1-4774-97de-4297d9b44bcd,dry-run,
abab37b5-e698-4d45-80ee-43d6f57cfc12,eucaristia.webp,copertine/abab37b5-e698-4d45-80ee-43d6f57cfc12,dry-run,
abacb6c0-d7c9-4c31-ab8d-a3a9d0843713,Pellegrine-cipriote-Ombre-e-Luci-n.115-2011.webp,copertine/abacb6c0-d7c9-4c31-ab8d-a3a9d0843713,dry-run,
abcf0856-eec5-46f6-8838-a3c3e860d3a6,oel040-019.jpg,copertine/abcf0856-eec5-46f6-8838-a3c3e860d3a6,dry-run,
abd3c287-4350-46dc-9fea-c6bfef88ae4c,oel19-010.jpg,copertine/abd3c287-4350-46dc-9fea-c6bfef88ae4c,dry-run,
abd70eef-9533-4dcc-bc0c-323939220bb8,oel23-028.jpg,copertine/abd70eef-9533-4dcc-bc0c-323939220bb8,dry-run,
abdab6f6-ab71-4589-90a0-9e9b014af40a,associazione-la-nostra-famiglia.jpg,copertine/abdab6f6-ab71-4589-90a0-9e9b014af40a,dry-run,
abdfec58-4664-44f5-8861-419cd3f57713,oel11-003.jpg,copertine/abdfec58-4664-44f5-8861-419cd3f57713,dry-run,
ac09ddb8-5e05-46e7-b851-d4eb2e5f16c4,oel18-006B.jpg,copertine/ac09ddb8-5e05-46e7-b851-d4eb2e5f16c4,dry-run,
ac163b56-fb69-4245-b844-02f535110591,Fede-e-Luce-inizi.jpg,copertine/ac163b56-fb69-4245-b844-02f535110591,dry-run,
ac3a90f0-cc17-4049-878d-c215f62d6d8e,Houria.jpg,copertine/ac3a90f0-cc17-4049-878d-c215f62d6d8e,dry-run,
ac5ef98b-79a2-43f5-bd68-aef691a8b954,Giorgione_-_Adoration_of_the_Shepherds_-_National_Gallery_of_Art.webp,copertine/ac5ef98b-79a2-43f5-bd68-aef691a8b954,dry-run,
acacaacd-99b2-4f04-bbd2-e324cd705819,oel060-021.jpg,copertine/acacaacd-99b2-4f04-bbd2-e324cd705819,dry-run,
acba2753-5dd3-4cc4-b0cd-c01482ba250c,52a-Ombre-e-Luci-n.82-2003.jpg,copertine/acba2753-5dd3-4cc4-b0cd-c01482ba250c,dry-run,
acd9bc09-01cf-48a5-917c-ec027cff10a1,39-Ombre-e-Luci-n.82-2003.jpg,copertine/acd9bc09-01cf-48a5-917c-ec027cff10a1,dry-run,
ad216d79-6e28-4e5a-803d-727923039937,correre-insieme-al-polo-nord-ombreeluci.it-n85.jpg,copertine/ad216d79-6e28-4e5a-803d-727923039937,dry-run,
ad2e266d-4712-42c5-834d-8c0e17869249,libri-vecchi.jpg,copertine/ad2e266d-4712-42c5-834d-8c0e17869249,dry-run,
ad33d53a-7307-457e-a55e-5f7f99aa4c05,cooperative-sociali.jpg,copertine/ad33d53a-7307-457e-a55e-5f7f99aa4c05,dry-run,
ad33ddf1-8cb6-4b73-8c68-d07b794fb134,insieme-4-poesia-visages-volti.jpg,copertine/ad33ddf1-8cb6-4b73-8c68-d07b794fb134,dry-run,
ad59e4f6-270a-40cd-808c-23359ccce197,Benedetta-IV-2025.jpg,copertine/ad59e4f6-270a-40cd-808c-23359ccce197,dry-run,
ad7a8a4f-7665-42e9-acc4-bbd9facb43c7,Antonietta-Rosolino.jpg,copertine/ad7a8a4f-7665-42e9-acc4-bbd9facb43c7,dry-run,
ad813a1f-e6a1-4369-b184-44ba877b479c,national-cancer-institute-gyGyIEeikSw-unsplash.webp,copertine/ad813a1f-e6a1-4369-b184-44ba877b479c,dry-run,
ad866383-d1f7-48f6-bb08-2fb5ec1a34fd,oel10012.jpg,copertine/ad866383-d1f7-48f6-bb08-2fb5ec1a34fd,dry-run,
adb6c88d-9687-44fb-9751-1cb20990ead3,pawel-szvmanski-vuwLcfHVk5Y-unsplash.webp,copertine/adb6c88d-9687-44fb-9751-1cb20990ead3,dry-run,
adb84a18-7a54-4082-83ee-4394c407dfe0,oel8011-4.jpg,copertine/adb84a18-7a54-4082-83ee-4394c407dfe0,dry-run,
adbc8b08-5ba0-4094-99f2-e2e51be9aa27,pellegrinaggioFEDEELUCE2015-4.jpg,copertine/adbc8b08-5ba0-4094-99f2-e2e51be9aa27,dry-run,
adbcbe21-4fde-4dc2-9427-a81c07f61344,Laura-Coccia-2.jpg,copertine/adbcbe21-4fde-4dc2-9427-a81c07f61344,dry-run,
adcb7351-1083-491d-b36a-e6554d31e031,Il-Cantiere.jpg,copertine/adcb7351-1083-491d-b36a-e6554d31e031,dry-run,
add25808-38da-4015-afe4-392acecf0332,te-lavevo-detto.jpg,copertine/add25808-38da-4015-afe4-392acecf0332,dry-run,
add452b6-215f-4dc8-a491-f8fcc0d2ab5b,copertina-libro-vi-ho-amato-tutti-heuchel_.jpg,copertine/add452b6-215f-4dc8-a491-f8fcc0d2ab5b,dry-run,
adf1181f-de80-43d4-9040-51ef5ddb66e3,dialogo-aperto.jpg,copertine/adf1181f-de80-43d4-9040-51ef5ddb66e3,dry-run,
ae0636d7-28c1-4c8f-a4ad-8dd6ed02869d,Massi-16-9.jpg,copertine/ae0636d7-28c1-4c8f-a4ad-8dd6ed02869d,dry-run,
ae38e573-94fa-42f7-a40a-71477776b41f,Imperfetta-copertina.jpg,copertine/ae38e573-94fa-42f7-a40a-71477776b41f,dry-run,
ae544de3-3d9c-4dea-b574-68a3822e234c,oel049-017.jpg,copertine/ae544de3-3d9c-4dea-b574-68a3822e234c,dry-run,
ae7a1ae1-43d5-4fee-8431-3cf6bcc0e69d,Copertina_OL-164.jpg,copertine/ae7a1ae1-43d5-4fee-8431-3cf6bcc0e69d,dry-run,
ae7c0799-ad6a-4ce6-a2e3-c6d806fcb883,29-Ombre-e-Luci-n.99-2007.webp,copertine/ae7c0799-ad6a-4ce6-a2e3-c6d806fcb883,dry-run,
ae7e7ce1-2186-48b1-b556-4675beb84112,fai-bei-sogni-ombre-e-luci-n.119-2012.webp,copertine/ae7e7ce1-2186-48b1-b556-4675beb84112,dry-run,
ae80aab8-1231-4634-b6ca-ca416c8cbfed,Mai-piu-per-non-dimenticare-1.jpg,copertine/ae80aab8-1231-4634-b6ca-ca416c8cbfed,dry-run,
aeaac2bf-986d-4152-81b6-dc3189c891cb,oel042-019.jpg,copertine/aeaac2bf-986d-4152-81b6-dc3189c891cb,dry-run,
aec5232e-c538-414a-b2f1-c8ae34f6a252,28B-Ombre-e-Luci-n.97-2007.jpg,copertine/aec5232e-c538-414a-b2f1-c8ae34f6a252,dry-run,
aee349f3-058b-4cd6-8b6f-9b62b6313c7a,oel063-00A.jpg,copertine/aee349f3-058b-4cd6-8b6f-9b62b6313c7a,dry-run,
af284608-1e80-42da-94f5-4d4ed688f9e3,Don-Gianni.jpg,copertine/af284608-1e80-42da-94f5-4d4ed688f9e3,dry-run,
af56df40-6120-4232-b14e-8fb5d4b3ee2f,lettere.jpg,copertine/af56df40-6120-4232-b14e-8fb5d4b3ee2f,dry-run,
af6e7c36-1819-4d89-9dd8-388bbdd5ed0f,Maneggiare-con-cura-cover.jpg,copertine/af6e7c36-1819-4d89-9dd8-388bbdd5ed0f,dry-run,
af746ef8-6395-4b5c-9127-f92f88151eea,oel_n6_comunita.jpg,copertine/af746ef8-6395-4b5c-9127-f92f88151eea,dry-run,
af785a24-d65a-483d-a983-59fee4b7633f,messaggio-disabilità-papa-francesco.jpg,copertine/af785a24-d65a-483d-a983-59fee4b7633f,dry-run,
af868060-51a9-439e-aebd-1915ad63369d,Libro-Barbara-Cagni.jpg,copertine/af868060-51a9-439e-aebd-1915ad63369d,dry-run,
af8b1a54-4f49-4c04-9840-c1bea6199c94,Don-Storri-Associazione-I-SempreVivi-Ombre-e-Luci-n.-121-2013.webp,copertine/af8b1a54-4f49-4c04-9840-c1bea6199c94,dry-run,
af9e861d-9f14-488b-b32d-76ff3e177daf,oel062-004B.jpg,copertine/af9e861d-9f14-488b-b32d-76ff3e177daf,dry-run,
afa51eb1-ea98-4872-a2d6-a7d4ac7149c5,0-Ombre-e-Luci-n.97-2007.jpg,copertine/afa51eb1-ea98-4872-a2d6-a7d4ac7149c5,dry-run,
afa8b17c-f70a-406a-8912-37cf5e9734a6,oel049-027.jpg,copertine/afa8b17c-f70a-406a-8912-37cf5e9734a6,dry-run,
afc14cbf-f7d0-45a8-b930-ea09cbe7ff23,00-27-Ombre-e-Luci-n.80-2002.jpg,copertine/afc14cbf-f7d0-45a8-b930-ea09cbe7ff23,dry-run,
afc90a74-25f9-4627-a724-84814b8a6b0a,Disabilita-e-buona-educazione-Insieme-n.16-1978-Ombre-e-Luci.jpg,copertine/afc90a74-25f9-4627-a724-84814b8a6b0a,dry-run,
afd4fcff-bca4-4add-851d-e84438ef0081,son-mother.jpg,copertine/afd4fcff-bca4-4add-851d-e84438ef0081,dry-run,
afe545ae-c832-4193-978b-d0afe5704575,Crip-Camp-small.jpg,copertine/afe545ae-c832-4193-978b-d0afe5704575,dry-run,
b005e63e-ad23-4cb7-abe1-9e52eff7bbae,oel054-015.jpg,copertine/b005e63e-ad23-4cb7-abe1-9e52eff7bbae,dry-run,
b060f924-d8f3-403b-94eb-5a58ce959fdb,Cover-libro-Sumner.jpg,copertine/b060f924-d8f3-403b-94eb-5a58ce959fdb,dry-run,
b09cdc39-4186-458b-ae54-031b8bddc228,dialogo-aperto.jpg,copertine/b09cdc39-4186-458b-ae54-031b8bddc228,dry-run,
b0dd4530-412e-4233-99c7-a35ff601186b,Benedetta-scuola.jpg,copertine/b0dd4530-412e-4233-99c7-a35ff601186b,dry-run,
b0e1e0fd-edce-4790-a473-02455c5c645e,oel17-007.jpg,copertine/b0e1e0fd-edce-4790-a473-02455c5c645e,dry-run,
b0f280ad-f295-4b8a-b8b9-8e7a725bd85c,Marie-Helene-Mathieu-Ombre-e-Luci-n.129-2015.webp,copertine/b0f280ad-f295-4b8a-b8b9-8e7a725bd85c,dry-run,
b0fbbaa8-e73b-409d-aa87-c6588b66710b,dialogo-aperto-archivio.jpg,copertine/b0fbbaa8-e73b-409d-aa87-c6588b66710b,dry-run,
b0fca677-142e-4c6d-a545-1c9d804bb89c,dialogo-aperto.jpg,copertine/b0fca677-142e-4c6d-a545-1c9d804bb89c,dry-run,
b1124b2f-f4d9-4ec8-a519-48966b2b6ac4,dialogo-aperto.jpg,copertine/b1124b2f-f4d9-4ec8-a519-48966b2b6ac4,dry-run,
b11d69e2-7e04-414d-a282-1e6269287b05,Conicchioli-cop.jpg,copertine/b11d69e2-7e04-414d-a282-1e6269287b05,dry-run,
b125e6ed-baf8-4844-80ae-7971518e1df3,libri-vecchi.jpg,copertine/b125e6ed-baf8-4844-80ae-7971518e1df3,dry-run,
b13fe00c-983e-4ea9-bf32-4d909827576b,Associazione.jpg,copertine/b13fe00c-983e-4ea9-bf32-4d909827576b,dry-run,
b158b2f0-9a17-417b-9dff-a71734d6de37,Scooppiati.webp,copertine/b158b2f0-9a17-417b-9dff-a71734d6de37,dry-run,
b1829e92-ee7f-4c4c-bb7b-e1d53d0c428d,Wheelchair-hockey-Italia-campione-del-mondo.jpg,copertine/b1829e92-ee7f-4c4c-bb7b-e1d53d0c428d,dry-run,
b1a036ac-c362-4d36-a202-5943bebe5c15,la-Ferme-2.webp,copertine/b1a036ac-c362-4d36-a202-5943bebe5c15,dry-run,
b1d0bda5-58e6-4ce4-a739-d7f97f080f7c,Benito-intervista-uno-dei-migranti-nel-documentario-Migrati-Ombre-e-Luci-n.138-2017.webp,copertine/b1d0bda5-58e6-4ce4-a739-d7f97f080f7c,dry-run,
b1e9d58f-1baa-4cd5-80ff-74f4a222f45c,LIBRO-Colaneri-headcover.jpg,copertine/b1e9d58f-1baa-4cd5-80ff-74f4a222f45c,dry-run,
b22d2780-d6ec-4f6d-b12b-957e5ca97586,oel063-009.jpg,copertine/b22d2780-d6ec-4f6d-b12b-957e5ca97586,dry-run,
b23c5dbc-68a1-4985-8b74-d29fd388f1f4,Benedetta.jpg,copertine/b23c5dbc-68a1-4985-8b74-d29fd388f1f4,dry-run,
b23db27d-382d-4c8e-a670-703157445abe,libri-vecchi.jpg,copertine/b23db27d-382d-4c8e-a670-703157445abe,dry-run,
b248081b-7611-4091-9d58-a458ab4175be,CVL-Brescia-progetti-sollievo.jpg,copertine/b248081b-7611-4091-9d58-a458ab4175be,dry-run,
b2663565-c4c5-4717-90d3-c53b230e4c94,oel062-004C.jpg,copertine/b2663565-c4c5-4717-90d3-c53b230e4c94,dry-run,
b2784356-34db-414b-8213-6a8c3c4d4948,oel043-007.jpg,copertine/b2784356-34db-414b-8213-6a8c3c4d4948,dry-run,
b279780a-481f-47af-9b8f-a4832aaecaf9,Benedetta-io-salvo.jpg,copertine/b279780a-481f-47af-9b8f-a4832aaecaf9,dry-run,
b27cd813-d12c-4179-b3c4-c46f35d5de4a,23.jpg,copertine/b27cd813-d12c-4179-b3c4-c46f35d5de4a,dry-run,
b2a0cf61-00a4-4ba8-86fb-9dd933893e1d,5-Ombre-e-Luci-n.84-2003.jpg,copertine/b2a0cf61-00a4-4ba8-86fb-9dd933893e1d,dry-run,
b2cdb503-81d8-4ace-8224-2b855c58565b,Benedetta-settembre.jpg,copertine/b2cdb503-81d8-4ace-8224-2b855c58565b,dry-run,
b2d12a61-3af4-488c-9751-c90f65f5ede2,Efrem.jpg,copertine/b2d12a61-3af4-488c-9751-c90f65f5ede2,dry-run,
b2d39f0c-250d-4d98-b1a2-28ee2dcd6fcd,Copertina-144.jpg,copertine/b2d39f0c-250d-4d98-b1a2-28ee2dcd6fcd,dry-run,
b2daede5-c9ce-4202-a85f-60782b8d19ae,oel14-gallery-008.jpg,copertine/b2daede5-c9ce-4202-a85f-60782b8d19ae,dry-run,
b2efd30b-eb63-4b9b-a822-25025a0bf8a9,DIS-Integration-Mostra-SantEgidio-2022-3.jpg,copertine/b2efd30b-eb63-4b9b-a822-25025a0bf8a9,dry-run,
b331b73f-4bfe-4582-a39a-d04f2d435eb1,oel20-016.jpg,copertine/b331b73f-4bfe-4582-a39a-d04f2d435eb1,dry-run,
b3408140-3000-4c7c-9e4b-d092a107fb73,r_DfL8hUK1rxuTv9mqyv0nrXZupP2IbCbGJXRTX8iq4YS-0LkW.webp,copertine/b3408140-3000-4c7c-9e4b-d092a107fb73,dry-run,
b35203bd-d8bd-4fe2-b94b-f3aa3e2d6b67,lina-trochez-ktPKyUs3Qjs-unsplash.webp,copertine/b35203bd-d8bd-4fe2-b94b-f3aa3e2d6b67,dry-run,
b39881b9-f3c5-44f8-8269-ba60278327f5,anffas-60-anni-down.jpg,copertine/b39881b9-f3c5-44f8-8269-ba60278327f5,dry-run,
b3a09a4c-907b-4314-9cbc-3b9e0d7b316e,Parolimparty-2019-3.jpeg,copertine/b3a09a4c-907b-4314-9cbc-3b9e0d7b316e,dry-run,
b3a3548b-4cd2-4f65-92cf-9da3e0556a5a,020-Matentere-viva-la-giovinezza-del-cuoere-Ombre-e-Luci-n.74-2001.jpg,copertine/b3a3548b-4cd2-4f65-92cf-9da3e0556a5a,dry-run,
b3b2175d-5184-43b1-9a8e-41a61e5d87ec,Jean-funerale-4.jpg,copertine/b3b2175d-5184-43b1-9a8e-41a61e5d87ec,dry-run,
b3bce724-61de-484a-98a7-8c0dec9aa43a,stefano-pietro-2.jpg,copertine/b3bce724-61de-484a-98a7-8c0dec9aa43a,dry-run,
b41b9e0d-7f68-4cc1-9ebf-ed002c039c9c,Io-Capitano.jpg,copertine/b41b9e0d-7f68-4cc1-9ebf-ed002c039c9c,dry-run,
b43c4f00-12c8-4d2d-b03e-d71d40040db0,San-Giuseppe.jpg,copertine/b43c4f00-12c8-4d2d-b03e-d71d40040db0,dry-run,
b43f642d-2bdb-4d08-8751-5b1bac3df020,Cover-libro-Paolini.jpg,copertine/b43f642d-2bdb-4d08-8751-5b1bac3df020,dry-run,
b4441d97-0764-4e02-b930-05ce67936aac,stefano-1.jpg,copertine/b4441d97-0764-4e02-b930-05ce67936aac,dry-run,
b464ad22-e14a-490e-9b8a-60a2ec0e2559,l-educazione-attraverso-l-esempio-Ombre-e-Luci-n.136-2016.webp,copertine/b464ad22-e14a-490e-9b8a-60a2ec0e2559,dry-run,
b472e8a5-0418-405b-80c8-b7a99a9d2baf,00-14-Ombre-e-Luci-n.80-2002.jpg,copertine/b472e8a5-0418-405b-80c8-b7a99a9d2baf,dry-run,
b4888f47-b5a9-48fe-8703-bb6cd29caaa0,Mariangela-Nazareth-Ombre-e-Luci-n.128-2014.webp,copertine/b4888f47-b5a9-48fe-8703-bb6cd29caaa0,dry-run,
b49fad57-5bd2-4aae-b6ea-47e5258d4ae1,libri-vecchi.jpg,copertine/b49fad57-5bd2-4aae-b6ea-47e5258d4ae1,dry-run,
b4e6d8eb-8598-489b-b019-a7292f3655bc,editoriale-113.jpg,copertine/b4e6d8eb-8598-489b-b019-a7292f3655bc,dry-run,
b4ef0da1-311b-4c75-b620-f9891a795e8b,Schermata-2025-01-27-alle-17.03.10.webp,copertine/b4ef0da1-311b-4c75-b620-f9891a795e8b,dry-run,
b504fbc2-434f-4ef6-80bd-de37c2209cdb,Semini.jpg,copertine/b504fbc2-434f-4ef6-80bd-de37c2209cdb,dry-run,
b50de0aa-c924-4794-85e6-0c4f0997941e,maria-sole-Ombre-e-Luci-n.135-2016.webp,copertine/b50de0aa-c924-4794-85e6-0c4f0997941e,dry-run,
b53081ad-b845-4a75-8b14-a33da4729b49,oel056-009.jpg,copertine/b53081ad-b845-4a75-8b14-a33da4729b49,dry-run,
b5322342-0e71-4409-a948-8be4d1b81dab,Cover-Basaglia.jpg,copertine/b5322342-0e71-4409-a948-8be4d1b81dab,dry-run,
b53f1369-fca9-43d1-83f9-019137ee6db4,oel049-024.jpg,copertine/b53f1369-fca9-43d1-83f9-019137ee6db4,dry-run,
b5595314-5ad3-4118-8d3d-6228761bc43f,oel12-029.jpg,copertine/b5595314-5ad3-4118-8d3d-6228761bc43f,dry-run,
b5628262-1943-4983-b8e9-d062a0c9379b,libri-vecchi.jpg,copertine/b5628262-1943-4983-b8e9-d062a0c9379b,dry-run,
b56d3d23-1918-4b2a-abcc-a11c92bec013,cover-armando-damato-cinema-e-disabilita-Ombre-e-Luci.jpg,copertine/b56d3d23-1918-4b2a-abcc-a11c92bec013,dry-run,
b56dfe9c-b87b-4301-a1a9-ebb00d371986,Laura-Coccia.jpg,copertine/b56dfe9c-b87b-4301-a1a9-ebb00d371986,dry-run,
b57ce613-4197-4070-8301-6d6e367ed3e8,1A-Ombre-e-Luci-n.97-2007.jpg,copertine/b57ce613-4197-4070-8301-6d6e367ed3e8,dry-run,
b5915a5c-8fc9-42d2-b45f-1e1186492780,Lutto-bambini.jpg,copertine/b5915a5c-8fc9-42d2-b45f-1e1186492780,dry-run,
b5eb1bc0-41af-4f4e-a574-a9504c43d4a7,Privavera-di-fede-Ombre-e-Luci-n.-121-2013.webp,copertine/b5eb1bc0-41af-4f4e-a574-a9504c43d4a7,dry-run,
b60231ae-39c8-4e4e-947f-a48b4735dcd3,Distanza-ok.jpg,copertine/b60231ae-39c8-4e4e-947f-a48b4735dcd3,dry-run,
b60927b8-197e-4b6f-bd92-b6dda6bc7855,a-good-perfect-girl-cop.jpg,copertine/b60927b8-197e-4b6f-bd92-b6dda6bc7855,dry-run,
b651d4bf-ca55-4586-a134-e5f93f447b66,Quando-costa-il-pelleginaggio-di-Roma-1975-Insieme-n.5-1975-Ombre-e-Luci.jpg,copertine/b651d4bf-ca55-4586-a134-e5f93f447b66,dry-run,
b662869a-4457-49c9-916f-99780f1db214,Seminario-Welforum-Bari.jpg,copertine/b662869a-4457-49c9-916f-99780f1db214,dry-run,
b66f6cee-77af-4a28-ad9b-9e89d25d9f80,oel066-005.jpg,copertine/b66f6cee-77af-4a28-ad9b-9e89d25d9f80,dry-run,
b677b103-ac4c-4ec0-bcf8-1b08200b8f6a,dialogo-aperto.jpg,copertine/b677b103-ac4c-4ec0-bcf8-1b08200b8f6a,dry-run,
b67f53e5-c7d2-4da0-8243-9727a7940597,libri-vecchi.jpg,copertine/b67f53e5-c7d2-4da0-8243-9727a7940597,dry-run,
b6a6186a-d462-45c8-ab39-8bf5cc814c05,Tre-fratelli-cop.jpg,copertine/b6a6186a-d462-45c8-ab39-8bf5cc814c05,dry-run,
b6b55169-dc59-4cae-8de5-f83e05043e6c,bissonier-candele.jpg,copertine/b6b55169-dc59-4cae-8de5-f83e05043e6c,dry-run,
b6c770e2-f6a0-4e95-b98c-b4197b9eb0d0,Larysa.jpg,copertine/b6c770e2-f6a0-4e95-b98c-b4197b9eb0d0,dry-run,
b6dceebf-de9b-40f3-ac99-f38bd0e7e35f,oel025-015.jpg,copertine/b6dceebf-de9b-40f3-ac99-f38bd0e7e35f,dry-run,
b6e73f08-2e08-408b-9129-fbf9c9378719,province.jpg,copertine/b6e73f08-2e08-408b-9129-fbf9c9378719,dry-run,
b6ec4f09-ce92-4e66-a339-793685538a33,uomini-di-dio-recensione-film.jpg,copertine/b6ec4f09-ce92-4e66-a339-793685538a33,dry-run,
b7421cca-fc1d-4035-ad5c-2782851d93b9,oel069-010.jpg,copertine/b7421cca-fc1d-4035-ad5c-2782851d93b9,dry-run,
b74440ef-68a2-4bb6-bb01-d65d39b0f1b9,Alejandra-Maurizio.jpg,copertine/b74440ef-68a2-4bb6-bb01-d65d39b0f1b9,dry-run,
b77ff3b3-c5b5-4d63-8ac0-bdb35f45feac,dialogo-aperto-archivio.jpg,copertine/b77ff3b3-c5b5-4d63-8ac0-bdb35f45feac,dry-run,
b7ad8fdc-a156-4cba-8f8b-30dafd59285e,oel10023.jpg,copertine/b7ad8fdc-a156-4cba-8f8b-30dafd59285e,dry-run,
b7d91bfb-62be-4bfb-9874-0a21cf1d5bc1,Porziuncola-Assisi-2024.jpg,copertine/b7d91bfb-62be-4bfb-9874-0a21cf1d5bc1,dry-run,
b7e4d073-9e7f-4f3d-ad95-9c729c2dc52e,Redazione-Mariangela.jpg,copertine/b7e4d073-9e7f-4f3d-ad95-9c729c2dc52e,dry-run,
b7f3c7a1-69be-4960-a609-136a9e4ae630,The-Best-Is-Yet-To-Come.jpg,copertine/b7f3c7a1-69be-4960-a609-136a9e4ae630,dry-run,
b846306d-c3e8-414f-92a4-35c49cb365a9,Benedetta-NL-30.jpg,copertine/b846306d-c3e8-414f-92a4-35c49cb365a9,dry-run,
b8813041-5e7c-49c5-b759-9f87591e3bb5,Valeria-Antonucci-cop.jpg,copertine/b8813041-5e7c-49c5-b759-9f87591e3bb5,dry-run,
b886de9e-ca69-4d1d-a8e8-8a4c8b2d548c,dialogo-aperto.jpg,copertine/b886de9e-ca69-4d1d-a8e8-8a4c8b2d548c,dry-run,
b8a1fb6b-e7ff-4019-84ee-63f4e61e495c,pyro-jenka-N2hiyUWvuNs-unsplash.webp,copertine/b8a1fb6b-e7ff-4019-84ee-63f4e61e495c,dry-run,
b8adc8d6-2db7-4ed1-9c65-a578d704e3a4,matheus-ferrero-yfmjALh1S6s-unsplash.webp,copertine/b8adc8d6-2db7-4ed1-9c65-a578d704e3a4,dry-run,
b8b9dc91-77c4-4ad0-b690-553db012321f,libri-vecchi.jpg,copertine/b8b9dc91-77c4-4ad0-b690-553db012321f,dry-run,
b9099a83-dae7-4fef-acad-8875953cb730,libri-vecchi.jpg,copertine/b9099a83-dae7-4fef-acad-8875953cb730,dry-run,
b92b9f5d-03ea-401a-b257-4046d51c399f,27-notti.jpg,copertine/b92b9f5d-03ea-401a-b257-4046d51c399f,dry-run,
b9495ede-2e44-4ee8-95b4-fa171b326f57,oel046-015.jpg,copertine/b9495ede-2e44-4ee8-95b4-fa171b326f57,dry-run,
b95f7397-873c-4c27-ad9f-a40f0748733c,libri-vecchi.jpg,copertine/b95f7397-873c-4c27-ad9f-a40f0748733c,dry-run,
b969cb90-14f4-43f2-9294-8ec37f8536ca,Giorgio-La-grande-famiglia-Ombre-e-Luci-n.100-2007.webp,copertine/b969cb90-14f4-43f2-9294-8ec37f8536ca,dry-run,
b96a28eb-b057-4f80-89e2-a98903904e4a,colaneri-sindrome.jpg,copertine/b96a28eb-b057-4f80-89e2-a98903904e4a,dry-run,
b97b97a1-44ba-4488-bf6e-0b961aedc5e4,025-Ombre-e-Luci-n.75-2002.jpg,copertine/b97b97a1-44ba-4488-bf6e-0b961aedc5e4,dry-run,
b9c82bc1-9503-4c28-a85c-69eea32b540d,Antonietta-e-Sara-2.jpg,copertine/b9c82bc1-9503-4c28-a85c-69eea32b540d,dry-run,
b9d7476e-3209-43e1-a242-8eee5e82eef6,oel054-022.jpg,copertine/b9d7476e-3209-43e1-a242-8eee5e82eef6,dry-run,
b9dd799b-8125-4048-9850-24feeca685cd,The-Specials-ok.jpg,copertine/b9dd799b-8125-4048-9850-24feeca685cd,dry-run,
b9e0f94c-203d-4aa6-8333-81ccf96e5586,20-Ombre-e-Luci-n.82-2003.jpg,copertine/b9e0f94c-203d-4aa6-8333-81ccf96e5586,dry-run,
b9e6fbbe-9414-4604-8cb5-7f08fc82e8c3,oel031-033.jpg,copertine/b9e6fbbe-9414-4604-8cb5-7f08fc82e8c3,dry-run,
b9efe63b-4aa1-4ce7-959c-ca9c3d7a8e80,Gli-amici-dei-bimbi-Insieme-n.5-1975-Ombre-e-Luci.jpg,copertine/b9efe63b-4aa1-4ce7-959c-ca9c3d7a8e80,dry-run,
b9f095aa-7676-40c1-9339-cbe9b7c4b3b9,natale-1977-Fede-e-Luce.jpg,copertine/b9f095aa-7676-40c1-9339-cbe9b7c4b3b9,dry-run,
ba3a5187-f083-477f-9b91-3a853e084544,libro-mese-cover.jpg,copertine/ba3a5187-f083-477f-9b91-3a853e084544,dry-run,
ba5da73c-3b04-4d54-91c4-4eeb11b2f367,amore-caro.jpg,copertine/ba5da73c-3b04-4d54-91c4-4eeb11b2f367,dry-run,
ba60e0f6-71d2-4433-ba80-ca354974717e,oel16-009.jpg,copertine/ba60e0f6-71d2-4433-ba80-ca354974717e,dry-run,
ba78997b-3b12-47e5-8751-bafbb9ac3ead,When-we-Walk.jpg,copertine/ba78997b-3b12-47e5-8751-bafbb9ac3ead,dry-run,
ba7d5011-2729-42d5-827c-d0d732ef8ea7,9.jpg,copertine/ba7d5011-2729-42d5-827c-d0d732ef8ea7,dry-run,
ba9637d5-b017-4324-85d8-38b62e9268f7,oel052-007B.jpg,copertine/ba9637d5-b017-4324-85d8-38b62e9268f7,dry-run,
babfc7f8-846c-4761-9d74-27e746606a33,Piero-e-AleZezza-Roma.jpg,copertine/babfc7f8-846c-4761-9d74-27e746606a33,dry-run,
bae98e6e-dbb9-4d34-bab8-cb28987f2590,parisot.webp,copertine/bae98e6e-dbb9-4d34-bab8-cb28987f2590,dry-run,
bae9992d-dd4c-48fa-8b80-7730b8d68b7b,oel064-007.jpg,copertine/bae9992d-dd4c-48fa-8b80-7730b8d68b7b,dry-run,
bb7d8db1-bf66-4e79-bf83-b9e7ec686dac,oel_n5_Lei-non-entra-oel-n.-5.jpg,copertine/bb7d8db1-bf66-4e79-bf83-b9e7ec686dac,dry-run,
bb7e83e3-6f93-4ec1-9574-d38114a54649,giovanissimi-cover-insieme-n.2.jpg,copertine/bb7e83e3-6f93-4ec1-9574-d38114a54649,dry-run,
bb8b0a4e-1663-4eb6-8903-1e8b8f8c1479,Foto-Osservatore-Romano-Ombre-e-Luci-n.135-2016.webp,copertine/bb8b0a4e-1663-4eb6-8903-1e8b8f8c1479,dry-run,
bb9cf1ef-64ba-4697-9e49-0551db081148,Benedetta-Baglioni.jpg,copertine/bb9cf1ef-64ba-4697-9e49-0551db081148,dry-run,
bbbd1e98-7161-4ab6-8126-5ee6f70fd8e9,extraordinary-weddings.jpg,copertine/bbbd1e98-7161-4ab6-8126-5ee6f70fd8e9,dry-run,
bbcf294e-cb65-4805-b0e9-e741474008fe,oel12-014.jpg,copertine/bbcf294e-cb65-4805-b0e9-e741474008fe,dry-run,
bbd3be7a-a716-4d72-a296-0a99e8276a17,15-Ombre-e-Luci-n.93-2006.jpg,copertine/bbd3be7a-a716-4d72-a296-0a99e8276a17,dry-run,
bbe588ac-3e04-42af-bf72-0a55c993bc3c,stefano-disegno.jpg,copertine/bbe588ac-3e04-42af-bf72-0a55c993bc3c,dry-run,
bc02d15b-4bd2-4b6b-8581-1320f62d41e3,Cafe-Joyeux.jpg,copertine/bc02d15b-4bd2-4b6b-8581-1320f62d41e3,dry-run,
bc2644f0-63ba-435c-894e-1d07d457d9d1,jacopo-luchini-paralimpiadi-toscana-sporthabile.jpg,copertine/bc2644f0-63ba-435c-894e-1d07d457d9d1,dry-run,
bc289342-a1c3-4dbf-994e-048225b293a7,oel22-024.jpg,copertine/bc289342-a1c3-4dbf-994e-048225b293a7,dry-run,
bc2cfdee-b6ef-48df-99e1-89fe111c2183,oel026-025-2.jpg,copertine/bc2cfdee-b6ef-48df-99e1-89fe111c2183,dry-run,
bc50ca95-4a15-43e1-aca8-b1e4558136cc,lettere.jpg,copertine/bc50ca95-4a15-43e1-aca8-b1e4558136cc,dry-run,
bc594907-b867-4d10-8fe4-dd5b955b8738,dialogo-aperto.jpg,copertine/bc594907-b867-4d10-8fe4-dd5b955b8738,dry-run,
bc6a3454-3185-4e1a-88c7-aca1ae44fd06,dialogo-aperto-archivio.jpg,copertine/bc6a3454-3185-4e1a-88c7-aca1ae44fd06,dry-run,
bc6dc657-b556-4446-b0bc-d712cbb35a36,Il-linguaggio-segreto-dei-fiori-Vanessa-Diffenbaugh-recensione-Ombre-e-Luci-n.-115-2011.webp,copertine/bc6dc657-b556-4446-b0bc-d712cbb35a36,dry-run,
bc7b744d-b10f-4023-9c60-044bf150099c,libri-vecchi.jpg,copertine/bc7b744d-b10f-4023-9c60-044bf150099c,dry-run,
bc9a5875-3897-4f85-b834-3a9c2f01d8ad,oel048-021.jpg,copertine/bc9a5875-3897-4f85-b834-3a9c2f01d8ad,dry-run,
bc9a6e9c-c57e-4a67-baba-ef1a4c2b5bae,24-Ombre-e-Luci-n.97-2007.jpg,copertine/bc9a6e9c-c57e-4a67-baba-ef1a4c2b5bae,dry-run,
bc9b73a5-82a3-4b6f-80b0-0070dbf7181d,oel030-013.jpg,copertine/bc9b73a5-82a3-4b6f-80b0-0070dbf7181d,dry-run,
bca859c0-559f-44c9-a810-a8bb3e248d36,oel14-041.jpg,copertine/bca859c0-559f-44c9-a810-a8bb3e248d36,dry-run,
bcbe9798-8823-48d4-8d2c-576c1186ae29,Alberta.jpg,copertine/bcbe9798-8823-48d4-8d2c-576c1186ae29,dry-run,
bce0dbe1-479e-4ce5-ac85-b7254551abe2,Jean-Christophe-Parisot-Un-cercatore-di-Dio-2-Ombre-e-Luci-n.-121-2013.webp,copertine/bce0dbe1-479e-4ce5-ac85-b7254551abe2,dry-run,
bced8d7d-9359-47df-8f76-a1201af4dcb1,Hai-Qing-Wu-Renlin-Terra-e-Polvere-Yin-Ru-Chen-Yan-Return-to-Dust-2023-2222-2022-min.jpg,copertine/bced8d7d-9359-47df-8f76-a1201af4dcb1,dry-run,
bcfc0133-23ff-4dc1-a2f1-cf7e479c389e,Liliana-Segre-Giulia-Galeotti.jpg,copertine/bcfc0133-23ff-4dc1-a2f1-cf7e479c389e,dry-run,
bcfc5b61-b3bb-473b-b790-f60cae11416c,Un-dio-inutile-Recensione-Ombre-e-Luci-n.123-2013.webp,copertine/bcfc5b61-b3bb-473b-b790-f60cae11416c,dry-run,
bd025cef-a2fc-423e-9e0b-c627a0a8a65c,oel051-002.jpg,copertine/bd025cef-a2fc-423e-9e0b-c627a0a8a65c,dry-run,
bd10e052-7ae6-440e-a2e3-76c6deaad0d5,oel032-00A1.jpg,copertine/bd10e052-7ae6-440e-a2e3-76c6deaad0d5,dry-run,
bd2b4249-3fc0-4795-921c-7245d0cefd83,I-Mille-volti-Ombre-e-Luci-n.130-2015.webp,copertine/bd2b4249-3fc0-4795-921c-7245d0cefd83,dry-run,
bd5255a1-0365-426e-b0ec-4999f65187e1,Giubileo-2025.jpg,copertine/bd5255a1-0365-426e-b0ec-4999f65187e1,dry-run,
bd537d43-6d02-43fc-8965-6748257e6975,insieme-10-1976-vacanze-editoriale.webp,copertine/bd537d43-6d02-43fc-8965-6748257e6975,dry-run,
bd79e216-b219-4920-b523-a83981af765c,Mariangela-primo-piano-Ombre-e-Luci-n.128-2014.webp,copertine/bd79e216-b219-4920-b523-a83981af765c,dry-run,
bdaface3-bdfc-4a11-bc68-546fabc628dd,oel034-013.jpg,copertine/bdaface3-bdfc-4a11-bc68-546fabc628dd,dry-run,
bdcc482f-7a4c-4595-ab45-a234ff21b2c0,15b.jpg,copertine/bdcc482f-7a4c-4595-ab45-a234ff21b2c0,dry-run,
bdd21fb9-5598-40d9-98d3-afc89f59f8ee,oel055-003.jpg,copertine/bdd21fb9-5598-40d9-98d3-afc89f59f8ee,dry-run,
bdd713ed-531f-408a-839c-336eddf2b30e,oel_n1_fabiodanilogianni-fx-169.jpg,copertine/bdd713ed-531f-408a-839c-336eddf2b30e,dry-run,
bdefe63d-c79b-420f-8407-ae8c98bba8e0,oel066-024.jpg,copertine/bdefe63d-c79b-420f-8407-ae8c98bba8e0,dry-run,
bdfd0545-e965-49d2-8500-98405b4848eb,Libro-Modus-Navigandi.jpg,copertine/bdfd0545-e965-49d2-8500-98405b4848eb,dry-run,
be1135d4-f2d1-418f-86dd-39f73f2499d8,CODA.jpg,copertine/be1135d4-f2d1-418f-86dd-39f73f2499d8,dry-run,
be246d33-dd73-4834-bd77-610b34cec6d7,dialogo-aperto.jpg,copertine/be246d33-dd73-4834-bd77-610b34cec6d7,dry-run,
be53167a-3dbc-4b04-8f88-cb9d02025adc,casetta-cangemi.jpeg,copertine/be53167a-3dbc-4b04-8f88-cb9d02025adc,dry-run,
be813f7c-fad0-4561-b06d-f405c7ac42e9,dialogo-aperto.jpg,copertine/be813f7c-fad0-4561-b06d-f405c7ac42e9,dry-run,
be8589d0-bc12-4132-958d-b1dd696eb41f,Sanctuarium_Beatae_Mariae_Virginis_Pompeianum-1.jpg,copertine/be8589d0-bc12-4132-958d-b1dd696eb41f,dry-run,
be9e1c17-ac87-406f-8e5c-fe17c8b48de6,3.jpg,copertine/be9e1c17-ac87-406f-8e5c-fe17c8b48de6,dry-run,
bea639c9-a0ab-4007-8f70-4fbaea406aa8,00-10b-Ombre-e-Luci-n.80-2002.jpg,copertine/bea639c9-a0ab-4007-8f70-4fbaea406aa8,dry-run,
bea6c3c3-4e94-4bf5-bc33-549ec42e1b5d,Nanni.jpg,copertine/bea6c3c3-4e94-4bf5-bc33-549ec42e1b5d,dry-run,
beba34ca-16c3-48e9-8897-dd93b9366d6c,le-chiavi-di-casa-7.webp,copertine/beba34ca-16c3-48e9-8897-dd93b9366d6c,dry-run,
bec9bf0d-9bc5-44a4-8bfe-cb0ca98e7f0c,OL-giochi-3.jpg,copertine/bec9bf0d-9bc5-44a4-8bfe-cb0ca98e7f0c,dry-run,
bed817bd-402e-4619-8d7d-773fbb0ebe0f,don-Michele-e-Gabriele.jpg,copertine/bed817bd-402e-4619-8d7d-773fbb0ebe0f,dry-run,
beee5bc0-aaa4-401c-b282-26d307eab582,Loyola-university-Fede-e-Luce-2021-cop.jpg,copertine/beee5bc0-aaa4-401c-b282-26d307eab582,dry-run,
bef8544c-b30c-4640-a7eb-2c00fb6946dd,24-1.jpg,copertine/bef8544c-b30c-4640-a7eb-2c00fb6946dd,dry-run,
bf04383b-fde2-4997-81ab-1b291930d454,Puntigliate-Ombre-e-Luci-n.134-2016.webp,copertine/bf04383b-fde2-4997-81ab-1b291930d454,dry-run,
bf08828a-8fae-4808-a1a3-015bb0e61965,dialogo-aperto.jpg,copertine/bf08828a-8fae-4808-a1a3-015bb0e61965,dry-run,
bf0c8303-86c3-4183-b111-3ba79c59966a,Arche-madonnina.jpg,copertine/bf0c8303-86c3-4183-b111-3ba79c59966a,dry-run,
bf4f238b-314a-49f8-b222-045b82306e45,LIBRO-Minore-Headcover.jpg,copertine/bf4f238b-314a-49f8-b222-045b82306e45,dry-run,
bf506dc7-7c7d-425d-892a-86a86b032bed,chicco.webp,copertine/bf506dc7-7c7d-425d-892a-86a86b032bed,dry-run,
bf5477e4-3116-48f0-8d96-a8848b8eebac,Speleologi-del-mistero-piccolo-Foto-CLaudio-Freschi.webp,copertine/bf5477e4-3116-48f0-8d96-a8848b8eebac,dry-run,
bf74b773-56a0-4261-a86f-606060b3c4e6,oel8010-3.jpg,copertine/bf74b773-56a0-4261-a86f-606060b3c4e6,dry-run,
bf8949b2-c6b4-4de5-80f9-88cd6e5db0e7,Padel-Caterina.jpg,copertine/bf8949b2-c6b4-4de5-80f9-88cd6e5db0e7,dry-run,
bf89fedd-5001-4b34-a72c-6aa85e5334b0,Armando-p-Gerard.jpg,copertine/bf89fedd-5001-4b34-a72c-6aa85e5334b0,dry-run,
bf9b5954-da72-4c27-8c96-c77b1e7a38d1,Butterfly.jpg,copertine/bf9b5954-da72-4c27-8c96-c77b1e7a38d1,dry-run,
bfb5cd90-b8bc-40de-8701-d358bceb52a6,il-nostro-autismo-quotidiano-Ombre-e-Luci-n.84-2003.jpg,copertine/bfb5cd90-b8bc-40de-8701-d358bceb52a6,dry-run,
bfb6406f-1174-4c48-9caa-bf4e7f2af196,00-9.jpg,copertine/bfb6406f-1174-4c48-9caa-bf4e7f2af196,dry-run,
bfbcb36a-06a0-4e19-a131-bad8bc770d03,Dahomey-Mati-Diop-2024.jpg,copertine/bfbcb36a-06a0-4e19-a131-bad8bc770d03,dry-run,
bfbe7e04-a273-402e-9d45-51084bbe3d88,fali-e-cero2.jpg,copertine/bfbe7e04-a273-402e-9d45-51084bbe3d88,dry-run,
bfcaea57-a144-4e71-bc6b-83637273e806,Laura-Coccia-laurea.jpg,copertine/bfcaea57-a144-4e71-bc6b-83637273e806,dry-run,
bfec97c2-9b61-4589-b65f-709f414b5bd6,arche-sassolini.jpg,copertine/bfec97c2-9b61-4589-b65f-709f414b5bd6,dry-run,
bfed74ff-44e0-4709-a65b-2d3984068774,cover_Qiqajon_2025.jpg,copertine/bfed74ff-44e0-4709-a65b-2d3984068774,dry-run,
c00a521b-8e42-4723-bcb7-501ff288dc54,00-17.jpg,copertine/c00a521b-8e42-4723-bcb7-501ff288dc54,dry-run,
c01d6288-f770-4fc6-8899-1ab6dbbd0960,assisi-1978-insieme-n.16-1978-Ombre-e-Luci.jpg,copertine/c01d6288-f770-4fc6-8899-1ab6dbbd0960,dry-run,
c0427fe8-91a7-40ea-a22d-04ae0d120a68,jukan-tateisi-bJhT_8nbUA0-unsplash.webp,copertine/c0427fe8-91a7-40ea-a22d-04ae0d120a68,dry-run,
c05f62a3-aeae-41d0-a058-da49770a8891,Benedetta-sposa.jpg,copertine/c05f62a3-aeae-41d0-a058-da49770a8891,dry-run,
c062864d-286a-4500-96cd-bf506b793dcc,oel053-021.jpg,copertine/c062864d-286a-4500-96cd-bf506b793dcc,dry-run,
c07ee4f7-e90e-4ff8-a1d8-23ef635ad366,oel039-017.jpg,copertine/c07ee4f7-e90e-4ff8-a1d8-23ef635ad366,dry-run,
c09d2add-6d68-4992-8c24-b61b6ad11b73,piazzetta.jpg,copertine/c09d2add-6d68-4992-8c24-b61b6ad11b73,dry-run,
c0c292be-5ac8-4f01-9823-15eb4c75eafa,Atypical.jpg,copertine/c0c292be-5ac8-4f01-9823-15eb4c75eafa,dry-run,
c106709e-25d0-46d2-80c1-ea74f66d08c6,27-Ombre-e-Luci-n.77-22.jpg,copertine/c106709e-25d0-46d2-80c1-ea74f66d08c6,dry-run,
c106994a-af72-4b85-b7e2-8edb3ad58a3f,Nathan.jpg,copertine/c106994a-af72-4b85-b7e2-8edb3ad58a3f,dry-run,
c109b7ee-349d-49f1-a1f8-c339bf19da70,libri-vecchi.jpg,copertine/c109b7ee-349d-49f1-a1f8-c339bf19da70,dry-run,
c12021ba-07d1-4797-9c4b-c07846298b38,new-years-eve1.jpg,copertine/c12021ba-07d1-4797-9c4b-c07846298b38,dry-run,
c160929f-3861-4ce2-8c1d-18b45c11341a,oel044-020.jpg,copertine/c160929f-3861-4ce2-8c1d-18b45c11341a,dry-run,
c1616ea7-1e20-40bf-89e9-d94054509acc,clara-va-al-mare-recensione-ombre-e-luci.jpg,copertine/c1616ea7-1e20-40bf-89e9-d94054509acc,dry-run,
c1a55564-6aea-45d9-9c5d-c6021a58dde0,1-Ombre-e-Luci-n.82-2003.jpg,copertine/c1a55564-6aea-45d9-9c5d-c6021a58dde0,dry-run,
c1b2da02-db19-4e75-ac2c-d8d701da0754,libri-vecchi.jpg,copertine/c1b2da02-db19-4e75-ac2c-d8d701da0754,dry-run,
c1d52a56-8a31-4968-befe-b1b6e5c43430,libri-vecchi.jpg,copertine/c1d52a56-8a31-4968-befe-b1b6e5c43430,dry-run,
c22bd971-b188-418a-a1cd-da46f37fe31c,oel071-027.jpg,copertine/c22bd971-b188-418a-a1cd-da46f37fe31c,dry-run,
c234ce8c-57c3-4105-8bde-db23475ef76c,Bobo_2_Copyright-Pippo-Delbono-still.jpg,copertine/c234ce8c-57c3-4105-8bde-db23475ef76c,dry-run,
c2428c56-cbb2-419c-95cd-33cff4d2e440,oel14-047.jpg,copertine/c2428c56-cbb2-419c-95cd-33cff4d2e440,dry-run,
c266c497-6a0e-4bc0-a3db-237e18d25d4b,Fratelli-Spigolon.jpg,copertine/c266c497-6a0e-4bc0-a3db-237e18d25d4b,dry-run,
c29ca67e-7d62-4619-8b4b-8bf31aa3d4af,19-2.jpg,copertine/c29ca67e-7d62-4619-8b4b-8bf31aa3d4af,dry-run,
c2b95bbd-c2aa-41d8-ae54-1471d5e98248,venite-a-me.webp,copertine/c2b95bbd-c2aa-41d8-ae54-1471d5e98248,dry-run,
c2d4b7f1-f451-44f2-9ae5-491fc20cfea1,i-disegni-segreti-cover.jpg,copertine/c2d4b7f1-f451-44f2-9ae5-491fc20cfea1,dry-run,
c2f016e1-e477-45ba-b40a-ae0d0f2a9d1b,Lalbatros-Viaggio-nellautismo-Cristian-Moretti-Ombre-e-Luci-n.75-2002.jpg,copertine/c2f016e1-e477-45ba-b40a-ae0d0f2a9d1b,dry-run,
c316e7da-0c2e-4732-b634-17c3e3b51101,oel14-010.jpg,copertine/c316e7da-0c2e-4732-b634-17c3e3b51101,dry-run,
c336a482-6cfc-4db5-9a3a-73b99a48132f,oel062-009.jpg,copertine/c336a482-6cfc-4db5-9a3a-73b99a48132f,dry-run,
c339d14a-cdd3-4dcf-9c7d-76cb7d5fa81c,oel21-008.jpg,copertine/c339d14a-cdd3-4dcf-9c7d-76cb7d5fa81c,dry-run,
c33acaf6-7880-468c-98ae-bc21d1e71e1f,libri-vecchi.jpg,copertine/c33acaf6-7880-468c-98ae-bc21d1e71e1f,dry-run,
c3430c45-88c6-428b-9318-49bea0cd7457,alicante-italiani-e1523279268959.png,copertine/c3430c45-88c6-428b-9318-49bea0cd7457,dry-run,
c37bb974-1cbb-4176-9c3e-cec28158a0d6,Posso-devo-e-voglio-Ombre-e-Luci-n.120-2012.webp,copertine/c37bb974-1cbb-4176-9c3e-cec28158a0d6,dry-run,
c391fe44-9da6-4c5f-9a48-44f2334cba73,oel038-009.jpg,copertine/c391fe44-9da6-4c5f-9a48-44f2334cba73,dry-run,
c39c93c7-2d6b-48b4-8c13-afaabaddd310,Lutto-bambini.jpg,copertine/c39c93c7-2d6b-48b4-8c13-afaabaddd310,dry-run,
c3a78138-47b8-4d84-b507-0b62004b1d4a,viaggio-alla-mecca.jpg,copertine/c3a78138-47b8-4d84-b507-0b62004b1d4a,dry-run,
c3b4f82f-26e3-49a6-9ff0-27125757894f,oel060-018.jpg,copertine/c3b4f82f-26e3-49a6-9ff0-27125757894f,dry-run,
c3d05310-3809-4e61-a5cc-935365b5449c,Fede-e-Luce-Proprio-io-Ombre-e-Luci-n.129-2015.webp,copertine/c3d05310-3809-4e61-a5cc-935365b5449c,dry-run,
c3f9bce4-1ecc-4862-825c-a47f5f6d979c,LIBRO-Jun-Headcover.jpg,copertine/c3f9bce4-1ecc-4862-825c-a47f5f6d979c,dry-run,
c402bff0-51c1-4520-8d4c-e9310452eb46,25.jpg,copertine/c402bff0-51c1-4520-8d4c-e9310452eb46,dry-run,
c41261bf-7638-4c82-90fc-4f658f3b169e,dialogo-aperto.jpg,copertine/c41261bf-7638-4c82-90fc-4f658f3b169e,dry-run,
c446c33b-4359-4d7f-bdb6-4934abfae462,arisa.jpg,copertine/c446c33b-4359-4d7f-bdb6-4934abfae462,dry-run,
c4740790-456d-4171-95df-7b88abb697c3,insieme-4-sabato-1-febbraio.jpg,copertine/c4740790-456d-4171-95df-7b88abb697c3,dry-run,
c4a6fdbc-8934-49d6-b914-bf112150a6e8,La-mia-disavventura-Ombre-e-Luci-n.123-2013.jpeg,copertine/c4a6fdbc-8934-49d6-b914-bf112150a6e8,dry-run,
c4cb2b1b-e7ea-480f-b55e-d4546553f3b0,Casa-di-Dario.jpg,copertine/c4cb2b1b-e7ea-480f-b55e-d4546553f3b0,dry-run,
c4d6fe20-1505-43d8-be83-280cb2063ecf,listen.jpg,copertine/c4d6fe20-1505-43d8-be83-280cb2063ecf,dry-run,
c4da8877-1945-4327-b6e0-aa613ebe90a5,Paprika_horizontal_02.jpg,copertine/c4da8877-1945-4327-b6e0-aa613ebe90a5,dry-run,
c4f33be8-c620-42ae-86ed-dce30499a76d,libri-vecchi.jpg,copertine/c4f33be8-c620-42ae-86ed-dce30499a76d,dry-run,
c5599d3e-dcc5-449a-994c-58f974b0498a,libri-vecchi.jpg,copertine/c5599d3e-dcc5-449a-994c-58f974b0498a,dry-run,
c574f6d3-5669-488d-8d5e-42a29fd322c9,voci-dal-silenzio-molteni-recensione-Ombre-e-Luci-177-2012.webp,copertine/c574f6d3-5669-488d-8d5e-42a29fd322c9,dry-run,
c5886472-f5ba-46be-9641-df8f72f3183d,scuola.jpg,copertine/c5886472-f5ba-46be-9641-df8f72f3183d,dry-run,
c59bbd84-39e6-40a2-b425-492b9eaa0b03,Mio-figlio-Emanuele-la-straordinaria-esperienza-di-una-madre-Recensione-Insieme-1977.webp,copertine/c59bbd84-39e6-40a2-b425-492b9eaa0b03,dry-run,
c5a7eeed-bd92-4a0d-9507-6f65a57d92d2,imgprovvisoria.jpg,copertine/c5a7eeed-bd92-4a0d-9507-6f65a57d92d2,dry-run,
c5c59c15-b5f1-4075-bac7-cfb6f22393fb,Benedetta-Hotel.jpg,copertine/c5c59c15-b5f1-4075-bac7-cfb6f22393fb,dry-run,
c5ccddc7-abe2-4223-9b7a-6db16cd80dc7,Giovanni.jpg,copertine/c5ccddc7-abe2-4223-9b7a-6db16cd80dc7,dry-run,
c5f7b4b2-194d-4848-ad34-e3b8f8378042,oel20-015.jpg,copertine/c5f7b4b2-194d-4848-ad34-e3b8f8378042,dry-run,
c5fc071f-aa1d-4316-aebf-afb6bcaef1cd,Chiudi-gli-occhi-e-guardami-Recensione-Ombre-e-Luci-n.-122-2013.webp,copertine/c5fc071f-aa1d-4316-aebf-afb6bcaef1cd,dry-run,
c6082fcf-c822-4192-b07c-d77005453466,Tutti-a-bordo-Ombre-e-Luci-n.134-2016.webp,copertine/c6082fcf-c822-4192-b07c-d77005453466,dry-run,
c627268e-c351-4055-a3c9-748ef2603b12,angelo-volpi-2.webp,copertine/c627268e-c351-4055-a3c9-748ef2603b12,dry-run,
c62e86e2-ec17-4db9-8440-7a29e0960fa0,oeln6_mistero_bambino_psicotico.jpg,copertine/c62e86e2-ec17-4db9-8440-7a29e0960fa0,dry-run,
c62eee4c-f6c7-4e32-a789-d9ac41c5904c,s-b-vonlanthen-BrbogxYe7FE-unsplash.webp,copertine/c62eee4c-f6c7-4e32-a789-d9ac41c5904c,dry-run,
c631392f-5b64-426f-978e-b143ef48e388,come-in-trasparenza-Ombre-e-Luci-n.93-2006.webp,copertine/c631392f-5b64-426f-978e-b143ef48e388,dry-run,
c6376854-b708-4327-b645-0853bce781e5,giappone.jpg,copertine/c6376854-b708-4327-b645-0853bce781e5,dry-run,
c64901b9-2655-4e09-8059-5d4b83abd789,fotodigrupposangregorio.jpg,copertine/c64901b9-2655-4e09-8059-5d4b83abd789,dry-run,
c65c17cf-e785-40c3-b1e4-cfd30a3ab40f,29-4-Ombre-e-Luci-n.98-2007-1.webp,copertine/c65c17cf-e785-40c3-b1e4-cfd30a3ab40f,dry-run,
c6988dfc-374b-49eb-afbe-ae0e2186ce6a,Vincent-van-Gogh-I-poveri-1882235.jpg,copertine/c6988dfc-374b-49eb-afbe-ae0e2186ce6a,dry-run,
c6a00261-90c6-46a9-af77-15fc9d39a734,Antonietta-Caritas-Parrocchia.jpeg,copertine/c6a00261-90c6-46a9-af77-15fc9d39a734,dry-run,
c6abcad0-1449-4f02-8623-c6fee4594278,Germogli-diversi-Ombre-e-Luci-n.125-2014.webp,copertine/c6abcad0-1449-4f02-8623-c6fee4594278,dry-run,
c6e21528-6bca-430d-bb91-10344c36b292,oel_n4_trisomia001-fx.jpg,copertine/c6e21528-6bca-430d-bb91-10344c36b292,dry-run,
c6e51cea-185b-42c6-9d07-b89b0d91f982,Nicla-strudel.jpg,copertine/c6e51cea-185b-42c6-9d07-b89b0d91f982,dry-run,
c6e624e3-a88a-46b5-94f1-81d1d56cb22f,I-Am-So-Sorry.jpg,copertine/c6e624e3-a88a-46b5-94f1-81d1d56cb22f,dry-run,
c6f1418e-29f8-4a62-8642-7c9acb67268a,province.jpg,copertine/c6f1418e-29f8-4a62-8642-7c9acb67268a,dry-run,
c736ffe3-ebeb-4464-ab96-1fe24fc76ac8,Benedetta-Estate-2025.jpg,copertine/c736ffe3-ebeb-4464-ab96-1fe24fc76ac8,dry-run,
c7431700-e4ed-4981-9254-1ef33ae47746,oel062-025B.jpg,copertine/c7431700-e4ed-4981-9254-1ef33ae47746,dry-run,
c75b1c90-fb89-41e4-afa8-a0da5a2bfc0c,Pellegrinaggo-Ukraina-Ombre-e-Luci-n.129-2015.webp,copertine/c75b1c90-fb89-41e4-afa8-a0da5a2bfc0c,dry-run,
c75b8581-faea-41a6-a37d-87275db5b8bd,oel041-020.jpg,copertine/c75b8581-faea-41a6-a37d-87275db5b8bd,dry-run,
c7a4718b-5bd5-46fe-a40e-0d058298d9aa,Bendetta-Ottobre-2022-4.jpg,copertine/c7a4718b-5bd5-46fe-a40e-0d058298d9aa,dry-run,
c7a6faa3-4fd5-482e-8478-ef00a9717e9b,oel8001.jpg,copertine/c7a6faa3-4fd5-482e-8478-ef00a9717e9b,dry-run,
c7c869b9-5492-40cb-a285-f5e01f5b85f3,oel-76-23-Famiglie.jpg,copertine/c7c869b9-5492-40cb-a285-f5e01f5b85f3,dry-run,
c7c9631f-a7ea-4181-a9cc-1ff87153afac,LIBRO_Bove.jpg,copertine/c7c9631f-a7ea-4181-a9cc-1ff87153afac,dry-run,
c7d94564-33d8-4397-8ec3-f2bda74c6b68,dizionario-di-liturgia-san-paolo-2001-B.jpg,copertine/c7d94564-33d8-4397-8ec3-f2bda74c6b68,dry-run,
c8425471-8ec5-4e84-b327-4951397fe77a,Editoriale-172.jpg,copertine/c8425471-8ec5-4e84-b327-4951397fe77a,dry-run,
c8468ca7-3fcc-438a-9822-4913b8260c0e,le-chiavi-di-casa-2.webp,copertine/c8468ca7-3fcc-438a-9822-4913b8260c0e,dry-run,
c848cacc-5cf4-47b2-bc66-b570f380e07c,oel12-014.jpg,copertine/c848cacc-5cf4-47b2-bc66-b570f380e07c,dry-run,
c84b5e6b-5a12-4e07-9f35-651183006627,mari-helin-ilSnKT1IMxE-unsplash.webp,copertine/c84b5e6b-5a12-4e07-9f35-651183006627,dry-run,
c862305e-b682-438a-8816-22caa7efe031,Pompei-finale.jpg,copertine/c862305e-b682-438a-8816-22caa7efe031,dry-run,
c882eed8-4b45-41e7-bcd0-157b329ac72c,dialogo-aperto.jpg,copertine/c882eed8-4b45-41e7-bcd0-157b329ac72c,dry-run,
c8c52e7b-8c51-4a26-8a4f-ceb34273e174,Panzerotti-puglia-1.jpg,copertine/c8c52e7b-8c51-4a26-8a4f-ceb34273e174,dry-run,
c8ed1fcb-bf4d-4f5e-90c1-ba49f0bd7aa6,Antonietta-Bicoca-2.jpg,copertine/c8ed1fcb-bf4d-4f5e-90c1-ba49f0bd7aa6,dry-run,
c8fe6c6a-78c5-4b66-9522-ff54b50114f7,Laura-Coccia-1.jpg,copertine/c8fe6c6a-78c5-4b66-9522-ff54b50114f7,dry-run,
c9095bfa-ce56-4929-a355-16f8c0b4b490,oel21-029.jpg,copertine/c9095bfa-ce56-4929-a355-16f8c0b4b490,dry-run,
c91304bc-b522-4c64-a3ac-36dd82833d27,oel038-006A.jpg,copertine/c91304bc-b522-4c64-a3ac-36dd82833d27,dry-run,
c9207881-ba1d-42ca-9ad7-e73d50028803,libri3.jpg,copertine/c9207881-ba1d-42ca-9ad7-e73d50028803,dry-run,
c92c5b7e-251b-4fe6-bb22-7b45bbdc3d73,Zarate.jpg,copertine/c92c5b7e-251b-4fe6-bb22-7b45bbdc3d73,dry-run,
c9555240-0a17-434e-91fe-4b86a16970fa,00-3-Ombre-e-Luci-n.80-2002.jpg,copertine/c9555240-0a17-434e-91fe-4b86a16970fa,dry-run,
c95f650a-a116-43fd-899b-b1ec18541e59,libri-vecchi.jpg,copertine/c95f650a-a116-43fd-899b-b1ec18541e59,dry-run,
c9633c53-8731-4cb9-8cce-c26618051714,oel050-007.jpg,copertine/c9633c53-8731-4cb9-8cce-c26618051714,dry-run,
c99595a1-fb69-4bf9-a63f-242507d82f41,libri-vecchi.jpg,copertine/c99595a1-fb69-4bf9-a63f-242507d82f41,dry-run,
c99b7f8a-d3eb-49ec-835a-c8cc99388809,copertina_148.jpg,copertine/c99b7f8a-d3eb-49ec-835a-c8cc99388809,dry-run,
c9a6628e-1a2f-45a9-9f6d-ba58a860d500,blog-bene-1.jpg,copertine/c9a6628e-1a2f-45a9-9f6d-ba58a860d500,dry-run,
c9ab8bce-a609-4e77-b263-10b112388fa7,2-1.jpg,copertine/c9ab8bce-a609-4e77-b263-10b112388fa7,dry-run,
c9b06a5e-4503-4ba2-bfea-84bf68cd57e6,Henry_Ossawa_Tanner_-_The_Annunciation-1.jpg,copertine/c9b06a5e-4503-4ba2-bfea-84bf68cd57e6,dry-run,
c9b7c229-0f57-4a56-b1d1-03648d3c3f14,libri-vecchi.jpg,copertine/c9b7c229-0f57-4a56-b1d1-03648d3c3f14,dry-run,
c9cc2d01-67cd-4514-97d4-395955e06352,Woder-recensione-Ombre-e-Luci-n.124-2013.jpg,copertine/c9cc2d01-67cd-4514-97d4-395955e06352,dry-run,
c9d3056b-a792-445f-8d24-9f83d3a5beae,Nora-Raul-1.jpg,copertine/c9d3056b-a792-445f-8d24-9f83d3a5beae,dry-run,
c9ec014a-fae9-47ba-8b5e-5155b7a022ea,mani.webp,copertine/c9ec014a-fae9-47ba-8b5e-5155b7a022ea,dry-run,
ca098c95-307e-43d1-b19c-a52151365d24,Città-sommersa-cover.jpg,copertine/ca098c95-307e-43d1-b19c-a52151365d24,dry-run,
ca0d4fc1-31f4-4636-9adc-a317df87456e,LIBRO-Rovelli-Headcover.jpg,copertine/ca0d4fc1-31f4-4636-9adc-a317df87456e,dry-run,
ca334006-32dc-49da-9d32-28c009c4fe73,Sara-bello-Ombre-e-Luci-n.138-2017.webp,copertine/ca334006-32dc-49da-9d32-28c009c4fe73,dry-run,
ca4b6d1a-dc4b-4d84-95c9-5ab1a0b3d7a4,suhyeon-choi-NIZeg731LxM-unsplash.webp,copertine/ca4b6d1a-dc4b-4d84-95c9-5ab1a0b3d7a4,dry-run,
ca854aaf-cdcc-45e9-84df-2243b01af9d6,Elogio-della-Debolezza-Alexandre-Jullien-Libro-Ombre-e-Luci-n.-79-2002.jpg,copertine/ca854aaf-cdcc-45e9-84df-2243b01af9d6,dry-run,
caccfb14-ebf0-4532-b706-760bfdbcca76,28-2.jpg,copertine/caccfb14-ebf0-4532-b706-760bfdbcca76,dry-run,
cad82b64-6619-475a-bc24-bbe02124cbe4,Quaranta-occhi.jpg,copertine/cad82b64-6619-475a-bc24-bbe02124cbe4,dry-run,
cae07c6a-f2b7-45c5-8c47-fa8664b25097,priscilla.jpg,copertine/cae07c6a-f2b7-45c5-8c47-fa8664b25097,dry-run,
cae95b6b-dbd9-4861-bc27-948e363d4016,dialogo-aperto.jpg,copertine/cae95b6b-dbd9-4861-bc27-948e363d4016,dry-run,
caea6894-ce9d-4db2-bc43-e61786a9750c,premio-donna-2002-mariangela-bertolini.jpg,copertine/caea6894-ce9d-4db2-bc43-e61786a9750c,dry-run,
caf42e08-f5e2-4156-b020-48238dbdecfa,dopo-di-noi-Antonio-Brunetti-Ombre-e-Luci-n.138-2017.webp,copertine/caf42e08-f5e2-4156-b020-48238dbdecfa,dry-run,
cb14da23-27c0-4038-b2cf-466c6ceb8aa5,oel064-026a.jpg,copertine/cb14da23-27c0-4038-b2cf-466c6ceb8aa5,dry-run,
cb2f5319-8106-400a-b33e-8086da86fb2a,Venezia-78.jpg,copertine/cb2f5319-8106-400a-b33e-8086da86fb2a,dry-run,
cb33a7c2-957f-4dd3-b8a0-fd6f361d7634,abruzzo-autismo.jpg,copertine/cb33a7c2-957f-4dd3-b8a0-fd6f361d7634,dry-run,
cb432a23-6e41-4619-bf43-f9bf7e432cc8,Supermercato-Autismo-Coop-copertina.jpg,copertine/cb432a23-6e41-4619-bf43-f9bf7e432cc8,dry-run,
cba32ea6-9e92-4ed1-9e60-94d375863aff,21-Ombre-e-Luci-n.98-2007-1.webp,copertine/cba32ea6-9e92-4ed1-9e60-94d375863aff,dry-run,
cbc4d398-006a-4123-986a-0030bf290e00,oel050-009.jpg,copertine/cbc4d398-006a-4123-986a-0030bf290e00,dry-run,
cbd20953-41cf-4ef2-9e7d-5300f1b1efcd,La-scoperta-dellamerica-0-Lalveare.jpg,copertine/cbd20953-41cf-4ef2-9e7d-5300f1b1efcd,dry-run,
cbe8fee5-7824-4b06-a13f-407241ab20bc,oel052-029.jpg,copertine/cbe8fee5-7824-4b06-a13f-407241ab20bc,dry-run,
cc00643c-ce3a-41e9-b987-ac7325aa8204,amici-di-simone.jpg,copertine/cc00643c-ce3a-41e9-b987-ac7325aa8204,dry-run,
cc0a0945-3591-4ed7-ac35-87afdede7c1a,CastelPorziano-4.jpg,copertine/cc0a0945-3591-4ed7-ac35-87afdede7c1a,dry-run,
cc4fbd5f-3735-487c-a0d4-943d469309af,Google-maps.jpg,copertine/cc4fbd5f-3735-487c-a0d4-943d469309af,dry-run,
cc5e4fae-c0d6-4c6d-8572-45df98683748,Cassetta-min.jpg,copertine/cc5e4fae-c0d6-4c6d-8572-45df98683748,dry-run,
cc616484-2def-4994-92f8-6886be778e3b,oel061-008.jpg,copertine/cc616484-2def-4994-92f8-6886be778e3b,dry-run,
cc691b6d-2fe7-4879-a563-048e9bc21a28,WonderGiusy-Recensione-Ombre-e-Luci-n.144.webp,copertine/cc691b6d-2fe7-4879-a563-048e9bc21a28,dry-run,
cc822088-1600-4338-9eb9-c78ff573b4a0,Disability-pride.jpg,copertine/cc822088-1600-4338-9eb9-c78ff573b4a0,dry-run,
cc845e8d-3433-4de6-96a5-76f40b0702ba,dialogo-aperto.jpg,copertine/cc845e8d-3433-4de6-96a5-76f40b0702ba,dry-run,
cc947bc4-af7b-4a79-8c1b-ec81d7deaa55,oel030-011.jpg,copertine/cc947bc4-af7b-4a79-8c1b-ec81d7deaa55,dry-run,
cca5e6fd-5cd7-457a-8c29-68dd1681514e,bellezza-5.webp,copertine/cca5e6fd-5cd7-457a-8c29-68dd1681514e,dry-run,
ccab97a0-789c-469c-aaca-36c2c174da69,libri-vecchi.jpg,copertine/ccab97a0-789c-469c-aaca-36c2c174da69,dry-run,
ccb3f513-636d-4dcd-8506-ae9f9bd23644,Credere-e-curare-Ombre-e-Luci-n.93-2006.webp,copertine/ccb3f513-636d-4dcd-8506-ae9f9bd23644,dry-run,
ccc0d9ba-b3e6-44db-b555-8797073802d9,oel031-041.jpg,copertine/ccc0d9ba-b3e6-44db-b555-8797073802d9,dry-run,
ccd623ad-97b0-4f49-af0a-cd196c8fdcdd,Nicla-166.jpg,copertine/ccd623ad-97b0-4f49-af0a-cd196c8fdcdd,dry-run,
ccedffca-7cf7-48d6-8a6a-bc4f5b600986,Benedetta-corsa.jpg,copertine/ccedffca-7cf7-48d6-8a6a-bc4f5b600986,dry-run,
ccf816ac-f290-4b8a-9a6b-0629a549fc72,Emmaus-3.jpg,copertine/ccf816ac-f290-4b8a-9a6b-0629a549fc72,dry-run,
cd08f72d-5467-4341-bd43-42f2f6523b7b,oel026-018.jpg,copertine/cd08f72d-5467-4341-bd43-42f2f6523b7b,dry-run,
cd2fdbce-cb8f-4023-8a1c-4418dee03dd6,Malintesi-1.jpg,copertine/cd2fdbce-cb8f-4023-8a1c-4418dee03dd6,dry-run,
cd507658-dda3-41a7-8fa6-cc840d32ad42,18.jpg,copertine/cd507658-dda3-41a7-8fa6-cc840d32ad42,dry-run,
cd67d791-ed12-4340-9e78-b0884f6f16b4,oel047-025A.jpg,copertine/cd67d791-ed12-4340-9e78-b0884f6f16b4,dry-run,
cd890ddb-1df4-4957-969d-e6fd5e259f7d,libri2.jpg,copertine/cd890ddb-1df4-4957-969d-e6fd5e259f7d,dry-run,
cdaba6ca-1675-412b-8c06-97e58276b8db,oel073-016.jpg,copertine/cdaba6ca-1675-412b-8c06-97e58276b8db,dry-run,
cdb5eaa6-3d38-4347-b7d6-d29ee8b40bad,Avevano-spento-anche-la-luna-recensione-Ombre-e-Luci-n.115-2011.webp,copertine/cdb5eaa6-3d38-4347-b7d6-d29ee8b40bad,dry-run,
cdba86e7-6ae4-4205-bc2f-112069f5cdba,34-Ombre-e-Luci-n.82-2003.jpg,copertine/cdba86e7-6ae4-4205-bc2f-112069f5cdba,dry-run,
cdc0c638-8507-437c-ad36-30dac18c472d,aktiont4.jpg,copertine/cdc0c638-8507-437c-ad36-30dac18c472d,dry-run,
cdc921e7-6cf9-4cdf-b8e9-11e1ebd817a3,il-lavoro-di-gianni-oel024.jpg,copertine/cdc921e7-6cf9-4cdf-b8e9-11e1ebd817a3,dry-run,
cdcc6ad6-6464-436d-a353-27bf110a09bf,oel-76-copertina-libro-la-seconda-occasione-Claudia-cerati.jpg,copertine/cdcc6ad6-6464-436d-a353-27bf110a09bf,dry-run,
cdcff2ce-6077-4ea2-838c-89eac84dfaae,dialogo-aperto-archivio.jpg,copertine/cdcff2ce-6077-4ea2-838c-89eac84dfaae,dry-run,
cdd2367f-33e3-4536-849e-da6d203258b8,libri-vecchi.jpg,copertine/cdd2367f-33e3-4536-849e-da6d203258b8,dry-run,
cdd25b7d-b306-44f5-96b7-66ebe7b911cf,oel046-026.jpg,copertine/cdd25b7d-b306-44f5-96b7-66ebe7b911cf,dry-run,
cdec4153-4fe4-4817-ac6e-9ea24c3c0486,oel21-011.jpg,copertine/cdec4153-4fe4-4817-ac6e-9ea24c3c0486,dry-run,
cdff8479-7d1c-416f-9584-ed2e12f65e83,libri4.jpg,copertine/cdff8479-7d1c-416f-9584-ed2e12f65e83,dry-run,
ce396ee1-fc49-40ba-ab1f-782b9eb75114,oel20-007.jpg,copertine/ce396ee1-fc49-40ba-ab1f-782b9eb75114,dry-run,
ce3d0947-e31d-44bf-8603-5677769df600,oel10015.jpg,copertine/ce3d0947-e31d-44bf-8603-5677769df600,dry-run,
ce528bbd-2b61-4667-8087-125118be483e,oel-76-28.jpg,copertine/ce528bbd-2b61-4667-8087-125118be483e,dry-run,
ce70302e-e6a0-4975-ab18-0df818647007,2-3.jpg,copertine/ce70302e-e6a0-4975-ab18-0df818647007,dry-run,
ce710457-80d5-4622-8e2e-380388023d1e,17a-Ombre-e-Luci-n.82-2003.jpg,copertine/ce710457-80d5-4622-8e2e-380388023d1e,dry-run,
ce73734e-2bc3-4ac3-b9ba-2d87a66ed826,province.jpg,copertine/ce73734e-2bc3-4ac3-b9ba-2d87a66ed826,dry-run,
ce848357-9382-4e05-a6e4-b45f88e49686,Ombre-e-Luci-159-1.jpg,copertine/ce848357-9382-4e05-a6e4-b45f88e49686,dry-run,
ce8a9fb1-c8a4-4ccd-9e78-a35fffc22ed3,oel23-001.jpg,copertine/ce8a9fb1-c8a4-4ccd-9e78-a35fffc22ed3,dry-run,
cea74bd8-cb37-43fe-b507-fdb3917799f9,cover-valerio-sammarco-cinema-e-disabilita-Ombre-e-Luci.jpg,copertine/cea74bd8-cb37-43fe-b507-fdb3917799f9,dry-run,
cedcd5bd-e978-4e83-9505-7b5f79630dc0,Hotel-6-Stelle.webp,copertine/cedcd5bd-e978-4e83-9505-7b5f79630dc0,dry-run,
cee16a8d-0eb5-49a6-b386-29a5f2f8cc39,P_20171011_092323.jpg,copertine/cee16a8d-0eb5-49a6-b386-29a5f2f8cc39,dry-run,
cef53f08-b3d7-4d64-bce1-f67f6bcc33c0,Ucraina-2015-2.jpg,copertine/cef53f08-b3d7-4d64-bce1-f67f6bcc33c0,dry-run,
cef783ce-e517-4b52-85af-7873d01050db,Papa-Giovanni-Paolo-II.jpeg,copertine/cef783ce-e517-4b52-85af-7873d01050db,dry-run,
cf424d8f-131f-4730-9330-5852f673fb3c,Ieri-oggi-domani-Libro-Ombre-e-Luci-n.123-2013.webp,copertine/cf424d8f-131f-4730-9330-5852f673fb3c,dry-run,
cf45ac65-d9f3-448c-ba72-73e1b8eea7b2,Non-siete-stati-ancora-sconfitti-copertina.jpg,copertine/cf45ac65-d9f3-448c-ba72-73e1b8eea7b2,dry-run,
cf5bb3f9-a0eb-404a-b81d-edbf9d0c1447,Pranzo-da-PizzAut-OK.jpg,copertine/cf5bb3f9-a0eb-404a-b81d-edbf9d0c1447,dry-run,
cf619f18-44bb-4159-bf22-8e1f349ef8e8,oel14-020.jpg,copertine/cf619f18-44bb-4159-bf22-8e1f349ef8e8,dry-run,
cf7c90cc-024d-4864-8629-3b5bd6d025e0,vita-fede-e-luce-oel-n.4.jpg,copertine/cf7c90cc-024d-4864-8629-3b5bd6d025e0,dry-run,
cfc8345a-e641-45f6-b0ba-bc350a6bf0ab,15-Ombre-e-Luci-n.82-2003.jpg,copertine/cfc8345a-e641-45f6-b0ba-bc350a6bf0ab,dry-run,
cfe2a31a-2a8d-4739-a798-fe6a0cd70296,Pompei-Dialogo-Aperto.jpg,copertine/cfe2a31a-2a8d-4739-a798-fe6a0cd70296,dry-run,
d01a1673-26f5-433a-b0e4-ff5b07325233,15-3.jpg,copertine/d01a1673-26f5-433a-b0e4-ff5b07325233,dry-run,
d03a1143-cd80-405a-a5fd-4cedeab263ba,libri-vecchi.jpg,copertine/d03a1143-cd80-405a-a5fd-4cedeab263ba,dry-run,
d04aba7f-7120-4e45-a673-7fc6e6b58479,libri-vecchi.jpg,copertine/d04aba7f-7120-4e45-a673-7fc6e6b58479,dry-run,
d05eb2d2-e84e-41e8-96f1-a6c4b5ff3208,27B-Ombre-e-Luci-n.97-2007.jpg,copertine/d05eb2d2-e84e-41e8-96f1-a6c4b5ff3208,dry-run,
d065fd5d-6f95-49b4-9649-5aa91ad565b9,dialogo-aperto.jpg,copertine/d065fd5d-6f95-49b4-9649-5aa91ad565b9,dry-run,
d06d3507-749b-4740-94ef-837cdaaeed4b,oel10009.jpg,copertine/d06d3507-749b-4740-94ef-837cdaaeed4b,dry-run,
d0ac42b7-dfe7-458f-93a0-8e290f1d6428,Raising-Dion-Sammi-Haney-small.jpg,copertine/d0ac42b7-dfe7-458f-93a0-8e290f1d6428,dry-run,
d0bf8f27-36b6-4891-91f1-9bc0c9079534,oel22-021.jpg,copertine/d0bf8f27-36b6-4891-91f1-9bc0c9079534,dry-run,
d0cb2d83-ebf6-4cba-8473-ff303f14be7c,2°-visita-la-Stanga1.webp,copertine/d0cb2d83-ebf6-4cba-8473-ff303f14be7c,dry-run,
d0ce113b-ac1f-46d7-aae4-74e02cd318a5,libri-vecchi.jpg,copertine/d0ce113b-ac1f-46d7-aae4-74e02cd318a5,dry-run,
d0f0475c-8b8b-4a9f-9f65-9840429818c9,Sgaggio-cover.jpg,copertine/d0f0475c-8b8b-4a9f-9f65-9840429818c9,dry-run,
d0f418e3-1b69-4b12-9b30-941ad4e65223,Copertina-bici-Stefano-e-Antonio.jpg,copertine/d0f418e3-1b69-4b12-9b30-941ad4e65223,dry-run,
d1068b88-f620-4082-b21d-c97213031739,Ombre-e-Luci-4-14-35.webp,copertine/d1068b88-f620-4082-b21d-c97213031739,dry-run,
d10f20f9-5bea-402a-bf43-bdcf79c86c5a,Disability_Pride_Flag_Ann_Magill_copyrights_waived.jpg,copertine/d10f20f9-5bea-402a-bf43-bdcf79c86c5a,dry-run,
d116bac7-76ea-4338-ac56-903dfd8d0351,insieme-10-1976-notiziario-fede-e-luce.webp,copertine/d116bac7-76ea-4338-ac56-903dfd8d0351,dry-run,
d11f592b-a9df-4604-a3fd-e725d318a3b5,Benedetta-Mascherina.jpg,copertine/d11f592b-a9df-4604-a3fd-e725d318a3b5,dry-run,
d1361477-a64d-456b-b9df-a257891c67d5,buttinoni-e-fratello-Ombre-e-Luci-n.141-141.webp,copertine/d1361477-a64d-456b-b9df-a257891c67d5,dry-run,
d155b87c-12e5-40fc-b688-b495e9f02fbd,libri-vecchi.jpg,copertine/d155b87c-12e5-40fc-b688-b495e9f02fbd,dry-run,
d16d7094-78ee-405a-8bad-e29368581cf9,Spettacoli-169.jpg,copertine/d16d7094-78ee-405a-8bad-e29368581cf9,dry-run,
d17c4537-7eeb-4b9f-8aa9-21a99b0a0c88,ghislain-du-chene-con-sua-figlia-Ombre-e-Luci-n.129-2015.webp,copertine/d17c4537-7eeb-4b9f-8aa9-21a99b0a0c88,dry-run,
d1869da3-52b8-4eac-b7d8-ce0cff37ecb1,Copertina-Facebook.jpg,copertine/d1869da3-52b8-4eac-b7d8-ce0cff37ecb1,dry-run,
d18724a2-c557-480b-b862-2f93f967319a,Papa-Benedetta.jpg,copertine/d18724a2-c557-480b-b862-2f93f967319a,dry-run,
d18f3d3e-b9e4-4b9c-886b-27ee17a92c44,LIBRO-Slime.jpg,copertine/d18f3d3e-b9e4-4b9c-886b-27ee17a92c44,dry-run,
d1a78fcc-059d-4346-ad9b-d51b7d2d0be6,La-sedia-a-rotelle-e-i-chicchi-duva-Ombre-e-Luci-n.-127-2014.webp,copertine/d1a78fcc-059d-4346-ad9b-d51b7d2d0be6,dry-run,
d1a9127e-a651-4712-8fac-8bc253e85e61,oel_n6_Salviatino.jpg,copertine/d1a9127e-a651-4712-8fac-8bc253e85e61,dry-run,
d1cded20-d4ec-4f94-8c94-6539848a3b03,libri-vecchi.jpg,copertine/d1cded20-d4ec-4f94-8c94-6539848a3b03,dry-run,
d1dd1694-4066-4e66-88df-058fcfbef502,soldati-Ombre-e-Luci-n.77-22.jpg,copertine/d1dd1694-4066-4e66-88df-058fcfbef502,dry-run,
d1e6a4cb-8686-4281-80f3-b6f4233da2c2,insieme-4-momento-più-bello.jpg,copertine/d1e6a4cb-8686-4281-80f3-b6f4233da2c2,dry-run,
d2039730-7553-4279-9568-75f089f87e90,00-6.jpg,copertine/d2039730-7553-4279-9568-75f089f87e90,dry-run,
d20b8a48-7692-49c3-a901-1bfb5953a824,Nujeen.jpg,copertine/d20b8a48-7692-49c3-a901-1bfb5953a824,dry-run,
d24509a2-43ba-440e-9873-b21a045a7ad0,83-13-Ombre-e-Luci-n.83-2833.jpg,copertine/d24509a2-43ba-440e-9873-b21a045a7ad0,dry-run,
d262ffcf-b04e-493e-b285-318fb8f1184d,Padre-Benoit-Pompei-2.jpg,copertine/d262ffcf-b04e-493e-b285-318fb8f1184d,dry-run,
d2be2469-2818-4e9c-8ed5-fca511645c40,arche-sassolini-colori.jpg,copertine/d2be2469-2818-4e9c-8ed5-fca511645c40,dry-run,
d2c45996-ef65-4daf-b567-f5cd391ceab8,Caroline-s-Cart.jpg,copertine/d2c45996-ef65-4daf-b567-f5cd391ceab8,dry-run,
d2da349f-85db-45a2-abdd-706d92eac54c,Benedetta-estate-2.jpg,copertine/d2da349f-85db-45a2-abdd-706d92eac54c,dry-run,
d2fff3d8-197d-4c23-8f49-1349c6af67e4,oel07-recensione-libro-nati-due-volte-Giuseppe-Ponitggia.jpg,copertine/d2fff3d8-197d-4c23-8f49-1349c6af67e4,dry-run,
d3117e39-f3f5-4de8-bb1c-8510ad7c08ba,come-rapportarsi.webp,copertine/d3117e39-f3f5-4de8-bb1c-8510ad7c08ba,dry-run,
d31c9670-f2c2-45de-8f6e-4daaa69f8c5b,16.jpg,copertine/d31c9670-f2c2-45de-8f6e-4daaa69f8c5b,dry-run,
d31e41bf-92e9-463a-8da6-c6fc5a31f1ce,oel_n6_nessun_uomo_pietra.jpg,copertine/d31e41bf-92e9-463a-8da6-c6fc5a31f1ce,dry-run,
d320d827-835a-41c2-8e6b-9a37ee804177,oel073-020.jpg,copertine/d320d827-835a-41c2-8e6b-9a37ee804177,dry-run,
d325fcaf-ba88-432a-9f7b-16f717ca85ec,Brooke-Nora-3.jpg,copertine/d325fcaf-ba88-432a-9f7b-16f717ca85ec,dry-run,
d3309a61-3f10-4649-97b0-c1c0207dbd90,oel18-016.jpg,copertine/d3309a61-3f10-4649-97b0-c1c0207dbd90,dry-run,
d363cf36-7e21-4f0c-8dfe-eab89f5eda7d,oel067-026c.jpg,copertine/d363cf36-7e21-4f0c-8dfe-eab89f5eda7d,dry-run,
d36a6893-61bb-408c-b8ea-f627784bef7f,Famiglia-per-chi-Ombre-e-Luci-n.130-2015.webp,copertine/d36a6893-61bb-408c-b8ea-f627784bef7f,dry-run,
d37842b8-d1c9-409b-a0ab-5e8db4c3df44,oel23-009.jpg,copertine/d37842b8-d1c9-409b-a0ab-5e8db4c3df44,dry-run,
d3bbf674-d2f3-4cc0-97f2-e965dfe9269d,le-chiavi-di-casa.jpg,copertine/d3bbf674-d2f3-4cc0-97f2-e965dfe9269d,dry-run,
d3e15625-ce83-44a4-a8dc-053e87a0afba,Hostability.jpg,copertine/d3e15625-ce83-44a4-a8dc-053e87a0afba,dry-run,
d3f90ca6-cc1c-4a1e-8d5a-fed306338700,Dario-Piersanti.jpg,copertine/d3f90ca6-cc1c-4a1e-8d5a-fed306338700,dry-run,
d40d3eef-f2df-4c3c-8524-8806a678e878,Marie-Odile-Rhethore.webp,copertine/d40d3eef-f2df-4c3c-8524-8806a678e878,dry-run,
d40f9fcc-f3fa-43a9-ae8e-49d5e16694f4,Lettere-Jean-Vanier.jpg,copertine/d40f9fcc-f3fa-43a9-ae8e-49d5e16694f4,dry-run,
d446ea29-3e52-4541-8437-4d898defa45c,oel16-001.jpg,copertine/d446ea29-3e52-4541-8437-4d898defa45c,dry-run,
d446fefa-c72f-4963-a696-649b52c22b90,con-occhi-di-padre.jpg,copertine/d446fefa-c72f-4963-a696-649b52c22b90,dry-run,
d44862be-be82-49fe-82ee-cd19516e1c8b,Schermata-2023-02-08-alle-19.17.50.webp,copertine/d44862be-be82-49fe-82ee-cd19516e1c8b,dry-run,
d45409e4-dc28-42ae-acf8-77e0d78332ac,Museo-Benozzo-Gozzoli-di-Castelfiorentino-Firenze.jpg,copertine/d45409e4-dc28-42ae-acf8-77e0d78332ac,dry-run,
d45e684e-4beb-41be-bb5b-009aa1ba7a11,Anffas-Daniela-Cannistraci-Ombre-e-Luci-n.-122-2013.webp,copertine/d45e684e-4beb-41be-bb5b-009aa1ba7a11,dry-run,
d45f57f0-eca7-4752-a1d3-f282bf8e14aa,Chiamami-Alex-Recensione-Ombre-e-Luci-n.-122-2013.webp,copertine/d45f57f0-eca7-4752-a1d3-f282bf8e14aa,dry-run,
d463cb41-6cb3-4a84-8e9c-0b2efc653170,Edo-focus-3.jpg,copertine/d463cb41-6cb3-4a84-8e9c-0b2efc653170,dry-run,
d4651f72-e52d-4300-91b2-b67ff21fc9e3,29b.jpg,copertine/d4651f72-e52d-4300-91b2-b67ff21fc9e3,dry-run,
d494cbb5-fb40-4b85-a70c-b66ab4a43535,the-square.jpg,copertine/d494cbb5-fb40-4b85-a70c-b66ab4a43535,dry-run,
d4977936-fb3d-4302-870d-f2897fdb1340,59b-Ombre-e-Luci-n.82-2003.jpg,copertine/d4977936-fb3d-4302-870d-f2897fdb1340,dry-run,
d49f3484-fb20-4ad0-b65b-c5c4b5e8f755,lutto-bambini.jpg,copertine/d49f3484-fb20-4ad0-b65b-c5c4b5e8f755,dry-run,
d4d17c53-9b5c-4231-bd1b-1183d82315a2,libri-vecchi.jpg,copertine/d4d17c53-9b5c-4231-bd1b-1183d82315a2,dry-run,
d50666c6-8a19-4c61-8f2a-8d433474999a,Stefano-Di-Franco2.jpg,copertine/d50666c6-8a19-4c61-8f2a-8d433474999a,dry-run,
d50ae27a-726a-4657-8ecd-2bf1120250ce,catechesi.jpg,copertine/d50ae27a-726a-4657-8ecd-2bf1120250ce,dry-run,
d53a5020-fe3c-47c5-ab6f-709fbb115331,madre-pantanella.jpg,copertine/d53a5020-fe3c-47c5-ab6f-709fbb115331,dry-run,
d54895da-22cf-492c-b493-b686e44e23c2,0-4.jpg,copertine/d54895da-22cf-492c-b493-b686e44e23c2,dry-run,
d56f3ca5-9d49-4f89-9c5e-ea485d13244b,mai-piu-soli-recensione-Ombre-e-Luci-n.121-2013.webp,copertine/d56f3ca5-9d49-4f89-9c5e-ea485d13244b,dry-run,
d575ada7-3db2-43b0-a721-94a20181737b,iguana-non-vuole-marchetta-recensione-Ombre-e-Luci-177-2012.webp,copertine/d575ada7-3db2-43b0-a721-94a20181737b,dry-run,
d59b297b-cedd-4ee8-9c79-7af3edf43edd,oel032-024.jpg,copertine/d59b297b-cedd-4ee8-9c79-7af3edf43edd,dry-run,
d5a5bbc3-9f89-4a95-aed2-df23140aa117,Guerre-stellari-ospedale.jpg,copertine/d5a5bbc3-9f89-4a95-aed2-df23140aa117,dry-run,
d5da2ee4-f2e7-42b9-a077-fa02ad8c6a0e,libri-vecchi.jpg,copertine/d5da2ee4-f2e7-42b9-a077-fa02ad8c6a0e,dry-run,
d5db727e-d59e-4ff3-ac75-d24fb722aa00,Baskin-Delfini-Monopoli1.jpg,copertine/d5db727e-d59e-4ff3-ac75-d24fb722aa00,dry-run,
d5ee86e2-7b23-4246-af21-4fa5000a9e1a,Come-dire-si-Insieme-n.5-1975-Ombre-e-Luci.jpg,copertine/d5ee86e2-7b23-4246-af21-4fa5000a9e1a,dry-run,
d5f8decd-f8c8-4561-a30d-0ba5b7b8f609,Aggiungi-un-posto.-a-casa-Ombre-e-Luci-n.120-2012.webp,copertine/d5f8decd-f8c8-4561-a30d-0ba5b7b8f609,dry-run,
d60c7866-d94a-475b-b17a-d44ca415a67a,oel_n6_Psicosi-precoci1.jpg,copertine/d60c7866-d94a-475b-b17a-d44ca415a67a,dry-run,
d60cb78b-e5ac-46f4-ae96-d7fc9c5b76b2,Antonietta-Medaglia-2.jpg,copertine/d60cb78b-e5ac-46f4-ae96-d7fc9c5b76b2,dry-run,
d621b2bf-294e-40b1-9f92-b3669f5994b5,oel_n4_vitaaffettiva.jpg,copertine/d621b2bf-294e-40b1-9f92-b3669f5994b5,dry-run,
d63ae4a5-5ee0-4633-8763-393c45e1546b,recensioni.jpg,copertine/d63ae4a5-5ee0-4633-8763-393c45e1546b,dry-run,
d64ebde4-5193-4ab7-a61e-a413943d808d,83-19-Ombre-e-Luci-n.83-2833.jpg,copertine/d64ebde4-5193-4ab7-a61e-a413943d808d,dry-run,
d65ad463-67d1-4c85-b138-92e8c4e4b2c0,Boston.jpg,copertine/d65ad463-67d1-4c85-b138-92e8c4e4b2c0,dry-run,
d66667ce-d368-4c44-b4ef-7ac425ea8320,libri-vecchi.jpg,copertine/d66667ce-d368-4c44-b4ef-7ac425ea8320,dry-run,
d6de3a6c-828f-4418-986f-ac427e5153e2,incontro-insieme-n.23-1979-ombreeluci.it_.webp,copertine/d6de3a6c-828f-4418-986f-ac427e5153e2,dry-run,
d6f0e38b-84ca-40bd-b43f-83590abef809,Valeria-Antonucci-cop.jpg,copertine/d6f0e38b-84ca-40bd-b43f-83590abef809,dry-run,
d6fb779f-34ac-45de-b80a-28c24ccfdc15,Richard-diebenkorn.jpg,copertine/d6fb779f-34ac-45de-b80a-28c24ccfdc15,dry-run,
d789bed3-cf78-4fec-8fca-1588cfd11704,oel025-007.jpg,copertine/d789bed3-cf78-4fec-8fca-1588cfd11704,dry-run,
d78cc675-94b4-4bd4-a9ff-aab7c684464e,Giovanni.jpg,copertine/d78cc675-94b4-4bd4-a9ff-aab7c684464e,dry-run,
d78e0505-1d06-4350-826f-5686927d72b1,memento-media-iLrAD-c_56Y-unsplash.webp,copertine/d78e0505-1d06-4350-826f-5686927d72b1,dry-run,
d795640b-214e-433f-bea2-cefeac7d2434,newsletterT4.jpg,copertine/d795640b-214e-433f-bea2-cefeac7d2434,dry-run,
d7eb9db2-8c41-428b-8a43-0ef08171742e,Justin-Glyn.jpg,copertine/d7eb9db2-8c41-428b-8a43-0ef08171742e,dry-run,
d7ec7bde-eec4-47a3-add4-1d03f1f0c755,Lo-straordinario-viaggio-di-Nujeen-Ombre-e-Luci-n.138-2017.webp,copertine/d7ec7bde-eec4-47a3-add4-1d03f1f0c755,dry-run,
d7f1002b-5996-412a-a3f2-ddc5566ba16d,Festa-della-primvera-1978-insieme-n.-18-Ombre-e-Luci.jpg,copertine/d7f1002b-5996-412a-a3f2-ddc5566ba16d,dry-run,
d858b1b0-631d-4534-8759-e73837b99959,dialogo-aperto.jpg,copertine/d858b1b0-631d-4534-8759-e73837b99959,dry-run,
d85dd8bb-71f5-421b-bb3b-fc265f259906,oel_n1_dialogoaperto.jpg,copertine/d85dd8bb-71f5-421b-bb3b-fc265f259906,dry-run,
d88f3287-9eb7-4a6f-99cc-f0c0495059f1,01_dono-oscuro-cop.jpg,copertine/d88f3287-9eb7-4a6f-99cc-f0c0495059f1,dry-run,
d8a7b478-0f3b-4354-a2c4-4047c3b369ee,Giovanni.jpg,copertine/d8a7b478-0f3b-4354-a2c4-4047c3b369ee,dry-run,
d8b979e6-736a-4eb9-9533-d68163481f1b,dialogo-aperto-archivio.jpg,copertine/d8b979e6-736a-4eb9-9533-d68163481f1b,dry-run,
d8ccd262-b536-4eba-b3d4-48d3abf10954,Disabilità-lavoro.jpg,copertine/d8ccd262-b536-4eba-b3d4-48d3abf10954,dry-run,
d8ceeb2e-96d9-4d9b-ac72-9d0cda442e39,Raccontami-il-mare-che-hai-dentro-Recensione-Ombre-e-Lui-n.140-2018.webp,copertine/d8ceeb2e-96d9-4d9b-ac72-9d0cda442e39,dry-run,
d8d11a41-a9e0-4098-b903-ad2e5d600e6b,Inclusion-exclusion-santegidio.jpg,copertine/d8d11a41-a9e0-4098-b903-ad2e5d600e6b,dry-run,
d9031bfa-9812-48fb-98cc-654f813de19a,Mariangela-Santo-Domingo-Ombre-e-Luci-n.126-2014.webp,copertine/d9031bfa-9812-48fb-98cc-654f813de19a,dry-run,
d9143817-0dad-47b7-9965-464a42618356,oel026-022.jpg,copertine/d9143817-0dad-47b7-9965-464a42618356,dry-run,
d91f3926-a246-4386-9d0b-1586a76c6a8f,oel034-015.jpg,copertine/d91f3926-a246-4386-9d0b-1586a76c6a8f,dry-run,
d924b8c2-9882-47cb-af97-3f93ac12900b,13.jpg,copertine/d924b8c2-9882-47cb-af97-3f93ac12900b,dry-run,
d93145e8-cd43-458b-a39f-4ddf0fdd7976,oel_n3_vitafl_fx.jpg,copertine/d93145e8-cd43-458b-a39f-4ddf0fdd7976,dry-run,
d97bfda4-dc34-40c5-903f-32dbb105bbc4,Luciana-Spigolon.jpg,copertine/d97bfda4-dc34-40c5-903f-32dbb105bbc4,dry-run,
d9ce0936-8484-4e90-aa70-530f03210365,oel059-013.jpg,copertine/d9ce0936-8484-4e90-aa70-530f03210365,dry-run,
d9d42901-a08c-4c34-bc96-777d071d889a,pellegrini.webp,copertine/d9d42901-a08c-4c34-bc96-777d071d889a,dry-run,
d9f743d8-a1ac-4af2-b6ae-28908b201bc5,Come-se-io-fosso-te-Recensione-Ombre-e-Luci-n.141-2018.webp,copertine/d9f743d8-a1ac-4af2-b6ae-28908b201bc5,dry-run,
da1af182-6111-41ce-83c3-e085a5589df3,Le-bambine-africane-sono-una-festa-di-treccine-Ombre-e-Luci-n.-115.webp,copertine/da1af182-6111-41ce-83c3-e085a5589df3,dry-run,
da36c741-5464-4ad3-92a7-1211c800cf40,20-2.jpg,copertine/da36c741-5464-4ad3-92a7-1211c800cf40,dry-run,
da4319c0-ac18-4b47-95de-ceb44833c3c3,san-pietro-avenza.jpg,copertine/da4319c0-ac18-4b47-95de-ceb44833c3c3,dry-run,
da511de8-aa2d-4be3-ae57-499233d2e00b,Sound-of-Metal.jpg,copertine/da511de8-aa2d-4be3-ae57-499233d2e00b,dry-run,
da7bd283-61bc-4ccd-8568-4386d6d20090,Piero-e-il-bruco-farfalla-Ombre-e-Luci-n.134-2016.webp,copertine/da7bd283-61bc-4ccd-8568-4386d6d20090,dry-run,
da867f1a-906f-47f9-80fe-1883dee7a601,oel063-007.jpg,copertine/da867f1a-906f-47f9-80fe-1883dee7a601,dry-run,
da9be996-7641-4ae8-90fd-4b2a37f1e5c6,cover-nl-09-2020.jpg,copertine/da9be996-7641-4ae8-90fd-4b2a37f1e5c6,dry-run,
daa2a9c1-de30-4b29-bbb9-3b9f1130113d,oel14-018A.jpg,copertine/daa2a9c1-de30-4b29-bbb9-3b9f1130113d,dry-run,
dab7a441-12e7-47e2-9630-37b05f6eaebb,oel031-020.jpg,copertine/dab7a441-12e7-47e2-9630-37b05f6eaebb,dry-run,
dae2a25e-0d39-49d1-a911-56b411ccd8a5,oel16-029.jpg,copertine/dae2a25e-0d39-49d1-a911-56b411ccd8a5,dry-run,
dae43228-7900-4263-8916-61274f62f8b1,Case-famiglia-iniziative-centri-di-accoglienza.jpg,copertine/dae43228-7900-4263-8916-61274f62f8b1,dry-run,
daf22076-c7f8-4560-8fe7-53cbcfda5696,Campo-Fede-e-Luce-Alfedena-anni-70-Ombre-e-Luci-6-1.webp,copertine/daf22076-c7f8-4560-8fe7-53cbcfda5696,dry-run,
db18a1aa-7d38-4936-90c8-110a4a20e7fa,dialogo-aperto.jpg,copertine/db18a1aa-7d38-4936-90c8-110a4a20e7fa,dry-run,
db1e06bf-a6ac-4c83-8b3d-f41e39a62dfa,Pertuttipersone.jpg,copertine/db1e06bf-a6ac-4c83-8b3d-f41e39a62dfa,dry-run,
db2cfa53-abc0-4fe2-8d75-05cbeef3c231,00-6-Ombre-e-Luci-n.-79-2002.jpg,copertine/db2cfa53-abc0-4fe2-8d75-05cbeef3c231,dry-run,
db3b192e-2d0a-4f76-99d9-36cbb2645703,oel11-020.jpg,copertine/db3b192e-2d0a-4f76-99d9-36cbb2645703,dry-run,
db4aae6b-13dc-453e-bf3e-407c4774934f,oel17-014.jpg,copertine/db4aae6b-13dc-453e-bf3e-407c4774934f,dry-run,
db821547-01f4-43ae-8fd6-648c25796309,libri4.jpg,copertine/db821547-01f4-43ae-8fd6-648c25796309,dry-run,
db9f3c52-531f-4094-83be-df91176b0676,Un-gettone-di-liberta-Recensione-Ombre-e-Luci-n.-127-2014.webp,copertine/db9f3c52-531f-4094-83be-df91176b0676,dry-run,
dbb5e8c9-6313-49f1-ab02-29c57e1ded1c,oel058-007.jpg,copertine/dbb5e8c9-6313-49f1-ab02-29c57e1ded1c,dry-run,
dbc10111-b502-43a8-b0cc-0bbbcb8ebdcb,Petites_Soeurs_disciples_de_lAgneau.webp,copertine/dbc10111-b502-43a8-b0cc-0bbbcb8ebdcb,dry-run,
dc07e868-2181-42bc-b500-014851e65710,Ora-basta-Ombre-e-Luci-n.-122-2013.jpeg,copertine/dc07e868-2181-42bc-b500-014851e65710,dry-run,
dc188c71-716e-409f-8cfe-b9bd75f802e8,oel032-011.jpg,copertine/dc188c71-716e-409f-8cfe-b9bd75f802e8,dry-run,
dc1c729e-a76a-4e61-8033-951489d389d6,Tutti-a-bordo-Ombre-e-Luci-n.134-2016.webp,copertine/dc1c729e-a76a-4e61-8033-951489d389d6,dry-run,
dc1efbb2-64f3-4638-afff-adae6ded4385,Final-account-cover.jpg,copertine/dc1efbb2-64f3-4638-afff-adae6ded4385,dry-run,
dc6c23b0-b9d5-48ec-ab32-d897f1037c0e,benedetta-el-sharaawy.jpg,copertine/dc6c23b0-b9d5-48ec-ab32-d897f1037c0e,dry-run,
dc7d2a8e-8eed-45af-a075-512e866ad173,farsi-carico-degli-ultimi-Ombre-e-Luci-n.-115.webp,copertine/dc7d2a8e-8eed-45af-a075-512e866ad173,dry-run,
dc983ac6-3f70-4915-91be-0061b35f269d,Benedetta-atletica.jpg,copertine/dc983ac6-3f70-4915-91be-0061b35f269d,dry-run,
dc9dbce8-1e12-493c-a8a7-dc3422959cb1,disability-pride.jpg,copertine/dc9dbce8-1e12-493c-a8a7-dc3422959cb1,dry-run,
dcb52dc2-06f5-4451-95e9-70b06b2a812c,oel20-00A.jpg,copertine/dcb52dc2-06f5-4451-95e9-70b06b2a812c,dry-run,
dcbf2b2e-51f0-4260-8aab-c9b2b1daef44,Newsletter-27-cover.jpg,copertine/dcbf2b2e-51f0-4260-8aab-c9b2b1daef44,dry-run,
dcd63b68-9134-405b-9676-95a3773abae3,22.jpg,copertine/dcd63b68-9134-405b-9676-95a3773abae3,dry-run,
dce3189d-482e-4f4c-aa05-f82b954f26b9,oel071-007.jpg,copertine/dce3189d-482e-4f4c-aa05-f82b954f26b9,dry-run,
dcfffe52-1c8f-4064-9d35-6dba57b707d4,oel14-siamo-venuti-ad-asissi-perche-05.jpg,copertine/dcfffe52-1c8f-4064-9d35-6dba57b707d4,dry-run,
dd157fc7-75d1-4014-aa93-f85c24989087,Fratelli-Leo-allenamento-1.jpg,copertine/dd157fc7-75d1-4014-aa93-f85c24989087,dry-run,
dd4179c4-5f04-4257-8465-28735e89b409,province.jpg,copertine/dd4179c4-5f04-4257-8465-28735e89b409,dry-run,
dd4941c1-bffb-4e83-97b5-1007f0d1fa63,Benedetta-nonna.jpg,copertine/dd4941c1-bffb-4e83-97b5-1007f0d1fa63,dry-run,
dd51bdd5-9e14-4e7b-a470-66e8a117012b,Bobo_2_Copyright-Pippo-Delbono-still.jpg,copertine/dd51bdd5-9e14-4e7b-a470-66e8a117012b,dry-run,
dd53ecc9-290f-463f-86e1-c9ee7f6d42bd,25anni-matrimonio-Spigolon-Alessandro-Lucia.jpg,copertine/dd53ecc9-290f-463f-86e1-c9ee7f6d42bd,dry-run,
dd645c78-9f17-4c56-86a6-e383a13e464f,Fede-e-Luce-Tutti-a-Leeds-1-Ombre-e-Luci-n.123-2013.webp,copertine/dd645c78-9f17-4c56-86a6-e383a13e464f,dry-run,
dd720c1e-9be8-4d73-8aa6-f9cb15f55d6e,24A.jpg,copertine/dd720c1e-9be8-4d73-8aa6-f9cb15f55d6e,dry-run,
dd79ab30-d615-4d07-bed8-02f02e511e71,oel057-023.jpg,copertine/dd79ab30-d615-4d07-bed8-02f02e511e71,dry-run,
ddba17d6-08b8-434a-8715-477edac0ee14,fff9e5d9-108e-4e27-b074-35d14e2e06ef.jpg,copertine/ddba17d6-08b8-434a-8715-477edac0ee14,dry-run,
ddc5e112-1d25-42f1-8740-155f909fd00b,FL_1975_-prima-festa.jpg,copertine/ddc5e112-1d25-42f1-8740-155f909fd00b,dry-run,
de14ad7a-016c-41b0-ad4f-a3cafdd77caf,00-27.jpg,copertine/de14ad7a-016c-41b0-ad4f-a3cafdd77caf,dry-run,
de38605a-9141-4593-90c7-7966af71f021,dialogo-aperto-archivio.jpg,copertine/de38605a-9141-4593-90c7-7966af71f021,dry-run,
de38bd91-7144-476b-9171-c936f23e7a77,Fede-e-Luce-vicini-a-distanza.jpg,copertine/de38bd91-7144-476b-9171-c936f23e7a77,dry-run,
de485ac4-26b5-4227-a182-c04908a3c155,methode-sundaytimes-prod-web-bin-ea272442-58eb-11e7-806b-08bec0454923.webp,copertine/de485ac4-26b5-4227-a182-c04908a3c155,dry-run,
de731d22-6861-456d-8797-de49de8fffb4,Daniele_crespi_adorazione_dei_pastori_1623-25.webp,copertine/de731d22-6861-456d-8797-de49de8fffb4,dry-run,
de89826d-24dc-4ea7-b379-6a63caf1b820,Arianna-Giuliano.jpg,copertine/de89826d-24dc-4ea7-b379-6a63caf1b820,dry-run,
de94bea8-300c-426e-aba7-7f85740b0191,Mostra-voglio-il-mio-mare-Palermo.jpeg,copertine/de94bea8-300c-426e-aba7-7f85740b0191,dry-run,
dea716e8-579f-4370-8cf7-ce704d036525,7-Ombre-e-Luci-n.97-2007.jpg,copertine/dea716e8-579f-4370-8cf7-ce704d036525,dry-run,
debea3b8-bfcd-42a7-ac45-5d4657622898,Papa-Paolo-VI-abbracia-un-ragazzo-di-Fede-e-Luce-durante-lincontro-a-Piazza-San-Pietro-1975-LOsservatore-Romano-27-ottobre-1975-Foto-Giordani-.webp,copertine/debea3b8-bfcd-42a7-ac45-5d4657622898,dry-run,
ded586c1-ee4a-453d-84be-ef5c3aeeac05,Chicco-Ombre-e-Luci-n.134-2016.webp,copertine/ded586c1-ee4a-453d-84be-ef5c3aeeac05,dry-run,
def82679-1b9c-44f9-bd30-c1f000b5c65c,oel14-gallery-003.jpg,copertine/def82679-1b9c-44f9-bd30-c1f000b5c65c,dry-run,
df0dae82-b9a7-489b-b25e-5fca79000ab0,per-te-ho-visitato-roma-pellegrinaggio-1975.webp,copertine/df0dae82-b9a7-489b-b25e-5fca79000ab0,dry-run,
df1bd132-0488-4c6b-9d8d-783aeaece4d3,quaresima-2020-don-marco-bove-cover-podcast.jpg,copertine/df1bd132-0488-4c6b-9d8d-783aeaece4d3,dry-run,
df26b2db-4dd6-4134-8154-9ba7d9cf9ae5,Jean-vanier-90-anni.jpg,copertine/df26b2db-4dd6-4134-8154-9ba7d9cf9ae5,dry-run,
df3d7800-bc6e-47d5-a2d7-b23f429707f3,33-Ombre-e-Luci-n.82-2003.jpg,copertine/df3d7800-bc6e-47d5-a2d7-b23f429707f3,dry-run,
df4da3dd-4b49-4cf6-b772-5b567a3e1675,Papa-Francesco-incontra-il-patriarca-di-Mosca-Cirillo-Ombre-e-Luci-n.133-2016.webp,copertine/df4da3dd-4b49-4cf6-b772-5b567a3e1675,dry-run,
df7b6587-e69c-4313-b0f2-c355099da893,oel-76-17.jpg,copertine/df7b6587-e69c-4313-b0f2-c355099da893,dry-run,
df88c3de-e497-4eca-8cc8-511544c76c0b,LIS-Ombre-e-Luci-n.142-2018.webp,copertine/df88c3de-e497-4eca-8cc8-511544c76c0b,dry-run,
dfa3f657-c883-4cb8-be71-e037928543fb,oel11-020.jpg,copertine/dfa3f657-c883-4cb8-be71-e037928543fb,dry-run,
dfbc3604-95bc-46bd-b67e-c8df724b05f2,LIBRI-Galeotti-cover.jpg,copertine/dfbc3604-95bc-46bd-b67e-c8df724b05f2,dry-run,
dfcb9def-46b4-487d-8f81-852eb0c3d1be,oel064-007.jpg,copertine/dfcb9def-46b4-487d-8f81-852eb0c3d1be,dry-run,
dfe35721-b433-4935-b376-748427c6647e,Hello-Harry-Hi-Benny-Recensione-Ombre-e-Luci-n.139-2017.webp,copertine/dfe35721-b433-4935-b376-748427c6647e,dry-run,
e018047f-1eb0-44e7-8cdb-b23576903eec,Beatrice-Ion.jpg,copertine/e018047f-1eb0-44e7-8cdb-b23576903eec,dry-run,
e06e8c40-af7d-44eb-aef0-e64459345911,Athletica-Vaticana.jpg,copertine/e06e8c40-af7d-44eb-aef0-e64459345911,dry-run,
e071be97-32b2-4a5e-a407-1855b81084d5,oel031-009.jpg,copertine/e071be97-32b2-4a5e-a407-1855b81084d5,dry-run,
e0796c3f-e5b1-4ee9-9019-531a5e9254d3,oel11-012.jpg,copertine/e0796c3f-e5b1-4ee9-9019-531a5e9254d3,dry-run,
e0a1cc10-9eef-41d6-8d83-67aa9851ee0b,P_20171011_092337.jpg,copertine/e0a1cc10-9eef-41d6-8d83-67aa9851ee0b,dry-run,
e0ea862f-0091-428e-a63f-834c107ef0e5,oel032-014.jpg,copertine/e0ea862f-0091-428e-a63f-834c107ef0e5,dry-run,
e0ee2cee-ea0c-44db-9808-60d0033f3aaf,oel058-010.jpg,copertine/e0ee2cee-ea0c-44db-9808-60d0033f3aaf,dry-run,
e0f01442-eda3-4b12-b78b-30ca9bd9e9b7,chicca-mariangela.jpg,copertine/e0f01442-eda3-4b12-b78b-30ca9bd9e9b7,dry-run,
e1089257-5ef6-49ea-83af-bc9de11c2a12,oel039-014.jpg,copertine/e1089257-5ef6-49ea-83af-bc9de11c2a12,dry-run,
e111e292-8582-4bb1-a975-6a1af80d2e7b,OmbreeLuci-Edelweiss-SD.jpg,copertine/e111e292-8582-4bb1-a975-6a1af80d2e7b,dry-run,
e17522b3-4027-4397-91bc-68a3cece5ec5,oel-76-copertina-libro-inno-alla-vita-erika-bazzola.jpg,copertine/e17522b3-4027-4397-91bc-68a3cece5ec5,dry-run,
e1ac2eb5-d5f1-4992-afdb-823afab87a6c,insieme-10-1976-notiziario-fede-e-luce.webp,copertine/e1ac2eb5-d5f1-4992-afdb-823afab87a6c,dry-run,
e1ae50d3-af36-4921-9084-cc2bef5ab4c8,Pablo-copertina.jpg,copertine/e1ae50d3-af36-4921-9084-cc2bef5ab4c8,dry-run,
e1b8d721-4de2-4f19-9381-a71cdfc3e705,oel038-017.jpg,copertine/e1b8d721-4de2-4f19-9381-a71cdfc3e705,dry-run,
e1d86b47-659d-4666-bd8d-ff67d59ad497,14-2.jpg,copertine/e1d86b47-659d-4666-bd8d-ff67d59ad497,dry-run,
e1f8f385-824f-4390-a927-a7b1a210aa41,annunciazione.jpg,copertine/e1f8f385-824f-4390-a927-a7b1a210aa41,dry-run,
e1fb6714-f560-42f9-9640-b562f39a774f,Big-Bang_5©2022-Les-Valseurs-O-sopro-do-tempo.jpg,copertine/e1fb6714-f560-42f9-9640-b562f39a774f,dry-run,
e2133bb5-4b6d-476b-909c-33003d3b1d39,image.png,copertine/e2133bb5-4b6d-476b-909c-33003d3b1d39,dry-run,
e21a651f-8f5e-4427-b7b8-d40f4144b707,Marco-Cavallo.jpg,copertine/e21a651f-8f5e-4427-b7b8-d40f4144b707,dry-run,
e230c091-654f-4053-bd45-b837712edb27,La-lingua-dei-segni-nelle-disabilita-comunicative-Recensione-Ombre-e-Luci-n.142-2018.webp,copertine/e230c091-654f-4053-bd45-b837712edb27,dry-run,
e23ff718-8ed6-4a01-8b9b-15c418d2c238,Copertina-Nella-stessa-Barca-Quando-lhandicap-entra-in-famiglia-Recensione-libro-Ombre-e-Luci-n.77-2002.jpg,copertine/e23ff718-8ed6-4a01-8b9b-15c418d2c238,dry-run,
e25cde51-6144-4acf-ac0a-074e08f5ae92,oel7022-nicole.jpg,copertine/e25cde51-6144-4acf-ac0a-074e08f5ae92,dry-run,
e261a144-9aa6-49d6-8de5-db83f93ec4f0,12.jpg,copertine/e261a144-9aa6-49d6-8de5-db83f93ec4f0,dry-run,
e268ce0c-5a7b-496f-94c6-80cd27357df2,oel054-024.jpg,copertine/e268ce0c-5a7b-496f-94c6-80cd27357df2,dry-run,
e27073d1-42cf-4dbc-a260-4e21450ec324,province.jpg,copertine/e27073d1-42cf-4dbc-a260-4e21450ec324,dry-run,
e2806c08-01bb-4875-ba59-bf1ba3c5ac9e,Casale-Arti-e-Mestieri.jpg,copertine/e2806c08-01bb-4875-ba59-bf1ba3c5ac9e,dry-run,
e28863d8-a38f-4972-b0c4-7442b5de722d,arche-sassolini.jpg,copertine/e28863d8-a38f-4972-b0c4-7442b5de722d,dry-run,
e289e63e-e32c-4b83-b5cb-515e5ae81b13,Rare_Disease_Day_2011.webp,copertine/e289e63e-e32c-4b83-b5cb-515e5ae81b13,dry-run,
e2a8b6ec-1a07-4ea2-9ba0-b7ed50aadb6e,jezael-melgoza-KbR06h9dNQw-unsplash.webp,copertine/e2a8b6ec-1a07-4ea2-9ba0-b7ed50aadb6e,dry-run,
e2baa07d-44df-480d-bcd2-7458c2e6d7fc,Melanie-Fanny.jpg,copertine/e2baa07d-44df-480d-bcd2-7458c2e6d7fc,dry-run,
e2c625f0-2811-4a83-b6fa-81eb584f8f98,Joseph_Mallord_William_Turner_-_The_Shipwreck_-_Google_Art_Project.jpg,copertine/e2c625f0-2811-4a83-b6fa-81eb584f8f98,dry-run,
e2cd877e-e509-4b5c-acec-f2977c7ba7f0,libri-vecchi.jpg,copertine/e2cd877e-e509-4b5c-acec-f2977c7ba7f0,dry-run,
e2eab678-6abb-4160-b6bf-26bbb5790860,Siblings-Recensione-Ombre-e-Luci-n.130-2015.webp,copertine/e2eab678-6abb-4160-b6bf-26bbb5790860,dry-run,
e2f380d2-97e7-43a7-b25b-ecc8884d0610,province.jpg,copertine/e2f380d2-97e7-43a7-b25b-ecc8884d0610,dry-run,
e2f65798-137d-4298-84b2-aa9343f04d96,come-dirlo.jpg,copertine/e2f65798-137d-4298-84b2-aa9343f04d96,dry-run,
e3196472-4aa6-4bd6-952e-c6097fc28223,fedeeluce-1.jpg,copertine/e3196472-4aa6-4bd6-952e-c6097fc28223,dry-run,
e32ae772-c061-4d3c-b444-363b67ec27e7,magnificat-oel070-00A.jpg,copertine/e32ae772-c061-4d3c-b444-363b67ec27e7,dry-run,
e33d4b67-9e14-4154-9c86-ff457c57c210,atad.jpg,copertine/e33d4b67-9e14-4154-9c86-ff457c57c210,dry-run,
e369eac7-d21b-49fa-b401-2531cec184e4,libri-vecchi.jpg,copertine/e369eac7-d21b-49fa-b401-2531cec184e4,dry-run,
e3760a76-566e-43d4-b97c-a64746745554,Risveglio.jpg,copertine/e3760a76-566e-43d4-b97c-a64746745554,dry-run,
e3934ec2-018e-4b47-93c5-d094fc31e5fe,Cosa-e-fede-e-liuce.webp,copertine/e3934ec2-018e-4b47-93c5-d094fc31e5fe,dry-run,
e3a671e4-8f17-4486-ac5b-f2c9fa7e8608,province.jpg,copertine/e3a671e4-8f17-4486-ac5b-f2c9fa7e8608,dry-run,
e3ba01c5-445b-4288-83ea-3e60bd775343,stefano-ragazze.jpg,copertine/e3ba01c5-445b-4288-83ea-3e60bd775343,dry-run,
e3e7613d-c259-4bfe-a7ce-36dfca375e7a,tommaso-bertolini.jpg,copertine/e3e7613d-c259-4bfe-a7ce-36dfca375e7a,dry-run,
e3ea4652-0cda-4199-8e34-1868b1dbca8e,oel049-024.jpg,copertine/e3ea4652-0cda-4199-8e34-1868b1dbca8e,dry-run,
e3f1798e-7886-413f-8534-26fcf1837cc8,Bella_04.jpg,copertine/e3f1798e-7886-413f-8534-26fcf1837cc8,dry-run,
e3f24b7d-286c-4b11-9349-691fe7b668f0,Benedetta-coronavirus.jpeg,copertine/e3f24b7d-286c-4b11-9349-691fe7b668f0,dry-run,
e4188397-e04f-4ddf-bf3c-d77e900b2b13,libri-vecchi.jpg,copertine/e4188397-e04f-4ddf-bf3c-d77e900b2b13,dry-run,
e41cd89d-ccc6-439e-8e6a-ab8aecbef56e,Benedetta-mere.jpg,copertine/e41cd89d-ccc6-439e-8e6a-ab8aecbef56e,dry-run,
e421082f-cc11-47e5-bb40-bd58c21bcbcb,la-famiglia-oggi-Ombre-e-Luci-n72-2000.jpg,copertine/e421082f-cc11-47e5-bb40-bd58c21bcbcb,dry-run,
e4240ee7-d229-4d29-8148-499ae9716970,Antonietta-min.jpg,copertine/e4240ee7-d229-4d29-8148-499ae9716970,dry-run,
e4399012-ef0a-4377-8d45-eb793efc0df2,mimo-fede-e-luce.jpg,copertine/e4399012-ef0a-4377-8d45-eb793efc0df2,dry-run,
e43cc6bc-5010-4bf4-91d9-a0f30715f4c7,oel033-017.jpg,copertine/e43cc6bc-5010-4bf4-91d9-a0f30715f4c7,dry-run,
e44bb57f-ca07-4e8a-907b-4c336ab2bf9f,oel054-VOCABOLARIO.jpg,copertine/e44bb57f-ca07-4e8a-907b-4c336ab2bf9f,dry-run,
e459076b-4e44-4f4f-852a-8634f703826d,libri-vecchi.jpg,copertine/e459076b-4e44-4f4f-852a-8634f703826d,dry-run,
e46ef3b8-5ac8-45e8-9194-800fb33b3cd7,oel047-00A.jpg,copertine/e46ef3b8-5ac8-45e8-9194-800fb33b3cd7,dry-run,
e477ed00-7315-4532-a4a1-09c1a3c680cb,Seveso-1976-Recensione-Ombre-e-Luci-n.137-2017.webp,copertine/e477ed00-7315-4532-a4a1-09c1a3c680cb,dry-run,
e4cdfedd-1fd3-4ed1-9692-ecbdc6955fef,oel058-024.jpg,copertine/e4cdfedd-1fd3-4ed1-9692-ecbdc6955fef,dry-run,
e4fd2042-1e87-411b-b487-f56a21dc484c,lettere.jpg,copertine/e4fd2042-1e87-411b-b487-f56a21dc484c,dry-run,
e52c9e67-5d3c-4b50-9234-d9f1c21e020c,Bebe-Vio-Giochi-senza-barriere.jpg,copertine/e52c9e67-5d3c-4b50-9234-d9f1c21e020c,dry-run,
e5398838-b967-463c-870b-f37a4cdc0c79,oel044-023.jpg,copertine/e5398838-b967-463c-870b-f37a4cdc0c79,dry-run,
e551ee99-4213-40da-bb81-b60244c8640d,integrazione-scolastica2.webp,copertine/e551ee99-4213-40da-bb81-b60244c8640d,dry-run,
e5737ca0-901e-4fe1-9277-7adf425ad82c,aioel-cover-2.webp,copertine/e5737ca0-901e-4fe1-9277-7adf425ad82c,dry-run,
e577df97-2607-46aa-b0db-012895618c24,repubblica-sorda.jpg,copertine/e577df97-2607-46aa-b0db-012895618c24,dry-run,
e5809129-95b6-405b-ac7c-8dd6515e2817,Sala-blu.jpg,copertine/e5809129-95b6-405b-ac7c-8dd6515e2817,dry-run,
e5a67719-fd86-4580-8bae-14eb1b77c81c,volando-oltre.jpg,copertine/e5a67719-fd86-4580-8bae-14eb1b77c81c,dry-run,
e5b6439b-d2a1-43d7-9b65-800f36dd30dd,oel029-026.jpg,copertine/e5b6439b-d2a1-43d7-9b65-800f36dd30dd,dry-run,
e5c4e038-8f11-4eeb-8c12-25a37d8faaac,Somma-Vesuviana-Istituto-Torricelli.jpg,copertine/e5c4e038-8f11-4eeb-8c12-25a37d8faaac,dry-run,
e5d98c45-5cd1-4678-a870-cb36266c9ecd,Jean-Christophe-Parisot-Un-cercatore-di-Dio-Ombre-e-Luci-n.-121-2013.webp,copertine/e5d98c45-5cd1-4678-a870-cb36266c9ecd,dry-run,
e5dd8861-5985-4164-a2d6-79c99de18b8c,gioco-al-centro.jpg,copertine/e5dd8861-5985-4164-a2d6-79c99de18b8c,dry-run,
e5eb42d9-48c4-46a6-9f68-ee3a77d46a2e,perche-proprio-a-roma-pellegrinaggio-1975.webp,copertine/e5eb42d9-48c4-46a6-9f68-ee3a77d46a2e,dry-run,
e5f84915-07e9-4abf-ba10-288ba2ed2507,Logo-FL-16_9.jpg,copertine/e5f84915-07e9-4abf-ba10-288ba2ed2507,dry-run,
e60c15b4-52a4-4e60-8eb1-f89dd95d35d3,gaia-valmarin-articolo.jpg,copertine/e60c15b4-52a4-4e60-8eb1-f89dd95d35d3,dry-run,
e6308010-7901-4bc1-b3ef-837b11d7820d,dialogo-aperto.jpg,copertine/e6308010-7901-4bc1-b3ef-837b11d7820d,dry-run,
e64c6b65-1b35-4a4c-a107-95ec4ce2dd62,Tipografia-Ugo-Quintily-Ombre-e-Luci-n.100-2007.jpg,copertine/e64c6b65-1b35-4a4c-a107-95ec4ce2dd62,dry-run,
e64c909d-b56a-4d56-bce7-212a8b42092d,le-chiavi-di-casa-4.webp,copertine/e64c909d-b56a-4d56-bce7-212a8b42092d,dry-run,
e658438c-0553-4173-a09a-6b0ea0597f00,kulli-kittus-KQfxVDHGCUg-unsplash.webp,copertine/e658438c-0553-4173-a09a-6b0ea0597f00,dry-run,
e66b70f6-9a5c-40ef-b42c-a135cfb5c8e7,Irene-sta-carina.jpg,copertine/e66b70f6-9a5c-40ef-b42c-a135cfb5c8e7,dry-run,
e671cfc9-1bb9-4ee9-8d7b-23f6ee4fce5b,oel-76-14-caravaggio-fuga-in-egitto_.jpg,copertine/e671cfc9-1bb9-4ee9-8d7b-23f6ee4fce5b,dry-run,
e68a7496-e98d-4716-9d02-fcbbc458efbc,libri-vecchi.jpg,copertine/e68a7496-e98d-4716-9d02-fcbbc458efbc,dry-run,
e694f61e-41fb-41ce-bfcf-3ca41d0e4796,benedetta-aprile-2023.webp,copertine/e694f61e-41fb-41ce-bfcf-3ca41d0e4796,dry-run,
e695dd8a-7350-4473-a6ae-ac4ecb6b33fd,oel051-007.jpg,copertine/e695dd8a-7350-4473-a6ae-ac4ecb6b33fd,dry-run,
e6c5d392-9b08-41a6-ae0f-941fb15ac3a3,2-Ombre-e-Luci-n.84-2003.jpg,copertine/e6c5d392-9b08-41a6-ae0f-941fb15ac3a3,dry-run,
e6def621-1948-4505-b123-0215a90b9f6e,don-Mauro.jpg,copertine/e6def621-1948-4505-b123-0215a90b9f6e,dry-run,
e6ead9b7-3dc5-4e95-ab0a-7441f202917a,26B.jpg,copertine/e6ead9b7-3dc5-4e95-ab0a-7441f202917a,dry-run,
e6ebdff8-cc43-455c-ae82-73616a1433d1,Benedetta-Estate-2024-1.jpg,copertine/e6ebdff8-cc43-455c-ae82-73616a1433d1,dry-run,
e6f6dcd4-15e1-441f-aec2-ae05a03142c2,Nora-e-Paola-Catechiste.jpg,copertine/e6f6dcd4-15e1-441f-aec2-ae05a03142c2,dry-run,
e6fc2a38-f363-4e96-8801-5ec76d54e6bb,will-francis-Rm3nWQiDTzg-unsplash.webp,copertine/e6fc2a38-f363-4e96-8801-5ec76d54e6bb,dry-run,
e6fd4122-8a52-4604-a236-5ee8bd3eb20a,libri-vecchi.jpg,copertine/e6fd4122-8a52-4604-a236-5ee8bd3eb20a,dry-run,
e70a9d1f-c740-4e0b-aefa-da8fefb9ef4b,Anna-Cardinaletti.jpg,copertine/e70a9d1f-c740-4e0b-aefa-da8fefb9ef4b,dry-run,
e73ecff0-dd8c-4235-ab23-823405cbc30a,21-Ombre-e-Luci-n.82-2003.jpg,copertine/e73ecff0-dd8c-4235-ab23-823405cbc30a,dry-run,
e755a561-e8bb-483e-b6a5-520188274d0e,libri-vecchi.jpg,copertine/e755a561-e8bb-483e-b6a5-520188274d0e,dry-run,
e76d8583-aca4-4052-baa6-efc81d5cdafb,Enza.jpg,copertine/e76d8583-aca4-4052-baa6-efc81d5cdafb,dry-run,
e77b80a4-44a7-4370-8a23-21ec06bd50d8,Festival-del-Cinema-Nuovo.jpg,copertine/e77b80a4-44a7-4370-8a23-21ec06bd50d8,dry-run,
e7c219ac-0105-4475-ab64-af27c4d83674,giovanni-grossi.jpg,copertine/e7c219ac-0105-4475-ab64-af27c4d83674,dry-run,
e7c7475b-cf86-4204-aea8-d0eec881e620,Paralympicsiconicposter-1.jpg,copertine/e7c7475b-cf86-4204-aea8-d0eec881e620,dry-run,
e7d19682-7f9e-478a-81ea-ea7a0e0fef0a,libri-vecchi.jpg,copertine/e7d19682-7f9e-478a-81ea-ea7a0e0fef0a,dry-run,
e80ad090-8bd0-4b0e-88c5-a6e718eb0849,oel_n6_vita-fede-e-luce.jpg,copertine/e80ad090-8bd0-4b0e-88c5-a6e718eb0849,dry-run,
e85bc773-253c-4e59-a31f-4d9fe77ef87f,Laltra-famiglai-Laltra-famiglia-Ombre-e-Luci-n.120-2012.webp,copertine/e85bc773-253c-4e59-a31f-4d9fe77ef87f,dry-run,
e861439e-9694-4419-9bbf-426876265f68,insieme-1975-tavola-rotonda.webp,copertine/e861439e-9694-4419-9bbf-426876265f68,dry-run,
e86481c5-6e07-4493-97d2-76fdd7e3d001,Zia-lo-sai-che-sei-un-po-strana-Recensione-Ombre-e-Luci-n.133-2016.webp,copertine/e86481c5-6e07-4493-97d2-76fdd7e3d001,dry-run,
e892c96f-1930-48dd-bb09-7a6030271b63,oel14-gallery-017.jpg,copertine/e892c96f-1930-48dd-bb09-7a6030271b63,dry-run,
e8a632ca-8b74-4c04-a4b1-c2be5a23d094,Mariangela-con-compagne-di-scuola-Ombre-e-Luci-n.128-2014.webp,copertine/e8a632ca-8b74-4c04-a4b1-c2be5a23d094,dry-run,
e8ee27c6-a256-420c-8871-e4f78b83e138,casa-chala.jpg,copertine/e8ee27c6-a256-420c-8871-e4f78b83e138,dry-run,
e8fa01ea-a970-4791-a512-2ce70d5e5900,oel030-015.jpg,copertine/e8fa01ea-a970-4791-a512-2ce70d5e5900,dry-run,
e905994d-3a1e-4036-a602-abc6e8b5298e,18.jpg,copertine/e905994d-3a1e-4036-a602-abc6e8b5298e,dry-run,
e905e4c1-01de-4259-882e-5790bbc67747,Spigolon.jpg,copertine/e905e4c1-01de-4259-882e-5790bbc67747,dry-run,
e90af97e-c3f7-44ef-b6cd-14cb4bee216e,lettera-ai-giovanissimi-cover-insieme-n.2.jpg,copertine/e90af97e-c3f7-44ef-b6cd-14cb4bee216e,dry-run,
e912e623-413e-4ae2-b4b4-d24fc0e212a9,Artiste-nellorto-Ombre-e-Luci-n.125-2014.webp,copertine/e912e623-413e-4ae2-b4b4-d24fc0e212a9,dry-run,
e9232dae-a055-4c29-8911-ccd3b5e6e09a,cartelli-parrocchie-divertenti-Ombre-e-Luci-n.93-2006-1.webp,copertine/e9232dae-a055-4c29-8911-ccd3b5e6e09a,dry-run,
e976194f-684c-4701-953a-7ec974fd7126,Benedetta.jpg,copertine/e976194f-684c-4701-953a-7ec974fd7126,dry-run,
e995a782-f8bc-4efc-b2c4-b126a8e05eaf,libri-vecchi.jpg,copertine/e995a782-f8bc-4efc-b2c4-b126a8e05eaf,dry-run,
e9a20bb7-81bd-4594-ab38-4e6d5369034b,oel056-016.jpg,copertine/e9a20bb7-81bd-4594-ab38-4e6d5369034b,dry-run,
e9b7655d-0a9d-42a7-a0c0-1e78ca61c1e9,Pierina-mamma-di-Stefano.jpg,copertine/e9b7655d-0a9d-42a7-a0c0-1e78ca61c1e9,dry-run,
e9c6a7fa-97a1-48af-82f7-86b87dc8f0c1,001All-La-presenza-dei-piccoli-al-pellegrinaggio-di-Lourdes-Ombre-e-Luci-n.74-2001.jpg,copertine/e9c6a7fa-97a1-48af-82f7-86b87dc8f0c1,dry-run,
e9d3a658-9017-4d8b-9eb8-9c792b50e6ea,Campeggio-Fede-e-Luce-Bicoca-Ombre-e-Luci-n.129-2015.webp,copertine/e9d3a658-9017-4d8b-9eb8-9c792b50e6ea,dry-run,
e9daecc0-2dd2-45c4-8c02-4234957401b7,NIC-lombardia-1.jpg,copertine/e9daecc0-2dd2-45c4-8c02-4234957401b7,dry-run,
e9e44a5a-8887-4d44-b128-678914469507,7-Ombre-e-Luci-n.93-2006.jpg,copertine/e9e44a5a-8887-4d44-b128-678914469507,dry-run,
e9ea73e9-c31b-4f18-bed3-c2508eef50b2,oel14-015.jpg,copertine/e9ea73e9-c31b-4f18-bed3-c2508eef50b2,dry-run,
e9f2fec1-921a-48ad-8bf1-19e4fa928285,Rico-Oscar-e-il-ladro-ombra-Copertina-Ombre-e-Luci-n.125-2014.webp,copertine/e9f2fec1-921a-48ad-8bf1-19e4fa928285,dry-run,
e9f9d258-d7d4-44af-b0b3-5fd6f98889f3,oel068-018.jpg,copertine/e9f9d258-d7d4-44af-b0b3-5fd6f98889f3,dry-run,
e9fa717e-705e-48cf-ba0f-13d483f847ce,Sabina-La-grande-famiglia-Ombre-e-Luci-n.100-2007.webp,copertine/e9fa717e-705e-48cf-ba0f-13d483f847ce,dry-run,
ea06bff8-2aaa-4a9b-ba40-9a0121ea2e04,oel027-009.jpg,copertine/ea06bff8-2aaa-4a9b-ba40-9a0121ea2e04,dry-run,
ea42e5ba-97c9-44a7-b4c9-92e672e209e6,mappa-fl-1980.webp,copertine/ea42e5ba-97c9-44a7-b4c9-92e672e209e6,dry-run,
ea5bafe6-9d11-4dd1-bf58-4d1c1eb86b0d,Non-smettere-di-crederci-mai-Recensione-Ombre-e-Luci-n.123-2013.webp,copertine/ea5bafe6-9d11-4dd1-bf58-4d1c1eb86b0d,dry-run,
ea8d6a28-2e76-4a7b-9b8c-0ffa997209dd,Schermata-2023-02-08-alle-19.44.24.webp,copertine/ea8d6a28-2e76-4a7b-9b8c-0ffa997209dd,dry-run,
ea90ec53-9df6-4bf9-8a92-76f70ed58b95,Sottovento-Recensione-film.jpg,copertine/ea90ec53-9df6-4bf9-8a92-76f70ed58b95,dry-run,
eaa0b03f-8fd7-4d49-8759-e5edcbe71ea1,Francesca-intervista.jpg,copertine/eaa0b03f-8fd7-4d49-8759-e5edcbe71ea1,dry-run,
eab3e5d4-111f-4701-9623-ed0b6eb9c22c,dialogo-aperto.jpg,copertine/eab3e5d4-111f-4701-9623-ed0b6eb9c22c,dry-run,
eabbf40a-8596-4ead-9349-d806be4d9f78,cover-niola.jpg,copertine/eabbf40a-8596-4ead-9349-d806be4d9f78,dry-run,
eabfd4f8-73d1-45ac-bc50-c29d661143a7,per-il-weekend-vado-in-villa-Ombre-e-Luci-n.84-2003.jpg,copertine/eabfd4f8-73d1-45ac-bc50-c29d661143a7,dry-run,
eae1d628-26d5-43d6-8b57-90ec56aa3822,Padre-Klaus-Ombre-e-Luci-n.82-2003.jpg,copertine/eae1d628-26d5-43d6-8b57-90ec56aa3822,dry-run,
eae7ff69-e7ba-4717-b302-f46272bf99df,levi-meir-clancy-i_iJSYWe6Ak-unsplash.webp,copertine/eae7ff69-e7ba-4717-b302-f46272bf99df,dry-run,
eafa0ecf-fae3-40b8-8090-082047266bd8,oel063-027.jpg,copertine/eafa0ecf-fae3-40b8-8090-082047266bd8,dry-run,
eb0db661-7ab9-4ce1-b57c-c9d726bddf4c,oel068-021.jpg,copertine/eb0db661-7ab9-4ce1-b57c-c9d726bddf4c,dry-run,
eb29031d-a385-4eb6-9135-db4018780f2f,Intervista-Jean-Vanier.jpg,copertine/eb29031d-a385-4eb6-9135-db4018780f2f,dry-run,
eb47538f-d077-4b46-ba33-92f4cc2a0a65,14-Ombre-e-Luci-n.99-2007.webp,copertine/eb47538f-d077-4b46-ba33-92f4cc2a0a65,dry-run,
eb56f290-61e7-4daf-88de-1455604d188f,Lanoressia-fame-damore-e-di-riconoscenza-Ombre-e-Luci-n.120-2012.webp,copertine/eb56f290-61e7-4daf-88de-1455604d188f,dry-run,
eb82fe7d-d005-4518-b99e-266a968ad539,Mamma-in-comunita-Ombre-e-Luci-n.140-2018.webp,copertine/eb82fe7d-d005-4518-b99e-266a968ad539,dry-run,
eb8ae616-190a-48c3-970b-d6e0b80356de,Antonietta-Festa-della-Primavera.jpg,copertine/eb8ae616-190a-48c3-970b-d6e0b80356de,dry-run,
ebcdd32c-dab4-40b1-b0bc-9906e03e5eb3,nujeen-copertina-138-Ombre-e-Luci-n.138-2017.webp,copertine/ebcdd32c-dab4-40b1-b0bc-9906e03e5eb3,dry-run,
ebd924dc-545f-43d7-9fd4-60c26bf40e78,oel20-011.jpg,copertine/ebd924dc-545f-43d7-9fd4-60c26bf40e78,dry-run,
ebdc93eb-800c-4e72-9e0c-92fe2e791d6f,giovanni-grossi.jpg,copertine/ebdc93eb-800c-4e72-9e0c-92fe2e791d6f,dry-run,
ebe3dcc4-0086-4efc-bfc5-210db9e07063,film-cinus.jpg,copertine/ebe3dcc4-0086-4efc-bfc5-210db9e07063,dry-run,
ebf87e6c-a5ab-434e-87c6-e67e8a77542b,20-3.jpg,copertine/ebf87e6c-a5ab-434e-87c6-e67e8a77542b,dry-run,
ec0593ec-ddf9-4953-b137-c1d7cc11269a,oel16-029.jpg,copertine/ec0593ec-ddf9-4953-b137-c1d7cc11269a,dry-run,
ec10046d-b313-434e-a461-2fcf2952bd90,Editoriale-172.jpg,copertine/ec10046d-b313-434e-a461-2fcf2952bd90,dry-run,
ec1a0343-4d04-490f-9ccd-ec53c2fdef2f,Benedetta-concerto.jpg,copertine/ec1a0343-4d04-490f-9ccd-ec53c2fdef2f,dry-run,
ec1ccf52-123a-47bc-8250-ca4bc889fbba,0.jpg,copertine/ec1ccf52-123a-47bc-8250-ca4bc889fbba,dry-run,
ec331834-2de2-4d9c-9809-c4d7d6b237a0,Loop.jpg,copertine/ec331834-2de2-4d9c-9809-c4d7d6b237a0,dry-run,
ec3bced3-b8d3-4efa-9531-32c363bdd5c2,cristian-escobar-abkEAOjnY0s-unsplash.webp,copertine/ec3bced3-b8d3-4efa-9531-32c363bdd5c2,dry-run,
ec3deae7-ae50-4976-b913-36c1ade7032e,oel063-madreteresa-12.jpg,copertine/ec3deae7-ae50-4976-b913-36c1ade7032e,dry-run,
ec455881-b674-4806-bd9c-81494bdedeb5,Qualcosa-e-cambiato-Ombre-e-Luci-n.136-2016.webp,copertine/ec455881-b674-4806-bd9c-81494bdedeb5,dry-run,
ec53f173-e520-4392-80fa-a2540165c84d,25A.jpg,copertine/ec53f173-e520-4392-80fa-a2540165c84d,dry-run,
ec5cdeb2-9410-4706-bed1-0a0a52948338,Murale-Napoli.jpg,copertine/ec5cdeb2-9410-4706-bed1-0a0a52948338,dry-run,
ec8c4dbb-0f53-4ff8-8bba-24ebb4e61972,dialogo-aperto-archivio.jpg,copertine/ec8c4dbb-0f53-4ff8-8bba-24ebb4e61972,dry-run,
ec8fc3d1-ecbf-4225-b271-06e9c0da7b7c,Antonietta-Tuffo-min.jpg,copertine/ec8fc3d1-ecbf-4225-b271-06e9c0da7b7c,dry-run,
ec975fb1-281e-4241-80c9-10ee77a9bde1,kilyan-sockalingum-nW1n9eNHOsc-unsplash.webp,copertine/ec975fb1-281e-4241-80c9-10ee77a9bde1,dry-run,
ec9fb039-3188-421d-ba02-cc5c0db2d6f1,spigolon-1.jpg,copertine/ec9fb039-3188-421d-ba02-cc5c0db2d6f1,dry-run,
eca0582d-1d67-45d1-8093-0ed93756d9e3,83-11-Ombre-e-Luci-n.83-2833.jpg,copertine/eca0582d-1d67-45d1-8093-0ed93756d9e3,dry-run,
ecb2ecc5-66ae-4daa-8fe4-07882239a908,LArche_Ambiance_Music2_Smiles_Brazil_1900px.jpg,copertine/ecb2ecc5-66ae-4daa-8fe4-07882239a908,dry-run,
ecca1f25-846f-49a0-8634-ab13ce0a4654,dialogo-aperto.jpg,copertine/ecca1f25-846f-49a0-8634-ab13ce0a4654,dry-run,
ece66441-18f7-4c7b-9c05-eb8b72809fa1,Si-ci-siamo-anche-noi-Ombre-e-Luci-n.126-2014.webp,copertine/ece66441-18f7-4c7b-9c05-eb8b72809fa1,dry-run,
ed1d9886-f60f-4c98-84e8-cc5f03c1aa42,BENEDETTA-NL-ottobre.jpg,copertine/ed1d9886-f60f-4c98-84e8-cc5f03c1aa42,dry-run,
ed1e70cd-bee1-4c56-83ab-bc6361847f35,hissetoh1.jpg,copertine/ed1e70cd-bee1-4c56-83ab-bc6361847f35,dry-run,
ed35002a-5744-4218-8c52-77b196e92c41,integrazione-scolastica3.webp,copertine/ed35002a-5744-4218-8c52-77b196e92c41,dry-run,
ed42f5de-4e87-4447-9c1e-a19a67d0d29f,FINP-Roma.jpg,copertine/ed42f5de-4e87-4447-9c1e-a19a67d0d29f,dry-run,
ed490d37-55b1-4cd2-8e0e-e5f39d72668f,Aprire-gli-occhi-Ombre-e-Luci-n.137-2017-1.webp,copertine/ed490d37-55b1-4cd2-8e0e-e5f39d72668f,dry-run,
ed5340d2-339a-4fc3-a312-d1e7b6f3c262,29-2-Ombre-e-Luci-n.99-2007.webp,copertine/ed5340d2-339a-4fc3-a312-d1e7b6f3c262,dry-run,
ed872f71-62d6-4fec-8877-ba1be8bd8dba,Ne-giusto-ne-sbagliato-Ombre-e-Luci-n.93-2006.webp,copertine/ed872f71-62d6-4fec-8877-ba1be8bd8dba,dry-run,
ed94b1c4-a5be-4f4e-8c31-d77406bd0fe6,oel064-003.jpg,copertine/ed94b1c4-a5be-4f4e-8c31-d77406bd0fe6,dry-run,
ed9547fa-b7f6-4fc7-9f0a-ed6e680935d4,GIOVANNIPAOLO1.webp,copertine/ed9547fa-b7f6-4fc7-9f0a-ed6e680935d4,dry-run,
edb2c225-40b2-4f00-be58-4e220e1ec61b,Festeggiamenti-per-i-30-anni-di-Fede-e-Luce-a-Nicosia-Ombre-e-Luci-n.133-2016.webp,copertine/edb2c225-40b2-4f00-be58-4e220e1ec61b,dry-run,
edc452e9-82f6-4612-aa5d-6cc608836ee9,Stefano-cammino.jpg,copertine/edc452e9-82f6-4612-aa5d-6cc608836ee9,dry-run,
edd19e19-a600-4663-87a9-4db552b5672e,Badetti-Io-credo-in-te-cover.jpg,copertine/edd19e19-a600-4663-87a9-4db552b5672e,dry-run,
edd7b225-4f0c-47c2-b220-f87f74217906,Chiamati-a-portare-frutto-Ombre-e-Luci-n.135-2016.webp,copertine/edd7b225-4f0c-47c2-b220-f87f74217906,dry-run,
ede5c0ac-d81e-4146-ae75-a98da6e8a0df,2-2.jpg,copertine/ede5c0ac-d81e-4146-ae75-a98da6e8a0df,dry-run,
ee24a5d9-d32f-48d7-a423-89b3f8ee2d87,province.jpg,copertine/ee24a5d9-d32f-48d7-a423-89b3f8ee2d87,dry-run,
ee2922a0-d9ee-48a4-a656-8c642275a7da,Benedetta-vacanze-blog.jpg,copertine/ee2922a0-d9ee-48a4-a656-8c642275a7da,dry-run,
ee4ab7fe-9810-47dd-b43b-5fb976bbb5f6,libri-vecchi.jpg,copertine/ee4ab7fe-9810-47dd-b43b-5fb976bbb5f6,dry-run,
ee7a2e38-419c-4ff2-9062-c37b3bc2bc79,oel046-002.jpg,copertine/ee7a2e38-419c-4ff2-9062-c37b3bc2bc79,dry-run,
ee87bcac-c26b-4084-998d-11b4de4bd7f9,libri-vecchi.jpg,copertine/ee87bcac-c26b-4084-998d-11b4de4bd7f9,dry-run,
ee8ae0b1-d447-42c1-9e25-948702473fd1,Silvia-McDonalds.jpg,copertine/ee8ae0b1-d447-42c1-9e25-948702473fd1,dry-run,
ee9594ae-4e4c-4536-aa02-1ce7651891c8,Gnocchi-cut.jpg,copertine/ee9594ae-4e4c-4536-aa02-1ce7651891c8,dry-run,
eeb26294-e31c-4874-8d70-ca74f22bbc61,Cover-London-Eye.jpg,copertine/eeb26294-e31c-4874-8d70-ca74f22bbc61,dry-run,
eede28aa-d135-419a-be1e-34e930c5f778,dialogo-aperto.jpg,copertine/eede28aa-d135-419a-be1e-34e930c5f778,dry-run,
ef1eba3a-9250-4daa-bd61-c28cffa5b464,Papa-Francesco-al-Chicco-Ombre-e-Luci-n.134-2016.webp,copertine/ef1eba3a-9250-4daa-bd61-c28cffa5b464,dry-run,
ef33ba4b-2df6-4b6e-8235-0849585b4f2f,Il-libro-di-Christopher-A-Wonder-Sory-Recensione-Ombre-e-Luci-n.133-2016.webp,copertine/ef33ba4b-2df6-4b6e-8235-0849585b4f2f,dry-run,
ef3a3c8c-f19f-4ce6-84e5-f7e436a6e240,oel-76-copertina-libro-la-bimba-e-le-lumache.jpg,copertine/ef3a3c8c-f19f-4ce6-84e5-f7e436a6e240,dry-run,
ef4058e2-3df3-485e-aa6e-114ebebc0bed,Maria-Cover-Ombre-e-Luci-n.100-2007.webp,copertine/ef4058e2-3df3-485e-aa6e-114ebebc0bed,dry-run,
ef5728db-17f7-4ee8-a2b6-0d3490251502,oel068-012-casa2.jpg,copertine/ef5728db-17f7-4ee8-a2b6-0d3490251502,dry-run,
ef6b4cc9-7cf9-4cc3-b70c-325926a05014,Giornata-della-memoria.jpg,copertine/ef6b4cc9-7cf9-4cc3-b70c-325926a05014,dry-run,
ef6dec52-fdb9-4f5e-8ba7-65718c98e0dd,Quando-parliamo-di-Lara-Insieme-n.5-1975-Ombre-e-Luci.jpg,copertine/ef6dec52-fdb9-4f5e-8ba7-65718c98e0dd,dry-run,
ef7426b9-14f5-4e18-8503-f2d288d344fd,oel073-005.jpg,copertine/ef7426b9-14f5-4e18-8503-f2d288d344fd,dry-run,
ef87dfd8-71a2-4d30-b4d1-bfea316791ee,Festival-cinema-patologico.jpg,copertine/ef87dfd8-71a2-4d30-b4d1-bfea316791ee,dry-run,
ef8c1001-29e7-45a6-8a6b-61f02901b6db,aaron-burden-y02jEX_B0O0-unsplash.webp,copertine/ef8c1001-29e7-45a6-8a6b-61f02901b6db,dry-run,
ef9735a9-03dc-4285-8592-c95c62dd4ee1,Emmaus.jpg,copertine/ef9735a9-03dc-4285-8592-c95c62dd4ee1,dry-run,
efa479b0-a925-4037-bcf7-37672100e7a5,Giovanni-Grossi.jpg,copertine/efa479b0-a925-4037-bcf7-37672100e7a5,dry-run,
efcdb750-7893-4953-9fb4-6ca03fb77ac7,giovanni-grossi-2.jpg,copertine/efcdb750-7893-4953-9fb4-6ca03fb77ac7,dry-run,
efe6343f-4837-4f4f-8f01-36294f52e6bd,noris-insieme-3.webp,copertine/efe6343f-4837-4f4f-8f01-36294f52e6bd,dry-run,
efe8b3cb-698d-478b-b679-38a3935af37f,caduta-da-cavallo.jpg,copertine/efe8b3cb-698d-478b-b679-38a3935af37f,dry-run,
f0172119-44c3-48ac-9bed-02ca272da08e,libri-vecchi.jpg,copertine/f0172119-44c3-48ac-9bed-02ca272da08e,dry-run,
f05e5e59-61f8-426a-85e0-79a6cb32714c,Pompei-2025-gruppo-e-stendardi.jpg,copertine/f05e5e59-61f8-426a-85e0-79a6cb32714c,dry-run,
f05f9d70-ae07-48ed-a00f-cfa178708891,oel035-019.jpg,copertine/f05f9d70-ae07-48ed-a00f-cfa178708891,dry-run,
f06f9f8e-2238-416e-9dae-66785b3ddd4c,Daniele-Corrias.jpg,copertine/f06f9f8e-2238-416e-9dae-66785b3ddd4c,dry-run,
f08075db-ed43-4577-8f19-29732ad772a2,oel18-013.jpg,copertine/f08075db-ed43-4577-8f19-29732ad772a2,dry-run,
f08f88cd-16a7-4c10-8004-d01f88895c6d,oel066-francesco-2.jpg,copertine/f08f88cd-16a7-4c10-8004-d01f88895c6d,dry-run,
f0942114-47c4-4468-b25f-720e4129d7ca,pablo.jpg,copertine/f0942114-47c4-4468-b25f-720e4129d7ca,dry-run,
f09a8592-aa5a-4d32-b789-ed2c77373f3c,Tanzania.jpg,copertine/f09a8592-aa5a-4d32-b789-ed2c77373f3c,dry-run,
f1175fc0-7637-4c14-a70b-11f440c7e115,40-anni-OL-21.jpg,copertine/f1175fc0-7637-4c14-a70b-11f440c7e115,dry-run,
f12dd4cd-9b39-46c3-8c3d-9405d00e80dc,16-1.jpg,copertine/f12dd4cd-9b39-46c3-8c3d-9405d00e80dc,dry-run,
f132f7b4-53e3-4af0-989a-76d11c13ca92,15-Ombre-e-Luci-n.99-2007.webp,copertine/f132f7b4-53e3-4af0-989a-76d11c13ca92,dry-run,
f14f080f-65dc-4088-8dc7-4baa29ba9ab2,Disabuse.jpg,copertine/f14f080f-65dc-4088-8dc7-4baa29ba9ab2,dry-run,
f150ee82-83a2-4792-b7f3-ed014a4973ec,Fede-e-Luce-Logo-old.jpg,copertine/f150ee82-83a2-4792-b7f3-ed014a4973ec,dry-run,
f15c904a-274a-464d-b5c7-78dd9f6dc705,Il-silenzio-del-mondo-Avati.jpg,copertine/f15c904a-274a-464d-b5c7-78dd9f6dc705,dry-run,
f15ec70f-c912-46c3-8301-33548c71ce35,Carnet-de-route-2021.jpg,copertine/f15ec70f-c912-46c3-8301-33548c71ce35,dry-run,
f16749b9-2b90-46d6-9484-4018e49f36df,oel031-036.jpg,copertine/f16749b9-2b90-46d6-9484-4018e49f36df,dry-run,
f1715a8e-f13e-42e4-bb46-27bd71c9e462,insieme-concorso-autoadesivo-1977-Ombre-e-Luci.jpg,copertine/f1715a8e-f13e-42e4-bb46-27bd71c9e462,dry-run,
f18d6f9e-09b9-48e4-838c-f2b9042cb150,Se-Arianna-Recensione-Ombre-e-Luci-n.135-2016.webp,copertine/f18d6f9e-09b9-48e4-838c-f2b9042cb150,dry-run,
f1af95a6-c2b9-4ca1-8280-5e1f4183fd86,oel65-0017.jpg,copertine/f1af95a6-c2b9-4ca1-8280-5e1f4183fd86,dry-run,
f1c50d16-56c5-4b20-bcde-5270519dfb8f,Estratto-dal-libro-Blessings-di-MAry-Craig-Ombre-e-Luci-n.72-2000.jpg,copertine/f1c50d16-56c5-4b20-bcde-5270519dfb8f,dry-run,
f1d690a7-672a-468d-a297-bacca0bead41,3.jpg,copertine/f1d690a7-672a-468d-a297-bacca0bead41,dry-run,
f1e6c690-c5d3-4eab-ba99-b3ec7628ccb0,oel21-023.jpg,copertine/f1e6c690-c5d3-4eab-ba99-b3ec7628ccb0,dry-run,
f1f00dc4-6fa0-4da0-bdc3-820591a55837,Redazione-OL.jpg,copertine/f1f00dc4-6fa0-4da0-bdc3-820591a55837,dry-run,
f1fa992a-5c4f-4ec5-b21b-49d3aa44625f,dialogo-aperto.jpg,copertine/f1fa992a-5c4f-4ec5-b21b-49d3aa44625f,dry-run,
f20d5b6d-7b33-47ff-9eca-2e87fa065476,oel069-009.jpg,copertine/f20d5b6d-7b33-47ff-9eca-2e87fa065476,dry-run,
f20ec0f1-5d70-4df8-b934-151bbbce45e8,00-5-Ombre-e-Luci-n.80-2002.jpg,copertine/f20ec0f1-5d70-4df8-b934-151bbbce45e8,dry-run,
f2105dc9-6c77-471b-9e41-dbe8799bdcfd,As-we-see-it.jpg,copertine/f2105dc9-6c77-471b-9e41-dbe8799bdcfd,dry-run,
f232fbf5-e0f3-46c7-b8d2-db934ffafcd7,Formazione-giovani-2024.jpg,copertine/f232fbf5-e0f3-46c7-b8d2-db934ffafcd7,dry-run,
f23d9097-fa93-40ed-a4e2-bcbd0f2925a0,oel048-009.jpg,copertine/f23d9097-fa93-40ed-a4e2-bcbd0f2925a0,dry-run,
f2409c53-6d52-420b-b8b1-88c4c94e0367,6°-posto-Paolo-Nardini-I-più-piccoli-a-Lourdes-Fotoconcorso-Ombre-e-Luci-n.75-2002.jpg,copertine/f2409c53-6d52-420b-b8b1-88c4c94e0367,dry-run,
f26e0186-ebcb-4b1b-bbd8-8e00b6412f59,un-angelo-canta-blu-Ombre-e-luci-n.70-2000.jpg,copertine/f26e0186-ebcb-4b1b-bbd8-8e00b6412f59,dry-run,
f272b55b-1f56-48c9-ab49-fdb5bd5782ac,Spilla-FL1.jpg,copertine/f272b55b-1f56-48c9-ab49-fdb5bd5782ac,dry-run,
f285837f-b7c7-404b-aeaf-78048ac3bbef,oel043-021.jpg,copertine/f285837f-b7c7-404b-aeaf-78048ac3bbef,dry-run,
f29cb3e3-afa4-4f9a-99d5-5fa48e3a1379,dialogo-aperto.jpg,copertine/f29cb3e3-afa4-4f9a-99d5-5fa48e3a1379,dry-run,
f2a7d9f3-4423-4407-9b58-809d9e6f455b,alexander-grey-sbE9zbcuiZs-unsplash.webp,copertine/f2a7d9f3-4423-4407-9b58-809d9e6f455b,dry-run,
f2a912a0-175c-4fe6-aebc-e52f7969b032,oel049-014.jpg,copertine/f2a912a0-175c-4fe6-aebc-e52f7969b032,dry-run,
f2b2a625-ebf5-49c0-8553-d4b8def6b9c3,oel046-018-1.jpg,copertine/f2b2a625-ebf5-49c0-8553-d4b8def6b9c3,dry-run,
f2c2790b-b1dc-4ff6-8332-58983df3e6ac,libri4.jpg,copertine/f2c2790b-b1dc-4ff6-8332-58983df3e6ac,dry-run,
f2c3e79b-4dbe-4aaa-add4-a7bd881906fd,oel073-029B.jpg,copertine/f2c3e79b-4dbe-4aaa-add4-a7bd881906fd,dry-run,
f2cf3b4f-ca08-4837-a358-1b4241efee7a,Schermata-2023-02-08-alle-19.17.50-1.webp,copertine/f2cf3b4f-ca08-4837-a358-1b4241efee7a,dry-run,
f2d69b0d-e107-4729-8096-bd8b586dbb77,Flora-happy-hour.jpg,copertine/f2d69b0d-e107-4729-8096-bd8b586dbb77,dry-run,
f2dbaed3-8a31-4acd-a9d1-73452b4294f2,panel-58-2.jpg,copertine/f2dbaed3-8a31-4acd-a9d1-73452b4294f2,dry-run,
f2e07b5d-27eb-41b3-bdd2-43796cc23ab0,Mariangela-Lourdes-Friquette.jpg,copertine/f2e07b5d-27eb-41b3-bdd2-43796cc23ab0,dry-run,
f2e93c7c-d757-48dd-a659-721ba7410090,Batteria-scarica.jpg,copertine/f2e93c7c-d757-48dd-a659-721ba7410090,dry-run,
f2efd64a-bc50-42dd-ad05-40fb509c4954,Giuditta-Adamo.jpg,copertine/f2efd64a-bc50-42dd-ad05-40fb509c4954,dry-run,
f2f76d27-87a8-48a4-b352-03fab4c0a3ac,Arcabas.jpg,copertine/f2f76d27-87a8-48a4-b352-03fab4c0a3ac,dry-run,
f3057972-4eb3-4fa1-9ce4-f4de38f9cf78,oel052-003.jpg,copertine/f3057972-4eb3-4fa1-9ce4-f4de38f9cf78,dry-run,
f318b233-e7c9-4f42-8228-33a7539d7ce2,La-lampada-dei-desideri-Ombre-e-Luci-n.130-2015.webp,copertine/f318b233-e7c9-4f42-8228-33a7539d7ce2,dry-run,
f33cbc71-3fc2-4f94-a146-3e3a3e65cd7f,oel058-013.jpg,copertine/f33cbc71-3fc2-4f94-a146-3e3a3e65cd7f,dry-run,
f33e9658-df0d-49ad-b7c9-9ad992a4b41d,nicla-massi.jpg,copertine/f33e9658-df0d-49ad-b7c9-9ad992a4b41d,dry-run,
f3548ff3-c2b0-4cf2-b27b-a304f05324b0,23-Ombre-e-Luci-n.77-22.jpg,copertine/f3548ff3-c2b0-4cf2-b27b-a304f05324b0,dry-run,
f38d8c30-2aea-4f7a-b795-0b2875d7dddd,oel043-009.jpg,copertine/f38d8c30-2aea-4f7a-b795-0b2875d7dddd,dry-run,
f3a51647-594f-43d7-a552-c94dc0fd7872,cos-e-sceso-dal-trono-Ombre-e-Luci-n.-121-2013.webp,copertine/f3a51647-594f-43d7-a552-c94dc0fd7872,dry-run,
f3cbadcb-58c0-402e-ae03-94c1642f66ba,Onda-Ok.jpg,copertine/f3cbadcb-58c0-402e-ae03-94c1642f66ba,dry-run,
f3d120d6-eeaf-487e-95f5-b772ef4b8a95,19.jpg,copertine/f3d120d6-eeaf-487e-95f5-b772ef4b8a95,dry-run,
f3d1fab0-e36c-422d-916b-b0f06df119d9,Antonietta-Bicoca-2.jpg,copertine/f3d1fab0-e36c-422d-916b-b0f06df119d9,dry-run,
f3d37ff9-ad04-4016-a212-693fe8a703a9,comunità-luogo-del-perdono.jpg,copertine/f3d37ff9-ad04-4016-a212-693fe8a703a9,dry-run,
f3fc9bce-bc6c-4886-a31a-4fe5b3e90821,oel14-020.jpg,copertine/f3fc9bce-bc6c-4886-a31a-4fe5b3e90821,dry-run,
f4339c82-4d6e-4341-a570-febb039b4b81,manifesto-festa-cinema.jpeg,copertine/f4339c82-4d6e-4341-a570-febb039b4b81,dry-run,
f46f3d4a-704d-48b1-a684-e27035554ee0,Marcia-di-Assisi-02-Agosto-010.jpg,copertine/f46f3d4a-704d-48b1-a684-e27035554ee0,dry-run,
f47dae86-b15a-4919-9467-8b945e0eaa51,oel027-025.jpg,copertine/f47dae86-b15a-4919-9467-8b945e0eaa51,dry-run,
f48d5a28-d1a2-4ea3-959d-273e55e22c4a,Daniele.webp,copertine/f48d5a28-d1a2-4ea3-959d-273e55e22c4a,dry-run,
f4954c33-49d2-4c9a-be49-97cfbf9004d2,Benedetta-natale.jpg,copertine/f4954c33-49d2-4c9a-be49-97cfbf9004d2,dry-run,
f4c5cbd9-6254-4f0e-a94f-f2f1e59c03ea,canti-pellegrinaggio-roma-1975.webp,copertine/f4c5cbd9-6254-4f0e-a94f-f2f1e59c03ea,dry-run,
f4d41567-20a9-4bbe-8290-51a21bc8dee3,libri-vecchi.jpg,copertine/f4d41567-20a9-4bbe-8290-51a21bc8dee3,dry-run,
f4eebdab-5e7f-471b-951a-b286a41bf26b,Tu-sei-amato-da-Dio-cosi-come-sei-Ombre-e-Luci-n.-122-2013.webp,copertine/f4eebdab-5e7f-471b-951a-b286a41bf26b,dry-run,
f507a4bf-0659-427f-be11-065eba272c37,Pompei-Dialogo-Aperto.jpg,copertine/f507a4bf-0659-427f-be11-065eba272c37,dry-run,
f50d3863-a0ce-4757-8a13-338baf71d030,Campi-NL-22.jpg,copertine/f50d3863-a0ce-4757-8a13-338baf71d030,dry-run,
f5118916-6f09-4ec9-92f5-0cf659e9a450,Jean-Vanier-tendresse.jpg,copertine/f5118916-6f09-4ec9-92f5-0cf659e9a450,dry-run,
f51e507d-b6de-4398-98e2-9782705b6faf,Joaquin-Sorolla-Bambina-nel-mare-argentato.jpg,copertine/f51e507d-b6de-4398-98e2-9782705b6faf,dry-run,
f5347b5b-a966-44f2-b716-a22d8218c775,oel14-gallery-014-bis.jpg,copertine/f5347b5b-a966-44f2-b716-a22d8218c775,dry-run,
f537d1a9-7aa9-495a-a587-f18f5db2a4bc,Il-libreo-di-Charlotte-Recensione-Ombre-e-Luci-n.136-2016.webp,copertine/f537d1a9-7aa9-495a-a587-f18f5db2a4bc,dry-run,
f5459632-cb79-489d-9063-f49801e7a13e,viaggio-alla-mecca.jpg,copertine/f5459632-cb79-489d-9063-f49801e7a13e,dry-run,
f58a14fd-1c2d-4ef2-8b34-2311f81c6d82,oel068-001.jpg,copertine/f58a14fd-1c2d-4ef2-8b34-2311f81c6d82,dry-run,
f59fae59-5420-4400-9210-55c3de96871c,Casa-Ilaria.jpg,copertine/f59fae59-5420-4400-9210-55c3de96871c,dry-run,
f5b5666b-0cf4-4f2e-8338-9ba516bf16fc,Bendetta-Padel.jpg,copertine/f5b5666b-0cf4-4f2e-8338-9ba516bf16fc,dry-run,
f5cf5ff5-f5c8-4967-967e-3eee8833b916,avatar-lis-coppia.webp,copertine/f5cf5ff5-f5c8-4967-967e-3eee8833b916,dry-run,
f5d0fcdc-2cfe-4cd2-910b-50e7cc448fc8,libri-vecchi.jpg,copertine/f5d0fcdc-2cfe-4cd2-910b-50e7cc448fc8,dry-run,
f5d95b8f-fef2-4a6b-9ef2-39111268e1ef,oel14-019.jpg,copertine/f5d95b8f-fef2-4a6b-9ef2-39111268e1ef,dry-run,
f5fd0b65-82d1-48df-bc91-538899fe11fe,badetti.jpg,copertine/f5fd0b65-82d1-48df-bc91-538899fe11fe,dry-run,
f5ff4573-dced-400c-8e8a-4d8b4a665c28,the-silent-child.jpg,copertine/f5ff4573-dced-400c-8e8a-4d8b4a665c28,dry-run,
f600b134-ce32-4fd9-a314-0f41b83392e1,La-grande-sfida-di-Nick-Vujicic.webp,copertine/f600b134-ce32-4fd9-a314-0f41b83392e1,dry-run,
f61cb4e4-3a64-4364-8d80-3afccdba19ff,6-Ombre-e-Luci-n.82-2003.jpg,copertine/f61cb4e4-3a64-4364-8d80-3afccdba19ff,dry-run,
f6236c66-969f-412a-abcc-085844a712ed,Lettori-alla-pari.jpg,copertine/f6236c66-969f-412a-abcc-085844a712ed,dry-run,
f63d41b2-cf66-4346-b29e-1f6802bbd0f5,Celli-cucina.jpg,copertine/f63d41b2-cf66-4346-b29e-1f6802bbd0f5,dry-run,
f6419bcb-813c-4646-875c-9ea65a341533,oel059-001.jpg,copertine/f6419bcb-813c-4646-875c-9ea65a341533,dry-run,
f643b7e9-692f-4560-afa2-ca14fcc6f963,corridoi-umanitari-1.jpeg,copertine/f643b7e9-692f-4560-afa2-ca14fcc6f963,dry-run,
f651b652-82ae-480d-b073-d109716d69b7,oel036-019.jpg,copertine/f651b652-82ae-480d-b073-d109716d69b7,dry-run,
f6655b34-43d3-45a8-82f0-4055f4854bee,Benni-sciopero.jpg,copertine/f6655b34-43d3-45a8-82f0-4055f4854bee,dry-run,
f6761b41-6631-4475-81ce-2b04a81aa3fb,benin.jpg,copertine/f6761b41-6631-4475-81ce-2b04a81aa3fb,dry-run,
f684f8d3-8a1f-4385-b36b-7bf48e17f7c1,Pietro-Bigari.jpg,copertine/f684f8d3-8a1f-4385-b36b-7bf48e17f7c1,dry-run,
f687da8d-759e-49aa-b72e-8353d4812518,Oel-85-10b.jpg,copertine/f687da8d-759e-49aa-b72e-8353d4812518,dry-run,
f68a6de1-97d0-4698-9330-4774e74d7b92,david-dvoracek-WenALu88p7g-unsplash.webp,copertine/f68a6de1-97d0-4698-9330-4774e74d7b92,dry-run,
f68a9bb7-5ae1-4357-93cf-b7532265f484,Laura-Coccia.jpg,copertine/f68a9bb7-5ae1-4357-93cf-b7532265f484,dry-run,
f6b57386-3fdb-4b97-af33-acc8fd912c23,province.jpg,copertine/f6b57386-3fdb-4b97-af33-acc8fd912c23,dry-run,
f6e1be4b-b721-4bbc-afb0-28fef82aa1c0,Mariangela-Messa-al-Carro-Ombre-e-Luci-n.128-2014.jpeg,copertine/f6e1be4b-b721-4bbc-afb0-28fef82aa1c0,dry-run,
f6f5166b-03c0-4954-9029-78633c678319,Fede-e-Luce-cover-insieme-n.2.jpg,copertine/f6f5166b-03c0-4954-9029-78633c678319,dry-run,
f6f944b4-7a36-43dd-9330-a51740c24dd3,insieme-10-1976-notiziario-fede-e-luce.webp,copertine/f6f944b4-7a36-43dd-9330-a51740c24dd3,dry-run,
f70bf326-6fd0-40bf-9f2f-afa1a268701e,catacombe-priscilla-1.jpg,copertine/f70bf326-6fd0-40bf-9f2f-afa1a268701e,dry-run,
f72e51ea-a42b-4f7b-a45a-0898d0b44dd2,oel069-014.jpg,copertine/f72e51ea-a42b-4f7b-a45a-0898d0b44dd2,dry-run,
f73620be-f270-48a8-9539-fb2a4cc5e259,lettere.jpg,copertine/f73620be-f270-48a8-9539-fb2a4cc5e259,dry-run,
f740f93d-9b2f-4726-b2b3-be1d26bbfa29,dialogo-aperto-archivio.jpg,copertine/f740f93d-9b2f-4726-b2b3-be1d26bbfa29,dry-run,
f764fa46-faea-45c0-bdf0-d21ba0172e89,Io-figlio-di-mio-figlio-Recensione-Ombre-e-Luci-n.142-2018.webp,copertine/f764fa46-faea-45c0-bdf0-d21ba0172e89,dry-run,
f78ff25f-3f92-442a-a40a-ebacfba9c7c8,libri-vecchi.jpg,copertine/f78ff25f-3f92-442a-a40a-ebacfba9c7c8,dry-run,
f7993020-efc3-469c-8e11-73ce78862930,oel044-006.jpg,copertine/f7993020-efc3-469c-8e11-73ce78862930,dry-run,
f7cb799d-4093-4ab8-bee1-dd41bc1884d8,dima.jpg,copertine/f7cb799d-4093-4ab8-bee1-dd41bc1884d8,dry-run,
f7d325d4-2612-40ee-8edd-a5305bf6704d,oel056-014B.jpg,copertine/f7d325d4-2612-40ee-8edd-a5305bf6704d,dry-run,
f816f2d2-c788-487a-a8f6-f2a908186ee1,Il-primo-disco-cop.jpg,copertine/f816f2d2-c788-487a-a8f6-f2a908186ee1,dry-run,
f8410aba-0063-4f30-adbf-d871239e7336,libri-vecchi.jpg,copertine/f8410aba-0063-4f30-adbf-d871239e7336,dry-run,
f85943f5-589e-476b-8da7-09f1a0ace589,adrianna-geo-Z5ZdkWjMTCY-unsplash.webp,copertine/f85943f5-589e-476b-8da7-09f1a0ace589,dry-run,
f86a2b17-55cb-43de-9fbe-070db9c000ff,andrey-andreyev-alKsncZs3VM-unsplash.webp,copertine/f86a2b17-55cb-43de-9fbe-070db9c000ff,dry-run,
f87e9625-8b89-4e82-86cc-f915fcaecb46,Precious-recensione-film.jpg,copertine/f87e9625-8b89-4e82-86cc-f915fcaecb46,dry-run,
f883bfcb-e7e8-4c3e-bd6a-8bd71962b90a,00-7b-Ombre-e-Luci-n.80-2002.jpg,copertine/f883bfcb-e7e8-4c3e-bd6a-8bd71962b90a,dry-run,
f89b2447-22ef-42de-a2e1-9b4e31be6ef0,oel028-010.jpg,copertine/f89b2447-22ef-42de-a2e1-9b4e31be6ef0,dry-run,
f8b0530d-248f-4f88-8367-ccc85bb7c4e4,oel10029.jpg,copertine/f8b0530d-248f-4f88-8367-ccc85bb7c4e4,dry-run,
f8e6d903-396f-4618-84b8-26794ad81c4b,oel029-005.jpg,copertine/f8e6d903-396f-4618-84b8-26794ad81c4b,dry-run,
f912eced-25f8-4188-8549-90ab505e1602,oel039-008.jpg,copertine/f912eced-25f8-4188-8549-90ab505e1602,dry-run,
f94641c9-6100-400f-af10-ba99f0387611,not-everything-black-finale.jpg,copertine/f94641c9-6100-400f-af10-ba99f0387611,dry-run,
f952a75e-c4eb-4b50-bc35-1e810c47e009,Adea-cresima.jpg,copertine/f952a75e-c4eb-4b50-bc35-1e810c47e009,dry-run,
f977d3eb-e84e-4b94-88f7-fdba993eb0a1,Lourdes-ok.jpg,copertine/f977d3eb-e84e-4b94-88f7-fdba993eb0a1,dry-run,
f979451b-2e15-4a67-93dd-5d19e9f48298,Lupi-a-rotelle.jpg,copertine/f979451b-2e15-4a67-93dd-5d19e9f48298,dry-run,
f99695ca-3bbb-4091-9d89-c1748e271c71,libro-mese.jpg,copertine/f99695ca-3bbb-4091-9d89-c1748e271c71,dry-run,
f99d67da-cf32-47e1-85f5-7b3940e14031,insieme-8-1976-i-piu-difficli.webp,copertine/f99d67da-cf32-47e1-85f5-7b3940e14031,dry-run,
f9b77fe7-99f4-4069-b9b0-8b1bad3b5bec,Newsletter-Maggio-cover.jpg,copertine/f9b77fe7-99f4-4069-b9b0-8b1bad3b5bec,dry-run,
f9c1c36d-9f64-4d67-a279-88b941f6b9f3,pellegrinaggio-2015-23.jpg,copertine/f9c1c36d-9f64-4d67-a279-88b941f6b9f3,dry-run,
f9c92a69-7cf5-4e45-9f08-781e562951bb,Cardinal-Martini-un-vescovo-per-amico-Ombre-e-Luci-n.120-2012.webp,copertine/f9c92a69-7cf5-4e45-9f08-781e562951bb,dry-run,
f9d6cfb9-256c-4ab3-9d47-4588cc252c26,oel059-002.jpg,copertine/f9d6cfb9-256c-4ab3-9d47-4588cc252c26,dry-run,
f9f960a9-f82d-4352-beab-8929c15f79db,oel22-010.jpg,copertine/f9f960a9-f82d-4352-beab-8929c15f79db,dry-run,
fa204f8d-a15c-4caf-8c0f-8e9fbff25269,oel9015.jpg,copertine/fa204f8d-a15c-4caf-8c0f-8e9fbff25269,dry-run,
fa35b766-48ed-45a5-9145-dbdea6aeeff1,5-2.jpg,copertine/fa35b766-48ed-45a5-9145-dbdea6aeeff1,dry-run,
fa455f90-48e0-4b9b-98fe-6f967285497d,felicemente-seduta.jpg,copertine/fa455f90-48e0-4b9b-98fe-6f967285497d,dry-run,
fa7c7e85-2766-48b0-9087-5fb076f56dea,28.jpg,copertine/fa7c7e85-2766-48b0-9087-5fb076f56dea,dry-run,
fa9d4fd6-e1a7-42db-b0d0-e6257b9b50d1,Caterina-1.jpg,copertine/fa9d4fd6-e1a7-42db-b0d0-e6257b9b50d1,dry-run,
fae8e548-65d9-4415-b166-7489ead49e81,oel035-018.jpg,copertine/fae8e548-65d9-4415-b166-7489ead49e81,dry-run,
faef7d91-42ba-4c9a-859a-30e858e0d8eb,oel24-013.jpg,copertine/faef7d91-42ba-4c9a-859a-30e858e0d8eb,dry-run,
fb11f36b-1c52-4231-afba-2c8cd944cc50,insieme-4-giovanissimi.jpg,copertine/fb11f36b-1c52-4231-afba-2c8cd944cc50,dry-run,
fb46cc80-7106-43d4-b29a-70dd9a283ca4,willow.jpg,copertine/fb46cc80-7106-43d4-b29a-70dd9a283ca4,dry-run,
fb5bd5d7-97f8-4e73-9063-7463cd9b004d,fede-e-luce-compie-40-anni.jpg,copertine/fb5bd5d7-97f8-4e73-9063-7463cd9b004d,dry-run,
fbd51c0f-fe30-476d-92bc-f1518a358a5c,Jane-Campio-Saule-Bliuvaite-Ombreeluci.it_.jpg,copertine/fbd51c0f-fe30-476d-92bc-f1518a358a5c,dry-run,
fbd71b74-d70c-48aa-9b4f-0079fa2bea85,oel073-023.jpg,copertine/fbd71b74-d70c-48aa-9b4f-0079fa2bea85,dry-run,
fc136f22-b9fc-4438-85aa-de02360eaf46,province.jpg,copertine/fc136f22-b9fc-4438-85aa-de02360eaf46,dry-run,
fc3accc3-568c-43c9-b0e4-22bb65fb29db,10.jpg,copertine/fc3accc3-568c-43c9-b0e4-22bb65fb29db,dry-run,
fc46eb5d-14e6-43a8-9995-c52bbac1aaa0,Lourdes-Cinus.jpg,copertine/fc46eb5d-14e6-43a8-9995-c52bbac1aaa0,dry-run,
fc5a83fc-0b74-49ba-b1dc-492477b8fc96,jack-bass-pmAlOtllJYM-unsplash.webp,copertine/fc5a83fc-0b74-49ba-b1dc-492477b8fc96,dry-run,
fc79a618-7168-4637-a5cb-549dd1261bd6,oel043-014.jpg,copertine/fc79a618-7168-4637-a5cb-549dd1261bd6,dry-run,
fcbc7c99-a299-4759-b06b-44be5a4ba28b,catechesi-6.jpg,copertine/fcbc7c99-a299-4759-b06b-44be5a4ba28b,dry-run,
fcc73ca1-a805-4392-ac34-07a267643ba9,oel062-010.jpg,copertine/fcc73ca1-a805-4392-ac34-07a267643ba9,dry-run,
fcd5427c-6bc4-4918-84e1-cc6e47794afa,Benedetta-Ho-votato.jpg,copertine/fcd5427c-6bc4-4918-84e1-cc6e47794afa,dry-run,
fcdf6b0b-6546-429d-a4df-db9f7d936bfe,Caravaggio_SanGiovanni.webp,copertine/fcdf6b0b-6546-429d-a4df-db9f7d936bfe,dry-run,
fcee954f-4292-4a28-aa82-a67274290bed,oel11-027.jpg,copertine/fcee954f-4292-4a28-aa82-a67274290bed,dry-run,
fcf1728a-2b22-40bd-9be9-6ebb0973a647,005-Il-Lavoro-per-la-persona-con-disabilità-Ombre-e-Luci-n.74-2001.jpg,copertine/fcf1728a-2b22-40bd-9be9-6ebb0973a647,dry-run,
fd108596-c2b6-4c17-af6e-208926d5c8d7,foto-io-e-giulia-valido2.jpg,copertine/fd108596-c2b6-4c17-af6e-208926d5c8d7,dry-run,
fd43f8f1-b35e-4e83-97de-3e80e10f5e48,Il-primo-disco-cop.jpg,copertine/fd43f8f1-b35e-4e83-97de-3e80e10f5e48,dry-run,
fd4dce52-b1ad-47f9-bbad-f5801b1b4c72,00-23-Ombre-e-Luci-n.80-2002.jpg,copertine/fd4dce52-b1ad-47f9-bbad-f5801b1b4c72,dry-run,
fd514a9c-f910-41d2-93b3-d99d9ce45917,Una-sconfinata-giovninezza-Recensione.jpg,copertine/fd514a9c-f910-41d2-93b3-d99d9ce45917,dry-run,
fd6c7ede-857b-4eaf-998b-34f6dfd6fb8b,Benedetta-Hotel-3-min.jpg,copertine/fd6c7ede-857b-4eaf-998b-34f6dfd6fb8b,dry-run,
fd95935d-0dd8-41ca-b4e9-51d73cff87e4,libri-vecchi.jpg,copertine/fd95935d-0dd8-41ca-b4e9-51d73cff87e4,dry-run,
fdac764f-3c61-47e5-b789-b8f966e2d976,Fabbricadeisogni.jpg,copertine/fdac764f-3c61-47e5-b789-b8f966e2d976,dry-run,
fdc0d0a7-d73a-4ed9-b805-3dc95cb736bc,campeggi-fede-luce-magia-vacanze-insieme.jpg,copertine/fdc0d0a7-d73a-4ed9-b805-3dc95cb736bc,dry-run,
fdc11b1c-17f2-41a9-bb6d-82a863a96d46,Campo-Fede-e-Luce-Alfedena-anni-70-Ombre-e-Luci-33.webp,copertine/fdc11b1c-17f2-41a9-bb6d-82a863a96d46,dry-run,
fe009e43-1de0-4053-b0d3-8fdd5461c53c,disegno-NELLA-2020.jpg,copertine/fe009e43-1de0-4053-b0d3-8fdd5461c53c,dry-run,
fe125dd5-09bb-4cdb-ad9e-84fe4e01ae83,oel21-007.jpg,copertine/fe125dd5-09bb-4cdb-ad9e-84fe4e01ae83,dry-run,
fe19e03e-21f2-48b9-a3e8-ef57eed867f1,oel062-008.jpg,copertine/fe19e03e-21f2-48b9-a3e8-ef57eed867f1,dry-run,
fe31e7e1-9f57-46f0-b5be-f9e4d211694a,Giovanni.jpg,copertine/fe31e7e1-9f57-46f0-b5be-f9e4d211694a,dry-run,
fe3c5d03-ca0f-4f6f-bd8c-64aa621e58d2,Benedetta-ritorno-scuola.jpg,copertine/fe3c5d03-ca0f-4f6f-bd8c-64aa621e58d2,dry-run,
fe3f528b-dac4-425c-9f17-fc8a1b4c8c68,Supermercato-COOP-Monza-autismo.jpg,copertine/fe3f528b-dac4-425c-9f17-fc8a1b4c8c68,dry-run,
fe4d6b2c-edf5-4f71-bc11-f333383b7345,17-Ombre-e-Luci-n.77-22.jpg,copertine/fe4d6b2c-edf5-4f71-bc11-f333383b7345,dry-run,
fe783996-4775-4edb-9d37-f67c9e9a2e78,Suor-Malgorzata.jpg,copertine/fe783996-4775-4edb-9d37-f67c9e9a2e78,dry-run,
fea85634-76c0-4114-861d-7ab51191c02f,credere-alla-Madonna-cover-insieme-n.2.jpg,copertine/fea85634-76c0-4114-861d-7ab51191c02f,dry-run,
febed6bc-443c-43e2-9132-ed9cc05c2042,province.jpg,copertine/febed6bc-443c-43e2-9132-ed9cc05c2042,dry-run,
fec1c28b-07b4-4ec6-b975-e9093458fea2,Progetto-senza-titolo.jpg,copertine/fec1c28b-07b4-4ec6-b975-e9093458fea2,dry-run,
fee4b8f5-42fb-4839-98c6-a5484f3c1e1a,oel045-007.jpg,copertine/fee4b8f5-42fb-4839-98c6-a5484f3c1e1a,dry-run,
ff2aeff4-ddd3-4a9f-bb0e-bddbe054c542,Recita-Natale.jpg,copertine/ff2aeff4-ddd3-4a9f-bb0e-bddbe054c542,dry-run,
ff3cafdb-006b-40ed-8299-c39aa2318c8a,oel034-017.jpg,copertine/ff3cafdb-006b-40ed-8299-c39aa2318c8a,dry-run,
ff54f99f-c2a3-483b-9f3f-a4db8ad27d40,oel031-043.jpg,copertine/ff54f99f-c2a3-483b-9f3f-a4db8ad27d40,dry-run,
ff61c644-1077-4776-bce3-4eafbbff87cf,dialogo-aperto-archivio.jpg,copertine/ff61c644-1077-4776-bce3-4eafbbff87cf,dry-run,
ff6d04d3-0abc-49ac-bcb8-c81fc1d5cd3c,Dall-assistenza-all-esistenza-Ombre-e-Luci-n.136-2016.webp,copertine/ff6d04d3-0abc-49ac-bcb8-c81fc1d5cd3c,dry-run,
ff71e41d-ed7b-4792-aa54-1c0564e1a539,dialogo-aperto.jpg,copertine/ff71e41d-ed7b-4792-aa54-1c0564e1a539,dry-run,
ff8f9919-921c-4fe0-89b1-00d83c29296d,marianne-bos-eDOYvF6pM1I-unsplash.webp,copertine/ff8f9919-921c-4fe0-89b1-00d83c29296d,dry-run,
ffd0db09-0739-42b0-bab5-4444fd1135b0,Caterina-con-il-papa-e-la-mamma-Ombre-e-Luci-n.129-2015.webp,copertine/ffd0db09-0739-42b0-bab5-4444fd1135b0,dry-run,
ffd5867d-3903-4291-9563-1c04cba4f8a4,Sanctuarium_Beatae_Mariae_Virginis_Pompeianum-1.jpg,copertine/ffd5867d-3903-4291-9563-1c04cba4f8a4,dry-run,
ffdd0265-a7da-481f-8ecc-6e2405d10787,province.jpg,copertine/ffdd0265-a7da-481f-8ecc-6e2405d10787,dry-run,
ffde75ef-9cba-44cd-af24-f4e81c773aeb,oel040-004.jpg,copertine/ffde75ef-9cba-44cd-af24-f4e81c773aeb,dry-run,
fffade06-e901-4835-afa5-473004eb9f4e,oel_n6_riabilitazione.jpg,copertine/fffade06-e901-4835-afa5-473004eb9f4e,dry-run,
