id,slug,lang,categoria_old,categoria_new,action,note
3036f279-5bf3-404f-8b24-3c6b240831c9,joseph-ha-fatto-la-prima-comunione,it,Fede e Luce,fede-e-luce,dry,
7b778942-e516-4b7b-b71a-cee8c9b92371,ci-hanno-scritto,it,Spiritualità,spiritualita,dry,
7c8721c1-b15a-4f72-8530-6750b7bf877e,come-loro,it,Fede e Luce,fede-e-luce,dry,
0a9df56e-c162-41b9-9704-c761492729f9,i-bambini-di-tutti,it,Spiritualità,spiritualita,dry,
b88d8aee-1e34-4716-9a18-d71a05aa27af,insieme-primo-articolo,it,Fede e Luce,fede-e-luce,dry,
c0b66341-8f4a-42f8-93ef-871f3d77b28a,come-fai-a-credere-alla-madonna,it,Fede e Luce,fede-e-luce,dry,
2a96fe6d-74b9-4b9f-a48c-78e63df7b430,la-paura-degli-altri,it,Fede e Luce,fede-e-luce,dry,
461bff80-badb-4f49-b17d-28c2f06f83c7,fede-e-luce,it,Fede e Luce,fede-e-luce,dry,
025ac8ca-fe22-4bd5-8e1a-12ce8a178d72,lettera-ai-giovani,it,Educazione e Formazione,,unknown,Valore non mappato: 'Educazione e Formazione' — aggiungere a categorie.json o assegnare manualmente
d7923ee6-003e-4ccd-a7e4-186f5b84113c,cecilia-una-esperienza,it,Tempo libero,,unknown,Valore non mappato: 'Tempo libero' — aggiungere a categorie.json o assegnare manualmente
ca2e59f8-1447-4d3b-b00c-f3437aae93f8,giovanissimi,it,Educazione e Formazione,,unknown,Valore non mappato: 'Educazione e Formazione' — aggiungere a categorie.json o assegnare manualmente
4a17d0f6-f78b-494e-b34b-780fbdb7fd70,avevano-bisogno-di-noi,it,Spiritualità,spiritualita,dry,
a643f81a-eec2-4bc1-b5f6-255a0136d66a,resoconti-degli-incontri-fede-e-luce,it,Fede e Luce,fede-e-luce,dry,
d93f4ba3-267a-4554-ba8c-042bc768c432,buon-natale-antico-corale-trascritto-da-un-bambino,it,Spiritualità,spiritualita,dry,
eea3c50b-7ce3-4a3e-b4a6-b90ccf9e8c40,giovanissimi-n-3,it,Educazione e Formazione,,unknown,Valore non mappato: 'Educazione e Formazione' — aggiungere a categorie.json o assegnare manualmente
071f81ec-da06-4a40-9b57-90061364f23d,noris,it,Spiritualità,spiritualita,dry,
8f6993d9-c794-4bee-82ba-03df5a567163,sono-tornato-stasera,it,Fede e Luce,fede-e-luce,dry,
d902ca01-8eae-4683-bef2-bc5e86b43bf7,ci-ha-scritto-la-mamma-di-roberto,it,Spiritualità,spiritualita,dry,
bf8e4862-471d-4d2e-adc9-1481a853ffc0,pellegrinaggio-a-roma-con-foi-et-lumiere,it,Fede e Luce,fede-e-luce,dry,
5515a544-0e30-4ece-96a8-a1845c97672f,integrazione-nelle-scuole-pro-e-contro,it,Scuola,,unknown,Valore non mappato: 'Scuola' — aggiungere a categorie.json o assegnare manualmente
8d375b94-f6b9-4534-ab88-34f6307f365a,lincontro-a-villa-pacis,it,Fede e Luce,fede-e-luce,dry,
279db387-e7b5-4266-8281-c1ae962a3796,il-momento-piu-bello,it,Fede e Luce,fede-e-luce,dry,
424d76cd-63a0-47f5-b4ee-bc4f506f5ecf,allamicizia-ci-credo,it,Famiglia,,unknown,Valore non mappato: 'Famiglia' — aggiungere a categorie.json o assegnare manualmente
f6745b34-f47a-46c8-b90e-e4df1e8d905a,sabato-1-febbraio-1975,it,Fede e Luce,fede-e-luce,dry,
c62edfaf-fdbb-4313-a210-c81827baec4f,qua-e-la-per-litalia,it,Fede e Luce,fede-e-luce,dry,
eb2f1d20-faee-4b7f-9d6a-16de87c6285c,poesie-visages-volti,it,Fede e Luce,fede-e-luce,dry,
178a26d0-66aa-4a11-ab9a-8dca9cae082a,giovanissimi-io-e-mio-fratello,it,Fede e Luce,fede-e-luce,dry,
97ab8f3f-fd7b-4807-8515-f8b3bb8068f9,gli-amici-dei-bimbi-reparto-gesu-bambino-istituto-santeusebi,it,Famiglia,,unknown,Valore non mappato: 'Famiglia' — aggiungere a categorie.json o assegnare manualmente
ccf630a5-7069-4805-8b59-4bd8ff90a3b1,quando-parliamo-di-loro,it,Famiglia,,unknown,Valore non mappato: 'Famiglia' — aggiungere a categorie.json o assegnare manualmente
4e199774-3ee5-43fa-b9b3-2b659c219840,programma-del-pellegrinaggio-a-roma-del-1975,it,Fede e Luce,fede-e-luce,dry,
2d106fb3-39dd-45c1-9a5e-c2cd2ed71d42,ombra-e-luce,it,Fede e Luce,fede-e-luce,dry,
d07804a6-3f69-4510-8e25-9813b136874a,giovanissimi-insieme-n-5,it,Educazione e Formazione,,unknown,Valore non mappato: 'Educazione e Formazione' — aggiungere a categorie.json o assegnare manualmente
55ca0854-d7fc-43f6-9c4d-043f91132e75,come-dire-di-si,it,Fede e Luce,fede-e-luce,dry,
b9f27278-2b04-47cd-be39-6876b2180f42,cosa-vedremo-a-roma-durante-il-pellegrinaggio-1975,it,Fede e Luce,fede-e-luce,dry,
14aeb933-78e5-4c6f-b528-88e4295e2c34,testimonianze-dal-pellegrinaggio-di-lourdes-1971,it,Fede e Luce,fede-e-luce,dry,
040a09ce-1e98-42c5-b281-5dfb0006be1e,per-te-ho-visitato-roma,it,Fede e Luce,fede-e-luce,dry,
75e68114-8aa3-4f31-9c32-1c84987c7927,perche-proprio-a-roma-il-pellegrinaggio-del-1975,it,Fede e Luce,fede-e-luce,dry,
e0f4a2af-29b8-4c7b-b50f-aab20a5ee823,i-canti-del-pellegrinaggio-di-roma-1975,it,Fede e Luce,fede-e-luce,dry,
e752e30c-7c1a-4945-baf5-db825d9a05ae,perche-questo-pellegrinaggio,it,Fede e Luce,fede-e-luce,dry,
8d47917b-ec01-4959-977d-9e6f45ee00b0,la-luce-simbolo-del-pellegrinaggio-di-roma-1975,it,Fede e Luce,fede-e-luce,dry,
1be4e3c5-9b63-4061-8bd3-519c9bea45d2,una-mamma-di-bambini-normali,it,Famiglia,,unknown,Valore non mappato: 'Famiglia' — aggiungere a categorie.json o assegnare manualmente
5945da54-9e7f-4779-abab-a1846f75068d,la-lettera-di-paolo-vi-ai-pellegrini-di-fede-e-luce,it,Fede e Luce,fede-e-luce,dry,
1726f9c5-6928-4ece-8f01-eb9c661983fe,ricordi-e-speranze-dai-questionari-sul-pellegrinaggio-a-roma,it,Fede e Luce,fede-e-luce,dry,
c91ebb81-c818-43d4-8cad-cc299fb4a7a1,leco-della-stampa,it,Fede e Luce,fede-e-luce,dry,
f6040d81-a08e-4f39-a7d9-ed5c4344c0cc,tavola-rotonda,it,Spiritualità,spiritualita,dry,
c10b70c2-4951-4088-bc24-dd386592bbe3,dietro-le-quinte,it,Fede e Luce,fede-e-luce,dry,
00e21284-b09d-408f-a2d9-ab145a528102,giovanissimi-n-7,it,Educazione e Formazione,,unknown,Valore non mappato: 'Educazione e Formazione' — aggiungere a categorie.json o assegnare manualmente
d1c6354f-88ac-49e2-b91b-efc01700a064,giovanissimi-n-7-en,en,,,skip_null,
0dd86432-0a36-4217-9c8c-1de84f833fc6,bilancio-fede-e-luce-1975,it,Fede e Luce,fede-e-luce,dry,
310c50d0-f667-4054-bde5-604cef2c0fcf,il-problema-dellacqua,it,Fede e Luce,fede-e-luce,dry,
877e450e-9d72-4968-b142-cd0fbcacbc5e,i-piu-difficili,it,Fede e Luce,fede-e-luce,dry,
358569b0-efc0-47cc-b981-8fe83e132d74,incontrarsi-il-venerdi,it,Fede e Luce,fede-e-luce,dry,
fea208a1-6944-4326-a4e2-16f2040299b7,resoconto-della-riunione-internazionale-di-fede-e-luce,it,Fede e Luce,fede-e-luce,dry,
e06e4a03-0ac2-463a-9e75-c40ca5bfdccc,pennellate-dai-centri-fede-e-luce,it,Fede e Luce,fede-e-luce,dry,
4997687e-d183-44e0-ae36-a3e42a7940c1,festa-della-luce-1976,it,Fede e Luce,fede-e-luce,dry,
693c622f-ab4a-4499-a5df-841dc5a8d600,mi-sento-in-crisi,it,Spiritualità,spiritualita,dry,
b113d7e8-aaff-473a-a4f3-a8761f7b01f9,xavier-un-mio-un-nostro-nuovo-a-amico,it,Salute,,unknown,Valore non mappato: 'Salute' — aggiungere a categorie.json o assegnare manualmente
851ec08e-da62-45eb-aab5-b439f797faeb,ci-hanno-scritto-2,it,Fede e Luce,fede-e-luce,dry,
32c6ee9d-c251-46cb-a909-5192029c3003,un-metodo-efficace-per-leducazione-dei-bambini-con-disabilit,it,Famiglia,,unknown,Valore non mappato: 'Famiglia' — aggiungere a categorie.json o assegnare manualmente
f1a1d970-d0a9-4916-bce7-b2f67163680c,vedremo-mai-la-luce,it,Spiritualità,spiritualita,dry,
01b82250-16c2-4e98-ad89-d7b5d1e0b83d,esperienze-un-week-end-fuori-dallordinario,it,Fede e Luce,fede-e-luce,dry,
a0e13816-0d9d-423b-ba85-c9ea6d6b14f3,dove-lo-prendo-tanto-amore,it,Spiritualità,spiritualita,dry,
9e63d447-f2e9-48d5-99e2-0a480cc3f3da,guidare-alla-luce-catechesi-sensoriale-per-una-vita-spiritua,it,Catechesi,,unknown,Valore non mappato: 'Catechesi' — aggiungere a categorie.json o assegnare manualmente
af67fdc8-af95-4eb8-984d-71c53a8e16a4,notiziario-fede-e-luce-il-resoconto-dellultima-festa-della-l,it,Fede e Luce,fede-e-luce,dry,
08e38e52-b390-47c6-942f-d474fbdae7a6,letture-consigliate-darti-la-vita-recensione,it,Cultura,cultura,dry,
5400c6d8-496d-4bd5-99d3-c7f80429efe8,esperienze-un-week-end-fuori-dallordinario-en,en,,,skip_null,
645a988e-eab9-49f7-8fda-43d2cdef6bc0,dedicato-ad-unamica,it,Famiglia,,unknown,Valore non mappato: 'Famiglia' — aggiungere a categorie.json o assegnare manualmente
c3289dc6-3375-4e62-bb51-c44bc19a7e31,notiziario-di-fede-e-luce-n-10-1976,it,Fede e Luce,fede-e-luce,dry,
7e8a27b8-a706-40e0-a584-467291d17717,un-angolino-di-arche,it,Spiritualità,spiritualita,dry,
b1ad914e-71fb-4e41-9661-f6f31e4c58d7,questestate-faremo,it,Fede e Luce,fede-e-luce,dry,
663408f3-2eae-4640-b08a-172106591a8e,a-te-bambino-mio,it,Spiritualità,spiritualita,dry,
0de86860-8f56-4f11-a42c-3b803e1de7df,la-vecchia-signora-brontolona,it,Spiritualità,spiritualita,dry,
ee67faab-b870-4ec5-8222-116c32f2d934,alla-ricerca-delle-vere-vacanze-rompere-gli-schemi-e-scoprir,it,Tempo libero,,unknown,Valore non mappato: 'Tempo libero' — aggiungere a categorie.json o assegnare manualmente
79b9e4b6-5944-477f-9366-a85fdf8d35e3,viaggio-a-parma-del-1976-unesperienza-di-gioia-condivisione-,it,Fede e Luce,fede-e-luce,dry,
129b50e2-bc93-4b41-ab41-03e078c3a868,per-la-nostra-riflessione-una-croce-di-carta-smerigliata,it,Spiritualità,spiritualita,dry,
6e9d70a9-f58a-4057-b9ef-b8c045575241,testimonianze-dai-campi-di-alfedena-1976,it,Fede e Luce,fede-e-luce,dry,
d133ed08-efc1-4347-84ab-9b076b81d548,notiziario-fede-e-luce-dicembre-1976,it,Fede e Luce,fede-e-luce,dry,
bf60996f-3448-4062-b620-eb2a86f0c4de,esperienze-estive-fra-arche-e-mary-mount,it,Fede e Luce,fede-e-luce,dry,
a0ad636c-2c7e-40e5-9341-aa2754461cf9,alfedena-1976-esperienze-di-vita-comunitaria,it,Fede e Luce,fede-e-luce,dry,
bf406f15-50ae-4609-b5e1-8743df537940,a-tutti-i-gruppi-fede-e-luce,it,Fede e Luce,fede-e-luce,dry,
3cc4c476-5b63-4165-b8f8-e79f91ec796c,i-bambini-autistici-una-guida-per-genitori-recensione,it,Salute,,unknown,Valore non mappato: 'Salute' — aggiungere a categorie.json o assegnare manualmente
ed3a4927-eb81-429d-a1c1-1920008eda0d,ci-hanno-scritto-n-11,it,Fede e Luce,fede-e-luce,dry,
c1ee660c-b02e-4c87-aa84-8a734265a531,attivita-di-tempo-libero-e-vita-comunitaria,it,Famiglia,,unknown,Valore non mappato: 'Famiglia' — aggiungere a categorie.json o assegnare manualmente
fe9652b9-c1fd-4f5d-a2e6-e7c6444fa888,editoriale-parliamo-di-insieme,it,Fede e Luce,fede-e-luce,dry,
2d7d466f-43a0-47c9-9372-d391cfdbcc5e,lettera-aperta-a-padre-michel-charpantier,it,Fede e Luce,fede-e-luce,dry,
288ba3f2-3a36-445f-8a84-70adf2551e26,mio-figlio-emanuele-la-straordinaria-esperienza-di-una-madre,it,Cultura,cultura,dry,
4332a6bf-8b0e-4ddb-b083-c68021acc6c3,cose-un-sacramento-cose-leucaristia-cose-la-confessione,it,Spiritualità,spiritualita,dry,
34cd1d0c-4dbb-4f28-9e29-2ff1c6cb4c3c,notiziario-fede-e-luce-n-12-marzo-1977,it,Fede e Luce,fede-e-luce,dry,
73b1997f-250c-4557-8146-0e7f6f3f211c,visitiamo-con-maria-laura-il-c-b-i-m-c-centro-belga-per-infe,it,Progetti,,unknown,Valore non mappato: 'Progetti' — aggiungere a categorie.json o assegnare manualmente
36701904-5943-45bd-9bca-ace7df8f3679,ci-hanno-scritto-n-12,it,Fede e Luce,fede-e-luce,dry,
46bb797d-d244-49f4-bb9a-73fc2a51e7bd,un-figlio-handicappato,it,Famiglia,,unknown,Valore non mappato: 'Famiglia' — aggiungere a categorie.json o assegnare manualmente
476c45f8-ff58-4f61-bc30-5f656970a40a,bilancio-fede-e-luce-1976,it,Fede e Luce,fede-e-luce,dry,
5f20e092-fad2-4150-863a-ac9b82f62577,come-nata-la-prima-casetta-fede-e-luce-storie-di-pennelli-e-,it,Progetti,,unknown,Valore non mappato: 'Progetti' — aggiungere a categorie.json o assegnare manualmente
3e70e96b-bf67-43bc-964d-33e7586a08a7,editoriale-lettera-aperta-agli-amici-di-fede-e-luce,it,Fede e Luce,fede-e-luce,dry,
77a2cae7-654c-4178-85c3-4498cc2bd223,tecniche-di-recupero-per-i-disabili-gravi-la-socializzazione,it,Salute,,unknown,Valore non mappato: 'Salute' — aggiungere a categorie.json o assegnare manualmente
88d2c7bb-6de1-4d38-9e7c-4396690bcd6b,editoriale-auguri,it,Spiritualità,spiritualita,dry,
54e6ceaf-bfcb-4d2c-8ad7-f671318e6555,gli-altri-un-figlio-subnormale-recensione-libro,it,Cultura,cultura,dry,
62ba4df2-4691-4c6f-aa12-983fe2277ddb,per-nostra-riflessione-la-comunione,it,Catechesi,,unknown,Valore non mappato: 'Catechesi' — aggiungere a categorie.json o assegnare manualmente
7d1e9c63-6be0-4062-8e25-8c4b321f36ce,esperienze-al-club-avance,it,Progetti,,unknown,Valore non mappato: 'Progetti' — aggiungere a categorie.json o assegnare manualmente
daf7b24e-c2ee-40d5-9ffd-6000968d63bb,ci-hanno-scritto-n-13,it,Famiglia,,unknown,Valore non mappato: 'Famiglia' — aggiungere a categorie.json o assegnare manualmente
130f57d3-53a9-49c3-9bb0-efca3c3f7c46,notiziario-fede-e-luce-n-13,it,Fede e Luce,fede-e-luce,dry,
0fb48865-578d-463f-b56c-d44dc934b223,fede-e-luce-incontri-internazionali-e-nazionali-1977,it,Fede e Luce,fede-e-luce,dry,
89a87a4c-7335-483f-9dc0-f5fd25524036,parliamo-di-ri-educazione,it,Spiritualità,spiritualita,dry,
3c009fa1-9ea6-4858-bab2-2d828aca2d35,inno-alla-vita-di-una-handicappata,it,Famiglia,,unknown,Valore non mappato: 'Famiglia' — aggiungere a categorie.json o assegnare manualmente
47ae67e6-31c1-4291-98f8-f9774a1ab10d,letture-consigliate-n-14,it,Cultura,cultura,dry,
d0ad5158-d3a9-4fcc-8490-dd68a574a868,attivita-di-fine-stagione-del-gruppo-san-paolo-di-roma,it,Fede e Luce,fede-e-luce,dry,
5cb504d5-84ae-4580-ba5a-d82346f90dbd,editoriale-vacanze,it,Spiritualità,spiritualita,dry,
129bf33c-be13-427c-8b98-2cb8d2ced332,leducazione-delle-persone-disabili-imparare-a-vestirsi,it,Educazione e Formazione,,unknown,Valore non mappato: 'Educazione e Formazione' — aggiungere a categorie.json o assegnare manualmente
735a305d-5982-48f2-ab26-b2e249b73b8c,notiziario-fede-e-luce-n-14,it,Fede e Luce,fede-e-luce,dry,
81c1ec9c-0fbd-45a7-919d-c233e2919aca,ci-hanno-scritto-n-14,it,Fede e Luce,fede-e-luce,dry,
34f499e5-6a67-447d-8d53-417dde447ef0,per-nostra-riflessione-milano-vederci-piu-chiaro,it,Educazione e Formazione,,unknown,Valore non mappato: 'Educazione e Formazione' — aggiungere a categorie.json o assegnare manualmente
a113f080-add7-4de0-9222-9af5e0a85aae,per-amore-di-anna-storia-vera-di-una-ragazza-autistica-recen,it,Cultura,cultura,dry,
9cbe74ad-b91b-46b2-9688-24522a87854e,bando-di-concorso-per-auto-adesivo-del-pellegrinaggio,it,Fede e Luce,fede-e-luce,dry,
2053e9b3-05d2-4653-aed7-c7b728ac2380,notiziario-fede-e-luce-calendario-1978,it,Fede e Luce,fede-e-luce,dry,
b111fbba-e860-4d37-a011-00ff2260b3a0,esperienze-i-campi-dellestate-1977,it,Fede e Luce,fede-e-luce,dry,
5dc1fe21-b231-43d5-bd16-cd4228fd05d3,scuola-e-disabilita-integrazione-ascoltiamo-le-testimonianze,it,Scuola,,unknown,Valore non mappato: 'Scuola' — aggiungere a categorie.json o assegnare manualmente
86cff38d-fba1-4793-816f-eeaa57094185,come-bere-un-bicchier-dacqua,it,Spiritualità,spiritualita,dry,
70e1e940-43fe-4082-983d-fe1d0102feb1,ci-hanno-scritto-n-15,it,Fede e Luce,fede-e-luce,dry,
baed41bf-b0e5-4978-a68c-026aa70bcebc,editoriale-amici-o-fratelli,it,Fede e Luce,fede-e-luce,dry,
46c9a57b-6d23-4f32-98d9-baaab352c009,la-comunita-che-accoglie-i-rifiutati-recensione,it,Cultura,cultura,dry,
c7a93393-2692-4980-8199-5f1520c95f14,notiziario-fede-e-luce-n-16,it,Fede e Luce,fede-e-luce,dry,
5fd8c996-9472-40a0-95c0-119afbdcfcda,assemblea-internazionale-di-fede-e-luce-a-bruxelles-gennaio-,it,Fede e Luce,fede-e-luce,dry,
6a42aa72-4db1-4c4d-be37-bbc5ed3c2ee2,vita-fede-e-luce-natale-1977-a,it,Fede e Luce,fede-e-luce,dry,
6971badc-d188-4811-8cec-56868eed2ce2,la-comunita-di-capodarco,it,Progetti,,unknown,Valore non mappato: 'Progetti' — aggiungere a categorie.json o assegnare manualmente
6f9ee262-0586-418f-8355-cfdc20c5220d,leducazione-delle-persone-disabili-imparare-a-mangiare-insie,it,Educazione e Formazione,,unknown,Valore non mappato: 'Educazione e Formazione' — aggiungere a categorie.json o assegnare manualmente
bcf8ba08-ddce-4398-9173-46534b55d5ae,pellegrinaggio-assisi-1978-luis-sankale,it,Fede e Luce,fede-e-luce,dry,
eabe1cf8-fd07-4f48-9c4d-a3e98b4c5707,ci-hanno-scritto-n-16,it,Famiglia,,unknown,Valore non mappato: 'Famiglia' — aggiungere a categorie.json o assegnare manualmente
85057d79-dda1-4c94-b42c-0bcd2d40386c,lettera-aperta-a-francesco-dassisi,it,Spiritualità,spiritualita,dry,
90524970-f60f-4c3f-b438-7d5f14f4e857,editoriale-le-nostre-paure,it,Fede e Luce,fede-e-luce,dry,
faf04100-c97b-4a3c-8eb3-793d80431028,il-cantico-delle-creature,it,Spiritualità,spiritualita,dry,
a6161c91-527c-4f35-b126-2780092cefb7,jean-vanier-a-parma-1978,it,Personaggi che ispirano,,unknown,Valore non mappato: 'Personaggi che ispirano' — aggiungere a categorie.json o assegnare manualmente
685eeb60-25af-480b-9a4d-ba9d6110ec9e,ciao-gianluca,it,Fede e Luce,fede-e-luce,dry,
56b96d9f-2f8a-4bef-8591-7b45a5f8be73,meditazione-a-modo-mio,it,Fede e Luce,fede-e-luce,dry,
1b5620ad-c6af-468e-9d1c-6fd07aafc5e6,beati-i-poveri-suggerimenti-per-le-tra-giornate-ad-assisi-19,it,Spiritualità,spiritualita,dry,
b1f1b179-cd27-4521-a05d-2317b694a63c,quel-giorno-pioveva,it,Spiritualità,spiritualita,dry,
6bc6bf29-fa4d-43ed-b72c-8220168d26d8,qualche-informazione-prima-di-partire-per-il-pellegrinaggio-,it,Fede e Luce,fede-e-luce,dry,
1b3ed840-da29-44ea-9a36-9c240d48836b,se-assisi-1978,it,Spiritualità,spiritualita,dry,
3dca4e84-4431-450f-8f64-8b5e6d386372,tre-giorni-ad-assisi,it,Fede e Luce,fede-e-luce,dry,
8966e48f-7442-4d7c-a81f-01a51fa2f1a6,preparazione-al-pellegrinaggio-fede-e-luce-ad-assisi-1978,it,Fede e Luce,fede-e-luce,dry,
305e85e4-0399-4138-9dd6-f91b52ead613,letture-consigliate-n-18,it,Cultura,cultura,dry,
6f740e13-6aab-404c-b1b7-68978a95bebe,la-casetta-cose-che-fini-ha-chi-la-frequenta,it,Fede e Luce,fede-e-luce,dry,
c463b633-a75e-4f94-9c4e-6df652602845,festa-della-primavera-a-villa-pacis-1978,it,Fede e Luce,fede-e-luce,dry,
cd8495c5-9da9-4c2f-b281-8fcdcecec1f2,vita-dei-gruppi-fede-e-luce-1978,it,Fede e Luce,fede-e-luce,dry,
ac8a47f2-f971-4abe-b2d2-e33d742d2294,notiziario-fede-e-luce-n-18,it,Fede e Luce,fede-e-luce,dry,
c7e1db74-db5b-4fba-a056-8c71494ffd15,come-un-raggio-di-sole,it,Spiritualità,spiritualita,dry,
2209ba21-8a6f-410f-a87f-61bf4842f4c2,esperienze-al-gruppo-fede-e-luce-la-mamma-di-massimo,it,Fede e Luce,fede-e-luce,dry,
8e183947-72ff-49f2-ba1c-f8376fc0006e,per-la-loro-educazione-visita-allistituto-statale-romagnolo-,it,Progetti,,unknown,Valore non mappato: 'Progetti' — aggiungere a categorie.json o assegnare manualmente
79572ee9-9bda-4ea5-92c8-ea7e376938b5,per-la-nostra-riflessione,it,Famiglia,,unknown,Valore non mappato: 'Famiglia' — aggiungere a categorie.json o assegnare manualmente
f1450089-0eb8-42f4-b712-c9abd391ef2d,un-po-di-provocazione,it,Famiglia,,unknown,Valore non mappato: 'Famiglia' — aggiungere a categorie.json o assegnare manualmente
c1c6e447-6c9f-403a-9b12-445b8eb69544,ci-hanno-scritto-n-18,it,Fede e Luce,fede-e-luce,dry,
b9b611a1-9ac7-4ad1-9e85-21dc15ce1f53,quando-arrivano-le-vacanze,it,Tempo libero,,unknown,Valore non mappato: 'Tempo libero' — aggiungere a categorie.json o assegnare manualmente
2279678a-be2e-4999-989c-5ad885e442bc,katimavik-una-parola-eschimese-che-vuol-dire-incontro,it,Fede e Luce,fede-e-luce,dry,
72a19292-633f-47a8-b3cc-b05ff96652f1,sono-andata-a-bruxelles-a-fare-volontariato,it,Tempo libero,,unknown,Valore non mappato: 'Tempo libero' — aggiungere a categorie.json o assegnare manualmente
c54b3518-4145-498c-8d75-0ff9f26d5f41,soggiorno-allarche-1978,it,Tempo libero,,unknown,Valore non mappato: 'Tempo libero' — aggiungere a categorie.json o assegnare manualmente
a80995c2-c15e-4bbc-acdc-94c61c080441,una-lezione-damore-incontro-fede-e-luce-llalelli-galles-del-,it,Fede e Luce,fede-e-luce,dry,
4a67fdc4-1954-4bce-aa7e-86889a2b4201,vacanze-1978,it,Tempo libero,,unknown,Valore non mappato: 'Tempo libero' — aggiungere a categorie.json o assegnare manualmente
e2a1012e-b8b1-4bf5-98f0-4dd923b143eb,alfedena-1978,it,Fede e Luce,fede-e-luce,dry,
dacef662-78aa-429d-a5f5-04a4e996b355,per-la-loro-educazione-bilancio-di-unestate,it,Fede e Luce,fede-e-luce,dry,
aba9313c-7522-4ad8-8b78-323472897a8f,quattordici-anni-con-loro,it,,,skip_null,
8ccd140e-19d7-43a2-9dd3-1913d4b91e17,ci-hanno-scritto-n-19,it,Fede e Luce,fede-e-luce,dry,
df88ccc2-3196-4a7b-97f8-16b6fdca725b,notiziario-fede-e-luce-n-20,it,Fede e Luce,fede-e-luce,dry,
f64fdec4-93d8-443b-90b1-5458aa36e9e9,la-forestiere-vita-comunitaria-con-i-piu-gravi-allarche,it,Fede e Luce,fede-e-luce,dry,
35da8129-0f01-4f87-b78a-05185d24d790,che-cose-un-katimavic,it,Fede e Luce,fede-e-luce,dry,
e8727cc5-7b66-40f0-995c-27d110283b17,letture-consigliate-lo-svantaggiato-quale-educazione,it,Cultura,cultura,dry,
e20c4595-b765-4454-a8bc-68b7225ed0bb,7-testimonianze-di-genitori-e-amici-di-bambini-profondamente,it,Famiglia,,unknown,Valore non mappato: 'Famiglia' — aggiungere a categorie.json o assegnare manualmente
30f7c8f2-c700-4eb8-9c2e-16f9633a6d84,bilancio-fede-e-luce-1979,it,Fede e Luce,fede-e-luce,dry,
32ac8257-3d9e-4a41-90d4-cc72e137e385,ci-hanno-scritto-n-20,it,Fede e Luce,fede-e-luce,dry,
7260eb99-2b9a-473c-82b1-9506bf87ebce,i-bambini-profondamente-handicappati,it,Famiglia,,unknown,Valore non mappato: 'Famiglia' — aggiungere a categorie.json o assegnare manualmente
3eca8a1c-b8c0-428e-9ad5-d9ebb716c6e2,ci-hanno-scritto-n-21,it,Fede e Luce,fede-e-luce,dry,
22800435-6a50-42da-9f74-2f903d16253e,per-la-nostra-riflessione-prendete-e-mangiatene-tutti,it,Spiritualità,spiritualita,dry,
37dddad4-503e-42e9-adee-a8cd6262aea4,non-e-cosi-facile-essere-madre-di-una-bambina-non-grave,it,Famiglia,,unknown,Valore non mappato: 'Famiglia' — aggiungere a categorie.json o assegnare manualmente
44bc33ca-ec2f-4e2a-b0a0-117f5b69e529,ci-hanno-scritto-una-critica-allultimo-numero-di-insieme,it,Fede e Luce,fede-e-luce,dry,
3b66eee2-5ab5-431d-a461-40d0859e9c32,si-e-allontanato-per-la-prima-volta,it,Spiritualità,spiritualita,dry,
3a49df82-5c30-4889-90bf-8cbc7a6a54c5,viviamo-una-vita-normale,it,Famiglia,,unknown,Valore non mappato: 'Famiglia' — aggiungere a categorie.json o assegnare manualmente
9be923c3-79f3-4c89-adfd-bf2bca39acbb,il-ruolo-del-pediatra-nel-trattamento-del-bambino-handicappa,it,Salute,,unknown,Valore non mappato: 'Salute' — aggiungere a categorie.json o assegnare manualmente
636d366c-c975-4cf8-8930-71d3e1be5d76,apriamo-il-sipario-oggi-si-recita,it,Progetti,,unknown,Valore non mappato: 'Progetti' — aggiungere a categorie.json o assegnare manualmente
b110b366-5db4-4445-8d72-bc209ff4f3b0,come-mettere-in-quattro-righe-oltre-10-anni-di-vita,it,Fede e Luce,fede-e-luce,dry,
ff5b72e2-e5e5-46dd-85bd-ca600ea6789e,in-vacanza-tutto-come-se-si-trattasse-di-un-gioco,it,Progetti,,unknown,Valore non mappato: 'Progetti' — aggiungere a categorie.json o assegnare manualmente
e6b525ba-7611-4ba5-a96c-ab762ad2c04b,fu-in-tenda-che-mi-diede-il-benvenuto,it,Famiglia,,unknown,Valore non mappato: 'Famiglia' — aggiungere a categorie.json o assegnare manualmente
f143775a-770d-4569-8e42-3677ac6bab5c,ora-ha-un-mondo-suo-oltre-la-sua-famiglia,it,Fede e Luce,fede-e-luce,dry,
aa836d31-1771-4a20-993a-1ac657f2e74b,letture-consigliate-il-piccolo-principe,it,Cultura,cultura,dry,
f8473600-3b2f-467e-8c38-24c9ca478865,notiziario-fede-e-luce-n-21,it,Fede e Luce,fede-e-luce,dry,
3b867706-a0bc-498d-ad3a-303844cf0945,adesso-fa-la-quarta-sta-ancora-con-noi,it,Spiritualità,spiritualita,dry,
b3af8677-bc4a-4151-94ce-275cfebf99a3,leducazione-dei-bambini-cosiddetti-lievi-si-ma-quale,it,Famiglia,,unknown,Valore non mappato: 'Famiglia' — aggiungere a categorie.json o assegnare manualmente
9459c0be-fee6-4a5e-9b06-19549f6a1ead,lamore-non-basta,it,Famiglia,,unknown,Valore non mappato: 'Famiglia' — aggiungere a categorie.json o assegnare manualmente
549a533a-1d3c-47d5-a680-3edcec08a501,mio-fratello-marco,it,Famiglia,,unknown,Valore non mappato: 'Famiglia' — aggiungere a categorie.json o assegnare manualmente
fbc036ac-a340-4a5a-a523-260db410e2aa,pellegrinaggio-a-loreto-18-20-maggio-1979-testimonianze-part,it,Fede e Luce,fede-e-luce,dry,
7bf8037a-3f7a-4b7e-82b0-541ed62a8563,gita-ad-argegno-3-giugno-1979,it,Fede e Luce,fede-e-luce,dry,
871d3653-c202-4fcd-bf62-1ec5154d8223,vita-fede-e-luce-n-22-1979,it,Fede e Luce,fede-e-luce,dry,
a3a15452-1a2d-4b8d-8506-ad9573fc30df,aria-di-vacanze,it,Fede e Luce,fede-e-luce,dry,
0ba157eb-0808-49b1-bc10-2756ca90497a,pellegrinaggio-a-loreto-1979-olga-gammarelli,it,Fede e Luce,fede-e-luce,dry,
3753b303-c35f-4c2f-8c45-d57f60af6609,letture-consigliate-n-22,it,Cultura,cultura,dry,
82e12b0b-f877-4365-aee4-8a375b6f6bd7,incontro-internazionale-a-cuneo-28-29-aprile-1979,it,Fede e Luce,fede-e-luce,dry,
e4b9ded6-ea5d-4db4-8438-04b8df66c0d1,un-compleanno-al-capezzale-di-un-amico,it,Spiritualità,spiritualita,dry,
27936de4-5088-41f7-a67c-d3747ee6568e,mattone-su-mattone,it,Progetti,,unknown,Valore non mappato: 'Progetti' — aggiungere a categorie.json o assegnare manualmente
57fb72d5-30c4-4327-aded-35db3c4b7214,focus-gli-adulti-profondamente-handicappati-alcune-testimoni,it,Famiglia,,unknown,Valore non mappato: 'Famiglia' — aggiungere a categorie.json o assegnare manualmente
3f0e3011-d2dc-4e4b-9ada-684fb916ca5b,ci-hanno-scritto-n-22,it,Fede e Luce,fede-e-luce,dry,
022ab78d-54b0-4dc6-8171-7c1e142c9a02,un-antidoto-alla-disperazione,it,Famiglia,,unknown,Valore non mappato: 'Famiglia' — aggiungere a categorie.json o assegnare manualmente
d87e9f0c-905f-41e4-9d94-427524be69bf,23-maggio-1979-festa-della-primavera,it,Fede e Luce,fede-e-luce,dry,
76e4f985-cad7-4ac1-ae01-9b02d2aefb2d,teresa-venti-anni-cambiamenti-disabilita,it,Famiglia,,unknown,Valore non mappato: 'Famiglia' — aggiungere a categorie.json o assegnare manualmente
32877863-03bd-4e18-80c0-9cf9a7ecbb66,perche-vi-chiamate-fede-e-luce,it,Fede e Luce,fede-e-luce,dry,
a46c8ad7-a019-4a77-9ede-46a374383105,tema-dellanno-1980-lincontro,it,Fede e Luce,fede-e-luce,dry,
9da8cfcb-aeca-4f65-8dcc-8ed8679ccd62,ci-hanno-scritto-n-23,it,Fede e Luce,fede-e-luce,dry,
e615d3a5-66bb-48a4-bc31-0f5dde40a969,letture-consigliate-n-23,it,Fede e Luce,fede-e-luce,dry,
304e8bca-f343-4429-a6a7-9b640cd2562a,e-domani,it,Educazione e Formazione,,unknown,Valore non mappato: 'Educazione e Formazione' — aggiungere a categorie.json o assegnare manualmente
263660df-38f8-4f00-a8a2-67d2d48ca3c4,saluta-la-tua-insegnante,it,Educazione e Formazione,,unknown,Valore non mappato: 'Educazione e Formazione' — aggiungere a categorie.json o assegnare manualmente
ff2728b8-2e9a-4166-af9b-69e8f1ab4e22,lordinazione-di-robert-michit,it,Fede e Luce,fede-e-luce,dry,
e232bfe5-b2c8-408d-972a-4cd5e269406e,marymount-unestate-di-musica-e-sorrisi,it,Progetti,,unknown,Valore non mappato: 'Progetti' — aggiungere a categorie.json o assegnare manualmente
1afbfa18-67d2-473f-88d8-5e72e11e6df0,al-rientro-dalle-vacanze-campeggi-campeggi-ancora-campeggi,it,Progetti,,unknown,Valore non mappato: 'Progetti' — aggiungere a categorie.json o assegnare manualmente
fa9ce429-a9b2-491c-aa3b-725ec5e31d89,amicizie,it,Progetti,,unknown,Valore non mappato: 'Progetti' — aggiungere a categorie.json o assegnare manualmente
892f21fc-4751-4d3b-8641-1cff531d1cdc,adulti-lievemente-handicappati,it,Cultura,cultura,dry,
d985eaa8-57f5-4681-9eb5-4ebf75eb489d,insieme-verso-la-pasqua-1981,it,Fede e Luce,fede-e-luce,dry,
aba178a7-638e-420e-b53c-43e08189c510,vuoi-essere-mio-amico,it,Famiglia,,unknown,Valore non mappato: 'Famiglia' — aggiungere a categorie.json o assegnare manualmente
964b2bda-4ee1-4b04-8d47-4c571aa152d1,trovai-lavoro-in-una-casa-farmaceutica,it,Progetti,,unknown,Valore non mappato: 'Progetti' — aggiungere a categorie.json o assegnare manualmente
76e4f985-cad7-4ac1-ae01-9b02d2aefb2d,teresa-venti-anni-cambiamenti-disabilita,it,Famiglia,,unknown,Valore non mappato: 'Famiglia' — aggiungere a categorie.json o assegnare manualmente
223c0c2b-fb6f-4949-93b5-e48fc5a6ad07,di-nuovo-in-cammino,it,Fede e Luce,fede-e-luce,dry,
0fdd4e37-2128-4ed1-8913-306bcc0d99e6,3-i-protagonisti-i-volti-di-fede-e-luce-persona-con-disabili,en,,,skip_null,
70a2078e-c035-4fac-b515-b9101d313e29,1-introduzione-fede-e-luce-anatomia-di-una-comunita-di-incon,it,Fede e Luce,fede-e-luce,dry,
4deed934-d3fe-4d88-b9cf-97344b2e6718,4-vita-comunitaria-costruire-comunita-tre-pilastri-fede-luce,it,Fede e Luce,fede-e-luce,dry,
df21f592-4b31-456a-b9e7-5b8136a3828b,andiamo-tutti-in-pizzeria,it,Fede e Luce,fede-e-luce,dry,
ffaef8b5-e895-4bd1-81e4-6b3f5182ff27,vita-fede-e-luce-n-24,it,Fede e Luce,fede-e-luce,dry,
5462b37d-7a99-4946-82cb-ccf05ba1872e,5-creascere-insieme-guidare-una-comunita-fede-e-luce-princip,it,Fede e Luce,fede-e-luce,dry,
d9da201a-8dd5-44d6-8beb-c2d00ba61d34,ci-hanno-scritto-insieme-n-24,it,Lavoro,,unknown,Valore non mappato: 'Lavoro' — aggiungere a categorie.json o assegnare manualmente
00db1113-5e26-4953-9d1f-499ddbc60521,3-i-protagonisti-i-volti-di-fede-e-luce-persona-con-disabili,it,Fede e Luce,fede-e-luce,dry,
4ff88ea2-61e8-4e06-9290-6ae083b3b583,2-fede-e-luce-larte-dellincontro-per-superare-la-paura-della,it,Fede e Luce,fede-e-luce,dry,
732dac2a-0779-483e-890c-790ffd581359,questionario-per-i-fratelli-e-sorrelle-di-persone-con-disabi,it,Famiglia,,unknown,Valore non mappato: 'Famiglia' — aggiungere a categorie.json o assegnare manualmente
27e2ae15-119d-42eb-8da8-1b14d3d52baf,alessandro-bertolini,it,Spiritualità,spiritualita,dry,
117a86ba-17bd-4e3f-ba12-e519499056b2,e-uscita-una-nuova-legge-sullassegno-di-accompagnamento-per-,it,Progetti,,unknown,Valore non mappato: 'Progetti' — aggiungere a categorie.json o assegnare manualmente
a1975166-5cda-4119-8eab-6be5512a7e50,la-mia-vita,it,Famiglia,,unknown,Valore non mappato: 'Famiglia' — aggiungere a categorie.json o assegnare manualmente
b2659d92-0078-46b8-8641-c1e3be0a1f72,letture-consigliate-la-vita-puo-ricominciare-recensione,it,Cultura,cultura,dry,
bbfd245c-40ba-433f-a06b-5c1df958dc9d,jean-vanier-libano,it,Fede e Luce,fede-e-luce,dry,
351fc40e-0b4a-4565-acf7-e34673f0baa0,io-mi-domando,it,Scuola,,unknown,Valore non mappato: 'Scuola' — aggiungere a categorie.json o assegnare manualmente
b7a49db6-0d24-4b23-b71d-3ebba20aa6da,gli-altri-vostri-figli-lhanno-accettato,it,Famiglia,,unknown,Valore non mappato: 'Famiglia' — aggiungere a categorie.json o assegnare manualmente
56a1b7bf-f3f2-4d54-938f-07cc8ff0cfa1,vita-fede-e-luce,it,Fede e Luce,fede-e-luce,dry,
412b81ca-d67d-443e-8239-3ae01aa26eed,ci-hanno-scritto-insieme-n-23,it,Fede e Luce,fede-e-luce,dry,
6e2934ce-b127-4c85-81ce-1e380445e80e,25-numero-6-anno,it,Fede e Luce,fede-e-luce,dry,
7185460f-90da-4428-9813-71ada0579078,perche-non-mi-capisci-2,it,Famiglia,,unknown,Valore non mappato: 'Famiglia' — aggiungere a categorie.json o assegnare manualmente
8353237e-28e1-4d50-b4b7-12353cd196dd,non-e-facile-esprimere,it,Famiglia,,unknown,Valore non mappato: 'Famiglia' — aggiungere a categorie.json o assegnare manualmente
5f70da4e-8d76-40bb-89d0-0ffefcb4d634,fratelli-e-sorelle-di-persone-con-disabilita-2,it,Famiglia,,unknown,Valore non mappato: 'Famiglia' — aggiungere a categorie.json o assegnare manualmente
b9e1517f-48f4-4a96-bf1c-9018546e3b1a,una-realta-esigente,it,Famiglia,,unknown,Valore non mappato: 'Famiglia' — aggiungere a categorie.json o assegnare manualmente
48290a7f-45e6-4bb6-98c5-2b28c42fb6fa,una-lettera,it,Famiglia,,unknown,Valore non mappato: 'Famiglia' — aggiungere a categorie.json o assegnare manualmente
72e827da-51d3-44de-9a5a-7d08d4a9c868,mia-sorella,it,Famiglia,,unknown,Valore non mappato: 'Famiglia' — aggiungere a categorie.json o assegnare manualmente
0949f5c9-1e33-42dd-8310-5c45567e9d21,5-anni-di-casetta,it,Spiritualità,spiritualita,dry,
40fb524a-c3a0-4058-a8d4-916bed24ff6d,andiamo-alla-casetta,it,Spiritualità,spiritualita,dry,
5fc612a3-bb9d-4413-a4b6-1eb42315c62f,uno-due-tre-stella,it,Fede e Luce,fede-e-luce,dry,
bd36e66d-e07d-4778-be42-985b916580b7,via-plinio-30,it,Fede e Luce,fede-e-luce,dry,
aacac805-ec17-43d8-a820-89dced5dc359,telegramma-educarsi-insieme-crescere-con-gli-altri-per-il-be,it,Educazione e Formazione,,unknown,Valore non mappato: 'Educazione e Formazione' — aggiungere a categorie.json o assegnare manualmente
6b825063-90ea-470b-b5ed-6bfe4af5b0e1,ci-hanno-scritto-insieme-n-26,it,Famiglia,,unknown,Valore non mappato: 'Famiglia' — aggiungere a categorie.json o assegnare manualmente
7d4f8b96-ceb9-4cdc-a670-7ccec23ee7ab,vita-fede-e-luce-insieme-n-26,it,Fede e Luce,fede-e-luce,dry,
ecd78380-abea-47cc-a888-c2994b9d3984,letture-consigliate-n-26,it,Cultura,cultura,dry,
3ac33412-c913-4a91-bf7a-e87ca629dfe9,un-problema-che-non-so-risolvere,it,Famiglia,,unknown,Valore non mappato: 'Famiglia' — aggiungere a categorie.json o assegnare manualmente
06f87b56-2a7b-494a-85e3-52023cc89d43,dalla-parte-di-lazzaro,it,Spiritualità,spiritualita,dry,
bbca7792-8478-4f5b-b29d-e4b4e03fcd4a,consumare-lo-stesso-pasto,it,Spiritualità,spiritualita,dry,
37474502-2c6f-4356-a46c-089d30bc6b86,lavventura-di-oletta-quando-il-cavallo-diventa-terapia,it,Progetti,,unknown,Valore non mappato: 'Progetti' — aggiungere a categorie.json o assegnare manualmente
a2dc1536-ebd6-4ed2-9f72-22600a16765a,ogni-volta-che-lascio-alfedena,it,Fede e Luce,fede-e-luce,dry,
715eb2e1-3b05-407b-a977-9080f077635f,quante-domande-davanti-a-loro,it,Famiglia,,unknown,Valore non mappato: 'Famiglia' — aggiungere a categorie.json o assegnare manualmente
b8b60b0b-8b54-4417-bb21-87d16961d468,marina-di-camerota-venti-giorni-di-prime-volte,it,Progetti,,unknown,Valore non mappato: 'Progetti' — aggiungere a categorie.json o assegnare manualmente
262d6ff8-5ea0-42b0-8a9d-c1f7f9c308e6,incontro-internazionale-e-nazionale-un-ponte-di-solidarieta-,it,Fede e Luce,fede-e-luce,dry,
43016c19-c1ea-4d3e-bd36-b6419e2bb4b5,campeggio-fede-e-luce-unavventura-di-vita-e-comunita,it,Progetti,,unknown,Valore non mappato: 'Progetti' — aggiungere a categorie.json o assegnare manualmente
ffe27d2d-0026-48e5-9a99-abb9256d1933,fratelli-e-sorelle-di-persone-con-disabilita-una-realta-da-r,it,Famiglia,,unknown,Valore non mappato: 'Famiglia' — aggiungere a categorie.json o assegnare manualmente
62acb75b-68b8-435c-8c15-17bdde7091da,estate-fede-e-luce-1980-la-gioia-di-fare-vacanza-insieme,it,Progetti,,unknown,Valore non mappato: 'Progetti' — aggiungere a categorie.json o assegnare manualmente
3475632f-16a2-4f2b-ab2d-047a556259f3,ci-hanno-scritto-insieme-n-27,it,Famiglia,,unknown,Valore non mappato: 'Famiglia' — aggiungere a categorie.json o assegnare manualmente
8135f53f-a53f-4964-a204-a5d1b372ba10,sia-fatta-la-tua-volonta,it,Fede e Luce,fede-e-luce,dry,
414f49c5-eb9f-494a-b01d-7716268ecdde,un-aiuto-per-il-pellegrinaggio-di-lourdes-1981-chi-puo-darci,it,Fede e Luce,fede-e-luce,dry,
a5e14da6-375d-40a0-ba33-7f4f697af0c2,dopo-di-me-il-diluvio-commedia-musicale-gruppo-fede-luce-san,it,Cultura,cultura,dry,
4d15b09f-1c7e-4769-9e1b-fcbab01edc3c,dal-sostegno-alla-partecipazione-esperienze-di-educazione-in,it,Progetti,,unknown,Valore non mappato: 'Progetti' — aggiungere a categorie.json o assegnare manualmente
4cc9781c-a364-419e-8180-13d2fb26208c,la-dove-tu-ci-vuoi-ogni-giorno,it,Fede e Luce,fede-e-luce,dry,
9af391ae-808b-4272-bdb8-18ba38759bb7,il-loro-credo,it,Fede e Luce,fede-e-luce,dry,
021db852-2230-4f61-b5bb-dc3c599b0306,ci-hanno-scritto-insieme-n-28,it,Famiglia,,unknown,Valore non mappato: 'Famiglia' — aggiungere a categorie.json o assegnare manualmente
08af9f88-4825-4a1e-82bf-c6ecd77fd4da,i-nostri-figli-con-disabilita-a-scuola,it,Progetti,,unknown,Valore non mappato: 'Progetti' — aggiungere a categorie.json o assegnare manualmente
1a4b6fe7-ca00-42bc-89df-e556d0b42688,incontro-internazionale-preparativi-e-spiritualita,it,Fede e Luce,fede-e-luce,dry,
d9ab3bcb-0a03-45b2-9aab-0019419ed99d,la-vendita-di-novembre-impegno-e-solidarieta,it,Fede e Luce,fede-e-luce,dry,
68372a61-52af-43b3-a81b-1f6fa4045dcd,scuola-viva-un-modello-di-inclusione-attiva-per-bambini-con-,it,Progetti,,unknown,Valore non mappato: 'Progetti' — aggiungere a categorie.json o assegnare manualmente
f249f2e1-6094-4f99-914b-18b2b0192e11,vita-fede-e-luce-insieme-n-28,it,Fede e Luce,fede-e-luce,dry,
ce6d27e0-27b5-4f1f-bb88-10f4b9f71ebd,dare-vita-movimento-calore-limportanza-dellanimazione-nelle-,it,Fede e Luce,fede-e-luce,dry,
05f832d9-7876-44ec-a47e-cedab29b12bb,unora-di-musica-con-suor-maria,it,Cultura,cultura,dry,
eab18947-ecf9-4296-ba45-55716b580407,consigli-di-lettura-insieme-n-29,it,Cultura,cultura,dry,
c6e431b1-c270-4f5a-aff3-a1600126f179,perche-un-numero-dedicato-allanimazione,it,Fede e Luce,fede-e-luce,dry,
cd59af0d-6533-4836-aef8-dc467451717f,la-festa-uno-dei-momenti-essenziale-della-comunita-fede-e-lu,it,Fede e Luce,fede-e-luce,dry,
3888cd31-dc51-4a04-8f78-3ba75eb7e28d,comunita-di-fede-e-luce,it,Fede e Luce,fede-e-luce,dry,
1f5c7c0a-c892-4d0c-8e67-9eda8a1fc072,dopo-di-me-il-diluvio-commedia-musicale-del-gruppo-fede-e-lu,it,Cultura,cultura,dry,
1702cd27-8afd-479a-9d05-3d81966a4522,principi-di-azione-per-una-equipe-di-animazione,it,,,skip_null,
3f1772ed-7815-49b4-8c13-b020a8220c22,una-nuova-speranza,it,Fede e Luce,fede-e-luce,dry,
dfab0c50-51b5-4eea-b461-b748b3d8e132,lourdes-1981-giovedi-santo,it,Fede e Luce,fede-e-luce,dry,
66d04bdc-4a30-4857-8b16-be37c14f68d9,jean-vanier-ai-giovani,it,Spiritualità,spiritualita,dry,
f9dcfd36-95d3-4048-bf0f-5eeda4a9788f,in-viaggio-verso-lourdes,it,Fede e Luce,fede-e-luce,dry,
bdab4f5e-d5c8-4e5f-945b-7a642c0f31a8,va-verso-i-tuoi-fratelli-e-di-loro,it,Fede e Luce,fede-e-luce,dry,
cd8aa325-3eff-4dfd-b9a6-7d5d408c0908,buon-natale-1981-e-un-numero-speciale,it,Fede e Luce,fede-e-luce,dry,
47e7e1bf-bb90-4541-93eb-17c5a1691d8f,storia-di-natale,it,Spiritualità,spiritualita,dry,
ca33b27a-813c-4f3a-bbde-97eaa980bf18,voci-dal-pellegrinaggio-lourdes-1981-frammenti-di-vita-e-di-,it,Fede e Luce,fede-e-luce,dry,
5ce3116d-7a06-4123-89d4-4e5fefdcc65d,lourdes-1981-sabato-santo,it,Fede e Luce,fede-e-luce,dry,
3dec1ed1-b0d9-46d6-a04b-34b83b44316d,il-futuro-di-insieme-una-catena-che-diventa-sempre-piu-grand,it,Fede e Luce,fede-e-luce,dry,
a230f9b9-39e5-4a12-a40f-8a0893edbe9a,lourdes-1981-domenica-di-pasqua,it,Fede e Luce,fede-e-luce,dry,
4abd0f4b-34e2-4a44-bef8-6f1ada4b41c6,perche-a-lourdes,it,Spiritualità,spiritualita,dry,
978f36d3-f991-4750-a21c-01fc4e423582,lourdes-1981-venerdi-santo,it,Fede e Luce,fede-e-luce,dry,
3571edee-28d6-4be9-aa78-cfb61ca6f22d,12-con-i-santi,it,Fede e Luce,fede-e-luce,dry,
1d8c36a5-2003-42eb-86ca-0e17f6a1c33d,perche-questo-insieme-speciale,it,Fede e Luce,fede-e-luce,dry,
d1d4058f-799a-446d-8061-6a81612bb109,4-ognuno-ha-il-suo-posto-nella-comunita,it,Fede e Luce,fede-e-luce,dry,
c3575e81-c72a-4f46-9f84-9678a132708e,13-con-maria,it,Spiritualità,spiritualita,dry,
d0051752-a946-45a0-a96b-801566444be1,insieme-in-cammino-tutti-pellegrini,it,Fede e Luce,fede-e-luce,dry,
3ce8dd66-d275-4285-8afa-eb1218f829f9,2-pellegrini-in-comunita,it,Fede e Luce,fede-e-luce,dry,
5f2fed49-9264-43db-a390-a8213ac2b5df,9-nella-preghiera-personale,it,Fede e Luce,fede-e-luce,dry,
feaa2c11-5016-4277-b68e-f68874a4c4b1,10-nella-preghiera-comunitaria,it,Fede e Luce,fede-e-luce,dry,
49129ae1-ac92-4869-8b6b-b6597e9c57a7,7-lo-spirito-santo-dono-di-gesu-risorto,it,Fede e Luce,fede-e-luce,dry,
cc454696-1a57-43e3-a735-321560e4147a,8-nutrirsi-di-gesu-attraverso-la-parola,it,Fede e Luce,fede-e-luce,dry,
d7321009-a1c8-44ef-a32b-515775e99410,16-il-perdono,it,Spiritualità,spiritualita,dry,
c480b751-0a25-4e2e-8e4f-ece3e0a0cf88,5-sono-loro-che-ci-uniscono-e-ci-guidano,it,Fede e Luce,fede-e-luce,dry,
3120ba76-8716-4df7-add5-18d6e53da689,3-in-comunita-accoglienti,it,Fede e Luce,fede-e-luce,dry,
6f77fd2c-dfdc-4cb6-9e73-946b32e20bb0,14-nelleucarestia-venite-a-me,it,Fede e Luce,fede-e-luce,dry,
cbfbcbff-eb28-4d77-bb5d-69eb5226a278,15-nelleucarestia-restate-in-me,it,Fede e Luce,fede-e-luce,dry,
f8ab4dba-5b7e-4abd-ac4f-a0241d4afde2,celebriamo-la-pasqua-1981-nella-comunita-fede-e-luce,it,Fede e Luce,fede-e-luce,dry,
56575c19-7b11-4153-a0fb-9e1fbb791ae7,6-cristo-risorto-fa-di-noi-un-solo-popolo,it,Fede e Luce,fede-e-luce,dry,
dcc8d4cd-1ebb-4ad4-9d47-29dd4ccc4c3f,11-compiendo-la-volonta-del-padre,it,Fede e Luce,fede-e-luce,dry,
d51b4480-3158-472d-803a-27233caa14f5,lettera-di-presentazione-del-cardinale-hume,it,Fede e Luce,fede-e-luce,dry,
3308dd93-2615-4d56-909c-7701fe7f62aa,genitori-di-persone-con-disabilita-nessuno-disturba-nessuno,it,Fede e Luce,fede-e-luce,dry,
baa4a5e6-bee8-4bbb-b5d4-ceecacb97e92,la-lettera-del-papa-wojtyla-en,en,,,skip_null,
2f544934-5737-47bb-b80a-0e3e82487a53,tu-sostieni,it,Fede e Luce,fede-e-luce,dry,
7efcbe4e-d993-4fc7-8cfa-adfef4246f6e,fede-e-luce-domande-e-risposte,it,Fede e Luce,fede-e-luce,dry,
026303bc-82c2-457d-ab14-df380ad82b04,la-lettera-del-papa-wojtyla,it,Fede e Luce,fede-e-luce,dry,
9f951677-89cb-4945-b59a-df5f8e8f65a4,incontro-fra-genitori,it,Fede e Luce,fede-e-luce,dry,
b5d41840-f054-4982-b63b-067966cb3f3e,cosa-e-fede-e-luce-tre-risposte,it,Fede e Luce,fede-e-luce,dry,
810f6a09-78fe-40b6-ba71-a5ff472002b2,gioia-di-essere-sacerdote,it,Fede e Luce,fede-e-luce,dry,
650ccaed-4dcd-4363-b043-7b96e28bb4b1,lorganizzazione-a-fede-e-luce,it,Fede e Luce,fede-e-luce,dry,
d89ab8f5-2595-443d-9a45-fb0d23f67341,three-lives-with-sabina-a-fathers-journey-through-darkness-h,en,Fede e Luce,fede-e-luce,dry,
61e237e5-44c7-4585-8e2c-5ef79b3d6251,avevo-paura,it,Fede e Luce,fede-e-luce,dry,
9cc952f0-93ff-4a3f-831f-9f0648f78ede,i-fratelli-e-le-sorelle-di-persone-con-disabilita,it,Fede e Luce,fede-e-luce,dry,
5c6ae639-241b-4216-8e97-75b198ca51fb,amici-delicati-e-fedeli,it,Fede e Luce,fede-e-luce,dry,
55451f8e-7239-447f-b05b-293f0927cfd8,la-festa-continua,it,Fede e Luce,fede-e-luce,dry,
bf60bedc-fdb2-4436-ad75-60e4fd868195,primo-campeggio-fede-e-luce,it,Fede e Luce,fede-e-luce,dry,
0ff97f78-a245-4722-b2fa-2846884a08df,tre-tappe-nella-mia-vita,it,Fede e Luce,fede-e-luce,dry,
62158bd3-001e-4ffb-bd6b-80783b64d30e,il-posto-della-persona-handicappata-nelle-nostre-comunita,it,Fede e Luce,fede-e-luce,dry,
11f08dda-01be-4961-a41a-ec3ec6f12706,ma-di-sicuro-torna-il-sereno,it,Fede e Luce,fede-e-luce,dry,
cebba4c6-9435-433d-a0aa-10b294935605,scegliere-di-lasciarsi-scegliere,it,Fede e Luce,fede-e-luce,dry,
b261ba2c-d648-48ee-af5d-cd03cab50b50,come-avviare-una-comunita,it,Fede e Luce,fede-e-luce,dry,
7274958f-0acf-4a6b-96b6-989ee9e054d4,ognuno-ha-il-suo-posto-nella-comunita,it,Fede e Luce,fede-e-luce,dry,
7e5189d1-c887-4c8b-99bc-6ab711deedf4,la-festa-a-fede-e-luce,it,Fede e Luce,fede-e-luce,dry,
6dbc6b5d-72c5-4e16-b197-af5247edb7e5,il-pellegrinaggio-a-fede-e-luce,it,Fede e Luce,fede-e-luce,dry,
2a1b9a23-95f3-42a8-a3bf-5ee00647fd4f,fede-e-luce-pasquale,it,Fede e Luce,fede-e-luce,dry,
c65c88f4-fa98-4e95-9d61-8eeacfd49c8a,18-domande-su-fede-e-luce,it,Fede e Luce,fede-e-luce,dry,
92418e84-baa7-4b1d-ba35-bc7cf72b201d,cosa-e-e-come-funziona-una-comunita-fede-e-luce,it,Fede e Luce,fede-e-luce,dry,
947142e7-ef03-46e4-b9bb-21d06422fe8b,dialogo-aperto-n-1,it,Famiglia,,unknown,Valore non mappato: 'Famiglia' — aggiungere a categorie.json o assegnare manualmente
612c6d8e-e3a2-4f45-94c1-e3398b2d9506,darti-la-vita,it,Cultura,cultura,dry,
ecd64465-9008-4f2a-8a68-9b5316016b34,vita-fede-e-luce-n-1,it,Fede e Luce,fede-e-luce,dry,
0b9b285f-1663-40a1-bddd-c133b720fdf4,il-dolore-innocente-un-handicappato-nella-mia-famiglia,it,Cultura,cultura,dry,
424a88e9-37ef-46d6-8cf3-074252ea60a0,il-chicco-una-casa-per-fabio-e-maria,it,Fede e Luce,fede-e-luce,dry,
a7dcb0a5-d70d-4897-94c3-fef26164b845,a-proposito-della-vita-affettiva-dellhandicappato-mentale,it,,,skip_null,
95559245-ba98-4e5d-8bda-dcc733501b58,difficolta-loro-o-nostra,it,Catechesi,,unknown,Valore non mappato: 'Catechesi' — aggiungere a categorie.json o assegnare manualmente
1f8b4102-6f81-463a-b9fa-339c7488eb3c,lesperienza-della-solitudine,it,Famiglia,,unknown,Valore non mappato: 'Famiglia' — aggiungere a categorie.json o assegnare manualmente
24e5b827-60c5-4ca2-b49c-cbf2cf1d763f,ombre-e-luci-n-1-1983-sfogliabile,it,Spiritualità,spiritualita,dry,
5ca17502-ab97-455e-8c83-b92b9e68598c,editoriale-n-1,it,Famiglia,,unknown,Valore non mappato: 'Famiglia' — aggiungere a categorie.json o assegnare manualmente
261fa864-2d32-44aa-8249-a4999201921d,ombre-e-luci,it,Fede e Luce,fede-e-luce,dry,
d189530c-acc1-4c23-9917-c6a1313f7935,leducazione-religiosa-degli-handicappati-nelle-opere-di-henr,it,Cultura,cultura,dry,
6f05ae1f-4af4-4ba7-946b-f0a9a9782945,vita-fede-e-luce-n-2,it,Fede e Luce,fede-e-luce,dry,
2a19a81c-67b3-4685-b915-be15510b0ef4,non-temere,it,Cultura,cultura,dry,
293979d9-7251-4091-a9d4-f69c93c6793e,lassistenza-educativa-al-bambino-con-paralisi-cerebrale-nell,it,Cultura,cultura,dry,
2aaef25f-06cf-44ba-b4e7-4546c8f9df2f,dialogo-aperto-numero-2,it,Famiglia,,unknown,Valore non mappato: 'Famiglia' — aggiungere a categorie.json o assegnare manualmente
ddc043bf-ee02-413c-8512-81421c7ffabc,ombre-e-luci-n-2-1983-sfogliabile,it,Spiritualità,spiritualita,dry,
720baf37-ed28-42c9-b9c5-aa82f848bcb6,egle-bottega-e-sono-rimasta-la-mia-vita-per-il-centro,it,Fede e Luce,fede-e-luce,dry,
a11af852-8363-492f-a7c7-0331127b9513,conoscere-lhandicap-lorenza,it,Famiglia,,unknown,Valore non mappato: 'Famiglia' — aggiungere a categorie.json o assegnare manualmente
16087ec2-941a-497f-b965-9311fc2a448e,vicenza-centro-di-formazione-professionale-dell-opera-france,it,Scuola,,unknown,Valore non mappato: 'Scuola' — aggiungere a categorie.json o assegnare manualmente
7454891a-94f3-4cd4-98c7-991b3dad5b67,intelligenze-prigioniere-intelligences-captives-jacqueline-b,it,Cultura,cultura,dry,
bbcac4f4-0054-4ad5-a419-d5b041e5bba3,la-paralisi-cerebrale-infantile,it,Salute,,unknown,Valore non mappato: 'Salute' — aggiungere a categorie.json o assegnare manualmente
272b7a76-e296-4f92-bd71-9f4d48a4d13c,fermatevi-per-ascoltarci,it,Cultura,cultura,dry,
05686c7b-75ce-4661-a8bd-a391af4cdd32,terapia-con-il-cavallo,it,Tempo libero,,unknown,Valore non mappato: 'Tempo libero' — aggiungere a categorie.json o assegnare manualmente
5e764b8d-6f87-4924-9943-f63559d76cb6,speranza-a-dura-prova,it,Famiglia,,unknown,Valore non mappato: 'Famiglia' — aggiungere a categorie.json o assegnare manualmente
586452f9-0275-429d-8825-39f669a615e2,e-non-disse-nemmeno-una-parola,it,Cultura,cultura,dry,
9e5bc10f-b6ce-4bc4-82a7-8067c239d3f1,quando-il-dolore-bussa-forte,it,Cultura,cultura,dry,
184d4476-b9bd-4782-91aa-2149291266f5,storia-di-un-padre-en,en,,,skip_null,
01754eab-906a-4825-b35b-a69130fbffa7,storia-di-un-padre,it,Cultura,cultura,dry,
8a0b5455-9f1d-427a-8d30-0b7c57630c03,un-caso-di-coscienza,it,Cultura,cultura,dry,
437b29ba-62d9-47c3-b469-7567c3c48075,ombre-e-luci-n-3-1983-sfogliabile,it,Spiritualità,spiritualita,dry,
beff6862-e36d-4de9-b7cb-c35643d62a68,vacanze-con-la-differenza-nel-cuore,it,Tempo libero,,unknown,Valore non mappato: 'Tempo libero' — aggiungere a categorie.json o assegnare manualmente
da1328bb-ec8b-4613-b6fe-485e897abd3e,insieme-si-ma-come,it,Fede e Luce,fede-e-luce,dry,
c0001d20-ec47-4664-898e-d513fdf4c51e,dialogo-aperto-numero-3,it,Famiglia,,unknown,Valore non mappato: 'Famiglia' — aggiungere a categorie.json o assegnare manualmente
b034f66d-a1d2-43e1-bc4f-e403a9dcc4f6,nessuno-aveva-pensato-che-patrick-avrebbe-preso-parte-alla-g,it,Fede e Luce,fede-e-luce,dry,
b4a52c3e-19e9-4f96-bf2c-66f3d4862e2a,vita-fede-e-luce-n-3,it,Fede e Luce,fede-e-luce,dry,
fac2bdd5-5a76-41f8-9234-7609d4a2283f,per-la-prima-volta-lontano-da-me,it,Famiglia,,unknown,Valore non mappato: 'Famiglia' — aggiungere a categorie.json o assegnare manualmente
09bb8253-671c-44ca-98c3-1f36fa63b36e,gli-altri,it,Fede e Luce,fede-e-luce,dry,
630799b8-b420-4fe4-b3cd-7f3bba2e6e36,ogni-luglio-presto-una-casa,it,Progetti,,unknown,Valore non mappato: 'Progetti' — aggiungere a categorie.json o assegnare manualmente
4ddc6659-2e40-437f-91fa-aa16bf727352,con-loro-sono-salito-sul-monte-meta,it,Progetti,,unknown,Valore non mappato: 'Progetti' — aggiungere a categorie.json o assegnare manualmente
658a7561-a915-4b89-99f1-aa3913fd5daa,ed-e-stata-una-vera-vacanza,it,Progetti,,unknown,Valore non mappato: 'Progetti' — aggiungere a categorie.json o assegnare manualmente
052c88ba-51ea-4459-95b1-8ebf9fd72ebd,unaltra-proposta-di-vacanze-con-persone-disabili-i-soggiorni,it,Progetti,,unknown,Valore non mappato: 'Progetti' — aggiungere a categorie.json o assegnare manualmente
6177c5bd-2b18-442b-a7e6-ee178e2d8cca,il-bambino-down-una-guida-per-genitori,it,Cultura,cultura,dry,
39cc9b42-79f7-4f68-a1e4-d982cc6f200e,ombre-e-luci-n-4-1983-sfogliabile,it,Spiritualità,spiritualita,dry,
e2ded77b-c76c-4f22-b044-973fb93d27cd,i-giullari-di-dio-morris-west,it,Cultura,cultura,dry,
781c4a9c-f4b7-4ca2-9ad8-bf076301dfcf,andrea-a-scuola,it,Scuola,,unknown,Valore non mappato: 'Scuola' — aggiungere a categorie.json o assegnare manualmente
d2d4527c-963f-4d7e-9f8d-60a69c56c360,quando-sono-adulti,it,Famiglia,,unknown,Valore non mappato: 'Famiglia' — aggiungere a categorie.json o assegnare manualmente
e14aeba2-9819-4a91-96c0-b57423a13bde,la-debilita-mentale,it,Cultura,cultura,dry,
1d053491-2bdd-48cc-8efe-9143399056e1,meb-pittore-gioioso-le-conquiste-di-un-mongoloide,it,Spiritualità,spiritualita,dry,
d3437d02-edd6-425d-920f-ee3886937b2e,dialogo-aperto-n-4,it,Famiglia,,unknown,Valore non mappato: 'Famiglia' — aggiungere a categorie.json o assegnare manualmente
f76cd21d-1b32-49b3-8aff-af2b2a28083e,il-lavoro-di-gianni,it,Lavoro,,unknown,Valore non mappato: 'Lavoro' — aggiungere a categorie.json o assegnare manualmente
44e2cc5e-8814-4961-9048-dbfb64d562a8,trisomia-21-la-sindrome-down,it,Salute,,unknown,Valore non mappato: 'Salute' — aggiungere a categorie.json o assegnare manualmente
6ff1665d-7f46-4881-ab0b-4aac4f991da6,saverio,it,Famiglia,,unknown,Valore non mappato: 'Famiglia' — aggiungere a categorie.json o assegnare manualmente
1ed8d481-9b00-4d30-ab2e-9ff69f6c7587,vita-fede-e-luce-n-4,it,Fede e Luce,fede-e-luce,dry,
b50a3393-9e8c-4f68-bbdf-12f2ec219e02,quando-la-vita-e-cosi-difficile,it,Famiglia,,unknown,Valore non mappato: 'Famiglia' — aggiungere a categorie.json o assegnare manualmente
60b49afc-5594-4406-a83d-e0473e872e2e,editoriale-4-il-mio-bambino-con-la-sindrome-down,it,Salute,,unknown,Valore non mappato: 'Salute' — aggiungere a categorie.json o assegnare manualmente
731e5b9b-864e-411a-98eb-a868123b2348,dialogo-aperto-n-5,it,Famiglia,,unknown,Valore non mappato: 'Famiglia' — aggiungere a categorie.json o assegnare manualmente
27769b29-f072-4a95-a5b9-70f9a8a82c25,vita-fede-e-luce-n-5,it,Fede e Luce,fede-e-luce,dry,
2e689095-5a02-45da-b00c-ed7f414a6ee7,dare-a-ciascuno-una-voce,it,Cultura,cultura,dry,
5e68e8aa-429a-4315-926c-22de458a42ed,cottolengo-e-don-guanella-pregiudizi-e-realta,it,Famiglia,,unknown,Valore non mappato: 'Famiglia' — aggiungere a categorie.json o assegnare manualmente
1e3d716b-a5eb-4d3c-a1c0-3ca5d867b1f3,lei-non-entra,it,Famiglia,,unknown,Valore non mappato: 'Famiglia' — aggiungere a categorie.json o assegnare manualmente
ad03246e-66d8-48ce-b430-0dc2eeab15ab,nessuno-escluso,it,Spiritualità,spiritualita,dry,
b240cca8-a049-4077-8a88-09253a317088,come-le-altre-domeniche-anna,it,Spiritualità,spiritualita,dry,
b62e2043-c7a5-4db7-b669-7f9911f75814,secondo-le-possibilita-e-secondo-il-vangelo-chiediamo-alle-c,it,Famiglia,,unknown,Valore non mappato: 'Famiglia' — aggiungere a categorie.json o assegnare manualmente
809ddfed-f701-43c3-81fb-002b286e576c,cosa-dirvi-di-piu,it,Spiritualità,spiritualita,dry,
63ce2405-2e03-429a-a1e9-b4901d4df896,basta-la-porta-aperta-domande-in-6-parrocchie,it,Fede e Luce,fede-e-luce,dry,
5ab1ea2d-7a75-410e-a2cc-c8238381b81c,ombre-e-luci-n-5-1984-sfogliabile,it,Spiritualità,spiritualita,dry,
65eb77f2-0c08-4f3d-a97a-a2246b47f6d4,perche-lontano-da-dio,it,Famiglia,,unknown,Valore non mappato: 'Famiglia' — aggiungere a categorie.json o assegnare manualmente
8ac02f52-63cc-4bef-8905-2718cdf9341f,psicosi-infantile-alcuni-consigli-utili,it,Fede e Luce,fede-e-luce,dry,
04474117-46de-4095-b47c-0a19e64706fa,oltre-la-scienza-umanita-e-buon-senso-in-un-centro-per-la-cu,it,Fede e Luce,fede-e-luce,dry,
6f70a248-f466-4e58-b721-04aa4af85e4c,psicosi-precoci-che-cosa-sono,it,Salute,,unknown,Valore non mappato: 'Salute' — aggiungere a categorie.json o assegnare manualmente
18b4ab1a-bf12-45d4-a080-d764d7ee061a,nessun-uomo-e-una-pietra,it,Salute,,unknown,Valore non mappato: 'Salute' — aggiungere a categorie.json o assegnare manualmente
ab7f1e73-0a44-4e81-b281-9aba58321e38,vivere-con-un-bambino-autistico,it,Cultura,cultura,dry,
64f15ed3-0682-4b92-b9e2-e6a164a61a4a,vita-fede-e-luce-n-6,it,Fede e Luce,fede-e-luce,dry,
f9459b95-b456-4f0d-99a1-4ddd794acfb3,oltre-la-scienza-umanita-e-buon-senso-in-un-centro-per-la-cu,en,,,skip_null,
06b30b53-01ed-496d-bde2-217a244760c0,la-legge-sullintegrazione,it,Salute,,unknown,Valore non mappato: 'Salute' — aggiungere a categorie.json o assegnare manualmente
30528160-f530-47a0-9828-fd21dca846ca,e-sempre-stato-rifiutato,it,Famiglia,,unknown,Valore non mappato: 'Famiglia' — aggiungere a categorie.json o assegnare manualmente
81fce0d2-e01d-456d-9017-729eb92bc89c,la-riabilitazione-nella-scuole-ma-la-bambina-non-e-tenuta-in,it,Salute,,unknown,Valore non mappato: 'Salute' — aggiungere a categorie.json o assegnare manualmente
4b5cac7d-b643-4691-9e35-a7ec7d802819,il-mistero-del-bambino-psicotico,it,Salute,,unknown,Valore non mappato: 'Salute' — aggiungere a categorie.json o assegnare manualmente
6d6bed92-f794-4b53-afc6-65a677a27e3b,figlio-mio-non-credo,it,Famiglia,,unknown,Valore non mappato: 'Famiglia' — aggiungere a categorie.json o assegnare manualmente
36840739-dbda-47a9-aa65-76fe36ba0868,ombre-e-luci-n-6-1984-sfogliabile,it,Spiritualità,spiritualita,dry,
74986486-3b0a-4c91-a888-657cb88c80ef,classe-azzurro,it,Scuola,,unknown,Valore non mappato: 'Scuola' — aggiungere a categorie.json o assegnare manualmente
2ec07883-6608-4b4f-8cf9-229523499e4d,dialogo-aperto-n-7,it,Scuola,,unknown,Valore non mappato: 'Scuola' — aggiungere a categorie.json o assegnare manualmente
32c41f9f-6132-447c-bab1-5b2409cdad4e,vita-fede-e-luce-n-7-il-convegno-interazionale,it,Fede e Luce,fede-e-luce,dry,
2323d3bf-9c71-4e97-a7f1-01641c8d8dbc,il-nostro-cucciolo-di-due-metri-storia-di-un-adozione,it,Famiglia,,unknown,Valore non mappato: 'Famiglia' — aggiungere a categorie.json o assegnare manualmente
0432c9c5-8f69-4a0e-af29-1a506b3b8869,li-fece-uomo-e-donna,it,Cultura,cultura,dry,
43a383cc-1e0a-4887-a856-1df0b91ec653,un-uovo-due-uova,it,Scuola,,unknown,Valore non mappato: 'Scuola' — aggiungere a categorie.json o assegnare manualmente
a93ea67d-1236-4bb8-86ab-de9eb8e42b45,casa-jada,it,Famiglia,,unknown,Valore non mappato: 'Famiglia' — aggiungere a categorie.json o assegnare manualmente
96418c1f-7b59-4dae-a690-4aa106174a58,quando-e-volontariato,it,Fede e Luce,fede-e-luce,dry,
375a2035-f0eb-4e93-b2dc-e0971cc748dc,quel-lupo-dentro-noi,it,,,skip_null,
3201ad74-6bc6-4c64-b595-21afbf04795e,integrazione-a-scuola-una-verita-difficile-a-dirsi,it,Scuola,,unknown,Valore non mappato: 'Scuola' — aggiungere a categorie.json o assegnare manualmente
afd4c67e-b402-4b2d-852d-65c97db1bb4d,ombre-e-luci-n-7-1984-sfogliabile,it,Spiritualità,spiritualita,dry,
80d7211d-ef5c-4003-9db8-3d76d3e3d11d,ombre-e-luci-n-8-1984-sfogliabile,it,Spiritualità,spiritualita,dry,
7bc024a2-186a-42b0-8268-57c154309eb4,altri_figli_consigli_per_genitori_bambino_disabile,it,Famiglia,,unknown,Valore non mappato: 'Famiglia' — aggiungere a categorie.json o assegnare manualmente
84d3bac2-76c1-4da6-9e77-2ffe97799946,dialogo-aperto-n-8,it,Scuola,,unknown,Valore non mappato: 'Scuola' — aggiungere a categorie.json o assegnare manualmente
fd993856-2439-4b12-93bd-8b409fb71e01,ritrovarsi-genitore-di-un-bambino-handicappato,it,Famiglia,,unknown,Valore non mappato: 'Famiglia' — aggiungere a categorie.json o assegnare manualmente
d5e70269-295f-4547-8839-b195b9ba4388,ed-era-la-nostra-consolazione,it,Famiglia,,unknown,Valore non mappato: 'Famiglia' — aggiungere a categorie.json o assegnare manualmente
7b0b5708-2a0e-47d5-b008-e60648f9bdab,natale-del-mio-cuore,it,Famiglia,,unknown,Valore non mappato: 'Famiglia' — aggiungere a categorie.json o assegnare manualmente
7bcad11c-344e-4e63-8763-a2f80365932a,so-quel-che-non-bisogna-fare,it,Salute,,unknown,Valore non mappato: 'Salute' — aggiungere a categorie.json o assegnare manualmente
83e67ebf-830b-4bd4-a631-9bca46c61d1a,vita-fede-e-luce-n-8-che-cosa-e-fede-e-luce,it,Fede e Luce,fede-e-luce,dry,
c5769fe8-cfb7-4202-bb65-07f9acea18ad,essere-forti-per-lei,it,Famiglia,,unknown,Valore non mappato: 'Famiglia' — aggiungere a categorie.json o assegnare manualmente
f40fa94d-2f99-45f6-8a9e-e5377a4eaabe,prima-che-sia-tardi,it,Salute,,unknown,Valore non mappato: 'Salute' — aggiungere a categorie.json o assegnare manualmente
118e1aa7-3410-456d-bdeb-f266b3f2612a,le-condizioni-per-una-scuola-cosi,it,Scuola,,unknown,Valore non mappato: 'Scuola' — aggiungere a categorie.json o assegnare manualmente
dc6125e9-f66a-4d91-93a1-bdfa1dae4db4,ombre-e-luci-n-9-1985-sfogliabile,it,Spiritualità,spiritualita,dry,
c2064666-78de-453f-b674-2a027bfaeb89,vita-fede-e-luce-n-9,it,Fede e Luce,fede-e-luce,dry,
72bd7def-3c73-4250-b8d5-72791982868e,dialogo-aperto-n-9,it,Fede e Luce,fede-e-luce,dry,
3150f340-316e-4cee-b8a7-3d96255a5a57,labbe-pierre-una-mano-tesa-agli-emarginati,it,Cultura,cultura,dry,
3c9b3fc4-4199-4702-9273-3786655088aa,la-paura-di-amare-la-persona-handicappata-nella-societa,it,Cultura,cultura,dry,
1f9c42d1-69bc-46a8-879b-29a2c19c99fb,crescere-insieme,it,Fede e Luce,fede-e-luce,dry,
293de8d2-bfed-4d80-b844-d28981948202,ma-dopo-l-incontro-non-li-vedo-piu,it,Famiglia,,unknown,Valore non mappato: 'Famiglia' — aggiungere a categorie.json o assegnare manualmente
155b2404-32bb-4905-b502-4844d54499b4,ho-scelto-mio-fratello,it,Famiglia,,unknown,Valore non mappato: 'Famiglia' — aggiungere a categorie.json o assegnare manualmente
29879bb7-f20b-4d13-b501-891e39c75d46,non-solo-tutto-lanno-ma-tutti-gli-anni,it,Famiglia,,unknown,Valore non mappato: 'Famiglia' — aggiungere a categorie.json o assegnare manualmente
c6c47896-46e1-4059-94a5-d7b0870bd907,care-sorelle-cari-fratelli-vi-scrivo,it,Famiglia,,unknown,Valore non mappato: 'Famiglia' — aggiungere a categorie.json o assegnare manualmente
204dc2f0-8ca8-4472-ba1a-5dc48dbb8403,mio-fratello-era-handicappato,it,Famiglia,,unknown,Valore non mappato: 'Famiglia' — aggiungere a categorie.json o assegnare manualmente
31cab405-2e3c-4e88-b440-aa921274b93b,voci-di-sorelle-e-fratelli,it,Famiglia,,unknown,Valore non mappato: 'Famiglia' — aggiungere a categorie.json o assegnare manualmente
39b875d4-8b74-43bf-b400-51c555c5ef19,forse-per-questo-non-sono-andato-via,it,Famiglia,,unknown,Valore non mappato: 'Famiglia' — aggiungere a categorie.json o assegnare manualmente
3ac19cdd-c955-4667-851e-b7d3a1a67130,piano-piano-notai-che-sergio-era-differente,it,Famiglia,,unknown,Valore non mappato: 'Famiglia' — aggiungere a categorie.json o assegnare manualmente
f4c1d8bd-d94f-4b8f-9f83-a0069ce5eadc,spesso-pero-mi-regala-il-suo-prezioso-sorriso,it,Famiglia,,unknown,Valore non mappato: 'Famiglia' — aggiungere a categorie.json o assegnare manualmente
79424c4e-48cc-4ba8-843c-8b6c7723939a,ombre-e-luci-n-10-1983-sfogliabile,it,Spiritualità,spiritualita,dry,
25fc262f-f889-4b4f-93f9-a4ad16a06843,uomo-e-donna-li-fece-per-una-vita-damore-autentico,it,Cultura,cultura,dry,
4d5d7018-eaaa-497d-a542-5189d3291fec,per-liberarci-dai-tabu-dellepilessia-plus-de-gym-pour-danny,it,Cultura,cultura,dry,
fdf4e62b-aa28-4a23-9472-96c658623816,amo-la-vita-malgrado-tutto,it,Cultura,cultura,dry,
2c86c9bc-0a0b-40fb-b9a1-c164041eb9b7,dialogo-aperto-n-10,it,Fede e Luce,fede-e-luce,dry,
1ddc9904-d2dd-4002-850f-3c26a1131aec,vita-fede-e-luce-n-10-ricordo-di-don-dario,it,Fede e Luce,fede-e-luce,dry,
3294491c-2623-4925-bfc8-4de2e763b7d2,epilessia-una-malattia-che-imprime-un-marchio,it,Salute,,unknown,Valore non mappato: 'Salute' — aggiungere a categorie.json o assegnare manualmente
2b742ac4-8d34-4154-af27-c0f92f134239,epilessia-una-malattia-neurologica-ancora-sconosciuta,it,Salute,,unknown,Valore non mappato: 'Salute' — aggiungere a categorie.json o assegnare manualmente
cd11f0a4-5250-4fb8-9d64-11032c101dc4,esperienze-epilessia-in-famiglia-e-a-scuola,it,Famiglia,,unknown,Valore non mappato: 'Famiglia' — aggiungere a categorie.json o assegnare manualmente
88e57c04-3ecc-4a3c-a55e-2e01382d6b08,vacanza-problema-e-risposte,it,Fede e Luce,fede-e-luce,dry,
c5060be6-d2d6-401e-90a8-c19d5baab606,comunita-e-cooperativa-il-girasole,it,Fede e Luce,fede-e-luce,dry,
144b9230-17bb-4f21-8b47-ebe30a00292f,epilessia-indicazioni-di-primo-intervento,it,Salute,,unknown,Valore non mappato: 'Salute' — aggiungere a categorie.json o assegnare manualmente
502c94c3-3826-4281-9aa5-bb1949b239af,vi-ricordiamo-perche-ombre-e-luci,it,Fede e Luce,fede-e-luce,dry,
4a83f3b3-ef15-4260-bcc9-ebc550d755b5,vita-fede-e-luce-n-11-un-campeggio-rocca-papa-ora-comincia-b,en,,,skip_null,
03a0653f-6efe-4185-9667-e4bf39525c32,vita-fede-e-luce-n-11-un-campeggio-rocca-papa-ora-comincia-b,it,Fede e Luce,fede-e-luce,dry,
eed9fb87-baeb-4720-8831-18ce057f8fa6,ombre-luci-n-11-1985-sfogliabile,it,Spiritualità,spiritualita,dry,
97f06192-00a8-4194-8e53-044dafc00247,la-sfida-dellarca-recensione,it,Cultura,cultura,dry,
9372c093-e49f-47bf-9352-7cec3780a7d2,la-sfida-dellarca,it,Cultura,cultura,dry,
d3a44862-6f92-44fb-9942-fa111cae28d9,la-casa-gino-interessante-colonia-agricola,it,Famiglia,,unknown,Valore non mappato: 'Famiglia' — aggiungere a categorie.json o assegnare manualmente
3fec7ef2-49ef-4b1e-889d-e57eb7e96d74,villa-olmo-abitando-insieme-sette-ragazze-suora,it,Famiglia,,unknown,Valore non mappato: 'Famiglia' — aggiungere a categorie.json o assegnare manualmente
65c84abc-c2c7-4dfb-8379-0f883f83e1b2,villa-pizzone-cancello-aperto,it,Fede e Luce,fede-e-luce,dry,
df43fe6f-ee72-4ba7-92af-f50b3101c505,cascina-nibai-cooperativa-fraternita,it,Famiglia,,unknown,Valore non mappato: 'Famiglia' — aggiungere a categorie.json o assegnare manualmente
86d54604-ce34-4c14-b980-41cb341e5672,come-sogni-il-futuro-dei-tuoi-figli-alcuni-genitori-rispondo,it,Famiglia,,unknown,Valore non mappato: 'Famiglia' — aggiungere a categorie.json o assegnare manualmente
3bcba58c-c762-4c08-89de-8937fc5ac30d,casa-famiglia-sogno-realta,it,Progetti,,unknown,Valore non mappato: 'Progetti' — aggiungere a categorie.json o assegnare manualmente
6c674946-e2aa-43f8-9032-d64bec83c3e8,ombre-luci-n-12-1986-sfogliabile,it,Spiritualità,spiritualita,dry,
0ee9bcb6-969b-4017-8f1d-82e81ed5ca2c,dialogo-aperto-n-12,it,Famiglia,,unknown,Valore non mappato: 'Famiglia' — aggiungere a categorie.json o assegnare manualmente
a5651303-f438-4bfc-8101-fc1380e8fd05,vita-fede-luci-n-12,it,Fede e Luce,fede-e-luce,dry,
d46d0238-2a86-4422-82a1-289dec1c4878,112-suggerimenti-un-corretto-rapporto-gli-handicappati,it,Cultura,cultura,dry,
e93d1442-4286-4bd8-ab7b-1a726500538b,incontro-gesu,it,Cultura,cultura,dry,
1e8f4c46-29d4-46f3-a7f0-7a9eb36aade9,il-bambino-difficile,it,Cultura,cultura,dry,
396de8dd-347b-4667-9dbd-6a2f476f7499,quella-fredda-domenica-dinverno,it,Fede e Luce,fede-e-luce,dry,
ab20ea99-f243-43fe-91c2-ee3cf24991ed,integrazione-non-parola,it,Scuola,,unknown,Valore non mappato: 'Scuola' — aggiungere a categorie.json o assegnare manualmente
9c159b4c-3fbb-4f79-aca8-713eb707caae,il-peso-degli-sguardi,it,Spiritualità,spiritualita,dry,
8115b42b-eaa3-4959-8772-c691c83fd4e4,bocca-ride-ma-occhi-non-buoni,it,Spiritualità,spiritualita,dry,
45eda254-3b9a-4429-b555-c3cd7fe17c7a,natale-a-lubiana,it,Fede e Luce,fede-e-luce,dry,
f922f22b-88ed-4f50-a662-5b81364072a3,ombre-luci-n-13-1986-sfogliabile,it,Spiritualità,spiritualita,dry,
715cb9e6-3fa6-409a-8221-5df2c9806b48,emiliana-e-l-handicap,it,Cultura,cultura,dry,
26b50061-1106-40c5-8680-d144a035d3af,bambino-non-vedente-pluri-minorato,it,Cultura,cultura,dry,
ed0545e0-f698-45e1-be0b-620a009360f2,disabilita-intervento-apprendimento-controllo-degli-sfinteri,it,Cultura,cultura,dry,
aaefe82a-3dc0-479b-9f8d-b27e02b6ea59,il-mio-bambino,it,Cultura,cultura,dry,
56e61a1f-9b79-445b-b26e-730a0fbca1ab,dialogo-aperto-n-13,it,Cultura,cultura,dry,
a50442fd-ff3f-4fb3-a659-6c9a5467a719,vede-sente-parla-le-mani,it,Salute,,unknown,Valore non mappato: 'Salute' — aggiungere a categorie.json o assegnare manualmente
53729ce1-8e5c-4719-ace3-f684083f1456,verdetto-dei-medici,it,Famiglia,,unknown,Valore non mappato: 'Famiglia' — aggiungere a categorie.json o assegnare manualmente
31996e52-8943-49eb-aa2e-c39603e309bf,mio-dio-duro-vivere-nella-prova,it,Famiglia,,unknown,Valore non mappato: 'Famiglia' — aggiungere a categorie.json o assegnare manualmente
2293e815-f06e-4746-aa1c-27a3dce53c0e,un-salsicciotto-tanta-acqua-un-po-coraggio,it,Tempo libero,,unknown,Valore non mappato: 'Tempo libero' — aggiungere a categorie.json o assegnare manualmente
3ea8054e-1da1-4bdc-94f3-5eedeb8715b8,ora-sappiamo-un-senso,it,Fede e Luce,fede-e-luce,dry,
d75736a7-174b-4aa1-bdae-c232d18b1a76,scheda-le-persone-pluri-handicappate,it,Famiglia,,unknown,Valore non mappato: 'Famiglia' — aggiungere a categorie.json o assegnare manualmente
c22133b9-4dc7-4e24-b029-7e943876c2a2,dalla-disperazione-alla-speranza,it,Famiglia,,unknown,Valore non mappato: 'Famiglia' — aggiungere a categorie.json o assegnare manualmente
07934e5d-f1c1-4f7b-98fe-e5bfc683eb28,non-vede-non-sente-non-cammina-non-comunica,it,Famiglia,,unknown,Valore non mappato: 'Famiglia' — aggiungere a categorie.json o assegnare manualmente
6fc7bfef-1347-4d69-8258-fb151a229929,ombre-luci-n-14-1986-sfogliabile,it,Spiritualità,spiritualita,dry,
673c9f3f-8f11-49eb-a483-c2c867ebda1c,alzati-ritrova-la-speranza,it,Fede e Luce,fede-e-luce,dry,
fe3afb0f-f741-43a0-8ed8-b5a1b6d88dab,signore-fa-di-me-uno-strumento-della-tua-pace,it,Fede e Luce,fede-e-luce,dry,
5c830d68-823d-459b-a685-28caca31b7ab,una-grande-profezia,it,Fede e Luce,fede-e-luce,dry,
3930b9f7-b0e1-47a7-8352-075d8b2cd347,scendere-le-scale,it,Fede e Luce,fede-e-luce,dry,
346d55b7-8d0f-4c39-b180-5cbabc5262f2,punti-incontro-servire-giocare-lavorare-riflettere,it,Fede e Luce,fede-e-luce,dry,
244c3333-7adf-42ff-8673-ba4b3a1de43e,visto-visto-tante-cose,it,Fede e Luce,fede-e-luce,dry,
8ecd10e3-01c2-44cd-a973-00282351c6a9,e-una-offerta-unica,it,Fede e Luce,fede-e-luce,dry,
759fc91d-4c81-4a3b-9d81-eca82e6390ac,grazie-san-francesco-venuto-camminare-con-noi,it,Fede e Luce,fede-e-luce,dry,
6bc6f6b8-b92b-48ac-b58a-09710093fc3e,dopo-assisi,it,Fede e Luce,fede-e-luce,dry,
d86b704c-e052-4470-9433-9bd6d7e53b9d,assisi-1986-le-fotografie,it,Fede e Luce,fede-e-luce,dry,
b0eb072f-5508-4f67-90b2-43dc2900a26f,siamo-venuti-ad-assisi-per,it,Fede e Luce,fede-e-luce,dry,
09e265e4-da5e-45ce-afe0-0ba125650507,i-genitori-commentano-le-parole-del-cardinal-martini,it,Fede e Luce,fede-e-luce,dry,
d11a7470-7af1-41c2-990b-b08deb02afc4,perche-si-manifestassero-le-opere-dio,it,Spiritualità,spiritualita,dry,
6eeb2737-43d2-43d1-8dbe-0da7214b8841,perche-uno-speciale,it,Fede e Luce,fede-e-luce,dry,
7568bd57-94f8-4d9e-83bc-cb3ac02f5966,card-martini-alla-comunita-fede-luce,it,Spiritualità,spiritualita,dry,
b2a8e25a-57a1-4655-a2ff-4d1fd5d50e58,tenere-piu-stretta-la-mano-dei-piccoli,it,Fede e Luce,fede-e-luce,dry,
dc7b43be-679a-44ef-bd60-cc17014f221a,quei-tre-giorni-aprile,it,Fede e Luce,fede-e-luce,dry,
eb6da754-873e-408a-84f2-f81b43d070f2,ombre-luci-n-15-1986-sfogliabile,it,Spiritualità,spiritualita,dry,
9d454645-2afb-4142-8aaf-7ae55391e882,dialogo-aperto-n-15,it,Famiglia,,unknown,Valore non mappato: 'Famiglia' — aggiungere a categorie.json o assegnare manualmente
758524ac-a2da-4c0e-8d21-adcc3e72655e,vita-fede-luce-n-15,it,Fede e Luce,fede-e-luce,dry,
81e7d2ac-ae0d-4984-bcf2-c46ccb318db7,mary-mount-settimane-al-sole,it,Fede e Luce,fede-e-luce,dry,
d1ea6c52-0576-4175-bed2-b34b9c5c4b40,un-risveglio-religioso-dei-piu-handicappati,it,Catechesi,,unknown,Valore non mappato: 'Catechesi' — aggiungere a categorie.json o assegnare manualmente
2131ebc6-7c5e-46fa-a544-bee1a52b5be5,casa-sacra-famiglia,it,Fede e Luce,fede-e-luce,dry,
913758d5-b93b-43bf-926d-5b2bc6bd3048,la-fortuna-di-avere-daniela-lettera-di-una-mamma,it,Famiglia,,unknown,Valore non mappato: 'Famiglia' — aggiungere a categorie.json o assegnare manualmente
68bdee70-8845-495d-a86b-eacfb4cb0aff,non-si-muovono,it,Famiglia,,unknown,Valore non mappato: 'Famiglia' — aggiungere a categorie.json o assegnare manualmente
4a726f57-993b-48b3-bfe6-aa3b0d0d3823,ombre-luci-n-16-1986-sfogliabile,it,Spiritualità,spiritualita,dry,
0674f90d-6555-43ea-ac9c-86e88d65f3b1,dialogo-aperto-n-16,it,Fede e Luce,fede-e-luce,dry,
1b82b5b0-1766-4e52-bd19-d59ccfb65955,vita-fede-luce-n-16-corso-formazione-ilkley,it,Fede e Luce,fede-e-luce,dry,
0b598562-5f7d-4bb6-a270-167e85fb102c,vivere-lultimo-istante,it,Cultura,cultura,dry,
94b7e70b-7b4e-4bad-b3fd-633437358c8e,quando-arrivano-fatti-coraggio,it,Cultura,cultura,dry,
20c33b80-4e33-419c-8b47-e192660167c3,come-i-cerchi-nellacqua,it,Cultura,cultura,dry,
97b2c8e2-f8d0-4353-a070-3ba13d03b8f9,convento-una-seconda-famiglia-per-giampiero,it,Famiglia,,unknown,Valore non mappato: 'Famiglia' — aggiungere a categorie.json o assegnare manualmente
08773ce7-76ac-4d04-8382-b7ad8c34459d,vederli-migliorare,it,Lavoro,,unknown,Valore non mappato: 'Lavoro' — aggiungere a categorie.json o assegnare manualmente
02fce70b-2ebc-458e-b68b-e44e7b1bbda3,ora-che-sono-sola-non-sono-piu-sola,it,Fede e Luce,fede-e-luce,dry,
abf12144-5c97-409a-85a8-ad8d03be029a,lo-zio-jurgens,it,Famiglia,,unknown,Valore non mappato: 'Famiglia' — aggiungere a categorie.json o assegnare manualmente
6c62f7b6-c9e6-4ce2-a79f-68ce58b46718,prepariamolo-vivere-con-gli-altri,it,Famiglia,,unknown,Valore non mappato: 'Famiglia' — aggiungere a categorie.json o assegnare manualmente
d909657a-9578-4cb7-bdc0-0809b401d0b3,perche-ho-dato-una-mano,it,Fede e Luce,fede-e-luce,dry,
e8249062-3d79-43bb-997e-54c9825f8c9c,festa-in-casa-con-lui,it,Famiglia,,unknown,Valore non mappato: 'Famiglia' — aggiungere a categorie.json o assegnare manualmente
2a379c88-7b08-417f-b824-075f8f1e96d8,tutto-quello-che-ha-fatto-per-noi,it,Famiglia,,unknown,Valore non mappato: 'Famiglia' — aggiungere a categorie.json o assegnare manualmente
aeda4c01-7b0c-473a-b58b-8f32298677e2,tenere-la-porta-aperta,it,Famiglia,,unknown,Valore non mappato: 'Famiglia' — aggiungere a categorie.json o assegnare manualmente
18ec63b5-e8ef-4b73-a84a-17c6dbeefdb2,non-ha-piu-sedici-anni,it,Famiglia,,unknown,Valore non mappato: 'Famiglia' — aggiungere a categorie.json o assegnare manualmente
d31eec01-0e90-46b1-aa35-ca4873756610,maschio-e-femmina-li-creo,it,,,skip_null,
8e739a04-3283-49e9-9e74-80838780deba,cose-un-handicap-non-lo-so,it,Famiglia,,unknown,Valore non mappato: 'Famiglia' — aggiungere a categorie.json o assegnare manualmente
903c08fc-4e35-45fe-84db-6fc01b375285,teresa-una-storia-di-lavoro-integrato,it,Famiglia,,unknown,Valore non mappato: 'Famiglia' — aggiungere a categorie.json o assegnare manualmente
00b855b4-1b94-4815-b2ca-e23479dad816,crescere-con-il-lavoro,it,Famiglia,,unknown,Valore non mappato: 'Famiglia' — aggiungere a categorie.json o assegnare manualmente
e29cbf26-249a-4cad-942a-b5bce970a438,questa-casa-famiglia-e-una-risposta,it,Famiglia,,unknown,Valore non mappato: 'Famiglia' — aggiungere a categorie.json o assegnare manualmente
e69cde6d-679c-4768-9475-84d89f8d06f2,crescere-con-il-lavoro-en,en,,,skip_null,
0f10224a-0082-4e33-9a5c-7a3bb607a57d,dialogo-aperto-n-17,it,Fede e Luce,fede-e-luce,dry,
96e2631b-6bf1-4520-a0de-ddca64afe6fe,ombre-luci-n-17-1987-sfogliabile,it,Spiritualità,spiritualita,dry,
f2509766-ceb2-4f50-a799-226978d326f0,dialogo-aperto-n-18,it,Salute,,unknown,Valore non mappato: 'Salute' — aggiungere a categorie.json o assegnare manualmente
799708c3-244f-4ea1-ba0c-306a4f90e766,bibliografia-italiana-sui-disturbi-delludito-del-linguaggio,it,Cultura,cultura,dry,
500e4b8c-7127-4c04-8e69-fb63c29c49c3,rivista-hd-problemi-comportamentali-le-strategie-dintervento,it,Cultura,cultura,dry,
8635e0d6-36ea-47e9-9bc2-c51904556653,vita-fede-luce-n-18,it,Fede e Luce,fede-e-luce,dry,
11482711-1056-47ed-bb3f-67b0fb4ea43c,bambino-giocava-la-luna,it,Cultura,cultura,dry,
cac2289e-190d-4ed3-816f-224dd34d52ae,handicap-e-scautismo,it,Cultura,cultura,dry,
7ae2cd4b-ea97-4d85-b0fe-d909369493df,un-prete-balordi,it,Cultura,cultura,dry,
1cfac70a-ca37-4c4e-8580-ae7527a8ae1c,fame-di-normalita,it,Fede e Luce,fede-e-luce,dry,
f52794bb-a6f3-4a06-a48f-f142672b86d5,posso-insegnargli-qualcosa,it,Educazione e Formazione,,unknown,Valore non mappato: 'Educazione e Formazione' — aggiungere a categorie.json o assegnare manualmente
46e0882b-a33e-4dcc-b7da-c3182e730d2c,vedendo-pensava-dentro,it,Spiritualità,spiritualita,dry,
1e70f7f9-0c38-4bbc-989b-a8f63405c2e0,dal-diario-di-un-insegnante,it,Scuola,,unknown,Valore non mappato: 'Scuola' — aggiungere a categorie.json o assegnare manualmente
c44bc36b-954a-4825-bfaf-732bd5938830,parla-senza-parole,it,Cultura,cultura,dry,
be8470a0-131b-48d1-a04c-ad2c91af3f8a,ombre-luci-n-18-1987-sfogliabile,it,Spiritualità,spiritualita,dry,
def15807-4190-4f17-8b78-36e06750dd5d,non-so-come-ne-a-chi-dirlo,it,Cultura,cultura,dry,
979071db-58b1-41a2-830b-345794166e43,dialogo-aperto-n-19,it,Famiglia,,unknown,Valore non mappato: 'Famiglia' — aggiungere a categorie.json o assegnare manualmente
99291dc8-e5f7-4c43-9314-ddd83cc66cfb,vita-fede-luce-19,it,Fede e Luce,fede-e-luce,dry,
a1b9a6f6-92bf-44f1-8206-41b62d8cfcdb,pedagogia-della-fede,it,Cultura,cultura,dry,
edb5316a-e4d5-4542-b1db-aef969adb359,un-figlio-cinque-giorni,it,Cultura,cultura,dry,
9e79e056-9e7c-472b-bfbe-7a445c3f69a8,danzero-per-te,it,Cultura,cultura,dry,
b9227437-5703-4ba6-a8f9-a621728fed76,animare-un-gruppo,it,Cultura,cultura,dry,
a5e99be3-0cb5-4a2b-92c7-d8ae321d19d5,tutte-le-sabine-del-mondo,it,Cultura,cultura,dry,
1186e7f9-f8c7-41c0-98aa-a8dbce8a277f,forza-venite-gente-en,en,,,skip_null,
01985697-2281-4344-885a-fcad8f84de16,forza-venite-gente,it,Spiritualità,spiritualita,dry,
368d88bb-2267-4c7d-a51f-e1ca0e53cd71,suonare-chitarra-ragazzi-down,it,Salute,,unknown,Valore non mappato: 'Salute' — aggiungere a categorie.json o assegnare manualmente
cde4000b-7486-47db-b378-47d104ae41d7,la-persona-con-disabilita-come-fonte-di-unita-nella-chiesa,it,Catechesi,,unknown,Valore non mappato: 'Catechesi' — aggiungere a categorie.json o assegnare manualmente
fb3c74ea-a2a6-43d2-b512-6cd22829c6c7,non-vedo-le-meraviglie-dio-le-canto,it,Famiglia,,unknown,Valore non mappato: 'Famiglia' — aggiungere a categorie.json o assegnare manualmente
f3ff1daa-c3c6-481e-acb0-26b0a1ba49a1,una-lettera-per-te,it,Fede e Luce,fede-e-luce,dry,
3231b4eb-ccc6-44c1-a35f-533f2ca58535,nome-tutti-miei,it,Cultura,cultura,dry,
e6ced60c-e53a-4a4e-82ff-022cfde8e252,handicap-comunita-cristiana-un-esperienza-spunti-pastorale-g,it,Cultura,cultura,dry,
70a9df14-3fe8-4a2c-8ba5-1724abe30e10,dialogo-aperto-n-20,it,Fede e Luce,fede-e-luce,dry,
49a6984a-26d1-46df-94e5-c5358501c8cd,vita-fede-luce-n-20,it,Fede e Luce,fede-e-luce,dry,
96c3550c-75ec-4f51-bfd5-1b62a76402c4,che-cosa-e-larche,it,Progetti,,unknown,Valore non mappato: 'Progetti' — aggiungere a categorie.json o assegnare manualmente
09fec868-4e83-40ff-b5a4-729affa11dfe,chicco-casa-famiglia-dellarche,it,Fede e Luce,fede-e-luce,dry,
6a0f80f0-bbff-42e0-8dd2-ad526f1bcd8c,con-suo-padre,it,Famiglia,,unknown,Valore non mappato: 'Famiglia' — aggiungere a categorie.json o assegnare manualmente
1329baa8-41f5-48d0-b51d-d62e1bc83780,umili-gesti-tutta-vita,it,Famiglia,,unknown,Valore non mappato: 'Famiglia' — aggiungere a categorie.json o assegnare manualmente
e6ca5680-6888-4852-9905-68eae5306050,atteso-braccia-aperte,it,Famiglia,,unknown,Valore non mappato: 'Famiglia' — aggiungere a categorie.json o assegnare manualmente
d338d356-b687-4fd3-9b18-3e8b436a3a16,il-padre-assente,it,Famiglia,,unknown,Valore non mappato: 'Famiglia' — aggiungere a categorie.json o assegnare manualmente
35f24137-19d8-4f8a-818c-7ad21ae540e8,quanti-sanno,it,Famiglia,,unknown,Valore non mappato: 'Famiglia' — aggiungere a categorie.json o assegnare manualmente
ead484e2-505c-4286-a54d-ffe323033449,sono-il-papa-di-francesca,it,Famiglia,,unknown,Valore non mappato: 'Famiglia' — aggiungere a categorie.json o assegnare manualmente
93d081f7-c691-4095-a86d-6ea19a0828d5,basta-poco-non-farci-sentire-soli,it,Spiritualità,spiritualita,dry,
760d7de3-fae7-4b07-ab2d-e942d7202e27,risultato-dellinchiesta-aiutaci-migliorare-ombre-luci,it,Fede e Luce,fede-e-luce,dry,
813253c8-a265-4505-ad9b-50b0a66d39e2,comunita-terapeutica-primavalle,it,Fede e Luce,fede-e-luce,dry,
aa1c1457-0c71-44d3-89b2-2e5b8f6ead65,dialogo-aperto-n-21,it,Salute,,unknown,Valore non mappato: 'Salute' — aggiungere a categorie.json o assegnare manualmente
ab6e01b0-5c18-4fd4-ab66-b98f04d612ad,la-mamma-anche-unaltra-persona,it,Famiglia,,unknown,Valore non mappato: 'Famiglia' — aggiungere a categorie.json o assegnare manualmente
2bee1c21-198f-4bb0-987c-6d7a8dd477aa,villa-san-giovanni-di-dio,it,Fede e Luce,fede-e-luce,dry,
ab1ca9cb-908b-49d5-9e62-5f36b4c7aa05,dove-come-vivono-persone-colpite-malattia-mentale,it,Fede e Luce,fede-e-luce,dry,
77e5900e-b7c5-4f3a-9af2-71d76094c971,bloccati-nel-sogno,it,,,skip_null,
d79dc308-c8bc-4b26-a9c3-a54393debd18,cosa-detto-papa-sullepilessia,it,Spiritualità,spiritualita,dry,
a45e4b32-16f5-4cac-b89b-cdc4d213c248,addomesticare-la-malattia-mentale,it,Famiglia,,unknown,Valore non mappato: 'Famiglia' — aggiungere a categorie.json o assegnare manualmente
c3f100fb-2300-4d95-be5d-977bf736b195,la-malattia-mentale,it,Salute,,unknown,Valore non mappato: 'Salute' — aggiungere a categorie.json o assegnare manualmente
62757b1a-870f-4362-99c5-4b59f4676bc1,saverio-nostro-fratello,it,Famiglia,,unknown,Valore non mappato: 'Famiglia' — aggiungere a categorie.json o assegnare manualmente
a400bb59-fd5b-401e-8f2d-94b96ea0a676,barriere-di-carta,it,Cultura,cultura,dry,
ea052bbf-c3e9-403b-846d-0685ae7a03b3,madre-e-handicap,it,Cultura,cultura,dry,
acbb8dc1-da62-4653-b8d8-cda45b7d02dc,dialogo-aperto-n-22,it,Cultura,cultura,dry,
d625f9e2-1ab2-4934-bda8-832b13621cbf,come-fare-festa,it,Progetti,,unknown,Valore non mappato: 'Progetti' — aggiungere a categorie.json o assegnare manualmente
3838c023-5c2e-4b2a-a863-9db95914f16f,libri-per-giocare,it,Cultura,cultura,dry,
fb01fafb-cb06-4bae-9225-e8e7e0430fc6,scuola-ricamo-imparare-divertendoci,it,Progetti,,unknown,Valore non mappato: 'Progetti' — aggiungere a categorie.json o assegnare manualmente
cdd207fc-b9f4-418b-a799-05cc26535cf4,fare-teatro-persone-disabili,it,Progetti,,unknown,Valore non mappato: 'Progetti' — aggiungere a categorie.json o assegnare manualmente
50df621a-1347-464a-bf1e-bcd6d5dc0dc5,lavorando-insieme-un-pomeriggio-chiamato-laboratorio,it,Progetti,,unknown,Valore non mappato: 'Progetti' — aggiungere a categorie.json o assegnare manualmente
b3a89c4f-b444-4cd0-9ea8-e0acc6c6a079,libri-lavoretti-manuali,it,Cultura,cultura,dry,
34b4a5dc-178a-4d1a-bdb3-fdea0e2428b3,poco-tanto-tutti-stanno-meglio-la-danza,it,Progetti,,unknown,Valore non mappato: 'Progetti' — aggiungere a categorie.json o assegnare manualmente
066e2e2e-8703-4bf3-b8ab-97692a13cc3d,un-cerchio-simbolo-incontro-unita,it,Fede e Luce,fede-e-luce,dry,
1542a949-fe70-4d61-b338-50ebc1c88952,non-piu-sedici-anni-realta-bisogni-dellhandicappato-diventa-,it,Cultura,cultura,dry,
6fa943a9-2d67-4f26-8aeb-b6cabe9c26b8,diritto-alla-festa,it,Cultura,cultura,dry,
ae935619-ee5f-43ca-82bc-f5e265b4b474,diaologo-aperto-n-23,it,Fede e Luce,fede-e-luce,dry,
6e862138-a0aa-48a3-822d-2297dae2c31c,leducazione-religiosa-alla-fede-dei-nostri-figli-handicap-me,it,Catechesi,,unknown,Valore non mappato: 'Catechesi' — aggiungere a categorie.json o assegnare manualmente
59160ca9-e5d4-41e9-9057-deb9e7c1d975,cosa-puo-la-comunita-parrocchiale-le-persone-disabilita,it,Catechesi,,unknown,Valore non mappato: 'Catechesi' — aggiungere a categorie.json o assegnare manualmente
9c10ef97-995e-4b30-b0a8-3a6e3a6094c1,leducazione-religiosa-degli-handicappati-mentali,it,Cultura,cultura,dry,
1486b446-cc05-4fd6-8b98-fb1b7769bdc6,a-braccia-aperte,it,Famiglia,,unknown,Valore non mappato: 'Famiglia' — aggiungere a categorie.json o assegnare manualmente
5230cd2b-b64a-480e-8fca-059b9ca39748,vita-fede-luce-n-23,it,Fede e Luce,fede-e-luce,dry,
24d0b6f9-93f7-49d7-b9e6-b35c51cfcebf,come-fare-leducazione-religiosa,it,Catechesi,,unknown,Valore non mappato: 'Catechesi' — aggiungere a categorie.json o assegnare manualmente
86e74c85-fae2-40bd-9b5d-4f3f2b35bae2,posto-mia-figlia-nella-chiesa,it,Catechesi,,unknown,Valore non mappato: 'Catechesi' — aggiungere a categorie.json o assegnare manualmente
b3a58ee2-5dae-41b6-9f8d-72ba441548f1,farci-servizi-perche-alla-cresima-la-cugina-accattava-giovan,it,Catechesi,,unknown,Valore non mappato: 'Catechesi' — aggiungere a categorie.json o assegnare manualmente
2d4819ed-e4b8-4e34-8cd7-61a3927c1e09,aspetto-ci-accorgessimo,it,Catechesi,,unknown,Valore non mappato: 'Catechesi' — aggiungere a categorie.json o assegnare manualmente
203d6a48-edf2-4f44-8af6-3d60327b16c2,aspetto-ci-accorgessimo-2,it,Spiritualità,spiritualita,dry,
37934758-78d0-4124-8764-858e81bc75e8,dialogo-aperto-n-24,it,Fede e Luce,fede-e-luce,dry,
5a2a60d9-2ef7-43f3-bc36-9bfd0d4a8923,casa-del-sole-casa-della-serenita,it,Progetti,,unknown,Valore non mappato: 'Progetti' — aggiungere a categorie.json o assegnare manualmente
246e9dc7-8ab0-4a1e-b971-783c9ad3a301,comportarvi-incontrate-persona-portatrice-handicap,it,Famiglia,,unknown,Valore non mappato: 'Famiglia' — aggiungere a categorie.json o assegnare manualmente
7a0c4438-41d9-4f43-8529-a01546a0d424,perche-cambiata-la-mia-vita,it,Fede e Luce,fede-e-luce,dry,
d6ae6ecb-93d6-4078-9a44-673f6895afbf,un-cammino-insieme,it,Fede e Luce,fede-e-luce,dry,
e20d6ad1-8f05-48ce-993d-dfd3dd1045ef,buone-abitudini-sara-piu-accettato,it,Famiglia,,unknown,Valore non mappato: 'Famiglia' — aggiungere a categorie.json o assegnare manualmente
377cb831-8331-4f51-b7c0-98a5505d5568,paolo-e-chiara,it,Famiglia,,unknown,Valore non mappato: 'Famiglia' — aggiungere a categorie.json o assegnare manualmente
da93ad4f-75f4-4823-95e1-02519714ba62,dalla-scuola-amore,it,Scuola,,unknown,Valore non mappato: 'Scuola' — aggiungere a categorie.json o assegnare manualmente
5c5a737d-c1ea-4d8f-8814-0cff4fef136c,non-solo-leggere,it,Fede e Luce,fede-e-luce,dry,
b08b0922-7d3b-476d-8f2d-7ad302201878,dialogo-aperto-n-27,it,Progetti,,unknown,Valore non mappato: 'Progetti' — aggiungere a categorie.json o assegnare manualmente
91501a55-3261-4afd-846e-31b6ac82bfbe,aiutami-a-giocare,it,Cultura,cultura,dry,
3b1560e9-f53b-4c28-b3ad-8a6d964a579e,dialogo-aperto,it,Fede e Luce,fede-e-luce,dry,
99c841b1-db59-4065-afa3-4f2f99e05c4f,vita-fede-luce-n-25,it,Fede e Luce,fede-e-luce,dry,
e511bb02-fd9e-489e-a25b-796f3247a409,attivita-creative,it,Cultura,cultura,dry,
dfb21f68-e4ea-420d-be80-993c1f0e8aee,persone-handicap-nella-parrocchia-le-risposte-dei-parroci,it,Fede e Luce,fede-e-luce,dry,
f1d1402a-d895-4f22-a5d6-345af58be8b6,guardavano-guardavano,it,Fede e Luce,fede-e-luce,dry,
b2738281-e976-45d3-ba34-fcf9a3e6a412,la-sindrome-down-un-aiuto-gli-educatori-genitori,it,Cultura,cultura,dry,
e12baeeb-e453-4358-b07e-4b466f13c3eb,si-organizza-un-campeggio-fede-luce,it,Fede e Luce,fede-e-luce,dry,
4b3edb53-9032-4884-adac-7f78bbf375c3,tante-bellissime-cose,it,Fede e Luce,fede-e-luce,dry,
45c49b41-541e-47dd-bcc2-c2fe04a1b4c2,allora-si-parte,it,Famiglia,,unknown,Valore non mappato: 'Famiglia' — aggiungere a categorie.json o assegnare manualmente
157494e7-0367-4fd8-ae0b-4403db0d0758,voglio-mostrarvi-strada,it,Fede e Luce,fede-e-luce,dry,
0ab0e8ef-64f9-4b99-8a6b-beafa2ede9a9,al-tepore-un-amore-semplice,it,Fede e Luce,fede-e-luce,dry,
0ccfd850-8f78-40ed-9278-7ce04934ab6c,e-pagano-pure,it,Tempo libero,,unknown,Valore non mappato: 'Tempo libero' — aggiungere a categorie.json o assegnare manualmente
6858b7ec-6641-441d-a83c-9ff7abbafb95,altri-consigli-lettura,it,Cultura,cultura,dry,
d5dc529a-07d3-49e4-8f60-81452fafb777,un-lungo-cammino,it,Cultura,cultura,dry,
ccd1cd65-5cf8-4162-b1d0-a43ec9b3e845,schema-organizzazione-giochi-olimpici,it,Progetti,,unknown,Valore non mappato: 'Progetti' — aggiungere a categorie.json o assegnare manualmente
4a5cdff5-52e3-4ae1-b79c-285ff9793945,perceval-un-luogo-vivere-imparare-vivere,it,Progetti,,unknown,Valore non mappato: 'Progetti' — aggiungere a categorie.json o assegnare manualmente
4d4a87cd-dc2d-481c-99df-0bb057bf7653,amici-nonostante-la-guerra,it,Cultura,cultura,dry,
8a102bca-b5ef-4e29-b8fb-d515d5fd4d15,comportarsi-le-persone-cieche,it,Cultura,cultura,dry,
c28da680-9060-4680-ba13-e17bda4bb4e4,parlano-senza-parole,it,Progetti,,unknown,Valore non mappato: 'Progetti' — aggiungere a categorie.json o assegnare manualmente
94dcf0ea-9eb5-47b1-9af5-a159c890589b,conoscere-handicap-autismo,it,Salute,,unknown,Valore non mappato: 'Salute' — aggiungere a categorie.json o assegnare manualmente
bf831251-b427-4a30-92c1-393abcf40db0,vita-fede-luce-n-26,it,Progetti,,unknown,Valore non mappato: 'Progetti' — aggiungere a categorie.json o assegnare manualmente
47ecccea-6ef1-4953-a45d-b17d70ac65d9,aiutarlo-diventare-un-uomo,it,Salute,,unknown,Valore non mappato: 'Salute' — aggiungere a categorie.json o assegnare manualmente
d5b5d70b-e72a-4a79-932a-7acb205f28b9,sara-bellissima-festa,it,Cultura,cultura,dry,
d395736f-7b78-474b-aba0-66f433a6f29a,dialogo-aperto-n-26,it,Fede e Luce,fede-e-luce,dry,
3b982e8e-15ac-4951-b092-3f78dc3b1138,il-bambino-con-epilessia,it,Cultura,cultura,dry,
babda0d4-4faf-420d-91f8-331cc5804cb3,laltra-gente-convivere-con-lhandicap,it,Cultura,cultura,dry,
95e5e8c1-3fb8-4f64-a654-df7389a39f8c,la-storia-di-angelica-en,en,,,skip_null,
c59bc5c9-e000-421f-a75e-47d43fa7ee63,dal-silenzio-alla-comunicazione,it,Scuola,,unknown,Valore non mappato: 'Scuola' — aggiungere a categorie.json o assegnare manualmente
59f4b58a-1592-411e-a86c-994745a226de,cooperativa-spazio-aperto,it,Progetti,,unknown,Valore non mappato: 'Progetti' — aggiungere a categorie.json o assegnare manualmente
f9263d96-c8c4-4b53-a8bc-f2a30ac076b7,come-ascoltare-veramente,it,Cultura,cultura,dry,
5ae61626-f97c-4791-b63c-d7c19566393f,vita-fede-e-luce-n-27,it,Fede e Luce,fede-e-luce,dry,
58c53b8b-065e-42c2-8711-f630bc22e71d,a-tavola-con-una-persona-sorda,it,Famiglia,,unknown,Valore non mappato: 'Famiglia' — aggiungere a categorie.json o assegnare manualmente
0de652c9-5add-44c5-937d-e7be9ad875b7,ho-fratello-e-sorella-sordi,it,Famiglia,,unknown,Valore non mappato: 'Famiglia' — aggiungere a categorie.json o assegnare manualmente
059f9fbf-7d78-4a48-a6b9-f34453b6baa7,la-storia-di-angelica,it,Cultura,cultura,dry,
84171e4c-4526-41a7-b3cb-f9b69690ccff,come-parlare-a-una-persona-sorda,it,Cultura,cultura,dry,
c2f8cbc2-dffa-4964-b69e-b5b8e941580f,come-riconoscere-la-sordita-infantile,it,Cultura,cultura,dry,
1c206c15-7fd8-4aa9-871e-2242fefd4bfd,anche-se-non-ho-voce-anche-se-non-sento,it,Cultura,cultura,dry,
a27a4ec8-44f1-4041-87fe-b8980d1ae499,non-sempre-facile-sorella,it,Salute,,unknown,Valore non mappato: 'Salute' — aggiungere a categorie.json o assegnare manualmente
f4b94631-9f06-4835-b3a8-fde9f4214e80,ho-visto-rainman,it,Cultura,cultura,dry,
b4a7bcc5-d63f-40a6-bf5c-b97f288876af,da-dove-cominciare,it,Famiglia,,unknown,Valore non mappato: 'Famiglia' — aggiungere a categorie.json o assegnare manualmente
55c1d6ba-46b4-4af2-bef0-32528ca0b594,dialogo-aperto-n-28,it,Famiglia,,unknown,Valore non mappato: 'Famiglia' — aggiungere a categorie.json o assegnare manualmente
59690172-a15d-482a-9856-f63571ad90f7,mangiare-insieme-en,en,,,skip_null,
830ac9a1-a030-4ad1-b7f9-8688ea276651,buon-natale-anche-a-te,it,Famiglia,,unknown,Valore non mappato: 'Famiglia' — aggiungere a categorie.json o assegnare manualmente
20b18b5b-9b46-4530-9390-7c71c7c8ee99,le-case-della-carita,it,Progetti,,unknown,Valore non mappato: 'Progetti' — aggiungere a categorie.json o assegnare manualmente
2c54f5b0-4735-4201-8ef3-8d60a8d31bdc,vita-fede-e-luce-n-28,it,Fede e Luce,fede-e-luce,dry,
c76e9166-5608-4668-acc9-75fa0f7563d0,il-bambino-che-non-vuol-mangiare,it,Spiritualità,spiritualita,dry,
30c93b4a-2c5b-4094-83cc-5e38e5d3c080,dove-se-non-in-chiesa,it,Catechesi,,unknown,Valore non mappato: 'Catechesi' — aggiungere a categorie.json o assegnare manualmente
e584dec4-e348-4b07-852c-2983a4e14f59,un-grande-progetto-a-piccoli-passi,it,Famiglia,,unknown,Valore non mappato: 'Famiglia' — aggiungere a categorie.json o assegnare manualmente
bd9b6263-d1ca-445c-a763-f7e637623d5b,i-pasti-di-francesca-un-rito-e-una-avventura,it,Famiglia,,unknown,Valore non mappato: 'Famiglia' — aggiungere a categorie.json o assegnare manualmente
00f4b82f-7f43-4f70-b89c-3c02257161e6,mangiare-insieme,it,Fede e Luce,fede-e-luce,dry,
6bc3d070-9f30-483a-8ba5-8bdd3be6db2f,per-insegnare-bisogna-saper-osservare,it,Cultura,cultura,dry,
f378f99c-f081-4966-8706-aac6cfc904b0,corso-per-corrispondenza-per-genitori-di-bambini-down,it,Cultura,cultura,dry,
0fab7d0e-8c31-4ca0-951b-b92fe7ec02f8,jean-vanier-un-profeta-del-nostro-tempo,it,Cultura,cultura,dry,
2051e000-9774-4355-8bf9-43422c5ddd44,radiografia-di-ombre-e-luci,it,Fede e Luce,fede-e-luce,dry,
96f992aa-5000-4302-a932-a89fb403fedc,bambini-autistici-scuola,it,Salute,,unknown,Valore non mappato: 'Salute' — aggiungere a categorie.json o assegnare manualmente
9feaa42e-de28-4985-882f-af8bc7b811f8,vita-fede-e-luce-n-29,it,Fede e Luce,fede-e-luce,dry,
81bdd80d-ee13-475f-a143-800aeb5e2c6b,sentivo-crescere-la-mia-responsabilita,it,Famiglia,,unknown,Valore non mappato: 'Famiglia' — aggiungere a categorie.json o assegnare manualmente
6b19b2d6-a9b9-4a9c-ab14-340be7232d8c,case-famiglia-iniziative-e-centri-di-accoglienza-per-disabil,it,Fede e Luce,fede-e-luce,dry,
33a772b5-af0e-4c6e-b44b-e1d212aa3419,dialogo-aperto-n-29,it,Fede e Luce,fede-e-luce,dry,
c3da8590-14d6-4022-8405-f56325399b74,forse-e-per-mia-sorella-che-sono-cosi,it,Famiglia,,unknown,Valore non mappato: 'Famiglia' — aggiungere a categorie.json o assegnare manualmente
09432447-e7d4-4923-a7ec-2f882ae6bfd5,ma-non-carichiamoli-di-un-peso-eccessivo,it,Famiglia,,unknown,Valore non mappato: 'Famiglia' — aggiungere a categorie.json o assegnare manualmente
15688e83-2ae8-4850-b78f-e36248845f17,dialogo-aperto-n-30,it,Fede e Luce,fede-e-luce,dry,
74cdb30b-169e-4317-b4a2-f865e7f43252,christopher-nolan-sotto-locchio-dellorologio,it,Cultura,cultura,dry,
f696b4d8-f213-4920-8b9e-b6716580c0a8,la-nostra-famiglia-e-lhandicap,it,Fede e Luce,fede-e-luce,dry,
6c01bf2c-33f2-461e-b5af-165739131577,ed-eccomi-qui,it,Famiglia,,unknown,Valore non mappato: 'Famiglia' — aggiungere a categorie.json o assegnare manualmente
c2d95bbb-2e33-41ad-aaf9-b5013a731da2,lettera-di-speranza-alle-mamme-e-ai-papa,it,Famiglia,,unknown,Valore non mappato: 'Famiglia' — aggiungere a categorie.json o assegnare manualmente
70e366cd-bef2-49fa-bbca-9042e7a97a0b,ascolta-bene-joseph,it,Famiglia,,unknown,Valore non mappato: 'Famiglia' — aggiungere a categorie.json o assegnare manualmente
b3d0c426-9e94-4c55-a3b1-9e20af72d9af,dipendente-ma-libero,it,Famiglia,,unknown,Valore non mappato: 'Famiglia' — aggiungere a categorie.json o assegnare manualmente
646970b6-2db6-4899-b39f-ad15afb035e5,il-bene-va-fatto-bene,it,Fede e Luce,fede-e-luce,dry,
4ecbfd2a-737e-405a-a644-2cc4dac8d47d,lhai-chiamata-per-portare-frutto,it,Spiritualità,spiritualita,dry,
48426346-7f23-44e7-a33d-210b122ac618,la-mia-storia-soddisfazioni-e-desideri,it,Fede e Luce,fede-e-luce,dry,
2859e4f1-26f7-44bd-93f5-1c80861d8dc3,arrendermi-o-agire,it,Famiglia,,unknown,Valore non mappato: 'Famiglia' — aggiungere a categorie.json o assegnare manualmente
be8482e9-4d4c-4cb8-80ee-c811eaf61bcf,spastico-un-modo-improprio-di-indicare-una-persona-colpita-d,it,Salute,,unknown,Valore non mappato: 'Salute' — aggiungere a categorie.json o assegnare manualmente
b5d49e4a-e7b8-4a3a-a031-a874939eb3ce,equipe-di-coordinamento-come-funziona,it,Fede e Luce,fede-e-luce,dry,
83268a64-1006-44bd-a777-7f0b6ddd090c,lamicizia-a-fede-e-luce-un-legame-anche-con-chi-e-piu-debole,it,Famiglia,,unknown,Valore non mappato: 'Famiglia' — aggiungere a categorie.json o assegnare manualmente
bdf939c4-4194-482f-b40b-592d49320cc4,per-altri-valori-fede-e-luce-in-svizzera,it,Fede e Luce,fede-e-luce,dry,
3155f8f1-9a24-4372-97cb-b6c2372a6c5b,che-cosa-e-fede-e-luce,it,Fede e Luce,fede-e-luce,dry,
2cb11ad6-fcfe-4d15-a58c-5779d63c80da,incontro-di-una-comunita-di-fede-e-luce,it,Fede e Luce,fede-e-luce,dry,
669fc3eb-b8eb-478f-8366-d4edf4a18620,cammino-damore,it,Fede e Luce,fede-e-luce,dry,
8f24754a-c0f4-485c-9354-eeb42d6c614c,un-matrimonio-diverso,it,Fede e Luce,fede-e-luce,dry,
3c5de293-e686-468e-806a-1db7673e3b20,sono-anche-figli-di-tutti,it,Fede e Luce,fede-e-luce,dry,
29c556f3-7447-468e-abc8-584f33edc276,incontro-internazionale-edimburgo-agosto-1990,it,Fede e Luce,fede-e-luce,dry,
b2fb7410-9cdb-46aa-9052-6e375486f829,un-nuovo-modo-di-vedere-la-vita,it,Fede e Luce,fede-e-luce,dry,
ca6504ca-ba77-4f74-ba33-4da5c03abf12,fuori-dalle-catacombe-fede-e-luce-in-europa-orientale,it,Fede e Luce,fede-e-luce,dry,
cf1f27dd-d711-419b-a444-dfcb400ceab6,nel-libano-in-guerra-fede-e-luce-per-sperare,it,Fede e Luce,fede-e-luce,dry,
7996dc99-61b5-491a-ac74-ebcfe7f34996,fede-e-luce-una-grande-famiglia-del-mondo,it,Fede e Luce,fede-e-luce,dry,
f863026e-c4b7-46a6-8f11-6b18e319103d,faith-and-light-a-journey-of-hope-beyond-disabilities,en,Fede e Luce,fede-e-luce,dry,
bacf2922-c597-4f7c-bdbd-b5b3573c2928,il-4-momento-tra-un-incontro-e-laltro,it,Fede e Luce,fede-e-luce,dry,
264d666a-9cc6-481f-8acc-9f36a2fa7e46,lanimo-pieno-di-gratitudine,it,Fede e Luce,fede-e-luce,dry,
1eef1684-6f9b-46ed-8d66-587843744aae,fede-e-luce-giorno-e-notte,it,Fede e Luce,fede-e-luce,dry,
580cf8be-0ef8-4624-ac4d-38452722a552,mirella-pablo-silvia-claudia-patrizia,it,Fede e Luce,fede-e-luce,dry,
01c65522-e584-4199-b98b-c17188bfc8b0,vocazione-di-fede-e-luce,it,,,skip_null,
26517be6-1213-4986-aa2a-fdecb268c438,viaggio-insieme-per-crescere-tutti,it,Fede e Luce,fede-e-luce,dry,
f8aa4e3c-8091-4117-aa19-99ee7e7cea58,vocazione-di-fede-e-luce-en,en,,,skip_null,
c0985357-8630-4f50-86ae-63059c15b47f,la-persona-fragile-via-verso-lunita,it,,,skip_null,
9c3b5638-a6df-42a7-9652-713bf16cb262,domande-e-risposte-su-fede-e-luce,it,Fede e Luce,fede-e-luce,dry,
061f453d-4819-4a40-af83-1aa749e01d1b,vita-e-amore-si-erano-spenti,it,Fede e Luce,fede-e-luce,dry,
8a2f71aa-cf91-422d-8b25-03b9a71a68df,scendi-ancora-un-po,it,Spiritualità,spiritualita,dry,
c90f5ca5-3656-46e9-830f-170807c61c44,i-giorni-del-campo,it,Fede e Luce,fede-e-luce,dry,
64b894ee-60d3-4fa5-9f0f-b7e25dd06de2,dialogo-aperto-n-32,it,Famiglia,,unknown,Valore non mappato: 'Famiglia' — aggiungere a categorie.json o assegnare manualmente
7f81ab6a-eec3-4d40-ac79-ac18d83c3d7e,lezione-di-danza-insieme,it,Fede e Luce,fede-e-luce,dry,
c95089f3-0e02-43f1-9b86-842094b6abe4,abib-mohamed-e-naima,it,Famiglia,,unknown,Valore non mappato: 'Famiglia' — aggiungere a categorie.json o assegnare manualmente
63f54fdf-8abc-4600-813d-22d6d90ac22d,chi-ha-avuto-paura-fa-gratis-un-altro-giro-una-giornata-al-l,it,Famiglia,,unknown,Valore non mappato: 'Famiglia' — aggiungere a categorie.json o assegnare manualmente
2680b4d3-6063-4bcd-b196-78f3b6b1c1e5,ma-non-sono-sola,it,Famiglia,,unknown,Valore non mappato: 'Famiglia' — aggiungere a categorie.json o assegnare manualmente
5479a9ec-79f1-4d0a-8139-d97afb0168ed,una-passeggiata-in-campagna,it,Fede e Luce,fede-e-luce,dry,
8c76e31c-82e8-437d-bf95-1b9bbd1366ea,io-sono-una-come-voi-una-mamma,it,Famiglia,,unknown,Valore non mappato: 'Famiglia' — aggiungere a categorie.json o assegnare manualmente
e6dfd037-bcff-4864-ad41-910738e0bd96,malattia-mentale-legge-180,it,Cultura,cultura,dry,
ecef1859-48a8-450c-b630-fae3a09a4174,una-soluzione-giusta-e-umana-maso-s-pietro,it,Fede e Luce,fede-e-luce,dry,
e5ce0865-1ffe-4c03-8ab7-c6bf47b53a93,il-corpo-spezzato,it,Cultura,cultura,dry,
0e053f97-6f21-4bc0-80cd-e732e48a7f3b,accogliere-un-bambino-autistico,it,Famiglia,,unknown,Valore non mappato: 'Famiglia' — aggiungere a categorie.json o assegnare manualmente
d7264cde-0c7a-4ade-955f-2c4cf105e43d,il-tuo-nome-e-olga-lettere-a-mia-figlia-handicappata,it,Cultura,cultura,dry,
5e2020aa-08bd-46e8-bb9f-2979b2334fee,preghiera-della-malattia,it,Spiritualità,spiritualita,dry,
700c6f67-1a53-4f50-9509-cc8390ceb32c,il-mio-piede-sinistro,it,Cultura,cultura,dry,
261c64ea-e0da-4c4c-9c3d-cf8ac2a6e22c,dialogo-aperto-n-33,it,Fede e Luce,fede-e-luce,dry,
3d389f2e-438f-4980-a44f-9d5c68aff96d,con-la-vostra-collaborazione,it,Fede e Luce,fede-e-luce,dry,
57c74680-2170-4385-a7f4-7a448bd380c7,quello-che-manca-ai-notri-figli,it,Fede e Luce,fede-e-luce,dry,
a1e4551b-a166-41c9-b97c-94dbd74e8892,famiglie-diverse,it,Famiglia,,unknown,Valore non mappato: 'Famiglia' — aggiungere a categorie.json o assegnare manualmente
682fdbdb-1b9e-4bb0-9dae-fd5424200a0c,educare-e-desiderare,it,Famiglia,,unknown,Valore non mappato: 'Famiglia' — aggiungere a categorie.json o assegnare manualmente
4ed1ba19-e03e-4bd3-8d48-2b9f146bada3,la-stelletta,it,Lavoro,,unknown,Valore non mappato: 'Lavoro' — aggiungere a categorie.json o assegnare manualmente
c5e74e4d-8eda-4864-a957-65546f9f2648,lomino-di-vetro-un-viaggio-nel-mondo-dellhandicap,it,Famiglia,,unknown,Valore non mappato: 'Famiglia' — aggiungere a categorie.json o assegnare manualmente
3e3d6be3-fe28-4ec5-809f-fca32a301152,vita-riflessioni-sulla-cultura-dellhandicap,it,Famiglia,,unknown,Valore non mappato: 'Famiglia' — aggiungere a categorie.json o assegnare manualmente
655fcb1d-fab4-47f0-ba66-aa95dcb57640,primavalle-un-territorio-molti-progetti,it,Famiglia,,unknown,Valore non mappato: 'Famiglia' — aggiungere a categorie.json o assegnare manualmente
a5fde02b-f9f8-4387-9e03-bcce884cfdba,dialogo-aperto-n-34,it,Fede e Luce,fede-e-luce,dry,
85918b03-894c-458a-a560-503711aa4f73,vita-fede-e-luce-n-34-che-settimana,it,Fede e Luce,fede-e-luce,dry,
7e3f71c7-b816-4bbd-8b3b-fc624e6fb318,storia-di-un-filo-derba,it,Cultura,cultura,dry,
5635b10e-69df-4309-a58b-ded795f8e3ec,meglio-stanco-che-annoiato,it,Lavoro,,unknown,Valore non mappato: 'Lavoro' — aggiungere a categorie.json o assegnare manualmente
ec30323f-d1d4-4b73-aea5-6b610ac5ec7e,il-piu-popolare-al-velodromo,it,Lavoro,,unknown,Valore non mappato: 'Lavoro' — aggiungere a categorie.json o assegnare manualmente
94ef5b2d-7b6a-4f31-b2e3-b3807c7e6bde,sergio-e-un-buon-giardiniere,it,Lavoro,,unknown,Valore non mappato: 'Lavoro' — aggiungere a categorie.json o assegnare manualmente
35d4b510-7ec2-498e-b497-cf4e92de8311,oggi-e-dei-nostri,it,Lavoro,,unknown,Valore non mappato: 'Lavoro' — aggiungere a categorie.json o assegnare manualmente
2bbe57c9-405b-4bb8-804c-1d12473e68da,educare-al-servizio,it,Cultura,cultura,dry,
3477bd45-ccc1-4f0a-9ebe-0bd0a8cf3333,e-sempre-disponibile,it,Lavoro,,unknown,Valore non mappato: 'Lavoro' — aggiungere a categorie.json o assegnare manualmente
934ce229-b12e-49a7-9234-a4eb7b4eba89,lavorare-con-gli-altri,it,Lavoro,,unknown,Valore non mappato: 'Lavoro' — aggiungere a categorie.json o assegnare manualmente
d10c2209-a906-434e-86a0-98bb6c224d1c,in-fabbrica-e-una-bella-fatica,it,Lavoro,,unknown,Valore non mappato: 'Lavoro' — aggiungere a categorie.json o assegnare manualmente
dda613c8-e4da-4414-bc92-e5e74fc6766e,dialogo-aperto-n-35,it,Famiglia,,unknown,Valore non mappato: 'Famiglia' — aggiungere a categorie.json o assegnare manualmente
07469439-9f51-4903-bff3-fb73cde6188d,imparo-a-vestirmi-da-solo,it,Cultura,cultura,dry,
e382cd90-6cc7-453e-96b2-71d30dfc062e,al-primo-posto,it,Catechesi,,unknown,Valore non mappato: 'Catechesi' — aggiungere a categorie.json o assegnare manualmente
d8f3b153-0a0f-4e3b-a5ba-cfe709eeac70,che-vita-e-la-nostra-sei-mamme-si-raccontano,it,Famiglia,,unknown,Valore non mappato: 'Famiglia' — aggiungere a categorie.json o assegnare manualmente
d9624d30-74c0-4552-a006-f460c08c89bc,la-voce-dei-genitori,it,Famiglia,,unknown,Valore non mappato: 'Famiglia' — aggiungere a categorie.json o assegnare manualmente
56f5cdd9-d0c9-4a8d-b24f-4d4dc0e3f1ac,il-momento-di-capire,it,Educazione e Formazione,,unknown,Valore non mappato: 'Educazione e Formazione' — aggiungere a categorie.json o assegnare manualmente
0a4300d4-8fb5-42f8-b69f-401605141ca5,strategie-educative-nellautismo,it,Cultura,cultura,dry,
84fac6ef-d2ac-4df4-8c2b-af3b450c7682,anche-noi-siamo-persone,it,Famiglia,,unknown,Valore non mappato: 'Famiglia' — aggiungere a categorie.json o assegnare manualmente
f1255e87-1779-4906-870e-d9fd1cd5afa1,storie-vere-di-bambini-autistici,it,Cultura,cultura,dry,
eac86afa-6434-4da3-ac6c-77762ab525af,dialogo-aperto-n-36,it,Famiglia,,unknown,Valore non mappato: 'Famiglia' — aggiungere a categorie.json o assegnare manualmente
7dd44695-dbcf-41bf-a41c-5665b38a912e,possiamo-fare-qualcosa-noi-genitori,it,Famiglia,,unknown,Valore non mappato: 'Famiglia' — aggiungere a categorie.json o assegnare manualmente
806714d5-6f10-4d28-a763-dc286c28a096,una-vita-possibile-handicap-mentale-e-famiglia,it,Famiglia,,unknown,Valore non mappato: 'Famiglia' — aggiungere a categorie.json o assegnare manualmente
adb7073e-fe24-4c58-a3b1-3cc6bd9b644d,casa-famiglia-ancora,it,Famiglia,,unknown,Valore non mappato: 'Famiglia' — aggiungere a categorie.json o assegnare manualmente
0f87efa1-df17-4d05-a210-c991102b1794,il-dopo-di-noi,it,Famiglia,,unknown,Valore non mappato: 'Famiglia' — aggiungere a categorie.json o assegnare manualmente
41029f59-38b8-45e2-88a9-5bf8621675b2,effata-apriti,it,Famiglia,,unknown,Valore non mappato: 'Famiglia' — aggiungere a categorie.json o assegnare manualmente
c1a18bf8-3fef-42ec-a740-085ede1e694c,domande-e-risposte-sul-domani-dei-nostri-figli,it,Famiglia,,unknown,Valore non mappato: 'Famiglia' — aggiungere a categorie.json o assegnare manualmente
4069ac14-f5b7-4913-b70e-7e20c4874315,esempi-di-comunita-alloggio-5-comunita,it,Famiglia,,unknown,Valore non mappato: 'Famiglia' — aggiungere a categorie.json o assegnare manualmente
67795839-857e-4b41-852a-50a5e86bc563,la-comunita-luogo-del-perdono-e-della-festa,it,Famiglia,,unknown,Valore non mappato: 'Famiglia' — aggiungere a categorie.json o assegnare manualmente
be69a10d-b62b-4626-970d-a9e7e2cab1a9,la-depressione,it,Cultura,cultura,dry,
e4302b52-fa0f-4383-97c1-2b0690dc3ced,la-speranza-nella-vita-quotidiana-con-nostro-figlio-affetto-,it,Spiritualità,spiritualita,dry,
649adb8f-dac1-4938-92d0-6879f2776c91,per-capire-di-piu,it,Fede e Luce,fede-e-luce,dry,
ab1f1667-15a3-4f75-ab1b-b9ed99cd8e26,il-vizio-di-vivere-ventanni-nel-polmone-dacciaio,it,Cultura,cultura,dry,
c2c306dd-5595-4984-9972-28bed6e5e34f,lettera-a-un-medico-per-la-nascita-di-un-bambino-disabile,it,Famiglia,,unknown,Valore non mappato: 'Famiglia' — aggiungere a categorie.json o assegnare manualmente
28dc5054-faae-45ef-a370-e2c3b26b7fab,ora-manuela,it,Famiglia,,unknown,Valore non mappato: 'Famiglia' — aggiungere a categorie.json o assegnare manualmente
554f207f-f650-4238-9425-9866ac516095,speciale-pellegrinaggio-a-lourdes-1991,it,Fede e Luce,fede-e-luce,dry,
7902c0b6-337d-4ee1-a645-0f8c109fba77,dialogo-aperto-n-37,it,Fede e Luce,fede-e-luce,dry,
28dc5054-faae-45ef-a370-e2c3b26b7fab,ora-manuela,it,Famiglia,,unknown,Valore non mappato: 'Famiglia' — aggiungere a categorie.json o assegnare manualmente
f8d315dc-cd82-4fd0-a8d2-d5c89b12804d,come-annunciare-un-bambino-down,it,Spiritualità,spiritualita,dry,
9a112234-783d-4b9f-855e-1700518d24d2,giobbe-perche-dialogo-di-una-madre,it,Cultura,cultura,dry,
3f21f890-3427-41a9-970a-70b35276044f,quando-la-crisi-insegna-a-vivere-esperienza-positiva-del-dol,it,Cultura,cultura,dry,
ae938319-f65e-4585-892b-f02955c232e7,oltre-la-famiglia-gli-specialisti-gli-amici,it,Famiglia,,unknown,Valore non mappato: 'Famiglia' — aggiungere a categorie.json o assegnare manualmente
156eb469-6d65-4679-8e0e-a08dfb0c14ac,ascolto-che-guarisce,it,Cultura,cultura,dry,
b6013643-d2a5-42f9-b2d6-8297bafb1838,come-essere-amici,it,Fede e Luce,fede-e-luce,dry,
b049aedc-7c41-4a2a-a7b1-1a1553e2e7bf,lelia,it,Famiglia,,unknown,Valore non mappato: 'Famiglia' — aggiungere a categorie.json o assegnare manualmente
3cfd8961-a2d6-4f1d-9e8c-ae0b18970ca8,viviana,it,Famiglia,,unknown,Valore non mappato: 'Famiglia' — aggiungere a categorie.json o assegnare manualmente
4af29649-19b7-42ef-87fe-1ab61c8388f9,la-pazzia-e-lamore-un-cammino-verso-lanima-del-malato-di-men,it,Cultura,cultura,dry,
6b0acd0d-37ac-411b-a486-f2675af8cf2e,vita-fede-e-luce-n-38,it,Cultura,cultura,dry,
8c93f90f-13cc-4b64-a216-b1d5ed15019b,roberta,it,Fede e Luce,fede-e-luce,dry,
195eacec-a4e0-4ce6-8f39-84e6a8780472,giacomo,it,Famiglia,,unknown,Valore non mappato: 'Famiglia' — aggiungere a categorie.json o assegnare manualmente
66a72dde-f6a0-40d7-ad49-3f64cda44a51,chi-aiuta-la-famiglia-gli-specialisti,it,Famiglia,,unknown,Valore non mappato: 'Famiglia' — aggiungere a categorie.json o assegnare manualmente
1479cbc4-5b6b-4865-835d-ea9d2a524068,cresima-marco,it,Catechesi,,unknown,Valore non mappato: 'Catechesi' — aggiungere a categorie.json o assegnare manualmente
0897e549-3246-4c60-825e-845270615df5,la-vita-esplodera-itinerari-didattico-educativi-per-linsegna,it,Cultura,cultura,dry,
21cb9d4d-5234-4001-aea9-2cf650644cb7,integralita-delleducazione-e-diritto-allo-spirituale,it,Cultura,cultura,dry,
f0474b5a-b0b6-494b-858e-5f191d50f603,maria-la-mia-figlioccia,it,Catechesi,,unknown,Valore non mappato: 'Catechesi' — aggiungere a categorie.json o assegnare manualmente
1a054e8a-7339-499f-b1be-27b187efa0f5,rendere-viva-la-messa-unita,it,Catechesi,,unknown,Valore non mappato: 'Catechesi' — aggiungere a categorie.json o assegnare manualmente
bd0777c4-a29f-4059-afda-752c7a8f5bed,si-e-aperta-una-finestra-nella-nostra-vita,it,Catechesi,,unknown,Valore non mappato: 'Catechesi' — aggiungere a categorie.json o assegnare manualmente
82360036-a043-4b8f-bb86-62a5f453a629,la-prima-comunione-di-flaminia-ci-ha-fatto-crescere,it,Catechesi,,unknown,Valore non mappato: 'Catechesi' — aggiungere a categorie.json o assegnare manualmente
c0a1575c-dafd-49e0-917d-3d65caaf51e2,testi-e-sussidi-per-la-catechesi-alle-persone-portatrici-di-,it,Catechesi,,unknown,Valore non mappato: 'Catechesi' — aggiungere a categorie.json o assegnare manualmente
5b546ea8-888e-4c63-85c6-c98d406151c4,lasciateli-venire-a-me,it,Catechesi,,unknown,Valore non mappato: 'Catechesi' — aggiungere a categorie.json o assegnare manualmente
dc737b40-2de8-4303-a7e5-3cbc9fb18b3f,non-potevo-diventare-suora-perche-non-potevo-leggere,it,Fede e Luce,fede-e-luce,dry,
959e7216-27f8-4688-a67f-664335e06921,dialogo-aperto-n-39,it,Fede e Luce,fede-e-luce,dry,
5153f955-7882-4923-923c-48df765cbec4,vita-di-fede-e-luce-n-40-i-campi-di-fede-e-luce-come-momento,it,Fede e Luce,fede-e-luce,dry,
784defec-962f-42b7-815e-a341cdf6744d,psicopatologia-e-vita-spirituale-sofferenza-e-maturita-umana,it,Cultura,cultura,dry,
506922c1-cda3-423f-9e13-1b797e7bc8ab,essere-padrino-ha-cambiato-la-sua-vita,it,Catechesi,,unknown,Valore non mappato: 'Catechesi' — aggiungere a categorie.json o assegnare manualmente
2d55b0b3-8d09-40a8-bf78-b5aad4e7d5c4,perche-nessuno-sia-dimenticato,it,Catechesi,,unknown,Valore non mappato: 'Catechesi' — aggiungere a categorie.json o assegnare manualmente
b8a3d1cd-1143-4c01-b0b0-7a3155a8ebf0,temevo-non-accettata-catechista,it,Catechesi,,unknown,Valore non mappato: 'Catechesi' — aggiungere a categorie.json o assegnare manualmente
c11bc7c3-9585-45ee-8cc4-ec11a4ae3c76,dialogo-aperto-n-40,it,Fede e Luce,fede-e-luce,dry,
0d3f746b-a82f-4d7f-aaa4-6c940de3bba2,guida-h-fondazione-laboratorio-per-le-politiche-sociali,it,Cultura,cultura,dry,
c6df1807-c36f-46c7-b6bd-b5dc94244ef2,una-sperimentazione-per-lautonomia-delle-persone-disabili,it,Cultura,cultura,dry,
48afff7f-a478-42f6-a747-dbaf07fc7f06,daniela,it,Famiglia,,unknown,Valore non mappato: 'Famiglia' — aggiungere a categorie.json o assegnare manualmente
6a456ff6-d37d-43da-95d0-8386aae31551,di-fronte-alle-persone-che-soffrono-fuggire-o-andare-incontr,it,,,skip_null,
b1b87bcc-a10b-43b7-9891-aceacd043fea,non-aver-paura-sono-io-che-ti-guido,it,Famiglia,,unknown,Valore non mappato: 'Famiglia' — aggiungere a categorie.json o assegnare manualmente
f0aa94b5-a9b5-4c81-93bf-65ad5bef223f,loro-noi-che-stiamo-in-piedi,it,Famiglia,,unknown,Valore non mappato: 'Famiglia' — aggiungere a categorie.json o assegnare manualmente
c0930ddb-29b3-43be-84af-f1819db07571,vita-fede-e-luce-n-40-incontro-alpi-danubio,it,Fede e Luce,fede-e-luce,dry,
f14cb535-0ade-44b1-9fba-a1b2457a18b0,case-della-carita,it,Fede e Luce,fede-e-luce,dry,
6a5ae212-0470-4beb-a429-6f56b8a6e6ed,alessia,it,Famiglia,,unknown,Valore non mappato: 'Famiglia' — aggiungere a categorie.json o assegnare manualmente
3180713e-adec-4f3f-97c1-f6e9f27693f4,fermati-un-momento-per-capire,it,Famiglia,,unknown,Valore non mappato: 'Famiglia' — aggiungere a categorie.json o assegnare manualmente
226be793-3b5e-4c8c-adea-99a7248162a2,manuale-di-informazione-sullhandicap,it,Cultura,cultura,dry,
aac226dd-83a1-43bd-b4b3-571974f0653b,1992-nasce-il-settore-catechesi-delle-persone-con-handicap,it,Catechesi,,unknown,Valore non mappato: 'Catechesi' — aggiungere a categorie.json o assegnare manualmente
1e6bde7e-707c-49b7-908f-456a389e08e9,indice-articoli-per-argomenti,it,Fede e Luce,fede-e-luce,dry,
7f68191d-1003-4a81-9ea5-fb31c84edf36,un-laboratorio-chiamato-lalveare,it,Fede e Luce,fede-e-luce,dry,
c341a46f-faa6-42e7-83d8-66a73462f281,lhandicappato-mentale-adulto,it,Cultura,cultura,dry,
2f68e703-bd44-4ee2-91b4-a6fb216b4491,vita-fede-e-luce-n-41,it,Fede e Luce,fede-e-luce,dry,
69cf9583-2784-4f41-a7f7-ea6c3dcb869e,il-bambino-magico,it,Cultura,cultura,dry,
e8dff20e-3598-480f-beb0-016dd288c03a,francesca-e-sabrina,it,Famiglia,,unknown,Valore non mappato: 'Famiglia' — aggiungere a categorie.json o assegnare manualmente
1f2a3437-11f5-4a77-8453-eaccef4b0ad3,proibito-amarlo,it,Fede e Luce,fede-e-luce,dry,
2ddcbae2-6325-462c-96bb-e04648eb1ad3,mio-fratello-nel-suo-guscio,it,Famiglia,,unknown,Valore non mappato: 'Famiglia' — aggiungere a categorie.json o assegnare manualmente
2accc805-aea2-43ed-a1df-7e018d809907,un-mondo-che-cambia,it,Fede e Luce,fede-e-luce,dry,
24682a50-ce9e-409d-9e05-c5be68708981,laboratori-storie-di-lavoro-e-di-amicizia,it,Fede e Luce,fede-e-luce,dry,
d222f36f-1e19-4470-93ca-1724282946ca,eravamo-soli-e-siamo-rinati,it,Fede e Luce,fede-e-luce,dry,
1cd12122-424a-43ee-8c15-677d1801d4c0,e-ci-aiutiamo-a-camminare,it,Fede e Luce,fede-e-luce,dry,
0a36d810-f6cc-4453-8f83-abe48f70f8f2,10-anni-di-ombre-e-luci-piu-che-una-rivista-una-grande-famig,it,Fede e Luce,fede-e-luce,dry,
effad89a-7b17-42f0-bd3b-61d0f4b704b7,vita-fede-e-luce-n-42,it,Fede e Luce,fede-e-luce,dry,
0b75b2d8-2b9e-426e-971b-c8a19ba3386f,dialogo-aperto-n-42,it,Famiglia,,unknown,Valore non mappato: 'Famiglia' — aggiungere a categorie.json o assegnare manualmente
04bdce7a-c04b-4a5c-a003-04518e838bfa,il-bambino-che-non-sentiva-dolore,it,Cultura,cultura,dry,
a7a787f1-c697-4544-af30-9bd89cc5e1b6,pagine-aperte-esperienze-di-solidarieta-a-parma-e-provincia-,it,Cultura,cultura,dry,
34620c05-e3d0-4fff-9252-be6d9ec53843,il-grande-cocomero,it,Cultura,cultura,dry,
e9b7d91d-cf0e-4a17-8882-8ba087df7274,le-eta-della-vita,it,Cultura,cultura,dry,
b0cb0426-8942-465f-a2df-89527270878e,nessuno-in-nessun-luogo,it,Cultura,cultura,dry,
b151d884-9d9d-4dda-9232-2962d28eed21,un-marinaio-in-treno,it,Spiritualità,spiritualita,dry,
9f4cb590-0e40-412a-801e-10deddc0ab87,lalfabeto-della-mia-vita,it,Cultura,cultura,dry,
eeb08d85-b01d-4476-bae8-ecce90fff62f,dovra-stare-in-un-ambiente-protetto,it,,,skip_null,
bf5fbb99-69dd-4174-baf6-11b5ff32b61a,vivere-con-rifiutati,it,Fede e Luce,fede-e-luce,dry,
d97d4b87-cc2b-4b13-85ac-78610cec0950,faccio-io,it,Famiglia,,unknown,Valore non mappato: 'Famiglia' — aggiungere a categorie.json o assegnare manualmente
18edb49a-6229-41be-91c6-37b85c3e0d24,grazie-per-avermelo-fatto-fare-da-sola,it,Famiglia,,unknown,Valore non mappato: 'Famiglia' — aggiungere a categorie.json o assegnare manualmente
ec6e1d40-4cc6-4df8-b10d-2361981fabd2,faccio-il-viaggio-da-sola,it,Famiglia,,unknown,Valore non mappato: 'Famiglia' — aggiungere a categorie.json o assegnare manualmente
ce733d60-db82-4034-9762-79922700386a,membro-attivo-della-chiesa,it,Spiritualità,spiritualita,dry,
bbd4646c-f567-4a22-a81d-82fe50330644,possibilita-e-capacita-nascoste,it,Famiglia,,unknown,Valore non mappato: 'Famiglia' — aggiungere a categorie.json o assegnare manualmente
929d7193-2668-494e-9a6e-13289b625894,io-ho-pulito-il-tavolo,it,Fede e Luce,fede-e-luce,dry,
3472ffde-94b0-4d77-b4b4-a3f50516a0ea,non-e-mai-troppo-tardi,it,Famiglia,,unknown,Valore non mappato: 'Famiglia' — aggiungere a categorie.json o assegnare manualmente
54c796a2-1e76-431c-ac43-0ed597554ca5,ricompense-o-punizioni,it,Spiritualità,spiritualita,dry,
929b7a23-7008-4eeb-ad2e-8c18ca9fd822,nonostante-lhandicap,it,Famiglia,,unknown,Valore non mappato: 'Famiglia' — aggiungere a categorie.json o assegnare manualmente
a087d056-f19e-476c-81f3-77b29aea80fe,vita-fede-e-luce-n-43-seminario-sulla-catechesi-delle-person,it,Famiglia,,unknown,Valore non mappato: 'Famiglia' — aggiungere a categorie.json o assegnare manualmente
296fd8a8-17c4-46ea-a05d-64a12e9bb2c4,cammino-di-preghiera,it,Cultura,cultura,dry,
02bbc330-85fd-4ece-984b-6fd40292d3eb,la-cinquataseiesima-colonna-uno-strumento-concreto-di-autofo,it,Cultura,cultura,dry,
510615b2-08be-48e6-8bbf-3544d5bb4e94,si-fa-sera,it,Fede e Luce,fede-e-luce,dry,
1c46e650-65a9-4603-9c71-c216110bf1d5,prima-di-andare-a-letto,it,Spiritualità,spiritualita,dry,
c2803d7d-524b-4531-a632-74f3b3e6109a,e-la-vita-eplodera-itinerari-didattico-educativi-per-linsegn,it,Cultura,cultura,dry,
b8e72d6b-b91d-4f92-a481-48a44279fd64,dialogo-aperto-n-43,it,Fede e Luce,fede-e-luce,dry,
cb9a90f5-bd6f-4fc0-b2cd-924a4e16c59d,quando-i-genitori-si-rimboccano-le-maniche,it,Progetti,,unknown,Valore non mappato: 'Progetti' — aggiungere a categorie.json o assegnare manualmente
bcccff71-2f9c-4e91-9730-d08e691b5081,proviamo-unaltra-volta,it,Fede e Luce,fede-e-luce,dry,
d2cb07c2-9bd0-43a7-b030-84449aa6b643,di-notte-bagna,it,Spiritualità,spiritualita,dry,
fb0a7578-c0ee-4217-9f89-dceed4bb7264,imparando-a-vivere-bene-con-jimmy,it,Famiglia,,unknown,Valore non mappato: 'Famiglia' — aggiungere a categorie.json o assegnare manualmente
cdadeeae-e241-429f-97a0-6c19db823204,se-dorme-male,it,Spiritualità,spiritualita,dry,
4a1a8502-c2dc-4d33-b58d-2b728b9fd0a4,viviamo-da-soli,it,Fede e Luce,fede-e-luce,dry,
519507ff-1e49-4ed6-9a8a-3e28db0ed1ad,io-grido-verso-te,it,Spiritualità,spiritualita,dry,
38ad6a8e-2a01-4e24-8ef6-1eb79aba1de4,ce-labbiamo-fatta,it,Fede e Luce,fede-e-luce,dry,
7a395ce2-9825-4920-bc13-d137395e87da,e-nato-un-bambino-down-guida-per-i-genitori,it,Cultura,cultura,dry,
80e769fc-a3ba-422d-9bf5-7c0bc0799b84,vita-di-fede-e-luce-n-44,it,Cultura,cultura,dry,
f5e5ada1-2bc0-40c5-a064-046bcc333e46,florent-nella-scuola-italiana,it,Salute,,unknown,Valore non mappato: 'Salute' — aggiungere a categorie.json o assegnare manualmente
6a900cd9-d13d-426a-929c-c81a0fcc273c,due-piccole-isole-di-luce,it,Fede e Luce,fede-e-luce,dry,
23e2667c-e167-42fd-acc6-f0176541cda4,imparando-a-vivere-bene-con-jimmy-2-parte,it,Famiglia,,unknown,Valore non mappato: 'Famiglia' — aggiungere a categorie.json o assegnare manualmente
7069b624-8ac8-4699-9357-5858fcbaf98f,appuntamento-con-maria-maddalena-dal-carcere-alla-vita-relig,it,Cultura,cultura,dry,
cfdb7423-628d-4fdb-8092-99b3fd6e1d2b,dare-loro-una-vita-normale,it,Famiglia,,unknown,Valore non mappato: 'Famiglia' — aggiungere a categorie.json o assegnare manualmente
9261158f-ec0c-4373-86c2-f7ec184eb23f,proviamo-unaltra-volta-proviamo-unaltra-strada-sesso-e-affet,it,Fede e Luce,fede-e-luce,dry,
8930298a-5e32-4f78-935d-3e135028a24b,costruire-la-capacita-di-sperare-in-un-ospedale-psichiatrico,it,Fede e Luce,fede-e-luce,dry,
ebac0af0-6459-4120-9100-7e2caf006d9e,la-fede-si-vive-cosi-si-impara,it,Fede e Luce,fede-e-luce,dry,
d40bb95c-b485-4fb4-afc7-41ee5da196e2,dialogo-aperto-n-44,it,Fede e Luce,fede-e-luce,dry,
c0eda1f7-eecc-4dbd-a138-4383f8357aea,competere-col-dolore,it,Cultura,cultura,dry,
034f2701-46d4-426c-8265-0642903a8f64,la-tenerezza-di-dio,it,Spiritualità,spiritualita,dry,
a24163c7-b479-4f24-a2b6-b99703cfb923,proviamo-unaltra-volta-proviamo-unaltra-strada,it,Fede e Luce,fede-e-luce,dry,
cbec5a18-4105-43d4-a36a-8453418c5811,inaugurazione-casa-loic-scuola-laboratorio-artigianale-per-r,it,Fede e Luce,fede-e-luce,dry,
d44c47ec-c6fd-482f-af00-b2a5e68a64c2,perche-mi-hai-abbandonato,it,Spiritualità,spiritualita,dry,
b0416ed7-4321-4ed0-8dab-930f624af048,educazione-alla-fede-per-tutti,it,Spiritualità,spiritualita,dry,
faee2c67-d074-43ce-b11e-f996e2346662,mi-sentii-tradita,it,Fede e Luce,fede-e-luce,dry,
ab768e57-c9e4-4892-bcdf-f70aa0cdaa1d,il-mio-cielo-e-diverso-acrobazie-mentali-di-un-giovane-disab,it,Cultura,cultura,dry,
3b145860-fcc2-442a-a20b-aaf17bb0cf60,la-fede-e-un-incontro,it,Spiritualità,spiritualita,dry,
96b0e56d-89df-4e13-9267-796c409cb750,val-la-pena-di-vivere,it,Cultura,cultura,dry,
af94b87c-caf2-4ab8-a76b-16574e74b89c,ma-lui-dovera,it,Spiritualità,spiritualita,dry,
0e6ec1d5-1787-4328-86f9-07d383cadc46,larmadio-dei-giocattoli,it,Famiglia,,unknown,Valore non mappato: 'Famiglia' — aggiungere a categorie.json o assegnare manualmente
4b7576dc-a0ca-45e6-b27b-5477f7063032,psicologia-e-culto-di-se-la-psicologia-aiuta-a-credere,it,Cultura,cultura,dry,
a6455965-a0e9-4a57-88a1-a618d7824de8,vita-fede-e-luci-n-45,it,Fede e Luce,fede-e-luce,dry,
e2d998ba-4dd8-4c49-8906-3d8724145a1a,a-scuola-con-chicco-in-braccio,it,Spiritualità,spiritualita,dry,
017f58e0-dd07-447f-a0ac-1d16e90e72e3,14-giochi-da-fare-insieme,it,Tempo libero,,unknown,Valore non mappato: 'Tempo libero' — aggiungere a categorie.json o assegnare manualmente
615f1b80-14a9-4897-83d5-63b552957370,14-giochi-da-fare-insieme-en,en,,,skip_null,
dbdef0b0-aaa8-4d15-bbef-3f9a6fb9287f,giochi-e-giocattoli-tanti-da-scegliere,it,Famiglia,,unknown,Valore non mappato: 'Famiglia' — aggiungere a categorie.json o assegnare manualmente
8df9fe32-86df-49e4-9c48-dd8680c0c9f0,il-giocare-del-bambino-autistico,it,Salute,,unknown,Valore non mappato: 'Salute' — aggiungere a categorie.json o assegnare manualmente
fa0c883a-4ebd-4519-b8a3-39c9fc903a28,cantare-giocare-comunicare,it,Famiglia,,unknown,Valore non mappato: 'Famiglia' — aggiungere a categorie.json o assegnare manualmente
70ca666b-b667-4fd8-a7ad-96e24a30f7fd,22-mini-giochi-da-fare-insieme,it,Tempo libero,,unknown,Valore non mappato: 'Tempo libero' — aggiungere a categorie.json o assegnare manualmente
c4fe6086-b43e-45ec-b705-f48edf225cff,andiamo-a-giocare,it,Spiritualità,spiritualita,dry,
e1bc6f30-30e7-4503-ad84-698425e3d9a3,70-giochi-per-rilassare-tuo-figlio-da-2-a-6-anni,it,Cultura,cultura,dry,
64a3ae6f-b57b-4659-acef-a194a932b654,interactive-games-unforgettable-group-fun,en,Spiritualità,spiritualita,dry,
b362cc6b-03b2-4796-909d-d0961e9af10b,non-vuole-piu-andare-a-messa,it,Spiritualità,spiritualita,dry,
92e6c3be-4f5c-43e1-afb6-a75dc311ae46,catechesi-disabilita-confessione,it,Catechesi,,unknown,Valore non mappato: 'Catechesi' — aggiungere a categorie.json o assegnare manualmente
765bf120-78e2-45bf-98ae-a9e4ed108493,per-tutte-le-sabine-del-mondo,it,Fede e Luce,fede-e-luce,dry,
b553bb6b-807e-4aed-9af3-02df574c3d35,un-fardello-pesante,it,Famiglia,,unknown,Valore non mappato: 'Famiglia' — aggiungere a categorie.json o assegnare manualmente
802388d5-2df6-4233-963e-dee2cbda207d,dialogo-aperto-n-47,it,Fede e Luce,fede-e-luce,dry,
e0be142a-3a6b-4876-8e5c-3b82b23774e3,come-costruire-il-futuro-delle-persone-disabili,it,Progetti,,unknown,Valore non mappato: 'Progetti' — aggiungere a categorie.json o assegnare manualmente
e60088da-59d4-4bdd-bcaf-b5b491cc0bed,ferie-dagosto,it,Fede e Luce,fede-e-luce,dry,
828a359c-4118-4c54-9093-5ae6f160e447,vita-fede-e-luce-n-47,it,Fede e Luce,fede-e-luce,dry,
d1ce8ae1-daf5-4e69-86b2-75f979c50a3d,confessione,it,Catechesi,,unknown,Valore non mappato: 'Catechesi' — aggiungere a categorie.json o assegnare manualmente
f690f590-ede4-4330-bbfe-61910f1f68a2,vita-fede-e-luce-n-48,it,Fede e Luce,fede-e-luce,dry,
338532cc-cffb-490d-a24f-dc0d134aaf93,chiacchierata-in-famiglia-da-meditare,it,Famiglia,,unknown,Valore non mappato: 'Famiglia' — aggiungere a categorie.json o assegnare manualmente
d8e84d7c-1ecf-4ece-9f4f-d00251deae8c,volontariato-biblioteca-della-solidarieta,it,Cultura,cultura,dry,
3fbaaa30-c4de-481f-aed1-bb4d79b173eb,associazione-il-cantiere,it,Fede e Luce,fede-e-luce,dry,
8c508cb2-c33c-46ce-9975-d722272ae688,a-cena-in-famiglia,it,Famiglia,,unknown,Valore non mappato: 'Famiglia' — aggiungere a categorie.json o assegnare manualmente
b4d5c233-976a-4650-adcf-7140c5d6267c,avevo-tanta-paura,it,Fede e Luce,fede-e-luce,dry,
4569b0ba-1c58-428a-a01d-7fb07453c762,non-perdere-di-vista-enza,it,Fede e Luce,fede-e-luce,dry,
f23b2183-79ff-494b-9047-251437c231b3,non-vergognatevi-di-essere-felici,it,Famiglia,,unknown,Valore non mappato: 'Famiglia' — aggiungere a categorie.json o assegnare manualmente
a2d940c2-cdb1-4d1a-a182-02d1bcab9bd7,a-tu-per-tu-con-lautismo,it,Cultura,cultura,dry,
5da4a328-b429-4a40-84bc-338bfc0e1b61,ma-noi-siamo-attori,it,Cultura,cultura,dry,
dbdc5159-d038-4618-a598-9206655247c0,mi-riguarda,it,Cultura,cultura,dry,
8fdb572c-31a2-466d-b8c7-26eed5b22e2c,cooperativa-il-trattore,it,Fede e Luce,fede-e-luce,dry,
165249a5-92f6-4830-af14-6a3852955a48,cercavo-di-far-cantare-il-mio-cuore,it,Spiritualità,spiritualita,dry,
eec74c19-bb08-4ed1-a0df-570da42b031c,dialogo-aperto-n-49,it,Famiglia,,unknown,Valore non mappato: 'Famiglia' — aggiungere a categorie.json o assegnare manualmente
09b48251-3983-438e-9710-31b26e1d1941,voglio-sposarmi,it,,,skip_null,
b77aa681-36fb-48f4-a834-a7ea1a2046ba,un-tema-difficile-e-delicato,it,Spiritualità,spiritualita,dry,
e8da73c0-0b90-43bb-87b6-e5359203b093,domande-e-osservazioni-dei-genitori,it,Famiglia,,unknown,Valore non mappato: 'Famiglia' — aggiungere a categorie.json o assegnare manualmente
47ed2200-d4e3-4f53-8cc7-5ff343669708,leducazione-sessuale-delle-persone-handicappate-un-libro-ris,it,Cultura,cultura,dry,
f2cc57af-9aec-4376-895b-197a2c5a213f,leducazione-sessuale-delle-persone-handicappate,it,Personaggi che ispirano,,unknown,Valore non mappato: 'Personaggi che ispirano' — aggiungere a categorie.json o assegnare manualmente
7a589019-c1ec-4698-b82a-5910fa3e4b3f,centro-artigianale-di-bastia-umbra,it,Fede e Luce,fede-e-luce,dry,
7117fe65-b413-460b-9de2-0b4ba7bf5f59,dialogo-come-cura,it,Famiglia,,unknown,Valore non mappato: 'Famiglia' — aggiungere a categorie.json o assegnare manualmente
cc03d76d-5b15-4582-871a-24c4f138684e,un-seminario-speciale-il-coraggio-di-parlare-con-loro,it,Famiglia,,unknown,Valore non mappato: 'Famiglia' — aggiungere a categorie.json o assegnare manualmente
bc7e1517-5fdf-4c26-aa26-278c01980a71,alleta-in-cui-si-cambia,it,Famiglia,,unknown,Valore non mappato: 'Famiglia' — aggiungere a categorie.json o assegnare manualmente
e6afd926-5e6a-4d0d-8397-8e39c50cf8cc,come-dirti-come-spiegarti,it,Famiglia,,unknown,Valore non mappato: 'Famiglia' — aggiungere a categorie.json o assegnare manualmente
644be608-31ae-4216-bcd3-9ea950c1a6b2,il-cardinale-martini-risponde,it,Fede e Luce,fede-e-luce,dry,
1feeeab7-4366-4b2a-a497-982df1e217a7,per-dire-grazie,it,Fede e Luce,fede-e-luce,dry,
99af6351-e5d8-4244-8204-21c43be9ac23,comunita-alloggio-la-torre,it,Famiglia,,unknown,Valore non mappato: 'Famiglia' — aggiungere a categorie.json o assegnare manualmente
6316101b-dbcf-41a0-bb4b-405a22bb4bbe,dialogo-aperto-n-50,it,Famiglia,,unknown,Valore non mappato: 'Famiglia' — aggiungere a categorie.json o assegnare manualmente
c5544741-289c-470d-b21a-a4d9bf7811f8,un-pellegrinaggio-di-ringraziamento,it,Fede e Luce,fede-e-luce,dry,
8859eed4-71ec-4103-8769-5abe314b7813,tu-ci-liberi-dal-male,it,Fede e Luce,fede-e-luce,dry,
31c8c895-edfb-4714-aa9e-d74b0c3b9933,mi-ama-come-sono,it,,,skip_null,
c2c7fcca-ca99-4ca6-9a6e-2356f73c2dbe,dalla-tenebra-alla-luce,it,Fede e Luce,fede-e-luce,dry,
b5d5bbce-4452-4bb3-8ad7-7bafd59bf000,dialogo-con-il-cardinale-martini,it,Fede e Luce,fede-e-luce,dry,
f40bd9cb-bd06-4885-b7c4-e73dfe03a334,la-madre-di-davide,it,Cultura,cultura,dry,
51789abb-e88d-4a80-8b10-44603380942d,portate-fraternita-gioia-intelligenza-della-fede,it,Fede e Luce,fede-e-luce,dry,
1d786811-cb4c-4c1a-8693-852740ac77c0,carlo-gnocchi-gli-scritti-1934-1956,it,Cultura,cultura,dry,
fe702639-87a1-4ff3-b7b6-b9d6bf38d330,io-ad-assisi,it,Fede e Luce,fede-e-luce,dry,
1d4cc1fd-f381-4b46-87a8-a9b161622abf,francesco-portatore-di-handicap-sorride-alla-vita,it,Cultura,cultura,dry,
b14f250f-6636-4b5c-898b-e88e628f3c14,tra-il-cuore-e-la-mente,it,Cultura,cultura,dry,
2bf6e796-5702-4015-b905-4c9bdcf7ea6d,cera-una-volta-un-pescolino-rosso-e-paperottino,it,Cultura,cultura,dry,
60bb8ca9-f32c-4902-922e-97604c4de0e6,preparare-al-sacramento,it,Catechesi,,unknown,Valore non mappato: 'Catechesi' — aggiungere a categorie.json o assegnare manualmente
2eec9625-f2d5-42d7-a85e-d2b220281aaa,dialogo-aperto-n-51,it,Famiglia,,unknown,Valore non mappato: 'Famiglia' — aggiungere a categorie.json o assegnare manualmente
3e3fb6d2-603f-4582-8214-47c41f4e86f6,cinque-pani-e-due-pesci,it,Fede e Luce,fede-e-luce,dry,
752e7118-6b2c-4e9a-bd75-d9455b0e7a0e,per-vivere-bene-con-le-persone-anziane,it,Famiglia,,unknown,Valore non mappato: 'Famiglia' — aggiungere a categorie.json o assegnare manualmente
b360d5b8-461a-4b28-a2bc-3e72409396a5,sport-e-musica-per-crescere,it,Famiglia,,unknown,Valore non mappato: 'Famiglia' — aggiungere a categorie.json o assegnare manualmente
cfc84fa7-2cee-4b69-a630-715560cbbe88,diversi-da-chi-normali-vite-con-handicap,it,Cultura,cultura,dry,
c76dfb4b-445b-420c-a8fd-fbc5f33903fd,essere-adulti-essere-handicappati,it,Cultura,cultura,dry,
628b6776-f067-4854-a150-77b11995b505,le-case-famiglia-gli-istituti-i-centri-esaminati-da-ombre-e-,it,Famiglia,,unknown,Valore non mappato: 'Famiglia' — aggiungere a categorie.json o assegnare manualmente
698e17b5-e7f9-480f-a96d-54cc2d5c41b5,gioco-educativo-per-tutti-pensiamo-le-risposte,it,Spiritualità,spiritualita,dry,
c4f81f04-508b-411d-a2ad-60060eebb676,depressione-chi-mi-libera,it,,,skip_null,
0301f938-3d8b-4014-8012-47e9fe8a911c,larte-di-costruire-giocattoli-creativi,it,Cultura,cultura,dry,
21beb932-d897-4994-a3b1-77188487d881,dio-non-differenze,it,Catechesi,,unknown,Valore non mappato: 'Catechesi' — aggiungere a categorie.json o assegnare manualmente
d56f5013-21f4-4a83-aa0a-15692a219fd1,tenendoci-mano-cresima-insieme,it,Catechesi,,unknown,Valore non mappato: 'Catechesi' — aggiungere a categorie.json o assegnare manualmente
7e20a256-098f-449e-8220-75dff7ebeb8d,sacramenti-e-disabili,it,Catechesi,,unknown,Valore non mappato: 'Catechesi' — aggiungere a categorie.json o assegnare manualmente
ffeb64f5-47d6-406c-905e-0b14ea15627b,non-conosco-la-tua-lingua-ma-desidero-impararla,it,Catechesi,,unknown,Valore non mappato: 'Catechesi' — aggiungere a categorie.json o assegnare manualmente
df19bbc0-42e8-4191-bb4e-f03deb00bd22,eucaristia-e-cresima-di-giacomo,it,Catechesi,,unknown,Valore non mappato: 'Catechesi' — aggiungere a categorie.json o assegnare manualmente
1c2cb0a5-f1c4-44e0-994f-c82eed672721,quelli-piu-simili-a-lui,it,Catechesi,,unknown,Valore non mappato: 'Catechesi' — aggiungere a categorie.json o assegnare manualmente
41e78fec-bcaf-44e6-9cf7-a9bdd88838bf,vita-cristiana-e-disabilita,it,Catechesi,,unknown,Valore non mappato: 'Catechesi' — aggiungere a categorie.json o assegnare manualmente
27201dc1-5f51-406c-94b1-b512b51c5755,centro-sperimentale-per-lautismo,it,Salute,,unknown,Valore non mappato: 'Salute' — aggiungere a categorie.json o assegnare manualmente
eaf49336-4204-4b02-9b96-3dc05dfb199a,dialogo-aperto-n-52,it,Famiglia,,unknown,Valore non mappato: 'Famiglia' — aggiungere a categorie.json o assegnare manualmente
dabd6d3e-036e-42e5-8e94-3f086ab525ab,ora-so-perche-pianto-dei-fiori,it,Famiglia,,unknown,Valore non mappato: 'Famiglia' — aggiungere a categorie.json o assegnare manualmente
e1cf2c7d-a424-4937-b1e2-5aab4d8046bb,come-preparare-al-sacramento,it,Catechesi,,unknown,Valore non mappato: 'Catechesi' — aggiungere a categorie.json o assegnare manualmente
19889a58-b4dc-4e9b-8942-5e15e51351df,il-mio-nome-e-trappola-la-favola-di-anna,it,Cultura,cultura,dry,
19889a58-b4dc-4e9b-8942-5e15e51351df,il-mio-nome-e-trappola-la-favola-di-anna,it,Cultura,cultura,dry,
dec393c7-44dd-43ad-a71e-18fd16788bf9,comunita-famiglia-di-endine,it,Progetti,,unknown,Valore non mappato: 'Progetti' — aggiungere a categorie.json o assegnare manualmente
b83b8f5d-b2bb-4118-b7ca-448346b17b78,oltre-lhandicap-esperienze-e-proposte-a-contatto-con-bambini,it,Cultura,cultura,dry,
460c381d-2f3b-4902-94a3-d71e15584f42,i-fornelli-di-marta-e-matteo,it,Progetti,,unknown,Valore non mappato: 'Progetti' — aggiungere a categorie.json o assegnare manualmente
a72dd4cd-0f80-4a33-baba-adfdeca47430,cambiare-il-cuore,it,Cultura,cultura,dry,
2c1a7cfc-853d-4b7a-aed4-920021263e74,vita-fede-luce-53,it,Fede e Luce,fede-e-luce,dry,
075b2bf5-afe5-426f-9cc2-29c3d4155271,dialogo-aperto-n-53-en,en,,,skip_null,
40506837-10f6-4a5b-b8e8-c0427c455376,ce-un-problema-col-tuo-bambino,it,Famiglia,,unknown,Valore non mappato: 'Famiglia' — aggiungere a categorie.json o assegnare manualmente
4013c2e6-0edf-4298-87f6-e2e4250c93e1,ai-genitori-e-agli-amici,it,Famiglia,,unknown,Valore non mappato: 'Famiglia' — aggiungere a categorie.json o assegnare manualmente
eb649bad-3167-43aa-96ae-15cf5791cde3,lo-sconforto-emotivo-esige-comprensione,it,Famiglia,,unknown,Valore non mappato: 'Famiglia' — aggiungere a categorie.json o assegnare manualmente
be6d64ff-4231-47d1-877f-649466a9dc35,pane-amore-e-fantasia,it,Famiglia,,unknown,Valore non mappato: 'Famiglia' — aggiungere a categorie.json o assegnare manualmente
6c07897c-5dbe-44f1-82f8-3367732a787c,comunita-alloggio-per-persone-con-handicap-intellettivo,it,Progetti,,unknown,Valore non mappato: 'Progetti' — aggiungere a categorie.json o assegnare manualmente
6b4ffb3d-63aa-4ed1-b3bb-2e7f99fef9a2,terapia-della-realta-una-sfida-la-pedagogia-della-condivisio,it,Cultura,cultura,dry,
51106bcd-de3e-40a9-9c68-bd040e164e5f,attivita-didattiche-per-autistici-valutazione-e-trattamento-,it,Cultura,cultura,dry,
9c248e1d-f20c-42ae-a054-dad6cecc9209,in-pizzeria,it,Fede e Luce,fede-e-luce,dry,
afac3e51-057a-4b61-a180-08dfb6cafa34,i-miei-30-anni-allarca,it,,,skip_null,
9c91101e-8ea3-45ee-9a0f-3978a481f94e,lettere-sul-dolore-uno-sguardo-sul-mistero-della-sofferenza,it,Cultura,cultura,dry,
bbc90912-c35e-4386-aff8-8edc7f8b5c6c,un-teatro-diverso,it,Cultura,cultura,dry,
3a6c7b76-d999-4d2c-99ef-da06ee58e0ad,lascia-che-vada-a-vivere-fuori-di-casa,it,Famiglia,,unknown,Valore non mappato: 'Famiglia' — aggiungere a categorie.json o assegnare manualmente
790e02d9-e934-4032-a334-aaca3b743fe9,dialogo-aperto-n-54,it,Famiglia,,unknown,Valore non mappato: 'Famiglia' — aggiungere a categorie.json o assegnare manualmente
25e7c622-2092-4354-a0f8-055305665166,anche-loro-hanno-una-propria-storia,it,Famiglia,,unknown,Valore non mappato: 'Famiglia' — aggiungere a categorie.json o assegnare manualmente
1b253602-701a-457c-9861-184d86ee11c5,formazione-morale-e-disabili,it,Famiglia,,unknown,Valore non mappato: 'Famiglia' — aggiungere a categorie.json o assegnare manualmente
746e8789-d6eb-40dc-b2b9-370f3b186741,vocabolario-alcuni-termini-per-capire-meglio-lhandicap,it,Famiglia,,unknown,Valore non mappato: 'Famiglia' — aggiungere a categorie.json o assegnare manualmente
2d01f039-ea41-41a4-bd3e-165a41f0b561,itaca-laboratorio-di-attivita-artistiche,it,Progetti,,unknown,Valore non mappato: 'Progetti' — aggiungere a categorie.json o assegnare manualmente
9398c7db-c8b1-41c0-a6ad-035096e8fd0e,un-bambino-speciale-in-famiglia,it,Cultura,cultura,dry,
ebbd53b3-1f99-4cbb-96a4-c8112713441b,vestita-di-nuvole,it,Cultura,cultura,dry,
aff06702-f5ca-45bc-ae5b-b8c140239a88,catechesi-anche-le-persone-autistiche,it,Catechesi,,unknown,Valore non mappato: 'Catechesi' — aggiungere a categorie.json o assegnare manualmente
1c7c61b9-fe40-497d-ab14-e9e4ca8d7aa2,dialogo-aperto-n-55,it,Fede e Luce,fede-e-luce,dry,
5cb2c212-dcce-4c14-8b5f-e1a4242ebd58,dopo-di-noi-sono-molti-ad-aspettare,it,Fede e Luce,fede-e-luce,dry,
ba7c256d-b32d-4911-9b83-86a8732a0415,ho-guadagnato-un-anno-al-carro,it,Progetti,,unknown,Valore non mappato: 'Progetti' — aggiungere a categorie.json o assegnare manualmente
0bc960ae-1565-4df2-a5a0-497e7bbfcf33,prigioniero-di-me-stesso-viaggio-dentro-lautismo,it,Cultura,cultura,dry,
9eb418be-797d-4c03-be5d-d1fc82658687,autismo-e-psicosi-infantile-negli-articoli-di-ombre-e-luci,it,Famiglia,,unknown,Valore non mappato: 'Famiglia' — aggiungere a categorie.json o assegnare manualmente
54381f2a-7654-4402-adb1-01c335e23e01,che-capisce-e-noi,it,Famiglia,,unknown,Valore non mappato: 'Famiglia' — aggiungere a categorie.json o assegnare manualmente
a8252dbd-185a-4cae-bcce-c7b5978300db,quale-metodo-scegliere,it,Famiglia,,unknown,Valore non mappato: 'Famiglia' — aggiungere a categorie.json o assegnare manualmente
b7c21d50-73b9-4dff-8e7f-8b2dff9eac09,sono-molti-ad-aspettare,it,Fede e Luce,fede-e-luce,dry,
8debfd45-34b2-4c2a-90be-e75a142f0a07,catechesi-anche-per-le-persone-autistiche,it,Famiglia,,unknown,Valore non mappato: 'Famiglia' — aggiungere a categorie.json o assegnare manualmente
74900990-263e-44f7-b479-f0b4fc45808a,ma-costanza-danza-col-vento,it,Famiglia,,unknown,Valore non mappato: 'Famiglia' — aggiungere a categorie.json o assegnare manualmente
f99f59a8-1dbe-4c7e-b37e-bb4caa3517f7,libri-per-conoscere-lautismo,it,Cultura,cultura,dry,
164f5582-821f-4d13-9790-42e89a490d29,a-37-anni-cati-progredisce,it,Famiglia,,unknown,Valore non mappato: 'Famiglia' — aggiungere a categorie.json o assegnare manualmente
39017d9b-a267-4d03-a624-165ccb4c39a2,le-richieste-della-sorella-di-un-ragazzo-disabile-ai-suoi-am,it,Famiglia,,unknown,Valore non mappato: 'Famiglia' — aggiungere a categorie.json o assegnare manualmente
32c7c532-45b4-47b8-9af5-2ccc4dda78a9,fratelli-nella-notte,it,Famiglia,,unknown,Valore non mappato: 'Famiglia' — aggiungere a categorie.json o assegnare manualmente
d45d1ee7-a16e-4782-bb27-ea634e3239e8,perche-non-mi-capisci,it,Famiglia,,unknown,Valore non mappato: 'Famiglia' — aggiungere a categorie.json o assegnare manualmente
8dabc561-d981-45bf-979a-39af877da896,dondolando-tra-lamore-e-lodio,it,Famiglia,,unknown,Valore non mappato: 'Famiglia' — aggiungere a categorie.json o assegnare manualmente
6f84549a-6dda-4740-957c-1a943b07b43a,genitori-non-fateci-arrabbiare,it,Famiglia,,unknown,Valore non mappato: 'Famiglia' — aggiungere a categorie.json o assegnare manualmente
4196d72a-7048-4964-a051-6a81ba66becd,finalmente-sei-arrivata,it,Spiritualità,spiritualita,dry,
682328f2-4f93-4cf0-99db-c8a6bb7c4c1a,care-sorelle-cari-fratelli,it,Famiglia,,unknown,Valore non mappato: 'Famiglia' — aggiungere a categorie.json o assegnare manualmente
644721ea-bdac-4a4b-b7ca-e2b7c3bc9f74,recensione-del-film-lottavo-giorno,it,Cultura,cultura,dry,
eb1cfda1-875d-4803-a6c5-60891bc8ccaf,la-morte-amica-lezioni-di-vita-da-chi-sta-per-morire,it,Cultura,cultura,dry,
567b142d-f3d8-4bcc-9966-e1b52ff423cf,il-bambino-con-handicap-dalla-nascita-allintegrazione,it,Cultura,cultura,dry,
b7073215-750d-4a3e-bb98-b1f35156ad8f,ogni-uomo-e-una-storia-sacra,it,Cultura,cultura,dry,
0a23ed0c-238c-43ea-ba6a-687fd5858944,essere-padrino-di-mario,it,Fede e Luce,fede-e-luce,dry,
ce53aed6-ffa2-4026-bad4-dc5b658d64d2,vieni-spirito-vita,it,Catechesi,,unknown,Valore non mappato: 'Catechesi' — aggiungere a categorie.json o assegnare manualmente
fc0b8ff8-8b5c-467b-8cc0-99919c61b7e3,mi-ha-insegnato-ad-amare,it,Famiglia,,unknown,Valore non mappato: 'Famiglia' — aggiungere a categorie.json o assegnare manualmente
bf71e990-dd47-4828-b61e-57dde9e33e18,il-nostro-cammino,it,Catechesi,,unknown,Valore non mappato: 'Catechesi' — aggiungere a categorie.json o assegnare manualmente
2e768ee9-463a-4170-90a0-ed0964f83a92,solitudine-nella-sofferenza,it,Famiglia,,unknown,Valore non mappato: 'Famiglia' — aggiungere a categorie.json o assegnare manualmente
bf5b6108-9635-46e5-aa28-a0d7c0970e69,lo-sguardo-degli-altri,it,Spiritualità,spiritualita,dry,
478658ef-ebd3-44f5-8bef-e72cfde02c9d,quando-lamore-e-mancato,it,Famiglia,,unknown,Valore non mappato: 'Famiglia' — aggiungere a categorie.json o assegnare manualmente
f9d6b095-061f-4262-bb1b-5c6a3ae6ebe6,i-bambini-alla-scoperta-di-roma-antica,it,Cultura,cultura,dry,
0729a52b-a726-4dc1-a6b0-17ba1447fc7f,igor-o-limprevisto-di-dio,it,Spiritualità,spiritualita,dry,
f35377f4-4dfc-41c0-be50-bb7c4fb832a5,soluzione-per-malati-mentali-insieme-si-puo,it,Progetti,,unknown,Valore non mappato: 'Progetti' — aggiungere a categorie.json o assegnare manualmente
8b098758-906d-4619-a74a-2cb45a3e824a,il-libro-di-alice,it,Cultura,cultura,dry,
b1b698b9-4050-4f7d-a3f1-783ac8af91ff,dialogo-aperto-n-57,it,Famiglia,,unknown,Valore non mappato: 'Famiglia' — aggiungere a categorie.json o assegnare manualmente
31bfd333-81d7-410f-8e81-c9638df4be93,chicchi-di-grano-dalla-bibbia,it,Cultura,cultura,dry,
476913bd-7eb1-4282-97e0-8c8d190e7392,a-scuola-con-tre-insegnanti,it,Scuola,,unknown,Valore non mappato: 'Scuola' — aggiungere a categorie.json o assegnare manualmente
736f7df3-b289-49c8-a5af-bcbf63a9e017,dedicato-ai-bambini,it,Spiritualità,spiritualita,dry,
f49c3a3d-fe3f-417d-9571-06bfff56db7d,il-senso-di-luca-nella-tua-vita,it,Spiritualità,spiritualita,dry,
eacb4f58-68d4-484c-8621-5f9dcd701f57,quando-se-ne-vanno-prima-di-noi,it,Fede e Luce,fede-e-luce,dry,
125e2980-b9c2-41af-a05e-a59abe178c1e,una-soria-vera,it,Famiglia,,unknown,Valore non mappato: 'Famiglia' — aggiungere a categorie.json o assegnare manualmente
7399c283-a6be-40f3-89ae-5d3edb1a2a44,un-hamburger-fatto-bene,it,Lavoro,,unknown,Valore non mappato: 'Lavoro' — aggiungere a categorie.json o assegnare manualmente
363e59fb-3d7c-410b-b97d-b000151c387b,vita-fede-e-luce-n58-1997,it,Fede e Luce,fede-e-luce,dry,
265701e0-9aed-4812-9891-02209f6b13bf,dialogo-aperto-n-58,it,Cultura,cultura,dry,
0dc471fe-3e3f-4a6f-89c7-ebb34b154fe7,dedicato-ai-bambini-flavio,it,Spiritualità,spiritualita,dry,
0cf09074-a625-4258-b293-2b6cde43d6ae,come-progettare-una-comunita,it,Progetti,,unknown,Valore non mappato: 'Progetti' — aggiungere a categorie.json o assegnare manualmente
8a95de0d-4a05-43c2-9fd6-798e75ef4a0e,sordo-cecita-conoscere-per-prevenire,it,Cultura,cultura,dry,
16927269-98d5-4187-9495-dda7000c2b67,come-fare-una-buona-vacanza,it,Fede e Luce,fede-e-luce,dry,
029cc311-db14-4c56-8e1b-50c73a79d6f6,il-mio-piede-sinistro-il-film,it,Cultura,cultura,dry,
a649de78-7d8f-4926-af77-f55bdc254d81,lottavo-giorno-recensione-film,it,Cultura,cultura,dry,
22c626f8-423d-4685-ba12-4f5a46e6d0d9,venite-e-vedete-un-ritiro-con-jean-vanier,it,Personaggi che ispirano,,unknown,Valore non mappato: 'Personaggi che ispirano' — aggiungere a categorie.json o assegnare manualmente
fc97d36c-860c-49a1-aeae-b06aefa39d55,catalogo-ragionato-di-film-dedicati-al-tema-della-disabilita,it,Cultura,cultura,dry,
a18471ba-d43c-4f63-ade7-753ab326d3a9,comunita-tau-la-nostra-casa,it,Progetti,,unknown,Valore non mappato: 'Progetti' — aggiungere a categorie.json o assegnare manualmente
fce16f1e-f012-4c3d-9753-e3de1e347ba8,jean-vanier-premio-paolo-iv,it,Personaggi che ispirano,,unknown,Valore non mappato: 'Personaggi che ispirano' — aggiungere a categorie.json o assegnare manualmente
fae1d074-fe55-4889-99a8-289a511232ff,rain-man-la-recensione,it,Cultura,cultura,dry,
ce13f20b-01f2-47d5-9fd7-b165998f1857,e-dopo-parliamo-damore,it,Cultura,cultura,dry,
7919e055-0dff-4948-b458-0bd4f57adc15,la-loro-vita-nei-film,it,Cultura,cultura,dry,
eebd6f02-ce8d-457f-9368-b45ed04e2aae,pezzi-di-vita,it,Cultura,cultura,dry,
7e12f904-85b5-4149-b0be-636fe77f23ab,il-compleanno-di-chiara,it,Spiritualità,spiritualita,dry,
8cacb601-e987-4ebd-a1f3-f8449cc8c1b3,figli-di-un-dio-minore-recensione,it,Cultura,cultura,dry,
7f43f813-c8ac-4ba4-ba7c-7b1396a1e0c0,madre-di-famiglia,it,Spiritualità,spiritualita,dry,
93d0016b-a2b4-4bcf-9f59-1f278ea2b396,laiuto-spirituale-dei-nonni,it,Famiglia,,unknown,Valore non mappato: 'Famiglia' — aggiungere a categorie.json o assegnare manualmente
ce24899c-30a5-49a9-8584-77312c25aec2,dialogo-aperto-n-60,it,Famiglia,,unknown,Valore non mappato: 'Famiglia' — aggiungere a categorie.json o assegnare manualmente
15e04c3f-6a0f-49de-a268-55a32ce190db,i-nonni-possono-fare-molto,it,Famiglia,,unknown,Valore non mappato: 'Famiglia' — aggiungere a categorie.json o assegnare manualmente
3b809e42-f9b4-4424-8952-670c0ccc1f8b,i-suoi-nonni,it,Spiritualità,spiritualita,dry,
6f014b42-c92f-4819-b855-c47a96a6b23e,non-dopo-di-noi-ma-prima-come-fratelli-anche-lui-lascia-la-c,it,Famiglia,,unknown,Valore non mappato: 'Famiglia' — aggiungere a categorie.json o assegnare manualmente
dcc9c901-f5b2-4c54-a21b-83bc85ce1179,dedicato-ai-bambini-carlo,it,Spiritualità,spiritualita,dry,
11a65793-87d6-4c94-8307-f4e67c5d54e5,vita-fede-e-luci-n-60,it,Fede e Luce,fede-e-luce,dry,
94934d6a-76d8-46ba-9b3f-f33dddc9aceb,non-voleva-bene-a-sofia,it,Spiritualità,spiritualita,dry,
cf417b9d-ad60-4c34-9896-ef783aaace90,dai-nonni-una-tenerezza-in-piu,it,Famiglia,,unknown,Valore non mappato: 'Famiglia' — aggiungere a categorie.json o assegnare manualmente
7aac526b-d91e-41cd-b0ad-ade4e856557f,margherita-ricordi-mi-chiedesti-lane-di-colori-diversi,it,Famiglia,,unknown,Valore non mappato: 'Famiglia' — aggiungere a categorie.json o assegnare manualmente
696406c5-1e11-44f9-8c67-f303b6809d14,teresa,it,Famiglia,,unknown,Valore non mappato: 'Famiglia' — aggiungere a categorie.json o assegnare manualmente
51496080-da49-439e-867b-066ec138edcf,quella-lieve-disabilita,it,Famiglia,,unknown,Valore non mappato: 'Famiglia' — aggiungere a categorie.json o assegnare manualmente
3f6ab185-308c-46a2-9fc2-f84bbe3fec8b,marco-e-daniela,it,Spiritualità,spiritualita,dry,
31793793-fa14-4869-ae39-7a8212b9d9f5,luigi-monza-una-storia-illustrata,it,Spiritualità,spiritualita,dry,
9394a4bb-5d83-4356-b161-d270a4ea01fa,la-scelta-di-alessandra,it,Cultura,cultura,dry,
1d5a32ae-af60-46d4-bc98-869eae280636,benedetta-raccontata-da-sua-sorella,it,Famiglia,,unknown,Valore non mappato: 'Famiglia' — aggiungere a categorie.json o assegnare manualmente
f5f81c4f-5690-4b26-9bea-bc308b2564b0,dialogo-aperto-n-61,it,Famiglia,,unknown,Valore non mappato: 'Famiglia' — aggiungere a categorie.json o assegnare manualmente
4ef2b888-f1a0-4635-9455-bdacc407e169,lassociazione-la-nostra-famiglia,it,Famiglia,,unknown,Valore non mappato: 'Famiglia' — aggiungere a categorie.json o assegnare manualmente
da55a5ea-b89e-4b3a-9a5c-3ec44355f5a7,jean-vanier-e-larca-una-comunione-damore,it,Cultura,cultura,dry,
b9f1575a-0c5e-4432-b063-f4595924d6f6,10-passi-verso-il-pensiero-positivo,it,Cultura,cultura,dry,
5aa8c87c-1731-4849-a78f-b91266aba6f4,tre-racconti-dello-spirito-lettera-pastorale-per-verificarci,it,Cultura,cultura,dry,
4699e20d-ec2e-49ab-98ab-487496a0298a,teatro-in-piazza,it,Cultura,cultura,dry,
ca8423dc-a280-40e5-832a-ab133a588786,sullhimalaya-insieme-a-ragazzi-con-disabilita,it,Famiglia,,unknown,Valore non mappato: 'Famiglia' — aggiungere a categorie.json o assegnare manualmente
de80f64a-1009-49d7-9166-ba7c20e73795,dedicato-ai-bambini-e-a-tutti-noi-alice,it,Spiritualità,spiritualita,dry,
99ce1b26-a509-40cf-8093-4f5ffe6412c1,cirano-insegna,it,Cultura,cultura,dry,
613a76c1-fd5a-4304-8c84-28daa0bb9961,teatro-privato,it,Cultura,cultura,dry,
464dd3fa-b52f-4094-8983-81cac21255ae,aspettate-arrivo,it,Fede e Luce,fede-e-luce,dry,
e4aa38a2-aacd-4207-a587-039eb1cbc1dc,teatro-in-un-gruppo-fede-e-luce,it,Cultura,cultura,dry,
a4943ec6-720d-415f-9685-4d969235605a,dialogo-aperto-n-62,it,Fede e Luce,fede-e-luce,dry,
c6019e14-4a50-491e-85b3-6d5dc8efc5c6,fiorangela-un-inno-alla-vita,it,Cultura,cultura,dry,
70850f58-b27e-4b7d-b608-a833ac639628,creativita-al-servizio-dell-handicap,it,Famiglia,,unknown,Valore non mappato: 'Famiglia' — aggiungere a categorie.json o assegnare manualmente
54c751de-fdea-4bf1-8ba6-1cc7dcfcbab2,vita-fede-e-luce-n-62,it,Fede e Luce,fede-e-luce,dry,
a5c2ff63-caf1-4f87-9175-42b684ecadb1,giulia-non-e-bella,it,Cultura,cultura,dry,
a3db0e90-f7ea-43ac-96df-5e7d4e2078d6,approfittiamo-delle-vacanze-per-imparare,it,Spiritualità,spiritualita,dry,
b620e28b-f73d-4535-a516-ab0c8f9d8185,maria-e-i-delfini,it,Cultura,cultura,dry,
089f627a-37f0-4a2f-b037-7c79bd35e5f1,se-mi-vuoi-bene-dimmi-di-no-regole-e-potere-positivo-per-aiu,it,Cultura,cultura,dry,
5f4a4dc9-bc34-4ea0-9341-c1766aa9eca5,dialogo-aperto-n-64,it,Fede e Luce,fede-e-luce,dry,
224ab67b-5100-4ed7-bb2b-abc1533a3d48,vita-fede-e-luce-n-63,it,Fede e Luce,fede-e-luce,dry,
fad56a56-3665-4e7f-9fdd-0703c068942e,congresso-mondiale-dei-movimenti-ecclesiastici-1998,it,Fede e Luce,fede-e-luce,dry,
4b87b105-6440-4cf8-a60e-4a82e602f641,maria-teresa-di-calcutta-dedicato-ai-bambini,it,Spiritualità,spiritualita,dry,
d79e7962-6358-4c10-8838-33db61a1363e,ora-puo-riposare,it,Spiritualità,spiritualita,dry,
f63988e7-3a8d-4ffc-bae3-21f1ff1b9057,roberto-chi-sei,it,Famiglia,,unknown,Valore non mappato: 'Famiglia' — aggiungere a categorie.json o assegnare manualmente
74eb0674-50c2-4aa1-99f3-364fc952b904,isolamento-infranto,it,Famiglia,,unknown,Valore non mappato: 'Famiglia' — aggiungere a categorie.json o assegnare manualmente
80d153fd-2ac3-4633-a8fc-74466779d0bd,dialogo-aperto-n-63-1998,it,Fede e Luce,fede-e-luce,dry,
e15a987e-2850-44a3-be12-3617a80ba9fb,hikari-una-famiglia,it,Cultura,cultura,dry,
df6e54ed-4d58-4a97-8965-d76ea67b789d,giorno-di-festa-al-melograno,it,Famiglia,,unknown,Valore non mappato: 'Famiglia' — aggiungere a categorie.json o assegnare manualmente
3ae8a16d-313b-40e6-bd22-d9eca65076ee,comunicazione-facilitata-sinceramente-increduli,it,Fede e Luce,fede-e-luce,dry,
7e118f17-a304-4859-a3a0-969f35e0c393,mother-teresa-of-calcutta-dedicated-to-children-and-to-all-o,en,Spiritualità,spiritualita,dry,
15bfa3b7-ac67-4f9b-ad02-3a70da22d708,roberto-trova-unaltra-casa,it,Famiglia,,unknown,Valore non mappato: 'Famiglia' — aggiungere a categorie.json o assegnare manualmente
ffd622b6-6e73-4daa-9ba4-beaea0afde25,comunicazione-facilitata-impossibile-tacere,it,Famiglia,,unknown,Valore non mappato: 'Famiglia' — aggiungere a categorie.json o assegnare manualmente
660182fc-8a28-4d93-8d1e-b184ff10ca99,catechesi-facilitata,it,Catechesi,,unknown,Valore non mappato: 'Catechesi' — aggiungere a categorie.json o assegnare manualmente
767943e0-83ae-4230-bb41-3ec86adaaaec,sapersi-meravigliare,it,Fede e Luce,fede-e-luce,dry,
f48c02d7-4b7c-46a3-8bfd-37cf28eb0582,mimo-momento-preghiera-fede-luce,it,Catechesi,,unknown,Valore non mappato: 'Catechesi' — aggiungere a categorie.json o assegnare manualmente
205b8ef9-543d-4c54-a771-104063f70524,la-tua-parola-e-per-tutti-henri-bissonnier,it,Cultura,cultura,dry,
7588ca6e-bd3e-42ae-a1e0-53cecf716e9b,una-scuola-su-misura,it,Scuola,,unknown,Valore non mappato: 'Scuola' — aggiungere a categorie.json o assegnare manualmente
022c182e-41bb-411f-83cc-40e25bd3b246,fausta,it,Fede e Luce,fede-e-luce,dry,
cc24bcb0-3b77-4aa9-b85b-f49be876936a,vita-fede-luce-64,it,Fede e Luce,fede-e-luce,dry,
46346575-dfe1-4c92-bd3b-10fd5f318303,il-chicco,it,Progetti,,unknown,Valore non mappato: 'Progetti' — aggiungere a categorie.json o assegnare manualmente
cfe4b3ed-0fa6-44fa-a258-e0f3388a70b5,ognuno-a-modo-suo,it,Cultura,cultura,dry,
6fb97d32-3a7a-4413-bd2d-c89d53810d7e,le-idee-dellarca,it,Progetti,,unknown,Valore non mappato: 'Progetti' — aggiungere a categorie.json o assegnare manualmente
c8ab7347-0aab-4048-b7be-5e55e6c2bd0d,perche-scuola-potenziata-e-centro-socio-educativo-per-piccol,it,Scuola,,unknown,Valore non mappato: 'Scuola' — aggiungere a categorie.json o assegnare manualmente
52e7187f-c821-4193-804c-7808b1769be4,decalogo-per-insegnare-alle-persone-con-disabilita,it,Famiglia,,unknown,Valore non mappato: 'Famiglia' — aggiungere a categorie.json o assegnare manualmente
501500f2-f287-4932-b0aa-d2f54d74a0d0,non-sta-piu-in-un-angolo,it,Scuola,,unknown,Valore non mappato: 'Scuola' — aggiungere a categorie.json o assegnare manualmente
19e31726-4e6a-45e5-9c8c-94fc6258ce4c,la-tua-parola-tutti,it,Catechesi,,unknown,Valore non mappato: 'Catechesi' — aggiungere a categorie.json o assegnare manualmente
39a81909-db3e-4fc7-9963-71acd186f2bf,luca-mio-figlio-autistico,it,Catechesi,,unknown,Valore non mappato: 'Catechesi' — aggiungere a categorie.json o assegnare manualmente
6552e9d0-6e48-4e12-bab9-e6ae083ab0b5,con-clara-siamo-in-sei,it,Cultura,cultura,dry,
e95e1aa5-b753-4878-9c70-55f7eef78b89,sempre-io-christopher-reeve,it,Cultura,cultura,dry,
93760bde-3cf8-405e-83aa-a5076f723aa1,vita-fede-e-luce-n-66,it,Fede e Luce,fede-e-luce,dry,
ed137225-d1b3-4281-80a0-4f1785899619,e-francesca-e-basta,it,Cultura,cultura,dry,
64e04c56-3f4e-4dbe-8505-8d0c87ad8bae,dialogo-aperto-n-66,it,Spiritualità,spiritualita,dry,
8f4b037e-45a2-48c2-b1f9-7546b12eb2e2,a-tavolaaaa,it,Tempo libero,,unknown,Valore non mappato: 'Tempo libero' — aggiungere a categorie.json o assegnare manualmente
a0983430-7fa7-44cd-9098-0a0dcc49ff3d,le-pagnottelle-di-s-giuseppe,it,Spiritualità,spiritualita,dry,
568ecc3b-803b-4c95-9d27-8f875216fca7,dedicato-ai-bambini-francesco-gammarelli,it,Fede e Luce,fede-e-luce,dry,
fd834213-8c1d-430d-86f8-b8f5839ae902,la-sindrome-di-prader-willi,it,Spiritualità,spiritualita,dry,
f6583b13-f50b-4b88-9fd8-6279ef85a53d,quando-mangiare-e-un-problema-intervista-con-marie-odile-ret,it,Spiritualità,spiritualita,dry,
43cfad63-7ce0-4daa-82dd-9c39b08a5173,preghiera-per-i-bambini,it,Spiritualità,spiritualita,dry,
a3bd167f-78fa-4d2c-85fd-67ed667e46a9,io-sono-una-donna-perche-mi-chiami-andicappata,it,Cultura,cultura,dry,
d96da3ce-2412-4434-a897-bc78d1bc6241,lettera-aperta-ai-genitori-di-bambini-speciali,it,Famiglia,,unknown,Valore non mappato: 'Famiglia' — aggiungere a categorie.json o assegnare manualmente
19118003-f119-4390-9e82-e661d30603f3,ombre-e-luci-oggi-ha-ancora-senso,it,Famiglia,,unknown,Valore non mappato: 'Famiglia' — aggiungere a categorie.json o assegnare manualmente
30256585-adae-4e7f-9f42-2ef945902224,intorno-alla-nascita,it,Salute,,unknown,Valore non mappato: 'Salute' — aggiungere a categorie.json o assegnare manualmente
8b86fa89-e832-496d-b44c-6017ba1d3dd5,i-nostri-grandi-amici-san-giuseppe-da-copertino,it,Spiritualità,spiritualita,dry,
80d7e27c-6609-4951-b9df-9b358f2667b9,vivere-lautismo-manuale-di-sopravvivenza-per-i-genitori,it,Cultura,cultura,dry,
8ad0f45d-96ef-4469-8dff-41bc06c99a6d,la-mamma-e-il-teologo,it,Catechesi,,unknown,Valore non mappato: 'Catechesi' — aggiungere a categorie.json o assegnare manualmente
e92f52e7-80d4-47f4-8acc-bfb66c6e6d1f,una-nuova-casa-famiglia-oikos,it,Progetti,,unknown,Valore non mappato: 'Progetti' — aggiungere a categorie.json o assegnare manualmente
e07d7a81-e232-4c9b-a60a-57e50f4ee162,piu-forti-di-loro-scritti-monaci-trappisti-uccisi-algeria-19,it,Cultura,cultura,dry,
bf9f229b-0e50-47ef-b898-3e902e740312,un-fratello-da-nascondere,it,Cultura,cultura,dry,
689c1946-03df-47e4-bf02-2177caf39ab1,dialogo-aperto-n-65,it,Fede e Luce,fede-e-luce,dry,
8c63ca19-7279-4584-a2fb-ef22e329e8c7,la-preghiera-con-maria-teresa,it,Spiritualità,spiritualita,dry,
20c34fa5-14bc-4142-9f7d-cd5f3b46f4da,vita-fede-e-luce-n-65,it,Fede e Luce,fede-e-luce,dry,
468b2ffd-2117-48e8-8f84-bdf17042ff88,papa-e-cieco,it,Famiglia,,unknown,Valore non mappato: 'Famiglia' — aggiungere a categorie.json o assegnare manualmente
1893b7cc-fb57-4c59-a345-b62471a35239,hanno-avuto-un-grave-incidente,it,Famiglia,,unknown,Valore non mappato: 'Famiglia' — aggiungere a categorie.json o assegnare manualmente
35615098-5b36-4473-a4da-45090178f245,una-persona-vera,it,Cultura,cultura,dry,
bf7b3c06-a39b-410c-9ef9-5738965fb101,laboratorio-la-stelletta,it,Tempo libero,,unknown,Valore non mappato: 'Tempo libero' — aggiungere a categorie.json o assegnare manualmente
f6b40e5e-5dd7-43b1-9c2e-6a9582850ea5,i-nostri-grandi-amici-charles-del-focauld-un-amico-di-gesu-n,it,Spiritualità,spiritualita,dry,
b64599bc-2108-4cce-b022-097e9f2f5ec8,verso-la-maturita,it,,,skip_null,
dcfc38b1-9d07-49c3-be90-818308496542,messaggi-tutte-le-abilita-della-comunicazione,it,Cultura,cultura,dry,
4e06cd54-345b-46be-9ab1-db84dc37c68d,labbraccio-benedicente-meditazione-sui-ritorno-del-figlio-pr,it,Cultura,cultura,dry,
2c799b2a-fde0-4574-af9d-7b0132b66fa5,vivere-con-un-figlio-down-per-costruire-giorno-per-giorno-un,it,Cultura,cultura,dry,
3288e893-4249-443d-80ea-2273a410c6d2,un-po-alla-volta,it,Famiglia,,unknown,Valore non mappato: 'Famiglia' — aggiungere a categorie.json o assegnare manualmente
21b913de-fd0f-4c53-b359-7b08dd5715d8,perche-mio-papa-non-puo-giocare-con-me,it,Famiglia,,unknown,Valore non mappato: 'Famiglia' — aggiungere a categorie.json o assegnare manualmente
d892ac96-6edd-470f-9ab3-69ad57ae4b34,ce-qualcosa-di-nuovo,it,Famiglia,,unknown,Valore non mappato: 'Famiglia' — aggiungere a categorie.json o assegnare manualmente
55d3018a-1124-4bd7-b15d-ec17e98abf39,per-aiutarlo,it,Famiglia,,unknown,Valore non mappato: 'Famiglia' — aggiungere a categorie.json o assegnare manualmente
8963b26f-d7cc-487e-987c-11129a17505c,con-le-porte-sempre-aperte,it,Famiglia,,unknown,Valore non mappato: 'Famiglia' — aggiungere a categorie.json o assegnare manualmente
b7afa260-7c71-467d-a40d-10e37257b34a,irene-e-i-suoi-in-casa-maria-grazia,it,Progetti,,unknown,Valore non mappato: 'Progetti' — aggiungere a categorie.json o assegnare manualmente
7d57b62e-6d95-4737-a3da-32adfcbad616,dialogo-aperto-n-68,it,Famiglia,,unknown,Valore non mappato: 'Famiglia' — aggiungere a categorie.json o assegnare manualmente
d4d7449f-af21-4ada-91bb-8b8eecabacb0,proprio-una-normalissima-famiglia,it,Famiglia,,unknown,Valore non mappato: 'Famiglia' — aggiungere a categorie.json o assegnare manualmente
4ea2abcd-e3c1-43bd-b558-22bdaef7d826,cecilia-vuole-una-casa,it,Famiglia,,unknown,Valore non mappato: 'Famiglia' — aggiungere a categorie.json o assegnare manualmente
1dd0982f-8168-4551-af03-1d4fc8a44963,comunita-il-ricino-di-giona,it,Famiglia,,unknown,Valore non mappato: 'Famiglia' — aggiungere a categorie.json o assegnare manualmente
9f1238dd-7bb2-4e58-8afe-9019745a80e5,voglio-credere,it,Educazione e Formazione,,unknown,Valore non mappato: 'Educazione e Formazione' — aggiungere a categorie.json o assegnare manualmente
102a028e-6bbd-4116-9854-2392ce51bc69,io-prete-ho-adottato-valentino,it,Famiglia,,unknown,Valore non mappato: 'Famiglia' — aggiungere a categorie.json o assegnare manualmente
626429eb-5337-4336-9b31-004a6521c20d,gioco-come-questa-casa,it,Spiritualità,spiritualita,dry,
e5164732-92fb-4983-9195-5bdda8b074a3,consigli-per-una-casa-aperta,it,Progetti,,unknown,Valore non mappato: 'Progetti' — aggiungere a categorie.json o assegnare manualmente
44317813-ca04-475c-a654-a7cf4d3c016f,se-qualcuno-bussa,it,Progetti,,unknown,Valore non mappato: 'Progetti' — aggiungere a categorie.json o assegnare manualmente
f6d3b5ae-938f-4209-af08-f61031f7b623,clara-va-al-mare-recensione,it,Cultura,cultura,dry,
cb7e1734-a596-48c8-814f-4b1cd734a511,villaggio-senza-barriere-un-luogo-di-accoglienza-insolito,it,Fede e Luce,fede-e-luce,dry,
ea9513cf-8a26-42c9-b52a-b9a0906da242,dialogo-aperto-n-69,it,Famiglia,,unknown,Valore non mappato: 'Famiglia' — aggiungere a categorie.json o assegnare manualmente
831229ee-6cd8-41e1-a7f1-fae071436325,rosamaria,it,Famiglia,,unknown,Valore non mappato: 'Famiglia' — aggiungere a categorie.json o assegnare manualmente
78a7de35-8193-4269-a49c-78db2b843339,mettersi-in-gioco-la-solidarieta-secondo-silvia-tamberi,it,Famiglia,,unknown,Valore non mappato: 'Famiglia' — aggiungere a categorie.json o assegnare manualmente
dd86c642-9e06-4e3c-9e0c-2474fe8628fb,gli-siamo-grati-per-questo-la-testimonianza-dei-genitori-di-,it,Famiglia,,unknown,Valore non mappato: 'Famiglia' — aggiungere a categorie.json o assegnare manualmente
1bfddd2d-5d82-4fe2-b39b-7192cbedde19,liberi-di-vivere-come-tutti-prima-conferenza-nazionale-delle,it,Progetti,,unknown,Valore non mappato: 'Progetti' — aggiungere a categorie.json o assegnare manualmente
dae6a6f8-a9f3-41f9-866c-53b019f439e5,a-proposito-di-sentimenti-parliamo-del-film-di-daniele-segre,it,Cultura,cultura,dry,
0feb7748-c2df-4e2a-be57-386c1e13b101,coraggio-immacolata,it,Famiglia,,unknown,Valore non mappato: 'Famiglia' — aggiungere a categorie.json o assegnare manualmente
f246d62e-60ce-49c0-ac1a-018ce946046c,la-sofferenza,it,,,skip_null,
fffa95d2-8d4b-45c6-842c-6875254c0093,il-libro-di-johann-io-vi-ho-amati-tu-recensionetti,it,Cultura,cultura,dry,
0a60e8e8-2660-4598-91c9-1c419b919740,la-sete-e-lacqua-della-speranza,it,Famiglia,,unknown,Valore non mappato: 'Famiglia' — aggiungere a categorie.json o assegnare manualmente
3493c599-4bd1-425e-ae19-86ab2951c954,dal-prato-alla-parete,it,Spiritualità,spiritualita,dry,
08275728-87c5-4be8-aadd-c7d59a48fab9,a-galla-sulla-camera-daria,it,Fede e Luce,fede-e-luce,dry,
5324dab8-e7cd-4c8e-9d56-4aef7279728f,stramonio-recensione-libro,it,Cultura,cultura,dry,
0301bacd-e47f-4a32-9e33-28251c6d8699,dialogo-aperto-n-70,it,Fede e Luce,fede-e-luce,dry,
f1f77d5e-c688-4bfd-91c7-ced072b90c1d,itinerari-guida-annuario-accoglienza-cattolica-italia-2000-r,it,Cultura,cultura,dry,
47799d45-f618-4847-a56e-a81d474a37bb,pronto-soccorso-in-una-bottiglietta,it,Famiglia,,unknown,Valore non mappato: 'Famiglia' — aggiungere a categorie.json o assegnare manualmente
7ff201e3-3381-4dc2-bffd-097998243815,centro-di-riabilitazione-il-testardo-pet-therapy,it,Fede e Luce,fede-e-luce,dry,
96d8a8e8-a178-4eb4-80ce-a3ef35ce0435,quando-la-natura-da-rivivere,it,Fede e Luce,fede-e-luce,dry,
cdbd2759-321b-4c70-9f5d-ed8ca1469ae2,la-nostra-parte,it,Spiritualità,spiritualita,dry,
59d921c6-75b0-453c-a361-aceeb1910d97,visto-con-il-cuore,it,Spiritualità,spiritualita,dry,
a1ff0ade-5fc9-4067-857e-2b2b5f6a6c0c,la-citta-di-leonia,it,Educazione e Formazione,,unknown,Valore non mappato: 'Educazione e Formazione' — aggiungere a categorie.json o assegnare manualmente
970a6592-5470-4293-9a36-57627cc5350f,cascina-rossago-un-bel-progetto-di-struttura-per-ragazzi-aut,it,Progetti,,unknown,Valore non mappato: 'Progetti' — aggiungere a categorie.json o assegnare manualmente
c889b5ba-21af-4564-909b-f9eb60e8d257,il-profumo-della-menta,it,Fede e Luce,fede-e-luce,dry,
296a4d5f-bca9-4dd9-9083-39510db8dd9d,la-logica-dellutopia-quando-nacque-la-comunita-di-capodarco-,it,Fede e Luce,fede-e-luce,dry,
bc89f246-d06c-427d-b530-449ed0da1d53,pappagalli-verdi-cronache-di-un-chirurgo-di-guerra-recension,it,Cultura,cultura,dry,
f135c1eb-7689-4138-9572-5795dff2dc03,un-angelo-canta-blu-la-vera-storia-di-cecilia-recensione,it,Cultura,cultura,dry,
c73f2854-fdee-4a57-804a-7392b10fb918,due-videocassette-utili-per-incontri-di-riflessione-e-di-pre,it,Cultura,cultura,dry,
16a2ad8b-ac47-472c-9ffa-e2edd70170dd,la-asl-va-in-montagna,it,Fede e Luce,fede-e-luce,dry,
7fb63e7f-e714-482e-ba44-e50a84050f62,cosicomesei-diario-di-bordo-di-un-neuropsichiatra-infantile-,it,Cultura,cultura,dry,
21395a2b-5f4f-460b-89eb-916e282d357c,gesu-basta-acqua,it,Fede e Luce,fede-e-luce,dry,
6f193ab4-036b-45ad-b232-c32289babad5,hallo-welcome-hej-hallozik,it,Famiglia,,unknown,Valore non mappato: 'Famiglia' — aggiungere a categorie.json o assegnare manualmente
cb2d14dc-9418-464f-afaa-6c9071f545fc,la-prima-notte-al-campeggio,it,Fede e Luce,fede-e-luce,dry,
19055a68-a5a1-4cb3-8842-4ca46e0a5def,dopo-la-scuola-dellobbligo-una-scelta-difficile,it,Famiglia,,unknown,Valore non mappato: 'Famiglia' — aggiungere a categorie.json o assegnare manualmente
fc6190a8-8845-4ae0-b1f9-47a7e82eebb9,mio-figlio-mi-esaspera,it,Famiglia,,unknown,Valore non mappato: 'Famiglia' — aggiungere a categorie.json o assegnare manualmente
3608cd08-cf96-47e5-a0e1-326e0d661da9,per-cercare-la-verita,it,,,skip_null,
0a9f07c2-9297-4484-ab9f-146adcb25100,il-dono-di-un-volto,it,Fede e Luce,fede-e-luce,dry,
b570786b-1774-4422-98e3-eb10777fa972,il-disabile-nella-societa-prospettive-di-integrazione-recens,it,Cultura,cultura,dry,
8e6d67c9-e95e-4abd-9ff8-1e9f41fec4f4,la-rivincita-di-tommi,it,Fede e Luce,fede-e-luce,dry,
36a4c808-1d5c-46c6-ad8c-9211fb6eaed6,dialogo-aperto-numero-71,it,Fede e Luce,fede-e-luce,dry,
2e2ff878-aa09-42f2-91b4-0c7f507a4cef,accostarsi-alla-verita,it,Fede e Luce,fede-e-luce,dry,
88443e61-cd93-4431-abdc-5650088673f8,le-a-della-vita-recensione-libro,it,Cultura,cultura,dry,
1df11293-1cc9-4b3a-943f-f00b3d40c4ab,si-chiude,it,Fede e Luce,fede-e-luce,dry,
51f8b69b-8f50-41a9-aefe-ea2c003f37a5,prova-a-capire-quel-che-non-dico,it,Spiritualità,spiritualita,dry,
0eb9eff1-c0ec-453f-a350-49b02bba5fd6,un-giorno-dopo-laltro-recensione-libro,it,Cultura,cultura,dry,
db329afa-6632-408f-a838-a9e46ea3ea94,nostalgia-di-comunione-nuovi-movimenti-sette-cristiane-o-seg,en,,,skip_null,
0081e04a-648c-49fa-8ccf-21cd88bc50dc,nostalgia-di-comunione-nuovi-movimenti-sette-cristiane-o-seg,it,Cultura,cultura,dry,
94c83822-b7de-422d-b0b5-b32ce0b19aca,perche-non-ci-capiamo,it,Progetti,,unknown,Valore non mappato: 'Progetti' — aggiungere a categorie.json o assegnare manualmente
8ab21944-38a0-4505-ba1e-75703b18ea7a,tutto-e-possibile-lettera-di-chiara,it,Fede e Luce,fede-e-luce,dry,
37784c2c-65cf-4d7d-8237-edf5efe14e76,medici-o-stregoni,it,Famiglia,,unknown,Valore non mappato: 'Famiglia' — aggiungere a categorie.json o assegnare manualmente
76277c1a-7a24-40a1-b7a0-98236958b873,blessings-tutto-diventa-benedizione-estratto-dal-libro,it,Cultura,cultura,dry,
90f520aa-d162-48e9-af7f-c3d2b07a1dbd,si-legge-tutto-dun-fiato-recensione-del-libro-blessings-di-m,it,Cultura,cultura,dry,
1c49d57d-1a09-452c-b0ad-4e168aa382b9,casablu-un-condominio-speciale,it,Progetti,,unknown,Valore non mappato: 'Progetti' — aggiungere a categorie.json o assegnare manualmente
18f5f3c7-c10e-4eca-b0ff-90e40473fac5,dialogo-aperto-n-72,it,Famiglia,,unknown,Valore non mappato: 'Famiglia' — aggiungere a categorie.json o assegnare manualmente
6fe2d926-1c63-4b0c-8f09-e92cda187cbb,la-tragedia-giovanni-chiara,it,Progetti,,unknown,Valore non mappato: 'Progetti' — aggiungere a categorie.json o assegnare manualmente
cb22f15a-273a-4430-bce1-c2c7aa78d4fa,nati-due-volte-estratto-libro-giuseppe-pontiggia,it,Spiritualità,spiritualita,dry,
13fe2356-879f-4abb-8fd9-aee8f14cb814,nessuna-pieta-che-immagine-trasmettono-dellhandicap-i-mezzi-,it,Cultura,cultura,dry,
fadf682f-24bd-4a23-a561-51bccec489d1,oggi-la-famiglia,it,Famiglia,,unknown,Valore non mappato: 'Famiglia' — aggiungere a categorie.json o assegnare manualmente
48fcedf4-d40e-432c-a58d-334567f816d9,un-natale-speciale,it,Spiritualità,spiritualita,dry,
0a17534b-d533-4c23-a6fe-2fd4bb77e4cc,nessuno-escluso-il-natale-del-laboratorio-lalveare,it,Tempo libero,,unknown,Valore non mappato: 'Tempo libero' — aggiungere a categorie.json o assegnare manualmente
dfc1cb56-6e1a-4a3b-8bf5-33390a2d8c62,dialogo-aperto-n-73,it,Fede e Luce,fede-e-luce,dry,
0ef4d3f1-0514-47ab-a80d-14edb00fb8d0,associazione-bambini-cri-du-chat,it,Salute,,unknown,Valore non mappato: 'Salute' — aggiungere a categorie.json o assegnare manualmente
8705be6b-012f-4050-a743-b26c8ec81426,scout-a-lourdes,it,Fede e Luce,fede-e-luce,dry,
8a64ac4c-8cb9-4955-a45e-4203aee2fa9b,assistenza-disabili-in-179-stazioni-ferroviarie,it,Progetti,,unknown,Valore non mappato: 'Progetti' — aggiungere a categorie.json o assegnare manualmente
6fc77e30-760f-403e-8842-6ac72ad35e6f,e-li-ci-hanno-accolto-con-gioia-la-storia-di-unadozione-part,it,Famiglia,,unknown,Valore non mappato: 'Famiglia' — aggiungere a categorie.json o assegnare manualmente
47ee6a4f-9a19-4bc7-8101-ed538eddd7f6,quando-il-caso-non-e-un-caso,it,Fede e Luce,fede-e-luce,dry,
76a779fa-9742-4c52-9e15-e2c0f6d2f024,in-preparazione-del-pellegrinaggio-internazionale-a-lourdes-,it,Fede e Luce,fede-e-luce,dry,
9814c0fa-9a35-4d51-b41a-d6d1949869f5,microgiustizia,it,Spiritualità,spiritualita,dry,
840db13d-2909-4b76-8e85-9285dbb3227b,due-chiamate-speciali,it,Famiglia,,unknown,Valore non mappato: 'Famiglia' — aggiungere a categorie.json o assegnare manualmente
a77927b8-c468-4537-b210-00217b463a64,quelle-ore-mi-hanno-segnata,it,Fede e Luce,fede-e-luce,dry,
d64e202f-d543-4235-994a-b763ec35e2e7,come-separare-un-onda-dal-mare,it,Fede e Luce,fede-e-luce,dry,
f9f84eb2-cc4e-4009-9637-c581cf004215,larma-vincente-nella-mia-vita,it,Famiglia,,unknown,Valore non mappato: 'Famiglia' — aggiungere a categorie.json o assegnare manualmente
88b01d42-15bc-4145-80ba-ec1bd0476de0,mi-hanno-aperto-gli-occhi,it,Fede e Luce,fede-e-luce,dry,
a43f5f12-a1d1-46af-80a3-1998d1196bf4,conoscere-lhadicap-la-sindrome-cri-du-chat,it,Salute,,unknown,Valore non mappato: 'Salute' — aggiungere a categorie.json o assegnare manualmente
6f578c93-391a-4adb-b1e1-19c586054808,poesie-per-francesca,it,Lavoro,,unknown,Valore non mappato: 'Lavoro' — aggiungere a categorie.json o assegnare manualmente
5953d29b-c84b-4f2e-91ea-1496d52f5d57,spesso-di-notte-in-silenzio,it,Fede e Luce,fede-e-luce,dry,
b96c4ade-efa2-4ec0-996b-365662b3d355,centro-del-libro-parlato,it,Tempo libero,,unknown,Valore non mappato: 'Tempo libero' — aggiungere a categorie.json o assegnare manualmente
6fec990f-029b-4d7c-b4f5-7ca482bcd82e,catechesi-delle-persone-disabili,it,Catechesi,,unknown,Valore non mappato: 'Catechesi' — aggiungere a categorie.json o assegnare manualmente
b8d14365-68c2-4cff-b020-dd232f38350b,domenica-pomeriggio,it,Tempo libero,,unknown,Valore non mappato: 'Tempo libero' — aggiungere a categorie.json o assegnare manualmente
98718a6b-19ae-4966-9323-47459720838b,progetto-calamaio,it,Progetti,,unknown,Valore non mappato: 'Progetti' — aggiungere a categorie.json o assegnare manualmente
635ee42a-9861-4562-84cc-d843c65b8f64,quella-terza-preziosa-eta,it,Famiglia,,unknown,Valore non mappato: 'Famiglia' — aggiungere a categorie.json o assegnare manualmente
b4459b12-1094-4f81-96a0-e5e16b33e982,zio-giorgio,it,Fede e Luce,fede-e-luce,dry,
85ef7056-72b5-43be-ad66-ac597c63cc3a,spazio-aperto-una-cooperativa-di-servizi,it,Lavoro,,unknown,Valore non mappato: 'Lavoro' — aggiungere a categorie.json o assegnare manualmente
56b5a49e-c0ef-4800-94c4-28562a16979c,mantenere-viva-la-giovinezza-nel-cuore,it,Famiglia,,unknown,Valore non mappato: 'Famiglia' — aggiungere a categorie.json o assegnare manualmente
c8c38aff-46ca-4fc2-90b5-b4c1f476858a,il-mio-amico-carlo,it,Famiglia,,unknown,Valore non mappato: 'Famiglia' — aggiungere a categorie.json o assegnare manualmente
219b9630-9bdb-4449-99a8-798cc46d8d5f,il-piano-educativo-riabilitativo-individualizzato-per-il-dis,it,Cultura,cultura,dry,
99d9871c-7f72-4ac7-9238-7f478bfa21e1,sto-invecchiando,it,Spiritualità,spiritualita,dry,
14ff9503-eb8f-49e7-a3b8-83881c131892,la-forza-del-carattere-recensione-libro,it,Cultura,cultura,dry,
9ce50113-453d-49f9-ba29-8095a71f8556,non-ce-persona-piu-ricca-di-me-recensione-libro,it,Cultura,cultura,dry,
d4539c41-fb93-4a6e-946d-2d2c4869d80a,dialogo-aperto-n-74,it,Fede e Luce,fede-e-luce,dry,
504775f8-347f-4e3d-9990-84d7be7eb5b6,la-presenza-dei-piu-piccoli,it,Fede e Luce,fede-e-luce,dry,
708062ea-3b8c-4c4f-be31-8bd975640cfd,cooperativa-sociale,it,Progetti,,unknown,Valore non mappato: 'Progetti' — aggiungere a categorie.json o assegnare manualmente
4a7a3e34-1b4e-4a9d-8a1a-de9da3a32034,una-cooperativa-sul-mare,it,Lavoro,,unknown,Valore non mappato: 'Lavoro' — aggiungere a categorie.json o assegnare manualmente
c395ddc2-d2cc-4af8-b361-523b7ab964bd,il-lavoro,it,Lavoro,,unknown,Valore non mappato: 'Lavoro' — aggiungere a categorie.json o assegnare manualmente
cc2dda82-f9e5-4d5c-af10-c20023829137,la-ragazza-porcospino-recensione-libro,it,Cultura,cultura,dry,
4d683e7c-f9a8-4e6a-8443-de67738c3b59,dialogo-aperto-n-75,it,Fede e Luce,fede-e-luce,dry,
9ca8ca1a-2319-419a-b0fd-7079ce34778e,handy-cup,it,Tempo libero,,unknown,Valore non mappato: 'Tempo libero' — aggiungere a categorie.json o assegnare manualmente
2f84bc98-4d2d-4e78-a0b0-2dedd21861e8,i-condomini-solidali,it,Famiglia,,unknown,Valore non mappato: 'Famiglia' — aggiungere a categorie.json o assegnare manualmente
e3d6b2bf-04c5-417e-810d-c249fd8c3a71,vogliamo-andare-avanti,it,Cultura,cultura,dry,
4034ab6c-dd36-4e13-bc84-a6d83872c2a1,grazie-ingrid-non-ti-dimenticheremo,it,Fede e Luce,fede-e-luce,dry,
d174dd57-324d-4024-99d8-0c25ca56aab1,autismo-e-comunicazione-facilitata-come-michele-e-uscito-dal,it,Famiglia,,unknown,Valore non mappato: 'Famiglia' — aggiungere a categorie.json o assegnare manualmente
833ccfe1-63b6-498f-b2c1-f928e776e594,i-miei-piccoli-principi,it,Famiglia,,unknown,Valore non mappato: 'Famiglia' — aggiungere a categorie.json o assegnare manualmente
3309a799-feb8-46b9-b9b7-d8edd2992334,parliamo-di-comunicazione-facilitata-intervista-francesca-be,it,Famiglia,,unknown,Valore non mappato: 'Famiglia' — aggiungere a categorie.json o assegnare manualmente
6e2e6842-fb1e-4b8f-a9fb-aa82a34dfd93,sottovento-un-film-da-vedere-recensione,it,Cultura,cultura,dry,
846396ab-8aaa-4146-9b8b-ff13804813bf,fotoconcorso-i-piu-piccoli-a-lourdes,it,Cultura,cultura,dry,
2919947b-a3a3-42b8-bac5-fc8d822f5d20,dialogo-aperto-n-76,it,Fede e Luce,fede-e-luce,dry,
1ee3b18b-64dd-40e1-bc58-49638785462f,la-seconda-occasione-recensione-libro,it,Cultura,cultura,dry,
30e8263e-1ed0-45f4-b44f-4d9ce521dcf9,novita-per-lhandicap,it,Famiglia,,unknown,Valore non mappato: 'Famiglia' — aggiungere a categorie.json o assegnare manualmente
196e737b-5057-4d8c-b6a1-b7ea83a5416f,isolato-ma-immerso-nella-vita,it,Famiglia,,unknown,Valore non mappato: 'Famiglia' — aggiungere a categorie.json o assegnare manualmente
927c26be-9da0-43c4-b100-65bb05629730,la-bimba-delle-lumache-recensione-libro,it,Cultura,cultura,dry,
53243f17-8659-4fc5-a342-fa8ad7414e89,and-a-star-lights-up-from-fear-to-hope-navigating-a-changed-,en,Spiritualità,spiritualita,dry,
fb8d1acb-624f-4dca-a43a-de0c61118c41,inno-alla-vita-recensione-libro,it,Cultura,cultura,dry,
9c962c25-47d1-4f19-80d0-fde0cf1c05fa,la-lezione-di-un-clown-miloud-oukili,it,Progetti,,unknown,Valore non mappato: 'Progetti' — aggiungere a categorie.json o assegnare manualmente
ac4ae3d6-48a5-4d73-a56e-23f08bdae28d,e-si-accende-una-stella,it,Fede e Luce,fede-e-luce,dry,
be096ce1-a60b-4a43-b150-1003a7083431,famiglie-una-riflessione-di-padre-roberti,it,Famiglia,,unknown,Valore non mappato: 'Famiglia' — aggiungere a categorie.json o assegnare manualmente
fdca5924-0cb8-4dd4-ab48-fa7b76be890f,per-un-natale-con-qualche-cosa-in-piu,it,Tempo libero,,unknown,Valore non mappato: 'Tempo libero' — aggiungere a categorie.json o assegnare manualmente
f2ffadbf-ef7d-41f0-aafe-5b5ef9bc2722,comunita-il-roveto,it,Progetti,,unknown,Valore non mappato: 'Progetti' — aggiungere a categorie.json o assegnare manualmente
bf7247e6-8e33-417f-8e68-68a1e8a7cefb,centro-di-solidarieta-don-lorenzo-milani,it,Lavoro,,unknown,Valore non mappato: 'Lavoro' — aggiungere a categorie.json o assegnare manualmente
b2a3e60c-79a2-4f5f-beb5-67b6edb1af04,noi-quattro-la-comunita-il-roveto,it,Famiglia,,unknown,Valore non mappato: 'Famiglia' — aggiungere a categorie.json o assegnare manualmente
9ea93962-b021-4110-b9fc-75a759be6358,un-dono-di-poesia-il-regalo-delle-quattro-amiche-della-comun,it,Spiritualità,spiritualita,dry,
b9768b2a-8472-442f-bba7-fc1656ee4934,la-locanda-dei-girasoli,it,Lavoro,,unknown,Valore non mappato: 'Lavoro' — aggiungere a categorie.json o assegnare manualmente
c8cb25a5-8403-44f1-ad96-d408ac88c636,nessuno-bambino-nasce-cattivo-recensione-libro,it,Cultura,cultura,dry,
5b581f03-8891-4e8a-8195-e0fca7ce8453,lo-straniero,it,Spiritualità,spiritualita,dry,
812f38a4-b141-41f0-8813-430f0f327bdc,stelle-doriente-qualche-immagine-dalle-comunita-fede-e-luce-,it,Fede e Luce,fede-e-luce,dry,
3f499724-1c78-4c30-bc97-6bea717e1ffe,nella-stessa-barca-quando-lhandicap-mentale-entra-in-famigli,it,Cultura,cultura,dry,
c0de59ea-f717-44e1-9951-9a14812eacb2,conoscere-lhandicap-la-sindrome-di-williams,it,Famiglia,,unknown,Valore non mappato: 'Famiglia' — aggiungere a categorie.json o assegnare manualmente
a06a5879-fc65-44e3-86fd-90526076cde8,dialogo-aperto-n-77,it,Fede e Luce,fede-e-luce,dry,
c14ac867-23de-4fb1-b0ba-852b273dd056,storie-di-lavoro-chi-sarei-se-potessi-essere-la-condizione-a,it,Lavoro,,unknown,Valore non mappato: 'Lavoro' — aggiungere a categorie.json o assegnare manualmente
f5016662-15e9-463a-a64e-3d8f4797daa5,scuole-di-rapporti-umani,it,,,skip_null,
a7d60ac5-b40b-44d4-b462-36e923272e58,piccoli-messaggeri-damore-genitori-di-bambini-con-la-sindrom,it,Cultura,cultura,dry,
d2bde9c1-5760-443d-823f-a53a711a21a4,i-miei-genitori-avevano-ragione,it,Famiglia,,unknown,Valore non mappato: 'Famiglia' — aggiungere a categorie.json o assegnare manualmente
d6b42591-67f7-44ad-b46e-5f350d5c08f8,come-preparare-il-distacco-spunti-riflessioni-dopo-di-noi,it,Famiglia,,unknown,Valore non mappato: 'Famiglia' — aggiungere a categorie.json o assegnare manualmente
a7939c6c-ed2a-4163-8269-de929fd73326,accettare-che-mi-lasci,it,Famiglia,,unknown,Valore non mappato: 'Famiglia' — aggiungere a categorie.json o assegnare manualmente
8a9a4b65-6492-40b5-9e68-300592884c5c,la-vita-di-daniele-interviste-dopo-la-lettura-del-libro-chi-,it,Famiglia,,unknown,Valore non mappato: 'Famiglia' — aggiungere a categorie.json o assegnare manualmente
23e7f68c-a4a2-4b89-91cf-c944454f2498,andiamo-avanti,it,Famiglia,,unknown,Valore non mappato: 'Famiglia' — aggiungere a categorie.json o assegnare manualmente
fe69ea76-6f70-4ccd-b3b4-ecbffdb02f6c,un-libro-interessante-adolescenza-ragazzi-disabili-chi-sarei,it,Cultura,cultura,dry,
cc78e77a-5198-42fc-aee4-78676e38fd93,premio-donna-2002-a-mariangela,it,Spiritualità,spiritualita,dry,
600ba450-f930-4324-8223-f93fe3cc7cb1,dialogo-aperto-n-78,it,Fede e Luce,fede-e-luce,dry,
d997526d-18e8-438c-986d-9eb885d600f8,monaci-di-lanuvio-finanziamento-banca-etica,it,Progetti,,unknown,Valore non mappato: 'Progetti' — aggiungere a categorie.json o assegnare manualmente
e7282ccf-dae4-467d-ac99-b743beea4dfb,il-kinnor-un-coro-di-disabili-mentali-e-normali-anima-le-mes,it,Catechesi,,unknown,Valore non mappato: 'Catechesi' — aggiungere a categorie.json o assegnare manualmente
b7586600-5258-4e57-afa4-a5267a48ff44,handicap-e-liturgia-novita-nel-dizionario-di-liturgia-per-sa,it,Catechesi,,unknown,Valore non mappato: 'Catechesi' — aggiungere a categorie.json o assegnare manualmente
f6b91e3d-7c3c-4f8b-8203-9ea9de302ea0,il-cielo,it,Educazione e Formazione,,unknown,Valore non mappato: 'Educazione e Formazione' — aggiungere a categorie.json o assegnare manualmente
b03f83c3-122d-4853-b9b6-ea06a5ab8bf0,banca-etica-una-rivoluzione-e-entrata-in-silenzio-nel-mondo-,it,Fede e Luce,fede-e-luce,dry,
e0c6c491-8202-4833-9ace-24dcd6b877d2,una-messa-su-misura-voluta-dai-genitori-e-amici-di-ragazzi-d,it,Catechesi,,unknown,Valore non mappato: 'Catechesi' — aggiungere a categorie.json o assegnare manualmente
3af0d58e-46d5-4702-9303-9e060602898c,le-parole-del-corpo-tecniche-e-giochi-per-lanimazione-attrav,it,Cultura,cultura,dry,
f51b3053-78f3-4a88-9898-6d03d3146030,giochi-per-lestate-recensione-libro,it,Cultura,cultura,dry,
037cc3cc-a34e-45fa-8223-1c2ae8470d92,citta-futura-un-esempio-di-finanziamento-dalla-banca-etica,it,Famiglia,,unknown,Valore non mappato: 'Famiglia' — aggiungere a categorie.json o assegnare manualmente
04674796-8ac6-4500-a16a-c08cd0161d31,la-quadriglia-istruzioni-per-luso,it,Spiritualità,spiritualita,dry,
b0969f4b-dac6-46a5-85b4-42fbf7f79cc7,danzare-oh-oh-ohoo,it,Tempo libero,,unknown,Valore non mappato: 'Tempo libero' — aggiungere a categorie.json o assegnare manualmente
a984bd3d-250f-4548-919c-a2741ac68565,la-norma-traviata-un-musical-delirante-recensione,it,Tempo libero,,unknown,Valore non mappato: 'Tempo libero' — aggiungere a categorie.json o assegnare manualmente
9cb624a2-fa36-4ea7-ac87-39c41b8cd3e5,vacanza-tempo-per-riposarsi-rilassarsi-ritemprarsi-rifiorire,it,Fede e Luce,fede-e-luce,dry,
3fbe6612-3560-46d5-a1f9-0a7750c7efe0,allalveare-si-scopre-lamerica-e-il-teatro,it,Cultura,cultura,dry,
cfdbd9d3-e096-4301-a793-c1c102d38508,carlo-maria-martini-noi-il-lavoro-oggi,it,Lavoro,,unknown,Valore non mappato: 'Lavoro' — aggiungere a categorie.json o assegnare manualmente
0c4c2103-c876-4997-863f-8b9648d6a86a,e-poi-cosa-ne-sara-di-loro-le-domande-sul-dopo-di-noi,it,Famiglia,,unknown,Valore non mappato: 'Famiglia' — aggiungere a categorie.json o assegnare manualmente
bfc50176-0b50-4176-9521-ab33a2b95491,ora-la-mia-vita-sta-riprendendo-forma-e-colore,it,Famiglia,,unknown,Valore non mappato: 'Famiglia' — aggiungere a categorie.json o assegnare manualmente
8cf1c49e-ed7b-4b86-9d0c-1f1717d9df8a,dio-mi-ama-cosi-come-sono-recensione-libro,it,Cultura,cultura,dry,
eb751dac-ff07-4d9f-9445-c5f929537093,onora-il-padre-e-la-madre-pagine-di-tutti-i-tempi-per-capire,it,Cultura,cultura,dry,
0ee0c9ab-fdc7-47ee-8f22-9c762a293480,la-casa-di-dario-associazione-arcobaleno-onlus,it,Famiglia,,unknown,Valore non mappato: 'Famiglia' — aggiungere a categorie.json o assegnare manualmente
fd0692be-b7b3-4dcd-bb01-c91d8e738b1c,per-portare-frutto-incontro-dei-delegati-di-fede-e-luce-di-t,it,Fede e Luce,fede-e-luce,dry,
175734ef-cadf-4f91-8c73-cf9399d78305,nuove-tecnologie-e-disabilita-handimatica-2002-di-cosa-si-pa,it,Salute,,unknown,Valore non mappato: 'Salute' — aggiungere a categorie.json o assegnare manualmente
0ed7c3b7-9868-4128-bd78-6f3e5afe7459,il-parco-dei-frutti-dimenticati-associazione-il-muschio,it,Progetti,,unknown,Valore non mappato: 'Progetti' — aggiungere a categorie.json o assegnare manualmente
12c40428-2d81-43ec-9773-7a6f6ee8deb8,la-mia-vita-come-una-gioiosa-battaglia-alexandre-jollien,it,Cultura,cultura,dry,
3c1b7ef5-6b23-48e4-abe8-4f0d785fb4da,piccoli-in-carcere-associazione-a-roma-insieme,it,Famiglia,,unknown,Valore non mappato: 'Famiglia' — aggiungere a categorie.json o assegnare manualmente
8c94d411-2425-403e-9b12-c2514f78d615,semaforo-rosso,it,Spiritualità,spiritualita,dry,
3eb53437-b2d7-4cb3-b1b1-084aadcb2781,dialogo-aperto-n-79,it,Fede e Luce,fede-e-luce,dry,
6b37df52-b041-4771-84b2-49d38c0f1b86,cogliere-un-fiore-e-consegnarlo-alla-luce-recensione-libro,it,Cultura,cultura,dry,
ad3e0e7e-858f-4853-9330-c988cd9d7a07,abitare-la-speranza,it,Educazione e Formazione,,unknown,Valore non mappato: 'Educazione e Formazione' — aggiungere a categorie.json o assegnare manualmente
5f130b70-ff63-48ca-9182-50b6691f098b,casa-famiglia-la-tenda-per-bambini-da-0-a-6-anni,it,Progetti,,unknown,Valore non mappato: 'Progetti' — aggiungere a categorie.json o assegnare manualmente
c8a306e5-31a3-4e0f-845e-969aa55095a0,lettere-di-natale-alla-madre-recensione-libro,it,Cultura,cultura,dry,
d5ac45ab-46af-4c7a-8567-5deac6c00684,lettera-da-una-mamma-del-molise,it,Famiglia,,unknown,Valore non mappato: 'Famiglia' — aggiungere a categorie.json o assegnare manualmente
8620c6fb-bb90-46c9-8966-690be00a4e3d,la-scopa-incantata-una-fiaba-per-natale,it,Spiritualità,spiritualita,dry,
dacf5e50-3a6b-4982-b40a-29308f775aa3,natale-nel-mio-cuore,it,Fede e Luce,fede-e-luce,dry,
48700dc6-630c-42d8-a945-a867117efc78,ma-come-fa-una-mamma,it,Famiglia,,unknown,Valore non mappato: 'Famiglia' — aggiungere a categorie.json o assegnare manualmente
7768221b-ce1f-408e-a7b7-048153907976,solo-un-trattino,it,Spiritualità,spiritualita,dry,
c5012b09-7c0b-42da-a344-b1e584a77205,ci-e-stato-dato-un-figlio,it,Spiritualità,spiritualita,dry,
2f63af17-aa02-48b5-b5b1-b13128dab7c1,incontri,it,Fede e Luce,fede-e-luce,dry,
1890f574-4a4d-4e73-b2e3-59074fb30e7d,che-cosa-fare-con-loro-la-casa-del-sole-e-il-centro-di-solid,it,Famiglia,,unknown,Valore non mappato: 'Famiglia' — aggiungere a categorie.json o assegnare manualmente
d4b2e563-be1a-4b0e-944d-d7cc5ebbe59b,amici-sempre,it,Famiglia,,unknown,Valore non mappato: 'Famiglia' — aggiungere a categorie.json o assegnare manualmente
c33ab1a0-2b00-495a-af79-d41feb922962,la-fola-de-nadae-la-favola-di-natale-in-dialetto-veneto,it,Spiritualità,spiritualita,dry,
7a68b393-450e-4f4b-aab5-05419ec3083c,gennaio-2003-trosly,it,,,skip_null,
23b07b0a-4098-4c02-bb01-60b97a52a3ce,cercare-di-starci-su-questa-barca,it,Fede e Luce,fede-e-luce,dry,
2ace9da7-e1af-419f-9345-55d2a4cd8f34,i-deboli-di-pace,it,,,skip_null,
a8555d7e-b028-42e7-8150-c2b14c7e70fb,incontri-2,it,Fede e Luce,fede-e-luce,dry,
fba37699-9761-4de9-91f4-169b3bff831c,mi-trovo-bene-con-tutti,it,Fede e Luce,fede-e-luce,dry,
96ab302a-5a68-4490-8b2b-f3bee7a29bb8,irene-laura-gabriele-unesperienza-che-fa-crescere,it,Fede e Luce,fede-e-luce,dry,
618f234c-01a5-4be6-9232-38c91b5c4d25,esperienze-fede-e-luce-in-africa,it,Fede e Luce,fede-e-luce,dry,
a3335fbe-1bee-446f-aafa-21b413a91b2e,festeggiamo-la-nascita-di-un-bambino-genitori-di-ragazzi-con,it,Famiglia,,unknown,Valore non mappato: 'Famiglia' — aggiungere a categorie.json o assegnare manualmente
a388d295-7b2e-4443-8d30-8e922776ef59,che-cosa-e-fede-e-luce-2,it,Fede e Luce,fede-e-luce,dry,
c0d84fca-9e4f-4bd2-889e-98902e801974,una-scuola-di-vita-non-e-sempre-facile,it,Fede e Luce,fede-e-luce,dry,
4a6d293e-8343-4bbd-ad24-9868afae09c2,la-mia-esperienza-di-prete-a-fede-e-luce,it,Fede e Luce,fede-e-luce,dry,
4bdd5743-d8c4-4c9b-9f61-6628776ee135,la-strada-che-ci-sta-davanti,it,Fede e Luce,fede-e-luce,dry,
0ce10120-39e8-493d-8a74-6511d6c3a63c,nuove-famiglie-istruzioni-per-luso,it,Fede e Luce,fede-e-luce,dry,
28de3ce5-dfc1-4fb7-b9a3-43265fa9c1f6,come-risponderti-alberto,it,Fede e Luce,fede-e-luce,dry,
8b845c55-a37e-4ba0-9ee4-5064da3055ed,i-fratelli-e-le-sorelle-di-ragazzi-con-disabilita-che-pensan,it,Fede e Luce,fede-e-luce,dry,
a083ec67-f771-43b3-b609-bd9f21c068a0,vengo-dopo-la-messa,it,Fede e Luce,fede-e-luce,dry,
c0a47082-6ab8-4c20-900c-6dea9120960b,fino-allultimo-respiro,it,Fede e Luce,fede-e-luce,dry,
54e6b267-fd73-4f7c-aa18-ab7966ea4390,un-cammino-verso-la-persona,it,Fede e Luce,fede-e-luce,dry,
fdce94d1-a0c1-42ab-bd57-a278641229ce,quando-porto-i-miei-figli-a-fede-e-luce-resto-incantata,it,Fede e Luce,fede-e-luce,dry,
d1e0f981-73a5-4ff9-bd1f-feeaffd756b1,segni-di-fede-e-luce-nel-mondo-1454-comunita-di-77-paesi,it,Fede e Luce,fede-e-luce,dry,
618f234c-01a5-4be6-9232-38c91b5c4d25,esperienze-fede-e-luce-in-africa,it,Fede e Luce,fede-e-luce,dry,
a083ec67-f771-43b3-b609-bd9f21c068a0,vengo-dopo-la-messa,it,Fede e Luce,fede-e-luce,dry,
c0a47082-6ab8-4c20-900c-6dea9120960b,fino-allultimo-respiro,it,Fede e Luce,fede-e-luce,dry,
54e6b267-fd73-4f7c-aa18-ab7966ea4390,un-cammino-verso-la-persona,it,Fede e Luce,fede-e-luce,dry,
0ce10120-39e8-493d-8a74-6511d6c3a63c,nuove-famiglie-istruzioni-per-luso,it,Fede e Luce,fede-e-luce,dry,
4424470c-89b7-4265-8ccb-34c1c88966ac,un-aiuto-per-i-prossimi-responsabili-di-fede-e-luce-responsa,it,Fede e Luce,fede-e-luce,dry,
fdce94d1-a0c1-42ab-bd57-a278641229ce,quando-porto-i-miei-figli-a-fede-e-luce-resto-incantata,it,Fede e Luce,fede-e-luce,dry,
3598f8e6-9b70-4eaf-8354-221881763b1e,come-si-fa-fede-e-luce-il-lavoro-in-equipe,it,Fede e Luce,fede-e-luce,dry,
6d1da456-1615-4c4d-86bc-bb87d00f0593,lecumenismo-in-fede-e-luce-un-dono,it,Fede e Luce,fede-e-luce,dry,
33b5c470-9c73-42b1-99fe-780ebdace3eb,un-autobus-chiamato-santa-silvia,it,Fede e Luce,fede-e-luce,dry,
c5a2b9c4-3489-4c7b-bbaa-c6b5d071fe6a,abbiamo-raccolto-le-olive,it,Fede e Luce,fede-e-luce,dry,
e5c82a2d-667c-4dc3-a7ed-0d87666fad68,porto-i-miei-figli-a-fede-e-luce-perche,it,Fede e Luce,fede-e-luce,dry,
ab2f320d-294c-4501-8feb-60dc2a0a5312,amore-disabilita-facile-preda,it,Educazione e Formazione,,unknown,Valore non mappato: 'Educazione e Formazione' — aggiungere a categorie.json o assegnare manualmente
d031817d-71c9-48e3-8d42-dc99840ff50b,amore-e-disabilita-ho-diritto-anchio-allamore,it,Educazione e Formazione,,unknown,Valore non mappato: 'Educazione e Formazione' — aggiungere a categorie.json o assegnare manualmente
3332a0f1-53a1-453a-80cf-4c2abd95271f,amore-e-disabilita-una-scelta-difficile,it,Educazione e Formazione,,unknown,Valore non mappato: 'Educazione e Formazione' — aggiungere a categorie.json o assegnare manualmente
2ca2a785-a122-466f-8dbd-f6b07e28888b,sessualita-e-disabilita-traumatizzata,it,Educazione e Formazione,,unknown,Valore non mappato: 'Educazione e Formazione' — aggiungere a categorie.json o assegnare manualmente
f36d11d2-0f75-4191-8b58-24fabb79e82c,il-matrimonio-tra-sogno-e-realta,it,Famiglia,,unknown,Valore non mappato: 'Famiglia' — aggiungere a categorie.json o assegnare manualmente
9c8ecf96-434e-498a-977a-418b7cf6ce5f,vogliono-sposarsi-cosa-decidere,it,Famiglia,,unknown,Valore non mappato: 'Famiglia' — aggiungere a categorie.json o assegnare manualmente
808211bf-d593-4313-8565-8968bb9f5908,la-vita-sessuale-delle-persone-con-disabilita-per-quale-amor,it,Educazione e Formazione,,unknown,Valore non mappato: 'Educazione e Formazione' — aggiungere a categorie.json o assegnare manualmente
3214454f-c269-453c-8791-4d01f9391fb4,quando-il-silenzio-fa-rumore,it,Educazione e Formazione,,unknown,Valore non mappato: 'Educazione e Formazione' — aggiungere a categorie.json o assegnare manualmente
4cc40d1c-5d69-4517-9ed3-481c53df1a55,amore-e-disabilita-veronica-e-alessandro-si-sono-sposati,it,Famiglia,,unknown,Valore non mappato: 'Famiglia' — aggiungere a categorie.json o assegnare manualmente
6ac9e40e-570c-4708-a8ab-1618afccb030,sono-una-mamma-adottiva-a-distanza,it,Progetti,,unknown,Valore non mappato: 'Progetti' — aggiungere a categorie.json o assegnare manualmente
cbea8040-2e2d-42b8-b674-1b7bbf9cb6ce,dialogo-aperto-n-83,it,Fede e Luce,fede-e-luce,dry,
4636fe58-08ab-4538-a581-3827fe3ca42b,marahba-kiffak-ciao-come-stai-fede-luce-beirut,it,Fede e Luce,fede-e-luce,dry,
ead3120f-9f2c-44b8-bf5f-482051505e6a,c-a-a-comunicazione-aumentativa-alternativa-nel-centro-bened,it,Progetti,,unknown,Valore non mappato: 'Progetti' — aggiungere a categorie.json o assegnare manualmente
b6ce0194-421c-4448-ad78-cddeb1507d0a,5-conferenza-internazionale-sullautismo-1983,it,Famiglia,,unknown,Valore non mappato: 'Famiglia' — aggiungere a categorie.json o assegnare manualmente
82feb126-359c-402a-ae81-7551aacff0ba,lettera-a-mariangela-e-a-molti-altri,it,Fede e Luce,fede-e-luce,dry,
8c1d257d-d2ba-4f0b-b813-f3c3d4e3347e,uscire-dal-guscio-un-laboratorio-speciale,it,Progetti,,unknown,Valore non mappato: 'Progetti' — aggiungere a categorie.json o assegnare manualmente
d3556b16-0849-4e3b-8d7c-bbe586cfe580,prendete-e-mangiatene-tutti,it,Spiritualità,spiritualita,dry,
22bf2e65-0ad5-4a90-ae87-4906d292b4d5,larte-di-chiedere-aiuto,it,Famiglia,,unknown,Valore non mappato: 'Famiglia' — aggiungere a categorie.json o assegnare manualmente
86e636f6-f3e8-401d-93b5-218c702d7aee,medico-ho-imparato-a-consultare-il-mio-cuore-intervista-con-,it,Famiglia,,unknown,Valore non mappato: 'Famiglia' — aggiungere a categorie.json o assegnare manualmente
4fe7feb6-89e8-4a61-b033-adc43276dacc,avevo-deciso-di-non-amare-mio-fratello,it,Fede e Luce,fede-e-luce,dry,
ee7562ea-2a0c-4721-9bc3-687be3b7dece,sscuola-e-handicap-una-scuola-da-imitare,it,Scuola,,unknown,Valore non mappato: 'Scuola' — aggiungere a categorie.json o assegnare manualmente
0fece992-fae7-4065-9b64-4b0feed36ff3,diritti-delle-persone-disabili-secondo-onu,it,Progetti,,unknown,Valore non mappato: 'Progetti' — aggiungere a categorie.json o assegnare manualmente
5817aa23-b50a-404d-94d9-0f663511c3b5,abbiamo-fatto-alcune-delle-esperienze-di-solidarieta-che-abb,it,Progetti,,unknown,Valore non mappato: 'Progetti' — aggiungere a categorie.json o assegnare manualmente
f21c4b3b-8c75-4a3d-82be-8a7ca605cc0e,il-nostro-autismo-quotidiano-storie-di-genitori-e-figli-rece,en,,,skip_null,
43c3488f-3372-4f85-909f-8ef56fc7b581,grazie-madre-pantanella,it,Fede e Luce,fede-e-luce,dry,
60f7309f-8c10-4f85-bff9-29cd6b5943b1,mi-preparo-alla-messa-recensione,it,Cultura,cultura,dry,
db0837e0-ca78-4323-982b-a8a5787deaa6,la-comunita-di-famiglie-recensione,it,Cultura,cultura,dry,
6fdf9a12-8938-422d-8a59-77fb81c39c53,lettere-di-natale-un-dialogo-speciale-con-i-lettori-di-ombre,it,Fede e Luce,fede-e-luce,dry,
aac895c8-e02c-4d13-8954-3328f8db64ec,in-trepidante-attesa,it,Famiglia,,unknown,Valore non mappato: 'Famiglia' — aggiungere a categorie.json o assegnare manualmente
3774805a-f4af-46e6-8b38-3a39cfa0c37d,un-presepe-a-fede-e-luce,it,Fede e Luce,fede-e-luce,dry,
f3c2b86f-c978-446a-9bda-4f0d40afa2e3,la-cascina-di-villa-dalme,it,Progetti,,unknown,Valore non mappato: 'Progetti' — aggiungere a categorie.json o assegnare manualmente
5f729b2c-e5e3-4bc3-9c8d-01c08f89679b,gesu-per-amico-un-percorso-evangelico-per-disabili-mentali,it,Cultura,cultura,dry,
2083238a-8092-4b84-ab4a-1886662513d2,autismo-e-integrazione-scolastica,it,Scuola,,unknown,Valore non mappato: 'Scuola' — aggiungere a categorie.json o assegnare manualmente
2ba9cc10-e2fa-4292-8655-8c9067a27bf1,per-il-weekend-vado-in-villa-recensione,it,Cultura,cultura,dry,
0143728c-2810-41d1-965e-0ac9b83dd881,il-nostro-autismo-quotidiano-storie-di-genitori-e-figli-rece,it,Cultura,cultura,dry,
dd708cfc-9f76-47c1-995f-72bd3c3bd6ee,cantilena-dei-re-magi,it,Spiritualità,spiritualita,dry,
dbeedf99-72ea-4838-8d02-3225b40a8efa,lo-shiatsu-dei-volontari-dellapis-a-roma,it,Progetti,,unknown,Valore non mappato: 'Progetti' — aggiungere a categorie.json o assegnare manualmente
80f2658d-afe1-42a0-9d82-5c5407cfa33f,filippide-correre-insieme-dal-tibet-al-polo-nord,it,Progetti,,unknown,Valore non mappato: 'Progetti' — aggiungere a categorie.json o assegnare manualmente
205bff6c-7871-472e-9253-022b086ce955,era-difficile-perche-pensavo-sempre-a-lui,it,Fede e Luce,fede-e-luce,dry,
457dc3eb-d420-492a-8240-af249688be68,come-possiamo-accompagnare-piccole-e-grandi-crisi-en,en,,,skip_null,
075d6272-7fdf-4e96-9309-579d85a67001,piovono-mucche-e-altri-nuovi-libri,it,Cultura,cultura,dry,
0ee69b4b-ffc1-49f0-ad45-3110d7ce5f0b,per-voi-e-per-tutti-consigli-pratici-perche-nessuno-venga-ri,it,Spiritualità,spiritualita,dry,
04322c36-1c56-4ae1-adbf-71b18c8fbdc7,come-possiamo-accompagnare-piccole-e-grandi-crisi,it,Salute,,unknown,Valore non mappato: 'Salute' — aggiungere a categorie.json o assegnare manualmente
72713b05-042a-4ff5-8bc3-98e7820379e7,felice-di-vivere,it,Fede e Luce,fede-e-luce,dry,
42b1204b-f9c0-4618-aa7b-471254dd177e,una-messa-poco-dignitosa,it,Spiritualità,spiritualita,dry,
ff3c2a08-e67d-4e8e-9877-6b228875f22f,una-mamma-scrive-ai-vescovi,it,Spiritualità,spiritualita,dry,
c0a6ab00-3cc8-43b3-b18a-0762eb605087,dialogo-aperto-n-85,it,Spiritualità,spiritualita,dry,
88953eda-da4a-4303-8c8d-6fb2aef49a09,convivenza-non-coesistenza,it,Fede e Luce,fede-e-luce,dry,
31314107-fc3a-4d05-8e16-c7225e3eba88,in-autobus-con-mia-sorella-la-vita-come-non-lavevi-mai-vista,it,Cultura,cultura,dry,
b2ff4d0c-6f5c-4400-b6ea-d6014a084277,agricoltura-e-disabilita-il-campo-sperimentale-splende-il-so,it,Progetti,,unknown,Valore non mappato: 'Progetti' — aggiungere a categorie.json o assegnare manualmente
e8201e72-c433-45e8-8fe8-aa5ce3c46de7,la-domenica-con-i-disabili,it,Spiritualità,spiritualita,dry,
b8a72bc3-3d66-4316-a4e9-6ea710bfab28,come-guardiamo-le-persone-diverse-da-noi-le-riflessioni-di-a,it,Spiritualità,spiritualita,dry,
12765446-e5d9-41c6-baa5-d9bc4fc49d8e,una-nuova-legge-lamministratore-di-sostegno-per-le-persone-c,it,Progetti,,unknown,Valore non mappato: 'Progetti' — aggiungere a categorie.json o assegnare manualmente
5b946603-4fcb-4935-a97e-f14d08d72a25,dialogo-aperto-n-86,it,Famiglia,,unknown,Valore non mappato: 'Famiglia' — aggiungere a categorie.json o assegnare manualmente
45ecde77-6dd5-4d05-89cd-ee813e34bf82,lumana-resistenza,it,Spiritualità,spiritualita,dry,
56294338-ce10-423c-b7a6-770f0426ac4a,ma-i-posti-sono-pochi-il-centro-di-riabilitazione-la-nostra-,it,Progetti,,unknown,Valore non mappato: 'Progetti' — aggiungere a categorie.json o assegnare manualmente
8cdf486d-b314-4b65-8361-2774b14e09a9,storia-dellaborto-i-molti-protagonisti-e-interessi-di-una-lu,it,Cultura,cultura,dry,
8dfb26c8-158e-448d-bdac-f8ed0915335b,non-cercare-il-sale-nella-minestra,it,Spiritualità,spiritualita,dry,
783eabb0-7ff4-4574-aef3-52b362adbfb0,il-ragazzo-che-amava-shakespeare-recensione,it,Cultura,cultura,dry,
c2da4241-ce1d-4d4f-9ab9-8b0b8e42de0a,perche-esiste-la-disabilita-e-dio-il-responsabile-del-mio-ha,it,,,skip_null,
eb930c97-10fa-44e1-945e-2a492d3d07ac,un-italia-nascosta,it,Cultura,cultura,dry,
0976cf70-2de1-4537-8904-f5d4140dc740,lamministratore-di-sostegno-per-le-persone-con-disabilita-pa,it,Progetti,,unknown,Valore non mappato: 'Progetti' — aggiungere a categorie.json o assegnare manualmente
052e8bb1-bdc2-4d2c-9c49-464d42cc6ed5,un-orribile-meraviglioso-campeggio-di-fede-e-luce,it,Fede e Luce,fede-e-luce,dry,
9eae9275-2524-41d2-a949-667f37b50e84,grazie-per-questo-figlio-disabile,it,Spiritualità,spiritualita,dry,
6748a869-18ba-4fce-965f-fd294954dd31,benedetta-mi-ha-convertito,it,Famiglia,,unknown,Valore non mappato: 'Famiglia' — aggiungere a categorie.json o assegnare manualmente
8d84b62a-caa8-4850-8a44-de663fb43f4f,le-chiavi-di-casa-film,it,Cultura,cultura,dry,
ce91b045-d8ce-46bf-bfe0-293048682cf8,linserimento-lavorativo-delle-persone-con-sindrome-di-down,it,Famiglia,,unknown,Valore non mappato: 'Famiglia' — aggiungere a categorie.json o assegnare manualmente
45cfe161-7b0d-4ae0-a66f-927ad57a44e8,dialogo-aperto-n-87,it,Fede e Luce,fede-e-luce,dry,
d1d9d91b-4c01-4260-8829-c4e4363036e4,iniziativa-amica-una-casa-famiglia-dove-la-maternita-ritorna,it,Progetti,,unknown,Valore non mappato: 'Progetti' — aggiungere a categorie.json o assegnare manualmente
c3bbd88e-47cd-4827-ba5f-0c3aaf6506a4,associazione-invitati-alla-festa,it,Progetti,,unknown,Valore non mappato: 'Progetti' — aggiungere a categorie.json o assegnare manualmente
1e801f37-9b2a-45ea-9000-b67c23294f59,bianco-su-nero-recensione,it,Cultura,cultura,dry,
a5845b87-e516-427f-8c6b-ea5a687e6f4b,storia-di-giorgio-e-del-suo-lavoro,it,Lavoro,,unknown,Valore non mappato: 'Lavoro' — aggiungere a categorie.json o assegnare manualmente
c921a574-f897-44c1-a0bc-871f599b6f46,la-barca-bianca-di-joseph-larsen,it,Progetti,,unknown,Valore non mappato: 'Progetti' — aggiungere a categorie.json o assegnare manualmente
e1ac6a1f-d127-455c-9755-afe7e9c63061,mio-padre-e-un-chicco-di-grano-recensione,it,Cultura,cultura,dry,
ce586535-935d-4098-8600-b98db8fea292,francesca-cabrini-tralaterrae-il-cielo-recensione,it,Cultura,cultura,dry,
f5f6602e-6aa4-4599-ac3d-9e9f8974e46b,una-mamma-chiede-sguardo-come,it,Famiglia,,unknown,Valore non mappato: 'Famiglia' — aggiungere a categorie.json o assegnare manualmente
e3a61fe3-3567-44c9-9893-fbe663ea5fb7,liniezione-di-uscobupt,it,Spiritualità,spiritualita,dry,
eca192b5-20dd-40d7-915f-e7f78340c329,sempre-capricci-storie-psicologicamente-corrette-da-leggere-,it,Cultura,cultura,dry,
21992d61-9324-4d65-a019-8cf89f4d68dd,come-guardano-i-bambini,it,Spiritualità,spiritualita,dry,
7e0eea81-1cbe-4bdf-bf6b-3ec49765eba6,nicola-pintus-il-progetto-filippide,it,Famiglia,,unknown,Valore non mappato: 'Famiglia' — aggiungere a categorie.json o assegnare manualmente
9cb53c18-53b0-42e7-a211-867d6b76416f,diversabilita-storie-e-dialoghi-nellanno-europeo-delle-perso,it,Cultura,cultura,dry,
53cbd8de-e19d-4ce7-9dc6-96f045c9d739,come-direno-non-puoi-averlo,it,Spiritualità,spiritualita,dry,
87bc559d-0442-4f39-9093-47798d27270e,a-natale-alberto-stara-in-famiglia-lontano-da-noi,it,Famiglia,,unknown,Valore non mappato: 'Famiglia' — aggiungere a categorie.json o assegnare manualmente
3ecdd045-c5a3-4d5b-bdfd-5c913a9089d5,una-settimana-da-dio-senza-nulla-togliere-al-film,it,Fede e Luce,fede-e-luce,dry,
5ee91372-0d7e-484a-8db8-f34f07ac0c79,anche-dio-ha-un-sogno-una-speranza-per-il-nostro-tempo-recen,it,Cultura,cultura,dry,
aa2fcc2c-fe74-4cd5-8cb5-0edc87949b17,che-succede-a-natale-nelle-comunita-di-fede-e-luce,it,Fede e Luce,fede-e-luce,dry,
f0bb6c34-8f68-425f-9102-ec1cebb3e857,il-natale-di-massimo,it,Spiritualità,spiritualita,dry,
f26cf7c4-d7fa-41d2-ad31-8e3077928301,le-testimonianze-dei-genitori-quando-mio-figlio-disabile-mi-,it,Fede e Luce,fede-e-luce,dry,
8f4a95af-fdf3-4b02-8ea6-b4ef1c513648,una-bambina-da-incontrare,it,Fede e Luce,fede-e-luce,dry,
bbc1f22b-ad11-4bae-bb9f-6eba3b238b3c,essere-vicini-a-chi-e-in-fin-di-vita-2,it,Spiritualità,spiritualita,dry,
2e2d1064-1909-4028-b75a-f3bc050618b5,sulleducazione-delle-giovani-generazioni-una-mamma-chiede-un,it,Educazione e Formazione,,unknown,Valore non mappato: 'Educazione e Formazione' — aggiungere a categorie.json o assegnare manualmente
4a93f8e0-ce42-4f78-90a1-8d301ee34e84,il-natale-del-ricco-epulone,it,Spiritualità,spiritualita,dry,
b6ecb8f8-f473-453c-ae76-14b077db621b,trovare-la-pace-recensione,it,Cultura,cultura,dry,
08118952-084d-4776-a777-cba26b0df3f3,la-casa-in-cima-allalbero-recensione,it,Cultura,cultura,dry,
52f03226-bfbd-4e1a-a4d6-47308d89b6ec,la-chiesa-debole-nel-suo-capo-sorgente-e-segno-della-presenz,it,Spiritualità,spiritualita,dry,
09b6722d-5c4a-4a93-a1c0-2b1c41105d59,il-natale-di-carlo,it,Spiritualità,spiritualita,dry,
ab1f38fc-43e9-4a78-8d8c-c65656ccfa78,vorrei-fare-qualcosa-per-gli-altri-ma-cosa,it,Progetti,,unknown,Valore non mappato: 'Progetti' — aggiungere a categorie.json o assegnare manualmente
e46b29ca-586b-4dc1-a401-7f9c619d5509,un-giorno-un-altro,it,Spiritualità,spiritualita,dry,
24e4b245-3362-4e04-8382-173f1be828a0,dialogo-aperto-n-89,it,Fede e Luce,fede-e-luce,dry,
e78c3b4a-ea08-42d0-a9e9-fef34f67fff3,giorgio-e-sam-una-madre-due-figli-autistici-e-il-racconto-di,it,Cultura,cultura,dry,
7aced81b-ef57-44ad-bbc3-f608e8a27dec,autismo-che-fare-per-questi-figli,it,Famiglia,,unknown,Valore non mappato: 'Famiglia' — aggiungere a categorie.json o assegnare manualmente
d83eaddb-bc0a-4509-b3b1-0f0d5c203a43,la-tentazione-di-fuggire-di-fronte-alle-difficolta,it,Catechesi,,unknown,Valore non mappato: 'Catechesi' — aggiungere a categorie.json o assegnare manualmente
55c61c30-2186-420c-8a3a-8a8de7a0d751,autismo-la-storia-di-oliviero,it,Famiglia,,unknown,Valore non mappato: 'Famiglia' — aggiungere a categorie.json o assegnare manualmente
1a311ea3-c9e8-4741-b85e-818bb7c467bc,pasqua-significa-passaggio,it,Famiglia,,unknown,Valore non mappato: 'Famiglia' — aggiungere a categorie.json o assegnare manualmente
cb66c7c9-3828-4bd2-b61d-c88bfcc02c95,autismo-un-altro-modo-di-percepire-il-mondo,it,Salute,,unknown,Valore non mappato: 'Salute' — aggiungere a categorie.json o assegnare manualmente
79baa947-e65f-4fb9-9c33-ed1e1c1d3421,convegno-il-bambino-autistico,it,Famiglia,,unknown,Valore non mappato: 'Famiglia' — aggiungere a categorie.json o assegnare manualmente
d6f9ace0-4853-44ee-babb-8fb1d45e1a78,film-un-silenzio-particolare,it,Cultura,cultura,dry,
7bce5e93-74f3-49ed-90c8-b566a87c64cd,come-pietre-nel-fiume-recensione,it,Cultura,cultura,dry,
14277843-6047-4613-9a1f-b5351cd8eb4a,curare-lautismo-a-casa-un-opera-damore,it,Famiglia,,unknown,Valore non mappato: 'Famiglia' — aggiungere a categorie.json o assegnare manualmente
d4114ad3-9abb-4e2d-92b9-12489078b146,ii-padre-e-lo-straniero-recensione,it,Cultura,cultura,dry,
ff487aa5-4d1b-46cc-8674-f7b496b9d7ee,date-ai-figli-cose-diverse,it,Famiglia,,unknown,Valore non mappato: 'Famiglia' — aggiungere a categorie.json o assegnare manualmente
581b5d13-aa9d-4f14-a029-8e057a24d1ce,le-chiavi-di-casa-recensione-film,it,Cultura,cultura,dry,
9b0a1203-8008-4024-8604-9214d29089c1,alla-mia-bambina,it,Spiritualità,spiritualita,dry,
8c9be935-f5f3-4c5b-becd-b90c8f7f067a,lavoro-e-disabilita-la-cooperativa-controvento,it,Progetti,,unknown,Valore non mappato: 'Progetti' — aggiungere a categorie.json o assegnare manualmente
6d9ea864-0158-4e7b-9ba8-ec24281c940d,nel-mare-di-assisi,it,Fede e Luce,fede-e-luce,dry,
5a3d935e-2d85-44eb-a5d4-5cedb68be077,arte-e-disabilita-incontriamo-giotto,it,Tempo libero,,unknown,Valore non mappato: 'Tempo libero' — aggiungere a categorie.json o assegnare manualmente
62d9f167-325b-4fa2-bd17-f25226b46f2e,io-e-karol,it,Spiritualità,spiritualita,dry,
8a428949-6ba1-4a4e-a2e9-26e609c2bed8,dialogo-aperto-n-90,it,Spiritualità,spiritualita,dry,
8e45bb0b-d8c0-423d-bd45-c8e70f1f8a96,giovanni-paolo-il-e-le-persone-disabili,it,Spiritualità,spiritualita,dry,
79c1a57d-d3c6-4ece-81e3-cad45c780df4,mi-vuoi-bene-lultima-domanda,it,Catechesi,,unknown,Valore non mappato: 'Catechesi' — aggiungere a categorie.json o assegnare manualmente
9f9fed8a-3d3b-4a22-a558-29fc419cb158,giovanni-paolo-ii-visto-da-vicino,it,Spiritualità,spiritualita,dry,
fb263657-2579-41b6-9102-d19329f2e21c,qualche-idea-per-una-vacanza-senza-partire,it,Tempo libero,,unknown,Valore non mappato: 'Tempo libero' — aggiungere a categorie.json o assegnare manualmente
37402465-f304-43d8-882d-9d7253b32587,il-nostro-don-francesco,it,Spiritualità,spiritualita,dry,
1ede47d6-1387-4aa2-b4d9-09e50016144b,il-mondo-delle-cose-senza-nome-recensione,it,Cultura,cultura,dry,
3ef0bcb8-fe83-4ea4-871f-f8192543dcd8,dedicato-a-don-francesco-trenta-anni-pieni-damore,it,Famiglia,,unknown,Valore non mappato: 'Famiglia' — aggiungere a categorie.json o assegnare manualmente
759a28e5-5a89-40d7-bb8c-4cd1c80e61a7,elena-e-il-mistero,it,Fede e Luce,fede-e-luce,dry,
4d46e3f9-2332-4d19-b52b-814f465e9b5b,giovanni-paolo-ii-non-sembrava-ne-prete-ne-papa,it,Spiritualità,spiritualita,dry,
f6185a1e-8275-4713-8099-1833311d59c3,il-regalo-di-giovanni-paolo-ii,it,Spiritualità,spiritualita,dry,
4c479628-7600-48cc-bfe5-b76730132627,fratello-sole-sorella-down,it,Cultura,cultura,dry,
ac5a4591-2bf8-4a1a-a79b-da3629e4dd73,paradiso-infernale,it,Famiglia,,unknown,Valore non mappato: 'Famiglia' — aggiungere a categorie.json o assegnare manualmente
7f26002c-5dff-49f3-a593-61d531804c2b,educare-alla-paternita-tra-ruoli-di-vita-e-trasformazioni-fa,it,Cultura,cultura,dry,
d6b4ef8d-ba1e-4dc3-a25d-4e5280501d23,una-sera-a-roma-stadio-dei-marmi-special-olympics,it,Sport,,unknown,Valore non mappato: 'Sport' — aggiungere a categorie.json o assegnare manualmente
bd741429-24ef-4ef2-b17b-30da581f44ea,un-mondo-scoprire-camminando-fermandoci,it,Famiglia,,unknown,Valore non mappato: 'Famiglia' — aggiungere a categorie.json o assegnare manualmente
51de456d-7463-4a3c-968b-0c621557dd73,magica-apertura-delle-special-olympics,it,Sport,,unknown,Valore non mappato: 'Sport' — aggiungere a categorie.json o assegnare manualmente
e3fd263c-bc2f-42a8-835c-45f8a9d3dd59,siamo-state-a-parigi-nella-redazione-di-ombres-et-lumiere-en,en,,,skip_null,
0f91b494-e8fa-4156-89fb-744fed06f052,special-olympics-nessuno-si-deve-sentire-escluso,it,Progetti,,unknown,Valore non mappato: 'Progetti' — aggiungere a categorie.json o assegnare manualmente
41b63614-2c1e-425a-9e5d-e6908d16e03c,e-il-carro-va-e-compie-15-anni-en,en,,,skip_null,
0ec50f90-a28f-4d3f-a1c0-a5cf09f24e9d,allasilo-nido-tra-apprendimento-e-integrazione-scolastica,it,Scuola,,unknown,Valore non mappato: 'Scuola' — aggiungere a categorie.json o assegnare manualmente
04e6f278-1a52-4a38-b017-345ad1755ffa,siamo-state-a-parigi-nella-redazione-di-ombres-et-lumiere,it,Fede e Luce,fede-e-luce,dry,
6a5257c2-37e9-46d7-8ce5-4f2eaa7c1632,nel-nome-del-padre,it,Famiglia,,unknown,Valore non mappato: 'Famiglia' — aggiungere a categorie.json o assegnare manualmente
75c16576-9aac-48a4-ba6f-6bbbd5641c78,la-scuola-elementare-di-gianluca-e-vera-socializzazione,it,Scuola,,unknown,Valore non mappato: 'Scuola' — aggiungere a categorie.json o assegnare manualmente
e424ba17-caa9-452f-a698-9596e0801e43,integrazione-scolastica-come-la-viviamo-noi-compagni-di-clas,it,Scuola,,unknown,Valore non mappato: 'Scuola' — aggiungere a categorie.json o assegnare manualmente
4f089d80-7909-48df-a3c8-0fe772937a43,alla-scuola-materna-insegnanti-poco-preparate,it,Scuola,,unknown,Valore non mappato: 'Scuola' — aggiungere a categorie.json o assegnare manualmente
0409eb70-ef53-4f65-9265-9df1360c29c4,e-il-carro-va-e-compie-15-anni,it,Famiglia,,unknown,Valore non mappato: 'Famiglia' — aggiungere a categorie.json o assegnare manualmente
eeccdca4-911b-4592-b6c4-7ccf6b00a88f,la-scelta-di-ivana-la-mia-vita-al-carro,it,Fede e Luce,fede-e-luce,dry,
1f8c2829-2b37-4e63-9571-a6e383172aaa,integrazione-scolastica-il-sostegno-serve-ai-genitori-dei-ra,it,Scuola,,unknown,Valore non mappato: 'Scuola' — aggiungere a categorie.json o assegnare manualmente
578d244c-8f86-4215-a97f-ea489f95201f,integrazione-scolastica-per-paolo-una-gran-perdita,it,Scuola,,unknown,Valore non mappato: 'Scuola' — aggiungere a categorie.json o assegnare manualmente
945f3bc9-3b04-40f5-a180-5b87e8b71747,e-molto-piu-bello-fare-il-volontario-che-il-presidente,it,Progetti,,unknown,Valore non mappato: 'Progetti' — aggiungere a categorie.json o assegnare manualmente
f2414768-25f2-4b52-ba14-a6141742a483,la-lotta-del-padre-cittadino,it,Famiglia,,unknown,Valore non mappato: 'Famiglia' — aggiungere a categorie.json o assegnare manualmente
6419c31c-3f03-4d19-85b4-9a092b0747a1,pazienza-tenacia-anche-durezza,it,Famiglia,,unknown,Valore non mappato: 'Famiglia' — aggiungere a categorie.json o assegnare manualmente
3792e1d7-ddff-4942-848f-978c3dc4d759,smack-come-bacio,it,Famiglia,,unknown,Valore non mappato: 'Famiglia' — aggiungere a categorie.json o assegnare manualmente
128cdc76-ed76-4626-87d9-622a1858f775,itinerari-paralleli,it,Famiglia,,unknown,Valore non mappato: 'Famiglia' — aggiungere a categorie.json o assegnare manualmente
ac3a626a-c49f-47ee-baf6-4fce191b2cae,un-padre-rivela-dono-unico-suo-figlio,it,Famiglia,,unknown,Valore non mappato: 'Famiglia' — aggiungere a categorie.json o assegnare manualmente
78b5768e-5a2d-45df-8d67-9bcf93bebfdb,un-figlio-sorpresa,it,Famiglia,,unknown,Valore non mappato: 'Famiglia' — aggiungere a categorie.json o assegnare manualmente
9cfc6f42-393b-4bc3-9e0c-1ad0584dad02,un-figlio-a-sorpresa-la-scoperta-dei-suoi-doni,it,Famiglia,,unknown,Valore non mappato: 'Famiglia' — aggiungere a categorie.json o assegnare manualmente
64a2419e-219a-4314-af88-92fa2ee91d15,un-padre-rivela-il-dono-unico-di-suo-figlio-disabile,it,Famiglia,,unknown,Valore non mappato: 'Famiglia' — aggiungere a categorie.json o assegnare manualmente
a276d078-c3b9-4d6f-b434-a855c1c3ca7d,liniziazione-cristiana-alle-persone-disabili-orientamenti-e-,it,Cultura,cultura,dry,
fbd45d96-2c97-4cb2-a104-7aef2f6944fe,noi-papa-di-figli-disabili-un-modo-diverso-di-amare,it,Famiglia,,unknown,Valore non mappato: 'Famiglia' — aggiungere a categorie.json o assegnare manualmente
31631ec1-87c9-46a0-ac67-e6c35fe1ad27,smack-come-bacio-il-tempo-con-mio-figlio-disabile,it,Famiglia,,unknown,Valore non mappato: 'Famiglia' — aggiungere a categorie.json o assegnare manualmente
19cf0c13-ffba-429b-bff1-5098835dd3a5,il-diritto-alla-vita-prima-della-nascita-recensione,it,Cultura,cultura,dry,
5a812495-e827-43df-b431-6165cd3dc5f9,dai-figli-non-si-divorzia-separarsi-e-rimanere-buoni-genitor,it,Cultura,cultura,dry,
5c478b0c-f4e7-48fe-9273-bd5cfc395727,come-educare-allautonomia-pazienza-tenacia-anche-durezza,it,Famiglia,,unknown,Valore non mappato: 'Famiglia' — aggiungere a categorie.json o assegnare manualmente
9117a160-6247-40f5-95eb-67d49519f498,la-lotta-del-padre-cittadino-per-far-vivere-meglio-i-nostri-,it,Famiglia,,unknown,Valore non mappato: 'Famiglia' — aggiungere a categorie.json o assegnare manualmente
cd7ee80d-d634-4274-b478-8365e82b53d4,il-tempo-di-unave-maria,it,Spiritualità,spiritualita,dry,
30b7344b-8277-4d0b-8579-bfe50f8eb843,vescovi-del-sinodo-alla-giornata-di-apertura-di-fede-e-luce,it,Spiritualità,spiritualita,dry,
cf14350a-e861-45df-94bb-75aad7d62967,we-are-dads-of-disabled-children-a-different-way-of-love,en,Famiglia,,unknown,Valore non mappato: 'Famiglia' — aggiungere a categorie.json o assegnare manualmente
54b1b924-79c4-4d3f-9c2b-29edf9919f85,piccolo-mio,it,Cultura,cultura,dry,
1e96c318-bbae-4dde-b493-f4134146c466,la-famiglia-messa-alla-prova-dalla-disabilita,it,Famiglia,,unknown,Valore non mappato: 'Famiglia' — aggiungere a categorie.json o assegnare manualmente
a5b00d51-eb49-4a6c-b868-068581100c79,pedagogia-dei-genitori-e-disabilita-recensione,it,Cultura,cultura,dry,
cb5bae77-b8b4-4026-9288-73609edf7a34,dialogo-aperto-n-22-2,it,Fede e Luce,fede-e-luce,dry,
5310f360-4efd-4b13-adca-155491f5395a,a-a-a-cercasi-sostegno-per-chi-apparentemente-non-ne-ha-biso,it,Famiglia,,unknown,Valore non mappato: 'Famiglia' — aggiungere a categorie.json o assegnare manualmente
41829b7e-3bb4-492b-977d-6efa5f19154b,il-manuale-della-buona-educazione-recensione,it,Cultura,cultura,dry,
4cc0e3b5-a220-48c6-aaef-a64c810d1d66,ogni-figlio-e-un-cammino-un-mondo-da-scoprire-camminando-e-f,it,Famiglia,,unknown,Valore non mappato: 'Famiglia' — aggiungere a categorie.json o assegnare manualmente
fccd32ab-8bf6-438d-ac96-73c2dbcc5dc5,la-disabilita-non-e-un-limite-se-mi-ami-costringimi-a-cambia,it,Cultura,cultura,dry,
dca5b44e-f622-41d7-ba13-930db9625bd2,il-parkinson-una-scheda-per-saperne-di-piu,it,Salute,,unknown,Valore non mappato: 'Salute' — aggiungere a categorie.json o assegnare manualmente
22042862-1a9c-46c2-8279-e0847923f9e1,counseling-in-rima,it,Spiritualità,spiritualita,dry,
ea082fec-9e64-454c-8f74-f20e301b1317,la-forza-della-tenerezza-lincanto-si-e-rotto,it,Spiritualità,spiritualita,dry,
74d9cfac-e365-4771-8c79-3cdf3180af4e,gli-amici-che-non-ti-aspetti,it,Famiglia,,unknown,Valore non mappato: 'Famiglia' — aggiungere a categorie.json o assegnare manualmente
75917fad-1b73-4f35-b49e-c9cfc954aaaa,pizza-suppli-e-bibita-a-7-euro,it,Tempo libero,,unknown,Valore non mappato: 'Tempo libero' — aggiungere a categorie.json o assegnare manualmente
3ecc9a3b-d2f9-4cdb-bfb8-dba59efd1a99,le-mollette-di-roberto,it,Fede e Luce,fede-e-luce,dry,
87c55d17-ac4d-4545-8d1e-b5513a2be413,la-ragazzina-nuova,it,Spiritualità,spiritualita,dry,
4e173928-fa68-4478-8e2d-e1a1f14077e8,gli-oggetti-raccontano-storie-straordinarie-di-oggetti-comun,it,Cultura,cultura,dry,
9c274fdc-af7c-454d-b782-b3e299d2b25a,dopo-di-noi-insieme-a-noi-famiglie-e-servizi-nella-cura-dei-,it,Cultura,cultura,dry,
8b18ccb3-700c-4578-bccc-2d7458dcbff3,come-in-trasparenza-diario-di-un-malato-di-parkinson-recensi,it,Cultura,cultura,dry,
4ef8acfd-43b8-4887-b165-84cbef63d3d6,il-vangelo-per-tutti-i-disabili-mentali-e-la-domenica-nella-,it,Cultura,cultura,dry,
2090d561-e9d8-4a6a-b399-6875c72154db,ne-giusto-ne-sbagliato-recensione,it,Cultura,cultura,dry,
fb7923ad-4ee5-4b27-9e11-bda4a019d916,questo-bambino-lo-amo,it,Famiglia,,unknown,Valore non mappato: 'Famiglia' — aggiungere a categorie.json o assegnare manualmente
3ecc9a3b-d2f9-4cdb-bfb8-dba59efd1a99,le-mollette-di-roberto,it,Fede e Luce,fede-e-luce,dry,
02ab40b7-a34a-4203-9d62-299120fc9f4d,dalle-un-bacio,it,Famiglia,,unknown,Valore non mappato: 'Famiglia' — aggiungere a categorie.json o assegnare manualmente
fccd32ab-8bf6-438d-ac96-73c2dbcc5dc5,la-disabilita-non-e-un-limite-se-mi-ami-costringimi-a-cambia,it,Cultura,cultura,dry,
dc7922d9-e53c-4cf6-a48e-963bbd287f13,credere-e-curare-recensione,it,Cultura,cultura,dry,
9016f0eb-fb01-484b-b21c-34b984236862,dialogo-aperto-n-93,it,Spiritualità,spiritualita,dry,
8b18ccb3-700c-4578-bccc-2d7458dcbff3,come-in-trasparenza-diario-di-un-malato-di-parkinson-recensi,it,Cultura,cultura,dry,
cbd66095-3a33-40b2-8c5e-e2d58c98cee6,nonno-e-cosi-brutto-essere-diversi,it,Cultura,cultura,dry,
b1de1e32-1f09-4b37-ad8b-876278cb3b67,genitori-e-medici-davanti-allannuncio-dellhandicap,it,Salute,,unknown,Valore non mappato: 'Salute' — aggiungere a categorie.json o assegnare manualmente
e1a2e783-a03c-4c27-a9b0-50cbc4e3fb8f,valeria-risponde-alla-lettera-di-monica-del-n-93,it,Famiglia,,unknown,Valore non mappato: 'Famiglia' — aggiungere a categorie.json o assegnare manualmente
c1a4e579-6982-4ce8-b4aa-7dbd91de5864,agli-amici-vici-siate-disponibili,it,Famiglia,,unknown,Valore non mappato: 'Famiglia' — aggiungere a categorie.json o assegnare manualmente
64b13fa1-69d7-40b3-bee1-349e312c3a42,sostegno-psicologicologico-in-gravidanza,it,Cultura,cultura,dry,
95e18728-6bbc-4842-86bf-34f2f1e6aec5,la-luna-nuova-di-casa-betania,it,Progetti,,unknown,Valore non mappato: 'Progetti' — aggiungere a categorie.json o assegnare manualmente
d5f77b04-86a5-4757-b2ad-d6c7d45ab6e8,con-la-forza-di-una-quercia-associazione-la-quercia-milleari,it,Progetti,,unknown,Valore non mappato: 'Progetti' — aggiungere a categorie.json o assegnare manualmente
6eff58fa-2601-443f-af27-193d1de6bc12,tecniche-di-diagnosi-prenatale,it,Salute,,unknown,Valore non mappato: 'Salute' — aggiungere a categorie.json o assegnare manualmente
a571f8ca-fe91-4af5-87d1-48653619e0e6,fanha-famiglie-accoglienti-nascituri-handicappati,it,Famiglia,,unknown,Valore non mappato: 'Famiglia' — aggiungere a categorie.json o assegnare manualmente
04b94c87-854a-4041-bfcf-2686569b4ebe,io-non-sapevo,it,Spiritualità,spiritualita,dry,
77cf28d6-0e09-4582-a5fa-5b916e3aacdb,lamniocentesi-di-stato-e-la-grande-colpa-di-noi-madri-selvag,it,Cultura,cultura,dry,
92b654cc-b8f6-4695-ba26-143b2c0f2967,dialogo-aperto-n-94,it,Fede e Luce,fede-e-luce,dry,
515a6987-d25a-426c-a531-788efc23803c,hai-mutato-il-mio-lamento-in-danza-una-maternita-dalla-morte,it,Cultura,cultura,dry,
7baa46dd-46c5-4833-a65a-54ae68d2b370,lo-shock-della-diagnosi-prenatale,it,Famiglia,,unknown,Valore non mappato: 'Famiglia' — aggiungere a categorie.json o assegnare manualmente
f8fc7798-e407-4c17-9e6c-c763a3a11d96,ad-ogni-marzo-che-passa,it,Famiglia,,unknown,Valore non mappato: 'Famiglia' — aggiungere a categorie.json o assegnare manualmente
7a6bb820-5e41-4ac7-9f08-a66ada89a736,amare-un-errore-patricia-bauer,it,Famiglia,,unknown,Valore non mappato: 'Famiglia' — aggiungere a categorie.json o assegnare manualmente
5f17f718-3ef0-4002-a738-4a864cdb03f2,culla-di-parole-come-accogliere-gli-inizi-difficili-della-vi,it,Cultura,cultura,dry,
5979de26-45a3-4976-8ee5-9d621de5ce88,una-scelta-difficile,it,Famiglia,,unknown,Valore non mappato: 'Famiglia' — aggiungere a categorie.json o assegnare manualmente
eb4b0fd6-7ec2-4d1e-870c-a0aa4fba0e0b,mio-figlio-mi-divora-recensione,it,Cultura,cultura,dry,
44451ee1-88a4-42ff-b7e5-7a593ecd64d5,e-ho-ripensato-tutto,it,Fede e Luce,fede-e-luce,dry,
812e38a8-bd80-487b-8a31-92c52197e26c,donne-nel-respiro-di-ruah-il-protagonismo-delle-donne-nella-,it,Cultura,cultura,dry,
36a6855b-ca8f-427e-8dec-601d317bf961,e-li-chiamano-disabili-recensione,it,Cultura,cultura,dry,
11813ce0-b5bb-4025-8367-ebf0914d29df,ii-barattolo-di-maionese-e-caffe,it,Spiritualità,spiritualita,dry,
8ff6ce1b-18e3-4ed6-b6ae-cb54941fdcc6,se-avessi-ascoltato-la-mia-disperazione,it,Fede e Luce,fede-e-luce,dry,
334e1075-5a55-4eec-8c61-05597405f46e,dialogo-aperto-n-95,it,Fede e Luce,fede-e-luce,dry,
7d80dfa5-5ef5-49fe-9df4-ff511c51488e,obiettivo-decrescita-recensione,it,Cultura,cultura,dry,
27c498fa-aa37-493e-8b7e-df67f6e54efc,terapie-corpontamentali-teacch-vs-aba,it,Salute,,unknown,Valore non mappato: 'Salute' — aggiungere a categorie.json o assegnare manualmente
90a7df80-13bb-4b0b-afaf-8238f4279a3f,vita-fede-e-luce-hola-madrid,it,Fede e Luce,fede-e-luce,dry,
f0ce017c-7b59-4f86-8392-f748607d593c,il-mio-primo-campo-fede-e-luce,it,Fede e Luce,fede-e-luce,dry,
ca5b284b-800f-4d93-bcea-1b776ac2a62f,come-reagire-allindifferenza-di-chi-e-vicino,it,Famiglia,,unknown,Valore non mappato: 'Famiglia' — aggiungere a categorie.json o assegnare manualmente
28edb7f3-c9de-4bfa-9e4f-91c63cdcba04,irradiare-la-pace-come-fanno-loro,it,Famiglia,,unknown,Valore non mappato: 'Famiglia' — aggiungere a categorie.json o assegnare manualmente
57d89e82-3b6e-4518-9585-35ba58ce3e47,re-33-e-i-suoi-33-bottoni-doro-recensione,it,Cultura,cultura,dry,
6de1603a-4bba-45ef-ba8d-90ecfd494179,alzheimer-sto-diventando-piu-umano,it,,,skip_null,
0546dcca-0185-42d5-8ae7-0f269445c6e7,il-re-del-mercato-recensione,it,Cultura,cultura,dry,
9370f693-87f8-4f58-86cb-21fb19d29958,alzheimer-il-passato-perduto-per-sempre,it,Salute,,unknown,Valore non mappato: 'Salute' — aggiungere a categorie.json o assegnare manualmente
c3ff1207-ccbd-496c-aca3-5fa4ca032e94,lardimento-racconto-della-vita-di-don-carlo-gnocchi-recensio,it,Cultura,cultura,dry,
f409c987-3990-4a4a-876d-c443f308c1ac,alzheimer-ma-soprattutto-e-mio-nonno,it,Salute,,unknown,Valore non mappato: 'Salute' — aggiungere a categorie.json o assegnare manualmente
e88fb51b-4c6c-48f8-a111-4a971491c178,patologie-disabilitanti-nellanziano,it,Salute,,unknown,Valore non mappato: 'Salute' — aggiungere a categorie.json o assegnare manualmente
869da0cc-6b53-4b44-aa86-25f3c0a6069d,don-zeno-obbedientissimo-ribelle-recensione,it,Cultura,cultura,dry,
1bdef268-278f-4d0a-b54d-5b98cd327a48,alzheimer-ancora-sempre-per-mano,it,Salute,,unknown,Valore non mappato: 'Salute' — aggiungere a categorie.json o assegnare manualmente
a5fb1d5d-ea6a-46b5-b256-c97c0ce4634b,dialogo-aperto-n-96,it,Fede e Luce,fede-e-luce,dry,
5d867bae-ebe7-4a4b-9963-28543260c8a7,alzheimer-cosi-lontani-e-cosi-vicini,it,Salute,,unknown,Valore non mappato: 'Salute' — aggiungere a categorie.json o assegnare manualmente
64abaf81-90c5-4baf-945a-b44c9e361ec1,cara-nicole,it,Fede e Luce,fede-e-luce,dry,
33b85138-d875-47a7-8e2a-44ba2a273a8a,come-se-fosse-la-cosa-piu-normale-del-mondo,it,Famiglia,,unknown,Valore non mappato: 'Famiglia' — aggiungere a categorie.json o assegnare manualmente
ab4f319a-878c-4917-8bce-95ae99a173ca,con-tutte-le-mie-forze-special-olympics-youth-games,it,Famiglia,,unknown,Valore non mappato: 'Famiglia' — aggiungere a categorie.json o assegnare manualmente
8ebe40db-3470-4fbb-9a10-68e4cb7286aa,il-bambinello-di-marija,it,Spiritualità,spiritualita,dry,
619b3b0c-209b-4563-a882-a6696e4e03ef,in-gita-per-il-calendario-dell-associazion-italiana-persone-,it,Spiritualità,spiritualita,dry,
bac64caf-1624-4ae8-9f9d-5a3a60bac2d5,alzheimer-il-grande-amore-di-sua-sorella-marta,it,Salute,,unknown,Valore non mappato: 'Salute' — aggiungere a categorie.json o assegnare manualmente
b1cedd6a-bafc-4e6d-b0ef-88f5fcbd490f,giochi-per-ridere-educare-gli-adolescenti-divertendosi-recen,it,Cultura,cultura,dry,
fedaa3dc-9cc3-45c4-9b30-e778b74916b6,lamico-speciale-uno-strumento-per-parlare-di-autismo-ai-bamb,it,Cultura,cultura,dry,
0237d4e3-92da-4562-a09c-7a60ed4ed133,la-stanza-dellorso-e-dellape-recensione,it,Cultura,cultura,dry,
b0f29ad8-32e1-431a-a139-5f23180f8a54,la-scoperta-dellalba-recensione,it,Cultura,cultura,dry,
0d41123b-ef83-4579-87fa-97da08db2536,problematiche-delleta-evolutiva-incontrarsi-sul-dojo,it,Sport,,unknown,Valore non mappato: 'Sport' — aggiungere a categorie.json o assegnare manualmente
c7288410-036b-40e1-b1a7-eba504a09e8b,come-in-trappola-storia-di-bambino-con-deficit-attenzione-se,it,Spiritualità,spiritualita,dry,
18774d79-3713-4a4e-8cef-b5cd05418ed5,cose-liperattivita,it,Salute,,unknown,Valore non mappato: 'Salute' — aggiungere a categorie.json o assegnare manualmente
f23d1d48-d253-4b45-8511-f8b6eaf59222,questi-bambini-sono-intoccabili,it,Spiritualità,spiritualita,dry,
3e8b69c1-52f6-4f7b-bf0e-ebd8b0a72739,elogio-alla-bruttezza-recensione,it,Cultura,cultura,dry,
ca7d1fe8-2310-480b-a2c5-f4b4e6312837,un-atto-di-gioia-in-prosa-e-altro,it,Progetti,,unknown,Valore non mappato: 'Progetti' — aggiungere a categorie.json o assegnare manualmente
81b0edea-a323-414e-871a-1578afb8a587,dialogo-aperto-n-97,it,Fede e Luce,fede-e-luce,dry,
72b57ec8-6184-4869-aad9-199016a75174,come-far-comportare-bene-mio-figlio,it,Salute,,unknown,Valore non mappato: 'Salute' — aggiungere a categorie.json o assegnare manualmente
46ffb84d-e0c6-4bf1-8bdd-6e99724d5a1b,ricordando-la-cara-nicole-il-dono-piu-sincero-e-il-dono-di-s,it,Fede e Luce,fede-e-luce,dry,
5185ad02-e7a0-4563-8838-3158150f9bf7,brutta-recensione,it,Cultura,cultura,dry,
d4a9ccbb-f6eb-4377-8faa-42e20ab74778,campane-a-festa-2,it,Fede e Luce,fede-e-luce,dry,
539ed1e1-b11f-4693-aa74-f6729823baaf,nellintimo-delle-madri-luci-e-ombre-della-maternita-recensio,it,Cultura,cultura,dry,
05ce6045-4e71-4ef0-b40f-af7717cbaf06,mamme-coraggio-e-oltre,it,Famiglia,,unknown,Valore non mappato: 'Famiglia' — aggiungere a categorie.json o assegnare manualmente
1c6d3d5c-4aad-4bab-9784-6060bf9f2ceb,e-sempre-pasqua-il-macigno,it,Spiritualità,spiritualita,dry,
71484d2f-bb1c-46c9-8666-e7720b896361,la-fattoria-delle-meraviglie,it,Progetti,,unknown,Valore non mappato: 'Progetti' — aggiungere a categorie.json o assegnare manualmente
78ad5926-76db-4eb7-bc03-d77a4dd7901e,il-figlio-terminale-recensione,it,Cultura,cultura,dry,
8dfc6b9e-4939-4ede-99f8-359efe100f58,ho-12-anni-faccio-la-cubista-mi-chiamano-principessa-storie-,it,Cultura,cultura,dry,
e9ce6b61-421c-4293-8426-00dffc90dca9,occhi-doro-nato-per-vivere-recensione,it,Cultura,cultura,dry,
67125a92-fb84-4242-b688-e6dcd2c0318c,la-mia-pazienza-ha-dei-limiti,it,Spiritualità,spiritualita,dry,
1e4adf82-446e-430f-9bfb-8d756034a96b,perche-il-dolore-qualche-riflessione,it,Spiritualità,spiritualita,dry,
33f461cc-50a6-4c10-90f5-f18d5a433de6,salvatore-medico-pediatra-acondroplasico,it,Famiglia,,unknown,Valore non mappato: 'Famiglia' — aggiungere a categorie.json o assegnare manualmente
397b4031-60dd-4af9-ae77-3b956fc48c51,lettera-alla-tua-famiglia-recensione,it,Cultura,cultura,dry,
47bf8086-ca78-4b83-93b8-f283e00a0eb0,santa-pazienza,it,Spiritualità,spiritualita,dry,
794dc47d-9d1c-4581-ad64-810ee7af10b9,acondroplasia-scheda-informativa,it,Salute,,unknown,Valore non mappato: 'Salute' — aggiungere a categorie.json o assegnare manualmente
e44e02ef-23e5-458d-ab9a-e0468621b5d5,1500-grammi-di-cenere-cremazione-e-fede-cristiana-recensione,it,Cultura,cultura,dry,
f721c32b-5d56-419f-9d36-2750ee29ebe3,dialogo-aperto-n-98,it,Fede e Luce,fede-e-luce,dry,
d1b48729-0c1f-432a-a7ca-ade1531677de,la-luce-e-la-letizia-recensione,it,Cultura,cultura,dry,
0bc3c326-922e-4612-a39e-b55440f0064e,labbraccio-di-lorella,it,Cultura,cultura,dry,
afca52f4-e1d0-4459-938a-4debb13b2796,liesje-mia-figlia-recensione,it,Cultura,cultura,dry,
0970738d-a976-4409-8a0c-e2f8b6216b2a,tutti-insieme-fedelucissimamente,it,Fede e Luce,fede-e-luce,dry,
5a7e420b-2a1c-44b2-adc4-4134386474f8,quanto-coraggio-quanta-speranza,it,Fede e Luce,fede-e-luce,dry,
6f216349-50ac-4ead-9430-b6dfded760ee,il-male-minore-devianza-giovanile-una-problematica-per-tutti,it,Cultura,cultura,dry,
90be02e5-955c-4092-ae80-55e8e4e3dd0a,la-figlia-del-silenzio-recensione,it,Cultura,cultura,dry,
f92d75aa-977f-46e9-8fa9-c401f2b13d7b,parlami-di-lui-limportanza-del-raccontare-gli-altri-e-del-ra,it,Famiglia,,unknown,Valore non mappato: 'Famiglia' — aggiungere a categorie.json o assegnare manualmente
e1e4ac21-bd85-480c-93ee-9dc5ebd3e3fa,la-spina-bifida-scheda-informativa,it,Salute,,unknown,Valore non mappato: 'Salute' — aggiungere a categorie.json o assegnare manualmente
28318de0-0e5c-49e2-acab-b5674f2509f0,un-terremoto-a-ciel-sereno,it,Famiglia,,unknown,Valore non mappato: 'Famiglia' — aggiungere a categorie.json o assegnare manualmente
194a8d85-d1a2-47c5-adf8-c26c0d32a830,da-meditare-senza-fretta,it,Fede e Luce,fede-e-luce,dry,
ac3bd51f-ba8c-49e2-a87f-31829c75f4f1,il-potere-dellarte-dalla-magia-alla-terapia,it,Progetti,,unknown,Valore non mappato: 'Progetti' — aggiungere a categorie.json o assegnare manualmente
37528e1d-a816-4aa8-a4cb-f4735f90ed89,musei-davvero-per-tutti-grazie-allassociazione-va-m-i-volont,it,Progetti,,unknown,Valore non mappato: 'Progetti' — aggiungere a categorie.json o assegnare manualmente
bea3eeb0-fe3a-417e-a34f-c12122635e9d,dialogo-aperto-n-99,it,Fede e Luce,fede-e-luce,dry,
03896916-e3f6-4fac-ac7c-00b790da33a5,dialogo-aperto-n-100,it,Fede e Luce,fede-e-luce,dry,
2cafba79-6f0b-4e32-aeec-dfb47c0bbaba,la-grande-famiglia,it,Fede e Luce,fede-e-luce,dry,
0d008f3b-cd2a-46ff-bc26-02b0853f57fa,noi-dei-piani-di-sopra,it,Fede e Luce,fede-e-luce,dry,
3743ada0-c3ce-45e4-af53-4a1b6d775e35,ammalati-di-affetto,it,Fede e Luce,fede-e-luce,dry,
d3eec3ed-0a03-4d13-b86c-c1aadfc2b603,e-se-gesu-ci-scrivesse-oggi,it,Spiritualità,spiritualita,dry,
50bf0db7-67b2-4757-86c9-d89251ca95a1,fede-e-luce-larca-ombre-e-luci,it,Fede e Luce,fede-e-luce,dry,
6b2984df-6fb0-42aa-80c5-a09347169c40,dialogo-aperto-n-100-en,en,,,skip_null,
fe4e1773-6afd-4f4c-b483-f0f958198396,storia-redazione-via-bessarione-gammarelli,it,Fede e Luce,fede-e-luce,dry,
9a32872c-b2bd-4907-8d0d-02d2bd6bf679,dedicato-alle-mamme-e-ai-papa,it,Famiglia,,unknown,Valore non mappato: 'Famiglia' — aggiungere a categorie.json o assegnare manualmente
050c231d-501c-4b77-8eef-d731e6201765,journey-of-unchanged-affection-celebrating-24-years-of-faith,en,Fede e Luce,fede-e-luce,dry,
af9886d7-5723-4f7d-8899-0a3b6efe126a,maria-la-mamma-di-gesu-dedicato-ai-bambini,it,Spiritualità,spiritualita,dry,
cfed8fde-23e6-43ca-a18a-7d43000fc94d,san-francesco-larca-e-fede-e-luce,it,,,skip_null,
ad8695c8-ac09-4d5b-9321-1860575c37f9,con-tutto-il-cuore,it,Famiglia,,unknown,Valore non mappato: 'Famiglia' — aggiungere a categorie.json o assegnare manualmente
9933fbce-bfb6-44fd-82fd-2d518a93063c,ne-lui-ne-i-suoi-genitori,it,Spiritualità,spiritualita,dry,
9f5dd50c-cf7e-4a57-bf80-dd7e2f40a71a,una-grande-famiglia,it,Fede e Luce,fede-e-luce,dry,
93efd86f-48ed-451f-b5ac-5171a2f22ccf,sbagliando-sinventa,it,Cultura,cultura,dry,
81572bb0-9467-402f-aba5-4fd9cf39c243,testimone-oculare,it,Fede e Luce,fede-e-luce,dry,
38cb3f1b-e2f4-4633-af8c-48ecae62f86b,immaginate,it,Fede e Luce,fede-e-luce,dry,
13b91f77-be32-461e-b786-753828e04e42,dialogo-aperto-n-101,it,Spiritualità,spiritualita,dry,
4325a016-3e74-466a-b36d-ff40970e839c,avvicinare-i-genitori-di-ragazzi-con-disabiltia,it,Famiglia,,unknown,Valore non mappato: 'Famiglia' — aggiungere a categorie.json o assegnare manualmente
13a62468-c126-430a-ab4b-429629482f08,ristorante-i-ragazzi-di-sipario-dove-niente-e-scontato,it,Progetti,,unknown,Valore non mappato: 'Progetti' — aggiungere a categorie.json o assegnare manualmente
72ffa9cb-8d11-43a4-9a83-65d60b2e5e0e,invasioni-rumene-non-barbariche,it,Fede e Luce,fede-e-luce,dry,
6008b991-3a92-42c2-8ba4-d7c57fd09694,concorso-fotografico-legami,it,Cultura,cultura,dry,
93ee9628-33af-469c-855f-850f31ddfc13,tra-il-dire-e-il-fare-non-ce-piu-il-mare,it,Progetti,,unknown,Valore non mappato: 'Progetti' — aggiungere a categorie.json o assegnare manualmente
12379f44-83c4-4f21-afac-b1e60b949bb9,la-storica-redazione-ombre-luci,it,Fede e Luce,fede-e-luce,dry,
0e53ffca-33ff-4003-85d5-5557d204ce75,ti-ricordi-nicole,it,Fede e Luce,fede-e-luce,dry,
5172a944-fc92-45b2-b38f-89f789cbbccf,alla-scoperta-della-redazione-ombre-luci,it,Fede e Luce,fede-e-luce,dry,
f1ad16de-78ab-4b1c-aeb3-efa0cdd5d742,camminato-vicino-marco,it,Catechesi,,unknown,Valore non mappato: 'Catechesi' — aggiungere a categorie.json o assegnare manualmente
d095d16b-c59c-433d-b562-bfd790ab53b4,luomo-guarda-volto-dio-cuore,it,Catechesi,,unknown,Valore non mappato: 'Catechesi' — aggiungere a categorie.json o assegnare manualmente
680db08e-d6da-46fc-a750-eef6caf071f7,la-la-nostra-cresima,it,Catechesi,,unknown,Valore non mappato: 'Catechesi' — aggiungere a categorie.json o assegnare manualmente
c6383822-ee21-4a48-97b7-78b6f33fec0e,tutti-bisogno-dei-sacramenti,it,Catechesi,,unknown,Valore non mappato: 'Catechesi' — aggiungere a categorie.json o assegnare manualmente
b7cd66ff-7a5d-42c5-b43e-b953d8979c2a,adolescenti-allo-sbaraglio,it,Famiglia,,unknown,Valore non mappato: 'Famiglia' — aggiungere a categorie.json o assegnare manualmente
498f4f97-6b5e-4e07-b692-ac517dfad173,fin-dalla-nascita,it,Spiritualità,spiritualita,dry,
61cca815-03e7-4715-aae5-e38c29cc9b34,chi-ha-visto-adriano,it,Spiritualità,spiritualita,dry,
6e778f19-e83d-4dee-a91f-66395afb7083,la-citta-dei-ragazzi-recensione,it,Cultura,cultura,dry,
7cf437d9-98f7-4f8f-bb89-5ea333e7320b,parlare-di-dio-ai-bambini-di-oggi-recensione,it,Cultura,cultura,dry,
5264a0d4-eccf-4259-9c95-9337ed595057,diario-di-scuola-recensione,it,Cultura,cultura,dry,
dc8e0bb6-9b70-49ad-8de8-cf7ba10cc622,dialogo-aperto-n-102,it,Famiglia,,unknown,Valore non mappato: 'Famiglia' — aggiungere a categorie.json o assegnare manualmente
cc3332c5-3b98-4e44-ad30-d1617967baed,lo-spazio-bianco-recensione,it,Cultura,cultura,dry,
c8faa863-2ab6-4cc4-87f6-40b1a96b7bac,una-scuolina-per-crescere,it,Progetti,,unknown,Valore non mappato: 'Progetti' — aggiungere a categorie.json o assegnare manualmente
0c76e00f-8d46-4351-be1b-94bfefd85e03,casa-famiglia-il-tetto,it,Progetti,,unknown,Valore non mappato: 'Progetti' — aggiungere a categorie.json o assegnare manualmente
48809337-95eb-4c30-9cca-40c7e510533f,ii-focolare-comunita-educativo-terapeutica,it,Progetti,,unknown,Valore non mappato: 'Progetti' — aggiungere a categorie.json o assegnare manualmente
4bb839de-9e9c-4e65-addf-2234a3ae3738,la-citta-dei-ragazzi,it,Progetti,,unknown,Valore non mappato: 'Progetti' — aggiungere a categorie.json o assegnare manualmente
494bcaa6-a58f-4995-96bb-958b8133e989,gli-anni-che-passano,it,Fede e Luce,fede-e-luce,dry,
4eaa4c16-ef11-412b-9ec0-8dbacf6a4543,il-mondo-di-sergio-una-storia-vera-dei-nostri-giorni-recensi,it,Cultura,cultura,dry,
ecd574d1-d615-4de2-b5a6-8748d1173430,la-stanza-degli-ufficiali-recensione,it,Cultura,cultura,dry,
c24cb56b-509a-484d-8ff8-844ed8b47da1,integrazione-del-disabile-radici-e-prospettive-educative-rec,it,Cultura,cultura,dry,
f4b8420b-675c-4caa-a11f-7bc5189e32f4,mio-figlio-un-angelo-che-ha-scelto-di-vivere-recensione,it,Cultura,cultura,dry,
09c12b14-dbb7-4a4c-9587-73a7309ff12f,le-anime-semplici-recensione,it,Cultura,cultura,dry,
07f359d7-bfc1-4a6d-b7f0-9d9829f7a7de,associazione-habitat-per-lautismo-onlus,it,Progetti,,unknown,Valore non mappato: 'Progetti' — aggiungere a categorie.json o assegnare manualmente
e03c6f3b-b699-4fb4-b2f0-39ee8ccbcdf3,ecco-io-faccio-nuove-tutte-le-cose,it,Catechesi,,unknown,Valore non mappato: 'Catechesi' — aggiungere a categorie.json o assegnare manualmente
6d6cb348-9274-4490-bf14-1b452ec4cfa5,perche-proprio-io,it,Famiglia,,unknown,Valore non mappato: 'Famiglia' — aggiungere a categorie.json o assegnare manualmente
edab790a-875c-45b9-9ba0-1ccea36dabc9,la-solitudine-dei-numeri-primi-recensione,it,Cultura,cultura,dry,
a2fdda90-a355-4c61-a0da-f8f88af33fb8,jean-vanier-racconta-la-comunita-di-san-martino,it,,,skip_null,
0a8f7cb7-b3f3-418c-9e59-8791f78c07a4,dialogo-aperto-n-103,it,Famiglia,,unknown,Valore non mappato: 'Famiglia' — aggiungere a categorie.json o assegnare manualmente
23e92712-a603-450c-982e-fc22147543b6,la-storia-di-giovanni,it,Educazione e Formazione,,unknown,Valore non mappato: 'Educazione e Formazione' — aggiungere a categorie.json o assegnare manualmente
7ef31df0-f44c-44a0-b9e5-e653ebbbda9b,da-soli-non-si-puo,it,Famiglia,,unknown,Valore non mappato: 'Famiglia' — aggiungere a categorie.json o assegnare manualmente
ec473ea4-c18c-4cd3-a4b7-92f75bac157a,sono-un-africano,it,Spiritualità,spiritualita,dry,
37256bd0-98f0-47dc-a05f-46d47711f3db,la-casa-di-dario-comunita-alloggio,it,Progetti,,unknown,Valore non mappato: 'Progetti' — aggiungere a categorie.json o assegnare manualmente
efb9c874-e427-493c-9239-c76398078702,il-male-e-la-sofferenza-raccontati-ai-bambini-recensione,it,Cultura,cultura,dry,
07e08abb-30e0-4bf1-9e4d-befe56e37c2c,un-luogo-dove-bello-vivere,it,Progetti,,unknown,Valore non mappato: 'Progetti' — aggiungere a categorie.json o assegnare manualmente
4a232b60-083a-4872-91d0-751182379c0a,sessualita-come-viverla-con-la-propria-disabilita,it,Cultura,cultura,dry,
1064d918-f8df-4180-9284-c86d627f54e4,quel-tesoro-nascosto,it,Fede e Luce,fede-e-luce,dry,
40579869-56c2-4cd7-9099-1555dd007717,non-una-santa,it,Spiritualità,spiritualita,dry,
e498d9e4-7c6e-4b06-bc99-d9efe0c56646,eros-e-disabili-riflessioni-e-testimonianze,it,Cultura,cultura,dry,
2d866075-3eb6-43dd-8b82-c5f37594b7bf,apadest-associazione-piemontese-amici-della-sindrome-di-turn,it,Progetti,,unknown,Valore non mappato: 'Progetti' — aggiungere a categorie.json o assegnare manualmente
58dc88e1-b24f-46e3-8863-9fef965e13d9,la-forza-di-una-vita-fragile-storia-di-una-bambina-che-non-d,it,Cultura,cultura,dry,
43df9710-5887-437e-aebc-c82b5e7d7b6d,carugate-a-catechismo-con-gli-amici-disabili,it,Progetti,,unknown,Valore non mappato: 'Progetti' — aggiungere a categorie.json o assegnare manualmente
71105498-2286-4010-aaa7-d67ef5588f88,sono-un-pellegrino,it,,,skip_null,
e9cd63c3-41f4-4d09-9e95-f32e0822c46c,la-vita-e-una-sfida-recensione,it,Cultura,cultura,dry,
7663a046-aea0-4d1b-9ff0-bcd3b00b3b5d,gli-errori-di-mamma-e-papa-guida-pratica-per-non-sbagliare-p,it,Cultura,cultura,dry,
3499d15e-406e-4d86-9d11-b40831837838,vegliate-con-me-hospice-unispirazione-per-la-cura-della-vita,it,Cultura,cultura,dry,
4b8f5bb7-73ce-4bab-8095-bc3331b686b8,il-paese-delle-meraviglie,it,Famiglia,,unknown,Valore non mappato: 'Famiglia' — aggiungere a categorie.json o assegnare manualmente
1c136fc2-e196-47b2-b5bc-f6d5cd7f3cb9,dialogo-aperto-n-104,it,Fede e Luce,fede-e-luce,dry,
7ab400e9-1b00-4797-8217-16a82bb5cf77,i-fraticelli,it,Spiritualità,spiritualita,dry,
9373bd0d-f9f8-4ae5-be7e-25360da8149e,presenza-reale,it,Spiritualità,spiritualita,dry,
a30af4a5-8264-4103-b2fb-3bea50be7420,tanti-volti-tante-lingue-un-solo-cuore,it,Fede e Luce,fede-e-luce,dry,
51de45f4-4bbb-4283-bbe5-50453b52b145,momenti-difficili,it,Salute,,unknown,Valore non mappato: 'Salute' — aggiungere a categorie.json o assegnare manualmente
808c0376-ead3-4fdb-85d5-909c1d160367,cristo-con-gli-alpini-recensione,it,Cultura,cultura,dry,
63da222f-2bcc-441e-ada5-ebb0100d871a,eredita-e-figli-disabili-il-notaio-risponde,it,Progetti,,unknown,Valore non mappato: 'Progetti' — aggiungere a categorie.json o assegnare manualmente
9edace2d-8b68-4ddc-8719-562d7261c19d,un-fratello-aiutato-da-un-fratello-e-come-una-citta-fortific,it,Famiglia,,unknown,Valore non mappato: 'Famiglia' — aggiungere a categorie.json o assegnare manualmente
a7cc0df0-42c1-46f9-8dfd-7ab12c14730c,oscura-luminosissima-notte-recensione,it,Cultura,cultura,dry,
97e1be87-8714-4a8b-b3a0-86d66d0d80d1,si-puo-fare-da-vicino-nessuno-e-normale,it,Cultura,cultura,dry,
f08761cd-be9a-4396-95d6-f64e9c21abf6,il-carro-una-casa-sempre-piena-di-gente,it,Progetti,,unknown,Valore non mappato: 'Progetti' — aggiungere a categorie.json o assegnare manualmente
6c6070d7-6f92-48a2-8d33-571a66160587,i-ciechi-non-sognano-il-buio-vivere-con-successo-la-cecita-r,it,Cultura,cultura,dry,
e1cda15a-7c0b-4384-ad76-78ae15d5a78e,ora-sto-diventare-mamma,it,Salute,,unknown,Valore non mappato: 'Salute' — aggiungere a categorie.json o assegnare manualmente
57a80836-58d5-4fdf-ac19-7802c6d7ef78,baby-xitter,it,Progetti,,unknown,Valore non mappato: 'Progetti' — aggiungere a categorie.json o assegnare manualmente
216f674e-10ae-4651-be3b-d27af5954ac4,amore-caro-a-filo-doppio-con-persone-fragili-recensione,it,Cultura,cultura,dry,
5983ad08-7c51-4d20-a9f9-c7fa45234d85,quel-puntino-un-po-sfrangiato-recensione,it,Cultura,cultura,dry,
cccd4eb2-56d5-4787-acc2-7d3dcd476adf,dimitri-il-teatro-fra-sogni-e-progettualita,it,Cultura,cultura,dry,
a52def99-78e5-4167-9bb8-41f8d5874ff8,eppure-splende-il-sole,it,Fede e Luce,fede-e-luce,dry,
12f8fe0f-daf2-4885-b8b3-a66db62c7350,giulia-in-arte-clown-cicciola,it,Cultura,cultura,dry,
26c5e8b3-a4fd-4915-859c-8f79df092970,sotto-i-riflettori-sempre-senza-protesi,it,Famiglia,,unknown,Valore non mappato: 'Famiglia' — aggiungere a categorie.json o assegnare manualmente
d869d57a-3690-471f-a084-64f514527d85,il-coraggio-di-osare,it,Famiglia,,unknown,Valore non mappato: 'Famiglia' — aggiungere a categorie.json o assegnare manualmente
d7b1e3fa-3b55-45b9-9a32-1841a552bf06,nomen-omen-la-storia-di-cristina-acquistapace,it,Salute,,unknown,Valore non mappato: 'Salute' — aggiungere a categorie.json o assegnare manualmente
d8192137-4917-44d7-9cc6-86d03c9a9554,il-resto-parziale-della-storia-recensione,it,Cultura,cultura,dry,
4415980f-ec72-4817-b293-c6a8ccbd6dc1,ritardo-mentale-nelle-malattie-genetiche-la-ricerca-di-una-p,it,Salute,,unknown,Valore non mappato: 'Salute' — aggiungere a categorie.json o assegnare manualmente
96bd57ac-4550-4282-8200-700977f8f0e5,piccoli-passi-in-sicurezza,it,Famiglia,,unknown,Valore non mappato: 'Famiglia' — aggiungere a categorie.json o assegnare manualmente
9045d12a-484c-40ea-87ca-a2ce1fa97390,dialogo-aperto-n-106,it,Fede e Luce,fede-e-luce,dry,
839f66ac-21c2-4325-97d6-9eb130bc0662,coralmente-le-voci-dellanima,it,Progetti,,unknown,Valore non mappato: 'Progetti' — aggiungere a categorie.json o assegnare manualmente
75ba2cf9-1783-4dc2-ba9f-4c708c740e60,rosa,it,Spiritualità,spiritualita,dry,
14fc7753-3c0c-4bb0-bc71-d7f897873265,vivere-i-miei-limiti-nella-verita,it,Spiritualità,spiritualita,dry,
8ac19c56-b5a0-4422-9475-29e94a2291c0,sotto-lombrellone,it,Spiritualità,spiritualita,dry,
fd703a1d-ee2d-4869-8859-257ae98f6f72,scout-e-disabilita-un-buon-modo-per-crescere,it,Famiglia,,unknown,Valore non mappato: 'Famiglia' — aggiungere a categorie.json o assegnare manualmente
f3de373b-d307-496f-bb5c-5466402eb5bb,per-me-lo-scoutismo,it,Fede e Luce,fede-e-luce,dry,
d1bc6936-8af2-4b09-8b76-cc5776cab3f0,un-sorriso-e-ancora-li-sulla-mia-faccia,it,Spiritualità,spiritualita,dry,
5180c5e9-e403-45a1-a90a-086440180eee,mamme-che-amano-troppo-per-non-crescere-piccoli-tiranni-e-fi,it,Cultura,cultura,dry,
06aa8bc7-2f67-4d59-8751-9ab8b64e337c,la-difficile-storia-di-enrico,it,Famiglia,,unknown,Valore non mappato: 'Famiglia' — aggiungere a categorie.json o assegnare manualmente
448a2e9b-c6d1-4b0a-9da6-f6a0f53c6cbc,disturbi-dellapprendimento-una-bambina-disprattica,it,Famiglia,,unknown,Valore non mappato: 'Famiglia' — aggiungere a categorie.json o assegnare manualmente
62d677dd-2655-451a-acef-4054dab9d864,disturbi-dellapprendimento-qual-e-il-vero-marco,it,Famiglia,,unknown,Valore non mappato: 'Famiglia' — aggiungere a categorie.json o assegnare manualmente
7f634e4b-a81c-4769-8cad-d1cf2a522818,un-incontro-tra-capi-scout,it,Famiglia,,unknown,Valore non mappato: 'Famiglia' — aggiungere a categorie.json o assegnare manualmente
9dca7af3-10c9-4305-92df-faa94c0018ff,scout-e-disabilita-un-ambiente-educativo-anche-per-maria,it,Famiglia,,unknown,Valore non mappato: 'Famiglia' — aggiungere a categorie.json o assegnare manualmente
3d2302ae-9c44-4a09-803b-323e3a7ceb00,disturbi-dellapprendimento-etichettato-idiota,it,Scuola,,unknown,Valore non mappato: 'Scuola' — aggiungere a categorie.json o assegnare manualmente
da806054-33ca-4b1d-bdd5-f595cb6ac8d1,lettera-ai-compagni-di-classe-di-matteo,it,Scuola,,unknown,Valore non mappato: 'Scuola' — aggiungere a categorie.json o assegnare manualmente
cf629e88-3ca6-42ac-a063-efe00789552a,dialogo-aperto-n-107,it,Fede e Luce,fede-e-luce,dry,
344e4397-4bba-4a2c-a502-2f7220d14fe6,lettera-aperta-a-una-maestra,it,Fede e Luce,fede-e-luce,dry,
f4daa8a2-3a82-40de-8e2f-609470de6ba4,fede-e-luce-si-cambia,it,Fede e Luce,fede-e-luce,dry,
559a90bb-8e0b-4b08-a96e-ff3e2d76f65d,aragoste-e-frattali,it,Fede e Luce,fede-e-luce,dry,
51eb0781-0c3b-479a-b78d-afba7af810b3,la-vita-come-e-per-noi-un-padre-una-famiglia-e-un-bambino-sp,it,Cultura,cultura,dry,
0f60b383-26e5-4568-bc4e-1508341cabdd,verso-sera,it,Spiritualità,spiritualita,dry,
5643cd98-d4aa-4d41-82e6-98075f3fa21d,disturbi-dellapprendimento-ho-scoperto-la-sofferenza-dei-mie,it,Famiglia,,unknown,Valore non mappato: 'Famiglia' — aggiungere a categorie.json o assegnare manualmente
af0d01e5-6209-4b3a-a27c-d19b078c1996,dialogo-aperto-n-108,it,Fede e Luce,fede-e-luce,dry,
ed253309-4f3e-471d-9c40-aade3531d424,contro-leutanasia-recensione,it,Cultura,cultura,dry,
195c1df1-3497-495d-8f0d-cb669fc41cc9,niente-giochi-nellacquario,it,Cultura,cultura,dry,
6f3c467b-133a-40ec-8780-d9887f46f921,riflessi-di-luce-nellombra,it,Famiglia,,unknown,Valore non mappato: 'Famiglia' — aggiungere a categorie.json o assegnare manualmente
152e251f-7145-46e2-a362-114a2f308ed1,la-disabilita-dellinformazione,it,Famiglia,,unknown,Valore non mappato: 'Famiglia' — aggiungere a categorie.json o assegnare manualmente
5df11610-8df3-4645-ace2-8f5199ca76e6,pensando-alla-nascita-di-gesu,it,Fede e Luce,fede-e-luce,dry,
098509a9-19af-4e70-853c-7fec4ef92324,lintimita-del-corpo-maria-non-ha-il-senso-del-pudore,it,Spiritualità,spiritualita,dry,
b2928ad6-61a4-4ebc-a727-03dc4639e5af,ma-io-che-centro-il-bene-comune-in-tempi-di-crisi-recensione,it,Cultura,cultura,dry,
12f1cbd3-5d79-4cf1-b769-7da15442a4ae,in-cerca-del-padre-storia-delleta-paterna-in-eta-contemporan,it,Cultura,cultura,dry,
8791a3ce-b4e7-4613-be8b-0ee78e0be1f2,vita-tra-fratelli,it,Famiglia,,unknown,Valore non mappato: 'Famiglia' — aggiungere a categorie.json o assegnare manualmente
ef14e4b5-25fd-407d-badd-402b1f379f13,la-musica-segreta-della-terra-recensione,it,Cultura,cultura,dry,
c1eb0b24-0a71-47de-8a64-9ca597e631f2,come-il-ferro-con-la-calamita,it,Famiglia,,unknown,Valore non mappato: 'Famiglia' — aggiungere a categorie.json o assegnare manualmente
d3c6033b-3572-4751-9791-e856fcf8c5ca,lintimita-del-corpo-di-fronte-alla-nudita-non-e-facile,it,Famiglia,,unknown,Valore non mappato: 'Famiglia' — aggiungere a categorie.json o assegnare manualmente
a6d047d9-657b-4a2e-9b6c-6b8cf18ed97f,lintimita-del-corpo-condividere-lintimita-del-proprio-figlio,it,Famiglia,,unknown,Valore non mappato: 'Famiglia' — aggiungere a categorie.json o assegnare manualmente
28f0f6f2-3e6f-4836-bc5b-0e8eec07601e,ricordo-di-alda-merini,it,Spiritualità,spiritualita,dry,
39e5bc8b-355d-49e0-b2a3-286413f74d1c,inizio-dellanno-della-tigre,it,Famiglia,,unknown,Valore non mappato: 'Famiglia' — aggiungere a categorie.json o assegnare manualmente
b82d4971-aaab-40a5-897f-b797598f2586,essere-mamma-che-senso-ha-la-vita-di-mio-figlio-paolo,it,Fede e Luce,fede-e-luce,dry,
b642327b-ec02-428f-aac2-5c79426a35d0,vita-fede-e-luce-n-109-eillaboun-a-casa-di-sammanher,it,Fede e Luce,fede-e-luce,dry,
7fa00822-775a-4b9f-a591-6b6a9bb72f64,nuovo-dizionario-disabilita-handicap-riabilitazione-recensio,it,Cultura,cultura,dry,
79f0e2fb-f2e9-40de-82ed-1ae074153819,lo-sapevate-che,it,Cultura,cultura,dry,
e5807ae0-97f2-4d07-ba1f-5569ad888c07,quali-mani-asciugheranno-le-mie-lacrime-recensione,it,Cultura,cultura,dry,
32c56f47-4e80-4930-9046-13457de11ece,dialogo-aperto-n-109-en,en,,,skip_null,
1f1bad49-f8d9-4d50-b3f3-c670594f6b4d,tre-tazze-di-te-recensione,it,Cultura,cultura,dry,
1812345a-6de9-48a0-be99-5dc25f5fabdb,con-cristo-sulle-strade-del-mondo-riflessioni-a-tema-mission,it,Cultura,cultura,dry,
6c8449ab-371a-42f7-98af-3a826817e501,pulce-non-ce-recensione,it,Cultura,cultura,dry,
62524cf1-d7af-4829-8270-da1db61f6139,c-era-una-volta-la-citta-dei-matti,it,Spiritualità,spiritualita,dry,
32a5f984-b204-4fd7-a845-13ce7cda17de,tutti-tranne-uno-sono-saliti-a-cavallo-scuderia-le-forne,it,Progetti,,unknown,Valore non mappato: 'Progetti' — aggiungere a categorie.json o assegnare manualmente
7ff5350f-28d3-43af-a97a-62c7b48c8067,essere-mamma-sono-in-un-furioso-stato-di-accusa,it,Spiritualità,spiritualita,dry,
02b4030d-9b84-4a5c-af27-309cea2a9671,special-olympics-dove-tutto-e-diverso-da-tutto,it,Progetti,,unknown,Valore non mappato: 'Progetti' — aggiungere a categorie.json o assegnare manualmente
663a2fd8-0034-4283-b36f-0400233ca0d4,deboli-e-forti-trovano-il-loro-posto,it,,,skip_null,
00f4e655-4f85-4338-ac8d-8f97957423b0,dialogo-aperto-n-109,it,Spiritualità,spiritualita,dry,
f4597094-70f7-45f6-9273-58443955258f,essere-mamma,it,Famiglia,,unknown,Valore non mappato: 'Famiglia' — aggiungere a categorie.json o assegnare manualmente
f4f8b1ad-fe3a-4ace-86c3-9a40397cdca3,un-crocifisso-silenzioso-immagine-della-rivoluzione-cristian,it,Fede e Luce,fede-e-luce,dry,
2d00fefd-ee29-439e-b3d2-f7362040a55e,senso-la-vita-paolo,it,Salute,,unknown,Valore non mappato: 'Salute' — aggiungere a categorie.json o assegnare manualmente
8c264f10-c2fd-4502-b00f-eada47da43b3,lo-sapevate-che-2,it,Famiglia,,unknown,Valore non mappato: 'Famiglia' — aggiungere a categorie.json o assegnare manualmente
7ee0723c-de3d-426b-98e0-ef95976f6943,la-terza-nazione-del-mondo-recensione,it,Cultura,cultura,dry,
272cd267-7966-438c-b6d2-e4ba56048e4e,e-legittima-l-assistenza-sessuale-alle-persone-handicappate,it,Educazione e Formazione,,unknown,Valore non mappato: 'Educazione e Formazione' — aggiungere a categorie.json o assegnare manualmente
ab2b255c-bd1b-40f1-8ca7-561ab5fecc80,mai-soli-dal-sogno-alla-promessa,it,Progetti,,unknown,Valore non mappato: 'Progetti' — aggiungere a categorie.json o assegnare manualmente
d5fd84ee-aaf1-423c-9d0e-430884b78299,dossiermangiar-sano-dormire-bene-atura,it,Educazione e Formazione,,unknown,Valore non mappato: 'Educazione e Formazione' — aggiungere a categorie.json o assegnare manualmente
303cda94-c543-473e-8dc7-128240d689a2,silenzio,it,Famiglia,,unknown,Valore non mappato: 'Famiglia' — aggiungere a categorie.json o assegnare manualmente
a6693d21-866a-4222-b69a-494c37487bec,affettivita-sessualita-persone-disabili,it,Educazione e Formazione,,unknown,Valore non mappato: 'Educazione e Formazione' — aggiungere a categorie.json o assegnare manualmente
166e6283-a084-4db2-a2b7-e6bfed347cd3,il-suo-primo-grido-fu-di-gioia,it,Spiritualità,spiritualita,dry,
af09cb13-9fd9-4322-84ff-43a1d445612e,sembrava-impossibile-dove-osano-le-aquile-in-carrozzina-rece,it,Cultura,cultura,dry,
8e731cf6-d082-4d87-96fe-9550ad8ee539,cortocircuito-recensione,it,Cultura,cultura,dry,
b30ef82d-c2ed-4f12-ba52-c60fcc97348e,sotto-cieli-noncuranti-recensione,it,Cultura,cultura,dry,
bbdbf91c-5843-4f4e-ae10-f4b5f0ff179d,dialogo-aperto-n-110,it,Fede e Luce,fede-e-luce,dry,
ab3cd2dd-854a-444f-b2a8-1ba67cab609b,il-giradino-dei-desideri,it,Educazione e Formazione,,unknown,Valore non mappato: 'Educazione e Formazione' — aggiungere a categorie.json o assegnare manualmente
f05dbc64-297e-4b3b-8022-79a23d6ef88d,cani-pony-leoni-marini,it,Spiritualità,spiritualita,dry,
5ca39d3c-c04e-487c-b60c-160f8c9798c8,lettere-a-jean-annik-donelli,it,Personaggi che ispirano,,unknown,Valore non mappato: 'Personaggi che ispirano' — aggiungere a categorie.json o assegnare manualmente
ddad4ed7-1eb9-4f6f-a53d-bb27ee2a9106,se-volete-veder-le-stelle-spegnete-i-vostri-lumi,it,Cultura,cultura,dry,
5c0153f3-0aee-41cc-be52-31c65a373fcf,come-una-poesia-che-ti-piace,it,Spiritualità,spiritualita,dry,
5f0f1c3c-eed3-4a4c-89a5-ac2ad354e478,20-anni-del-carro,it,Cultura,cultura,dry,
efe01b57-c338-4bc9-b606-815ef9a0ea14,non-ne-sapevamo-niente,it,Fede e Luce,fede-e-luce,dry,
282fdf9e-3b6b-48a8-bca9-ff8aa941bb07,lettera-a-jean-annik,it,Famiglia,,unknown,Valore non mappato: 'Famiglia' — aggiungere a categorie.json o assegnare manualmente
e9b6fd7b-a150-4034-a87e-13e4deb9f51e,sei-lagnello-e-il-pastore,it,Spiritualità,spiritualita,dry,
781d22b0-9b86-4452-bf4c-b77aaa75d5da,dialogo-aperto-n-111,it,Spiritualità,spiritualita,dry,
d29ee698-54be-4563-85ea-92a61c73ba3a,costruirsi-un-totem-capire-e-sentire-il-proprio-valore-recen,it,Cultura,cultura,dry,
7449a506-298e-4fb1-a4f9-c9f8531d282e,tutti-sulla-strada,it,Cultura,cultura,dry,
d8995d8b-093d-475b-b106-c1e44ff038ef,il-sacerdote-uomo-di-compassione,it,Spiritualità,spiritualita,dry,
fdd299d3-59a0-441f-9be5-d1d265445e17,vite-parallele-viaggio-umano-nel-mondo-dellhandicap-recensio,it,Cultura,cultura,dry,
4a1f0b5f-fba7-4bf9-a9bd-547576526cbe,vita-fede-e-luce-n-110,it,Fede e Luce,fede-e-luce,dry,
622c04ed-4233-441a-bc6b-438c4e530d5a,due-vocazioni,it,Spiritualità,spiritualita,dry,
d8a0b6ac-688a-448c-a243-ab304c67f10f,il-coraggio-della-piccola-vanessa,it,Spiritualità,spiritualita,dry,
6b6ffbdc-cf16-4545-8ff0-b86118d0a635,lui-la-guida-degli-uomini-e-rimasto-indietro-per-me,it,Famiglia,,unknown,Valore non mappato: 'Famiglia' — aggiungere a categorie.json o assegnare manualmente
6036f8c2-d6e2-4b43-a859-e70f85dde57d,quando-impari-ad-allacciarti-le-scarpe-recensione,it,Cultura,cultura,dry,
968537f4-5563-49a8-8e5d-eca13956e4d5,visto-da-vicino,it,Spiritualità,spiritualita,dry,
73704c51-e038-4566-81ad-9ede4f0ee098,e-la-luna-mi-guardo-recensione,it,Cultura,cultura,dry,
eda2851a-712c-445e-9834-01089229e532,aiutami-a-fare-da-me,it,Scuola,,unknown,Valore non mappato: 'Scuola' — aggiungere a categorie.json o assegnare manualmente
a8f45e77-c201-482e-b1a3-0a5e06a53639,autismo-integrazione-scolastica,it,Scuola,,unknown,Valore non mappato: 'Scuola' — aggiungere a categorie.json o assegnare manualmente
55074d8f-78f7-4f1c-b2f6-13fb4c8f0545,lettere-a-jean-paul-gilbert,it,Personaggi che ispirano,,unknown,Valore non mappato: 'Personaggi che ispirano' — aggiungere a categorie.json o assegnare manualmente
c846636b-ccd1-46f5-94ef-ff51d3ea30bb,lesperienza-del-lutto-fino-ai-nove-anni-come-fare-e-come-ess,it,Famiglia,,unknown,Valore non mappato: 'Famiglia' — aggiungere a categorie.json o assegnare manualmente
04073c8d-6349-4e99-8119-57160053b74e,una-intuizione-spirituale-sconvolgente,it,Famiglia,,unknown,Valore non mappato: 'Famiglia' — aggiungere a categorie.json o assegnare manualmente
b36c4e0d-3397-43da-9d79-28b69c4b1b85,aiutarlo-a-vivere-il-lutto,it,Famiglia,,unknown,Valore non mappato: 'Famiglia' — aggiungere a categorie.json o assegnare manualmente
83000ec3-bedf-4455-9bfe-14d03aac8941,per-una-vera-qualita-di-cura-delle-persone-anziane,it,Salute,,unknown,Valore non mappato: 'Salute' — aggiungere a categorie.json o assegnare manualmente
e2c141de-8982-40be-aee0-11c4b6b32427,charles-restava-nascosto-sotto-il-tavolo,it,Famiglia,,unknown,Valore non mappato: 'Famiglia' — aggiungere a categorie.json o assegnare manualmente
4cecdd6d-a280-4b63-b733-497c6b7209df,perdersi-recensione,it,Cultura,cultura,dry,
21944179-5e86-4d1b-9848-71b3b80ddc7a,io-non-voglio-estranei-in-casa,it,Spiritualità,spiritualita,dry,
d4c5df31-a95d-499d-8bcd-6c32c7f7e917,alla-morte-del-nonno-perche-lhanno-messo-in-una-scatola,it,Famiglia,,unknown,Valore non mappato: 'Famiglia' — aggiungere a categorie.json o assegnare manualmente
bb00a6b5-455f-4773-b9a8-ae6b220a6d51,ricordi-di-mia-madre-recensione,it,Cultura,cultura,dry,
51e7ad98-76a2-4dd4-a6df-bc9097c55a9f,guardie-del-corpo,it,Spiritualità,spiritualita,dry,
84e6de7b-8f72-44e3-ac2e-3fb83e08edab,paure-della-vecchiaia,it,Spiritualità,spiritualita,dry,
d66c00d4-3203-4084-be48-80ff6ad16df2,tutta-la-vita-davanti-dedicato-a-chi-vive-la-terza-e-quarta-,it,Cultura,cultura,dry,
12e2fc5f-c96c-41f9-904c-a60db647d2b5,per-rompere-la-solitudine-2,it,Famiglia,,unknown,Valore non mappato: 'Famiglia' — aggiungere a categorie.json o assegnare manualmente
51cebab3-7021-421f-8a89-9c0fabd0f618,la-mia-africa,it,Spiritualità,spiritualita,dry,
7e59eef0-279b-4eec-80f3-c1319ee65dc2,dialogo-aperto-n-112,it,Famiglia,,unknown,Valore non mappato: 'Famiglia' — aggiungere a categorie.json o assegnare manualmente
6e7cf30a-a09a-4f87-8553-1834b30c4558,coltivare-propri-desideri,it,Spiritualità,spiritualita,dry,
21f42ee8-ddc4-449a-a728-59e462a36dc4,mamma-che-campo,it,Fede e Luce,fede-e-luce,dry,
b628a86e-d02f-4eba-96d3-abd9100da964,corsa-in-taxi,it,Spiritualità,spiritualita,dry,
7cf1bfe5-1c72-408a-9caf-49d72776ee87,alla-morte-del-papa-charles-restava-nascosto-sotto-il-tavolo,it,Famiglia,,unknown,Valore non mappato: 'Famiglia' — aggiungere a categorie.json o assegnare manualmente
d34cae61-65f3-4884-828b-c36998573b3f,un-augurio-speciale,it,Fede e Luce,fede-e-luce,dry,
67c98064-779d-4d30-87af-06ad28ab67b9,parole-per-persone-grandi,it,Progetti,,unknown,Valore non mappato: 'Progetti' — aggiungere a categorie.json o assegnare manualmente
bda7d270-4d8d-426a-8646-e18348caf523,lettere-a-jean-natalia-livi,it,Personaggi che ispirano,,unknown,Valore non mappato: 'Personaggi che ispirano' — aggiungere a categorie.json o assegnare manualmente
86923aa3-5fe2-4499-bb02-66f2bc091a30,lettera-a-jean-natalia,it,Fede e Luce,fede-e-luce,dry,
9dd0a8c1-d594-4c33-93e6-614ebfc6a805,larte-di-dimenticare-recensione,it,Cultura,cultura,dry,
e71ff448-b23e-4b57-bd6d-07047bb9ad4a,vita-fede-e-luce-n-113,it,Fede e Luce,fede-e-luce,dry,
113f0a54-4893-4d97-972c-9fd9fd8709ca,una-sconfinata-giovinezza-recensione-film,it,Cultura,cultura,dry,
dcf0a8a6-3392-44d1-add5-0645aab74253,vivere-con-la-distrofia-le-malattie-neuromuscolari,it,Famiglia,,unknown,Valore non mappato: 'Famiglia' — aggiungere a categorie.json o assegnare manualmente
f1527fb9-9ecd-41b0-8db8-2150258e7ad4,vita-fede-e-luce-la-festa-per-i-nostri-40-anni-1971-2011,it,Fede e Luce,fede-e-luce,dry,
16d4af02-73f7-4762-b1fa-10a493c99f75,disabilita-ed-eta-adulta-qualita-della-vita-e-progettualita-,it,Cultura,cultura,dry,
36c23a6f-4ecc-467e-b686-11596cb5dcd3,uildm-unione-italiana-lotta-alla-distrofia-muscolare,it,Spiritualità,spiritualita,dry,
fd53ed1e-e800-4b6c-810e-01e40810c621,pianeti-diversi,it,Famiglia,,unknown,Valore non mappato: 'Famiglia' — aggiungere a categorie.json o assegnare manualmente
ee7b20f5-e311-4d30-9710-6ad6f6ae177f,uomini-di-dio-recensione-film,it,Cultura,cultura,dry,
a1275143-2e6e-41e6-9123-2ef35a2b3bdf,salve-sono-puccio,it,Cultura,cultura,dry,
5559f388-6743-49e1-b7bf-f872b61c2488,ladri-di-carrozzelle,it,Progetti,,unknown,Valore non mappato: 'Progetti' — aggiungere a categorie.json o assegnare manualmente
6e429e0b-95eb-4d35-9c30-303a05fa8995,dialogo-aperto-n-113,it,Fede e Luce,fede-e-luce,dry,
897e6a6d-95ce-433a-be62-83c7050e071f,gaia-puccio-emanuela-e-molti-altri,it,Fede e Luce,fede-e-luce,dry,
02b43b29-568f-486f-aa7a-a0b720f1f00c,antonio-nicaso-mondadori,it,Cultura,cultura,dry,
eafa165a-4fdd-4ff2-a8cb-b8136dcf008a,la-pecora-nera-recensione-film,it,Cultura,cultura,dry,
579960dd-ecd2-4481-9a79-19626b71d916,jean-vanier-risponde,it,,,skip_null,
3daac74b-86a9-48aa-a0f1-997e4e9ac5b9,quando-ci-guardagno-gli-altri,it,Spiritualità,spiritualita,dry,
a9eecc5b-3b04-43de-a8f9-a14ee7662c7d,emanuela-e-alessia,it,Fede e Luce,fede-e-luce,dry,
c3632c69-eea6-4183-8a82-c2a4aae3706e,arturo-paoli-ne-valeva-la-pena-recensione,it,Cultura,cultura,dry,
4ef95a11-4673-4739-970d-27432a18fc4c,vivere-con-la-distrofia-intervista-a-me,it,Famiglia,,unknown,Valore non mappato: 'Famiglia' — aggiungere a categorie.json o assegnare manualmente
7f7168b8-f53e-4020-b2da-d0a0cf4076cb,precious-recensione-film,it,Cultura,cultura,dry,
38cd0c13-998d-4427-a680-f10a24e3c0d5,volontariato-una-leva-per-la-vita,it,Famiglia,,unknown,Valore non mappato: 'Famiglia' — aggiungere a categorie.json o assegnare manualmente
2c9f8900-20a0-47a2-bf3c-02baca212a10,tra-individualismo-e-impegno-i-giovani-hanno-bisogno-di-conc,it,Spiritualità,spiritualita,dry,
43462ab6-8921-424f-af16-84c16a02656a,un-sacco-di-felicita,it,Spiritualità,spiritualita,dry,
f681d1e5-dc48-4b5a-a5cc-c5d4a9b03020,ndangwini-casa-dove-esiste-una-famiglia,it,Progetti,,unknown,Valore non mappato: 'Progetti' — aggiungere a categorie.json o assegnare manualmente
9f8f056b-daf3-48c9-b1f4-54eee719a862,doposcuola-al-campo-rom,it,Spiritualità,spiritualita,dry,
db009561-0a2d-4995-8407-079fe8d55152,storia-di-un-segreto-dio-mi-ha-parlato-tramite-i-miei-amici-,it,Fede e Luce,fede-e-luce,dry,
1baa19df-79c7-44ac-ae14-dd9db9b44dbc,10-buoni-motivi-per-fare-volontariato,it,Spiritualità,spiritualita,dry,
2efe382c-d905-4023-942e-b8195b559b8b,oggi-sono-libero,it,Spiritualità,spiritualita,dry,
a84f3b93-ba90-451d-8ffd-cff2c524306f,cose-da-fare-e-da-non-fare,it,Famiglia,,unknown,Valore non mappato: 'Famiglia' — aggiungere a categorie.json o assegnare manualmente
59ed71b2-30c9-45e8-9d95-e7310ec2aee2,fede-e-luce-e-subito-scatto-la-molla,it,Fede e Luce,fede-e-luce,dry,
aab0614f-5933-4663-b8a8-a5be92b225c2,lamicizia-asimmetrica,it,Famiglia,,unknown,Valore non mappato: 'Famiglia' — aggiungere a categorie.json o assegnare manualmente
07729da3-ab95-4e13-a5db-9d378427fa10,perche-non-io,it,Fede e Luce,fede-e-luce,dry,
604591a9-bd61-4624-a693-22fa22607c4c,1971-2011-fede-e-luce-festeggia-40-anni,it,Fede e Luce,fede-e-luce,dry,
a241e9b6-2599-4522-9dff-540c5d992e66,istantanea,it,Educazione e Formazione,,unknown,Valore non mappato: 'Educazione e Formazione' — aggiungere a categorie.json o assegnare manualmente
abc90360-e5b3-474c-9fe4-758175ddff7a,in-corsia,it,Spiritualità,spiritualita,dry,
b2370bca-17ad-4ea6-8fe7-324f6d2cf44a,per-sempre-recensione,it,Cultura,cultura,dry,
cce1da06-5caf-4fcc-b446-ab42a64f5888,bioetica-come-storia-recensione,it,Cultura,cultura,dry,
b751af78-7468-4558-9ef4-0b87603274d7,vita-fede-e-luce-linizio-di-un-cammino,it,Fede e Luce,fede-e-luce,dry,
d719f0f4-2f11-475a-bc66-4ed4db10ba52,la-speranza-non-fa-rumore-recensione,it,Cultura,cultura,dry,
374248d3-b83f-49a6-88a2-76e8f6f6532b,quasi-non-li-riconoscevo,it,Scuola,,unknown,Valore non mappato: 'Scuola' — aggiungere a categorie.json o assegnare manualmente
7011b73b-f380-41cd-939b-c051f4467f2f,per-il-rispetto-della-persona-sempre,it,Scuola,,unknown,Valore non mappato: 'Scuola' — aggiungere a categorie.json o assegnare manualmente
a02361fc-36d0-48cf-90a8-f6bb17dd7cc5,tra-incontri-nel-riconoscimento-dellaltro-puoi-ritrovare-fid,it,Scuola,,unknown,Valore non mappato: 'Scuola' — aggiungere a categorie.json o assegnare manualmente
3248acde-0880-4590-a5cc-da87eddc3969,la-nostra-presenza-accanto-a-lei,it,Scuola,,unknown,Valore non mappato: 'Scuola' — aggiungere a categorie.json o assegnare manualmente
a9066d13-8267-4edb-b269-573055194f66,il-linguaggio-segreto-dei-fiori-recensione,it,Cultura,cultura,dry,
25d2be2a-01db-4581-aef6-ee1b133986a5,dialogo-aperto-n-115,it,Scuola,,unknown,Valore non mappato: 'Scuola' — aggiungere a categorie.json o assegnare manualmente
284c7f02-36a8-45ae-b5f5-f35968b094d8,nessun-profitto-recensione,it,Cultura,cultura,dry,
95cb39f4-cd36-4310-ad21-4a8504545e6e,posso-vivere-lssenziale-che-non-e-fare-per-ma-vivere-con-le-,it,,,skip_null,
004354e2-1f34-478b-8d60-140298bc0122,le-bambine-africane-sono-una-festa-di-treccine,it,Scuola,,unknown,Valore non mappato: 'Scuola' — aggiungere a categorie.json o assegnare manualmente
6a44ac72-2808-40a0-89b6-9345c73e36ee,le-bambine-africane-sono-una-festa-di-treccine-en,en,,,skip_null,
a4feb574-720a-4896-864e-b7f9fe9dc11d,farsi-carico-degli-ultimi,it,Scuola,,unknown,Valore non mappato: 'Scuola' — aggiungere a categorie.json o assegnare manualmente
cab47806-de28-4469-a937-4d8ecd2c038d,lettere-a-jean-don-marco-bove,it,Personaggi che ispirano,,unknown,Valore non mappato: 'Personaggi che ispirano' — aggiungere a categorie.json o assegnare manualmente
496670d5-714e-4d5a-a044-72dfa0582f83,lettere-a-jean-don-marco-bove-2,it,Fede e Luce,fede-e-luce,dry,
a0bedb41-544c-4b7d-9a37-09c6144e51de,dialogo-aperto-n-116,it,Fede e Luce,fede-e-luce,dry,
174f8964-89ae-4fe7-a33c-35633096b93e,storia-di-un-uomo-ritratto-di-carlo-maria-martini-recensione,it,Cultura,cultura,dry,
75316db0-2b7d-4de5-a268-1171018f832a,giovani-eroi,it,Spiritualità,spiritualita,dry,
957b6045-de80-417b-b9a8-45f74c16d671,il-tempo-delle-donne-recensione,it,Cultura,cultura,dry,
06ba4ef9-aa9e-47cd-bdd0-881c7daaaa51,julia-jean-e-la-tirannia-della-normalita,it,Spiritualità,spiritualita,dry,
f84d5a1d-1baa-439d-956a-ae6eb28ab24a,tempo-di-regali,it,Spiritualità,spiritualita,dry,
9f36e096-287c-467d-b635-29317eb7581a,con-lidea-di-non-andare,it,Fede e Luce,fede-e-luce,dry,
002d4d0f-53ec-43dc-8717-f6591b260f77,la-grande-casa-di-peter-pan,it,Progetti,,unknown,Valore non mappato: 'Progetti' — aggiungere a categorie.json o assegnare manualmente
17db9008-1447-4178-a9a7-2d5039b78805,avevano-spento-anche-la-luna-recensione,it,Cultura,cultura,dry,
d02d683e-2aca-4b08-a4e5-5276c2a2cb76,la-grande-casa-di-peter-pan-en,en,,,skip_null,
e2deeaf3-4a98-4211-8530-0008dd04ea0a,ci-chiedono-da-che-parte-stai,it,Spiritualità,spiritualita,dry,
b61f3b13-2a9e-4287-bc07-460b88e94fe3,nel-profondo-della-malattia-una-comunione-e-possibile,it,Progetti,,unknown,Valore non mappato: 'Progetti' — aggiungere a categorie.json o assegnare manualmente
29f95923-8097-4cc8-8aff-7f985e162e76,tre-domande-ed-un-pellegrinaggio,it,Fede e Luce,fede-e-luce,dry,
6425a9e9-46e9-4e66-b965-fad61c227694,vizi-e-virtu-del-vivere-recensione,it,Cultura,cultura,dry,
2dbc3e04-df1d-4767-9ff5-16230f921930,messaggeri-di-gioia,it,Fede e Luce,fede-e-luce,dry,
dd0ef4ea-1007-45b2-9bb6-7e990ac34acf,due-grandi-occhi-neri,it,Progetti,,unknown,Valore non mappato: 'Progetti' — aggiungere a categorie.json o assegnare manualmente
3d0da325-ed2a-4b29-8bce-a9d87e790f5b,auguri-scomodi-per-il-nuovo-anno,it,Spiritualità,spiritualita,dry,
787b6eeb-7599-4bc8-ac8d-84dcbb62ef6c,ziguli-recensione,it,Cultura,cultura,dry,
1ef1948a-e06c-4538-8aa1-ec80869367e3,liguana-non-vuole-recensione,it,Cultura,cultura,dry,
3728a598-42c2-4dbe-afa0-791ebbe00aba,un-ragazzo-ribelle,it,Spiritualità,spiritualita,dry,
7ea473af-36b5-4f4c-9350-40a875cd28fd,franz-werfel-gallucci-editore-pp-722,it,Cultura,cultura,dry,
b86711e0-827d-4139-95c8-fdf05bc5e958,sindrome-di-costello-la-storia-di-sandrino,it,Spiritualità,spiritualita,dry,
399eeed1-b8c0-4b5d-9ff5-aa5b838a7442,quasi-amici-recensione,it,Cultura,cultura,dry,
7a50613a-15fe-4b4e-a71a-13ff69f9ca87,segni-recensione,it,Cultura,cultura,dry,
a585e060-035f-4418-be63-003d92f46a1f,voci-dal-silenzio-recensione,it,Cultura,cultura,dry,
421dd9be-69f4-4e23-870f-09ce4285baaa,quando-vostro-nipote-vi-viene-affidato,it,Famiglia,,unknown,Valore non mappato: 'Famiglia' — aggiungere a categorie.json o assegnare manualmente
2879185b-8cec-45a1-9075-7b956bc9278d,riscoprire-la-grazia-della-confessione,it,Catechesi,,unknown,Valore non mappato: 'Catechesi' — aggiungere a categorie.json o assegnare manualmente
add50370-efd9-48c0-9cac-352b0ef2138b,pensioni-rubate,it,Spiritualità,spiritualita,dry,
188239f1-9dc4-4635-b4d5-a557b8aeb819,i-nonni-una-tenerezza-in-piu,it,Famiglia,,unknown,Valore non mappato: 'Famiglia' — aggiungere a categorie.json o assegnare manualmente
a0b96e26-edd5-4ad1-932d-214d650d5579,fede-e-luce-in-iraq,it,Fede e Luce,fede-e-luce,dry,
f21d9c9a-d5b9-4443-bb40-a997a1a9f70b,due-nonne-blues-sisters-in-missione-per-conto-di-benedetta,it,Famiglia,,unknown,Valore non mappato: 'Famiglia' — aggiungere a categorie.json o assegnare manualmente
cde6176b-3adc-4237-b1d7-a7430a3b8cfd,emeric-una-tenerezza-che-non-sospettavo-di-avere,it,Famiglia,,unknown,Valore non mappato: 'Famiglia' — aggiungere a categorie.json o assegnare manualmente
b822bc0b-67d2-419e-aaa6-ed628bbff63a,famiglie-in-esilio-ferite-ritrovate-riconciliate-recensione,it,Cultura,cultura,dry,
0d1e9f8d-03a9-4112-be5f-875abf21d37f,dialogo-aperto-n-117,it,Spiritualità,spiritualita,dry,
709949e6-c17d-443a-9336-eb771d231adf,dicono-di-loro,it,Famiglia,,unknown,Valore non mappato: 'Famiglia' — aggiungere a categorie.json o assegnare manualmente
79786739-3057-469a-81ac-ecaf1c19f81e,30-anni-chicco-dandoci-la-risposta-che-il-cuore-chiedeva,it,Progetti,,unknown,Valore non mappato: 'Progetti' — aggiungere a categorie.json o assegnare manualmente
50bf53e3-19ca-49c6-8988-a59db0254e0b,larca-di-trosly,it,Personaggi che ispirano,,unknown,Valore non mappato: 'Personaggi che ispirano' — aggiungere a categorie.json o assegnare manualmente
6b6671bc-ccc0-4bdc-aeca-34d1650e1d1a,il-loro-sguardo-buca-le-nostre-ombre-recensione,it,Cultura,cultura,dry,
cd79b223-2408-4b0c-9ab8-e4a0a2200717,rarina-storia-di-un-fiore-raro,it,Famiglia,,unknown,Valore non mappato: 'Famiglia' — aggiungere a categorie.json o assegnare manualmente
815bdada-45df-4bd0-8711-bcf8cc944bdb,carissime-mamme,it,Famiglia,,unknown,Valore non mappato: 'Famiglia' — aggiungere a categorie.json o assegnare manualmente
d42ed98c-ed5a-4453-b0ee-344d87ee3241,dialogo-aperto-n-118,it,Educazione e Formazione,,unknown,Valore non mappato: 'Educazione e Formazione' — aggiungere a categorie.json o assegnare manualmente
0d041112-1abb-4042-b80d-07c2744e1464,affrontare-lenorme-paura-intervista-a-pietro,it,Famiglia,,unknown,Valore non mappato: 'Famiglia' — aggiungere a categorie.json o assegnare manualmente
1bfe42b2-3bee-4e48-af8e-258f0ad018c7,odoardo-focherini-un-giusto-fra-le-nazioni-recensione,it,Cultura,cultura,dry,
135cf379-a769-4026-a8cd-d0b18a964bbf,il-vecchio-re-nel-suo-esilio-recensione,it,Cultura,cultura,dry,
2abeed77-8d2a-4efd-9db5-36b2b8c5724c,bella-di-nonna,it,Famiglia,,unknown,Valore non mappato: 'Famiglia' — aggiungere a categorie.json o assegnare manualmente
0318f054-e431-4801-ae4d-41d9376c75d7,sara-e-le-sbiruline-di-emily-recensione,it,Cultura,cultura,dry,
4353e41e-8fea-475a-bd69-fb53ff9faa1c,fede-e-luce-in-armenia-iran,it,Fede e Luce,fede-e-luce,dry,
491147f5-1ff6-4c50-9296-c05856f1f8f0,cosa-sono-le-malattie-rare,it,Spiritualità,spiritualita,dry,
ba06662a-d08a-4d9f-b9f1-d765089979c1,cosa-ti-manca-per-essere-felice-recensione,it,Cultura,cultura,dry,
1846f3fd-39e8-46f3-85d3-161377dcdca2,lettere-a-jean-matteo-mazzarotto,it,Personaggi che ispirano,,unknown,Valore non mappato: 'Personaggi che ispirano' — aggiungere a categorie.json o assegnare manualmente
b415f944-d0eb-4e7e-9f4b-19819c84fb9c,la-memoria-del-bello,it,Progetti,,unknown,Valore non mappato: 'Progetti' — aggiungere a categorie.json o assegnare manualmente
f8f0aa92-9d3a-40af-bf9f-2e5cd3d77387,cosa-rende-qualcuno-straordinario-intervista-a-nick-vujicic,it,Salute,,unknown,Valore non mappato: 'Salute' — aggiungere a categorie.json o assegnare manualmente
f0f839bb-fc72-4097-bcb7-42406c9c24af,bellezza-e-handicap,it,Spiritualità,spiritualita,dry,
8066dcdd-8f66-4f6e-abed-a449c16fe08d,fede-e-luce-una-fedelta-che-ridona-lentusiasmo,it,Fede e Luce,fede-e-luce,dry,
cbf2a6c2-bca7-4ae0-8653-80f771f0d12f,mamma-sono-contento-di-essere-nato,it,Famiglia,,unknown,Valore non mappato: 'Famiglia' — aggiungere a categorie.json o assegnare manualmente
f6928b74-7e5f-4a67-9e6c-a0fb5703329a,fede-e-luce-dalle-provincie,it,Fede e Luce,fede-e-luce,dry,
b1bd0139-6036-4a17-8364-80e07d249622,jean-vanier-dalla-palestina,it,,,skip_null,
89be8904-5603-4420-9ee9-e66ca677bdd6,come-essere-vicini-allaltro,it,Famiglia,,unknown,Valore non mappato: 'Famiglia' — aggiungere a categorie.json o assegnare manualmente
9af33e2f-7d4d-4604-b2e4-5115653ee0e0,se-ti-abbraccio-non-aver-paura-recensione,it,Cultura,cultura,dry,
794a3134-e3b2-48ea-9b57-7971d795705b,dialogo-aperto-n-119,it,Spiritualità,spiritualita,dry,
06c82c51-ce0d-42d8-8b20-2728b8c381ea,fai-bei-sogni-recensione,it,Cultura,cultura,dry,
87077151-12c2-4087-b926-908669d0206a,mani-calde-recensione,it,Cultura,cultura,dry,
962b5077-47e8-4e75-a31b-290c555ffddf,falsi-moralismi-sul-bello-di-essere-down,it,Salute,,unknown,Valore non mappato: 'Salute' — aggiungere a categorie.json o assegnare manualmente
a48610ab-1ff6-4c49-a319-6a67bbb63590,se-ti-abbraccio-non-aver-paura,it,Cultura,cultura,dry,
9bb2bb7c-66d9-4a38-8eed-0643dfe701b6,carissimo-cardinale,it,Spiritualità,spiritualita,dry,
6b1db88d-491f-41d7-92a0-1dec2ff2b232,il-vangelo-dei-vinti-recensione,it,Cultura,cultura,dry,
44838f33-8860-432e-8bb8-c6492b9141f5,si-chiama-sara,it,Spiritualità,spiritualita,dry,
5e586474-c865-402a-80ca-73339a30a3f2,dalle-province,it,Fede e Luce,fede-e-luce,dry,
d10bf1f1-f4e2-4fb4-87ed-033f407e5557,la-nostra-scelta-di-cristina,it,Famiglia,,unknown,Valore non mappato: 'Famiglia' — aggiungere a categorie.json o assegnare manualmente
5f072200-b38e-40a3-be1d-e60f3d21c7b5,posso-devo-voglio,it,Famiglia,,unknown,Valore non mappato: 'Famiglia' — aggiungere a categorie.json o assegnare manualmente
883d585f-974b-4379-bb98-ccf24a70b03c,i-tuoi-figli,it,Famiglia,,unknown,Valore non mappato: 'Famiglia' — aggiungere a categorie.json o assegnare manualmente
20fc2b58-5bf9-4222-af1b-71d8fa925cf3,dialogo-aperto-n-120,it,Fede e Luce,fede-e-luce,dry,
965f9683-e47e-41d5-a223-6040df70e7e4,mai-piu-soli,it,Fede e Luce,fede-e-luce,dry,
6c7cb0b4-e3e9-43eb-aadc-9fdd07873180,la-figlia-dellaltra-recensione,it,Cultura,cultura,dry,
5e82219a-c947-467c-a944-24fa1222ba72,un-vescovo-per-amico,it,Spiritualità,spiritualita,dry,
c1899e42-0254-417a-b209-b29744ea9157,la-parola-alle-mamme,it,Famiglia,,unknown,Valore non mappato: 'Famiglia' — aggiungere a categorie.json o assegnare manualmente
7caa1569-8a3c-4f26-90b7-1cba5487a77f,aggiungi-un-posto-a-casa-adozione-di-bambini-con-disabilita,it,Famiglia,,unknown,Valore non mappato: 'Famiglia' — aggiungere a categorie.json o assegnare manualmente
23507f5a-b3b1-42af-a332-3af86c9cfe59,l-altra-famiglia-storie-e-percorsi-di-affido-al-villaggio-so,it,Cultura,cultura,dry,
6b16af99-f888-4d44-889f-ab15c6ce492e,io-sono-qui-recensione,it,Cultura,cultura,dry,
eb0b9c9a-a2c5-433b-9850-0a9b334d9fa1,volevo-essere-una-farfalla-recensione,it,Cultura,cultura,dry,
2fe643f4-1668-46fb-b727-63b7d0fd8a26,speleologi-del-mistero-del-piccolo,it,Fede e Luce,fede-e-luce,dry,
c77789c7-c64f-4123-82d1-647c2debbe23,superata-lultima-sala-daspetto,it,Spiritualità,spiritualita,dry,
1895694d-9d0f-493f-bdb6-52bce86b55ab,intervista-jeanvanier,it,Personaggi che ispirano,,unknown,Valore non mappato: 'Personaggi che ispirano' — aggiungere a categorie.json o assegnare manualmente
87e0b8b7-4bc2-47f6-b807-184726b67edb,cosi-e-sceso-dal-trono,it,Spiritualità,spiritualita,dry,
df49c1bf-bb4d-4119-b4b4-9fe359c9a647,dialogo-aperto-n-121,it,Fede e Luce,fede-e-luce,dry,
9e6f6f8c-1d93-4309-8164-2bc5101ee8a8,intervista-a-jean-vanier,it,Personaggi che ispirano,,unknown,Valore non mappato: 'Personaggi che ispirano' — aggiungere a categorie.json o assegnare manualmente
9d27bea7-147a-4fbc-83d0-da0ea605c166,bartimeo-uomo-solo-in-mezzo-alla-folla,it,Progetti,,unknown,Valore non mappato: 'Progetti' — aggiungere a categorie.json o assegnare manualmente
c211c162-d704-495a-abb1-29b217ff0b5f,un-po-di-follia-per-fare-meraviglie,it,Progetti,,unknown,Valore non mappato: 'Progetti' — aggiungere a categorie.json o assegnare manualmente
53cee31b-b007-4252-a8ab-75e40bf34d42,prendetene-e-mangiatene-tutti,it,Spiritualità,spiritualita,dry,
fefb1f59-6dd6-4c32-9a0c-ed53835e0002,jean-christophe-parisot-un-cercatore-di-dio,it,Famiglia,,unknown,Valore non mappato: 'Famiglia' — aggiungere a categorie.json o assegnare manualmente
96a0d311-fb0f-4397-b299-00af88ac17e1,una-comunita-e-essere-insieme,it,Spiritualità,spiritualita,dry,
13c3091d-541e-4f9d-96df-f4780687f266,qualcuno-aspetta,it,Spiritualità,spiritualita,dry,
4d8fb060-43c9-43d0-93a9-3732ddb78f5b,primavera-di-fede,it,Spiritualità,spiritualita,dry,
28758841-7a0c-47a7-8bc7-529c5f297ca9,fede-e-luce-dalle-province-n-121,it,Fede e Luce,fede-e-luce,dry,
25eb52e2-c9ce-4515-95b7-0434d81a8070,viola-e-mimosa-da-citta-del-messico,it,Spiritualità,spiritualita,dry,
566beefa-ac9b-478f-bcb7-3121f8dd0ac6,per-una-vita-di-comunione,it,Spiritualità,spiritualita,dry,
1d3f03e3-f92d-49fd-a492-4a87dda5717e,mai-piu-soli-lavventura-di-fede-e-luce-recensione,it,Cultura,cultura,dry,
deaf06c1-9227-4933-ab1b-6aa85df36505,anffas-ogni-persona-con-disabiltia-e-nostro-figlio,it,Famiglia,,unknown,Valore non mappato: 'Famiglia' — aggiungere a categorie.json o assegnare manualmente
3b937d8d-0682-42cd-ba0d-ff62f56efc81,che-grinta,it,Famiglia,,unknown,Valore non mappato: 'Famiglia' — aggiungere a categorie.json o assegnare manualmente
68fe84ab-cf83-45ab-b8e6-c8fdaa43091a,ora-basta,it,Spiritualità,spiritualita,dry,
83af4d70-c847-4cdb-88a1-1e796e3a4c65,nella-diagnosi-siamo-prudenti,it,Salute,,unknown,Valore non mappato: 'Salute' — aggiungere a categorie.json o assegnare manualmente
b11ac417-0883-47cd-a719-b1b4ebef8fc0,fratelli-e-sorelle-di-persone-con-disabilita,it,Famiglia,,unknown,Valore non mappato: 'Famiglia' — aggiungere a categorie.json o assegnare manualmente
e0901af4-5f5f-46c0-88fe-dc4df28edd70,la-cura-invisibile-per-il-riconoscimento-dei-caregiver,it,Famiglia,,unknown,Valore non mappato: 'Famiglia' — aggiungere a categorie.json o assegnare manualmente
40ec791c-2563-4eb8-91a4-2ffb0592e8d8,una-notte-ho-sognato-che-parlavi-recensione,it,Cultura,cultura,dry,
26f42ba7-a18a-4d5e-bac3-9d9a2b60b4d2,tra-paura-e-desiderio-di-sapere,it,Famiglia,,unknown,Valore non mappato: 'Famiglia' — aggiungere a categorie.json o assegnare manualmente
8748dd50-69a5-4882-9950-e7a4a82a0a13,come-pinguini-nel-deserto-recensione,it,Cultura,cultura,dry,
ff756730-0a1a-43b9-9146-431b9ba8aafd,legoismo-e-finito-recensione,it,Cultura,cultura,dry,
a8094723-e78b-4b5a-a527-a85bd916973d,io-sono-nato-cosi-come-imparare-a-guardare-oltre-la-differen,it,Cultura,cultura,dry,
ea83431e-56b7-434e-af18-b7825bcdfe80,chiamami-alex-recensione,it,Cultura,cultura,dry,
f089a4c5-c8ed-4eec-8a4f-7e5cf588fa78,il-tuo-bambino-ha-qualcosa-che-non-va,it,Salute,,unknown,Valore non mappato: 'Salute' — aggiungere a categorie.json o assegnare manualmente
d41e4fd6-93bb-4ccb-abf4-ebea0c591c96,chiudi-gli-occhi-e-guardami-vivere-la-disabilita-in-famiglia,it,Cultura,cultura,dry,
16a8c89f-e515-4ee1-9b41-bcf010c9321a,dialogo-aperto-n-122,it,Fede e Luce,fede-e-luce,dry,
2648f8bb-7056-47b5-9c81-8ab7c3495902,istituto-mio-dio,it,Famiglia,,unknown,Valore non mappato: 'Famiglia' — aggiungere a categorie.json o assegnare manualmente
6bbba635-11db-48f9-90ea-5c377240a38a,viola-e-mimosa-a-manila,it,Spiritualità,spiritualita,dry,
453f0dcf-1c79-417a-a5e5-0ef3bfeb051c,tu-sei-amato-da-dio-cosi-come-sei,it,Fede e Luce,fede-e-luce,dry,
6d643bd1-abaa-4e0f-9734-5964c46e4de4,dalle-province-n-122,it,Fede e Luce,fede-e-luce,dry,
80f81b09-f0ba-4bca-b9e9-74b540b5d339,ieri-oggi-domani,it,Scuola,,unknown,Valore non mappato: 'Scuola' — aggiungere a categorie.json o assegnare manualmente
d24d9626-d9b1-44eb-b493-ae2e2d59e34d,il-dilemma-della-valutazione,it,Scuola,,unknown,Valore non mappato: 'Scuola' — aggiungere a categorie.json o assegnare manualmente
9abeb150-7dcf-4f8d-8a6d-eca9529c6c83,dossier-scuola-e-disabilita,it,Scuola,,unknown,Valore non mappato: 'Scuola' — aggiungere a categorie.json o assegnare manualmente
6d2f2c1a-c292-4dee-84e7-70fd71bbb166,un-coro-aperto-a-tutti,it,Progetti,,unknown,Valore non mappato: 'Progetti' — aggiungere a categorie.json o assegnare manualmente
cfcdda97-e5fd-45f5-9ce2-336b138aeca3,fede-e-luce-tutti-a-leeds,it,Fede e Luce,fede-e-luce,dry,
c8f02ca9-74b7-48fb-b77e-979b6e82c2c4,mia-madre,it,Famiglia,,unknown,Valore non mappato: 'Famiglia' — aggiungere a categorie.json o assegnare manualmente
e1baa382-1aaf-4fcb-a11d-b80203b740df,un-dio-inutile-recensione,it,Cultura,cultura,dry,
e394fac3-8070-417a-8568-593443719ae2,la-mia-vita-a-santa-palomba,it,Scuola,,unknown,Valore non mappato: 'Scuola' — aggiungere a categorie.json o assegnare manualmente
8226c795-180c-462a-9a31-5928f7aa7ad5,dialogo-aperto-n-123,it,Fede e Luce,fede-e-luce,dry,
116d691a-490d-43e5-a000-f14179708c7c,dalle-province-n-123,it,Fede e Luce,fede-e-luce,dry,
4274f5da-4b6d-438d-83a3-295ff1dbe890,persone-prima-che-disabili-una-riflessione-sullhandicap-tra-,it,Cultura,cultura,dry,
36d4480c-5cda-4fbb-8d88-15455af83309,la-mia-vita-santa-palomba,it,Spiritualità,spiritualita,dry,
9f5457e7-2beb-49ba-be12-2b5b6e0dc833,che-fanfara,it,Progetti,,unknown,Valore non mappato: 'Progetti' — aggiungere a categorie.json o assegnare manualmente
0d40a0f7-f018-4c55-9470-582a8329eb36,si-ricomincia,it,Spiritualità,spiritualita,dry,
bbab908e-8c73-453d-b126-f15150073bf5,non-smettete-di-crederci-mai-recensione,it,Cultura,cultura,dry,
b87f0377-c852-427e-b9ad-65c2c8386e16,cosa-fare-delle-nostre-ferite-recensione,it,Cultura,cultura,dry,
68bc34c0-5b61-4edc-b98f-78f208b3edc8,creatures-disconforts,it,Cultura,cultura,dry,
3b3ed89b-8969-426b-87bb-be32039e9c7c,7-idee-sulla-sindrome-di-down,it,Salute,,unknown,Valore non mappato: 'Salute' — aggiungere a categorie.json o assegnare manualmente
3662ecf8-a9c1-4c7b-8afc-4ce0cca0e10d,eccomi-lesempio-di-maria,it,Spiritualità,spiritualita,dry,
76ac2032-852c-4f8b-b3ea-f11c3c864792,merry-christmas,it,Spiritualità,spiritualita,dry,
c3904c68-df91-4119-bc13-c4a139a26bec,natale-giappone,it,Spiritualità,spiritualita,dry,
a73c9423-bbd2-47ba-a61b-df2438f8a6a4,speciale-natale-nel-mondo,it,Spiritualità,spiritualita,dry,
153d52e8-a418-4d61-b45f-5c72628a559c,dalle-province-124,it,Fede e Luce,fede-e-luce,dry,
9bb1c957-f234-4656-926b-d1fd5c7a5901,dialogo-aperto-n-124,it,Fede e Luce,fede-e-luce,dry,
3f4bbd78-580f-4f98-8dba-e5c805bcce39,joyeux-noel-2-en,en,,,skip_null,
00fef3c7-6f07-45d4-b610-ef5273d84832,joyeux-noel-2,it,Spiritualità,spiritualita,dry,
cfbdd4e0-305b-4c5b-83e1-b061e9ddbb6d,natale-slovenia,it,Spiritualità,spiritualita,dry,
9bc6f78f-0cf4-4287-b352-1f5d287f6224,parole-in-liberta-diario-semiserio-della-madre-di-un-disabil,it,Cultura,cultura,dry,
53bd8066-dd13-4a3c-8b71-9d0c010d9bfb,respiro-dopo-respiro-lo-yoga-per-bambini-e-adolescenti-con-b,it,Progetti,,unknown,Valore non mappato: 'Progetti' — aggiungere a categorie.json o assegnare manualmente
543de2ee-8e40-499f-b0c1-745579e7f6dd,joyeux-noel,it,Spiritualità,spiritualita,dry,
9b298d12-551d-4be9-af5b-57fb0b810eff,wonder-recensione,it,Cultura,cultura,dry,
dc00fb23-b72a-4859-be7d-7921dc0883d8,natale-brasile,it,Spiritualità,spiritualita,dry,
8eb9ea79-38d7-4e9e-836e-fabc5ed9d8ad,natale-russia,it,Spiritualità,spiritualita,dry,
ebae9ca4-4a04-4240-9237-b03232a7fa3f,lamicizia-incarnata,it,Spiritualità,spiritualita,dry,
7dcf72a3-6bf4-4e54-8275-a4e0d159f571,le-mimose-di-yolanda,it,Famiglia,,unknown,Valore non mappato: 'Famiglia' — aggiungere a categorie.json o assegnare manualmente
f198b1ed-11e3-4229-b43d-d7c0903868c3,tutti-prescelti-lo-yoga-per-le-persone-disabili,it,Progetti,,unknown,Valore non mappato: 'Progetti' — aggiungere a categorie.json o assegnare manualmente
84d8459e-1548-43da-9f56-7f6d45f7b09d,un-castello-di-sabbia-storia-della-mia-vita-e-della-mia-schi,it,Cultura,cultura,dry,
024197d3-b6bc-4155-932a-6e767a1a0261,alto-come-un-vaso-di-gerani-recensione,it,Cultura,cultura,dry,
f3319d73-45ff-447c-ac4f-78ee197bf8fb,sempre-ci-commuove,it,Spiritualità,spiritualita,dry,
c2273be3-e7bc-4400-b4c3-769102c500bd,fede-e-luce-in-terra-santa,it,Fede e Luce,fede-e-luce,dry,
1ce42857-67d4-4131-a070-87e1284503d8,mamma-ti-posso-parlare,it,Cultura,cultura,dry,
9fe05d2a-2755-45d6-a20e-b12b51b5c504,rico-oscar-e-il-ladro-ombra-recensione,it,Cultura,cultura,dry,
3792656f-c1bf-435b-8a49-99d07ff059d4,artiste-nellorto,it,Lavoro,,unknown,Valore non mappato: 'Lavoro' — aggiungere a categorie.json o assegnare manualmente
bcebf5d2-05ad-4c86-ad76-579835bbb7e7,lemozione-non-voce,it,Fede e Luce,fede-e-luce,dry,
b6235fa9-bbd0-474e-bdd7-fbe4c4d2cbc4,un-gioco-da-fare-quando-fuori-piove,it,Spiritualità,spiritualita,dry,
fa818504-ad14-432b-8575-73e4cbb7f942,dialogo-aperto-n-125,it,Fede e Luce,fede-e-luce,dry,
de76576c-838b-418b-8fe4-b8b75f29a91e,viola-e-valeria,it,Spiritualità,spiritualita,dry,
46192328-5215-4f80-97c8-14a7773b702c,al-lavoro,it,Famiglia,,unknown,Valore non mappato: 'Famiglia' — aggiungere a categorie.json o assegnare manualmente
efa90270-47c7-46b7-8e92-4e5790073302,agli-antipodi-dellindividualismo,it,Fede e Luce,fede-e-luce,dry,
9b791271-6a39-4318-af52-902b945b8e1f,hotel-6-stelle,it,Spiritualità,spiritualita,dry,
1e1056ea-d2ec-45b0-a00e-765be878839d,dalle-province-n-125,it,Fede e Luce,fede-e-luce,dry,
5f271ebe-4e0a-42a5-baa3-be61eeda1853,germogli-diversi-arte-floreale-e-disabilita-la-bellezza-di-u,it,Lavoro,,unknown,Valore non mappato: 'Lavoro' — aggiungere a categorie.json o assegnare manualmente
fa5acc0d-e807-4f26-b5c9-94e9799e4cc4,la-caduta-i-ricordi-di-un-padre-in-424-passi-recensione,it,Cultura,cultura,dry,
b3dbe032-996d-419c-9551-6e9556f52e4e,chopin-diversamente-impresa,it,Lavoro,,unknown,Valore non mappato: 'Lavoro' — aggiungere a categorie.json o assegnare manualmente
4fdc0d9f-4c31-4561-aa85-df246ef425cc,chi-resta-deve-capire-recensione,it,Cultura,cultura,dry,
3e12e858-18d9-40b4-ba42-b48d32b93ba3,lettera-di-jean-n-126,it,,,skip_null,
f31cb83a-c172-4630-8347-c1bccb8a8278,viola-e-il-messico,it,Cultura,cultura,dry,
32c485c2-962e-420c-b3a2-3e659b0a3a6c,volevo-che-qualcuno-rispondesse-alle-mie-domande,it,Spiritualità,spiritualita,dry,
937ccedb-7536-4ad9-95ab-187885d06b22,sulla-sua-strada,it,Spiritualità,spiritualita,dry,
1fb1759a-3843-485f-8260-8b987438a7f5,fede-e-luce-si-ci-siamo-anche-noi,it,Fede e Luce,fede-e-luce,dry,
d9e9559b-7b29-4966-9581-93338e260c8e,cristiani-del-sagrato,it,Spiritualità,spiritualita,dry,
21d4527e-7d56-485c-93c5-f5b8dc6304fe,il-motivo-per-cui-salto-recensione,it,Cultura,cultura,dry,
5658e899-83f5-43f7-b226-eeb300a92f78,dialogo-aperto-n-126,it,Spiritualità,spiritualita,dry,
c819e2ff-8edb-4b33-8b70-2f0e02f183b4,borderline-recensione,it,Cultura,cultura,dry,
b9c55b49-01e0-45b8-b270-2d61bd9e0259,il-respiro-leggero-dellalba-recensione,it,Cultura,cultura,dry,
0c1a3fa9-2b11-4ef3-9f87-63f88abca989,sono-graditi-visi-sorridenti-recensione,it,Cultura,cultura,dry,
4f904109-89d7-41d3-a85d-58f7b5e57006,attivita-riabilitative-fiori-colori-e-profumi,it,Spiritualità,spiritualita,dry,
dc5a6e79-9023-4786-818c-c815efcec9d5,dalle-province-n-126,it,Fede e Luce,fede-e-luce,dry,
14c294e5-5f26-43c0-be99-c0619b51f200,un-capo-atipico-per-larca,it,Spiritualità,spiritualita,dry,
3f181ef3-81da-4fb5-bb3e-95187091b800,grazie-mariangela,it,Fede e Luce,fede-e-luce,dry,
6f004b3c-10c2-45d3-b145-1abec49755be,portatrice-di-un-messaggio,it,Fede e Luce,fede-e-luce,dry,
79a02ee5-965b-452a-8f57-9773c19f1994,argento-vivo,it,Fede e Luce,fede-e-luce,dry,
1df08cc7-b311-4dd1-8ba8-7d0a9869dad0,un-panorama-riscoprire,it,Famiglia,,unknown,Valore non mappato: 'Famiglia' — aggiungere a categorie.json o assegnare manualmente
450fb3e8-7923-4a68-a3be-84fa9d91ac60,essere-padre-di-un-figlio-disabile,it,Famiglia,,unknown,Valore non mappato: 'Famiglia' — aggiungere a categorie.json o assegnare manualmente
69bc26dd-28c2-4262-9703-40a119be9ac0,la-nostra-vita-insieme-recensione,it,Cultura,cultura,dry,
a07e6f6b-ea0b-433a-9b4b-4182d061b189,un-gettone-di-liberta-recensione,it,Cultura,cultura,dry,
2fd31142-a93d-49c9-97a6-f3dc49f7a36c,custodi-della-speranza,it,Famiglia,,unknown,Valore non mappato: 'Famiglia' — aggiungere a categorie.json o assegnare manualmente
bc3ab4da-fe4e-4c52-8088-cd9ee940fd4a,il-lato-b-di-essere-papa-di-un-figlio-disabile,it,Famiglia,,unknown,Valore non mappato: 'Famiglia' — aggiungere a categorie.json o assegnare manualmente
a6624755-fd17-4612-b324-fe01960ed087,un-dado-vegetale-da-sogno-e-fatto-in-casa,it,Tempo libero,,unknown,Valore non mappato: 'Tempo libero' — aggiungere a categorie.json o assegnare manualmente
8bbd98d2-f81a-4616-9388-cd6659e55870,dalle-province-n-127,it,Fede e Luce,fede-e-luce,dry,
94c04912-a6b5-495d-86cc-912fabd1a933,ridere-e-una-cosa-seria,it,Cultura,cultura,dry,
b411e197-6368-4e9a-a5b6-a58b64a33df0,la-sedia-a-rotelle-e-i-chicchi-duva,it,Spiritualità,spiritualita,dry,
9cce6c64-626a-4e7a-8cf6-024237057d46,la-carrozzina-sulle-macerie,it,Famiglia,,unknown,Valore non mappato: 'Famiglia' — aggiungere a categorie.json o assegnare manualmente
4c50e75d-9c7c-4a91-a55f-b16174a063b6,dialogo-aperto-n-127,it,Famiglia,,unknown,Valore non mappato: 'Famiglia' — aggiungere a categorie.json o assegnare manualmente
a45ea0e4-aff1-41a2-a729-f3ccb5d85ad6,unestate-di-campi-fede-e-luce,it,Fede e Luce,fede-e-luce,dry,
2f21df29-faa3-4d20-b759-f20cd0eae089,ridere-a-partire-dal-corpo,it,Spiritualità,spiritualita,dry,
f89ef4fa-dbd8-4309-ad18-7dbd8575ddf7,mio-figlio-luciano,it,Famiglia,,unknown,Valore non mappato: 'Famiglia' — aggiungere a categorie.json o assegnare manualmente
fe84cf36-a729-4faf-aecf-ef2b0ab97f56,di-padre-in-figlio-conversazioni-sul-rischio-di-educare-rece,it,Cultura,cultura,dry,
4c329d0d-9bf4-4955-b597-435ff6614b77,umorismo-e-handicap-un-terreno-minato,it,Famiglia,,unknown,Valore non mappato: 'Famiglia' — aggiungere a categorie.json o assegnare manualmente
c7905575-4411-4877-bb21-8f422b2e41fd,non-si-puo-ridere-che-dellhandicap,it,Spiritualità,spiritualita,dry,
26656443-a37e-4c5d-a79b-3cf7af1b9020,lourdes-a-miracle-of-encounter,en,Spiritualità,spiritualita,dry,
4d3303dd-3d02-4df9-a01d-f6c6cdb2ba30,insegnante-di-lettere-canale-della-vita,it,Fede e Luce,fede-e-luce,dry,
85c7fd33-200b-4f91-aa1e-680b525a98a6,small-talk-ma-extralarge,it,Fede e Luce,fede-e-luce,dry,
2cf7ffdf-27ce-49f8-820c-a1674998e043,mirtilli,it,Fede e Luce,fede-e-luce,dry,
95d13d63-28f1-4ee6-b827-85c4a74d4c98,quel-gesto,it,Fede e Luce,fede-e-luce,dry,
0dd5a5bf-320a-42cd-8b02-3a713b2ec0dc,purche,it,Fede e Luce,fede-e-luce,dry,
41a3964a-c7ba-45ed-bae1-07726eb7d4dc,il-regalo-piu-bello,it,Famiglia,,unknown,Valore non mappato: 'Famiglia' — aggiungere a categorie.json o assegnare manualmente
ef0000fe-6f11-4954-890d-1436cfdfe3e8,partecipe-dei-miracoli,it,Spiritualità,spiritualita,dry,
8fed3958-b3ba-4588-88c4-d32293656f74,il-mio-primo-caffe-con-mariangela,it,Spiritualità,spiritualita,dry,
e4620908-89d6-4071-948a-e7a606f3cc73,ci-provero,it,Fede e Luce,fede-e-luce,dry,
6796319b-5588-4a92-b3d6-00416ea8d30e,perche-ho-avuto-fiducia,it,Fede e Luce,fede-e-luce,dry,
16585a87-dc1e-4d21-874f-166271305219,da-un-altro-punto-di-vista,it,Fede e Luce,fede-e-luce,dry,
45d6c7a2-29bb-44a9-a739-d60e2cf74922,lamicizia-un-dono-unico-ed-eterno,it,Famiglia,,unknown,Valore non mappato: 'Famiglia' — aggiungere a categorie.json o assegnare manualmente
48f4ffc7-03d2-4881-9803-fb1980e816e1,con-orgoglio-e-tenerezza,it,Fede e Luce,fede-e-luce,dry,
56d06f3a-006a-44f5-ada1-42f99ae62262,il-sorriso-dei-tuoi-occhi,it,Fede e Luce,fede-e-luce,dry,
68038443-8204-4cc2-9746-d34a2e2b396c,vuoi-bene-a-gesu,it,Fede e Luce,fede-e-luce,dry,
ac6acf0a-6e3c-451b-aa3a-f1e0c55cc18b,un-cuore-alla-volta,it,Spiritualità,spiritualita,dry,
c3e84952-f261-4f47-a525-763793cea139,il-mosaico-tanti-sassolini-colorati,it,Fede e Luce,fede-e-luce,dry,
2b237538-6247-4dda-b251-6e8863a68396,chi-ha-seminato-nelle-lacrime-miete-nella-gioia,it,Fede e Luce,fede-e-luce,dry,
9fb9ccfa-2fbd-4ef0-807c-3d87474c85c1,relazioni-sincere,it,Fede e Luce,fede-e-luce,dry,
8f729b6c-ba37-4c70-b0ad-188367e3e775,sollecitare-la-speranza,it,Fede e Luce,fede-e-luce,dry,
84cba335-d887-4ab0-9a52-1701b7cd2995,mariangela-linizio-a-santa-silvia,it,Fede e Luce,fede-e-luce,dry,
0bdeea89-abb9-4121-a4fe-9308ccc533d6,posso-salutare-la-mamma,it,Spiritualità,spiritualita,dry,
301fe983-2923-49d6-a9c1-b3ac911aa25f,effetto-alfedena,it,Fede e Luce,fede-e-luce,dry,
3e1037e7-effc-4db3-a259-c66279f0d764,pregando-su-una-sedia-imponente-e-semplice,it,Fede e Luce,fede-e-luce,dry,
f9bd39b5-106a-48de-a4eb-10669b1d5ad5,molto-lavoro-da-fare,it,Fede e Luce,fede-e-luce,dry,
dd9d8886-192e-453a-b9a2-a71b0a9d4dd1,allora-hai-deciso,it,Fede e Luce,fede-e-luce,dry,
27ae50fa-84c9-4de4-a84e-82aaa15cb18c,il-carro-una-casa-famiglia-per-tutti,it,Fede e Luce,fede-e-luce,dry,
68c0a2ba-5db6-4975-b033-029a2a33682d,un-patrimonio-profuso-a-piene-mani,it,Fede e Luce,fede-e-luce,dry,
8caa4fe6-b622-4a4c-8dfd-ffe7f8754c3e,lourdes-miracolo-di-un-incontro,it,Spiritualità,spiritualita,dry,
e4b5b84d-1499-4322-91b1-6e935dc4336d,sicurezza-nel-cammino,it,Fede e Luce,fede-e-luce,dry,
04736941-e7e4-4101-9043-3290341874bf,mamme-coraggiose,it,Fede e Luce,fede-e-luce,dry,
d6b89fcb-014b-43f0-b8ff-a607c3fcdf83,quanta-forza,it,Spiritualità,spiritualita,dry,
a7a5f4ca-3d81-458d-a07b-c176791ca6b7,come-e-nato-ombre-e-luci,it,Fede e Luce,fede-e-luce,dry,
4a637bd4-6d43-4b48-97ed-0aa2ab8afb1c,una-ragazza-speciale,it,Fede e Luce,fede-e-luce,dry,
06dd85b6-9503-448c-8161-e5e4044c37a2,il-calore-dellamicizia,it,Famiglia,,unknown,Valore non mappato: 'Famiglia' — aggiungere a categorie.json o assegnare manualmente
2abc0059-367f-4790-864d-d74848ecfbbe,mi-saro-fatto-un-idea,it,Fede e Luce,fede-e-luce,dry,
5ac1ee73-e7ef-4386-93fa-dfc8168107b4,piu-scavo-piu-trovo,it,Progetti,,unknown,Valore non mappato: 'Progetti' — aggiungere a categorie.json o assegnare manualmente
f3014f48-8b7d-44c0-9357-b2d3e04190e5,i-mille-volti,it,Progetti,,unknown,Valore non mappato: 'Progetti' — aggiungere a categorie.json o assegnare manualmente
ee6df628-bfce-472c-aebb-404fdc5277bb,scintille-di-amicizia,it,Progetti,,unknown,Valore non mappato: 'Progetti' — aggiungere a categorie.json o assegnare manualmente
02cd4eca-7b7e-4d69-abe2-b33da28abe4e,tra-lacquario-e-loceano,it,Fede e Luce,fede-e-luce,dry,
aaa0af14-754e-4398-9f1d-16e3066fce8a,un-affidamento-speciale-2,it,Fede e Luce,fede-e-luce,dry,
ce35d03e-b6c7-437b-8b5d-b4e3d1d1a469,ho-imparato,it,Fede e Luce,fede-e-luce,dry,
55c762bb-237f-48a7-8eb8-51af6e0efc91,e-ci-si-sente-un-po-soli,it,Fede e Luce,fede-e-luce,dry,
b101410f-13e3-450d-807d-161b15323d81,custodire-ogni-persona,it,Fede e Luce,fede-e-luce,dry,
e818f6f0-d7dc-431f-84de-e0ec5bc0b0bc,come-e-stato-possibile-tutto-questo,it,Fede e Luce,fede-e-luce,dry,
47bf6bed-d7bc-496f-9b80-8a0a1609d83e,famiglia-per-chi-famiglia-per-cosa,it,Progetti,,unknown,Valore non mappato: 'Progetti' — aggiungere a categorie.json o assegnare manualmente
936598df-e04e-4b3a-a60d-59a3337963c3,luoghi-della-relazione,it,Famiglia,,unknown,Valore non mappato: 'Famiglia' — aggiungere a categorie.json o assegnare manualmente
cd686221-2f54-4dbd-a684-4a22bb0ed7de,mai-piu-soli-tre-testimonianze,it,Fede e Luce,fede-e-luce,dry,
a714dfe7-c5c2-4372-ba4a-e762034e343e,fede-e-luce-essere-movimento,it,Fede e Luce,fede-e-luce,dry,
9ede0305-3edc-49d5-a14e-b1603df4e9c0,la-ragnatela,it,Fede e Luce,fede-e-luce,dry,
e59569e8-f571-49b2-a101-cebbd6246498,dialogo-aperto-n-130,it,Fede e Luce,fede-e-luce,dry,
0df7e1de-1d43-4bfd-a00c-8dec8229f2c1,un-affidamento-speciale,it,Fede e Luce,fede-e-luce,dry,
90a9d198-78bd-44ee-9e3a-68043587eeb9,la-paura-di-amare-recensione,it,Cultura,cultura,dry,
ddf0f9ad-2ec0-4f06-8854-957e2b716579,doni-preziosi,it,Fede e Luce,fede-e-luce,dry,
48c89794-3425-4baa-a528-33cf17967fc7,dalle-provincia-n-130,it,Fede e Luce,fede-e-luce,dry,
aae8c231-57ba-46e7-9584-3114a4b05119,alza-lo-sguardo,it,Fede e Luce,fede-e-luce,dry,
a808b56b-7bc4-41e6-af75-9027c9dbd419,voci-di-campo,it,Fede e Luce,fede-e-luce,dry,
385caffa-3771-4e51-b1a9-da0cca4ba1bc,pinocchio-teatro-integrato-ma-non-solo,it,Progetti,,unknown,Valore non mappato: 'Progetti' — aggiungere a categorie.json o assegnare manualmente
79f65629-f27b-40be-bf41-bf17b22c3423,una-buona-scuola-damore,it,,,skip_null,
e99974b0-d16b-4ee9-a41d-dbb72eafd09e,per-me-e-felicita,it,Fede e Luce,fede-e-luce,dry,
1ecedcb5-d3c5-4c47-bc28-bcd4f3188ec5,lo-zaino-di-emma-recensione,it,Cultura,cultura,dry,
137c2bd4-8b7a-4742-808e-b63dd55b3d47,la-covazione-di-un-papa,it,Fede e Luce,fede-e-luce,dry,
8c862c01-fc08-4af0-8d3e-54330629cc01,cosa-e-fede-e-luce,it,Fede e Luce,fede-e-luce,dry,
f42d896c-a849-49b7-aaed-110c8324f082,una-profezia,it,Fede e Luce,fede-e-luce,dry,
d2af2db3-e0fa-414c-9c76-9c7c49b0e62d,come-sei-cresciuto,it,Fede e Luce,fede-e-luce,dry,
2b8dc539-56ad-4c04-a5f2-c487f406cc29,un-tesoro-inestimabile,it,Fede e Luce,fede-e-luce,dry,
22afe8d6-92c1-4c27-9fef-d50b6ec8b4f8,aprirsi-ad-altre-famiglie,it,Fede e Luce,fede-e-luce,dry,
9ac411a2-684c-45c4-91bd-c626f9b00ea5,tutti-insieme,it,Fede e Luce,fede-e-luce,dry,
75e48847-ab27-4587-bcad-221e4d767717,alla-fine-qualcosa-ci-inventeremo-che-ne-sara-di-mio-figlio-,it,Cultura,cultura,dry,
966d482d-e162-4e8f-adcb-0e0d80abc199,siblings-recensione,it,Cultura,cultura,dry,
c83c69d6-b89f-4b66-9023-2e71f58977d6,fede-e-luce-diventare-piccolo-segno,it,Fede e Luce,fede-e-luce,dry,
3799bffb-2c88-4f73-9ffc-f5473c0de4cc,testimoni-dellincontro,it,Fede e Luce,fede-e-luce,dry,
0e07ca3e-787d-40c6-9c14-995e568c4293,fragile,it,Fede e Luce,fede-e-luce,dry,
daf9fe2a-d07e-4ccb-8655-7da6292e0f82,il-senso-della-festa,it,Fede e Luce,fede-e-luce,dry,
697276e4-8be8-4963-bfa8-1630a397683a,la-scossa-della-vunerabilita,it,Fede e Luce,fede-e-luce,dry,
ea9c57e4-fcc0-47de-b0ef-97b393aace32,di-corsa-verso-francesco,it,Spiritualità,spiritualita,dry,
d034b1d8-6a06-453b-86f2-0df036c76c0b,occasioni-per-stare-al-passo,it,Fede e Luce,fede-e-luce,dry,
4e2aa1bc-92e1-416a-bee9-95e934e28e7e,il-dono-dellunita,it,Fede e Luce,fede-e-luce,dry,
e5958b65-8c83-40b5-b334-46dfff6e077f,mi-saro-fatto-unidea,it,Fede e Luce,fede-e-luce,dry,
04a7b7f6-60ad-4027-8171-78b39bbe9988,la-lampada-dei-desideri,it,Progetti,,unknown,Valore non mappato: 'Progetti' — aggiungere a categorie.json o assegnare manualmente
2e5ec926-f29e-4fa2-89f4-54afa6fee59c,proprio-io,it,Fede e Luce,fede-e-luce,dry,
eaff175a-b71c-4f14-aaa5-ef6822e29583,barriere-invisibili-al-cuore,it,Fede e Luce,fede-e-luce,dry,
faf823f5-b359-4c20-92ed-07accd1d6500,con-loro-ci-sto-bene,it,Fede e Luce,fede-e-luce,dry,
bdb9a244-712a-4537-bd3e-310829c99e2b,la-poverta-delle-beatitudini,it,Fede e Luce,fede-e-luce,dry,
dfc72c02-1d77-4e1e-88dd-ac0c07d4485e,un-turbinio-eventi,it,Fede e Luce,fede-e-luce,dry,
cd54adca-0b11-48f3-b24c-56d210fc386f,un-attimo-decine-volti,it,Fede e Luce,fede-e-luce,dry,
5b38ea16-06db-4f3f-8765-ee2731a0d532,semplicita-bella-ricca,it,Fede e Luce,fede-e-luce,dry,
a456b0a3-3179-4831-90e4-2bacab6ad094,la-relazione-la-famiglia,it,Fede e Luce,fede-e-luce,dry,
a5160b72-0e6d-4114-9bc9-1d817d1758c4,ho-imparato-a-nuotare,it,Fede e Luce,fede-e-luce,dry,
f218828a-397e-4245-a83e-854e9e6bbb80,la-forza-della-fragilita,it,Spiritualità,spiritualita,dry,
0b830171-6481-424c-a567-ca9fe5af6009,un-solo-nome,it,Fede e Luce,fede-e-luce,dry,
3e7bb3ec-9651-4b09-89e1-225f00ca995c,nonostante-alcune-delusioni,it,Fede e Luce,fede-e-luce,dry,
a219304f-2490-408a-868e-410ca7606524,pronta-a-riviverlo,it,Fede e Luce,fede-e-luce,dry,
8622f0d3-3f86-4d86-87b3-ef24977bbd9b,miei-primi-quarantanni,it,Fede e Luce,fede-e-luce,dry,
36f3075c-535f-4ac1-8814-75ddc8b065a0,ci-sto-bene,it,Fede e Luce,fede-e-luce,dry,
ceb0f15d-dc44-415e-8f1e-23bfad00f784,alla-fine-qualcosa-ci-inventeremo,it,Cultura,cultura,dry,
af882986-207c-447c-af8f-2aa58d4b6ed9,viola-la-nonna,it,Fede e Luce,fede-e-luce,dry,
758738e7-fe46-4c4f-8214-1353d2440adf,tempi-nuovi-campi,it,Fede e Luce,fede-e-luce,dry,
77d00171-f953-456f-bc3d-659861294180,bicocas-got-talent,it,Spiritualità,spiritualita,dry,
e210f7be-ccbe-41ec-87cf-2846046eaafb,che-bella-estate,it,Fede e Luce,fede-e-luce,dry,
fbc87217-85f4-4db1-95fc-cf34dd90a193,castelporziano-in-festa,it,Progetti,,unknown,Valore non mappato: 'Progetti' — aggiungere a categorie.json o assegnare manualmente
245243d9-5744-4027-ad03-266a2db3ef89,tornare-ad-assisi-passando-da-roma,it,Spiritualità,spiritualita,dry,
afcacfcd-2e34-46d7-a457-4686fd1801b0,come-nasce-un-pellegrinaggio-in-fede-e-luce,it,Fede e Luce,fede-e-luce,dry,
aeea04fd-17ab-44c1-ad40-d63652e29163,cinque-azioni,it,Spiritualità,spiritualita,dry,
d1c6ad90-5480-4caa-9465-228b3b29b71a,accompagnata-e-accudita,it,Fede e Luce,fede-e-luce,dry,
9fc4edb2-b7d2-4411-97d8-39b5ae751c3e,la-felicita-e-imperfetta,it,Fede e Luce,fede-e-luce,dry,
b1ff4fda-f1ed-41d8-ae91-d9b0c25e0b1b,scampoli-di-paradiso,it,Fede e Luce,fede-e-luce,dry,
e06b0185-c027-4135-87af-ad166baad604,il-nostro-scoop,it,Fede e Luce,fede-e-luce,dry,
95d36d18-ced8-4539-9f1d-d764f1958282,con-tanta-voglia-di-fare,it,Fede e Luce,fede-e-luce,dry,
7db3520e-1f6b-4523-be85-0898371257b2,viaggiare-alla-pari,it,Fede e Luce,fede-e-luce,dry,
f95c3e2c-d241-4162-91df-b620cb076ef3,non-ci-sono-parole,it,Fede e Luce,fede-e-luce,dry,
23e5c88c-2679-48d4-adae-316ddad05681,bacheca-facebook,it,Fede e Luce,fede-e-luce,dry,
71afbd0d-e71e-4b96-a9ee-a0db2493b883,figli-delle-stelle,it,Fede e Luce,fede-e-luce,dry,
2f8919b5-7629-4d7f-be0a-0f546b5972ee,la-lezione-del-femminismo,it,Famiglia,,unknown,Valore non mappato: 'Famiglia' — aggiungere a categorie.json o assegnare manualmente
4aa0e462-84be-4c1d-8411-10b112b66b75,nessuno-resti-solo,it,Tempo libero,,unknown,Valore non mappato: 'Tempo libero' — aggiungere a categorie.json o assegnare manualmente
793d3ea3-5c9a-497c-8df3-e3a15b27479a,con-gli-occhi-di-un-bambino,it,Fede e Luce,fede-e-luce,dry,
721773cd-55c4-4bce-86d2-72ae44bc39e9,ehi-campione-come-va-da-lassu,it,Tempo libero,,unknown,Valore non mappato: 'Tempo libero' — aggiungere a categorie.json o assegnare manualmente
a8a3d258-7efb-4cab-81a8-9db1815e51fd,te-lo-ricordi-frate,it,Fede e Luce,fede-e-luce,dry,
83ca207a-4270-4763-8f91-1cd080694825,fuori-dellacquario,it,Tempo libero,,unknown,Valore non mappato: 'Tempo libero' — aggiungere a categorie.json o assegnare manualmente
65a190ca-0600-4ebe-b9d3-c9dede15ab43,viola-il-capitano-e-piccolo-mio,it,Fede e Luce,fede-e-luce,dry,
47aac753-15b7-4f4b-ab5e-f813ee9347ac,una-piccola-barca,it,Tempo libero,,unknown,Valore non mappato: 'Tempo libero' — aggiungere a categorie.json o assegnare manualmente
ad96ac25-c649-4297-acb3-c27cbb0a176d,un-altro-anno,it,Tempo libero,,unknown,Valore non mappato: 'Tempo libero' — aggiungere a categorie.json o assegnare manualmente
64b95e12-a2e1-442d-b6bc-8bc43d0840e8,cose-che-sapevi,it,Spiritualità,spiritualita,dry,
d0de37ac-b5a8-4881-80dd-9f43bd7482d8,siamo-tutti-un-po-supereroi,it,Famiglia,,unknown,Valore non mappato: 'Famiglia' — aggiungere a categorie.json o assegnare manualmente
0f757ea7-7590-4fac-b579-dc4158eca3d6,spiritualmente-le-piccole-suore-non-sono-handicappate,it,Progetti,,unknown,Valore non mappato: 'Progetti' — aggiungere a categorie.json o assegnare manualmente
f496dfad-07b6-4354-9106-22e72b91f981,il-bambino-che-parlava-con-la-luce-recensione,it,Cultura,cultura,dry,
f5037d74-07e1-40bd-ac54-f79846462870,riuniti-in-preghiera,it,Fede e Luce,fede-e-luce,dry,
a18ce892-6d44-4318-ae58-ec02c85ead66,qualche-raggio-di-sole-in-siria,it,Fede e Luce,fede-e-luce,dry,
4ddef51c-2bc1-40d8-8d21-7038090a7be6,un-ponte-in-un-guscio-di-noce,it,Progetti,,unknown,Valore non mappato: 'Progetti' — aggiungere a categorie.json o assegnare manualmente
cead194c-40a3-40a3-8ad2-6322d60f70c1,il-senso-di-una-vita-e-di-una-scelta,it,Famiglia,,unknown,Valore non mappato: 'Famiglia' — aggiungere a categorie.json o assegnare manualmente
75bfb01f-9358-45db-8e8d-f30e58e94775,non-possiamo-restare-dei-peter-pan-a-vita,it,Famiglia,,unknown,Valore non mappato: 'Famiglia' — aggiungere a categorie.json o assegnare manualmente
351ba5a0-de90-46ee-8c21-0692664d7a66,cercare-la-bellezza-la-dove-e-nascosta,it,Fede e Luce,fede-e-luce,dry,
cea038d8-c040-4fb0-a747-51cbb1769fa5,la-disabilita-un-confine-da-superare,it,Educazione e Formazione,,unknown,Valore non mappato: 'Educazione e Formazione' — aggiungere a categorie.json o assegnare manualmente
ea019741-d19b-4002-8fa2-cd0c2664071a,riscoprire-cio-che-unisce-i-cuori-di-tutti,it,Spiritualità,spiritualita,dry,
c45c27aa-f9d2-4725-a255-aa5c6acabc5f,il-roveto-di-santilario,it,Salute,,unknown,Valore non mappato: 'Salute' — aggiungere a categorie.json o assegnare manualmente
b5f21945-3e70-4378-97a2-62bda7e06a8c,osservazioni-di-una-mamma-qualunque-recensione,it,Cultura,cultura,dry,
5be94daa-be28-4cb9-bdc2-388fd0d218bf,il-libro-di-julian-a-wonder-story-recensione,it,Cultura,cultura,dry,
ed5fbbbf-9cef-44ab-bd91-17a5fc69cd3c,zia-lo-sai-che-sei-un-po-strana-recensione,it,Cultura,cultura,dry,
84f27f78-7dfb-4920-a936-e89f7ad5e435,porta-sfortuna,it,Salute,,unknown,Valore non mappato: 'Salute' — aggiungere a categorie.json o assegnare manualmente
5acfad27-f657-44d2-8efa-74a33bdc9671,chiamati-tutti-al-traguardo,it,Famiglia,,unknown,Valore non mappato: 'Famiglia' — aggiungere a categorie.json o assegnare manualmente
9802c9f0-417f-44f3-bfd6-a26ca8eee745,dialogo-aperto-n-133,it,Salute,,unknown,Valore non mappato: 'Salute' — aggiungere a categorie.json o assegnare manualmente
f5e52332-5494-4954-9c20-7fc25bb79874,viola-e-il-bullismo,it,Cultura,cultura,dry,
bb2bde6e-f5d0-42bc-9df5-4ade569bcfc3,il-libro-di-cristopher-a-wonder-story-recensione,it,Cultura,cultura,dry,
d11e208e-a370-474f-b41e-1737962d019a,mio-fratello-rincorre-i-dinosauri,it,Famiglia,,unknown,Valore non mappato: 'Famiglia' — aggiungere a categorie.json o assegnare manualmente
4b99dfdc-bb39-46b7-a80e-c2897f170124,piero-e-il-bruco-farfalla-recensione,it,Cultura,cultura,dry,
daf746ad-cf59-4fa5-9444-613330afa18f,dalle-provincie-n-134,it,Fede e Luce,fede-e-luce,dry,
fe5e5c40-4213-4554-84ab-709d8b330231,la-passione-della-pazienza,it,Fede e Luce,fede-e-luce,dry,
d03895b2-b216-4887-a767-a3e2d3ba428e,un-laboratorio-creativo-a-pantigliate,it,Progetti,,unknown,Valore non mappato: 'Progetti' — aggiungere a categorie.json o assegnare manualmente
1d2707cc-251a-40fb-8953-31d76d400591,tutti-a-bordo,it,Fede e Luce,fede-e-luce,dry,
c688411a-4ea6-432d-b72f-428024f11674,giubileo-2016-per-cominciare-una-nuova-storia-di-amore,it,Fede e Luce,fede-e-luce,dry,
74399959-a451-4507-9296-36d1b9a5064e,dialogo-aperto-n-134,it,Fede e Luce,fede-e-luce,dry,
80b8a4d3-fd2b-459c-9e6d-dd0e6a0eafb3,oltre-il-limite,it,Fede e Luce,fede-e-luce,dry,
d81ed109-0869-4906-8716-d7689c15a12a,un-fiume-di-pace-un-mare-di-giubilei,it,Fede e Luce,fede-e-luce,dry,
b86b4ab5-67dd-42be-9b65-b41a4ae1c873,la-sfida-di-chi-ama-di-piu,it,Spiritualità,spiritualita,dry,
a81aa14a-eca2-497e-91e4-a04b6e6e0d73,il-chicco-vivere-il-vangelo-in-azione,it,Progetti,,unknown,Valore non mappato: 'Progetti' — aggiungere a categorie.json o assegnare manualmente
3f4461c7-554b-4deb-9696-8cf1054d42ae,il-vangelo-mimato-per-costruire-ponti,it,Progetti,,unknown,Valore non mappato: 'Progetti' — aggiungere a categorie.json o assegnare manualmente
11642a63-1000-4c05-8ff9-797ed65e54cd,gioia-e-le-altre-recensione,it,Cultura,cultura,dry,
5bd20e9d-6f70-4f38-be67-cad2f4ac382f,papa-francesco-al-chicco-qui-mi-avete-toccato-il-cuore,it,Progetti,,unknown,Valore non mappato: 'Progetti' — aggiungere a categorie.json o assegnare manualmente
d99a7278-66bd-4c7c-92f2-d9328b915254,mio-fratello-rincorre-i-dinosauri-2,it,Cultura,cultura,dry,
7f54605d-c40a-4525-bcbf-b1b4da06fe44,il-chicco-recensione,it,Cultura,cultura,dry,
de3725ce-c0ab-489a-8d43-1eacc273765f,accogliere-la-sorpresa,it,Educazione e Formazione,,unknown,Valore non mappato: 'Educazione e Formazione' — aggiungere a categorie.json o assegnare manualmente
4c021b46-ade7-4e10-9dcd-a9542384dc54,chi-scalda-il-cuore,it,Fede e Luce,fede-e-luce,dry,
ad1fd8da-0f9a-45d5-9bf4-f819d65155da,mi-hanno-regalato-un-sogno,it,Cultura,cultura,dry,
1ab0151b-d45f-4284-8e61-bea974fcc6f5,se-arianna-recensione,it,Cultura,cultura,dry,
50beb538-53b8-43bf-bef8-18d48a44447f,chiamati-a-portare-frutto,it,Fede e Luce,fede-e-luce,dry,
f19b9573-f8bb-4f80-baec-895e5b06b674,alla-ricerca-di-dory-recensione,it,Cultura,cultura,dry,
bfb4c824-08e8-48d4-a69c-3eb6dc63bfd5,il-valore-del-cammino-insieme,it,Fede e Luce,fede-e-luce,dry,
6a20913f-7f0e-42c9-852a-1aece2f75e8c,nuove-comunita-fede-e-luce-festa-in-umbria,it,Fede e Luce,fede-e-luce,dry,
902b511d-ed8e-40d4-88bd-403c6afa2360,un-oro-al-giorno,it,Sport,,unknown,Valore non mappato: 'Sport' — aggiungere a categorie.json o assegnare manualmente
a7682417-c8b4-4bcc-9199-7efb9f1ca0b1,la-tempesta-di-sasa-recensione,it,Cultura,cultura,dry,
280a11bc-b92c-4f9b-a2ca-05244b0a7c1e,dalle-province-n-135,it,Fede e Luce,fede-e-luce,dry,
f3c35c93-37eb-411c-bc94-ca417a446499,tu-ci-hai-chiamati-eccoci,it,Fede e Luce,fede-e-luce,dry,
4480085e-a55c-4ef4-a20f-460d90a92b1b,viola-e-occhiolino,it,Famiglia,,unknown,Valore non mappato: 'Famiglia' — aggiungere a categorie.json o assegnare manualmente
11eaba40-bfed-4599-9d16-da0410240c93,monsignor-von-galen-leroismo-di-una-coscienza,it,Fede e Luce,fede-e-luce,dry,
5b0564aa-94a5-4d0f-b475-2b029d77b2b0,la-misericordia-en,en,,,skip_null,
77bf8029-f819-448a-8797-7557199d46ea,puo-un-gesto-essere-cosi-significativo,it,Fede e Luce,fede-e-luce,dry,
87789714-c3bc-421f-b841-491776865e80,cosa-ti-aspetti,it,Fede e Luce,fede-e-luce,dry,
0479795b-9977-4b79-8377-61570e913b1c,la-misericordia,it,,,skip_null,
2e4089e8-202d-46fe-b69b-6902d1546a6b,il-giubileo-di-fede-e-luce,it,Fede e Luce,fede-e-luce,dry,
0f698c73-530d-4596-9c04-8e0f008b4c97,dialogo-aperto-n-135,it,Fede e Luce,fede-e-luce,dry,
4b463f24-09a6-454e-8322-42e486c83051,il-messaggio-del-giubileo-dialogo-con-mons-rino-fisichella,it,Fede e Luce,fede-e-luce,dry,
6f834cae-2a7a-4f58-a137-29d307775479,vedere-oltre-finestre-su-una-storia-recensione,it,Cultura,cultura,dry,
c2b82a3f-0b20-4627-bee2-5115e4fd0089,bisogna-accettare-che-un-bambino-abbia-delle-resistenze,it,Famiglia,,unknown,Valore non mappato: 'Famiglia' — aggiungere a categorie.json o assegnare manualmente
b842c431-47cc-40e1-81b2-be1028190a72,pedagogia-del-dolore-innocente-recensione,it,Cultura,cultura,dry,
36730e7b-9859-4223-82f0-4fd27a2bb6b2,dallassistenza-allesistenza-sei-workshop-dellassociazione-ve,it,Progetti,,unknown,Valore non mappato: 'Progetti' — aggiungere a categorie.json o assegnare manualmente
ec4883c3-e522-4093-9d2c-2b4d5dafcd88,io-sono-con-te-recensione,it,Cultura,cultura,dry,
eaec3bd3-880a-4396-bef4-f35cd55fbfc4,io-e-simona,it,Famiglia,,unknown,Valore non mappato: 'Famiglia' — aggiungere a categorie.json o assegnare manualmente
e71bd4dd-e417-4edd-baf8-541bde382136,dalle-province-n-136,it,Fede e Luce,fede-e-luce,dry,
b13900e6-e0fc-4e53-ad1a-e2725d595c94,valgo-anchio,it,Progetti,,unknown,Valore non mappato: 'Progetti' — aggiungere a categorie.json o assegnare manualmente
c45a79fa-801d-43eb-8b85-fd95451b4337,fede-e-luce-una-scuola-di-altruismo,it,Fede e Luce,fede-e-luce,dry,
f622b3cc-3f67-40f0-882d-010d82c84cc5,dialogo-aperto-n-136-en,en,,,skip_null,
ff26c2f9-1650-4528-bf3d-c672592425bd,leducazione-attraverso-lesempio,it,Famiglia,,unknown,Valore non mappato: 'Famiglia' — aggiungere a categorie.json o assegnare manualmente
95f357f4-93a1-46d8-ba76-a8ec76dcf309,qualcosa-e-cambiato,it,Spiritualità,spiritualita,dry,
c6d52dc3-30a5-435b-a153-e8dc7eedee7c,genitori-recensione-film,it,Cultura,cultura,dry,
e90f016b-ce94-4c2b-8d93-606caf2d999e,quattro-giorni-mano-nella-mano,it,Fede e Luce,fede-e-luce,dry,
07ddf975-f5ae-4dd3-9bf2-3c2004d42152,genitori-speciali-zzati-servizio-di-consulenza-pedagogica-di,it,Progetti,,unknown,Valore non mappato: 'Progetti' — aggiungere a categorie.json o assegnare manualmente
be8278c0-e882-4a57-89d4-1b5e3a144d82,i-doni-di-dio,it,Fede e Luce,fede-e-luce,dry,
99d704bb-3bac-4ee0-8676-cca8fde21227,il-libro-di-charlotte-recensione,it,Cultura,cultura,dry,
00b6677a-38b2-43db-a97d-5dbbb36878de,dialogo-aperto-n-136,it,Fede e Luce,fede-e-luce,dry,
d849c037-ba12-4e6e-b758-b2c319e180a7,una-veglia-laboratorio-per-il-giovedi-santo,it,Fede e Luce,fede-e-luce,dry,
b981d6c9-01fd-4af9-b904-33682a456890,i-geni-del-futuro-crispr-cas9,it,Salute,,unknown,Valore non mappato: 'Salute' — aggiungere a categorie.json o assegnare manualmente
7d38e65e-862e-4174-8339-f7fbe69a916f,attesi-amati-trasformati,it,Fede e Luce,fede-e-luce,dry,
bd261c08-80f3-42da-9ed9-1abd2480adfb,leutanasia-di-dio-recensione,it,Cultura,cultura,dry,
f29a6543-7726-470f-93bf-97c7d1977932,dialogo-aperto-n-137,it,Fede e Luce,fede-e-luce,dry,
06b2378f-9455-493f-91e0-737d3b5ee0b2,abitare-nellordinarieta,it,Famiglia,,unknown,Valore non mappato: 'Famiglia' — aggiungere a categorie.json o assegnare manualmente
e6dc1528-a9b7-4559-880b-f62321eed128,labilita-onlus-aprire-gli-occhi,it,Progetti,,unknown,Valore non mappato: 'Progetti' — aggiungere a categorie.json o assegnare manualmente
44784000-600c-442a-a59b-da22d3513b80,viola-e-mimosa-n-137,it,Fede e Luce,fede-e-luce,dry,
88e96a7f-ea9a-4946-845c-b4cef542a4f2,abbiamo-un-cuore-inclusivo,it,Progetti,,unknown,Valore non mappato: 'Progetti' — aggiungere a categorie.json o assegnare manualmente
4af6062a-0259-4293-8828-abae3ed55011,visto-al-cineforum-di-fede-e-luce,it,Cultura,cultura,dry,
46fc8828-831f-4a05-85b4-fb53bc4c2434,avere-un-posto-nella-societa,it,Famiglia,,unknown,Valore non mappato: 'Famiglia' — aggiungere a categorie.json o assegnare manualmente
569dcf58-4ff3-483e-bea0-eeee17c1eef4,dalle-province-n-137,it,Fede e Luce,fede-e-luce,dry,
ba86cdf6-18c1-4cc6-94e4-efa10532786d,ho-amici-in-paradiso-recensione,it,Cultura,cultura,dry,
412dc6c7-8491-4060-8b3e-672ed3aa13ca,inclusione-solidarieta-ordinaria,it,Famiglia,,unknown,Valore non mappato: 'Famiglia' — aggiungere a categorie.json o assegnare manualmente
70b0ab59-3b07-45f8-af74-026946654976,seveso-1976-oltre-la-diossina,it,Cultura,cultura,dry,
27d443c7-cec5-4c93-a862-bbd5fff5ce4f,i-geni-del-passato-handiche,it,Salute,,unknown,Valore non mappato: 'Salute' — aggiungere a categorie.json o assegnare manualmente
77c04fbd-425b-4846-8923-3cc061109ea6,la-nuova-legge-sul-dopo-di-noi-cosa-dice,it,Progetti,,unknown,Valore non mappato: 'Progetti' — aggiungere a categorie.json o assegnare manualmente
19dea50a-c59f-40f4-83cb-2c9c1b17d87b,dopo-di-noi-i-nodi-da-sciogliere-della-nuova-legge,it,Progetti,,unknown,Valore non mappato: 'Progetti' — aggiungere a categorie.json o assegnare manualmente
c8d2945c-966c-4beb-a911-24107c69a953,don-gnocchi-una-vita-spesa-per-gli-altri-recensione,it,Cultura,cultura,dry,
a018b4cf-3617-4e80-a027-d0dfeb8543ab,trasformare-i-nostri-cuori,it,Personaggi che ispirano,,unknown,Valore non mappato: 'Personaggi che ispirano' — aggiungere a categorie.json o assegnare manualmente
8a32be82-43cd-4da6-bb21-e4d762297c03,gli-scartagonisti-recensione,it,Cultura,cultura,dry,
a7ed3e12-659e-42dd-8946-39a7a7f4c46b,i-figli-sono-tutti-speciali,it,Salute,,unknown,Valore non mappato: 'Salute' — aggiungere a categorie.json o assegnare manualmente
3ccd1577-de27-41cc-9b4f-1f2d9216f391,lo-straordinario-viaggio-di-nujeen-recensione,it,Cultura,cultura,dry,
4c725d95-706a-499b-8709-795494b26996,costruiamo-laccoglienza,it,Progetti,,unknown,Valore non mappato: 'Progetti' — aggiungere a categorie.json o assegnare manualmente
4593c3f9-87b6-4066-9b26-a32ebda53a11,migrati-diverse-fragilita-si-incontrano,it,Progetti,,unknown,Valore non mappato: 'Progetti' — aggiungere a categorie.json o assegnare manualmente
f65f0561-ca38-45fb-a1f1-94f805a06a7b,guidati-da-gio,it,Salute,,unknown,Valore non mappato: 'Salute' — aggiungere a categorie.json o assegnare manualmente
1d692fa6-eff4-4405-bdf7-aa7bdd033851,dalle-province-n-138,it,Fede e Luce,fede-e-luce,dry,
21461678-4cec-4dfb-b967-4375827d5f8f,dettagli-inutili-recensione,it,Cultura,cultura,dry,
8331804f-1163-4177-afc0-0677d64b810c,sara-bello,it,Progetti,,unknown,Valore non mappato: 'Progetti' — aggiungere a categorie.json o assegnare manualmente
7cc759ec-991c-4fa5-b534-07bb2cbfadf8,corridoi-umanitari,it,Spiritualità,spiritualita,dry,
accc3e9c-5c01-4f36-8ca6-515a6f088f4b,la-nuova-legge-sul-dopo-di-noi-che-cosa-dice,it,Famiglia,,unknown,Valore non mappato: 'Famiglia' — aggiungere a categorie.json o assegnare manualmente
10967bc5-51f1-46da-babe-75c8a34afcf5,la-nuova-legge-sul-dopo-di-noi-nodi-da-sciogliere,it,Famiglia,,unknown,Valore non mappato: 'Famiglia' — aggiungere a categorie.json o assegnare manualmente
41e7fc08-84e3-42b4-a896-a4868e797807,dossier-rifugiati,it,Spiritualità,spiritualita,dry,
6e788673-07b1-4367-9ae5-5a0ecc649be9,dialogo-aperto-n-138,it,Fede e Luce,fede-e-luce,dry,
232191a7-b554-4fbe-82cd-a8abde5781a5,insolito-ragionamento-sul-migrante,it,Spiritualità,spiritualita,dry,
64d19910-24bd-4994-9319-809a8ad0b0d0,humanitarian-corridors-a-lifeline-for-refugees-including-tho,en,Spiritualità,spiritualita,dry,
b54b0c82-2a8d-4915-a052-260ac0451bc4,dalle-province-n-139,it,Fede e Luce,fede-e-luce,dry,
16f2009a-79d3-44a8-96d3-6046b3d67c6a,il-signor-parroco-ha-dato-di-matto,it,Cultura,cultura,dry,
73be811d-93fb-4092-af89-e81dd84f2cf3,dialogo-aperto-n-139,it,Fede e Luce,fede-e-luce,dry,
96dba73e-ee2b-4629-ad23-f2e2ccb229dd,connessi-per-davvero,it,Educazione e Formazione,,unknown,Valore non mappato: 'Educazione e Formazione' — aggiungere a categorie.json o assegnare manualmente
ddea33a8-eb53-4ab5-852b-57fa2b0414df,la-chiesa-accanto-a-mio-figlio,it,Spiritualità,spiritualita,dry,
7f3db60d-c621-4e06-a8a0-ac3ba957f506,la-sua-prima-confessione,it,Spiritualità,spiritualita,dry,
5f941386-b8e5-4545-9b52-100992b305c6,il-plusabile-due-sorelle-speciali,it,Scuola,,unknown,Valore non mappato: 'Scuola' — aggiungere a categorie.json o assegnare manualmente
39f31310-156d-4e31-8cea-4f83b56d1bae,nonostante-il-mio-handicap,it,Fede e Luce,fede-e-luce,dry,
5c563462-40cd-4935-883e-66996fe52aec,dopo-di-noi-atti-del-convegno-anffas,it,Cultura,cultura,dry,
20c50def-3202-4235-8150-512ae858fee0,safesurfing-navigare-nella-rete-in-sicurezza,it,Famiglia,,unknown,Valore non mappato: 'Famiglia' — aggiungere a categorie.json o assegnare manualmente
f11360e8-4911-4b70-921a-12b4e7936848,hello-harry-hi-benny-recensione,it,Cultura,cultura,dry,
8c5916e7-2caa-42b0-bc10-4079a4f2b5f6,segni-efficaci,it,Catechesi,,unknown,Valore non mappato: 'Catechesi' — aggiungere a categorie.json o assegnare manualmente
19f1fecb-d7bf-4e93-b92c-e38efa1e105c,come-and-see-meeting-dei-giovani-ad-alicante,it,Fede e Luce,fede-e-luce,dry,
e3f93c40-ba0b-4456-9a0e-6185a9198ca1,viola-e-mimosa-n-139,it,Spiritualità,spiritualita,dry,
8f5ec9a6-2686-44f7-a2f5-6e3b26495fe1,la-nostra-casa-baskin,it,Sport,,unknown,Valore non mappato: 'Sport' — aggiungere a categorie.json o assegnare manualmente
1a5c8c50-cb50-428c-b82c-0dabbf1cd8bf,il-manuale-della-buona-educazione,it,Cultura,cultura,dry,
aa1a54ec-f2ae-43cd-988b-04c1f3ac8cff,quarte-di-copertina,it,Fede e Luce,fede-e-luce,dry,
648e5ce2-c867-4090-a837-fbf37d793db1,le-comunita-fede-e-luce-nel-mondo,it,Fede e Luce,fede-e-luce,dry,
af4ba4dd-656c-45b9-903b-1dce6b5e1527,nuovo-sito,it,Fede e Luce,fede-e-luce,dry,
0cf1d470-5ff6-4e20-b629-5e33c2ac8db3,essere-vicini-a-chi-e-in-fin-di-vita,it,Salute,,unknown,Valore non mappato: 'Salute' — aggiungere a categorie.json o assegnare manualmente
1dd04fb0-0388-47e0-ab31-fd4b14c9c633,eccomi,it,Spiritualità,spiritualita,dry,
3409e5cf-44cc-4530-938a-0592afd86555,anna-sorride-alla-pioggia,it,Cultura,cultura,dry,
d940386b-f5b1-4bca-a9ef-dacacc61429a,raccontami-il-mare-che-hai-dentro-vivere-con-un-figlio-autis,it,Cultura,cultura,dry,
a2bc4a42-082c-4354-a992-d5f94f572f00,dimmi-chi-ammiri,it,Famiglia,,unknown,Valore non mappato: 'Famiglia' — aggiungere a categorie.json o assegnare manualmente
a7d565ff-08e2-4340-b0e1-86464b451646,le-amiche-di-francesco,it,Salute,,unknown,Valore non mappato: 'Salute' — aggiungere a categorie.json o assegnare manualmente
369d4246-4e16-4d4d-83b9-cc1ba9fadbff,epigenetica-e-malattie-psichiatriche,it,Salute,,unknown,Valore non mappato: 'Salute' — aggiungere a categorie.json o assegnare manualmente
e0524b25-9e27-42b8-8b0e-f3ae151af773,diaologo-aperto-n-140,it,Fede e Luce,fede-e-luce,dry,
693ef02f-5897-4068-b3ac-5162a4dbb37f,mamma-in-comunita,it,Fede e Luce,fede-e-luce,dry,
6589ce3c-b5c0-4437-9528-f5dd6286bc96,mi-chiamo-charlotte-fien-e-ho-la-sindrome-di-down,it,Salute,,unknown,Valore non mappato: 'Salute' — aggiungere a categorie.json o assegnare manualmente
074cba3a-2ce2-4cdb-86a8-f62753093e3c,lonore-di-un-lord,it,Spiritualità,spiritualita,dry,
62e45f5b-db91-4bae-8cb6-e0a7a9975db4,fare-nuove-tutte-le-cose,it,Progetti,,unknown,Valore non mappato: 'Progetti' — aggiungere a categorie.json o assegnare manualmente
8c85266f-4d78-4df4-8118-56c957a87f99,legge-sul-dopo-di-noi-issiamo-le-vele,it,Progetti,,unknown,Valore non mappato: 'Progetti' — aggiungere a categorie.json o assegnare manualmente
af122883-fa7a-4b61-b3bf-e6caf80d6708,viola-e-mimosa-n-140,it,Famiglia,,unknown,Valore non mappato: 'Famiglia' — aggiungere a categorie.json o assegnare manualmente
06439a39-b794-497b-92b8-c59662f4a576,la-strada-percorsa-finora,it,Fede e Luce,fede-e-luce,dry,
5aa91ea6-581f-4ebf-968d-655df1d5127d,caro-raffa-la-vita-e-adesso,it,Progetti,,unknown,Valore non mappato: 'Progetti' — aggiungere a categorie.json o assegnare manualmente
606bb0e5-577e-4693-9b35-197d3c9a2c23,dalle-province-n-140,it,Fede e Luce,fede-e-luce,dry,
879716ac-a22c-47dd-9285-b332cf6b244e,gli-autistici-esistono-finche-vanno-a-scuola,it,Cultura,cultura,dry,
cd9ff970-633c-4073-b5d1-95e9b36bb9e9,limportante-e-che-sia-sano,it,Cultura,cultura,dry,
6450cee0-a4b4-4ced-99f4-676d5b6687e3,quello-che-non-ho-mai-detto-e-lisola-di-noi-recensione-di-du,it,Cultura,cultura,dry,
8e2c4c18-2cfd-4d17-9105-9d715b785738,dopo-di-noi-i-diritti-che-ci-sono,it,Progetti,,unknown,Valore non mappato: 'Progetti' — aggiungere a categorie.json o assegnare manualmente
489253e1-a47b-4edc-896e-441fb315cbf4,guido-marangoni-presenta-anna-sorride-alla-pioggia-al-chicco,it,Cultura,cultura,dry,
ba8990e3-e3b2-46b1-a61f-1963fe823716,airbnb-accomable-un-aiuto-ai-viaggiatori-disabilita,it,Famiglia,,unknown,Valore non mappato: 'Famiglia' — aggiungere a categorie.json o assegnare manualmente
dcfdb4d5-f141-417f-b84f-01f168aab3d0,persone-disabilita-intellettiva-al-voto-ne-parlera-anche-tv,it,Progetti,,unknown,Valore non mappato: 'Progetti' — aggiungere a categorie.json o assegnare manualmente
5ca18ae4-9d28-4bf2-8bf2-55b5a2918d91,anni-scolastici-disabilita,it,Scuola,,unknown,Valore non mappato: 'Scuola' — aggiungere a categorie.json o assegnare manualmente
e5d63219-d637-4e57-bdef-0389792baa82,studentinsella-salerno-coinvolti-gli-studenti-disabilita,it,Scuola,,unknown,Valore non mappato: 'Scuola' — aggiungere a categorie.json o assegnare manualmente
8a29273c-3fe5-49e8-90da-23ad6453af9d,siediti-nei-nostri-panni,it,Progetti,,unknown,Valore non mappato: 'Progetti' — aggiungere a categorie.json o assegnare manualmente
22980a7e-ad70-430d-805d-4422c4d01148,gli-oscar-premiano-la-disabilita-miglior-corto-la-storia-bam,it,Famiglia,,unknown,Valore non mappato: 'Famiglia' — aggiungere a categorie.json o assegnare manualmente
d07709de-10f2-4a76-aaff-0d14758bd9ad,le-paralimpiadi-la-fastidiosa-associazione-eroismo-disabilit,it,Sport,,unknown,Valore non mappato: 'Sport' — aggiungere a categorie.json o assegnare manualmente
d75c9796-7acd-45f2-9d9b-2ab85c7ddf16,arriva-italia-carolines-cart-carrello-la-spesa-le-persone-di,it,Famiglia,,unknown,Valore non mappato: 'Famiglia' — aggiungere a categorie.json o assegnare manualmente
2d01aa04-7c6f-4413-98bf-8f0093210608,paprika-la-serie-cartoni-supera-lhandicap,it,Spiritualità,spiritualita,dry,
412ff9b4-cd6b-4424-900d-70e7f33ad217,qual-e-il-tuo-figlio-preferito,it,Educazione e Formazione,,unknown,Valore non mappato: 'Educazione e Formazione' — aggiungere a categorie.json o assegnare manualmente
02f5e0bc-b6de-4889-86a8-5fadfda3c936,special-olympics-2018,it,Sport,,unknown,Valore non mappato: 'Sport' — aggiungere a categorie.json o assegnare manualmente
58ec1e74-419d-4571-b65c-8f53ebc99286,la-mostra-abilioltre-arriva-alla-stazione-roma-ostiense,it,Cultura,cultura,dry,
a5c81dc4-73eb-4f36-811e-6db0f3f628ce,la-nuova-longevita-nella-disabilita-intellettiva-seminario-a,it,Famiglia,,unknown,Valore non mappato: 'Famiglia' — aggiungere a categorie.json o assegnare manualmente
338c1fbe-9aa3-4469-811b-79741e1ea531,spes-contra-spem-alla-scoperta-di-roma-antica,it,Cultura,cultura,dry,
14c131df-8f16-4471-9fd3-afe90f4224fa,wdsd-2018-giornata-mondiale-delle-persone-con-sindrome-di-do,it,Salute,,unknown,Valore non mappato: 'Salute' — aggiungere a categorie.json o assegnare manualmente
3f619bbc-5a8e-4db3-8914-b8847b9f38ab,matrimoni-straordinari-il-docureality-in-cui-lamore-supera-i,it,Famiglia,,unknown,Valore non mappato: 'Famiglia' — aggiungere a categorie.json o assegnare manualmente
d75ac67e-2474-451b-8b85-95049f15bff3,il-nostro-incontro-con-liliana-segre,it,Fede e Luce,fede-e-luce,dry,
75e228fa-1052-4d00-b0f5-79652681c625,il-calcio-sociale-come-palestra-di-vita,it,Sport,,unknown,Valore non mappato: 'Sport' — aggiungere a categorie.json o assegnare manualmente
673d0f1c-75cc-4a75-bba2-201c8143cb96,il-racconto-di-natale-per-mio-figlio,it,Spiritualità,spiritualita,dry,
53f5b6e7-9ba6-4875-ac14-96a7e4476ecb,da-fratello-e-da-padre,it,Progetti,,unknown,Valore non mappato: 'Progetti' — aggiungere a categorie.json o assegnare manualmente
68d8ee28-e50c-42e0-b20c-d6b6c4fcd48e,come-se-io-fossi-te,it,Cultura,cultura,dry,
827103a6-e203-4c80-b134-e1f4f9b11941,tracciare-il-sentiero-in-albania,it,Fede e Luce,fede-e-luce,dry,
dcfd554b-498a-4432-b630-394f2bdaf0bf,dalle-province-n-141,it,Fede e Luce,fede-e-luce,dry,
79fde51f-556e-4104-8912-ae7511c57478,cosa-so-dei-social-e-cosa-ne-penso,it,Famiglia,,unknown,Valore non mappato: 'Famiglia' — aggiungere a categorie.json o assegnare manualmente
b797d6bc-eb8e-40c4-af90-ff05ebbefc6e,il-progetto-girotondo,it,Cultura,cultura,dry,
fbed64b0-0044-4dee-966e-f92e75c484f1,cervelli-ribelli-connettiamoci-neurodiversita,it,Progetti,,unknown,Valore non mappato: 'Progetti' — aggiungere a categorie.json o assegnare manualmente
d3a5decb-22b2-401e-94a9-8a144d4ad5b9,da-piccola-ero-down,it,Cultura,cultura,dry,
b287dfaa-7c35-4641-9cb6-0270be9b5135,come-dirlo,it,Famiglia,,unknown,Valore non mappato: 'Famiglia' — aggiungere a categorie.json o assegnare manualmente
04a76785-351d-441b-88ec-78e282ea2f1f,dialogo-aperto-n-141,it,Fede e Luce,fede-e-luce,dry,
9f07f204-d1c7-47b9-a86e-69ad737c8d9f,dialogo-aperto-n-141-en,en,,,skip_null,
42282325-2d4c-4876-899b-7f9aed44c2a3,perche-tutti-comprendano,it,Cultura,cultura,dry,
aeb6ba25-1b03-4390-96f1-ebc7a04594c8,non-e-te-che-aspettavo,it,Famiglia,,unknown,Valore non mappato: 'Famiglia' — aggiungere a categorie.json o assegnare manualmente
c4329a33-023d-409c-b38a-e5e713fa35d8,anffas-open-day-porte-aperte-per-celebrare-60-anni-di-futuro,it,Progetti,,unknown,Valore non mappato: 'Progetti' — aggiungere a categorie.json o assegnare manualmente
23f87dee-db0b-4360-b12b-3ff1f216cd1d,biblioteca-ombre-e-luci,it,Cultura,cultura,dry,
86c02a4e-2073-4cf6-92a7-54128d9bcb83,google-maps-presenta-gli-itinerari-accessibili,it,Spiritualità,spiritualita,dry,
d1cc4f67-2359-4607-9ef3-8186fe717532,dopo-di-noi-a-carpi-tre-incontri-per-fare-il-punto,it,Famiglia,,unknown,Valore non mappato: 'Famiglia' — aggiungere a categorie.json o assegnare manualmente
323191d2-51cb-4374-a150-17a7cb434388,giornata-mondiale-dellautismo-il-mondo-si-tinge-di-blu,it,Spiritualità,spiritualita,dry,
9d83f981-4f91-477c-b352-504a003d2c39,stephen-wiltshire,it,Cultura,cultura,dry,
0f1a4aa9-e0c2-440a-a6f2-6879422e3290,vieni-e-vedi-a-fano-la-formazione-giovani-di-fede-e-luce,it,Fede e Luce,fede-e-luce,dry,
4efade45-5c32-4599-b981-71228f04b2d0,consulta-nazionale-integrazione,it,Lavoro,,unknown,Valore non mappato: 'Lavoro' — aggiungere a categorie.json o assegnare manualmente
a728af0b-9cb1-4871-aa8e-08deca647757,play-day-2018-a-venezia-accorciare-le-distanze-della-disabil,it,Scuola,,unknown,Valore non mappato: 'Scuola' — aggiungere a categorie.json o assegnare manualmente
084926d3-fd45-407e-9a04-6e938b25aaef,autismo-e-disabilita-grave-il-modello-laquila,it,Famiglia,,unknown,Valore non mappato: 'Famiglia' — aggiungere a categorie.json o assegnare manualmente
5225f661-a631-4fb7-8096-16e62ef55ae7,cresce-la-rete-di-centri-sporthabile-in-toscana-per-lo-sport,it,Sport,,unknown,Valore non mappato: 'Sport' — aggiungere a categorie.json o assegnare manualmente
e80a07c9-98e8-4c7f-af7c-fc722003f005,riccione-ex-mattatoio-riqualificato-a-centro-di-accoglienza-,it,Progetti,,unknown,Valore non mappato: 'Progetti' — aggiungere a categorie.json o assegnare manualmente
253db069-5e6c-42b0-94ae-ae224b3cfae9,gioco-al-centro-milano-inaugura-un-parco-accessibile,it,Progetti,,unknown,Valore non mappato: 'Progetti' — aggiungere a categorie.json o assegnare manualmente
e0df4895-4abd-4244-80e6-18630133a369,torino-salone-off-2018-visite-guidate-gratuite-a-vietato-non,it,Cultura,cultura,dry,
83d6cb11-8567-4761-8e72-3b04d0e0c2e8,quanti-conosci-per-nome,it,Famiglia,,unknown,Valore non mappato: 'Famiglia' — aggiungere a categorie.json o assegnare manualmente
7502744d-5d93-4257-bc37-0806487f91eb,spiegare-la-disabilita-agli-studenti-del-liceo,it,Scuola,,unknown,Valore non mappato: 'Scuola' — aggiungere a categorie.json o assegnare manualmente
1c329bb8-7cdc-4860-b4e4-a84d2d08b68a,a-parigi-al-caffe-della-gioia-che-piace-anche-a-brigitte-mac,it,Lavoro,,unknown,Valore non mappato: 'Lavoro' — aggiungere a categorie.json o assegnare manualmente
271a4ef5-90f5-47c0-8028-1b197752062a,progetto-sperimentale-di-assistenza-balneare-a-crotone,it,Tempo libero,,unknown,Valore non mappato: 'Tempo libero' — aggiungere a categorie.json o assegnare manualmente
95f095dc-0f23-405b-ac8a-2da4c4f1198c,altalena-giardini-montanelli-papa,it,Famiglia,,unknown,Valore non mappato: 'Famiglia' — aggiungere a categorie.json o assegnare manualmente
8a701fe7-79dd-4689-a68e-1cc2b6a588a5,speechless-quando-la-disabilita-e-ironia,it,Famiglia,,unknown,Valore non mappato: 'Famiglia' — aggiungere a categorie.json o assegnare manualmente
b8c7e1c0-69e6-4ed0-a218-90feb8c762bf,in-your-shoes-concorso-studenti-inclusione,it,Cultura,cultura,dry,
b322e639-4ffd-46ef-9d58-742c2f7f1896,lucca-in-mostra-i-quadri-di-artisti-con-disabilita-mentale,it,Cultura,cultura,dry,
77355c68-68bd-4cbe-b577-a966fe30d10d,special-olympics-a-montecatini,it,Sport,,unknown,Valore non mappato: 'Sport' — aggiungere a categorie.json o assegnare manualmente
faa86e44-72c5-48e0-a435-a737c7740dd0,giochi-senza-barriere-i-supereroi-conquistano-lo-stadio-dei-,it,Sport,,unknown,Valore non mappato: 'Sport' — aggiungere a categorie.json o assegnare manualmente
709dab39-479a-4a9f-b26d-cf152cff9c92,dialogo-aperto-n-41,it,Cultura,cultura,dry,
a31a609c-90b8-4639-9937-cd730daac40b,le-guerre-stellari-arrivano-in-ospedale,it,Famiglia,,unknown,Valore non mappato: 'Famiglia' — aggiungere a categorie.json o assegnare manualmente
eece2dba-0112-4eb4-9ecc-8d753dcf50da,la-forza-dellortoterapia-arriva-ad-alessandria,it,Lavoro,,unknown,Valore non mappato: 'Lavoro' — aggiungere a categorie.json o assegnare manualmente
d2edf4f7-6a0d-4dd2-bfce-bbaa19c766b2,la-storia-di-souhour-rifugiata-e-disabile-accolta-da-una-fam,it,Famiglia,,unknown,Valore non mappato: 'Famiglia' — aggiungere a categorie.json o assegnare manualmente
d6802953-bf80-46f8-9cdd-7a9954e5bfac,la-lingua-dei-segni-nelle-disabilita-comunicative-recensione,it,Cultura,cultura,dry,
85e98d62-b57d-48a0-a135-da1b604af504,percorsi-inclusivi-noi-ci-teniamo,it,Catechesi,,unknown,Valore non mappato: 'Catechesi' — aggiungere a categorie.json o assegnare manualmente
2ec9f9e8-6acd-4fa0-988d-5383ce7bb442,io-figlio-di-mio-figlio-recensione,it,Cultura,cultura,dry,
bccf8e0c-d8de-43c9-8058-590f23fdb947,la-bambina-che-andava-a-pile-recensione,it,Cultura,cultura,dry,
13861413-06eb-4852-9743-6fb68a007df8,segni-di-meraviglia,it,Cultura,cultura,dry,
7452dc4d-57a9-4246-853f-6ea5d34837eb,dal-convegno-allimpegno,it,Catechesi,,unknown,Valore non mappato: 'Catechesi' — aggiungere a categorie.json o assegnare manualmente
094046de-5272-4002-8ac1-75611cf4710b,ascoltare-i-segni-perche-in-lis,it,Catechesi,,unknown,Valore non mappato: 'Catechesi' — aggiungere a categorie.json o assegnare manualmente
2ce38e6f-66b3-49a3-a5fc-5abef4d3085b,segni-dellamore-di-dio,it,Catechesi,,unknown,Valore non mappato: 'Catechesi' — aggiungere a categorie.json o assegnare manualmente
e0b22b94-3149-421d-bc6b-43c1b733f7b2,la-comunicazione-multimodale,it,Salute,,unknown,Valore non mappato: 'Salute' — aggiungere a categorie.json o assegnare manualmente
dcff8316-f3cf-4448-943b-637a9befc247,fede-e-luce-una-grande-famiglia,it,Fede e Luce,fede-e-luce,dry,
ae5f3d90-ff88-4b4e-af7a-2c2176889f07,due-capitane,it,Progetti,,unknown,Valore non mappato: 'Progetti' — aggiungere a categorie.json o assegnare manualmente
82cfcf11-ed10-4e75-a255-5b977a755d41,dalle-mamme-di-palidoro-perche-curare-non-significa-solo-gua,it,Spiritualità,spiritualita,dry,
280c9ebd-2c46-465c-b762-8a6941d16653,la-forma-della-voce-recensione,it,Cultura,cultura,dry,
ed02b9f0-ecac-424c-a0be-73956333cdcf,la-mia-forza-nella-mia-differenza,it,Progetti,,unknown,Valore non mappato: 'Progetti' — aggiungere a categorie.json o assegnare manualmente
31696f07-9a15-4292-a4b4-d82786f06657,elogio-della-fragilita-recensione,it,Cultura,cultura,dry,
c25bcd82-5793-4225-9ce8-bf336fb746aa,voglia-di-comunicare,it,Cultura,cultura,dry,
cdf8ed22-7bb9-4d3d-b1d8-cdc9031066ab,dialogo-aperto-n-142,it,Fede e Luce,fede-e-luce,dry,
93672432-e508-4055-932e-73a0e7cc1ce7,sofia-cavalletti-strumento-tra-i-bambini-e-dio,it,Cultura,cultura,dry,
2b0a434a-dad2-4a80-9447-78c2bb4e00e3,dalle-province-n-142,it,Fede e Luce,fede-e-luce,dry,
3a3b38e5-0436-4534-863a-9c61a2c4f9ff,texas-il-parco-divertimenti-dedicato-ai-bambini-con-disabili,it,Famiglia,,unknown,Valore non mappato: 'Famiglia' — aggiungere a categorie.json o assegnare manualmente
5d36397e-f8b6-47d7-b0f1-8d919397fac3,disability-pride-2018,it,Progetti,,unknown,Valore non mappato: 'Progetti' — aggiungere a categorie.json o assegnare manualmente
003a7fcb-6dcf-4d4c-8747-60111f174ff6,dialogo-aperto-n-143,it,Famiglia,,unknown,Valore non mappato: 'Famiglia' — aggiungere a categorie.json o assegnare manualmente
2a297686-7c28-442d-966b-5ab6bba0914b,scarti-o-pietre-portanti,it,Spiritualità,spiritualita,dry,
7a1de8cc-cd34-4acd-8f32-8249a3ea5105,una-radice-e-delle-ali,it,Fede e Luce,fede-e-luce,dry,
7716e918-9be2-4271-9598-ff6e5fb5f31d,oltre-la-cronaca-vicini-al-quotidiano,it,Fede e Luce,fede-e-luce,dry,
43eebabc-c6fd-41c6-ad52-c67bae22906a,dalle-province-n-143,it,Fede e Luce,fede-e-luce,dry,
d2fca793-0f9c-4c0d-be7e-e8ad47239bdf,dialogo-aperto-n-143-en,en,,,skip_null,
33cf87dc-e825-4420-a183-b3c897aec275,con-il-tuo-passo-percorsi-agesci,it,Progetti,,unknown,Valore non mappato: 'Progetti' — aggiungere a categorie.json o assegnare manualmente
a42b8f11-a71f-40e6-86d3-8d8cc59a5295,i-miei-occhi-e-il-mio-cuore-hanno-vissuto-la-meraviglia,it,Fede e Luce,fede-e-luce,dry,
82d26cd7-07c7-4de5-a973-80e621abed05,90-anni-di-jean,it,Personaggi che ispirano,,unknown,Valore non mappato: 'Personaggi che ispirano' — aggiungere a categorie.json o assegnare manualmente
77143d91-1857-4703-b8dd-054abce0dd20,viola-e-mimosa-desaparecida,it,Spiritualità,spiritualita,dry,
495b4664-0cd7-4e9d-93fb-5e313a5d9122,scegliamo-con-cura-le-parole,it,Educazione e Formazione,,unknown,Valore non mappato: 'Educazione e Formazione' — aggiungere a categorie.json o assegnare manualmente
87857305-d77b-4515-bcba-e4f0086dcfbd,dinamiche-fondamentali,it,Fede e Luce,fede-e-luce,dry,
b97d2547-f045-4e1b-85ac-278adc30649e,quando-il-gioco-e-difficile-o-impossibile,it,Famiglia,,unknown,Valore non mappato: 'Famiglia' — aggiungere a categorie.json o assegnare manualmente
e1d5e91f-61a0-4bba-b32b-65ffcaef3d73,seminario-gratuito-a-bari-sulle-politiche-per-la-disabilita,it,Progetti,,unknown,Valore non mappato: 'Progetti' — aggiungere a categorie.json o assegnare manualmente
fe9d48ba-a550-4a23-8028-0c9aabc46d06,la-forza-del-debole-vita-e-pensiero-di-dietrich-bonhoeffer,it,Cultura,cultura,dry,
40c80f15-a476-4e75-973e-0ad4b7d81134,jean-vanier-compie-90-anni,it,Personaggi che ispirano,,unknown,Valore non mappato: 'Personaggi che ispirano' — aggiungere a categorie.json o assegnare manualmente
a3fabaef-2ea9-49e7-8f7d-4eef5b1e8fe8,alzheimer-vita-ricordi,it,Salute,,unknown,Valore non mappato: 'Salute' — aggiungere a categorie.json o assegnare manualmente
8b133595-44d9-4e1e-af74-c777458c46a1,il-festival-del-cinema-nuovo-dedicato-agli-attori-con-disabi,it,Cultura,cultura,dry,
9ec067f6-3988-4a01-904b-0892b44aded2,vadoalmuseo2,it,Famiglia,,unknown,Valore non mappato: 'Famiglia' — aggiungere a categorie.json o assegnare manualmente
d917254e-45a0-48ad-adef-8c0abe3c08ef,wheelchair-hockey-per-la-prima-volta-italia-campione-del-mon,it,Sport,,unknown,Valore non mappato: 'Sport' — aggiungere a categorie.json o assegnare manualmente
8f031890-8c1d-452e-8ade-1f67251c032b,catechesi-per-disabili-a-roma-un-percorso-formativo-en,en,,,skip_null,
00cd8bf8-ea7f-435b-b850-05ba49374771,catechesi-per-disabili-a-roma-un-percorso-formativo,it,Catechesi,,unknown,Valore non mappato: 'Catechesi' — aggiungere a categorie.json o assegnare manualmente
b914bb4c-64cf-49da-9cfa-fe661d7a8b55,fumetto-e-disabilita-divertimento-cultura-ecumenismo,it,Cultura,cultura,dry,
4fef90f4-5f14-4a56-a5b0-7e6a8f63ff49,voglio-il-mio-mare-la-mostra-di-design-di-studenti-e-persone,it,Cultura,cultura,dry,
6b04a8d2-d383-4032-824b-abb5c8446933,wonder-giusy,it,Cultura,cultura,dry,
9aa43016-32f3-4fea-8228-96c34a5dcf78,fino-a-quando-la-mia-stella-brillera,it,Cultura,cultura,dry,
e7dd7cda-67c5-4de1-bab6-5fd77142a8db,la-segregazione-delle-persone-con-disabilita,it,Cultura,cultura,dry,
06f8f7d2-c7e9-413e-94d9-d5e25c0d5166,i-bambini-di-asperger,it,Cultura,cultura,dry,
4fc80043-c1af-485f-b769-6cc150eb870d,raggi-di-sole,it,Fede e Luce,fede-e-luce,dry,
c8e0084d-2c19-4b12-8441-d3d355f46529,non-era-normale,it,Spiritualità,spiritualita,dry,
cc94e37d-ab78-49d3-ab96-0835555e4b0e,dalle-province-n-144,it,Fede e Luce,fede-e-luce,dry,
b618456b-596e-49f8-9654-5dea36a3c659,liberta,it,Famiglia,,unknown,Valore non mappato: 'Famiglia' — aggiungere a categorie.json o assegnare manualmente
46a9cb7b-bdab-4046-b687-4af57dfaa3c5,eh-io-sono-qui,it,Famiglia,,unknown,Valore non mappato: 'Famiglia' — aggiungere a categorie.json o assegnare manualmente
af876889-34b9-400b-9c4d-16b1658ce1a7,mi-chiamo-lucia,it,Fede e Luce,fede-e-luce,dry,
e24193c2-c220-4f33-88a9-222427d6e4a0,meglio-di-come-ci-si-aspetta,it,Fede e Luce,fede-e-luce,dry,
9648ac06-3bca-470e-89a1-b0d01d02bc8a,storia-di-unamicizia,it,Famiglia,,unknown,Valore non mappato: 'Famiglia' — aggiungere a categorie.json o assegnare manualmente
9bd25ed3-a458-4d5d-8ed5-a338e4f668b3,tutti-possono-essere-santi,it,Spiritualità,spiritualita,dry,
475fd6e2-dd08-40e5-bde8-e513190f36ce,il-mistero-di-tanto-bene,it,Fede e Luce,fede-e-luce,dry,
05094841-31ae-4dc3-82d0-b074be7368cb,angelo-un-compagno-di-viaggio,it,Famiglia,,unknown,Valore non mappato: 'Famiglia' — aggiungere a categorie.json o assegnare manualmente
d7c3bf7a-35ff-445e-b63a-1df0f719451e,dialogo-aperto-n-144,it,Fede e Luce,fede-e-luce,dry,
76059b3a-c3fb-4aa6-86a3-56c3a5e99524,vite-straordinarie,it,Famiglia,,unknown,Valore non mappato: 'Famiglia' — aggiungere a categorie.json o assegnare manualmente
70e2d7fd-d18f-4463-8dae-fed0ec91eda3,anffas-60-anni-di-futuro,it,Famiglia,,unknown,Valore non mappato: 'Famiglia' — aggiungere a categorie.json o assegnare manualmente
546aee8f-5d0f-4df9-9094-62044c83c4ca,fano2018,it,Fede e Luce,fede-e-luce,dry,
cda5c254-6333-4507-8f91-613587a7098e,fano-2018-the-best-of-our-youth,en,Fede e Luce,fede-e-luce,dry,
2105a9dc-39e4-445f-913b-c3eb6ec67020,finestre-di-speranza,it,Fede e Luce,fede-e-luce,dry,
47899aee-5567-4808-8e23-d59fecb16620,world-disability-day-2018,it,Famiglia,,unknown,Valore non mappato: 'Famiglia' — aggiungere a categorie.json o assegnare manualmente
f0739b58-fc26-4eac-9e5a-da2f389d6a22,inclusion-exclusion-lesposizione-degli-artisti-con-disabilit,it,Cultura,cultura,dry,
22089713-3e86-4204-9142-cfec62b97323,attraverso-te-docufilm-in-proiezione-gratuita-al-cineland-di,it,Famiglia,,unknown,Valore non mappato: 'Famiglia' — aggiungere a categorie.json o assegnare manualmente
c5348ba5-cf0b-4b0d-913c-72ff07c96497,la-storia-di-un-pugile-con-sindrome-di-down-come-miglior-fil,it,Salute,,unknown,Valore non mappato: 'Salute' — aggiungere a categorie.json o assegnare manualmente
25fe4cf3-0790-40e2-a791-127b2cacc6a7,dialogo-sulla-disabilita-a-palermo,it,Famiglia,,unknown,Valore non mappato: 'Famiglia' — aggiungere a categorie.json o assegnare manualmente
c110228b-4306-4270-be91-94d85d74884c,scuola-disabilita-e-sostegno-su-aipd-la-guida-scaricabile,it,Scuola,,unknown,Valore non mappato: 'Scuola' — aggiungere a categorie.json o assegnare manualmente
a0615dc7-1dbb-40d9-b8fb-581c194d83ab,la-curiosita-di-raccontare-il-mondo,it,Fede e Luce,fede-e-luce,dry,
5e99d925-7cce-4a76-a951-9a1ba8a94f7d,gara-di-solidarieta-a-siracusa-per-attrezzature-sportive,it,Sport,,unknown,Valore non mappato: 'Sport' — aggiungere a categorie.json o assegnare manualmente
cc0023d0-7f9b-44a7-a8db-ed997b990cf5,legge-di-bilancio-cosa-cambia-per-le-persone-con-disabilita,it,Progetti,,unknown,Valore non mappato: 'Progetti' — aggiungere a categorie.json o assegnare manualmente
3d17ca5a-64bd-4832-a09b-fc9397992dae,bancomat-arrivano-le-audioguide-per-non-vedenti,it,Progetti,,unknown,Valore non mappato: 'Progetti' — aggiungere a categorie.json o assegnare manualmente
922b00ae-57f7-49a4-9c7a-9164bc21574d,regione-liguria-via-libera-a-progetti-per-disabilita-e-anzia,it,Progetti,,unknown,Valore non mappato: 'Progetti' — aggiungere a categorie.json o assegnare manualmente
d509e673-5c8c-4990-9239-1c54009e9115,boscoreale-raccolta-fondi-scolastica-per-persone-disabili,it,Scuola,,unknown,Valore non mappato: 'Scuola' — aggiungere a categorie.json o assegnare manualmente
64491aba-822d-4bfd-93b2-efee91f6f8cf,in-movimento,it,Fede e Luce,fede-e-luce,dry,
c1e0c302-d75e-4e86-8ad7-3be578b43d40,conclusi-i-xxx-giochi-nazionali-invernali-special-olympics,it,Sport,,unknown,Valore non mappato: 'Sport' — aggiungere a categorie.json o assegnare manualmente
994f451b-4807-4563-8ae0-99eb1de0ebf3,brescia-raccolta-fondi-per-i-progetti-sollievo,it,Spiritualità,spiritualita,dry,
a6b89a35-2d38-42b6-94de-647b3c296e75,una-piazzetta-per-chi-diventa-anziano,it,Famiglia,,unknown,Valore non mappato: 'Famiglia' — aggiungere a categorie.json o assegnare manualmente
a010f3f7-6401-43bb-964b-f0b65d74a042,un-anticipo-di-vecchiaia,it,Fede e Luce,fede-e-luce,dry,
994975e8-dfe9-4842-9df3-2bcddaecdc21,storia-di-una-promessa-mantenuta,it,Fede e Luce,fede-e-luce,dry,
66a7cf98-25e1-4a51-a18c-0889e6b4c0ca,27-gennaio-giornata-della-memoria,it,Fede e Luce,fede-e-luce,dry,
b0f69bec-232d-44ae-abca-f33c55110654,io-vado-poco-a-teatro,it,Famiglia,,unknown,Valore non mappato: 'Famiglia' — aggiungere a categorie.json o assegnare manualmente
29340212-e728-4ec7-80c5-6c79dc471213,nuova-ricetta-a-masterchef-una-delicatezza-non-pietosa,it,Famiglia,,unknown,Valore non mappato: 'Famiglia' — aggiungere a categorie.json o assegnare manualmente
daed9249-a8fc-4546-a848-6370023d980b,longevita-nella-disabilita,it,Famiglia,,unknown,Valore non mappato: 'Famiglia' — aggiungere a categorie.json o assegnare manualmente
746776a7-3acc-4eb4-abbd-2341a3b26e3a,non-ho-paura-perche-sono-lamica-del-cuore-di-sara,it,Famiglia,,unknown,Valore non mappato: 'Famiglia' — aggiungere a categorie.json o assegnare manualmente
5dd251f9-4aec-4ad0-9ef0-2398486fe8e5,toscana-nasce-il-forum-delle-associazioni-per-la-disabilita,it,Progetti,,unknown,Valore non mappato: 'Progetti' — aggiungere a categorie.json o assegnare manualmente
98f16a26-8ca6-492f-bb42-864449616c2c,jesi-una-casa-per-incentivare-vita-autonoma-di-persone-disab,it,Famiglia,,unknown,Valore non mappato: 'Famiglia' — aggiungere a categorie.json o assegnare manualmente
773a6b77-2b0f-47ff-a6bf-337f918f969f,il-pittore-che-aveva-capito-tutto,it,Fede e Luce,fede-e-luce,dry,
b57c106d-aa82-4148-9635-8fb01516e014,devotio-come-facilitare-la-partecipazione-di-persone-con-dis,it,Cultura,cultura,dry,
a503c5cb-9d4f-4656-9cd4-4d5a837cd5bf,a-roma-un-workshop-dedicato-alla-disabilita-mentale-in-eta-a,it,Famiglia,,unknown,Valore non mappato: 'Famiglia' — aggiungere a categorie.json o assegnare manualmente
ed480fe1-cafb-466e-8c06-dd8adbff2344,questionario-ombre-e-luci,it,Spiritualità,spiritualita,dry,
c0a0ccbb-375e-410e-a42f-c9faf547abd5,il-casale-delle-arti-e-mestieri-un-progetto-di-integrazione-,it,Cultura,cultura,dry,
2f8af183-6561-4cca-969b-7af3bd5b7895,preziosi-punti-di-vista,it,Cultura,cultura,dry,
35ecf6b7-33b7-4188-8e4e-c010a4836ab7,dialogo-aperto-n-145,it,Fede e Luce,fede-e-luce,dry,
10313aa3-0e5f-46d3-b620-a9b28c2d00d4,dalle-province-n-145,it,Fede e Luce,fede-e-luce,dry,
b5716033-a7d1-42d4-bcb8-4e5a570d78a3,isacco-il-figlio-imperfetto,it,Cultura,cultura,dry,
6a219cd6-7b51-4d57-b73e-76eff8cc36ee,a-good-and-perfect-gift,it,Cultura,cultura,dry,
2d772203-3631-4095-b555-be6a08dfe450,faccio-salti-altissimi,it,Cultura,cultura,dry,
adb66c3b-d445-4680-b280-29322d16a4d0,il-mare-non-serve-a-niente,it,Cultura,cultura,dry,
185a5742-4b65-467d-bdf4-260c76682029,ciao-jean,it,Personaggi che ispirano,,unknown,Valore non mappato: 'Personaggi che ispirano' — aggiungere a categorie.json o assegnare manualmente
ec02f675-05c5-4a89-aa59-82a6c62554a5,storie-di-cui-fare-tesoro,it,Famiglia,,unknown,Valore non mappato: 'Famiglia' — aggiungere a categorie.json o assegnare manualmente
add20b32-fed1-44a3-8d64-cbcc0119ba19,la-casa-famiglia-e-leta-che-avanza,it,Famiglia,,unknown,Valore non mappato: 'Famiglia' — aggiungere a categorie.json o assegnare manualmente
16c5e2bd-6d79-4e25-ae5f-52a34a5d54a0,inizio-nuova-vita,it,Personaggi che ispirano,,unknown,Valore non mappato: 'Personaggi che ispirano' — aggiungere a categorie.json o assegnare manualmente
f6ce9949-bc25-40cf-93ce-6b1b76a9a570,in-casa-nostra-la-cucina-e-chiusa-a-chiave,it,Famiglia,,unknown,Valore non mappato: 'Famiglia' — aggiungere a categorie.json o assegnare manualmente
9e07e79e-918e-4735-be82-ee22720cf34b,belli-tutti,it,Scuola,,unknown,Valore non mappato: 'Scuola' — aggiungere a categorie.json o assegnare manualmente
df3253e4-742a-467b-a943-8e792262bfa3,uomo-del-regno,it,Personaggi che ispirano,,unknown,Valore non mappato: 'Personaggi che ispirano' — aggiungere a categorie.json o assegnare manualmente
362eca47-274a-4db6-86a6-094051f395d9,larmes-de-silence,it,Cultura,cultura,dry,
724cc439-6e38-4a4b-81de-c1a2a86446ad,ho-incontrato-gesu-mi-ha-detto-ti-voglio-bene,it,Cultura,cultura,dry,
45864bc2-55c2-4205-8d3b-ff1bf406610e,le-grandi-domande-della-vita,it,Cultura,cultura,dry,
09929e44-3146-4c9f-aade-24606aff5fa4,la-comunita-luogo-del-perdono-e-della-festa-2,it,Cultura,cultura,dry,
edfdddd7-4ff5-4959-84c2-7a8a957eb73f,il-disability-pride-di-stefan-aspirante-artista-amante-di-fu,it,Famiglia,,unknown,Valore non mappato: 'Famiglia' — aggiungere a categorie.json o assegnare manualmente
3c82ba34-de7a-4f04-9b19-8d7626ebc408,lavagna-inaugura-la-spiaggia-accessibile-alle-persone-con-di,it,Progetti,,unknown,Valore non mappato: 'Progetti' — aggiungere a categorie.json o assegnare manualmente
5634d7ff-8326-47f5-ad4f-7d94937e0441,atad-a-roma-ritorna-la-conferenza-sulle-tecnologie-assistive,it,Cultura,cultura,dry,
d5ab3f8f-d608-4f61-baf9-98539445d7f8,un-percorso-archeologico-subacqueo-per-persone-con-disabilit,it,Cultura,cultura,dry,
dc64c6aa-32f1-495e-965b-fd06d4c3a837,hostability-il-progetto-di-turismo-accessibile-della-regione,it,Progetti,,unknown,Valore non mappato: 'Progetti' — aggiungere a categorie.json o assegnare manualmente
b23f7f2e-7702-4ae8-a12c-b1e9835b0e69,il-coraggio-di-cambiare,it,Personaggi che ispirano,,unknown,Valore non mappato: 'Personaggi che ispirano' — aggiungere a categorie.json o assegnare manualmente
65e9a920-ca2d-4f3c-821f-aa75c2e76fef,io-ordino-con-te-il-servizio-per-bambini-con-disabilita-e-di,it,Cultura,cultura,dry,
f3c9e33d-ca1f-49bf-9355-041f4d50070b,jean-e-il-carro-di-genevieve,it,Personaggi che ispirano,,unknown,Valore non mappato: 'Personaggi che ispirano' — aggiungere a categorie.json o assegnare manualmente
6da60992-4c97-4750-b0e7-caa6b8e4e329,levatrice-di-cose-nuove,it,Personaggi che ispirano,,unknown,Valore non mappato: 'Personaggi che ispirano' — aggiungere a categorie.json o assegnare manualmente
a214e8fb-5509-4279-aeb1-47506af3894c,con-la-protezione-civile-un-campo-scuola-di-ragazzi-e-volont,it,Progetti,,unknown,Valore non mappato: 'Progetti' — aggiungere a categorie.json o assegnare manualmente
20dacc40-080f-4a6d-9d2b-034700b5ec41,ci-ha-fatto-vedere-cio-che-non-avevamo-ancora-visto,it,Personaggi che ispirano,,unknown,Valore non mappato: 'Personaggi che ispirano' — aggiungere a categorie.json o assegnare manualmente
dac7b86e-887c-41ff-9092-d670761eea52,the-square-un-ristorante-per-sperimentare-lautonomia,it,Lavoro,,unknown,Valore non mappato: 'Lavoro' — aggiungere a categorie.json o assegnare manualmente
0e2a8758-9b9d-421b-b922-674296ccd27d,lautista-piu-illustre,it,Personaggi che ispirano,,unknown,Valore non mappato: 'Personaggi che ispirano' — aggiungere a categorie.json o assegnare manualmente
5d423dec-e6f7-4354-9ff1-1a108a519379,il-tuo-ultimo-soffio,it,Personaggi che ispirano,,unknown,Valore non mappato: 'Personaggi che ispirano' — aggiungere a categorie.json o assegnare manualmente
e7c0e019-e3cb-4e2f-b6b5-4c1175cc8884,il-tesoro-nascosto-nel-campo,it,Personaggi che ispirano,,unknown,Valore non mappato: 'Personaggi che ispirano' — aggiungere a categorie.json o assegnare manualmente
2865ed49-def0-41ac-b578-3bf3f6cd6df3,la-tenerezza-di-jean-in-un-film,it,Personaggi che ispirano,,unknown,Valore non mappato: 'Personaggi che ispirano' — aggiungere a categorie.json o assegnare manualmente
5ba52a0b-8051-4aba-90b8-8828e0f113cf,come-avrei-voluto-vederti-piu-spesso,it,Personaggi che ispirano,,unknown,Valore non mappato: 'Personaggi che ispirano' — aggiungere a categorie.json o assegnare manualmente
5aa7d680-be68-43b3-aa9e-b872495b9fb3,daje-benedetta-daje-tu-bello,it,Fede e Luce,fede-e-luce,dry,
b587b2b1-9796-4ef4-87e9-40ce4706e235,natura-sport-e-cultura-ad-eboli-parte-la-colonia-per-persone,it,Sport,,unknown,Valore non mappato: 'Sport' — aggiungere a categorie.json o assegnare manualmente
6c49d911-2e25-45a3-a6d4-fe4aace5c712,parolimparty-seconda-edizione-dellevento-multisport-di-milaz,it,Sport,,unknown,Valore non mappato: 'Sport' — aggiungere a categorie.json o assegnare manualmente
07d76729-cad6-40f6-8c77-8935781b8581,forli-incontri-a-sostegno-di-genitori-di-figli-con-disabilit,it,Famiglia,,unknown,Valore non mappato: 'Famiglia' — aggiungere a categorie.json o assegnare manualmente
49447b91-1102-4ff6-b522-911505972b16,un-nuovo-centro-riabilitativo-equestre-dedicato-a-bambini-co,it,Progetti,,unknown,Valore non mappato: 'Progetti' — aggiungere a categorie.json o assegnare manualmente
2b4008e1-c957-47dc-beb5-349cb84a70ac,nasce-network-sociale-la-rete-di-organizzazioni-del-ravennat,it,Progetti,,unknown,Valore non mappato: 'Progetti' — aggiungere a categorie.json o assegnare manualmente
28dcad3f-81f3-4a3e-928c-b1affc1b23b0,apre-la-prima-co-housing-per-persone-con-disabilita-nel-vene,it,Famiglia,,unknown,Valore non mappato: 'Famiglia' — aggiungere a categorie.json o assegnare manualmente
6eb66e15-7797-4b95-8394-693c509b8301,parchi-per-tutti-terzo-parco-accessibile-a-milano,it,Progetti,,unknown,Valore non mappato: 'Progetti' — aggiungere a categorie.json o assegnare manualmente
88d25536-dbec-486a-a01a-c510f80f4a00,moda-e-disabilita-niente-e-impossibile,it,Cultura,cultura,dry,
3ba34750-13d9-459f-afcb-63266ea40dad,rampe-fai-da-te-il-progetto-del-diciottenne-con-una-stampant,it,Famiglia,,unknown,Valore non mappato: 'Famiglia' — aggiungere a categorie.json o assegnare manualmente
dca973ee-4b79-4f77-820e-9c040e89cd4a,disabuse-i-risultati-del-progetto-su-disabilita-e-bullismo,it,Cultura,cultura,dry,
345e8079-daa0-4d6c-9f5c-ef42bd7c9d79,la-prossima-volta-lo-rifaccio,it,Sport,,unknown,Valore non mappato: 'Sport' — aggiungere a categorie.json o assegnare manualmente
93b899d7-7bb4-4fa8-96ee-260ee2463875,chi-cura-le-anime,it,Spiritualità,spiritualita,dry,
28a655aa-d7bc-449f-9dbd-3325efa0a43f,lucrezia-e-il-marco-di-ieri-e-di-oggi,it,Spiritualità,spiritualita,dry,
acb3b938-8499-4b1f-ad2c-7dcb2c375379,sono-andata-in-discoteca,it,Spiritualità,spiritualita,dry,
0cc34515-c4c7-4bc1-ae5a-2d9a04ed5129,sempre,it,Fede e Luce,fede-e-luce,dry,
9cfad386-e7e7-40f2-956b-5318b15237a8,elezione-responsabile,it,Fede e Luce,fede-e-luce,dry,
c6dc6f80-0ff0-4e76-b022-73f9a27b79e3,teologia-disabilitante,it,Famiglia,,unknown,Valore non mappato: 'Famiglia' — aggiungere a categorie.json o assegnare manualmente
3f9c3fc4-7043-4139-bd5b-53cdd6a717e6,alfabeto-che-manca,it,Famiglia,,unknown,Valore non mappato: 'Famiglia' — aggiungere a categorie.json o assegnare manualmente
58fae097-c327-4afe-a243-3ad59d102822,chiesa-accoglie-davvero,it,Spiritualità,spiritualita,dry,
49b8df0c-4734-4469-889c-9116432a12ec,catalogo-prelibatezze,it,Famiglia,,unknown,Valore non mappato: 'Famiglia' — aggiungere a categorie.json o assegnare manualmente
6adffa89-9ec7-4006-9f7e-c025ff5e8aa8,cantiere-buone-notizie,it,Famiglia,,unknown,Valore non mappato: 'Famiglia' — aggiungere a categorie.json o assegnare manualmente
1f7dff02-d357-471b-8619-1e7875d9eda8,vita-fede-e-luce-n-147,it,Fede e Luce,fede-e-luce,dry,
fc825cf9-050f-4a35-8c67-4b55c94e4216,uno-dei-tanti,it,Spiritualità,spiritualita,dry,
140c839b-4f9f-4560-b358-9c47cb323359,amore-caro,it,Cultura,cultura,dry,
4e4e807d-1aab-47de-a27e-821bcdef7592,la-tua-vita-e-la-mia,it,Cultura,cultura,dry,
0bf72438-1e40-40d0-b025-02a9fee74726,questa-e-bella-la-storia-di-rospella,it,Cultura,cultura,dry,
57ff13a5-d934-4064-8a1e-2f8c4e3c8489,per-tutti-persone,it,Cultura,cultura,dry,
b2611295-38cb-4e98-9bce-268f0aff9798,lo-straordinario-viaggio-di-nujeen,it,Cultura,cultura,dry,
b95feb17-15d7-45fe-a5f9-7bfa08d30349,son-mother,it,Cultura,cultura,dry,
cc38028f-1f76-4f97-90b1-9d87979255b4,la-scrittura-non-va-in-esilio,it,Cultura,cultura,dry,
9bc1348f-2a23-47fd-a895-5d9792dcf992,antigone,it,Cultura,cultura,dry,
16542cca-35c1-403c-8902-378f3d4bcbda,willow-vrba,it,Cultura,cultura,dry,
b5307920-01db-4127-b0a8-853a8fef3e4f,leta-giovane,it,Cultura,cultura,dry,
076265cd-ba33-4f9c-ab7c-a4a78f7f87d4,one-more-jump,it,Cultura,cultura,dry,
b825987c-b70e-4170-a3e4-d99843fb7422,tanto-io-non-la-perdo,it,Spiritualità,spiritualita,dry,
32d3bd7a-ea39-4dcc-9015-53be14426e6e,stai-pensando-me,it,Spiritualità,spiritualita,dry,
a0d71c11-3fff-4900-bd8f-9d6f98915294,speciale-cinema-e-disabilita,it,Cultura,cultura,dry,
a98638fa-9b62-4b8e-951f-b3dc565c2803,cinema-e-disabilita-i-3-film-di-adriano-ercolani,it,Cultura,cultura,dry,
2a2896e4-3e70-458e-8045-7f65695d56f5,cinema-e-disabilita-3-film-secondo-federica-aliano,it,Cultura,cultura,dry,
3ea5fccb-3e15-4a01-8056-11dbaf9f1028,cinema-e-disabilita-3-film-secondo-alessandro-de-simone,it,Cultura,cultura,dry,
09bd724a-64c3-463c-aa8d-a8ff78b49728,cinema-e-disabilita-i-3-film-di-emanuele-rauco,it,Cultura,cultura,dry,
1ad8e744-6692-464b-8285-9175ffa66d00,cinema-e-disabilita-i-3-film-di-gabriele-niola,it,Cultura,cultura,dry,
368395cf-048d-4312-8276-83457fd4b588,cinema-e-disabilita-i-3-film-di-boris-sollazzo,it,Cultura,cultura,dry,
a6fc12c0-2927-4fc6-9338-c4c9eae9da52,cinema-e-disabilita-i-3-film-di-andrea-guglielmino,it,Cultura,cultura,dry,
e742005d-866a-48c9-9bef-4e88ba2511f6,gli-altri-siamo-noi,it,Cultura,cultura,dry,
d7071c05-ffd8-42b1-b681-a0fa0e2828dd,cinema-e-disabilita-i-3-film-di-valerio-sammarco,it,Cultura,cultura,dry,
d9aa250e-3bd3-4841-aaa0-f8fd6064988a,non-mi-piace-andare-al-cinema,it,Cultura,cultura,dry,
d5ad8afa-cd54-42cb-baa8-aa1ac95720ae,dedica-cambiata,it,Spiritualità,spiritualita,dry,
fb66a44e-3f01-4f83-84c1-198ce6b4f2d5,polonia-sesto-convegno-nazionale-dei-catechisti-speciali,it,Catechesi,,unknown,Valore non mappato: 'Catechesi' — aggiungere a categorie.json o assegnare manualmente
bd9b1c6d-26df-468b-b799-31159378196d,cinema-e-disabilita-i-3-film-di-emilio-ranzato,it,Cultura,cultura,dry,
437b17b5-3670-4434-bbfa-fa769802752c,cinema-e-disabilita-i-3-film-di-giorgia-sdei,it,Cultura,cultura,dry,
f8915d4c-3cd0-4a75-8c0c-2c10acfc9c8d,cinema-e-disabilita-i-3-film-di-edoardo-zaccagnini,it,Cultura,cultura,dry,
3d31a78b-1e99-4606-86ef-0628cdc00c70,dialogo-aperto-n-147,it,Fede e Luce,fede-e-luce,dry,
b00a60db-19d6-4a3a-9c20-bd2ac71c2c78,lo-sguardo-sulla-persona-con-disabilita,it,Famiglia,,unknown,Valore non mappato: 'Famiglia' — aggiungere a categorie.json o assegnare manualmente
ff5d3282-6de1-41ca-8b1c-b0b574e734d6,sconvolti-e-trasformati,it,Famiglia,,unknown,Valore non mappato: 'Famiglia' — aggiungere a categorie.json o assegnare manualmente
25a570e6-8f0f-4aff-85dc-1d87c138f072,ho-imparato-da-sola-a-divertirmi,it,Spiritualità,spiritualita,dry,
ac9db228-e674-43eb-93b5-307064875989,en-garde,it,Sport,,unknown,Valore non mappato: 'Sport' — aggiungere a categorie.json o assegnare manualmente
189fd20b-2198-4f44-beb1-4e9a60859cf4,dobbiamo-svagarci,it,Spiritualità,spiritualita,dry,
824891eb-873e-456e-b5a7-9e1a9c5b7871,papa-francesco-disabilita-messaggio,it,Spiritualità,spiritualita,dry,
6222e441-0b26-47f4-88c6-93fa9aef8cb3,non-mi-piace-cucinare,it,Spiritualità,spiritualita,dry,
0c8adef1-88c6-4e98-ab95-46167e4c1b05,le-parole-rivoluzionarie-di-papa-francesco,it,Spiritualità,spiritualita,dry,
91a16735-afba-41d1-af2e-0b6720fd390e,il-piccolo-adolph-non-aveva-le-ciglia,it,Cultura,cultura,dry,
abd6d4bf-0d30-424f-b4b9-4fcdb5d2cf35,natale-nel-mondo,it,Spiritualità,spiritualita,dry,
ef475bfe-3082-4ccf-a2a7-c1d8a04bd6a5,le-ombre-e-le-luci-del-natale,it,Fede e Luce,fede-e-luce,dry,
8015190b-d8c6-4364-9463-4661ffb0dfc0,buon-anno-da-ombre-e-luci,it,Spiritualità,spiritualita,dry,
b73d36d3-c837-4839-a72a-720e0d1695a1,nonostante-jean-vanier-larca-rimane,it,Personaggi che ispirano,,unknown,Valore non mappato: 'Personaggi che ispirano' — aggiungere a categorie.json o assegnare manualmente
df906005-3d79-4262-a9f0-0c9432801ce2,cronologia-dellinchiesta-e-cenni-storici,it,Personaggi che ispirano,,unknown,Valore non mappato: 'Personaggi che ispirano' — aggiungere a categorie.json o assegnare manualmente
a210f23e-5138-4412-a719-49b95ba3b9bb,larca-internazionale-annuncia-i-risultati-dellindagine-indip,it,Personaggi che ispirano,,unknown,Valore non mappato: 'Personaggi che ispirano' — aggiungere a categorie.json o assegnare manualmente
70901f33-1bf4-4521-be64-0abbfe57cb6a,breccia-muro,it,Famiglia,,unknown,Valore non mappato: 'Famiglia' — aggiungere a categorie.json o assegnare manualmente
83a8bad3-3140-4992-9805-a3e0612f4efa,chiamare-nome-paura,it,Fede e Luce,fede-e-luce,dry,
ba4353df-b651-4464-b32e-136850dc0650,unica-nel-suo-genere,it,Fede e Luce,fede-e-luce,dry,
bd7ed4c8-93b7-489f-b3f9-b54f8a12138e,non-tutto-buio,it,Cultura,cultura,dry,
3c1e3e7b-392d-4e61-8617-8f13a0477254,curva-sud,it,Famiglia,,unknown,Valore non mappato: 'Famiglia' — aggiungere a categorie.json o assegnare manualmente
ca055856-d970-4fe7-a41b-dad33cec2b90,vita-fede-e-luce-n-148,it,Fede e Luce,fede-e-luce,dry,
65642612-389f-4f75-8d29-8039b92b868f,la-straniera,it,Cultura,cultura,dry,
2cede190-56cd-4184-b29e-2bb519604e92,dialogo-aperto-n-148,it,Fede e Luce,fede-e-luce,dry,
d0a69058-ae6a-4c05-9439-b816c7210807,la-disabilita-ci-rende-umani,it,Cultura,cultura,dry,
449f2758-9d97-4cf4-8559-737291491a3a,lanno-della-disabilita-nelle-serie-tv-en,en,,,skip_null,
bf42e9bb-19d6-4347-9d4c-5191d7a41218,jean-vanier-le-sacrament-de-la-tendresse,it,Personaggi che ispirano,,unknown,Valore non mappato: 'Personaggi che ispirano' — aggiungere a categorie.json o assegnare manualmente
99face4a-0fe0-4c8c-abc1-26baab0f51f6,al-compleanno-di-papa-francesco,it,Spiritualità,spiritualita,dry,
00043fb3-65a5-4d82-8506-01cc9f662990,lanno-della-disabilita-nelle-serie-tv,it,Cultura,cultura,dry,
45290a31-8ada-4402-b6f0-80364805c550,newsletter-n-7-la-sedia-e-lo-studio,it,Personaggi che ispirano,,unknown,Valore non mappato: 'Personaggi che ispirano' — aggiungere a categorie.json o assegnare manualmente
52a5eda6-8556-42bd-8e45-42e5dfbf93b3,whos-my-neighbor,en,Cultura,cultura,dry,
42870a6e-e9fa-4490-bc43-d8650a955fa6,ausmerzen-vite-indegne-di-essere-vissute,it,Cultura,cultura,dry,
ca1efb87-9b9c-4535-909a-dc157ea2228d,vaccinarsi-non-e-un-gioco,it,Cultura,cultura,dry,
022678c5-2429-4596-9cd1-b5f579c3398f,cinema-e-disabilita-i-3-film-di-enrica-riera,it,Cultura,cultura,dry,
6f7d882d-ac53-4e07-968d-15933488807a,giochi-da-fare-a-casa-passare-tempo-noia,it,Spiritualità,spiritualita,dry,
8b69dcb3-c762-4d01-8b6a-ed527eb5d99d,chi-risponde-alle-domande,it,Fede e Luce,fede-e-luce,dry,
72acd395-e9a9-46ae-8037-5ec45f5c43e0,in-memoriam-aktion-t4-la-mostra,it,Famiglia,,unknown,Valore non mappato: 'Famiglia' — aggiungere a categorie.json o assegnare manualmente
1c4d26c7-f5a3-4de2-84c3-efa2a58e3512,gossip,it,Spiritualità,spiritualita,dry,
69c91123-9622-47e2-a85f-c32bd1268855,costruire-un-mondo-diverso-uguale-per-tutti,it,Fede e Luce,fede-e-luce,dry,
feb1e253-2a87-479c-9365-a65b2706055c,nebbia-in-agosto,it,Cultura,cultura,dry,
c35ddf36-45fa-4225-a4df-d9ef3b7889be,cinema-e-disabilita-i-3-film-di-claudio-cinus,it,Cultura,cultura,dry,
40378063-f830-4cf3-9d2f-feb410457a33,zavorre-prescelti,it,Cultura,cultura,dry,
eee45932-983d-4299-a050-8d36c001f310,quando-il-buio-e-totale,it,Famiglia,,unknown,Valore non mappato: 'Famiglia' — aggiungere a categorie.json o assegnare manualmente
6921e0c8-db07-47e6-9623-e88c4d828221,le-polpette-di-federico,it,Tempo libero,,unknown,Valore non mappato: 'Tempo libero' — aggiungere a categorie.json o assegnare manualmente
128aaa0e-2931-4d73-8a15-16b94c61dbff,newsletter-09-quando-buio-totale,it,Famiglia,,unknown,Valore non mappato: 'Famiglia' — aggiungere a categorie.json o assegnare manualmente
5d0962b1-de0d-4be9-bb94-4adb25e76aa5,vite-straordinarie-2,it,Cultura,cultura,dry,
efbf962e-61b7-406e-b222-bd71f9c2e975,con-occhi-padre,it,Cultura,cultura,dry,
7eb88b95-067e-42e5-a79e-52956a89d4d1,mio-cugino-paolo,it,Famiglia,,unknown,Valore non mappato: 'Famiglia' — aggiungere a categorie.json o assegnare manualmente
b0b8959a-40b8-48ff-800d-f5d8af127d2d,caduta-cavallo,it,Famiglia,,unknown,Valore non mappato: 'Famiglia' — aggiungere a categorie.json o assegnare manualmente
8b8ca43a-cb74-4018-877e-bb810249f27f,boston-chicago-arca,it,Famiglia,,unknown,Valore non mappato: 'Famiglia' — aggiungere a categorie.json o assegnare manualmente
606a97cd-41a5-4c64-acc3-a3f5e91cd6e9,cinema-e-disabilita-i-3-film-di-armando-damato,it,Cultura,cultura,dry,
98292efb-8475-4acc-87ed-5d9859509d71,il-corpo-dellamore,it,Cultura,cultura,dry,
086453ff-3d98-4b29-86a8-816a8750a3a2,un-altro-sguardo,it,Cultura,cultura,dry,
4b58789a-5dd9-40ea-a3c3-86ca5619e627,io-lorenza-e-il-prosciutto-cotto,it,Spiritualità,spiritualita,dry,
bfe9fceb-a88a-4fcc-b2cb-c27a73550f58,teologia-disabile,it,Catechesi,,unknown,Valore non mappato: 'Catechesi' — aggiungere a categorie.json o assegnare manualmente
21f0ff6a-0d4c-4ddd-a8c9-71822403c0fd,noi-non-loro-apriamo-il-dibattito,it,Spiritualità,spiritualita,dry,
54f8a74d-ebd4-4e63-b35a-1db6eb9c74cf,newsletter-09-2020-noi-non-loro,it,Cultura,cultura,dry,
80cdbcab-3fb0-4cc6-92cd-1a6ea0d5a800,tenera-magnetica,it,Fede e Luce,fede-e-luce,dry,
06af2aa8-c56f-48a4-85d5-e6c769491a1d,vittorio-zia-minni,it,Famiglia,,unknown,Valore non mappato: 'Famiglia' — aggiungere a categorie.json o assegnare manualmente
74c8e384-e38f-4344-80bd-f781110d7f4f,un-giardino-per-ofelia,it,Fede e Luce,fede-e-luce,dry,
b85eb229-de3d-4665-9d97-f14779849cc9,se-aspetto-poco-poco-arriva-la-risposta-en,en,,,skip_null,
ce80fc40-e60e-49bd-a2e6-77847a83a5f0,il-primo-carnevale-di-antonella,it,Famiglia,,unknown,Valore non mappato: 'Famiglia' — aggiungere a categorie.json o assegnare manualmente
012c99de-a27e-4f63-b43e-8e0c14c7b6a6,se-aspetto-poco-poco-arriva-la-risposta,it,Spiritualità,spiritualita,dry,
630a830b-00da-475b-a687-d0e8147cbfd8,perche-non-ascoltiamo-la-risposta-di-gesu,it,Spiritualità,spiritualita,dry,
6a42355c-3e4c-4a04-a65e-d83cb2f5863d,quando-la-comunita-accoglie-senza-giudicare,it,Cultura,cultura,dry,
6deaa692-4a30-4531-9522-90fd16cbc240,la-mia-lourdes-e-quella-di-registi-demaizere-e-teurlai,it,Cultura,cultura,dry,
bd51d106-49ca-4b25-acb5-c0d5d6b1eab6,newsletter-n-10-sulla-regia-non-credente-di-lourdes,it,Fede e Luce,fede-e-luce,dry,
876b8f05-23c7-4769-8285-136ee554e16f,se-lo-diceva-coco-chanel,it,Famiglia,,unknown,Valore non mappato: 'Famiglia' — aggiungere a categorie.json o assegnare manualmente
516574dd-2e1d-4700-9270-7a30af4f6604,tranquilla-e-soddisfatta-di-me-stessa,it,Famiglia,,unknown,Valore non mappato: 'Famiglia' — aggiungere a categorie.json o assegnare manualmente
f1c2ce96-c398-4126-a8f0-8481aff22c9c,vita-delle-province-n-149,it,Fede e Luce,fede-e-luce,dry,
2bc68ee5-bab4-4da4-bce2-ec3963ae842b,quaranta-occhi-puntati-dritti-su-di-te,it,Fede e Luce,fede-e-luce,dry,
510dde52-0528-4a38-913b-bec76dbd881c,la-rivoluzione-copernicana-di-lucas,it,Cultura,cultura,dry,
3cb2b32e-079b-4323-9e8b-85b1d8998e95,che-gran-caos-coronavirs-persone-disabilita,it,Fede e Luce,fede-e-luce,dry,
2fc8e10a-f4d8-4778-a6f8-5689c11fb727,anche-questanno-sono-riuscita-a-non-andare-sulla-neve,it,Spiritualità,spiritualita,dry,
a76742da-9a2f-4635-b4ce-10cef251767e,quel-che-labito-fa,it,Famiglia,,unknown,Valore non mappato: 'Famiglia' — aggiungere a categorie.json o assegnare manualmente
839086ef-2605-4700-82ea-dd42e7ed12df,newsletter-n-11-la-fatica-di-non-potersi-salutare,it,Fede e Luce,fede-e-luce,dry,
e9e2b6af-447b-4e78-a334-6c8239a922e0,sfilate-da-sogno,it,Progetti,,unknown,Valore non mappato: 'Progetti' — aggiungere a categorie.json o assegnare manualmente
12b1b32e-380c-45cf-8e2c-47b6aa24c1b9,jillian-la-divina,it,Famiglia,,unknown,Valore non mappato: 'Famiglia' — aggiungere a categorie.json o assegnare manualmente
85dda14c-bc41-40b9-b2da-cfb68f796b75,vita-delle-province-n-150,it,Fede e Luce,fede-e-luce,dry,
0d39ece7-1c3a-44c4-86dd-8abe7aff2864,vedersi-in-vetrina,it,Famiglia,,unknown,Valore non mappato: 'Famiglia' — aggiungere a categorie.json o assegnare manualmente
c4ecd83f-ab56-4f62-bca8-31b8bdf18e5a,deve-finire-prima-di-subito,it,Spiritualità,spiritualita,dry,
cd7e19c7-3023-4de0-a27f-e886b4a18f5d,perche-dobbiamo-vivere-cosi,it,Famiglia,,unknown,Valore non mappato: 'Famiglia' — aggiungere a categorie.json o assegnare manualmente
28ee9ba3-b371-4224-9d6b-986f9d2fc49e,iorestoacasa,it,Famiglia,,unknown,Valore non mappato: 'Famiglia' — aggiungere a categorie.json o assegnare manualmente
79e11a75-0f9e-4d21-a06b-35875e2cd604,newsletter-n-12-il-racconto-di-un-intero-paese,it,Fede e Luce,fede-e-luce,dry,
d46dcca1-5b8d-44c5-b8c0-13a479aa91df,la-nostra-casa-e-in-fiamme,it,Cultura,cultura,dry,
2ff8c84a-0b15-4bf6-bdd3-f68b312b20ef,negozi-e-pantaloni,it,Spiritualità,spiritualita,dry,
cb7cce7e-9f58-4e76-ba0e-32b505274661,che-cose-una-sindrome,it,Cultura,cultura,dry,
a91b0e07-7362-485a-a050-9b463456af7e,imperfetta,it,Cultura,cultura,dry,
26687333-0ddf-4365-ad55-ae5f117e864a,la-bambina-morbida,it,Cultura,cultura,dry,
089111bb-ddf6-42ae-b8cd-7106f10eb00a,dialogo-aperto-n-149,it,Cultura,cultura,dry,
f3f7353b-ac62-4ae5-a2cd-4efe268d0962,il-profumo-dello-strucolo-de-pomi,it,Famiglia,,unknown,Valore non mappato: 'Famiglia' — aggiungere a categorie.json o assegnare manualmente
739aea91-911f-4329-9d99-efc7e5f0a39e,che-devo-fare-di-piu,it,Spiritualità,spiritualita,dry,
0280a50b-f230-4543-9a9c-0136561bd6e7,autocertificazione-non-basta,it,Famiglia,,unknown,Valore non mappato: 'Famiglia' — aggiungere a categorie.json o assegnare manualmente
f10d5b1f-54a1-4f20-86ff-237645405161,la-caponata-di-celli-che-unisce-litalia,it,Famiglia,,unknown,Valore non mappato: 'Famiglia' — aggiungere a categorie.json o assegnare manualmente
13ab998b-230a-44bb-b23f-adb077d945a6,campane-a-festa,it,Spiritualità,spiritualita,dry,
1a514cfe-d329-479e-be18-7295dba26bf7,adesso-saremo-tutti-diversi-en,en,,,skip_null,
01b01e50-b60a-4f65-9d66-1de23be0d964,adesso-saremo-tutti-diversi,it,Cultura,cultura,dry,
15fe23ef-ee5c-4c36-9827-844332e99d6d,centri-diurni-coronavirus,it,Progetti,,unknown,Valore non mappato: 'Progetti' — aggiungere a categorie.json o assegnare manualmente
ee26909c-a557-40ba-9442-55e1ae9f4684,sulla-barca-in-piazza-san-pietro,it,Spiritualità,spiritualita,dry,
5c7057d1-7797-49e9-89c6-f3a11352fdd0,newsletter-n-13-nuove-colonne-sonore-per-le-nostre-citta,it,Fede e Luce,fede-e-luce,dry,
d3a35fd7-8fa0-4c60-b681-ac81158007a7,per-le-strade-di-roma,it,Spiritualità,spiritualita,dry,
8646267f-310b-47cc-8ff4-248a23a22ac5,un-esperto-di-disabilita-nella-task-force-per-la-fase-2-dell,it,Progetti,,unknown,Valore non mappato: 'Progetti' — aggiungere a categorie.json o assegnare manualmente
74cdf413-bcd2-4be9-99e8-c288357a1dae,dialogo-aperto-n-150,it,Cultura,cultura,dry,
19530dd6-5e91-4aa0-9d31-6ec457cf3acb,sempre-damigella-mai-sposa,it,Salute,,unknown,Valore non mappato: 'Salute' — aggiungere a categorie.json o assegnare manualmente
2f439154-7f2b-47cb-8a60-7df4d76597ae,ragazzi-mi-appello-a-voi,it,Progetti,,unknown,Valore non mappato: 'Progetti' — aggiungere a categorie.json o assegnare manualmente
69376341-8c05-4e7c-a0a1-c16a9a1e6c48,newsletter-14,it,Famiglia,,unknown,Valore non mappato: 'Famiglia' — aggiungere a categorie.json o assegnare manualmente
4c253695-0f5d-4fdb-ab86-2060f1542002,mi-ha-telefonato-giuseppe-conte,it,Spiritualità,spiritualita,dry,
c45ec1d3-f1d8-405f-8a26-8514c934d276,spazio-alla-creativita,it,Tempo libero,,unknown,Valore non mappato: 'Tempo libero' — aggiungere a categorie.json o assegnare manualmente
fde13cb0-a6e0-4b31-9542-64befbff6006,cronache-da-montemigliore,it,Fede e Luce,fede-e-luce,dry,
8a86b342-5dd6-4f5a-8eb7-e713d7884765,mai-da-soli,it,Cultura,cultura,dry,
7eb44064-aac2-4e29-8017-3b5bebe78016,la-quaresima-con-don-marco-2020-podcast,it,Spiritualità,spiritualita,dry,
0e7188d0-d65a-414d-a391-095e2b0ee5c9,lumanita-delle-persone,it,Cultura,cultura,dry,
8623bfb0-6da7-4718-aeb9-efca56b18a4a,sensuability,it,Cultura,cultura,dry,
274400c6-0275-4145-a438-77a188a8294e,giovedi-gnocchi,it,Famiglia,,unknown,Valore non mappato: 'Famiglia' — aggiungere a categorie.json o assegnare manualmente
5b11d158-9eee-4653-8d00-a532c2d426ee,raccontare-la-malattia-in-presa-diretta,it,Cultura,cultura,dry,
58131682-3e79-4b0b-8a90-c1157ad4ab43,festival-diritti-umani,it,Famiglia,,unknown,Valore non mappato: 'Famiglia' — aggiungere a categorie.json o assegnare manualmente
431e4c66-c322-42d6-a667-7a72e6c8b3db,la-freccia-di-viale-marconi,it,Spiritualità,spiritualita,dry,
fd74a522-a3dd-461f-b657-5ae473d43c23,newsletter-15,it,Famiglia,,unknown,Valore non mappato: 'Famiglia' — aggiungere a categorie.json o assegnare manualmente
5beb3014-23be-4711-b8c0-4fac089d1b32,come-sono-cambiato-in-questi-anni,it,Educazione e Formazione,,unknown,Valore non mappato: 'Educazione e Formazione' — aggiungere a categorie.json o assegnare manualmente
3cbd14ee-4d96-46c7-9e71-a513512ce370,mamma-non-siamo-soli,it,Famiglia,,unknown,Valore non mappato: 'Famiglia' — aggiungere a categorie.json o assegnare manualmente
5bb94062-2570-4ebf-8cef-85d6f8477c1d,ma-come-ve-lo-devo-dire-santo-cielo,it,Spiritualità,spiritualita,dry,
4067dc89-6ce7-4fe8-9cc5-f8ed382b7e82,dal-gatto-sulla-cattedra-ai-monti-di-goethe,it,Scuola,,unknown,Valore non mappato: 'Scuola' — aggiungere a categorie.json o assegnare manualmente
b1559bd4-8954-4f33-886e-2e1c07142b4f,il-gatto-sulla-cattedra-newsletter-n-16,it,Fede e Luce,fede-e-luce,dry,
e58b8d94-f75e-4875-8743-49585c00a73e,e-sono-150,it,Fede e Luce,fede-e-luce,dry,
d64daf49-2bd9-4ed6-81f7-dc75a8e05308,una-piccola-malga,it,Famiglia,,unknown,Valore non mappato: 'Famiglia' — aggiungere a categorie.json o assegnare manualmente
9b87b937-77b7-4074-981b-0acefbfc09fe,la-varieta-in-cui-viviamo,it,Cultura,cultura,dry,
4ef48aa3-d717-4b23-9262-74e4e9ebd640,avete-mai-interpretato-la-grotta-di-betlemme,it,Famiglia,,unknown,Valore non mappato: 'Famiglia' — aggiungere a categorie.json o assegnare manualmente
8f4260c8-7194-4bfe-aef9-649156067392,le-eta-della-vita-per-molti-ma-non-per-tutti,it,Famiglia,,unknown,Valore non mappato: 'Famiglia' — aggiungere a categorie.json o assegnare manualmente
c97adf6c-bc9a-4bff-83f4-4041db415bd1,interpreti-di-se-stessi,it,Cultura,cultura,dry,
f14d5bde-f7ce-4f76-a79c-18159caa1c24,uffa,it,Spiritualità,spiritualita,dry,
d4964c67-2ea7-42b6-887d-9dc3459fdcb5,quando-il-cinema-viene-in-soccorso-del-teatro,it,Cultura,cultura,dry,
26706730-5032-4e41-9b5a-c0f1f11dc0e8,lo-scatto-della-pantera,it,Tempo libero,,unknown,Valore non mappato: 'Tempo libero' — aggiungere a categorie.json o assegnare manualmente
76ebf835-3c18-46d5-82cf-5969954a7ddf,il-teatro-e-gioco-e-nel-gioco-non-si-smette-mai-di-crescere,it,Famiglia,,unknown,Valore non mappato: 'Famiglia' — aggiungere a categorie.json o assegnare manualmente
667f350a-ac24-48a8-8f89-40eee7c72bf7,le-eta-della-signorina-uffa-newsletter-n-17,it,Fede e Luce,fede-e-luce,dry,
ee18767e-2dcc-4b1b-90ce-ea6ebc98005c,give-me-liberty,it,Cultura,cultura,dry,
d11751b3-d4ef-4bc9-9aeb-7585a1bdc67c,nasce-insieme-il-bollettino-di-fede-e-luce,it,Fede e Luce,fede-e-luce,dry,
61eaa839-55ac-4a42-8e76-e67b3f4e7979,years-and-years,it,Cultura,cultura,dry,
3676435a-2e40-4267-860a-5b1081c0f5af,quando-ho-recitato-sottovento,it,Cultura,cultura,dry,
be0921c4-6e91-4885-9d7f-352350b404cd,si-continua-a-crescere-insieme-anche-il-bollettino-insieme-c,it,Fede e Luce,fede-e-luce,dry,
7c1ffbdd-7047-4659-9ac4-8b21b7bc5b3f,due-fratelli-e-la-brigata-inglese,it,Cultura,cultura,dry,
61d356ad-5888-4ce3-b426-64330895fc4d,corrispondenze-e-zoomate-dalla-russia,it,Fede e Luce,fede-e-luce,dry,
49c5868d-b109-484c-ac3c-55e02c3247ac,di-pagella-e-mascherina,it,Spiritualità,spiritualita,dry,
345d57e6-ee8b-437e-80fe-19ccd53f18e6,sqizo,it,Cultura,cultura,dry,
fb008577-d937-4661-9fa4-f07111485717,biografilm-festival-2020,it,Cultura,cultura,dry,
da8db409-6e94-4a60-a4f3-cf103b5d5fc2,guarda-ce-sam,it,Cultura,cultura,dry,
289d7da3-3acc-4353-a8a8-e066dab60d6f,mi-importa-solo-come-sei-ora,it,Cultura,cultura,dry,
5d2b046f-050b-48f3-a0e4-59094eec02a7,intervista-ad-andrea-romeo-su-cinema-e-disabilita,it,Cultura,cultura,dry,
3b00922f-3abb-4cbf-98c8-0a6b15bb885b,risposte-concrete-per-bisogni-concreti,it,Fede e Luce,fede-e-luce,dry,
25397d17-d1bb-454e-bae9-9814271f6f49,i-percorsi-piu-invisibili-newsletter-n-18,it,Fede e Luce,fede-e-luce,dry,
4b80fc66-6802-4435-8f17-3b65ac318930,vicini-a-distanza,it,Fede e Luce,fede-e-luce,dry,
d52d9c9e-d11c-436c-8130-5c6574868ce8,tempo-di-imparare-valeria-parrella-recensione-libro,it,Cultura,cultura,dry,
8497f625-bea8-4e11-b480-45613078b9dc,la-differenza-tra-shakespeare-e-insinna,it,Cultura,cultura,dry,
ed08a35b-280a-406a-9f99-6e6446fefac3,i-bambini-sono-speranza,it,Educazione e Formazione,,unknown,Valore non mappato: 'Educazione e Formazione' — aggiungere a categorie.json o assegnare manualmente
3cabe1a9-ef53-4dc8-a32f-6cebef4fd0ff,diversi,it,Cultura,cultura,dry,
f87db6fe-7d0b-4d7c-bff6-4d517fb07e72,dai-ragazzi-del-muretto-a-quelli-dellaperitivo,it,Tempo libero,,unknown,Valore non mappato: 'Tempo libero' — aggiungere a categorie.json o assegnare manualmente
ce6c11e9-086b-48bd-bf3a-4c10da90fedc,forse-una-ragione-ce,it,Famiglia,,unknown,Valore non mappato: 'Famiglia' — aggiungere a categorie.json o assegnare manualmente
c1f583cc-1401-4b58-babe-734f323624d7,che-significa-essere-fedeli-alleredita-che-si-e-ricevuta,it,Personaggi che ispirano,,unknown,Valore non mappato: 'Personaggi che ispirano' — aggiungere a categorie.json o assegnare manualmente
3042c357-18cc-4382-a972-0a0cfb2a8520,il-dono-oscuro,it,Cultura,cultura,dry,
67423c92-97c6-4869-b744-7a3a1dc27078,parlare-di-jean-vanier-in-comunita,it,Personaggi che ispirano,,unknown,Valore non mappato: 'Personaggi che ispirano' — aggiungere a categorie.json o assegnare manualmente
127b5a99-b977-47b7-a557-900268a4f93f,davanti-a-due-tsunami-newsletter-n-19,it,Fede e Luce,fede-e-luce,dry,
a016426b-af2d-4757-bb46-b5ad8085a6d0,in-auto-io-papa-e-umberto-tozzi,it,Spiritualità,spiritualita,dry,
d1346cdc-4951-48de-b350-2a0311c8e178,come-e-nato-insieme-il-bollettino-di-fede-e-luce,it,Fede e Luce,fede-e-luce,dry,
9ce6eaab-f075-4f0a-a1c7-e5a09d957d92,quando-a-vincere-e-il-razzismo,it,Cultura,cultura,dry,
2372a1bb-4f44-49fb-9447-7a61fbc874dc,testimonianza-di-un-risveglio,it,Fede e Luce,fede-e-luce,dry,
fc97805c-9d92-4d04-8345-862724c3500b,un-tempo-per-parlare-e-un-tempo-per-tacere,it,Fede e Luce,fede-e-luce,dry,
63ee11f8-ce73-4da0-a7fc-416c2bf09798,la-potenza-delle-parole,it,Cultura,cultura,dry,
22bb9753-7125-4ac9-bb35-4a72f86cec3b,storia-di-un-traghettatore,it,Progetti,,unknown,Valore non mappato: 'Progetti' — aggiungere a categorie.json o assegnare manualmente
88d89d52-e65c-40b6-856a-548d444bae25,dalla-mattina-a-dopo-mezzanotte-fonda,it,Spiritualità,spiritualita,dry,
6a85a5b7-8149-4628-a12a-f77b604382b0,due-passi-avanti-e-uno-indietro-newsletter-n-20,it,Fede e Luce,fede-e-luce,dry,
3665dc26-5d43-47f5-b695-038fe2380aba,la-rigorista-del-tirreno,it,Spiritualità,spiritualita,dry,
87dc18a1-824b-46c3-b58d-0ff427701aab,di-chi-ci-si-innamora,it,Cultura,cultura,dry,
f0856f08-59bb-40f7-aa00-06b809ef23d3,lestate-insieme-newsletter-estiva-n-21,it,Fede e Luce,fede-e-luce,dry,
7f1d8389-6fe7-4fc4-b454-2a90c7267a6d,nutrire-talenti,it,Cultura,cultura,dry,
f1257256-2131-4fdd-869b-814d347c0e23,dialogo-aperto-n-151,it,Fede e Luce,fede-e-luce,dry,
554309fc-8834-49ac-be91-d2cec49f0cd8,vita-delle-province-n-151,it,Fede e Luce,fede-e-luce,dry,
25faf32f-3ed4-4285-9dde-02eb2a13e858,il-linguaggio-dellarte,it,Cultura,cultura,dry,
a1ebf771-ce56-4da8-94d8-640b2081fede,buongustaio-dellarte,it,Cultura,cultura,dry,
f7db8010-a37c-464e-a59f-dada9caff141,vagabonde-sui-treni-damerica,it,Cultura,cultura,dry,
64035ee6-dc18-46e3-aad6-056b76079d0f,diario-di-bordo,it,Fede e Luce,fede-e-luce,dry,
9e169138-5042-40bd-be19-13ea1516d431,carmela-e-quattordici-murali-per-cambiare-il-mondo,it,Cultura,cultura,dry,
fd3603e9-a9ac-49c3-ac41-a90cc2e1635f,molto-volentieri-pero-ogni-tanto,it,Spiritualità,spiritualita,dry,
89779148-a840-4894-9b34-7a0b703c8191,le-nostre-gambe-newsletter-estiva-n-22,it,Fede e Luce,fede-e-luce,dry,
7e0f3b1f-64fe-4b6b-b631-4c74d8a2575f,metti-da-parte-la-fretta,it,Fede e Luce,fede-e-luce,dry,
a9d95eee-2b96-4282-9434-c940a6f04aa1,natura-e-musica,it,Spiritualità,spiritualita,dry,
9b69135f-f1fe-461b-a39e-006d884bf150,estemporanea-e-personale,it,Cultura,cultura,dry,
fad4fa17-256a-4dca-a1f5-cf3edc4dbc39,brancolando-nella-solitudine,it,Cultura,cultura,dry,
b3ace884-a773-4833-99d7-2deee658e4f5,come-spezzare-il-circolo,it,Cultura,cultura,dry,
5f72a37f-7467-43c3-8b75-7a2345edf7b2,diario-di-una-scuola-media-della-zisa,it,Cultura,cultura,dry,
7ea440df-3442-4857-acad-df8b8982015f,la-mia-amica-suor-marie-theo-di-dio,it,Spiritualità,spiritualita,dry,
a4341fdf-0913-40a6-a5d9-773539da4104,tutti-a-scuola-newsletter-estiva-n-23,it,Scuola,,unknown,Valore non mappato: 'Scuola' — aggiungere a categorie.json o assegnare manualmente
675f09af-48f8-4909-abb9-0b65333f62e8,malintesi,it,Cultura,cultura,dry,
7d699d71-bd98-4da1-8001-6fb2436397d8,intervista-sante-bandirali-uovonero,it,Cultura,cultura,dry,
c7788573-724b-4c55-9425-75436255fbf5,museo-per-tutti,it,Progetti,,unknown,Valore non mappato: 'Progetti' — aggiungere a categorie.json o assegnare manualmente
ecfc0de4-7208-4bfc-921c-60f5585bcb1f,museum-for-all,en,Cultura,cultura,dry,
0f5b2ec5-2695-49ac-9c12-ce88e142e6ad,noi-non-io,it,Fede e Luce,fede-e-luce,dry,
bcedc6a3-1d12-43f1-ab8e-c2e528bba2cf,un-giornalino-una-donna-un-convento,it,Fede e Luce,fede-e-luce,dry,
d8333faf-6a74-4deb-85c5-af04547e2cd6,caro-presidente-sergio-mattarella,it,Cultura,cultura,dry,
5ddef829-95d1-440c-8486-2205fde9fa0f,e-iniziata-super-bene,it,Spiritualità,spiritualita,dry,
204b42a4-53db-488f-9023-9a84db4511ce,sembra-ieri-newsletter-estiva-n-24,it,Fede e Luce,fede-e-luce,dry,
fa1cbe06-707e-4f90-b613-e2a84d1c59e2,il-cuore-e-una-selva-recensione,it,Cultura,cultura,dry,
1c5e6faa-c7e1-430d-8ada-dcd087c1967d,accarezzando-insieme-lerba,it,Cultura,cultura,dry,
47824686-0d8a-4b10-867a-702801672134,luovo-nero-recensione,it,Cultura,cultura,dry,
431b0e6b-8df3-42c9-a5e1-74a9d786d82c,il-chiosco-recensione,it,Cultura,cultura,dry,
79af6b1e-36af-4cbf-a78f-15af03c8260e,unesperienza-personale-recensione,it,Cultura,cultura,dry,
b251f14b-e712-475a-8730-bd7fb2c2dfce,ferma-lo-sguardo,it,Cultura,cultura,dry,
ebf11660-279f-41b1-a5ab-96ecb07db428,recensione-final-account,it,Cultura,cultura,dry,
f4d2348c-0872-451b-9e6e-b989f9135a36,recensione-oaza,it,Cultura,cultura,dry,
45687096-cc1f-4a6e-93b3-29429d809724,recensione-the-best-is-yet-to-come,it,Cultura,cultura,dry,
ca390030-1a46-4dd3-a260-0cedff76a987,laltra-venezia,it,Cultura,cultura,dry,
208d04e3-4fcb-455a-b398-ce988ef4af11,io-lho-deciso-io-me-stessa,it,Spiritualità,spiritualita,dry,
efbb4c2b-2dc1-4235-abd2-2863ac4966b3,monza-primo-supermercato-autismo,it,Progetti,,unknown,Valore non mappato: 'Progetti' — aggiungere a categorie.json o assegnare manualmente
11075d8d-2306-4dfb-af5a-aff95cad3017,abbandonati-su-strade-solitarie,it,Cultura,cultura,dry,
ceba3702-da31-4219-a77e-f15ea925448b,viaggio-in-italia-newsletter-n-25,it,Famiglia,,unknown,Valore non mappato: 'Famiglia' — aggiungere a categorie.json o assegnare manualmente
c0a8d7ff-8f59-47d3-b137-89958307c495,recensione-listen,it,Cultura,cultura,dry,
cc9b2374-322b-4b13-bace-253706d6d04a,recensione-the-man-who-sold-his-skin,it,Cultura,cultura,dry,
78977391-49ff-4e02-ab00-faf329277e57,recensione-quo-vadis-aida,it,Cultura,cultura,dry,
f549a5a5-8f5e-434c-a42e-2b0f3f13a89b,recensione-khorshid,it,Cultura,cultura,dry,
8bf22541-a7ac-4285-b1e9-95f9137988d4,recensione-topside,it,Cultura,cultura,dry,
29513721-8c02-491d-8b73-be6c648f4df7,ol-incontra-jorit,it,Spiritualità,spiritualita,dry,
c1049bcc-0527-4f92-a10b-14d740d80b9a,quel-che-a-volte-serve-per-farsi-capire,it,Spiritualità,spiritualita,dry,
cacd5075-9205-483e-974b-c0c958a6563e,io-e-francesca,it,Scuola,,unknown,Valore non mappato: 'Scuola' — aggiungere a categorie.json o assegnare manualmente
91425b78-d042-4b9f-9a7e-dfaf929769c6,recensione-il-coraggio-di-essere-uguali,it,Cultura,cultura,dry,
89c8d840-8349-43ee-b8ee-49d9cb09089d,vangelo-immaginazione-e-intelligenza,it,Famiglia,,unknown,Valore non mappato: 'Famiglia' — aggiungere a categorie.json o assegnare manualmente
08508620-af4d-4ca1-a72c-57e83f294133,domande-che-assillano-newsletter-26,it,Fede e Luce,fede-e-luce,dry,
769ab90d-c53f-4d49-91b4-00cc2ba494d9,vita-delle-province-n-152,it,Fede e Luce,fede-e-luce,dry,
9e0d7834-62ba-4a3c-bc6c-d0048833d042,quando-sono-diventata-dottore-di-ricerca,it,Famiglia,,unknown,Valore non mappato: 'Famiglia' — aggiungere a categorie.json o assegnare manualmente
3d96eace-de62-4658-8fcd-0f4cd5f24c43,in-ricordo-di-aldo,it,Fede e Luce,fede-e-luce,dry,
f961fe45-d25e-41fe-94f5-c1e258bcd4bd,ogni-tanto-salvo-senno-finisce-male,en,Fede e Luce,fede-e-luce,dry,
7ac03064-3ac9-42c0-bc74-f632c9028a69,quel-pezzo-di-storia-che-non-puo-mancare,it,Cultura,cultura,dry,
ca68f72a-70b2-4356-b46a-9d05a3c2151b,ce-un-problema-e-lo-affrontiamo,it,Famiglia,,unknown,Valore non mappato: 'Famiglia' — aggiungere a categorie.json o assegnare manualmente
5edaa6f3-5179-4772-b758-31b5bb4bd867,senza-alveare-a-natale,en,Progetti,,unknown,Valore non mappato: 'Progetti' — aggiungere a categorie.json o assegnare manualmente
ace2f282-0cce-4061-a011-7a9b5967d88d,e-il-diritto-allo-studio,it,Scuola,,unknown,Valore non mappato: 'Scuola' — aggiungere a categorie.json o assegnare manualmente
971222a0-9517-4b78-be64-6e3de2f3f74b,e-poi-arriva-il-natale-newsletter-n-27,it,Famiglia,,unknown,Valore non mappato: 'Famiglia' — aggiungere a categorie.json o assegnare manualmente
43b2a79b-02ac-4ae2-9596-deb74fc20722,un-dialogo-aperto-molto-speciale,it,Cultura,cultura,dry,
76a625e5-9627-4c67-871b-545f7700be6f,dialogo-aperto-n-153,it,Fede e Luce,fede-e-luce,dry,
cf1f763d-ea1c-48fc-90be-1281effb5653,ol-incontra-luigi-derrico,it,Famiglia,,unknown,Valore non mappato: 'Famiglia' — aggiungere a categorie.json o assegnare manualmente
308e5af7-2fb4-4102-8e73-a602816c54f7,io-sono-in-sciopero-e-non-da-sola,it,Spiritualità,spiritualita,dry,
4804df4a-a2e0-4670-a915-8453d5ca3523,una-missione-fino-in-fondo,it,Spiritualità,spiritualita,dry,
c7157ab4-449c-4cdd-8bd0-938f4b899b94,ricordo-daniele-corrias,it,Famiglia,,unknown,Valore non mappato: 'Famiglia' — aggiungere a categorie.json o assegnare manualmente
56cc40fb-8410-4252-9441-ebd587d4172d,il-disagio-mentale-nelle-carceri-italiane,it,Cultura,cultura,dry,
d3ce1f49-1c9d-4906-ad00-ae8f92054a74,lettera-a-gennarino,it,Famiglia,,unknown,Valore non mappato: 'Famiglia' — aggiungere a categorie.json o assegnare manualmente
11dd3ca3-17e9-4af1-b94f-7d0b9c839d92,essere-comunita-newsletter-n-28,it,Fede e Luce,fede-e-luce,dry,
f9ff7767-5e87-4355-a17a-86e66d809cfc,il-crimine-di-eva,it,Famiglia,,unknown,Valore non mappato: 'Famiglia' — aggiungere a categorie.json o assegnare manualmente
3d8f26df-4008-44d0-a697-a9e921410a38,biglietti-e-disegni,it,Cultura,cultura,dry,
182467d9-b188-454c-8766-c61db77e247b,periodo-pesante-su-spalle-e-cuore,it,Fede e Luce,fede-e-luce,dry,
448a4aa3-c90a-4ce4-9eec-44a9699185bb,intervista-giampiero-griffo,it,Progetti,,unknown,Valore non mappato: 'Progetti' — aggiungere a categorie.json o assegnare manualmente
6d689e04-1ed6-4df5-88ec-bed9b2823df5,guida-per-le-comunita,it,Fede e Luce,fede-e-luce,dry,
f254f20b-3f1f-4244-a29a-d16c89eecfe6,cosa-si-potrebbe-imparare-dai-banchi-monoposto,it,Scuola,,unknown,Valore non mappato: 'Scuola' — aggiungere a categorie.json o assegnare manualmente
c67af210-e7df-4c5d-af79-f4b3d8d7f55f,cosa-ce-oltre-la-scuola,it,Tempo libero,,unknown,Valore non mappato: 'Tempo libero' — aggiungere a categorie.json o assegnare manualmente
057ba2cf-96d3-46e2-8786-0e4a2ca368f1,recensione-i-disegni-segreti,it,Cultura,cultura,dry,
a92071bc-b13e-4cf8-96dc-91a78395cccb,recensione-mia-sorella-mi-rompe-le-balle-tercon,it,Cultura,cultura,dry,
5f435b1c-ab2b-4265-86ca-fb45588d2c55,ibrahimui-sulle-spalle-di-justo,it,Progetti,,unknown,Valore non mappato: 'Progetti' — aggiungere a categorie.json o assegnare manualmente
ded44df2-0acc-4582-a91f-618eb49e092b,che-strano-uovo,it,Cultura,cultura,dry,
6288ec1a-659d-4285-8e7b-0609fc3298b2,benedetta-il-mio-curriculum,it,Spiritualità,spiritualita,dry,
e3a58e44-c141-43ed-a28d-bb5058d2525c,decreto-182-2020-no-esonero-disabilita,it,Scuola,,unknown,Valore non mappato: 'Scuola' — aggiungere a categorie.json o assegnare manualmente
4a50b182-ccea-451b-b09b-a75c830140f7,una-scuola-di-tutti-newsletter-n-29,it,Famiglia,,unknown,Valore non mappato: 'Famiglia' — aggiungere a categorie.json o assegnare manualmente
7030a7f1-ab51-4d4d-90c6-6d150f0068b8,gia-nostro-figlio,it,Famiglia,,unknown,Valore non mappato: 'Famiglia' — aggiungere a categorie.json o assegnare manualmente
b94d0d60-ffee-40e6-bc90-a3ab61ec221a,il-diritto-di-chi,it,Progetti,,unknown,Valore non mappato: 'Progetti' — aggiungere a categorie.json o assegnare manualmente
35e8de02-77da-418f-bf3e-5bcc7fd8d4ba,luca-adotta-alba,it,Famiglia,,unknown,Valore non mappato: 'Famiglia' — aggiungere a categorie.json o assegnare manualmente
3f7eaabf-d200-48a3-b11f-b32322b1ef75,37-seconds-recensione,it,Cultura,cultura,dry,
b7cd9e3a-6c70-47ff-85b9-cb01e2aa6e54,io-non-lo-so-cosa-mi-aspetto-dal-futuro,it,Educazione e Formazione,,unknown,Valore non mappato: 'Educazione e Formazione' — aggiungere a categorie.json o assegnare manualmente
51152451-7f20-4a36-ad66-aaad3dd21bca,grazie-papa-don-carlo-recensione,it,Cultura,cultura,dry,
9136175b-7c39-4897-8944-984fefc22a7a,viaggio-italia-recensione,it,Cultura,cultura,dry,
6cde231d-79be-46c2-9483-e36366c218b1,ho-votato,it,Cultura,cultura,dry,
9350dfb2-5990-493a-b39c-12a18047c0e7,fare-rete-con-la-rete,it,Fede e Luce,fede-e-luce,dry,
ed65bf93-f805-4bee-8124-453969c8282e,gianciotto-malatesta-e-i-conti-che-tornano,it,Spiritualità,spiritualita,dry,
3a78f241-6eb9-4df1-a719-8c116b15fd13,i-dimenticati-recensione,it,Cultura,cultura,dry,
c4e1daf7-0f03-4926-b1ec-99e17458b05a,dopo-la-passione-ce-sempre-la-resurrezione,it,Famiglia,,unknown,Valore non mappato: 'Famiglia' — aggiungere a categorie.json o assegnare manualmente
df42f3c4-f096-4981-9115-fd3928bc33c9,newsletter-n-30-assieme,it,Fede e Luce,fede-e-luce,dry,
889eb739-5531-4f78-8f6a-adaa4f1034dd,tutta-unaltra-storia,it,Famiglia,,unknown,Valore non mappato: 'Famiglia' — aggiungere a categorie.json o assegnare manualmente
4d265482-5b12-4bc0-a74b-820cfb076cc1,the-crown-cugine-autismo,it,Cultura,cultura,dry,
b2859105-cc81-412d-9e52-a1a55fcb214d,imparare-a-cadere-recensione,it,Cultura,cultura,dry,
3563450c-df72-4ea2-b803-4a97c27adf42,una-piccola-matita-nelle-sue-mani,it,Fede e Luce,fede-e-luce,dry,
cecd9d23-1bed-44cd-8d33-1e1f84c62b49,il-mostro-che-ha-mangiato-gerardo,it,Famiglia,,unknown,Valore non mappato: 'Famiglia' — aggiungere a categorie.json o assegnare manualmente
dc9eab8e-68b2-4ff0-99ac-f77a5c2b18c5,music-sia-recensione,it,Cultura,cultura,dry,
81d48e8d-0c86-40e1-8b31-ad76b6d8dbe7,no-gac-ma-sac,it,Fede e Luce,fede-e-luce,dry,
7cf608be-99bb-42c6-9063-9374cf59436b,e-bello-avere-un-posto-dove-lavorare,it,Famiglia,,unknown,Valore non mappato: 'Famiglia' — aggiungere a categorie.json o assegnare manualmente
6d34ea66-49e4-45ea-a199-59deab3db2c6,tutto-quello-che-hanno-detto-di-preciso,it,Spiritualità,spiritualita,dry,
c1a90d38-5cee-4771-86ee-b98c6fe77b68,a-4300-metri-di-altitudine-newsletter-n-31,it,Famiglia,,unknown,Valore non mappato: 'Famiglia' — aggiungere a categorie.json o assegnare manualmente
a7f078be-ec63-45fd-901c-21b8a4c3fc0f,per-una-storia-della-disabilita,it,Cultura,cultura,dry,
ca05501c-f75d-42cc-8a17-a1499a722e9c,eredita-dei-vivi-recensione,it,Cultura,cultura,dry,
3259a211-088b-4543-8446-0a025329681c,marco-cavallo,it,Cultura,cultura,dry,
595e7df4-7782-4494-a65c-5a9d9024639c,marie-la-strabica-recensione,it,Cultura,cultura,dry,
7fbc1823-545e-409e-9ccd-bbd083c956d2,la-risposta-di-gesu,it,Famiglia,,unknown,Valore non mappato: 'Famiglia' — aggiungere a categorie.json o assegnare manualmente
38c39d38-7ff8-441f-8e76-86cea1a88afb,nella-casa-di-dario,it,Fede e Luce,fede-e-luce,dry,
ca712a89-9bc4-4b5b-ab69-b4b03384e685,dove-crescono-i-cocomeri-recensione,it,Cultura,cultura,dry,
6587a7cb-0f32-4b7a-bf6d-4e3735d73e53,campidoglio-approvata-mozione-coccia,it,Progetti,,unknown,Valore non mappato: 'Progetti' — aggiungere a categorie.json o assegnare manualmente
1cf94acd-0e13-4238-b051-14bffaf6f684,the-specials-recensione-tersigni,it,Cultura,cultura,dry,
0de1464f-0fa3-4575-8166-3080a1aacbd3,cattedrale-raymond-carver-recensione,it,Cultura,cultura,dry,
69bce178-4c81-434c-8b07-1d3b83d2de7e,vi-porto-a-conoscere-roma,it,Spiritualità,spiritualita,dry,
cf13969e-00cf-4b75-b886-5887e636867b,the-specials-fuori-dal-comune-recensione-cinus,it,Cultura,cultura,dry,
0702e47c-7c4c-497a-a028-42295e05c287,maneggiare-con-cura-di-marco-bove-recensione,it,Cultura,cultura,dry,
6d15fc89-f319-4614-9948-7e8b96d6941c,sboccia-la-primavera,it,Tempo libero,,unknown,Valore non mappato: 'Tempo libero' — aggiungere a categorie.json o assegnare manualmente
eff75550-bf8d-4be0-a0c7-d516637d53c5,quel-che-ti-scava-dentro-newsletter-n-32,it,Famiglia,,unknown,Valore non mappato: 'Famiglia' — aggiungere a categorie.json o assegnare manualmente
cecb3b3a-c797-4632-b8fd-fd8ad1acad3e,bella-ma-inutile-cronache-da-trigoria,it,Famiglia,,unknown,Valore non mappato: 'Famiglia' — aggiungere a categorie.json o assegnare manualmente
84007723-f92c-4e72-b258-fbde4ccf9e67,la-bellezza-nella-mente-recensione,it,Cultura,cultura,dry,
1ac02678-675d-4c39-b086-842812898095,una-foto-da-hong-kong,it,Spiritualità,spiritualita,dry,
08bdcb6b-50e8-4b94-af41-c335052cee54,agendo-per-lagenda-si-apre-alla-societa-civile,it,Progetti,,unknown,Valore non mappato: 'Progetti' — aggiungere a categorie.json o assegnare manualmente
cdd3837d-f396-45e8-a8fc-c0f89fd817de,la-pizza-di-fine-anno,it,Spiritualità,spiritualita,dry,
af92c42d-0bcf-4681-b4b3-ea7e70a8d2f1,viaggi-e-visioni-newsletter-n-33,it,Famiglia,,unknown,Valore non mappato: 'Famiglia' — aggiungere a categorie.json o assegnare manualmente
16a88cb9-6459-44df-b928-cdb6848306ec,mio-figlio-che-non-voleva-vedermi-piangere,it,Famiglia,,unknown,Valore non mappato: 'Famiglia' — aggiungere a categorie.json o assegnare manualmente
fd7d4689-dd02-492f-bc09-000db144f759,tornando-a-casa,it,Famiglia,,unknown,Valore non mappato: 'Famiglia' — aggiungere a categorie.json o assegnare manualmente
bdf5eb58-5117-4ef6-8875-d64e160d9fa2,from-that-closet,en,Spiritualità,spiritualita,dry,
8def42d4-4702-492e-a031-e3cac710eb16,sono-tornata-al-mare,it,Spiritualità,spiritualita,dry,
5d48be5a-333d-49f2-be99-fc5665218518,io-credo-in-te-di-luca-badetti-recensione,it,Cultura,cultura,dry,
8bd7497b-ffed-4f88-af16-15f311cbd085,atypical-stagione-4,it,Cultura,cultura,dry,
3dcefe61-f53e-4eab-96d8-b0914941afec,atipici-newsletter-n-34,it,Famiglia,,unknown,Valore non mappato: 'Famiglia' — aggiungere a categorie.json o assegnare manualmente
1a9efc85-58f9-4303-96c2-8334a2ec0aad,nove-punti,it,Famiglia,,unknown,Valore non mappato: 'Famiglia' — aggiungere a categorie.json o assegnare manualmente
b84a287e-1a30-4bea-b5a6-70cdaad9608d,e-poi-saremo-salvi-recensione,it,Cultura,cultura,dry,
41d07af8-2fed-4003-8b4f-ce439c6e0784,una-specie-di-scintilla-recensione,it,Cultura,cultura,dry,
f286416e-e4e9-4e39-8169-8549bb429f90,inneschiamo-la-valanga,it,Famiglia,,unknown,Valore non mappato: 'Famiglia' — aggiungere a categorie.json o assegnare manualmente
a0e7d16e-aa1a-4fe3-bec5-ec170156eaa5,beyond-labels-what-lies-beneath-adjectives,en,Famiglia,,unknown,Valore non mappato: 'Famiglia' — aggiungere a categorie.json o assegnare manualmente
c9d9bede-6717-407f-ae01-855769f0830a,stasera-milonga,it,Progetti,,unknown,Valore non mappato: 'Progetti' — aggiungere a categorie.json o assegnare manualmente
6db93fd0-afed-4444-bed8-2b5abc40d26d,cosa-ce-sotto-gli-aggettivi,it,Famiglia,,unknown,Valore non mappato: 'Famiglia' — aggiungere a categorie.json o assegnare manualmente
574a6fc5-0334-4a85-af97-f5bc5fd0b6ba,con-gli-occhi-di-corrado,it,Cultura,cultura,dry,
07e6119a-f46f-4f27-b9cd-1492f57f16d9,chi-mettere-al-centro-dellobiettivo,it,Cultura,cultura,dry,
f80b52a9-e576-442b-9b31-16a5841bf724,eliminarli-dalla-nostra-vista,it,Salute,,unknown,Valore non mappato: 'Salute' — aggiungere a categorie.json o assegnare manualmente
741d6a17-7d30-4b1f-9d55-4afa209f5baa,padel-una-parola-che-non-si-capisce,it,Cultura,cultura,dry,
b0c2a1b4-7595-40b3-9e93-f6355faf72d7,zero-to-hero-la-storia-di-so-wa-wai,it,Cultura,cultura,dry,
3949a716-1c52-48c5-96a3-53f95b6a403e,il-mio-amico-gimbo-ha-vinto-le-olimpiadi,it,Spiritualità,spiritualita,dry,
f3788d9c-67e7-4430-87ff-eb10e8e41dfb,piccole-cronache-dalla-lunigiana,it,Fede e Luce,fede-e-luce,dry,
9307c42b-946d-42c9-a239-b39160e7f0a6,e-adesso-viene-il-bello-newsletter-estiva-n-35,it,Cultura,cultura,dry,
7dd722c9-b926-4853-bd06-020c827ad458,e-questo-e-niente-recensione,it,Cultura,cultura,dry,
9fbc2a18-1c32-4770-bb6b-aa15de57973c,un-fiume-lungo-quanto-il-mediterraneo,it,Fede e Luce,fede-e-luce,dry,
b9901573-827a-4790-918b-20835c2abf48,dialogo-aperto-n-155,it,Cultura,cultura,dry,
9ba43fb8-3254-4848-a1d0-c8736ac65cc5,perche-il-mare-non-e-sempre-lo-stesso,it,Spiritualità,spiritualita,dry,
83db7f93-b5d5-4323-ac47-3ef32d30cfa7,frammenti-di-solitudine-recensione,it,Cultura,cultura,dry,
6d9d598c-c3a5-407e-87a0-49a6fef7c4e1,visita-a-roccamonfina,it,Fede e Luce,fede-e-luce,dry,
433c8cb1-f588-421f-90d7-a985542ae97d,dialogo-aperto-n-154,it,Fede e Luce,fede-e-luce,dry,
000c0b5f-86b8-4d9c-acdd-9d82b9311dd7,pablo-che-vede-il-mondo-a-modo-suo,it,Cultura,cultura,dry,
7c74dfed-2074-4114-8ffb-655196aa4884,pablo-che-vede-il-mondo-a-modo-suo-en,en,,,skip_null,
a86183af-b927-4e21-ac5a-1babc84acf62,quante-cose-possono-nascere-intorno-a-un-libro,it,Progetti,,unknown,Valore non mappato: 'Progetti' — aggiungere a categorie.json o assegnare manualmente
f80331e0-e23a-4c2a-a0b6-5da321fe7ef4,far-vivere-il-luogo-e-le-persone-di-cui-si-e-custodi,it,Progetti,,unknown,Valore non mappato: 'Progetti' — aggiungere a categorie.json o assegnare manualmente
fd76c13e-e3dc-4e34-bcf8-545e32c39244,incapace-di-reinventarsi,it,Cultura,cultura,dry,
93516f5d-fd6f-4296-931a-3d862c78fe50,quello-che-non-uccide-recensione,it,Cultura,cultura,dry,
c1c4a188-8f4f-4c40-8960-50adfd22367f,cronache-da-venezia-78,it,Cultura,cultura,dry,
48c45251-6238-46ac-a0ce-d76ea4c87bbc,il-cieco-che-non-voleva-vedere-titanic,it,Cultura,cultura,dry,
67be183e-2e78-4640-b3cb-3b3932eecabd,e-iniziata-la-scuola-ma-la-situazione-non-e-chiara,it,Spiritualità,spiritualita,dry,
866ff982-7627-47b9-a0df-4d42178c2618,la-violenza-del-mio-amore-di-dario-levantino-recensione,it,Cultura,cultura,dry,
39adcb3d-310c-4fe1-9503-7b520e7d4974,il-magazine-di-chi-scrive-con-gli-occhi,it,Famiglia,,unknown,Valore non mappato: 'Famiglia' — aggiungere a categorie.json o assegnare manualmente
a5b91626-9ebe-42a5-b4b2-2485325ad355,mi-sento-grande,it,Lavoro,,unknown,Valore non mappato: 'Lavoro' — aggiungere a categorie.json o assegnare manualmente
52e0b853-2a87-46c6-9b09-576929358160,dietro-le-quinte-di-unassunzione,it,Lavoro,,unknown,Valore non mappato: 'Lavoro' — aggiungere a categorie.json o assegnare manualmente
b255cdc1-f2bd-4551-9a09-338523066ec8,sogni-per-niente-speciali,it,Lavoro,,unknown,Valore non mappato: 'Lavoro' — aggiungere a categorie.json o assegnare manualmente
a362b10c-7afb-45ef-8b31-b451aa35bfad,sentire-la-fine-del-mondo,it,Cultura,cultura,dry,
7c5e89a5-d79b-4151-a09d-b7cfbf03418a,il-caso-potenzoni-di-federica-sciarelli-recensione,it,Cultura,cultura,dry,
0af864df-47c8-416e-81bb-3d5e21b0aeda,la-mela-e-solo-rimandata,it,Sport,,unknown,Valore non mappato: 'Sport' — aggiungere a categorie.json o assegnare manualmente
4e4eaff4-b9a0-4998-aa65-030e5933ee7f,quarantadue-chilometri-tra-bellizzi-e-new-york,it,Sport,,unknown,Valore non mappato: 'Sport' — aggiungere a categorie.json o assegnare manualmente
e2b8f0b9-df4e-4ee4-b9d7-f913afc24832,pubblico-libri-e-voglio-che-tutti-possano-leggere,it,Progetti,,unknown,Valore non mappato: 'Progetti' — aggiungere a categorie.json o assegnare manualmente
1ceb6a33-9ae5-4510-8f47-6c1ccb900498,mi-volevo-fermare-ma-non-ho-potuto,it,Famiglia,,unknown,Valore non mappato: 'Famiglia' — aggiungere a categorie.json o assegnare manualmente
02b6d565-e218-4374-a508-c0091b091d98,quel-regalo-immenso-chiamato-vaccino,it,Famiglia,,unknown,Valore non mappato: 'Famiglia' — aggiungere a categorie.json o assegnare manualmente
61169509-6894-4d66-8d90-02352b80a5ca,i-ragazzi-della-via-pascoli-recensione,it,Cultura,cultura,dry,
e246d2ad-1382-45c6-835b-47fd1ec9ff45,diario-di-efrem-lavoratore,it,Fede e Luce,fede-e-luce,dry,
8a5e9701-fb10-43ec-aab0-141c57d4806c,ragazza-aspy-di-agnese-spotorno-recensione,it,Cultura,cultura,dry,
464effad-cbe0-457b-ba0d-7d625b1404fc,quel-che-si-guarda-ma-non-si-vede,it,Cultura,cultura,dry,
61ce029d-e2c6-45f7-b9b2-7b1ab5ce6139,intervista-a-matteo-mazzarotto-e-ivana-perri,it,Famiglia,,unknown,Valore non mappato: 'Famiglia' — aggiungere a categorie.json o assegnare manualmente
5a12249a-e735-44ee-ba60-06a6249b43a9,le-ho-cantate-tuttissime,it,Spiritualità,spiritualita,dry,
4dc9f072-c5c3-458e-a48e-9095c1de7f5a,philippine,it,Famiglia,,unknown,Valore non mappato: 'Famiglia' — aggiungere a categorie.json o assegnare manualmente
318e1df8-ddf2-45a1-902e-8c6f1167208d,ndoto-ya-samira-il-sogno-di-samira-recensione-en,en,,,skip_null,
001b7b7e-7055-4dc4-a8c6-7b5f18139e4e,ndoto-ya-samira-il-sogno-di-samira-recensione,it,Cultura,cultura,dry,
991c2350-b911-4e41-92c5-efb21309189c,di-compleanni-e-di-greenpass,it,Spiritualità,spiritualita,dry,
ddc7e862-ab99-42b3-99ec-7d9306a68c5b,io-sono-chiesa,it,Spiritualità,spiritualita,dry,
535a1f48-c1b4-4a6f-bdc8-69c8becda9b4,cinema-disabilita-torino-film-festival-babel-film-festival-d,it,Cultura,cultura,dry,
d2456d26-3d54-4b9a-ae44-f53c967e0440,coda-recensione,it,Cultura,cultura,dry,
e7543718-e44e-4229-9d56-a1007fcdc9a9,la-scuola-in-cui-nessuno-e-diverso,it,Educazione e Formazione,,unknown,Valore non mappato: 'Educazione e Formazione' — aggiungere a categorie.json o assegnare manualmente
c7712c34-dfed-4353-ac6e-2d129cf87a5f,di-feste-amiche-e-papa-che-si-arrabbiano,it,Spiritualità,spiritualita,dry,
eebd99f7-5ccb-494c-9608-bc548e5421d9,carissimo-roberto,it,Famiglia,,unknown,Valore non mappato: 'Famiglia' — aggiungere a categorie.json o assegnare manualmente
e6c1b3f0-5fb0-4f8a-931b-0179b98a7ef3,imparare-a-sentire-ascoltando-il-mare,it,Famiglia,,unknown,Valore non mappato: 'Famiglia' — aggiungere a categorie.json o assegnare manualmente
2d01f5ce-7db8-4bfc-8edf-24e443e2bf15,farsi-prossimo-recensione,it,Cultura,cultura,dry,
f1e2dbf8-816c-4176-93c5-6fbaba115696,assegno-unico-e-universale-1-marzo-2022,it,Progetti,,unknown,Valore non mappato: 'Progetti' — aggiungere a categorie.json o assegnare manualmente
630e3f3c-aa35-4849-abac-6f52338bc9b6,stupiti-e-grati,it,Fede e Luce,fede-e-luce,dry,
ffee08f5-54de-44a2-8df4-93ce0b7c45e7,transforming-lives-a-journey-of-hope-and-healing-in-the-hear,en,Spiritualità,spiritualita,dry,
4e3ac030-3c2b-412c-9c53-f71538c77771,poco-a-sud-dellequatore,it,Progetti,,unknown,Valore non mappato: 'Progetti' — aggiungere a categorie.json o assegnare manualmente
730f1727-9a01-4770-ae10-5648fa0cb43a,le-donne-e-gli-uomini-della-seconda-fila,it,Famiglia,,unknown,Valore non mappato: 'Famiglia' — aggiungere a categorie.json o assegnare manualmente
3ae89194-276d-44c1-b169-3ab7b60371c9,dai-tram-notturni-alle-luci-del-palco,it,Progetti,,unknown,Valore non mappato: 'Progetti' — aggiungere a categorie.json o assegnare manualmente
3a978dc3-32a4-46fc-960b-40ed86d2f4a1,speranza-recensione,it,Cultura,cultura,dry,
e4b2319d-8a62-4929-831b-e1a88cc81f4a,basaglia-il-dottore-dei-matti-recensione,it,Cultura,cultura,dry,
7a929f97-052d-4fb6-be8c-7aff53a73a79,noi-due-siamo-uno-recensione,it,Cultura,cultura,dry,
0b05f890-34d5-413c-a62b-99abdb037558,stavolta-ho-tifato-per-la-primavera-dellempoli,it,Famiglia,,unknown,Valore non mappato: 'Famiglia' — aggiungere a categorie.json o assegnare manualmente
f317e774-2382-4c86-8cb8-7c62a932bc11,dialogo-aperto-n-156,it,Progetti,,unknown,Valore non mappato: 'Progetti' — aggiungere a categorie.json o assegnare manualmente
6a43db31-1e0f-40c2-b7a4-f0362a86adde,mia-figlia-adea-cresima,it,Famiglia,,unknown,Valore non mappato: 'Famiglia' — aggiungere a categorie.json o assegnare manualmente
335418f1-145e-4e77-8f00-12a7cdcd2bd7,sul-cartellino-ce-scritto-benedetta-m,it,Spiritualità,spiritualita,dry,
5bc8139c-3c22-4047-9791-2cd9a6cee825,il-mistero-del-london-eye-recensione,it,Cultura,cultura,dry,
c2130231-ba89-43e1-a156-8f7d6520f0a8,come-non-perdere-cio-che-abbiamo-vissuto,it,Fede e Luce,fede-e-luce,dry,
8da656cf-29c3-4375-8a20-601cc99b2612,jerome-lejeune,it,Salute,,unknown,Valore non mappato: 'Salute' — aggiungere a categorie.json o assegnare manualmente
b16aa2cb-66be-4ea2-b426-f4382ce9f1aa,lettera-colleghi,it,Fede e Luce,fede-e-luce,dry,
0bd2d8a5-49cf-4ab4-9007-60ed62be15f9,mirtilla-e-il-capitano,it,Spiritualità,spiritualita,dry,
ec9f3b4e-b7b8-4b6c-96de-7d763d9af938,comunita-viaggianti,it,Cultura,cultura,dry,
76449755-dff3-4129-b3e4-004784eb90dd,di-gol-e-di-companatico,it,Spiritualità,spiritualita,dry,
b325c26c-7013-4447-8f39-5c48db11bc63,loic-che-oggi-continua-a-benedirci,it,Fede e Luce,fede-e-luce,dry,
d3375ba5-55d0-4dbc-a5ed-16696918a015,le-caramelle-e-la-forza-di-suor-ida-maria-ferri,it,Fede e Luce,fede-e-luce,dry,
1a9844ba-df65-48be-b95b-92d62c8c01cd,viale-di-valle-aurelia,it,Fede e Luce,fede-e-luce,dry,
e070f419-3e82-437b-a558-46f208d50702,e-nato-qualcosa-che-nessuno-aveva-previsto,it,Fede e Luce,fede-e-luce,dry,
360e8ff1-5d6c-4899-aa94-b0a86ae0a62d,loro-che-sta-per-terra,it,Spiritualità,spiritualita,dry,
93bdd203-ba07-42b0-bfed-0d3c7ff22906,sulla-croce-come-gesu,it,Fede e Luce,fede-e-luce,dry,
cf1a5084-b5fe-45aa-9bff-34e97e20d336,il-male-dellindifferenza,it,Famiglia,,unknown,Valore non mappato: 'Famiglia' — aggiungere a categorie.json o assegnare manualmente
de3a1d8a-eb7a-498a-a00b-0fcb45f75d2b,non-ci-penso-proprio,it,Spiritualità,spiritualita,dry,
77120232-0532-4536-b3cc-27593b727717,messe-le-basi-e-tempo-di-ricostruire,it,Fede e Luce,fede-e-luce,dry,
91f710e3-73be-4276-a6c2-e220b3b0dbcf,grido-di-pace,it,Fede e Luce,fede-e-luce,dry,
c0b00a82-193e-4161-b2bf-4706af9c914c,dialogo-aperto-n-158,it,Fede e Luce,fede-e-luce,dry,
e446ed04-c449-4890-a11d-8901b459869c,il-linguaggio-della-speranza,it,Fede e Luce,fede-e-luce,dry,
38637ba9-4ee9-445d-87bd-39e0430ec62c,tifosi-dellaccessibilita,it,Progetti,,unknown,Valore non mappato: 'Progetti' — aggiungere a categorie.json o assegnare manualmente
baa9d8f2-c545-4661-937b-e9f537abee89,forza-roma,it,Spiritualità,spiritualita,dry,
12c7c0b7-d8f8-433e-8dd0-85ebcb838f6d,30-giorni-per-capire-lautismo-recensione,it,Cultura,cultura,dry,
8b490635-5faa-4f21-8f5d-1992a6fff3ec,quel-riserbo-che-ha-conquistato-mio-figlio,it,Progetti,,unknown,Valore non mappato: 'Progetti' — aggiungere a categorie.json o assegnare manualmente
c46f12b0-9ff5-4b5c-a342-c39717965879,lotta-per-linclusione-recensione,it,Cultura,cultura,dry,
c24e1578-5018-4fc4-9510-b6bcdf0ac7bc,fanny-who-sees-a-future-for-herself,en,Famiglia,,unknown,Valore non mappato: 'Famiglia' — aggiungere a categorie.json o assegnare manualmente
4cbf87d7-b071-456e-b023-a01d34b849ea,il-mio-pato-che-si-fa-sempre-trovare,it,Famiglia,,unknown,Valore non mappato: 'Famiglia' — aggiungere a categorie.json o assegnare manualmente
2bf21776-ca37-4f7b-a9cd-1cb55d97769b,la-cura-dellamore-recensione,it,Cultura,cultura,dry,
0f3bf05c-7114-4a2d-bf83-fd7c1d2fd09f,archeocasilina-recensione,it,Cultura,cultura,dry,
d2ae20ce-187f-4648-8aff-912e84c665c1,fanny-che-vede-un-futuro-per-se-stessa,it,Educazione e Formazione,,unknown,Valore non mappato: 'Educazione e Formazione' — aggiungere a categorie.json o assegnare manualmente
ae3ed560-9f7a-4c49-aebf-dfec995ff713,larte-di-rialzarsi,it,Famiglia,,unknown,Valore non mappato: 'Famiglia' — aggiungere a categorie.json o assegnare manualmente
aa679859-a775-470b-b4b0-5eb6f14ec2c9,chiediamo-a-zampetta-e-romeo,it,Famiglia,,unknown,Valore non mappato: 'Famiglia' — aggiungere a categorie.json o assegnare manualmente
5c052c19-9b39-40ce-8413-aab26f4332bf,da-quellarmadio,it,Progetti,,unknown,Valore non mappato: 'Progetti' — aggiungere a categorie.json o assegnare manualmente
49deabc5-df26-43db-92d3-d737089a40cb,parlo-di-quello-che-so,it,Famiglia,,unknown,Valore non mappato: 'Famiglia' — aggiungere a categorie.json o assegnare manualmente
9795608f-ab3d-4ee0-a59d-40ea96c29306,tutti-portano-tutti-ricevono,it,Progetti,,unknown,Valore non mappato: 'Progetti' — aggiungere a categorie.json o assegnare manualmente
b21513ed-d4c8-4f3f-bc83-3fa527295000,la-cosa-piu-bellissima,it,Spiritualità,spiritualita,dry,
7b2c69e3-dff9-4242-9851-0a84681823f3,e-se-essere-sordi-fosse-un-superpotere,it,Cultura,cultura,dry,
8207f46a-8bd0-446e-b08f-54822fbf61eb,dialogo-aperto-n-157,it,Famiglia,,unknown,Valore non mappato: 'Famiglia' — aggiungere a categorie.json o assegnare manualmente
6251d744-6e3f-4db7-9700-8a559da5535f,la-magia-delle-nostre-vacanze-insieme,it,Progetti,,unknown,Valore non mappato: 'Progetti' — aggiungere a categorie.json o assegnare manualmente
b280cc8d-2582-4686-8581-87b8767f4f5b,94-9-35-e-18-le-cose-dietro-i-numeri,it,Spiritualità,spiritualita,dry,
605e344a-6ec5-4e38-9a14-3b332db16929,non-siete-stati-ancora-sconfitti-recensione,it,Cultura,cultura,dry,
f324edec-75d8-4652-a1d0-a739f6b74f21,siamo-una-rivoluzione-recensione,it,Cultura,cultura,dry,
c622c126-dff4-4d11-89d2-c718465cb500,fotografie-da-chernobyl-allafghanistan,it,Cultura,cultura,dry,
9125a582-b25a-4274-8136-41e98ba3b2b7,serve-davvero-pregare-per-la-pace,it,Fede e Luce,fede-e-luce,dry,
d8b25916-8da7-4be8-b878-c7fd27c28b56,se-le-universita-sono-state-le-prime-ad-ascoltare,it,Cultura,cultura,dry,
9e43a67a-93df-42f0-a780-e5c8649071da,modus-navigandi-recensione,it,Cultura,cultura,dry,
9dfdb850-68c9-46fe-a928-cc2591019939,per-sempre-altrove-recensione,it,Cultura,cultura,dry,
4b312c20-6e50-4586-8c66-01ccac09b9bf,perche,it,Famiglia,,unknown,Valore non mappato: 'Famiglia' — aggiungere a categorie.json o assegnare manualmente
a5241e2a-ceba-4b1a-89d6-8001d0356243,sono-vincent-e-non-ho-paura-recensione,it,Cultura,cultura,dry,
fa3bb853-b6bc-4f83-bc4c-68c0547b316a,affrontare-la-perdita,it,Spiritualità,spiritualita,dry,
fc70bdd8-0f42-4ea4-90d1-f43e26f2abbb,papa-dove-sei,it,Famiglia,,unknown,Valore non mappato: 'Famiglia' — aggiungere a categorie.json o assegnare manualmente
aa8b2d60-e6e4-4324-9f11-1a5e318cf04c,come-abbiamo-comunicato-la-morte-di-una-persona-cara,it,Famiglia,,unknown,Valore non mappato: 'Famiglia' — aggiungere a categorie.json o assegnare manualmente
3d049208-ace5-42a7-8072-d7506f53a274,cammino-di-trasformazione,it,Famiglia,,unknown,Valore non mappato: 'Famiglia' — aggiungere a categorie.json o assegnare manualmente
82208f5d-3f80-445a-aff8-c04ea62a8320,riannodare-il-filo,it,Salute,,unknown,Valore non mappato: 'Salute' — aggiungere a categorie.json o assegnare manualmente
56939ca1-f287-4b55-8739-b6440c13f475,mi-piace-andare-al-mare,it,Famiglia,,unknown,Valore non mappato: 'Famiglia' — aggiungere a categorie.json o assegnare manualmente
270dd2e4-ae61-40f9-929d-76df86f1aac8,in-diretta-da-locarno,it,Cultura,cultura,dry,
64b7cc0e-04e1-4ae3-8306-090389c98b33,qualche-volta-voglio-e-qualche-volta-no,it,Fede e Luce,fede-e-luce,dry,
18708c16-679e-4bf9-a9eb-da63155dd14a,specialita-catechista,it,Spiritualità,spiritualita,dry,
3c61e89f-0135-44d4-8400-370e802ecaee,rimpadronirsi-del-proprio-corpo,it,Cultura,cultura,dry,
5aef571b-61f7-4cad-b733-aaf4300e0278,love-life-recensione,it,Cultura,cultura,dry,
f8cf8779-5848-4ed2-ab8e-6b145c82bf93,da-bologna-a-roma-in-tandem,it,Progetti,,unknown,Valore non mappato: 'Progetti' — aggiungere a categorie.json o assegnare manualmente
3f558e79-bc85-4891-ac0d-5aef99cae596,pagine-bianche,it,Famiglia,,unknown,Valore non mappato: 'Famiglia' — aggiungere a categorie.json o assegnare manualmente
70266ce1-8c16-4155-b052-4af5f5ad9b41,tikitaka,it,Progetti,,unknown,Valore non mappato: 'Progetti' — aggiungere a categorie.json o assegnare manualmente
fa036156-1044-4db0-8eca-6d688cc7278c,produzioni-fuori-dal-comune,it,Cultura,cultura,dry,
52067976-916c-4c8b-9e1f-beee7a2c3b77,giuditta-e-lorecchio-del-diavolo-recensione,it,Cultura,cultura,dry,
9a6603e8-2262-4fe4-ae10-1443f3dfc3ee,la-rivoluzione-del-coltello,it,Progetti,,unknown,Valore non mappato: 'Progetti' — aggiungere a categorie.json o assegnare manualmente
baa0411b-a2c3-4614-a5ce-242f9b8eb1c9,questa-cosa-non-mi-piace-per-niente,it,Spiritualità,spiritualita,dry,
c4b7b71c-b7c7-455d-ae9c-96de671500fc,non-perdo-mai-un-incontro,it,Educazione e Formazione,,unknown,Valore non mappato: 'Educazione e Formazione' — aggiungere a categorie.json o assegnare manualmente
ced87d79-b02f-413e-a2ad-af9b42b22681,a-chi-fa-paura-lassenso-informato,it,Salute,,unknown,Valore non mappato: 'Salute' — aggiungere a categorie.json o assegnare manualmente
238f151a-521a-4263-ac19-314b284c3ec3,ognuno-ride-a-modo-suo-recensione,it,Cultura,cultura,dry,
cac95c3f-d9b7-4f88-845e-9ec8c93d2589,houria-come-il-corpo-guarisce-lanima,it,Cultura,cultura,dry,
27fd9b7b-7163-47d6-9dc4-9b06fb275d3d,il-prof-ha-detto-che-mi-vuole,it,Spiritualità,spiritualita,dry,
6ed5322f-337f-4900-a29d-5a039662dd12,il-silenzio-del-mondo-recensione,it,Cultura,cultura,dry,
1e287c98-f0c7-4be5-8e83-434f9600076d,giochi-2022,it,Tempo libero,,unknown,Valore non mappato: 'Tempo libero' — aggiungere a categorie.json o assegnare manualmente
432f2ef3-f6f3-4580-b4b2-6b3e9e8214dc,perche-non-lo-portate-a-lourdes-recensione,it,Cultura,cultura,dry,
406aa630-fda9-4847-a83b-812c92e31e16,festa-al-quirinale,it,Fede e Luce,fede-e-luce,dry,
034a313a-c7f2-4e11-9b5d-42f3891571e0,dialogo-aperto-n-159,it,Fede e Luce,fede-e-luce,dry,
d16f55d3-5f4a-4a63-b04e-981fd4241ffa,dis-integration-la-mostra-dei-laboratori-darte-di-santegidio,it,Progetti,,unknown,Valore non mappato: 'Progetti' — aggiungere a categorie.json o assegnare manualmente
a67f04f3-8387-4e9e-b1f7-13ce59c3e3c6,fiera-di-me-stessa-ogni-giorno,it,Spiritualità,spiritualita,dry,
17d26555-5406-407a-9c8c-09fa61e071c9,declinazioni-di-speranza,it,Educazione e Formazione,,unknown,Valore non mappato: 'Educazione e Formazione' — aggiungere a categorie.json o assegnare manualmente
1933d9cd-94f5-4104-b5bc-488a519da30b,alberta-e-la-rivoluzione,it,Spiritualità,spiritualita,dry,
f2f4dd7d-5f87-446d-b1b6-8d37b028c021,testimonianza-giulia-cirillo,it,Famiglia,,unknown,Valore non mappato: 'Famiglia' — aggiungere a categorie.json o assegnare manualmente
38f5b66a-e4d2-422e-b371-a06529ed1622,arche-bologna-tandem,it,Progetti,,unknown,Valore non mappato: 'Progetti' — aggiungere a categorie.json o assegnare manualmente
3ea73d12-e385-4184-9609-2bd5425eadad,avete-mai-provato,it,Educazione e Formazione,,unknown,Valore non mappato: 'Educazione e Formazione' — aggiungere a categorie.json o assegnare manualmente
0031a4c4-1bb1-4a61-9664-cf8975e9255e,bologna-to-rome-pedaling-possibilities-in-the-rainbow-commun,en,Fede e Luce,fede-e-luce,dry,
8b3d635a-f1c4-42ac-93ac-67861eeab060,campi-di-giochi,it,Fede e Luce,fede-e-luce,dry,
f4ab5670-9958-4dba-b9f5-df91d693d5bc,tandem-in-trentino,it,Progetti,,unknown,Valore non mappato: 'Progetti' — aggiungere a categorie.json o assegnare manualmente
7403c3be-1c5b-4aa4-9c75-caea4a3ffcb9,invertire-addendi-tandem,it,Progetti,,unknown,Valore non mappato: 'Progetti' — aggiungere a categorie.json o assegnare manualmente
25bf5304-8262-485b-8eea-c774d548ce5c,bari-scintillante,it,Progetti,,unknown,Valore non mappato: 'Progetti' — aggiungere a categorie.json o assegnare manualmente
6200cd81-8fc5-4d0b-a246-30e8fe055910,ciclisti-non-vedenti-vaticano,it,Progetti,,unknown,Valore non mappato: 'Progetti' — aggiungere a categorie.json o assegnare manualmente
f2cfcd82-8d40-4595-8326-50a647793891,a-sua-immagine-recensione,it,Cultura,cultura,dry,
4421d6b1-6a94-47a2-92a4-25bb7fa5d209,museo-tattile-omero-ancona,it,Progetti,,unknown,Valore non mappato: 'Progetti' — aggiungere a categorie.json o assegnare manualmente
6428822d-08a0-490e-bd6e-a7f02cf2fdd2,recensione-as-we-see-it,it,Cultura,cultura,dry,
33b84958-96b8-438d-881f-ea7ef8d8b716,recensione-la-piu-bella-nuotata-becker,it,Cultura,cultura,dry,
84cb3db9-84d0-4ec1-a400-fb0082a03d0f,fiera-di-me-stessa,it,Spiritualità,spiritualita,dry,
fd8cd4ea-1bd6-44b2-9841-292dce8186d3,e-t-alla-bicoca,it,Spiritualità,spiritualita,dry,
37f495a2-a510-4ae0-a7f3-1bd32295a9a3,abbassa-il-cielo-e-scendi-recensione,it,Cultura,cultura,dry,
e807c8ea-71d7-4fae-9e3f-ec9e795713bc,il-grande-cavallo-blu-recensione,it,Cultura,cultura,dry,
cfa5124a-7788-40ac-96e2-c0b8d804389f,deja-vu-ventanni-dopo-dialogo-aperto-n-160,it,Fede e Luce,fede-e-luce,dry,
bdd03dc4-17e4-42bd-bd4b-98ae4a38fe01,disabilmentemamme,it,Progetti,,unknown,Valore non mappato: 'Progetti' — aggiungere a categorie.json o assegnare manualmente
5672429d-2eee-43c6-b4bd-6858f82976f3,proverbi-sullamicizia,it,Famiglia,,unknown,Valore non mappato: 'Famiglia' — aggiungere a categorie.json o assegnare manualmente
9482d2fe-0c8a-4f83-a2ed-8e6c4b874d35,il-valore-dellintegrazione-in-the-blind-side,it,Cultura,cultura,dry,
7552fcb8-056a-4373-bed9-08aabcbc4121,ho-deciso-di-prestare-la-mia-voce,it,Famiglia,,unknown,Valore non mappato: 'Famiglia' — aggiungere a categorie.json o assegnare manualmente
1fd3515f-d496-458f-ba48-71347e665ba3,terra-e-polvere-quando-due-vite-scartate-si-ritrovano,it,Cultura,cultura,dry,
39f458c2-7b7d-48a4-acff-40ad80757131,anche-io-tiro-i-rigori,it,Spiritualità,spiritualita,dry,
601fd844-4831-4bd0-bc14-53af1974fa16,ci-ha-lasciato-la-professoressa-marie-odile-rhethore,it,Famiglia,,unknown,Valore non mappato: 'Famiglia' — aggiungere a categorie.json o assegnare manualmente
f18678b8-0fcb-4b34-9a4c-deb3e4fd1d14,il-mio-cane-mi-ha-scelto,it,Spiritualità,spiritualita,dry,
e8515a66-eed3-4072-a49b-8765c190b901,su-scuola-tatuaggi-e-tempo-che-non-va-perso,it,Spiritualità,spiritualita,dry,
32ae57ca-77d2-487e-821e-9be43cfa6a75,al-loyola-university-rome-center,it,Fede e Luce,fede-e-luce,dry,
eed4f610-e17e-4f94-a341-57c8a31e4875,cose-la-laurea,it,Spiritualità,spiritualita,dry,
848e7b9e-a284-465e-8477-20015d402973,digitalizzando-ombre-e-luci-come-un-album-di-famiglia,it,Fede e Luce,fede-e-luce,dry,
0c3a2d55-7399-4099-be02-3d5b95a8cc93,dove-ci-sono-io-ce-anche-lui,it,Famiglia,,unknown,Valore non mappato: 'Famiglia' — aggiungere a categorie.json o assegnare manualmente
4f913f1e-2d01-42e3-93f7-f10a91ebcd9d,quattro-punti-cardinali-i-luoghi-di-ombre-e-luci-tra-i-quart,it,Fede e Luce,fede-e-luce,dry,
19d772b4-174f-4f09-b177-6d40d9826780,pretese-fuori-mercato,it,Famiglia,,unknown,Valore non mappato: 'Famiglia' — aggiungere a categorie.json o assegnare manualmente
06ede3fd-2d2b-4482-8515-021fa47b8d3a,dialogo-aperto-n-161,it,Famiglia,,unknown,Valore non mappato: 'Famiglia' — aggiungere a categorie.json o assegnare manualmente
eb98754f-2026-4906-8f46-b328e147e771,per-rompere-la-solitudine,it,Fede e Luce,fede-e-luce,dry,
c3d14ce3-8f91-4bc4-b518-828a8bb90f99,gli-esordi-insieme-1974-1981,it,Fede e Luce,fede-e-luce,dry,
5510fd93-4ca3-4971-9e94-37eb188eafff,quella-vera-fattura-da-pagare,it,Fede e Luce,fede-e-luce,dry,
5d376304-67c4-4297-91b2-b9548924cb40,a-briciola-manca-solo-la-parola,it,Famiglia,,unknown,Valore non mappato: 'Famiglia' — aggiungere a categorie.json o assegnare manualmente
515f8cae-8d17-4b93-89de-40bfb9e92a82,repubblica-sorda-recensione,it,Cultura,cultura,dry,
facb0262-f02a-409d-9c7e-c6124bc06da5,pino-e-conny-sposi,it,Fede e Luce,fede-e-luce,dry,
a7cad527-b9ef-4103-8d1a-622d7ffe2625,nuvole-a-dondolo-recensione,it,Cultura,cultura,dry,
5984f7cf-fb01-485a-bdd5-d7efb93cc7d8,felicemente-seduta-recensione,it,Cultura,cultura,dry,
0f2f51cd-bd97-4a29-8d5c-0988da2b46b2,la-mia-principessa-gilda,it,Spiritualità,spiritualita,dry,
f07d4851-fb8a-49d8-abff-471978d2cb0a,progettare-un-nuovo-numero,it,Educazione e Formazione,,unknown,Valore non mappato: 'Educazione e Formazione' — aggiungere a categorie.json o assegnare manualmente
0f9f90fe-b8b8-4d80-8507-1457464e2200,impegnarsi-e-impegnarmi,it,Famiglia,,unknown,Valore non mappato: 'Famiglia' — aggiungere a categorie.json o assegnare manualmente
d6b5aa45-1782-4916-8393-0b03a6cb39c2,brooke-amica-speciale,it,Famiglia,,unknown,Valore non mappato: 'Famiglia' — aggiungere a categorie.json o assegnare manualmente
20ffad3d-257c-46eb-a934-45acd53fac21,pharmakon-la-storia-del-talidomide-recensione,it,Cultura,cultura,dry,
7b6405bc-908a-4ce8-898f-b92ca11d4e18,mr-rain-e-lda-sono-uno,it,Spiritualità,spiritualita,dry,
9b4c46eb-c00a-44e7-8831-4b32a50ee8df,un-po-come-una-sirena,it,Sport,,unknown,Valore non mappato: 'Sport' — aggiungere a categorie.json o assegnare manualmente
abbc6ef1-fbb4-4d06-b341-44678424d717,alfedena,it,Fede e Luce,fede-e-luce,dry,
43763759-dca2-4bcf-9c35-b7c2f338c6c9,la-mia-esperienza-con-il-taxi-sociale-a-roma,it,Spiritualità,spiritualita,dry,
bad1b0c3-cb68-4a0d-a309-bfe7034c45a4,la-mia-prima-vittoria,it,Famiglia,,unknown,Valore non mappato: 'Famiglia' — aggiungere a categorie.json o assegnare manualmente
12488a15-5c34-4ba5-be4f-fdac7b5db9a1,dove-siamo-noi,it,Cultura,cultura,dry,
5827f172-c9c5-4849-8f3c-fe34198bb8cc,ma-la-giorgia-tredicenne-di-oggi-chi-avrebbe-incontrato,it,Fede e Luce,fede-e-luce,dry,
55fa86ba-1f55-4202-9079-8a8f31608cf6,dallincontro-tra-zenia-e-borys,it,Fede e Luce,fede-e-luce,dry,
52067008-c73e-4dbb-9f07-6d92133b3a2f,gruppo-di-gruppi,it,Progetti,,unknown,Valore non mappato: 'Progetti' — aggiungere a categorie.json o assegnare manualmente
36afd46f-1fd3-4e32-915b-6e9fd4f9e874,ragazze-fragili,it,Spiritualità,spiritualita,dry,
6c39a0ca-3a37-43fa-a946-4858adba8710,quando-ho-bussato-alla-porta-di-lyns-house,it,Fede e Luce,fede-e-luce,dry,
6b816a9d-e0aa-4d32-b86f-6ed821c6a217,con-i-tre-fratelli,it,Fede e Luce,fede-e-luce,dry,
38c54f65-3899-4630-9bde-7976bd94810e,addio-irlandese,it,Cultura,cultura,dry,
49107cea-c622-4993-bdcb-eb4a548ba275,da-due-persiane-socchiuse,it,Progetti,,unknown,Valore non mappato: 'Progetti' — aggiungere a categorie.json o assegnare manualmente
9935324d-96d5-4b14-a928-10177e29dbbf,far-luce-sulla-realta-delle-migrazioni,it,Cultura,cultura,dry,
b94206e7-5e19-42b4-90d4-04061a44b428,dialogo-aperto-n-162,it,Fede e Luce,fede-e-luce,dry,
c59f650a-46d0-4574-9317-8fcf4cf79367,i-fragili-recensione,it,Cultura,cultura,dry,
307a875e-982b-486e-ab06-8ad2016266a0,sorpresi-dal-risorto-recensione,it,Cultura,cultura,dry,
d88167f3-2dcb-4120-869e-40b66b40371c,la-luce-danza-irrequieta-recensione,it,Cultura,cultura,dry,
8f832d05-998e-43a8-91a5-c85cd0ac4dfb,fuori-fuoco-recensione,it,Cultura,cultura,dry,
3c55af4f-0a0c-457a-9310-d8d00df0862d,i-met-the-scooppiati-diversamente-band-and-interviewed-them,en,Spiritualità,spiritualita,dry,
13e7956d-32bf-49c6-aa64-289ea6ee0df5,il-calcio-spiegato-da-me,it,Spiritualità,spiritualita,dry,
c92eed23-52f8-430f-acb9-991e4966809f,la-luce-della-comunita-e-in-noi,it,Fede e Luce,fede-e-luce,dry,
4f6a1abe-7295-4413-ad44-1d9762834af3,ho-incontrato-gli-scooppiati,it,Famiglia,,unknown,Valore non mappato: 'Famiglia' — aggiungere a categorie.json o assegnare manualmente
07d7a7c3-7cda-43dd-a10e-f77c67f13da5,il-ciclo-e-la-macchinetta-a-scuola,it,Spiritualità,spiritualita,dry,
80b26856-bb78-4fce-94db-b92135f37b91,qua-la-zampa-un-film-che-mi-ha-riportata-indietro-nel-tempo,it,Spiritualità,spiritualita,dry,
ef630eb7-6394-4329-8d77-c38d3fe9c76a,che-bello-prendere-il-treno,it,Spiritualità,spiritualita,dry,
35db7c3a-4b9d-4a8d-9274-65b9db9b3d3a,lavorando-alla-caritas,it,Progetti,,unknown,Valore non mappato: 'Progetti' — aggiungere a categorie.json o assegnare manualmente
22b50490-2c62-4857-a9f7-50d7f3bcec3a,piccola-marcia,it,Fede e Luce,fede-e-luce,dry,
bdebdfca-25cd-4038-aef3-79749b83e018,venice-impressive-la-sezione-in-realta-virtuale-della-bienna,it,Cultura,cultura,dry,
eaeae110-9fdd-4995-9e81-92fa686070c1,partire-o-restare-la-migrazione-nei-film-di-venezia-80,it,Cultura,cultura,dry,
33c72832-e0be-4d64-b720-ce6f0952bbb3,perche-la-salute-conti-davvero,it,Progetti,,unknown,Valore non mappato: 'Progetti' — aggiungere a categorie.json o assegnare manualmente
72f15ac4-0c10-42b6-822a-06fa2d71ce9e,benedetta-baglioni,it,Spiritualità,spiritualita,dry,
b44ce207-79bb-46be-8910-c7b1ec1b9348,to-leave-or-to-stay-migration-in-the-films-of-venice-80,en,Cultura,cultura,dry,
ad80c758-3802-4a3f-b794-040489ed9346,qualcuno-che-non-ci-mette-da-parte,it,Famiglia,,unknown,Valore non mappato: 'Famiglia' — aggiungere a categorie.json o assegnare manualmente
89e7d87d-8bc1-4744-9037-40659a14c8c0,una-specie-di-erasmus-con-fede-e-luce,it,Progetti,,unknown,Valore non mappato: 'Progetti' — aggiungere a categorie.json o assegnare manualmente
4a8331d5-6da0-45bf-af32-0f01cfa764eb,possibile-che-gabriele-non-abbia-un-posto,it,Spiritualità,spiritualita,dry,
65387068-27a2-45a0-bb03-f6ded16c232c,ricette-e-soluzioni-vincenti,it,Progetti,,unknown,Valore non mappato: 'Progetti' — aggiungere a categorie.json o assegnare manualmente
3bf83a2a-f06d-4954-a571-cc7149691516,basterebbe-un-po-di-coerenza,it,Salute,,unknown,Valore non mappato: 'Salute' — aggiungere a categorie.json o assegnare manualmente
8a91b516-0cc2-4d76-9fa9-7b5239fab921,in-favore-della-cura-di-pazienti-non-collaboranti,it,Salute,,unknown,Valore non mappato: 'Salute' — aggiungere a categorie.json o assegnare manualmente
597fc026-df99-46e3-8645-fc30d51bdc79,un-diritto-finora-spesso-eluso,it,Salute,,unknown,Valore non mappato: 'Salute' — aggiungere a categorie.json o assegnare manualmente
93b88278-f473-43dd-83ef-ea147b64ef00,festa-del-cinema-roma-2023,it,Cultura,cultura,dry,
72552584-a77b-421e-b11c-568b85d60126,recensione-te-lavevo-detto-la-storia,it,Cultura,cultura,dry,
44f47b04-ccb4-41b7-ba67-04aa892a8ec5,un-cortometraggio-e-una-serie-a-chiudere-la-festa-del-cinema,it,Cultura,cultura,dry,
a5994391-1446-4138-83f9-0aa1d0a4f625,vivere-a-colori,it,Educazione e Formazione,,unknown,Valore non mappato: 'Educazione e Formazione' — aggiungere a categorie.json o assegnare manualmente
31591deb-465c-4dc2-a9cc-3ca074569a62,cameriere-per-finta,it,Famiglia,,unknown,Valore non mappato: 'Famiglia' — aggiungere a categorie.json o assegnare manualmente
b8c584d6-f142-4eff-a0e0-0d35ffdf9d86,tenerci-per-mano-insieme,it,Fede e Luce,fede-e-luce,dry,
1be6fbc4-b9ad-4969-ba0e-f3826f8d0178,le-spalle-di-dio-recensione,it,Cultura,cultura,dry,
906bbacd-cf41-4e9a-883a-4c7325168afa,nella-mia-parrocchia-non-sono-piu-accolta,it,Spiritualità,spiritualita,dry,
46ba5772-e90e-4fb5-b555-97b419989f11,partiamo-per-il-congo-caa,it,Spiritualità,spiritualita,dry,
ede3004f-b032-4a2d-a96a-42bec96f92ef,se-io-diventa-noi,it,Progetti,,unknown,Valore non mappato: 'Progetti' — aggiungere a categorie.json o assegnare manualmente
b6e81336-2d12-4917-9526-1092458f951c,il-circo-delle-meraviglie-recensione,it,Cultura,cultura,dry,
b0a456f6-30c9-474a-8ff3-7b6e8b91f5c4,me-stessa,it,Spiritualità,spiritualita,dry,
aa19bd7b-d3e7-4b1e-8042-e4a6f1e3366f,dal-41-torino-film-festival,it,Cultura,cultura,dry,
4b3868a5-aa0d-4db7-853d-211e5bd22a36,la-musica-del-mondo,it,Fede e Luce,fede-e-luce,dry,
7a0fc4d6-cefa-40e3-bc86-969fc2a8919f,almond-come-una-mandorla-recensione,it,Cultura,cultura,dry,
60d294a9-2bbf-414a-9e94-577cd6377629,mitezza-recensione,it,Cultura,cultura,dry,
21d375d7-34ed-43f5-a3b9-9ef81bc1bfba,storie-dallestremo-oriente,it,Cultura,cultura,dry,
ca1df646-21ee-41eb-9f63-63b40720f934,ombre-e-luci-in-inglese,it,Cultura,cultura,dry,
eb292b4d-0e23-4bd4-9154-8f01daf1b4fe,il-mio-primo-tuffo-en,en,,,skip_null,
00cbad1a-5643-457a-8ae9-d0099362b52a,il-mio-primo-tuffo,it,Spiritualità,spiritualita,dry,
89ec29c9-488e-411a-a3bf-ad4bb0a952d4,we-have-a-dream-cinque-storie-di-fragilita-ricche-di-speranz,it,Cultura,cultura,dry,
b16524a3-a126-4cc7-84eb-b8850c2b371b,amen,it,Spiritualità,spiritualita,dry,
ce05fe09-15c7-4ed0-a4a4-e3d3fb7d8efc,quando-arriva-il-natale,it,Spiritualità,spiritualita,dry,
55463eb8-8e5b-4f72-a3d3-07c9f636d52b,il-pranzo-di-natale-di-santegidio,it,Spiritualità,spiritualita,dry,
960f2461-4c15-4ee2-8f92-1313ef633cdd,kripton-un-film-per-ribaltare-linvisibilita-dei-disturbi-men,it,Cultura,cultura,dry,
0778e3d9-ef86-4505-98bd-4c6cf0ee5129,testimoni-di-fede-e-luce,it,Fede e Luce,fede-e-luce,dry,
14d99fc6-cff9-4ee1-9498-f68f850d55fe,cara-zia-cosima,it,Spiritualità,spiritualita,dry,
b1e7e104-db3a-4cbd-8997-4d640950c7c3,ti-chiamano,it,Fede e Luce,fede-e-luce,dry,
78f4fdbb-5d02-477c-a595-d69f3f61eaa0,sanremo-fin-dove-lho-visto-1,it,Cultura,cultura,dry,
d0b35fb4-2e29-4e9d-8731-b922af23f7c1,sanremo-fin-dove-lho-visto-2,it,Cultura,cultura,dry,
5c73762b-aee5-4fc0-81c8-82ec33c51f75,sanremo-fin-dove-lho-visto-3,it,Cultura,cultura,dry,
5690348b-aca8-440c-9d6a-3e45332ce04f,sanremo-fin-dove-lho-visto-4,it,Cultura,cultura,dry,
0ff7cda6-9b2b-436d-9658-b23753209a84,sanremo-fin-dove-lho-visto-5,it,Cultura,cultura,dry,
68d1d9a4-f559-416c-a727-02da77c92d14,la-storia-della-reliquia-di-giovanni-paolo-ii,it,Spiritualità,spiritualita,dry,
0c7079d5-355d-4a73-a7f8-cbfb445033c9,linterezza-questa-sconosciuta,it,Salute,,unknown,Valore non mappato: 'Salute' — aggiungere a categorie.json o assegnare manualmente
50f92455-58d2-4317-ad79-0a7125bbc810,cura-e-civilta,it,Fede e Luce,fede-e-luce,dry,
aa5c4163-b017-48e7-9ba8-719ad349be9f,dalla-berlinale-presente-e-passata,it,Cultura,cultura,dry,
23ca54c7-2013-49f0-a57f-85f02d868169,together-a-san-pietro,it,Fede e Luce,fede-e-luce,dry,
f7f2f21d-bad2-4329-ba8d-5a651432c57e,ennio-lalieno-recensione,it,Cultura,cultura,dry,
91df13d8-9791-4880-9f6d-871a62e0c3a3,andare-dal-dentista,it,Salute,,unknown,Valore non mappato: 'Salute' — aggiungere a categorie.json o assegnare manualmente
36aa9c83-2ae6-495f-a893-8983bfbcbf50,quel-farabutto-del-cocomero,it,Salute,,unknown,Valore non mappato: 'Salute' — aggiungere a categorie.json o assegnare manualmente
68c4430a-673f-40a5-8473-34ad5f060993,le-pappe-di-pippo,it,Progetti,,unknown,Valore non mappato: 'Progetti' — aggiungere a categorie.json o assegnare manualmente
9195fd5e-2e39-4c57-abcf-b5be9a89da69,ho-tante-cose-nuove,it,Spiritualità,spiritualita,dry,
9d749986-5d1c-41cb-a51f-11d9e0d88f89,la-fragilita-alla-festa-del-cinema,it,Cultura,cultura,dry,
0053b93f-527a-45bc-9a1f-1b9cc76c4a88,pagine-di-caduta-e-ripresa,it,Fede e Luce,fede-e-luce,dry,
117caa61-e1d7-4758-8c02-e230429e822d,dove-sei-piccolo-giulio-recensione,it,Cultura,cultura,dry,
806e878b-879b-4013-9ccc-6899ca59375b,jun-recensione,it,Cultura,cultura,dry,
473fdf8c-3e5f-4dc4-ac76-b9e2937dfc52,soffro-dunque-siamo-recensione,it,Cultura,cultura,dry,
0f268790-4a9c-45c1-bf43-b3c746d3fa1d,mimo-a-san-pietro,it,Spiritualità,spiritualita,dry,
74afcf02-d466-4565-a919-0b29efe54aa7,pagine-di-caduta-e-ripresa-en,en,,,skip_null,
a71dd1d6-2956-4dbf-91d2-206cffda1442,e-allimprovviso-che-fare,it,Salute,,unknown,Valore non mappato: 'Salute' — aggiungere a categorie.json o assegnare manualmente
f2f58b47-599a-4bf5-8ff5-7c6653279d6c,berlinale-74-riflessioni-su-cinema-disabilita-e-moralita-con,it,Cultura,cultura,dry,
40702464-584d-4f84-a859-aa846c81a514,berlinale-74-orso-doro,it,Cultura,cultura,dry,
0c57a31a-014f-4ca1-a91e-0bf467b979a7,cinema-di-rivoluzione-e-sperimentazione-alla-berlinale-74,it,Cultura,cultura,dry,
3579fcb0-be93-4907-8817-b3de76bc94ef,anniversario-di-matrimonio,it,Spiritualità,spiritualita,dry,
f5e0ffff-de07-4e97-a30f-616a3cbd724f,samusa-di-virginia-raffaele,it,Spiritualità,spiritualita,dry,
b7810fda-08e1-4641-9bc9-30abd1340772,riscoprire-una-chiesa-domestica,it,Spiritualità,spiritualita,dry,
068dbdca-7efa-4372-90e6-43d08e31b0ee,storie-di-rinascita-e-solidarieta-in-le-cicogne-di-chernobyl,it,Cultura,cultura,dry,
bd30d779-fe93-416e-a0ba-46be57e46889,lavorare-come-cameriera-mi-piace-tantissimo,it,Spiritualità,spiritualita,dry,
363f487c-c5c7-4079-90be-07ecdee2bd85,in-cammino-verso-lautonomia-personale,it,Famiglia,,unknown,Valore non mappato: 'Famiglia' — aggiungere a categorie.json o assegnare manualmente
aa013464-19a9-4543-be58-1ee6d7e97af0,quando-incontri-lamore,it,Famiglia,,unknown,Valore non mappato: 'Famiglia' — aggiungere a categorie.json o assegnare manualmente
75787ec2-bb87-4a4d-85a0-75020d1e483a,vacanze-si-perche-no,it,Famiglia,,unknown,Valore non mappato: 'Famiglia' — aggiungere a categorie.json o assegnare manualmente
769dc8c5-24b2-4950-9134-94aaaed1f407,il-tempo-libero-e-davvero-libero,it,Famiglia,,unknown,Valore non mappato: 'Famiglia' — aggiungere a categorie.json o assegnare manualmente
ef83b890-c4ab-4f76-9f5e-09efd923b263,far-east-film-festival-2024-due-film-sulla-fragilita-da-hong,it,Cultura,cultura,dry,
8b49cad4-94d8-474c-89fd-d7c94544f97d,quarantanni-di-ombre-e-luci,it,Famiglia,,unknown,Valore non mappato: 'Famiglia' — aggiungere a categorie.json o assegnare manualmente
afcbd7c7-b2f8-443a-ade9-430c923c2625,tra-conquiste-e-fatiche,it,Famiglia,,unknown,Valore non mappato: 'Famiglia' — aggiungere a categorie.json o assegnare manualmente
1481e650-7b3d-4333-a470-fe2e8eece761,foto-in-bianco-e-nero,it,Famiglia,,unknown,Valore non mappato: 'Famiglia' — aggiungere a categorie.json o assegnare manualmente
cb42af5b-ae14-4755-bff1-c367ec5d4b7a,come-si-richiede-una-sedia-a-rotelle,it,Spiritualità,spiritualita,dry,
a0d24e2b-e841-4d2e-acc5-d9d476a8c969,strategie-urbane,it,Progetti,,unknown,Valore non mappato: 'Progetti' — aggiungere a categorie.json o assegnare manualmente
e6c44cae-fa89-4ede-a3af-4c5f0eefc3ef,modesta-valenti,it,Spiritualità,spiritualita,dry,
3bfea4de-5ac1-447c-b145-dd7c19edc9c7,paralimpiadi-antonietta,it,Spiritualità,spiritualita,dry,
0a5ccd97-a785-4a70-859c-a8cfca3d8eea,sorpresa,it,Fede e Luce,fede-e-luce,dry,
abac90d0-16f2-4b93-ba3c-9c5af61d2200,meglio-di-una-bacchetta-magica,it,Famiglia,,unknown,Valore non mappato: 'Famiglia' — aggiungere a categorie.json o assegnare manualmente
b9c56ad8-2731-4fa6-a55e-d8b5d6ecfcde,quel-portachiavi-uguale-al-mio,it,Famiglia,,unknown,Valore non mappato: 'Famiglia' — aggiungere a categorie.json o assegnare manualmente
e6b3701e-398b-411b-ad19-33760cc8c86d,dialogo-aperto-n-165-en,en,,,skip_null,
78a30b98-2849-41cd-81db-c7f00ae77170,serate-impossibili-e-una-possibilissima,it,Famiglia,,unknown,Valore non mappato: 'Famiglia' — aggiungere a categorie.json o assegnare manualmente
b76dcd82-0e46-4fe7-bd6a-af804cbf2151,oltre-le-barriere-imposte,it,Progetti,,unknown,Valore non mappato: 'Progetti' — aggiungere a categorie.json o assegnare manualmente
00b91bad-8501-4f1c-94b2-881b479ca8eb,dialogo-aperto-n-165,it,Fede e Luce,fede-e-luce,dry,
f3ad4786-64c5-424b-8ba2-8720b9492172,alla-scoperta-di-un-ristorante-inclusivo,it,Progetti,,unknown,Valore non mappato: 'Progetti' — aggiungere a categorie.json o assegnare manualmente
39638a78-87d7-4c19-88d6-35534393635d,come-e-andata-la-mia-gara-di-nuoto,it,Spiritualità,spiritualita,dry,
8ee6eb07-8860-4243-8c54-8a0571809a74,una-pizza-un-caffe,it,Famiglia,,unknown,Valore non mappato: 'Famiglia' — aggiungere a categorie.json o assegnare manualmente
8bf5cfce-9ca0-4069-a8e1-4f12f5951452,arriva-il-primo-avatar-che-parla-la-lis-e-capisce-le-emergen,it,Cultura,cultura,dry,
4102a534-475c-4280-9506-88bed5cd3791,se-un-pomeriggio-dura-quarantanni,it,Fede e Luce,fede-e-luce,dry,
01e61c58-8d03-475d-9f6d-20f7d946983e,il-progetto-dandelion,it,Lavoro,,unknown,Valore non mappato: 'Lavoro' — aggiungere a categorie.json o assegnare manualmente
f127db6b-d71c-49c1-bdff-84d8277293a9,il-progetto-dandelion-en,en,,,skip_null,
f7b10dd9-d8a2-4c8e-8ba7-ab68e49fa55f,la-poesia-del-firmamento,it,Spiritualità,spiritualita,dry,
6030885e-ffa6-4e73-b696-c26d5d8ab6d6,la-vita-e-proprio-bella-e-vi-spiego-perche,it,Spiritualità,spiritualita,dry,
3e2cd66e-8250-42c2-a268-ca7d4f686151,il-mio-primo-giro-in-bici,it,Famiglia,,unknown,Valore non mappato: 'Famiglia' — aggiungere a categorie.json o assegnare manualmente
fb4c2a48-fbce-461c-8290-b7583e7c607d,quattro-pagine-in-voce-recensione,it,Cultura,cultura,dry,
d000ea33-506d-47bf-bf96-40f4156f8687,chi-come-me-recensione,it,Cultura,cultura,dry,
16f66b63-16ba-4644-886b-23d64bbad737,la-matta-di-piazza-giudia-recensione,it,Fede e Luce,fede-e-luce,dry,
8f73f81b-c7a8-4118-9f14-35ade0b0843b,un-bravo-lavoratore,it,Spiritualità,spiritualita,dry,
c5f68aec-c341-4bf3-9f8a-665d0233eee2,quel-dono-ricevuto-da-ricambiare,it,Fede e Luce,fede-e-luce,dry,
d53866ab-c56c-4fa5-8b87-cf41119e1b53,baskin-a-monopoli,it,Progetti,,unknown,Valore non mappato: 'Progetti' — aggiungere a categorie.json o assegnare manualmente
9396bc9b-81e9-435e-8cd3-cc5c026e02a1,la-vittoria-di-marie,it,Cultura,cultura,dry,
d82e2b8b-e693-4eb3-8d6d-51cb40155e85,slime-recensione,it,Cultura,cultura,dry,
ff71966c-bec8-4b1b-b03c-15ea7a92de7d,lestate-in-cui-mia-madre-ebbe-gli-occhi-verdi-recensione,it,Cultura,cultura,dry,
64dec691-ed61-4429-89e5-cf163cfa70a2,diciotto-recensione,it,Cultura,cultura,dry,
8604f1c1-94c5-40b6-8669-5f34742c9676,baglioni-e-il-canguro,it,Spiritualità,spiritualita,dry,
6ce2ad38-365d-4779-9e1e-d1f2013c4e25,locarno-77-da-jane-campion-a-saule-bliuvaite,it,Cultura,cultura,dry,
698f6644-b7b5-40e1-aa10-7804d3fd11f9,la-vita-accanto-recensione,it,Cultura,cultura,dry,
6251b7d8-f517-43ee-9c7d-8592858b30a8,nuotando-con-amore,it,Sport,,unknown,Valore non mappato: 'Sport' — aggiungere a categorie.json o assegnare manualmente
bd1b7116-c4a9-4f8a-9a71-3d72a30ca145,alle-superiori-con-la-sindrome-di-rett,it,Scuola,,unknown,Valore non mappato: 'Scuola' — aggiungere a categorie.json o assegnare manualmente
d968e6f4-b67b-435e-a083-a4fd95f89a6a,e-se-rivoluzionassimo-la-spesa,it,Progetti,,unknown,Valore non mappato: 'Progetti' — aggiungere a categorie.json o assegnare manualmente
d8dd6a6f-357c-4644-8685-41d894bbbe6b,fare-ed-esserci,it,Fede e Luce,fede-e-luce,dry,
450a75a9-a7a3-464f-8d11-11e5620d3099,la-parola-prende-vita,it,Fede e Luce,fede-e-luce,dry,
88a12211-2294-40af-ac08-ee9f3a4d25a7,porte-aperte,it,Progetti,,unknown,Valore non mappato: 'Progetti' — aggiungere a categorie.json o assegnare manualmente
752f2dd6-8cf9-43c7-851a-90ea5fac798b,se-la-scuola-dellinclusione-mi-ha-insegnato-il-pensiero-crit,it,Scuola,,unknown,Valore non mappato: 'Scuola' — aggiungere a categorie.json o assegnare manualmente
4bdc3e25-4a7f-450f-92b2-ca47739751ef,fu-un-buon-vento,it,Scuola,,unknown,Valore non mappato: 'Scuola' — aggiungere a categorie.json o assegnare manualmente
4f86c1ff-66be-4907-b623-e43a15def417,una-relazione-importante,it,Scuola,,unknown,Valore non mappato: 'Scuola' — aggiungere a categorie.json o assegnare manualmente
9831273d-35e8-4995-a657-81dd99d88f45,chi-ben-comincia,it,Famiglia,,unknown,Valore non mappato: 'Famiglia' — aggiungere a categorie.json o assegnare manualmente
af44d6df-ecc3-46fc-95f7-2ee504074765,il-mondo-in-un-punto-fisso-recensione,it,Cultura,cultura,dry,
18124f90-6e01-46a6-8555-7ec6ea14746b,il-paese-dei-pazzi-recensione,it,Cultura,cultura,dry,
e9097700-cbec-48c8-88c8-d2897fcbb2d7,quale-liberta,it,Famiglia,,unknown,Valore non mappato: 'Famiglia' — aggiungere a categorie.json o assegnare manualmente
af17c010-03ea-45db-8388-0369c2712533,la-trattoria-de-gli-amici,it,Famiglia,,unknown,Valore non mappato: 'Famiglia' — aggiungere a categorie.json o assegnare manualmente
2d9606a2-f400-480b-8a65-c38c048c213c,san-sebastian-il-piu-piccolo-dei-grandi-festival,it,Cultura,cultura,dry,
5c4ab5f3-c8be-4f28-8b54-b992b2a50f35,per-una-giusta-rappresentazione-della-disabilita-sul-grande-,it,Cultura,cultura,dry,
6079bee2-862a-4236-ae61-9402c790465d,san-sebastian-festival-tardes-de-soledad,it,Cultura,cultura,dry,
b7f78061-c117-4617-a5b9-fb25117f0149,una-prospettiva-degna-della-nostra-umanita,it,Progetti,,unknown,Valore non mappato: 'Progetti' — aggiungere a categorie.json o assegnare manualmente
6671b829-d957-44e8-8faf-c2ef11467ca7,benvenuti-al-sud,it,Famiglia,,unknown,Valore non mappato: 'Famiglia' — aggiungere a categorie.json o assegnare manualmente
2c69b78a-3238-41d4-b893-5a5f8c758165,io-che-aspetto-sempre-lalba-non-gli-scout-alla-messa-di-mezz,it,Spiritualità,spiritualita,dry,
8637449c-fd7c-419f-bd36-edfc25f7dada,il-mio-soggiorno-in-salento,it,Famiglia,,unknown,Valore non mappato: 'Famiglia' — aggiungere a categorie.json o assegnare manualmente
af81fad9-8508-4d2b-a946-fa4044b2df6a,la-casa-in-campagna,it,Spiritualità,spiritualita,dry,
5e59a6f8-a255-4f93-abaf-b742ae69a7b0,e-tu-slegalo,it,Spiritualità,spiritualita,dry,
fedb7c38-97be-46df-9ef0-949484960ae7,il-grande-traghettatore-punto-per-punto,it,Salute,,unknown,Valore non mappato: 'Salute' — aggiungere a categorie.json o assegnare manualmente
d965c79b-9ac4-4f5c-b056-f419ed243648,attualita-di-un-centenario,it,Salute,,unknown,Valore non mappato: 'Salute' — aggiungere a categorie.json o assegnare manualmente
cc623a16-3080-4fd5-814e-1ce6f9d69270,molto-piu-di-un-aggettivo,it,Famiglia,,unknown,Valore non mappato: 'Famiglia' — aggiungere a categorie.json o assegnare manualmente
70865735-e020-42d8-a342-83a97dbd7a29,rete,it,Famiglia,,unknown,Valore non mappato: 'Famiglia' — aggiungere a categorie.json o assegnare manualmente
56f97695-4788-4f7e-99ac-39f942138f65,marco-cavallo-nel-mondo,it,Spiritualità,spiritualita,dry,
532c83fd-a44c-4d41-a5ec-13131ffac9e1,in-cammino-con-te,it,Fede e Luce,fede-e-luce,dry,
e68b3f80-b677-472c-944f-d829f3143124,un-percorso-irreversibile-avviato-dal-basso,it,Spiritualità,spiritualita,dry,
86685073-5004-4cd4-99b2-1c62ad6ac2e4,trasformare-le-pratiche,it,Salute,,unknown,Valore non mappato: 'Salute' — aggiungere a categorie.json o assegnare manualmente
4097dbbb-04b2-47e5-bdf5-bf0752b65fc3,batteria-scarica,it,Spiritualità,spiritualita,dry,
594d2a4a-94c4-496e-89d1-6f7b8eb23e41,non-sono-abituato-a-fare-lo-zaino,it,Spiritualità,spiritualita,dry,
4d74f7aa-8c75-429d-be51-199c56934661,abitare-le-differenze-recensione,it,Cultura,cultura,dry,
976b4bf4-b06d-4288-a5a5-78aca957b4db,zia-giuliana-il-carrellino-della-nonna-e-le-mie-domande,it,Spiritualità,spiritualita,dry,
64ba04b1-ec25-4856-8331-46254eadeb9c,storie-di-guerra-confini-e-speranza,it,Cultura,cultura,dry,
38f569f5-bd24-497d-89ba-91fdc2fd1c76,a-ruota-libera-recensione,it,Cultura,cultura,dry,
76bf49f9-2b41-4cc5-b11c-0e8f19f35c4d,il-dono-e-la-citta-recensione,it,Cultura,cultura,dry,
b1755421-942a-4e81-b9e4-c616d839b7ca,insegnare-al-principe-di-danimarca-recensione,it,Cultura,cultura,dry,
40529be7-6b5a-4222-8ea4-1cc8d00fc6dc,rispondo-ai-commenti,it,Spiritualità,spiritualita,dry,
f532c14f-d1cc-4110-9a7d-a7b7391344c6,decido-io-di-mangiare-in-alto-a-sinistra,it,Spiritualità,spiritualita,dry,
58bdc64a-3857-442e-b72e-ee86b5b0a623,per-continuare-a-mettere-in-cerchio,it,Fede e Luce,fede-e-luce,dry,
7040a752-ee53-440b-8db2-9b029b24ac77,consigli-per-i-film-delle-feste,it,Cultura,cultura,dry,
6c4246a0-1574-4c20-94d8-c058d9bc9ca2,la-tuscolana-non-e-dragoncello,it,Famiglia,,unknown,Valore non mappato: 'Famiglia' — aggiungere a categorie.json o assegnare manualmente
621ea3f0-0827-40b8-a4dc-eb2886e3015d,come-ogni-anno-da-oltre-ventanni,it,Spiritualità,spiritualita,dry,
23b0e60c-baad-4b3d-95dc-9d72f72ee35e,anelli-di-incontri,it,Fede e Luce,fede-e-luce,dry,
04fbd325-51c2-4592-96a8-1aa2a6bc6791,trascendere-i-limiti-per-abbracciare-ogni-limite,it,Fede e Luce,fede-e-luce,dry,
c3770593-ef54-4387-bba4-e9a093770e29,piccole-ma-decisive,it,Famiglia,,unknown,Valore non mappato: 'Famiglia' — aggiungere a categorie.json o assegnare manualmente
33a91f57-1929-4438-9e89-96c1dbfdd558,dialogo-aperto-2,it,Progetti,,unknown,Valore non mappato: 'Progetti' — aggiungere a categorie.json o assegnare manualmente
66a3f93c-e914-4347-9c61-34fc726a9c76,trascendere-i-limiti-per-abbracciare-ogni-limite-en,en,,,skip_null,
5571cee7-bfff-4602-8607-085c1674be97,come-vitamina-tra-la-gente,it,Fede e Luce,fede-e-luce,dry,
aac66e5d-477a-486d-8275-69e85593d505,quel-che-letichetta-racconta,it,Progetti,,unknown,Valore non mappato: 'Progetti' — aggiungere a categorie.json o assegnare manualmente
747d5acf-1541-4200-8843-61078e6a9a1b,per-una-giusta-rappresentazione,it,Cultura,cultura,dry,
a17081e3-1677-4f2d-af22-96a5970a5e08,verso-una-pace-duratura,it,Fede e Luce,fede-e-luce,dry,
f6c1f930-7dbb-47ad-acaf-8fdca9e18701,storia-dellaborto-recensione,it,Cultura,cultura,dry,
94be75f6-3682-40ed-8512-b7b85e95391f,lora-di-greco-recensione,it,Cultura,cultura,dry,
d686dd56-706c-4c49-b802-e6bf1879cd04,essere-bea-recensione,it,Cultura,cultura,dry,
f50be194-7e34-4e89-8577-438757a32130,avanti-veloce-viaggio-nelladhd-recensione,it,Cultura,cultura,dry,
7f56d22a-11d0-463e-909c-3cf7b3130c77,e-le-ferie,it,Spiritualità,spiritualita,dry,
9572cd98-8080-4bae-b6b8-c9e2f151282c,come-me-anche-la-sposa-era-vestita-di-bianco,it,Spiritualità,spiritualita,dry,
f02cfdb4-f8d4-4275-be94-f39ab4a64c7a,di-polemiche-e-accessibilita-alla-berlinale75,it,Cultura,cultura,dry,
d8db6d6e-8aaf-4a62-9b3b-9c6626f2727d,il-ruolo-di-cura-quattro-film-berlinale,it,Cultura,cultura,dry,
8e92b2b3-a5e8-4674-b72a-2a4e925470e3,claudio-lavanda,it,Spiritualità,spiritualita,dry,
0a98970a-bff4-4055-b796-4bec1c2d292b,i-pellegrinaggi-di-fede-e-luce,it,Fede e Luce,fede-e-luce,dry,
f6877d1c-cdd8-4a14-920a-bd61fd86fffc,limpossibile-diventa-possibile-recensione,it,Cultura,cultura,dry,
a8af3c38-828d-4cf1-be6a-621e472f3f39,grazie-papa-francesco-per-quanto-ci-hai-voluto-bene,it,Spiritualità,spiritualita,dry,
4633beb6-7eab-4b4f-b8bf-7fc482c75199,dialogo-aperto-n-169,it,Cultura,cultura,dry,
f58a63bb-08ff-4f43-a551-1909579c0498,la-scelta-di-geel,it,Fede e Luce,fede-e-luce,dry,
788fb02b-77b1-48fc-8c13-885bd1f7d1eb,cinquantanni-di-pellegrinaggi,it,Fede e Luce,fede-e-luce,dry,
72018c33-3be5-43a9-93d0-e59df3a47a90,the-stories-we-tell,en,Spiritualità,spiritualita,dry,
8f8eca9f-c061-4679-a30e-217e5c2c6543,dio-ci-ama-tutti-incondizionatamente,it,Spiritualità,spiritualita,dry,
092697d1-1946-439c-a1a7-9d98a77b37c2,tra-gli-ultimi-regali-di-mio-padre,it,Fede e Luce,fede-e-luce,dry,
274be708-fddf-4bb3-8cc9-aa649a5fbd29,di-chiavi-e-di-porte,it,Fede e Luce,fede-e-luce,dry,
46eb491c-fc49-4eba-9228-cfd544978da1,vita-in-poverta,it,Lavoro,,unknown,Valore non mappato: 'Lavoro' — aggiungere a categorie.json o assegnare manualmente
986d8424-47e7-49fc-af84-f23e5016dbb9,storie-che-ci-vengono-affidate,it,Fede e Luce,fede-e-luce,dry,
6ac0f84e-da25-4595-b90f-61ca10aa7c24,mastri-biscottai-in-31-casette,it,Progetti,,unknown,Valore non mappato: 'Progetti' — aggiungere a categorie.json o assegnare manualmente
bb60f73c-0a0a-497b-ad16-455873562f61,con-la-valigia-ma-senza-bagaglio,it,Progetti,,unknown,Valore non mappato: 'Progetti' — aggiungere a categorie.json o assegnare manualmente
3ce06f5d-5d82-4951-85b5-6d4e2607bca5,qui-e-ora,it,Fede e Luce,fede-e-luce,dry,
0392d995-3177-443f-811d-ba2eb6a29b89,lemporio-del-cielo-e-della-terra-recensione,it,Cultura,cultura,dry,
fdf8a237-a6d3-4a66-943e-5b636ce615d7,lorco-del-piano-di-sotto-recensione,it,Cultura,cultura,dry,
0a888bb0-a684-40cf-b5f8-08ad78840bbf,testing-women-testing-the-fetus-recensione,it,Cultura,cultura,dry,
4f1034ef-fd28-4b95-9ad6-3aa37feeba91,dialogo-aperto-per-papa-francesco,it,Famiglia,,unknown,Valore non mappato: 'Famiglia' — aggiungere a categorie.json o assegnare manualmente
4b86605b-6326-4ae1-927d-fac44e7bf933,con-noi,it,Spiritualità,spiritualita,dry,
ca6c8927-3e1c-40a4-842b-c5ea84e5d50c,cambiamenti-in-arrivo-nel-cinema-italiano,it,Cultura,cultura,dry,
33d8596f-8649-4e02-9e7d-6b704497a1d1,meglio-ballare-che-arrabbiarsi,it,Spiritualità,spiritualita,dry,
3f45bbb3-ffce-4fce-b757-0ddb62c1fe19,una-festa-bellissima-ma-non-perfetta,it,Fede e Luce,fede-e-luce,dry,
622f3bcc-bc6b-44c6-938a-96b88f1e75da,inclusive-catechesis-when-faith-becomes-tactile,en,Spiritualità,spiritualita,dry,
a854c975-e1e5-415e-bccf-ffd25ba2eec3,catechesi-inclusiva-materiali-tattili,it,Catechesi,,unknown,Valore non mappato: 'Catechesi' — aggiungere a categorie.json o assegnare manualmente
b9108d17-5e90-4909-98a9-cba5fb240852,22-fun-mini-games-to-play-together,en,Spiritualità,spiritualita,dry,
04038500-b251-42c4-86e9-6addc3c0e6c1,i-almost-gave-up,en,Spiritualità,spiritualita,dry,
8a8b7baf-bf56-48b7-8185-dc587e4b8563,io-stavo-per-mollare,it,Famiglia,,unknown,Valore non mappato: 'Famiglia' — aggiungere a categorie.json o assegnare manualmente
493d6819-da0d-4bd1-850a-2f7efa3b6bf7,intelligenza-artificiale-e-memoria-editoriale-il-mio-lavoro-,it,Cultura,cultura,dry,
d9e58c1b-efac-414b-9ef4-a51b9c0ed96c,nuotando-con-amore-ancora-una-volta,it,Famiglia,,unknown,Valore non mappato: 'Famiglia' — aggiungere a categorie.json o assegnare manualmente
949f3303-99f4-4e9b-a392-ea6ec8ae151d,scintilla-bellissima,it,Progetti,,unknown,Valore non mappato: 'Progetti' — aggiungere a categorie.json o assegnare manualmente
8843b92b-8d62-4d77-bfc9-c6d8ef28ef72,padel-for-autism-a-game-where-everyone-wins,en,Famiglia,,unknown,Valore non mappato: 'Famiglia' — aggiungere a categorie.json o assegnare manualmente
4db8526a-096b-4c7e-bb7b-ba0d3d88ac02,linclusione-che-ancora-manca-nel-cinema-italiano,it,Cultura,cultura,dry,
2b017cbb-c60b-4c31-9494-425723c6ba7d,tuffarsi-nelle-storie-ma-mai-da-soli,it,Salute,,unknown,Valore non mappato: 'Salute' — aggiungere a categorie.json o assegnare manualmente
7a3e0e18-220c-473d-9880-1852c35e722c,in-pellegrinaggio-con-unitalsi-e-fede-e-luce,it,Spiritualità,spiritualita,dry,
7d1cb58a-37a6-4e59-8350-abb91b7d452f,diving-into-stories-but-never-alone,en,Spiritualità,spiritualita,dry,
74da053e-2196-4973-8295-5a9d074cc3c9,two-ways-of-pilgrimage-one-heart-of-faith,en,Fede e Luce,fede-e-luce,dry,
ea0b6597-7341-4690-b80f-0eaf6684d856,my-son-has-friends,en,Fede e Luce,fede-e-luce,dry,
796add14-3820-4eb1-bdd0-60e5b6e1e931,mio-figlio-ha-degli-amici,it,Fede e Luce,fede-e-luce,dry,
39b9230d-016a-42b7-98c8-be9c689e2f87,specchi-il-giubileo-del-mondo-del-volontariato-recensione,it,Cultura,cultura,dry,
86a23cdc-89b6-48ef-a61a-273e6c3f616f,un-venerdi-di-aprile-recensioni,it,Cultura,cultura,dry,
16c68611-4261-48cb-a21e-e2dfb0ac642d,mal-di-nebbia-recensione,it,Cultura,cultura,dry,
4b2ec248-8250-46d1-bc93-56b214f6f607,pilgrims-on-film-sacred-journeys-from-lourdes-to-mecca,en,Fede e Luce,fede-e-luce,dry,
127506a0-aba2-44b1-b3bc-c935f95ed4d1,verso-pompei-per-i-50-anni-di-fede-e-luce-in-italia,it,Fede e Luce,fede-e-luce,dry,
48a5edb0-50e4-49f2-a6fa-c7ef30c35d99,pellegrinaggi-al-cinema,it,Cultura,cultura,dry,
eca7f463-456b-42b9-9583-dfe261d5f2e2,faith-and-light-at-fifty-a-journey-still-burning-bright,en,Fede e Luce,fede-e-luce,dry,
dccef4dc-92b2-4420-a08e-2aebf2e07565,a-santiago-per-mio-figlio,it,Salute,,unknown,Valore non mappato: 'Salute' — aggiungere a categorie.json o assegnare manualmente
1d83786b-d3b2-4826-8642-525223f2b225,a-fathers-camino-walking-side-by-side-with-my-autistic-son,en,Spiritualità,spiritualita,dry,
ba84d335-1902-4c67-9ed1-3ef11699258a,working-at-the-restaurant-is-always-fun,en,Spiritualità,spiritualita,dry,
f76318ba-72ac-4e87-96de-4266aeb55f03,se-sei-sola-invece-non-e-bello,it,Spiritualità,spiritualita,dry,
ce8b4c25-f9fa-46fa-a8fd-025f452f344e,i-made-this-movie-for-him-not-for-myself,en,Cultura,cultura,dry,
fe6d5ecd-7046-4501-a86e-afc64de98a10,bobo-recensione-film,it,Cultura,cultura,dry,
448ad485-799b-49c6-b2e6-efc6ca410acf,di-provini-porte-ed-energia,it,Cultura,cultura,dry,
ddead178-3fcb-48be-9f3f-ca95cf9fa260,breaking-barriers-my-journey-as-an-autistic-actor,en,Cultura,cultura,dry,
580b3401-5945-4f35-aa56-ecf42c1d8131,a-holiday-at-europing-an-accessible-paradise-in-tarquinia,en,Spiritualità,spiritualita,dry,
ab6b2aab-2784-4257-b632-2ce4314869d0,in-vacanza-abbiamo-fatto-di-tutto,it,Progetti,,unknown,Valore non mappato: 'Progetti' — aggiungere a categorie.json o assegnare manualmente
49abf7e8-5073-4ac6-ad29-6ebcffd55cbc,domande-di-una-campionessa,it,Spiritualità,spiritualita,dry,
5926882d-b53a-4d69-930e-168aba109fa3,loyola-university,it,Fede e Luce,fede-e-luce,dry,
47d67f49-aa27-4783-8a4e-9dc9bd99c675,da-venezia-82-per-la-mostra-del-cinema,it,Cultura,cultura,dry,
bd106954-847e-402c-a528-c44ccb94d23e,diario-del-campo,it,Spiritualità,spiritualita,dry,
fde2e6a5-f139-4c2c-a368-e39add8c766d,te-lo-do-io-disney,it,Spiritualità,spiritualita,dry,
7434ba9e-2fce-4393-b1da-ac0fc747c667,a-parlare-non-ci-si-annoia-soprattutto-a-cena-insieme,it,Tempo libero,,unknown,Valore non mappato: 'Tempo libero' — aggiungere a categorie.json o assegnare manualmente
ba0ccf7b-f6fd-4172-a64c-831060237808,venezia-82-quando-la-realta-ti-insegue-dentro-al-cinema,it,Cultura,cultura,dry,
ffaa7722-a9bd-4ee1-8d42-8a93e934eba5,alla-piccola-marcia-di-assisi,it,Fede e Luce,fede-e-luce,dry,
3744e86f-f645-4422-a9b5-ee2ac54f9e85,passo-lento-recensione,it,Cultura,cultura,dry,
be2a9313-8240-4a84-8791-65f9fd3cdfb8,a-san-sebastian-il-silenzio-diventa-linguaggio,it,Cultura,cultura,dry,
6efb3b28-567e-4045-a1d2-bf8fd0ca7354,between-voices-and-signs-when-language-shapes-connection,en,Cultura,cultura,dry,
f824078b-430d-47b6-8688-be5ff6fe755c,freedom-has-no-age,en,Cultura,cultura,dry,
9d6ab57e-74f9-4be3-8ba9-69b4714e438c,27-notti-al-festival-di-san-sebastian-una-storia-di-liberta,it,Cultura,cultura,dry,
2c909606-60c0-46a9-af16-45bd7fcf7e49,che-bello-vedere-tanti-giovani,it,Educazione e Formazione,,unknown,Valore non mappato: 'Educazione e Formazione' — aggiungere a categorie.json o assegnare manualmente
969e52c2-89c9-4625-bb90-6a137043d4bb,disney-my-way-a-summer-camp-full-of-joy-and-friendship,en,Fede e Luce,fede-e-luce,dry,
95d10373-14dc-4149-bc9f-f7b78401d146,nutrire_sogni,it,Educazione e Formazione,,unknown,Valore non mappato: 'Educazione e Formazione' — aggiungere a categorie.json o assegnare manualmente
5153bdd7-80dd-407e-ab37-320c26c0ea48,dialogo-aperto-n-171,it,Fede e Luce,fede-e-luce,dry,
98c296b2-9017-403a-a556-7ab8a2624300,lucio-che-non-ha-mai-fretta-e-lutilita-degli-sgabelli,it,Spiritualità,spiritualita,dry,
cd1d3718-e035-484b-abc8-b7f5e40821b2,il-senso-di-quel-che-facciamo,it,Fede e Luce,fede-e-luce,dry,
7aa9e578-67d9-49f7-902a-e4593b805c40,tra-i-vicoli-di-napoli,it,Famiglia,,unknown,Valore non mappato: 'Famiglia' — aggiungere a categorie.json o assegnare manualmente
4d50a4bc-9a79-4305-8f05-ea6c93153a1d,una-terza-via,it,Spiritualità,spiritualita,dry,
449e140b-2396-4d23-9d10-0c7f102f95af,un-pellegrinaggio-significativo,it,Fede e Luce,fede-e-luce,dry,
82536e3f-3ebc-4cc3-a24c-dd6b14db0ab7,a-light-in-pompei-a-journey-of-faith-and-friendship,en,Fede e Luce,fede-e-luce,dry,
f064a87d-a6f8-49c9-bf90-125f50fe0751,dissodare-il-terreno,it,Fede e Luce,fede-e-luce,dry,
608a8d92-e489-4ac5-be6e-bff3af811013,semplicemente-maria-recensioni,it,Cultura,cultura,dry,
6fe7bafe-b0dd-4c81-822b-5f7efc4e017b,accoglienza-alle-porte-di-roma,it,Famiglia,,unknown,Valore non mappato: 'Famiglia' — aggiungere a categorie.json o assegnare manualmente
ceec0518-fb04-4c24-bc1a-c0b0e9fad323,cartella-clinica-recensioni,it,Cultura,cultura,dry,
b777f620-cede-4fe7-b1ff-a99d51b58199,cronaca-di-due-giorni-accidentati,it,Famiglia,,unknown,Valore non mappato: 'Famiglia' — aggiungere a categorie.json o assegnare manualmente
f9fc4b0b-dc03-4f18-ad22-327ef79f4957,difficile-senza-musica-recensione,it,Cultura,cultura,dry,
458ff9ce-83c5-4baf-8fe0-03bcd12d370f,di-feste-volute-e-di-feste-che-non-vorrei,it,Spiritualità,spiritualita,dry,
16349be6-b824-4de7-a42e-cc0b82d2527b,la-disabilita-non-e-una-vocazione-recensione,it,Cultura,cultura,dry,
1c9cd379-ac8c-4399-97d6-c1f5103a24bf,se-ci-sono-novita-sono-contento,it,Educazione e Formazione,,unknown,Valore non mappato: 'Educazione e Formazione' — aggiungere a categorie.json o assegnare manualmente
cb44e8a7-20d2-43d3-ad14-5497be4cd51c,edith-stein-and-the-courage-of-knowledge,en,Fede e Luce,fede-e-luce,dry,
9a2f372f-a692-4de8-8173-5fbf5732f7d2,il-grande-coraggio-di-edith-stein,it,Fede e Luce,fede-e-luce,dry,
c96f9d23-4213-4605-8e45-10c2f206db70,dovete-farci-lavorare-e-cantare,it,Spiritualità,spiritualita,dry,
ab00d3a5-fda9-4675-9acd-8909fc6e7cd9,suor-veronica-pompei,it,Spiritualità,spiritualita,dry,
e824662b-4994-413f-8e2d-438d61cbbf6d,i-film-e-la-serie-da-vedere-durante-le-feste,it,Cultura,cultura,dry,
de0dbcf5-0790-48ca-9e56-222b43e95feb,ho-letto-tutti-gli-articoli-di-ombre-e-luci-e-vi-racconto-co,it,Da categorizzare,da-categorizzare,needs_manual_assignment,Assegnare categoria manualmente in Directus
132a106d-229c-4b62-8e00-3142a366769c,torino-film-festival-tre-racconti-veri-si-distinguono-nonost,it,Cultura,cultura,dry,
d384ccaa-b7e9-4d16-b70a-740216f654d4,stars-in-the-spotlight-stories-in-the-shadows-three-films-at,en,Da categorizzare,da-categorizzare,needs_manual_assignment,Assegnare categoria manualmente in Directus
2479f572-f59a-4f5f-b556-37ac832748bf,mille-colori-in-un-quadro-di-amici,it,Fede e Luce,fede-e-luce,dry,
54b8362b-9137-44fe-93d0-93d5e06218a3,diagolo-aperto-n-172,it,Fede e Luce,fede-e-luce,dry,
30fea90c-ee69-4521-b6d4-c396725842f5,ho-deciso,it,Fede e Luce,fede-e-luce,dry,
44827c86-5fb5-40fc-8d72-3b53fc3cea1f,dialogo-aperto-letters-n-172,en,Da categorizzare,da-categorizzare,needs_manual_assignment,Assegnare categoria manualmente in Directus
d27637d4-b07e-434e-9fd2-f4d67138a979,a-thousand-colors-on-stage-communities-in-motion-at-pompei,en,Da categorizzare,da-categorizzare,needs_manual_assignment,Assegnare categoria manualmente in Directus
13c8bbb8-1279-4bb6-a06b-b5f08f5eaa41,stopping-choosing-making-a-difference,en,Da categorizzare,da-categorizzare,needs_manual_assignment,Assegnare categoria manualmente in Directus
6a40ecb0-7c3e-4fac-8ec3-c28a20d2fcdf,lattesa-nellattesa,it,Fede e Luce,fede-e-luce,dry,
3ccf1a79-27d2-42bb-bb17-89cc8da904bd,growing-up-with-my-brother,en,Da categorizzare,da-categorizzare,needs_manual_assignment,Assegnare categoria manualmente in Directus
ad75be0c-ed44-4046-9f5d-b3052d670c7c,no-longer-alone-a-mothers-journey-with-fede-e-luce,en,Da categorizzare,da-categorizzare,needs_manual_assignment,Assegnare categoria manualmente in Directus
d5f14f12-8f82-4ac1-89bb-9f76a148f9f8,in-the-storm-yet-not-alone,en,Da categorizzare,da-categorizzare,needs_manual_assignment,Assegnare categoria manualmente in Directus
e2bd911a-5102-4615-9b7d-2670498a40f1,the-magnificat-and-our-fragility,en,Da categorizzare,da-categorizzare,needs_manual_assignment,Assegnare categoria manualmente in Directus
e0b26071-6cbb-409a-a947-3fb88f92a409,quel-regalo-al-pubblico,it,Cultura,cultura,dry,
dea5b21f-12e6-4f15-97aa-e6033784f0c0,decidemmo-di-restare,it,Fede e Luce,fede-e-luce,dry,
eb887f9c-6b5d-4673-a8e8-ffc9dcb966d2,in-cosa-ci-sentiamo-fragili-oggi,it,Spiritualità,spiritualita,dry,
9f4d6472-2956-443e-90c2-3852c6300ce9,dare-spazio-a-chi-non-ne-ha,it,Progetti,,unknown,Valore non mappato: 'Progetti' — aggiungere a categorie.json o assegnare manualmente
7e4e1ba5-7ac1-48f7-a42e-b60788a01ca8,a-place-for-everyone-work-dignity-and-autism-at-autelier,en,Da categorizzare,da-categorizzare,needs_manual_assignment,Assegnare categoria manualmente in Directus
5c1231d9-74e9-4ef4-8b4e-db11643a3e2c,making-cinema-heard-accessibility-and-hearing-loss-at-the-ro,en,Da categorizzare,da-categorizzare,needs_manual_assignment,Assegnare categoria manualmente in Directus
685353ce-cf12-492b-a1b3-9f12a81aeac1,ho-capito-di-non-essere-lunica,it,Famiglia,,unknown,Valore non mappato: 'Famiglia' — aggiungere a categorie.json o assegnare manualmente
5438643d-ced6-4020-8543-d2fd68d95146,when-an-encounter-changes-everything,en,Da categorizzare,da-categorizzare,needs_manual_assignment,Assegnare categoria manualmente in Directus
0d08d7c9-441b-47e3-8c09-9f64a48cc474,when-waiting-becomes-encounter,en,Da categorizzare,da-categorizzare,needs_manual_assignment,Assegnare categoria manualmente in Directus
1f01f403-3b68-41cb-b23d-7855f32ef101,la-mia-traversata,it,Famiglia,,unknown,Valore non mappato: 'Famiglia' — aggiungere a categorie.json o assegnare manualmente
1ce2c467-2bf0-4b26-a70b-46e2cdc93437,quando-la-comunita-ti-viene-incontro,it,Famiglia,,unknown,Valore non mappato: 'Famiglia' — aggiungere a categorie.json o assegnare manualmente
a599a40a-1b6c-4b0d-b24c-e835585aa1c1,sono-molto-brava-a-cantare,it,Da categorizzare,da-categorizzare,needs_manual_assignment,Assegnare categoria manualmente in Directus
e5490ffb-aea0-426a-ac49-2415995cd268,singing-my-way,en,Da categorizzare,da-categorizzare,needs_manual_assignment,Assegnare categoria manualmente in Directus
467c5d36-e26f-49d3-9571-88904aa604e4,me-in-pompei,en,Da categorizzare,da-categorizzare,needs_manual_assignment,Assegnare categoria manualmente in Directus
ba2842f2-e352-42cc-9f77-b2f61df71a08,io-a-pompei,it,Da categorizzare,da-categorizzare,needs_manual_assignment,Assegnare categoria manualmente in Directus
b28d73e5-f972-4313-9112-9fa427d1d7ef,la-sedia-magica-della-mamma-recensione,it,Cultura,cultura,dry,
77c75e2b-9342-43a1-ba52-18806da87487,schizzo-estemporanea-realta-recensione,it,Cultura,cultura,dry,
f3a725a5-a077-4da2-9b9f-bb25d6719915,la-costituzione-dei-poveri-recensione,it,Cultura,cultura,dry,
c109231b-6f3c-4e7c-8b64-61c3feb97e93,donne-dellaltro-mondo-recensione,it,Cultura,cultura,dry,
cec38f4f-bff3-4e5f-8225-fcd8bc6ccd67,la-festa-di-compleanno-di-veronica,it,Tempo libero,,unknown,Valore non mappato: 'Tempo libero' — aggiungere a categorie.json o assegnare manualmente
1e3d2edb-b37e-4c2b-978a-8fd01b247dbe,a-birthday-evening-with-friends,en,Da categorizzare,da-categorizzare,needs_manual_assignment,Assegnare categoria manualmente in Directus
1c1a852b-5f6b-471f-8820-b2d2e9516554,staying-connected-even-when-im-not-always-there,en,Da categorizzare,da-categorizzare,needs_manual_assignment,Assegnare categoria manualmente in Directus
6ecba6ee-97bd-49be-a050-2d39cd50ae92,stories-from-the-margins-at-the-rotterdam-festival,en,Cultura,cultura,dry,
29507a50-11b8-4cdf-a2b4-94b42a8e4441,sto-vedendo-sempre-meno-i-miei-amici-di-fede-e-luce,it,Fede e Luce,fede-e-luce,dry,
70a68071-ad21-4045-80ed-d07f85ad94bd,storie-ai-margini-dal-festival-di-rotterdam,it,Cultura,cultura,dry,
c8d69626-f470-4234-9f45-e6615750a4b3,domande-sulle-persone-down,it,Salute,,unknown,Valore non mappato: 'Salute' — aggiungere a categorie.json o assegnare manualmente
256c9c56-aa19-4168-8358-0e4a0ee75507,cosa-si-fa-nelle-casette-di-fede-e-luce-le-risposte-di-chi-c,it,Fede e Luce,fede-e-luce,dry,
c7b719a7-b5b4-4ab5-aad1-571a4747e5f5,venezia-82-voci-dal-passato-cambiamo-futuro,it,Cultura,cultura,dry,
7b6b6727-3aaa-4787-be86-890c749c7956,non-avrei-mai-pensato,it,Famiglia,,unknown,Valore non mappato: 'Famiglia' — aggiungere a categorie.json o assegnare manualmente
f28d6c04-315d-4a66-b83b-0d8f2be45bfb,animare-una-messa-e-renderla-viva-facendo-lunita,it,Spiritualità,spiritualita,dry,
2317e627-98dc-4eef-93c4-c9c0adadb286,sprovveduto-e-sorpreso-chi-non-lo-e,it,Famiglia,,unknown,Valore non mappato: 'Famiglia' — aggiungere a categorie.json o assegnare manualmente
01ca4a4b-3dba-46d8-bf6b-08532ac1bbd3,scuola-e-disabilita-dallosservatorio-scolastico-deir-ai-as-d,it,Scuola,,unknown,Valore non mappato: 'Scuola' — aggiungere a categorie.json o assegnare manualmente
aec41cb3-1401-4875-a782-a2914e440400,momenti-misteriosi,it,Famiglia,,unknown,Valore non mappato: 'Famiglia' — aggiungere a categorie.json o assegnare manualmente
729bc212-9c72-4af1-bc55-43e73ca57dc3,amici-di-simone,it,Fede e Luce,fede-e-luce,dry,
f4c21227-147d-4456-9c16-d0140dc166c9,sono-responsabile-di-mio-fratello-disabile,it,Famiglia,,unknown,Valore non mappato: 'Famiglia' — aggiungere a categorie.json o assegnare manualmente
77c1c5b6-e063-4ea0-a359-b361408be0f5,paola-e-venuta-ad-abitare-con-noi-comunita-nicodemo,it,Progetti,,unknown,Valore non mappato: 'Progetti' — aggiungere a categorie.json o assegnare manualmente
d123f6c4-a982-47b8-8287-b367ae04b331,la-mia-lampada-frontale,it,Spiritualità,spiritualita,dry,
d3320a2e-f17d-4458-a71a-8d2f76382b10,sessualita-e-disabilita-il-meglio-e-il-peggio,it,,,skip_null,
5fea959a-6b4f-434c-8e20-d109c578fae8,giubileo-2016-la-vera-gioia,it,Spiritualità,spiritualita,dry,
1834334e-092c-46e2-9797-00eb2497bc33,segni-di-speranza,it,Fede e Luce,fede-e-luce,dry,
ea8eae6e-ace8-4eb5-a3bf-396f8d41d63b,siamo-stati-dei-buoni-genitori,it,Fede e Luce,fede-e-luce,dry,
06bf782b-3e7e-4ba3-9e61-6d7c0ff0af98,il-dente-del-giudizio-e-il-servizio-civile-volontario,it,Spiritualità,spiritualita,dry,
ee1e41a8-927f-4bac-b588-aa34b8c8ab39,sessualita-e-disabilita-non-aspettate-a-parlarne-presto,it,Educazione e Formazione,,unknown,Valore non mappato: 'Educazione e Formazione' — aggiungere a categorie.json o assegnare manualmente
bf928b19-ef16-4df4-8868-55a69835b4e6,amore-e-disabilita-in-casa-famiglia,it,Famiglia,,unknown,Valore non mappato: 'Famiglia' — aggiungere a categorie.json o assegnare manualmente
7d86978d-f45c-403a-ad46-13354163267a,anoressia-fame-damore-e,it,Famiglia,,unknown,Valore non mappato: 'Famiglia' — aggiungere a categorie.json o assegnare manualmente
d2253d4c-416c-46c1-ab9f-165228cd083b,scuola-e-disabilita-dallosservatorio-scolastico-deir-ai-as-d,en,,,skip_null,
66efd588-c5af-4590-8751-86242a7bf5b0,mille-pasti-al-giorno-alla-cooperativa-terra-gaia,it,Progetti,,unknown,Valore non mappato: 'Progetti' — aggiungere a categorie.json o assegnare manualmente
295940c7-5c2f-4d2c-87c7-2e2f10e7380a,vita-fede-e-luce-n-102-lincontro,it,Fede e Luce,fede-e-luce,dry,
c4b928c8-90d6-4714-8c9a-a7c068f164ef,sul-tetto-del-mondo-senza-muovere-un-passo,it,Progetti,,unknown,Valore non mappato: 'Progetti' — aggiungere a categorie.json o assegnare manualmente
fd0e498f-8fba-4217-8481-0b9cede063d6,scoprirsi-unici-e-crescere-insieme,it,Scuola,,unknown,Valore non mappato: 'Scuola' — aggiungere a categorie.json o assegnare manualmente
99613b71-7c25-4e8e-bf78-d620476c2cda,una-storia-sacra,it,Fede e Luce,fede-e-luce,dry,
1f35b790-f44b-4764-9376-d4526946ece1,bambini-e-autismo-mosaico-della-pace,it,Progetti,,unknown,Valore non mappato: 'Progetti' — aggiungere a categorie.json o assegnare manualmente
ab6aba92-1185-4572-b21c-786006c10d85,la-mia-disavventura,it,Scuola,,unknown,Valore non mappato: 'Scuola' — aggiungere a categorie.json o assegnare manualmente
09189983-9fc2-4850-b3df-502bca121215,la-nostra-buona-novella,it,Fede e Luce,fede-e-luce,dry,
58f9d356-6cf9-4a44-97bd-8803317c0ad1,iperattivita-un-bambino-complicato,it,Famiglia,,unknown,Valore non mappato: 'Famiglia' — aggiungere a categorie.json o assegnare manualmente
