wp_id,articolo_uuid,id_numero,numero_uuid,action,status,note
6344,,OEL-20,,set,skip_no_num,OEL-20 non trovato in Directus
6346,,OEL-20,,set,skip_no_num,OEL-20 non trovato in Directus
6350,,OEL-20,,set,skip_no_num,OEL-20 non trovato in Directus
6352,,OEL-20,,set,skip_no_num,OEL-20 non trovato in Directus
6361,,OEL-20,,set,skip_no_num,OEL-20 non trovato in Directus
6357,,OEL-20,,set,skip_no_num,OEL-20 non trovato in Directus
6337,,OEL-20,,set,skip_no_num,OEL-20 non trovato in Directus
224,,OEL-4,,set,skip_no_num,OEL-4 non trovato in Directus
228,,OEL-3,,set,skip_no_num,OEL-3 non trovato in Directus
300,,OEL-3,,set,skip_no_num,OEL-3 non trovato in Directus
330,,OEL-3,,set,skip_no_num,OEL-3 non trovato in Directus
342,,OEL-3,,set,skip_no_num,OEL-3 non trovato in Directus
313,,OEL-3,,set,skip_no_num,OEL-3 non trovato in Directus
325,,OEL-3,,set,skip_no_num,OEL-3 non trovato in Directus
328,,OEL-3,,set,skip_no_num,OEL-3 non trovato in Directus
340,,OEL-3,,set,skip_no_num,OEL-3 non trovato in Directus
353,,OEL-3,,set,skip_no_num,OEL-3 non trovato in Directus
371,,OEL-3,,set,skip_no_num,OEL-3 non trovato in Directus
1217,,OEL-2,,set,skip_no_num,OEL-2 non trovato in Directus
6982,,OEL-26,,set,skip_no_num,OEL-26 non trovato in Directus
7021,,OEL-26,,set,skip_no_num,OEL-26 non trovato in Directus
7027,,OEL-26,,set,skip_no_num,OEL-26 non trovato in Directus
7029,,OEL-26,,set,skip_no_num,OEL-26 non trovato in Directus
7036,,OEL-26,,set,skip_no_num,OEL-26 non trovato in Directus
7050,,OEL-26,,set,skip_no_num,OEL-26 non trovato in Directus
7052,,OEL-26,,set,skip_no_num,OEL-26 non trovato in Directus
7054,,OEL-26,,set,skip_no_num,OEL-26 non trovato in Directus
7059,,OEL-26,,set,skip_no_num,OEL-26 non trovato in Directus
7062,,OEL-26,,set,skip_no_num,OEL-26 non trovato in Directus
7103,,OEL-27,,set,skip_no_num,OEL-27 non trovato in Directus
6988,,OEL-26,,set,skip_no_num,OEL-26 non trovato in Directus
6990,,OEL-26,,set,skip_no_num,OEL-26 non trovato in Directus
25267,,OEL-145,,set,skip_no_num,OEL-145 non trovato in Directus
7109,,OEL-27,,set,skip_no_num,OEL-27 non trovato in Directus
6976,,OEL-26,,set,skip_no_num,OEL-26 non trovato in Directus
607,,OEL-2,,set,skip_no_num,OEL-2 non trovato in Directus
609,,OEL-2,,set,skip_no_num,OEL-2 non trovato in Directus
612,,OEL-2,,set,skip_no_num,OEL-2 non trovato in Directus
617,,OEL-2,,set,skip_no_num,OEL-2 non trovato in Directus
764,,OEL-132,,set,skip_no_num,OEL-132 non trovato in Directus
767,,OEL-132,,set,skip_no_num,OEL-132 non trovato in Directus
774,,OEL-132,,set,skip_no_num,OEL-132 non trovato in Directus
777,,OEL-132,,set,skip_no_num,OEL-132 non trovato in Directus
6984,,OEL-26,,set,skip_no_num,OEL-26 non trovato in Directus
1183,,OEL-132,,set,skip_no_num,OEL-132 non trovato in Directus
1186,,OEL-132,,set,skip_no_num,OEL-132 non trovato in Directus
1188,,OEL-2,,set,skip_no_num,OEL-2 non trovato in Directus
1195,,OEL-2,,set,skip_no_num,OEL-2 non trovato in Directus
1211,,OEL-2,,set,skip_no_num,OEL-2 non trovato in Directus
1223,,OEL-2,,set,skip_no_num,OEL-2 non trovato in Directus
1410,,OEL-132,,set,skip_no_num,OEL-132 non trovato in Directus
1412,,OEL-132,,set,skip_no_num,OEL-132 non trovato in Directus
1414,,OEL-132,,set,skip_no_num,OEL-132 non trovato in Directus
1419,,OEL-132,,set,skip_no_num,OEL-132 non trovato in Directus
1421,,OEL-132,,set,skip_no_num,OEL-132 non trovato in Directus
1423,,OEL-132,,set,skip_no_num,OEL-132 non trovato in Directus
1425,,OEL-132,,set,skip_no_num,OEL-132 non trovato in Directus
1435,,OEL-131,,set,skip_no_num,OEL-131 non trovato in Directus
1438,,OEL-131,,set,skip_no_num,OEL-131 non trovato in Directus
1440,,OEL-131,,set,skip_no_num,OEL-131 non trovato in Directus
1442,,OEL-131,,set,skip_no_num,OEL-131 non trovato in Directus
1444,,OEL-131,,set,skip_no_num,OEL-131 non trovato in Directus
1446,,OEL-131,,set,skip_no_num,OEL-131 non trovato in Directus
1449,,OEL-131,,set,skip_no_num,OEL-131 non trovato in Directus
1451,,OEL-131,,set,skip_no_num,OEL-131 non trovato in Directus
1453,,OEL-131,,set,skip_no_num,OEL-131 non trovato in Directus
1455,,OEL-131,,set,skip_no_num,OEL-131 non trovato in Directus
2402,,OEL-7,,set,skip_no_num,OEL-7 non trovato in Directus
1707,,OEL-2,,set,skip_no_num,OEL-2 non trovato in Directus
1955,,OEL-2,,set,skip_no_num,OEL-2 non trovato in Directus
1957,,OEL-2,,set,skip_no_num,OEL-2 non trovato in Directus
1960,,OEL-2,,set,skip_no_num,OEL-2 non trovato in Directus
2051,,OEL-3,,set,skip_no_num,OEL-3 non trovato in Directus
2053,,OEL-3,,set,skip_no_num,OEL-3 non trovato in Directus
2055,,OEL-3,,set,skip_no_num,OEL-3 non trovato in Directus
2057,,OEL-3,,set,skip_no_num,OEL-3 non trovato in Directus
2069,,OEL-3,,set,skip_no_num,OEL-3 non trovato in Directus
2192,,OEL-4,,set,skip_no_num,OEL-4 non trovato in Directus
2196,,OEL-4,,set,skip_no_num,OEL-4 non trovato in Directus
2199,,OEL-4,,set,skip_no_num,OEL-4 non trovato in Directus
2201,,OEL-4,,set,skip_no_num,OEL-4 non trovato in Directus
2203,,OEL-4,,set,skip_no_num,OEL-4 non trovato in Directus
2212,,OEL-4,,set,skip_no_num,OEL-4 non trovato in Directus
2214,,OEL-4,,set,skip_no_num,OEL-4 non trovato in Directus
2218,,OEL-4,,set,skip_no_num,OEL-4 non trovato in Directus
2220,,OEL-4,,set,skip_no_num,OEL-4 non trovato in Directus
2222,,OEL-4,,set,skip_no_num,OEL-4 non trovato in Directus
2238,,OEL-5,,set,skip_no_num,OEL-5 non trovato in Directus
2243,,OEL-5,,set,skip_no_num,OEL-5 non trovato in Directus
2252,,OEL-5,,set,skip_no_num,OEL-5 non trovato in Directus
2257,,OEL-5,,set,skip_no_num,OEL-5 non trovato in Directus
2259,,OEL-5,,set,skip_no_num,OEL-5 non trovato in Directus
2263,,OEL-5,,set,skip_no_num,OEL-5 non trovato in Directus
2265,,OEL-5,,set,skip_no_num,OEL-5 non trovato in Directus
2270,,OEL-5,,set,skip_no_num,OEL-5 non trovato in Directus
2272,,OEL-5,,set,skip_no_num,OEL-5 non trovato in Directus
2274,,OEL-5,,set,skip_no_num,OEL-5 non trovato in Directus
2343,,OEL-6,,set,skip_no_num,OEL-6 non trovato in Directus
2348,,OEL-6,,set,skip_no_num,OEL-6 non trovato in Directus
2410,,OEL-7,,set,skip_no_num,OEL-7 non trovato in Directus
2352,,OEL-6,,set,skip_no_num,OEL-6 non trovato in Directus
2354,,OEL-6,,set,skip_no_num,OEL-6 non trovato in Directus
2356,,OEL-6,,set,skip_no_num,OEL-6 non trovato in Directus
2358,,OEL-6,,set,skip_no_num,OEL-6 non trovato in Directus
2361,,OEL-6,,set,skip_no_num,OEL-6 non trovato in Directus
2363,,OEL-6,,set,skip_no_num,OEL-6 non trovato in Directus
2366,,OEL-6,,set,skip_no_num,OEL-6 non trovato in Directus
2368,,OEL-6,,set,skip_no_num,OEL-6 non trovato in Directus
2380,,OEL-6,,set,skip_no_num,OEL-6 non trovato in Directus
2391,,OEL-7,,set,skip_no_num,OEL-7 non trovato in Directus
2394,,OEL-7,,set,skip_no_num,OEL-7 non trovato in Directus
2396,,OEL-7,,set,skip_no_num,OEL-7 non trovato in Directus
2398,,OEL-7,,set,skip_no_num,OEL-7 non trovato in Directus
2400,,OEL-7,,set,skip_no_num,OEL-7 non trovato in Directus
2404,,OEL-7,,set,skip_no_num,OEL-7 non trovato in Directus
2406,,OEL-7,,set,skip_no_num,OEL-7 non trovato in Directus
2416,,OEL-7,,set,skip_no_num,OEL-7 non trovato in Directus
2427,,OEL-8,,set,skip_no_num,OEL-8 non trovato in Directus
2431,,OEL-8,,set,skip_no_num,OEL-8 non trovato in Directus
2433,,OEL-8,,set,skip_no_num,OEL-8 non trovato in Directus
2437,,OEL-8,,set,skip_no_num,OEL-8 non trovato in Directus
2439,,OEL-8,,set,skip_no_num,OEL-8 non trovato in Directus
2441,,OEL-8,,set,skip_no_num,OEL-8 non trovato in Directus
2443,,OEL-8,,set,skip_no_num,OEL-8 non trovato in Directus
2445,,OEL-8,,set,skip_no_num,OEL-8 non trovato in Directus
2641,,OEL-5,,set,skip_no_num,OEL-5 non trovato in Directus
3002,,OEL-9,,set,skip_no_num,OEL-9 non trovato in Directus
3009,,OEL-9,,set,skip_no_num,OEL-9 non trovato in Directus
3013,,OEL-9,,set,skip_no_num,OEL-9 non trovato in Directus
3015,,OEL-9,,set,skip_no_num,OEL-9 non trovato in Directus
3018,,OEL-9,,set,skip_no_num,OEL-9 non trovato in Directus
3023,,OEL-9,,set,skip_no_num,OEL-9 non trovato in Directus
3027,,OEL-9,,set,skip_no_num,OEL-9 non trovato in Directus
3031,,OEL-9,,set,skip_no_num,OEL-9 non trovato in Directus
3035,,OEL-9,,set,skip_no_num,OEL-9 non trovato in Directus
3038,,OEL-9,,set,skip_no_num,OEL-9 non trovato in Directus
3040,,OEL-9,,set,skip_no_num,OEL-9 non trovato in Directus
3046,,OEL-9,,set,skip_no_num,OEL-9 non trovato in Directus
3048,,OEL-9,,set,skip_no_num,OEL-9 non trovato in Directus
3050,,OEL-9,,set,skip_no_num,OEL-9 non trovato in Directus
3116,,OEL-10,,set,skip_no_num,OEL-10 non trovato in Directus
3121,,OEL-10,,set,skip_no_num,OEL-10 non trovato in Directus
3136,,OEL-10,,set,skip_no_num,OEL-10 non trovato in Directus
3139,,OEL-10,,set,skip_no_num,OEL-10 non trovato in Directus
3141,,OEL-10,,set,skip_no_num,OEL-10 non trovato in Directus
3143,,OEL-10,,set,skip_no_num,OEL-10 non trovato in Directus
3146,,OEL-10,,set,skip_no_num,OEL-10 non trovato in Directus
3149,,OEL-10,,set,skip_no_num,OEL-10 non trovato in Directus
3150,,OEL-10,,set,skip_no_num,OEL-10 non trovato in Directus
3153,,OEL-10,,set,skip_no_num,OEL-10 non trovato in Directus
3158,,OEL-10,,set,skip_no_num,OEL-10 non trovato in Directus
3160,,OEL-10,,set,skip_no_num,OEL-10 non trovato in Directus
3347,,OEL-139,,set,skip_no_num,OEL-139 non trovato in Directus
3371,,OEL-4,,set,skip_no_num,OEL-4 non trovato in Directus
9921,,OEL-49,,set,skip_no_num,OEL-49 non trovato in Directus
3646,,OEL-100,,set,skip_no_num,OEL-100 non trovato in Directus
3648,,OEL-100,,set,skip_no_num,OEL-100 non trovato in Directus
3650,,OEL-100,,set,skip_no_num,OEL-100 non trovato in Directus
3984,,OEL-131,,set,skip_no_num,OEL-131 non trovato in Directus
3988,,OEL-131,,set,skip_no_num,OEL-131 non trovato in Directus
3992,,OEL-131,,set,skip_no_num,OEL-131 non trovato in Directus
3997,,OEL-131,,set,skip_no_num,OEL-131 non trovato in Directus
4003,,OEL-131,,set,skip_no_num,OEL-131 non trovato in Directus
4023,,OEL-131,,set,skip_no_num,OEL-131 non trovato in Directus
4032,,OEL-131,,set,skip_no_num,OEL-131 non trovato in Directus
4039,,OEL-131,,set,skip_no_num,OEL-131 non trovato in Directus
4047,,OEL-131,,set,skip_no_num,OEL-131 non trovato in Directus
4054,,OEL-131,,set,skip_no_num,OEL-131 non trovato in Directus
4058,,OEL-131,,set,skip_no_num,OEL-131 non trovato in Directus
4063,,OEL-131,,set,skip_no_num,OEL-131 non trovato in Directus
4070,,OEL-131,,set,skip_no_num,OEL-131 non trovato in Directus
4151,,OEL-132,,set,skip_no_num,OEL-132 non trovato in Directus
4419,,OEL-125,,set,skip_no_num,OEL-125 non trovato in Directus
4426,,OEL-125,,set,skip_no_num,OEL-125 non trovato in Directus
4434,,OEL-105,,set,skip_no_num,OEL-105 non trovato in Directus
4439,,OEL-105,,set,skip_no_num,OEL-105 non trovato in Directus
4442,,OEL-109,,set,skip_no_num,OEL-109 non trovato in Directus
4444,,OEL-127,,set,skip_no_num,OEL-127 non trovato in Directus
4764,,OEL-13,,set,skip_no_num,OEL-13 non trovato in Directus
4787,,OEL-13,,set,skip_no_num,OEL-13 non trovato in Directus
4792,,OEL-124,,set,skip_no_num,OEL-124 non trovato in Directus
4794,,OEL-124,,set,skip_no_num,OEL-124 non trovato in Directus
4799,,OEL-124,,set,skip_no_num,OEL-124 non trovato in Directus
4803,,OEL-124,,set,skip_no_num,OEL-124 non trovato in Directus
4806,,OEL-124,,set,skip_no_num,OEL-124 non trovato in Directus
4807,,OEL-13,,set,skip_no_num,OEL-13 non trovato in Directus
4809,,OEL-124,,set,skip_no_num,OEL-124 non trovato in Directus
4811,,OEL-124,,set,skip_no_num,OEL-124 non trovato in Directus
4814,,OEL-13,,set,skip_no_num,OEL-13 non trovato in Directus
4821,,OEL-13,,set,skip_no_num,OEL-13 non trovato in Directus
4836,,OEL-13,,set,skip_no_num,OEL-13 non trovato in Directus
4839,,OEL-13,,set,skip_no_num,OEL-13 non trovato in Directus
4841,,OEL-13,,set,skip_no_num,OEL-13 non trovato in Directus
4843,,OEL-13,,set,skip_no_num,OEL-13 non trovato in Directus
4847,,OEL-13,,set,skip_no_num,OEL-13 non trovato in Directus
4894,,OEL-13,,set,skip_no_num,OEL-13 non trovato in Directus
4896,,OEL-13,,set,skip_no_num,OEL-13 non trovato in Directus
4899,,OEL-13,,set,skip_no_num,OEL-13 non trovato in Directus
4937,,OEL-124,,set,skip_no_num,OEL-124 non trovato in Directus
4988,,OEL-11,,set,skip_no_num,OEL-11 non trovato in Directus
5012,,OEL-11,,set,skip_no_num,OEL-11 non trovato in Directus
5020,,OEL-11,,set,skip_no_num,OEL-11 non trovato in Directus
5033,,OEL-11,,set,skip_no_num,OEL-11 non trovato in Directus
5040,,OEL-11,,set,skip_no_num,OEL-11 non trovato in Directus
5044,,OEL-11,,set,skip_no_num,OEL-11 non trovato in Directus
5057,,OEL-11,,set,skip_no_num,OEL-11 non trovato in Directus
5061,,OEL-11,,set,skip_no_num,OEL-11 non trovato in Directus
5063,,OEL-11,,set,skip_no_num,OEL-11 non trovato in Directus
5096,,OEL-12,,set,skip_no_num,OEL-12 non trovato in Directus
5108,,OEL-12,,set,skip_no_num,OEL-12 non trovato in Directus
5118,,OEL-12,,set,skip_no_num,OEL-12 non trovato in Directus
5129,,OEL-12,,set,skip_no_num,OEL-12 non trovato in Directus
5147,,OEL-12,,set,skip_no_num,OEL-12 non trovato in Directus
5149,,OEL-12,,set,skip_no_num,OEL-12 non trovato in Directus
5164,,OEL-12,,set,skip_no_num,OEL-12 non trovato in Directus
5170,,OEL-12,,set,skip_no_num,OEL-12 non trovato in Directus
5173,,OEL-12,,set,skip_no_num,OEL-12 non trovato in Directus
5175,,OEL-12,,set,skip_no_num,OEL-12 non trovato in Directus
5178,,OEL-12,,set,skip_no_num,OEL-12 non trovato in Directus
5200,,OEL-14,,set,skip_no_num,OEL-14 non trovato in Directus
5213,,OEL-14,,set,skip_no_num,OEL-14 non trovato in Directus
5216,,OEL-14,,set,skip_no_num,OEL-14 non trovato in Directus
5247,,OEL-101,,set,skip_no_num,OEL-101 non trovato in Directus
5266,,OEL-35,,set,skip_no_num,OEL-35 non trovato in Directus
5272,,OEL-14,,set,skip_no_num,OEL-14 non trovato in Directus
5275,,OEL-14,,set,skip_no_num,OEL-14 non trovato in Directus
5287,,OEL-14,,set,skip_no_num,OEL-14 non trovato in Directus
5304,,OEL-14,,set,skip_no_num,OEL-14 non trovato in Directus
5328,,OEL-14,,set,skip_no_num,OEL-14 non trovato in Directus
5381,,OEL-8,,set,skip_no_num,OEL-8 non trovato in Directus
5387,,OEL-14,,set,skip_no_num,OEL-14 non trovato in Directus
5723,,OEL-16,,set,skip_no_num,OEL-16 non trovato in Directus
5396,,OEL-14,,set,skip_no_num,OEL-14 non trovato in Directus
5403,,OEL-14,,set,skip_no_num,OEL-14 non trovato in Directus
5407,,OEL-14,,set,skip_no_num,OEL-14 non trovato in Directus
5420,,OEL-14,,set,skip_no_num,OEL-14 non trovato in Directus
5429,,OEL-14,,set,skip_no_num,OEL-14 non trovato in Directus
5447,,OEL-14,,set,skip_no_num,OEL-14 non trovato in Directus
5464,,OEL-14,,set,skip_no_num,OEL-14 non trovato in Directus
5578,,OEL-15,,set,skip_no_num,OEL-15 non trovato in Directus
6700,,OEL-23,,set,skip_no_num,OEL-23 non trovato in Directus
5597,,OEL-63,,set,skip_no_num,OEL-63 non trovato in Directus
5610,,OEL-15,,set,skip_no_num,OEL-15 non trovato in Directus
5617,,OEL-15,,set,skip_no_num,OEL-15 non trovato in Directus
5650,,OEL-15,,set,skip_no_num,OEL-15 non trovato in Directus
5671,,OEL-15,,set,skip_no_num,OEL-15 non trovato in Directus
5690,,OEL-15,,set,skip_no_num,OEL-15 non trovato in Directus
5698,,OEL-15,,set,skip_no_num,OEL-15 non trovato in Directus
5717,,OEL-16,,set,skip_no_num,OEL-16 non trovato in Directus
5742,,OEL-16,,set,skip_no_num,OEL-16 non trovato in Directus
5745,,OEL-16,,set,skip_no_num,OEL-16 non trovato in Directus
5751,,OEL-16,,set,skip_no_num,OEL-16 non trovato in Directus
5756,,OEL-16,,set,skip_no_num,OEL-16 non trovato in Directus
5760,,OEL-16,,set,skip_no_num,OEL-16 non trovato in Directus
5763,,OEL-16,,set,skip_no_num,OEL-16 non trovato in Directus
5768,,OEL-16,,set,skip_no_num,OEL-16 non trovato in Directus
5773,,OEL-16,,set,skip_no_num,OEL-16 non trovato in Directus
5776,,OEL-16,,set,skip_no_num,OEL-16 non trovato in Directus
5779,,OEL-16,,set,skip_no_num,OEL-16 non trovato in Directus
5782,,OEL-16,,set,skip_no_num,OEL-16 non trovato in Directus
5784,,OEL-16,,set,skip_no_num,OEL-16 non trovato in Directus
5840,,OEL-39,,set,skip_no_num,OEL-39 non trovato in Directus
5854,,OEL-52,,set,skip_no_num,OEL-52 non trovato in Directus
5844,,OEL-47,,set,skip_no_num,OEL-47 non trovato in Directus
5846,,OEL-39,,set,skip_no_num,OEL-39 non trovato in Directus
5869,,OEL-64,,set,skip_no_num,OEL-64 non trovato in Directus
5857,,OEL-23,,set,skip_no_num,OEL-23 non trovato in Directus
5861,,OEL-101,,set,skip_no_num,OEL-101 non trovato in Directus
5879,,OEL-56,,set,skip_no_num,OEL-56 non trovato in Directus
6035,,OEL-18,,set,skip_no_num,OEL-18 non trovato in Directus
6024,,OEL-18,,set,skip_no_num,OEL-18 non trovato in Directus
6044,,OEL-18,,set,skip_no_num,OEL-18 non trovato in Directus
6045,,OEL-101,,set,skip_no_num,OEL-101 non trovato in Directus
6049,,OEL-101,,set,skip_no_num,OEL-101 non trovato in Directus
6052,,OEL-18,,set,skip_no_num,OEL-18 non trovato in Directus
6053,,OEL-18,,set,skip_no_num,OEL-18 non trovato in Directus
6059,,OEL-18,,set,skip_no_num,OEL-18 non trovato in Directus
6062,,OEL-18,,set,skip_no_num,OEL-18 non trovato in Directus
6067,,OEL-64,,set,skip_no_num,OEL-64 non trovato in Directus
6072,,OEL-18,,set,skip_no_num,OEL-18 non trovato in Directus
6074,,OEL-18,,set,skip_no_num,OEL-18 non trovato in Directus
6076,,OEL-18,,set,skip_no_num,OEL-18 non trovato in Directus
6081,,OEL-18,,set,skip_no_num,OEL-18 non trovato in Directus
6082,,OEL-18,,set,skip_no_num,OEL-18 non trovato in Directus
6083,,OEL-39,,set,skip_no_num,OEL-39 non trovato in Directus
6087,,OEL-18,,set,skip_no_num,OEL-18 non trovato in Directus
7046,,OEL-26,,set,skip_no_num,OEL-26 non trovato in Directus
6106,,OEL-52,,set,skip_no_num,OEL-52 non trovato in Directus
6109,,OEL-39,,set,skip_no_num,OEL-39 non trovato in Directus
6111,,OEL-56,,set,skip_no_num,OEL-56 non trovato in Directus
6128,,OEL-19,,set,skip_no_num,OEL-19 non trovato in Directus
6144,,OEL-19,,set,skip_no_num,OEL-19 non trovato in Directus
6160,,OEL-19,,set,skip_no_num,OEL-19 non trovato in Directus
6176,,OEL-19,,set,skip_no_num,OEL-19 non trovato in Directus
6181,,OEL-19,,set,skip_no_num,OEL-19 non trovato in Directus
6188,,OEL-19,,set,skip_no_num,OEL-19 non trovato in Directus
6198,,OEL-19,,set,skip_no_num,OEL-19 non trovato in Directus
6195,,OEL-19,,set,skip_no_num,OEL-19 non trovato in Directus
6201,,OEL-19,,set,skip_no_num,OEL-19 non trovato in Directus
6205,,OEL-19,,set,skip_no_num,OEL-19 non trovato in Directus
6207,,OEL-19,,set,skip_no_num,OEL-19 non trovato in Directus
6210,,OEL-19,,set,skip_no_num,OEL-19 non trovato in Directus
6370,,OEL-20,,set,skip_no_num,OEL-20 non trovato in Directus
6373,,OEL-20,,set,skip_no_num,OEL-20 non trovato in Directus
6381,,OEL-20,,set,skip_no_num,OEL-20 non trovato in Directus
6384,,OEL-20,,set,skip_no_num,OEL-20 non trovato in Directus
6387,,OEL-20,,set,skip_no_num,OEL-20 non trovato in Directus
6398,,OEL-20,,set,skip_no_num,OEL-20 non trovato in Directus
6560,,OEL-21,,set,skip_no_num,OEL-21 non trovato in Directus
6572,,OEL-21,,set,skip_no_num,OEL-21 non trovato in Directus
6575,,OEL-21,,set,skip_no_num,OEL-21 non trovato in Directus
6582,,OEL-21,,set,skip_no_num,OEL-21 non trovato in Directus
6586,,OEL-21,,set,skip_no_num,OEL-21 non trovato in Directus
6589,,OEL-21,,set,skip_no_num,OEL-21 non trovato in Directus
6592,,OEL-21,,set,skip_no_num,OEL-21 non trovato in Directus
6595,,OEL-21,,set,skip_no_num,OEL-21 non trovato in Directus
6599,,OEL-21,,set,skip_no_num,OEL-21 non trovato in Directus
6602,,OEL-21,,set,skip_no_num,OEL-21 non trovato in Directus
6607,,OEL-21,,set,skip_no_num,OEL-21 non trovato in Directus
6634,,OEL-22,,set,skip_no_num,OEL-22 non trovato in Directus
6640,,OEL-22,,set,skip_no_num,OEL-22 non trovato in Directus
6642,,OEL-22,,set,skip_no_num,OEL-22 non trovato in Directus
6644,,OEL-22,,set,skip_no_num,OEL-22 non trovato in Directus
6646,,OEL-22,,set,skip_no_num,OEL-22 non trovato in Directus
6649,,OEL-22,,set,skip_no_num,OEL-22 non trovato in Directus
6652,,OEL-22,,set,skip_no_num,OEL-22 non trovato in Directus
6657,,OEL-22,,set,skip_no_num,OEL-22 non trovato in Directus
6670,,OEL-22,,set,skip_no_num,OEL-22 non trovato in Directus
6673,,OEL-22,,set,skip_no_num,OEL-22 non trovato in Directus
6678,,OEL-22,,set,skip_no_num,OEL-22 non trovato in Directus
6682,,OEL-22,,set,skip_no_num,OEL-22 non trovato in Directus
6686,,OEL-22,,set,skip_no_num,OEL-22 non trovato in Directus
6712,,OEL-23,,set,skip_no_num,OEL-23 non trovato in Directus
6724,,OEL-23,,set,skip_no_num,OEL-23 non trovato in Directus
6726,,OEL-23,,set,skip_no_num,OEL-23 non trovato in Directus
6728,,OEL-23,,set,skip_no_num,OEL-23 non trovato in Directus
6730,,OEL-23,,set,skip_no_num,OEL-23 non trovato in Directus
6732,,OEL-23,,set,skip_no_num,OEL-23 non trovato in Directus
6735,,OEL-23,,set,skip_no_num,OEL-23 non trovato in Directus
6741,,OEL-23,,set,skip_no_num,OEL-23 non trovato in Directus
6745,,OEL-23,,set,skip_no_num,OEL-23 non trovato in Directus
6761,,OEL-24,,set,skip_no_num,OEL-24 non trovato in Directus
6767,,OEL-24,,set,skip_no_num,OEL-24 non trovato in Directus
6774,,OEL-24,,set,skip_no_num,OEL-24 non trovato in Directus
6778,,OEL-24,,set,skip_no_num,OEL-24 non trovato in Directus
6781,,OEL-24,,set,skip_no_num,OEL-24 non trovato in Directus
6800,,OEL-24,,set,skip_no_num,OEL-24 non trovato in Directus
6805,,OEL-24,,set,skip_no_num,OEL-24 non trovato in Directus
6809,,OEL-24,,set,skip_no_num,OEL-24 non trovato in Directus
6894,,OEL-25,,set,skip_no_num,OEL-25 non trovato in Directus
6901,,OEL-25,,set,skip_no_num,OEL-25 non trovato in Directus
6903,,OEL-25,,set,skip_no_num,OEL-25 non trovato in Directus
6905,,OEL-25,,set,skip_no_num,OEL-25 non trovato in Directus
6907,,OEL-25,,set,skip_no_num,OEL-25 non trovato in Directus
6916,,OEL-25,,set,skip_no_num,OEL-25 non trovato in Directus
6929,,OEL-25,,set,skip_no_num,OEL-25 non trovato in Directus
6933,,OEL-25,,set,skip_no_num,OEL-25 non trovato in Directus
6935,,OEL-25,,set,skip_no_num,OEL-25 non trovato in Directus
6937,,OEL-25,,set,skip_no_num,OEL-25 non trovato in Directus
6939,,OEL-25,,set,skip_no_num,OEL-25 non trovato in Directus
6941,,OEL-25,,set,skip_no_num,OEL-25 non trovato in Directus
6943,,OEL-25,,set,skip_no_num,OEL-25 non trovato in Directus
7116,,OEL-27,,set,skip_no_num,OEL-27 non trovato in Directus
7118,,OEL-27,,set,skip_no_num,OEL-27 non trovato in Directus
7120,,OEL-27,,set,skip_no_num,OEL-27 non trovato in Directus
7123,,OEL-27,,set,skip_no_num,OEL-27 non trovato in Directus
7146,,OEL-27,,set,skip_no_num,OEL-27 non trovato in Directus
7149,,OEL-29,,set,skip_no_num,OEL-29 non trovato in Directus
7153,,OEL-27,,set,skip_no_num,OEL-27 non trovato in Directus
7157,,OEL-27,,set,skip_no_num,OEL-27 non trovato in Directus
7160,,OEL-27,,set,skip_no_num,OEL-27 non trovato in Directus
7163,,OEL-27,,set,skip_no_num,OEL-27 non trovato in Directus
7166,,OEL-27,,set,skip_no_num,OEL-27 non trovato in Directus
7189,,OEL-28,,set,skip_no_num,OEL-28 non trovato in Directus
7199,,OEL-28,,set,skip_no_num,OEL-28 non trovato in Directus
7202,,OEL-28,,set,skip_no_num,OEL-28 non trovato in Directus
7211,,OEL-28,,set,skip_no_num,OEL-28 non trovato in Directus
7216,,OEL-28,,set,skip_no_num,OEL-28 non trovato in Directus
7219,,OEL-28,,set,skip_no_num,OEL-28 non trovato in Directus
7223,,OEL-28,,set,skip_no_num,OEL-28 non trovato in Directus
7227,,OEL-28,,set,skip_no_num,OEL-28 non trovato in Directus
7230,,OEL-28,,set,skip_no_num,OEL-28 non trovato in Directus
7239,,OEL-28,,set,skip_no_num,OEL-28 non trovato in Directus
7314,,OEL-29,,set,skip_no_num,OEL-29 non trovato in Directus
7322,,OEL-29,,set,skip_no_num,OEL-29 non trovato in Directus
7327,,OEL-29,,set,skip_no_num,OEL-29 non trovato in Directus
7332,,OEL-29,,set,skip_no_num,OEL-29 non trovato in Directus
7335,,OEL-29,,set,skip_no_num,OEL-29 non trovato in Directus
7347,,OEL-29,,set,skip_no_num,OEL-29 non trovato in Directus
7367,,OEL-29,,set,skip_no_num,OEL-29 non trovato in Directus
7378,,OEL-29,,set,skip_no_num,OEL-29 non trovato in Directus
7384,,OEL-29,,set,skip_no_num,OEL-29 non trovato in Directus
7479,,OEL-30,,set,skip_no_num,OEL-30 non trovato in Directus
7431,,OEL-30,,set,skip_no_num,OEL-30 non trovato in Directus
7434,,OEL-30,,set,skip_no_num,OEL-30 non trovato in Directus
7451,,OEL-30,,set,skip_no_num,OEL-30 non trovato in Directus
7456,,OEL-30,,set,skip_no_num,OEL-30 non trovato in Directus
7461,,OEL-30,,set,skip_no_num,OEL-30 non trovato in Directus
7465,,OEL-30,,set,skip_no_num,OEL-30 non trovato in Directus
7468,,OEL-30,,set,skip_no_num,OEL-30 non trovato in Directus
7474,,OEL-30,,set,skip_no_num,OEL-30 non trovato in Directus
7476,,OEL-30,,set,skip_no_num,OEL-30 non trovato in Directus
7568,,OEL-139,,set,skip_no_num,OEL-139 non trovato in Directus
7570,,OEL-141,,set,skip_no_num,OEL-141 non trovato in Directus
7682,,OEL-31,,set,skip_no_num,OEL-31 non trovato in Directus
7687,,OEL-31,,set,skip_no_num,OEL-31 non trovato in Directus
7690,,OEL-31,,set,skip_no_num,OEL-31 non trovato in Directus
7695,,OEL-31,,set,skip_no_num,OEL-31 non trovato in Directus
7707,,OEL-31,,set,skip_no_num,OEL-31 non trovato in Directus
7716,,OEL-31,,set,skip_no_num,OEL-31 non trovato in Directus
7723,,OEL-31,,set,skip_no_num,OEL-31 non trovato in Directus
7729,,OEL-31,,set,skip_no_num,OEL-31 non trovato in Directus
7734,,OEL-31,,set,skip_no_num,OEL-31 non trovato in Directus
7740,,OEL-141,,set,skip_no_num,OEL-141 non trovato in Directus
7754,,OEL-31,,set,skip_no_num,OEL-31 non trovato in Directus
7758,,OEL-31,,set,skip_no_num,OEL-31 non trovato in Directus
7762,,OEL-31,,set,skip_no_num,OEL-31 non trovato in Directus
7770,,OEL-31,,set,skip_no_num,OEL-31 non trovato in Directus
7779,,OEL-31,,set,skip_no_num,OEL-31 non trovato in Directus
7783,,OEL-31,,set,skip_no_num,OEL-31 non trovato in Directus
7789,,OEL-31,,set,skip_no_num,OEL-31 non trovato in Directus
7798,,OEL-31,,set,skip_no_num,OEL-31 non trovato in Directus
7810,,OEL-31,,set,skip_no_num,OEL-31 non trovato in Directus
7816,,OEL-31,,set,skip_no_num,OEL-31 non trovato in Directus
7828,,OEL-31,,set,skip_no_num,OEL-31 non trovato in Directus
7842,,OEL-31,,set,skip_no_num,OEL-31 non trovato in Directus
7862,,OEL-31,,set,skip_no_num,OEL-31 non trovato in Directus
7874,,OEL-31,,set,skip_no_num,OEL-31 non trovato in Directus
7903,,OEL-32,,set,skip_no_num,OEL-32 non trovato in Directus
7917,,OEL-32,,set,skip_no_num,OEL-32 non trovato in Directus
7919,,OEL-32,,set,skip_no_num,OEL-32 non trovato in Directus
7922,,OEL-32,,set,skip_no_num,OEL-32 non trovato in Directus
7926,,OEL-32,,set,skip_no_num,OEL-32 non trovato in Directus
7932,,OEL-32,,set,skip_no_num,OEL-32 non trovato in Directus
7936,,OEL-32,,set,skip_no_num,OEL-32 non trovato in Directus
7941,,OEL-32,,set,skip_no_num,OEL-32 non trovato in Directus
7944,,OEL-32,,set,skip_no_num,OEL-32 non trovato in Directus
7951,,OEL-32,,set,skip_no_num,OEL-32 non trovato in Directus
7958,,OEL-32,,set,skip_no_num,OEL-32 non trovato in Directus
7966,,OEL-32,,set,skip_no_num,OEL-32 non trovato in Directus
7968,,OEL-32,,set,skip_no_num,OEL-32 non trovato in Directus
23838,,OEL-77,,set,skip_no_num,OEL-77 non trovato in Directus
8017,,OEL-33,,set,skip_no_num,OEL-33 non trovato in Directus
8057,,OEL-141,,set,skip_no_num,OEL-141 non trovato in Directus
8104,,OEL-33,,set,skip_no_num,OEL-33 non trovato in Directus
8108,,OEL-33,,set,skip_no_num,OEL-33 non trovato in Directus
8118,,OEL-33,,set,skip_no_num,OEL-33 non trovato in Directus
8129,,OEL-33,,set,skip_no_num,OEL-33 non trovato in Directus
8134,,OEL-33,,set,skip_no_num,OEL-33 non trovato in Directus
8140,,OEL-33,,set,skip_no_num,OEL-33 non trovato in Directus
8145,,OEL-33,,set,skip_no_num,OEL-33 non trovato in Directus
8147,,OEL-33,,set,skip_no_num,OEL-33 non trovato in Directus
8168,,OEL-34,,set,skip_no_num,OEL-34 non trovato in Directus
8174,,OEL-34,,set,skip_no_num,OEL-34 non trovato in Directus
8179,,OEL-34,,set,skip_no_num,OEL-34 non trovato in Directus
8184,,OEL-34,,set,skip_no_num,OEL-34 non trovato in Directus
8192,,OEL-34,,set,skip_no_num,OEL-34 non trovato in Directus
8199,,OEL-34,,set,skip_no_num,OEL-34 non trovato in Directus
8203,,OEL-34,,set,skip_no_num,OEL-34 non trovato in Directus
8207,,OEL-34,,set,skip_no_num,OEL-34 non trovato in Directus
8213,,OEL-34,,set,skip_no_num,OEL-34 non trovato in Directus
8217,,OEL-34,,set,skip_no_num,OEL-34 non trovato in Directus
8223,,OEL-34,,set,skip_no_num,OEL-34 non trovato in Directus
8229,,OEL-34,,set,skip_no_num,OEL-34 non trovato in Directus
8272,,OEL-141,,set,skip_no_num,OEL-141 non trovato in Directus
8277,,OEL-141,,set,skip_no_num,OEL-141 non trovato in Directus
8278,,OEL-17,,set,skip_no_num,OEL-17 non trovato in Directus
8303,,OEL-140,,set,skip_no_num,OEL-140 non trovato in Directus
8307,,OEL-17,,set,skip_no_num,OEL-17 non trovato in Directus
8312,,OEL-17,,set,skip_no_num,OEL-17 non trovato in Directus
8322,,OEL-17,,set,skip_no_num,OEL-17 non trovato in Directus
8325,,OEL-17,,set,skip_no_num,OEL-17 non trovato in Directus
8328,,OEL-17,,set,skip_no_num,OEL-17 non trovato in Directus
8331,,OEL-17,,set,skip_no_num,OEL-17 non trovato in Directus
8358,,OEL-35,,set,skip_no_num,OEL-35 non trovato in Directus
8362,,OEL-35,,set,skip_no_num,OEL-35 non trovato in Directus
8366,,OEL-35,,set,skip_no_num,OEL-35 non trovato in Directus
8369,,OEL-35,,set,skip_no_num,OEL-35 non trovato in Directus
8371,,OEL-35,,set,skip_no_num,OEL-35 non trovato in Directus
8376,,OEL-35,,set,skip_no_num,OEL-35 non trovato in Directus
8382,,OEL-35,,set,skip_no_num,OEL-35 non trovato in Directus
8386,,OEL-35,,set,skip_no_num,OEL-35 non trovato in Directus
8409,,OEL-36,,set,skip_no_num,OEL-36 non trovato in Directus
8426,,OEL-36,,set,skip_no_num,OEL-36 non trovato in Directus
8428,,OEL-36,,set,skip_no_num,OEL-36 non trovato in Directus
8430,,OEL-36,,set,skip_no_num,OEL-36 non trovato in Directus
8432,,OEL-36,,set,skip_no_num,OEL-36 non trovato in Directus
8440,,OEL-36,,set,skip_no_num,OEL-36 non trovato in Directus
8458,,OEL-36,,set,skip_no_num,OEL-36 non trovato in Directus
8465,,OEL-36,,set,skip_no_num,OEL-36 non trovato in Directus
8479,,OEL-36,,set,skip_no_num,OEL-36 non trovato in Directus
8514,,OEL-128,,set,skip_no_num,OEL-128 non trovato in Directus
8578,,OEL-37,,set,skip_no_num,OEL-37 non trovato in Directus
8584,,OEL-37,,set,skip_no_num,OEL-37 non trovato in Directus
8586,,OEL-37,,set,skip_no_num,OEL-37 non trovato in Directus
8593,,OEL-37,,set,skip_no_num,OEL-37 non trovato in Directus
8595,,OEL-37,,set,skip_no_num,OEL-37 non trovato in Directus
8599,,OEL-37,,set,skip_no_num,OEL-37 non trovato in Directus
8601,,OEL-37,,set,skip_no_num,OEL-37 non trovato in Directus
8605,,OEL-37,,set,skip_no_num,OEL-37 non trovato in Directus
8612,,OEL-37,,set,skip_no_num,OEL-37 non trovato in Directus
9074,,OEL-42,,set,skip_no_num,OEL-42 non trovato in Directus
8615,,OEL-37,,set,skip_no_num,OEL-37 non trovato in Directus
8665,,OEL-38,,set,skip_no_num,OEL-38 non trovato in Directus
8697,,OEL-38,,set,skip_no_num,OEL-38 non trovato in Directus
8699,,OEL-38,,set,skip_no_num,OEL-38 non trovato in Directus
9242,,OEL-43,,set,skip_no_num,OEL-43 non trovato in Directus
8712,,OEL-38,,set,skip_no_num,OEL-38 non trovato in Directus
8714,,OEL-38,,set,skip_no_num,OEL-38 non trovato in Directus
8719,,OEL-38,,set,skip_no_num,OEL-38 non trovato in Directus
8724,,OEL-38,,set,skip_no_num,OEL-38 non trovato in Directus
8727,,OEL-38,,set,skip_no_num,OEL-38 non trovato in Directus
8729,,OEL-38,,set,skip_no_num,OEL-38 non trovato in Directus
8731,,OEL-132,,set,skip_no_num,OEL-132 non trovato in Directus
8738,,OEL-38,,set,skip_no_num,OEL-38 non trovato in Directus
8752,,OEL-39,,set,skip_no_num,OEL-39 non trovato in Directus
8776,,OEL-39,,set,skip_no_num,OEL-39 non trovato in Directus
8784,,OEL-39,,set,skip_no_num,OEL-39 non trovato in Directus
8796,,OEL-39,,set,skip_no_num,OEL-39 non trovato in Directus
8798,,OEL-39,,set,skip_no_num,OEL-39 non trovato in Directus
8803,,OEL-39,,set,skip_no_num,OEL-39 non trovato in Directus
8809,,OEL-39,,set,skip_no_num,OEL-39 non trovato in Directus
8811,,OEL-39,,set,skip_no_num,OEL-39 non trovato in Directus
8816,,OEL-39,,set,skip_no_num,OEL-39 non trovato in Directus
8818,,OEL-39,,set,skip_no_num,OEL-39 non trovato in Directus
8822,,OEL-39,,set,skip_no_num,OEL-39 non trovato in Directus
8829,,OEL-39,,set,skip_no_num,OEL-39 non trovato in Directus
8849,,OEL-40,,set,skip_no_num,OEL-40 non trovato in Directus
8877,,OEL-40,,set,skip_no_num,OEL-40 non trovato in Directus
8884,,OEL-40,,set,skip_no_num,OEL-40 non trovato in Directus
8887,,OEL-40,,set,skip_no_num,OEL-40 non trovato in Directus
8890,,OEL-40,,set,skip_no_num,OEL-40 non trovato in Directus
8893,,OEL-40,,set,skip_no_num,OEL-40 non trovato in Directus
8900,,OEL-40,,set,skip_no_num,OEL-40 non trovato in Directus
8903,,OEL-40,,set,skip_no_num,OEL-40 non trovato in Directus
8905,,OEL-40,,set,skip_no_num,OEL-40 non trovato in Directus
8908,,OEL-40,,set,skip_no_num,OEL-40 non trovato in Directus
8910,,OEL-40,,set,skip_no_num,OEL-40 non trovato in Directus
8912,,OEL-40,,set,skip_no_num,OEL-40 non trovato in Directus
8914,,OEL-40,,set,skip_no_num,OEL-40 non trovato in Directus
8971,,OEL-41,,set,skip_no_num,OEL-41 non trovato in Directus
8981,,OEL-41,,set,skip_no_num,OEL-41 non trovato in Directus
8987,,OEL-41,,set,skip_no_num,OEL-41 non trovato in Directus
8989,,OEL-41,,set,skip_no_num,OEL-41 non trovato in Directus
8996,,OEL-41,,set,skip_no_num,OEL-41 non trovato in Directus
8998,,OEL-41,,set,skip_no_num,OEL-41 non trovato in Directus
9000,,OEL-41,,set,skip_no_num,OEL-41 non trovato in Directus
9002,,OEL-41,,set,skip_no_num,OEL-41 non trovato in Directus
9004,,OEL-41,,set,skip_no_num,OEL-41 non trovato in Directus
9006,,OEL-41,,set,skip_no_num,OEL-41 non trovato in Directus
9007,,OEL-41,,set,skip_no_num,OEL-41 non trovato in Directus
9010,,OEL-41,,set,skip_no_num,OEL-41 non trovato in Directus
9023,,OEL-41,,set,skip_no_num,OEL-41 non trovato in Directus
9061,,OEL-42,,set,skip_no_num,OEL-42 non trovato in Directus
9066,,OEL-42,,set,skip_no_num,OEL-42 non trovato in Directus
9070,,OEL-42,,set,skip_no_num,OEL-42 non trovato in Directus
9072,,OEL-42,,set,skip_no_num,OEL-42 non trovato in Directus
9076,,OEL-42,,set,skip_no_num,OEL-42 non trovato in Directus
9078,,OEL-42,,set,skip_no_num,OEL-42 non trovato in Directus
9081,,OEL-42,,set,skip_no_num,OEL-42 non trovato in Directus
9085,,OEL-42,,set,skip_no_num,OEL-42 non trovato in Directus
9088,,OEL-42,,set,skip_no_num,OEL-42 non trovato in Directus
9091,,OEL-42,,set,skip_no_num,OEL-42 non trovato in Directus
9099,,OEL-42,,set,skip_no_num,OEL-42 non trovato in Directus
9101,,OEL-42,,set,skip_no_num,OEL-42 non trovato in Directus
9103,,OEL-42,,set,skip_no_num,OEL-42 non trovato in Directus
9112,,OEL-42,,set,skip_no_num,OEL-42 non trovato in Directus
9116,,OEL-42,,set,skip_no_num,OEL-42 non trovato in Directus
9119,,OEL-42,,set,skip_no_num,OEL-42 non trovato in Directus
9126,,OEL-42,,set,skip_no_num,OEL-42 non trovato in Directus
9129,,OEL-42,,set,skip_no_num,OEL-42 non trovato in Directus
9132,,OEL-42,,set,skip_no_num,OEL-42 non trovato in Directus
9186,,OEL-43,,set,skip_no_num,OEL-43 non trovato in Directus
9244,,OEL-43,,set,skip_no_num,OEL-43 non trovato in Directus
9522,,OEL-45,,set,skip_no_num,OEL-45 non trovato in Directus
9256,,OEL-43,,set,skip_no_num,OEL-43 non trovato in Directus
9258,,OEL-43,,set,skip_no_num,OEL-43 non trovato in Directus
9260,,OEL-43,,set,skip_no_num,OEL-43 non trovato in Directus
9263,,OEL-43,,set,skip_no_num,OEL-43 non trovato in Directus
9265,,OEL-43,,set,skip_no_num,OEL-43 non trovato in Directus
9269,,OEL-43,,set,skip_no_num,OEL-43 non trovato in Directus
9271,,OEL-43,,set,skip_no_num,OEL-43 non trovato in Directus
9274,,OEL-43,,set,skip_no_num,OEL-43 non trovato in Directus
9276,,OEL-43,,set,skip_no_num,OEL-43 non trovato in Directus
9278,,OEL-43,,set,skip_no_num,OEL-43 non trovato in Directus
9282,,OEL-43,,set,skip_no_num,OEL-43 non trovato in Directus
9284,,OEL-43,,set,skip_no_num,OEL-43 non trovato in Directus
9292,,OEL-43,,set,skip_no_num,OEL-43 non trovato in Directus
9370,,OEL-44,,set,skip_no_num,OEL-44 non trovato in Directus
9375,,OEL-44,,set,skip_no_num,OEL-44 non trovato in Directus
9377,,OEL-44,,set,skip_no_num,OEL-44 non trovato in Directus
9380,,OEL-44,,set,skip_no_num,OEL-44 non trovato in Directus
9384,,OEL-44,,set,skip_no_num,OEL-44 non trovato in Directus
9405,,OEL-44,,set,skip_no_num,OEL-44 non trovato in Directus
9409,,OEL-44,,set,skip_no_num,OEL-44 non trovato in Directus
9413,,OEL-44,,set,skip_no_num,OEL-44 non trovato in Directus
9417,,OEL-44,,set,skip_no_num,OEL-44 non trovato in Directus
9419,,OEL-44,,set,skip_no_num,OEL-44 non trovato in Directus
9422,,OEL-44,,set,skip_no_num,OEL-44 non trovato in Directus
9423,,OEL-44,,set,skip_no_num,OEL-44 non trovato in Directus
9438,,OEL-142,,set,skip_no_num,OEL-142 non trovato in Directus
9461,,OEL-142,,set,skip_no_num,OEL-142 non trovato in Directus
9472,,OEL-142,,set,skip_no_num,OEL-142 non trovato in Directus
9480,,OEL-142,,set,skip_no_num,OEL-142 non trovato in Directus
9491,,OEL-142,,set,skip_no_num,OEL-142 non trovato in Directus
9498,,OEL-142,,set,skip_no_num,OEL-142 non trovato in Directus
9508,,OEL-142,,set,skip_no_num,OEL-142 non trovato in Directus
9547,,OEL-45,,set,skip_no_num,OEL-45 non trovato in Directus
9552,,OEL-45,,set,skip_no_num,OEL-45 non trovato in Directus
9554,,OEL-45,,set,skip_no_num,OEL-45 non trovato in Directus
9556,,OEL-45,,set,skip_no_num,OEL-45 non trovato in Directus
9558,,OEL-45,,set,skip_no_num,OEL-45 non trovato in Directus
9564,,OEL-45,,set,skip_no_num,OEL-45 non trovato in Directus
9568,,OEL-45,,set,skip_no_num,OEL-45 non trovato in Directus
9571,,OEL-45,,set,skip_no_num,OEL-45 non trovato in Directus
9580,,OEL-45,,set,skip_no_num,OEL-45 non trovato in Directus
9584,,OEL-45,,set,skip_no_num,OEL-45 non trovato in Directus
9586,,OEL-45,,set,skip_no_num,OEL-45 non trovato in Directus
9592,,OEL-45,,set,skip_no_num,OEL-45 non trovato in Directus
9593,,OEL-45,,set,skip_no_num,OEL-45 non trovato in Directus
9597,,OEL-45,,set,skip_no_num,OEL-45 non trovato in Directus
9626,,OEL-46,,set,skip_no_num,OEL-46 non trovato in Directus
9618,,OEL-46,,set,skip_no_num,OEL-46 non trovato in Directus
9647,,OEL-46,,set,skip_no_num,OEL-46 non trovato in Directus
9650,,OEL-46,,set,skip_no_num,OEL-46 non trovato in Directus
9651,,OEL-46,,set,skip_no_num,OEL-46 non trovato in Directus
9654,,OEL-46,,set,skip_no_num,OEL-46 non trovato in Directus
9660,,OEL-46,,set,skip_no_num,OEL-46 non trovato in Directus
9664,,OEL-46,,set,skip_no_num,OEL-46 non trovato in Directus
9681,,OEL-47,,set,skip_no_num,OEL-47 non trovato in Directus
9708,,OEL-47,,set,skip_no_num,OEL-47 non trovato in Directus
9713,,OEL-47,,set,skip_no_num,OEL-47 non trovato in Directus
9715,,OEL-47,,set,skip_no_num,OEL-47 non trovato in Directus
9717,,OEL-47,,set,skip_no_num,OEL-47 non trovato in Directus
9720,,OEL-47,,set,skip_no_num,OEL-47 non trovato in Directus
9723,,OEL-47,,set,skip_no_num,OEL-47 non trovato in Directus
9727,,OEL-47,,set,skip_no_num,OEL-47 non trovato in Directus
9766,,OEL-48,,set,skip_no_num,OEL-48 non trovato in Directus
9789,,OEL-48,,set,skip_no_num,OEL-48 non trovato in Directus
9791,,OEL-48,,set,skip_no_num,OEL-48 non trovato in Directus
9793,,OEL-48,,set,skip_no_num,OEL-48 non trovato in Directus
9803,,OEL-48,,set,skip_no_num,OEL-48 non trovato in Directus
9805,,OEL-48,,set,skip_no_num,OEL-48 non trovato in Directus
9807,,OEL-48,,set,skip_no_num,OEL-48 non trovato in Directus
9809,,OEL-48,,set,skip_no_num,OEL-48 non trovato in Directus
9812,,OEL-48,,set,skip_no_num,OEL-48 non trovato in Directus
9814,,OEL-48,,set,skip_no_num,OEL-48 non trovato in Directus
9820,,OEL-48,,set,skip_no_num,OEL-48 non trovato in Directus
9823,,OEL-48,,set,skip_no_num,OEL-48 non trovato in Directus
9825,,OEL-48,,set,skip_no_num,OEL-48 non trovato in Directus
9881,,OEL-49,,set,skip_no_num,OEL-49 non trovato in Directus
9902,,OEL-49,,set,skip_no_num,OEL-49 non trovato in Directus
9907,,OEL-49,,set,skip_no_num,OEL-49 non trovato in Directus
9912,,OEL-49,,set,skip_no_num,OEL-49 non trovato in Directus
9914,,OEL-49,,set,skip_no_num,OEL-49 non trovato in Directus
9918,,OEL-49,,set,skip_no_num,OEL-49 non trovato in Directus
9923,,OEL-49,,set,skip_no_num,OEL-49 non trovato in Directus
9930,,OEL-49,,set,skip_no_num,OEL-49 non trovato in Directus
9926,,OEL-49,,set,skip_no_num,OEL-49 non trovato in Directus
9932,,OEL-49,,set,skip_no_num,OEL-49 non trovato in Directus
10075,,OEL-50,,set,skip_no_num,OEL-50 non trovato in Directus
10107,,OEL-143,,set,skip_no_num,OEL-143 non trovato in Directus
10001,,OEL-50,,set,skip_no_num,OEL-50 non trovato in Directus
10010,,OEL-50,,set,skip_no_num,OEL-50 non trovato in Directus
10016,,OEL-50,,set,skip_no_num,OEL-50 non trovato in Directus
10018,,OEL-50,,set,skip_no_num,OEL-50 non trovato in Directus
10021,,OEL-50,,set,skip_no_num,OEL-50 non trovato in Directus
10023,,OEL-50,,set,skip_no_num,OEL-50 non trovato in Directus
10025,,OEL-50,,set,skip_no_num,OEL-50 non trovato in Directus
10050,,OEL-50,,set,skip_no_num,OEL-50 non trovato in Directus
10054,,OEL-50,,set,skip_no_num,OEL-50 non trovato in Directus
10057,,OEL-50,,set,skip_no_num,OEL-50 non trovato in Directus
10059,,OEL-50,,set,skip_no_num,OEL-50 non trovato in Directus
10061,,OEL-50,,set,skip_no_num,OEL-50 non trovato in Directus
10063,,OEL-50,,set,skip_no_num,OEL-50 non trovato in Directus
10065,,OEL-50,,set,skip_no_num,OEL-50 non trovato in Directus
10068,,OEL-50,,set,skip_no_num,OEL-50 non trovato in Directus
10119,,OEL-51,,set,skip_no_num,OEL-51 non trovato in Directus
10124,,OEL-51,,set,skip_no_num,OEL-51 non trovato in Directus
10126,,OEL-51,,set,skip_no_num,OEL-51 non trovato in Directus
10131,,OEL-51,,set,skip_no_num,OEL-51 non trovato in Directus
10151,,OEL-51,,set,skip_no_num,OEL-51 non trovato in Directus
10153,,OEL-51,,set,skip_no_num,OEL-51 non trovato in Directus
10155,,OEL-51,,set,skip_no_num,OEL-51 non trovato in Directus
10159,,OEL-51,,set,skip_no_num,OEL-51 non trovato in Directus
10163,,OEL-51,,set,skip_no_num,OEL-51 non trovato in Directus
10166,,OEL-51,,set,skip_no_num,OEL-51 non trovato in Directus
10839,,OEL-55,,set,skip_no_num,OEL-55 non trovato in Directus
10844,,OEL-55,,set,skip_no_num,OEL-55 non trovato in Directus
10306,,OEL-143,,set,skip_no_num,OEL-143 non trovato in Directus
10835,,OEL-55,,set,skip_no_num,OEL-55 non trovato in Directus
10326,,OEL-112,,set,skip_no_num,OEL-112 non trovato in Directus
10331,,OEL-143,,set,skip_no_num,OEL-143 non trovato in Directus
10511,,OEL-53,,set,skip_no_num,OEL-53 non trovato in Directus
10830,,OEL-55,,set,skip_no_num,OEL-55 non trovato in Directus
10402,,OEL-52,,set,skip_no_num,OEL-52 non trovato in Directus
10409,,OEL-52,,set,skip_no_num,OEL-52 non trovato in Directus
10411,,OEL-52,,set,skip_no_num,OEL-52 non trovato in Directus
10415,,OEL-52,,set,skip_no_num,OEL-52 non trovato in Directus
10420,,OEL-52,,set,skip_no_num,OEL-52 non trovato in Directus
10424,,OEL-52,,set,skip_no_num,OEL-52 non trovato in Directus
10429,,OEL-52,,set,skip_no_num,OEL-52 non trovato in Directus
10437,,OEL-52,,set,skip_no_num,OEL-52 non trovato in Directus
10444,,OEL-52,,set,skip_no_num,OEL-52 non trovato in Directus
10447,,OEL-52,,set,skip_no_num,OEL-52 non trovato in Directus
10461,,OEL-53,,set,skip_no_num,OEL-53 non trovato in Directus
10475,,OEL-53,,set,skip_no_num,OEL-53 non trovato in Directus
10482,,OEL-53,,set,skip_no_num,OEL-53 non trovato in Directus
10864,,OEL-55,,set,skip_no_num,OEL-55 non trovato in Directus
10488,,OEL-53,,set,skip_no_num,OEL-53 non trovato in Directus
10490,,OEL-53,,set,skip_no_num,OEL-53 non trovato in Directus
10495,,OEL-53,,set,skip_no_num,OEL-53 non trovato in Directus
10499,,OEL-53,,set,skip_no_num,OEL-53 non trovato in Directus
10515,,OEL-53,,set,skip_no_num,OEL-53 non trovato in Directus
10519,,OEL-53,,set,skip_no_num,OEL-53 non trovato in Directus
10528,,OEL-53,,set,skip_no_num,OEL-53 non trovato in Directus
10532,,OEL-53,,set,skip_no_num,OEL-53 non trovato in Directus
10596,,OEL-54,,set,skip_no_num,OEL-54 non trovato in Directus
10605,,OEL-54,,set,skip_no_num,OEL-54 non trovato in Directus
10615,,OEL-54,,set,skip_no_num,OEL-54 non trovato in Directus
10627,,OEL-54,,set,skip_no_num,OEL-54 non trovato in Directus
10650,,OEL-54,,set,skip_no_num,OEL-54 non trovato in Directus
10665,,OEL-54,,set,skip_no_num,OEL-54 non trovato in Directus
10671,,OEL-54,,set,skip_no_num,OEL-54 non trovato in Directus
10677,,OEL-54,,set,skip_no_num,OEL-54 non trovato in Directus
10683,,OEL-54,,set,skip_no_num,OEL-54 non trovato in Directus
10688,,OEL-54,,set,skip_no_num,OEL-54 non trovato in Directus
10797,,OEL-55,,set,skip_no_num,OEL-55 non trovato in Directus
10818,,OEL-55,,set,skip_no_num,OEL-55 non trovato in Directus
10872,,OEL-55,,set,skip_no_num,OEL-55 non trovato in Directus
10883,,OEL-55,,set,skip_no_num,OEL-55 non trovato in Directus
10892,,OEL-55,,set,skip_no_num,OEL-55 non trovato in Directus
10890,,OEL-55,,set,skip_no_num,OEL-55 non trovato in Directus
10903,,OEL-55,,set,skip_no_num,OEL-55 non trovato in Directus
10904,,OEL-55,,set,skip_no_num,OEL-55 non trovato in Directus
10915,,OEL-55,,set,skip_no_num,OEL-55 non trovato in Directus
10989,,OEL-144,,set,skip_no_num,OEL-144 non trovato in Directus
11025,,OEL-144,,set,skip_no_num,OEL-144 non trovato in Directus
11047,,OEL-144,,set,skip_no_num,OEL-144 non trovato in Directus
11056,,OEL-144,,set,skip_no_num,OEL-144 non trovato in Directus
11060,,OEL-144,,set,skip_no_num,OEL-144 non trovato in Directus
11067,,OEL-56,,set,skip_no_num,OEL-56 non trovato in Directus
11072,,OEL-56,,set,skip_no_num,OEL-56 non trovato in Directus
11074,,OEL-56,,set,skip_no_num,OEL-56 non trovato in Directus
11076,,OEL-56,,set,skip_no_num,OEL-56 non trovato in Directus
11079,,OEL-56,,set,skip_no_num,OEL-56 non trovato in Directus
11097,,OEL-56,,set,skip_no_num,OEL-56 non trovato in Directus
11102,,OEL-56,,set,skip_no_num,OEL-56 non trovato in Directus
11104,,OEL-56,,set,skip_no_num,OEL-56 non trovato in Directus
11109,,OEL-56,,set,skip_no_num,OEL-56 non trovato in Directus
11111,,OEL-56,,set,skip_no_num,OEL-56 non trovato in Directus
11113,,OEL-56,,set,skip_no_num,OEL-56 non trovato in Directus
11114,,OEL-56,,set,skip_no_num,OEL-56 non trovato in Directus
11117,,OEL-56,,set,skip_no_num,OEL-56 non trovato in Directus
11119,,OEL-56,,set,skip_no_num,OEL-56 non trovato in Directus
11120,,OEL-56,,set,skip_no_num,OEL-56 non trovato in Directus
11121,,OEL-56,,set,skip_no_num,OEL-56 non trovato in Directus
11170,,OEL-141,,set,skip_no_num,OEL-141 non trovato in Directus
11787,,OEL-60,,set,skip_no_num,OEL-60 non trovato in Directus
11789,,OEL-60,,set,skip_no_num,OEL-60 non trovato in Directus
11517,,OEL-58,,set,skip_no_num,OEL-58 non trovato in Directus
11628,,OEL-59,,set,skip_no_num,OEL-59 non trovato in Directus
11596,,OEL-59,,set,skip_no_num,OEL-59 non trovato in Directus
11461,,OEL-57,,set,skip_no_num,OEL-57 non trovato in Directus
11438,,OEL-57,,set,skip_no_num,OEL-57 non trovato in Directus
11446,,OEL-57,,set,skip_no_num,OEL-57 non trovato in Directus
11450,,OEL-57,,set,skip_no_num,OEL-57 non trovato in Directus
11454,,OEL-57,,set,skip_no_num,OEL-57 non trovato in Directus
11467,,OEL-57,,set,skip_no_num,OEL-57 non trovato in Directus
11470,,OEL-57,,set,skip_no_num,OEL-57 non trovato in Directus
11475,,OEL-57,,set,skip_no_num,OEL-57 non trovato in Directus
11477,,OEL-57,,set,skip_no_num,OEL-57 non trovato in Directus
11524,,OEL-57,,set,skip_no_num,OEL-57 non trovato in Directus
11526,,OEL-58,,set,skip_no_num,OEL-58 non trovato in Directus
11530,,OEL-58,,set,skip_no_num,OEL-58 non trovato in Directus
11533,,OEL-58,,set,skip_no_num,OEL-58 non trovato in Directus
11540,,OEL-58,,set,skip_no_num,OEL-58 non trovato in Directus
11538,,OEL-58,,set,skip_no_num,OEL-58 non trovato in Directus
11565,,OEL-128,,set,skip_no_num,OEL-128 non trovato in Directus
11600,,OEL-59,,set,skip_no_num,OEL-59 non trovato in Directus
11604,,OEL-59,,set,skip_no_num,OEL-59 non trovato in Directus
11609,,OEL-59,,set,skip_no_num,OEL-59 non trovato in Directus
11617,,OEL-59,,set,skip_no_num,OEL-59 non trovato in Directus
11619,,OEL-59,,set,skip_no_num,OEL-59 non trovato in Directus
11623,,OEL-59,,set,skip_no_num,OEL-59 non trovato in Directus
11631,,OEL-59,,set,skip_no_num,OEL-59 non trovato in Directus
11636,,OEL-59,,set,skip_no_num,OEL-59 non trovato in Directus
11639,,OEL-59,,set,skip_no_num,OEL-59 non trovato in Directus
11640,,OEL-59,,set,skip_no_num,OEL-59 non trovato in Directus
11695,,OEL-145,,set,skip_no_num,OEL-145 non trovato in Directus
11706,,OEL-145,,set,skip_no_num,OEL-145 non trovato in Directus
11710,,OEL-145,,set,skip_no_num,OEL-145 non trovato in Directus
11781,,OEL-60,,set,skip_no_num,OEL-60 non trovato in Directus
11747,,OEL-145,,set,skip_no_num,OEL-145 non trovato in Directus
11754,,OEL-145,,set,skip_no_num,OEL-145 non trovato in Directus
11758,,OEL-145,,set,skip_no_num,OEL-145 non trovato in Directus
11762,,OEL-145,,set,skip_no_num,OEL-145 non trovato in Directus
11792,,OEL-60,,set,skip_no_num,OEL-60 non trovato in Directus
11820,,OEL-60,,set,skip_no_num,OEL-60 non trovato in Directus
11824,,OEL-60,,set,skip_no_num,OEL-60 non trovato in Directus
11826,,OEL-60,,set,skip_no_num,OEL-60 non trovato in Directus
11830,,OEL-60,,set,skip_no_num,OEL-60 non trovato in Directus
11834,,OEL-60,,set,skip_no_num,OEL-60 non trovato in Directus
11838,,OEL-60,,set,skip_no_num,OEL-60 non trovato in Directus
12463,,OEL-146,,set,skip_no_num,OEL-146 non trovato in Directus
12050,,OEL-112,,set,skip_no_num,OEL-112 non trovato in Directus
12073,,OEL-62,,set,skip_no_num,OEL-62 non trovato in Directus
12107,,OEL-61,,set,skip_no_num,OEL-61 non trovato in Directus
12111,,OEL-61,,set,skip_no_num,OEL-61 non trovato in Directus
12113,,OEL-61,,set,skip_no_num,OEL-61 non trovato in Directus
12117,,OEL-61,,set,skip_no_num,OEL-61 non trovato in Directus
12121,,OEL-61,,set,skip_no_num,OEL-61 non trovato in Directus
12178,,OEL-62,,set,skip_no_num,OEL-62 non trovato in Directus
12149,,OEL-61,,set,skip_no_num,OEL-61 non trovato in Directus
12152,,OEL-61,,set,skip_no_num,OEL-61 non trovato in Directus
12156,,OEL-61,,set,skip_no_num,OEL-61 non trovato in Directus
12160,,OEL-62,,set,skip_no_num,OEL-62 non trovato in Directus
12163,,OEL-61,,set,skip_no_num,OEL-61 non trovato in Directus
12166,,OEL-61,,set,skip_no_num,OEL-61 non trovato in Directus
12181,,OEL-62,,set,skip_no_num,OEL-62 non trovato in Directus
12183,,OEL-62,,set,skip_no_num,OEL-62 non trovato in Directus
12185,,OEL-62,,set,skip_no_num,OEL-62 non trovato in Directus
12187,,OEL-62,,set,skip_no_num,OEL-62 non trovato in Directus
12189,,OEL-62,,set,skip_no_num,OEL-62 non trovato in Directus
12192,,OEL-62,,set,skip_no_num,OEL-62 non trovato in Directus
12194,,OEL-62,,set,skip_no_num,OEL-62 non trovato in Directus
12196,,OEL-62,,set,skip_no_num,OEL-62 non trovato in Directus
12198,,OEL-62,,set,skip_no_num,OEL-62 non trovato in Directus
12200,,OEL-62,,set,skip_no_num,OEL-62 non trovato in Directus
12202,,OEL-62,,set,skip_no_num,OEL-62 non trovato in Directus
12204,,OEL-62,,set,skip_no_num,OEL-62 non trovato in Directus
12208,,OEL-62,,set,skip_no_num,OEL-62 non trovato in Directus
12224,,OEL-62,,set,skip_no_num,OEL-62 non trovato in Directus
12248,,OEL-63,,set,skip_no_num,OEL-63 non trovato in Directus
12252,,OEL-63,,set,skip_no_num,OEL-63 non trovato in Directus
12279,,OEL-63,,set,skip_no_num,OEL-63 non trovato in Directus
12281,,OEL-63,,set,skip_no_num,OEL-63 non trovato in Directus
12284,,OEL-63,,set,skip_no_num,OEL-63 non trovato in Directus
12305,,OEL-63,,set,skip_no_num,OEL-63 non trovato in Directus
12307,,OEL-63,,set,skip_no_num,OEL-63 non trovato in Directus
12309,,OEL-63,,set,skip_no_num,OEL-63 non trovato in Directus
12312,,OEL-63,,set,skip_no_num,OEL-63 non trovato in Directus
12314,,OEL-63,,set,skip_no_num,OEL-63 non trovato in Directus
12319,,OEL-63,,set,skip_no_num,OEL-63 non trovato in Directus
12322,,OEL-63,,set,skip_no_num,OEL-63 non trovato in Directus
12325,,OEL-63,,set,skip_no_num,OEL-63 non trovato in Directus
12379,,OEL-64,,set,skip_no_num,OEL-64 non trovato in Directus
12385,,OEL-64,,set,skip_no_num,OEL-64 non trovato in Directus
12388,,OEL-64,,set,skip_no_num,OEL-64 non trovato in Directus
12393,,OEL-64,,set,skip_no_num,OEL-64 non trovato in Directus
12395,,OEL-64,,set,skip_no_num,OEL-64 non trovato in Directus
12409,,OEL-64,,set,skip_no_num,OEL-64 non trovato in Directus
12413,,OEL-64,,set,skip_no_num,OEL-64 non trovato in Directus
12416,,OEL-64,,set,skip_no_num,OEL-64 non trovato in Directus
12418,,OEL-64,,set,skip_no_num,OEL-64 non trovato in Directus
12425,,OEL-64,,set,skip_no_num,OEL-64 non trovato in Directus
12725,,OEL-146,,set,skip_no_num,OEL-146 non trovato in Directus
12721,,OEL-146,,set,skip_no_num,OEL-146 non trovato in Directus
12649,,OEL-146,,set,skip_no_num,OEL-146 non trovato in Directus
12528,,OEL-46,,set,skip_no_num,OEL-46 non trovato in Directus
12561,,OEL-65,,set,skip_no_num,OEL-65 non trovato in Directus
12564,,OEL-65,,set,skip_no_num,OEL-65 non trovato in Directus
12570,,OEL-65,,set,skip_no_num,OEL-65 non trovato in Directus
12572,,OEL-65,,set,skip_no_num,OEL-65 non trovato in Directus
12574,,OEL-65,,set,skip_no_num,OEL-65 non trovato in Directus
12576,,OEL-65,,set,skip_no_num,OEL-65 non trovato in Directus
12589,,OEL-65,,set,skip_no_num,OEL-65 non trovato in Directus
12591,,OEL-65,,set,skip_no_num,OEL-65 non trovato in Directus
12595,,OEL-65,,set,skip_no_num,OEL-65 non trovato in Directus
12598,,OEL-65,,set,skip_no_num,OEL-65 non trovato in Directus
12600,,OEL-65,,set,skip_no_num,OEL-65 non trovato in Directus
12660,,OEL-146,,set,skip_no_num,OEL-146 non trovato in Directus
12668,,OEL-146,,set,skip_no_num,OEL-146 non trovato in Directus
12672,,OEL-146,,set,skip_no_num,OEL-146 non trovato in Directus
12677,,OEL-146,,set,skip_no_num,OEL-146 non trovato in Directus
12680,,OEL-146,,set,skip_no_num,OEL-146 non trovato in Directus
12684,,OEL-146,,set,skip_no_num,OEL-146 non trovato in Directus
12687,,OEL-146,,set,skip_no_num,OEL-146 non trovato in Directus
12761,,OEL-138,,set,skip_no_num,OEL-138 non trovato in Directus
12768,,OEL-66,,set,skip_no_num,OEL-66 non trovato in Directus
12799,,OEL-66,,set,skip_no_num,OEL-66 non trovato in Directus
12801,,OEL-66,,set,skip_no_num,OEL-66 non trovato in Directus
12804,,OEL-66,,set,skip_no_num,OEL-66 non trovato in Directus
12808,,OEL-66,,set,skip_no_num,OEL-66 non trovato in Directus
12817,,OEL-66,,set,skip_no_num,OEL-66 non trovato in Directus
12820,,OEL-66,,set,skip_no_num,OEL-66 non trovato in Directus
12824,,OEL-66,,set,skip_no_num,OEL-66 non trovato in Directus
12830,,OEL-66,,set,skip_no_num,OEL-66 non trovato in Directus
12832,,OEL-66,,set,skip_no_num,OEL-66 non trovato in Directus
12836,,OEL-66,,set,skip_no_num,OEL-66 non trovato in Directus
12843,,OEL-66,,set,skip_no_num,OEL-66 non trovato in Directus
12845,,OEL-66,,set,skip_no_num,OEL-66 non trovato in Directus
12862,,OEL-67,,set,skip_no_num,OEL-67 non trovato in Directus
12896,,OEL-67,,set,skip_no_num,OEL-67 non trovato in Directus
12898,,OEL-67,,set,skip_no_num,OEL-67 non trovato in Directus
12901,,OEL-67,,set,skip_no_num,OEL-67 non trovato in Directus
12905,,OEL-67,,set,skip_no_num,OEL-67 non trovato in Directus
12908,,OEL-67,,set,skip_no_num,OEL-67 non trovato in Directus
12913,,OEL-67,,set,skip_no_num,OEL-67 non trovato in Directus
12919,,OEL-67,,set,skip_no_num,OEL-67 non trovato in Directus
12926,,OEL-67,,set,skip_no_num,OEL-67 non trovato in Directus
12948,,OEL-67,,set,skip_no_num,OEL-67 non trovato in Directus
12952,,OEL-67,,set,skip_no_num,OEL-67 non trovato in Directus
12954,,OEL-67,,set,skip_no_num,OEL-67 non trovato in Directus
12956,,OEL-67,,set,skip_no_num,OEL-67 non trovato in Directus
12989,,OEL-68,,set,skip_no_num,OEL-68 non trovato in Directus
13026,,OEL-68,,set,skip_no_num,OEL-68 non trovato in Directus
13030,,OEL-68,,set,skip_no_num,OEL-68 non trovato in Directus
13034,,OEL-68,,set,skip_no_num,OEL-68 non trovato in Directus
13037,,OEL-68,,set,skip_no_num,OEL-68 non trovato in Directus
13040,,OEL-68,,set,skip_no_num,OEL-68 non trovato in Directus
13042,,OEL-68,,set,skip_no_num,OEL-68 non trovato in Directus
13044,,OEL-68,,set,skip_no_num,OEL-68 non trovato in Directus
13047,,OEL-68,,set,skip_no_num,OEL-68 non trovato in Directus
13049,,OEL-68,,set,skip_no_num,OEL-68 non trovato in Directus
13075,,OEL-141,,set,skip_no_num,OEL-141 non trovato in Directus
13080,,OEL-143,,set,skip_no_num,OEL-143 non trovato in Directus
13130,,OEL-145,,set,skip_no_num,OEL-145 non trovato in Directus
13171,,OEL-147,,set,skip_no_num,OEL-147 non trovato in Directus
13503,,OEL-147,,set,skip_no_num,OEL-147 non trovato in Directus
13182,,OEL-147,,set,skip_no_num,OEL-147 non trovato in Directus
13323,,OEL-147,,set,skip_no_num,OEL-147 non trovato in Directus
13342,,OEL-147,,set,skip_no_num,OEL-147 non trovato in Directus
13352,,OEL-147,,set,skip_no_num,OEL-147 non trovato in Directus
13365,,OEL-147,,set,skip_no_num,OEL-147 non trovato in Directus
13378,,OEL-147,,set,skip_no_num,OEL-147 non trovato in Directus
13384,,OEL-147,,set,skip_no_num,OEL-147 non trovato in Directus
13396,,OEL-147,,set,skip_no_num,OEL-147 non trovato in Directus
13414,,OEL-147,,set,skip_no_num,OEL-147 non trovato in Directus
13408,,OEL-147,,set,skip_no_num,OEL-147 non trovato in Directus
13419,,OEL-147,,set,skip_no_num,OEL-147 non trovato in Directus
13442,,OEL-147,,set,skip_no_num,OEL-147 non trovato in Directus
13449,,OEL-147,,set,skip_no_num,OEL-147 non trovato in Directus
13457,,OEL-147,,set,skip_no_num,OEL-147 non trovato in Directus
13462,,OEL-147,,set,skip_no_num,OEL-147 non trovato in Directus
13469,,OEL-147,,set,skip_no_num,OEL-147 non trovato in Directus
13570,,OEL-138,,set,skip_no_num,OEL-138 non trovato in Directus
14690,,OEL-148,,set,skip_no_num,OEL-148 non trovato in Directus
14698,,OEL-148,,set,skip_no_num,OEL-148 non trovato in Directus
14822,,OEL-141,,set,skip_no_num,OEL-141 non trovato in Directus
14988,,OEL-148,,set,skip_no_num,OEL-148 non trovato in Directus
14976,,OEL-148,,set,skip_no_num,OEL-148 non trovato in Directus
15000,,OEL-148,,set,skip_no_num,OEL-148 non trovato in Directus
15013,,OEL-148,,set,skip_no_num,OEL-148 non trovato in Directus
15024,,OEL-148,,set,skip_no_num,OEL-148 non trovato in Directus
15034,,OEL-148,,set,skip_no_num,OEL-148 non trovato in Directus
15041,,OEL-148,,set,skip_no_num,OEL-148 non trovato in Directus
15049,,OEL-148,,set,skip_no_num,OEL-148 non trovato in Directus
15062,,OEL-148,,set,skip_no_num,OEL-148 non trovato in Directus
15066,,OEL-148,,set,skip_no_num,OEL-148 non trovato in Directus
15071,,OEL-148,,set,skip_no_num,OEL-148 non trovato in Directus
15089,,OEL-148,,set,skip_no_num,OEL-148 non trovato in Directus
15103,,OEL-148,,set,skip_no_num,OEL-148 non trovato in Directus
15124,,OEL-148,,set,skip_no_num,OEL-148 non trovato in Directus
15135,,OEL-148,,set,skip_no_num,OEL-148 non trovato in Directus
15145,,OEL-148,,set,skip_no_num,OEL-148 non trovato in Directus
15157,,OEL-144,,set,skip_no_num,OEL-144 non trovato in Directus
16184,,OEL-149,,set,skip_no_num,OEL-149 non trovato in Directus
16267,,OEL-149,,set,skip_no_num,OEL-149 non trovato in Directus
16281,,OEL-149,,set,skip_no_num,OEL-149 non trovato in Directus
16300,,OEL-149,,set,skip_no_num,OEL-149 non trovato in Directus
16307,,OEL-149,,set,skip_no_num,OEL-149 non trovato in Directus
16317,,OEL-149,,set,skip_no_num,OEL-149 non trovato in Directus
16327,,OEL-149,,set,skip_no_num,OEL-149 non trovato in Directus
16340,,OEL-149,,set,skip_no_num,OEL-149 non trovato in Directus
16354,,OEL-149,,set,skip_no_num,OEL-149 non trovato in Directus
16382,,OEL-149,,set,skip_no_num,OEL-149 non trovato in Directus
16386,,OEL-149,,set,skip_no_num,OEL-149 non trovato in Directus
16390,,OEL-149,,set,skip_no_num,OEL-149 non trovato in Directus
16403,,OEL-149,,set,skip_no_num,OEL-149 non trovato in Directus
16415,,OEL-149,,set,skip_no_num,OEL-149 non trovato in Directus
16427,,OEL-149,,set,skip_no_num,OEL-149 non trovato in Directus
16709,,OEL-78,,set,skip_no_num,OEL-78 non trovato in Directus
16698,,OEL-79,,set,skip_no_num,OEL-79 non trovato in Directus
17534,,OEL-70,,set,skip_no_num,OEL-70 non trovato in Directus
16993,,OEL-69,,set,skip_no_num,OEL-69 non trovato in Directus
17092,,OEL-69,,set,skip_no_num,OEL-69 non trovato in Directus
17083,,OEL-69,,set,skip_no_num,OEL-69 non trovato in Directus
17100,,OEL-69,,set,skip_no_num,OEL-69 non trovato in Directus
17114,,OEL-69,,set,skip_no_num,OEL-69 non trovato in Directus
17122,,OEL-69,,set,skip_no_num,OEL-69 non trovato in Directus
17132,,OEL-69,,set,skip_no_num,OEL-69 non trovato in Directus
17148,,OEL-69,,set,skip_no_num,OEL-69 non trovato in Directus
17155,,OEL-69,,set,skip_no_num,OEL-69 non trovato in Directus
17163,,OEL-69,,set,skip_no_num,OEL-69 non trovato in Directus
17169,,OEL-69,,set,skip_no_num,OEL-69 non trovato in Directus
17443,,OEL-145,,set,skip_no_num,OEL-145 non trovato in Directus
17564,,OEL-70,,set,skip_no_num,OEL-70 non trovato in Directus
17570,,OEL-70,,set,skip_no_num,OEL-70 non trovato in Directus
17577,,OEL-70,,set,skip_no_num,OEL-70 non trovato in Directus
17583,,OEL-70,,set,skip_no_num,OEL-70 non trovato in Directus
17589,,OEL-70,,set,skip_no_num,OEL-70 non trovato in Directus
17599,,OEL-70,,set,skip_no_num,OEL-70 non trovato in Directus
17610,,OEL-70,,set,skip_no_num,OEL-70 non trovato in Directus
17617,,OEL-70,,set,skip_no_num,OEL-70 non trovato in Directus
17624,,OEL-70,,set,skip_no_num,OEL-70 non trovato in Directus
17632,,OEL-70,,set,skip_no_num,OEL-70 non trovato in Directus
17641,,OEL-70,,set,skip_no_num,OEL-70 non trovato in Directus
17677,,OEL-70,,set,skip_no_num,OEL-70 non trovato in Directus
17691,,OEL-70,,set,skip_no_num,OEL-70 non trovato in Directus
17697,,OEL-70,,set,skip_no_num,OEL-70 non trovato in Directus
17706,,OEL-70,,set,skip_no_num,OEL-70 non trovato in Directus
17712,,OEL-70,,set,skip_no_num,OEL-70 non trovato in Directus
17717,,OEL-70,,set,skip_no_num,OEL-70 non trovato in Directus
17906,,OEL-71,,set,skip_no_num,OEL-71 non trovato in Directus
17942,,OEL-71,,set,skip_no_num,OEL-71 non trovato in Directus
17953,,OEL-71,,set,skip_no_num,OEL-71 non trovato in Directus
17946,,OEL-71,,set,skip_no_num,OEL-71 non trovato in Directus
17957,,OEL-71,,set,skip_no_num,OEL-71 non trovato in Directus
17961,,OEL-71,,set,skip_no_num,OEL-71 non trovato in Directus
17973,,OEL-71,,set,skip_no_num,OEL-71 non trovato in Directus
17984,,OEL-71,,set,skip_no_num,OEL-71 non trovato in Directus
17988,,OEL-71,,set,skip_no_num,OEL-71 non trovato in Directus
18002,,OEL-71,,set,skip_no_num,OEL-71 non trovato in Directus
18021,,OEL-71,,set,skip_no_num,OEL-71 non trovato in Directus
18027,,OEL-71,,set,skip_no_num,OEL-71 non trovato in Directus
18033,,OEL-71,,set,skip_no_num,OEL-71 non trovato in Directus
18046,,OEL-71,,set,skip_no_num,OEL-71 non trovato in Directus
18053,,OEL-71,,set,skip_no_num,OEL-71 non trovato in Directus
18059,,OEL-71,,set,skip_no_num,OEL-71 non trovato in Directus
18201,,OEL-150,,set,skip_no_num,OEL-150 non trovato in Directus
20045,,INS-1,,set,skip_no_num,INS-1 non trovato in Directus
18583,,OEL-150,,set,skip_no_num,OEL-150 non trovato in Directus
18571,,OEL-150,,set,skip_no_num,OEL-150 non trovato in Directus
18594,,OEL-150,,set,skip_no_num,OEL-150 non trovato in Directus
18605,,OEL-150,,set,skip_no_num,OEL-150 non trovato in Directus
18612,,OEL-150,,set,skip_no_num,OEL-150 non trovato in Directus
18624,,OEL-150,,set,skip_no_num,OEL-150 non trovato in Directus
18632,,OEL-150,,set,skip_no_num,OEL-150 non trovato in Directus
18638,,OEL-150,,set,skip_no_num,OEL-150 non trovato in Directus
18648,,OEL-150,,set,skip_no_num,OEL-150 non trovato in Directus
18659,,OEL-150,,set,skip_no_num,OEL-150 non trovato in Directus
18666,,OEL-150,,set,skip_no_num,OEL-150 non trovato in Directus
18671,,OEL-150,,set,skip_no_num,OEL-150 non trovato in Directus
18676,,OEL-150,,set,skip_no_num,OEL-150 non trovato in Directus
18685,,OEL-150,,set,skip_no_num,OEL-150 non trovato in Directus
18692,,OEL-150,,set,skip_no_num,OEL-150 non trovato in Directus
18699,,OEL-150,,set,skip_no_num,OEL-150 non trovato in Directus
18707,,OEL-150,,set,skip_no_num,OEL-150 non trovato in Directus
19053,,OEL-72,,set,skip_no_num,OEL-72 non trovato in Directus
20335,,INS-1,,set,skip_no_num,INS-1 non trovato in Directus
20102,,INS-1,,set,skip_no_num,INS-1 non trovato in Directus
19067,,OEL-72,,set,skip_no_num,OEL-72 non trovato in Directus
19079,,OEL-72,,set,skip_no_num,OEL-72 non trovato in Directus
19093,,OEL-72,,set,skip_no_num,OEL-72 non trovato in Directus
19097,,OEL-72,,set,skip_no_num,OEL-72 non trovato in Directus
19120,,OEL-72,,set,skip_no_num,OEL-72 non trovato in Directus
20109,,INS-1,,set,skip_no_num,INS-1 non trovato in Directus
19155,,OEL-72,,set,skip_no_num,OEL-72 non trovato in Directus
19164,,OEL-72,,set,skip_no_num,OEL-72 non trovato in Directus
19177,,OEL-72,,set,skip_no_num,OEL-72 non trovato in Directus
19185,,OEL-72,,set,skip_no_num,OEL-72 non trovato in Directus
19197,,OEL-72,,set,skip_no_num,OEL-72 non trovato in Directus
19206,,OEL-72,,set,skip_no_num,OEL-72 non trovato in Directus
20734,,INS-2,,set,skip_no_num,INS-2 non trovato in Directus
19606,,OEL-73,,set,skip_no_num,OEL-73 non trovato in Directus
19647,,OEL-73,,set,skip_no_num,OEL-73 non trovato in Directus
19654,,OEL-73,,set,skip_no_num,OEL-73 non trovato in Directus
19660,,OEL-73,,set,skip_no_num,OEL-73 non trovato in Directus
19671,,OEL-73,,set,skip_no_num,OEL-73 non trovato in Directus
19678,,OEL-73,,set,skip_no_num,OEL-73 non trovato in Directus
19685,,OEL-73,,set,skip_no_num,OEL-73 non trovato in Directus
19694,,OEL-73,,set,skip_no_num,OEL-73 non trovato in Directus
19703,,OEL-73,,set,skip_no_num,OEL-73 non trovato in Directus
19709,,OEL-73,,set,skip_no_num,OEL-73 non trovato in Directus
19717,,OEL-73,,set,skip_no_num,OEL-73 non trovato in Directus
19724,,OEL-73,,set,skip_no_num,OEL-73 non trovato in Directus
19730,,OEL-73,,set,skip_no_num,OEL-73 non trovato in Directus
19737,,OEL-73,,set,skip_no_num,OEL-73 non trovato in Directus
19746,,OEL-73,,set,skip_no_num,OEL-73 non trovato in Directus
19755,,OEL-73,,set,skip_no_num,OEL-73 non trovato in Directus
19767,,OEL-73,,set,skip_no_num,OEL-73 non trovato in Directus
19781,,OEL-73,,set,skip_no_num,OEL-73 non trovato in Directus
20165,,OEL-151,,set,skip_no_num,OEL-151 non trovato in Directus
20344,,INS-1,,set,skip_no_num,INS-1 non trovato in Directus
21098,,INS-4,,set,skip_no_num,INS-4 non trovato in Directus
20757,,INS-2,,set,skip_no_num,INS-2 non trovato in Directus
20766,,INS-2,,set,skip_no_num,INS-2 non trovato in Directus
20772,,INS-2,,set,skip_no_num,INS-2 non trovato in Directus
20783,,INS-2,,set,skip_no_num,INS-2 non trovato in Directus
20790,,INS-2,,set,skip_no_num,INS-2 non trovato in Directus
20991,,INS-4,,set,skip_no_num,INS-4 non trovato in Directus
21009,,INS-4,,set,skip_no_num,INS-4 non trovato in Directus
21104,,INS-4,,set,skip_no_num,INS-4 non trovato in Directus
21112,,INS-4,,set,skip_no_num,INS-4 non trovato in Directus
21119,,INS-4,,set,skip_no_num,INS-4 non trovato in Directus
21126,,INS-4,,set,skip_no_num,INS-4 non trovato in Directus
21133,,INS-4,,set,skip_no_num,INS-4 non trovato in Directus
21141,,INS-4,,set,skip_no_num,INS-4 non trovato in Directus
21148,,INS-4,,set,skip_no_num,INS-4 non trovato in Directus
21195,,OEL-151,,set,skip_no_num,OEL-151 non trovato in Directus
21184,,OEL-81,,set,skip_no_num,OEL-81 non trovato in Directus
21216,,OEL-151,,set,skip_no_num,OEL-151 non trovato in Directus
21223,,OEL-151,,set,skip_no_num,OEL-151 non trovato in Directus
21232,,OEL-151,,set,skip_no_num,OEL-151 non trovato in Directus
21239,,OEL-151,,set,skip_no_num,OEL-151 non trovato in Directus
21336,,OEL-151,,set,skip_no_num,OEL-151 non trovato in Directus
21341,,OEL-151,,set,skip_no_num,OEL-151 non trovato in Directus
21347,,OEL-151,,set,skip_no_num,OEL-151 non trovato in Directus
21352,,OEL-151,,set,skip_no_num,OEL-151 non trovato in Directus
21356,,OEL-151,,set,skip_no_num,OEL-151 non trovato in Directus
21360,,OEL-151,,set,skip_no_num,OEL-151 non trovato in Directus
21364,,OEL-151,,set,skip_no_num,OEL-151 non trovato in Directus
21368,,OEL-151,,set,skip_no_num,OEL-151 non trovato in Directus
21378,,OEL-151,,set,skip_no_num,OEL-151 non trovato in Directus
21382,,OEL-151,,set,skip_no_num,OEL-151 non trovato in Directus
21386,,OEL-151,,set,skip_no_num,OEL-151 non trovato in Directus
21563,,INS-5,,set,skip_no_num,INS-5 non trovato in Directus
21713,,OEL-76,,set,skip_no_num,OEL-76 non trovato in Directus
21729,,OEL-76,,set,skip_no_num,OEL-76 non trovato in Directus
21739,,OEL-76,,set,skip_no_num,OEL-76 non trovato in Directus
21747,,OEL-76,,set,skip_no_num,OEL-76 non trovato in Directus
21754,,OEL-76,,set,skip_no_num,OEL-76 non trovato in Directus
21763,,OEL-76,,set,skip_no_num,OEL-76 non trovato in Directus
21775,,OEL-76,,set,skip_no_num,OEL-76 non trovato in Directus
21784,,OEL-76,,set,skip_no_num,OEL-76 non trovato in Directus
21790,,OEL-76,,set,skip_no_num,OEL-76 non trovato in Directus
21802,,OEL-76,,set,skip_no_num,OEL-76 non trovato in Directus
21811,,OEL-76,,set,skip_no_num,OEL-76 non trovato in Directus
21818,,OEL-76,,set,skip_no_num,OEL-76 non trovato in Directus
21836,,OEL-76,,set,skip_no_num,OEL-76 non trovato in Directus
21845,,OEL-76,,set,skip_no_num,OEL-76 non trovato in Directus
21852,,OEL-76,,set,skip_no_num,OEL-76 non trovato in Directus
21858,,OEL-76,,set,skip_no_num,OEL-76 non trovato in Directus
21871,,OEL-76,,set,skip_no_num,OEL-76 non trovato in Directus
21877,,OEL-76,,set,skip_no_num,OEL-76 non trovato in Directus
22440,,OEL-74,,set,skip_no_num,OEL-74 non trovato in Directus
22328,,OEL-74,,set,skip_no_num,OEL-74 non trovato in Directus
22355,,OEL-74,,set,skip_no_num,OEL-74 non trovato in Directus
22361,,OEL-74,,set,skip_no_num,OEL-74 non trovato in Directus
22367,,OEL-74,,set,skip_no_num,OEL-74 non trovato in Directus
22373,,OEL-74,,set,skip_no_num,OEL-74 non trovato in Directus
22376,,OEL-74,,set,skip_no_num,OEL-74 non trovato in Directus
22384,,OEL-74,,set,skip_no_num,OEL-74 non trovato in Directus
22394,,OEL-74,,set,skip_no_num,OEL-74 non trovato in Directus
22409,,OEL-74,,set,skip_no_num,OEL-74 non trovato in Directus
22423,,OEL-74,,set,skip_no_num,OEL-74 non trovato in Directus
22446,,OEL-74,,set,skip_no_num,OEL-74 non trovato in Directus
22453,,OEL-74,,set,skip_no_num,OEL-74 non trovato in Directus
22459,,OEL-74,,set,skip_no_num,OEL-74 non trovato in Directus
22466,,OEL-74,,set,skip_no_num,OEL-74 non trovato in Directus
22554,,OEL-75,,set,skip_no_num,OEL-75 non trovato in Directus
22564,,OEL-75,,set,skip_no_num,OEL-75 non trovato in Directus
22569,,OEL-75,,set,skip_no_num,OEL-75 non trovato in Directus
22576,,OEL-75,,set,skip_no_num,OEL-75 non trovato in Directus
22585,,OEL-75,,set,skip_no_num,OEL-75 non trovato in Directus
22593,,OEL-75,,set,skip_no_num,OEL-75 non trovato in Directus
22598,,OEL-75,,set,skip_no_num,OEL-75 non trovato in Directus
22604,,OEL-75,,set,skip_no_num,OEL-75 non trovato in Directus
22615,,OEL-75,,set,skip_no_num,OEL-75 non trovato in Directus
22625,,OEL-75,,set,skip_no_num,OEL-75 non trovato in Directus
22651,,OEL-75,,set,skip_no_num,OEL-75 non trovato in Directus
22657,,OEL-75,,set,skip_no_num,OEL-75 non trovato in Directus
22856,,OEL-152,,set,skip_no_num,OEL-152 non trovato in Directus
23110,,OEL-152,,set,skip_no_num,OEL-152 non trovato in Directus
23284,,OEL-152,,set,skip_no_num,OEL-152 non trovato in Directus
23753,,OEL-77,,set,skip_no_num,OEL-77 non trovato in Directus
23611,,OEL-152,,set,skip_no_num,OEL-152 non trovato in Directus
23587,,OEL-152,,set,skip_no_num,OEL-152 non trovato in Directus
23603,,OEL-152,,set,skip_no_num,OEL-152 non trovato in Directus
23828,,OEL-77,,set,skip_no_num,OEL-77 non trovato in Directus
23714,,OEL-152,,set,skip_no_num,OEL-152 non trovato in Directus
23723,,OEL-152,,set,skip_no_num,OEL-152 non trovato in Directus
23731,,OEL-152,,set,skip_no_num,OEL-152 non trovato in Directus
23771,,OEL-77,,set,skip_no_num,OEL-77 non trovato in Directus
23790,,OEL-77,,set,skip_no_num,OEL-77 non trovato in Directus
23803,,OEL-77,,set,skip_no_num,OEL-77 non trovato in Directus
23811,,OEL-77,,set,skip_no_num,OEL-77 non trovato in Directus
23844,,OEL-77,,set,skip_no_num,OEL-77 non trovato in Directus
23854,,OEL-77,,set,skip_no_num,OEL-77 non trovato in Directus
24235,,OEL-152,,set,skip_no_num,OEL-152 non trovato in Directus
23974,,OEL-77,,set,skip_no_num,OEL-77 non trovato in Directus
23986,,OEL-77,,set,skip_no_num,OEL-77 non trovato in Directus
23998,,OEL-77,,set,skip_no_num,OEL-77 non trovato in Directus
24213,,OEL-152,,set,skip_no_num,OEL-152 non trovato in Directus
24246,,OEL-152,,set,skip_no_num,OEL-152 non trovato in Directus
24258,,OEL-152,,set,skip_no_num,OEL-152 non trovato in Directus
24269,,OEL-152,,set,skip_no_num,OEL-152 non trovato in Directus
24315,,OEL-123,,set,skip_no_num,OEL-123 non trovato in Directus
25399,,OEL-79,,set,skip_no_num,OEL-79 non trovato in Directus
25378,,OEL-79,,set,skip_no_num,OEL-79 non trovato in Directus
25404,,OEL-79,,set,skip_no_num,OEL-79 non trovato in Directus
24467,,OEL-153,,set,skip_no_num,OEL-153 non trovato in Directus
24479,,OEL-153,,set,skip_no_num,OEL-153 non trovato in Directus
24458,,OEL-153,,set,skip_no_num,OEL-153 non trovato in Directus
24534,,OEL-153,,set,skip_no_num,OEL-153 non trovato in Directus
24706,,OEL-153,,set,skip_no_num,OEL-153 non trovato in Directus
24631,,OEL-78,,set,skip_no_num,OEL-78 non trovato in Directus
25573,,OEL-80,,set,skip_no_num,OEL-80 non trovato in Directus
24648,,OEL-78,,set,skip_no_num,OEL-78 non trovato in Directus
24658,,OEL-153,,set,skip_no_num,OEL-153 non trovato in Directus
24696,,OEL-153,,set,skip_no_num,OEL-153 non trovato in Directus
24752,,OEL-153,,set,skip_no_num,OEL-153 non trovato in Directus
24741,,OEL-153,,set,skip_no_num,OEL-153 non trovato in Directus
24859,,OEL-78,,set,skip_no_num,OEL-78 non trovato in Directus
24907,,OEL-78,,set,skip_no_num,OEL-78 non trovato in Directus
24919,,OEL-78,,set,skip_no_num,OEL-78 non trovato in Directus
24933,,OEL-78,,set,skip_no_num,OEL-78 non trovato in Directus
24945,,OEL-78,,set,skip_no_num,OEL-78 non trovato in Directus
24951,,OEL-78,,set,skip_no_num,OEL-78 non trovato in Directus
24962,,OEL-78,,set,skip_no_num,OEL-78 non trovato in Directus
24971,,OEL-78,,set,skip_no_num,OEL-78 non trovato in Directus
24979,,OEL-78,,set,skip_no_num,OEL-78 non trovato in Directus
24980,,OEL-78,,set,skip_no_num,OEL-78 non trovato in Directus
25003,,OEL-78,,set,skip_no_num,OEL-78 non trovato in Directus
25009,,OEL-78,,set,skip_no_num,OEL-78 non trovato in Directus
25016,,OEL-78,,set,skip_no_num,OEL-78 non trovato in Directus
25022,,OEL-78,,set,skip_no_num,OEL-78 non trovato in Directus
25044,,OEL-154,,set,skip_no_num,OEL-154 non trovato in Directus
25282,,OEL-145,,set,skip_no_num,OEL-145 non trovato in Directus
25289,,OEL-145,,set,skip_no_num,OEL-145 non trovato in Directus
25300,,OEL-145,,set,skip_no_num,OEL-145 non trovato in Directus
25306,,OEL-145,,set,skip_no_num,OEL-145 non trovato in Directus
25318,,OEL-145,,set,skip_no_num,OEL-145 non trovato in Directus
25325,,OEL-145,,set,skip_no_num,OEL-145 non trovato in Directus
25335,,OEL-145,,set,skip_no_num,OEL-145 non trovato in Directus
25344,,OEL-145,,set,skip_no_num,OEL-145 non trovato in Directus
25411,,OEL-79,,set,skip_no_num,OEL-79 non trovato in Directus
25417,,OEL-79,,set,skip_no_num,OEL-79 non trovato in Directus
25424,,OEL-79,,set,skip_no_num,OEL-79 non trovato in Directus
25429,,OEL-79,,set,skip_no_num,OEL-79 non trovato in Directus
25436,,OEL-79,,set,skip_no_num,OEL-79 non trovato in Directus
25443,,OEL-79,,set,skip_no_num,OEL-79 non trovato in Directus
25448,,OEL-79,,set,skip_no_num,OEL-79 non trovato in Directus
25460,,OEL-79,,set,skip_no_num,OEL-79 non trovato in Directus
25469,,OEL-79,,set,skip_no_num,OEL-79 non trovato in Directus
25474,,OEL-79,,set,skip_no_num,OEL-79 non trovato in Directus
25587,,OEL-80,,set,skip_no_num,OEL-80 non trovato in Directus
25606,,OEL-80,,set,skip_no_num,OEL-80 non trovato in Directus
25621,,OEL-80,,set,skip_no_num,OEL-80 non trovato in Directus
25616,,OEL-80,,set,skip_no_num,OEL-80 non trovato in Directus
25627,,OEL-80,,set,skip_no_num,OEL-80 non trovato in Directus
25634,,OEL-80,,set,skip_no_num,OEL-80 non trovato in Directus
25636,,OEL-80,,set,skip_no_num,OEL-80 non trovato in Directus
25651,,OEL-80,,set,skip_no_num,OEL-80 non trovato in Directus
25652,,OEL-80,,set,skip_no_num,OEL-80 non trovato in Directus
25655,,OEL-80,,set,skip_no_num,OEL-80 non trovato in Directus
25686,,OEL-80,,set,skip_no_num,OEL-80 non trovato in Directus
25775,,OEL-110,,set,skip_no_num,OEL-110 non trovato in Directus
25842,,OEL-81,,set,skip_no_num,OEL-81 non trovato in Directus
25963,,OEL-154,,set,skip_no_num,OEL-154 non trovato in Directus
25892,,OEL-81,,set,skip_no_num,OEL-81 non trovato in Directus
25913,,OEL-154,,set,skip_no_num,OEL-154 non trovato in Directus
25931,,OEL-154,,set,skip_no_num,OEL-154 non trovato in Directus
25942,,OEL-154,,set,skip_no_num,OEL-154 non trovato in Directus
25953,,OEL-154,,set,skip_no_num,OEL-154 non trovato in Directus
25976,,OEL-154,,set,skip_no_num,OEL-154 non trovato in Directus
25987,,OEL-154,,set,skip_no_num,OEL-154 non trovato in Directus
26019,,OEL-154,,set,skip_no_num,OEL-154 non trovato in Directus
26045,,OEL-154,,set,skip_no_num,OEL-154 non trovato in Directus
26049,,OEL-154,,set,skip_no_num,OEL-154 non trovato in Directus
26055,,OEL-154,,set,skip_no_num,OEL-154 non trovato in Directus
26082,,INS-5,,set,skip_no_num,INS-5 non trovato in Directus
26093,,INS-5,,set,skip_no_num,INS-5 non trovato in Directus
26100,,INS-5,,set,skip_no_num,INS-5 non trovato in Directus
26106,,INS-5,,set,skip_no_num,INS-5 non trovato in Directus
26109,,INS-5,,set,skip_no_num,INS-5 non trovato in Directus
26263,,OEL-81,,set,skip_no_num,OEL-81 non trovato in Directus
26264,,OEL-81,,set,skip_no_num,OEL-81 non trovato in Directus
26280,,OEL-81,,set,skip_no_num,OEL-81 non trovato in Directus
26288,,OEL-81,,set,skip_no_num,OEL-81 non trovato in Directus
26294,,OEL-81,,set,skip_no_num,OEL-81 non trovato in Directus
26302,,OEL-81,,set,skip_no_num,OEL-81 non trovato in Directus
26308,,OEL-81,,set,skip_no_num,OEL-81 non trovato in Directus
26310,,OEL-81,,set,skip_no_num,OEL-81 non trovato in Directus
26331,,OEL-81,,set,skip_no_num,OEL-81 non trovato in Directus
26332,,OEL-81,,set,skip_no_num,OEL-81 non trovato in Directus
26343,,OEL-81,,set,skip_no_num,OEL-81 non trovato in Directus
26344,,OEL-81,,set,skip_no_num,OEL-81 non trovato in Directus
26355,,OEL-81,,set,skip_no_num,OEL-81 non trovato in Directus
26359,,OEL-81,,set,skip_no_num,OEL-81 non trovato in Directus
26371,,OEL-81,,set,skip_no_num,OEL-81 non trovato in Directus
26376,,OEL-81,,set,skip_no_num,OEL-81 non trovato in Directus
26386,,OEL-81,,set,skip_no_num,OEL-81 non trovato in Directus
26387,,OEL-81,,set,skip_no_num,OEL-81 non trovato in Directus
26400,,OEL-81,,set,skip_no_num,OEL-81 non trovato in Directus
26413,,OEL-81,,set,skip_no_num,OEL-81 non trovato in Directus
26429,,OEL-81,,set,skip_no_num,OEL-81 non trovato in Directus
26428,,OEL-81,,set,skip_no_num,OEL-81 non trovato in Directus
26441,,OEL-81,,set,skip_no_num,OEL-81 non trovato in Directus
26442,,OEL-81,,set,skip_no_num,OEL-81 non trovato in Directus
26481,,OEL-81,,set,skip_no_num,OEL-81 non trovato in Directus
26493,,OEL-81,,set,skip_no_num,OEL-81 non trovato in Directus
26563,,OEL-154,,set,skip_no_num,OEL-154 non trovato in Directus
26577,,OEL-154,,set,skip_no_num,OEL-154 non trovato in Directus
26588,,OEL-154,,set,skip_no_num,OEL-154 non trovato in Directus
26600,,OEL-154,,set,skip_no_num,OEL-154 non trovato in Directus
26612,,OEL-154,,set,skip_no_num,OEL-154 non trovato in Directus
26663,,OEL-139,,set,skip_no_num,OEL-139 non trovato in Directus
26672,,OEL-141,,set,skip_no_num,OEL-141 non trovato in Directus
26680,,OEL-93,,set,skip_no_num,OEL-93 non trovato in Directus
26735,,OEL-82,,set,skip_no_num,OEL-82 non trovato in Directus
26743,,OEL-82,,set,skip_no_num,OEL-82 non trovato in Directus
26762,,OEL-82,,set,skip_no_num,OEL-82 non trovato in Directus
26771,,OEL-82,,set,skip_no_num,OEL-82 non trovato in Directus
26779,,OEL-82,,set,skip_no_num,OEL-82 non trovato in Directus
26782,,OEL-82,,set,skip_no_num,OEL-82 non trovato in Directus
26792,,OEL-82,,set,skip_no_num,OEL-82 non trovato in Directus
26799,,OEL-82,,set,skip_no_num,OEL-82 non trovato in Directus
26804,,OEL-82,,set,skip_no_num,OEL-82 non trovato in Directus
26810,,OEL-82,,set,skip_no_num,OEL-82 non trovato in Directus
26816,,OEL-82,,set,skip_no_num,OEL-82 non trovato in Directus
26824,,OEL-82,,set,skip_no_num,OEL-82 non trovato in Directus
26829,,OEL-82,,set,skip_no_num,OEL-82 non trovato in Directus
26873,,OEL-83,,set,skip_no_num,OEL-83 non trovato in Directus
26899,,OEL-83,,set,skip_no_num,OEL-83 non trovato in Directus
26905,,OEL-83,,set,skip_no_num,OEL-83 non trovato in Directus
26913,,OEL-83,,set,skip_no_num,OEL-83 non trovato in Directus
26924,,OEL-83,,set,skip_no_num,OEL-83 non trovato in Directus
26934,,OEL-83,,set,skip_no_num,OEL-83 non trovato in Directus
26943,,OEL-83,,set,skip_no_num,OEL-83 non trovato in Directus
26949,,OEL-83,,set,skip_no_num,OEL-83 non trovato in Directus
26955,,OEL-83,,set,skip_no_num,OEL-83 non trovato in Directus
26962,,OEL-83,,set,skip_no_num,OEL-83 non trovato in Directus
26967,,OEL-83,,set,skip_no_num,OEL-83 non trovato in Directus
26973,,OEL-83,,set,skip_no_num,OEL-83 non trovato in Directus
26977,,OEL-83,,set,skip_no_num,OEL-83 non trovato in Directus
27304,,OEL-155,,set,skip_no_num,OEL-155 non trovato in Directus
27226,,OEL-155,,set,skip_no_num,OEL-155 non trovato in Directus
27237,,OEL-155,,set,skip_no_num,OEL-155 non trovato in Directus
27276,,OEL-155,,set,skip_no_num,OEL-155 non trovato in Directus
27285,,OEL-155,,set,skip_no_num,OEL-155 non trovato in Directus
27423,,OEL-155,,set,skip_no_num,OEL-155 non trovato in Directus
27439,,OEL-155,,set,skip_no_num,OEL-155 non trovato in Directus
27501,,OEL-85,,set,skip_no_num,OEL-85 non trovato in Directus
27532,,OEL-155,,set,skip_no_num,OEL-155 non trovato in Directus
27732,,OEL-84,,set,skip_no_num,OEL-84 non trovato in Directus
27578,,OEL-156,,set,skip_no_num,OEL-156 non trovato in Directus
27721,,OEL-84,,set,skip_no_num,OEL-84 non trovato in Directus
27843,,OEL-159,,set,skip_no_num,OEL-159 non trovato in Directus
27869,,OEL-156,,set,skip_no_num,OEL-156 non trovato in Directus
27879,,OEL-156,,set,skip_no_num,OEL-156 non trovato in Directus
27887,,OEL-156,,set,skip_no_num,OEL-156 non trovato in Directus
27903,,OEL-156,,set,skip_no_num,OEL-156 non trovato in Directus
28006,,OEL-156,,set,skip_no_num,OEL-156 non trovato in Directus
28019,,OEL-156,,set,skip_no_num,OEL-156 non trovato in Directus
28025,,OEL-156,,set,skip_no_num,OEL-156 non trovato in Directus
28030,,OEL-156,,set,skip_no_num,OEL-156 non trovato in Directus
28049,,OEL-156,,set,skip_no_num,OEL-156 non trovato in Directus
28060,,OEL-156,,set,skip_no_num,OEL-156 non trovato in Directus
28065,,OEL-156,,set,skip_no_num,OEL-156 non trovato in Directus
28072,,OEL-156,,set,skip_no_num,OEL-156 non trovato in Directus
28080,,OEL-156,,set,skip_no_num,OEL-156 non trovato in Directus
28114,,OEL-156,,set,skip_no_num,OEL-156 non trovato in Directus
28247,,OEL-157,,set,skip_no_num,OEL-157 non trovato in Directus
28297,,OEL-157,,set,skip_no_num,OEL-157 non trovato in Directus
28366,,OEL-129,,set,skip_no_num,OEL-129 non trovato in Directus
28554,,OEL-157,,set,skip_no_num,OEL-157 non trovato in Directus
28416,,OEL-157,,set,skip_no_num,OEL-157 non trovato in Directus
28661,,OEL-157,,set,skip_no_num,OEL-157 non trovato in Directus
28433,,OEL-157,,set,skip_no_num,OEL-157 non trovato in Directus
28457,,OEL-129,,set,skip_no_num,OEL-129 non trovato in Directus
28513,,OEL-158,,set,skip_no_num,OEL-158 non trovato in Directus
28540,,OEL-157,,set,skip_no_num,OEL-157 non trovato in Directus
28564,,OEL-157,,set,skip_no_num,OEL-157 non trovato in Directus
28578,,OEL-157,,set,skip_no_num,OEL-157 non trovato in Directus
28579,,OEL-157,,set,skip_no_num,OEL-157 non trovato in Directus
28604,,OEL-157,,set,skip_no_num,OEL-157 non trovato in Directus
28617,,OEL-157,,set,skip_no_num,OEL-157 non trovato in Directus
28621,,OEL-157,,set,skip_no_num,OEL-157 non trovato in Directus
28634,,OEL-157,,set,skip_no_num,OEL-157 non trovato in Directus
28674,,OEL-157,,set,skip_no_num,OEL-157 non trovato in Directus
28694,,OEL-157,,set,skip_no_num,OEL-157 non trovato in Directus
28790,,OEL-158,,set,skip_no_num,OEL-158 non trovato in Directus
28800,,OEL-158,,set,skip_no_num,OEL-158 non trovato in Directus
28823,,OEL-158,,set,skip_no_num,OEL-158 non trovato in Directus
28831,,OEL-158,,set,skip_no_num,OEL-158 non trovato in Directus
28843,,OEL-158,,set,skip_no_num,OEL-158 non trovato in Directus
28854,,OEL-158,,set,skip_no_num,OEL-158 non trovato in Directus
28851,,OEL-158,,set,skip_no_num,OEL-158 non trovato in Directus
28951,,OEL-84,,set,skip_no_num,OEL-84 non trovato in Directus
28980,,OEL-84,,set,skip_no_num,OEL-84 non trovato in Directus
28981,,OEL-84,,set,skip_no_num,OEL-84 non trovato in Directus
28990,,OEL-84,,set,skip_no_num,OEL-84 non trovato in Directus
28991,,OEL-84,,set,skip_no_num,OEL-84 non trovato in Directus
29002,,OEL-84,,set,skip_no_num,OEL-84 non trovato in Directus
29019,,OEL-84,,set,skip_no_num,OEL-84 non trovato in Directus
29020,,OEL-84,,set,skip_no_num,OEL-84 non trovato in Directus
29030,,OEL-84,,set,skip_no_num,OEL-84 non trovato in Directus
29045,,OEL-84,,set,skip_no_num,OEL-84 non trovato in Directus
29100,,OEL-158,,set,skip_no_num,OEL-158 non trovato in Directus
29117,,OEL-158,,set,skip_no_num,OEL-158 non trovato in Directus
29127,,OEL-158,,set,skip_no_num,OEL-158 non trovato in Directus
29133,,OEL-158,,set,skip_no_num,OEL-158 non trovato in Directus
29139,,OEL-158,,set,skip_no_num,OEL-158 non trovato in Directus
29149,,OEL-158,,set,skip_no_num,OEL-158 non trovato in Directus
29160,,OEL-158,,set,skip_no_num,OEL-158 non trovato in Directus
29310,,OEL-142,,set,skip_no_num,OEL-142 non trovato in Directus
29344,,OEL-153,,set,skip_no_num,OEL-153 non trovato in Directus
29364,,OEL-152,,set,skip_no_num,OEL-152 non trovato in Directus
29384,,OEL-151,,set,skip_no_num,OEL-151 non trovato in Directus
29403,,OEL-151,,set,skip_no_num,OEL-151 non trovato in Directus
29418,,OEL-150,,set,skip_no_num,OEL-150 non trovato in Directus
29429,,OEL-150,,set,skip_no_num,OEL-150 non trovato in Directus
29491,,OEL-149,,set,skip_no_num,OEL-149 non trovato in Directus
29848,,OEL-147,,set,skip_no_num,OEL-147 non trovato in Directus
29864,,OEL-149,,set,skip_no_num,OEL-149 non trovato in Directus
29876,,OEL-149,,set,skip_no_num,OEL-149 non trovato in Directus
30002,,OEL-85,,set,skip_no_num,OEL-85 non trovato in Directus
30009,,OEL-85,,set,skip_no_num,OEL-85 non trovato in Directus
30014,,OEL-85,,set,skip_no_num,OEL-85 non trovato in Directus
30022,,OEL-85,,set,skip_no_num,OEL-85 non trovato in Directus
30028,,OEL-85,,set,skip_no_num,OEL-85 non trovato in Directus
30038,,OEL-85,,set,skip_no_num,OEL-85 non trovato in Directus
30049,,OEL-85,,set,skip_no_num,OEL-85 non trovato in Directus
30054,,OEL-85,,set,skip_no_num,OEL-85 non trovato in Directus
30061,,OEL-85,,set,skip_no_num,OEL-85 non trovato in Directus
30074,,OEL-85,,set,skip_no_num,OEL-85 non trovato in Directus
30128,,OEL-86,,set,skip_no_num,OEL-86 non trovato in Directus
31031,,OEL-91,,set,skip_no_num,OEL-91 non trovato in Directus
30152,,OEL-86,,set,skip_no_num,OEL-86 non trovato in Directus
30162,,OEL-86,,set,skip_no_num,OEL-86 non trovato in Directus
30169,,OEL-86,,set,skip_no_num,OEL-86 non trovato in Directus
30175,,OEL-86,,set,skip_no_num,OEL-86 non trovato in Directus
30183,,OEL-86,,set,skip_no_num,OEL-86 non trovato in Directus
30184,,OEL-86,,set,skip_no_num,OEL-86 non trovato in Directus
30191,,OEL-86,,set,skip_no_num,OEL-86 non trovato in Directus
30198,,OEL-86,,set,skip_no_num,OEL-86 non trovato in Directus
30207,,OEL-86,,set,skip_no_num,OEL-86 non trovato in Directus
30220,,OEL-86,,set,skip_no_num,OEL-86 non trovato in Directus
30221,,OEL-86,,set,skip_no_num,OEL-86 non trovato in Directus
30232,,OEL-86,,set,skip_no_num,OEL-86 non trovato in Directus
30249,,OEL-86,,set,skip_no_num,OEL-86 non trovato in Directus
30257,,OEL-86,,set,skip_no_num,OEL-86 non trovato in Directus
30260,,OEL-86,,set,skip_no_num,OEL-86 non trovato in Directus
30343,,OEL-87,,set,skip_no_num,OEL-87 non trovato in Directus
30347,,OEL-86,,set,skip_no_num,OEL-86 non trovato in Directus
30319,,OEL-87,,set,skip_no_num,OEL-87 non trovato in Directus
30359,,OEL-87,,set,skip_no_num,OEL-87 non trovato in Directus
30367,,OEL-87,,set,skip_no_num,OEL-87 non trovato in Directus
30368,,OEL-87,,set,skip_no_num,OEL-87 non trovato in Directus
30377,,OEL-87,,set,skip_no_num,OEL-87 non trovato in Directus
30387,,OEL-87,,set,skip_no_num,OEL-87 non trovato in Directus
30385,,OEL-87,,set,skip_no_num,OEL-87 non trovato in Directus
30409,,OEL-87,,set,skip_no_num,OEL-87 non trovato in Directus
30421,,OEL-87,,set,skip_no_num,OEL-87 non trovato in Directus
30422,,OEL-87,,set,skip_no_num,OEL-87 non trovato in Directus
30437,,OEL-87,,set,skip_no_num,OEL-87 non trovato in Directus
30439,,OEL-87,,set,skip_no_num,OEL-87 non trovato in Directus
31785,,OEL-159,,set,skip_no_num,OEL-159 non trovato in Directus
30450,,OEL-87,,set,skip_no_num,OEL-87 non trovato in Directus
30455,,OEL-87,,set,skip_no_num,OEL-87 non trovato in Directus
30481,,OEL-88,,set,skip_no_num,OEL-88 non trovato in Directus
31770,,OEL-159,,set,skip_no_num,OEL-159 non trovato in Directus
30503,,OEL-88,,set,skip_no_num,OEL-88 non trovato in Directus
30510,,OEL-88,,set,skip_no_num,OEL-88 non trovato in Directus
30515,,OEL-88,,set,skip_no_num,OEL-88 non trovato in Directus
30521,,OEL-88,,set,skip_no_num,OEL-88 non trovato in Directus
30524,,OEL-88,,set,skip_no_num,OEL-88 non trovato in Directus
30532,,OEL-88,,set,skip_no_num,OEL-88 non trovato in Directus
30539,,OEL-88,,set,skip_no_num,OEL-88 non trovato in Directus
30548,,OEL-88,,set,skip_no_num,OEL-88 non trovato in Directus
30549,,OEL-88,,set,skip_no_num,OEL-88 non trovato in Directus
30568,,OEL-88,,set,skip_no_num,OEL-88 non trovato in Directus
30578,,OEL-88,,set,skip_no_num,OEL-88 non trovato in Directus
30579,,OEL-88,,set,skip_no_num,OEL-88 non trovato in Directus
30593,,OEL-88,,set,skip_no_num,OEL-88 non trovato in Directus
30592,,OEL-88,,set,skip_no_num,OEL-88 non trovato in Directus
31189,,OEL-92,,set,skip_no_num,OEL-92 non trovato in Directus
30610,,OEL-88,,set,skip_no_num,OEL-88 non trovato in Directus
30623,,OEL-88,,set,skip_no_num,OEL-88 non trovato in Directus
31775,,OEL-159,,set,skip_no_num,OEL-159 non trovato in Directus
30697,,OEL-89,,set,skip_no_num,OEL-89 non trovato in Directus
30699,,OEL-89,,set,skip_no_num,OEL-89 non trovato in Directus
30714,,OEL-89,,set,skip_no_num,OEL-89 non trovato in Directus
30715,,OEL-89,,set,skip_no_num,OEL-89 non trovato in Directus
30724,,OEL-89,,set,skip_no_num,OEL-89 non trovato in Directus
30736,,OEL-89,,set,skip_no_num,OEL-89 non trovato in Directus
30738,,OEL-89,,set,skip_no_num,OEL-89 non trovato in Directus
30750,,OEL-89,,set,skip_no_num,OEL-89 non trovato in Directus
30756,,OEL-89,,set,skip_no_num,OEL-89 non trovato in Directus
30788,,OEL-89,,set,skip_no_num,OEL-89 non trovato in Directus
30805,,OEL-89,,set,skip_no_num,OEL-89 non trovato in Directus
30824,,OEL-89,,set,skip_no_num,OEL-89 non trovato in Directus
30832,,OEL-89,,set,skip_no_num,OEL-89 non trovato in Directus
30876,,OEL-90,,set,skip_no_num,OEL-90 non trovato in Directus
30883,,OEL-90,,set,skip_no_num,OEL-90 non trovato in Directus
30888,,OEL-90,,set,skip_no_num,OEL-90 non trovato in Directus
30898,,OEL-90,,set,skip_no_num,OEL-90 non trovato in Directus
30906,,OEL-90,,set,skip_no_num,OEL-90 non trovato in Directus
30927,,OEL-90,,set,skip_no_num,OEL-90 non trovato in Directus
30929,,OEL-90,,set,skip_no_num,OEL-90 non trovato in Directus
30943,,OEL-90,,set,skip_no_num,OEL-90 non trovato in Directus
30950,,OEL-90,,set,skip_no_num,OEL-90 non trovato in Directus
30951,,OEL-90,,set,skip_no_num,OEL-90 non trovato in Directus
30952,,OEL-90,,set,skip_no_num,OEL-90 non trovato in Directus
30972,,OEL-90,,set,skip_no_num,OEL-90 non trovato in Directus
30975,,OEL-90,,set,skip_no_num,OEL-90 non trovato in Directus
30984,,OEL-90,,set,skip_no_num,OEL-90 non trovato in Directus
30985,,OEL-90,,set,skip_no_num,OEL-90 non trovato in Directus
30994,,OEL-90,,set,skip_no_num,OEL-90 non trovato in Directus
30997,,OEL-90,,set,skip_no_num,OEL-90 non trovato in Directus
31008,,OEL-90,,set,skip_no_num,OEL-90 non trovato in Directus
31014,,OEL-90,,set,skip_no_num,OEL-90 non trovato in Directus
31034,,OEL-91,,set,skip_no_num,OEL-91 non trovato in Directus
31066,,OEL-91,,set,skip_no_num,OEL-91 non trovato in Directus
31086,,OEL-91,,set,skip_no_num,OEL-91 non trovato in Directus
31087,,OEL-91,,set,skip_no_num,OEL-91 non trovato in Directus
31100,,OEL-91,,set,skip_no_num,OEL-91 non trovato in Directus
31104,,OEL-91,,set,skip_no_num,OEL-91 non trovato in Directus
31111,,OEL-91,,set,skip_no_num,OEL-91 non trovato in Directus
31128,,OEL-91,,set,skip_no_num,OEL-91 non trovato in Directus
31129,,OEL-91,,set,skip_no_num,OEL-91 non trovato in Directus
31143,,OEL-91,,set,skip_no_num,OEL-91 non trovato in Directus
31146,,OEL-91,,set,skip_no_num,OEL-91 non trovato in Directus
31148,,OEL-91,,set,skip_no_num,OEL-91 non trovato in Directus
31221,,OEL-92,,set,skip_no_num,OEL-92 non trovato in Directus
31230,,OEL-92,,set,skip_no_num,OEL-92 non trovato in Directus
31236,,OEL-92,,set,skip_no_num,OEL-92 non trovato in Directus
31248,,OEL-92,,set,skip_no_num,OEL-92 non trovato in Directus
31256,,OEL-92,,set,skip_no_num,OEL-92 non trovato in Directus
31261,,OEL-92,,set,skip_no_num,OEL-92 non trovato in Directus
31264,,OEL-92,,set,skip_no_num,OEL-92 non trovato in Directus
31276,,OEL-92,,set,skip_no_num,OEL-92 non trovato in Directus
31278,,OEL-92,,set,skip_no_num,OEL-92 non trovato in Directus
31286,,OEL-92,,set,skip_no_num,OEL-92 non trovato in Directus
31287,,OEL-92,,set,skip_no_num,OEL-92 non trovato in Directus
31301,,OEL-92,,set,skip_no_num,OEL-92 non trovato in Directus
31302,,OEL-92,,set,skip_no_num,OEL-92 non trovato in Directus
31305,,OEL-92,,set,skip_no_num,OEL-92 non trovato in Directus
31317,,OEL-92,,set,skip_no_num,OEL-92 non trovato in Directus
31321,,OEL-92,,set,skip_no_num,OEL-92 non trovato in Directus
31322,,OEL-92,,set,skip_no_num,OEL-92 non trovato in Directus
31399,,OEL-93,,set,skip_no_num,OEL-93 non trovato in Directus
31410,,OEL-93,,set,skip_no_num,OEL-93 non trovato in Directus
31414,,OEL-93,,set,skip_no_num,OEL-93 non trovato in Directus
31423,,OEL-93,,set,skip_no_num,OEL-93 non trovato in Directus
31431,,OEL-93,,set,skip_no_num,OEL-93 non trovato in Directus
31432,,OEL-93,,set,skip_no_num,OEL-93 non trovato in Directus
31442,,OEL-93,,set,skip_no_num,OEL-93 non trovato in Directus
31439,,OEL-93,,set,skip_no_num,OEL-93 non trovato in Directus
31459,,OEL-93,,set,skip_no_num,OEL-93 non trovato in Directus
31460,,OEL-93,,set,skip_no_num,OEL-93 non trovato in Directus
31458,,OEL-93,,set,skip_no_num,OEL-93 non trovato in Directus
31479,,OEL-93,,set,skip_no_num,OEL-93 non trovato in Directus
31480,,OEL-93,,set,skip_no_num,OEL-93 non trovato in Directus
31481,,OEL-93,,set,skip_no_num,OEL-93 non trovato in Directus
31484,,OEL-93,,set,skip_no_num,OEL-93 non trovato in Directus
31487,,OEL-117,,set,skip_no_num,OEL-117 non trovato in Directus
31505,,OEL-93,,set,skip_no_num,OEL-93 non trovato in Directus
31506,,OEL-93,,set,skip_no_num,OEL-93 non trovato in Directus
31510,,OEL-93,,set,skip_no_num,OEL-93 non trovato in Directus
31514,,OEL-93,,set,skip_no_num,OEL-93 non trovato in Directus
31534,,OEL-93,,set,skip_no_num,OEL-93 non trovato in Directus
31542,,OEL-117,,set,skip_no_num,OEL-117 non trovato in Directus
31544,,OEL-117,,set,skip_no_num,OEL-117 non trovato in Directus
31574,,OEL-117,,set,skip_no_num,OEL-117 non trovato in Directus
31584,,OEL-117,,set,skip_no_num,OEL-117 non trovato in Directus
31607,,OEL-159,,set,skip_no_num,OEL-159 non trovato in Directus
33121,,OEL-160,,set,skip_no_num,OEL-160 non trovato in Directus
33063,,OEL-160,,set,skip_no_num,OEL-160 non trovato in Directus
32654,,OEL-159,,set,skip_no_num,OEL-159 non trovato in Directus
31739,,OEL-159,,set,skip_no_num,OEL-159 non trovato in Directus
31749,,OEL-159,,set,skip_no_num,OEL-159 non trovato in Directus
31796,,OEL-94,,set,skip_no_num,OEL-94 non trovato in Directus
31800,,OEL-94,,set,skip_no_num,OEL-94 non trovato in Directus
31807,,OEL-94,,set,skip_no_num,OEL-94 non trovato in Directus
31816,,OEL-94,,set,skip_no_num,OEL-94 non trovato in Directus
31827,,OEL-94,,set,skip_no_num,OEL-94 non trovato in Directus
31834,,OEL-94,,set,skip_no_num,OEL-94 non trovato in Directus
31835,,OEL-94,,set,skip_no_num,OEL-94 non trovato in Directus
31849,,OEL-94,,set,skip_no_num,OEL-94 non trovato in Directus
31860,,OEL-94,,set,skip_no_num,OEL-94 non trovato in Directus
31869,,OEL-94,,set,skip_no_num,OEL-94 non trovato in Directus
31871,,OEL-94,,set,skip_no_num,OEL-94 non trovato in Directus
31894,,OEL-94,,set,skip_no_num,OEL-94 non trovato in Directus
31896,,OEL-94,,set,skip_no_num,OEL-94 non trovato in Directus
31916,,OEL-94,,set,skip_no_num,OEL-94 non trovato in Directus
31913,,OEL-94,,set,skip_no_num,OEL-94 non trovato in Directus
31924,,OEL-94,,set,skip_no_num,OEL-94 non trovato in Directus
31931,,OEL-94,,set,skip_no_num,OEL-94 non trovato in Directus
31934,,OEL-94,,set,skip_no_num,OEL-94 non trovato in Directus
32665,,OEL-159,,set,skip_no_num,OEL-159 non trovato in Directus
32031,,OEL-95,,set,skip_no_num,OEL-95 non trovato in Directus
32033,,OEL-95,,set,skip_no_num,OEL-95 non trovato in Directus
32051,,OEL-95,,set,skip_no_num,OEL-95 non trovato in Directus
32054,,OEL-95,,set,skip_no_num,OEL-95 non trovato in Directus
32061,,OEL-95,,set,skip_no_num,OEL-95 non trovato in Directus
32068,,OEL-95,,set,skip_no_num,OEL-95 non trovato in Directus
32075,,OEL-95,,set,skip_no_num,OEL-95 non trovato in Directus
32081,,OEL-95,,set,skip_no_num,OEL-95 non trovato in Directus
32092,,OEL-95,,set,skip_no_num,OEL-95 non trovato in Directus
32094,,OEL-95,,set,skip_no_num,OEL-95 non trovato in Directus
32107,,OEL-95,,set,skip_no_num,OEL-95 non trovato in Directus
32109,,OEL-95,,set,skip_no_num,OEL-95 non trovato in Directus
32127,,OEL-95,,set,skip_no_num,OEL-95 non trovato in Directus
32137,,OEL-95,,set,skip_no_num,OEL-95 non trovato in Directus
32144,,OEL-95,,set,skip_no_num,OEL-95 non trovato in Directus
32146,,OEL-96,,set,skip_no_num,OEL-96 non trovato in Directus
32174,,OEL-96,,set,skip_no_num,OEL-96 non trovato in Directus
32186,,OEL-96,,set,skip_no_num,OEL-96 non trovato in Directus
32188,,OEL-96,,set,skip_no_num,OEL-96 non trovato in Directus
32197,,OEL-96,,set,skip_no_num,OEL-96 non trovato in Directus
32200,,OEL-96,,set,skip_no_num,OEL-96 non trovato in Directus
32211,,OEL-96,,set,skip_no_num,OEL-96 non trovato in Directus
32215,,OEL-96,,set,skip_no_num,OEL-96 non trovato in Directus
32227,,OEL-96,,set,skip_no_num,OEL-96 non trovato in Directus
32232,,OEL-96,,set,skip_no_num,OEL-96 non trovato in Directus
32241,,OEL-96,,set,skip_no_num,OEL-96 non trovato in Directus
32242,,OEL-96,,set,skip_no_num,OEL-96 non trovato in Directus
32254,,OEL-96,,set,skip_no_num,OEL-96 non trovato in Directus
32258,,OEL-96,,set,skip_no_num,OEL-96 non trovato in Directus
32273,,OEL-96,,set,skip_no_num,OEL-96 non trovato in Directus
32284,,OEL-96,,set,skip_no_num,OEL-96 non trovato in Directus
32292,,OEL-96,,set,skip_no_num,OEL-96 non trovato in Directus
32319,,OEL-97,,set,skip_no_num,OEL-97 non trovato in Directus
32362,,OEL-97,,set,skip_no_num,OEL-97 non trovato in Directus
32367,,OEL-97,,set,skip_no_num,OEL-97 non trovato in Directus
32369,,OEL-97,,set,skip_no_num,OEL-97 non trovato in Directus
32378,,OEL-97,,set,skip_no_num,OEL-97 non trovato in Directus
32379,,OEL-97,,set,skip_no_num,OEL-97 non trovato in Directus
32387,,OEL-97,,set,skip_no_num,OEL-97 non trovato in Directus
32391,,OEL-97,,set,skip_no_num,OEL-97 non trovato in Directus
32404,,OEL-97,,set,skip_no_num,OEL-97 non trovato in Directus
32406,,OEL-97,,set,skip_no_num,OEL-97 non trovato in Directus
32415,,OEL-97,,set,skip_no_num,OEL-97 non trovato in Directus
32418,,OEL-97,,set,skip_no_num,OEL-97 non trovato in Directus
32427,,OEL-97,,set,skip_no_num,OEL-97 non trovato in Directus
32441,,OEL-97,,set,skip_no_num,OEL-97 non trovato in Directus
32448,,OEL-97,,set,skip_no_num,OEL-97 non trovato in Directus
32450,,OEL-97,,set,skip_no_num,OEL-97 non trovato in Directus
32464,,OEL-97,,set,skip_no_num,OEL-97 non trovato in Directus
32487,,OEL-98,,set,skip_no_num,OEL-98 non trovato in Directus
32495,,OEL-98,,set,skip_no_num,OEL-98 non trovato in Directus
32496,,OEL-98,,set,skip_no_num,OEL-98 non trovato in Directus
32533,,OEL-98,,set,skip_no_num,OEL-98 non trovato in Directus
32536,,OEL-98,,set,skip_no_num,OEL-98 non trovato in Directus
32537,,OEL-98,,set,skip_no_num,OEL-98 non trovato in Directus
32555,,OEL-98,,set,skip_no_num,OEL-98 non trovato in Directus
32554,,OEL-98,,set,skip_no_num,OEL-98 non trovato in Directus
32557,,OEL-98,,set,skip_no_num,OEL-98 non trovato in Directus
32561,,OEL-98,,set,skip_no_num,OEL-98 non trovato in Directus
32574,,OEL-98,,set,skip_no_num,OEL-98 non trovato in Directus
32578,,OEL-98,,set,skip_no_num,OEL-98 non trovato in Directus
32580,,OEL-98,,set,skip_no_num,OEL-98 non trovato in Directus
32586,,OEL-98,,set,skip_no_num,OEL-98 non trovato in Directus
32601,,OEL-98,,set,skip_no_num,OEL-98 non trovato in Directus
32607,,OEL-98,,set,skip_no_num,OEL-98 non trovato in Directus
32618,,OEL-98,,set,skip_no_num,OEL-98 non trovato in Directus
34619,,OEL-109,,set,skip_no_num,OEL-109 non trovato in Directus
33008,,OEL-159,,set,skip_no_num,OEL-159 non trovato in Directus
32677,,OEL-99,,set,skip_no_num,OEL-99 non trovato in Directus
32679,,OEL-99,,set,skip_no_num,OEL-99 non trovato in Directus
32703,,OEL-99,,set,skip_no_num,OEL-99 non trovato in Directus
32709,,OEL-99,,set,skip_no_num,OEL-99 non trovato in Directus
32719,,OEL-99,,set,skip_no_num,OEL-99 non trovato in Directus
32720,,OEL-99,,set,skip_no_num,OEL-99 non trovato in Directus
32729,,OEL-99,,set,skip_no_num,OEL-99 non trovato in Directus
32735,,OEL-99,,set,skip_no_num,OEL-99 non trovato in Directus
32743,,OEL-99,,set,skip_no_num,OEL-99 non trovato in Directus
32752,,OEL-99,,set,skip_no_num,OEL-99 non trovato in Directus
32756,,OEL-99,,set,skip_no_num,OEL-99 non trovato in Directus
32763,,OEL-99,,set,skip_no_num,OEL-99 non trovato in Directus
32785,,OEL-100,,set,skip_no_num,OEL-100 non trovato in Directus
32789,,OEL-100,,set,skip_no_num,OEL-100 non trovato in Directus
32856,,OEL-100,,set,skip_no_num,OEL-100 non trovato in Directus
32858,,OEL-100,,set,skip_no_num,OEL-100 non trovato in Directus
32860,,OEL-100,,set,skip_no_num,OEL-100 non trovato in Directus
32869,,OEL-100,,set,skip_no_num,OEL-100 non trovato in Directus
32883,,OEL-100,,set,skip_no_num,OEL-100 non trovato in Directus
32884,,OEL-100,,set,skip_no_num,OEL-100 non trovato in Directus
32896,,OEL-100,,set,skip_no_num,OEL-100 non trovato in Directus
32890,,OEL-100,,set,skip_no_num,OEL-100 non trovato in Directus
32902,,OEL-100,,set,skip_no_num,OEL-100 non trovato in Directus
32908,,OEL-100,,set,skip_no_num,OEL-100 non trovato in Directus
32920,,OEL-100,,set,skip_no_num,OEL-100 non trovato in Directus
33499,,OEL-102,,set,skip_no_num,OEL-102 non trovato in Directus
33155,,OEL-101,,set,skip_no_num,OEL-101 non trovato in Directus
33156,,OEL-101,,set,skip_no_num,OEL-101 non trovato in Directus
33170,,OEL-101,,set,skip_no_num,OEL-101 non trovato in Directus
33178,,OEL-101,,set,skip_no_num,OEL-101 non trovato in Directus
33179,,OEL-101,,set,skip_no_num,OEL-101 non trovato in Directus
33184,,OEL-101,,set,skip_no_num,OEL-101 non trovato in Directus
33190,,OEL-101,,set,skip_no_num,OEL-101 non trovato in Directus
33197,,OEL-101,,set,skip_no_num,OEL-101 non trovato in Directus
33209,,OEL-101,,set,skip_no_num,OEL-101 non trovato in Directus
33228,,OEL-160,,set,skip_no_num,OEL-160 non trovato in Directus
33295,,OEL-160,,set,skip_no_num,OEL-160 non trovato in Directus
33328,,OEL-160,,set,skip_no_num,OEL-160 non trovato in Directus
33472,,OEL-160,,set,skip_no_num,OEL-160 non trovato in Directus
33488,,OEL-102,,set,skip_no_num,OEL-102 non trovato in Directus
33504,,OEL-102,,set,skip_no_num,OEL-102 non trovato in Directus
33510,,OEL-102,,set,skip_no_num,OEL-102 non trovato in Directus
33513,,OEL-102,,set,skip_no_num,OEL-102 non trovato in Directus
33522,,OEL-102,,set,skip_no_num,OEL-102 non trovato in Directus
33524,,OEL-102,,set,skip_no_num,OEL-102 non trovato in Directus
33533,,OEL-102,,set,skip_no_num,OEL-102 non trovato in Directus
33537,,OEL-102,,set,skip_no_num,OEL-102 non trovato in Directus
33543,,OEL-102,,set,skip_no_num,OEL-102 non trovato in Directus
33551,,OEL-102,,set,skip_no_num,OEL-102 non trovato in Directus
33552,,OEL-102,,set,skip_no_num,OEL-102 non trovato in Directus
33553,,OEL-102,,set,skip_no_num,OEL-102 non trovato in Directus
33577,,OEL-102,,set,skip_no_num,OEL-102 non trovato in Directus
33601,,OEL-155,,set,skip_no_num,OEL-155 non trovato in Directus
33635,,OEL-160,,set,skip_no_num,OEL-160 non trovato in Directus
33645,,OEL-160,,set,skip_no_num,OEL-160 non trovato in Directus
33725,,OEL-103,,set,skip_no_num,OEL-103 non trovato in Directus
33732,,OEL-103,,set,skip_no_num,OEL-103 non trovato in Directus
33733,,OEL-103,,set,skip_no_num,OEL-103 non trovato in Directus
33714,,OEL-103,,set,skip_no_num,OEL-103 non trovato in Directus
33716,,OEL-103,,set,skip_no_num,OEL-103 non trovato in Directus
33706,,OEL-103,,set,skip_no_num,OEL-103 non trovato in Directus
33691,,OEL-103,,set,skip_no_num,OEL-103 non trovato in Directus
33742,,OEL-103,,set,skip_no_num,OEL-103 non trovato in Directus
33746,,OEL-103,,set,skip_no_num,OEL-103 non trovato in Directus
33755,,OEL-103,,set,skip_no_num,OEL-103 non trovato in Directus
33769,,OEL-103,,set,skip_no_num,OEL-103 non trovato in Directus
33777,,OEL-103,,set,skip_no_num,OEL-103 non trovato in Directus
33778,,OEL-103,,set,skip_no_num,OEL-103 non trovato in Directus
33783,,OEL-103,,set,skip_no_num,OEL-103 non trovato in Directus
33798,,OEL-103,,set,skip_no_num,OEL-103 non trovato in Directus
33802,,OEL-103,,set,skip_no_num,OEL-103 non trovato in Directus
33873,,OEL-104,,set,skip_no_num,OEL-104 non trovato in Directus
33867,,OEL-104,,set,skip_no_num,OEL-104 non trovato in Directus
33877,,OEL-104,,set,skip_no_num,OEL-104 non trovato in Directus
33882,,OEL-104,,set,skip_no_num,OEL-104 non trovato in Directus
33888,,OEL-104,,set,skip_no_num,OEL-104 non trovato in Directus
33901,,OEL-104,,set,skip_no_num,OEL-104 non trovato in Directus
33902,,OEL-104,,set,skip_no_num,OEL-104 non trovato in Directus
33910,,OEL-104,,set,skip_no_num,OEL-104 non trovato in Directus
33914,,OEL-104,,set,skip_no_num,OEL-104 non trovato in Directus
33917,,OEL-104,,set,skip_no_num,OEL-104 non trovato in Directus
33932,,OEL-104,,set,skip_no_num,OEL-104 non trovato in Directus
33934,,OEL-104,,set,skip_no_num,OEL-104 non trovato in Directus
33928,,OEL-104,,set,skip_no_num,OEL-104 non trovato in Directus
33945,,OEL-104,,set,skip_no_num,OEL-104 non trovato in Directus
33947,,OEL-104,,set,skip_no_num,OEL-104 non trovato in Directus
33958,,OEL-104,,set,skip_no_num,OEL-104 non trovato in Directus
33959,,OEL-104,,set,skip_no_num,OEL-104 non trovato in Directus
33963,,OEL-104,,set,skip_no_num,OEL-104 non trovato in Directus
34404,,OEL-106,,set,skip_no_num,OEL-106 non trovato in Directus
33989,,OEL-160,,set,skip_no_num,OEL-160 non trovato in Directus
34004,,OEL-105,,set,skip_no_num,OEL-105 non trovato in Directus
34018,,OEL-105,,set,skip_no_num,OEL-105 non trovato in Directus
34022,,OEL-105,,set,skip_no_num,OEL-105 non trovato in Directus
34023,,OEL-105,,set,skip_no_num,OEL-105 non trovato in Directus
34033,,OEL-105,,set,skip_no_num,OEL-105 non trovato in Directus
34037,,OEL-105,,set,skip_no_num,OEL-105 non trovato in Directus
34040,,OEL-105,,set,skip_no_num,OEL-105 non trovato in Directus
34046,,OEL-105,,set,skip_no_num,OEL-105 non trovato in Directus
34064,,OEL-105,,set,skip_no_num,OEL-105 non trovato in Directus
34140,,OEL-107,,set,skip_no_num,OEL-107 non trovato in Directus
34141,,OEL-160,,set,skip_no_num,OEL-160 non trovato in Directus
34630,,OEL-109,,set,skip_no_num,OEL-109 non trovato in Directus
34626,,OEL-109,,set,skip_no_num,OEL-109 non trovato in Directus
34149,,OEL-107,,set,skip_no_num,OEL-107 non trovato in Directus
34154,,OEL-107,,set,skip_no_num,OEL-107 non trovato in Directus
34155,,OEL-107,,set,skip_no_num,OEL-107 non trovato in Directus
34159,,OEL-107,,set,skip_no_num,OEL-107 non trovato in Directus
34173,,OEL-107,,set,skip_no_num,OEL-107 non trovato in Directus
34182,,OEL-107,,set,skip_no_num,OEL-107 non trovato in Directus
34184,,OEL-107,,set,skip_no_num,OEL-107 non trovato in Directus
34185,,OEL-107,,set,skip_no_num,OEL-107 non trovato in Directus
34197,,OEL-107,,set,skip_no_num,OEL-107 non trovato in Directus
34198,,OEL-107,,set,skip_no_num,OEL-107 non trovato in Directus
34217,,OEL-107,,set,skip_no_num,OEL-107 non trovato in Directus
34224,,OEL-107,,set,skip_no_num,OEL-107 non trovato in Directus
34234,,OEL-107,,set,skip_no_num,OEL-107 non trovato in Directus
34239,,OEL-107,,set,skip_no_num,OEL-107 non trovato in Directus
34249,,OEL-107,,set,skip_no_num,OEL-107 non trovato in Directus
34251,,OEL-107,,set,skip_no_num,OEL-107 non trovato in Directus
34257,,OEL-107,,set,skip_no_num,OEL-107 non trovato in Directus
34295,,OEL-160,,set,skip_no_num,OEL-160 non trovato in Directus
34310,,OEL-160,,set,skip_no_num,OEL-160 non trovato in Directus
34328,,OEL-160,,set,skip_no_num,OEL-160 non trovato in Directus
34349,,OEL-160,,set,skip_no_num,OEL-160 non trovato in Directus
34406,,OEL-106,,set,skip_no_num,OEL-106 non trovato in Directus
34415,,OEL-106,,set,skip_no_num,OEL-106 non trovato in Directus
34417,,OEL-106,,set,skip_no_num,OEL-106 non trovato in Directus
34426,,OEL-106,,set,skip_no_num,OEL-106 non trovato in Directus
34428,,OEL-106,,set,skip_no_num,OEL-106 non trovato in Directus
34436,,OEL-106,,set,skip_no_num,OEL-106 non trovato in Directus
34439,,OEL-106,,set,skip_no_num,OEL-106 non trovato in Directus
34452,,OEL-106,,set,skip_no_num,OEL-106 non trovato in Directus
34459,,OEL-106,,set,skip_no_num,OEL-106 non trovato in Directus
34460,,OEL-106,,set,skip_no_num,OEL-106 non trovato in Directus
34466,,OEL-106,,set,skip_no_num,OEL-106 non trovato in Directus
34474,,OEL-106,,set,skip_no_num,OEL-106 non trovato in Directus
34486,,OEL-106,,set,skip_no_num,OEL-106 non trovato in Directus
34487,,OEL-106,,set,skip_no_num,OEL-106 non trovato in Directus
34497,,OEL-106,,set,skip_no_num,OEL-106 non trovato in Directus
34525,,OEL-108,,set,skip_no_num,OEL-108 non trovato in Directus
34526,,OEL-108,,set,skip_no_num,OEL-108 non trovato in Directus
34538,,OEL-108,,set,skip_no_num,OEL-108 non trovato in Directus
34540,,OEL-108,,set,skip_no_num,OEL-108 non trovato in Directus
34551,,OEL-108,,set,skip_no_num,OEL-108 non trovato in Directus
34555,,OEL-108,,set,skip_no_num,OEL-108 non trovato in Directus
34558,,OEL-108,,set,skip_no_num,OEL-108 non trovato in Directus
34565,,OEL-108,,set,skip_no_num,OEL-108 non trovato in Directus
34568,,OEL-108,,set,skip_no_num,OEL-108 non trovato in Directus
34576,,OEL-108,,set,skip_no_num,OEL-108 non trovato in Directus
34578,,OEL-108,,set,skip_no_num,OEL-108 non trovato in Directus
34585,,OEL-108,,set,skip_no_num,OEL-108 non trovato in Directus
34589,,OEL-108,,set,skip_no_num,OEL-108 non trovato in Directus
34594,,OEL-108,,set,skip_no_num,OEL-108 non trovato in Directus
34599,,OEL-108,,set,skip_no_num,OEL-108 non trovato in Directus
34642,,OEL-109,,set,skip_no_num,OEL-109 non trovato in Directus
34647,,OEL-109,,set,skip_no_num,OEL-109 non trovato in Directus
34650,,OEL-109,,set,skip_no_num,OEL-109 non trovato in Directus
34656,,OEL-109,,set,skip_no_num,OEL-109 non trovato in Directus
34661,,OEL-109,,set,skip_no_num,OEL-109 non trovato in Directus
34675,,OEL-109,,set,skip_no_num,OEL-109 non trovato in Directus
34680,,OEL-109,,set,skip_no_num,OEL-109 non trovato in Directus
34685,,OEL-109,,set,skip_no_num,OEL-109 non trovato in Directus
34689,,OEL-109,,set,skip_no_num,OEL-109 non trovato in Directus
34696,,OEL-109,,set,skip_no_num,OEL-109 non trovato in Directus
34701,,OEL-109,,set,skip_no_num,OEL-109 non trovato in Directus
34709,,OEL-109,,set,skip_no_num,OEL-109 non trovato in Directus
34715,,OEL-109,,set,skip_no_num,OEL-109 non trovato in Directus
36205,,OEL-117,,set,skip_no_num,OEL-117 non trovato in Directus
34768,,OEL-110,,set,skip_no_num,OEL-110 non trovato in Directus
34775,,OEL-110,,set,skip_no_num,OEL-110 non trovato in Directus
34782,,OEL-110,,set,skip_no_num,OEL-110 non trovato in Directus
34784,,OEL-110,,set,skip_no_num,OEL-110 non trovato in Directus
34789,,OEL-110,,set,skip_no_num,OEL-110 non trovato in Directus
34790,,OEL-110,,set,skip_no_num,OEL-110 non trovato in Directus
34793,,OEL-110,,set,skip_no_num,OEL-110 non trovato in Directus
34805,,OEL-110,,set,skip_no_num,OEL-110 non trovato in Directus
34814,,OEL-110,,set,skip_no_num,OEL-110 non trovato in Directus
34828,,OEL-110,,set,skip_no_num,OEL-110 non trovato in Directus
34838,,OEL-110,,set,skip_no_num,OEL-110 non trovato in Directus
34840,,OEL-110,,set,skip_no_num,OEL-110 non trovato in Directus
34851,,OEL-110,,set,skip_no_num,OEL-110 non trovato in Directus
34854,,OEL-110,,set,skip_no_num,OEL-110 non trovato in Directus
35559,,OEL-112,,set,skip_no_num,OEL-112 non trovato in Directus
35234,,OEL-161,,set,skip_no_num,OEL-161 non trovato in Directus
35330,,OEL-111,,set,skip_no_num,OEL-111 non trovato in Directus
35334,,OEL-111,,set,skip_no_num,OEL-111 non trovato in Directus
35335,,OEL-111,,set,skip_no_num,OEL-111 non trovato in Directus
35315,,OEL-111,,set,skip_no_num,OEL-111 non trovato in Directus
35325,,OEL-111,,set,skip_no_num,OEL-111 non trovato in Directus
35349,,OEL-111,,set,skip_no_num,OEL-111 non trovato in Directus
35344,,OEL-111,,set,skip_no_num,OEL-111 non trovato in Directus
35353,,OEL-111,,set,skip_no_num,OEL-111 non trovato in Directus
35359,,OEL-111,,set,skip_no_num,OEL-111 non trovato in Directus
35368,,OEL-111,,set,skip_no_num,OEL-111 non trovato in Directus
35371,,OEL-111,,set,skip_no_num,OEL-111 non trovato in Directus
35376,,OEL-111,,set,skip_no_num,OEL-111 non trovato in Directus
35381,,OEL-111,,set,skip_no_num,OEL-111 non trovato in Directus
35391,,OEL-111,,set,skip_no_num,OEL-111 non trovato in Directus
35394,,OEL-111,,set,skip_no_num,OEL-111 non trovato in Directus
35402,,OEL-111,,set,skip_no_num,OEL-111 non trovato in Directus
35406,,OEL-111,,set,skip_no_num,OEL-111 non trovato in Directus
35411,,OEL-111,,set,skip_no_num,OEL-111 non trovato in Directus
35416,,OEL-111,,set,skip_no_num,OEL-111 non trovato in Directus
35566,,OEL-112,,set,skip_no_num,OEL-112 non trovato in Directus
35571,,OEL-112,,set,skip_no_num,OEL-112 non trovato in Directus
35575,,OEL-112,,set,skip_no_num,OEL-112 non trovato in Directus
35580,,OEL-112,,set,skip_no_num,OEL-112 non trovato in Directus
35586,,OEL-112,,set,skip_no_num,OEL-112 non trovato in Directus
35594,,OEL-112,,set,skip_no_num,OEL-112 non trovato in Directus
35604,,OEL-112,,set,skip_no_num,OEL-112 non trovato in Directus
35609,,OEL-112,,set,skip_no_num,OEL-112 non trovato in Directus
35616,,OEL-112,,set,skip_no_num,OEL-112 non trovato in Directus
35621,,OEL-112,,set,skip_no_num,OEL-112 non trovato in Directus
35627,,OEL-112,,set,skip_no_num,OEL-112 non trovato in Directus
35635,,OEL-112,,set,skip_no_num,OEL-112 non trovato in Directus
35636,,OEL-112,,set,skip_no_num,OEL-112 non trovato in Directus
35646,,OEL-112,,set,skip_no_num,OEL-112 non trovato in Directus
35656,,OEL-112,,set,skip_no_num,OEL-112 non trovato in Directus
35988,,OEL-115,,set,skip_no_num,OEL-115 non trovato in Directus
37575,,OEL-122,,set,skip_no_num,OEL-122 non trovato in Directus
35707,,OEL-113,,set,skip_no_num,OEL-113 non trovato in Directus
35717,,OEL-113,,set,skip_no_num,OEL-113 non trovato in Directus
35724,,OEL-113,,set,skip_no_num,OEL-113 non trovato in Directus
35730,,OEL-113,,set,skip_no_num,OEL-113 non trovato in Directus
35735,,OEL-113,,set,skip_no_num,OEL-113 non trovato in Directus
35736,,OEL-113,,set,skip_no_num,OEL-113 non trovato in Directus
35749,,OEL-113,,set,skip_no_num,OEL-113 non trovato in Directus
35752,,OEL-113,,set,skip_no_num,OEL-113 non trovato in Directus
35758,,OEL-113,,set,skip_no_num,OEL-113 non trovato in Directus
35772,,OEL-113,,set,skip_no_num,OEL-113 non trovato in Directus
35786,,OEL-113,,set,skip_no_num,OEL-113 non trovato in Directus
35865,,OEL-113,,set,skip_no_num,OEL-113 non trovato in Directus
35797,,OEL-113,,set,skip_no_num,OEL-113 non trovato in Directus
35799,,OEL-113,,set,skip_no_num,OEL-113 non trovato in Directus
35807,,OEL-113,,set,skip_no_num,OEL-113 non trovato in Directus
35819,,OEL-113,,set,skip_no_num,OEL-113 non trovato in Directus
35825,,OEL-113,,set,skip_no_num,OEL-113 non trovato in Directus
35826,,OEL-113,,set,skip_no_num,OEL-113 non trovato in Directus
35837,,OEL-113,,set,skip_no_num,OEL-113 non trovato in Directus
35842,,OEL-113,,set,skip_no_num,OEL-113 non trovato in Directus
35850,,OEL-113,,set,skip_no_num,OEL-113 non trovato in Directus
35851,,OEL-113,,set,skip_no_num,OEL-113 non trovato in Directus
35879,,OEL-114,,set,skip_no_num,OEL-114 non trovato in Directus
35887,,OEL-114,,set,skip_no_num,OEL-114 non trovato in Directus
35895,,OEL-114,,set,skip_no_num,OEL-114 non trovato in Directus
35901,,OEL-114,,set,skip_no_num,OEL-114 non trovato in Directus
35910,,OEL-114,,set,skip_no_num,OEL-114 non trovato in Directus
37119,,OEL-161,,set,skip_no_num,OEL-161 non trovato in Directus
36001,,OEL-115,,set,skip_no_num,OEL-115 non trovato in Directus
35922,,OEL-114,,set,skip_no_num,OEL-114 non trovato in Directus
35933,,OEL-114,,set,skip_no_num,OEL-114 non trovato in Directus
35944,,OEL-114,,set,skip_no_num,OEL-114 non trovato in Directus
35951,,OEL-114,,set,skip_no_num,OEL-114 non trovato in Directus
35957,,OEL-114,,set,skip_no_num,OEL-114 non trovato in Directus
35968,,OEL-114,,set,skip_no_num,OEL-114 non trovato in Directus
35973,,OEL-114,,set,skip_no_num,OEL-114 non trovato in Directus
35977,,OEL-114,,set,skip_no_num,OEL-114 non trovato in Directus
35978,,OEL-114,,set,skip_no_num,OEL-114 non trovato in Directus
36006,,OEL-115,,set,skip_no_num,OEL-115 non trovato in Directus
36011,,OEL-115,,set,skip_no_num,OEL-115 non trovato in Directus
36015,,OEL-115,,set,skip_no_num,OEL-115 non trovato in Directus
36021,,OEL-115,,set,skip_no_num,OEL-115 non trovato in Directus
36026,,OEL-115,,set,skip_no_num,OEL-115 non trovato in Directus
36032,,OEL-115,,set,skip_no_num,OEL-115 non trovato in Directus
36037,,OEL-115,,set,skip_no_num,OEL-115 non trovato in Directus
36044,,OEL-115,,set,skip_no_num,OEL-115 non trovato in Directus
36055,,OEL-115,,set,skip_no_num,OEL-115 non trovato in Directus
36061,,OEL-115,,set,skip_no_num,OEL-115 non trovato in Directus
36067,,OEL-115,,set,skip_no_num,OEL-115 non trovato in Directus
36071,,OEL-115,,set,skip_no_num,OEL-115 non trovato in Directus
36077,,OEL-115,,set,skip_no_num,OEL-115 non trovato in Directus
36096,,OEL-116,,set,skip_no_num,OEL-116 non trovato in Directus
36086,,OEL-116,,set,skip_no_num,OEL-116 non trovato in Directus
36102,,OEL-116,,set,skip_no_num,OEL-116 non trovato in Directus
36111,,OEL-116,,set,skip_no_num,OEL-116 non trovato in Directus
36116,,OEL-116,,set,skip_no_num,OEL-116 non trovato in Directus
36120,,OEL-116,,set,skip_no_num,OEL-116 non trovato in Directus
36125,,OEL-116,,set,skip_no_num,OEL-116 non trovato in Directus
36130,,OEL-116,,set,skip_no_num,OEL-116 non trovato in Directus
36135,,OEL-116,,set,skip_no_num,OEL-116 non trovato in Directus
36142,,OEL-116,,set,skip_no_num,OEL-116 non trovato in Directus
36149,,OEL-116,,set,skip_no_num,OEL-116 non trovato in Directus
36155,,OEL-116,,set,skip_no_num,OEL-116 non trovato in Directus
36161,,OEL-116,,set,skip_no_num,OEL-116 non trovato in Directus
36167,,OEL-116,,set,skip_no_num,OEL-116 non trovato in Directus
36175,,OEL-116,,set,skip_no_num,OEL-116 non trovato in Directus
36178,,OEL-116,,set,skip_no_num,OEL-116 non trovato in Directus
36184,,OEL-116,,set,skip_no_num,OEL-116 non trovato in Directus
36214,,OEL-117,,set,skip_no_num,OEL-117 non trovato in Directus
36224,,OEL-117,,set,skip_no_num,OEL-117 non trovato in Directus
36231,,OEL-117,,set,skip_no_num,OEL-117 non trovato in Directus
36236,,OEL-117,,set,skip_no_num,OEL-117 non trovato in Directus
36240,,OEL-117,,set,skip_no_num,OEL-117 non trovato in Directus
36246,,OEL-117,,set,skip_no_num,OEL-117 non trovato in Directus
36260,,OEL-117,,set,skip_no_num,OEL-117 non trovato in Directus
36262,,OEL-117,,set,skip_no_num,OEL-117 non trovato in Directus
36272,,OEL-117,,set,skip_no_num,OEL-117 non trovato in Directus
36284,,OEL-117,,set,skip_no_num,OEL-117 non trovato in Directus
36297,,OEL-118,,set,skip_no_num,OEL-118 non trovato in Directus
36308,,OEL-118,,set,skip_no_num,OEL-118 non trovato in Directus
36315,,OEL-118,,set,skip_no_num,OEL-118 non trovato in Directus
36320,,OEL-118,,set,skip_no_num,OEL-118 non trovato in Directus
36323,,OEL-118,,set,skip_no_num,OEL-118 non trovato in Directus
36328,,OEL-118,,set,skip_no_num,OEL-118 non trovato in Directus
36333,,OEL-118,,set,skip_no_num,OEL-118 non trovato in Directus
36338,,OEL-118,,set,skip_no_num,OEL-118 non trovato in Directus
36343,,OEL-118,,set,skip_no_num,OEL-118 non trovato in Directus
36349,,OEL-118,,set,skip_no_num,OEL-118 non trovato in Directus
36354,,OEL-118,,set,skip_no_num,OEL-118 non trovato in Directus
36358,,OEL-118,,set,skip_no_num,OEL-118 non trovato in Directus
36365,,OEL-118,,set,skip_no_num,OEL-118 non trovato in Directus
36372,,OEL-118,,set,skip_no_num,OEL-118 non trovato in Directus
36386,,OEL-118,,set,skip_no_num,OEL-118 non trovato in Directus
36391,,OEL-118,,set,skip_no_num,OEL-118 non trovato in Directus
36424,,OEL-119,,set,skip_no_num,OEL-119 non trovato in Directus
36404,,OEL-119,,set,skip_no_num,OEL-119 non trovato in Directus
36413,,OEL-119,,set,skip_no_num,OEL-119 non trovato in Directus
36428,,OEL-119,,set,skip_no_num,OEL-119 non trovato in Directus
36434,,OEL-119,,set,skip_no_num,OEL-119 non trovato in Directus
36440,,OEL-119,,set,skip_no_num,OEL-119 non trovato in Directus
36444,,OEL-119,,set,skip_no_num,OEL-119 non trovato in Directus
36449,,OEL-119,,set,skip_no_num,OEL-119 non trovato in Directus
36456,,OEL-119,,set,skip_no_num,OEL-119 non trovato in Directus
36460,,OEL-119,,set,skip_no_num,OEL-119 non trovato in Directus
36465,,OEL-119,,set,skip_no_num,OEL-119 non trovato in Directus
36472,,OEL-119,,set,skip_no_num,OEL-119 non trovato in Directus
36478,,OEL-119,,set,skip_no_num,OEL-119 non trovato in Directus
38450,,OEL-128,,set,skip_no_num,OEL-128 non trovato in Directus
37001,,OEL-161,,set,skip_no_num,OEL-161 non trovato in Directus
37130,,OEL-161,,set,skip_no_num,OEL-161 non trovato in Directus
37146,,OEL-161,,set,skip_no_num,OEL-161 non trovato in Directus
37148,,OEL-161,,set,skip_no_num,OEL-161 non trovato in Directus
37158,,OEL-161,,set,skip_no_num,OEL-161 non trovato in Directus
37252,,OEL-161,,set,skip_no_num,OEL-161 non trovato in Directus
37263,,OEL-161,,set,skip_no_num,OEL-161 non trovato in Directus
37279,,OEL-161,,set,skip_no_num,OEL-161 non trovato in Directus
37287,,OEL-161,,set,skip_no_num,OEL-161 non trovato in Directus
37295,,OEL-161,,set,skip_no_num,OEL-161 non trovato in Directus
37304,,OEL-120,,set,skip_no_num,OEL-120 non trovato in Directus
37326,,OEL-120,,set,skip_no_num,OEL-120 non trovato in Directus
37330,,OEL-120,,set,skip_no_num,OEL-120 non trovato in Directus
37334,,OEL-120,,set,skip_no_num,OEL-120 non trovato in Directus
37339,,OEL-120,,set,skip_no_num,OEL-120 non trovato in Directus
37344,,OEL-120,,set,skip_no_num,OEL-120 non trovato in Directus
37348,,OEL-120,,set,skip_no_num,OEL-120 non trovato in Directus
37353,,OEL-120,,set,skip_no_num,OEL-120 non trovato in Directus
37357,,OEL-120,,set,skip_no_num,OEL-120 non trovato in Directus
37362,,OEL-120,,set,skip_no_num,OEL-120 non trovato in Directus
37372,,OEL-120,,set,skip_no_num,OEL-120 non trovato in Directus
37377,,OEL-120,,set,skip_no_num,OEL-120 non trovato in Directus
37381,,OEL-120,,set,skip_no_num,OEL-120 non trovato in Directus
37385,,OEL-120,,set,skip_no_num,OEL-120 non trovato in Directus
37392,,OEL-120,,set,skip_no_num,OEL-120 non trovato in Directus
37396,,OEL-120,,set,skip_no_num,OEL-120 non trovato in Directus
37400,,OEL-120,,set,skip_no_num,OEL-120 non trovato in Directus
37407,,OEL-120,,set,skip_no_num,OEL-120 non trovato in Directus
37414,,OEL-120,,set,skip_no_num,OEL-120 non trovato in Directus
37441,,OEL-121,,set,skip_no_num,OEL-121 non trovato in Directus
37460,,OEL-121,,set,skip_no_num,OEL-121 non trovato in Directus
37465,,OEL-121,,set,skip_no_num,OEL-121 non trovato in Directus
37473,,OEL-121,,set,skip_no_num,OEL-121 non trovato in Directus
37477,,OEL-121,,set,skip_no_num,OEL-121 non trovato in Directus
37481,,OEL-121,,set,skip_no_num,OEL-121 non trovato in Directus
37500,,OEL-121,,set,skip_no_num,OEL-121 non trovato in Directus
37505,,OEL-121,,set,skip_no_num,OEL-121 non trovato in Directus
37511,,OEL-121,,set,skip_no_num,OEL-121 non trovato in Directus
37515,,OEL-121,,set,skip_no_num,OEL-121 non trovato in Directus
37519,,OEL-121,,set,skip_no_num,OEL-121 non trovato in Directus
37523,,OEL-121,,set,skip_no_num,OEL-121 non trovato in Directus
37527,,OEL-121,,set,skip_no_num,OEL-121 non trovato in Directus
37531,,OEL-121,,set,skip_no_num,OEL-121 non trovato in Directus
37596,,OEL-122,,set,skip_no_num,OEL-122 non trovato in Directus
37599,,OEL-122,,set,skip_no_num,OEL-122 non trovato in Directus
37603,,OEL-122,,set,skip_no_num,OEL-122 non trovato in Directus
37608,,OEL-122,,set,skip_no_num,OEL-122 non trovato in Directus
37631,,OEL-122,,set,skip_no_num,OEL-122 non trovato in Directus
37638,,OEL-122,,set,skip_no_num,OEL-122 non trovato in Directus
37643,,OEL-122,,set,skip_no_num,OEL-122 non trovato in Directus
37650,,OEL-122,,set,skip_no_num,OEL-122 non trovato in Directus
37656,,OEL-122,,set,skip_no_num,OEL-122 non trovato in Directus
37663,,OEL-122,,set,skip_no_num,OEL-122 non trovato in Directus
37668,,OEL-122,,set,skip_no_num,OEL-122 non trovato in Directus
37669,,OEL-122,,set,skip_no_num,OEL-122 non trovato in Directus
37676,,OEL-122,,set,skip_no_num,OEL-122 non trovato in Directus
37681,,OEL-122,,set,skip_no_num,OEL-122 non trovato in Directus
37689,,OEL-122,,set,skip_no_num,OEL-122 non trovato in Directus
37694,,OEL-122,,set,skip_no_num,OEL-122 non trovato in Directus
37697,,OEL-122,,set,skip_no_num,OEL-122 non trovato in Directus
37701,,OEL-122,,set,skip_no_num,OEL-122 non trovato in Directus
37811,,OEL-123,,set,skip_no_num,OEL-123 non trovato in Directus
37824,,OEL-123,,set,skip_no_num,OEL-123 non trovato in Directus
37850,,OEL-123,,set,skip_no_num,OEL-123 non trovato in Directus
37854,,OEL-123,,set,skip_no_num,OEL-123 non trovato in Directus
37855,,OEL-123,,set,skip_no_num,OEL-123 non trovato in Directus
37863,,OEL-123,,set,skip_no_num,OEL-123 non trovato in Directus
37872,,OEL-123,,set,skip_no_num,OEL-123 non trovato in Directus
37880,,OEL-123,,set,skip_no_num,OEL-123 non trovato in Directus
37871,,OEL-123,,set,skip_no_num,OEL-123 non trovato in Directus
37884,,OEL-123,,set,skip_no_num,OEL-123 non trovato in Directus
37894,,OEL-123,,set,skip_no_num,OEL-123 non trovato in Directus
37895,,OEL-123,,set,skip_no_num,OEL-123 non trovato in Directus
37902,,OEL-123,,set,skip_no_num,OEL-123 non trovato in Directus
37906,,OEL-123,,set,skip_no_num,OEL-123 non trovato in Directus
37910,,OEL-123,,set,skip_no_num,OEL-123 non trovato in Directus
37914,,OEL-123,,set,skip_no_num,OEL-123 non trovato in Directus
37919,,OEL-123,,set,skip_no_num,OEL-123 non trovato in Directus
39406,,OEL-135,,set,skip_no_num,OEL-135 non trovato in Directus
39428,,OEL-135,,set,skip_no_num,OEL-135 non trovato in Directus
39435,,OEL-135,,set,skip_no_num,OEL-135 non trovato in Directus
38006,,OEL-124,,set,skip_no_num,OEL-124 non trovato in Directus
38010,,OEL-124,,set,skip_no_num,OEL-124 non trovato in Directus
38015,,OEL-124,,set,skip_no_num,OEL-124 non trovato in Directus
38024,,OEL-124,,set,skip_no_num,OEL-124 non trovato in Directus
38029,,OEL-124,,set,skip_no_num,OEL-124 non trovato in Directus
38036,,OEL-124,,set,skip_no_num,OEL-124 non trovato in Directus
38046,,OEL-124,,set,skip_no_num,OEL-124 non trovato in Directus
38054,,OEL-124,,set,skip_no_num,OEL-124 non trovato in Directus
38058,,OEL-124,,set,skip_no_num,OEL-124 non trovato in Directus
38065,,OEL-124,,set,skip_no_num,OEL-124 non trovato in Directus
38071,,OEL-124,,set,skip_no_num,OEL-124 non trovato in Directus
38075,,OEL-124,,set,skip_no_num,OEL-124 non trovato in Directus
38081,,OEL-124,,set,skip_no_num,OEL-124 non trovato in Directus
38155,,OEL-125,,set,skip_no_num,OEL-125 non trovato in Directus
38110,,OEL-125,,set,skip_no_num,OEL-125 non trovato in Directus
38113,,OEL-125,,set,skip_no_num,OEL-125 non trovato in Directus
38121,,OEL-125,,set,skip_no_num,OEL-125 non trovato in Directus
38126,,OEL-125,,set,skip_no_num,OEL-125 non trovato in Directus
38139,,OEL-125,,set,skip_no_num,OEL-125 non trovato in Directus
38144,,OEL-125,,set,skip_no_num,OEL-125 non trovato in Directus
38150,,OEL-125,,set,skip_no_num,OEL-125 non trovato in Directus
38160,,OEL-125,,set,skip_no_num,OEL-125 non trovato in Directus
38165,,OEL-125,,set,skip_no_num,OEL-125 non trovato in Directus
38173,,OEL-125,,set,skip_no_num,OEL-125 non trovato in Directus
38180,,OEL-125,,set,skip_no_num,OEL-125 non trovato in Directus
38184,,OEL-125,,set,skip_no_num,OEL-125 non trovato in Directus
38188,,OEL-125,,set,skip_no_num,OEL-125 non trovato in Directus
38214,,OEL-126,,set,skip_no_num,OEL-126 non trovato in Directus
38203,,OEL-126,,set,skip_no_num,OEL-126 non trovato in Directus
38221,,OEL-126,,set,skip_no_num,OEL-126 non trovato in Directus
38222,,OEL-126,,set,skip_no_num,OEL-126 non trovato in Directus
38227,,OEL-126,,set,skip_no_num,OEL-126 non trovato in Directus
38232,,OEL-126,,set,skip_no_num,OEL-126 non trovato in Directus
38233,,OEL-126,,set,skip_no_num,OEL-126 non trovato in Directus
38245,,OEL-126,,set,skip_no_num,OEL-126 non trovato in Directus
38246,,OEL-126,,set,skip_no_num,OEL-126 non trovato in Directus
38253,,OEL-126,,set,skip_no_num,OEL-126 non trovato in Directus
38258,,OEL-126,,set,skip_no_num,OEL-126 non trovato in Directus
38263,,OEL-126,,set,skip_no_num,OEL-126 non trovato in Directus
38267,,OEL-126,,set,skip_no_num,OEL-126 non trovato in Directus
38274,,OEL-126,,set,skip_no_num,OEL-126 non trovato in Directus
38279,,OEL-126,,set,skip_no_num,OEL-126 non trovato in Directus
38284,,OEL-126,,set,skip_no_num,OEL-126 non trovato in Directus
38289,,OEL-126,,set,skip_no_num,OEL-126 non trovato in Directus
38295,,OEL-126,,set,skip_no_num,OEL-126 non trovato in Directus
38356,,OEL-127,,set,skip_no_num,OEL-127 non trovato in Directus
38329,,OEL-127,,set,skip_no_num,OEL-127 non trovato in Directus
38350,,OEL-127,,set,skip_no_num,OEL-127 non trovato in Directus
38359,,OEL-127,,set,skip_no_num,OEL-127 non trovato in Directus
38363,,OEL-127,,set,skip_no_num,OEL-127 non trovato in Directus
38367,,OEL-127,,set,skip_no_num,OEL-127 non trovato in Directus
38371,,OEL-127,,set,skip_no_num,OEL-127 non trovato in Directus
38376,,OEL-127,,set,skip_no_num,OEL-127 non trovato in Directus
38381,,OEL-127,,set,skip_no_num,OEL-127 non trovato in Directus
38382,,OEL-127,,set,skip_no_num,OEL-127 non trovato in Directus
38389,,OEL-127,,set,skip_no_num,OEL-127 non trovato in Directus
38394,,OEL-127,,set,skip_no_num,OEL-127 non trovato in Directus
38399,,OEL-127,,set,skip_no_num,OEL-127 non trovato in Directus
38403,,OEL-127,,set,skip_no_num,OEL-127 non trovato in Directus
38407,,OEL-127,,set,skip_no_num,OEL-127 non trovato in Directus
38413,,OEL-127,,set,skip_no_num,OEL-127 non trovato in Directus
38414,,OEL-127,,set,skip_no_num,OEL-127 non trovato in Directus
38442,,OEL-161,,set,skip_no_num,OEL-161 non trovato in Directus
38459,,OEL-128,,set,skip_no_num,OEL-128 non trovato in Directus
38470,,OEL-128,,set,skip_no_num,OEL-128 non trovato in Directus
38505,,OEL-128,,set,skip_no_num,OEL-128 non trovato in Directus
38513,,OEL-128,,set,skip_no_num,OEL-128 non trovato in Directus
38514,,OEL-128,,set,skip_no_num,OEL-128 non trovato in Directus
38541,,OEL-128,,set,skip_no_num,OEL-128 non trovato in Directus
38542,,OEL-128,,set,skip_no_num,OEL-128 non trovato in Directus
38560,,OEL-128,,set,skip_no_num,OEL-128 non trovato in Directus
38561,,OEL-128,,set,skip_no_num,OEL-128 non trovato in Directus
38575,,OEL-128,,set,skip_no_num,OEL-128 non trovato in Directus
38576,,OEL-128,,set,skip_no_num,OEL-128 non trovato in Directus
38584,,OEL-128,,set,skip_no_num,OEL-128 non trovato in Directus
38585,,OEL-128,,set,skip_no_num,OEL-128 non trovato in Directus
38594,,OEL-128,,set,skip_no_num,OEL-128 non trovato in Directus
38595,,OEL-128,,set,skip_no_num,OEL-128 non trovato in Directus
38602,,OEL-128,,set,skip_no_num,OEL-128 non trovato in Directus
38603,,OEL-128,,set,skip_no_num,OEL-128 non trovato in Directus
38610,,OEL-128,,set,skip_no_num,OEL-128 non trovato in Directus
38611,,OEL-128,,set,skip_no_num,OEL-128 non trovato in Directus
38618,,OEL-128,,set,skip_no_num,OEL-128 non trovato in Directus
38619,,OEL-128,,set,skip_no_num,OEL-128 non trovato in Directus
38652,,OEL-128,,set,skip_no_num,OEL-128 non trovato in Directus
38653,,OEL-128,,set,skip_no_num,OEL-128 non trovato in Directus
38664,,OEL-128,,set,skip_no_num,OEL-128 non trovato in Directus
38668,,OEL-128,,set,skip_no_num,OEL-128 non trovato in Directus
38671,,OEL-128,,set,skip_no_num,OEL-128 non trovato in Directus
38678,,OEL-128,,set,skip_no_num,OEL-128 non trovato in Directus
38679,,OEL-128,,set,skip_no_num,OEL-128 non trovato in Directus
38687,,OEL-128,,set,skip_no_num,OEL-128 non trovato in Directus
38688,,OEL-128,,set,skip_no_num,OEL-128 non trovato in Directus
38695,,OEL-128,,set,skip_no_num,OEL-128 non trovato in Directus
38696,,OEL-128,,set,skip_no_num,OEL-128 non trovato in Directus
38706,,OEL-128,,set,skip_no_num,OEL-128 non trovato in Directus
38754,,OEL-129,,set,skip_no_num,OEL-129 non trovato in Directus
38761,,OEL-129,,set,skip_no_num,OEL-129 non trovato in Directus
38766,,OEL-129,,set,skip_no_num,OEL-129 non trovato in Directus
38767,,OEL-129,,set,skip_no_num,OEL-129 non trovato in Directus
38776,,OEL-129,,set,skip_no_num,OEL-129 non trovato in Directus
38778,,OEL-129,,set,skip_no_num,OEL-129 non trovato in Directus
38806,,OEL-129,,set,skip_no_num,OEL-129 non trovato in Directus
38807,,OEL-129,,set,skip_no_num,OEL-129 non trovato in Directus
38814,,OEL-129,,set,skip_no_num,OEL-129 non trovato in Directus
38813,,OEL-129,,set,skip_no_num,OEL-129 non trovato in Directus
38830,,OEL-129,,set,skip_no_num,OEL-129 non trovato in Directus
38834,,OEL-129,,set,skip_no_num,OEL-129 non trovato in Directus
38838,,OEL-129,,set,skip_no_num,OEL-129 non trovato in Directus
38843,,OEL-129,,set,skip_no_num,OEL-129 non trovato in Directus
38847,,OEL-129,,set,skip_no_num,OEL-129 non trovato in Directus
38852,,OEL-129,,set,skip_no_num,OEL-129 non trovato in Directus
38856,,OEL-129,,set,skip_no_num,OEL-129 non trovato in Directus
38860,,OEL-129,,set,skip_no_num,OEL-129 non trovato in Directus
38863,,OEL-129,,set,skip_no_num,OEL-129 non trovato in Directus
38869,,OEL-129,,set,skip_no_num,OEL-129 non trovato in Directus
38873,,OEL-129,,set,skip_no_num,OEL-129 non trovato in Directus
38881,,OEL-129,,set,skip_no_num,OEL-129 non trovato in Directus
38886,,OEL-129,,set,skip_no_num,OEL-129 non trovato in Directus
38895,,OEL-129,,set,skip_no_num,OEL-129 non trovato in Directus
38904,,OEL-129,,set,skip_no_num,OEL-129 non trovato in Directus
38907,,OEL-129,,set,skip_no_num,OEL-129 non trovato in Directus
38910,,OEL-129,,set,skip_no_num,OEL-129 non trovato in Directus
38924,,OEL-129,,set,skip_no_num,OEL-129 non trovato in Directus
38941,,OEL-129,,set,skip_no_num,OEL-129 non trovato in Directus
38947,,OEL-130,,set,skip_no_num,OEL-130 non trovato in Directus
38963,,OEL-130,,set,skip_no_num,OEL-130 non trovato in Directus
38971,,OEL-130,,set,skip_no_num,OEL-130 non trovato in Directus
38972,,OEL-130,,set,skip_no_num,OEL-130 non trovato in Directus
38978,,OEL-130,,set,skip_no_num,OEL-130 non trovato in Directus
38983,,OEL-130,,set,skip_no_num,OEL-130 non trovato in Directus
38988,,OEL-130,,set,skip_no_num,OEL-130 non trovato in Directus
38992,,OEL-130,,set,skip_no_num,OEL-130 non trovato in Directus
38999,,OEL-130,,set,skip_no_num,OEL-130 non trovato in Directus
38997,,OEL-130,,set,skip_no_num,OEL-130 non trovato in Directus
39005,,OEL-130,,set,skip_no_num,OEL-130 non trovato in Directus
39015,,OEL-130,,set,skip_no_num,OEL-130 non trovato in Directus
39020,,OEL-130,,set,skip_no_num,OEL-130 non trovato in Directus
39025,,OEL-130,,set,skip_no_num,OEL-130 non trovato in Directus
39034,,OEL-130,,set,skip_no_num,OEL-130 non trovato in Directus
39035,,OEL-130,,set,skip_no_num,OEL-130 non trovato in Directus
39040,,OEL-130,,set,skip_no_num,OEL-130 non trovato in Directus
39063,,OEL-133,,set,skip_no_num,OEL-133 non trovato in Directus
39086,,OEL-133,,set,skip_no_num,OEL-133 non trovato in Directus
39090,,OEL-133,,set,skip_no_num,OEL-133 non trovato in Directus
39091,,OEL-133,,set,skip_no_num,OEL-133 non trovato in Directus
39099,,OEL-133,,set,skip_no_num,OEL-133 non trovato in Directus
39101,,OEL-133,,set,skip_no_num,OEL-133 non trovato in Directus
39108,,OEL-133,,set,skip_no_num,OEL-133 non trovato in Directus
39113,,OEL-133,,set,skip_no_num,OEL-133 non trovato in Directus
39117,,OEL-133,,set,skip_no_num,OEL-133 non trovato in Directus
39118,,OEL-133,,set,skip_no_num,OEL-133 non trovato in Directus
39122,,OEL-133,,set,skip_no_num,OEL-133 non trovato in Directus
39128,,OEL-133,,set,skip_no_num,OEL-133 non trovato in Directus
39132,,OEL-133,,set,skip_no_num,OEL-133 non trovato in Directus
39134,,OEL-133,,set,skip_no_num,OEL-133 non trovato in Directus
39143,,OEL-133,,set,skip_no_num,OEL-133 non trovato in Directus
39147,,OEL-133,,set,skip_no_num,OEL-133 non trovato in Directus
39152,,OEL-133,,set,skip_no_num,OEL-133 non trovato in Directus
39157,,OEL-133,,set,skip_no_num,OEL-133 non trovato in Directus
39158,,OEL-133,,set,skip_no_num,OEL-133 non trovato in Directus
39180,,OEL-134,,set,skip_no_num,OEL-134 non trovato in Directus
39207,,OEL-134,,set,skip_no_num,OEL-134 non trovato in Directus
39214,,OEL-134,,set,skip_no_num,OEL-134 non trovato in Directus
39219,,OEL-134,,set,skip_no_num,OEL-134 non trovato in Directus
39221,,OEL-134,,set,skip_no_num,OEL-134 non trovato in Directus
39227,,OEL-134,,set,skip_no_num,OEL-134 non trovato in Directus
39236,,OEL-134,,set,skip_no_num,OEL-134 non trovato in Directus
39237,,OEL-134,,set,skip_no_num,OEL-134 non trovato in Directus
39247,,OEL-134,,set,skip_no_num,OEL-134 non trovato in Directus
39256,,OEL-134,,set,skip_no_num,OEL-134 non trovato in Directus
39257,,OEL-134,,set,skip_no_num,OEL-134 non trovato in Directus
39268,,OEL-134,,set,skip_no_num,OEL-134 non trovato in Directus
39271,,OEL-134,,set,skip_no_num,OEL-134 non trovato in Directus
39276,,OEL-134,,set,skip_no_num,OEL-134 non trovato in Directus
39374,,OEL-134,,set,skip_no_num,OEL-134 non trovato in Directus
39375,,OEL-134,,set,skip_no_num,OEL-134 non trovato in Directus
39387,,OEL-134,,set,skip_no_num,OEL-134 non trovato in Directus
39436,,OEL-135,,set,skip_no_num,OEL-135 non trovato in Directus
39446,,OEL-135,,set,skip_no_num,OEL-135 non trovato in Directus
39452,,OEL-135,,set,skip_no_num,OEL-135 non trovato in Directus
39453,,OEL-135,,set,skip_no_num,OEL-135 non trovato in Directus
39457,,OEL-135,,set,skip_no_num,OEL-135 non trovato in Directus
39465,,OEL-135,,set,skip_no_num,OEL-135 non trovato in Directus
39466,,OEL-135,,set,skip_no_num,OEL-135 non trovato in Directus
39479,,OEL-135,,set,skip_no_num,OEL-135 non trovato in Directus
39486,,OEL-135,,set,skip_no_num,OEL-135 non trovato in Directus
39491,,OEL-135,,set,skip_no_num,OEL-135 non trovato in Directus
40087,,OEL-140,,set,skip_no_num,OEL-140 non trovato in Directus
39495,,OEL-135,,set,skip_no_num,OEL-135 non trovato in Directus
39501,,OEL-135,,set,skip_no_num,OEL-135 non trovato in Directus
39505,,OEL-135,,set,skip_no_num,OEL-135 non trovato in Directus
39506,,OEL-135,,set,skip_no_num,OEL-135 non trovato in Directus
39514,,OEL-135,,set,skip_no_num,OEL-135 non trovato in Directus
39515,,OEL-135,,set,skip_no_num,OEL-135 non trovato in Directus
39522,,OEL-135,,set,skip_no_num,OEL-135 non trovato in Directus
39562,,OEL-136,,set,skip_no_num,OEL-136 non trovato in Directus
39582,,OEL-136,,set,skip_no_num,OEL-136 non trovato in Directus
39586,,OEL-136,,set,skip_no_num,OEL-136 non trovato in Directus
39587,,OEL-136,,set,skip_no_num,OEL-136 non trovato in Directus
39594,,OEL-136,,set,skip_no_num,OEL-136 non trovato in Directus
39598,,OEL-136,,set,skip_no_num,OEL-136 non trovato in Directus
39602,,OEL-136,,set,skip_no_num,OEL-136 non trovato in Directus
39606,,OEL-136,,set,skip_no_num,OEL-136 non trovato in Directus
39610,,OEL-136,,set,skip_no_num,OEL-136 non trovato in Directus
39615,,OEL-136,,set,skip_no_num,OEL-136 non trovato in Directus
39622,,OEL-136,,set,skip_no_num,OEL-136 non trovato in Directus
39623,,OEL-136,,set,skip_no_num,OEL-136 non trovato in Directus
39626,,OEL-136,,set,skip_no_num,OEL-136 non trovato in Directus
39633,,OEL-136,,set,skip_no_num,OEL-136 non trovato in Directus
39637,,OEL-136,,set,skip_no_num,OEL-136 non trovato in Directus
39638,,OEL-136,,set,skip_no_num,OEL-136 non trovato in Directus
39646,,OEL-136,,set,skip_no_num,OEL-136 non trovato in Directus
39662,,OEL-137,,set,skip_no_num,OEL-137 non trovato in Directus
39680,,OEL-137,,set,skip_no_num,OEL-137 non trovato in Directus
39684,,OEL-137,,set,skip_no_num,OEL-137 non trovato in Directus
39689,,OEL-137,,set,skip_no_num,OEL-137 non trovato in Directus
39695,,OEL-137,,set,skip_no_num,OEL-137 non trovato in Directus
39696,,OEL-137,,set,skip_no_num,OEL-137 non trovato in Directus
39697,,OEL-137,,set,skip_no_num,OEL-137 non trovato in Directus
39698,,OEL-137,,set,skip_no_num,OEL-137 non trovato in Directus
39708,,OEL-137,,set,skip_no_num,OEL-137 non trovato in Directus
39709,,OEL-137,,set,skip_no_num,OEL-137 non trovato in Directus
39713,,OEL-137,,set,skip_no_num,OEL-137 non trovato in Directus
39719,,OEL-137,,set,skip_no_num,OEL-137 non trovato in Directus
39729,,OEL-137,,set,skip_no_num,OEL-137 non trovato in Directus
39730,,OEL-137,,set,skip_no_num,OEL-137 non trovato in Directus
39741,,OEL-137,,set,skip_no_num,OEL-137 non trovato in Directus
39738,,OEL-137,,set,skip_no_num,OEL-137 non trovato in Directus
40922,,OEL-162,,set,skip_no_num,OEL-162 non trovato in Directus
39777,,OEL-138,,set,skip_no_num,OEL-138 non trovato in Directus
39798,,OEL-138,,set,skip_no_num,OEL-138 non trovato in Directus
39802,,OEL-138,,set,skip_no_num,OEL-138 non trovato in Directus
39806,,OEL-136,,set,skip_no_num,OEL-136 non trovato in Directus
39811,,OEL-138,,set,skip_no_num,OEL-138 non trovato in Directus
39812,,OEL-138,,set,skip_no_num,OEL-138 non trovato in Directus
39813,,OEL-138,,set,skip_no_num,OEL-138 non trovato in Directus
39822,,OEL-138,,set,skip_no_num,OEL-138 non trovato in Directus
39823,,OEL-138,,set,skip_no_num,OEL-138 non trovato in Directus
39824,,OEL-138,,set,skip_no_num,OEL-138 non trovato in Directus
39852,,OEL-138,,set,skip_no_num,OEL-138 non trovato in Directus
39853,,OEL-138,,set,skip_no_num,OEL-138 non trovato in Directus
39872,,OEL-138,,set,skip_no_num,OEL-138 non trovato in Directus
39854,,OEL-138,,set,skip_no_num,OEL-138 non trovato in Directus
39873,,OEL-138,,set,skip_no_num,OEL-138 non trovato in Directus
39913,,OEL-139,,set,skip_no_num,OEL-139 non trovato in Directus
39939,,OEL-139,,set,skip_no_num,OEL-139 non trovato in Directus
39943,,OEL-139,,set,skip_no_num,OEL-139 non trovato in Directus
39947,,OEL-139,,set,skip_no_num,OEL-139 non trovato in Directus
39950,,OEL-139,,set,skip_no_num,OEL-139 non trovato in Directus
39954,,OEL-139,,set,skip_no_num,OEL-139 non trovato in Directus
39959,,OEL-139,,set,skip_no_num,OEL-139 non trovato in Directus
39963,,OEL-139,,set,skip_no_num,OEL-139 non trovato in Directus
39970,,OEL-139,,set,skip_no_num,OEL-139 non trovato in Directus
39971,,OEL-139,,set,skip_no_num,OEL-139 non trovato in Directus
39978,,OEL-139,,set,skip_no_num,OEL-139 non trovato in Directus
39982,,OEL-139,,set,skip_no_num,OEL-139 non trovato in Directus
39984,,OEL-139,,set,skip_no_num,OEL-139 non trovato in Directus
40036,,OEL-140,,set,skip_no_num,OEL-140 non trovato in Directus
40040,,OEL-140,,set,skip_no_num,OEL-140 non trovato in Directus
40049,,OEL-140,,set,skip_no_num,OEL-140 non trovato in Directus
40048,,OEL-140,,set,skip_no_num,OEL-140 non trovato in Directus
40055,,OEL-140,,set,skip_no_num,OEL-140 non trovato in Directus
40060,,OEL-140,,set,skip_no_num,OEL-140 non trovato in Directus
40062,,OEL-140,,set,skip_no_num,OEL-140 non trovato in Directus
40065,,OEL-140,,set,skip_no_num,OEL-140 non trovato in Directus
40070,,OEL-140,,set,skip_no_num,OEL-140 non trovato in Directus
40080,,OEL-140,,set,skip_no_num,OEL-140 non trovato in Directus
40091,,OEL-140,,set,skip_no_num,OEL-140 non trovato in Directus
40098,,OEL-140,,set,skip_no_num,OEL-140 non trovato in Directus
40104,,OEL-140,,set,skip_no_num,OEL-140 non trovato in Directus
40099,,OEL-140,,set,skip_no_num,OEL-140 non trovato in Directus
40118,,OEL-140,,set,skip_no_num,OEL-140 non trovato in Directus
40113,,OEL-140,,set,skip_no_num,OEL-140 non trovato in Directus
40191,,OEL-141,,set,skip_no_num,OEL-141 non trovato in Directus
40196,,OEL-141,,set,skip_no_num,OEL-141 non trovato in Directus
40202,,OEL-141,,set,skip_no_num,OEL-141 non trovato in Directus
40212,,OEL-141,,set,skip_no_num,OEL-141 non trovato in Directus
40217,,OEL-141,,set,skip_no_num,OEL-141 non trovato in Directus
40226,,OEL-141,,set,skip_no_num,OEL-141 non trovato in Directus
40237,,OEL-141,,set,skip_no_num,OEL-141 non trovato in Directus
40283,,OEL-142,,set,skip_no_num,OEL-142 non trovato in Directus
40290,,OEL-142,,set,skip_no_num,OEL-142 non trovato in Directus
40294,,OEL-142,,set,skip_no_num,OEL-142 non trovato in Directus
40299,,OEL-142,,set,skip_no_num,OEL-142 non trovato in Directus
40305,,OEL-142,,set,skip_no_num,OEL-142 non trovato in Directus
40310,,OEL-142,,set,skip_no_num,OEL-142 non trovato in Directus
40317,,OEL-142,,set,skip_no_num,OEL-142 non trovato in Directus
40322,,OEL-142,,set,skip_no_num,OEL-142 non trovato in Directus
40327,,OEL-142,,set,skip_no_num,OEL-142 non trovato in Directus
40333,,OEL-142,,set,skip_no_num,OEL-142 non trovato in Directus
40338,,OEL-142,,set,skip_no_num,OEL-142 non trovato in Directus
40365,,OEL-143,,set,skip_no_num,OEL-143 non trovato in Directus
40369,,OEL-143,,set,skip_no_num,OEL-143 non trovato in Directus
40373,,OEL-143,,set,skip_no_num,OEL-143 non trovato in Directus
40374,,OEL-143,,set,skip_no_num,OEL-143 non trovato in Directus
40383,,OEL-143,,set,skip_no_num,OEL-143 non trovato in Directus
40389,,OEL-143,,set,skip_no_num,OEL-143 non trovato in Directus
40391,,OEL-143,,set,skip_no_num,OEL-143 non trovato in Directus
40395,,OEL-143,,set,skip_no_num,OEL-143 non trovato in Directus
40406,,OEL-143,,set,skip_no_num,OEL-143 non trovato in Directus
40422,,OEL-143,,set,skip_no_num,OEL-143 non trovato in Directus
40453,,OEL-144,,set,skip_no_num,OEL-144 non trovato in Directus
40457,,OEL-144,,set,skip_no_num,OEL-144 non trovato in Directus
40461,,OEL-144,,set,skip_no_num,OEL-144 non trovato in Directus
40466,,OEL-144,,set,skip_no_num,OEL-144 non trovato in Directus
40472,,OEL-144,,set,skip_no_num,OEL-144 non trovato in Directus
40477,,OEL-144,,set,skip_no_num,OEL-144 non trovato in Directus
40488,,OEL-144,,set,skip_no_num,OEL-144 non trovato in Directus
40494,,OEL-144,,set,skip_no_num,OEL-144 non trovato in Directus
40495,,OEL-144,,set,skip_no_num,OEL-144 non trovato in Directus
40502,,OEL-144,,set,skip_no_num,OEL-144 non trovato in Directus
40507,,OEL-144,,set,skip_no_num,OEL-144 non trovato in Directus
40514,,OEL-144,,set,skip_no_num,OEL-144 non trovato in Directus
40518,,OEL-144,,set,skip_no_num,OEL-144 non trovato in Directus
40694,,OEL-162,,set,skip_no_num,OEL-162 non trovato in Directus
40702,,OEL-162,,set,skip_no_num,OEL-162 non trovato in Directus
40708,,OEL-162,,set,skip_no_num,OEL-162 non trovato in Directus
40714,,OEL-162,,set,skip_no_num,OEL-162 non trovato in Directus
40715,,OEL-162,,set,skip_no_num,OEL-162 non trovato in Directus
40712,,OEL-162,,set,skip_no_num,OEL-162 non trovato in Directus
40941,,OEL-162,,set,skip_no_num,OEL-162 non trovato in Directus
40948,,OEL-162,,set,skip_no_num,OEL-162 non trovato in Directus
40959,,OEL-162,,set,skip_no_num,OEL-162 non trovato in Directus
40968,,OEL-162,,set,skip_no_num,OEL-162 non trovato in Directus
40977,,OEL-162,,set,skip_no_num,OEL-162 non trovato in Directus
40984,,OEL-162,,set,skip_no_num,OEL-162 non trovato in Directus
40988,,OEL-162,,set,skip_no_num,OEL-162 non trovato in Directus
40995,,OEL-162,,set,skip_no_num,OEL-162 non trovato in Directus
41038,,OEL-160,,set,skip_no_num,OEL-160 non trovato in Directus
41052,,OEL-160,,set,skip_no_num,OEL-160 non trovato in Directus
41058,,OEL-160,,set,skip_no_num,OEL-160 non trovato in Directus
41073,,OEL-159,,set,skip_no_num,OEL-159 non trovato in Directus
41084,,OEL-159,,set,skip_no_num,OEL-159 non trovato in Directus
41092,,OEL-159,,set,skip_no_num,OEL-159 non trovato in Directus
41901,,INS-6,,set,skip_no_num,INS-6 non trovato in Directus
41113,,OEL-153,,set,skip_no_num,OEL-153 non trovato in Directus
41125,,OEL-158,,set,skip_no_num,OEL-158 non trovato in Directus
41218,,OEL-155,,set,skip_no_num,OEL-155 non trovato in Directus
41226,,OEL-155,,set,skip_no_num,OEL-155 non trovato in Directus
41241,,OEL-155,,set,skip_no_num,OEL-155 non trovato in Directus
41249,,OEL-155,,set,skip_no_num,OEL-155 non trovato in Directus
41256,,OEL-155,,set,skip_no_num,OEL-155 non trovato in Directus
41266,,OEL-155,,set,skip_no_num,OEL-155 non trovato in Directus
42194,,INS-7,,set,skip_no_num,INS-7 non trovato in Directus
42178,,INS-7,,set,skip_no_num,INS-7 non trovato in Directus
41912,,INS-6,,set,skip_no_num,INS-6 non trovato in Directus
41923,,INS-6,,set,skip_no_num,INS-6 non trovato in Directus
41934,,INS-6,,set,skip_no_num,INS-6 non trovato in Directus
41939,,INS-6,,set,skip_no_num,INS-6 non trovato in Directus
41947,,INS-6,,set,skip_no_num,INS-6 non trovato in Directus
41954,,INS-6,,set,skip_no_num,INS-6 non trovato in Directus
41984,,INS-3,,set,skip_no_num,INS-3 non trovato in Directus
42001,,INS-3,,set,skip_no_num,INS-3 non trovato in Directus
42010,,INS-3,,set,skip_no_num,INS-3 non trovato in Directus
42014,,INS-3,,set,skip_no_num,INS-3 non trovato in Directus
42018,,INS-3,,set,skip_no_num,INS-3 non trovato in Directus
42022,,INS-3,,set,skip_no_num,INS-3 non trovato in Directus
42026,,INS-3,,set,skip_no_num,INS-3 non trovato in Directus
42219,,INS-7,,set,skip_no_num,INS-7 non trovato in Directus
42224,,INS-7,,set,skip_no_num,INS-7 non trovato in Directus
42200,,INS-7,,set,skip_no_num,INS-7 non trovato in Directus
42210,,INS-7,,set,skip_no_num,INS-7 non trovato in Directus
42215,,INS-7,,set,skip_no_num,INS-7 non trovato in Directus
42070,,OEL-163,,set,skip_no_num,OEL-163 non trovato in Directus
42082,,OEL-163,,set,skip_no_num,OEL-163 non trovato in Directus
42129,,OEL-163,,set,skip_no_num,OEL-163 non trovato in Directus
42098,,OEL-163,,set,skip_no_num,OEL-163 non trovato in Directus
42113,,OEL-163,,set,skip_no_num,OEL-163 non trovato in Directus
42122,,OEL-163,,set,skip_no_num,OEL-163 non trovato in Directus
42206,,INS-7,,set,skip_no_num,INS-7 non trovato in Directus
42416,,INS-8,,set,skip_no_num,INS-8 non trovato in Directus
42445,,INS-8,,set,skip_no_num,INS-8 non trovato in Directus
42449,,INS-8,,set,skip_no_num,INS-8 non trovato in Directus
42459,,INS-8,,set,skip_no_num,INS-8 non trovato in Directus
42463,,INS-8,,set,skip_no_num,INS-8 non trovato in Directus
42469,,INS-8,,set,skip_no_num,INS-8 non trovato in Directus
42478,,OEL-164,,set,skip_no_num,OEL-164 non trovato in Directus
42488,,INS-9,,set,skip_no_num,INS-9 non trovato in Directus
42497,,INS-9,,set,skip_no_num,INS-9 non trovato in Directus
42502,,INS-9,,set,skip_no_num,INS-9 non trovato in Directus
42508,,INS-9,,set,skip_no_num,INS-9 non trovato in Directus
42512,,INS-9,,set,skip_no_num,INS-9 non trovato in Directus
42517,,INS-9,,set,skip_no_num,INS-9 non trovato in Directus
42526,,INS-9,,set,skip_no_num,INS-9 non trovato in Directus
42530,,INS-9,,set,skip_no_num,INS-9 non trovato in Directus
42534,,INS-9,,set,skip_no_num,INS-9 non trovato in Directus
42582,,INS-10,,set,skip_no_num,INS-10 non trovato in Directus
42602,,INS-10,,set,skip_no_num,INS-10 non trovato in Directus
42636,,INS-10,,set,skip_no_num,INS-10 non trovato in Directus
42633,,INS-10,,set,skip_no_num,INS-10 non trovato in Directus
43076,,INS-11,,set,skip_no_num,INS-11 non trovato in Directus
42615,,INS-10,,set,skip_no_num,INS-10 non trovato in Directus
42618,,INS-10,,set,skip_no_num,INS-10 non trovato in Directus
42621,,INS-10,,set,skip_no_num,INS-10 non trovato in Directus
42625,,INS-10,,set,skip_no_num,INS-10 non trovato in Directus
42733,,OEL-163,,set,skip_no_num,OEL-163 non trovato in Directus
42724,,OEL-163,,set,skip_no_num,OEL-163 non trovato in Directus
42751,,OEL-163,,set,skip_no_num,OEL-163 non trovato in Directus
42759,,OEL-163,,set,skip_no_num,OEL-163 non trovato in Directus
42784,,OEL-163,,set,skip_no_num,OEL-163 non trovato in Directus
42775,,OEL-163,,set,skip_no_num,OEL-163 non trovato in Directus
42785,,OEL-163,,set,skip_no_num,OEL-163 non trovato in Directus
42840,,OEL-164,,set,skip_no_num,OEL-164 non trovato in Directus
43085,,INS-11,,set,skip_no_num,INS-11 non trovato in Directus
43094,,INS-11,,set,skip_no_num,INS-11 non trovato in Directus
43098,,INS-11,,set,skip_no_num,INS-11 non trovato in Directus
43104,,INS-11,,set,skip_no_num,INS-11 non trovato in Directus
43113,,INS-11,,set,skip_no_num,INS-11 non trovato in Directus
43118,,INS-11,,set,skip_no_num,INS-11 non trovato in Directus
43123,,INS-11,,set,skip_no_num,INS-11 non trovato in Directus
43128,,INS-11,,set,skip_no_num,INS-11 non trovato in Directus
43132,,INS-11,,set,skip_no_num,INS-11 non trovato in Directus
43136,,INS-11,,set,skip_no_num,INS-11 non trovato in Directus
43294,,INS-12,,set,skip_no_num,INS-12 non trovato in Directus
43302,,INS-12,,set,skip_no_num,INS-12 non trovato in Directus
43308,,INS-12,,set,skip_no_num,INS-12 non trovato in Directus
43312,,INS-12,,set,skip_no_num,INS-12 non trovato in Directus
43320,,INS-12,,set,skip_no_num,INS-12 non trovato in Directus
43451,,OEL-164,,set,skip_no_num,OEL-164 non trovato in Directus
43358,,INS-12,,set,skip_no_num,INS-12 non trovato in Directus
43366,,INS-12,,set,skip_no_num,INS-12 non trovato in Directus
43373,,INS-12,,set,skip_no_num,INS-12 non trovato in Directus
43377,,INS-12,,set,skip_no_num,INS-12 non trovato in Directus
43468,,OEL-164,,set,skip_no_num,OEL-164 non trovato in Directus
43481,,OEL-164,,set,skip_no_num,OEL-164 non trovato in Directus
43509,,OEL-164,,set,skip_no_num,OEL-164 non trovato in Directus
43520,,OEL-164,,set,skip_no_num,OEL-164 non trovato in Directus
43525,,OEL-164,,set,skip_no_num,OEL-164 non trovato in Directus
43532,,OEL-164,,set,skip_no_num,OEL-164 non trovato in Directus
43534,,OEL-164,,set,skip_no_num,OEL-164 non trovato in Directus
43567,,OEL-164,,set,skip_no_num,OEL-164 non trovato in Directus
43569,,OEL-164,,set,skip_no_num,OEL-164 non trovato in Directus
43552,,OEL-164,,set,skip_no_num,OEL-164 non trovato in Directus
43561,,OEL-164,,set,skip_no_num,OEL-164 non trovato in Directus
43575,,OEL-164,,set,skip_no_num,OEL-164 non trovato in Directus
43582,,OEL-164,,set,skip_no_num,OEL-164 non trovato in Directus
43593,,OEL-164,,set,skip_no_num,OEL-164 non trovato in Directus
43823,,INS-14,,set,skip_no_num,INS-14 non trovato in Directus
43724,,INS-13,,set,skip_no_num,INS-13 non trovato in Directus
43732,,INS-13,,set,skip_no_num,INS-13 non trovato in Directus
43742,,INS-13,,set,skip_no_num,INS-13 non trovato in Directus
43746,,INS-13,,set,skip_no_num,INS-13 non trovato in Directus
43755,,INS-13,,set,skip_no_num,INS-13 non trovato in Directus
43759,,INS-13,,set,skip_no_num,INS-13 non trovato in Directus
43766,,INS-13,,set,skip_no_num,INS-13 non trovato in Directus
43773,,INS-13,,set,skip_no_num,INS-13 non trovato in Directus
43830,,INS-14,,set,skip_no_num,INS-14 non trovato in Directus
43843,,INS-14,,set,skip_no_num,INS-14 non trovato in Directus
43849,,INS-14,,set,skip_no_num,INS-14 non trovato in Directus
43857,,INS-14,,set,skip_no_num,INS-14 non trovato in Directus
43861,,INS-14,,set,skip_no_num,INS-14 non trovato in Directus
43869,,INS-14,,set,skip_no_num,INS-14 non trovato in Directus
43875,,INS-14,,set,skip_no_num,INS-14 non trovato in Directus
43879,,INS-14,,set,skip_no_num,INS-14 non trovato in Directus
43883,,INS-14,,set,skip_no_num,INS-14 non trovato in Directus
44053,,OEL-165,,set,skip_no_num,OEL-165 non trovato in Directus
44039,,OEL-165,,set,skip_no_num,OEL-165 non trovato in Directus
44060,,OEL-165,,set,skip_no_num,OEL-165 non trovato in Directus
44069,,OEL-165,,set,skip_no_num,OEL-165 non trovato in Directus
44072,,OEL-165,,set,skip_no_num,OEL-165 non trovato in Directus
44079,,OEL-165,,set,skip_no_num,OEL-165 non trovato in Directus
44083,,OEL-165,,set,skip_no_num,OEL-165 non trovato in Directus
44197,,INS-15,,set,skip_no_num,INS-15 non trovato in Directus
44207,,INS-15,,set,skip_no_num,INS-15 non trovato in Directus
44219,,INS-15,,set,skip_no_num,INS-15 non trovato in Directus
44227,,INS-15,,set,skip_no_num,INS-15 non trovato in Directus
44292,,INS-15,,set,skip_no_num,INS-15 non trovato in Directus
44312,,INS-15,,set,skip_no_num,INS-15 non trovato in Directus
44301,,INS-15,,set,skip_no_num,INS-15 non trovato in Directus
44311,,INS-15,,set,skip_no_num,INS-15 non trovato in Directus
44567,,INS-17,,set,skip_no_num,INS-17 non trovato in Directus
44400,,INS-16,,set,skip_no_num,INS-16 non trovato in Directus
44410,,INS-16,,set,skip_no_num,INS-16 non trovato in Directus
44431,,INS-16,,set,skip_no_num,INS-16 non trovato in Directus
44436,,INS-16,,set,skip_no_num,INS-16 non trovato in Directus
44446,,INS-16,,set,skip_no_num,INS-16 non trovato in Directus
44464,,INS-16,,set,skip_no_num,INS-16 non trovato in Directus
44468,,INS-16,,set,skip_no_num,INS-16 non trovato in Directus
44473,,INS-16,,set,skip_no_num,INS-16 non trovato in Directus
44478,,INS-16,,set,skip_no_num,INS-16 non trovato in Directus
44940,,OEL-165,,set,skip_no_num,OEL-165 non trovato in Directus
44495,,INS-16,,set,skip_no_num,INS-16 non trovato in Directus
44550,,OEL-165,,set,skip_no_num,OEL-165 non trovato in Directus
44623,,INS-17,,set,skip_no_num,INS-17 non trovato in Directus
44580,,INS-17,,set,skip_no_num,INS-17 non trovato in Directus
44584,,INS-17,,set,skip_no_num,INS-17 non trovato in Directus
44598,,INS-17,,set,skip_no_num,INS-17 non trovato in Directus
44601,,INS-17,,set,skip_no_num,INS-17 non trovato in Directus
44607,,INS-17,,set,skip_no_num,INS-17 non trovato in Directus
44610,,INS-17,,set,skip_no_num,INS-17 non trovato in Directus
44614,,INS-17,,set,skip_no_num,INS-17 non trovato in Directus
44618,,INS-17,,set,skip_no_num,INS-17 non trovato in Directus
45085,,INS-20,,set,skip_no_num,INS-20 non trovato in Directus
44643,,INS-18,,set,skip_no_num,INS-18 non trovato in Directus
44650,,INS-18,,set,skip_no_num,INS-18 non trovato in Directus
44654,,INS-18,,set,skip_no_num,INS-18 non trovato in Directus
44660,,INS-18,,set,skip_no_num,INS-18 non trovato in Directus
44667,,INS-18,,set,skip_no_num,INS-18 non trovato in Directus
44671,,INS-18,,set,skip_no_num,INS-18 non trovato in Directus
44675,,INS-18,,set,skip_no_num,INS-18 non trovato in Directus
44681,,INS-18,,set,skip_no_num,INS-18 non trovato in Directus
44686,,INS-18,,set,skip_no_num,INS-18 non trovato in Directus
44690,,INS-18,,set,skip_no_num,INS-18 non trovato in Directus
44695,,INS-18,,set,skip_no_num,INS-18 non trovato in Directus
44704,,INS-18,,set,skip_no_num,INS-18 non trovato in Directus
44734,,INS-19,,set,skip_no_num,INS-19 non trovato in Directus
44744,,INS-19,,set,skip_no_num,INS-19 non trovato in Directus
44748,,INS-19,,set,skip_no_num,INS-19 non trovato in Directus
44752,,INS-19,,set,skip_no_num,INS-19 non trovato in Directus
44776,,INS-19,,set,skip_no_num,INS-19 non trovato in Directus
44780,,INS-19,,set,skip_no_num,INS-19 non trovato in Directus
44789,,INS-19,,set,skip_no_num,INS-19 non trovato in Directus
44793,,INS-19,,set,skip_no_num,INS-19 non trovato in Directus
44797,,INS-19,,set,skip_no_num,INS-19 non trovato in Directus
44855,,OEL-166,,set,skip_no_num,OEL-166 non trovato in Directus
44949,,OEL-165,,set,skip_no_num,OEL-165 non trovato in Directus
44957,,OEL-165,,set,skip_no_num,OEL-165 non trovato in Directus
44966,,OEL-165,,set,skip_no_num,OEL-165 non trovato in Directus
44994,,OEL-165,,set,skip_no_num,OEL-165 non trovato in Directus
44976,,OEL-165,,set,skip_no_num,OEL-165 non trovato in Directus
44981,,OEL-165,,set,skip_no_num,OEL-165 non trovato in Directus
45000,,OEL-165,,set,skip_no_num,OEL-165 non trovato in Directus
45006,,OEL-165,,set,skip_no_num,OEL-165 non trovato in Directus
45021,,OEL-165,,set,skip_no_num,OEL-165 non trovato in Directus
45028,,OEL-165,,set,skip_no_num,OEL-165 non trovato in Directus
45092,,INS-20,,set,skip_no_num,INS-20 non trovato in Directus
45099,,INS-20,,set,skip_no_num,INS-20 non trovato in Directus
45105,,INS-20,,set,skip_no_num,INS-20 non trovato in Directus
45116,,INS-20,,set,skip_no_num,INS-20 non trovato in Directus
45111,,INS-20,,set,skip_no_num,INS-20 non trovato in Directus
45120,,INS-20,,set,skip_no_num,INS-20 non trovato in Directus
45127,,INS-20,,set,skip_no_num,INS-20 non trovato in Directus
45152,,OEL-166,,set,skip_no_num,OEL-166 non trovato in Directus
45163,,OEL-166,,set,skip_no_num,OEL-166 non trovato in Directus
45183,,OEL-166,,set,skip_no_num,OEL-166 non trovato in Directus
45193,,OEL-166,,set,skip_no_num,OEL-166 non trovato in Directus
45200,,OEL-166,,set,skip_no_num,OEL-166 non trovato in Directus
45208,,OEL-166,,set,skip_no_num,OEL-166 non trovato in Directus
45213,,OEL-166,,set,skip_no_num,OEL-166 non trovato in Directus
45214,,OEL-166,,set,skip_no_num,OEL-166 non trovato in Directus
45225,,OEL-166,,set,skip_no_num,OEL-166 non trovato in Directus
45245,,OEL-166,,set,skip_no_num,OEL-166 non trovato in Directus
45246,,OEL-166,,set,skip_no_num,OEL-166 non trovato in Directus
45247,,OEL-166,,set,skip_no_num,OEL-166 non trovato in Directus
45248,,OEL-166,,set,skip_no_num,OEL-166 non trovato in Directus
45300,,INS-21,,set,skip_no_num,INS-21 non trovato in Directus
45296,,INS-21,,set,skip_no_num,INS-21 non trovato in Directus
45309,,INS-21,,set,skip_no_num,INS-21 non trovato in Directus
45318,,INS-21,,set,skip_no_num,INS-21 non trovato in Directus
45324,,INS-21,,set,skip_no_num,INS-21 non trovato in Directus
45329,,INS-21,,set,skip_no_num,INS-21 non trovato in Directus
45335,,INS-21,,set,skip_no_num,INS-21 non trovato in Directus
45340,,INS-21,,set,skip_no_num,INS-21 non trovato in Directus
45344,,INS-21,,set,skip_no_num,INS-21 non trovato in Directus
45348,,INS-21,,set,skip_no_num,INS-21 non trovato in Directus
45356,,INS-21,,set,skip_no_num,INS-21 non trovato in Directus
45361,,INS-21,,set,skip_no_num,INS-21 non trovato in Directus
45366,,INS-21,,set,skip_no_num,INS-21 non trovato in Directus
45370,,INS-21,,set,skip_no_num,INS-21 non trovato in Directus
45374,,INS-21,,set,skip_no_num,INS-21 non trovato in Directus
45378,,INS-21,,set,skip_no_num,INS-21 non trovato in Directus
45382,,INS-21,,set,skip_no_num,INS-21 non trovato in Directus
45504,,OEL-167,,set,skip_no_num,OEL-167 non trovato in Directus
45575,,INS-22,,set,skip_no_num,INS-22 non trovato in Directus
45585,,INS-22,,set,skip_no_num,INS-22 non trovato in Directus
45591,,INS-22,,set,skip_no_num,INS-22 non trovato in Directus
45595,,INS-22,,set,skip_no_num,INS-22 non trovato in Directus
45599,,INS-22,,set,skip_no_num,INS-22 non trovato in Directus
45603,,INS-22,,set,skip_no_num,INS-22 non trovato in Directus
45609,,INS-22,,set,skip_no_num,INS-22 non trovato in Directus
45613,,INS-22,,set,skip_no_num,INS-22 non trovato in Directus
45617,,INS-22,,set,skip_no_num,INS-22 non trovato in Directus
45621,,INS-22,,set,skip_no_num,INS-22 non trovato in Directus
45639,,INS-22,,set,skip_no_num,INS-22 non trovato in Directus
45644,,INS-22,,set,skip_no_num,INS-22 non trovato in Directus
45650,,INS-22,,set,skip_no_num,INS-22 non trovato in Directus
45662,,INS-22,,set,skip_no_num,INS-22 non trovato in Directus
45667,,INS-22,,set,skip_no_num,INS-22 non trovato in Directus
45674,,INS-22,,set,skip_no_num,INS-22 non trovato in Directus
45678,,INS-22,,set,skip_no_num,INS-22 non trovato in Directus
45707,,OEL-167,,set,skip_no_num,OEL-167 non trovato in Directus
45720,,OEL-167,,set,skip_no_num,OEL-167 non trovato in Directus
45728,,OEL-167,,set,skip_no_num,OEL-167 non trovato in Directus
45737,,OEL-167,,set,skip_no_num,OEL-167 non trovato in Directus
45746,,OEL-167,,set,skip_no_num,OEL-167 non trovato in Directus
45749,,INS-23,,set,skip_no_num,INS-23 non trovato in Directus
45755,,OEL-167,,set,skip_no_num,OEL-167 non trovato in Directus
45764,,OEL-167,,set,skip_no_num,OEL-167 non trovato in Directus
45873,,OEL-167,,set,skip_no_num,OEL-167 non trovato in Directus
45877,,OEL-167,,set,skip_no_num,OEL-167 non trovato in Directus
45775,,INS-23,,set,skip_no_num,INS-23 non trovato in Directus
45784,,INS-23,,set,skip_no_num,INS-23 non trovato in Directus
45791,,INS-23,,set,skip_no_num,INS-23 non trovato in Directus
45796,,INS-23,,set,skip_no_num,INS-23 non trovato in Directus
45800,,INS-23,,set,skip_no_num,INS-23 non trovato in Directus
45804,,INS-23,,set,skip_no_num,INS-23 non trovato in Directus
45808,,INS-23,,set,skip_no_num,INS-23 non trovato in Directus
45812,,INS-23,,set,skip_no_num,INS-23 non trovato in Directus
45816,,INS-23,,set,skip_no_num,INS-23 non trovato in Directus
45824,,INS-23,,set,skip_no_num,INS-23 non trovato in Directus
45832,,OEL-167,,set,skip_no_num,OEL-167 non trovato in Directus
45838,,OEL-167,,set,skip_no_num,OEL-167 non trovato in Directus
45841,,INS-23,,set,skip_no_num,INS-23 non trovato in Directus
45845,,INS-23,,set,skip_no_num,INS-23 non trovato in Directus
45854,,INS-23,,set,skip_no_num,INS-23 non trovato in Directus
45860,,INS-23,,set,skip_no_num,INS-23 non trovato in Directus
45865,,INS-23,,set,skip_no_num,INS-23 non trovato in Directus
45897,,OEL-167,,set,skip_no_num,OEL-167 non trovato in Directus
45905,,OEL-167,,set,skip_no_num,OEL-167 non trovato in Directus
45908,,OEL-167,,set,skip_no_num,OEL-167 non trovato in Directus
45918,,OEL-24,,set,skip_no_num,OEL-24 non trovato in Directus
45929,,OEL-24,,set,skip_no_num,OEL-24 non trovato in Directus
45933,,INS-24,,set,skip_no_num,INS-24 non trovato in Directus
45937,,INS-24,,set,skip_no_num,INS-24 non trovato in Directus
45943,,INS-24,,set,skip_no_num,INS-24 non trovato in Directus
45951,,INS-24,,set,skip_no_num,INS-24 non trovato in Directus
45958,,INS-24,,set,skip_no_num,INS-24 non trovato in Directus
46024,,INS-24,,set,skip_no_num,INS-24 non trovato in Directus
46032,,INS-24,,set,skip_no_num,INS-24 non trovato in Directus
46113,,INS-25,,set,skip_no_num,INS-25 non trovato in Directus
46073,,OEL-168,,set,skip_no_num,OEL-168 non trovato in Directus
46127,,INS-25,,set,skip_no_num,INS-25 non trovato in Directus
46129,,INS-25,,set,skip_no_num,INS-25 non trovato in Directus
46133,,INS-25,,set,skip_no_num,INS-25 non trovato in Directus
46142,,INS-25,,set,skip_no_num,INS-25 non trovato in Directus
46148,,INS-25,,set,skip_no_num,INS-25 non trovato in Directus
46155,,INS-25,,set,skip_no_num,INS-25 non trovato in Directus
46161,,INS-25,,set,skip_no_num,INS-25 non trovato in Directus
46168,,INS-25,,set,skip_no_num,INS-25 non trovato in Directus
46172,,INS-25,,set,skip_no_num,INS-25 non trovato in Directus
46179,,INS-25,,set,skip_no_num,INS-25 non trovato in Directus
46187,,INS-25,,set,skip_no_num,INS-25 non trovato in Directus
46195,,INS-25,,set,skip_no_num,INS-25 non trovato in Directus
46204,,INS-25,,set,skip_no_num,INS-25 non trovato in Directus
46213,,INS-25,,set,skip_no_num,INS-25 non trovato in Directus
46217,,INS-25,,set,skip_no_num,INS-25 non trovato in Directus
46224,,INS-25,,set,skip_no_num,INS-25 non trovato in Directus
46234,,INS-26,,set,skip_no_num,INS-26 non trovato in Directus
46242,,INS-26,,set,skip_no_num,INS-26 non trovato in Directus
46252,,INS-26,,set,skip_no_num,INS-26 non trovato in Directus
46258,,INS-26,,set,skip_no_num,INS-26 non trovato in Directus
46263,,INS-26,,set,skip_no_num,INS-26 non trovato in Directus
46267,,INS-26,,set,skip_no_num,INS-26 non trovato in Directus
46273,,INS-26,,set,skip_no_num,INS-26 non trovato in Directus
46293,,INS-26,,set,skip_no_num,INS-26 non trovato in Directus
46289,,INS-26,,set,skip_no_num,INS-26 non trovato in Directus
46297,,INS-26,,set,skip_no_num,INS-26 non trovato in Directus
46301,,INS-26,,set,skip_no_num,INS-26 non trovato in Directus
46435,,INS-27,,set,skip_no_num,INS-27 non trovato in Directus
46445,,INS-27,,set,skip_no_num,INS-27 non trovato in Directus
46449,,INS-27,,set,skip_no_num,INS-27 non trovato in Directus
46453,,INS-27,,set,skip_no_num,INS-27 non trovato in Directus
46457,,INS-27,,set,skip_no_num,INS-27 non trovato in Directus
46461,,INS-27,,set,skip_no_num,INS-27 non trovato in Directus
46466,,INS-27,,set,skip_no_num,INS-27 non trovato in Directus
46470,,INS-27,,set,skip_no_num,INS-27 non trovato in Directus
46477,,INS-27,,set,skip_no_num,INS-27 non trovato in Directus
46481,,INS-27,,set,skip_no_num,INS-27 non trovato in Directus
46486,,INS-27,,set,skip_no_num,INS-27 non trovato in Directus
46514,,INS-28,,set,skip_no_num,INS-28 non trovato in Directus
46521,,INS-28,,set,skip_no_num,INS-28 non trovato in Directus
46525,,INS-28,,set,skip_no_num,INS-28 non trovato in Directus
46529,,INS-28,,set,skip_no_num,INS-28 non trovato in Directus
46533,,INS-28,,set,skip_no_num,INS-28 non trovato in Directus
46538,,INS-28,,set,skip_no_num,INS-28 non trovato in Directus
46542,,INS-28,,set,skip_no_num,INS-28 non trovato in Directus
46548,,INS-28,,set,skip_no_num,INS-28 non trovato in Directus
46554,,INS-28,,set,skip_no_num,INS-28 non trovato in Directus
46598,,INS-29,,set,skip_no_num,INS-29 non trovato in Directus
46607,,INS-29,,set,skip_no_num,INS-29 non trovato in Directus
46612,,INS-29,,set,skip_no_num,INS-29 non trovato in Directus
46616,,INS-29,,set,skip_no_num,INS-29 non trovato in Directus
46622,,INS-29,,set,skip_no_num,INS-29 non trovato in Directus
46626,,INS-29,,set,skip_no_num,INS-29 non trovato in Directus
46636,,INS-29,,set,skip_no_num,INS-29 non trovato in Directus
46640,,INS-29,,set,skip_no_num,INS-29 non trovato in Directus
46645,,INS-29,,set,skip_no_num,INS-29 non trovato in Directus
46666,,INS-30,,set,skip_no_num,INS-30 non trovato in Directus
46673,,INS-30,,set,skip_no_num,INS-30 non trovato in Directus
46682,,INS-30,,set,skip_no_num,INS-30 non trovato in Directus
46690,,INS-30,,set,skip_no_num,INS-30 non trovato in Directus
46694,,INS-30,,set,skip_no_num,INS-30 non trovato in Directus
46699,,INS-30,,set,skip_no_num,INS-30 non trovato in Directus
46703,,INS-30,,set,skip_no_num,INS-30 non trovato in Directus
46709,,INS-30,,set,skip_no_num,INS-30 non trovato in Directus
46713,,INS-30,,set,skip_no_num,INS-30 non trovato in Directus
46721,,INS-30,,set,skip_no_num,INS-30 non trovato in Directus
46725,,INS-30,,set,skip_no_num,INS-30 non trovato in Directus
46729,,INS-30,,set,skip_no_num,INS-30 non trovato in Directus
46733,,INS-30,,set,skip_no_num,INS-30 non trovato in Directus
47043,,OEL-168,,set,skip_no_num,OEL-168 non trovato in Directus
47056,,OEL-168,,set,skip_no_num,OEL-168 non trovato in Directus
47072,,OEL-168,,set,skip_no_num,OEL-168 non trovato in Directus
47095,,OEL-168,,set,skip_no_num,OEL-168 non trovato in Directus
47115,,OEL-168,,set,skip_no_num,OEL-168 non trovato in Directus
47125,,OEL-168,,set,skip_no_num,OEL-168 non trovato in Directus
47308,,OEL-168,,set,skip_no_num,OEL-168 non trovato in Directus
47324,,OEL-168,,set,skip_no_num,OEL-168 non trovato in Directus
47343,,OEL-168,,set,skip_no_num,OEL-168 non trovato in Directus
47350,,OEL-168,,set,skip_no_num,OEL-168 non trovato in Directus
47369,,OEL-168,,set,skip_no_num,OEL-168 non trovato in Directus
47375,,OEL-168,,set,skip_no_num,OEL-168 non trovato in Directus
47440,,OEL-168,,set,skip_no_num,OEL-168 non trovato in Directus
47453,,OEL-168,,set,skip_no_num,OEL-168 non trovato in Directus
47459,,OEL-168,,set,skip_no_num,OEL-168 non trovato in Directus
48131,,OEL-169,,set,skip_no_num,OEL-169 non trovato in Directus
48264,,OEL-169,,set,skip_no_num,OEL-169 non trovato in Directus
48270,,OEL-169,,set,skip_no_num,OEL-169 non trovato in Directus
48283,,OEL-169,,set,skip_no_num,OEL-169 non trovato in Directus
48316,,OEL-169,,set,skip_no_num,OEL-169 non trovato in Directus
48323,,OEL-169,,set,skip_no_num,OEL-169 non trovato in Directus
48334,,OEL-169,,set,skip_no_num,OEL-169 non trovato in Directus
48347,,OEL-169,,set,skip_no_num,OEL-169 non trovato in Directus
48352,,OEL-169,,set,skip_no_num,OEL-169 non trovato in Directus
48359,,OEL-169,,set,skip_no_num,OEL-169 non trovato in Directus
48364,,OEL-169,,set,skip_no_num,OEL-169 non trovato in Directus
48400,,OEL-169,,set,skip_no_num,OEL-169 non trovato in Directus
48453,,OEL-170,,set,skip_no_num,OEL-170 non trovato in Directus
48463,,OEL-170,,set,skip_no_num,OEL-170 non trovato in Directus
15767596,,OEL-160,,set,skip_no_num,OEL-160 non trovato in Directus
15767602,,OEL-151,,set,skip_no_num,OEL-151 non trovato in Directus
15767607,,OEL-92,,set,skip_no_num,OEL-92 non trovato in Directus
15767716,,OEL-170,,set,skip_no_num,OEL-170 non trovato in Directus
15767619,,OEL-31,,set,skip_no_num,OEL-31 non trovato in Directus
15767628,,OEL-156,,set,skip_no_num,OEL-156 non trovato in Directus
15767636,,OEL-100,,set,skip_no_num,OEL-100 non trovato in Directus
15767693,,OEL-170,,set,skip_no_num,OEL-170 non trovato in Directus
15767704,,OEL-170,,set,skip_no_num,OEL-170 non trovato in Directus
15767853,,OEL-170,,set,skip_no_num,OEL-170 non trovato in Directus
15767709,,OEL-170,,set,skip_no_num,OEL-170 non trovato in Directus
15767721,,OEL-170,,set,skip_no_num,OEL-170 non trovato in Directus
15767732,,OEL-170,,set,skip_no_num,OEL-170 non trovato in Directus
15767777,,OEL-170,,set,skip_no_num,OEL-170 non trovato in Directus
15767793,,OEL-170,,set,skip_no_num,OEL-170 non trovato in Directus
15767805,,OEL-170,,set,skip_no_num,OEL-170 non trovato in Directus
15767870,,OEL-170,,set,skip_no_num,OEL-170 non trovato in Directus
15767876,,OEL-170,,set,skip_no_num,OEL-170 non trovato in Directus
15767881,,OEL-170,,set,skip_no_num,OEL-170 non trovato in Directus
15767894,,OEL-170,,set,skip_no_num,OEL-170 non trovato in Directus
15767910,,OEL-170,,set,skip_no_num,OEL-170 non trovato in Directus
15767977,,OEL-171,,set,skip_no_num,OEL-171 non trovato in Directus
15768050,,OEL-169,,set,skip_no_num,OEL-169 non trovato in Directus
15768398,,OEL-170,,set,skip_no_num,OEL-170 non trovato in Directus
15768407,,OEL-170,,set,skip_no_num,OEL-170 non trovato in Directus
15768415,,OEL-170,,set,skip_no_num,OEL-170 non trovato in Directus
15768416,,OEL-170,,set,skip_no_num,OEL-170 non trovato in Directus
15768513,,OEL-171,,set,skip_no_num,OEL-171 non trovato in Directus
15768527,,OEL-171,,set,skip_no_num,OEL-171 non trovato in Directus
15768536,,OEL-171,,set,skip_no_num,OEL-171 non trovato in Directus
15768562,,OEL-171,,set,skip_no_num,OEL-171 non trovato in Directus
15768610,,OEL-171,,set,skip_no_num,OEL-171 non trovato in Directus
15768643,,OEL-171,,set,skip_no_num,OEL-171 non trovato in Directus
15768670,,OEL-171,,set,skip_no_num,OEL-171 non trovato in Directus
15768723,,OEL-171,,set,skip_no_num,OEL-171 non trovato in Directus
15768773,,OEL-172,,set,skip_no_num,OEL-172 non trovato in Directus
15768796,,OEL-171,,set,skip_no_num,OEL-171 non trovato in Directus
15768805,,OEL-171,,set,skip_no_num,OEL-171 non trovato in Directus
15768945,,OEL-172,,set,skip_no_num,OEL-172 non trovato in Directus
15768957,,OEL-172,,set,skip_no_num,OEL-172 non trovato in Directus
15768994,,OEL-172,,set,skip_no_num,OEL-172 non trovato in Directus
15768996,,OEL-172,,set,skip_no_num,OEL-172 non trovato in Directus
15768997,,OEL-172,,set,skip_no_num,OEL-172 non trovato in Directus
15769000,,OEL-172,,set,skip_no_num,OEL-172 non trovato in Directus
15769019,,OEL-172,,set,skip_no_num,OEL-172 non trovato in Directus
15769035,,OEL-172,,set,skip_no_num,OEL-172 non trovato in Directus
15769056,,OEL-172,,set,skip_no_num,OEL-172 non trovato in Directus
15769058,,OEL-172,,set,skip_no_num,OEL-172 non trovato in Directus
15769086,,OEL-172,,set,skip_no_num,OEL-172 non trovato in Directus
15769088,,OEL-172,,set,skip_no_num,OEL-172 non trovato in Directus
15769090,,OEL-172,,set,skip_no_num,OEL-172 non trovato in Directus
15769091,,OEL-172,,set,skip_no_num,OEL-172 non trovato in Directus
15769092,,OEL-172,,set,skip_no_num,OEL-172 non trovato in Directus
43,,OEL-1,dry-uuid-oel-1,set,dry,
65,,OEL-1,dry-uuid-oel-1,set,dry,
67,,OEL-1,dry-uuid-oel-1,set,dry,
76,,OEL-1,dry-uuid-oel-1,set,dry,
88,,OEL-1,dry-uuid-oel-1,set,dry,
22764,,null,,null,dry,
22768,,null,,null,dry,
6991,,null,,null,dry,
7074,,null,,null,dry,
7079,,null,,null,dry,
9843,,null,,null,dry,
603,,OEL-1,dry-uuid-oel-1,set,dry,
981,,null,,null,dry,
1206,,null,,null,dry,
1457,,null,,null,dry,
1560,,null,,null,dry,
1563,,null,,null,dry,
1591,,OEL-1,dry-uuid-oel-1,set,dry,
1637,,OEL-1,dry-uuid-oel-1,set,dry,
13522,,null,,null,dry,
1794,,OEL-1,dry-uuid-oel-1,set,dry,
1803,,OEL-1,dry-uuid-oel-1,set,dry,
24153,,null,,null,dry,
1940,,null,,null,dry,
2175,,null,,null,dry,
2205,,null,,null,dry,
2291,,null,,null,dry,
2294,,null,,null,dry,
2299,,null,,null,dry,
2859,,null,,null,dry,
2862,,null,,null,dry,
2887,,null,,null,dry,
6441,,null,,null,dry,
4013,,null,,null,dry,
4017,,null,,null,dry,
4078,,null,,null,dry,
4081,,null,,null,dry,
23135,,null,,null,dry,
4369,,null,,null,dry,
4704,,null,,null,dry,
4410,,null,,null,dry,
4417,,null,,null,dry,
4605,,null,,null,dry,
4611,,null,,null,dry,
4618,,null,,null,dry,
4625,,null,,null,dry,
4668,,null,,null,dry,
4639,,null,,null,dry,
4641,,null,,null,dry,
4647,,null,,null,dry,
4651,,null,,null,dry,
4654,,null,,null,dry,
4673,,null,,null,dry,
4876,,null,,null,dry,
4931,,null,,null,dry,
5193,,null,,null,dry,
5313,,null,,null,dry,
6518,,null,,null,dry,
5675,,null,,null,dry,
5892,,null,,null,dry,
5904,,null,,null,dry,
5909,,null,,null,dry,
5916,,null,,null,dry,
5918,,null,,null,dry,
5921,,null,,null,dry,
5923,,null,,null,dry,
6866,,null,,null,dry,
6458,,null,,null,dry,
6436,,null,,null,dry,
6483,,null,,null,dry,
7250,,null,,null,dry,
6551,,null,,null,dry,
6618,,null,,null,dry,
6855,,null,,null,dry,
6956,,null,,null,dry,
6796,,null,,null,dry,
6967,,null,,null,dry,
6849,,null,,null,dry,
7124,,null,,null,dry,
7183,,null,,null,dry,
7294,,null,,null,dry,
7254,,null,,null,dry,
7403,,null,,null,dry,
7270,,null,,null,dry,
7288,,null,,null,dry,
7303,,null,,null,dry,
7319,,null,,null,dry,
7328,,null,,null,dry,
7412,,null,,null,dry,
7424,,null,,null,dry,
7440,,null,,null,dry,
7470,,null,,null,dry,
7663,,null,,null,dry,
7557,,null,,null,dry,
7560,,null,,null,dry,
7572,,null,,null,dry,
8089,,null,,null,dry,
7852,,null,,null,dry,
8422,,null,,null,dry,
8043,,null,,null,dry,
8094,,null,,null,dry,
8398,,null,,null,dry,
9150,,null,,null,dry,
9144,,null,,null,dry,
8417,,null,,null,dry,
8517,,null,,null,dry,
8656,,null,,null,dry,
8716,,null,,null,dry,
8868,,null,,null,dry,
8935,,null,,null,dry,
9147,,null,,null,dry,
9332,,null,,null,dry,
9190,,null,,null,dry,
9673,,null,,null,dry,
9856,,null,,null,dry,
9743,,null,,null,dry,
9832,,null,,null,dry,
9848,,null,,null,dry,
9962,,null,,null,dry,
9976,,null,,null,dry,
9984,,null,,null,dry,
10547,,null,,null,dry,
10336,,null,,null,dry,
10943,,null,,null,dry,
10472,,null,,null,dry,
10552,,null,,null,dry,
10559,,null,,null,dry,
10564,,null,,null,dry,
10589,,null,,null,dry,
10657,,null,,null,dry,
10695,,null,,null,dry,
10742,,null,,null,dry,
10951,,null,,null,dry,
10955,,null,,null,dry,
10958,,null,,null,dry,
10962,,null,,null,dry,
10966,,null,,null,dry,
10970,,null,,null,dry,
10973,,null,,null,dry,
11166,,null,,null,dry,
11186,,null,,null,dry,
11190,,null,,null,dry,
11198,,null,,null,dry,
11200,,null,,null,dry,
11214,,null,,null,dry,
11448,,null,,null,dry,
11535,,null,,null,dry,
11680,,null,,null,dry,
11663,,null,,null,dry,
11676,,null,,null,dry,
17458,,null,,null,dry,
11993,,null,,null,dry,
12004,,null,,null,dry,
12040,,null,,null,dry,
12044,,null,,null,dry,
12048,,null,,null,dry,
12052,,null,,null,dry,
12692,,null,,null,dry,
12237,,null,,null,dry,
12400,,null,,null,dry,
12731,,null,,null,dry,
12483,,null,,null,dry,
12491,,null,,null,dry,
12497,,null,,null,dry,
12500,,null,,null,dry,
12513,,null,,null,dry,
12518,,null,,null,dry,
12522,,null,,null,dry,
12637,,null,,null,dry,
12630,,null,,null,dry,
12643,,null,,null,dry,
12700,,null,,null,dry,
12747,,null,,null,dry,
12928,,null,,null,dry,
12933,,null,,null,dry,
12939,,null,,null,dry,
12943,,null,,null,dry,
13051,,null,,null,dry,
13097,,null,,null,dry,
13101,,null,,null,dry,
13104,,null,,null,dry,
13112,,null,,null,dry,
13118,,null,,null,dry,
13138,,null,,null,dry,
13190,,null,,null,dry,
15395,,null,,null,dry,
13549,,null,,null,dry,
13583,,null,,null,dry,
13595,,null,,null,dry,
13609,,null,,null,dry,
13614,,null,,null,dry,
13620,,null,,null,dry,
13660,,null,,null,dry,
14739,,null,,null,dry,
13728,,null,,null,dry,
13807,,null,,null,dry,
13847,,null,,null,dry,
13849,,null,,null,dry,
13852,,null,,null,dry,
13854,,null,,null,dry,
13856,,null,,null,dry,
14839,,null,,null,dry,
13938,,null,,null,dry,
14168,,null,,null,dry,
14298,,null,,null,dry,
14325,,null,,null,dry,
14519,,null,,null,dry,
14383,,null,,null,dry,
14489,,null,,null,dry,
14575,,null,,null,dry,
14622,,null,,null,dry,
14652,,null,,null,dry,
14666,,null,,null,dry,
14811,,null,,null,dry,
15215,,null,,null,dry,
14901,,null,,null,dry,
14916,,null,,null,dry,
14928,,null,,null,dry,
14932,,null,,null,dry,
15166,,null,,null,dry,
15226,,null,,null,dry,
15234,,null,,null,dry,
15355,,null,,null,dry,
15404,,null,,null,dry,
15432,,null,,null,dry,
15982,,null,,null,dry,
15443,,null,,null,dry,
15462,,null,,null,dry,
15470,,null,,null,dry,
15479,,null,,null,dry,
15549,,null,,null,dry,
15560,,null,,null,dry,
16027,,null,,null,dry,
16443,,null,,null,dry,
16056,,null,,null,dry,
16066,,null,,null,dry,
16087,,null,,null,dry,
16139,,null,,null,dry,
16205,,null,,null,dry,
16244,,null,,null,dry,
16452,,null,,null,dry,
16476,,null,,null,dry,
16487,,null,,null,dry,
16505,,null,,null,dry,
16538,,null,,null,dry,
16558,,null,,null,dry,
16572,,null,,null,dry,
16598,,null,,null,dry,
16638,,null,,null,dry,
16645,,null,,null,dry,
16683,,null,,null,dry,
16765,,null,,null,dry,
16792,,null,,null,dry,
16854,,null,,null,dry,
16884,,null,,null,dry,
16931,,null,,null,dry,
17107,,null,,null,dry,
17230,,null,,null,dry,
17248,,null,,null,dry,
17260,,null,,null,dry,
17282,,null,,null,dry,
17275,,null,,null,dry,
17298,,null,,null,dry,
17309,,null,,null,dry,
17323,,null,,null,dry,
17771,,null,,null,dry,
17511,,null,,null,dry,
17781,,null,,null,dry,
17792,,null,,null,dry,
17804,,null,,null,dry,
17818,,null,,null,dry,
17811,,null,,null,dry,
17838,,null,,null,dry,
17864,,null,,null,dry,
18167,,null,,null,dry,
19452,,null,,null,dry,
18176,,null,,null,dry,
18182,,null,,null,dry,
18191,,null,,null,dry,
18212,,null,,null,dry,
18249,,null,,null,dry,
18794,,null,,null,dry,
18807,,null,,null,dry,
18817,,null,,null,dry,
20138,,null,,null,dry,
18948,,null,,null,dry,
18996,,null,,null,dry,
19114,,null,,null,dry,
19123,,null,,null,dry,
19140,,null,,null,dry,
20624,,null,,null,dry,
20641,,null,,null,dry,
20643,,null,,null,dry,
19360,,null,,null,dry,
19365,,null,,null,dry,
19372,,null,,null,dry,
19380,,null,,null,dry,
19414,,null,,null,dry,
20554,,null,,null,dry,
19775,,null,,null,dry,
21044,,null,,null,dry,
20581,,null,,null,dry,
19848,,null,,null,dry,
19871,,null,,null,dry,
19879,,null,,null,dry,
19887,,null,,null,dry,
19896,,null,,null,dry,
20609,,null,,null,dry,
19927,,null,,null,dry,
20593,,null,,null,dry,
19990,,null,,null,dry,
28357,,null,,null,dry,
20116,,null,,null,dry,
20170,,null,,null,dry,
20178,,null,,null,dry,
20188,,null,,null,dry,
20194,,null,,null,dry,
20201,,null,,null,dry,
20238,,null,,null,dry,
20244,,null,,null,dry,
20251,,null,,null,dry,
20311,,null,,null,dry,
20405,,null,,null,dry,
20473,,null,,null,dry,
20683,,null,,null,dry,
20904,,null,,null,dry,
20917,,null,,null,dry,
20931,,null,,null,dry,
20945,,null,,null,dry,
20947,,null,,null,dry,
20954,,null,,null,dry,
21022,,null,,null,dry,
21068,,null,,null,dry,
21175,,null,,null,dry,
21313,,null,,null,dry,
21374,,null,,null,dry,
26719,,null,,null,dry,
21503,,null,,null,dry,
21518,,null,,null,dry,
21641,,null,,null,dry,
21625,,null,,null,dry,
21664,,null,,null,dry,
22155,,null,,null,dry,
22160,,null,,null,dry,
22167,,null,,null,dry,
22172,,null,,null,dry,
22179,,null,,null,dry,
22184,,null,,null,dry,
22189,,null,,null,dry,
22195,,null,,null,dry,
22207,,null,,null,dry,
22246,,null,,null,dry,
22258,,null,,null,dry,
22267,,null,,null,dry,
22285,,null,,null,dry,
22779,,null,,null,dry,
22836,,null,,null,dry,
22900,,null,,null,dry,
23099,,null,,null,dry,
23171,,null,,null,dry,
23179,,null,,null,dry,
23189,,null,,null,dry,
23210,,null,,null,dry,
23229,,null,,null,dry,
24784,,null,,null,dry,
24792,,null,,null,dry,
24806,,null,,null,dry,
24144,,null,,null,dry,
23409,,null,,null,dry,
23423,,null,,null,dry,
23434,,null,,null,dry,
23444,,null,,null,dry,
23471,,null,,null,dry,
23491,,null,,null,dry,
23503,,null,,null,dry,
23623,,null,,null,dry,
24290,,null,,null,dry,
24185,,null,,null,dry,
23866,,null,,null,dry,
24394,,null,,null,dry,
24041,,null,,null,dry,
24060,,null,,null,dry,
24075,,null,,null,dry,
24171,,null,,null,dry,
24192,,null,,null,dry,
24275,,null,,null,dry,
24302,,null,,null,dry,
24375,,null,,null,dry,
24605,,null,,null,dry,
24563,,null,,null,dry,
24571,,null,,null,dry,
24580,,null,,null,dry,
24589,,null,,null,dry,
24592,,null,,null,dry,
25363,,null,,null,dry,
24722,,null,,null,dry,
24766,,null,,null,dry,
24823,,null,,null,dry,
24834,,null,,null,dry,
25040,,null,,null,dry,
25057,,null,,null,dry,
28345,,null,,null,dry,
28347,,null,,null,dry,
25743,,null,,null,dry,
25752,,null,,null,dry,
25764,,null,,null,dry,
25790,,null,,null,dry,
25797,,null,,null,dry,
26004,,null,,null,dry,
26012,,null,,null,dry,
26248,,null,,null,dry,
26217,,null,,null,dry,
26399,,null,,null,dry,
26412,,null,,null,dry,
26522,,null,,null,dry,
26533,,null,,null,dry,
26625,,null,,null,dry,
26637,,null,,null,dry,
27052,,null,,null,dry,
27066,,null,,null,dry,
27073,,null,,null,dry,
27079,,null,,null,dry,
27085,,null,,null,dry,
27313,,null,,null,dry,
27335,,null,,null,dry,
27329,,null,,null,dry,
27340,,null,,null,dry,
27435,,null,,null,dry,
27637,,null,,null,dry,
27766,,null,,null,dry,
27591,,null,,null,dry,
27750,,null,,null,dry,
27757,,null,,null,dry,
27611,,null,,null,dry,
27648,,null,,null,dry,
27655,,null,,null,dry,
27661,,null,,null,dry,
27669,,null,,null,dry,
27675,,null,,null,dry,
27909,,null,,null,dry,
27741,,null,,null,dry,
27798,,null,,null,dry,
27919,,null,,null,dry,
28101,,null,,null,dry,
28109,,null,,null,dry,
28212,,null,,null,dry,
28220,,null,,null,dry,
28234,,null,,null,dry,
28486,,null,,null,dry,
28522,,null,,null,dry,
28708,,null,,null,dry,
28577,,null,,null,dry,
28682,,null,,null,dry,
28686,,null,,null,dry,
28739,,null,,null,dry,
28761,,null,,null,dry,
29007,,null,,null,dry,
29033,,null,,null,dry,
29167,,null,,null,dry,
29172,,null,,null,dry,
29186,,null,,null,dry,
29195,,null,,null,dry,
44877,,null,,null,dry,
44887,,null,,null,dry,
30472,,null,,null,dry,
30764,,null,,null,dry,
31806,,null,,null,dry,
31946,,null,,null,dry,
31954,,null,,null,dry,
33049,,null,,null,dry,
34387,,null,,null,dry,
33081,,null,,null,dry,
34335,,null,,null,dry,
34343,,null,,null,dry,
34764,,null,,null,dry,
34886,,null,,null,dry,
35160,,null,,null,dry,
35276,,null,,null,dry,
35312,,null,,null,dry,
36498,,null,,null,dry,
36488,,null,,null,dry,
37171,,null,,null,dry,
37179,,null,,null,dry,
37794,,null,,null,dry,
38456,,null,,null,dry,
38520,,null,,null,dry,
38533,,null,,null,dry,
38553,,null,,null,dry,
38626,,null,,null,dry,
40648,,null,,null,dry,
39066,,null,,null,dry,
39279,,null,,null,dry,
40678,,null,,null,dry,
41009,,null,,null,dry,
41634,,null,,null,dry,
41139,,null,,null,dry,
42235,,null,,null,dry,
41204,,null,,null,dry,
41277,,null,,null,dry,
41283,,null,,null,dry,
41331,,null,,null,dry,
41351,,null,,null,dry,
41369,,null,,null,dry,
43152,,null,,null,dry,
43666,,null,,null,dry,
43654,,null,,null,dry,
41455,,null,,null,dry,
41627,,null,,null,dry,
41639,,null,,null,dry,
41647,,null,,null,dry,
42265,,null,,null,dry,
42246,,null,,null,dry,
42159,,null,,null,dry,
42332,,null,,null,dry,
42352,,null,,null,dry,
42386,,null,,null,dry,
42679,,null,,null,dry,
42690,,null,,null,dry,
42740,,null,,null,dry,
42809,,null,,null,dry,
42822,,null,,null,dry,
42830,,null,,null,dry,
43041,,null,,null,dry,
43031,,null,,null,dry,
43207,,null,,null,dry,
43250,,null,,null,dry,
43261,,null,,null,dry,
43348,,null,,null,dry,
43431,,null,,null,dry,
43490,,null,,null,dry,
43496,,null,,null,dry,
43501,,null,,null,dry,
43616,,null,,null,dry,
44016,,null,,null,dry,
43632,,null,,null,dry,
43712,,null,,null,dry,
43894,,null,,null,dry,
43890,,null,,null,dry,
43905,,null,,null,dry,
43916,,null,,null,dry,
43951,,null,,null,dry,
43958,,null,,null,dry,
44104,,null,,null,dry,
44116,,null,,null,dry,
44155,,null,,null,dry,
44163,,null,,null,dry,
44171,,null,,null,dry,
45436,,null,,null,dry,
44390,,null,,null,dry,
44500,,null,,null,dry,
44546,,null,,null,dry,
44761,,null,,null,dry,
44839,,null,,null,dry,
44824,,null,,null,dry,
44844,,null,,null,dry,
45046,,null,,null,dry,
45430,,null,,null,dry,
45067,,null,,null,dry,
45398,,null,,null,dry,
45443,,null,,null,dry,
45476,,null,,null,dry,
45484,,null,,null,dry,
45494,,null,,null,dry,
45541,,null,,null,dry,
45549,,null,,null,dry,
45668,,null,,null,dry,
45696,,null,,null,dry,
45853,,null,,null,dry,
46058,,null,,null,dry,
46498,,null,,null,dry,
46066,,null,,null,dry,
46093,,null,,null,dry,
46683,,null,,null,dry,
46744,,null,,null,dry,
46752,,null,,null,dry,
46760,,null,,null,dry,
46769,,null,,null,dry,
46777,,null,,null,dry,
46782,,null,,null,dry,
46788,,null,,null,dry,
46794,,null,,null,dry,
46800,,null,,null,dry,
46806,,null,,null,dry,
46812,,null,,null,dry,
46818,,null,,null,dry,
46823,,null,,null,dry,
46828,,null,,null,dry,
46833,,null,,null,dry,
46837,,null,,null,dry,
46844,,null,,null,dry,
46848,,null,,null,dry,
46856,,null,,null,dry,
46905,,null,,null,dry,
46866,,null,,null,dry,
46874,,null,,null,dry,
46879,,null,,null,dry,
46884,,null,,null,dry,
46889,,null,,null,dry,
46896,,null,,null,dry,
46900,,null,,null,dry,
46917,,null,,null,dry,
46912,,null,,null,dry,
46920,,null,,null,dry,
46924,,null,,null,dry,
46927,,null,,null,dry,
46932,,null,,null,dry,
46936,,null,,null,dry,
46940,,null,,null,dry,
46955,,null,,null,dry,
46961,,null,,null,dry,
46963,,null,,null,dry,
46971,,null,,null,dry,
46969,,null,,null,dry,
46982,,null,,null,dry,
46985,,null,,null,dry,
47014,,null,,null,dry,
48014,,null,,null,dry,
48038,,null,,null,dry,
48061,,null,,null,dry,
48826,,null,,null,dry,
48226,,null,,null,dry,
48298,,null,,null,dry,
48381,,null,,null,dry,
48392,,null,,null,dry,
48406,,null,,null,dry,
48499,,null,,null,dry,
48529,,null,,null,dry,
15767560,,null,,null,dry,
48554,,null,,null,dry,
48569,,null,,null,dry,
48638,,null,,null,dry,
48725,,null,,null,dry,
48729,,null,,null,dry,
48739,,null,,null,dry,
48751,,null,,null,dry,
48820,,null,,null,dry,
48833,,null,,null,dry,
48835,,null,,null,dry,
48864,,null,,null,dry,
15767545,,null,,null,dry,
15767554,,null,,null,dry,
15767583,,null,,null,dry,
15767587,,null,,null,dry,
15767617,,null,,null,dry,
15767646,,null,,null,dry,
15767654,,null,,null,dry,
15767927,,null,,null,dry,
15767935,,null,,null,dry,
15767941,,null,,null,dry,
15767960,,null,,null,dry,
15768001,,null,,null,dry,
15768010,,null,,null,dry,
15768021,,null,,null,dry,
15768082,,null,,null,dry,
15768203,,null,,null,dry,
15768270,,null,,null,dry,
15768170,,null,,null,dry,
15768184,,null,,null,dry,
15768206,,null,,null,dry,
15768284,,null,,null,dry,
15768246,,null,,null,dry,
15768292,,null,,null,dry,
15768303,,null,,null,dry,
15768313,,null,,null,dry,
15768324,,null,,null,dry,
15768320,,null,,null,dry,
15768338,,null,,null,dry,
15768346,,null,,null,dry,
15768380,,null,,null,dry,
15768431,,null,,null,dry,
15768443,,null,,null,dry,
15768861,,null,,null,dry,
15768578,,null,,null,dry,
15768666,,null,,null,dry,
15768692,,null,,null,dry,
15768704,,null,,null,dry,
15768719,,null,,null,dry,
15768747,,null,,null,dry,
15768753,,null,,null,dry,
15768818,,null,,null,dry,
15768905,,null,,null,dry,
15768915,,null,,null,dry,
15769084,,null,,null,dry,
15768953,,null,,null,dry,
15768954,,null,,null,dry,
15768975,,null,,null,dry,
15768992,,null,,null,dry,
15769049,,null,,null,dry,
15769050,,null,,null,dry,
15769045,,null,,null,dry,
15769047,,null,,null,dry,
15769052,,null,,null,dry,
15769054,,null,,null,dry,
15769070,,null,,null,dry,
15769075,,null,,null,dry,
15769151,,null,,null,dry,
15769153,,null,,null,dry,
15769171,,null,,null,dry,
15769224,,null,,null,dry,
15769240,,null,,null,dry,
15769243,,null,,null,dry,
15769245,,null,,null,dry,
15769252,,null,,null,dry,
