wp_id,articolo_uuid,id_numero,numero_uuid,action,status,note
3646,,OEL-100,,set,skip_no_num,OEL-100 non trovato in Directus
3648,,OEL-100,,set,skip_no_num,OEL-100 non trovato in Directus
3650,,OEL-100,,set,skip_no_num,OEL-100 non trovato in Directus
5597,,OEL-63,,set,skip_no_num,OEL-63 non trovato in Directus
5854,,OEL-52,,set,skip_no_num,OEL-52 non trovato in Directus
5844,,OEL-47,,set,skip_no_num,OEL-47 non trovato in Directus
5869,,OEL-64,,set,skip_no_num,OEL-64 non trovato in Directus
5879,,OEL-56,,set,skip_no_num,OEL-56 non trovato in Directus
6067,,OEL-64,,set,skip_no_num,OEL-64 non trovato in Directus
6106,,OEL-52,,set,skip_no_num,OEL-52 non trovato in Directus
6111,,OEL-56,,set,skip_no_num,OEL-56 non trovato in Directus
7479,,OEL-30,,set,skip_no_num,OEL-30 non trovato in Directus
7431,,OEL-30,,set,skip_no_num,OEL-30 non trovato in Directus
7434,,OEL-30,,set,skip_no_num,OEL-30 non trovato in Directus
7451,,OEL-30,,set,skip_no_num,OEL-30 non trovato in Directus
7456,,OEL-30,,set,skip_no_num,OEL-30 non trovato in Directus
7461,,OEL-30,,set,skip_no_num,OEL-30 non trovato in Directus
7465,,OEL-30,,set,skip_no_num,OEL-30 non trovato in Directus
7468,,OEL-30,,set,skip_no_num,OEL-30 non trovato in Directus
7474,,OEL-30,,set,skip_no_num,OEL-30 non trovato in Directus
7476,,OEL-30,,set,skip_no_num,OEL-30 non trovato in Directus
23838,,OEL-77,,set,skip_no_num,OEL-77 non trovato in Directus
9626,,OEL-46,,set,skip_no_num,OEL-46 non trovato in Directus
9618,,OEL-46,,set,skip_no_num,OEL-46 non trovato in Directus
9647,,OEL-46,,set,skip_no_num,OEL-46 non trovato in Directus
9650,,OEL-46,,set,skip_no_num,OEL-46 non trovato in Directus
9651,,OEL-46,,set,skip_no_num,OEL-46 non trovato in Directus
9654,,OEL-46,,set,skip_no_num,OEL-46 non trovato in Directus
9660,,OEL-46,,set,skip_no_num,OEL-46 non trovato in Directus
9664,,OEL-46,,set,skip_no_num,OEL-46 non trovato in Directus
9681,,OEL-47,,set,skip_no_num,OEL-47 non trovato in Directus
9708,,OEL-47,,set,skip_no_num,OEL-47 non trovato in Directus
9713,,OEL-47,,set,skip_no_num,OEL-47 non trovato in Directus
9715,,OEL-47,,set,skip_no_num,OEL-47 non trovato in Directus
9717,,OEL-47,,set,skip_no_num,OEL-47 non trovato in Directus
9720,,OEL-47,,set,skip_no_num,OEL-47 non trovato in Directus
9723,,OEL-47,,set,skip_no_num,OEL-47 non trovato in Directus
9727,,OEL-47,,set,skip_no_num,OEL-47 non trovato in Directus
10839,,OEL-55,,set,skip_no_num,OEL-55 non trovato in Directus
10844,,OEL-55,,set,skip_no_num,OEL-55 non trovato in Directus
10835,,OEL-55,,set,skip_no_num,OEL-55 non trovato in Directus
10511,,OEL-53,,set,skip_no_num,OEL-53 non trovato in Directus
10830,,OEL-55,,set,skip_no_num,OEL-55 non trovato in Directus
10402,,OEL-52,,set,skip_no_num,OEL-52 non trovato in Directus
10409,,OEL-52,,set,skip_no_num,OEL-52 non trovato in Directus
10411,,OEL-52,,set,skip_no_num,OEL-52 non trovato in Directus
10415,,OEL-52,,set,skip_no_num,OEL-52 non trovato in Directus
10420,,OEL-52,,set,skip_no_num,OEL-52 non trovato in Directus
10424,,OEL-52,,set,skip_no_num,OEL-52 non trovato in Directus
10429,,OEL-52,,set,skip_no_num,OEL-52 non trovato in Directus
10437,,OEL-52,,set,skip_no_num,OEL-52 non trovato in Directus
10444,,OEL-52,,set,skip_no_num,OEL-52 non trovato in Directus
10447,,OEL-52,,set,skip_no_num,OEL-52 non trovato in Directus
10461,,OEL-53,,set,skip_no_num,OEL-53 non trovato in Directus
10475,,OEL-53,,set,skip_no_num,OEL-53 non trovato in Directus
10482,,OEL-53,,set,skip_no_num,OEL-53 non trovato in Directus
10864,,OEL-55,,set,skip_no_num,OEL-55 non trovato in Directus
10488,,OEL-53,,set,skip_no_num,OEL-53 non trovato in Directus
10490,,OEL-53,,set,skip_no_num,OEL-53 non trovato in Directus
10495,,OEL-53,,set,skip_no_num,OEL-53 non trovato in Directus
10499,,OEL-53,,set,skip_no_num,OEL-53 non trovato in Directus
10515,,OEL-53,,set,skip_no_num,OEL-53 non trovato in Directus
10519,,OEL-53,,set,skip_no_num,OEL-53 non trovato in Directus
10528,,OEL-53,,set,skip_no_num,OEL-53 non trovato in Directus
10532,,OEL-53,,set,skip_no_num,OEL-53 non trovato in Directus
10596,,OEL-54,,set,skip_no_num,OEL-54 non trovato in Directus
10605,,OEL-54,,set,skip_no_num,OEL-54 non trovato in Directus
10615,,OEL-54,,set,skip_no_num,OEL-54 non trovato in Directus
10627,,OEL-54,,set,skip_no_num,OEL-54 non trovato in Directus
10650,,OEL-54,,set,skip_no_num,OEL-54 non trovato in Directus
10665,,OEL-54,,set,skip_no_num,OEL-54 non trovato in Directus
10671,,OEL-54,,set,skip_no_num,OEL-54 non trovato in Directus
10677,,OEL-54,,set,skip_no_num,OEL-54 non trovato in Directus
10683,,OEL-54,,set,skip_no_num,OEL-54 non trovato in Directus
10688,,OEL-54,,set,skip_no_num,OEL-54 non trovato in Directus
10797,,OEL-55,,set,skip_no_num,OEL-55 non trovato in Directus
10818,,OEL-55,,set,skip_no_num,OEL-55 non trovato in Directus
10872,,OEL-55,,set,skip_no_num,OEL-55 non trovato in Directus
10883,,OEL-55,,set,skip_no_num,OEL-55 non trovato in Directus
10892,,OEL-55,,set,skip_no_num,OEL-55 non trovato in Directus
10890,,OEL-55,,set,skip_no_num,OEL-55 non trovato in Directus
10903,,OEL-55,,set,skip_no_num,OEL-55 non trovato in Directus
10904,,OEL-55,,set,skip_no_num,OEL-55 non trovato in Directus
10915,,OEL-55,,set,skip_no_num,OEL-55 non trovato in Directus
11067,,OEL-56,,set,skip_no_num,OEL-56 non trovato in Directus
11072,,OEL-56,,set,skip_no_num,OEL-56 non trovato in Directus
11074,,OEL-56,,set,skip_no_num,OEL-56 non trovato in Directus
11076,,OEL-56,,set,skip_no_num,OEL-56 non trovato in Directus
11079,,OEL-56,,set,skip_no_num,OEL-56 non trovato in Directus
11097,,OEL-56,,set,skip_no_num,OEL-56 non trovato in Directus
11102,,OEL-56,,set,skip_no_num,OEL-56 non trovato in Directus
11104,,OEL-56,,set,skip_no_num,OEL-56 non trovato in Directus
11109,,OEL-56,,set,skip_no_num,OEL-56 non trovato in Directus
11111,,OEL-56,,set,skip_no_num,OEL-56 non trovato in Directus
11113,,OEL-56,,set,skip_no_num,OEL-56 non trovato in Directus
11114,,OEL-56,,set,skip_no_num,OEL-56 non trovato in Directus
11117,,OEL-56,,set,skip_no_num,OEL-56 non trovato in Directus
11119,,OEL-56,,set,skip_no_num,OEL-56 non trovato in Directus
11120,,OEL-56,,set,skip_no_num,OEL-56 non trovato in Directus
11121,,OEL-56,,set,skip_no_num,OEL-56 non trovato in Directus
11787,,OEL-60,,set,skip_no_num,OEL-60 non trovato in Directus
11789,,OEL-60,,set,skip_no_num,OEL-60 non trovato in Directus
11517,,OEL-58,,set,skip_no_num,OEL-58 non trovato in Directus
11628,,OEL-59,,set,skip_no_num,OEL-59 non trovato in Directus
11596,,OEL-59,,set,skip_no_num,OEL-59 non trovato in Directus
11461,,OEL-57,,set,skip_no_num,OEL-57 non trovato in Directus
11438,,OEL-57,,set,skip_no_num,OEL-57 non trovato in Directus
11446,,OEL-57,,set,skip_no_num,OEL-57 non trovato in Directus
11450,,OEL-57,,set,skip_no_num,OEL-57 non trovato in Directus
11454,,OEL-57,,set,skip_no_num,OEL-57 non trovato in Directus
11467,,OEL-57,,set,skip_no_num,OEL-57 non trovato in Directus
11470,,OEL-57,,set,skip_no_num,OEL-57 non trovato in Directus
11475,,OEL-57,,set,skip_no_num,OEL-57 non trovato in Directus
11477,,OEL-57,,set,skip_no_num,OEL-57 non trovato in Directus
11524,,OEL-57,,set,skip_no_num,OEL-57 non trovato in Directus
11526,,OEL-58,,set,skip_no_num,OEL-58 non trovato in Directus
11530,,OEL-58,,set,skip_no_num,OEL-58 non trovato in Directus
11533,,OEL-58,,set,skip_no_num,OEL-58 non trovato in Directus
11540,,OEL-58,,set,skip_no_num,OEL-58 non trovato in Directus
11538,,OEL-58,,set,skip_no_num,OEL-58 non trovato in Directus
11600,,OEL-59,,set,skip_no_num,OEL-59 non trovato in Directus
11604,,OEL-59,,set,skip_no_num,OEL-59 non trovato in Directus
11609,,OEL-59,,set,skip_no_num,OEL-59 non trovato in Directus
11617,,OEL-59,,set,skip_no_num,OEL-59 non trovato in Directus
11619,,OEL-59,,set,skip_no_num,OEL-59 non trovato in Directus
11623,,OEL-59,,set,skip_no_num,OEL-59 non trovato in Directus
11631,,OEL-59,,set,skip_no_num,OEL-59 non trovato in Directus
11636,,OEL-59,,set,skip_no_num,OEL-59 non trovato in Directus
11639,,OEL-59,,set,skip_no_num,OEL-59 non trovato in Directus
11640,,OEL-59,,set,skip_no_num,OEL-59 non trovato in Directus
11781,,OEL-60,,set,skip_no_num,OEL-60 non trovato in Directus
11792,,OEL-60,,set,skip_no_num,OEL-60 non trovato in Directus
11820,,OEL-60,,set,skip_no_num,OEL-60 non trovato in Directus
11824,,OEL-60,,set,skip_no_num,OEL-60 non trovato in Directus
11826,,OEL-60,,set,skip_no_num,OEL-60 non trovato in Directus
11830,,OEL-60,,set,skip_no_num,OEL-60 non trovato in Directus
11834,,OEL-60,,set,skip_no_num,OEL-60 non trovato in Directus
11838,,OEL-60,,set,skip_no_num,OEL-60 non trovato in Directus
12073,,OEL-62,,set,skip_no_num,OEL-62 non trovato in Directus
12107,,OEL-61,,set,skip_no_num,OEL-61 non trovato in Directus
12111,,OEL-61,,set,skip_no_num,OEL-61 non trovato in Directus
12113,,OEL-61,,set,skip_no_num,OEL-61 non trovato in Directus
12117,,OEL-61,,set,skip_no_num,OEL-61 non trovato in Directus
12121,,OEL-61,,set,skip_no_num,OEL-61 non trovato in Directus
12178,,OEL-62,,set,skip_no_num,OEL-62 non trovato in Directus
12149,,OEL-61,,set,skip_no_num,OEL-61 non trovato in Directus
12152,,OEL-61,,set,skip_no_num,OEL-61 non trovato in Directus
12156,,OEL-61,,set,skip_no_num,OEL-61 non trovato in Directus
12160,,OEL-62,,set,skip_no_num,OEL-62 non trovato in Directus
12163,,OEL-61,,set,skip_no_num,OEL-61 non trovato in Directus
12166,,OEL-61,,set,skip_no_num,OEL-61 non trovato in Directus
12181,,OEL-62,,set,skip_no_num,OEL-62 non trovato in Directus
12183,,OEL-62,,set,skip_no_num,OEL-62 non trovato in Directus
12185,,OEL-62,,set,skip_no_num,OEL-62 non trovato in Directus
12187,,OEL-62,,set,skip_no_num,OEL-62 non trovato in Directus
12189,,OEL-62,,set,skip_no_num,OEL-62 non trovato in Directus
12192,,OEL-62,,set,skip_no_num,OEL-62 non trovato in Directus
12194,,OEL-62,,set,skip_no_num,OEL-62 non trovato in Directus
12196,,OEL-62,,set,skip_no_num,OEL-62 non trovato in Directus
12198,,OEL-62,,set,skip_no_num,OEL-62 non trovato in Directus
12200,,OEL-62,,set,skip_no_num,OEL-62 non trovato in Directus
12202,,OEL-62,,set,skip_no_num,OEL-62 non trovato in Directus
12204,,OEL-62,,set,skip_no_num,OEL-62 non trovato in Directus
12208,,OEL-62,,set,skip_no_num,OEL-62 non trovato in Directus
12224,,OEL-62,,set,skip_no_num,OEL-62 non trovato in Directus
12248,,OEL-63,,set,skip_no_num,OEL-63 non trovato in Directus
12252,,OEL-63,,set,skip_no_num,OEL-63 non trovato in Directus
12279,,OEL-63,,set,skip_no_num,OEL-63 non trovato in Directus
12281,,OEL-63,,set,skip_no_num,OEL-63 non trovato in Directus
12284,,OEL-63,,set,skip_no_num,OEL-63 non trovato in Directus
12305,,OEL-63,,set,skip_no_num,OEL-63 non trovato in Directus
12307,,OEL-63,,set,skip_no_num,OEL-63 non trovato in Directus
12309,,OEL-63,,set,skip_no_num,OEL-63 non trovato in Directus
12312,,OEL-63,,set,skip_no_num,OEL-63 non trovato in Directus
12314,,OEL-63,,set,skip_no_num,OEL-63 non trovato in Directus
12319,,OEL-63,,set,skip_no_num,OEL-63 non trovato in Directus
12322,,OEL-63,,set,skip_no_num,OEL-63 non trovato in Directus
12325,,OEL-63,,set,skip_no_num,OEL-63 non trovato in Directus
12379,,OEL-64,,set,skip_no_num,OEL-64 non trovato in Directus
12385,,OEL-64,,set,skip_no_num,OEL-64 non trovato in Directus
12388,,OEL-64,,set,skip_no_num,OEL-64 non trovato in Directus
12393,,OEL-64,,set,skip_no_num,OEL-64 non trovato in Directus
12395,,OEL-64,,set,skip_no_num,OEL-64 non trovato in Directus
12409,,OEL-64,,set,skip_no_num,OEL-64 non trovato in Directus
12413,,OEL-64,,set,skip_no_num,OEL-64 non trovato in Directus
12416,,OEL-64,,set,skip_no_num,OEL-64 non trovato in Directus
12418,,OEL-64,,set,skip_no_num,OEL-64 non trovato in Directus
12425,,OEL-64,,set,skip_no_num,OEL-64 non trovato in Directus
12528,,OEL-46,,set,skip_no_num,OEL-46 non trovato in Directus
12561,,OEL-65,,set,skip_no_num,OEL-65 non trovato in Directus
12564,,OEL-65,,set,skip_no_num,OEL-65 non trovato in Directus
12570,,OEL-65,,set,skip_no_num,OEL-65 non trovato in Directus
12572,,OEL-65,,set,skip_no_num,OEL-65 non trovato in Directus
12574,,OEL-65,,set,skip_no_num,OEL-65 non trovato in Directus
12576,,OEL-65,,set,skip_no_num,OEL-65 non trovato in Directus
12589,,OEL-65,,set,skip_no_num,OEL-65 non trovato in Directus
12591,,OEL-65,,set,skip_no_num,OEL-65 non trovato in Directus
12595,,OEL-65,,set,skip_no_num,OEL-65 non trovato in Directus
12598,,OEL-65,,set,skip_no_num,OEL-65 non trovato in Directus
12600,,OEL-65,,set,skip_no_num,OEL-65 non trovato in Directus
12768,,OEL-66,,set,skip_no_num,OEL-66 non trovato in Directus
12799,,OEL-66,,set,skip_no_num,OEL-66 non trovato in Directus
12801,,OEL-66,,set,skip_no_num,OEL-66 non trovato in Directus
12804,,OEL-66,,set,skip_no_num,OEL-66 non trovato in Directus
12808,,OEL-66,,set,skip_no_num,OEL-66 non trovato in Directus
12817,,OEL-66,,set,skip_no_num,OEL-66 non trovato in Directus
12820,,OEL-66,,set,skip_no_num,OEL-66 non trovato in Directus
12824,,OEL-66,,set,skip_no_num,OEL-66 non trovato in Directus
12830,,OEL-66,,set,skip_no_num,OEL-66 non trovato in Directus
12832,,OEL-66,,set,skip_no_num,OEL-66 non trovato in Directus
12836,,OEL-66,,set,skip_no_num,OEL-66 non trovato in Directus
12843,,OEL-66,,set,skip_no_num,OEL-66 non trovato in Directus
12845,,OEL-66,,set,skip_no_num,OEL-66 non trovato in Directus
12862,,OEL-67,,set,skip_no_num,OEL-67 non trovato in Directus
12896,,OEL-67,,set,skip_no_num,OEL-67 non trovato in Directus
12898,,OEL-67,,set,skip_no_num,OEL-67 non trovato in Directus
12901,,OEL-67,,set,skip_no_num,OEL-67 non trovato in Directus
12905,,OEL-67,,set,skip_no_num,OEL-67 non trovato in Directus
12908,,OEL-67,,set,skip_no_num,OEL-67 non trovato in Directus
12913,,OEL-67,,set,skip_no_num,OEL-67 non trovato in Directus
12919,,OEL-67,,set,skip_no_num,OEL-67 non trovato in Directus
12926,,OEL-67,,set,skip_no_num,OEL-67 non trovato in Directus
12948,,OEL-67,,set,skip_no_num,OEL-67 non trovato in Directus
12952,,OEL-67,,set,skip_no_num,OEL-67 non trovato in Directus
12954,,OEL-67,,set,skip_no_num,OEL-67 non trovato in Directus
12956,,OEL-67,,set,skip_no_num,OEL-67 non trovato in Directus
12989,,OEL-68,,set,skip_no_num,OEL-68 non trovato in Directus
13026,,OEL-68,,set,skip_no_num,OEL-68 non trovato in Directus
13030,,OEL-68,,set,skip_no_num,OEL-68 non trovato in Directus
13034,,OEL-68,,set,skip_no_num,OEL-68 non trovato in Directus
13037,,OEL-68,,set,skip_no_num,OEL-68 non trovato in Directus
13040,,OEL-68,,set,skip_no_num,OEL-68 non trovato in Directus
13042,,OEL-68,,set,skip_no_num,OEL-68 non trovato in Directus
13044,,OEL-68,,set,skip_no_num,OEL-68 non trovato in Directus
13047,,OEL-68,,set,skip_no_num,OEL-68 non trovato in Directus
13049,,OEL-68,,set,skip_no_num,OEL-68 non trovato in Directus
16709,,OEL-78,,set,skip_no_num,OEL-78 non trovato in Directus
16698,,OEL-79,,set,skip_no_num,OEL-79 non trovato in Directus
20045,,INS-1,,set,skip_no_num,INS-1 non trovato in Directus
20335,,INS-1,,set,skip_no_num,INS-1 non trovato in Directus
20102,,INS-1,,set,skip_no_num,INS-1 non trovato in Directus
20109,,INS-1,,set,skip_no_num,INS-1 non trovato in Directus
20344,,INS-1,,set,skip_no_num,INS-1 non trovato in Directus
21184,,OEL-81,,set,skip_no_num,OEL-81 non trovato in Directus
23753,,OEL-77,,set,skip_no_num,OEL-77 non trovato in Directus
23828,,OEL-77,,set,skip_no_num,OEL-77 non trovato in Directus
23771,,OEL-77,,set,skip_no_num,OEL-77 non trovato in Directus
23790,,OEL-77,,set,skip_no_num,OEL-77 non trovato in Directus
23803,,OEL-77,,set,skip_no_num,OEL-77 non trovato in Directus
23811,,OEL-77,,set,skip_no_num,OEL-77 non trovato in Directus
23844,,OEL-77,,set,skip_no_num,OEL-77 non trovato in Directus
23854,,OEL-77,,set,skip_no_num,OEL-77 non trovato in Directus
23974,,OEL-77,,set,skip_no_num,OEL-77 non trovato in Directus
23986,,OEL-77,,set,skip_no_num,OEL-77 non trovato in Directus
23998,,OEL-77,,set,skip_no_num,OEL-77 non trovato in Directus
25399,,OEL-79,,set,skip_no_num,OEL-79 non trovato in Directus
25378,,OEL-79,,set,skip_no_num,OEL-79 non trovato in Directus
25404,,OEL-79,,set,skip_no_num,OEL-79 non trovato in Directus
24631,,OEL-78,,set,skip_no_num,OEL-78 non trovato in Directus
25573,,OEL-80,,set,skip_no_num,OEL-80 non trovato in Directus
24648,,OEL-78,,set,skip_no_num,OEL-78 non trovato in Directus
24859,,OEL-78,,set,skip_no_num,OEL-78 non trovato in Directus
24907,,OEL-78,,set,skip_no_num,OEL-78 non trovato in Directus
24919,,OEL-78,,set,skip_no_num,OEL-78 non trovato in Directus
24933,,OEL-78,,set,skip_no_num,OEL-78 non trovato in Directus
24945,,OEL-78,,set,skip_no_num,OEL-78 non trovato in Directus
24951,,OEL-78,,set,skip_no_num,OEL-78 non trovato in Directus
24962,,OEL-78,,set,skip_no_num,OEL-78 non trovato in Directus
24971,,OEL-78,,set,skip_no_num,OEL-78 non trovato in Directus
24979,,OEL-78,,set,skip_no_num,OEL-78 non trovato in Directus
24980,,OEL-78,,set,skip_no_num,OEL-78 non trovato in Directus
25003,,OEL-78,,set,skip_no_num,OEL-78 non trovato in Directus
25009,,OEL-78,,set,skip_no_num,OEL-78 non trovato in Directus
25016,,OEL-78,,set,skip_no_num,OEL-78 non trovato in Directus
25022,,OEL-78,,set,skip_no_num,OEL-78 non trovato in Directus
25411,,OEL-79,,set,skip_no_num,OEL-79 non trovato in Directus
25417,,OEL-79,,set,skip_no_num,OEL-79 non trovato in Directus
25424,,OEL-79,,set,skip_no_num,OEL-79 non trovato in Directus
25429,,OEL-79,,set,skip_no_num,OEL-79 non trovato in Directus
25436,,OEL-79,,set,skip_no_num,OEL-79 non trovato in Directus
25443,,OEL-79,,set,skip_no_num,OEL-79 non trovato in Directus
25448,,OEL-79,,set,skip_no_num,OEL-79 non trovato in Directus
25460,,OEL-79,,set,skip_no_num,OEL-79 non trovato in Directus
25469,,OEL-79,,set,skip_no_num,OEL-79 non trovato in Directus
25474,,OEL-79,,set,skip_no_num,OEL-79 non trovato in Directus
25587,,OEL-80,,set,skip_no_num,OEL-80 non trovato in Directus
25606,,OEL-80,,set,skip_no_num,OEL-80 non trovato in Directus
25621,,OEL-80,,set,skip_no_num,OEL-80 non trovato in Directus
25616,,OEL-80,,set,skip_no_num,OEL-80 non trovato in Directus
25627,,OEL-80,,set,skip_no_num,OEL-80 non trovato in Directus
25634,,OEL-80,,set,skip_no_num,OEL-80 non trovato in Directus
25636,,OEL-80,,set,skip_no_num,OEL-80 non trovato in Directus
25651,,OEL-80,,set,skip_no_num,OEL-80 non trovato in Directus
25652,,OEL-80,,set,skip_no_num,OEL-80 non trovato in Directus
25655,,OEL-80,,set,skip_no_num,OEL-80 non trovato in Directus
25686,,OEL-80,,set,skip_no_num,OEL-80 non trovato in Directus
25842,,OEL-81,,set,skip_no_num,OEL-81 non trovato in Directus
25892,,OEL-81,,set,skip_no_num,OEL-81 non trovato in Directus
26263,,OEL-81,,set,skip_no_num,OEL-81 non trovato in Directus
26264,,OEL-81,,set,skip_no_num,OEL-81 non trovato in Directus
26280,,OEL-81,,set,skip_no_num,OEL-81 non trovato in Directus
26288,,OEL-81,,set,skip_no_num,OEL-81 non trovato in Directus
26294,,OEL-81,,set,skip_no_num,OEL-81 non trovato in Directus
26302,,OEL-81,,set,skip_no_num,OEL-81 non trovato in Directus
26308,,OEL-81,,set,skip_no_num,OEL-81 non trovato in Directus
26310,,OEL-81,,set,skip_no_num,OEL-81 non trovato in Directus
26331,,OEL-81,,set,skip_no_num,OEL-81 non trovato in Directus
26332,,OEL-81,,set,skip_no_num,OEL-81 non trovato in Directus
26343,,OEL-81,,set,skip_no_num,OEL-81 non trovato in Directus
26344,,OEL-81,,set,skip_no_num,OEL-81 non trovato in Directus
26355,,OEL-81,,set,skip_no_num,OEL-81 non trovato in Directus
26359,,OEL-81,,set,skip_no_num,OEL-81 non trovato in Directus
26371,,OEL-81,,set,skip_no_num,OEL-81 non trovato in Directus
26376,,OEL-81,,set,skip_no_num,OEL-81 non trovato in Directus
26386,,OEL-81,,set,skip_no_num,OEL-81 non trovato in Directus
26387,,OEL-81,,set,skip_no_num,OEL-81 non trovato in Directus
26400,,OEL-81,,set,skip_no_num,OEL-81 non trovato in Directus
26413,,OEL-81,,set,skip_no_num,OEL-81 non trovato in Directus
26429,,OEL-81,,set,skip_no_num,OEL-81 non trovato in Directus
26428,,OEL-81,,set,skip_no_num,OEL-81 non trovato in Directus
26441,,OEL-81,,set,skip_no_num,OEL-81 non trovato in Directus
26442,,OEL-81,,set,skip_no_num,OEL-81 non trovato in Directus
26481,,OEL-81,,set,skip_no_num,OEL-81 non trovato in Directus
26493,,OEL-81,,set,skip_no_num,OEL-81 non trovato in Directus
26680,,OEL-93,,set,skip_no_num,OEL-93 non trovato in Directus
26735,,OEL-82,,set,skip_no_num,OEL-82 non trovato in Directus
26743,,OEL-82,,set,skip_no_num,OEL-82 non trovato in Directus
26762,,OEL-82,,set,skip_no_num,OEL-82 non trovato in Directus
26771,,OEL-82,,set,skip_no_num,OEL-82 non trovato in Directus
26779,,OEL-82,,set,skip_no_num,OEL-82 non trovato in Directus
26782,,OEL-82,,set,skip_no_num,OEL-82 non trovato in Directus
26792,,OEL-82,,set,skip_no_num,OEL-82 non trovato in Directus
26799,,OEL-82,,set,skip_no_num,OEL-82 non trovato in Directus
26804,,OEL-82,,set,skip_no_num,OEL-82 non trovato in Directus
26810,,OEL-82,,set,skip_no_num,OEL-82 non trovato in Directus
26816,,OEL-82,,set,skip_no_num,OEL-82 non trovato in Directus
26824,,OEL-82,,set,skip_no_num,OEL-82 non trovato in Directus
26829,,OEL-82,,set,skip_no_num,OEL-82 non trovato in Directus
26873,,OEL-83,,set,skip_no_num,OEL-83 non trovato in Directus
26899,,OEL-83,,set,skip_no_num,OEL-83 non trovato in Directus
26905,,OEL-83,,set,skip_no_num,OEL-83 non trovato in Directus
26913,,OEL-83,,set,skip_no_num,OEL-83 non trovato in Directus
26924,,OEL-83,,set,skip_no_num,OEL-83 non trovato in Directus
26934,,OEL-83,,set,skip_no_num,OEL-83 non trovato in Directus
26943,,OEL-83,,set,skip_no_num,OEL-83 non trovato in Directus
26949,,OEL-83,,set,skip_no_num,OEL-83 non trovato in Directus
26955,,OEL-83,,set,skip_no_num,OEL-83 non trovato in Directus
26962,,OEL-83,,set,skip_no_num,OEL-83 non trovato in Directus
26967,,OEL-83,,set,skip_no_num,OEL-83 non trovato in Directus
26973,,OEL-83,,set,skip_no_num,OEL-83 non trovato in Directus
26977,,OEL-83,,set,skip_no_num,OEL-83 non trovato in Directus
27501,,OEL-85,,set,skip_no_num,OEL-85 non trovato in Directus
27732,,OEL-84,,set,skip_no_num,OEL-84 non trovato in Directus
27721,,OEL-84,,set,skip_no_num,OEL-84 non trovato in Directus
28951,,OEL-84,,set,skip_no_num,OEL-84 non trovato in Directus
28980,,OEL-84,,set,skip_no_num,OEL-84 non trovato in Directus
28981,,OEL-84,,set,skip_no_num,OEL-84 non trovato in Directus
28990,,OEL-84,,set,skip_no_num,OEL-84 non trovato in Directus
28991,,OEL-84,,set,skip_no_num,OEL-84 non trovato in Directus
29002,,OEL-84,,set,skip_no_num,OEL-84 non trovato in Directus
29019,,OEL-84,,set,skip_no_num,OEL-84 non trovato in Directus
29020,,OEL-84,,set,skip_no_num,OEL-84 non trovato in Directus
29030,,OEL-84,,set,skip_no_num,OEL-84 non trovato in Directus
29045,,OEL-84,,set,skip_no_num,OEL-84 non trovato in Directus
30002,,OEL-85,,set,skip_no_num,OEL-85 non trovato in Directus
30009,,OEL-85,,set,skip_no_num,OEL-85 non trovato in Directus
30014,,OEL-85,,set,skip_no_num,OEL-85 non trovato in Directus
30022,,OEL-85,,set,skip_no_num,OEL-85 non trovato in Directus
30028,,OEL-85,,set,skip_no_num,OEL-85 non trovato in Directus
30038,,OEL-85,,set,skip_no_num,OEL-85 non trovato in Directus
30049,,OEL-85,,set,skip_no_num,OEL-85 non trovato in Directus
30054,,OEL-85,,set,skip_no_num,OEL-85 non trovato in Directus
30061,,OEL-85,,set,skip_no_num,OEL-85 non trovato in Directus
30074,,OEL-85,,set,skip_no_num,OEL-85 non trovato in Directus
30128,,OEL-86,,set,skip_no_num,OEL-86 non trovato in Directus
31031,,OEL-91,,set,skip_no_num,OEL-91 non trovato in Directus
30152,,OEL-86,,set,skip_no_num,OEL-86 non trovato in Directus
30162,,OEL-86,,set,skip_no_num,OEL-86 non trovato in Directus
30169,,OEL-86,,set,skip_no_num,OEL-86 non trovato in Directus
30175,,OEL-86,,set,skip_no_num,OEL-86 non trovato in Directus
30183,,OEL-86,,set,skip_no_num,OEL-86 non trovato in Directus
30184,,OEL-86,,set,skip_no_num,OEL-86 non trovato in Directus
30191,,OEL-86,,set,skip_no_num,OEL-86 non trovato in Directus
30198,,OEL-86,,set,skip_no_num,OEL-86 non trovato in Directus
30207,,OEL-86,,set,skip_no_num,OEL-86 non trovato in Directus
30220,,OEL-86,,set,skip_no_num,OEL-86 non trovato in Directus
30221,,OEL-86,,set,skip_no_num,OEL-86 non trovato in Directus
30232,,OEL-86,,set,skip_no_num,OEL-86 non trovato in Directus
30249,,OEL-86,,set,skip_no_num,OEL-86 non trovato in Directus
30257,,OEL-86,,set,skip_no_num,OEL-86 non trovato in Directus
30260,,OEL-86,,set,skip_no_num,OEL-86 non trovato in Directus
30343,,OEL-87,,set,skip_no_num,OEL-87 non trovato in Directus
30347,,OEL-86,,set,skip_no_num,OEL-86 non trovato in Directus
30319,,OEL-87,,set,skip_no_num,OEL-87 non trovato in Directus
30359,,OEL-87,,set,skip_no_num,OEL-87 non trovato in Directus
30367,,OEL-87,,set,skip_no_num,OEL-87 non trovato in Directus
30368,,OEL-87,,set,skip_no_num,OEL-87 non trovato in Directus
30377,,OEL-87,,set,skip_no_num,OEL-87 non trovato in Directus
30387,,OEL-87,,set,skip_no_num,OEL-87 non trovato in Directus
30385,,OEL-87,,set,skip_no_num,OEL-87 non trovato in Directus
30409,,OEL-87,,set,skip_no_num,OEL-87 non trovato in Directus
30421,,OEL-87,,set,skip_no_num,OEL-87 non trovato in Directus
30422,,OEL-87,,set,skip_no_num,OEL-87 non trovato in Directus
30437,,OEL-87,,set,skip_no_num,OEL-87 non trovato in Directus
30439,,OEL-87,,set,skip_no_num,OEL-87 non trovato in Directus
30450,,OEL-87,,set,skip_no_num,OEL-87 non trovato in Directus
30455,,OEL-87,,set,skip_no_num,OEL-87 non trovato in Directus
30481,,OEL-88,,set,skip_no_num,OEL-88 non trovato in Directus
30503,,OEL-88,,set,skip_no_num,OEL-88 non trovato in Directus
30510,,OEL-88,,set,skip_no_num,OEL-88 non trovato in Directus
30515,,OEL-88,,set,skip_no_num,OEL-88 non trovato in Directus
30521,,OEL-88,,set,skip_no_num,OEL-88 non trovato in Directus
30524,,OEL-88,,set,skip_no_num,OEL-88 non trovato in Directus
30532,,OEL-88,,set,skip_no_num,OEL-88 non trovato in Directus
30539,,OEL-88,,set,skip_no_num,OEL-88 non trovato in Directus
30548,,OEL-88,,set,skip_no_num,OEL-88 non trovato in Directus
30549,,OEL-88,,set,skip_no_num,OEL-88 non trovato in Directus
30568,,OEL-88,,set,skip_no_num,OEL-88 non trovato in Directus
30578,,OEL-88,,set,skip_no_num,OEL-88 non trovato in Directus
30579,,OEL-88,,set,skip_no_num,OEL-88 non trovato in Directus
30593,,OEL-88,,set,skip_no_num,OEL-88 non trovato in Directus
30592,,OEL-88,,set,skip_no_num,OEL-88 non trovato in Directus
31189,,OEL-92,,set,skip_no_num,OEL-92 non trovato in Directus
30610,,OEL-88,,set,skip_no_num,OEL-88 non trovato in Directus
30623,,OEL-88,,set,skip_no_num,OEL-88 non trovato in Directus
30697,,OEL-89,,set,skip_no_num,OEL-89 non trovato in Directus
30699,,OEL-89,,set,skip_no_num,OEL-89 non trovato in Directus
30714,,OEL-89,,set,skip_no_num,OEL-89 non trovato in Directus
30715,,OEL-89,,set,skip_no_num,OEL-89 non trovato in Directus
30724,,OEL-89,,set,skip_no_num,OEL-89 non trovato in Directus
30736,,OEL-89,,set,skip_no_num,OEL-89 non trovato in Directus
30738,,OEL-89,,set,skip_no_num,OEL-89 non trovato in Directus
30750,,OEL-89,,set,skip_no_num,OEL-89 non trovato in Directus
30756,,OEL-89,,set,skip_no_num,OEL-89 non trovato in Directus
30788,,OEL-89,,set,skip_no_num,OEL-89 non trovato in Directus
30805,,OEL-89,,set,skip_no_num,OEL-89 non trovato in Directus
30824,,OEL-89,,set,skip_no_num,OEL-89 non trovato in Directus
30832,,OEL-89,,set,skip_no_num,OEL-89 non trovato in Directus
30876,,OEL-90,,set,skip_no_num,OEL-90 non trovato in Directus
30883,,OEL-90,,set,skip_no_num,OEL-90 non trovato in Directus
30888,,OEL-90,,set,skip_no_num,OEL-90 non trovato in Directus
30898,,OEL-90,,set,skip_no_num,OEL-90 non trovato in Directus
30906,,OEL-90,,set,skip_no_num,OEL-90 non trovato in Directus
30927,,OEL-90,,set,skip_no_num,OEL-90 non trovato in Directus
30929,,OEL-90,,set,skip_no_num,OEL-90 non trovato in Directus
30943,,OEL-90,,set,skip_no_num,OEL-90 non trovato in Directus
30950,,OEL-90,,set,skip_no_num,OEL-90 non trovato in Directus
30951,,OEL-90,,set,skip_no_num,OEL-90 non trovato in Directus
30952,,OEL-90,,set,skip_no_num,OEL-90 non trovato in Directus
30972,,OEL-90,,set,skip_no_num,OEL-90 non trovato in Directus
30975,,OEL-90,,set,skip_no_num,OEL-90 non trovato in Directus
30984,,OEL-90,,set,skip_no_num,OEL-90 non trovato in Directus
30985,,OEL-90,,set,skip_no_num,OEL-90 non trovato in Directus
30994,,OEL-90,,set,skip_no_num,OEL-90 non trovato in Directus
30997,,OEL-90,,set,skip_no_num,OEL-90 non trovato in Directus
31008,,OEL-90,,set,skip_no_num,OEL-90 non trovato in Directus
31014,,OEL-90,,set,skip_no_num,OEL-90 non trovato in Directus
31034,,OEL-91,,set,skip_no_num,OEL-91 non trovato in Directus
31066,,OEL-91,,set,skip_no_num,OEL-91 non trovato in Directus
31086,,OEL-91,,set,skip_no_num,OEL-91 non trovato in Directus
31087,,OEL-91,,set,skip_no_num,OEL-91 non trovato in Directus
31100,,OEL-91,,set,skip_no_num,OEL-91 non trovato in Directus
31104,,OEL-91,,set,skip_no_num,OEL-91 non trovato in Directus
31111,,OEL-91,,set,skip_no_num,OEL-91 non trovato in Directus
31128,,OEL-91,,set,skip_no_num,OEL-91 non trovato in Directus
31129,,OEL-91,,set,skip_no_num,OEL-91 non trovato in Directus
31143,,OEL-91,,set,skip_no_num,OEL-91 non trovato in Directus
31146,,OEL-91,,set,skip_no_num,OEL-91 non trovato in Directus
31148,,OEL-91,,set,skip_no_num,OEL-91 non trovato in Directus
31221,,OEL-92,,set,skip_no_num,OEL-92 non trovato in Directus
31230,,OEL-92,,set,skip_no_num,OEL-92 non trovato in Directus
31236,,OEL-92,,set,skip_no_num,OEL-92 non trovato in Directus
31248,,OEL-92,,set,skip_no_num,OEL-92 non trovato in Directus
31256,,OEL-92,,set,skip_no_num,OEL-92 non trovato in Directus
31261,,OEL-92,,set,skip_no_num,OEL-92 non trovato in Directus
31264,,OEL-92,,set,skip_no_num,OEL-92 non trovato in Directus
31276,,OEL-92,,set,skip_no_num,OEL-92 non trovato in Directus
31278,,OEL-92,,set,skip_no_num,OEL-92 non trovato in Directus
31286,,OEL-92,,set,skip_no_num,OEL-92 non trovato in Directus
31287,,OEL-92,,set,skip_no_num,OEL-92 non trovato in Directus
31301,,OEL-92,,set,skip_no_num,OEL-92 non trovato in Directus
31302,,OEL-92,,set,skip_no_num,OEL-92 non trovato in Directus
31305,,OEL-92,,set,skip_no_num,OEL-92 non trovato in Directus
31317,,OEL-92,,set,skip_no_num,OEL-92 non trovato in Directus
31321,,OEL-92,,set,skip_no_num,OEL-92 non trovato in Directus
31322,,OEL-92,,set,skip_no_num,OEL-92 non trovato in Directus
31399,,OEL-93,,set,skip_no_num,OEL-93 non trovato in Directus
31410,,OEL-93,,set,skip_no_num,OEL-93 non trovato in Directus
31414,,OEL-93,,set,skip_no_num,OEL-93 non trovato in Directus
31423,,OEL-93,,set,skip_no_num,OEL-93 non trovato in Directus
31431,,OEL-93,,set,skip_no_num,OEL-93 non trovato in Directus
31432,,OEL-93,,set,skip_no_num,OEL-93 non trovato in Directus
31442,,OEL-93,,set,skip_no_num,OEL-93 non trovato in Directus
31439,,OEL-93,,set,skip_no_num,OEL-93 non trovato in Directus
31459,,OEL-93,,set,skip_no_num,OEL-93 non trovato in Directus
31460,,OEL-93,,set,skip_no_num,OEL-93 non trovato in Directus
31458,,OEL-93,,set,skip_no_num,OEL-93 non trovato in Directus
31479,,OEL-93,,set,skip_no_num,OEL-93 non trovato in Directus
31480,,OEL-93,,set,skip_no_num,OEL-93 non trovato in Directus
31481,,OEL-93,,set,skip_no_num,OEL-93 non trovato in Directus
31484,,OEL-93,,set,skip_no_num,OEL-93 non trovato in Directus
31505,,OEL-93,,set,skip_no_num,OEL-93 non trovato in Directus
31506,,OEL-93,,set,skip_no_num,OEL-93 non trovato in Directus
31510,,OEL-93,,set,skip_no_num,OEL-93 non trovato in Directus
31514,,OEL-93,,set,skip_no_num,OEL-93 non trovato in Directus
31534,,OEL-93,,set,skip_no_num,OEL-93 non trovato in Directus
31796,,OEL-94,,set,skip_no_num,OEL-94 non trovato in Directus
31800,,OEL-94,,set,skip_no_num,OEL-94 non trovato in Directus
31807,,OEL-94,,set,skip_no_num,OEL-94 non trovato in Directus
31816,,OEL-94,,set,skip_no_num,OEL-94 non trovato in Directus
31827,,OEL-94,,set,skip_no_num,OEL-94 non trovato in Directus
31834,,OEL-94,,set,skip_no_num,OEL-94 non trovato in Directus
31835,,OEL-94,,set,skip_no_num,OEL-94 non trovato in Directus
31849,,OEL-94,,set,skip_no_num,OEL-94 non trovato in Directus
31860,,OEL-94,,set,skip_no_num,OEL-94 non trovato in Directus
31869,,OEL-94,,set,skip_no_num,OEL-94 non trovato in Directus
31871,,OEL-94,,set,skip_no_num,OEL-94 non trovato in Directus
31894,,OEL-94,,set,skip_no_num,OEL-94 non trovato in Directus
31896,,OEL-94,,set,skip_no_num,OEL-94 non trovato in Directus
31916,,OEL-94,,set,skip_no_num,OEL-94 non trovato in Directus
31913,,OEL-94,,set,skip_no_num,OEL-94 non trovato in Directus
31924,,OEL-94,,set,skip_no_num,OEL-94 non trovato in Directus
31931,,OEL-94,,set,skip_no_num,OEL-94 non trovato in Directus
31934,,OEL-94,,set,skip_no_num,OEL-94 non trovato in Directus
32031,,OEL-95,,set,skip_no_num,OEL-95 non trovato in Directus
32033,,OEL-95,,set,skip_no_num,OEL-95 non trovato in Directus
32051,,OEL-95,,set,skip_no_num,OEL-95 non trovato in Directus
32054,,OEL-95,,set,skip_no_num,OEL-95 non trovato in Directus
32061,,OEL-95,,set,skip_no_num,OEL-95 non trovato in Directus
32068,,OEL-95,,set,skip_no_num,OEL-95 non trovato in Directus
32075,,OEL-95,,set,skip_no_num,OEL-95 non trovato in Directus
32081,,OEL-95,,set,skip_no_num,OEL-95 non trovato in Directus
32092,,OEL-95,,set,skip_no_num,OEL-95 non trovato in Directus
32094,,OEL-95,,set,skip_no_num,OEL-95 non trovato in Directus
32107,,OEL-95,,set,skip_no_num,OEL-95 non trovato in Directus
32109,,OEL-95,,set,skip_no_num,OEL-95 non trovato in Directus
32127,,OEL-95,,set,skip_no_num,OEL-95 non trovato in Directus
32137,,OEL-95,,set,skip_no_num,OEL-95 non trovato in Directus
32144,,OEL-95,,set,skip_no_num,OEL-95 non trovato in Directus
32146,,OEL-96,,set,skip_no_num,OEL-96 non trovato in Directus
32174,,OEL-96,,set,skip_no_num,OEL-96 non trovato in Directus
32186,,OEL-96,,set,skip_no_num,OEL-96 non trovato in Directus
32188,,OEL-96,,set,skip_no_num,OEL-96 non trovato in Directus
32197,,OEL-96,,set,skip_no_num,OEL-96 non trovato in Directus
32200,,OEL-96,,set,skip_no_num,OEL-96 non trovato in Directus
32211,,OEL-96,,set,skip_no_num,OEL-96 non trovato in Directus
32215,,OEL-96,,set,skip_no_num,OEL-96 non trovato in Directus
32227,,OEL-96,,set,skip_no_num,OEL-96 non trovato in Directus
32232,,OEL-96,,set,skip_no_num,OEL-96 non trovato in Directus
32241,,OEL-96,,set,skip_no_num,OEL-96 non trovato in Directus
32242,,OEL-96,,set,skip_no_num,OEL-96 non trovato in Directus
32254,,OEL-96,,set,skip_no_num,OEL-96 non trovato in Directus
32258,,OEL-96,,set,skip_no_num,OEL-96 non trovato in Directus
32273,,OEL-96,,set,skip_no_num,OEL-96 non trovato in Directus
32284,,OEL-96,,set,skip_no_num,OEL-96 non trovato in Directus
32292,,OEL-96,,set,skip_no_num,OEL-96 non trovato in Directus
32319,,OEL-97,,set,skip_no_num,OEL-97 non trovato in Directus
32362,,OEL-97,,set,skip_no_num,OEL-97 non trovato in Directus
32367,,OEL-97,,set,skip_no_num,OEL-97 non trovato in Directus
32369,,OEL-97,,set,skip_no_num,OEL-97 non trovato in Directus
32378,,OEL-97,,set,skip_no_num,OEL-97 non trovato in Directus
32379,,OEL-97,,set,skip_no_num,OEL-97 non trovato in Directus
32387,,OEL-97,,set,skip_no_num,OEL-97 non trovato in Directus
32391,,OEL-97,,set,skip_no_num,OEL-97 non trovato in Directus
32404,,OEL-97,,set,skip_no_num,OEL-97 non trovato in Directus
32406,,OEL-97,,set,skip_no_num,OEL-97 non trovato in Directus
32415,,OEL-97,,set,skip_no_num,OEL-97 non trovato in Directus
32418,,OEL-97,,set,skip_no_num,OEL-97 non trovato in Directus
32427,,OEL-97,,set,skip_no_num,OEL-97 non trovato in Directus
32441,,OEL-97,,set,skip_no_num,OEL-97 non trovato in Directus
32448,,OEL-97,,set,skip_no_num,OEL-97 non trovato in Directus
32450,,OEL-97,,set,skip_no_num,OEL-97 non trovato in Directus
32464,,OEL-97,,set,skip_no_num,OEL-97 non trovato in Directus
32487,,OEL-98,,set,skip_no_num,OEL-98 non trovato in Directus
32495,,OEL-98,,set,skip_no_num,OEL-98 non trovato in Directus
32496,,OEL-98,,set,skip_no_num,OEL-98 non trovato in Directus
32533,,OEL-98,,set,skip_no_num,OEL-98 non trovato in Directus
32536,,OEL-98,,set,skip_no_num,OEL-98 non trovato in Directus
32537,,OEL-98,,set,skip_no_num,OEL-98 non trovato in Directus
32555,,OEL-98,,set,skip_no_num,OEL-98 non trovato in Directus
32554,,OEL-98,,set,skip_no_num,OEL-98 non trovato in Directus
32557,,OEL-98,,set,skip_no_num,OEL-98 non trovato in Directus
32561,,OEL-98,,set,skip_no_num,OEL-98 non trovato in Directus
32574,,OEL-98,,set,skip_no_num,OEL-98 non trovato in Directus
32578,,OEL-98,,set,skip_no_num,OEL-98 non trovato in Directus
32580,,OEL-98,,set,skip_no_num,OEL-98 non trovato in Directus
32586,,OEL-98,,set,skip_no_num,OEL-98 non trovato in Directus
32601,,OEL-98,,set,skip_no_num,OEL-98 non trovato in Directus
32607,,OEL-98,,set,skip_no_num,OEL-98 non trovato in Directus
32618,,OEL-98,,set,skip_no_num,OEL-98 non trovato in Directus
32677,,OEL-99,,set,skip_no_num,OEL-99 non trovato in Directus
32679,,OEL-99,,set,skip_no_num,OEL-99 non trovato in Directus
32703,,OEL-99,,set,skip_no_num,OEL-99 non trovato in Directus
32709,,OEL-99,,set,skip_no_num,OEL-99 non trovato in Directus
32719,,OEL-99,,set,skip_no_num,OEL-99 non trovato in Directus
32720,,OEL-99,,set,skip_no_num,OEL-99 non trovato in Directus
32729,,OEL-99,,set,skip_no_num,OEL-99 non trovato in Directus
32735,,OEL-99,,set,skip_no_num,OEL-99 non trovato in Directus
32743,,OEL-99,,set,skip_no_num,OEL-99 non trovato in Directus
32752,,OEL-99,,set,skip_no_num,OEL-99 non trovato in Directus
32756,,OEL-99,,set,skip_no_num,OEL-99 non trovato in Directus
32763,,OEL-99,,set,skip_no_num,OEL-99 non trovato in Directus
32785,,OEL-100,,set,skip_no_num,OEL-100 non trovato in Directus
32789,,OEL-100,,set,skip_no_num,OEL-100 non trovato in Directus
32856,,OEL-100,,set,skip_no_num,OEL-100 non trovato in Directus
32858,,OEL-100,,set,skip_no_num,OEL-100 non trovato in Directus
32860,,OEL-100,,set,skip_no_num,OEL-100 non trovato in Directus
32869,,OEL-100,,set,skip_no_num,OEL-100 non trovato in Directus
32883,,OEL-100,,set,skip_no_num,OEL-100 non trovato in Directus
32884,,OEL-100,,set,skip_no_num,OEL-100 non trovato in Directus
32896,,OEL-100,,set,skip_no_num,OEL-100 non trovato in Directus
32890,,OEL-100,,set,skip_no_num,OEL-100 non trovato in Directus
32902,,OEL-100,,set,skip_no_num,OEL-100 non trovato in Directus
32908,,OEL-100,,set,skip_no_num,OEL-100 non trovato in Directus
32920,,OEL-100,,set,skip_no_num,OEL-100 non trovato in Directus
15767607,,OEL-92,,set,skip_no_num,OEL-92 non trovato in Directus
15767636,,OEL-100,,set,skip_no_num,OEL-100 non trovato in Directus
6344,70a9df14-3fe8-4a2c-8ba5-1724abe30e10,OEL-20,e72a47b7-dfb0-48fe-a9d4-9de4e0631f71,set,ok,
6346,e6ced60c-e53a-4a4e-82ff-022cfde8e252,OEL-20,e72a47b7-dfb0-48fe-a9d4-9de4e0631f71,set,ok,
6350,3231b4eb-ccc6-44c1-a35f-533f2ca58535,OEL-20,e72a47b7-dfb0-48fe-a9d4-9de4e0631f71,set,ok,
6352,ead484e2-505c-4286-a54d-ffe323033449,OEL-20,e72a47b7-dfb0-48fe-a9d4-9de4e0631f71,set,ok,
6361,6a0f80f0-bbff-42e0-8dd2-ad526f1bcd8c,OEL-20,e72a47b7-dfb0-48fe-a9d4-9de4e0631f71,set,ok,
6357,d338d356-b687-4fd3-9b18-3e8b436a3a16,OEL-20,e72a47b7-dfb0-48fe-a9d4-9de4e0631f71,set,ok,
6337,93d081f7-c691-4095-a86d-6ea19a0828d5,OEL-20,e72a47b7-dfb0-48fe-a9d4-9de4e0631f71,set,ok,
43,261fa864-2d32-44aa-8249-a4999201921d,OEL-1,a0bde3ce-67d1-4091-9e5d-7972df46d96f,set,ok,
65,5ca17502-ab97-455e-8c83-b92b9e68598c,OEL-1,a0bde3ce-67d1-4091-9e5d-7972df46d96f,set,ok,
67,1f8b4102-6f81-463a-b9fa-339c7488eb3c,OEL-1,a0bde3ce-67d1-4091-9e5d-7972df46d96f,set,ok,
76,95559245-ba98-4e5d-8bda-dcc733501b58,OEL-1,a0bde3ce-67d1-4091-9e5d-7972df46d96f,set,ok,
88,a7dcb0a5-d70d-4897-94c3-fef26164b845,OEL-1,a0bde3ce-67d1-4091-9e5d-7972df46d96f,set,ok,
224,60b49afc-5594-4406-a83d-e0473e872e2e,OEL-4,b94d4ee8-bfec-4f4b-a328-b5f4f5ed4f31,set,ok,
228,beff6862-e36d-4de9-b7cb-c35643d62a68,OEL-3,5c18c6e6-054b-41db-968f-c525ffaa5d6c,set,ok,
300,b034f66d-a1d2-43e1-bc4f-e403a9dcc4f6,OEL-3,5c18c6e6-054b-41db-968f-c525ffaa5d6c,set,ok,
330,658a7561-a915-4b89-99f1-aa3913fd5daa,OEL-3,5c18c6e6-054b-41db-968f-c525ffaa5d6c,set,ok,
342,630799b8-b420-4fe4-b3cd-7f3bba2e6e36,OEL-3,5c18c6e6-054b-41db-968f-c525ffaa5d6c,set,ok,
313,4ddc6659-2e40-437f-91fa-aa16bf727352,OEL-3,5c18c6e6-054b-41db-968f-c525ffaa5d6c,set,ok,
325,fac2bdd5-5a76-41f8-9234-7609d4a2283f,OEL-3,5c18c6e6-054b-41db-968f-c525ffaa5d6c,set,ok,
328,da1328bb-ec8b-4613-b6fe-485e897abd3e,OEL-3,5c18c6e6-054b-41db-968f-c525ffaa5d6c,set,ok,
340,052c88ba-51ea-4459-95b1-8ebf9fd72ebd,OEL-3,5c18c6e6-054b-41db-968f-c525ffaa5d6c,set,ok,
353,09bb8253-671c-44ca-98c3-1f36fa63b36e,OEL-3,5c18c6e6-054b-41db-968f-c525ffaa5d6c,set,ok,
22764,c1049bcc-0527-4f92-a10b-14d740d80b9a,null,,null,ok,
22768,29513721-8c02-491d-8b73-be6c648f4df7,null,,null,ok,
371,c0001d20-ec47-4664-898e-d513fdf4c51e,OEL-3,5c18c6e6-054b-41db-968f-c525ffaa5d6c,set,ok,
1217,16087ec2-941a-497f-b965-9311fc2a448e,OEL-2,a60c92da-fbce-43f1-9709-2cc503a93787,set,ok,
6982,d5dc529a-07d3-49e4-8f60-81452fafb777,OEL-26,07828b7b-e0de-4c5a-b6a4-a71c0bd21ea2,set,ok,
6991,58ec1e74-419d-4571-b65c-8f53ebc99286,null,,null,ok,
7021,ccd1cd65-5cf8-4162-b1d0-a43ec9b3e845,OEL-26,07828b7b-e0de-4c5a-b6a4-a71c0bd21ea2,set,ok,
7027,8a102bca-b5ef-4e29-b8fb-d515d5fd4d15,OEL-26,07828b7b-e0de-4c5a-b6a4-a71c0bd21ea2,set,ok,
7029,c28da680-9060-4680-ba13-e17bda4bb4e4,OEL-26,07828b7b-e0de-4c5a-b6a4-a71c0bd21ea2,set,ok,
7036,4a5cdff5-52e3-4ae1-b79c-285ff9793945,OEL-26,07828b7b-e0de-4c5a-b6a4-a71c0bd21ea2,set,ok,
7050,47ecccea-6ef1-4953-a45d-b17d70ac65d9,OEL-26,07828b7b-e0de-4c5a-b6a4-a71c0bd21ea2,set,ok,
7052,94dcf0ea-9eb5-47b1-9af5-a159c890589b,OEL-26,07828b7b-e0de-4c5a-b6a4-a71c0bd21ea2,set,ok,
7054,f4b94631-9f06-4835-b3a8-fde9f4214e80,OEL-26,07828b7b-e0de-4c5a-b6a4-a71c0bd21ea2,set,ok,
7059,d395736f-7b78-474b-aba0-66f433a6f29a,OEL-26,07828b7b-e0de-4c5a-b6a4-a71c0bd21ea2,set,ok,
7062,b4a7bcc5-d63f-40a6-bf5c-b97f288876af,OEL-26,07828b7b-e0de-4c5a-b6a4-a71c0bd21ea2,set,ok,
7074,a5c81dc4-73eb-4f36-811e-6db0f3f628ce,null,,null,ok,
7079,338c1fbe-9aa3-4469-811b-79741e1ea531,null,,null,ok,
7103,5ae61626-f97c-4791-b63c-d7c19566393f,OEL-27,c1f91a3f-d786-47a3-97ef-22309a769ce0,set,ok,
9843,9ec067f6-3988-4a01-904b-0892b44aded2,null,,null,ok,
6988,6858b7ec-6641-441d-a83c-9ff7abbafb95,OEL-26,07828b7b-e0de-4c5a-b6a4-a71c0bd21ea2,set,ok,
6990,bf831251-b427-4a30-92c1-393abcf40db0,OEL-26,07828b7b-e0de-4c5a-b6a4-a71c0bd21ea2,set,ok,
25267,994975e8-dfe9-4842-9df3-2bcddaecdc21,OEL-145,e27e5fbc-1e9c-4279-b83e-7334b64a1733,set,ok,
7109,59f4b58a-1592-411e-a86c-994745a226de,OEL-27,c1f91a3f-d786-47a3-97ef-22309a769ce0,set,ok,
6976,d5b5d70b-e72a-4a79-932a-7acb205f28b9,OEL-26,07828b7b-e0de-4c5a-b6a4-a71c0bd21ea2,set,ok,
603,424a88e9-37ef-46d6-8cf3-074252ea60a0,OEL-1,a0bde3ce-67d1-4091-9e5d-7972df46d96f,set,ok,
607,5e764b8d-6f87-4924-9943-f63559d76cb6,OEL-2,a60c92da-fbce-43f1-9709-2cc503a93787,set,ok,
609,2aaef25f-06cf-44ba-b4e7-4546c8f9df2f,OEL-2,a60c92da-fbce-43f1-9709-2cc503a93787,set,ok,
612,a11af852-8363-492f-a7c7-0331127b9513,OEL-2,a60c92da-fbce-43f1-9709-2cc503a93787,set,ok,
617,bbcac4f4-0054-4ad5-a419-d5b041e5bba3,OEL-2,a60c92da-fbce-43f1-9709-2cc503a93787,set,ok,
764,4aa0e462-84be-4c1d-8411-10b112b66b75,OEL-132,73e73def-6baa-44c1-a92b-b9c974560d46,set,ok,
767,2f8919b5-7629-4d7f-be0a-0f546b5972ee,OEL-132,73e73def-6baa-44c1-a92b-b9c974560d46,set,ok,
774,71afbd0d-e71e-4b96-a9ee-a0db2493b883,OEL-132,73e73def-6baa-44c1-a92b-b9c974560d46,set,ok,
777,a8a3d258-7efb-4cab-81a8-9db1815e51fd,OEL-132,73e73def-6baa-44c1-a92b-b9c974560d46,set,ok,
6984,4d4a87cd-dc2d-481c-99df-0bb057bf7653,OEL-26,07828b7b-e0de-4c5a-b6a4-a71c0bd21ea2,set,ok,
981,437b29ba-62d9-47c3-b469-7567c3c48075,null,,null,ok,
1183,721773cd-55c4-4bce-86d2-72ae44bc39e9,OEL-132,73e73def-6baa-44c1-a92b-b9c974560d46,set,ok,
1186,793d3ea3-5c9a-497c-8df3-e3a15b27479a,OEL-132,73e73def-6baa-44c1-a92b-b9c974560d46,set,ok,
1188,7454891a-94f3-4cd4-98c7-991b3dad5b67,OEL-2,a60c92da-fbce-43f1-9709-2cc503a93787,set,ok,
1195,272b7a76-e296-4f92-bd71-9f4d48a4d13c,OEL-2,a60c92da-fbce-43f1-9709-2cc503a93787,set,ok,
1206,ddc043bf-ee02-413c-8512-81421c7ffabc,null,,null,ok,
1211,05686c7b-75ce-4661-a8bd-a391af4cdd32,OEL-2,a60c92da-fbce-43f1-9709-2cc503a93787,set,ok,
1223,720baf37-ed28-42c9-b9c5-aa82f848bcb6,OEL-2,a60c92da-fbce-43f1-9709-2cc503a93787,set,ok,
1410,47aac753-15b7-4f4b-ab5e-f813ee9347ac,OEL-132,73e73def-6baa-44c1-a92b-b9c974560d46,set,ok,
1412,64b95e12-a2e1-442d-b6bc-8bc43d0840e8,OEL-132,73e73def-6baa-44c1-a92b-b9c974560d46,set,ok,
1414,83ca207a-4270-4763-8f91-1cd080694825,OEL-132,73e73def-6baa-44c1-a92b-b9c974560d46,set,ok,
1419,ad96ac25-c649-4297-acb3-c27cbb0a176d,OEL-132,73e73def-6baa-44c1-a92b-b9c974560d46,set,ok,
1421,d0de37ac-b5a8-4881-80dd-9f43bd7482d8,OEL-132,73e73def-6baa-44c1-a92b-b9c974560d46,set,ok,
1423,729bc212-9c72-4af1-bc55-43e73ca57dc3,OEL-132,73e73def-6baa-44c1-a92b-b9c974560d46,set,ok,
1425,65a190ca-0600-4ebe-b9d3-c9dede15ab43,OEL-132,73e73def-6baa-44c1-a92b-b9c974560d46,set,ok,
1435,aeea04fd-17ab-44c1-ad40-d63652e29163,OEL-131,f20e0188-4c8b-4ffa-8988-5b6769f9c0d1,set,ok,
1438,b1ff4fda-f1ed-41d8-ae91-d9b0c25e0b1b,OEL-131,f20e0188-4c8b-4ffa-8988-5b6769f9c0d1,set,ok,
1440,245243d9-5744-4027-ad03-266a2db3ef89,OEL-131,f20e0188-4c8b-4ffa-8988-5b6769f9c0d1,set,ok,
1442,9fc4edb2-b7d2-4411-97d8-39b5ae751c3e,OEL-131,f20e0188-4c8b-4ffa-8988-5b6769f9c0d1,set,ok,
1444,afcacfcd-2e34-46d7-a457-4686fd1801b0,OEL-131,f20e0188-4c8b-4ffa-8988-5b6769f9c0d1,set,ok,
1446,95d36d18-ced8-4539-9f1d-d764f1958282,OEL-131,f20e0188-4c8b-4ffa-8988-5b6769f9c0d1,set,ok,
1449,7db3520e-1f6b-4523-be85-0898371257b2,OEL-131,f20e0188-4c8b-4ffa-8988-5b6769f9c0d1,set,ok,
1451,f95c3e2c-d241-4162-91df-b620cb076ef3,OEL-131,f20e0188-4c8b-4ffa-8988-5b6769f9c0d1,set,ok,
1453,e06b0185-c027-4135-87af-ad166baad604,OEL-131,f20e0188-4c8b-4ffa-8988-5b6769f9c0d1,set,ok,
1455,d1c6ad90-5480-4caa-9465-228b3b29b71a,OEL-131,f20e0188-4c8b-4ffa-8988-5b6769f9c0d1,set,ok,
1457,1a5c8c50-cb50-428c-b82c-0dabbf1cd8bf,null,,null,ok,
1560,24e5b827-60c5-4ca2-b49c-cbf2cf1d763f,null,,null,ok,
1563,39cc9b42-79f7-4f68-a1e4-d982cc6f200e,null,,null,ok,
1591,ecd64465-9008-4f2a-8a68-9b5316016b34,OEL-1,a0bde3ce-67d1-4091-9e5d-7972df46d96f,set,ok,
1637,947142e7-ef03-46e4-b9bb-21d06422fe8b,OEL-1,a0bde3ce-67d1-4091-9e5d-7972df46d96f,set,ok,
2402,a93ea67d-1236-4bb8-86ab-de9eb8e42b45,OEL-7,f9f02b43-6556-4d42-aa54-7372458b2a89,set,ok,
1707,6f05ae1f-4af4-4ba7-946b-f0a9a9782945,OEL-2,a60c92da-fbce-43f1-9709-2cc503a93787,set,ok,
13522,cc38028f-1f76-4f97-90b1-9d87979255b4,null,,null,ok,
1794,0b9b285f-1663-40a1-bddd-c133b720fdf4,OEL-1,a0bde3ce-67d1-4091-9e5d-7972df46d96f,set,ok,
1803,612c6d8e-e3a2-4f45-94c1-e3398b2d9506,OEL-1,a0bde3ce-67d1-4091-9e5d-7972df46d96f,set,ok,
24153,e3a58e44-c141-43ed-a28d-bb5058d2525c,null,,null,ok,
1940,aa1a54ec-f2ae-43cd-988b-04c1f3ac8cff,null,,null,ok,
1955,d189530c-acc1-4c23-9917-c6a1313f7935,OEL-2,a60c92da-fbce-43f1-9709-2cc503a93787,set,ok,
1957,293979d9-7251-4091-a9d4-f69c93c6793e,OEL-2,a60c92da-fbce-43f1-9709-2cc503a93787,set,ok,
1960,2a19a81c-67b3-4685-b915-be15510b0ef4,OEL-2,a60c92da-fbce-43f1-9709-2cc503a93787,set,ok,
2051,9e5bc10f-b6ce-4bc4-82a7-8067c239d3f1,OEL-3,5c18c6e6-054b-41db-968f-c525ffaa5d6c,set,ok,
2053,8a0b5455-9f1d-427a-8d30-0b7c57630c03,OEL-3,5c18c6e6-054b-41db-968f-c525ffaa5d6c,set,ok,
2055,01754eab-906a-4825-b35b-a69130fbffa7,OEL-3,5c18c6e6-054b-41db-968f-c525ffaa5d6c,set,ok,
2057,586452f9-0275-429d-8825-39f669a615e2,OEL-3,5c18c6e6-054b-41db-968f-c525ffaa5d6c,set,ok,
2069,b4a52c3e-19e9-4f96-bf2c-66f3d4862e2a,OEL-3,5c18c6e6-054b-41db-968f-c525ffaa5d6c,set,ok,
2175,648e5ce2-c867-4090-a837-fbf37d793db1,null,,null,ok,
2192,1d053491-2bdd-48cc-8efe-9143399056e1,OEL-4,b94d4ee8-bfec-4f4b-a328-b5f4f5ed4f31,set,ok,
2196,e2ded77b-c76c-4f22-b044-973fb93d27cd,OEL-4,b94d4ee8-bfec-4f4b-a328-b5f4f5ed4f31,set,ok,
2199,e14aeba2-9819-4a91-96c0-b57423a13bde,OEL-4,b94d4ee8-bfec-4f4b-a328-b5f4f5ed4f31,set,ok,
2201,1ed8d481-9b00-4d30-ab2e-9ff69f6c7587,OEL-4,b94d4ee8-bfec-4f4b-a328-b5f4f5ed4f31,set,ok,
2203,f76cd21d-1b32-49b3-8aff-af2b2a28083e,OEL-4,b94d4ee8-bfec-4f4b-a328-b5f4f5ed4f31,set,ok,
2205,d2d4527c-963f-4d7e-9f8d-60a69c56c360,null,,null,ok,
2212,781c4a9c-f4b7-4ca2-9ad8-bf076301dfcf,OEL-4,b94d4ee8-bfec-4f4b-a328-b5f4f5ed4f31,set,ok,
2214,44e2cc5e-8814-4961-9048-dbfb64d562a8,OEL-4,b94d4ee8-bfec-4f4b-a328-b5f4f5ed4f31,set,ok,
2218,b50a3393-9e8c-4f68-bbdf-12f2ec219e02,OEL-4,b94d4ee8-bfec-4f4b-a328-b5f4f5ed4f31,set,ok,
2220,6ff1665d-7f46-4881-ab0b-4aac4f991da6,OEL-4,b94d4ee8-bfec-4f4b-a328-b5f4f5ed4f31,set,ok,
2222,d3437d02-edd6-425d-920f-ee3886937b2e,OEL-4,b94d4ee8-bfec-4f4b-a328-b5f4f5ed4f31,set,ok,
2238,ad03246e-66d8-48ce-b430-0dc2eeab15ab,OEL-5,a840bbb5-e1c6-486f-94be-9dea36f26300,set,ok,
2243,65eb77f2-0c08-4f3d-a97a-a2246b47f6d4,OEL-5,a840bbb5-e1c6-486f-94be-9dea36f26300,set,ok,
2252,1e3d716b-a5eb-4d3c-a1c0-3ca5d867b1f3,OEL-5,a840bbb5-e1c6-486f-94be-9dea36f26300,set,ok,
2257,b240cca8-a049-4077-8a88-09253a317088,OEL-5,a840bbb5-e1c6-486f-94be-9dea36f26300,set,ok,
2259,63ce2405-2e03-429a-a1e9-b4901d4df896,OEL-5,a840bbb5-e1c6-486f-94be-9dea36f26300,set,ok,
2263,809ddfed-f701-43c3-81fb-002b286e576c,OEL-5,a840bbb5-e1c6-486f-94be-9dea36f26300,set,ok,
2265,b62e2043-c7a5-4db7-b669-7f9911f75814,OEL-5,a840bbb5-e1c6-486f-94be-9dea36f26300,set,ok,
2270,5e68e8aa-429a-4315-926c-22de458a42ed,OEL-5,a840bbb5-e1c6-486f-94be-9dea36f26300,set,ok,
2272,731e5b9b-864e-411a-98eb-a868123b2348,OEL-5,a840bbb5-e1c6-486f-94be-9dea36f26300,set,ok,
2274,27769b29-f072-4a95-a5b9-70f9a8a82c25,OEL-5,a840bbb5-e1c6-486f-94be-9dea36f26300,set,ok,
2291,5ab1ea2d-7a75-410e-a2cc-c8238381b81c,null,,null,ok,
2294,36840739-dbda-47a9-aa65-76fe36ba0868,null,,null,ok,
2299,afd4c67e-b402-4b2d-852d-65c97db1bb4d,null,,null,ok,
2343,4b5cac7d-b643-4691-9e35-a7ec7d802819,OEL-6,e0689b7d-7755-4ac6-bb5c-afddd69ae53f,set,ok,
2348,6d6bed92-f794-4b53-afc6-65a677a27e3b,OEL-6,e0689b7d-7755-4ac6-bb5c-afddd69ae53f,set,ok,
2410,0432c9c5-8f69-4a0e-af29-1a506b3b8869,OEL-7,f9f02b43-6556-4d42-aa54-7372458b2a89,set,ok,
2352,30528160-f530-47a0-9828-fd21dca846ca,OEL-6,e0689b7d-7755-4ac6-bb5c-afddd69ae53f,set,ok,
2354,06b30b53-01ed-496d-bde2-217a244760c0,OEL-6,e0689b7d-7755-4ac6-bb5c-afddd69ae53f,set,ok,
2356,81fce0d2-e01d-456d-9017-729eb92bc89c,OEL-6,e0689b7d-7755-4ac6-bb5c-afddd69ae53f,set,ok,
2358,18b4ab1a-bf12-45d4-a080-d764d7ee061a,OEL-6,e0689b7d-7755-4ac6-bb5c-afddd69ae53f,set,ok,
2361,6f70a248-f466-4e58-b721-04aa4af85e4c,OEL-6,e0689b7d-7755-4ac6-bb5c-afddd69ae53f,set,ok,
2363,8ac02f52-63cc-4bef-8905-2718cdf9341f,OEL-6,e0689b7d-7755-4ac6-bb5c-afddd69ae53f,set,ok,
2366,64f15ed3-0682-4b92-b9e2-e6a164a61a4a,OEL-6,e0689b7d-7755-4ac6-bb5c-afddd69ae53f,set,ok,
2368,ab7f1e73-0a44-4e81-b281-9aba58321e38,OEL-6,e0689b7d-7755-4ac6-bb5c-afddd69ae53f,set,ok,
2380,04474117-46de-4095-b47c-0a19e64706fa,OEL-6,e0689b7d-7755-4ac6-bb5c-afddd69ae53f,set,ok,
2391,3201ad74-6bc6-4c64-b595-21afbf04795e,OEL-7,f9f02b43-6556-4d42-aa54-7372458b2a89,set,ok,
2394,74986486-3b0a-4c91-a888-657cb88c80ef,OEL-7,f9f02b43-6556-4d42-aa54-7372458b2a89,set,ok,
2396,375a2035-f0eb-4e93-b2dc-e0971cc748dc,OEL-7,f9f02b43-6556-4d42-aa54-7372458b2a89,set,ok,
2398,96418c1f-7b59-4dae-a690-4aa106174a58,OEL-7,f9f02b43-6556-4d42-aa54-7372458b2a89,set,ok,
2400,2323d3bf-9c71-4e97-a7f1-01641c8d8dbc,OEL-7,f9f02b43-6556-4d42-aa54-7372458b2a89,set,ok,
2404,2ec07883-6608-4b4f-8cf9-229523499e4d,OEL-7,f9f02b43-6556-4d42-aa54-7372458b2a89,set,ok,
2406,32c41f9f-6132-447c-bab1-5b2409cdad4e,OEL-7,f9f02b43-6556-4d42-aa54-7372458b2a89,set,ok,
2416,43a383cc-1e0a-4887-a856-1df0b91ec653,OEL-7,f9f02b43-6556-4d42-aa54-7372458b2a89,set,ok,
2427,fd993856-2439-4b12-93bd-8b409fb71e01,OEL-8,9311f77a-6355-48c7-8332-f2edddf84b2c,set,ok,
2431,c5769fe8-cfb7-4202-bb65-07f9acea18ad,OEL-8,9311f77a-6355-48c7-8332-f2edddf84b2c,set,ok,
2433,d5e70269-295f-4547-8839-b195b9ba4388,OEL-8,9311f77a-6355-48c7-8332-f2edddf84b2c,set,ok,
2437,7b0b5708-2a0e-47d5-b008-e60648f9bdab,OEL-8,9311f77a-6355-48c7-8332-f2edddf84b2c,set,ok,
2439,7bcad11c-344e-4e63-8763-a2f80365932a,OEL-8,9311f77a-6355-48c7-8332-f2edddf84b2c,set,ok,
2441,f40fa94d-2f99-45f6-8a9e-e5377a4eaabe,OEL-8,9311f77a-6355-48c7-8332-f2edddf84b2c,set,ok,
2443,84d3bac2-76c1-4da6-9e77-2ffe97799946,OEL-8,9311f77a-6355-48c7-8332-f2edddf84b2c,set,ok,
2445,83e67ebf-830b-4bd4-a631-9bca46c61d1a,OEL-8,9311f77a-6355-48c7-8332-f2edddf84b2c,set,ok,
2641,2e689095-5a02-45da-b00c-ed7f414a6ee7,OEL-5,a840bbb5-e1c6-486f-94be-9dea36f26300,set,ok,
2859,dc6125e9-f66a-4d91-93a1-bdfa1dae4db4,null,,null,ok,
2862,80d7211d-ef5c-4003-9db8-3d76d3e3d11d,null,,null,ok,
2887,79424c4e-48cc-4ba8-843c-8b6c7723939a,null,,null,ok,
3002,31cab405-2e3c-4e88-b440-aa921274b93b,OEL-9,7b5f0bde-f779-4850-b19b-089b973fb7eb,set,ok,
3009,72bd7def-3c73-4250-b8d5-72791982868e,OEL-9,7b5f0bde-f779-4850-b19b-089b973fb7eb,set,ok,
3013,c6c47896-46e1-4059-94a5-d7b0870bd907,OEL-9,7b5f0bde-f779-4850-b19b-089b973fb7eb,set,ok,
3015,3ac19cdd-c955-4667-851e-b7d3a1a67130,OEL-9,7b5f0bde-f779-4850-b19b-089b973fb7eb,set,ok,
3018,29879bb7-f20b-4d13-b501-891e39c75d46,OEL-9,7b5f0bde-f779-4850-b19b-089b973fb7eb,set,ok,
3023,f4c1d8bd-d94f-4b8f-9f83-a0069ce5eadc,OEL-9,7b5f0bde-f779-4850-b19b-089b973fb7eb,set,ok,
3027,39b875d4-8b74-43bf-b400-51c555c5ef19,OEL-9,7b5f0bde-f779-4850-b19b-089b973fb7eb,set,ok,
3031,293de8d2-bfed-4d80-b844-d28981948202,OEL-9,7b5f0bde-f779-4850-b19b-089b973fb7eb,set,ok,
3035,204dc2f0-8ca8-4472-ba1a-5dc48dbb8403,OEL-9,7b5f0bde-f779-4850-b19b-089b973fb7eb,set,ok,
3038,155b2404-32bb-4905-b502-4844d54499b4,OEL-9,7b5f0bde-f779-4850-b19b-089b973fb7eb,set,ok,
3040,1f9c42d1-69bc-46a8-879b-29a2c19c99fb,OEL-9,7b5f0bde-f779-4850-b19b-089b973fb7eb,set,ok,
3046,3c9b3fc4-4199-4702-9273-3786655088aa,OEL-9,7b5f0bde-f779-4850-b19b-089b973fb7eb,set,ok,
3048,3150f340-316e-4cee-b8a7-3d96255a5a57,OEL-9,7b5f0bde-f779-4850-b19b-089b973fb7eb,set,ok,
3050,c2064666-78de-453f-b674-2a027bfaeb89,OEL-9,7b5f0bde-f779-4850-b19b-089b973fb7eb,set,ok,
3116,502c94c3-3826-4281-9aa5-bb1949b239af,OEL-10,9acad34b-7939-4997-8544-a60bbe39c2fd,set,ok,
3121,1ddc9904-d2dd-4002-850f-3c26a1131aec,OEL-10,9acad34b-7939-4997-8544-a60bbe39c2fd,set,ok,
3136,4d5d7018-eaaa-497d-a542-5189d3291fec,OEL-10,9acad34b-7939-4997-8544-a60bbe39c2fd,set,ok,
3139,fdf4e62b-aa28-4a23-9472-96c658623816,OEL-10,9acad34b-7939-4997-8544-a60bbe39c2fd,set,ok,
3141,25fc262f-f889-4b4f-93f9-a4ad16a06843,OEL-10,9acad34b-7939-4997-8544-a60bbe39c2fd,set,ok,
3143,2c86c9bc-0a0b-40fb-b9a1-c164041eb9b7,OEL-10,9acad34b-7939-4997-8544-a60bbe39c2fd,set,ok,
3146,c5060be6-d2d6-401e-90a8-c19d5baab606,OEL-10,9acad34b-7939-4997-8544-a60bbe39c2fd,set,ok,
3149,88e57c04-3ecc-4a3c-a55e-2e01382d6b08,OEL-10,9acad34b-7939-4997-8544-a60bbe39c2fd,set,ok,
3150,cd11f0a4-5250-4fb8-9d64-11032c101dc4,OEL-10,9acad34b-7939-4997-8544-a60bbe39c2fd,set,ok,
3153,144b9230-17bb-4f21-8b47-ebe30a00292f,OEL-10,9acad34b-7939-4997-8544-a60bbe39c2fd,set,ok,
3158,2b742ac4-8d34-4154-af27-c0f92f134239,OEL-10,9acad34b-7939-4997-8544-a60bbe39c2fd,set,ok,
3160,3294491c-2623-4925-bfc8-4de2e763b7d2,OEL-10,9acad34b-7939-4997-8544-a60bbe39c2fd,set,ok,
3347,96dba73e-ee2b-4629-ad23-f2e2ccb229dd,OEL-139,aebd9278-6284-44e2-99db-dd78983b2916,set,ok,
3371,6177c5bd-2b18-442b-a7e6-ee178e2d8cca,OEL-4,b94d4ee8-bfec-4f4b-a328-b5f4f5ed4f31,set,ok,
9921,bc7e1517-5fdf-4c26-aa26-278c01980a71,OEL-49,d1ea07bb-fe50-41b2-8df1-0bb72856b111,set,ok,
6441,3409e5cf-44cc-4530-938a-0592afd86555,null,,null,ok,
3984,cd54adca-0b11-48f3-b24c-56d210fc386f,OEL-131,f20e0188-4c8b-4ffa-8988-5b6769f9c0d1,set,ok,
3988,a219304f-2490-408a-868e-410ca7606524,OEL-131,f20e0188-4c8b-4ffa-8988-5b6769f9c0d1,set,ok,
3992,f218828a-397e-4245-a83e-854e9e6bbb80,OEL-131,f20e0188-4c8b-4ffa-8988-5b6769f9c0d1,set,ok,
3997,8622f0d3-3f86-4d86-87b3-ef24977bbd9b,OEL-131,f20e0188-4c8b-4ffa-8988-5b6769f9c0d1,set,ok,
4003,5b38ea16-06db-4f3f-8765-ee2731a0d532,OEL-131,f20e0188-4c8b-4ffa-8988-5b6769f9c0d1,set,ok,
4013,a456b0a3-3179-4831-90e4-2bacab6ad094,null,,null,ok,
4017,0b830171-6481-424c-a567-ca9fe5af6009,null,,null,ok,
4023,3e7bb3ec-9651-4b09-89e1-225f00ca995c,OEL-131,f20e0188-4c8b-4ffa-8988-5b6769f9c0d1,set,ok,
4032,dfc72c02-1d77-4e1e-88dd-ac0c07d4485e,OEL-131,f20e0188-4c8b-4ffa-8988-5b6769f9c0d1,set,ok,
4039,a5160b72-0e6d-4114-9bc9-1d817d1758c4,OEL-131,f20e0188-4c8b-4ffa-8988-5b6769f9c0d1,set,ok,
4047,fbc87217-85f4-4db1-95fc-cf34dd90a193,OEL-131,f20e0188-4c8b-4ffa-8988-5b6769f9c0d1,set,ok,
4054,77d00171-f953-456f-bc3d-659861294180,OEL-131,f20e0188-4c8b-4ffa-8988-5b6769f9c0d1,set,ok,
4058,e210f7be-ccbe-41ec-87cf-2846046eaafb,OEL-131,f20e0188-4c8b-4ffa-8988-5b6769f9c0d1,set,ok,
4063,758738e7-fe46-4c4f-8214-1353d2440adf,OEL-131,f20e0188-4c8b-4ffa-8988-5b6769f9c0d1,set,ok,
4070,af882986-207c-447c-af8f-2aa58d4b6ed9,OEL-131,f20e0188-4c8b-4ffa-8988-5b6769f9c0d1,set,ok,
4078,2abc0059-367f-4790-864d-d74848ecfbbe,null,,null,ok,
4081,36d4480c-5cda-4fbb-8d88-15455af83309,null,,null,ok,
4151,23e5c88c-2679-48d4-adae-316ddad05681,OEL-132,73e73def-6baa-44c1-a92b-b9c974560d46,set,ok,
23135,5edaa6f3-5179-4772-b758-31b5bb4bd867,null,,null,ok,
4369,af4ba4dd-656c-45b9-903b-1dce6b5e1527,null,,null,ok,
4704,1dd04fb0-0388-47e0-ab31-fd4b14c9c633,null,,null,ok,
4410,ceb0f15d-dc44-415e-8f1e-23bfad00f784,null,,null,ok,
4417,36f3075c-535f-4ac1-8814-75ddc8b065a0,null,,null,ok,
4419,bcebf5d2-05ad-4c86-ad76-579835bbb7e7,OEL-125,855569ab-24f7-42bc-bdab-2396d21fc74c,set,ok,
4426,1ce42857-67d4-4131-a070-87e1284503d8,OEL-125,855569ab-24f7-42bc-bdab-2396d21fc74c,set,ok,
4434,e1cda15a-7c0b-4384-ad76-78ae15d5a78e,OEL-105,b9ddaf2a-f21e-4cb5-a805-e12d13013c9b,set,ok,
4439,51de45f4-4bbb-4283-bbe5-50453b52b145,OEL-105,b9ddaf2a-f21e-4cb5-a805-e12d13013c9b,set,ok,
4442,2d00fefd-ee29-439e-b3d2-f7362040a55e,OEL-109,e62e8aa1-30fc-40f5-98c4-c8cd359e68ad,set,ok,
4444,1df08cc7-b311-4dd1-8ba8-7d0a9869dad0,OEL-127,12e35b80-ce68-466e-b887-6a68797eea51,set,ok,
4605,0cf1d470-5ff6-4e20-b629-5e33c2ac8db3,null,,null,ok,
4611,7e0eea81-1cbe-4bdf-bf6b-3ec49765eba6,null,,null,ok,
4618,a8f45e77-c201-482e-b1a3-0a5e06a53639,null,,null,ok,
4625,bd741429-24ef-4ef2-b17b-30da581f44ea,null,,null,ok,
4668,78b5768e-5a2d-45df-8d67-9bcf93bebfdb,null,,null,ok,
4639,128cdc76-ed76-4626-87d9-622a1858f775,null,,null,ok,
4641,ac3a626a-c49f-47ee-baf6-4fce191b2cae,null,,null,ok,
4647,3792e1d7-ddff-4942-848f-978c3dc4d759,null,,null,ok,
4651,6419c31c-3f03-4d19-85b4-9a092b0747a1,null,,null,ok,
4654,f2414768-25f2-4b52-ba14-a6141742a483,null,,null,ok,
4673,7f26002c-5dff-49f3-a593-61d531804c2b,null,,null,ok,
4764,07934e5d-f1c1-4f7b-98fe-e5bfc683eb28,OEL-13,0983938a-a002-46ac-b17e-58bd32babbf0,set,ok,
4787,56e61a1f-9b79-445b-b26e-730a0fbca1ab,OEL-13,0983938a-a002-46ac-b17e-58bd32babbf0,set,ok,
4792,dc00fb23-b72a-4859-be7d-7921dc0883d8,OEL-124,aa8d7cb0-14e8-419d-99b5-ea1e2965fed1,set,ok,
4794,cfbdd4e0-305b-4c5b-83e1-b061e9ddbb6d,OEL-124,aa8d7cb0-14e8-419d-99b5-ea1e2965fed1,set,ok,
4799,543de2ee-8e40-499f-b0c1-745579e7f6dd,OEL-124,aa8d7cb0-14e8-419d-99b5-ea1e2965fed1,set,ok,
4803,8eb9ea79-38d7-4e9e-836e-fabc5ed9d8ad,OEL-124,aa8d7cb0-14e8-419d-99b5-ea1e2965fed1,set,ok,
4806,76ac2032-852c-4f8b-b3ea-f11c3c864792,OEL-124,aa8d7cb0-14e8-419d-99b5-ea1e2965fed1,set,ok,
4807,c22133b9-4dc7-4e24-b029-7e943876c2a2,OEL-13,0983938a-a002-46ac-b17e-58bd32babbf0,set,ok,
4809,c3904c68-df91-4119-bc13-c4a139a26bec,OEL-124,aa8d7cb0-14e8-419d-99b5-ea1e2965fed1,set,ok,
4811,00fef3c7-6f07-45d4-b610-ef5273d84832,OEL-124,aa8d7cb0-14e8-419d-99b5-ea1e2965fed1,set,ok,
4814,d75736a7-174b-4aa1-bdae-c232d18b1a76,OEL-13,0983938a-a002-46ac-b17e-58bd32babbf0,set,ok,
4821,3ea8054e-1da1-4bdc-94f3-5eedeb8715b8,OEL-13,0983938a-a002-46ac-b17e-58bd32babbf0,set,ok,
4836,2293e815-f06e-4746-aa1c-27a3dce53c0e,OEL-13,0983938a-a002-46ac-b17e-58bd32babbf0,set,ok,
4839,31996e52-8943-49eb-aa2e-c39603e309bf,OEL-13,0983938a-a002-46ac-b17e-58bd32babbf0,set,ok,
4841,53729ce1-8e5c-4719-ace3-f684083f1456,OEL-13,0983938a-a002-46ac-b17e-58bd32babbf0,set,ok,
4843,a50442fd-ff3f-4fb3-a659-6c9a5467a719,OEL-13,0983938a-a002-46ac-b17e-58bd32babbf0,set,ok,
4847,715cb9e6-3fa6-409a-8221-5df2c9806b48,OEL-13,0983938a-a002-46ac-b17e-58bd32babbf0,set,ok,
4876,eed9fb87-baeb-4720-8831-18ce057f8fa6,null,,null,ok,
4894,26b50061-1106-40c5-8680-d144a035d3af,OEL-13,0983938a-a002-46ac-b17e-58bd32babbf0,set,ok,
4896,aaefe82a-3dc0-479b-9f8d-b27e02b6ea59,OEL-13,0983938a-a002-46ac-b17e-58bd32babbf0,set,ok,
4899,ed0545e0-f698-45e1-be0b-620a009360f2,OEL-13,0983938a-a002-46ac-b17e-58bd32babbf0,set,ok,
4931,e46b29ca-586b-4dc1-a401-7f9c619d5509,null,,null,ok,
4937,f3319d73-45ff-447c-ac4f-78ee197bf8fb,OEL-124,aa8d7cb0-14e8-419d-99b5-ea1e2965fed1,set,ok,
4988,3bcba58c-c762-4c08-89de-8937fc5ac30d,OEL-11,13bde349-8505-483c-a110-52e438293852,set,ok,
5012,86d54604-ce34-4c14-b980-41cb341e5672,OEL-11,13bde349-8505-483c-a110-52e438293852,set,ok,
5020,df43fe6f-ee72-4ba7-92af-f50b3101c505,OEL-11,13bde349-8505-483c-a110-52e438293852,set,ok,
5033,3fec7ef2-49ef-4b1e-889d-e57eb7e96d74,OEL-11,13bde349-8505-483c-a110-52e438293852,set,ok,
5040,65c84abc-c2c7-4dfb-8379-0f883f83e1b2,OEL-11,13bde349-8505-483c-a110-52e438293852,set,ok,
5044,d3a44862-6f92-44fb-9942-fa111cae28d9,OEL-11,13bde349-8505-483c-a110-52e438293852,set,ok,
5057,9372c093-e49f-47bf-9352-7cec3780a7d2,OEL-11,13bde349-8505-483c-a110-52e438293852,set,ok,
5061,97f06192-00a8-4194-8e53-044dafc00247,OEL-11,13bde349-8505-483c-a110-52e438293852,set,ok,
5063,03a0653f-6efe-4185-9667-e4bf39525c32,OEL-11,13bde349-8505-483c-a110-52e438293852,set,ok,
5096,0ee9bcb6-969b-4017-8f1d-82e81ed5ca2c,OEL-12,0f33a545-3d3a-4734-8167-d81540aaa198,set,ok,
5108,45eda254-3b9a-4429-b555-c3cd7fe17c7a,OEL-12,0f33a545-3d3a-4734-8167-d81540aaa198,set,ok,
5118,8115b42b-eaa3-4959-8772-c691c83fd4e4,OEL-12,0f33a545-3d3a-4734-8167-d81540aaa198,set,ok,
5129,9c159b4c-3fbb-4f79-aca8-713eb707caae,OEL-12,0f33a545-3d3a-4734-8167-d81540aaa198,set,ok,
5147,396de8dd-347b-4667-9dbd-6a2f476f7499,OEL-12,0f33a545-3d3a-4734-8167-d81540aaa198,set,ok,
5149,ab20ea99-f243-43fe-91c2-ee3cf24991ed,OEL-12,0f33a545-3d3a-4734-8167-d81540aaa198,set,ok,
5164,118e1aa7-3410-456d-bdeb-f266b3f2612a,OEL-12,0f33a545-3d3a-4734-8167-d81540aaa198,set,ok,
5170,1e8f4c46-29d4-46f3-a7f0-7a9eb36aade9,OEL-12,0f33a545-3d3a-4734-8167-d81540aaa198,set,ok,
5173,e93d1442-4286-4bd8-ab7b-1a726500538b,OEL-12,0f33a545-3d3a-4734-8167-d81540aaa198,set,ok,
5175,d46d0238-2a86-4422-82a1-289dec1c4878,OEL-12,0f33a545-3d3a-4734-8167-d81540aaa198,set,ok,
5178,a5651303-f438-4bfc-8101-fc1380e8fd05,OEL-12,0f33a545-3d3a-4734-8167-d81540aaa198,set,ok,
5193,6eeb2737-43d2-43d1-8dbe-0da7214b8841,null,,null,ok,
5200,b2a8e25a-57a1-4655-a2ff-4d1fd5d50e58,OEL-14,b29fbab1-f768-4e92-af74-51797a7c957f,set,ok,
5213,dc7b43be-679a-44ef-bd60-cc17014f221a,OEL-14,b29fbab1-f768-4e92-af74-51797a7c957f,set,ok,
5216,7568bd57-94f8-4d9e-83bc-cb3ac02f5966,OEL-14,b29fbab1-f768-4e92-af74-51797a7c957f,set,ok,
5247,c6383822-ee21-4a48-97b7-78b6f33fec0e,OEL-101,7b6e50f2-d590-412b-9e69-8dbef88d1024,set,ok,
5266,e382cd90-6cc7-453e-96b2-71d30dfc062e,OEL-35,983a493e-f721-4726-bb95-b3590e5a26ac,set,ok,
5272,d11a7470-7af1-41c2-990b-b08deb02afc4,OEL-14,b29fbab1-f768-4e92-af74-51797a7c957f,set,ok,
5275,09e265e4-da5e-45ce-afe0-0ba125650507,OEL-14,b29fbab1-f768-4e92-af74-51797a7c957f,set,ok,
5287,b0eb072f-5508-4f67-90b2-43dc2900a26f,OEL-14,b29fbab1-f768-4e92-af74-51797a7c957f,set,ok,
5304,244c3333-7adf-42ff-8673-ba4b3a1de43e,OEL-14,b29fbab1-f768-4e92-af74-51797a7c957f,set,ok,
5313,aff06702-f5ca-45bc-ae5b-b8c140239a88,null,,null,ok,
5328,d86b704c-e052-4470-9433-9bd6d7e53b9d,OEL-14,b29fbab1-f768-4e92-af74-51797a7c957f,set,ok,
6518,5ca18ae4-9d28-4bf2-8bf2-55b5a2918d91,null,,null,ok,
5381,7bc024a2-186a-42b0-8268-57c154309eb4,OEL-8,9311f77a-6355-48c7-8332-f2edddf84b2c,set,ok,
5387,673c9f3f-8f11-49eb-a483-c2c867ebda1c,OEL-14,b29fbab1-f768-4e92-af74-51797a7c957f,set,ok,
5723,0674f90d-6555-43ea-ac9c-86e88d65f3b1,OEL-16,17374a62-f4a7-4930-ab51-0962ff57500a,set,ok,
5396,759fc91d-4c81-4a3b-9d81-eca82e6390ac,OEL-14,b29fbab1-f768-4e92-af74-51797a7c957f,set,ok,
5403,fe3afb0f-f741-43a0-8ed8-b5a1b6d88dab,OEL-14,b29fbab1-f768-4e92-af74-51797a7c957f,set,ok,
5407,8ecd10e3-01c2-44cd-a973-00282351c6a9,OEL-14,b29fbab1-f768-4e92-af74-51797a7c957f,set,ok,
5420,5c830d68-823d-459b-a685-28caca31b7ab,OEL-14,b29fbab1-f768-4e92-af74-51797a7c957f,set,ok,
5429,346d55b7-8d0f-4c39-b180-5cbabc5262f2,OEL-14,b29fbab1-f768-4e92-af74-51797a7c957f,set,ok,
5447,3930b9f7-b0e1-47a7-8352-075d8b2cd347,OEL-14,b29fbab1-f768-4e92-af74-51797a7c957f,set,ok,
5464,6bc6f6b8-b92b-48ac-b58a-09710093fc3e,OEL-14,b29fbab1-f768-4e92-af74-51797a7c957f,set,ok,
5578,68bdee70-8845-495d-a86b-eacfb4cb0aff,OEL-15,eca993d3-7b19-42c2-820a-ef51defdaf66,set,ok,
6700,59160ca9-e5d4-41e9-9057-deb9e7c1d975,OEL-23,6d969c0f-d3e2-42c5-a45f-fc439068a397,set,ok,
5610,913758d5-b93b-43bf-926d-5b2bc6bd3048,OEL-15,eca993d3-7b19-42c2-820a-ef51defdaf66,set,ok,
5617,d1ea6c52-0576-4175-bed2-b34b9c5c4b40,OEL-15,eca993d3-7b19-42c2-820a-ef51defdaf66,set,ok,
5650,2131ebc6-7c5e-46fa-a544-bee1a52b5be5,OEL-15,eca993d3-7b19-42c2-820a-ef51defdaf66,set,ok,
5671,81e7d2ac-ae0d-4984-bcf2-c46ccb318db7,OEL-15,eca993d3-7b19-42c2-820a-ef51defdaf66,set,ok,
5675,60bb8ca9-f32c-4902-922e-97604c4de0e6,null,,null,ok,
5690,758524ac-a2da-4c0e-8d21-adcc3e72655e,OEL-15,eca993d3-7b19-42c2-820a-ef51defdaf66,set,ok,
5698,9d454645-2afb-4142-8aaf-7ae55391e882,OEL-15,eca993d3-7b19-42c2-820a-ef51defdaf66,set,ok,
5717,aeda4c01-7b0c-473a-b58b-8f32298677e2,OEL-16,17374a62-f4a7-4930-ab51-0962ff57500a,set,ok,
5742,6c62f7b6-c9e6-4ce2-a79f-68ce58b46718,OEL-16,17374a62-f4a7-4930-ab51-0962ff57500a,set,ok,
5745,2a379c88-7b08-417f-b824-075f8f1e96d8,OEL-16,17374a62-f4a7-4930-ab51-0962ff57500a,set,ok,
5751,02fce70b-2ebc-458e-b68b-e44e7b1bbda3,OEL-16,17374a62-f4a7-4930-ab51-0962ff57500a,set,ok,
5756,e8249062-3d79-43bb-997e-54c9825f8c9c,OEL-16,17374a62-f4a7-4930-ab51-0962ff57500a,set,ok,
5760,d909657a-9578-4cb7-bdc0-0809b401d0b3,OEL-16,17374a62-f4a7-4930-ab51-0962ff57500a,set,ok,
5763,abf12144-5c97-409a-85a8-ad8d03be029a,OEL-16,17374a62-f4a7-4930-ab51-0962ff57500a,set,ok,
5768,97b2c8e2-f8d0-4353-a070-3ba13d03b8f9,OEL-16,17374a62-f4a7-4930-ab51-0962ff57500a,set,ok,
5773,08773ce7-76ac-4d04-8382-b7ad8c34459d,OEL-16,17374a62-f4a7-4930-ab51-0962ff57500a,set,ok,
5776,20c33b80-4e33-419c-8b47-e192660167c3,OEL-16,17374a62-f4a7-4930-ab51-0962ff57500a,set,ok,
5779,94b7e70b-7b4e-4bad-b3fd-633437358c8e,OEL-16,17374a62-f4a7-4930-ab51-0962ff57500a,set,ok,
5782,0b598562-5f7d-4bb6-a270-167e85fb102c,OEL-16,17374a62-f4a7-4930-ab51-0962ff57500a,set,ok,
5784,1b82b5b0-1766-4e52-bd19-d59ccfb65955,OEL-16,17374a62-f4a7-4930-ab51-0962ff57500a,set,ok,
5840,1a054e8a-7339-499f-b1be-27b187efa0f5,OEL-39,272f976e-e5b5-43ba-81f2-4e99f0898223,set,ok,
5846,1479cbc4-5b6b-4865-835d-ea9d2a524068,OEL-39,272f976e-e5b5-43ba-81f2-4e99f0898223,set,ok,
5857,2d4819ed-e4b8-4e34-8cd7-61a3927c1e09,OEL-23,6d969c0f-d3e2-42c5-a45f-fc439068a397,set,ok,
5861,f1ad16de-78ab-4b1c-aeb3-efa0cdd5d742,OEL-101,7b6e50f2-d590-412b-9e69-8dbef88d1024,set,ok,
5892,96e2631b-6bf1-4520-a0de-ddca64afe6fe,null,,null,ok,
5904,be8470a0-131b-48d1-a04c-ad2c91af3f8a,null,,null,ok,
5909,4a726f57-993b-48b3-bfe6-aa3b0d0d3823,null,,null,ok,
5916,eb6da754-873e-408a-84f2-f81b43d070f2,null,,null,ok,
5918,6fc7bfef-1347-4d69-8258-fb151a229929,null,,null,ok,
5921,f922f22b-88ed-4f50-a662-5b81364072a3,null,,null,ok,
5923,6c674946-e2aa-43f8-9032-d64bec83c3e8,null,,null,ok,
6866,d75c9796-7acd-45f2-9d9b-2ab85c7ddf16,null,,null,ok,
6035,def15807-4190-4f17-8b78-36e06750dd5d,OEL-18,68d5bea1-56b1-4e9f-8c1e-921a383a4f6a,set,ok,
6024,f2509766-ceb2-4f50-a799-226978d326f0,OEL-18,68d5bea1-56b1-4e9f-8c1e-921a383a4f6a,set,ok,
6044,c44bc36b-954a-4825-bfaf-732bd5938830,OEL-18,68d5bea1-56b1-4e9f-8c1e-921a383a4f6a,set,ok,
6045,d095d16b-c59c-433d-b562-bfd790ab53b4,OEL-101,7b6e50f2-d590-412b-9e69-8dbef88d1024,set,ok,
6049,680db08e-d6da-46fc-a750-eef6caf071f7,OEL-101,7b6e50f2-d590-412b-9e69-8dbef88d1024,set,ok,
6052,46e0882b-a33e-4dcc-b7da-c3182e730d2c,OEL-18,68d5bea1-56b1-4e9f-8c1e-921a383a4f6a,set,ok,
6053,1e70f7f9-0c38-4bbc-989b-a8f63405c2e0,OEL-18,68d5bea1-56b1-4e9f-8c1e-921a383a4f6a,set,ok,
6059,f52794bb-a6f3-4a06-a48f-f142672b86d5,OEL-18,68d5bea1-56b1-4e9f-8c1e-921a383a4f6a,set,ok,
6062,1cfac70a-ca37-4c4e-8580-ae7527a8ae1c,OEL-18,68d5bea1-56b1-4e9f-8c1e-921a383a4f6a,set,ok,
6072,11482711-1056-47ed-bb3f-67b0fb4ea43c,OEL-18,68d5bea1-56b1-4e9f-8c1e-921a383a4f6a,set,ok,
6074,500e4b8c-7127-4c04-8e69-fb63c29c49c3,OEL-18,68d5bea1-56b1-4e9f-8c1e-921a383a4f6a,set,ok,
6076,cac2289e-190d-4ed3-816f-224dd34d52ae,OEL-18,68d5bea1-56b1-4e9f-8c1e-921a383a4f6a,set,ok,
6081,799708c3-244f-4ea1-ba0c-306a4f90e766,OEL-18,68d5bea1-56b1-4e9f-8c1e-921a383a4f6a,set,ok,
6082,7ae2cd4b-ea97-4d85-b0fe-d909369493df,OEL-18,68d5bea1-56b1-4e9f-8c1e-921a383a4f6a,set,ok,
6083,2d55b0b3-8d09-40a8-bf78-b5aad4e7d5c4,OEL-39,272f976e-e5b5-43ba-81f2-4e99f0898223,set,ok,
6087,8635e0d6-36ea-47e9-9bc2-c51904556653,OEL-18,68d5bea1-56b1-4e9f-8c1e-921a383a4f6a,set,ok,
7046,a27a4ec8-44f1-4041-87fe-b8980d1ae499,OEL-26,07828b7b-e0de-4c5a-b6a4-a71c0bd21ea2,set,ok,
6109,b8a3d1cd-1143-4c01-b0b0-7a3155a8ebf0,OEL-39,272f976e-e5b5-43ba-81f2-4e99f0898223,set,ok,
6128,f3ff1daa-c3c6-481e-acb0-26b0a1ba49a1,OEL-19,5b599056-4154-436f-847f-2256ccfb3ed5,set,ok,
6144,979071db-58b1-41a2-830b-345794166e43,OEL-19,5b599056-4154-436f-847f-2256ccfb3ed5,set,ok,
6160,fb3c74ea-a2a6-43d2-b512-6cd22829c6c7,OEL-19,5b599056-4154-436f-847f-2256ccfb3ed5,set,ok,
6176,cde4000b-7486-47db-b378-47d104ae41d7,OEL-19,5b599056-4154-436f-847f-2256ccfb3ed5,set,ok,
6181,368d88bb-2267-4c7d-a51f-e1ca0e53cd71,OEL-19,5b599056-4154-436f-847f-2256ccfb3ed5,set,ok,
6188,01985697-2281-4344-885a-fcad8f84de16,OEL-19,5b599056-4154-436f-847f-2256ccfb3ed5,set,ok,
6198,b9227437-5703-4ba6-a8f9-a621728fed76,OEL-19,5b599056-4154-436f-847f-2256ccfb3ed5,set,ok,
6195,a1b9a6f6-92bf-44f1-8206-41b62d8cfcdb,OEL-19,5b599056-4154-436f-847f-2256ccfb3ed5,set,ok,
6201,a5e99be3-0cb5-4a2b-92c7-d8ae321d19d5,OEL-19,5b599056-4154-436f-847f-2256ccfb3ed5,set,ok,
6205,9e79e056-9e7c-472b-bfbe-7a445c3f69a8,OEL-19,5b599056-4154-436f-847f-2256ccfb3ed5,set,ok,
6207,edb5316a-e4d5-4542-b1db-aef969adb359,OEL-19,5b599056-4154-436f-847f-2256ccfb3ed5,set,ok,
6210,99291dc8-e5f7-4c43-9314-ddd83cc66cfb,OEL-19,5b599056-4154-436f-847f-2256ccfb3ed5,set,ok,
6370,1329baa8-41f5-48d0-b51d-d62e1bc83780,OEL-20,e72a47b7-dfb0-48fe-a9d4-9de4e0631f71,set,ok,
6373,35f24137-19d8-4f8a-818c-7ad21ae540e8,OEL-20,e72a47b7-dfb0-48fe-a9d4-9de4e0631f71,set,ok,
6381,e6ca5680-6888-4852-9905-68eae5306050,OEL-20,e72a47b7-dfb0-48fe-a9d4-9de4e0631f71,set,ok,
6384,09fec868-4e83-40ff-b5a4-729affa11dfe,OEL-20,e72a47b7-dfb0-48fe-a9d4-9de4e0631f71,set,ok,
6387,96c3550c-75ec-4f51-bfd5-1b62a76402c4,OEL-20,e72a47b7-dfb0-48fe-a9d4-9de4e0631f71,set,ok,
6398,49a6984a-26d1-46df-94e5-c5358501c8cd,OEL-20,e72a47b7-dfb0-48fe-a9d4-9de4e0631f71,set,ok,
6458,ba8990e3-e3b2-46b1-a61f-1963fe823716,null,,null,ok,
6436,489253e1-a47b-4edc-896e-441fb315cbf4,null,,null,ok,
6483,dcfdb4d5-f141-417f-b84f-01f168aab3d0,null,,null,ok,
7250,c4329a33-023d-409c-b38a-e5e713fa35d8,null,,null,ok,
6551,e5d63219-d637-4e57-bdef-0389792baa82,null,,null,ok,
6560,760d7de3-fae7-4b07-ab2d-e942d7202e27,OEL-21,0ac233f4-008a-4624-b3a4-09008d65b855,set,ok,
6572,813253c8-a265-4505-ad9b-50b0a66d39e2,OEL-21,0ac233f4-008a-4624-b3a4-09008d65b855,set,ok,
6575,2bee1c21-198f-4bb0-987c-6d7a8dd477aa,OEL-21,0ac233f4-008a-4624-b3a4-09008d65b855,set,ok,
6582,ab1ca9cb-908b-49d5-9e62-5f36b4c7aa05,OEL-21,0ac233f4-008a-4624-b3a4-09008d65b855,set,ok,
6586,ab6e01b0-5c18-4fd4-ab66-b98f04d612ad,OEL-21,0ac233f4-008a-4624-b3a4-09008d65b855,set,ok,
6589,a45e4b32-16f5-4cac-b89b-cdc4d213c248,OEL-21,0ac233f4-008a-4624-b3a4-09008d65b855,set,ok,
6592,77e5900e-b7c5-4f3a-9af2-71d76094c971,OEL-21,0ac233f4-008a-4624-b3a4-09008d65b855,set,ok,
6595,c3f100fb-2300-4d95-be5d-977bf736b195,OEL-21,0ac233f4-008a-4624-b3a4-09008d65b855,set,ok,
6599,62757b1a-870f-4362-99c5-4b59f4676bc1,OEL-21,0ac233f4-008a-4624-b3a4-09008d65b855,set,ok,
6602,d79dc308-c8bc-4b26-a9c3-a54393debd18,OEL-21,0ac233f4-008a-4624-b3a4-09008d65b855,set,ok,
6607,aa1c1457-0c71-44d3-89b2-2e5b8f6ead65,OEL-21,0ac233f4-008a-4624-b3a4-09008d65b855,set,ok,
6618,8a29273c-3fe5-49e8-90da-23ad6453af9d,null,,null,ok,
6634,ea052bbf-c3e9-403b-846d-0685ae7a03b3,OEL-22,d7bc36cb-4a4a-4d1a-95e4-a5d7bb3bc826,set,ok,
6855,d07709de-10f2-4a76-aaff-0d14758bd9ad,null,,null,ok,
6640,1542a949-fe70-4d61-b338-50ebc1c88952,OEL-22,d7bc36cb-4a4a-4d1a-95e4-a5d7bb3bc826,set,ok,
6642,a400bb59-fd5b-401e-8f2d-94b96ea0a676,OEL-22,d7bc36cb-4a4a-4d1a-95e4-a5d7bb3bc826,set,ok,
6644,3838c023-5c2e-4b2a-a863-9db95914f16f,OEL-22,d7bc36cb-4a4a-4d1a-95e4-a5d7bb3bc826,set,ok,
6646,b3a89c4f-b444-4cd0-9ea8-e0acc6c6a079,OEL-22,d7bc36cb-4a4a-4d1a-95e4-a5d7bb3bc826,set,ok,
6649,fb01fafb-cb06-4bae-9225-e8e7e0430fc6,OEL-22,d7bc36cb-4a4a-4d1a-95e4-a5d7bb3bc826,set,ok,
6652,50df621a-1347-464a-bf1e-bcd6d5dc0dc5,OEL-22,d7bc36cb-4a4a-4d1a-95e4-a5d7bb3bc826,set,ok,
6657,d625f9e2-1ab2-4934-bda8-832b13621cbf,OEL-22,d7bc36cb-4a4a-4d1a-95e4-a5d7bb3bc826,set,ok,
6670,34b4a5dc-178a-4d1a-bdb3-fdea0e2428b3,OEL-22,d7bc36cb-4a4a-4d1a-95e4-a5d7bb3bc826,set,ok,
6673,cdd207fc-b9f4-418b-a799-05cc26535cf4,OEL-22,d7bc36cb-4a4a-4d1a-95e4-a5d7bb3bc826,set,ok,
6678,066e2e2e-8703-4bf3-b8ab-97692a13cc3d,OEL-22,d7bc36cb-4a4a-4d1a-95e4-a5d7bb3bc826,set,ok,
6682,6fa943a9-2d67-4f26-8aeb-b6cabe9c26b8,OEL-22,d7bc36cb-4a4a-4d1a-95e4-a5d7bb3bc826,set,ok,
6686,acbb8dc1-da62-4653-b8d8-cda45b7d02dc,OEL-22,d7bc36cb-4a4a-4d1a-95e4-a5d7bb3bc826,set,ok,
6712,5230cd2b-b64a-480e-8fca-059b9ca39748,OEL-23,6d969c0f-d3e2-42c5-a45f-fc439068a397,set,ok,
6724,1486b446-cc05-4fd6-8b98-fb1b7769bdc6,OEL-23,6d969c0f-d3e2-42c5-a45f-fc439068a397,set,ok,
6726,ae935619-ee5f-43ca-82bc-f5e265b4b474,OEL-23,6d969c0f-d3e2-42c5-a45f-fc439068a397,set,ok,
6728,b3a58ee2-5dae-41b6-9f8d-72ba441548f1,OEL-23,6d969c0f-d3e2-42c5-a45f-fc439068a397,set,ok,
6730,9c10ef97-995e-4b30-b0a8-3a6e3a6094c1,OEL-23,6d969c0f-d3e2-42c5-a45f-fc439068a397,set,ok,
6732,24d0b6f9-93f7-49d7-b9e6-b35c51cfcebf,OEL-23,6d969c0f-d3e2-42c5-a45f-fc439068a397,set,ok,
6735,6e862138-a0aa-48a3-822d-2297dae2c31c,OEL-23,6d969c0f-d3e2-42c5-a45f-fc439068a397,set,ok,
6741,86e74c85-fae2-40bd-9b5d-4f3f2b35bae2,OEL-23,6d969c0f-d3e2-42c5-a45f-fc439068a397,set,ok,
6745,203d6a48-edf2-4f44-8af6-3d60327b16c2,OEL-23,6d969c0f-d3e2-42c5-a45f-fc439068a397,set,ok,
6761,7a0c4438-41d9-4f43-8529-a01546a0d424,OEL-24,ca916d8a-8513-41a2-95d1-b59a79851328,set,ok,
6956,2d01aa04-7c6f-4413-98bf-8f0093210608,null,,null,ok,
6767,d6ae6ecb-93d6-4078-9a44-673f6895afbf,OEL-24,ca916d8a-8513-41a2-95d1-b59a79851328,set,ok,
6774,246e9dc7-8ab0-4a1e-b971-783c9ad3a301,OEL-24,ca916d8a-8513-41a2-95d1-b59a79851328,set,ok,
6778,5a2a60d9-2ef7-43f3-bc36-9bfd0d4a8923,OEL-24,ca916d8a-8513-41a2-95d1-b59a79851328,set,ok,
6781,e20d6ad1-8f05-48ce-993d-dfd3dd1045ef,OEL-24,ca916d8a-8513-41a2-95d1-b59a79851328,set,ok,
6796,da93ad4f-75f4-4823-95e1-02519714ba62,null,,null,ok,
6800,377cb831-8331-4f51-b7c0-98a5505d5568,OEL-24,ca916d8a-8513-41a2-95d1-b59a79851328,set,ok,
6805,37934758-78d0-4124-8764-858e81bc75e8,OEL-24,ca916d8a-8513-41a2-95d1-b59a79851328,set,ok,
6809,5c5a737d-c1ea-4d8f-8814-0cff4fef136c,OEL-24,ca916d8a-8513-41a2-95d1-b59a79851328,set,ok,
6967,02f5e0bc-b6de-4889-86a8-5fadfda3c936,null,,null,ok,
6849,22980a7e-ad70-430d-805d-4422c4d01148,null,,null,ok,
6894,91501a55-3261-4afd-846e-31b6ac82bfbe,OEL-25,545f22dc-4680-494f-9bc4-ba82ed2f6391,set,ok,
6901,b2738281-e976-45d3-ba34-fcf9a3e6a412,OEL-25,545f22dc-4680-494f-9bc4-ba82ed2f6391,set,ok,
6903,e511bb02-fd9e-489e-a25b-796f3247a409,OEL-25,545f22dc-4680-494f-9bc4-ba82ed2f6391,set,ok,
6905,3b1560e9-f53b-4c28-b3ad-8a6d964a579e,OEL-25,545f22dc-4680-494f-9bc4-ba82ed2f6391,set,ok,
6907,99c841b1-db59-4065-afa3-4f2f99e05c4f,OEL-25,545f22dc-4680-494f-9bc4-ba82ed2f6391,set,ok,
6916,dfb21f68-e4ea-420d-be80-993c1f0e8aee,OEL-25,545f22dc-4680-494f-9bc4-ba82ed2f6391,set,ok,
6929,e12baeeb-e453-4358-b07e-4b466f13c3eb,OEL-25,545f22dc-4680-494f-9bc4-ba82ed2f6391,set,ok,
6933,157494e7-0367-4fd8-ae0b-4403db0d0758,OEL-25,545f22dc-4680-494f-9bc4-ba82ed2f6391,set,ok,
6935,0ab0e8ef-64f9-4b99-8a6b-beafa2ede9a9,OEL-25,545f22dc-4680-494f-9bc4-ba82ed2f6391,set,ok,
6937,f1d1402a-d895-4f22-a5d6-345af58be8b6,OEL-25,545f22dc-4680-494f-9bc4-ba82ed2f6391,set,ok,
6939,4b3edb53-9032-4884-adac-7f78bbf375c3,OEL-25,545f22dc-4680-494f-9bc4-ba82ed2f6391,set,ok,
6941,45c49b41-541e-47dd-bcc2-c2fe04a1b4c2,OEL-25,545f22dc-4680-494f-9bc4-ba82ed2f6391,set,ok,
6943,0ccfd850-8f78-40ed-9278-7ce04934ab6c,OEL-25,545f22dc-4680-494f-9bc4-ba82ed2f6391,set,ok,
7116,3b982e8e-15ac-4951-b092-3f78dc3b1138,OEL-27,c1f91a3f-d786-47a3-97ef-22309a769ce0,set,ok,
7118,babda0d4-4faf-420d-91f8-331cc5804cb3,OEL-27,c1f91a3f-d786-47a3-97ef-22309a769ce0,set,ok,
7120,0de652c9-5add-44c5-937d-e7be9ad875b7,OEL-27,c1f91a3f-d786-47a3-97ef-22309a769ce0,set,ok,
7123,84171e4c-4526-41a7-b3cb-f9b69690ccff,OEL-27,c1f91a3f-d786-47a3-97ef-22309a769ce0,set,ok,
7124,14c131df-8f16-4471-9fd3-afe90f4224fa,null,,null,ok,
7146,58c53b8b-065e-42c2-8711-f630bc22e71d,OEL-27,c1f91a3f-d786-47a3-97ef-22309a769ce0,set,ok,
7149,c2f8cbc2-dffa-4964-b69e-b5b8e941580f,OEL-29,208fab14-ec50-4b88-b80a-55b8d4c64348,set,ok,
7153,c59bc5c9-e000-421f-a75e-47d43fa7ee63,OEL-27,c1f91a3f-d786-47a3-97ef-22309a769ce0,set,ok,
7157,059f9fbf-7d78-4a48-a6b9-f34453b6baa7,OEL-27,c1f91a3f-d786-47a3-97ef-22309a769ce0,set,ok,
7160,f9263d96-c8c4-4b53-a8bc-f2a30ac076b7,OEL-27,c1f91a3f-d786-47a3-97ef-22309a769ce0,set,ok,
7163,b08b0922-7d3b-476d-8f2d-7ad302201878,OEL-27,c1f91a3f-d786-47a3-97ef-22309a769ce0,set,ok,
7166,1c206c15-7fd8-4aa9-871e-2242fefd4bfd,OEL-27,c1f91a3f-d786-47a3-97ef-22309a769ce0,set,ok,
7183,3f619bbc-5a8e-4db3-8914-b8847b9f38ab,null,,null,ok,
7189,6bc3d070-9f30-483a-8ba5-8bdd3be6db2f,OEL-28,7ef64089-7926-4198-be3d-b3d887f8c613,set,ok,
7294,323191d2-51cb-4374-a150-17a7cb434388,null,,null,ok,
7199,2c54f5b0-4735-4201-8ef3-8d60a8d31bdc,OEL-28,7ef64089-7926-4198-be3d-b3d887f8c613,set,ok,
7202,20b18b5b-9b46-4530-9390-7c71c7c8ee99,OEL-28,7ef64089-7926-4198-be3d-b3d887f8c613,set,ok,
7211,e584dec4-e348-4b07-852c-2983a4e14f59,OEL-28,7ef64089-7926-4198-be3d-b3d887f8c613,set,ok,
7216,30c93b4a-2c5b-4094-83cc-5e38e5d3c080,OEL-28,7ef64089-7926-4198-be3d-b3d887f8c613,set,ok,
7219,bd9b6263-d1ca-445c-a763-f7e637623d5b,OEL-28,7ef64089-7926-4198-be3d-b3d887f8c613,set,ok,
7223,c76e9166-5608-4668-acc9-75fa0f7563d0,OEL-28,7ef64089-7926-4198-be3d-b3d887f8c613,set,ok,
7227,00f4b82f-7f43-4f70-b89c-3c02257161e6,OEL-28,7ef64089-7926-4198-be3d-b3d887f8c613,set,ok,
7230,830ac9a1-a030-4ad1-b7f9-8688ea276651,OEL-28,7ef64089-7926-4198-be3d-b3d887f8c613,set,ok,
7239,55c1d6ba-46b4-4af2-bef0-32528ca0b594,OEL-28,7ef64089-7926-4198-be3d-b3d887f8c613,set,ok,
7254,86c02a4e-2073-4cf6-92a7-54128d9bcb83,null,,null,ok,
7403,4efade45-5c32-4599-b981-71228f04b2d0,null,,null,ok,
7270,23f87dee-db0b-4360-b12b-3ff1f216cd1d,null,,null,ok,
7288,d1cc4f67-2359-4607-9ef3-8186fe717532,null,,null,ok,
7303,9d83f981-4f91-477c-b352-504a003d2c39,null,,null,ok,
7314,33a772b5-af0e-4c6e-b44b-e1d212aa3419,OEL-29,208fab14-ec50-4b88-b80a-55b8d4c64348,set,ok,
7319,9feaa42e-de28-4985-882f-af8bc7b811f8,null,,null,ok,
7322,c3da8590-14d6-4022-8405-f56325399b74,OEL-29,208fab14-ec50-4b88-b80a-55b8d4c64348,set,ok,
7327,09432447-e7d4-4923-a7ec-2f882ae6bfd5,OEL-29,208fab14-ec50-4b88-b80a-55b8d4c64348,set,ok,
7328,0f1a4aa9-e0c2-440a-a6f2-6879422e3290,null,,null,ok,
7332,81bdd80d-ee13-475f-a143-800aeb5e2c6b,OEL-29,208fab14-ec50-4b88-b80a-55b8d4c64348,set,ok,
7335,2051e000-9774-4355-8bf9-43422c5ddd44,OEL-29,208fab14-ec50-4b88-b80a-55b8d4c64348,set,ok,
7347,6b19b2d6-a9b9-4a9c-ab14-340be7232d8c,OEL-29,208fab14-ec50-4b88-b80a-55b8d4c64348,set,ok,
7367,96f992aa-5000-4302-a932-a89fb403fedc,OEL-29,208fab14-ec50-4b88-b80a-55b8d4c64348,set,ok,
7378,0fab7d0e-8c31-4ca0-951b-b92fe7ec02f8,OEL-29,208fab14-ec50-4b88-b80a-55b8d4c64348,set,ok,
7384,f378f99c-f081-4966-8706-aac6cfc904b0,OEL-29,208fab14-ec50-4b88-b80a-55b8d4c64348,set,ok,
7412,a728af0b-9cb1-4871-aa8e-08deca647757,null,,null,ok,
7424,15688e83-2ae8-4850-b78f-e36248845f17,null,,null,ok,
7440,646970b6-2db6-4899-b39f-ad15afb035e5,null,,null,ok,
7470,084926d3-fd45-407e-9a04-6e938b25aaef,null,,null,ok,
7663,e0df4895-4abd-4244-80e6-18630133a369,null,,null,ok,
7557,5225f661-a631-4fb7-8096-16e62ef55ae7,null,,null,ok,
7560,e80a07c9-98e8-4c7f-af7c-fc722003f005,null,,null,ok,
7568,39f31310-156d-4e31-8cea-4f83b56d1bae,OEL-139,aebd9278-6284-44e2-99db-dd78983b2916,set,ok,
7570,827103a6-e203-4c80-b134-e1f4f9b11941,OEL-141,bc5e3662-c906-4b0e-9e09-d93083224211,set,ok,
7572,253db069-5e6c-42b0-94ae-ae224b3cfae9,null,,null,ok,
7682,9c3b5638-a6df-42a7-9652-713bf16cb262,OEL-31,10565c41-d083-4131-9a1d-073590d416d4,set,ok,
7687,c0985357-8630-4f50-86ae-63059c15b47f,OEL-31,10565c41-d083-4131-9a1d-073590d416d4,set,ok,
7690,7996dc99-61b5-491a-ac74-ebcfe7f34996,OEL-31,10565c41-d083-4131-9a1d-073590d416d4,set,ok,
7695,580cf8be-0ef8-4624-ac4d-38452722a552,OEL-31,10565c41-d083-4131-9a1d-073590d416d4,set,ok,
7707,cf1f27dd-d711-419b-a444-dfcb400ceab6,OEL-31,10565c41-d083-4131-9a1d-073590d416d4,set,ok,
7716,bdf939c4-4194-482f-b40b-592d49320cc4,OEL-31,10565c41-d083-4131-9a1d-073590d416d4,set,ok,
7723,ca6504ca-ba77-4f74-ba33-4da5c03abf12,OEL-31,10565c41-d083-4131-9a1d-073590d416d4,set,ok,
7729,29c556f3-7447-468e-abc8-584f33edc276,OEL-31,10565c41-d083-4131-9a1d-073590d416d4,set,ok,
7734,8a2f71aa-cf91-422d-8b25-03b9a71a68df,OEL-31,10565c41-d083-4131-9a1d-073590d416d4,set,ok,
7740,83d6cb11-8567-4761-8e72-3b04d0e0c2e8,OEL-141,bc5e3662-c906-4b0e-9e09-d93083224211,set,ok,
7754,3c5de293-e686-468e-806a-1db7673e3b20,OEL-31,10565c41-d083-4131-9a1d-073590d416d4,set,ok,
7758,061f453d-4819-4a40-af83-1aa749e01d1b,OEL-31,10565c41-d083-4131-9a1d-073590d416d4,set,ok,
7762,264d666a-9cc6-481f-8acc-9f36a2fa7e46,OEL-31,10565c41-d083-4131-9a1d-073590d416d4,set,ok,
8089,1c329bb8-7cdc-4860-b4e4-a84d2d08b68a,null,,null,ok,
7770,8f24754a-c0f4-485c-9354-eeb42d6c614c,OEL-31,10565c41-d083-4131-9a1d-073590d416d4,set,ok,
7779,b2fb7410-9cdb-46aa-9052-6e375486f829,OEL-31,10565c41-d083-4131-9a1d-073590d416d4,set,ok,
7783,26517be6-1213-4986-aa2a-fdecb268c438,OEL-31,10565c41-d083-4131-9a1d-073590d416d4,set,ok,
7789,1eef1684-6f9b-46ed-8d66-587843744aae,OEL-31,10565c41-d083-4131-9a1d-073590d416d4,set,ok,
7798,c90f5ca5-3656-46e9-830f-170807c61c44,OEL-31,10565c41-d083-4131-9a1d-073590d416d4,set,ok,
7810,b5d49e4a-e7b8-4a3a-a031-a874939eb3ce,OEL-31,10565c41-d083-4131-9a1d-073590d416d4,set,ok,
7816,bacf2922-c597-4f7c-bdbd-b5b3573c2928,OEL-31,10565c41-d083-4131-9a1d-073590d416d4,set,ok,
7828,2cb11ad6-fcfe-4d15-a58c-5779d63c80da,OEL-31,10565c41-d083-4131-9a1d-073590d416d4,set,ok,
7842,669fc3eb-b8eb-478f-8366-d4edf4a18620,OEL-31,10565c41-d083-4131-9a1d-073590d416d4,set,ok,
7852,83268a64-1006-44bd-a777-7f0b6ddd090c,null,,null,ok,
7862,01c65522-e584-4199-b98b-c17188bfc8b0,OEL-31,10565c41-d083-4131-9a1d-073590d416d4,set,ok,
7874,3155f8f1-9a24-4372-97cb-b6c2372a6c5b,OEL-31,10565c41-d083-4131-9a1d-073590d416d4,set,ok,
7903,d7264cde-0c7a-4ade-955f-2c4cf105e43d,OEL-32,c1a451fe-5109-4e62-8cb6-552606034ad2,set,ok,
8422,b8c7e1c0-69e6-4ed0-a218-90feb8c762bf,null,,null,ok,
7917,e5ce0865-1ffe-4c03-8ab7-c6bf47b53a93,OEL-32,c1a451fe-5109-4e62-8cb6-552606034ad2,set,ok,
7919,ecef1859-48a8-450c-b630-fae3a09a4174,OEL-32,c1a451fe-5109-4e62-8cb6-552606034ad2,set,ok,
7922,e6dfd037-bcff-4864-ad41-910738e0bd96,OEL-32,c1a451fe-5109-4e62-8cb6-552606034ad2,set,ok,
7926,2680b4d3-6063-4bcd-b196-78f3b6b1c1e5,OEL-32,c1a451fe-5109-4e62-8cb6-552606034ad2,set,ok,
7932,63f54fdf-8abc-4600-813d-22d6d90ac22d,OEL-32,c1a451fe-5109-4e62-8cb6-552606034ad2,set,ok,
7936,5479a9ec-79f1-4d0a-8139-d97afb0168ed,OEL-32,c1a451fe-5109-4e62-8cb6-552606034ad2,set,ok,
7941,5e2020aa-08bd-46e8-bb9f-2979b2334fee,OEL-32,c1a451fe-5109-4e62-8cb6-552606034ad2,set,ok,
7944,8c76e31c-82e8-437d-bf95-1b9bbd1366ea,OEL-32,c1a451fe-5109-4e62-8cb6-552606034ad2,set,ok,
7951,0e053f97-6f21-4bc0-80cd-e732e48a7f3b,OEL-32,c1a451fe-5109-4e62-8cb6-552606034ad2,set,ok,
7958,c95089f3-0e02-43f1-9b86-842094b6abe4,OEL-32,c1a451fe-5109-4e62-8cb6-552606034ad2,set,ok,
7966,64b894ee-60d3-4fa5-9f0f-b7e25dd06de2,OEL-32,c1a451fe-5109-4e62-8cb6-552606034ad2,set,ok,
7968,7f81ab6a-eec3-4d40-ac79-ac18d83c3d7e,OEL-32,c1a451fe-5109-4e62-8cb6-552606034ad2,set,ok,
8017,700c6f67-1a53-4f50-9509-cc8390ceb32c,OEL-33,08a55aed-d4bd-4b24-96ea-ca870b32b90c,set,ok,
8043,7502744d-5d93-4257-bc37-0806487f91eb,null,,null,ok,
8057,d3a5decb-22b2-401e-94a9-8a144d4ad5b9,OEL-141,bc5e3662-c906-4b0e-9e09-d93083224211,set,ok,
8094,271a4ef5-90f5-47c0-8028-1b197752062a,null,,null,ok,
8104,3e3d6be3-fe28-4ec5-809f-fca32a301152,OEL-33,08a55aed-d4bd-4b24-96ea-ca870b32b90c,set,ok,
8108,c5e74e4d-8eda-4864-a957-65546f9f2648,OEL-33,08a55aed-d4bd-4b24-96ea-ca870b32b90c,set,ok,
8118,4ed1ba19-e03e-4bd3-8d48-2b9f146bada3,OEL-33,08a55aed-d4bd-4b24-96ea-ca870b32b90c,set,ok,
8129,682fdbdb-1b9e-4bb0-9dae-fd5424200a0c,OEL-33,08a55aed-d4bd-4b24-96ea-ca870b32b90c,set,ok,
8134,57c74680-2170-4385-a7f4-7a448bd380c7,OEL-33,08a55aed-d4bd-4b24-96ea-ca870b32b90c,set,ok,
8140,a1e4551b-a166-41c9-b97c-94dbd74e8892,OEL-33,08a55aed-d4bd-4b24-96ea-ca870b32b90c,set,ok,
8145,261c64ea-e0da-4c4c-9c3d-cf8ac2a6e22c,OEL-33,08a55aed-d4bd-4b24-96ea-ca870b32b90c,set,ok,
8147,3d389f2e-438f-4980-a44f-9d5c68aff96d,OEL-33,08a55aed-d4bd-4b24-96ea-ca870b32b90c,set,ok,
8168,85918b03-894c-458a-a560-503711aa4f73,OEL-34,4c22c071-e0ce-4c22-875a-5ff874d27262,set,ok,
8174,7e3f71c7-b816-4bbd-8b3b-fc624e6fb318,OEL-34,4c22c071-e0ce-4c22-875a-5ff874d27262,set,ok,
8179,2bbe57c9-405b-4bb8-804c-1d12473e68da,OEL-34,4c22c071-e0ce-4c22-875a-5ff874d27262,set,ok,
8184,a5fde02b-f9f8-4387-9e03-bcce884cfdba,OEL-34,4c22c071-e0ce-4c22-875a-5ff874d27262,set,ok,
8192,655fcb1d-fab4-47f0-ba66-aa95dcb57640,OEL-34,4c22c071-e0ce-4c22-875a-5ff874d27262,set,ok,
8199,3477bd45-ccc1-4f0a-9ebe-0bd0a8cf3333,OEL-34,4c22c071-e0ce-4c22-875a-5ff874d27262,set,ok,
8203,35d4b510-7ec2-498e-b497-cf4e92de8311,OEL-34,4c22c071-e0ce-4c22-875a-5ff874d27262,set,ok,
8207,94ef5b2d-7b6a-4f31-b2e3-b3807c7e6bde,OEL-34,4c22c071-e0ce-4c22-875a-5ff874d27262,set,ok,
8213,ec30323f-d1d4-4b73-aea5-6b610ac5ec7e,OEL-34,4c22c071-e0ce-4c22-875a-5ff874d27262,set,ok,
8217,5635b10e-69df-4309-a58b-ded795f8e3ec,OEL-34,4c22c071-e0ce-4c22-875a-5ff874d27262,set,ok,
8223,d10c2209-a906-434e-86a0-98bb6c224d1c,OEL-34,4c22c071-e0ce-4c22-875a-5ff874d27262,set,ok,
8229,934ce229-b12e-49a7-9234-a4eb7b4eba89,OEL-34,4c22c071-e0ce-4c22-875a-5ff874d27262,set,ok,
8272,68d8ee28-e50c-42e0-b20c-d6b6c4fcd48e,OEL-141,bc5e3662-c906-4b0e-9e09-d93083224211,set,ok,
8277,aeb6ba25-1b03-4390-96f1-ebc7a04594c8,OEL-141,bc5e3662-c906-4b0e-9e09-d93083224211,set,ok,
8278,00b855b4-1b94-4815-b2ca-e23479dad816,OEL-17,482a40a6-51fa-47b5-bfe0-343ad19ad749,set,ok,
8303,cd9ff970-633c-4073-b5d1-95e9b36bb9e9,OEL-140,fd01c749-c1c3-4733-979c-3cb480e5b837,set,ok,
8307,e29cbf26-249a-4cad-942a-b5bce970a438,OEL-17,482a40a6-51fa-47b5-bfe0-343ad19ad749,set,ok,
8312,903c08fc-4e35-45fe-84db-6fc01b375285,OEL-17,482a40a6-51fa-47b5-bfe0-343ad19ad749,set,ok,
8322,d31eec01-0e90-46b1-aa35-ca4873756610,OEL-17,482a40a6-51fa-47b5-bfe0-343ad19ad749,set,ok,
8325,18ec63b5-e8ef-4b73-a84a-17c6dbeefdb2,OEL-17,482a40a6-51fa-47b5-bfe0-343ad19ad749,set,ok,
8328,8e739a04-3283-49e9-9e74-80838780deba,OEL-17,482a40a6-51fa-47b5-bfe0-343ad19ad749,set,ok,
8331,0f10224a-0082-4e33-9a5c-7a3bb607a57d,OEL-17,482a40a6-51fa-47b5-bfe0-343ad19ad749,set,ok,
8358,07469439-9f51-4903-bff3-fb73cde6188d,OEL-35,983a493e-f721-4726-bb95-b3590e5a26ac,set,ok,
8362,0a4300d4-8fb5-42f8-b69f-401605141ca5,OEL-35,983a493e-f721-4726-bb95-b3590e5a26ac,set,ok,
8366,f1255e87-1779-4906-870e-d9fd1cd5afa1,OEL-35,983a493e-f721-4726-bb95-b3590e5a26ac,set,ok,
8369,d9624d30-74c0-4552-a006-f460c08c89bc,OEL-35,983a493e-f721-4726-bb95-b3590e5a26ac,set,ok,
8371,84fac6ef-d2ac-4df4-8c2b-af3b450c7682,OEL-35,983a493e-f721-4726-bb95-b3590e5a26ac,set,ok,
8376,d8f3b153-0a0f-4e3b-a5ba-cfe709eeac70,OEL-35,983a493e-f721-4726-bb95-b3590e5a26ac,set,ok,
8382,dda613c8-e4da-4414-bc92-e5e74fc6766e,OEL-35,983a493e-f721-4726-bb95-b3590e5a26ac,set,ok,
8386,56f5cdd9-d0c9-4a8d-b24f-4d4dc0e3f1ac,OEL-35,983a493e-f721-4726-bb95-b3590e5a26ac,set,ok,
8398,95f095dc-0f23-405b-ac8a-2da4c4f1198c,null,,null,ok,
8409,eac86afa-6434-4da3-ac6c-77762ab525af,OEL-36,6307d763-dc94-4d4b-b878-4701cc4470aa,set,ok,
9150,d2edf4f7-6a0d-4dd2-bfce-bbaa19c766b2,null,,null,ok,
9144,a31a609c-90b8-4639-9937-cd730daac40b,null,,null,ok,
8417,8a701fe7-79dd-4689-a68e-1cc2b6a588a5,null,,null,ok,
8426,67795839-857e-4b41-852a-50a5e86bc563,OEL-36,6307d763-dc94-4d4b-b878-4701cc4470aa,set,ok,
8428,41029f59-38b8-45e2-88a9-5bf8621675b2,OEL-36,6307d763-dc94-4d4b-b878-4701cc4470aa,set,ok,
8430,806714d5-6f10-4d28-a763-dc286c28a096,OEL-36,6307d763-dc94-4d4b-b878-4701cc4470aa,set,ok,
8432,adb7073e-fe24-4c58-a3b1-3cc6bd9b644d,OEL-36,6307d763-dc94-4d4b-b878-4701cc4470aa,set,ok,
8440,4069ac14-f5b7-4913-b70e-7e20c4874315,OEL-36,6307d763-dc94-4d4b-b878-4701cc4470aa,set,ok,
8458,7dd44695-dbcf-41bf-a41c-5665b38a912e,OEL-36,6307d763-dc94-4d4b-b878-4701cc4470aa,set,ok,
8465,c1a18bf8-3fef-42ec-a740-085ede1e694c,OEL-36,6307d763-dc94-4d4b-b878-4701cc4470aa,set,ok,
8479,0f87efa1-df17-4d05-a210-c991102b1794,OEL-36,6307d763-dc94-4d4b-b878-4701cc4470aa,set,ok,
8514,aec41cb3-1401-4875-a782-a2914e440400,OEL-128,4bcbaa62-acfe-43aa-90b2-76f26ede0ed7,set,ok,
8517,b322e639-4ffd-46ef-9d58-742c2f7f1896,null,,null,ok,
8578,ab1f1667-15a3-4f75-ab1b-b9ed99cd8e26,OEL-37,78c0b7af-baff-4afe-8e2e-d748b4d1f623,set,ok,
8584,be69a10d-b62b-4626-970d-a9e7e2cab1a9,OEL-37,78c0b7af-baff-4afe-8e2e-d748b4d1f623,set,ok,
8586,f8d315dc-cd82-4fd0-a8d2-d5c89b12804d,OEL-37,78c0b7af-baff-4afe-8e2e-d748b4d1f623,set,ok,
8593,7902c0b6-337d-4ee1-a645-0f8c109fba77,OEL-37,78c0b7af-baff-4afe-8e2e-d748b4d1f623,set,ok,
8595,c2c306dd-5595-4984-9972-28bed6e5e34f,OEL-37,78c0b7af-baff-4afe-8e2e-d748b4d1f623,set,ok,
8599,e4302b52-fa0f-4383-97c1-2b0690dc3ced,OEL-37,78c0b7af-baff-4afe-8e2e-d748b4d1f623,set,ok,
8601,15635408-a691-4b68-aaf7-77b071a4e8c8,OEL-37,78c0b7af-baff-4afe-8e2e-d748b4d1f623,set,ok,
8605,554f207f-f650-4238-9425-9866ac516095,OEL-37,78c0b7af-baff-4afe-8e2e-d748b4d1f623,set,ok,
8612,28dc5054-faae-45ef-a370-e2c3b26b7fab,OEL-37,78c0b7af-baff-4afe-8e2e-d748b4d1f623,set,ok,
9074,effad89a-7b17-42f0-bd3b-61d0f4b704b7,OEL-42,32ba827f-04dd-4cfe-a11d-b80aa62ecf92,set,ok,
8615,649adb8f-dac1-4938-92d0-6879f2776c91,OEL-37,78c0b7af-baff-4afe-8e2e-d748b4d1f623,set,ok,
8656,77355c68-68bd-4cbe-b577-a966fe30d10d,null,,null,ok,
8665,3f21f890-3427-41a9-970a-70b35276044f,OEL-38,a7dd8c6b-74e0-4849-9c7b-d02da536213f,set,ok,
8697,9a112234-783d-4b9f-855e-1700518d24d2,OEL-38,a7dd8c6b-74e0-4849-9c7b-d02da536213f,set,ok,
8699,156eb469-6d65-4679-8e0e-a08dfb0c14ac,OEL-38,a7dd8c6b-74e0-4849-9c7b-d02da536213f,set,ok,
9242,fe9d48ba-a550-4a23-8028-0c9aabc46d06,OEL-43,5ed793ec-a0ca-4dbd-8677-8df8dcd00fad,set,ok,
8712,4af29649-19b7-42ef-87fe-1ab61c8388f9,OEL-38,a7dd8c6b-74e0-4849-9c7b-d02da536213f,set,ok,
8714,6b0acd0d-37ac-411b-a486-f2675af8cf2e,OEL-38,a7dd8c6b-74e0-4849-9c7b-d02da536213f,set,ok,
8716,3cfd8961-a2d6-4f1d-9e8c-ae0b18970ca8,null,,null,ok,
8719,8c93f90f-13cc-4b64-a216-b1d5ed15019b,OEL-38,a7dd8c6b-74e0-4849-9c7b-d02da536213f,set,ok,
8724,195eacec-a4e0-4ce6-8f39-84e6a8780472,OEL-38,a7dd8c6b-74e0-4849-9c7b-d02da536213f,set,ok,
8727,b049aedc-7c41-4a2a-a7b1-1a1553e2e7bf,OEL-38,a7dd8c6b-74e0-4849-9c7b-d02da536213f,set,ok,
8729,b6013643-d2a5-42f9-b2d6-8297bafb1838,OEL-38,a7dd8c6b-74e0-4849-9c7b-d02da536213f,set,ok,
8731,66a72dde-f6a0-40d7-ad49-3f64cda44a51,OEL-132,73e73def-6baa-44c1-a92b-b9c974560d46,set,ok,
8738,ae938319-f65e-4585-892b-f02955c232e7,OEL-38,a7dd8c6b-74e0-4849-9c7b-d02da536213f,set,ok,
8752,21cb9d4d-5234-4001-aea9-2cf650644cb7,OEL-39,272f976e-e5b5-43ba-81f2-4e99f0898223,set,ok,
8776,784defec-962f-42b7-815e-a341cdf6744d,OEL-39,272f976e-e5b5-43ba-81f2-4e99f0898223,set,ok,
8784,0897e549-3246-4c60-825e-845270615df5,OEL-39,272f976e-e5b5-43ba-81f2-4e99f0898223,set,ok,
8796,959e7216-27f8-4688-a67f-664335e06921,OEL-39,272f976e-e5b5-43ba-81f2-4e99f0898223,set,ok,
8798,5153f955-7882-4923-923c-48df765cbec4,OEL-39,272f976e-e5b5-43ba-81f2-4e99f0898223,set,ok,
8803,bd0777c4-a29f-4059-afda-752c7a8f5bed,OEL-39,272f976e-e5b5-43ba-81f2-4e99f0898223,set,ok,
8809,dc737b40-2de8-4303-a7e5-3cbc9fb18b3f,OEL-39,272f976e-e5b5-43ba-81f2-4e99f0898223,set,ok,
8811,c0a1575c-dafd-49e0-917d-3d65caaf51e2,OEL-39,272f976e-e5b5-43ba-81f2-4e99f0898223,set,ok,
8816,506922c1-cda3-423f-9e13-1b797e7bc8ab,OEL-39,272f976e-e5b5-43ba-81f2-4e99f0898223,set,ok,
8818,f0474b5a-b0b6-494b-858e-5f191d50f603,OEL-39,272f976e-e5b5-43ba-81f2-4e99f0898223,set,ok,
8822,82360036-a043-4b8f-bb86-62a5f453a629,OEL-39,272f976e-e5b5-43ba-81f2-4e99f0898223,set,ok,
8829,5b546ea8-888e-4c63-85c6-c98d406151c4,OEL-39,272f976e-e5b5-43ba-81f2-4e99f0898223,set,ok,
8849,226be793-3b5e-4c8c-adea-99a7248162a2,OEL-40,9dd447ae-c5a1-4a15-ae68-ab016e730b81,set,ok,
8868,faa86e44-72c5-48e0-a435-a737c7740dd0,null,,null,ok,
8877,0d3f746b-a82f-4d7f-aaa4-6c940de3bba2,OEL-40,9dd447ae-c5a1-4a15-ae68-ab016e730b81,set,ok,
8884,c6df1807-c36f-46c7-b6bd-b5dc94244ef2,OEL-40,9dd447ae-c5a1-4a15-ae68-ab016e730b81,set,ok,
8887,c0930ddb-29b3-43be-84af-f1819db07571,OEL-40,9dd447ae-c5a1-4a15-ae68-ab016e730b81,set,ok,
8890,aac226dd-83a1-43bd-b4b3-571974f0653b,OEL-40,9dd447ae-c5a1-4a15-ae68-ab016e730b81,set,ok,
8893,f14cb535-0ade-44b1-9fba-a1b2457a18b0,OEL-40,9dd447ae-c5a1-4a15-ae68-ab016e730b81,set,ok,
8900,6a5ae212-0470-4beb-a429-6f56b8a6e6ed,OEL-40,9dd447ae-c5a1-4a15-ae68-ab016e730b81,set,ok,
8903,48afff7f-a478-42f6-a747-dbaf07fc7f06,OEL-40,9dd447ae-c5a1-4a15-ae68-ab016e730b81,set,ok,
8905,f0aa94b5-a9b5-4c81-93bf-65ad5bef223f,OEL-40,9dd447ae-c5a1-4a15-ae68-ab016e730b81,set,ok,
8908,b1b87bcc-a10b-43b7-9891-aceacd043fea,OEL-40,9dd447ae-c5a1-4a15-ae68-ab016e730b81,set,ok,
8910,6a456ff6-d37d-43da-95d0-8386aae31551,OEL-40,9dd447ae-c5a1-4a15-ae68-ab016e730b81,set,ok,
8912,3180713e-adec-4f3f-97c1-f6e9f27693f4,OEL-40,9dd447ae-c5a1-4a15-ae68-ab016e730b81,set,ok,
8914,c11bc7c3-9585-45ee-8cc4-ec11a4ae3c76,OEL-40,9dd447ae-c5a1-4a15-ae68-ab016e730b81,set,ok,
8935,1e6bde7e-707c-49b7-908f-456a389e08e9,null,,null,ok,
9147,eece2dba-0112-4eb4-9ecc-8d753dcf50da,null,,null,ok,
8971,2f68e703-bd44-4ee2-91b4-a6fb216b4491,OEL-41,7b520985-514a-48ef-88c6-f82659b20f42,set,ok,
8981,c341a46f-faa6-42e7-83d8-66a73462f281,OEL-41,7b520985-514a-48ef-88c6-f82659b20f42,set,ok,
8987,69cf9583-2784-4f41-a7f7-ea6c3dcb869e,OEL-41,7b520985-514a-48ef-88c6-f82659b20f42,set,ok,
8989,7f68191d-1003-4a81-9ea5-fb31c84edf36,OEL-41,7b520985-514a-48ef-88c6-f82659b20f42,set,ok,
8996,24682a50-ce9e-409d-9e05-c5be68708981,OEL-41,7b520985-514a-48ef-88c6-f82659b20f42,set,ok,
8998,709dab39-479a-4a9f-b26d-cf152cff9c92,OEL-41,7b520985-514a-48ef-88c6-f82659b20f42,set,ok,
9000,2ddcbae2-6325-462c-96bb-e04648eb1ad3,OEL-41,7b520985-514a-48ef-88c6-f82659b20f42,set,ok,
9002,1cd12122-424a-43ee-8c15-677d1801d4c0,OEL-41,7b520985-514a-48ef-88c6-f82659b20f42,set,ok,
9004,e8dff20e-3598-480f-beb0-016dd288c03a,OEL-41,7b520985-514a-48ef-88c6-f82659b20f42,set,ok,
9006,1f2a3437-11f5-4a77-8453-eaccef4b0ad3,OEL-41,7b520985-514a-48ef-88c6-f82659b20f42,set,ok,
9007,2accc805-aea2-43ed-a1df-7e018d809907,OEL-41,7b520985-514a-48ef-88c6-f82659b20f42,set,ok,
9010,d222f36f-1e19-4470-93ca-1724282946ca,OEL-41,7b520985-514a-48ef-88c6-f82659b20f42,set,ok,
9023,0a36d810-f6cc-4453-8f83-abe48f70f8f2,OEL-41,7b520985-514a-48ef-88c6-f82659b20f42,set,ok,
9061,b0cb0426-8942-465f-a2df-89527270878e,OEL-42,32ba827f-04dd-4cfe-a11d-b80aa62ecf92,set,ok,
9066,04bdce7a-c04b-4a5c-a003-04518e838bfa,OEL-42,32ba827f-04dd-4cfe-a11d-b80aa62ecf92,set,ok,
9070,e9b7d91d-cf0e-4a17-8882-8ba087df7274,OEL-42,32ba827f-04dd-4cfe-a11d-b80aa62ecf92,set,ok,
9072,9f4cb590-0e40-412a-801e-10deddc0ab87,OEL-42,32ba827f-04dd-4cfe-a11d-b80aa62ecf92,set,ok,
9076,0b75b2d8-2b9e-426e-971b-c8a19ba3386f,OEL-42,32ba827f-04dd-4cfe-a11d-b80aa62ecf92,set,ok,
9078,a7a787f1-c697-4544-af30-9bd89cc5e1b6,OEL-42,32ba827f-04dd-4cfe-a11d-b80aa62ecf92,set,ok,
9081,b151d884-9d9d-4dda-9232-2962d28eed21,OEL-42,32ba827f-04dd-4cfe-a11d-b80aa62ecf92,set,ok,
9085,34620c05-e3d0-4fff-9252-be6d9ec53843,OEL-42,32ba827f-04dd-4cfe-a11d-b80aa62ecf92,set,ok,
9088,bf5fbb99-69dd-4174-baf6-11b5ff32b61a,OEL-42,32ba827f-04dd-4cfe-a11d-b80aa62ecf92,set,ok,
9091,eeb08d85-b01d-4476-bae8-ecce90fff62f,OEL-42,32ba827f-04dd-4cfe-a11d-b80aa62ecf92,set,ok,
9332,5d36397e-f8b6-47d7-b0f1-8d919397fac3,null,,null,ok,
9099,54c796a2-1e76-431c-ac43-0ed597554ca5,OEL-42,32ba827f-04dd-4cfe-a11d-b80aa62ecf92,set,ok,
9101,929b7a23-7008-4eeb-ad2e-8c18ca9fd822,OEL-42,32ba827f-04dd-4cfe-a11d-b80aa62ecf92,set,ok,
9103,ce733d60-db82-4034-9762-79922700386a,OEL-42,32ba827f-04dd-4cfe-a11d-b80aa62ecf92,set,ok,
9112,ec6e1d40-4cc6-4df8-b10d-2361981fabd2,OEL-42,32ba827f-04dd-4cfe-a11d-b80aa62ecf92,set,ok,
9116,3472ffde-94b0-4d77-b4b4-a3f50516a0ea,OEL-42,32ba827f-04dd-4cfe-a11d-b80aa62ecf92,set,ok,
9119,d97d4b87-cc2b-4b13-85ac-78610cec0950,OEL-42,32ba827f-04dd-4cfe-a11d-b80aa62ecf92,set,ok,
9126,929d7193-2668-494e-9a6e-13289b625894,OEL-42,32ba827f-04dd-4cfe-a11d-b80aa62ecf92,set,ok,
9129,18edb49a-6229-41be-91c6-37b85c3e0d24,OEL-42,32ba827f-04dd-4cfe-a11d-b80aa62ecf92,set,ok,
9132,bbd4646c-f567-4a22-a81d-82fe50330644,OEL-42,32ba827f-04dd-4cfe-a11d-b80aa62ecf92,set,ok,
9186,a087d056-f19e-476c-81f3-77b29aea80fe,OEL-43,5ed793ec-a0ca-4dbd-8677-8df8dcd00fad,set,ok,
9190,3a3b38e5-0436-4534-863a-9c61a2c4f9ff,null,,null,ok,
9244,02bbc330-85fd-4ece-984b-6fd40292d3eb,OEL-43,5ed793ec-a0ca-4dbd-8677-8df8dcd00fad,set,ok,
9522,a6455965-a0e9-4a57-88a1-a618d7824de8,OEL-45,380194e7-a3d2-492b-8154-d34f84b6f37a,set,ok,
9256,c2803d7d-524b-4531-a632-74f3b3e6109a,OEL-43,5ed793ec-a0ca-4dbd-8677-8df8dcd00fad,set,ok,
9258,296fd8a8-17c4-46ea-a05d-64a12e9bb2c4,OEL-43,5ed793ec-a0ca-4dbd-8677-8df8dcd00fad,set,ok,
9260,b8e72d6b-b91d-4f92-a481-48a44279fd64,OEL-43,5ed793ec-a0ca-4dbd-8677-8df8dcd00fad,set,ok,
9263,cb9a90f5-bd6f-4fc0-b2cd-924a4e16c59d,OEL-43,5ed793ec-a0ca-4dbd-8677-8df8dcd00fad,set,ok,
9265,38ad6a8e-2a01-4e24-8ef6-1eb79aba1de4,OEL-43,5ed793ec-a0ca-4dbd-8677-8df8dcd00fad,set,ok,
9269,4a1a8502-c2dc-4d33-b58d-2b728b9fd0a4,OEL-43,5ed793ec-a0ca-4dbd-8677-8df8dcd00fad,set,ok,
9271,fb0a7578-c0ee-4217-9f89-dceed4bb7264,OEL-43,5ed793ec-a0ca-4dbd-8677-8df8dcd00fad,set,ok,
9274,519507ff-1e49-4ed6-9a8a-3e28db0ed1ad,OEL-43,5ed793ec-a0ca-4dbd-8677-8df8dcd00fad,set,ok,
9276,d2cb07c2-9bd0-43a7-b030-84449aa6b643,OEL-43,5ed793ec-a0ca-4dbd-8677-8df8dcd00fad,set,ok,
9278,cdadeeae-e241-429f-97a0-6c19db823204,OEL-43,5ed793ec-a0ca-4dbd-8677-8df8dcd00fad,set,ok,
9282,1c46e650-65a9-4603-9c71-c216110bf1d5,OEL-43,5ed793ec-a0ca-4dbd-8677-8df8dcd00fad,set,ok,
9284,510615b2-08be-48e6-8bbf-3544d5bb4e94,OEL-43,5ed793ec-a0ca-4dbd-8677-8df8dcd00fad,set,ok,
9292,bcccff71-2f9c-4e91-9730-d08e691b5081,OEL-43,5ed793ec-a0ca-4dbd-8677-8df8dcd00fad,set,ok,
9370,7069b624-8ac8-4699-9357-5858fcbaf98f,OEL-44,a286275b-e544-496c-82bf-68c7258fb0f7,set,ok,
9375,7a395ce2-9825-4920-bc13-d137395e87da,OEL-44,a286275b-e544-496c-82bf-68c7258fb0f7,set,ok,
9377,80e769fc-a3ba-422d-9bf5-7c0bc0799b84,OEL-44,a286275b-e544-496c-82bf-68c7258fb0f7,set,ok,
9380,d40bb95c-b485-4fb4-afc7-41ee5da196e2,OEL-44,a286275b-e544-496c-82bf-68c7258fb0f7,set,ok,
9384,9261158f-ec0c-4373-86c2-f7ec184eb23f,OEL-44,a286275b-e544-496c-82bf-68c7258fb0f7,set,ok,
9405,23e2667c-e167-42fd-acc6-f0176541cda4,OEL-44,a286275b-e544-496c-82bf-68c7258fb0f7,set,ok,
9409,cfdb7423-628d-4fdb-8092-99b3fd6e1d2b,OEL-44,a286275b-e544-496c-82bf-68c7258fb0f7,set,ok,
9413,ebac0af0-6459-4120-9100-7e2caf006d9e,OEL-44,a286275b-e544-496c-82bf-68c7258fb0f7,set,ok,
9417,6a900cd9-d13d-426a-929c-c81a0fcc273c,OEL-44,a286275b-e544-496c-82bf-68c7258fb0f7,set,ok,
9419,8930298a-5e32-4f78-935d-3e135028a24b,OEL-44,a286275b-e544-496c-82bf-68c7258fb0f7,set,ok,
9422,f5e5ada1-2bc0-40c5-a064-046bcc333e46,OEL-44,a286275b-e544-496c-82bf-68c7258fb0f7,set,ok,
9423,1834334e-092c-46e2-9797-00eb2497bc33,OEL-44,a286275b-e544-496c-82bf-68c7258fb0f7,set,ok,
9438,13861413-06eb-4852-9743-6fb68a007df8,OEL-142,eba488a0-2c08-4847-88d5-937f15391eaf,set,ok,
9461,bccf8e0c-d8de-43c9-8058-590f23fdb947,OEL-142,eba488a0-2c08-4847-88d5-937f15391eaf,set,ok,
9673,e1d5e91f-61a0-4bba-b32b-65ffcaef3d73,null,,null,ok,
9472,d6802953-bf80-46f8-9cdd-7a9954e5bfac,OEL-142,eba488a0-2c08-4847-88d5-937f15391eaf,set,ok,
9480,31696f07-9a15-4292-a4b4-d82786f06657,OEL-142,eba488a0-2c08-4847-88d5-937f15391eaf,set,ok,
9491,2ec9f9e8-6acd-4fa0-988d-5383ce7bb442,OEL-142,eba488a0-2c08-4847-88d5-937f15391eaf,set,ok,
9498,93672432-e508-4055-932e-73a0e7cc1ce7,OEL-142,eba488a0-2c08-4847-88d5-937f15391eaf,set,ok,
9508,280c9ebd-2c46-465c-b762-8a6941d16653,OEL-142,eba488a0-2c08-4847-88d5-937f15391eaf,set,ok,
9547,034f2701-46d4-426c-8265-0642903a8f64,OEL-45,380194e7-a3d2-492b-8154-d34f84b6f37a,set,ok,
9552,96b0e56d-89df-4e13-9267-796c409cb750,OEL-45,380194e7-a3d2-492b-8154-d34f84b6f37a,set,ok,
9554,ab768e57-c9e4-4892-bcdf-f70aa0cdaa1d,OEL-45,380194e7-a3d2-492b-8154-d34f84b6f37a,set,ok,
9556,c0eda1f7-eecc-4dbd-a138-4383f8357aea,OEL-45,380194e7-a3d2-492b-8154-d34f84b6f37a,set,ok,
9558,4b7576dc-a0ca-45e6-b27b-5477f7063032,OEL-45,380194e7-a3d2-492b-8154-d34f84b6f37a,set,ok,
9564,b0416ed7-4321-4ed0-8dab-930f624af048,OEL-45,380194e7-a3d2-492b-8154-d34f84b6f37a,set,ok,
9568,a24163c7-b479-4f24-a2b6-b99703cfb923,OEL-45,380194e7-a3d2-492b-8154-d34f84b6f37a,set,ok,
9571,cbec5a18-4105-43d4-a36a-8453418c5811,OEL-45,380194e7-a3d2-492b-8154-d34f84b6f37a,set,ok,
9580,0e6ec1d5-1787-4328-86f9-07d383cadc46,OEL-45,380194e7-a3d2-492b-8154-d34f84b6f37a,set,ok,
9584,3b145860-fcc2-442a-a20b-aaf17bb0cf60,OEL-45,380194e7-a3d2-492b-8154-d34f84b6f37a,set,ok,
9586,e2d998ba-4dd8-4c49-8906-3d8724145a1a,OEL-45,380194e7-a3d2-492b-8154-d34f84b6f37a,set,ok,
9592,af94b87c-caf2-4ab8-a76b-16574e74b89c,OEL-45,380194e7-a3d2-492b-8154-d34f84b6f37a,set,ok,
9593,faee2c67-d074-43ce-b11e-f996e2346662,OEL-45,380194e7-a3d2-492b-8154-d34f84b6f37a,set,ok,
9597,d44c47ec-c6fd-482f-af00-b2a5e68a64c2,OEL-45,380194e7-a3d2-492b-8154-d34f84b6f37a,set,ok,
9856,d917254e-45a0-48ad-adef-8c0abe3c08ef,null,,null,ok,
9743,40c80f15-a476-4e75-973e-0ad4b7d81134,null,,null,ok,
9766,f690f590-ede4-4330-bbfe-61910f1f68a2,OEL-48,4679dd4e-f3d5-4bc2-9e6b-174afd227bdb,set,ok,
9789,d8e84d7c-1ecf-4ece-9f4f-d00251deae8c,OEL-48,4679dd4e-f3d5-4bc2-9e6b-174afd227bdb,set,ok,
9791,a2d940c2-cdb1-4d1a-a182-02d1bcab9bd7,OEL-48,4679dd4e-f3d5-4bc2-9e6b-174afd227bdb,set,ok,
9793,dbdc5159-d038-4618-a598-9206655247c0,OEL-48,4679dd4e-f3d5-4bc2-9e6b-174afd227bdb,set,ok,
9803,3fbaaa30-c4de-481f-aed1-bb4d79b173eb,OEL-48,4679dd4e-f3d5-4bc2-9e6b-174afd227bdb,set,ok,
9805,5da4a328-b429-4a40-84bc-338bfc0e1b61,OEL-48,4679dd4e-f3d5-4bc2-9e6b-174afd227bdb,set,ok,
9807,8fdb572c-31a2-466d-b8c7-26eed5b22e2c,OEL-48,4679dd4e-f3d5-4bc2-9e6b-174afd227bdb,set,ok,
9809,165249a5-92f6-4830-af14-6a3852955a48,OEL-48,4679dd4e-f3d5-4bc2-9e6b-174afd227bdb,set,ok,
9812,4569b0ba-1c58-428a-a01d-7fb07453c762,OEL-48,4679dd4e-f3d5-4bc2-9e6b-174afd227bdb,set,ok,
9814,b4d5c233-976a-4650-adcf-7140c5d6267c,OEL-48,4679dd4e-f3d5-4bc2-9e6b-174afd227bdb,set,ok,
9820,f23b2183-79ff-494b-9047-251437c231b3,OEL-48,4679dd4e-f3d5-4bc2-9e6b-174afd227bdb,set,ok,
9823,338532cc-cffb-490d-a24f-dc0d134aaf93,OEL-48,4679dd4e-f3d5-4bc2-9e6b-174afd227bdb,set,ok,
9825,8c508cb2-c33c-46ce-9975-d722272ae688,OEL-48,4679dd4e-f3d5-4bc2-9e6b-174afd227bdb,set,ok,
9832,a3fabaef-2ea9-49e7-8f7d-4eef5b1e8fe8,null,,null,ok,
9848,8b133595-44d9-4e1e-af74-c777458c46a1,null,,null,ok,
9881,7a589019-c1ec-4698-b82a-5910fa3e4b3f,OEL-49,d1ea07bb-fe50-41b2-8df1-0bb72856b111,set,ok,
9902,cc03d76d-5b15-4582-871a-24c4f138684e,OEL-49,d1ea07bb-fe50-41b2-8df1-0bb72856b111,set,ok,
9907,09b48251-3983-438e-9710-31b26e1d1941,OEL-49,d1ea07bb-fe50-41b2-8df1-0bb72856b111,set,ok,
9912,7117fe65-b413-460b-9de2-0b4ba7bf5f59,OEL-49,d1ea07bb-fe50-41b2-8df1-0bb72856b111,set,ok,
9914,e6afd926-5e6a-4d0d-8397-8e39c50cf8cc,OEL-49,d1ea07bb-fe50-41b2-8df1-0bb72856b111,set,ok,
9918,eec74c19-bb08-4ed1-a0df-570da42b031c,OEL-49,d1ea07bb-fe50-41b2-8df1-0bb72856b111,set,ok,
9923,f2cc57af-9aec-4376-895b-197a2c5a213f,OEL-49,d1ea07bb-fe50-41b2-8df1-0bb72856b111,set,ok,
9930,b77aa681-36fb-48f4-a834-a7ea1a2046ba,OEL-49,d1ea07bb-fe50-41b2-8df1-0bb72856b111,set,ok,
9926,e8da73c0-0b90-43bb-87b6-e5359203b093,OEL-49,d1ea07bb-fe50-41b2-8df1-0bb72856b111,set,ok,
9932,47ed2200-d4e3-4f53-8cc7-5ff343669708,OEL-49,d1ea07bb-fe50-41b2-8df1-0bb72856b111,set,ok,
9962,00cd8bf8-ea7f-435b-b850-05ba49374771,null,,null,ok,
9976,b914bb4c-64cf-49da-9cfa-fe661d7a8b55,null,,null,ok,
10075,f40bd9cb-bd06-4885-b7c4-e73dfe03a334,OEL-50,149bb956-9c12-42ac-84b4-1e292f8f527d,set,ok,
10107,546aee8f-5d0f-4df9-9094-62044c83c4ca,OEL-143,530163c6-5729-4c5e-a9bc-3fd4c229a31e,set,ok,
9984,4fef90f4-5f14-4a56-a5b0-7e6a8f63ff49,null,,null,ok,
10001,2bf6e796-5702-4015-b905-4c9bdcf7ea6d,OEL-50,149bb956-9c12-42ac-84b4-1e292f8f527d,set,ok,
10010,b14f250f-6636-4b5c-898b-e88e628f3c14,OEL-50,149bb956-9c12-42ac-84b4-1e292f8f527d,set,ok,
10016,1d4cc1fd-f381-4b46-87a8-a9b161622abf,OEL-50,149bb956-9c12-42ac-84b4-1e292f8f527d,set,ok,
10018,1d786811-cb4c-4c1a-8693-852740ac77c0,OEL-50,149bb956-9c12-42ac-84b4-1e292f8f527d,set,ok,
10021,99af6351-e5d8-4244-8204-21c43be9ac23,OEL-50,149bb956-9c12-42ac-84b4-1e292f8f527d,set,ok,
10023,6316101b-dbcf-41a0-bb4b-405a22bb4bbe,OEL-50,149bb956-9c12-42ac-84b4-1e292f8f527d,set,ok,
10025,fe702639-87a1-4ff3-b7b6-b9d6bf38d330,OEL-50,149bb956-9c12-42ac-84b4-1e292f8f527d,set,ok,
10050,31c8c895-edfb-4714-aa9e-d74b0c3b9933,OEL-50,149bb956-9c12-42ac-84b4-1e292f8f527d,set,ok,
10054,c2c7fcca-ca99-4ca6-9a6e-2356f73c2dbe,OEL-50,149bb956-9c12-42ac-84b4-1e292f8f527d,set,ok,
10057,8859eed4-71ec-4103-8769-5abe314b7813,OEL-50,149bb956-9c12-42ac-84b4-1e292f8f527d,set,ok,
10059,644be608-31ae-4216-bcd3-9ea950c1a6b2,OEL-50,149bb956-9c12-42ac-84b4-1e292f8f527d,set,ok,
10061,b5d5bbce-4452-4bb3-8ad7-7bafd59bf000,OEL-50,149bb956-9c12-42ac-84b4-1e292f8f527d,set,ok,
10063,51789abb-e88d-4a80-8b10-44603380942d,OEL-50,149bb956-9c12-42ac-84b4-1e292f8f527d,set,ok,
10065,c5544741-289c-470d-b21a-a4d9bf7811f8,OEL-50,149bb956-9c12-42ac-84b4-1e292f8f527d,set,ok,
10068,1feeeab7-4366-4b2a-a497-982df1e217a7,OEL-50,149bb956-9c12-42ac-84b4-1e292f8f527d,set,ok,
10547,f0739b58-fc26-4eac-9e5a-da2f389d6a22,null,,null,ok,
10119,c76dfb4b-445b-420c-a8fd-fbc5f33903fd,OEL-51,aacd9450-ea10-42f0-995a-47abe249584e,set,ok,
10124,cfc84fa7-2cee-4b69-a630-715560cbbe88,OEL-51,aacd9450-ea10-42f0-995a-47abe249584e,set,ok,
10126,0301f938-3d8b-4014-8012-47e9fe8a911c,OEL-51,aacd9450-ea10-42f0-995a-47abe249584e,set,ok,
10131,628b6776-f067-4854-a150-77b11995b505,OEL-51,aacd9450-ea10-42f0-995a-47abe249584e,set,ok,
10151,2eec9625-f2d5-42d7-a85e-d2b220281aaa,OEL-51,aacd9450-ea10-42f0-995a-47abe249584e,set,ok,
10153,b360d5b8-461a-4b28-a2bc-3e72409396a5,OEL-51,aacd9450-ea10-42f0-995a-47abe249584e,set,ok,
10155,752e7118-6b2c-4e9a-bd75-d9455b0e7a0e,OEL-51,aacd9450-ea10-42f0-995a-47abe249584e,set,ok,
10159,698e17b5-e7f9-480f-a96d-54cc2d5c41b5,OEL-51,aacd9450-ea10-42f0-995a-47abe249584e,set,ok,
10163,c4f81f04-508b-411d-a2ad-60060eebb676,OEL-51,aacd9450-ea10-42f0-995a-47abe249584e,set,ok,
10166,3e3fb6d2-603f-4582-8214-47c41f4e86f6,OEL-51,aacd9450-ea10-42f0-995a-47abe249584e,set,ok,
10306,cda5c254-6333-4507-8f91-613587a7098e,OEL-143,530163c6-5729-4c5e-a9bc-3fd4c229a31e,set,ok,
10326,7cf1bfe5-1c72-408a-9caf-49d72776ee87,OEL-112,90885b4e-5a41-4428-a6b0-87cf9d0d2c5f,set,ok,
10331,2105a9dc-39e4-445f-913b-c3eb6ec67020,OEL-143,530163c6-5729-4c5e-a9bc-3fd4c229a31e,set,ok,
10336,d4c5df31-a95d-499d-8bcd-6c32c7f7e917,null,,null,ok,
10943,25fe4cf3-0790-40e2-a791-127b2cacc6a7,null,,null,ok,
10472,47899aee-5567-4808-8e23-d59fecb16620,null,,null,ok,
10552,b36c4e0d-3397-43da-9d79-28b69c4b1b85,null,,null,ok,
10559,c846636b-ccd1-46f5-94ef-ff51d3ea30bb,null,,null,ok,
10564,04073c8d-6349-4e99-8119-57160053b74e,null,,null,ok,
10589,22089713-3e86-4204-9142-cfec62b97323,null,,null,ok,
10657,25e7c622-2092-4354-a0f8-055305665166,null,,null,ok,
10695,9c248e1d-f20c-42ae-a054-dad6cecc9209,null,,null,ok,
10742,412ff9b4-cd6b-4424-900d-70e7f33ad217,null,,null,ok,
10951,c5348ba5-cf0b-4b0d-913c-72ff07c96497,null,,null,ok,
10955,c110228b-4306-4270-be91-94d85d74884c,null,,null,ok,
10958,5e99d925-7cce-4a76-a951-9a1ba8a94f7d,null,,null,ok,
10962,3d17ca5a-64bd-4832-a09b-fc9397992dae,null,,null,ok,
10966,d509e673-5c8c-4990-9239-1c54009e9115,null,,null,ok,
10970,cc0023d0-7f9b-44a7-a8db-ed997b990cf5,null,,null,ok,
10973,922b00ae-57f7-49a4-9c7a-9164bc21574d,null,,null,ok,
10989,64491aba-822d-4bfd-93b2-efee91f6f8cf,OEL-144,7b72c358-c67b-4381-ab4d-bdaf8108858b,set,ok,
11025,9aa43016-32f3-4fea-8228-96c34a5dcf78,OEL-144,7b72c358-c67b-4381-ab4d-bdaf8108858b,set,ok,
11047,6b04a8d2-d383-4032-824b-abb5c8446933,OEL-144,7b72c358-c67b-4381-ab4d-bdaf8108858b,set,ok,
11056,e7dd7cda-67c5-4de1-bab6-5fd77142a8db,OEL-144,7b72c358-c67b-4381-ab4d-bdaf8108858b,set,ok,
11060,06f8f7d2-c7e9-413e-94d9-d5e25c0d5166,OEL-144,7b72c358-c67b-4381-ab4d-bdaf8108858b,set,ok,
11166,c1e0c302-d75e-4e86-8ad7-3be578b43d40,null,,null,ok,
11170,d75ac67e-2474-451b-8b85-95049f15bff3,OEL-141,bc5e3662-c906-4b0e-9e09-d93083224211,set,ok,
11186,994f451b-4807-4563-8ae0-99eb1de0ebf3,null,,null,ok,
11190,66a7cf98-25e1-4a51-a18c-0889e6b4c0ca,null,,null,ok,
11198,5dd251f9-4aec-4ad0-9ef0-2398486fe8e5,null,,null,ok,
11200,98f16a26-8ca6-492f-bb42-864449616c2c,null,,null,ok,
11214,b57c106d-aa82-4148-9635-8fb01516e014,null,,null,ok,
11448,31bfd333-81d7-410f-8e81-c9638df4be93,null,,null,ok,
11535,8a95de0d-4a05-43c2-9fd6-798e75ef4a0e,null,,null,ok,
11565,8caa4fe6-b622-4a4c-8dfd-ffe7f8754c3e,OEL-128,4bcbaa62-acfe-43aa-90b2-76f26ede0ed7,set,ok,
11680,c0a0ccbb-375e-410e-a42f-c9faf547abd5,null,,null,ok,
11663,a503c5cb-9d4f-4656-9cd4-4d5a837cd5bf,null,,null,ok,
11676,ed480fe1-cafb-466e-8c06-dd8adbff2344,null,,null,ok,
11695,2f8af183-6561-4cca-969b-7af3bd5b7895,OEL-145,e27e5fbc-1e9c-4279-b83e-7334b64a1733,set,ok,
11706,35ecf6b7-33b7-4188-8e4e-c010a4836ab7,OEL-145,e27e5fbc-1e9c-4279-b83e-7334b64a1733,set,ok,
11710,10313aa3-0e5f-46d3-b620-a9b28c2d00d4,OEL-145,e27e5fbc-1e9c-4279-b83e-7334b64a1733,set,ok,
11747,2d772203-3631-4095-b555-be6a08dfe450,OEL-145,e27e5fbc-1e9c-4279-b83e-7334b64a1733,set,ok,
11754,b5716033-a7d1-42d4-bcb8-4e5a570d78a3,OEL-145,e27e5fbc-1e9c-4279-b83e-7334b64a1733,set,ok,
11758,adb66c3b-d445-4680-b280-29322d16a4d0,OEL-145,e27e5fbc-1e9c-4279-b83e-7334b64a1733,set,ok,
11762,6a219cd6-7b51-4d57-b73e-76eff8cc36ee,OEL-145,e27e5fbc-1e9c-4279-b83e-7334b64a1733,set,ok,
17458,5c7057d1-7797-49e9-89c6-f3a11352fdd0,null,,null,ok,
12463,df3253e4-742a-467b-a943-8e792262bfa3,OEL-146,68cb2867-a201-429a-adab-bb1876017491,set,ok,
11993,185a5742-4b65-467d-bdf4-260c76682029,null,,null,ok,
12004,1895694d-9d0f-493f-bdb6-52bce86b55ab,null,,null,ok,
12040,cab47806-de28-4469-a937-4d8ecd2c038d,null,,null,ok,
12044,1846f3fd-39e8-46f3-85d3-161377dcdca2,null,,null,ok,
12048,5ca39d3c-c04e-487c-b60c-160f8c9798c8,null,,null,ok,
12050,55074d8f-78f7-4f1c-b2f6-13fb4c8f0545,OEL-112,90885b4e-5a41-4428-a6b0-87cf9d0d2c5f,set,ok,
12052,bda7d270-4d8d-426a-8646-e18348caf523,null,,null,ok,
12692,a214e8fb-5509-4279-aeb1-47506af3894c,null,,null,ok,
12237,9e07e79e-918e-4735-be82-ee22720cf34b,null,,null,ok,
12400,46346575-dfe1-4c92-bd3b-10fd5f318303,null,,null,ok,
12725,5ba52a0b-8051-4aba-90b8-8828e0f113cf,OEL-146,68cb2867-a201-429a-adab-bb1876017491,set,ok,
12731,d11e208e-a370-474f-b41e-1737962d019a,null,,null,ok,
12721,5aa7d680-be68-43b3-aa9e-b872495b9fb3,OEL-146,68cb2867-a201-429a-adab-bb1876017491,set,ok,
12483,45864bc2-55c2-4205-8d3b-ff1bf406610e,null,,null,ok,
12491,724cc439-6e38-4a4b-81de-c1a2a86446ad,null,,null,ok,
12497,09929e44-3146-4c9f-aade-24606aff5fa4,null,,null,ok,
12500,362eca47-274a-4db6-86a6-094051f395d9,null,,null,ok,
12513,edfdddd7-4ff5-4959-84c2-7a8a957eb73f,null,,null,ok,
12518,3c82ba34-de7a-4f04-9b19-8d7626ebc408,null,,null,ok,
12522,5634d7ff-8326-47f5-ad4f-7d94937e0441,null,,null,ok,
12649,b23f7f2e-7702-4ae8-a12c-b1e9835b0e69,OEL-146,68cb2867-a201-429a-adab-bb1876017491,set,ok,
12637,65e9a920-ca2d-4f3c-821f-aa75c2e76fef,null,,null,ok,
12630,d5ab3f8f-d608-4f61-baf9-98539445d7f8,null,,null,ok,
12643,dc64c6aa-32f1-495e-965b-fd06d4c3a837,null,,null,ok,
12660,f3c9e33d-ca1f-49bf-9355-041f4d50070b,OEL-146,68cb2867-a201-429a-adab-bb1876017491,set,ok,
12668,6da60992-4c97-4750-b0e7-caa6b8e4e329,OEL-146,68cb2867-a201-429a-adab-bb1876017491,set,ok,
12672,20dacc40-080f-4a6d-9d2b-034700b5ec41,OEL-146,68cb2867-a201-429a-adab-bb1876017491,set,ok,
12677,0e2a8758-9b9d-421b-b922-674296ccd27d,OEL-146,68cb2867-a201-429a-adab-bb1876017491,set,ok,
12680,5d423dec-e6f7-4354-9ff1-1a108a519379,OEL-146,68cb2867-a201-429a-adab-bb1876017491,set,ok,
12684,e7c0e019-e3cb-4e2f-b6b5-4c1175cc8884,OEL-146,68cb2867-a201-429a-adab-bb1876017491,set,ok,
12687,2865ed49-def0-41ac-b578-3bf3f6cd6df3,OEL-146,68cb2867-a201-429a-adab-bb1876017491,set,ok,
12700,dac7b86e-887c-41ff-9092-d670761eea52,null,,null,ok,
12747,b587b2b1-9796-4ef4-87e9-40ce4706e235,null,,null,ok,
12761,f65f0561-ca38-45fb-a1f1-94f805a06a7b,OEL-138,f3a3b143-ed9f-485c-9d23-07556a428cca,set,ok,
12928,07d76729-cad6-40f6-8c77-8935781b8581,null,,null,ok,
12933,6c49d911-2e25-45a3-a6d4-fe4aace5c712,null,,null,ok,
12939,49447b91-1102-4ff6-b522-911505972b16,null,,null,ok,
12943,2b4008e1-c957-47dc-beb5-349cb84a70ac,null,,null,ok,
13051,7d57b62e-6d95-4737-a3da-32adfcbad616,null,,null,ok,
13075,b287dfaa-7c35-4641-9cb6-0270be9b5135,OEL-141,bc5e3662-c906-4b0e-9e09-d93083224211,set,ok,
13080,495b4664-0cd7-4e9d-93fb-5e313a5d9122,OEL-143,530163c6-5729-4c5e-a9bc-3fd4c229a31e,set,ok,
13097,28dcad3f-81f3-4a3e-928c-b1affc1b23b0,null,,null,ok,
13101,6eb66e15-7797-4b95-8394-693c509b8301,null,,null,ok,
13104,88d25536-dbec-486a-a01a-c510f80f4a00,null,,null,ok,
13112,3ba34750-13d9-459f-afcb-63266ea40dad,null,,null,ok,
13118,dca973ee-4b79-4f77-820e-9c040e89cd4a,null,,null,ok,
13130,a0615dc7-1dbb-40d9-b8fb-581c194d83ab,OEL-145,e27e5fbc-1e9c-4279-b83e-7334b64a1733,set,ok,
13138,345e8079-daa0-4d6c-9f5c-ef42bd7c9d79,null,,null,ok,
13171,93b899d7-7bb4-4fa8-96ee-260ee2463875,OEL-147,47e9ca0a-dcf4-4403-92b7-c64765500224,set,ok,
13503,fc825cf9-050f-4a35-8c67-4b55c94e4216,OEL-147,47e9ca0a-dcf4-4403-92b7-c64765500224,set,ok,
13182,28a655aa-d7bc-449f-9dbd-3325efa0a43f,OEL-147,47e9ca0a-dcf4-4403-92b7-c64765500224,set,ok,
13190,acb3b938-8499-4b1f-ad2c-7dcb2c375379,null,,null,ok,
15395,1c4d26c7-f5a3-4de2-84c3-efa2a58e3512,null,,null,ok,
13323,3f9c3fc4-7043-4139-bd5b-53cdd6a717e6,OEL-147,47e9ca0a-dcf4-4403-92b7-c64765500224,set,ok,
13342,58fae097-c327-4afe-a243-3ad59d102822,OEL-147,47e9ca0a-dcf4-4403-92b7-c64765500224,set,ok,
13352,32d3bd7a-ea39-4dcc-9015-53be14426e6e,OEL-147,47e9ca0a-dcf4-4403-92b7-c64765500224,set,ok,
13365,d5ad8afa-cd54-42cb-baa8-aa1ac95720ae,OEL-147,47e9ca0a-dcf4-4403-92b7-c64765500224,set,ok,
13378,c6dc6f80-0ff0-4e76-b022-73f9a27b79e3,OEL-147,47e9ca0a-dcf4-4403-92b7-c64765500224,set,ok,
13384,49b8df0c-4734-4469-889c-9116432a12ec,OEL-147,47e9ca0a-dcf4-4403-92b7-c64765500224,set,ok,
13396,9cfad386-e7e7-40f2-956b-5318b15237a8,OEL-147,47e9ca0a-dcf4-4403-92b7-c64765500224,set,ok,
13414,0cc34515-c4c7-4bc1-ae5a-2d9a04ed5129,OEL-147,47e9ca0a-dcf4-4403-92b7-c64765500224,set,ok,
13408,6adffa89-9ec7-4006-9f7e-c025ff5e8aa8,OEL-147,47e9ca0a-dcf4-4403-92b7-c64765500224,set,ok,
13419,189fd20b-2198-4f44-beb1-4e9a60859cf4,OEL-147,47e9ca0a-dcf4-4403-92b7-c64765500224,set,ok,
13442,1f7dff02-d357-471b-8619-1e7875d9eda8,OEL-147,47e9ca0a-dcf4-4403-92b7-c64765500224,set,ok,
13449,4e4e807d-1aab-47de-a27e-821bcdef7592,OEL-147,47e9ca0a-dcf4-4403-92b7-c64765500224,set,ok,
13457,0bf72438-1e40-40d0-b025-02a9fee74726,OEL-147,47e9ca0a-dcf4-4403-92b7-c64765500224,set,ok,
13462,57ff13a5-d934-4064-8a1e-2f8c4e3c8489,OEL-147,47e9ca0a-dcf4-4403-92b7-c64765500224,set,ok,
13469,140c839b-4f9f-4560-b358-9c47cb323359,OEL-147,47e9ca0a-dcf4-4403-92b7-c64765500224,set,ok,
13549,b2611295-38cb-4e98-9bce-268f0aff9798,null,,null,ok,
13570,7cc759ec-991c-4fa5-b534-07bb2cbfadf8,OEL-138,f3a3b143-ed9f-485c-9d23-07556a428cca,set,ok,
13583,9bc1348f-2a23-47fd-a895-5d9792dcf992,null,,null,ok,
13595,b5307920-01db-4127-b0a8-853a8fef3e4f,null,,null,ok,
13609,076265cd-ba33-4f9c-ab7c-a4a78f7f87d4,null,,null,ok,
13614,b95feb17-15d7-45fe-a5f9-7bfa08d30349,null,,null,ok,
13620,16542cca-35c1-403c-8902-378f3d4bcbda,null,,null,ok,
13660,b825987c-b70e-4170-a3e4-d99843fb7422,null,,null,ok,
14739,022678c5-2429-4596-9cd1-b5f579c3398f,null,,null,ok,
13728,2a2896e4-3e70-458e-8045-7f65695d56f5,null,,null,ok,
13807,3ea5fccb-3e15-4a01-8056-11dbaf9f1028,null,,null,ok,
13847,a98638fa-9b62-4b8e-951f-b3dc565c2803,null,,null,ok,
13849,a6fc12c0-2927-4fc6-9338-c4c9eae9da52,null,,null,ok,
13852,1ad8e744-6692-464b-8285-9175ffa66d00,null,,null,ok,
13854,09bd724a-64c3-463c-aa8d-a8ff78b49728,null,,null,ok,
13856,368395cf-048d-4312-8276-83457fd4b588,null,,null,ok,
14839,6222e441-0b26-47f4-88c6-93fa9aef8cb3,null,,null,ok,
13938,a0d71c11-3fff-4900-bd8f-9d6f98915294,null,,null,ok,
14168,e742005d-866a-48c9-9bef-4e88ba2511f6,null,,null,ok,
14298,a48610ab-1ff6-4c49-a319-6a67bbb63590,null,,null,ok,
14325,d7071c05-ffd8-42b1-b681-a0fa0e2828dd,null,,null,ok,
14519,bd9b1c6d-26df-468b-b799-31159378196d,null,,null,ok,
14383,d9aa250e-3bd3-4841-aaa0-f8fd6064988a,null,,null,ok,
14489,fb66a44e-3f01-4f83-84c1-198ce6b4f2d5,null,,null,ok,
14575,437b17b5-3670-4434-bbfa-fa769802752c,null,,null,ok,
14622,f8915d4c-3cd0-4a75-8c0c-2c10acfc9c8d,null,,null,ok,
14652,25a570e6-8f0f-4aff-85dc-1d87c138f072,null,,null,ok,
14666,ac9db228-e674-43eb-93b5-307064875989,null,,null,ok,
14690,ff5d3282-6de1-41ca-8b1c-b0b574e734d6,OEL-148,da87ab5d-dc69-4074-951e-b33525b108db,set,ok,
14698,b00a60db-19d6-4a3a-9c20-bd2ac71c2c78,OEL-148,da87ab5d-dc69-4074-951e-b33525b108db,set,ok,
14811,824891eb-873e-456e-b5a7-9e1a9c5b7871,null,,null,ok,
14822,673d0f1c-75cc-4a75-bba2-201c8143cb96,OEL-141,bc5e3662-c906-4b0e-9e09-d93083224211,set,ok,
15215,bf42e9bb-19d6-4347-9d4c-5191d7a41218,null,,null,ok,
14901,8015190b-d8c6-4364-9463-4661ffb0dfc0,null,,null,ok,
14916,0c8adef1-88c6-4e98-ab95-46167e4c1b05,null,,null,ok,
14928,abd6d4bf-0d30-424f-b4b9-4fcdb5d2cf35,null,,null,ok,
14932,ef475bfe-3082-4ccf-a2a7-c1d8a04bd6a5,null,,null,ok,
14988,b0b8959a-40b8-48ff-800d-f5d8af127d2d,OEL-148,da87ab5d-dc69-4074-951e-b33525b108db,set,ok,
14976,ba4353df-b651-4464-b32e-136850dc0650,OEL-148,da87ab5d-dc69-4074-951e-b33525b108db,set,ok,
15000,8b8ca43a-cb74-4018-877e-bb810249f27f,OEL-148,da87ab5d-dc69-4074-951e-b33525b108db,set,ok,
15013,80cdbcab-3fb0-4cc6-92cd-1a6ea0d5a800,OEL-148,da87ab5d-dc69-4074-951e-b33525b108db,set,ok,
15024,06af2aa8-c56f-48a4-85d5-e6c769491a1d,OEL-148,da87ab5d-dc69-4074-951e-b33525b108db,set,ok,
15034,70901f33-1bf4-4521-be64-0abbfe57cb6a,OEL-148,da87ab5d-dc69-4074-951e-b33525b108db,set,ok,
15041,83a8bad3-3140-4992-9805-a3e0612f4efa,OEL-148,da87ab5d-dc69-4074-951e-b33525b108db,set,ok,
15049,bd7ed4c8-93b7-489f-b3f9-b54f8a12138e,OEL-148,da87ab5d-dc69-4074-951e-b33525b108db,set,ok,
15062,3c1e3e7b-392d-4e61-8617-8f13a0477254,OEL-148,da87ab5d-dc69-4074-951e-b33525b108db,set,ok,
15066,7eb88b95-067e-42e5-a79e-52956a89d4d1,OEL-148,da87ab5d-dc69-4074-951e-b33525b108db,set,ok,
15071,65642612-389f-4f75-8d29-8039b92b868f,OEL-148,da87ab5d-dc69-4074-951e-b33525b108db,set,ok,
15089,52a5eda6-8556-42bd-8e45-42e5dfbf93b3,OEL-148,da87ab5d-dc69-4074-951e-b33525b108db,set,ok,
15103,5d0962b1-de0d-4be9-bb94-4adb25e76aa5,OEL-148,da87ab5d-dc69-4074-951e-b33525b108db,set,ok,
15124,efbf962e-61b7-406e-b222-bd71f9c2e975,OEL-148,da87ab5d-dc69-4074-951e-b33525b108db,set,ok,
15135,ca055856-d970-4fe7-a41b-dad33cec2b90,OEL-148,da87ab5d-dc69-4074-951e-b33525b108db,set,ok,
15145,2cede190-56cd-4184-b29e-2bb519604e92,OEL-148,da87ab5d-dc69-4074-951e-b33525b108db,set,ok,
15157,76059b3a-c3fb-4aa6-86a3-56c3a5e99524,OEL-144,7b72c358-c67b-4381-ab4d-bdaf8108858b,set,ok,
15166,7a68b393-450e-4f4b-aab5-05419ec3083c,null,,null,ok,
15226,00043fb3-65a5-4d82-8506-01cc9f662990,null,,null,ok,
15234,99face4a-0fe0-4c8c-abc1-26baab0f51f6,null,,null,ok,
15355,ca1efb87-9b9c-4535-909a-dc157ea2228d,null,,null,ok,
15404,69c91123-9622-47e2-a85f-c32bd1268855,null,,null,ok,
15432,40378063-f830-4cf3-9d2f-feb410457a33,null,,null,ok,
15982,606a97cd-41a5-4c64-acc3-a3f5e91cd6e9,null,,null,ok,
15443,91a16735-afba-41d1-af2e-0b6720fd390e,null,,null,ok,
15462,72acd395-e9a9-46ae-8037-5ec45f5c43e0,null,,null,ok,
15470,feb1e253-2a87-479c-9365-a65b2706055c,null,,null,ok,
15479,c35ddf36-45fa-4225-a4df-d9ef3b7889be,null,,null,ok,
15549,42870a6e-e9fa-4490-bc43-d8650a955fa6,null,,null,ok,
15560,eee45932-983d-4299-a050-8d36c001f310,null,,null,ok,
16027,bfe9fceb-a88a-4fcc-b2cb-c27a73550f58,null,,null,ok,
16443,630a830b-00da-475b-a687-d0e8147cbfd8,null,,null,ok,
16056,4b58789a-5dd9-40ea-a3c3-86ca5619e627,null,,null,ok,
16066,d0a69058-ae6a-4c05-9439-b816c7210807,null,,null,ok,
16087,086453ff-3d98-4b29-86a8-816a8750a3a2,null,,null,ok,
16139,16c5e2bd-6d79-4e25-ae5f-52a34a5d54a0,null,,null,ok,
16184,98292efb-8475-4acc-87ed-5d9859509d71,OEL-149,843e8def-a2d2-445a-9f2b-b7d16ef80a45,set,ok,
16205,21f0ff6a-0d4c-4ddd-a8c9-71822403c0fd,null,,null,ok,
16244,74c8e384-e38f-4344-80bd-f781110d7f4f,null,,null,ok,
16267,876b8f05-23c7-4769-8285-136ee554e16f,OEL-149,843e8def-a2d2-445a-9f2b-b7d16ef80a45,set,ok,
16281,516574dd-2e1d-4700-9270-7a30af4f6604,OEL-149,843e8def-a2d2-445a-9f2b-b7d16ef80a45,set,ok,
16300,2bc68ee5-bab4-4da4-bce2-ec3963ae842b,OEL-149,843e8def-a2d2-445a-9f2b-b7d16ef80a45,set,ok,
16307,510dde52-0528-4a38-913b-bec76dbd881c,OEL-149,843e8def-a2d2-445a-9f2b-b7d16ef80a45,set,ok,
16317,a76742da-9a2f-4635-b4ce-10cef251767e,OEL-149,843e8def-a2d2-445a-9f2b-b7d16ef80a45,set,ok,
16327,0d39ece7-1c3a-44c4-86dd-8abe7aff2864,OEL-149,843e8def-a2d2-445a-9f2b-b7d16ef80a45,set,ok,
16340,12b1b32e-380c-45cf-8e2c-47b6aa24c1b9,OEL-149,843e8def-a2d2-445a-9f2b-b7d16ef80a45,set,ok,
16354,e9e2b6af-447b-4e78-a334-6c8239a922e0,OEL-149,843e8def-a2d2-445a-9f2b-b7d16ef80a45,set,ok,
16382,2ff8c84a-0b15-4bf6-bdd3-f68b312b20ef,OEL-149,843e8def-a2d2-445a-9f2b-b7d16ef80a45,set,ok,
16386,d3a35fd7-8fa0-4c60-b681-ac81158007a7,OEL-149,843e8def-a2d2-445a-9f2b-b7d16ef80a45,set,ok,
16390,d46dcca1-5b8d-44c5-b8c0-13a479aa91df,OEL-149,843e8def-a2d2-445a-9f2b-b7d16ef80a45,set,ok,
16403,a91b0e07-7362-485a-a050-9b463456af7e,OEL-149,843e8def-a2d2-445a-9f2b-b7d16ef80a45,set,ok,
16415,cb7cce7e-9f58-4e76-ba0e-32b505274661,OEL-149,843e8def-a2d2-445a-9f2b-b7d16ef80a45,set,ok,
16427,26687333-0ddf-4365-ad55-ae5f117e864a,OEL-149,843e8def-a2d2-445a-9f2b-b7d16ef80a45,set,ok,
16452,ce80fc40-e60e-49bd-a2e6-77847a83a5f0,null,,null,ok,
16476,6a42355c-3e4c-4a04-a65e-d83cb2f5863d,null,,null,ok,
16487,6deaa692-4a30-4531-9522-90fd16cbc240,null,,null,ok,
16505,012c99de-a27e-4f63-b43e-8e0c14c7b6a6,null,,null,ok,
16538,54f8a74d-ebd4-4e63-b35a-1db6eb9c74cf,null,,null,ok,
16558,128aaa0e-2931-4d73-8a15-16b94c61dbff,null,,null,ok,
16572,45290a31-8ada-4402-b6f0-80364805c550,null,,null,ok,
16598,bd51d106-49ca-4b25-acb5-c0d5d6b1eab6,null,,null,ok,
16638,2fc8e10a-f4d8-4778-a6f8-5689c11fb727,null,,null,ok,
16645,3cb2b32e-079b-4323-9e8b-85b1d8998e95,null,,null,ok,
16683,839086ef-2605-4700-82ea-dd42e7ed12df,null,,null,ok,
16765,c4ecd83f-ab56-4f62-bca8-31b8bdf18e5a,null,,null,ok,
16792,6f7d882d-ac53-4e07-968d-15933488807a,null,,null,ok,
16854,cd7e19c7-3023-4de0-a27f-e886b4a18f5d,null,,null,ok,
16884,28ee9ba3-b371-4224-9d6b-986f9d2fc49e,null,,null,ok,
17534,c73f2854-fdee-4a57-804a-7392b10fb918,OEL-70,9fa6983c-755b-45f8-9310-1aa9f94257eb,set,ok,
16931,79e11a75-0f9e-4d21-a06b-35875e2cd604,null,,null,ok,
16993,f6d3b5ae-938f-4209-af08-f61031f7b623,OEL-69,79a238d3-57ce-48b4-afda-a101c8b054b7,set,ok,
17092,f246d62e-60ce-49c0-ac1a-018ce946046c,OEL-69,79a238d3-57ce-48b4-afda-a101c8b054b7,set,ok,
17083,fffa95d2-8d4b-45c6-842c-6875254c0093,OEL-69,79a238d3-57ce-48b4-afda-a101c8b054b7,set,ok,
17100,1bfddd2d-5d82-4fe2-b39b-7192cbedde19,OEL-69,79a238d3-57ce-48b4-afda-a101c8b054b7,set,ok,
17107,ea9513cf-8a26-42c9-b52a-b9a0906da242,null,,null,ok,
17114,dd86c642-9e06-4e3c-9e0c-2474fe8628fb,OEL-69,79a238d3-57ce-48b4-afda-a101c8b054b7,set,ok,
17122,cb7e1734-a596-48c8-814f-4b1cd734a511,OEL-69,79a238d3-57ce-48b4-afda-a101c8b054b7,set,ok,
17132,dae6a6f8-a9f3-41f9-866c-53b019f439e5,OEL-69,79a238d3-57ce-48b4-afda-a101c8b054b7,set,ok,
17148,78a7de35-8193-4269-a49c-78db2b843339,OEL-69,79a238d3-57ce-48b4-afda-a101c8b054b7,set,ok,
17155,0feb7748-c2df-4e2a-be57-386c1e13b101,OEL-69,79a238d3-57ce-48b4-afda-a101c8b054b7,set,ok,
17163,0a60e8e8-2660-4598-91c9-1c419b919740,OEL-69,79a238d3-57ce-48b4-afda-a101c8b054b7,set,ok,
17169,831229ee-6cd8-41e1-a7f1-fae071436325,OEL-69,79a238d3-57ce-48b4-afda-a101c8b054b7,set,ok,
17230,0280a50b-f230-4543-9a9c-0136561bd6e7,null,,null,ok,
17248,f3f7353b-ac62-4ae5-a2cd-4efe268d0962,null,,null,ok,
17260,f10d5b1f-54a1-4f20-86ff-237645405161,null,,null,ok,
17282,01b01e50-b60a-4f65-9d66-1de23be0d964,null,,null,ok,
17275,739aea91-911f-4329-9d99-efc7e5f0a39e,null,,null,ok,
17298,13ab998b-230a-44bb-b23f-adb077d945a6,null,,null,ok,
17309,15fe23ef-ee5c-4c36-9827-844332e99d6d,null,,null,ok,
17323,ee26909c-a557-40ba-9442-55e1ae9f4684,null,,null,ok,
17771,8a86b342-5dd6-4f5a-8eb7-e713d7884765,null,,null,ok,
17443,773a6b77-2b0f-47ff-a6bf-337f918f969f,OEL-145,e27e5fbc-1e9c-4279-b83e-7334b64a1733,set,ok,
17511,8646267f-310b-47cc-8ff4-248a23a22ac5,null,,null,ok,
17564,f1f77d5e-c688-4bfd-91c7-ced072b90c1d,OEL-70,9fa6983c-755b-45f8-9310-1aa9f94257eb,set,ok,
17570,f135c1eb-7689-4138-9572-5795dff2dc03,OEL-70,9fa6983c-755b-45f8-9310-1aa9f94257eb,set,ok,
17577,bc89f246-d06c-427d-b530-449ed0da1d53,OEL-70,9fa6983c-755b-45f8-9310-1aa9f94257eb,set,ok,
17583,296a4d5f-bca9-4dd9-9083-39510db8dd9d,OEL-70,9fa6983c-755b-45f8-9310-1aa9f94257eb,set,ok,
17589,7fb63e7f-e714-482e-ba44-e50a84050f62,OEL-70,9fa6983c-755b-45f8-9310-1aa9f94257eb,set,ok,
17599,59d921c6-75b0-453c-a361-aceeb1910d97,OEL-70,9fa6983c-755b-45f8-9310-1aa9f94257eb,set,ok,
17610,5324dab8-e7cd-4c8e-9d56-4aef7279728f,OEL-70,9fa6983c-755b-45f8-9310-1aa9f94257eb,set,ok,
17617,cdbd2759-321b-4c70-9f5d-ed8ca1469ae2,OEL-70,9fa6983c-755b-45f8-9310-1aa9f94257eb,set,ok,
17624,a1ff0ade-5fc9-4067-857e-2b2b5f6a6c0c,OEL-70,9fa6983c-755b-45f8-9310-1aa9f94257eb,set,ok,
17632,c889b5ba-21af-4564-909b-f9eb60e8d257,OEL-70,9fa6983c-755b-45f8-9310-1aa9f94257eb,set,ok,
17641,3493c599-4bd1-425e-ae19-86ab2951c954,OEL-70,9fa6983c-755b-45f8-9310-1aa9f94257eb,set,ok,
17677,7ff201e3-3381-4dc2-bffd-097998243815,OEL-70,9fa6983c-755b-45f8-9310-1aa9f94257eb,set,ok,
17691,970a6592-5470-4293-9a36-57627cc5350f,OEL-70,9fa6983c-755b-45f8-9310-1aa9f94257eb,set,ok,
17697,47799d45-f618-4847-a56e-a81d474a37bb,OEL-70,9fa6983c-755b-45f8-9310-1aa9f94257eb,set,ok,
17706,16a2ad8b-ac47-472c-9ffa-e2edd70170dd,OEL-70,9fa6983c-755b-45f8-9310-1aa9f94257eb,set,ok,
17712,0301bacd-e47f-4a32-9e33-28251c6d8699,OEL-70,9fa6983c-755b-45f8-9310-1aa9f94257eb,set,ok,
17717,96d8a8e8-a178-4eb4-80ce-a3ef35ce0435,OEL-70,9fa6983c-755b-45f8-9310-1aa9f94257eb,set,ok,
17781,2f439154-7f2b-47cb-8a60-7df4d76597ae,null,,null,ok,
17792,19530dd6-5e91-4aa0-9d31-6ec457cf3acb,null,,null,ok,
17804,4c253695-0f5d-4fdb-ab86-2060f1542002,null,,null,ok,
17818,c45ec1d3-f1d8-405f-8a26-8514c934d276,null,,null,ok,
17811,fde13cb0-a6e0-4b31-9542-64befbff6006,null,,null,ok,
17838,6921e0c8-db07-47e6-9623-e88c4d828221,null,,null,ok,
17864,69376341-8c05-4e7c-a0a1-c16a9a1e6c48,null,,null,ok,
17906,21395a2b-5f4f-460b-89eb-916e282d357c,OEL-71,78830c5f-3900-4860-be4a-b55576a2cab7,set,ok,
17942,1df11293-1cc9-4b3a-943f-f00b3d40c4ab,OEL-71,78830c5f-3900-4860-be4a-b55576a2cab7,set,ok,
17953,8e6d67c9-e95e-4abd-9ff8-1e9f41fec4f4,OEL-71,78830c5f-3900-4860-be4a-b55576a2cab7,set,ok,
17946,cb2d14dc-9418-464f-afaa-6c9071f545fc,OEL-71,78830c5f-3900-4860-be4a-b55576a2cab7,set,ok,
17957,08275728-87c5-4be8-aadd-c7d59a48fab9,OEL-71,78830c5f-3900-4860-be4a-b55576a2cab7,set,ok,
17961,6f193ab4-036b-45ad-b232-c32289babad5,OEL-71,78830c5f-3900-4860-be4a-b55576a2cab7,set,ok,
17973,b570786b-1774-4422-98e3-eb10777fa972,OEL-71,78830c5f-3900-4860-be4a-b55576a2cab7,set,ok,
17984,88443e61-cd93-4431-abdc-5650088673f8,OEL-71,78830c5f-3900-4860-be4a-b55576a2cab7,set,ok,
17988,0eb9eff1-c0ec-453f-a350-49b02bba5fd6,OEL-71,78830c5f-3900-4860-be4a-b55576a2cab7,set,ok,
18002,3608cd08-cf96-47e5-a0e1-326e0d661da9,OEL-71,78830c5f-3900-4860-be4a-b55576a2cab7,set,ok,
18021,0a9f07c2-9297-4484-ab9f-146adcb25100,OEL-71,78830c5f-3900-4860-be4a-b55576a2cab7,set,ok,
18027,51f8b69b-8f50-41a9-aefe-ea2c003f37a5,OEL-71,78830c5f-3900-4860-be4a-b55576a2cab7,set,ok,
18033,19055a68-a5a1-4cb3-8842-4ca46e0a5def,OEL-71,78830c5f-3900-4860-be4a-b55576a2cab7,set,ok,
18046,fc6190a8-8845-4ae0-b1f9-47a7e82eebb9,OEL-71,78830c5f-3900-4860-be4a-b55576a2cab7,set,ok,
18053,36a4c808-1d5c-46c6-ad8c-9211fb6eaed6,OEL-71,78830c5f-3900-4860-be4a-b55576a2cab7,set,ok,
18059,2e2ff878-aa09-42f2-91b4-0c7f507a4cef,OEL-71,78830c5f-3900-4860-be4a-b55576a2cab7,set,ok,
18167,431e4c66-c322-42d6-a667-7a72e6c8b3db,null,,null,ok,
19452,667f350a-ac24-48a8-8f89-40eee7c72bf7,null,,null,ok,
18176,5b11d158-9eee-4653-8d00-a532c2d426ee,null,,null,ok,
18182,0e7188d0-d65a-414d-a391-095e2b0ee5c9,null,,null,ok,
18191,58131682-3e79-4b0b-8a90-c1157ad4ab43,null,,null,ok,
18201,8623bfb0-6da7-4718-aeb9-efca56b18a4a,OEL-150,ebf87d45-493d-49ac-ba82-87b56ca913e6,set,ok,
18212,274400c6-0275-4145-a438-77a188a8294e,null,,null,ok,
18249,fd74a522-a3dd-461f-b657-5ae473d43c23,null,,null,ok,
18583,61d356ad-5888-4ce3-b426-64330895fc4d,OEL-150,ebf87d45-493d-49ac-ba82-87b56ca913e6,set,ok,
18571,e58b8d94-f75e-4875-8743-49585c00a73e,OEL-150,ebf87d45-493d-49ac-ba82-87b56ca913e6,set,ok,
18594,3b00922f-3abb-4cbf-98c8-0a6b15bb885b,OEL-150,ebf87d45-493d-49ac-ba82-87b56ca913e6,set,ok,
18605,4b80fc66-6802-4435-8f17-3b65ac318930,OEL-150,ebf87d45-493d-49ac-ba82-87b56ca913e6,set,ok,
18612,8497f625-bea8-4e11-b480-45613078b9dc,OEL-150,ebf87d45-493d-49ac-ba82-87b56ca913e6,set,ok,
18624,5beb3014-23be-4711-b8c0-4fac089d1b32,OEL-150,ebf87d45-493d-49ac-ba82-87b56ca913e6,set,ok,
18632,d64daf49-2bd9-4ed6-81f7-dc75a8e05308,OEL-150,ebf87d45-493d-49ac-ba82-87b56ca913e6,set,ok,
18638,9b87b937-77b7-4074-981b-0acefbfc09fe,OEL-150,ebf87d45-493d-49ac-ba82-87b56ca913e6,set,ok,
18648,c97adf6c-bc9a-4bff-83f4-4041db415bd1,OEL-150,ebf87d45-493d-49ac-ba82-87b56ca913e6,set,ok,
18659,ee18767e-2dcc-4b1b-90ce-ea6ebc98005c,OEL-150,ebf87d45-493d-49ac-ba82-87b56ca913e6,set,ok,
18666,61eaa839-55ac-4a42-8e76-e67b3f4e7979,OEL-150,ebf87d45-493d-49ac-ba82-87b56ca913e6,set,ok,
18671,3676435a-2e40-4267-860a-5b1081c0f5af,OEL-150,ebf87d45-493d-49ac-ba82-87b56ca913e6,set,ok,
18676,7c1ffbdd-7047-4659-9ac4-8b21b7bc5b3f,OEL-150,ebf87d45-493d-49ac-ba82-87b56ca913e6,set,ok,
18685,3042c357-18cc-4382-a972-0a0cfb2a8520,OEL-150,ebf87d45-493d-49ac-ba82-87b56ca913e6,set,ok,
18692,ed08a35b-280a-406a-9f99-6e6446fefac3,OEL-150,ebf87d45-493d-49ac-ba82-87b56ca913e6,set,ok,
18699,d52d9c9e-d11c-436c-8130-5c6574868ce8,OEL-150,ebf87d45-493d-49ac-ba82-87b56ca913e6,set,ok,
18707,3cabe1a9-ef53-4dc8-a32f-6cebef4fd0ff,OEL-150,ebf87d45-493d-49ac-ba82-87b56ca913e6,set,ok,
18794,5bb94062-2570-4ebf-8cef-85d6f8477c1d,null,,null,ok,
18807,8f4260c8-7194-4bfe-aef9-649156067392,null,,null,ok,
18817,3cbd14ee-4d96-46c7-9e71-a513512ce370,null,,null,ok,
20138,a016426b-af2d-4757-bb46-b5ad8085a6d0,null,,null,ok,
18948,4067dc89-6ce7-4fe8-9cc5-f8ed382b7e82,null,,null,ok,
18996,b1559bd4-8954-4f33-886e-2e1c07142b4f,null,,null,ok,
19053,0081e04a-648c-49fa-8ccf-21cd88bc50dc,OEL-72,f681a484-54af-4b85-9be4-2a13b6822a40,set,ok,
19067,8ab21944-38a0-4505-ba1e-75703b18ea7a,OEL-72,f681a484-54af-4b85-9be4-2a13b6822a40,set,ok,
19079,6fe2d926-1c63-4b0c-8f09-e92cda187cbb,OEL-72,f681a484-54af-4b85-9be4-2a13b6822a40,set,ok,
19093,90f520aa-d162-48e9-af7f-c3d2b07a1dbd,OEL-72,f681a484-54af-4b85-9be4-2a13b6822a40,set,ok,
19097,76277c1a-7a24-40a1-b7a0-98236958b873,OEL-72,f681a484-54af-4b85-9be4-2a13b6822a40,set,ok,
19114,18f5f3c7-c10e-4eca-b0ff-90e40473fac5,null,,null,ok,
19120,13fe2356-879f-4abb-8fd9-aee8f14cb814,OEL-72,f681a484-54af-4b85-9be4-2a13b6822a40,set,ok,
19123,26706730-5032-4e41-9b5a-c0f1f11dc0e8,null,,null,ok,
19140,1c49d57d-1a09-452c-b0ad-4e168aa382b9,null,,null,ok,
19155,fadf682f-24bd-4a23-a561-51bccec489d1,OEL-72,f681a484-54af-4b85-9be4-2a13b6822a40,set,ok,
19164,0a17534b-d533-4c23-a6fe-2fd4bb77e4cc,OEL-72,f681a484-54af-4b85-9be4-2a13b6822a40,set,ok,
19177,cb22f15a-273a-4430-bce1-c2c7aa78d4fa,OEL-72,f681a484-54af-4b85-9be4-2a13b6822a40,set,ok,
19185,94c83822-b7de-422d-b0b5-b32ce0b19aca,OEL-72,f681a484-54af-4b85-9be4-2a13b6822a40,set,ok,
19197,37784c2c-65cf-4d7d-8237-edf5efe14e76,OEL-72,f681a484-54af-4b85-9be4-2a13b6822a40,set,ok,
19206,48fcedf4-d40e-432c-a58d-334567f816d9,OEL-72,f681a484-54af-4b85-9be4-2a13b6822a40,set,ok,
20734,461bff80-badb-4f49-b17d-28c2f06f83c7,INS-2,8f396209-38c4-4559-883b-2337bdc7cfaf,set,ok,
20624,2372a1bb-4f44-49fb-9447-7a61fbc874dc,null,,null,ok,
20641,63ee11f8-ce73-4da0-a7fc-416c2bf09798,null,,null,ok,
20643,22bb9753-7125-4ac9-bb35-4a72f86cec3b,null,,null,ok,
19360,f14d5bde-f7ce-4f76-a79c-18159caa1c24,null,,null,ok,
19365,d4964c67-2ea7-42b6-887d-9dc3459fdcb5,null,,null,ok,
19372,4ef48aa3-d717-4b23-9262-74e4e9ebd640,null,,null,ok,
19380,a5e14da6-375d-40a0-ba33-7f4f697af0c2,null,,null,ok,
19414,76ebf835-3c18-46d5-82cf-5969954a7ddf,null,,null,ok,
20554,be0921c4-6e91-4885-9d7f-352350b404cd,null,,null,ok,
19606,76a779fa-9742-4c52-9e15-e2c0f6d2f024,OEL-73,1fa360c4-f3fa-4c84-8571-5f15ce97388c,set,ok,
19647,6fec990f-029b-4d7c-b4f5-7ca482bcd82e,OEL-73,1fa360c4-f3fa-4c84-8571-5f15ce97388c,set,ok,
19654,6f578c93-391a-4adb-b1e1-19c586054808,OEL-73,1fa360c4-f3fa-4c84-8571-5f15ce97388c,set,ok,
19660,b96c4ade-efa2-4ec0-996b-365662b3d355,OEL-73,1fa360c4-f3fa-4c84-8571-5f15ce97388c,set,ok,
19671,8a64ac4c-8cb9-4955-a45e-4203aee2fa9b,OEL-73,1fa360c4-f3fa-4c84-8571-5f15ce97388c,set,ok,
19678,0ef4d3f1-0514-47ab-a80d-14edb00fb8d0,OEL-73,1fa360c4-f3fa-4c84-8571-5f15ce97388c,set,ok,
19685,a43f5f12-a1d1-46af-80a3-1998d1196bf4,OEL-73,1fa360c4-f3fa-4c84-8571-5f15ce97388c,set,ok,
19694,6fc77e30-760f-403e-8842-6ac72ad35e6f,OEL-73,1fa360c4-f3fa-4c84-8571-5f15ce97388c,set,ok,
19703,8705be6b-012f-4050-a743-b26c8ec81426,OEL-73,1fa360c4-f3fa-4c84-8571-5f15ce97388c,set,ok,
19709,b8d14365-68c2-4cff-b020-dd232f38350b,OEL-73,1fa360c4-f3fa-4c84-8571-5f15ce97388c,set,ok,
19717,840db13d-2909-4b76-8e85-9285dbb3227b,OEL-73,1fa360c4-f3fa-4c84-8571-5f15ce97388c,set,ok,
19724,5953d29b-c84b-4f2e-91ea-1496d52f5d57,OEL-73,1fa360c4-f3fa-4c84-8571-5f15ce97388c,set,ok,
19730,47ee6a4f-9a19-4bc7-8101-ed538eddd7f6,OEL-73,1fa360c4-f3fa-4c84-8571-5f15ce97388c,set,ok,
19737,88b01d42-15bc-4145-80ba-ec1bd0476de0,OEL-73,1fa360c4-f3fa-4c84-8571-5f15ce97388c,set,ok,
19746,a77927b8-c468-4537-b210-00217b463a64,OEL-73,1fa360c4-f3fa-4c84-8571-5f15ce97388c,set,ok,
19755,f9f84eb2-cc4e-4009-9637-c581cf004215,OEL-73,1fa360c4-f3fa-4c84-8571-5f15ce97388c,set,ok,
19767,d64e202f-d543-4235-994a-b763ec35e2e7,OEL-73,1fa360c4-f3fa-4c84-8571-5f15ce97388c,set,ok,
19775,dfc1cb56-6e1a-4a3b-8bf5-33390a2d8c62,null,,null,ok,
19781,9814c0fa-9a35-4d51-b41a-d6d1949869f5,OEL-73,1fa360c4-f3fa-4c84-8571-5f15ce97388c,set,ok,
21044,fd3603e9-a9ac-49c3-ac41-a90cc2e1635f,null,,null,ok,
20581,9ce6eaab-f075-4f0a-a1c7-e5a09d957d92,null,,null,ok,
19848,289d7da3-3acc-4353-a8a8-e066dab60d6f,null,,null,ok,
19871,49c5868d-b109-484c-ac3c-55e02c3247ac,null,,null,ok,
19879,345d57e6-ee8b-437e-80fe-19ccd53f18e6,null,,null,ok,
19887,da8db409-6e94-4a60-a4f3-cf103b5d5fc2,null,,null,ok,
19896,fb008577-d937-4661-9fa4-f07111485717,null,,null,ok,
20609,fc97805c-9d92-4d04-8345-862724c3500b,null,,null,ok,
19927,5d2b046f-050b-48f3-a0e4-59094eec02a7,null,,null,ok,
20593,88d89d52-e65c-40b6-856a-548d444bae25,null,,null,ok,
19990,25397d17-d1bb-454e-bae9-9814271f6f49,null,,null,ok,
28357,de3a1d8a-eb7a-498a-a00b-0fcb45f75d2b,null,,null,ok,
20116,7eb44064-aac2-4e29-8017-3b5bebe78016,null,,null,ok,
20165,ce6c11e9-086b-48bd-bf3a-4c10da90fedc,OEL-151,af74f68f-e41d-40eb-ac2d-ff526b02cad5,set,ok,
20170,67423c92-97c6-4869-b744-7a3a1dc27078,null,,null,ok,
20178,b73d36d3-c837-4839-a72a-720e0d1695a1,null,,null,ok,
20188,a210f23e-5138-4412-a719-49b95ba3b9bb,null,,null,ok,
20194,c1f583cc-1401-4b58-babe-734f323624d7,null,,null,ok,
20201,df906005-3d79-4262-a9f0-0c9432801ce2,null,,null,ok,
20238,f87db6fe-7d0b-4d7c-bff6-4d517fb07e72,null,,null,ok,
20244,77c04fbd-425b-4846-8923-3cc061109ea6,null,,null,ok,
20251,19dea50a-c59f-40f4-83cb-2c9c1b17d87b,null,,null,ok,
20311,127b5a99-b977-47b7-a557-900268a4f93f,null,,null,ok,
20405,d1346cdc-4951-48de-b350-2a0311c8e178,null,,null,ok,
21098,5515a544-0e30-4ece-96a8-a1845c97672f,INS-4,76e7be22-a2d8-47c9-8f20-6f01957e9cc3,set,ok,
20473,d11751b3-d4ef-4bc9-9aeb-7585a1bdc67c,null,,null,ok,
20683,6a85a5b7-8149-4628-a12a-f77b604382b0,null,,null,ok,
20757,2a96fe6d-74b9-4b9f-a48c-78e63df7b430,INS-2,8f396209-38c4-4559-883b-2337bdc7cfaf,set,ok,
20766,ca2e59f8-1447-4d3b-b00c-f3437aae93f8,INS-2,8f396209-38c4-4559-883b-2337bdc7cfaf,set,ok,
20772,025ac8ca-fe22-4bd5-8e1a-12ce8a178d72,INS-2,8f396209-38c4-4559-883b-2337bdc7cfaf,set,ok,
20783,d7923ee6-003e-4ccd-a7e4-186f5b84113c,INS-2,8f396209-38c4-4559-883b-2337bdc7cfaf,set,ok,
20790,c0b66341-8f4a-42f8-93ef-871f3d77b28a,INS-2,8f396209-38c4-4559-883b-2337bdc7cfaf,set,ok,
20904,87dc18a1-824b-46c3-b58d-0ff427701aab,null,,null,ok,
20917,9e169138-5042-40bd-be19-13ea1516d431,null,,null,ok,
20931,f7db8010-a37c-464e-a59f-dada9caff141,null,,null,ok,
20945,fad4fa17-256a-4dca-a1f5-cf3edc4dbc39,null,,null,ok,
20947,5f72a37f-7467-43c3-8b75-7a2345edf7b2,null,,null,ok,
20954,b3ace884-a773-4833-99d7-2deee658e4f5,null,,null,ok,
20991,bf8e4862-471d-4d2e-adc9-1481a853ffc0,INS-4,76e7be22-a2d8-47c9-8f20-6f01957e9cc3,set,ok,
21009,1be4e3c5-9b63-4061-8bd3-519c9bea45d2,INS-4,76e7be22-a2d8-47c9-8f20-6f01957e9cc3,set,ok,
21022,3665dc26-5d43-47f5-b695-038fe2380aba,null,,null,ok,
21068,f0856f08-59bb-40f7-aa00-06b809ef23d3,null,,null,ok,
21104,eb2f1d20-faee-4b7f-9d6a-16de87c6285c,INS-4,76e7be22-a2d8-47c9-8f20-6f01957e9cc3,set,ok,
21112,279db387-e7b5-4266-8281-c1ae962a3796,INS-4,76e7be22-a2d8-47c9-8f20-6f01957e9cc3,set,ok,
21119,8d375b94-f6b9-4534-ab88-34f6307f365a,INS-4,76e7be22-a2d8-47c9-8f20-6f01957e9cc3,set,ok,
21126,424d76cd-63a0-47f5-b4ee-bc4f506f5ecf,INS-4,76e7be22-a2d8-47c9-8f20-6f01957e9cc3,set,ok,
21133,178a26d0-66aa-4a11-ab9a-8dca9cae082a,INS-4,76e7be22-a2d8-47c9-8f20-6f01957e9cc3,set,ok,
21141,c62edfaf-fdbb-4313-a210-c81827baec4f,INS-4,76e7be22-a2d8-47c9-8f20-6f01957e9cc3,set,ok,
21148,f6745b34-f47a-46c8-b90e-e4df1e8d905a,INS-4,76e7be22-a2d8-47c9-8f20-6f01957e9cc3,set,ok,
21175,64035ee6-dc18-46e3-aad6-056b76079d0f,null,,null,ok,
21195,7f1d8389-6fe7-4fc4-b454-2a90c7267a6d,OEL-151,af74f68f-e41d-40eb-ac2d-ff526b02cad5,set,ok,
21216,25faf32f-3ed4-4285-9dde-02eb2a13e858,OEL-151,af74f68f-e41d-40eb-ac2d-ff526b02cad5,set,ok,
21223,a1ebf771-ce56-4da8-94d8-640b2081fede,OEL-151,af74f68f-e41d-40eb-ac2d-ff526b02cad5,set,ok,
21232,7e0f3b1f-64fe-4b6b-b631-4c74d8a2575f,OEL-151,af74f68f-e41d-40eb-ac2d-ff526b02cad5,set,ok,
21239,a9d95eee-2b96-4282-9434-c940a6f04aa1,OEL-151,af74f68f-e41d-40eb-ac2d-ff526b02cad5,set,ok,
21313,89779148-a840-4894-9b34-7a0b703c8191,null,,null,ok,
21336,9b69135f-f1fe-461b-a39e-006d884bf150,OEL-151,af74f68f-e41d-40eb-ac2d-ff526b02cad5,set,ok,
21341,675f09af-48f8-4909-abb9-0b65333f62e8,OEL-151,af74f68f-e41d-40eb-ac2d-ff526b02cad5,set,ok,
21347,0f5b2ec5-2695-49ac-9c12-ce88e142e6ad,OEL-151,af74f68f-e41d-40eb-ac2d-ff526b02cad5,set,ok,
21352,fa1cbe06-707e-4f90-b613-e2a84d1c59e2,OEL-151,af74f68f-e41d-40eb-ac2d-ff526b02cad5,set,ok,
21356,431b0e6b-8df3-42c9-a5e1-74a9d786d82c,OEL-151,af74f68f-e41d-40eb-ac2d-ff526b02cad5,set,ok,
21360,79af6b1e-36af-4cbf-a78f-15af03c8260e,OEL-151,af74f68f-e41d-40eb-ac2d-ff526b02cad5,set,ok,
21364,7d699d71-bd98-4da1-8001-6fb2436397d8,OEL-151,af74f68f-e41d-40eb-ac2d-ff526b02cad5,set,ok,
21368,c7788573-724b-4c55-9425-75436255fbf5,OEL-151,af74f68f-e41d-40eb-ac2d-ff526b02cad5,set,ok,
21374,d8333faf-6a74-4deb-85c5-af04547e2cd6,null,,null,ok,
21378,1c5e6faa-c7e1-430d-8ada-dcd087c1967d,OEL-151,af74f68f-e41d-40eb-ac2d-ff526b02cad5,set,ok,
21382,47824686-0d8a-4b10-867a-702801672134,OEL-151,af74f68f-e41d-40eb-ac2d-ff526b02cad5,set,ok,
21386,b251f14b-e712-475a-8730-bd7fb2c2dfce,OEL-151,af74f68f-e41d-40eb-ac2d-ff526b02cad5,set,ok,
26719,9307c42b-946d-42c9-a239-b39160e7f0a6,null,,null,ok,
21503,7ea440df-3442-4857-acad-df8b8982015f,null,,null,ok,
21518,a4341fdf-0913-40a6-a5d9-773539da4104,null,,null,ok,
21563,55ca0854-d7fc-43f6-9c4d-043f91132e75,INS-5,af09b759-70d8-4512-b889-b4632c14e0ef,set,ok,
21641,5ddef829-95d1-440c-8486-2205fde9fa0f,null,,null,ok,
21625,bcedc6a3-1d12-43f1-ab8e-c2e528bba2cf,null,,null,ok,
21664,204b42a4-53db-488f-9023-9a84db4511ce,null,,null,ok,
21713,5b581f03-8891-4e8a-8195-e0fca7ce8453,OEL-76,c2e2d9e4-eba1-4c25-9efa-1b07cd93de3c,set,ok,
21729,30e8263e-1ed0-45f4-b44f-4d9ce521dcf9,OEL-76,c2e2d9e4-eba1-4c25-9efa-1b07cd93de3c,set,ok,
21739,812f38a4-b141-41f0-8813-430f0f327bdc,OEL-76,c2e2d9e4-eba1-4c25-9efa-1b07cd93de3c,set,ok,
21747,1ee3b18b-64dd-40e1-bc58-49638785462f,OEL-76,c2e2d9e4-eba1-4c25-9efa-1b07cd93de3c,set,ok,
21754,927c26be-9da0-43c4-b100-65bb05629730,OEL-76,c2e2d9e4-eba1-4c25-9efa-1b07cd93de3c,set,ok,
21763,fb8d1acb-624f-4dca-a43a-de0c61118c41,OEL-76,c2e2d9e4-eba1-4c25-9efa-1b07cd93de3c,set,ok,
21775,c8cb25a5-8403-44f1-ad96-d408ac88c636,OEL-76,c2e2d9e4-eba1-4c25-9efa-1b07cd93de3c,set,ok,
21784,be096ce1-a60b-4a43-b150-1003a7083431,OEL-76,c2e2d9e4-eba1-4c25-9efa-1b07cd93de3c,set,ok,
21790,bf7247e6-8e33-417f-8e68-68a1e8a7cefb,OEL-76,c2e2d9e4-eba1-4c25-9efa-1b07cd93de3c,set,ok,
21802,b2a3e60c-79a2-4f5f-beb5-67b6edb1af04,OEL-76,c2e2d9e4-eba1-4c25-9efa-1b07cd93de3c,set,ok,
21811,f2ffadbf-ef7d-41f0-aafe-5b5ef9bc2722,OEL-76,c2e2d9e4-eba1-4c25-9efa-1b07cd93de3c,set,ok,
21818,9ea93962-b021-4110-b9fc-75a759be6358,OEL-76,c2e2d9e4-eba1-4c25-9efa-1b07cd93de3c,set,ok,
21836,fdca5924-0cb8-4dd4-ab48-fa7b76be890f,OEL-76,c2e2d9e4-eba1-4c25-9efa-1b07cd93de3c,set,ok,
21845,b9768b2a-8472-442f-bba7-fc1656ee4934,OEL-76,c2e2d9e4-eba1-4c25-9efa-1b07cd93de3c,set,ok,
21852,196e737b-5057-4d8c-b6a1-b7ea83a5416f,OEL-76,c2e2d9e4-eba1-4c25-9efa-1b07cd93de3c,set,ok,
21858,9c962c25-47d1-4f19-80d0-fde0cf1c05fa,OEL-76,c2e2d9e4-eba1-4c25-9efa-1b07cd93de3c,set,ok,
21871,2919947b-a3a3-42b8-bac5-fc8d822f5d20,OEL-76,c2e2d9e4-eba1-4c25-9efa-1b07cd93de3c,set,ok,
21877,ac4ae3d6-48a5-4d73-a56e-23f08bdae28d,OEL-76,c2e2d9e4-eba1-4c25-9efa-1b07cd93de3c,set,ok,
22155,cc9b2374-322b-4b13-bace-253706d6d04a,null,,null,ok,
22160,ebf11660-279f-41b1-a5ab-96ecb07db428,null,,null,ok,
22167,f549a5a5-8f5e-434c-a42e-2b0f3f13a89b,null,,null,ok,
22172,c0a8d7ff-8f59-47d3-b137-89958307c495,null,,null,ok,
22179,45687096-cc1f-4a6e-93b3-29429d809724,null,,null,ok,
22184,78977391-49ff-4e02-ab00-faf329277e57,null,,null,ok,
22189,f4d2348c-0872-451b-9e6e-b989f9135a36,null,,null,ok,
22195,8bf22541-a7ac-4285-b1e9-95f9137988d4,null,,null,ok,
22207,ca390030-1a46-4dd3-a260-0cedff76a987,null,,null,ok,
22440,4a7a3e34-1b4e-4a9d-8a1a-de9da3a32034,OEL-74,c3403605-865b-48b5-8f0e-c89d5097cf24,set,ok,
22246,208d04e3-4fcb-455a-b398-ce988ef4af11,null,,null,ok,
22258,efbb4c2b-2dc1-4235-abd2-2863ac4966b3,null,,null,ok,
22267,11075d8d-2306-4dfb-af5a-aff95cad3017,null,,null,ok,
22285,ceba3702-da31-4219-a77e-f15ea925448b,null,,null,ok,
22328,98718a6b-19ae-4966-9323-47459720838b,OEL-74,c3403605-865b-48b5-8f0e-c89d5097cf24,set,ok,
22355,9ce50113-453d-49f9-ba29-8095a71f8556,OEL-74,c3403605-865b-48b5-8f0e-c89d5097cf24,set,ok,
22361,219b9630-9bdb-4449-99a8-798cc46d8d5f,OEL-74,c3403605-865b-48b5-8f0e-c89d5097cf24,set,ok,
22367,99d9871c-7f72-4ac7-9238-7f478bfa21e1,OEL-74,c3403605-865b-48b5-8f0e-c89d5097cf24,set,ok,
22373,14ff9503-eb8f-49e7-a3b8-83881c131892,OEL-74,c3403605-865b-48b5-8f0e-c89d5097cf24,set,ok,
22376,56b5a49e-c0ef-4800-94c4-28562a16979c,OEL-74,c3403605-865b-48b5-8f0e-c89d5097cf24,set,ok,
22384,b4459b12-1094-4f81-96a0-e5e16b33e982,OEL-74,c3403605-865b-48b5-8f0e-c89d5097cf24,set,ok,
22394,635ee42a-9861-4562-84cc-d843c65b8f64,OEL-74,c3403605-865b-48b5-8f0e-c89d5097cf24,set,ok,
22409,c8c38aff-46ca-4fc2-90b5-b4c1f476858a,OEL-74,c3403605-865b-48b5-8f0e-c89d5097cf24,set,ok,
22423,85ef7056-72b5-43be-ad66-ac597c63cc3a,OEL-74,c3403605-865b-48b5-8f0e-c89d5097cf24,set,ok,
22446,708062ea-3b8c-4c4f-be31-8bd975640cfd,OEL-74,c3403605-865b-48b5-8f0e-c89d5097cf24,set,ok,
22453,c395ddc2-d2cc-4af8-b361-523b7ab964bd,OEL-74,c3403605-865b-48b5-8f0e-c89d5097cf24,set,ok,
22459,d4539c41-fb93-4a6e-946d-2d2c4869d80a,OEL-74,c3403605-865b-48b5-8f0e-c89d5097cf24,set,ok,
22466,504775f8-347f-4e3d-9990-84d7be7eb5b6,OEL-74,c3403605-865b-48b5-8f0e-c89d5097cf24,set,ok,
22554,9ca8ca1a-2319-419a-b0fd-7079ce34778e,OEL-75,67733fc8-e1cc-4e07-9e22-537cc805b2c4,set,ok,
22564,4d683e7c-f9a8-4e6a-8443-de67738c3b59,OEL-75,67733fc8-e1cc-4e07-9e22-537cc805b2c4,set,ok,
22569,4034ab6c-dd36-4e13-bc84-a6d83872c2a1,OEL-75,67733fc8-e1cc-4e07-9e22-537cc805b2c4,set,ok,
22576,6e2e6842-fb1e-4b8f-a9fb-aa82a34dfd93,OEL-75,67733fc8-e1cc-4e07-9e22-537cc805b2c4,set,ok,
22585,77c1c5b6-e063-4ea0-a359-b361408be0f5,OEL-75,67733fc8-e1cc-4e07-9e22-537cc805b2c4,set,ok,
22593,2f84bc98-4d2d-4e78-a0b0-2dedd21861e8,OEL-75,67733fc8-e1cc-4e07-9e22-537cc805b2c4,set,ok,
22598,833ccfe1-63b6-498f-b2c1-f928e776e594,OEL-75,67733fc8-e1cc-4e07-9e22-537cc805b2c4,set,ok,
22604,846396ab-8aaa-4146-9b8b-ff13804813bf,OEL-75,67733fc8-e1cc-4e07-9e22-537cc805b2c4,set,ok,
22615,d174dd57-324d-4024-99d8-0c25ca56aab1,OEL-75,67733fc8-e1cc-4e07-9e22-537cc805b2c4,set,ok,
22625,3309a799-feb8-46b9-b9b7-d8edd2992334,OEL-75,67733fc8-e1cc-4e07-9e22-537cc805b2c4,set,ok,
22651,e3d6b2bf-04c5-417e-810d-c249fd8c3a71,OEL-75,67733fc8-e1cc-4e07-9e22-537cc805b2c4,set,ok,
22657,cc2dda82-f9e5-4d5c-af10-c20023829137,OEL-75,67733fc8-e1cc-4e07-9e22-537cc805b2c4,set,ok,
22779,cacd5075-9205-483e-974b-c0c958a6563e,null,,null,ok,
22836,91425b78-d042-4b9f-9a7e-dfaf929769c6,null,,null,ok,
22856,89c8d840-8349-43ee-b8ee-49d9cb09089d,OEL-152,78d3ba99-e501-41a4-b684-4ab498db42a4,set,ok,
22900,08508620-af4d-4ca1-a72c-57e83f294133,null,,null,ok,
23099,9e0d7834-62ba-4a3c-bc6c-d0048833d042,null,,null,ok,
23110,3d96eace-de62-4658-8fcd-0f4cd5f24c43,OEL-152,78d3ba99-e501-41a4-b684-4ab498db42a4,set,ok,
23171,ca68f72a-70b2-4356-b46a-9d05a3c2151b,null,,null,ok,
23179,ace2f282-0cce-4061-a011-7a9b5967d88d,null,,null,ok,
23189,7ac03064-3ac9-42c0-bc74-f632c9028a69,null,,null,ok,
23210,f961fe45-d25e-41fe-94f5-c1e258bcd4bd,null,,null,ok,
23229,971222a0-9517-4b78-be64-6e3de2f3f74b,null,,null,ok,
23284,43b2a79b-02ac-4ae2-9596-deb74fc20722,OEL-152,78d3ba99-e501-41a4-b684-4ab498db42a4,set,ok,
24784,6587a7cb-0f32-4b7a-bf6d-4e3735d73e53,null,,null,ok,
24792,69bce178-4c81-434c-8b07-1d3b83d2de7e,null,,null,ok,
24806,0de1464f-0fa3-4575-8166-3080a1aacbd3,null,,null,ok,
24144,6288ec1a-659d-4285-8e7b-0609fc3298b2,null,,null,ok,
23409,cf1f763d-ea1c-48fc-90be-1281effb5653,null,,null,ok,
23423,c7157ab4-449c-4cdd-8bd0-938f4b899b94,null,,null,ok,
23434,4804df4a-a2e0-4670-a915-8453d5ca3523,null,,null,ok,
23444,308e5af7-2fb4-4102-8e73-a602816c54f7,null,,null,ok,
23471,56cc40fb-8410-4252-9441-ebd587d4172d,null,,null,ok,
23491,d3ce1f49-1c9d-4906-ad00-ae8f92054a74,null,,null,ok,
23503,11dd3ca3-17e9-4af1-b94f-7d0b9c839d92,null,,null,ok,
23611,448a4aa3-c90a-4ce4-9eec-44a9699185bb,OEL-152,78d3ba99-e501-41a4-b684-4ab498db42a4,set,ok,
23587,3d8f26df-4008-44d0-a697-a9e921410a38,OEL-152,78d3ba99-e501-41a4-b684-4ab498db42a4,set,ok,
23603,182467d9-b188-454c-8766-c61db77e247b,OEL-152,78d3ba99-e501-41a4-b684-4ab498db42a4,set,ok,
23623,6d689e04-1ed6-4df5-88ec-bed9b2823df5,null,,null,ok,
23714,f254f20b-3f1f-4244-a29a-d16c89eecfe6,OEL-152,78d3ba99-e501-41a4-b684-4ab498db42a4,set,ok,
23723,c67af210-e7df-4c5d-af79-f4b3d8d7f55f,OEL-152,78d3ba99-e501-41a4-b684-4ab498db42a4,set,ok,
23731,057ba2cf-96d3-46e2-8786-0e4a2ca368f1,OEL-152,78d3ba99-e501-41a4-b684-4ab498db42a4,set,ok,
24290,3a78f241-6eb9-4df1-a719-8c116b15fd13,null,,null,ok,
24185,7030a7f1-ab51-4d4d-90c6-6d150f0068b8,null,,null,ok,
23866,a92071bc-b13e-4cf8-96dc-91a78395cccb,null,,null,ok,
24235,3f7eaabf-d200-48a3-b11f-b32322b1ef75,OEL-152,78d3ba99-e501-41a4-b684-4ab498db42a4,set,ok,
24394,df42f3c4-f096-4981-9115-fd3928bc33c9,null,,null,ok,
24041,ded44df2-0acc-4582-a91f-618eb49e092b,null,,null,ok,
24060,5f435b1c-ab2b-4265-86ca-fb45588d2c55,null,,null,ok,
24075,9350dfb2-5990-493a-b39c-12a18047c0e7,null,,null,ok,
24171,4a50b182-ccea-451b-b09b-a75c830140f7,null,,null,ok,
24192,b94d0d60-ffee-40e6-bc90-a3ab61ec221a,null,,null,ok,
24213,35e8de02-77da-418f-bf3e-5bcc7fd8d4ba,OEL-152,78d3ba99-e501-41a4-b684-4ab498db42a4,set,ok,
24246,9136175b-7c39-4897-8944-984fefc22a7a,OEL-152,78d3ba99-e501-41a4-b684-4ab498db42a4,set,ok,
24258,51152451-7f20-4a36-ad66-aaad3dd21bca,OEL-152,78d3ba99-e501-41a4-b684-4ab498db42a4,set,ok,
24269,b7cd9e3a-6c70-47ff-85b9-cb01e2aa6e54,OEL-152,78d3ba99-e501-41a4-b684-4ab498db42a4,set,ok,
24275,6cde231d-79be-46c2-9483-e36366c218b1,null,,null,ok,
24302,c4e1daf7-0f03-4926-b1ec-99e17458b05a,null,,null,ok,
24315,c8f02ca9-74b7-48fb-b77e-979b6e82c2c4,OEL-123,37217f69-01ef-4e97-bdef-ff5203bb13ce,set,ok,
24375,ed65bf93-f805-4bee-8124-453969c8282e,null,,null,ok,
24467,4d265482-5b12-4bc0-a74b-820cfb076cc1,OEL-153,6b0bc8f8-839a-4107-80e8-572fd6003010,set,ok,
24479,b2859105-cc81-412d-9e52-a1a55fcb214d,OEL-153,6b0bc8f8-839a-4107-80e8-572fd6003010,set,ok,
24458,889eb739-5531-4f78-8f6a-adaa4f1034dd,OEL-153,6b0bc8f8-839a-4107-80e8-572fd6003010,set,ok,
24605,c1a90d38-5cee-4771-86ee-b98c6fe77b68,null,,null,ok,
24534,3563450c-df72-4ea2-b803-4a97c27adf42,OEL-153,6b0bc8f8-839a-4107-80e8-572fd6003010,set,ok,
24563,7cf608be-99bb-42c6-9063-9374cf59436b,null,,null,ok,
24571,dc9eab8e-68b2-4ff0-99ac-f77a5c2b18c5,null,,null,ok,
24580,81d48e8d-0c86-40e1-8b31-ad76b6d8dbe7,null,,null,ok,
24589,6d34ea66-49e4-45ea-a199-59deab3db2c6,null,,null,ok,
24592,cecd9d23-1bed-44cd-8d33-1e1f84c62b49,null,,null,ok,
24706,3259a211-088b-4543-8446-0a025329681c,OEL-153,6b0bc8f8-839a-4107-80e8-572fd6003010,set,ok,
24658,a7f078be-ec63-45fd-901c-21b8a4c3fc0f,OEL-153,6b0bc8f8-839a-4107-80e8-572fd6003010,set,ok,
24696,ca05501c-f75d-42cc-8a17-a1499a722e9c,OEL-153,6b0bc8f8-839a-4107-80e8-572fd6003010,set,ok,
25363,cecb3b3a-c797-4632-b8fd-fd8ad1acad3e,null,,null,ok,
24722,595e7df4-7782-4494-a65c-5a9d9024639c,null,,null,ok,
24752,38c39d38-7ff8-441f-8e76-86cea1a88afb,OEL-153,6b0bc8f8-839a-4107-80e8-572fd6003010,set,ok,
24741,7fbc1823-545e-409e-9ccd-bbd083c956d2,OEL-153,6b0bc8f8-839a-4107-80e8-572fd6003010,set,ok,
24766,ca712a89-9bc4-4b5b-ab69-b4b03384e685,null,,null,ok,
24823,1cf94acd-0e13-4238-b051-14bffaf6f684,null,,null,ok,
24834,cf13969e-00cf-4b75-b886-5887e636867b,null,,null,ok,
25040,eff75550-bf8d-4be0-a0c7-d516637d53c5,null,,null,ok,
25044,0702e47c-7c4c-497a-a028-42295e05c287,OEL-154,ea88c459-8d1a-446d-ae63-377090098c7b,set,ok,
25057,6d15fc89-f319-4614-9948-7e8b96d6941c,null,,null,ok,
28345,93bdd203-ba07-42b0-bfed-0d3c7ff22906,null,,null,ok,
28347,cf1a5084-b5fe-45aa-9bff-34e97e20d336,null,,null,ok,
25282,ec02f675-05c5-4a89-aa59-82a6c62554a5,OEL-145,e27e5fbc-1e9c-4279-b83e-7334b64a1733,set,ok,
25289,daed9249-a8fc-4546-a848-6370023d980b,OEL-145,e27e5fbc-1e9c-4279-b83e-7334b64a1733,set,ok,
25300,add20b32-fed1-44a3-8d64-cbcc0119ba19,OEL-145,e27e5fbc-1e9c-4279-b83e-7334b64a1733,set,ok,
25306,a010f3f7-6401-43bb-964b-f0b65d74a042,OEL-145,e27e5fbc-1e9c-4279-b83e-7334b64a1733,set,ok,
25318,a6b89a35-2d38-42b6-94de-647b3c296e75,OEL-145,e27e5fbc-1e9c-4279-b83e-7334b64a1733,set,ok,
25325,29340212-e728-4ec7-80c5-6c79dc471213,OEL-145,e27e5fbc-1e9c-4279-b83e-7334b64a1733,set,ok,
25335,746776a7-3acc-4eb4-abbd-2341a3b26e3a,OEL-145,e27e5fbc-1e9c-4279-b83e-7334b64a1733,set,ok,
25344,b0f69bec-232d-44ae-abca-f33c55110654,OEL-145,e27e5fbc-1e9c-4279-b83e-7334b64a1733,set,ok,
25743,1ac02678-675d-4c39-b086-842812898095,null,,null,ok,
25752,84007723-f92c-4e72-b258-fbde4ccf9e67,null,,null,ok,
25764,08bdcb6b-50e8-4b94-af41-c335052cee54,null,,null,ok,
25775,39e5bc8b-355d-49e0-b2a3-286413f74d1c,OEL-110,480cdbf4-b91d-4949-92d6-7d80248869aa,set,ok,
25790,cdd3837d-f396-45e8-a8fc-c0f89fd817de,null,,null,ok,
25797,af92c42d-0bcf-4681-b4b3-ea7e70a8d2f1,null,,null,ok,
25963,fd76c13e-e3dc-4e34-bcf8-545e32c39244,OEL-154,ea88c459-8d1a-446d-ae63-377090098c7b,set,ok,
25913,16a88cb9-6459-44df-b928-cdb6848306ec,OEL-154,ea88c459-8d1a-446d-ae63-377090098c7b,set,ok,
25931,1a9efc85-58f9-4303-96c2-8334a2ec0aad,OEL-154,ea88c459-8d1a-446d-ae63-377090098c7b,set,ok,
25942,433c8cb1-f588-421f-90d7-a985542ae97d,OEL-154,ea88c459-8d1a-446d-ae63-377090098c7b,set,ok,
25953,a86183af-b927-4e21-ac5a-1babc84acf62,OEL-154,ea88c459-8d1a-446d-ae63-377090098c7b,set,ok,
25976,000c0b5f-86b8-4d9c-acdd-9d82b9311dd7,OEL-154,ea88c459-8d1a-446d-ae63-377090098c7b,set,ok,
25987,f3788d9c-67e7-4430-87ff-eb10e8e41dfb,OEL-154,ea88c459-8d1a-446d-ae63-377090098c7b,set,ok,
26004,fd7d4689-dd02-492f-bc09-000db144f759,null,,null,ok,
26012,741d6a17-7d30-4b1f-9d55-4afa209f5baa,null,,null,ok,
26019,41d07af8-2fed-4003-8b4f-ce439c6e0784,OEL-154,ea88c459-8d1a-446d-ae63-377090098c7b,set,ok,
26045,b84a287e-1a30-4bea-b5a6-70cdaad9608d,OEL-154,ea88c459-8d1a-446d-ae63-377090098c7b,set,ok,
26049,93516f5d-fd6f-4296-931a-3d862c78fe50,OEL-154,ea88c459-8d1a-446d-ae63-377090098c7b,set,ok,
26055,f80331e0-e23a-4c2a-a0b6-5da321fe7ef4,OEL-154,ea88c459-8d1a-446d-ae63-377090098c7b,set,ok,
26248,5d48be5a-333d-49f2-be99-fc5665218518,null,,null,ok,
26082,4e199774-3ee5-43fa-b9b3-2b659c219840,INS-5,af09b759-70d8-4512-b889-b4632c14e0ef,set,ok,
26093,ccf630a5-7069-4805-8b59-4bd8ff90a3b1,INS-5,af09b759-70d8-4512-b889-b4632c14e0ef,set,ok,
26100,d07804a6-3f69-4510-8e25-9813b136874a,INS-5,af09b759-70d8-4512-b889-b4632c14e0ef,set,ok,
26106,2d106fb3-39dd-45c1-9a5e-c2cd2ed71d42,INS-5,af09b759-70d8-4512-b889-b4632c14e0ef,set,ok,
26109,97ab8f3f-fd7b-4807-8515-f8b3bb8068f9,INS-5,af09b759-70d8-4512-b889-b4632c14e0ef,set,ok,
26217,8def42d4-4702-492e-a031-e3cac710eb16,null,,null,ok,
26399,c0a47082-6ab8-4c20-900c-6dea9120960b,null,,null,ok,
26412,fba37699-9761-4de9-91f4-169b3bff831c,null,,null,ok,
26522,8bd7497b-ffed-4f88-af16-15f311cbd085,null,,null,ok,
26533,3dcefe61-f53e-4eab-96d8-b0914941afec,null,,null,ok,
26563,f286416e-e4e9-4e39-8169-8549bb429f90,OEL-154,ea88c459-8d1a-446d-ae63-377090098c7b,set,ok,
26577,6db93fd0-afed-4444-bed8-2b5abc40d26d,OEL-154,ea88c459-8d1a-446d-ae63-377090098c7b,set,ok,
26588,574a6fc5-0334-4a85-af97-f5bc5fd0b6ba,OEL-154,ea88c459-8d1a-446d-ae63-377090098c7b,set,ok,
26600,07e6119a-f46f-4f27-b9cd-1492f57f16d9,OEL-154,ea88c459-8d1a-446d-ae63-377090098c7b,set,ok,
26612,f80b52a9-e576-442b-9b31-16a5841bf724,OEL-154,ea88c459-8d1a-446d-ae63-377090098c7b,set,ok,
26625,b0c2a1b4-7595-40b3-9e93-f6355faf72d7,null,,null,ok,
26637,3949a716-1c52-48c5-96a3-53f95b6a403e,null,,null,ok,
26663,8f5ec9a6-2686-44f7-a2f5-6e3b26495fe1,OEL-139,aebd9278-6284-44e2-99db-dd78983b2916,set,ok,
26672,75e228fa-1052-4d00-b0f5-79652681c625,OEL-141,bc5e3662-c906-4b0e-9e09-d93083224211,set,ok,
27052,c1c4a188-8f4f-4c40-8960-50adfd22367f,null,,null,ok,
27304,4e4eaff4-b9a0-4998-aa65-030e5933ee7f,OEL-155,df9ef8e1-4c04-4dfa-b745-01f25af896d8,set,ok,
27066,48c45251-6238-46ac-a0ce-d76ea4c87bbc,null,,null,ok,
27073,67be183e-2e78-4640-b3cb-3b3932eecabd,null,,null,ok,
27079,866ff982-7627-47b9-a0df-4d42178c2618,null,,null,ok,
27085,39adcb3d-310c-4fe1-9503-7b520e7d4974,null,,null,ok,
27226,a5b91626-9ebe-42a5-b4b2-2485325ad355,OEL-155,df9ef8e1-4c04-4dfa-b745-01f25af896d8,set,ok,
27237,52e0b853-2a87-46c6-9b09-576929358160,OEL-155,df9ef8e1-4c04-4dfa-b745-01f25af896d8,set,ok,
27276,b255cdc1-f2bd-4551-9a09-338523066ec8,OEL-155,df9ef8e1-4c04-4dfa-b745-01f25af896d8,set,ok,
27285,a362b10c-7afb-45ef-8b31-b451aa35bfad,OEL-155,df9ef8e1-4c04-4dfa-b745-01f25af896d8,set,ok,
27313,1ceb6a33-9ae5-4510-8f47-6c1ccb900498,null,,null,ok,
27335,e2b8f0b9-df4e-4ee4-b9d7-f913afc24832,null,,null,ok,
27329,0af864df-47c8-416e-81bb-3d5e21b0aeda,null,,null,ok,
27340,7c5e89a5-d79b-4151-a09d-b7cfbf03418a,null,,null,ok,
27423,02b6d565-e218-4374-a508-c0091b091d98,OEL-155,df9ef8e1-4c04-4dfa-b745-01f25af896d8,set,ok,
27435,e246d2ad-1382-45c6-835b-47fd1ec9ff45,null,,null,ok,
27439,61169509-6894-4d66-8d90-02352b80a5ca,OEL-155,df9ef8e1-4c04-4dfa-b745-01f25af896d8,set,ok,
27532,8a5e9701-fb10-43ec-aab0-141c57d4806c,OEL-155,df9ef8e1-4c04-4dfa-b745-01f25af896d8,set,ok,
27637,991c2350-b911-4e41-92c5-efb21309189c,null,,null,ok,
27766,eebd99f7-5ccb-494c-9608-bc548e5421d9,null,,null,ok,
27578,464effad-cbe0-457b-ba0d-7d625b1404fc,OEL-156,00dd1cda-d7cd-4a14-ab5f-7bbb4644a8aa,set,ok,
27591,5a12249a-e735-44ee-ba60-06a6249b43a9,null,,null,ok,
27750,e6c1b3f0-5fb0-4f8a-931b-0179b98a7ef3,null,,null,ok,
27757,2d01f5ce-7db8-4bfc-8edf-24e443e2bf15,null,,null,ok,
27611,61ce029d-e2c6-45f7-b9b2-7b1ab5ce6139,null,,null,ok,
27648,ddc7e862-ab99-42b3-99ec-7d9306a68c5b,null,,null,ok,
27655,e7543718-e44e-4229-9d56-a1007fcdc9a9,null,,null,ok,
27661,535a1f48-c1b4-4a6f-bdc8-69c8becda9b4,null,,null,ok,
27669,d2456d26-3d54-4b9a-ae44-f53c967e0440,null,,null,ok,
27675,001b7b7e-7055-4dc4-a8c6-7b5f18139e4e,null,,null,ok,
27909,335418f1-145e-4e77-8f00-12a7cdcd2bd7,null,,null,ok,
27843,1e287c98-f0c7-4be5-8e83-434f9600076d,OEL-159,0177ee45-7b8b-42ea-84ac-5ec59f825017,set,ok,
27741,c7712c34-dfed-4353-ac6e-2d129cf87a5f,null,,null,ok,
27798,f1e2dbf8-816c-4176-93c5-6fbaba115696,null,,null,ok,
27869,630e3f3c-aa35-4849-abac-6f52338bc9b6,OEL-156,00dd1cda-d7cd-4a14-ab5f-7bbb4644a8aa,set,ok,
27879,4e3ac030-3c2b-412c-9c53-f71538c77771,OEL-156,00dd1cda-d7cd-4a14-ab5f-7bbb4644a8aa,set,ok,
27887,730f1727-9a01-4770-ae10-5648fa0cb43a,OEL-156,00dd1cda-d7cd-4a14-ab5f-7bbb4644a8aa,set,ok,
27903,3ae89194-276d-44c1-b169-3ab7b60371c9,OEL-156,00dd1cda-d7cd-4a14-ab5f-7bbb4644a8aa,set,ok,
27919,6a43db31-1e0f-40c2-b7a4-f0362a86adde,null,,null,ok,
28006,7a929f97-052d-4fb6-be8c-7aff53a73a79,OEL-156,00dd1cda-d7cd-4a14-ab5f-7bbb4644a8aa,set,ok,
28019,3a978dc3-32a4-46fc-960b-40ed86d2f4a1,OEL-156,00dd1cda-d7cd-4a14-ab5f-7bbb4644a8aa,set,ok,
28025,e4b2319d-8a62-4929-831b-e1a88cc81f4a,OEL-156,00dd1cda-d7cd-4a14-ab5f-7bbb4644a8aa,set,ok,
28030,5bc8139c-3c22-4047-9791-2cd9a6cee825,OEL-156,00dd1cda-d7cd-4a14-ab5f-7bbb4644a8aa,set,ok,
28049,c2130231-ba89-43e1-a156-8f7d6520f0a8,OEL-156,00dd1cda-d7cd-4a14-ab5f-7bbb4644a8aa,set,ok,
28060,8da656cf-29c3-4375-8a20-601cc99b2612,OEL-156,00dd1cda-d7cd-4a14-ab5f-7bbb4644a8aa,set,ok,
28065,b325c26c-7013-4447-8f39-5c48db11bc63,OEL-156,00dd1cda-d7cd-4a14-ab5f-7bbb4644a8aa,set,ok,
28072,d3375ba5-55d0-4dbc-a5ed-16696918a015,OEL-156,00dd1cda-d7cd-4a14-ab5f-7bbb4644a8aa,set,ok,
28080,e070f419-3e82-437b-a558-46f208d50702,OEL-156,00dd1cda-d7cd-4a14-ab5f-7bbb4644a8aa,set,ok,
28101,0b05f890-34d5-413c-a62b-99abdb037558,null,,null,ok,
28109,360e8ff1-5d6c-4899-aa94-b0a86ae0a62d,null,,null,ok,
28114,f317e774-2382-4c86-8cb8-7c62a932bc11,OEL-156,00dd1cda-d7cd-4a14-ab5f-7bbb4644a8aa,set,ok,
28212,76449755-dff3-4129-b3e4-004784eb90dd,null,,null,ok,
28220,b16aa2cb-66be-4ea2-b426-f4382ce9f1aa,null,,null,ok,
28234,ec9f3b4e-b7b8-4b6c-96de-7d763d9af938,null,,null,ok,
28247,0bd2d8a5-49cf-4ab4-9007-60ed62be15f9,OEL-157,b8efd8b6-bdf0-42ed-aff9-13d77ce88316,set,ok,
28297,1a9844ba-df65-48be-b95b-92d62c8c01cd,OEL-157,b8efd8b6-bdf0-42ed-aff9-13d77ce88316,set,ok,
28366,0df7e1de-1d43-4bfd-a00c-8dec8229f2c1,OEL-129,f3bd88ad-6154-4816-b62c-59740d3420de,set,ok,
28554,8b490635-5faa-4f21-8f5d-1992a6fff3ec,OEL-157,b8efd8b6-bdf0-42ed-aff9-13d77ce88316,set,ok,
28416,91f710e3-73be-4276-a6c2-e220b3b0dbcf,OEL-157,b8efd8b6-bdf0-42ed-aff9-13d77ce88316,set,ok,
28661,9795608f-ab3d-4ee0-a59d-40ea96c29306,OEL-157,b8efd8b6-bdf0-42ed-aff9-13d77ce88316,set,ok,
28433,77120232-0532-4536-b3cc-27593b727717,OEL-157,b8efd8b6-bdf0-42ed-aff9-13d77ce88316,set,ok,
28457,eaff175a-b71c-4f14-aaa5-ef6822e29583,OEL-129,f3bd88ad-6154-4816-b62c-59740d3420de,set,ok,
28486,e446ed04-c449-4890-a11d-8901b459869c,null,,null,ok,
28513,38637ba9-4ee9-445d-87bd-39e0430ec62c,OEL-158,ce7f3227-ca5c-4f12-b853-91c35854a343,set,ok,
28522,baa9d8f2-c545-4661-937b-e9f537abee89,null,,null,ok,
28708,6251d744-6e3f-4db7-9700-8a559da5535f,null,,null,ok,
28540,d2ae20ce-187f-4648-8aff-912e84c665c1,OEL-157,b8efd8b6-bdf0-42ed-aff9-13d77ce88316,set,ok,
28564,c46f12b0-9ff5-4b5c-a342-c39717965879,OEL-157,b8efd8b6-bdf0-42ed-aff9-13d77ce88316,set,ok,
28577,12c7c0b7-d8f8-433e-8dd0-85ebcb838f6d,null,,null,ok,
28578,2bf21776-ca37-4f7b-a9cd-1cb55d97769b,OEL-157,b8efd8b6-bdf0-42ed-aff9-13d77ce88316,set,ok,
28579,0f3bf05c-7114-4a2d-bf83-fd7c1d2fd09f,OEL-157,b8efd8b6-bdf0-42ed-aff9-13d77ce88316,set,ok,
28604,4cbf87d7-b071-456e-b023-a01d34b849ea,OEL-157,b8efd8b6-bdf0-42ed-aff9-13d77ce88316,set,ok,
28617,5c052c19-9b39-40ce-8413-aab26f4332bf,OEL-157,b8efd8b6-bdf0-42ed-aff9-13d77ce88316,set,ok,
28621,ae3ed560-9f7a-4c49-aebf-dfec995ff713,OEL-157,b8efd8b6-bdf0-42ed-aff9-13d77ce88316,set,ok,
28634,aa679859-a775-470b-b4b0-5eb6f14ec2c9,OEL-157,b8efd8b6-bdf0-42ed-aff9-13d77ce88316,set,ok,
28674,7b2c69e3-dff9-4242-9851-0a84681823f3,OEL-157,b8efd8b6-bdf0-42ed-aff9-13d77ce88316,set,ok,
28682,b21513ed-d4c8-4f3f-bc83-3fa527295000,null,,null,ok,
28686,49deabc5-df26-43db-92d3-d737089a40cb,null,,null,ok,
28694,8207f46a-8bd0-446e-b08f-54822fbf61eb,OEL-157,b8efd8b6-bdf0-42ed-aff9-13d77ce88316,set,ok,
28739,b280cc8d-2582-4686-8581-87b8767f4f5b,null,,null,ok,
28761,605e344a-6ec5-4e38-9a14-3b332db16929,null,,null,ok,
28790,4b312c20-6e50-4586-8c66-01ccac09b9bf,OEL-158,ce7f3227-ca5c-4f12-b853-91c35854a343,set,ok,
28800,9dfdb850-68c9-46fe-a928-cc2591019939,OEL-158,ce7f3227-ca5c-4f12-b853-91c35854a343,set,ok,
28823,f324edec-75d8-4652-a1d0-a739f6b74f21,OEL-158,ce7f3227-ca5c-4f12-b853-91c35854a343,set,ok,
28831,9e43a67a-93df-42f0-a780-e5c8649071da,OEL-158,ce7f3227-ca5c-4f12-b853-91c35854a343,set,ok,
28843,c622c126-dff4-4d11-89d2-c718465cb500,OEL-158,ce7f3227-ca5c-4f12-b853-91c35854a343,set,ok,
28854,9125a582-b25a-4274-8136-41e98ba3b2b7,OEL-158,ce7f3227-ca5c-4f12-b853-91c35854a343,set,ok,
28851,d8b25916-8da7-4be8-b878-c7fd27c28b56,OEL-158,ce7f3227-ca5c-4f12-b853-91c35854a343,set,ok,
29007,43c3488f-3372-4f85-909f-8ef56fc7b581,null,,null,ok,
29033,3774805a-f4af-46e6-8b38-3a39cfa0c37d,null,,null,ok,
29100,a5241e2a-ceba-4b1a-89d6-8001d0356243,OEL-158,ce7f3227-ca5c-4f12-b853-91c35854a343,set,ok,
29117,fc70bdd8-0f42-4ea4-90d1-f43e26f2abbb,OEL-158,ce7f3227-ca5c-4f12-b853-91c35854a343,set,ok,
29127,fa3bb853-b6bc-4f83-bc4c-68c0547b316a,OEL-158,ce7f3227-ca5c-4f12-b853-91c35854a343,set,ok,
29133,aa8b2d60-e6e4-4324-9f11-1a5e318cf04c,OEL-158,ce7f3227-ca5c-4f12-b853-91c35854a343,set,ok,
29139,3d049208-ace5-42a7-8072-d7506f53a274,OEL-158,ce7f3227-ca5c-4f12-b853-91c35854a343,set,ok,
29149,82208f5d-3f80-445a-aff8-c04ea62a8320,OEL-158,ce7f3227-ca5c-4f12-b853-91c35854a343,set,ok,
29167,64b7cc0e-04e1-4ae3-8306-090389c98b33,null,,null,ok,
29160,18708c16-679e-4bf9-a9eb-da63155dd14a,OEL-158,ce7f3227-ca5c-4f12-b853-91c35854a343,set,ok,
29172,56939ca1-f287-4b55-8739-b6440c13f475,null,,null,ok,
29186,270dd2e4-ae61-40f9-929d-76df86f1aac8,null,,null,ok,
29195,3c61e89f-0135-44d4-8400-370e802ecaee,null,,null,ok,
29310,c25bcd82-5793-4225-9ce8-bf336fb746aa,OEL-142,eba488a0-2c08-4847-88d5-937f15391eaf,set,ok,
29344,76a625e5-9627-4c67-871b-545f7700be6f,OEL-153,6b0bc8f8-839a-4107-80e8-572fd6003010,set,ok,
29364,769ab90d-c53f-4d49-91b4-00cc2ba494d9,OEL-152,78d3ba99-e501-41a4-b684-4ab498db42a4,set,ok,
29384,f1257256-2131-4fdd-869b-814d347c0e23,OEL-151,af74f68f-e41d-40eb-ac2d-ff526b02cad5,set,ok,
29403,554309fc-8834-49ac-be91-d2cec49f0cd8,OEL-151,af74f68f-e41d-40eb-ac2d-ff526b02cad5,set,ok,
29418,85dda14c-bc41-40b9-b2da-cfb68f796b75,OEL-150,ebf87d45-493d-49ac-ba82-87b56ca913e6,set,ok,
29429,74cdf413-bcd2-4be9-99e8-c288357a1dae,OEL-150,ebf87d45-493d-49ac-ba82-87b56ca913e6,set,ok,
29491,8b69dcb3-c762-4d01-8b6a-ed527eb5d99d,OEL-149,843e8def-a2d2-445a-9f2b-b7d16ef80a45,set,ok,
29848,3d31a78b-1e99-4606-86ef-0628cdc00c70,OEL-147,47e9ca0a-dcf4-4403-92b7-c64765500224,set,ok,
29864,f1c2ce96-c398-4126-a8f0-8481aff22c9c,OEL-149,843e8def-a2d2-445a-9f2b-b7d16ef80a45,set,ok,
29876,089111bb-ddf6-42ae-b8cd-7106f10eb00a,OEL-149,843e8def-a2d2-445a-9f2b-b7d16ef80a45,set,ok,
44877,6251b7d8-f517-43ee-9c7d-8592858b30a8,null,,null,ok,
44887,3e2cd66e-8250-42c2-a268-ca7d4f686151,null,,null,ok,
31785,238f151a-521a-4263-ac19-314b284c3ec3,OEL-159,0177ee45-7b8b-42ea-84ac-5ec59f825017,set,ok,
30472,5aef571b-61f7-4cad-b733-aaf4300e0278,null,,null,ok,
31770,52067976-916c-4c8b-9e1f-beee7a2c3b77,OEL-159,0177ee45-7b8b-42ea-84ac-5ec59f825017,set,ok,
31775,9a6603e8-2262-4fe4-ae10-1443f3dfc3ee,OEL-159,0177ee45-7b8b-42ea-84ac-5ec59f825017,set,ok,
30764,f8cf8779-5848-4ed2-ab8e-6b145c82bf93,null,,null,ok,
31487,2abeed77-8d2a-4efd-9db5-36b2b8c5724c,OEL-117,81fdd5cf-7b82-4c9d-9505-e474a066dcc4,set,ok,
31542,cde6176b-3adc-4237-b1d7-a7430a3b8cfd,OEL-117,81fdd5cf-7b82-4c9d-9505-e474a066dcc4,set,ok,
31544,f21d9c9a-d5b9-4443-bb40-a997a1a9f70b,OEL-117,81fdd5cf-7b82-4c9d-9505-e474a066dcc4,set,ok,
31574,188239f1-9dc4-4635-b4d5-a557b8aeb819,OEL-117,81fdd5cf-7b82-4c9d-9505-e474a066dcc4,set,ok,
31584,421dd9be-69f4-4e23-870f-09ce4285baaa,OEL-117,81fdd5cf-7b82-4c9d-9505-e474a066dcc4,set,ok,
31607,3f558e79-bc85-4891-ac0d-5aef99cae596,OEL-159,0177ee45-7b8b-42ea-84ac-5ec59f825017,set,ok,
33121,1933d9cd-94f5-4104-b5bc-488a519da30b,OEL-160,e1cfd79d-e4e5-41d6-8824-d8eba3f6cd20,set,ok,
33063,17d26555-5406-407a-9c8c-09fa61e071c9,OEL-160,e1cfd79d-e4e5-41d6-8824-d8eba3f6cd20,set,ok,
32654,6ed5322f-337f-4900-a29d-5a039662dd12,OEL-159,0177ee45-7b8b-42ea-84ac-5ec59f825017,set,ok,
31739,fa036156-1044-4db0-8eca-6d688cc7278c,OEL-159,0177ee45-7b8b-42ea-84ac-5ec59f825017,set,ok,
31749,70266ce1-8c16-4155-b052-4af5f5ad9b41,OEL-159,0177ee45-7b8b-42ea-84ac-5ec59f825017,set,ok,
31806,ced87d79-b02f-413e-a2ad-af9b42b22681,null,,null,ok,
31946,cac95c3f-d9b7-4f88-845e-9ec8c93d2589,null,,null,ok,
31954,27fd9b7b-7163-47d6-9dc4-9b06fb275d3d,null,,null,ok,
32665,432f2ef3-f6f3-4580-b4b2-6b3e9e8214dc,OEL-159,0177ee45-7b8b-42ea-84ac-5ec59f825017,set,ok,
33049,d16f55d3-5f4a-4a63-b04e-981fd4241ffa,null,,null,ok,
34619,6c8449ab-371a-42f7-98af-3a826817e501,OEL-109,e62e8aa1-30fc-40f5-98c4-c8cd359e68ad,set,ok,
34387,bdd03dc4-17e4-42bd-bd4b-98ae4a38fe01,null,,null,ok,
33008,406aa630-fda9-4847-a83b-812c92e31e16,OEL-159,0177ee45-7b8b-42ea-84ac-5ec59f825017,set,ok,
33081,a67f04f3-8387-4e9e-b1f7-13ce59c3e3c6,null,,null,ok,
33499,dc8e0bb6-9b70-49ad-8de8-cf7ba10cc622,OEL-102,5faa4e6b-1080-46d9-bd14-81f44b0ccb3d,set,ok,
33155,81572bb0-9467-402f-aba5-4fd9cf39c243,OEL-101,7b6e50f2-d590-412b-9e69-8dbef88d1024,set,ok,
33156,13b91f77-be32-461e-b786-753828e04e42,OEL-101,7b6e50f2-d590-412b-9e69-8dbef88d1024,set,ok,
33170,38cb3f1b-e2f4-4633-af8c-48ecae62f86b,OEL-101,7b6e50f2-d590-412b-9e69-8dbef88d1024,set,ok,
33178,72ffa9cb-8d11-43a4-9a83-65d60b2e5e0e,OEL-101,7b6e50f2-d590-412b-9e69-8dbef88d1024,set,ok,
33179,6008b991-3a92-42c2-8ba4-d7c57fd09694,OEL-101,7b6e50f2-d590-412b-9e69-8dbef88d1024,set,ok,
33184,93efd86f-48ed-451f-b5ac-5171a2f22ccf,OEL-101,7b6e50f2-d590-412b-9e69-8dbef88d1024,set,ok,
33190,93ee9628-33af-469c-855f-850f31ddfc13,OEL-101,7b6e50f2-d590-412b-9e69-8dbef88d1024,set,ok,
33197,13a62468-c126-430a-ab4b-429629482f08,OEL-101,7b6e50f2-d590-412b-9e69-8dbef88d1024,set,ok,
33209,4325a016-3e74-466a-b36d-ff40970e839c,OEL-101,7b6e50f2-d590-412b-9e69-8dbef88d1024,set,ok,
33228,f2f4dd7d-5f87-446d-b1b6-8d37b028c021,OEL-160,e1cfd79d-e4e5-41d6-8824-d8eba3f6cd20,set,ok,
33295,38f5b66a-e4d2-422e-b371-a06529ed1622,OEL-160,e1cfd79d-e4e5-41d6-8824-d8eba3f6cd20,set,ok,
33328,f4ab5670-9958-4dba-b9f5-df91d693d5bc,OEL-160,e1cfd79d-e4e5-41d6-8824-d8eba3f6cd20,set,ok,
33472,7403c3be-1c5b-4aa4-9c75-caea4a3ffcb9,OEL-160,e1cfd79d-e4e5-41d6-8824-d8eba3f6cd20,set,ok,
33488,61cca815-03e7-4715-aae5-e38c29cc9b34,OEL-102,5faa4e6b-1080-46d9-bd14-81f44b0ccb3d,set,ok,
33504,efb9c874-e427-493c-9239-c76398078702,OEL-102,5faa4e6b-1080-46d9-bd14-81f44b0ccb3d,set,ok,
33510,cc3332c5-3b98-4e44-ad30-d1617967baed,OEL-102,5faa4e6b-1080-46d9-bd14-81f44b0ccb3d,set,ok,
33513,5264a0d4-eccf-4259-9c95-9337ed595057,OEL-102,5faa4e6b-1080-46d9-bd14-81f44b0ccb3d,set,ok,
33522,7cf437d9-98f7-4f8f-bb89-5ea333e7320b,OEL-102,5faa4e6b-1080-46d9-bd14-81f44b0ccb3d,set,ok,
33524,6e778f19-e83d-4dee-a91f-66395afb7083,OEL-102,5faa4e6b-1080-46d9-bd14-81f44b0ccb3d,set,ok,
33533,295940c7-5c2f-4d2c-87c7-2e2f10e7380a,OEL-102,5faa4e6b-1080-46d9-bd14-81f44b0ccb3d,set,ok,
33537,48809337-95eb-4c30-9cca-40c7e510533f,OEL-102,5faa4e6b-1080-46d9-bd14-81f44b0ccb3d,set,ok,
33543,c8faa863-2ab6-4cc4-87f6-40b1a96b7bac,OEL-102,5faa4e6b-1080-46d9-bd14-81f44b0ccb3d,set,ok,
33551,b7cd66ff-7a5d-42c5-b43e-b953d8979c2a,OEL-102,5faa4e6b-1080-46d9-bd14-81f44b0ccb3d,set,ok,
33552,4bb839de-9e9c-4e65-addf-2234a3ae3738,OEL-102,5faa4e6b-1080-46d9-bd14-81f44b0ccb3d,set,ok,
33553,0c76e00f-8d46-4351-be1b-94bfefd85e03,OEL-102,5faa4e6b-1080-46d9-bd14-81f44b0ccb3d,set,ok,
33577,498f4f97-6b5e-4e07-b692-ac517dfad173,OEL-102,5faa4e6b-1080-46d9-bd14-81f44b0ccb3d,set,ok,
33601,c9d9bede-6717-407f-ae01-855769f0830a,OEL-155,df9ef8e1-4c04-4dfa-b745-01f25af896d8,set,ok,
33635,6200cd81-8fc5-4d0b-a246-30e8fe055910,OEL-160,e1cfd79d-e4e5-41d6-8824-d8eba3f6cd20,set,ok,
33645,25bf5304-8262-485b-8eea-c774d548ce5c,OEL-160,e1cfd79d-e4e5-41d6-8824-d8eba3f6cd20,set,ok,
33725,f4b8420b-675c-4caa-a11f-7bc5189e32f4,OEL-103,2ce7e19f-0c8a-4537-ac3d-a9608c416dac,set,ok,
33732,edab790a-875c-45b9-9ba0-1ccea36dabc9,OEL-103,2ce7e19f-0c8a-4537-ac3d-a9608c416dac,set,ok,
33733,c24cb56b-509a-484d-8ff8-844ed8b47da1,OEL-103,2ce7e19f-0c8a-4537-ac3d-a9608c416dac,set,ok,
33714,4eaa4c16-ef11-412b-9ec0-8dbacf6a4543,OEL-103,2ce7e19f-0c8a-4537-ac3d-a9608c416dac,set,ok,
33716,09c12b14-dbb7-4a4c-9587-73a7309ff12f,OEL-103,2ce7e19f-0c8a-4537-ac3d-a9608c416dac,set,ok,
33706,ecd574d1-d615-4de2-b5a6-8748d1173430,OEL-103,2ce7e19f-0c8a-4537-ac3d-a9608c416dac,set,ok,
33691,494bcaa6-a58f-4995-96bb-958b8133e989,OEL-103,2ce7e19f-0c8a-4537-ac3d-a9608c416dac,set,ok,
33742,6d6cb348-9274-4490-bf14-1b452ec4cfa5,OEL-103,2ce7e19f-0c8a-4537-ac3d-a9608c416dac,set,ok,
33746,e03c6f3b-b699-4fb4-b2f0-39ee8ccbcdf3,OEL-103,2ce7e19f-0c8a-4537-ac3d-a9608c416dac,set,ok,
33755,37256bd0-98f0-47dc-a05f-46d47711f3db,OEL-103,2ce7e19f-0c8a-4537-ac3d-a9608c416dac,set,ok,
33769,ec473ea4-c18c-4cd3-a4b7-92f75bac157a,OEL-103,2ce7e19f-0c8a-4537-ac3d-a9608c416dac,set,ok,
33777,07f359d7-bfc1-4a6d-b7f0-9d9829f7a7de,OEL-103,2ce7e19f-0c8a-4537-ac3d-a9608c416dac,set,ok,
33778,a2fdda90-a355-4c61-a0da-f8f88af33fb8,OEL-103,2ce7e19f-0c8a-4537-ac3d-a9608c416dac,set,ok,
33783,23e92712-a603-450c-982e-fc22147543b6,OEL-103,2ce7e19f-0c8a-4537-ac3d-a9608c416dac,set,ok,
33798,0a8f7cb7-b3f3-418c-9e59-8791f78c07a4,OEL-103,2ce7e19f-0c8a-4537-ac3d-a9608c416dac,set,ok,
33802,7ef31df0-f44c-44a0-b9e5-e653ebbbda9b,OEL-103,2ce7e19f-0c8a-4537-ac3d-a9608c416dac,set,ok,
33873,58dc88e1-b24f-46e3-8863-9fef965e13d9,OEL-104,d2034599-20ff-4662-beb9-a785be0377bc,set,ok,
33867,7ab400e9-1b00-4797-8217-16a82bb5cf77,OEL-104,d2034599-20ff-4662-beb9-a785be0377bc,set,ok,
33877,7663a046-aea0-4d1b-9ff0-bcd3b00b3b5d,OEL-104,d2034599-20ff-4662-beb9-a785be0377bc,set,ok,
33882,e498d9e4-7c6e-4b06-bc99-d9efe0c56646,OEL-104,d2034599-20ff-4662-beb9-a785be0377bc,set,ok,
33888,4a232b60-083a-4872-91d0-751182379c0a,OEL-104,d2034599-20ff-4662-beb9-a785be0377bc,set,ok,
33901,e9cd63c3-41f4-4d09-9e95-f32e0822c46c,OEL-104,d2034599-20ff-4662-beb9-a785be0377bc,set,ok,
33902,3499d15e-406e-4d86-9d11-b40831837838,OEL-104,d2034599-20ff-4662-beb9-a785be0377bc,set,ok,
33910,a30af4a5-8264-4103-b2fb-3bea50be7420,OEL-104,d2034599-20ff-4662-beb9-a785be0377bc,set,ok,
33914,40579869-56c2-4cd7-9099-1555dd007717,OEL-104,d2034599-20ff-4662-beb9-a785be0377bc,set,ok,
33917,43df9710-5887-437e-aebc-c82b5e7d7b6d,OEL-104,d2034599-20ff-4662-beb9-a785be0377bc,set,ok,
33932,2d866075-3eb6-43dd-8b82-c5f37594b7bf,OEL-104,d2034599-20ff-4662-beb9-a785be0377bc,set,ok,
33934,1064d918-f8df-4180-9284-c86d627f54e4,OEL-104,d2034599-20ff-4662-beb9-a785be0377bc,set,ok,
33928,07e08abb-30e0-4bf1-9e4d-befe56e37c2c,OEL-104,d2034599-20ff-4662-beb9-a785be0377bc,set,ok,
33945,71105498-2286-4010-aaa7-d67ef5588f88,OEL-104,d2034599-20ff-4662-beb9-a785be0377bc,set,ok,
33947,4b8f5bb7-73ce-4bab-8095-bc3331b686b8,OEL-104,d2034599-20ff-4662-beb9-a785be0377bc,set,ok,
33958,1c136fc2-e196-47b2-b5bc-f6d5cd7f3cb9,OEL-104,d2034599-20ff-4662-beb9-a785be0377bc,set,ok,
33959,9373bd0d-f9f8-4ae5-be7e-25360da8149e,OEL-104,d2034599-20ff-4662-beb9-a785be0377bc,set,ok,
33963,4dc9f072-c5c3-458e-a48e-9095c1de7f5a,OEL-104,d2034599-20ff-4662-beb9-a785be0377bc,set,ok,
34404,5983ad08-7c51-4d20-a9f9-c7fa45234d85,OEL-106,d2f538f4-91c9-4299-a2df-fb023cae9564,set,ok,
33989,f2cfcd82-8d40-4595-8326-50a647793891,OEL-160,e1cfd79d-e4e5-41d6-8824-d8eba3f6cd20,set,ok,
34004,6c6070d7-6f92-48a2-8d33-571a66160587,OEL-105,b9ddaf2a-f21e-4cb5-a805-e12d13013c9b,set,ok,
34018,a7cc0df0-42c1-46f9-8dfd-7ab12c14730c,OEL-105,b9ddaf2a-f21e-4cb5-a805-e12d13013c9b,set,ok,
34022,57a80836-58d5-4fdf-ac19-7802c6d7ef78,OEL-105,b9ddaf2a-f21e-4cb5-a805-e12d13013c9b,set,ok,
34023,808c0376-ead3-4fdb-85d5-909c1d160367,OEL-105,b9ddaf2a-f21e-4cb5-a805-e12d13013c9b,set,ok,
34033,97e1be87-8714-4a8b-b3a0-86d66d0d80d1,OEL-105,b9ddaf2a-f21e-4cb5-a805-e12d13013c9b,set,ok,
34037,63da222f-2bcc-441e-ada5-ebb0100d871a,OEL-105,b9ddaf2a-f21e-4cb5-a805-e12d13013c9b,set,ok,
34040,f08761cd-be9a-4396-95d6-f64e9c21abf6,OEL-105,b9ddaf2a-f21e-4cb5-a805-e12d13013c9b,set,ok,
34046,f4c21227-147d-4456-9c16-d0140dc166c9,OEL-105,b9ddaf2a-f21e-4cb5-a805-e12d13013c9b,set,ok,
34064,9edace2d-8b68-4ddc-8719-562d7261c19d,OEL-105,b9ddaf2a-f21e-4cb5-a805-e12d13013c9b,set,ok,
34140,0f60b383-26e5-4568-bc4e-1508341cabdd,OEL-107,62c2dd0f-af50-4bac-8ba0-2cdd8f0d1ec4,set,ok,
34141,4421d6b1-6a94-47a2-92a4-25bb7fa5d209,OEL-160,e1cfd79d-e4e5-41d6-8824-d8eba3f6cd20,set,ok,
34630,1f1bad49-f8d9-4d50-b3f3-c670594f6b4d,OEL-109,e62e8aa1-30fc-40f5-98c4-c8cd359e68ad,set,ok,
34626,7fa00822-775a-4b9f-a591-6b6a9bb72f64,OEL-109,e62e8aa1-30fc-40f5-98c4-c8cd359e68ad,set,ok,
34149,5180c5e9-e403-45a1-a90a-086440180eee,OEL-107,62c2dd0f-af50-4bac-8ba0-2cdd8f0d1ec4,set,ok,
34154,559a90bb-8e0b-4b08-a96e-ff3e2d76f65d,OEL-107,62c2dd0f-af50-4bac-8ba0-2cdd8f0d1ec4,set,ok,
34155,51eb0781-0c3b-479a-b78d-afba7af810b3,OEL-107,62c2dd0f-af50-4bac-8ba0-2cdd8f0d1ec4,set,ok,
34159,d1bc6936-8af2-4b09-8b76-cc5776cab3f0,OEL-107,62c2dd0f-af50-4bac-8ba0-2cdd8f0d1ec4,set,ok,
34173,f4daa8a2-3a82-40de-8e2f-609470de6ba4,OEL-107,62c2dd0f-af50-4bac-8ba0-2cdd8f0d1ec4,set,ok,
34182,06aa8bc7-2f67-4d59-8751-9ab8b64e337c,OEL-107,62c2dd0f-af50-4bac-8ba0-2cdd8f0d1ec4,set,ok,
34184,62d677dd-2655-451a-acef-4054dab9d864,OEL-107,62c2dd0f-af50-4bac-8ba0-2cdd8f0d1ec4,set,ok,
34185,5643cd98-d4aa-4d41-82e6-98075f3fa21d,OEL-107,62c2dd0f-af50-4bac-8ba0-2cdd8f0d1ec4,set,ok,
34197,448a2e9b-c6d1-4b0a-9da6-f6a0f53c6cbc,OEL-107,62c2dd0f-af50-4bac-8ba0-2cdd8f0d1ec4,set,ok,
34198,3d2302ae-9c44-4a09-803b-323e3a7ceb00,OEL-107,62c2dd0f-af50-4bac-8ba0-2cdd8f0d1ec4,set,ok,
34217,da806054-33ca-4b1d-bdd5-f595cb6ac8d1,OEL-107,62c2dd0f-af50-4bac-8ba0-2cdd8f0d1ec4,set,ok,
34224,7f634e4b-a81c-4769-8cad-d1cf2a522818,OEL-107,62c2dd0f-af50-4bac-8ba0-2cdd8f0d1ec4,set,ok,
34234,f3de373b-d307-496f-bb5c-5466402eb5bb,OEL-107,62c2dd0f-af50-4bac-8ba0-2cdd8f0d1ec4,set,ok,
34239,9dca7af3-10c9-4305-92df-faa94c0018ff,OEL-107,62c2dd0f-af50-4bac-8ba0-2cdd8f0d1ec4,set,ok,
34249,fd703a1d-ee2d-4869-8859-257ae98f6f72,OEL-107,62c2dd0f-af50-4bac-8ba0-2cdd8f0d1ec4,set,ok,
34251,cf629e88-3ca6-42ac-a063-efe00789552a,OEL-107,62c2dd0f-af50-4bac-8ba0-2cdd8f0d1ec4,set,ok,
34257,344e4397-4bba-4a2c-a502-2f7220d14fe6,OEL-107,62c2dd0f-af50-4bac-8ba0-2cdd8f0d1ec4,set,ok,
34295,33b84958-96b8-438d-881f-ea7ef8d8b716,OEL-160,e1cfd79d-e4e5-41d6-8824-d8eba3f6cd20,set,ok,
34310,6428822d-08a0-490e-bd6e-a7f02cf2fdd2,OEL-160,e1cfd79d-e4e5-41d6-8824-d8eba3f6cd20,set,ok,
34328,37f495a2-a510-4ae0-a7f3-1bd32295a9a3,OEL-160,e1cfd79d-e4e5-41d6-8824-d8eba3f6cd20,set,ok,
34335,84cb3db9-84d0-4ec1-a400-fb0082a03d0f,null,,null,ok,
34343,fd8cd4ea-1bd6-44b2-9841-292dce8186d3,null,,null,ok,
34349,e807c8ea-71d7-4fae-9e3f-ec9e795713bc,OEL-160,e1cfd79d-e4e5-41d6-8824-d8eba3f6cd20,set,ok,
34406,216f674e-10ae-4651-be3b-d27af5954ac4,OEL-106,d2f538f4-91c9-4299-a2df-fb023cae9564,set,ok,
34415,d8192137-4917-44d7-9cc6-86d03c9a9554,OEL-106,d2f538f4-91c9-4299-a2df-fb023cae9564,set,ok,
34417,75ba2cf9-1783-4dc2-ba9f-4c708c740e60,OEL-106,d2f538f4-91c9-4299-a2df-fb023cae9564,set,ok,
34426,4415980f-ec72-4817-b293-c6a8ccbd6dc1,OEL-106,d2f538f4-91c9-4299-a2df-fb023cae9564,set,ok,
34428,839f66ac-21c2-4325-97d6-9eb130bc0662,OEL-106,d2f538f4-91c9-4299-a2df-fb023cae9564,set,ok,
34436,26c5e8b3-a4fd-4915-859c-8f79df092970,OEL-106,d2f538f4-91c9-4299-a2df-fb023cae9564,set,ok,
34439,a52def99-78e5-4167-9bb8-41f8d5874ff8,OEL-106,d2f538f4-91c9-4299-a2df-fb023cae9564,set,ok,
34452,d7b1e3fa-3b55-45b9-9a32-1841a552bf06,OEL-106,d2f538f4-91c9-4299-a2df-fb023cae9564,set,ok,
34459,8ac19c56-b5a0-4422-9475-29e94a2291c0,OEL-106,d2f538f4-91c9-4299-a2df-fb023cae9564,set,ok,
34460,14fc7753-3c0c-4bb0-bc71-d7f897873265,OEL-106,d2f538f4-91c9-4299-a2df-fb023cae9564,set,ok,
34466,cccd4eb2-56d5-4787-acc2-7d3dcd476adf,OEL-106,d2f538f4-91c9-4299-a2df-fb023cae9564,set,ok,
34474,96bd57ac-4550-4282-8200-700977f8f0e5,OEL-106,d2f538f4-91c9-4299-a2df-fb023cae9564,set,ok,
34486,12f8fe0f-daf2-4885-b8b3-a66db62c7350,OEL-106,d2f538f4-91c9-4299-a2df-fb023cae9564,set,ok,
34487,9045d12a-484c-40ea-87ca-a2ce1fa97390,OEL-106,d2f538f4-91c9-4299-a2df-fb023cae9564,set,ok,
34497,d869d57a-3690-471f-a084-64f514527d85,OEL-106,d2f538f4-91c9-4299-a2df-fb023cae9564,set,ok,
34525,b2928ad6-61a4-4ebc-a727-03dc4639e5af,OEL-108,f4329691-b632-49fd-962f-6a1d97c34bb1,set,ok,
34526,ed253309-4f3e-471d-9c40-aade3531d424,OEL-108,f4329691-b632-49fd-962f-6a1d97c34bb1,set,ok,
34538,ef14e4b5-25fd-407d-badd-402b1f379f13,OEL-108,f4329691-b632-49fd-962f-6a1d97c34bb1,set,ok,
34540,12f1cbd3-5d79-4cf1-b769-7da15442a4ae,OEL-108,f4329691-b632-49fd-962f-6a1d97c34bb1,set,ok,
34551,195c1df1-3497-495d-8f0d-cb669fc41cc9,OEL-108,f4329691-b632-49fd-962f-6a1d97c34bb1,set,ok,
34555,28f0f6f2-3e6f-4836-bc5b-0e8eec07601e,OEL-108,f4329691-b632-49fd-962f-6a1d97c34bb1,set,ok,
34558,152e251f-7145-46e2-a362-114a2f308ed1,OEL-108,f4329691-b632-49fd-962f-6a1d97c34bb1,set,ok,
34565,c1eb0b24-0a71-47de-8a64-9ca597e631f2,OEL-108,f4329691-b632-49fd-962f-6a1d97c34bb1,set,ok,
34568,8791a3ce-b4e7-4613-be8b-0ee78e0be1f2,OEL-108,f4329691-b632-49fd-962f-6a1d97c34bb1,set,ok,
34576,d3c6033b-3572-4751-9791-e856fcf8c5ca,OEL-108,f4329691-b632-49fd-962f-6a1d97c34bb1,set,ok,
34578,a6d047d9-657b-4a2e-9b6c-6b8cf18ed97f,OEL-108,f4329691-b632-49fd-962f-6a1d97c34bb1,set,ok,
34585,098509a9-19af-4e70-853c-7fec4ef92324,OEL-108,f4329691-b632-49fd-962f-6a1d97c34bb1,set,ok,
34589,af0d01e5-6209-4b3a-a27c-d19b078c1996,OEL-108,f4329691-b632-49fd-962f-6a1d97c34bb1,set,ok,
34594,6f3c467b-133a-40ec-8780-d9887f46f921,OEL-108,f4329691-b632-49fd-962f-6a1d97c34bb1,set,ok,
34599,5df11610-8df3-4645-ace2-8f5199ca76e6,OEL-108,f4329691-b632-49fd-962f-6a1d97c34bb1,set,ok,
34642,1812345a-6de9-48a0-be99-5dc25f5fabdb,OEL-109,e62e8aa1-30fc-40f5-98c4-c8cd359e68ad,set,ok,
34647,e5807ae0-97f2-4d07-ba1f-5569ad888c07,OEL-109,e62e8aa1-30fc-40f5-98c4-c8cd359e68ad,set,ok,
34650,32a5f984-b204-4fd7-a845-13ce7cda17de,OEL-109,e62e8aa1-30fc-40f5-98c4-c8cd359e68ad,set,ok,
34656,62524cf1-d7af-4829-8270-da1db61f6139,OEL-109,e62e8aa1-30fc-40f5-98c4-c8cd359e68ad,set,ok,
34661,02b4030d-9b84-4a5c-af27-309cea2a9671,OEL-109,e62e8aa1-30fc-40f5-98c4-c8cd359e68ad,set,ok,
34675,79f0e2fb-f2e9-40de-82ed-1ae074153819,OEL-109,e62e8aa1-30fc-40f5-98c4-c8cd359e68ad,set,ok,
34680,b642327b-ec02-428f-aac2-5c79426a35d0,OEL-109,e62e8aa1-30fc-40f5-98c4-c8cd359e68ad,set,ok,
34685,663a2fd8-0034-4283-b36f-0400233ca0d4,OEL-109,e62e8aa1-30fc-40f5-98c4-c8cd359e68ad,set,ok,
34689,b82d4971-aaab-40a5-897f-b797598f2586,OEL-109,e62e8aa1-30fc-40f5-98c4-c8cd359e68ad,set,ok,
34696,f4f8b1ad-fe3a-4ace-86c3-9a40397cdca3,OEL-109,e62e8aa1-30fc-40f5-98c4-c8cd359e68ad,set,ok,
34701,7ff5350f-28d3-43af-a97a-62c7b48c8067,OEL-109,e62e8aa1-30fc-40f5-98c4-c8cd359e68ad,set,ok,
34709,00f4e655-4f85-4338-ac8d-8f97957423b0,OEL-109,e62e8aa1-30fc-40f5-98c4-c8cd359e68ad,set,ok,
34715,f4597094-70f7-45f6-9273-58443955258f,OEL-109,e62e8aa1-30fc-40f5-98c4-c8cd359e68ad,set,ok,
36205,3728a598-42c2-4dbe-afa0-791ebbe00aba,OEL-117,81fdd5cf-7b82-4c9d-9505-e474a066dcc4,set,ok,
34768,b30ef82d-c2ed-4f12-ba52-c60fcc97348e,OEL-110,480cdbf4-b91d-4949-92d6-7d80248869aa,set,ok,
34764,9482d2fe-0c8a-4f83-a2ed-8e6c4b874d35,null,,null,ok,
34775,af09cb13-9fd9-4322-84ff-43a1d445612e,OEL-110,480cdbf4-b91d-4949-92d6-7d80248869aa,set,ok,
34782,a6693d21-866a-4222-b69a-494c37487bec,OEL-110,480cdbf4-b91d-4949-92d6-7d80248869aa,set,ok,
34784,7ee0723c-de3d-426b-98e0-ef95976f6943,OEL-110,480cdbf4-b91d-4949-92d6-7d80248869aa,set,ok,
34789,8e731cf6-d082-4d87-96fe-9550ad8ee539,OEL-110,480cdbf4-b91d-4949-92d6-7d80248869aa,set,ok,
34790,8c264f10-c2fd-4502-b00f-eada47da43b3,OEL-110,480cdbf4-b91d-4949-92d6-7d80248869aa,set,ok,
34793,303cda94-c543-473e-8dc7-128240d689a2,OEL-110,480cdbf4-b91d-4949-92d6-7d80248869aa,set,ok,
34805,ab2b255c-bd1b-40f1-8ca7-561ab5fecc80,OEL-110,480cdbf4-b91d-4949-92d6-7d80248869aa,set,ok,
34814,ab3cd2dd-854a-444f-b2a8-1ba67cab609b,OEL-110,480cdbf4-b91d-4949-92d6-7d80248869aa,set,ok,
34828,272cd267-7966-438c-b6d2-e4ba56048e4e,OEL-110,480cdbf4-b91d-4949-92d6-7d80248869aa,set,ok,
34838,d5fd84ee-aaf1-423c-9d0e-430884b78299,OEL-110,480cdbf4-b91d-4949-92d6-7d80248869aa,set,ok,
34840,f05dbc64-297e-4b3b-8022-79a23d6ef88d,OEL-110,480cdbf4-b91d-4949-92d6-7d80248869aa,set,ok,
34851,bbdbf91c-5843-4f4e-ae10-f4b5f0ff179d,OEL-110,480cdbf4-b91d-4949-92d6-7d80248869aa,set,ok,
34854,166e6283-a084-4db2-a2b7-e6bfed347cd3,OEL-110,480cdbf4-b91d-4949-92d6-7d80248869aa,set,ok,
34886,7552fcb8-056a-4373-bed9-08aabcbc4121,null,,null,ok,
35160,1fd3515f-d496-458f-ba48-71347e665ba3,null,,null,ok,
35559,d66c00d4-3203-4084-be48-80ff6ad16df2,OEL-112,90885b4e-5a41-4428-a6b0-87cf9d0d2c5f,set,ok,
35234,eb98754f-2026-4906-8f46-b328e147e771,OEL-161,09d2a76a-f405-4658-9f8e-8d218dff9248,set,ok,
35276,39f458c2-7b7d-48a4-acff-40ad80757131,null,,null,ok,
35330,73704c51-e038-4566-81ad-9ede4f0ee098,OEL-111,4e8ce322-1c18-4a16-b0fd-78110ddafbd7,set,ok,
35334,968537f4-5563-49a8-8e5d-eca13956e4d5,OEL-111,4e8ce322-1c18-4a16-b0fd-78110ddafbd7,set,ok,
35335,6036f8c2-d6e2-4b43-a859-e70f85dde57d,OEL-111,4e8ce322-1c18-4a16-b0fd-78110ddafbd7,set,ok,
35312,0f9f90fe-b8b8-4d80-8507-1457464e2200,null,,null,ok,
35315,fdd299d3-59a0-441f-9be5-d1d265445e17,OEL-111,4e8ce322-1c18-4a16-b0fd-78110ddafbd7,set,ok,
35325,d29ee698-54be-4563-85ea-92a61c73ba3a,OEL-111,4e8ce322-1c18-4a16-b0fd-78110ddafbd7,set,ok,
35349,d8a0b6ac-688a-448c-a243-ab304c67f10f,OEL-111,4e8ce322-1c18-4a16-b0fd-78110ddafbd7,set,ok,
35344,4a1f0b5f-fba7-4bf9-a9bd-547576526cbe,OEL-111,4e8ce322-1c18-4a16-b0fd-78110ddafbd7,set,ok,
35353,ddad4ed7-1eb9-4f6f-a53d-bb27ee2a9106,OEL-111,4e8ce322-1c18-4a16-b0fd-78110ddafbd7,set,ok,
35359,eda2851a-712c-445e-9834-01089229e532,OEL-111,4e8ce322-1c18-4a16-b0fd-78110ddafbd7,set,ok,
35368,5c0153f3-0aee-41cc-be52-31c65a373fcf,OEL-111,4e8ce322-1c18-4a16-b0fd-78110ddafbd7,set,ok,
35371,622c04ed-4233-441a-bc6b-438c4e530d5a,OEL-111,4e8ce322-1c18-4a16-b0fd-78110ddafbd7,set,ok,
35376,5f0f1c3c-eed3-4a4c-89a5-ac2ad354e478,OEL-111,4e8ce322-1c18-4a16-b0fd-78110ddafbd7,set,ok,
35381,7449a506-298e-4fb1-a4f9-c9f8531d282e,OEL-111,4e8ce322-1c18-4a16-b0fd-78110ddafbd7,set,ok,
35391,6b6ffbdc-cf16-4545-8ff0-b86118d0a635,OEL-111,4e8ce322-1c18-4a16-b0fd-78110ddafbd7,set,ok,
35394,e9b6fd7b-a150-4034-a87e-13e4deb9f51e,OEL-111,4e8ce322-1c18-4a16-b0fd-78110ddafbd7,set,ok,
35402,d8995d8b-093d-475b-b106-c1e44ff038ef,OEL-111,4e8ce322-1c18-4a16-b0fd-78110ddafbd7,set,ok,
35406,282fdf9e-3b6b-48a8-bca9-ff8aa941bb07,OEL-111,4e8ce322-1c18-4a16-b0fd-78110ddafbd7,set,ok,
35411,781d22b0-9b86-4452-bf4c-b77aaa75d5da,OEL-111,4e8ce322-1c18-4a16-b0fd-78110ddafbd7,set,ok,
35416,efe01b57-c338-4bc9-b606-815ef9a0ea14,OEL-111,4e8ce322-1c18-4a16-b0fd-78110ddafbd7,set,ok,
35566,bb00a6b5-455f-4773-b9a8-ae6b220a6d51,OEL-112,90885b4e-5a41-4428-a6b0-87cf9d0d2c5f,set,ok,
35571,4cecdd6d-a280-4b63-b733-497c6b7209df,OEL-112,90885b4e-5a41-4428-a6b0-87cf9d0d2c5f,set,ok,
35575,51e7ad98-76a2-4dd4-a6df-bc9097c55a9f,OEL-112,90885b4e-5a41-4428-a6b0-87cf9d0d2c5f,set,ok,
35580,e2c141de-8982-40be-aee0-11c4b6b32427,OEL-112,90885b4e-5a41-4428-a6b0-87cf9d0d2c5f,set,ok,
35586,21f42ee8-ddc4-449a-a728-59e462a36dc4,OEL-112,90885b4e-5a41-4428-a6b0-87cf9d0d2c5f,set,ok,
35594,51cebab3-7021-421f-8a89-9c0fabd0f618,OEL-112,90885b4e-5a41-4428-a6b0-87cf9d0d2c5f,set,ok,
35604,84e6de7b-8f72-44e3-ac2e-3fb83e08edab,OEL-112,90885b4e-5a41-4428-a6b0-87cf9d0d2c5f,set,ok,
35609,67c98064-779d-4d30-87af-06ad28ab67b9,OEL-112,90885b4e-5a41-4428-a6b0-87cf9d0d2c5f,set,ok,
35616,21944179-5e86-4d1b-9848-71b3b80ddc7a,OEL-112,90885b4e-5a41-4428-a6b0-87cf9d0d2c5f,set,ok,
35621,12e2fc5f-c96c-41f9-904c-a60db647d2b5,OEL-112,90885b4e-5a41-4428-a6b0-87cf9d0d2c5f,set,ok,
35627,83000ec3-bedf-4455-9bfe-14d03aac8941,OEL-112,90885b4e-5a41-4428-a6b0-87cf9d0d2c5f,set,ok,
35635,b628a86e-d02f-4eba-96d3-abd9100da964,OEL-112,90885b4e-5a41-4428-a6b0-87cf9d0d2c5f,set,ok,
35636,6e7cf30a-a09a-4f87-8553-1834b30c4558,OEL-112,90885b4e-5a41-4428-a6b0-87cf9d0d2c5f,set,ok,
35646,7e59eef0-279b-4eec-80f3-c1319ee65dc2,OEL-112,90885b4e-5a41-4428-a6b0-87cf9d0d2c5f,set,ok,
35656,d34cae61-65f3-4884-828b-c36998573b3f,OEL-112,90885b4e-5a41-4428-a6b0-87cf9d0d2c5f,set,ok,
35988,284c7f02-36a8-45ae-b5f5-f35968b094d8,OEL-115,80c54c04-bc5c-4477-ab6b-f9ac5a2e5aae,set,ok,
37575,a8094723-e78b-4b5a-a527-a85bd916973d,OEL-122,088a6c27-0707-4dde-9e9c-41a138602040,set,ok,
35707,3daac74b-86a9-48aa-a0f1-997e4e9ac5b9,OEL-113,9b957cda-88f9-45ef-897e-c62fb7dcac48,set,ok,
35717,16d4af02-73f7-4762-b1fa-10a493c99f75,OEL-113,9b957cda-88f9-45ef-897e-c62fb7dcac48,set,ok,
35724,9dd0a8c1-d594-4c33-93e6-614ebfc6a805,OEL-113,9b957cda-88f9-45ef-897e-c62fb7dcac48,set,ok,
35730,02b43b29-568f-486f-aa7a-a0b720f1f00c,OEL-113,9b957cda-88f9-45ef-897e-c62fb7dcac48,set,ok,
35735,c3632c69-eea6-4183-8a82-c2a4aae3706e,OEL-113,9b957cda-88f9-45ef-897e-c62fb7dcac48,set,ok,
35736,579960dd-ecd2-4481-9a79-19626b71d916,OEL-113,9b957cda-88f9-45ef-897e-c62fb7dcac48,set,ok,
35749,e71ff448-b23e-4b57-bd6d-07047bb9ad4a,OEL-113,9b957cda-88f9-45ef-897e-c62fb7dcac48,set,ok,
35752,ee7b20f5-e311-4d30-9710-6ad6f6ae177f,OEL-113,9b957cda-88f9-45ef-897e-c62fb7dcac48,set,ok,
35758,fd53ed1e-e800-4b6c-810e-01e40810c621,OEL-113,9b957cda-88f9-45ef-897e-c62fb7dcac48,set,ok,
35772,7f7168b8-f53e-4020-b2da-d0a0cf4076cb,OEL-113,9b957cda-88f9-45ef-897e-c62fb7dcac48,set,ok,
35786,eafa165a-4fdd-4ff2-a8cb-b8136dcf008a,OEL-113,9b957cda-88f9-45ef-897e-c62fb7dcac48,set,ok,
35865,113f0a54-4893-4d97-972c-9fd9fd8709ca,OEL-113,9b957cda-88f9-45ef-897e-c62fb7dcac48,set,ok,
35797,5559f388-6743-49e1-b7bf-f872b61c2488,OEL-113,9b957cda-88f9-45ef-897e-c62fb7dcac48,set,ok,
35799,36c23a6f-4ecc-467e-b686-11596cb5dcd3,OEL-113,9b957cda-88f9-45ef-897e-c62fb7dcac48,set,ok,
35807,dcf0a8a6-3392-44d1-add5-0645aab74253,OEL-113,9b957cda-88f9-45ef-897e-c62fb7dcac48,set,ok,
35819,a9eecc5b-3b04-43de-a8f9-a14ee7662c7d,OEL-113,9b957cda-88f9-45ef-897e-c62fb7dcac48,set,ok,
35825,4ef95a11-4673-4739-970d-27432a18fc4c,OEL-113,9b957cda-88f9-45ef-897e-c62fb7dcac48,set,ok,
35826,a1275143-2e6e-41e6-9123-2ef35a2b3bdf,OEL-113,9b957cda-88f9-45ef-897e-c62fb7dcac48,set,ok,
35837,f1527fb9-9ecd-41b0-8db8-2150258e7ad4,OEL-113,9b957cda-88f9-45ef-897e-c62fb7dcac48,set,ok,
35842,86923aa3-5fe2-4499-bb02-66f2bc091a30,OEL-113,9b957cda-88f9-45ef-897e-c62fb7dcac48,set,ok,
35850,6e429e0b-95eb-4d35-9c30-303a05fa8995,OEL-113,9b957cda-88f9-45ef-897e-c62fb7dcac48,set,ok,
35851,897e6a6d-95ce-433a-be62-83c7050e071f,OEL-113,9b957cda-88f9-45ef-897e-c62fb7dcac48,set,ok,
35879,59ed71b2-30c9-45e8-9d95-e7310ec2aee2,OEL-114,1718faa5-46c8-4310-aea8-8706e50e5bed,set,ok,
35887,db009561-0a2d-4995-8407-079fe8d55152,OEL-114,1718faa5-46c8-4310-aea8-8706e50e5bed,set,ok,
35895,604591a9-bd61-4624-a693-22fa22607c4c,OEL-114,1718faa5-46c8-4310-aea8-8706e50e5bed,set,ok,
35901,1baa19df-79c7-44ac-ae14-dd9db9b44dbc,OEL-114,1718faa5-46c8-4310-aea8-8706e50e5bed,set,ok,
35910,9f8f056b-daf3-48c9-b1f4-54eee719a862,OEL-114,1718faa5-46c8-4310-aea8-8706e50e5bed,set,ok,
37119,19d772b4-174f-4f09-b177-6d40d9826780,OEL-161,09d2a76a-f405-4658-9f8e-8d218dff9248,set,ok,
36001,a9066d13-8267-4edb-b269-573055194f66,OEL-115,80c54c04-bc5c-4477-ab6b-f9ac5a2e5aae,set,ok,
35922,aab0614f-5933-4663-b8a8-a5be92b225c2,OEL-114,1718faa5-46c8-4310-aea8-8706e50e5bed,set,ok,
35933,a84f3b93-ba90-451d-8ffd-cff2c524306f,OEL-114,1718faa5-46c8-4310-aea8-8706e50e5bed,set,ok,
35944,38cd0c13-998d-4427-a680-f10a24e3c0d5,OEL-114,1718faa5-46c8-4310-aea8-8706e50e5bed,set,ok,
35951,2efe382c-d905-4023-942e-b8195b559b8b,OEL-114,1718faa5-46c8-4310-aea8-8706e50e5bed,set,ok,
35957,43462ab6-8921-424f-af16-84c16a02656a,OEL-114,1718faa5-46c8-4310-aea8-8706e50e5bed,set,ok,
35968,f681d1e5-dc48-4b5a-a5cc-c5d4a9b03020,OEL-114,1718faa5-46c8-4310-aea8-8706e50e5bed,set,ok,
35973,2c9f8900-20a0-47a2-bf3c-02baca212a10,OEL-114,1718faa5-46c8-4310-aea8-8706e50e5bed,set,ok,
35977,a241e9b6-2599-4522-9dff-540c5d992e66,OEL-114,1718faa5-46c8-4310-aea8-8706e50e5bed,set,ok,
35978,07729da3-ab95-4e13-a5db-9d378427fa10,OEL-114,1718faa5-46c8-4310-aea8-8706e50e5bed,set,ok,
36006,d719f0f4-2f11-475a-bc66-4ed4db10ba52,OEL-115,80c54c04-bc5c-4477-ab6b-f9ac5a2e5aae,set,ok,
36011,b2370bca-17ad-4ea6-8fe7-324f6d2cf44a,OEL-115,80c54c04-bc5c-4477-ab6b-f9ac5a2e5aae,set,ok,
36015,cce1da06-5caf-4fcc-b446-ab42a64f5888,OEL-115,80c54c04-bc5c-4477-ab6b-f9ac5a2e5aae,set,ok,
36021,abc90360-e5b3-474c-9fe4-758175ddff7a,OEL-115,80c54c04-bc5c-4477-ab6b-f9ac5a2e5aae,set,ok,
36026,b751af78-7468-4558-9ef4-0b87603274d7,OEL-115,80c54c04-bc5c-4477-ab6b-f9ac5a2e5aae,set,ok,
36032,95cb39f4-cd36-4310-ad21-4a8504545e6e,OEL-115,80c54c04-bc5c-4477-ab6b-f9ac5a2e5aae,set,ok,
36037,a4feb574-720a-4896-864e-b7f9fe9dc11d,OEL-115,80c54c04-bc5c-4477-ab6b-f9ac5a2e5aae,set,ok,
36044,004354e2-1f34-478b-8d60-140298bc0122,OEL-115,80c54c04-bc5c-4477-ab6b-f9ac5a2e5aae,set,ok,
36055,7011b73b-f380-41cd-939b-c051f4467f2f,OEL-115,80c54c04-bc5c-4477-ab6b-f9ac5a2e5aae,set,ok,
36061,a02361fc-36d0-48cf-90a8-f6bb17dd7cc5,OEL-115,80c54c04-bc5c-4477-ab6b-f9ac5a2e5aae,set,ok,
36067,3248acde-0880-4590-a5cc-da87eddc3969,OEL-115,80c54c04-bc5c-4477-ab6b-f9ac5a2e5aae,set,ok,
36071,25d2be2a-01db-4581-aef6-ee1b133986a5,OEL-115,80c54c04-bc5c-4477-ab6b-f9ac5a2e5aae,set,ok,
36077,374248d3-b83f-49a6-88a2-76e8f6f6532b,OEL-115,80c54c04-bc5c-4477-ab6b-f9ac5a2e5aae,set,ok,
36096,6425a9e9-46e9-4e66-b965-fad61c227694,OEL-116,e5708ea4-f88a-4b2e-a462-134eababa87f,set,ok,
36086,f84d5a1d-1baa-439d-956a-ae6eb28ab24a,OEL-116,e5708ea4-f88a-4b2e-a462-134eababa87f,set,ok,
36102,174f8964-89ae-4fe7-a33c-35633096b93e,OEL-116,e5708ea4-f88a-4b2e-a462-134eababa87f,set,ok,
36111,17db9008-1447-4178-a9a7-2d5039b78805,OEL-116,e5708ea4-f88a-4b2e-a462-134eababa87f,set,ok,
36116,957b6045-de80-417b-b9a8-45f74c16d671,OEL-116,e5708ea4-f88a-4b2e-a462-134eababa87f,set,ok,
36120,9f36e096-287c-467d-b635-29317eb7581a,OEL-116,e5708ea4-f88a-4b2e-a462-134eababa87f,set,ok,
36125,29f95923-8097-4cc8-8aff-7f985e162e76,OEL-116,e5708ea4-f88a-4b2e-a462-134eababa87f,set,ok,
36130,2dbc3e04-df1d-4767-9ff5-16230f921930,OEL-116,e5708ea4-f88a-4b2e-a462-134eababa87f,set,ok,
36135,b61f3b13-2a9e-4287-bc07-460b88e94fe3,OEL-116,e5708ea4-f88a-4b2e-a462-134eababa87f,set,ok,
36142,dd0ef4ea-1007-45b2-9bb6-7e990ac34acf,OEL-116,e5708ea4-f88a-4b2e-a462-134eababa87f,set,ok,
36149,e2deeaf3-4a98-4211-8530-0008dd04ea0a,OEL-116,e5708ea4-f88a-4b2e-a462-134eababa87f,set,ok,
36155,06ba4ef9-aa9e-47cd-bdd0-881c7daaaa51,OEL-116,e5708ea4-f88a-4b2e-a462-134eababa87f,set,ok,
36161,002d4d0f-53ec-43dc-8717-f6591b260f77,OEL-116,e5708ea4-f88a-4b2e-a462-134eababa87f,set,ok,
36167,3d0da325-ed2a-4b29-8bce-a9d87e790f5b,OEL-116,e5708ea4-f88a-4b2e-a462-134eababa87f,set,ok,
36175,496670d5-714e-4d5a-a044-72dfa0582f83,OEL-116,e5708ea4-f88a-4b2e-a462-134eababa87f,set,ok,
36178,a0bedb41-544c-4b7d-9a37-09c6144e51de,OEL-116,e5708ea4-f88a-4b2e-a462-134eababa87f,set,ok,
36184,75316db0-2b7d-4de5-a268-1171018f832a,OEL-116,e5708ea4-f88a-4b2e-a462-134eababa87f,set,ok,
36214,787b6eeb-7599-4bc8-ac8d-84dcbb62ef6c,OEL-117,81fdd5cf-7b82-4c9d-9505-e474a066dcc4,set,ok,
36224,1ef1948a-e06c-4538-8aa1-ec80869367e3,OEL-117,81fdd5cf-7b82-4c9d-9505-e474a066dcc4,set,ok,
36231,ba06662a-d08a-4d9f-b9f1-d765089979c1,OEL-117,81fdd5cf-7b82-4c9d-9505-e474a066dcc4,set,ok,
36236,a585e060-035f-4418-be63-003d92f46a1f,OEL-117,81fdd5cf-7b82-4c9d-9505-e474a066dcc4,set,ok,
36240,a0b96e26-edd5-4ad1-932d-214d650d5579,OEL-117,81fdd5cf-7b82-4c9d-9505-e474a066dcc4,set,ok,
36246,4353e41e-8fea-475a-bd69-fb53ff9faa1c,OEL-117,81fdd5cf-7b82-4c9d-9505-e474a066dcc4,set,ok,
36260,2879185b-8cec-45a1-9075-7b956bc9278d,OEL-117,81fdd5cf-7b82-4c9d-9505-e474a066dcc4,set,ok,
36262,79786739-3057-469a-81ac-ecaf1c19f81e,OEL-117,81fdd5cf-7b82-4c9d-9505-e474a066dcc4,set,ok,
36272,709949e6-c17d-443a-9336-eb771d231adf,OEL-117,81fdd5cf-7b82-4c9d-9505-e474a066dcc4,set,ok,
36284,0d1e9f8d-03a9-4112-be5f-875abf21d37f,OEL-117,81fdd5cf-7b82-4c9d-9505-e474a066dcc4,set,ok,
36297,0318f054-e431-4801-ae4d-41d9376c75d7,OEL-118,a53b34f5-c2c6-40e5-aa0a-6aa2c9b1cf7f,set,ok,
36308,135cf379-a769-4026-a8cd-d0b18a964bbf,OEL-118,a53b34f5-c2c6-40e5-aa0a-6aa2c9b1cf7f,set,ok,
36315,7ea473af-36b5-4f4c-9350-40a875cd28fd,OEL-118,a53b34f5-c2c6-40e5-aa0a-6aa2c9b1cf7f,set,ok,
36320,1bfe42b2-3bee-4e48-af8e-258f0ad018c7,OEL-118,a53b34f5-c2c6-40e5-aa0a-6aa2c9b1cf7f,set,ok,
36323,b822bc0b-67d2-419e-aaa6-ed628bbff63a,OEL-118,a53b34f5-c2c6-40e5-aa0a-6aa2c9b1cf7f,set,ok,
36328,add50370-efd9-48c0-9cac-352b0ef2138b,OEL-118,a53b34f5-c2c6-40e5-aa0a-6aa2c9b1cf7f,set,ok,
36333,399eeed1-b8c0-4b5d-9ff5-aa5b838a7442,OEL-118,a53b34f5-c2c6-40e5-aa0a-6aa2c9b1cf7f,set,ok,
36338,6b6671bc-ccc0-4bdc-aeca-34d1650e1d1a,OEL-118,a53b34f5-c2c6-40e5-aa0a-6aa2c9b1cf7f,set,ok,
36343,7a50613a-15fe-4b4e-a71a-13ff69f9ca87,OEL-118,a53b34f5-c2c6-40e5-aa0a-6aa2c9b1cf7f,set,ok,
36349,50bf53e3-19ca-49c6-8988-a59db0254e0b,OEL-118,a53b34f5-c2c6-40e5-aa0a-6aa2c9b1cf7f,set,ok,
36354,b86711e0-827d-4139-95c8-fdf05bc5e958,OEL-118,a53b34f5-c2c6-40e5-aa0a-6aa2c9b1cf7f,set,ok,
36358,0d041112-1abb-4042-b80d-07c2744e1464,OEL-118,a53b34f5-c2c6-40e5-aa0a-6aa2c9b1cf7f,set,ok,
36365,491147f5-1ff6-4c50-9296-c05856f1f8f0,OEL-118,a53b34f5-c2c6-40e5-aa0a-6aa2c9b1cf7f,set,ok,
36372,cd79b223-2408-4b0c-9ab8-e4a0a2200717,OEL-118,a53b34f5-c2c6-40e5-aa0a-6aa2c9b1cf7f,set,ok,
36386,d42ed98c-ed5a-4453-b0ee-344d87ee3241,OEL-118,a53b34f5-c2c6-40e5-aa0a-6aa2c9b1cf7f,set,ok,
36391,815bdada-45df-4bd0-8711-bcf8cc944bdb,OEL-118,a53b34f5-c2c6-40e5-aa0a-6aa2c9b1cf7f,set,ok,
36424,9af33e2f-7d4d-4604-b2e4-5115653ee0e0,OEL-119,90944629-e341-47a1-bec7-5b75d04d254f,set,ok,
36404,87077151-12c2-4087-b926-908669d0206a,OEL-119,90944629-e341-47a1-bec7-5b75d04d254f,set,ok,
36413,06c82c51-ce0d-42d8-8b20-2728b8c381ea,OEL-119,90944629-e341-47a1-bec7-5b75d04d254f,set,ok,
36428,f6928b74-7e5f-4a67-9e6c-a0fb5703329a,OEL-119,90944629-e341-47a1-bec7-5b75d04d254f,set,ok,
36434,8066dcdd-8f66-4f6e-abed-a449c16fe08d,OEL-119,90944629-e341-47a1-bec7-5b75d04d254f,set,ok,
36440,b1bd0139-6036-4a17-8364-80e07d249622,OEL-119,90944629-e341-47a1-bec7-5b75d04d254f,set,ok,
36444,cbf2a6c2-bca7-4ae0-8653-80f771f0d12f,OEL-119,90944629-e341-47a1-bec7-5b75d04d254f,set,ok,
36449,b415f944-d0eb-4e7e-9f4b-19819c84fb9c,OEL-119,90944629-e341-47a1-bec7-5b75d04d254f,set,ok,
36456,962b5077-47e8-4e75-a31b-290c555ffddf,OEL-119,90944629-e341-47a1-bec7-5b75d04d254f,set,ok,
36460,f8f0aa92-9d3a-40af-bf9f-2e5cd3d77387,OEL-119,90944629-e341-47a1-bec7-5b75d04d254f,set,ok,
36465,89be8904-5603-4420-9ee9-e66ca677bdd6,OEL-119,90944629-e341-47a1-bec7-5b75d04d254f,set,ok,
36472,794a3134-e3b2-48ea-9b57-7971d795705b,OEL-119,90944629-e341-47a1-bec7-5b75d04d254f,set,ok,
36498,e8515a66-eed3-4072-a49b-8765c190b901,null,,null,ok,
36478,f0f839bb-fc72-4097-bcb7-42406c9c24af,OEL-119,90944629-e341-47a1-bec7-5b75d04d254f,set,ok,
36488,f18678b8-0fcb-4b34-9a4c-deb3e4fd1d14,null,,null,ok,
38450,3e1037e7-effc-4db3-a259-c66279f0d764,OEL-128,4bcbaa62-acfe-43aa-90b2-76f26ede0ed7,set,ok,
37001,848e7b9e-a284-465e-8477-20015d402973,OEL-161,09d2a76a-f405-4658-9f8e-8d218dff9248,set,ok,
37130,06ede3fd-2d2b-4482-8515-021fa47b8d3a,OEL-161,09d2a76a-f405-4658-9f8e-8d218dff9248,set,ok,
37146,5510fd93-4ca3-4971-9e94-37eb188eafff,OEL-161,09d2a76a-f405-4658-9f8e-8d218dff9248,set,ok,
37148,c3d14ce3-8f91-4bc4-b518-828a8bb90f99,OEL-161,09d2a76a-f405-4658-9f8e-8d218dff9248,set,ok,
37171,eed4f610-e17e-4f94-a341-57c8a31e4875,null,,null,ok,
37158,4f913f1e-2d01-42e3-93f7-f10a91ebcd9d,OEL-161,09d2a76a-f405-4658-9f8e-8d218dff9248,set,ok,
37179,32ae57ca-77d2-487e-821e-9be43cfa6a75,null,,null,ok,
37252,facb0262-f02a-409d-9c7e-c6124bc06da5,OEL-161,09d2a76a-f405-4658-9f8e-8d218dff9248,set,ok,
37263,a7cad527-b9ef-4103-8d1a-622d7ffe2625,OEL-161,09d2a76a-f405-4658-9f8e-8d218dff9248,set,ok,
37279,515f8cae-8d17-4b93-89de-40bfb9e92a82,OEL-161,09d2a76a-f405-4658-9f8e-8d218dff9248,set,ok,
37287,5984f7cf-fb01-485a-bdd5-d7efb93cc7d8,OEL-161,09d2a76a-f405-4658-9f8e-8d218dff9248,set,ok,
37295,f07d4851-fb8a-49d8-abff-471978d2cb0a,OEL-161,09d2a76a-f405-4658-9f8e-8d218dff9248,set,ok,
37304,9bb2bb7c-66d9-4a38-8eed-0643dfe701b6,OEL-120,cdf268b8-e4ce-4e86-b7f2-4bbd5a2a42b1,set,ok,
37326,6c7cb0b4-e3e9-43eb-aadc-9fdd07873180,OEL-120,cdf268b8-e4ce-4e86-b7f2-4bbd5a2a42b1,set,ok,
37330,6b1db88d-491f-41d7-92a0-1dec2ff2b232,OEL-120,cdf268b8-e4ce-4e86-b7f2-4bbd5a2a42b1,set,ok,
37334,23507f5a-b3b1-42af-a332-3af86c9cfe59,OEL-120,cdf268b8-e4ce-4e86-b7f2-4bbd5a2a42b1,set,ok,
37339,6b16af99-f888-4d44-889f-ab15c6ce492e,OEL-120,cdf268b8-e4ce-4e86-b7f2-4bbd5a2a42b1,set,ok,
37344,eb0b9c9a-a2c5-433b-9850-0a9b334d9fa1,OEL-120,cdf268b8-e4ce-4e86-b7f2-4bbd5a2a42b1,set,ok,
37348,5e586474-c865-402a-80ca-73339a30a3f2,OEL-120,cdf268b8-e4ce-4e86-b7f2-4bbd5a2a42b1,set,ok,
37353,2fe643f4-1668-46fb-b727-63b7d0fd8a26,OEL-120,cdf268b8-e4ce-4e86-b7f2-4bbd5a2a42b1,set,ok,
37357,c1899e42-0254-417a-b209-b29744ea9157,OEL-120,cdf268b8-e4ce-4e86-b7f2-4bbd5a2a42b1,set,ok,
37362,7d86978d-f45c-403a-ad46-13354163267a,OEL-120,cdf268b8-e4ce-4e86-b7f2-4bbd5a2a42b1,set,ok,
37372,883d585f-974b-4379-bb98-ccf24a70b03c,OEL-120,cdf268b8-e4ce-4e86-b7f2-4bbd5a2a42b1,set,ok,
37377,44838f33-8860-432e-8bb8-c6492b9141f5,OEL-120,cdf268b8-e4ce-4e86-b7f2-4bbd5a2a42b1,set,ok,
37381,5f072200-b38e-40a3-be1d-e60f3d21c7b5,OEL-120,cdf268b8-e4ce-4e86-b7f2-4bbd5a2a42b1,set,ok,
37385,d10bf1f1-f4e2-4fb4-87ed-033f407e5557,OEL-120,cdf268b8-e4ce-4e86-b7f2-4bbd5a2a42b1,set,ok,
37392,c77789c7-c64f-4123-82d1-647c2debbe23,OEL-120,cdf268b8-e4ce-4e86-b7f2-4bbd5a2a42b1,set,ok,
37396,7caa1569-8a3c-4f26-90b7-1cba5487a77f,OEL-120,cdf268b8-e4ce-4e86-b7f2-4bbd5a2a42b1,set,ok,
37400,5e82219a-c947-467c-a944-24fa1222ba72,OEL-120,cdf268b8-e4ce-4e86-b7f2-4bbd5a2a42b1,set,ok,
37407,20fc2b58-5bf9-4222-af1b-71d8fa925cf3,OEL-120,cdf268b8-e4ce-4e86-b7f2-4bbd5a2a42b1,set,ok,
37414,965f9683-e47e-41d5-a223-6040df70e7e4,OEL-120,cdf268b8-e4ce-4e86-b7f2-4bbd5a2a42b1,set,ok,
37441,1d3f03e3-f92d-49fd-a492-4a87dda5717e,OEL-121,0dfb9fd1-9bcf-4492-9c45-1838764177f6,set,ok,
37460,28758841-7a0c-47a7-8bc7-529c5f297ca9,OEL-121,0dfb9fd1-9bcf-4492-9c45-1838764177f6,set,ok,
37465,25eb52e2-c9ce-4515-95b7-0434d81a8070,OEL-121,0dfb9fd1-9bcf-4492-9c45-1838764177f6,set,ok,
37473,df49c1bf-bb4d-4119-b4b4-9fe359c9a647,OEL-121,0dfb9fd1-9bcf-4492-9c45-1838764177f6,set,ok,
37477,c211c162-d704-495a-abb1-29b217ff0b5f,OEL-121,0dfb9fd1-9bcf-4492-9c45-1838764177f6,set,ok,
37481,566beefa-ac9b-478f-bcb7-3121f8dd0ac6,OEL-121,0dfb9fd1-9bcf-4492-9c45-1838764177f6,set,ok,
37500,fefb1f59-6dd6-4c32-9a0c-ed53835e0002,OEL-121,0dfb9fd1-9bcf-4492-9c45-1838764177f6,set,ok,
37505,9d27bea7-147a-4fbc-83d0-da0ea605c166,OEL-121,0dfb9fd1-9bcf-4492-9c45-1838764177f6,set,ok,
37511,13c3091d-541e-4f9d-96df-f4780687f266,OEL-121,0dfb9fd1-9bcf-4492-9c45-1838764177f6,set,ok,
37515,96a0d311-fb0f-4397-b299-00af88ac17e1,OEL-121,0dfb9fd1-9bcf-4492-9c45-1838764177f6,set,ok,
37519,4d8fb060-43c9-43d0-93a9-3732ddb78f5b,OEL-121,0dfb9fd1-9bcf-4492-9c45-1838764177f6,set,ok,
37523,53cee31b-b007-4252-a8ab-75e40bf34d42,OEL-121,0dfb9fd1-9bcf-4492-9c45-1838764177f6,set,ok,
37527,9e6f6f8c-1d93-4309-8164-2bc5101ee8a8,OEL-121,0dfb9fd1-9bcf-4492-9c45-1838764177f6,set,ok,
37531,87e0b8b7-4bc2-47f6-b807-184726b67edb,OEL-121,0dfb9fd1-9bcf-4492-9c45-1838764177f6,set,ok,
37596,8748dd50-69a5-4882-9950-e7a4a82a0a13,OEL-122,088a6c27-0707-4dde-9e9c-41a138602040,set,ok,
37599,ff756730-0a1a-43b9-9146-431b9ba8aafd,OEL-122,088a6c27-0707-4dde-9e9c-41a138602040,set,ok,
37603,40ec791c-2563-4eb8-91a4-2ffb0592e8d8,OEL-122,088a6c27-0707-4dde-9e9c-41a138602040,set,ok,
37608,d41e4fd6-93bb-4ccb-abf4-ebea0c591c96,OEL-122,088a6c27-0707-4dde-9e9c-41a138602040,set,ok,
37631,ea83431e-56b7-434e-af18-b7825bcdfe80,OEL-122,088a6c27-0707-4dde-9e9c-41a138602040,set,ok,
37638,6d643bd1-abaa-4e0f-9734-5964c46e4de4,OEL-122,088a6c27-0707-4dde-9e9c-41a138602040,set,ok,
37643,6bbba635-11db-48f9-90ea-5c377240a38a,OEL-122,088a6c27-0707-4dde-9e9c-41a138602040,set,ok,
37650,453f0dcf-1c79-417a-a5e5-0ef3bfeb051c,OEL-122,088a6c27-0707-4dde-9e9c-41a138602040,set,ok,
37656,deaf06c1-9227-4933-ab1b-6aa85df36505,OEL-122,088a6c27-0707-4dde-9e9c-41a138602040,set,ok,
37663,e0901af4-5f5f-46c0-88fe-dc4df28edd70,OEL-122,088a6c27-0707-4dde-9e9c-41a138602040,set,ok,
37668,2648f8bb-7056-47b5-9c81-8ab7c3495902,OEL-122,088a6c27-0707-4dde-9e9c-41a138602040,set,ok,
37669,b11ac417-0883-47cd-a719-b1b4ebef8fc0,OEL-122,088a6c27-0707-4dde-9e9c-41a138602040,set,ok,
37676,f089a4c5-c8ed-4eec-8a4f-7e5cf588fa78,OEL-122,088a6c27-0707-4dde-9e9c-41a138602040,set,ok,
37681,83af4d70-c847-4cdb-88a1-1e796e3a4c65,OEL-122,088a6c27-0707-4dde-9e9c-41a138602040,set,ok,
37689,26f42ba7-a18a-4d5e-bac3-9d9a2b60b4d2,OEL-122,088a6c27-0707-4dde-9e9c-41a138602040,set,ok,
37694,3b937d8d-0682-42cd-ba0d-ff62f56efc81,OEL-122,088a6c27-0707-4dde-9e9c-41a138602040,set,ok,
37697,16a8c89f-e515-4ee1-9b41-bcf010c9321a,OEL-122,088a6c27-0707-4dde-9e9c-41a138602040,set,ok,
37701,68fe84ab-cf83-45ab-b8e6-c8fdaa43091a,OEL-122,088a6c27-0707-4dde-9e9c-41a138602040,set,ok,
37794,601fd844-4831-4bd0-bc14-53af1974fa16,null,,null,ok,
37811,bbab908e-8c73-453d-b126-f15150073bf5,OEL-123,37217f69-01ef-4e97-bdef-ff5203bb13ce,set,ok,
37824,4274f5da-4b6d-438d-83a3-295ff1dbe890,OEL-123,37217f69-01ef-4e97-bdef-ff5203bb13ce,set,ok,
37850,e1baa382-1aaf-4fcb-a11d-b80203b740df,OEL-123,37217f69-01ef-4e97-bdef-ff5203bb13ce,set,ok,
37854,cfcdda97-e5fd-45f5-9ce2-336b138aeca3,OEL-123,37217f69-01ef-4e97-bdef-ff5203bb13ce,set,ok,
37855,b87f0377-c852-427e-b9ad-65c2c8386e16,OEL-123,37217f69-01ef-4e97-bdef-ff5203bb13ce,set,ok,
37863,68bc34c0-5b61-4edc-b98f-78f208b3edc8,OEL-123,37217f69-01ef-4e97-bdef-ff5203bb13ce,set,ok,
37872,9f5457e7-2beb-49ba-be12-2b5b6e0dc833,OEL-123,37217f69-01ef-4e97-bdef-ff5203bb13ce,set,ok,
37880,6d2f2c1a-c292-4dee-84e7-70fd71bbb166,OEL-123,37217f69-01ef-4e97-bdef-ff5203bb13ce,set,ok,
37871,116d691a-490d-43e5-a000-f14179708c7c,OEL-123,37217f69-01ef-4e97-bdef-ff5203bb13ce,set,ok,
37884,3b3ed89b-8969-426b-87bb-be32039e9c7c,OEL-123,37217f69-01ef-4e97-bdef-ff5203bb13ce,set,ok,
37894,80f81b09-f0ba-4bca-b9e9-74b540b5d339,OEL-123,37217f69-01ef-4e97-bdef-ff5203bb13ce,set,ok,
37895,d24d9626-d9b1-44eb-b493-ae2e2d59e34d,OEL-123,37217f69-01ef-4e97-bdef-ff5203bb13ce,set,ok,
37902,ab6aba92-1185-4572-b21c-786006c10d85,OEL-123,37217f69-01ef-4e97-bdef-ff5203bb13ce,set,ok,
37906,9abeb150-7dcf-4f8d-8a6d-eca9529c6c83,OEL-123,37217f69-01ef-4e97-bdef-ff5203bb13ce,set,ok,
37910,e394fac3-8070-417a-8568-593443719ae2,OEL-123,37217f69-01ef-4e97-bdef-ff5203bb13ce,set,ok,
37914,8226c795-180c-462a-9a31-5928f7aa7ad5,OEL-123,37217f69-01ef-4e97-bdef-ff5203bb13ce,set,ok,
37919,0d40a0f7-f018-4c55-9470-582a8329eb36,OEL-123,37217f69-01ef-4e97-bdef-ff5203bb13ce,set,ok,
39406,f19b9573-f8bb-4f80-baec-895e5b06b674,OEL-135,7c7140e3-6d44-4d14-82d3-fc32db6b01fc,set,ok,
39428,a7682417-c8b4-4bcc-9199-7efb9f1ca0b1,OEL-135,7c7140e3-6d44-4d14-82d3-fc32db6b01fc,set,ok,
39435,1ab0151b-d45f-4284-8e61-bea974fcc6f5,OEL-135,7c7140e3-6d44-4d14-82d3-fc32db6b01fc,set,ok,
38006,9bb1c957-f234-4656-926b-d1fd5c7a5901,OEL-124,aa8d7cb0-14e8-419d-99b5-ea1e2965fed1,set,ok,
38010,ebae9ca4-4a04-4240-9237-b03232a7fa3f,OEL-124,aa8d7cb0-14e8-419d-99b5-ea1e2965fed1,set,ok,
38015,3662ecf8-a9c1-4c7b-8afc-4ce0cca0e10d,OEL-124,aa8d7cb0-14e8-419d-99b5-ea1e2965fed1,set,ok,
38024,a73c9423-bbd2-47ba-a61b-df2438f8a6a4,OEL-124,aa8d7cb0-14e8-419d-99b5-ea1e2965fed1,set,ok,
38029,f198b1ed-11e3-4229-b43d-d7c0903868c3,OEL-124,aa8d7cb0-14e8-419d-99b5-ea1e2965fed1,set,ok,
38036,99613b71-7c25-4e8e-bf78-d620476c2cda,OEL-124,aa8d7cb0-14e8-419d-99b5-ea1e2965fed1,set,ok,
38046,153d52e8-a418-4d61-b45f-5c72628a559c,OEL-124,aa8d7cb0-14e8-419d-99b5-ea1e2965fed1,set,ok,
38054,7dcf72a3-6bf4-4e54-8275-a4e0d159f571,OEL-124,aa8d7cb0-14e8-419d-99b5-ea1e2965fed1,set,ok,
38058,9bc6f78f-0cf4-4287-b352-1f5d287f6224,OEL-124,aa8d7cb0-14e8-419d-99b5-ea1e2965fed1,set,ok,
38065,84d8459e-1548-43da-9f56-7f6d45f7b09d,OEL-124,aa8d7cb0-14e8-419d-99b5-ea1e2965fed1,set,ok,
38071,9b298d12-551d-4be9-af5b-57fb0b810eff,OEL-124,aa8d7cb0-14e8-419d-99b5-ea1e2965fed1,set,ok,
38075,024197d3-b6bc-4155-932a-6e767a1a0261,OEL-124,aa8d7cb0-14e8-419d-99b5-ea1e2965fed1,set,ok,
38081,53bd8066-dd13-4a3c-8b71-9d0c010d9bfb,OEL-124,aa8d7cb0-14e8-419d-99b5-ea1e2965fed1,set,ok,
38155,9b791271-6a39-4318-af52-902b945b8e1f,OEL-125,855569ab-24f7-42bc-bdab-2396d21fc74c,set,ok,
38110,1e1056ea-d2ec-45b0-a00e-765be878839d,OEL-125,855569ab-24f7-42bc-bdab-2396d21fc74c,set,ok,
38113,4fdc0d9f-4c31-4561-aa85-df246ef425cc,OEL-125,855569ab-24f7-42bc-bdab-2396d21fc74c,set,ok,
38121,9fe05d2a-2755-45d6-a20e-b12b51b5c504,OEL-125,855569ab-24f7-42bc-bdab-2396d21fc74c,set,ok,
38126,fa5acc0d-e807-4f26-b5c9-94e9799e4cc4,OEL-125,855569ab-24f7-42bc-bdab-2396d21fc74c,set,ok,
38139,c2273be3-e7bc-4400-b4c3-769102c500bd,OEL-125,855569ab-24f7-42bc-bdab-2396d21fc74c,set,ok,
38144,efa90270-47c7-46b7-8e92-4e5790073302,OEL-125,855569ab-24f7-42bc-bdab-2396d21fc74c,set,ok,
38150,b6235fa9-bbd0-474e-bdd7-fbe4c4d2cbc4,OEL-125,855569ab-24f7-42bc-bdab-2396d21fc74c,set,ok,
38160,5f271ebe-4e0a-42a5-baa3-be61eeda1853,OEL-125,855569ab-24f7-42bc-bdab-2396d21fc74c,set,ok,
38165,b3dbe032-996d-419c-9551-6e9556f52e4e,OEL-125,855569ab-24f7-42bc-bdab-2396d21fc74c,set,ok,
38173,3792656f-c1bf-435b-8a49-99d07ff059d4,OEL-125,855569ab-24f7-42bc-bdab-2396d21fc74c,set,ok,
38180,fa818504-ad14-432b-8575-73e4cbb7f942,OEL-125,855569ab-24f7-42bc-bdab-2396d21fc74c,set,ok,
38184,46192328-5215-4f80-97c8-14a7773b702c,OEL-125,855569ab-24f7-42bc-bdab-2396d21fc74c,set,ok,
38188,de76576c-838b-418b-8fe4-b8b75f29a91e,OEL-125,855569ab-24f7-42bc-bdab-2396d21fc74c,set,ok,
38214,b9c55b49-01e0-45b8-b270-2d61bd9e0259,OEL-126,ddc7c880-1178-4471-a0f7-3af3927f9424,set,ok,
38203,0c1a3fa9-2b11-4ef3-9f87-63f88abca989,OEL-126,ddc7c880-1178-4471-a0f7-3af3927f9424,set,ok,
38221,c819e2ff-8edb-4b33-8b70-2f0e02f183b4,OEL-126,ddc7c880-1178-4471-a0f7-3af3927f9424,set,ok,
38222,21d4527e-7d56-485c-93c5-f5b8dc6304fe,OEL-126,ddc7c880-1178-4471-a0f7-3af3927f9424,set,ok,
38227,dc5a6e79-9023-4786-818c-c815efcec9d5,OEL-126,ddc7c880-1178-4471-a0f7-3af3927f9424,set,ok,
38232,f31cb83a-c172-4630-8347-c1bccb8a8278,OEL-126,ddc7c880-1178-4471-a0f7-3af3927f9424,set,ok,
38233,5658e899-83f5-43f7-b226-eeb300a92f78,OEL-126,ddc7c880-1178-4471-a0f7-3af3927f9424,set,ok,
38245,1fb1759a-3843-485f-8260-8b987438a7f5,OEL-126,ddc7c880-1178-4471-a0f7-3af3927f9424,set,ok,
38246,3e12e858-18d9-40b4-ba42-b48d32b93ba3,OEL-126,ddc7c880-1178-4471-a0f7-3af3927f9424,set,ok,
38253,14c294e5-5f26-43c0-be99-c0619b51f200,OEL-126,ddc7c880-1178-4471-a0f7-3af3927f9424,set,ok,
38258,4f904109-89d7-41d3-a85d-58f7b5e57006,OEL-126,ddc7c880-1178-4471-a0f7-3af3927f9424,set,ok,
38263,d9e9559b-7b29-4966-9581-93338e260c8e,OEL-126,ddc7c880-1178-4471-a0f7-3af3927f9424,set,ok,
38267,32c485c2-962e-420c-b3a2-3e659b0a3a6c,OEL-126,ddc7c880-1178-4471-a0f7-3af3927f9424,set,ok,
38274,d123f6c4-a982-47b8-8287-b367ae04b331,OEL-126,ddc7c880-1178-4471-a0f7-3af3927f9424,set,ok,
38279,6f004b3c-10c2-45d3-b145-1abec49755be,OEL-126,ddc7c880-1178-4471-a0f7-3af3927f9424,set,ok,
38284,79a02ee5-965b-452a-8f57-9773c19f1994,OEL-126,ddc7c880-1178-4471-a0f7-3af3927f9424,set,ok,
38289,3f181ef3-81da-4fb5-bb3e-95187091b800,OEL-126,ddc7c880-1178-4471-a0f7-3af3927f9424,set,ok,
38295,937ccedb-7536-4ad9-95ab-187885d06b22,OEL-126,ddc7c880-1178-4471-a0f7-3af3927f9424,set,ok,
38356,fe84cf36-a729-4faf-aecf-ef2b0ab97f56,OEL-127,12e35b80-ce68-466e-b887-6a68797eea51,set,ok,
38329,a07e6f6b-ea0b-433a-9b4b-4182d061b189,OEL-127,12e35b80-ce68-466e-b887-6a68797eea51,set,ok,
38350,69bc26dd-28c2-4262-9703-40a119be9ac0,OEL-127,12e35b80-ce68-466e-b887-6a68797eea51,set,ok,
38359,8bbd98d2-f81a-4616-9388-cd6659e55870,OEL-127,12e35b80-ce68-466e-b887-6a68797eea51,set,ok,
38363,4c50e75d-9c7c-4a91-a55f-b16174a063b6,OEL-127,12e35b80-ce68-466e-b887-6a68797eea51,set,ok,
38367,a45ea0e4-aff1-41a2-a729-f3ccb5d85ad6,OEL-127,12e35b80-ce68-466e-b887-6a68797eea51,set,ok,
38371,9cce6c64-626a-4e7a-8cf6-024237057d46,OEL-127,12e35b80-ce68-466e-b887-6a68797eea51,set,ok,
38376,c7905575-4411-4877-bb21-8f422b2e41fd,OEL-127,12e35b80-ce68-466e-b887-6a68797eea51,set,ok,
38381,4c329d0d-9bf4-4955-b597-435ff6614b77,OEL-127,12e35b80-ce68-466e-b887-6a68797eea51,set,ok,
38382,b411e197-6368-4e9a-a5b6-a58b64a33df0,OEL-127,12e35b80-ce68-466e-b887-6a68797eea51,set,ok,
38389,2f21df29-faa3-4d20-b759-f20cd0eae089,OEL-127,12e35b80-ce68-466e-b887-6a68797eea51,set,ok,
38394,94c04912-a6b5-495d-86cc-912fabd1a933,OEL-127,12e35b80-ce68-466e-b887-6a68797eea51,set,ok,
38399,a6624755-fd17-4612-b324-fe01960ed087,OEL-127,12e35b80-ce68-466e-b887-6a68797eea51,set,ok,
38403,f89ef4fa-dbd8-4309-ad18-7dbd8575ddf7,OEL-127,12e35b80-ce68-466e-b887-6a68797eea51,set,ok,
38407,450fb3e8-7923-4a68-a3be-84fa9d91ac60,OEL-127,12e35b80-ce68-466e-b887-6a68797eea51,set,ok,
38413,bc3ab4da-fe4e-4c52-8088-cd9ee940fd4a,OEL-127,12e35b80-ce68-466e-b887-6a68797eea51,set,ok,
38414,2fd31142-a93d-49c9-97a6-f3dc49f7a36c,OEL-127,12e35b80-ce68-466e-b887-6a68797eea51,set,ok,
38442,20ffad3d-257c-46eb-a934-45acd53fac21,OEL-161,09d2a76a-f405-4658-9f8e-8d218dff9248,set,ok,
38459,27ae50fa-84c9-4de4-a84e-82aaa15cb18c,OEL-128,4bcbaa62-acfe-43aa-90b2-76f26ede0ed7,set,ok,
38456,d6b5aa45-1782-4916-8393-0b03a6cb39c2,null,,null,ok,
38470,c3e84952-f261-4f47-a525-763793cea139,OEL-128,4bcbaa62-acfe-43aa-90b2-76f26ede0ed7,set,ok,
38505,84cba335-d887-4ab0-9a52-1701b7cd2995,OEL-128,4bcbaa62-acfe-43aa-90b2-76f26ede0ed7,set,ok,
38513,ef0000fe-6f11-4954-890d-1436cfdfe3e8,OEL-128,4bcbaa62-acfe-43aa-90b2-76f26ede0ed7,set,ok,
38514,9fb9ccfa-2fbd-4ef0-807c-3d87474c85c1,OEL-128,4bcbaa62-acfe-43aa-90b2-76f26ede0ed7,set,ok,
38520,0f2f51cd-bd97-4a29-8d5c-0988da2b46b2,null,,null,ok,
38533,0c3a2d55-7399-4099-be02-3d5b95a8cc93,null,,null,ok,
38541,0bdeea89-abb9-4121-a4fe-9308ccc533d6,OEL-128,4bcbaa62-acfe-43aa-90b2-76f26ede0ed7,set,ok,
38553,5d376304-67c4-4297-91b2-b9548924cb40,null,,null,ok,
38542,2cf7ffdf-27ce-49f8-820c-a1674998e043,OEL-128,4bcbaa62-acfe-43aa-90b2-76f26ede0ed7,set,ok,
38560,0dd5a5bf-320a-42cd-8b02-3a713b2ec0dc,OEL-128,4bcbaa62-acfe-43aa-90b2-76f26ede0ed7,set,ok,
38561,85c7fd33-200b-4f91-aa1e-680b525a98a6,OEL-128,4bcbaa62-acfe-43aa-90b2-76f26ede0ed7,set,ok,
38575,a7a5f4ca-3d81-458d-a07b-c176791ca6b7,OEL-128,4bcbaa62-acfe-43aa-90b2-76f26ede0ed7,set,ok,
38576,41a3964a-c7ba-45ed-bae1-07726eb7d4dc,OEL-128,4bcbaa62-acfe-43aa-90b2-76f26ede0ed7,set,ok,
38584,95d13d63-28f1-4ee6-b827-85c4a74d4c98,OEL-128,4bcbaa62-acfe-43aa-90b2-76f26ede0ed7,set,ok,
38585,2b237538-6247-4dda-b251-6e8863a68396,OEL-128,4bcbaa62-acfe-43aa-90b2-76f26ede0ed7,set,ok,
38594,d6b89fcb-014b-43f0-b8ff-a607c3fcdf83,OEL-128,4bcbaa62-acfe-43aa-90b2-76f26ede0ed7,set,ok,
38595,f9bd39b5-106a-48de-a4eb-10669b1d5ad5,OEL-128,4bcbaa62-acfe-43aa-90b2-76f26ede0ed7,set,ok,
38602,e4b5b84d-1499-4322-91b1-6e935dc4336d,OEL-128,4bcbaa62-acfe-43aa-90b2-76f26ede0ed7,set,ok,
38603,68c0a2ba-5db6-4975-b033-029a2a33682d,OEL-128,4bcbaa62-acfe-43aa-90b2-76f26ede0ed7,set,ok,
38610,04736941-e7e4-4101-9043-3290341874bf,OEL-128,4bcbaa62-acfe-43aa-90b2-76f26ede0ed7,set,ok,
38611,8fed3958-b3ba-4588-88c4-d32293656f74,OEL-128,4bcbaa62-acfe-43aa-90b2-76f26ede0ed7,set,ok,
38618,301fe983-2923-49d6-a9c1-b3ac911aa25f,OEL-128,4bcbaa62-acfe-43aa-90b2-76f26ede0ed7,set,ok,
38619,8f729b6c-ba37-4c70-b0ad-188367e3e775,OEL-128,4bcbaa62-acfe-43aa-90b2-76f26ede0ed7,set,ok,
38626,7b6405bc-908a-4ce8-898f-b92ca11d4e18,null,,null,ok,
38652,e4620908-89d6-4071-948a-e7a606f3cc73,OEL-128,4bcbaa62-acfe-43aa-90b2-76f26ede0ed7,set,ok,
38653,dd9d8886-192e-453a-b9a2-a71b0a9d4dd1,OEL-128,4bcbaa62-acfe-43aa-90b2-76f26ede0ed7,set,ok,
38664,4d3303dd-3d02-4df9-a01d-f6c6cdb2ba30,OEL-128,4bcbaa62-acfe-43aa-90b2-76f26ede0ed7,set,ok,
38668,68038443-8204-4cc2-9746-d34a2e2b396c,OEL-128,4bcbaa62-acfe-43aa-90b2-76f26ede0ed7,set,ok,
38671,56d06f3a-006a-44f5-ada1-42f99ae62262,OEL-128,4bcbaa62-acfe-43aa-90b2-76f26ede0ed7,set,ok,
38678,16585a87-dc1e-4d21-874f-166271305219,OEL-128,4bcbaa62-acfe-43aa-90b2-76f26ede0ed7,set,ok,
38679,06dd85b6-9503-448c-8161-e5e4044c37a2,OEL-128,4bcbaa62-acfe-43aa-90b2-76f26ede0ed7,set,ok,
38687,45d6c7a2-29bb-44a9-a739-d60e2cf74922,OEL-128,4bcbaa62-acfe-43aa-90b2-76f26ede0ed7,set,ok,
38688,4a637bd4-6d43-4b48-97ed-0aa2ab8afb1c,OEL-128,4bcbaa62-acfe-43aa-90b2-76f26ede0ed7,set,ok,
38695,48f4ffc7-03d2-4881-9803-fb1980e816e1,OEL-128,4bcbaa62-acfe-43aa-90b2-76f26ede0ed7,set,ok,
38696,6796319b-5588-4a92-b3d6-00416ea8d30e,OEL-128,4bcbaa62-acfe-43aa-90b2-76f26ede0ed7,set,ok,
38706,ac6acf0a-6e3c-451b-aa3a-f1e0c55cc18b,OEL-128,4bcbaa62-acfe-43aa-90b2-76f26ede0ed7,set,ok,
38754,e5958b65-8c83-40b5-b334-46dfff6e077f,OEL-129,f3bd88ad-6154-4816-b62c-59740d3420de,set,ok,
38761,a714dfe7-c5c2-4372-ba4a-e762034e343e,OEL-129,f3bd88ad-6154-4816-b62c-59740d3420de,set,ok,
38766,2e5ec926-f29e-4fa2-89f4-54afa6fee59c,OEL-129,f3bd88ad-6154-4816-b62c-59740d3420de,set,ok,
38767,d2af2db3-e0fa-414c-9c76-9c7c49b0e62d,OEL-129,f3bd88ad-6154-4816-b62c-59740d3420de,set,ok,
38776,2b8dc539-56ad-4c04-a5f2-c487f406cc29,OEL-129,f3bd88ad-6154-4816-b62c-59740d3420de,set,ok,
38778,c83c69d6-b89f-4b66-9023-2e71f58977d6,OEL-129,f3bd88ad-6154-4816-b62c-59740d3420de,set,ok,
38806,4e2aa1bc-92e1-416a-bee9-95e934e28e7e,OEL-129,f3bd88ad-6154-4816-b62c-59740d3420de,set,ok,
38807,ce35d03e-b6c7-437b-8b5d-b4e3d1d1a469,OEL-129,f3bd88ad-6154-4816-b62c-59740d3420de,set,ok,
38814,3799bffb-2c88-4f73-9ffc-f5473c0de4cc,OEL-129,f3bd88ad-6154-4816-b62c-59740d3420de,set,ok,
38813,b101410f-13e3-450d-807d-161b15323d81,OEL-129,f3bd88ad-6154-4816-b62c-59740d3420de,set,ok,
40648,43763759-dca2-4bcf-9c35-b7c2f338c6c9,null,,null,ok,
38830,bdb9a244-712a-4537-bd3e-310829c99e2b,OEL-129,f3bd88ad-6154-4816-b62c-59740d3420de,set,ok,
38834,22afe8d6-92c1-4c27-9fef-d50b6ec8b4f8,OEL-129,f3bd88ad-6154-4816-b62c-59740d3420de,set,ok,
38838,f42d896c-a849-49b7-aaed-110c8324f082,OEL-129,f3bd88ad-6154-4816-b62c-59740d3420de,set,ok,
38843,02cd4eca-7b7e-4d69-abe2-b33da28abe4e,OEL-129,f3bd88ad-6154-4816-b62c-59740d3420de,set,ok,
38847,55c762bb-237f-48a7-8eb8-51af6e0efc91,OEL-129,f3bd88ad-6154-4816-b62c-59740d3420de,set,ok,
38852,d034b1d8-6a06-453b-86f2-0df036c76c0b,OEL-129,f3bd88ad-6154-4816-b62c-59740d3420de,set,ok,
38856,9ac411a2-684c-45c4-91bd-c626f9b00ea5,OEL-129,f3bd88ad-6154-4816-b62c-59740d3420de,set,ok,
38860,a808b56b-7bc4-41e6-af75-9027c9dbd419,OEL-129,f3bd88ad-6154-4816-b62c-59740d3420de,set,ok,
38863,0e07ca3e-787d-40c6-9c14-995e568c4293,OEL-129,f3bd88ad-6154-4816-b62c-59740d3420de,set,ok,
38869,faf823f5-b359-4c20-92ed-07accd1d6500,OEL-129,f3bd88ad-6154-4816-b62c-59740d3420de,set,ok,
38873,697276e4-8be8-4963-bfa8-1630a397683a,OEL-129,f3bd88ad-6154-4816-b62c-59740d3420de,set,ok,
38881,aaa0af14-754e-4398-9f1d-16e3066fce8a,OEL-129,f3bd88ad-6154-4816-b62c-59740d3420de,set,ok,
38886,e818f6f0-d7dc-431f-84de-e0ec5bc0b0bc,OEL-129,f3bd88ad-6154-4816-b62c-59740d3420de,set,ok,
38895,e99974b0-d16b-4ee9-a41d-dbb72eafd09e,OEL-129,f3bd88ad-6154-4816-b62c-59740d3420de,set,ok,
38904,cd686221-2f54-4dbd-a684-4a22bb0ed7de,OEL-129,f3bd88ad-6154-4816-b62c-59740d3420de,set,ok,
38907,ddf0f9ad-2ec0-4f06-8854-957e2b716579,OEL-129,f3bd88ad-6154-4816-b62c-59740d3420de,set,ok,
38910,137c2bd4-8b7a-4742-808e-b63dd55b3d47,OEL-129,f3bd88ad-6154-4816-b62c-59740d3420de,set,ok,
38924,aae8c231-57ba-46e7-9584-3114a4b05119,OEL-129,f3bd88ad-6154-4816-b62c-59740d3420de,set,ok,
38941,8c862c01-fc08-4af0-8d3e-54330629cc01,OEL-129,f3bd88ad-6154-4816-b62c-59740d3420de,set,ok,
38947,9ede0305-3edc-49d5-a14e-b1603df4e9c0,OEL-130,72d90d93-050d-4f1e-a8c4-1391f63e5bcd,set,ok,
38963,966d482d-e162-4e8f-adcb-0e0d80abc199,OEL-130,72d90d93-050d-4f1e-a8c4-1391f63e5bcd,set,ok,
38971,90a9d198-78bd-44ee-9e3a-68043587eeb9,OEL-130,72d90d93-050d-4f1e-a8c4-1391f63e5bcd,set,ok,
38972,1ecedcb5-d3c5-4c47-bc28-bcd4f3188ec5,OEL-130,72d90d93-050d-4f1e-a8c4-1391f63e5bcd,set,ok,
38978,75e48847-ab27-4587-bcad-221e4d767717,OEL-130,72d90d93-050d-4f1e-a8c4-1391f63e5bcd,set,ok,
38983,e59569e8-f571-49b2-a101-cebbd6246498,OEL-130,72d90d93-050d-4f1e-a8c4-1391f63e5bcd,set,ok,
38988,ea9c57e4-fcc0-47de-b0ef-97b393aace32,OEL-130,72d90d93-050d-4f1e-a8c4-1391f63e5bcd,set,ok,
38992,48c89794-3425-4baa-a528-33cf17967fc7,OEL-130,72d90d93-050d-4f1e-a8c4-1391f63e5bcd,set,ok,
38999,daf9fe2a-d07e-4ccb-8655-7da6292e0f82,OEL-130,72d90d93-050d-4f1e-a8c4-1391f63e5bcd,set,ok,
38997,47bf6bed-d7bc-496f-9b80-8a0a1609d83e,OEL-130,72d90d93-050d-4f1e-a8c4-1391f63e5bcd,set,ok,
39005,79f65629-f27b-40be-bf41-bf17b22c3423,OEL-130,72d90d93-050d-4f1e-a8c4-1391f63e5bcd,set,ok,
39015,ee6df628-bfce-472c-aebb-404fdc5277bb,OEL-130,72d90d93-050d-4f1e-a8c4-1391f63e5bcd,set,ok,
39020,04a7b7f6-60ad-4027-8171-78b39bbe9988,OEL-130,72d90d93-050d-4f1e-a8c4-1391f63e5bcd,set,ok,
39025,f3014f48-8b7d-44c0-9357-b2d3e04190e5,OEL-130,72d90d93-050d-4f1e-a8c4-1391f63e5bcd,set,ok,
39034,385caffa-3771-4e51-b1a9-da0cca4ba1bc,OEL-130,72d90d93-050d-4f1e-a8c4-1391f63e5bcd,set,ok,
39035,5ac1ee73-e7ef-4386-93fa-dfc8168107b4,OEL-130,72d90d93-050d-4f1e-a8c4-1391f63e5bcd,set,ok,
39040,936598df-e04e-4b3a-a60d-59a3337963c3,OEL-130,72d90d93-050d-4f1e-a8c4-1391f63e5bcd,set,ok,
39063,bb2bde6e-f5d0-42bc-9df5-4ade569bcfc3,OEL-133,9e19353a-151a-4b47-a704-f08b6df768dc,set,ok,
39066,9b4c46eb-c00a-44e7-8831-4b32a50ee8df,null,,null,ok,
39086,5be94daa-be28-4cb9-bdc2-388fd0d218bf,OEL-133,9e19353a-151a-4b47-a704-f08b6df768dc,set,ok,
39090,b5f21945-3e70-4378-97a2-62bda7e06a8c,OEL-133,9e19353a-151a-4b47-a704-f08b6df768dc,set,ok,
39091,ed5fbbbf-9cef-44ab-bd91-17a5fc69cd3c,OEL-133,9e19353a-151a-4b47-a704-f08b6df768dc,set,ok,
39099,f5e52332-5494-4954-9c20-7fc25bb79874,OEL-133,9e19353a-151a-4b47-a704-f08b6df768dc,set,ok,
39101,f496dfad-07b6-4354-9106-22e72b91f981,OEL-133,9e19353a-151a-4b47-a704-f08b6df768dc,set,ok,
39108,f5037d74-07e1-40bd-ac54-f79846462870,OEL-133,9e19353a-151a-4b47-a704-f08b6df768dc,set,ok,
39113,ea019741-d19b-4002-8fa2-cd0c2664071a,OEL-133,9e19353a-151a-4b47-a704-f08b6df768dc,set,ok,
39117,a18ce892-6d44-4318-ae58-ec02c85ead66,OEL-133,9e19353a-151a-4b47-a704-f08b6df768dc,set,ok,
39118,4ddef51c-2bc1-40d8-8d21-7038090a7be6,OEL-133,9e19353a-151a-4b47-a704-f08b6df768dc,set,ok,
39122,351ba5a0-de90-46ee-8c21-0692664d7a66,OEL-133,9e19353a-151a-4b47-a704-f08b6df768dc,set,ok,
39128,0f757ea7-7590-4fac-b579-dc4158eca3d6,OEL-133,9e19353a-151a-4b47-a704-f08b6df768dc,set,ok,
39132,75bfb01f-9358-45db-8e8d-f30e58e94775,OEL-133,9e19353a-151a-4b47-a704-f08b6df768dc,set,ok,
39134,c45c27aa-f9d2-4725-a255-aa5c6acabc5f,OEL-133,9e19353a-151a-4b47-a704-f08b6df768dc,set,ok,
39143,cead194c-40a3-40a3-8ad2-6322d60f70c1,OEL-133,9e19353a-151a-4b47-a704-f08b6df768dc,set,ok,
39147,84f27f78-7dfb-4920-a936-e89f7ad5e435,OEL-133,9e19353a-151a-4b47-a704-f08b6df768dc,set,ok,
39152,cea038d8-c040-4fb0-a747-51cbb1769fa5,OEL-133,9e19353a-151a-4b47-a704-f08b6df768dc,set,ok,
39157,9802c9f0-417f-44f3-bfd6-a26ca8eee745,OEL-133,9e19353a-151a-4b47-a704-f08b6df768dc,set,ok,
39158,5acfad27-f657-44d2-8efa-74a33bdc9671,OEL-133,9e19353a-151a-4b47-a704-f08b6df768dc,set,ok,
39180,11642a63-1000-4c05-8ff9-797ed65e54cd,OEL-134,cd6dc0af-bb1a-4f4e-bfd2-b129575ab19a,set,ok,
39207,4b99dfdc-bb39-46b7-a80e-c2897f170124,OEL-134,cd6dc0af-bb1a-4f4e-bfd2-b129575ab19a,set,ok,
39214,7f54605d-c40a-4525-bcbf-b1b4da06fe44,OEL-134,cd6dc0af-bb1a-4f4e-bfd2-b129575ab19a,set,ok,
39219,daf746ad-cf59-4fa5-9444-613330afa18f,OEL-134,cd6dc0af-bb1a-4f4e-bfd2-b129575ab19a,set,ok,
39221,74399959-a451-4507-9296-36d1b9a5064e,OEL-134,cd6dc0af-bb1a-4f4e-bfd2-b129575ab19a,set,ok,
39227,fe5e5c40-4213-4554-84ab-709d8b330231,OEL-134,cd6dc0af-bb1a-4f4e-bfd2-b129575ab19a,set,ok,
39236,d81ed109-0869-4906-8716-d7689c15a12a,OEL-134,cd6dc0af-bb1a-4f4e-bfd2-b129575ab19a,set,ok,
39237,d03895b2-b216-4887-a767-a3e2d3ba428e,OEL-134,cd6dc0af-bb1a-4f4e-bfd2-b129575ab19a,set,ok,
39247,a81aa14a-eca2-497e-91e4-a04b6e6e0d73,OEL-134,cd6dc0af-bb1a-4f4e-bfd2-b129575ab19a,set,ok,
39256,3f4461c7-554b-4deb-9696-8cf1054d42ae,OEL-134,cd6dc0af-bb1a-4f4e-bfd2-b129575ab19a,set,ok,
39257,5bd20e9d-6f70-4f38-be67-cad2f4ac382f,OEL-134,cd6dc0af-bb1a-4f4e-bfd2-b129575ab19a,set,ok,
39268,80b8a4d3-fd2b-459c-9e6d-dd0e6a0eafb3,OEL-134,cd6dc0af-bb1a-4f4e-bfd2-b129575ab19a,set,ok,
39271,c688411a-4ea6-432d-b72f-428024f11674,OEL-134,cd6dc0af-bb1a-4f4e-bfd2-b129575ab19a,set,ok,
39276,5fea959a-6b4f-434c-8e20-d109c578fae8,OEL-134,cd6dc0af-bb1a-4f4e-bfd2-b129575ab19a,set,ok,
39279,abbc6ef1-fbb4-4d06-b341-44678424d717,null,,null,ok,
39374,1d2707cc-251a-40fb-8953-31d76d400591,OEL-134,cd6dc0af-bb1a-4f4e-bfd2-b129575ab19a,set,ok,
39375,b86b4ab5-67dd-42be-9b65-b41a4ae1c873,OEL-134,cd6dc0af-bb1a-4f4e-bfd2-b129575ab19a,set,ok,
39387,d99a7278-66bd-4c7c-92f2-d9328b915254,OEL-134,cd6dc0af-bb1a-4f4e-bfd2-b129575ab19a,set,ok,
39436,ad1fd8da-0f9a-45d5-9bf4-f819d65155da,OEL-135,7c7140e3-6d44-4d14-82d3-fc32db6b01fc,set,ok,
39446,0f698c73-530d-4596-9c04-8e0f008b4c97,OEL-135,7c7140e3-6d44-4d14-82d3-fc32db6b01fc,set,ok,
39452,280a11bc-b92c-4f9b-a2ca-05244b0a7c1e,OEL-135,7c7140e3-6d44-4d14-82d3-fc32db6b01fc,set,ok,
39453,4480085e-a55c-4ef4-a20f-460d90a92b1b,OEL-135,7c7140e3-6d44-4d14-82d3-fc32db6b01fc,set,ok,
39457,50beb538-53b8-43bf-bef8-18d48a44447f,OEL-135,7c7140e3-6d44-4d14-82d3-fc32db6b01fc,set,ok,
39465,4c021b46-ade7-4e10-9dcd-a9542384dc54,OEL-135,7c7140e3-6d44-4d14-82d3-fc32db6b01fc,set,ok,
39466,bfb4c824-08e8-48d4-a69c-3eb6dc63bfd5,OEL-135,7c7140e3-6d44-4d14-82d3-fc32db6b01fc,set,ok,
39479,87789714-c3bc-421f-b841-491776865e80,OEL-135,7c7140e3-6d44-4d14-82d3-fc32db6b01fc,set,ok,
39486,6a20913f-7f0e-42c9-852a-1aece2f75e8c,OEL-135,7c7140e3-6d44-4d14-82d3-fc32db6b01fc,set,ok,
39491,11eaba40-bfed-4599-9d16-da0410240c93,OEL-135,7c7140e3-6d44-4d14-82d3-fc32db6b01fc,set,ok,
40087,074cba3a-2ce2-4cdb-86a8-f62753093e3c,OEL-140,fd01c749-c1c3-4733-979c-3cb480e5b837,set,ok,
39495,de3725ce-c0ab-489a-8d43-1eacc273765f,OEL-135,7c7140e3-6d44-4d14-82d3-fc32db6b01fc,set,ok,
39501,2e4089e8-202d-46fe-b69b-6902d1546a6b,OEL-135,7c7140e3-6d44-4d14-82d3-fc32db6b01fc,set,ok,
39505,77bf8029-f819-448a-8797-7557199d46ea,OEL-135,7c7140e3-6d44-4d14-82d3-fc32db6b01fc,set,ok,
39506,4b463f24-09a6-454e-8322-42e486c83051,OEL-135,7c7140e3-6d44-4d14-82d3-fc32db6b01fc,set,ok,
39514,0479795b-9977-4b79-8377-61570e913b1c,OEL-135,7c7140e3-6d44-4d14-82d3-fc32db6b01fc,set,ok,
39515,902b511d-ed8e-40d4-88bd-403c6afa2360,OEL-135,7c7140e3-6d44-4d14-82d3-fc32db6b01fc,set,ok,
39522,f3c35c93-37eb-411c-bc94-ca417a446499,OEL-135,7c7140e3-6d44-4d14-82d3-fc32db6b01fc,set,ok,
39562,b842c431-47cc-40e1-81b2-be1028190a72,OEL-136,4bcad427-c3c2-402f-8cfe-71ae6ea70717,set,ok,
39582,6f834cae-2a7a-4f58-a137-29d307775479,OEL-136,4bcad427-c3c2-402f-8cfe-71ae6ea70717,set,ok,
39586,99d704bb-3bac-4ee0-8676-cca8fde21227,OEL-136,4bcad427-c3c2-402f-8cfe-71ae6ea70717,set,ok,
39587,ec4883c3-e522-4093-9d2c-2b4d5dafcd88,OEL-136,4bcad427-c3c2-402f-8cfe-71ae6ea70717,set,ok,
39594,c6d52dc3-30a5-435b-a153-e8dc7eedee7c,OEL-136,4bcad427-c3c2-402f-8cfe-71ae6ea70717,set,ok,
39598,e71bd4dd-e417-4edd-baf8-541bde382136,OEL-136,4bcad427-c3c2-402f-8cfe-71ae6ea70717,set,ok,
39602,00b6677a-38b2-43db-a97d-5dbbb36878de,OEL-136,4bcad427-c3c2-402f-8cfe-71ae6ea70717,set,ok,
39606,be8278c0-e882-4a57-89d4-1b5e3a144d82,OEL-136,4bcad427-c3c2-402f-8cfe-71ae6ea70717,set,ok,
39610,e90f016b-ce94-4c2b-8d93-606caf2d999e,OEL-136,4bcad427-c3c2-402f-8cfe-71ae6ea70717,set,ok,
39615,c45a79fa-801d-43eb-8b85-fd95451b4337,OEL-136,4bcad427-c3c2-402f-8cfe-71ae6ea70717,set,ok,
39622,c2b82a3f-0b20-4627-bee2-5115e4fd0089,OEL-136,4bcad427-c3c2-402f-8cfe-71ae6ea70717,set,ok,
39623,ff26c2f9-1650-4528-bf3d-c672592425bd,OEL-136,4bcad427-c3c2-402f-8cfe-71ae6ea70717,set,ok,
39626,36730e7b-9859-4223-82f0-4fd27a2bb6b2,OEL-136,4bcad427-c3c2-402f-8cfe-71ae6ea70717,set,ok,
39633,07ddf975-f5ae-4dd3-9bf2-3c2004d42152,OEL-136,4bcad427-c3c2-402f-8cfe-71ae6ea70717,set,ok,
39637,b13900e6-e0fc-4e53-ad1a-e2725d595c94,OEL-136,4bcad427-c3c2-402f-8cfe-71ae6ea70717,set,ok,
39638,eaec3bd3-880a-4396-bef4-f35cd55fbfc4,OEL-136,4bcad427-c3c2-402f-8cfe-71ae6ea70717,set,ok,
39646,95f357f4-93a1-46d8-ba76-a8ec76dcf309,OEL-136,4bcad427-c3c2-402f-8cfe-71ae6ea70717,set,ok,
39662,4af6062a-0259-4293-8828-abae3ed55011,OEL-137,5abfd750-1bb9-43d8-a437-1590788de91e,set,ok,
39680,ba86cdf6-18c1-4cc6-94e4-efa10532786d,OEL-137,5abfd750-1bb9-43d8-a437-1590788de91e,set,ok,
39684,bd261c08-80f3-42da-9ed9-1abd2480adfb,OEL-137,5abfd750-1bb9-43d8-a437-1590788de91e,set,ok,
39689,70b0ab59-3b07-45f8-af74-026946654976,OEL-137,5abfd750-1bb9-43d8-a437-1590788de91e,set,ok,
39695,569dcf58-4ff3-483e-bea0-eeee17c1eef4,OEL-137,5abfd750-1bb9-43d8-a437-1590788de91e,set,ok,
39696,f29a6543-7726-470f-93bf-97c7d1977932,OEL-137,5abfd750-1bb9-43d8-a437-1590788de91e,set,ok,
39697,44784000-600c-442a-a59b-da22d3513b80,OEL-137,5abfd750-1bb9-43d8-a437-1590788de91e,set,ok,
39698,7d38e65e-862e-4174-8339-f7fbe69a916f,OEL-137,5abfd750-1bb9-43d8-a437-1590788de91e,set,ok,
39708,d849c037-ba12-4e6e-b758-b2c319e180a7,OEL-137,5abfd750-1bb9-43d8-a437-1590788de91e,set,ok,
39709,b981d6c9-01fd-4af9-b904-33682a456890,OEL-137,5abfd750-1bb9-43d8-a437-1590788de91e,set,ok,
39713,e6dc1528-a9b7-4559-880b-f62321eed128,OEL-137,5abfd750-1bb9-43d8-a437-1590788de91e,set,ok,
39719,27d443c7-cec5-4c93-a862-bbd5fff5ce4f,OEL-137,5abfd750-1bb9-43d8-a437-1590788de91e,set,ok,
39729,88e96a7f-ea9a-4946-845c-b4cef542a4f2,OEL-137,5abfd750-1bb9-43d8-a437-1590788de91e,set,ok,
39730,06b2378f-9455-493f-91e0-737d3b5ee0b2,OEL-137,5abfd750-1bb9-43d8-a437-1590788de91e,set,ok,
39741,46fc8828-831f-4a05-85b4-fb53bc4c2434,OEL-137,5abfd750-1bb9-43d8-a437-1590788de91e,set,ok,
39738,412dc6c7-8491-4060-8b3e-672ed3aa13ca,OEL-137,5abfd750-1bb9-43d8-a437-1590788de91e,set,ok,
40922,6b816a9d-e0aa-4d32-b86f-6ed821c6a217,OEL-162,a226f1c3-4e45-4519-b0ae-301d3548cb41,set,ok,
39777,21461678-4cec-4dfb-b967-4375827d5f8f,OEL-138,f3a3b143-ed9f-485c-9d23-07556a428cca,set,ok,
39798,8a32be82-43cd-4da6-bb21-e4d762297c03,OEL-138,f3a3b143-ed9f-485c-9d23-07556a428cca,set,ok,
39802,3ccd1577-de27-41cc-9b4f-1f2d9216f391,OEL-138,f3a3b143-ed9f-485c-9d23-07556a428cca,set,ok,
39806,c8d2945c-966c-4beb-a911-24107c69a953,OEL-136,4bcad427-c3c2-402f-8cfe-71ae6ea70717,set,ok,
39811,1d692fa6-eff4-4405-bdf7-aa7bdd033851,OEL-138,f3a3b143-ed9f-485c-9d23-07556a428cca,set,ok,
39812,6e788673-07b1-4367-9ae5-5a0ecc649be9,OEL-138,f3a3b143-ed9f-485c-9d23-07556a428cca,set,ok,
39813,10967bc5-51f1-46da-babe-75c8a34afcf5,OEL-138,f3a3b143-ed9f-485c-9d23-07556a428cca,set,ok,
39822,accc3e9c-5c01-4f36-8ca6-515a6f088f4b,OEL-138,f3a3b143-ed9f-485c-9d23-07556a428cca,set,ok,
39823,8331804f-1163-4177-afc0-0677d64b810c,OEL-138,f3a3b143-ed9f-485c-9d23-07556a428cca,set,ok,
39824,a018b4cf-3617-4e80-a027-d0dfeb8543ab,OEL-138,f3a3b143-ed9f-485c-9d23-07556a428cca,set,ok,
39852,232191a7-b554-4fbe-82cd-a8abde5781a5,OEL-138,f3a3b143-ed9f-485c-9d23-07556a428cca,set,ok,
39853,41e7fc08-84e3-42b4-a896-a4868e797807,OEL-138,f3a3b143-ed9f-485c-9d23-07556a428cca,set,ok,
39872,a7ed3e12-659e-42dd-8946-39a7a7f4c46b,OEL-138,f3a3b143-ed9f-485c-9d23-07556a428cca,set,ok,
39854,4593c3f9-87b6-4066-9b26-a32ebda53a11,OEL-138,f3a3b143-ed9f-485c-9d23-07556a428cca,set,ok,
39873,4c725d95-706a-499b-8709-795494b26996,OEL-138,f3a3b143-ed9f-485c-9d23-07556a428cca,set,ok,
39913,f11360e8-4911-4b70-921a-12b4e7936848,OEL-139,aebd9278-6284-44e2-99db-dd78983b2916,set,ok,
39939,16f2009a-79d3-44a8-96d3-6046b3d67c6a,OEL-139,aebd9278-6284-44e2-99db-dd78983b2916,set,ok,
39943,5c563462-40cd-4935-883e-66996fe52aec,OEL-139,aebd9278-6284-44e2-99db-dd78983b2916,set,ok,
39947,b54b0c82-2a8d-4915-a052-260ac0451bc4,OEL-139,aebd9278-6284-44e2-99db-dd78983b2916,set,ok,
39950,73be811d-93fb-4092-af89-e81dd84f2cf3,OEL-139,aebd9278-6284-44e2-99db-dd78983b2916,set,ok,
39954,e3f93c40-ba0b-4456-9a0e-6185a9198ca1,OEL-139,aebd9278-6284-44e2-99db-dd78983b2916,set,ok,
39959,19f1fecb-d7bf-4e93-b92c-e38efa1e105c,OEL-139,aebd9278-6284-44e2-99db-dd78983b2916,set,ok,
39963,8c5916e7-2caa-42b0-bc10-4079a4f2b5f6,OEL-139,aebd9278-6284-44e2-99db-dd78983b2916,set,ok,
39970,ddea33a8-eb53-4ab5-852b-57fa2b0414df,OEL-139,aebd9278-6284-44e2-99db-dd78983b2916,set,ok,
39971,7f3db60d-c621-4e06-a8a0-ac3ba957f506,OEL-139,aebd9278-6284-44e2-99db-dd78983b2916,set,ok,
39978,20c50def-3202-4235-8150-512ae858fee0,OEL-139,aebd9278-6284-44e2-99db-dd78983b2916,set,ok,
39982,fd0e498f-8fba-4217-8481-0b9cede063d6,OEL-139,aebd9278-6284-44e2-99db-dd78983b2916,set,ok,
39984,5f941386-b8e5-4545-9b52-100992b305c6,OEL-139,aebd9278-6284-44e2-99db-dd78983b2916,set,ok,
40036,d940386b-f5b1-4bca-a9ef-dacacc61429a,OEL-140,fd01c749-c1c3-4733-979c-3cb480e5b837,set,ok,
40040,6450cee0-a4b4-4ced-99f4-676d5b6687e3,OEL-140,fd01c749-c1c3-4733-979c-3cb480e5b837,set,ok,
40049,e0524b25-9e27-42b8-8b0e-f3ae151af773,OEL-140,fd01c749-c1c3-4733-979c-3cb480e5b837,set,ok,
40048,606bb0e5-577e-4693-9b35-197d3c9a2c23,OEL-140,fd01c749-c1c3-4733-979c-3cb480e5b837,set,ok,
40055,af122883-fa7a-4b61-b3bf-e6caf80d6708,OEL-140,fd01c749-c1c3-4733-979c-3cb480e5b837,set,ok,
40060,8c85266f-4d78-4df4-8118-56c957a87f99,OEL-140,fd01c749-c1c3-4733-979c-3cb480e5b837,set,ok,
40062,369d4246-4e16-4d4d-83b9-cc1ba9fadbff,OEL-140,fd01c749-c1c3-4733-979c-3cb480e5b837,set,ok,
40065,5aa91ea6-581f-4ebf-968d-655df1d5127d,OEL-140,fd01c749-c1c3-4733-979c-3cb480e5b837,set,ok,
40070,8e2c4c18-2cfd-4d17-9105-9d715b785738,OEL-140,fd01c749-c1c3-4733-979c-3cb480e5b837,set,ok,
40080,62e45f5b-db91-4bae-8cb6-e0a7a9975db4,OEL-140,fd01c749-c1c3-4733-979c-3cb480e5b837,set,ok,
40091,879716ac-a22c-47dd-9285-b332cf6b244e,OEL-140,fd01c749-c1c3-4733-979c-3cb480e5b837,set,ok,
40098,6589ce3c-b5c0-4437-9528-f5dd6286bc96,OEL-140,fd01c749-c1c3-4733-979c-3cb480e5b837,set,ok,
40104,693ef02f-5897-4068-b3ac-5162a4dbb37f,OEL-140,fd01c749-c1c3-4733-979c-3cb480e5b837,set,ok,
40099,a7d565ff-08e2-4340-b0e1-86464b451646,OEL-140,fd01c749-c1c3-4733-979c-3cb480e5b837,set,ok,
40118,06439a39-b794-497b-92b8-c59662f4a576,OEL-140,fd01c749-c1c3-4733-979c-3cb480e5b837,set,ok,
40113,a2bc4a42-082c-4354-a992-d5f94f572f00,OEL-140,fd01c749-c1c3-4733-979c-3cb480e5b837,set,ok,
40191,b797d6bc-eb8e-40c4-af90-ff05ebbefc6e,OEL-141,bc5e3662-c906-4b0e-9e09-d93083224211,set,ok,
40196,53f5b6e7-9ba6-4875-ac14-96a7e4476ecb,OEL-141,bc5e3662-c906-4b0e-9e09-d93083224211,set,ok,
40202,fbed64b0-0044-4dee-966e-f92e75c484f1,OEL-141,bc5e3662-c906-4b0e-9e09-d93083224211,set,ok,
40212,42282325-2d4c-4876-899b-7f9aed44c2a3,OEL-141,bc5e3662-c906-4b0e-9e09-d93083224211,set,ok,
40217,dcfd554b-498a-4432-b630-394f2bdaf0bf,OEL-141,bc5e3662-c906-4b0e-9e09-d93083224211,set,ok,
40226,04a76785-351d-441b-88ec-78e282ea2f1f,OEL-141,bc5e3662-c906-4b0e-9e09-d93083224211,set,ok,
40237,79fde51f-556e-4104-8912-ae7511c57478,OEL-141,bc5e3662-c906-4b0e-9e09-d93083224211,set,ok,
40283,2b0a434a-dad2-4a80-9447-78c2bb4e00e3,OEL-142,eba488a0-2c08-4847-88d5-937f15391eaf,set,ok,
40290,82cfcf11-ed10-4e75-a255-5b977a755d41,OEL-142,eba488a0-2c08-4847-88d5-937f15391eaf,set,ok,
40294,ed02b9f0-ecac-424c-a0be-73956333cdcf,OEL-142,eba488a0-2c08-4847-88d5-937f15391eaf,set,ok,
40299,ae5f3d90-ff88-4b4e-af7a-2c2176889f07,OEL-142,eba488a0-2c08-4847-88d5-937f15391eaf,set,ok,
40305,7452dc4d-57a9-4246-853f-6ea5d34837eb,OEL-142,eba488a0-2c08-4847-88d5-937f15391eaf,set,ok,
40310,85e98d62-b57d-48a0-a135-da1b604af504,OEL-142,eba488a0-2c08-4847-88d5-937f15391eaf,set,ok,
40317,cdf8ed22-7bb9-4d3d-b1d8-cdc9031066ab,OEL-142,eba488a0-2c08-4847-88d5-937f15391eaf,set,ok,
40322,e0b22b94-3149-421d-bc6b-43c1b733f7b2,OEL-142,eba488a0-2c08-4847-88d5-937f15391eaf,set,ok,
40327,2ce38e6f-66b3-49a3-a5fc-5abef4d3085b,OEL-142,eba488a0-2c08-4847-88d5-937f15391eaf,set,ok,
40333,094046de-5272-4002-8ac1-75611cf4710b,OEL-142,eba488a0-2c08-4847-88d5-937f15391eaf,set,ok,
40338,dcff8316-f3cf-4448-943b-637a9befc247,OEL-142,eba488a0-2c08-4847-88d5-937f15391eaf,set,ok,
40365,77143d91-1857-4703-b8dd-054abce0dd20,OEL-143,530163c6-5729-4c5e-a9bc-3fd4c229a31e,set,ok,
40369,003a7fcb-6dcf-4d4c-8747-60111f174ff6,OEL-143,530163c6-5729-4c5e-a9bc-3fd4c229a31e,set,ok,
40373,33cf87dc-e825-4420-a183-b3c897aec275,OEL-143,530163c6-5729-4c5e-a9bc-3fd4c229a31e,set,ok,
40374,87857305-d77b-4515-bcba-e4f0086dcfbd,OEL-143,530163c6-5729-4c5e-a9bc-3fd4c229a31e,set,ok,
40383,a42b8f11-a71f-40e6-86d3-8d8cc59a5295,OEL-143,530163c6-5729-4c5e-a9bc-3fd4c229a31e,set,ok,
40389,82d26cd7-07c7-4de5-a973-80e621abed05,OEL-143,530163c6-5729-4c5e-a9bc-3fd4c229a31e,set,ok,
40391,7716e918-9be2-4271-9598-ff6e5fb5f31d,OEL-143,530163c6-5729-4c5e-a9bc-3fd4c229a31e,set,ok,
40395,7a1de8cc-cd34-4acd-8f32-8249a3ea5105,OEL-143,530163c6-5729-4c5e-a9bc-3fd4c229a31e,set,ok,
40406,2a297686-7c28-442d-966b-5ab6bba0914b,OEL-143,530163c6-5729-4c5e-a9bc-3fd4c229a31e,set,ok,
40422,43eebabc-c6fd-41c6-ad52-c67bae22906a,OEL-143,530163c6-5729-4c5e-a9bc-3fd4c229a31e,set,ok,
40453,cc94e37d-ab78-49d3-ab96-0835555e4b0e,OEL-144,7b72c358-c67b-4381-ab4d-bdaf8108858b,set,ok,
40457,d7c3bf7a-35ff-445e-b63a-1df0f719451e,OEL-144,7b72c358-c67b-4381-ab4d-bdaf8108858b,set,ok,
40461,e24193c2-c220-4f33-88a9-222427d6e4a0,OEL-144,7b72c358-c67b-4381-ab4d-bdaf8108858b,set,ok,
40466,70e2d7fd-d18f-4463-8dae-fed0ec91eda3,OEL-144,7b72c358-c67b-4381-ab4d-bdaf8108858b,set,ok,
40472,9bd25ed3-a458-4d5d-8ed5-a338e4f668b3,OEL-144,7b72c358-c67b-4381-ab4d-bdaf8108858b,set,ok,
40477,c8e0084d-2c19-4b12-8441-d3d355f46529,OEL-144,7b72c358-c67b-4381-ab4d-bdaf8108858b,set,ok,
40488,af876889-34b9-400b-9c4d-16b1658ce1a7,OEL-144,7b72c358-c67b-4381-ab4d-bdaf8108858b,set,ok,
40494,b618456b-596e-49f8-9654-5dea36a3c659,OEL-144,7b72c358-c67b-4381-ab4d-bdaf8108858b,set,ok,
40495,475fd6e2-dd08-40e5-bde8-e513190f36ce,OEL-144,7b72c358-c67b-4381-ab4d-bdaf8108858b,set,ok,
40502,4fc80043-c1af-485f-b769-6cc150eb870d,OEL-144,7b72c358-c67b-4381-ab4d-bdaf8108858b,set,ok,
40507,9648ac06-3bca-470e-89a1-b0d01d02bc8a,OEL-144,7b72c358-c67b-4381-ab4d-bdaf8108858b,set,ok,
40514,46a9cb7b-bdab-4046-b687-4af57dfaa3c5,OEL-144,7b72c358-c67b-4381-ab4d-bdaf8108858b,set,ok,
40518,05094841-31ae-4dc3-82d0-b074be7368cb,OEL-144,7b72c358-c67b-4381-ab4d-bdaf8108858b,set,ok,
40678,bad1b0c3-cb68-4a0d-a309-bfe7034c45a4,null,,null,ok,
40694,12488a15-5c34-4ba5-be4f-fdac7b5db9a1,OEL-162,a226f1c3-4e45-4519-b0ae-301d3548cb41,set,ok,
40702,36afd46f-1fd3-4e32-915b-6e9fd4f9e874,OEL-162,a226f1c3-4e45-4519-b0ae-301d3548cb41,set,ok,
40708,5827f172-c9c5-4849-8f3c-fe34198bb8cc,OEL-162,a226f1c3-4e45-4519-b0ae-301d3548cb41,set,ok,
40714,52067008-c73e-4dbb-9f07-6d92133b3a2f,OEL-162,a226f1c3-4e45-4519-b0ae-301d3548cb41,set,ok,
40715,6c39a0ca-3a37-43fa-a946-4858adba8710,OEL-162,a226f1c3-4e45-4519-b0ae-301d3548cb41,set,ok,
40712,55fa86ba-1f55-4202-9079-8a8f31608cf6,OEL-162,a226f1c3-4e45-4519-b0ae-301d3548cb41,set,ok,
40941,49107cea-c622-4993-bdcb-eb4a548ba275,OEL-162,a226f1c3-4e45-4519-b0ae-301d3548cb41,set,ok,
40948,9935324d-96d5-4b14-a928-10177e29dbbf,OEL-162,a226f1c3-4e45-4519-b0ae-301d3548cb41,set,ok,
40959,38c54f65-3899-4630-9bde-7976bd94810e,OEL-162,a226f1c3-4e45-4519-b0ae-301d3548cb41,set,ok,
40968,b94206e7-5e19-42b4-90d4-04061a44b428,OEL-162,a226f1c3-4e45-4519-b0ae-301d3548cb41,set,ok,
40977,d88167f3-2dcb-4120-869e-40b66b40371c,OEL-162,a226f1c3-4e45-4519-b0ae-301d3548cb41,set,ok,
40984,8f832d05-998e-43a8-91a5-c85cd0ac4dfb,OEL-162,a226f1c3-4e45-4519-b0ae-301d3548cb41,set,ok,
41009,ef630eb7-6394-4329-8d77-c38d3fe9c76a,null,,null,ok,
40988,307a875e-982b-486e-ab06-8ad2016266a0,OEL-162,a226f1c3-4e45-4519-b0ae-301d3548cb41,set,ok,
40995,c59f650a-46d0-4574-9317-8fcf4cf79367,OEL-162,a226f1c3-4e45-4519-b0ae-301d3548cb41,set,ok,
41038,cfa5124a-7788-40ac-96e2-c0b8d804389f,OEL-160,e1cfd79d-e4e5-41d6-8824-d8eba3f6cd20,set,ok,
41052,3ea73d12-e385-4184-9609-2bd5425eadad,OEL-160,e1cfd79d-e4e5-41d6-8824-d8eba3f6cd20,set,ok,
41058,8b3d635a-f1c4-42ac-93ac-67861eeab060,OEL-160,e1cfd79d-e4e5-41d6-8824-d8eba3f6cd20,set,ok,
41073,034a313a-c7f2-4e11-9b5d-42f3891571e0,OEL-159,0177ee45-7b8b-42ea-84ac-5ec59f825017,set,ok,
41084,baa0411b-a2c3-4614-a5ce-242f9b8eb1c9,OEL-159,0177ee45-7b8b-42ea-84ac-5ec59f825017,set,ok,
41092,c4b7b71c-b7c7-455d-ae9c-96de671500fc,OEL-159,0177ee45-7b8b-42ea-84ac-5ec59f825017,set,ok,
41901,e752e30c-7c1a-4945-baf5-db825d9a05ae,INS-6,fdca6832-64aa-446c-a11a-708f2bbd5778,set,ok,
41634,bdebdfca-25cd-4038-aef3-79749b83e018,null,,null,ok,
41113,f9ff7767-5e87-4355-a17a-86e66d809cfc,OEL-153,6b0bc8f8-839a-4107-80e8-572fd6003010,set,ok,
41125,c0b00a82-193e-4161-b2bf-4706af9c914c,OEL-158,ce7f3227-ca5c-4f12-b853-91c35854a343,set,ok,
41139,4f6a1abe-7295-4413-ad44-1d9762834af3,null,,null,ok,
42235,72552584-a77b-421e-b11c-568b85d60126,null,,null,ok,
41204,c92eed23-52f8-430f-acb9-991e4966809f,null,,null,ok,
41218,9fbc2a18-1c32-4770-bb6b-aa15de57973c,OEL-155,df9ef8e1-4c04-4dfa-b745-01f25af896d8,set,ok,
41226,7dd722c9-b926-4853-bd06-020c827ad458,OEL-155,df9ef8e1-4c04-4dfa-b745-01f25af896d8,set,ok,
41241,83db7f93-b5d5-4323-ac47-3ef32d30cfa7,OEL-155,df9ef8e1-4c04-4dfa-b745-01f25af896d8,set,ok,
41249,9ba43fb8-3254-4848-a1d0-c8736ac65cc5,OEL-155,df9ef8e1-4c04-4dfa-b745-01f25af896d8,set,ok,
41256,6d9d598c-c3a5-407e-87a0-49a6fef7c4e1,OEL-155,df9ef8e1-4c04-4dfa-b745-01f25af896d8,set,ok,
41266,b9901573-827a-4790-918b-20835c2abf48,OEL-155,df9ef8e1-4c04-4dfa-b745-01f25af896d8,set,ok,
41277,07d7a7c3-7cda-43dd-a10e-f77c67f13da5,null,,null,ok,
41283,13e7956d-32bf-49c6-aa64-289ea6ee0df5,null,,null,ok,
41331,80b26856-bb78-4fce-94db-b92135f37b91,null,,null,ok,
41351,35db7c3a-4b9d-4a8d-9274-65b9db9b3d3a,null,,null,ok,
41369,22b50490-2c62-4857-a9f7-50d7f3bcec3a,null,,null,ok,
43152,0778e3d9-ef86-4505-98bd-4c6cf0ee5129,null,,null,ok,
43666,5672429d-2eee-43c6-b4bd-6858f82976f3,null,,null,ok,
43654,0c57a31a-014f-4ca1-a91e-0bf467b979a7,null,,null,ok,
42194,c91ebb81-c818-43d4-8cad-cc299fb4a7a1,INS-7,2e332f30-ab3d-4aaf-8ad0-0daefe2fd743,set,ok,
41455,ad80c758-3802-4a3f-b794-040489ed9346,null,,null,ok,
41627,eaeae110-9fdd-4995-9e81-92fa686070c1,null,,null,ok,
42178,0dd86432-0a36-4217-9c8c-1de84f833fc6,INS-7,2e332f30-ab3d-4aaf-8ad0-0daefe2fd743,set,ok,
41639,72f15ac4-0c10-42b6-822a-06fa2d71ce9e,null,,null,ok,
41647,33c72832-e0be-4d64-b720-ce6f0952bbb3,null,,null,ok,
42265,44f47b04-ccb4-41b7-ba67-04aa892a8ec5,null,,null,ok,
41912,8d47917b-ec01-4959-977d-9e6f45ee00b0,INS-6,fdca6832-64aa-446c-a11a-708f2bbd5778,set,ok,
41923,75e68114-8aa3-4f31-9c32-1c84987c7927,INS-6,fdca6832-64aa-446c-a11a-708f2bbd5778,set,ok,
41934,040a09ce-1e98-42c5-b281-5dfb0006be1e,INS-6,fdca6832-64aa-446c-a11a-708f2bbd5778,set,ok,
41939,14aeb933-78e5-4c6f-b528-88e4295e2c34,INS-6,fdca6832-64aa-446c-a11a-708f2bbd5778,set,ok,
41947,b9f27278-2b04-47cd-be39-6876b2180f42,INS-6,fdca6832-64aa-446c-a11a-708f2bbd5778,set,ok,
41954,e0f4a2af-29b8-4c7b-b50f-aab20a5ee823,INS-6,fdca6832-64aa-446c-a11a-708f2bbd5778,set,ok,
41984,8f6993d9-c794-4bee-82ba-03df5a567163,INS-3,6ee0a6fd-919b-4579-8a8e-3b2dd7358109,set,ok,
42001,071f81ec-da06-4a40-9b57-90061364f23d,INS-3,6ee0a6fd-919b-4579-8a8e-3b2dd7358109,set,ok,
42010,eea3c50b-7ce3-4a3e-b4a6-b90ccf9e8c40,INS-3,6ee0a6fd-919b-4579-8a8e-3b2dd7358109,set,ok,
42014,d93f4ba3-267a-4554-ba8c-042bc768c432,INS-3,6ee0a6fd-919b-4579-8a8e-3b2dd7358109,set,ok,
42018,d902ca01-8eae-4683-bef2-bc5e86b43bf7,INS-3,6ee0a6fd-919b-4579-8a8e-3b2dd7358109,set,ok,
42022,4a17d0f6-f78b-494e-b34b-780fbdb7fd70,INS-3,6ee0a6fd-919b-4579-8a8e-3b2dd7358109,set,ok,
42026,a643f81a-eec2-4bc1-b5f6-255a0136d66a,INS-3,6ee0a6fd-919b-4579-8a8e-3b2dd7358109,set,ok,
42246,a5994391-1446-4138-83f9-0aa1d0a4f625,null,,null,ok,
42219,310c50d0-f667-4054-bde5-604cef2c0fcf,INS-7,2e332f30-ab3d-4aaf-8ad0-0daefe2fd743,set,ok,
42224,09189983-9fc2-4850-b3df-502bca121215,INS-7,2e332f30-ab3d-4aaf-8ad0-0daefe2fd743,set,ok,
42200,1726f9c5-6928-4ece-8f01-eb9c661983fe,INS-7,2e332f30-ab3d-4aaf-8ad0-0daefe2fd743,set,ok,
42210,f6040d81-a08e-4f39-a7d9-ed5c4344c0cc,INS-7,2e332f30-ab3d-4aaf-8ad0-0daefe2fd743,set,ok,
42215,c10b70c2-4951-4088-bc24-dd386592bbe3,INS-7,2e332f30-ab3d-4aaf-8ad0-0daefe2fd743,set,ok,
42159,93b88278-f473-43dd-83ef-ea147b64ef00,null,,null,ok,
42070,89e7d87d-8bc1-4744-9037-40659a14c8c0,OEL-163,989aea4d-06ba-4bbc-9138-a3f8a96575d7,set,ok,
42082,4a8331d5-6da0-45bf-af32-0f01cfa764eb,OEL-163,989aea4d-06ba-4bbc-9138-a3f8a96575d7,set,ok,
42129,8a91b516-0cc2-4d76-9fa9-7b5239fab921,OEL-163,989aea4d-06ba-4bbc-9138-a3f8a96575d7,set,ok,
42098,597fc026-df99-46e3-8645-fc30d51bdc79,OEL-163,989aea4d-06ba-4bbc-9138-a3f8a96575d7,set,ok,
42113,3bf83a2a-f06d-4954-a571-cc7149691516,OEL-163,989aea4d-06ba-4bbc-9138-a3f8a96575d7,set,ok,
42122,65387068-27a2-45a0-bb03-f6ded16c232c,OEL-163,989aea4d-06ba-4bbc-9138-a3f8a96575d7,set,ok,
42206,00e21284-b09d-408f-a2d9-ab145a528102,INS-7,2e332f30-ab3d-4aaf-8ad0-0daefe2fd743,set,ok,
42332,b8c584d6-f142-4eff-a0e0-0d35ffdf9d86,null,,null,ok,
42352,906bbacd-cf41-4e9a-883a-4c7325168afa,null,,null,ok,
42386,31591deb-465c-4dc2-a9cc-3ca074569a62,null,,null,ok,
42416,877e450e-9d72-4968-b142-cd0fbcacbc5e,INS-8,f5be0343-c524-40a0-b11e-8c17cc322e2f,set,ok,
42445,693c622f-ab4a-4499-a5df-841dc5a8d600,INS-8,f5be0343-c524-40a0-b11e-8c17cc322e2f,set,ok,
42449,4997687e-d183-44e0-ae36-a3e42a7940c1,INS-8,f5be0343-c524-40a0-b11e-8c17cc322e2f,set,ok,
42459,e06e4a03-0ac2-463a-9e75-c40ca5bfdccc,INS-8,f5be0343-c524-40a0-b11e-8c17cc322e2f,set,ok,
42463,358569b0-efc0-47cc-b981-8fe83e132d74,INS-8,f5be0343-c524-40a0-b11e-8c17cc322e2f,set,ok,
42469,fea208a1-6944-4326-a4e2-16f2040299b7,INS-8,f5be0343-c524-40a0-b11e-8c17cc322e2f,set,ok,
42478,46ba5772-e90e-4fb5-b555-97b419989f11,OEL-164,1f582024-88b8-41e0-a4c2-46ed6cda1839,set,ok,
42488,f1a1d970-d0a9-4916-bce7-b2f67163680c,INS-9,638fd34f-89d8-4b1a-aa6d-70e6741627f2,set,ok,
42497,851ec08e-da62-45eb-aab5-b439f797faeb,INS-9,638fd34f-89d8-4b1a-aa6d-70e6741627f2,set,ok,
42502,01b82250-16c2-4e98-ad89-d7b5d1e0b83d,INS-9,638fd34f-89d8-4b1a-aa6d-70e6741627f2,set,ok,
42508,a0e13816-0d9d-423b-ba85-c9ea6d6b14f3,INS-9,638fd34f-89d8-4b1a-aa6d-70e6741627f2,set,ok,
42512,b113d7e8-aaff-473a-a4f3-a8761f7b01f9,INS-9,638fd34f-89d8-4b1a-aa6d-70e6741627f2,set,ok,
42517,32c6ee9d-c251-46cb-a909-5192029c3003,INS-9,638fd34f-89d8-4b1a-aa6d-70e6741627f2,set,ok,
42526,9e63d447-f2e9-48d5-99e2-0a480cc3f3da,INS-9,638fd34f-89d8-4b1a-aa6d-70e6741627f2,set,ok,
42530,08e38e52-b390-47c6-942f-d474fbdae7a6,INS-9,638fd34f-89d8-4b1a-aa6d-70e6741627f2,set,ok,
42534,af67fdc8-af95-4eb8-984d-71c53a8e16a4,INS-9,638fd34f-89d8-4b1a-aa6d-70e6741627f2,set,ok,
42582,ee67faab-b870-4ec5-8222-116c32f2d934,INS-10,2adcb121-f7df-4106-b541-0c1f6492c9d4,set,ok,
42602,0de86860-8f56-4f11-a42c-3b803e1de7df,INS-10,2adcb121-f7df-4106-b541-0c1f6492c9d4,set,ok,
42636,c3289dc6-3375-4e62-bb51-c44bc19a7e31,INS-10,2adcb121-f7df-4106-b541-0c1f6492c9d4,set,ok,
42633,663408f3-2eae-4640-b08a-172106591a8e,INS-10,2adcb121-f7df-4106-b541-0c1f6492c9d4,set,ok,
43076,3cc4c476-5b63-4165-b8f8-e79f91ec796c,INS-11,917a392b-e637-4e21-b611-f3bae63d8377,set,ok,
42615,645a988e-eab9-49f7-8fda-43d2cdef6bc0,INS-10,2adcb121-f7df-4106-b541-0c1f6492c9d4,set,ok,
42618,79b9e4b6-5944-477f-9366-a85fdf8d35e3,INS-10,2adcb121-f7df-4106-b541-0c1f6492c9d4,set,ok,
42621,b1ad914e-71fb-4e41-9661-f6f31e4c58d7,INS-10,2adcb121-f7df-4106-b541-0c1f6492c9d4,set,ok,
42625,7e8a27b8-a706-40e0-a584-467291d17717,INS-10,2adcb121-f7df-4106-b541-0c1f6492c9d4,set,ok,
42679,aa19bd7b-d3e7-4b1e-8042-e4a6f1e3366f,null,,null,ok,
42690,b0a456f6-30c9-474a-8ff3-7b6e8b91f5c4,null,,null,ok,
42733,ede3004f-b032-4a2d-a96a-42bec96f92ef,OEL-163,989aea4d-06ba-4bbc-9138-a3f8a96575d7,set,ok,
42724,4b3868a5-aa0d-4db7-853d-211e5bd22a36,OEL-163,989aea4d-06ba-4bbc-9138-a3f8a96575d7,set,ok,
42740,ca1df646-21ee-41eb-9f63-63b40720f934,null,,null,ok,
42751,21d375d7-34ed-43f5-a3b9-9ef81bc1bfba,OEL-163,989aea4d-06ba-4bbc-9138-a3f8a96575d7,set,ok,
42759,b6e81336-2d12-4917-9526-1092458f951c,OEL-163,989aea4d-06ba-4bbc-9138-a3f8a96575d7,set,ok,
42784,60d294a9-2bbf-414a-9e94-577cd6377629,OEL-163,989aea4d-06ba-4bbc-9138-a3f8a96575d7,set,ok,
42775,7a0fc4d6-cefa-40e3-bc86-969fc2a8919f,OEL-163,989aea4d-06ba-4bbc-9138-a3f8a96575d7,set,ok,
42785,1be6fbc4-b9ad-4969-ba0e-f3826f8d0178,OEL-163,989aea4d-06ba-4bbc-9138-a3f8a96575d7,set,ok,
42809,00cbad1a-5643-457a-8ae9-d0099362b52a,null,,null,ok,
42822,b16524a3-a126-4cc7-84eb-b8850c2b371b,null,,null,ok,
42830,89ec29c9-488e-411a-a3bf-ad4bb0a952d4,null,,null,ok,
42840,ce05fe09-15c7-4ed0-a4a4-e3d3fb7d8efc,OEL-164,1f582024-88b8-41e0-a4c2-46ed6cda1839,set,ok,
43041,960f2461-4c15-4ee2-8f92-1313ef633cdd,null,,null,ok,
43031,55463eb8-8e5b-4f72-a3d3-07c9f636d52b,null,,null,ok,
43085,bf406f15-50ae-4609-b5e1-8743df537940,INS-11,917a392b-e637-4e21-b611-f3bae63d8377,set,ok,
43094,d133ed08-efc1-4347-84ab-9b076b81d548,INS-11,917a392b-e637-4e21-b611-f3bae63d8377,set,ok,
43098,bf60996f-3448-4062-b620-eb2a86f0c4de,INS-11,917a392b-e637-4e21-b611-f3bae63d8377,set,ok,
43104,6e9d70a9-f58a-4057-b9ef-b8c045575241,INS-11,917a392b-e637-4e21-b611-f3bae63d8377,set,ok,
43113,a0ad636c-2c7e-40e5-9341-aa2754461cf9,INS-11,917a392b-e637-4e21-b611-f3bae63d8377,set,ok,
43118,c1ee660c-b02e-4c87-aa84-8a734265a531,INS-11,917a392b-e637-4e21-b611-f3bae63d8377,set,ok,
43123,129b50e2-bc93-4b41-ab41-03e078c3a868,INS-11,917a392b-e637-4e21-b611-f3bae63d8377,set,ok,
43128,ed3a4927-eb81-429d-a1c1-1920008eda0d,INS-11,917a392b-e637-4e21-b611-f3bae63d8377,set,ok,
43132,2d7d466f-43a0-47c9-9372-d391cfdbcc5e,INS-11,917a392b-e637-4e21-b611-f3bae63d8377,set,ok,
43136,fe9652b9-c1fd-4f5d-a2e6-e7c6444fa888,INS-11,917a392b-e637-4e21-b611-f3bae63d8377,set,ok,
43207,14d99fc6-cff9-4ee1-9498-f68f850d55fe,null,,null,ok,
43250,78f4fdbb-5d02-477c-a595-d69f3f61eaa0,null,,null,ok,
43261,d0b35fb4-2e29-4e9d-8731-b922af23f7c1,null,,null,ok,
43294,476c45f8-ff58-4f61-bc30-5f656970a40a,INS-12,d3b867f2-e381-4076-b6e9-b0d83abe9ad0,set,ok,
43302,288ba3f2-3a36-445f-8a84-70adf2551e26,INS-12,d3b867f2-e381-4076-b6e9-b0d83abe9ad0,set,ok,
43308,34cd1d0c-4dbb-4f28-9e29-2ff1c6cb4c3c,INS-12,d3b867f2-e381-4076-b6e9-b0d83abe9ad0,set,ok,
43312,5f20e092-fad2-4150-863a-ac9b82f62577,INS-12,d3b867f2-e381-4076-b6e9-b0d83abe9ad0,set,ok,
43320,73b1997f-250c-4557-8146-0e7f6f3f211c,INS-12,d3b867f2-e381-4076-b6e9-b0d83abe9ad0,set,ok,
43451,50f92455-58d2-4317-ad79-0a7125bbc810,OEL-164,1f582024-88b8-41e0-a4c2-46ed6cda1839,set,ok,
43348,68d1d9a4-f559-416c-a727-02da77c92d14,null,,null,ok,
43358,46bb797d-d244-49f4-bb9a-73fc2a51e7bd,INS-12,d3b867f2-e381-4076-b6e9-b0d83abe9ad0,set,ok,
43366,4332a6bf-8b0e-4ddb-b083-c68021acc6c3,INS-12,d3b867f2-e381-4076-b6e9-b0d83abe9ad0,set,ok,
43373,36701904-5943-45bd-9bca-ace7df8f3679,INS-12,d3b867f2-e381-4076-b6e9-b0d83abe9ad0,set,ok,
43377,3e70e96b-bf67-43bc-964d-33e7586a08a7,INS-12,d3b867f2-e381-4076-b6e9-b0d83abe9ad0,set,ok,
43431,aa5c4163-b017-48e7-9ba8-719ad349be9f,null,,null,ok,
43468,0c7079d5-355d-4a73-a7f8-cbfb445033c9,OEL-164,1f582024-88b8-41e0-a4c2-46ed6cda1839,set,ok,
43481,a71dd1d6-2956-4dbf-91d2-206cffda1442,OEL-164,1f582024-88b8-41e0-a4c2-46ed6cda1839,set,ok,
43490,5c73762b-aee5-4fc0-81c8-82ec33c51f75,null,,null,ok,
43496,5690348b-aca8-440c-9d6a-3e45332ce04f,null,,null,ok,
43501,0ff7cda6-9b2b-436d-9658-b23753209a84,null,,null,ok,
43509,36aa9c83-2ae6-495f-a893-8983bfbcbf50,OEL-164,1f582024-88b8-41e0-a4c2-46ed6cda1839,set,ok,
43520,91df13d8-9791-4880-9f6d-871a62e0c3a3,OEL-164,1f582024-88b8-41e0-a4c2-46ed6cda1839,set,ok,
43525,23ca54c7-2013-49f0-a57f-85f02d868169,OEL-164,1f582024-88b8-41e0-a4c2-46ed6cda1839,set,ok,
43532,0f268790-4a9c-45c1-bf43-b3c746d3fa1d,OEL-164,1f582024-88b8-41e0-a4c2-46ed6cda1839,set,ok,
43534,68c4430a-673f-40a5-8473-34ad5f060993,OEL-164,1f582024-88b8-41e0-a4c2-46ed6cda1839,set,ok,
43567,0053b93f-527a-45bc-9a1f-1b9cc76c4a88,OEL-164,1f582024-88b8-41e0-a4c2-46ed6cda1839,set,ok,
43569,473fdf8c-3e5f-4dc4-ac76-b9e2937dfc52,OEL-164,1f582024-88b8-41e0-a4c2-46ed6cda1839,set,ok,
43552,9d749986-5d1c-41cb-a51f-11d9e0d88f89,OEL-164,1f582024-88b8-41e0-a4c2-46ed6cda1839,set,ok,
43561,9195fd5e-2e39-4c57-abcf-b5be9a89da69,OEL-164,1f582024-88b8-41e0-a4c2-46ed6cda1839,set,ok,
43575,117caa61-e1d7-4758-8c02-e230429e822d,OEL-164,1f582024-88b8-41e0-a4c2-46ed6cda1839,set,ok,
43582,f7f2f21d-bad2-4329-ba8d-5a651432c57e,OEL-164,1f582024-88b8-41e0-a4c2-46ed6cda1839,set,ok,
43593,806e878b-879b-4013-9ccc-6899ca59375b,OEL-164,1f582024-88b8-41e0-a4c2-46ed6cda1839,set,ok,
43616,f2f58b47-599a-4bf5-8ff5-7c6653279d6c,null,,null,ok,
44016,75787ec2-bb87-4a4d-85a0-75020d1e483a,null,,null,ok,
43632,40702464-584d-4f84-a859-aa846c81a514,null,,null,ok,
43712,3579fcb0-be93-4907-8817-b3de76bc94ef,null,,null,ok,
43823,47ae67e6-31c1-4291-98f8-f9774a1ab10d,INS-14,43e763ba-20bb-4683-b382-2bf41a157647,set,ok,
43724,54e6ceaf-bfcb-4d2c-8ad7-f671318e6555,INS-13,895c8bc2-e5ab-4e83-b4b6-2131166bd3e7,set,ok,
43732,130f57d3-53a9-49c3-9bb0-efca3c3f7c46,INS-13,895c8bc2-e5ab-4e83-b4b6-2131166bd3e7,set,ok,
43742,0fb48865-578d-463f-b56c-d44dc934b223,INS-13,895c8bc2-e5ab-4e83-b4b6-2131166bd3e7,set,ok,
43746,7d1e9c63-6be0-4062-8e25-8c4b321f36ce,INS-13,895c8bc2-e5ab-4e83-b4b6-2131166bd3e7,set,ok,
43755,77a2cae7-654c-4178-85c3-4498cc2bd223,INS-13,895c8bc2-e5ab-4e83-b4b6-2131166bd3e7,set,ok,
43759,62ba4df2-4691-4c6f-aa12-983fe2277ddb,INS-13,895c8bc2-e5ab-4e83-b4b6-2131166bd3e7,set,ok,
43766,daf7b24e-c2ee-40d5-9ffd-6000968d63bb,INS-13,895c8bc2-e5ab-4e83-b4b6-2131166bd3e7,set,ok,
43773,88d2c7bb-6de1-4d38-9e7c-4396690bcd6b,INS-13,895c8bc2-e5ab-4e83-b4b6-2131166bd3e7,set,ok,
43830,89a87a4c-7335-483f-9dc0-f5fd25524036,INS-14,43e763ba-20bb-4683-b382-2bf41a157647,set,ok,
43843,735a305d-5982-48f2-ab26-b2e249b73b8c,INS-14,43e763ba-20bb-4683-b382-2bf41a157647,set,ok,
43849,d0ad5158-d3a9-4fcc-8490-dd68a574a868,INS-14,43e763ba-20bb-4683-b382-2bf41a157647,set,ok,
43857,256c9c56-aa19-4168-8358-0e4a0ee75507,INS-14,43e763ba-20bb-4683-b382-2bf41a157647,set,ok,
43861,129bf33c-be13-427c-8b98-2cb8d2ced332,INS-14,43e763ba-20bb-4683-b382-2bf41a157647,set,ok,
43869,34f499e5-6a67-447d-8d53-417dde447ef0,INS-14,43e763ba-20bb-4683-b382-2bf41a157647,set,ok,
43875,3c009fa1-9ea6-4858-bab2-2d828aca2d35,INS-14,43e763ba-20bb-4683-b382-2bf41a157647,set,ok,
43879,81c1ec9c-0fbd-45a7-919d-c233e2919aca,INS-14,43e763ba-20bb-4683-b382-2bf41a157647,set,ok,
43883,5cb504d5-84ae-4580-ba5a-d82346f90dbd,INS-14,43e763ba-20bb-4683-b382-2bf41a157647,set,ok,
43894,068dbdca-7efa-4372-90e6-43d08e31b0ee,null,,null,ok,
43890,b7810fda-08e1-4641-9bc9-30abd1340772,null,,null,ok,
43905,bd30d779-fe93-416e-a0ba-46be57e46889,null,,null,ok,
43916,f5e0ffff-de07-4e97-a30f-616a3cbd724f,null,,null,ok,
43951,363f487c-c5c7-4079-90be-07ecdee2bd85,null,,null,ok,
43958,aa013464-19a9-4543-be58-1ee6d7e97af0,null,,null,ok,
44053,afcbd7c7-b2f8-443a-ade9-430c923c2625,OEL-165,7d84b1ce-f121-4c00-b5c0-27d92ddc4401,set,ok,
44039,769dc8c5-24b2-4950-9134-94aaaed1f407,OEL-165,7d84b1ce-f121-4c00-b5c0-27d92ddc4401,set,ok,
44060,a0d24e2b-e841-4d2e-acc5-d9d476a8c969,OEL-165,7d84b1ce-f121-4c00-b5c0-27d92ddc4401,set,ok,
44069,abac90d0-16f2-4b93-ba3c-9c5af61d2200,OEL-165,7d84b1ce-f121-4c00-b5c0-27d92ddc4401,set,ok,
44072,78a30b98-2849-41cd-81db-c7f00ae77170,OEL-165,7d84b1ce-f121-4c00-b5c0-27d92ddc4401,set,ok,
44079,b9c56ad8-2731-4fa6-a55e-d8b5d6ecfcde,OEL-165,7d84b1ce-f121-4c00-b5c0-27d92ddc4401,set,ok,
44083,b76dcd82-0e46-4fe7-bd6a-af804cbf2151,OEL-165,7d84b1ce-f121-4c00-b5c0-27d92ddc4401,set,ok,
44104,ef83b890-c4ab-4f76-9f5e-09efd923b263,null,,null,ok,
44116,8b49cad4-94d8-474c-89fd-d7c94544f97d,null,,null,ok,
44155,1481e650-7b3d-4333-a470-fe2e8eece761,null,,null,ok,
44163,cb42af5b-ae14-4755-bff1-c367ec5d4b7a,null,,null,ok,
44171,e6c44cae-fa89-4ede-a3af-4c5f0eefc3ef,null,,null,ok,
44197,baed41bf-b0e5-4978-a68c-026aa70bcebc,INS-15,abc50722-51b7-4d72-b5b5-9c721d3731f1,set,ok,
44207,70e1e940-43fe-4082-983d-fe1d0102feb1,INS-15,abc50722-51b7-4d72-b5b5-9c721d3731f1,set,ok,
44219,86cff38d-fba1-4793-816f-eeaa57094185,INS-15,abc50722-51b7-4d72-b5b5-9c721d3731f1,set,ok,
44227,5dc1fe21-b231-43d5-bd16-cd4228fd05d3,INS-15,abc50722-51b7-4d72-b5b5-9c721d3731f1,set,ok,
44292,b111fbba-e860-4d37-a011-00ff2260b3a0,INS-15,abc50722-51b7-4d72-b5b5-9c721d3731f1,set,ok,
44312,9cbe74ad-b91b-46b2-9688-24522a87854e,INS-15,abc50722-51b7-4d72-b5b5-9c721d3731f1,set,ok,
44301,2053e9b3-05d2-4653-aed7-c7b728ac2380,INS-15,abc50722-51b7-4d72-b5b5-9c721d3731f1,set,ok,
44311,a113f080-add7-4de0-9222-9af5e0a85aae,INS-15,abc50722-51b7-4d72-b5b5-9c721d3731f1,set,ok,
44567,8966e48f-7442-4d7c-a81f-01a51fa2f1a6,INS-17,acc6d042-6f96-4458-b494-b76dced75758,set,ok,
45436,5c4ab5f3-c8be-4f28-8b54-b992b2a50f35,null,,null,ok,
44390,3bfea4de-5ac1-447c-b145-dd7c19edc9c7,null,,null,ok,
44400,90524970-f60f-4c3f-b438-7d5f14f4e857,INS-16,f27b5cc3-daf2-420a-82cf-a5c258148317,set,ok,
44410,eabe1cf8-fd07-4f48-9c4d-a3e98b4c5707,INS-16,f27b5cc3-daf2-420a-82cf-a5c258148317,set,ok,
44431,85057d79-dda1-4c94-b42c-0bcd2d40386c,INS-16,f27b5cc3-daf2-420a-82cf-a5c258148317,set,ok,
44436,bcf8ba08-ddce-4398-9173-46534b55d5ae,INS-16,f27b5cc3-daf2-420a-82cf-a5c258148317,set,ok,
44446,6f9ee262-0586-418f-8355-cfdc20c5220d,INS-16,f27b5cc3-daf2-420a-82cf-a5c258148317,set,ok,
44464,6971badc-d188-4811-8cec-56868eed2ce2,INS-16,f27b5cc3-daf2-420a-82cf-a5c258148317,set,ok,
44468,6a42aa72-4db1-4c4d-be37-bbc5ed3c2ee2,INS-16,f27b5cc3-daf2-420a-82cf-a5c258148317,set,ok,
44473,c7a93393-2692-4980-8199-5f1520c95f14,INS-16,f27b5cc3-daf2-420a-82cf-a5c258148317,set,ok,
44478,5fd8c996-9472-40a0-95c0-119afbdcfcda,INS-16,f27b5cc3-daf2-420a-82cf-a5c258148317,set,ok,
44940,c5f68aec-c341-4bf3-9f8a-665d0233eee2,OEL-165,7d84b1ce-f121-4c00-b5c0-27d92ddc4401,set,ok,
44495,46c9a57b-6d23-4f32-98d9-baaab352c009,INS-16,f27b5cc3-daf2-420a-82cf-a5c258148317,set,ok,
44500,0a5ccd97-a785-4a70-859c-a8cfca3d8eea,null,,null,ok,
44546,8ee6eb07-8860-4243-8c54-8a0571809a74,null,,null,ok,
44550,f3ad4786-64c5-424b-8ba2-8720b9492172,OEL-165,7d84b1ce-f121-4c00-b5c0-27d92ddc4401,set,ok,
44623,faf04100-c97b-4a3c-8eb3-793d80431028,INS-17,acc6d042-6f96-4458-b494-b76dced75758,set,ok,
44580,3dca4e84-4431-450f-8f64-8b5e6d386372,INS-17,acc6d042-6f96-4458-b494-b76dced75758,set,ok,
44584,1b3ed840-da29-44ea-9a36-9c240d48836b,INS-17,acc6d042-6f96-4458-b494-b76dced75758,set,ok,
44598,6bc6bf29-fa4d-43ed-b72c-8220168d26d8,INS-17,acc6d042-6f96-4458-b494-b76dced75758,set,ok,
44601,b1f1b179-cd27-4521-a05d-2317b694a63c,INS-17,acc6d042-6f96-4458-b494-b76dced75758,set,ok,
44607,1b5620ad-c6af-468e-9d1c-6fd07aafc5e6,INS-17,acc6d042-6f96-4458-b494-b76dced75758,set,ok,
44610,56b96d9f-2f8a-4bef-8591-7b45a5f8be73,INS-17,acc6d042-6f96-4458-b494-b76dced75758,set,ok,
44614,685eeb60-25af-480b-9a4d-ba9d6110ec9e,INS-17,acc6d042-6f96-4458-b494-b76dced75758,set,ok,
44618,a6161c91-527c-4f35-b126-2780092cefb7,INS-17,acc6d042-6f96-4458-b494-b76dced75758,set,ok,
45085,7260eb99-2b9a-473c-82b1-9506bf87ebce,INS-20,949a6149-6512-46ac-bc69-0d3823e0fd14,set,ok,
44643,b9b611a1-9ac7-4ad1-9e85-21dc15ce1f53,INS-18,045242b2-0525-49c9-993b-fa772803369d,set,ok,
44650,c1c6e447-6c9f-403a-9b12-445b8eb69544,INS-18,045242b2-0525-49c9-993b-fa772803369d,set,ok,
44654,f1450089-0eb8-42f4-b712-c9abd391ef2d,INS-18,045242b2-0525-49c9-993b-fa772803369d,set,ok,
44660,79572ee9-9bda-4ea5-92c8-ea7e376938b5,INS-18,045242b2-0525-49c9-993b-fa772803369d,set,ok,
44667,8e183947-72ff-49f2-ba1c-f8376fc0006e,INS-18,045242b2-0525-49c9-993b-fa772803369d,set,ok,
44671,2209ba21-8a6f-410f-a87f-61bf4842f4c2,INS-18,045242b2-0525-49c9-993b-fa772803369d,set,ok,
44675,c7e1db74-db5b-4fba-a056-8c71494ffd15,INS-18,045242b2-0525-49c9-993b-fa772803369d,set,ok,
44681,ac8a47f2-f971-4abe-b2d2-e33d742d2294,INS-18,045242b2-0525-49c9-993b-fa772803369d,set,ok,
44686,cd8495c5-9da9-4c2f-b281-8fcdcecec1f2,INS-18,045242b2-0525-49c9-993b-fa772803369d,set,ok,
44690,c463b633-a75e-4f94-9c4e-6df652602845,INS-18,045242b2-0525-49c9-993b-fa772803369d,set,ok,
44695,6f740e13-6aab-404c-b1b7-68978a95bebe,INS-18,045242b2-0525-49c9-993b-fa772803369d,set,ok,
44704,305e85e4-0399-4138-9dd6-f91b52ead613,INS-18,045242b2-0525-49c9-993b-fa772803369d,set,ok,
44734,8ccd140e-19d7-43a2-9dd3-1913d4b91e17,INS-19,46a4d8c4-ae90-41f0-b7c6-83194700ba7a,set,ok,
44744,aba9313c-7522-4ad8-8b78-323472897a8f,INS-19,46a4d8c4-ae90-41f0-b7c6-83194700ba7a,set,ok,
44748,dacef662-78aa-429d-a5f5-04a4e996b355,INS-19,46a4d8c4-ae90-41f0-b7c6-83194700ba7a,set,ok,
44752,e2a1012e-b8b1-4bf5-98f0-4dd923b143eb,INS-19,46a4d8c4-ae90-41f0-b7c6-83194700ba7a,set,ok,
44761,39638a78-87d7-4c19-88d6-35534393635d,null,,null,ok,
44839,01e61c58-8d03-475d-9f6d-20f7d946983e,null,,null,ok,
44776,4a67fdc4-1954-4bce-aa7e-86889a2b4201,INS-19,46a4d8c4-ae90-41f0-b7c6-83194700ba7a,set,ok,
44780,a80995c2-c15e-4bbc-acdc-94c61c080441,INS-19,46a4d8c4-ae90-41f0-b7c6-83194700ba7a,set,ok,
44789,c54b3518-4145-498c-8d75-0ff9f26d5f41,INS-19,46a4d8c4-ae90-41f0-b7c6-83194700ba7a,set,ok,
44793,72a19292-633f-47a8-b3cc-b05ff96652f1,INS-19,46a4d8c4-ae90-41f0-b7c6-83194700ba7a,set,ok,
44797,2279678a-be2e-4999-989c-5ad885e442bc,INS-19,46a4d8c4-ae90-41f0-b7c6-83194700ba7a,set,ok,
44824,8bf5cfce-9ca0-4069-a8e1-4f12f5951452,null,,null,ok,
44844,6030885e-ffa6-4e73-b696-c26d5d8ab6d6,null,,null,ok,
44855,4102a534-475c-4280-9506-88bed5cd3791,OEL-166,6b67b6f1-de19-46fd-a62d-be70752b8489,set,ok,
44949,d53866ab-c56c-4fa5-8b87-cf41119e1b53,OEL-165,7d84b1ce-f121-4c00-b5c0-27d92ddc4401,set,ok,
44957,9396bc9b-81e9-435e-8cd3-cc5c026e02a1,OEL-165,7d84b1ce-f121-4c00-b5c0-27d92ddc4401,set,ok,
44966,64dec691-ed61-4429-89e5-cf163cfa70a2,OEL-165,7d84b1ce-f121-4c00-b5c0-27d92ddc4401,set,ok,
44994,16f66b63-16ba-4644-886b-23d64bbad737,OEL-165,7d84b1ce-f121-4c00-b5c0-27d92ddc4401,set,ok,
44976,d82e2b8b-e693-4eb3-8d6d-51cb40155e85,OEL-165,7d84b1ce-f121-4c00-b5c0-27d92ddc4401,set,ok,
44981,ff71966c-bec8-4b1b-b03c-15ea7a92de7d,OEL-165,7d84b1ce-f121-4c00-b5c0-27d92ddc4401,set,ok,
45000,8604f1c1-94c5-40b6-8669-5f34742c9676,OEL-165,7d84b1ce-f121-4c00-b5c0-27d92ddc4401,set,ok,
45006,8f73f81b-c7a8-4118-9f14-35ade0b0843b,OEL-165,7d84b1ce-f121-4c00-b5c0-27d92ddc4401,set,ok,
45021,00b91bad-8501-4f1c-94b2-881b479ca8eb,OEL-165,7d84b1ce-f121-4c00-b5c0-27d92ddc4401,set,ok,
45028,f7b10dd9-d8a2-4c8e-8ba7-ab68e49fa55f,OEL-165,7d84b1ce-f121-4c00-b5c0-27d92ddc4401,set,ok,
45046,6ce2ad38-365d-4779-9e1e-d1f2013c4e25,null,,null,ok,
45430,2d9606a2-f400-480b-8a65-c38c048c213c,null,,null,ok,
45067,698f6644-b7b5-40e1-aa10-7804d3fd11f9,null,,null,ok,
45092,32ac8257-3d9e-4a41-90d4-cc72e137e385,INS-20,949a6149-6512-46ac-bc69-0d3823e0fd14,set,ok,
45099,e20c4595-b765-4454-a8bc-68b7225ed0bb,INS-20,949a6149-6512-46ac-bc69-0d3823e0fd14,set,ok,
45105,f64fdec4-93d8-443b-90b1-5458aa36e9e9,INS-20,949a6149-6512-46ac-bc69-0d3823e0fd14,set,ok,
45116,35da8129-0f01-4f87-b78a-05185d24d790,INS-20,949a6149-6512-46ac-bc69-0d3823e0fd14,set,ok,
45111,df88ccc2-3196-4a7b-97f8-16b6fdca725b,INS-20,949a6149-6512-46ac-bc69-0d3823e0fd14,set,ok,
45120,e8727cc5-7b66-40f0-995c-27d110283b17,INS-20,949a6149-6512-46ac-bc69-0d3823e0fd14,set,ok,
45127,30f7c8f2-c700-4eb8-9c2e-16f9633a6d84,INS-20,949a6149-6512-46ac-bc69-0d3823e0fd14,set,ok,
45152,9831273d-35e8-4995-a657-81dd99d88f45,OEL-166,6b67b6f1-de19-46fd-a62d-be70752b8489,set,ok,
45163,d968e6f4-b67b-435e-a083-a4fd95f89a6a,OEL-166,6b67b6f1-de19-46fd-a62d-be70752b8489,set,ok,
45183,d8dd6a6f-357c-4644-8685-41d894bbbe6b,OEL-166,6b67b6f1-de19-46fd-a62d-be70752b8489,set,ok,
45193,4bdc3e25-4a7f-450f-92b2-ca47739751ef,OEL-166,6b67b6f1-de19-46fd-a62d-be70752b8489,set,ok,
45200,752f2dd6-8cf9-43c7-851a-90ea5fac798b,OEL-166,6b67b6f1-de19-46fd-a62d-be70752b8489,set,ok,
45208,bd1b7116-c4a9-4f8a-9a71-3d72a30ca145,OEL-166,6b67b6f1-de19-46fd-a62d-be70752b8489,set,ok,
45213,4f86c1ff-66be-4907-b623-e43a15def417,OEL-166,6b67b6f1-de19-46fd-a62d-be70752b8489,set,ok,
45214,88a12211-2294-40af-ac08-ee9f3a4d25a7,OEL-166,6b67b6f1-de19-46fd-a62d-be70752b8489,set,ok,
45225,450a75a9-a7a3-464f-8d11-11e5620d3099,OEL-166,6b67b6f1-de19-46fd-a62d-be70752b8489,set,ok,
45245,18124f90-6e01-46a6-8555-7ec6ea14746b,OEL-166,6b67b6f1-de19-46fd-a62d-be70752b8489,set,ok,
45246,af44d6df-ecc3-46fc-95f7-2ee504074765,OEL-166,6b67b6f1-de19-46fd-a62d-be70752b8489,set,ok,
45247,fb4c2a48-fbce-461c-8290-b7583e7c607d,OEL-166,6b67b6f1-de19-46fd-a62d-be70752b8489,set,ok,
45248,d000ea33-506d-47bf-bf96-40f4156f8687,OEL-166,6b67b6f1-de19-46fd-a62d-be70752b8489,set,ok,
45300,44bc33ca-ec2f-4e2a-b0a0-117f5b69e529,INS-21,3f941e82-68d5-4779-b6a6-beb2445532d5,set,ok,
45296,9459c0be-fee6-4a5e-9b06-19549f6a1ead,INS-21,3f941e82-68d5-4779-b6a6-beb2445532d5,set,ok,
45309,22800435-6a50-42da-9f74-2f903d16253e,INS-21,3f941e82-68d5-4779-b6a6-beb2445532d5,set,ok,
45318,b3af8677-bc4a-4151-94ce-275cfebf99a3,INS-21,3f941e82-68d5-4779-b6a6-beb2445532d5,set,ok,
45324,3a49df82-5c30-4889-90bf-8cbc7a6a54c5,INS-21,3f941e82-68d5-4779-b6a6-beb2445532d5,set,ok,
45329,37dddad4-503e-42e9-adee-a8cd6262aea4,INS-21,3f941e82-68d5-4779-b6a6-beb2445532d5,set,ok,
45335,3b66eee2-5ab5-431d-a461-40d0859e9c32,INS-21,3f941e82-68d5-4779-b6a6-beb2445532d5,set,ok,
45340,f143775a-770d-4569-8e42-3677ac6bab5c,INS-21,3f941e82-68d5-4779-b6a6-beb2445532d5,set,ok,
45344,ff5b72e2-e5e5-46dd-85bd-ca600ea6789e,INS-21,3f941e82-68d5-4779-b6a6-beb2445532d5,set,ok,
45348,3b867706-a0bc-498d-ad3a-303844cf0945,INS-21,3f941e82-68d5-4779-b6a6-beb2445532d5,set,ok,
45356,e6b525ba-7611-4ba5-a96c-ab762ad2c04b,INS-21,3f941e82-68d5-4779-b6a6-beb2445532d5,set,ok,
45361,b110b366-5db4-4445-8d72-bc209ff4f3b0,INS-21,3f941e82-68d5-4779-b6a6-beb2445532d5,set,ok,
45366,3eca8a1c-b8c0-428e-9ad5-d9ebb716c6e2,INS-21,3f941e82-68d5-4779-b6a6-beb2445532d5,set,ok,
45370,636d366c-c975-4cf8-8930-71d3e1be5d76,INS-21,3f941e82-68d5-4779-b6a6-beb2445532d5,set,ok,
45374,9be923c3-79f3-4c89-adfd-bf2bca39acbb,INS-21,3f941e82-68d5-4779-b6a6-beb2445532d5,set,ok,
45378,f8473600-3b2f-467e-8c38-24c9ca478865,INS-21,3f941e82-68d5-4779-b6a6-beb2445532d5,set,ok,
45382,aa836d31-1771-4a20-993a-1ac657f2e74b,INS-21,3f941e82-68d5-4779-b6a6-beb2445532d5,set,ok,
45398,e9097700-cbec-48c8-88c8-d2897fcbb2d7,null,,null,ok,
45443,6079bee2-862a-4236-ae61-9402c790465d,null,,null,ok,
45476,8637449c-fd7c-419f-bd36-edfc25f7dada,null,,null,ok,
45484,b7f78061-c117-4617-a5b9-fb25117f0149,null,,null,ok,
45494,2c69b78a-3238-41d4-b893-5a5f8c758165,null,,null,ok,
45504,6671b829-d957-44e8-8faf-c2ef11467ca7,OEL-167,ba7d94fe-ac9b-4e2b-b54a-7b91e9132874,set,ok,
45541,af81fad9-8508-4d2b-a946-fa4044b2df6a,null,,null,ok,
45549,af17c010-03ea-45db-8388-0369c2712533,null,,null,ok,
45575,a3a15452-1a2d-4b8d-8506-ad9573fc30df,INS-22,069f41bd-9e1e-43e3-907f-66c96b27bdf7,set,ok,
45585,3f0e3011-d2dc-4e4b-9ada-684fb916ca5b,INS-22,069f41bd-9e1e-43e3-907f-66c96b27bdf7,set,ok,
45591,e4b9ded6-ea5d-4db4-8438-04b8df66c0d1,INS-22,069f41bd-9e1e-43e3-907f-66c96b27bdf7,set,ok,
45595,27936de4-5088-41f7-a67c-d3747ee6568e,INS-22,069f41bd-9e1e-43e3-907f-66c96b27bdf7,set,ok,
45599,57fb72d5-30c4-4327-aded-35db3c4b7214,INS-22,069f41bd-9e1e-43e3-907f-66c96b27bdf7,set,ok,
45603,549a533a-1d3c-47d5-a680-3edcec08a501,INS-22,069f41bd-9e1e-43e3-907f-66c96b27bdf7,set,ok,
45609,ea8eae6e-ace8-4eb5-a3bf-396f8d41d63b,INS-22,069f41bd-9e1e-43e3-907f-66c96b27bdf7,set,ok,
45613,7b6b6727-3aaa-4787-be86-890c749c7956,INS-22,069f41bd-9e1e-43e3-907f-66c96b27bdf7,set,ok,
45617,022ab78d-54b0-4dc6-8171-7c1e142c9a02,INS-22,069f41bd-9e1e-43e3-907f-66c96b27bdf7,set,ok,
45621,2317e627-98dc-4eef-93c4-c9c0adadb286,INS-22,069f41bd-9e1e-43e3-907f-66c96b27bdf7,set,ok,
45639,82e12b0b-f877-4365-aee4-8a375b6f6bd7,INS-22,069f41bd-9e1e-43e3-907f-66c96b27bdf7,set,ok,
45644,0ba157eb-0808-49b1-bc10-2756ca90497a,INS-22,069f41bd-9e1e-43e3-907f-66c96b27bdf7,set,ok,
45650,fbc036ac-a340-4a5a-a523-260db410e2aa,INS-22,069f41bd-9e1e-43e3-907f-66c96b27bdf7,set,ok,
45662,d87e9f0c-905f-41e4-9d94-427524be69bf,INS-22,069f41bd-9e1e-43e3-907f-66c96b27bdf7,set,ok,
45667,7bf8037a-3f7a-4b7e-82b0-541ed62a8563,INS-22,069f41bd-9e1e-43e3-907f-66c96b27bdf7,set,ok,
45668,70865735-e020-42d8-a342-83a97dbd7a29,null,,null,ok,
45674,871d3653-c202-4fcd-bf62-1ec5154d8223,INS-22,069f41bd-9e1e-43e3-907f-66c96b27bdf7,set,ok,
45678,3753b303-c35f-4c2f-8c45-d57f60af6609,INS-22,069f41bd-9e1e-43e3-907f-66c96b27bdf7,set,ok,
45696,4097dbbb-04b2-47e5-bdf5-bf0752b65fc3,null,,null,ok,
45707,d965c79b-9ac4-4f5c-b056-f419ed243648,OEL-167,ba7d94fe-ac9b-4e2b-b54a-7b91e9132874,set,ok,
45720,cc623a16-3080-4fd5-814e-1ce6f9d69270,OEL-167,ba7d94fe-ac9b-4e2b-b54a-7b91e9132874,set,ok,
45728,86685073-5004-4cd4-99b2-1c62ad6ac2e4,OEL-167,ba7d94fe-ac9b-4e2b-b54a-7b91e9132874,set,ok,
45737,fedb7c38-97be-46df-9ef0-949484960ae7,OEL-167,ba7d94fe-ac9b-4e2b-b54a-7b91e9132874,set,ok,
45746,56f97695-4788-4f7e-99ac-39f942138f65,OEL-167,ba7d94fe-ac9b-4e2b-b54a-7b91e9132874,set,ok,
45749,32877863-03bd-4e18-80c0-9cf9a7ecbb66,INS-23,06fa31b6-81ef-445c-9d43-facaf4dcedb8,set,ok,
45755,e68b3f80-b677-472c-944f-d829f3143124,OEL-167,ba7d94fe-ac9b-4e2b-b54a-7b91e9132874,set,ok,
45764,5e59a6f8-a255-4f93-abaf-b742ae69a7b0,OEL-167,ba7d94fe-ac9b-4e2b-b54a-7b91e9132874,set,ok,
45873,594d2a4a-94c4-496e-89d1-6f7b8eb23e41,OEL-167,ba7d94fe-ac9b-4e2b-b54a-7b91e9132874,set,ok,
45877,4d74f7aa-8c75-429d-be51-199c56934661,OEL-167,ba7d94fe-ac9b-4e2b-b54a-7b91e9132874,set,ok,
45775,9da8cfcb-aeca-4f65-8dcc-8ed8679ccd62,INS-23,06fa31b6-81ef-445c-9d43-facaf4dcedb8,set,ok,
45784,892f21fc-4751-4d3b-8641-1cff531d1cdc,INS-23,06fa31b6-81ef-445c-9d43-facaf4dcedb8,set,ok,
45791,964b2bda-4ee1-4b04-8d47-4c571aa152d1,INS-23,06fa31b6-81ef-445c-9d43-facaf4dcedb8,set,ok,
45796,fa9ce429-a9b2-491c-aa3b-725ec5e31d89,INS-23,06fa31b6-81ef-445c-9d43-facaf4dcedb8,set,ok,
45800,aba178a7-638e-420e-b53c-43e08189c510,INS-23,06fa31b6-81ef-445c-9d43-facaf4dcedb8,set,ok,
45804,263660df-38f8-4f00-a8a2-67d2d48ca3c4,INS-23,06fa31b6-81ef-445c-9d43-facaf4dcedb8,set,ok,
45808,304e8bca-f343-4429-a6a7-9b640cd2562a,INS-23,06fa31b6-81ef-445c-9d43-facaf4dcedb8,set,ok,
45812,26eadc17-189d-404d-8c66-d7d5c1f324b5,INS-23,06fa31b6-81ef-445c-9d43-facaf4dcedb8,set,ok,
45816,76e4f985-cad7-4ac1-ae01-9b02d2aefb2d,INS-23,06fa31b6-81ef-445c-9d43-facaf4dcedb8,set,ok,
45824,1afbfa18-67d2-473f-88d8-5e72e11e6df0,INS-23,06fa31b6-81ef-445c-9d43-facaf4dcedb8,set,ok,
45832,532c83fd-a44c-4d41-a5ec-13131ffac9e1,OEL-167,ba7d94fe-ac9b-4e2b-b54a-7b91e9132874,set,ok,
45838,64ba04b1-ec25-4856-8331-46254eadeb9c,OEL-167,ba7d94fe-ac9b-4e2b-b54a-7b91e9132874,set,ok,
45841,e232bfe5-b2c8-408d-972a-4cd5e269406e,INS-23,06fa31b6-81ef-445c-9d43-facaf4dcedb8,set,ok,
45845,ff2728b8-2e9a-4166-af9b-69e8f1ab4e22,INS-23,06fa31b6-81ef-445c-9d43-facaf4dcedb8,set,ok,
45853,976b4bf4-b06d-4288-a5a5-78aca957b4db,null,,null,ok,
45854,d985eaa8-57f5-4681-9eb5-4ebf75eb489d,INS-23,06fa31b6-81ef-445c-9d43-facaf4dcedb8,set,ok,
45860,a46c8ad7-a019-4a77-9ede-46a374383105,INS-23,06fa31b6-81ef-445c-9d43-facaf4dcedb8,set,ok,
45865,e615d3a5-66bb-48a4-bc31-0f5dde40a969,INS-23,06fa31b6-81ef-445c-9d43-facaf4dcedb8,set,ok,
45897,38f569f5-bd24-497d-89ba-91fdc2fd1c76,OEL-167,ba7d94fe-ac9b-4e2b-b54a-7b91e9132874,set,ok,
45905,76bf49f9-2b41-4cc5-b11c-0e8f19f35c4d,OEL-167,ba7d94fe-ac9b-4e2b-b54a-7b91e9132874,set,ok,
45908,b1755421-942a-4e81-b9e4-c616d839b7ca,OEL-167,ba7d94fe-ac9b-4e2b-b54a-7b91e9132874,set,ok,
45918,223c0c2b-fb6f-4949-93b5-e48fc5a6ad07,OEL-24,ca916d8a-8513-41a2-95d1-b59a79851328,set,ok,
45929,d9da201a-8dd5-44d6-8beb-c2d00ba61d34,OEL-24,ca916d8a-8513-41a2-95d1-b59a79851328,set,ok,
45933,70a2078e-c035-4fac-b515-b9101d313e29,INS-24,c873acd5-745d-4721-9eb8-98cbf37af4e4,set,ok,
45937,4ff88ea2-61e8-4e06-9290-6ae083b3b583,INS-24,c873acd5-745d-4721-9eb8-98cbf37af4e4,set,ok,
45943,00db1113-5e26-4953-9d1f-499ddbc60521,INS-24,c873acd5-745d-4721-9eb8-98cbf37af4e4,set,ok,
45951,4deed934-d3fe-4d88-b9cf-97344b2e6718,INS-24,c873acd5-745d-4721-9eb8-98cbf37af4e4,set,ok,
45958,5462b37d-7a99-4946-82cb-ccf05ba1872e,INS-24,c873acd5-745d-4721-9eb8-98cbf37af4e4,set,ok,
46058,40529be7-6b5a-4222-8ea4-1cc8d00fc6dc,null,,null,ok,
46024,ffaef8b5-e895-4bd1-81e4-6b3f5182ff27,INS-24,c873acd5-745d-4721-9eb8-98cbf37af4e4,set,ok,
46032,df21f592-4b31-456a-b9e7-5b8136a3828b,INS-24,c873acd5-745d-4721-9eb8-98cbf37af4e4,set,ok,
46498,6c4246a0-1574-4c20-94d8-c058d9bc9ca2,null,,null,ok,
46113,5f70da4e-8d76-40bb-89d0-0ffefcb4d634,INS-25,06e2b964-0402-4c17-84b5-39d6088d4061,set,ok,
46066,f532c14f-d1cc-4110-9a7d-a7b7391344c6,null,,null,ok,
46073,58bdc64a-3857-442e-b72e-ee86b5b0a623,OEL-168,3ae4776e-b247-4a20-bce2-1ffcd1cb980b,set,ok,
46093,7040a752-ee53-440b-8db2-9b029b24ac77,null,,null,ok,
46127,bbfd245c-40ba-433f-a06b-5c1df958dc9d,INS-25,06e2b964-0402-4c17-84b5-39d6088d4061,set,ok,
46129,412b81ca-d67d-443e-8239-3ae01aa26eed,INS-25,06e2b964-0402-4c17-84b5-39d6088d4061,set,ok,
46133,6e2934ce-b127-4c85-81ce-1e380445e80e,INS-25,06e2b964-0402-4c17-84b5-39d6088d4061,set,ok,
46142,351fc40e-0b4a-4565-acf7-e34673f0baa0,INS-25,06e2b964-0402-4c17-84b5-39d6088d4061,set,ok,
46148,b7a49db6-0d24-4b23-b71d-3ebba20aa6da,INS-25,06e2b964-0402-4c17-84b5-39d6088d4061,set,ok,
46155,b9e1517f-48f4-4a96-bf1c-9018546e3b1a,INS-25,06e2b964-0402-4c17-84b5-39d6088d4061,set,ok,
46161,7185460f-90da-4428-9813-71ada0579078,INS-25,06e2b964-0402-4c17-84b5-39d6088d4061,set,ok,
46168,72e827da-51d3-44de-9a5a-7d08d4a9c868,INS-25,06e2b964-0402-4c17-84b5-39d6088d4061,set,ok,
46172,8353237e-28e1-4d50-b4b7-12353cd196dd,INS-25,06e2b964-0402-4c17-84b5-39d6088d4061,set,ok,
46179,48290a7f-45e6-4bb6-98c5-2b28c42fb6fa,INS-25,06e2b964-0402-4c17-84b5-39d6088d4061,set,ok,
46187,a1975166-5cda-4119-8eab-6be5512a7e50,INS-25,06e2b964-0402-4c17-84b5-39d6088d4061,set,ok,
46195,27e2ae15-119d-42eb-8da8-1b14d3d52baf,INS-25,06e2b964-0402-4c17-84b5-39d6088d4061,set,ok,
46204,56a1b7bf-f3f2-4d54-938f-07cc8ff0cfa1,INS-25,06e2b964-0402-4c17-84b5-39d6088d4061,set,ok,
46213,117a86ba-17bd-4e3f-ba12-e519499056b2,INS-25,06e2b964-0402-4c17-84b5-39d6088d4061,set,ok,
46217,b2659d92-0078-46b8-8641-c1e3be0a1f72,INS-25,06e2b964-0402-4c17-84b5-39d6088d4061,set,ok,
46224,732dac2a-0779-483e-890c-790ffd581359,INS-25,06e2b964-0402-4c17-84b5-39d6088d4061,set,ok,
46234,5fc612a3-bb9d-4413-a4b6-1eb42315c62f,INS-26,2059505c-0043-47be-90e9-1abfc7f3bb40,set,ok,
46242,6b825063-90ea-470b-b5ed-6bfe4af5b0e1,INS-26,2059505c-0043-47be-90e9-1abfc7f3bb40,set,ok,
46252,06f87b56-2a7b-494a-85e3-52023cc89d43,INS-26,2059505c-0043-47be-90e9-1abfc7f3bb40,set,ok,
46258,0949f5c9-1e33-42dd-8310-5c45567e9d21,INS-26,2059505c-0043-47be-90e9-1abfc7f3bb40,set,ok,
46263,40fb524a-c3a0-4058-a8d4-916bed24ff6d,INS-26,2059505c-0043-47be-90e9-1abfc7f3bb40,set,ok,
46267,bd36e66d-e07d-4778-be42-985b916580b7,INS-26,2059505c-0043-47be-90e9-1abfc7f3bb40,set,ok,
46273,bbca7792-8478-4f5b-b29d-e4b4e03fcd4a,INS-26,2059505c-0043-47be-90e9-1abfc7f3bb40,set,ok,
46293,3ac33412-c913-4a91-bf7a-e87ca629dfe9,INS-26,2059505c-0043-47be-90e9-1abfc7f3bb40,set,ok,
46289,aacac805-ec17-43d8-a820-89dced5dc359,INS-26,2059505c-0043-47be-90e9-1abfc7f3bb40,set,ok,
46297,7d4f8b96-ceb9-4cdc-a670-7ccec23ee7ab,INS-26,2059505c-0043-47be-90e9-1abfc7f3bb40,set,ok,
46301,ecd78380-abea-47cc-a888-c2994b9d3984,INS-26,2059505c-0043-47be-90e9-1abfc7f3bb40,set,ok,
46435,8135f53f-a53f-4964-a204-a5d1b372ba10,INS-27,38a4fcba-40ec-44bc-9a90-917e8fd60e95,set,ok,
46445,3475632f-16a2-4f2b-ab2d-047a556259f3,INS-27,38a4fcba-40ec-44bc-9a90-917e8fd60e95,set,ok,
46449,ffe27d2d-0026-48e5-9a99-abb9256d1933,INS-27,38a4fcba-40ec-44bc-9a90-917e8fd60e95,set,ok,
46453,37474502-2c6f-4356-a46c-089d30bc6b86,INS-27,38a4fcba-40ec-44bc-9a90-917e8fd60e95,set,ok,
46457,b8b60b0b-8b54-4417-bb21-87d16961d468,INS-27,38a4fcba-40ec-44bc-9a90-917e8fd60e95,set,ok,
46461,62acb75b-68b8-435c-8c15-17bdde7091da,INS-27,38a4fcba-40ec-44bc-9a90-917e8fd60e95,set,ok,
46466,43016c19-c1ea-4d3e-bd36-b6419e2bb4b5,INS-27,38a4fcba-40ec-44bc-9a90-917e8fd60e95,set,ok,
46470,414f49c5-eb9f-494a-b01d-7716268ecdde,INS-27,38a4fcba-40ec-44bc-9a90-917e8fd60e95,set,ok,
46477,262d6ff8-5ea0-42b0-8a9d-c1f7f9c308e6,INS-27,38a4fcba-40ec-44bc-9a90-917e8fd60e95,set,ok,
46481,a2dc1536-ebd6-4ed2-9f72-22600a16765a,INS-27,38a4fcba-40ec-44bc-9a90-917e8fd60e95,set,ok,
46486,715eb2e1-3b05-407b-a977-9080f077635f,INS-27,38a4fcba-40ec-44bc-9a90-917e8fd60e95,set,ok,
46514,4cc9781c-a364-419e-8180-13d2fb26208c,INS-28,129b73aa-d7fb-4962-a305-bdd5082ce6ca,set,ok,
46521,021db852-2230-4f61-b5bb-dc3c599b0306,INS-28,129b73aa-d7fb-4962-a305-bdd5082ce6ca,set,ok,
46525,9af391ae-808b-4272-bdb8-18ba38759bb7,INS-28,129b73aa-d7fb-4962-a305-bdd5082ce6ca,set,ok,
46529,08af9f88-4825-4a1e-82bf-c6ecd77fd4da,INS-28,129b73aa-d7fb-4962-a305-bdd5082ce6ca,set,ok,
46533,4d15b09f-1c7e-4769-9e1b-fcbab01edc3c,INS-28,129b73aa-d7fb-4962-a305-bdd5082ce6ca,set,ok,
46538,68372a61-52af-43b3-a81b-1f6fa4045dcd,INS-28,129b73aa-d7fb-4962-a305-bdd5082ce6ca,set,ok,
46542,f249f2e1-6094-4f99-914b-18b2b0192e11,INS-28,129b73aa-d7fb-4962-a305-bdd5082ce6ca,set,ok,
46548,d9ab3bcb-0a03-45b2-9aab-0019419ed99d,INS-28,129b73aa-d7fb-4962-a305-bdd5082ce6ca,set,ok,
46554,1a4b6fe7-ca00-42bc-89df-e556d0b42688,INS-28,129b73aa-d7fb-4962-a305-bdd5082ce6ca,set,ok,
46598,c6e431b1-c270-4f5a-aff3-a1600126f179,INS-29,4917b924-2af2-481d-87d3-1e3db22b3e53,set,ok,
46607,f28d6c04-315d-4a66-b83b-0d8f2be45bfb,INS-29,4917b924-2af2-481d-87d3-1e3db22b3e53,set,ok,
46612,1702cd27-8afd-479a-9d05-3d81966a4522,INS-29,4917b924-2af2-481d-87d3-1e3db22b3e53,set,ok,
46616,ce6d27e0-27b5-4f1f-bb88-10f4b9f71ebd,INS-29,4917b924-2af2-481d-87d3-1e3db22b3e53,set,ok,
46622,1f5c7c0a-c892-4d0c-8e67-9eda8a1fc072,INS-29,4917b924-2af2-481d-87d3-1e3db22b3e53,set,ok,
46626,cd59af0d-6533-4836-aef8-dc467451717f,INS-29,4917b924-2af2-481d-87d3-1e3db22b3e53,set,ok,
46636,05f832d9-7876-44ec-a47e-cedab29b12bb,INS-29,4917b924-2af2-481d-87d3-1e3db22b3e53,set,ok,
46640,3888cd31-dc51-4a04-8f78-3ba75eb7e28d,INS-29,4917b924-2af2-481d-87d3-1e3db22b3e53,set,ok,
46645,eab18947-ecf9-4296-ba45-55716b580407,INS-29,4917b924-2af2-481d-87d3-1e3db22b3e53,set,ok,
46666,66d04bdc-4a30-4857-8b16-be37c14f68d9,INS-30,ee4d7df0-83ac-4ee1-9dfb-a2fa09fda7b2,set,ok,
46673,4abd0f4b-34e2-4a44-bef8-6f1ada4b41c6,INS-30,ee4d7df0-83ac-4ee1-9dfb-a2fa09fda7b2,set,ok,
46682,f9dcfd36-95d3-4048-bf0f-5eeda4a9788f,INS-30,ee4d7df0-83ac-4ee1-9dfb-a2fa09fda7b2,set,ok,
46683,d51b4480-3158-472d-803a-27233caa14f5,null,,null,ok,
46690,dfab0c50-51b5-4eea-b461-b748b3d8e132,INS-30,ee4d7df0-83ac-4ee1-9dfb-a2fa09fda7b2,set,ok,
46694,978f36d3-f991-4750-a21c-01fc4e423582,INS-30,ee4d7df0-83ac-4ee1-9dfb-a2fa09fda7b2,set,ok,
46699,5ce3116d-7a06-4123-89d4-4e5fefdcc65d,INS-30,ee4d7df0-83ac-4ee1-9dfb-a2fa09fda7b2,set,ok,
46703,a230f9b9-39e5-4a12-a40f-8a0893edbe9a,INS-30,ee4d7df0-83ac-4ee1-9dfb-a2fa09fda7b2,set,ok,
46709,bdab4f5e-d5c8-4e5f-945b-7a642c0f31a8,INS-30,ee4d7df0-83ac-4ee1-9dfb-a2fa09fda7b2,set,ok,
46713,ca33b27a-813c-4f3a-bbde-97eaa980bf18,INS-30,ee4d7df0-83ac-4ee1-9dfb-a2fa09fda7b2,set,ok,
46721,3f1772ed-7815-49b4-8c13-b020a8220c22,INS-30,ee4d7df0-83ac-4ee1-9dfb-a2fa09fda7b2,set,ok,
46725,cd8aa325-3eff-4dfd-b9a6-7d5d408c0908,INS-30,ee4d7df0-83ac-4ee1-9dfb-a2fa09fda7b2,set,ok,
46729,47e7e1bf-bb90-4541-93eb-17c5a1691d8f,INS-30,ee4d7df0-83ac-4ee1-9dfb-a2fa09fda7b2,set,ok,
46733,3dec1ed1-b0d9-46d6-a04b-34b83b44316d,INS-30,ee4d7df0-83ac-4ee1-9dfb-a2fa09fda7b2,set,ok,
46744,f8ab4dba-5b7e-4abd-ac4f-a0241d4afde2,null,,null,ok,
46752,1d8c36a5-2003-42eb-86ca-0e17f6a1c33d,null,,null,ok,
46760,d0051752-a946-45a0-a96b-801566444be1,null,,null,ok,
46769,3ce8dd66-d275-4285-8afa-eb1218f829f9,null,,null,ok,
46777,3120ba76-8716-4df7-add5-18d6e53da689,null,,null,ok,
46782,d1d4058f-799a-446d-8061-6a81612bb109,null,,null,ok,
46788,c480b751-0a25-4e2e-8e4f-ece3e0a0cf88,null,,null,ok,
46794,56575c19-7b11-4153-a0fb-9e1fbb791ae7,null,,null,ok,
46800,49129ae1-ac92-4869-8b6b-b6597e9c57a7,null,,null,ok,
46806,cc454696-1a57-43e3-a735-321560e4147a,null,,null,ok,
46812,5f2fed49-9264-43db-a390-a8213ac2b5df,null,,null,ok,
46818,dcc8d4cd-1ebb-4ad4-9d47-29dd4ccc4c3f,null,,null,ok,
46823,feaa2c11-5016-4277-b68e-f68874a4c4b1,null,,null,ok,
46828,3571edee-28d6-4be9-aa78-cfb61ca6f22d,null,,null,ok,
46833,c3575e81-c72a-4f46-9f84-9678a132708e,null,,null,ok,
46837,6f77fd2c-dfdc-4cb6-9e73-946b32e20bb0,null,,null,ok,
46844,cbfbcbff-eb28-4d77-bb5d-69eb5226a278,null,,null,ok,
46848,d7321009-a1c8-44ef-a32b-515775e99410,null,,null,ok,
46856,7efcbe4e-d993-4fc7-8cfa-adfef4246f6e,null,,null,ok,
46905,0ff97f78-a245-4722-b2fa-2846884a08df,null,,null,ok,
46866,11f08dda-01be-4961-a41a-ec3ec6f12706,null,,null,ok,
46874,2a1b9a23-95f3-42a8-a3bf-5ee00647fd4f,null,,null,ok,
46879,b5d41840-f054-4982-b63b-067966cb3f3e,null,,null,ok,
46884,7274958f-0acf-4a6b-96b6-989ee9e054d4,null,,null,ok,
46889,cebba4c6-9435-433d-a0aa-10b294935605,null,,null,ok,
46896,62158bd3-001e-4ffb-bd6b-80783b64d30e,null,,null,ok,
46900,3308dd93-2615-4d56-909c-7701fe7f62aa,null,,null,ok,
46917,5c6ae639-241b-4216-8e97-75b198ca51fb,null,,null,ok,
46912,9f951677-89cb-4945-b59a-df5f8e8f65a4,null,,null,ok,
46920,2f544934-5737-47bb-b80a-0e3e82487a53,null,,null,ok,
46924,810f6a09-78fe-40b6-ba71-a5ff472002b2,null,,null,ok,
46927,9cc952f0-93ff-4a3f-831f-9f0648f78ede,null,,null,ok,
46932,92418e84-baa7-4b1d-ba35-bc7cf72b201d,null,,null,ok,
46936,026303bc-82c2-457d-ab14-df380ad82b04,null,,null,ok,
46940,7e5189d1-c887-4c8b-99bc-6ab711deedf4,null,,null,ok,
46955,61e237e5-44c7-4585-8e2c-5ef79b3d6251,null,,null,ok,
46961,b261ba2c-d648-48ee-af5d-cd03cab50b50,null,,null,ok,
46963,6dbc6b5d-72c5-4e16-b197-af5247edb7e5,null,,null,ok,
46971,c65c88f4-fa98-4e95-9d61-8eeacfd49c8a,null,,null,ok,
46969,55451f8e-7239-447f-b05b-293f0927cfd8,null,,null,ok,
46982,650ccaed-4dcd-4363-b043-7b96e28bb4b1,null,,null,ok,
46985,bf60bedc-fdb2-4436-ad75-60e4fd868195,null,,null,ok,
47014,621ea3f0-0827-40b8-a4dc-eb2886e3015d,null,,null,ok,
47043,c3770593-ef54-4387-bba4-e9a093770e29,OEL-168,3ae4776e-b247-4a20-bce2-1ffcd1cb980b,set,ok,
47056,33a91f57-1929-4438-9e89-96c1dbfdd558,OEL-168,3ae4776e-b247-4a20-bce2-1ffcd1cb980b,set,ok,
47072,5571cee7-bfff-4602-8607-085c1674be97,OEL-168,3ae4776e-b247-4a20-bce2-1ffcd1cb980b,set,ok,
47095,b1e7e104-db3a-4cbd-8997-4d640950c7c3,OEL-168,3ae4776e-b247-4a20-bce2-1ffcd1cb980b,set,ok,
47115,04fbd325-51c2-4592-96a8-1aa2a6bc6791,OEL-168,3ae4776e-b247-4a20-bce2-1ffcd1cb980b,set,ok,
47125,23b0e60c-baad-4b3d-95dc-9d72f72ee35e,OEL-168,3ae4776e-b247-4a20-bce2-1ffcd1cb980b,set,ok,
47308,a17081e3-1677-4f2d-af22-96a5970a5e08,OEL-168,3ae4776e-b247-4a20-bce2-1ffcd1cb980b,set,ok,
47324,aac66e5d-477a-486d-8275-69e85593d505,OEL-168,3ae4776e-b247-4a20-bce2-1ffcd1cb980b,set,ok,
47343,747d5acf-1541-4200-8843-61078e6a9a1b,OEL-168,3ae4776e-b247-4a20-bce2-1ffcd1cb980b,set,ok,
47350,f6c1f930-7dbb-47ad-acaf-8fdca9e18701,OEL-168,3ae4776e-b247-4a20-bce2-1ffcd1cb980b,set,ok,
47369,f50be194-7e34-4e89-8577-438757a32130,OEL-168,3ae4776e-b247-4a20-bce2-1ffcd1cb980b,set,ok,
47375,d686dd56-706c-4c49-b802-e6bf1879cd04,OEL-168,3ae4776e-b247-4a20-bce2-1ffcd1cb980b,set,ok,
47440,94be75f6-3682-40ed-8512-b7b85e95391f,OEL-168,3ae4776e-b247-4a20-bce2-1ffcd1cb980b,set,ok,
47453,9572cd98-8080-4bae-b6b8-c9e2f151282c,OEL-168,3ae4776e-b247-4a20-bce2-1ffcd1cb980b,set,ok,
47459,7f56d22a-11d0-463e-909c-3cf7b3130c77,OEL-168,3ae4776e-b247-4a20-bce2-1ffcd1cb980b,set,ok,
48014,f02cfdb4-f8d4-4275-be94-f39ab4a64c7a,null,,null,ok,
48038,d8db6d6e-8aaf-4a62-9b3b-9c6626f2727d,null,,null,ok,
48061,8e92b2b3-a5e8-4674-b72a-2a4e925470e3,null,,null,ok,
48131,f6877d1c-cdd8-4a14-920a-bd61fd86fffc,OEL-169,091a8fd7-e7ec-47f4-b391-0cff35fcce53,set,ok,
48826,64a3ae6f-b57b-4659-acef-a194a932b654,null,,null,ok,
48226,a8af3c38-828d-4cf1-be6a-621e472f3f39,null,,null,ok,
48264,788fb02b-77b1-48fc-8c13-885bd1f7d1eb,OEL-169,091a8fd7-e7ec-47f4-b391-0cff35fcce53,set,ok,
48270,4633beb6-7eab-4b4f-b8bf-7fc482c75199,OEL-169,091a8fd7-e7ec-47f4-b391-0cff35fcce53,set,ok,
48283,f58a63bb-08ff-4f43-a551-1909579c0498,OEL-169,091a8fd7-e7ec-47f4-b391-0cff35fcce53,set,ok,
48298,8f8eca9f-c061-4679-a30e-217e5c2c6543,null,,null,ok,
48316,46eb491c-fc49-4eba-9228-cfd544978da1,OEL-169,091a8fd7-e7ec-47f4-b391-0cff35fcce53,set,ok,
48323,092697d1-1946-439c-a1a7-9d98a77b37c2,OEL-169,091a8fd7-e7ec-47f4-b391-0cff35fcce53,set,ok,
48334,274be708-fddf-4bb3-8cc9-aa649a5fbd29,OEL-169,091a8fd7-e7ec-47f4-b391-0cff35fcce53,set,ok,
48347,986d8424-47e7-49fc-af84-f23e5016dbb9,OEL-169,091a8fd7-e7ec-47f4-b391-0cff35fcce53,set,ok,
48352,3ce06f5d-5d82-4951-85b5-6d4e2607bca5,OEL-169,091a8fd7-e7ec-47f4-b391-0cff35fcce53,set,ok,
48359,6ac0f84e-da25-4595-b90f-61ca10aa7c24,OEL-169,091a8fd7-e7ec-47f4-b391-0cff35fcce53,set,ok,
48364,bb60f73c-0a0a-497b-ad16-455873562f61,OEL-169,091a8fd7-e7ec-47f4-b391-0cff35fcce53,set,ok,
48381,458ff9ce-83c5-4baf-8fe0-03bcd12d370f,null,,null,ok,
48392,0392d995-3177-443f-811d-ba2eb6a29b89,null,,null,ok,
48400,fdf8a237-a6d3-4a66-943e-5b636ce615d7,OEL-169,091a8fd7-e7ec-47f4-b391-0cff35fcce53,set,ok,
48406,0a888bb0-a684-40cf-b5f8-08ad78840bbf,null,,null,ok,
48453,4b86605b-6326-4ae1-927d-fac44e7bf933,OEL-170,d2aa3220-3f69-4dd0-9a0d-514f0756f595,set,ok,
48463,4f1034ef-fd28-4b95-9ad6-3aa37feeba91,OEL-170,d2aa3220-3f69-4dd0-9a0d-514f0756f595,set,ok,
48499,ca6c8927-3e1c-40a4-842b-c5ea84e5d50c,null,,null,ok,
48529,33d8596f-8649-4e02-9e7d-6b704497a1d1,null,,null,ok,
15767560,493d6819-da0d-4bd1-850a-2f7efa3b6bf7,null,,null,ok,
48554,3f45bbb3-ffce-4fce-b757-0ddb62c1fe19,null,,null,ok,
48569,a854c975-e1e5-415e-bccf-ffd25ba2eec3,null,,null,ok,
48638,622f3bcc-bc6b-44c6-938a-96b88f1e75da,null,,null,ok,
48725,72018c33-3be5-43a9-93d0-e59df3a47a90,null,,null,ok,
48729,64d19910-24bd-4994-9319-809a8ad0b0d0,null,,null,ok,
48739,bdf5eb58-5117-4ef6-8875-d64e160d9fa2,null,,null,ok,
48751,b9108d17-5e90-4909-98a9-cba5fb240852,null,,null,ok,
48820,d89ab8f5-2595-443d-9a45-fb0d23f67341,null,,null,ok,
48833,7e118f17-a304-4859-a3a0-969f35e0c393,null,,null,ok,
48835,3c55af4f-0a0c-457a-9310-d8d00df0862d,null,,null,ok,
48864,26656443-a37e-4c5d-a79b-3cf7af1b9020,null,,null,ok,
15767545,8a8b7baf-bf56-48b7-8185-dc587e4b8563,null,,null,ok,
15767554,04038500-b251-42c4-86e9-6addc3c0e6c1,null,,null,ok,
15767583,a0e7d16e-aa1a-4fe3-bec5-ec170156eaa5,null,,null,ok,
15767587,c24e1578-5018-4fc4-9510-b6bcdf0ac7bc,null,,null,ok,
15767596,0031a4c4-1bb1-4a61-9664-cf8975e9255e,OEL-160,e1cfd79d-e4e5-41d6-8824-d8eba3f6cd20,set,ok,
15767602,ecfc0de4-7208-4bfc-921c-60f5585bcb1f,OEL-151,af74f68f-e41d-40eb-ac2d-ff526b02cad5,set,ok,
15767617,53243f17-8659-4fc5-a342-fa8ad7414e89,null,,null,ok,
15767716,7d1cb58a-37a6-4e59-8350-abb91b7d452f,OEL-170,d2aa3220-3f69-4dd0-9a0d-514f0756f595,set,ok,
15767619,f863026e-c4b7-46a6-8f11-6b18e319103d,OEL-31,10565c41-d083-4131-9a1d-073590d416d4,set,ok,
15767628,ffee08f5-54de-44a2-8df4-93ce0b7c45e7,OEL-156,00dd1cda-d7cd-4a14-ab5f-7bbb4644a8aa,set,ok,
15767646,b44ce207-79bb-46be-8910-c7b1ec1b9348,null,,null,ok,
15767654,d9e58c1b-efac-414b-9ef4-a51b9c0ed96c,null,,null,ok,
15767693,796add14-3820-4eb1-bdd0-60e5b6e1e931,OEL-170,d2aa3220-3f69-4dd0-9a0d-514f0756f595,set,ok,
15767704,ea0b6597-7341-4690-b80f-0eaf6684d856,OEL-170,d2aa3220-3f69-4dd0-9a0d-514f0756f595,set,ok,
15767853,127506a0-aba2-44b1-b3bc-c935f95ed4d1,OEL-170,d2aa3220-3f69-4dd0-9a0d-514f0756f595,set,ok,
15767709,2b017cbb-c60b-4c31-9494-425723c6ba7d,OEL-170,d2aa3220-3f69-4dd0-9a0d-514f0756f595,set,ok,
15767721,949f3303-99f4-4e9b-a392-ea6ec8ae151d,OEL-170,d2aa3220-3f69-4dd0-9a0d-514f0756f595,set,ok,
15767732,4db8526a-096b-4c7e-bb7b-ba0d3d88ac02,OEL-170,d2aa3220-3f69-4dd0-9a0d-514f0756f595,set,ok,
15767777,8843b92b-8d62-4d77-bfc9-c6d8ef28ef72,OEL-170,d2aa3220-3f69-4dd0-9a0d-514f0756f595,set,ok,
15767793,7a3e0e18-220c-473d-9880-1852c35e722c,OEL-170,d2aa3220-3f69-4dd0-9a0d-514f0756f595,set,ok,
15767805,74da053e-2196-4973-8295-5a9d074cc3c9,OEL-170,d2aa3220-3f69-4dd0-9a0d-514f0756f595,set,ok,
15767870,eca7f463-456b-42b9-9583-dfe261d5f2e2,OEL-170,d2aa3220-3f69-4dd0-9a0d-514f0756f595,set,ok,
15767876,dccef4dc-92b2-4420-a08e-2aebf2e07565,OEL-170,d2aa3220-3f69-4dd0-9a0d-514f0756f595,set,ok,
15767881,48a5edb0-50e4-49f2-a6fa-c7ef30c35d99,OEL-170,d2aa3220-3f69-4dd0-9a0d-514f0756f595,set,ok,
15767894,1d83786b-d3b2-4826-8642-525223f2b225,OEL-170,d2aa3220-3f69-4dd0-9a0d-514f0756f595,set,ok,
15767910,4b2ec248-8250-46d1-bc93-56b214f6f607,OEL-170,d2aa3220-3f69-4dd0-9a0d-514f0756f595,set,ok,
15767927,f76318ba-72ac-4e87-96de-4266aeb55f03,null,,null,ok,
15767935,ba84d335-1902-4c67-9ed1-3ef11699258a,null,,null,ok,
15767941,fe6d5ecd-7046-4501-a86e-afc64de98a10,null,,null,ok,
15767960,ce8b4c25-f9fa-46fa-a8fd-025f452f344e,null,,null,ok,
15767977,448ad485-799b-49c6-b2e6-efc6ca410acf,OEL-171,9a52facd-5e9b-4555-8e96-76eae19aba27,set,ok,
15768001,ddead178-3fcb-48be-9f3f-ca95cf9fa260,null,,null,ok,
15768010,ab6b2aab-2784-4257-b632-2ce4314869d0,null,,null,ok,
15768021,580b3401-5945-4f35-aa56-ecf42c1d8131,null,,null,ok,
15768082,5945da54-9e7f-4779-abab-a1846f75068d,null,,null,ok,
15768203,7434ba9e-2fce-4393-b1da-ac0fc747c667,null,,null,ok,
15768050,0a98970a-bff4-4055-b796-4bec1c2d292b,OEL-169,091a8fd7-e7ec-47f4-b391-0cff35fcce53,set,ok,
15768270,ffaa7722-a9bd-4ee1-8d42-8a93e934eba5,null,,null,ok,
15768170,47d67f49-aa27-4783-8a4e-9dc9bd99c675,null,,null,ok,
15768184,c7b719a7-b5b4-4ab5-aad1-571a4747e5f5,null,,null,ok,
15768206,fde2e6a5-f139-4c2c-a368-e39add8c766d,null,,null,ok,
15768284,be2a9313-8240-4a84-8791-65f9fd3cdfb8,null,,null,ok,
15768246,ba0ccf7b-f6fd-4172-a64c-831060237808,null,,null,ok,
15768292,9d6ab57e-74f9-4be3-8ba9-69b4714e438c,null,,null,ok,
15768303,f824078b-430d-47b6-8688-be5ff6fe755c,null,,null,ok,
15768313,6efb3b28-567e-4045-a1d2-bf8fd0ca7354,null,,null,ok,
15768324,969e52c2-89c9-4625-bb90-6a137043d4bb,null,,null,ok,
15768320,2c909606-60c0-46a9-af16-45bd7fcf7e49,null,,null,ok,
15768338,449e140b-2396-4d23-9d10-0c7f102f95af,null,,null,ok,
15768346,82536e3f-3ebc-4cc3-a24c-dd6b14db0ab7,null,,null,ok,
15768380,bd106954-847e-402c-a528-c44ccb94d23e,null,,null,ok,
15768398,39b9230d-016a-42b7-98c8-be9c689e2f87,OEL-170,d2aa3220-3f69-4dd0-9a0d-514f0756f595,set,ok,
15768407,16c68611-4261-48cb-a21e-e2dfb0ac642d,OEL-170,d2aa3220-3f69-4dd0-9a0d-514f0756f595,set,ok,
15768415,3744e86f-f645-4422-a9b5-ee2ac54f9e85,OEL-170,d2aa3220-3f69-4dd0-9a0d-514f0756f595,set,ok,
15768416,86a23cdc-89b6-48ef-a61a-273e6c3f616f,OEL-170,d2aa3220-3f69-4dd0-9a0d-514f0756f595,set,ok,
15768431,49abf7e8-5073-4ac6-ad29-6ebcffd55cbc,null,,null,ok,
15768443,5926882d-b53a-4d69-930e-168aba109fa3,null,,null,ok,
15768513,95d10373-14dc-4149-bc9f-f7b78401d146,OEL-171,9a52facd-5e9b-4555-8e96-76eae19aba27,set,ok,
15768527,5153bdd7-80dd-407e-ab37-320c26c0ea48,OEL-171,9a52facd-5e9b-4555-8e96-76eae19aba27,set,ok,
15768536,cd1d3718-e035-484b-abc8-b7f5e40821b2,OEL-171,9a52facd-5e9b-4555-8e96-76eae19aba27,set,ok,
15768562,7aa9e578-67d9-49f7-902a-e4593b805c40,OEL-171,9a52facd-5e9b-4555-8e96-76eae19aba27,set,ok,
15768861,de0dbcf5-0790-48ca-9e56-222b43e95feb,null,,null,ok,
15768578,98c296b2-9017-403a-a556-7ab8a2624300,null,,null,ok,
15768610,4d50a4bc-9a79-4305-8f05-ea6c93153a1d,OEL-171,9a52facd-5e9b-4555-8e96-76eae19aba27,set,ok,
15768643,f064a87d-a6f8-49c9-bf90-125f50fe0751,OEL-171,9a52facd-5e9b-4555-8e96-76eae19aba27,set,ok,
15768666,9a2f372f-a692-4de8-8173-5fbf5732f7d2,null,,null,ok,
15768670,6fe7bafe-b0dd-4c81-822b-5f7efc4e017b,OEL-171,9a52facd-5e9b-4555-8e96-76eae19aba27,set,ok,
15768692,cb44e8a7-20d2-43d3-ad14-5497be4cd51c,null,,null,ok,
15768704,ceec0518-fb04-4c24-bc1a-c0b0e9fad323,null,,null,ok,
15768719,608a8d92-e489-4ac5-be6e-bff3af811013,null,,null,ok,
15768723,b777f620-cede-4fe7-b1ff-a99d51b58199,OEL-171,9a52facd-5e9b-4555-8e96-76eae19aba27,set,ok,
15768747,c96f9d23-4213-4605-8e45-10c2f206db70,null,,null,ok,
15768753,e824662b-4994-413f-8e2d-438d61cbbf6d,null,,null,ok,
15768773,ab00d3a5-fda9-4675-9acd-8909fc6e7cd9,OEL-172,588920a7-542e-4c51-ac41-af8942275264,set,ok,
15768796,16349be6-b824-4de7-a42e-cc0b82d2527b,OEL-171,9a52facd-5e9b-4555-8e96-76eae19aba27,set,ok,
15768805,f9fc4b0b-dc03-4f18-ad22-327ef79f4957,OEL-171,9a52facd-5e9b-4555-8e96-76eae19aba27,set,ok,
15768818,1c9cd379-ac8c-4399-97d6-c1f5103a24bf,null,,null,ok,
15768905,132a106d-229c-4b62-8e00-3142a366769c,null,,null,ok,
15768915,d384ccaa-b7e9-4d16-b70a-740216f654d4,null,,null,ok,
15769084,a599a40a-1b6c-4b0d-b24c-e835585aa1c1,null,,null,ok,
15768945,30fea90c-ee69-4521-b6d4-c396725842f5,OEL-172,588920a7-542e-4c51-ac41-af8942275264,set,ok,
15768957,2479f572-f59a-4f5f-b556-37ac832748bf,OEL-172,588920a7-542e-4c51-ac41-af8942275264,set,ok,
15768953,13c8bbb8-1279-4bb6-a06b-b5f08f5eaa41,null,,null,ok,
15768954,54b8362b-9137-44fe-93d0-93d5e06218a3,null,,null,ok,
15768975,44827c86-5fb5-40fc-8d72-3b53fc3cea1f,null,,null,ok,
15768992,d27637d4-b07e-434e-9fd2-f4d67138a979,null,,null,ok,
15768994,dea5b21f-12e6-4f15-97aa-e6033784f0c0,OEL-172,588920a7-542e-4c51-ac41-af8942275264,set,ok,
15768996,1f01f403-3b68-41cb-b23d-7855f32ef101,OEL-172,588920a7-542e-4c51-ac41-af8942275264,set,ok,
15768997,6a40ecb0-7c3e-4fac-8ec3-c28a20d2fcdf,OEL-172,588920a7-542e-4c51-ac41-af8942275264,set,ok,
15769000,eb887f9c-6b5d-4673-a8e8-ffc9dcb966d2,OEL-172,588920a7-542e-4c51-ac41-af8942275264,set,ok,
15769019,685353ce-cf12-492b-a1b3-9f12a81aeac1,OEL-172,588920a7-542e-4c51-ac41-af8942275264,set,ok,
15769035,1ce2c467-2bf0-4b26-a70b-46e2cdc93437,OEL-172,588920a7-542e-4c51-ac41-af8942275264,set,ok,
15769049,e2bd911a-5102-4615-9b7d-2670498a40f1,null,,null,ok,
15769050,0d08d7c9-441b-47e3-8c09-9f64a48cc474,null,,null,ok,
15769045,d5f14f12-8f82-4ac1-89bb-9f76a148f9f8,null,,null,ok,
15769047,ad75be0c-ed44-4046-9f5d-b3052d670c7c,null,,null,ok,
15769052,5438643d-ced6-4020-8543-d2fd68d95146,null,,null,ok,
15769054,3ccf1a79-27d2-42bb-bb17-89cc8da904bd,null,,null,ok,
15769056,9f4d6472-2956-443e-90c2-3852c6300ce9,OEL-172,588920a7-542e-4c51-ac41-af8942275264,set,ok,
15769058,e0b26071-6cbb-409a-a947-3fb88f92a409,OEL-172,588920a7-542e-4c51-ac41-af8942275264,set,ok,
15769070,7e4e1ba5-7ac1-48f7-a42e-b60788a01ca8,null,,null,ok,
15769075,5c1231d9-74e9-4ef4-8b4e-db11643a3e2c,null,,null,ok,
15769086,b28d73e5-f972-4313-9112-9fa427d1d7ef,OEL-172,588920a7-542e-4c51-ac41-af8942275264,set,ok,
15769088,f3a725a5-a077-4da2-9b9f-bb25d6719915,OEL-172,588920a7-542e-4c51-ac41-af8942275264,set,ok,
15769090,ba2842f2-e352-42cc-9f77-b2f61df71a08,OEL-172,588920a7-542e-4c51-ac41-af8942275264,set,ok,
15769091,c109231b-6f3c-4e7c-8b64-61c3feb97e93,OEL-172,588920a7-542e-4c51-ac41-af8942275264,set,ok,
15769092,77c75e2b-9342-43a1-ba52-18806da87487,OEL-172,588920a7-542e-4c51-ac41-af8942275264,set,ok,
15769151,467c5d36-e26f-49d3-9571-88904aa604e4,null,,null,ok,
15769153,e5490ffb-aea0-426a-ac49-2415995cd268,null,,null,ok,
15769171,cec38f4f-bff3-4e5f-8225-fcd8bc6ccd67,null,,null,ok,
15769224,70a68071-ad21-4045-80ed-d07f85ad94bd,null,,null,ok,
15769240,6ecba6ee-97bd-49be-a050-2d39cd50ae92,null,,null,ok,
15769243,1e3d2edb-b37e-4c2b-978a-8fd01b247dbe,null,,null,ok,
15769245,29507a50-11b8-4cdf-a2b4-94b42a8e4441,null,,null,ok,
15769252,1c1a852b-5f6b-471f-8820-b2d2e9516554,null,,null,ok,
