# migrate-didascalie-to-articoli.mjs — DRY-RUN — 2026-08-07T21:37:48.228Z
# Totale PATCH: 1902 (IT: 3, EN: 1899)
# Righe didascalie_img orfane: 3 — 79d85c38-b39c-47b4-abbb-1981dfea0821|it, 17dd948f-b48a-49b3-8788-6b5c4b1c70ba|it, 79d85c38-b39c-47b4-abbb-1981dfea0821|en

[en] bologna-to-rome-pedaling-possibilities-in-the-rainbow-communitys-tandem-journey (0031a4c4-1bb1-4a61-9664-cf8975e9255e) via didascalie_img
  PRIMA: "La partenza dall'ultima tappa del cicloviaggio dell'Arca in tandem (Foto Matteo Cinti)"
  DOPO:  "The departure from the last stage of the Arca's tandem cycling journey (Photo by Matteo Cinti)"
[en] degrowth-a-book-review (0034df2e-363b-494d-9db3-943d35192da0) via didascalie_img
  PRIMA: "Obiettivo decrescita - Recensione - Ombre e Luci n.95, 2006"
  DOPO:  "Degrowth Objective - Review - Shadows and Lights no. 95, 2006"
[en] real-connection (00532847-08c4-40de-831b-4ea84b25f875) via didascalie_img
  PRIMA: "(foto archivio Ombre e Luci)"
  DOPO:  "(photo from Ombre e Luci archives)"
[en] 22-mini-games-to-play-together (00596edb-69bb-4af7-bc32-23048cbb1b89) via didascalie_img
  PRIMA: "Andiamo a giocare? (Disegno di Valentina Comand, Archivio Ombre e Luci)"
  DOPO:  "Shall we go play? (Drawing by Valentina Comand, Ombre e Luci Archive)"
[en] pinocchio-on-stage-theater-that-brings-everyone-together (005e63bf-90bb-4efa-a721-58773355d8e8) via didascalie_img
  PRIMA: "L’incontro di Pinocchio con Mangiafuoco, dallo spettacolo Insieme per Pinocchio"
  DOPO:  "Pinocchio's encounter with Mangiafuoco, from the show Insieme per Pinocchio"
[en] as-if-it-were-the-most-natural-thing-in-the-world (00652293-1e1c-465b-9c28-f972705727a6) via didascalie_img
  PRIMA: "Come se fosse la cosa più normale del mondo - Ricordando Nicole Schulthes- Ombre e Luce n. 96, 2006"
  DOPO:  "As if it were the most normal thing in the world - Remembering Nicole Schulthes - Shadows and Light no. 96, 2006"
[en] when-i-becomes-we (00c5db78-03cd-4aa2-be34-622f9c72460d) via didascalie_img
  PRIMA: "Un momento della corsa a staffetta organizzata da Athletica Vaticana (Foto: Athletica Vaticana)"
  DOPO:  "A moment from the relay race organized by Athletica Vaticana (Photo: Athletica Vaticana)"
[it] dialogo-aperto-n-109 (00f4e655-4f85-4338-ac8d-8f97957423b0) via didascalie_img
  PRIMA: null
  DOPO:  "Sempre meglio parlarne, no? (foto archivio Ombre e Luci)"
[en] raising-an-autistic-child-at-home-an-act-of-love (0118178b-c37d-4f6e-b7b9-c5541b8c65e5) via didascalie_img
  PRIMA: "Curare l'autismo a casa  - Ombre e Luci n.89, 2005"
  DOPO:  "Treating autism at home - Ombre e Luci no. 89, 2005"
[en] questions-and-answers-about-your-childs-future (0119c70b-04c4-4745-846b-6c99e9c723d2) via didascalie_img
  PRIMA: "(Foto di Riccardo Guglielmin, 1991)"
  DOPO:  "(Photo by Riccardo Guglielmin, 1991)"
[en] a-creative-workshop-in-pantigliate (0141f850-47b9-4dcd-996e-b46650d132a4) via didascalie_img
  PRIMA: "Alcuni ragazzi e volontari al lavoro durante le attività laboratoriali (foto archivio Ombre e Luci)"
  DOPO:  "Some young people and volunteers at work during the workshop activities (photo archive Ombre e Luci)"
[en] gospel-imagination-and-intelligence (0144e423-fe2c-44d8-a184-5c9434fe1a5b) via didascalie_img
  PRIMA: "Artur e suor Malgorzata Chmielewska"
  DOPO:  "Artur and Sister Malgorzata Chmielewska"
[en] a-prophecy (01556dc0-4ddd-413f-95e4-5240b5feb8e4) via didascalie_img
  PRIMA: "Don Marco Bove (foto archivio Ombre e Luci)"
  DOPO:  "Don Marco Bove (photo from Ombre e Luci archives)"
[en] the-centenarians-still-unfinished-work (019dbdf9-2f50-471b-8b9b-fbbb9cdb6123) via didascalie_img
  PRIMA: "Franco Basaglia (Archivio Ombre e Luci)"
  DOPO:  "Franco Basaglia (Shadows and Lights Archive)"
[en] giannis-work (0210ac82-38b7-4bca-9b7c-d630a6942bfb) via didascalie_img
  PRIMA: "Gianni al lavoro in pizzeria (foto archivio Ombre e Luci)"
  DOPO:  "Gianni at work in the pizzeria (photo from Ombre e Luci archives)"
[en] faith-and-light-in-armenia-and-iran (025a22cd-f3dc-4348-a59d-1c8ff8a01801) via didascalie_img
  PRIMA: "Foto di Levi Meir Clancy su Unsplash"
  DOPO:  "Photo by Levi Meir Clancy on Unsplash"
[en] elena-and-the-mystery (025def1c-62fe-4f49-9d7b-46abc4ac26d9) via didascalie_img
  PRIMA: "Elena e il mistero - Ombre e Luci n.90, 2005"
  DOPO:  "Elena and the Mystery - Shadows and Lights n.90, 2005"
[en] living-longer-with-disability (02600e85-dde1-4a3e-b691-de6817eda737) via didascalie_img
  PRIMA: "(foto archivio Ombre e Luci)"
  DOPO:  "(photo from Ombre e Luci archives)"
[en] faith-and-light-1975-annual-report (02a43467-5aba-4f43-a046-21c1cc08941e) via didascalie_img
  PRIMA: "Immagina tratta da Insieme n.7 - 1975 (archivio Ombre e Luci)"
  DOPO:  "Image from Insieme n.7 - 1975 (Ombre e Luci archive)"
[en] epilepsy-first-aid-guidelines (02aeac05-4b6f-43f4-81d5-0fa671d28118) via didascalie_img
  PRIMA: "(foto archivio Ombre e Luci)"
  DOPO:  "(photo from Ombre e Luci archives)"
[en] the-pedagogy-of-innocent-suffering-a-review (02aeceb5-dba5-463e-8162-9e709878b611) via didascalie_img
  PRIMA: "Copertina \"Pedagogia  dolore innocente\""
  DOPO:  "Cover of \"Pedagogy of Innocent Suffering\""
[en] summer-together-summer-newsletter-no-21 (02b84f72-6737-4604-b623-8803e5c8d13b) via didascalie_img
  PRIMA: "Maria e Madre Pantanella - Insieme Bollettino Fede e Luce"
  DOPO:  "Maria and Mother Pantanella - Together Faith and Light Newsletter"
[en] a-blade-of-grass (02f6efbe-a03b-4319-b4b3-7a2f65fd7b75) via didascalie_img
  PRIMA: "Le recensioni di Ombre e Luci"
  DOPO:  "Ombre e Luci Reviews"
[en] meeting-points-serving-playing-working-reflecting (0320fb82-7d60-4459-ad8d-ca0baab6b5ec) via didascalie_img
  PRIMA: "(foto archivio Ombre e Luci)"
  DOPO:  "(photo from Ombre e Luci archives)"
[en] fede-e-luces-1978-pilgrimage-to-assisi-a-preparation (037bf822-257e-4e11-a8e1-30f14f1cd2fb) via didascalie_img
  PRIMA: "Disegno tratto da Insieme n.16, 1978 (archivio Ombre e Luci)"
  DOPO:  "Drawing from Insieme no. 16, 1978 (Ombre e Luci archive)"
[en] behavior-problems-in-children-intervention-strategies (039a7adf-bbce-4fc0-845f-e82cd7a343e2) via didascalie_img
  PRIMA: "Le recensioni di Ombre e Luci"
  DOPO:  "Ombre e Luci's Reviews"
[en] the-ogre-downstairs-a-review (03b0edd9-eb67-4d83-9382-4621066c6c84) via didascalie_img
  PRIMA: "L'orco del piano di sotto, O. Dupin E. Barroux, Uovonero 2025"
  DOPO:  "The Ogre on the Floor Below, O. Dupin E. Barroux, Uovonero 2025"
[en] the-keys-to-the-house (03c2c87a-bc72-4713-9876-3899ffd22f5a) via didascalie_img
  PRIMA: "Un'immagine dal film \"Le Chiavi di casa\" - Ombre e Luci n.87, 2004"
  DOPO:  "An image from the film \"Le Chiavi di casa\" - Shadows and Lights n.87, 2004"
[en] edinburgh-the-international-gathering-august-19-1990 (03c68c9a-c3c4-44be-a6b1-8bf076798da4) via didascalie_img
  PRIMA: "Una foto i gruppo all'incontro internazionale di Fede e Luce ad Edimburgo (foto archivio Ombre e Luci, 1990)"
  DOPO:  "A group photo from the international Faith and Light meeting in Edinburgh (photo archive Ombre e Luci, 1990)"
[en] johanns-i-have-loved-you-all-a-review (03d48b32-0cb4-44c3-8b14-cca81b19a892) via didascalie_img
  PRIMA: "copertina libro - vi ho amato tutti - heuchel_"
  DOPO:  "book cover - i have loved you all - heuchel_"
[en] the-father-and-the-stranger-a-review (03db6556-84ab-457c-a85e-110b4afad2b7) via didascalie_img
  PRIMA: "Il padre e lo straniero Copertina  - Ombre e Luci n.89, 2005"
  DOPO:  "The Father and the Stranger Cover - Shadows and Lights no. 89, 2005"
[en] the-orchard-of-forgotten-fruits-inside-il-muschio (03fbb8ad-34f3-4b65-a18c-aa19c696b60f) via didascalie_img
  PRIMA: "Raccolta dei mirtilli giganti"
  DOPO:  "Giant blueberry harvest"
[en] i-almost-gave-up (04038500-b251-42c4-86e9-6addc3c0e6c1) via didascalie_img
  PRIMA: "Antonietta che conquista la sua terza medaglia d'oro nei 25 metri dorso"
  DOPO:  "Antonietta winning her third gold medal in the 25-meter backstroke"
[en] becoming-a-mother (04067856-b51c-4266-acf1-f26ef843b7be) via didascalie_img
  PRIMA: "(foto archivio Ombre e Luci)"
  DOPO:  "(photo from Ombre e Luci archives)"
[en] stones-in-the-river-a-reckoning-with-difference (04142ee1-c604-4d65-bb4f-cf52a2cdda4e) via didascalie_img
  PRIMA: "Come pietre nel fiume Copertina  - Ombre e Luci n.89, 2005"
  DOPO:  "Like Stones in the River Cover - Shadows and Lights no. 89, 2005"
[en] my-patience-has-limits (041afac9-2cb1-45a3-95b9-4d087ac86f18) via didascalie_img
  PRIMA: "la mia pazienza ha dei limiti - Ombre e Luci n.98, 2007"
  DOPO:  "my patience has its limits - Shadows and Lights no. 98, 2007"
[en] a-teacher-of-lettersgateway-to-life (04353ca6-60e6-4447-ae94-ae98e5a54450) via didascalie_img
  PRIMA: "(foto archivio Ombre e Luci)"
  DOPO:  "(photo from Ombre e Luci archives)"
[en] jun-a-graphic-memoir (04434c12-7aa2-4250-972b-f76be8fa2e24) via didascalie_img
  PRIMA: "Copertina di \"Jun\" di Keum Suk Gendry-Kim (Bao Publishing, 2021)"
  DOPO:  "Cover of \"Jun\" by Keum Suk Gendry-Kim (Bao Publishing, 2021)"
[en] two-new-faith-and-light-communities-celebrate-in-umbria (0443dc97-1853-4358-9f76-f3b9ab9c3d43) via didascalie_img
  PRIMA: "Maria durante la prima casetta ad Assisi (foto archivio Ombre e Luci)"
  DOPO:  "Maria during the first house in Assisi (photo from Ombre e Luci archives)"
[en] in-praise-of-fragility-a-review (04457d85-ed9c-4438-b437-5a2717a6e47a) via didascalie_img
  PRIMA: "Copertina \"Elogio della fragilità\""
  DOPO:  "Cover of \"In Praise of Fragility\""
[en] faith-and-light-regional-updates-issue-121 (0451a133-9bb2-45bb-9493-6992ba111418) via didascalie_img
  PRIMA: "Le provincie di Fede e Luce"
  DOPO:  "The dioceses of Faith and Light"
[en] stolen-pensions (049ddfe6-19db-41df-bfb3-d12d71317b06) via didascalie_img
  PRIMA: "Foto di <a href=\"https://unsplash.com/@jacobshootsphotos?utm_source=unsplash&utm_medium=referral&utm_content=creditCopyText\">Jakub Pabis</a> su <a href=\"https://unsplash.com\">Unsplash</a>"
  DOPO:  "Photo by <a href=\"https://unsplash.com/@jacobshootsphotos?utm_source=unsplash&utm_medium=referral&utm_content=creditCopyText\">Jakub Pabis</a> on <a href=\"https://unsplash.com\">Unsplash</a>"
[en] now-she-can-rest (04a8fcfb-9c81-47ca-9834-48b95a7e55a1) via didascalie_img
  PRIMA: "Ombre e Luci n. 63 - 1998"
  DOPO:  "Ombre e Luci no. 63 - 1998"
[en] the-year-of-the-tiger-begins (04b05d3e-0fb5-4f21-b933-88a0516efe9e) via didascalie_img
  PRIMA: "Rubriche dialogo aperto"
  DOPO:  "Open Dialogue Sections"
[en] how-faith-and-light-teams-work-together (0502ae60-c8f3-4b4e-a0b9-7aa61eeb262b) via didascalie_img
  PRIMA: "(foto archivio Ombre e Luci)"
  DOPO:  "(photo from Ombre e Luci archives)"
[en] four-days-hand-in-hand (050eefaf-d38e-4539-8684-1d6bce1e12dd) via didascalie_img
  PRIMA: "I tre coordinatori delle province italiane: Carlo, Angela e Pietro (foto archivio Ombre e Luci)"
  DOPO:  "The three coordinators of the Italian provinces: Carlo, Angela and Pietro (photo from Ombre e Luci archives)"
[en] don-gnocchi-a-life-for-others-book-review (0532f879-7357-466f-a219-b508db42521b) via didascalie_img
  PRIMA: "Copertina \"Don Gnocchi\""
  DOPO:  "Cover \"Don Gnocchi\""
[en] another-way-of-seeing (05475ec6-f50d-4f78-a2ce-cf173448ad33) via didascalie_img
  PRIMA: "De Toutes Nos Forces"
  DOPO:  "With All Our Strength"
[en] we-cannot-be-peter-pan-forever (055190b3-5d28-4bf8-9eef-691cb5fc0485) via didascalie_img
  PRIMA: "Cristina Acquistapace con i suoi genitori (foto dal <a href=\"http://www.parrocchiagrignasco.org/oratorio/catest2020/special-guest/cristina-acquistapace/\" target=\"_blank\" rel=\"noopener\">sito dell'Oraorio della Parrocchia di San Giustino</a> )"
  DOPO:  "Cristina Acquistapace with her parents (photo from the <a href=\"http://www.parrocchiagrignasco.org/oratorio/catest2020/special-guest/cristina-acquistapace/\" target=\"_blank\" rel=\"noopener\">website of the Oratory of the Parish of San Giustino</a> )"
[en] like-penguins-in-the-desert-a-review (05640d60-699d-4926-a19e-4cf527408655) via didascalie_img
  PRIMA: "Copertina \"Come pinguini nel deserto\" (archivio Ombre e Luci, 2013)"
  DOPO:  "Cover of \"Like Penguins in the Desert\" (Ombre e Luci archives, 2013)"
[en] the-language-of-flowers-a-review (0581ea16-504a-4338-a656-a5f5f486566a) via didascalie_img
  PRIMA: "Copertina Il linguaggio segreto dei fiori Vanessa Diffenbaugh - Garzanti"
  DOPO:  "Cover The Secret Language of Flowers Vanessa Diffenbaugh - Garzanti"
[en] true-connections (05e0fae8-5957-42bb-a7d5-a829808e6811) via didascalie_img
  PRIMA: "Mariangela a Santo Domingo per un incontro Fede e Luce Internazionale del 1986 (foto archivio Ombre e Luci)"
  DOPO:  "Mariangela in Santo Domingo for an International Faith and Light meeting in 1986 (photo from Ombre e Luci archives)"
[en] we-celebrate-the-birth-of-a-child-parents-of-children-with-disabilities (05e20f40-5537-4182-bbab-0dc422883680) via didascalie_img
  PRIMA: "(foto archivio Ombre e Luci)"
  DOPO:  "(photo from Ombre e Luci archives)"
[en] john-paul-ii-and-people-with-disabilities (0633c829-9174-451b-83a1-77150676ee7c) via didascalie_img
  PRIMA: "Giovanni Paolo II - Ombre e Luci n.90, 2005"
  DOPO:  "John Paul II - Shadows and Lights no. 90, 2005"
[en] for-children-carlo (0690a48f-ed6f-44f8-b206-a33870ee18d6) via didascalie_img
  PRIMA: "Lasciò cadere lo spago... si diresse verso i compagni che giocavano"
  DOPO:  "He dropped the string... he headed toward his companions who were playing"
[en] liesje-my-daughter-book-review (06ae136e-2181-4999-abeb-a4ec32ad240f) via didascalie_img
  PRIMA: "Liesje, mia figlia Parole per la nascita e la morte di una bambina speciale | Recensione - Ombre e Luci n.99, 2007"
  DOPO:  "Liesje, my daughter Words for the birth and death of a special child | Review - Shadows and Lights no. 99, 2007"
[en] people-with-multiple-disabilities (06fa5c9e-acf8-4715-82af-a6ee6acacad1) via didascalie_img
  PRIMA: "(foto archivio Ombre e Luci)"
  DOPO:  "(photo from Ombre e Luci archives)"
[en] sex-education-for-people-with-handicaps (071f6466-60b2-475d-995b-4c58bbe4b81e) via didascalie_img
  PRIMA: "Ombre e Luci n. 49, 1995"
  DOPO:  "Shadows and Lights no. 49, 1995"
[en] do-we-dare-trigger-the-avalanche (073577a1-6056-4310-807d-0e8fbe8014bd) via didascalie_img
  PRIMA: "\"La caduta di una valanga nei Grigioni\" di William Turner"
  DOPO:  "\"The Fall of an Avalanche in the Graubünden\" by William Turner"
[en] why-we-fear-the-migrantand-what-it-says-about-us (07598f77-3a43-444f-8648-65b7f9035105) via didascalie_img
  PRIMA: "Pierangelo Segueri (foto archivio Ombre e Luci)"
  DOPO:  "Pierangelo Segueri (photo from Ombre e Luci archive)"
[en] open-dialogue-no-53 (075b2bf5-afe5-426f-9cc2-29c3d4155271) via didascalie_img
  PRIMA: "Sempre meglio parlarne, no? (foto archivio Ombre e Luci)"
  DOPO:  "Always better to talk about it, right? (photo from Ombre e Luci archive)"
[en] a-visit-to-loyola-university-rome (077361ae-3382-4020-b141-e122026a3614) via didascalie_img
  PRIMA: "Giovanni Grossi a lavoro (foto di Giovanni Grossi)"
  DOPO:  "Giovanni Grossi at work (photo by Giovanni Grossi)"
[en] i-chose-my-brother (078c4525-09e2-41d0-8b0e-f25914349710) via didascalie_img
  PRIMA: "(foto archivio Ombre e Luci)"
  DOPO:  "(photo from Ombre e Luci archive)"
[en] julia-jean-and-the-tyranny-of-normal (078eb7a2-5765-4484-aa3e-b9ec9a8668a6) via didascalie_img
  PRIMA: "Papa Benedetto XVI con alcuni dei rappresentanti delle religioni presenti all'incontro di Assisi (foto archivio Ombre e Luci)"
  DOPO:  "Pope Benedict XVI with some of the representatives of religions present at the meeting in Assisi (photo archive Ombre e Luci)"
[en] a-fathers-calling (07a52278-d733-43f4-b071-67b8fa9d6f5e) via didascalie_img
  PRIMA: "Ghislain Du Chéné con sua figlia Julie (foto archivio Ombre e Luci)"
  DOPO:  "Ghislain Du Chéné with his daughter Julie (photo from Ombre e Luci archives)"
[en] proud-of-myself (07cd73c6-00d8-4c00-8556-b3e8b4411f1a) via didascalie_img
  PRIMA: "Benedetta Mattei controlla dei documenti di lavoro"
  DOPO:  "Benedetta Mattei checks work documents"
[en] for-don-francesco-thirty-years-of-love (08642ecf-fc45-4928-ac9a-8322dbe094a7) via didascalie_img
  PRIMA: "Don Francesco al 18° compleanno di Andrea Ferrari - Ombre e Luci n.90, 2005"
  DOPO:  "Don Francesco at Andrea Ferrari's 18th birthday - Shadows and Lights no. 90, 2005"
[en] year-after-year-christmas-still-moves-us (0879c1b1-7d5f-4d10-b018-e79cf042a6ab) via didascalie_img
  PRIMA: "Adorazione dei pastori Allendale, Giorgione (Public domain, attraverso Wikimedia Commons)"
  DOPO:  "Adoration of the Shepherds Allendale, Giorgione (Public domain, via Wikimedia Commons)"
[en] a-change-of-heart (093eab25-b725-4504-b7d2-f0e2c2b3fde9) via didascalie_img
  PRIMA: "Le recensioni di Ombre e Luci"
  DOPO:  "Ombre e Luci's reviews"
[en] the-gift-and-the-city-review (09539d60-96bd-400d-b487-b10281b15226) via didascalie_img
  PRIMA: "Copertina di \"Il dono e la città\" di Giacomo Panizza (Bibliotheka, 2024)"
  DOPO:  "Cover of \"The Gift and the City\" by Giacomo Panizza (Bibliotheka, 2024)"
[en] mothers-of-courage-and-beyond (0988042f-975b-41c9-8782-043b578531be) via didascalie_img
  PRIMA: "Mamme coraggio e oltre - Ombre e Luci n.98, 2007"
  DOPO:  "Courageous Mothers and Beyond - Shadows and Lights no. 98, 2007"
[en] teaching-independence-patience-persistence-and-sometimes-toughness (09b32951-6b94-45b1-a835-e6d24b733710) via didascalie_img
  PRIMA: "- Ombre e Luci n.92, 2005"
  DOPO:  "Shadows and Lights no. 92, 2005"
[en] the-silence-of-the-world-a-review (0a496773-073c-452e-8daa-73bc1365cdf3) via didascalie_img
  PRIMA: "Copertina del libro \"Il silenzio del mondo\" (Neri Pozza, 2022)"
  DOPO:  "Cover of the book \"The Silence of the World\" (Neri Pozza, 2022)"
[en] life-faith-and-light-no-5 (0a8d1f86-384e-4199-8c6e-40229a2a8218) via didascalie_img
  PRIMA: "(foto archivio Ombre e Luci)"
  DOPO:  "(photo from Ombre e Luci archive)"
[en] faith-and-light-life-together (0a97a142-0d5b-4a0e-aecb-12243144a8a0) via didascalie_img
  PRIMA: "Campo Fede e Luce anni 80 (foto archivio Ombre e Luci)"
  DOPO:  "Campo Fede e Luce 1980s (photo from Ombre e Luci archives)"
[en] lift-your-eyes (0aa207de-43eb-40b6-a002-eaef7e8766f5) via didascalie_img
  PRIMA: "In senso orario: Serena, Beniamino, Sebastiano, Maddalena e Maria (foto archivio Ombre e Luci)"
  DOPO:  "Clockwise: Serena, Beniamino, Sebastiano, Maddalena and Maria (photo from Ombre e Luci archives)"
[en] master-bakers-in-31-small-homes (0abac0ca-0273-456e-aad0-d0a56c3d3dd9) via didascalie_img
  PRIMA: "Il laboratorio e punto vendita, quartiere Portuense, Roma"
  DOPO:  "The workshop and sales point, Portuense district, Rome"
[en] aspergers-children (0aefd6d5-9381-49e7-bc7d-89a79575f31a) via didascalie_img
  PRIMA: "Copertina \"I bambini di Asperger\""
  DOPO:  "Cover \"The Children with Asperger's\""
[en] indoor-games-to-beat-the-boredom (0b3691a1-146d-4cd8-8ffa-943a8ae238a3) via didascalie_img
  PRIMA: "Ombre e Luci n. 64 - 1998"
  DOPO:  "Shadows and Lights no. 64 - 1998"
[en] at-baglionis-concert-which-doesnt-feature-tozzi (0b5053c0-b57a-4584-8cb6-96bc3ad2df42) via didascalie_img
  PRIMA: "Benedetta al concerdo di Claudio Baglioni"
  DOPO:  "Benedetta at Claudio Baglioni's concert"
[en] venice-immersive-virtual-reality-comes-to-the-biennale (0b52b137-dc0d-4e49-b304-0df4d075a892) via didascalie_img
  PRIMA: "Empereur, di Marion Burger, Ilan Cohen (2023)"
  DOPO:  "Empereur, by Marion Burger, Ilan Cohen (2023)"
[en] rediscovering-the-domestic-church (0b594fca-9a9d-4f3e-8b0d-17f10034b203) via didascalie_img
  PRIMA: "Giotto, Lavanda dei piedi (1303-1305 ca.)"
  DOPO:  "Giotto, Washing of the Feet (c. 1303-1305)"
[en] from-our-communities-no-126 (0b6c239e-6ac8-445b-a530-325ffc1aab9a) via didascalie_img
  PRIMA: "Le provincie di Fede e Luce"
  DOPO:  "The provinces of Faith and Light"
[en] scared-ride-again-for-freea-day-at-romes-luneur (0b9c03c6-e526-4c0d-a008-f99e03c0db35) via didascalie_img
  PRIMA: "Al Luneur di Roma (foto archivio Ombre e Luci, 1990)"
  DOPO:  "At Luneur in Rome (photo from Ombre e Luci archives, 1990)"
[en] stronger-than-their-killers-the-writings-of-seven-trappist-monks (0bb86ebf-1272-4685-a99c-8e5c49220759) via didascalie_img
  PRIMA: "Recensioni - Più forti di loro - Ombre e Luci n. 65, 1999"
  DOPO:  "Reviews - Stronger Than Them - Shadows and Lights no. 65, 1999"
[en] teenagers-abandoned-to-fate (0c4c8e2d-c185-4fcf-95d0-6517c6e21dba) via didascalie_img
  PRIMA: "Adolescenti allo sbaraglio (illustrazione: Pomodoro)"
  DOPO:  "Teenagers at Risk (illustration: Pomodoro)"
[en] baris-shining-path (0c6005fd-6c4e-4754-bf26-3a73185f1975) via didascalie_img
  PRIMA: "Alcuni bambini al parco attrezzato di Bari (Foto TRM Network)"
  DOPO:  "Some children at the equipped playground in Bari (Photo TRM Network)"
[en] finding-beauty-in-hidden-places (0c7f1e3a-15a8-481f-ba9a-a98c58c760ab) via didascalie_img
  PRIMA: "Ospiti del Don Guanella ((foto dal sito <a href=\"http://www.centrodiriabilitazionedonguanella.org/\" target=\"_blank\" rel=\"noopener\">Don guanella</a>)"
  DOPO:  "Guests of Don Guanella (photo from the <a href=\"http://www.centrodiriabilitazionedonguanella.org/\" target=\"_blank\" rel=\"noopener\">Don Guanella</a> website)"
[en] i-suffer-therefore-we-are-book-review (0c9dcfda-a945-4b5e-b3c7-9030ce1aaea3) via didascalie_img
  PRIMA: "Copertina del libro \"Soffro dunque siamo\" di Marco Rovelli (Minimum Fax, 2023)"
  DOPO:  "Cover of the book \"I Suffer Therefore We Are\" by Marco Rovelli (Minimum Fax, 2023)"
[en] faith-and-light-3 (0cce0779-20ce-4ed7-9591-de895790289b) via didascalie_img
  PRIMA: "(foto archivio Ombre e Luci)"
  DOPO:  "(photo from Ombre e Luci archives)"
[en] as-you-are-a-child-psychiatrists-log-book-review (0cead8dc-8b0f-45ba-b37d-c728b599046c) via didascalie_img
  PRIMA: "Cosicomesei - Diario di bordo di un neuropsichiatra infantile - Recensione- Ombre e Luci n.70 - 2000"
  DOPO:  "Cosicomesei - Logbook of a Child Neuropsychiatrist - Review - Shadows and Lights no. 70 - 2000"
[en] voices-from-the-ombre-e-luci-archives (0cfbee9b-562a-4d68-b6f2-6695ec464297) via didascalie_img
  PRIMA: "(foto archivio Ombre e Luci)"
  DOPO:  "(photo from Ombre e Luci archives)"
[en] when-waiting-becomes-encounter (0d08d7c9-441b-47e3-8c09-9f64a48cc474) via didascalie_img
  PRIMA: "Alejandra del Mar, Maurizio e Paolo Catapano sul palco del pellegrinaggio di Fede e Luce a Pompei"
  DOPO:  "Alejandra del Mar, Maurizio and Paolo Catapano on stage at the Faith and Light pilgrimage in Pompeii"
[en] mr-rain-and-lda-are-one (0d135a40-cfc6-47fa-ad7b-fc930d553292) via didascalie_img
  PRIMA: "Selfie di Benedetta accanto al padre"
  DOPO:  "Selfie of Benedetta next to her father"
[en] vacation-a-time-to-rest-restore-and-come-alive-again (0d6c6ad6-45c6-4dbd-94a7-cd17637b81f1) via didascalie_img
  PRIMA: "(foto archivio Ombre e Luci)"
  DOPO:  "(photo from Ombre e Luci archive)"
[en] a-rebel-boy (0d82c431-9373-40eb-af34-d456d7eee7ce) via didascalie_img
  PRIMA: "Il San Giovanni Battista disteso, dipinto a olio di Michelangelo Merisi da Caravaggio, realizzato nel 1610 (via <a target=\"_blank\" rel=\"noopener\">Wikipedia</a>"
  DOPO:  "Saint John the Baptist Reclining, oil painting by Michelangelo Merisi da Caravaggio, created in 1610 (via <a target=\"_blank\" rel=\"noopener\">Wikipedia</a>"
[en] sex-education-for-people-with-disabilities-a-book-offers-answers (0d98dadf-12ad-4309-a6fb-ae9ec25313ee) via didascalie_img
  PRIMA: "Ombre e Luci n. 49, 1995"
  DOPO:  "Shadows and Lights no. 49, 1995"
[en] a-handful-of-joy (0d9a7871-0d49-4d69-8a39-c224f37209b1) via didascalie_img
  PRIMA: "Priscilla con due dei bambini vietnamiti di cui si è occupata (foto archivio Ombre e Luci)"
  DOPO:  "Priscilla with two of the Vietnamese children she cared for (photo archive Ombre e Luci)"
[en] a-village-without-barriers-a-welcome-surprise (0dcf0bb2-aa2e-46a8-9d8f-b31c3db71a76) via didascalie_img
  PRIMA: "Ombre e Luci n 69"
  DOPO:  "Shadows and Lights no. 69"
[en] from-conference-to-commitment (0e452a72-038c-4e56-a7f9-e3edb88f2ead) via didascalie_img
  PRIMA: "Strumenti pastorali inclusivi realizzati \ndalle varie diocesi (foto archivio Ombre e Luci)"
  DOPO:  "Inclusive pastoral tools created by various dioceses (photo from Ombre e Luci archive)"
[en] a-promise-kept (0e8c34b4-d8b9-481f-b193-251039a52485) via didascalie_img
  PRIMA: "(foto archivio Ombre e Luci)"
  DOPO:  "(photo from Ombre e Luci archives)"
[en] faces-a-poem-by-helene (0f00da35-43f8-4982-9ebf-b9af8c678672) via didascalie_img
  PRIMA: "Poesia Visages, Volti - Insieme n.4 1975"
  DOPO:  "Poetry Visages, Faces - Together no.4 1975"
[en] im-twelve-and-im-a-go-go-dancer-they-call-me-princess-stories-of-bullies-lolitas-and-other-children (0f218b54-17a3-4817-b3ad-0763749b5a8a) via didascalie_img
  PRIMA: "Ho 12 anni faccio la cubista. Mi chiamano principessa Storie di bulli, lolite e altri bimbi - Recensione - Ombre e Luci n.98, 2007"
  DOPO:  "I'm 12 years old and I do Cuban dance. They call me princess. Stories of bullies, lolitas and other children - Review - Shadows and Lights no. 98, 2007"
[en] an-open-conversationfor-pope-francis (0f4bb922-379f-478d-aa40-3f0f26a0a116) via didascalie_img
  PRIMA: "Daniela, Pippi (Emanuela), Marina incontrano Papa Francesco nel 2015"
  DOPO:  "Daniela, Pippi (Emanuela), Marina meet Pope Francis in 2015"
[en] when-those-close-to-you-turn-away (0f9078ed-2cbc-453f-a996-fc6f9cf017ed) via didascalie_img
  PRIMA: "Come reagire all'indifferenza di chi ci è vicino  - Ombre e Luci n.95, 2006"
  DOPO:  "How to Respond to the Indifference of Those Close to Us - Shadows and Lights no. 95, 2006"
[en] signs-of-hope (0fb5d391-6522-4229-9597-b75ec1307135) via didascalie_img
  PRIMA: "Mariangela Bertolini con due ospiti della casa famiglia di Mandello che è andata a visitare per Ombre e Luci"
  DOPO:  "Mariangela Bertolini with two guests of the family home in Mandello that she visited for Ombre e Luci"
[en] twenty-letters (0fd6005c-b5dc-4015-a9a2-bb6b7e1468df) via didascalie_img
  PRIMA: "Estratto da Insieme n.20, 1979 (archivio Ombre e Luci)"
  DOPO:  "Excerpt from Insieme n.20, 1979 (Ombre e Luci archive)"
[en] 3-the-protagonists-the-faces-of-fede-e-luce-the-handicapped-parents-friends-and-priests (0fdd4e37-2128-4ed1-8913-306bcc0d99e6) via didascalie_img
  PRIMA: "Dettaglio di Farm Garden with Sunflowers - Gustav Klimt, 1907  (Pubblico dominio)"
  DOPO:  "Detail of Farm Garden with Sunflowers - Gustav Klimt, 1907 (Public domain)"
[en] your-word-is-for-everyonehenri-bissonnier (0fed7a0b-89a7-43ab-bbf1-1c7f7ac2ed14) via didascalie_img
  PRIMA: "Ombre e Luci n. 64 - 1998"
  DOPO:  "Shadows and Lights no. 64 - 1998"
[en] before-its-too-late (1023a967-28f1-41b6-b7e5-9d7ae679a3b7) via didascalie_img
  PRIMA: "(foto archivio Ombre e Luci)"
  DOPO:  "(photo from Ombre e Luci archives)"
[en] two-documentaries-on-survival-chernobyl-and-afghanistan (1059bf2b-fc58-4cb6-8a70-6e5d681f001a) via didascalie_img
  PRIMA: "Una scena di \"I'm so Sorry\" (Liang Zhao, 2021)"
  DOPO:  "A scene from \"I'm so Sorry\" (Liang Zhao, 2021)"
[en] come-down-a-little-farther (1075c83e-ad7e-4590-9b4c-596f25ec428d) via didascalie_img
  PRIMA: "Chicca in braccio a Luis Sancalè (foto archivio Ombre e Luci, 1990)"
  DOPO:  "Chicca in the arms of Luis Sancalè (photo from Ombre e Luci archives, 1990)"
[en] paola-came-to-live-with-us-comunita-nicodemo (108571d5-b00a-4a4f-a301-29ccd50c3fd8) via didascalie_img
  PRIMA: "L'entrata sul carretto di una famiglia nella comunità - Comunità Nicoldemo - Condominio Solidale - Ombre e Luci n.75 - 2002"
  DOPO:  "The entrance on the cart of a family in the community - Nicodemus Community - Solidarity Condominium - Shadows and Lights n.75 - 2002"
[en] me-really-me (109a7e81-4089-419a-9b12-ebf18d31cc23) via didascalie_img
  PRIMA: "In cammino (foto archivio Ombre e Luci)"
  DOPO:  "On the way (photo from Ombre e Luci archives)"
[en] healing-through-listening (10ef3460-24a4-4e34-97a5-e5a542456be5) via didascalie_img
  PRIMA: "Le recensioni di Ombre e Luci"
  DOPO:  "Ombre e Luci Reviews"
[en] our-two-meter-puppy (110190a5-256a-4288-90f2-b578be5a8cb7) via didascalie_img
  PRIMA: "(foto archivio Ombre e Luci)"
  DOPO:  "(photo from Ombre e Luci archives)"
[en] in-darios-house (1107909f-6894-4d01-8e11-a782473d3993) via didascalie_img
  PRIMA: "(foto archivio Ombre e Luci)"
  DOPO:  "(photo from Ombre e Luci archives)"
[en] we-are-grateful-for-this-the-story-of-giannis-parents (112034be-b006-4429-bd79-397652e8eaea) via didascalie_img
  PRIMA: "Ombre e Luci n 69"
  DOPO:  "Shadows and Lights n. 69"
[en] who-knows-the-silent-strength-of-fathers-a-voice-often-unheard (116bf671-f0b9-4cfc-b350-79ab1b9ec6ea) via didascalie_img
  PRIMA: "Paolo con la figlia Maria Francesca (Foto archivio Ombre e Luci)"
  DOPO:  "Paolo with his daughter Maria Francesca (Photo from Ombre e Luci archives)"
[en] where-else-but-in-the-church (1182149c-a8d2-4238-9409-7ad33f659acd) via didascalie_img
  PRIMA: "(foto archivio Ombre e Luci, 1989)"
  DOPO:  "(photo from Ombre e Luci archive, 1989)"
[en] friday-gatherings (11877a7e-5daa-49cc-a7f1-c37745cee9a2) via didascalie_img
  PRIMA: "Immagina tratta da Insieme n.8 - 1976 (archivio Ombre e Luci)"
  DOPO:  "Image from Insieme no. 8 - 1976 (Ombre e Luci archive)"
[en] finding-my-own-way-one-womans-path-to-independence (1189dbd8-c3ac-47b0-a9c1-1297df1f4b21) via didascalie_img
  PRIMA: "Antonietta Pantone - In cammino verso l'autonomia personale"
  DOPO:  "Antonietta Pantone - On the Path to Personal Autonomy"
[en] fragility-on-screen-what-to-watch-from-romes-film-festival (11f71b47-1e9d-43fb-86d1-1743e3fcc60c) via didascalie_img
  PRIMA: "Neil Sutton e Mark Ruffalo nel primo episodio di \"Tutta la luce che non vediamo\"(2023)"
  DOPO:  "Neil Sutton and Mark Ruffalo in the first episode of \"All the Light We Cannot See\" (2023)"
[en] after-were-gone (120dfaa0-2baa-48ee-b9ef-a8b9b54c4f05) via didascalie_img
  PRIMA: "(Foto Claudio Carozzi, 1991)"
  DOPO:  "(Photo by Claudio Carozzi, 1991)"
[en] the-gift-of-walking-together (121e319f-22a9-43e0-87ac-8b9af8e41281) via didascalie_img
  PRIMA: "Camminando, tenendosi per mano (Campo Alfedena 1977, foto archivio Ombre e Luci)"
  DOPO:  "Walking, holding hands (Campo Alfedena 1977, Ombre e Luci archive photo)"
[en] a-handbook-on-disability (12d163a2-5a41-4fec-b05f-874ab5a543f0) via didascalie_img
  PRIMA: "Le recensioni di Ombre e Luci"
  DOPO:  "Ombre e Luci reviews"
[en] the-people-behind-the-scenes (133a08f5-b087-41f3-944d-c11fbb80b578) via didascalie_img
  PRIMA: "Lucio Massari, La sacra famiglia che stende il bucato (1620, particolare)"
  DOPO:  "Lucio Massari, The Holy Family Hanging Laundry (1620, detail)"
[en] five-acts (134468e6-6780-4747-a582-bcbee54b1c65) via didascalie_img
  PRIMA: "(foto archivio Ombre e Luci)"
  DOPO:  "(photo from Ombre e Luci archives)"
[en] open-dialogue-no-155 (138f303e-3256-4818-9467-5d90d1c74deb) via didascalie_img
  PRIMA: "Sempre meglio parlarne, no? (foto archivio Ombre e Luci)"
  DOPO:  "Better to talk about it, right? (photo from Ombre e Luci archives)"
[en] earth-and-dust-when-two-discarded-lives-find-each-other (13a50121-17d2-4257-bf9b-4046243baf76) via didascalie_img
  PRIMA: "Renlin Wu e Hai-Qing in una scena del film Terra e Polvere (2022)"
  DOPO:  "Renlin Wu and Hai-Qing in a scene from the film Earth and Ash (2022)"
[en] living-ordinary-lives (13b0dc07-16a6-43dc-9b6b-53d18efd4f7e) via didascalie_img
  PRIMA: "Suor Veronica Donatelli (foto <a href=\"https://www.agensir.it/suorveronicadonatelli_8187/\" target=\"_blank\" rel=\"noopener\">SIR/Marco Calvarese</a>)"
  DOPO:  "Sister Veronica Donatelli (photo <a href=\"https://www.agensir.it/suorveronicadonatelli_8187/\" target=\"_blank\" rel=\"noopener\">SIR/Marco Calvarese</a>)"
[en] stopping-choosing-making-a-difference (13c8bbb8-1279-4bb6-a06b-b5f08f5eaa41) via didascalie_img
  PRIMA: "La veglia al Santuario di Pompei durante il pellegrinaggio di Fede e Luce"
  DOPO:  "The vigil at the Sanctuary of Pompeii during the Faith and Light pilgrimage"
[en] anna-smiles-in-the-rain (13ee38e3-5956-48ba-81b6-bb2ecdca90e7) via didascalie_img
  PRIMA: "Copertina \"Anna che sorride alla pioggia\""
  DOPO:  "Cover of \"Anna Smiling at the Rain\""
[en] take-and-eat-all-of-you (14005719-6487-4a95-8dd6-f454a6f295f5) via didascalie_img
  PRIMA: "(foto archivio Ombre e Luci, 2013)"
  DOPO:  "(photo from Ombre e Luci archives, 2013)"
[en] hope-in-everyday-life-raising-our-son-with-myopathy (140dd084-83a8-4209-8f12-d7766832ad1e) via didascalie_img
  PRIMA: "(foto archivio Ombre e Luci, 1992)"
  DOPO:  "(photo from Ombre e Luci archives, 1992)"
[en] don-zeno-the-obedient-rebel (141aeade-2a97-4fd3-9e32-c0e69579b893) via didascalie_img
  PRIMA: "Don zeno: obbedientissimo ribelle - Recensione - Ombre e Luce n. 96, 2006"
  DOPO:  "Don Zeno: Most Obedient Rebel - Review - Shadows and Light no. 96, 2006"
[en] better-to-dance-than-rage (142e811d-66d4-4539-b739-29a108d17b7a) via didascalie_img
  PRIMA: "Benedetta al matrimonio dell'amico Giacomo"
  DOPO:  "Benedetta at the wedding of her friend Giacomo"
[en] my-god-how-hard-it-is-to-live-through-suffering (1439daa1-1730-4451-bf5e-523cf6c709ad) via didascalie_img
  PRIMA: "Sabina con i suoi genitori (foto archivio Ombre e Luci)"
  DOPO:  "Sabina with her parents (photo from Ombre e Luci archives)"
[en] and-i-stayed (144b24cf-d276-45cc-a5d7-a2729d432b5b) via didascalie_img
  PRIMA: "Egle Bottega, direttrice del Centro Formazione Professionale dell'Opera Francescana Charitas, con Bruno"
  DOPO:  "Egle Bottega, director of the Professional Training Center of Opera Francescana Charitas, with Bruno"
[en] fans-of-access (145332d3-73ad-4559-aad0-d1b08f3affff) via didascalie_img
  PRIMA: "Foto gruppo Lupi a rotelle allo stadio"
  DOPO:  "Photo of Roller Skates Wolves group at the stadium"
[en] how-insieme-was-born-the-newsletter-of-faith-and-light (149323a3-0c4e-4ec5-9e56-0940b4b4f1f8) via didascalie_img
  PRIMA: "Alcune mamme con i loro figli a Lourdes nel 1972"
  DOPO:  "Some mothers with their children at Lourdes in 1972"
[en] objects-tell-storiesextraordinary-tales-of-ordinary-things-a-review (14e1946a-b2aa-48d7-9d85-5626b04866cf) via didascalie_img
  PRIMA: "Gli oggetti raccontano - Storie straordinarie di oggetti comuni - Recensione  - Ombre e Luci n.93, 2006"
  DOPO:  "Objects Tell Stories - Extraordinary Stories of Ordinary Objects - Review - Shadows and Lights No. 93, 2006"
[en] helping-him-become-a-man (14fa6e37-042c-4c3e-acf6-ffcddbfa0f9a) via didascalie_img
  PRIMA: "(foto archivio Ombre e Luci)"
  DOPO:  "(photo from Ombre e Luci archive)"
[en] my-child-with-down-syndrome (1515bba4-c963-44f5-86bc-90ea0316b324) via didascalie_img
  PRIMA: "(foto archivio Ombre e Luci)"
  DOPO:  "(photo from Ombre e Luci archives)"
[en] the-fight-for-inclusion-a-book-review (15170f09-865d-4282-a82b-ad02470de35f) via didascalie_img
  PRIMA: "«Lotta per l'inclusione» - Enrichetta Alimena (Erickson, 2021)"
  DOPO:  "\"The Fight for Inclusion\" - Enrichetta Alimena (Erickson, 2021)"
[en] fede-e-luce-we-are-here-too (155bed73-fdde-44ba-ac2e-2abdd7e50af3) via didascalie_img
  PRIMA: "La bamdiera di Fede e Luce (foto archivio Ombre e Luci)"
  DOPO:  "The Fede e Luce flag (photo from Ombre e Luci archives)"
[en] when-an-afternoon-lasts-forty-years (1570ca21-c400-4029-a847-413f56318712) via didascalie_img
  PRIMA: "Il cortile della sede di Fede e Luce e Ombre e Luci durante la festa dei quarant'anni del giornale"
  DOPO:  "The courtyard of the Faith and Light and Shadows and Lights headquarters during the newspaper's fortieth anniversary celebration"
[en] a-letter-of-hope-to-parents (157648a7-249d-4046-b611-261b26de651a) via didascalie_img
  PRIMA: "Marco Conlangione (foto archivio Ombre e Luci, 1990)"
  DOPO:  "Marco Conlangione (photo from Ombre e Luci archives, 1990)"
[en] the-blind-man-who-didnt-want-to-see-titanic (15909db2-e4a5-4db1-97df-fa03cdae6840) via didascalie_img
  PRIMA: "Un'immagine dal film \"Il cieco che non voleva vedere Titanic\" (I Wonder Pictures)"
  DOPO:  "An image from the film \"The Blind Man Who Did Not Want to See Titanic\" (I Wonder Pictures)"
[en] open-forum-no-74 (15932eb0-e5fa-4d8a-bd1b-bf8cb7951aec) via didascalie_img
  PRIMA: "Sempre meglio parlarne, no? (foto archivio Ombre e Luci)"
  DOPO:  "Better to talk about it, right? (photo from Ombre e Luci archive)"
[en] close-your-eyes-and-look-at-me-living-disability-in-the-family-a-review (16090483-552f-4cc9-a344-4e202395be04) via didascalie_img
  PRIMA: "Copertina \"Chiudi gli occhi e guardami\"(archivio Ombre e Luci, 2013)"
  DOPO:  "Cover of \"Close Your Eyes and Look at Me\" (Ombre e Luci archive, 2013)"
[en] praying-on-a-chair-both-grand-and-simple (1679d60b-d981-49b1-9d2e-61f25d7cef21) via didascalie_img
  PRIMA: "Mariangela Bertolini (foto archivio Ombre e Luci)"
  DOPO:  "Mariangela Bertolini (photo from Ombre e Luci archives)"
[en] never-stop-believing-a-review (16b5c928-dacd-4086-ab50-db5c2cd8166f) via didascalie_img
  PRIMA: "Copertina \"Non smettere di crederci mai\""
  DOPO:  "Cover \"Never Stop Believing\""
[en] scouting-and-disability (16d9cc83-d4f6-4b3c-9fb8-6da9ab31b7ec) via didascalie_img
  PRIMA: "Le recensioni di Ombre e Luci"
  DOPO:  "The reviews of Ombre e Luci"
[en] what-makes-something-truly-voluntary (16fad091-3bf3-4728-8c3f-82aad58dad2e) via didascalie_img
  PRIMA: "In cerchio ad un campo Fede e Luce (foto archivio Ombre e Luci)"
  DOPO:  "In a circle at a Faith and Light gathering (photo from Ombre e Luci archives)"
[en] from-the-provinces-issue-130 (171fdd93-6e7e-4b5a-aebe-c86db4a551d3) via didascalie_img
  PRIMA: "Le provincie di Fede e Luce"
  DOPO:  "The provinces of Faith and Light"
[en] a-cradle-of-words-meeting-lifes-difficult-beginnings (17551cbe-8b3b-4491-b0b7-88518c7b37f5) via didascalie_img
  PRIMA: "Culla di parole - Ombre e Luci n.96, 2006"
  DOPO:  "Cradle of Words - Shadows and Lights n.96, 2006"
[en] high-school-with-rett-syndrome (1759d0f2-0af9-42a7-bb56-8aa8b42f14aa) via didascalie_img
  PRIMA: "Valentina con l’assistente dello scuolabus"
  DOPO:  "Valentina with the school bus assistant"
[en] we-are-people-too (17911b94-569b-41f9-ae7a-2805af169000) via didascalie_img
  PRIMA: "(foto archivio Ombre e Luci, 1991)"
  DOPO:  "(photo from Ombre e Luci archive, 1991)"
[en] the-light-of-community-lives-in-us (17c8d645-476f-4d9b-be5a-3ea2cde91c34) via didascalie_img
  PRIMA: "Giovanni Grossi in piscina durante il campo \"Hikari\" di Fede e Luce"
  DOPO:  "Giovanni Grossi in the swimming pool during the \"Hikari\" camp of Faith and Light"
[en] open-dialogue-no-142 (17d971e7-b8a2-4d30-b2e0-ae0fdb8a7d46) via didascalie_img
  PRIMA: "Sempre meglio parlarne, no? (foto archivio Ombre e Luci)"
  DOPO:  "Always better to talk about it, right? (photo from Ombre e Luci archives)"
[en] the-tuscolana-is-not-dragoncello (17e16d4e-524f-432b-bb01-3eca3be0275d) via didascalie_img
  PRIMA: "Antonietta e Sara"
  DOPO:  "Antonietta and Sara"
[en] four-pages-in-voice-a-listeners-guide (17f1575d-1f4e-4e06-a479-78aef86e31ab) via didascalie_img
  PRIMA: "\"Quattro Pagine in Voce\" a cura di Giulia Galeotti (Radio Vaticana, 2024)"
  DOPO:  "\"Four Pages in Voice\" edited by Giulia Galeotti (Vatican Radio, 2024)"
[en] fragile-lives-a-path-to-unity (1849144b-8753-423e-a708-89bfc10ae822) via didascalie_img
  PRIMA: "(foto archivio Ombre e Luci, 1990)"
  DOPO:  "(photo from Ombre e Luci archive, 1990)"
[en] another-year-begins (18618fef-3e0f-495b-8f40-16a20381a6e7) via didascalie_img
  PRIMA: "Giovanni Grossi alla Bicoca (2017, foto archivio Ombre e Luci)"
  DOPO:  "Giovanni Grossi at the Bicoca (2017, photo from Ombre e Luci archives)"
[en] breath-by-breath-yoga-for-children-and-adolescents-with-special-needs (1874f551-23cb-49ec-8b5b-52020ef9a09a) via didascalie_img
  PRIMA: "Ylenia Malti insegnate di yoga per bambini e adolescenti con bisogni speciali"
  DOPO:  "Ylenia Malti, yoga teacher for children and adolescents with special needs"
[en] piero-and-the-butterfly-caterpillara-review (1994170b-910c-43f8-8762-477b88ac0b4a) via didascalie_img
  PRIMA: "Copertina \"Piero e il bruco farfalla\""
  DOPO:  "Cover \"Piero and the Butterfly Caterpillar\""
[en] hikari-a-family (199ed12c-484b-40e9-8cde-e7d87d6f350c) via didascalie_img
  PRIMA: "Le recensioni di Ombre e Luci"
  DOPO:  "Ombre e Luci Reviews"
[en] friends-in-paradise-a-review (19add60c-3c68-4393-8618-19bbb7d6edb2) via didascalie_img
  PRIMA: "Copertina \"Ho amici in Paradiso\""
  DOPO:  "Cover \"I Have Friends in Paradise\""
[en] out-of-focus-a-review (19b3f857-ecb0-4536-94e3-d400672b3fed) via didascalie_img
  PRIMA: "Copertina di \"Fuori fuoco\" di Chiara Carminati (Bompiani, 2023)"
  DOPO:  "Cover of \"Out of Focus\" by Chiara Carminati (Bompiani, 2023)"
[en] hope-under-strain (1a1adbc1-a5e1-4efd-b90d-becaf66543bf) via didascalie_img
  PRIMA: "(foto archivio Ombre e Luci)"
  DOPO:  "(Photo from Ombre e Luci archives)"
[en] everyone-gives-everyone-receives (1a4aea06-ea55-458e-8b44-89f0ec44c923) via didascalie_img
  PRIMA: "Laboratorio espressivo nella sala polifunzionale di Casa Ilaria (Foto Casa Ilaria)"
  DOPO:  "Expressive workshop in the multipurpose room of Casa Ilaria (Photo Casa Ilaria)"
[en] il-carro-a-home-for-everyone (1a87916f-1c07-45cb-887c-0e5b049aaa06) via didascalie_img
  PRIMA: "Durante una Messa al Carro (foto archivio Ombre e Luci)"
  DOPO:  "During a Mass at the Carro (photo from Ombre e Luci archives)"
[en] its-worth-living (1addc51e-4eb7-4033-a050-34e09daeb2ae) via didascalie_img
  PRIMA: "Le recensioni di Ombre e Luci"
  DOPO:  "Ombre e Luci's Reviews"
[en] a-transformation-from-below (1b316ccd-f481-44b9-8662-38d98c29e6d0) via didascalie_img
  PRIMA: "Arturo Nathan, Il ghiaccio del mare (1928)"
  DOPO:  "Arturo Nathan, The Ice of the Sea (1928)"
[en] running-toward-francis (1b5898ca-bba1-47ac-89f6-c0c97ca49044) via didascalie_img
  PRIMA: "Foto tratta dal video della \"Orquesta Sinamune\""
  DOPO:  "Photo taken from the \"Orquesta Sinamune\" video"
[en] finding-dory-review (1b7e82b7-7c94-47cf-81c4-4a88d8ad2f80) via didascalie_img
  PRIMA: "Un'immagine dal film \"Alla ricerca di Dory\" (©Walt Disney Studios Motion Pictures)"
  DOPO:  "An image from the film \"Finding Dory\" (©Walt Disney Studios Motion Pictures)"
[en] beneath-the-clocks-eye-review (1b95d37a-c763-4372-bc66-8e437dcb01a2) via didascalie_img
  PRIMA: "Le recensioni di Ombre e Luci"
  DOPO:  "Ombre e Luci's Reviews"
[en] what-if-we-rethought-the-shopping-trip (1bb28312-c33f-45b8-baf1-e4d30368fe17) via didascalie_img
  PRIMA: "Cartello dell'iniziativa «Noi siamo amici di ScopriAMO l'autismo» in un supermercato Elite di Nettuno (RM)"
  DOPO:  "Sign for the initiative \"We are friends of DiscoverING autism\" in an Elite supermarket in Nettuno (RM)"
[en] keeping-the-circle (1bb5f3a1-3163-493f-aa3c-54201e15090a) via didascalie_img
  PRIMA: "Angela Gattulli passa il testimone a Pietro Vetro come presidente dell'Associazione Fede e Luce onlus"
  DOPO:  "Angela Gattulli passes the baton to Pietro Vetro as president of the Faith and Light Association nonprofit"
[en] venice-82-when-reality-follows-you-into-the-cinema (1bba0938-8b3e-4433-ae66-2703f3d6c39b) via didascalie_img
  PRIMA: "Father Mother Sister Brother, di Jim Jarmush, vincitore del Leone d'oro Venezia 82"
  DOPO:  "Father Mother Sister Brother, by Jim Jarmusch, winner of the Golden Lion Venice 82"
[en] the-other-people-living-with-disability (1c29b5e9-102b-4f91-94f7-be57aba8692d) via didascalie_img
  PRIMA: "Le recensioni di Ombre e Luci"
  DOPO:  "Ombre e Luci Reviews"
[en] jean-vanier-and-larche-a-communion-of-love (1c68a08a-0344-47b2-a674-f7cd918b7dfb) via didascalie_img
  PRIMA: "Le recensioni di Ombre e Luci"
  DOPO:  "Ombre e Luci Reviews"
[en] remembering-nicole-the-most-honest-gift-is-the-gift-of-yourself (1ce235e5-544c-4ea4-afcb-deff7cd1ee2d) via didascalie_img
  PRIMA: "Nicole Schulthes - Ombre e Luci n.97, 2007"
  DOPO:  "Nicole Schulthes - Shadows and Lights no. 97, 2007"
[en] happy-christmas (1d1afe16-4e5a-43bc-9036-ce7ab67e6476) via didascalie_img
  PRIMA: "(foto archivio Ombre e Luci)"
  DOPO:  "(photo from Ombre e Luci archive)"
[en] trapped-a-boys-journey-with-attention-deficit-disorder-without-hyperactivity (1d2edaa9-c992-4462-9ff1-1858e07f9082) via didascalie_img
  PRIMA: "Come in trappola - Ombre e Luci n.97, 2007"
  DOPO:  "Caught in a Trap - Shadows and Lights n.97, 2007"
[en] tell-me-about-the-sea-inside-you-raising-an-autistic-son (1d45de13-f13a-4116-8f39-c10b29816d45) via didascalie_img
  PRIMA: "Copertina \"Racconta il mare che hai dentro\""
  DOPO:  "Cover \"Tell the Sea Inside You\""
[en] a-fathers-camino-walking-side-by-side-with-my-autistic-son (1d83786b-d3b2-4826-8642-525223f2b225) via didascalie_img
  PRIMA: "Lucio e suo figlio Rosario a Santiago"
  DOPO:  "Lucio and his son Rosario in Santiago"
[en] the-deaf-republica-review (1d9f7a3d-1bc9-4fd8-abc0-e18ecf309bbd) via didascalie_img
  PRIMA: "Copertina di Repubblica sorda (La nave di Teseo, 2021)"
  DOPO:  "Cover of Repubblica sorda (La nave di Teseo, 2021)"
[en] news-from-the-regions-no-142 (1db31d35-0c12-4eb5-8a0e-89140dd5f601) via didascalie_img
  PRIMA: "Le provincie di Fede e Luce"
  DOPO:  "The dioceses of Faith and Light"
[en] all-together (1dcee5cf-cf14-499b-a7bb-5263bfea9a5b) via didascalie_img
  PRIMA: "Festeggiamenti al campo Fede e Luce di Castellamare di Stabia (foto archivio Ombre e Luci)"
  DOPO:  "Celebrations at the Fede e Luce field in Castellamare di Stabia (Shadows and Lights archive photo)"
[en] a-token-of-freedombook-review (1de92e37-a058-4226-a0eb-4e1bc535dbb1) via didascalie_img
  PRIMA: "Coprtina \"Un gettone di libertà\""
  DOPO:  "Cover \"A Token of Freedom\""
[en] how-to-help-your-child-behave-well (1deff2d4-ae54-4da0-821b-c345d92f02b7) via didascalie_img
  PRIMA: "Piccolo vademecum per genitori di bambini con ADHD (e qualche idea per gli altri) - - Ombre e Luci n.97, 2007"
  DOPO:  "Small handbook for parents of children with ADHD (and a few ideas for the others) - - Shadows and Lights no. 97, 2007"
[en] a-little-madness-to-work-wonders (1e069b06-bc9c-4683-b6b1-93701fdb316f) via didascalie_img
  PRIMA: "Don Storri dell'Associazione \"I SempreVivi\" (foto archivio Ombre e Luci, 2013)"
  DOPO:  "Don Storri of the Association \"I SempreVivi\" (photo from Ombre e Luci archive, 2013)"
[en] the-gospel-of-the-defeateda-review (1e339d1c-b660-44d8-ad8f-c59c3660b82d) via didascalie_img
  PRIMA: "Copertina \"Il vangelo dei vinti\""
  DOPO:  "Cover of \"The Gospel of the Vanquished\""
[en] a-birthday-evening-with-friends (1e3d2edb-b37e-4c2b-978a-8fd01b247dbe) via didascalie_img
  PRIMA: "Una serata in pizzeria tra amici di Fede e Luce"
  DOPO:  "An evening at the pizzeria among Friends of Light friends"
[en] pippos-kitchen (1e788f0c-d97e-4ec4-8861-2b2b5be2f2e3) via didascalie_img
  PRIMA: "Il laboratorio \"Le pappe di Pippo\" alla Famiglia della Gioia"
  DOPO:  "The \"Le pappe di Pippo\" workshop at Famiglia della Gioia"
[en] were-you-thinking-of-me (1eac137b-7f37-40d6-ac14-94f78041822a) via didascalie_img
  PRIMA: "Casa Chala"
  DOPO:  "Chala House"
[en] my-eyes-and-heart-witnessed-wonder (1ed3d60f-26fa-4a31-a318-99a0f437df61) via didascalie_img
  PRIMA: "L’equipe italiana (foto archivio Ombre e Luci)"
  DOPO:  "The Italian team (photo Ombre e Luci archive)"
[en] a-son-for-five-days (1ed54552-4e67-4fdc-b199-c2fa27edcb1a) via didascalie_img
  PRIMA: "Le recensioni di Ombre e Luci"
  DOPO:  "Ombre e Luci Reviews"
[en] year-end-pizza (1ef0a000-12a5-4f6c-ba51-f681537041e4) via didascalie_img
  PRIMA: "(foto archivio Ombre e Luci)"
  DOPO:  "(photo from Ombre e Luci archives)"
[en] a-child-with-down-syndrome-is-borna-guide-for-parents (1efae921-3d84-4540-8f77-d30d28fadad0) via didascalie_img
  PRIMA: "Le recensioni di Ombre e Luci"
  DOPO:  "Ombre e Luci Reviews"
[en] far-east-film-festival-2024-two-films-on-fragility-from-hong-kong-and-taiwan (1f118e23-3e28-46bf-b81c-7a30521a32bd) via didascalie_img
  PRIMA: "\"Trouble Girl\" di Chin Chia-hua (2023)"
  DOPO:  "\"Trouble Girl\" by Chin Chia-hua (2023)"
[en] life-reflections-on-disability-culture (1f134e16-50c6-4783-a424-8d98063f5e0d) via didascalie_img
  PRIMA: "Le recensioni di Ombre e Luci"
  DOPO:  "The reviews of Shadows and Lights"
[en] berlinale-74-cinema-disability-and-the-limits-of-representation (1f2f3992-4733-4ac4-9c91-7061349981d6) via didascalie_img
  PRIMA: "Sebastian Stan, Renate Reinsve, Adam Pearson in \"A different man\", di Aaron Schimberg (2024)"
  DOPO:  "Sebastian Stan, Renate Reinsve, Adam Pearson in \"A Different Man,\" directed by Aaron Schimberg (2024)"
[en] already-our-son (1f5a640d-ddb0-4197-86ff-92ad88306a3b) via didascalie_img
  PRIMA: "Famiglia Catapano"
  DOPO:  "Catapano Family"
[en] disability-a-border-to-cross (1f6b6e0c-aa64-4e51-8353-41ef8ff4d34e) via didascalie_img
  PRIMA: "Foto di Will Francis su Unsplash"
  DOPO:  "Photo by Will Francis on Unsplash"
[en] they-kept-staring (1fa6a22d-0340-40a8-8c1e-f9d54aa808a5) via didascalie_img
  PRIMA: "Chicca e Nanni (foto archivio Ombre e Luci)"
  DOPO:  "Chicca and Nanni (photo from Ombre e Luci archive)"
[en] ndangwini-a-home-where-family-exists (1fc0fc43-3e31-4959-b130-3550b439599b) via didascalie_img
  PRIMA: "(foto Elisabetta Aglianò)"
  DOPO:  "(photo by Elisabetta Aglianò)"
[en] thank-you-saint-francis-for-walking-with-us (1fe1fdbe-a404-40d6-902d-3fab90dae7a5) via didascalie_img
  PRIMA: "Padre Enrico Cattaneo (foto archivio Ombre e Luci)"
  DOPO:  "Fr. Enrico Cattaneo (photo from Ombre e Luci archives)"
[en] dear-cardinal-martini (1ff86253-eb07-4963-ac8b-3f28abe5755d) via didascalie_img
  PRIMA: "Foto di Jackson David su Unsplash"
  DOPO:  "Photo by Jackson David on Unsplash"
[en] off-to-congo (204ce616-f0b5-4de3-845e-45130fa8cacf) via didascalie_img
  PRIMA: "Andrea, Lela e Adele con due bambini del centro di Kinshasa in Congo"
  DOPO:  "Andrea, Lela and Adele with two children from the center in Kinshasa in Congo"
[en] to-educate-is-to-desire (206ba9cd-4b79-4486-b4f4-64dea6cc7c5c) via didascalie_img
  PRIMA: "(foto archivio Ombre e Luci, 1991)"
  DOPO:  "(photo from Ombre e Luci archives, 1991)"
[en] the-more-i-dig-the-more-i-find (20a0f2ab-42bb-4dab-a39b-a9a2ddb883f5) via didascalie_img
  PRIMA: "Prove musicali al \"Germoglio\" (foto archivio Ombre e Luci)"
  DOPO:  "Musical performances at \"Germoglio\" (photo archive Ombre e Luci)"
[en] when-parents-roll-up-their-sleeves (20b263e1-200c-42c9-bdc3-073bd95ab929) via didascalie_img
  PRIMA: "Inaugurazione della \"Cooperativa La Solidarietà\" - Carugate"
  DOPO:  "Opening of the \"Cooperativa La Solidarietà\" - Carugate"
[en] beyond-the-limit (20dcfa5f-5c9d-4099-9aeb-55001cdb1dcf) via didascalie_img
  PRIMA: "(foto archivio Ombre e Luci)"
  DOPO:  "(photo from Ombre e Luci archives)"
[en] the-workshop-where-good-news-gets-made (213b40f1-935e-4a95-a9f0-3d8cd6997672) via didascalie_img
  PRIMA: "Il Cantiere"
  DOPO:  "The Worksite"
[en] the-new-after-us-law-what-does-it-actually-do (21565281-6427-4aea-95d4-0c16b5ed1e5e) via didascalie_img
  PRIMA: "Foto di Mari Helin su Unsplash"
  DOPO:  "Photo by Mari Helin on Unsplash"
[en] merry-christmas-to-you-too (21da227d-36e5-4cb8-ac02-50d012bca19a) via didascalie_img
  PRIMA: "(foto archivio Ombre e Luci)"
  DOPO:  "(photo from Ombre e Luci archive)"
[en] the-poetry-of-the-stars (2220f01b-d4d2-43c9-9ab5-8dd330eab1c0) via didascalie_img
  PRIMA: "Nebulosa della Carena (NASA, ESA, CSA)"
  DOPO:  "Carina Nebula (NASA, ESA, CSA)"
[en] new-families-a-guide (2234035c-63f3-40d0-ab2b-d51356176388) via didascalie_img
  PRIMA: "(Foto Archivio Ombre e Luci)"
  DOPO:  "(Photo from Ombre e Luci Archives)"
[en] bishops-at-the-opening-of-faith-and-light-in-rome (229e0828-34d0-4129-84c2-46d52eff3ba4) via didascalie_img
  PRIMA: "Vescovi del Sinodo alla giornata di apertura di Fede e Luce - Ombre e Luci n.92, 2005"
  DOPO:  "Bishops of the Synod at the opening day of Faith and Light - Shadows and Lights n.92, 2005"
[en] parenting-and-disability-a-book-review (22cab029-69ff-4a51-b0e8-f4841c163894) via didascalie_img
  PRIMA: "Pedagogia dei genitori e disabilità Maria Rita Dal Molin e Maria Grazia Bettale - Ombre e Luci n.92, 2005"
  DOPO:  "Parenting and Disability: Maria Rita Dal Molin and Maria Grazia Bettale - Shadows and Lights no. 92, 2005"
[en] thank-you-ingrid-we-will-not-forget (22cec423-3375-4d37-955c-76a1ba265a8a) via didascalie_img
  PRIMA: "Grazie Ingrid - Ombre e Luci n.75 - 2002"
  DOPO:  "Thank you Ingrid - Shadows and Lights no. 75 - 2002"
[en] the-greatest-gift (22e3a281-798f-4ba5-9e27-9b72a3e43adf) via didascalie_img
  PRIMA: "Mariangela insieme a un gruppo di amici in occasione di un incontro di Fede e Luce in Polonia agli inizi degli anni 80"
  DOPO:  "Mariangela together with a group of friends on the occasion of a Faith and Light meeting in Poland in the early 1980s"
[en] irene-laura-gabrielea-growing-experience (230a4970-16ef-4e51-8552-f4a60be55bc5) via didascalie_img
  PRIMA: "(foto archivio Ombre e Luci)"
  DOPO:  "(photo from Ombre e Luci archive)"
[en] agendo-for-the-agenda-opens-to-civil-society (2348a3d6-0bb7-4136-b672-b01458d2e318) via didascalie_img
  PRIMA: "Foto © Fondazione CRT"
  DOPO:  "Photo © CRT Foundation"
[en] is-an-open-door-enough (2361822f-14d8-4e14-943e-3f7bcc702442) via didascalie_img
  PRIMA: "(foto archivio Ombre e Luci)"
  DOPO:  "(photo from Ombre e Luci archives)"
[en] whose-difficultytheirs-or-ours (2369c6fd-ed1b-47ab-8b4b-33f783332602) via didascalie_img
  PRIMA: "(foto archivio Ombre e Luci)"
  DOPO:  "(photo from Ombre e Luci archives)"
[en] open-dialogue-no-63-1998 (23ad53e9-e6d5-4765-a305-a3d5578cdf69) via didascalie_img
  PRIMA: "Sempre meglio parlarne, no? (foto archivio Ombre e Luci)"
  DOPO:  "Always better to talk about it, right? (photo from Ombre e Luci archives)"
[en] open-forum-no-70 (23e8ab4a-617c-4c9f-8bf0-44eaf39e3c45) via didascalie_img
  PRIMA: "Sempre meglio parlarne, no? (foto archivio Ombre e Luci)"
  DOPO:  "Always better to talk about it, right? (photo from Ombre e Luci archives)"
[en] everyone-gets-a-medal (23ebe0e5-cbdf-4fc5-a9ad-a9edec2f5842) via didascalie_img
  PRIMA: "(foto archivio Ombre e Luci)"
  DOPO:  "(photo from Ombre e Luci archives)"
[en] open-dialogue-no-43 (2426265a-924a-4409-bb51-5dec7cd0a633) via didascalie_img
  PRIMA: "Sempre meglio parlarne, no? (foto archivio Ombre e Luci)"
  DOPO:  "Always better to talk about it, right? (photo from Ombre e Luci archive)"
[en] open-dialogue-no-54 (244ce886-091f-415e-9a6d-8b54394715c9) via didascalie_img
  PRIMA: "Sempre meglio parlarne, no? (foto archivio Ombre e Luci)"
  DOPO:  "Always better to talk about it, right? (photo from Ombre e Luci archive)"
[en] villa-pizzone-an-open-gate (248d6334-0bea-4ba6-914d-b3d38bad1b47) via didascalie_img
  PRIMA: "Villa Pizzone  (foto archivio Ombre e Luci)"
  DOPO:  "Villa Pizzone (photo from Ombre e Luci archive)"
[en] a-special-seminar-the-courage-to-speak-with-them (248df56b-cab7-4edc-8f7e-9f3241c272db) via didascalie_img
  PRIMA: "Ombre e Luci n. 49, 1995"
  DOPO:  "Shadows and Lights no. 49, 1995"
[en] when-love-finds-you (24fba62c-96fe-42c1-a6a2-e9918a3a1492) via didascalie_img
  PRIMA: "Antonietta con il fidanzato Maurizio"
  DOPO:  "Antonietta with her fiancé Maurizio"
[en] faith-and-light-larche-ombre-e-luci (2510389e-2973-447f-beed-ec0856b087fa) via didascalie_img
  PRIMA: "Fede e Luce, l'Arca, Ombre e Luci - Ombre e Luci n.100, 2007"
  DOPO:  "Faith and Light, the Ark, Shadows and Lights - Shadows and Lights no. 100, 2007"
[en] sanremo-as-far-as-ive-seen-it-2 (25228e5d-0781-467f-bb7f-a91cac0e9d07) via didascalie_img
  PRIMA: "Sanremo fin dove l'ho visto - Davide Passeri - Podcast - Ombre e Luci"
  DOPO:  "Sanremo as far as I've seen it - Davide Passeri - Podcast - Shadows and Lights"
[en] three-stories-of-the-spirit-a-pastoral-letter-on-the-gifts-of-the-consoler (25d9ecf5-306d-495c-b62c-e45ef6195c7f) via didascalie_img
  PRIMA: "Le recensioni di Ombre e Luci"
  DOPO:  "Shadows and Lights reviews"
[en] after-school-in-a-roma-camp (2603081d-0eee-4ebb-894a-4f8de1d5e9d1) via didascalie_img
  PRIMA: "(foto Archvio Ombre e Luci)"
  DOPO:  "(photo Ombre e Luci Archive)"
[en] for-you-and-for-everyone-practical-steps-to-make-sure-no-one-feels-turned-away (2608c6ee-e045-4551-8cc8-2eb5e6fad42e) via didascalie_img
  PRIMA: "Piccoli consigli perché nessuno si senta rifiutato a Messa"
  DOPO:  "Small tips so that no one feels rejected at Mass"
[en] lourdes-a-miracle-of-encounter (26656443-a37e-4c5d-a79b-3cf7af1b9020) via didascalie_img
  PRIMA: "Friquette e Mariangela a Lourdes nel 1969 (archivio Ombre e Luci)"
  DOPO:  "Friquette and Mariangela in Lourdes in 1969 (Ombre e Luci archive)"
[en] faith-and-light-newsletter-no-13 (26794ddb-dc68-4d5f-87e7-2e804c9a4c2b) via didascalie_img
  PRIMA: "Immagina tratta da Insieme n.10 - 1976 (archivio Ombre e Luci)"
  DOPO:  "Image from Insieme no. 10 - 1976 (Ombre e Luci archives)"
[en] open-dialogue-no-65 (26892ac8-e820-4eee-96f8-1ce59da5e56b) via didascalie_img
  PRIMA: "Sempre meglio parlarne, no? (foto archivio Ombre e Luci)"
  DOPO:  "Always better to talk about it, right? (photo from Ombre e Luci archives)"
[en] toward-a-lasting-peace (26a39b45-8f3d-458e-adcf-4ca0e877837a) via didascalie_img
  PRIMA: "Spilletta con il logo di Fede e Luce disegnato da Meb"
  DOPO:  "Pin with the Faith and Light logo designed by Meb"
[en] testing-women-testing-the-fetus-book-review (27247de2-6c1c-4b03-8b23-bfe86b0017aa) via didascalie_img
  PRIMA: "Rayna Rapp, Testing Women, testing the Fetus, ed. Routledge, 2000"
  DOPO:  "Rayna Rapp, Testing Women, Testing the Fetus, ed. Routledge, 2000"
[en] eighteen-book-review (272a403a-2d98-40c4-ab01-aa0574de3897) via didascalie_img
  PRIMA: "Diciotto - Martina Fuga (Salani, 2024)"
  DOPO:  "Eighteen - Martina Fuga (Salani, 2024)"
[en] smiling-faces-are-welcome-a-review (274574d6-5b98-43cc-9748-d0d622779445) via didascalie_img
  PRIMA: "Copertina \"Sono graditi visi sorridenti\""
  DOPO:  "Cover \"Smiling Faces are Welcome\""
[en] open-forum-126 (27c5b4a5-317e-4be3-8190-8f3e513b4270) via didascalie_img
  PRIMA: "Sempre meglio parlarne, no? (foto archivio Ombre e Luci)"
  DOPO:  "Always better to talk about it, right? (photo from Ombre e Luci archives)"
[en] suitcase-no-baggage (27e59b2b-4756-4b8d-b363-1fc1ab391cd2) via didascalie_img
  PRIMA: "Alcuni momenti dello spettacolo della Compagnia della Mia Misura"
  DOPO:  "Some moments from the performance by Compagnia della Mia Misura"
[en] coming-of-age (27eccd19-8414-4370-8620-c911012cc859) via didascalie_img
  PRIMA: "Ombre e Luci n. 49, 1995"
  DOPO:  "Shadows and Lights no. 49, 1995"
[en] her-name-is-sara (2831be6c-9c66-4e57-a244-95b251452dfa) via didascalie_img
  PRIMA: "Foto archivio Ombre e Luci"
  DOPO:  "Photo archive Ombre e Luci"
[en] two-weeks-in-salento (28879367-2253-449e-a216-2bff1c730d8d) via didascalie_img
  PRIMA: "La spiaggia di Gallipoli in una sera d'estate (foto di Valeria Antonucci)"
  DOPO:  "Gallipoli beach on a summer evening (photo by Valeria Antonucci)"
[en] fede-e-luce-life-no-27 (289e9ff7-b888-45cb-af2a-8ed60bc3a8f2) via didascalie_img
  PRIMA: "Uno dei primi loghi del movimento Fede e Luce"
  DOPO:  "One of the first logos of the Faith and Light movement"
[en] living-in-poverty (28bdf2eb-2d38-4c57-9036-fe70e1382ba7) via didascalie_img
  PRIMA: "Vincent Van Gogh, I poveri, 1882"
  DOPO:  "Vincent Van Gogh, The Poor, 1882"
[en] digitizing-ombre-e-luci-a-family-album-comes-online (28d3268a-6ef5-42c1-a5f2-5992cc8e975e) via didascalie_img
  PRIMA: "Foto archivio Ombre e Luci"
  DOPO:  "Photo archive Ombre e Luci"
[en] a-floatie-water-and-courage (290a70d5-f18d-4441-a2d4-496003deef5b) via didascalie_img
  PRIMA: "(foto archivio Ombre e Luci)"
  DOPO:  "(photo from Ombre e Luci archive)"
[en] editorial-issue-1 (290f6567-c7e2-46e6-84c0-0e9ccf253feb) via didascalie_img
  PRIMA: "(foto archivio Ombre e Luci)"
  DOPO:  "(photo from Ombre e Luci archives)"
[en] sara-and-emilys-little-sparksa-review (29151e8d-74dd-4de1-bb60-19786c827327) via didascalie_img
  PRIMA: "Sara e le sbiruline di emily, copertina"
  DOPO:  "Sara and Emily's marbles, cover"
[en] and-this-is-nothing-a-review (293a9e37-f40a-42e9-a029-aee6e8d8c51c) via didascalie_img
  PRIMA: "Copertina del libro \"E questo è niente\" di Michele Cecchini (Bollati Boringhieri, 2021)"
  DOPO:  "Cover of the book \"And This is Nothing\" by Michele Cecchini (Bollati Boringhieri, 2021)"
[en] the-great-ferryman-a-life-in-points (2944928e-3062-4358-ac44-a6120c137cf4) via didascalie_img
  PRIMA: "Particolare dalla copertina di \n“Basaglia. Il dottore dei matti” di Andrea Laprovitera, Armando Miron  Polacco (Beccogiallo, 2021)"
  DOPO:  "Detail from the cover of \"Basaglia. The Doctor of the Mad\" by Andrea Laprovitera, Armando Miron Polacco (Beccogiallo, 2021)"
[en] why-shouldnt-gabriele-have-a-place (297ad8a9-bd78-4eb4-81da-ea8077b1a0e1) via didascalie_img
  PRIMA: "Don Michele Vulcan e Gabriele Filippi"
  DOPO:  "Don Michele Vulcan and Gabriele Filippi"
[en] from-the-rome-film-festival-five-films-on-disability-and-fragility-worth-watching (2994988f-bb77-486e-aa89-ae8df50aa1c6) via didascalie_img
  PRIMA: "Un particolare del manifesto della Festa del Cinema di Roma del 2023"
  DOPO:  "A detail of the poster for the 2023 Rome Film Festival"
[en] a-bishop-as-friend (29d11ae1-3a03-49f0-bcfd-94b5f9661a4d) via didascalie_img
  PRIMA: "Il cardinal Martini"
  DOPO:  "Cardinal Martini"
[en] open-dialogue-no-21 (2a03eb19-e0b3-4376-bc62-3d3c8511caa5) via didascalie_img
  PRIMA: "Sempre meglio parlarne, no? (foto archivio Ombre e Luci)"
  DOPO:  "Always better to talk about it, no? (photo from Ombre e Luci archives)"
[en] faith-and-light-report-from-the-international-gathering-at-versailles (2a228fbc-96c2-4acc-8a51-e3c4f238e26b) via didascalie_img
  PRIMA: "Immagina tratta da Insieme n.8 - 1976 (archivio Ombre e Luci)"
  DOPO:  "Image from Insieme no. 8 - 1976 (Ombre e Luci archives)"
[en] perhaps-its-because-of-my-sister (2a22af15-896e-4f0f-b6a2-b970122fe211) via didascalie_img
  PRIMA: "(foto archivio Ombre e Luci, 1990)"
  DOPO:  "(photo from Ombre e Luci archives, 1990)"
[en] all-children-are-special (2a316187-2fd5-46c0-a245-17c332ab5ffe) via didascalie_img
  PRIMA: "(foto archivio Ombre e Luci)"
  DOPO:  "(photo from Ombre e Luci archives)"
[en] the-care-of-love-review (2a31b7a8-8190-4977-81a3-794264094844) via didascalie_img
  PRIMA: "«La cura dell'amore» - Eva Feder Kittay (Vita&Pensiero, 2010)"
  DOPO:  "\"The Care of Love\" - Eva Feder Kittay (Vita&Pensiero, 2010)"
[en] fede-e-luce-life-and-light-issue-41 (2a7e42bb-031d-42e5-90b0-bd2bd4346641) via didascalie_img
  PRIMA: "Per la prima volta, la comunità di Rho ha festeggiato il Capodanno assieme: qualche giorno al lago e poi la grande serata, secondo il tema scelto, appunto le Haway!"
  DOPO:  "For the first time, the Rho community celebrated New Year's Eve together: a few days by the lake and then the big evening, following the chosen theme, the Hawaiians!"
[en] beautiful-but-useless-a-visit-to-trigoria (2ab1bfb3-2ed0-4e79-bab4-0847e41827c7) via didascalie_img
  PRIMA: "(foto archivio Ombre e Luci)"
  DOPO:  "(photo from Ombre e Luci archive)"
[en] a-ships-log (2aecf4ec-2406-4c44-8050-0efc53ab2165) via didascalie_img
  PRIMA: "Insieme Insieme 2, 1974 - Bollettino di Fede e Luce 1974"
  DOPO:  "Together Together 2, 1974 - Faith and Light Newsletter 1974"
[en] alzheimer-so-close-so-far-away (2b0cebd6-3695-45c5-b48d-b3c0cecbec4f) via didascalie_img
  PRIMA: "Alzheimer: così lontani e così vicini - Ombre e Luce n. 96, 2006"
  DOPO:  "Alzheimer: So Far Away and So Close - Shadows and Lights no. 96, 2006"
[en] open-dialogue-no-169 (2b16574f-09b2-495f-b770-21fa76feb1cb) via didascalie_img
  PRIMA: "Rubriche dialogo aperto"
  DOPO:  "Open Dialogue Columns"
[en] what-six-year-old-dario-understands-about-faith-and-light (2b2edcb0-97d8-460e-8716-d656e8eec1a9) via didascalie_img
  PRIMA: "(foto archivio Ombre e Luci)"
  DOPO:  "(photo from Ombre e Luci archives)"
[en] doing-the-fathers-will (2b310d8e-509b-4355-8d75-8c9f21fcd740) via didascalie_img
  PRIMA: "Una delle illustrazioni deUna delle illustrazioni dell'articolo (archivio Ombre e Luci)"
  DOPO:  "One of the illustrations from the article (Ombre e Luci archive)"
[en] i-am-a-mother-like-you (2b4a45f3-d8ec-41cd-a7d4-6a98cff932c1) via didascalie_img
  PRIMA: "(foto archivio Ombre e Luci, 1990)"
  DOPO:  "(photo from Ombre e Luci archives, 1990)"
[en] opening-our-hearts-to-other-families (2b5cfbf0-199b-43b1-ab15-ac636886e56e) via didascalie_img
  PRIMA: "Carla, Sante e Benedetta al Santuario di Aparecida, in Brasile. (foto archivio Ombre e Luci)"
  DOPO:  "Carla, Sante and Benedetta at the Sanctuary of Aparecida, in Brazil. (photo from Ombre e Luci archives)"
[en] lord-make-me-an-instrument-of-your-peace (2b9c702e-3034-4d6f-9432-2e216fc9468a) via didascalie_img
  PRIMA: "La processione offertoriale durante la Messa in Santa Chiara (foto archivio Ombre e Luci)"
  DOPO:  "The offertory procession during Mass in Santa Chiara (photo archive Ombre e Luci)"
[en] the-chicco (2bc4730d-ca5d-496e-ae77-98b4260ce8fa) via didascalie_img
  PRIMA: "SILVIA, quando, con Rita, nei primi tempi del suo soggiorno, imparava a \"socializzare\" - Ombre e Luci n. 64 - 1998 - Foto Guenda"
  DOPO:  "SILVIA, when, with Rita, in the early days of her stay, she was learning to \"socialize\" - Shadows and Lights no. 64 - 1998 - Photo by Guenda"
[en] mom-im-glad-i-was-born (2c057e7b-e0ce-46f4-89d8-1520e3c734fa) via didascalie_img
  PRIMA: "(foto archivio Ombre e Luci)"
  DOPO:  "(photo from Ombre e Luci archives)"
[en] not-for-profit-a-book-review (2c5eacb6-4ed8-4318-a6f6-dc2e6f050477) via didascalie_img
  PRIMA: "Copertina Nessun profitto di Nussbaum - Il Mulino"
  DOPO:  "Nussbaum No Profit Cover - Il Mulino"
[en] and-it-gets-lonely (2c7a1f8d-148b-47b6-aebb-39bf4edcd998) via didascalie_img
  PRIMA: "Caterina con il papà e la mamma (foto archivio Ombre e Luci)"
  DOPO:  "Caterina with her dad and mom (photo from Ombre e Luci archives)"
[en] siblings-a-book-review (2c8a631f-d8ec-4e52-b10d-72ae0436b59d) via didascalie_img
  PRIMA: "Copertina \"Siblings\""
  DOPO:  "Cover \"Siblings\""
[en] forever-elsewherea-review (2cc28c9b-4bba-4b89-b502-e121fb1d7801) via didascalie_img
  PRIMA: "«Per sempre, altrove» - Barbara Cagni (Fazi, 2022)"
  DOPO:  "\"Forever, Elsewhere\" - Barbara Cagni (Fazi, 2022)"
[en] being-the-father-of-a-child-with-a-disability (2d2e711b-657c-4495-9407-3ebd4133267b) via didascalie_img
  PRIMA: "(foto archivio Ombre e Luci)"
  DOPO:  "(photo from Ombre e Luci archive)"
[en] open-dialogue-40 (2d355ebb-ae7c-4a8b-8da6-bbafe3d4d71a) via didascalie_img
  PRIMA: "Sempre meglio parlarne, no? (foto archivio Ombre e Luci)"
  DOPO:  "Better to talk about it, right? (photo from Ombre e Luci archive)"
[en] despite-everything-a-few-disappointments (2d54f0c1-fbff-4009-b924-2b72ae1581c9) via didascalie_img
  PRIMA: "(foto archivio Ombre e Luci)"
  DOPO:  "(photo from Ombre e Luci archive)"
[en] the-right-to-life-before-birtha-review (2d66da88-73df-456e-b84d-f516aeec962f) via didascalie_img
  PRIMA: "Il diritto alla vita prima della nascita Romani Guardini - Ombre e Luci n.92, 2005"
  DOPO:  "The right to life before birth Romani Guardini - Shadows and Lights no. 92, 2005"
[en] an-institution-my-god (2d6df6f4-a019-43f9-b695-5bf13fcbf007) via didascalie_img
  PRIMA: "La grande famiglia di Philippine (foto archivio Ombre e Luci, 2013)"
  DOPO:  "Philippine's large family (photo from Ombre e Luci archives, 2013)"
[en] motherhood-and-disability (2d82a7d8-2851-4088-a439-ed6ea0ff7377) via didascalie_img
  PRIMA: "Le recensioni di Ombre e Luci"
  DOPO:  "Shadows and Lights Reviews"
[en] what-to-do-with-them-casa-del-sole-and-the-solidarity-center (2d859622-673c-4c02-810a-4b9dcaf82891) via didascalie_img
  PRIMA: "(foto archivio Ombre e Luci)"
  DOPO:  "(photo from Ombre e Luci archives)"
[en] every-disabled-person-is-our-child-an-interview-with-anffas (2dd67a48-46c5-4cda-854a-499fbd89b485) via didascalie_img
  PRIMA: "Daniela Cannistraci Responsabile Relazioni Istituzionali e Comunicazione dell'Anffas (immagine dal <a href=\"http://www.anffas.net/\" target=\"_blank\" rel=\"noopener\">sito dell'Associazione</a>)"
  DOPO:  "Daniela Cannistraci Head of Institutional Relations and Communication at Anffas (image from the <a href=\"http://www.anffas.net/\" target=\"_blank\" rel=\"noopener\">Association's website</a>)"
[en] places-of-relationship (2de7895c-68c1-40f6-982e-d91501e621b6) via didascalie_img
  PRIMA: "(foto Ilaria Gaggia)"
  DOPO:  "(photo by Ilaria Gaggia)"
[en] the-mystery-of-so-much-good (2e09eb40-ec3d-4b35-acb8-0770e3bd12da) via didascalie_img
  PRIMA: "Angelo Volpi (foto archivio Ombre e Luci)"
  DOPO:  "Angelo Volpi (photo from Ombre e Luci archives)"
[en] neither-he-nor-his-parents (2e254d5c-e6b8-42eb-9e4b-8be62b210601) via didascalie_img
  PRIMA: "Carlo Maria Martini (foto archivio Ombre e Luci)"
  DOPO:  "Carlo Maria Martini (photo from Ombre e Luci archives)"
[en] the-adult-with-mental-disability (2e3207fd-431e-4a00-8a65-170512568415) via didascalie_img
  PRIMA: "Le recensioni di Ombre e Luci"
  DOPO:  "Ombre e Luci's Reviews"
[en] a-special-child-in-the-family (2e4f94a7-e9b6-4521-bf57-094d750bd7ce) via didascalie_img
  PRIMA: "Le recensioni di Ombre e Luci"
  DOPO:  "Ombre e Luci Reviews"
[en] we-did-it (2e612649-8baf-49d2-9910-ecfa6f195bf0) via didascalie_img
  PRIMA: "La \"Cooperativa La Solidarietà\" in visita alla Disneyland francese"
  DOPO:  "The \"La Solidarietà Cooperative\" visiting French Disneyland"
[en] open-dialogue-no-61 (2e8566d3-5d52-4cbb-8255-a8bbefe3a50f) via didascalie_img
  PRIMA: "Sempre meglio parlarne, no? (foto archivio Ombre e Luci)"
  DOPO:  "Always better to talk about it, right? (photo from Ombre e Luci archives)"
[en] we-made-it (2ecb3c6d-6780-42df-9449-99d4cc48f91a) via didascalie_img
  PRIMA: "L'arrivo in Vaticano del gruppo di ciclisti (Foto Giampaolo Mattei)"
  DOPO:  "The arrival in Vatican of the group of cyclists (Photo by Giampaolo Mattei)"
[en] open-dialogue-no-86 (2ef086fe-b8f5-4763-bc39-fd20f5bbbffe) via didascalie_img
  PRIMA: "Catechesi, pane e vino, candele (foto archivio Ombre e Luci)"
  DOPO:  "Catechesis, bread and wine, candles (photo from Ombre e Luci archive)"
[en] our-family-and-disability (2f07b262-a22f-4742-b568-b9586c0c1cf1) via didascalie_img
  PRIMA: "(foto archivio Ombre e Luci, 1990)"
  DOPO:  "(photo from Ombre e Luci archives, 1990)"
[en] the-coordinating-team-how-it-works (2f09fc30-d844-4d32-91a7-ea875fc16e6b) via didascalie_img
  PRIMA: "(foto archivio Ombre e Luci, 1990)"
  DOPO:  "(photo from Ombre e Luci archives, 1990)"
[en] the-early-years-insieme-19741981 (2f1b0c9c-2d3a-4530-897d-8f1def7bd7fe) via didascalie_img
  PRIMA: "Dettaglio di una delle copertine dei primi numeri di \"Insieme\""
  DOPO:  "Detail of one of the covers from the early issues of \"Insieme\""
[en] two-films-on-fragility-at-turin-film-festival (2f358bcf-9d57-4a49-bc75-eae25620506e) via didascalie_img
  PRIMA: "\"Io sono un po' matto, e tu?\" di Dario D’Ambrosi (2023)"
  DOPO:  "\"I'm a bit crazy, and you?\" by Dario D'Ambrosi (2023)"
[en] the-challenge-of-larche (2f37dc00-3c75-4b4f-9049-78df5f3e3cbe) via didascalie_img
  PRIMA: "Le recensioni di Ombre e Luci"
  DOPO:  "Ombre e Luci Reviews"
[en] emiliana-and-disability (2f675def-e179-4878-a6ea-1acf144b8a85) via didascalie_img
  PRIMA: "Le recensioni di Ombre e Luci"
  DOPO:  "The reviews by Shadows and Lights"
[en] what-is-faith-and-light-a388 (2fe1c93f-bb6b-4d5e-8a97-cc5cd6a26304) via didascalie_img
  PRIMA: "(foto archivio Ombre e Luci)"
  DOPO:  "(photo from Ombre e Luci archives)"
[en] now-manuela-can (2ffba938-979b-4d0e-87cb-694b6b5c49f3) via didascalie_img
  PRIMA: "(foto archivio Ombre e Luci, 1992)"
  DOPO:  "(photo from Ombre e Luci archives, 1992)"
[en] dossier-refugees (300f6619-989f-4a5f-a38c-0c945745d295) via didascalie_img
  PRIMA: "(foto archivio Ombre e Luci)"
  DOPO:  "(photo from Ombre e Luci archives)"
[en] give-your-children-something-different (301d2e32-a6db-4712-94d4-bd64ff8fa7b1) via didascalie_img
  PRIMA: "Date ai figli cose diverse - Ombre e Luci n.89, 2005"
  DOPO:  "Give different things to your children - Shadows and Lights no. 89, 2005"
[en] my-first-victory (30412b47-315e-48ee-a366-28e29a976faf) via didascalie_img
  PRIMA: "Antonietta Pantone con al collo la sua prima medaglia"
  DOPO:  "Antonietta Pantone wearing her first medal around her neck"
[en] the-daughter-of-silence-review (306941f5-fa25-48c3-b38d-979a8207ea72) via didascalie_img
  PRIMA: "La figlia del silenzio | Recensione - Ombre e Luci n.99, 2007"
  DOPO:  "The Daughter of Silence | Review - Shadows and Lights n.99, 2007"
[en] one-child-one-year-one-family (30798a3c-033a-47a4-bb1c-3dd83dcf9b69) via didascalie_img
  PRIMA: "(foto archivio Ombre e Luci, 1989)"
  DOPO:  "(photo from Ombre e Luci archives, 1989)"
[en] blessings-when-everything-becomes-a-blessing (30882764-9dbc-45a4-bc5b-044f1b4ffe7e) via didascalie_img
  PRIMA: "Copertina - Blessings di Mary Craig - Ombre e Luci n.72, 2000"
  DOPO:  "Cover - Blessings by Mary Craig - Shadows and Lights no. 72, 2000"
[en] a-day-at-il-melograno (30b58589-684a-46e6-82c4-1b29c8621df6) via didascalie_img
  PRIMA: "Ombre e Luci n. 63 - 1998"
  DOPO:  "Shadows and Lights no. 63 - 1998"
[en] dressed-in-clouds (30bfdaf1-4a2c-4f89-a58b-18bd339148cb) via didascalie_img
  PRIMA: "Le recensioni di Ombre e Luci"
  DOPO:  "Shadows and Lights Reviews"
[en] the-alphabet-of-my-life (30c6277f-51f2-45f0-96ae-be2abf9c5389) via didascalie_img
  PRIMA: "Le recensioni di Ombre e Luci"
  DOPO:  "Ombre e Luci Reviews"
[en] there-are-no-words (30d95d7e-63b2-4c91-9d0e-2c3727fd68ab) via didascalie_img
  PRIMA: "Papa Francesco Fede e Luce Pellegrinaggio 2015"
  DOPO:  "Pope Francis Faith and Light Pilgrimage 2015"
[en] grandmas-beautiful-girl (30ede5b5-cf0f-4cfb-97d3-adee4ec63c50) via didascalie_img
  PRIMA: "(Foto Rossella Avanzati)"
  DOPO:  "(Photo by Rossella Avanzati)"
[en] open-letters (313bd308-8bd1-45eb-9b77-06d625bbb299) via didascalie_img
  PRIMA: "Sempre meglio parlarne, no? (foto archivio Ombre e Luci)"
  DOPO:  "Always better to talk about it, right? (photo from Ombre e Luci archives)"
[en] they-gave-me-a-dream (3148a033-5678-4c93-b6e3-10e566d8e7f6) via didascalie_img
  PRIMA: "Copertina \"Mi hanno regalato un sogno\""
  DOPO:  "Cover of \"They Gave Me a Dream\""
[en] encounters-a855 (315c2776-8bd5-437a-a995-69e757748c03) via didascalie_img
  PRIMA: "(Foto Archivio Ombre e Luci)"
  DOPO:  "(Photo from Ombre e Luci Archives)"
[en] four-of-us-the-il-roveto-community (3173cca1-317f-42e6-9d1c-87b986300a66) via didascalie_img
  PRIMA: "La Comunità \"Il Roveto\" Sant’Ilario di Nerviano in provincia di Milano - Ombre e Luci n.76 - 2001"
  DOPO:  "The \"Il Roveto\" Community in Sant'Ilario di Nerviano in the province of Milan - Shadows and Lights no. 76 - 2001"
[en] echoes-in-the-press (31bd1fc3-16f1-41b5-8009-0a1f7f91bf39) via didascalie_img
  PRIMA: "Immagina tratta da Insieme n.7 - 1975 (archivio Ombre e Luci)"
  DOPO:  "Image taken from Insieme n.7 - 1975 (Ombre e Luci archive)"
[en] nobody-expected-patrick-to-climb (31eece0a-48b4-4f31-8629-c50b3f5a746a) via didascalie_img
  PRIMA: "(foto archivio Ombre e Luci)"
  DOPO:  "(photo from Ombre e Luci archives)"
[en] andrea-in-the-classroom (3203844e-7284-47ab-a183-7b045eb2928e) via didascalie_img
  PRIMA: "A scuola (foto archivio Ombre e Luci)"
  DOPO:  "At school (photo from Ombre e Luci archives)"
[en] the-habit-of-living-twenty-years-in-an-iron-lung (3229f422-a98b-430c-80ee-36745a0f691a) via didascalie_img
  PRIMA: "Le recensioni di Ombre e Luci"
  DOPO:  "Ombre e Luci Reviews"
[en] how-the-first-fede-e-luce-little-house-was-born-paintbrushes-and-appendicitis (323e4b7f-1f51-4275-9d5e-7f45ffb19156) via didascalie_img
  PRIMA: "Disegni tratti da \"Insieme\" n.12 1977 (archivio Ombre e Luci)"
  DOPO:  "Drawings from \"Insieme\" n.12 1977 (Ombre e Luci archive)"
[en] it-was-hard-because-i-kept-thinking-of-him (32415cf6-26d6-4c3c-8b3c-372aacd3069b) via didascalie_img
  PRIMA: "Era difficile perché pensavo sempre a lui - Ombreeluci.it n.85"
  DOPO:  "It was difficult because I always thought of him - Ombreeluci.it n.85"
[en] viola-and-mimosa-no-139 (324720e8-ccae-41da-bfaa-e2404e8f84d4) via didascalie_img
  PRIMA: "Viola e Mimosa"
  DOPO:  "Violet and Mimosa"
[en] boundless-youth-a-film-about-remembering (32c4de1a-6f78-4d49-b19b-bdc8e9205b9c) via didascalie_img
  PRIMA: "Una scena del film \"Una sconfinata giovninezza\" (© 01 Distrubution)"
  DOPO:  "A scene from the film \"An Endless Youth\" (© 01 Distribution)"
[en] open-dialogue-no-109 (32c56f47-4e80-4930-9046-13457de11ece) via didascalie_img
  PRIMA: null
  DOPO:  "Better to talk about it, right? (photo from Ombre e Luci archives)"
[en] i-hardly-knew-them (32f6b811-1659-4c18-a527-7c382eb4318a) via didascalie_img
  PRIMA: "Foto di Vitolda Klein su Unsplash"
  DOPO:  "Photo by Vitolda Klein on Unsplash"
[en] a-mother-and-a-theologian (32f7eb12-1409-4388-8aaa-f8a57c4ff296) via didascalie_img
  PRIMA: "Ombre e Luci n. 65, 1999"
  DOPO:  "Shadows and Lights no. 65, 1999"
[en] the-fourth-moment-between-one-meeting-and-the-next (3326f2b2-bdb6-4e9b-84f9-d64b248ea73d) via didascalie_img
  PRIMA: "(foto archivio Ombre e Luci, 1990)"
  DOPO:  "(photo from Ombre e Luci archive, 1990)"
[en] the-seed-a-book-review (3340c348-88af-491b-a527-46c9c088212e) via didascalie_img
  PRIMA: "Copertina \"Il Chicco\""
  DOPO:  "Cover of \"Il Chicco\""
[en] pizza-suppli-and-a-drink-for-seven-euros (3372801d-f300-41aa-b056-b7132c4e2ccd) via didascalie_img
  PRIMA: "Un pizzata in compagnia - Ombre e Luci n.93, 2006"
  DOPO:  "A pizza dinner together - Ombre e Luci n.93, 2006"
[en] fede-e-luce-life-issue-148 (33893e74-d8fd-4be9-a2e5-012109d3e379) via didascalie_img
  PRIMA: "Le provincie di Fede e Luce"
  DOPO:  "The dioceses of Faith and Light"
[en] the-clowns-lesson-miloud-oukili (33fa9f21-68ae-4bb2-8634-3da54f06bb8c) via didascalie_img
  PRIMA: "La lezione di un clown, Miloud Oukili - Ombre e Luci n.76 - 2001"
  DOPO:  "The lesson of a clown, Miloud Oukili - Shadows and Lights no. 76 - 2001"
[en] in-gods-image-a-book-review (33fbebf5-ec5a-4108-83e2-d916fec0444b) via didascalie_img
  PRIMA: "Copertina del libro \"A sua immagine?\" (La Vita Felice, 2022)"
  DOPO:  "Cover of the book \"In His Image?\" (La Vita Felice, 2022)"
[en] and-they-call-them-disabled-a-review (3493fe90-6fd3-4bb9-85a3-066ee755fe69) via didascalie_img
  PRIMA: "E li chiamano disabili  - Recensione - Ombre e Luci n.95, 2006"
  DOPO:  "And They Call Them Disabled - Review - Shadows and Lights n.95, 2006"
[en] the-gift-giving-season (34e659db-d4e6-4bbb-b948-d1a27aa31b64) via didascalie_img
  PRIMA: "Foto di Lina Trochez su Unsplash"
  DOPO:  "Photo by Lina Trochez on Unsplash"
[en] snapshots-from-faith-and-light-communities (34f5c246-0e47-4120-aacb-e6f8a038ba48) via didascalie_img
  PRIMA: "Immagina tratta da Insieme n.8 - 1976 (archivio Ombre e Luci)"
  DOPO:  "Image from Insieme n.8 - 1976 (Ombre e Luci archive)"
[en] inside-the-hearts-of-mothers-the-light-and-shadow-of-motherhooda-review (3522602a-fe13-4546-abf6-f2c82d63dd79) via didascalie_img
  PRIMA: "Nell'intimo delle madri. Luci e Ombre della maternità - Recensione - Ombre e Luci n.98, 2007"
  DOPO:  "In the Intimacy of Mothers. Lights and Shadows of Motherhood - Review - Ombre e Luci n.98, 2007"
[en] the-sunflower-inn (356d67f9-7b8c-4cbd-947e-13189a9e043e) via didascalie_img
  PRIMA: "Locanda il Girasole:un accogliente ristorante-pizzeria che  coniuga l’amore per la cucina di qualità con l’inclusione sociale e lavorativa"
  DOPO:  "Locanda il Girasole: a welcoming restaurant-pizzeria that combines a passion for quality cuisine with social and work inclusion"
[en] ugly-a-book-review (358e501e-7e85-4795-8e15-90156ff52430) via didascalie_img
  PRIMA: "Brutta! - Recensione - Ombre e Luci n.97, 2007"
  DOPO:  "Ugly! - Review - Shadows and Lights no. 97, 2007"
[en] spiritually-the-little-sisters-are-not-disabled (35a150cc-c0a5-4457-af24-ee5bcf943b74) via didascalie_img
  PRIMA: "<a href=\"https://commons.wikimedia.org/wiki/File:Petites_S%C5%93urs_disciples_de_l%27Agneau.jpg\">Sr. Line</a>, <a href=\"https://creativecommons.org/licenses/by-sa/4.0\">CC BY-SA 4.0</a>, attraverso Wikimedia Commons"
  DOPO:  "<a href=\"https://commons.wikimedia.org/wiki/File:Petites_S%C5%93urs_disciples_de_l%27Agneau.jpg\">Sr. Line</a>, <a href=\"https://creativecommons.org/licenses/by-sa/4.0\">CC BY-SA 4.0</a>, via Wikimedia Commons"
[en] hello-harry-hi-benny-a-review (35ac1d14-8946-4fc7-9d85-cc79fdd8feed) via didascalie_img
  PRIMA: "Copertina \"Hello Harry! Hello Benny\""
  DOPO:  "Cover \"Hello Harry! Hello Benny\""
[en] summer-camp-diary (3613b373-2da9-4170-9840-81b1bcb240a4) via didascalie_img
  PRIMA: "Il racconto del campo a Tricase con la comunità di Monopoli"
  DOPO:  "The story of the field at Tricase with the Monopoli community"
[en] moms-magic-chair-a-book-review (364b2f8f-6a89-43e9-ac2f-b38527a46dc9) via didascalie_img
  PRIMA: "\"La sedia magica\" di Laura Coccia e Giorgia Cozza (Il Ciliegio, 2025)"
  DOPO:  "\"The Magic Chair\" by Laura Coccia and Giorgia Cozza (Il Ciliegio, 2025)"
[en] letters-to-jean-don-marco-bove (364fc660-8543-42ce-971f-6c6358e8a06d) via didascalie_img
  PRIMA: "Don Marco Bove (foto archivio Ombre e Luci)"
  DOPO:  "Don Marco Bove (photo from Ombre e Luci archive)"
[en] what-can-parents-do (3667c1c6-ab90-4d8b-8bbc-0ad35f47a613) via didascalie_img
  PRIMA: "(foto archivio Ombre e Luci, 1991)"
  DOPO:  "(photo from Ombre e Luci archives, 1991)"
[en] the-power-of-art-from-magic-to-healing (3687629c-887a-44f4-b882-2f66a34ea590) via didascalie_img
  PRIMA: "Arte Terapia - Ombre e Luci n.99, 2007"
  DOPO:  "Art Therapy - Shadows and Lights no. 99, 2007"
[en] faith-and-light-reports-from-the-communities (36d5b515-53ed-4beb-b16d-1a2ec9a5f35e) via didascalie_img
  PRIMA: "Immagina tratta da Insieme n.3 - 1974 (archivio Ombre e Luci)"
  DOPO:  "Image from Insieme n.3 - 1974 (Ombre e Luci archive)"
[en] open-dialogue-no-113 (36e77919-6c93-4012-86af-a63c80ea71b2) via didascalie_img
  PRIMA: "Sempre meglio parlarne, no? (foto archivio Ombre e Luci)"
  DOPO:  "Always better to talk about it, isn't it? (photo from Ombre e Luci archives)"
[en] my-princess-gilda (36ef2303-18bd-4522-b94a-8e027c0594bb) via didascalie_img
  PRIMA: "Gilda, il cane di Antonietta"
  DOPO:  "Gilda, Antonietta's dog"
[en] back-to-school-summer-newsletter-no-23 (36f78e1a-a0b7-4dc8-bdf9-967a2d47ea6c) via didascalie_img
  PRIMA: "Ombre e Luci n. 64 - 1998"
  DOPO:  "Shadows and Lights no. 64 - 1998"
[en] the-doctors-verdict (370d9b43-bad9-4de3-ba59-d70225f663b7) via didascalie_img
  PRIMA: "(foto archivio Ombre e Luci)"
  DOPO:  "(photo from Ombre e Luci archives)"
[en] marco-cavallo-3259 (3753e1fe-dab4-4e1a-95a5-963ff42b8bdf) via didascalie_img
  PRIMA: "Uno dei nipoti di Marco Cavallo che “vive” ancora al San Giovanni di Trieste\n(fotografia di Serena Sillitto)"
  DOPO:  "One of Marco Cavallo's grandchildren who still \"lives\" at San Giovanni in Trieste\n(photograph by Serena Sillitto)"
[en] what-more-do-you-need-to-be-happy-a-review (376bcd09-a1c2-4ecf-8766-803cabfe7c6f) via didascalie_img
  PRIMA: "Cosa ti manca per essere felice - Copertina"
  DOPO:  "What You're Missing to Be Happy - Cover"
[en] the-italy-we-dont-see (37b865b7-600e-4051-a44f-25e00166dae9) via didascalie_img
  PRIMA: "Un'Italia nascosta -  - Ombre e Luci n.86, 2004"
  DOPO:  "A Hidden Italy - - Shadows and Lights n.86, 2004"
[en] following-gios-lead (37d4eb80-4a8d-47fe-bc2f-5beabcdbdfd3) via didascalie_img
  PRIMA: "Viola e Mimosa"
  DOPO:  "Violet and Mimosa"
[en] what-the-pope-really-said-about-epilepsy (37fbf64e-084d-4d68-a05c-d6ee67375340) via didascalie_img
  PRIMA: "Papa Wojtyla a piazza San Pietro (archivio Ombre e Luci)"
  DOPO:  "Pope John Paul II in St. Peter's Square (Ombre e Luci archives)"
[en] humor-and-disability-treacherous-ground (381fe1c6-be37-44bb-8e23-b86ce1d84dc7) via didascalie_img
  PRIMA: "(foto archivio Ombre e Luci)"
  DOPO:  "(photo from Ombre e Luci archives)"
[en] walking-at-your-own-pace-agesci-and-inclusion (386c4cea-bbdb-471a-b1ff-043fb052720e) via didascalie_img
  PRIMA: "Un momento del convegno (foto archivio Ombre e Luci)"
  DOPO:  "A moment from the conference (photo from Ombre e Luci archives)"
[en] the-magic-of-our-days-together (3876460a-2520-49f2-8676-dd09b28921a0) via didascalie_img
  PRIMA: "campeggi-fede-luce-magia-vacanze-insieme"
  DOPO:  "faith-camps-light-magic-vacations-together"
[en] here-integration-is-not-just-a-word (38962131-38d3-4a74-b7c9-7c2191ff4cd9) via didascalie_img
  PRIMA: "(foto archivio Ombre e Luci)"
  DOPO:  "(photo from Ombre e Luci archives)"
[en] 10-good-reasons-to-volunteer (38fb43ae-1509-4c88-a2ac-5d306e78d16a) via didascalie_img
  PRIMA: "Incontrare persone nuove che spesso diventano buoni amici (Foto archivio Ombre e Luci)"
  DOPO:  "Meeting new people who often become good friends (Photo from Ombre e Luci archive)"
[en] as-if-i-were-you (396d04f5-50a3-4aa1-a105-c3225ff6b7a8) via didascalie_img
  PRIMA: "Copetina \"Come se io fossi te\""
  DOPO:  "Copetina \"As If I Were You\""
[en] friends-of-simone (397b2222-ce52-4195-8489-aa4bfadeb709) via didascalie_img
  PRIMA: "(foto archivio Ombre e Luci)"
  DOPO:  "(photo from Ombre e Luci archive)"
[en] life-together-a-review (3992a35d-42a4-49af-9d9c-f81c3b7e5d80) via didascalie_img
  PRIMA: "Copertina \"La nostra vita insieme\""
  DOPO:  "Cover of \"Our Life Together\""
[en] how-to-request-a-wheelchair (39beebea-493c-42ee-a666-aa983c5f1cb3) via didascalie_img
  PRIMA: "Antonietta Pantone nella sede di Ombre e Luci"
  DOPO:  "Antonietta Pantone at the Ombre e Luci headquarters"
[en] were-all-superheroes (39debb74-6271-44d5-b261-bbd0cb0204a9) via didascalie_img
  PRIMA: "(foto archivio Ombre e Luci)"
  DOPO:  "(photo from Ombre e Luci archive)"
[en] the-discovery-of-dawn-a-review (39f9e92f-d2ba-40cc-92cb-0fb3d48f8df7) via didascalie_img
  PRIMA: "La scoperta dell’alba  - Recensione - Ombre e Luci n.97, 2007"
  DOPO:  "The Discovery of Dawn - Review - Shadows and Lights n.97, 2007"
[en] open-forum-62 (3a01fdfe-7771-45b1-b41a-1ff71873edb0) via didascalie_img
  PRIMA: "Sempre meglio parlarne, no? (foto archivio Ombre e Luci)"
  DOPO:  "Always better to talk about it, right? (Photo from Ombre e Luci archive)"
[en] a-treasure-beyond-price (3a03a463-8cb0-4de9-be2b-e18030ddd41c) via didascalie_img
  PRIMA: "Paolo Tantaro ad Assisi, 2005 (foto archivio Ombre e Luci)"
  DOPO:  "Paolo Tantaro in Assisi, 2005 (photo from Ombre e Luci archives)"
[en] breaking-down-the-barriers (3a0b0fac-2c94-4ee9-8346-3b42a1e6ee49) via didascalie_img
  PRIMA: "\"Ombre e Luci\" dipinto realizzato dalla comunità Edelweiss di Messina"
  DOPO:  "\"Shadows and Lights\" painting created by the Edelweiss community of Messina"
[en] neither-right-nor-wrong-a-review (3a7942d1-f480-499d-a238-eb3ba2405a01) via didascalie_img
  PRIMA: "Ne giusto ne sbagliato - - Ombre e Luci n.93, 2006"
  DOPO:  "Neither right nor wrong - - Shadows and Lights no. 93, 2006"
[en] in-the-eucharist-remain-in-me (3a87f624-ad9d-419f-9d9f-67e1525e1747) via didascalie_img
  PRIMA: "Una delle illustrazioni deUna delle illustrazioni dell'articolo (archivio Ombre e Luci)"
  DOPO:  "One of the illustrations from the article (Ombre e Luci archives)"
[en] disability-is-not-a-limitif-you-love-me-push-me-to-change (3aba90e5-78bf-498e-8d2d-d6e2f2cd0514) via didascalie_img
  PRIMA: "la disabilità non è un limite -- Ombre e Luci n.93, 2006"
  DOPO:  "disability is not a limit -- Shadows and Lights no. 93, 2006"
[en] thirst-and-the-water-of-hope (3ae6624d-c899-46e7-be99-07ccf63e4716) via didascalie_img
  PRIMA: "Ombre e Luci n 69"
  DOPO:  "Shadows and Lights no. 69"
[en] how-did-you-grow-up (3af08b17-cecb-41d9-9fb9-bd7f01c4dcca) via didascalie_img
  PRIMA: "Momento di festa durante un incontro di Fede e Luce (foto archivio Ombre e Luci)"
  DOPO:  "Moment of celebration during a Faith and Light meeting (photo from Ombre e Luci archives)"
[en] alzheimer-still-always-hand-in-hand (3b03ab9b-6522-45e0-aeaf-1afc6e59372d) via didascalie_img
  PRIMA: "Alzheimer: ancora, sempre per mano  - Ombre e Luce n. 96, 2006"
  DOPO:  "Alzheimer: Still, Always Hand in Hand - Ombre e Luce no. 96, 2006"
[en] happiness-is-imperfect (3b46ba34-aa34-443f-b5b5-0fbcad42fc3e) via didascalie_img
  PRIMA: "(foto archivio Ombre e Luci)"
  DOPO:  "(photo from Ombre e Luci archives)"
[en] guide-h-fondazione-laboratorio-per-le-politiche-sociali (3b6d9a5f-9b87-4f55-a44f-7150584a7001) via didascalie_img
  PRIMA: "Le recensioni di Ombre e Luci"
  DOPO:  "Shadows and Lights Reviews"
[en] parents-a-film-review (3b77f1a9-237a-435b-8086-01297cb602df) via didascalie_img
  PRIMA: "Locandina film \"Genitori\""
  DOPO:  "\"Genitori\" film poster"
[en] museums-for-everyone-the-vami-difference (3b923d43-df66-4a7b-a1fe-2364f5fc3d67) via didascalie_img
  PRIMA: "Un museo per tutti associazione VA.M.I.(Volontari Associati per i musei italiani)- Ombre e Luci n.99, 2007"
  DOPO:  "A museum for everyone association VA.M.I. (Associated Volunteers for Italian Museums) - Shadows and Lights no. 99, 2007"
[en] anffas-sixty-years-building-the-future (3b98a0e9-a7f9-4678-aee7-3bb29d9c09ad) via didascalie_img
  PRIMA: "La plenaria iniziale del convengo (foto archivio Ombre e Luci)"
  DOPO:  "The opening plenary session of the conference (photo from Ombre e Luci archives)"
[en] its-good-to-have-a-place-to-work (3b9a9eb6-2394-42d1-84b5-513a4128bf41) via didascalie_img
  PRIMA: "Giovanni Grossi (Foto Giovanni Grossi)"
  DOPO:  "Giovanni Grossi (Photo Giovanni Grossi)"
[en] faith-and-light-one-great-family (3b9fbd8b-9a33-4f12-a40f-17f3fd0189ad) via didascalie_img
  PRIMA: "L'incontro con Papa Francesco (foto archivio Ombre e Luci)"
  DOPO:  "Meeting with Pope Francis (photo from Ombre e Luci archives)"
[en] im-at-home-with-them (3bc01efc-6783-49eb-bd7e-4014131c5367) via didascalie_img
  PRIMA: "Giovanni (foto archivio Ombre e Luci)"
  DOPO:  "Giovanni (photo from Ombre e Luci archive)"
[en] a-day-in-milan-francesca-and-the-aipd-calendar (3bc2533f-20b8-4879-a1ea-211b3cbbf63b) via didascalie_img
  PRIMA: "In gita per il calendario -  Per gentile concessione dell’AIPD - Ombre e Luce n. 96, 2006"
  DOPO:  "On an outing for the calendar - Courtesy of AIPD - Shadows and Light no. 96, 2006"
[en] my-misadventure (3be836fb-3114-483b-bd4f-c342df3f33bb) via didascalie_img
  PRIMA: "(foto archivio Ombre e Luci)"
  DOPO:  "(photo from Ombre e Luci archive)"
[en] a-wedding-like-no-other (3c19d5e1-44e4-40a0-8a80-35755dee4709) via didascalie_img
  PRIMA: "Un momento della festa di Matrimonio di Chicca e Claudio (foto archivio Ombre e Luci, 1990)"
  DOPO:  "A moment from Chicca and Claudio's wedding celebration (photo archive Ombre e Luci, 1990)"
[en] i-met-the-scooppiati-diversamente-band-and-interviewed-them (3c55af4f-0a0c-457a-9310-d8d00df0862d) via didascalie_img
  PRIMA: "Il gruppo Scooppiati - diversamente band"
  DOPO:  "The Scooppiati group - a differently abled band"
[en] growing-up-with-my-brother (3ccf1a79-27d2-42bb-bb17-89cc8da904bd) via didascalie_img
  PRIMA: "Alejandra del Mar (al centro) e il fratello Maurizio (a sinistra) a Pompei"
  DOPO:  "Alejandra del Mar (in the center) and her brother Maurizio (on the left) in Pompeii"
[en] games-that-make-you-laugh-teaching-teens-through-playa-review (3ce4176a-715e-403c-bd39-526909fd9281) via didascalie_img
  PRIMA: "Giochi per ridere - Educare gli adolescenti divertendosi - Recensione - Ombre e Luci n.97, 2007"
  DOPO:  "Games for Laughing - Educating Teenagers While Having Fun - Review - Shadows and Lights no. 97, 2007"
[en] rilkes-christmas-letters-to-his-mother (3da7de5a-76eb-4955-8d0e-61447e371c37) via didascalie_img
  PRIMA: "(foto archivio Ombre e Luci)"
  DOPO:  "(photo from Ombre e Luci archive)"
[en] when-everything-changes (3dc8128b-e255-4531-a8df-5efccf1ec5ad) via didascalie_img
  PRIMA: "Una scelta difficile - Ombre e Luci n.94, 2006"
  DOPO:  "A Difficult Choice - Shadows and Lights no.94, 2006"
[en] the-world-as-we-see-it (3df68543-9d33-4e5d-8715-7dc0c91a48e1) via didascalie_img
  PRIMA: "Da sinistra i tre protagonisti di As we see it: Jack (Rick Glassman), Violet (Sue Ann Pien) e Harrison (Albert Rutecki)"
  DOPO:  "From left, the three protagonists of As We See It: Jack (Rick Glassman), Violet (Sue Ann Pien), and Harrison (Albert Rutecki)"
[en] life-can-begin-again-a-review-of-patrick-segals-testament (3e2cfea2-6042-439a-8795-d5926c60366b) via didascalie_img
  PRIMA: "Copertina del libro \"La vita può ricominciare\" di  Patrick Segal"
  DOPO:  "Cover of the book \"Life Can Begin Again\" by Patrick Segal"
[en] faith-and-light-the-spring-released (3e5b85f5-8074-4ea8-bddc-e3c83dc86389) via didascalie_img
  PRIMA: "Pietro Vetro (Foto Archivio Ombre e Luci)"
  DOPO:  "Pietro Vetro (Photo Archive Ombre e Luci)"
[en] rarina-a-rare-flower (3e62de25-6afc-4b88-badd-3bc1a0e00cf4) via didascalie_img
  PRIMA: "Chaptalia tomentosa, rara pianta della Florida (<a href=\"https://www.wikiwand.com/en/File:Chaptalia_tomentosa_(pineland_daisy)_1.jpg\" target=\"_blank\" rel=\"noopener\">via Wikipedia</a>)"
  DOPO:  "Chaptalia tomentosa, a rare plant of Florida (<a href=\"https://www.wikiwand.com/en/File:Chaptalia_tomentosa_(pineland_daisy)_1.jpg\" target=\"_blank\" rel=\"noopener\">via Wikipedia</a>)"
[en] together-yesbut-how (3e64d734-e9fe-4a9d-a6c3-0c864588a2d9) via didascalie_img
  PRIMA: "(foto archivio Ombre e Luci)"
  DOPO:  "(photo from Ombre e Luci archives)"
[en] a-wheelchair-among-the-rubble (3e8618cd-2c03-4994-bac6-9afc3b4bb972) via didascalie_img
  PRIMA: "Foto di Cole Keister su Unsplash"
  DOPO:  "Photo by Cole Keister on Unsplash"
[en] do-you-remember-nicole (3ebd9e7a-4439-4664-b085-e8b0124de652) via didascalie_img
  PRIMA: "(foto archivio Ombre e Luci)"
  DOPO:  "(photo from Ombre e Luci archives)"
[en] viola-and-valeria (3ed86730-bddd-4a10-91d0-2cdc20bd4768) via didascalie_img
  PRIMA: "Foto di Aaron Burden su Unsplash"
  DOPO:  "Photo by Aaron Burden on Unsplash"
[en] the-strength-of-fragility (3f208d77-cf53-479b-9d61-9580b2152a97) via didascalie_img
  PRIMA: "(foto archivio Ombre e Luci)"
  DOPO:  "(photo from Ombre e Luci archive)"
[en] holiday-with-difference-at-the-heart (3f442ee1-9e88-4bc6-8dfc-af6a410a88f2) via didascalie_img
  PRIMA: "(foto archivio Ombre e Luci)"
  DOPO:  "(photo from Ombre e Luci archives)"
[en] professor-marie-odile-rhethore-19302023 (3f460e6b-504d-4d25-b63d-808a11df41a4) via didascalie_img
  PRIMA: "Marie-Odile Rhethoré (© Institut Jérôme Lejeune.)"
  DOPO:  "Marie-Odile Rhethoré (© Jérôme Lejeune Institute.)"
[en] one-heart-at-a-time (3f4c5c41-8e76-4946-8efb-860f613a9c69) via didascalie_img
  PRIMA: "Maria Francesca Bertolini (foto archivio Ombre e Luci)"
  DOPO:  "Maria Francesca Bertolini (photo from Ombre e Luci archives)"
[en] the-don-lorenzo-milani-center-for-solidarity (3f52312b-6916-4951-8d5c-182ca01b0abe) via didascalie_img
  PRIMA: "Una festa al Centro Don Milani - Ombre e Luci n. 76 - 2001"
  DOPO:  "A celebration at the Don Milani Center - Shadows and Lights no. 76 - 2001"
[en] christmas-in-my-heart (3f71c850-089b-4e55-bd7e-7b260093267d) via didascalie_img
  PRIMA: "(foto archivio Ombre e Luci)"
  DOPO:  "(photo from Ombre e Luci archives)"
[en] faith-and-light-life-together-issue-25 (3f7b08b2-0de5-4e27-a1c2-d05db6fd9068) via didascalie_img
  PRIMA: "Foto di gruppo (archivio Ombre e Luci)"
  DOPO:  "Group photo (Ombre e Luci archive)"
[en] the-circus-of-wonders-a-review (3f7d2f1c-8e24-416c-bcaa-64bae8c7320e) via didascalie_img
  PRIMA: "Copertina del libro \"Il circo delle meraviglie\" di Elizabeth Mcneal (Einaudi, 2023)"
  DOPO:  "Cover of the book \"The Circus of Wonders\" by Elizabeth Mcneal (Einaudi, 2023)"
[en] flaminias-first-communion-changed-us-all (3f8715ae-6bfa-4fe7-9493-c1584563a6b5) via didascalie_img
  PRIMA: "Flaminia con Anna - La prima comunione di Flaminia ci ha fatto crescere"
  DOPO:  "Flaminia with Anna - Flaminia's first communion made us grow"
[en] yesterday-today-tomorrow (3f8968dc-2079-40c9-b10d-d9ef7126b737) via didascalie_img
  PRIMA: "Copertina \"Ieri oggi domani\""
  DOPO:  "Cover \"Yesterday Today Tomorrow\""
[en] life-in-faith-and-light-no-15 (3fa1256c-0efd-4fe6-ac23-fda65308f06f) via didascalie_img
  PRIMA: "(foto archivio Ombre e Luci)"
  DOPO:  "(photo from Ombre e Luci archives)"
[en] venice-82-voices-from-the-past-films-that-shape-the-future (401ab595-2663-4795-8a7d-f59232faff5c) via didascalie_img
  PRIMA: "\"Orphan\" di László Nemes - Ungheria 2025- Venezia 82"
  DOPO:  "\"Orphan\" by László Nemes - Hungary 2025 - Venice 82"
[en] how-we-see-people-different-from-us-alexandre-jolliens-reflections (4047424e-6a65-412c-ab09-c4997dff2249) via didascalie_img
  PRIMA: "Lo sguardo sulle persone diverse da noi - Ombre e Luci n.86, 2004"
  DOPO:  "The gaze on people different from us - Shadows and Lights no. 86, 2004"
[en] uncomfortable-wishes-for-the-new-year (4054d2f4-7d5c-4ad3-91f0-35d9eb546d5e) via didascalie_img
  PRIMA: "Foto di Cristian Escobar su Unsplash"
  DOPO:  "Photo by Cristian Escobar on Unsplash"
[en] they-are-the-ones-who-unite-us-and-show-us-the-way (40a965cc-5c0c-45d4-bb11-4315a867f666) via didascalie_img
  PRIMA: "Una delle illustrazioni deUna delle illustrazioni dell'articolo (archivio Ombre e Luci)"
  DOPO:  "One of the illustrations from the article (Ombre e Luci archive)"
[en] a-catalog-of-good-things (40ca364e-2b2b-4f41-8867-c7f062b1e567) via didascalie_img
  PRIMA: "Volando oltre"
  DOPO:  "Flying beyond"
[en] my-second-mime-at-st-peters (40ce5a65-d1cf-4c4d-8a71-198a69b19f9e) via didascalie_img
  PRIMA: "Il mimo del Buon Samaritano drammatizzato sul sagrato di piazza San Pietro"
  DOPO:  "The mime of the Good Samaritan dramatized on the steps of St. Peter's Square"
[en] you-called-her-to-bear-fruit (40ee15d7-b43d-437c-bed7-0d7eea40edc1) via didascalie_img
  PRIMA: "(foto archivio Ombre e Luci, 1990)"
  DOPO:  "(photo from Ombre e Luci archives, 1990)"
[en] voices-of-sisters-and-brothers (411af847-f89e-45dc-9c4f-196d536aa6bf) via didascalie_img
  PRIMA: "(foto archivio Ombre e Luci)"
  DOPO:  "(photo from Ombre e Luci archives)"
[en] the-chicco-a-home-for-fabio-and-maria (411fd841-1d25-4888-9dff-d39920362df2) via didascalie_img
  PRIMA: "Fabio, Maria, Guenda e Ann (foto archivio Ombre e Luci)"
  DOPO:  "Fabio, Maria, Guenda and Ann (photo from Ombre e Luci archives)"
[en] among-my-fathers-last-gifts (412cbc67-03da-4d0c-ba58-6b19e56667b9) via didascalie_img
  PRIMA: "Lourdes, fine anni Settanta"
  DOPO:  "Lourdes, late 1970s"
[en] aunt-did-you-know-youre-a-bit-strange-a-review (4145548c-e3de-46da-af7f-c2bc1599247b) via didascalie_img
  PRIMA: "Copertina \"Zia, lo sai che sei un po’ strana\""
  DOPO:  "Cover of \"Aunt, You Know You're a Bit Strange\""
[en] movies-worth-watching-this-holiday-season (41838dfb-d6bf-4188-a369-e55a6a477b08) via didascalie_img
  PRIMA: "Immagine promozionale dal film \"Out of my mind\" di Amber Sealy"
  DOPO:  "Promotional image from the film \"Out of my mind\" by Amber Sealy"
[en] a-gathering-at-villa-pacis (419e112c-f84e-4209-9c47-4a2af9f61af8) via didascalie_img
  PRIMA: "Incontro a villa pacis - Insieme n.4 1975  - Ombre e Luci"
  DOPO:  "Meeting at Villa Pacis - Together no. 4 1975 - Shadows and Lights"
[en] and-the-carro-rolls-on-and-turns-15 (41b63614-2c1e-425a-9e5d-e6908d16e03c) via didascalie_img
  PRIMA: "La mia vita al Carro - Ombre e Luci n.91, 2005"
  DOPO:  "My Life on the Cart - Shadows and Lights no. 91, 2005"
[en] within-our-means-and-according-to-the-gospel (41ceb9d4-d0b5-453b-99d0-47d836a008c1) via didascalie_img
  PRIMA: "(foto archivio Ombre e Luci)"
  DOPO:  "(photo from Ombre e Luci archives)"
[en] nine-dots (42048727-ce1c-486b-9aea-d92ed8622d43) via didascalie_img
  PRIMA: "(Foto Archivio Ombre e Luci)"
  DOPO:  "(Photo Archive Shadows and Lights)"
[en] teaching-faith-a-pedagogy-for-the-modern-catechist (420ba994-d653-4a9b-9e6a-9fdcc16ad679) via didascalie_img
  PRIMA: "Le recensioni di Ombre e Luci"
  DOPO:  "Ombre e Luci's reviews"
[en] karol-and-me (4225beaf-dbbd-4388-972d-a85f4cefcb0e) via didascalie_img
  PRIMA: "Giovanni Paolo II - Ombre e Luci n.90, 2005"
  DOPO:  "John Paul II - Shadows and Lights No. 90, 2005"
[en] what-warms-the-heart (42459438-2899-4ab4-ae9c-206e31412ae0) via didascalie_img
  PRIMA: "Marina con due amiche (foto archivio Ombre e Luci)"
  DOPO:  "Marina with two friends (photo from Ombre e Luci archives)"
[en] from-the-provinces-regional-updates (42944075-6742-4782-b893-4e00cb53fa2b) via didascalie_img
  PRIMA: "Le provincie di Fede e Luce"
  DOPO:  "The provinces of Faith and Light"
[en] prisoner-of-myself-a-journey-into-autism (42cef738-cb9d-4369-895e-f539675ab848) via didascalie_img
  PRIMA: "Le recensioni di Ombre e Luci"
  DOPO:  "Ombre e Luci Reviews"
[en] open-letters-28 (42d2fef0-3745-414c-930c-7111b134ffcb) via didascalie_img
  PRIMA: "Corrado con un amico (foto archivio Ombre e Luci, 1989)"
  DOPO:  "Corrado with a friend (photo from Ombre e Luci archives, 1989)"
[en] four-decades-with-fede-e-luce (42d81de8-47d6-4ce6-9ffb-2c98569a0cdd) via didascalie_img
  PRIMA: "(foto archivio Ombre e Luci)"
  DOPO:  "(photo from Ombre e Luci archive)"
[en] enough-now (4308bf89-8591-456c-97ab-3cb2f7e85fa5) via didascalie_img
  PRIMA: "L'abbraccio fra Dominic e Papa Francesco (archivio Ombre e Luci, 2013)"
  DOPO:  "The embrace between Dominic and Pope Francis (Ombre e Luci archive, 2013)"
[en] swinging-clouds-a-book-review (43165c99-e063-40d1-aa44-05ca71be70ac) via didascalie_img
  PRIMA: "Copertina di Nuvole a dondolo (Einaudi Ragazzi, 2022)"
  DOPO:  "Cover of Swinging Clouds (Einaudi Ragazzi, 2022)"
[en] a-view-to-rediscover (43192a6a-d65e-424e-a7bb-9e20cfe22200) via didascalie_img
  PRIMA: "Caterina con il suo papà (foto archivio Ombre e Luci)"
  DOPO:  "Caterina with her dad (photo from Ombre e Luci archives)"
[en] open-dialogue-no-134 (4323f0c6-cfea-4f80-b7f0-47d7692b812c) via didascalie_img
  PRIMA: "Sempre meglio parlarne, no? (foto archivio Ombre e Luci)"
  DOPO:  "Better to talk about it, right? (Ombre e Luci archive photo)"
[en] books-on-autism-a-reading-list (43451277-7fc7-4635-a7b1-c604b6b301c1) via didascalie_img
  PRIMA: "Le recensioni di Ombre e Luci"
  DOPO:  "Shadows and Lights reviews"
[en] the-weight-of-their-gaze (43566bf9-da60-4f57-b4dc-c05a8488b617) via didascalie_img
  PRIMA: "(foto archivio Ombre e Luci)"
  DOPO:  "(photo from Ombre e Luci archive)"
[en] the-most-beautiful-moment (439935f6-d2e0-430e-a2d2-6d83393e2f74) via didascalie_img
  PRIMA: "Il momento più bello -  - Insieme n.4 1975  - Ombre e Luci"
  DOPO:  "The most beautiful moment - - Together no. 4 1975 - Shadows and Lights"
[en] what-enchants-me-when-i-bring-my-children-to-fede-e-luce (43b094d3-abbf-4dde-9040-f022992437e1) via didascalie_img
  PRIMA: "(foto archivio Ombre e Luci)"
  DOPO:  "(photo from Ombre e Luci archive)"
[en] words-set-free-a-mothers-half-serious-diary-of-raising-a-disabled-childa-review (43c609dc-e034-479a-9c4d-40562dee5a92) via didascalie_img
  PRIMA: "Copertina \"Parole in Libertà\""
  DOPO:  "\"Words in Freedom\" Cover"
[en] a-christmas-lullaby-ancient-carol-transcribed-by-a-child (4443d89a-467e-4381-8cbb-f32a4929f27b) via didascalie_img
  PRIMA: "Immagina tratta da Insieme n.3 - 1974 (archivio Ombre e Luci)"
  DOPO:  "Image from Insieme no. 3 - 1974 (Ombre e Luci archives)"
[en] extraordinary-lives (444deebc-018b-4139-a164-37ed746ee536) via didascalie_img
  PRIMA: "Viola e Mimosa"
  DOPO:  "Violet and Mimosa"
[en] this-year-i-finally-stayed-off-the-snow (4454448d-7363-4946-b45e-a8e65b9038cb) via didascalie_img
  PRIMA: "Benedetta neve"
  DOPO:  "Blessed snow"
[en] a-beautiful-spring-feastwith-room-for-improvement (4480973e-b49a-4949-bce4-1e31512b84a3) via didascalie_img
  PRIMA: "Antonietta Pantone alla Festa della Primavera di maggio 2025"
  DOPO:  "Antonietta Pantone at the May 2025 Spring Festival"
[en] dialogo-aperto-letters-n-172 (44827c86-5fb5-40fc-8d72-3b53fc3cea1f) via didascalie_img
  PRIMA: "Alcuni pellegrini di Fede e Luce a Pompei"
  DOPO:  "Some pilgrims of Faith and Light at Pompeii"
[en] a-true-story (449cf29a-27b6-4b42-b8a5-ec7415585514) via didascalie_img
  PRIMA: "Sabina a cinque o sei anni, con il vestitino della domenica, seria attenta mentre tiene per mano saldamente la sorellina più piccola."
  DOPO:  "Sabina at five or six years old, in her Sunday dress, serious and attentive as she firmly holds her little sister's hand."
[en] disability-in-tv-series (449f2758-9d97-4cf4-8559-737291491a3a) via didascalie_img
  PRIMA: "Il cast di Atypical"
  DOPO:  "The cast of Atypical"
[en] standing-with-her (44b70faa-928c-44d2-9ef1-7105cf0ae05a) via didascalie_img
  PRIMA: "Foto Nicolas Coipeau"
  DOPO:  "Photo by Nicolas Coipeau"
[en] a-priests-mission-in-the-fede-e-luce-community (44d62ff5-885f-46bd-8ebf-478ac41402b0) via didascalie_img
  PRIMA: "(foto archivio Ombre e Luci)"
  DOPO:  "(photo from Ombre e Luci archive)"
[en] work-concerts-research-and-friends (44e458c3-29ff-4938-a560-f906da1efd55) via didascalie_img
  PRIMA: "Benedetta al concerto di Umberto Tozzi - 14 dicembre 2022"
  DOPO:  "Benedetta at Umberto Tozzi's concert - December 14, 2022"
[en] on-the-side-of-lazarus (44ec827a-5d1d-4394-89ad-2e95aabee157) via didascalie_img
  PRIMA: "Ultima cena - Leonardo da Vinci, 1494-1498, Santa Maria delle Grazie, Milano (Public domain, via Wikimedia Commons)"
  DOPO:  "Last Supper - Leonardo da Vinci, 1494-1498, Santa Maria delle Grazie, Milan (Public domain, via Wikimedia Commons)"
[en] doing-and-being-there (45116433-34f9-4171-8007-d7d6ebc0afd4) via didascalie_img
  PRIMA: "Dario Piersanti al centro tra Federico Casasanta e Manlio Amadio"
  DOPO:  "Dario Piersanti in the center between Federico Casasanta and Manlio Amadio"
[en] open-forum-73 (451b3f20-cba9-4738-a3cf-09ae2dd3a0b3) via didascalie_img
  PRIMA: "Sempre meglio parlarne, no? (foto archivio Ombre e Luci)"
  DOPO:  "Always better to talk about it, right? (photo from Ombre e Luci archive)"
[en] giulia-isnt-beautiful (455a3a4b-7496-4410-9387-32eb2f15bfda) via didascalie_img
  PRIMA: "Le recensioni di Ombre e Luci"
  DOPO:  "The reviews of Shadows and Lights"
[en] add-a-place-at-the-tableadopting-children-with-disabilities (4560fc3c-b490-4154-8cc2-776492165bd7) via didascalie_img
  PRIMA: "Foto archivio Ombre e Luci"
  DOPO:  "Photo archive Shadows and Lights"
[en] undertrained-teachers-in-kindergarten (4576bb8f-4b41-455e-83f4-44b34fc10207) via didascalie_img
  PRIMA: "integrazione scolastica - Ombre e Luci n.91, 2005"
  DOPO:  "school integration - Shadows and Lights n.91, 2005"
[en] how-we-can-accompany-small-and-large-crises (457dc3eb-d420-492a-8240-af249688be68) via didascalie_img
  PRIMA: "Come possiamo accompagnare le piccole e grandi crisi"
  DOPO:  "How can we support small and big crises"
[en] rome-backs-a-new-pathway-for-mothers-with-disabilities (45cdc4ac-21c9-46ab-a5b1-362d4fbaf779) via didascalie_img
  PRIMA: "(foto archivio Ombre e Luci)"
  DOPO:  "(photo from Ombre e Luci archive)"
[en] getting-by-hanging-on (45d2f53c-316a-4e16-9d8e-ee9365034fc9) via didascalie_img
  PRIMA: "Efrem Sardella (foto di Vito Giannulo)"
  DOPO:  "Efrem Sardella (photo by Vito Giannulo)"
[en] life-is-truly-beautiful-and-heres-why (45de3512-d56f-4c20-a3ea-a008900708f9) via didascalie_img
  PRIMA: "La vita è proprio bella - Benedetta Mattei"
  DOPO:  "Life is truly beautiful - Benedetta Mattei"
[en] salvatore-pediatrician-with-achondroplasia (4606660e-c43f-45fd-a1bb-48d0de228f93) via didascalie_img
  PRIMA: "Salvatore, medico pediatra, acondroplasico - Ombre e Luci n.98, 2007"
  DOPO:  "Salvatore, pediatrician, achondroplastic - Shadows and Lights no. 98, 2007"
[en] stories-entrusted-to-us (46320e3b-0d65-4f97-b18f-bf344a2cb12d) via didascalie_img
  PRIMA: "Pellegrinaggio ad Assisi, 1986"
  DOPO:  "Pilgrimage to Assisi, 1986"
[en] casa-loic-opens-its-doors-a-workshop-school-for-young-people-with-handicaps (464717ae-7fb1-4d9a-b7f4-afa4f4a2590d) via didascalie_img
  PRIMA: "Casa"
  DOPO:  "House"
[en] handle-with-care-a-review-of-marco-boves-book (4653183b-5811-4db9-b786-4b012f957a12) via didascalie_img
  PRIMA: "(foto archivio Ombre e Luci)"
  DOPO:  "(photo from Ombre e Luci archive)"
[en] what-do-you-hope-for (4674ddcb-c0b6-4f71-bc51-abf5dff5a345) via didascalie_img
  PRIMA: "Maria durante la prima casetta ad Assisi (foto archivio Ombre e Luci)"
  DOPO:  "Maria during the first little house in Assisi (photo from Ombre e Luci archives)"
[en] me-in-pompei (467c5d36-e26f-49d3-9571-88904aa604e4) via didascalie_img
  PRIMA: "La veglia durante il pellegrinaggio di Fede e Luce a Pompei"
  DOPO:  "The vigil during the Faith and Light pilgrimage in Pompeii"
[en] breaking-ground (46dbe72a-d9cd-48ae-859b-2266fa36238b) via didascalie_img
  PRIMA: "Parrocchia di Santa Maria di Castel D'asso a Viterbo, messa durante un campo estivo di Fede e Luce"
  DOPO:  "Parish of Santa Maria di Castel D'asso in Viterbo, Mass during a Faith and Light summer camp"
[en] someone-is-waiting (46ed41bf-9a18-497f-93f3-007b23644bdb) via didascalie_img
  PRIMA: "(foto archivio Ombre e Luci, 2013)"
  DOPO:  "(photo from Ombre e Luci archives, 2013)"
[en] a-day-at-the-quirinal (470b1584-285e-44e5-9db8-80ed372db697) via didascalie_img
  PRIMA: "Il Presidente Mattarella saluta gli ospiti del Quirinale durante la Festa della Repubblica del 2022"
  DOPO:  "President Mattarella greets the guests at the Quirinal Palace during the Republic Day celebration of 2022"
[en] rosamaria-8312 (47284250-468a-4fe8-a801-1b4005c26ebf) via didascalie_img
  PRIMA: "Davide e sua mamma Rosamaria (foto archivio Ombre e Luci, 1990)"
  DOPO:  "David and his mother Rosamaria (photo from Ombre e Luci archives, 1990)"
[en] evas-crime (473402d7-3fe7-45a4-9e7f-b3ae437e76f1) via didascalie_img
  PRIMA: "Disegno di Arianna Floris"
  DOPO:  "Drawing by Arianna Floris"
[en] how-children-see (473c3c1d-5db1-4009-90b0-b131792e7733) via didascalie_img
  PRIMA: "Come guardano i bambini - Ombre e Luci n.87, 2004"
  DOPO:  "How Children Look - Shadows and Lights no. 87, 2004"
[en] faith-and-light-issue-12 (47563b84-b2d9-487d-8d80-4ecb828ea142) via didascalie_img
  PRIMA: "(foto archivio Ombre e Luci)"
  DOPO:  "(photo from Ombre e Luci archive)"
[en] those-who-stay-must-understand-a-review (475a50cd-6f8b-4668-91a3-e0519a9c6d87) via didascalie_img
  PRIMA: "Copertina \"Chi resta deve capire\""
  DOPO:  "Cover \"Those Who Remain Must Understand\""
[en] an-erasmus-year-of-faith-and-light (479b191a-b4bb-462d-a4b9-beb0a2cefa32) via didascalie_img
  PRIMA: "Samuel mentre scansiona delle foto"
  DOPO:  "Samuel while scanning photos"
[it] il-nuovo-sito-di-ombre-e-luci (47f93978-93ba-4d83-8b8a-62542b0de193) via didascalie_img
  PRIMA: "Martin Martz W0 Ea I Fj Ack4 Unsplash 6"
  DOPO:  "test copertina didascalia"
[en] emotion-has-no-voice (48031d2c-2065-49ef-bc06-4cc6cdc91e79) via didascalie_img
  PRIMA: "(foto archivio Ombre e Luci)"
  DOPO:  "(photo from Ombre e Luci archives)"
[en] from-care-to-personhood-six-workshops-by-vedere-oltre (48571668-6a0d-4228-86b6-df654909fbc2) via didascalie_img
  PRIMA: "(foto archivio Ombre e Luci)"
  DOPO:  "(photo from Ombre e Luci archives)"
[en] news-from-the-provinces-no-149 (48700dc9-3735-4263-a21e-362463e76ac9) via didascalie_img
  PRIMA: "Le provincie di Fede e Luce"
  DOPO:  "The provinces of Faith and Light"
[en] such-courage-such-hope (48e3a2ce-5497-49b6-beba-e8bf9c834444) via didascalie_img
  PRIMA: "Fede e Luc in Medio Oriente - Ombre e Luci n.99, 2007"
  DOPO:  "Faith and Light in the Middle East - Shadows and Lights no. 99, 2007"
[en] its-raining-cows-new-books-new-ways-of-telling (49197a7a-5745-4c5f-a1b6-1eca8616c182) via didascalie_img
  PRIMA: "I libri recensiti in questo numero: Piovono mucche, Achille piè veloce, Lo strano caso del cane ucciso a mezzanotte"
  DOPO:  "The books reviewed in this issue: It's Raining Cows, Swift-Footed Achilles, The Curious Incident of the Dog in the Night-Time"
[en] why-does-disability-exist-is-god-responsible-for-my-handicap (494372b4-eca1-4317-94c5-d43a7bee3a7c) via didascalie_img
  PRIMA: "Perché esiste la disabilità? - Ombre e Luci n.86, 2004"
  DOPO:  "Why does disability exist? - Shadows and Lights no. 86, 2004"
[en] living-together-not-just-side-by-side (495a0d45-2b0c-4798-b2b1-bf316b2c2228) via didascalie_img
  PRIMA: "convivenza-coesistenza-ombreeluci.it"
  DOPO:  "cohabitation-coexistence-shadowsandlights.it"
[en] vita-fede-e-luce-no-28 (49625786-2af8-4336-85c5-b35c81368d56) via didascalie_img
  PRIMA: "Al matrimonio di Giuseppe e Marianeve (foto archivio Ombre e Luci, 1989)"
  DOPO:  "At the wedding of Giuseppe and Marianeve (photo from Ombre e Luci archives, 1989)"
[en] teaching-children-with-disabilities-to-dress-themselves (4978e419-4733-4997-8e63-2b0fcded7bc6) via didascalie_img
  PRIMA: "Disegno tratto da Insieme n.14, 1977 (archivio Ombre e Luci)"
  DOPO:  "Drawing from Insieme n.14, 1977 (Ombre e Luci archive)"
[en] waited-for-beloved-transformed (499159a7-1f95-44c2-9e1a-dc259025aca4) via didascalie_img
  PRIMA: "Un momento di condivisione (foto archivio Ombre e Luci)"
  DOPO:  "A moment of sharing (photo from Ombre e Luci archive)"
[en] opening-our-eyes-labilitas-mission (49be73c1-a980-4651-8caa-8b80792e83dd) via didascalie_img
  PRIMA: "Uno strumento per comunicare: \nla CAA Comunicazione Aumentativa Alternativa (foto archivio Ombre e Luci)"
  DOPO:  "A tool for communication: \nAAC Augmentative and Alternative Communication (photo from Ombre e Luci archive)"
[en] sanremo-as-far-as-i-could-see-3 (49eb0e34-72e4-4ff9-b8ab-86247b9b5777) via didascalie_img
  PRIMA: "Sanremo fin dove l'ho visto - Davide Passeri - Podcast - Ombre e Luci"
  DOPO:  "Sanremo as far as I've seen it - Davide Passeri - Podcast - Shadows and Lights"
[en] shedding-light-on-migration (49f85be4-b7ab-4d33-a837-e4696284281b) via didascalie_img
  PRIMA: "Dettaglio della locandina del film \"Trieste è bella di notte\""
  DOPO:  "Detail of the poster for the film \"Trieste is Beautiful at Night\""
[en] she-was-our-consolation (4a026e47-e636-4a97-8792-1f0e356aef12) via didascalie_img
  PRIMA: "(foto archivio Ombre e Luci)"
  DOPO:  "(photo from Ombre e Luci archives)"
[en] christmas-at-fede-e-luce-how-the-communities-celebrate (4a10c4cb-8f7b-41bf-bd8c-ee33f54dfb16) via didascalie_img
  PRIMA: "(foto archivio Ombre e Luci)"
  DOPO:  "(photo from Ombre e Luci archives)"
[en] descending-the-stairs (4a47ed2f-609c-42f7-b826-3a1533d47c3d) via didascalie_img
  PRIMA: "Jean Vanier alle comunità di Fede e Luce  (foto archivio Ombre e Luci)"
  DOPO:  "Jean Vanier with the Faith and Light communities (photo from Ombre e Luci archives)"
[en] employment-for-people-with-down-syndrome (4a77d003-e7fe-47f3-8b27-fc6819135d2a) via didascalie_img
  PRIMA: "L'inserimento lavorativo delle persone con sindrome di Down  - Ombre e Luci n.87, 2004"
  DOPO:  "Employment integration of people with Down syndrome - Shadows and Lights no. 87, 2004"
[en] when-they-grow-up (4a7faf57-6c31-457a-9f21-b2ac9f1693b1) via didascalie_img
  PRIMA: "(foto archivio Ombre e Luci)"
  DOPO:  "(photo from Ombre e Luci archives)"
[en] vita-fede-e-luce-n11-now-the-real-fun-begins (4a83f3b3-ef15-4260-bcc9-ebc550d755b5) via didascalie_img
  PRIMA: "Al campo Fede e Luce di Rocca di Papa (foto archivio Ombre e Luci)"
  DOPO:  "At the Faith and Light camp in Rocca di Papa (photo from Ombre e Luci archives)"
[en] the-most-like-him (4a8d472c-55d3-45e7-ae23-83c8cc6fcfe2) via didascalie_img
  PRIMA: "Roma 1978: parrocchia di S. Silvia; Il vescovo Remigio Ragonesi impartisce la cresima a Maria Francesca 16 anni"
  DOPO:  "Rome 1978: Parish of St. Sylvia; Bishop Remigio Ragonesi administers confirmation to Maria Francesca, 16 years old"
[en] my-first-fede-e-luce-camp (4ade0406-d388-4e24-bb88-b4e21d36c483) via didascalie_img
  PRIMA: "Il mio primo campo Fede e Luce- Ombre e Luci n.95, 2006"
  DOPO:  "My first Faith and Light camp - Shadows and Lights no. 95, 2006"
[en] pilgrims-on-film-sacred-journeys-from-lourdes-to-mecca (4b2ec248-8250-46d1-bc93-56b214f6f607) via didascalie_img
  PRIMA: "\"Viaggio a La Mecca\" (2004)"
  DOPO:  "\"Journey to Mecca\" (2004)"
[en] why-dont-you-take-him-to-lourdes-a-review (4b34a737-00b4-4ee4-89e4-96a6b0791b9b) via didascalie_img
  PRIMA: "Copertina del libro \"Perché non lo portate a Lourdes\" (Fandango, 2014)"
  DOPO:  "Cover of the book \"Why Don't You Take Him to Lourdes\" (Fandango, 2014)"
[en] open-dialogue-no-122 (4b6571c7-49e3-4786-b3b1-6ad4fd3b4358) via didascalie_img
  PRIMA: "Sempre meglio parlarne, no? (foto archivio Ombre e Luci)"
  DOPO:  "Always better to talk about it, right? (photo from Ombre e Luci archives)"
[en] my-pregnancy-a-different-journey (4b81b63a-5cd1-434c-8103-06376f906c35) via didascalie_img
  PRIMA: "Laura Coccia durante una delle ultime ecografie prima di partorire"
  DOPO:  "Laura Coccia during one of the last ultrasounds before giving birth"
[en] ripples-in-the-water (4b845666-7f8f-44eb-9a83-a08dacde4c44) via didascalie_img
  PRIMA: "Le recensioni di Ombre e Luci"
  DOPO:  "The reviews of Ombre e Luci"
[en] i-never-miss-a-meeting (4bb529fa-3e0a-4ef5-89c8-babd890fdc08) via didascalie_img
  PRIMA: "Giovanni Grossi alla Bicoca (2017, foto archivio Ombre e Luci)"
  DOPO:  "Giovanni Grossi at the Bicoca (2017, photo from Ombre e Luci archives)"
[en] almond-a-novel-of-emotional-awakening (4bce7e35-4cfa-4e4e-832d-7e9dd29214b3) via didascalie_img
  PRIMA: "Copertina di \"Almond. Come una mandorla\" di Won-Pyung Sohn (HarperCollins Italia, 2023)"
  DOPO:  "Cover of \"Almond. Like an Almond\" by Won-Pyung Sohn (HarperCollins Italia, 2023)"
[en] to-my-daughter (4bd334bd-1174-4f3a-8dec-766f3a3c40f3) via didascalie_img
  PRIMA: "Alla mia bambina - Ombre e Luci n.90, 2005"
  DOPO:  "To My Little Girl - Shadows and Lights no. 90, 2005"
[en] christophers-storya-wonder-book-review (4bd8b62f-d0cc-4b4c-97d9-ee88726ad749) via didascalie_img
  PRIMA: "Copertina \"Il libro di Christopher\""
  DOPO:  "Cover of \"The Book of Christopher\""
[en] breaking-the-news-of-death-in-our-community (4c880935-7370-40aa-9095-c1fdcd250d15) via didascalie_img
  PRIMA: "Disegno realizzato in ricordo di Silvia"
  DOPO:  "Drawing made in memory of Silvia"
[en] walking-together-with-you (4c9a15c6-f7a5-4f64-856f-3ebd45121529) via didascalie_img
  PRIMA: "I giovani della formazione  \"In cammino… con te\" (Lignano Sabbiadoro, agosto 2024)"
  DOPO:  "Young people from the \"In cammino… con te\" formation (Lignano Sabbiadoro, August 2024)"
[en] ten-steps-to-positive-thinking (4ca68ad6-3668-4305-981c-092eed90aa3b) via didascalie_img
  PRIMA: "Le recensioni di Ombre e Luci"
  DOPO:  "Shadows and Lights Reviews"
[en] pino-and-conny-say-i-do (4cbdb7dc-7c51-47fe-8b16-bfa321bc60de) via didascalie_img
  PRIMA: "Pino e Conny si baciano appena usciti dalla chiesa"
  DOPO:  "Pino and Conny kiss just as they leave the church"
[en] a-letter-to-a-doctor-the-birth-of-a-disabled-child (4cdf1f22-04f4-444d-9ef4-5e2dd9a24848) via didascalie_img
  PRIMA: "Mariangela con Chicca piccola (archivio Ombre e Luci, 1992)"
  DOPO:  "Mariangela with little Chicca (Ombre e Luci archives, 1992)"
[en] abib-mohamed-and-naima (4d99879c-1f5f-48f1-995e-766552ded000) via didascalie_img
  PRIMA: "Abib, Mohamed e Naima (foto archivio Ombre e Luci, 1990)"
  DOPO:  "Abib, Mohamed and Naima (photo from Ombre e Luci archives, 1990)"
[en] open-dialogue-no-118 (4dd11822-bb94-4a1b-ab77-5d5df94fd953) via didascalie_img
  PRIMA: "Sempre meglio parlarne, no? (foto archivio Ombre e Luci)"
  DOPO:  "Better to talk about it, right? (photo from Ombre e Luci archive)"
[en] pato-always-knows-where-to-find-me (4ded24ff-3a7b-4690-9157-3a525f9ebf2f) via didascalie_img
  PRIMA: "Simona Greco e Pato (Foto Simona Greco)"
  DOPO:  "Simona Greco and Pato (Photo by Simona Greco)"
[en] at-a-fede-e-luce-film-screening (4e0457d6-7a87-4348-ad95-0ee3340a1df7) via didascalie_img
  PRIMA: "Foto di Kilyan Sockalingum su Unsplash"
  DOPO:  "Photo by Kilyan Sockalingum on Unsplash"
[en] why-dont-we-understand-each-other (4e12e583-9653-4430-aab5-cb38e0bf02d0) via didascalie_img
  PRIMA: "Medici o stregoni - Ombre e Luci n.72 - 2000"
  DOPO:  "Doctors or Sorcerers - Shadows and Lights no. 72 - 2000"
[en] my-experience-with-romes-social-taxi-service (4e5bcada-1a36-4581-8323-e3557466ec88) via didascalie_img
  PRIMA: "Antonietta Pantone arriva alla redazione di Ombre e Luci con il taxi sociale"
  DOPO:  "Antonietta Pantone arrives at the Ombre e Luci editorial office with the social taxi"
[en] everyone-has-their-place-in-the-community (4e71f6ec-41d5-4c26-b186-53401f48331b) via didascalie_img
  PRIMA: "Una delle illustrazioni deUna delle illustrazioni dell'articolo (archivio Ombre e Luci)"
  DOPO:  "One of the illustrations from the article (Ombre e Luci archives)"
[en] carlos-christmas (4e8afeaf-c234-49b3-a17d-738cec26336d) via didascalie_img
  PRIMA: "Il Natale di Carlo - Ombre e Luci n.88, 2004"
  DOPO:  "Charles's Christmas - Shadows and Lights no. 88, 2004"
[en] rediscovering-what-unites-all-hearts (4ea34e41-49da-429d-a6d2-1d1be3a29890) via didascalie_img
  PRIMA: "Papa Francesco incontra il patriarca di Mosca"
  DOPO:  "Pope Francis meets with the Patriarch of Moscow"
[en] warm-hands-a-book-review (4ec5bf4c-5710-49d5-8023-73a81e3cff72) via didascalie_img
  PRIMA: "Mani calde, copertina"
  DOPO:  "Warm hands, cover"
[en] creativity-and-disability-simple-innovations-that-make-a-difference (4f09cabf-3610-4bee-afc2-1b20d9fac98b) via didascalie_img
  PRIMA: "Ombre e Luci n. 62 - 1998"
  DOPO:  "Shadows and Lights no. 62 - 1998"
[en] open-dialogue-no-75 (4f3adf28-3695-4c06-8799-baa5f3ed518c) via didascalie_img
  PRIMA: "Sempre meglio parlarne, no? (foto archivio Ombre e Luci)"
  DOPO:  "Always better to talk about it, right? (photo from Ombre e Luci archive)"
[en] i-cheered-for-empoli (4f413ffe-3f07-45bf-9331-29efc3df1dd5) via didascalie_img
  PRIMA: "Benedetta Mattei con Duccio Degli'innocenti"
  DOPO:  "Benedetta Mattei with Duccio Degli'innocenti"
[en] hey-champion-how-are-you-up-there (4f5d062f-425d-461d-929c-c85b1bd26b7f) via didascalie_img
  PRIMA: "(foto archivio Ombre e Luci)"
  DOPO:  "(photo from Ombre e Luci archive)"
[en] parties-i-want-and-parties-i-dont (4f6d7856-6419-4271-80fb-55d52965adc5) via didascalie_img
  PRIMA: "Benedetta ad una mostra di Picasso con un gruppo di amici"
  DOPO:  "Benedetta at a Picasso exhibition with a group of friends"
[en] my-son-emanuele-a-mothers-extraordinary-journeybook-review (4f987d58-df4b-4285-ac89-811966ce86e8) via didascalie_img
  PRIMA: "Copertina di \"Mio figlio Emanuele, la straordinaria esperienza di una madre\" (archivio Ombre e Luci)"
  DOPO:  "Cover of \"My Son Emanuele, a Mother's Extraordinary Experience\" (Ombre e Luci archives)"
[en] where-are-you-little-giulio-review (4fb5cf38-8a72-414e-b45a-c87c934e710a) via didascalie_img
  PRIMA: "Copertina del libro \"Dove sei, piccolo GIulio?\" di Giovanni Colaneri"
  DOPO:  "Cover of the book \"Where Are You, Little Giulio?\" by Giovanni Colaneri"
[en] and-then-well-talk-about-love (4fb8a338-f824-4cc9-9385-842ababafe22) via didascalie_img
  PRIMA: "Le recensioni di Ombre e Luci"
  DOPO:  "Shadows and Lights Reviews"
[en] the-rich-mans-christmas (4fb96cc5-abc2-4c4d-b238-dd454cac7679) via didascalie_img
  PRIMA: "Bonfacio Veronese - Convitto del Ricco Epulone - Ombre e Luci n.88, 2004"
  DOPO:  "Bonifacio Veronese - The Banquet of the Rich Man - Shadows and Lights no. 88, 2004"
[en] open-dialogue-5 (500bd46f-7a98-4454-a854-b371b4ea47d4) via didascalie_img
  PRIMA: "Sempre meglio parlarne, no? (foto archivio Ombre e Luci)"
  DOPO:  "Always better to talk about it, right? (photo from Ombre e Luci archive)"
[en] swimming-with-love-again (500f4480-25fb-4d38-aac1-c8c0f8d7b78e) via didascalie_img
  PRIMA: "Antonietta Pantone con Massimiliano Rosolino alla 12 ore Nuotiamo con AmOre 2025"
  DOPO:  "Antonietta Pantone with Massimiliano Rosolino at the 12 Hour Nuotiamo con AmOre 2025"
[en] every-human-being-is-a-sacred-story (50159559-34ff-4a87-ad9f-ee53aa6efc02) via didascalie_img
  PRIMA: "Le recensioni di Ombre e Luci"
  DOPO:  "Ombre e Luci's Reviews"
[en] when-death-comes-the-churchs-obligation-to-include-the-disabled (5027718d-79c1-49ce-a9c1-6d6f4f32119a) via didascalie_img
  PRIMA: "William Adolphe Bouguereau, Le sante donne al sepolcro (1890, particolare)"
  DOPO:  "William Adolphe Bouguereau, Holy Women at the Sepulcher (1890, detail)"
[en] across-italy-growing-communities (503ca375-c335-4eeb-83c1-102354aaaaae) via didascalie_img
  PRIMA: "Qua e la per l'italia  - Insieme n.4 1975 - Ombre e Luci"
  DOPO:  "Here and there throughout Italy - Together no. 4 1975 - Shadows and Lights"
[en] all-are-chosen-yoga-for-people-with-disabilities (505369e0-c446-4af7-a8f5-d9076a408fec) via didascalie_img
  PRIMA: "(foto archivio Ombre e Luci)"
  DOPO:  "(photo from Ombre e Luci archives)"
[en] my-little-princes (506a9788-72e3-4b42-b28d-c9c8c3bd01fc) via didascalie_img
  PRIMA: "I miei piccoli principi - Claudia insieme ad un suo Amico - Ombre e Luci n.75 - 2002"
  DOPO:  "My Little Princes - Claudia with a Friend of Hers - Shadows and Lights No. 75 - 2002"
[en] sunbeams (5077ba82-ffa4-41d0-aa02-297308bb15ad) via didascalie_img
  PRIMA: "Angelo in un momento di Comunità (foto archivio Ombre e Luci)"
  DOPO:  "Angelo in a moment of Community (photo from Ombre e Luci archives)"
[en] the-power-of-tenderness-when-the-spell-broke (509c96b1-af42-4f57-a69a-06688ad3316f) via didascalie_img
  PRIMA: "L'incanto si è rotto - Ombre e Luci n.93, 2006"
  DOPO:  "The Spell is Broken - Shadows and Lights no. 93, 2006"
[en] a-beautiful-celebration (50be73b3-7b2e-4157-9672-42ff0a019bb3) via didascalie_img
  PRIMA: "Le recensioni di Ombre e Luci"
  DOPO:  "Shadows and Lights Reviews"
[en] a-place-to-belong-growing-old-with-dignity (50e72ff2-096c-43b6-b411-342c10adbf96) via didascalie_img
  PRIMA: "(foto archivio Ombre e Luci)"
  DOPO:  "(photo from Ombre e Luci archives)"
[en] the-encounter-that-changes-everything (50eb1e19-8970-4547-8ee0-76722a9abfa4) via didascalie_img
  PRIMA: "Suor Elena con il gruppo di coinquiline de Il Girasole"
  DOPO:  "Sister Elena with the group of residents of Il Girasole"
[en] a-hundred-faces-in-one-moment (51107d17-f1b4-472c-b592-574fe451bed0) via didascalie_img
  PRIMA: "(foto archivio Ombre e Luci)"
  DOPO:  "(photo from Ombre e Luci archives)"
[en] open-forum-102 (51142667-07b0-450f-87b3-1b93c28bd517) via didascalie_img
  PRIMA: "Sempre meglio parlarne, no? (foto archivio Ombre e Luci)"
  DOPO:  "Always better to talk about it, right? (photo from Ombre e Luci archive)"
[en] a-life-made-possible-mental-handicap-and-family (5157364b-1b76-45ab-8399-269d5297d0df) via didascalie_img
  PRIMA: "Le recensioni di Ombre e Luci"
  DOPO:  "Shadows and Lights Reviews"
[en] faith-and-healing-a-book-review (515908b6-f606-479f-8b57-06bba0a890b2) via didascalie_img
  PRIMA: "Credere e curare - - Ombre e Luci n.93, 2006"
  DOPO:  "Believe and Heal - Shadows and Lights n.93, 2006"
[en] marco-cavallos-journey-around-the-world (516527d7-cba9-4c3c-b174-d3a59afb1ab1) via didascalie_img
  PRIMA: "Uno dei nipoti di Marco Cavallo che “vive” ancora al San Giovanni di Trieste\n(fotografia di Serena Sillitto)"
  DOPO:  "One of Marco Cavallo's grandchildren who still \"lives\" at San Giovanni in Trieste\n(photograph by Serena Sillitto)"
[en] hard-without-music-review (519d1749-25dc-4e2f-9a6f-94ea81e48930) via didascalie_img
  PRIMA: "Copertina di \"Taccuino di un allegro ubriacone\" di Charles Bukowski"
  DOPO:  "Cover of \"Notebook of a Cheerful Drunkard\" by Charles Bukowski"
[en] pharmakon-the-thalidomide-storya-podcast-review (51e1fba1-3027-444f-9150-860a4fdedd81) via didascalie_img
  PRIMA: "Copertina del podcast \"Pharmakon\""
  DOPO:  "Cover of the \"Pharmakon\" podcast"
[en] let-them-come-to-me (51f838cb-8700-4607-a34a-ce6e6c8ec879) via didascalie_img
  PRIMA: "Anna e Giulio, il giorno del loro matrimonio. Fra loro Flaminia"
  DOPO:  "Anna and Giulio, on their wedding day. Between them Flaminia"
[en] the-birth-of-ombre-e-luci (51fd6b6e-01ee-418b-a712-00a89f53fc24) via didascalie_img
  PRIMA: "La storica redazione di Ombre e Luci"
  DOPO:  "The historic editorial office of Ombre e Luci"
[en] pope-francis-at-il-chicco-you-touched-my-heart (521cbd23-294d-43ec-8148-230785f6199d) via didascalie_img
  PRIMA: "Papa Francesco al Chicco (foto archivio Ombre e Luci)"
  DOPO:  "Pope Francis at Chicco (photo from Ombre e Luci archives)"
[en] stories-worth-keeping (5230b18b-e5b0-44db-a96c-b86e4611a3c3) via didascalie_img
  PRIMA: "(foto archivio Ombre e Luci)"
  DOPO:  "(photo from Ombre e Luci archives)"
[en] healers-or-magicians (525bbcfd-b6f7-44fd-a315-68c87841b4ee) via didascalie_img
  PRIMA: "Medici o stregoni - Ombre e Luci n.72 - 2000"
  DOPO:  "Doctors or Sorcerers - Shadows and Lights n.72 - 2000"
[en] open-dialogue-116 (52c3bf0a-0902-4ed2-b5e6-7622c370b8df) via didascalie_img
  PRIMA: "Sempre meglio parlarne, no? (foto archivio Ombre e Luci)"
  DOPO:  "It's always better to talk about it, isn't it? (photo from Ombre e Luci archive)"
[en] philippines-first-confession (52cdfac3-a436-4e29-abbb-2a18a371a3ca) via didascalie_img
  PRIMA: "Foto di Nathan Anderson su Unsplash"
  DOPO:  "Photo by Nathan Anderson on Unsplash"
[en] your-child-has-something-wrong (5318606b-b374-4775-9485-ca58b59798b8) via didascalie_img
  PRIMA: "(foto archivio Ombre e Luci, 2013)"
  DOPO:  "(photo from Ombre e Luci archive, 2013)"
[en] and-a-star-lights-up-from-fear-to-hope-navigating-a-changed-world-since-september-11 (53243f17-8659-4fc5-a342-fa8ad7414e89) via didascalie_img
  PRIMA: "Notte stellata di J.F. Millet - E si accende una stella - Editoriale di Natale 2001 - Ombre e Luci n.76 - 2001"
  DOPO:  "Starry Night by J.F. Millet - And a Star Shines - Christmas Editorial 2001 - Shadows and Lights no. 76 - 2001"
[en] what-is-faith-and-light-83e6 (533be649-b396-4955-ba69-e5587a9f82a2) via didascalie_img
  PRIMA: "Per i bambini fino ai 12 anni è stato predisposto un pellegrinaggio particolare - Pellegrinaggio ad Assisi, Aprile 1986  (foto archivio Ombre e Luci)"
  DOPO:  "A special pilgrimage was arranged for children up to 12 years old - Pilgrimage to Assisi, April 1986 (photo from Ombre e Luci archives)"
[en] open-dialogue-78 (53587f81-c5c8-4194-a72d-ccb647ae530d) via didascalie_img
  PRIMA: "Sempre meglio parlarne, no? (foto archivio Ombre e Luci)"
  DOPO:  "Always better to talk about it, right? (photo from Ombre e Luci archive)"
[en] what-about-vacation (53663fa9-b8e8-4bee-9308-bd2cceaad7ea) via didascalie_img
  PRIMA: "Giovanni alla festa dei 40 anni di Ombre e Luci."
  DOPO:  "Giovanni at the 40th anniversary celebration of Ombre e Luci."
[en] never-alone-again (53df54ef-6031-4620-b255-e8eea38efa56) via didascalie_img
  PRIMA: "(foto archivio Ombre e Luci, 2012)"
  DOPO:  "(photo from Ombre e Luci archive, 2012)"
[en] chicco-in-my-arms-one-mothers-journey (5414a539-8955-446b-981b-212f9c0dd93c) via didascalie_img
  PRIMA: "Chicco, il bambino «fortunato», è un ragazzo sedicenne, con sindrome di Down, una malformazione alla mano destra e problemi dovuti a una cardiopatia congenita"
  DOPO:  "Chicco, the \"lucky\" boy, is a sixteen-year-old with Down syndrome, a malformation of his right hand, and problems resulting from congenital heart disease"
[en] unable-to-reinvent-himself (5414bcde-8877-4f78-8032-42b1225e711c) via didascalie_img
  PRIMA: "(Foto archivio Ombre e Luci)"
  DOPO:  "(Photo from Ombre e Luci archive)"
[en] homemade-vegetable-bouillon-a-dream-come-true (5418db2f-2ff6-4180-a11c-1cc3e494d1b0) via didascalie_img
  PRIMA: "Un momento della preparazione dei dadi vegetali (foto archivio Ombre e Luci)"
  DOPO:  "A moment in the preparation of vegetable stock cubes (photo archive Ombre e Luci)"
[en] letter-to-your-familya-review (542810d8-c11d-46fa-94d2-8c5688103500) via didascalie_img
  PRIMA: "Lettera alla tua famiglia - Recensione - Ombre e Luci n.98, 2007"
  DOPO:  "Letter to Your Family - Review - Shadows and Lights no. 98, 2007"
[en] special-olympics-no-one-left-behind (54347ec4-6f36-45aa-a276-47d285ef842b) via didascalie_img
  PRIMA: "Special Olimpics - Ombre e Luci n.91, 2005"
  DOPO:  "Special Olympics - Shadows and Lights no. 91, 2005"
[en] when-an-encounter-changes-everything (5438643d-ced6-4020-8543-d2fd68d95146) via didascalie_img
  PRIMA: "Nora (reporter di comunità) e Raul Izquierdo Garcia (coordinatore internazionale) al pellegrinaggio di Fede e Luce a Pompei"
  DOPO:  "Nora (community reporter) and Raul Izquierdo Garcia (international coordinator) at the Faith and Light pilgrimage in Pompeii"
[en] a-just-and-human-solution-maso-san-pietro (547ac88c-9a58-44b7-9c03-40e072432765) via didascalie_img
  PRIMA: "Uno schizzo del Maso San Pietro (foto archivio Ombre e Luci, 1990)"
  DOPO:  "A sketch of Maso San Pietro (photo from Ombre e Luci archives, 1990)"
[en] have-you-ever-tried (547c0b30-2718-4168-81f7-0781227acfee) via didascalie_img
  PRIMA: "Georges De La Tour, Educazione della Vergine (1640)"
  DOPO:  "Georges De La Tour, Education of the Virgin (1640)"
[en] a-witness-to-miracles (54ab0081-7a89-4f67-b40e-566ef353310d) via didascalie_img
  PRIMA: "La delegazione di Fede e Luce Russia in casa Bertolini (1981, foto archivio Ombre e Luci)"
  DOPO:  "The Faith and Light Russia delegation at Casa Bertolini (1981, photo from Ombre e Luci archives)"
[en] a-house-for-july (54dae479-10ed-410b-bc9c-3a2222a8a8c7) via didascalie_img
  PRIMA: "(foto archivio Ombre e Luci)"
  DOPO:  "(photo from Ombre e Luci archives)"
[en] autism-a-different-way-of-perceiving-the-world (54f1651f-daeb-4d88-8a01-5b2aa65cf5c9) via didascalie_img
  PRIMA: "Autismo: un altro modo di percepire il mondo  - Convegno - Ombre e Luci n.89, 2005"
  DOPO:  "Autism: A Different Way of Perceiving the World - Conference - Shadows and Lights n.89, 2005"
[en] in-praise-of-uglinessa-review (54f6f366-6fcb-432c-9004-fd8cd08c4ff3) via didascalie_img
  PRIMA: "Elogio alla bruttezza - Recensione - Ombre e Luci n.97, 2007"
  DOPO:  "In Praise of Ugliness - Review - Shadows and Lights no. 97, 2007"
[en] a-my-sisters-and-brothers (550827ee-821d-4355-9ef7-9c02290a7e08) via didascalie_img
  PRIMA: "(foto archivio Ombre e Luci)"
  DOPO:  "(photo from Ombre e Luci archive)"
[en] the-impossible-becomes-possible-review (550a73b4-fb5c-482d-a115-21f7f498e30b) via didascalie_img
  PRIMA: "Copertina di \"L'impossibile diventa possibile\" di Giulia Galeotti (Castelvecchi, 2024)"
  DOPO:  "Cover of \"The Impossible Becomes Possible\" by Giulia Galeotti (Castelvecchi, 2024)"
[en] one-of-many (5515437d-1b91-4ad5-a196-34ba08c87e77) via didascalie_img
  PRIMA: "(archivio Ombre e Luci)"
  DOPO:  "(Ombre e Luci archive)"
[en] welcome-to-the-south (55246c3c-4a75-4c2e-9f45-1354b502d07d) via didascalie_img
  PRIMA: "Da sinistra: Gabriele, Lavinia, Lia Gravriglia, Antonio, Nicola Graviglia e Caterina durante la loro vacanza"
  DOPO:  "From left to right: Gabriele, Lavinia, Lia Graviglia, Antonio, Nicola Graviglia, and Caterina during their vacation"
[en] my-name-is-a-trap-annas-story (5560fac3-6983-46b2-a491-fb248ff13731) via didascalie_img
  PRIMA: "Le recensioni di Ombre e Luci"
  DOPO:  "Ombre e Luci Reviews"
[en] teaching-begins-with-observation (558f5132-46f2-4dc8-82a3-9f1457ad783d) via didascalie_img
  PRIMA: "Le recensioni di Ombre e Luci"
  DOPO:  "Ombre e Luci Reviews"
[en] i-decided (558f548f-6c6d-4618-a1c2-227b03cc9218) via didascalie_img
  PRIMA: "La veglia al Santuario di Pompei durante il pellegrinaggio di Fede e Luce"
  DOPO:  "The vigil at the Sanctuary of Pompeii during the Faith and Light pilgrimage"
[en] why-the-doors-remain-closed (55eb4b13-7c48-4283-8647-ba2bc3775aa6) via didascalie_img
  PRIMA: "(foto archivio Ombre e Luci)"
  DOPO:  "(photo from Ombre e Luci archives)"
[en] did-you-know-these-things (5649d73b-ee4f-474f-8af3-5c65ef42bd1b) via didascalie_img
  PRIMA: "Stefano con un'amica a un campeggio Fede e Luce (Foto di Carla Cecilia)"
  DOPO:  "Stefano with a friend at a Faith and Light camp (Photo by Carla Cecilia)"
[en] why-sign-language (5660dd3f-5f28-407c-b5e7-cc90585b28de) via didascalie_img
  PRIMA: "(foto archivio Ombre e Luci)"
  DOPO:  "(photo from Ombre e Luci archives)"
[en] the-grading-dilemma (56893d4d-b003-4659-9e00-b0108e2dd4fc) via didascalie_img
  PRIMA: "Foto di Ivan Aleksic su Unsplash"
  DOPO:  "Photo by Ivan Aleksic on Unsplash"
[en] how-should-we-raise-our-children-a-mother-asks-a-mother-answers (56bd75d2-b03a-4841-8e6e-86d9f1295b52) via didascalie_img
  PRIMA: "Una mamma chiede, una mamma risponde - Ombre e Luci n.88, 2004"
  DOPO:  "A mom asks, a mom answers - Shadows and Lights no. 88, 2004"
[en] faith-and-light-becoming-a-small-sign (56dc94f5-999f-482c-86ae-bb9c0fafb00d) via didascalie_img
  PRIMA: "Foto di Ray Fragapane su Unsplash"
  DOPO:  "Photo by Ray Fragapane on Unsplash"
[en] what-italian-cinema-still-gets-wrong-about-autism (56df7c80-f3dc-480f-8e37-f16baf25f9b2) via didascalie_img
  PRIMA: "\"A proposito di Luke\", (2012) di Alonso Mayo con Lou Taylor Pucci"
  DOPO:  "\"About Luke\" (2012) by Alonso Mayo with Lou Taylor Pucci"
[en] amazed-and-grateful (570785c4-80d4-4d85-b5d4-7ad8d21762dd) via didascalie_img
  PRIMA: "Disegno di Claudine, della comunità \"Madre Maria\" della Malesia (tratto dal Libro dell'Oro per i 50 anni di Fede e Luce)"
  DOPO:  "Drawing by Claudine, from the \"Mother Mary\" community in Malaysia (taken from the Golden Book for the 50th anniversary of Faith and Light)"
[en] at-the-worlds-edge-a-life-for-others (5720ae2b-1c67-44d2-ae5c-bd81201f9d31) via didascalie_img
  PRIMA: "Foto di Dawid Zawiła su Unsplash"
  DOPO:  "Photo by Dawid Zawiła on Unsplash"
[en] the-great-blue-horse-a-review (5731a955-db9d-48bb-a858-2cfd61f336c8) via didascalie_img
  PRIMA: "Copertina di \"Il grande cavallo blu\" di  Irène Cohen-Janca"
  DOPO:  "Cover of \"The Big Blue Horse\" by Irène Cohen-Janca"
[en] disability-and-the-christian-community-pastoral-approaches-to-severe-mental-handicap (57a03510-c52c-4407-8f8a-9ad165e93fbd) via didascalie_img
  PRIMA: "Le recensioni di Ombre e Luci"
  DOPO:  "Ombre e Luci Reviews"
[en] from-the-communities-issue-138 (57be5ff2-5b9b-4bf3-bce5-06a5e46bfa28) via didascalie_img
  PRIMA: "Le provincie di Fede e Luce"
  DOPO:  "The provinces of Faith and Light"
[en] holding-the-smallest-ones-closer (57d1ad3b-8a3e-4e82-8db3-c099695dcf78) via didascalie_img
  PRIMA: "(foto archivio Ombre e Luci)"
  DOPO:  "(photo from Ombre e Luci archives)"
[en] ten-years-of-ombre-e-luci-more-than-a-magazine-a-family (5805434d-c291-47ff-adf9-e51d381671dd) via didascalie_img
  PRIMA: "Rachelle con la sua famiglia"
  DOPO:  "Rachelle with her family"
[en] a-holiday-at-europing-an-accessible-paradise-in-tarquinia (580b3401-5945-4f35-aa56-ecf42c1d8131) via didascalie_img
  PRIMA: "Antonietta al camping Europing di Tarquinia"
  DOPO:  "Antonietta at the Europing campground in Tarquinia"
[en] handy-cup-9ca8 (581493d8-2886-4c3c-8248-86db25d91d4a) via didascalie_img
  PRIMA: "Handy Cup - Ombre e Luci n.75 - 2002"
  DOPO:  "Handy Cup - Ombre e Luci no. 75 - 2002"
[en] friendship-a-gift-beyond-time (58342571-446f-4347-b008-6c5ce1f7e88d) via didascalie_img
  PRIMA: "Mariangela insieme alle sue \"vecchie\" compagne di scuola (foto archivio Ombre e Luci)"
  DOPO:  "Mariangela together with her \"old\" school friends (photo from Ombre e Luci archives)"
[en] grains-of-wheat-from-scripture (58863810-d3bc-4fd9-94eb-39db256f1123) via didascalie_img
  PRIMA: "Le recensioni di Ombre e Luci"
  DOPO:  "The reviews of Ombre e Luci"
[en] open-dialogue-no-18 (589a3e23-1451-49b3-9623-3840bc357fb4) via didascalie_img
  PRIMA: "Sempre meglio parlarne, no? (foto archivio Ombre e Luci)"
  DOPO:  "Always better to talk about it, right? (photo from Ombre e Luci archive)"
[en] a-vigil-workshop-for-holy-thursday (58ada2f8-c90d-4a30-9da1-c843c4804dea) via didascalie_img
  PRIMA: "Foto di Memento Media su Unsplash"
  DOPO:  "Photo by Memento Media on Unsplash"
[en] the-risen-christ-makes-us-one-people (58b5bdbf-4b3d-4cf9-963d-b5eed84c970a) via didascalie_img
  PRIMA: "Una delle illustrazioni deUna delle illustrazioni dell'articolo (archivio Ombre e Luci)"
  DOPO:  "One of the illustrations from the article (Ombre e Luci archive)"
[en] the-alphabet-were-missing (58cc08bc-5b6f-4152-a194-7735d042a10b) via didascalie_img
  PRIMA: "L'alfabeto che manca"
  DOPO:  "The Missing Alphabet"
[en] how-we-look-at-disability (5949a854-91c0-4031-a51c-c23bc32afa8f) via didascalie_img
  PRIMA: "Sguardi - mostra opere"
  DOPO:  "Gazes - exhibition works"
[en] eating-together (59690172-a15d-482a-9856-f63571ad90f7) via didascalie_img
  PRIMA: "(foto archivio Ombre e Luci, 1989)"
  DOPO:  "(photo from Ombre e Luci archives, 1989)"
[en] so-are-we-going (598c483a-39e9-453d-a26f-5833360f4db8) via didascalie_img
  PRIMA: "Pablo in braccia a sua mamma Rita (foto archivio Ombre e Luci)"
  DOPO:  "Pablo in his mother Rita's arms (photo from Ombre e Luci archives)"
[en] i-am-with-you-religious-education-for-children-with-mental-disabilities (59cc564e-fb96-4ddd-86ef-a38f5156b831) via didascalie_img
  PRIMA: "Le recensioni di Ombre e Luci"
  DOPO:  "Ombre e Luci Reviews"
[en] dear-mothers (5a0361ef-2bad-43d6-ae7a-e7397921f65a) via didascalie_img
  PRIMA: "Foto di Suhyeon Choi su Unsplash"
  DOPO:  "Photo by Suhyeon Choi on Unsplash"
[en] everyone-laughs-their-own-way-book-review (5a731275-09f4-45e9-9a09-f2433fd219a9) via didascalie_img
  PRIMA: "Copertina del libro \"Ognuno ride a modo suo\" (Rizzoli, 2022)"
  DOPO:  "Cover of the book \"Everyone Laughs in Their Own Way\" (Rizzoli, 2022)"
[en] always-there (5a7b6927-6209-46a1-8151-d12aa5ea9b59) via didascalie_img
  PRIMA: "(foto archivio Ombre e Luci, 1991)"
  DOPO:  "(photo from Ombre e Luci archives, 1991)"
[en] educating-for-service (5aa8844b-a3ec-4664-85c9-431db4e435d3) via didascalie_img
  PRIMA: "Le recensioni di Ombre e Luci"
  DOPO:  "Ombre e Luci's Reviews"
[en] picking-up-the-thread (5ab3b249-ff93-453f-a020-55471c3dd0b6) via didascalie_img
  PRIMA: "Richard Diebenkorn - Ragazza con sfondo floreale (1962)"
  DOPO:  "Richard Diebenkorn - Girl with Floral Background (1962)"
[en] don-carlo-gnocchi-a-life-of-daring (5ac6feba-75b7-40dd-98e7-276d607d692b) via didascalie_img
  PRIMA: "L'ardimento, Racconto della vita di don Carlo Gnocchi  - Recensione - Ombre e Luce n. 96, 2006"
  DOPO:  "The Daring, Story of the Life of Don Carlo Gnocchi - Review - Shadows and Light n. 96, 2006"
[en] dad-where-are-you (5acaf06f-531e-47de-ae5e-8b57a241f9f5) via didascalie_img
  PRIMA: "Joaquin Sorolla, Bambina nel mare argentato (1909)"
  DOPO:  "Joaquin Sorolla, Girl in the Silver Sea (1909)"
[en] from-the-communities-issue-136 (5acf3f79-2e76-4f46-bbc0-0dd829536521) via didascalie_img
  PRIMA: "Le provincie di Fede e Luce"
  DOPO:  "The provinces of Faith and Light"
[en] what-kind-of-life-is-this-six-mothers-speak-out (5ade75de-b27a-484f-bed0-f3945895d5ad) via didascalie_img
  PRIMA: "Mariangela con Chicca e Nanni (foto archivio Ombre e Luci, 1991)"
  DOPO:  "Mariangela with Chicca and Nanni (photo from Ombre e Luci archives, 1991)"
[en] mercy (5b0564aa-94a5-4d0f-b475-2b029d77b2b0) via didascalie_img
  PRIMA: "Papa Francesco con Jean Vanier"
  DOPO:  "Pope Francis with Jean Vanier"
[en] a-thousand-voices (5b589a4a-a019-4f48-8ac6-e396fc297aff) via didascalie_img
  PRIMA: "Il gruppo I Mille Volti ad un caffè letterario nel centro di MIlano (foto archivio Ombre e Luci)"
  DOPO:  "The group I Mille Volti at a literary café in the center of Milan (photo from Ombre e Luci archives)"
[en] the-disabled-childfrom-birth-to-belonging (5b626f22-83a0-4c8c-9743-d935d31b4709) via didascalie_img
  PRIMA: "Le recensioni di Ombre e Luci"
  DOPO:  "Ombre e Luci Reviews"
[en] nujeens-extraordinary-journeya-review (5b8c3354-2912-4795-9296-2aa9346a8334) via didascalie_img
  PRIMA: "Copertina \"Lo straordinario viaggio di Nujeen\""
  DOPO:  "Cover of \"Nujeen's Extraordinary Journey\""
[en] they-needed-us (5b945426-1aa3-46a8-9460-fe7049dfb3cd) via didascalie_img
  PRIMA: "Immagina tratta da Insieme n.3 - 1974 (archivio Ombre e Luci)"
  DOPO:  "Image taken from Insieme no. 3 - 1974 (Ombre e Luci archives)"
[en] forty-two-kilometers-from-salerno-to-new-york (5b9b6560-712c-4817-b831-6bd70eba01ea) via didascalie_img
  PRIMA: "Franco e Dario Leo (foto archivio Ombre e Luci)"
  DOPO:  "Franco and Dario Leo (photo from Ombre e Luci archive)"
[en] here-i-am (5ba5fe31-9b3c-4053-91a1-9eb9b710e996) via didascalie_img
  PRIMA: "Angelo con un amico  (foto archivio Ombre e Luci)"
  DOPO:  "Angelo with a friend (Ombre e Luci archive photo)"
[en] finding-your-people (5ba715c7-0ce8-4e39-ab67-5ebfa3b29819) via didascalie_img
  PRIMA: "Immagine dal convegno \"Dare voce ai siblings\" organizzato da Fondazione Paideia"
  DOPO:  "Image from the conference \"Giving Voice to Siblings\" organized by Paideia Foundation"
[en] happy-new-year (5bc02485-cd56-4515-ac0d-530e75667b3b) via didascalie_img
  PRIMA: "(foto archivio Ombre e Luci)"
  DOPO:  "(photo from Ombre e Luci archive)"
[en] cottolengo-and-don-guanella-beyond-prejudice (5bc14022-5262-415d-8c04-383874496fca) via didascalie_img
  PRIMA: "(foto archivio Ombre e Luci)"
  DOPO:  "(photo from Ombre e Luci archive)"
[en] the-brother-she-couldnt-tell-anyone-about (5c0f689e-4a3e-47cf-9f31-a311d61641ad) via didascalie_img
  PRIMA: "Recensioni - Fratello da nascondere - Ombre e Luci n. 65, 1999"
  DOPO:  "Reviews - Brother to Hide - Shadows and Lights no. 65, 1999"
[en] making-cinema-heard-accessibility-and-hearing-loss-at-the-rome-film-festival (5c1231d9-74e9-4ef4-8b4e-db11643a3e2c) via didascalie_img
  PRIMA: "Agathe Rousselle e Alex Lawther in una scena di A Second Life"
  DOPO:  "Agathe Rousselle and Alex Lawther in a scene from A Second Life"
[en] nourished-by-jesus-through-the-word (5c2549f5-c349-4043-bfe9-e51499e21575) via didascalie_img
  PRIMA: "Una delle illustrazioni deUna delle illustrazioni dell'articolo (archivio Ombre e Luci)"
  DOPO:  "One of the illustrations from the article (Ombre e Luci archive)"
[en] with-your-help (5c964472-6411-4dcb-97fa-739305b0b868) via didascalie_img
  PRIMA: "(foto archivio Ombre e Luci, 1991)"
  DOPO:  "(photo from Ombre e Luci archives, 1991)"
[en] open-dialogue-no-27 (5ca52a8d-a605-4165-925a-ebbc37ed02f4) via didascalie_img
  PRIMA: "Sempre meglio parlarne, no? (foto archivio Ombre e Luci)"
  DOPO:  "Always better to talk about it, right? (photo from Ombre e Luci archives)"
[en] the-passion-of-patience (5caaf670-a3da-41dd-b315-e4f7f87f4162) via didascalie_img
  PRIMA: "Foto di Aaron Burden su Unsplash"
  DOPO:  "Photo by Aaron Burden on Unsplash"
[en] a-weakened-church-in-its-head-source-and-sign-of-gods-presence (5caccc90-5abf-4601-9b18-9a64484cab01) via didascalie_img
  PRIMA: "Sono tornata da Lourdes - Ombre e Luci n.88, 2004"
  DOPO:  "I returned from Lourdes - Shadows and Lights no. 88, 2004"
[en] the-song-of-bernadettea-review (5cb53fa7-fb8e-4870-91b5-74961a45cc1d) via didascalie_img
  PRIMA: "Il canto di Bernadette, copertina"
  DOPO:  "The Song of Bernadette, cover"
[en] why-i-stayed (5cc1e635-ed62-4f96-9cbb-8bc0947c162f) via didascalie_img
  PRIMA: "(foto archivio Ombre e Luci)"
  DOPO:  "(photo from Ombre e Luci archive)"
[en] recipes-for-success-healthcare-in-a-family-home (5cc98d5c-878d-438d-a0f3-c64c4acd5f9f) via didascalie_img
  PRIMA: "Il momento delle terapie alla residenza di Intra (VB)"
  DOPO:  "The moment of therapies at the residence in Intra (VB)"
[en] shadow-and-light (5ccdcde8-423d-438c-b5f7-475ef0ea8469) via didascalie_img
  PRIMA: "Ombra e Luce - Insieme n.5 - 1975 - Ombre e Luci"
  DOPO:  "Shadow and Light - Together No. 5 - 1975 - Shadows and Lights"
[en] happy-to-be-alive (5cd0487b-0f8f-483a-9361-40549f07725a) via didascalie_img
  PRIMA: "Felice di vivere - ombreeluci.it-n85"
  DOPO:  "Happy to Live - ombreeluci.it-n85"
[en] friendship-made-flesh (5cd48040-e3a2-484d-bca4-dadb5afae755) via didascalie_img
  PRIMA: "Foto di Adrianna Geo su Unsplash"
  DOPO:  "Photo by Adrianna Geo on Unsplash"
[en] my-period-and-the-vending-machine-at-school (5d2a5cb8-6e29-4d89-8c02-36c55dce42d3) via didascalie_img
  PRIMA: "Benedetta Mattei al piano bar"
  DOPO:  "Benedetta Mattei at the piano bar"
[en] the-light-in-your-eyes (5d320023-c0c6-4cd1-a5a1-8f64bbd8c7d8) via didascalie_img
  PRIMA: "(foto archivio Ombre e Luci)"
  DOPO:  "(photo from Ombre e Luci archives)"
[en] walking-together-toward-unity (5d604c76-18e9-42a9-a5e8-914bfb502677) via didascalie_img
  PRIMA: "(foto archivio Ombre e Luci)"
  DOPO:  "(photo from Ombre e Luci archive)"
[en] nicola-pintus-and-the-filippide-project (5d616f7a-38d5-4e62-9163-56a485f9df9a) via didascalie_img
  PRIMA: "(foto Archivio Ombre e Luci)"
  DOPO:  "(photo Ombre e Luci Archive)"
[en] untouchable-a-friendship-against-all-odds (5d619dc2-56e9-4e25-a4b6-7a04acc2d83e) via didascalie_img
  PRIMA: "Quasi amici, locandina (© Medusa Film)"
  DOPO:  "Almost Friends, poster (© Medusa Film)"
[en] open-dialogue-no-153 (5d63f7bb-ce84-4921-bbca-053cf5a0214c) via didascalie_img
  PRIMA: "Rubriche dialogo aperto"
  DOPO:  "Open Dialogue Sections"
[en] he-belongs-here-now (5d684820-f69b-453b-a69b-579f5039fbe8) via didascalie_img
  PRIMA: "(foto archivio Ombre e Luci, 1991)"
  DOPO:  "(photo from Ombre e Luci archives, 1991)"
[en] faith-and-light-all-in-leeds (5d8d3dae-7e7f-42cb-8837-e81d805ff296) via didascalie_img
  PRIMA: "(foto archivio Ombre e Luci)"
  DOPO:  "(photo from Ombre e Luci archives)"
[en] when-my-disabled-child-lights-up-parents-speak (5d9fa3f5-c6ee-476d-a038-ad57e2db252a) via didascalie_img
  PRIMA: "Quando mio figlio disabile mi piace di più - Ombre e Luci n.88, 2004"
  DOPO:  "When I like my disabled son more - Shadows and Lights no. 88, 2004"
[en] the-blessedness-of-poverty (5dcc07af-c9d6-41e1-a911-373973b43a4a) via didascalie_img
  PRIMA: "Jean Vanier con Valerio Bravetti ad un incontro internazionale (foto archivio Ombre e Luci)"
  DOPO:  "Jean Vanier with Valerio Bravetti at an international meeting (photo from Ombre e Luci archives)"
[en] ecumenism-in-fede-e-luce-a-gift (5dd5e080-82b7-4f1b-b234-108a63642502) via didascalie_img
  PRIMA: "(foto archivio Ombre e Luci)"
  DOPO:  "(photo from Ombre e Luci archives)"
[en] berlin-film-festival-past-and-present (5df5c9f4-b957-4a18-99a4-8e3f11f05dd7) via didascalie_img
  PRIMA: "Sur l'Adamant (di Nicolas Philibert, 2023)"
  DOPO:  "On the Adamant (by Nicolas Philibert, 2023)"
[en] sottovento-a-film-worth-seeing (5e171137-4cef-43e5-9e5e-a3f7c1acb1ad) via didascalie_img
  PRIMA: "Sottovento - Recensione film - Ombre e Luci n.75 - 2001"
  DOPO:  "Sottovento - Film Review - Shadows and Lights no.75 - 2001"
[en] living-the-essential-not-doing-for-but-living-with (5e919c69-c8a4-4ee4-a55f-120a466147df) via didascalia_en
  PRIMA: "Foto Archivio Ombre e Luci"
  DOPO:  "Photo Archive Shadows and Lights"
[en] fede-e-luce-a-school-of-selflessness (5e9e67d4-7019-4c62-b815-3fdb468debe3) via didascalie_img
  PRIMA: "Foto di David Dvořáček su Unsplash"
  DOPO:  "Photo by David Dvořáček on Unsplash"
[en] the-market-kinga-review (5ec22b2b-6363-4d78-81c9-c2a7b5663e36) via didascalie_img
  PRIMA: "Il re del mercato - Recensione - Ombre e Luce n. 96, 2006"
  DOPO:  "The King of the Market - Review - Shadows and Light no. 96, 2006"
[en] i-like-going-to-the-sea (5f14fb2a-39bd-4994-8c25-aadf88b535b2) via didascalie_img
  PRIMA: "Giovanni Grossi alla Bicoca (2017, foto archivio Ombre e Luci)"
  DOPO:  "Giovanni Grossi at the Bicocca (2017, photo from Ombre e Luci archives)"
[en] ancora-building-a-home-for-four (5f498911-b3a4-4943-8ee0-0f16b77782d1) via didascalie_img
  PRIMA: "Casa Famiglia \"Ancora\" - Lavinio (foto archivio Ombre e Luci, 1991)"
  DOPO:  "Casa Famiglia \"Ancora\" - Lavinio (photo from Ombre e Luci archives, 1991)"
[en] i-learned-to-swim (5f4d0f8b-0f19-4161-9d22-f498be8a8ca3) via didascalie_img
  PRIMA: "(foto archivio Ombre e Luci)"
  DOPO:  "(photo from Ombre e Luci archives)"
[en] coming-home (5f64a498-0236-4807-a0a9-cadcab8355f5) via didascalie_img
  PRIMA: "Giovanni Grossi (Foto Giovanni Grossi)"
  DOPO:  "Giovanni Grossi (Photo by Giovanni Grossi)"
[en] open-dialogue-no-158 (5fd76af0-de20-4cc2-bdc4-d51d0e315ecd) via didascalie_img
  PRIMA: "Sempre meglio parlarne, no? (foto archivio Ombre e Luci)"
  DOPO:  "Always better to talk about it, right? (photo from Ombre e Luci archives)"
[en] the-mystery-of-the-london-eye-review (6006a366-e8f1-4cb7-9c98-afaafb0b4712) via didascalie_img
  PRIMA: "«Il mistero del London Eye» - Siobhan Dowd (Uovonero, 2012)"
  DOPO:  "\"The Mystery of the London Eye\" - Siobhan Dowd (Uovonero, 2012)"
[en] evenings-that-shouldnt-happenand-one-that-did (601297db-1391-4d89-a7bd-be94a53ae7bb) via didascalie_img
  PRIMA: "Caterina Bertolini a teatro"
  DOPO:  "Caterina Bertolini at the theater"
[en] from-the-provinces-no-145 (60136ae6-0f23-48fb-a522-007f2453af34) via didascalie_img
  PRIMA: "Le provincie di Fede e Luce"
  DOPO:  "The provinces of Faith and Light"
[en] when-they-turn-eighteen-the-disabled-adult-and-the-life-ahead (6016d902-3bef-42e6-8ffa-dc027f8447de) via didascalie_img
  PRIMA: "Le recensioni di Ombre e Luci"
  DOPO:  "The Ombre e Luci Reviews"
[en] a-heart-full-of-gratitude (6044a959-f951-4728-b1bc-cf9054fe2f6d) via didascalie_img
  PRIMA: "(foto archivio Ombre e Luci, 1990)"
  DOPO:  "(photo from Ombre e Luci archive, 1990)"
[en] the-world-of-unnamed-things-a-review (60775dde-bd94-448d-9645-26608c94584b) via didascalie_img
  PRIMA: "Il mondo delle cose senza nome - recensione  - Ombre e Luci n.90, 2005"
  DOPO:  "The World of Nameless Things - review - Shadows and Lights n.90, 2005"
[en] the-bride-and-i-both-wore-white (607bd478-becb-43c9-9d36-3e1ebbf740fd) via didascalie_img
  PRIMA: "Benedetta al matrimonio di Lorenza"
  DOPO:  "Benedetta at Lorenza's wedding"
[en] a-priest-among-the-forgotten (60cfad5d-30af-4493-ad68-a8f66c6655db) via didascalie_img
  PRIMA: "Le recensioni di Ombre e Luci"
  DOPO:  "Ombre e Luci Reviews"
[en] living-with-dystrophy-an-interview-with-myself (60ea65aa-9f58-4a1f-9a06-0ea0af313734) via didascalie_img
  PRIMA: "Gaia Valmarin (foto Ombre e Luci)"
  DOPO:  "Gaia Valmarin (photo by Ombre e Luci)"
[en] what-will-become-of-my-autistic-son-when-im-gone-a-review (60f57a7e-f0e0-4d70-826a-6dd9bb833df9) via didascalie_img
  PRIMA: "Copertina \"Alla fine ci inventeremo qualcosa\""
  DOPO:  "Cover \"In the End We'll Invent Something\""
[en] flowers-colors-and-fragrance-a-soap-making-workshop (60fce990-a453-4830-9944-79a4b520cc9c) via didascalie_img
  PRIMA: "I fiori raccolti da cui si estraggono le essenze per la realizzazione delle saponette"
  DOPO:  "The flowers collected from which essences are extracted for the production of soaps"
[en] books-for-play (611df8db-0a3b-4673-9644-4bf270e7656d) via didascalie_img
  PRIMA: "Le recensioni di Ombre e Luci"
  DOPO:  "Shadows and Lights Reviews"
[en] a-smack-like-a-kiss-time-with-my-disabled-son (6131aa6e-4f72-4f30-9cb6-e14515313e66) via didascalie_img
  PRIMA: "Smack come bacio - Il mio tempo con mio figlio disabile - Ombre e Luci n.92, 2005"
  DOPO:  "Smack as a kiss - My time with my disabled son - Shadows and Lights no. 92, 2005"
[en] twenty-years-laterthe-same-embrace (617b09fd-9679-4ed8-a5bf-f466d5442bed) via didascalie_img
  PRIMA: "Alessandro e Carlo nella stessa posa a vent'anni di distanza"
  DOPO:  "Alessandro and Carlo in the same pose twenty years apart"
[en] the-power-of-belonging-why-the-blind-side-still-matters (61b919cc-8a45-477e-807f-3f22a7c1b0c7) via didascalie_img
  PRIMA: "Quinton Aaron e Sandra Bullock protagonisti in The Blind Side"
  DOPO:  "Quinton Aaron and Sandra Bullock starring in The Blind Side"
[en] craft-books-hands-on-learning (61cc0a57-8b36-4c52-beab-19e63447c283) via didascalie_img
  PRIMA: "Le recensioni di Ombre e Luci"
  DOPO:  "The reviews of Shadows and Lights"
[en] do-good-work-well (61da5b05-b7c4-497a-b770-aebc40c389ef) via didascalie_img
  PRIMA: "(foto archivio Ombre e Luci, 1990)"
  DOPO:  "(photo from Ombre e Luci archives, 1990)"
[en] benedetta-changed-me (61e2f8be-d6ee-489a-b7c0-27b8472f4a88) via didascalie_img
  PRIMA: "Benedetta mi ha convertito - Ombre e Luci n.87, 2004"
  DOPO:  "Benedetta converted me - Shadows and Lights no. 87, 2004"
[en] when-life-and-love-returned (62268e54-cbbf-4394-8cbd-6521ef713f06) via didascalie_img
  PRIMA: "Un primo piano di Rita Ozzimo (foto archivio Ombre e Luci, 1990)"
  DOPO:  "A close-up of Rita Ozzimo (photo from Ombre e Luci archives, 1990)"
[en] beyond-handicapexperiences-and-approaches-with-autistic-down-syndrome-cerebral-palsy-and-deaf-children (622989eb-a118-4fb7-b9c2-c8064470d398) via didascalie_img
  PRIMA: "Le recensioni di Ombre e Luci"
  DOPO:  "Ombre e Luci's Reviews"
[en] inclusive-catechesis-when-faith-becomes-tactile (622f3bcc-bc6b-44c6-938a-96b88f1e75da) via didascalie_img
  PRIMA: "“Cristo e i bambini” – Carl Bloch (XIX sec.)"
  DOPO:  "\"Christ and the Children\" – Carl Bloch (19th century)"
[en] open-dialogue-no-24 (6233eb0d-e057-4a58-b340-298133b340f4) via didascalie_img
  PRIMA: "Sempre meglio parlarne, no? (foto archivio Ombre e Luci)"
  DOPO:  "Always better to talk about it, right? (Photo from Ombre e Luci archive)"
[en] brave-mothers (6283379a-462e-45ea-9df1-21671848bf31) via didascalie_img
  PRIMA: "La prima casetta di Fede e Luce al Nazareth (foto archivio Ombre e Luci)"
  DOPO:  "The first Fede e Luce home at Nazareth (photo archive Ombre e Luci)"
[en] shadows-and-light (62ac7cee-3efb-4c5f-bc5c-b11fe298833d) via didascalie_img
  PRIMA: "(foto archivio Ombre e Luci)"
  DOPO:  "(photo from Ombre e Luci archives)"
[en] fede-e-luce-marks-40-years-19712011 (62db24d2-3d9e-4fd9-89e7-26d0083b469c) via didascalie_img
  PRIMA: "I coordinatori attorno al grande falò (gennaio 2011 - Foto archivio Ombre e Luci)"
  DOPO:  "The coordinators around the large bonfire (January 2011 - Photo from Ombre e Luci archive)"
[en] what-a-fanfare (62ee3081-fa8e-4ccb-ad1f-faab9f746f24) via didascalie_img
  PRIMA: "(foto archivio Ombre e Luci)"
  DOPO:  "(photo from Ombre e Luci archives)"
[en] how-to-be-present-to-another-person (630d4809-5858-4716-adc8-52c0fd08f866) via didascalie_img
  PRIMA: "(foto archivio Ombre e Luci)"
  DOPO:  "(photo from Ombre e Luci archive)"
[en] beyond-the-marketplace (635ad6f7-1dae-4842-83d1-aaeba99f0667) via didascalie_img
  PRIMA: "La scrivania storica di Ombre e Luci con foto e riviste di quaranta anni di storia"
  DOPO:  "The historic desk of Ombre e Luci with photos and magazines from forty years of history"
[en] i-am-with-you-a-review (6380c38e-5b29-4e6f-9067-daa127b1057d) via didascalie_img
  PRIMA: "Copertina \"Io sono con te\""
  DOPO:  "Cover \"I Am With You\""
[en] faith-and-light-no-43-a-seminar-on-catechesis-for-people-with-disabilities (6380e868-0e41-4f30-9c63-36b8b6aac51e) via didascalie_img
  PRIMA: "Uno dei primi loghi del movimento Fede e Luce"
  DOPO:  "One of the first logos of the Faith and Light movement"
[en] voices-from-camp (63b15230-092e-44b3-9d18-9a772f218750) via didascalie_img
  PRIMA: "Un momento di relax al campegio Fede e Luce alla Bicoca, Viterbo, 2014 (foto archivio Ombre e Luci)"
  DOPO:  "A moment of relaxation at the Faith and Light camp at Bicoca, Viterbo, 2014 (photo from Ombre e Luci archives)"
[en] the-glass-boy-understanding-disability (63c40acb-f895-4ccf-9754-574abd197948) via didascalie_img
  PRIMA: "Le recensioni di Ombre e Luci"
  DOPO:  "Ombre e Luci Reviews"
[en] father-to-son-conversations-on-the-risk-of-raising-childrena-review (63cda9fb-2473-4549-8083-632f35fcc96a) via didascalie_img
  PRIMA: "Copertina \"Di padre in figlio\""
  DOPO:  "Cover \"From Father to Son\""
[en] open-dialogue-no-157 (64134ba4-4191-4c4a-b823-662610094b77) via didascalie_img
  PRIMA: "Rubriche dialogo aperto"
  DOPO:  "Open dialogue columns"
[en] ten-principles-for-teaching-people-with-disabilities (643d79a3-4d1b-4816-a606-e49e2c859609) via didascalie_img
  PRIMA: "La scoperta dell'integrazione per un bambino down francese"
  DOPO:  "The discovery of integration for a French Down syndrome child"
[en] beauty-and-disability (646a32bd-3e3d-41c6-a359-24e968d4d24f) via didascalie_img
  PRIMA: "(foto archivio Ombre e Luci)"
  DOPO:  "(photo from Ombre e Luci archives)"
[en] interactive-games-unforgettable-group-fun (64a3ae6f-b57b-4659-acef-a194a932b654) via didascalie_img
  PRIMA: "Andiamo a giocare? (Disegno di Valentina Comand, Archivio Ombre e Luci)"
  DOPO:  "Shall we go play? (Drawing by Valentina Comand, Ombre e Luci Archive)"
[en] humanitarian-corridors-a-lifeline-for-refugees-including-those-with-disabilities (64d19910-24bd-4994-9319-809a8ad0b0d0) via didascalie_img
  PRIMA: "(foto archivio Ombre e Luci)"
  DOPO:  "(photo from Ombre e Luci archive)"
[en] the-little-star (65079eba-70fa-459e-81ec-868313bf2600) via didascalie_img
  PRIMA: "(foto archivio Ombre e Luci, 1991)"
  DOPO:  "(photo from Ombre e Luci archive, 1991)"
[en] the-broken-body (652cf3d4-4869-48aa-b4d5-0a20ee776a41) via didascalie_img
  PRIMA: "Le recensioni di Ombre e Luci"
  DOPO:  "Ombre e Luci Reviews"
[en] the-fall-a-fathers-memories-in-424-stepsa-review (65adc212-0968-4aba-903c-51f26cd79d38) via didascalie_img
  PRIMA: "Copertina \"La Caduta\""
  DOPO:  "Cover \"The Fall\""
[en] never-alone-three-stories-cd68 (65d18aac-e07d-4d18-8157-8f5565d96f7d) via didascalie_img
  PRIMA: "Foto di Ivana Cajina su Unsplash"
  DOPO:  "Photo by Ivana Cajina on Unsplash"
[en] what-to-watch-over-the-holidays (66551f59-b5d3-4981-98e3-7e6bdae5d1d0) via didascalie_img
  PRIMA: "La Piccola Amélie (Maïlys Vallade e Liane-Cho Han, 2025)"
  DOPO:  "The Little Amélie (Maïlys Vallade and Liane-Cho Han, 2025)"
[en] faith-and-light-questions-and-answers (6665fb25-baf6-4785-9c59-ce583351cdba) via didascalie_img
  PRIMA: "Il piccolo Daniele (foto archivio Ombre e Luci)"
  DOPO:  "Little Daniele (photo from Ombre e Luci archives)"
[en] the-monks-of-lanuviohow-ethical-banking-financed-a-dream (66872c4f-509b-4c31-9f51-11a28bea2ab4) via didascalie_img
  PRIMA: "(foto archivio Ombre e Luci)"
  DOPO:  "(Photo from Ombre e Luci archives)"
[en] mariangela-and-santa-silvia-where-it-all-began (668c33fb-d538-43b2-a89a-8d381feab176) via didascalie_img
  PRIMA: "Mariangela e Paolo davanti alla parrocchia di Santa Silvia a Roma, con Luis Sankalé, (primo a sinistra) e don Francesco Marchini (a destra)  (1980, foto archivio Ombre e Luci)"
  DOPO:  "Mariangela and Paolo in front of the parish church of Santa Silvia in Rome, with Luis Sankalé (first on the left) and Fr. Francesco Marchini (on the right) (1980, photo from Ombre e Luci archives)"
[en] the-new-after-us-law-questions-still-to-resolve (66a26a17-f0aa-49ee-95ac-4c98c6b1aa38) via didascalie_img
  PRIMA: "(foto archivio Ombre e Luci)"
  DOPO:  "(photo from Ombre e Luci archives)"
[en] transcending-limits-to-embrace-every-limit (66a3f93c-e914-4347-9c61-34fc726a9c76) via didascalie_img
  PRIMA: "Suor Maria Ilaria durante una celebrazione"
  DOPO:  "Sister Maria Ilaria during a celebration"
[en] he-was-always-turned-away (66b9e726-e0c7-4054-a948-88cacaf550c7) via didascalie_img
  PRIMA: "(foto archivio Ombre e Luci)"
  DOPO:  "(photo from Ombre e Luci archives)"
[en] as-long-as-my-star-shines (66c6073a-eb16-40fe-8d97-d23848e0a43c) via didascalie_img
  PRIMA: "Copertina \"Fino a quando la mia stella brillerà\""
  DOPO:  "Cover of \"Until My Star Shines\""
[en] my-brother-was-handicapped (66d433a9-e075-4a35-932b-ea0ac7b6b5b4) via didascalie_img
  PRIMA: "(foto archivio Ombre e Luci)"
  DOPO:  "(photo from Ombre e Luci archives)"
[en] locarno-77-from-jane-campion-to-saule-bliuvaite (66d6e7f2-4f4a-484b-a6c9-fd213505dc77) via didascalie_img
  PRIMA: "Jane Campion e Saule Bliuvaite (photo Locarno Film Festival / Ti-Press) )"
  DOPO:  "Jane Campion and Saule Bliuvaite (photo Locarno Film Festival / Ti-Press)"
[en] children-discover-ancient-rome (6739e062-d1e7-4167-a451-3a69108da3cd) via didascalie_img
  PRIMA: "Le recensioni di Ombre e Luci"
  DOPO:  "The reviews of Ombre e Luci"
[en] dining-with-a-deaf-person (676623de-baf6-4f3c-a365-3c6df3627711) via didascalie_img
  PRIMA: "(foto archivio Ombre e Luci)"
  DOPO:  "(photo from Ombre e Luci archives)"
[en] open-dialogue-33 (67818857-9229-4b64-b906-eb23cb523659) via didascalie_img
  PRIMA: "Sempre meglio parlarne, no? (foto archivio Ombre e Luci)"
  DOPO:  "Better to talk about it, right? (photo from Ombre e Luci archives)"
[en] in-memory-of-don-dario (67911724-3cc4-442c-a1cf-85b70e994a86) via didascalie_img
  PRIMA: "Don Dario (foto archivio Ombre e Luci)"
  DOPO:  "Don Dario (photo from Ombre e Luci archives)"
[en] open-dialogue-no-8 (67932925-ab68-4f16-9fbe-fd28fc1a5cf4) via didascalie_img
  PRIMA: "Sempre meglio parlarne, no? (foto archivio Ombre e Luci)"
  DOPO:  "Always better to talk about it, right? (photo from Ombre e Luci archive)"
[en] with-pride-and-tenderness (67ac3620-5a66-442b-8689-c26ff1521a21) via didascalie_img
  PRIMA: "(foto archivio Ombre e Luci)"
  DOPO:  "(photo from Ombre e Luci archive)"
[en] 4300-meters-high-newsletter-n-31 (67b4d68c-fa84-4561-b8dd-ea3b2b42914c) via didascalie_img
  PRIMA: "Il lago Quilacocha e il paese omonimo. Dopo essere stato usato come sito di stoccaggio di scorie minerarie per anni le acque del lago sono ora più acide dell’acido delle batterie © Stefano Sbrulli - Source International"
  DOPO:  "Lake Quilacocha and the homonymous town. After being used as a mining waste storage site for years, the lake's waters are now more acidic than battery acid © Stefano Sbrulli - Source International"
[en] autism-what-families-need-to-know (67b5ddf4-68b7-4b09-9039-50b9e8ff6f18) via didascalie_img
  PRIMA: "Autismo - Ombre e Luci n.89, 2005"
  DOPO:  "Autism - Shadows and Lights no. 89, 2005"
[en] antonellas-first-carnival (67e96534-25c8-42ac-b35f-794c5cef2bc5) via didascalie_img
  PRIMA: "Carnevale"
  DOPO:  "Carnival"
[en] faith-formation-for-all (67ea74f0-09a2-434f-ad4d-dd694d060ae9) via didascalie_img
  PRIMA: "Padre Danilo con Paolo, Gianfranco e Marco"
  DOPO:  "Father Danilo with Paolo, Gianfranco and Marco"
[en] winter-retreats-holiday-time-with-disabled-participants (680d962d-e738-4ce3-8bd4-0839b47b9059) via didascalie_img
  PRIMA: "(foto archivio Ombre e Luci)"
  DOPO:  "(Photo from Ombre e Luci archive)"
[en] bologna-to-rome-by-tandem (6814c4d6-3330-4921-adf1-ff1fd325faf2) via didascalie_img
  PRIMA: "I ragazzi durante uno degli allenamenti prima dell'avventura"
  DOPO:  "The boys during one of the training sessions before the adventure"
[en] on-top-of-the-world-without-taking-a-step (681c8121-a725-43ed-bb9b-c8764a8f57e3) via didascalie_img
  PRIMA: "Sul tetto del mondo... senza muovere un passo - Montagna e disabilità -- Ombre e Luci n.97, 2007"
  DOPO:  "On top of the world... without taking a step - Mountain and disability -- Shadows and Lights no. 97, 2007"
[en] three-days-in-assisi (6854cddf-b25f-48f3-8da5-181d2583c55d) via didascalie_img
  PRIMA: "Disegno tratto da Insieme n.16, 1978 (archivio Ombre e Luci)"
  DOPO:  "Drawing from Insieme no. 16, 1978 (Ombre e Luci archives)"
[en] me-and-my-brother (68c2157c-f559-4b87-81ea-160473f76670) via didascalie_img
  PRIMA: "Io e mio fratello - Insieme n.4 1975 - Ombre e Luci"
  DOPO:  "Me and my brother - Together no.4 1975 - Shadows and Lights"
[en] faith-and-light-international-the-rome-gathering (68cbc160-8e8d-43fd-b23c-b902a389184f) via didascalie_img
  PRIMA: "(foto archivio Ombre e Luci)"
  DOPO:  "(photo from Ombre e Luci archives)"
[en] rewriting-the-problem-how-a-father-and-son-found-joy-on-two-wheels (68cfad04-e3fe-41df-979b-89f40956f72e) via didascalie_img
  PRIMA: "Edoardo e suo papà Umberto in strada sulla Hugbike (Foto Io sto con Edo)"
  DOPO:  "Edoardo and his dad Umberto on the street with the Hugbike (Photo Io sto con Edo)"
[en] cardinal-martini-on-work-today (690c0c6e-f768-44b5-b304-2652181b00be) via didascalie_img
  PRIMA: "Telemaco Signorini, L’Alzaia (1864; olio su tela, 54 x 173,2 cm; Collezione privata)"
  DOPO:  "Telemaco Signorini, The Towpath (1864; oil on canvas, 54 x 173.2 cm; Private Collection)"
[en] life-in-the-provinces-no-150 (69676bc4-dc18-42c5-87fe-e3c798badb93) via didascalie_img
  PRIMA: "Le provincie di Fede e Luce"
  DOPO:  "The provinces of Faith and Light"
[en] a-way-of-prayer (696a9426-9db8-4b77-8602-249cfa6858e7) via didascalie_img
  PRIMA: "Le recensioni di Ombre e Luci"
  DOPO:  "Shadows and Lights Reviews"
[en] being-a-volunteer-beats-being-president (696fc108-4ea6-4c98-bed6-979fcdad76db) via didascalie_img
  PRIMA: "Special Olimpics - Ombre e Luci n.91, 2005"
  DOPO:  "Special Olympics - Shadows and Lights no. 91, 2005"
[en] its-not-always-easy-being-a-sister (69bee56e-189b-4a8e-bdee-1f0abc70247f) via didascalie_img
  PRIMA: "(foto archivio Ombre e Luci)"
  DOPO:  "(photo from Ombre e Luci archive)"
[en] different-families (69e33bdf-6e9e-4aa1-80df-aba621d09110) via didascalie_img
  PRIMA: "(foto archivio Ombre e Luci, 1991)"
  DOPO:  "(photo from Ombre e Luci archives, 1991)"
[en] worlds-apart (6a0b1a24-3bf2-489c-b42f-e4f55979b34b) via didascalie_img
  PRIMA: "Foto Ombre e Luci"
  DOPO:  "Photo by Ombre e Luci"
[en] ombre-e-luci-now-in-english (6a25ee53-b4ad-403d-b6bc-56eb6acfd420) via didascalie_img
  PRIMA: "Christian Krohg, Leiv Eriksson scopre l'America, 1893 (<a href=\"https://www.wikiwand.com/en/en:Leiv_Eirikson_Discovering_America#Media/File:Christian_Krohg_-_Leiv_Eirikson_discovering_America_-_Google_Art_Project.jpg\">Wikimedia - Public domain</a>)"
  DOPO:  "Christian Krohg, Leiv Eriksson Discovers America, 1893 (<a href=\"https://www.wikiwand.com/en/en:Leiv_Eirikson_Discovering_America#Media/File:Christian_Krohg_-_Leiv_Eirikson_discovering_America_-_Google_Art_Project.jpg\">Wikimedia - Public domain</a>)"
[en] african-girls-are-a-celebration-of-braids (6a44ac72-2808-40a0-89b6-9345c73e36ee) via didascalie_img
  PRIMA: "Girotondo (Illustrazione di <a href=\"https://www.behance.net/arianna_floris\">Arianna Foris</a>)"
  DOPO:  "Ring Around the Rosie (Illustration by <a href=\"https://www.behance.net/arianna_floris\">Arianna Floris</a>)"
[en] solidarity-condominiums (6a655f54-d34b-4c2a-b042-3cc1f31f27fa) via didascalie_img
  PRIMA: "Condominio Solidale - Ombre e Luci n.75 - 2002"
  DOPO:  "Solidarity Housing - Shadows and Lights no.75 - 2002"
[en] open-forum-150 (6a66df7e-6714-4e19-ad1c-706d9d2aa984) via didascalie_img
  PRIMA: "Rubriche dialogo aperto"
  DOPO:  "Open dialogue columns"
[en] a-whirlwind-of-moments (6aaa78f2-5ca1-4b3b-8432-516aaaec7206) via didascalie_img
  PRIMA: "(foto archivio Ombre e Luci)"
  DOPO:  "(photo from Ombre e Luci archive)"
[en] all-aboard (6ab25603-92f1-4c55-89c0-0d9b38161168) via didascalie_img
  PRIMA: "Papa Francesco con Antonino in Piazza San Pietro (foto archivio Ombre e Luci)"
  DOPO:  "Pope Francis with Antonino in St. Peter's Square (photo archive Ombre e Luci)"
[en] in-the-name-of-all-of-us (6ac954bc-5936-43ab-ae05-c7c51e1d65a1) via didascalie_img
  PRIMA: "Le recensioni di Ombre e Luci"
  DOPO:  "Ombre e Luci Reviews"
[en] i-want-to-show-you-a-path (6afa8b78-d6b3-41f3-90d4-6c3ff4832db2) via didascalie_img
  PRIMA: "Luis Sancalè con Chicca (foto archivio Ombre e Luci)"
  DOPO:  "Luis Sancalè with Chicca (photo from Ombre e Luci archives)"
[en] open-dialogue-no-100 (6b2984df-6fb0-42aa-80c5-a09347169c40) via didascalie_img
  PRIMA: "Sempre meglio parlarne, no? (foto archivio Ombre e Luci)"
  DOPO:  "Better to talk about it, right? (photo from Ombre e Luci archives)"
[en] a-perfectly-terrible-faith-and-light-camping-trip (6b45eca7-f6a3-45b6-8bdf-1e02f99c695e) via didascalie_img
  PRIMA: "Un orribile meraviglioso campeggio Fede e Luce - Ombre e Luce n86 - 2004"
  DOPO:  "A horrible wonderful Faith and Light camp - Shadows and Lights no. 86 - 2004"
[en] welcoming-an-autistic-child (6b5ca708-7421-4d7c-9264-7076032a5290) via didascalie_img
  PRIMA: "(foto archivio Ombre e Luci, 1990)"
  DOPO:  "(photo from Ombre e Luci archive, 1990)"
[en] maries-victory (6bf939b6-0822-4037-8f0c-9b513bbb3eb4) via didascalie_img
  PRIMA: "Aria Maia Loberti nel ruolo di Marie"
  DOPO:  "Aria Maia Loberti in the role of Marie"
[en] living-the-final-moment (6c0834fe-e685-4d0f-9dfd-0c529c4e9874) via didascalie_img
  PRIMA: "Le recensioni di Ombre e Luci"
  DOPO:  "Shadows and Lights Reviews"
[en] julians-story-a-wonder-novella (6c11a71f-6c68-4644-9fe7-5f63e695392a) via didascalie_img
  PRIMA: "Copertina \"Il libro di Julian\""
  DOPO:  "Cover of \"Julian's Book\""
[en] open-dialogue-no-13 (6c7ff6b2-675e-4d26-992b-61d44e4ccb43) via didascalie_img
  PRIMA: "Sempre meglio parlarne, no? (foto archivio Ombre e Luci)"
  DOPO:  "It's always better to talk about it, isn't it? (photo from Ombre e Luci archives)"
[en] i-saw-so-many-things (6ccc3518-b885-45ab-b843-db6b48f09b94) via didascalie_img
  PRIMA: "(foto archivio Ombre e Luci)"
  DOPO:  "(photo from Ombre e Luci archives)"
[en] fragile-girls (6cd8c47d-c459-44d8-8abd-6a3aaf392d85) via didascalie_img
  PRIMA: "Il gruppo di donne capoverdiane arrivate in Italia nel 1963"
  DOPO:  "The group of Cape Verdean women who arrived in Italy in 1963"
[en] women-in-the-breath-of-ruah-womens-witness-to-jesus-death-and-resurrection-a-review (6d07e5c4-e35a-45be-8ec3-9230e0ef03d6) via didascalie_img
  PRIMA: "Donne nel respiro di Ruàh  - Recensione - Ombre e Luci n.95, 2006"
  DOPO:  "Women in the Breath of Ruàh - Review - Shadows and Lights no. 95, 2006"
[en] my-life-at-santa-palomba-e394 (6d145bda-6c1b-498e-96f9-44dbb0fc7608) via didascalie_img
  PRIMA: "Pietro (foto archivio Ombre e Luci)"
  DOPO:  "Pietro (photo from Ombre e Luci archives)"
[en] i-walked-rome-for-you (6d30e177-e42b-4418-8604-d9ec27e2181a) via didascalie_img
  PRIMA: "Immagina tratta da Insieme n.6 - 1975 (archivio Ombre e Luci)"
  DOPO:  "Image taken from Insieme n.6 - 1975 (Ombre e Luci archive)"
[en] come-and-see-the-youth-meeting-in-alicante (6d45ca8f-0659-491d-81e1-68325a4f7588) via didascalie_img
  PRIMA: "Primo meeting internazionale giovanile di Fede e Luce Alicante - Recensione  (foto archivio Ombre e Luci)"
  DOPO:  "First international youth meeting of Faith and Light Alicante - Review (photo from Ombre e Luci archives)"
[en] open-dialogue-no-23 (6d48d793-951d-44c4-b7a1-c3a682d92cbc) via didascalie_img
  PRIMA: "Sempre meglio parlarne, no? (foto archivio Ombre e Luci)"
  DOPO:  "Always better to talk about it, right? (photo from Ombre e Luci archive)"
[en] a-celebration-at-castelporziano (6d5bd093-d9ba-4683-b779-566caa3db179) via didascalie_img
  PRIMA: "(foto archivio Ombre e Luci)"
  DOPO:  "(photo from Ombre e Luci archive)"
[en] every-child-is-a-journey-a-world-to-discover-one-step-at-a-time (6def7b56-3eeb-438e-a82d-ff91ee3645d9) via didascalie_img
  PRIMA: "Ogni figlio è un cammino  - Ombre e Luci n.92, 2005"
  DOPO:  "Every child is a journey - Shadows and Lights no. 92, 2005"
[en] lourdes-1991-a-pilgrimage-that-changed-everything (6e13f4c9-fc95-4686-afa8-a25a5ec1f08c) via didascalie_img
  PRIMA: "(Foto Barbara, archivio Ombre e Luci, 1992)"
  DOPO:  "(Photo by Barbara, Ombre e Luci archive, 1992)"
[en] casa-betanias-new-moon (6e47dc25-b04e-4b17-a8a0-ddf1d8b8546a) via didascalie_img
  PRIMA: "Casa Betania - Ombre e Luci n.94, 2006"
  DOPO:  "Casa Betania - Shadows and Lights n.94, 2006"
[en] life-faith-and-light-no-66 (6e48b6a5-77b4-4d1b-897d-9c51eed13b46) via didascalie_img
  PRIMA: "Uno dei primi loghi del movimento Fede e Luce"
  DOPO:  "One of the first logos of the Faith and Light movement"
[en] teaching-bowel-and-bladder-control-a-guide-for-parents-and-educators (6e66a55a-19e4-4e60-915f-ac1fe2258d99) via didascalie_img
  PRIMA: "Le recensioni di Ombre e Luci"
  DOPO:  "The reviews of Shadows and Lights"
[en] psychology-and-self-worshipdoes-psychology-help-us-believe (6e6fcd21-5a8e-41fc-b521-c188fb17d56c) via didascalie_img
  PRIMA: "Le recensioni di Ombre e Luci"
  DOPO:  "The reviews of Shadows and Lights"
[en] the-alfedena-effect (6e791edf-95b8-459f-9704-f28661ad688c) via didascalie_img
  PRIMA: "Mariangela e Chicca (foto archivio Ombre e Luci)"
  DOPO:  "Mariangela and Chicca (photo archive Ombre e Luci)"
[en] a-short-film-and-a-series-close-out-romes-film-festival (6e7a5cc6-7416-460a-89ab-95819d3983ca) via didascalie_img
  PRIMA: "Giovanna Mezzogiorno, regista di \"Unfitting\""
  DOPO:  "Giovanna Mezzogiorno, director of \"Unfitting\""
[en] accompanied-and-cared-for (6e92142c-60a0-419f-9a08-8f38a83d672a) via didascalie_img
  PRIMA: "(foto archivio Ombre e Luci)"
  DOPO:  "(photo from Ombre e Luci archive)"
[en] from-the-provinces-issue-135 (6ea06f8e-e80a-4ae5-9b1a-9133e14beaa6) via didascalie_img
  PRIMA: "Le provincie di Fede e Luce"
  DOPO:  "The provinces of Faith and Light"
[en] san-sebastian-the-smallest-of-the-great-festivals (6ed6f9a3-ab90-4b83-baf4-ba3e419af381) via didascalie_img
  PRIMA: "Querido Trópico di Ana Endara (2024)"
  DOPO:  "Querido Trópico by Ana Endara (2024)"
[en] alzheimer-im-becoming-more-human (6efa848b-a606-41a8-806b-4f552b0377a4) via didascalie_img
  PRIMA: "Alzheimer: Sto diventando più umano  - Ombre e Luce n. 96, 2006"
  DOPO:  "Alzheimer: I Am Becoming More Human - Shadows and Lights no. 96, 2006"
[en] how-do-you-believe-in-mary (6f2e23e2-fb26-48a0-87d8-4ee9d0200f3e) via didascalie_img
  PRIMA: "Dettaglio ciclostile \"Insieme\" - Archivio Ombre e Luci"
  DOPO:  "Detail of cyclostyle \"Together\" - Ombre e Luci Archive"
[en] faith-and-light-anatomy-of-a-community-of-encounter (6f4877b1-9769-4022-96fa-463b15c31730) via didascalie_img
  PRIMA: "Uno dei primi loghi del movimento Fede e Luce"
  DOPO:  "One of the first logos of the Faith and Light movement"
[en] 1500-grams-of-ash-cremation-and-christian-faith-a-review (6f6bf64d-03dd-4492-ae6e-16a5c64725ed) via didascalie_img
  PRIMA: "1500 grammi di cenere Cremazione e fede cristiana - Recensione - Ombre e Luci n.98, 2007"
  DOPO:  "1500 grams of ash Cremation and Christian faith - Review - Shadows and Lights no. 98, 2007"
[en] surprised-by-the-risen-christ-a-review (6f91743f-d5b9-49f4-90e5-9b80c57dee27) via didascalie_img
  PRIMA: "Copertina di \"Sorpresi dal risorto\" di Marco Bove (Ancora, 2023)"
  DOPO:  "Cover of \"Surprised by the Risen One\" by Marco Bove (Ancora, 2023)"
[en] never-alone-the-faith-and-light-story-a-review (6fa5c026-ce2b-492a-af5e-2ffb2ce52eb2) via didascalie_img
  PRIMA: "Copertina \"Mai più soli\" (foto archivio Ombre e Luci, 2013)"
  DOPO:  "Cover \"Never Alone Again\" (photo from Ombre e Luci archives, 2013)"
[en] six-star-hotel (6fee5686-c644-4371-89ee-ed90a1ff91c1) via didascalie_img
  PRIMA: "I protagonisti della docu-fiction \"Hotel 6 stelle\""
  DOPO:  "The protagonists of the docufiction \"Hotel 6 stelle\""
[en] faith-and-light-a-global-family (6ffcb885-a378-4ac2-bfdd-f5fc23399496) via didascalie_img
  PRIMA: "(foto archivio Ombre e Luci, 1990)"
  DOPO:  "(photo from Ombre e Luci archives, 1990)"
[en] a-path-of-transformation (7022d023-73e8-48bc-97b5-a8959f596d57) via didascalie_img
  PRIMA: "Arcabas, La scomparsa del Risorto (1954)"
  DOPO:  "Arcabas, The Disappearance of the Risen One (1954)"
[en] faith-and-light-issue-no-147 (7032c740-c90b-466d-93b0-8937b60e1ea2) via didascalie_img
  PRIMA: "Le provincie di Fede e Luce"
  DOPO:  "The provinces of Faith and Light"
[en] ennio-the-alien-a-review (707cb9f1-3fce-4203-8d8b-d832921e7b89) via didascalie_img
  PRIMA: "La biografia di Ennio Flaiano e di sua figlia Lè-Lè (Mondadori, 2022)"
  DOPO:  "The biography of Ennio Flaiano and his daughter Lè-Lè (Mondadori, 2022)"
[en] la-tent-a-home-for-children-under-six (70943fc3-4c0d-498d-8067-c1bdb10f0d89) via didascalie_img
  PRIMA: "(foto archivio Ombre e Luci)"
  DOPO:  "(photo from Ombre e Luci archive)"
[en] i-wanted-to-be-a-butterfly-a-review (70b96278-46e2-4b14-af20-5aedf8d7c453) via didascalie_img
  PRIMA: "Copertina \"Volevo essere una farfalla\""
  DOPO:  "Cover of \"I Wanted to Be a Butterfly\""
[en] breaking-the-news-how-to-tell-parents-their-child-has-down-syndrome (70b9e4f2-0dc1-4bd9-bb25-e79d41ac3fd4) via didascalie_img
  PRIMA: "Foto Barbara (archivio Ombre e Luci, 1992)"
  DOPO:  "Photo Barbara (Ombre e Luci archive, 1992)"
[en] the-other-daughter (70c0d256-a847-4b1f-9196-7bdf0ba4c3aa) via didascalie_img
  PRIMA: "Copertina \"La figlia dell'altra\""
  DOPO:  "Cover of \"The Other's Daughter\""
[en] the-magic-of-the-special-olympics-opening-night (70c56190-45a1-4a1e-9eb1-c3e3ed9083cf) via didascalie_img
  PRIMA: "Special Olimpics - Ombre e Luci n.91, 2005"
  DOPO:  "Special Olympics - Shadows and Lights no. 91, 2005"
[en] observations-of-an-ordinary-mother-a-review (71207e55-67d3-462b-84a9-949991ddc356) via didascalie_img
  PRIMA: "Copertina \"Osservazioni di una mamma qualunque\""
  DOPO:  "Cover of \"Observations of an Ordinary Mother\""
[en] after-us-proceedings-of-the-anffas-conference (713bb848-bad3-43e7-8df1-5fecff8e4e12) via didascalie_img
  PRIMA: "Copertina \"Dopo di Noi\""
  DOPO:  "Cover of \"After Us\""
[en] open-dialogue-no-133 (714055d7-b715-4e10-ae8c-2f6a6267792a) via didascalie_img
  PRIMA: "Sempre meglio parlarne, no? (foto archivio Ombre e Luci)"
  DOPO:  "Always better to talk about it, right? (photo from Ombre e Luci archives)"
[en] messengers-of-joy (719bec52-e231-4a6a-a722-7cbaf7de7809) via didascalie_img
  PRIMA: "Una foto di gruppo durante il pellegrinaggio - Foto archivio Ombre e Luci"
  DOPO:  "A group photo during the pilgrimage - Photo archive Ombre e Luci"
[en] a-brother-helped-by-a-brother-is-like-a-fortified-city (71ae7574-85dd-486d-84a6-49c40a37a173) via didascalie_img
  PRIMA: "Due sorelle, un sorriso"
  DOPO:  "Two sisters, a smile"
[en] how-recognition-of-the-other-restores-trust (71c95133-b946-4e11-a68f-46af2701ea0e) via didascalie_img
  PRIMA: "Foto Antonello D'Addato"
  DOPO:  "Photo Antonello D'Addato"
[en] the-stories-we-tell (72018c33-3be5-43a9-93d0-e59df3a47a90) via didascalie_img
  PRIMA: "Francien Mass, Omaggio alla cura familiare (1991)"
  DOPO:  "Francien Mass, Tribute to Family Care (1991)"
[en] faith-and-light-voices-from-the-provinces (7219a9a2-dede-46d1-af14-209d6fef397d) via didascalie_img
  PRIMA: "Le provincie di Fede e Luce"
  DOPO:  "The parishes of Faith and Light"
[en] the-enchanted-child (722f0240-4540-4782-bf5f-079cddbabef3) via didascalie_img
  PRIMA: "Le recensioni di Ombre e Luci"
  DOPO:  "Ombre e Luci Reviews"
[en] uncommon-productions (7254ccef-56fc-474e-84e9-bc39a99d0f83) via didascalie_img
  PRIMA: "Daniele Bonarini (al centro) sul set (Foto Poti Pictures)"
  DOPO:  "Daniele Bonarini (center) on set (Photo Poti Pictures)"
[en] tikitaka-7026 (72629b9e-d155-4ea5-b784-db9c08aacfa8) via didascalie_img
  PRIMA: "Giovanni Vergani (al centro) in uno dei tavoli tematici tra le associazioni provinciali (Foto TikiTaka)"
  DOPO:  "Giovanni Vergani (center) at one of the thematic tables among provincial associations (Photo TikiTaka)"
[en] treasuring-every-person (726e7591-a7f7-4903-a68e-c4173dbf2332) via didascalie_img
  PRIMA: "Incontro nazionale Fede e Luce a Cattolica (2009) (foto archivio Ombre e Luci)"
  DOPO:  "National meeting of Faith and Light in Cattolica (2009) (photo from Ombre e Luci archives)"
[en] gentleness-a-review (727b6ca7-d707-4f0b-835e-406a18b825eb) via didascalie_img
  PRIMA: "Copertina di \"Mitezza\" di Eugenio Borgna (Einaudi, 2023)"
  DOPO:  "Cover of \"Gentleness\" by Eugenio Borgna (Einaudi, 2023)"
[en] what-grit (728802ec-2233-417a-8f95-57546d4a6b58) via didascalie_img
  PRIMA: "(foto archivio Ombre e Luci, 2013)"
  DOPO:  "(photo from Ombre e Luci archive, 2013)"
[en] the-gift-of-unity (72ba17b7-8a14-4c29-9110-560b60a19677) via didascalie_img
  PRIMA: "Rappresentanti di diverse confessioni al pellegrinaggio in Ucraina (foto archivio Ombre e Luci)"
  DOPO:  "Representatives of different faiths at the pilgrimage in Ukraine (photo archive Ombre e Luci)"
[en] what-is-faith-and-light-8c86 (72dc6b47-24c4-411f-a5ca-5b3f367fbaef) via didascalie_img
  PRIMA: "La grafica per il compleanno di Fede e Luce: 40 anni (1971-2011)"
  DOPO:  "The graphic for Faith and Light's birthday: 40 years (1971-2011)"
[en] the-fragile-a-book-review (72de2625-6ff5-42a3-8f6e-d99b3e12642c) via didascalie_img
  PRIMA: "Copertina di \"I fragili\" di Colmegna, Casavola e Kauffmann"
  DOPO:  "Cover of \"I fragili\" by Colmegna, Casavola and Kauffmann"
[en] beyond-the-final-waiting-room (730d96e0-cc4c-4f5c-a27e-7d7c2d2bfd85) via didascalie_img
  PRIMA: "Foto di Thomas Dumortier su Unsplash"
  DOPO:  "Photo by Thomas Dumortier on Unsplash"
[en] monsignor-von-galen-the-courage-of-a-clear-conscience (731a2622-2ea2-4d9c-8a27-c38cbce1c7af) via didascalie_img
  PRIMA: "Monsignor von Galen - License: CC BY 2.5 Credit: Bildersammlung des Bistumsarchivs Münster, des Erbnehmers der Urheberrechte | Domkapitular Gustav Albers († 1957)"
  DOPO:  "Monsignor von Galen - License: CC BY 2.5 Credit: Image collection of the Diocesan Archives of Münster, holder of copyright | Domkapitular Gustav Albers († 1957)"
[en] the-foundations-are-laid-now-we-rebuild (73336faa-254c-4a58-8f5d-62c743223034) via didascalie_img
  PRIMA: "Giulia Galeotti e Angela Cattulli durante l'intervista nella nuova sede (Foto Ombre e Luci)"
  DOPO:  "Giulia Galeotti and Angela Cattulli during the interview at the new headquarters (Photo Ombre e Luci)"
[en] the-courage-to-change (73420a17-b6db-4c57-a13d-19042f56e229) via didascalie_img
  PRIMA: "Il santuario di Pompei accoglie i pellegrini di Fede e Luce"
  DOPO:  "The Sanctuary of Pompei welcomes pilgrims of Faith and Light"
[en] i-love-this-child (73498730-ebbf-4fc5-8647-124c787024d1) via didascalie_img
  PRIMA: "Questo bambino lo amo!- Ombre e Luci n.93, 2006"
  DOPO:  "I love this child! - Shadows and Lights no. 93, 2006"
[en] creative-activities (734d9f71-b3d3-46d3-88fb-18ac8728af99) via didascalie_img
  PRIMA: "Le recensioni di Ombre e Luci"
  DOPO:  "The reviews of Ombre e Luci"
[en] seeing-beyond-windows-on-a-story-book-review (73583a5d-0a5e-4e32-bf57-fbc760ea452c) via didascalie_img
  PRIMA: "Copertina \"Vedere Oltre\""
  DOPO:  "Cover \"Seeing Beyond\""
[en] lower-the-sky-and-come-down (73765ad3-862d-43e0-aa71-932d03f64e06) via didascalie_img
  PRIMA: "Copertina del libro \"Abbassa il cielo e scendi\" di Giorgio Boatti (Mondadori, 2022)"
  DOPO:  "Cover of the book \"Abbassa il cielo e scendi\" by Giorgio Boatti (Mondadori, 2022)"
[en] george-and-sam-a-mothers-account-of-raising-two-autistic-sons (73b45075-d3b5-4e29-abae-59dacd77eb66) via didascalie_img
  PRIMA: "George e Sam Cover Recesione - Ombre e Luci n.89, 2005"
  DOPO:  "George and Sam Cover Review - Shadows and Lights no.89, 2005"
[en] epilepsy-in-the-family-and-at-school (73ba8d74-62dc-485a-8246-ac82274ada6d) via didascalie_img
  PRIMA: "(foto archivio Ombre e Luci)"
  DOPO:  "(photo from Ombre e Luci archive)"
[en] city-strategies (7436da9c-875e-41ab-b33a-ec53d23099f3) via didascalie_img
  PRIMA: "The Walk of Emmaus (Rowan Le Compte e Irene Matz Le Compte, 1970)"
  DOPO:  "The Walk to Emmaus (Rowan Le Compte and Irene Matz Le Compte, 1970)"
[en] open-dialogue-no-20 (745ba5e7-83d6-4784-a3c5-e9d38e3f747e) via didascalie_img
  PRIMA: "Sempre meglio parlarne, no? (foto archivio Ombre e Luci)"
  DOPO:  "Always better to talk about it, right? (Photo from Ombre e Luci archives)"
[en] like-every-other-sunday-anna (746dcbba-a9c1-4167-abbd-55f49af91f85) via didascalie_img
  PRIMA: "(foto archivio Ombre e Luci)"
  DOPO:  "(photo from Ombre e Luci archive)"
[en] laughter-begins-in-the-body (74894372-4754-4d39-bdf4-fe9aa90a9dab) via didascalie_img
  PRIMA: "Lo Yoga della risata, adotta un metodo divertente, ma in effetti è una vera e propria terapia"
  DOPO:  "Laughter Yoga adopts a fun method, but it is actually a real therapy"
[en] after-assisi (748c3435-b0a5-455e-81dc-38dba5a5e6df) via didascalie_img
  PRIMA: "Pellegrinaggio di Assisi 1986 (foto archivio Ombre e Luci)"
  DOPO:  "Assisi Pilgrimage 1986 (photo from Ombre e Luci archive)"
[en] pages-of-fall-and-recovery (74afcf02-d466-4565-a919-0b29efe54aa7) via didascalie_img
  PRIMA: "Premio Pieve Saverio Tutino 2023"
  DOPO:  "Pieve Saverio Tutino Award 2023"
[en] nearly-accessible-a-journey-on-romes-new-metro-line (74fef5a7-0036-4aab-a6de-406b0b384f09) via didascalie_img
  PRIMA: " Federico Fucili all'ingresso della stazione Colosseo della Metro C"
  DOPO:  "Federico Fucili at the entrance of the Colosseo station of Metro C"
[en] open-forum-no-51 (7531db3d-2a7f-409a-9847-00a97bf804e7) via didascalie_img
  PRIMA: "Sempre meglio parlarne, no? (foto archivio Ombre e Luci)"
  DOPO:  "Always better to talk about it, right? (photo from Ombre e Luci archive)"
[en] florent-in-italian-school (75450b18-102f-4943-99b4-362493da516f) via didascalie_img
  PRIMA: "La scoperta dell'integrazione per un bambino down francese"
  DOPO:  "The discovery of integration for a French Down syndrome child"
[en] pilgrims-in-community (755a14ad-8c27-4c95-9fb0-3a6c3cc658e5) via didascalie_img
  PRIMA: "Una delle illustrazioni deUna delle illustrazioni dell'articolo (archivio Ombre e Luci)"
  DOPO:  "One of the illustrations from the article (Ombre e Luci archive)"
[en] this-summer-were-going (755b10cf-c404-41bc-95cf-8c46d20dac68) via didascalie_img
  PRIMA: "Immagina tratta da Insieme n.10 - 1976 (archivio Ombre e Luci)"
  DOPO:  "Image taken from Insieme n.10 - 1976 (Ombre e Luci archives)"
[en] slowly-i-realized-sergio-was-different (75a6e01d-e60b-4e97-9236-bd91f1d8edc6) via didascalie_img
  PRIMA: "(foto archivio Ombre e Luci)"
  DOPO:  "(photo from Ombre e Luci archive)"
[en] volunteerism-a-library-of-solidarity (75c58fa2-015a-4ba7-acca-77f110fe21d6) via didascalie_img
  PRIMA: "Le recensioni di Ombre e Luci"
  DOPO:  "Ombre e Luci Reviews"
[en] as-tall-as-a-geranium-pot-a-review (75e035f0-aa87-4d9c-acf0-d7ea31f1a1e5) via didascalie_img
  PRIMA: "\"Alto come un vaso di gerani\" Copertina"
  DOPO:  "\"Tall as a geranium pot\" Cover"
[en] et-at-the-bicoca (75eb0ed0-d174-41b6-bac8-0d7d6e7659be) via didascalie_img
  PRIMA: "Giovanni Grossi alla Bicoca (2017, foto archivio Ombre e Luci)"
  DOPO:  "Giovanni Grossi at the Bicoca (2017, photo from Ombre e Luci archive)"
[en] a-bridge-in-a-nutshell (75fbfe2c-1d57-4f34-83d7-1a78ff395efb) via didascalie_img
  PRIMA: "Foto di Wouter Supardi Salari su Unsplash"
  DOPO:  "Photo by Wouter Supardi Salari on Unsplash"
[en] state-mandated-amniocentesis-and-the-guilt-of-wild-mothers-a-review (760008dc-1021-4e2b-8b67-abdc9dbd3e1e) via didascalie_img
  PRIMA: "Madri selvagge -  - Ombre e Luci n.96, 2006"
  DOPO:  "Wild Mothers - Ombre e Luci n.96, 2006"
[en] faith-and-light (765d9cd2-fa01-4000-9355-e49c831be75d) via didascalie_img
  PRIMA: "Fede e Luce - cover insieme n.2"
  DOPO:  "Faith and Light - together no. 2"
[en] full-of-purpose (76602ccb-5a1e-46ff-8d41-c4878d95622c) via didascalie_img
  PRIMA: "(foto archivio Ombre e Luci)"
  DOPO:  "(photo archive Shadows and Lights)"
[en] two-books-by-federico-de-rosa-what-i-never-said-and-the-island-of-us (76793d44-33d4-4072-bccf-148aa4d341b1) via didascalie_img
  PRIMA: "Copertine dei due libri di Federico de Rosa"
  DOPO:  "Covers of Federico de Rosa's two books"
[en] casablu-a-home-like-any-other (76f7e218-ab09-42cb-8514-cad58839c5a5) via didascalie_img
  PRIMA: "Casa Blu - Ombre e Luci n.72 - 2000"
  DOPO:  "Casa Blu - Shadows and Lights no.72 - 2000"
[en] deaf-blindness-knowledge-as-prevention (777ad706-3e8d-4a9b-8eb3-ba28d4e599c1) via didascalie_img
  PRIMA: "Nella figura, l'alfabeto Malossi: le lettere con il punto si esprimono con un leggero pizzico, le altre con un tocco."
  DOPO:  "In the figure, the Malossi alphabet: the letters with a dot are expressed with a slight pinch, the others with a touch."
[en] do-you-love-me-the-final-question (778807df-6d3b-4985-b2e1-36d311b24928) via didascalie_img
  PRIMA: "Mi vuoi bene - l'ultima domanda  - Ombre e Luci n. 90, 2005"
  DOPO:  "Do you love me - the last question - Shadows and Lights no. 90, 2005"
[en] why-ombre-e-luci-matters (77a4ce8d-d1cb-406b-943d-d063888af73c) via didascalie_img
  PRIMA: "Sabina (foto archivio Ombre e Luci)"
  DOPO:  "Sabina (photo from Ombre e Luci archive)"
[en] i-never-thought-i-could-march-in-a-wheelchair (77d18e56-d437-47d0-a855-03cc0a377757) via didascalie_img
  PRIMA: "(archivio Ombre e Luci)"
  DOPO:  "(Ombre e Luci archive)"
[en] blank-pages (77e2c035-b062-4bd9-8d9c-4ebc78dc3b1b) via didascalie_img
  PRIMA: "Dettaglio della copertina di Ombre e Luci 159"
  DOPO:  "Detail of the cover of Shadows and Lights 159"
[en] finding-the-other-within-me (77fe3b46-baf9-4a4c-8cc3-6e43e36793cb) via didascalie_img
  PRIMA: "Silvia (a sinistra) e Giulia Cirillo (Foto Ombre e Luci)"
  DOPO:  "Silvia (on the left) and Giulia Cirillo (Photo Ombre e Luci)"
[en] people-first-a-reflection-on-disability-justice-and-ethics-book-review (780d67d7-2fac-4594-9372-10939fe9fff1) via didascalie_img
  PRIMA: "Copertina \"Persone prima che disabili\""
  DOPO:  "Cover \"People Before Disabilities\""
[en] keep-the-door-open (7815a5a8-1d1f-4061-9aa2-f573b96acfd7) via didascalie_img
  PRIMA: "(illustrazione archivio Ombre e Luci)"
  DOPO:  "(illustration from Ombre e Luci archive)"
[en] the-craft-workshop-of-bastia-umbra (784198ae-bfc2-4d15-9a73-e8bfbee0c847) via didascalie_img
  PRIMA: "Centro artigianale di Bastia Umbra - Ombre e Luci n. 49, 1995"
  DOPO:  "Craft center of Bastia Umbra - Shadows and Lights no. 49, 1995"
[en] the-road-behind-us (78500ca5-5a3c-4fb9-a140-7256c5b1844f) via didascalie_img
  PRIMA: "(foto archivio Ombre e Luci)"
  DOPO:  "(photo from Ombre e Luci archives)"
[en] unbind-him (785a8193-8cc8-4fcd-9ea4-ace89fe099de) via didascalie_img
  PRIMA: "\"E tu slegalo\" di Maurizio Sciarra (2024)"
  DOPO:  "\"And You Untie Him\" by Maurizio Sciarra (2024)"
[en] an-unexpected-gift-discovering-his-talents (7871f82f-734b-4525-aabd-de3424c6f3b5) via didascalie_img
  PRIMA: "Un figlio a sorpresa La scoperta dei suoi doni  - Ombre e Luci n.92, 2005"
  DOPO:  "A Surprise Son The Discovery of His Gifts - Shadows and Lights No. 92, 2005"
[en] the-dojo-as-classroom-martial-arts-and-childhood-challenges (7883413d-436d-4794-9c52-95a07b86e247) via didascalie_img
  PRIMA: "Problematiche dell’età evolutiva Incontrarsi sul Dojo - Ombre e Luci n.97, 2007"
  DOPO:  "Developmental Age Issues Meeting on the Dojo - Shadows and Lights no. 97, 2007"
[en] iniziativa-amica-a-home-where-motherhood-becomes-joy-again (7883d221-08a9-4e6b-a3c4-9dda25f993f4) via didascalie_img
  PRIMA: "Casa famiglia \"Iniziativa Amica\" - Ombre e Luci n.87, 2004"
  DOPO:  "Family home \"Iniziativa Amica\" - Shadows and Lights no. 87, 2004"
[en] children-and-autism-a-mosaic-of-peace (78a5506c-dfaf-43f3-bfde-42eb8b33d833) via didascalie_img
  PRIMA: "Bambini e autismo: mosaico della pace - Ombre e Luci n.95, 2006"
  DOPO:  "Children and autism: mosaic of peace - Shadows and Lights no. 95, 2006"
[en] fragments-of-solitude-a-review (78a91b01-bb37-4414-b129-2485d444555a) via didascalie_img
  PRIMA: "Copertina del libro \"Frammenti di solitudine\" di Riccardo Sollini (Pendragon, 2020)"
  DOPO:  "Cover of the book \"Fragments of Solitude\" by Riccardo Sollini (Pendragon, 2020)"
[en] journey-to-parma-1976-joy-friendship-and-discovery-with-faith-and-light (79257fe0-39ee-4ade-9525-864082df4b7a) via didascalie_img
  PRIMA: "Immagina tratta da Insieme n.10 - 1976 (archivio Ombre e Luci)"
  DOPO:  "Image from Insieme no. 10 - 1976 (Ombre e Luci archives)"
[en] open-dialogue-no-10 (793ebc30-2056-4c6a-b3e0-2a5553385c4d) via didascalie_img
  PRIMA: "Sempre meglio parlarne, no? (foto archivio Ombre e Luci)"
  DOPO:  "Better to talk about it, right? (photo from Ombre e Luci archive)"
[en] open-dialogue-no-37 (794076ac-a62c-4506-bb86-4a12e5df3b4a) via didascalie_img
  PRIMA: "Sempre meglio parlarne, no? (foto archivio Ombre e Luci)"
  DOPO:  "Always better to talk about it, right? (photo from Ombre e Luci archives)"
[en] a-school-of-life-not-always-easy (7996e39a-11a0-492a-85c8-4228ed4caf3b) via didascalie_img
  PRIMA: "(foto archivio Ombre e Luci)"
  DOPO:  "(photo from Ombre e Luci archives)"
[en] the-greek-hour-review (79bc3b1b-9dce-4040-af59-6f34921abeb1) via didascalie_img
  PRIMA: "Copertina \"L'ora di greco\", Adelphi, 2023"
  DOPO:  "Cover of \"The Greek Hour\", Adelphi, 2023"
[en] he-wasnt-normal (7a04ae40-1c6f-473a-85ef-f3da23c3fa7b) via didascalie_img
  PRIMA: "(foto archivio Ombre e Luci)"
  DOPO:  "(photo from Ombre e Luci archive)"
[en] open-dialogue-no-44 (7a287b64-52e9-488c-896c-6de2b41c881a) via didascalie_img
  PRIMA: "Sempre meglio parlarne, no? (foto archivio Ombre e Luci)"
  DOPO:  "Always better to talk about it, right? (photo from Ombre e Luci archive)"
[en] what-about-the-other-children (7a326491-0157-4b79-ae95-045a8c26bb85) via didascalie_img
  PRIMA: "(foto archivio Ombre e Luci)"
  DOPO:  "(photo from Ombre e Luci archives)"
[en] sasas-storma-review (7a5256c1-03aa-4727-8753-3b9833804903) via didascalie_img
  PRIMA: "Copertina \"La tempesta di Sasà\""
  DOPO:  "Cover of \"Sasà's Storm\""
[en] the-gospel-in-mime-building-bridges (7a7ab5e7-929d-4ac1-9b9d-e0671b02f020) via didascalie_img
  PRIMA: "Mimo durante la Santa Messa a San Pietro del 12 giugno 2016 (foto archivio Ombre e Luci)"
  DOPO:  "Mime during Holy Mass at St. Peter's on June 12, 2016 (photo archive Ombre e Luci)"
[en] open-dialogue-no-26 (7ab24c76-5e3a-471c-bb72-a671b4c81062) via didascalie_img
  PRIMA: "Sempre meglio parlarne, no? (foto archivio Ombre e Luci)"
  DOPO:  "Better to talk about it, right? (photo from Ombre e Luci archives)"
[en] for-every-sabina-in-the-world (7ab44220-0754-48ee-a88e-14f5c6071a68) via didascalie_img
  PRIMA: "Le recensioni di Ombre e Luci"
  DOPO:  "The reviews of Ombre e Luci"
[en] what-more-can-i-tell-you (7adbb859-6575-491f-a416-62ec11c8e9e7) via didascalie_img
  PRIMA: "Papa Woytila a San Pio V (foto archivio Ombre e Luci)"
  DOPO:  "Pope John Paul II at St. Pius V (photo from Ombre e Luci archives)"
[en] safe-surfing-how-to-navigate-the-internet-safely (7b0c904e-bca9-473d-84d9-df74347dc0da) via didascalie_img
  PRIMA: "(foto archivio Ombre e Luci)"
  DOPO:  "(photo from Ombre e Luci archive)"
[en] encounters (7b246b13-fa5d-4bf3-8f13-e91c08aebeda) via didascalie_img
  PRIMA: "(foto archivio Ombre e Luci)"
  DOPO:  "(photo from Ombre e Luci archives)"
[en] viola-and-mimosa-disappeared (7b399ebc-7ce7-41b4-8316-9be7ccfe8c8d) via didascalie_img
  PRIMA: "Viola e Mimosa"
  DOPO:  "Violet and Mimosa"
[en] assisi-1986-a-photographic-record (7b3b9ec8-c7a2-4009-9d60-b194198ca315) via didascalie_img
  PRIMA: "La festa finale del pellegrinaggio. Durante la danza i partecipanti propongono i loro vivaci \"vestiti\"  ai piedi di San Francesco rappresentato da una bambina, per simboleggiare il liberarsi delle \"cose\" (foto archivio Ombre e Luci)"
  DOPO:  "The final celebration of the pilgrimage. During the dance, participants offer their vibrant \"outfits\" at the feet of Saint Francis represented by a little girl, to symbolize letting go of \"things\" (photo from Ombre e Luci archives)"
[en] thank-you-pope-francis-for-your-love (7b45c2a3-3d27-4743-85f9-62e9aac37a60) via didascalie_img
  PRIMA: "Papa Francesco con Antonino in Piazza San Pietro (foto archivio Ombre e Luci)"
  DOPO:  "Pope Francis with Antonino in Saint Peter's Square (photo from Ombre e Luci archives)"
[en] why-rome-for-the-1975-pilgrimage (7b5fe536-316c-4586-ba21-8b923edde8bc) via didascalie_img
  PRIMA: "Immagina tratta da Insieme n.6 - 1975 (archivio Ombre e Luci)"
  DOPO:  "Image from Insieme n.6 - 1975 (Ombre e Luci archives)"
[en] a-correspondence-course-for-parents-of-children-with-down-syndrome (7b6461cd-133b-4fe1-ab8a-5ba10610d49c) via didascalie_img
  PRIMA: "Le recensioni di Ombre e Luci"
  DOPO:  "The reviews by Shadows and Lights"
[en] call-me-alexa-review (7b6fd1d0-10e9-45f4-9f12-880393f5d315) via didascalie_img
  PRIMA: "Copertina \"Chiamami Alex\" (foto archivio Ombre e Luci, 2013)"
  DOPO:  "Cover of \"Call Me Alex\" (photo from Ombre e Luci archive, 2013)"
[en] pilgrims-together-we-are-all-on-a-journey (7ba58d08-852a-43e1-a883-ee27dc654c57) via didascalie_img
  PRIMA: "Una delle illustrazioni deUna delle illustrazioni dell'articolo (archivio Ombre e Luci)"
  DOPO:  "One of the illustrations from the article (Ombre e Luci archives)"
[en] faith-and-light-in-lebanon-choosing-hope-in-war (7bb31f79-e3fd-46ef-9398-e84ef0e5c8f6) via didascalie_img
  PRIMA: "(foto archivio Ombre e Luci, 1990)"
  DOPO:  "(photo from Ombre e Luci archives, 1990)"
[en] beyond-the-aquarium (7bbfa5e7-1208-460a-b0c7-afdead608b85) via didascalie_img
  PRIMA: "(foto archivio Ombre e Luci)"
  DOPO:  "(photo from Ombre e Luci archive)"
[en] open-forum-no-55 (7bc4ea89-704c-4a0c-8c98-408077f48744) via didascalie_img
  PRIMA: "Sempre meglio parlarne, no? (foto archivio Ombre e Luci)"
  DOPO:  "Always better to talk about it, right? (photo from Ombre e Luci archive)"
[en] the-holy-spirit-gift-of-the-risen-jesus (7c5151cd-dc39-44db-9bb0-086139655228) via didascalie_img
  PRIMA: "Una delle illustrazioni deUna delle illustrazioni dell'articolo (archivio Ombre e Luci)"
  DOPO:  "One of the illustrations from the article (Ombre e Luci archive)"
[en] open-dialogue-no-58 (7c55fa8d-427d-47de-b9b8-f1fb1c64a26a) via didascalie_img
  PRIMA: "Sempre meglio parlarne, no? (foto archivio Ombre e Luci)"
  DOPO:  "Always better to talk about it, right? (photo from Ombre e Luci archive)"
[en] we-woke-up (7cb26cc1-ff21-4eef-aaef-77e5aba9f459) via didascalie_img
  PRIMA: "Dettaglio della testata di \"Insieme\""
  DOPO:  "Detail of the masthead of \"Insieme\""
[en] signs-a-review (7d0bf3ce-9982-445b-b71b-dc42819ebc33) via didascalie_img
  PRIMA: "Segni, copertina"
  DOPO:  "Segni, cover"
[en] a-special-wish (7d10d2ad-e80c-4c04-b3aa-306cf22c4874) via didascalie_img
  PRIMA: "Un augurio speciale"
  DOPO:  "A special wish"
[en] diving-into-stories-but-never-alone (7d1cb58a-37a6-4e59-8350-abb91b7d452f) via didascalie_img
  PRIMA: "Un momento di lettura ad alta voce al mare"
  DOPO:  "A moment of reading aloud at the sea"
[en] locarnos-accessibility-vision (7d2fb717-7dfc-46e9-9cb2-0811c8ae9460) via didascalie_img
  PRIMA: "Locarno Festival 2022 © Film Festival Locarno / Ti-Press / Massimo Piccoli"
  DOPO:  "Locarno Festival 2022 © Locarno Film Festival / Ti-Press / Massimo Piccoli"
[en] open-dialogue-no-35 (7d539718-5752-473b-aadc-cfedb3b6e76d) via didascalie_img
  PRIMA: "Sempre meglio parlarne, no? (foto archivio Ombre e Luci)"
  DOPO:  "Always better to talk about it, right? (photo from Ombre e Luci archive)"
[en] open-dialogue-no-17 (7d6bed04-43f1-468a-83dc-eb3b22acb880) via didascalie_img
  PRIMA: "Sempre meglio parlarne, no? (foto archivio Ombre e Luci)"
  DOPO:  "Better to talk about it, right? (photo from Ombre e Luci archives)"
[en] what-if-being-deaf-were-a-superpower (7da570aa-7c9e-49eb-a40f-8f1229b12632) via didascalie_img
  PRIMA: "SuperSorda - Poster serie tv"
  DOPO:  "SuperSorda - TV series poster"
[en] a-bearer-of-good-news (7db00c3c-4b6d-4d55-9342-921f2e603258) via didascalie_img
  PRIMA: "Mariangela Bertolini durante un incontro di Fede e Luce in Polonia agli inizi degli anni 80"
  DOPO:  "Mariangela Bertolini during a Faith and Light meeting in Poland in the early 1980s"
[en] as-brother-and-father (7dc8bb48-24d6-4906-8204-8f6e8820fc2c) via didascalie_img
  PRIMA: "Don Stefano con il fratello (foto archivio Ombre e Luci)"
  DOPO:  "Don Stefano with his brother (photo from Ombre e Luci archive)"
[en] sparks-of-friendship (7dcd7acb-0648-4b42-b839-40be0e5466a7) via didascalie_img
  PRIMA: "Foto dal sito de <a href=\"https://www.lascintillaonlus.org\" target=\"_blank\" rel=\"noopener\">La scintilla onlus</a>"
  DOPO:  "Photo from the website of <a href=\"https://www.lascintillaonlus.org\" target=\"_blank\" rel=\"noopener\">La scintilla onlus</a>"
[en] open-dialogue-no-57 (7e043363-4b03-401b-8b6b-6f2c1d759d53) via didascalie_img
  PRIMA: "Sempre meglio parlarne, no? (foto archivio Ombre e Luci)"
  DOPO:  "Always better to talk about it, isn't it? (photo from Ombre e Luci archives)"
[en] theres-a-problem-we-face-it-head-on (7e0cacc5-f757-445a-b84f-2943c60a2225) via didascalie_img
  PRIMA: "Anna Claudia Cartoni con la figlia Irene - Recensione Irene sta carina"
  DOPO:  "Anna Claudia Cartoni with her daughter Irene - Review Irene looks lovely"
[en] open-dialogue-no-140 (7e200044-8679-41f6-abb6-68adb3f890ea) via didascalie_img
  PRIMA: "Sempre meglio parlarne, no? (foto archivio Ombre e Luci)"
  DOPO:  "It's always better to talk about it, isn't it? (photo from Ombre e Luci archives)"
[en] through-half-closed-shutters (7e4a8436-1ad0-4891-925d-cbe56cb32cba) via didascalie_img
  PRIMA: "Le locandine di tutte le edizioni de Lo Spiraglio"
  DOPO:  "The posters of all editions of Lo Spiraglio"
[en] a-place-for-everyone-work-dignity-and-autism-at-autelier (7e4e1ba5-7ac1-48f7-a42e-b60788a01ca8) via didascalie_img
  PRIMA: "Il negozio di abbigliamento AUTelier a Milano"
  DOPO:  "The AUTelier clothing store in Milan"
[en] meeting-mary-magdalene-from-prison-to-the-religious-lifethe-sisters-of-betania-bear-witness (7e695d72-6c86-4947-9ab8-e265e3b442d9) via didascalie_img
  PRIMA: "Le recensioni di Ombre e Luci"
  DOPO:  "Shadows and Lights reviews"
[en] open-forum-no-36 (7e83743d-551a-4ed0-ad5a-119b11e9429f) via didascalie_img
  PRIMA: "Sempre meglio parlarne, no? (foto archivio Ombre e Luci)"
  DOPO:  "Always better to talk about it, right? (photo from Ombre e Luci archive)"
[en] stop-and-listen-to-us (7e8fb44d-540c-4d25-954c-67533281e18c) via didascalie_img
  PRIMA: "Campeggio di Alfedena. Patrick chinato su Noris"
  DOPO:  "Alfedena campsite. Patrick bent over Noris"
[en] open-dialogue-no-22 (7e913ae0-d640-42b9-bc12-ae6b6f1f3309) via didascalie_img
  PRIMA: "Sempre meglio parlarne, no? (foto archivio Ombre e Luci)"
  DOPO:  "Always better to talk about it, right? (photo from Ombre e Luci archives)"
[en] why-this-pilgrimage (7eafdc34-4500-49b8-a721-165d3cdb2d0f) via didascalie_img
  PRIMA: "Pellegrinaggio Roma 1975 - Insieme n.5 - 1975 (archivio Ombre e Luci)"
  DOPO:  "Pilgrimage Rome 1975 - Together n.5 - 1975 (Ombre e Luci archive)"
[en] the-revolution-of-the-knife (7ecafe9c-a122-4757-a13e-ac0aa63b557d) via didascalie_img
  PRIMA: "Chef Antonio De Benedetto  con un tirocinante nella cucina del Tacabanda (Foto tratta dal film \"La rivoluzione del coltello\")"
  DOPO:  "Chef Antonio De Benedetto with an intern in the kitchen of Tacabanda (Photo from the film \"The Revolution of the Knife\")"
[en] not-the-child-i-expected (7f14e0dd-8d2f-46f1-879d-9f4a63cb2c49) via didascalie_img
  PRIMA: "Copertina \"Non è te che aspettavo\""
  DOPO:  "Cover of \"It's Not You I Was Waiting For\""
[en] school-made-for-every-child (7f86832b-8f92-4d43-8bd6-a9ddcf7d6345) via didascalie_img
  PRIMA: "Ombre e Luci n. 64 - 1998"
  DOPO:  "Shadows and Lights no. 64 - 1998"
[en] a-keychain-just-like-mine (7fbaeda5-6e1f-476a-b031-ff13b21f7daf) via didascalie_img
  PRIMA: "Benedetta Coppari a pranzo con il fidanzato"
  DOPO:  "Benedetta Coppari at lunch with her fiancé"
[en] how-can-i-answer-you-alberto (7fd529e2-b175-4136-8152-0410e9b1c9f5) via didascalie_img
  PRIMA: "(foto archivio Ombre e Luci)"
  DOPO:  "(photo from Ombre e Luci archives)"
[en] answering-your-questions (7ffb8efa-25bf-488a-9b4a-cca55ec230aa) via didascalie_img
  PRIMA: "Antonietta Pantone, autrice per Ombre e Luci"
  DOPO:  "Antonietta Pantone, author for Ombre e Luci"
[en] i-wait-for-dawnnot-for-scouts-at-noon-mass (800ac202-2e4c-4c24-b105-5408ed950a7d) via didascalie_img
  PRIMA: "Benedetta Mattei al coro"
  DOPO:  "Benedetta Mattei at the choir"
[en] a-vitamin-among-the-people (802d8eb9-baab-4faf-aba4-767c0778e2ad) via didascalie_img
  PRIMA: "Suor Camelia e Nora"
  DOPO:  "Sister Camelia and Nora"
[en] father-francesco-our-gift (807ed4e8-bb56-464b-9246-3c605f1640c9) via didascalie_img
  PRIMA: "Don francesco - Ombre e Luci n.90, 2005"
  DOPO:  "Don Francesco - Shadows and Lights no. 90, 2005"
[en] a-community-is-being-together (809f066f-c1d2-4323-a9c6-3bd501521484) via didascalie_img
  PRIMA: "(foto archivio Ombre e Luci, 2013)"
  DOPO:  "(photo from Ombre e Luci archives, 2013)"
[en] bringing-the-mass-to-life-making-it-one (80bd098d-9799-4544-b5e5-ba1d109e00c4) via didascalie_img
  PRIMA: "(archivio Ombre e Luci)"
  DOPO:  "(Ombre e Luci archive)"
[en] king-33-and-his-33-golden-buttons-a-review (81070dbb-5a77-474b-bed5-f0b985317a9a) via didascalie_img
  PRIMA: "Re 33 e i suoi 33 bottoni d'oro - Recensione - Ombre e Luce n. 96, 2006"
  DOPO:  "King 33 and his 33 golden buttons - Review - Shadows and Light no. 96, 2006"
[en] the-weak-as-peacemakers (8109eb9f-e490-4b03-8d03-6d0859ccc3f1) via didascalie_img
  PRIMA: "(foto archivio Ombre e Luci)"
  DOPO:  "(photo from Ombre e Luci archive)"
[en] the-professor-wants-me-in-class (8124cba2-4b6b-4a4a-844d-277e749c1ecd) via didascalie_img
  PRIMA: "Benedetta allo stadio"
  DOPO:  "Benedetta at the stadium"
[en] the-grain-living-the-gospel-in-action (8141c3e9-11fd-4572-aeb0-3255381a2389) via didascalie_img
  PRIMA: "Una delle rappresentazioni bibliche al Chicco (foto archivio Ombre e Luci)"
  DOPO:  "One of the biblical representations at the Chicco (photo from Ombre e Luci archives)"
[en] 70-games-to-calm-your-child-ages-26 (816ff7aa-0a70-4d7f-86f8-a4764f127e54) via didascalie_img
  PRIMA: "Le recensioni di Ombre e Luci"
  DOPO:  "Ombre e Luci Reviews"
[en] hope-a-review (8181e7d9-8561-4dac-9470-5e6242d4b32b) via didascalie_img
  PRIMA: "«Speranza» -  Gianni Rodari (EMME EDITION, 2021)"
  DOPO:  "\"Hope\" - Gianni Rodari (EMME EDITION, 2021)"
[en] forty-years-of-faith-and-light-a-celebration (81b78a66-2b91-4dc3-a049-bc4f3799f409) via didascalie_img
  PRIMA: "La grafica per il compleanno di Fede e Luce: 40 anni (1971-2011)"
  DOPO:  "The graphic for Faith and Light's birthday: 40 years (1971-2011)"
[en] the-meaning-of-a-life-and-a-choice (81dfe77f-b712-4b62-83a1-063f1ad4020e) via didascalie_img
  PRIMA: "Foto di Jackson David su Unsplash"
  DOPO:  "Photo by Jackson David on Unsplash"
[en] what-they-say-about-them (81f5d2bd-9abb-4d94-9a5d-e38d3bce4c2e) via didascalie_img
  PRIMA: "Sogni d'oro (Illustrazione di <a href=\"https://www.behance.net/arianna_floris\">Arianna Foris</a>)"
  DOPO:  "Sweet Dreams (Illustration by <a href=\"https://www.behance.net/arianna_floris\">Arianna Foris</a>)"
[en] thank-you-for-this-disabled-child (81fe3c57-8e8d-4615-8135-770a6de4bf39) via didascalie_img
  PRIMA: "Rubriche dialogo aperto"
  DOPO:  "Open Dialogue Columns"
[en] a-beautiful-and-generous-simplicity (8223a756-18b3-4208-905b-552f16c7d5fc) via didascalie_img
  PRIMA: "(foto archivio Ombre e Luci)"
  DOPO:  "(photo from Ombre e Luci archive)"
[en] a-wealth-given-freely (823d1b2b-c793-42db-83a4-cabd0d24740a) via didascalie_img
  PRIMA: "(foto archivio Ombre e Luci)"
  DOPO:  "(photo from Ombre e Luci archive)"
[en] transforming-practice (82597415-3964-4b99-b7ab-96431edfce89) via didascalie_img
  PRIMA: "Franco Basaglia (Archivio Ombre e Luci)"
  DOPO:  "Franco Basaglia (Ombre e Luci Archive)"
[en] the-room-of-the-bear-and-the-bee-a-review (82c20c23-3460-4d9e-b7e8-4d34cd09fac2) via didascalie_img
  PRIMA: "La stanza dell’orso e dell’ape - Recensione - Ombre e Luci n.97, 2007"
  DOPO:  "The Room of the Bear and the Bee - Review - Shadows and Lights no. 97, 2007"
[en] emmas-backpack-a-book-review (82f24d2d-8f6b-482a-9b61-6aaef12af428) via didascalie_img
  PRIMA: "Copertina \"Lo zaino di Emma\""
  DOPO:  "Cover of \"Emma's Backpack\""
[en] he-sees-hears-and-speaks-through-his-hands (82fc2ee3-3f41-42b1-b3ee-5851379e2fd0) via didascalie_img
  PRIMA: "(foto archivio Ombre e Luci)"
  DOPO:  "(photo from Ombre e Luci archives)"
[en] the-mad-woman-of-piazza-giudia-a-review (83474659-8989-47b0-900a-d5cb1dac8db8) via didascalie_img
  PRIMA: "La matta di piazza Giudia - Gaetano Petraglia (Giuntina, 2022)"
  DOPO:  "The Madwoman of Piazza Giudia - Gaetano Petraglia (Giuntina, 2022)"
[en] the-invisible-care-a-movement-for-family-caregivers (8349d97e-2b11-4e8e-8a2a-3ade1f65fb20) via didascalie_img
  PRIMA: "Foto di Josh Appel su Unsplash"
  DOPO:  "Photo by Josh Appel on Unsplash"
[en] letters-on-sufferingunderstanding-the-mystery-of-pain (834a3977-0f25-4c33-9e84-bc171cd79ed2) via didascalie_img
  PRIMA: "Le recensioni di Ombre e Luci"
  DOPO:  "The Ombre e Luci Reviews"
[en] the-child-with-epilepsy (837e8ec0-39b2-452a-934d-7c4ea55c6a29) via didascalie_img
  PRIMA: "Le recensioni di Ombre e Luci"
  DOPO:  "Reviews by Shadows and Lights"
[en] as-in-transparency-diary-of-a-man-with-parkinsonsa-review (8381adfe-00ce-4ccc-b118-69f02ac57b0c) via didascalie_img
  PRIMA: "Come in trasparenza, diario di un malato di Parkinson - Recensione - Ombre e Luci n.93, 2006"
  DOPO:  "As in Transparency, Diary of a Parkinson's Patient - Review - Shadows and Lights n.93, 2006"
[en] even-without-hearing-even-without-a-voice (83921448-58c1-405e-ad0d-0031353292e4) via didascalie_img
  PRIMA: "(foto archivio Ombre e Luci)"
  DOPO:  "(photo from Ombre e Luci archives)"
[en] awakening-hope (83afd401-46ff-4cab-8112-8d5bfc78aa7c) via didascalie_img
  PRIMA: "(foto archivio Ombre e Luci)"
  DOPO:  "(photo from Ombre e Luci archives)"
[en] ombre-e-luci-reader-survey (83e63e34-e28a-49f3-ae02-18d7be91a01e) via didascalie_img
  PRIMA: "Davide e sua mamma Rosamaria (foto archivio Ombre e Luci, 1990)"
  DOPO:  "David and his mother Rosamaria (photo archive Shadows and Lights, 1990)"
[en] i-believe-in-friendship (83fbe420-faad-4e1c-b3ad-2517e6102e6a) via didascalie_img
  PRIMA: "Io all'amicizia ci credo - Insieme n.4 1975  - Ombre e Luci"
  DOPO:  "I believe in friendship - Together n.4 1975 - Shadows and Lights"
[en] teaching-the-prince-of-denmark-a-school-diary-reviewed (84088c2d-00a2-4bd3-b8c5-b62b44d7f7a6) via didascalie_img
  PRIMA: "Copertina di \"Insegnare al principe di Danimarca\" di Carla Melazzini (Sellerio, 2011)"
  DOPO:  "Cover of \"Teaching the Prince of Denmark\" by Carla Melazzini (Sellerio, 2011)"
[en] open-dialogue-101 (842040ae-a324-4b41-971f-db4ec3180ec9) via didascalie_img
  PRIMA: "Sempre meglio parlarne, no? (foto archivio Ombre e Luci)"
  DOPO:  "Always better to talk about it, right? (photo from Ombre e Luci archive)"
[en] the-language-of-hope (84231c06-d500-4c34-8823-874d597cccfa) via didascalie_img
  PRIMA: "Un momento del secondo incontro (autunno 2021)"
  DOPO:  "A moment from the second meeting (autumn 2021)"
[en] teaching-by-example (846aa216-9bfb-4d14-9b4a-52fd9cc251d1) via didascalie_img
  PRIMA: "(foto archivio Ombre e Luci)"
  DOPO:  "(photo from Ombre e Luci archives)"
[en] spanish-cinema-at-san-sebastian-a-festival-divided (849d19d6-0efe-49ab-bba1-c272fe19e8ff) via didascalie_img
  PRIMA: "Tardes de soledad di Albert Serra (2024)"
  DOPO:  "Afternoons of Solitude by Albert Serra (2024)"
[en] different-buds-floral-art-and-disabilitythe-beauty-of-a-path-made-possible (84cf4e9a-dd5c-4702-a9b0-6192b184cd1d) via didascalie_img
  PRIMA: "I ragazzi al lavoro sulle composizioni floreali (foto archivio Ombre e Luci)"
  DOPO:  "The boys working on the floral arrangements (photo from Ombre e Luci archive)"
[en] seven-myths-about-down-syndrome (8500787e-370c-4b71-9e8b-0f5ade5a9d38) via didascalie_img
  PRIMA: "(foto archivio Ombre e Luci, 2013)"
  DOPO:  "(photo from Ombre e Luci archives, 2013)"
[en] early-childhood-psychosis-what-is-it (8524c876-34a9-4e92-bf59-20318c7cd889) via didascalie_img
  PRIMA: "(foto archivio Ombre e Luci)"
  DOPO:  "(photo from Ombre e Luci archives)"
[en] when-a-doctor-announces-disability-what-parents-and-physicians-face (852d5e53-75a2-4b76-a273-b6ccf1e129ab) via didascalie_img
  PRIMA: "Feto a 8 settimane - Genitori e medici davanti all’annuncio dell'handicap - Ombre e Luce n.94, 2006"
  DOPO:  "Fetus at 8 weeks - Parents and doctors facing the announcement of disability - Shadows and Light n.94, 2006"
[en] when-courage-becomes-the-cure (854a12d6-3b88-4082-a068-5e00746b6821) via didascalie_img
  PRIMA: "Le recensioni di Ombre e Luci"
  DOPO:  "Ombre e Luci Reviews"
[en] lorellas-embrace (8557be44-faca-4e30-8d8a-dcf55002cec4) via didascalie_img
  PRIMA: "L'abbraccio di Lorella - Ombre e Luci n.98, 2007"
  DOPO:  "Lorella's Embrace - Ombre e Luci no. 98, 2007"
[en] integration-in-schools-the-case-for-and-against (8560b47c-8ae0-4c29-93c2-17e389204f02) via didascalie_img
  PRIMA: "Scuola integrazione disabili pro e contro - Insieme n.4 1975"
  DOPO:  "School integration for people with disabilities - pros and cons - Insieme no. 4 1975"
[en] listen-well-joseph (85ebb7a2-8163-4222-8e61-0e487e36612c) via didascalie_img
  PRIMA: "(foto archivio Ombre e Luci, 1990)"
  DOPO:  "(photo from Ombre e Luci archive, 1990)"
[en] the-mystery-of-the-psychotic-child (8603eb4a-dcb0-4584-ae51-e352a0ca0a70) via didascalie_img
  PRIMA: "(foto archivio Ombre e Luci)"
  DOPO:  "(photo from Ombre e Luci archives)"
[en] a-walk-in-the-countryside (860a20d7-b066-4f93-83e9-626e6a7a9d67) via didascalie_img
  PRIMA: "(foto archivio Ombre e Luci, 1990)"
  DOPO:  "(photo from Ombre e Luci archives, 1990)"
[en] ill-give-it-a-try (8610ad5d-ca51-480b-ab38-85aff6ae4882) via didascalie_img
  PRIMA: "(foto archivio Ombre e Luci)"
  DOPO:  "(photo from Ombre e Luci archive)"
[en] being-adult-being-handicapped (86201d0d-dc06-4e65-b815-8626183c5c7b) via didascalie_img
  PRIMA: "Le recensioni di Ombre e Luci"
  DOPO:  "Ombre e Luci Reviews"
[en] victories-and-struggles (8634d9e7-9c5d-4487-89dc-ecc664c0a9ba) via didascalie_img
  PRIMA: "Giorgio Spigolon (Foto Luciana Spigolon)"
  DOPO:  "Giorgio Spigolon (Photo by Luciana Spigolon)"
[en] open-dialogue-130 (8650c0b1-5bd7-415c-b217-8f87b1f8509a) via didascalie_img
  PRIMA: "Sempre meglio parlarne, no? (foto archivio Ombre e Luci)"
  DOPO:  "Always better to talk about it, right? (photo from Ombre e Luci archives)"
[en] sanremo-as-far-as-i-could-see-1 (8665905f-88b1-41b6-9dc8-c2968ea1d834) via didascalie_img
  PRIMA: "Sanremo fin dove l'ho visto - Davide Passeri - Podcast - Ombre e Luci"
  DOPO:  "Sanremo as far as I saw it - Davide Passeri - Podcast - Shadows and Lights"
[en] epilepsy-a-neurological-disorder-still-misunderstood (86d2e92f-df3b-458e-937f-a5ec8082ef81) via didascalie_img
  PRIMA: "(foto archivio Ombre e Luci)"
  DOPO:  "(photo from Ombre e Luci archives)"
[en] voices-from-rome-a-1975-pilgrimage-in-testimony-and-hope (86e5ffe4-2124-418e-9915-19fa3a15c05b) via didascalie_img
  PRIMA: "Immagina tratta da Insieme n.7 - 1975 (archivio Ombre e Luci)"
  DOPO:  "Image taken from Insieme n.7 - 1975 (Ombre e Luci archives)"
[en] joyeux-noel-543d (86f04a44-c9fc-418f-9881-6bd0e66dca6e) via didascalie_img
  PRIMA: "(foto archivio Ombre e Luci)"
  DOPO:  "(photo from Ombre e Luci archive)"
[en] paper-barriers (870af581-f92a-461f-8122-2b19dcf62b48) via didascalie_img
  PRIMA: "Le recensioni di Ombre e Luci"
  DOPO:  "The reviews of Ombre e Luci"
[en] dreaming-of-the-paralympics (8714fb62-17c8-4a5b-81a0-f4d087e8d9d4) via didascalie_img
  PRIMA: "Le mascotte delle Olimpiadi e Paralimpiadi 2024 a Parigi"
  DOPO:  "The mascots of the 2024 Olympics and Paralympics in Paris"
[en] a-photograph-in-black-and-white (876bc648-3967-4b03-9c6c-36bcc543eb6d) via didascalie_img
  PRIMA: "Da sinistra: Cristina, Luciana e Giorgio Spigolon (Foto Spigolon, fine anni 60 ca.)"
  DOPO:  "From left: Cristina, Luciana and Giorgio Spigolon (Spigolon photo, late 1960s circa)"
[en] yolandas-mimosas (878ce62c-b6f7-4911-a719-aaee69c6d610) via didascalie_img
  PRIMA: "Foto di Lucy Chian su Unsplash"
  DOPO:  "Photo by Lucy Chian on Unsplash"
[en] the-language-of-the-body-techniques-and-games-for-animation-through-movement-a-review (87924f88-9103-4024-9441-691bc6fcc37a) via didascalie_img
  PRIMA: "(foto archivio Ombre e Luci)"
  DOPO:  "(photo from Ombre e Luci archives)"
[en] witnesses-to-encounter (87fbfa7e-64ed-495f-82db-d047840a5999) via didascalie_img
  PRIMA: "La delegazione Fede e Luce incontra mons. Galantino (foto archivio Ombre e Luci)"
  DOPO:  "The Faith and Light delegation meets with Bishop Galantino (photo archive Shadows and Lights)"
[en] being-present-to-the-dying (8802df65-2cd2-4c44-9746-711fb82ac9ca) via didascalie_img
  PRIMA: "Marie-Sylvie Richard con un malato  - Ombre e Luci n.88, 2004"
  DOPO:  "Marie-Sylvie Richard with a patient - Shadows and Lights no. 88, 2004"
[en] community-as-a-place-of-forgiveness-and-celebration (8811b590-91fa-4003-9284-83f40d0716ba) via didascalie_img
  PRIMA: "Le recensioni di Ombre e Luci"
  DOPO:  "Shadows and Lights Reviews"
[en] faith-and-light-issue-63 (8821c96a-69de-46f4-b787-a1d9f56f0ce9) via didascalie_img
  PRIMA: "Vita Fede e Luce - Ombre e Luci n. 63 - 1998"
  DOPO:  "Life Faith and Light - Shadows and Lights no. 63 - 1998"
[en] padel-for-autism-a-game-where-everyone-wins (8843b92b-8d62-4d77-bfc9-c6d8ef28ef72) via didascalie_img
  PRIMA: "Una delle lezioni durante il Padel Autism Tour"
  DOPO:  "One of the lessons during the Padel Autism Tour"
[en] twenty-years-of-befana (88521e2e-cfc0-44cc-92c3-dfb28e102ff9) via didascalie_img
  PRIMA: "La festa della Befana a casa di Luciana Spigolon (gennaio 2025)"
  DOPO:  "The Epiphany celebration at Luciana Spigolon's home (January 2025)"
[en] for-a-friend (8858e998-03ee-49b6-b52d-a08a6a611fa3) via didascalie_img
  PRIMA: "Immagina tratta da Insieme n.10 - 1976 (archivio Ombre e Luci)"
  DOPO:  "Image taken from Insieme n.10 - 1976 (Ombre e Luci archive)"
[en] autistic-children-a-guide-for-parents-book-review (886371dc-f962-40ce-9999-eb50ed31d613) via didascalie_img
  PRIMA: "Copertina \"I bambini autistici\""
  DOPO:  "Cover \"Autistic Children\""
[en] a-path-of-love (886a2407-75e8-49fb-a71e-5ff764b1d4d1) via didascalie_img
  PRIMA: "(foto archivio Ombre e Luci, 1990)"
  DOPO:  "(photo from Ombre e Luci archive, 1990)"
[en] masterchefs-new-recipe-tenderness-without-pity (889f0957-1efc-469a-a9bc-a7a4b27a2b38) via didascalie_img
  PRIMA: "(foto archivio Ombre e Luci)"
  DOPO:  "(photo from Ombre e Luci archive)"
[en] carlo-gnocchi-selected-writings-19341956 (88d2067c-55a4-45c6-ac36-4276f19c72b7) via didascalie_img
  PRIMA: "Le recensioni di Ombre e Luci"
  DOPO:  "Reviews by Ombre e Luci"
[en] a-great-prophecy (890728a1-43a1-4fb0-b906-cbe9bee8719b) via didascalie_img
  PRIMA: "Applausi alla fine della prima serata (foto archivio Ombre e Luci)"
  DOPO:  "Applause at the end of the first evening (photo from Ombre e Luci archives)"
[en] so-much-work-to-do (893f49e3-1a21-4b80-9de6-fed1fce17064) via didascalie_img
  PRIMA: "(foto archivio Ombre e Luci)"
  DOPO:  "(photo from Ombre e Luci archive)"
[en] the-community-that-welcomes-the-rejected-review (895a1f45-69c2-4c10-96dc-12c529cb7e27) via didascalie_img
  PRIMA: "Copertina del libro \"La comunità che accoglie i rifiutati\""
  DOPO:  "Cover of the book \"The Community That Welcomes the Rejected\""
[en] creatures-discomforts (89726cf1-d554-438d-9c6d-2708fe3c3278) via didascalie_img
  PRIMA: "Un'immagine di \"Creature Conforts\" \t©Aardman Animations"
  DOPO:  "An image from \"Creature Comforts\" ©Aardman Animations"
[en] today-im-free (8975eeba-0d34-480b-9caf-4e8409fb6528) via didascalie_img
  PRIMA: "Cristobal Clavijo Zàrate (foto archivio Ombre e Luci)"
  DOPO:  "Cristobal Clavijo Zàrate (photo from Ombre e Luci archives)"
[en] perceval-a-place-to-live-and-learn (89900a12-7164-41aa-97ba-6700d33b3204) via didascalie_img
  PRIMA: "Parceval (foto archivio Ombre e Luci)"
  DOPO:  "Parceval (photo from Ombre e Luci archive)"
[en] seveso-1976-what-the-dioxin-didnt-tell-us (89d317f9-1596-4bdb-a172-6e15d2c137dd) via didascalie_img
  PRIMA: "Copertina \"Seveso 1976\""
  DOPO:  "Cover \"Seveso 1976\""
[en] parents-reflect-on-cardinal-martinis-words (89d5237b-2f6a-457c-a5be-68363a619395) via didascalie_img
  PRIMA: "(foto archivio Ombre e Luci)"
  DOPO:  "(photo from Ombre e Luci archives)"
[en] invisible-barriers-to-the-heart (89e8fd71-cf47-4743-ad71-a5af00d04fd5) via didascalie_img
  PRIMA: "Dima con un'amica durante il pellegrinaggio in Ukraina"
  DOPO:  "Dima with a friend during the pilgrimage in Ukraine"
[en] does-prayer-for-peace-actually-work (8a061dd1-0433-48ae-9a16-ded3fb460e4e) via didascalie_img
  PRIMA: "Festeggiamenti per i 40 anni di Fede e Luce a Lviv (Ucraina), a cui hanno partecipato anche le comunità di Russia, Repubblica Ceca, Slovacchia, Lituania e Georgia (2012) (Foto Foi et Lumière)"
  DOPO:  "Celebrations for the 40th anniversary of Faith and Light in Lviv (Ukraine), which were also attended by communities from Russia, Czech Republic, Slovakia, Lithuania and Georgia (2012) (Photo Faith and Light)"
[en] dear-nicole (8a08e70a-b4e8-4d58-995d-418cd2b83927) via didascalie_img
  PRIMA: "Cara Nicole - Ombre e Luce n. 96, 2006"
  DOPO:  "Dear Nicole - Shadows and Light no. 96, 2006"
[en] an-uncommon-leader-for-larche (8a11c7dd-3530-4b4e-aff4-72e26aa13210) via didascalie_img
  PRIMA: "Stephan Posner, il direttore dell’Arca in Francia"
  DOPO:  "Stephan Posner, the director of the Ark in France"
[en] learning-to-dress-myself (8a5b391f-b550-4865-ad91-8c8530f7429d) via didascalie_img
  PRIMA: "Le recensioni di Ombre e Luci"
  DOPO:  "Ombre e Luci Reviews"
[en] scraps-of-paradise (8a8492db-cf5b-4aa5-9396-78470bb6eb31) via didascalie_img
  PRIMA: "(foto archivio Ombre e Luci)"
  DOPO:  "(photo from Ombre e Luci archives)"
[en] faith-and-light-issue-64 (8a96aa25-bff5-496d-909d-f3182cc4cb40) via didascalie_img
  PRIMA: "Ombre e Luci n. 64 - 1998"
  DOPO:  "Shadows and Lights no. 64 - 1998"
[en] what-gets-under-your-skin-newsletter-no-32 (8aa36c7b-1213-4a3f-886c-cb86d15344d5) via didascalie_img
  PRIMA: "Newsletter Maggio - cover"
  DOPO:  "Newsletter May - cover"
[en] an-angel-sings-blue-the-true-story-of-ceciliaa-review (8ab279a7-2f27-494f-b92b-262d004bfbde) via didascalie_img
  PRIMA: "Un angelo canta blu - La vera storia di Cecilia  - Recensione - Ombre e Luci n.70 - 2000"
  DOPO:  "An Angel Sings Blue - The True Story of Cecilia - Review - Shadows and Lights no.70 - 2000"
[en] open-dialogue-no-138 (8ac7ff99-0eef-4ea3-9f53-73c6b02c6e53) via didascalie_img
  PRIMA: "Sempre meglio parlarne, no? (foto archivio Ombre e Luci)"
  DOPO:  "Always better to talk about it, right? (photo from Ombre e Luci archives)"
[en] parents-of-children-with-disabilities-no-one-disturbs-anyone (8acb1d23-272a-416f-ac5d-f16a1c61fb45) via didascalie_img
  PRIMA: "Manuela con il suo papà (foto archivio Ombre e Luci)"
  DOPO:  "Manuela with her dad (photo from Ombre e Luci archive)"
[en] faith-and-light-in-iraq (8ada7c31-628d-4958-9b87-119b6ab21537) via didascalie_img
  PRIMA: "Foto di Levi Meir Clancy su Unsplash"
  DOPO:  "Photo by Levi Meir Clancy on Unsplash"
[en] inside-ombre-e-luci-1990 (8b061f13-0857-40dd-ae5c-e0a1cba2da62) via didascalie_img
  PRIMA: "La redazione di Ombre e Luci nel 1990 (foto archivio Ombre e Luci)"
  DOPO:  "The Ombre e Luci editorial staff in 1990 (photo from Ombre e Luci archives)"
[en] insieme-is-born-the-newsletter-of-fede-e-luce (8b316bd6-a0f9-4189-8394-d15acc77ab37) via didascalie_img
  PRIMA: "Maria e Madre Pantanella - Insieme Bollettino Fede e Luce"
  DOPO:  "Maria and Mother Pantanella - Together Faith and Light Bulletin"
[en] francesca-at-the-table-ritual-and-adventure (8b5a4b25-7f16-4859-9555-fd9e704f3c4c) via didascalie_img
  PRIMA: "(foto archivio Ombre e Luci, 1989)"
  DOPO:  "(photo from Ombre e Luci archives, 1989)"
[en] viola-the-captain-and-my-little-one (8b758767-5cf9-4f67-8852-dba400b3e913) via didascalie_img
  PRIMA: "Viola e Mimosa"
  DOPO:  "Violet and Mimosa"
[en] always-respect-the-person (8b968ad1-8a7e-4107-8b9d-00b1d6f642f8) via didascalie_img
  PRIMA: "Foto archivio Ombre e Luci"
  DOPO:  "Photo from Ombre e Luci archive"
[en] open-forum-94 (8bbafdc6-31c3-455e-9aa9-d975f99d44d3) via didascalie_img
  PRIMA: "Sempre meglio parlarne, no? (foto archivio Ombre e Luci)"
  DOPO:  "Always better to talk about it, right? (photo from Ombre e Luci archives)"
[en] why-i-bring-my-children-to-fede-e-luce (8bf697d9-df2c-4436-a2c0-d8d87c9c78ae) via didascalie_img
  PRIMA: "(foto archivio Ombre e Luci)"
  DOPO:  "(photo from Ombre e Luci archives)"
[en] our-choice-cristina (8c1394df-7bed-4924-98b3-45de036bd083) via didascalie_img
  PRIMA: "La famiglia di Giacomo e Francesca in vacanza a Vienna"
  DOPO:  "Giacomo and Francesca's family on vacation in Vienna"
[en] what-holds-us-together (8c3562c0-f7f8-4e6a-a6c9-4be91138cfdf) via didascalie_img
  PRIMA: "Padre Isaac Martinez conduce la preghiera ecumenica nell’ultima giornata (foto archivio Ombre e Luci)"
  DOPO:  "Father Isaac Martinez leads the ecumenical prayer on the last day (photo from Ombre e Luci archive)"
[en] the-girasole-community-and-cooperative (8c422064-41ed-4e1f-a5d6-b5b89f2f9f27) via didascalie_img
  PRIMA: "(foto archivio Ombre e Luci)"
  DOPO:  "(photo from Ombre e Luci archives)"
[en] faith-and-light-in-motion-issue-9 (8c4c5d04-5a24-4a5e-8199-50763c78a492) via didascalie_img
  PRIMA: "(foto archivio Ombre e Luci)"
  DOPO:  "(photo from Ombre e Luci archives)"
[en] design-contest-create-the-pilgrimage-sticker (8c9b80d5-36d5-48f9-9b86-4a297b71a82c) via didascalie_img
  PRIMA: "Illustrazione tratta dal numero 15 di Insieme, 1977"
  DOPO:  "Illustration from issue 15 of Insieme, 1977"
[en] i-couldnt-become-a-sister-because-i-couldnt-read (8cc08a36-b958-4c90-9470-803848e02a64) via didascalie_img
  PRIMA: "A destra Susanna, oblate del Sacro Cuore di Gesù, in un giorno di festa"
  DOPO:  "On the right Susanna, oblate of the Sacred Heart of Jesus, on a feast day"
[en] never-alone-three-stories (8d13f2d3-d7f3-4d51-a85a-c8fb6e11cfef) via didascalie_img
  PRIMA: "Foto di Ivana Cajina su Unsplash"
  DOPO:  "Photo by Ivana Cajina on Unsplash"
[en] i-am-vincent-and-im-not-afraid-a-review (8d23da0b-f226-48e5-9e18-d5c91f7a162f) via didascalie_img
  PRIMA: "«Sono Vincent e non ho paura» - Enne Koens e Maartje Kuiper (camelozampa, 2022)"
  DOPO:  "\"I Am Vincent and I'm Not Afraid\" - Enne Koens and Maartje Kuiper (camelozampa, 2022)"
[en] living-with-autism-a-survival-guide-for-parents (8d28659a-0d08-4e74-ab34-bd06e4cf84cd) via didascalie_img
  PRIMA: "Recensioni Autismo in famiglia Schopler - Ombre e Luci n. 65, 1999"
  DOPO:  "Reviews Autism in the Family Schopler - Shadows and Lights no. 65, 1999"
[en] the-jubilees-true-joy (8d2efc69-96f6-4648-ada2-3a4b02c7f03b) via didascalie_img
  PRIMA: "Padre Cyril Axelrod incontra Suor Veronica Donatello (foto archivio Ombre e Luci)"
  DOPO:  "Father Cyril Axelrod meets Sister Veronica Donatello (photo from Ombre e Luci archives)"
[en] something-nobody-saw-coming (8d45e975-f17a-40ee-9289-91a8ac3b7550) via didascalie_img
  PRIMA: "Antonio abbraccia Papa Francesco durante l'udienza (© Vatican Media)"
  DOPO:  "Antonio embraces Pope Francis during the audience (© Vatican Media)"
[en] the-hidden-side-what-its-really-like-to-be-the-father-of-a-disabled-child (8d55f845-9a85-42d2-b905-278a3f21fc67) via didascalie_img
  PRIMA: "La famiglia di Simone (foto archivio Ombre e Luci)"
  DOPO:  "Simone's family (photo from Ombre e Luci archive)"
[en] teaching-autistic-children-individual-assessment-and-treatment (8dc80039-48c6-42ee-aa33-addea48557a5) via didascalie_img
  PRIMA: "Le recensioni di Ombre e Luci"
  DOPO:  "Shadows and Lights Reviews"
[en] what-well-see-in-rome-a-pilgrimage-guide-1975 (8e47d57e-c02c-4a3e-96bd-bcc60e9e4d85) via didascalie_img
  PRIMA: "Immagina tratta da Insieme n.6 - 1975 (archivio Ombre e Luci)"
  DOPO:  "Image from Insieme n.6 - 1975 (Ombre e Luci archive)"
[en] how-faith-and-light-is-organized (8e538551-8e01-449b-a1fa-6ab871c3ec3e) via didascalie_img
  PRIMA: "Le comunità Fede e Luce in Italia e nel mondo nel 1981 (archivio Ombre e Luci)"
  DOPO:  "Faith and Light communities in Italy and throughout the world in 1981 (Ombre e Luci archive)"
[en] job-why-a-mothers-dialogue (8ecf87d2-4ead-4a3d-89b1-e9325d324917) via didascalie_img
  PRIMA: "Le recensioni di Ombre e Luci"
  DOPO:  "Ombre e Luci Reviews"
[en] fast-forward-a-journey-into-adhd-podcast-review (8ed3004f-e202-4503-945b-61fa7164c33a) via didascalie_img
  PRIMA: "Avanti veloce - Viaggio nell'ADHD, Kesten 2024"
  DOPO:  "Fast Forward - A Journey into ADHD, Kesten 2024"
[en] open-forum-15 (8ee703f6-2820-4127-9ec9-29993b850ec5) via didascalie_img
  PRIMA: "Sempre meglio parlarne, no? (foto archivio Ombre e Luci)"
  DOPO:  "Always better to talk about it, right? (photo from Ombre e Luci archive)"
[en] voices-from-lourdes-the-1971-pilgrimage (8eeef4ac-178a-442e-b1a1-d98e60b884ce) via didascalie_img
  PRIMA: "Immagina tratta da Insieme n.6 - 1975 (archivio Ombre e Luci)"
  DOPO:  "Image taken from Insieme n.6 - 1975 (Ombre e Luci archive)"
[en] why-not-me (8ef36e2c-fc2b-4356-8eab-2691c0aa36d9) via didascalie_img
  PRIMA: "(foto di Elisabetta Aglianò)"
  DOPO:  "(photo by Elisabetta Aglianò)"
[en] the-first-avatar-that-signs-understanding-emergencies-in-italian-sign-language (8f60c09a-6b3e-46db-94c6-423c6ec31e1a) via didascalie_img
  PRIMA: "Gli avatar sviluppati da QuestIt che utilizzano la lingua italiana dei segni"
  DOPO:  "The avatars developed by QuestIt that use Italian sign language"
[en] friends-always (8f854f90-0d4f-450c-8fef-7a7129d169d4) via didascalie_img
  PRIMA: "(foto archivio Ombre e Luci)"
  DOPO:  "(photo from Ombre e Luci archives)"
[en] not-just-all-year-but-all-these-years (8f87e6c7-6042-402c-9301-e76176da64ff) via didascalie_img
  PRIMA: "(foto archivio Ombre e Luci)"
  DOPO:  "(photo from Ombre e Luci archives)"
[en] an-april-friday-reviews (8fa0ba30-7bb7-47bc-9f47-ec4c1da0d5db) via didascalie_img
  PRIMA: "Copertina di \"Un venerdì di aprile\", Antrim (2025)"
  DOPO:  "Cover of \"An April Friday,\" Antrim (2025)"
[en] i-want-to-get-married (8fc996d9-42d1-4326-8cb5-3ef7e76df5f3) via didascalie_img
  PRIMA: "Ombre e Luci n. 49, 1995"
  DOPO:  "Shadows and Lights n. 49, 1995"
[en] conference-report-the-autistic-child (8fcfeea3-9231-4f01-8f08-2be561c343e2) via didascalie_img
  PRIMA: "Il bambino autistico - Convegno - Ombre e Luci n.89, 2005"
  DOPO:  "The autistic child - Conference - Shadows and Lights no. 89, 2005"
[en] what-future-do-you-dream-for-your-child (8fda6b1b-ba9b-4dcc-8790-a93601442bff) via didascalie_img
  PRIMA: "(foto archivio Ombre e Luci)"
  DOPO:  "(photo from Ombre e Luci archive)"
[en] open-dialogue-no-90 (8fe6e954-e0bc-412d-9af6-1adb1f47b607) via didascalie_img
  PRIMA: "Sempre meglio parlarne, no? (foto archivio Ombre e Luci)"
  DOPO:  "Always better to talk about it, right? (photo from Ombre e Luci archives)"
[en] merry-christmas-from-japan (8ff0159c-540f-4bf3-a705-98f7a2e6a2ce) via didascalie_img
  PRIMA: "(foto archivio Ombre e Luci)"
  DOPO:  "(photo from Ombre e Luci archives)"
[en] la-torre-a-residential-community (9003df2b-77bb-475a-abdb-3f36ac5adb8d) via didascalie_img
  PRIMA: "Ombre e Luci n. 49, 1995"
  DOPO:  "Shadows and Lights no. 49, 1995"
[en] the-blue-class (90541c31-118e-4dc3-8d32-29ec5bfd5fb6) via didascalie_img
  PRIMA: "(foto archivio Ombre e Luci)"
  DOPO:  "(photo from Ombre e Luci archives)"
[en] you-can-only-laugh-at-what-makes-you-human (90582011-cf8a-4970-a6b1-02eec57f856a) via didascalie_img
  PRIMA: "Il potere del sorriso"
  DOPO:  "The power of a smile"
[en] swimming-with-love (906c981e-763c-4e70-909e-1b9815201e50) via didascalie_img
  PRIMA: "Antonietta alla staffetta AISM \"12 Ore Nuotando con amore\""
  DOPO:  "Antonietta at the AISM relay \"12 Hours Swimming with Love\""
[en] war-borders-and-hope (90c334ca-13dd-4751-8412-49fb42554b0d) via didascalie_img
  PRIMA: "Una scena del film “Che ore sono” (2024) di Marta Basso e Tito Puglielli"
  DOPO:  "A scene from the film \"What Time Is It\" (2024) by Marta Basso and Tito Puglielli"
[en] rico-oscar-and-the-shadow-thief (90c6e159-4a41-4ed3-9bad-a66617220f31) via didascalie_img
  PRIMA: "Copertina \"Rico, Oscar e il ladro ombra\""
  DOPO:  "Cover of \"Rico, Oscar and the Shadow Thief\""
[en] taking-up-the-burden-of-the-last (9108bd39-8a69-46e7-9df1-d229674738f9) via didascalie_img
  PRIMA: "Foto Sturlese"
  DOPO:  "Sturlese Photo"
[en] from-the-aquarium-to-the-ocean (9108d2a2-8077-47cf-bbbf-5f92f9213fb1) via didascalie_img
  PRIMA: "Foto di Silas Baisch su Unsplash"
  DOPO:  "Photo by Silas Baisch on Unsplash"
[en] and-life-will-bloom-teaching-catholic-faith-in-schools-including-children-with-disabilities (910ee799-a67a-446e-8d62-ad45c7747b8e) via didascalie_img
  PRIMA: "Le recensioni di Ombre e Luci"
  DOPO:  "Ombre e Luci's Reviews"
[en] in-the-heart-of-illness-communion-is-possible (912622ea-c2d9-44b5-8744-c8d543296c2a) via didascalie_img
  PRIMA: "Foto di pawel szvmanski su Unsplash"
  DOPO:  "Photo by pawel szvmanski on Unsplash"
[en] care-as-calling-four-films-at-the-berlinale-that-demand-reflection (914a6c8b-ac53-42ca-8ed8-aa984a6d8507) via didascalie_img
  PRIMA: "\"Olmo\" di Fernando Eimbcke"
  DOPO:  "\"Olmo\" by Fernando Eimbcke"
[en] sanremo-as-far-as-i-could-see-5 (9150eb6c-bee6-43fc-83d3-153d7917121a) via didascalie_img
  PRIMA: "Sanremo fin dove l'ho visto - Davide Passeri - Podcast - Ombre e Luci"
  DOPO:  "Sanremo as far as I saw it - Davide Passeri - Podcast - Shadows and Lights"
[en] a-place-in-the-world (9159b88a-3ab5-41d7-b7b9-998fe77f718b) via didascalie_img
  PRIMA: "Carlo con Pietro e Nicolò (foto archivio Ombre e Luci)"
  DOPO:  "Carlo with Pietro and Nicolò (photo from Ombre e Luci archives)"
[en] the-specials-a-review-of-olivier-nakache-and-eric-toledanos-new-film (9177b893-7c9d-44b1-a27f-4e5282add76a) via didascalie_img
  PRIMA: "(foto archivio Ombre e Luci)"
  DOPO:  "(photo from Ombre e Luci archive)"
[en] the-most-popular-guy-at-the-velodrome (91cfcf1b-f26c-4843-9c3d-116ed017d0ef) via didascalie_img
  PRIMA: "(foto archivio Ombre e Luci, 1991)"
  DOPO:  "(photo from Ombre e Luci archives, 1991)"
[en] the-whole-person-still-unknown (91f38da2-1e9d-4b7c-8a1a-abae48e6dd1e) via didascalie_img
  PRIMA: "'A mamm' e tutt' e mamm' (Parco dei murales di Napoli)"
  DOPO:  "'A mamm' e tutt' e mamm' (Naples Murals Park)"
[en] children-have-resistanceand-thats-normal (9206ad3e-8c74-4389-882f-1a4c7a5ec117) via didascalie_img
  PRIMA: "(foto archivio Ombre e Luci)"
  DOPO:  "(Photo from Ombre e Luci archives)"
[en] autism-on-screen-italian-cinema-finds-its-authentic-voice (920f33a8-c239-4f5f-8b05-d9f85702823a) via didascalie_img
  PRIMA: "Locandina del cortometraggio \"Le Ali Invisibili\" (2024)"
  DOPO:  "Poster of the short film \"The Invisible Wings\" (2024)"
[en] the-lesser-evil-juvenile-delinquency-a-problem-for-us-all (921b6049-185a-4dde-ab08-f1b67e410d7d) via didascalie_img
  PRIMA: "Il male minore. Devianza giovanile, una problematica per tutti | Recensione - Ombre e Luci n.99, 2007"
  DOPO:  "The Lesser Evil. Juvenile Delinquency, a problem for everyone | Review - Shadows and Lights no. 99, 2007"
[en] a-gift-of-poetry-four-friends-from-comunita-il-roveto (924f9d6d-377a-4367-bbc6-1b6764442a0c) via didascalie_img
  PRIMA: "Caravaggio, Fuga in Egitto - La Comunità \"Il Roveto\" Sant’Ilario di Nerviano in provincia di Milano - Ombre e Luci n.76 - 2001"
  DOPO:  "Caravaggio, Flight into Egypt - The Community \"Il Roveto\" Sant'Ilario di Nerviano in the province of Milan - Shadows and Lights no. 76 - 2001"
[en] viola-and-bullying (92a46060-fde6-4bde-8a1c-fbbb35f2b09b) via didascalie_img
  PRIMA: "Foto di Timothy Eberly su Unsplash"
  DOPO:  "Photo by Timothy Eberly on Unsplash"
[en] you-have-turned-my-mourning-into-dancing-a-mothers-journey-from-death-to-resurrectionbook-review (92d72777-5f7a-47ff-a14d-dcbf77325ad4) via didascalie_img
  PRIMA: "Hai mutato il mio lamento in danza Una maternità dalla morte alla resurrezione - Emanuela e Giovanni - Ombre e Luci n.96, 2006"
  DOPO:  "You have turned my mourning into dancing: A motherhood from death to resurrection - Emanuela and Giovanni - Shadows and Lights no. 96, 2006"
[en] how-to-separate-a-wave-from-the-sea (93079285-5895-4f6f-bc84-8fcb1ae767a6) via didascalie_img
  PRIMA: "Antonio (al centro con la chitarra) al Campo F.L. di Rocca di Papa nel luglio 1984"
  DOPO:  "Antonio (center with guitar) at Campo F.L. in Rocca di Papa in July 1984"
[en] first-place (93228b85-0a79-405e-918b-97ece404c72b) via didascalie_img
  PRIMA: "(foto archivio Ombre e Luci, 1991)"
  DOPO:  "(photo from Ombre e Luci archive, 1991)"
[en] facing-down-the-fear (932aa084-8465-490c-a8fc-59b2f02d9145) via didascalie_img
  PRIMA: "Pietro sulla sua moto (foto archivio Ombre e Luci)"
  DOPO:  "Peter on his motorcycle (photo from Ombre e Luci archives)"
[en] alfedena-summer-1976-voices-from-the-camp (93657046-b567-4e09-8e11-5a02a23bd68a) via didascalie_img
  PRIMA: "Momento di festa al campo di Alfedena"
  DOPO:  "Celebration moment at the Alfedena camp"
[en] the-community-il-roveto (938cea98-ca10-434f-a873-3d6703f3a949) via didascalie_img
  PRIMA: "La Comunità \"Il Roveto\" Sant’Ilario di Nerviano in provincia di Milano - Ombre e Luci n.76 - 2001"
  DOPO:  "The \"Il Roveto\" Community Sant'Ilario di Nerviano in the province of Milan - Shadows and Lights no. 76 - 2001"
[en] the-castle-built-on-sand-a-life-with-schizophrenia (93aeec2b-3cdf-4250-a6cf-a017302e3894) via didascalie_img
  PRIMA: "Copertina \"Un castello di sabbia\""
  DOPO:  "Cover of \"A Castle of Sand\""
[en] from-our-provinces (93b3e4e5-074c-4a5b-853c-e5b5a6d755df) via didascalie_img
  PRIMA: "Le provincie di Fede e Luce"
  DOPO:  "The dioceses of Faith and Light"
[en] bells-of-celebration (93cf26b2-66e8-44b3-9089-a210af34fa19) via didascalie_img
  PRIMA: "Campane a festa - Ombre e Luci n.97, 2007"
  DOPO:  "Festive Bells - Ombre e Luci no. 97, 2007"
[en] roberto-finds-a-new-home (93d937ae-30ce-4ae8-a390-e4521b8df74d) via didascalie_img
  PRIMA: "Ombre e Luci n. 63 - 1998"
  DOPO:  "Shadows and Lights no. 63 - 1998"
[en] the-time-of-an-ave-maria (93eea7c7-f3a3-44d3-85ff-0d3e0fbbf762) via didascalie_img
  PRIMA: "Il tempo di un'Ave Maria - Ombre e Luci n.92, 2005"
  DOPO:  "The Time of an Ave Maria - Shadows and Lights no. 92, 2005"
[en] open-dialogue-no-117 (93f2c62f-3386-4206-b41a-86b3ed1f63c0) via didascalie_img
  PRIMA: "Sempre meglio parlarne, no? (foto archivio Ombre e Luci)"
  DOPO:  "Always better to talk about it, isn't it? (photo from Ombre e Luci archives)"
[en] the-art-of-wonder (94061330-2091-4501-9f84-b3ecbf5838d6) via didascalie_img
  PRIMA: "Ombre e Luci n. 63 - 1998"
  DOPO:  "Shadows and Lights no. 63 - 1998"
[en] i-saw-rain-man (941f86b3-6151-4e72-bb49-be87af7814f3) via didascalie_img
  PRIMA: "Un fotogramma del film (foto archivio Ombre e Luci)"
  DOPO:  "A still from the film (photo from Ombre e Luci archive)"
[en] golden-eyes-born-to-livea-review (94240482-3765-478c-abac-20b639714042) via didascalie_img
  PRIMA: "Occhi d’oro, Nato per vivere - Recensione - Ombre e Luci n.98, 2007"
  DOPO:  "Golden Eyes, Born to Live - Review - Shadows and Lights n.98, 2007"
[en] a-fathers-fight-giving-our-disabled-children-better-lives (944a9197-7319-4f3f-8429-a3918b59f409) via didascalie_img
  PRIMA: "- Ombre e Luci n.92, 2005"
  DOPO:  "Shadows and Lights n.92, 2005"
[en] gods-gifts (94502014-f745-4dad-91f6-7d3b31147382) via didascalie_img
  PRIMA: "(foto archivio Ombre e Luci)"
  DOPO:  "(photo from Ombre e Luci archives)"
[en] cerebral-palsy-in-children (94670fc5-c86b-4a2a-a889-df5d46526ccc) via didascalie_img
  PRIMA: "(foto archivio Ombre e Luci)"
  DOPO:  "(photo from Ombre e Luci archive)"
[en] welcoming-the-surprise (9467d4b5-e233-403d-b49c-dffa9dee4c7b) via didascalie_img
  PRIMA: "Illustrazione \"Ombres et Lumière\""
  DOPO:  "Illustration \"Shadows and Light\""
[en] open-forum-no-52 (94772d3f-72a2-4471-ae56-571016e0bb2c) via didascalie_img
  PRIMA: "Sempre meglio parlarne, no? (foto archivio Ombre e Luci)"
  DOPO:  "Better to talk about it, right? (photo archive Ombre e Luci)"
[en] news-from-the-provinces-issue-144 (947ef8b0-7ef9-4854-8ec4-cdee771b5871) via didascalie_img
  PRIMA: "Le provincie di Fede e Luce"
  DOPO:  "The provinces of Faith and Light"
[en] beyond-the-headlines-living-close-to-ordinary-life (94b816a7-7967-4e4e-9300-669ce9f295f8) via didascalie_img
  PRIMA: "Cuore realizzato durante \ni festeggiamenti per i 50 anni di O&L il 14 luglio a Paray-le-Monial (foto archivio Ombre e Luci)"
  DOPO:  "Heart made during the celebrations for O&L's 50th anniversary on July 14 at Paray-le-Monial (photo from Ombre e Luci archives)"
[en] the-mosaic-colored-stones (94cfe1ae-8afa-4bfc-a447-7ad171980ec0) via didascalie_img
  PRIMA: "Una recita organizzata dal laboratorio \"Il Mosaico\" (foto archivio Ombre e Luci)"
  DOPO:  "A performance organized by the \"Il Mosaico\" workshop (photo archive Ombre e Luci)"
[en] from-our-communities-no-134 (94f9c096-a64a-4237-b8eb-383022134458) via didascalie_img
  PRIMA: "Le provincie di Fede e Luce"
  DOPO:  "The dioceses of Faith and Light"
[en] basaglia-the-doctor-who-freed-the-mad-a-review (951f678a-2b25-46ec-bbf5-9e57b1241fc1) via didascalie_img
  PRIMA: "«Basaglia, il dottore dei matti» - Andrea Laprovitera e Armando Miron Polacco (Becco giallo, 2021)"
  DOPO:  "\"Basaglia, the Doctor of the Mad\" - Andrea Laprovitera and Armando Miron Polacco (Becco giallo, 2021)"
[en] odoardo-focherini-righteous-among-the-nations (953a0b67-0c03-41d3-b891-ee042a1f7cfa) via didascalie_img
  PRIMA: "Odoardo focherini, copertina"
  DOPO:  "Odoardo Focheriini, cover"
[en] strong-for-her (953ca9c0-f87b-440a-b185-26f430f15a85) via didascalie_img
  PRIMA: "(foto archivio Ombre e Luci)"
  DOPO:  "(photo from Ombre e Luci archive)"
[en] when-disability-tests-a-family (95513ef5-e84d-466a-b392-5f873ae4cf41) via didascalie_img
  PRIMA: "Noi papà di figli disabili - Ombre e Luci n.92, 2005"
  DOPO:  "We fathers of children with disabilities - Shadows and Lights no. 92, 2005"
[en] no-one-excluded (95621148-dd2b-4d38-b409-68e583237b7d) via didascalie_img
  PRIMA: "Carlo Maria Martini (foto archivio Ombre e Luci)"
  DOPO:  "Carlo Maria Martini (photo from Ombre e Luci archive)"
[en] shaken-and-transformed (9566dfba-e55d-4ecb-83dd-fbda05cbdc41) via didascalie_img
  PRIMA: "Copertina OL 148"
  DOPO:  "Cover OL 148"
[en] guardianship-without-loss-of-rights-a-judge-explains-italys-new-support-administration-law (959a9d86-e843-4338-a639-83c224c207f1) via didascalie_img
  PRIMA: "Amministratore di sostegno per le persone con disabilità - Ombre e Luci n.86, 2004"
  DOPO:  "Support Administrator for People with Disabilities - Shadows and Lights no. 86, 2004"
[en] my-headlamp (95a104f1-ff9f-44f5-bbfa-335f7bd5de1a) via didascalie_img
  PRIMA: "Copertina di \"Une Journée pariculière\""
  DOPO:  "Cover of \"Une Journée particulière\""
[en] from-silence-to-speech (95a6bf91-fea0-4b6b-9b1b-7153b9d764ee) via didascalie_img
  PRIMA: "(foto archivio Ombre e Luci)"
  DOPO:  "(photo from Ombre e Luci archives)"
[en] baby-xitter-specialized-babysitting-for-children-with-disabilities (95d9e8a5-e89e-44f9-b5c7-70e9c74e22b4) via didascalie_img
  PRIMA: "Associazione Baby-Xitter (immagine dal sito)"
  DOPO:  "Association Baby-Xitter (image from the website)"
[en] the-story-of-angelica (95e5e8c1-3fb8-4f64-a654-df7389a39f8c) via didascalie_img
  PRIMA: "(foto archivio Ombre e Luci)"
  DOPO:  "(photo from Ombre e Luci archives)"
[en] that-cold-winter-sunday (961915d5-f1c1-47e9-a5ef-9eac4a7d9a49) via didascalie_img
  PRIMA: "(foto archivio Ombre e Luci)"
  DOPO:  "(photo from Ombre e Luci archives)"
[en] chopin-a-different-kind-of-business (96425d3c-6ee2-4501-a19a-6924402619c3) via didascalie_img
  PRIMA: "(foto archivio Ombre e Luci)"
  DOPO:  "(photo from Ombre e Luci archive)"
[en] parents-questions-and-concerns (965a761f-5dac-48d0-bfa8-043f3a13d791) via didascalie_img
  PRIMA: "Ombre e Luci n. 49, 1995"
  DOPO:  "Shadows and Lights no. 49, 1995"
[en] open-forum-no-76 (96698ec1-398a-4ba5-82fe-bdde7fa0867b) via didascalie_img
  PRIMA: "Sempre meglio parlarne, no? (foto archivio Ombre e Luci)"
  DOPO:  "Always better to talk about it, right? (photo from Ombre e Luci archives)"
[en] open-dialogue-137 (968da1f9-bd4e-4fe5-8dbb-3b9eedfdf4e4) via didascalie_img
  PRIMA: "Sempre meglio parlarne, no? (foto archivio Ombre e Luci)"
  DOPO:  "Better to talk about it, right? (photo from Ombre e Luci archives)"
[en] for-all-the-sabinas-of-the-world (96bcdcff-8fbd-403a-8679-d32e5fc17414) via didascalie_img
  PRIMA: "Jean Vanier prega insieme ai genitori di Sabina (foto archivio Ombre e Luci)"
  DOPO:  "Jean Vanier praying together with Sabina's parents (photo archive Ombre e Luci)"
[en] alone-then-reborn (96c597f4-adc8-40d2-9217-3afb84c4b0a9) via didascalie_img
  PRIMA: "Michelle con Nicolas"
  DOPO:  "Michelle with Nicolas"
[en] open-dialogue-97 (96f5d511-7894-4f0e-9e71-eaf1e477b17e) via didascalie_img
  PRIMA: "Sempre meglio parlarne, no? (foto archivio Ombre e Luci)"
  DOPO:  "Always better to talk about it, right? (photo from Ombre e Luci archive)"
[en] the-challenge-of-loving-more (9724f292-58c1-4ede-86a8-bce21583da47) via didascalie_img
  PRIMA: "(foto archivio Ombre e Luci)"
  DOPO:  "(photo from Ombre e Luci archives)"
[en] planning-an-olympic-games-event (974f3238-2501-4b3a-95b7-bf5230ff5a98) via didascalie_img
  PRIMA: "I capitani delle squadre di \"S. Teresa\" e di \"S. Francesco\" alla fine dell'incontro (foto archivio Ombre e Luci)"
  DOPO:  "The captains of the \"S. Teresa\" and \"S. Francesco\" teams at the end of the match (photo from Ombre e Luci archives)"
[en] hope-makes-no-headlines (97f12311-9ab1-4ce7-9469-3d29de561989) via didascalie_img
  PRIMA: "Copertina La speranza non fa rumore Chiara Bertoglio - Edizioni Paoline"
  DOPO:  "Cover of \"Hope Makes No Noise\" by Chiara Bertoglio - Pauline Editions"
[en] santegidios-christmas-lunch (97f87943-0cf5-46c8-8e9e-f9c93a8c3339) via didascalie_img
  PRIMA: "Antonietta Pantone con la comunità di Sant'Egidio a Natale 2023"
  DOPO:  "Antonietta Pantone with the Sant'Egidio community at Christmas 2023"
[en] promising-television-and-a-flawed-film-at-romes-cinema-festival (97fff0c6-0184-4a1a-9782-f17422fddb33) via didascalie_img
  PRIMA: "Una scena da \"Te l'avevo detto\" di Ginevra Elkann (Foto: Fandango)"
  DOPO:  "A scene from \"Te l'avevo detto\" by Ginevra Elkann (Photo: Fandango)"
[en] rise-up-and-find-hope-again (98186f8b-56f5-4d67-922a-4c53643d5f22) via didascalie_img
  PRIMA: "Basilica superiore di Assisi. Jean Vanier parla alla comunità di Fede e Luce (foto archivio Ombre e Luci)"
  DOPO:  "Upper Basilica of Assisi. Jean Vanier speaks to the Faith and Light community (photo from Ombre e Luci archives)"
[en] tell-me-about-him-why-we-need-to-share-stories-about-othersand-ourselves (9836fed6-d0da-4aa1-bd48-24904cb710f1) via didascalie_img
  PRIMA: "Parlami di lui - Ombre e Luci n.99, 2007"
  DOPO:  "Tell Me About Him - Shadows and Lights no. 99, 2007"
[en] a-community-of-communities (9869fea4-ce40-43de-8519-b6338b30a24f) via didascalie_img
  PRIMA: "Ponte di cioccolato, una delle più recenti iniziative di Progetto Sud"
  DOPO:  "Chocolate Bridge, one of the most recent initiatives of Progetto Sud"
[en] francesco-a-life-of-dignity-and-joy (98a605d9-7f74-4390-9178-d6e9bcd90b3f) via didascalie_img
  PRIMA: "Le recensioni di Ombre e Luci"
  DOPO:  "The reviews of Ombre e Luci"
[en] life-faith-and-light-issue-no-60 (99017c3a-d614-439b-854a-c9e975a17056) via didascalie_img
  PRIMA: "La spilla di Fede e Luce (foto archivio Ombre e Luci, 1990)"
  DOPO:  "The pin of Faith and Light (photo from Ombre e Luci archives, 1990)"
[en] a-girl-apart (990359fe-cb56-4fea-afa8-e0e9938bd778) via didascalie_img
  PRIMA: "(foto archivio Ombre e Luci)"
  DOPO:  "(photo from Ombre e Luci archives)"
[en] it-concerns-us (99117162-a2cb-4453-94d1-517184f771bc) via didascalie_img
  PRIMA: "Le recensioni di Ombre e Luci"
  DOPO:  "Ombre e Luci Reviews"
[en] the-hardest-cases (991e5b4c-456e-4e17-89e0-aa540019933a) via didascalie_img
  PRIMA: "Immagina tratta da Insieme n.8 - 1976 (archivio Ombre e Luci)"
  DOPO:  "Image taken from Insieme no. 8 - 1976 (Ombre e Luci archive)"
[en] a-restaurant-that-welcomes-everyone-inside-pizzaut (99601ed5-7fac-400d-a16a-f675e9f149ac) via didascalie_img
  PRIMA: "FLora (prima a sinistra) con gli amici della comunità e lo staff di PizzAut (foto Ombre e Luci)"
  DOPO:  "FLora (first on the left) with friends from the community and the PizzAut staff (photo Ombre e Luci)"
[en] she-doesnt-come-in (999abb02-7064-4e04-b3db-460b2f10fb81) via didascalie_img
  PRIMA: "Sabina (foto archivio Ombre e Luci)"
  DOPO:  "Sabina (photo from Ombre e Luci archives)"
[en] charlottes-book-a-review (999ccf11-922f-4de9-a1d5-7cd68e07e156) via didascalie_img
  PRIMA: "Copertina \"Il libreo di Charlotte\""
  DOPO:  "Cover of \"Charlotte's Book\""
[en] youve-got-to-give-us-work-and-let-us-sing (99a99a76-d469-4021-936d-7ac3df2763c2) via didascalie_img
  PRIMA: "Benedetta Mattei al catering di Merè"
  DOPO:  "Benedetta Mattei at Merè catering"
[en] my-specialty-im-a-catechist (99c011a6-dc8c-424d-88d7-3c4b82e75da9) via didascalie_img
  PRIMA: "Nora e Paola ricevono il mandato da catechiste nella parrocchia di  Sant'Antonio Maria Zaccaria di Milano (Foto Ombre e Luci)"
  DOPO:  "Nora and Paola receive their mandate as catechists in the parish of Sant'Antonio Maria Zaccaria in Milan (Photo Ombre e Luci)"
[en] bicocas-got-talent-77d0 (99c53e7b-2dff-40bf-b4f9-2b5b14cf971b) via didascalie_img
  PRIMA: "Bicoca's Got Talent (foto archivio Ombre e Luci)"
  DOPO:  "Bicoca's Got Talent (photo from Ombre e Luci archive)"
[en] saverio-6ff1 (99ef84b5-307c-4eea-9179-5223f8d40198) via didascalie_img
  PRIMA: "(foto archivio Ombre e Luci)"
  DOPO:  "(photo from Ombre e Luci archives)"
[en] hope-in-many-keys (9a078ee6-eff4-420d-a6dd-2d368026825f) via didascalie_img
  PRIMA: "Stefano e Antonio sul tandem durante l'ultima tappa del ciclotour de L'Arca (Foto Matteo Cinti)\n(foto di Matteo Cinti))"
  DOPO:  "Stefano and Antonio on the tandem during the final stage of L'Arca's cycling tour (Photo by Matteo Cinti)"
[en] light-and-joya-book-review (9a2156ce-1e94-427f-a122-a93c2bb9acce) via didascalie_img
  PRIMA: "La luce e la letizia - Recensione - Ombre e Luci n.98, 2007"
  DOPO:  "Light and Joy - Review - Ombre e Luci no. 98, 2007"
[en] growing-together-on-the-journey (9a21d473-c2f4-4ecf-8212-39e4f0f7a5f9) via didascalie_img
  PRIMA: "Una passeggiata durante un campeggio Fede e Luce (foto archivio Ombre e Luci, 1990)"
  DOPO:  "A walk during a Faith and Light camping trip (photo from Ombre e Luci archives, 1990)"
[en] what-our-children-needed (9a2d31ea-10ea-47d8-abfb-5647f72a0e42) via didascalie_img
  PRIMA: "(foto archivio Ombre e Luci, 1991)"
  DOPO:  "(photo from Ombre e Luci archives, 1991)"
[en] the-priest-lost-his-mind (9affe38d-7674-4a7d-b04b-1e6269f231df) via didascalie_img
  PRIMA: "Copertina \"Il signor parroco ha dato di matto\""
  DOPO:  "Cover \"The Vicar Has Gone Mad\""
[en] light-dancing-restless-a-review (9b1c5d29-f3ad-412f-870b-b9a0acb36d51) via didascalie_img
  PRIMA: "La luce danza irrequieta di Carla Simons (Edizioni di storia e letteratura, 2023)"
  DOPO:  "The restless dance of light by Carla Simons (Edizioni di storia e letteratura, 2023)"
[en] questions-and-answers-about-faith-and-light (9b2886e0-feb8-4be7-99fb-6cbead019b0d) via didascalie_img
  PRIMA: "La spilla di Fede e Luce (foto archivio Ombre e Luci, 1990)"
  DOPO:  "The Faith and Light brooch (photo from Ombre e Luci archive, 1990)"
[en] open-dialogue-no-147 (9b52d03b-705a-459d-b7c9-d710ccfb396e) via didascalie_img
  PRIMA: "Rubriche dialogo aperto"
  DOPO:  "Open dialogue columns"
[en] do-you-remember-brother (9b656002-1865-4ef9-a3ab-6a48225a1f92) via didascalie_img
  PRIMA: "Cinque amici di cui quattro in altalena (foto archivio Ombre e Luci)"
  DOPO:  "Five friends, four of whom are on a swing (photo from Ombre e Luci archive)"
[en] friends-despite-the-war (9b8e69ba-078f-4bbd-9758-b72cbf4124ac) via didascalie_img
  PRIMA: "Le recensioni di Ombre e Luci"
  DOPO:  "Ombre e Luci reviews"
[en] cardinal-martini-speaks-to-faith-and-light (9c05ede6-ed87-49e8-83ee-ceb428c334d9) via didascalie_img
  PRIMA: "Carlo Maria Martini durante un incontro con le comunità di Fede e Luce (foto archivio Ombre e Luci)"
  DOPO:  "Carlo Maria Martini during a meeting with Faith and Light communities (photo archive Shadows and Lights)"
[en] in-the-name-of-the-father (9c060e5b-0eb9-4db8-9257-7006b746651f) via didascalie_img
  PRIMA: "Nel nome del padre - Ombre e Luci n.91, 2005"
  DOPO:  "In the Name of the Father - Shadows and Lights n.91, 2005"
[en] the-loneliness-of-parents (9c1ef1e7-7cfb-4180-b682-a72aa6afa223) via didascalie_img
  PRIMA: "(foto archivio Ombre e Luci)"
  DOPO:  "(Photo from Ombre e Luci archives)"
[en] small-talk-but-extralarge (9c2039d9-1591-4f65-baf3-57084c088d2d) via didascalie_img
  PRIMA: "Nella redazione di Ombres et Lumiére a Parigi - Ombre e Luci n.91, 2005"
  DOPO:  "In the editorial office of Ombres et Lumière in Paris - Ombre e Luci no. 91, 2005"
[en] do-our-hearts-include-everyone (9c334c53-d50b-48d2-bf8e-222e11875849) via didascalie_img
  PRIMA: "Foto di Alexander Grey su Unsplash"
  DOPO:  "Photo by Alexander Grey on Unsplash"
[en] the-child-who-wont-eat (9c7d4acd-5f6a-4f63-8e85-9487ef4a6316) via didascalie_img
  PRIMA: "(foto archivio Ombre e Luci, 1989)"
  DOPO:  "(photo from Ombre e Luci archives, 1989)"
[en] a-father-reveals-his-disabled-sons-unique-gift (9ca30f1f-7046-4cf0-83ee-9e73946ab992) via didascalie_img
  PRIMA: "Gilles Le Cardinal - Ombre e Luci n.92, 2005"
  DOPO:  "Gilles Le Cardinal - Shadows and Lights no. 92, 2005"
[en] on-the-boat-in-st-peters-square (9ca97425-4315-4977-b39d-a47405224854) via didascalie_img
  PRIMA: "Papa Francesco - sagrato - piazza vuota"
  DOPO:  "Pope Francis - church steps - empty square"
[en] a-cross-of-sandpaper-teaching-faith-to-children (9cc104bc-3bda-4833-a05f-8dd96f2bf0a7) via didascalie_img
  PRIMA: "Illustrazione dal n.11 di Insieme 1976 (archivio Ombre e Luci)"
  DOPO:  "Illustration from no. 11 of Insieme 1976 (Ombre e Luci archive)"
[en] a-taste-of-old-age (9ccaf7ad-bc2a-45e3-9107-24b7797e81f5) via didascalie_img
  PRIMA: "(foto archivio Ombre e Luci)"
  DOPO:  "(photo from Ombre e Luci archive)"
[en] open-dialogue-no-156 (9cd54214-3892-4e44-abaa-81d783084b40) via didascalie_img
  PRIMA: "Rubriche dialogo aperto"
  DOPO:  "Open dialogue columns"
[en] when-a-child-grieves-understanding-loss-from-birth-to-age-nine (9cde1e22-65e5-4fd6-84ea-bda5755d00e2) via didascalie_img
  PRIMA: "Lutto bambini disabilità"
  DOPO:  "Mourning children disability"
[en] simona-and-me (9cf375c2-fedc-4a0d-ab96-7117917ee1ef) via didascalie_img
  PRIMA: "(foto archivio Ombre e Luci)"
  DOPO:  "(photo from Ombre e Luci archive)"
[en] where-to-begin (9cfbadcc-e698-4c00-b82d-bfedcec19e91) via didascalie_img
  PRIMA: "(foto archivio Ombre e Luci)"
  DOPO:  "(photo from Ombre e Luci archive)"
[en] in-personal-prayer (9d11262d-b927-4764-978e-9b0279c5fdb2) via didascalie_img
  PRIMA: "Una delle illustrazioni deUna delle illustrazioni dell'articolo (archivio Ombre e Luci)"
  DOPO:  "One of the illustrations from the article (Ombre e Luci archive)"
[en] a-choir-for-everyone (9d27d656-d27f-40dc-a6af-e73eb8a891ff) via didascalie_img
  PRIMA: "(foto archivio Ombre e Luci)"
  DOPO:  "(photo from Ombre e Luci archives)"
[en] one-egg-two-eggs (9d41013e-3eea-4e99-930f-e6bc52aabf9d) via didascalie_img
  PRIMA: "(foto archivio Ombre e Luci)"
  DOPO:  "(photo from Ombre e Luci archives)"
[it] un-motivo-in-ogni-cosa (9d8d9d83-f641-4b7b-9db6-e132c6150fe9) via didascalie_img
  PRIMA: null
  DOPO:  "Giovanni (foto archivio Ombre e Luci)"
[en] leisure-time-and-life-together (9e2d0106-8d0c-4628-a3aa-ce1e7d5011e1) via didascalie_img
  PRIMA: "Illustrazione dal n.11 di Insieme 1976 (archivio Ombre e Luci)"
  DOPO:  "Illustration from issue 11 of Insieme 1976 (Ombre e Luci archives)"
[en] i-felt-my-responsibility-growing (9e7e9920-6d04-4ac4-84ff-f8db63da2255) via didascalie_img
  PRIMA: "(foto archivio Ombre e Luci, 1990)"
  DOPO:  "(photo from Ombre e Luci archives, 1990)"
[en] where-are-we (9e91b234-e14e-4e86-941a-0219dfcd6d71) via didascalie_img
  PRIMA: "Tre ragazzi di Casa Emmaus (Ucraina)"
  DOPO:  "Three boys from Casa Emmaus (Ukraine)"
[en] open-dialogue-no-125 (9ead465e-c2e3-4381-9434-5f1237429d18) via didascalie_img
  PRIMA: "Sempre meglio parlarne, no? (foto archivio Ombre e Luci)"
  DOPO:  "Better to talk about it, right? (photo from Ombre e Luci archive)"
[en] a-facebook-wall-of-remembrance (9eb1e326-5e47-4554-9525-cb4274d9873f) via didascalie_img
  PRIMA: "(foto archivio Ombre e Luci)"
  DOPO:  "(photo from Ombre e Luci archives)"
[en] wheelchair-thieves (9ef4d4f3-cc0c-4637-a7a4-a5d62a45a222) via didascalie_img
  PRIMA: "La prima formazione del gruppo Ladri di Carrozzelle"
  DOPO:  "The first lineup of the Ladri di Carrozzelle group"
[en] open-dialogue-n141 (9f07f204-d1c7-47b9-a86e-69ad737c8d9f) via didascalie_img
  PRIMA: "Sempre meglio parlarne, no? (foto archivio Ombre e Luci)"
  DOPO:  "Always better to talk about it, right? (photo from Ombre e Luci archives)"
[en] alfedena-1976-a-life-lived-together (9f0cb0bf-b5fc-4b86-9fed-1822eee8c98f) via didascalie_img
  PRIMA: "Un momento di festa al campo Fede e Luce di Alfedena anni '70 (archivio Ombre e Luci)"
  DOPO:  "A moment of celebration at the Faith and Light camp in Alfedena in the 1970s (Ombre e Luci archive)"
[en] the-castawaysa-review (9f11c732-9d23-4968-bd26-c6c0254cc011) via didascalie_img
  PRIMA: "Copertina \"Gli scartagonisti\""
  DOPO:  "Cover of \"The Discarders\""
[en] freewheeling (9f40c170-003e-4b4f-94c7-4b20da7613f5) via didascalie_img
  PRIMA: "Copertina di \"A ruota libera\" di Jamie Sumner (Ancora, 2024)"
  DOPO:  "Cover of \"A ruota libera\" by Jamie Sumner (Ancora, 2024)"
[en] jean-christophe-parisot-a-seeker-of-god (9f79f6bd-1adb-4d38-9f7c-ba52573feb14) via didascalie_img
  PRIMA: "Jean-Christophe Parisot, appassionato di storia, marito e padre di quattro figli, quest’uomo battagliero colpito da una rara forma di miopatia, oggi tetraplegico, è anche diacono permanente (foto archivio Ombre e Luci, 2013)"
  DOPO:  "Jean-Christophe Parisot, a history enthusiast, husband and father of four children, this determined man struck by a rare form of myopathy, today a quadriplegic, is also a permanent deacon (photo from Ombre e Luci archives, 2013)"
[en] they-call-you (9f8018a6-24ff-4b3e-af84-efecce6f88b6) via didascalie_img
  PRIMA: "Suor Teresita e alcuni membri della sua comunità in Val d'Aosta"
  DOPO:  "Sister Teresita and some members of her community in Val d'Aosta"
[en] why-enhanced-school-and-social-educational-center-for-young-children-matter (9f9916e0-b643-4811-a837-aede7a099c73) via didascalie_img
  PRIMA: "Ombre e Luci n. 64 - 1998"
  DOPO:  "Shadows and Lights no. 64 - 1998"
[en] a-new-home-oikos (9fa5d283-a282-4128-9616-891af1700e7a) via didascalie_img
  PRIMA: "Casa famiglia OIKOS - Ombre e Luci n. 65, 1999"
  DOPO:  "OIKOS family home - Ombre e Luci no. 65, 1999"
[en] sanremo-as-far-as-i-could-see-4 (9fc8567b-5e1b-4f3d-9a93-2cd5ae98d49c) via didascalie_img
  PRIMA: "Sanremo fin dove l'ho visto - Davide Passeri - Podcast - Ombre e Luci"
  DOPO:  "Sanremo as far as I saw it - Davide Passeri - Podcast - Shadows and Lights"
[en] i-will-dance-for-you (a00271ce-f15f-417b-9730-aee5ca1139e8) via didascalie_img
  PRIMA: "Le recensioni di Ombre e Luci"
  DOPO:  "Ombre e Luci Reviews"
[en] they-opened-my-eyes (a033d8f4-fa22-4fbf-ab30-1a1b72fe3e18) via didascalie_img
  PRIMA: "Renata, a sinistra, in un momento del pellegrinaggio FL. di Assisi 1986"
  DOPO:  "Renata, on the left, at a moment during the FL pilgrimage in Assisi 1986"
[en] thank-you-mother-pantanella (a075491f-fae1-434e-ac87-122ed00878c2) via didascalie_img
  PRIMA: "Madre Pantanella durante una festa Fede e Luce (Archivio Ombre e Luci)"
  DOPO:  "Mother Pantanella during a Faith and Light celebration (Ombre e Luci Archive)"
[en] nowhere-in-no-one (a0a59f0b-699c-4d4a-a016-bf771dc1c5e1) via didascalie_img
  PRIMA: "Le recensioni di Ombre e Luci"
  DOPO:  "Ombre e Luci reviews"
[en] behind-the-scenes (a0d6ba13-5312-45e3-aaf0-d88ac2bc784d) via didascalie_img
  PRIMA: "Immagina tratta da Insieme n.7 - 1975 (archivio Ombre e Luci)"
  DOPO:  "Image from Insieme n.7 - 1975 (Ombre e Luci archive)"
[en] children-of-the-stars (a0d8c015-b4f2-4a5e-9cf2-258b1e39ce80) via didascalie_img
  PRIMA: "(foto archivio Ombre e Luci)"
  DOPO:  "(photo from Ombre e Luci archives)"
[en] the-idea-of-not-going (a0dfdd7e-d5b0-47cf-9a73-33d9ede669f7) via didascalie_img
  PRIMA: "Pellegrine cipriote nei loro costumi tradizionali - Foto archivio Ombre e Luci"
  DOPO:  "Cypriot pilgrims in their traditional costumes - Photo archive Ombre e Luci"
[en] keys-and-doors (a0f959bd-da67-411d-828b-1c9419a300ad) via didascalie_img
  PRIMA: "Attività durante un incontro del seme Porta Bella di Acquaviva delle Fonti"
  DOPO:  "Activity during a meeting of the Porta Bella seed group in Acquaviva delle Fonti"
[en] when-crisis-teaches-us-to-live-finding-meaning-in-pain (a12df9e8-7edb-41b6-86d8-f602643fe070) via didascalie_img
  PRIMA: "Le recensioni di Ombre e Luci"
  DOPO:  "The reviews of Ombre e Luci"
[en] blueberries (a1569b79-41ab-433e-9906-2b31cabef11e) via didascalie_img
  PRIMA: "Rita e Mariangela durante una festa al Carro (foto archivio Ombre e Luci)"
  DOPO:  "Rita and Mariangela during a party at the Carro (photo from Ombre e Luci archives)"
[en] the-wisdom-tooth-and-voluntary-service (a17cbdd2-388a-4772-b6e0-9349edc00457) via didascalie_img
  PRIMA: "Il dente del giudizio e il Servizio Civile Volontario - Ombre e Luci n.86, 2004"
  DOPO:  "The Wisdom Tooth and Voluntary Civil Service - Shadows and Lights no. 86, 2004"
[en] read-without-rushing (a1bbbf6b-b977-41af-b9e9-cfc9a125ce22) via didascalie_img
  PRIMA: "Da meditare senza fretta - Ombre e Luci n.99, 2007"
  DOPO:  "To meditate without haste - Ombre e Luci no. 99, 2007"
[en] when-i-knocked-on-the-door-at-lyns-house (a1ce9919-0d64-48f7-9bf2-ef12eab8feb1) via didascalie_img
  PRIMA: "Un momento conviviale a Lyn's House"
  DOPO:  "A convivial moment at Lyn's House"
[en] if-arianna-book-review (a1f644a8-971e-4ab1-96e0-b01b124d436e) via didascalie_img
  PRIMA: "Copertina \"Se Arianna\""
  DOPO:  "Cover \"If Arianna\""
[en] the-plus-able-two-extraordinary-sisters (a205866a-d1d1-4fe2-808d-9980bf8b9046) via didascalie_img
  PRIMA: "Vittoria e Maria Futura (foto archivio Ombre e Luci)"
  DOPO:  "Vittoria and Maria Futura (photo from Ombre e Luci archive)"
[en] childhood-psychosis-a-practical-guide (a223a315-6ed5-4d28-a0e8-abd06e2d34b1) via didascalie_img
  PRIMA: "(foto archivio Ombre e Luci)"
  DOPO:  "(Ombre e Luci archive photo)"
[en] school-integration-paolos-looming-loss (a2274e20-0017-4a1a-a16e-e16ff6a15343) via didascalie_img
  PRIMA: "integrazione scolastica - Ombre e Luci n.91, 2005"
  DOPO:  "school integration - Shadows and Lights no. 91, 2005"
[en] how-to-organize-a-quadriglia-a-complete-guide (a268c51e-c13a-41c7-8db9-6709998802bd) via didascalie_img
  PRIMA: "(foto archivio Ombre e Luci)"
  DOPO:  "(photo from Ombre e Luci archives)"
[en] fifty-years-of-pilgrimage (a2753d26-c96b-4875-94e9-c55733dfaeb5) via didascalie_img
  PRIMA: "Pellegrini alla Piccola Piccola Marcia di Assisi, agosto 2024 (Foto Cristina Tersigni)"
  DOPO:  "Pilgrims at the Little Little March of Assisi, August 2024 (Photo by Cristina Tersigni)"
[en] the-shock-of-vulnerability (a2aaaf3c-1a0b-478e-9ac5-765c21a32a39) via didascalie_img
  PRIMA: "Card. Gianfranco Ravasi"
  DOPO:  "Cardinal Gianfranco Ravasi"
[en] playgrounds (a2dc6881-1147-48a4-a25e-35f31e97d570) via didascalie_img
  PRIMA: "Sfidando i giochi del numero speciale di Ombre e Luci"
  DOPO:  "Challenging the games in the special issue of Shadows and Lights"
[en] a-summer-of-faith-and-light-camps (a2df3abb-6ad0-419b-baf9-cd122c63fb5e) via didascalie_img
  PRIMA: "(foto archivio Ombre e Luci)"
  DOPO:  "(photo from Ombre e Luci archive)"
[en] sofia-cavalletti-a-bridge-between-children-and-god (a2ee849a-c818-4b1a-9ab5-8dc739481b17) via didascalie_img
  PRIMA: "Copertina \"Sofia Cavalletti, strumento tra i bambini e Dio\""
  DOPO:  "Cover of \"Sofia Cavalletti, instrument between children and God\""
[en] ethical-banking-a-quiet-revolution-in-finance (a30248f8-24b3-4e61-ba23-f8f6600718ee) via didascalie_img
  PRIMA: "(foto archivio Ombre e Luci)"
  DOPO:  "(photo from Ombre e Luci archives)"
[en] open-dialogue-no-60 (a32c1f2a-c8e5-479d-9c81-935a97ddfa1d) via didascalie_img
  PRIMA: "Sempre meglio parlarne, no? (foto archivio Ombre e Luci)"
  DOPO:  "Always better to talk about it, right? (photo from Ombre e Luci archive)"
[en] giorgios-work-giorgios-life (a342de69-00a9-416d-916e-9a4e72374f51) via didascalie_img
  PRIMA: "La storia di Giorgio e del suo lavoro - Ombre e Luci n.87, 2004"
  DOPO:  "The story of Giorgio and his work - Ombre e Luci n.87, 2004"
[en] a-thousand-colors-in-the-canvas-of-friendship (a3972fa5-d94b-48cb-a056-15f798ccab99) via didascalie_img
  PRIMA: "I pellegrini di Fede e Luce a Pompei"
  DOPO:  "The pilgrims of Faith and Light at Pompeii"
[en] lorenza-before-she-was-our-disabled-daughter-she-was-our-daughter (a39b4629-ba4e-4d24-9f12-c888b367adb5) via didascalie_img
  PRIMA: "(foto archivio Ombre e Luci)"
  DOPO:  "(photo from Ombre e Luci archives)"
[en] my-son-devours-mea-review (a3c35700-1642-4314-911a-fd34591a074d) via didascalie_img
  PRIMA: "Mio figlio mi divora - Recensione - Ombre e Luci n.95, 2006"
  DOPO:  "My Son Devours Me - Review - Shadows and Lights no. 95, 2006"
[en] i-feel-at-home-with-them (a407122e-7809-40b3-804b-57a003930208) via didascalie_img
  PRIMA: "Giovanni (foto archivio Ombre e Luci)"
  DOPO:  "Giovanni (photo from Ombre e Luci archives)"
[en] and-they-pay-for-it (a454ac74-942f-488a-bede-cd1a1a6692a2) via didascalie_img
  PRIMA: "Stefano, Antonio e Francesco ad un campeggio Fede e Luce"
  DOPO:  "Stefano, Antonio and Francesco at a Faith and Light camp"
[en] ausmerzen-lives-unworthy-of-living (a485f5f7-ddfa-49a1-b6aa-b31d4cc37ea3) via didascalie_img
  PRIMA: "Una foto di Ernst Lossa"
  DOPO:  "A photo of Ernst Lossa"
[en] alberta-and-the-revolution (a4a1462d-3a63-4e29-a583-12bc0efda1e0) via didascalie_img
  PRIMA: "Alberta Maria Arcorace e la Barbie in carrozzina (Foto Ombre e Luci)"
  DOPO:  "Alberta Maria Arcorace and the Barbie in a wheelchair (Photo Ombre e Luci)"
[en] dinner-conversation-never-gets-boring (a4b96c83-774b-4d53-8d44-1ec0125a141a) via didascalie_img
  PRIMA: "L'estate di Benedetta"
  DOPO:  "Benedetta's Summer"
[en] the-old-king-in-exile-a-review (a4ce0ac1-5a96-408d-a070-4ba70e80b60b) via didascalie_img
  PRIMA: "Il vecchio re nel suo esilio, copertina"
  DOPO:  "The old king in his exile, cover"
[en] thank-you-mariangela (a4dc4ccf-a813-46ee-9f9e-2188e5937e48) via didascalie_img
  PRIMA: "(foto archivio Ombre e Luci)"
  DOPO:  "(photo from Ombre e Luci archive)"
[en] archeocasilina-a-guide-to-romes-forgotten-east (a4ffae0b-de41-4891-b9da-25fc9960caa7) via didascalie_img
  PRIMA: "«ArcheoCasilina» - AA.VV. (Universitalia, 2021)"
  DOPO:  "«ArcheoCasilina» - Various Authors (Universitalia, 2021)"
[en] open-dialogue-no-119 (a5138657-2f04-4c98-88ad-9eaaad19146c) via didascalie_img
  PRIMA: "Sempre meglio parlarne, no? (foto archivio Ombre e Luci)"
  DOPO:  "Always better to talk about it, isn't it? (photo from Ombre e Luci archives)"
[en] open-dialogue-no-49 (a51df45a-397c-4871-bde1-da0ade2f6902) via didascalie_img
  PRIMA: "Ombre e Luci n. 49, 1995"
  DOPO:  "Shadows and Lights no. 49, 1995"
[en] life-beside-us-a-review (a5744de6-5847-4f13-99bb-8365a6d7a41f) via didascalie_img
  PRIMA: "Una scena del film (01 Distribution, photo Angelo Turetta)"
  DOPO:  "A scene from the film (01 Distribution, photo by Angelo Turetta)"
[en] open-forum-no-64 (a5a9c3de-9324-4de4-afa2-15ebb9f2d9f7) via didascalie_img
  PRIMA: "Ombre e Luci n. 64 - 1998"
  DOPO:  "Shadows and Lights no. 64 - 1998"
[en] dear-raffa-life-is-now (a5c40b4c-751a-46ba-960b-dae0fcc7c80f) via didascalie_img
  PRIMA: "Letizia Lanzetta (a sinistra) al convegno Issate le vele! (foto archivio Ombre e Luci)"
  DOPO:  "Letizia Lanzetta (on the left) at the conference Issate le vele! (photo from Ombre e Luci archives)"
[en] a-spring-of-faith (a5d533a3-17c1-4cec-9e41-1aa50cbda8ba) via didascalie_img
  PRIMA: "(foto archivio Ombre e Luci, 2013)"
  DOPO:  "(photo from Ombre e Luci archive, 2013)"
[en] updates-from-the-provinces (a5f2f6ca-6896-41d9-ba41-47caece82300) via didascalie_img
  PRIMA: "Le provincie di Fede e Luce"
  DOPO:  "The Provinces of Faith and Light"
[en] work-and-disability-the-controvento-cooperative (a5fa7bc4-ae71-4e26-83fb-4e31722a90a4) via didascalie_img
  PRIMA: "Cooperativa Controvento  - Ombre e Luci n. 90, 2005"
  DOPO:  "Cooperativa Controvento - Shadows and Lights no. 90, 2005"
[en] from-despair-to-hope (a60fa467-b2c9-4f5a-9abb-09947549aff8) via didascalie_img
  PRIMA: "(foto archivio Ombre e Luci)"
  DOPO:  "(photo from Ombre e Luci archives)"
[en] more-books-worth-reading (a61b616e-9b46-4ef5-a7ae-f963c6f10237) via didascalie_img
  PRIMA: "Le recensioni di Ombre e Luci"
  DOPO:  "Ombre e Luci Reviews"
[en] a-book-you-cannot-put-down-reviewing-blessings-by-mary-craig (a651d877-32d6-4c9e-a532-c4aa36dd8468) via didascalie_img
  PRIMA: "Copertina - Blessings di Mary Craig - Ombre e Luci n.72, 2000"
  DOPO:  "Cover - Blessings by Mary Craig - Shadows and Lights n.72, 2000"
[en] our-great-friend-luigi-monza-a-story-in-pictures (a67b5f46-1a6e-4579-a69d-25bd05a34269) via didascalie_img
  PRIMA: "14 - La casa di Vedano era diventata troppo piccola perché tanti bambini volevano andarci. Allora don Luigi con la direttrice comperò una bella casa a Ponte Lam- bro."
  DOPO:  "14 - Vedano's house had become too small because so many children wanted to go there. So don Luigi and the director bought a beautiful house in Ponte Lambro."
[en] open-dialogue-71 (a68ce599-0492-47d1-943f-76ba55232e27) via didascalie_img
  PRIMA: "Sempre meglio parlarne, no? (foto archivio Ombre e Luci)"
  DOPO:  "Better to talk about it, right? (photo from Ombre e Luci archives)"
[en] open-dialogue-no-32 (a69101f9-3a70-4c54-8ac4-9a90842ff3a6) via didascalie_img
  PRIMA: "Sempre meglio parlarne, no? (foto archivio Ombre e Luci)"
  DOPO:  "Always better to talk about it, right? (photo from Ombre e Luci archives)"
[en] a-river-the-length-of-the-mediterranean (a6ca5ffa-153a-4c53-bc29-e148130738b2) via didascalie_img
  PRIMA: "La comunità Porte Aperte di Torino sulle rive del Po"
  DOPO:  "The Open Doors community of Turin on the banks of the Po River"
[en] ivanas-choice-my-life-at-the-carro (a6fda1a7-f55d-47c9-b0d8-6d6c32c4ca0e) via didascalie_img
  PRIMA: "Ivana in cucina con un ragazzo del Carro - Ombre e Luci n.91, 2005"
  DOPO:  "Ivana in the kitchen with a boy from the Carro - Shadows and Lights no.91, 2005"
[en] living-with-the-rejected (a710aacc-b26a-4f02-8e09-c48d47b1c8f5) via didascalie_img
  PRIMA: "Don Orsete, fondatore della Comunità Papa Giovanni XXIII in una delle case famiglia"
  DOPO:  "Don Orsete, founder of the Pope John XXIII Community in one of the family homes"
[en] mother-in-community (a7471821-5b94-46d1-9cc8-90dc2c677d21) via didascalie_img
  PRIMA: "(foto archivio Ombre e Luci)"
  DOPO:  "(photo from Ombre e Luci archives)"
[en] the-architects-of-tomorrow-crispr-cas9 (a74fcfee-b13c-4bcf-afb2-a02e5fcaf6ce) via didascalie_img
  PRIMA: "Foto di Warren Umoh su Unsplash"
  DOPO:  "Photo by Warren Umoh on Unsplash"
[en] the-ark-of-trosly (a75751af-6314-4c31-b8be-9248ed71e7b5) via didascalie_img
  PRIMA: "L'Arche à Trosly (foto archivio Ombre e Luci)"
  DOPO:  "The Ark at Trosly (photo from Ombre e Luci archives)"
[en] what-is-the-point-of-paolos-life (a76202f5-fe47-488b-9fba-866730def561) via didascalie_img
  PRIMA: "(foto archivio Ombre e Luci)"
  DOPO:  "(photo archive Shadows and Lights)"
[en] the-others-a-son-called-subnormal-book-review (a765cef7-e326-4df1-81f5-a1e7b1657889) via didascalie_img
  PRIMA: "Copertina di \"Gli Altri. Un figlio subnormale\""
  DOPO:  "Cover of \"The Others. A Subnormal Son\""
[en] open-dialogue-no-69 (a77a34b5-7a05-4e81-8b09-9c46bc32edcb) via didascalie_img
  PRIMA: "Sempre meglio parlarne, no? (foto archivio Ombre e Luci)"
  DOPO:  "Better to talk about it, right? (photo from Ombre e Luci archive)"
[en] what-if-jesus-wrote-to-us-today (a781a99f-f479-41ef-8071-d45c6c076166) via didascalie_img
  PRIMA: "Daniele_crespi,_adorazione_dei_pastori,_1623-25 - Ombre e Luci n.100, 2007"
  DOPO:  "Daniele Crespi, Adoration of the Shepherds, 1623-25 - Shadows and Lights no. 100, 2007"
[en] a-safe-guide-on-the-path (a79348bc-2abc-4943-bfce-396f69dc9e3e) via didascalie_img
  PRIMA: "(foto archivio Ombre e Luci)"
  DOPO:  "(photo from Ombre e Luci archive)"
[en] an-interview-with-jean-vanier (a7d39872-8db6-42a9-9120-b3217d7da6c2) via didascalie_img
  PRIMA: "Foto Archivio Ombre e Luci"
  DOPO:  "Photo Archive Shadows and Lights"
[en] fifteen-letters-from-our-community (a7e36446-8535-46ac-ba00-4fa53357dc06) via didascalie_img
  PRIMA: "Uno dei disegni tratto dal numero Insieme n.15 del 1977"
  DOPO:  "One of the drawings taken from the issue Insieme no. 15 of 1977"
[en] here-and-now (a7f02c9f-e1ff-458d-ab09-4cde31f6f05a) via didascalie_img
  PRIMA: "I pellegrini della Piccola Marcia del 2024 all'interno della Porziuncola"
  DOPO:  "The pilgrims of the 2024 Little March inside the Porziuncola"
[en] a-mother-asks-how-do-i-explain (a81a1e65-a221-4928-8547-5ad213194117) via didascalie_img
  PRIMA: "Sguardo come - Ombre e Luci n.87, 2004"
  DOPO:  "Gaze as - Shadows and Lights no. 87, 2004"
[en] fede-e-luce-loyalty-that-restores-joy (a8381247-4675-460b-b3ef-fca06b2ddd89) via didascalie_img
  PRIMA: "(Foto archivio Ombre e Luci)"
  DOPO:  "(Photo from Ombre e Luci archives)"
[en] the-black-sheep-film-review (a84d0c83-9673-4d79-8186-cbcf34b94399) via didascalie_img
  PRIMA: "Foto di scena del film \"La pecora nera\" (© BIM Distribuzione)"
  DOPO:  "Scene from the film \"The Black Sheep\" (© BIM Distribuzione)"
[en] the-wagon-a-house-always-full-of-people (a850557f-78eb-4fd1-ba61-0c47b13262d4) via didascalie_img
  PRIMA: "Francesca, Silvia, Maria e Anna, al Carro"
  DOPO:  "Francesca, Silvia, Maria and Anna, at the Carro"
[en] my-strength-in-my-difference (a852793d-03be-4dfe-a217-e7171ab1b3ff) via didascalie_img
  PRIMA: "Pierre Deniziot (foto archivio Ombre e Luci)"
  DOPO:  "Pierre Deniziot (photo from Ombre e Luci archive)"
[en] psychological-support-during-pregnancy (a85e91e0-333e-4a50-a96b-ad23560715c6) via didascalie_img
  PRIMA: "Sostegno psicologicologico in gravidanza - Ombre e Luci n.96, 2006"
  DOPO:  "Psychological support during pregnancy - Shadows and Lights no. 96, 2006"
[en] after-us-setting-sail (a8936533-7154-4af3-bdb1-c93a95ad4229) via didascalie_img
  PRIMA: "Foto di Kelly Sikkema su Unsplash"
  DOPO:  "Photo by Kelly Sikkema on Unsplash"
[en] all-briciola-needs-is-words (a8c2ca78-fc9d-43fb-83e7-a5149e34ed0e) via didascalie_img
  PRIMA: "Paola Gini con il suo cane Briciola"
  DOPO:  "Paola Gini with her dog Briciola"
[en] blazing-a-trail-in-albania (a911da5a-b46c-4439-a2f9-d9440cf17078) via didascalie_img
  PRIMA: "Festa Fede e Luce in Albania (foto archivio Ombre e Luci"
  DOPO:  "Faith and Light Festival in Albania (photo from Ombre e Luci archive)"
[en] i-count-too (a91e7506-ab02-456c-be6b-e9fff7cfce56) via didascalie_img
  PRIMA: "(foto archivio Ombre e Luci)"
  DOPO:  "(photo from Ombre e Luci archive)"
[en] modus-navigandi-a-review (a943275b-6620-4144-901a-89f3ab1f1d17) via didascalie_img
  PRIMA: "«Modus navigandi»  -  Mauro Pandimiglio (HOEPLI, 2018)"
  DOPO:  "\"Modus navigandi\" - Mauro Pandimiglio (HOEPLI, 2018)"
[en] i-can-i-must-i-want (a996e0d8-e086-45ee-89ed-0dbe3539c2a2) via didascalie_img
  PRIMA: "La grande famiglia di Luisa (foto archivio Ombre e Luci)"
  DOPO:  "Luisa's large family (photo from Ombre e Luci archives)"
[en] photo-contest-children-at-lourdes (a9cfd6ac-f1da-48b5-b6f8-0a94cf268a55) via didascalie_img
  PRIMA: "5° posto - Valentina Gallo - I più piccoli a Lourdes - Fotoconcorso - Ombre e Luci n.75 - 2002"
  DOPO:  "5th place - Valentina Gallo - The Youngest at Lourdes - Photo Contest - Shadows and Lights no. 75 - 2002"
[en] what-i-know-about-social-mediaand-what-i-think (a9df124f-edb2-40ca-ba30-72258fd22c33) via didascalie_img
  PRIMA: "(foto archivio Ombre e Luci)"
  DOPO:  "(photo from Ombre e Luci archives)"
[en] precious-points-of-view (a9e14b13-71a1-42c8-82c9-efcb8cb2d818) via didascalie_img
  PRIMA: "Fra amiche (foto archivio Ombre e Luci)"
  DOPO:  "Among friends (photo from Ombre e Luci archive)"
[en] no-human-being-is-a-stone (aa0c5265-35e7-43c0-8283-d4437ae72537) via didascalie_img
  PRIMA: "(foto archivio Ombre e Luci)"
  DOPO:  "(photo archive Shadows and Lights)"
[en] a-history-of-abortion-book-review (aa560827-4c64-4905-866c-86e19fa463b2) via didascalie_img
  PRIMA: "Copertina \"Storia dell'aborto\" Il Mulino 2024"
  DOPO:  "Cover of \"History of Abortion\" Il Mulino 2024"
[en] my-son-did-not-want-to-see-me-cry (aa6849a2-e16d-403e-9438-64be8c3a389e) via didascalie_img
  PRIMA: "(Foto Archivio Ombre e Luci)"
  DOPO:  "(Photo from Ombre e Luci Archive)"
[en] dialogue-as-healing (aa960e09-79de-462d-a914-a461eaae14f2) via didascalie_img
  PRIMA: "Ombre e Luci n. 49, 1995"
  DOPO:  "Shadows and Lights no. 49, 1995"
[en] viola-and-her-grandmother (aacc68a8-4498-40f9-8f71-ad8d6c90f310) via didascalie_img
  PRIMA: "Viola e Mimosa"
  DOPO:  "Violet and Mimosa"
[en] true-listening (aad9d03e-8e90-4ae5-9352-41ae2b483b8c) via didascalie_img
  PRIMA: "(foto archivio Ombre e Luci)"
  DOPO:  "(photo from Ombre e Luci archives)"
[en] tandem-in-trentino-f4ab (aaed2771-6db6-4a4a-b5b3-e9b768be2693) via didascalie_img
  PRIMA: "Andrea Posa con la madre Luisa e il professore di motoria Angelo (Foto Luisa Dinale)"
  DOPO:  "Andrea Posa with his mother Luisa and physical education teacher Angelo (Photo by Luisa Dinale)"
[en] a-gift-to-pass-on (ab08ae86-fc40-4f2c-a19f-d2d14309d3ed) via didascalie_img
  PRIMA: "Bruno (a destra) con i fratelli Franco e Paolo Galante"
  DOPO:  "Bruno (on the right) with his brothers Franco and Paolo Galante"
[en] the-quiet-grace-that-won-my-son-over (ab1af746-dabd-43b9-a575-98b75a7bee2f) via didascalie_img
  PRIMA: "Massimiliano a cavallo (Foto Nicla Bettazzi)"
  DOPO:  "Massimiliano on horseback (Photo by Nicla Bettazzi)"
[en] spring-festival-at-villa-pacis-1978 (ab43acbe-6eca-4097-8ba2-ba879daa1e3a) via didascalie_img
  PRIMA: "Disegno tratto da Insieme n.18, 1978 (archivio Ombre e Luci)"
  DOPO:  "Drawing from Insieme n.18, 1978 (Ombre e Luci archive)"
[en] how-to-lead-a-group (ab93e8a2-453a-4672-85e5-a560c93522d9) via didascalie_img
  PRIMA: "Le recensioni di Ombre e Luci"
  DOPO:  "Ombre e Luci reviews"
[en] why-i-learned-to-trust (abfb91f3-86c0-4483-8e72-6517bfa6bdeb) via didascalie_img
  PRIMA: "Chicca con il papà (foto archivio Ombre e Luci)"
  DOPO:  "Chicca with her dad (photo from Ombre e Luci archives)"
[en] fanha-when-families-say-yes-to-children-with-disabilities (ac03166b-1464-43af-86ce-09a0b3161a9c) via didascalie_img
  PRIMA: "FANHA - Famiglie Accoglienti Nascituri Handicappati - Ombre e Luci n.94, 2006"
  DOPO:  "FANHA - Welcoming Families for Unborn Children with Disabilities - Shadows and Lights no. 94, 2006"
[en] real-stories-of-autistic-children (ac3e8eab-3538-4476-989f-f8912865d9da) via didascalie_img
  PRIMA: "Le recensioni di Ombre e Luci"
  DOPO:  "Ombre e Luci Reviews"
[en] i-shoot-penalties-too (ac693098-aaaf-4e50-9652-2087de0c185b) via didascalie_img
  PRIMA: "Benedetta al Palazzetto dello Sport di Roma (Giampaolo Mattei, 2023)"
  DOPO:  "Benedetta at the Palazzetto dello Sport in Rome (Giampaolo Mattei, 2023)"
[en] taking-on-leadership-in-faith-and-light-yes-or-no (ac6f397b-90a8-4c6e-bfd1-b22179f2fc28) via didascalie_img
  PRIMA: "(foto archivio Ombre e Luci)"
  DOPO:  "(photo from Ombre e Luci archives)"
[en] faith-and-light-across-the-world-1454-communities-in-77-countries (ac7da0c3-0985-486a-97fe-e3ff2eafa639) via didascalie_img
  PRIMA: "(foto archivio Ombre e Luci)"
  DOPO:  "(photo from Ombre e Luci archives)"
[en] autism-and-facilitated-communication-how-michele-broke-through (acbb37b6-5cbd-4591-947b-8b864684439a) via didascalie_img
  PRIMA: "Autismo e comunicazione facilitata - Ombre e Luci n.75 - 2002"
  DOPO:  "Autism and Facilitated Communication - Shadows and Lights n.75 - 2002"
[en] depression (aceed4ce-b959-4769-af6f-f293ac8a78a5) via didascalie_img
  PRIMA: "Le recensioni di Ombre e Luci"
  DOPO:  "Ombre e Luci Reviews"
[en] so-everyone-can-understand (acf7223a-7ee2-40c5-8708-80432352f1d2) via didascalie_img
  PRIMA: "Maddalena Crippa in scena con Richard II (foto archivio Ombre e Luci)"
  DOPO:  "Maddalena Crippa on stage with Richard II (photo from Ombre e Luci archives)"
[en] the-boy-who-felt-no-pain (ad0b2013-7f24-4ad1-95a0-b8b103e30522) via didascalie_img
  PRIMA: "Le recensioni di Ombre e Luci"
  DOPO:  "The reviews of Ombre e Luci"
[en] open-dialogue-no-123 (ad102d10-ee0e-4987-b782-ede182a8b533) via didascalie_img
  PRIMA: "Sempre meglio parlarne, no? (foto archivio Ombre e Luci)"
  DOPO:  "Always better to talk about it, right? (photo from Ombre e Luci archives)"
[en] a-paradise-gone-wrong (ad14f783-45f5-4444-abf7-f7e54fc310b1) via didascalie_img
  PRIMA: "paradiso infernale -  - Ombre e Luci n.90, 2005"
  DOPO:  "infernal paradise - - Shadows and Lights no. 90, 2005"
[en] born-this-way-learning-to-see-beyond-difference-a-review (ad527273-b887-4441-ac3c-de3b274fde6c) via didascalie_img
  PRIMA: "(foto archivio Ombre e Luci, 2013)"
  DOPO:  "(photo from Ombre e Luci archive, 2013)"
[en] precious-gifts (ad6c2515-f427-4bab-9243-1acd1ae12c80) via didascalie_img
  PRIMA: "Comunità di Fede e Luce in festa (foto archivio Ombre e Luci)"
  DOPO:  "Community of Faith and Light celebrating (photo from Ombre e Luci archives)"
[en] no-longer-alone-a-mothers-journey-with-fede-e-luce (ad75be0c-ed44-4046-9f5d-b3052d670c7c) via didascalie_img
  PRIMA: "Gruppo e stendardi al pellegrinaggio di Fede e Luce a Pompei (2025)"
  DOPO:  "Group and banners at the Faith and Light pilgrimage in Pompei (2025)"
[en] a-beautiful-surprise (ad8e2c87-7e42-47c6-8254-25b7287c329b) via didascalie_img
  PRIMA: "Luciana al centro tra Alessandro e Lucia, al loro 25° anniversario di matrimonio"
  DOPO:  "Luciana in the center between Alessandro and Lucia, at their 25th wedding anniversary"
[en] meeting-jesus (ada6ff18-eeb6-4cb0-baa9-696e2ac587d2) via didascalie_img
  PRIMA: "Le recensioni di Ombre e Luci"
  DOPO:  "Ombre e Luci Reviews"
[en] freedom (ade6a873-c93a-49a5-b39d-ac3a0582e49e) via didascalie_img
  PRIMA: "Arianna (foto archivio Ombre e Luci)"
  DOPO:  "Arianna (photo from Ombre e Luci archives)"
[en] a-different-way-of-seeing (ade800e0-86d8-4d76-9390-ecda6be1b1c1) via didascalie_img
  PRIMA: "Maria Francesca con sua mamma Mariangela (foto archivio Ombre e Luci)"
  DOPO:  "Maria Francesca with her mother Mariangela (photo from Ombre e Luci archives)"
[en] a-good-start (ae3368d0-805d-4fb8-896e-1ea48abbb6d0) via didascalie_img
  PRIMA: "In bici al Parco della Caffarella di Roma (25 maggio 2024)"
  DOPO:  "By bike at Caffarella Park in Rome (May 25, 2024)"
[en] the-specials-a-film-about-radical-inclusion (ae4a5999-0fac-4640-a14c-70b75ea2d8cb) via didascalie_img
  PRIMA: "(foto archivio Ombre e Luci)"
  DOPO:  "(photo from Ombre e Luci archives)"
[en] understanding-autism (ae7223da-293f-4634-89fb-cae93a15245b) via didascalie_img
  PRIMA: "(foto archivio Ombre e Luci)"
  DOPO:  "(photo from Ombre e Luci archives)"
[en] the-temptation-to-run-when-difficulty-strikes (ae836c24-8f66-4b46-8c1c-dbd66a9bea8b) via didascalie_img
  PRIMA: "La tentazione di fuggire di fronte alle difficoltà -  - Ombre e Luci n.89, 2005"
  DOPO:  "The temptation to escape in the face of difficulties - - Shadows and Lights no. 89, 2005"
[en] all-together-wholeheartedly (ae8645d7-3644-48a3-8135-a9d0d07adfe6) via didascalie_img
  PRIMA: "\"Tutti insieme fedelucissimamente\" - Ombre e Luci n.99, 2007"
  DOPO:  "\"All together most faithfully\" - Shadows and Lights no. 99, 2007"
[en] disability-and-liturgy-a-new-entry-in-the-liturgy-dictionary-for-priests-and-catechists (aeb5c9d5-3e51-44ff-a372-9402190c5deb) via didascalie_img
  PRIMA: "(foto archivio Ombre e Luci)"
  DOPO:  "(Photo from Ombre e Luci archives)"
[en] what-a-joy-to-take-the-train (aeddd8d4-429f-48f2-84ed-0fb462e8a11d) via didascalie_img
  PRIMA: "La Sala Blu della stazione di Roma Termini"
  DOPO:  "The Blue Room of Rome Termini Station"
[en] zigulia-review (aee0ee8d-713f-4691-844c-04ad892f5278) via didascalie_img
  PRIMA: "Zigulì - Copertina"
  DOPO:  "Zigulì - Cover"
[en] i-am-here-a-review (af06d03f-e59b-42c9-8abf-c95399781f82) via didascalie_img
  PRIMA: "Copertina \"Io sono qui\""
  DOPO:  "Cover \"I Am Here\""
[en] revolution-and-experiment-two-essential-films-from-berlin (af919c81-98e3-4f6f-9d27-f7720e9e5a7c) via didascalie_img
  PRIMA: "Keyke mahboobe man (Maryam Moghaddam e Behtash Sanaeeha, 2024)"
  DOPO:  "Keyke mahboobe man (Maryam Moghaddam and Behtash Sanaeeha, 2024)"
[en] school-tattoos-and-time-that-matters (af9c6eaa-fe58-4b3c-9ee3-79876c9d3daf) via didascalie_img
  PRIMA: "Benedetta al ristorante cinese (foto Benedetta)"
  DOPO:  "Benedetta at the Chinese restaurant (photo by Benedetta)"
[en] an-open-letter-to-parents-of-children-with-disabilities (afc29c1c-7101-4efb-a55e-dc86a9d23d7e) via didascalie_img
  PRIMA: "Ombre e Luci n. 65, 1999"
  DOPO:  "Ombre e Luci no. 65, 1999"
[en] open-dialogue-no-149 (b0187fa0-e30d-4506-b0b8-79c95f228a45) via didascalie_img
  PRIMA: "Rubriche dialogo aperto"
  DOPO:  "Open dialogue columns"
[en] open-dialogue-96 (b027f09d-5b53-448f-8023-02c5775bde87) via didascalie_img
  PRIMA: "Sempre meglio parlarne, no? (foto archivio Ombre e Luci)"
  DOPO:  "Always better to talk about it, right? (photo from Ombre e Luci archive)"
[en] ready-to-live-it-again (b03f320b-b7ea-4949-95ad-31102831f177) via didascalie_img
  PRIMA: "(foto archivio Ombre e Luci)"
  DOPO:  "(photo from Ombre e Luci archives)"
[en] living-communion (b04e782d-4d6d-4f4f-a527-8961a39f4f94) via didascalie_img
  PRIMA: "(foto archivio Ombre e Luci, 2013)"
  DOPO:  "(photo from Ombre e Luci archive, 2013)"
[en] epilepsys-invisible-mark (b0762887-c05c-4bb9-9597-28e37282dfaf) via didascalie_img
  PRIMA: "(foto archivio Ombre e Luci)"
  DOPO:  "(photo from Ombre e Luci archives)"
[en] from-the-provinces-no-124 (b0906632-e9b9-4cec-b426-f7ee551126bd) via didascalie_img
  PRIMA: "Le provincie di Fede e Luce"
  DOPO:  "The dioceses of Faith and Light"
[en] baskin-comes-to-monopoli (b0bef996-8562-40b2-8fcd-67c45890b2ec) via didascalie_img
  PRIMA: "Delfini Baskin Monopoli"
  DOPO:  "Dolphins Baskin Monopoli"
[en] me-myself (b0e61677-d0da-4eb0-b0fb-ba1d8400f9f2) via didascalie_img
  PRIMA: "Benedetta Mattei con due amici"
  DOPO:  "Benedetta Mattei with two friends"
[en] teaching-children-with-autism-a-practical-method (b0ec6b5f-9d36-45b2-a17e-07fd55a02878) via didascalie_img
  PRIMA: "Le recensioni di Ombre e Luci"
  DOPO:  "Shadows and Lights Reviews"
[en] fog-sickness-review (b0ff674f-5e04-4db1-a15e-dea625a50862) via didascalie_img
  PRIMA: "Copertina di \"Mal di Nebbia\", Gramantieri (2025)"
  DOPO:  "Cover of \"Mal di Nebbia\", Gramantieri (2025)"
[en] beauty-in-the-mind-gronchi-and-dellossos-testament-to-lost-asylums (b12a8b8e-18eb-4549-8136-de6d936bcc1a) via didascalie_img
  PRIMA: "La bellezza nella mente - Felici Editore – Nicola Gronchi, Liliana Dell'Osso (Felici Editore, 2021)"
  DOPO:  "Beauty in the Mind - Felici Editore – Nicola Gronchi, Liliana Dell'Osso (Felici Editore, 2021)"
[en] noris-071f (b1366952-70f7-4c74-999b-4ff8d4d6b24e) via didascalie_img
  PRIMA: "Immagina tratta da Insieme n.3 - 1974 (archivio Ombre e Luci)"
  DOPO:  "Image from Insieme n.3 - 1974 (Ombre e Luci archive)"
[en] effata-open-wide (b142c620-3895-443d-aeb3-fe930c64a99f) via didascalie_img
  PRIMA: "Le recensioni di Ombre e Luci"
  DOPO:  "Shadows and Lights Reviews"
[en] summer-fun-and-games (b143d587-1c2b-40ea-9323-e07c1116e372) via didascalie_img
  PRIMA: "Il bosco (Illustrazione di <a href=\"https://www.behance.net/arianna_floris\">Arianna Foris</a>)"
  DOPO:  "The forest (Illustration by <a href=\"https://www.behance.net/arianna_floris\">Arianna Floris</a>)"
[en] the-memory-of-beauty (b1485de4-eb4e-4f2e-ac0c-262a94ce9e8b) via didascalie_img
  PRIMA: "Un momento della visita guidata (foto Moma)"
  DOPO:  "A moment from the guided tour (photo Moma)"
[en] everyone-can-be-a-saint (b16b7f8e-deb8-4658-9ce1-3ad126f58ae0) via didascalie_img
  PRIMA: "Marie-Hélène Mathieu Co-fondatrice di Foi et Lumiere (foto archivio Ombre e Luci)"
  DOPO:  "Marie-Hélène Mathieu Co-founder of Faith and Light (photo archive Shadows and Lights)"
[en] faith-and-light-at-christmas-1977 (b1786cc0-c232-4e64-8737-3f814140c2ba) via didascalie_img
  PRIMA: "Disegno tratto da Insieme n.14, 1977 (archivio Ombre e Luci)"
  DOPO:  "Drawing from Insieme no. 14, 1977 (Ombre e Luci archive)"
[en] school-integration-a-hard-truth-to-tell (b1a4a086-9a12-4f57-bd99-d36f791c347b) via didascalie_img
  PRIMA: "(foto archivio Ombre e Luci)"
  DOPO:  "(photo from Ombre e Luci archives)"
[en] alices-farm-where-work-becomes-possible (b1b2e4f0-8496-4293-baae-1666fa690021) via didascalie_img
  PRIMA: "La fattoria delle Meraviglie - Ombre e Luci n.98, 2007"
  DOPO:  "The Farm of Wonders - Shadows and Lights No. 98, 2007"
[en] ive-decided-to-lend-my-voice (b1f3d521-daa2-4e08-9a01-7fc980798bcf) via didascalie_img
  PRIMA: "Antonietta Pantone, autrice per Ombre e Luci"
  DOPO:  "Antonietta Pantone, author for Ombre e Luci"
[en] jean-vanier-prophet-for-our-time (b20523fa-414a-425e-b5b5-c68e98128201) via didascalie_img
  PRIMA: "Le recensioni di Ombre e Luci"
  DOPO:  "Ombre e Luci reviews"
[en] am-i-responsible-for-my-disabled-sibling (b256a477-2350-4bd1-8c21-4761a705b07e) via didascalie_img
  PRIMA: "Da sinistra: Olga, un'amica, Sabina e Max, qualche anno fa"
  DOPO:  "From left: Olga, a friend, Sabina and Max, a few years ago"
[en] the-girotondo-project (b29029f3-69f7-4237-bad5-90fc660322cb) via didascalie_img
  PRIMA: "(archivio Ombre  Luci)"
  DOPO:  "(Ombre Luci archive)"
[en] volunteering-a-lever-for-life (b2fedab0-c7d2-47df-8ad3-de100308e7a2) via didascalie_img
  PRIMA: "Emanuele e Giulia (foto archivio Ombre e Luci)"
  DOPO:  "Emanuele and Giulia (photo from Ombre e Luci archives)"
[en] stayinghome-this-time-like-everyone-else (b2ff1e0b-5cc4-42a9-9d04-198b55cc20f8) via didascalie_img
  PRIMA: "iorestoacasa"
  DOPO:  "I stay at home"
[en] disability-on-screen-beyond-tokenism (b34c9ef2-d6b1-45cb-a8c9-38c2be952f6b) via didascalie_img
  PRIMA: "\"Cómo ser Pehuén Pedre\" di Federico Luis e Pehuén Pedre (2024)"
  DOPO:  "\"How to be Pehuén Pedre\" by Federico Luis and Pehuén Pedre (2024)"
[en] dont-go-looking-for-salt-in-the-soup (b39661fd-814e-468d-9c7b-94c6ffbb3acf) via didascalie_img
  PRIMA: "La chiesa è per tutti? - Ombre e Luci n.86, 2004"
  DOPO:  "Is the Church for everyone? - Shadows and Lights no. 86, 2004"
[en] we-are-a-revolution-a-review (b39967cd-0128-4097-b887-26bc9d4d6246) via didascalie_img
  PRIMA: "«Siamo una rivoluzione» Vita di Dorothy Day - Giulia Galeotti (Jacabook, 2022)"
  DOPO:  "\"We Are a Revolution\" The Life of Dorothy Day - Giulia Galeotti (Jacabook, 2022)"
[en] filippide-running-together-from-tibet-to-the-north-pole (b3c0328a-ac18-4a80-a1f3-7d230db6aa53) via didascalie_img
  PRIMA: "progetto-filippide-correre-insieme-al-polo-nord-ombreeluci.it-n85"
  DOPO:  "Filippide Project - Running Together at the North Pole - ombreeluci.it - n85"
[en] a-mass-made-to-measure-how-parents-and-friends-built-a-liturgy-for-people-with-intellectual-disabilities (b3e8ca18-bfc6-43c8-8480-32b97f6f4b8b) via didascalie_img
  PRIMA: "(foto archivio Ombre e Luci)"
  DOPO:  "(Photo from Ombre e Luci archives)"
[en] open-dialogue-no-50 (b3f4ac7e-c6f8-408e-b841-3550381b58ca) via didascalie_img
  PRIMA: "Sempre meglio parlarne, no? (foto archivio Ombre e Luci)"
  DOPO:  "Always better to talk about it, right? (photo from Ombre e Luci archives)"
[en] what-the-label-tells (b41c27d3-71e4-4387-bd26-0946ebf63690) via didascalie_img
  PRIMA: "Uno dei gruppi appartamento della Fondazione La Comune a Milano"
  DOPO:  "One of the apartment groups of the La Comune Foundation in Milan"
[en] to-leave-or-to-stay-migration-in-the-films-of-venice-80 (b44ce207-79bb-46be-8910-c7b1ec1b9348) via didascalie_img
  PRIMA: "Io Capitano, di Matteo Garrone (2023)"
  DOPO:  "Io Capitano, by Matteo Garrone (2023)"
[en] just-a-line (b450375b-324b-4a43-95b5-155f2c669bc7) via didascalie_img
  PRIMA: "(foto archivio Ombre e Luci)"
  DOPO:  "(photo from Ombre e Luci archives)"
[en] a-gathering-of-faith-and-light (b4d73f16-09a7-4a41-94ac-a390f84472bb) via didascalie_img
  PRIMA: "(foto archivio Ombre e Luci, 1990)"
  DOPO:  "(photo from Ombre e Luci archives, 1990)"
[en] loving-a-mistake-an-interview-with-patricia-bauer (b4eb1c31-bf92-4be2-8c37-c7f36d488f15) via didascalie_img
  PRIMA: "Amare un errore - Patricia Bauer -  - Ombre e Luci n.94, 2006"
  DOPO:  "Loving a Mistake - Patricia Bauer - Shadows and Lights no. 94, 2006"
[en] forgiveness (b51275a0-30e8-464a-b61b-690858c241cc) via didascalie_img
  PRIMA: " Una delle illustrazioni deUna delle illustrazioni dell'articolo (archivio Ombre e Luci)"
  DOPO:  "One of the illustrations from the article (Ombre e Luci archive)"
[en] grandparents-an-extra-measure-of-tenderness (b52ddc35-f05e-457b-af91-ce37c1f8bcea) via didascalie_img
  PRIMA: "Foto di LOGAN WEAVER | @LGNWVR su Unsplash"
  DOPO:  "Photo by LOGAN WEAVER | @LGNWVR on Unsplash"
[en] gods-shoulders-a-review (b5300e92-1510-40da-b70f-013941c9092f) via didascalie_img
  PRIMA: "Copertina di \"Le spalle di Dio\" di Marco Bove (Ancora, 2019)"
  DOPO:  "Cover of \"The Shoulders of God\" by Marco Bove (Ancora, 2019)"
[en] we-have-a-dream-five-stories-of-fragility-full-of-hope (b59ff197-7655-46d0-8021-9de115478270) via didascalie_img
  PRIMA: "We Have a Dream - locandina del film di Pascal Plisson"
  DOPO:  "We Have a Dream - poster for Pascal Plisson's film"
[en] how-i-understand-football (b5a7ff48-c8f5-418b-aaf3-975fbe20d164) via didascalie_img
  PRIMA: "Giovanni Grossi a lavoro (foto di Giovanni Grossi)"
  DOPO:  "Giovanni Grossi at work (photo by Giovanni Grossi)"
[en] you-called-us-here-we-are (b5d0fa87-4c79-4790-ba72-089fd513689d) via didascalie_img
  PRIMA: "(foto Osservatore Romano)"
  DOPO:  "(photo L'Osservatore Romano)"
[en] pope-paul-vis-letter-to-the-pilgrims-of-faith-and-light-1975 (b5d101fa-d1ab-448a-9aad-0afc26046490) via didascalie_img
  PRIMA: "Papa Paolo VI abbracia un ragazzo di Fede e Luce durante l'incontro a Piazza San Pietro - 1975 - L'Osservatore Romano 27 ottobre 1975 - Foto Giordani"
  DOPO:  "Pope Paul VI embraces a boy from Faith and Light during the meeting in St. Peter's Square - 1975 - L'Osservatore Romano October 27, 1975 - Photo Giordani"
[en] a-guide-to-good-mannersreview (b64d704c-c677-4f96-8177-79772cc1d2ae) via didascalie_img
  PRIMA: "Il manuale della buona educazione Paola Dessanti - Ombre e Luci n.92, 2005"
  DOPO:  "The Manual of Good Manners Paola Dessanti - Shadows and Lights no. 92, 2005"
[en] life-faith-and-light-news-from-around-the-world (b66e23ce-acc3-4141-a8e2-40ae377bf25f) via didascalie_img
  PRIMA: "(foto archivio Ombre e Luci)"
  DOPO:  "(photo from Ombre e Luci archive)"
[en] young-heroes (b70dfa1e-9509-4fd7-907e-28e8f58edbd8) via didascalie_img
  PRIMA: "(Foto archivio Ombre e Luci)"
  DOPO:  "(Photo from Ombre e Luci archive)"
[en] the-art-of-making-toys-from-scraps (b748a5a8-8d35-4121-85b7-6cd68ab12b10) via didascalie_img
  PRIMA: "Le recensioni di Ombre e Luci"
  DOPO:  "Shadows and Lights reviews"
[en] wherever-i-am-he-is-too (b769a7d2-cdc7-46a3-a2be-457d0c5086be) via didascalie_img
  PRIMA: "Alessandra del Duca con il suo cane Aci"
  DOPO:  "Alessandra del Duca with her dog Aci"
[en] autistic-people-exist-only-while-theyre-in-school (b7917e7b-54be-46ec-aa8c-594c0c2b8023) via didascalie_img
  PRIMA: "Owen, protagonista di Life Animated (foto archivio Ombre e Luci)"
  DOPO:  "Owen, protagonist of Life Animated (photo from Ombre e Luci archives)"
[en] from-the-provinces-issue-125 (b79ee8bb-51ec-4ad4-9679-8aba5da1d0cc) via didascalie_img
  PRIMA: "Le provincie di Fede e Luce"
  DOPO:  "The provinces of Faith and Light"
[en] getting-disability-right-on-screen (b7e26912-cdf5-4c27-b3e4-d02ed12000c5) via didascalie_img
  PRIMA: "Una scena dal film \"Como ser Pehuén Pedre\" (2024) di Federico Luis e Pehuén Pedre"
  DOPO:  "A scene from the film \"Como ser Pehuén Pedre\" (2024) by Federico Luis and Pehuén Pedre"
[en] the-light-breath-of-dawn-a-review (b7e3ea81-03fd-43ae-ab8a-b40d51010723) via didascalie_img
  PRIMA: "Copertina \"Il respiro leggero dell'alba\""
  DOPO:  "Cover \"The Light Breath of Dawn\""
[en] what-feminism-taught-me-about-disability (b7f44c91-b89c-4881-a388-c15cd0b875f9) via didascalie_img
  PRIMA: "(foto archivio Ombre e Luci)"
  DOPO:  "(photo from Ombre e Luci archives)"
[en] how-they-speak-without-words (b80931e2-d460-4a26-b029-40e615fab40d) via didascalie_img
  PRIMA: "(foto archivio Ombre e Luci)"
  DOPO:  "(photo from Ombre e Luci archive)"
[en] law-180-and-mental-illness-in-italy (b816e2ac-0c23-406f-b975-55bb0857b913) via didascalie_img
  PRIMA: "(foto archivio Ombre e Luci, 1990)"
  DOPO:  "(photo from Ombre e Luci archives, 1990)"
[en] the-child-who-spoke-with-lighta-review (b81a970e-fdfe-4fdb-915e-b2bb5b2f975a) via didascalie_img
  PRIMA: "Copertina \"Il bambino che parlava con la luce\""
  DOPO:  "Cover of \"The Child Who Spoke with Light\""
[en] viola-and-mexico (b82dc348-0c20-4e83-8f2d-89600c939ddc) via didascalie_img
  PRIMA: "Foto di Pyro Jenka su Unsplash"
  DOPO:  "Photo by Pyro Jenka on Unsplash"
[en] when-eating-becomes-a-struggle (b845959c-f997-445d-b1e8-3d8ef90bf9ed) via didascalie_img
  PRIMA: "(foto archivio Ombre e Luci)"
  DOPO:  "(photo from Ombre e Luci archive)"
[en] the-emporium-of-heaven-and-earth-book-review (b847f008-4110-4512-8a4c-208ca2e2d830) via didascalie_img
  PRIMA: "L'emporio del cielo e della terra, James McBride, ed. Fazi, 2024"
  DOPO:  "The Emporium of Heaven and Earth, James McBride, ed. Fazi, 2024"
[en] open-dialogue-no-66 (b863c3f5-7657-4901-bae8-64af811a4047) via didascalie_img
  PRIMA: "Sempre meglio parlarne, no? (foto archivio Ombre e Luci)"
  DOPO:  "Always better to talk about it, right? (photo from Ombre e Luci archives)"
[en] a-priests-journey-with-faith-and-light (b874f189-9ce9-4a4b-b3fe-c0e6e04cea1a) via didascalie_img
  PRIMA: "(foto archivio Ombre e Luci)"
  DOPO:  "(photo from Ombre e Luci archive)"
[en] a-cry-for-peace (b88dc876-ce33-4355-bc27-0d9793e37e81) via didascalie_img
  PRIMA: "Una persona stringe la bandiera ucraina"
  DOPO:  "A person holds the Ukrainian flag"
[en] the-gift-of-daniela (b8bcd594-95e2-4525-b6b1-f0d6577b5ee0) via didascalie_img
  PRIMA: "Opera di Mario Collino (foto archivio Ombre e Luci)"
  DOPO:  "Work by Mario Collino (photo from Ombre e Luci archive)"
[en] out-of-the-catacombs-faith-and-light-in-eastern-europe (b8c3e601-bcda-4e96-bc87-77b5717eadd8) via didascalie_img
  PRIMA: "(foto archivio Ombre e Luci, 1990)"
  DOPO:  "(Photo from Ombre e Luci archives, 1990)"
[en] gaia-puccio-emanuelaand-so-many-others (b8c529f5-e0cb-4363-b081-6eb92ce556da) via didascalie_img
  PRIMA: "(per gentile concessione OCH Lourdes)"
  DOPO:  "(courtesy of OCH Lourdes)"
[en] selfishness-has-failed-a-review (b8f2504b-5181-4994-ae1d-8bfb8c39e20f) via didascalie_img
  PRIMA: "Copertina \"L'egoismo è finito\" (archivio Ombre e Luci, 2013)"
  DOPO:  "Cover \"Selfishness Is Over\" (Ombre e Luci archives, 2013)"
[en] wonder-a-review (b928d8f3-3a0d-4f6e-9230-220b319d426e) via didascalie_img
  PRIMA: "Copertina \"Wonder\""
  DOPO:  "Cover of \"Wonder\""
[en] the-water-problem (b952e2a6-6925-4c89-aa0f-3522e2b09e7b) via didascalie_img
  PRIMA: "Immagina tratta da Insieme n.7 - 1975 (archivio Ombre e Luci)"
  DOPO:  "Image taken from Insieme n.7 - 1975 (Ombre e Luci archives)"
[en] open-dialogue-144 (b95a3f6d-39d1-4e14-912c-2fd66ddc80fa) via didascalie_img
  PRIMA: "Sempre meglio parlarne, no? (foto archivio Ombre e Luci)"
  DOPO:  "Always better to talk about it, right? (photo from Ombre e Luci archives)"
[en] how-my-swimming-competition-went (b95d0b87-85d8-4239-8807-2ab37fd4029a) via didascalie_img
  PRIMA: "Piscina della FINP Roma"
  DOPO:  "Swimming Pool of FINP Rome"
[en] a-right-too-often-denied (b97decf6-53f8-489f-a3e8-26cb284f1ac5) via didascalie_img
  PRIMA: "Stefano Capparucci (al centro) in una delle stanze dedicate al Progeto Tobia"
  DOPO:  "Stefano Capparucci (center) in one of the rooms dedicated to Project Tobia"
[en] open-dialogue-no-9 (b99211b7-00c3-4a67-a2fa-e01ef2db8dfb) via didascalie_img
  PRIMA: "Sempre meglio parlarne, no? (foto archivio Ombre e Luci)"
  DOPO:  "Always better to talk about it, right? (photo from Ombre e Luci archive)"
[en] keeping-pace-together (b99c51e0-e306-44e3-adce-6fc952f676b9) via didascalie_img
  PRIMA: "Alcuni ragazzi, genitori e amici durante un campo Fede e Luce a Cesenatico (foto archivio Ombre e Luci)"
  DOPO:  "Some young people, parents and friends during a Faith and Light camp in Cesenatico (photo from Ombre e Luci archives)"
[en] open-dialogue-no-68 (b9e05465-7724-487c-a2be-480b881e3eae) via didascalie_img
  PRIMA: "Sempre meglio parlarne, no? (foto archivio Ombre e Luci)"
  DOPO:  "Always better to talk about it, isn't it? (Photo from Ombre e Luci archive)"
[en] violet-and-mimosa-from-mexico-city (b9f71a5f-dc10-4977-a19a-f8dda3e29ac3) via didascalie_img
  PRIMA: "Foto di Jezael Melgoza su Unsplash"
  DOPO:  "Photo by Jezael Melgoza on Unsplash"
[en] come-to-me-in-the-eucharist (ba036587-ad31-4266-bf4d-e3ca4de0dd71) via didascalie_img
  PRIMA: "Una delle illustrazioni deUna delle illustrazioni dell'articolo (archivio Ombre e Luci)"
  DOPO:  "One of the illustrations from the article (Ombre e Luci archive)"
[en] a-mothers-letter-to-the-bishops (ba2fd4ab-e114-4d11-8cc6-2963096def90) via didascalie_img
  PRIMA: "Una mamma scrive ai vescovi - Ombre e Luci n.85"
  DOPO:  "A mother writes to the bishops - Shadows and Lights no. 85"
[en] the-blind-child-with-multiple-disabilities (ba35e156-768a-4840-8190-0360713acae9) via didascalie_img
  PRIMA: "Le recensioni di Ombre e Luci"
  DOPO:  "The Ombre e Luci Reviews"
[en] walking-with-the-saints (ba59207c-bd15-4fc3-b29a-8eacb86ad34f) via didascalie_img
  PRIMA: "Una delle illustrazioni deUna delle illustrazioni dell'articolo (archivio Ombre e Luci)"
  DOPO:  "One of the illustrations from the article (Ombre e Luci archive)"
[en] raymond-carvers-cathedral-a-review (ba6107cd-5e6f-4f1a-8f5f-a74151e31057) via didascalie_img
  PRIMA: "(foto archivio Ombre e Luci)"
  DOPO:  "(photo from Ombre e Luci archives)"
[en] working-at-the-restaurant-is-always-fun (ba84d335-1902-4c67-9ed1-3ef11699258a) via didascalie_img
  PRIMA: "Benedetta con alcuni amici"
  DOPO:  "Benedetta with some friends"
[en] the-porcupine-girl-a-book-review (ba9716be-efc5-45f5-ba4f-2a9df79deade) via didascalie_img
  PRIMA: "La ragazza porcospino - Katja Rohde - Recensione Libro - Ombre e Luci n.75 - 2002"
  DOPO:  "The Porcupine Girl - Katja Rohde - Book Review - Shadows and Lights No. 75 - 2002"
[en] pope-wojtyas-letter (baa4a5e6-bee8-4bbb-b5d4-ceecacb97e92) via didascalie_img
  PRIMA: "Intestazione della lettera di Papa Giovanni Paolo II alle comunità di Fede e Luce (archvio Ombre e Luci)"
  DOPO:  "Header of the letter from Pope John Paul II to the communities of Faith and Light (Ombre e Luci archive)"
[en] open-dialogue-no-89 (bab9d3b5-7a8c-4e24-b61b-f504895f0fba) via didascalie_img
  PRIMA: "Sempre meglio parlarne, no? (foto archivio Ombre e Luci)"
  DOPO:  "Always better to talk about it, right? (photo from Ombre e Luci archive)"
[en] what-is-a-handicap-i-dont-know (bae265a0-9f2c-4868-a1fd-2371935c14df) via didascalie_img
  PRIMA: "Roberto in una foto d'epoca (archivio Ombre e Luci)"
  DOPO:  "Roberto in a vintage photo (Ombre e Luci archive)"
[en] agriculture-and-disability-the-experimental-farm-splende-il-sole (bae6923e-7a1f-44c1-9ef0-df5f8bfe7f5c) via didascalie_img
  PRIMA: "Il campo sperimenale \"Splende il Sole\" - Ombre e Luci n.86, 2004"
  DOPO:  "The experimental field \"The Sun Shines\" - Shadows and Lights no. 86, 2004"
[en] paths-of-inclusion-we-care (baf2d1a1-f936-46c2-90be-5cfcebd092fc) via didascalie_img
  PRIMA: "La parabola del seminatore realizzata con elementi tridimensionali da un gruppo di bambini con un compagno cieco (foto archivio Ombre e Luci)"
  DOPO:  "The parable of the sower created with three-dimensional elements by a group of children with a blind classmate (photo archive Ombre e Luci)"
[en] sweet-dreamsa-review (bb1c69b3-2785-430e-b26f-c664979250c8) via didascalie_img
  PRIMA: "\"Fai bei sogni\" - Copertina"
  DOPO:  "\"Sweet dreams\" - Cover"
[en] olivieros-story (bb738d27-fdfc-4635-aaab-f27446f0100b) via didascalie_img
  PRIMA: "Autismo: la storia di Oliviero - Ombre e Luci n.89, 2005"
  DOPO:  "Autism: the story of Oliviero - Shadows and Lights no. 89, 2005"
[en] i-dont-know-what-to-expect (bbca5a79-cacb-44eb-ab8f-2ff6e7532d37) via didascalie_img
  PRIMA: "Giovanni Grossi (Foto Giovanni Grossi)"
  DOPO:  "Giovanni Grossi (Photo by Giovanni Grossi)"
[en] stories-from-the-far-east (bbd5b532-2149-4199-9553-f220537c29a4) via didascalie_img
  PRIMA: "Un'immagine dal film \"Plan 75\" di Chie Hayakawa (2022)"
  DOPO:  "A scene from the film \"Plan 75\" by Chie Hayakawa (2022)"
[en] a-child-to-know (bbe7f00c-4bc4-47ca-874c-8c524fbecb01) via didascalie_img
  PRIMA: "Una bambina da incontrare - Ombre e Luci n.88, 2004"
  DOPO:  "A little girl to meet - Shadows and Lights no. 88, 2004"
[en] my-sky-is-differentmental-acrobatics-of-a-young-disabled-man (bc19f639-bd75-4c19-8e76-4a874716f10e) via didascalie_img
  PRIMA: "Le recensioni di Ombre e Luci"
  DOPO:  "Ombre e Luci Reviews"
[en] and-life-will-burst-forth-a-teaching-guide-to-catholic-religion-in-the-classroom (bc25a8a8-6b34-4cd7-84ab-47462c7b5aa7) via didascalie_img
  PRIMA: "Le recensioni di Ombre e Luci"
  DOPO:  "The reviews of Shadows and Lights"
[en] the-message-of-the-jubilee-a-conversation-with-archbishop-rino-fisichella (bc456ecf-1c47-4e5f-a968-1a62cdeb0ffd) via didascalie_img
  PRIMA: "Mons. Fisichella con una bimba di Fede e Luce"
  DOPO:  "Msgr. Fisichella with a child from Faith and Light"
[en] gold-lying-on-the-ground (bc4ed08f-1d2c-4396-90d7-a903bf0cac3d) via didascalie_img
  PRIMA: "Giovanni Grossi (Foto Giovanni Grossi)"
  DOPO:  "Giovanni Grossi (Photo Giovanni Grossi)"
[en] open-dialogue-no-22-cb5b (bc508efc-7b4e-4bb4-b080-eaa4a5a7fa9e) via didascalie_img
  PRIMA: "Sempre meglio parlarne, no? (foto archivio Ombre e Luci)"
  DOPO:  "It's always better to talk about it, right? (photo from Ombre e Luci archives)"
[en] how-the-body-heals-the-soul-houria (bc552714-bb9d-4971-a47e-50ab1c2457d6) via didascalie_img
  PRIMA: "Un fotogramma di Houria (regia di Mounia Meddour, 2022)"
  DOPO:  "A still from Houria (directed by Mounia Meddour, 2022)"
[en] a-photograph-from-hong-kong (bc7043d3-a6fb-48d9-904a-90ca53005523) via didascalie_img
  PRIMA: "Ombre e Luci a Hong Kong (Padre Cagnin e Bonzi)"
  DOPO:  "Shadows and Lights in Hong Kong (Father Cagnin and Bonzi)"
[en] the-land-of-the-mad-podcast-review (bc9592d9-0750-42ae-ab2a-99d7201cde6e) via didascalie_img
  PRIMA: "Il paese dei pazzi, podcast di Michela Mancini (Rai Radio 1, 2024)"
  DOPO:  "The Country of the Crazy, podcast by Michela Mancini (Rai Radio 1, 2024)"
[en] three-days-in-april (bc9b05bb-a15a-475a-9f11-0f2c3ead3734) via didascalie_img
  PRIMA: "(foto archivio Ombre e Luci)"
  DOPO:  "(photo from Ombre e Luci archive)"
[en] working-at-caritas (bce7ea6f-60ca-478c-a0f6-6f15a8870016) via didascalie_img
  PRIMA: "Efrem con una corona di cartone durante una festa"
  DOPO:  "Efrem wearing a cardboard crown during a party"
[en] come-to-the-table (bd4882e2-77fd-4028-a50e-5b1d489375d0) via didascalie_img
  PRIMA: "Non dimentichiamo un piccolo brindisi a fine pranzo"
  DOPO:  "Let us not forget a little toast at the end of lunch"
[en] viola-and-occhiolino (bd6ddaa2-27e5-4ef9-a58a-8ed0c2f813d3) via didascalie_img
  PRIMA: "Foto di bill wegener su Unsplash"
  DOPO:  "Photo by bill wegener on Unsplash"
[en] my-dog-chose-me (bda3beae-bf4e-449e-ad3f-fa57658e4f72) via didascalie_img
  PRIMA: "Arianna e il suo cane Leo (foto di Arianna Giuliano)"
  DOPO:  "Arianna and her dog Leo (photo by Arianna Giuliano)"
[en] christmas-around-the-world (bdd139cc-520e-41ce-bb20-fd3d197f5840) via didascalie_img
  PRIMA: "Foto di Ben White su Unsplash"
  DOPO:  "Photo by Ben White on Unsplash"
[en] gods-tenderness-6649 (be1d5cdd-056a-4d4e-9e0b-5d999f0bd1ee) via didascalie_img
  PRIMA: "La tenerezza di Dio - Ombre e Luci n.93, 2006"
  DOPO:  "The Tenderness of God - Shadows and Lights no. 93, 2006"
[en] alzheimer-when-the-past-vanishes (be4a4237-4cb3-4e2f-a8fe-df4baa7f89c3) via didascalie_img
  PRIMA: "Alzheimer: il passato perduto per sempre - Ombre e Luce n. 96, 2006"
  DOPO:  "Alzheimer: the past lost forever - Shadows and Light no. 96, 2006"
[en] open-dialogue-no-127 (be83c6e9-5dba-4ccc-88c9-ded7e5e1998c) via didascalie_img
  PRIMA: "Sempre meglio parlarne, no? (foto archivio Ombre e Luci)"
  DOPO:  "Always better to talk about it, right? (photo from Ombre e Luci archives)"
[en] i-became-a-priest-and-a-father (bec28663-bc89-42d3-a2aa-bba159508462) via didascalie_img
  PRIMA: "Don Gino Rigoldi  e Valentino"
  DOPO:  "Don Gino Rigoldi and Valentino"
[en] angelo-a-fellow-traveler (bf1578b0-0147-41dc-91f4-2d90b889f3f0) via didascalie_img
  PRIMA: "Angelo Volpi (foto archivio Ombre e Luci)"
  DOPO:  "Angelo Volpi (photo from Ombre e Luci archives)"
[en] a-dogs-purpose-took-me-back-in-time (bf32192c-bea8-42fa-8f86-446b1424040a) via didascalie_img
  PRIMA: "Dennis Quaid in una scena del film \"Qua la zampa\""
  DOPO:  "Dennis Quaid in a scene from the film \"A Dog's Purpose\""
[en] open-dialogue-77 (bf3790e4-07d4-42da-8f5b-2da084e11a57) via didascalie_img
  PRIMA: "Sempre meglio parlarne, no? (foto archivio Ombre e Luci)"
  DOPO:  "Always better to talk about it, right? (photo from Ombre e Luci archive)"
[en] friendship-across-inequality (bfa9016c-ce31-42fe-ba8d-0a6fc3a1baba) via didascalie_img
  PRIMA: "Stefano con un'amica a un campeggio Fede e Luce (Foto di Carla Cecilia)"
  DOPO:  "Stefano with a friend at a Faith and Light camp (Photo by Carla Cecilia)"
[en] with-the-three-siblings (bfadb6b6-32fd-414c-964f-c141543ed65b) via didascalie_img
  PRIMA: "Uno dei gruppi di scambio durante la formazione dei vicecoordinatori di Fede e Luce (Torreglia, 2023)"
  DOPO:  "One of the discussion groups during the training of the vice-coordinators of Faith and Light (Torreglia, 2023)"
[en] when-the-lead-character-becomes-a-prop (c0104b74-db03-4fe4-9a80-f02c0b6c6106) via didascalie_img
  PRIMA: "Una scena del film \"Music\""
  DOPO:  "A scene from the film \"Music\""
[en] journey-to-lourdes (c03dbaae-258f-40ee-971e-3d98ae3b742b) via didascalie_img
  PRIMA: "Un dei disegni fatti dai bambini in viaggio verso Lourdes 1981"
  DOPO:  "One of the drawings made by children on the journey to Lourdes 1981"
[en] 112-ways-to-help-a-practical-guide-to-disability (c03dbd0b-8068-40f8-8b5f-f0e1f61093ee) via didascalie_img
  PRIMA: "Le recensioni di Ombre e Luci"
  DOPO:  "Reviews from Ombre e Luci"
[en] united-in-prayer (c0569dd6-affc-406c-a1fd-fe41e7d8f5ea) via didascalie_img
  PRIMA: "Festeggiamenti per i 30 anni di Fede e Luce a Nicosia (foto archivio Ombre e Luci)"
  DOPO:  "Celebrations for the 30th anniversary of Faith and Light in Nicosia (photo from Ombre e Luci archives)"
[en] spazio-aperto-a-cooperative-born-from-need (c07814ef-0cb8-48e2-b662-cc04d490c0f3) via didascalie_img
  PRIMA: "(foto archivio Ombre e Luci)"
  DOPO:  "(photo from Ombre e Luci archives)"
[en] open-dialogue-no-12 (c09db7b5-6888-40c5-8178-5df6d1801be7) via didascalie_img
  PRIMA: "Sempre meglio parlarne, no? (foto archivio Ombre e Luci)"
  DOPO:  "Always better to talk about it, right? (photo archive Ombre e Luci)"
[en] building-welcome (c0b073e7-9bba-4dff-9547-8fcc486a3a78) via didascalie_img
  PRIMA: "(foto archivio Ombre e Luci)"
  DOPO:  "(photo from Ombre e Luci archives)"
[en] slime-review (c0c86ccc-0232-456f-8f2c-1b9513de16dc) via didascalie_img
  PRIMA: "Slime di David Walliams (HarperCollins Italia, 2021)"
  DOPO:  "Slime by David Walliams (HarperCollins Italia, 2021)"
[en] viola-and-mimosa-no-140 (c0feb31c-7438-44f9-9fa3-16266fb3c464) via didascalie_img
  PRIMA: "Viola e Mimosa"
  DOPO:  "Violet and Mimosa"
[en] we-two-are-one-a-review (c11c9b60-124a-4094-ae64-d526f6825050) via didascalie_img
  PRIMA: "«Noi due siamo uno» -  Matteo Spicuglia (Add Editore, 2021)"
  DOPO:  "\"We Two Are One\" - Matteo Spicuglia (Add Editore, 2021)"
[en] giuditta-and-the-devils-ear-a-review (c1875315-5fb1-4c39-8fc7-af16cc95a199) via didascalie_img
  PRIMA: "Copertina del libro \"Giuditta e l'orecchio del diavolo\" (Giunti 2022)"
  DOPO:  "Book cover of \"Judith and the Devil's Ear\" (Giunti 2022)"
[en] when-my-child-left-home-for-the-first-time (c189fec1-7149-4c78-9c8a-81ab633b6cfe) via didascalie_img
  PRIMA: "Pablo con la sua mamma (foto archivio Ombre e Luci)"
  DOPO:  "Pablo with his mother (photo archive Ombre e Luci)"
[en] with-all-my-strength-special-olympics-youth-games (c2132410-7216-47f7-bf1b-2ce98a13181d) via didascalie_img
  PRIMA: "Con tutte le mie forze - Foto tratta dal programma ufficiale di Special Olimpics - Ombre e Luce n. 96, 2006"
  DOPO:  "With All My Strength - Photo from the Official Special Olympics Program - Shadows and Lights no. 96, 2006"
[en] open-doors (c2242a40-cc95-48b1-8632-03344e344c62) via didascalie_img
  PRIMA: "Valentina raccontata dalle insegnanti"
  DOPO:  "Valentina as told by her teachers"
[en] dependent-yet-free (c2330279-7e63-4e94-b80e-e99ed0448ab4) via didascalie_img
  PRIMA: "Domenico alla sua scrivania (foto archivio Ombre e Luci, 1990)"
  DOPO:  "Domenico at his desk (photo from Ombre e Luci archives, 1990)"
[en] the-keys-to-home-film-review (c23cfbda-6682-46f7-ab6b-6c6d91c1acff) via didascalie_img
  PRIMA: "Un'immagine dal film \"Le Chiavi di casa\" - Ombre e Luci n.90, 2005"
  DOPO:  "An image from the film \"The Keys of the House\" - Shadows and Lights no. 90, 2005"
[en] rebirth-and-solidarity-the-storks-of-chernobyl (c24ceedf-3dca-4822-af6d-f5110266f730) via didascalie_img
  PRIMA: "\"Le cicogne di Chernobyl\" di Karim Galici (2024)"
  DOPO:  "\"The Storks of Chernobyl\" by Karim Galici (2024)"
[en] fanny-who-sees-a-future-for-herself (c24e1578-5018-4fc4-9510-b6bcdf0ac7bc) via didascalie_img
  PRIMA: "Melanie e Fanny sulla spiaggia"
  DOPO:  "Melanie and Fanny on the beach"
[en] a-friendship-that-changed-everything (c253018b-bf60-4f46-9ea4-aaea21c7b306) via didascalie_img
  PRIMA: "Angelo con l’amico Roberto (foto archivio Ombre e Luci)"
  DOPO:  "Angelo with his friend Roberto (photo from Ombre e Luci archives)"
[en] alone-in-suffering (c276f932-e1b5-44e5-b78e-e6696913493b) via didascalie_img
  PRIMA: "Foto Archivio Ombre e Luci"
  DOPO:  "Photo from Ombre e Luci Archive"
[en] alfedena-in-pictures (c2a8f03a-792e-4652-b4c0-2e08a9765c5e) via didascalie_img
  PRIMA: "(foto achivio Ombre e Luci)"
  DOPO:  "(photo from Ombre e Luci archive)"
[en] gianlucas-elementary-school-is-it-real-integration (c2cce06b-34b2-4e7c-a542-0aa9f9f56713) via didascalie_img
  PRIMA: "integrazione scolastica - Ombre e Luci n.91, 2005"
  DOPO:  "school integration - Shadows and Lights no. 91, 2005"
[en] faith-in-action-how-these-children-learn (c2f38028-fd69-4565-a3f0-27ef6748ce14) via didascalie_img
  PRIMA: "Un'immagine della sacra rappresentazione"
  DOPO:  "An image of the sacred representation"
[en] life-faith-and-light-no-29 (c2f3facf-2deb-4ddf-b481-4284fb1b24ab) via didascalie_img
  PRIMA: "(foto archivio Ombre e Luci, 1990)"
  DOPO:  "(photo from Ombre e Luci archive, 1990)"
[en] all-of-us-need-the-sacraments (c3497a96-04d8-472c-bce2-d2dcc2a7ecf6) via didascalie_img
  PRIMA: "(foto archivio Ombre e Luci)"
  DOPO:  "(photo from Ombre e Luci archive)"
[en] fiorangela-a-life-in-full (c34cebad-857d-4de4-abea-64ec0ae04a2c) via didascalie_img
  PRIMA: "Le recensioni di Ombre e Luci"
  DOPO:  "Ombre e Luci reviews"
[en] bells-in-celebration (c3708710-5f4f-4417-9342-9d069dc28acd) via didascalie_img
  PRIMA: "Campane a festa"
  DOPO:  "Festive Bells"
[en] faith-and-light-around-the-world (c39642b3-a375-45fa-850e-a3a0b69185b4) via didascalie_img
  PRIMA: "(foto archivio Ombre e Luci)"
  DOPO:  "(photo from Ombre e Luci archive)"
[en] christmas-in-ljubljana (c39e4cb5-4c1f-4989-a2d2-ec74dc8082f5) via didascalie_img
  PRIMA: "(foto archivio Ombre e Luci)"
  DOPO:  "(photo from Ombre e Luci archive)"
[en] the-1975-rome-pilgrimage-what-happened-and-how-much-it-cost (c3acd9ea-2f03-47fa-a1ab-5f438346817a) via didascalie_img
  PRIMA: "Illustrazioni tratte da Insieme n.5, 1975 (archivio Ombre e Luci)"
  DOPO:  "Illustrations taken from Insieme n.5, 1975 (Ombre e Luci archive)"
[en] journeys-and-visions-newsletter-no-33 (c3d57205-aeca-4ce5-87b2-414474461963) via didascalie_img
  PRIMA: "Ombre e Luci a Hong Kong (Padre Cagnin e Bonzi)"
  DOPO:  "Shadows and Lights in Hong Kong (Father Cagnin and Bonzi)"
[en] nature-and-music (c41dddfe-0e33-45a4-b63b-e9bf6de52829) via didascalie_img
  PRIMA: "Giovanni Grossi (Foto Giovanni Grossi)"
  DOPO:  "Giovanni Grossi (Photo by Giovanni Grossi)"
[en] alzheimer-but-first-hes-my-grandfather (c435fad0-ba01-4a5c-9144-6b9421036e1b) via didascalie_img
  PRIMA: "Alzheimer: ma soprattutto è mio Nonno - Ombre e Luce n. 96, 2006"
  DOPO:  "Alzheimer: but above all he is my Grandfather - Shadows and Light no. 96, 2006"
[en] summer-1977-experiences-and-camps (c452a500-d1ed-4fd7-bc94-cd01c346e3f5) via didascalie_img
  PRIMA: "Robert, Manuela e Guenda durante una paseggiata ad Alfedena 1977 (archivio Ombre e Luci)"
  DOPO:  "Robert, Nanda and Guenda during a walk in Alfedena, 1977 (Ombre e Luci archives)"
[en] why-we-celebrate-twenty-five-years-of-the-carro (c49700d4-28ff-4c03-bd1d-b01b709a090a) via didascalie_img
  PRIMA: "Un momento di festa per i 25 anni del Carro (foto archivio Ombre e Luci)"
  DOPO:  "A moment of celebration for the Carro's 25th anniversary (photo from Ombre e Luci archives)"
[en] understanding-autism-a-parents-guide (c52a3c75-7623-4eb1-b4ba-cf74f73015a3) via didascalie_img
  PRIMA: "Le recensioni di Ombre e Luci"
  DOPO:  "Shadows and Lights Reviews"
[en] open-dialogue-issue-41 (c597e896-d031-4b36-be8f-d3135ed6c982) via didascalie_img
  PRIMA: "Sempre meglio parlarne, no? (foto archivio Ombre e Luci)"
  DOPO:  "Always better to talk about it, right? (photo from Ombre e Luci archives)"
[en] a-man-of-the-kingdom (c599c2f4-4363-4472-8e18-b2455cb7062b) via didascalie_img
  PRIMA: "Jean Vanier in una foto d'epoca"
  DOPO:  "Jean Vanier in a vintage photograph"
[en] explorers-of-the-mystery-of-the-small (c5c71958-0577-47d5-902a-810430c9bb92) via didascalie_img
  PRIMA: "Foto Claudio Freschi (Archivio Ombre e Luci)"
  DOPO:  "Photo by Claudio Freschi (Ombre e Luci Archive)"
[en] round-table (c5e064d3-3336-40b6-ae82-15028918efca) via didascalie_img
  PRIMA: "Immagina tratta da Insieme n.7 - 1975 (archivio Ombre e Luci)"
  DOPO:  "Image from Insieme no. 7 - 1975 (Ombre e Luci archives)"
[en] the-constitution-of-the-poor-book-review (c5f0f00c-5cee-4675-b07d-7c702073ff46) via didascalie_img
  PRIMA: "\"La costituzione dei poveri\" di Virginio Colmegna e Gustavo Zagrelbeski (Castelvecchio, 2025)"
  DOPO:  "\"The Constitution of the Poor\" by Virginio Colmegna and Gustavo Zagrelbeski (Castelvecchio, 2025)"
[en] faith-and-light-newsletter-no-10-1976 (c6289523-3060-438a-a311-052d5656b54b) via didascalie_img
  PRIMA: "Immagina tratta da Insieme n.10 - 1976 (archivio Ombre e Luci)"
  DOPO:  "Image from Insieme no. 10 - 1976 (Ombre e Luci archive)"
[en] i-am-not-alone (c684840b-c8f2-40e8-b64e-6549deecb2a5) via didascalie_img
  PRIMA: "(foto archivio Ombre e Luci, 1990)"
  DOPO:  "(photo from Ombre e Luci archives, 1990)"
[en] rehabilitation-should-happen-in-schoolsbut-the-girl-isnt-allowed-in-class (c6d709e5-bbf4-4843-8f02-13c27408a5f4) via didascalie_img
  PRIMA: "(foto archivio Ombre e Luci)"
  DOPO:  "(photo from Ombre e Luci archives)"
[en] faith-and-light-newsletter-no-20 (c733b5c3-771d-4e85-8c7b-d4657d705b8a) via didascalie_img
  PRIMA: "Immagina tratta da Insieme n.10 - 1976 (archivio Ombre e Luci)"
  DOPO:  "Image from Insieme n.10 - 1976 (Ombre e Luci archive)"
[en] women-of-another-world-a-book-review (c781f867-7eb0-4713-9175-c9f3bf5f8501) via didascalie_img
  PRIMA: "\"Donne dell'altro mondo\" di Antonella Barina (Manni, 2025)"
  DOPO:  "\"Women of Another World\" by Antonella Barina (Manni, 2025)"
[en] the-art-of-getting-back-up (c783ab8d-b238-44ed-85cf-8777cad62cf6) via didascalie_img
  PRIMA: "Laura Coccia - Rodano - a cavallo (Foto Laura Coccia)"
  DOPO:  "Laura Coccia - Rodano - on horseback (Photo Laura Coccia)"
[en] open-dialogue-no-16 (c79d5e0a-013d-4d4c-9b2b-ecfa403f6c9b) via didascalie_img
  PRIMA: "Sempre meglio parlarne, no? (foto archivio Ombre e Luci)"
  DOPO:  "Always better to talk about it, right? (photo from Ombre e Luci archives)"
[en] for-me-it-is-happiness (c79e631c-212e-47df-b3f2-0e5c536f611b) via didascalie_img
  PRIMA: "Piercosimo (foto archivio Ombre e Luci)"
  DOPO:  "Piercosimo (photo from Ombre e Luci archives)"
[en] summer-games-a-book-review (c7a3973f-69d2-4944-8389-8c93b6bea972) via didascalie_img
  PRIMA: "(foto archivio Ombre e Luci)"
  DOPO:  "(photo from Ombre e Luci archives)"
[en] open-dialogue-no-168 (c7b53e54-275f-4b47-b57b-0cc772e0bfce) via didascalie_img
  PRIMA: "Andrea e suo fratello"
  DOPO:  "Andrea and his brother"
[en] alices-book (c7c6483a-4a4c-4b8c-849c-5379e3fcbdaf) via didascalie_img
  PRIMA: "Le recensioni di Ombre e Luci"
  DOPO:  "Ombre e Luci's Reviews"
[en] a-useless-god-review (c7d77ee1-2750-42f3-adc2-799f61d779b2) via didascalie_img
  PRIMA: "Copertina \"Un dio inutile\""
  DOPO:  "Cover of \"A Useless God\""
[en] signs-that-work (c7f35aad-7227-4b8e-bcd2-80b7c7c422d5) via didascalie_img
  PRIMA: "(foto @im.va Riccardo Rossi - archivio Ombre e Luci)"
  DOPO:  "(photo @im.va Riccardo Rossi - Ombre e Luci archive)"
[en] how-a-pilgrimage-is-born-in-faith-and-light (c7fe2f8a-3583-4eef-a00a-093bfdbaeffd) via didascalie_img
  PRIMA: "(foto archivio Ombre e Luci)"
  DOPO:  "(Photo from Ombre e Luci archive)"
[en] ill-give-you-disney (c84f9b40-51d4-4748-8730-d3944423406a) via didascalie_img
  PRIMA: "Giovanni Grossi al campo Bicoca di settembre 2025"
  DOPO:  "Giovanni Grossi at Bicoca field in September 2025"
[en] down-syndrome-a-guide-for-educators-and-parents (c871253e-5edd-4c65-a5dc-20ffadd399d8) via didascalie_img
  PRIMA: "Le recensioni di Ombre e Luci"
  DOPO:  "Ombre e Luci's Reviews"
[en] on-feelings-daniele-segres-film-and-what-we-made-of-it (c8be1a79-36b2-4cf4-a0e3-678537649197) via didascalie_img
  PRIMA: "Un fotogramma di \"A proposito di sentimenti\" - di Daniele Segre - Ombre e Luci n 69"
  DOPO:  "A frame from \"About Feelings\" - by Daniele Segre - Shadows and Lights no. 69"
[en] open-dialogue-107 (c8d722f8-0a09-4ee4-acf1-5a00ad8f7731) via didascalie_img
  PRIMA: "Sempre meglio parlarne, no? (foto archivio Ombre e Luci)"
  DOPO:  "Always better to talk about it, right? (photo from Ombre e Luci archives)"
[en] these-children-are-sacred (c8e63494-f820-4691-bbaa-71a240aef096) via didascalie_img
  PRIMA: "Sindrome Lemox-Gastaut: parla una mamma: \"Questi bambini sono intoccabili” - Ombre e Luci n.97, 2007"
  DOPO:  "Lennox-Gastaut Syndrome: A Mother Speaks: \"These Children Are Untouchable\" - Shadows and Lights n.97, 2007"
[en] precious-a-film-of-unflinching-power (c8f6e9c1-290b-4324-b5b5-e9a379a9ed70) via didascalie_img
  PRIMA: "Un primo piano di Precious, la protagonista del film (©Fandango)"
  DOPO:  "A close-up of Precious, the protagonist of the film (©Fandango)"
[en] school-and-disability-what-two-mothers-tell-us-about-inclusion (c8fcde16-65ee-4108-b1f5-930e45532cc4) via didascalie_img
  PRIMA: "Foto di Austrian National Library su Unsplash"
  DOPO:  "Photo by Austrian National Library on Unsplash"
[en] the-pilgrimages-of-faith-and-light (c93af84e-3c99-4971-9ebe-656147f788c4) via didascalie_img
  PRIMA: "(foto archivio Ombre e Luci)"
  DOPO:  "(photo from Ombre e Luci archives)"
[en] how-do-we-hold-on-to-what-weve-lived (c995e535-b180-47ad-9032-56ef5ea2eb2d) via didascalie_img
  PRIMA: "Il primo pellegrinaggio a Lourdes nel 1971 (Foto Foi et lumière)"
  DOPO:  "The first pilgrimage to Lourdes in 1971 (Photo by Faith and Light)"
[en] where-zenia-met-borys-the-story-of-casa-emmaus-in-lviv (c9a6668e-2692-4748-bc8d-73f961f2a0e6) via didascalie_img
  PRIMA: "Pranzo a Casa Emmaus in Ucraina"
  DOPO:  "Lunch at Casa Emmaus in Ukraine"
[en] open-dialogue-no-2 (c9b475ac-d53d-4cb9-baa4-656f25b03b2e) via didascalie_img
  PRIMA: "Sempre meglio parlarne, no? (foto archivio Ombre e Luci)"
  DOPO:  "Always better to talk about it, right? (photo from Ombre e Luci archive)"
[en] open-dialogue-no-30 (c9b4ab69-b010-4c6b-8abb-6fa2df10aa82) via didascalie_img
  PRIMA: "Sempre meglio parlarne, no? (foto archivio Ombre e Luci)"
  DOPO:  "Always better to talk about it, right? (photo from Ombre e Luci archive)"
[en] viola-and-mimosa-no-137 (c9d2b5c6-2aa8-4988-b4d0-ad509fa6665a) via didascalie_img
  PRIMA: "Viola e Mimosa"
  DOPO:  "Violet and Mimosa"
[en] proverbs-on-friendship (ca1087e7-8a78-482d-874c-49f63e84b0b6) via didascalie_img
  PRIMA: "Alcuni ragazzi, genitori e amici durante un campo Fede e Luce a Cesenatico (foto archivio Ombre e Luci)"
  DOPO:  "Some young people, parents and friends during a Faith and Light camp in Cesenatico (photo from Ombre e Luci archives)"
[en] open-dialogue-no-29 (ca20c911-24fc-4c11-96f5-9a9a67f96c79) via didascalie_img
  PRIMA: "Sempre meglio parlarne, no? (foto archivio Ombre e Luci)"
  DOPO:  "Always better to talk about it, right? (photo from Ombre e Luci archive)"
[en] the-clear-sky-returns (ca261c06-06f7-43b5-97f7-5560c54e54a7) via didascalie_img
  PRIMA: "I D'Amico incontrano Papa Giovanni Paolo II (foto archivio Ombre e Luci)"
  DOPO:  "The D'Amico family meets Pope John Paul II (photo from Ombre e Luci archives)"
[en] like-a-mermaid (ca845eac-7df5-4d4e-bc13-122e527b344e) via didascalie_img
  PRIMA: "(foto archivio Ombre e Luci)"
  DOPO:  "(photo from Ombre e Luci archives)"
[en] psychopathology-and-spiritual-life-suffering-and-human-maturity (ca8a7b8a-c310-4a9a-b9cc-d6e48b582ff1) via didascalie_img
  PRIMA: "Le recensioni di Ombre e Luci"
  DOPO:  "Shadows and Lights Reviews"
[en] a-new-legal-tool-supported-administration-for-people-with-disabilities (ca9066a4-1e60-4885-ba64-efafa9fc808e) via didascalie_img
  PRIMA: "Amministratore di sostegno per le persone con disabilità - Ombre e Luci n.86, 2004"
  DOPO:  "Support Administrator for People with Disabilities - Shadows and Lights no. 86, 2004"
[en] and-it-was-a-real-vacation (ca922aae-2e06-44f8-b826-1085fd75b957) via didascalie_img
  PRIMA: "(foto archivio Ombre e Luci)"
  DOPO:  "(photo from Ombre e Luci archives)"
[en] making-all-things-new (ca937677-8a01-42e3-9fae-69ced0da3fba) via didascalie_img
  PRIMA: "Lo stand con le opere \nprodotte dal laboratorio (foto archivio Ombre e Luci)"
  DOPO:  "The stand with the works produced by the workshop (photo from Ombre e Luci archive)"
[en] baskin-changed-our-lives (ca9e7748-8afb-422d-8f52-e9737a6cea32) via didascalie_img
  PRIMA: "(foto archivio Ombre e Luci)"
  DOPO:  "(photo from Ombre e Luci archives)"
[en] what-facilitated-communication-can-do-an-interview-with-francesca-benassi (cabbd8fd-de80-40ab-97e6-d1f98185e8e2) via didascalie_img
  PRIMA: "L'albatros - Viaggio nell'autismo - Cristian Moretti - Recensione Libro -Ombre e Luci n.75 - 2002"
  DOPO:  "The Albatross - Journey into Autism - Cristian Moretti - Book Review - Shadows and Lights no. 75 - 2002"
[en] faith-and-light-in-the-holy-land (cac4cd1f-ccf3-4d5d-812f-b811a55e9b76) via didascalie_img
  PRIMA: "Foto di Sander Crombach su Unsplash"
  DOPO:  "Photo by Sander Crombach on Unsplash"
[en] blind-deaf-unable-to-walk-or-speak (cb0a5b23-9bb2-4224-9519-d4642fb90f43) via didascalie_img
  PRIMA: "(foto archivio Ombre e Luci)"
  DOPO:  "(photo from Ombre e Luci archives)"
[en] open-dialogue-no-42 (cb0dfa26-b50a-497f-a272-a222338ad429) via didascalie_img
  PRIMA: "Sempre meglio parlarne, no? (foto archivio Ombre e Luci)"
  DOPO:  "Always better to talk about it, right? (photo from Ombre e Luci archive)"
[en] edith-stein-and-the-courage-of-knowledge (cb44e8a7-20d2-43d3-ad14-5497be4cd51c) via didascalie_img
  PRIMA: "Antonietta Pantone al convegno dedicato a Edith Stein"
  DOPO:  "Antonietta Pantone at the conference dedicated to Edith Stein"
[en] adeas-joy (cb53767a-ef10-4cb9-8032-311ab7504084) via didascalie_img
  PRIMA: "La cresima di Adea nella cattedrale di St. Paul a Tirana (2019)"
  DOPO:  "Adea's confirmation in St. Paul's Cathedral in Tirana (2019)"
[en] inside-the-ombre-e-luci-newsroom (cb9f970c-18bf-4887-8404-eedc9ff785a7) via didascalie_img
  PRIMA: "(foto archivio Ombre e Luci)"
  DOPO:  "(photo from Ombre e Luci archive)"
[en] god-loves-us-all-unconditionally (cbc8e848-a0bc-4000-aaf8-afce6ae62802) via didascalie_img
  PRIMA: "Città del Vaticano, 8 maggio 2025, Papa Leone XIV saluta la piazza e si presenta al mondo"
  DOPO:  "Vatican City, May 8, 2025, Pope Leo XIV greets the square and introduces himself to the world"
[en] from-the-provinces-issue-137 (cbdc651d-4755-434f-a3e3-b4334a4ea10b) via didascalie_img
  PRIMA: "Le provincie di Fede e Luce"
  DOPO:  "The dioceses of Faith and Light"
[en] how-a-magazine-issue-comes-together (cbe17696-5228-4905-8411-d5ba2d56d6f3) via didascalie_img
  PRIMA: "Ombre e Luci all'interno della cassetta delle lettere (disegno di Matteo Cinti)"
  DOPO:  "Shadows and Lights inside the mailbox (drawing by Matteo Cinti)"
[en] my-son-i-dont-think-i-can-take-you-to-church-like-this (cc5acd87-5b87-42c0-b077-7f1390ba3eb5) via didascalie_img
  PRIMA: "(foto archivio Ombre e Luci)"
  DOPO:  "(photo from Ombre e Luci archive)"
[en] artificial-intelligence-and-editorial-memory-my-work-with-ombre-e-luci (cc5b80d0-1245-4575-8947-80c966043822) via didascalie_img
  PRIMA: "La mappa concettuale generata con l'AiOeL dei primi 100 articoli dell'archivio"
  DOPO:  "The conceptual map generated with AiOeL of the first 100 articles in the archive"
[en] being-a-godfather-changed-his-life (ccac37be-d55a-4902-838a-af8cedf97232) via didascalie_img
  PRIMA: "Era poco dopo Natale. Emanuele commosso fa a sua conoscenza del suo figliocco. - Essere padrino ha cambiato la sua vita - Ombre e Luci n.38, 1992"
  DOPO:  "It was shortly after Christmas. Emanuele, moved, makes the acquaintance of his godson. - Being a godfather changed his life - Shadows and Lights no. 38, 1992"
[en] en-garde-ac9d (ccbd9c5d-697e-4a4a-a72c-fd27667fd498) via didascalie_img
  PRIMA: "Andrea Pellegrini - En Garde"
  DOPO:  "Andrea Pellegrini - On Guard"
[en] when-your-doctor-dies-finding-care-again (ccedab3e-0625-49dd-b989-e6d6254eb23b) via didascalie_img
  PRIMA: "Arianna Giuliano alla sua laurea (2023)"
  DOPO:  "Arianna Giuliano at her graduation (2023)"
[en] the-seasons-of-life (cd078230-3d5c-4c18-b1e3-3c0c9b473c62) via didascalie_img
  PRIMA: "Le recensioni di Ombre e Luci"
  DOPO:  "Ombre e Luci's Reviews"
[en] vacation-the-problem-and-the-answer (cd1d2c22-71b4-4542-a68f-a5f70d088061) via didascalie_img
  PRIMA: "(foto archivio Ombre e Luci)"
  DOPO:  "(photo from Ombre e Luci archives)"
[en] the-kinnora-choir-of-people-with-and-without-intellectual-disabilities-brings-music-to-sunday-mass (cd2aaedd-1e79-4146-b407-8f29d53967b9) via didascalie_img
  PRIMA: "(foto archivio Ombre e Luci)"
  DOPO:  "(photo from Ombre e Luci archives)"
[en] what-not-to-do (cd8e1682-786b-4d77-9483-40bc16b6e57e) via didascalie_img
  PRIMA: "(foto archivio Ombre e Luci)"
  DOPO:  "(photo from Ombre e Luci archives)"
[en] fano-2018-the-best-of-our-youth (cda5c254-6333-4507-8f91-613587a7098e) via didascalie_img
  PRIMA: "Un momento di festa a Fano 2018 (foto archivio Ombre e Luci)"
  DOPO:  "A moment of celebration at Fano 2018 (photo from Ombre e Luci archives)"
[en] open-dialogue-120 (cdd5379d-7a16-4dc1-beea-f96ea208bb3c) via didascalie_img
  PRIMA: "Sempre meglio parlarne, no? (foto archivio Ombre e Luci)"
  DOPO:  "It's always better to talk about it, isn't it? (photo from Ombre e Luci archives)"
[en] the-geniuses-of-the-past-and-autism-today (cde81d36-c3ae-433a-b386-c870b5394f25) via didascalie_img
  PRIMA: "Personaggi famosi con caratteristiche della sindrome di Asperger: da sinistra Michelangelo, Mozart, Emily Dickinson, Van Gogh, Kubrick, Einstein e Jobs"
  DOPO:  "Famous people with Asperger's syndrome characteristics: from left Michelangelo, Mozart, Emily Dickinson, Van Gogh, Kubrick, Einstein and Jobs"
[en] difficult-moments (cdeba27e-c0f2-48e3-a0d2-a9f6f9051823) via didascalie_img
  PRIMA: "(foto archivio Ombre e Luci)"
  DOPO:  "(photo from Ombre e Luci archives)"
[en] specialized-parents-the-pedagogical-consulting-service-of-trento (ce4092d2-087e-4a19-ba11-4083a71a413c) via didascalie_img
  PRIMA: "(foto archivio Ombre e Luci)"
  DOPO:  "(photo from Ombre e Luci archives)"
[en] ive-read-every-article-from-ombre-e-luciheres-what-im-learning (ce486f8d-6629-477e-9989-d38d884beb19) via didascalie_img
  PRIMA: "La mappa in 3d di tutti gli articoli vettorializzati di Ombre e Luci"
  DOPO:  "The 3D map of all vectorized articles from Ombre e Luci"
[en] open-dialogue-no-151 (ce4e0a9c-f000-4ca7-a97d-f02f8c7a17ca) via didascalie_img
  PRIMA: "Rubriche dialogo aperto"
  DOPO:  "Open dialogue sections"
[en] a-religious-awakening-for-the-severely-handicapped (ce594b62-c239-4601-bf79-223f8f430854) via didascalie_img
  PRIMA: "(foto archivio Ombre e Luci)"
  DOPO:  "(photo from Ombre e Luci archives)"
[en] my-left-foot-700c (ce75250b-9e41-4a55-b6f6-5fde9593b8dd) via didascalie_img
  PRIMA: "Le recensioni di Ombre e Luci"
  DOPO:  "Ombre e Luci Reviews"
[en] i-made-this-movie-for-him-not-for-myself (ce8b4c25-f9fa-46fa-a8fd-025f452f344e) via didascalie_img
  PRIMA: "Bobò e Pippo Delbono"
  DOPO:  "Bobò and Pippo Delbono"
[en] the-law-on-integration (ce8bf15c-992c-4e50-9ca3-707ce5cfcb3f) via didascalie_img
  PRIMA: "(foto archivio Ombre e Luci)"
  DOPO:  "(photo from Ombre e Luci archives)"
[en] why-this-special-issue (ce971501-c7ba-4711-89d5-5ac79954ebc2) via didascalie_img
  PRIMA: "(foto archivio Ombre e Luci)"
  DOPO:  "(photo from Ombre e Luci archives)"
[en] my-little-one (ceb91b59-7609-4b3f-982e-781e84361ff8) via didascalie_img
  PRIMA: "Piccolo mio testo canzone - Ombre e Luci n.92, 2005"
  DOPO:  "My Little Text Song - Shadows and Lights no.92, 2005"
[en] what-we-look-at-but-dont-see (ceec882d-2528-42d7-a557-d886729e3081) via didascalie_img
  PRIMA: "Miriam Leone e Stefano Accorsi in una scena di Marilyn ha gli occhi neri"
  DOPO:  "Miriam Leone and Stefano Accorsi in a scene from Marilyn Has Black Eyes"
[en] open-forum-93 (cf13512b-fab7-424e-b2f4-74a02e892633) via didascalie_img
  PRIMA: "Sempre meglio parlarne, no? (foto archivio Ombre e Luci)"
  DOPO:  "Always better to talk about it, right? (photo from Ombre e Luci archives)"
[en] we-are-dads-of-disabled-children-a-different-way-of-love (cf14350a-e861-45df-94bb-75aad7d62967) via didascalie_img
  PRIMA: "Noi papà di figli disabili - Ombre e Luci n.92, 2005"
  DOPO:  "We fathers of children with disabilities - Shadows and Lights no. 92, 2005"
[en] understanding-more-deeply (cf234274-2be7-49ae-bb18-7d892b7f6558) via didascalie_img
  PRIMA: "Foto Barbara Sciascia (archivio Ombre e Luci, 1992)"
  DOPO:  "Photo by Barbara Sciascia (Ombre e Luci archives, 1992)"
[en] from-the-provinces-issue-122 (cf6e5f3c-c2ab-482b-b99f-9e03d38dc57d) via didascalie_img
  PRIMA: "Le provincie di Fede e Luce"
  DOPO:  "The provinces of Faith and Light"
[en] the-country-house (cfa9b9fb-96e6-4ba9-9eb4-254e79702555) via didascalie_img
  PRIMA: "Efrem alla casa di campagna della sua infanzia"
  DOPO:  "Efrem at the countryside house of his childhood"
[en] a-vision-worthy-of-our-humanity (cfaed93c-7fda-4585-a616-c647dd5cdc43) via didascalie_img
  PRIMA: "Filippo Zoi all'Aut Art Festival 2024 (Foto: Cristina Tersigni)"
  DOPO:  "Filippo Zoi at Aut Art Festival 2024 (Photo: Cristina Tersigni)"
[en] heaven (cfe2f5ea-75ad-4c0c-b534-fd11ac76d4f7) via didascalie_img
  PRIMA: "(foto archivio Ombre e Luci)"
  DOPO:  "(photo from Ombre e Luci archive)"
[en] marymount-weeks-in-the-sun (cff503c7-66ff-416d-987c-9b65d7c0afd7) via didascalie_img
  PRIMA: "Mary Mount: settimane di sole (foto archivio Ombre e Luci)"
  DOPO:  "Mary Mount: weeks of sunshine (photo from Ombre e Luci archive)"
[en] the-great-house-of-peter-pan (d02d683e-2aca-4b08-a4e5-5276c2a2cb76) via didascalie_img
  PRIMA: "Momenti di relax all'interno dell'Associazione Peter Pan (foto archivio Ombre e Luci)"
  DOPO:  "Moments of relaxation inside the Peter Pan Association (photo from Ombre e Luci archives)"
[en] voices-from-parents (d04256d3-bcc3-4fbc-b3b5-f2b5c708e76f) via didascalie_img
  PRIMA: "(foto archivio Ombre e Luci, 1991)"
  DOPO:  "(photo from Ombre e Luci archives, 1991)"
[en] baglioni-and-the-kangaroo (d0519c90-57ee-4925-ab94-75ecfddeeaa3) via didascalie_img
  PRIMA: "Benedetta al concerdo di Claudio Baglioni"
  DOPO:  "Benedetta at Claudio Baglioni's concert"
[en] surrender-or-act (d0d04132-60c6-4cad-a402-16935715d22d) via didascalie_img
  PRIMA: "(foto archivio Ombre e Luci, 1990)"
  DOPO:  "(photo from Ombre e Luci archives, 1990)"
[en] life-in-faith-and-light-no-4 (d0dfba2f-5a7e-41d2-860e-90ea9b3b146d) via didascalie_img
  PRIMA: "(foto archivio Ombre e Luci)"
  DOPO:  "(Photo from Ombre e Luci archives)"
[en] the-girl-who-ran-on-batteries-a-review (d1086a34-63e5-44e7-8e71-429dbf946c95) via didascalie_img
  PRIMA: "Copertina \"La bambina che andava a pile\""
  DOPO:  "Cover of \"The Girl Who Ran on Batteries\""
[en] jean-vanier-building-christian-unity (d17cb82e-c957-4167-8b06-8d68716deb9b) via didascalie_img
  PRIMA: "Jean Vanier con due amici ortodossi di Mosca"
  DOPO:  "Jean Vanier with two Orthodox friends from Moscow"
[en] the-wheelchair-and-the-grapes (d1b6d91f-aac4-43c4-bdd0-ef8363728504) via didascalie_img
  PRIMA: "(illustrazione archivio Ombre e Luci)"
  DOPO:  "(Ombre e Luci archive illustration)"
[en] very-young-people-n7 (d1c6354f-88ac-49e2-b91b-efc01700a064) via didascalie_img
  PRIMA: "Io e mio fratello - Insieme n.4 1975 - Ombre e Luci"
  DOPO:  "Me and my brother - Together No. 4 1975 - Shadows and Lights"
[en] open-dialogue-83 (d1f83f73-368b-475b-9b0a-1e9f106a3002) via didascalie_img
  PRIMA: "Sempre meglio parlarne, no? (foto archivio Ombre e Luci)"
  DOPO:  "Always better to talk about it, right? (photo from Ombre e Luci archives)"
[en] teaching-disabled-children-to-eat-building-independence-and-community-at-the-table (d207238b-201c-4dc4-b9d2-f9039b9570c6) via didascalie_img
  PRIMA: "Disegno da Insieme n.16, 1978 (archivio Ombre e Luci)"
  DOPO:  "Drawing from Insieme no. 16, 1978 (Ombre e Luci archives)"
[en] disability-makes-us-human (d24bccfe-1e58-4407-8b38-c1e56140e49c) via didascalie_img
  PRIMA: "Stefano Buttinoni - La disabilità ci rende umani"
  DOPO:  "Stefano Buttinoni - Disability Makes Us Human"
[en] real-vacations-breaking-the-mold-and-discovering-what-rest-really-means (d2723fc2-c2bb-4674-ab31-311e1e9dece7) via didascalie_img
  PRIMA: "Immagina tratta da Insieme - 1976 (archivio Ombre e Luci)"
  DOPO:  "Still from Insieme - 1976 (Ombre e Luci archives)"
[en] a-thousand-colors-on-stage-communities-in-motion-at-pompei (d27637d4-b07e-434e-9fd2-f4d67138a979) via didascalie_img
  PRIMA: "I pellegrini di Fede e Luce a Pompei"
  DOPO:  "The pilgrims of Faith and Light at Pompeii"
[en] open-dialogue-no-87 (d2991eb3-022e-4d36-8bca-1d4acae40cc9) via didascalie_img
  PRIMA: "Sempre meglio parlarne, no? (foto archivio Ombre e Luci)"
  DOPO:  "Always better to talk about it, right? (photo from Ombre e Luci archive)"
[en] funny-signs-posted-on-church-doors (d2b77f64-d2a2-413b-b879-bc0d3e8f4a8f) via didascalie_img
  PRIMA: "cartelli-parrocchie-divertenti-Ombre e Luci n.93, 2006"
  DOPO:  "Signs from parishes having fun—Ombre e Luci no. 93, 2006"
[en] forever-a-book-review (d2cb62fa-15c4-48cf-8409-be080eb24601) via didascalie_img
  PRIMA: "Copertina Per sempre Susanna di Tamaro - Giunti Edizioni"
  DOPO:  "Forever Cover by Susanna Tamaro - Giunti Editions"
[en] the-partys-guest-list (d2cde140-8577-407c-bc12-0aa0399fd30c) via didascalie_img
  PRIMA: "Associazione \"Invitati alla festa\" - Ombre e Luci n.87, 2004"
  DOPO:  "Association \"Invited to the Party\" - Shadows and Lights no. 87, 2004"
[en] if-they-dont-act (d2f1dab3-ee14-4a9d-945f-204fdd3bd235) via didascalie_img
  PRIMA: "Clelia fa la Prima Comunione ed è festeggiata dagli amici (foto archivio Ombre e Luci)"
  DOPO:  "Clelia makes her First Communion and is celebrated by friends (photo archive Shadows and Lights)"
[en] open-dialogue-no-143 (d2fca793-0f9c-4c0d-be7e-e8ad47239bdf) via didascalie_img
  PRIMA: "Sempre meglio parlarne, no? (foto archivio Ombre e Luci)"
  DOPO:  "It's always better to talk about it, isn't it? (photo from Ombre e Luci archives)"
[en] called-to-bear-fruit (d34822b1-d355-4e5a-aaf8-b5fab44852b6) via didascalie_img
  PRIMA: "Foto di gruppo dell'Assemblea Nazionale di Fede e Luce a Bari"
  DOPO:  "Group photo of the National Assembly of Faith and Light in Bari"
[en] tell-me-who-you-admire (d3693186-0181-4825-96a4-1af5adc05990) via didascalie_img
  PRIMA: "Sophie con la figlia Philippine (foto archivio Ombre e Luci)"
  DOPO:  "Sophie with her daughter Philippine (photo from Ombre e Luci archives)"
[en] open-forum-139 (d369c59d-0c70-4955-8398-bf53d1c1f64e) via didascalie_img
  PRIMA: "Sempre meglio parlarne, no? (foto archivio Ombre e Luci)"
  DOPO:  "Better to talk about it, right? (photo from Ombre e Luci archives)"
[en] stars-in-the-spotlight-stories-in-the-shadows-three-films-at-the-torino-film-festival (d384ccaa-b7e9-4d16-b70a-740216f654d4) via didascalie_img
  PRIMA: "Una scena del film \"The Teacher\" di Farah Nabulsi (2023)"
  DOPO:  "A scene from Farah Nabulsi's film \"The Teacher\" (2023)"
[en] a-thunderbolt-from-clear-skies (d39833a7-5e03-4ce4-9262-b0411f26baf7) via didascalie_img
  PRIMA: "Un terremoto a ciel sereno - Ombre e Luci n.99, 2007"
  DOPO:  "An Earthquake from a Clear Sky - Ombre e Luci n.99, 2007"
[en] kripton-a-film-to-break-the-invisibility-of-mental-illness (d3a4b769-ce3b-49a2-aa23-3d3d26faa969) via didascalie_img
  PRIMA: "Kripton di Francesco Munzi (2023)"
  DOPO:  "Krypton by Francesco Munzi (2023)"
[en] merry-christmas-76ac (d3b53fd1-fb4b-4a1a-8ca2-af901773efa0) via didascalie_img
  PRIMA: "Foto di Jack Bass su Unsplash"
  DOPO:  "Photo by Jack Bass on Unsplash"
[en] tango-tonight (d3ed6122-a1e1-46b3-a846-c433de99cefa) via didascalie_img
  PRIMA: "Uno degli spettacoli dell'associazione L'Oltre Tango (Foto L'Oltre Tango)"
  DOPO:  "One of the performances by L'Oltre Tango association (Photo L'Oltre Tango)"
[en] where-the-watermelons-grow-a-review (d3f9a584-19e5-4263-8568-cd0361202c6e) via didascalie_img
  PRIMA: "(foto archivio Ombre e Luci)"
  DOPO:  "(photo from Ombre e Luci archives)"
[en] it-rained-that-day (d4307c70-922d-4436-8e12-4e24bc8e1475) via didascalie_img
  PRIMA: "Disegno tratto da Insieme n.16, 1978 (archivio Ombre e Luci)"
  DOPO:  "Drawing from Insieme no. 16, 1978 (Ombre e Luci archive)"
[en] how-to-speak-and-act-around-blind-people (d437ac17-67ea-4da5-ab15-10bec9b6162f) via didascalie_img
  PRIMA: "(foto archivio Ombre e Luci)"
  DOPO:  "(photo archive Shadows and Lights)"
[en] summer-camp-days (d43ceaa1-1a54-4f8b-adcb-010c57d1a40c) via didascalie_img
  PRIMA: "Pablo a cavallo! (foto archivio Ombre e Luci, 1990)"
  DOPO:  "Pablo on horseback! (photo from Ombre e Luci archive, 1990)"
[en] roots-and-wings (d454a186-7a43-40da-afda-32f4d5fb4b23) via didascalie_img
  PRIMA: "Riunione attorno a Marie-Hélène negli anni 80 (foto archivio Ombre e Luci)"
  DOPO:  "Meeting around Marie-Hélène in the 1980s (photo from Ombre e Luci archive)"
[en] the-lamp-of-wishes (d4671d3e-6bd4-4de2-91f7-73ec96e0ee11) via didascalie_img
  PRIMA: "Festeggiamenti per il terzo anniversario di attività della Lampada (foto archivio Ombre e Luci)"
  DOPO:  "Celebrations for the third anniversary of Lampada's activities (photo from Ombre e Luci archive)"
[en] controversy-and-accessibility-at-the-berlinale75 (d48da473-29b3-4167-8824-57ac0803118f) via didascalie_img
  PRIMA: "\"Underground\" di Kaori Oda (2025)"
  DOPO:  "\"Underground\" by Kaori Oda (2025)"
[en] here-i-amthe-example-of-mary (d4b6e60f-1987-4257-b79c-5b0e474f4fde) via didascalie_img
  PRIMA: "L'Annunciazione, di Henry Ossawa Tanner, 1898 (Public domain, attraverso Wikimedia Commons)"
  DOPO:  "The Annunciation, by Henry Ossawa Tanner, 1898 (Public domain, via Wikimedia Commons)"
[en] wrestling-with-pain (d4caaacc-29e7-4778-a538-79acdcb503c5) via didascalie_img
  PRIMA: "Le recensioni di Ombre e Luci"
  DOPO:  "Ombre e Luci Reviews"
[en] vices-and-virtues-of-living-a-review (d528a454-03f2-4d55-a4ff-10f7d18a83e4) via didascalie_img
  PRIMA: "Vizi e virtu - Copertina"
  DOPO:  "Vices and Virtues - Cover"
[en] learning-and-belonging-one-mothers-journey-through-preschool (d545f38d-c0b9-43f6-aee9-86c4ceb0d410) via didascalie_img
  PRIMA: "integrazione scolastica - Ombre e Luci n.91, 2005"
  DOPO:  "school integration - Shadows and Lights no. 91, 2005"
[en] a-little-boat (d5641510-4b5c-497a-be19-4b0b73641804) via didascalie_img
  PRIMA: "(foto archivio Ombre e Luci)"
  DOPO:  "(photo from Ombre e Luci archives)"
[en] teaching-the-faith-to-autistic-people (d585cfad-530a-4126-bbc2-cb406cc901d1) via didascalie_img
  PRIMA: "Catechesi, pane e vino, candele (Archivio Ombre e Luci)"
  DOPO:  "Catechesis, bread and wine, candles (Ombre e Luci Archive)"
[en] open-dialogue-no-79 (d597c6f3-9587-4c60-a0e1-55754e9607ca) via didascalie_img
  PRIMA: "Sempre meglio parlarne, no? (foto archivio Ombre e Luci)"
  DOPO:  "Always better to talk about it, right? (photo from Ombre e Luci archive)"
[en] keepers-of-hope (d5baa49e-ecb6-4573-a5de-1c674f067ec9) via didascalie_img
  PRIMA: "Caterina con il suo papà (foto archivio Ombre e Luci)"
  DOPO:  "Caterina with her dad (photo from Ombre e Luci archives)"
[en] my-life-what-fulfills-me-what-i-want (d5cf27b8-9c43-4f53-b259-2c1e0861d516) via didascalie_img
  PRIMA: "(foto archivio Ombre e Luci, 1990)"
  DOPO:  "(photo from Ombre e Luci archive, 1990)"
[en] in-the-storm-yet-not-alone (d5f14f12-8f82-4ac1-89bb-9f76a148f9f8) via didascalie_img
  PRIMA: "William Turner, \"Il Naufragio\" (1805)"
  DOPO:  "William Turner, \"The Shipwreck\" (1805)"
[en] has-anything-really-changed (d5f4d738-88e5-4d40-95c6-5dd2f535ca17) via didascalie_img
  PRIMA: "Foto di Valeria e Davide Menga (archivio Ombre e Luci)"
  DOPO:  "Photo by Valeria and Davide Menga (Ombre e Luci archive)"
[en] breaking-the-silence (d60ca1ed-d88d-4d77-8a0a-5022885d87d5) via didascalie_img
  PRIMA: "Maria Francesca Bertolini con sua mamma Mariangela"
  DOPO:  "Maria Francesca Bertolini with her mother Mariangela"
[en] amen-b165 (d62ffe84-f873-4d75-8196-cf08163fe260) via didascalie_img
  PRIMA: "Benedetta Mattei e Papa Francesco"
  DOPO:  "Benedetta Mattei and Pope Francis"
[en] gioia-and-the-othersa-review (d6ad5056-665e-4e7a-a6b1-4ff282221a10) via didascalie_img
  PRIMA: "Copertina \"Gioia e le altre\" (foto archivio Ombre e Luci)"
  DOPO:  "Cover of \"Gioia and the Others\" (photo from Ombre e Luci archives)"
[en] faith-and-light-community-no-38 (d6b4fd65-7405-4f20-9875-1f0d3b8cd426) via didascalie_img
  PRIMA: "4. Chissà cosa stanno facendo Nora e Massimo. Certo è che sono amici e si vogliono bene"
  DOPO:  "4. Who knows what Nora and Massimo are doing. What's certain is that they are friends and care for each other."
[en] i-think-ive-figured-it-out (d6b7d073-2e3b-4d8e-8619-60addf349cec) via didascalie_img
  PRIMA: "Antonio e Stefano (foto archivio Ombre e Luci)"
  DOPO:  "Antonio and Stefano (photo from Ombre e Luci archives)"
[en] witnesses-to-faith-and-light (d6c1edbb-04d8-4353-bd30-a19692324062) via didascalie_img
  PRIMA: "Antonietta Pantone e Federico Fucili parlano della propria testimonianza a Fede e Luce"
  DOPO:  "Antonietta Pantone and Federico Fucili talk about their testimony at Faith and Light"
[en] through-a-childs-eyes (d7148d6e-7939-4d2a-ae86-19797e3def1a) via didascalie_img
  PRIMA: "(foto archivio Ombre e Luci)"
  DOPO:  "(photo from Ombre e Luci archive)"
[en] a-difficult-and-delicate-question (d7211d10-fa62-4926-aee0-cf030f3e14f0) via didascalie_img
  PRIMA: "Ombre e Luci n. 49, 1995"
  DOPO:  "Shadows and Lights no. 49, 1995"
[en] if-you-love-me-say-no-rules-and-the-power-to-help-children-grow (d72b82ed-3c64-40f9-8411-35d7855029f1) via didascalie_img
  PRIMA: "Le recensioni di Ombre e Luci"
  DOPO:  "Ombre e Luci's reviews"
[en] friendship-at-fede-e-luce-bonds-with-the-weak-and-the-rejected (d75f3738-d0a7-4f51-96c8-6c4c797f277f) via didascalie_img
  PRIMA: "(foto archivio Ombre e Luci, 1990)"
  DOPO:  "(photo from Ombre e Luci archives, 1990)"
[en] called-to-the-finish-line-all-of-us (d78e1a7e-f7df-4f23-abfa-d1fbb271e584) via didascalie_img
  PRIMA: "Foto di Markus Spiske su Unsplash"
  DOPO:  "Photo by Markus Spiske on Unsplash"
[en] in-assisis-waters (d7bee957-3b2b-4b3f-9dbc-2beb0a6cfe0e) via didascalie_img
  PRIMA: "Nel mare di Assisi - Ombre e Luci n.90, 2005"
  DOPO:  "In the Sea of Assisi - Shadows and Lights no. 90, 2005"
[en] education-in-full-and-the-right-to-spiritual-life (d7e4b78a-27ac-4d70-a53f-09486dae7d98) via didascalie_img
  PRIMA: "Le recensioni di Ombre e Luci"
  DOPO:  "Ombre e Luci reviews"
[en] their-lives-on-screen (d7f57590-85ad-4abd-b5c8-3adc20a44ba7) via didascalie_img
  PRIMA: "\"Perché ci guardano mamma?\"\n\"Perché siamo belli!\""
  DOPO:  "\"Why are they looking at us, mom?\"\n\"Because we're beautiful!\""
[en] life-faith-and-light-together-n25 (d817af4f-7fd7-44c2-b9e9-603439452c9c) via didascalie_img
  PRIMA: "Illustrazione da Insieme n. 25"
  DOPO:  "Illustration from Insieme no. 25"
[en] well-figure-it-out (d83fcaa0-368d-4231-b360-d6cbc2e91a93) via didascalie_img
  PRIMA: "Gianluca Nicoletti con suo figlio"
  DOPO:  "Gianluca Nicoletti with his son"
[en] clara-goes-to-the-sea-a-review (d842c705-0676-4aed-b6eb-67269f5525c7) via didascalie_img
  PRIMA: "Copertina del libro \"Clara Va al Mare\""
  DOPO:  "Cover of the book \"Clara Goes to the Sea\""
[en] growing-up-with-down-syndrome (d867ff78-30c9-44e8-8f4b-db8a3cb909fc) via didascalie_img
  PRIMA: "Copertina \"Da piccola ero Down\""
  DOPO:  "Cover of \"When I Was Little I Had Down Syndrome\""
[en] when-evening-falls (d87ef53d-733c-4228-b5c9-bd6778c91849) via didascalie_img
  PRIMA: "quando-si-fa-sera--Ombre e Luci-min"
  DOPO:  "When evening falls – Shadows and Lights"
[en] now-we-know-it-all-has-meaning (d88ce69b-e2c5-4825-8f10-afecefa00a9b) via didascalie_img
  PRIMA: "Sabina con la sua mamma (foto archivio Ombre e Luci)"
  DOPO:  "Sabina with her mother (photo from Ombre e Luci archives)"
[en] three-lives-with-sabina-a-fathers-journey-through-darkness-hope-and-love (d89ab8f5-2595-443d-9a45-fb0d23f67341) via didascalie_img
  PRIMA: "Sabina con i suoi genitori (foto archivio Ombre e Luci)"
  DOPO:  "Sabina with her parents (photo from Ombre e Luci archives)"
[en] a-portrait-of-cardinal-carlo-maria-martini-book-review (d922ddce-a7b5-430b-87d1-1fd6c478e544) via didascalie_img
  PRIMA: "Copertina del libro"
  DOPO:  "Book cover"
[en] the-monster-that-ate-gerardo (d9592fa2-a07d-45c2-b138-97d38610eba2) via didascalie_img
  PRIMA: "Le macchie cutanee sono uno dei primi sintomi di intossicazione da metalli pesanti. © Stefano Sbrulli - Source International"
  DOPO:  "Skin spots are one of the first symptoms of heavy metal poisoning. © Stefano Sbrulli - Source International"
[en] i-am-my-sonbook-review (d96b4b79-d3a6-494c-ba7e-8887281ae0a1) via didascalie_img
  PRIMA: "Copertina \"Io, figlio di mio figlio\""
  DOPO:  "Cover \"I, Son of My Son\""
[en] how-to-talk-to-a-deaf-person (d970a0fe-7d5b-4f24-a7f6-ece398537a1f) via didascalie_img
  PRIMA: "Maria in braccio a Madre Pantanella (foto archivio Ombre e Luci)"
  DOPO:  "Maria in the arms of Mother Pantanella (photo from Ombre e Luci archives)"
[en] sunday-with-the-disabled (d970c281-7476-41be-ba01-5d35114119d7) via didascalie_img
  PRIMA: "la domenica con i disabili - Ombre e Luci n.86, 2004"
  DOPO:  "Sunday with people with disabilities - Shadows and Lights no. 86, 2004"
[en] seven-girls-and-a-sister-at-villa-olmo (d99082d2-2a1e-427e-8170-505322b4a8c8) via didascalie_img
  PRIMA: "Suor Maria e alcune ragazze della Famiglia a Villa Olmo (foto archivio Ombre e Luci)"
  DOPO:  "Sister Maria and some girls from the Family at Villa Olmo (photo from Ombre e Luci archives)"
[en] jerome-lejeune-8da6 (d9a0e89e-4048-46fc-ae78-bc56a0e409c1) via didascalie_img
  PRIMA: "Jerome Lejeune (Foto Wikipedia)"
  DOPO:  "Jerome Lejeune (Photo Wikipedia)"
[en] casa-di-gino-an-agricultural-community (d9acc548-0e3a-4195-bf6e-0416aa7c88b5) via didascalie_img
  PRIMA: "Immagini di lavori agricoli nella Casa di Gino. Più che una Casa famiglia, è una Comunità alloggio."
  DOPO:  "Images of agricultural work at Gino's House. More than a foster family home, it is a residential community."
[en] a-life-with-faith-and-light-the-beginning-of-a-journey (d9ced8a7-e084-4706-9218-600307528e8c) via didascalie_img
  PRIMA: "Foto Valentina Calabrese"
  DOPO:  "Photo by Valentina Calabrese"
[en] what-faith-and-light-is-three-answers (d9cf0873-fcef-493b-a659-9982f1826021) via didascalie_img
  PRIMA: "(foto archivio Ombre e Luci)"
  DOPO:  "(photo from Ombre e Luci archives)"
[en] fifty-years-together (d9e46cbe-3c60-46d0-af88-ac8cb20a0b19) via didascalie_img
  PRIMA: "Efrem Sardella - Anniversario di matrimonio"
  DOPO:  "Efrem Sardella - Wedding Anniversary"
[en] the-difficult-child (da113966-1c9b-4da2-be55-1e83a0fbde0e) via didascalie_img
  PRIMA: "(foto archivio Ombre e Luci)"
  DOPO:  "(Photo from Ombre e Luci archives)"
[en] come-and-see-a-retreat-with-jean-vanier (da26b147-6c1a-426c-8889-2b13d69965bf) via didascalie_img
  PRIMA: "Le recensioni di Ombre e Luci"
  DOPO:  "Ombre e Luci Reviews"
[en] faith-and-light-newsletter-no-12-march-1977 (da78fa11-0a15-45ad-bbd0-3476079ae92a) via didascalie_img
  PRIMA: "Immagina tratta da Insieme n.10 - 1976 (archivio Ombre e Luci)"
  DOPO:  "Image from Insieme n.10 - 1976 (Ombre e Luci archive)"
[en] john-paul-ii-up-close (daf95ebb-8df0-4e07-8368-93bca5fe5bde) via didascalie_img
  PRIMA: "Giovanni Paolo II - Ombre e Luci n.90, 2005"
  DOPO:  "John Paul II - Shadows and Lights n.90, 2005"
[en] my-life-at-santa-palomba (dafeee80-fcf3-4dde-9940-e2ee5476cc36) via didascalie_img
  PRIMA: "Stefano e Pietro (foto archivio Ombre e Luci)"
  DOPO:  "Stefano and Pietro (photo from Ombre e Luci archives)"
[en] bioethics-as-history-a-review (db160763-a184-4d0e-ac0e-0bbb4a6b3854) via didascalie_img
  PRIMA: "Copertina Bioetica come storia a cura di Lucetta Scaraffia - Lindau"
  DOPO:  "Cover of Bioethics as History edited by Lucetta Scaraffia - Lindau"
[en] those-who-sow-in-tears-will-reap-in-joy (db349f65-73cd-409d-9761-4980db5989cf) via didascalie_img
  PRIMA: "(foto archivio Ombre e Luci)"
  DOPO:  "(photo from Ombre e Luci archives)"
[en] what-it-takes-building-a-school-like-this (db388097-b3eb-47c2-8f0f-a30ffaf125e7) via didascalie_img
  PRIMA: "(foto archivio Ombre e Luci)"
  DOPO:  "(photo from Ombre e Luci archives)"
[en] the-light-symbol-of-the-1975-rome-pilgrimage (db3a71f4-752a-4409-bab4-2ae7fda646fd) via didascalie_img
  PRIMA: "Immagina tratta da Insieme n.6 - 1975 (archivio Ombre e Luci)"
  DOPO:  "Image from Insieme n.6 - 1975 (Ombre e Luci archive)"
[en] autism-and-school-inclusion (db481354-a8dd-4a56-a9e7-11bac078f1ff) via didascalie_img
  PRIMA: "(foto archivio Ombre e Luci)"
  DOPO:  "(photo from Ombre e Luci archive)"
[en] my-child (db7a990a-1d57-418d-811b-733638114907) via didascalie_img
  PRIMA: "Le recensioni di Ombre e Luci"
  DOPO:  "Ombre e Luci Reviews"
[en] life-in-faith-and-light-issue-26 (dba04ba6-2212-4bb9-a7db-ee9edffd38d5) via didascalie_img
  PRIMA: "La squadra di \"S. Teresa\" al torneo di Fede e Luce (foto archivio Ombre e Luci)"
  DOPO:  "The \"S. Teresa\" team at the Faith and Light tournament (photo archive Ombre e Luci)"
[en] questions-about-down-syndrome (dc065e32-f4f4-4870-82bc-4968de11c42d) via didascalie_img
  PRIMA: "Domande sulle persone down- Ombre e Luci n.95, 2006"
  DOPO:  "Questions about people with Down syndrome - Shadows and Lights no. 95, 2006"
[en] caring-is-not-the-same-as-curing (dc09384b-86fd-4f14-bfca-b38f5f85213f) via didascalie_img
  PRIMA: "Viola e Mimosa"
  DOPO:  "Violet and Mimosa"
[en] songs-of-the-1975-rome-pilgrimage (dc1266e0-7cd6-415e-915d-d135786fe43c) via didascalie_img
  PRIMA: "Immagina tratta da Insieme n.6 - 1975 (archivio Ombre e Luci)"
  DOPO:  "Image from Insieme n.6 - 1975 (Ombre e Luci archives)"
[en] i-came-home-tonight (dc2057b1-51c8-45f0-a063-834b39c4e0b1) via didascalie_img
  PRIMA: "Immagina tratta da Insieme n.3 - 1974 (archivio Ombre e Luci)"
  DOPO:  "Image from Insieme n.3 - 1974 (Ombre e Luci archives)"
[en] the-time-to-understand (dc44c8e8-51ae-4bb3-a8b4-4718a10933c1) via didascalie_img
  PRIMA: "(foto archivio Ombre e Luci, 1991)"
  DOPO:  "(photo from Ombre e Luci archive, 1991)"
[en] easter-means-passage (dc5e6762-e83a-48a2-b661-3328ef096c79) via didascalie_img
  PRIMA: "Pasqua significa \"passaggio\" - Ombre e Luci n.89, 2005"
  DOPO:  "Easter means \"passage\" - Shadows and Lights n.89, 2005"
[en] but-then-he-gives-me-his-precious-smile (dc6e8115-5675-4c82-a700-46047b219b71) via didascalie_img
  PRIMA: "(foto archivio Ombre e Luci)"
  DOPO:  "(photo from Ombre e Luci archives)"
[en] 30-days-to-understand-autism-a-review (dc939012-748b-40b2-b33d-11ac629ffd93) via didascalie_img
  PRIMA: "«30 giorni per capire l'autismo» - Mélanie Babe, Marine Baroukh e Charline Dunan (Uovonero, 2021)"
  DOPO:  "\"30 Days to Understand Autism\" - Mélanie Babe, Marine Baroukh and Charline Dunan (Uovonero, 2021)"
[en] isolated-yet-alive-to-the-world (dc95c944-fea0-431f-87ec-99f0ec4e25c9) via didascalie_img
  PRIMA: "Maurizioe Silvana (autori dell’articolo) con il professor Mori e due suoi «Figli» sul prato davanti al Casolare di Gugliano. - Ombre e Luci n. 76 - 2001"
  DOPO:  "Maurizio and Silvana (article authors) with Professor Mori and two of his \"Children\" on the lawn in front of the Casolare di Gugliano. - Shadows and Lights no. 76 - 2001"
[en] life-in-faith-and-light-no-44 (dc9eb59b-f30a-4349-99cd-739f2e476cd9) via didascalie_img
  PRIMA: "La spilla di Fede e Luce (foto archivio Ombre e Luci, 1990)"
  DOPO:  "The Faith and Light pin (photo from Ombre e Luci archives, 1990)"
[en] a-school-of-love (dcafa241-d56d-4e9e-bcf2-29b9eb8b433d) via didascalie_img
  PRIMA: "Alcuni amici della Comunità dell’Arca"
  DOPO:  "Some friends from the L'Arca Community"
[en] the-chicco-at-thirty-they-gave-us-the-answer-our-hearts-were-seeking (dd01d651-fcc0-46db-b1b0-f32a9ad8e013) via didascalie_img
  PRIMA: "Guenda e Anne con Fabio e Maria accolti nel 1981 (foto archivio Ombre e Luci)"
  DOPO:  "Guenda and Anne with Fabio and Maria welcomed in 1981 (photo from Ombre e Luci archive)"
[en] i-speak-only-what-i-know (dd929d05-f7f2-4af7-9224-9456385bdcaf) via didascalie_img
  PRIMA: "Giovanni Grossi (Foto Giovanni Grossi)"
  DOPO:  "Giovanni Grossi (Photo by Giovanni Grossi)"
[en] they-extinguished-even-the-moon-a-review (dda375bf-2c6d-4780-a16b-28fbe398751a) via didascalie_img
  PRIMA: "Avevano spento anche la luna - Copertina"
  DOPO:  "They Had Also Extinguished the Moon - Cover"
[en] the-world-in-a-fixed-point-review (ddba0d6e-a35e-4d3f-b03b-3b089d233f3a) via didascalie_img
  PRIMA: "Il mondo in un punto fisso di Luigi Formola e Valerio Forconi (SaldaPress, 2024)"
  DOPO:  "The World in a Fixed Point by Luigi Formola and Valerio Forconi (SaldaPress, 2024)"
[en] how-was-all-this-possible (ddbddeb8-aa44-4834-a707-c3b1be9728d3) via didascalie_img
  PRIMA: "Marie-Hélène Mathieu ad un incontro internazionale a Leeds (foto archivio Ombre e Luci)"
  DOPO:  "Marie-Hélène Mathieu at an international meeting in Leeds (photo from Ombre e Luci archives)"
[en] breaking-barriers-my-journey-as-an-autistic-actor (ddead178-3fcb-48be-9f3f-ca95cf9fa260) via didascalie_img
  PRIMA: "Yuri Tuci e Matilda De Angelis in \"La Vita da Grandi\" (2025)"
  DOPO:  "Yuri Tuci and Matilda De Angelis in \"La Vita da Grandi\" (2025)"
[en] a-new-love-story-begins-the-jubilee-year-2016 (ddf7f285-f63c-4e9a-924b-e64be5041f57) via didascalie_img
  PRIMA: "Il Mimo durante la catechesi nella chiesa di Sant’Andrea della Valle. Foto di Riccardo Rossi. (foto archivio Ombre e Luci)"
  DOPO:  "The Mime during catechesis in the church of Sant'Andrea della Valle. Photo by Riccardo Rossi. (photo archive Ombre e Luci)"
[en] my-name-is-lucia (ddfdf4e0-b322-42d3-8895-247d591d27f5) via didascalie_img
  PRIMA: "Lucia Casella (foto archivio Ombre e Luci)"
  DOPO:  "Lucia Casella (photo from Ombre e Luci archives)"
[en] building-community-the-three-pillars-of-faith-and-light (de330484-c88a-4282-b85e-a684424233c5) via didascalie_img
  PRIMA: "Particolare di \"Ramo di mandorlo fiorito\", 1890, Vincent van Gogh  (Pubblico dominio)"
  DOPO:  "Detail of \"Almond Blossom,\" 1890, Vincent van Gogh (Public domain)"
[en] just-another-day (de376676-cd1f-4153-a9a4-4d64f5048b0d) via didascalie_img
  PRIMA: "Massimo (foto archivio Ombre e Luci)"
  DOPO:  "Massimo (photo from Ombre e Luci archives)"
[en] working-alongside-others (de38107b-fa09-4ab7-bbdd-4d3298848d72) via didascalie_img
  PRIMA: "(foto archivio Ombre e Luci, 1991)"
  DOPO:  "(photo from Ombre e Luci archive, 1991)"
[en] news-from-the-communities (de6958eb-99f1-4140-82ec-b0e605829227) via didascalie_img
  PRIMA: "Le provincie di Fede e Luce"
  DOPO:  "The dioceses of Faith and Light"
[en] vicenza-the-professional-training-center-of-the-franciscan-charitas-foundation (de90de4d-bd61-4997-a16c-a243dd41273c) via didascalie_img
  PRIMA: "Centro di Formazione Professionale dell’Opera Francescana “Charitas” di Vicenza"
  DOPO:  "Professional Training Center of the Franciscan Works \"Charitas\" in Vicenza"
[en] i-am-always-waiting-for-you (debb53bc-681d-45d2-8d07-bd878706d01c) via didascalie_img
  PRIMA: "(foto archivio Ombre e Luci)"
  DOPO:  "(photo from Ombre e Luci archive)"
[en] a-river-of-peace-a-sea-of-jubilees (dee7efb1-ca36-43fc-9ea8-8ce0cf4b9a3a) via didascalie_img
  PRIMA: "Il Rettore del Santuario di Vicoforte accoglie la comunità Guida la tua Guida (foto archivio Ombre e Luci)"
  DOPO:  "The Rector of the Vicoforte Sanctuary welcomes the Guida la tua Guida community (photo from Ombre e Luci archive)"
[en] men-of-god-film-review (df039aa9-3a38-4ddf-922b-389047235984) via didascalie_img
  PRIMA: "Un momento del film \"Uomini di Dio\" (© Lucky Red)"
  DOPO:  "A scene from the film \"Men of God\" (© Lucky Red)"
[en] the-iguana-wont-cooperate-a-review (df283c60-838d-47b9-bddf-5fa2383fc681) via didascalie_img
  PRIMA: "L'iguana non vuole - Copertina"
  DOPO:  "The iguana doesn't want to - Cover"
[en] here-i-am-learning-to-say-yes-with-mary (df56f260-480a-4f84-ad92-06c5b047db59) via didascalie_img
  PRIMA: "Annunciazione - Dettaglio del mosaico della chiesa inferiore nella basilica di Padre Pio, San Giovanni Rotondo"
  DOPO:  "Annunciation - Detail of the mosaic in the lower church of the Basilica of Padre Pio, San Giovanni Rotondo"
[en] mysterious-moments (df671a99-9db0-4f5d-b71d-7527144f2778) via didascalie_img
  PRIMA: "Mariangela ad uno dei primi campeggi Fede e Luce ad Alfedena negli anni '70 (archivio Ombre e Luci)"
  DOPO:  "Mariangela at one of the first Faith and Light camps in Alfedena in the 1970s (Ombre e Luci archive)"
[en] this-christmas-alberto-will-be-with-familybut-not-with-us (df6d9640-50fc-4178-ae38-88603e08ffcb) via didascalie_img
  PRIMA: "A Natale Alberto starà in famiglia, lontano da noi - Ombre e Luci n.88, 2004"
  DOPO:  "At Christmas Alberto will be with his family, far from us - Shadows and Lights no. 88, 2004"
[en] a-mass-without-dignity (df6fc0b5-5e21-49a8-9f08-f7960325a6f1) via didascalie_img
  PRIMA: "Una messa poco dignitosa - Ombre e Luci n.85"
  DOPO:  "A Mass lacking in dignity - Shadows and Lights no. 85"
[en] open-dialogue-no-115 (df78b970-5481-4ca1-8145-82eb2f21eb07) via didascalie_img
  PRIMA: "Sempre meglio parlarne, no? (foto archivio Ombre e Luci)"
  DOPO:  "Always better to talk about it, right? (photo from Ombre e Luci archives)"
[en] the-mayonnaise-jar-and-coffee (dff00810-a640-4116-abe3-34884ca7089d) via didascalie_img
  PRIMA: "II barattolo di maionese e caffè\n - Ombre e Luci n.95, 2006"
  DOPO:  "The jar of mayonnaise and coffee - Shadows and Lights no. 95, 2006"
[en] if-theres-news-im-happy (e01b9e2b-7fac-4097-8ae0-1769cbf82752) via didascalie_img
  PRIMA: "\"Negato per il disegno?\", di Marco Rizzo, esposto all'Aut Art Festival settembre 2025"
  DOPO:  "\"Not Cut Out for Drawing?\", by Marco Rizzo, exhibited at Aut Art Festival September 2025"
[en] climbing-mount-meta-with-them (e03f761b-0c66-4566-93c4-6b0aec5e2e77) via didascalie_img
  PRIMA: "(foto archivio Ombre e Luci)"
  DOPO:  "(photo from Ombre e Luci archives)"
[en] the-road-ahead (e07a4e43-80a0-44e6-af2f-306b9c5728fe) via didascalie_img
  PRIMA: "Don Marco Bove (foto archivio Ombre e Luci)"
  DOPO:  "Don Marco Bove (photo from Ombre e Luci archive)"
[en] laughter-takes-serious-work (e09fc7b3-31e8-41b6-98fd-af3c2552f122) via didascalie_img
  PRIMA: "Il potere del sorriso"
  DOPO:  "The power of a smile"
[en] dont-be-afraid-if-i-embrace-you-a-review (e0b06556-317d-4483-8388-839f7f05429c) via didascalie_img
  PRIMA: "\"Se ti abbraccio non aver paura\" - Copertina"
  DOPO:  "\"If I hug you, don't be afraid\" - Cover"
[en] growing-togetherleading-a-faith-and-light-community-principles-and-practice (e10a5b3d-9013-444a-9863-53c5bfa4c988) via didascalie_img
  PRIMA: "\"Serious- Fun\", 1930, Vasilij Vasil'evič Kandinskij (Pubblico dominio)"
  DOPO:  "\"Serious-Fun\", 1930, Wassily Kandinsky (Public domain)"
[en] rebel-brains-connecting-to-neurodiversity (e126afb2-c0b9-4ce0-9ccd-dbae87e36abb) via didascalie_img
  PRIMA: "Achille e Giovanni, due fratelli testimonial della campagna \"Salva un bullo\" (foto archivio Ombre e Luci)"
  DOPO:  "Achille and Giovanni, two brothers who are testimonials for the \"Save a Bully\" campaign (photo from Ombre e Luci archives)"
[en] a-dance-lesson-together (e1495117-f29b-4e5e-8a62-988e0549931b) via didascalie_img
  PRIMA: "Danse - Henri Matisse Year\t1910 Medium\tOil on canvas"
  DOPO:  "Dance - Henri Matisse Year 1910 Medium Oil on canvas"
[en] better-than-expected (e1775d1b-a34c-4660-ac0a-dcbb0ac568ba) via didascalie_img
  PRIMA: "Un momento della formazione rivolta agli amici di Mari e Vulcani Castellammare di Stabia dal 1° al 4 novembre"
  DOPO:  "A moment from the training session aimed at the friends of Mari e Vulcani Castellammare di Stabia from November 1st to 4th"
[en] the-church-bending-down-to-my-son (e1bae5aa-fde8-4234-82d1-1fd08fad672e) via didascalie_img
  PRIMA: "(foto @im.va Riccardo Rossi - archivio Ombre e Luci)"
  DOPO:  "(photo @im.va Riccardo Rossi - Ombre e Luci archive)"
[en] open-pages-solidarity-in-action-across-parma-and-its-province-in-the-1990s (e1dcc6af-8630-4a62-a5d8-1995abe1ff36) via didascalie_img
  PRIMA: "Le recensioni di Ombre e Luci"
  DOPO:  "Ombre e Luci Reviews"
[en] between-heart-and-mind (e1ddf0cc-c076-4c82-9093-eeafe9b72ff3) via didascalie_img
  PRIMA: "Le recensioni di Ombre e Luci"
  DOPO:  "The reviews of Ombre e Luci"
[en] dossier-school-and-disability (e1df4fbe-03e6-4b74-9cbd-9bc4db1a1668) via didascalie_img
  PRIMA: "(foto archivio Ombre e Luci)"
  DOPO:  "(photo from Ombre e Luci archives)"
[en] joseph-larsens-white-boat (e1fe415c-5c81-406f-a9fd-1811cb08d711) via didascalie_img
  PRIMA: "L'imbarcazione di Padre Larsen in una foto d'epoca - Ombre e Luci n.87, 2004"
  DOPO:  "Father Larsen's boat in a period photograph - Shadows and Lights no. 87, 2004"
[en] open-dialogue-121 (e218543d-c180-44e4-9570-b9e11148c95e) via didascalie_img
  PRIMA: "Sempre meglio parlarne, no? (foto archivio Ombre e Luci)"
  DOPO:  "Always better to talk about it, right? (photo from Ombre e Luci archives)"
[en] dont-burden-them-too-much (e220b313-7fdd-4b6c-9861-48872fe9fa4f) via didascalie_img
  PRIMA: "(foto archivio Ombre e Luci, 1990)"
  DOPO:  "(photo from Ombre e Luci archive, 1990)"
[en] who-answers-the-call (e22d4d60-b786-40fe-8735-ae7389cf94e8) via didascalie_img
  PRIMA: "Foto in spiaggia del primo campo organizzato a Cipro nell’estate 2018"
  DOPO:  "Beach photo from the first camp organized in Cyprus in the summer of 2018"
[en] a-new-way-of-seeing-life (e24ced6c-cf0a-4221-b577-44f962cf2928) via didascalie_img
  PRIMA: "Olga e Francesco Gammarelli insieme alla loro figlia Sabina (foto archivio Ombre e Luci, 1990)"
  DOPO:  "Olga and Francesco Gammarelli together with their daughter Sabina (photo from Ombre e Luci archives, 1990)"
[en] a-sacred-story (e263c53e-072e-4240-bbfa-e47f8b419e72) via didascalie_img
  PRIMA: "(foto archivio Ombre e Luci)"
  DOPO:  "(photo from Ombre e Luci archives)"
[en] what-thirteen-year-old-giorgia-would-find-now (e26bac65-7c51-40db-bae2-455adbb181f7) via didascalie_img
  PRIMA: "L'orchestra Chiave di Volta suona nella chiesa di San Gaetano a Roma (© Alessandro Maria Martini, 2023)"
  DOPO:  "The Chiave di Volta orchestra performs in the church of San Gaetano in Rome (© Alessandro Maria Martini, 2023)"
[en] recognizing-hearing-loss-in-children (e26cd2b9-eed1-4131-a173-baf632dfaffb) via didascalie_img
  PRIMA: "(foto archivio Ombre e Luci)"
  DOPO:  "(photo from Ombre e Luci archives)"
[en] italian-bibliography-on-hearing-and-language-disorders (e27354d9-bf4c-4698-887a-34434ff321b7) via didascalie_img
  PRIMA: "Le recensioni di Ombre e Luci"
  DOPO:  "Shadows and Lights Reviews"
[en] like-me-review (e28d0418-7a59-4b11-840e-4051fe20901b) via didascalie_img
  PRIMA: "Chi come me di Roy Chen (Giuntina, 2023)"
  DOPO:  "Who Like Me by Roy Chen (Giuntina, 2023)"
[en] starting-over (e29c1f80-16fb-495e-bb96-457e4666fe47) via didascalie_img
  PRIMA: "Foto di Jukan Tateisi su Unsplash"
  DOPO:  "Photo by Jukan Tateisi on Unsplash"
[en] faith-and-light-in-eastern-europe (e2af5f3b-ae3a-48b0-84d2-ef5c09820099) via didascalie_img
  PRIMA: "(foto archivio Ombre e Luci)"
  DOPO:  "(photo from Ombre e Luci archives)"
[en] the-magnificat-and-our-fragility (e2bd911a-5102-4615-9b7d-2670498a40f1) via didascalie_img
  PRIMA: "La veglia durante il pellegrinaggio di Fede e Luce a Pompei"
  DOPO:  "The vigil during the Fede e Luce pilgrimage in Pompeii"
[en] peace-bearers-learning-from-those-with-down-syndrome (e2ded544-0807-4569-9be6-021e72937450) via didascalie_img
  PRIMA: "Irradiare la pce come fanno loro - Ombre e Luce n. 95, 2006"
  DOPO:  "Radiate peace like they do - Shadows and Light no. 95, 2006"
[en] open-dialogue-no-154 (e2edfbca-4387-460e-b6bf-79867b75dc45) via didascalie_img
  PRIMA: "(Foto Archivio Ombre e Luci)"
  DOPO:  "(Photo from Ombre e Luci Archive)"
[en] faith-and-light-in-madrid-hola-madrid (e2efd409-c27a-4680-931e-8500172f6b08) via didascalie_img
  PRIMA: "Hola Madrid - Incontro internazionale di Fede e Luce - Ombre e Luci n.95, 2006"
  DOPO:  "Hola Madrid - International Meeting of Faith and Light - Shadows and Lights no. 95, 2006"
[en] sister-ida-maria-ferris-candies-and-courage (e3407d8d-f766-42a3-9ecc-0c08187f393e) via didascalie_img
  PRIMA: "Suor Ida Maria Ferri all'istituto Villa Patrizi (Foto Ombre e Luci)"
  DOPO:  "Sister Ida Maria Ferri at Villa Patrizi Institute (Photo by Ombre e Luci)"
[en] finding-ourselves-unique-growing-together (e3b1ee5d-c855-432e-9bab-46fe3f67cacc) via didascalie_img
  PRIMA: "(foto archivio Ombre e Luci)"
  DOPO:  "(photo from Ombre e Luci archive)"
[en] a-week-from-god-and-no-disrespect-to-the-movie (e3b44727-cd03-44a9-92b9-d4783cfdd149) via didascalie_img
  PRIMA: "Una settimana di formazione Fede e Luce - Ombre e Luci n.88, 2004"
  DOPO:  "A week of Faith and Light training - Shadows and Lights no. 88, 2004"
[en] spastic-why-this-term-misrepresents-cerebral-palsy (e3beb010-b8ed-4f4b-a593-707a03510f95) via didascalie_img
  PRIMA: "(foto archivio Ombre e Luci, 1990)"
  DOPO:  "(photo from Ombre e Luci archive, 1990)"
[en] dead-battery (e3d35c21-f31f-4e06-b563-1c6ad7ca8078) via didascalie_img
  PRIMA: "Immagine generata tramite intelligenza artificiale sul portale di Canva.com"
  DOPO:  "Image generated via artificial intelligence on the Canva.com platform."
[en] we-visited-the-editorial-office-of-ombres-et-lumiere-in-paris (e3fd263c-bc2f-42a8-835c-45f8a9d3dd59) via didascalie_img
  PRIMA: "Nella redazione di Ombres et Lumiére a Parigi - Ombre e Luci n.91, 2005"
  DOPO:  "In the editorial office of Ombres et Lumière in Paris - Ombre e Luci no. 91, 2005"
[en] filma-particular-silence (e4043346-3424-40e2-90f1-89661da3fc0c) via didascalie_img
  PRIMA: "Un silenzio particolare Cover - Ombre e Luci n.89, 2005"
  DOPO:  "A Particular Silence Cover - Shadows and Lights n.89, 2005"
[en] a-new-shape-for-summer-camp (e4282234-6c67-46a1-9a22-d96b9070aa2f) via didascalie_img
  PRIMA: "(foto archivio Ombre e Luci)"
  DOPO:  "(photo from Ombre e Luci archives)"
[en] few-beds-many-families-la-nostra-famiglia-and-the-burden-of-care-in-the-south (e449a56a-07b1-4e50-936e-370769e5fee5) via didascalie_img
  PRIMA: "Un ottimo istituto di riabilitazione e ricerca de \"La nostra famiglia\" in Puglia"
  DOPO:  "An excellent rehabilitation and research institute of \"Our Family\" in Puglia"
[en] from-our-communities-8bbd (e44dc4cd-3a8b-49e6-b29b-a2c93de17b95) via didascalie_img
  PRIMA: "Le provincie di Fede e Luce"
  DOPO:  "The dioceses of Faith and Light"
[en] john-paul-iis-gift (e4a6c436-bbe6-4d0d-a73a-ceecbc71136d) via didascalie_img
  PRIMA: "Il regalo di Giovanni Paolo II - Ombre e Luci n.90, 2005"
  DOPO:  "John Paul II's Gift - Shadows and Lights no. 90, 2005"
[en] marijas-christmas-child (e4cb2ee9-24d9-4379-b711-d8d8cbaaee48) via didascalie_img
  PRIMA: "Il Bambinello di Marija - Ombre e Luce n. 96, 2006"
  DOPO:  "The Baby Jesus of Marija - Shadows and Light no. 96, 2006"
[en] why (e4e45eec-82e9-4e8c-9a50-501b7412f380) via didascalie_img
  PRIMA: "Arcabas, La scomparsa del Risorto (1954)"
  DOPO:  "Arcabas, The Disappearance of the Risen One (1954)"
[en] open-dialogue-no-135 (e4eeac2b-275b-4019-a7c8-823a8c4273b1) via didascalie_img
  PRIMA: "Sempre meglio parlarne, no? (foto archivio Ombre e Luci)"
  DOPO:  "Better to talk about it, right? (photo from Ombre e Luci archives)"
[en] my-first-coffee-with-mariangela (e4f5cfdf-429e-49d7-9ee8-601fa0d7fb7f) via didascalie_img
  PRIMA: "Antonio (al centro con la chitarra) al Campo F.L. di Rocca di Papa nel luglio 1984"
  DOPO:  "Antonio (in the center with the guitar) at Campo F.L. in Rocca di Papa in July 1984"
[en] faith-and-light-a-movement (e4feabd3-a889-4b94-a304-c802b727a7cf) via didascalie_img
  PRIMA: "Il primo pellegrinaggio a Lourdes nel 1971 (Foto Foi et lumière)"
  DOPO:  "The first pilgrimage to Lourdes in 1971 (Photo Foi et lumière)"
[en] open-forum-no-39 (e51f2b71-3595-481e-a352-9e244b3baa06) via didascalie_img
  PRIMA: "Sempre meglio parlarne, no? (foto archivio Ombre e Luci)"
  DOPO:  "Better to talk about it, right? (photo from Ombre e Luci archive)"
[en] sketch-fleeting-reality-book-review (e53453dc-c0d6-4ac0-9530-34efaa20cb84) via didascalie_img
  PRIMA: "\"Schizzo. Estemporanea realtà\" di Chiara Revelli (Primalpe Costanzo Martini, 2025)"
  DOPO:  "\"Sketch. Spontaneous Reality\" by Chiara Revelli (Primalpe Costanzo Martini, 2025)"
[en] singing-my-way (e5490ffb-aea0-426a-ac49-2415995cd268) via didascalie_img
  PRIMA: "Benedetta allo Stadio Olimpico"
  DOPO:  "Benedetta at the Olympic Stadium"
[en] the-fifty-sixth-column-a-practical-tool-for-self-formation-in-the-work-of-care (e567caad-c7e1-4209-9cf0-eb676f70f8f9) via didascalie_img
  PRIMA: "Le recensioni di Ombre e Luci"
  DOPO:  "Ombre e Luci's Reviews"
[en] a-few-rays-of-sunlight-in-syria (e5716111-0cbf-4446-b2ac-f40875c4ac74) via didascalie_img
  PRIMA: "Fede e Luce Syria Pagina Facebook Faith & Light Syria / إيمان و نور سوريا"
  DOPO:  "Faith & Light Syria Facebook Page Faith & Light Syria / إيمان و نور سوريا"
[en] and-here-i-am (e5ba1ac8-4912-45ab-9d07-ef5ce75b9611) via didascalie_img
  PRIMA: "(foto archivio Ombre e Luci, 1990)"
  DOPO:  "(photo from Ombre e Luci archives, 1990)"
[en] it-will-be-beautiful (e5e0a9c8-f1d9-403c-b6a2-8c8a415c178c) via didascalie_img
  PRIMA: "Una giornata al SS. Sacramento (foto archivio Ombre e Luci)"
  DOPO:  "A day at the Blessed Sacrament (photo from Ombre e Luci archives)"
[en] my-first-bike-ride (e5fc4727-10f3-4443-9960-eedae289bb1d) via didascalie_img
  PRIMA: "Biciclettata al Parco della Caffarella - Maggio 2024"
  DOPO:  "Bike ride at Parco della Caffarella - May 2024"
[en] it-can-be-done-up-close-no-one-is-normal (e6526618-c0be-4110-be24-e4a592f8eceb) via didascalie_img
  PRIMA: "La locandina del film \"Si può fare\""
  DOPO:  "The poster of the film \"Si può fare\""
[en] what-matters-is-that-hes-healthy (e69a52f4-519d-403c-bde4-3c119877fc02) via didascalie_img
  PRIMA: "Copertina \"L'importante è che sia sano\""
  DOPO:  "Cover \"The Important Thing Is That He/She Is Healthy\""
[en] open-dialogue-n-165 (e6b3701e-398b-411b-ad19-33760cc8c86d) via didascalie_img
  PRIMA: "Sempre meglio parlarne, no? (foto archivio Ombre e Luci)"
  DOPO:  "Always better to talk about it, right? (photo from Ombre e Luci archives)"
[en] the-boy-who-played-with-the-moon (e6b5d73a-f6dd-4dcc-941f-2c66df9cd63b) via didascalie_img
  PRIMA: "Le recensioni di Ombre e Luci"
  DOPO:  "Ombre e Luci Reviews"
[en] i-had-to-rethink-everything (e7257294-c91f-4b71-9822-2fd386229882) via didascalie_img
  PRIMA: "E ho ripensato a tutto - reazione al numero 94 Ombre e Luce n. 95, 2006"
  DOPO:  "And I thought back to everything - reaction to issue 94 Shadows and Lights no. 95, 2006"
[en] when-fragility-meets-fragility-disabled-journalists-report-on-migrants (e72ce628-caa5-4b2b-94bb-1e2714672f40) via didascalie_img
  PRIMA: "Benito intervista uno dei \nmigranti nel documentario Migrati (foto archivio Ombre e Luci)"
  DOPO:  "Benito interviews one of the migrants in the documentary Migrati (photo archive Ombre e Luci)"
[en] when-parents-learn-their-child-is-handicapped (e7366a04-15cf-4a00-af0c-648e4f17e8df) via didascalie_img
  PRIMA: "(foto archivio Ombre e Luci)"
  DOPO:  "(photo from Ombre e Luci archives)"
[en] cascina-nibai-a-living-answer (e7504448-6a59-4c85-b861-1e72fc4f9907) via didascalie_img
  PRIMA: "Cascina Nibai (foto archivio Ombre e Luci)v"
  DOPO:  "Cascina Nibai (photo from Ombre e Luci archives)"
[en] five-community-residences-models-in-action (e7596fec-4f20-4714-9120-fcb7b0caa790) via didascalie_img
  PRIMA: "(foto archivio Ombre e Luci, 1991)"
  DOPO:  "(photo from Ombre e Luci archives, 1991)"
[en] that-gesture (e761464a-cf71-4319-9f52-9f68c66c9697) via didascalie_img
  PRIMA: "Sabina dal Papa, con i suoi genitori, Olga e Francesco, e Mariangela"
  DOPO:  "Sabina dal Papa, with her parents, Olga and Francesco, and Mariangela"
[en] the-warmth-of-friendship (e772b1fc-167c-4e48-8a38-33a6e578d1d2) via didascalie_img
  PRIMA: "(foto archivio Ombre e Luci)"
  DOPO:  "(photo from Ombre e Luci archives)"
[en] happily-seated-a-review (e791615e-4115-4fd5-9360-415c0698490a) via didascalie_img
  PRIMA: "Copertina di \"Felicemente seduta\" (Le plurali, 2022)"
  DOPO:  "Cover of \"Happily Seated\" (Le plurali, 2022)"
[en] open-dialogue-no-124 (e7aa4d1c-101f-43d2-a92a-fcde9599a2da) via didascalie_img
  PRIMA: "Sempre meglio parlarne, no? (foto archivio Ombre e Luci)"
  DOPO:  "Always better to talk about it, right? (photo from Ombre e Luci archives)"
[en] ive-come-to-understand (e7b38fac-154a-4b90-9a15-37ec05239344) via didascalie_img
  PRIMA: "Cinque amici di cui quattro in altalena (foto archivio Ombre e Luci)"
  DOPO:  "Five friends, four of whom are on a swing (photo from Ombre e Luci archives)"
[en] the-special-friend-introducing-autism-to-young-children-a-review (e80ab73c-33ce-43c4-9783-b6d6301674f0) via didascalie_img
  PRIMA: "L'amico speciale. Uno strumento per parlare di autismo ai bambini più piccoli - Recensione - Ombre e Luci n.97, 2007"
  DOPO:  "The Special Friend. A tool for talking about autism with young children - Review - Shadows and Lights n.97, 2007"
[en] life-faith-and-light-no-65 (e827f7fa-ff87-4ac9-9d7d-38c6eb3ab7d0) via didascalie_img
  PRIMA: "La spilla di Fede e Luce (foto archivio Ombre e Luci, 1990)"
  DOPO:  "The Faith and Light brooch (photo from Ombre e Luci archives, 1990)"
[en] four-cardinal-points-ombre-e-lucis-homes-across-romes-neighborhoods (e836cf56-6942-4861-97a9-9d7a0ca3e917) via didascalie_img
  PRIMA: "La redazione \"storica\" di Ombre e Luci: da sinistra Natalia, Nicole, Mariangela e Sergio"
  DOPO:  "The \"historic\" editorial team of Ombre e Luci: from left Natalia, Nicole, Mariangela and Sergio"
[en] you-dont-divorce-your-childrenstaying-good-parents-after-separation (e8454bb2-f607-4dec-b368-6c14bbb69845) via didascalie_img
  PRIMA: "Dai figli non si divorzia - Separarsi e rimanere buoni genitori Anna Oliverio Ferraris - Ombre e Luci n.92, 2005"
  DOPO:  "You Don't Divorce Your Children - Separating and Remaining Good Parents Anna Oliverio Ferraris - Shadows and Lights n.92, 2005"
[en] i-dont-go-to-the-theater-much (e8da301c-ad4b-4b92-b318-c910897a3cb2) via didascalie_img
  PRIMA: "Giovanni Grossi (Foto Giovanni Grossi)"
  DOPO:  "Giovanni Grossi (Photo by Giovanni Grossi)"
[en] return-to-assisi-a-pilgrimage-through-rome (e947b52f-9a12-4a0e-8bfb-b1c80476410b) via didascalie_img
  PRIMA: "(foto archivio Ombre e Luci)"
  DOPO:  "(Ombre e Luci archive photo)"
[en] family-for-whom-family-for-what (e94bc548-1d05-4b59-bd02-809651cdbbd8) via didascalie_img
  PRIMA: "Da sinistra: Antonio Mazzarotto, Ivana Perri e Matteo Mazzarotto aprono il convegno (foto archivio Ombre e Luci)"
  DOPO:  "From left: Antonio Mazzarotto, Ivana Perri and Matteo Mazzarotto open the conference (photo from Ombre e Luci archive)"
[en] open-dialogue-no-98 (e95095f3-0558-4df5-be20-dc123b29276b) via didascalie_img
  PRIMA: "Sempre meglio parlarne, no? (foto archivio Ombre e Luci)"
  DOPO:  "Better to talk about it, right? (photo from Ombre e Luci archives)"
[en] art-and-disability-a-visit-to-giotto (e9d50ed8-4464-4af9-aa74-67d9709ab3cc) via didascalie_img
  PRIMA: "Arte e disabilità, incontriamo Giotto - Ombre e Luci n. 90, 2005"
  DOPO:  "Art and Disability, Meeting Giotto - Shadows and Lights no. 90, 2005"
[en] is-leisure-time-really-free (e9f67c11-7f97-4701-9c78-4a45f726ca61) via didascalie_img
  PRIMA: "Caterina Bertolini a teatro"
  DOPO:  "Caterina Bertolini at the theater"
[en] my-son-has-friends (ea0b6597-7341-4690-b80f-0eaf6684d856) via didascalie_img
  PRIMA: "Papa Francesco, disegno di Glauco Rizzo, 2025"
  DOPO:  "Pope Francis, drawing by Glauco Rizzo, 2025"
[en] sergio-is-a-good-gardener (ea14f009-0087-4d15-b6df-4f9081a5717d) via didascalie_img
  PRIMA: "(foto archivio Ombre e Luci, 1991)"
  DOPO:  "(photo from Ombre e Luci archives, 1991)"
[en] signs-of-gods-love (ea41ab62-68ea-4457-8a1e-88b831929bbf) via didascalie_img
  PRIMA: "(foto archivio Ombre e Luci)"
  DOPO:  "(photo from Ombre e Luci archives)"
[en] christmas-in-my-heart-dacf (ea4e75eb-4170-449f-b2b5-32e46a620ad9) via didascalie_img
  PRIMA: "(foto archivio Ombre e Luci)"
  DOPO:  "(photo from Ombre e Luci archives)"
[en] open-forum-no-161 (ea60869a-b3ec-401c-9580-12826d6d103e) via didascalie_img
  PRIMA: "Sempre meglio parlarne, no? (foto archivio Ombre e Luci)"
  DOPO:  "Better to talk about it, right? (Ombre e Luci archive photo)"
[en] three-questions-and-a-pilgrimage (ea8baa75-fec4-4b77-93a0-801da318dbf0) via didascalie_img
  PRIMA: "Pellegrinaggio a Loreto - Foto archivio Ombre e Luci"
  DOPO:  "Pilgrimage to Loreto - Photo from Ombre e Luci archive"
[en] a-heavy-summer-on-my-heart-and-mind (ea8efa0b-4bd3-42c6-a431-54d833df0288) via didascalie_img
  PRIMA: "Rubriche dialogo aperto"
  DOPO:  "Open dialogue columns"
[en] casa-sacra-famiglia-a-home-for-healing-and-belonging (ead3c1ba-01d4-445f-9177-12bfd3cde94e) via didascalie_img
  PRIMA: "A pesca nei fossi intorno alla casa di Fratta Polesine"
  DOPO:  "Fishing in the ditches around the house in Fratta Polesine"
[en] a-long-walk (eadedd76-4c66-4ec9-99e7-c63881f98f85) via didascalie_img
  PRIMA: "Copertina Un lungo cammino Egle Zoffoli - Ombre e Luci n.26 - 1989"
  DOPO:  "Cover A Long Journey Egle Zoffoli - Shadows and Lights n.26 - 1989"
[en] the-challenge-of-larche-9372 (eae60637-0783-483c-8c9e-8bd1bfc3f51c) via didascalie_img
  PRIMA: "(foto archivio Ombre e Luci)"
  DOPO:  "(photo from Ombre e Luci archive)"
[en] madness-and-love-a-path-to-the-soul-of-mental-illness (eae7d71b-ea1a-4164-8073-787d86855202) via didascalie_img
  PRIMA: "Le recensioni di Ombre e Luci"
  DOPO:  "Ombre e Luci reviews"
[en] theater-with-people-who-have-disabilities (eafae3b7-0c44-43b9-8175-48443717aab9) via didascalie_img
  PRIMA: "Una scena dello spettacolo (archivio Ombre e Luci)"
  DOPO:  "A scene from the show (Ombre e Luci archive)"
[en] two-captains (eaffe4a4-28f0-491f-9f36-ebdbdb6439fa) via didascalie_img
  PRIMA: "(foto archivio Ombre e Luci)"
  DOPO:  "(photo from Ombre e Luci archives)"
[en] faith-and-light-news-1978-calendar (eb01e92a-42e2-457f-8310-1dc098c5d946) via didascalie_img
  PRIMA: "Illustrazione tratta dal numero 15 di Insieme, 1977"
  DOPO:  "Illustration from issue 15 of Insieme, 1977"
[en] voices-from-the-silence-a-review (eb28342d-8e65-44c0-9a70-dcac26841829) via didascalie_img
  PRIMA: "Voci dal Silenzio - Copertina"
  DOPO:  "Voices from Silence - Cover"
[en] my-first-dive (eb292b4d-0e23-4bd4-9154-8f01daf1b4fe) via didascalie_img
  PRIMA: "Antonietta - Il primo tuffo"
  DOPO:  "Antonietta - The First Dive"
[en] mom-can-i-talk-to-you-a-review (eb2cd0c8-8237-43be-a808-76399522ffbf) via didascalie_img
  PRIMA: "Copertina \"Mamma ti posso parlare\""
  DOPO:  "Cover of \"Mom, Can I Talk to You\""
[en] a-silent-voice-a-film-review (eb32a7c7-7017-4d3a-a24f-a6b2cb7a4b19) via didascalie_img
  PRIMA: "Un fotogramma del film"
  DOPO:  "A still from the film"
[en] loics-blessing-then-and-now (eb938092-36e1-428d-bec2-956e5a3f0604) via didascalie_img
  PRIMA: "Loic e Thaddee Proffit (Foto Foi et lumière)"
  DOPO:  "Loic and Thaddee Proffit (Photo Foi et lumière)"
[en] we-move-carefully-with-diagnosis (ebd928c1-1039-42eb-b617-1ef80e0e7c5f) via didascalie_img
  PRIMA: "(foto B.Boissonet / BISP)"
  DOPO:  "(photo B.Boissonet / BISP)"
[en] the-paralympics-and-the-tiresome-conflation-of-heroism-and-disability (ebd9dba7-f0dd-43cb-a917-c4810579aa7b) via didascalie_img
  PRIMA: "PYEONGCHANG-GUN, SOUTH KOREA - MARCH 09:  Serhii Romaniuk of Ukraine in action during a training session ahead of the PyeongChang 2018 Paralympic Games on March 9, 2018 in Pyeongchang-gun, South Korea.  (Photo by Linnea Rheborg/Getty Images)"
  DOPO:  "PYEONGCHANG-GUN, SOUTH KOREA - MARCH 09: Serhii Romaniuk of Ukraine in action during a training session ahead of the PyeongChang 2018 Paralympic Games on March 9, 2018 in Pyeongchang-gun, South Korea. (Photo by Linnea Rheborg/Getty Images)"
[en] cardinal-martini-addresses-the-faith-and-light-communities (ebe227ed-e7c6-46b2-9f1d-8b1c09cd1229) via didascalie_img
  PRIMA: "(foto archivio Ombre e Luci)"
  DOPO:  "(photo from Ombre e Luci archive)"
[en] houses-of-charity (ec18604c-d6ea-4946-9c31-9f47c98fcd96) via didascalie_img
  PRIMA: "(foto archivio Ombre e Luci, 1989)"
  DOPO:  "(photo from Ombre e Luci archives, 1989)"
[en] between-fear-and-the-need-to-know (ec3e5ef0-8a10-4067-bb49-621c9c32687f) via didascalie_img
  PRIMA: "(foto archivio Ombre e Luci, 2013)"
  DOPO:  "(photo from Ombre e Luci archive, 2013)"
[en] on-the-cross-like-jesus (ec51d862-92f2-4776-8dac-f262ca80be46) via didascalie_img
  PRIMA: "Festeggiamenti per i 40 anni di Fede e Luce a Lviv (Ucraina), a cui hanno partecipato anche le comunità di Russia, Repubblica Ceca, Slovacchia, Lituania e Georgia (2012) (Foto Foi et Lumière)"
  DOPO:  "Celebrations for the 40th anniversary of Faith and Light in Lviv (Ukraine), with the participation of communities from Russia, Czech Republic, Slovakia, Lithuania and Georgia (2012) (Photo by Faith and Light)"
[en] inclusion-everyday-solidarity (ec558a04-bfb3-45c7-a446-7efc28993dfe) via didascalie_img
  PRIMA: "(foto di Stefano Pescosolido, archivio Ombre e Luci)"
  DOPO:  "(photo by Stefano Pescosolido, Ombre e Luci archive)"
[en] only-if (ec60e389-72cf-4fbb-bff2-101e16c08bfb) via didascalie_img
  PRIMA: "La redazione \"storica\" di Ombre e Luci: da sinistra Natalia, Nicole, Mariangela e Sergio"
  DOPO:  "The \"historic\" editorial staff of Ombre e Luci: from left Natalia, Nicole, Mariangela and Sergio"
[en] a-singular-offering (ecb0c39f-88b8-4d56-9800-58bcb9502a5f) via didascalie_img
  PRIMA: "La Messa in Santa Chiara (foto archivio Ombre e Luci)"
  DOPO:  "Mass in Santa Chiara (photo from Ombre e Luci archive)"
[en] network-sociale-building-a-connected-community-in-ravenna (eccfffec-05ca-4760-917e-18f12ce68277) via didascalie_img
  PRIMA: "Network sociale Ravenna"
  DOPO:  "Ravenna Social Network"
[en] my-son-drives-me-to-desperation (eced1624-6980-4772-9246-730694413c1a) via didascalie_img
  PRIMA: "(archivio Ombre e Luci)"
  DOPO:  "(Ombre e Luci archive)"
[en] with-us (ed1bd9b9-7a76-4072-ab73-377465fbec23) via didascalie_img
  PRIMA: "Disegno di Roberto Luciani"
  DOPO:  "Drawing by Roberto Luciani"
[en] theater-and-discovery-at-the-beehive (ed41ae41-c1f8-4e09-a54a-f8afbf244040) via didascalie_img
  PRIMA: "(foto archivio Ombre e Luci)"
  DOPO:  "(photo from Ombre e Luci archives)"
[en] do-you-love-jesus-then-thats-enough (ed60cfa6-89a3-48b6-aa22-54b4149d1a3e) via didascalie_img
  PRIMA: "(foto archivio Ombre e Luci)"
  DOPO:  "(photo from Ombre e Luci archives)"
[en] the-story-of-john-paul-iis-relic (ed75b780-a820-40f5-944b-a3a3776f4c6e) via didascalie_img
  PRIMA: "Papa Giovanni Paolo II"
  DOPO:  "Pope John Paul II"
[en] siblings-of-children-with-disabilities-what-do-they-think-what-do-they-feel (eddbc179-b83b-414e-a867-e4978c45fe96) via didascalie_img
  PRIMA: "(foto archivio Ombre e Luci)"
  DOPO:  "(photo from Ombre e Luci archive)"
[en] why-must-we-live-like-this (eddef3f9-1210-42c5-80e8-c63fa00ef228) via didascalie_img
  PRIMA: "Giovanni Grossi (Foto Giovanni Grossi)"
  DOPO:  "Giovanni Grossi (Photo by Giovanni Grossi)"
[en] once-upon-a-time-a-little-red-fish-and-little-duckling (ede39395-5e0e-495e-ab8a-06c84beab650) via didascalie_img
  PRIMA: "Le recensioni di Ombre e Luci"
  DOPO:  "The reviews of Shadows and Lights"
[en] open-dialogue-34 (ee09d31e-6e1d-42ba-b23f-e45be7c6c8db) via didascalie_img
  PRIMA: "Sempre meglio parlarne, no? (foto archivio Ombre e Luci)"
  DOPO:  "Always better to talk about it, right? (photo from Ombre e Luci archive)"
[en] my-brother-chases-dinosaurs (ee51347c-a5de-4c44-abf2-ce48d3729c3c) via didascalie_img
  PRIMA: "Copertina \"Mio fratello rincorre i dinosauri\" \n(foto archivio Ombre e Luci)"
  DOPO:  "Cover of \"My Brother Chases Dinosaurs\"\n(photo from Ombre e Luci archives)"
[en] which-side-are-you-on (ee539d3e-0e23-428e-93f4-d7a013c60283) via didascalie_img
  PRIMA: "Foto di Annie Spratt su Unsplash"
  DOPO:  "Photo by Annie Spratt on Unsplash"
[en] the-friends-trattoria (eebbfad4-ffe3-4fbc-8019-b5c83406299d) via didascalie_img
  PRIMA: "La Trattoria de Gli Amici (Foto www.trattoriadegliamici.it)"
  DOPO:  "The Trattoria of The Friends (Photo www.trattoriadegliamici.it)"
[en] get-to-work (eed7d0a8-25fe-4118-b702-a7d6bb73f6e3) via didascalie_img
  PRIMA: "(foto archivio Ombre e Luci)"
  DOPO:  "(photo from Ombre e Luci archives)"
[en] from-the-provinces-issue-140 (ef211370-2af9-4bab-85d0-ac143daffc78) via didascalie_img
  PRIMA: "Le provincie di Fede e Luce"
  DOPO:  "The provinces of Faith and Light"
[en] in-the-ward (ef352e6a-833b-4705-b871-58dc67a98121) via didascalie_img
  PRIMA: "Foto di Olga Kononenko su Unsplash"
  DOPO:  "Photo by Olga Kononenko on Unsplash"
[en] trisomy-21-down-syndrome (ef40f8d0-ec73-4698-9d3b-77cb06d9fbc8) via didascalie_img
  PRIMA: "(foto archivio Ombre e Luci)"
  DOPO:  "(photo from Ombre e Luci archives)"
[en] the-santa-silvia-bus (ef688fe8-83e2-4e65-8635-5ba4c9c72480) via didascalie_img
  PRIMA: "(foto archivio Ombre e Luci)"
  DOPO:  "(photo from Ombre e Luci archive)"
[en] saturday-february-1-1975 (ef8911fb-7abb-46ef-aee2-0cd58eec058d) via didascalie_img
  PRIMA: "Sabato 1 febbraio 1975 -   - Insieme n.4 1975 - Ombre e Luci"
  DOPO:  "Saturday 1 February 1975 - - Together no. 4 1975 - Shadows and Lights"
[en] rare-diseases-what-you-need-to-know (ef89830b-22d7-47a1-8eab-e3fcb394d31b) via didascalie_img
  PRIMA: "Dettaglio del manifesto del Giorno delle Malattie Rare, 2011"
  DOPO:  "Detail of the Rare Disease Day poster, 2011"
[en] brooke-my-special-friend (ef8cacfa-8374-453a-80c1-88c2c2b6b92e) via didascalie_img
  PRIMA: "Nora Buccheri abbraccia la piccola Brooke"
  DOPO:  "Nora Buccheri hugs little Brooke"
[en] voices-from-mothers (ef94e44a-0eae-49df-856c-2db986a90f50) via didascalie_img
  PRIMA: "Foto di S&B Vonlanthen su Unsplash"
  DOPO:  "Photo by S&B Vonlanthen on Unsplash"
[en] john-paul-ii-didnt-seem-like-a-priest-or-a-pope (ef9b63a0-7949-47ab-ac36-662e47463e94) via didascalie_img
  PRIMA: "Giovanni Paolo II - Ombre e Luci n.90, 2005"
  DOPO:  "John Paul II - Shadows and Lights no. 90, 2005"
[en] mirtilla-and-the-captain (ef9b972a-0d2b-4509-a43b-528c2a61c6f4) via didascalie_img
  PRIMA: "Monica Stirpe (a sinistra) tiene in braccio Mirtilla accanto a Stefano Di Franco (a destra) (Foto Serena Sillitto)"
  DOPO:  "Monica Stirpe (on the left) holds Mirtilla in her arms next to Stefano Di Franco (on the right) (Photo by Serena Sillitto)"
[en] i-feel-in-crisis (ef9d84f9-e4e6-48f6-8eb5-fa188fc102a1) via didascalie_img
  PRIMA: "Immagina tratta da Insieme n.8 - 1976 (archivio Ombre e Luci)"
  DOPO:  "Image from Insieme no. 8 - 1976 (Ombre e Luci archive)"
[en] casa-jada-oamis-model-family-home (ef9eee83-8738-4f74-ac77-a9b95f4ce2a6) via didascalie_img
  PRIMA: "(foto archivio Ombre e Luci)"
  DOPO:  "(photo from Ombre e Luci archives)"
[en] a-lords-honor (efcb6489-04bd-489b-b288-fd52be62e7ae) via didascalie_img
  PRIMA: "Kevin Shinkwin, Baron Shinkwin (foto archivio Ombre e Luci)"
  DOPO:  "Kevin Shinkwin, Baron Shinkwin (photo archive Ombre e Luci)"
[en] a-good-wind (efce5b46-3480-4ece-baf1-416d89125715) via didascalie_img
  PRIMA: "Lucia e la sua classe (2009)"
  DOPO:  "Lucia and her class (2009)"
[en] the-christmas-story-i-tell-my-son (efdba1ec-7a5c-40fe-9a43-305bf78136cf) via didascalie_img
  PRIMA: "Viola e Mimosa"
  DOPO:  "Violet and Mimosa"
[en] do-we-have-a-future (eff3aa1c-301c-4cc7-abe5-1be912d98c8b) via didascalie_img
  PRIMA: "6° posto - Paolo Nardini - I più piccoli a Lourdes - Fotoconcorso - Ombre e Luci n.75 - 2002"
  DOPO:  "6th place - Paolo Nardini - The Littlest Ones at Lourdes - Photo Contest - Shadows and Lights no. 75 - 2002"
[en] slow-steps-book-review (f0270086-34c7-4a97-bac9-28c84128c46d) via didascalie_img
  PRIMA: "Copertina di \"Passo lento\", Patete, Rabbi (2025)"
  DOPO:  "Cover of \"Passo lento\", Patete, Rabbi (2025)"
[en] when-life-becomes-this-hard (f0832524-e195-422c-ab1c-f3e8d5827848) via didascalie_img
  PRIMA: "(foto archivio Ombre e Luci)"
  DOPO:  "(photo from Ombre e Luci archive)"
[en] words-for-grown-ups (f0c1933a-69e3-476e-970f-a3101c2593b4) via didascalie_img
  PRIMA: "Primo piano di Bud Spencer nel film \"Chi trova un amico trova un tesoro\""
  DOPO:  "Close-up of Bud Spencer in the film \"Who Finds a Friend Finds a Treasure\""
[en] my-name-is-charlotte-fien-and-i-have-down-syndrome (f0fe87c2-2143-4f36-b10d-cfe701dce368) via didascalie_img
  PRIMA: "Charlotte Fien (foto archivio Ombre e Luci)"
  DOPO:  "Charlotte Fien (photo from Ombre e Luci archives)"
[en] for-love-of-anna-a-true-story-of-an-autistic-girlreview (f102fb20-802f-4b4a-b2f9-67e856006e03) via didascalie_img
  PRIMA: "La copertina del libro"
  DOPO:  "The book cover"
[en] can-i-say-hello-to-my-mother (f10ce026-4247-4c92-bc0b-d02f867a99a9) via didascalie_img
  PRIMA: "Mariangela insieme alle sue \"vecchie\" compagne di scuola (foto archivio Ombre e Luci)"
  DOPO:  "Mariangela together with her \"old\" school friends (photo archive Ombre e Luci)"
[en] sprouting-from-a-dandelion (f127db6b-d71c-49c1-bdff-84d8277293a9) via didascalie_img
  PRIMA: "Progetto Dandelion"
  DOPO:  "Dandelion Project"
[en] hello-im-puccio (f12f9939-e7c0-41dc-bc80-2d275f614411) via didascalie_img
  PRIMA: "La copertina del libro"
  DOPO:  "The book cover"
[en] disabledmothers (f1aa3094-07c8-44d7-b432-101657d22680) via didascalie_img
  PRIMA: "DisabilmenteMamme"
  DOPO:  "DisabledMothers"
[en] the-finest-swim-of-my-lifea-review (f1e5da3c-60c7-4a97-b68a-7eb923dcf385) via didascalie_img
  PRIMA: "Copertina del libro \"La più bella nuotata della mia vita) di Anne Becker, Ed. Uovonero, 2022"
  DOPO:  "Cover of the book \"The Most Beautiful Swim of My Life\" by Anne Becker, Uovonero Publishing, 2022"
[en] forty-years-of-ombre-e-luci (f1efb568-2238-4345-a61b-c4da2f275217) via didascalie_img
  PRIMA: "La redazione \"allargata\" di Ombre e Luci"
  DOPO:  "The \"expanded\" editorial board of Ombre e Luci"
[en] after-us-the-rights-that-already-exist (f233ec01-a6c3-4846-992e-d4a7854efdfa) via didascalie_img
  PRIMA: "(foto archivio Ombre e Luci)"
  DOPO:  "(photo from Ombre e Luci archives)"
[en] life-in-the-provinces-no-151 (f2387e6d-7ac1-40bf-a347-c26d6eb65f28) via didascalie_img
  PRIMA: "Le provincie di Fede e Luce"
  DOPO:  "The provinces of Faith and Light"
[en] faith-and-light-day-and-night (f2584ee6-b756-4c5d-8888-6ec9355995dd) via didascalie_img
  PRIMA: "Ai campeggi Fede e Luce si diventa tutti più belli (foto archivio Ombre e Luci, 1990)"
  DOPO:  "At Faith and Light camps everyone becomes more beautiful (photo from Ombre e Luci archives, 1990)"
[en] factory-work-is-hardand-worth-it (f28904b3-10ab-48ef-b75a-b7c815ecc449) via didascalie_img
  PRIMA: "al centro nella fotografia Daniela durante la festa di Pasqua nel Pellegrinaggio di Fede e Luce a Lourdes (foto archivio Ombre e Luci, 1991)"
  DOPO:  "in the center of the photograph Daniela during the Easter celebration at the Faith and Light Pilgrimage in Lourdes (photo from Ombre e Luci archives, 1991)"
[en] football-as-life-training-the-calciosociale-model (f29abf41-6866-4d1f-9008-80301e5be7bb) via didascalie_img
  PRIMA: "(foto archivio Ombre e Luci)"
  DOPO:  "(Ombre e Luci archive photo)"
[en] why-suffering-some-reflections (f2b791f7-a11c-4242-962a-932b5f8862dd) via didascalie_img
  PRIMA: "Maria Rosaria insieme ad Agnese"
  DOPO:  "Maria Rosaria together with Agnese"
[en] social-cooperatives (f2c0110d-205d-49f7-bec3-b582464c6c3e) via didascalie_img
  PRIMA: "Cooperative sociali - Ombre e Luci n.74 - 2001"
  DOPO:  "Social cooperatives - Shadows and Lights no. 74 - 2001"
[en] borderline-a-review (f2d8979c-ada5-480b-a884-c1c090283e93) via didascalie_img
  PRIMA: "Copertina \"Borderline\""
  DOPO:  "Cover \"Borderline\""
[en] sick-with-love (f322c619-58c0-49fa-a15e-bd78609b8acc) via didascalie_img
  PRIMA: "Tipografia Ugo Quintily - Ombre e Luci n.100, 2007"
  DOPO:  "Ugo Quintily Printing Press - Shadows and Lights no. 100, 2007"
[en] the-terminally-ill-child-a-book-review (f367dfd4-a89f-42b8-8031-30b35a50a725) via didascalie_img
  PRIMA: "Il figlio terminale - Recensione - Ombre e Luci n.98, 2007"
  DOPO:  "The Terminal Son - Review - Shadows and Lights no. 98, 2007"
[en] in-welcoming-community (f3718047-2fbd-46ec-84c1-3888e0a8d8a1) via didascalie_img
  PRIMA: "Una delle illustrazioni deUna delle illustrazioni dell'articolo (archivio Ombre e Luci)"
  DOPO:  "One of the illustrations from the article (Ombre e Luci archive)"
[en] faith-and-light-in-africa (f39eb18d-20ec-4d1c-b695-da80bcf47301) via didascalie_img
  PRIMA: "Emilia e la sua mamma fanno parte di una comunità in Burkina Paso"
  DOPO:  "Emilia and her mother are part of a community in Burkina Faso"
[en] why-we-came-to-assisi (f3b413e8-c268-4ea9-8c87-72d38b702d84) via didascalie_img
  PRIMA: "Un gruppo \"in cammino sui passi di San Francesco\", la mattina di venerdì 25 aprile 1986 (foto archivio Ombre e Luci)"
  DOPO:  "A group \"walking in the footsteps of Saint Francis\", the morning of Friday, April 25, 1986 (photo from Ombre e Luci archives)"
[en] jesuss-answer (f3c221c7-d52b-47fd-b427-efed8a0a5fd6) via didascalie_img
  PRIMA: "(foto archivio Ombre e Luci)"
  DOPO:  "(photo from Ombre e Luci archives)"
[en] open-dialogue-no-159 (f3eaa6e8-532d-4d52-ab48-8b667a512216) via didascalie_img
  PRIMA: "Sempre meglio parlarne, no? (foto archivio Ombre e Luci)"
  DOPO:  "Always better to talk about it, right? (photo from Ombre e Luci archive)"
[en] one-night-i-dreamed-you-spoke-a-review (f405abdf-d1e6-4a3f-9568-40cc00eb2183) via didascalie_img
  PRIMA: "Copertina \"Una notte ho sognato che parlavi\" (archivio Ombre e Luci, 2013)"
  DOPO:  "Cover of \"One Night I Dreamed You Spoke\" (Ombre e Luci archives, 2013)"
[en] open-dialogue-no-162 (f40a59f0-4be5-45a9-bf88-d4555774dcb2) via didascalie_img
  PRIMA: "Rubriche dialogo aperto"
  DOPO:  "Open Dialogue Columns"
[en] their-gaze-pierces-our-shadows-a-review (f40cf0e6-35d2-43ca-9380-5dd71118fb08) via didascalie_img
  PRIMA: "Il loro sguardo buca le nostre ombre, copertina"
  DOPO:  "Their gaze pierces through our shadows, cover"
[en] my-son-luciano (f43848f7-54bd-4700-a673-7e4707203033) via didascalie_img
  PRIMA: "Luciano con il suo papà (foto archivio Ombre e Luci)"
  DOPO:  "Luciano with his dad (photo from Ombre e Luci archives)"
[en] but-after-we-meet-they-disappear (f445c96f-cb1f-4574-a8b0-2af3181c116a) via didascalie_img
  PRIMA: "(foto archivio Ombre e Luci)"
  DOPO:  "(photo from Ombre e Luci archives)"
[en] a-new-equestrian-therapy-center-for-children-with-disabilities (f4add607-248f-4ca9-ba18-81a48f3e9415) via didascalie_img
  PRIMA: "Ippoterapia"
  DOPO:  "Equine Therapy"
[en] the-real-bill-to-pay (f4ee3558-8ddd-4807-8caf-79a0a63e344c) via didascalie_img
  PRIMA: "La copertina di Assisi 1978"
  DOPO:  "The cover of Assisi 1978"
[en] the-art-of-encounter-overcoming-the-fear-of-difference (f5128173-c6b1-42af-b8ba-5ede8cbc456c) via didascalie_img
  PRIMA: "Un gruppo di amici di Fede e Luce (foto archivio Ombre e Luci)"
  DOPO:  "A group of friends from Faith and Light (photo from Ombre e Luci archives)"
[en] useless-details-a-book-review (f59190fa-f97b-4ecf-a86c-9b47b6389112) via didascalie_img
  PRIMA: "Copertina \"Dettagli inutili\""
  DOPO:  "Cover of \"Useless Details\""
[en] how-to-say-no-you-cant-have-that (f5b009f7-1c2e-4943-8126-45e2e15c0e83) via didascalie_img
  PRIMA: "Come dire di no ai nostri figli? - Ombre e Luci n.88, 2004"
  DOPO:  "How to Say No to Our Children? - Shadows and Lights no. 88, 2004"
[en] how-a-book-can-change-everything (f5b11034-01df-45b9-b047-5aab64ddab54) via didascalie_img
  PRIMA: "(Foto Archivio Ombre e Luci)"
  DOPO:  "(Photo from Ombre e Luci Archive)"
[en] let-me-show-you-rome (f5f6561f-9e1e-486b-9a0f-a2a60c797fd9) via didascalie_img
  PRIMA: "(foto archivio Ombre e Luci)"
  DOPO:  "(photo from Ombre e Luci archive)"
[en] what-freedom-means (f60c806b-4f9f-4be3-8e57-f7eb9474300e) via didascalie_img
  PRIMA: "Luciana Spigolon con il fratello Giorgio"
  DOPO:  "Luciana Spigolon with her brother Giorgio"
[en] open-dialogue-n136 (f622b3cc-3f67-40f0-882d-010d82c84cc5) via didascalie_img
  PRIMA: "Sempre meglio parlarne, no? (foto archivio Ombre e Luci)"
  DOPO:  "Always better to talk about it, right? (photo from Ombre e Luci archive)"
[en] rediscovering-the-grace-of-confession (f673fb3e-852c-4cd9-b667-f3d35e227192) via didascalie_img
  PRIMA: "Foto di Matheus Ferrero su Unsplash"
  DOPO:  "Photo by Matheus Ferrero on Unsplash"
[en] when-death-becomes-a-teacher-what-the-dying-teach-us-about-living (f68c36d7-9f8f-4d0d-a2a2-dc9f83f85b26) via didascalie_img
  PRIMA: "Le recensioni di Ombre e Luci"
  DOPO:  "The reviews of Shadows and Lights"
[en] school-integration-what-it-looks-like-from-the-desk-next-door (f6ac674c-13b7-44fc-902e-495518a6db9c) via didascalie_img
  PRIMA: "integrazione scolastica - Ombre e Luci n.91, 2005"
  DOPO:  "school integration - Ombre e Luci n.91, 2005"
[en] human-resistance (f6c6784a-2c24-42a6-a171-60cb6db4effe) via didascalie_img
  PRIMA: "L'umana resistenza - Ombre e Luci n.86, 2004"
  DOPO:  "Human Resistance - Shadows and Lights no. 86, 2004"
[en] our-scoop (f7067831-5008-4d07-a6a4-ba7f4c993bd8) via didascalie_img
  PRIMA: "(foto archivio Ombre e Luci)"
  DOPO:  "(photo from Ombre e Luci archives)"
[en] being-bea-a-graphic-memoir (f70aa4d9-b186-4f66-925c-2ac3b5d49c46) via didascalie_img
  PRIMA: "Copertina \"Essere Bea\", Editrice Consumatori, 2024"
  DOPO:  "Cover of \"Being Bea\", Editrice Consumatori, 2024"
[en] a-week-at-roccamonfina (f70c2428-6c61-4f28-81b7-df08d0ce3585) via didascalie_img
  PRIMA: "Giovanni Grossi alla Bicoca (2017, foto archivio Ombre e Luci)"
  DOPO:  "Giovanni Grossi at the Bicocca (2017, photo from Ombre e Luci archives)"
[en] better-than-a-magic-wand (f7149a39-1963-48d6-98da-1012c0b3639a) via didascalie_img
  PRIMA: "Particolare di \"Parigi dalla finestra\" (Marc Chagall, 1913)"
  DOPO:  "Detail of \"Paris from the Window\" (Marc Chagall, 1913)"
[en] you-are-loved-by-god-just-as-you-are (f7d547b0-ff44-4b2f-b77e-9d356f4dbef2) via didascalie_img
  PRIMA: "Un momento di festa durante l'incontro di formazione (foto archivio Ombre e Luci, 2013)"
  DOPO:  "A moment of celebration during the training meeting (photo from Ombre e Luci archive, 2013)"
[en] freedom-has-no-age (f824078b-430d-47b6-8688-be5ff6fe755c) via didascalie_img
  PRIMA: "27 notti (Daniel Hendler, 2025)"
  DOPO:  "27 Nights (Daniel Hendler, 2025)"
[en] open-dialogue-no-95 (f835e196-6cc9-41a5-ada3-2170b303f349) via didascalie_img
  PRIMA: "Sempre meglio parlarne, no? (foto archivio Ombre e Luci)"
  DOPO:  "Always better to talk about it, right? (photo from Ombre e Luci archive)"
[en] merry-christmas-dc00 (f841e7f8-95ac-41cf-90f2-51054c51e20b) via didascalie_img
  PRIMA: "Natale in Brasile (foto archivio Ombre e Luci)"
  DOPO:  "Christmas in Brazil (photo from Ombre e Luci archives)"
[en] everyone-has-a-place-in-the-community (f84ecb17-d236-48f9-999c-d94439800c2d) via didascalie_img
  PRIMA: "(foto archivio Ombre e Luci)"
  DOPO:  "(photo from Ombre e Luci archive)"
[en] bad-luck (f8510f4e-367e-4578-b6f7-9f6d6d19b08d) via didascalie_img
  PRIMA: "Foto di marianne bos su Unsplash"
  DOPO:  "Photo by marianne bos on Unsplash"
[en] faith-and-light-a-journey-of-hope-beyond-disabilities (f863026e-c4b7-46a6-8f11-6b18e319103d) via didascalie_img
  PRIMA: "Davide e sua mamma Rosamaria (foto archivio Ombre e Luci, 1990)"
  DOPO:  "David and his mother Rosamaria (photo from Ombre e Luci archives, 1990)"
[en] help-me-play (f8817e13-c0b8-4c45-8035-c5fb631c992e) via didascalie_img
  PRIMA: "Le recensioni di Ombre e Luci"
  DOPO:  "Shadows and Lights Reviews"
[en] life-in-the-provinces-issue-152 (f8a6817c-45a5-45b9-bfe3-6738034f55eb) via didascalie_img
  PRIMA: "Le provincie di Fede e Luce"
  DOPO:  "The provinces of Faith and Light"
[en] the-vocation-of-fede-e-luce (f8aa4e3c-8091-4117-aa19-99ee7e7cea58) via didascalie_img
  PRIMA: "(foto archivio Ombre e Luci, 1990)"
  DOPO:  "(photo from Ombre e Luci archive, 1990)"
[en] the-music-of-the-world (f8f0786f-8f1e-4e29-b028-b38d7fc43e2f) via didascalie_img
  PRIMA: "I rappresentanti di Italia, Croazia, Slovenia, Albania, Cipro e Grecia insieme alla vicecoordinatrice internazionale Angela Grassi (al centro con le braccia aperte) all'assemblea internazionale di Strasburgo (Foto Foi et Lumière)"
  DOPO:  "Representatives from Italy, Croatia, Slovenia, Albania, Cyprus and Greece together with international vice-coordinator Angela Grassi (center with arms open) at the international assembly in Strasbourg (Photo by Foi et Lumière)"
[en] immacolatas-courage (f8f7f954-a262-46f5-ab8b-90aa92032a5c) via didascalie_img
  PRIMA: "Ombre e Luci n 69"
  DOPO:  "Shadows and Lights no. 69"
[en] disabling-conditions-in-aging-when-health-fails (f915a239-f84d-4098-9f27-6699efbf8a64) via didascalie_img
  PRIMA: "Patologie disabilitanti nell'anziano - Ombre e Luce n. 96, 2006"
  DOPO:  "Disabling pathologies in the elderly - Shadows and Lights no. 96, 2006"
[en] beyond-science-humanity-and-common-sense-in-a-centre-for-the-treatment-of-psychosis (f9459b95-b456-4f0d-99a1-4ddd794acfb3) via didascalie_img
  PRIMA: "(foto archivio Ombre e Luci)"
  DOPO:  "(photo from Ombre e Luci archives)"
[en] a-christmas-with-something-more (f9ad3e01-3f1d-4938-9271-8bbbeaccf91c) via didascalie_img
  PRIMA: "Per un natale con qualcosa in più - Ombre e Luci n.76 - 2001"
  DOPO:  "For a Christmas with something more - Shadows and Lights no.76 - 2001"
[en] robertos-mother-writes-to-us (f9f7ea84-1cff-4a0a-b77a-f171beed548f) via didascalie_img
  PRIMA: "Immagina tratta da Insieme n.3 - 1974 (archivio Ombre e Luci)"
  DOPO:  "Image from Insieme n.3 - 1974 (Ombre e Luci archive)"
[en] in-the-warmth-of-simple-love (fa33cb22-3bd7-4495-b49d-befbd026f3f6) via didascalie_img
  PRIMA: "Pablo, Alberto e Francesco ad un campeggio Fede e Luce nel 1989 (foto archivio Ombre e Luci)"
  DOPO:  "Pablo, Alberto and Francesco at a Faith and Light camp in 1989 (photo from Ombre e Luci archives)"
[en] the-invisible-disability (fa36f0e3-dd03-46ba-9857-26ba64e43ad8) via didascalie_img
  PRIMA: "Foto Valentina Calabresi"
  DOPO:  "Photo Valentina Calabresi"
[en] gods-euthanasia-a-book-review (fa4b5663-75e4-49ea-a39c-904f3d7497f1) via didascalie_img
  PRIMA: "Copertina \"L'eutanasia di Dio\""
  DOPO:  "Cover of \"God's Euthanasia\""
[en] the-secret-god-shared-with-me-how-my-friends-taught-me-to-listen (fa5a9aff-6c7d-41dd-8569-c54c235aa1e7) via didascalie_img
  PRIMA: "In gita a Contigliano (foto archivio Ombre e Luci)"
  DOPO:  "On an outing to Contigliano (photo from the Ombre e Luci archives)"
[en] the-choice-to-be-chosen (fa5dd7d2-ff3c-4b3f-bad7-df5343d0fa8c) via didascalie_img
  PRIMA: "(foto archivio Ombre e Luci)"
  DOPO:  "(photo from Ombre e Luci archives)"
[en] im-no-longer-welcome-at-my-parish (fa62572f-7ba6-4ab6-b9fe-bbd495e874c2) via didascalie_img
  PRIMA: "Blog di Antonietta - Non sono più accettata in parrocchia"
  DOPO:  "Antonietta's Blog - I Am No Longer Accepted in My Parish"
[en] a-womans-time-review (fa6e8da6-9b2c-42e4-9f74-24eedbfb49ba) via didascalie_img
  PRIMA: "Il tempo delle donne - Copertina"
  DOPO:  "The Time of Women - Cover"
[en] why-i-jump-a-review (fa73a6bc-0a10-42f3-8487-63636eb0458e) via didascalie_img
  PRIMA: "Copertina \"Il motivo per cui salto\""
  DOPO:  "Cover of \"The Reason Why I Jump\""
[en] valle-aurelia-boulevard (fa830337-be73-41f1-ab3f-da141ff5e9cc) via didascalie_img
  PRIMA: "Rita Massi, Marco Ciucciarelli, Angela Gattulli e Cristina Tersigni nella nuova sede"
  DOPO:  "Rita Massi, Marco Ciucciarelli, Angela Gattulli and Cristina Tersigni at the new headquarters"
[en] disintegration-art-from-santegidios-workshops (fa8bab9b-0023-4503-ae6f-89ffd0e90faf) via didascalie_img
  PRIMA: "DIS Integration - Mostra Sant'Egidio (2022)"
  DOPO:  "DIS Integration - Sant'Egidio Exhibition (2022)"
[en] your-children (fab01365-10dd-4d16-9ba5-b195291368b8) via didascalie_img
  PRIMA: "Foto di Guillaume de Germain su Unsplash"
  DOPO:  "Photo by Guillaume de Germain on Unsplash"
[en] quicksilver (fad6f0be-003b-4015-a2ba-634b5b725e73) via didascalie_img
  PRIMA: "Un primo piano di Mariangela"
  DOPO:  "A close-up of Mariangela"
[en] tools-for-independence-a-pilot-program-for-disabled-people (fb21a94b-d26d-45c8-b123-17b168590dba) via didascalie_img
  PRIMA: "Le recensioni di Ombre e Luci"
  DOPO:  "Ombre e Luci reviews"
[en] i-wanted-someone-to-answer-my-questions (fb32b699-9f9f-4657-b48c-0a63492b9ccf) via didascalie_img
  PRIMA: "Daniel Tammet al Palais de la découverte di Parigi  (foto di De Lorelei  <a href=\"https://en.wikipedia.org/wiki/en:Creative_Commons\">Creative Commons</a> Attribution-Share Alike 4.0 International)"
  DOPO:  "Daniel Tammet at the Palais de la découverte in Paris  (photo by De Lorelei  <a href=\"https://en.wikipedia.org/wiki/en:Creative_Commons\">Creative Commons</a> Attribution-Share Alike 4.0 International)"
[en] my-cousin-claudio-and-the-scent-of-lavender (fb494dee-9cbf-40fb-82f5-99a49cd453d0) via didascalie_img
  PRIMA: "Claudio (Foto di Enrico Andreotti)"
  DOPO:  "Claudio (Photo by Enrico Andreotti)"
[en] the-primavalle-training-center-one-neighborhood-many-projects (fb7ba3fc-397a-468b-8e63-9f07300805e1) via didascalie_img
  PRIMA: "(foto archivio Ombre e Luci, 1991)"
  DOPO:  "(photo from Ombre e Luci archive, 1991)"
[en] can-a-single-gesture-hold-so-much-meaning (fb9e6231-8857-4038-a341-86c4445346ca) via didascalie_img
  PRIMA: "Antonino mette a Papa Francesco il foulard di Fede e Luce, durante il giubileo di giugno 2016"
  DOPO:  "Antonino puts the Faith and Light scarf on Pope Francis during the jubilee of June 2016"
[en] different-from-whom-normal-lives-with-handicap (fbac0432-4a64-4ab7-b4a7-dfd0cdde0d62) via didascalie_img
  PRIMA: "Le recensioni di Ombre e Luci"
  DOPO:  "The reviews of Ombre e Luci"
[en] viola-and-mimosa-a-story-from-manila (fbd99501-2c5a-41e0-a045-085ace81839f) via didascalie_img
  PRIMA: "Foto di Andrey Andreyev su Unsplash"
  DOPO:  "Photo by Andrey Andreyev on Unsplash"
[en] they-are-our-children-too (fbdf554e-2e48-4752-abc8-e763eebc01b8) via didascalie_img
  PRIMA: "(foto archivio Ombre e Luci, 1990)"
  DOPO:  "(photo from Ombre e Luci archives, 1990)"
[en] we-picked-the-olives (fc399cf1-fbe4-4394-b28c-b00d7f9e7254) via didascalie_img
  PRIMA: "(foto archivio Ombre e Luci)"
  DOPO:  "(photo from Ombre e Luci archive)"
[en] when-disability-meets-old-age-the-case-of-il-carro (fc40d797-2081-45a5-8101-e65f010d37ef) via didascalie_img
  PRIMA: "(foto archivio Ombre e Luci)"
  DOPO:  "(photo from Ombre e Luci archive)"
[en] what-to-do-with-our-wounds-a-review (fc54b15c-bef2-49a1-aefe-ae79388dc0e7) via didascalie_img
  PRIMA: "Copertina \"Cosa fare delle nostre ferite\""
  DOPO:  "Cover of \"What to Do with Our Wounds\""
[en] ask-zampetta-and-romeo (fc93a95d-8c70-49a7-9b3a-1621ae6ca694) via didascalie_img
  PRIMA: "Edoardo e Romeo (Foto di"
  DOPO:  "Edward and Romeo (Photo by"
[en] open-dialogue-issue-3 (fca1b5d6-3509-4d7e-b9c6-14211c3ad360) via didascalie_img
  PRIMA: "Sempre meglio parlarne, no? (foto archivio Ombre e Luci)"
  DOPO:  "Always better to talk about it, right? (photo from Ombre e Luci archives)"
[en] an-act-of-joy-theater-in-a-roman-parish (fcef7dd9-8dc3-4bf0-85b0-10e4ccff9c55) via didascalie_img
  PRIMA: "Teatro e disabilità - Ombre e Luci n.97, 2007"
  DOPO:  "Theater and disability - Shadows and Lights no. 97, 2007"
[en] from-midnight-trams-to-the-spotlight (fd237a66-e095-4023-ad9e-8923d504c7ef) via didascalie_img
  PRIMA: "Salvatore Ferrara (al centro con il microfono) fondatore dell'associazione Nic (© Filippo Bolzonella)"
  DOPO:  "Salvatore Ferrara (center with microphone) founder of the Nic association (© Filippo Bolzonella)"
[en] families-in-exile-wounded-restored-reconciled-a-review (fd3f8414-e00d-416c-b97f-4b6d06558862) via didascalie_img
  PRIMA: "Famiglie in esilio, copertina"
  DOPO:  "Families in exile, cover"
[en] wonder-giusy-6b04 (fd4091d4-603a-4ec7-8928-b550c9a02b08) via didascalie_img
  PRIMA: "Copertina \"WonderGiusy\""
  DOPO:  "\"WonderGiusy\" Cover"
[en] a-smile-masks-a-hardened-heart (fd48e451-2285-4ee8-8351-f5a5edd25c8f) via didascalie_img
  PRIMA: "(foto archivio Ombre e Luci)"
  DOPO:  "(photo from Ombre e Luci archive)"
[en] growing-together-the-story-of-a-magazine-that-keeps-expanding (fd7b86be-f935-48f7-aeda-66a9ee27676a) via didascalie_img
  PRIMA: "insieme bollettino Fede e Luce -"
  DOPO:  "together newsletter Faith and Light -"
[en] words-matter (fd8b4ad0-96f1-4590-8cdf-757b69c4863c) via didascalie_img
  PRIMA: "(foto archivio Ombre e Luci)"
  DOPO:  "(photo from Ombre e Luci archive)"
[en] on-her-path (fd9091b4-707f-49dc-9318-bf54e5aea714) via didascalie_img
  PRIMA: "Mariangela durante un convegno internazionale di Fede e Luce"
  DOPO:  "Mariangela during an international Faith and Light conference"
[en] a-glass-of-water (fd9a9035-2d9b-4790-b934-0982ec68579e) via didascalie_img
  PRIMA: "Il gioco proposto da Luis Sankalè sul numero 15 di Insieme, 1977"
  DOPO:  "The game proposed by Luis Sankalè in issue 15 of Insieme, 1977"
[en] how-he-stepped-down-from-the-throne (fda44c69-0f6c-499b-b8f2-83e5ba05444d) via didascalie_img
  PRIMA: "(foto archivio Ombre e Luci, 2013)"
  DOPO:  "(photo from Ombre e Luci archives, 2013)"
[en] what-makes-someone-extraordinary-an-interview-with-nick-vujicic (fdeb8f1e-7886-44f0-9417-4c85a8bd0dba) via didascalie_img
  PRIMA: "Nick Vujicic con la famiglia"
  DOPO:  "Nick Vujicic with his family"
[en] epigenetics-and-psychiatric-disease (fdeee30f-47fc-477e-b037-923385fc90c2) via didascalie_img
  PRIMA: "Foto di National Cancer Institute su Unsplash"
  DOPO:  "Photo by National Cancer Institute on Unsplash"
[en] small-but-decisive (fdf36f67-59c8-4739-b8f0-942b3ae5b2fa) via didascalie_img
  PRIMA: "Mino Rosso, Le suore (1930)"
  DOPO:  "Mino Rosso, The Sisters (1930)"
[en] franciss-friends (fe1bce5a-2d0a-4f72-9898-b62b358f3642) via didascalie_img
  PRIMA: "Papa Francesco con Gemma(foto archivio Ombre e Luci)"
  DOPO:  "Pope Francis with Gemma (photo from Ombre e Luci archives)"
[en] reality-as-therapy-the-pedagogy-of-shared-life (fe1d0549-53fe-4a46-bd22-b3a14233753e) via didascalie_img
  PRIMA: "Le recensioni di Ombre e Luci"
  DOPO:  "Ombre e Luci Reviews"
[en] what-a-week (fe262fd6-e373-4047-896e-34451a5edc87) via didascalie_img
  PRIMA: "(foto archivio Ombre e Luci, 1991)"
  DOPO:  "(photo from Ombre e Luci archives, 1991)"
[en] how-does-a-mother-do-it (fe4f22e3-d7ae-4458-b69d-9273b471bfc5) via didascalie_img
  PRIMA: "(foto archivio Ombre e Luci)"
  DOPO:  "(photo from Ombre e Luci archives)"
[en] open-forum-no-99 (fe56fe7f-b273-4ac9-af89-618aa2c25d5e) via didascalie_img
  PRIMA: "Sempre meglio parlarne, no? (foto archivio Ombre e Luci)"
  DOPO:  "Always better to talk about it, right? (photo from Ombre e Luci archives)"
[en] faith-and-light-in-switzerland-a-different-set-of-values (fe637966-9e7b-4975-a83f-5ad761653bf0) via didascalie_img
  PRIMA: "(foto archivio Ombre e Luci, 1990)"
  DOPO:  "(photo from Ombre e Luci archives, 1990)"
[en] the-pleasure-of-touch (fed29c8b-1a47-47c0-99e4-929116bf15a5) via didascalie_img
  PRIMA: "Il Museo tattile Omero di Ancona"
  DOPO:  "The Omero Tactile Museum in Ancona"
[en] prayer-together-in-community (feda60f2-5a8b-434c-a667-9a7e07c225c0) via didascalie_img
  PRIMA: "Una delle illustrazioni deUna delle illustrazioni dell'articolo (archivio Ombre e Luci)"
  DOPO:  "One of the illustrations from the article (Ombre e Luci archive)"
[en] your-name-is-olgaletters-to-my-disabled-daughter (fee688e4-20f5-4e8a-ae74-0e264c757824) via didascalie_img
  PRIMA: "Le recensioni di Ombre e Luci"
  DOPO:  "Shadows and Lights Reviews"
[en] from-our-communities (ff8356ec-60c8-40e6-8d80-18ed62bf58fc) via didascalie_img
  PRIMA: "Le provincie di Fede e Luce"
  DOPO:  "The provinces of Faith and Light"
[en] sisters-and-brothers-of-people-with-disabilities (ff95c3fd-be13-4d30-a821-4ef1d0b43553) via didascalie_img
  PRIMA: "(foto archivio Ombre e Luci, 2013)"
  DOPO:  "(photo from Ombre e Luci archive, 2013)"
[en] a-good-worker (ff9b319e-ce4c-454b-87b9-ae31396b3b82) via didascalie_img
  PRIMA: "Giovanni Grossi a lavoro (foto di Giovanni Grossi)"
  DOPO:  "Giovanni Grossi at work (photo by Giovanni Grossi)"
[en] living-in-color (ffb16eea-34bd-4fe6-b563-1c125ebf9665) via didascalie_img
  PRIMA: "Antonietta Pantone alla Bicoca di Viterbo"
  DOPO:  "Antonietta Pantone at the Bicoca of Viterbo"
[en] the-other-family-stories-and-pathways-of-foster-care-at-sos-villagea-review (ffbfa2a8-ea7c-4ec0-8f64-360de2869e28) via didascalie_img
  PRIMA: "Copertina \"L'altra famiglia\""
  DOPO:  "Cover \"The Other Family\""
[en] group-homes-dream-or-reality (ffd9beb5-34f7-415a-895c-b38abb4d39d1) via didascalie_img
  PRIMA: "(foto archivio Ombre e Luci)"
  DOPO:  "(photo from Ombre e Luci archive)"
[en] transforming-lives-a-journey-of-hope-and-healing-in-the-heart-of-the-congo (ffee08f5-54de-44a2-8df4-93ce0b7c45e7) via didascalie_img
  PRIMA: "Emanuela (in alto a destra) in mezzo alle ragazze di Casa Patrick (Foto Emanuela Posa)"
  DOPO:  "Emanuela (top right) among the girls of Casa Patrick (Photo by Emanuela Posa)"
[en] citta-futurahow-an-ethical-bank-financed-a-towns-rebirth (fffcc828-f35f-48e2-9707-ea8cdc0e11af) via didascalie_img
  PRIMA: "(foto archivio Ombre e Luci)"
  DOPO:  "(photo from Ombre e Luci archives)"